link_id,name,osm_way_id,from_node_id,to_node_id,directed,geometry,dir_flag,length,facility_type,link_type,free_speed,lanes,capacity,allowed_uses,notes
1,西长安街,0,1,2,1,"LINESTRING (116.388928 39.905999, 116.389446 39.906016)",1,44.22,trunk,2,,,,auto,
2,西长安街,1,3,4,1,"LINESTRING (116.392631 39.906113, 116.39308 39.906126)",1,38.33,trunk,2,,,,auto,
3,人大会堂西路,2,5,6,1,"LINESTRING (116.385592 39.901994, 116.385673 39.901972)",1,7.33,tertiary,5,,,,auto,
4,人大会堂西路,2,6,5,1,"LINESTRING (116.385673 39.901972, 116.385592 39.901994)",1,7.33,tertiary,5,,,,auto,
5,人大会堂西路,3,5,7,1,"LINESTRING (116.385592 39.901994, 116.38559 39.902168)",1,19.35,tertiary,5,,,,auto,
6,人大会堂西路,3,7,5,1,"LINESTRING (116.38559 39.902168, 116.385592 39.901994)",1,19.35,tertiary,5,,,,auto,
7,人大会堂西路,4,5,8,1,"LINESTRING (116.385592 39.901994, 116.385463 39.901901)",1,15.10,tertiary,5,,,,auto,
8,人大会堂西路,4,8,5,1,"LINESTRING (116.385463 39.901901, 116.385592 39.901994)",1,15.10,tertiary,5,,,,auto,
9,人大会堂西路,5,9,10,1,"LINESTRING (116.386284 39.901695, 116.386523 39.901568)",1,24.80,tertiary,5,,,,auto,
10,人大会堂西路,5,10,9,1,"LINESTRING (116.386523 39.901568, 116.386284 39.901695)",1,24.80,tertiary,5,,,,auto,
11,人大会堂西路,6,9,11,1,"LINESTRING (116.386284 39.901695, 116.38589 39.901889)",1,39.94,tertiary,5,,,,auto,
12,人大会堂西路,6,11,9,1,"LINESTRING (116.38589 39.901889, 116.386284 39.901695)",1,39.94,tertiary,5,,,,auto,
13,人大会堂西路,7,12,13,1,"LINESTRING (116.386719 39.901488, 116.386888 39.901453)",1,14.93,tertiary,5,,,,auto,
14,人大会堂西路,7,13,12,1,"LINESTRING (116.386888 39.901453, 116.386719 39.901488)",1,14.93,tertiary,5,,,,auto,
15,人大会堂西路,8,12,14,1,"LINESTRING (116.386719 39.901488, 116.386542 39.901558)",1,16.99,tertiary,5,,,,auto,
16,人大会堂西路,8,14,12,1,"LINESTRING (116.386542 39.901558, 116.386719 39.901488)",1,16.99,tertiary,5,,,,auto,
17,人大会堂西路,9,15,16,1,"LINESTRING (116.385395 39.901793, 116.385392 39.901762)",1,3.46,tertiary,5,,,,auto,
18,人大会堂西路,9,16,15,1,"LINESTRING (116.385392 39.901762, 116.385395 39.901793)",1,3.46,tertiary,5,,,,auto,
19,人大会堂西路,10,15,17,1,"LINESTRING (116.385395 39.901793, 116.385401 39.901822)",1,3.27,tertiary,5,,,,auto,
20,人大会堂西路,10,17,15,1,"LINESTRING (116.385401 39.901822, 116.385395 39.901793)",1,3.27,tertiary,5,,,,auto,
21,东绒线胡同,11,18,19,1,"LINESTRING (116.381693 39.902978, 116.381633 39.902976)",1,5.12,residential,6,,,,auto,
22,东绒线胡同,11,19,18,1,"LINESTRING (116.381633 39.902976, 116.381693 39.902978)",1,5.12,residential,6,,,,auto,
23,石碑胡同,12,18,20,1,"LINESTRING (116.381693 39.902978, 116.381767 39.903548)",1,63.69,tertiary,5,,,,auto,
24,石碑胡同,12,20,18,1,"LINESTRING (116.381767 39.903548, 116.381693 39.902978)",1,63.69,tertiary,5,,,,auto,
25,石碑胡同,14,20,21,1,"LINESTRING (116.381767 39.903548, 116.381831 39.903999)",1,50.45,tertiary,5,,,,auto,
26,石碑胡同,14,21,20,1,"LINESTRING (116.381831 39.903999, 116.381767 39.903548)",1,50.45,tertiary,5,,,,auto,
27,石碑胡同,15,20,18,1,"LINESTRING (116.381767 39.903548, 116.381693 39.902978)",1,63.69,tertiary,5,,,,auto,
28,石碑胡同,15,18,20,1,"LINESTRING (116.381693 39.902978, 116.381767 39.903548)",1,63.69,tertiary,5,,,,auto,
29,石碑胡同,16,22,23,1,"LINESTRING (116.38191 39.904578, 116.381927 39.904716)",1,15.41,tertiary,5,,,,auto,
30,石碑胡同,16,23,22,1,"LINESTRING (116.381927 39.904716, 116.38191 39.904578)",1,15.41,tertiary,5,,,,auto,
31,石碑胡同,17,22,24,1,"LINESTRING (116.38191 39.904578, 116.381872 39.90429)",1,32.19,tertiary,5,,,,auto,
32,石碑胡同,17,24,22,1,"LINESTRING (116.381872 39.90429, 116.38191 39.904578)",1,32.19,tertiary,5,,,,auto,
33,南河沿大街,18,25,26,1,"LINESTRING (116.400416 39.906864, 116.40043 39.907258)",1,43.83,secondary,4,,,,auto,
34,南河沿大街,18,26,25,1,"LINESTRING (116.40043 39.907258, 116.400416 39.906864)",1,43.83,secondary,4,,,,auto,
35,南河沿大街,19,25,27,1,"LINESTRING (116.400416 39.906864, 116.400414 39.906809)",1,6.12,secondary,4,,,,auto,
36,南河沿大街,19,27,25,1,"LINESTRING (116.400414 39.906809, 116.400416 39.906864)",1,6.12,secondary,4,,,,auto,
37,,20,28,29,1,"LINESTRING (116.400542 39.911615, 116.40104 39.91163)",1,42.51,residential,6,,,,auto,
38,,20,29,28,1,"LINESTRING (116.40104 39.91163, 116.400542 39.911615)",1,42.51,residential,6,,,,auto,
39,南河沿大街,21,28,30,1,"LINESTRING (116.400542 39.911615, 116.400523 39.911999)",1,42.73,secondary,4,,,,auto,
40,南河沿大街,21,30,28,1,"LINESTRING (116.400523 39.911999, 116.400542 39.911615)",1,42.73,secondary,4,,,,auto,
41,南河沿大街,22,28,31,1,"LINESTRING (116.400542 39.911615, 116.400577 39.910729)",1,98.56,secondary,4,,,,auto,
42,南河沿大街,22,31,28,1,"LINESTRING (116.400577 39.910729, 116.400542 39.911615)",1,98.56,secondary,4,,,,auto,
43,东华门大街,26,32,33,1,"LINESTRING (116.395476 39.913733, 116.395576 39.913738)",1,8.55,unclassified,20,,,,auto,
44,东华门大街,26,33,32,1,"LINESTRING (116.395576 39.913738, 116.395476 39.913733)",1,8.55,unclassified,20,,,,auto,
45,北池子大街,27,34,35,1,"LINESTRING (116.396732 39.91377, 116.396641 39.915726)",1,217.64,tertiary,5,,1,,auto,
46,北池子大街,27,35,34,1,"LINESTRING (116.396641 39.915726, 116.396732 39.91377)",1,217.64,tertiary,5,,1,,auto,
47,南池子大街,28,34,36,1,"LINESTRING (116.396732 39.91377, 116.396763 39.91317)",1,66.77,tertiary,5,,1,,auto,
48,南池子大街,28,36,34,1,"LINESTRING (116.396763 39.91317, 116.396732 39.91377)",1,66.77,tertiary,5,,1,,auto,
49,东华门大街,29,34,37,1,"LINESTRING (116.396732 39.91377, 116.397381 39.913798)",1,55.44,secondary,4,,,,auto,
50,东华门大街,29,37,34,1,"LINESTRING (116.397381 39.913798, 116.396732 39.91377)",1,55.44,secondary,4,,,,auto,
51,东华门大街,30,34,38,1,"LINESTRING (116.396732 39.91377, 116.396612 39.913766)",1,10.24,unclassified,20,,,,auto,
52,东华门大街,30,38,34,1,"LINESTRING (116.396612 39.913766, 116.396732 39.91377)",1,10.24,unclassified,20,,,,auto,
53,,35,39,40,1,"LINESTRING (116.400437 39.903112, 116.400818 39.903137)",1,32.62,unclassified,20,,,,auto,
54,,35,40,39,1,"LINESTRING (116.400818 39.903137, 116.400437 39.903112)",1,32.62,unclassified,20,,,,auto,
55,西华门大街,48,41,42,1,"LINESTRING (116.386329 39.913412, 116.385682 39.913388)",1,55.25,unclassified,20,,,,auto,
56,西华门大街,48,42,41,1,"LINESTRING (116.385682 39.913388, 116.386329 39.913412)",1,55.25,unclassified,20,,,,auto,
57,北长街,49,43,44,1,"LINESTRING (116.38518 39.913367, 116.385137 39.914367)",1,111.26,tertiary,5,,,,auto,
58,北长街,49,44,43,1,"LINESTRING (116.385137 39.914367, 116.38518 39.913367)",1,111.26,tertiary,5,,,,auto,
59,南长街,50,43,45,1,"LINESTRING (116.38518 39.913367, 116.38519 39.913044)",1,35.93,tertiary,5,,,,auto,
60,南长街,50,45,43,1,"LINESTRING (116.38519 39.913044, 116.38518 39.913367)",1,35.93,tertiary,5,,,,auto,
61,西华门大街,51,43,46,1,"LINESTRING (116.38518 39.913367, 116.384147 39.913351)",1,88.12,unclassified,20,,,,auto,
62,西华门大街,51,46,43,1,"LINESTRING (116.384147 39.913351, 116.38518 39.913367)",1,88.12,unclassified,20,,,,auto,
63,西华门大街,52,43,42,1,"LINESTRING (116.38518 39.913367, 116.385682 39.913388)",1,42.88,unclassified,20,,,,auto,
64,西华门大街,52,42,43,1,"LINESTRING (116.385682 39.913388, 116.38518 39.913367)",1,42.88,unclassified,20,,,,auto,
65,,55,29,28,1,"LINESTRING (116.40104 39.91163, 116.400542 39.911615)",1,42.51,residential,6,,,,auto,
66,,55,28,29,1,"LINESTRING (116.400542 39.911615, 116.40104 39.91163)",1,42.51,residential,6,,,,auto,
67,晨光街,56,29,47,1,"LINESTRING (116.40104 39.91163, 116.400986 39.912608)",1,108.85,unclassified,20,,,,auto,
68,晨光街,57,48,49,1,"LINESTRING (116.401054 39.910673, 116.401057 39.91058)",1,10.34,residential,6,,,,auto,
69,晨光街,57,49,48,1,"LINESTRING (116.401057 39.91058, 116.401054 39.910673)",1,10.34,residential,6,,,,auto,
70,晨光街,58,48,50,1,"LINESTRING (116.401054 39.910673, 116.401051 39.910772)",1,11.01,unclassified,20,,,,auto,
71,大甜水井胡同,59,48,51,1,"LINESTRING (116.401054 39.910673, 116.401128 39.910669)",1,6.33,residential,6,,,,auto,
72,大甜水井胡同,59,51,48,1,"LINESTRING (116.401128 39.910669, 116.401054 39.910673)",1,6.33,residential,6,,,,auto,
73,东皇城门南街,60,52,53,1,"LINESTRING (116.400572 39.910653, 116.400708 39.910656)",1,11.60,unclassified,20,,,,auto,
74,南河沿大街,61,52,31,1,"LINESTRING (116.400572 39.910653, 116.400577 39.910729)",1,8.46,secondary,4,,,,auto,
75,南河沿大街,61,31,52,1,"LINESTRING (116.400577 39.910729, 116.400572 39.910653)",1,8.46,secondary,4,,,,auto,
76,南河沿大街,62,52,54,1,"LINESTRING (116.400572 39.910653, 116.400572 39.910592)",1,6.78,secondary,4,,,,auto,
77,南河沿大街,62,54,52,1,"LINESTRING (116.400572 39.910592, 116.400572 39.910653)",1,6.78,secondary,4,,,,auto,
78,东交民巷,63,55,56,1,"LINESTRING (116.397398 39.900652, 116.394645 39.900609)",1,234.89,unclassified,20,,,,auto,
79,东交民巷,63,56,55,1,"LINESTRING (116.394645 39.900609, 116.397398 39.900652)",1,234.89,unclassified,20,,,,auto,
80,东长安街,89,57,58,1,"LINESTRING (116.38984 39.906273, 116.38943 39.90626)",1,35.00,trunk,2,70,5,,auto,
81,东长安街,126,59,60,1,"LINESTRING (116.397381 39.90653, 116.397096 39.906522)",1,24.33,trunk,2,,5,,auto,
82,东长安街,127,61,62,1,"LINESTRING (116.399981 39.906433, 116.400026 39.906434)",1,3.84,trunk,2,,,,auto,
83,西长安街,128,63,64,1,"LINESTRING (116.385872 39.90615, 116.385634 39.906142)",1,20.32,trunk,2,,,,auto,
84,东长安街,129,65,66,1,"LINESTRING (116.393616 39.906396, 116.39307 39.906373)",1,46.64,trunk,2,,5,,auto,
85,石碑胡同,130,67,68,1,"LINESTRING (116.382001 39.905811, 116.381995 39.905629)",1,20.24,tertiary,5,,,,auto,
86,石碑胡同,130,68,67,1,"LINESTRING (116.381995 39.905629, 116.382001 39.905811)",1,20.24,tertiary,5,,,,auto,
87,西长安街,131,67,69,1,"LINESTRING (116.382001 39.905811, 116.382995 39.905835)",1,84.83,trunk,2,,,,auto,
88,红井胡同,133,70,71,1,"LINESTRING (116.385402 39.901448, 116.385276 39.901444)",1,10.76,tertiary,5,,,,auto,
89,红井胡同,133,71,70,1,"LINESTRING (116.385276 39.901444, 116.385402 39.901448)",1,10.76,tertiary,5,,,,auto,
90,人大会堂西路,134,70,72,1,"LINESTRING (116.385402 39.901448, 116.385413 39.901215)",1,25.93,tertiary,5,,,,auto,
91,人大会堂西路,134,72,70,1,"LINESTRING (116.385413 39.901215, 116.385402 39.901448)",1,25.93,tertiary,5,,,,auto,
92,人大会堂西路,135,70,73,1,"LINESTRING (116.385402 39.901448, 116.385392 39.901731)",1,31.48,tertiary,5,,,,auto,
93,人大会堂西路,135,73,70,1,"LINESTRING (116.385392 39.901731, 116.385402 39.901448)",1,31.48,tertiary,5,,,,auto,
94,石碑胡同,140,74,68,1,"LINESTRING (116.38197 39.905122, 116.381995 39.905629)",1,56.42,tertiary,5,,,,auto,
95,石碑胡同,140,68,74,1,"LINESTRING (116.381995 39.905629, 116.38197 39.905122)",1,56.42,tertiary,5,,,,auto,
96,石碑胡同,141,74,75,1,"LINESTRING (116.38197 39.905122, 116.381967 39.905087)",1,3.90,tertiary,5,,,,auto,
97,石碑胡同,141,75,74,1,"LINESTRING (116.381967 39.905087, 116.38197 39.905122)",1,3.90,tertiary,5,,,,auto,
98,西交民巷,142,76,77,1,"LINESTRING (116.385443 39.900399, 116.38554 39.900399)",1,8.27,tertiary,5,,,,auto,
99,人大会堂西路,143,76,78,1,"LINESTRING (116.385443 39.900399, 116.385453 39.900329)",1,7.83,tertiary,5,,,,auto,
100,人大会堂西路,143,78,76,1,"LINESTRING (116.385453 39.900329, 116.385443 39.900399)",1,7.83,tertiary,5,,,,auto,
101,人大会堂西路,144,76,79,1,"LINESTRING (116.385443 39.900399, 116.385422 39.900935)",1,59.63,tertiary,5,,,,auto,
102,人大会堂西路,144,79,76,1,"LINESTRING (116.385422 39.900935, 116.385443 39.900399)",1,59.63,tertiary,5,,,,auto,
103,广场西侧路,145,80,81,1,"LINESTRING (116.3897 39.900526, 116.3898 39.898991)",1,170.90,secondary,4,,,,auto,
104,骑河楼南巷,343,37,82,1,"LINESTRING (116.397381 39.913798, 116.397351 39.914282)",1,53.88,residential,6,,,,auto,
105,骑河楼南巷,343,82,37,1,"LINESTRING (116.397351 39.914282, 116.397381 39.913798)",1,53.88,residential,6,,,,auto,
106,东华门大街,344,37,34,1,"LINESTRING (116.397381 39.913798, 116.396732 39.91377)",1,55.44,secondary,4,,,,auto,
107,东华门大街,344,34,37,1,"LINESTRING (116.396732 39.91377, 116.397381 39.913798)",1,55.44,secondary,4,,,,auto,
108,东华门大街,345,37,83,1,"LINESTRING (116.397381 39.913798, 116.39836 39.913814)",1,83.52,secondary,4,,,,auto,
109,东华门大街,345,83,37,1,"LINESTRING (116.39836 39.913814, 116.397381 39.913798)",1,83.52,secondary,4,,,,auto,
110,骑河楼南巷,346,84,85,1,"LINESTRING (116.397994 39.914525, 116.397696 39.91452)",1,25.42,residential,6,,,,auto,
111,骑河楼南巷,346,85,84,1,"LINESTRING (116.397696 39.91452, 116.397994 39.914525)",1,25.42,residential,6,,,,auto,
112,骑河楼南巷,347,85,86,1,"LINESTRING (116.397696 39.91452, 116.397704 39.914409)",1,12.36,residential,6,,,,auto,
113,骑河楼南巷,347,86,85,1,"LINESTRING (116.397704 39.914409, 116.397696 39.91452)",1,12.36,residential,6,,,,auto,
114,骑河楼南巷,348,85,84,1,"LINESTRING (116.397696 39.91452, 116.397994 39.914525)",1,25.42,residential,6,,,,auto,
115,骑河楼南巷,348,84,85,1,"LINESTRING (116.397994 39.914525, 116.397696 39.91452)",1,25.42,residential,6,,,,auto,
116,骑河楼南巷,349,86,87,1,"LINESTRING (116.397704 39.914409, 116.39731 39.914408)",1,33.60,residential,6,,,,auto,
117,骑河楼南巷,349,87,86,1,"LINESTRING (116.39731 39.914408, 116.397704 39.914409)",1,33.60,residential,6,,,,auto,
118,骑河楼南巷,350,86,85,1,"LINESTRING (116.397704 39.914409, 116.397696 39.91452)",1,12.36,residential,6,,,,auto,
119,骑河楼南巷,350,85,86,1,"LINESTRING (116.397696 39.91452, 116.397704 39.914409)",1,12.36,residential,6,,,,auto,
120,骑河楼南巷,351,87,88,1,"LINESTRING (116.39731 39.914408, 116.397332 39.914301)",1,12.04,residential,6,,,,auto,
121,骑河楼南巷,351,88,87,1,"LINESTRING (116.397332 39.914301, 116.39731 39.914408)",1,12.04,residential,6,,,,auto,
122,骑河楼南巷,352,87,86,1,"LINESTRING (116.39731 39.914408, 116.397704 39.914409)",1,33.60,residential,6,,,,auto,
123,骑河楼南巷,352,86,87,1,"LINESTRING (116.397704 39.914409, 116.39731 39.914408)",1,33.60,residential,6,,,,auto,
124,南河沿大街,356,89,90,1,"LINESTRING (116.400507 39.908388, 116.400515 39.908523)",1,15.03,secondary,4,,,,auto,
125,南河沿大街,356,90,89,1,"LINESTRING (116.400515 39.908523, 116.400507 39.908388)",1,15.03,secondary,4,,,,auto,
126,南河沿大街,357,89,91,1,"LINESTRING (116.400507 39.908388, 116.400504 39.908211)",1,19.68,secondary,4,,,,auto,
127,南河沿大街,357,91,89,1,"LINESTRING (116.400504 39.908211, 116.400507 39.908388)",1,19.68,secondary,4,,,,auto,
128,霞公府街,358,92,93,1,"LINESTRING (116.401719 39.907901, 116.402664 39.907916)",1,80.62,residential,6,,,,auto,
129,霞公府街,358,93,92,1,"LINESTRING (116.402664 39.907916, 116.401719 39.907901)",1,80.62,residential,6,,,,auto,
130,霞公府街,359,92,94,1,"LINESTRING (116.401719 39.907901, 116.401656 39.907907)",1,5.41,residential,6,,,,auto,
131,霞公府街,359,94,92,1,"LINESTRING (116.401656 39.907907, 116.401719 39.907901)",1,5.41,residential,6,,,,auto,
132,晨光街,360,95,96,1,"LINESTRING (116.401136 39.908219, 116.401122 39.908297)",1,8.76,residential,6,,,,auto,
133,晨光街,360,96,95,1,"LINESTRING (116.401122 39.908297, 116.401136 39.908219)",1,8.76,residential,6,,,,auto,
134,霞公府街,361,95,97,1,"LINESTRING (116.401136 39.908219, 116.401524 39.907944)",1,45.06,residential,6,,,,auto,
135,霞公府街,361,97,95,1,"LINESTRING (116.401524 39.907944, 116.401136 39.908219)",1,45.06,residential,6,,,,auto,
136,霞公府街,362,95,91,1,"LINESTRING (116.401136 39.908219, 116.400504 39.908211)",1,53.91,residential,6,,,,auto,
137,霞公府街,362,91,95,1,"LINESTRING (116.400504 39.908211, 116.401136 39.908219)",1,53.91,residential,6,,,,auto,
138,霞公府街,363,91,95,1,"LINESTRING (116.400504 39.908211, 116.401136 39.908219)",1,53.91,residential,6,,,,auto,
139,霞公府街,363,95,91,1,"LINESTRING (116.401136 39.908219, 116.400504 39.908211)",1,53.91,residential,6,,,,auto,
140,南河沿大街,364,91,89,1,"LINESTRING (116.400504 39.908211, 116.400507 39.908388)",1,19.68,secondary,4,,,,auto,
141,南河沿大街,364,89,91,1,"LINESTRING (116.400507 39.908388, 116.400504 39.908211)",1,19.68,secondary,4,,,,auto,
142,南河沿大街,365,91,98,1,"LINESTRING (116.400504 39.908211, 116.400449 39.907491)",1,80.20,secondary,4,,,,auto,
143,南河沿大街,365,98,91,1,"LINESTRING (116.400449 39.907491, 116.400504 39.908211)",1,80.20,secondary,4,,,,auto,
144,人大会堂西路,366,99,100,1,"LINESTRING (116.387979 39.901452, 116.388201 39.901459)",1,18.95,tertiary,5,,,,auto,
145,人大会堂西路,366,100,99,1,"LINESTRING (116.388201 39.901459, 116.387979 39.901452)",1,18.95,tertiary,5,,,,auto,
146,人大会堂西路,367,99,101,1,"LINESTRING (116.387979 39.901452, 116.387796 39.901448)",1,15.62,tertiary,5,,,,auto,
147,人大会堂西路,367,101,99,1,"LINESTRING (116.387796 39.901448, 116.387979 39.901452)",1,15.62,tertiary,5,,,,auto,
148,,368,99,102,1,"LINESTRING (116.387979 39.901452, 116.387991 39.901328)",1,13.83,residential,6,,,,auto,
149,,368,102,99,1,"LINESTRING (116.387991 39.901328, 116.387979 39.901452)",1,13.83,residential,6,,,,auto,
150,西交民巷,369,103,104,1,"LINESTRING (116.38804 39.900477, 116.388681 39.900484)",1,54.69,tertiary,5,,,,auto,
151,,370,103,102,1,"LINESTRING (116.38804 39.900477, 116.387991 39.901328)",1,94.72,residential,6,,,,auto,
152,,370,102,103,1,"LINESTRING (116.387991 39.901328, 116.38804 39.900477)",1,94.72,residential,6,,,,auto,
153,广场东侧路,371,105,106,1,"LINESTRING (116.393316 39.901552, 116.393304 39.901833)",1,31.26,secondary,4,70,4,,auto,
154,新大路,372,105,107,1,"LINESTRING (116.393316 39.901552, 116.393578 39.901558)",1,22.36,residential,6,,,,auto,
155,新大路,372,107,105,1,"LINESTRING (116.393578 39.901558, 116.393316 39.901552)",1,22.36,residential,6,,,,auto,
156,新大路,373,108,56,1,"LINESTRING (116.394625 39.901579, 116.394645 39.900609)",1,107.87,residential,6,,,,auto,
157,新大路,373,56,108,1,"LINESTRING (116.394645 39.900609, 116.394625 39.901579)",1,107.87,residential,6,,,,auto,
158,新大路,374,108,109,1,"LINESTRING (116.394625 39.901579, 116.393763 39.901562)",1,73.56,residential,6,,,,auto,
159,新大路,374,109,108,1,"LINESTRING (116.393763 39.901562, 116.394625 39.901579)",1,73.56,residential,6,,,,auto,
160,东交民巷,375,56,55,1,"LINESTRING (116.394645 39.900609, 116.397398 39.900652)",1,234.89,unclassified,20,,,,auto,
161,东交民巷,375,55,56,1,"LINESTRING (116.397398 39.900652, 116.394645 39.900609)",1,234.89,unclassified,20,,,,auto,
162,新大路,377,56,108,1,"LINESTRING (116.394645 39.900609, 116.394625 39.901579)",1,107.87,residential,6,,,,auto,
163,新大路,377,108,56,1,"LINESTRING (116.394625 39.901579, 116.394645 39.900609)",1,107.87,residential,6,,,,auto,
164,,405,30,110,1,"LINESTRING (116.400523 39.911999, 116.399719 39.911981)",1,68.60,residential,6,,,,auto,
165,,405,110,30,1,"LINESTRING (116.399719 39.911981, 116.400523 39.911999)",1,68.60,residential,6,,,,auto,
166,南河沿大街,406,30,111,1,"LINESTRING (116.400523 39.911999, 116.40049 39.912512)",1,57.11,secondary,4,,,,auto,
167,南河沿大街,406,111,30,1,"LINESTRING (116.40049 39.912512, 116.400523 39.911999)",1,57.11,secondary,4,,,,auto,
168,南河沿大街,407,30,28,1,"LINESTRING (116.400523 39.911999, 116.400542 39.911615)",1,42.73,secondary,4,,,,auto,
169,南河沿大街,407,28,30,1,"LINESTRING (116.400542 39.911615, 116.400523 39.911999)",1,42.73,secondary,4,,,,auto,
170,,411,112,113,1,"LINESTRING (116.399068 39.913468, 116.399007 39.913368)",1,12.28,residential,6,,,,auto,
171,,411,113,112,1,"LINESTRING (116.399007 39.913368, 116.399068 39.913468)",1,12.28,residential,6,,,,auto,
172,,412,112,114,1,"LINESTRING (116.399068 39.913468, 116.399068 39.913838)",1,41.14,residential,6,,,,auto,
173,,412,114,112,1,"LINESTRING (116.399068 39.913838, 116.399068 39.913468)",1,41.14,residential,6,,,,auto,
174,,413,115,116,1,"LINESTRING (116.398842 39.913836, 116.398794 39.91445)",1,68.40,residential,6,,,,auto,
175,,413,116,115,1,"LINESTRING (116.398794 39.91445, 116.398842 39.913836)",1,68.40,residential,6,,,,auto,
176,东华门大街,414,115,83,1,"LINESTRING (116.398842 39.913836, 116.39836 39.913814)",1,41.18,secondary,4,,,,auto,
177,东华门大街,414,83,115,1,"LINESTRING (116.39836 39.913814, 116.398842 39.913836)",1,41.18,secondary,4,,,,auto,
178,东华门大街,415,115,114,1,"LINESTRING (116.398842 39.913836, 116.399068 39.913838)",1,19.28,secondary,4,,,,auto,
179,东华门大街,415,114,115,1,"LINESTRING (116.399068 39.913838, 116.398842 39.913836)",1,19.28,secondary,4,,,,auto,
180,,419,117,118,1,"LINESTRING (116.399432 39.910767, 116.399425 39.911201)",1,48.26,residential,6,,,,auto,
181,,419,118,117,1,"LINESTRING (116.399425 39.911201, 116.399432 39.910767)",1,48.26,residential,6,,,,auto,
182,,420,117,119,1,"LINESTRING (116.399432 39.910767, 116.398998 39.910768)",1,37.02,residential,6,,,,auto,
183,,420,119,117,1,"LINESTRING (116.398998 39.910768, 116.399432 39.910767)",1,37.02,residential,6,,,,auto,
184,,423,110,120,1,"LINESTRING (116.399719 39.911981, 116.399372 39.911973)",1,29.61,residential,6,,,,auto,
185,,423,120,110,1,"LINESTRING (116.399372 39.911973, 116.399719 39.911981)",1,29.61,residential,6,,,,auto,
186,,424,110,30,1,"LINESTRING (116.399719 39.911981, 116.400523 39.911999)",1,68.60,residential,6,,,,auto,
187,,424,30,110,1,"LINESTRING (116.400523 39.911999, 116.399719 39.911981)",1,68.60,residential,6,,,,auto,
188,南池子大街,435,121,122,1,"LINESTRING (116.396907 39.910253, 116.396887 39.910643)",1,43.40,tertiary,5,,1,,auto,
189,南池子大街,435,122,121,1,"LINESTRING (116.396887 39.910643, 116.396907 39.910253)",1,43.40,tertiary,5,,1,,auto,
190,南池子大街,436,121,123,1,"LINESTRING (116.396907 39.910253, 116.396944 39.909492)",1,84.68,tertiary,5,,1,,auto,
191,南池子大街,436,123,121,1,"LINESTRING (116.396944 39.909492, 116.396907 39.910253)",1,84.68,tertiary,5,,1,,auto,
192,南池子大街,438,124,123,1,"LINESTRING (116.396958 39.909212, 116.396944 39.909492)",1,31.16,tertiary,5,,1,,auto,
193,南池子大街,438,123,124,1,"LINESTRING (116.396944 39.909492, 116.396958 39.909212)",1,31.16,tertiary,5,,1,,auto,
194,南池子大街,439,124,125,1,"LINESTRING (116.396958 39.909212, 116.397014 39.90807)",1,127.07,tertiary,5,,1,,auto,
195,南池子大街,439,125,124,1,"LINESTRING (116.397014 39.90807, 116.396958 39.909212)",1,127.07,tertiary,5,,1,,auto,
196,普渡寺前巷,445,126,127,1,"LINESTRING (116.398989 39.911474, 116.398625 39.91145)",1,31.16,residential,6,,,,auto,
197,普渡寺前巷,445,127,126,1,"LINESTRING (116.398625 39.91145, 116.398989 39.911474)",1,31.16,residential,6,,,,auto,
198,,446,126,128,1,"LINESTRING (116.398989 39.911474, 116.398994 39.911202)",1,30.25,residential,6,,,,auto,
199,,446,128,126,1,"LINESTRING (116.398994 39.911202, 116.398989 39.911474)",1,30.25,residential,6,,,,auto,
200,,447,126,129,1,"LINESTRING (116.398989 39.911474, 116.39901 39.91155)",1,8.64,residential,6,,,,auto,
201,,447,129,126,1,"LINESTRING (116.39901 39.91155, 116.398989 39.911474)",1,8.64,residential,6,,,,auto,
202,普渡寺前巷,453,130,131,1,"LINESTRING (116.396825 39.911373, 116.397226 39.911388)",1,34.24,residential,6,,,,auto,
203,普渡寺前巷,453,131,130,1,"LINESTRING (116.397226 39.911388, 116.396825 39.911373)",1,34.24,residential,6,,,,auto,
204,南池子大街,454,130,132,1,"LINESTRING (116.396825 39.911373, 116.396792 39.912137)",1,85.00,tertiary,5,,1,,auto,
205,南池子大街,454,132,130,1,"LINESTRING (116.396792 39.912137, 116.396825 39.911373)",1,85.00,tertiary,5,,1,,auto,
206,南池子大街,455,130,122,1,"LINESTRING (116.396825 39.911373, 116.396887 39.910643)",1,81.34,tertiary,5,,1,,auto,
207,南池子大街,455,122,130,1,"LINESTRING (116.396887 39.910643, 116.396825 39.911373)",1,81.34,tertiary,5,,1,,auto,
208,大宴乐胡同,456,133,134,1,"LINESTRING (116.384652 39.906967, 116.385491 39.906984)",1,71.59,residential,6,,,,auto,
209,大宴乐胡同,456,134,133,1,"LINESTRING (116.385491 39.906984, 116.384652 39.906967)",1,71.59,residential,6,,,,auto,
210,大宴乐胡同,457,133,135,1,"LINESTRING (116.384652 39.906967, 116.384608 39.90786)",1,99.37,residential,6,,,,auto,
211,大宴乐胡同,457,135,133,1,"LINESTRING (116.384608 39.90786, 116.384652 39.906967)",1,99.37,residential,6,,,,auto,
212,,458,119,136,1,"LINESTRING (116.398998 39.910768, 116.398488 39.91076)",1,43.51,residential,6,,,,auto,
213,,458,136,119,1,"LINESTRING (116.398488 39.91076, 116.398998 39.910768)",1,43.51,residential,6,,,,auto,
214,,459,119,128,1,"LINESTRING (116.398998 39.910768, 116.398994 39.911202)",1,48.26,residential,6,,,,auto,
215,,459,128,119,1,"LINESTRING (116.398994 39.911202, 116.398998 39.910768)",1,48.26,residential,6,,,,auto,
216,,460,119,117,1,"LINESTRING (116.398998 39.910768, 116.399432 39.910767)",1,37.02,residential,6,,,,auto,
217,,460,117,119,1,"LINESTRING (116.399432 39.910767, 116.398998 39.910768)",1,37.02,residential,6,,,,auto,
218,北池子大街,461,35,34,1,"LINESTRING (116.396641 39.915726, 116.396732 39.91377)",1,217.64,tertiary,5,,1,,auto,
219,北池子大街,461,34,35,1,"LINESTRING (116.396732 39.91377, 116.396641 39.915726)",1,217.64,tertiary,5,,1,,auto,
220,,466,120,137,1,"LINESTRING (116.399372 39.911973, 116.399199 39.91197)",1,14.76,residential,6,,,,auto,
221,,466,137,120,1,"LINESTRING (116.399199 39.91197, 116.399372 39.911973)",1,14.76,residential,6,,,,auto,
222,,467,120,110,1,"LINESTRING (116.399372 39.911973, 116.399719 39.911981)",1,29.61,residential,6,,,,auto,
223,,467,110,120,1,"LINESTRING (116.399719 39.911981, 116.399372 39.911973)",1,29.61,residential,6,,,,auto,
224,,468,120,118,1,"LINESTRING (116.399372 39.911973, 116.399425 39.911201)",1,85.96,residential,6,,,,auto,
225,,468,118,120,1,"LINESTRING (116.399425 39.911201, 116.399372 39.911973)",1,85.96,residential,6,,,,auto,
226,南池子大街,470,36,34,1,"LINESTRING (116.396763 39.91317, 116.396732 39.91377)",1,66.77,tertiary,5,,1,,auto,
227,南池子大街,470,34,36,1,"LINESTRING (116.396732 39.91377, 116.396763 39.91317)",1,66.77,tertiary,5,,1,,auto,
228,南池子大街,471,36,132,1,"LINESTRING (116.396763 39.91317, 116.396792 39.912137)",1,114.89,tertiary,5,,1,,auto,
229,南池子大街,471,132,36,1,"LINESTRING (116.396792 39.912137, 116.396763 39.91317)",1,114.89,tertiary,5,,1,,auto,
230,,473,137,138,1,"LINESTRING (116.399199 39.91197, 116.399091 39.911965)",1,9.23,residential,6,,,,auto,
231,,473,138,137,1,"LINESTRING (116.399091 39.911965, 116.399199 39.91197)",1,9.23,residential,6,,,,auto,
232,,474,137,120,1,"LINESTRING (116.399199 39.91197, 116.399372 39.911973)",1,14.76,residential,6,,,,auto,
233,,474,120,137,1,"LINESTRING (116.399372 39.911973, 116.399199 39.91197)",1,14.76,residential,6,,,,auto,
234,南长街,478,139,140,1,"LINESTRING (116.385485 39.909256, 116.385577 39.908098)",1,129.00,tertiary,5,,,,auto,
235,南长街,478,140,139,1,"LINESTRING (116.385577 39.908098, 116.385485 39.909256)",1,129.00,tertiary,5,,,,auto,
236,南长街,479,139,141,1,"LINESTRING (116.385485 39.909256, 116.385447 39.909798)",1,60.35,tertiary,5,,,,auto,
237,南长街,479,141,139,1,"LINESTRING (116.385447 39.909798, 116.385485 39.909256)",1,60.35,tertiary,5,,,,auto,
238,,482,114,112,1,"LINESTRING (116.399068 39.913838, 116.399068 39.913468)",1,41.14,residential,6,,,,auto,
239,,482,112,114,1,"LINESTRING (116.399068 39.913468, 116.399068 39.913838)",1,41.14,residential,6,,,,auto,
240,东华门大街,483,114,115,1,"LINESTRING (116.399068 39.913838, 116.398842 39.913836)",1,19.28,secondary,4,,,,auto,
241,东华门大街,483,115,114,1,"LINESTRING (116.398842 39.913836, 116.399068 39.913838)",1,19.28,secondary,4,,,,auto,
242,,484,142,136,1,"LINESTRING (116.398504 39.910347, 116.398488 39.91076)",1,45.94,residential,6,,,,auto,
243,,484,136,142,1,"LINESTRING (116.398488 39.91076, 116.398504 39.910347)",1,45.94,residential,6,,,,auto,
244,,489,143,136,1,"LINESTRING (116.398482 39.910846, 116.398488 39.91076)",1,9.58,residential,6,,,,auto,
245,,489,136,143,1,"LINESTRING (116.398488 39.91076, 116.398482 39.910846)",1,9.58,residential,6,,,,auto,
246,,490,143,144,1,"LINESTRING (116.398482 39.910846, 116.398476 39.911444)",1,66.50,residential,6,,,,auto,
247,,490,144,143,1,"LINESTRING (116.398476 39.911444, 116.398482 39.910846)",1,66.50,residential,6,,,,auto,
248,南池子大街,495,123,121,1,"LINESTRING (116.396944 39.909492, 116.396907 39.910253)",1,84.68,tertiary,5,,1,,auto,
249,南池子大街,495,121,123,1,"LINESTRING (116.396907 39.910253, 116.396944 39.909492)",1,84.68,tertiary,5,,1,,auto,
250,南池子大街,496,123,124,1,"LINESTRING (116.396944 39.909492, 116.396958 39.909212)",1,31.16,tertiary,5,,1,,auto,
251,南池子大街,496,124,123,1,"LINESTRING (116.396958 39.909212, 116.396944 39.909492)",1,31.16,tertiary,5,,1,,auto,
252,大宴乐胡同,497,145,134,1,"LINESTRING (116.385618 39.906987, 116.385491 39.906984)",1,10.84,residential,6,,,,auto,
253,大宴乐胡同,497,134,145,1,"LINESTRING (116.385491 39.906984, 116.385618 39.906987)",1,10.84,residential,6,,,,auto,
254,南长街,498,145,146,1,"LINESTRING (116.385618 39.906987, 116.385649 39.906805)",1,20.41,tertiary,5,,,,auto,
255,南长街,498,146,145,1,"LINESTRING (116.385649 39.906805, 116.385618 39.906987)",1,20.41,tertiary,5,,,,auto,
256,南长街,499,145,147,1,"LINESTRING (116.385618 39.906987, 116.385606 39.90731)",1,35.93,tertiary,5,,,,auto,
257,南长街,499,147,145,1,"LINESTRING (116.385606 39.90731, 116.385618 39.906987)",1,35.93,tertiary,5,,,,auto,
258,普渡寺前巷,500,144,148,1,"LINESTRING (116.398476 39.911444, 116.398317 39.911437)",1,13.58,residential,6,,,,auto,
259,普渡寺前巷,500,148,144,1,"LINESTRING (116.398317 39.911437, 116.398476 39.911444)",1,13.58,residential,6,,,,auto,
260,普渡寺前巷,501,144,127,1,"LINESTRING (116.398476 39.911444, 116.398625 39.91145)",1,12.73,residential,6,,,,auto,
261,普渡寺前巷,501,127,144,1,"LINESTRING (116.398625 39.91145, 116.398476 39.911444)",1,12.73,residential,6,,,,auto,
262,,502,144,143,1,"LINESTRING (116.398476 39.911444, 116.398482 39.910846)",1,66.50,residential,6,,,,auto,
263,,502,143,144,1,"LINESTRING (116.398482 39.910846, 116.398476 39.911444)",1,66.50,residential,6,,,,auto,
264,南长街,514,146,149,1,"LINESTRING (116.385649 39.906805, 116.385675 39.90656)",1,27.33,tertiary,5,,,,auto,
265,南长街,514,149,146,1,"LINESTRING (116.385675 39.90656, 116.385649 39.906805)",1,27.33,tertiary,5,,,,auto,
266,南长街,515,146,145,1,"LINESTRING (116.385649 39.906805, 116.385618 39.906987)",1,20.41,tertiary,5,,,,auto,
267,南长街,515,145,146,1,"LINESTRING (116.385618 39.906987, 116.385649 39.906805)",1,20.41,tertiary,5,,,,auto,
268,普渡寺前巷,516,150,131,1,"LINESTRING (116.397947 39.91142, 116.397226 39.911388)",1,61.60,residential,6,,,,auto,
269,普渡寺前巷,516,131,150,1,"LINESTRING (116.397226 39.911388, 116.397947 39.91142)",1,61.60,residential,6,,,,auto,
270,普渡寺前巷,517,150,148,1,"LINESTRING (116.397947 39.91142, 116.398317 39.911437)",1,31.61,residential,6,,,,auto,
271,普渡寺前巷,517,148,150,1,"LINESTRING (116.398317 39.911437, 116.397947 39.91142)",1,31.61,residential,6,,,,auto,
272,普渡寺前巷,520,131,130,1,"LINESTRING (116.397226 39.911388, 116.396825 39.911373)",1,34.24,residential,6,,,,auto,
273,普渡寺前巷,520,130,131,1,"LINESTRING (116.396825 39.911373, 116.397226 39.911388)",1,34.24,residential,6,,,,auto,
274,普渡寺前巷,521,131,150,1,"LINESTRING (116.397226 39.911388, 116.397947 39.91142)",1,61.60,residential,6,,,,auto,
275,普渡寺前巷,521,150,131,1,"LINESTRING (116.397947 39.91142, 116.397226 39.911388)",1,61.60,residential,6,,,,auto,
276,,522,131,151,1,"LINESTRING (116.397226 39.911388, 116.397271 39.91083)",1,62.17,residential,6,,,,auto,
277,,522,151,131,1,"LINESTRING (116.397271 39.91083, 116.397226 39.911388)",1,62.17,residential,6,,,,auto,
278,南池子大街,526,125,124,1,"LINESTRING (116.397014 39.90807, 116.396958 39.909212)",1,127.07,tertiary,5,,1,,auto,
279,南池子大街,526,124,125,1,"LINESTRING (116.396958 39.909212, 116.397014 39.90807)",1,127.07,tertiary,5,,1,,auto,
280,南池子大街,527,125,152,1,"LINESTRING (116.397014 39.90807, 116.397023 39.907899)",1,19.03,tertiary,5,,1,,auto,
281,南池子大街,527,152,125,1,"LINESTRING (116.397023 39.907899, 116.397014 39.90807)",1,19.03,tertiary,5,,1,,auto,
282,,531,136,119,1,"LINESTRING (116.398488 39.91076, 116.398998 39.910768)",1,43.51,residential,6,,,,auto,
283,,531,119,136,1,"LINESTRING (116.398998 39.910768, 116.398488 39.91076)",1,43.51,residential,6,,,,auto,
284,,532,136,142,1,"LINESTRING (116.398488 39.91076, 116.398504 39.910347)",1,45.94,residential,6,,,,auto,
285,,532,142,136,1,"LINESTRING (116.398504 39.910347, 116.398488 39.91076)",1,45.94,residential,6,,,,auto,
286,,533,136,143,1,"LINESTRING (116.398488 39.91076, 116.398482 39.910846)",1,9.58,residential,6,,,,auto,
287,,533,143,136,1,"LINESTRING (116.398482 39.910846, 116.398488 39.91076)",1,9.58,residential,6,,,,auto,
288,,536,151,131,1,"LINESTRING (116.397271 39.91083, 116.397226 39.911388)",1,62.17,residential,6,,,,auto,
289,,536,131,151,1,"LINESTRING (116.397226 39.911388, 116.397271 39.91083)",1,62.17,residential,6,,,,auto,
290,,545,129,126,1,"LINESTRING (116.39901 39.91155, 116.398989 39.911474)",1,8.64,residential,6,,,,auto,
291,,545,126,129,1,"LINESTRING (116.398989 39.911474, 116.39901 39.91155)",1,8.64,residential,6,,,,auto,
292,,546,129,153,1,"LINESTRING (116.39901 39.91155, 116.399044 39.911646)",1,11.06,residential,6,,,,auto,
293,,546,153,129,1,"LINESTRING (116.399044 39.911646, 116.39901 39.91155)",1,11.06,residential,6,,,,auto,
294,南池子大街,551,154,152,1,"LINESTRING (116.397039 39.907574, 116.397023 39.907899)",1,36.16,tertiary,5,,1,,auto,
295,南池子大街,551,152,154,1,"LINESTRING (116.397023 39.907899, 116.397039 39.907574)",1,36.16,tertiary,5,,1,,auto,
296,南池子大街,552,154,155,1,"LINESTRING (116.397039 39.907574, 116.397048 39.907395)",1,19.92,tertiary,5,,1,,auto,
297,南池子大街,552,155,154,1,"LINESTRING (116.397048 39.907395, 116.397039 39.907574)",1,19.92,tertiary,5,,1,,auto,
298,,553,116,115,1,"LINESTRING (116.398794 39.91445, 116.398842 39.913836)",1,68.40,residential,6,,,,auto,
299,,553,115,116,1,"LINESTRING (116.398842 39.913836, 116.398794 39.91445)",1,68.40,residential,6,,,,auto,
300,大纱帽胡同,555,156,157,1,"LINESTRING (116.402621 39.909194, 116.402752 39.909188)",1,11.19,residential,6,,,,auto,
301,大纱帽胡同,555,157,156,1,"LINESTRING (116.402752 39.909188, 116.402621 39.909194)",1,11.19,residential,6,,,,auto,
302,,556,156,158,1,"LINESTRING (116.402621 39.909194, 116.402627 39.90902)",1,19.35,residential,6,,,,auto,
303,,556,158,156,1,"LINESTRING (116.402627 39.90902, 116.402621 39.909194)",1,19.35,residential,6,,,,auto,
304,,557,156,159,1,"LINESTRING (116.402621 39.909194, 116.402616 39.909284)",1,10.02,residential,6,,,,auto,
305,,557,159,156,1,"LINESTRING (116.402616 39.909284, 116.402621 39.909194)",1,10.02,residential,6,,,,auto,
306,南口袋胡同,558,156,160,1,"LINESTRING (116.402621 39.909194, 116.402431 39.90919)",1,16.21,residential,6,,,,auto,
307,南口袋胡同,558,160,156,1,"LINESTRING (116.402431 39.90919, 116.402621 39.909194)",1,16.21,residential,6,,,,auto,
308,,560,161,162,1,"LINESTRING (116.400568 39.90963, 116.401103 39.909628)",1,45.63,residential,6,,,,auto,
309,,560,162,161,1,"LINESTRING (116.401103 39.909628, 116.400568 39.90963)",1,45.63,residential,6,,,,auto,
310,南河沿大街,561,161,163,1,"LINESTRING (116.400568 39.90963, 116.400558 39.90982)",1,21.14,secondary,4,,,,auto,
311,南河沿大街,561,163,161,1,"LINESTRING (116.400558 39.90982, 116.400568 39.90963)",1,21.14,secondary,4,,,,auto,
312,南河沿大街,562,161,164,1,"LINESTRING (116.400568 39.90963, 116.40056 39.909417)",1,23.69,secondary,4,,,,auto,
313,南河沿大街,562,164,161,1,"LINESTRING (116.40056 39.909417, 116.400568 39.90963)",1,23.69,secondary,4,,,,auto,
314,,563,165,166,1,"LINESTRING (116.400567 39.910184, 116.401076 39.910184)",1,43.41,residential,6,,,,auto,
315,,563,166,165,1,"LINESTRING (116.401076 39.910184, 116.400567 39.910184)",1,43.41,residential,6,,,,auto,
316,南河沿大街,564,165,54,1,"LINESTRING (116.400567 39.910184, 116.400572 39.910592)",1,45.37,secondary,4,,,,auto,
317,南河沿大街,564,54,165,1,"LINESTRING (116.400572 39.910592, 116.400567 39.910184)",1,45.37,secondary,4,,,,auto,
318,南河沿大街,565,165,163,1,"LINESTRING (116.400567 39.910184, 116.400558 39.90982)",1,40.48,secondary,4,,,,auto,
319,南河沿大街,565,163,165,1,"LINESTRING (116.400558 39.90982, 116.400567 39.910184)",1,40.48,secondary,4,,,,auto,
320,霞公府街,566,97,167,1,"LINESTRING (116.401524 39.907944, 116.401592 39.907918)",1,6.48,residential,6,,,,auto,
321,霞公府街,566,167,97,1,"LINESTRING (116.401592 39.907918, 116.401524 39.907944)",1,6.48,residential,6,,,,auto,
322,霞公府街,567,97,95,1,"LINESTRING (116.401524 39.907944, 116.401136 39.908219)",1,45.06,residential,6,,,,auto,
323,霞公府街,567,95,97,1,"LINESTRING (116.401136 39.908219, 116.401524 39.907944)",1,45.06,residential,6,,,,auto,
324,晨光街,568,168,162,1,"LINESTRING (116.401096 39.909165, 116.401103 39.909628)",1,51.49,residential,6,,,,auto,
325,晨光街,568,162,168,1,"LINESTRING (116.401103 39.909628, 116.401096 39.909165)",1,51.49,residential,6,,,,auto,
326,晨光街,569,168,169,1,"LINESTRING (116.401096 39.909165, 116.401117 39.908352)",1,90.42,residential,6,,,,auto,
327,晨光街,569,169,168,1,"LINESTRING (116.401117 39.908352, 116.401096 39.909165)",1,90.42,residential,6,,,,auto,
328,南口袋胡同,570,168,170,1,"LINESTRING (116.401096 39.909165, 116.401195 39.909163)",1,8.45,residential,6,,,,auto,
329,南口袋胡同,570,170,168,1,"LINESTRING (116.401195 39.909163, 116.401096 39.909165)",1,8.45,residential,6,,,,auto,
330,晨光街,573,162,166,1,"LINESTRING (116.401103 39.909628, 116.401076 39.910184)",1,61.87,residential,6,,,,auto,
331,晨光街,573,166,162,1,"LINESTRING (116.401076 39.910184, 116.401103 39.909628)",1,61.87,residential,6,,,,auto,
332,晨光街,574,162,168,1,"LINESTRING (116.401103 39.909628, 116.401096 39.909165)",1,51.49,residential,6,,,,auto,
333,晨光街,574,168,162,1,"LINESTRING (116.401096 39.909165, 116.401103 39.909628)",1,51.49,residential,6,,,,auto,
334,,575,162,161,1,"LINESTRING (116.401103 39.909628, 116.400568 39.90963)",1,45.63,residential,6,,,,auto,
335,,575,161,162,1,"LINESTRING (116.400568 39.90963, 116.401103 39.909628)",1,45.63,residential,6,,,,auto,
336,东长安街,584,171,172,1,"LINESTRING (116.402091 39.906657, 116.401846 39.906655)",1,20.90,trunk,2,,,,auto,
337,晨光街,585,166,49,1,"LINESTRING (116.401076 39.910184, 116.401057 39.91058)",1,44.06,residential,6,,,,auto,
338,晨光街,585,49,166,1,"LINESTRING (116.401057 39.91058, 116.401076 39.910184)",1,44.06,residential,6,,,,auto,
339,晨光街,586,166,162,1,"LINESTRING (116.401076 39.910184, 116.401103 39.909628)",1,61.87,residential,6,,,,auto,
340,晨光街,586,162,166,1,"LINESTRING (116.401103 39.909628, 116.401076 39.910184)",1,61.87,residential,6,,,,auto,
341,,587,166,165,1,"LINESTRING (116.401076 39.910184, 116.400567 39.910184)",1,43.41,residential,6,,,,auto,
342,,587,165,166,1,"LINESTRING (116.400567 39.910184, 116.401076 39.910184)",1,43.41,residential,6,,,,auto,
343,,588,93,158,1,"LINESTRING (116.402664 39.907916, 116.402627 39.90902)",1,122.80,residential,6,,,,auto,
344,,588,158,93,1,"LINESTRING (116.402627 39.90902, 116.402664 39.907916)",1,122.80,residential,6,,,,auto,
345,霞公府街,589,93,92,1,"LINESTRING (116.402664 39.907916, 116.401719 39.907901)",1,80.62,residential,6,,,,auto,
346,霞公府街,589,92,93,1,"LINESTRING (116.401719 39.907901, 116.402664 39.907916)",1,80.62,residential,6,,,,auto,
347,东长安街,590,173,174,1,"LINESTRING (116.401286 39.906642, 116.400714 39.90662)",1,48.85,trunk,2,,,,auto,
348,东长安街,593,172,173,1,"LINESTRING (116.401846 39.906655, 116.401286 39.906642)",1,47.79,trunk,2,,,,auto,
349,正义路,597,175,176,1,"LINESTRING (116.400578 39.906228, 116.400578 39.906282)",1,6.00,tertiary,5,,,,auto,
350,正义路,598,40,177,1,"LINESTRING (116.400818 39.903137, 116.400616 39.905448)",1,257.55,tertiary,5,,,,auto,
351,,599,40,39,1,"LINESTRING (116.400818 39.903137, 116.400437 39.903112)",1,32.62,unclassified,20,,,,auto,
352,,599,39,40,1,"LINESTRING (116.400437 39.903112, 116.400818 39.903137)",1,32.62,unclassified,20,,,,auto,
353,人大会堂西路,612,79,76,1,"LINESTRING (116.385422 39.900935, 116.385443 39.900399)",1,59.63,tertiary,5,,,,auto,
354,人大会堂西路,612,76,79,1,"LINESTRING (116.385443 39.900399, 116.385422 39.900935)",1,59.63,tertiary,5,,,,auto,
355,人大会堂西路,613,79,72,1,"LINESTRING (116.385422 39.900935, 116.385413 39.901215)",1,31.14,tertiary,5,,,,auto,
356,人大会堂西路,613,72,79,1,"LINESTRING (116.385413 39.901215, 116.385422 39.900935)",1,31.14,tertiary,5,,,,auto,
357,石碑胡同,616,21,24,1,"LINESTRING (116.381831 39.903999, 116.381872 39.90429)",1,32.55,tertiary,5,,,,auto,
358,石碑胡同,616,24,21,1,"LINESTRING (116.381872 39.90429, 116.381831 39.903999)",1,32.55,tertiary,5,,,,auto,
359,石碑胡同,617,21,20,1,"LINESTRING (116.381831 39.903999, 116.381767 39.903548)",1,50.45,tertiary,5,,,,auto,
360,石碑胡同,617,20,21,1,"LINESTRING (116.381767 39.903548, 116.381831 39.903999)",1,50.45,tertiary,5,,,,auto,
361,西华门大街,680,178,179,1,"LINESTRING (116.383079 39.913345, 116.383242 39.913347)",1,13.90,unclassified,20,,,,auto,
362,西华门大街,680,179,178,1,"LINESTRING (116.383242 39.913347, 116.383079 39.913345)",1,13.90,unclassified,20,,,,auto,
363,西长安街,728,180,181,1,"LINESTRING (116.383412 39.905844, 116.383595 39.905849)",1,15.62,trunk,2,,,,auto,
364,西交民巷,740,182,76,1,"LINESTRING (116.384489 39.900436, 116.385443 39.900399)",1,81.48,tertiary,5,,,,auto,
365,南池子大街,741,183,184,1,"LINESTRING (116.397066 39.907018, 116.397056 39.907228)",1,23.37,tertiary,5,,1,,auto,
366,南池子大街,741,184,183,1,"LINESTRING (116.397056 39.907228, 116.397066 39.907018)",1,23.37,tertiary,5,,1,,auto,
367,南池子大街,742,183,185,1,"LINESTRING (116.397066 39.907018, 116.397071 39.906928)",1,10.02,tertiary,5,,1,,auto,
368,南池子大街,742,185,183,1,"LINESTRING (116.397071 39.906928, 116.397066 39.907018)",1,10.02,tertiary,5,,1,,auto,
369,南池子大街,761,184,186,1,"LINESTRING (116.397056 39.907228, 116.397051 39.907336)",1,12.02,tertiary,5,,1,,auto,
370,南池子大街,761,186,184,1,"LINESTRING (116.397051 39.907336, 116.397056 39.907228)",1,12.02,tertiary,5,,1,,auto,
371,南池子大街,762,184,183,1,"LINESTRING (116.397056 39.907228, 116.397066 39.907018)",1,23.37,tertiary,5,,1,,auto,
372,南池子大街,762,183,184,1,"LINESTRING (116.397066 39.907018, 116.397056 39.907228)",1,23.37,tertiary,5,,1,,auto,
373,南河沿大街,778,26,98,1,"LINESTRING (116.40043 39.907258, 116.400449 39.907491)",1,25.96,secondary,4,,,,auto,
374,南河沿大街,778,98,26,1,"LINESTRING (116.400449 39.907491, 116.40043 39.907258)",1,25.96,secondary,4,,,,auto,
375,南河沿大街,779,26,25,1,"LINESTRING (116.40043 39.907258, 116.400416 39.906864)",1,43.83,secondary,4,,,,auto,
376,南河沿大街,779,25,26,1,"LINESTRING (116.400416 39.906864, 116.40043 39.907258)",1,43.83,secondary,4,,,,auto,
377,大宴乐胡同,794,187,135,1,"LINESTRING (116.384579 39.908433, 116.384608 39.90786)",1,63.76,residential,6,,,,auto,
378,大宴乐胡同,794,135,187,1,"LINESTRING (116.384608 39.90786, 116.384579 39.908433)",1,63.76,residential,6,,,,auto,
379,新大路,795,107,109,1,"LINESTRING (116.393578 39.901558, 116.393763 39.901562)",1,15.79,residential,6,,,,auto,
380,新大路,795,109,107,1,"LINESTRING (116.393763 39.901562, 116.393578 39.901558)",1,15.79,residential,6,,,,auto,
381,新大路,796,107,105,1,"LINESTRING (116.393578 39.901558, 116.393316 39.901552)",1,22.36,residential,6,,,,auto,
382,新大路,796,105,107,1,"LINESTRING (116.393316 39.901552, 116.393578 39.901558)",1,22.36,residential,6,,,,auto,
383,广场东侧路,799,106,188,1,"LINESTRING (116.393304 39.901833, 116.393301 39.901895)",1,6.90,secondary,4,70,4,,auto,
384,广场东侧路,805,189,190,1,"LINESTRING (116.393214 39.903728, 116.39321 39.903804)",1,8.46,secondary,4,70,4,,auto,
385,人大会堂西路,811,191,101,1,"LINESTRING (116.38711 39.901435, 116.387796 39.901448)",1,58.54,tertiary,5,,,,auto,
386,人大会堂西路,811,101,191,1,"LINESTRING (116.387796 39.901448, 116.38711 39.901435)",1,58.54,tertiary,5,,,,auto,
387,人大会堂西路,812,191,13,1,"LINESTRING (116.38711 39.901435, 116.386888 39.901453)",1,19.04,tertiary,5,,,,auto,
388,人大会堂西路,812,13,191,1,"LINESTRING (116.386888 39.901453, 116.38711 39.901435)",1,19.04,tertiary,5,,,,auto,
389,西长安街,813,69,180,1,"LINESTRING (116.382995 39.905835, 116.383412 39.905844)",1,35.58,trunk,2,,,,auto,
390,西长安街,814,192,193,1,"LINESTRING (116.384029 39.905858, 116.384844 39.905879)",1,69.56,trunk,2,,,,auto,
391,西长安街,815,181,192,1,"LINESTRING (116.383595 39.905849, 116.384029 39.905858)",1,37.03,trunk,2,,,,auto,
392,,828,194,113,1,"LINESTRING (116.398831 39.91336, 116.399007 39.913368)",1,15.04,residential,6,,,,auto,
393,,828,113,194,1,"LINESTRING (116.399007 39.913368, 116.398831 39.91336)",1,15.04,residential,6,,,,auto,
394,,829,113,194,1,"LINESTRING (116.399007 39.913368, 116.398831 39.91336)",1,15.04,residential,6,,,,auto,
395,,829,194,113,1,"LINESTRING (116.398831 39.91336, 116.399007 39.913368)",1,15.04,residential,6,,,,auto,
396,,830,113,112,1,"LINESTRING (116.399007 39.913368, 116.399068 39.913468)",1,12.28,residential,6,,,,auto,
397,,830,112,113,1,"LINESTRING (116.399068 39.913468, 116.399007 39.913368)",1,12.28,residential,6,,,,auto,
398,人大会堂西路,831,195,196,1,"LINESTRING (116.389652 39.901507, 116.389401 39.901498)",1,21.43,tertiary,5,,,,auto,
399,人大会堂西路,831,196,195,1,"LINESTRING (116.389401 39.901498, 116.389652 39.901507)",1,21.43,tertiary,5,,,,auto,
400,广场西侧路,832,195,80,1,"LINESTRING (116.389652 39.901507, 116.3897 39.900526)",1,109.16,secondary,4,,,,auto,
401,普渡寺前巷,833,148,150,1,"LINESTRING (116.398317 39.911437, 116.397947 39.91142)",1,31.61,residential,6,,,,auto,
402,普渡寺前巷,833,150,148,1,"LINESTRING (116.397947 39.91142, 116.398317 39.911437)",1,31.61,residential,6,,,,auto,
403,普渡寺前巷,834,148,144,1,"LINESTRING (116.398317 39.911437, 116.398476 39.911444)",1,13.58,residential,6,,,,auto,
404,普渡寺前巷,834,144,148,1,"LINESTRING (116.398476 39.911444, 116.398317 39.911437)",1,13.58,residential,6,,,,auto,
405,,836,138,197,1,"LINESTRING (116.399091 39.911965, 116.39904 39.911926)",1,6.14,residential,6,,,,auto,
406,,836,197,138,1,"LINESTRING (116.39904 39.911926, 116.399091 39.911965)",1,6.14,residential,6,,,,auto,
407,,837,138,137,1,"LINESTRING (116.399091 39.911965, 116.399199 39.91197)",1,9.23,residential,6,,,,auto,
408,,837,137,138,1,"LINESTRING (116.399199 39.91197, 116.399091 39.911965)",1,9.23,residential,6,,,,auto,
409,西华门大街,838,179,46,1,"LINESTRING (116.383242 39.913347, 116.384147 39.913351)",1,77.19,unclassified,20,,,,auto,
410,西华门大街,838,46,179,1,"LINESTRING (116.384147 39.913351, 116.383242 39.913347)",1,77.19,unclassified,20,,,,auto,
411,西华门大街,839,179,178,1,"LINESTRING (116.383242 39.913347, 116.383079 39.913345)",1,13.90,unclassified,20,,,,auto,
412,西华门大街,839,178,179,1,"LINESTRING (116.383079 39.913345, 116.383242 39.913347)",1,13.90,unclassified,20,,,,auto,
413,广场西侧路,863,198,195,1,"LINESTRING (116.389641 39.90174, 116.389652 39.901507)",1,25.93,secondary,4,,,,auto,
414,人大会堂西路,894,199,200,1,"LINESTRING (116.38543 39.905693, 116.38542 39.905567)",1,14.04,tertiary,5,,,,auto,
415,人大会堂西路,894,200,199,1,"LINESTRING (116.38542 39.905567, 116.38543 39.905693)",1,14.04,tertiary,5,,,,auto,
416,人大会堂西路,895,199,201,1,"LINESTRING (116.38543 39.905693, 116.38555 39.905897)",1,24.89,tertiary,5,,,,auto,
417,人大会堂西路,895,201,199,1,"LINESTRING (116.38555 39.905897, 116.38543 39.905693)",1,24.89,tertiary,5,,,,auto,
418,西长安街,896,202,63,1,"LINESTRING (116.386428 39.906169, 116.385872 39.90615)",1,47.47,trunk,2,,,,auto,
419,南长街,897,64,203,1,"LINESTRING (116.385634 39.906142, 116.385676 39.906385)",1,27.26,tertiary,5,,,,auto,
420,南长街,897,203,64,1,"LINESTRING (116.385676 39.906385, 116.385634 39.906142)",1,27.26,tertiary,5,,,,auto,
421,西长安街,898,64,204,1,"LINESTRING (116.385634 39.906142, 116.383594 39.906059)",1,174.25,trunk,2,,,,auto,
422,南长街,899,64,201,1,"LINESTRING (116.385634 39.906142, 116.38555 39.905897)",1,28.17,tertiary,5,,,,auto,
423,南长街,899,201,64,1,"LINESTRING (116.38555 39.905897, 116.385634 39.906142)",1,28.17,tertiary,5,,,,auto,
424,,901,205,159,1,"LINESTRING (116.402589 39.909797, 116.402616 39.909284)",1,57.09,residential,6,,,,auto,
425,,901,159,205,1,"LINESTRING (116.402616 39.909284, 116.402589 39.909797)",1,57.09,residential,6,,,,auto,
426,西长安街,915,204,206,1,"LINESTRING (116.383594 39.906059, 116.382841 39.906028)",1,64.32,trunk,2,,,,auto,
427,西长安街,916,193,207,1,"LINESTRING (116.384844 39.905879, 116.385121 39.905886)",1,23.64,trunk,2,,,,auto,
428,红井胡同,917,208,71,1,"LINESTRING (116.385034 39.901436, 116.385276 39.901444)",1,20.66,tertiary,5,,,,auto,
429,红井胡同,917,71,208,1,"LINESTRING (116.385276 39.901444, 116.385034 39.901436)",1,20.66,tertiary,5,,,,auto,
430,南长街,991,209,210,1,"LINESTRING (116.385395 39.911228, 116.385474 39.910118)",1,123.61,tertiary,5,,,,auto,
431,南长街,991,210,209,1,"LINESTRING (116.385474 39.910118, 116.385395 39.911228)",1,123.61,tertiary,5,,,,auto,
432,南长街,992,209,211,1,"LINESTRING (116.385395 39.911228, 116.385387 39.911313)",1,9.48,tertiary,5,,,,auto,
433,南长街,992,211,209,1,"LINESTRING (116.385387 39.911313, 116.385395 39.911228)",1,9.48,tertiary,5,,,,auto,
434,,993,212,213,1,"LINESTRING (116.384186 39.914879, 116.384234 39.914815)",1,8.21,residential,6,,,,auto,
435,,993,213,212,1,"LINESTRING (116.384234 39.914815, 116.384186 39.914879)",1,8.21,residential,6,,,,auto,
436,,994,213,214,1,"LINESTRING (116.384234 39.914815, 116.385143 39.914838)",1,77.57,residential,6,,,,auto,
437,,994,214,213,1,"LINESTRING (116.385143 39.914838, 116.384234 39.914815)",1,77.57,residential,6,,,,auto,
438,,995,213,212,1,"LINESTRING (116.384234 39.914815, 116.384186 39.914879)",1,8.21,residential,6,,,,auto,
439,,995,212,213,1,"LINESTRING (116.384186 39.914879, 116.384234 39.914815)",1,8.21,residential,6,,,,auto,
440,北长街,996,214,44,1,"LINESTRING (116.385143 39.914838, 116.385137 39.914367)",1,52.38,tertiary,5,,,,auto,
441,北长街,996,44,214,1,"LINESTRING (116.385137 39.914367, 116.385143 39.914838)",1,52.38,tertiary,5,,,,auto,
442,,997,214,213,1,"LINESTRING (116.385143 39.914838, 116.384234 39.914815)",1,77.57,residential,6,,,,auto,
443,,997,213,214,1,"LINESTRING (116.384234 39.914815, 116.385143 39.914838)",1,77.57,residential,6,,,,auto,
444,南长街,1013,210,141,1,"LINESTRING (116.385474 39.910118, 116.385447 39.909798)",1,35.66,tertiary,5,,,,auto,
445,南长街,1013,141,210,1,"LINESTRING (116.385447 39.909798, 116.385474 39.910118)",1,35.66,tertiary,5,,,,auto,
446,南长街,1014,210,209,1,"LINESTRING (116.385474 39.910118, 116.385395 39.911228)",1,123.61,tertiary,5,,,,auto,
447,南长街,1014,209,210,1,"LINESTRING (116.385395 39.911228, 116.385474 39.910118)",1,123.61,tertiary,5,,,,auto,
448,西交民巷,1083,215,80,1,"LINESTRING (116.389491 39.900516, 116.3897 39.900526)",1,17.86,tertiary,5,,,,auto,
449,正义路,1124,216,39,1,"LINESTRING (116.400341 39.90536, 116.400437 39.903112)",1,250.10,tertiary,5,,,,auto,
450,南池子大街,1134,217,218,1,"LINESTRING (116.397084 39.906772, 116.397081 39.906803)",1,3.46,tertiary,5,,,,auto,
451,南池子大街,1134,218,217,1,"LINESTRING (116.397081 39.906803, 116.397084 39.906772)",1,3.46,tertiary,5,,,,auto,
452,南池子大街,1135,217,219,1,"LINESTRING (116.397084 39.906772, 116.397086 39.906728)",1,4.90,tertiary,5,,,,auto,
453,南池子大街,1135,219,217,1,"LINESTRING (116.397086 39.906728, 116.397084 39.906772)",1,4.90,tertiary,5,,,,auto,
454,西长安街,1188,220,1,1,"LINESTRING (116.386644 39.905923, 116.388928 39.905999)",1,195.00,trunk,2,,,,auto,
455,人大会堂西路,1273,100,196,1,"LINESTRING (116.388201 39.901459, 116.389401 39.901498)",1,102.46,tertiary,5,,,,auto,
456,人大会堂西路,1273,196,100,1,"LINESTRING (116.389401 39.901498, 116.388201 39.901459)",1,102.46,tertiary,5,,,,auto,
457,人大会堂西路,1274,100,99,1,"LINESTRING (116.388201 39.901459, 116.387979 39.901452)",1,18.95,tertiary,5,,,,auto,
458,人大会堂西路,1274,99,100,1,"LINESTRING (116.387979 39.901452, 116.388201 39.901459)",1,18.95,tertiary,5,,,,auto,
459,,1280,102,103,1,"LINESTRING (116.387991 39.901328, 116.38804 39.900477)",1,94.72,residential,6,,,,auto,
460,,1280,103,102,1,"LINESTRING (116.38804 39.900477, 116.387991 39.901328)",1,94.72,residential,6,,,,auto,
461,,1281,102,99,1,"LINESTRING (116.387991 39.901328, 116.387979 39.901452)",1,13.83,residential,6,,,,auto,
462,,1281,99,102,1,"LINESTRING (116.387979 39.901452, 116.387991 39.901328)",1,13.83,residential,6,,,,auto,
463,人大会堂西路,1287,101,99,1,"LINESTRING (116.387796 39.901448, 116.387979 39.901452)",1,15.62,tertiary,5,,,,auto,
464,人大会堂西路,1287,99,101,1,"LINESTRING (116.387979 39.901452, 116.387796 39.901448)",1,15.62,tertiary,5,,,,auto,
465,人大会堂西路,1288,101,191,1,"LINESTRING (116.387796 39.901448, 116.38711 39.901435)",1,58.54,tertiary,5,,,,auto,
466,人大会堂西路,1288,191,101,1,"LINESTRING (116.38711 39.901435, 116.387796 39.901448)",1,58.54,tertiary,5,,,,auto,
467,西交民巷,1302,77,103,1,"LINESTRING (116.38554 39.900399, 116.38804 39.900477)",1,213.44,tertiary,5,,,,auto,
468,人大会堂西路,1306,72,79,1,"LINESTRING (116.385413 39.901215, 116.385422 39.900935)",1,31.14,tertiary,5,,,,auto,
469,人大会堂西路,1306,79,72,1,"LINESTRING (116.385422 39.900935, 116.385413 39.901215)",1,31.14,tertiary,5,,,,auto,
470,人大会堂西路,1307,72,70,1,"LINESTRING (116.385413 39.901215, 116.385402 39.901448)",1,25.93,tertiary,5,,,,auto,
471,人大会堂西路,1307,70,72,1,"LINESTRING (116.385402 39.901448, 116.385413 39.901215)",1,25.93,tertiary,5,,,,auto,
472,红井胡同,1312,71,208,1,"LINESTRING (116.385276 39.901444, 116.385034 39.901436)",1,20.66,tertiary,5,,,,auto,
473,红井胡同,1312,208,71,1,"LINESTRING (116.385034 39.901436, 116.385276 39.901444)",1,20.66,tertiary,5,,,,auto,
474,红井胡同,1313,71,70,1,"LINESTRING (116.385276 39.901444, 116.385402 39.901448)",1,10.76,tertiary,5,,,,auto,
475,红井胡同,1313,70,71,1,"LINESTRING (116.385402 39.901448, 116.385276 39.901444)",1,10.76,tertiary,5,,,,auto,
476,人大会堂西路,1324,73,70,1,"LINESTRING (116.385392 39.901731, 116.385402 39.901448)",1,31.48,tertiary,5,,,,auto,
477,人大会堂西路,1324,70,73,1,"LINESTRING (116.385402 39.901448, 116.385392 39.901731)",1,31.48,tertiary,5,,,,auto,
478,人大会堂西路,1325,73,16,1,"LINESTRING (116.385392 39.901731, 116.385392 39.901762)",1,3.45,tertiary,5,,,,auto,
479,人大会堂西路,1325,16,73,1,"LINESTRING (116.385392 39.901762, 116.385392 39.901731)",1,3.45,tertiary,5,,,,auto,
480,人大会堂西路,1330,11,9,1,"LINESTRING (116.38589 39.901889, 116.386284 39.901695)",1,39.94,tertiary,5,,,,auto,
481,人大会堂西路,1330,9,11,1,"LINESTRING (116.386284 39.901695, 116.38589 39.901889)",1,39.94,tertiary,5,,,,auto,
482,人大会堂西路,1331,11,221,1,"LINESTRING (116.38589 39.901889, 116.385821 39.901921)",1,6.88,tertiary,5,,,,auto,
483,人大会堂西路,1331,221,11,1,"LINESTRING (116.385821 39.901921, 116.38589 39.901889)",1,6.88,tertiary,5,,,,auto,
484,人大会堂西路,1340,7,5,1,"LINESTRING (116.38559 39.902168, 116.385592 39.901994)",1,19.35,tertiary,5,,,,auto,
485,人大会堂西路,1340,5,7,1,"LINESTRING (116.385592 39.901994, 116.38559 39.902168)",1,19.35,tertiary,5,,,,auto,
486,人大会堂西路,1341,7,222,1,"LINESTRING (116.38559 39.902168, 116.385576 39.90249)",1,35.82,tertiary,5,,,,auto,
487,人大会堂西路,1341,222,7,1,"LINESTRING (116.385576 39.90249, 116.38559 39.902168)",1,35.82,tertiary,5,,,,auto,
488,人大会堂西路,1368,223,224,1,"LINESTRING (116.38544 39.905208, 116.385483 39.904299)",1,101.14,tertiary,5,,,,auto,
489,人大会堂西路,1368,224,223,1,"LINESTRING (116.385483 39.904299, 116.38544 39.905208)",1,101.14,tertiary,5,,,,auto,
490,人大会堂西路,1369,223,225,1,"LINESTRING (116.38544 39.905208, 116.385423 39.905528)",1,35.61,tertiary,5,,,,auto,
491,人大会堂西路,1369,225,223,1,"LINESTRING (116.385423 39.905528, 116.38544 39.905208)",1,35.61,tertiary,5,,,,auto,
492,东长安街,1387,226,61,1,"LINESTRING (116.39747 39.906349, 116.399981 39.906433)",1,214.38,trunk,2,,,,auto,
493,,1388,227,60,1,"LINESTRING (116.397014 39.906425, 116.397096 39.906522)",1,12.86,tertiary,5,,,,auto,
494,,1388,60,227,1,"LINESTRING (116.397096 39.906522, 116.397014 39.906425)",1,12.86,tertiary,5,,,,auto,
495,,1389,227,228,1,"LINESTRING (116.397014 39.906425, 116.396866 39.906276)",1,20.83,tertiary,5,,,,auto,
496,,1389,228,227,1,"LINESTRING (116.396866 39.906276, 116.397014 39.906425)",1,20.83,tertiary,5,,,,auto,
497,南池子大街,1417,186,155,1,"LINESTRING (116.397051 39.907336, 116.397048 39.907395)",1,6.57,tertiary,5,,1,,auto,
498,南池子大街,1417,155,186,1,"LINESTRING (116.397048 39.907395, 116.397051 39.907336)",1,6.57,tertiary,5,,1,,auto,
499,南池子大街,1418,186,184,1,"LINESTRING (116.397051 39.907336, 116.397056 39.907228)",1,12.02,tertiary,5,,1,,auto,
500,南池子大街,1418,184,186,1,"LINESTRING (116.397056 39.907228, 116.397051 39.907336)",1,12.02,tertiary,5,,1,,auto,
501,南河沿大街,1420,229,164,1,"LINESTRING (116.400551 39.90918, 116.40056 39.909417)",1,26.36,secondary,4,,,,auto,
502,南河沿大街,1420,164,229,1,"LINESTRING (116.40056 39.909417, 116.400551 39.90918)",1,26.36,secondary,4,,,,auto,
503,南河沿大街,1421,229,90,1,"LINESTRING (116.400551 39.90918, 116.400515 39.908523)",1,73.12,secondary,4,,,,auto,
504,南河沿大街,1421,90,229,1,"LINESTRING (116.400515 39.908523, 116.400551 39.90918)",1,73.12,secondary,4,,,,auto,
505,南池子大街,1431,122,130,1,"LINESTRING (116.396887 39.910643, 116.396825 39.911373)",1,81.34,tertiary,5,,1,,auto,
506,南池子大街,1431,130,122,1,"LINESTRING (116.396825 39.911373, 116.396887 39.910643)",1,81.34,tertiary,5,,1,,auto,
507,南池子大街,1432,122,121,1,"LINESTRING (116.396887 39.910643, 116.396907 39.910253)",1,43.40,tertiary,5,,1,,auto,
508,南池子大街,1432,121,122,1,"LINESTRING (116.396907 39.910253, 116.396887 39.910643)",1,43.40,tertiary,5,,1,,auto,
509,西华门大街,1452,46,43,1,"LINESTRING (116.384147 39.913351, 116.38518 39.913367)",1,88.12,unclassified,20,,,,auto,
510,西华门大街,1452,43,46,1,"LINESTRING (116.38518 39.913367, 116.384147 39.913351)",1,88.12,unclassified,20,,,,auto,
511,西华门大街,1453,46,179,1,"LINESTRING (116.384147 39.913351, 116.383242 39.913347)",1,77.19,unclassified,20,,,,auto,
512,西华门大街,1453,179,46,1,"LINESTRING (116.383242 39.913347, 116.384147 39.913351)",1,77.19,unclassified,20,,,,auto,
513,,1454,46,230,1,"LINESTRING (116.384147 39.913351, 116.384154 39.913159)",1,21.36,residential,6,,,,auto,
514,,1454,230,46,1,"LINESTRING (116.384154 39.913159, 116.384147 39.913351)",1,21.36,residential,6,,,,auto,
515,,1455,230,231,1,"LINESTRING (116.384154 39.913159, 116.384118 39.913088)",1,8.47,residential,6,,,,auto,
516,,1455,231,230,1,"LINESTRING (116.384118 39.913088, 116.384154 39.913159)",1,8.47,residential,6,,,,auto,
517,,1456,230,46,1,"LINESTRING (116.384154 39.913159, 116.384147 39.913351)",1,21.36,residential,6,,,,auto,
518,,1456,46,230,1,"LINESTRING (116.384147 39.913351, 116.384154 39.913159)",1,21.36,residential,6,,,,auto,
519,,1457,231,232,1,"LINESTRING (116.384118 39.913088, 116.38402 39.913053)",1,9.22,residential,6,,,,auto,
520,,1457,232,231,1,"LINESTRING (116.38402 39.913053, 116.384118 39.913088)",1,9.22,residential,6,,,,auto,
521,,1458,231,230,1,"LINESTRING (116.384118 39.913088, 116.384154 39.913159)",1,8.47,residential,6,,,,auto,
522,,1458,230,231,1,"LINESTRING (116.384154 39.913159, 116.384118 39.913088)",1,8.47,residential,6,,,,auto,
523,,1459,231,233,1,"LINESTRING (116.384118 39.913088, 116.38471 39.91311)",1,50.55,residential,6,,,,auto,
524,,1459,233,231,1,"LINESTRING (116.38471 39.91311, 116.384118 39.913088)",1,50.55,residential,6,,,,auto,
525,,1460,232,234,1,"LINESTRING (116.38402 39.913053, 116.383932 39.912949)",1,13.79,residential,6,,,,auto,
526,,1460,234,232,1,"LINESTRING (116.383932 39.912949, 116.38402 39.913053)",1,13.79,residential,6,,,,auto,
527,,1461,232,231,1,"LINESTRING (116.38402 39.913053, 116.384118 39.913088)",1,9.22,residential,6,,,,auto,
528,,1461,231,232,1,"LINESTRING (116.384118 39.913088, 116.38402 39.913053)",1,9.22,residential,6,,,,auto,
529,,1462,234,235,1,"LINESTRING (116.383932 39.912949, 116.383915 39.912847)",1,11.43,residential,6,,,,auto,
530,,1462,235,234,1,"LINESTRING (116.383915 39.912847, 116.383932 39.912949)",1,11.43,residential,6,,,,auto,
531,,1463,234,232,1,"LINESTRING (116.383932 39.912949, 116.38402 39.913053)",1,13.79,residential,6,,,,auto,
532,,1463,232,234,1,"LINESTRING (116.38402 39.913053, 116.383932 39.912949)",1,13.79,residential,6,,,,auto,
533,,1464,235,236,1,"LINESTRING (116.383915 39.912847, 116.383907 39.91277)",1,8.59,residential,6,,,,auto,
534,,1464,236,235,1,"LINESTRING (116.383907 39.91277, 116.383915 39.912847)",1,8.59,residential,6,,,,auto,
535,,1465,235,234,1,"LINESTRING (116.383915 39.912847, 116.383932 39.912949)",1,11.43,residential,6,,,,auto,
536,,1465,234,235,1,"LINESTRING (116.383932 39.912949, 116.383915 39.912847)",1,11.43,residential,6,,,,auto,
537,,1466,236,237,1,"LINESTRING (116.383907 39.91277, 116.383853 39.912683)",1,10.71,residential,6,,,,auto,
538,,1466,237,236,1,"LINESTRING (116.383853 39.912683, 116.383907 39.91277)",1,10.71,residential,6,,,,auto,
539,,1467,236,235,1,"LINESTRING (116.383907 39.91277, 116.383915 39.912847)",1,8.59,residential,6,,,,auto,
540,,1467,235,236,1,"LINESTRING (116.383915 39.912847, 116.383907 39.91277)",1,8.59,residential,6,,,,auto,
541,,1468,237,238,1,"LINESTRING (116.383853 39.912683, 116.383897 39.912133)",1,61.27,residential,6,,,,auto,
542,,1468,238,237,1,"LINESTRING (116.383897 39.912133, 116.383853 39.912683)",1,61.27,residential,6,,,,auto,
543,,1469,237,236,1,"LINESTRING (116.383853 39.912683, 116.383907 39.91277)",1,10.71,residential,6,,,,auto,
544,,1469,236,237,1,"LINESTRING (116.383907 39.91277, 116.383853 39.912683)",1,10.71,residential,6,,,,auto,
545,,1470,239,240,1,"LINESTRING (116.383964 39.911304, 116.383944 39.911253)",1,5.92,residential,6,,,,auto,
546,,1470,240,239,1,"LINESTRING (116.383944 39.911253, 116.383964 39.911304)",1,5.92,residential,6,,,,auto,
547,,1471,239,238,1,"LINESTRING (116.383964 39.911304, 116.383897 39.912133)",1,92.36,residential,6,,,,auto,
548,,1471,238,239,1,"LINESTRING (116.383897 39.912133, 116.383964 39.911304)",1,92.36,residential,6,,,,auto,
549,,1472,240,241,1,"LINESTRING (116.383944 39.911253, 116.38388 39.911236)",1,5.78,residential,6,,,,auto,
550,,1472,241,240,1,"LINESTRING (116.38388 39.911236, 116.383944 39.911253)",1,5.78,residential,6,,,,auto,
551,,1473,240,239,1,"LINESTRING (116.383944 39.911253, 116.383964 39.911304)",1,5.92,residential,6,,,,auto,
552,,1473,239,240,1,"LINESTRING (116.383964 39.911304, 116.383944 39.911253)",1,5.92,residential,6,,,,auto,
553,,1474,240,242,1,"LINESTRING (116.383944 39.911253, 116.38448 39.911275)",1,45.78,residential,6,,,,auto,
554,,1474,242,240,1,"LINESTRING (116.38448 39.911275, 116.383944 39.911253)",1,45.78,residential,6,,,,auto,
555,,1475,241,243,1,"LINESTRING (116.38388 39.911236, 116.383804 39.911251)",1,6.69,residential,6,,,,auto,
556,,1475,243,241,1,"LINESTRING (116.383804 39.911251, 116.38388 39.911236)",1,6.69,residential,6,,,,auto,
557,,1476,241,240,1,"LINESTRING (116.38388 39.911236, 116.383944 39.911253)",1,5.78,residential,6,,,,auto,
558,,1476,240,241,1,"LINESTRING (116.383944 39.911253, 116.38388 39.911236)",1,5.78,residential,6,,,,auto,
559,,1477,243,244,1,"LINESTRING (116.383804 39.911251, 116.383765 39.911313)",1,7.65,residential,6,,,,auto,
560,,1477,244,243,1,"LINESTRING (116.383765 39.911313, 116.383804 39.911251)",1,7.65,residential,6,,,,auto,
561,,1478,243,241,1,"LINESTRING (116.383804 39.911251, 116.38388 39.911236)",1,6.69,residential,6,,,,auto,
562,,1478,241,243,1,"LINESTRING (116.38388 39.911236, 116.383804 39.911251)",1,6.69,residential,6,,,,auto,
563,,1479,244,245,1,"LINESTRING (116.383765 39.911313, 116.383713 39.911988)",1,75.19,residential,6,,,,auto,
564,,1479,245,244,1,"LINESTRING (116.383713 39.911988, 116.383765 39.911313)",1,75.19,residential,6,,,,auto,
565,,1480,244,243,1,"LINESTRING (116.383765 39.911313, 116.383804 39.911251)",1,7.65,residential,6,,,,auto,
566,,1480,243,244,1,"LINESTRING (116.383804 39.911251, 116.383765 39.911313)",1,7.65,residential,6,,,,auto,
567,,1481,245,238,1,"LINESTRING (116.383713 39.911988, 116.383897 39.912133)",1,22.50,residential,6,,,,auto,
568,,1481,238,245,1,"LINESTRING (116.383897 39.912133, 116.383713 39.911988)",1,22.50,residential,6,,,,auto,
569,,1482,245,244,1,"LINESTRING (116.383713 39.911988, 116.383765 39.911313)",1,75.19,residential,6,,,,auto,
570,,1482,244,245,1,"LINESTRING (116.383765 39.911313, 116.383713 39.911988)",1,75.19,residential,6,,,,auto,
571,,1483,238,239,1,"LINESTRING (116.383897 39.912133, 116.383964 39.911304)",1,92.36,residential,6,,,,auto,
572,,1483,239,238,1,"LINESTRING (116.383964 39.911304, 116.383897 39.912133)",1,92.36,residential,6,,,,auto,
573,,1484,238,237,1,"LINESTRING (116.383897 39.912133, 116.383853 39.912683)",1,61.27,residential,6,,,,auto,
574,,1484,237,238,1,"LINESTRING (116.383853 39.912683, 116.383897 39.912133)",1,61.27,residential,6,,,,auto,
575,,1485,238,245,1,"LINESTRING (116.383897 39.912133, 116.383713 39.911988)",1,22.50,residential,6,,,,auto,
576,,1485,245,238,1,"LINESTRING (116.383713 39.911988, 116.383897 39.912133)",1,22.50,residential,6,,,,auto,
577,南长街,1486,211,209,1,"LINESTRING (116.385387 39.911313, 116.385395 39.911228)",1,9.48,tertiary,5,,,,auto,
578,南长街,1486,209,211,1,"LINESTRING (116.385395 39.911228, 116.385387 39.911313)",1,9.48,tertiary,5,,,,auto,
579,南长街,1487,211,45,1,"LINESTRING (116.385387 39.911313, 116.38519 39.913044)",1,193.21,tertiary,5,,,,auto,
580,南长街,1487,45,211,1,"LINESTRING (116.38519 39.913044, 116.385387 39.911313)",1,193.21,tertiary,5,,,,auto,
581,,1488,211,246,1,"LINESTRING (116.385387 39.911313, 116.385197 39.911305)",1,16.23,residential,6,,,,auto,
582,,1488,246,211,1,"LINESTRING (116.385197 39.911305, 116.385387 39.911313)",1,16.23,residential,6,,,,auto,
583,,1489,242,247,1,"LINESTRING (116.38448 39.911275, 116.384982 39.911296)",1,42.88,residential,6,,,,auto,
584,,1489,247,242,1,"LINESTRING (116.384982 39.911296, 116.38448 39.911275)",1,42.88,residential,6,,,,auto,
585,,1490,242,240,1,"LINESTRING (116.38448 39.911275, 116.383944 39.911253)",1,45.78,residential,6,,,,auto,
586,,1490,240,242,1,"LINESTRING (116.383944 39.911253, 116.38448 39.911275)",1,45.78,residential,6,,,,auto,
587,,1493,233,231,1,"LINESTRING (116.38471 39.91311, 116.384118 39.913088)",1,50.55,residential,6,,,,auto,
588,,1493,231,233,1,"LINESTRING (116.384118 39.913088, 116.38471 39.91311)",1,50.55,residential,6,,,,auto,
589,,1494,233,248,1,"LINESTRING (116.38471 39.91311, 116.384778 39.913079)",1,6.75,residential,6,,,,auto,
590,,1494,248,233,1,"LINESTRING (116.384778 39.913079, 116.38471 39.91311)",1,6.75,residential,6,,,,auto,
591,,1495,248,233,1,"LINESTRING (116.384778 39.913079, 116.38471 39.91311)",1,6.75,residential,6,,,,auto,
592,,1495,233,248,1,"LINESTRING (116.38471 39.91311, 116.384778 39.913079)",1,6.75,residential,6,,,,auto,
593,,1496,248,249,1,"LINESTRING (116.384778 39.913079, 116.384807 39.91304)",1,4.99,residential,6,,,,auto,
594,,1496,249,248,1,"LINESTRING (116.384807 39.91304, 116.384778 39.913079)",1,4.99,residential,6,,,,auto,
595,,1497,249,248,1,"LINESTRING (116.384807 39.91304, 116.384778 39.913079)",1,4.99,residential,6,,,,auto,
596,,1497,248,249,1,"LINESTRING (116.384778 39.913079, 116.384807 39.91304)",1,4.99,residential,6,,,,auto,
597,,1498,249,250,1,"LINESTRING (116.384807 39.91304, 116.384826 39.91283)",1,23.41,residential,6,,,,auto,
598,,1498,250,249,1,"LINESTRING (116.384826 39.91283, 116.384807 39.91304)",1,23.41,residential,6,,,,auto,
599,,1499,250,249,1,"LINESTRING (116.384826 39.91283, 116.384807 39.91304)",1,23.41,residential,6,,,,auto,
600,,1499,249,250,1,"LINESTRING (116.384807 39.91304, 116.384826 39.91283)",1,23.41,residential,6,,,,auto,
601,,1500,250,251,1,"LINESTRING (116.384826 39.91283, 116.384882 39.912719)",1,13.23,residential,6,,,,auto,
602,,1500,251,250,1,"LINESTRING (116.384882 39.912719, 116.384826 39.91283)",1,13.23,residential,6,,,,auto,
603,,1501,251,250,1,"LINESTRING (116.384882 39.912719, 116.384826 39.91283)",1,13.23,residential,6,,,,auto,
604,,1501,250,251,1,"LINESTRING (116.384826 39.91283, 116.384882 39.912719)",1,13.23,residential,6,,,,auto,
605,,1502,251,247,1,"LINESTRING (116.384882 39.912719, 116.384982 39.911296)",1,158.46,residential,6,,,,auto,
606,,1502,247,251,1,"LINESTRING (116.384982 39.911296, 116.384882 39.912719)",1,158.46,residential,6,,,,auto,
607,,1503,247,246,1,"LINESTRING (116.384982 39.911296, 116.385197 39.911305)",1,18.36,residential,6,,,,auto,
608,,1503,246,247,1,"LINESTRING (116.385197 39.911305, 116.384982 39.911296)",1,18.36,residential,6,,,,auto,
609,,1504,247,242,1,"LINESTRING (116.384982 39.911296, 116.38448 39.911275)",1,42.88,residential,6,,,,auto,
610,,1504,242,247,1,"LINESTRING (116.38448 39.911275, 116.384982 39.911296)",1,42.88,residential,6,,,,auto,
611,,1505,247,251,1,"LINESTRING (116.384982 39.911296, 116.384882 39.912719)",1,158.46,residential,6,,,,auto,
612,,1505,251,247,1,"LINESTRING (116.384882 39.912719, 116.384982 39.911296)",1,158.46,residential,6,,,,auto,
613,广场西侧路,1618,252,198,1,"LINESTRING (116.389561 39.903611, 116.389641 39.90174)",1,208.16,secondary,4,,,,auto,
614,西长安街,1619,206,253,1,"LINESTRING (116.382841 39.906028, 116.382468 39.906008)",1,31.89,trunk,2,,,,auto,
615,南长街,1907,149,254,1,"LINESTRING (116.385675 39.90656, 116.385675 39.906473)",1,9.67,tertiary,5,,,,auto,
616,南长街,1907,254,149,1,"LINESTRING (116.385675 39.906473, 116.385675 39.90656)",1,9.67,tertiary,5,,,,auto,
617,南长街,1908,149,146,1,"LINESTRING (116.385675 39.90656, 116.385649 39.906805)",1,27.33,tertiary,5,,,,auto,
618,南长街,1908,146,149,1,"LINESTRING (116.385649 39.906805, 116.385675 39.90656)",1,27.33,tertiary,5,,,,auto,
619,南池子大街,2456,132,36,1,"LINESTRING (116.396792 39.912137, 116.396763 39.91317)",1,114.89,tertiary,5,,1,,auto,
620,南池子大街,2456,36,132,1,"LINESTRING (116.396763 39.91317, 116.396792 39.912137)",1,114.89,tertiary,5,,1,,auto,
621,南池子大街,2457,132,130,1,"LINESTRING (116.396792 39.912137, 116.396825 39.911373)",1,85.00,tertiary,5,,1,,auto,
622,南池子大街,2457,130,132,1,"LINESTRING (116.396825 39.911373, 116.396792 39.912137)",1,85.00,tertiary,5,,1,,auto,
623,,2473,197,255,1,"LINESTRING (116.39904 39.911926, 116.399041 39.91188)",1,5.12,residential,6,,,,auto,
624,,2473,255,197,1,"LINESTRING (116.399041 39.91188, 116.39904 39.911926)",1,5.12,residential,6,,,,auto,
625,,2474,197,138,1,"LINESTRING (116.39904 39.911926, 116.399091 39.911965)",1,6.14,residential,6,,,,auto,
626,,2474,138,197,1,"LINESTRING (116.399091 39.911965, 116.39904 39.911926)",1,6.14,residential,6,,,,auto,
627,,2475,255,153,1,"LINESTRING (116.399041 39.91188, 116.399044 39.911646)",1,26.02,residential,6,,,,auto,
628,,2475,153,255,1,"LINESTRING (116.399044 39.911646, 116.399041 39.91188)",1,26.02,residential,6,,,,auto,
629,,2476,255,197,1,"LINESTRING (116.399041 39.91188, 116.39904 39.911926)",1,5.12,residential,6,,,,auto,
630,,2476,197,255,1,"LINESTRING (116.39904 39.911926, 116.399041 39.91188)",1,5.12,residential,6,,,,auto,
631,,2477,153,129,1,"LINESTRING (116.399044 39.911646, 116.39901 39.91155)",1,11.06,residential,6,,,,auto,
632,,2477,129,153,1,"LINESTRING (116.39901 39.91155, 116.399044 39.911646)",1,11.06,residential,6,,,,auto,
633,,2478,153,255,1,"LINESTRING (116.399044 39.911646, 116.399041 39.91188)",1,26.02,residential,6,,,,auto,
634,,2478,255,153,1,"LINESTRING (116.399041 39.91188, 116.399044 39.911646)",1,26.02,residential,6,,,,auto,
635,普渡寺前巷,2494,127,144,1,"LINESTRING (116.398625 39.91145, 116.398476 39.911444)",1,12.73,residential,6,,,,auto,
636,普渡寺前巷,2494,144,127,1,"LINESTRING (116.398476 39.911444, 116.398625 39.91145)",1,12.73,residential,6,,,,auto,
637,普渡寺前巷,2495,127,126,1,"LINESTRING (116.398625 39.91145, 116.398989 39.911474)",1,31.16,residential,6,,,,auto,
638,普渡寺前巷,2495,126,127,1,"LINESTRING (116.398989 39.911474, 116.398625 39.91145)",1,31.16,residential,6,,,,auto,
639,东华门大街,2521,83,37,1,"LINESTRING (116.39836 39.913814, 116.397381 39.913798)",1,83.52,secondary,4,,,,auto,
640,东华门大街,2521,37,83,1,"LINESTRING (116.397381 39.913798, 116.39836 39.913814)",1,83.52,secondary,4,,,,auto,
641,东华门大街,2522,83,115,1,"LINESTRING (116.39836 39.913814, 116.398842 39.913836)",1,41.18,secondary,4,,,,auto,
642,东华门大街,2522,115,83,1,"LINESTRING (116.398842 39.913836, 116.39836 39.913814)",1,41.18,secondary,4,,,,auto,
643,南河沿大街,2524,27,25,1,"LINESTRING (116.400414 39.906809, 116.400416 39.906864)",1,6.12,secondary,4,,,,auto,
644,南河沿大街,2524,25,27,1,"LINESTRING (116.400416 39.906864, 116.400414 39.906809)",1,6.12,secondary,4,,,,auto,
645,南河沿大街,2525,27,256,1,"LINESTRING (116.400414 39.906809, 116.400407 39.906607)",1,22.47,secondary,4,,,,auto,
646,南河沿大街,2525,256,27,1,"LINESTRING (116.400407 39.906607, 116.400414 39.906809)",1,22.47,secondary,4,,,,auto,
647,正义路,2528,176,257,1,"LINESTRING (116.400578 39.906282, 116.400556 39.90645)",1,18.77,tertiary,5,,,,auto,
648,正义路,2531,258,216,1,"LINESTRING (116.400266 39.906271, 116.400341 39.90536)",1,101.50,tertiary,5,,,,auto,
649,东长安街,2534,259,59,1,"LINESTRING (116.400019 39.9066, 116.397381 39.90653)",1,225.15,trunk,2,,5,,auto,
650,南长街,2628,141,139,1,"LINESTRING (116.385447 39.909798, 116.385485 39.909256)",1,60.35,tertiary,5,,,,auto,
651,南长街,2628,139,141,1,"LINESTRING (116.385485 39.909256, 116.385447 39.909798)",1,60.35,tertiary,5,,,,auto,
652,南长街,2629,141,210,1,"LINESTRING (116.385447 39.909798, 116.385474 39.910118)",1,35.66,tertiary,5,,,,auto,
653,南长街,2629,210,141,1,"LINESTRING (116.385474 39.910118, 116.385447 39.909798)",1,35.66,tertiary,5,,,,auto,
654,西交民巷,2677,104,215,1,"LINESTRING (116.388681 39.900484, 116.389491 39.900516)",1,69.19,tertiary,5,,,,auto,
655,人大会堂西路,2695,78,76,1,"LINESTRING (116.385453 39.900329, 116.385443 39.900399)",1,7.83,tertiary,5,,,,auto,
656,人大会堂西路,2695,76,78,1,"LINESTRING (116.385443 39.900399, 116.385453 39.900329)",1,7.83,tertiary,5,,,,auto,
657,骑河楼南巷,2732,88,82,1,"LINESTRING (116.397332 39.914301, 116.397351 39.914282)",1,2.66,residential,6,,,,auto,
658,骑河楼南巷,2732,82,88,1,"LINESTRING (116.397351 39.914282, 116.397332 39.914301)",1,2.66,residential,6,,,,auto,
659,骑河楼南巷,2733,88,87,1,"LINESTRING (116.397332 39.914301, 116.39731 39.914408)",1,12.04,residential,6,,,,auto,
660,骑河楼南巷,2733,87,88,1,"LINESTRING (116.39731 39.914408, 116.397332 39.914301)",1,12.04,residential,6,,,,auto,
661,骑河楼南巷,2734,82,37,1,"LINESTRING (116.397351 39.914282, 116.397381 39.913798)",1,53.88,residential,6,,,,auto,
662,骑河楼南巷,2734,37,82,1,"LINESTRING (116.397381 39.913798, 116.397351 39.914282)",1,53.88,residential,6,,,,auto,
663,骑河楼南巷,2735,82,88,1,"LINESTRING (116.397351 39.914282, 116.397332 39.914301)",1,2.66,residential,6,,,,auto,
664,骑河楼南巷,2735,88,82,1,"LINESTRING (116.397332 39.914301, 116.397351 39.914282)",1,2.66,residential,6,,,,auto,
665,,2736,118,120,1,"LINESTRING (116.399425 39.911201, 116.399372 39.911973)",1,85.96,residential,6,,,,auto,
666,,2736,120,118,1,"LINESTRING (116.399372 39.911973, 116.399425 39.911201)",1,85.96,residential,6,,,,auto,
667,,2737,118,117,1,"LINESTRING (116.399425 39.911201, 116.399432 39.910767)",1,48.26,residential,6,,,,auto,
668,,2737,117,118,1,"LINESTRING (116.399432 39.910767, 116.399425 39.911201)",1,48.26,residential,6,,,,auto,
669,,2738,128,119,1,"LINESTRING (116.398994 39.911202, 116.398998 39.910768)",1,48.26,residential,6,,,,auto,
670,,2738,119,128,1,"LINESTRING (116.398998 39.910768, 116.398994 39.911202)",1,48.26,residential,6,,,,auto,
671,,2739,128,126,1,"LINESTRING (116.398994 39.911202, 116.398989 39.911474)",1,30.25,residential,6,,,,auto,
672,,2739,126,128,1,"LINESTRING (116.398989 39.911474, 116.398994 39.911202)",1,30.25,residential,6,,,,auto,
673,大宴乐胡同,2742,135,133,1,"LINESTRING (116.384608 39.90786, 116.384652 39.906967)",1,99.37,residential,6,,,,auto,
674,大宴乐胡同,2742,133,135,1,"LINESTRING (116.384652 39.906967, 116.384608 39.90786)",1,99.37,residential,6,,,,auto,
675,大宴乐胡同,2743,135,187,1,"LINESTRING (116.384608 39.90786, 116.384579 39.908433)",1,63.76,residential,6,,,,auto,
676,大宴乐胡同,2743,187,135,1,"LINESTRING (116.384579 39.908433, 116.384608 39.90786)",1,63.76,residential,6,,,,auto,
677,大宴乐胡同,2762,134,145,1,"LINESTRING (116.385491 39.906984, 116.385618 39.906987)",1,10.84,residential,6,,,,auto,
678,大宴乐胡同,2762,145,134,1,"LINESTRING (116.385618 39.906987, 116.385491 39.906984)",1,10.84,residential,6,,,,auto,
679,大宴乐胡同,2763,134,133,1,"LINESTRING (116.385491 39.906984, 116.384652 39.906967)",1,71.59,residential,6,,,,auto,
680,大宴乐胡同,2763,133,134,1,"LINESTRING (116.384652 39.906967, 116.385491 39.906984)",1,71.59,residential,6,,,,auto,
681,南长街,2765,140,260,1,"LINESTRING (116.385577 39.908098, 116.385582 39.907977)",1,13.46,tertiary,5,,,,auto,
682,南长街,2765,260,140,1,"LINESTRING (116.385582 39.907977, 116.385577 39.908098)",1,13.46,tertiary,5,,,,auto,
683,南长街,2766,140,139,1,"LINESTRING (116.385577 39.908098, 116.385485 39.909256)",1,129.00,tertiary,5,,,,auto,
684,南长街,2766,139,140,1,"LINESTRING (116.385485 39.909256, 116.385577 39.908098)",1,129.00,tertiary,5,,,,auto,
685,南河沿大街,2838,54,52,1,"LINESTRING (116.400572 39.910592, 116.400572 39.910653)",1,6.78,secondary,4,,,,auto,
686,南河沿大街,2838,52,54,1,"LINESTRING (116.400572 39.910653, 116.400572 39.910592)",1,6.78,secondary,4,,,,auto,
687,南河沿大街,2839,54,165,1,"LINESTRING (116.400572 39.910592, 116.400567 39.910184)",1,45.37,secondary,4,,,,auto,
688,南河沿大街,2839,165,54,1,"LINESTRING (116.400567 39.910184, 116.400572 39.910592)",1,45.37,secondary,4,,,,auto,
689,,2940,158,93,1,"LINESTRING (116.402627 39.90902, 116.402664 39.907916)",1,122.80,residential,6,,,,auto,
690,,2940,93,158,1,"LINESTRING (116.402664 39.907916, 116.402627 39.90902)",1,122.80,residential,6,,,,auto,
691,,2941,158,156,1,"LINESTRING (116.402627 39.90902, 116.402621 39.909194)",1,19.35,residential,6,,,,auto,
692,,2941,156,158,1,"LINESTRING (116.402621 39.909194, 116.402627 39.90902)",1,19.35,residential,6,,,,auto,
693,南池子大街,3665,185,183,1,"LINESTRING (116.397071 39.906928, 116.397066 39.907018)",1,10.02,tertiary,5,,1,,auto,
694,南池子大街,3665,183,185,1,"LINESTRING (116.397066 39.907018, 116.397071 39.906928)",1,10.02,tertiary,5,,1,,auto,
695,南池子大街,3666,185,261,1,"LINESTRING (116.397071 39.906928, 116.397074 39.906895)",1,3.68,tertiary,5,,,,auto,
696,南池子大街,3666,261,185,1,"LINESTRING (116.397074 39.906895, 116.397071 39.906928)",1,3.68,tertiary,5,,,,auto,
697,南池子大街,3667,261,185,1,"LINESTRING (116.397074 39.906895, 116.397071 39.906928)",1,3.68,tertiary,5,,,,auto,
698,南池子大街,3667,185,261,1,"LINESTRING (116.397071 39.906928, 116.397074 39.906895)",1,3.68,tertiary,5,,,,auto,
699,南池子大街,3668,261,218,1,"LINESTRING (116.397074 39.906895, 116.397081 39.906803)",1,10.25,tertiary,5,,,,auto,
700,南池子大街,3668,218,261,1,"LINESTRING (116.397081 39.906803, 116.397074 39.906895)",1,10.25,tertiary,5,,,,auto,
701,南池子大街,3688,219,217,1,"LINESTRING (116.397086 39.906728, 116.397084 39.906772)",1,4.90,tertiary,5,,,,auto,
702,南池子大街,3688,217,219,1,"LINESTRING (116.397084 39.906772, 116.397086 39.906728)",1,4.90,tertiary,5,,,,auto,
703,南池子大街,3689,219,60,1,"LINESTRING (116.397086 39.906728, 116.397096 39.906522)",1,22.92,tertiary,5,,,,auto,
704,南池子大街,3689,60,219,1,"LINESTRING (116.397096 39.906522, 116.397086 39.906728)",1,22.92,tertiary,5,,,,auto,
705,东长安街,4073,262,263,1,"LINESTRING (116.397139 39.906315, 116.397406 39.906342)",1,22.97,trunk,2,,,,auto,
706,新大路,4501,109,108,1,"LINESTRING (116.393763 39.901562, 116.394625 39.901579)",1,73.56,residential,6,,,,auto,
707,新大路,4501,108,109,1,"LINESTRING (116.394625 39.901579, 116.393763 39.901562)",1,73.56,residential,6,,,,auto,
708,新大路,4502,109,107,1,"LINESTRING (116.393763 39.901562, 116.393578 39.901558)",1,15.79,residential,6,,,,auto,
709,新大路,4502,107,109,1,"LINESTRING (116.393578 39.901558, 116.393763 39.901562)",1,15.79,residential,6,,,,auto,
710,人大会堂西路,4587,8,264,1,"LINESTRING (116.385463 39.901901, 116.385436 39.901875)",1,3.70,tertiary,5,,,,auto,
711,人大会堂西路,4587,264,8,1,"LINESTRING (116.385436 39.901875, 116.385463 39.901901)",1,3.70,tertiary,5,,,,auto,
712,人大会堂西路,4588,8,5,1,"LINESTRING (116.385463 39.901901, 116.385592 39.901994)",1,15.10,tertiary,5,,,,auto,
713,人大会堂西路,4588,5,8,1,"LINESTRING (116.385592 39.901994, 116.385463 39.901901)",1,15.10,tertiary,5,,,,auto,
714,人大会堂西路,4589,265,221,1,"LINESTRING (116.385751 39.901946, 116.385821 39.901921)",1,6.59,tertiary,5,,,,auto,
715,人大会堂西路,4589,221,265,1,"LINESTRING (116.385821 39.901921, 116.385751 39.901946)",1,6.59,tertiary,5,,,,auto,
716,人大会堂西路,4590,265,6,1,"LINESTRING (116.385751 39.901946, 116.385673 39.901972)",1,7.25,tertiary,5,,,,auto,
717,人大会堂西路,4590,6,265,1,"LINESTRING (116.385673 39.901972, 116.385751 39.901946)",1,7.25,tertiary,5,,,,auto,
718,人大会堂西路,4591,14,12,1,"LINESTRING (116.386542 39.901558, 116.386719 39.901488)",1,16.99,tertiary,5,,,,auto,
719,人大会堂西路,4591,12,14,1,"LINESTRING (116.386719 39.901488, 116.386542 39.901558)",1,16.99,tertiary,5,,,,auto,
720,人大会堂西路,4592,14,10,1,"LINESTRING (116.386542 39.901558, 116.386523 39.901568)",1,1.97,tertiary,5,,,,auto,
721,人大会堂西路,4592,10,14,1,"LINESTRING (116.386523 39.901568, 116.386542 39.901558)",1,1.97,tertiary,5,,,,auto,
722,人大会堂西路,4593,13,191,1,"LINESTRING (116.386888 39.901453, 116.38711 39.901435)",1,19.04,tertiary,5,,,,auto,
723,人大会堂西路,4593,191,13,1,"LINESTRING (116.38711 39.901435, 116.386888 39.901453)",1,19.04,tertiary,5,,,,auto,
724,人大会堂西路,4594,13,12,1,"LINESTRING (116.386888 39.901453, 116.386719 39.901488)",1,14.93,tertiary,5,,,,auto,
725,人大会堂西路,4594,12,13,1,"LINESTRING (116.386719 39.901488, 116.386888 39.901453)",1,14.93,tertiary,5,,,,auto,
726,南河沿大街,4733,98,91,1,"LINESTRING (116.400449 39.907491, 116.400504 39.908211)",1,80.20,secondary,4,,,,auto,
727,南河沿大街,4733,91,98,1,"LINESTRING (116.400504 39.908211, 116.400449 39.907491)",1,80.20,secondary,4,,,,auto,
728,南河沿大街,4734,98,26,1,"LINESTRING (116.400449 39.907491, 116.40043 39.907258)",1,25.96,secondary,4,,,,auto,
729,南河沿大街,4734,26,98,1,"LINESTRING (116.40043 39.907258, 116.400449 39.907491)",1,25.96,secondary,4,,,,auto,
730,南池子大街,4744,155,154,1,"LINESTRING (116.397048 39.907395, 116.397039 39.907574)",1,19.92,tertiary,5,,1,,auto,
731,南池子大街,4744,154,155,1,"LINESTRING (116.397039 39.907574, 116.397048 39.907395)",1,19.92,tertiary,5,,1,,auto,
732,南池子大街,4745,155,186,1,"LINESTRING (116.397048 39.907395, 116.397051 39.907336)",1,6.57,tertiary,5,,1,,auto,
733,南池子大街,4745,186,155,1,"LINESTRING (116.397051 39.907336, 116.397048 39.907395)",1,6.57,tertiary,5,,1,,auto,
734,南池子大街,4764,152,125,1,"LINESTRING (116.397023 39.907899, 116.397014 39.90807)",1,19.03,tertiary,5,,1,,auto,
735,南池子大街,4764,125,152,1,"LINESTRING (116.397014 39.90807, 116.397023 39.907899)",1,19.03,tertiary,5,,1,,auto,
736,南池子大街,4765,152,154,1,"LINESTRING (116.397023 39.907899, 116.397039 39.907574)",1,36.16,tertiary,5,,1,,auto,
737,南池子大街,4765,154,152,1,"LINESTRING (116.397039 39.907574, 116.397023 39.907899)",1,36.16,tertiary,5,,1,,auto,
738,,4815,266,4,1,"LINESTRING (116.393097 39.905897, 116.39308 39.906126)",1,25.50,secondary,4,,,,auto,
739,广场西侧路,4818,267,252,1,"LINESTRING (116.389456 39.90582, 116.389561 39.903611)",1,245.79,secondary,4,,,,auto,
740,,4826,60,227,1,"LINESTRING (116.397096 39.906522, 116.397014 39.906425)",1,12.86,tertiary,5,,,,auto,
741,,4826,227,60,1,"LINESTRING (116.397014 39.906425, 116.397096 39.906522)",1,12.86,tertiary,5,,,,auto,
742,东长安街,4827,60,268,1,"LINESTRING (116.397096 39.906522, 116.396605 39.906504)",1,41.93,trunk,2,,5,,auto,
743,南池子大街,4828,60,219,1,"LINESTRING (116.397096 39.906522, 116.397086 39.906728)",1,22.92,tertiary,5,,,,auto,
744,南池子大街,4828,219,60,1,"LINESTRING (116.397086 39.906728, 116.397096 39.906522)",1,22.92,tertiary,5,,,,auto,
745,人大会堂西路,4967,224,269,1,"LINESTRING (116.385483 39.904299, 116.38553 39.903301)",1,111.04,tertiary,5,,,,auto,
746,人大会堂西路,4967,269,224,1,"LINESTRING (116.38553 39.903301, 116.385483 39.904299)",1,111.04,tertiary,5,,,,auto,
747,人大会堂西路,4968,224,223,1,"LINESTRING (116.385483 39.904299, 116.38544 39.905208)",1,101.14,tertiary,5,,,,auto,
748,人大会堂西路,4968,223,224,1,"LINESTRING (116.38544 39.905208, 116.385483 39.904299)",1,101.14,tertiary,5,,,,auto,
749,人大会堂西路,5008,222,7,1,"LINESTRING (116.385576 39.90249, 116.38559 39.902168)",1,35.82,tertiary,5,,,,auto,
750,人大会堂西路,5008,7,222,1,"LINESTRING (116.38559 39.902168, 116.385576 39.90249)",1,35.82,tertiary,5,,,,auto,
751,人大会堂西路,5009,222,269,1,"LINESTRING (116.385576 39.90249, 116.38553 39.903301)",1,90.26,tertiary,5,,,,auto,
752,人大会堂西路,5009,269,222,1,"LINESTRING (116.38553 39.903301, 116.385576 39.90249)",1,90.26,tertiary,5,,,,auto,
753,南河沿大街,5144,163,165,1,"LINESTRING (116.400558 39.90982, 116.400567 39.910184)",1,40.48,secondary,4,,,,auto,
754,南河沿大街,5144,165,163,1,"LINESTRING (116.400567 39.910184, 116.400558 39.90982)",1,40.48,secondary,4,,,,auto,
755,南河沿大街,5145,163,161,1,"LINESTRING (116.400558 39.90982, 116.400568 39.90963)",1,21.14,secondary,4,,,,auto,
756,南河沿大街,5145,161,163,1,"LINESTRING (116.400568 39.90963, 116.400558 39.90982)",1,21.14,secondary,4,,,,auto,
757,,5325,159,156,1,"LINESTRING (116.402616 39.909284, 116.402621 39.909194)",1,10.02,residential,6,,,,auto,
758,,5325,156,159,1,"LINESTRING (116.402621 39.909194, 116.402616 39.909284)",1,10.02,residential,6,,,,auto,
759,,5326,159,205,1,"LINESTRING (116.402616 39.909284, 116.402589 39.909797)",1,57.09,residential,6,,,,auto,
760,,5326,205,159,1,"LINESTRING (116.402589 39.909797, 116.402616 39.909284)",1,57.09,residential,6,,,,auto,
761,南口袋胡同,5329,160,170,1,"LINESTRING (116.402431 39.90919, 116.401195 39.909163)",1,105.47,residential,6,,,,auto,
762,南口袋胡同,5329,170,160,1,"LINESTRING (116.401195 39.909163, 116.402431 39.90919)",1,105.47,residential,6,,,,auto,
763,南口袋胡同,5330,160,156,1,"LINESTRING (116.402431 39.90919, 116.402621 39.909194)",1,16.21,residential,6,,,,auto,
764,南口袋胡同,5330,156,160,1,"LINESTRING (116.402621 39.909194, 116.402431 39.90919)",1,16.21,residential,6,,,,auto,
765,大纱帽胡同,5333,157,156,1,"LINESTRING (116.402752 39.909188, 116.402621 39.909194)",1,11.19,residential,6,,,,auto,
766,大纱帽胡同,5333,156,157,1,"LINESTRING (116.402621 39.909194, 116.402752 39.909188)",1,11.19,residential,6,,,,auto,
767,大甜水井胡同,5336,270,51,1,"LINESTRING (116.402314 39.910627, 116.401128 39.910669)",1,101.26,residential,6,,,,auto,
768,大甜水井胡同,5336,51,270,1,"LINESTRING (116.401128 39.910669, 116.402314 39.910627)",1,101.26,residential,6,,,,auto,
769,大甜水井胡同,5337,51,270,1,"LINESTRING (116.401128 39.910669, 116.402314 39.910627)",1,101.26,residential,6,,,,auto,
770,大甜水井胡同,5337,270,51,1,"LINESTRING (116.402314 39.910627, 116.401128 39.910669)",1,101.26,residential,6,,,,auto,
771,大甜水井胡同,5338,51,48,1,"LINESTRING (116.401128 39.910669, 116.401054 39.910673)",1,6.33,residential,6,,,,auto,
772,大甜水井胡同,5338,48,51,1,"LINESTRING (116.401054 39.910673, 116.401128 39.910669)",1,6.33,residential,6,,,,auto,
773,南河沿大街,5339,31,28,1,"LINESTRING (116.400577 39.910729, 116.400542 39.911615)",1,98.56,secondary,4,,,,auto,
774,南河沿大街,5339,28,31,1,"LINESTRING (116.400542 39.911615, 116.400577 39.910729)",1,98.56,secondary,4,,,,auto,
775,南河沿大街,5340,31,52,1,"LINESTRING (116.400577 39.910729, 116.400572 39.910653)",1,8.46,secondary,4,,,,auto,
776,南河沿大街,5340,52,31,1,"LINESTRING (116.400572 39.910653, 116.400577 39.910729)",1,8.46,secondary,4,,,,auto,
777,东皇城门南街,5341,53,271,1,"LINESTRING (116.400708 39.910656, 116.400956 39.910666)",1,21.18,unclassified,20,,,,auto,
778,东皇城门南街,5342,271,48,1,"LINESTRING (116.400956 39.910666, 116.401054 39.910673)",1,8.39,unclassified,20,,,,auto,
779,晨光街,5343,50,29,1,"LINESTRING (116.401051 39.910772, 116.40104 39.91163)",1,95.41,unclassified,20,,,,auto,
780,晨光街,5344,49,48,1,"LINESTRING (116.401057 39.91058, 116.401054 39.910673)",1,10.34,residential,6,,,,auto,
781,晨光街,5344,48,49,1,"LINESTRING (116.401054 39.910673, 116.401057 39.91058)",1,10.34,residential,6,,,,auto,
782,晨光街,5345,49,166,1,"LINESTRING (116.401057 39.91058, 116.401076 39.910184)",1,44.06,residential,6,,,,auto,
783,晨光街,5345,166,49,1,"LINESTRING (116.401076 39.910184, 116.401057 39.91058)",1,44.06,residential,6,,,,auto,
784,南口袋胡同,5346,170,168,1,"LINESTRING (116.401195 39.909163, 116.401096 39.909165)",1,8.45,residential,6,,,,auto,
785,南口袋胡同,5346,168,170,1,"LINESTRING (116.401096 39.909165, 116.401195 39.909163)",1,8.45,residential,6,,,,auto,
786,南口袋胡同,5347,170,160,1,"LINESTRING (116.401195 39.909163, 116.402431 39.90919)",1,105.47,residential,6,,,,auto,
787,南口袋胡同,5347,160,170,1,"LINESTRING (116.402431 39.90919, 116.401195 39.909163)",1,105.47,residential,6,,,,auto,
788,西长安街,5573,201,220,1,"LINESTRING (116.38555 39.905897, 116.386644 39.905923)",1,93.36,trunk,2,,,,auto,
789,人大会堂西路,5574,201,199,1,"LINESTRING (116.38555 39.905897, 116.38543 39.905693)",1,24.89,tertiary,5,,,,auto,
790,人大会堂西路,5574,199,201,1,"LINESTRING (116.38543 39.905693, 116.38555 39.905897)",1,24.89,tertiary,5,,,,auto,
791,南长街,5575,201,64,1,"LINESTRING (116.38555 39.905897, 116.385634 39.906142)",1,28.17,tertiary,5,,,,auto,
792,南长街,5575,64,201,1,"LINESTRING (116.385634 39.906142, 116.38555 39.905897)",1,28.17,tertiary,5,,,,auto,
793,西长安街,5577,207,201,1,"LINESTRING (116.385121 39.905886, 116.38555 39.905897)",1,36.61,trunk,2,,,,auto,
794,东长安街,5611,272,273,1,"LINESTRING (116.396658 39.906245, 116.396682 39.906247)",1,2.06,trunk,2,,,,auto,
795,,5612,58,2,1,"LINESTRING (116.38943 39.90626, 116.389446 39.906016)",1,27.17,secondary,4,,,,auto,
796,西长安街,5613,58,274,1,"LINESTRING (116.38943 39.90626, 116.388923 39.906245)",1,43.28,trunk,2,70,5,,auto,
797,西长安街,5614,2,275,1,"LINESTRING (116.389446 39.906016, 116.389865 39.906028)",1,35.76,trunk,2,,,,auto,
798,广场西侧路,5615,2,267,1,"LINESTRING (116.389446 39.906016, 116.389456 39.90582)",1,21.81,secondary,4,,,,auto,
799,,5616,228,227,1,"LINESTRING (116.396866 39.906276, 116.397014 39.906425)",1,20.83,tertiary,5,,,,auto,
800,,5616,227,228,1,"LINESTRING (116.397014 39.906425, 116.396866 39.906276)",1,20.83,tertiary,5,,,,auto,
801,东长安街,5617,228,262,1,"LINESTRING (116.396866 39.906276, 116.397139 39.906315)",1,23.69,trunk,2,,,,auto,
802,东长安街,5619,4,276,1,"LINESTRING (116.39308 39.906126, 116.393709 39.906147)",1,53.70,trunk,2,,,,auto,
803,,5620,4,66,1,"LINESTRING (116.39308 39.906126, 116.39307 39.906373)",1,27.48,secondary,4,,,,auto,
804,东长安街,5621,66,277,1,"LINESTRING (116.39307 39.906373, 116.392602 39.906358)",1,39.95,trunk,2,70,5,,auto,
805,南长街,5629,203,64,1,"LINESTRING (116.385676 39.906385, 116.385634 39.906142)",1,27.26,tertiary,5,,,,auto,
806,南长街,5629,64,203,1,"LINESTRING (116.385634 39.906142, 116.385676 39.906385)",1,27.26,tertiary,5,,,,auto,
807,南长街,5630,203,254,1,"LINESTRING (116.385676 39.906385, 116.385675 39.906473)",1,9.79,tertiary,5,,,,auto,
808,南长街,5630,254,203,1,"LINESTRING (116.385675 39.906473, 116.385676 39.906385)",1,9.79,tertiary,5,,,,auto,
809,人大会堂西路,5633,200,225,1,"LINESTRING (116.38542 39.905567, 116.385423 39.905528)",1,4.34,tertiary,5,,,,auto,
810,人大会堂西路,5633,225,200,1,"LINESTRING (116.385423 39.905528, 116.38542 39.905567)",1,4.34,tertiary,5,,,,auto,
811,人大会堂西路,5634,200,199,1,"LINESTRING (116.38542 39.905567, 116.38543 39.905693)",1,14.04,tertiary,5,,,,auto,
812,人大会堂西路,5634,199,200,1,"LINESTRING (116.38543 39.905693, 116.38542 39.905567)",1,14.04,tertiary,5,,,,auto,
813,西长安街,5637,274,278,1,"LINESTRING (116.388923 39.906245, 116.387474 39.906202)",1,123.69,trunk,2,70,5,,auto,
814,西长安街,5638,275,3,1,"LINESTRING (116.389865 39.906028, 116.392631 39.906113)",1,236.12,trunk,2,,,,auto,
815,东长安街,5639,277,57,1,"LINESTRING (116.392602 39.906358, 116.38984 39.906273)",1,235.78,trunk,2,70,5,,auto,
816,东长安街,5640,276,279,1,"LINESTRING (116.393709 39.906147, 116.395041 39.906185)",1,113.69,trunk,2,,,,auto,
817,东长安街,5641,268,280,1,"LINESTRING (116.396605 39.906504, 116.396126 39.906492)",1,40.88,trunk,2,,5,,auto,
818,东长安街,5642,273,228,1,"LINESTRING (116.396682 39.906247, 116.396866 39.906276)",1,16.02,trunk,2,,,,auto,
819,东长安街,5643,263,226,1,"LINESTRING (116.397406 39.906342, 116.39747 39.906349)",1,5.51,trunk,2,,,,auto,
820,正义路,5644,281,258,1,"LINESTRING (116.400255 39.906437, 116.400266 39.906271)",1,18.48,tertiary,5,,,,auto,
821,东长安街,5645,281,257,1,"LINESTRING (116.400255 39.906437, 116.400556 39.90645)",1,25.72,primary,3,,,,auto,
822,,5646,257,256,1,"LINESTRING (116.400556 39.90645, 116.400407 39.906607)",1,21.59,tertiary,5,,,,auto,
823,东长安街,5647,174,256,1,"LINESTRING (116.400714 39.90662, 116.400407 39.906607)",1,26.23,trunk,2,,,,auto,
824,南河沿大街,5648,256,27,1,"LINESTRING (116.400407 39.906607, 116.400414 39.906809)",1,22.47,secondary,4,,,,auto,
825,南河沿大街,5648,27,256,1,"LINESTRING (116.400414 39.906809, 116.400407 39.906607)",1,22.47,secondary,4,,,,auto,
826,,5649,256,281,1,"LINESTRING (116.400407 39.906607, 116.400255 39.906437)",1,22.92,tertiary,5,,,,auto,
827,东长安街,5650,256,259,1,"LINESTRING (116.400407 39.906607, 116.400019 39.9066)",1,33.10,trunk,2,,5,,auto,
828,东长安街,5651,62,281,1,"LINESTRING (116.400026 39.906434, 116.400255 39.906437)",1,19.54,trunk,2,,,,auto,
829,西长安街,5654,278,282,1,"LINESTRING (116.387474 39.906202, 116.387218 39.906195)",1,21.85,trunk,2,70,5,,auto,
830,西长安街,5655,282,202,1,"LINESTRING (116.387218 39.906195, 116.386428 39.906169)",1,67.45,trunk,2,70,5,,auto,
831,东长安街,5656,280,283,1,"LINESTRING (116.396126 39.906492, 116.396013 39.906488)",1,9.65,trunk,2,,5,,auto,
832,东长安街,5657,283,284,1,"LINESTRING (116.396013 39.906488, 116.39582 39.906477)",1,16.51,trunk,2,,5,,auto,
833,东长安街,5658,284,65,1,"LINESTRING (116.39582 39.906477, 116.393616 39.906396)",1,188.21,trunk,2,,5,,auto,
834,东长安街,5659,279,272,1,"LINESTRING (116.395041 39.906185, 116.396658 39.906245)",1,138.09,trunk,2,,,,auto,
835,石碑胡同,5666,68,67,1,"LINESTRING (116.381995 39.905629, 116.382001 39.905811)",1,20.24,tertiary,5,,,,auto,
836,石碑胡同,5666,67,68,1,"LINESTRING (116.382001 39.905811, 116.381995 39.905629)",1,20.24,tertiary,5,,,,auto,
837,石碑胡同,5667,68,74,1,"LINESTRING (116.381995 39.905629, 116.38197 39.905122)",1,56.42,tertiary,5,,,,auto,
838,石碑胡同,5667,74,68,1,"LINESTRING (116.38197 39.905122, 116.381995 39.905629)",1,56.42,tertiary,5,,,,auto,
839,南河沿大街,5671,111,285,1,"LINESTRING (116.40049 39.912512, 116.400474 39.912672)",1,17.84,secondary,4,,,,auto,
840,南河沿大街,5671,285,111,1,"LINESTRING (116.400474 39.912672, 116.40049 39.912512)",1,17.84,secondary,4,,,,auto,
841,南河沿大街,5672,111,30,1,"LINESTRING (116.40049 39.912512, 116.400523 39.911999)",1,57.11,secondary,4,,,,auto,
842,南河沿大街,5672,30,111,1,"LINESTRING (116.400523 39.911999, 116.40049 39.912512)",1,57.11,secondary,4,,,,auto,
843,南河沿大街,5673,285,111,1,"LINESTRING (116.400474 39.912672, 116.40049 39.912512)",1,17.84,secondary,4,,,,auto,
844,南河沿大街,5673,111,285,1,"LINESTRING (116.40049 39.912512, 116.400474 39.912672)",1,17.84,secondary,4,,,,auto,
845,南河沿大街,5674,164,161,1,"LINESTRING (116.40056 39.909417, 116.400568 39.90963)",1,23.69,secondary,4,,,,auto,
846,南河沿大街,5674,161,164,1,"LINESTRING (116.400568 39.90963, 116.40056 39.909417)",1,23.69,secondary,4,,,,auto,
847,南河沿大街,5675,164,229,1,"LINESTRING (116.40056 39.909417, 116.400551 39.90918)",1,26.36,secondary,4,,,,auto,
848,南河沿大街,5675,229,164,1,"LINESTRING (116.400551 39.90918, 116.40056 39.909417)",1,26.36,secondary,4,,,,auto,
849,南河沿大街,5676,90,229,1,"LINESTRING (116.400515 39.908523, 116.400551 39.90918)",1,73.12,secondary,4,,,,auto,
850,南河沿大街,5676,229,90,1,"LINESTRING (116.400551 39.90918, 116.400515 39.908523)",1,73.12,secondary,4,,,,auto,
851,南河沿大街,5677,90,89,1,"LINESTRING (116.400515 39.908523, 116.400507 39.908388)",1,15.03,secondary,4,,,,auto,
852,南河沿大街,5677,89,90,1,"LINESTRING (116.400507 39.908388, 116.400515 39.908523)",1,15.03,secondary,4,,,,auto,
853,南长街,5678,147,145,1,"LINESTRING (116.385606 39.90731, 116.385618 39.906987)",1,35.93,tertiary,5,,,,auto,
854,南长街,5678,145,147,1,"LINESTRING (116.385618 39.906987, 116.385606 39.90731)",1,35.93,tertiary,5,,,,auto,
855,南长街,5679,147,260,1,"LINESTRING (116.385606 39.90731, 116.385582 39.907977)",1,74.20,tertiary,5,,,,auto,
856,南长街,5679,260,147,1,"LINESTRING (116.385582 39.907977, 116.385606 39.90731)",1,74.20,tertiary,5,,,,auto,
857,南长街,5680,260,147,1,"LINESTRING (116.385582 39.907977, 116.385606 39.90731)",1,74.20,tertiary,5,,,,auto,
858,南长街,5680,147,260,1,"LINESTRING (116.385606 39.90731, 116.385582 39.907977)",1,74.20,tertiary,5,,,,auto,
859,南长街,5681,260,140,1,"LINESTRING (116.385582 39.907977, 116.385577 39.908098)",1,13.46,tertiary,5,,,,auto,
860,南长街,5681,140,260,1,"LINESTRING (116.385577 39.908098, 116.385582 39.907977)",1,13.46,tertiary,5,,,,auto,
861,南长街,5682,45,211,1,"LINESTRING (116.38519 39.913044, 116.385387 39.911313)",1,193.21,tertiary,5,,,,auto,
862,南长街,5682,211,45,1,"LINESTRING (116.385387 39.911313, 116.38519 39.913044)",1,193.21,tertiary,5,,,,auto,
863,南长街,5683,45,43,1,"LINESTRING (116.38519 39.913044, 116.38518 39.913367)",1,35.93,tertiary,5,,,,auto,
864,南长街,5683,43,45,1,"LINESTRING (116.38518 39.913367, 116.38519 39.913044)",1,35.93,tertiary,5,,,,auto,
865,北长街,5684,44,43,1,"LINESTRING (116.385137 39.914367, 116.38518 39.913367)",1,111.26,tertiary,5,,,,auto,
866,北长街,5684,43,44,1,"LINESTRING (116.38518 39.913367, 116.385137 39.914367)",1,111.26,tertiary,5,,,,auto,
867,北长街,5685,44,214,1,"LINESTRING (116.385137 39.914367, 116.385143 39.914838)",1,52.38,tertiary,5,,,,auto,
868,北长街,5685,214,44,1,"LINESTRING (116.385143 39.914838, 116.385137 39.914367)",1,52.38,tertiary,5,,,,auto,
869,,5784,246,211,1,"LINESTRING (116.385197 39.911305, 116.385387 39.911313)",1,16.23,residential,6,,,,auto,
870,,5784,211,246,1,"LINESTRING (116.385387 39.911313, 116.385197 39.911305)",1,16.23,residential,6,,,,auto,
871,,5785,246,247,1,"LINESTRING (116.385197 39.911305, 116.384982 39.911296)",1,18.36,residential,6,,,,auto,
872,,5785,247,246,1,"LINESTRING (116.384982 39.911296, 116.385197 39.911305)",1,18.36,residential,6,,,,auto,
873,西华门大街,5850,42,41,1,"LINESTRING (116.385682 39.913388, 116.386329 39.913412)",1,55.25,unclassified,20,,,,auto,
874,西华门大街,5850,41,42,1,"LINESTRING (116.386329 39.913412, 116.385682 39.913388)",1,55.25,unclassified,20,,,,auto,
875,西华门大街,5851,42,43,1,"LINESTRING (116.385682 39.913388, 116.38518 39.913367)",1,42.88,unclassified,20,,,,auto,
876,西华门大街,5851,43,42,1,"LINESTRING (116.38518 39.913367, 116.385682 39.913388)",1,42.88,unclassified,20,,,,auto,
877,东华门大街,5855,33,286,1,"LINESTRING (116.395576 39.913738, 116.396198 39.913752)",1,53.07,unclassified,20,,1,,auto,
878,东华门大街,5855,286,33,1,"LINESTRING (116.396198 39.913752, 116.395576 39.913738)",1,53.07,unclassified,20,,1,,auto,
879,东华门大街,5856,33,32,1,"LINESTRING (116.395576 39.913738, 116.395476 39.913733)",1,8.55,unclassified,20,,,,auto,
880,东华门大街,5856,32,33,1,"LINESTRING (116.395476 39.913733, 116.395576 39.913738)",1,8.55,unclassified,20,,,,auto,
881,东华门大街,5857,286,33,1,"LINESTRING (116.396198 39.913752, 116.395576 39.913738)",1,53.07,unclassified,20,,1,,auto,
882,东华门大街,5857,33,286,1,"LINESTRING (116.395576 39.913738, 116.396198 39.913752)",1,53.07,unclassified,20,,1,,auto,
883,东华门大街,5858,286,38,1,"LINESTRING (116.396198 39.913752, 116.396612 39.913766)",1,35.34,unclassified,20,,,,auto,
884,东华门大街,5858,38,286,1,"LINESTRING (116.396612 39.913766, 116.396198 39.913752)",1,35.34,unclassified,20,,,,auto,
885,南池子大街,5861,218,261,1,"LINESTRING (116.397081 39.906803, 116.397074 39.906895)",1,10.25,tertiary,5,,,,auto,
886,南池子大街,5861,261,218,1,"LINESTRING (116.397074 39.906895, 116.397081 39.906803)",1,10.25,tertiary,5,,,,auto,
887,南池子大街,5862,218,217,1,"LINESTRING (116.397081 39.906803, 116.397084 39.906772)",1,3.46,tertiary,5,,,,auto,
888,南池子大街,5862,217,218,1,"LINESTRING (116.397084 39.906772, 116.397081 39.906803)",1,3.46,tertiary,5,,,,auto,
889,人大会堂西路,5867,225,223,1,"LINESTRING (116.385423 39.905528, 116.38544 39.905208)",1,35.61,tertiary,5,,,,auto,
890,人大会堂西路,5867,223,225,1,"LINESTRING (116.38544 39.905208, 116.385423 39.905528)",1,35.61,tertiary,5,,,,auto,
891,人大会堂西路,5868,225,200,1,"LINESTRING (116.385423 39.905528, 116.38542 39.905567)",1,4.34,tertiary,5,,,,auto,
892,人大会堂西路,5868,200,225,1,"LINESTRING (116.38542 39.905567, 116.385423 39.905528)",1,4.34,tertiary,5,,,,auto,
893,南长街,5869,254,203,1,"LINESTRING (116.385675 39.906473, 116.385676 39.906385)",1,9.79,tertiary,5,,,,auto,
894,南长街,5869,203,254,1,"LINESTRING (116.385676 39.906385, 116.385675 39.906473)",1,9.79,tertiary,5,,,,auto,
895,南长街,5870,254,149,1,"LINESTRING (116.385675 39.906473, 116.385675 39.90656)",1,9.67,tertiary,5,,,,auto,
896,南长街,5870,149,254,1,"LINESTRING (116.385675 39.90656, 116.385675 39.906473)",1,9.67,tertiary,5,,,,auto,
897,人大会堂西路,5871,196,195,1,"LINESTRING (116.389401 39.901498, 116.389652 39.901507)",1,21.43,tertiary,5,,,,auto,
898,人大会堂西路,5871,195,196,1,"LINESTRING (116.389652 39.901507, 116.389401 39.901498)",1,21.43,tertiary,5,,,,auto,
899,人大会堂西路,5872,196,100,1,"LINESTRING (116.389401 39.901498, 116.388201 39.901459)",1,102.46,tertiary,5,,,,auto,
900,人大会堂西路,5872,100,196,1,"LINESTRING (116.388201 39.901459, 116.389401 39.901498)",1,102.46,tertiary,5,,,,auto,
901,人大会堂西路,6043,269,222,1,"LINESTRING (116.38553 39.903301, 116.385576 39.90249)",1,90.26,tertiary,5,,,,auto,
902,人大会堂西路,6043,222,269,1,"LINESTRING (116.385576 39.90249, 116.38553 39.903301)",1,90.26,tertiary,5,,,,auto,
903,人大会堂西路,6044,269,224,1,"LINESTRING (116.38553 39.903301, 116.385483 39.904299)",1,111.04,tertiary,5,,,,auto,
904,人大会堂西路,6044,224,269,1,"LINESTRING (116.385483 39.904299, 116.38553 39.903301)",1,111.04,tertiary,5,,,,auto,
905,人大会堂西路,6071,10,14,1,"LINESTRING (116.386523 39.901568, 116.386542 39.901558)",1,1.97,tertiary,5,,,,auto,
906,人大会堂西路,6071,14,10,1,"LINESTRING (116.386542 39.901558, 116.386523 39.901568)",1,1.97,tertiary,5,,,,auto,
907,人大会堂西路,6072,10,9,1,"LINESTRING (116.386523 39.901568, 116.386284 39.901695)",1,24.80,tertiary,5,,,,auto,
908,人大会堂西路,6072,9,10,1,"LINESTRING (116.386284 39.901695, 116.386523 39.901568)",1,24.80,tertiary,5,,,,auto,
909,广场东侧路,6100,287,105,1,"LINESTRING (116.393441 39.899157, 116.393316 39.901552)",1,266.53,secondary,4,70,4,,auto,
910,晨光街,6106,96,169,1,"LINESTRING (116.401122 39.908297, 116.401117 39.908352)",1,6.13,residential,6,,,,auto,
911,晨光街,6106,169,96,1,"LINESTRING (116.401117 39.908352, 116.401122 39.908297)",1,6.13,residential,6,,,,auto,
912,晨光街,6107,96,95,1,"LINESTRING (116.401122 39.908297, 116.401136 39.908219)",1,8.76,residential,6,,,,auto,
913,晨光街,6107,95,96,1,"LINESTRING (116.401136 39.908219, 116.401122 39.908297)",1,8.76,residential,6,,,,auto,
914,晨光街,6108,169,168,1,"LINESTRING (116.401117 39.908352, 116.401096 39.909165)",1,90.42,residential,6,,,,auto,
915,晨光街,6108,168,169,1,"LINESTRING (116.401096 39.909165, 116.401117 39.908352)",1,90.42,residential,6,,,,auto,
916,晨光街,6109,169,96,1,"LINESTRING (116.401117 39.908352, 116.401122 39.908297)",1,6.13,residential,6,,,,auto,
917,晨光街,6109,96,169,1,"LINESTRING (116.401122 39.908297, 116.401117 39.908352)",1,6.13,residential,6,,,,auto,
918,霞公府街,6110,167,94,1,"LINESTRING (116.401592 39.907918, 116.401656 39.907907)",1,5.59,residential,6,,,,auto,
919,霞公府街,6110,94,167,1,"LINESTRING (116.401656 39.907907, 116.401592 39.907918)",1,5.59,residential,6,,,,auto,
920,霞公府街,6111,167,97,1,"LINESTRING (116.401592 39.907918, 116.401524 39.907944)",1,6.48,residential,6,,,,auto,
921,霞公府街,6111,97,167,1,"LINESTRING (116.401524 39.907944, 116.401592 39.907918)",1,6.48,residential,6,,,,auto,
922,霞公府街,6112,94,92,1,"LINESTRING (116.401656 39.907907, 116.401719 39.907901)",1,5.41,residential,6,,,,auto,
923,霞公府街,6112,92,94,1,"LINESTRING (116.401719 39.907901, 116.401656 39.907907)",1,5.41,residential,6,,,,auto,
924,霞公府街,6113,94,167,1,"LINESTRING (116.401656 39.907907, 116.401592 39.907918)",1,5.59,residential,6,,,,auto,
925,霞公府街,6113,167,94,1,"LINESTRING (116.401592 39.907918, 116.401656 39.907907)",1,5.59,residential,6,,,,auto,
926,东华门大街,6227,38,286,1,"LINESTRING (116.396612 39.913766, 116.396198 39.913752)",1,35.34,unclassified,20,,,,auto,
927,东华门大街,6227,286,38,1,"LINESTRING (116.396198 39.913752, 116.396612 39.913766)",1,35.34,unclassified,20,,,,auto,
928,东华门大街,6228,38,34,1,"LINESTRING (116.396612 39.913766, 116.396732 39.91377)",1,10.24,unclassified,20,,,,auto,
929,东华门大街,6228,34,38,1,"LINESTRING (116.396732 39.91377, 116.396612 39.913766)",1,10.24,unclassified,20,,,,auto,
930,广场东侧路,6279,190,288,1,"LINESTRING (116.39321 39.903804, 116.393179 39.904372)",1,63.21,secondary,4,70,4,,auto,
931,,6280,289,266,1,"LINESTRING (116.3931 39.905836, 116.393097 39.905897)",1,6.79,secondary,4,,,,auto,
932,广场东侧路,6339,188,189,1,"LINESTRING (116.393301 39.901895, 116.393214 39.903728)",1,203.96,secondary,4,70,4,,auto,
933,广场东侧路,6340,288,289,1,"LINESTRING (116.393179 39.904372, 116.3931 39.905836)",1,162.93,secondary,4,70,5,,auto,
934,正义路,6343,177,175,1,"LINESTRING (116.400616 39.905448, 116.400578 39.906228)",1,86.79,tertiary,5,,,,auto,
935,东绒线胡同,6379,290,19,1,"LINESTRING (116.381346 39.902967, 116.381633 39.902976)",1,24.50,residential,6,,,,auto,
936,东绒线胡同,6379,19,290,1,"LINESTRING (116.381633 39.902976, 116.381346 39.902967)",1,24.50,residential,6,,,,auto,
937,石碑胡同,6463,24,22,1,"LINESTRING (116.381872 39.90429, 116.38191 39.904578)",1,32.19,tertiary,5,,,,auto,
938,石碑胡同,6463,22,24,1,"LINESTRING (116.38191 39.904578, 116.381872 39.90429)",1,32.19,tertiary,5,,,,auto,
939,石碑胡同,6464,24,21,1,"LINESTRING (116.381872 39.90429, 116.381831 39.903999)",1,32.55,tertiary,5,,,,auto,
940,石碑胡同,6464,21,24,1,"LINESTRING (116.381831 39.903999, 116.381872 39.90429)",1,32.55,tertiary,5,,,,auto,
941,石碑胡同,6465,291,292,1,"LINESTRING (116.381944 39.904851, 116.381957 39.904985)",1,14.94,tertiary,5,,,,auto,
942,石碑胡同,6465,292,291,1,"LINESTRING (116.381957 39.904985, 116.381944 39.904851)",1,14.94,tertiary,5,,,,auto,
943,石碑胡同,6466,291,23,1,"LINESTRING (116.381944 39.904851, 116.381927 39.904716)",1,15.08,tertiary,5,,,,auto,
944,石碑胡同,6466,23,291,1,"LINESTRING (116.381927 39.904716, 116.381944 39.904851)",1,15.08,tertiary,5,,,,auto,
945,石碑胡同,6467,23,291,1,"LINESTRING (116.381927 39.904716, 116.381944 39.904851)",1,15.08,tertiary,5,,,,auto,
946,石碑胡同,6467,291,23,1,"LINESTRING (116.381944 39.904851, 116.381927 39.904716)",1,15.08,tertiary,5,,,,auto,
947,石碑胡同,6468,23,22,1,"LINESTRING (116.381927 39.904716, 116.38191 39.904578)",1,15.41,tertiary,5,,,,auto,
948,石碑胡同,6468,22,23,1,"LINESTRING (116.38191 39.904578, 116.381927 39.904716)",1,15.41,tertiary,5,,,,auto,
949,石碑胡同,6469,292,75,1,"LINESTRING (116.381957 39.904985, 116.381967 39.905087)",1,11.37,tertiary,5,,,,auto,
950,石碑胡同,6469,75,292,1,"LINESTRING (116.381967 39.905087, 116.381957 39.904985)",1,11.37,tertiary,5,,,,auto,
951,石碑胡同,6470,292,291,1,"LINESTRING (116.381957 39.904985, 116.381944 39.904851)",1,14.94,tertiary,5,,,,auto,
952,石碑胡同,6470,291,292,1,"LINESTRING (116.381944 39.904851, 116.381957 39.904985)",1,14.94,tertiary,5,,,,auto,
953,石碑胡同,6471,75,74,1,"LINESTRING (116.381967 39.905087, 116.38197 39.905122)",1,3.90,tertiary,5,,,,auto,
954,石碑胡同,6471,74,75,1,"LINESTRING (116.38197 39.905122, 116.381967 39.905087)",1,3.90,tertiary,5,,,,auto,
955,石碑胡同,6472,75,292,1,"LINESTRING (116.381967 39.905087, 116.381957 39.904985)",1,11.37,tertiary,5,,,,auto,
956,石碑胡同,6472,292,75,1,"LINESTRING (116.381957 39.904985, 116.381967 39.905087)",1,11.37,tertiary,5,,,,auto,
957,东绒线胡同,6500,19,18,1,"LINESTRING (116.381633 39.902976, 116.381693 39.902978)",1,5.12,residential,6,,,,auto,
958,东绒线胡同,6500,18,19,1,"LINESTRING (116.381693 39.902978, 116.381633 39.902976)",1,5.12,residential,6,,,,auto,
959,东绒线胡同,6501,19,290,1,"LINESTRING (116.381633 39.902976, 116.381346 39.902967)",1,24.50,residential,6,,,,auto,
960,东绒线胡同,6501,290,19,1,"LINESTRING (116.381346 39.902967, 116.381633 39.902976)",1,24.50,residential,6,,,,auto,
961,人大会堂西路,6647,221,11,1,"LINESTRING (116.385821 39.901921, 116.38589 39.901889)",1,6.88,tertiary,5,,,,auto,
962,人大会堂西路,6647,11,221,1,"LINESTRING (116.38589 39.901889, 116.385821 39.901921)",1,6.88,tertiary,5,,,,auto,
963,人大会堂西路,6648,221,265,1,"LINESTRING (116.385821 39.901921, 116.385751 39.901946)",1,6.59,tertiary,5,,,,auto,
964,人大会堂西路,6648,265,221,1,"LINESTRING (116.385751 39.901946, 116.385821 39.901921)",1,6.59,tertiary,5,,,,auto,
965,人大会堂西路,6649,293,17,1,"LINESTRING (116.385414 39.90185, 116.385401 39.901822)",1,3.31,tertiary,5,,,,auto,
966,人大会堂西路,6649,17,293,1,"LINESTRING (116.385401 39.901822, 116.385414 39.90185)",1,3.31,tertiary,5,,,,auto,
967,人大会堂西路,6650,293,264,1,"LINESTRING (116.385414 39.90185, 116.385436 39.901875)",1,3.35,tertiary,5,,,,auto,
968,人大会堂西路,6650,264,293,1,"LINESTRING (116.385436 39.901875, 116.385414 39.90185)",1,3.35,tertiary,5,,,,auto,
969,人大会堂西路,6651,17,15,1,"LINESTRING (116.385401 39.901822, 116.385395 39.901793)",1,3.27,tertiary,5,,,,auto,
970,人大会堂西路,6651,15,17,1,"LINESTRING (116.385395 39.901793, 116.385401 39.901822)",1,3.27,tertiary,5,,,,auto,
971,人大会堂西路,6652,17,293,1,"LINESTRING (116.385401 39.901822, 116.385414 39.90185)",1,3.31,tertiary,5,,,,auto,
972,人大会堂西路,6652,293,17,1,"LINESTRING (116.385414 39.90185, 116.385401 39.901822)",1,3.31,tertiary,5,,,,auto,
973,人大会堂西路,6653,16,73,1,"LINESTRING (116.385392 39.901762, 116.385392 39.901731)",1,3.45,tertiary,5,,,,auto,
974,人大会堂西路,6653,73,16,1,"LINESTRING (116.385392 39.901731, 116.385392 39.901762)",1,3.45,tertiary,5,,,,auto,
975,人大会堂西路,6654,16,15,1,"LINESTRING (116.385392 39.901762, 116.385395 39.901793)",1,3.46,tertiary,5,,,,auto,
976,人大会堂西路,6654,15,16,1,"LINESTRING (116.385395 39.901793, 116.385392 39.901762)",1,3.46,tertiary,5,,,,auto,
977,人大会堂西路,6655,264,293,1,"LINESTRING (116.385436 39.901875, 116.385414 39.90185)",1,3.35,tertiary,5,,,,auto,
978,人大会堂西路,6655,293,264,1,"LINESTRING (116.385414 39.90185, 116.385436 39.901875)",1,3.35,tertiary,5,,,,auto,
979,人大会堂西路,6656,264,8,1,"LINESTRING (116.385436 39.901875, 116.385463 39.901901)",1,3.70,tertiary,5,,,,auto,
980,人大会堂西路,6656,8,264,1,"LINESTRING (116.385463 39.901901, 116.385436 39.901875)",1,3.70,tertiary,5,,,,auto,
981,人大会堂西路,6657,6,265,1,"LINESTRING (116.385673 39.901972, 116.385751 39.901946)",1,7.25,tertiary,5,,,,auto,
982,人大会堂西路,6657,265,6,1,"LINESTRING (116.385751 39.901946, 116.385673 39.901972)",1,7.25,tertiary,5,,,,auto,
983,人大会堂西路,6658,6,5,1,"LINESTRING (116.385673 39.901972, 116.385592 39.901994)",1,7.33,tertiary,5,,,,auto,
984,人大会堂西路,6658,5,6,1,"LINESTRING (116.385592 39.901994, 116.385673 39.901972)",1,7.33,tertiary,5,,,,auto,
