{
  "type": "FeatureCollection",
  "metadata": {
    "coordinate_mode": "geo",
    "source_files": {
      "nodes": "result\\osm_network\\tiananmen_r1000m_20260402_201410_935\\node.csv",
      "links": "result\\osm_network\\tiananmen_r1000m_20260402_201410_935\\link.csv"
    }
  },
  "features": [
    {
      "type": "Feature",
      "properties": {
        "name": "",
        "node_id": "1",
        "osm_node_id": "25248785",
        "ctrl_type": "signal",
        "x_coord": "116.3889280",
        "y_coord": "39.9059990",
        "is_boundary": "",
        "activity_type": "",
        "poi_id": "",
        "zone_id": "",
        "notes": "",
        "feature_type": "node"
      },
      "geometry": {
        "type": "Point",
        "coordinates": [
          116.388928,
          39.905999
        ]
      }
    },
    {
      "type": "Feature",
      "properties": {
        "name": "",
        "node_id": "2",
        "osm_node_id": "9063921183",
        "ctrl_type": "",
        "x_coord": "116.3894460",
        "y_coord": "39.9060160",
        "is_boundary": "",
        "activity_type": "",
        "poi_id": "",
        "zone_id": "",
        "notes": "",
        "feature_type": "node"
      },
      "geometry": {
        "type": "Point",
        "coordinates": [
          116.389446,
          39.906016
        ]
      }
    },
    {
      "type": "Feature",
      "properties": {
        "name": "",
        "node_id": "3",
        "osm_node_id": "25248786",
        "ctrl_type": "signal",
        "x_coord": "116.3926310",
        "y_coord": "39.9061130",
        "is_boundary": "",
        "activity_type": "",
        "poi_id": "",
        "zone_id": "",
        "notes": "",
        "feature_type": "node"
      },
      "geometry": {
        "type": "Point",
        "coordinates": [
          116.392631,
          39.906113
        ]
      }
    },
    {
      "type": "Feature",
      "properties": {
        "name": "",
        "node_id": "4",
        "osm_node_id": "9063921186",
        "ctrl_type": "",
        "x_coord": "116.3930800",
        "y_coord": "39.9061260",
        "is_boundary": "",
        "activity_type": "",
        "poi_id": "",
        "zone_id": "",
        "notes": "",
        "feature_type": "node"
      },
      "geometry": {
        "type": "Point",
        "coordinates": [
          116.39308,
          39.906126
        ]
      }
    },
    {
      "type": "Feature",
      "properties": {
        "name": "",
        "node_id": "5",
        "osm_node_id": "25585055",
        "ctrl_type": "",
        "x_coord": "116.3855920",
        "y_coord": "39.9019940",
        "is_boundary": "",
        "activity_type": "",
        "poi_id": "",
        "zone_id": "",
        "notes": "",
        "feature_type": "node"
      },
      "geometry": {
        "type": "Point",
        "coordinates": [
          116.385592,
          39.901994
        ]
      }
    },
    {
      "type": "Feature",
      "properties": {
        "name": "",
        "node_id": "6",
        "osm_node_id": "13570555123",
        "ctrl_type": "",
        "x_coord": "116.3856730",
        "y_coord": "39.9019720",
        "is_boundary": "",
        "activity_type": "",
        "poi_id": "",
        "zone_id": "",
        "notes": "",
        "feature_type": "node"
      },
      "geometry": {
        "type": "Point",
        "coordinates": [
          116.385673,
          39.901972
        ]
      }
    },
    {
      "type": "Feature",
      "properties": {
        "name": "",
        "node_id": "7",
        "osm_node_id": "5098449244",
        "ctrl_type": "",
        "x_coord": "116.3855900",
        "y_coord": "39.9021680",
        "is_boundary": "",
        "activity_type": "",
        "poi_id": "",
        "zone_id": "",
        "notes": "",
        "feature_type": "node"
      },
      "geometry": {
        "type": "Point",
        "coordinates": [
          116.38559,
          39.902168
        ]
      }
    },
    {
      "type": "Feature",
      "properties": {
        "name": "",
        "node_id": "8",
        "osm_node_id": "6448366274",
        "ctrl_type": "",
        "x_coord": "116.3854630",
        "y_coord": "39.9019010",
        "is_boundary": "",
        "activity_type": "",
        "poi_id": "",
        "zone_id": "",
        "notes": "",
        "feature_type": "node"
      },
      "geometry": {
        "type": "Point",
        "coordinates": [
          116.385463,
          39.901901
        ]
      }
    },
    {
      "type": "Feature",
      "properties": {
        "name": "",
        "node_id": "9",
        "osm_node_id": "25585061",
        "ctrl_type": "",
        "x_coord": "116.3862840",
        "y_coord": "39.9016950",
        "is_boundary": "",
        "activity_type": "",
        "poi_id": "",
        "zone_id": "",
        "notes": "",
        "feature_type": "node"
      },
      "geometry": {
        "type": "Point",
        "coordinates": [
          116.386284,
          39.901695
        ]
      }
    },
    {
      "type": "Feature",
      "properties": {
        "name": "",
        "node_id": "10",
        "osm_node_id": "10197703875",
        "ctrl_type": "",
        "x_coord": "116.3865230",
        "y_coord": "39.9015680",
        "is_boundary": "",
        "activity_type": "",
        "poi_id": "",
        "zone_id": "",
        "notes": "",
        "feature_type": "node"
      },
      "geometry": {
        "type": "Point",
        "coordinates": [
          116.386523,
          39.901568
        ]
      }
    },
    {
      "type": "Feature",
      "properties": {
        "name": "",
        "node_id": "11",
        "osm_node_id": "5098449241",
        "ctrl_type": "",
        "x_coord": "116.3858900",
        "y_coord": "39.9018890",
        "is_boundary": "",
        "activity_type": "",
        "poi_id": "",
        "zone_id": "",
        "notes": "",
        "feature_type": "node"
      },
      "geometry": {
        "type": "Point",
        "coordinates": [
          116.38589,
          39.901889
        ]
      }
    },
    {
      "type": "Feature",
      "properties": {
        "name": "",
        "node_id": "12",
        "osm_node_id": "25585063",
        "ctrl_type": "",
        "x_coord": "116.3867190",
        "y_coord": "39.9014880",
        "is_boundary": "",
        "activity_type": "",
        "poi_id": "",
        "zone_id": "",
        "notes": "",
        "feature_type": "node"
      },
      "geometry": {
        "type": "Point",
        "coordinates": [
          116.386719,
          39.901488
        ]
      }
    },
    {
      "type": "Feature",
      "properties": {
        "name": "",
        "node_id": "13",
        "osm_node_id": "6448366277",
        "ctrl_type": "",
        "x_coord": "116.3868880",
        "y_coord": "39.9014530",
        "is_boundary": "",
        "activity_type": "",
        "poi_id": "",
        "zone_id": "",
        "notes": "",
        "feature_type": "node"
      },
      "geometry": {
        "type": "Point",
        "coordinates": [
          116.386888,
          39.901453
        ]
      }
    },
    {
      "type": "Feature",
      "properties": {
        "name": "",
        "node_id": "14",
        "osm_node_id": "6448366276",
        "ctrl_type": "",
        "x_coord": "116.3865420",
        "y_coord": "39.9015580",
        "is_boundary": "",
        "activity_type": "",
        "poi_id": "",
        "zone_id": "",
        "notes": "",
        "feature_type": "node"
      },
      "geometry": {
        "type": "Point",
        "coordinates": [
          116.386542,
          39.901558
        ]
      }
    },
    {
      "type": "Feature",
      "properties": {
        "name": "",
        "node_id": "15",
        "osm_node_id": "25585067",
        "ctrl_type": "",
        "x_coord": "116.3853950",
        "y_coord": "39.9017930",
        "is_boundary": "",
        "activity_type": "",
        "poi_id": "",
        "zone_id": "",
        "notes": "",
        "feature_type": "node"
      },
      "geometry": {
        "type": "Point",
        "coordinates": [
          116.385395,
          39.901793
        ]
      }
    },
    {
      "type": "Feature",
      "properties": {
        "name": "",
        "node_id": "16",
        "osm_node_id": "13570555121",
        "ctrl_type": "",
        "x_coord": "116.3853920",
        "y_coord": "39.9017620",
        "is_boundary": "",
        "activity_type": "",
        "poi_id": "",
        "zone_id": "",
        "notes": "",
        "feature_type": "node"
      },
      "geometry": {
        "type": "Point",
        "coordinates": [
          116.385392,
          39.901762
        ]
      }
    },
    {
      "type": "Feature",
      "properties": {
        "name": "",
        "node_id": "17",
        "osm_node_id": "13570555120",
        "ctrl_type": "",
        "x_coord": "116.3854010",
        "y_coord": "39.9018220",
        "is_boundary": "",
        "activity_type": "",
        "poi_id": "",
        "zone_id": "",
        "notes": "",
        "feature_type": "node"
      },
      "geometry": {
        "type": "Point",
        "coordinates": [
          116.385401,
          39.901822
        ]
      }
    },
    {
      "type": "Feature",
      "properties": {
        "name": "",
        "node_id": "18",
        "osm_node_id": "25585132",
        "ctrl_type": "signal",
        "x_coord": "116.3816930",
        "y_coord": "39.9029780",
        "is_boundary": "",
        "activity_type": "",
        "poi_id": "",
        "zone_id": "",
        "notes": "",
        "feature_type": "node"
      },
      "geometry": {
        "type": "Point",
        "coordinates": [
          116.381693,
          39.902978
        ]
      }
    },
    {
      "type": "Feature",
      "properties": {
        "name": "",
        "node_id": "19",
        "osm_node_id": "13568915135",
        "ctrl_type": "",
        "x_coord": "116.3816330",
        "y_coord": "39.9029760",
        "is_boundary": "",
        "activity_type": "",
        "poi_id": "",
        "zone_id": "",
        "notes": "",
        "feature_type": "node"
      },
      "geometry": {
        "type": "Point",
        "coordinates": [
          116.381633,
          39.902976
        ]
      }
    },
    {
      "type": "Feature",
      "properties": {
        "name": "",
        "node_id": "20",
        "osm_node_id": "25585155",
        "ctrl_type": "",
        "x_coord": "116.3817670",
        "y_coord": "39.9035480",
        "is_boundary": "",
        "activity_type": "",
        "poi_id": "",
        "zone_id": "",
        "notes": "",
        "feature_type": "node"
      },
      "geometry": {
        "type": "Point",
        "coordinates": [
          116.381767,
          39.903548
        ]
      }
    },
    {
      "type": "Feature",
      "properties": {
        "name": "",
        "node_id": "21",
        "osm_node_id": "733992879",
        "ctrl_type": "",
        "x_coord": "116.3818310",
        "y_coord": "39.9039990",
        "is_boundary": "",
        "activity_type": "",
        "poi_id": "",
        "zone_id": "",
        "notes": "",
        "feature_type": "node"
      },
      "geometry": {
        "type": "Point",
        "coordinates": [
          116.381831,
          39.903999
        ]
      }
    },
    {
      "type": "Feature",
      "properties": {
        "name": "",
        "node_id": "22",
        "osm_node_id": "25585157",
        "ctrl_type": "",
        "x_coord": "116.3819100",
        "y_coord": "39.9045780",
        "is_boundary": "",
        "activity_type": "",
        "poi_id": "",
        "zone_id": "",
        "notes": "",
        "feature_type": "node"
      },
      "geometry": {
        "type": "Point",
        "coordinates": [
          116.38191,
          39.904578
        ]
      }
    },
    {
      "type": "Feature",
      "properties": {
        "name": "",
        "node_id": "23",
        "osm_node_id": "13568912194",
        "ctrl_type": "",
        "x_coord": "116.3819270",
        "y_coord": "39.9047160",
        "is_boundary": "",
        "activity_type": "",
        "poi_id": "",
        "zone_id": "",
        "notes": "",
        "feature_type": "node"
      },
      "geometry": {
        "type": "Point",
        "coordinates": [
          116.381927,
          39.904716
        ]
      }
    },
    {
      "type": "Feature",
      "properties": {
        "name": "",
        "node_id": "24",
        "osm_node_id": "13568912192",
        "ctrl_type": "",
        "x_coord": "116.3818720",
        "y_coord": "39.9042900",
        "is_boundary": "",
        "activity_type": "",
        "poi_id": "",
        "zone_id": "",
        "notes": "",
        "feature_type": "node"
      },
      "geometry": {
        "type": "Point",
        "coordinates": [
          116.381872,
          39.90429
        ]
      }
    },
    {
      "type": "Feature",
      "properties": {
        "name": "",
        "node_id": "25",
        "osm_node_id": "26535390",
        "ctrl_type": "signal",
        "x_coord": "116.4004160",
        "y_coord": "39.9068640",
        "is_boundary": "",
        "activity_type": "",
        "poi_id": "",
        "zone_id": "",
        "notes": "",
        "feature_type": "node"
      },
      "geometry": {
        "type": "Point",
        "coordinates": [
          116.400416,
          39.906864
        ]
      }
    },
    {
      "type": "Feature",
      "properties": {
        "name": "",
        "node_id": "26",
        "osm_node_id": "1446052227",
        "ctrl_type": "",
        "x_coord": "116.4004300",
        "y_coord": "39.9072580",
        "is_boundary": "",
        "activity_type": "",
        "poi_id": "",
        "zone_id": "",
        "notes": "",
        "feature_type": "node"
      },
      "geometry": {
        "type": "Point",
        "coordinates": [
          116.40043,
          39.907258
        ]
      }
    },
    {
      "type": "Feature",
      "properties": {
        "name": "",
        "node_id": "27",
        "osm_node_id": "6095123387",
        "ctrl_type": "",
        "x_coord": "116.4004140",
        "y_coord": "39.9068090",
        "is_boundary": "",
        "activity_type": "",
        "poi_id": "",
        "zone_id": "",
        "notes": "",
        "feature_type": "node"
      },
      "geometry": {
        "type": "Point",
        "coordinates": [
          116.400414,
          39.906809
        ]
      }
    },
    {
      "type": "Feature",
      "properties": {
        "name": "",
        "node_id": "28",
        "osm_node_id": "31194136",
        "ctrl_type": "signal",
        "x_coord": "116.4005420",
        "y_coord": "39.9116150",
        "is_boundary": "",
        "activity_type": "",
        "poi_id": "",
        "zone_id": "",
        "notes": "",
        "feature_type": "node"
      },
      "geometry": {
        "type": "Point",
        "coordinates": [
          116.400542,
          39.911615
        ]
      }
    },
    {
      "type": "Feature",
      "properties": {
        "name": "",
        "node_id": "29",
        "osm_node_id": "266111656",
        "ctrl_type": "",
        "x_coord": "116.4010400",
        "y_coord": "39.9116300",
        "is_boundary": "",
        "activity_type": "",
        "poi_id": "",
        "zone_id": "",
        "notes": "",
        "feature_type": "node"
      },
      "geometry": {
        "type": "Point",
        "coordinates": [
          116.40104,
          39.91163
        ]
      }
    },
    {
      "type": "Feature",
      "properties": {
        "name": "",
        "node_id": "30",
        "osm_node_id": "733788139",
        "ctrl_type": "",
        "x_coord": "116.4005230",
        "y_coord": "39.9119990",
        "is_boundary": "",
        "activity_type": "",
        "poi_id": "",
        "zone_id": "",
        "notes": "",
        "feature_type": "node"
      },
      "geometry": {
        "type": "Point",
        "coordinates": [
          116.400523,
          39.911999
        ]
      }
    },
    {
      "type": "Feature",
      "properties": {
        "name": "",
        "node_id": "31",
        "osm_node_id": "8809675588",
        "ctrl_type": "",
        "x_coord": "116.4005770",
        "y_coord": "39.9107290",
        "is_boundary": "",
        "activity_type": "",
        "poi_id": "",
        "zone_id": "",
        "notes": "",
        "feature_type": "node"
      },
      "geometry": {
        "type": "Point",
        "coordinates": [
          116.400577,
          39.910729
        ]
      }
    },
    {
      "type": "Feature",
      "properties": {
        "name": "",
        "node_id": "32",
        "osm_node_id": "31194141",
        "ctrl_type": "",
        "x_coord": "116.3954760",
        "y_coord": "39.9137330",
        "is_boundary": "",
        "activity_type": "",
        "poi_id": "",
        "zone_id": "",
        "notes": "",
        "feature_type": "node"
      },
      "geometry": {
        "type": "Point",
        "coordinates": [
          116.395476,
          39.913733
        ]
      }
    },
    {
      "type": "Feature",
      "properties": {
        "name": "",
        "node_id": "33",
        "osm_node_id": "9507815685",
        "ctrl_type": "",
        "x_coord": "116.3955760",
        "y_coord": "39.9137380",
        "is_boundary": "",
        "activity_type": "",
        "poi_id": "",
        "zone_id": "",
        "notes": "",
        "feature_type": "node"
      },
      "geometry": {
        "type": "Point",
        "coordinates": [
          116.395576,
          39.913738
        ]
      }
    },
    {
      "type": "Feature",
      "properties": {
        "name": "",
        "node_id": "34",
        "osm_node_id": "31194142",
        "ctrl_type": "signal",
        "x_coord": "116.3967320",
        "y_coord": "39.9137700",
        "is_boundary": "",
        "activity_type": "",
        "poi_id": "",
        "zone_id": "",
        "notes": "",
        "feature_type": "node"
      },
      "geometry": {
        "type": "Point",
        "coordinates": [
          116.396732,
          39.91377
        ]
      }
    },
    {
      "type": "Feature",
      "properties": {
        "name": "",
        "node_id": "35",
        "osm_node_id": "733788527",
        "ctrl_type": "",
        "x_coord": "116.3966410",
        "y_coord": "39.9157260",
        "is_boundary": "",
        "activity_type": "",
        "poi_id": "",
        "zone_id": "",
        "notes": "",
        "feature_type": "node"
      },
      "geometry": {
        "type": "Point",
        "coordinates": [
          116.396641,
          39.915726
        ]
      }
    },
    {
      "type": "Feature",
      "properties": {
        "name": "",
        "node_id": "36",
        "osm_node_id": "733788552",
        "ctrl_type": "",
        "x_coord": "116.3967630",
        "y_coord": "39.9131700",
        "is_boundary": "",
        "activity_type": "",
        "poi_id": "",
        "zone_id": "",
        "notes": "",
        "feature_type": "node"
      },
      "geometry": {
        "type": "Point",
        "coordinates": [
          116.396763,
          39.91317
        ]
      }
    },
    {
      "type": "Feature",
      "properties": {
        "name": "",
        "node_id": "37",
        "osm_node_id": "533627836",
        "ctrl_type": "",
        "x_coord": "116.3973810",
        "y_coord": "39.9137980",
        "is_boundary": "",
        "activity_type": "",
        "poi_id": "",
        "zone_id": "",
        "notes": "",
        "feature_type": "node"
      },
      "geometry": {
        "type": "Point",
        "coordinates": [
          116.397381,
          39.913798
        ]
      }
    },
    {
      "type": "Feature",
      "properties": {
        "name": "",
        "node_id": "38",
        "osm_node_id": "12587107297",
        "ctrl_type": "",
        "x_coord": "116.3966120",
        "y_coord": "39.9137660",
        "is_boundary": "",
        "activity_type": "",
        "poi_id": "",
        "zone_id": "",
        "notes": "",
        "feature_type": "node"
      },
      "geometry": {
        "type": "Point",
        "coordinates": [
          116.396612,
          39.913766
        ]
      }
    },
    {
      "type": "Feature",
      "properties": {
        "name": "",
        "node_id": "39",
        "osm_node_id": "250041137",
        "ctrl_type": "",
        "x_coord": "116.4004370",
        "y_coord": "39.9031120",
        "is_boundary": "",
        "activity_type": "",
        "poi_id": "",
        "zone_id": "",
        "notes": "",
        "feature_type": "node"
      },
      "geometry": {
        "type": "Point",
        "coordinates": [
          116.400437,
          39.903112
        ]
      }
    },
    {
      "type": "Feature",
      "properties": {
        "name": "",
        "node_id": "40",
        "osm_node_id": "733967494",
        "ctrl_type": "",
        "x_coord": "116.4008180",
        "y_coord": "39.9031370",
        "is_boundary": "",
        "activity_type": "",
        "poi_id": "",
        "zone_id": "",
        "notes": "",
        "feature_type": "node"
      },
      "geometry": {
        "type": "Point",
        "coordinates": [
          116.400818,
          39.903137
        ]
      }
    },
    {
      "type": "Feature",
      "properties": {
        "name": "",
        "node_id": "41",
        "osm_node_id": "260329796",
        "ctrl_type": "",
        "x_coord": "116.3863290",
        "y_coord": "39.9134120",
        "is_boundary": "",
        "activity_type": "",
        "poi_id": "",
        "zone_id": "",
        "notes": "",
        "feature_type": "node"
      },
      "geometry": {
        "type": "Point",
        "coordinates": [
          116.386329,
          39.913412
        ]
      }
    },
    {
      "type": "Feature",
      "properties": {
        "name": "",
        "node_id": "42",
        "osm_node_id": "9507815674",
        "ctrl_type": "",
        "x_coord": "116.3856820",
        "y_coord": "39.9133880",
        "is_boundary": "",
        "activity_type": "",
        "poi_id": "",
        "zone_id": "",
        "notes": "",
        "feature_type": "node"
      },
      "geometry": {
        "type": "Point",
        "coordinates": [
          116.385682,
          39.913388
        ]
      }
    },
    {
      "type": "Feature",
      "properties": {
        "name": "",
        "node_id": "43",
        "osm_node_id": "260329838",
        "ctrl_type": "",
        "x_coord": "116.3851800",
        "y_coord": "39.9133670",
        "is_boundary": "",
        "activity_type": "",
        "poi_id": "",
        "zone_id": "",
        "notes": "",
        "feature_type": "node"
      },
      "geometry": {
        "type": "Point",
        "coordinates": [
          116.38518,
          39.913367
        ]
      }
    },
    {
      "type": "Feature",
      "properties": {
        "name": "",
        "node_id": "44",
        "osm_node_id": "9378905793",
        "ctrl_type": "",
        "x_coord": "116.3851370",
        "y_coord": "39.9143670",
        "is_boundary": "",
        "activity_type": "",
        "poi_id": "",
        "zone_id": "",
        "notes": "",
        "feature_type": "node"
      },
      "geometry": {
        "type": "Point",
        "coordinates": [
          116.385137,
          39.914367
        ]
      }
    },
    {
      "type": "Feature",
      "properties": {
        "name": "",
        "node_id": "45",
        "osm_node_id": "9378905792",
        "ctrl_type": "",
        "x_coord": "116.3851900",
        "y_coord": "39.9130440",
        "is_boundary": "",
        "activity_type": "",
        "poi_id": "",
        "zone_id": "",
        "notes": "",
        "feature_type": "node"
      },
      "geometry": {
        "type": "Point",
        "coordinates": [
          116.38519,
          39.913044
        ]
      }
    },
    {
      "type": "Feature",
      "properties": {
        "name": "",
        "node_id": "46",
        "osm_node_id": "5926913407",
        "ctrl_type": "",
        "x_coord": "116.3841470",
        "y_coord": "39.9133510",
        "is_boundary": "",
        "activity_type": "",
        "poi_id": "",
        "zone_id": "",
        "notes": "",
        "feature_type": "node"
      },
      "geometry": {
        "type": "Point",
        "coordinates": [
          116.384147,
          39.913351
        ]
      }
    },
    {
      "type": "Feature",
      "properties": {
        "name": "",
        "node_id": "47",
        "osm_node_id": "733859920",
        "ctrl_type": "",
        "x_coord": "116.4009860",
        "y_coord": "39.9126080",
        "is_boundary": "",
        "activity_type": "",
        "poi_id": "",
        "zone_id": "",
        "notes": "",
        "feature_type": "node"
      },
      "geometry": {
        "type": "Point",
        "coordinates": [
          116.400986,
          39.912608
        ]
      }
    },
    {
      "type": "Feature",
      "properties": {
        "name": "",
        "node_id": "48",
        "osm_node_id": "266111657",
        "ctrl_type": "",
        "x_coord": "116.4010540",
        "y_coord": "39.9106730",
        "is_boundary": "",
        "activity_type": "",
        "poi_id": "",
        "zone_id": "",
        "notes": "",
        "feature_type": "node"
      },
      "geometry": {
        "type": "Point",
        "coordinates": [
          116.401054,
          39.910673
        ]
      }
    },
    {
      "type": "Feature",
      "properties": {
        "name": "",
        "node_id": "49",
        "osm_node_id": "8809675592",
        "ctrl_type": "",
        "x_coord": "116.4010570",
        "y_coord": "39.9105800",
        "is_boundary": "",
        "activity_type": "",
        "poi_id": "",
        "zone_id": "",
        "notes": "",
        "feature_type": "node"
      },
      "geometry": {
        "type": "Point",
        "coordinates": [
          116.401057,
          39.91058
        ]
      }
    },
    {
      "type": "Feature",
      "properties": {
        "name": "",
        "node_id": "50",
        "osm_node_id": "8809675591",
        "ctrl_type": "",
        "x_coord": "116.4010510",
        "y_coord": "39.9107720",
        "is_boundary": "",
        "activity_type": "",
        "poi_id": "",
        "zone_id": "",
        "notes": "",
        "feature_type": "node"
      },
      "geometry": {
        "type": "Point",
        "coordinates": [
          116.401051,
          39.910772
        ]
      }
    },
    {
      "type": "Feature",
      "properties": {
        "name": "",
        "node_id": "51",
        "osm_node_id": "8809675587",
        "ctrl_type": "",
        "x_coord": "116.4011280",
        "y_coord": "39.9106690",
        "is_boundary": "",
        "activity_type": "",
        "poi_id": "",
        "zone_id": "",
        "notes": "",
        "feature_type": "node"
      },
      "geometry": {
        "type": "Point",
        "coordinates": [
          116.401128,
          39.910669
        ]
      }
    },
    {
      "type": "Feature",
      "properties": {
        "name": "",
        "node_id": "52",
        "osm_node_id": "266111658",
        "ctrl_type": "",
        "x_coord": "116.4005720",
        "y_coord": "39.9106530",
        "is_boundary": "",
        "activity_type": "",
        "poi_id": "",
        "zone_id": "",
        "notes": "",
        "feature_type": "node"
      },
      "geometry": {
        "type": "Point",
        "coordinates": [
          116.400572,
          39.910653
        ]
      }
    },
    {
      "type": "Feature",
      "properties": {
        "name": "",
        "node_id": "53",
        "osm_node_id": "8809675589",
        "ctrl_type": "",
        "x_coord": "116.4007080",
        "y_coord": "39.9106560",
        "is_boundary": "",
        "activity_type": "",
        "poi_id": "",
        "zone_id": "",
        "notes": "",
        "feature_type": "node"
      },
      "geometry": {
        "type": "Point",
        "coordinates": [
          116.400708,
          39.910656
        ]
      }
    },
    {
      "type": "Feature",
      "properties": {
        "name": "",
        "node_id": "54",
        "osm_node_id": "6131080440",
        "ctrl_type": "",
        "x_coord": "116.4005720",
        "y_coord": "39.9105920",
        "is_boundary": "",
        "activity_type": "",
        "poi_id": "",
        "zone_id": "",
        "notes": "",
        "feature_type": "node"
      },
      "geometry": {
        "type": "Point",
        "coordinates": [
          116.400572,
          39.910592
        ]
      }
    },
    {
      "type": "Feature",
      "properties": {
        "name": "",
        "node_id": "55",
        "osm_node_id": "269489802",
        "ctrl_type": "",
        "x_coord": "116.3973980",
        "y_coord": "39.9006520",
        "is_boundary": "",
        "activity_type": "",
        "poi_id": "",
        "zone_id": "",
        "notes": "",
        "feature_type": "node"
      },
      "geometry": {
        "type": "Point",
        "coordinates": [
          116.397398,
          39.900652
        ]
      }
    },
    {
      "type": "Feature",
      "properties": {
        "name": "",
        "node_id": "56",
        "osm_node_id": "534084512",
        "ctrl_type": "",
        "x_coord": "116.3946450",
        "y_coord": "39.9006090",
        "is_boundary": "",
        "activity_type": "",
        "poi_id": "",
        "zone_id": "",
        "notes": "",
        "feature_type": "node"
      },
      "geometry": {
        "type": "Point",
        "coordinates": [
          116.394645,
          39.900609
        ]
      }
    },
    {
      "type": "Feature",
      "properties": {
        "name": "",
        "node_id": "57",
        "osm_node_id": "321607233",
        "ctrl_type": "signal",
        "x_coord": "116.3898400",
        "y_coord": "39.9062730",
        "is_boundary": "",
        "activity_type": "",
        "poi_id": "",
        "zone_id": "",
        "notes": "",
        "feature_type": "node"
      },
      "geometry": {
        "type": "Point",
        "coordinates": [
          116.38984,
          39.906273
        ]
      }
    },
    {
      "type": "Feature",
      "properties": {
        "name": "",
        "node_id": "58",
        "osm_node_id": "9063921182",
        "ctrl_type": "",
        "x_coord": "116.3894300",
        "y_coord": "39.9062600",
        "is_boundary": "",
        "activity_type": "",
        "poi_id": "",
        "zone_id": "",
        "notes": "",
        "feature_type": "node"
      },
      "geometry": {
        "type": "Point",
        "coordinates": [
          116.38943,
          39.90626
        ]
      }
    },
    {
      "type": "Feature",
      "properties": {
        "name": "",
        "node_id": "59",
        "osm_node_id": "330841132",
        "ctrl_type": "signal",
        "x_coord": "116.3973810",
        "y_coord": "39.9065300",
        "is_boundary": "",
        "activity_type": "",
        "poi_id": "",
        "zone_id": "",
        "notes": "",
        "feature_type": "node"
      },
      "geometry": {
        "type": "Point",
        "coordinates": [
          116.397381,
          39.90653
        ]
      }
    },
    {
      "type": "Feature",
      "properties": {
        "name": "",
        "node_id": "60",
        "osm_node_id": "6650368134",
        "ctrl_type": "",
        "x_coord": "116.3970960",
        "y_coord": "39.9065220",
        "is_boundary": "",
        "activity_type": "",
        "poi_id": "",
        "zone_id": "",
        "notes": "",
        "feature_type": "node"
      },
      "geometry": {
        "type": "Point",
        "coordinates": [
          116.397096,
          39.906522
        ]
      }
    },
    {
      "type": "Feature",
      "properties": {
        "name": "",
        "node_id": "61",
        "osm_node_id": "330841134",
        "ctrl_type": "signal",
        "x_coord": "116.3999810",
        "y_coord": "39.9064330",
        "is_boundary": "",
        "activity_type": "",
        "poi_id": "",
        "zone_id": "",
        "notes": "",
        "feature_type": "node"
      },
      "geometry": {
        "type": "Point",
        "coordinates": [
          116.399981,
          39.906433
        ]
      }
    },
    {
      "type": "Feature",
      "properties": {
        "name": "",
        "node_id": "62",
        "osm_node_id": "9296257998",
        "ctrl_type": "",
        "x_coord": "116.4000260",
        "y_coord": "39.9064340",
        "is_boundary": "",
        "activity_type": "",
        "poi_id": "",
        "zone_id": "",
        "notes": "",
        "feature_type": "node"
      },
      "geometry": {
        "type": "Point",
        "coordinates": [
          116.400026,
          39.906434
        ]
      }
    },
    {
      "type": "Feature",
      "properties": {
        "name": "",
        "node_id": "63",
        "osm_node_id": "330841279",
        "ctrl_type": "signal",
        "x_coord": "116.3858720",
        "y_coord": "39.9061500",
        "is_boundary": "",
        "activity_type": "",
        "poi_id": "",
        "zone_id": "",
        "notes": "",
        "feature_type": "node"
      },
      "geometry": {
        "type": "Point",
        "coordinates": [
          116.385872,
          39.90615
        ]
      }
    },
    {
      "type": "Feature",
      "properties": {
        "name": "",
        "node_id": "64",
        "osm_node_id": "2424906811",
        "ctrl_type": "",
        "x_coord": "116.3856340",
        "y_coord": "39.9061420",
        "is_boundary": "",
        "activity_type": "",
        "poi_id": "",
        "zone_id": "",
        "notes": "",
        "feature_type": "node"
      },
      "geometry": {
        "type": "Point",
        "coordinates": [
          116.385634,
          39.906142
        ]
      }
    },
    {
      "type": "Feature",
      "properties": {
        "name": "",
        "node_id": "65",
        "osm_node_id": "330841408",
        "ctrl_type": "signal",
        "x_coord": "116.3936160",
        "y_coord": "39.9063960",
        "is_boundary": "",
        "activity_type": "",
        "poi_id": "",
        "zone_id": "",
        "notes": "",
        "feature_type": "node"
      },
      "geometry": {
        "type": "Point",
        "coordinates": [
          116.393616,
          39.906396
        ]
      }
    },
    {
      "type": "Feature",
      "properties": {
        "name": "",
        "node_id": "66",
        "osm_node_id": "9063921187",
        "ctrl_type": "",
        "x_coord": "116.3930700",
        "y_coord": "39.9063730",
        "is_boundary": "",
        "activity_type": "",
        "poi_id": "",
        "zone_id": "",
        "notes": "",
        "feature_type": "node"
      },
      "geometry": {
        "type": "Point",
        "coordinates": [
          116.39307,
          39.906373
        ]
      }
    },
    {
      "type": "Feature",
      "properties": {
        "name": "",
        "node_id": "67",
        "osm_node_id": "330842111",
        "ctrl_type": "",
        "x_coord": "116.3820010",
        "y_coord": "39.9058110",
        "is_boundary": "",
        "activity_type": "",
        "poi_id": "",
        "zone_id": "",
        "notes": "",
        "feature_type": "node"
      },
      "geometry": {
        "type": "Point",
        "coordinates": [
          116.382001,
          39.905811
        ]
      }
    },
    {
      "type": "Feature",
      "properties": {
        "name": "",
        "node_id": "68",
        "osm_node_id": "9320761734",
        "ctrl_type": "",
        "x_coord": "116.3819950",
        "y_coord": "39.9056290",
        "is_boundary": "",
        "activity_type": "",
        "poi_id": "",
        "zone_id": "",
        "notes": "",
        "feature_type": "node"
      },
      "geometry": {
        "type": "Point",
        "coordinates": [
          116.381995,
          39.905629
        ]
      }
    },
    {
      "type": "Feature",
      "properties": {
        "name": "",
        "node_id": "69",
        "osm_node_id": "1737653013",
        "ctrl_type": "",
        "x_coord": "116.3829950",
        "y_coord": "39.9058350",
        "is_boundary": "",
        "activity_type": "",
        "poi_id": "",
        "zone_id": "",
        "notes": "",
        "feature_type": "node"
      },
      "geometry": {
        "type": "Point",
        "coordinates": [
          116.382995,
          39.905835
        ]
      }
    },
    {
      "type": "Feature",
      "properties": {
        "name": "",
        "node_id": "70",
        "osm_node_id": "342791346",
        "ctrl_type": "",
        "x_coord": "116.3854020",
        "y_coord": "39.9014480",
        "is_boundary": "",
        "activity_type": "",
        "poi_id": "",
        "zone_id": "",
        "notes": "",
        "feature_type": "node"
      },
      "geometry": {
        "type": "Point",
        "coordinates": [
          116.385402,
          39.901448
        ]
      }
    },
    {
      "type": "Feature",
      "properties": {
        "name": "",
        "node_id": "71",
        "osm_node_id": "5098449235",
        "ctrl_type": "",
        "x_coord": "116.3852760",
        "y_coord": "39.9014440",
        "is_boundary": "",
        "activity_type": "",
        "poi_id": "",
        "zone_id": "",
        "notes": "",
        "feature_type": "node"
      },
      "geometry": {
        "type": "Point",
        "coordinates": [
          116.385276,
          39.901444
        ]
      }
    },
    {
      "type": "Feature",
      "properties": {
        "name": "",
        "node_id": "72",
        "osm_node_id": "5098449233",
        "ctrl_type": "",
        "x_coord": "116.3854130",
        "y_coord": "39.9012150",
        "is_boundary": "",
        "activity_type": "",
        "poi_id": "",
        "zone_id": "",
        "notes": "",
        "feature_type": "node"
      },
      "geometry": {
        "type": "Point",
        "coordinates": [
          116.385413,
          39.901215
        ]
      }
    },
    {
      "type": "Feature",
      "properties": {
        "name": "",
        "node_id": "73",
        "osm_node_id": "5098449239",
        "ctrl_type": "",
        "x_coord": "116.3853920",
        "y_coord": "39.9017310",
        "is_boundary": "",
        "activity_type": "",
        "poi_id": "",
        "zone_id": "",
        "notes": "",
        "feature_type": "node"
      },
      "geometry": {
        "type": "Point",
        "coordinates": [
          116.385392,
          39.901731
        ]
      }
    },
    {
      "type": "Feature",
      "properties": {
        "name": "",
        "node_id": "74",
        "osm_node_id": "342802596",
        "ctrl_type": "",
        "x_coord": "116.3819700",
        "y_coord": "39.9051220",
        "is_boundary": "",
        "activity_type": "",
        "poi_id": "",
        "zone_id": "",
        "notes": "",
        "feature_type": "node"
      },
      "geometry": {
        "type": "Point",
        "coordinates": [
          116.38197,
          39.905122
        ]
      }
    },
    {
      "type": "Feature",
      "properties": {
        "name": "",
        "node_id": "75",
        "osm_node_id": "13568912196",
        "ctrl_type": "",
        "x_coord": "116.3819670",
        "y_coord": "39.9050870",
        "is_boundary": "",
        "activity_type": "",
        "poi_id": "",
        "zone_id": "",
        "notes": "",
        "feature_type": "node"
      },
      "geometry": {
        "type": "Point",
        "coordinates": [
          116.381967,
          39.905087
        ]
      }
    },
    {
      "type": "Feature",
      "properties": {
        "name": "",
        "node_id": "76",
        "osm_node_id": "342819177",
        "ctrl_type": "",
        "x_coord": "116.3854430",
        "y_coord": "39.9003990",
        "is_boundary": "",
        "activity_type": "",
        "poi_id": "",
        "zone_id": "",
        "notes": "",
        "feature_type": "node"
      },
      "geometry": {
        "type": "Point",
        "coordinates": [
          116.385443,
          39.900399
        ]
      }
    },
    {
      "type": "Feature",
      "properties": {
        "name": "",
        "node_id": "77",
        "osm_node_id": "5098449231",
        "ctrl_type": "",
        "x_coord": "116.3855400",
        "y_coord": "39.9003990",
        "is_boundary": "",
        "activity_type": "",
        "poi_id": "",
        "zone_id": "",
        "notes": "",
        "feature_type": "node"
      },
      "geometry": {
        "type": "Point",
        "coordinates": [
          116.38554,
          39.900399
        ]
      }
    },
    {
      "type": "Feature",
      "properties": {
        "name": "",
        "node_id": "78",
        "osm_node_id": "6100273593",
        "ctrl_type": "",
        "x_coord": "116.3854530",
        "y_coord": "39.9003290",
        "is_boundary": "",
        "activity_type": "",
        "poi_id": "",
        "zone_id": "",
        "notes": "",
        "feature_type": "node"
      },
      "geometry": {
        "type": "Point",
        "coordinates": [
          116.385453,
          39.900329
        ]
      }
    },
    {
      "type": "Feature",
      "properties": {
        "name": "",
        "node_id": "79",
        "osm_node_id": "733992877",
        "ctrl_type": "",
        "x_coord": "116.3854220",
        "y_coord": "39.9009350",
        "is_boundary": "",
        "activity_type": "",
        "poi_id": "",
        "zone_id": "",
        "notes": "",
        "feature_type": "node"
      },
      "geometry": {
        "type": "Point",
        "coordinates": [
          116.385422,
          39.900935
        ]
      }
    },
    {
      "type": "Feature",
      "properties": {
        "name": "",
        "node_id": "80",
        "osm_node_id": "342819253",
        "ctrl_type": "",
        "x_coord": "116.3897000",
        "y_coord": "39.9005260",
        "is_boundary": "",
        "activity_type": "",
        "poi_id": "",
        "zone_id": "",
        "notes": "",
        "feature_type": "node"
      },
      "geometry": {
        "type": "Point",
        "coordinates": [
          116.3897,
          39.900526
        ]
      }
    },
    {
      "type": "Feature",
      "properties": {
        "name": "",
        "node_id": "81",
        "osm_node_id": "9298159122",
        "ctrl_type": "signal",
        "x_coord": "116.3898000",
        "y_coord": "39.8989910",
        "is_boundary": "",
        "activity_type": "",
        "poi_id": "",
        "zone_id": "",
        "notes": "",
        "feature_type": "node"
      },
      "geometry": {
        "type": "Point",
        "coordinates": [
          116.3898,
          39.898991
        ]
      }
    },
    {
      "type": "Feature",
      "properties": {
        "name": "",
        "node_id": "82",
        "osm_node_id": "6105465185",
        "ctrl_type": "",
        "x_coord": "116.3973510",
        "y_coord": "39.9142820",
        "is_boundary": "",
        "activity_type": "",
        "poi_id": "",
        "zone_id": "",
        "notes": "",
        "feature_type": "node"
      },
      "geometry": {
        "type": "Point",
        "coordinates": [
          116.397351,
          39.914282
        ]
      }
    },
    {
      "type": "Feature",
      "properties": {
        "name": "",
        "node_id": "83",
        "osm_node_id": "6095049170",
        "ctrl_type": "",
        "x_coord": "116.3983600",
        "y_coord": "39.9138140",
        "is_boundary": "",
        "activity_type": "",
        "poi_id": "",
        "zone_id": "",
        "notes": "",
        "feature_type": "node"
      },
      "geometry": {
        "type": "Point",
        "coordinates": [
          116.39836,
          39.913814
        ]
      }
    },
    {
      "type": "Feature",
      "properties": {
        "name": "",
        "node_id": "84",
        "osm_node_id": "533627844",
        "ctrl_type": "",
        "x_coord": "116.3979940",
        "y_coord": "39.9145250",
        "is_boundary": "",
        "activity_type": "",
        "poi_id": "",
        "zone_id": "",
        "notes": "",
        "feature_type": "node"
      },
      "geometry": {
        "type": "Point",
        "coordinates": [
          116.397994,
          39.914525
        ]
      }
    },
    {
      "type": "Feature",
      "properties": {
        "name": "",
        "node_id": "85",
        "osm_node_id": "533627845",
        "ctrl_type": "",
        "x_coord": "116.3976960",
        "y_coord": "39.9145200",
        "is_boundary": "",
        "activity_type": "",
        "poi_id": "",
        "zone_id": "",
        "notes": "",
        "feature_type": "node"
      },
      "geometry": {
        "type": "Point",
        "coordinates": [
          116.397696,
          39.91452
        ]
      }
    },
    {
      "type": "Feature",
      "properties": {
        "name": "",
        "node_id": "86",
        "osm_node_id": "533627846",
        "ctrl_type": "",
        "x_coord": "116.3977040",
        "y_coord": "39.9144090",
        "is_boundary": "",
        "activity_type": "",
        "poi_id": "",
        "zone_id": "",
        "notes": "",
        "feature_type": "node"
      },
      "geometry": {
        "type": "Point",
        "coordinates": [
          116.397704,
          39.914409
        ]
      }
    },
    {
      "type": "Feature",
      "properties": {
        "name": "",
        "node_id": "87",
        "osm_node_id": "533627848",
        "ctrl_type": "",
        "x_coord": "116.3973100",
        "y_coord": "39.9144080",
        "is_boundary": "",
        "activity_type": "",
        "poi_id": "",
        "zone_id": "",
        "notes": "",
        "feature_type": "node"
      },
      "geometry": {
        "type": "Point",
        "coordinates": [
          116.39731,
          39.914408
        ]
      }
    },
    {
      "type": "Feature",
      "properties": {
        "name": "",
        "node_id": "88",
        "osm_node_id": "6105464784",
        "ctrl_type": "",
        "x_coord": "116.3973320",
        "y_coord": "39.9143010",
        "is_boundary": "",
        "activity_type": "",
        "poi_id": "",
        "zone_id": "",
        "notes": "",
        "feature_type": "node"
      },
      "geometry": {
        "type": "Point",
        "coordinates": [
          116.397332,
          39.914301
        ]
      }
    },
    {
      "type": "Feature",
      "properties": {
        "name": "",
        "node_id": "89",
        "osm_node_id": "533628252",
        "ctrl_type": "",
        "x_coord": "116.4005070",
        "y_coord": "39.9083880",
        "is_boundary": "",
        "activity_type": "",
        "poi_id": "",
        "zone_id": "",
        "notes": "",
        "feature_type": "node"
      },
      "geometry": {
        "type": "Point",
        "coordinates": [
          116.400507,
          39.908388
        ]
      }
    },
    {
      "type": "Feature",
      "properties": {
        "name": "",
        "node_id": "90",
        "osm_node_id": "9327598732",
        "ctrl_type": "",
        "x_coord": "116.4005150",
        "y_coord": "39.9085230",
        "is_boundary": "",
        "activity_type": "",
        "poi_id": "",
        "zone_id": "",
        "notes": "",
        "feature_type": "node"
      },
      "geometry": {
        "type": "Point",
        "coordinates": [
          116.400515,
          39.908523
        ]
      }
    },
    {
      "type": "Feature",
      "properties": {
        "name": "",
        "node_id": "91",
        "osm_node_id": "533628789",
        "ctrl_type": "signal",
        "x_coord": "116.4005040",
        "y_coord": "39.9082110",
        "is_boundary": "",
        "activity_type": "",
        "poi_id": "",
        "zone_id": "",
        "notes": "",
        "feature_type": "node"
      },
      "geometry": {
        "type": "Point",
        "coordinates": [
          116.400504,
          39.908211
        ]
      }
    },
    {
      "type": "Feature",
      "properties": {
        "name": "",
        "node_id": "92",
        "osm_node_id": "533628569",
        "ctrl_type": "",
        "x_coord": "116.4017190",
        "y_coord": "39.9079010",
        "is_boundary": "",
        "activity_type": "",
        "poi_id": "",
        "zone_id": "",
        "notes": "",
        "feature_type": "node"
      },
      "geometry": {
        "type": "Point",
        "coordinates": [
          116.401719,
          39.907901
        ]
      }
    },
    {
      "type": "Feature",
      "properties": {
        "name": "",
        "node_id": "93",
        "osm_node_id": "733859781",
        "ctrl_type": "",
        "x_coord": "116.4026640",
        "y_coord": "39.9079160",
        "is_boundary": "",
        "activity_type": "",
        "poi_id": "",
        "zone_id": "",
        "notes": "",
        "feature_type": "node"
      },
      "geometry": {
        "type": "Point",
        "coordinates": [
          116.402664,
          39.907916
        ]
      }
    },
    {
      "type": "Feature",
      "properties": {
        "name": "",
        "node_id": "94",
        "osm_node_id": "12492811791",
        "ctrl_type": "",
        "x_coord": "116.4016560",
        "y_coord": "39.9079070",
        "is_boundary": "",
        "activity_type": "",
        "poi_id": "",
        "zone_id": "",
        "notes": "",
        "feature_type": "node"
      },
      "geometry": {
        "type": "Point",
        "coordinates": [
          116.401656,
          39.907907
        ]
      }
    },
    {
      "type": "Feature",
      "properties": {
        "name": "",
        "node_id": "95",
        "osm_node_id": "533628571",
        "ctrl_type": "",
        "x_coord": "116.4011360",
        "y_coord": "39.9082190",
        "is_boundary": "",
        "activity_type": "",
        "poi_id": "",
        "zone_id": "",
        "notes": "",
        "feature_type": "node"
      },
      "geometry": {
        "type": "Point",
        "coordinates": [
          116.401136,
          39.908219
        ]
      }
    },
    {
      "type": "Feature",
      "properties": {
        "name": "",
        "node_id": "96",
        "osm_node_id": "12492811788",
        "ctrl_type": "",
        "x_coord": "116.4011220",
        "y_coord": "39.9082970",
        "is_boundary": "",
        "activity_type": "",
        "poi_id": "",
        "zone_id": "",
        "notes": "",
        "feature_type": "node"
      },
      "geometry": {
        "type": "Point",
        "coordinates": [
          116.401122,
          39.908297
        ]
      }
    },
    {
      "type": "Feature",
      "properties": {
        "name": "",
        "node_id": "97",
        "osm_node_id": "733858963",
        "ctrl_type": "",
        "x_coord": "116.4015240",
        "y_coord": "39.9079440",
        "is_boundary": "",
        "activity_type": "",
        "poi_id": "",
        "zone_id": "",
        "notes": "",
        "feature_type": "node"
      },
      "geometry": {
        "type": "Point",
        "coordinates": [
          116.401524,
          39.907944
        ]
      }
    },
    {
      "type": "Feature",
      "properties": {
        "name": "",
        "node_id": "98",
        "osm_node_id": "6448666062",
        "ctrl_type": "",
        "x_coord": "116.4004490",
        "y_coord": "39.9074910",
        "is_boundary": "",
        "activity_type": "",
        "poi_id": "",
        "zone_id": "",
        "notes": "",
        "feature_type": "node"
      },
      "geometry": {
        "type": "Point",
        "coordinates": [
          116.400449,
          39.907491
        ]
      }
    },
    {
      "type": "Feature",
      "properties": {
        "name": "",
        "node_id": "99",
        "osm_node_id": "533650673",
        "ctrl_type": "",
        "x_coord": "116.3879790",
        "y_coord": "39.9014520",
        "is_boundary": "",
        "activity_type": "",
        "poi_id": "",
        "zone_id": "",
        "notes": "",
        "feature_type": "node"
      },
      "geometry": {
        "type": "Point",
        "coordinates": [
          116.387979,
          39.901452
        ]
      }
    },
    {
      "type": "Feature",
      "properties": {
        "name": "",
        "node_id": "100",
        "osm_node_id": "5098449220",
        "ctrl_type": "",
        "x_coord": "116.3882010",
        "y_coord": "39.9014590",
        "is_boundary": "",
        "activity_type": "",
        "poi_id": "",
        "zone_id": "",
        "notes": "",
        "feature_type": "node"
      },
      "geometry": {
        "type": "Point",
        "coordinates": [
          116.388201,
          39.901459
        ]
      }
    },
    {
      "type": "Feature",
      "properties": {
        "name": "",
        "node_id": "101",
        "osm_node_id": "5098449224",
        "ctrl_type": "",
        "x_coord": "116.3877960",
        "y_coord": "39.9014480",
        "is_boundary": "",
        "activity_type": "",
        "poi_id": "",
        "zone_id": "",
        "notes": "",
        "feature_type": "node"
      },
      "geometry": {
        "type": "Point",
        "coordinates": [
          116.387796,
          39.901448
        ]
      }
    },
    {
      "type": "Feature",
      "properties": {
        "name": "",
        "node_id": "102",
        "osm_node_id": "5098449222",
        "ctrl_type": "",
        "x_coord": "116.3879910",
        "y_coord": "39.9013280",
        "is_boundary": "",
        "activity_type": "",
        "poi_id": "",
        "zone_id": "",
        "notes": "",
        "feature_type": "node"
      },
      "geometry": {
        "type": "Point",
        "coordinates": [
          116.387991,
          39.901328
        ]
      }
    },
    {
      "type": "Feature",
      "properties": {
        "name": "",
        "node_id": "103",
        "osm_node_id": "533650827",
        "ctrl_type": "",
        "x_coord": "116.3880400",
        "y_coord": "39.9004770",
        "is_boundary": "",
        "activity_type": "",
        "poi_id": "",
        "zone_id": "",
        "notes": "",
        "feature_type": "node"
      },
      "geometry": {
        "type": "Point",
        "coordinates": [
          116.38804,
          39.900477
        ]
      }
    },
    {
      "type": "Feature",
      "properties": {
        "name": "",
        "node_id": "104",
        "osm_node_id": "6100273177",
        "ctrl_type": "",
        "x_coord": "116.3886810",
        "y_coord": "39.9004840",
        "is_boundary": "",
        "activity_type": "",
        "poi_id": "",
        "zone_id": "",
        "notes": "",
        "feature_type": "node"
      },
      "geometry": {
        "type": "Point",
        "coordinates": [
          116.388681,
          39.900484
        ]
      }
    },
    {
      "type": "Feature",
      "properties": {
        "name": "",
        "node_id": "105",
        "osm_node_id": "534084497",
        "ctrl_type": "",
        "x_coord": "116.3933160",
        "y_coord": "39.9015520",
        "is_boundary": "",
        "activity_type": "",
        "poi_id": "",
        "zone_id": "",
        "notes": "",
        "feature_type": "node"
      },
      "geometry": {
        "type": "Point",
        "coordinates": [
          116.393316,
          39.901552
        ]
      }
    },
    {
      "type": "Feature",
      "properties": {
        "name": "",
        "node_id": "106",
        "osm_node_id": "1687056656",
        "ctrl_type": "",
        "x_coord": "116.3933040",
        "y_coord": "39.9018330",
        "is_boundary": "",
        "activity_type": "",
        "poi_id": "",
        "zone_id": "",
        "notes": "",
        "feature_type": "node"
      },
      "geometry": {
        "type": "Point",
        "coordinates": [
          116.393304,
          39.901833
        ]
      }
    },
    {
      "type": "Feature",
      "properties": {
        "name": "",
        "node_id": "107",
        "osm_node_id": "1687056654",
        "ctrl_type": "",
        "x_coord": "116.3935780",
        "y_coord": "39.9015580",
        "is_boundary": "",
        "activity_type": "",
        "poi_id": "",
        "zone_id": "",
        "notes": "",
        "feature_type": "node"
      },
      "geometry": {
        "type": "Point",
        "coordinates": [
          116.393578,
          39.901558
        ]
      }
    },
    {
      "type": "Feature",
      "properties": {
        "name": "",
        "node_id": "108",
        "osm_node_id": "534084511",
        "ctrl_type": "",
        "x_coord": "116.3946250",
        "y_coord": "39.9015790",
        "is_boundary": "",
        "activity_type": "",
        "poi_id": "",
        "zone_id": "",
        "notes": "",
        "feature_type": "node"
      },
      "geometry": {
        "type": "Point",
        "coordinates": [
          116.394625,
          39.901579
        ]
      }
    },
    {
      "type": "Feature",
      "properties": {
        "name": "",
        "node_id": "109",
        "osm_node_id": "6448207504",
        "ctrl_type": "",
        "x_coord": "116.3937630",
        "y_coord": "39.9015620",
        "is_boundary": "",
        "activity_type": "",
        "poi_id": "",
        "zone_id": "",
        "notes": "",
        "feature_type": "node"
      },
      "geometry": {
        "type": "Point",
        "coordinates": [
          116.393763,
          39.901562
        ]
      }
    },
    {
      "type": "Feature",
      "properties": {
        "name": "",
        "node_id": "110",
        "osm_node_id": "733788207",
        "ctrl_type": "",
        "x_coord": "116.3997190",
        "y_coord": "39.9119810",
        "is_boundary": "",
        "activity_type": "",
        "poi_id": "",
        "zone_id": "",
        "notes": "",
        "feature_type": "node"
      },
      "geometry": {
        "type": "Point",
        "coordinates": [
          116.399719,
          39.911981
        ]
      }
    },
    {
      "type": "Feature",
      "properties": {
        "name": "",
        "node_id": "111",
        "osm_node_id": "9327598729",
        "ctrl_type": "",
        "x_coord": "116.4004900",
        "y_coord": "39.9125120",
        "is_boundary": "",
        "activity_type": "",
        "poi_id": "",
        "zone_id": "",
        "notes": "",
        "feature_type": "node"
      },
      "geometry": {
        "type": "Point",
        "coordinates": [
          116.40049,
          39.912512
        ]
      }
    },
    {
      "type": "Feature",
      "properties": {
        "name": "",
        "node_id": "112",
        "osm_node_id": "733788159",
        "ctrl_type": "",
        "x_coord": "116.3990680",
        "y_coord": "39.9134680",
        "is_boundary": "",
        "activity_type": "",
        "poi_id": "",
        "zone_id": "",
        "notes": "",
        "feature_type": "node"
      },
      "geometry": {
        "type": "Point",
        "coordinates": [
          116.399068,
          39.913468
        ]
      }
    },
    {
      "type": "Feature",
      "properties": {
        "name": "",
        "node_id": "113",
        "osm_node_id": "1858572387",
        "ctrl_type": "",
        "x_coord": "116.3990070",
        "y_coord": "39.9133680",
        "is_boundary": "",
        "activity_type": "",
        "poi_id": "",
        "zone_id": "",
        "notes": "",
        "feature_type": "node"
      },
      "geometry": {
        "type": "Point",
        "coordinates": [
          116.399007,
          39.913368
        ]
      }
    },
    {
      "type": "Feature",
      "properties": {
        "name": "",
        "node_id": "114",
        "osm_node_id": "733788662",
        "ctrl_type": "",
        "x_coord": "116.3990680",
        "y_coord": "39.9138380",
        "is_boundary": "",
        "activity_type": "",
        "poi_id": "",
        "zone_id": "",
        "notes": "",
        "feature_type": "node"
      },
      "geometry": {
        "type": "Point",
        "coordinates": [
          116.399068,
          39.913838
        ]
      }
    },
    {
      "type": "Feature",
      "properties": {
        "name": "",
        "node_id": "115",
        "osm_node_id": "733788169",
        "ctrl_type": "",
        "x_coord": "116.3988420",
        "y_coord": "39.9138360",
        "is_boundary": "",
        "activity_type": "",
        "poi_id": "",
        "zone_id": "",
        "notes": "",
        "feature_type": "node"
      },
      "geometry": {
        "type": "Point",
        "coordinates": [
          116.398842,
          39.913836
        ]
      }
    },
    {
      "type": "Feature",
      "properties": {
        "name": "",
        "node_id": "116",
        "osm_node_id": "733789314",
        "ctrl_type": "",
        "x_coord": "116.3987940",
        "y_coord": "39.9144500",
        "is_boundary": "",
        "activity_type": "",
        "poi_id": "",
        "zone_id": "",
        "notes": "",
        "feature_type": "node"
      },
      "geometry": {
        "type": "Point",
        "coordinates": [
          116.398794,
          39.91445
        ]
      }
    },
    {
      "type": "Feature",
      "properties": {
        "name": "",
        "node_id": "117",
        "osm_node_id": "733788184",
        "ctrl_type": "",
        "x_coord": "116.3994320",
        "y_coord": "39.9107670",
        "is_boundary": "",
        "activity_type": "",
        "poi_id": "",
        "zone_id": "",
        "notes": "",
        "feature_type": "node"
      },
      "geometry": {
        "type": "Point",
        "coordinates": [
          116.399432,
          39.910767
        ]
      }
    },
    {
      "type": "Feature",
      "properties": {
        "name": "",
        "node_id": "118",
        "osm_node_id": "6105484362",
        "ctrl_type": "",
        "x_coord": "116.3994250",
        "y_coord": "39.9112010",
        "is_boundary": "",
        "activity_type": "",
        "poi_id": "",
        "zone_id": "",
        "notes": "",
        "feature_type": "node"
      },
      "geometry": {
        "type": "Point",
        "coordinates": [
          116.399425,
          39.911201
        ]
      }
    },
    {
      "type": "Feature",
      "properties": {
        "name": "",
        "node_id": "119",
        "osm_node_id": "733788474",
        "ctrl_type": "",
        "x_coord": "116.3989980",
        "y_coord": "39.9107680",
        "is_boundary": "",
        "activity_type": "",
        "poi_id": "",
        "zone_id": "",
        "notes": "",
        "feature_type": "node"
      },
      "geometry": {
        "type": "Point",
        "coordinates": [
          116.398998,
          39.910768
        ]
      }
    },
    {
      "type": "Feature",
      "properties": {
        "name": "",
        "node_id": "120",
        "osm_node_id": "733788541",
        "ctrl_type": "",
        "x_coord": "116.3993720",
        "y_coord": "39.9119730",
        "is_boundary": "",
        "activity_type": "",
        "poi_id": "",
        "zone_id": "",
        "notes": "",
        "feature_type": "node"
      },
      "geometry": {
        "type": "Point",
        "coordinates": [
          116.399372,
          39.911973
        ]
      }
    },
    {
      "type": "Feature",
      "properties": {
        "name": "",
        "node_id": "121",
        "osm_node_id": "733788263",
        "ctrl_type": "",
        "x_coord": "116.3969070",
        "y_coord": "39.9102530",
        "is_boundary": "",
        "activity_type": "",
        "poi_id": "",
        "zone_id": "",
        "notes": "",
        "feature_type": "node"
      },
      "geometry": {
        "type": "Point",
        "coordinates": [
          116.396907,
          39.910253
        ]
      }
    },
    {
      "type": "Feature",
      "properties": {
        "name": "",
        "node_id": "122",
        "osm_node_id": "5908244201",
        "ctrl_type": "",
        "x_coord": "116.3968870",
        "y_coord": "39.9106430",
        "is_boundary": "",
        "activity_type": "",
        "poi_id": "",
        "zone_id": "",
        "notes": "",
        "feature_type": "node"
      },
      "geometry": {
        "type": "Point",
        "coordinates": [
          116.396887,
          39.910643
        ]
      }
    },
    {
      "type": "Feature",
      "properties": {
        "name": "",
        "node_id": "123",
        "osm_node_id": "733788794",
        "ctrl_type": "",
        "x_coord": "116.3969440",
        "y_coord": "39.9094920",
        "is_boundary": "",
        "activity_type": "",
        "poi_id": "",
        "zone_id": "",
        "notes": "",
        "feature_type": "node"
      },
      "geometry": {
        "type": "Point",
        "coordinates": [
          116.396944,
          39.909492
        ]
      }
    },
    {
      "type": "Feature",
      "properties": {
        "name": "",
        "node_id": "124",
        "osm_node_id": "733788292",
        "ctrl_type": "",
        "x_coord": "116.3969580",
        "y_coord": "39.9092120",
        "is_boundary": "",
        "activity_type": "",
        "poi_id": "",
        "zone_id": "",
        "notes": "",
        "feature_type": "node"
      },
      "geometry": {
        "type": "Point",
        "coordinates": [
          116.396958,
          39.909212
        ]
      }
    },
    {
      "type": "Feature",
      "properties": {
        "name": "",
        "node_id": "125",
        "osm_node_id": "733789032",
        "ctrl_type": "",
        "x_coord": "116.3970140",
        "y_coord": "39.9080700",
        "is_boundary": "",
        "activity_type": "",
        "poi_id": "",
        "zone_id": "",
        "notes": "",
        "feature_type": "node"
      },
      "geometry": {
        "type": "Point",
        "coordinates": [
          116.397014,
          39.90807
        ]
      }
    },
    {
      "type": "Feature",
      "properties": {
        "name": "",
        "node_id": "126",
        "osm_node_id": "733788320",
        "ctrl_type": "",
        "x_coord": "116.3989890",
        "y_coord": "39.9114740",
        "is_boundary": "",
        "activity_type": "",
        "poi_id": "",
        "zone_id": "",
        "notes": "",
        "feature_type": "node"
      },
      "geometry": {
        "type": "Point",
        "coordinates": [
          116.398989,
          39.911474
        ]
      }
    },
    {
      "type": "Feature",
      "properties": {
        "name": "",
        "node_id": "127",
        "osm_node_id": "6095000287",
        "ctrl_type": "",
        "x_coord": "116.3986250",
        "y_coord": "39.9114500",
        "is_boundary": "",
        "activity_type": "",
        "poi_id": "",
        "zone_id": "",
        "notes": "",
        "feature_type": "node"
      },
      "geometry": {
        "type": "Point",
        "coordinates": [
          116.398625,
          39.91145
        ]
      }
    },
    {
      "type": "Feature",
      "properties": {
        "name": "",
        "node_id": "128",
        "osm_node_id": "6105484375",
        "ctrl_type": "",
        "x_coord": "116.3989940",
        "y_coord": "39.9112020",
        "is_boundary": "",
        "activity_type": "",
        "poi_id": "",
        "zone_id": "",
        "notes": "",
        "feature_type": "node"
      },
      "geometry": {
        "type": "Point",
        "coordinates": [
          116.398994,
          39.911202
        ]
      }
    },
    {
      "type": "Feature",
      "properties": {
        "name": "",
        "node_id": "129",
        "osm_node_id": "733789278",
        "ctrl_type": "",
        "x_coord": "116.3990100",
        "y_coord": "39.9115500",
        "is_boundary": "",
        "activity_type": "",
        "poi_id": "",
        "zone_id": "",
        "notes": "",
        "feature_type": "node"
      },
      "geometry": {
        "type": "Point",
        "coordinates": [
          116.39901,
          39.91155
        ]
      }
    },
    {
      "type": "Feature",
      "properties": {
        "name": "",
        "node_id": "130",
        "osm_node_id": "733788439",
        "ctrl_type": "",
        "x_coord": "116.3968250",
        "y_coord": "39.9113730",
        "is_boundary": "",
        "activity_type": "",
        "poi_id": "",
        "zone_id": "",
        "notes": "",
        "feature_type": "node"
      },
      "geometry": {
        "type": "Point",
        "coordinates": [
          116.396825,
          39.911373
        ]
      }
    },
    {
      "type": "Feature",
      "properties": {
        "name": "",
        "node_id": "131",
        "osm_node_id": "733789002",
        "ctrl_type": "",
        "x_coord": "116.3972260",
        "y_coord": "39.9113880",
        "is_boundary": "",
        "activity_type": "",
        "poi_id": "",
        "zone_id": "",
        "notes": "",
        "feature_type": "node"
      },
      "geometry": {
        "type": "Point",
        "coordinates": [
          116.397226,
          39.911388
        ]
      }
    },
    {
      "type": "Feature",
      "properties": {
        "name": "",
        "node_id": "132",
        "osm_node_id": "6094979043",
        "ctrl_type": "",
        "x_coord": "116.3967920",
        "y_coord": "39.9121370",
        "is_boundary": "",
        "activity_type": "",
        "poi_id": "",
        "zone_id": "",
        "notes": "",
        "feature_type": "node"
      },
      "geometry": {
        "type": "Point",
        "coordinates": [
          116.396792,
          39.912137
        ]
      }
    },
    {
      "type": "Feature",
      "properties": {
        "name": "",
        "node_id": "133",
        "osm_node_id": "733788452",
        "ctrl_type": "",
        "x_coord": "116.3846520",
        "y_coord": "39.9069670",
        "is_boundary": "",
        "activity_type": "",
        "poi_id": "",
        "zone_id": "",
        "notes": "",
        "feature_type": "node"
      },
      "geometry": {
        "type": "Point",
        "coordinates": [
          116.384652,
          39.906967
        ]
      }
    },
    {
      "type": "Feature",
      "properties": {
        "name": "",
        "node_id": "134",
        "osm_node_id": "6105550935",
        "ctrl_type": "",
        "x_coord": "116.3854910",
        "y_coord": "39.9069840",
        "is_boundary": "",
        "activity_type": "",
        "poi_id": "",
        "zone_id": "",
        "notes": "",
        "feature_type": "node"
      },
      "geometry": {
        "type": "Point",
        "coordinates": [
          116.385491,
          39.906984
        ]
      }
    },
    {
      "type": "Feature",
      "properties": {
        "name": "",
        "node_id": "135",
        "osm_node_id": "6105500928",
        "ctrl_type": "",
        "x_coord": "116.3846080",
        "y_coord": "39.9078600",
        "is_boundary": "",
        "activity_type": "",
        "poi_id": "",
        "zone_id": "",
        "notes": "",
        "feature_type": "node"
      },
      "geometry": {
        "type": "Point",
        "coordinates": [
          116.384608,
          39.90786
        ]
      }
    },
    {
      "type": "Feature",
      "properties": {
        "name": "",
        "node_id": "136",
        "osm_node_id": "733789098",
        "ctrl_type": "",
        "x_coord": "116.3984880",
        "y_coord": "39.9107600",
        "is_boundary": "",
        "activity_type": "",
        "poi_id": "",
        "zone_id": "",
        "notes": "",
        "feature_type": "node"
      },
      "geometry": {
        "type": "Point",
        "coordinates": [
          116.398488,
          39.91076
        ]
      }
    },
    {
      "type": "Feature",
      "properties": {
        "name": "",
        "node_id": "137",
        "osm_node_id": "733788556",
        "ctrl_type": "",
        "x_coord": "116.3991990",
        "y_coord": "39.9119700",
        "is_boundary": "",
        "activity_type": "",
        "poi_id": "",
        "zone_id": "",
        "notes": "",
        "feature_type": "node"
      },
      "geometry": {
        "type": "Point",
        "coordinates": [
          116.399199,
          39.91197
        ]
      }
    },
    {
      "type": "Feature",
      "properties": {
        "name": "",
        "node_id": "138",
        "osm_node_id": "1980072175",
        "ctrl_type": "",
        "x_coord": "116.3990910",
        "y_coord": "39.9119650",
        "is_boundary": "",
        "activity_type": "",
        "poi_id": "",
        "zone_id": "",
        "notes": "",
        "feature_type": "node"
      },
      "geometry": {
        "type": "Point",
        "coordinates": [
          116.399091,
          39.911965
        ]
      }
    },
    {
      "type": "Feature",
      "properties": {
        "name": "",
        "node_id": "139",
        "osm_node_id": "733788616",
        "ctrl_type": "",
        "x_coord": "116.3854850",
        "y_coord": "39.9092560",
        "is_boundary": "",
        "activity_type": "",
        "poi_id": "",
        "zone_id": "",
        "notes": "",
        "feature_type": "node"
      },
      "geometry": {
        "type": "Point",
        "coordinates": [
          116.385485,
          39.909256
        ]
      }
    },
    {
      "type": "Feature",
      "properties": {
        "name": "",
        "node_id": "140",
        "osm_node_id": "6111475091",
        "ctrl_type": "",
        "x_coord": "116.3855770",
        "y_coord": "39.9080980",
        "is_boundary": "",
        "activity_type": "",
        "poi_id": "",
        "zone_id": "",
        "notes": "",
        "feature_type": "node"
      },
      "geometry": {
        "type": "Point",
        "coordinates": [
          116.385577,
          39.908098
        ]
      }
    },
    {
      "type": "Feature",
      "properties": {
        "name": "",
        "node_id": "141",
        "osm_node_id": "6098799664",
        "ctrl_type": "",
        "x_coord": "116.3854470",
        "y_coord": "39.9097980",
        "is_boundary": "",
        "activity_type": "",
        "poi_id": "",
        "zone_id": "",
        "notes": "",
        "feature_type": "node"
      },
      "geometry": {
        "type": "Point",
        "coordinates": [
          116.385447,
          39.909798
        ]
      }
    },
    {
      "type": "Feature",
      "properties": {
        "name": "",
        "node_id": "142",
        "osm_node_id": "733788681",
        "ctrl_type": "",
        "x_coord": "116.3985040",
        "y_coord": "39.9103470",
        "is_boundary": "",
        "activity_type": "",
        "poi_id": "",
        "zone_id": "",
        "notes": "",
        "feature_type": "node"
      },
      "geometry": {
        "type": "Point",
        "coordinates": [
          116.398504,
          39.910347
        ]
      }
    },
    {
      "type": "Feature",
      "properties": {
        "name": "",
        "node_id": "143",
        "osm_node_id": "733788691",
        "ctrl_type": "",
        "x_coord": "116.3984820",
        "y_coord": "39.9108460",
        "is_boundary": "",
        "activity_type": "",
        "poi_id": "",
        "zone_id": "",
        "notes": "",
        "feature_type": "node"
      },
      "geometry": {
        "type": "Point",
        "coordinates": [
          116.398482,
          39.910846
        ]
      }
    },
    {
      "type": "Feature",
      "properties": {
        "name": "",
        "node_id": "144",
        "osm_node_id": "733788810",
        "ctrl_type": "",
        "x_coord": "116.3984760",
        "y_coord": "39.9114440",
        "is_boundary": "",
        "activity_type": "",
        "poi_id": "",
        "zone_id": "",
        "notes": "",
        "feature_type": "node"
      },
      "geometry": {
        "type": "Point",
        "coordinates": [
          116.398476,
          39.911444
        ]
      }
    },
    {
      "type": "Feature",
      "properties": {
        "name": "",
        "node_id": "145",
        "osm_node_id": "733788806",
        "ctrl_type": "",
        "x_coord": "116.3856180",
        "y_coord": "39.9069870",
        "is_boundary": "",
        "activity_type": "",
        "poi_id": "",
        "zone_id": "",
        "notes": "",
        "feature_type": "node"
      },
      "geometry": {
        "type": "Point",
        "coordinates": [
          116.385618,
          39.906987
        ]
      }
    },
    {
      "type": "Feature",
      "properties": {
        "name": "",
        "node_id": "146",
        "osm_node_id": "733788907",
        "ctrl_type": "signal",
        "x_coord": "116.3856490",
        "y_coord": "39.9068050",
        "is_boundary": "",
        "activity_type": "",
        "poi_id": "",
        "zone_id": "",
        "notes": "",
        "feature_type": "node"
      },
      "geometry": {
        "type": "Point",
        "coordinates": [
          116.385649,
          39.906805
        ]
      }
    },
    {
      "type": "Feature",
      "properties": {
        "name": "",
        "node_id": "147",
        "osm_node_id": "9378895553",
        "ctrl_type": "",
        "x_coord": "116.3856060",
        "y_coord": "39.9073100",
        "is_boundary": "",
        "activity_type": "",
        "poi_id": "",
        "zone_id": "",
        "notes": "",
        "feature_type": "node"
      },
      "geometry": {
        "type": "Point",
        "coordinates": [
          116.385606,
          39.90731
        ]
      }
    },
    {
      "type": "Feature",
      "properties": {
        "name": "",
        "node_id": "148",
        "osm_node_id": "1980072136",
        "ctrl_type": "",
        "x_coord": "116.3983170",
        "y_coord": "39.9114370",
        "is_boundary": "",
        "activity_type": "",
        "poi_id": "",
        "zone_id": "",
        "notes": "",
        "feature_type": "node"
      },
      "geometry": {
        "type": "Point",
        "coordinates": [
          116.398317,
          39.911437
        ]
      }
    },
    {
      "type": "Feature",
      "properties": {
        "name": "",
        "node_id": "149",
        "osm_node_id": "6013587610",
        "ctrl_type": "",
        "x_coord": "116.3856750",
        "y_coord": "39.9065600",
        "is_boundary": "",
        "activity_type": "",
        "poi_id": "",
        "zone_id": "",
        "notes": "",
        "feature_type": "node"
      },
      "geometry": {
        "type": "Point",
        "coordinates": [
          116.385675,
          39.90656
        ]
      }
    },
    {
      "type": "Feature",
      "properties": {
        "name": "",
        "node_id": "150",
        "osm_node_id": "733788941",
        "ctrl_type": "",
        "x_coord": "116.3979470",
        "y_coord": "39.9114200",
        "is_boundary": "",
        "activity_type": "",
        "poi_id": "",
        "zone_id": "",
        "notes": "",
        "feature_type": "node"
      },
      "geometry": {
        "type": "Point",
        "coordinates": [
          116.397947,
          39.91142
        ]
      }
    },
    {
      "type": "Feature",
      "properties": {
        "name": "",
        "node_id": "151",
        "osm_node_id": "733789186",
        "ctrl_type": "",
        "x_coord": "116.3972710",
        "y_coord": "39.9108300",
        "is_boundary": "",
        "activity_type": "",
        "poi_id": "",
        "zone_id": "",
        "notes": "",
        "feature_type": "node"
      },
      "geometry": {
        "type": "Point",
        "coordinates": [
          116.397271,
          39.91083
        ]
      }
    },
    {
      "type": "Feature",
      "properties": {
        "name": "",
        "node_id": "152",
        "osm_node_id": "6448666076",
        "ctrl_type": "",
        "x_coord": "116.3970230",
        "y_coord": "39.9078990",
        "is_boundary": "",
        "activity_type": "",
        "poi_id": "",
        "zone_id": "",
        "notes": "",
        "feature_type": "node"
      },
      "geometry": {
        "type": "Point",
        "coordinates": [
          116.397023,
          39.907899
        ]
      }
    },
    {
      "type": "Feature",
      "properties": {
        "name": "",
        "node_id": "153",
        "osm_node_id": "6094988967",
        "ctrl_type": "",
        "x_coord": "116.3990440",
        "y_coord": "39.9116460",
        "is_boundary": "",
        "activity_type": "",
        "poi_id": "",
        "zone_id": "",
        "notes": "",
        "feature_type": "node"
      },
      "geometry": {
        "type": "Point",
        "coordinates": [
          116.399044,
          39.911646
        ]
      }
    },
    {
      "type": "Feature",
      "properties": {
        "name": "",
        "node_id": "154",
        "osm_node_id": "733789295",
        "ctrl_type": "",
        "x_coord": "116.3970390",
        "y_coord": "39.9075740",
        "is_boundary": "",
        "activity_type": "",
        "poi_id": "",
        "zone_id": "",
        "notes": "",
        "feature_type": "node"
      },
      "geometry": {
        "type": "Point",
        "coordinates": [
          116.397039,
          39.907574
        ]
      }
    },
    {
      "type": "Feature",
      "properties": {
        "name": "",
        "node_id": "155",
        "osm_node_id": "6448666067",
        "ctrl_type": "",
        "x_coord": "116.3970480",
        "y_coord": "39.9073950",
        "is_boundary": "",
        "activity_type": "",
        "poi_id": "",
        "zone_id": "",
        "notes": "",
        "feature_type": "node"
      },
      "geometry": {
        "type": "Point",
        "coordinates": [
          116.397048,
          39.907395
        ]
      }
    },
    {
      "type": "Feature",
      "properties": {
        "name": "",
        "node_id": "156",
        "osm_node_id": "733858789",
        "ctrl_type": "",
        "x_coord": "116.4026210",
        "y_coord": "39.9091940",
        "is_boundary": "",
        "activity_type": "",
        "poi_id": "",
        "zone_id": "",
        "notes": "",
        "feature_type": "node"
      },
      "geometry": {
        "type": "Point",
        "coordinates": [
          116.402621,
          39.909194
        ]
      }
    },
    {
      "type": "Feature",
      "properties": {
        "name": "",
        "node_id": "157",
        "osm_node_id": "8809675582",
        "ctrl_type": "",
        "x_coord": "116.4027520",
        "y_coord": "39.9091880",
        "is_boundary": "",
        "activity_type": "",
        "poi_id": "",
        "zone_id": "",
        "notes": "",
        "feature_type": "node"
      },
      "geometry": {
        "type": "Point",
        "coordinates": [
          116.402752,
          39.909188
        ]
      }
    },
    {
      "type": "Feature",
      "properties": {
        "name": "",
        "node_id": "158",
        "osm_node_id": "6297236905",
        "ctrl_type": "",
        "x_coord": "116.4026270",
        "y_coord": "39.9090200",
        "is_boundary": "",
        "activity_type": "",
        "poi_id": "",
        "zone_id": "",
        "notes": "",
        "feature_type": "node"
      },
      "geometry": {
        "type": "Point",
        "coordinates": [
          116.402627,
          39.90902
        ]
      }
    },
    {
      "type": "Feature",
      "properties": {
        "name": "",
        "node_id": "159",
        "osm_node_id": "8809675580",
        "ctrl_type": "",
        "x_coord": "116.4026160",
        "y_coord": "39.9092840",
        "is_boundary": "",
        "activity_type": "",
        "poi_id": "",
        "zone_id": "",
        "notes": "",
        "feature_type": "node"
      },
      "geometry": {
        "type": "Point",
        "coordinates": [
          116.402616,
          39.909284
        ]
      }
    },
    {
      "type": "Feature",
      "properties": {
        "name": "",
        "node_id": "160",
        "osm_node_id": "8809675581",
        "ctrl_type": "",
        "x_coord": "116.4024310",
        "y_coord": "39.9091900",
        "is_boundary": "",
        "activity_type": "",
        "poi_id": "",
        "zone_id": "",
        "notes": "",
        "feature_type": "node"
      },
      "geometry": {
        "type": "Point",
        "coordinates": [
          116.402431,
          39.90919
        ]
      }
    },
    {
      "type": "Feature",
      "properties": {
        "name": "",
        "node_id": "161",
        "osm_node_id": "733858893",
        "ctrl_type": "",
        "x_coord": "116.4005680",
        "y_coord": "39.9096300",
        "is_boundary": "",
        "activity_type": "",
        "poi_id": "",
        "zone_id": "",
        "notes": "",
        "feature_type": "node"
      },
      "geometry": {
        "type": "Point",
        "coordinates": [
          116.400568,
          39.90963
        ]
      }
    },
    {
      "type": "Feature",
      "properties": {
        "name": "",
        "node_id": "162",
        "osm_node_id": "733859140",
        "ctrl_type": "",
        "x_coord": "116.4011030",
        "y_coord": "39.9096280",
        "is_boundary": "",
        "activity_type": "",
        "poi_id": "",
        "zone_id": "",
        "notes": "",
        "feature_type": "node"
      },
      "geometry": {
        "type": "Point",
        "coordinates": [
          116.401103,
          39.909628
        ]
      }
    },
    {
      "type": "Feature",
      "properties": {
        "name": "",
        "node_id": "163",
        "osm_node_id": "7825536647",
        "ctrl_type": "",
        "x_coord": "116.4005580",
        "y_coord": "39.9098200",
        "is_boundary": "",
        "activity_type": "",
        "poi_id": "",
        "zone_id": "",
        "notes": "",
        "feature_type": "node"
      },
      "geometry": {
        "type": "Point",
        "coordinates": [
          116.400558,
          39.90982
        ]
      }
    },
    {
      "type": "Feature",
      "properties": {
        "name": "",
        "node_id": "164",
        "osm_node_id": "9327598731",
        "ctrl_type": "",
        "x_coord": "116.4005600",
        "y_coord": "39.9094170",
        "is_boundary": "",
        "activity_type": "",
        "poi_id": "",
        "zone_id": "",
        "notes": "",
        "feature_type": "node"
      },
      "geometry": {
        "type": "Point",
        "coordinates": [
          116.40056,
          39.909417
        ]
      }
    },
    {
      "type": "Feature",
      "properties": {
        "name": "",
        "node_id": "165",
        "osm_node_id": "733858955",
        "ctrl_type": "",
        "x_coord": "116.4005670",
        "y_coord": "39.9101840",
        "is_boundary": "",
        "activity_type": "",
        "poi_id": "",
        "zone_id": "",
        "notes": "",
        "feature_type": "node"
      },
      "geometry": {
        "type": "Point",
        "coordinates": [
          116.400567,
          39.910184
        ]
      }
    },
    {
      "type": "Feature",
      "properties": {
        "name": "",
        "node_id": "166",
        "osm_node_id": "733859742",
        "ctrl_type": "",
        "x_coord": "116.4010760",
        "y_coord": "39.9101840",
        "is_boundary": "",
        "activity_type": "",
        "poi_id": "",
        "zone_id": "",
        "notes": "",
        "feature_type": "node"
      },
      "geometry": {
        "type": "Point",
        "coordinates": [
          116.401076,
          39.910184
        ]
      }
    },
    {
      "type": "Feature",
      "properties": {
        "name": "",
        "node_id": "167",
        "osm_node_id": "12492811790",
        "ctrl_type": "",
        "x_coord": "116.4015920",
        "y_coord": "39.9079180",
        "is_boundary": "",
        "activity_type": "",
        "poi_id": "",
        "zone_id": "",
        "notes": "",
        "feature_type": "node"
      },
      "geometry": {
        "type": "Point",
        "coordinates": [
          116.401592,
          39.907918
        ]
      }
    },
    {
      "type": "Feature",
      "properties": {
        "name": "",
        "node_id": "168",
        "osm_node_id": "733859031",
        "ctrl_type": "",
        "x_coord": "116.4010960",
        "y_coord": "39.9091650",
        "is_boundary": "",
        "activity_type": "",
        "poi_id": "",
        "zone_id": "",
        "notes": "",
        "feature_type": "node"
      },
      "geometry": {
        "type": "Point",
        "coordinates": [
          116.401096,
          39.909165
        ]
      }
    },
    {
      "type": "Feature",
      "properties": {
        "name": "",
        "node_id": "169",
        "osm_node_id": "12492811789",
        "ctrl_type": "",
        "x_coord": "116.4011170",
        "y_coord": "39.9083520",
        "is_boundary": "",
        "activity_type": "",
        "poi_id": "",
        "zone_id": "",
        "notes": "",
        "feature_type": "node"
      },
      "geometry": {
        "type": "Point",
        "coordinates": [
          116.401117,
          39.908352
        ]
      }
    },
    {
      "type": "Feature",
      "properties": {
        "name": "",
        "node_id": "170",
        "osm_node_id": "8809675593",
        "ctrl_type": "",
        "x_coord": "116.4011950",
        "y_coord": "39.9091630",
        "is_boundary": "",
        "activity_type": "",
        "poi_id": "",
        "zone_id": "",
        "notes": "",
        "feature_type": "node"
      },
      "geometry": {
        "type": "Point",
        "coordinates": [
          116.401195,
          39.909163
        ]
      }
    },
    {
      "type": "Feature",
      "properties": {
        "name": "",
        "node_id": "171",
        "osm_node_id": "733859673",
        "ctrl_type": "",
        "x_coord": "116.4020910",
        "y_coord": "39.9066570",
        "is_boundary": "",
        "activity_type": "",
        "poi_id": "",
        "zone_id": "",
        "notes": "",
        "feature_type": "node"
      },
      "geometry": {
        "type": "Point",
        "coordinates": [
          116.402091,
          39.906657
        ]
      }
    },
    {
      "type": "Feature",
      "properties": {
        "name": "",
        "node_id": "172",
        "osm_node_id": "733860059",
        "ctrl_type": "",
        "x_coord": "116.4018460",
        "y_coord": "39.9066550",
        "is_boundary": "",
        "activity_type": "",
        "poi_id": "",
        "zone_id": "",
        "notes": "",
        "feature_type": "node"
      },
      "geometry": {
        "type": "Point",
        "coordinates": [
          116.401846,
          39.906655
        ]
      }
    },
    {
      "type": "Feature",
      "properties": {
        "name": "",
        "node_id": "173",
        "osm_node_id": "733859999",
        "ctrl_type": "",
        "x_coord": "116.4012860",
        "y_coord": "39.9066420",
        "is_boundary": "",
        "activity_type": "",
        "poi_id": "",
        "zone_id": "",
        "notes": "",
        "feature_type": "node"
      },
      "geometry": {
        "type": "Point",
        "coordinates": [
          116.401286,
          39.906642
        ]
      }
    },
    {
      "type": "Feature",
      "properties": {
        "name": "",
        "node_id": "174",
        "osm_node_id": "9296257996",
        "ctrl_type": "signal",
        "x_coord": "116.4007140",
        "y_coord": "39.9066200",
        "is_boundary": "",
        "activity_type": "",
        "poi_id": "",
        "zone_id": "",
        "notes": "",
        "feature_type": "node"
      },
      "geometry": {
        "type": "Point",
        "coordinates": [
          116.400714,
          39.90662
        ]
      }
    },
    {
      "type": "Feature",
      "properties": {
        "name": "",
        "node_id": "175",
        "osm_node_id": "733967259",
        "ctrl_type": "signal",
        "x_coord": "116.4005780",
        "y_coord": "39.9062280",
        "is_boundary": "",
        "activity_type": "",
        "poi_id": "",
        "zone_id": "",
        "notes": "",
        "feature_type": "node"
      },
      "geometry": {
        "type": "Point",
        "coordinates": [
          116.400578,
          39.906228
        ]
      }
    },
    {
      "type": "Feature",
      "properties": {
        "name": "",
        "node_id": "176",
        "osm_node_id": "6095123388",
        "ctrl_type": "",
        "x_coord": "116.4005780",
        "y_coord": "39.9062820",
        "is_boundary": "",
        "activity_type": "",
        "poi_id": "",
        "zone_id": "",
        "notes": "",
        "feature_type": "node"
      },
      "geometry": {
        "type": "Point",
        "coordinates": [
          116.400578,
          39.906282
        ]
      }
    },
    {
      "type": "Feature",
      "properties": {
        "name": "",
        "node_id": "177",
        "osm_node_id": "12849799809",
        "ctrl_type": "",
        "x_coord": "116.4006160",
        "y_coord": "39.9054480",
        "is_boundary": "",
        "activity_type": "",
        "poi_id": "",
        "zone_id": "",
        "notes": "",
        "feature_type": "node"
      },
      "geometry": {
        "type": "Point",
        "coordinates": [
          116.400616,
          39.905448
        ]
      }
    },
    {
      "type": "Feature",
      "properties": {
        "name": "",
        "node_id": "178",
        "osm_node_id": "1298111381",
        "ctrl_type": "",
        "x_coord": "116.3830790",
        "y_coord": "39.9133450",
        "is_boundary": "",
        "activity_type": "",
        "poi_id": "",
        "zone_id": "",
        "notes": "",
        "feature_type": "node"
      },
      "geometry": {
        "type": "Point",
        "coordinates": [
          116.383079,
          39.913345
        ]
      }
    },
    {
      "type": "Feature",
      "properties": {
        "name": "",
        "node_id": "179",
        "osm_node_id": "2001984367",
        "ctrl_type": "",
        "x_coord": "116.3832420",
        "y_coord": "39.9133470",
        "is_boundary": "",
        "activity_type": "",
        "poi_id": "",
        "zone_id": "",
        "notes": "",
        "feature_type": "node"
      },
      "geometry": {
        "type": "Point",
        "coordinates": [
          116.383242,
          39.913347
        ]
      }
    },
    {
      "type": "Feature",
      "properties": {
        "name": "",
        "node_id": "180",
        "osm_node_id": "1358709948",
        "ctrl_type": "",
        "x_coord": "116.3834120",
        "y_coord": "39.9058440",
        "is_boundary": "",
        "activity_type": "",
        "poi_id": "",
        "zone_id": "",
        "notes": "",
        "feature_type": "node"
      },
      "geometry": {
        "type": "Point",
        "coordinates": [
          116.383412,
          39.905844
        ]
      }
    },
    {
      "type": "Feature",
      "properties": {
        "name": "",
        "node_id": "181",
        "osm_node_id": "1737653016",
        "ctrl_type": "",
        "x_coord": "116.3835950",
        "y_coord": "39.9058490",
        "is_boundary": "",
        "activity_type": "",
        "poi_id": "",
        "zone_id": "",
        "notes": "",
        "feature_type": "node"
      },
      "geometry": {
        "type": "Point",
        "coordinates": [
          116.383595,
          39.905849
        ]
      }
    },
    {
      "type": "Feature",
      "properties": {
        "name": "",
        "node_id": "182",
        "osm_node_id": "1414035095",
        "ctrl_type": "",
        "x_coord": "116.3844890",
        "y_coord": "39.9004360",
        "is_boundary": "",
        "activity_type": "",
        "poi_id": "",
        "zone_id": "",
        "notes": "",
        "feature_type": "node"
      },
      "geometry": {
        "type": "Point",
        "coordinates": [
          116.384489,
          39.900436
        ]
      }
    },
    {
      "type": "Feature",
      "properties": {
        "name": "",
        "node_id": "183",
        "osm_node_id": "1446052195",
        "ctrl_type": "",
        "x_coord": "116.3970660",
        "y_coord": "39.9070180",
        "is_boundary": "",
        "activity_type": "",
        "poi_id": "",
        "zone_id": "",
        "notes": "",
        "feature_type": "node"
      },
      "geometry": {
        "type": "Point",
        "coordinates": [
          116.397066,
          39.907018
        ]
      }
    },
    {
      "type": "Feature",
      "properties": {
        "name": "",
        "node_id": "184",
        "osm_node_id": "1446052218",
        "ctrl_type": "",
        "x_coord": "116.3970560",
        "y_coord": "39.9072280",
        "is_boundary": "",
        "activity_type": "",
        "poi_id": "",
        "zone_id": "",
        "notes": "",
        "feature_type": "node"
      },
      "geometry": {
        "type": "Point",
        "coordinates": [
          116.397056,
          39.907228
        ]
      }
    },
    {
      "type": "Feature",
      "properties": {
        "name": "",
        "node_id": "185",
        "osm_node_id": "6421531641",
        "ctrl_type": "",
        "x_coord": "116.3970710",
        "y_coord": "39.9069280",
        "is_boundary": "",
        "activity_type": "",
        "poi_id": "",
        "zone_id": "",
        "notes": "",
        "feature_type": "node"
      },
      "geometry": {
        "type": "Point",
        "coordinates": [
          116.397071,
          39.906928
        ]
      }
    },
    {
      "type": "Feature",
      "properties": {
        "name": "",
        "node_id": "186",
        "osm_node_id": "5810315259",
        "ctrl_type": "",
        "x_coord": "116.3970510",
        "y_coord": "39.9073360",
        "is_boundary": "",
        "activity_type": "",
        "poi_id": "",
        "zone_id": "",
        "notes": "",
        "feature_type": "node"
      },
      "geometry": {
        "type": "Point",
        "coordinates": [
          116.397051,
          39.907336
        ]
      }
    },
    {
      "type": "Feature",
      "properties": {
        "name": "",
        "node_id": "187",
        "osm_node_id": "1638688353",
        "ctrl_type": "",
        "x_coord": "116.3845790",
        "y_coord": "39.9084330",
        "is_boundary": "",
        "activity_type": "",
        "poi_id": "",
        "zone_id": "",
        "notes": "",
        "feature_type": "node"
      },
      "geometry": {
        "type": "Point",
        "coordinates": [
          116.384579,
          39.908433
        ]
      }
    },
    {
      "type": "Feature",
      "properties": {
        "name": "",
        "node_id": "188",
        "osm_node_id": "12628080468",
        "ctrl_type": "signal",
        "x_coord": "116.3933010",
        "y_coord": "39.9018950",
        "is_boundary": "",
        "activity_type": "",
        "poi_id": "",
        "zone_id": "",
        "notes": "",
        "feature_type": "node"
      },
      "geometry": {
        "type": "Point",
        "coordinates": [
          116.393301,
          39.901895
        ]
      }
    },
    {
      "type": "Feature",
      "properties": {
        "name": "",
        "node_id": "189",
        "osm_node_id": "1687056659",
        "ctrl_type": "",
        "x_coord": "116.3932140",
        "y_coord": "39.9037280",
        "is_boundary": "",
        "activity_type": "",
        "poi_id": "",
        "zone_id": "",
        "notes": "",
        "feature_type": "node"
      },
      "geometry": {
        "type": "Point",
        "coordinates": [
          116.393214,
          39.903728
        ]
      }
    },
    {
      "type": "Feature",
      "properties": {
        "name": "",
        "node_id": "190",
        "osm_node_id": "12628080424",
        "ctrl_type": "signal",
        "x_coord": "116.3932100",
        "y_coord": "39.9038040",
        "is_boundary": "",
        "activity_type": "",
        "poi_id": "",
        "zone_id": "",
        "notes": "",
        "feature_type": "node"
      },
      "geometry": {
        "type": "Point",
        "coordinates": [
          116.39321,
          39.903804
        ]
      }
    },
    {
      "type": "Feature",
      "properties": {
        "name": "",
        "node_id": "191",
        "osm_node_id": "1737652998",
        "ctrl_type": "",
        "x_coord": "116.3871100",
        "y_coord": "39.9014350",
        "is_boundary": "",
        "activity_type": "",
        "poi_id": "",
        "zone_id": "",
        "notes": "",
        "feature_type": "node"
      },
      "geometry": {
        "type": "Point",
        "coordinates": [
          116.38711,
          39.901435
        ]
      }
    },
    {
      "type": "Feature",
      "properties": {
        "name": "",
        "node_id": "192",
        "osm_node_id": "1737653014",
        "ctrl_type": "",
        "x_coord": "116.3840290",
        "y_coord": "39.9058580",
        "is_boundary": "",
        "activity_type": "",
        "poi_id": "",
        "zone_id": "",
        "notes": "",
        "feature_type": "node"
      },
      "geometry": {
        "type": "Point",
        "coordinates": [
          116.384029,
          39.905858
        ]
      }
    },
    {
      "type": "Feature",
      "properties": {
        "name": "",
        "node_id": "193",
        "osm_node_id": "3069952494",
        "ctrl_type": "",
        "x_coord": "116.3848440",
        "y_coord": "39.9058790",
        "is_boundary": "",
        "activity_type": "",
        "poi_id": "",
        "zone_id": "",
        "notes": "",
        "feature_type": "node"
      },
      "geometry": {
        "type": "Point",
        "coordinates": [
          116.384844,
          39.905879
        ]
      }
    },
    {
      "type": "Feature",
      "properties": {
        "name": "",
        "node_id": "194",
        "osm_node_id": "1858572386",
        "ctrl_type": "",
        "x_coord": "116.3988310",
        "y_coord": "39.9133600",
        "is_boundary": "",
        "activity_type": "",
        "poi_id": "",
        "zone_id": "",
        "notes": "",
        "feature_type": "node"
      },
      "geometry": {
        "type": "Point",
        "coordinates": [
          116.398831,
          39.91336
        ]
      }
    },
    {
      "type": "Feature",
      "properties": {
        "name": "",
        "node_id": "195",
        "osm_node_id": "1891268439",
        "ctrl_type": "",
        "x_coord": "116.3896520",
        "y_coord": "39.9015070",
        "is_boundary": "",
        "activity_type": "",
        "poi_id": "",
        "zone_id": "",
        "notes": "",
        "feature_type": "node"
      },
      "geometry": {
        "type": "Point",
        "coordinates": [
          116.389652,
          39.901507
        ]
      }
    },
    {
      "type": "Feature",
      "properties": {
        "name": "",
        "node_id": "196",
        "osm_node_id": "9949154454",
        "ctrl_type": "",
        "x_coord": "116.3894010",
        "y_coord": "39.9014980",
        "is_boundary": "",
        "activity_type": "",
        "poi_id": "",
        "zone_id": "",
        "notes": "",
        "feature_type": "node"
      },
      "geometry": {
        "type": "Point",
        "coordinates": [
          116.389401,
          39.901498
        ]
      }
    },
    {
      "type": "Feature",
      "properties": {
        "name": "",
        "node_id": "197",
        "osm_node_id": "6094988965",
        "ctrl_type": "",
        "x_coord": "116.3990400",
        "y_coord": "39.9119260",
        "is_boundary": "",
        "activity_type": "",
        "poi_id": "",
        "zone_id": "",
        "notes": "",
        "feature_type": "node"
      },
      "geometry": {
        "type": "Point",
        "coordinates": [
          116.39904,
          39.911926
        ]
      }
    },
    {
      "type": "Feature",
      "properties": {
        "name": "",
        "node_id": "198",
        "osm_node_id": "2347911578",
        "ctrl_type": "",
        "x_coord": "116.3896410",
        "y_coord": "39.9017400",
        "is_boundary": "",
        "activity_type": "",
        "poi_id": "",
        "zone_id": "",
        "notes": "",
        "feature_type": "node"
      },
      "geometry": {
        "type": "Point",
        "coordinates": [
          116.389641,
          39.90174
        ]
      }
    },
    {
      "type": "Feature",
      "properties": {
        "name": "",
        "node_id": "199",
        "osm_node_id": "2424906806",
        "ctrl_type": "",
        "x_coord": "116.3854300",
        "y_coord": "39.9056930",
        "is_boundary": "",
        "activity_type": "",
        "poi_id": "",
        "zone_id": "",
        "notes": "",
        "feature_type": "node"
      },
      "geometry": {
        "type": "Point",
        "coordinates": [
          116.38543,
          39.905693
        ]
      }
    },
    {
      "type": "Feature",
      "properties": {
        "name": "",
        "node_id": "200",
        "osm_node_id": "9296101696",
        "ctrl_type": "",
        "x_coord": "116.3854200",
        "y_coord": "39.9055670",
        "is_boundary": "",
        "activity_type": "",
        "poi_id": "",
        "zone_id": "",
        "notes": "",
        "feature_type": "node"
      },
      "geometry": {
        "type": "Point",
        "coordinates": [
          116.38542,
          39.905567
        ]
      }
    },
    {
      "type": "Feature",
      "properties": {
        "name": "",
        "node_id": "201",
        "osm_node_id": "8835880543",
        "ctrl_type": "",
        "x_coord": "116.3855500",
        "y_coord": "39.9058970",
        "is_boundary": "",
        "activity_type": "",
        "poi_id": "",
        "zone_id": "",
        "notes": "",
        "feature_type": "node"
      },
      "geometry": {
        "type": "Point",
        "coordinates": [
          116.38555,
          39.905897
        ]
      }
    },
    {
      "type": "Feature",
      "properties": {
        "name": "",
        "node_id": "202",
        "osm_node_id": "2424906809",
        "ctrl_type": "",
        "x_coord": "116.3864280",
        "y_coord": "39.9061690",
        "is_boundary": "",
        "activity_type": "",
        "poi_id": "",
        "zone_id": "",
        "notes": "",
        "feature_type": "node"
      },
      "geometry": {
        "type": "Point",
        "coordinates": [
          116.386428,
          39.906169
        ]
      }
    },
    {
      "type": "Feature",
      "properties": {
        "name": "",
        "node_id": "203",
        "osm_node_id": "9296101695",
        "ctrl_type": "",
        "x_coord": "116.3856760",
        "y_coord": "39.9063850",
        "is_boundary": "",
        "activity_type": "",
        "poi_id": "",
        "zone_id": "",
        "notes": "",
        "feature_type": "node"
      },
      "geometry": {
        "type": "Point",
        "coordinates": [
          116.385676,
          39.906385
        ]
      }
    },
    {
      "type": "Feature",
      "properties": {
        "name": "",
        "node_id": "204",
        "osm_node_id": "3069952487",
        "ctrl_type": "",
        "x_coord": "116.3835940",
        "y_coord": "39.9060590",
        "is_boundary": "",
        "activity_type": "",
        "poi_id": "",
        "zone_id": "",
        "notes": "",
        "feature_type": "node"
      },
      "geometry": {
        "type": "Point",
        "coordinates": [
          116.383594,
          39.906059
        ]
      }
    },
    {
      "type": "Feature",
      "properties": {
        "name": "",
        "node_id": "205",
        "osm_node_id": "2455736047",
        "ctrl_type": "",
        "x_coord": "116.4025890",
        "y_coord": "39.9097970",
        "is_boundary": "",
        "activity_type": "",
        "poi_id": "",
        "zone_id": "",
        "notes": "",
        "feature_type": "node"
      },
      "geometry": {
        "type": "Point",
        "coordinates": [
          116.402589,
          39.909797
        ]
      }
    },
    {
      "type": "Feature",
      "properties": {
        "name": "",
        "node_id": "206",
        "osm_node_id": "6009721133",
        "ctrl_type": "",
        "x_coord": "116.3828410",
        "y_coord": "39.9060280",
        "is_boundary": "",
        "activity_type": "",
        "poi_id": "",
        "zone_id": "",
        "notes": "",
        "feature_type": "node"
      },
      "geometry": {
        "type": "Point",
        "coordinates": [
          116.382841,
          39.906028
        ]
      }
    },
    {
      "type": "Feature",
      "properties": {
        "name": "",
        "node_id": "207",
        "osm_node_id": "8835880544",
        "ctrl_type": "signal",
        "x_coord": "116.3851210",
        "y_coord": "39.9058860",
        "is_boundary": "",
        "activity_type": "",
        "poi_id": "",
        "zone_id": "",
        "notes": "",
        "feature_type": "node"
      },
      "geometry": {
        "type": "Point",
        "coordinates": [
          116.385121,
          39.905886
        ]
      }
    },
    {
      "type": "Feature",
      "properties": {
        "name": "",
        "node_id": "208",
        "osm_node_id": "3069952503",
        "ctrl_type": "",
        "x_coord": "116.3850340",
        "y_coord": "39.9014360",
        "is_boundary": "",
        "activity_type": "",
        "poi_id": "",
        "zone_id": "",
        "notes": "",
        "feature_type": "node"
      },
      "geometry": {
        "type": "Point",
        "coordinates": [
          116.385034,
          39.901436
        ]
      }
    },
    {
      "type": "Feature",
      "properties": {
        "name": "",
        "node_id": "209",
        "osm_node_id": "3693645630",
        "ctrl_type": "",
        "x_coord": "116.3853950",
        "y_coord": "39.9112280",
        "is_boundary": "",
        "activity_type": "",
        "poi_id": "",
        "zone_id": "",
        "notes": "",
        "feature_type": "node"
      },
      "geometry": {
        "type": "Point",
        "coordinates": [
          116.385395,
          39.911228
        ]
      }
    },
    {
      "type": "Feature",
      "properties": {
        "name": "",
        "node_id": "210",
        "osm_node_id": "4633378779",
        "ctrl_type": "",
        "x_coord": "116.3854740",
        "y_coord": "39.9101180",
        "is_boundary": "",
        "activity_type": "",
        "poi_id": "",
        "zone_id": "",
        "notes": "",
        "feature_type": "node"
      },
      "geometry": {
        "type": "Point",
        "coordinates": [
          116.385474,
          39.910118
        ]
      }
    },
    {
      "type": "Feature",
      "properties": {
        "name": "",
        "node_id": "211",
        "osm_node_id": "5926913422",
        "ctrl_type": "",
        "x_coord": "116.3853870",
        "y_coord": "39.9113130",
        "is_boundary": "",
        "activity_type": "",
        "poi_id": "",
        "zone_id": "",
        "notes": "",
        "feature_type": "node"
      },
      "geometry": {
        "type": "Point",
        "coordinates": [
          116.385387,
          39.911313
        ]
      }
    },
    {
      "type": "Feature",
      "properties": {
        "name": "",
        "node_id": "212",
        "osm_node_id": "3737045720",
        "ctrl_type": "",
        "x_coord": "116.3841860",
        "y_coord": "39.9148790",
        "is_boundary": "",
        "activity_type": "",
        "poi_id": "",
        "zone_id": "",
        "notes": "",
        "feature_type": "node"
      },
      "geometry": {
        "type": "Point",
        "coordinates": [
          116.384186,
          39.914879
        ]
      }
    },
    {
      "type": "Feature",
      "properties": {
        "name": "",
        "node_id": "213",
        "osm_node_id": "3737045721",
        "ctrl_type": "",
        "x_coord": "116.3842340",
        "y_coord": "39.9148150",
        "is_boundary": "",
        "activity_type": "",
        "poi_id": "",
        "zone_id": "",
        "notes": "",
        "feature_type": "node"
      },
      "geometry": {
        "type": "Point",
        "coordinates": [
          116.384234,
          39.914815
        ]
      }
    },
    {
      "type": "Feature",
      "properties": {
        "name": "",
        "node_id": "214",
        "osm_node_id": "3737045722",
        "ctrl_type": "",
        "x_coord": "116.3851430",
        "y_coord": "39.9148380",
        "is_boundary": "",
        "activity_type": "",
        "poi_id": "",
        "zone_id": "",
        "notes": "",
        "feature_type": "node"
      },
      "geometry": {
        "type": "Point",
        "coordinates": [
          116.385143,
          39.914838
        ]
      }
    },
    {
      "type": "Feature",
      "properties": {
        "name": "",
        "node_id": "215",
        "osm_node_id": "4710347379",
        "ctrl_type": "",
        "x_coord": "116.3894910",
        "y_coord": "39.9005160",
        "is_boundary": "",
        "activity_type": "",
        "poi_id": "",
        "zone_id": "",
        "notes": "",
        "feature_type": "node"
      },
      "geometry": {
        "type": "Point",
        "coordinates": [
          116.389491,
          39.900516
        ]
      }
    },
    {
      "type": "Feature",
      "properties": {
        "name": "",
        "node_id": "216",
        "osm_node_id": "4710638569",
        "ctrl_type": "",
        "x_coord": "116.4003410",
        "y_coord": "39.9053600",
        "is_boundary": "",
        "activity_type": "",
        "poi_id": "",
        "zone_id": "",
        "notes": "",
        "feature_type": "node"
      },
      "geometry": {
        "type": "Point",
        "coordinates": [
          116.400341,
          39.90536
        ]
      }
    },
    {
      "type": "Feature",
      "properties": {
        "name": "",
        "node_id": "217",
        "osm_node_id": "4710638744",
        "ctrl_type": "",
        "x_coord": "116.3970840",
        "y_coord": "39.9067720",
        "is_boundary": "",
        "activity_type": "",
        "poi_id": "",
        "zone_id": "",
        "notes": "",
        "feature_type": "node"
      },
      "geometry": {
        "type": "Point",
        "coordinates": [
          116.397084,
          39.906772
        ]
      }
    },
    {
      "type": "Feature",
      "properties": {
        "name": "",
        "node_id": "218",
        "osm_node_id": "9782405938",
        "ctrl_type": "signal",
        "x_coord": "116.3970810",
        "y_coord": "39.9068030",
        "is_boundary": "",
        "activity_type": "",
        "poi_id": "",
        "zone_id": "",
        "notes": "",
        "feature_type": "node"
      },
      "geometry": {
        "type": "Point",
        "coordinates": [
          116.397081,
          39.906803
        ]
      }
    },
    {
      "type": "Feature",
      "properties": {
        "name": "",
        "node_id": "219",
        "osm_node_id": "6421531651",
        "ctrl_type": "",
        "x_coord": "116.3970860",
        "y_coord": "39.9067280",
        "is_boundary": "",
        "activity_type": "",
        "poi_id": "",
        "zone_id": "",
        "notes": "",
        "feature_type": "node"
      },
      "geometry": {
        "type": "Point",
        "coordinates": [
          116.397086,
          39.906728
        ]
      }
    },
    {
      "type": "Feature",
      "properties": {
        "name": "",
        "node_id": "220",
        "osm_node_id": "4718004200",
        "ctrl_type": "",
        "x_coord": "116.3866440",
        "y_coord": "39.9059230",
        "is_boundary": "",
        "activity_type": "",
        "poi_id": "",
        "zone_id": "",
        "notes": "",
        "feature_type": "node"
      },
      "geometry": {
        "type": "Point",
        "coordinates": [
          116.386644,
          39.905923
        ]
      }
    },
    {
      "type": "Feature",
      "properties": {
        "name": "",
        "node_id": "221",
        "osm_node_id": "13570555108",
        "ctrl_type": "",
        "x_coord": "116.3858210",
        "y_coord": "39.9019210",
        "is_boundary": "",
        "activity_type": "",
        "poi_id": "",
        "zone_id": "",
        "notes": "",
        "feature_type": "node"
      },
      "geometry": {
        "type": "Point",
        "coordinates": [
          116.385821,
          39.901921
        ]
      }
    },
    {
      "type": "Feature",
      "properties": {
        "name": "",
        "node_id": "222",
        "osm_node_id": "6796440667",
        "ctrl_type": "",
        "x_coord": "116.3855760",
        "y_coord": "39.9024900",
        "is_boundary": "",
        "activity_type": "",
        "poi_id": "",
        "zone_id": "",
        "notes": "",
        "feature_type": "node"
      },
      "geometry": {
        "type": "Point",
        "coordinates": [
          116.385576,
          39.90249
        ]
      }
    },
    {
      "type": "Feature",
      "properties": {
        "name": "",
        "node_id": "223",
        "osm_node_id": "5115805577",
        "ctrl_type": "",
        "x_coord": "116.3854400",
        "y_coord": "39.9052080",
        "is_boundary": "",
        "activity_type": "",
        "poi_id": "",
        "zone_id": "",
        "notes": "",
        "feature_type": "node"
      },
      "geometry": {
        "type": "Point",
        "coordinates": [
          116.38544,
          39.905208
        ]
      }
    },
    {
      "type": "Feature",
      "properties": {
        "name": "",
        "node_id": "224",
        "osm_node_id": "6795126308",
        "ctrl_type": "",
        "x_coord": "116.3854830",
        "y_coord": "39.9042990",
        "is_boundary": "",
        "activity_type": "",
        "poi_id": "",
        "zone_id": "",
        "notes": "",
        "feature_type": "node"
      },
      "geometry": {
        "type": "Point",
        "coordinates": [
          116.385483,
          39.904299
        ]
      }
    },
    {
      "type": "Feature",
      "properties": {
        "name": "",
        "node_id": "225",
        "osm_node_id": "9782405964",
        "ctrl_type": "",
        "x_coord": "116.3854230",
        "y_coord": "39.9055280",
        "is_boundary": "",
        "activity_type": "",
        "poi_id": "",
        "zone_id": "",
        "notes": "",
        "feature_type": "node"
      },
      "geometry": {
        "type": "Point",
        "coordinates": [
          116.385423,
          39.905528
        ]
      }
    },
    {
      "type": "Feature",
      "properties": {
        "name": "",
        "node_id": "226",
        "osm_node_id": "5300284255",
        "ctrl_type": "",
        "x_coord": "116.3974700",
        "y_coord": "39.9063490",
        "is_boundary": "",
        "activity_type": "",
        "poi_id": "",
        "zone_id": "",
        "notes": "",
        "feature_type": "node"
      },
      "geometry": {
        "type": "Point",
        "coordinates": [
          116.39747,
          39.906349
        ]
      }
    },
    {
      "type": "Feature",
      "properties": {
        "name": "",
        "node_id": "227",
        "osm_node_id": "5300287704",
        "ctrl_type": "",
        "x_coord": "116.3970140",
        "y_coord": "39.9064250",
        "is_boundary": "",
        "activity_type": "",
        "poi_id": "",
        "zone_id": "",
        "notes": "",
        "feature_type": "node"
      },
      "geometry": {
        "type": "Point",
        "coordinates": [
          116.397014,
          39.906425
        ]
      }
    },
    {
      "type": "Feature",
      "properties": {
        "name": "",
        "node_id": "228",
        "osm_node_id": "9063921184",
        "ctrl_type": "",
        "x_coord": "116.3968660",
        "y_coord": "39.9062760",
        "is_boundary": "",
        "activity_type": "",
        "poi_id": "",
        "zone_id": "",
        "notes": "",
        "feature_type": "node"
      },
      "geometry": {
        "type": "Point",
        "coordinates": [
          116.396866,
          39.906276
        ]
      }
    },
    {
      "type": "Feature",
      "properties": {
        "name": "",
        "node_id": "229",
        "osm_node_id": "5824743516",
        "ctrl_type": "",
        "x_coord": "116.4005510",
        "y_coord": "39.9091800",
        "is_boundary": "",
        "activity_type": "",
        "poi_id": "",
        "zone_id": "",
        "notes": "",
        "feature_type": "node"
      },
      "geometry": {
        "type": "Point",
        "coordinates": [
          116.400551,
          39.90918
        ]
      }
    },
    {
      "type": "Feature",
      "properties": {
        "name": "",
        "node_id": "230",
        "osm_node_id": "5926913408",
        "ctrl_type": "",
        "x_coord": "116.3841540",
        "y_coord": "39.9131590",
        "is_boundary": "",
        "activity_type": "",
        "poi_id": "",
        "zone_id": "",
        "notes": "",
        "feature_type": "node"
      },
      "geometry": {
        "type": "Point",
        "coordinates": [
          116.384154,
          39.913159
        ]
      }
    },
    {
      "type": "Feature",
      "properties": {
        "name": "",
        "node_id": "231",
        "osm_node_id": "5926913409",
        "ctrl_type": "",
        "x_coord": "116.3841180",
        "y_coord": "39.9130880",
        "is_boundary": "",
        "activity_type": "",
        "poi_id": "",
        "zone_id": "",
        "notes": "",
        "feature_type": "node"
      },
      "geometry": {
        "type": "Point",
        "coordinates": [
          116.384118,
          39.913088
        ]
      }
    },
    {
      "type": "Feature",
      "properties": {
        "name": "",
        "node_id": "232",
        "osm_node_id": "5926913410",
        "ctrl_type": "",
        "x_coord": "116.3840200",
        "y_coord": "39.9130530",
        "is_boundary": "",
        "activity_type": "",
        "poi_id": "",
        "zone_id": "",
        "notes": "",
        "feature_type": "node"
      },
      "geometry": {
        "type": "Point",
        "coordinates": [
          116.38402,
          39.913053
        ]
      }
    },
    {
      "type": "Feature",
      "properties": {
        "name": "",
        "node_id": "233",
        "osm_node_id": "5927093817",
        "ctrl_type": "",
        "x_coord": "116.3847100",
        "y_coord": "39.9131100",
        "is_boundary": "",
        "activity_type": "",
        "poi_id": "",
        "zone_id": "",
        "notes": "",
        "feature_type": "node"
      },
      "geometry": {
        "type": "Point",
        "coordinates": [
          116.38471,
          39.91311
        ]
      }
    },
    {
      "type": "Feature",
      "properties": {
        "name": "",
        "node_id": "234",
        "osm_node_id": "5926913411",
        "ctrl_type": "",
        "x_coord": "116.3839320",
        "y_coord": "39.9129490",
        "is_boundary": "",
        "activity_type": "",
        "poi_id": "",
        "zone_id": "",
        "notes": "",
        "feature_type": "node"
      },
      "geometry": {
        "type": "Point",
        "coordinates": [
          116.383932,
          39.912949
        ]
      }
    },
    {
      "type": "Feature",
      "properties": {
        "name": "",
        "node_id": "235",
        "osm_node_id": "5926913412",
        "ctrl_type": "",
        "x_coord": "116.3839150",
        "y_coord": "39.9128470",
        "is_boundary": "",
        "activity_type": "",
        "poi_id": "",
        "zone_id": "",
        "notes": "",
        "feature_type": "node"
      },
      "geometry": {
        "type": "Point",
        "coordinates": [
          116.383915,
          39.912847
        ]
      }
    },
    {
      "type": "Feature",
      "properties": {
        "name": "",
        "node_id": "236",
        "osm_node_id": "5926913413",
        "ctrl_type": "",
        "x_coord": "116.3839070",
        "y_coord": "39.9127700",
        "is_boundary": "",
        "activity_type": "",
        "poi_id": "",
        "zone_id": "",
        "notes": "",
        "feature_type": "node"
      },
      "geometry": {
        "type": "Point",
        "coordinates": [
          116.383907,
          39.91277
        ]
      }
    },
    {
      "type": "Feature",
      "properties": {
        "name": "",
        "node_id": "237",
        "osm_node_id": "5926913414",
        "ctrl_type": "",
        "x_coord": "116.3838530",
        "y_coord": "39.9126830",
        "is_boundary": "",
        "activity_type": "",
        "poi_id": "",
        "zone_id": "",
        "notes": "",
        "feature_type": "node"
      },
      "geometry": {
        "type": "Point",
        "coordinates": [
          116.383853,
          39.912683
        ]
      }
    },
    {
      "type": "Feature",
      "properties": {
        "name": "",
        "node_id": "238",
        "osm_node_id": "5926913421",
        "ctrl_type": "",
        "x_coord": "116.3838970",
        "y_coord": "39.9121330",
        "is_boundary": "",
        "activity_type": "",
        "poi_id": "",
        "zone_id": "",
        "notes": "",
        "feature_type": "node"
      },
      "geometry": {
        "type": "Point",
        "coordinates": [
          116.383897,
          39.912133
        ]
      }
    },
    {
      "type": "Feature",
      "properties": {
        "name": "",
        "node_id": "239",
        "osm_node_id": "5926913415",
        "ctrl_type": "",
        "x_coord": "116.3839640",
        "y_coord": "39.9113040",
        "is_boundary": "",
        "activity_type": "",
        "poi_id": "",
        "zone_id": "",
        "notes": "",
        "feature_type": "node"
      },
      "geometry": {
        "type": "Point",
        "coordinates": [
          116.383964,
          39.911304
        ]
      }
    },
    {
      "type": "Feature",
      "properties": {
        "name": "",
        "node_id": "240",
        "osm_node_id": "5926913416",
        "ctrl_type": "",
        "x_coord": "116.3839440",
        "y_coord": "39.9112530",
        "is_boundary": "",
        "activity_type": "",
        "poi_id": "",
        "zone_id": "",
        "notes": "",
        "feature_type": "node"
      },
      "geometry": {
        "type": "Point",
        "coordinates": [
          116.383944,
          39.911253
        ]
      }
    },
    {
      "type": "Feature",
      "properties": {
        "name": "",
        "node_id": "241",
        "osm_node_id": "5926913417",
        "ctrl_type": "",
        "x_coord": "116.3838800",
        "y_coord": "39.9112360",
        "is_boundary": "",
        "activity_type": "",
        "poi_id": "",
        "zone_id": "",
        "notes": "",
        "feature_type": "node"
      },
      "geometry": {
        "type": "Point",
        "coordinates": [
          116.38388,
          39.911236
        ]
      }
    },
    {
      "type": "Feature",
      "properties": {
        "name": "",
        "node_id": "242",
        "osm_node_id": "5926913423",
        "ctrl_type": "",
        "x_coord": "116.3844800",
        "y_coord": "39.9112750",
        "is_boundary": "",
        "activity_type": "",
        "poi_id": "",
        "zone_id": "",
        "notes": "",
        "feature_type": "node"
      },
      "geometry": {
        "type": "Point",
        "coordinates": [
          116.38448,
          39.911275
        ]
      }
    },
    {
      "type": "Feature",
      "properties": {
        "name": "",
        "node_id": "243",
        "osm_node_id": "5926913418",
        "ctrl_type": "",
        "x_coord": "116.3838040",
        "y_coord": "39.9112510",
        "is_boundary": "",
        "activity_type": "",
        "poi_id": "",
        "zone_id": "",
        "notes": "",
        "feature_type": "node"
      },
      "geometry": {
        "type": "Point",
        "coordinates": [
          116.383804,
          39.911251
        ]
      }
    },
    {
      "type": "Feature",
      "properties": {
        "name": "",
        "node_id": "244",
        "osm_node_id": "5926913419",
        "ctrl_type": "",
        "x_coord": "116.3837650",
        "y_coord": "39.9113130",
        "is_boundary": "",
        "activity_type": "",
        "poi_id": "",
        "zone_id": "",
        "notes": "",
        "feature_type": "node"
      },
      "geometry": {
        "type": "Point",
        "coordinates": [
          116.383765,
          39.911313
        ]
      }
    },
    {
      "type": "Feature",
      "properties": {
        "name": "",
        "node_id": "245",
        "osm_node_id": "5926913420",
        "ctrl_type": "",
        "x_coord": "116.3837130",
        "y_coord": "39.9119880",
        "is_boundary": "",
        "activity_type": "",
        "poi_id": "",
        "zone_id": "",
        "notes": "",
        "feature_type": "node"
      },
      "geometry": {
        "type": "Point",
        "coordinates": [
          116.383713,
          39.911988
        ]
      }
    },
    {
      "type": "Feature",
      "properties": {
        "name": "",
        "node_id": "246",
        "osm_node_id": "9496622850",
        "ctrl_type": "",
        "x_coord": "116.3851970",
        "y_coord": "39.9113050",
        "is_boundary": "",
        "activity_type": "",
        "poi_id": "",
        "zone_id": "",
        "notes": "",
        "feature_type": "node"
      },
      "geometry": {
        "type": "Point",
        "coordinates": [
          116.385197,
          39.911305
        ]
      }
    },
    {
      "type": "Feature",
      "properties": {
        "name": "",
        "node_id": "247",
        "osm_node_id": "5927093822",
        "ctrl_type": "",
        "x_coord": "116.3849820",
        "y_coord": "39.9112960",
        "is_boundary": "",
        "activity_type": "",
        "poi_id": "",
        "zone_id": "",
        "notes": "",
        "feature_type": "node"
      },
      "geometry": {
        "type": "Point",
        "coordinates": [
          116.384982,
          39.911296
        ]
      }
    },
    {
      "type": "Feature",
      "properties": {
        "name": "",
        "node_id": "248",
        "osm_node_id": "5927093818",
        "ctrl_type": "",
        "x_coord": "116.3847780",
        "y_coord": "39.9130790",
        "is_boundary": "",
        "activity_type": "",
        "poi_id": "",
        "zone_id": "",
        "notes": "",
        "feature_type": "node"
      },
      "geometry": {
        "type": "Point",
        "coordinates": [
          116.384778,
          39.913079
        ]
      }
    },
    {
      "type": "Feature",
      "properties": {
        "name": "",
        "node_id": "249",
        "osm_node_id": "5927093819",
        "ctrl_type": "",
        "x_coord": "116.3848070",
        "y_coord": "39.9130400",
        "is_boundary": "",
        "activity_type": "",
        "poi_id": "",
        "zone_id": "",
        "notes": "",
        "feature_type": "node"
      },
      "geometry": {
        "type": "Point",
        "coordinates": [
          116.384807,
          39.91304
        ]
      }
    },
    {
      "type": "Feature",
      "properties": {
        "name": "",
        "node_id": "250",
        "osm_node_id": "5927093820",
        "ctrl_type": "",
        "x_coord": "116.3848260",
        "y_coord": "39.9128300",
        "is_boundary": "",
        "activity_type": "",
        "poi_id": "",
        "zone_id": "",
        "notes": "",
        "feature_type": "node"
      },
      "geometry": {
        "type": "Point",
        "coordinates": [
          116.384826,
          39.91283
        ]
      }
    },
    {
      "type": "Feature",
      "properties": {
        "name": "",
        "node_id": "251",
        "osm_node_id": "5927093821",
        "ctrl_type": "",
        "x_coord": "116.3848820",
        "y_coord": "39.9127190",
        "is_boundary": "",
        "activity_type": "",
        "poi_id": "",
        "zone_id": "",
        "notes": "",
        "feature_type": "node"
      },
      "geometry": {
        "type": "Point",
        "coordinates": [
          116.384882,
          39.912719
        ]
      }
    },
    {
      "type": "Feature",
      "properties": {
        "name": "",
        "node_id": "252",
        "osm_node_id": "6009696479",
        "ctrl_type": "",
        "x_coord": "116.3895610",
        "y_coord": "39.9036110",
        "is_boundary": "",
        "activity_type": "",
        "poi_id": "",
        "zone_id": "",
        "notes": "",
        "feature_type": "node"
      },
      "geometry": {
        "type": "Point",
        "coordinates": [
          116.389561,
          39.903611
        ]
      }
    },
    {
      "type": "Feature",
      "properties": {
        "name": "",
        "node_id": "253",
        "osm_node_id": "3069952480",
        "ctrl_type": "",
        "x_coord": "116.3824680",
        "y_coord": "39.9060080",
        "is_boundary": "",
        "activity_type": "",
        "poi_id": "",
        "zone_id": "",
        "notes": "",
        "feature_type": "node"
      },
      "geometry": {
        "type": "Point",
        "coordinates": [
          116.382468,
          39.906008
        ]
      }
    },
    {
      "type": "Feature",
      "properties": {
        "name": "",
        "node_id": "254",
        "osm_node_id": "9782405965",
        "ctrl_type": "signal",
        "x_coord": "116.3856750",
        "y_coord": "39.9064730",
        "is_boundary": "",
        "activity_type": "",
        "poi_id": "",
        "zone_id": "",
        "notes": "",
        "feature_type": "node"
      },
      "geometry": {
        "type": "Point",
        "coordinates": [
          116.385675,
          39.906473
        ]
      }
    },
    {
      "type": "Feature",
      "properties": {
        "name": "",
        "node_id": "255",
        "osm_node_id": "6094988966",
        "ctrl_type": "",
        "x_coord": "116.3990410",
        "y_coord": "39.9118800",
        "is_boundary": "",
        "activity_type": "",
        "poi_id": "",
        "zone_id": "",
        "notes": "",
        "feature_type": "node"
      },
      "geometry": {
        "type": "Point",
        "coordinates": [
          116.399041,
          39.91188
        ]
      }
    },
    {
      "type": "Feature",
      "properties": {
        "name": "",
        "node_id": "256",
        "osm_node_id": "9296257997",
        "ctrl_type": "",
        "x_coord": "116.4004070",
        "y_coord": "39.9066070",
        "is_boundary": "",
        "activity_type": "",
        "poi_id": "",
        "zone_id": "",
        "notes": "",
        "feature_type": "node"
      },
      "geometry": {
        "type": "Point",
        "coordinates": [
          116.400407,
          39.906607
        ]
      }
    },
    {
      "type": "Feature",
      "properties": {
        "name": "",
        "node_id": "257",
        "osm_node_id": "9296257995",
        "ctrl_type": "",
        "x_coord": "116.4005560",
        "y_coord": "39.9064500",
        "is_boundary": "",
        "activity_type": "",
        "poi_id": "",
        "zone_id": "",
        "notes": "",
        "feature_type": "node"
      },
      "geometry": {
        "type": "Point",
        "coordinates": [
          116.400556,
          39.90645
        ]
      }
    },
    {
      "type": "Feature",
      "properties": {
        "name": "",
        "node_id": "258",
        "osm_node_id": "6095123389",
        "ctrl_type": "",
        "x_coord": "116.4002660",
        "y_coord": "39.9062710",
        "is_boundary": "",
        "activity_type": "",
        "poi_id": "",
        "zone_id": "",
        "notes": "",
        "feature_type": "node"
      },
      "geometry": {
        "type": "Point",
        "coordinates": [
          116.400266,
          39.906271
        ]
      }
    },
    {
      "type": "Feature",
      "properties": {
        "name": "",
        "node_id": "259",
        "osm_node_id": "6095123391",
        "ctrl_type": "",
        "x_coord": "116.4000190",
        "y_coord": "39.9066000",
        "is_boundary": "",
        "activity_type": "",
        "poi_id": "",
        "zone_id": "",
        "notes": "",
        "feature_type": "node"
      },
      "geometry": {
        "type": "Point",
        "coordinates": [
          116.400019,
          39.9066
        ]
      }
    },
    {
      "type": "Feature",
      "properties": {
        "name": "",
        "node_id": "260",
        "osm_node_id": "9378895556",
        "ctrl_type": "",
        "x_coord": "116.3855820",
        "y_coord": "39.9079770",
        "is_boundary": "",
        "activity_type": "",
        "poi_id": "",
        "zone_id": "",
        "notes": "",
        "feature_type": "node"
      },
      "geometry": {
        "type": "Point",
        "coordinates": [
          116.385582,
          39.907977
        ]
      }
    },
    {
      "type": "Feature",
      "properties": {
        "name": "",
        "node_id": "261",
        "osm_node_id": "6421531642",
        "ctrl_type": "",
        "x_coord": "116.3970740",
        "y_coord": "39.9068950",
        "is_boundary": "",
        "activity_type": "",
        "poi_id": "",
        "zone_id": "",
        "notes": "",
        "feature_type": "node"
      },
      "geometry": {
        "type": "Point",
        "coordinates": [
          116.397074,
          39.906895
        ]
      }
    },
    {
      "type": "Feature",
      "properties": {
        "name": "",
        "node_id": "262",
        "osm_node_id": "6447737000",
        "ctrl_type": "",
        "x_coord": "116.3971390",
        "y_coord": "39.9063150",
        "is_boundary": "",
        "activity_type": "",
        "poi_id": "",
        "zone_id": "",
        "notes": "",
        "feature_type": "node"
      },
      "geometry": {
        "type": "Point",
        "coordinates": [
          116.397139,
          39.906315
        ]
      }
    },
    {
      "type": "Feature",
      "properties": {
        "name": "",
        "node_id": "263",
        "osm_node_id": "9296257993",
        "ctrl_type": "",
        "x_coord": "116.3974060",
        "y_coord": "39.9063420",
        "is_boundary": "",
        "activity_type": "",
        "poi_id": "",
        "zone_id": "",
        "notes": "",
        "feature_type": "node"
      },
      "geometry": {
        "type": "Point",
        "coordinates": [
          116.397406,
          39.906342
        ]
      }
    },
    {
      "type": "Feature",
      "properties": {
        "name": "",
        "node_id": "264",
        "osm_node_id": "13570555122",
        "ctrl_type": "",
        "x_coord": "116.3854360",
        "y_coord": "39.9018750",
        "is_boundary": "",
        "activity_type": "",
        "poi_id": "",
        "zone_id": "",
        "notes": "",
        "feature_type": "node"
      },
      "geometry": {
        "type": "Point",
        "coordinates": [
          116.385436,
          39.901875
        ]
      }
    },
    {
      "type": "Feature",
      "properties": {
        "name": "",
        "node_id": "265",
        "osm_node_id": "6448366275",
        "ctrl_type": "",
        "x_coord": "116.3857510",
        "y_coord": "39.9019460",
        "is_boundary": "",
        "activity_type": "",
        "poi_id": "",
        "zone_id": "",
        "notes": "",
        "feature_type": "node"
      },
      "geometry": {
        "type": "Point",
        "coordinates": [
          116.385751,
          39.901946
        ]
      }
    },
    {
      "type": "Feature",
      "properties": {
        "name": "",
        "node_id": "266",
        "osm_node_id": "6650358681",
        "ctrl_type": "",
        "x_coord": "116.3930970",
        "y_coord": "39.9058970",
        "is_boundary": "",
        "activity_type": "",
        "poi_id": "",
        "zone_id": "",
        "notes": "",
        "feature_type": "node"
      },
      "geometry": {
        "type": "Point",
        "coordinates": [
          116.393097,
          39.905897
        ]
      }
    },
    {
      "type": "Feature",
      "properties": {
        "name": "",
        "node_id": "267",
        "osm_node_id": "6650358684",
        "ctrl_type": "",
        "x_coord": "116.3894560",
        "y_coord": "39.9058200",
        "is_boundary": "",
        "activity_type": "",
        "poi_id": "",
        "zone_id": "",
        "notes": "",
        "feature_type": "node"
      },
      "geometry": {
        "type": "Point",
        "coordinates": [
          116.389456,
          39.90582
        ]
      }
    },
    {
      "type": "Feature",
      "properties": {
        "name": "",
        "node_id": "268",
        "osm_node_id": "9296257991",
        "ctrl_type": "",
        "x_coord": "116.3966050",
        "y_coord": "39.9065040",
        "is_boundary": "",
        "activity_type": "",
        "poi_id": "",
        "zone_id": "",
        "notes": "",
        "feature_type": "node"
      },
      "geometry": {
        "type": "Point",
        "coordinates": [
          116.396605,
          39.906504
        ]
      }
    },
    {
      "type": "Feature",
      "properties": {
        "name": "",
        "node_id": "269",
        "osm_node_id": "10197677980",
        "ctrl_type": "",
        "x_coord": "116.3855300",
        "y_coord": "39.9033010",
        "is_boundary": "",
        "activity_type": "",
        "poi_id": "",
        "zone_id": "",
        "notes": "",
        "feature_type": "node"
      },
      "geometry": {
        "type": "Point",
        "coordinates": [
          116.38553,
          39.903301
        ]
      }
    },
    {
      "type": "Feature",
      "properties": {
        "name": "",
        "node_id": "270",
        "osm_node_id": "8809675584",
        "ctrl_type": "",
        "x_coord": "116.4023140",
        "y_coord": "39.9106270",
        "is_boundary": "",
        "activity_type": "",
        "poi_id": "",
        "zone_id": "",
        "notes": "",
        "feature_type": "node"
      },
      "geometry": {
        "type": "Point",
        "coordinates": [
          116.402314,
          39.910627
        ]
      }
    },
    {
      "type": "Feature",
      "properties": {
        "name": "",
        "node_id": "271",
        "osm_node_id": "8809675590",
        "ctrl_type": "",
        "x_coord": "116.4009560",
        "y_coord": "39.9106660",
        "is_boundary": "",
        "activity_type": "",
        "poi_id": "",
        "zone_id": "",
        "notes": "",
        "feature_type": "node"
      },
      "geometry": {
        "type": "Point",
        "coordinates": [
          116.400956,
          39.910666
        ]
      }
    },
    {
      "type": "Feature",
      "properties": {
        "name": "",
        "node_id": "272",
        "osm_node_id": "9034942210",
        "ctrl_type": "signal",
        "x_coord": "116.3966580",
        "y_coord": "39.9062450",
        "is_boundary": "",
        "activity_type": "",
        "poi_id": "",
        "zone_id": "",
        "notes": "",
        "feature_type": "node"
      },
      "geometry": {
        "type": "Point",
        "coordinates": [
          116.396658,
          39.906245
        ]
      }
    },
    {
      "type": "Feature",
      "properties": {
        "name": "",
        "node_id": "273",
        "osm_node_id": "9296257992",
        "ctrl_type": "",
        "x_coord": "116.3966820",
        "y_coord": "39.9062470",
        "is_boundary": "",
        "activity_type": "",
        "poi_id": "",
        "zone_id": "",
        "notes": "",
        "feature_type": "node"
      },
      "geometry": {
        "type": "Point",
        "coordinates": [
          116.396682,
          39.906247
        ]
      }
    },
    {
      "type": "Feature",
      "properties": {
        "name": "",
        "node_id": "274",
        "osm_node_id": "9296257987",
        "ctrl_type": "",
        "x_coord": "116.3889230",
        "y_coord": "39.9062450",
        "is_boundary": "",
        "activity_type": "",
        "poi_id": "",
        "zone_id": "",
        "notes": "",
        "feature_type": "node"
      },
      "geometry": {
        "type": "Point",
        "coordinates": [
          116.388923,
          39.906245
        ]
      }
    },
    {
      "type": "Feature",
      "properties": {
        "name": "",
        "node_id": "275",
        "osm_node_id": "9296257988",
        "ctrl_type": "",
        "x_coord": "116.3898650",
        "y_coord": "39.9060280",
        "is_boundary": "",
        "activity_type": "",
        "poi_id": "",
        "zone_id": "",
        "notes": "",
        "feature_type": "node"
      },
      "geometry": {
        "type": "Point",
        "coordinates": [
          116.389865,
          39.906028
        ]
      }
    },
    {
      "type": "Feature",
      "properties": {
        "name": "",
        "node_id": "276",
        "osm_node_id": "9296257990",
        "ctrl_type": "",
        "x_coord": "116.3937090",
        "y_coord": "39.9061470",
        "is_boundary": "",
        "activity_type": "",
        "poi_id": "",
        "zone_id": "",
        "notes": "",
        "feature_type": "node"
      },
      "geometry": {
        "type": "Point",
        "coordinates": [
          116.393709,
          39.906147
        ]
      }
    },
    {
      "type": "Feature",
      "properties": {
        "name": "",
        "node_id": "277",
        "osm_node_id": "9296257989",
        "ctrl_type": "",
        "x_coord": "116.3926020",
        "y_coord": "39.9063580",
        "is_boundary": "",
        "activity_type": "",
        "poi_id": "",
        "zone_id": "",
        "notes": "",
        "feature_type": "node"
      },
      "geometry": {
        "type": "Point",
        "coordinates": [
          116.392602,
          39.906358
        ]
      }
    },
    {
      "type": "Feature",
      "properties": {
        "name": "",
        "node_id": "278",
        "osm_node_id": "9316968441",
        "ctrl_type": "",
        "x_coord": "116.3874740",
        "y_coord": "39.9062020",
        "is_boundary": "",
        "activity_type": "",
        "poi_id": "",
        "zone_id": "",
        "notes": "",
        "feature_type": "node"
      },
      "geometry": {
        "type": "Point",
        "coordinates": [
          116.387474,
          39.906202
        ]
      }
    },
    {
      "type": "Feature",
      "properties": {
        "name": "",
        "node_id": "279",
        "osm_node_id": "9317034206",
        "ctrl_type": "",
        "x_coord": "116.3950410",
        "y_coord": "39.9061850",
        "is_boundary": "",
        "activity_type": "",
        "poi_id": "",
        "zone_id": "",
        "notes": "",
        "feature_type": "node"
      },
      "geometry": {
        "type": "Point",
        "coordinates": [
          116.395041,
          39.906185
        ]
      }
    },
    {
      "type": "Feature",
      "properties": {
        "name": "",
        "node_id": "280",
        "osm_node_id": "9317006999",
        "ctrl_type": "",
        "x_coord": "116.3961260",
        "y_coord": "39.9064920",
        "is_boundary": "",
        "activity_type": "",
        "poi_id": "",
        "zone_id": "",
        "notes": "",
        "feature_type": "node"
      },
      "geometry": {
        "type": "Point",
        "coordinates": [
          116.396126,
          39.906492
        ]
      }
    },
    {
      "type": "Feature",
      "properties": {
        "name": "",
        "node_id": "281",
        "osm_node_id": "9296257994",
        "ctrl_type": "",
        "x_coord": "116.4002550",
        "y_coord": "39.9064370",
        "is_boundary": "",
        "activity_type": "",
        "poi_id": "",
        "zone_id": "",
        "notes": "",
        "feature_type": "node"
      },
      "geometry": {
        "type": "Point",
        "coordinates": [
          116.400255,
          39.906437
        ]
      }
    },
    {
      "type": "Feature",
      "properties": {
        "name": "",
        "node_id": "282",
        "osm_node_id": "9316968442",
        "ctrl_type": "",
        "x_coord": "116.3872180",
        "y_coord": "39.9061950",
        "is_boundary": "",
        "activity_type": "",
        "poi_id": "",
        "zone_id": "",
        "notes": "",
        "feature_type": "node"
      },
      "geometry": {
        "type": "Point",
        "coordinates": [
          116.387218,
          39.906195
        ]
      }
    },
    {
      "type": "Feature",
      "properties": {
        "name": "",
        "node_id": "283",
        "osm_node_id": "9317034201",
        "ctrl_type": "",
        "x_coord": "116.3960130",
        "y_coord": "39.9064880",
        "is_boundary": "",
        "activity_type": "",
        "poi_id": "",
        "zone_id": "",
        "notes": "",
        "feature_type": "node"
      },
      "geometry": {
        "type": "Point",
        "coordinates": [
          116.396013,
          39.906488
        ]
      }
    },
    {
      "type": "Feature",
      "properties": {
        "name": "",
        "node_id": "284",
        "osm_node_id": "9317034202",
        "ctrl_type": "",
        "x_coord": "116.3958200",
        "y_coord": "39.9064770",
        "is_boundary": "",
        "activity_type": "",
        "poi_id": "",
        "zone_id": "",
        "notes": "",
        "feature_type": "node"
      },
      "geometry": {
        "type": "Point",
        "coordinates": [
          116.39582,
          39.906477
        ]
      }
    },
    {
      "type": "Feature",
      "properties": {
        "name": "",
        "node_id": "285",
        "osm_node_id": "9327598730",
        "ctrl_type": "",
        "x_coord": "116.4004740",
        "y_coord": "39.9126720",
        "is_boundary": "",
        "activity_type": "",
        "poi_id": "",
        "zone_id": "",
        "notes": "",
        "feature_type": "node"
      },
      "geometry": {
        "type": "Point",
        "coordinates": [
          116.400474,
          39.912672
        ]
      }
    },
    {
      "type": "Feature",
      "properties": {
        "name": "",
        "node_id": "286",
        "osm_node_id": "9507815686",
        "ctrl_type": "",
        "x_coord": "116.3961980",
        "y_coord": "39.9137520",
        "is_boundary": "",
        "activity_type": "",
        "poi_id": "",
        "zone_id": "",
        "notes": "",
        "feature_type": "node"
      },
      "geometry": {
        "type": "Point",
        "coordinates": [
          116.396198,
          39.913752
        ]
      }
    },
    {
      "type": "Feature",
      "properties": {
        "name": "",
        "node_id": "287",
        "osm_node_id": "11292585929",
        "ctrl_type": "",
        "x_coord": "116.3934410",
        "y_coord": "39.8991570",
        "is_boundary": "",
        "activity_type": "",
        "poi_id": "",
        "zone_id": "",
        "notes": "",
        "feature_type": "node"
      },
      "geometry": {
        "type": "Point",
        "coordinates": [
          116.393441,
          39.899157
        ]
      }
    },
    {
      "type": "Feature",
      "properties": {
        "name": "",
        "node_id": "288",
        "osm_node_id": "12628080473",
        "ctrl_type": "",
        "x_coord": "116.3931790",
        "y_coord": "39.9043720",
        "is_boundary": "",
        "activity_type": "",
        "poi_id": "",
        "zone_id": "",
        "notes": "",
        "feature_type": "node"
      },
      "geometry": {
        "type": "Point",
        "coordinates": [
          116.393179,
          39.904372
        ]
      }
    },
    {
      "type": "Feature",
      "properties": {
        "name": "",
        "node_id": "289",
        "osm_node_id": "12628080425",
        "ctrl_type": "",
        "x_coord": "116.3931000",
        "y_coord": "39.9058360",
        "is_boundary": "",
        "activity_type": "",
        "poi_id": "",
        "zone_id": "",
        "notes": "",
        "feature_type": "node"
      },
      "geometry": {
        "type": "Point",
        "coordinates": [
          116.3931,
          39.905836
        ]
      }
    },
    {
      "type": "Feature",
      "properties": {
        "name": "",
        "node_id": "290",
        "osm_node_id": "13568912119",
        "ctrl_type": "",
        "x_coord": "116.3813460",
        "y_coord": "39.9029670",
        "is_boundary": "",
        "activity_type": "",
        "poi_id": "",
        "zone_id": "",
        "notes": "",
        "feature_type": "node"
      },
      "geometry": {
        "type": "Point",
        "coordinates": [
          116.381346,
          39.902967
        ]
      }
    },
    {
      "type": "Feature",
      "properties": {
        "name": "",
        "node_id": "291",
        "osm_node_id": "13568912193",
        "ctrl_type": "",
        "x_coord": "116.3819440",
        "y_coord": "39.9048510",
        "is_boundary": "",
        "activity_type": "",
        "poi_id": "",
        "zone_id": "",
        "notes": "",
        "feature_type": "node"
      },
      "geometry": {
        "type": "Point",
        "coordinates": [
          116.381944,
          39.904851
        ]
      }
    },
    {
      "type": "Feature",
      "properties": {
        "name": "",
        "node_id": "292",
        "osm_node_id": "13568912195",
        "ctrl_type": "",
        "x_coord": "116.3819570",
        "y_coord": "39.9049850",
        "is_boundary": "",
        "activity_type": "",
        "poi_id": "",
        "zone_id": "",
        "notes": "",
        "feature_type": "node"
      },
      "geometry": {
        "type": "Point",
        "coordinates": [
          116.381957,
          39.904985
        ]
      }
    },
    {
      "type": "Feature",
      "properties": {
        "name": "",
        "node_id": "293",
        "osm_node_id": "13570555119",
        "ctrl_type": "",
        "x_coord": "116.3854140",
        "y_coord": "39.9018500",
        "is_boundary": "",
        "activity_type": "",
        "poi_id": "",
        "zone_id": "",
        "notes": "",
        "feature_type": "node"
      },
      "geometry": {
        "type": "Point",
        "coordinates": [
          116.385414,
          39.90185
        ]
      }
    },
    {
      "type": "Feature",
      "properties": {
        "link_id": "1",
        "name": "西长安街",
        "osm_way_id": "0",
        "from_node_id": "1",
        "to_node_id": "2",
        "directed": "1",
        "geometry": "LINESTRING (116.388928 39.905999, 116.389446 39.906016)",
        "dir_flag": "1",
        "length": "44.22",
        "facility_type": "trunk",
        "link_type": "2",
        "free_speed": "",
        "lanes": "",
        "capacity": "",
        "allowed_uses": "auto",
        "notes": "",
        "feature_type": "link"
      },
      "geometry": {
        "type": "LineString",
        "coordinates": [
          [
            116.388928,
            39.905999
          ],
          [
            116.389446,
            39.906016
          ]
        ]
      }
    },
    {
      "type": "Feature",
      "properties": {
        "link_id": "2",
        "name": "西长安街",
        "osm_way_id": "1",
        "from_node_id": "3",
        "to_node_id": "4",
        "directed": "1",
        "geometry": "LINESTRING (116.392631 39.906113, 116.39308 39.906126)",
        "dir_flag": "1",
        "length": "38.33",
        "facility_type": "trunk",
        "link_type": "2",
        "free_speed": "",
        "lanes": "",
        "capacity": "",
        "allowed_uses": "auto",
        "notes": "",
        "feature_type": "link"
      },
      "geometry": {
        "type": "LineString",
        "coordinates": [
          [
            116.392631,
            39.906113
          ],
          [
            116.39308,
            39.906126
          ]
        ]
      }
    },
    {
      "type": "Feature",
      "properties": {
        "link_id": "3",
        "name": "人大会堂西路",
        "osm_way_id": "2",
        "from_node_id": "5",
        "to_node_id": "6",
        "directed": "1",
        "geometry": "LINESTRING (116.385592 39.901994, 116.385673 39.901972)",
        "dir_flag": "1",
        "length": "7.33",
        "facility_type": "tertiary",
        "link_type": "5",
        "free_speed": "",
        "lanes": "",
        "capacity": "",
        "allowed_uses": "auto",
        "notes": "",
        "feature_type": "link"
      },
      "geometry": {
        "type": "LineString",
        "coordinates": [
          [
            116.385592,
            39.901994
          ],
          [
            116.385673,
            39.901972
          ]
        ]
      }
    },
    {
      "type": "Feature",
      "properties": {
        "link_id": "4",
        "name": "人大会堂西路",
        "osm_way_id": "2",
        "from_node_id": "6",
        "to_node_id": "5",
        "directed": "1",
        "geometry": "LINESTRING (116.385673 39.901972, 116.385592 39.901994)",
        "dir_flag": "1",
        "length": "7.33",
        "facility_type": "tertiary",
        "link_type": "5",
        "free_speed": "",
        "lanes": "",
        "capacity": "",
        "allowed_uses": "auto",
        "notes": "",
        "feature_type": "link"
      },
      "geometry": {
        "type": "LineString",
        "coordinates": [
          [
            116.385673,
            39.901972
          ],
          [
            116.385592,
            39.901994
          ]
        ]
      }
    },
    {
      "type": "Feature",
      "properties": {
        "link_id": "5",
        "name": "人大会堂西路",
        "osm_way_id": "3",
        "from_node_id": "5",
        "to_node_id": "7",
        "directed": "1",
        "geometry": "LINESTRING (116.385592 39.901994, 116.38559 39.902168)",
        "dir_flag": "1",
        "length": "19.35",
        "facility_type": "tertiary",
        "link_type": "5",
        "free_speed": "",
        "lanes": "",
        "capacity": "",
        "allowed_uses": "auto",
        "notes": "",
        "feature_type": "link"
      },
      "geometry": {
        "type": "LineString",
        "coordinates": [
          [
            116.385592,
            39.901994
          ],
          [
            116.38559,
            39.902168
          ]
        ]
      }
    },
    {
      "type": "Feature",
      "properties": {
        "link_id": "6",
        "name": "人大会堂西路",
        "osm_way_id": "3",
        "from_node_id": "7",
        "to_node_id": "5",
        "directed": "1",
        "geometry": "LINESTRING (116.38559 39.902168, 116.385592 39.901994)",
        "dir_flag": "1",
        "length": "19.35",
        "facility_type": "tertiary",
        "link_type": "5",
        "free_speed": "",
        "lanes": "",
        "capacity": "",
        "allowed_uses": "auto",
        "notes": "",
        "feature_type": "link"
      },
      "geometry": {
        "type": "LineString",
        "coordinates": [
          [
            116.38559,
            39.902168
          ],
          [
            116.385592,
            39.901994
          ]
        ]
      }
    },
    {
      "type": "Feature",
      "properties": {
        "link_id": "7",
        "name": "人大会堂西路",
        "osm_way_id": "4",
        "from_node_id": "5",
        "to_node_id": "8",
        "directed": "1",
        "geometry": "LINESTRING (116.385592 39.901994, 116.385463 39.901901)",
        "dir_flag": "1",
        "length": "15.10",
        "facility_type": "tertiary",
        "link_type": "5",
        "free_speed": "",
        "lanes": "",
        "capacity": "",
        "allowed_uses": "auto",
        "notes": "",
        "feature_type": "link"
      },
      "geometry": {
        "type": "LineString",
        "coordinates": [
          [
            116.385592,
            39.901994
          ],
          [
            116.385463,
            39.901901
          ]
        ]
      }
    },
    {
      "type": "Feature",
      "properties": {
        "link_id": "8",
        "name": "人大会堂西路",
        "osm_way_id": "4",
        "from_node_id": "8",
        "to_node_id": "5",
        "directed": "1",
        "geometry": "LINESTRING (116.385463 39.901901, 116.385592 39.901994)",
        "dir_flag": "1",
        "length": "15.10",
        "facility_type": "tertiary",
        "link_type": "5",
        "free_speed": "",
        "lanes": "",
        "capacity": "",
        "allowed_uses": "auto",
        "notes": "",
        "feature_type": "link"
      },
      "geometry": {
        "type": "LineString",
        "coordinates": [
          [
            116.385463,
            39.901901
          ],
          [
            116.385592,
            39.901994
          ]
        ]
      }
    },
    {
      "type": "Feature",
      "properties": {
        "link_id": "9",
        "name": "人大会堂西路",
        "osm_way_id": "5",
        "from_node_id": "9",
        "to_node_id": "10",
        "directed": "1",
        "geometry": "LINESTRING (116.386284 39.901695, 116.386523 39.901568)",
        "dir_flag": "1",
        "length": "24.80",
        "facility_type": "tertiary",
        "link_type": "5",
        "free_speed": "",
        "lanes": "",
        "capacity": "",
        "allowed_uses": "auto",
        "notes": "",
        "feature_type": "link"
      },
      "geometry": {
        "type": "LineString",
        "coordinates": [
          [
            116.386284,
            39.901695
          ],
          [
            116.386523,
            39.901568
          ]
        ]
      }
    },
    {
      "type": "Feature",
      "properties": {
        "link_id": "10",
        "name": "人大会堂西路",
        "osm_way_id": "5",
        "from_node_id": "10",
        "to_node_id": "9",
        "directed": "1",
        "geometry": "LINESTRING (116.386523 39.901568, 116.386284 39.901695)",
        "dir_flag": "1",
        "length": "24.80",
        "facility_type": "tertiary",
        "link_type": "5",
        "free_speed": "",
        "lanes": "",
        "capacity": "",
        "allowed_uses": "auto",
        "notes": "",
        "feature_type": "link"
      },
      "geometry": {
        "type": "LineString",
        "coordinates": [
          [
            116.386523,
            39.901568
          ],
          [
            116.386284,
            39.901695
          ]
        ]
      }
    },
    {
      "type": "Feature",
      "properties": {
        "link_id": "11",
        "name": "人大会堂西路",
        "osm_way_id": "6",
        "from_node_id": "9",
        "to_node_id": "11",
        "directed": "1",
        "geometry": "LINESTRING (116.386284 39.901695, 116.38589 39.901889)",
        "dir_flag": "1",
        "length": "39.94",
        "facility_type": "tertiary",
        "link_type": "5",
        "free_speed": "",
        "lanes": "",
        "capacity": "",
        "allowed_uses": "auto",
        "notes": "",
        "feature_type": "link"
      },
      "geometry": {
        "type": "LineString",
        "coordinates": [
          [
            116.386284,
            39.901695
          ],
          [
            116.38589,
            39.901889
          ]
        ]
      }
    },
    {
      "type": "Feature",
      "properties": {
        "link_id": "12",
        "name": "人大会堂西路",
        "osm_way_id": "6",
        "from_node_id": "11",
        "to_node_id": "9",
        "directed": "1",
        "geometry": "LINESTRING (116.38589 39.901889, 116.386284 39.901695)",
        "dir_flag": "1",
        "length": "39.94",
        "facility_type": "tertiary",
        "link_type": "5",
        "free_speed": "",
        "lanes": "",
        "capacity": "",
        "allowed_uses": "auto",
        "notes": "",
        "feature_type": "link"
      },
      "geometry": {
        "type": "LineString",
        "coordinates": [
          [
            116.38589,
            39.901889
          ],
          [
            116.386284,
            39.901695
          ]
        ]
      }
    },
    {
      "type": "Feature",
      "properties": {
        "link_id": "13",
        "name": "人大会堂西路",
        "osm_way_id": "7",
        "from_node_id": "12",
        "to_node_id": "13",
        "directed": "1",
        "geometry": "LINESTRING (116.386719 39.901488, 116.386888 39.901453)",
        "dir_flag": "1",
        "length": "14.93",
        "facility_type": "tertiary",
        "link_type": "5",
        "free_speed": "",
        "lanes": "",
        "capacity": "",
        "allowed_uses": "auto",
        "notes": "",
        "feature_type": "link"
      },
      "geometry": {
        "type": "LineString",
        "coordinates": [
          [
            116.386719,
            39.901488
          ],
          [
            116.386888,
            39.901453
          ]
        ]
      }
    },
    {
      "type": "Feature",
      "properties": {
        "link_id": "14",
        "name": "人大会堂西路",
        "osm_way_id": "7",
        "from_node_id": "13",
        "to_node_id": "12",
        "directed": "1",
        "geometry": "LINESTRING (116.386888 39.901453, 116.386719 39.901488)",
        "dir_flag": "1",
        "length": "14.93",
        "facility_type": "tertiary",
        "link_type": "5",
        "free_speed": "",
        "lanes": "",
        "capacity": "",
        "allowed_uses": "auto",
        "notes": "",
        "feature_type": "link"
      },
      "geometry": {
        "type": "LineString",
        "coordinates": [
          [
            116.386888,
            39.901453
          ],
          [
            116.386719,
            39.901488
          ]
        ]
      }
    },
    {
      "type": "Feature",
      "properties": {
        "link_id": "15",
        "name": "人大会堂西路",
        "osm_way_id": "8",
        "from_node_id": "12",
        "to_node_id": "14",
        "directed": "1",
        "geometry": "LINESTRING (116.386719 39.901488, 116.386542 39.901558)",
        "dir_flag": "1",
        "length": "16.99",
        "facility_type": "tertiary",
        "link_type": "5",
        "free_speed": "",
        "lanes": "",
        "capacity": "",
        "allowed_uses": "auto",
        "notes": "",
        "feature_type": "link"
      },
      "geometry": {
        "type": "LineString",
        "coordinates": [
          [
            116.386719,
            39.901488
          ],
          [
            116.386542,
            39.901558
          ]
        ]
      }
    },
    {
      "type": "Feature",
      "properties": {
        "link_id": "16",
        "name": "人大会堂西路",
        "osm_way_id": "8",
        "from_node_id": "14",
        "to_node_id": "12",
        "directed": "1",
        "geometry": "LINESTRING (116.386542 39.901558, 116.386719 39.901488)",
        "dir_flag": "1",
        "length": "16.99",
        "facility_type": "tertiary",
        "link_type": "5",
        "free_speed": "",
        "lanes": "",
        "capacity": "",
        "allowed_uses": "auto",
        "notes": "",
        "feature_type": "link"
      },
      "geometry": {
        "type": "LineString",
        "coordinates": [
          [
            116.386542,
            39.901558
          ],
          [
            116.386719,
            39.901488
          ]
        ]
      }
    },
    {
      "type": "Feature",
      "properties": {
        "link_id": "17",
        "name": "人大会堂西路",
        "osm_way_id": "9",
        "from_node_id": "15",
        "to_node_id": "16",
        "directed": "1",
        "geometry": "LINESTRING (116.385395 39.901793, 116.385392 39.901762)",
        "dir_flag": "1",
        "length": "3.46",
        "facility_type": "tertiary",
        "link_type": "5",
        "free_speed": "",
        "lanes": "",
        "capacity": "",
        "allowed_uses": "auto",
        "notes": "",
        "feature_type": "link"
      },
      "geometry": {
        "type": "LineString",
        "coordinates": [
          [
            116.385395,
            39.901793
          ],
          [
            116.385392,
            39.901762
          ]
        ]
      }
    },
    {
      "type": "Feature",
      "properties": {
        "link_id": "18",
        "name": "人大会堂西路",
        "osm_way_id": "9",
        "from_node_id": "16",
        "to_node_id": "15",
        "directed": "1",
        "geometry": "LINESTRING (116.385392 39.901762, 116.385395 39.901793)",
        "dir_flag": "1",
        "length": "3.46",
        "facility_type": "tertiary",
        "link_type": "5",
        "free_speed": "",
        "lanes": "",
        "capacity": "",
        "allowed_uses": "auto",
        "notes": "",
        "feature_type": "link"
      },
      "geometry": {
        "type": "LineString",
        "coordinates": [
          [
            116.385392,
            39.901762
          ],
          [
            116.385395,
            39.901793
          ]
        ]
      }
    },
    {
      "type": "Feature",
      "properties": {
        "link_id": "19",
        "name": "人大会堂西路",
        "osm_way_id": "10",
        "from_node_id": "15",
        "to_node_id": "17",
        "directed": "1",
        "geometry": "LINESTRING (116.385395 39.901793, 116.385401 39.901822)",
        "dir_flag": "1",
        "length": "3.27",
        "facility_type": "tertiary",
        "link_type": "5",
        "free_speed": "",
        "lanes": "",
        "capacity": "",
        "allowed_uses": "auto",
        "notes": "",
        "feature_type": "link"
      },
      "geometry": {
        "type": "LineString",
        "coordinates": [
          [
            116.385395,
            39.901793
          ],
          [
            116.385401,
            39.901822
          ]
        ]
      }
    },
    {
      "type": "Feature",
      "properties": {
        "link_id": "20",
        "name": "人大会堂西路",
        "osm_way_id": "10",
        "from_node_id": "17",
        "to_node_id": "15",
        "directed": "1",
        "geometry": "LINESTRING (116.385401 39.901822, 116.385395 39.901793)",
        "dir_flag": "1",
        "length": "3.27",
        "facility_type": "tertiary",
        "link_type": "5",
        "free_speed": "",
        "lanes": "",
        "capacity": "",
        "allowed_uses": "auto",
        "notes": "",
        "feature_type": "link"
      },
      "geometry": {
        "type": "LineString",
        "coordinates": [
          [
            116.385401,
            39.901822
          ],
          [
            116.385395,
            39.901793
          ]
        ]
      }
    },
    {
      "type": "Feature",
      "properties": {
        "link_id": "21",
        "name": "东绒线胡同",
        "osm_way_id": "11",
        "from_node_id": "18",
        "to_node_id": "19",
        "directed": "1",
        "geometry": "LINESTRING (116.381693 39.902978, 116.381633 39.902976)",
        "dir_flag": "1",
        "length": "5.12",
        "facility_type": "residential",
        "link_type": "6",
        "free_speed": "",
        "lanes": "",
        "capacity": "",
        "allowed_uses": "auto",
        "notes": "",
        "feature_type": "link"
      },
      "geometry": {
        "type": "LineString",
        "coordinates": [
          [
            116.381693,
            39.902978
          ],
          [
            116.381633,
            39.902976
          ]
        ]
      }
    },
    {
      "type": "Feature",
      "properties": {
        "link_id": "22",
        "name": "东绒线胡同",
        "osm_way_id": "11",
        "from_node_id": "19",
        "to_node_id": "18",
        "directed": "1",
        "geometry": "LINESTRING (116.381633 39.902976, 116.381693 39.902978)",
        "dir_flag": "1",
        "length": "5.12",
        "facility_type": "residential",
        "link_type": "6",
        "free_speed": "",
        "lanes": "",
        "capacity": "",
        "allowed_uses": "auto",
        "notes": "",
        "feature_type": "link"
      },
      "geometry": {
        "type": "LineString",
        "coordinates": [
          [
            116.381633,
            39.902976
          ],
          [
            116.381693,
            39.902978
          ]
        ]
      }
    },
    {
      "type": "Feature",
      "properties": {
        "link_id": "23",
        "name": "石碑胡同",
        "osm_way_id": "12",
        "from_node_id": "18",
        "to_node_id": "20",
        "directed": "1",
        "geometry": "LINESTRING (116.381693 39.902978, 116.381767 39.903548)",
        "dir_flag": "1",
        "length": "63.69",
        "facility_type": "tertiary",
        "link_type": "5",
        "free_speed": "",
        "lanes": "",
        "capacity": "",
        "allowed_uses": "auto",
        "notes": "",
        "feature_type": "link"
      },
      "geometry": {
        "type": "LineString",
        "coordinates": [
          [
            116.381693,
            39.902978
          ],
          [
            116.381767,
            39.903548
          ]
        ]
      }
    },
    {
      "type": "Feature",
      "properties": {
        "link_id": "24",
        "name": "石碑胡同",
        "osm_way_id": "12",
        "from_node_id": "20",
        "to_node_id": "18",
        "directed": "1",
        "geometry": "LINESTRING (116.381767 39.903548, 116.381693 39.902978)",
        "dir_flag": "1",
        "length": "63.69",
        "facility_type": "tertiary",
        "link_type": "5",
        "free_speed": "",
        "lanes": "",
        "capacity": "",
        "allowed_uses": "auto",
        "notes": "",
        "feature_type": "link"
      },
      "geometry": {
        "type": "LineString",
        "coordinates": [
          [
            116.381767,
            39.903548
          ],
          [
            116.381693,
            39.902978
          ]
        ]
      }
    },
    {
      "type": "Feature",
      "properties": {
        "link_id": "25",
        "name": "石碑胡同",
        "osm_way_id": "14",
        "from_node_id": "20",
        "to_node_id": "21",
        "directed": "1",
        "geometry": "LINESTRING (116.381767 39.903548, 116.381831 39.903999)",
        "dir_flag": "1",
        "length": "50.45",
        "facility_type": "tertiary",
        "link_type": "5",
        "free_speed": "",
        "lanes": "",
        "capacity": "",
        "allowed_uses": "auto",
        "notes": "",
        "feature_type": "link"
      },
      "geometry": {
        "type": "LineString",
        "coordinates": [
          [
            116.381767,
            39.903548
          ],
          [
            116.381831,
            39.903999
          ]
        ]
      }
    },
    {
      "type": "Feature",
      "properties": {
        "link_id": "26",
        "name": "石碑胡同",
        "osm_way_id": "14",
        "from_node_id": "21",
        "to_node_id": "20",
        "directed": "1",
        "geometry": "LINESTRING (116.381831 39.903999, 116.381767 39.903548)",
        "dir_flag": "1",
        "length": "50.45",
        "facility_type": "tertiary",
        "link_type": "5",
        "free_speed": "",
        "lanes": "",
        "capacity": "",
        "allowed_uses": "auto",
        "notes": "",
        "feature_type": "link"
      },
      "geometry": {
        "type": "LineString",
        "coordinates": [
          [
            116.381831,
            39.903999
          ],
          [
            116.381767,
            39.903548
          ]
        ]
      }
    },
    {
      "type": "Feature",
      "properties": {
        "link_id": "27",
        "name": "石碑胡同",
        "osm_way_id": "15",
        "from_node_id": "20",
        "to_node_id": "18",
        "directed": "1",
        "geometry": "LINESTRING (116.381767 39.903548, 116.381693 39.902978)",
        "dir_flag": "1",
        "length": "63.69",
        "facility_type": "tertiary",
        "link_type": "5",
        "free_speed": "",
        "lanes": "",
        "capacity": "",
        "allowed_uses": "auto",
        "notes": "",
        "feature_type": "link"
      },
      "geometry": {
        "type": "LineString",
        "coordinates": [
          [
            116.381767,
            39.903548
          ],
          [
            116.381693,
            39.902978
          ]
        ]
      }
    },
    {
      "type": "Feature",
      "properties": {
        "link_id": "28",
        "name": "石碑胡同",
        "osm_way_id": "15",
        "from_node_id": "18",
        "to_node_id": "20",
        "directed": "1",
        "geometry": "LINESTRING (116.381693 39.902978, 116.381767 39.903548)",
        "dir_flag": "1",
        "length": "63.69",
        "facility_type": "tertiary",
        "link_type": "5",
        "free_speed": "",
        "lanes": "",
        "capacity": "",
        "allowed_uses": "auto",
        "notes": "",
        "feature_type": "link"
      },
      "geometry": {
        "type": "LineString",
        "coordinates": [
          [
            116.381693,
            39.902978
          ],
          [
            116.381767,
            39.903548
          ]
        ]
      }
    },
    {
      "type": "Feature",
      "properties": {
        "link_id": "29",
        "name": "石碑胡同",
        "osm_way_id": "16",
        "from_node_id": "22",
        "to_node_id": "23",
        "directed": "1",
        "geometry": "LINESTRING (116.38191 39.904578, 116.381927 39.904716)",
        "dir_flag": "1",
        "length": "15.41",
        "facility_type": "tertiary",
        "link_type": "5",
        "free_speed": "",
        "lanes": "",
        "capacity": "",
        "allowed_uses": "auto",
        "notes": "",
        "feature_type": "link"
      },
      "geometry": {
        "type": "LineString",
        "coordinates": [
          [
            116.38191,
            39.904578
          ],
          [
            116.381927,
            39.904716
          ]
        ]
      }
    },
    {
      "type": "Feature",
      "properties": {
        "link_id": "30",
        "name": "石碑胡同",
        "osm_way_id": "16",
        "from_node_id": "23",
        "to_node_id": "22",
        "directed": "1",
        "geometry": "LINESTRING (116.381927 39.904716, 116.38191 39.904578)",
        "dir_flag": "1",
        "length": "15.41",
        "facility_type": "tertiary",
        "link_type": "5",
        "free_speed": "",
        "lanes": "",
        "capacity": "",
        "allowed_uses": "auto",
        "notes": "",
        "feature_type": "link"
      },
      "geometry": {
        "type": "LineString",
        "coordinates": [
          [
            116.381927,
            39.904716
          ],
          [
            116.38191,
            39.904578
          ]
        ]
      }
    },
    {
      "type": "Feature",
      "properties": {
        "link_id": "31",
        "name": "石碑胡同",
        "osm_way_id": "17",
        "from_node_id": "22",
        "to_node_id": "24",
        "directed": "1",
        "geometry": "LINESTRING (116.38191 39.904578, 116.381872 39.90429)",
        "dir_flag": "1",
        "length": "32.19",
        "facility_type": "tertiary",
        "link_type": "5",
        "free_speed": "",
        "lanes": "",
        "capacity": "",
        "allowed_uses": "auto",
        "notes": "",
        "feature_type": "link"
      },
      "geometry": {
        "type": "LineString",
        "coordinates": [
          [
            116.38191,
            39.904578
          ],
          [
            116.381872,
            39.90429
          ]
        ]
      }
    },
    {
      "type": "Feature",
      "properties": {
        "link_id": "32",
        "name": "石碑胡同",
        "osm_way_id": "17",
        "from_node_id": "24",
        "to_node_id": "22",
        "directed": "1",
        "geometry": "LINESTRING (116.381872 39.90429, 116.38191 39.904578)",
        "dir_flag": "1",
        "length": "32.19",
        "facility_type": "tertiary",
        "link_type": "5",
        "free_speed": "",
        "lanes": "",
        "capacity": "",
        "allowed_uses": "auto",
        "notes": "",
        "feature_type": "link"
      },
      "geometry": {
        "type": "LineString",
        "coordinates": [
          [
            116.381872,
            39.90429
          ],
          [
            116.38191,
            39.904578
          ]
        ]
      }
    },
    {
      "type": "Feature",
      "properties": {
        "link_id": "33",
        "name": "南河沿大街",
        "osm_way_id": "18",
        "from_node_id": "25",
        "to_node_id": "26",
        "directed": "1",
        "geometry": "LINESTRING (116.400416 39.906864, 116.40043 39.907258)",
        "dir_flag": "1",
        "length": "43.83",
        "facility_type": "secondary",
        "link_type": "4",
        "free_speed": "",
        "lanes": "",
        "capacity": "",
        "allowed_uses": "auto",
        "notes": "",
        "feature_type": "link"
      },
      "geometry": {
        "type": "LineString",
        "coordinates": [
          [
            116.400416,
            39.906864
          ],
          [
            116.40043,
            39.907258
          ]
        ]
      }
    },
    {
      "type": "Feature",
      "properties": {
        "link_id": "34",
        "name": "南河沿大街",
        "osm_way_id": "18",
        "from_node_id": "26",
        "to_node_id": "25",
        "directed": "1",
        "geometry": "LINESTRING (116.40043 39.907258, 116.400416 39.906864)",
        "dir_flag": "1",
        "length": "43.83",
        "facility_type": "secondary",
        "link_type": "4",
        "free_speed": "",
        "lanes": "",
        "capacity": "",
        "allowed_uses": "auto",
        "notes": "",
        "feature_type": "link"
      },
      "geometry": {
        "type": "LineString",
        "coordinates": [
          [
            116.40043,
            39.907258
          ],
          [
            116.400416,
            39.906864
          ]
        ]
      }
    },
    {
      "type": "Feature",
      "properties": {
        "link_id": "35",
        "name": "南河沿大街",
        "osm_way_id": "19",
        "from_node_id": "25",
        "to_node_id": "27",
        "directed": "1",
        "geometry": "LINESTRING (116.400416 39.906864, 116.400414 39.906809)",
        "dir_flag": "1",
        "length": "6.12",
        "facility_type": "secondary",
        "link_type": "4",
        "free_speed": "",
        "lanes": "",
        "capacity": "",
        "allowed_uses": "auto",
        "notes": "",
        "feature_type": "link"
      },
      "geometry": {
        "type": "LineString",
        "coordinates": [
          [
            116.400416,
            39.906864
          ],
          [
            116.400414,
            39.906809
          ]
        ]
      }
    },
    {
      "type": "Feature",
      "properties": {
        "link_id": "36",
        "name": "南河沿大街",
        "osm_way_id": "19",
        "from_node_id": "27",
        "to_node_id": "25",
        "directed": "1",
        "geometry": "LINESTRING (116.400414 39.906809, 116.400416 39.906864)",
        "dir_flag": "1",
        "length": "6.12",
        "facility_type": "secondary",
        "link_type": "4",
        "free_speed": "",
        "lanes": "",
        "capacity": "",
        "allowed_uses": "auto",
        "notes": "",
        "feature_type": "link"
      },
      "geometry": {
        "type": "LineString",
        "coordinates": [
          [
            116.400414,
            39.906809
          ],
          [
            116.400416,
            39.906864
          ]
        ]
      }
    },
    {
      "type": "Feature",
      "properties": {
        "link_id": "37",
        "name": "",
        "osm_way_id": "20",
        "from_node_id": "28",
        "to_node_id": "29",
        "directed": "1",
        "geometry": "LINESTRING (116.400542 39.911615, 116.40104 39.91163)",
        "dir_flag": "1",
        "length": "42.51",
        "facility_type": "residential",
        "link_type": "6",
        "free_speed": "",
        "lanes": "",
        "capacity": "",
        "allowed_uses": "auto",
        "notes": "",
        "feature_type": "link"
      },
      "geometry": {
        "type": "LineString",
        "coordinates": [
          [
            116.400542,
            39.911615
          ],
          [
            116.40104,
            39.91163
          ]
        ]
      }
    },
    {
      "type": "Feature",
      "properties": {
        "link_id": "38",
        "name": "",
        "osm_way_id": "20",
        "from_node_id": "29",
        "to_node_id": "28",
        "directed": "1",
        "geometry": "LINESTRING (116.40104 39.91163, 116.400542 39.911615)",
        "dir_flag": "1",
        "length": "42.51",
        "facility_type": "residential",
        "link_type": "6",
        "free_speed": "",
        "lanes": "",
        "capacity": "",
        "allowed_uses": "auto",
        "notes": "",
        "feature_type": "link"
      },
      "geometry": {
        "type": "LineString",
        "coordinates": [
          [
            116.40104,
            39.91163
          ],
          [
            116.400542,
            39.911615
          ]
        ]
      }
    },
    {
      "type": "Feature",
      "properties": {
        "link_id": "39",
        "name": "南河沿大街",
        "osm_way_id": "21",
        "from_node_id": "28",
        "to_node_id": "30",
        "directed": "1",
        "geometry": "LINESTRING (116.400542 39.911615, 116.400523 39.911999)",
        "dir_flag": "1",
        "length": "42.73",
        "facility_type": "secondary",
        "link_type": "4",
        "free_speed": "",
        "lanes": "",
        "capacity": "",
        "allowed_uses": "auto",
        "notes": "",
        "feature_type": "link"
      },
      "geometry": {
        "type": "LineString",
        "coordinates": [
          [
            116.400542,
            39.911615
          ],
          [
            116.400523,
            39.911999
          ]
        ]
      }
    },
    {
      "type": "Feature",
      "properties": {
        "link_id": "40",
        "name": "南河沿大街",
        "osm_way_id": "21",
        "from_node_id": "30",
        "to_node_id": "28",
        "directed": "1",
        "geometry": "LINESTRING (116.400523 39.911999, 116.400542 39.911615)",
        "dir_flag": "1",
        "length": "42.73",
        "facility_type": "secondary",
        "link_type": "4",
        "free_speed": "",
        "lanes": "",
        "capacity": "",
        "allowed_uses": "auto",
        "notes": "",
        "feature_type": "link"
      },
      "geometry": {
        "type": "LineString",
        "coordinates": [
          [
            116.400523,
            39.911999
          ],
          [
            116.400542,
            39.911615
          ]
        ]
      }
    },
    {
      "type": "Feature",
      "properties": {
        "link_id": "41",
        "name": "南河沿大街",
        "osm_way_id": "22",
        "from_node_id": "28",
        "to_node_id": "31",
        "directed": "1",
        "geometry": "LINESTRING (116.400542 39.911615, 116.400577 39.910729)",
        "dir_flag": "1",
        "length": "98.56",
        "facility_type": "secondary",
        "link_type": "4",
        "free_speed": "",
        "lanes": "",
        "capacity": "",
        "allowed_uses": "auto",
        "notes": "",
        "feature_type": "link"
      },
      "geometry": {
        "type": "LineString",
        "coordinates": [
          [
            116.400542,
            39.911615
          ],
          [
            116.400577,
            39.910729
          ]
        ]
      }
    },
    {
      "type": "Feature",
      "properties": {
        "link_id": "42",
        "name": "南河沿大街",
        "osm_way_id": "22",
        "from_node_id": "31",
        "to_node_id": "28",
        "directed": "1",
        "geometry": "LINESTRING (116.400577 39.910729, 116.400542 39.911615)",
        "dir_flag": "1",
        "length": "98.56",
        "facility_type": "secondary",
        "link_type": "4",
        "free_speed": "",
        "lanes": "",
        "capacity": "",
        "allowed_uses": "auto",
        "notes": "",
        "feature_type": "link"
      },
      "geometry": {
        "type": "LineString",
        "coordinates": [
          [
            116.400577,
            39.910729
          ],
          [
            116.400542,
            39.911615
          ]
        ]
      }
    },
    {
      "type": "Feature",
      "properties": {
        "link_id": "43",
        "name": "东华门大街",
        "osm_way_id": "26",
        "from_node_id": "32",
        "to_node_id": "33",
        "directed": "1",
        "geometry": "LINESTRING (116.395476 39.913733, 116.395576 39.913738)",
        "dir_flag": "1",
        "length": "8.55",
        "facility_type": "unclassified",
        "link_type": "20",
        "free_speed": "",
        "lanes": "",
        "capacity": "",
        "allowed_uses": "auto",
        "notes": "",
        "feature_type": "link"
      },
      "geometry": {
        "type": "LineString",
        "coordinates": [
          [
            116.395476,
            39.913733
          ],
          [
            116.395576,
            39.913738
          ]
        ]
      }
    },
    {
      "type": "Feature",
      "properties": {
        "link_id": "44",
        "name": "东华门大街",
        "osm_way_id": "26",
        "from_node_id": "33",
        "to_node_id": "32",
        "directed": "1",
        "geometry": "LINESTRING (116.395576 39.913738, 116.395476 39.913733)",
        "dir_flag": "1",
        "length": "8.55",
        "facility_type": "unclassified",
        "link_type": "20",
        "free_speed": "",
        "lanes": "",
        "capacity": "",
        "allowed_uses": "auto",
        "notes": "",
        "feature_type": "link"
      },
      "geometry": {
        "type": "LineString",
        "coordinates": [
          [
            116.395576,
            39.913738
          ],
          [
            116.395476,
            39.913733
          ]
        ]
      }
    },
    {
      "type": "Feature",
      "properties": {
        "link_id": "45",
        "name": "北池子大街",
        "osm_way_id": "27",
        "from_node_id": "34",
        "to_node_id": "35",
        "directed": "1",
        "geometry": "LINESTRING (116.396732 39.91377, 116.396641 39.915726)",
        "dir_flag": "1",
        "length": "217.64",
        "facility_type": "tertiary",
        "link_type": "5",
        "free_speed": "",
        "lanes": "1",
        "capacity": "",
        "allowed_uses": "auto",
        "notes": "",
        "feature_type": "link"
      },
      "geometry": {
        "type": "LineString",
        "coordinates": [
          [
            116.396732,
            39.91377
          ],
          [
            116.396641,
            39.915726
          ]
        ]
      }
    },
    {
      "type": "Feature",
      "properties": {
        "link_id": "46",
        "name": "北池子大街",
        "osm_way_id": "27",
        "from_node_id": "35",
        "to_node_id": "34",
        "directed": "1",
        "geometry": "LINESTRING (116.396641 39.915726, 116.396732 39.91377)",
        "dir_flag": "1",
        "length": "217.64",
        "facility_type": "tertiary",
        "link_type": "5",
        "free_speed": "",
        "lanes": "1",
        "capacity": "",
        "allowed_uses": "auto",
        "notes": "",
        "feature_type": "link"
      },
      "geometry": {
        "type": "LineString",
        "coordinates": [
          [
            116.396641,
            39.915726
          ],
          [
            116.396732,
            39.91377
          ]
        ]
      }
    },
    {
      "type": "Feature",
      "properties": {
        "link_id": "47",
        "name": "南池子大街",
        "osm_way_id": "28",
        "from_node_id": "34",
        "to_node_id": "36",
        "directed": "1",
        "geometry": "LINESTRING (116.396732 39.91377, 116.396763 39.91317)",
        "dir_flag": "1",
        "length": "66.77",
        "facility_type": "tertiary",
        "link_type": "5",
        "free_speed": "",
        "lanes": "1",
        "capacity": "",
        "allowed_uses": "auto",
        "notes": "",
        "feature_type": "link"
      },
      "geometry": {
        "type": "LineString",
        "coordinates": [
          [
            116.396732,
            39.91377
          ],
          [
            116.396763,
            39.91317
          ]
        ]
      }
    },
    {
      "type": "Feature",
      "properties": {
        "link_id": "48",
        "name": "南池子大街",
        "osm_way_id": "28",
        "from_node_id": "36",
        "to_node_id": "34",
        "directed": "1",
        "geometry": "LINESTRING (116.396763 39.91317, 116.396732 39.91377)",
        "dir_flag": "1",
        "length": "66.77",
        "facility_type": "tertiary",
        "link_type": "5",
        "free_speed": "",
        "lanes": "1",
        "capacity": "",
        "allowed_uses": "auto",
        "notes": "",
        "feature_type": "link"
      },
      "geometry": {
        "type": "LineString",
        "coordinates": [
          [
            116.396763,
            39.91317
          ],
          [
            116.396732,
            39.91377
          ]
        ]
      }
    },
    {
      "type": "Feature",
      "properties": {
        "link_id": "49",
        "name": "东华门大街",
        "osm_way_id": "29",
        "from_node_id": "34",
        "to_node_id": "37",
        "directed": "1",
        "geometry": "LINESTRING (116.396732 39.91377, 116.397381 39.913798)",
        "dir_flag": "1",
        "length": "55.44",
        "facility_type": "secondary",
        "link_type": "4",
        "free_speed": "",
        "lanes": "",
        "capacity": "",
        "allowed_uses": "auto",
        "notes": "",
        "feature_type": "link"
      },
      "geometry": {
        "type": "LineString",
        "coordinates": [
          [
            116.396732,
            39.91377
          ],
          [
            116.397381,
            39.913798
          ]
        ]
      }
    },
    {
      "type": "Feature",
      "properties": {
        "link_id": "50",
        "name": "东华门大街",
        "osm_way_id": "29",
        "from_node_id": "37",
        "to_node_id": "34",
        "directed": "1",
        "geometry": "LINESTRING (116.397381 39.913798, 116.396732 39.91377)",
        "dir_flag": "1",
        "length": "55.44",
        "facility_type": "secondary",
        "link_type": "4",
        "free_speed": "",
        "lanes": "",
        "capacity": "",
        "allowed_uses": "auto",
        "notes": "",
        "feature_type": "link"
      },
      "geometry": {
        "type": "LineString",
        "coordinates": [
          [
            116.397381,
            39.913798
          ],
          [
            116.396732,
            39.91377
          ]
        ]
      }
    },
    {
      "type": "Feature",
      "properties": {
        "link_id": "51",
        "name": "东华门大街",
        "osm_way_id": "30",
        "from_node_id": "34",
        "to_node_id": "38",
        "directed": "1",
        "geometry": "LINESTRING (116.396732 39.91377, 116.396612 39.913766)",
        "dir_flag": "1",
        "length": "10.24",
        "facility_type": "unclassified",
        "link_type": "20",
        "free_speed": "",
        "lanes": "",
        "capacity": "",
        "allowed_uses": "auto",
        "notes": "",
        "feature_type": "link"
      },
      "geometry": {
        "type": "LineString",
        "coordinates": [
          [
            116.396732,
            39.91377
          ],
          [
            116.396612,
            39.913766
          ]
        ]
      }
    },
    {
      "type": "Feature",
      "properties": {
        "link_id": "52",
        "name": "东华门大街",
        "osm_way_id": "30",
        "from_node_id": "38",
        "to_node_id": "34",
        "directed": "1",
        "geometry": "LINESTRING (116.396612 39.913766, 116.396732 39.91377)",
        "dir_flag": "1",
        "length": "10.24",
        "facility_type": "unclassified",
        "link_type": "20",
        "free_speed": "",
        "lanes": "",
        "capacity": "",
        "allowed_uses": "auto",
        "notes": "",
        "feature_type": "link"
      },
      "geometry": {
        "type": "LineString",
        "coordinates": [
          [
            116.396612,
            39.913766
          ],
          [
            116.396732,
            39.91377
          ]
        ]
      }
    },
    {
      "type": "Feature",
      "properties": {
        "link_id": "53",
        "name": "",
        "osm_way_id": "35",
        "from_node_id": "39",
        "to_node_id": "40",
        "directed": "1",
        "geometry": "LINESTRING (116.400437 39.903112, 116.400818 39.903137)",
        "dir_flag": "1",
        "length": "32.62",
        "facility_type": "unclassified",
        "link_type": "20",
        "free_speed": "",
        "lanes": "",
        "capacity": "",
        "allowed_uses": "auto",
        "notes": "",
        "feature_type": "link"
      },
      "geometry": {
        "type": "LineString",
        "coordinates": [
          [
            116.400437,
            39.903112
          ],
          [
            116.400818,
            39.903137
          ]
        ]
      }
    },
    {
      "type": "Feature",
      "properties": {
        "link_id": "54",
        "name": "",
        "osm_way_id": "35",
        "from_node_id": "40",
        "to_node_id": "39",
        "directed": "1",
        "geometry": "LINESTRING (116.400818 39.903137, 116.400437 39.903112)",
        "dir_flag": "1",
        "length": "32.62",
        "facility_type": "unclassified",
        "link_type": "20",
        "free_speed": "",
        "lanes": "",
        "capacity": "",
        "allowed_uses": "auto",
        "notes": "",
        "feature_type": "link"
      },
      "geometry": {
        "type": "LineString",
        "coordinates": [
          [
            116.400818,
            39.903137
          ],
          [
            116.400437,
            39.903112
          ]
        ]
      }
    },
    {
      "type": "Feature",
      "properties": {
        "link_id": "55",
        "name": "西华门大街",
        "osm_way_id": "48",
        "from_node_id": "41",
        "to_node_id": "42",
        "directed": "1",
        "geometry": "LINESTRING (116.386329 39.913412, 116.385682 39.913388)",
        "dir_flag": "1",
        "length": "55.25",
        "facility_type": "unclassified",
        "link_type": "20",
        "free_speed": "",
        "lanes": "",
        "capacity": "",
        "allowed_uses": "auto",
        "notes": "",
        "feature_type": "link"
      },
      "geometry": {
        "type": "LineString",
        "coordinates": [
          [
            116.386329,
            39.913412
          ],
          [
            116.385682,
            39.913388
          ]
        ]
      }
    },
    {
      "type": "Feature",
      "properties": {
        "link_id": "56",
        "name": "西华门大街",
        "osm_way_id": "48",
        "from_node_id": "42",
        "to_node_id": "41",
        "directed": "1",
        "geometry": "LINESTRING (116.385682 39.913388, 116.386329 39.913412)",
        "dir_flag": "1",
        "length": "55.25",
        "facility_type": "unclassified",
        "link_type": "20",
        "free_speed": "",
        "lanes": "",
        "capacity": "",
        "allowed_uses": "auto",
        "notes": "",
        "feature_type": "link"
      },
      "geometry": {
        "type": "LineString",
        "coordinates": [
          [
            116.385682,
            39.913388
          ],
          [
            116.386329,
            39.913412
          ]
        ]
      }
    },
    {
      "type": "Feature",
      "properties": {
        "link_id": "57",
        "name": "北长街",
        "osm_way_id": "49",
        "from_node_id": "43",
        "to_node_id": "44",
        "directed": "1",
        "geometry": "LINESTRING (116.38518 39.913367, 116.385137 39.914367)",
        "dir_flag": "1",
        "length": "111.26",
        "facility_type": "tertiary",
        "link_type": "5",
        "free_speed": "",
        "lanes": "",
        "capacity": "",
        "allowed_uses": "auto",
        "notes": "",
        "feature_type": "link"
      },
      "geometry": {
        "type": "LineString",
        "coordinates": [
          [
            116.38518,
            39.913367
          ],
          [
            116.385137,
            39.914367
          ]
        ]
      }
    },
    {
      "type": "Feature",
      "properties": {
        "link_id": "58",
        "name": "北长街",
        "osm_way_id": "49",
        "from_node_id": "44",
        "to_node_id": "43",
        "directed": "1",
        "geometry": "LINESTRING (116.385137 39.914367, 116.38518 39.913367)",
        "dir_flag": "1",
        "length": "111.26",
        "facility_type": "tertiary",
        "link_type": "5",
        "free_speed": "",
        "lanes": "",
        "capacity": "",
        "allowed_uses": "auto",
        "notes": "",
        "feature_type": "link"
      },
      "geometry": {
        "type": "LineString",
        "coordinates": [
          [
            116.385137,
            39.914367
          ],
          [
            116.38518,
            39.913367
          ]
        ]
      }
    },
    {
      "type": "Feature",
      "properties": {
        "link_id": "59",
        "name": "南长街",
        "osm_way_id": "50",
        "from_node_id": "43",
        "to_node_id": "45",
        "directed": "1",
        "geometry": "LINESTRING (116.38518 39.913367, 116.38519 39.913044)",
        "dir_flag": "1",
        "length": "35.93",
        "facility_type": "tertiary",
        "link_type": "5",
        "free_speed": "",
        "lanes": "",
        "capacity": "",
        "allowed_uses": "auto",
        "notes": "",
        "feature_type": "link"
      },
      "geometry": {
        "type": "LineString",
        "coordinates": [
          [
            116.38518,
            39.913367
          ],
          [
            116.38519,
            39.913044
          ]
        ]
      }
    },
    {
      "type": "Feature",
      "properties": {
        "link_id": "60",
        "name": "南长街",
        "osm_way_id": "50",
        "from_node_id": "45",
        "to_node_id": "43",
        "directed": "1",
        "geometry": "LINESTRING (116.38519 39.913044, 116.38518 39.913367)",
        "dir_flag": "1",
        "length": "35.93",
        "facility_type": "tertiary",
        "link_type": "5",
        "free_speed": "",
        "lanes": "",
        "capacity": "",
        "allowed_uses": "auto",
        "notes": "",
        "feature_type": "link"
      },
      "geometry": {
        "type": "LineString",
        "coordinates": [
          [
            116.38519,
            39.913044
          ],
          [
            116.38518,
            39.913367
          ]
        ]
      }
    },
    {
      "type": "Feature",
      "properties": {
        "link_id": "61",
        "name": "西华门大街",
        "osm_way_id": "51",
        "from_node_id": "43",
        "to_node_id": "46",
        "directed": "1",
        "geometry": "LINESTRING (116.38518 39.913367, 116.384147 39.913351)",
        "dir_flag": "1",
        "length": "88.12",
        "facility_type": "unclassified",
        "link_type": "20",
        "free_speed": "",
        "lanes": "",
        "capacity": "",
        "allowed_uses": "auto",
        "notes": "",
        "feature_type": "link"
      },
      "geometry": {
        "type": "LineString",
        "coordinates": [
          [
            116.38518,
            39.913367
          ],
          [
            116.384147,
            39.913351
          ]
        ]
      }
    },
    {
      "type": "Feature",
      "properties": {
        "link_id": "62",
        "name": "西华门大街",
        "osm_way_id": "51",
        "from_node_id": "46",
        "to_node_id": "43",
        "directed": "1",
        "geometry": "LINESTRING (116.384147 39.913351, 116.38518 39.913367)",
        "dir_flag": "1",
        "length": "88.12",
        "facility_type": "unclassified",
        "link_type": "20",
        "free_speed": "",
        "lanes": "",
        "capacity": "",
        "allowed_uses": "auto",
        "notes": "",
        "feature_type": "link"
      },
      "geometry": {
        "type": "LineString",
        "coordinates": [
          [
            116.384147,
            39.913351
          ],
          [
            116.38518,
            39.913367
          ]
        ]
      }
    },
    {
      "type": "Feature",
      "properties": {
        "link_id": "63",
        "name": "西华门大街",
        "osm_way_id": "52",
        "from_node_id": "43",
        "to_node_id": "42",
        "directed": "1",
        "geometry": "LINESTRING (116.38518 39.913367, 116.385682 39.913388)",
        "dir_flag": "1",
        "length": "42.88",
        "facility_type": "unclassified",
        "link_type": "20",
        "free_speed": "",
        "lanes": "",
        "capacity": "",
        "allowed_uses": "auto",
        "notes": "",
        "feature_type": "link"
      },
      "geometry": {
        "type": "LineString",
        "coordinates": [
          [
            116.38518,
            39.913367
          ],
          [
            116.385682,
            39.913388
          ]
        ]
      }
    },
    {
      "type": "Feature",
      "properties": {
        "link_id": "64",
        "name": "西华门大街",
        "osm_way_id": "52",
        "from_node_id": "42",
        "to_node_id": "43",
        "directed": "1",
        "geometry": "LINESTRING (116.385682 39.913388, 116.38518 39.913367)",
        "dir_flag": "1",
        "length": "42.88",
        "facility_type": "unclassified",
        "link_type": "20",
        "free_speed": "",
        "lanes": "",
        "capacity": "",
        "allowed_uses": "auto",
        "notes": "",
        "feature_type": "link"
      },
      "geometry": {
        "type": "LineString",
        "coordinates": [
          [
            116.385682,
            39.913388
          ],
          [
            116.38518,
            39.913367
          ]
        ]
      }
    },
    {
      "type": "Feature",
      "properties": {
        "link_id": "65",
        "name": "",
        "osm_way_id": "55",
        "from_node_id": "29",
        "to_node_id": "28",
        "directed": "1",
        "geometry": "LINESTRING (116.40104 39.91163, 116.400542 39.911615)",
        "dir_flag": "1",
        "length": "42.51",
        "facility_type": "residential",
        "link_type": "6",
        "free_speed": "",
        "lanes": "",
        "capacity": "",
        "allowed_uses": "auto",
        "notes": "",
        "feature_type": "link"
      },
      "geometry": {
        "type": "LineString",
        "coordinates": [
          [
            116.40104,
            39.91163
          ],
          [
            116.400542,
            39.911615
          ]
        ]
      }
    },
    {
      "type": "Feature",
      "properties": {
        "link_id": "66",
        "name": "",
        "osm_way_id": "55",
        "from_node_id": "28",
        "to_node_id": "29",
        "directed": "1",
        "geometry": "LINESTRING (116.400542 39.911615, 116.40104 39.91163)",
        "dir_flag": "1",
        "length": "42.51",
        "facility_type": "residential",
        "link_type": "6",
        "free_speed": "",
        "lanes": "",
        "capacity": "",
        "allowed_uses": "auto",
        "notes": "",
        "feature_type": "link"
      },
      "geometry": {
        "type": "LineString",
        "coordinates": [
          [
            116.400542,
            39.911615
          ],
          [
            116.40104,
            39.91163
          ]
        ]
      }
    },
    {
      "type": "Feature",
      "properties": {
        "link_id": "67",
        "name": "晨光街",
        "osm_way_id": "56",
        "from_node_id": "29",
        "to_node_id": "47",
        "directed": "1",
        "geometry": "LINESTRING (116.40104 39.91163, 116.400986 39.912608)",
        "dir_flag": "1",
        "length": "108.85",
        "facility_type": "unclassified",
        "link_type": "20",
        "free_speed": "",
        "lanes": "",
        "capacity": "",
        "allowed_uses": "auto",
        "notes": "",
        "feature_type": "link"
      },
      "geometry": {
        "type": "LineString",
        "coordinates": [
          [
            116.40104,
            39.91163
          ],
          [
            116.400986,
            39.912608
          ]
        ]
      }
    },
    {
      "type": "Feature",
      "properties": {
        "link_id": "68",
        "name": "晨光街",
        "osm_way_id": "57",
        "from_node_id": "48",
        "to_node_id": "49",
        "directed": "1",
        "geometry": "LINESTRING (116.401054 39.910673, 116.401057 39.91058)",
        "dir_flag": "1",
        "length": "10.34",
        "facility_type": "residential",
        "link_type": "6",
        "free_speed": "",
        "lanes": "",
        "capacity": "",
        "allowed_uses": "auto",
        "notes": "",
        "feature_type": "link"
      },
      "geometry": {
        "type": "LineString",
        "coordinates": [
          [
            116.401054,
            39.910673
          ],
          [
            116.401057,
            39.91058
          ]
        ]
      }
    },
    {
      "type": "Feature",
      "properties": {
        "link_id": "69",
        "name": "晨光街",
        "osm_way_id": "57",
        "from_node_id": "49",
        "to_node_id": "48",
        "directed": "1",
        "geometry": "LINESTRING (116.401057 39.91058, 116.401054 39.910673)",
        "dir_flag": "1",
        "length": "10.34",
        "facility_type": "residential",
        "link_type": "6",
        "free_speed": "",
        "lanes": "",
        "capacity": "",
        "allowed_uses": "auto",
        "notes": "",
        "feature_type": "link"
      },
      "geometry": {
        "type": "LineString",
        "coordinates": [
          [
            116.401057,
            39.91058
          ],
          [
            116.401054,
            39.910673
          ]
        ]
      }
    },
    {
      "type": "Feature",
      "properties": {
        "link_id": "70",
        "name": "晨光街",
        "osm_way_id": "58",
        "from_node_id": "48",
        "to_node_id": "50",
        "directed": "1",
        "geometry": "LINESTRING (116.401054 39.910673, 116.401051 39.910772)",
        "dir_flag": "1",
        "length": "11.01",
        "facility_type": "unclassified",
        "link_type": "20",
        "free_speed": "",
        "lanes": "",
        "capacity": "",
        "allowed_uses": "auto",
        "notes": "",
        "feature_type": "link"
      },
      "geometry": {
        "type": "LineString",
        "coordinates": [
          [
            116.401054,
            39.910673
          ],
          [
            116.401051,
            39.910772
          ]
        ]
      }
    },
    {
      "type": "Feature",
      "properties": {
        "link_id": "71",
        "name": "大甜水井胡同",
        "osm_way_id": "59",
        "from_node_id": "48",
        "to_node_id": "51",
        "directed": "1",
        "geometry": "LINESTRING (116.401054 39.910673, 116.401128 39.910669)",
        "dir_flag": "1",
        "length": "6.33",
        "facility_type": "residential",
        "link_type": "6",
        "free_speed": "",
        "lanes": "",
        "capacity": "",
        "allowed_uses": "auto",
        "notes": "",
        "feature_type": "link"
      },
      "geometry": {
        "type": "LineString",
        "coordinates": [
          [
            116.401054,
            39.910673
          ],
          [
            116.401128,
            39.910669
          ]
        ]
      }
    },
    {
      "type": "Feature",
      "properties": {
        "link_id": "72",
        "name": "大甜水井胡同",
        "osm_way_id": "59",
        "from_node_id": "51",
        "to_node_id": "48",
        "directed": "1",
        "geometry": "LINESTRING (116.401128 39.910669, 116.401054 39.910673)",
        "dir_flag": "1",
        "length": "6.33",
        "facility_type": "residential",
        "link_type": "6",
        "free_speed": "",
        "lanes": "",
        "capacity": "",
        "allowed_uses": "auto",
        "notes": "",
        "feature_type": "link"
      },
      "geometry": {
        "type": "LineString",
        "coordinates": [
          [
            116.401128,
            39.910669
          ],
          [
            116.401054,
            39.910673
          ]
        ]
      }
    },
    {
      "type": "Feature",
      "properties": {
        "link_id": "73",
        "name": "东皇城门南街",
        "osm_way_id": "60",
        "from_node_id": "52",
        "to_node_id": "53",
        "directed": "1",
        "geometry": "LINESTRING (116.400572 39.910653, 116.400708 39.910656)",
        "dir_flag": "1",
        "length": "11.60",
        "facility_type": "unclassified",
        "link_type": "20",
        "free_speed": "",
        "lanes": "",
        "capacity": "",
        "allowed_uses": "auto",
        "notes": "",
        "feature_type": "link"
      },
      "geometry": {
        "type": "LineString",
        "coordinates": [
          [
            116.400572,
            39.910653
          ],
          [
            116.400708,
            39.910656
          ]
        ]
      }
    },
    {
      "type": "Feature",
      "properties": {
        "link_id": "74",
        "name": "南河沿大街",
        "osm_way_id": "61",
        "from_node_id": "52",
        "to_node_id": "31",
        "directed": "1",
        "geometry": "LINESTRING (116.400572 39.910653, 116.400577 39.910729)",
        "dir_flag": "1",
        "length": "8.46",
        "facility_type": "secondary",
        "link_type": "4",
        "free_speed": "",
        "lanes": "",
        "capacity": "",
        "allowed_uses": "auto",
        "notes": "",
        "feature_type": "link"
      },
      "geometry": {
        "type": "LineString",
        "coordinates": [
          [
            116.400572,
            39.910653
          ],
          [
            116.400577,
            39.910729
          ]
        ]
      }
    },
    {
      "type": "Feature",
      "properties": {
        "link_id": "75",
        "name": "南河沿大街",
        "osm_way_id": "61",
        "from_node_id": "31",
        "to_node_id": "52",
        "directed": "1",
        "geometry": "LINESTRING (116.400577 39.910729, 116.400572 39.910653)",
        "dir_flag": "1",
        "length": "8.46",
        "facility_type": "secondary",
        "link_type": "4",
        "free_speed": "",
        "lanes": "",
        "capacity": "",
        "allowed_uses": "auto",
        "notes": "",
        "feature_type": "link"
      },
      "geometry": {
        "type": "LineString",
        "coordinates": [
          [
            116.400577,
            39.910729
          ],
          [
            116.400572,
            39.910653
          ]
        ]
      }
    },
    {
      "type": "Feature",
      "properties": {
        "link_id": "76",
        "name": "南河沿大街",
        "osm_way_id": "62",
        "from_node_id": "52",
        "to_node_id": "54",
        "directed": "1",
        "geometry": "LINESTRING (116.400572 39.910653, 116.400572 39.910592)",
        "dir_flag": "1",
        "length": "6.78",
        "facility_type": "secondary",
        "link_type": "4",
        "free_speed": "",
        "lanes": "",
        "capacity": "",
        "allowed_uses": "auto",
        "notes": "",
        "feature_type": "link"
      },
      "geometry": {
        "type": "LineString",
        "coordinates": [
          [
            116.400572,
            39.910653
          ],
          [
            116.400572,
            39.910592
          ]
        ]
      }
    },
    {
      "type": "Feature",
      "properties": {
        "link_id": "77",
        "name": "南河沿大街",
        "osm_way_id": "62",
        "from_node_id": "54",
        "to_node_id": "52",
        "directed": "1",
        "geometry": "LINESTRING (116.400572 39.910592, 116.400572 39.910653)",
        "dir_flag": "1",
        "length": "6.78",
        "facility_type": "secondary",
        "link_type": "4",
        "free_speed": "",
        "lanes": "",
        "capacity": "",
        "allowed_uses": "auto",
        "notes": "",
        "feature_type": "link"
      },
      "geometry": {
        "type": "LineString",
        "coordinates": [
          [
            116.400572,
            39.910592
          ],
          [
            116.400572,
            39.910653
          ]
        ]
      }
    },
    {
      "type": "Feature",
      "properties": {
        "link_id": "78",
        "name": "东交民巷",
        "osm_way_id": "63",
        "from_node_id": "55",
        "to_node_id": "56",
        "directed": "1",
        "geometry": "LINESTRING (116.397398 39.900652, 116.394645 39.900609)",
        "dir_flag": "1",
        "length": "234.89",
        "facility_type": "unclassified",
        "link_type": "20",
        "free_speed": "",
        "lanes": "",
        "capacity": "",
        "allowed_uses": "auto",
        "notes": "",
        "feature_type": "link"
      },
      "geometry": {
        "type": "LineString",
        "coordinates": [
          [
            116.397398,
            39.900652
          ],
          [
            116.394645,
            39.900609
          ]
        ]
      }
    },
    {
      "type": "Feature",
      "properties": {
        "link_id": "79",
        "name": "东交民巷",
        "osm_way_id": "63",
        "from_node_id": "56",
        "to_node_id": "55",
        "directed": "1",
        "geometry": "LINESTRING (116.394645 39.900609, 116.397398 39.900652)",
        "dir_flag": "1",
        "length": "234.89",
        "facility_type": "unclassified",
        "link_type": "20",
        "free_speed": "",
        "lanes": "",
        "capacity": "",
        "allowed_uses": "auto",
        "notes": "",
        "feature_type": "link"
      },
      "geometry": {
        "type": "LineString",
        "coordinates": [
          [
            116.394645,
            39.900609
          ],
          [
            116.397398,
            39.900652
          ]
        ]
      }
    },
    {
      "type": "Feature",
      "properties": {
        "link_id": "80",
        "name": "东长安街",
        "osm_way_id": "89",
        "from_node_id": "57",
        "to_node_id": "58",
        "directed": "1",
        "geometry": "LINESTRING (116.38984 39.906273, 116.38943 39.90626)",
        "dir_flag": "1",
        "length": "35.00",
        "facility_type": "trunk",
        "link_type": "2",
        "free_speed": "70",
        "lanes": "5",
        "capacity": "",
        "allowed_uses": "auto",
        "notes": "",
        "feature_type": "link"
      },
      "geometry": {
        "type": "LineString",
        "coordinates": [
          [
            116.38984,
            39.906273
          ],
          [
            116.38943,
            39.90626
          ]
        ]
      }
    },
    {
      "type": "Feature",
      "properties": {
        "link_id": "81",
        "name": "东长安街",
        "osm_way_id": "126",
        "from_node_id": "59",
        "to_node_id": "60",
        "directed": "1",
        "geometry": "LINESTRING (116.397381 39.90653, 116.397096 39.906522)",
        "dir_flag": "1",
        "length": "24.33",
        "facility_type": "trunk",
        "link_type": "2",
        "free_speed": "",
        "lanes": "5",
        "capacity": "",
        "allowed_uses": "auto",
        "notes": "",
        "feature_type": "link"
      },
      "geometry": {
        "type": "LineString",
        "coordinates": [
          [
            116.397381,
            39.90653
          ],
          [
            116.397096,
            39.906522
          ]
        ]
      }
    },
    {
      "type": "Feature",
      "properties": {
        "link_id": "82",
        "name": "东长安街",
        "osm_way_id": "127",
        "from_node_id": "61",
        "to_node_id": "62",
        "directed": "1",
        "geometry": "LINESTRING (116.399981 39.906433, 116.400026 39.906434)",
        "dir_flag": "1",
        "length": "3.84",
        "facility_type": "trunk",
        "link_type": "2",
        "free_speed": "",
        "lanes": "",
        "capacity": "",
        "allowed_uses": "auto",
        "notes": "",
        "feature_type": "link"
      },
      "geometry": {
        "type": "LineString",
        "coordinates": [
          [
            116.399981,
            39.906433
          ],
          [
            116.400026,
            39.906434
          ]
        ]
      }
    },
    {
      "type": "Feature",
      "properties": {
        "link_id": "83",
        "name": "西长安街",
        "osm_way_id": "128",
        "from_node_id": "63",
        "to_node_id": "64",
        "directed": "1",
        "geometry": "LINESTRING (116.385872 39.90615, 116.385634 39.906142)",
        "dir_flag": "1",
        "length": "20.32",
        "facility_type": "trunk",
        "link_type": "2",
        "free_speed": "",
        "lanes": "",
        "capacity": "",
        "allowed_uses": "auto",
        "notes": "",
        "feature_type": "link"
      },
      "geometry": {
        "type": "LineString",
        "coordinates": [
          [
            116.385872,
            39.90615
          ],
          [
            116.385634,
            39.906142
          ]
        ]
      }
    },
    {
      "type": "Feature",
      "properties": {
        "link_id": "84",
        "name": "东长安街",
        "osm_way_id": "129",
        "from_node_id": "65",
        "to_node_id": "66",
        "directed": "1",
        "geometry": "LINESTRING (116.393616 39.906396, 116.39307 39.906373)",
        "dir_flag": "1",
        "length": "46.64",
        "facility_type": "trunk",
        "link_type": "2",
        "free_speed": "",
        "lanes": "5",
        "capacity": "",
        "allowed_uses": "auto",
        "notes": "",
        "feature_type": "link"
      },
      "geometry": {
        "type": "LineString",
        "coordinates": [
          [
            116.393616,
            39.906396
          ],
          [
            116.39307,
            39.906373
          ]
        ]
      }
    },
    {
      "type": "Feature",
      "properties": {
        "link_id": "85",
        "name": "石碑胡同",
        "osm_way_id": "130",
        "from_node_id": "67",
        "to_node_id": "68",
        "directed": "1",
        "geometry": "LINESTRING (116.382001 39.905811, 116.381995 39.905629)",
        "dir_flag": "1",
        "length": "20.24",
        "facility_type": "tertiary",
        "link_type": "5",
        "free_speed": "",
        "lanes": "",
        "capacity": "",
        "allowed_uses": "auto",
        "notes": "",
        "feature_type": "link"
      },
      "geometry": {
        "type": "LineString",
        "coordinates": [
          [
            116.382001,
            39.905811
          ],
          [
            116.381995,
            39.905629
          ]
        ]
      }
    },
    {
      "type": "Feature",
      "properties": {
        "link_id": "86",
        "name": "石碑胡同",
        "osm_way_id": "130",
        "from_node_id": "68",
        "to_node_id": "67",
        "directed": "1",
        "geometry": "LINESTRING (116.381995 39.905629, 116.382001 39.905811)",
        "dir_flag": "1",
        "length": "20.24",
        "facility_type": "tertiary",
        "link_type": "5",
        "free_speed": "",
        "lanes": "",
        "capacity": "",
        "allowed_uses": "auto",
        "notes": "",
        "feature_type": "link"
      },
      "geometry": {
        "type": "LineString",
        "coordinates": [
          [
            116.381995,
            39.905629
          ],
          [
            116.382001,
            39.905811
          ]
        ]
      }
    },
    {
      "type": "Feature",
      "properties": {
        "link_id": "87",
        "name": "西长安街",
        "osm_way_id": "131",
        "from_node_id": "67",
        "to_node_id": "69",
        "directed": "1",
        "geometry": "LINESTRING (116.382001 39.905811, 116.382995 39.905835)",
        "dir_flag": "1",
        "length": "84.83",
        "facility_type": "trunk",
        "link_type": "2",
        "free_speed": "",
        "lanes": "",
        "capacity": "",
        "allowed_uses": "auto",
        "notes": "",
        "feature_type": "link"
      },
      "geometry": {
        "type": "LineString",
        "coordinates": [
          [
            116.382001,
            39.905811
          ],
          [
            116.382995,
            39.905835
          ]
        ]
      }
    },
    {
      "type": "Feature",
      "properties": {
        "link_id": "88",
        "name": "红井胡同",
        "osm_way_id": "133",
        "from_node_id": "70",
        "to_node_id": "71",
        "directed": "1",
        "geometry": "LINESTRING (116.385402 39.901448, 116.385276 39.901444)",
        "dir_flag": "1",
        "length": "10.76",
        "facility_type": "tertiary",
        "link_type": "5",
        "free_speed": "",
        "lanes": "",
        "capacity": "",
        "allowed_uses": "auto",
        "notes": "",
        "feature_type": "link"
      },
      "geometry": {
        "type": "LineString",
        "coordinates": [
          [
            116.385402,
            39.901448
          ],
          [
            116.385276,
            39.901444
          ]
        ]
      }
    },
    {
      "type": "Feature",
      "properties": {
        "link_id": "89",
        "name": "红井胡同",
        "osm_way_id": "133",
        "from_node_id": "71",
        "to_node_id": "70",
        "directed": "1",
        "geometry": "LINESTRING (116.385276 39.901444, 116.385402 39.901448)",
        "dir_flag": "1",
        "length": "10.76",
        "facility_type": "tertiary",
        "link_type": "5",
        "free_speed": "",
        "lanes": "",
        "capacity": "",
        "allowed_uses": "auto",
        "notes": "",
        "feature_type": "link"
      },
      "geometry": {
        "type": "LineString",
        "coordinates": [
          [
            116.385276,
            39.901444
          ],
          [
            116.385402,
            39.901448
          ]
        ]
      }
    },
    {
      "type": "Feature",
      "properties": {
        "link_id": "90",
        "name": "人大会堂西路",
        "osm_way_id": "134",
        "from_node_id": "70",
        "to_node_id": "72",
        "directed": "1",
        "geometry": "LINESTRING (116.385402 39.901448, 116.385413 39.901215)",
        "dir_flag": "1",
        "length": "25.93",
        "facility_type": "tertiary",
        "link_type": "5",
        "free_speed": "",
        "lanes": "",
        "capacity": "",
        "allowed_uses": "auto",
        "notes": "",
        "feature_type": "link"
      },
      "geometry": {
        "type": "LineString",
        "coordinates": [
          [
            116.385402,
            39.901448
          ],
          [
            116.385413,
            39.901215
          ]
        ]
      }
    },
    {
      "type": "Feature",
      "properties": {
        "link_id": "91",
        "name": "人大会堂西路",
        "osm_way_id": "134",
        "from_node_id": "72",
        "to_node_id": "70",
        "directed": "1",
        "geometry": "LINESTRING (116.385413 39.901215, 116.385402 39.901448)",
        "dir_flag": "1",
        "length": "25.93",
        "facility_type": "tertiary",
        "link_type": "5",
        "free_speed": "",
        "lanes": "",
        "capacity": "",
        "allowed_uses": "auto",
        "notes": "",
        "feature_type": "link"
      },
      "geometry": {
        "type": "LineString",
        "coordinates": [
          [
            116.385413,
            39.901215
          ],
          [
            116.385402,
            39.901448
          ]
        ]
      }
    },
    {
      "type": "Feature",
      "properties": {
        "link_id": "92",
        "name": "人大会堂西路",
        "osm_way_id": "135",
        "from_node_id": "70",
        "to_node_id": "73",
        "directed": "1",
        "geometry": "LINESTRING (116.385402 39.901448, 116.385392 39.901731)",
        "dir_flag": "1",
        "length": "31.48",
        "facility_type": "tertiary",
        "link_type": "5",
        "free_speed": "",
        "lanes": "",
        "capacity": "",
        "allowed_uses": "auto",
        "notes": "",
        "feature_type": "link"
      },
      "geometry": {
        "type": "LineString",
        "coordinates": [
          [
            116.385402,
            39.901448
          ],
          [
            116.385392,
            39.901731
          ]
        ]
      }
    },
    {
      "type": "Feature",
      "properties": {
        "link_id": "93",
        "name": "人大会堂西路",
        "osm_way_id": "135",
        "from_node_id": "73",
        "to_node_id": "70",
        "directed": "1",
        "geometry": "LINESTRING (116.385392 39.901731, 116.385402 39.901448)",
        "dir_flag": "1",
        "length": "31.48",
        "facility_type": "tertiary",
        "link_type": "5",
        "free_speed": "",
        "lanes": "",
        "capacity": "",
        "allowed_uses": "auto",
        "notes": "",
        "feature_type": "link"
      },
      "geometry": {
        "type": "LineString",
        "coordinates": [
          [
            116.385392,
            39.901731
          ],
          [
            116.385402,
            39.901448
          ]
        ]
      }
    },
    {
      "type": "Feature",
      "properties": {
        "link_id": "94",
        "name": "石碑胡同",
        "osm_way_id": "140",
        "from_node_id": "74",
        "to_node_id": "68",
        "directed": "1",
        "geometry": "LINESTRING (116.38197 39.905122, 116.381995 39.905629)",
        "dir_flag": "1",
        "length": "56.42",
        "facility_type": "tertiary",
        "link_type": "5",
        "free_speed": "",
        "lanes": "",
        "capacity": "",
        "allowed_uses": "auto",
        "notes": "",
        "feature_type": "link"
      },
      "geometry": {
        "type": "LineString",
        "coordinates": [
          [
            116.38197,
            39.905122
          ],
          [
            116.381995,
            39.905629
          ]
        ]
      }
    },
    {
      "type": "Feature",
      "properties": {
        "link_id": "95",
        "name": "石碑胡同",
        "osm_way_id": "140",
        "from_node_id": "68",
        "to_node_id": "74",
        "directed": "1",
        "geometry": "LINESTRING (116.381995 39.905629, 116.38197 39.905122)",
        "dir_flag": "1",
        "length": "56.42",
        "facility_type": "tertiary",
        "link_type": "5",
        "free_speed": "",
        "lanes": "",
        "capacity": "",
        "allowed_uses": "auto",
        "notes": "",
        "feature_type": "link"
      },
      "geometry": {
        "type": "LineString",
        "coordinates": [
          [
            116.381995,
            39.905629
          ],
          [
            116.38197,
            39.905122
          ]
        ]
      }
    },
    {
      "type": "Feature",
      "properties": {
        "link_id": "96",
        "name": "石碑胡同",
        "osm_way_id": "141",
        "from_node_id": "74",
        "to_node_id": "75",
        "directed": "1",
        "geometry": "LINESTRING (116.38197 39.905122, 116.381967 39.905087)",
        "dir_flag": "1",
        "length": "3.90",
        "facility_type": "tertiary",
        "link_type": "5",
        "free_speed": "",
        "lanes": "",
        "capacity": "",
        "allowed_uses": "auto",
        "notes": "",
        "feature_type": "link"
      },
      "geometry": {
        "type": "LineString",
        "coordinates": [
          [
            116.38197,
            39.905122
          ],
          [
            116.381967,
            39.905087
          ]
        ]
      }
    },
    {
      "type": "Feature",
      "properties": {
        "link_id": "97",
        "name": "石碑胡同",
        "osm_way_id": "141",
        "from_node_id": "75",
        "to_node_id": "74",
        "directed": "1",
        "geometry": "LINESTRING (116.381967 39.905087, 116.38197 39.905122)",
        "dir_flag": "1",
        "length": "3.90",
        "facility_type": "tertiary",
        "link_type": "5",
        "free_speed": "",
        "lanes": "",
        "capacity": "",
        "allowed_uses": "auto",
        "notes": "",
        "feature_type": "link"
      },
      "geometry": {
        "type": "LineString",
        "coordinates": [
          [
            116.381967,
            39.905087
          ],
          [
            116.38197,
            39.905122
          ]
        ]
      }
    },
    {
      "type": "Feature",
      "properties": {
        "link_id": "98",
        "name": "西交民巷",
        "osm_way_id": "142",
        "from_node_id": "76",
        "to_node_id": "77",
        "directed": "1",
        "geometry": "LINESTRING (116.385443 39.900399, 116.38554 39.900399)",
        "dir_flag": "1",
        "length": "8.27",
        "facility_type": "tertiary",
        "link_type": "5",
        "free_speed": "",
        "lanes": "",
        "capacity": "",
        "allowed_uses": "auto",
        "notes": "",
        "feature_type": "link"
      },
      "geometry": {
        "type": "LineString",
        "coordinates": [
          [
            116.385443,
            39.900399
          ],
          [
            116.38554,
            39.900399
          ]
        ]
      }
    },
    {
      "type": "Feature",
      "properties": {
        "link_id": "99",
        "name": "人大会堂西路",
        "osm_way_id": "143",
        "from_node_id": "76",
        "to_node_id": "78",
        "directed": "1",
        "geometry": "LINESTRING (116.385443 39.900399, 116.385453 39.900329)",
        "dir_flag": "1",
        "length": "7.83",
        "facility_type": "tertiary",
        "link_type": "5",
        "free_speed": "",
        "lanes": "",
        "capacity": "",
        "allowed_uses": "auto",
        "notes": "",
        "feature_type": "link"
      },
      "geometry": {
        "type": "LineString",
        "coordinates": [
          [
            116.385443,
            39.900399
          ],
          [
            116.385453,
            39.900329
          ]
        ]
      }
    },
    {
      "type": "Feature",
      "properties": {
        "link_id": "100",
        "name": "人大会堂西路",
        "osm_way_id": "143",
        "from_node_id": "78",
        "to_node_id": "76",
        "directed": "1",
        "geometry": "LINESTRING (116.385453 39.900329, 116.385443 39.900399)",
        "dir_flag": "1",
        "length": "7.83",
        "facility_type": "tertiary",
        "link_type": "5",
        "free_speed": "",
        "lanes": "",
        "capacity": "",
        "allowed_uses": "auto",
        "notes": "",
        "feature_type": "link"
      },
      "geometry": {
        "type": "LineString",
        "coordinates": [
          [
            116.385453,
            39.900329
          ],
          [
            116.385443,
            39.900399
          ]
        ]
      }
    },
    {
      "type": "Feature",
      "properties": {
        "link_id": "101",
        "name": "人大会堂西路",
        "osm_way_id": "144",
        "from_node_id": "76",
        "to_node_id": "79",
        "directed": "1",
        "geometry": "LINESTRING (116.385443 39.900399, 116.385422 39.900935)",
        "dir_flag": "1",
        "length": "59.63",
        "facility_type": "tertiary",
        "link_type": "5",
        "free_speed": "",
        "lanes": "",
        "capacity": "",
        "allowed_uses": "auto",
        "notes": "",
        "feature_type": "link"
      },
      "geometry": {
        "type": "LineString",
        "coordinates": [
          [
            116.385443,
            39.900399
          ],
          [
            116.385422,
            39.900935
          ]
        ]
      }
    },
    {
      "type": "Feature",
      "properties": {
        "link_id": "102",
        "name": "人大会堂西路",
        "osm_way_id": "144",
        "from_node_id": "79",
        "to_node_id": "76",
        "directed": "1",
        "geometry": "LINESTRING (116.385422 39.900935, 116.385443 39.900399)",
        "dir_flag": "1",
        "length": "59.63",
        "facility_type": "tertiary",
        "link_type": "5",
        "free_speed": "",
        "lanes": "",
        "capacity": "",
        "allowed_uses": "auto",
        "notes": "",
        "feature_type": "link"
      },
      "geometry": {
        "type": "LineString",
        "coordinates": [
          [
            116.385422,
            39.900935
          ],
          [
            116.385443,
            39.900399
          ]
        ]
      }
    },
    {
      "type": "Feature",
      "properties": {
        "link_id": "103",
        "name": "广场西侧路",
        "osm_way_id": "145",
        "from_node_id": "80",
        "to_node_id": "81",
        "directed": "1",
        "geometry": "LINESTRING (116.3897 39.900526, 116.3898 39.898991)",
        "dir_flag": "1",
        "length": "170.90",
        "facility_type": "secondary",
        "link_type": "4",
        "free_speed": "",
        "lanes": "",
        "capacity": "",
        "allowed_uses": "auto",
        "notes": "",
        "feature_type": "link"
      },
      "geometry": {
        "type": "LineString",
        "coordinates": [
          [
            116.3897,
            39.900526
          ],
          [
            116.3898,
            39.898991
          ]
        ]
      }
    },
    {
      "type": "Feature",
      "properties": {
        "link_id": "104",
        "name": "骑河楼南巷",
        "osm_way_id": "343",
        "from_node_id": "37",
        "to_node_id": "82",
        "directed": "1",
        "geometry": "LINESTRING (116.397381 39.913798, 116.397351 39.914282)",
        "dir_flag": "1",
        "length": "53.88",
        "facility_type": "residential",
        "link_type": "6",
        "free_speed": "",
        "lanes": "",
        "capacity": "",
        "allowed_uses": "auto",
        "notes": "",
        "feature_type": "link"
      },
      "geometry": {
        "type": "LineString",
        "coordinates": [
          [
            116.397381,
            39.913798
          ],
          [
            116.397351,
            39.914282
          ]
        ]
      }
    },
    {
      "type": "Feature",
      "properties": {
        "link_id": "105",
        "name": "骑河楼南巷",
        "osm_way_id": "343",
        "from_node_id": "82",
        "to_node_id": "37",
        "directed": "1",
        "geometry": "LINESTRING (116.397351 39.914282, 116.397381 39.913798)",
        "dir_flag": "1",
        "length": "53.88",
        "facility_type": "residential",
        "link_type": "6",
        "free_speed": "",
        "lanes": "",
        "capacity": "",
        "allowed_uses": "auto",
        "notes": "",
        "feature_type": "link"
      },
      "geometry": {
        "type": "LineString",
        "coordinates": [
          [
            116.397351,
            39.914282
          ],
          [
            116.397381,
            39.913798
          ]
        ]
      }
    },
    {
      "type": "Feature",
      "properties": {
        "link_id": "106",
        "name": "东华门大街",
        "osm_way_id": "344",
        "from_node_id": "37",
        "to_node_id": "34",
        "directed": "1",
        "geometry": "LINESTRING (116.397381 39.913798, 116.396732 39.91377)",
        "dir_flag": "1",
        "length": "55.44",
        "facility_type": "secondary",
        "link_type": "4",
        "free_speed": "",
        "lanes": "",
        "capacity": "",
        "allowed_uses": "auto",
        "notes": "",
        "feature_type": "link"
      },
      "geometry": {
        "type": "LineString",
        "coordinates": [
          [
            116.397381,
            39.913798
          ],
          [
            116.396732,
            39.91377
          ]
        ]
      }
    },
    {
      "type": "Feature",
      "properties": {
        "link_id": "107",
        "name": "东华门大街",
        "osm_way_id": "344",
        "from_node_id": "34",
        "to_node_id": "37",
        "directed": "1",
        "geometry": "LINESTRING (116.396732 39.91377, 116.397381 39.913798)",
        "dir_flag": "1",
        "length": "55.44",
        "facility_type": "secondary",
        "link_type": "4",
        "free_speed": "",
        "lanes": "",
        "capacity": "",
        "allowed_uses": "auto",
        "notes": "",
        "feature_type": "link"
      },
      "geometry": {
        "type": "LineString",
        "coordinates": [
          [
            116.396732,
            39.91377
          ],
          [
            116.397381,
            39.913798
          ]
        ]
      }
    },
    {
      "type": "Feature",
      "properties": {
        "link_id": "108",
        "name": "东华门大街",
        "osm_way_id": "345",
        "from_node_id": "37",
        "to_node_id": "83",
        "directed": "1",
        "geometry": "LINESTRING (116.397381 39.913798, 116.39836 39.913814)",
        "dir_flag": "1",
        "length": "83.52",
        "facility_type": "secondary",
        "link_type": "4",
        "free_speed": "",
        "lanes": "",
        "capacity": "",
        "allowed_uses": "auto",
        "notes": "",
        "feature_type": "link"
      },
      "geometry": {
        "type": "LineString",
        "coordinates": [
          [
            116.397381,
            39.913798
          ],
          [
            116.39836,
            39.913814
          ]
        ]
      }
    },
    {
      "type": "Feature",
      "properties": {
        "link_id": "109",
        "name": "东华门大街",
        "osm_way_id": "345",
        "from_node_id": "83",
        "to_node_id": "37",
        "directed": "1",
        "geometry": "LINESTRING (116.39836 39.913814, 116.397381 39.913798)",
        "dir_flag": "1",
        "length": "83.52",
        "facility_type": "secondary",
        "link_type": "4",
        "free_speed": "",
        "lanes": "",
        "capacity": "",
        "allowed_uses": "auto",
        "notes": "",
        "feature_type": "link"
      },
      "geometry": {
        "type": "LineString",
        "coordinates": [
          [
            116.39836,
            39.913814
          ],
          [
            116.397381,
            39.913798
          ]
        ]
      }
    },
    {
      "type": "Feature",
      "properties": {
        "link_id": "110",
        "name": "骑河楼南巷",
        "osm_way_id": "346",
        "from_node_id": "84",
        "to_node_id": "85",
        "directed": "1",
        "geometry": "LINESTRING (116.397994 39.914525, 116.397696 39.91452)",
        "dir_flag": "1",
        "length": "25.42",
        "facility_type": "residential",
        "link_type": "6",
        "free_speed": "",
        "lanes": "",
        "capacity": "",
        "allowed_uses": "auto",
        "notes": "",
        "feature_type": "link"
      },
      "geometry": {
        "type": "LineString",
        "coordinates": [
          [
            116.397994,
            39.914525
          ],
          [
            116.397696,
            39.91452
          ]
        ]
      }
    },
    {
      "type": "Feature",
      "properties": {
        "link_id": "111",
        "name": "骑河楼南巷",
        "osm_way_id": "346",
        "from_node_id": "85",
        "to_node_id": "84",
        "directed": "1",
        "geometry": "LINESTRING (116.397696 39.91452, 116.397994 39.914525)",
        "dir_flag": "1",
        "length": "25.42",
        "facility_type": "residential",
        "link_type": "6",
        "free_speed": "",
        "lanes": "",
        "capacity": "",
        "allowed_uses": "auto",
        "notes": "",
        "feature_type": "link"
      },
      "geometry": {
        "type": "LineString",
        "coordinates": [
          [
            116.397696,
            39.91452
          ],
          [
            116.397994,
            39.914525
          ]
        ]
      }
    },
    {
      "type": "Feature",
      "properties": {
        "link_id": "112",
        "name": "骑河楼南巷",
        "osm_way_id": "347",
        "from_node_id": "85",
        "to_node_id": "86",
        "directed": "1",
        "geometry": "LINESTRING (116.397696 39.91452, 116.397704 39.914409)",
        "dir_flag": "1",
        "length": "12.36",
        "facility_type": "residential",
        "link_type": "6",
        "free_speed": "",
        "lanes": "",
        "capacity": "",
        "allowed_uses": "auto",
        "notes": "",
        "feature_type": "link"
      },
      "geometry": {
        "type": "LineString",
        "coordinates": [
          [
            116.397696,
            39.91452
          ],
          [
            116.397704,
            39.914409
          ]
        ]
      }
    },
    {
      "type": "Feature",
      "properties": {
        "link_id": "113",
        "name": "骑河楼南巷",
        "osm_way_id": "347",
        "from_node_id": "86",
        "to_node_id": "85",
        "directed": "1",
        "geometry": "LINESTRING (116.397704 39.914409, 116.397696 39.91452)",
        "dir_flag": "1",
        "length": "12.36",
        "facility_type": "residential",
        "link_type": "6",
        "free_speed": "",
        "lanes": "",
        "capacity": "",
        "allowed_uses": "auto",
        "notes": "",
        "feature_type": "link"
      },
      "geometry": {
        "type": "LineString",
        "coordinates": [
          [
            116.397704,
            39.914409
          ],
          [
            116.397696,
            39.91452
          ]
        ]
      }
    },
    {
      "type": "Feature",
      "properties": {
        "link_id": "114",
        "name": "骑河楼南巷",
        "osm_way_id": "348",
        "from_node_id": "85",
        "to_node_id": "84",
        "directed": "1",
        "geometry": "LINESTRING (116.397696 39.91452, 116.397994 39.914525)",
        "dir_flag": "1",
        "length": "25.42",
        "facility_type": "residential",
        "link_type": "6",
        "free_speed": "",
        "lanes": "",
        "capacity": "",
        "allowed_uses": "auto",
        "notes": "",
        "feature_type": "link"
      },
      "geometry": {
        "type": "LineString",
        "coordinates": [
          [
            116.397696,
            39.91452
          ],
          [
            116.397994,
            39.914525
          ]
        ]
      }
    },
    {
      "type": "Feature",
      "properties": {
        "link_id": "115",
        "name": "骑河楼南巷",
        "osm_way_id": "348",
        "from_node_id": "84",
        "to_node_id": "85",
        "directed": "1",
        "geometry": "LINESTRING (116.397994 39.914525, 116.397696 39.91452)",
        "dir_flag": "1",
        "length": "25.42",
        "facility_type": "residential",
        "link_type": "6",
        "free_speed": "",
        "lanes": "",
        "capacity": "",
        "allowed_uses": "auto",
        "notes": "",
        "feature_type": "link"
      },
      "geometry": {
        "type": "LineString",
        "coordinates": [
          [
            116.397994,
            39.914525
          ],
          [
            116.397696,
            39.91452
          ]
        ]
      }
    },
    {
      "type": "Feature",
      "properties": {
        "link_id": "116",
        "name": "骑河楼南巷",
        "osm_way_id": "349",
        "from_node_id": "86",
        "to_node_id": "87",
        "directed": "1",
        "geometry": "LINESTRING (116.397704 39.914409, 116.39731 39.914408)",
        "dir_flag": "1",
        "length": "33.60",
        "facility_type": "residential",
        "link_type": "6",
        "free_speed": "",
        "lanes": "",
        "capacity": "",
        "allowed_uses": "auto",
        "notes": "",
        "feature_type": "link"
      },
      "geometry": {
        "type": "LineString",
        "coordinates": [
          [
            116.397704,
            39.914409
          ],
          [
            116.39731,
            39.914408
          ]
        ]
      }
    },
    {
      "type": "Feature",
      "properties": {
        "link_id": "117",
        "name": "骑河楼南巷",
        "osm_way_id": "349",
        "from_node_id": "87",
        "to_node_id": "86",
        "directed": "1",
        "geometry": "LINESTRING (116.39731 39.914408, 116.397704 39.914409)",
        "dir_flag": "1",
        "length": "33.60",
        "facility_type": "residential",
        "link_type": "6",
        "free_speed": "",
        "lanes": "",
        "capacity": "",
        "allowed_uses": "auto",
        "notes": "",
        "feature_type": "link"
      },
      "geometry": {
        "type": "LineString",
        "coordinates": [
          [
            116.39731,
            39.914408
          ],
          [
            116.397704,
            39.914409
          ]
        ]
      }
    },
    {
      "type": "Feature",
      "properties": {
        "link_id": "118",
        "name": "骑河楼南巷",
        "osm_way_id": "350",
        "from_node_id": "86",
        "to_node_id": "85",
        "directed": "1",
        "geometry": "LINESTRING (116.397704 39.914409, 116.397696 39.91452)",
        "dir_flag": "1",
        "length": "12.36",
        "facility_type": "residential",
        "link_type": "6",
        "free_speed": "",
        "lanes": "",
        "capacity": "",
        "allowed_uses": "auto",
        "notes": "",
        "feature_type": "link"
      },
      "geometry": {
        "type": "LineString",
        "coordinates": [
          [
            116.397704,
            39.914409
          ],
          [
            116.397696,
            39.91452
          ]
        ]
      }
    },
    {
      "type": "Feature",
      "properties": {
        "link_id": "119",
        "name": "骑河楼南巷",
        "osm_way_id": "350",
        "from_node_id": "85",
        "to_node_id": "86",
        "directed": "1",
        "geometry": "LINESTRING (116.397696 39.91452, 116.397704 39.914409)",
        "dir_flag": "1",
        "length": "12.36",
        "facility_type": "residential",
        "link_type": "6",
        "free_speed": "",
        "lanes": "",
        "capacity": "",
        "allowed_uses": "auto",
        "notes": "",
        "feature_type": "link"
      },
      "geometry": {
        "type": "LineString",
        "coordinates": [
          [
            116.397696,
            39.91452
          ],
          [
            116.397704,
            39.914409
          ]
        ]
      }
    },
    {
      "type": "Feature",
      "properties": {
        "link_id": "120",
        "name": "骑河楼南巷",
        "osm_way_id": "351",
        "from_node_id": "87",
        "to_node_id": "88",
        "directed": "1",
        "geometry": "LINESTRING (116.39731 39.914408, 116.397332 39.914301)",
        "dir_flag": "1",
        "length": "12.04",
        "facility_type": "residential",
        "link_type": "6",
        "free_speed": "",
        "lanes": "",
        "capacity": "",
        "allowed_uses": "auto",
        "notes": "",
        "feature_type": "link"
      },
      "geometry": {
        "type": "LineString",
        "coordinates": [
          [
            116.39731,
            39.914408
          ],
          [
            116.397332,
            39.914301
          ]
        ]
      }
    },
    {
      "type": "Feature",
      "properties": {
        "link_id": "121",
        "name": "骑河楼南巷",
        "osm_way_id": "351",
        "from_node_id": "88",
        "to_node_id": "87",
        "directed": "1",
        "geometry": "LINESTRING (116.397332 39.914301, 116.39731 39.914408)",
        "dir_flag": "1",
        "length": "12.04",
        "facility_type": "residential",
        "link_type": "6",
        "free_speed": "",
        "lanes": "",
        "capacity": "",
        "allowed_uses": "auto",
        "notes": "",
        "feature_type": "link"
      },
      "geometry": {
        "type": "LineString",
        "coordinates": [
          [
            116.397332,
            39.914301
          ],
          [
            116.39731,
            39.914408
          ]
        ]
      }
    },
    {
      "type": "Feature",
      "properties": {
        "link_id": "122",
        "name": "骑河楼南巷",
        "osm_way_id": "352",
        "from_node_id": "87",
        "to_node_id": "86",
        "directed": "1",
        "geometry": "LINESTRING (116.39731 39.914408, 116.397704 39.914409)",
        "dir_flag": "1",
        "length": "33.60",
        "facility_type": "residential",
        "link_type": "6",
        "free_speed": "",
        "lanes": "",
        "capacity": "",
        "allowed_uses": "auto",
        "notes": "",
        "feature_type": "link"
      },
      "geometry": {
        "type": "LineString",
        "coordinates": [
          [
            116.39731,
            39.914408
          ],
          [
            116.397704,
            39.914409
          ]
        ]
      }
    },
    {
      "type": "Feature",
      "properties": {
        "link_id": "123",
        "name": "骑河楼南巷",
        "osm_way_id": "352",
        "from_node_id": "86",
        "to_node_id": "87",
        "directed": "1",
        "geometry": "LINESTRING (116.397704 39.914409, 116.39731 39.914408)",
        "dir_flag": "1",
        "length": "33.60",
        "facility_type": "residential",
        "link_type": "6",
        "free_speed": "",
        "lanes": "",
        "capacity": "",
        "allowed_uses": "auto",
        "notes": "",
        "feature_type": "link"
      },
      "geometry": {
        "type": "LineString",
        "coordinates": [
          [
            116.397704,
            39.914409
          ],
          [
            116.39731,
            39.914408
          ]
        ]
      }
    },
    {
      "type": "Feature",
      "properties": {
        "link_id": "124",
        "name": "南河沿大街",
        "osm_way_id": "356",
        "from_node_id": "89",
        "to_node_id": "90",
        "directed": "1",
        "geometry": "LINESTRING (116.400507 39.908388, 116.400515 39.908523)",
        "dir_flag": "1",
        "length": "15.03",
        "facility_type": "secondary",
        "link_type": "4",
        "free_speed": "",
        "lanes": "",
        "capacity": "",
        "allowed_uses": "auto",
        "notes": "",
        "feature_type": "link"
      },
      "geometry": {
        "type": "LineString",
        "coordinates": [
          [
            116.400507,
            39.908388
          ],
          [
            116.400515,
            39.908523
          ]
        ]
      }
    },
    {
      "type": "Feature",
      "properties": {
        "link_id": "125",
        "name": "南河沿大街",
        "osm_way_id": "356",
        "from_node_id": "90",
        "to_node_id": "89",
        "directed": "1",
        "geometry": "LINESTRING (116.400515 39.908523, 116.400507 39.908388)",
        "dir_flag": "1",
        "length": "15.03",
        "facility_type": "secondary",
        "link_type": "4",
        "free_speed": "",
        "lanes": "",
        "capacity": "",
        "allowed_uses": "auto",
        "notes": "",
        "feature_type": "link"
      },
      "geometry": {
        "type": "LineString",
        "coordinates": [
          [
            116.400515,
            39.908523
          ],
          [
            116.400507,
            39.908388
          ]
        ]
      }
    },
    {
      "type": "Feature",
      "properties": {
        "link_id": "126",
        "name": "南河沿大街",
        "osm_way_id": "357",
        "from_node_id": "89",
        "to_node_id": "91",
        "directed": "1",
        "geometry": "LINESTRING (116.400507 39.908388, 116.400504 39.908211)",
        "dir_flag": "1",
        "length": "19.68",
        "facility_type": "secondary",
        "link_type": "4",
        "free_speed": "",
        "lanes": "",
        "capacity": "",
        "allowed_uses": "auto",
        "notes": "",
        "feature_type": "link"
      },
      "geometry": {
        "type": "LineString",
        "coordinates": [
          [
            116.400507,
            39.908388
          ],
          [
            116.400504,
            39.908211
          ]
        ]
      }
    },
    {
      "type": "Feature",
      "properties": {
        "link_id": "127",
        "name": "南河沿大街",
        "osm_way_id": "357",
        "from_node_id": "91",
        "to_node_id": "89",
        "directed": "1",
        "geometry": "LINESTRING (116.400504 39.908211, 116.400507 39.908388)",
        "dir_flag": "1",
        "length": "19.68",
        "facility_type": "secondary",
        "link_type": "4",
        "free_speed": "",
        "lanes": "",
        "capacity": "",
        "allowed_uses": "auto",
        "notes": "",
        "feature_type": "link"
      },
      "geometry": {
        "type": "LineString",
        "coordinates": [
          [
            116.400504,
            39.908211
          ],
          [
            116.400507,
            39.908388
          ]
        ]
      }
    },
    {
      "type": "Feature",
      "properties": {
        "link_id": "128",
        "name": "霞公府街",
        "osm_way_id": "358",
        "from_node_id": "92",
        "to_node_id": "93",
        "directed": "1",
        "geometry": "LINESTRING (116.401719 39.907901, 116.402664 39.907916)",
        "dir_flag": "1",
        "length": "80.62",
        "facility_type": "residential",
        "link_type": "6",
        "free_speed": "",
        "lanes": "",
        "capacity": "",
        "allowed_uses": "auto",
        "notes": "",
        "feature_type": "link"
      },
      "geometry": {
        "type": "LineString",
        "coordinates": [
          [
            116.401719,
            39.907901
          ],
          [
            116.402664,
            39.907916
          ]
        ]
      }
    },
    {
      "type": "Feature",
      "properties": {
        "link_id": "129",
        "name": "霞公府街",
        "osm_way_id": "358",
        "from_node_id": "93",
        "to_node_id": "92",
        "directed": "1",
        "geometry": "LINESTRING (116.402664 39.907916, 116.401719 39.907901)",
        "dir_flag": "1",
        "length": "80.62",
        "facility_type": "residential",
        "link_type": "6",
        "free_speed": "",
        "lanes": "",
        "capacity": "",
        "allowed_uses": "auto",
        "notes": "",
        "feature_type": "link"
      },
      "geometry": {
        "type": "LineString",
        "coordinates": [
          [
            116.402664,
            39.907916
          ],
          [
            116.401719,
            39.907901
          ]
        ]
      }
    },
    {
      "type": "Feature",
      "properties": {
        "link_id": "130",
        "name": "霞公府街",
        "osm_way_id": "359",
        "from_node_id": "92",
        "to_node_id": "94",
        "directed": "1",
        "geometry": "LINESTRING (116.401719 39.907901, 116.401656 39.907907)",
        "dir_flag": "1",
        "length": "5.41",
        "facility_type": "residential",
        "link_type": "6",
        "free_speed": "",
        "lanes": "",
        "capacity": "",
        "allowed_uses": "auto",
        "notes": "",
        "feature_type": "link"
      },
      "geometry": {
        "type": "LineString",
        "coordinates": [
          [
            116.401719,
            39.907901
          ],
          [
            116.401656,
            39.907907
          ]
        ]
      }
    },
    {
      "type": "Feature",
      "properties": {
        "link_id": "131",
        "name": "霞公府街",
        "osm_way_id": "359",
        "from_node_id": "94",
        "to_node_id": "92",
        "directed": "1",
        "geometry": "LINESTRING (116.401656 39.907907, 116.401719 39.907901)",
        "dir_flag": "1",
        "length": "5.41",
        "facility_type": "residential",
        "link_type": "6",
        "free_speed": "",
        "lanes": "",
        "capacity": "",
        "allowed_uses": "auto",
        "notes": "",
        "feature_type": "link"
      },
      "geometry": {
        "type": "LineString",
        "coordinates": [
          [
            116.401656,
            39.907907
          ],
          [
            116.401719,
            39.907901
          ]
        ]
      }
    },
    {
      "type": "Feature",
      "properties": {
        "link_id": "132",
        "name": "晨光街",
        "osm_way_id": "360",
        "from_node_id": "95",
        "to_node_id": "96",
        "directed": "1",
        "geometry": "LINESTRING (116.401136 39.908219, 116.401122 39.908297)",
        "dir_flag": "1",
        "length": "8.76",
        "facility_type": "residential",
        "link_type": "6",
        "free_speed": "",
        "lanes": "",
        "capacity": "",
        "allowed_uses": "auto",
        "notes": "",
        "feature_type": "link"
      },
      "geometry": {
        "type": "LineString",
        "coordinates": [
          [
            116.401136,
            39.908219
          ],
          [
            116.401122,
            39.908297
          ]
        ]
      }
    },
    {
      "type": "Feature",
      "properties": {
        "link_id": "133",
        "name": "晨光街",
        "osm_way_id": "360",
        "from_node_id": "96",
        "to_node_id": "95",
        "directed": "1",
        "geometry": "LINESTRING (116.401122 39.908297, 116.401136 39.908219)",
        "dir_flag": "1",
        "length": "8.76",
        "facility_type": "residential",
        "link_type": "6",
        "free_speed": "",
        "lanes": "",
        "capacity": "",
        "allowed_uses": "auto",
        "notes": "",
        "feature_type": "link"
      },
      "geometry": {
        "type": "LineString",
        "coordinates": [
          [
            116.401122,
            39.908297
          ],
          [
            116.401136,
            39.908219
          ]
        ]
      }
    },
    {
      "type": "Feature",
      "properties": {
        "link_id": "134",
        "name": "霞公府街",
        "osm_way_id": "361",
        "from_node_id": "95",
        "to_node_id": "97",
        "directed": "1",
        "geometry": "LINESTRING (116.401136 39.908219, 116.401524 39.907944)",
        "dir_flag": "1",
        "length": "45.06",
        "facility_type": "residential",
        "link_type": "6",
        "free_speed": "",
        "lanes": "",
        "capacity": "",
        "allowed_uses": "auto",
        "notes": "",
        "feature_type": "link"
      },
      "geometry": {
        "type": "LineString",
        "coordinates": [
          [
            116.401136,
            39.908219
          ],
          [
            116.401524,
            39.907944
          ]
        ]
      }
    },
    {
      "type": "Feature",
      "properties": {
        "link_id": "135",
        "name": "霞公府街",
        "osm_way_id": "361",
        "from_node_id": "97",
        "to_node_id": "95",
        "directed": "1",
        "geometry": "LINESTRING (116.401524 39.907944, 116.401136 39.908219)",
        "dir_flag": "1",
        "length": "45.06",
        "facility_type": "residential",
        "link_type": "6",
        "free_speed": "",
        "lanes": "",
        "capacity": "",
        "allowed_uses": "auto",
        "notes": "",
        "feature_type": "link"
      },
      "geometry": {
        "type": "LineString",
        "coordinates": [
          [
            116.401524,
            39.907944
          ],
          [
            116.401136,
            39.908219
          ]
        ]
      }
    },
    {
      "type": "Feature",
      "properties": {
        "link_id": "136",
        "name": "霞公府街",
        "osm_way_id": "362",
        "from_node_id": "95",
        "to_node_id": "91",
        "directed": "1",
        "geometry": "LINESTRING (116.401136 39.908219, 116.400504 39.908211)",
        "dir_flag": "1",
        "length": "53.91",
        "facility_type": "residential",
        "link_type": "6",
        "free_speed": "",
        "lanes": "",
        "capacity": "",
        "allowed_uses": "auto",
        "notes": "",
        "feature_type": "link"
      },
      "geometry": {
        "type": "LineString",
        "coordinates": [
          [
            116.401136,
            39.908219
          ],
          [
            116.400504,
            39.908211
          ]
        ]
      }
    },
    {
      "type": "Feature",
      "properties": {
        "link_id": "137",
        "name": "霞公府街",
        "osm_way_id": "362",
        "from_node_id": "91",
        "to_node_id": "95",
        "directed": "1",
        "geometry": "LINESTRING (116.400504 39.908211, 116.401136 39.908219)",
        "dir_flag": "1",
        "length": "53.91",
        "facility_type": "residential",
        "link_type": "6",
        "free_speed": "",
        "lanes": "",
        "capacity": "",
        "allowed_uses": "auto",
        "notes": "",
        "feature_type": "link"
      },
      "geometry": {
        "type": "LineString",
        "coordinates": [
          [
            116.400504,
            39.908211
          ],
          [
            116.401136,
            39.908219
          ]
        ]
      }
    },
    {
      "type": "Feature",
      "properties": {
        "link_id": "138",
        "name": "霞公府街",
        "osm_way_id": "363",
        "from_node_id": "91",
        "to_node_id": "95",
        "directed": "1",
        "geometry": "LINESTRING (116.400504 39.908211, 116.401136 39.908219)",
        "dir_flag": "1",
        "length": "53.91",
        "facility_type": "residential",
        "link_type": "6",
        "free_speed": "",
        "lanes": "",
        "capacity": "",
        "allowed_uses": "auto",
        "notes": "",
        "feature_type": "link"
      },
      "geometry": {
        "type": "LineString",
        "coordinates": [
          [
            116.400504,
            39.908211
          ],
          [
            116.401136,
            39.908219
          ]
        ]
      }
    },
    {
      "type": "Feature",
      "properties": {
        "link_id": "139",
        "name": "霞公府街",
        "osm_way_id": "363",
        "from_node_id": "95",
        "to_node_id": "91",
        "directed": "1",
        "geometry": "LINESTRING (116.401136 39.908219, 116.400504 39.908211)",
        "dir_flag": "1",
        "length": "53.91",
        "facility_type": "residential",
        "link_type": "6",
        "free_speed": "",
        "lanes": "",
        "capacity": "",
        "allowed_uses": "auto",
        "notes": "",
        "feature_type": "link"
      },
      "geometry": {
        "type": "LineString",
        "coordinates": [
          [
            116.401136,
            39.908219
          ],
          [
            116.400504,
            39.908211
          ]
        ]
      }
    },
    {
      "type": "Feature",
      "properties": {
        "link_id": "140",
        "name": "南河沿大街",
        "osm_way_id": "364",
        "from_node_id": "91",
        "to_node_id": "89",
        "directed": "1",
        "geometry": "LINESTRING (116.400504 39.908211, 116.400507 39.908388)",
        "dir_flag": "1",
        "length": "19.68",
        "facility_type": "secondary",
        "link_type": "4",
        "free_speed": "",
        "lanes": "",
        "capacity": "",
        "allowed_uses": "auto",
        "notes": "",
        "feature_type": "link"
      },
      "geometry": {
        "type": "LineString",
        "coordinates": [
          [
            116.400504,
            39.908211
          ],
          [
            116.400507,
            39.908388
          ]
        ]
      }
    },
    {
      "type": "Feature",
      "properties": {
        "link_id": "141",
        "name": "南河沿大街",
        "osm_way_id": "364",
        "from_node_id": "89",
        "to_node_id": "91",
        "directed": "1",
        "geometry": "LINESTRING (116.400507 39.908388, 116.400504 39.908211)",
        "dir_flag": "1",
        "length": "19.68",
        "facility_type": "secondary",
        "link_type": "4",
        "free_speed": "",
        "lanes": "",
        "capacity": "",
        "allowed_uses": "auto",
        "notes": "",
        "feature_type": "link"
      },
      "geometry": {
        "type": "LineString",
        "coordinates": [
          [
            116.400507,
            39.908388
          ],
          [
            116.400504,
            39.908211
          ]
        ]
      }
    },
    {
      "type": "Feature",
      "properties": {
        "link_id": "142",
        "name": "南河沿大街",
        "osm_way_id": "365",
        "from_node_id": "91",
        "to_node_id": "98",
        "directed": "1",
        "geometry": "LINESTRING (116.400504 39.908211, 116.400449 39.907491)",
        "dir_flag": "1",
        "length": "80.20",
        "facility_type": "secondary",
        "link_type": "4",
        "free_speed": "",
        "lanes": "",
        "capacity": "",
        "allowed_uses": "auto",
        "notes": "",
        "feature_type": "link"
      },
      "geometry": {
        "type": "LineString",
        "coordinates": [
          [
            116.400504,
            39.908211
          ],
          [
            116.400449,
            39.907491
          ]
        ]
      }
    },
    {
      "type": "Feature",
      "properties": {
        "link_id": "143",
        "name": "南河沿大街",
        "osm_way_id": "365",
        "from_node_id": "98",
        "to_node_id": "91",
        "directed": "1",
        "geometry": "LINESTRING (116.400449 39.907491, 116.400504 39.908211)",
        "dir_flag": "1",
        "length": "80.20",
        "facility_type": "secondary",
        "link_type": "4",
        "free_speed": "",
        "lanes": "",
        "capacity": "",
        "allowed_uses": "auto",
        "notes": "",
        "feature_type": "link"
      },
      "geometry": {
        "type": "LineString",
        "coordinates": [
          [
            116.400449,
            39.907491
          ],
          [
            116.400504,
            39.908211
          ]
        ]
      }
    },
    {
      "type": "Feature",
      "properties": {
        "link_id": "144",
        "name": "人大会堂西路",
        "osm_way_id": "366",
        "from_node_id": "99",
        "to_node_id": "100",
        "directed": "1",
        "geometry": "LINESTRING (116.387979 39.901452, 116.388201 39.901459)",
        "dir_flag": "1",
        "length": "18.95",
        "facility_type": "tertiary",
        "link_type": "5",
        "free_speed": "",
        "lanes": "",
        "capacity": "",
        "allowed_uses": "auto",
        "notes": "",
        "feature_type": "link"
      },
      "geometry": {
        "type": "LineString",
        "coordinates": [
          [
            116.387979,
            39.901452
          ],
          [
            116.388201,
            39.901459
          ]
        ]
      }
    },
    {
      "type": "Feature",
      "properties": {
        "link_id": "145",
        "name": "人大会堂西路",
        "osm_way_id": "366",
        "from_node_id": "100",
        "to_node_id": "99",
        "directed": "1",
        "geometry": "LINESTRING (116.388201 39.901459, 116.387979 39.901452)",
        "dir_flag": "1",
        "length": "18.95",
        "facility_type": "tertiary",
        "link_type": "5",
        "free_speed": "",
        "lanes": "",
        "capacity": "",
        "allowed_uses": "auto",
        "notes": "",
        "feature_type": "link"
      },
      "geometry": {
        "type": "LineString",
        "coordinates": [
          [
            116.388201,
            39.901459
          ],
          [
            116.387979,
            39.901452
          ]
        ]
      }
    },
    {
      "type": "Feature",
      "properties": {
        "link_id": "146",
        "name": "人大会堂西路",
        "osm_way_id": "367",
        "from_node_id": "99",
        "to_node_id": "101",
        "directed": "1",
        "geometry": "LINESTRING (116.387979 39.901452, 116.387796 39.901448)",
        "dir_flag": "1",
        "length": "15.62",
        "facility_type": "tertiary",
        "link_type": "5",
        "free_speed": "",
        "lanes": "",
        "capacity": "",
        "allowed_uses": "auto",
        "notes": "",
        "feature_type": "link"
      },
      "geometry": {
        "type": "LineString",
        "coordinates": [
          [
            116.387979,
            39.901452
          ],
          [
            116.387796,
            39.901448
          ]
        ]
      }
    },
    {
      "type": "Feature",
      "properties": {
        "link_id": "147",
        "name": "人大会堂西路",
        "osm_way_id": "367",
        "from_node_id": "101",
        "to_node_id": "99",
        "directed": "1",
        "geometry": "LINESTRING (116.387796 39.901448, 116.387979 39.901452)",
        "dir_flag": "1",
        "length": "15.62",
        "facility_type": "tertiary",
        "link_type": "5",
        "free_speed": "",
        "lanes": "",
        "capacity": "",
        "allowed_uses": "auto",
        "notes": "",
        "feature_type": "link"
      },
      "geometry": {
        "type": "LineString",
        "coordinates": [
          [
            116.387796,
            39.901448
          ],
          [
            116.387979,
            39.901452
          ]
        ]
      }
    },
    {
      "type": "Feature",
      "properties": {
        "link_id": "148",
        "name": "",
        "osm_way_id": "368",
        "from_node_id": "99",
        "to_node_id": "102",
        "directed": "1",
        "geometry": "LINESTRING (116.387979 39.901452, 116.387991 39.901328)",
        "dir_flag": "1",
        "length": "13.83",
        "facility_type": "residential",
        "link_type": "6",
        "free_speed": "",
        "lanes": "",
        "capacity": "",
        "allowed_uses": "auto",
        "notes": "",
        "feature_type": "link"
      },
      "geometry": {
        "type": "LineString",
        "coordinates": [
          [
            116.387979,
            39.901452
          ],
          [
            116.387991,
            39.901328
          ]
        ]
      }
    },
    {
      "type": "Feature",
      "properties": {
        "link_id": "149",
        "name": "",
        "osm_way_id": "368",
        "from_node_id": "102",
        "to_node_id": "99",
        "directed": "1",
        "geometry": "LINESTRING (116.387991 39.901328, 116.387979 39.901452)",
        "dir_flag": "1",
        "length": "13.83",
        "facility_type": "residential",
        "link_type": "6",
        "free_speed": "",
        "lanes": "",
        "capacity": "",
        "allowed_uses": "auto",
        "notes": "",
        "feature_type": "link"
      },
      "geometry": {
        "type": "LineString",
        "coordinates": [
          [
            116.387991,
            39.901328
          ],
          [
            116.387979,
            39.901452
          ]
        ]
      }
    },
    {
      "type": "Feature",
      "properties": {
        "link_id": "150",
        "name": "西交民巷",
        "osm_way_id": "369",
        "from_node_id": "103",
        "to_node_id": "104",
        "directed": "1",
        "geometry": "LINESTRING (116.38804 39.900477, 116.388681 39.900484)",
        "dir_flag": "1",
        "length": "54.69",
        "facility_type": "tertiary",
        "link_type": "5",
        "free_speed": "",
        "lanes": "",
        "capacity": "",
        "allowed_uses": "auto",
        "notes": "",
        "feature_type": "link"
      },
      "geometry": {
        "type": "LineString",
        "coordinates": [
          [
            116.38804,
            39.900477
          ],
          [
            116.388681,
            39.900484
          ]
        ]
      }
    },
    {
      "type": "Feature",
      "properties": {
        "link_id": "151",
        "name": "",
        "osm_way_id": "370",
        "from_node_id": "103",
        "to_node_id": "102",
        "directed": "1",
        "geometry": "LINESTRING (116.38804 39.900477, 116.387991 39.901328)",
        "dir_flag": "1",
        "length": "94.72",
        "facility_type": "residential",
        "link_type": "6",
        "free_speed": "",
        "lanes": "",
        "capacity": "",
        "allowed_uses": "auto",
        "notes": "",
        "feature_type": "link"
      },
      "geometry": {
        "type": "LineString",
        "coordinates": [
          [
            116.38804,
            39.900477
          ],
          [
            116.387991,
            39.901328
          ]
        ]
      }
    },
    {
      "type": "Feature",
      "properties": {
        "link_id": "152",
        "name": "",
        "osm_way_id": "370",
        "from_node_id": "102",
        "to_node_id": "103",
        "directed": "1",
        "geometry": "LINESTRING (116.387991 39.901328, 116.38804 39.900477)",
        "dir_flag": "1",
        "length": "94.72",
        "facility_type": "residential",
        "link_type": "6",
        "free_speed": "",
        "lanes": "",
        "capacity": "",
        "allowed_uses": "auto",
        "notes": "",
        "feature_type": "link"
      },
      "geometry": {
        "type": "LineString",
        "coordinates": [
          [
            116.387991,
            39.901328
          ],
          [
            116.38804,
            39.900477
          ]
        ]
      }
    },
    {
      "type": "Feature",
      "properties": {
        "link_id": "153",
        "name": "广场东侧路",
        "osm_way_id": "371",
        "from_node_id": "105",
        "to_node_id": "106",
        "directed": "1",
        "geometry": "LINESTRING (116.393316 39.901552, 116.393304 39.901833)",
        "dir_flag": "1",
        "length": "31.26",
        "facility_type": "secondary",
        "link_type": "4",
        "free_speed": "70",
        "lanes": "4",
        "capacity": "",
        "allowed_uses": "auto",
        "notes": "",
        "feature_type": "link"
      },
      "geometry": {
        "type": "LineString",
        "coordinates": [
          [
            116.393316,
            39.901552
          ],
          [
            116.393304,
            39.901833
          ]
        ]
      }
    },
    {
      "type": "Feature",
      "properties": {
        "link_id": "154",
        "name": "新大路",
        "osm_way_id": "372",
        "from_node_id": "105",
        "to_node_id": "107",
        "directed": "1",
        "geometry": "LINESTRING (116.393316 39.901552, 116.393578 39.901558)",
        "dir_flag": "1",
        "length": "22.36",
        "facility_type": "residential",
        "link_type": "6",
        "free_speed": "",
        "lanes": "",
        "capacity": "",
        "allowed_uses": "auto",
        "notes": "",
        "feature_type": "link"
      },
      "geometry": {
        "type": "LineString",
        "coordinates": [
          [
            116.393316,
            39.901552
          ],
          [
            116.393578,
            39.901558
          ]
        ]
      }
    },
    {
      "type": "Feature",
      "properties": {
        "link_id": "155",
        "name": "新大路",
        "osm_way_id": "372",
        "from_node_id": "107",
        "to_node_id": "105",
        "directed": "1",
        "geometry": "LINESTRING (116.393578 39.901558, 116.393316 39.901552)",
        "dir_flag": "1",
        "length": "22.36",
        "facility_type": "residential",
        "link_type": "6",
        "free_speed": "",
        "lanes": "",
        "capacity": "",
        "allowed_uses": "auto",
        "notes": "",
        "feature_type": "link"
      },
      "geometry": {
        "type": "LineString",
        "coordinates": [
          [
            116.393578,
            39.901558
          ],
          [
            116.393316,
            39.901552
          ]
        ]
      }
    },
    {
      "type": "Feature",
      "properties": {
        "link_id": "156",
        "name": "新大路",
        "osm_way_id": "373",
        "from_node_id": "108",
        "to_node_id": "56",
        "directed": "1",
        "geometry": "LINESTRING (116.394625 39.901579, 116.394645 39.900609)",
        "dir_flag": "1",
        "length": "107.87",
        "facility_type": "residential",
        "link_type": "6",
        "free_speed": "",
        "lanes": "",
        "capacity": "",
        "allowed_uses": "auto",
        "notes": "",
        "feature_type": "link"
      },
      "geometry": {
        "type": "LineString",
        "coordinates": [
          [
            116.394625,
            39.901579
          ],
          [
            116.394645,
            39.900609
          ]
        ]
      }
    },
    {
      "type": "Feature",
      "properties": {
        "link_id": "157",
        "name": "新大路",
        "osm_way_id": "373",
        "from_node_id": "56",
        "to_node_id": "108",
        "directed": "1",
        "geometry": "LINESTRING (116.394645 39.900609, 116.394625 39.901579)",
        "dir_flag": "1",
        "length": "107.87",
        "facility_type": "residential",
        "link_type": "6",
        "free_speed": "",
        "lanes": "",
        "capacity": "",
        "allowed_uses": "auto",
        "notes": "",
        "feature_type": "link"
      },
      "geometry": {
        "type": "LineString",
        "coordinates": [
          [
            116.394645,
            39.900609
          ],
          [
            116.394625,
            39.901579
          ]
        ]
      }
    },
    {
      "type": "Feature",
      "properties": {
        "link_id": "158",
        "name": "新大路",
        "osm_way_id": "374",
        "from_node_id": "108",
        "to_node_id": "109",
        "directed": "1",
        "geometry": "LINESTRING (116.394625 39.901579, 116.393763 39.901562)",
        "dir_flag": "1",
        "length": "73.56",
        "facility_type": "residential",
        "link_type": "6",
        "free_speed": "",
        "lanes": "",
        "capacity": "",
        "allowed_uses": "auto",
        "notes": "",
        "feature_type": "link"
      },
      "geometry": {
        "type": "LineString",
        "coordinates": [
          [
            116.394625,
            39.901579
          ],
          [
            116.393763,
            39.901562
          ]
        ]
      }
    },
    {
      "type": "Feature",
      "properties": {
        "link_id": "159",
        "name": "新大路",
        "osm_way_id": "374",
        "from_node_id": "109",
        "to_node_id": "108",
        "directed": "1",
        "geometry": "LINESTRING (116.393763 39.901562, 116.394625 39.901579)",
        "dir_flag": "1",
        "length": "73.56",
        "facility_type": "residential",
        "link_type": "6",
        "free_speed": "",
        "lanes": "",
        "capacity": "",
        "allowed_uses": "auto",
        "notes": "",
        "feature_type": "link"
      },
      "geometry": {
        "type": "LineString",
        "coordinates": [
          [
            116.393763,
            39.901562
          ],
          [
            116.394625,
            39.901579
          ]
        ]
      }
    },
    {
      "type": "Feature",
      "properties": {
        "link_id": "160",
        "name": "东交民巷",
        "osm_way_id": "375",
        "from_node_id": "56",
        "to_node_id": "55",
        "directed": "1",
        "geometry": "LINESTRING (116.394645 39.900609, 116.397398 39.900652)",
        "dir_flag": "1",
        "length": "234.89",
        "facility_type": "unclassified",
        "link_type": "20",
        "free_speed": "",
        "lanes": "",
        "capacity": "",
        "allowed_uses": "auto",
        "notes": "",
        "feature_type": "link"
      },
      "geometry": {
        "type": "LineString",
        "coordinates": [
          [
            116.394645,
            39.900609
          ],
          [
            116.397398,
            39.900652
          ]
        ]
      }
    },
    {
      "type": "Feature",
      "properties": {
        "link_id": "161",
        "name": "东交民巷",
        "osm_way_id": "375",
        "from_node_id": "55",
        "to_node_id": "56",
        "directed": "1",
        "geometry": "LINESTRING (116.397398 39.900652, 116.394645 39.900609)",
        "dir_flag": "1",
        "length": "234.89",
        "facility_type": "unclassified",
        "link_type": "20",
        "free_speed": "",
        "lanes": "",
        "capacity": "",
        "allowed_uses": "auto",
        "notes": "",
        "feature_type": "link"
      },
      "geometry": {
        "type": "LineString",
        "coordinates": [
          [
            116.397398,
            39.900652
          ],
          [
            116.394645,
            39.900609
          ]
        ]
      }
    },
    {
      "type": "Feature",
      "properties": {
        "link_id": "162",
        "name": "新大路",
        "osm_way_id": "377",
        "from_node_id": "56",
        "to_node_id": "108",
        "directed": "1",
        "geometry": "LINESTRING (116.394645 39.900609, 116.394625 39.901579)",
        "dir_flag": "1",
        "length": "107.87",
        "facility_type": "residential",
        "link_type": "6",
        "free_speed": "",
        "lanes": "",
        "capacity": "",
        "allowed_uses": "auto",
        "notes": "",
        "feature_type": "link"
      },
      "geometry": {
        "type": "LineString",
        "coordinates": [
          [
            116.394645,
            39.900609
          ],
          [
            116.394625,
            39.901579
          ]
        ]
      }
    },
    {
      "type": "Feature",
      "properties": {
        "link_id": "163",
        "name": "新大路",
        "osm_way_id": "377",
        "from_node_id": "108",
        "to_node_id": "56",
        "directed": "1",
        "geometry": "LINESTRING (116.394625 39.901579, 116.394645 39.900609)",
        "dir_flag": "1",
        "length": "107.87",
        "facility_type": "residential",
        "link_type": "6",
        "free_speed": "",
        "lanes": "",
        "capacity": "",
        "allowed_uses": "auto",
        "notes": "",
        "feature_type": "link"
      },
      "geometry": {
        "type": "LineString",
        "coordinates": [
          [
            116.394625,
            39.901579
          ],
          [
            116.394645,
            39.900609
          ]
        ]
      }
    },
    {
      "type": "Feature",
      "properties": {
        "link_id": "164",
        "name": "",
        "osm_way_id": "405",
        "from_node_id": "30",
        "to_node_id": "110",
        "directed": "1",
        "geometry": "LINESTRING (116.400523 39.911999, 116.399719 39.911981)",
        "dir_flag": "1",
        "length": "68.60",
        "facility_type": "residential",
        "link_type": "6",
        "free_speed": "",
        "lanes": "",
        "capacity": "",
        "allowed_uses": "auto",
        "notes": "",
        "feature_type": "link"
      },
      "geometry": {
        "type": "LineString",
        "coordinates": [
          [
            116.400523,
            39.911999
          ],
          [
            116.399719,
            39.911981
          ]
        ]
      }
    },
    {
      "type": "Feature",
      "properties": {
        "link_id": "165",
        "name": "",
        "osm_way_id": "405",
        "from_node_id": "110",
        "to_node_id": "30",
        "directed": "1",
        "geometry": "LINESTRING (116.399719 39.911981, 116.400523 39.911999)",
        "dir_flag": "1",
        "length": "68.60",
        "facility_type": "residential",
        "link_type": "6",
        "free_speed": "",
        "lanes": "",
        "capacity": "",
        "allowed_uses": "auto",
        "notes": "",
        "feature_type": "link"
      },
      "geometry": {
        "type": "LineString",
        "coordinates": [
          [
            116.399719,
            39.911981
          ],
          [
            116.400523,
            39.911999
          ]
        ]
      }
    },
    {
      "type": "Feature",
      "properties": {
        "link_id": "166",
        "name": "南河沿大街",
        "osm_way_id": "406",
        "from_node_id": "30",
        "to_node_id": "111",
        "directed": "1",
        "geometry": "LINESTRING (116.400523 39.911999, 116.40049 39.912512)",
        "dir_flag": "1",
        "length": "57.11",
        "facility_type": "secondary",
        "link_type": "4",
        "free_speed": "",
        "lanes": "",
        "capacity": "",
        "allowed_uses": "auto",
        "notes": "",
        "feature_type": "link"
      },
      "geometry": {
        "type": "LineString",
        "coordinates": [
          [
            116.400523,
            39.911999
          ],
          [
            116.40049,
            39.912512
          ]
        ]
      }
    },
    {
      "type": "Feature",
      "properties": {
        "link_id": "167",
        "name": "南河沿大街",
        "osm_way_id": "406",
        "from_node_id": "111",
        "to_node_id": "30",
        "directed": "1",
        "geometry": "LINESTRING (116.40049 39.912512, 116.400523 39.911999)",
        "dir_flag": "1",
        "length": "57.11",
        "facility_type": "secondary",
        "link_type": "4",
        "free_speed": "",
        "lanes": "",
        "capacity": "",
        "allowed_uses": "auto",
        "notes": "",
        "feature_type": "link"
      },
      "geometry": {
        "type": "LineString",
        "coordinates": [
          [
            116.40049,
            39.912512
          ],
          [
            116.400523,
            39.911999
          ]
        ]
      }
    },
    {
      "type": "Feature",
      "properties": {
        "link_id": "168",
        "name": "南河沿大街",
        "osm_way_id": "407",
        "from_node_id": "30",
        "to_node_id": "28",
        "directed": "1",
        "geometry": "LINESTRING (116.400523 39.911999, 116.400542 39.911615)",
        "dir_flag": "1",
        "length": "42.73",
        "facility_type": "secondary",
        "link_type": "4",
        "free_speed": "",
        "lanes": "",
        "capacity": "",
        "allowed_uses": "auto",
        "notes": "",
        "feature_type": "link"
      },
      "geometry": {
        "type": "LineString",
        "coordinates": [
          [
            116.400523,
            39.911999
          ],
          [
            116.400542,
            39.911615
          ]
        ]
      }
    },
    {
      "type": "Feature",
      "properties": {
        "link_id": "169",
        "name": "南河沿大街",
        "osm_way_id": "407",
        "from_node_id": "28",
        "to_node_id": "30",
        "directed": "1",
        "geometry": "LINESTRING (116.400542 39.911615, 116.400523 39.911999)",
        "dir_flag": "1",
        "length": "42.73",
        "facility_type": "secondary",
        "link_type": "4",
        "free_speed": "",
        "lanes": "",
        "capacity": "",
        "allowed_uses": "auto",
        "notes": "",
        "feature_type": "link"
      },
      "geometry": {
        "type": "LineString",
        "coordinates": [
          [
            116.400542,
            39.911615
          ],
          [
            116.400523,
            39.911999
          ]
        ]
      }
    },
    {
      "type": "Feature",
      "properties": {
        "link_id": "170",
        "name": "",
        "osm_way_id": "411",
        "from_node_id": "112",
        "to_node_id": "113",
        "directed": "1",
        "geometry": "LINESTRING (116.399068 39.913468, 116.399007 39.913368)",
        "dir_flag": "1",
        "length": "12.28",
        "facility_type": "residential",
        "link_type": "6",
        "free_speed": "",
        "lanes": "",
        "capacity": "",
        "allowed_uses": "auto",
        "notes": "",
        "feature_type": "link"
      },
      "geometry": {
        "type": "LineString",
        "coordinates": [
          [
            116.399068,
            39.913468
          ],
          [
            116.399007,
            39.913368
          ]
        ]
      }
    },
    {
      "type": "Feature",
      "properties": {
        "link_id": "171",
        "name": "",
        "osm_way_id": "411",
        "from_node_id": "113",
        "to_node_id": "112",
        "directed": "1",
        "geometry": "LINESTRING (116.399007 39.913368, 116.399068 39.913468)",
        "dir_flag": "1",
        "length": "12.28",
        "facility_type": "residential",
        "link_type": "6",
        "free_speed": "",
        "lanes": "",
        "capacity": "",
        "allowed_uses": "auto",
        "notes": "",
        "feature_type": "link"
      },
      "geometry": {
        "type": "LineString",
        "coordinates": [
          [
            116.399007,
            39.913368
          ],
          [
            116.399068,
            39.913468
          ]
        ]
      }
    },
    {
      "type": "Feature",
      "properties": {
        "link_id": "172",
        "name": "",
        "osm_way_id": "412",
        "from_node_id": "112",
        "to_node_id": "114",
        "directed": "1",
        "geometry": "LINESTRING (116.399068 39.913468, 116.399068 39.913838)",
        "dir_flag": "1",
        "length": "41.14",
        "facility_type": "residential",
        "link_type": "6",
        "free_speed": "",
        "lanes": "",
        "capacity": "",
        "allowed_uses": "auto",
        "notes": "",
        "feature_type": "link"
      },
      "geometry": {
        "type": "LineString",
        "coordinates": [
          [
            116.399068,
            39.913468
          ],
          [
            116.399068,
            39.913838
          ]
        ]
      }
    },
    {
      "type": "Feature",
      "properties": {
        "link_id": "173",
        "name": "",
        "osm_way_id": "412",
        "from_node_id": "114",
        "to_node_id": "112",
        "directed": "1",
        "geometry": "LINESTRING (116.399068 39.913838, 116.399068 39.913468)",
        "dir_flag": "1",
        "length": "41.14",
        "facility_type": "residential",
        "link_type": "6",
        "free_speed": "",
        "lanes": "",
        "capacity": "",
        "allowed_uses": "auto",
        "notes": "",
        "feature_type": "link"
      },
      "geometry": {
        "type": "LineString",
        "coordinates": [
          [
            116.399068,
            39.913838
          ],
          [
            116.399068,
            39.913468
          ]
        ]
      }
    },
    {
      "type": "Feature",
      "properties": {
        "link_id": "174",
        "name": "",
        "osm_way_id": "413",
        "from_node_id": "115",
        "to_node_id": "116",
        "directed": "1",
        "geometry": "LINESTRING (116.398842 39.913836, 116.398794 39.91445)",
        "dir_flag": "1",
        "length": "68.40",
        "facility_type": "residential",
        "link_type": "6",
        "free_speed": "",
        "lanes": "",
        "capacity": "",
        "allowed_uses": "auto",
        "notes": "",
        "feature_type": "link"
      },
      "geometry": {
        "type": "LineString",
        "coordinates": [
          [
            116.398842,
            39.913836
          ],
          [
            116.398794,
            39.91445
          ]
        ]
      }
    },
    {
      "type": "Feature",
      "properties": {
        "link_id": "175",
        "name": "",
        "osm_way_id": "413",
        "from_node_id": "116",
        "to_node_id": "115",
        "directed": "1",
        "geometry": "LINESTRING (116.398794 39.91445, 116.398842 39.913836)",
        "dir_flag": "1",
        "length": "68.40",
        "facility_type": "residential",
        "link_type": "6",
        "free_speed": "",
        "lanes": "",
        "capacity": "",
        "allowed_uses": "auto",
        "notes": "",
        "feature_type": "link"
      },
      "geometry": {
        "type": "LineString",
        "coordinates": [
          [
            116.398794,
            39.91445
          ],
          [
            116.398842,
            39.913836
          ]
        ]
      }
    },
    {
      "type": "Feature",
      "properties": {
        "link_id": "176",
        "name": "东华门大街",
        "osm_way_id": "414",
        "from_node_id": "115",
        "to_node_id": "83",
        "directed": "1",
        "geometry": "LINESTRING (116.398842 39.913836, 116.39836 39.913814)",
        "dir_flag": "1",
        "length": "41.18",
        "facility_type": "secondary",
        "link_type": "4",
        "free_speed": "",
        "lanes": "",
        "capacity": "",
        "allowed_uses": "auto",
        "notes": "",
        "feature_type": "link"
      },
      "geometry": {
        "type": "LineString",
        "coordinates": [
          [
            116.398842,
            39.913836
          ],
          [
            116.39836,
            39.913814
          ]
        ]
      }
    },
    {
      "type": "Feature",
      "properties": {
        "link_id": "177",
        "name": "东华门大街",
        "osm_way_id": "414",
        "from_node_id": "83",
        "to_node_id": "115",
        "directed": "1",
        "geometry": "LINESTRING (116.39836 39.913814, 116.398842 39.913836)",
        "dir_flag": "1",
        "length": "41.18",
        "facility_type": "secondary",
        "link_type": "4",
        "free_speed": "",
        "lanes": "",
        "capacity": "",
        "allowed_uses": "auto",
        "notes": "",
        "feature_type": "link"
      },
      "geometry": {
        "type": "LineString",
        "coordinates": [
          [
            116.39836,
            39.913814
          ],
          [
            116.398842,
            39.913836
          ]
        ]
      }
    },
    {
      "type": "Feature",
      "properties": {
        "link_id": "178",
        "name": "东华门大街",
        "osm_way_id": "415",
        "from_node_id": "115",
        "to_node_id": "114",
        "directed": "1",
        "geometry": "LINESTRING (116.398842 39.913836, 116.399068 39.913838)",
        "dir_flag": "1",
        "length": "19.28",
        "facility_type": "secondary",
        "link_type": "4",
        "free_speed": "",
        "lanes": "",
        "capacity": "",
        "allowed_uses": "auto",
        "notes": "",
        "feature_type": "link"
      },
      "geometry": {
        "type": "LineString",
        "coordinates": [
          [
            116.398842,
            39.913836
          ],
          [
            116.399068,
            39.913838
          ]
        ]
      }
    },
    {
      "type": "Feature",
      "properties": {
        "link_id": "179",
        "name": "东华门大街",
        "osm_way_id": "415",
        "from_node_id": "114",
        "to_node_id": "115",
        "directed": "1",
        "geometry": "LINESTRING (116.399068 39.913838, 116.398842 39.913836)",
        "dir_flag": "1",
        "length": "19.28",
        "facility_type": "secondary",
        "link_type": "4",
        "free_speed": "",
        "lanes": "",
        "capacity": "",
        "allowed_uses": "auto",
        "notes": "",
        "feature_type": "link"
      },
      "geometry": {
        "type": "LineString",
        "coordinates": [
          [
            116.399068,
            39.913838
          ],
          [
            116.398842,
            39.913836
          ]
        ]
      }
    },
    {
      "type": "Feature",
      "properties": {
        "link_id": "180",
        "name": "",
        "osm_way_id": "419",
        "from_node_id": "117",
        "to_node_id": "118",
        "directed": "1",
        "geometry": "LINESTRING (116.399432 39.910767, 116.399425 39.911201)",
        "dir_flag": "1",
        "length": "48.26",
        "facility_type": "residential",
        "link_type": "6",
        "free_speed": "",
        "lanes": "",
        "capacity": "",
        "allowed_uses": "auto",
        "notes": "",
        "feature_type": "link"
      },
      "geometry": {
        "type": "LineString",
        "coordinates": [
          [
            116.399432,
            39.910767
          ],
          [
            116.399425,
            39.911201
          ]
        ]
      }
    },
    {
      "type": "Feature",
      "properties": {
        "link_id": "181",
        "name": "",
        "osm_way_id": "419",
        "from_node_id": "118",
        "to_node_id": "117",
        "directed": "1",
        "geometry": "LINESTRING (116.399425 39.911201, 116.399432 39.910767)",
        "dir_flag": "1",
        "length": "48.26",
        "facility_type": "residential",
        "link_type": "6",
        "free_speed": "",
        "lanes": "",
        "capacity": "",
        "allowed_uses": "auto",
        "notes": "",
        "feature_type": "link"
      },
      "geometry": {
        "type": "LineString",
        "coordinates": [
          [
            116.399425,
            39.911201
          ],
          [
            116.399432,
            39.910767
          ]
        ]
      }
    },
    {
      "type": "Feature",
      "properties": {
        "link_id": "182",
        "name": "",
        "osm_way_id": "420",
        "from_node_id": "117",
        "to_node_id": "119",
        "directed": "1",
        "geometry": "LINESTRING (116.399432 39.910767, 116.398998 39.910768)",
        "dir_flag": "1",
        "length": "37.02",
        "facility_type": "residential",
        "link_type": "6",
        "free_speed": "",
        "lanes": "",
        "capacity": "",
        "allowed_uses": "auto",
        "notes": "",
        "feature_type": "link"
      },
      "geometry": {
        "type": "LineString",
        "coordinates": [
          [
            116.399432,
            39.910767
          ],
          [
            116.398998,
            39.910768
          ]
        ]
      }
    },
    {
      "type": "Feature",
      "properties": {
        "link_id": "183",
        "name": "",
        "osm_way_id": "420",
        "from_node_id": "119",
        "to_node_id": "117",
        "directed": "1",
        "geometry": "LINESTRING (116.398998 39.910768, 116.399432 39.910767)",
        "dir_flag": "1",
        "length": "37.02",
        "facility_type": "residential",
        "link_type": "6",
        "free_speed": "",
        "lanes": "",
        "capacity": "",
        "allowed_uses": "auto",
        "notes": "",
        "feature_type": "link"
      },
      "geometry": {
        "type": "LineString",
        "coordinates": [
          [
            116.398998,
            39.910768
          ],
          [
            116.399432,
            39.910767
          ]
        ]
      }
    },
    {
      "type": "Feature",
      "properties": {
        "link_id": "184",
        "name": "",
        "osm_way_id": "423",
        "from_node_id": "110",
        "to_node_id": "120",
        "directed": "1",
        "geometry": "LINESTRING (116.399719 39.911981, 116.399372 39.911973)",
        "dir_flag": "1",
        "length": "29.61",
        "facility_type": "residential",
        "link_type": "6",
        "free_speed": "",
        "lanes": "",
        "capacity": "",
        "allowed_uses": "auto",
        "notes": "",
        "feature_type": "link"
      },
      "geometry": {
        "type": "LineString",
        "coordinates": [
          [
            116.399719,
            39.911981
          ],
          [
            116.399372,
            39.911973
          ]
        ]
      }
    },
    {
      "type": "Feature",
      "properties": {
        "link_id": "185",
        "name": "",
        "osm_way_id": "423",
        "from_node_id": "120",
        "to_node_id": "110",
        "directed": "1",
        "geometry": "LINESTRING (116.399372 39.911973, 116.399719 39.911981)",
        "dir_flag": "1",
        "length": "29.61",
        "facility_type": "residential",
        "link_type": "6",
        "free_speed": "",
        "lanes": "",
        "capacity": "",
        "allowed_uses": "auto",
        "notes": "",
        "feature_type": "link"
      },
      "geometry": {
        "type": "LineString",
        "coordinates": [
          [
            116.399372,
            39.911973
          ],
          [
            116.399719,
            39.911981
          ]
        ]
      }
    },
    {
      "type": "Feature",
      "properties": {
        "link_id": "186",
        "name": "",
        "osm_way_id": "424",
        "from_node_id": "110",
        "to_node_id": "30",
        "directed": "1",
        "geometry": "LINESTRING (116.399719 39.911981, 116.400523 39.911999)",
        "dir_flag": "1",
        "length": "68.60",
        "facility_type": "residential",
        "link_type": "6",
        "free_speed": "",
        "lanes": "",
        "capacity": "",
        "allowed_uses": "auto",
        "notes": "",
        "feature_type": "link"
      },
      "geometry": {
        "type": "LineString",
        "coordinates": [
          [
            116.399719,
            39.911981
          ],
          [
            116.400523,
            39.911999
          ]
        ]
      }
    },
    {
      "type": "Feature",
      "properties": {
        "link_id": "187",
        "name": "",
        "osm_way_id": "424",
        "from_node_id": "30",
        "to_node_id": "110",
        "directed": "1",
        "geometry": "LINESTRING (116.400523 39.911999, 116.399719 39.911981)",
        "dir_flag": "1",
        "length": "68.60",
        "facility_type": "residential",
        "link_type": "6",
        "free_speed": "",
        "lanes": "",
        "capacity": "",
        "allowed_uses": "auto",
        "notes": "",
        "feature_type": "link"
      },
      "geometry": {
        "type": "LineString",
        "coordinates": [
          [
            116.400523,
            39.911999
          ],
          [
            116.399719,
            39.911981
          ]
        ]
      }
    },
    {
      "type": "Feature",
      "properties": {
        "link_id": "188",
        "name": "南池子大街",
        "osm_way_id": "435",
        "from_node_id": "121",
        "to_node_id": "122",
        "directed": "1",
        "geometry": "LINESTRING (116.396907 39.910253, 116.396887 39.910643)",
        "dir_flag": "1",
        "length": "43.40",
        "facility_type": "tertiary",
        "link_type": "5",
        "free_speed": "",
        "lanes": "1",
        "capacity": "",
        "allowed_uses": "auto",
        "notes": "",
        "feature_type": "link"
      },
      "geometry": {
        "type": "LineString",
        "coordinates": [
          [
            116.396907,
            39.910253
          ],
          [
            116.396887,
            39.910643
          ]
        ]
      }
    },
    {
      "type": "Feature",
      "properties": {
        "link_id": "189",
        "name": "南池子大街",
        "osm_way_id": "435",
        "from_node_id": "122",
        "to_node_id": "121",
        "directed": "1",
        "geometry": "LINESTRING (116.396887 39.910643, 116.396907 39.910253)",
        "dir_flag": "1",
        "length": "43.40",
        "facility_type": "tertiary",
        "link_type": "5",
        "free_speed": "",
        "lanes": "1",
        "capacity": "",
        "allowed_uses": "auto",
        "notes": "",
        "feature_type": "link"
      },
      "geometry": {
        "type": "LineString",
        "coordinates": [
          [
            116.396887,
            39.910643
          ],
          [
            116.396907,
            39.910253
          ]
        ]
      }
    },
    {
      "type": "Feature",
      "properties": {
        "link_id": "190",
        "name": "南池子大街",
        "osm_way_id": "436",
        "from_node_id": "121",
        "to_node_id": "123",
        "directed": "1",
        "geometry": "LINESTRING (116.396907 39.910253, 116.396944 39.909492)",
        "dir_flag": "1",
        "length": "84.68",
        "facility_type": "tertiary",
        "link_type": "5",
        "free_speed": "",
        "lanes": "1",
        "capacity": "",
        "allowed_uses": "auto",
        "notes": "",
        "feature_type": "link"
      },
      "geometry": {
        "type": "LineString",
        "coordinates": [
          [
            116.396907,
            39.910253
          ],
          [
            116.396944,
            39.909492
          ]
        ]
      }
    },
    {
      "type": "Feature",
      "properties": {
        "link_id": "191",
        "name": "南池子大街",
        "osm_way_id": "436",
        "from_node_id": "123",
        "to_node_id": "121",
        "directed": "1",
        "geometry": "LINESTRING (116.396944 39.909492, 116.396907 39.910253)",
        "dir_flag": "1",
        "length": "84.68",
        "facility_type": "tertiary",
        "link_type": "5",
        "free_speed": "",
        "lanes": "1",
        "capacity": "",
        "allowed_uses": "auto",
        "notes": "",
        "feature_type": "link"
      },
      "geometry": {
        "type": "LineString",
        "coordinates": [
          [
            116.396944,
            39.909492
          ],
          [
            116.396907,
            39.910253
          ]
        ]
      }
    },
    {
      "type": "Feature",
      "properties": {
        "link_id": "192",
        "name": "南池子大街",
        "osm_way_id": "438",
        "from_node_id": "124",
        "to_node_id": "123",
        "directed": "1",
        "geometry": "LINESTRING (116.396958 39.909212, 116.396944 39.909492)",
        "dir_flag": "1",
        "length": "31.16",
        "facility_type": "tertiary",
        "link_type": "5",
        "free_speed": "",
        "lanes": "1",
        "capacity": "",
        "allowed_uses": "auto",
        "notes": "",
        "feature_type": "link"
      },
      "geometry": {
        "type": "LineString",
        "coordinates": [
          [
            116.396958,
            39.909212
          ],
          [
            116.396944,
            39.909492
          ]
        ]
      }
    },
    {
      "type": "Feature",
      "properties": {
        "link_id": "193",
        "name": "南池子大街",
        "osm_way_id": "438",
        "from_node_id": "123",
        "to_node_id": "124",
        "directed": "1",
        "geometry": "LINESTRING (116.396944 39.909492, 116.396958 39.909212)",
        "dir_flag": "1",
        "length": "31.16",
        "facility_type": "tertiary",
        "link_type": "5",
        "free_speed": "",
        "lanes": "1",
        "capacity": "",
        "allowed_uses": "auto",
        "notes": "",
        "feature_type": "link"
      },
      "geometry": {
        "type": "LineString",
        "coordinates": [
          [
            116.396944,
            39.909492
          ],
          [
            116.396958,
            39.909212
          ]
        ]
      }
    },
    {
      "type": "Feature",
      "properties": {
        "link_id": "194",
        "name": "南池子大街",
        "osm_way_id": "439",
        "from_node_id": "124",
        "to_node_id": "125",
        "directed": "1",
        "geometry": "LINESTRING (116.396958 39.909212, 116.397014 39.90807)",
        "dir_flag": "1",
        "length": "127.07",
        "facility_type": "tertiary",
        "link_type": "5",
        "free_speed": "",
        "lanes": "1",
        "capacity": "",
        "allowed_uses": "auto",
        "notes": "",
        "feature_type": "link"
      },
      "geometry": {
        "type": "LineString",
        "coordinates": [
          [
            116.396958,
            39.909212
          ],
          [
            116.397014,
            39.90807
          ]
        ]
      }
    },
    {
      "type": "Feature",
      "properties": {
        "link_id": "195",
        "name": "南池子大街",
        "osm_way_id": "439",
        "from_node_id": "125",
        "to_node_id": "124",
        "directed": "1",
        "geometry": "LINESTRING (116.397014 39.90807, 116.396958 39.909212)",
        "dir_flag": "1",
        "length": "127.07",
        "facility_type": "tertiary",
        "link_type": "5",
        "free_speed": "",
        "lanes": "1",
        "capacity": "",
        "allowed_uses": "auto",
        "notes": "",
        "feature_type": "link"
      },
      "geometry": {
        "type": "LineString",
        "coordinates": [
          [
            116.397014,
            39.90807
          ],
          [
            116.396958,
            39.909212
          ]
        ]
      }
    },
    {
      "type": "Feature",
      "properties": {
        "link_id": "196",
        "name": "普渡寺前巷",
        "osm_way_id": "445",
        "from_node_id": "126",
        "to_node_id": "127",
        "directed": "1",
        "geometry": "LINESTRING (116.398989 39.911474, 116.398625 39.91145)",
        "dir_flag": "1",
        "length": "31.16",
        "facility_type": "residential",
        "link_type": "6",
        "free_speed": "",
        "lanes": "",
        "capacity": "",
        "allowed_uses": "auto",
        "notes": "",
        "feature_type": "link"
      },
      "geometry": {
        "type": "LineString",
        "coordinates": [
          [
            116.398989,
            39.911474
          ],
          [
            116.398625,
            39.91145
          ]
        ]
      }
    },
    {
      "type": "Feature",
      "properties": {
        "link_id": "197",
        "name": "普渡寺前巷",
        "osm_way_id": "445",
        "from_node_id": "127",
        "to_node_id": "126",
        "directed": "1",
        "geometry": "LINESTRING (116.398625 39.91145, 116.398989 39.911474)",
        "dir_flag": "1",
        "length": "31.16",
        "facility_type": "residential",
        "link_type": "6",
        "free_speed": "",
        "lanes": "",
        "capacity": "",
        "allowed_uses": "auto",
        "notes": "",
        "feature_type": "link"
      },
      "geometry": {
        "type": "LineString",
        "coordinates": [
          [
            116.398625,
            39.91145
          ],
          [
            116.398989,
            39.911474
          ]
        ]
      }
    },
    {
      "type": "Feature",
      "properties": {
        "link_id": "198",
        "name": "",
        "osm_way_id": "446",
        "from_node_id": "126",
        "to_node_id": "128",
        "directed": "1",
        "geometry": "LINESTRING (116.398989 39.911474, 116.398994 39.911202)",
        "dir_flag": "1",
        "length": "30.25",
        "facility_type": "residential",
        "link_type": "6",
        "free_speed": "",
        "lanes": "",
        "capacity": "",
        "allowed_uses": "auto",
        "notes": "",
        "feature_type": "link"
      },
      "geometry": {
        "type": "LineString",
        "coordinates": [
          [
            116.398989,
            39.911474
          ],
          [
            116.398994,
            39.911202
          ]
        ]
      }
    },
    {
      "type": "Feature",
      "properties": {
        "link_id": "199",
        "name": "",
        "osm_way_id": "446",
        "from_node_id": "128",
        "to_node_id": "126",
        "directed": "1",
        "geometry": "LINESTRING (116.398994 39.911202, 116.398989 39.911474)",
        "dir_flag": "1",
        "length": "30.25",
        "facility_type": "residential",
        "link_type": "6",
        "free_speed": "",
        "lanes": "",
        "capacity": "",
        "allowed_uses": "auto",
        "notes": "",
        "feature_type": "link"
      },
      "geometry": {
        "type": "LineString",
        "coordinates": [
          [
            116.398994,
            39.911202
          ],
          [
            116.398989,
            39.911474
          ]
        ]
      }
    },
    {
      "type": "Feature",
      "properties": {
        "link_id": "200",
        "name": "",
        "osm_way_id": "447",
        "from_node_id": "126",
        "to_node_id": "129",
        "directed": "1",
        "geometry": "LINESTRING (116.398989 39.911474, 116.39901 39.91155)",
        "dir_flag": "1",
        "length": "8.64",
        "facility_type": "residential",
        "link_type": "6",
        "free_speed": "",
        "lanes": "",
        "capacity": "",
        "allowed_uses": "auto",
        "notes": "",
        "feature_type": "link"
      },
      "geometry": {
        "type": "LineString",
        "coordinates": [
          [
            116.398989,
            39.911474
          ],
          [
            116.39901,
            39.91155
          ]
        ]
      }
    },
    {
      "type": "Feature",
      "properties": {
        "link_id": "201",
        "name": "",
        "osm_way_id": "447",
        "from_node_id": "129",
        "to_node_id": "126",
        "directed": "1",
        "geometry": "LINESTRING (116.39901 39.91155, 116.398989 39.911474)",
        "dir_flag": "1",
        "length": "8.64",
        "facility_type": "residential",
        "link_type": "6",
        "free_speed": "",
        "lanes": "",
        "capacity": "",
        "allowed_uses": "auto",
        "notes": "",
        "feature_type": "link"
      },
      "geometry": {
        "type": "LineString",
        "coordinates": [
          [
            116.39901,
            39.91155
          ],
          [
            116.398989,
            39.911474
          ]
        ]
      }
    },
    {
      "type": "Feature",
      "properties": {
        "link_id": "202",
        "name": "普渡寺前巷",
        "osm_way_id": "453",
        "from_node_id": "130",
        "to_node_id": "131",
        "directed": "1",
        "geometry": "LINESTRING (116.396825 39.911373, 116.397226 39.911388)",
        "dir_flag": "1",
        "length": "34.24",
        "facility_type": "residential",
        "link_type": "6",
        "free_speed": "",
        "lanes": "",
        "capacity": "",
        "allowed_uses": "auto",
        "notes": "",
        "feature_type": "link"
      },
      "geometry": {
        "type": "LineString",
        "coordinates": [
          [
            116.396825,
            39.911373
          ],
          [
            116.397226,
            39.911388
          ]
        ]
      }
    },
    {
      "type": "Feature",
      "properties": {
        "link_id": "203",
        "name": "普渡寺前巷",
        "osm_way_id": "453",
        "from_node_id": "131",
        "to_node_id": "130",
        "directed": "1",
        "geometry": "LINESTRING (116.397226 39.911388, 116.396825 39.911373)",
        "dir_flag": "1",
        "length": "34.24",
        "facility_type": "residential",
        "link_type": "6",
        "free_speed": "",
        "lanes": "",
        "capacity": "",
        "allowed_uses": "auto",
        "notes": "",
        "feature_type": "link"
      },
      "geometry": {
        "type": "LineString",
        "coordinates": [
          [
            116.397226,
            39.911388
          ],
          [
            116.396825,
            39.911373
          ]
        ]
      }
    },
    {
      "type": "Feature",
      "properties": {
        "link_id": "204",
        "name": "南池子大街",
        "osm_way_id": "454",
        "from_node_id": "130",
        "to_node_id": "132",
        "directed": "1",
        "geometry": "LINESTRING (116.396825 39.911373, 116.396792 39.912137)",
        "dir_flag": "1",
        "length": "85.00",
        "facility_type": "tertiary",
        "link_type": "5",
        "free_speed": "",
        "lanes": "1",
        "capacity": "",
        "allowed_uses": "auto",
        "notes": "",
        "feature_type": "link"
      },
      "geometry": {
        "type": "LineString",
        "coordinates": [
          [
            116.396825,
            39.911373
          ],
          [
            116.396792,
            39.912137
          ]
        ]
      }
    },
    {
      "type": "Feature",
      "properties": {
        "link_id": "205",
        "name": "南池子大街",
        "osm_way_id": "454",
        "from_node_id": "132",
        "to_node_id": "130",
        "directed": "1",
        "geometry": "LINESTRING (116.396792 39.912137, 116.396825 39.911373)",
        "dir_flag": "1",
        "length": "85.00",
        "facility_type": "tertiary",
        "link_type": "5",
        "free_speed": "",
        "lanes": "1",
        "capacity": "",
        "allowed_uses": "auto",
        "notes": "",
        "feature_type": "link"
      },
      "geometry": {
        "type": "LineString",
        "coordinates": [
          [
            116.396792,
            39.912137
          ],
          [
            116.396825,
            39.911373
          ]
        ]
      }
    },
    {
      "type": "Feature",
      "properties": {
        "link_id": "206",
        "name": "南池子大街",
        "osm_way_id": "455",
        "from_node_id": "130",
        "to_node_id": "122",
        "directed": "1",
        "geometry": "LINESTRING (116.396825 39.911373, 116.396887 39.910643)",
        "dir_flag": "1",
        "length": "81.34",
        "facility_type": "tertiary",
        "link_type": "5",
        "free_speed": "",
        "lanes": "1",
        "capacity": "",
        "allowed_uses": "auto",
        "notes": "",
        "feature_type": "link"
      },
      "geometry": {
        "type": "LineString",
        "coordinates": [
          [
            116.396825,
            39.911373
          ],
          [
            116.396887,
            39.910643
          ]
        ]
      }
    },
    {
      "type": "Feature",
      "properties": {
        "link_id": "207",
        "name": "南池子大街",
        "osm_way_id": "455",
        "from_node_id": "122",
        "to_node_id": "130",
        "directed": "1",
        "geometry": "LINESTRING (116.396887 39.910643, 116.396825 39.911373)",
        "dir_flag": "1",
        "length": "81.34",
        "facility_type": "tertiary",
        "link_type": "5",
        "free_speed": "",
        "lanes": "1",
        "capacity": "",
        "allowed_uses": "auto",
        "notes": "",
        "feature_type": "link"
      },
      "geometry": {
        "type": "LineString",
        "coordinates": [
          [
            116.396887,
            39.910643
          ],
          [
            116.396825,
            39.911373
          ]
        ]
      }
    },
    {
      "type": "Feature",
      "properties": {
        "link_id": "208",
        "name": "大宴乐胡同",
        "osm_way_id": "456",
        "from_node_id": "133",
        "to_node_id": "134",
        "directed": "1",
        "geometry": "LINESTRING (116.384652 39.906967, 116.385491 39.906984)",
        "dir_flag": "1",
        "length": "71.59",
        "facility_type": "residential",
        "link_type": "6",
        "free_speed": "",
        "lanes": "",
        "capacity": "",
        "allowed_uses": "auto",
        "notes": "",
        "feature_type": "link"
      },
      "geometry": {
        "type": "LineString",
        "coordinates": [
          [
            116.384652,
            39.906967
          ],
          [
            116.385491,
            39.906984
          ]
        ]
      }
    },
    {
      "type": "Feature",
      "properties": {
        "link_id": "209",
        "name": "大宴乐胡同",
        "osm_way_id": "456",
        "from_node_id": "134",
        "to_node_id": "133",
        "directed": "1",
        "geometry": "LINESTRING (116.385491 39.906984, 116.384652 39.906967)",
        "dir_flag": "1",
        "length": "71.59",
        "facility_type": "residential",
        "link_type": "6",
        "free_speed": "",
        "lanes": "",
        "capacity": "",
        "allowed_uses": "auto",
        "notes": "",
        "feature_type": "link"
      },
      "geometry": {
        "type": "LineString",
        "coordinates": [
          [
            116.385491,
            39.906984
          ],
          [
            116.384652,
            39.906967
          ]
        ]
      }
    },
    {
      "type": "Feature",
      "properties": {
        "link_id": "210",
        "name": "大宴乐胡同",
        "osm_way_id": "457",
        "from_node_id": "133",
        "to_node_id": "135",
        "directed": "1",
        "geometry": "LINESTRING (116.384652 39.906967, 116.384608 39.90786)",
        "dir_flag": "1",
        "length": "99.37",
        "facility_type": "residential",
        "link_type": "6",
        "free_speed": "",
        "lanes": "",
        "capacity": "",
        "allowed_uses": "auto",
        "notes": "",
        "feature_type": "link"
      },
      "geometry": {
        "type": "LineString",
        "coordinates": [
          [
            116.384652,
            39.906967
          ],
          [
            116.384608,
            39.90786
          ]
        ]
      }
    },
    {
      "type": "Feature",
      "properties": {
        "link_id": "211",
        "name": "大宴乐胡同",
        "osm_way_id": "457",
        "from_node_id": "135",
        "to_node_id": "133",
        "directed": "1",
        "geometry": "LINESTRING (116.384608 39.90786, 116.384652 39.906967)",
        "dir_flag": "1",
        "length": "99.37",
        "facility_type": "residential",
        "link_type": "6",
        "free_speed": "",
        "lanes": "",
        "capacity": "",
        "allowed_uses": "auto",
        "notes": "",
        "feature_type": "link"
      },
      "geometry": {
        "type": "LineString",
        "coordinates": [
          [
            116.384608,
            39.90786
          ],
          [
            116.384652,
            39.906967
          ]
        ]
      }
    },
    {
      "type": "Feature",
      "properties": {
        "link_id": "212",
        "name": "",
        "osm_way_id": "458",
        "from_node_id": "119",
        "to_node_id": "136",
        "directed": "1",
        "geometry": "LINESTRING (116.398998 39.910768, 116.398488 39.91076)",
        "dir_flag": "1",
        "length": "43.51",
        "facility_type": "residential",
        "link_type": "6",
        "free_speed": "",
        "lanes": "",
        "capacity": "",
        "allowed_uses": "auto",
        "notes": "",
        "feature_type": "link"
      },
      "geometry": {
        "type": "LineString",
        "coordinates": [
          [
            116.398998,
            39.910768
          ],
          [
            116.398488,
            39.91076
          ]
        ]
      }
    },
    {
      "type": "Feature",
      "properties": {
        "link_id": "213",
        "name": "",
        "osm_way_id": "458",
        "from_node_id": "136",
        "to_node_id": "119",
        "directed": "1",
        "geometry": "LINESTRING (116.398488 39.91076, 116.398998 39.910768)",
        "dir_flag": "1",
        "length": "43.51",
        "facility_type": "residential",
        "link_type": "6",
        "free_speed": "",
        "lanes": "",
        "capacity": "",
        "allowed_uses": "auto",
        "notes": "",
        "feature_type": "link"
      },
      "geometry": {
        "type": "LineString",
        "coordinates": [
          [
            116.398488,
            39.91076
          ],
          [
            116.398998,
            39.910768
          ]
        ]
      }
    },
    {
      "type": "Feature",
      "properties": {
        "link_id": "214",
        "name": "",
        "osm_way_id": "459",
        "from_node_id": "119",
        "to_node_id": "128",
        "directed": "1",
        "geometry": "LINESTRING (116.398998 39.910768, 116.398994 39.911202)",
        "dir_flag": "1",
        "length": "48.26",
        "facility_type": "residential",
        "link_type": "6",
        "free_speed": "",
        "lanes": "",
        "capacity": "",
        "allowed_uses": "auto",
        "notes": "",
        "feature_type": "link"
      },
      "geometry": {
        "type": "LineString",
        "coordinates": [
          [
            116.398998,
            39.910768
          ],
          [
            116.398994,
            39.911202
          ]
        ]
      }
    },
    {
      "type": "Feature",
      "properties": {
        "link_id": "215",
        "name": "",
        "osm_way_id": "459",
        "from_node_id": "128",
        "to_node_id": "119",
        "directed": "1",
        "geometry": "LINESTRING (116.398994 39.911202, 116.398998 39.910768)",
        "dir_flag": "1",
        "length": "48.26",
        "facility_type": "residential",
        "link_type": "6",
        "free_speed": "",
        "lanes": "",
        "capacity": "",
        "allowed_uses": "auto",
        "notes": "",
        "feature_type": "link"
      },
      "geometry": {
        "type": "LineString",
        "coordinates": [
          [
            116.398994,
            39.911202
          ],
          [
            116.398998,
            39.910768
          ]
        ]
      }
    },
    {
      "type": "Feature",
      "properties": {
        "link_id": "216",
        "name": "",
        "osm_way_id": "460",
        "from_node_id": "119",
        "to_node_id": "117",
        "directed": "1",
        "geometry": "LINESTRING (116.398998 39.910768, 116.399432 39.910767)",
        "dir_flag": "1",
        "length": "37.02",
        "facility_type": "residential",
        "link_type": "6",
        "free_speed": "",
        "lanes": "",
        "capacity": "",
        "allowed_uses": "auto",
        "notes": "",
        "feature_type": "link"
      },
      "geometry": {
        "type": "LineString",
        "coordinates": [
          [
            116.398998,
            39.910768
          ],
          [
            116.399432,
            39.910767
          ]
        ]
      }
    },
    {
      "type": "Feature",
      "properties": {
        "link_id": "217",
        "name": "",
        "osm_way_id": "460",
        "from_node_id": "117",
        "to_node_id": "119",
        "directed": "1",
        "geometry": "LINESTRING (116.399432 39.910767, 116.398998 39.910768)",
        "dir_flag": "1",
        "length": "37.02",
        "facility_type": "residential",
        "link_type": "6",
        "free_speed": "",
        "lanes": "",
        "capacity": "",
        "allowed_uses": "auto",
        "notes": "",
        "feature_type": "link"
      },
      "geometry": {
        "type": "LineString",
        "coordinates": [
          [
            116.399432,
            39.910767
          ],
          [
            116.398998,
            39.910768
          ]
        ]
      }
    },
    {
      "type": "Feature",
      "properties": {
        "link_id": "218",
        "name": "北池子大街",
        "osm_way_id": "461",
        "from_node_id": "35",
        "to_node_id": "34",
        "directed": "1",
        "geometry": "LINESTRING (116.396641 39.915726, 116.396732 39.91377)",
        "dir_flag": "1",
        "length": "217.64",
        "facility_type": "tertiary",
        "link_type": "5",
        "free_speed": "",
        "lanes": "1",
        "capacity": "",
        "allowed_uses": "auto",
        "notes": "",
        "feature_type": "link"
      },
      "geometry": {
        "type": "LineString",
        "coordinates": [
          [
            116.396641,
            39.915726
          ],
          [
            116.396732,
            39.91377
          ]
        ]
      }
    },
    {
      "type": "Feature",
      "properties": {
        "link_id": "219",
        "name": "北池子大街",
        "osm_way_id": "461",
        "from_node_id": "34",
        "to_node_id": "35",
        "directed": "1",
        "geometry": "LINESTRING (116.396732 39.91377, 116.396641 39.915726)",
        "dir_flag": "1",
        "length": "217.64",
        "facility_type": "tertiary",
        "link_type": "5",
        "free_speed": "",
        "lanes": "1",
        "capacity": "",
        "allowed_uses": "auto",
        "notes": "",
        "feature_type": "link"
      },
      "geometry": {
        "type": "LineString",
        "coordinates": [
          [
            116.396732,
            39.91377
          ],
          [
            116.396641,
            39.915726
          ]
        ]
      }
    },
    {
      "type": "Feature",
      "properties": {
        "link_id": "220",
        "name": "",
        "osm_way_id": "466",
        "from_node_id": "120",
        "to_node_id": "137",
        "directed": "1",
        "geometry": "LINESTRING (116.399372 39.911973, 116.399199 39.91197)",
        "dir_flag": "1",
        "length": "14.76",
        "facility_type": "residential",
        "link_type": "6",
        "free_speed": "",
        "lanes": "",
        "capacity": "",
        "allowed_uses": "auto",
        "notes": "",
        "feature_type": "link"
      },
      "geometry": {
        "type": "LineString",
        "coordinates": [
          [
            116.399372,
            39.911973
          ],
          [
            116.399199,
            39.91197
          ]
        ]
      }
    },
    {
      "type": "Feature",
      "properties": {
        "link_id": "221",
        "name": "",
        "osm_way_id": "466",
        "from_node_id": "137",
        "to_node_id": "120",
        "directed": "1",
        "geometry": "LINESTRING (116.399199 39.91197, 116.399372 39.911973)",
        "dir_flag": "1",
        "length": "14.76",
        "facility_type": "residential",
        "link_type": "6",
        "free_speed": "",
        "lanes": "",
        "capacity": "",
        "allowed_uses": "auto",
        "notes": "",
        "feature_type": "link"
      },
      "geometry": {
        "type": "LineString",
        "coordinates": [
          [
            116.399199,
            39.91197
          ],
          [
            116.399372,
            39.911973
          ]
        ]
      }
    },
    {
      "type": "Feature",
      "properties": {
        "link_id": "222",
        "name": "",
        "osm_way_id": "467",
        "from_node_id": "120",
        "to_node_id": "110",
        "directed": "1",
        "geometry": "LINESTRING (116.399372 39.911973, 116.399719 39.911981)",
        "dir_flag": "1",
        "length": "29.61",
        "facility_type": "residential",
        "link_type": "6",
        "free_speed": "",
        "lanes": "",
        "capacity": "",
        "allowed_uses": "auto",
        "notes": "",
        "feature_type": "link"
      },
      "geometry": {
        "type": "LineString",
        "coordinates": [
          [
            116.399372,
            39.911973
          ],
          [
            116.399719,
            39.911981
          ]
        ]
      }
    },
    {
      "type": "Feature",
      "properties": {
        "link_id": "223",
        "name": "",
        "osm_way_id": "467",
        "from_node_id": "110",
        "to_node_id": "120",
        "directed": "1",
        "geometry": "LINESTRING (116.399719 39.911981, 116.399372 39.911973)",
        "dir_flag": "1",
        "length": "29.61",
        "facility_type": "residential",
        "link_type": "6",
        "free_speed": "",
        "lanes": "",
        "capacity": "",
        "allowed_uses": "auto",
        "notes": "",
        "feature_type": "link"
      },
      "geometry": {
        "type": "LineString",
        "coordinates": [
          [
            116.399719,
            39.911981
          ],
          [
            116.399372,
            39.911973
          ]
        ]
      }
    },
    {
      "type": "Feature",
      "properties": {
        "link_id": "224",
        "name": "",
        "osm_way_id": "468",
        "from_node_id": "120",
        "to_node_id": "118",
        "directed": "1",
        "geometry": "LINESTRING (116.399372 39.911973, 116.399425 39.911201)",
        "dir_flag": "1",
        "length": "85.96",
        "facility_type": "residential",
        "link_type": "6",
        "free_speed": "",
        "lanes": "",
        "capacity": "",
        "allowed_uses": "auto",
        "notes": "",
        "feature_type": "link"
      },
      "geometry": {
        "type": "LineString",
        "coordinates": [
          [
            116.399372,
            39.911973
          ],
          [
            116.399425,
            39.911201
          ]
        ]
      }
    },
    {
      "type": "Feature",
      "properties": {
        "link_id": "225",
        "name": "",
        "osm_way_id": "468",
        "from_node_id": "118",
        "to_node_id": "120",
        "directed": "1",
        "geometry": "LINESTRING (116.399425 39.911201, 116.399372 39.911973)",
        "dir_flag": "1",
        "length": "85.96",
        "facility_type": "residential",
        "link_type": "6",
        "free_speed": "",
        "lanes": "",
        "capacity": "",
        "allowed_uses": "auto",
        "notes": "",
        "feature_type": "link"
      },
      "geometry": {
        "type": "LineString",
        "coordinates": [
          [
            116.399425,
            39.911201
          ],
          [
            116.399372,
            39.911973
          ]
        ]
      }
    },
    {
      "type": "Feature",
      "properties": {
        "link_id": "226",
        "name": "南池子大街",
        "osm_way_id": "470",
        "from_node_id": "36",
        "to_node_id": "34",
        "directed": "1",
        "geometry": "LINESTRING (116.396763 39.91317, 116.396732 39.91377)",
        "dir_flag": "1",
        "length": "66.77",
        "facility_type": "tertiary",
        "link_type": "5",
        "free_speed": "",
        "lanes": "1",
        "capacity": "",
        "allowed_uses": "auto",
        "notes": "",
        "feature_type": "link"
      },
      "geometry": {
        "type": "LineString",
        "coordinates": [
          [
            116.396763,
            39.91317
          ],
          [
            116.396732,
            39.91377
          ]
        ]
      }
    },
    {
      "type": "Feature",
      "properties": {
        "link_id": "227",
        "name": "南池子大街",
        "osm_way_id": "470",
        "from_node_id": "34",
        "to_node_id": "36",
        "directed": "1",
        "geometry": "LINESTRING (116.396732 39.91377, 116.396763 39.91317)",
        "dir_flag": "1",
        "length": "66.77",
        "facility_type": "tertiary",
        "link_type": "5",
        "free_speed": "",
        "lanes": "1",
        "capacity": "",
        "allowed_uses": "auto",
        "notes": "",
        "feature_type": "link"
      },
      "geometry": {
        "type": "LineString",
        "coordinates": [
          [
            116.396732,
            39.91377
          ],
          [
            116.396763,
            39.91317
          ]
        ]
      }
    },
    {
      "type": "Feature",
      "properties": {
        "link_id": "228",
        "name": "南池子大街",
        "osm_way_id": "471",
        "from_node_id": "36",
        "to_node_id": "132",
        "directed": "1",
        "geometry": "LINESTRING (116.396763 39.91317, 116.396792 39.912137)",
        "dir_flag": "1",
        "length": "114.89",
        "facility_type": "tertiary",
        "link_type": "5",
        "free_speed": "",
        "lanes": "1",
        "capacity": "",
        "allowed_uses": "auto",
        "notes": "",
        "feature_type": "link"
      },
      "geometry": {
        "type": "LineString",
        "coordinates": [
          [
            116.396763,
            39.91317
          ],
          [
            116.396792,
            39.912137
          ]
        ]
      }
    },
    {
      "type": "Feature",
      "properties": {
        "link_id": "229",
        "name": "南池子大街",
        "osm_way_id": "471",
        "from_node_id": "132",
        "to_node_id": "36",
        "directed": "1",
        "geometry": "LINESTRING (116.396792 39.912137, 116.396763 39.91317)",
        "dir_flag": "1",
        "length": "114.89",
        "facility_type": "tertiary",
        "link_type": "5",
        "free_speed": "",
        "lanes": "1",
        "capacity": "",
        "allowed_uses": "auto",
        "notes": "",
        "feature_type": "link"
      },
      "geometry": {
        "type": "LineString",
        "coordinates": [
          [
            116.396792,
            39.912137
          ],
          [
            116.396763,
            39.91317
          ]
        ]
      }
    },
    {
      "type": "Feature",
      "properties": {
        "link_id": "230",
        "name": "",
        "osm_way_id": "473",
        "from_node_id": "137",
        "to_node_id": "138",
        "directed": "1",
        "geometry": "LINESTRING (116.399199 39.91197, 116.399091 39.911965)",
        "dir_flag": "1",
        "length": "9.23",
        "facility_type": "residential",
        "link_type": "6",
        "free_speed": "",
        "lanes": "",
        "capacity": "",
        "allowed_uses": "auto",
        "notes": "",
        "feature_type": "link"
      },
      "geometry": {
        "type": "LineString",
        "coordinates": [
          [
            116.399199,
            39.91197
          ],
          [
            116.399091,
            39.911965
          ]
        ]
      }
    },
    {
      "type": "Feature",
      "properties": {
        "link_id": "231",
        "name": "",
        "osm_way_id": "473",
        "from_node_id": "138",
        "to_node_id": "137",
        "directed": "1",
        "geometry": "LINESTRING (116.399091 39.911965, 116.399199 39.91197)",
        "dir_flag": "1",
        "length": "9.23",
        "facility_type": "residential",
        "link_type": "6",
        "free_speed": "",
        "lanes": "",
        "capacity": "",
        "allowed_uses": "auto",
        "notes": "",
        "feature_type": "link"
      },
      "geometry": {
        "type": "LineString",
        "coordinates": [
          [
            116.399091,
            39.911965
          ],
          [
            116.399199,
            39.91197
          ]
        ]
      }
    },
    {
      "type": "Feature",
      "properties": {
        "link_id": "232",
        "name": "",
        "osm_way_id": "474",
        "from_node_id": "137",
        "to_node_id": "120",
        "directed": "1",
        "geometry": "LINESTRING (116.399199 39.91197, 116.399372 39.911973)",
        "dir_flag": "1",
        "length": "14.76",
        "facility_type": "residential",
        "link_type": "6",
        "free_speed": "",
        "lanes": "",
        "capacity": "",
        "allowed_uses": "auto",
        "notes": "",
        "feature_type": "link"
      },
      "geometry": {
        "type": "LineString",
        "coordinates": [
          [
            116.399199,
            39.91197
          ],
          [
            116.399372,
            39.911973
          ]
        ]
      }
    },
    {
      "type": "Feature",
      "properties": {
        "link_id": "233",
        "name": "",
        "osm_way_id": "474",
        "from_node_id": "120",
        "to_node_id": "137",
        "directed": "1",
        "geometry": "LINESTRING (116.399372 39.911973, 116.399199 39.91197)",
        "dir_flag": "1",
        "length": "14.76",
        "facility_type": "residential",
        "link_type": "6",
        "free_speed": "",
        "lanes": "",
        "capacity": "",
        "allowed_uses": "auto",
        "notes": "",
        "feature_type": "link"
      },
      "geometry": {
        "type": "LineString",
        "coordinates": [
          [
            116.399372,
            39.911973
          ],
          [
            116.399199,
            39.91197
          ]
        ]
      }
    },
    {
      "type": "Feature",
      "properties": {
        "link_id": "234",
        "name": "南长街",
        "osm_way_id": "478",
        "from_node_id": "139",
        "to_node_id": "140",
        "directed": "1",
        "geometry": "LINESTRING (116.385485 39.909256, 116.385577 39.908098)",
        "dir_flag": "1",
        "length": "129.00",
        "facility_type": "tertiary",
        "link_type": "5",
        "free_speed": "",
        "lanes": "",
        "capacity": "",
        "allowed_uses": "auto",
        "notes": "",
        "feature_type": "link"
      },
      "geometry": {
        "type": "LineString",
        "coordinates": [
          [
            116.385485,
            39.909256
          ],
          [
            116.385577,
            39.908098
          ]
        ]
      }
    },
    {
      "type": "Feature",
      "properties": {
        "link_id": "235",
        "name": "南长街",
        "osm_way_id": "478",
        "from_node_id": "140",
        "to_node_id": "139",
        "directed": "1",
        "geometry": "LINESTRING (116.385577 39.908098, 116.385485 39.909256)",
        "dir_flag": "1",
        "length": "129.00",
        "facility_type": "tertiary",
        "link_type": "5",
        "free_speed": "",
        "lanes": "",
        "capacity": "",
        "allowed_uses": "auto",
        "notes": "",
        "feature_type": "link"
      },
      "geometry": {
        "type": "LineString",
        "coordinates": [
          [
            116.385577,
            39.908098
          ],
          [
            116.385485,
            39.909256
          ]
        ]
      }
    },
    {
      "type": "Feature",
      "properties": {
        "link_id": "236",
        "name": "南长街",
        "osm_way_id": "479",
        "from_node_id": "139",
        "to_node_id": "141",
        "directed": "1",
        "geometry": "LINESTRING (116.385485 39.909256, 116.385447 39.909798)",
        "dir_flag": "1",
        "length": "60.35",
        "facility_type": "tertiary",
        "link_type": "5",
        "free_speed": "",
        "lanes": "",
        "capacity": "",
        "allowed_uses": "auto",
        "notes": "",
        "feature_type": "link"
      },
      "geometry": {
        "type": "LineString",
        "coordinates": [
          [
            116.385485,
            39.909256
          ],
          [
            116.385447,
            39.909798
          ]
        ]
      }
    },
    {
      "type": "Feature",
      "properties": {
        "link_id": "237",
        "name": "南长街",
        "osm_way_id": "479",
        "from_node_id": "141",
        "to_node_id": "139",
        "directed": "1",
        "geometry": "LINESTRING (116.385447 39.909798, 116.385485 39.909256)",
        "dir_flag": "1",
        "length": "60.35",
        "facility_type": "tertiary",
        "link_type": "5",
        "free_speed": "",
        "lanes": "",
        "capacity": "",
        "allowed_uses": "auto",
        "notes": "",
        "feature_type": "link"
      },
      "geometry": {
        "type": "LineString",
        "coordinates": [
          [
            116.385447,
            39.909798
          ],
          [
            116.385485,
            39.909256
          ]
        ]
      }
    },
    {
      "type": "Feature",
      "properties": {
        "link_id": "238",
        "name": "",
        "osm_way_id": "482",
        "from_node_id": "114",
        "to_node_id": "112",
        "directed": "1",
        "geometry": "LINESTRING (116.399068 39.913838, 116.399068 39.913468)",
        "dir_flag": "1",
        "length": "41.14",
        "facility_type": "residential",
        "link_type": "6",
        "free_speed": "",
        "lanes": "",
        "capacity": "",
        "allowed_uses": "auto",
        "notes": "",
        "feature_type": "link"
      },
      "geometry": {
        "type": "LineString",
        "coordinates": [
          [
            116.399068,
            39.913838
          ],
          [
            116.399068,
            39.913468
          ]
        ]
      }
    },
    {
      "type": "Feature",
      "properties": {
        "link_id": "239",
        "name": "",
        "osm_way_id": "482",
        "from_node_id": "112",
        "to_node_id": "114",
        "directed": "1",
        "geometry": "LINESTRING (116.399068 39.913468, 116.399068 39.913838)",
        "dir_flag": "1",
        "length": "41.14",
        "facility_type": "residential",
        "link_type": "6",
        "free_speed": "",
        "lanes": "",
        "capacity": "",
        "allowed_uses": "auto",
        "notes": "",
        "feature_type": "link"
      },
      "geometry": {
        "type": "LineString",
        "coordinates": [
          [
            116.399068,
            39.913468
          ],
          [
            116.399068,
            39.913838
          ]
        ]
      }
    },
    {
      "type": "Feature",
      "properties": {
        "link_id": "240",
        "name": "东华门大街",
        "osm_way_id": "483",
        "from_node_id": "114",
        "to_node_id": "115",
        "directed": "1",
        "geometry": "LINESTRING (116.399068 39.913838, 116.398842 39.913836)",
        "dir_flag": "1",
        "length": "19.28",
        "facility_type": "secondary",
        "link_type": "4",
        "free_speed": "",
        "lanes": "",
        "capacity": "",
        "allowed_uses": "auto",
        "notes": "",
        "feature_type": "link"
      },
      "geometry": {
        "type": "LineString",
        "coordinates": [
          [
            116.399068,
            39.913838
          ],
          [
            116.398842,
            39.913836
          ]
        ]
      }
    },
    {
      "type": "Feature",
      "properties": {
        "link_id": "241",
        "name": "东华门大街",
        "osm_way_id": "483",
        "from_node_id": "115",
        "to_node_id": "114",
        "directed": "1",
        "geometry": "LINESTRING (116.398842 39.913836, 116.399068 39.913838)",
        "dir_flag": "1",
        "length": "19.28",
        "facility_type": "secondary",
        "link_type": "4",
        "free_speed": "",
        "lanes": "",
        "capacity": "",
        "allowed_uses": "auto",
        "notes": "",
        "feature_type": "link"
      },
      "geometry": {
        "type": "LineString",
        "coordinates": [
          [
            116.398842,
            39.913836
          ],
          [
            116.399068,
            39.913838
          ]
        ]
      }
    },
    {
      "type": "Feature",
      "properties": {
        "link_id": "242",
        "name": "",
        "osm_way_id": "484",
        "from_node_id": "142",
        "to_node_id": "136",
        "directed": "1",
        "geometry": "LINESTRING (116.398504 39.910347, 116.398488 39.91076)",
        "dir_flag": "1",
        "length": "45.94",
        "facility_type": "residential",
        "link_type": "6",
        "free_speed": "",
        "lanes": "",
        "capacity": "",
        "allowed_uses": "auto",
        "notes": "",
        "feature_type": "link"
      },
      "geometry": {
        "type": "LineString",
        "coordinates": [
          [
            116.398504,
            39.910347
          ],
          [
            116.398488,
            39.91076
          ]
        ]
      }
    },
    {
      "type": "Feature",
      "properties": {
        "link_id": "243",
        "name": "",
        "osm_way_id": "484",
        "from_node_id": "136",
        "to_node_id": "142",
        "directed": "1",
        "geometry": "LINESTRING (116.398488 39.91076, 116.398504 39.910347)",
        "dir_flag": "1",
        "length": "45.94",
        "facility_type": "residential",
        "link_type": "6",
        "free_speed": "",
        "lanes": "",
        "capacity": "",
        "allowed_uses": "auto",
        "notes": "",
        "feature_type": "link"
      },
      "geometry": {
        "type": "LineString",
        "coordinates": [
          [
            116.398488,
            39.91076
          ],
          [
            116.398504,
            39.910347
          ]
        ]
      }
    },
    {
      "type": "Feature",
      "properties": {
        "link_id": "244",
        "name": "",
        "osm_way_id": "489",
        "from_node_id": "143",
        "to_node_id": "136",
        "directed": "1",
        "geometry": "LINESTRING (116.398482 39.910846, 116.398488 39.91076)",
        "dir_flag": "1",
        "length": "9.58",
        "facility_type": "residential",
        "link_type": "6",
        "free_speed": "",
        "lanes": "",
        "capacity": "",
        "allowed_uses": "auto",
        "notes": "",
        "feature_type": "link"
      },
      "geometry": {
        "type": "LineString",
        "coordinates": [
          [
            116.398482,
            39.910846
          ],
          [
            116.398488,
            39.91076
          ]
        ]
      }
    },
    {
      "type": "Feature",
      "properties": {
        "link_id": "245",
        "name": "",
        "osm_way_id": "489",
        "from_node_id": "136",
        "to_node_id": "143",
        "directed": "1",
        "geometry": "LINESTRING (116.398488 39.91076, 116.398482 39.910846)",
        "dir_flag": "1",
        "length": "9.58",
        "facility_type": "residential",
        "link_type": "6",
        "free_speed": "",
        "lanes": "",
        "capacity": "",
        "allowed_uses": "auto",
        "notes": "",
        "feature_type": "link"
      },
      "geometry": {
        "type": "LineString",
        "coordinates": [
          [
            116.398488,
            39.91076
          ],
          [
            116.398482,
            39.910846
          ]
        ]
      }
    },
    {
      "type": "Feature",
      "properties": {
        "link_id": "246",
        "name": "",
        "osm_way_id": "490",
        "from_node_id": "143",
        "to_node_id": "144",
        "directed": "1",
        "geometry": "LINESTRING (116.398482 39.910846, 116.398476 39.911444)",
        "dir_flag": "1",
        "length": "66.50",
        "facility_type": "residential",
        "link_type": "6",
        "free_speed": "",
        "lanes": "",
        "capacity": "",
        "allowed_uses": "auto",
        "notes": "",
        "feature_type": "link"
      },
      "geometry": {
        "type": "LineString",
        "coordinates": [
          [
            116.398482,
            39.910846
          ],
          [
            116.398476,
            39.911444
          ]
        ]
      }
    },
    {
      "type": "Feature",
      "properties": {
        "link_id": "247",
        "name": "",
        "osm_way_id": "490",
        "from_node_id": "144",
        "to_node_id": "143",
        "directed": "1",
        "geometry": "LINESTRING (116.398476 39.911444, 116.398482 39.910846)",
        "dir_flag": "1",
        "length": "66.50",
        "facility_type": "residential",
        "link_type": "6",
        "free_speed": "",
        "lanes": "",
        "capacity": "",
        "allowed_uses": "auto",
        "notes": "",
        "feature_type": "link"
      },
      "geometry": {
        "type": "LineString",
        "coordinates": [
          [
            116.398476,
            39.911444
          ],
          [
            116.398482,
            39.910846
          ]
        ]
      }
    },
    {
      "type": "Feature",
      "properties": {
        "link_id": "248",
        "name": "南池子大街",
        "osm_way_id": "495",
        "from_node_id": "123",
        "to_node_id": "121",
        "directed": "1",
        "geometry": "LINESTRING (116.396944 39.909492, 116.396907 39.910253)",
        "dir_flag": "1",
        "length": "84.68",
        "facility_type": "tertiary",
        "link_type": "5",
        "free_speed": "",
        "lanes": "1",
        "capacity": "",
        "allowed_uses": "auto",
        "notes": "",
        "feature_type": "link"
      },
      "geometry": {
        "type": "LineString",
        "coordinates": [
          [
            116.396944,
            39.909492
          ],
          [
            116.396907,
            39.910253
          ]
        ]
      }
    },
    {
      "type": "Feature",
      "properties": {
        "link_id": "249",
        "name": "南池子大街",
        "osm_way_id": "495",
        "from_node_id": "121",
        "to_node_id": "123",
        "directed": "1",
        "geometry": "LINESTRING (116.396907 39.910253, 116.396944 39.909492)",
        "dir_flag": "1",
        "length": "84.68",
        "facility_type": "tertiary",
        "link_type": "5",
        "free_speed": "",
        "lanes": "1",
        "capacity": "",
        "allowed_uses": "auto",
        "notes": "",
        "feature_type": "link"
      },
      "geometry": {
        "type": "LineString",
        "coordinates": [
          [
            116.396907,
            39.910253
          ],
          [
            116.396944,
            39.909492
          ]
        ]
      }
    },
    {
      "type": "Feature",
      "properties": {
        "link_id": "250",
        "name": "南池子大街",
        "osm_way_id": "496",
        "from_node_id": "123",
        "to_node_id": "124",
        "directed": "1",
        "geometry": "LINESTRING (116.396944 39.909492, 116.396958 39.909212)",
        "dir_flag": "1",
        "length": "31.16",
        "facility_type": "tertiary",
        "link_type": "5",
        "free_speed": "",
        "lanes": "1",
        "capacity": "",
        "allowed_uses": "auto",
        "notes": "",
        "feature_type": "link"
      },
      "geometry": {
        "type": "LineString",
        "coordinates": [
          [
            116.396944,
            39.909492
          ],
          [
            116.396958,
            39.909212
          ]
        ]
      }
    },
    {
      "type": "Feature",
      "properties": {
        "link_id": "251",
        "name": "南池子大街",
        "osm_way_id": "496",
        "from_node_id": "124",
        "to_node_id": "123",
        "directed": "1",
        "geometry": "LINESTRING (116.396958 39.909212, 116.396944 39.909492)",
        "dir_flag": "1",
        "length": "31.16",
        "facility_type": "tertiary",
        "link_type": "5",
        "free_speed": "",
        "lanes": "1",
        "capacity": "",
        "allowed_uses": "auto",
        "notes": "",
        "feature_type": "link"
      },
      "geometry": {
        "type": "LineString",
        "coordinates": [
          [
            116.396958,
            39.909212
          ],
          [
            116.396944,
            39.909492
          ]
        ]
      }
    },
    {
      "type": "Feature",
      "properties": {
        "link_id": "252",
        "name": "大宴乐胡同",
        "osm_way_id": "497",
        "from_node_id": "145",
        "to_node_id": "134",
        "directed": "1",
        "geometry": "LINESTRING (116.385618 39.906987, 116.385491 39.906984)",
        "dir_flag": "1",
        "length": "10.84",
        "facility_type": "residential",
        "link_type": "6",
        "free_speed": "",
        "lanes": "",
        "capacity": "",
        "allowed_uses": "auto",
        "notes": "",
        "feature_type": "link"
      },
      "geometry": {
        "type": "LineString",
        "coordinates": [
          [
            116.385618,
            39.906987
          ],
          [
            116.385491,
            39.906984
          ]
        ]
      }
    },
    {
      "type": "Feature",
      "properties": {
        "link_id": "253",
        "name": "大宴乐胡同",
        "osm_way_id": "497",
        "from_node_id": "134",
        "to_node_id": "145",
        "directed": "1",
        "geometry": "LINESTRING (116.385491 39.906984, 116.385618 39.906987)",
        "dir_flag": "1",
        "length": "10.84",
        "facility_type": "residential",
        "link_type": "6",
        "free_speed": "",
        "lanes": "",
        "capacity": "",
        "allowed_uses": "auto",
        "notes": "",
        "feature_type": "link"
      },
      "geometry": {
        "type": "LineString",
        "coordinates": [
          [
            116.385491,
            39.906984
          ],
          [
            116.385618,
            39.906987
          ]
        ]
      }
    },
    {
      "type": "Feature",
      "properties": {
        "link_id": "254",
        "name": "南长街",
        "osm_way_id": "498",
        "from_node_id": "145",
        "to_node_id": "146",
        "directed": "1",
        "geometry": "LINESTRING (116.385618 39.906987, 116.385649 39.906805)",
        "dir_flag": "1",
        "length": "20.41",
        "facility_type": "tertiary",
        "link_type": "5",
        "free_speed": "",
        "lanes": "",
        "capacity": "",
        "allowed_uses": "auto",
        "notes": "",
        "feature_type": "link"
      },
      "geometry": {
        "type": "LineString",
        "coordinates": [
          [
            116.385618,
            39.906987
          ],
          [
            116.385649,
            39.906805
          ]
        ]
      }
    },
    {
      "type": "Feature",
      "properties": {
        "link_id": "255",
        "name": "南长街",
        "osm_way_id": "498",
        "from_node_id": "146",
        "to_node_id": "145",
        "directed": "1",
        "geometry": "LINESTRING (116.385649 39.906805, 116.385618 39.906987)",
        "dir_flag": "1",
        "length": "20.41",
        "facility_type": "tertiary",
        "link_type": "5",
        "free_speed": "",
        "lanes": "",
        "capacity": "",
        "allowed_uses": "auto",
        "notes": "",
        "feature_type": "link"
      },
      "geometry": {
        "type": "LineString",
        "coordinates": [
          [
            116.385649,
            39.906805
          ],
          [
            116.385618,
            39.906987
          ]
        ]
      }
    },
    {
      "type": "Feature",
      "properties": {
        "link_id": "256",
        "name": "南长街",
        "osm_way_id": "499",
        "from_node_id": "145",
        "to_node_id": "147",
        "directed": "1",
        "geometry": "LINESTRING (116.385618 39.906987, 116.385606 39.90731)",
        "dir_flag": "1",
        "length": "35.93",
        "facility_type": "tertiary",
        "link_type": "5",
        "free_speed": "",
        "lanes": "",
        "capacity": "",
        "allowed_uses": "auto",
        "notes": "",
        "feature_type": "link"
      },
      "geometry": {
        "type": "LineString",
        "coordinates": [
          [
            116.385618,
            39.906987
          ],
          [
            116.385606,
            39.90731
          ]
        ]
      }
    },
    {
      "type": "Feature",
      "properties": {
        "link_id": "257",
        "name": "南长街",
        "osm_way_id": "499",
        "from_node_id": "147",
        "to_node_id": "145",
        "directed": "1",
        "geometry": "LINESTRING (116.385606 39.90731, 116.385618 39.906987)",
        "dir_flag": "1",
        "length": "35.93",
        "facility_type": "tertiary",
        "link_type": "5",
        "free_speed": "",
        "lanes": "",
        "capacity": "",
        "allowed_uses": "auto",
        "notes": "",
        "feature_type": "link"
      },
      "geometry": {
        "type": "LineString",
        "coordinates": [
          [
            116.385606,
            39.90731
          ],
          [
            116.385618,
            39.906987
          ]
        ]
      }
    },
    {
      "type": "Feature",
      "properties": {
        "link_id": "258",
        "name": "普渡寺前巷",
        "osm_way_id": "500",
        "from_node_id": "144",
        "to_node_id": "148",
        "directed": "1",
        "geometry": "LINESTRING (116.398476 39.911444, 116.398317 39.911437)",
        "dir_flag": "1",
        "length": "13.58",
        "facility_type": "residential",
        "link_type": "6",
        "free_speed": "",
        "lanes": "",
        "capacity": "",
        "allowed_uses": "auto",
        "notes": "",
        "feature_type": "link"
      },
      "geometry": {
        "type": "LineString",
        "coordinates": [
          [
            116.398476,
            39.911444
          ],
          [
            116.398317,
            39.911437
          ]
        ]
      }
    },
    {
      "type": "Feature",
      "properties": {
        "link_id": "259",
        "name": "普渡寺前巷",
        "osm_way_id": "500",
        "from_node_id": "148",
        "to_node_id": "144",
        "directed": "1",
        "geometry": "LINESTRING (116.398317 39.911437, 116.398476 39.911444)",
        "dir_flag": "1",
        "length": "13.58",
        "facility_type": "residential",
        "link_type": "6",
        "free_speed": "",
        "lanes": "",
        "capacity": "",
        "allowed_uses": "auto",
        "notes": "",
        "feature_type": "link"
      },
      "geometry": {
        "type": "LineString",
        "coordinates": [
          [
            116.398317,
            39.911437
          ],
          [
            116.398476,
            39.911444
          ]
        ]
      }
    },
    {
      "type": "Feature",
      "properties": {
        "link_id": "260",
        "name": "普渡寺前巷",
        "osm_way_id": "501",
        "from_node_id": "144",
        "to_node_id": "127",
        "directed": "1",
        "geometry": "LINESTRING (116.398476 39.911444, 116.398625 39.91145)",
        "dir_flag": "1",
        "length": "12.73",
        "facility_type": "residential",
        "link_type": "6",
        "free_speed": "",
        "lanes": "",
        "capacity": "",
        "allowed_uses": "auto",
        "notes": "",
        "feature_type": "link"
      },
      "geometry": {
        "type": "LineString",
        "coordinates": [
          [
            116.398476,
            39.911444
          ],
          [
            116.398625,
            39.91145
          ]
        ]
      }
    },
    {
      "type": "Feature",
      "properties": {
        "link_id": "261",
        "name": "普渡寺前巷",
        "osm_way_id": "501",
        "from_node_id": "127",
        "to_node_id": "144",
        "directed": "1",
        "geometry": "LINESTRING (116.398625 39.91145, 116.398476 39.911444)",
        "dir_flag": "1",
        "length": "12.73",
        "facility_type": "residential",
        "link_type": "6",
        "free_speed": "",
        "lanes": "",
        "capacity": "",
        "allowed_uses": "auto",
        "notes": "",
        "feature_type": "link"
      },
      "geometry": {
        "type": "LineString",
        "coordinates": [
          [
            116.398625,
            39.91145
          ],
          [
            116.398476,
            39.911444
          ]
        ]
      }
    },
    {
      "type": "Feature",
      "properties": {
        "link_id": "262",
        "name": "",
        "osm_way_id": "502",
        "from_node_id": "144",
        "to_node_id": "143",
        "directed": "1",
        "geometry": "LINESTRING (116.398476 39.911444, 116.398482 39.910846)",
        "dir_flag": "1",
        "length": "66.50",
        "facility_type": "residential",
        "link_type": "6",
        "free_speed": "",
        "lanes": "",
        "capacity": "",
        "allowed_uses": "auto",
        "notes": "",
        "feature_type": "link"
      },
      "geometry": {
        "type": "LineString",
        "coordinates": [
          [
            116.398476,
            39.911444
          ],
          [
            116.398482,
            39.910846
          ]
        ]
      }
    },
    {
      "type": "Feature",
      "properties": {
        "link_id": "263",
        "name": "",
        "osm_way_id": "502",
        "from_node_id": "143",
        "to_node_id": "144",
        "directed": "1",
        "geometry": "LINESTRING (116.398482 39.910846, 116.398476 39.911444)",
        "dir_flag": "1",
        "length": "66.50",
        "facility_type": "residential",
        "link_type": "6",
        "free_speed": "",
        "lanes": "",
        "capacity": "",
        "allowed_uses": "auto",
        "notes": "",
        "feature_type": "link"
      },
      "geometry": {
        "type": "LineString",
        "coordinates": [
          [
            116.398482,
            39.910846
          ],
          [
            116.398476,
            39.911444
          ]
        ]
      }
    },
    {
      "type": "Feature",
      "properties": {
        "link_id": "264",
        "name": "南长街",
        "osm_way_id": "514",
        "from_node_id": "146",
        "to_node_id": "149",
        "directed": "1",
        "geometry": "LINESTRING (116.385649 39.906805, 116.385675 39.90656)",
        "dir_flag": "1",
        "length": "27.33",
        "facility_type": "tertiary",
        "link_type": "5",
        "free_speed": "",
        "lanes": "",
        "capacity": "",
        "allowed_uses": "auto",
        "notes": "",
        "feature_type": "link"
      },
      "geometry": {
        "type": "LineString",
        "coordinates": [
          [
            116.385649,
            39.906805
          ],
          [
            116.385675,
            39.90656
          ]
        ]
      }
    },
    {
      "type": "Feature",
      "properties": {
        "link_id": "265",
        "name": "南长街",
        "osm_way_id": "514",
        "from_node_id": "149",
        "to_node_id": "146",
        "directed": "1",
        "geometry": "LINESTRING (116.385675 39.90656, 116.385649 39.906805)",
        "dir_flag": "1",
        "length": "27.33",
        "facility_type": "tertiary",
        "link_type": "5",
        "free_speed": "",
        "lanes": "",
        "capacity": "",
        "allowed_uses": "auto",
        "notes": "",
        "feature_type": "link"
      },
      "geometry": {
        "type": "LineString",
        "coordinates": [
          [
            116.385675,
            39.90656
          ],
          [
            116.385649,
            39.906805
          ]
        ]
      }
    },
    {
      "type": "Feature",
      "properties": {
        "link_id": "266",
        "name": "南长街",
        "osm_way_id": "515",
        "from_node_id": "146",
        "to_node_id": "145",
        "directed": "1",
        "geometry": "LINESTRING (116.385649 39.906805, 116.385618 39.906987)",
        "dir_flag": "1",
        "length": "20.41",
        "facility_type": "tertiary",
        "link_type": "5",
        "free_speed": "",
        "lanes": "",
        "capacity": "",
        "allowed_uses": "auto",
        "notes": "",
        "feature_type": "link"
      },
      "geometry": {
        "type": "LineString",
        "coordinates": [
          [
            116.385649,
            39.906805
          ],
          [
            116.385618,
            39.906987
          ]
        ]
      }
    },
    {
      "type": "Feature",
      "properties": {
        "link_id": "267",
        "name": "南长街",
        "osm_way_id": "515",
        "from_node_id": "145",
        "to_node_id": "146",
        "directed": "1",
        "geometry": "LINESTRING (116.385618 39.906987, 116.385649 39.906805)",
        "dir_flag": "1",
        "length": "20.41",
        "facility_type": "tertiary",
        "link_type": "5",
        "free_speed": "",
        "lanes": "",
        "capacity": "",
        "allowed_uses": "auto",
        "notes": "",
        "feature_type": "link"
      },
      "geometry": {
        "type": "LineString",
        "coordinates": [
          [
            116.385618,
            39.906987
          ],
          [
            116.385649,
            39.906805
          ]
        ]
      }
    },
    {
      "type": "Feature",
      "properties": {
        "link_id": "268",
        "name": "普渡寺前巷",
        "osm_way_id": "516",
        "from_node_id": "150",
        "to_node_id": "131",
        "directed": "1",
        "geometry": "LINESTRING (116.397947 39.91142, 116.397226 39.911388)",
        "dir_flag": "1",
        "length": "61.60",
        "facility_type": "residential",
        "link_type": "6",
        "free_speed": "",
        "lanes": "",
        "capacity": "",
        "allowed_uses": "auto",
        "notes": "",
        "feature_type": "link"
      },
      "geometry": {
        "type": "LineString",
        "coordinates": [
          [
            116.397947,
            39.91142
          ],
          [
            116.397226,
            39.911388
          ]
        ]
      }
    },
    {
      "type": "Feature",
      "properties": {
        "link_id": "269",
        "name": "普渡寺前巷",
        "osm_way_id": "516",
        "from_node_id": "131",
        "to_node_id": "150",
        "directed": "1",
        "geometry": "LINESTRING (116.397226 39.911388, 116.397947 39.91142)",
        "dir_flag": "1",
        "length": "61.60",
        "facility_type": "residential",
        "link_type": "6",
        "free_speed": "",
        "lanes": "",
        "capacity": "",
        "allowed_uses": "auto",
        "notes": "",
        "feature_type": "link"
      },
      "geometry": {
        "type": "LineString",
        "coordinates": [
          [
            116.397226,
            39.911388
          ],
          [
            116.397947,
            39.91142
          ]
        ]
      }
    },
    {
      "type": "Feature",
      "properties": {
        "link_id": "270",
        "name": "普渡寺前巷",
        "osm_way_id": "517",
        "from_node_id": "150",
        "to_node_id": "148",
        "directed": "1",
        "geometry": "LINESTRING (116.397947 39.91142, 116.398317 39.911437)",
        "dir_flag": "1",
        "length": "31.61",
        "facility_type": "residential",
        "link_type": "6",
        "free_speed": "",
        "lanes": "",
        "capacity": "",
        "allowed_uses": "auto",
        "notes": "",
        "feature_type": "link"
      },
      "geometry": {
        "type": "LineString",
        "coordinates": [
          [
            116.397947,
            39.91142
          ],
          [
            116.398317,
            39.911437
          ]
        ]
      }
    },
    {
      "type": "Feature",
      "properties": {
        "link_id": "271",
        "name": "普渡寺前巷",
        "osm_way_id": "517",
        "from_node_id": "148",
        "to_node_id": "150",
        "directed": "1",
        "geometry": "LINESTRING (116.398317 39.911437, 116.397947 39.91142)",
        "dir_flag": "1",
        "length": "31.61",
        "facility_type": "residential",
        "link_type": "6",
        "free_speed": "",
        "lanes": "",
        "capacity": "",
        "allowed_uses": "auto",
        "notes": "",
        "feature_type": "link"
      },
      "geometry": {
        "type": "LineString",
        "coordinates": [
          [
            116.398317,
            39.911437
          ],
          [
            116.397947,
            39.91142
          ]
        ]
      }
    },
    {
      "type": "Feature",
      "properties": {
        "link_id": "272",
        "name": "普渡寺前巷",
        "osm_way_id": "520",
        "from_node_id": "131",
        "to_node_id": "130",
        "directed": "1",
        "geometry": "LINESTRING (116.397226 39.911388, 116.396825 39.911373)",
        "dir_flag": "1",
        "length": "34.24",
        "facility_type": "residential",
        "link_type": "6",
        "free_speed": "",
        "lanes": "",
        "capacity": "",
        "allowed_uses": "auto",
        "notes": "",
        "feature_type": "link"
      },
      "geometry": {
        "type": "LineString",
        "coordinates": [
          [
            116.397226,
            39.911388
          ],
          [
            116.396825,
            39.911373
          ]
        ]
      }
    },
    {
      "type": "Feature",
      "properties": {
        "link_id": "273",
        "name": "普渡寺前巷",
        "osm_way_id": "520",
        "from_node_id": "130",
        "to_node_id": "131",
        "directed": "1",
        "geometry": "LINESTRING (116.396825 39.911373, 116.397226 39.911388)",
        "dir_flag": "1",
        "length": "34.24",
        "facility_type": "residential",
        "link_type": "6",
        "free_speed": "",
        "lanes": "",
        "capacity": "",
        "allowed_uses": "auto",
        "notes": "",
        "feature_type": "link"
      },
      "geometry": {
        "type": "LineString",
        "coordinates": [
          [
            116.396825,
            39.911373
          ],
          [
            116.397226,
            39.911388
          ]
        ]
      }
    },
    {
      "type": "Feature",
      "properties": {
        "link_id": "274",
        "name": "普渡寺前巷",
        "osm_way_id": "521",
        "from_node_id": "131",
        "to_node_id": "150",
        "directed": "1",
        "geometry": "LINESTRING (116.397226 39.911388, 116.397947 39.91142)",
        "dir_flag": "1",
        "length": "61.60",
        "facility_type": "residential",
        "link_type": "6",
        "free_speed": "",
        "lanes": "",
        "capacity": "",
        "allowed_uses": "auto",
        "notes": "",
        "feature_type": "link"
      },
      "geometry": {
        "type": "LineString",
        "coordinates": [
          [
            116.397226,
            39.911388
          ],
          [
            116.397947,
            39.91142
          ]
        ]
      }
    },
    {
      "type": "Feature",
      "properties": {
        "link_id": "275",
        "name": "普渡寺前巷",
        "osm_way_id": "521",
        "from_node_id": "150",
        "to_node_id": "131",
        "directed": "1",
        "geometry": "LINESTRING (116.397947 39.91142, 116.397226 39.911388)",
        "dir_flag": "1",
        "length": "61.60",
        "facility_type": "residential",
        "link_type": "6",
        "free_speed": "",
        "lanes": "",
        "capacity": "",
        "allowed_uses": "auto",
        "notes": "",
        "feature_type": "link"
      },
      "geometry": {
        "type": "LineString",
        "coordinates": [
          [
            116.397947,
            39.91142
          ],
          [
            116.397226,
            39.911388
          ]
        ]
      }
    },
    {
      "type": "Feature",
      "properties": {
        "link_id": "276",
        "name": "",
        "osm_way_id": "522",
        "from_node_id": "131",
        "to_node_id": "151",
        "directed": "1",
        "geometry": "LINESTRING (116.397226 39.911388, 116.397271 39.91083)",
        "dir_flag": "1",
        "length": "62.17",
        "facility_type": "residential",
        "link_type": "6",
        "free_speed": "",
        "lanes": "",
        "capacity": "",
        "allowed_uses": "auto",
        "notes": "",
        "feature_type": "link"
      },
      "geometry": {
        "type": "LineString",
        "coordinates": [
          [
            116.397226,
            39.911388
          ],
          [
            116.397271,
            39.91083
          ]
        ]
      }
    },
    {
      "type": "Feature",
      "properties": {
        "link_id": "277",
        "name": "",
        "osm_way_id": "522",
        "from_node_id": "151",
        "to_node_id": "131",
        "directed": "1",
        "geometry": "LINESTRING (116.397271 39.91083, 116.397226 39.911388)",
        "dir_flag": "1",
        "length": "62.17",
        "facility_type": "residential",
        "link_type": "6",
        "free_speed": "",
        "lanes": "",
        "capacity": "",
        "allowed_uses": "auto",
        "notes": "",
        "feature_type": "link"
      },
      "geometry": {
        "type": "LineString",
        "coordinates": [
          [
            116.397271,
            39.91083
          ],
          [
            116.397226,
            39.911388
          ]
        ]
      }
    },
    {
      "type": "Feature",
      "properties": {
        "link_id": "278",
        "name": "南池子大街",
        "osm_way_id": "526",
        "from_node_id": "125",
        "to_node_id": "124",
        "directed": "1",
        "geometry": "LINESTRING (116.397014 39.90807, 116.396958 39.909212)",
        "dir_flag": "1",
        "length": "127.07",
        "facility_type": "tertiary",
        "link_type": "5",
        "free_speed": "",
        "lanes": "1",
        "capacity": "",
        "allowed_uses": "auto",
        "notes": "",
        "feature_type": "link"
      },
      "geometry": {
        "type": "LineString",
        "coordinates": [
          [
            116.397014,
            39.90807
          ],
          [
            116.396958,
            39.909212
          ]
        ]
      }
    },
    {
      "type": "Feature",
      "properties": {
        "link_id": "279",
        "name": "南池子大街",
        "osm_way_id": "526",
        "from_node_id": "124",
        "to_node_id": "125",
        "directed": "1",
        "geometry": "LINESTRING (116.396958 39.909212, 116.397014 39.90807)",
        "dir_flag": "1",
        "length": "127.07",
        "facility_type": "tertiary",
        "link_type": "5",
        "free_speed": "",
        "lanes": "1",
        "capacity": "",
        "allowed_uses": "auto",
        "notes": "",
        "feature_type": "link"
      },
      "geometry": {
        "type": "LineString",
        "coordinates": [
          [
            116.396958,
            39.909212
          ],
          [
            116.397014,
            39.90807
          ]
        ]
      }
    },
    {
      "type": "Feature",
      "properties": {
        "link_id": "280",
        "name": "南池子大街",
        "osm_way_id": "527",
        "from_node_id": "125",
        "to_node_id": "152",
        "directed": "1",
        "geometry": "LINESTRING (116.397014 39.90807, 116.397023 39.907899)",
        "dir_flag": "1",
        "length": "19.03",
        "facility_type": "tertiary",
        "link_type": "5",
        "free_speed": "",
        "lanes": "1",
        "capacity": "",
        "allowed_uses": "auto",
        "notes": "",
        "feature_type": "link"
      },
      "geometry": {
        "type": "LineString",
        "coordinates": [
          [
            116.397014,
            39.90807
          ],
          [
            116.397023,
            39.907899
          ]
        ]
      }
    },
    {
      "type": "Feature",
      "properties": {
        "link_id": "281",
        "name": "南池子大街",
        "osm_way_id": "527",
        "from_node_id": "152",
        "to_node_id": "125",
        "directed": "1",
        "geometry": "LINESTRING (116.397023 39.907899, 116.397014 39.90807)",
        "dir_flag": "1",
        "length": "19.03",
        "facility_type": "tertiary",
        "link_type": "5",
        "free_speed": "",
        "lanes": "1",
        "capacity": "",
        "allowed_uses": "auto",
        "notes": "",
        "feature_type": "link"
      },
      "geometry": {
        "type": "LineString",
        "coordinates": [
          [
            116.397023,
            39.907899
          ],
          [
            116.397014,
            39.90807
          ]
        ]
      }
    },
    {
      "type": "Feature",
      "properties": {
        "link_id": "282",
        "name": "",
        "osm_way_id": "531",
        "from_node_id": "136",
        "to_node_id": "119",
        "directed": "1",
        "geometry": "LINESTRING (116.398488 39.91076, 116.398998 39.910768)",
        "dir_flag": "1",
        "length": "43.51",
        "facility_type": "residential",
        "link_type": "6",
        "free_speed": "",
        "lanes": "",
        "capacity": "",
        "allowed_uses": "auto",
        "notes": "",
        "feature_type": "link"
      },
      "geometry": {
        "type": "LineString",
        "coordinates": [
          [
            116.398488,
            39.91076
          ],
          [
            116.398998,
            39.910768
          ]
        ]
      }
    },
    {
      "type": "Feature",
      "properties": {
        "link_id": "283",
        "name": "",
        "osm_way_id": "531",
        "from_node_id": "119",
        "to_node_id": "136",
        "directed": "1",
        "geometry": "LINESTRING (116.398998 39.910768, 116.398488 39.91076)",
        "dir_flag": "1",
        "length": "43.51",
        "facility_type": "residential",
        "link_type": "6",
        "free_speed": "",
        "lanes": "",
        "capacity": "",
        "allowed_uses": "auto",
        "notes": "",
        "feature_type": "link"
      },
      "geometry": {
        "type": "LineString",
        "coordinates": [
          [
            116.398998,
            39.910768
          ],
          [
            116.398488,
            39.91076
          ]
        ]
      }
    },
    {
      "type": "Feature",
      "properties": {
        "link_id": "284",
        "name": "",
        "osm_way_id": "532",
        "from_node_id": "136",
        "to_node_id": "142",
        "directed": "1",
        "geometry": "LINESTRING (116.398488 39.91076, 116.398504 39.910347)",
        "dir_flag": "1",
        "length": "45.94",
        "facility_type": "residential",
        "link_type": "6",
        "free_speed": "",
        "lanes": "",
        "capacity": "",
        "allowed_uses": "auto",
        "notes": "",
        "feature_type": "link"
      },
      "geometry": {
        "type": "LineString",
        "coordinates": [
          [
            116.398488,
            39.91076
          ],
          [
            116.398504,
            39.910347
          ]
        ]
      }
    },
    {
      "type": "Feature",
      "properties": {
        "link_id": "285",
        "name": "",
        "osm_way_id": "532",
        "from_node_id": "142",
        "to_node_id": "136",
        "directed": "1",
        "geometry": "LINESTRING (116.398504 39.910347, 116.398488 39.91076)",
        "dir_flag": "1",
        "length": "45.94",
        "facility_type": "residential",
        "link_type": "6",
        "free_speed": "",
        "lanes": "",
        "capacity": "",
        "allowed_uses": "auto",
        "notes": "",
        "feature_type": "link"
      },
      "geometry": {
        "type": "LineString",
        "coordinates": [
          [
            116.398504,
            39.910347
          ],
          [
            116.398488,
            39.91076
          ]
        ]
      }
    },
    {
      "type": "Feature",
      "properties": {
        "link_id": "286",
        "name": "",
        "osm_way_id": "533",
        "from_node_id": "136",
        "to_node_id": "143",
        "directed": "1",
        "geometry": "LINESTRING (116.398488 39.91076, 116.398482 39.910846)",
        "dir_flag": "1",
        "length": "9.58",
        "facility_type": "residential",
        "link_type": "6",
        "free_speed": "",
        "lanes": "",
        "capacity": "",
        "allowed_uses": "auto",
        "notes": "",
        "feature_type": "link"
      },
      "geometry": {
        "type": "LineString",
        "coordinates": [
          [
            116.398488,
            39.91076
          ],
          [
            116.398482,
            39.910846
          ]
        ]
      }
    },
    {
      "type": "Feature",
      "properties": {
        "link_id": "287",
        "name": "",
        "osm_way_id": "533",
        "from_node_id": "143",
        "to_node_id": "136",
        "directed": "1",
        "geometry": "LINESTRING (116.398482 39.910846, 116.398488 39.91076)",
        "dir_flag": "1",
        "length": "9.58",
        "facility_type": "residential",
        "link_type": "6",
        "free_speed": "",
        "lanes": "",
        "capacity": "",
        "allowed_uses": "auto",
        "notes": "",
        "feature_type": "link"
      },
      "geometry": {
        "type": "LineString",
        "coordinates": [
          [
            116.398482,
            39.910846
          ],
          [
            116.398488,
            39.91076
          ]
        ]
      }
    },
    {
      "type": "Feature",
      "properties": {
        "link_id": "288",
        "name": "",
        "osm_way_id": "536",
        "from_node_id": "151",
        "to_node_id": "131",
        "directed": "1",
        "geometry": "LINESTRING (116.397271 39.91083, 116.397226 39.911388)",
        "dir_flag": "1",
        "length": "62.17",
        "facility_type": "residential",
        "link_type": "6",
        "free_speed": "",
        "lanes": "",
        "capacity": "",
        "allowed_uses": "auto",
        "notes": "",
        "feature_type": "link"
      },
      "geometry": {
        "type": "LineString",
        "coordinates": [
          [
            116.397271,
            39.91083
          ],
          [
            116.397226,
            39.911388
          ]
        ]
      }
    },
    {
      "type": "Feature",
      "properties": {
        "link_id": "289",
        "name": "",
        "osm_way_id": "536",
        "from_node_id": "131",
        "to_node_id": "151",
        "directed": "1",
        "geometry": "LINESTRING (116.397226 39.911388, 116.397271 39.91083)",
        "dir_flag": "1",
        "length": "62.17",
        "facility_type": "residential",
        "link_type": "6",
        "free_speed": "",
        "lanes": "",
        "capacity": "",
        "allowed_uses": "auto",
        "notes": "",
        "feature_type": "link"
      },
      "geometry": {
        "type": "LineString",
        "coordinates": [
          [
            116.397226,
            39.911388
          ],
          [
            116.397271,
            39.91083
          ]
        ]
      }
    },
    {
      "type": "Feature",
      "properties": {
        "link_id": "290",
        "name": "",
        "osm_way_id": "545",
        "from_node_id": "129",
        "to_node_id": "126",
        "directed": "1",
        "geometry": "LINESTRING (116.39901 39.91155, 116.398989 39.911474)",
        "dir_flag": "1",
        "length": "8.64",
        "facility_type": "residential",
        "link_type": "6",
        "free_speed": "",
        "lanes": "",
        "capacity": "",
        "allowed_uses": "auto",
        "notes": "",
        "feature_type": "link"
      },
      "geometry": {
        "type": "LineString",
        "coordinates": [
          [
            116.39901,
            39.91155
          ],
          [
            116.398989,
            39.911474
          ]
        ]
      }
    },
    {
      "type": "Feature",
      "properties": {
        "link_id": "291",
        "name": "",
        "osm_way_id": "545",
        "from_node_id": "126",
        "to_node_id": "129",
        "directed": "1",
        "geometry": "LINESTRING (116.398989 39.911474, 116.39901 39.91155)",
        "dir_flag": "1",
        "length": "8.64",
        "facility_type": "residential",
        "link_type": "6",
        "free_speed": "",
        "lanes": "",
        "capacity": "",
        "allowed_uses": "auto",
        "notes": "",
        "feature_type": "link"
      },
      "geometry": {
        "type": "LineString",
        "coordinates": [
          [
            116.398989,
            39.911474
          ],
          [
            116.39901,
            39.91155
          ]
        ]
      }
    },
    {
      "type": "Feature",
      "properties": {
        "link_id": "292",
        "name": "",
        "osm_way_id": "546",
        "from_node_id": "129",
        "to_node_id": "153",
        "directed": "1",
        "geometry": "LINESTRING (116.39901 39.91155, 116.399044 39.911646)",
        "dir_flag": "1",
        "length": "11.06",
        "facility_type": "residential",
        "link_type": "6",
        "free_speed": "",
        "lanes": "",
        "capacity": "",
        "allowed_uses": "auto",
        "notes": "",
        "feature_type": "link"
      },
      "geometry": {
        "type": "LineString",
        "coordinates": [
          [
            116.39901,
            39.91155
          ],
          [
            116.399044,
            39.911646
          ]
        ]
      }
    },
    {
      "type": "Feature",
      "properties": {
        "link_id": "293",
        "name": "",
        "osm_way_id": "546",
        "from_node_id": "153",
        "to_node_id": "129",
        "directed": "1",
        "geometry": "LINESTRING (116.399044 39.911646, 116.39901 39.91155)",
        "dir_flag": "1",
        "length": "11.06",
        "facility_type": "residential",
        "link_type": "6",
        "free_speed": "",
        "lanes": "",
        "capacity": "",
        "allowed_uses": "auto",
        "notes": "",
        "feature_type": "link"
      },
      "geometry": {
        "type": "LineString",
        "coordinates": [
          [
            116.399044,
            39.911646
          ],
          [
            116.39901,
            39.91155
          ]
        ]
      }
    },
    {
      "type": "Feature",
      "properties": {
        "link_id": "294",
        "name": "南池子大街",
        "osm_way_id": "551",
        "from_node_id": "154",
        "to_node_id": "152",
        "directed": "1",
        "geometry": "LINESTRING (116.397039 39.907574, 116.397023 39.907899)",
        "dir_flag": "1",
        "length": "36.16",
        "facility_type": "tertiary",
        "link_type": "5",
        "free_speed": "",
        "lanes": "1",
        "capacity": "",
        "allowed_uses": "auto",
        "notes": "",
        "feature_type": "link"
      },
      "geometry": {
        "type": "LineString",
        "coordinates": [
          [
            116.397039,
            39.907574
          ],
          [
            116.397023,
            39.907899
          ]
        ]
      }
    },
    {
      "type": "Feature",
      "properties": {
        "link_id": "295",
        "name": "南池子大街",
        "osm_way_id": "551",
        "from_node_id": "152",
        "to_node_id": "154",
        "directed": "1",
        "geometry": "LINESTRING (116.397023 39.907899, 116.397039 39.907574)",
        "dir_flag": "1",
        "length": "36.16",
        "facility_type": "tertiary",
        "link_type": "5",
        "free_speed": "",
        "lanes": "1",
        "capacity": "",
        "allowed_uses": "auto",
        "notes": "",
        "feature_type": "link"
      },
      "geometry": {
        "type": "LineString",
        "coordinates": [
          [
            116.397023,
            39.907899
          ],
          [
            116.397039,
            39.907574
          ]
        ]
      }
    },
    {
      "type": "Feature",
      "properties": {
        "link_id": "296",
        "name": "南池子大街",
        "osm_way_id": "552",
        "from_node_id": "154",
        "to_node_id": "155",
        "directed": "1",
        "geometry": "LINESTRING (116.397039 39.907574, 116.397048 39.907395)",
        "dir_flag": "1",
        "length": "19.92",
        "facility_type": "tertiary",
        "link_type": "5",
        "free_speed": "",
        "lanes": "1",
        "capacity": "",
        "allowed_uses": "auto",
        "notes": "",
        "feature_type": "link"
      },
      "geometry": {
        "type": "LineString",
        "coordinates": [
          [
            116.397039,
            39.907574
          ],
          [
            116.397048,
            39.907395
          ]
        ]
      }
    },
    {
      "type": "Feature",
      "properties": {
        "link_id": "297",
        "name": "南池子大街",
        "osm_way_id": "552",
        "from_node_id": "155",
        "to_node_id": "154",
        "directed": "1",
        "geometry": "LINESTRING (116.397048 39.907395, 116.397039 39.907574)",
        "dir_flag": "1",
        "length": "19.92",
        "facility_type": "tertiary",
        "link_type": "5",
        "free_speed": "",
        "lanes": "1",
        "capacity": "",
        "allowed_uses": "auto",
        "notes": "",
        "feature_type": "link"
      },
      "geometry": {
        "type": "LineString",
        "coordinates": [
          [
            116.397048,
            39.907395
          ],
          [
            116.397039,
            39.907574
          ]
        ]
      }
    },
    {
      "type": "Feature",
      "properties": {
        "link_id": "298",
        "name": "",
        "osm_way_id": "553",
        "from_node_id": "116",
        "to_node_id": "115",
        "directed": "1",
        "geometry": "LINESTRING (116.398794 39.91445, 116.398842 39.913836)",
        "dir_flag": "1",
        "length": "68.40",
        "facility_type": "residential",
        "link_type": "6",
        "free_speed": "",
        "lanes": "",
        "capacity": "",
        "allowed_uses": "auto",
        "notes": "",
        "feature_type": "link"
      },
      "geometry": {
        "type": "LineString",
        "coordinates": [
          [
            116.398794,
            39.91445
          ],
          [
            116.398842,
            39.913836
          ]
        ]
      }
    },
    {
      "type": "Feature",
      "properties": {
        "link_id": "299",
        "name": "",
        "osm_way_id": "553",
        "from_node_id": "115",
        "to_node_id": "116",
        "directed": "1",
        "geometry": "LINESTRING (116.398842 39.913836, 116.398794 39.91445)",
        "dir_flag": "1",
        "length": "68.40",
        "facility_type": "residential",
        "link_type": "6",
        "free_speed": "",
        "lanes": "",
        "capacity": "",
        "allowed_uses": "auto",
        "notes": "",
        "feature_type": "link"
      },
      "geometry": {
        "type": "LineString",
        "coordinates": [
          [
            116.398842,
            39.913836
          ],
          [
            116.398794,
            39.91445
          ]
        ]
      }
    },
    {
      "type": "Feature",
      "properties": {
        "link_id": "300",
        "name": "大纱帽胡同",
        "osm_way_id": "555",
        "from_node_id": "156",
        "to_node_id": "157",
        "directed": "1",
        "geometry": "LINESTRING (116.402621 39.909194, 116.402752 39.909188)",
        "dir_flag": "1",
        "length": "11.19",
        "facility_type": "residential",
        "link_type": "6",
        "free_speed": "",
        "lanes": "",
        "capacity": "",
        "allowed_uses": "auto",
        "notes": "",
        "feature_type": "link"
      },
      "geometry": {
        "type": "LineString",
        "coordinates": [
          [
            116.402621,
            39.909194
          ],
          [
            116.402752,
            39.909188
          ]
        ]
      }
    },
    {
      "type": "Feature",
      "properties": {
        "link_id": "301",
        "name": "大纱帽胡同",
        "osm_way_id": "555",
        "from_node_id": "157",
        "to_node_id": "156",
        "directed": "1",
        "geometry": "LINESTRING (116.402752 39.909188, 116.402621 39.909194)",
        "dir_flag": "1",
        "length": "11.19",
        "facility_type": "residential",
        "link_type": "6",
        "free_speed": "",
        "lanes": "",
        "capacity": "",
        "allowed_uses": "auto",
        "notes": "",
        "feature_type": "link"
      },
      "geometry": {
        "type": "LineString",
        "coordinates": [
          [
            116.402752,
            39.909188
          ],
          [
            116.402621,
            39.909194
          ]
        ]
      }
    },
    {
      "type": "Feature",
      "properties": {
        "link_id": "302",
        "name": "",
        "osm_way_id": "556",
        "from_node_id": "156",
        "to_node_id": "158",
        "directed": "1",
        "geometry": "LINESTRING (116.402621 39.909194, 116.402627 39.90902)",
        "dir_flag": "1",
        "length": "19.35",
        "facility_type": "residential",
        "link_type": "6",
        "free_speed": "",
        "lanes": "",
        "capacity": "",
        "allowed_uses": "auto",
        "notes": "",
        "feature_type": "link"
      },
      "geometry": {
        "type": "LineString",
        "coordinates": [
          [
            116.402621,
            39.909194
          ],
          [
            116.402627,
            39.90902
          ]
        ]
      }
    },
    {
      "type": "Feature",
      "properties": {
        "link_id": "303",
        "name": "",
        "osm_way_id": "556",
        "from_node_id": "158",
        "to_node_id": "156",
        "directed": "1",
        "geometry": "LINESTRING (116.402627 39.90902, 116.402621 39.909194)",
        "dir_flag": "1",
        "length": "19.35",
        "facility_type": "residential",
        "link_type": "6",
        "free_speed": "",
        "lanes": "",
        "capacity": "",
        "allowed_uses": "auto",
        "notes": "",
        "feature_type": "link"
      },
      "geometry": {
        "type": "LineString",
        "coordinates": [
          [
            116.402627,
            39.90902
          ],
          [
            116.402621,
            39.909194
          ]
        ]
      }
    },
    {
      "type": "Feature",
      "properties": {
        "link_id": "304",
        "name": "",
        "osm_way_id": "557",
        "from_node_id": "156",
        "to_node_id": "159",
        "directed": "1",
        "geometry": "LINESTRING (116.402621 39.909194, 116.402616 39.909284)",
        "dir_flag": "1",
        "length": "10.02",
        "facility_type": "residential",
        "link_type": "6",
        "free_speed": "",
        "lanes": "",
        "capacity": "",
        "allowed_uses": "auto",
        "notes": "",
        "feature_type": "link"
      },
      "geometry": {
        "type": "LineString",
        "coordinates": [
          [
            116.402621,
            39.909194
          ],
          [
            116.402616,
            39.909284
          ]
        ]
      }
    },
    {
      "type": "Feature",
      "properties": {
        "link_id": "305",
        "name": "",
        "osm_way_id": "557",
        "from_node_id": "159",
        "to_node_id": "156",
        "directed": "1",
        "geometry": "LINESTRING (116.402616 39.909284, 116.402621 39.909194)",
        "dir_flag": "1",
        "length": "10.02",
        "facility_type": "residential",
        "link_type": "6",
        "free_speed": "",
        "lanes": "",
        "capacity": "",
        "allowed_uses": "auto",
        "notes": "",
        "feature_type": "link"
      },
      "geometry": {
        "type": "LineString",
        "coordinates": [
          [
            116.402616,
            39.909284
          ],
          [
            116.402621,
            39.909194
          ]
        ]
      }
    },
    {
      "type": "Feature",
      "properties": {
        "link_id": "306",
        "name": "南口袋胡同",
        "osm_way_id": "558",
        "from_node_id": "156",
        "to_node_id": "160",
        "directed": "1",
        "geometry": "LINESTRING (116.402621 39.909194, 116.402431 39.90919)",
        "dir_flag": "1",
        "length": "16.21",
        "facility_type": "residential",
        "link_type": "6",
        "free_speed": "",
        "lanes": "",
        "capacity": "",
        "allowed_uses": "auto",
        "notes": "",
        "feature_type": "link"
      },
      "geometry": {
        "type": "LineString",
        "coordinates": [
          [
            116.402621,
            39.909194
          ],
          [
            116.402431,
            39.90919
          ]
        ]
      }
    },
    {
      "type": "Feature",
      "properties": {
        "link_id": "307",
        "name": "南口袋胡同",
        "osm_way_id": "558",
        "from_node_id": "160",
        "to_node_id": "156",
        "directed": "1",
        "geometry": "LINESTRING (116.402431 39.90919, 116.402621 39.909194)",
        "dir_flag": "1",
        "length": "16.21",
        "facility_type": "residential",
        "link_type": "6",
        "free_speed": "",
        "lanes": "",
        "capacity": "",
        "allowed_uses": "auto",
        "notes": "",
        "feature_type": "link"
      },
      "geometry": {
        "type": "LineString",
        "coordinates": [
          [
            116.402431,
            39.90919
          ],
          [
            116.402621,
            39.909194
          ]
        ]
      }
    },
    {
      "type": "Feature",
      "properties": {
        "link_id": "308",
        "name": "",
        "osm_way_id": "560",
        "from_node_id": "161",
        "to_node_id": "162",
        "directed": "1",
        "geometry": "LINESTRING (116.400568 39.90963, 116.401103 39.909628)",
        "dir_flag": "1",
        "length": "45.63",
        "facility_type": "residential",
        "link_type": "6",
        "free_speed": "",
        "lanes": "",
        "capacity": "",
        "allowed_uses": "auto",
        "notes": "",
        "feature_type": "link"
      },
      "geometry": {
        "type": "LineString",
        "coordinates": [
          [
            116.400568,
            39.90963
          ],
          [
            116.401103,
            39.909628
          ]
        ]
      }
    },
    {
      "type": "Feature",
      "properties": {
        "link_id": "309",
        "name": "",
        "osm_way_id": "560",
        "from_node_id": "162",
        "to_node_id": "161",
        "directed": "1",
        "geometry": "LINESTRING (116.401103 39.909628, 116.400568 39.90963)",
        "dir_flag": "1",
        "length": "45.63",
        "facility_type": "residential",
        "link_type": "6",
        "free_speed": "",
        "lanes": "",
        "capacity": "",
        "allowed_uses": "auto",
        "notes": "",
        "feature_type": "link"
      },
      "geometry": {
        "type": "LineString",
        "coordinates": [
          [
            116.401103,
            39.909628
          ],
          [
            116.400568,
            39.90963
          ]
        ]
      }
    },
    {
      "type": "Feature",
      "properties": {
        "link_id": "310",
        "name": "南河沿大街",
        "osm_way_id": "561",
        "from_node_id": "161",
        "to_node_id": "163",
        "directed": "1",
        "geometry": "LINESTRING (116.400568 39.90963, 116.400558 39.90982)",
        "dir_flag": "1",
        "length": "21.14",
        "facility_type": "secondary",
        "link_type": "4",
        "free_speed": "",
        "lanes": "",
        "capacity": "",
        "allowed_uses": "auto",
        "notes": "",
        "feature_type": "link"
      },
      "geometry": {
        "type": "LineString",
        "coordinates": [
          [
            116.400568,
            39.90963
          ],
          [
            116.400558,
            39.90982
          ]
        ]
      }
    },
    {
      "type": "Feature",
      "properties": {
        "link_id": "311",
        "name": "南河沿大街",
        "osm_way_id": "561",
        "from_node_id": "163",
        "to_node_id": "161",
        "directed": "1",
        "geometry": "LINESTRING (116.400558 39.90982, 116.400568 39.90963)",
        "dir_flag": "1",
        "length": "21.14",
        "facility_type": "secondary",
        "link_type": "4",
        "free_speed": "",
        "lanes": "",
        "capacity": "",
        "allowed_uses": "auto",
        "notes": "",
        "feature_type": "link"
      },
      "geometry": {
        "type": "LineString",
        "coordinates": [
          [
            116.400558,
            39.90982
          ],
          [
            116.400568,
            39.90963
          ]
        ]
      }
    },
    {
      "type": "Feature",
      "properties": {
        "link_id": "312",
        "name": "南河沿大街",
        "osm_way_id": "562",
        "from_node_id": "161",
        "to_node_id": "164",
        "directed": "1",
        "geometry": "LINESTRING (116.400568 39.90963, 116.40056 39.909417)",
        "dir_flag": "1",
        "length": "23.69",
        "facility_type": "secondary",
        "link_type": "4",
        "free_speed": "",
        "lanes": "",
        "capacity": "",
        "allowed_uses": "auto",
        "notes": "",
        "feature_type": "link"
      },
      "geometry": {
        "type": "LineString",
        "coordinates": [
          [
            116.400568,
            39.90963
          ],
          [
            116.40056,
            39.909417
          ]
        ]
      }
    },
    {
      "type": "Feature",
      "properties": {
        "link_id": "313",
        "name": "南河沿大街",
        "osm_way_id": "562",
        "from_node_id": "164",
        "to_node_id": "161",
        "directed": "1",
        "geometry": "LINESTRING (116.40056 39.909417, 116.400568 39.90963)",
        "dir_flag": "1",
        "length": "23.69",
        "facility_type": "secondary",
        "link_type": "4",
        "free_speed": "",
        "lanes": "",
        "capacity": "",
        "allowed_uses": "auto",
        "notes": "",
        "feature_type": "link"
      },
      "geometry": {
        "type": "LineString",
        "coordinates": [
          [
            116.40056,
            39.909417
          ],
          [
            116.400568,
            39.90963
          ]
        ]
      }
    },
    {
      "type": "Feature",
      "properties": {
        "link_id": "314",
        "name": "",
        "osm_way_id": "563",
        "from_node_id": "165",
        "to_node_id": "166",
        "directed": "1",
        "geometry": "LINESTRING (116.400567 39.910184, 116.401076 39.910184)",
        "dir_flag": "1",
        "length": "43.41",
        "facility_type": "residential",
        "link_type": "6",
        "free_speed": "",
        "lanes": "",
        "capacity": "",
        "allowed_uses": "auto",
        "notes": "",
        "feature_type": "link"
      },
      "geometry": {
        "type": "LineString",
        "coordinates": [
          [
            116.400567,
            39.910184
          ],
          [
            116.401076,
            39.910184
          ]
        ]
      }
    },
    {
      "type": "Feature",
      "properties": {
        "link_id": "315",
        "name": "",
        "osm_way_id": "563",
        "from_node_id": "166",
        "to_node_id": "165",
        "directed": "1",
        "geometry": "LINESTRING (116.401076 39.910184, 116.400567 39.910184)",
        "dir_flag": "1",
        "length": "43.41",
        "facility_type": "residential",
        "link_type": "6",
        "free_speed": "",
        "lanes": "",
        "capacity": "",
        "allowed_uses": "auto",
        "notes": "",
        "feature_type": "link"
      },
      "geometry": {
        "type": "LineString",
        "coordinates": [
          [
            116.401076,
            39.910184
          ],
          [
            116.400567,
            39.910184
          ]
        ]
      }
    },
    {
      "type": "Feature",
      "properties": {
        "link_id": "316",
        "name": "南河沿大街",
        "osm_way_id": "564",
        "from_node_id": "165",
        "to_node_id": "54",
        "directed": "1",
        "geometry": "LINESTRING (116.400567 39.910184, 116.400572 39.910592)",
        "dir_flag": "1",
        "length": "45.37",
        "facility_type": "secondary",
        "link_type": "4",
        "free_speed": "",
        "lanes": "",
        "capacity": "",
        "allowed_uses": "auto",
        "notes": "",
        "feature_type": "link"
      },
      "geometry": {
        "type": "LineString",
        "coordinates": [
          [
            116.400567,
            39.910184
          ],
          [
            116.400572,
            39.910592
          ]
        ]
      }
    },
    {
      "type": "Feature",
      "properties": {
        "link_id": "317",
        "name": "南河沿大街",
        "osm_way_id": "564",
        "from_node_id": "54",
        "to_node_id": "165",
        "directed": "1",
        "geometry": "LINESTRING (116.400572 39.910592, 116.400567 39.910184)",
        "dir_flag": "1",
        "length": "45.37",
        "facility_type": "secondary",
        "link_type": "4",
        "free_speed": "",
        "lanes": "",
        "capacity": "",
        "allowed_uses": "auto",
        "notes": "",
        "feature_type": "link"
      },
      "geometry": {
        "type": "LineString",
        "coordinates": [
          [
            116.400572,
            39.910592
          ],
          [
            116.400567,
            39.910184
          ]
        ]
      }
    },
    {
      "type": "Feature",
      "properties": {
        "link_id": "318",
        "name": "南河沿大街",
        "osm_way_id": "565",
        "from_node_id": "165",
        "to_node_id": "163",
        "directed": "1",
        "geometry": "LINESTRING (116.400567 39.910184, 116.400558 39.90982)",
        "dir_flag": "1",
        "length": "40.48",
        "facility_type": "secondary",
        "link_type": "4",
        "free_speed": "",
        "lanes": "",
        "capacity": "",
        "allowed_uses": "auto",
        "notes": "",
        "feature_type": "link"
      },
      "geometry": {
        "type": "LineString",
        "coordinates": [
          [
            116.400567,
            39.910184
          ],
          [
            116.400558,
            39.90982
          ]
        ]
      }
    },
    {
      "type": "Feature",
      "properties": {
        "link_id": "319",
        "name": "南河沿大街",
        "osm_way_id": "565",
        "from_node_id": "163",
        "to_node_id": "165",
        "directed": "1",
        "geometry": "LINESTRING (116.400558 39.90982, 116.400567 39.910184)",
        "dir_flag": "1",
        "length": "40.48",
        "facility_type": "secondary",
        "link_type": "4",
        "free_speed": "",
        "lanes": "",
        "capacity": "",
        "allowed_uses": "auto",
        "notes": "",
        "feature_type": "link"
      },
      "geometry": {
        "type": "LineString",
        "coordinates": [
          [
            116.400558,
            39.90982
          ],
          [
            116.400567,
            39.910184
          ]
        ]
      }
    },
    {
      "type": "Feature",
      "properties": {
        "link_id": "320",
        "name": "霞公府街",
        "osm_way_id": "566",
        "from_node_id": "97",
        "to_node_id": "167",
        "directed": "1",
        "geometry": "LINESTRING (116.401524 39.907944, 116.401592 39.907918)",
        "dir_flag": "1",
        "length": "6.48",
        "facility_type": "residential",
        "link_type": "6",
        "free_speed": "",
        "lanes": "",
        "capacity": "",
        "allowed_uses": "auto",
        "notes": "",
        "feature_type": "link"
      },
      "geometry": {
        "type": "LineString",
        "coordinates": [
          [
            116.401524,
            39.907944
          ],
          [
            116.401592,
            39.907918
          ]
        ]
      }
    },
    {
      "type": "Feature",
      "properties": {
        "link_id": "321",
        "name": "霞公府街",
        "osm_way_id": "566",
        "from_node_id": "167",
        "to_node_id": "97",
        "directed": "1",
        "geometry": "LINESTRING (116.401592 39.907918, 116.401524 39.907944)",
        "dir_flag": "1",
        "length": "6.48",
        "facility_type": "residential",
        "link_type": "6",
        "free_speed": "",
        "lanes": "",
        "capacity": "",
        "allowed_uses": "auto",
        "notes": "",
        "feature_type": "link"
      },
      "geometry": {
        "type": "LineString",
        "coordinates": [
          [
            116.401592,
            39.907918
          ],
          [
            116.401524,
            39.907944
          ]
        ]
      }
    },
    {
      "type": "Feature",
      "properties": {
        "link_id": "322",
        "name": "霞公府街",
        "osm_way_id": "567",
        "from_node_id": "97",
        "to_node_id": "95",
        "directed": "1",
        "geometry": "LINESTRING (116.401524 39.907944, 116.401136 39.908219)",
        "dir_flag": "1",
        "length": "45.06",
        "facility_type": "residential",
        "link_type": "6",
        "free_speed": "",
        "lanes": "",
        "capacity": "",
        "allowed_uses": "auto",
        "notes": "",
        "feature_type": "link"
      },
      "geometry": {
        "type": "LineString",
        "coordinates": [
          [
            116.401524,
            39.907944
          ],
          [
            116.401136,
            39.908219
          ]
        ]
      }
    },
    {
      "type": "Feature",
      "properties": {
        "link_id": "323",
        "name": "霞公府街",
        "osm_way_id": "567",
        "from_node_id": "95",
        "to_node_id": "97",
        "directed": "1",
        "geometry": "LINESTRING (116.401136 39.908219, 116.401524 39.907944)",
        "dir_flag": "1",
        "length": "45.06",
        "facility_type": "residential",
        "link_type": "6",
        "free_speed": "",
        "lanes": "",
        "capacity": "",
        "allowed_uses": "auto",
        "notes": "",
        "feature_type": "link"
      },
      "geometry": {
        "type": "LineString",
        "coordinates": [
          [
            116.401136,
            39.908219
          ],
          [
            116.401524,
            39.907944
          ]
        ]
      }
    },
    {
      "type": "Feature",
      "properties": {
        "link_id": "324",
        "name": "晨光街",
        "osm_way_id": "568",
        "from_node_id": "168",
        "to_node_id": "162",
        "directed": "1",
        "geometry": "LINESTRING (116.401096 39.909165, 116.401103 39.909628)",
        "dir_flag": "1",
        "length": "51.49",
        "facility_type": "residential",
        "link_type": "6",
        "free_speed": "",
        "lanes": "",
        "capacity": "",
        "allowed_uses": "auto",
        "notes": "",
        "feature_type": "link"
      },
      "geometry": {
        "type": "LineString",
        "coordinates": [
          [
            116.401096,
            39.909165
          ],
          [
            116.401103,
            39.909628
          ]
        ]
      }
    },
    {
      "type": "Feature",
      "properties": {
        "link_id": "325",
        "name": "晨光街",
        "osm_way_id": "568",
        "from_node_id": "162",
        "to_node_id": "168",
        "directed": "1",
        "geometry": "LINESTRING (116.401103 39.909628, 116.401096 39.909165)",
        "dir_flag": "1",
        "length": "51.49",
        "facility_type": "residential",
        "link_type": "6",
        "free_speed": "",
        "lanes": "",
        "capacity": "",
        "allowed_uses": "auto",
        "notes": "",
        "feature_type": "link"
      },
      "geometry": {
        "type": "LineString",
        "coordinates": [
          [
            116.401103,
            39.909628
          ],
          [
            116.401096,
            39.909165
          ]
        ]
      }
    },
    {
      "type": "Feature",
      "properties": {
        "link_id": "326",
        "name": "晨光街",
        "osm_way_id": "569",
        "from_node_id": "168",
        "to_node_id": "169",
        "directed": "1",
        "geometry": "LINESTRING (116.401096 39.909165, 116.401117 39.908352)",
        "dir_flag": "1",
        "length": "90.42",
        "facility_type": "residential",
        "link_type": "6",
        "free_speed": "",
        "lanes": "",
        "capacity": "",
        "allowed_uses": "auto",
        "notes": "",
        "feature_type": "link"
      },
      "geometry": {
        "type": "LineString",
        "coordinates": [
          [
            116.401096,
            39.909165
          ],
          [
            116.401117,
            39.908352
          ]
        ]
      }
    },
    {
      "type": "Feature",
      "properties": {
        "link_id": "327",
        "name": "晨光街",
        "osm_way_id": "569",
        "from_node_id": "169",
        "to_node_id": "168",
        "directed": "1",
        "geometry": "LINESTRING (116.401117 39.908352, 116.401096 39.909165)",
        "dir_flag": "1",
        "length": "90.42",
        "facility_type": "residential",
        "link_type": "6",
        "free_speed": "",
        "lanes": "",
        "capacity": "",
        "allowed_uses": "auto",
        "notes": "",
        "feature_type": "link"
      },
      "geometry": {
        "type": "LineString",
        "coordinates": [
          [
            116.401117,
            39.908352
          ],
          [
            116.401096,
            39.909165
          ]
        ]
      }
    },
    {
      "type": "Feature",
      "properties": {
        "link_id": "328",
        "name": "南口袋胡同",
        "osm_way_id": "570",
        "from_node_id": "168",
        "to_node_id": "170",
        "directed": "1",
        "geometry": "LINESTRING (116.401096 39.909165, 116.401195 39.909163)",
        "dir_flag": "1",
        "length": "8.45",
        "facility_type": "residential",
        "link_type": "6",
        "free_speed": "",
        "lanes": "",
        "capacity": "",
        "allowed_uses": "auto",
        "notes": "",
        "feature_type": "link"
      },
      "geometry": {
        "type": "LineString",
        "coordinates": [
          [
            116.401096,
            39.909165
          ],
          [
            116.401195,
            39.909163
          ]
        ]
      }
    },
    {
      "type": "Feature",
      "properties": {
        "link_id": "329",
        "name": "南口袋胡同",
        "osm_way_id": "570",
        "from_node_id": "170",
        "to_node_id": "168",
        "directed": "1",
        "geometry": "LINESTRING (116.401195 39.909163, 116.401096 39.909165)",
        "dir_flag": "1",
        "length": "8.45",
        "facility_type": "residential",
        "link_type": "6",
        "free_speed": "",
        "lanes": "",
        "capacity": "",
        "allowed_uses": "auto",
        "notes": "",
        "feature_type": "link"
      },
      "geometry": {
        "type": "LineString",
        "coordinates": [
          [
            116.401195,
            39.909163
          ],
          [
            116.401096,
            39.909165
          ]
        ]
      }
    },
    {
      "type": "Feature",
      "properties": {
        "link_id": "330",
        "name": "晨光街",
        "osm_way_id": "573",
        "from_node_id": "162",
        "to_node_id": "166",
        "directed": "1",
        "geometry": "LINESTRING (116.401103 39.909628, 116.401076 39.910184)",
        "dir_flag": "1",
        "length": "61.87",
        "facility_type": "residential",
        "link_type": "6",
        "free_speed": "",
        "lanes": "",
        "capacity": "",
        "allowed_uses": "auto",
        "notes": "",
        "feature_type": "link"
      },
      "geometry": {
        "type": "LineString",
        "coordinates": [
          [
            116.401103,
            39.909628
          ],
          [
            116.401076,
            39.910184
          ]
        ]
      }
    },
    {
      "type": "Feature",
      "properties": {
        "link_id": "331",
        "name": "晨光街",
        "osm_way_id": "573",
        "from_node_id": "166",
        "to_node_id": "162",
        "directed": "1",
        "geometry": "LINESTRING (116.401076 39.910184, 116.401103 39.909628)",
        "dir_flag": "1",
        "length": "61.87",
        "facility_type": "residential",
        "link_type": "6",
        "free_speed": "",
        "lanes": "",
        "capacity": "",
        "allowed_uses": "auto",
        "notes": "",
        "feature_type": "link"
      },
      "geometry": {
        "type": "LineString",
        "coordinates": [
          [
            116.401076,
            39.910184
          ],
          [
            116.401103,
            39.909628
          ]
        ]
      }
    },
    {
      "type": "Feature",
      "properties": {
        "link_id": "332",
        "name": "晨光街",
        "osm_way_id": "574",
        "from_node_id": "162",
        "to_node_id": "168",
        "directed": "1",
        "geometry": "LINESTRING (116.401103 39.909628, 116.401096 39.909165)",
        "dir_flag": "1",
        "length": "51.49",
        "facility_type": "residential",
        "link_type": "6",
        "free_speed": "",
        "lanes": "",
        "capacity": "",
        "allowed_uses": "auto",
        "notes": "",
        "feature_type": "link"
      },
      "geometry": {
        "type": "LineString",
        "coordinates": [
          [
            116.401103,
            39.909628
          ],
          [
            116.401096,
            39.909165
          ]
        ]
      }
    },
    {
      "type": "Feature",
      "properties": {
        "link_id": "333",
        "name": "晨光街",
        "osm_way_id": "574",
        "from_node_id": "168",
        "to_node_id": "162",
        "directed": "1",
        "geometry": "LINESTRING (116.401096 39.909165, 116.401103 39.909628)",
        "dir_flag": "1",
        "length": "51.49",
        "facility_type": "residential",
        "link_type": "6",
        "free_speed": "",
        "lanes": "",
        "capacity": "",
        "allowed_uses": "auto",
        "notes": "",
        "feature_type": "link"
      },
      "geometry": {
        "type": "LineString",
        "coordinates": [
          [
            116.401096,
            39.909165
          ],
          [
            116.401103,
            39.909628
          ]
        ]
      }
    },
    {
      "type": "Feature",
      "properties": {
        "link_id": "334",
        "name": "",
        "osm_way_id": "575",
        "from_node_id": "162",
        "to_node_id": "161",
        "directed": "1",
        "geometry": "LINESTRING (116.401103 39.909628, 116.400568 39.90963)",
        "dir_flag": "1",
        "length": "45.63",
        "facility_type": "residential",
        "link_type": "6",
        "free_speed": "",
        "lanes": "",
        "capacity": "",
        "allowed_uses": "auto",
        "notes": "",
        "feature_type": "link"
      },
      "geometry": {
        "type": "LineString",
        "coordinates": [
          [
            116.401103,
            39.909628
          ],
          [
            116.400568,
            39.90963
          ]
        ]
      }
    },
    {
      "type": "Feature",
      "properties": {
        "link_id": "335",
        "name": "",
        "osm_way_id": "575",
        "from_node_id": "161",
        "to_node_id": "162",
        "directed": "1",
        "geometry": "LINESTRING (116.400568 39.90963, 116.401103 39.909628)",
        "dir_flag": "1",
        "length": "45.63",
        "facility_type": "residential",
        "link_type": "6",
        "free_speed": "",
        "lanes": "",
        "capacity": "",
        "allowed_uses": "auto",
        "notes": "",
        "feature_type": "link"
      },
      "geometry": {
        "type": "LineString",
        "coordinates": [
          [
            116.400568,
            39.90963
          ],
          [
            116.401103,
            39.909628
          ]
        ]
      }
    },
    {
      "type": "Feature",
      "properties": {
        "link_id": "336",
        "name": "东长安街",
        "osm_way_id": "584",
        "from_node_id": "171",
        "to_node_id": "172",
        "directed": "1",
        "geometry": "LINESTRING (116.402091 39.906657, 116.401846 39.906655)",
        "dir_flag": "1",
        "length": "20.90",
        "facility_type": "trunk",
        "link_type": "2",
        "free_speed": "",
        "lanes": "",
        "capacity": "",
        "allowed_uses": "auto",
        "notes": "",
        "feature_type": "link"
      },
      "geometry": {
        "type": "LineString",
        "coordinates": [
          [
            116.402091,
            39.906657
          ],
          [
            116.401846,
            39.906655
          ]
        ]
      }
    },
    {
      "type": "Feature",
      "properties": {
        "link_id": "337",
        "name": "晨光街",
        "osm_way_id": "585",
        "from_node_id": "166",
        "to_node_id": "49",
        "directed": "1",
        "geometry": "LINESTRING (116.401076 39.910184, 116.401057 39.91058)",
        "dir_flag": "1",
        "length": "44.06",
        "facility_type": "residential",
        "link_type": "6",
        "free_speed": "",
        "lanes": "",
        "capacity": "",
        "allowed_uses": "auto",
        "notes": "",
        "feature_type": "link"
      },
      "geometry": {
        "type": "LineString",
        "coordinates": [
          [
            116.401076,
            39.910184
          ],
          [
            116.401057,
            39.91058
          ]
        ]
      }
    },
    {
      "type": "Feature",
      "properties": {
        "link_id": "338",
        "name": "晨光街",
        "osm_way_id": "585",
        "from_node_id": "49",
        "to_node_id": "166",
        "directed": "1",
        "geometry": "LINESTRING (116.401057 39.91058, 116.401076 39.910184)",
        "dir_flag": "1",
        "length": "44.06",
        "facility_type": "residential",
        "link_type": "6",
        "free_speed": "",
        "lanes": "",
        "capacity": "",
        "allowed_uses": "auto",
        "notes": "",
        "feature_type": "link"
      },
      "geometry": {
        "type": "LineString",
        "coordinates": [
          [
            116.401057,
            39.91058
          ],
          [
            116.401076,
            39.910184
          ]
        ]
      }
    },
    {
      "type": "Feature",
      "properties": {
        "link_id": "339",
        "name": "晨光街",
        "osm_way_id": "586",
        "from_node_id": "166",
        "to_node_id": "162",
        "directed": "1",
        "geometry": "LINESTRING (116.401076 39.910184, 116.401103 39.909628)",
        "dir_flag": "1",
        "length": "61.87",
        "facility_type": "residential",
        "link_type": "6",
        "free_speed": "",
        "lanes": "",
        "capacity": "",
        "allowed_uses": "auto",
        "notes": "",
        "feature_type": "link"
      },
      "geometry": {
        "type": "LineString",
        "coordinates": [
          [
            116.401076,
            39.910184
          ],
          [
            116.401103,
            39.909628
          ]
        ]
      }
    },
    {
      "type": "Feature",
      "properties": {
        "link_id": "340",
        "name": "晨光街",
        "osm_way_id": "586",
        "from_node_id": "162",
        "to_node_id": "166",
        "directed": "1",
        "geometry": "LINESTRING (116.401103 39.909628, 116.401076 39.910184)",
        "dir_flag": "1",
        "length": "61.87",
        "facility_type": "residential",
        "link_type": "6",
        "free_speed": "",
        "lanes": "",
        "capacity": "",
        "allowed_uses": "auto",
        "notes": "",
        "feature_type": "link"
      },
      "geometry": {
        "type": "LineString",
        "coordinates": [
          [
            116.401103,
            39.909628
          ],
          [
            116.401076,
            39.910184
          ]
        ]
      }
    },
    {
      "type": "Feature",
      "properties": {
        "link_id": "341",
        "name": "",
        "osm_way_id": "587",
        "from_node_id": "166",
        "to_node_id": "165",
        "directed": "1",
        "geometry": "LINESTRING (116.401076 39.910184, 116.400567 39.910184)",
        "dir_flag": "1",
        "length": "43.41",
        "facility_type": "residential",
        "link_type": "6",
        "free_speed": "",
        "lanes": "",
        "capacity": "",
        "allowed_uses": "auto",
        "notes": "",
        "feature_type": "link"
      },
      "geometry": {
        "type": "LineString",
        "coordinates": [
          [
            116.401076,
            39.910184
          ],
          [
            116.400567,
            39.910184
          ]
        ]
      }
    },
    {
      "type": "Feature",
      "properties": {
        "link_id": "342",
        "name": "",
        "osm_way_id": "587",
        "from_node_id": "165",
        "to_node_id": "166",
        "directed": "1",
        "geometry": "LINESTRING (116.400567 39.910184, 116.401076 39.910184)",
        "dir_flag": "1",
        "length": "43.41",
        "facility_type": "residential",
        "link_type": "6",
        "free_speed": "",
        "lanes": "",
        "capacity": "",
        "allowed_uses": "auto",
        "notes": "",
        "feature_type": "link"
      },
      "geometry": {
        "type": "LineString",
        "coordinates": [
          [
            116.400567,
            39.910184
          ],
          [
            116.401076,
            39.910184
          ]
        ]
      }
    },
    {
      "type": "Feature",
      "properties": {
        "link_id": "343",
        "name": "",
        "osm_way_id": "588",
        "from_node_id": "93",
        "to_node_id": "158",
        "directed": "1",
        "geometry": "LINESTRING (116.402664 39.907916, 116.402627 39.90902)",
        "dir_flag": "1",
        "length": "122.80",
        "facility_type": "residential",
        "link_type": "6",
        "free_speed": "",
        "lanes": "",
        "capacity": "",
        "allowed_uses": "auto",
        "notes": "",
        "feature_type": "link"
      },
      "geometry": {
        "type": "LineString",
        "coordinates": [
          [
            116.402664,
            39.907916
          ],
          [
            116.402627,
            39.90902
          ]
        ]
      }
    },
    {
      "type": "Feature",
      "properties": {
        "link_id": "344",
        "name": "",
        "osm_way_id": "588",
        "from_node_id": "158",
        "to_node_id": "93",
        "directed": "1",
        "geometry": "LINESTRING (116.402627 39.90902, 116.402664 39.907916)",
        "dir_flag": "1",
        "length": "122.80",
        "facility_type": "residential",
        "link_type": "6",
        "free_speed": "",
        "lanes": "",
        "capacity": "",
        "allowed_uses": "auto",
        "notes": "",
        "feature_type": "link"
      },
      "geometry": {
        "type": "LineString",
        "coordinates": [
          [
            116.402627,
            39.90902
          ],
          [
            116.402664,
            39.907916
          ]
        ]
      }
    },
    {
      "type": "Feature",
      "properties": {
        "link_id": "345",
        "name": "霞公府街",
        "osm_way_id": "589",
        "from_node_id": "93",
        "to_node_id": "92",
        "directed": "1",
        "geometry": "LINESTRING (116.402664 39.907916, 116.401719 39.907901)",
        "dir_flag": "1",
        "length": "80.62",
        "facility_type": "residential",
        "link_type": "6",
        "free_speed": "",
        "lanes": "",
        "capacity": "",
        "allowed_uses": "auto",
        "notes": "",
        "feature_type": "link"
      },
      "geometry": {
        "type": "LineString",
        "coordinates": [
          [
            116.402664,
            39.907916
          ],
          [
            116.401719,
            39.907901
          ]
        ]
      }
    },
    {
      "type": "Feature",
      "properties": {
        "link_id": "346",
        "name": "霞公府街",
        "osm_way_id": "589",
        "from_node_id": "92",
        "to_node_id": "93",
        "directed": "1",
        "geometry": "LINESTRING (116.401719 39.907901, 116.402664 39.907916)",
        "dir_flag": "1",
        "length": "80.62",
        "facility_type": "residential",
        "link_type": "6",
        "free_speed": "",
        "lanes": "",
        "capacity": "",
        "allowed_uses": "auto",
        "notes": "",
        "feature_type": "link"
      },
      "geometry": {
        "type": "LineString",
        "coordinates": [
          [
            116.401719,
            39.907901
          ],
          [
            116.402664,
            39.907916
          ]
        ]
      }
    },
    {
      "type": "Feature",
      "properties": {
        "link_id": "347",
        "name": "东长安街",
        "osm_way_id": "590",
        "from_node_id": "173",
        "to_node_id": "174",
        "directed": "1",
        "geometry": "LINESTRING (116.401286 39.906642, 116.400714 39.90662)",
        "dir_flag": "1",
        "length": "48.85",
        "facility_type": "trunk",
        "link_type": "2",
        "free_speed": "",
        "lanes": "",
        "capacity": "",
        "allowed_uses": "auto",
        "notes": "",
        "feature_type": "link"
      },
      "geometry": {
        "type": "LineString",
        "coordinates": [
          [
            116.401286,
            39.906642
          ],
          [
            116.400714,
            39.90662
          ]
        ]
      }
    },
    {
      "type": "Feature",
      "properties": {
        "link_id": "348",
        "name": "东长安街",
        "osm_way_id": "593",
        "from_node_id": "172",
        "to_node_id": "173",
        "directed": "1",
        "geometry": "LINESTRING (116.401846 39.906655, 116.401286 39.906642)",
        "dir_flag": "1",
        "length": "47.79",
        "facility_type": "trunk",
        "link_type": "2",
        "free_speed": "",
        "lanes": "",
        "capacity": "",
        "allowed_uses": "auto",
        "notes": "",
        "feature_type": "link"
      },
      "geometry": {
        "type": "LineString",
        "coordinates": [
          [
            116.401846,
            39.906655
          ],
          [
            116.401286,
            39.906642
          ]
        ]
      }
    },
    {
      "type": "Feature",
      "properties": {
        "link_id": "349",
        "name": "正义路",
        "osm_way_id": "597",
        "from_node_id": "175",
        "to_node_id": "176",
        "directed": "1",
        "geometry": "LINESTRING (116.400578 39.906228, 116.400578 39.906282)",
        "dir_flag": "1",
        "length": "6.00",
        "facility_type": "tertiary",
        "link_type": "5",
        "free_speed": "",
        "lanes": "",
        "capacity": "",
        "allowed_uses": "auto",
        "notes": "",
        "feature_type": "link"
      },
      "geometry": {
        "type": "LineString",
        "coordinates": [
          [
            116.400578,
            39.906228
          ],
          [
            116.400578,
            39.906282
          ]
        ]
      }
    },
    {
      "type": "Feature",
      "properties": {
        "link_id": "350",
        "name": "正义路",
        "osm_way_id": "598",
        "from_node_id": "40",
        "to_node_id": "177",
        "directed": "1",
        "geometry": "LINESTRING (116.400818 39.903137, 116.400616 39.905448)",
        "dir_flag": "1",
        "length": "257.55",
        "facility_type": "tertiary",
        "link_type": "5",
        "free_speed": "",
        "lanes": "",
        "capacity": "",
        "allowed_uses": "auto",
        "notes": "",
        "feature_type": "link"
      },
      "geometry": {
        "type": "LineString",
        "coordinates": [
          [
            116.400818,
            39.903137
          ],
          [
            116.400616,
            39.905448
          ]
        ]
      }
    },
    {
      "type": "Feature",
      "properties": {
        "link_id": "351",
        "name": "",
        "osm_way_id": "599",
        "from_node_id": "40",
        "to_node_id": "39",
        "directed": "1",
        "geometry": "LINESTRING (116.400818 39.903137, 116.400437 39.903112)",
        "dir_flag": "1",
        "length": "32.62",
        "facility_type": "unclassified",
        "link_type": "20",
        "free_speed": "",
        "lanes": "",
        "capacity": "",
        "allowed_uses": "auto",
        "notes": "",
        "feature_type": "link"
      },
      "geometry": {
        "type": "LineString",
        "coordinates": [
          [
            116.400818,
            39.903137
          ],
          [
            116.400437,
            39.903112
          ]
        ]
      }
    },
    {
      "type": "Feature",
      "properties": {
        "link_id": "352",
        "name": "",
        "osm_way_id": "599",
        "from_node_id": "39",
        "to_node_id": "40",
        "directed": "1",
        "geometry": "LINESTRING (116.400437 39.903112, 116.400818 39.903137)",
        "dir_flag": "1",
        "length": "32.62",
        "facility_type": "unclassified",
        "link_type": "20",
        "free_speed": "",
        "lanes": "",
        "capacity": "",
        "allowed_uses": "auto",
        "notes": "",
        "feature_type": "link"
      },
      "geometry": {
        "type": "LineString",
        "coordinates": [
          [
            116.400437,
            39.903112
          ],
          [
            116.400818,
            39.903137
          ]
        ]
      }
    },
    {
      "type": "Feature",
      "properties": {
        "link_id": "353",
        "name": "人大会堂西路",
        "osm_way_id": "612",
        "from_node_id": "79",
        "to_node_id": "76",
        "directed": "1",
        "geometry": "LINESTRING (116.385422 39.900935, 116.385443 39.900399)",
        "dir_flag": "1",
        "length": "59.63",
        "facility_type": "tertiary",
        "link_type": "5",
        "free_speed": "",
        "lanes": "",
        "capacity": "",
        "allowed_uses": "auto",
        "notes": "",
        "feature_type": "link"
      },
      "geometry": {
        "type": "LineString",
        "coordinates": [
          [
            116.385422,
            39.900935
          ],
          [
            116.385443,
            39.900399
          ]
        ]
      }
    },
    {
      "type": "Feature",
      "properties": {
        "link_id": "354",
        "name": "人大会堂西路",
        "osm_way_id": "612",
        "from_node_id": "76",
        "to_node_id": "79",
        "directed": "1",
        "geometry": "LINESTRING (116.385443 39.900399, 116.385422 39.900935)",
        "dir_flag": "1",
        "length": "59.63",
        "facility_type": "tertiary",
        "link_type": "5",
        "free_speed": "",
        "lanes": "",
        "capacity": "",
        "allowed_uses": "auto",
        "notes": "",
        "feature_type": "link"
      },
      "geometry": {
        "type": "LineString",
        "coordinates": [
          [
            116.385443,
            39.900399
          ],
          [
            116.385422,
            39.900935
          ]
        ]
      }
    },
    {
      "type": "Feature",
      "properties": {
        "link_id": "355",
        "name": "人大会堂西路",
        "osm_way_id": "613",
        "from_node_id": "79",
        "to_node_id": "72",
        "directed": "1",
        "geometry": "LINESTRING (116.385422 39.900935, 116.385413 39.901215)",
        "dir_flag": "1",
        "length": "31.14",
        "facility_type": "tertiary",
        "link_type": "5",
        "free_speed": "",
        "lanes": "",
        "capacity": "",
        "allowed_uses": "auto",
        "notes": "",
        "feature_type": "link"
      },
      "geometry": {
        "type": "LineString",
        "coordinates": [
          [
            116.385422,
            39.900935
          ],
          [
            116.385413,
            39.901215
          ]
        ]
      }
    },
    {
      "type": "Feature",
      "properties": {
        "link_id": "356",
        "name": "人大会堂西路",
        "osm_way_id": "613",
        "from_node_id": "72",
        "to_node_id": "79",
        "directed": "1",
        "geometry": "LINESTRING (116.385413 39.901215, 116.385422 39.900935)",
        "dir_flag": "1",
        "length": "31.14",
        "facility_type": "tertiary",
        "link_type": "5",
        "free_speed": "",
        "lanes": "",
        "capacity": "",
        "allowed_uses": "auto",
        "notes": "",
        "feature_type": "link"
      },
      "geometry": {
        "type": "LineString",
        "coordinates": [
          [
            116.385413,
            39.901215
          ],
          [
            116.385422,
            39.900935
          ]
        ]
      }
    },
    {
      "type": "Feature",
      "properties": {
        "link_id": "357",
        "name": "石碑胡同",
        "osm_way_id": "616",
        "from_node_id": "21",
        "to_node_id": "24",
        "directed": "1",
        "geometry": "LINESTRING (116.381831 39.903999, 116.381872 39.90429)",
        "dir_flag": "1",
        "length": "32.55",
        "facility_type": "tertiary",
        "link_type": "5",
        "free_speed": "",
        "lanes": "",
        "capacity": "",
        "allowed_uses": "auto",
        "notes": "",
        "feature_type": "link"
      },
      "geometry": {
        "type": "LineString",
        "coordinates": [
          [
            116.381831,
            39.903999
          ],
          [
            116.381872,
            39.90429
          ]
        ]
      }
    },
    {
      "type": "Feature",
      "properties": {
        "link_id": "358",
        "name": "石碑胡同",
        "osm_way_id": "616",
        "from_node_id": "24",
        "to_node_id": "21",
        "directed": "1",
        "geometry": "LINESTRING (116.381872 39.90429, 116.381831 39.903999)",
        "dir_flag": "1",
        "length": "32.55",
        "facility_type": "tertiary",
        "link_type": "5",
        "free_speed": "",
        "lanes": "",
        "capacity": "",
        "allowed_uses": "auto",
        "notes": "",
        "feature_type": "link"
      },
      "geometry": {
        "type": "LineString",
        "coordinates": [
          [
            116.381872,
            39.90429
          ],
          [
            116.381831,
            39.903999
          ]
        ]
      }
    },
    {
      "type": "Feature",
      "properties": {
        "link_id": "359",
        "name": "石碑胡同",
        "osm_way_id": "617",
        "from_node_id": "21",
        "to_node_id": "20",
        "directed": "1",
        "geometry": "LINESTRING (116.381831 39.903999, 116.381767 39.903548)",
        "dir_flag": "1",
        "length": "50.45",
        "facility_type": "tertiary",
        "link_type": "5",
        "free_speed": "",
        "lanes": "",
        "capacity": "",
        "allowed_uses": "auto",
        "notes": "",
        "feature_type": "link"
      },
      "geometry": {
        "type": "LineString",
        "coordinates": [
          [
            116.381831,
            39.903999
          ],
          [
            116.381767,
            39.903548
          ]
        ]
      }
    },
    {
      "type": "Feature",
      "properties": {
        "link_id": "360",
        "name": "石碑胡同",
        "osm_way_id": "617",
        "from_node_id": "20",
        "to_node_id": "21",
        "directed": "1",
        "geometry": "LINESTRING (116.381767 39.903548, 116.381831 39.903999)",
        "dir_flag": "1",
        "length": "50.45",
        "facility_type": "tertiary",
        "link_type": "5",
        "free_speed": "",
        "lanes": "",
        "capacity": "",
        "allowed_uses": "auto",
        "notes": "",
        "feature_type": "link"
      },
      "geometry": {
        "type": "LineString",
        "coordinates": [
          [
            116.381767,
            39.903548
          ],
          [
            116.381831,
            39.903999
          ]
        ]
      }
    },
    {
      "type": "Feature",
      "properties": {
        "link_id": "361",
        "name": "西华门大街",
        "osm_way_id": "680",
        "from_node_id": "178",
        "to_node_id": "179",
        "directed": "1",
        "geometry": "LINESTRING (116.383079 39.913345, 116.383242 39.913347)",
        "dir_flag": "1",
        "length": "13.90",
        "facility_type": "unclassified",
        "link_type": "20",
        "free_speed": "",
        "lanes": "",
        "capacity": "",
        "allowed_uses": "auto",
        "notes": "",
        "feature_type": "link"
      },
      "geometry": {
        "type": "LineString",
        "coordinates": [
          [
            116.383079,
            39.913345
          ],
          [
            116.383242,
            39.913347
          ]
        ]
      }
    },
    {
      "type": "Feature",
      "properties": {
        "link_id": "362",
        "name": "西华门大街",
        "osm_way_id": "680",
        "from_node_id": "179",
        "to_node_id": "178",
        "directed": "1",
        "geometry": "LINESTRING (116.383242 39.913347, 116.383079 39.913345)",
        "dir_flag": "1",
        "length": "13.90",
        "facility_type": "unclassified",
        "link_type": "20",
        "free_speed": "",
        "lanes": "",
        "capacity": "",
        "allowed_uses": "auto",
        "notes": "",
        "feature_type": "link"
      },
      "geometry": {
        "type": "LineString",
        "coordinates": [
          [
            116.383242,
            39.913347
          ],
          [
            116.383079,
            39.913345
          ]
        ]
      }
    },
    {
      "type": "Feature",
      "properties": {
        "link_id": "363",
        "name": "西长安街",
        "osm_way_id": "728",
        "from_node_id": "180",
        "to_node_id": "181",
        "directed": "1",
        "geometry": "LINESTRING (116.383412 39.905844, 116.383595 39.905849)",
        "dir_flag": "1",
        "length": "15.62",
        "facility_type": "trunk",
        "link_type": "2",
        "free_speed": "",
        "lanes": "",
        "capacity": "",
        "allowed_uses": "auto",
        "notes": "",
        "feature_type": "link"
      },
      "geometry": {
        "type": "LineString",
        "coordinates": [
          [
            116.383412,
            39.905844
          ],
          [
            116.383595,
            39.905849
          ]
        ]
      }
    },
    {
      "type": "Feature",
      "properties": {
        "link_id": "364",
        "name": "西交民巷",
        "osm_way_id": "740",
        "from_node_id": "182",
        "to_node_id": "76",
        "directed": "1",
        "geometry": "LINESTRING (116.384489 39.900436, 116.385443 39.900399)",
        "dir_flag": "1",
        "length": "81.48",
        "facility_type": "tertiary",
        "link_type": "5",
        "free_speed": "",
        "lanes": "",
        "capacity": "",
        "allowed_uses": "auto",
        "notes": "",
        "feature_type": "link"
      },
      "geometry": {
        "type": "LineString",
        "coordinates": [
          [
            116.384489,
            39.900436
          ],
          [
            116.385443,
            39.900399
          ]
        ]
      }
    },
    {
      "type": "Feature",
      "properties": {
        "link_id": "365",
        "name": "南池子大街",
        "osm_way_id": "741",
        "from_node_id": "183",
        "to_node_id": "184",
        "directed": "1",
        "geometry": "LINESTRING (116.397066 39.907018, 116.397056 39.907228)",
        "dir_flag": "1",
        "length": "23.37",
        "facility_type": "tertiary",
        "link_type": "5",
        "free_speed": "",
        "lanes": "1",
        "capacity": "",
        "allowed_uses": "auto",
        "notes": "",
        "feature_type": "link"
      },
      "geometry": {
        "type": "LineString",
        "coordinates": [
          [
            116.397066,
            39.907018
          ],
          [
            116.397056,
            39.907228
          ]
        ]
      }
    },
    {
      "type": "Feature",
      "properties": {
        "link_id": "366",
        "name": "南池子大街",
        "osm_way_id": "741",
        "from_node_id": "184",
        "to_node_id": "183",
        "directed": "1",
        "geometry": "LINESTRING (116.397056 39.907228, 116.397066 39.907018)",
        "dir_flag": "1",
        "length": "23.37",
        "facility_type": "tertiary",
        "link_type": "5",
        "free_speed": "",
        "lanes": "1",
        "capacity": "",
        "allowed_uses": "auto",
        "notes": "",
        "feature_type": "link"
      },
      "geometry": {
        "type": "LineString",
        "coordinates": [
          [
            116.397056,
            39.907228
          ],
          [
            116.397066,
            39.907018
          ]
        ]
      }
    },
    {
      "type": "Feature",
      "properties": {
        "link_id": "367",
        "name": "南池子大街",
        "osm_way_id": "742",
        "from_node_id": "183",
        "to_node_id": "185",
        "directed": "1",
        "geometry": "LINESTRING (116.397066 39.907018, 116.397071 39.906928)",
        "dir_flag": "1",
        "length": "10.02",
        "facility_type": "tertiary",
        "link_type": "5",
        "free_speed": "",
        "lanes": "1",
        "capacity": "",
        "allowed_uses": "auto",
        "notes": "",
        "feature_type": "link"
      },
      "geometry": {
        "type": "LineString",
        "coordinates": [
          [
            116.397066,
            39.907018
          ],
          [
            116.397071,
            39.906928
          ]
        ]
      }
    },
    {
      "type": "Feature",
      "properties": {
        "link_id": "368",
        "name": "南池子大街",
        "osm_way_id": "742",
        "from_node_id": "185",
        "to_node_id": "183",
        "directed": "1",
        "geometry": "LINESTRING (116.397071 39.906928, 116.397066 39.907018)",
        "dir_flag": "1",
        "length": "10.02",
        "facility_type": "tertiary",
        "link_type": "5",
        "free_speed": "",
        "lanes": "1",
        "capacity": "",
        "allowed_uses": "auto",
        "notes": "",
        "feature_type": "link"
      },
      "geometry": {
        "type": "LineString",
        "coordinates": [
          [
            116.397071,
            39.906928
          ],
          [
            116.397066,
            39.907018
          ]
        ]
      }
    },
    {
      "type": "Feature",
      "properties": {
        "link_id": "369",
        "name": "南池子大街",
        "osm_way_id": "761",
        "from_node_id": "184",
        "to_node_id": "186",
        "directed": "1",
        "geometry": "LINESTRING (116.397056 39.907228, 116.397051 39.907336)",
        "dir_flag": "1",
        "length": "12.02",
        "facility_type": "tertiary",
        "link_type": "5",
        "free_speed": "",
        "lanes": "1",
        "capacity": "",
        "allowed_uses": "auto",
        "notes": "",
        "feature_type": "link"
      },
      "geometry": {
        "type": "LineString",
        "coordinates": [
          [
            116.397056,
            39.907228
          ],
          [
            116.397051,
            39.907336
          ]
        ]
      }
    },
    {
      "type": "Feature",
      "properties": {
        "link_id": "370",
        "name": "南池子大街",
        "osm_way_id": "761",
        "from_node_id": "186",
        "to_node_id": "184",
        "directed": "1",
        "geometry": "LINESTRING (116.397051 39.907336, 116.397056 39.907228)",
        "dir_flag": "1",
        "length": "12.02",
        "facility_type": "tertiary",
        "link_type": "5",
        "free_speed": "",
        "lanes": "1",
        "capacity": "",
        "allowed_uses": "auto",
        "notes": "",
        "feature_type": "link"
      },
      "geometry": {
        "type": "LineString",
        "coordinates": [
          [
            116.397051,
            39.907336
          ],
          [
            116.397056,
            39.907228
          ]
        ]
      }
    },
    {
      "type": "Feature",
      "properties": {
        "link_id": "371",
        "name": "南池子大街",
        "osm_way_id": "762",
        "from_node_id": "184",
        "to_node_id": "183",
        "directed": "1",
        "geometry": "LINESTRING (116.397056 39.907228, 116.397066 39.907018)",
        "dir_flag": "1",
        "length": "23.37",
        "facility_type": "tertiary",
        "link_type": "5",
        "free_speed": "",
        "lanes": "1",
        "capacity": "",
        "allowed_uses": "auto",
        "notes": "",
        "feature_type": "link"
      },
      "geometry": {
        "type": "LineString",
        "coordinates": [
          [
            116.397056,
            39.907228
          ],
          [
            116.397066,
            39.907018
          ]
        ]
      }
    },
    {
      "type": "Feature",
      "properties": {
        "link_id": "372",
        "name": "南池子大街",
        "osm_way_id": "762",
        "from_node_id": "183",
        "to_node_id": "184",
        "directed": "1",
        "geometry": "LINESTRING (116.397066 39.907018, 116.397056 39.907228)",
        "dir_flag": "1",
        "length": "23.37",
        "facility_type": "tertiary",
        "link_type": "5",
        "free_speed": "",
        "lanes": "1",
        "capacity": "",
        "allowed_uses": "auto",
        "notes": "",
        "feature_type": "link"
      },
      "geometry": {
        "type": "LineString",
        "coordinates": [
          [
            116.397066,
            39.907018
          ],
          [
            116.397056,
            39.907228
          ]
        ]
      }
    },
    {
      "type": "Feature",
      "properties": {
        "link_id": "373",
        "name": "南河沿大街",
        "osm_way_id": "778",
        "from_node_id": "26",
        "to_node_id": "98",
        "directed": "1",
        "geometry": "LINESTRING (116.40043 39.907258, 116.400449 39.907491)",
        "dir_flag": "1",
        "length": "25.96",
        "facility_type": "secondary",
        "link_type": "4",
        "free_speed": "",
        "lanes": "",
        "capacity": "",
        "allowed_uses": "auto",
        "notes": "",
        "feature_type": "link"
      },
      "geometry": {
        "type": "LineString",
        "coordinates": [
          [
            116.40043,
            39.907258
          ],
          [
            116.400449,
            39.907491
          ]
        ]
      }
    },
    {
      "type": "Feature",
      "properties": {
        "link_id": "374",
        "name": "南河沿大街",
        "osm_way_id": "778",
        "from_node_id": "98",
        "to_node_id": "26",
        "directed": "1",
        "geometry": "LINESTRING (116.400449 39.907491, 116.40043 39.907258)",
        "dir_flag": "1",
        "length": "25.96",
        "facility_type": "secondary",
        "link_type": "4",
        "free_speed": "",
        "lanes": "",
        "capacity": "",
        "allowed_uses": "auto",
        "notes": "",
        "feature_type": "link"
      },
      "geometry": {
        "type": "LineString",
        "coordinates": [
          [
            116.400449,
            39.907491
          ],
          [
            116.40043,
            39.907258
          ]
        ]
      }
    },
    {
      "type": "Feature",
      "properties": {
        "link_id": "375",
        "name": "南河沿大街",
        "osm_way_id": "779",
        "from_node_id": "26",
        "to_node_id": "25",
        "directed": "1",
        "geometry": "LINESTRING (116.40043 39.907258, 116.400416 39.906864)",
        "dir_flag": "1",
        "length": "43.83",
        "facility_type": "secondary",
        "link_type": "4",
        "free_speed": "",
        "lanes": "",
        "capacity": "",
        "allowed_uses": "auto",
        "notes": "",
        "feature_type": "link"
      },
      "geometry": {
        "type": "LineString",
        "coordinates": [
          [
            116.40043,
            39.907258
          ],
          [
            116.400416,
            39.906864
          ]
        ]
      }
    },
    {
      "type": "Feature",
      "properties": {
        "link_id": "376",
        "name": "南河沿大街",
        "osm_way_id": "779",
        "from_node_id": "25",
        "to_node_id": "26",
        "directed": "1",
        "geometry": "LINESTRING (116.400416 39.906864, 116.40043 39.907258)",
        "dir_flag": "1",
        "length": "43.83",
        "facility_type": "secondary",
        "link_type": "4",
        "free_speed": "",
        "lanes": "",
        "capacity": "",
        "allowed_uses": "auto",
        "notes": "",
        "feature_type": "link"
      },
      "geometry": {
        "type": "LineString",
        "coordinates": [
          [
            116.400416,
            39.906864
          ],
          [
            116.40043,
            39.907258
          ]
        ]
      }
    },
    {
      "type": "Feature",
      "properties": {
        "link_id": "377",
        "name": "大宴乐胡同",
        "osm_way_id": "794",
        "from_node_id": "187",
        "to_node_id": "135",
        "directed": "1",
        "geometry": "LINESTRING (116.384579 39.908433, 116.384608 39.90786)",
        "dir_flag": "1",
        "length": "63.76",
        "facility_type": "residential",
        "link_type": "6",
        "free_speed": "",
        "lanes": "",
        "capacity": "",
        "allowed_uses": "auto",
        "notes": "",
        "feature_type": "link"
      },
      "geometry": {
        "type": "LineString",
        "coordinates": [
          [
            116.384579,
            39.908433
          ],
          [
            116.384608,
            39.90786
          ]
        ]
      }
    },
    {
      "type": "Feature",
      "properties": {
        "link_id": "378",
        "name": "大宴乐胡同",
        "osm_way_id": "794",
        "from_node_id": "135",
        "to_node_id": "187",
        "directed": "1",
        "geometry": "LINESTRING (116.384608 39.90786, 116.384579 39.908433)",
        "dir_flag": "1",
        "length": "63.76",
        "facility_type": "residential",
        "link_type": "6",
        "free_speed": "",
        "lanes": "",
        "capacity": "",
        "allowed_uses": "auto",
        "notes": "",
        "feature_type": "link"
      },
      "geometry": {
        "type": "LineString",
        "coordinates": [
          [
            116.384608,
            39.90786
          ],
          [
            116.384579,
            39.908433
          ]
        ]
      }
    },
    {
      "type": "Feature",
      "properties": {
        "link_id": "379",
        "name": "新大路",
        "osm_way_id": "795",
        "from_node_id": "107",
        "to_node_id": "109",
        "directed": "1",
        "geometry": "LINESTRING (116.393578 39.901558, 116.393763 39.901562)",
        "dir_flag": "1",
        "length": "15.79",
        "facility_type": "residential",
        "link_type": "6",
        "free_speed": "",
        "lanes": "",
        "capacity": "",
        "allowed_uses": "auto",
        "notes": "",
        "feature_type": "link"
      },
      "geometry": {
        "type": "LineString",
        "coordinates": [
          [
            116.393578,
            39.901558
          ],
          [
            116.393763,
            39.901562
          ]
        ]
      }
    },
    {
      "type": "Feature",
      "properties": {
        "link_id": "380",
        "name": "新大路",
        "osm_way_id": "795",
        "from_node_id": "109",
        "to_node_id": "107",
        "directed": "1",
        "geometry": "LINESTRING (116.393763 39.901562, 116.393578 39.901558)",
        "dir_flag": "1",
        "length": "15.79",
        "facility_type": "residential",
        "link_type": "6",
        "free_speed": "",
        "lanes": "",
        "capacity": "",
        "allowed_uses": "auto",
        "notes": "",
        "feature_type": "link"
      },
      "geometry": {
        "type": "LineString",
        "coordinates": [
          [
            116.393763,
            39.901562
          ],
          [
            116.393578,
            39.901558
          ]
        ]
      }
    },
    {
      "type": "Feature",
      "properties": {
        "link_id": "381",
        "name": "新大路",
        "osm_way_id": "796",
        "from_node_id": "107",
        "to_node_id": "105",
        "directed": "1",
        "geometry": "LINESTRING (116.393578 39.901558, 116.393316 39.901552)",
        "dir_flag": "1",
        "length": "22.36",
        "facility_type": "residential",
        "link_type": "6",
        "free_speed": "",
        "lanes": "",
        "capacity": "",
        "allowed_uses": "auto",
        "notes": "",
        "feature_type": "link"
      },
      "geometry": {
        "type": "LineString",
        "coordinates": [
          [
            116.393578,
            39.901558
          ],
          [
            116.393316,
            39.901552
          ]
        ]
      }
    },
    {
      "type": "Feature",
      "properties": {
        "link_id": "382",
        "name": "新大路",
        "osm_way_id": "796",
        "from_node_id": "105",
        "to_node_id": "107",
        "directed": "1",
        "geometry": "LINESTRING (116.393316 39.901552, 116.393578 39.901558)",
        "dir_flag": "1",
        "length": "22.36",
        "facility_type": "residential",
        "link_type": "6",
        "free_speed": "",
        "lanes": "",
        "capacity": "",
        "allowed_uses": "auto",
        "notes": "",
        "feature_type": "link"
      },
      "geometry": {
        "type": "LineString",
        "coordinates": [
          [
            116.393316,
            39.901552
          ],
          [
            116.393578,
            39.901558
          ]
        ]
      }
    },
    {
      "type": "Feature",
      "properties": {
        "link_id": "383",
        "name": "广场东侧路",
        "osm_way_id": "799",
        "from_node_id": "106",
        "to_node_id": "188",
        "directed": "1",
        "geometry": "LINESTRING (116.393304 39.901833, 116.393301 39.901895)",
        "dir_flag": "1",
        "length": "6.90",
        "facility_type": "secondary",
        "link_type": "4",
        "free_speed": "70",
        "lanes": "4",
        "capacity": "",
        "allowed_uses": "auto",
        "notes": "",
        "feature_type": "link"
      },
      "geometry": {
        "type": "LineString",
        "coordinates": [
          [
            116.393304,
            39.901833
          ],
          [
            116.393301,
            39.901895
          ]
        ]
      }
    },
    {
      "type": "Feature",
      "properties": {
        "link_id": "384",
        "name": "广场东侧路",
        "osm_way_id": "805",
        "from_node_id": "189",
        "to_node_id": "190",
        "directed": "1",
        "geometry": "LINESTRING (116.393214 39.903728, 116.39321 39.903804)",
        "dir_flag": "1",
        "length": "8.46",
        "facility_type": "secondary",
        "link_type": "4",
        "free_speed": "70",
        "lanes": "4",
        "capacity": "",
        "allowed_uses": "auto",
        "notes": "",
        "feature_type": "link"
      },
      "geometry": {
        "type": "LineString",
        "coordinates": [
          [
            116.393214,
            39.903728
          ],
          [
            116.39321,
            39.903804
          ]
        ]
      }
    },
    {
      "type": "Feature",
      "properties": {
        "link_id": "385",
        "name": "人大会堂西路",
        "osm_way_id": "811",
        "from_node_id": "191",
        "to_node_id": "101",
        "directed": "1",
        "geometry": "LINESTRING (116.38711 39.901435, 116.387796 39.901448)",
        "dir_flag": "1",
        "length": "58.54",
        "facility_type": "tertiary",
        "link_type": "5",
        "free_speed": "",
        "lanes": "",
        "capacity": "",
        "allowed_uses": "auto",
        "notes": "",
        "feature_type": "link"
      },
      "geometry": {
        "type": "LineString",
        "coordinates": [
          [
            116.38711,
            39.901435
          ],
          [
            116.387796,
            39.901448
          ]
        ]
      }
    },
    {
      "type": "Feature",
      "properties": {
        "link_id": "386",
        "name": "人大会堂西路",
        "osm_way_id": "811",
        "from_node_id": "101",
        "to_node_id": "191",
        "directed": "1",
        "geometry": "LINESTRING (116.387796 39.901448, 116.38711 39.901435)",
        "dir_flag": "1",
        "length": "58.54",
        "facility_type": "tertiary",
        "link_type": "5",
        "free_speed": "",
        "lanes": "",
        "capacity": "",
        "allowed_uses": "auto",
        "notes": "",
        "feature_type": "link"
      },
      "geometry": {
        "type": "LineString",
        "coordinates": [
          [
            116.387796,
            39.901448
          ],
          [
            116.38711,
            39.901435
          ]
        ]
      }
    },
    {
      "type": "Feature",
      "properties": {
        "link_id": "387",
        "name": "人大会堂西路",
        "osm_way_id": "812",
        "from_node_id": "191",
        "to_node_id": "13",
        "directed": "1",
        "geometry": "LINESTRING (116.38711 39.901435, 116.386888 39.901453)",
        "dir_flag": "1",
        "length": "19.04",
        "facility_type": "tertiary",
        "link_type": "5",
        "free_speed": "",
        "lanes": "",
        "capacity": "",
        "allowed_uses": "auto",
        "notes": "",
        "feature_type": "link"
      },
      "geometry": {
        "type": "LineString",
        "coordinates": [
          [
            116.38711,
            39.901435
          ],
          [
            116.386888,
            39.901453
          ]
        ]
      }
    },
    {
      "type": "Feature",
      "properties": {
        "link_id": "388",
        "name": "人大会堂西路",
        "osm_way_id": "812",
        "from_node_id": "13",
        "to_node_id": "191",
        "directed": "1",
        "geometry": "LINESTRING (116.386888 39.901453, 116.38711 39.901435)",
        "dir_flag": "1",
        "length": "19.04",
        "facility_type": "tertiary",
        "link_type": "5",
        "free_speed": "",
        "lanes": "",
        "capacity": "",
        "allowed_uses": "auto",
        "notes": "",
        "feature_type": "link"
      },
      "geometry": {
        "type": "LineString",
        "coordinates": [
          [
            116.386888,
            39.901453
          ],
          [
            116.38711,
            39.901435
          ]
        ]
      }
    },
    {
      "type": "Feature",
      "properties": {
        "link_id": "389",
        "name": "西长安街",
        "osm_way_id": "813",
        "from_node_id": "69",
        "to_node_id": "180",
        "directed": "1",
        "geometry": "LINESTRING (116.382995 39.905835, 116.383412 39.905844)",
        "dir_flag": "1",
        "length": "35.58",
        "facility_type": "trunk",
        "link_type": "2",
        "free_speed": "",
        "lanes": "",
        "capacity": "",
        "allowed_uses": "auto",
        "notes": "",
        "feature_type": "link"
      },
      "geometry": {
        "type": "LineString",
        "coordinates": [
          [
            116.382995,
            39.905835
          ],
          [
            116.383412,
            39.905844
          ]
        ]
      }
    },
    {
      "type": "Feature",
      "properties": {
        "link_id": "390",
        "name": "西长安街",
        "osm_way_id": "814",
        "from_node_id": "192",
        "to_node_id": "193",
        "directed": "1",
        "geometry": "LINESTRING (116.384029 39.905858, 116.384844 39.905879)",
        "dir_flag": "1",
        "length": "69.56",
        "facility_type": "trunk",
        "link_type": "2",
        "free_speed": "",
        "lanes": "",
        "capacity": "",
        "allowed_uses": "auto",
        "notes": "",
        "feature_type": "link"
      },
      "geometry": {
        "type": "LineString",
        "coordinates": [
          [
            116.384029,
            39.905858
          ],
          [
            116.384844,
            39.905879
          ]
        ]
      }
    },
    {
      "type": "Feature",
      "properties": {
        "link_id": "391",
        "name": "西长安街",
        "osm_way_id": "815",
        "from_node_id": "181",
        "to_node_id": "192",
        "directed": "1",
        "geometry": "LINESTRING (116.383595 39.905849, 116.384029 39.905858)",
        "dir_flag": "1",
        "length": "37.03",
        "facility_type": "trunk",
        "link_type": "2",
        "free_speed": "",
        "lanes": "",
        "capacity": "",
        "allowed_uses": "auto",
        "notes": "",
        "feature_type": "link"
      },
      "geometry": {
        "type": "LineString",
        "coordinates": [
          [
            116.383595,
            39.905849
          ],
          [
            116.384029,
            39.905858
          ]
        ]
      }
    },
    {
      "type": "Feature",
      "properties": {
        "link_id": "392",
        "name": "",
        "osm_way_id": "828",
        "from_node_id": "194",
        "to_node_id": "113",
        "directed": "1",
        "geometry": "LINESTRING (116.398831 39.91336, 116.399007 39.913368)",
        "dir_flag": "1",
        "length": "15.04",
        "facility_type": "residential",
        "link_type": "6",
        "free_speed": "",
        "lanes": "",
        "capacity": "",
        "allowed_uses": "auto",
        "notes": "",
        "feature_type": "link"
      },
      "geometry": {
        "type": "LineString",
        "coordinates": [
          [
            116.398831,
            39.91336
          ],
          [
            116.399007,
            39.913368
          ]
        ]
      }
    },
    {
      "type": "Feature",
      "properties": {
        "link_id": "393",
        "name": "",
        "osm_way_id": "828",
        "from_node_id": "113",
        "to_node_id": "194",
        "directed": "1",
        "geometry": "LINESTRING (116.399007 39.913368, 116.398831 39.91336)",
        "dir_flag": "1",
        "length": "15.04",
        "facility_type": "residential",
        "link_type": "6",
        "free_speed": "",
        "lanes": "",
        "capacity": "",
        "allowed_uses": "auto",
        "notes": "",
        "feature_type": "link"
      },
      "geometry": {
        "type": "LineString",
        "coordinates": [
          [
            116.399007,
            39.913368
          ],
          [
            116.398831,
            39.91336
          ]
        ]
      }
    },
    {
      "type": "Feature",
      "properties": {
        "link_id": "394",
        "name": "",
        "osm_way_id": "829",
        "from_node_id": "113",
        "to_node_id": "194",
        "directed": "1",
        "geometry": "LINESTRING (116.399007 39.913368, 116.398831 39.91336)",
        "dir_flag": "1",
        "length": "15.04",
        "facility_type": "residential",
        "link_type": "6",
        "free_speed": "",
        "lanes": "",
        "capacity": "",
        "allowed_uses": "auto",
        "notes": "",
        "feature_type": "link"
      },
      "geometry": {
        "type": "LineString",
        "coordinates": [
          [
            116.399007,
            39.913368
          ],
          [
            116.398831,
            39.91336
          ]
        ]
      }
    },
    {
      "type": "Feature",
      "properties": {
        "link_id": "395",
        "name": "",
        "osm_way_id": "829",
        "from_node_id": "194",
        "to_node_id": "113",
        "directed": "1",
        "geometry": "LINESTRING (116.398831 39.91336, 116.399007 39.913368)",
        "dir_flag": "1",
        "length": "15.04",
        "facility_type": "residential",
        "link_type": "6",
        "free_speed": "",
        "lanes": "",
        "capacity": "",
        "allowed_uses": "auto",
        "notes": "",
        "feature_type": "link"
      },
      "geometry": {
        "type": "LineString",
        "coordinates": [
          [
            116.398831,
            39.91336
          ],
          [
            116.399007,
            39.913368
          ]
        ]
      }
    },
    {
      "type": "Feature",
      "properties": {
        "link_id": "396",
        "name": "",
        "osm_way_id": "830",
        "from_node_id": "113",
        "to_node_id": "112",
        "directed": "1",
        "geometry": "LINESTRING (116.399007 39.913368, 116.399068 39.913468)",
        "dir_flag": "1",
        "length": "12.28",
        "facility_type": "residential",
        "link_type": "6",
        "free_speed": "",
        "lanes": "",
        "capacity": "",
        "allowed_uses": "auto",
        "notes": "",
        "feature_type": "link"
      },
      "geometry": {
        "type": "LineString",
        "coordinates": [
          [
            116.399007,
            39.913368
          ],
          [
            116.399068,
            39.913468
          ]
        ]
      }
    },
    {
      "type": "Feature",
      "properties": {
        "link_id": "397",
        "name": "",
        "osm_way_id": "830",
        "from_node_id": "112",
        "to_node_id": "113",
        "directed": "1",
        "geometry": "LINESTRING (116.399068 39.913468, 116.399007 39.913368)",
        "dir_flag": "1",
        "length": "12.28",
        "facility_type": "residential",
        "link_type": "6",
        "free_speed": "",
        "lanes": "",
        "capacity": "",
        "allowed_uses": "auto",
        "notes": "",
        "feature_type": "link"
      },
      "geometry": {
        "type": "LineString",
        "coordinates": [
          [
            116.399068,
            39.913468
          ],
          [
            116.399007,
            39.913368
          ]
        ]
      }
    },
    {
      "type": "Feature",
      "properties": {
        "link_id": "398",
        "name": "人大会堂西路",
        "osm_way_id": "831",
        "from_node_id": "195",
        "to_node_id": "196",
        "directed": "1",
        "geometry": "LINESTRING (116.389652 39.901507, 116.389401 39.901498)",
        "dir_flag": "1",
        "length": "21.43",
        "facility_type": "tertiary",
        "link_type": "5",
        "free_speed": "",
        "lanes": "",
        "capacity": "",
        "allowed_uses": "auto",
        "notes": "",
        "feature_type": "link"
      },
      "geometry": {
        "type": "LineString",
        "coordinates": [
          [
            116.389652,
            39.901507
          ],
          [
            116.389401,
            39.901498
          ]
        ]
      }
    },
    {
      "type": "Feature",
      "properties": {
        "link_id": "399",
        "name": "人大会堂西路",
        "osm_way_id": "831",
        "from_node_id": "196",
        "to_node_id": "195",
        "directed": "1",
        "geometry": "LINESTRING (116.389401 39.901498, 116.389652 39.901507)",
        "dir_flag": "1",
        "length": "21.43",
        "facility_type": "tertiary",
        "link_type": "5",
        "free_speed": "",
        "lanes": "",
        "capacity": "",
        "allowed_uses": "auto",
        "notes": "",
        "feature_type": "link"
      },
      "geometry": {
        "type": "LineString",
        "coordinates": [
          [
            116.389401,
            39.901498
          ],
          [
            116.389652,
            39.901507
          ]
        ]
      }
    },
    {
      "type": "Feature",
      "properties": {
        "link_id": "400",
        "name": "广场西侧路",
        "osm_way_id": "832",
        "from_node_id": "195",
        "to_node_id": "80",
        "directed": "1",
        "geometry": "LINESTRING (116.389652 39.901507, 116.3897 39.900526)",
        "dir_flag": "1",
        "length": "109.16",
        "facility_type": "secondary",
        "link_type": "4",
        "free_speed": "",
        "lanes": "",
        "capacity": "",
        "allowed_uses": "auto",
        "notes": "",
        "feature_type": "link"
      },
      "geometry": {
        "type": "LineString",
        "coordinates": [
          [
            116.389652,
            39.901507
          ],
          [
            116.3897,
            39.900526
          ]
        ]
      }
    },
    {
      "type": "Feature",
      "properties": {
        "link_id": "401",
        "name": "普渡寺前巷",
        "osm_way_id": "833",
        "from_node_id": "148",
        "to_node_id": "150",
        "directed": "1",
        "geometry": "LINESTRING (116.398317 39.911437, 116.397947 39.91142)",
        "dir_flag": "1",
        "length": "31.61",
        "facility_type": "residential",
        "link_type": "6",
        "free_speed": "",
        "lanes": "",
        "capacity": "",
        "allowed_uses": "auto",
        "notes": "",
        "feature_type": "link"
      },
      "geometry": {
        "type": "LineString",
        "coordinates": [
          [
            116.398317,
            39.911437
          ],
          [
            116.397947,
            39.91142
          ]
        ]
      }
    },
    {
      "type": "Feature",
      "properties": {
        "link_id": "402",
        "name": "普渡寺前巷",
        "osm_way_id": "833",
        "from_node_id": "150",
        "to_node_id": "148",
        "directed": "1",
        "geometry": "LINESTRING (116.397947 39.91142, 116.398317 39.911437)",
        "dir_flag": "1",
        "length": "31.61",
        "facility_type": "residential",
        "link_type": "6",
        "free_speed": "",
        "lanes": "",
        "capacity": "",
        "allowed_uses": "auto",
        "notes": "",
        "feature_type": "link"
      },
      "geometry": {
        "type": "LineString",
        "coordinates": [
          [
            116.397947,
            39.91142
          ],
          [
            116.398317,
            39.911437
          ]
        ]
      }
    },
    {
      "type": "Feature",
      "properties": {
        "link_id": "403",
        "name": "普渡寺前巷",
        "osm_way_id": "834",
        "from_node_id": "148",
        "to_node_id": "144",
        "directed": "1",
        "geometry": "LINESTRING (116.398317 39.911437, 116.398476 39.911444)",
        "dir_flag": "1",
        "length": "13.58",
        "facility_type": "residential",
        "link_type": "6",
        "free_speed": "",
        "lanes": "",
        "capacity": "",
        "allowed_uses": "auto",
        "notes": "",
        "feature_type": "link"
      },
      "geometry": {
        "type": "LineString",
        "coordinates": [
          [
            116.398317,
            39.911437
          ],
          [
            116.398476,
            39.911444
          ]
        ]
      }
    },
    {
      "type": "Feature",
      "properties": {
        "link_id": "404",
        "name": "普渡寺前巷",
        "osm_way_id": "834",
        "from_node_id": "144",
        "to_node_id": "148",
        "directed": "1",
        "geometry": "LINESTRING (116.398476 39.911444, 116.398317 39.911437)",
        "dir_flag": "1",
        "length": "13.58",
        "facility_type": "residential",
        "link_type": "6",
        "free_speed": "",
        "lanes": "",
        "capacity": "",
        "allowed_uses": "auto",
        "notes": "",
        "feature_type": "link"
      },
      "geometry": {
        "type": "LineString",
        "coordinates": [
          [
            116.398476,
            39.911444
          ],
          [
            116.398317,
            39.911437
          ]
        ]
      }
    },
    {
      "type": "Feature",
      "properties": {
        "link_id": "405",
        "name": "",
        "osm_way_id": "836",
        "from_node_id": "138",
        "to_node_id": "197",
        "directed": "1",
        "geometry": "LINESTRING (116.399091 39.911965, 116.39904 39.911926)",
        "dir_flag": "1",
        "length": "6.14",
        "facility_type": "residential",
        "link_type": "6",
        "free_speed": "",
        "lanes": "",
        "capacity": "",
        "allowed_uses": "auto",
        "notes": "",
        "feature_type": "link"
      },
      "geometry": {
        "type": "LineString",
        "coordinates": [
          [
            116.399091,
            39.911965
          ],
          [
            116.39904,
            39.911926
          ]
        ]
      }
    },
    {
      "type": "Feature",
      "properties": {
        "link_id": "406",
        "name": "",
        "osm_way_id": "836",
        "from_node_id": "197",
        "to_node_id": "138",
        "directed": "1",
        "geometry": "LINESTRING (116.39904 39.911926, 116.399091 39.911965)",
        "dir_flag": "1",
        "length": "6.14",
        "facility_type": "residential",
        "link_type": "6",
        "free_speed": "",
        "lanes": "",
        "capacity": "",
        "allowed_uses": "auto",
        "notes": "",
        "feature_type": "link"
      },
      "geometry": {
        "type": "LineString",
        "coordinates": [
          [
            116.39904,
            39.911926
          ],
          [
            116.399091,
            39.911965
          ]
        ]
      }
    },
    {
      "type": "Feature",
      "properties": {
        "link_id": "407",
        "name": "",
        "osm_way_id": "837",
        "from_node_id": "138",
        "to_node_id": "137",
        "directed": "1",
        "geometry": "LINESTRING (116.399091 39.911965, 116.399199 39.91197)",
        "dir_flag": "1",
        "length": "9.23",
        "facility_type": "residential",
        "link_type": "6",
        "free_speed": "",
        "lanes": "",
        "capacity": "",
        "allowed_uses": "auto",
        "notes": "",
        "feature_type": "link"
      },
      "geometry": {
        "type": "LineString",
        "coordinates": [
          [
            116.399091,
            39.911965
          ],
          [
            116.399199,
            39.91197
          ]
        ]
      }
    },
    {
      "type": "Feature",
      "properties": {
        "link_id": "408",
        "name": "",
        "osm_way_id": "837",
        "from_node_id": "137",
        "to_node_id": "138",
        "directed": "1",
        "geometry": "LINESTRING (116.399199 39.91197, 116.399091 39.911965)",
        "dir_flag": "1",
        "length": "9.23",
        "facility_type": "residential",
        "link_type": "6",
        "free_speed": "",
        "lanes": "",
        "capacity": "",
        "allowed_uses": "auto",
        "notes": "",
        "feature_type": "link"
      },
      "geometry": {
        "type": "LineString",
        "coordinates": [
          [
            116.399199,
            39.91197
          ],
          [
            116.399091,
            39.911965
          ]
        ]
      }
    },
    {
      "type": "Feature",
      "properties": {
        "link_id": "409",
        "name": "西华门大街",
        "osm_way_id": "838",
        "from_node_id": "179",
        "to_node_id": "46",
        "directed": "1",
        "geometry": "LINESTRING (116.383242 39.913347, 116.384147 39.913351)",
        "dir_flag": "1",
        "length": "77.19",
        "facility_type": "unclassified",
        "link_type": "20",
        "free_speed": "",
        "lanes": "",
        "capacity": "",
        "allowed_uses": "auto",
        "notes": "",
        "feature_type": "link"
      },
      "geometry": {
        "type": "LineString",
        "coordinates": [
          [
            116.383242,
            39.913347
          ],
          [
            116.384147,
            39.913351
          ]
        ]
      }
    },
    {
      "type": "Feature",
      "properties": {
        "link_id": "410",
        "name": "西华门大街",
        "osm_way_id": "838",
        "from_node_id": "46",
        "to_node_id": "179",
        "directed": "1",
        "geometry": "LINESTRING (116.384147 39.913351, 116.383242 39.913347)",
        "dir_flag": "1",
        "length": "77.19",
        "facility_type": "unclassified",
        "link_type": "20",
        "free_speed": "",
        "lanes": "",
        "capacity": "",
        "allowed_uses": "auto",
        "notes": "",
        "feature_type": "link"
      },
      "geometry": {
        "type": "LineString",
        "coordinates": [
          [
            116.384147,
            39.913351
          ],
          [
            116.383242,
            39.913347
          ]
        ]
      }
    },
    {
      "type": "Feature",
      "properties": {
        "link_id": "411",
        "name": "西华门大街",
        "osm_way_id": "839",
        "from_node_id": "179",
        "to_node_id": "178",
        "directed": "1",
        "geometry": "LINESTRING (116.383242 39.913347, 116.383079 39.913345)",
        "dir_flag": "1",
        "length": "13.90",
        "facility_type": "unclassified",
        "link_type": "20",
        "free_speed": "",
        "lanes": "",
        "capacity": "",
        "allowed_uses": "auto",
        "notes": "",
        "feature_type": "link"
      },
      "geometry": {
        "type": "LineString",
        "coordinates": [
          [
            116.383242,
            39.913347
          ],
          [
            116.383079,
            39.913345
          ]
        ]
      }
    },
    {
      "type": "Feature",
      "properties": {
        "link_id": "412",
        "name": "西华门大街",
        "osm_way_id": "839",
        "from_node_id": "178",
        "to_node_id": "179",
        "directed": "1",
        "geometry": "LINESTRING (116.383079 39.913345, 116.383242 39.913347)",
        "dir_flag": "1",
        "length": "13.90",
        "facility_type": "unclassified",
        "link_type": "20",
        "free_speed": "",
        "lanes": "",
        "capacity": "",
        "allowed_uses": "auto",
        "notes": "",
        "feature_type": "link"
      },
      "geometry": {
        "type": "LineString",
        "coordinates": [
          [
            116.383079,
            39.913345
          ],
          [
            116.383242,
            39.913347
          ]
        ]
      }
    },
    {
      "type": "Feature",
      "properties": {
        "link_id": "413",
        "name": "广场西侧路",
        "osm_way_id": "863",
        "from_node_id": "198",
        "to_node_id": "195",
        "directed": "1",
        "geometry": "LINESTRING (116.389641 39.90174, 116.389652 39.901507)",
        "dir_flag": "1",
        "length": "25.93",
        "facility_type": "secondary",
        "link_type": "4",
        "free_speed": "",
        "lanes": "",
        "capacity": "",
        "allowed_uses": "auto",
        "notes": "",
        "feature_type": "link"
      },
      "geometry": {
        "type": "LineString",
        "coordinates": [
          [
            116.389641,
            39.90174
          ],
          [
            116.389652,
            39.901507
          ]
        ]
      }
    },
    {
      "type": "Feature",
      "properties": {
        "link_id": "414",
        "name": "人大会堂西路",
        "osm_way_id": "894",
        "from_node_id": "199",
        "to_node_id": "200",
        "directed": "1",
        "geometry": "LINESTRING (116.38543 39.905693, 116.38542 39.905567)",
        "dir_flag": "1",
        "length": "14.04",
        "facility_type": "tertiary",
        "link_type": "5",
        "free_speed": "",
        "lanes": "",
        "capacity": "",
        "allowed_uses": "auto",
        "notes": "",
        "feature_type": "link"
      },
      "geometry": {
        "type": "LineString",
        "coordinates": [
          [
            116.38543,
            39.905693
          ],
          [
            116.38542,
            39.905567
          ]
        ]
      }
    },
    {
      "type": "Feature",
      "properties": {
        "link_id": "415",
        "name": "人大会堂西路",
        "osm_way_id": "894",
        "from_node_id": "200",
        "to_node_id": "199",
        "directed": "1",
        "geometry": "LINESTRING (116.38542 39.905567, 116.38543 39.905693)",
        "dir_flag": "1",
        "length": "14.04",
        "facility_type": "tertiary",
        "link_type": "5",
        "free_speed": "",
        "lanes": "",
        "capacity": "",
        "allowed_uses": "auto",
        "notes": "",
        "feature_type": "link"
      },
      "geometry": {
        "type": "LineString",
        "coordinates": [
          [
            116.38542,
            39.905567
          ],
          [
            116.38543,
            39.905693
          ]
        ]
      }
    },
    {
      "type": "Feature",
      "properties": {
        "link_id": "416",
        "name": "人大会堂西路",
        "osm_way_id": "895",
        "from_node_id": "199",
        "to_node_id": "201",
        "directed": "1",
        "geometry": "LINESTRING (116.38543 39.905693, 116.38555 39.905897)",
        "dir_flag": "1",
        "length": "24.89",
        "facility_type": "tertiary",
        "link_type": "5",
        "free_speed": "",
        "lanes": "",
        "capacity": "",
        "allowed_uses": "auto",
        "notes": "",
        "feature_type": "link"
      },
      "geometry": {
        "type": "LineString",
        "coordinates": [
          [
            116.38543,
            39.905693
          ],
          [
            116.38555,
            39.905897
          ]
        ]
      }
    },
    {
      "type": "Feature",
      "properties": {
        "link_id": "417",
        "name": "人大会堂西路",
        "osm_way_id": "895",
        "from_node_id": "201",
        "to_node_id": "199",
        "directed": "1",
        "geometry": "LINESTRING (116.38555 39.905897, 116.38543 39.905693)",
        "dir_flag": "1",
        "length": "24.89",
        "facility_type": "tertiary",
        "link_type": "5",
        "free_speed": "",
        "lanes": "",
        "capacity": "",
        "allowed_uses": "auto",
        "notes": "",
        "feature_type": "link"
      },
      "geometry": {
        "type": "LineString",
        "coordinates": [
          [
            116.38555,
            39.905897
          ],
          [
            116.38543,
            39.905693
          ]
        ]
      }
    },
    {
      "type": "Feature",
      "properties": {
        "link_id": "418",
        "name": "西长安街",
        "osm_way_id": "896",
        "from_node_id": "202",
        "to_node_id": "63",
        "directed": "1",
        "geometry": "LINESTRING (116.386428 39.906169, 116.385872 39.90615)",
        "dir_flag": "1",
        "length": "47.47",
        "facility_type": "trunk",
        "link_type": "2",
        "free_speed": "",
        "lanes": "",
        "capacity": "",
        "allowed_uses": "auto",
        "notes": "",
        "feature_type": "link"
      },
      "geometry": {
        "type": "LineString",
        "coordinates": [
          [
            116.386428,
            39.906169
          ],
          [
            116.385872,
            39.90615
          ]
        ]
      }
    },
    {
      "type": "Feature",
      "properties": {
        "link_id": "419",
        "name": "南长街",
        "osm_way_id": "897",
        "from_node_id": "64",
        "to_node_id": "203",
        "directed": "1",
        "geometry": "LINESTRING (116.385634 39.906142, 116.385676 39.906385)",
        "dir_flag": "1",
        "length": "27.26",
        "facility_type": "tertiary",
        "link_type": "5",
        "free_speed": "",
        "lanes": "",
        "capacity": "",
        "allowed_uses": "auto",
        "notes": "",
        "feature_type": "link"
      },
      "geometry": {
        "type": "LineString",
        "coordinates": [
          [
            116.385634,
            39.906142
          ],
          [
            116.385676,
            39.906385
          ]
        ]
      }
    },
    {
      "type": "Feature",
      "properties": {
        "link_id": "420",
        "name": "南长街",
        "osm_way_id": "897",
        "from_node_id": "203",
        "to_node_id": "64",
        "directed": "1",
        "geometry": "LINESTRING (116.385676 39.906385, 116.385634 39.906142)",
        "dir_flag": "1",
        "length": "27.26",
        "facility_type": "tertiary",
        "link_type": "5",
        "free_speed": "",
        "lanes": "",
        "capacity": "",
        "allowed_uses": "auto",
        "notes": "",
        "feature_type": "link"
      },
      "geometry": {
        "type": "LineString",
        "coordinates": [
          [
            116.385676,
            39.906385
          ],
          [
            116.385634,
            39.906142
          ]
        ]
      }
    },
    {
      "type": "Feature",
      "properties": {
        "link_id": "421",
        "name": "西长安街",
        "osm_way_id": "898",
        "from_node_id": "64",
        "to_node_id": "204",
        "directed": "1",
        "geometry": "LINESTRING (116.385634 39.906142, 116.383594 39.906059)",
        "dir_flag": "1",
        "length": "174.25",
        "facility_type": "trunk",
        "link_type": "2",
        "free_speed": "",
        "lanes": "",
        "capacity": "",
        "allowed_uses": "auto",
        "notes": "",
        "feature_type": "link"
      },
      "geometry": {
        "type": "LineString",
        "coordinates": [
          [
            116.385634,
            39.906142
          ],
          [
            116.383594,
            39.906059
          ]
        ]
      }
    },
    {
      "type": "Feature",
      "properties": {
        "link_id": "422",
        "name": "南长街",
        "osm_way_id": "899",
        "from_node_id": "64",
        "to_node_id": "201",
        "directed": "1",
        "geometry": "LINESTRING (116.385634 39.906142, 116.38555 39.905897)",
        "dir_flag": "1",
        "length": "28.17",
        "facility_type": "tertiary",
        "link_type": "5",
        "free_speed": "",
        "lanes": "",
        "capacity": "",
        "allowed_uses": "auto",
        "notes": "",
        "feature_type": "link"
      },
      "geometry": {
        "type": "LineString",
        "coordinates": [
          [
            116.385634,
            39.906142
          ],
          [
            116.38555,
            39.905897
          ]
        ]
      }
    },
    {
      "type": "Feature",
      "properties": {
        "link_id": "423",
        "name": "南长街",
        "osm_way_id": "899",
        "from_node_id": "201",
        "to_node_id": "64",
        "directed": "1",
        "geometry": "LINESTRING (116.38555 39.905897, 116.385634 39.906142)",
        "dir_flag": "1",
        "length": "28.17",
        "facility_type": "tertiary",
        "link_type": "5",
        "free_speed": "",
        "lanes": "",
        "capacity": "",
        "allowed_uses": "auto",
        "notes": "",
        "feature_type": "link"
      },
      "geometry": {
        "type": "LineString",
        "coordinates": [
          [
            116.38555,
            39.905897
          ],
          [
            116.385634,
            39.906142
          ]
        ]
      }
    },
    {
      "type": "Feature",
      "properties": {
        "link_id": "424",
        "name": "",
        "osm_way_id": "901",
        "from_node_id": "205",
        "to_node_id": "159",
        "directed": "1",
        "geometry": "LINESTRING (116.402589 39.909797, 116.402616 39.909284)",
        "dir_flag": "1",
        "length": "57.09",
        "facility_type": "residential",
        "link_type": "6",
        "free_speed": "",
        "lanes": "",
        "capacity": "",
        "allowed_uses": "auto",
        "notes": "",
        "feature_type": "link"
      },
      "geometry": {
        "type": "LineString",
        "coordinates": [
          [
            116.402589,
            39.909797
          ],
          [
            116.402616,
            39.909284
          ]
        ]
      }
    },
    {
      "type": "Feature",
      "properties": {
        "link_id": "425",
        "name": "",
        "osm_way_id": "901",
        "from_node_id": "159",
        "to_node_id": "205",
        "directed": "1",
        "geometry": "LINESTRING (116.402616 39.909284, 116.402589 39.909797)",
        "dir_flag": "1",
        "length": "57.09",
        "facility_type": "residential",
        "link_type": "6",
        "free_speed": "",
        "lanes": "",
        "capacity": "",
        "allowed_uses": "auto",
        "notes": "",
        "feature_type": "link"
      },
      "geometry": {
        "type": "LineString",
        "coordinates": [
          [
            116.402616,
            39.909284
          ],
          [
            116.402589,
            39.909797
          ]
        ]
      }
    },
    {
      "type": "Feature",
      "properties": {
        "link_id": "426",
        "name": "西长安街",
        "osm_way_id": "915",
        "from_node_id": "204",
        "to_node_id": "206",
        "directed": "1",
        "geometry": "LINESTRING (116.383594 39.906059, 116.382841 39.906028)",
        "dir_flag": "1",
        "length": "64.32",
        "facility_type": "trunk",
        "link_type": "2",
        "free_speed": "",
        "lanes": "",
        "capacity": "",
        "allowed_uses": "auto",
        "notes": "",
        "feature_type": "link"
      },
      "geometry": {
        "type": "LineString",
        "coordinates": [
          [
            116.383594,
            39.906059
          ],
          [
            116.382841,
            39.906028
          ]
        ]
      }
    },
    {
      "type": "Feature",
      "properties": {
        "link_id": "427",
        "name": "西长安街",
        "osm_way_id": "916",
        "from_node_id": "193",
        "to_node_id": "207",
        "directed": "1",
        "geometry": "LINESTRING (116.384844 39.905879, 116.385121 39.905886)",
        "dir_flag": "1",
        "length": "23.64",
        "facility_type": "trunk",
        "link_type": "2",
        "free_speed": "",
        "lanes": "",
        "capacity": "",
        "allowed_uses": "auto",
        "notes": "",
        "feature_type": "link"
      },
      "geometry": {
        "type": "LineString",
        "coordinates": [
          [
            116.384844,
            39.905879
          ],
          [
            116.385121,
            39.905886
          ]
        ]
      }
    },
    {
      "type": "Feature",
      "properties": {
        "link_id": "428",
        "name": "红井胡同",
        "osm_way_id": "917",
        "from_node_id": "208",
        "to_node_id": "71",
        "directed": "1",
        "geometry": "LINESTRING (116.385034 39.901436, 116.385276 39.901444)",
        "dir_flag": "1",
        "length": "20.66",
        "facility_type": "tertiary",
        "link_type": "5",
        "free_speed": "",
        "lanes": "",
        "capacity": "",
        "allowed_uses": "auto",
        "notes": "",
        "feature_type": "link"
      },
      "geometry": {
        "type": "LineString",
        "coordinates": [
          [
            116.385034,
            39.901436
          ],
          [
            116.385276,
            39.901444
          ]
        ]
      }
    },
    {
      "type": "Feature",
      "properties": {
        "link_id": "429",
        "name": "红井胡同",
        "osm_way_id": "917",
        "from_node_id": "71",
        "to_node_id": "208",
        "directed": "1",
        "geometry": "LINESTRING (116.385276 39.901444, 116.385034 39.901436)",
        "dir_flag": "1",
        "length": "20.66",
        "facility_type": "tertiary",
        "link_type": "5",
        "free_speed": "",
        "lanes": "",
        "capacity": "",
        "allowed_uses": "auto",
        "notes": "",
        "feature_type": "link"
      },
      "geometry": {
        "type": "LineString",
        "coordinates": [
          [
            116.385276,
            39.901444
          ],
          [
            116.385034,
            39.901436
          ]
        ]
      }
    },
    {
      "type": "Feature",
      "properties": {
        "link_id": "430",
        "name": "南长街",
        "osm_way_id": "991",
        "from_node_id": "209",
        "to_node_id": "210",
        "directed": "1",
        "geometry": "LINESTRING (116.385395 39.911228, 116.385474 39.910118)",
        "dir_flag": "1",
        "length": "123.61",
        "facility_type": "tertiary",
        "link_type": "5",
        "free_speed": "",
        "lanes": "",
        "capacity": "",
        "allowed_uses": "auto",
        "notes": "",
        "feature_type": "link"
      },
      "geometry": {
        "type": "LineString",
        "coordinates": [
          [
            116.385395,
            39.911228
          ],
          [
            116.385474,
            39.910118
          ]
        ]
      }
    },
    {
      "type": "Feature",
      "properties": {
        "link_id": "431",
        "name": "南长街",
        "osm_way_id": "991",
        "from_node_id": "210",
        "to_node_id": "209",
        "directed": "1",
        "geometry": "LINESTRING (116.385474 39.910118, 116.385395 39.911228)",
        "dir_flag": "1",
        "length": "123.61",
        "facility_type": "tertiary",
        "link_type": "5",
        "free_speed": "",
        "lanes": "",
        "capacity": "",
        "allowed_uses": "auto",
        "notes": "",
        "feature_type": "link"
      },
      "geometry": {
        "type": "LineString",
        "coordinates": [
          [
            116.385474,
            39.910118
          ],
          [
            116.385395,
            39.911228
          ]
        ]
      }
    },
    {
      "type": "Feature",
      "properties": {
        "link_id": "432",
        "name": "南长街",
        "osm_way_id": "992",
        "from_node_id": "209",
        "to_node_id": "211",
        "directed": "1",
        "geometry": "LINESTRING (116.385395 39.911228, 116.385387 39.911313)",
        "dir_flag": "1",
        "length": "9.48",
        "facility_type": "tertiary",
        "link_type": "5",
        "free_speed": "",
        "lanes": "",
        "capacity": "",
        "allowed_uses": "auto",
        "notes": "",
        "feature_type": "link"
      },
      "geometry": {
        "type": "LineString",
        "coordinates": [
          [
            116.385395,
            39.911228
          ],
          [
            116.385387,
            39.911313
          ]
        ]
      }
    },
    {
      "type": "Feature",
      "properties": {
        "link_id": "433",
        "name": "南长街",
        "osm_way_id": "992",
        "from_node_id": "211",
        "to_node_id": "209",
        "directed": "1",
        "geometry": "LINESTRING (116.385387 39.911313, 116.385395 39.911228)",
        "dir_flag": "1",
        "length": "9.48",
        "facility_type": "tertiary",
        "link_type": "5",
        "free_speed": "",
        "lanes": "",
        "capacity": "",
        "allowed_uses": "auto",
        "notes": "",
        "feature_type": "link"
      },
      "geometry": {
        "type": "LineString",
        "coordinates": [
          [
            116.385387,
            39.911313
          ],
          [
            116.385395,
            39.911228
          ]
        ]
      }
    },
    {
      "type": "Feature",
      "properties": {
        "link_id": "434",
        "name": "",
        "osm_way_id": "993",
        "from_node_id": "212",
        "to_node_id": "213",
        "directed": "1",
        "geometry": "LINESTRING (116.384186 39.914879, 116.384234 39.914815)",
        "dir_flag": "1",
        "length": "8.21",
        "facility_type": "residential",
        "link_type": "6",
        "free_speed": "",
        "lanes": "",
        "capacity": "",
        "allowed_uses": "auto",
        "notes": "",
        "feature_type": "link"
      },
      "geometry": {
        "type": "LineString",
        "coordinates": [
          [
            116.384186,
            39.914879
          ],
          [
            116.384234,
            39.914815
          ]
        ]
      }
    },
    {
      "type": "Feature",
      "properties": {
        "link_id": "435",
        "name": "",
        "osm_way_id": "993",
        "from_node_id": "213",
        "to_node_id": "212",
        "directed": "1",
        "geometry": "LINESTRING (116.384234 39.914815, 116.384186 39.914879)",
        "dir_flag": "1",
        "length": "8.21",
        "facility_type": "residential",
        "link_type": "6",
        "free_speed": "",
        "lanes": "",
        "capacity": "",
        "allowed_uses": "auto",
        "notes": "",
        "feature_type": "link"
      },
      "geometry": {
        "type": "LineString",
        "coordinates": [
          [
            116.384234,
            39.914815
          ],
          [
            116.384186,
            39.914879
          ]
        ]
      }
    },
    {
      "type": "Feature",
      "properties": {
        "link_id": "436",
        "name": "",
        "osm_way_id": "994",
        "from_node_id": "213",
        "to_node_id": "214",
        "directed": "1",
        "geometry": "LINESTRING (116.384234 39.914815, 116.385143 39.914838)",
        "dir_flag": "1",
        "length": "77.57",
        "facility_type": "residential",
        "link_type": "6",
        "free_speed": "",
        "lanes": "",
        "capacity": "",
        "allowed_uses": "auto",
        "notes": "",
        "feature_type": "link"
      },
      "geometry": {
        "type": "LineString",
        "coordinates": [
          [
            116.384234,
            39.914815
          ],
          [
            116.385143,
            39.914838
          ]
        ]
      }
    },
    {
      "type": "Feature",
      "properties": {
        "link_id": "437",
        "name": "",
        "osm_way_id": "994",
        "from_node_id": "214",
        "to_node_id": "213",
        "directed": "1",
        "geometry": "LINESTRING (116.385143 39.914838, 116.384234 39.914815)",
        "dir_flag": "1",
        "length": "77.57",
        "facility_type": "residential",
        "link_type": "6",
        "free_speed": "",
        "lanes": "",
        "capacity": "",
        "allowed_uses": "auto",
        "notes": "",
        "feature_type": "link"
      },
      "geometry": {
        "type": "LineString",
        "coordinates": [
          [
            116.385143,
            39.914838
          ],
          [
            116.384234,
            39.914815
          ]
        ]
      }
    },
    {
      "type": "Feature",
      "properties": {
        "link_id": "438",
        "name": "",
        "osm_way_id": "995",
        "from_node_id": "213",
        "to_node_id": "212",
        "directed": "1",
        "geometry": "LINESTRING (116.384234 39.914815, 116.384186 39.914879)",
        "dir_flag": "1",
        "length": "8.21",
        "facility_type": "residential",
        "link_type": "6",
        "free_speed": "",
        "lanes": "",
        "capacity": "",
        "allowed_uses": "auto",
        "notes": "",
        "feature_type": "link"
      },
      "geometry": {
        "type": "LineString",
        "coordinates": [
          [
            116.384234,
            39.914815
          ],
          [
            116.384186,
            39.914879
          ]
        ]
      }
    },
    {
      "type": "Feature",
      "properties": {
        "link_id": "439",
        "name": "",
        "osm_way_id": "995",
        "from_node_id": "212",
        "to_node_id": "213",
        "directed": "1",
        "geometry": "LINESTRING (116.384186 39.914879, 116.384234 39.914815)",
        "dir_flag": "1",
        "length": "8.21",
        "facility_type": "residential",
        "link_type": "6",
        "free_speed": "",
        "lanes": "",
        "capacity": "",
        "allowed_uses": "auto",
        "notes": "",
        "feature_type": "link"
      },
      "geometry": {
        "type": "LineString",
        "coordinates": [
          [
            116.384186,
            39.914879
          ],
          [
            116.384234,
            39.914815
          ]
        ]
      }
    },
    {
      "type": "Feature",
      "properties": {
        "link_id": "440",
        "name": "北长街",
        "osm_way_id": "996",
        "from_node_id": "214",
        "to_node_id": "44",
        "directed": "1",
        "geometry": "LINESTRING (116.385143 39.914838, 116.385137 39.914367)",
        "dir_flag": "1",
        "length": "52.38",
        "facility_type": "tertiary",
        "link_type": "5",
        "free_speed": "",
        "lanes": "",
        "capacity": "",
        "allowed_uses": "auto",
        "notes": "",
        "feature_type": "link"
      },
      "geometry": {
        "type": "LineString",
        "coordinates": [
          [
            116.385143,
            39.914838
          ],
          [
            116.385137,
            39.914367
          ]
        ]
      }
    },
    {
      "type": "Feature",
      "properties": {
        "link_id": "441",
        "name": "北长街",
        "osm_way_id": "996",
        "from_node_id": "44",
        "to_node_id": "214",
        "directed": "1",
        "geometry": "LINESTRING (116.385137 39.914367, 116.385143 39.914838)",
        "dir_flag": "1",
        "length": "52.38",
        "facility_type": "tertiary",
        "link_type": "5",
        "free_speed": "",
        "lanes": "",
        "capacity": "",
        "allowed_uses": "auto",
        "notes": "",
        "feature_type": "link"
      },
      "geometry": {
        "type": "LineString",
        "coordinates": [
          [
            116.385137,
            39.914367
          ],
          [
            116.385143,
            39.914838
          ]
        ]
      }
    },
    {
      "type": "Feature",
      "properties": {
        "link_id": "442",
        "name": "",
        "osm_way_id": "997",
        "from_node_id": "214",
        "to_node_id": "213",
        "directed": "1",
        "geometry": "LINESTRING (116.385143 39.914838, 116.384234 39.914815)",
        "dir_flag": "1",
        "length": "77.57",
        "facility_type": "residential",
        "link_type": "6",
        "free_speed": "",
        "lanes": "",
        "capacity": "",
        "allowed_uses": "auto",
        "notes": "",
        "feature_type": "link"
      },
      "geometry": {
        "type": "LineString",
        "coordinates": [
          [
            116.385143,
            39.914838
          ],
          [
            116.384234,
            39.914815
          ]
        ]
      }
    },
    {
      "type": "Feature",
      "properties": {
        "link_id": "443",
        "name": "",
        "osm_way_id": "997",
        "from_node_id": "213",
        "to_node_id": "214",
        "directed": "1",
        "geometry": "LINESTRING (116.384234 39.914815, 116.385143 39.914838)",
        "dir_flag": "1",
        "length": "77.57",
        "facility_type": "residential",
        "link_type": "6",
        "free_speed": "",
        "lanes": "",
        "capacity": "",
        "allowed_uses": "auto",
        "notes": "",
        "feature_type": "link"
      },
      "geometry": {
        "type": "LineString",
        "coordinates": [
          [
            116.384234,
            39.914815
          ],
          [
            116.385143,
            39.914838
          ]
        ]
      }
    },
    {
      "type": "Feature",
      "properties": {
        "link_id": "444",
        "name": "南长街",
        "osm_way_id": "1013",
        "from_node_id": "210",
        "to_node_id": "141",
        "directed": "1",
        "geometry": "LINESTRING (116.385474 39.910118, 116.385447 39.909798)",
        "dir_flag": "1",
        "length": "35.66",
        "facility_type": "tertiary",
        "link_type": "5",
        "free_speed": "",
        "lanes": "",
        "capacity": "",
        "allowed_uses": "auto",
        "notes": "",
        "feature_type": "link"
      },
      "geometry": {
        "type": "LineString",
        "coordinates": [
          [
            116.385474,
            39.910118
          ],
          [
            116.385447,
            39.909798
          ]
        ]
      }
    },
    {
      "type": "Feature",
      "properties": {
        "link_id": "445",
        "name": "南长街",
        "osm_way_id": "1013",
        "from_node_id": "141",
        "to_node_id": "210",
        "directed": "1",
        "geometry": "LINESTRING (116.385447 39.909798, 116.385474 39.910118)",
        "dir_flag": "1",
        "length": "35.66",
        "facility_type": "tertiary",
        "link_type": "5",
        "free_speed": "",
        "lanes": "",
        "capacity": "",
        "allowed_uses": "auto",
        "notes": "",
        "feature_type": "link"
      },
      "geometry": {
        "type": "LineString",
        "coordinates": [
          [
            116.385447,
            39.909798
          ],
          [
            116.385474,
            39.910118
          ]
        ]
      }
    },
    {
      "type": "Feature",
      "properties": {
        "link_id": "446",
        "name": "南长街",
        "osm_way_id": "1014",
        "from_node_id": "210",
        "to_node_id": "209",
        "directed": "1",
        "geometry": "LINESTRING (116.385474 39.910118, 116.385395 39.911228)",
        "dir_flag": "1",
        "length": "123.61",
        "facility_type": "tertiary",
        "link_type": "5",
        "free_speed": "",
        "lanes": "",
        "capacity": "",
        "allowed_uses": "auto",
        "notes": "",
        "feature_type": "link"
      },
      "geometry": {
        "type": "LineString",
        "coordinates": [
          [
            116.385474,
            39.910118
          ],
          [
            116.385395,
            39.911228
          ]
        ]
      }
    },
    {
      "type": "Feature",
      "properties": {
        "link_id": "447",
        "name": "南长街",
        "osm_way_id": "1014",
        "from_node_id": "209",
        "to_node_id": "210",
        "directed": "1",
        "geometry": "LINESTRING (116.385395 39.911228, 116.385474 39.910118)",
        "dir_flag": "1",
        "length": "123.61",
        "facility_type": "tertiary",
        "link_type": "5",
        "free_speed": "",
        "lanes": "",
        "capacity": "",
        "allowed_uses": "auto",
        "notes": "",
        "feature_type": "link"
      },
      "geometry": {
        "type": "LineString",
        "coordinates": [
          [
            116.385395,
            39.911228
          ],
          [
            116.385474,
            39.910118
          ]
        ]
      }
    },
    {
      "type": "Feature",
      "properties": {
        "link_id": "448",
        "name": "西交民巷",
        "osm_way_id": "1083",
        "from_node_id": "215",
        "to_node_id": "80",
        "directed": "1",
        "geometry": "LINESTRING (116.389491 39.900516, 116.3897 39.900526)",
        "dir_flag": "1",
        "length": "17.86",
        "facility_type": "tertiary",
        "link_type": "5",
        "free_speed": "",
        "lanes": "",
        "capacity": "",
        "allowed_uses": "auto",
        "notes": "",
        "feature_type": "link"
      },
      "geometry": {
        "type": "LineString",
        "coordinates": [
          [
            116.389491,
            39.900516
          ],
          [
            116.3897,
            39.900526
          ]
        ]
      }
    },
    {
      "type": "Feature",
      "properties": {
        "link_id": "449",
        "name": "正义路",
        "osm_way_id": "1124",
        "from_node_id": "216",
        "to_node_id": "39",
        "directed": "1",
        "geometry": "LINESTRING (116.400341 39.90536, 116.400437 39.903112)",
        "dir_flag": "1",
        "length": "250.10",
        "facility_type": "tertiary",
        "link_type": "5",
        "free_speed": "",
        "lanes": "",
        "capacity": "",
        "allowed_uses": "auto",
        "notes": "",
        "feature_type": "link"
      },
      "geometry": {
        "type": "LineString",
        "coordinates": [
          [
            116.400341,
            39.90536
          ],
          [
            116.400437,
            39.903112
          ]
        ]
      }
    },
    {
      "type": "Feature",
      "properties": {
        "link_id": "450",
        "name": "南池子大街",
        "osm_way_id": "1134",
        "from_node_id": "217",
        "to_node_id": "218",
        "directed": "1",
        "geometry": "LINESTRING (116.397084 39.906772, 116.397081 39.906803)",
        "dir_flag": "1",
        "length": "3.46",
        "facility_type": "tertiary",
        "link_type": "5",
        "free_speed": "",
        "lanes": "",
        "capacity": "",
        "allowed_uses": "auto",
        "notes": "",
        "feature_type": "link"
      },
      "geometry": {
        "type": "LineString",
        "coordinates": [
          [
            116.397084,
            39.906772
          ],
          [
            116.397081,
            39.906803
          ]
        ]
      }
    },
    {
      "type": "Feature",
      "properties": {
        "link_id": "451",
        "name": "南池子大街",
        "osm_way_id": "1134",
        "from_node_id": "218",
        "to_node_id": "217",
        "directed": "1",
        "geometry": "LINESTRING (116.397081 39.906803, 116.397084 39.906772)",
        "dir_flag": "1",
        "length": "3.46",
        "facility_type": "tertiary",
        "link_type": "5",
        "free_speed": "",
        "lanes": "",
        "capacity": "",
        "allowed_uses": "auto",
        "notes": "",
        "feature_type": "link"
      },
      "geometry": {
        "type": "LineString",
        "coordinates": [
          [
            116.397081,
            39.906803
          ],
          [
            116.397084,
            39.906772
          ]
        ]
      }
    },
    {
      "type": "Feature",
      "properties": {
        "link_id": "452",
        "name": "南池子大街",
        "osm_way_id": "1135",
        "from_node_id": "217",
        "to_node_id": "219",
        "directed": "1",
        "geometry": "LINESTRING (116.397084 39.906772, 116.397086 39.906728)",
        "dir_flag": "1",
        "length": "4.90",
        "facility_type": "tertiary",
        "link_type": "5",
        "free_speed": "",
        "lanes": "",
        "capacity": "",
        "allowed_uses": "auto",
        "notes": "",
        "feature_type": "link"
      },
      "geometry": {
        "type": "LineString",
        "coordinates": [
          [
            116.397084,
            39.906772
          ],
          [
            116.397086,
            39.906728
          ]
        ]
      }
    },
    {
      "type": "Feature",
      "properties": {
        "link_id": "453",
        "name": "南池子大街",
        "osm_way_id": "1135",
        "from_node_id": "219",
        "to_node_id": "217",
        "directed": "1",
        "geometry": "LINESTRING (116.397086 39.906728, 116.397084 39.906772)",
        "dir_flag": "1",
        "length": "4.90",
        "facility_type": "tertiary",
        "link_type": "5",
        "free_speed": "",
        "lanes": "",
        "capacity": "",
        "allowed_uses": "auto",
        "notes": "",
        "feature_type": "link"
      },
      "geometry": {
        "type": "LineString",
        "coordinates": [
          [
            116.397086,
            39.906728
          ],
          [
            116.397084,
            39.906772
          ]
        ]
      }
    },
    {
      "type": "Feature",
      "properties": {
        "link_id": "454",
        "name": "西长安街",
        "osm_way_id": "1188",
        "from_node_id": "220",
        "to_node_id": "1",
        "directed": "1",
        "geometry": "LINESTRING (116.386644 39.905923, 116.388928 39.905999)",
        "dir_flag": "1",
        "length": "195.00",
        "facility_type": "trunk",
        "link_type": "2",
        "free_speed": "",
        "lanes": "",
        "capacity": "",
        "allowed_uses": "auto",
        "notes": "",
        "feature_type": "link"
      },
      "geometry": {
        "type": "LineString",
        "coordinates": [
          [
            116.386644,
            39.905923
          ],
          [
            116.388928,
            39.905999
          ]
        ]
      }
    },
    {
      "type": "Feature",
      "properties": {
        "link_id": "455",
        "name": "人大会堂西路",
        "osm_way_id": "1273",
        "from_node_id": "100",
        "to_node_id": "196",
        "directed": "1",
        "geometry": "LINESTRING (116.388201 39.901459, 116.389401 39.901498)",
        "dir_flag": "1",
        "length": "102.46",
        "facility_type": "tertiary",
        "link_type": "5",
        "free_speed": "",
        "lanes": "",
        "capacity": "",
        "allowed_uses": "auto",
        "notes": "",
        "feature_type": "link"
      },
      "geometry": {
        "type": "LineString",
        "coordinates": [
          [
            116.388201,
            39.901459
          ],
          [
            116.389401,
            39.901498
          ]
        ]
      }
    },
    {
      "type": "Feature",
      "properties": {
        "link_id": "456",
        "name": "人大会堂西路",
        "osm_way_id": "1273",
        "from_node_id": "196",
        "to_node_id": "100",
        "directed": "1",
        "geometry": "LINESTRING (116.389401 39.901498, 116.388201 39.901459)",
        "dir_flag": "1",
        "length": "102.46",
        "facility_type": "tertiary",
        "link_type": "5",
        "free_speed": "",
        "lanes": "",
        "capacity": "",
        "allowed_uses": "auto",
        "notes": "",
        "feature_type": "link"
      },
      "geometry": {
        "type": "LineString",
        "coordinates": [
          [
            116.389401,
            39.901498
          ],
          [
            116.388201,
            39.901459
          ]
        ]
      }
    },
    {
      "type": "Feature",
      "properties": {
        "link_id": "457",
        "name": "人大会堂西路",
        "osm_way_id": "1274",
        "from_node_id": "100",
        "to_node_id": "99",
        "directed": "1",
        "geometry": "LINESTRING (116.388201 39.901459, 116.387979 39.901452)",
        "dir_flag": "1",
        "length": "18.95",
        "facility_type": "tertiary",
        "link_type": "5",
        "free_speed": "",
        "lanes": "",
        "capacity": "",
        "allowed_uses": "auto",
        "notes": "",
        "feature_type": "link"
      },
      "geometry": {
        "type": "LineString",
        "coordinates": [
          [
            116.388201,
            39.901459
          ],
          [
            116.387979,
            39.901452
          ]
        ]
      }
    },
    {
      "type": "Feature",
      "properties": {
        "link_id": "458",
        "name": "人大会堂西路",
        "osm_way_id": "1274",
        "from_node_id": "99",
        "to_node_id": "100",
        "directed": "1",
        "geometry": "LINESTRING (116.387979 39.901452, 116.388201 39.901459)",
        "dir_flag": "1",
        "length": "18.95",
        "facility_type": "tertiary",
        "link_type": "5",
        "free_speed": "",
        "lanes": "",
        "capacity": "",
        "allowed_uses": "auto",
        "notes": "",
        "feature_type": "link"
      },
      "geometry": {
        "type": "LineString",
        "coordinates": [
          [
            116.387979,
            39.901452
          ],
          [
            116.388201,
            39.901459
          ]
        ]
      }
    },
    {
      "type": "Feature",
      "properties": {
        "link_id": "459",
        "name": "",
        "osm_way_id": "1280",
        "from_node_id": "102",
        "to_node_id": "103",
        "directed": "1",
        "geometry": "LINESTRING (116.387991 39.901328, 116.38804 39.900477)",
        "dir_flag": "1",
        "length": "94.72",
        "facility_type": "residential",
        "link_type": "6",
        "free_speed": "",
        "lanes": "",
        "capacity": "",
        "allowed_uses": "auto",
        "notes": "",
        "feature_type": "link"
      },
      "geometry": {
        "type": "LineString",
        "coordinates": [
          [
            116.387991,
            39.901328
          ],
          [
            116.38804,
            39.900477
          ]
        ]
      }
    },
    {
      "type": "Feature",
      "properties": {
        "link_id": "460",
        "name": "",
        "osm_way_id": "1280",
        "from_node_id": "103",
        "to_node_id": "102",
        "directed": "1",
        "geometry": "LINESTRING (116.38804 39.900477, 116.387991 39.901328)",
        "dir_flag": "1",
        "length": "94.72",
        "facility_type": "residential",
        "link_type": "6",
        "free_speed": "",
        "lanes": "",
        "capacity": "",
        "allowed_uses": "auto",
        "notes": "",
        "feature_type": "link"
      },
      "geometry": {
        "type": "LineString",
        "coordinates": [
          [
            116.38804,
            39.900477
          ],
          [
            116.387991,
            39.901328
          ]
        ]
      }
    },
    {
      "type": "Feature",
      "properties": {
        "link_id": "461",
        "name": "",
        "osm_way_id": "1281",
        "from_node_id": "102",
        "to_node_id": "99",
        "directed": "1",
        "geometry": "LINESTRING (116.387991 39.901328, 116.387979 39.901452)",
        "dir_flag": "1",
        "length": "13.83",
        "facility_type": "residential",
        "link_type": "6",
        "free_speed": "",
        "lanes": "",
        "capacity": "",
        "allowed_uses": "auto",
        "notes": "",
        "feature_type": "link"
      },
      "geometry": {
        "type": "LineString",
        "coordinates": [
          [
            116.387991,
            39.901328
          ],
          [
            116.387979,
            39.901452
          ]
        ]
      }
    },
    {
      "type": "Feature",
      "properties": {
        "link_id": "462",
        "name": "",
        "osm_way_id": "1281",
        "from_node_id": "99",
        "to_node_id": "102",
        "directed": "1",
        "geometry": "LINESTRING (116.387979 39.901452, 116.387991 39.901328)",
        "dir_flag": "1",
        "length": "13.83",
        "facility_type": "residential",
        "link_type": "6",
        "free_speed": "",
        "lanes": "",
        "capacity": "",
        "allowed_uses": "auto",
        "notes": "",
        "feature_type": "link"
      },
      "geometry": {
        "type": "LineString",
        "coordinates": [
          [
            116.387979,
            39.901452
          ],
          [
            116.387991,
            39.901328
          ]
        ]
      }
    },
    {
      "type": "Feature",
      "properties": {
        "link_id": "463",
        "name": "人大会堂西路",
        "osm_way_id": "1287",
        "from_node_id": "101",
        "to_node_id": "99",
        "directed": "1",
        "geometry": "LINESTRING (116.387796 39.901448, 116.387979 39.901452)",
        "dir_flag": "1",
        "length": "15.62",
        "facility_type": "tertiary",
        "link_type": "5",
        "free_speed": "",
        "lanes": "",
        "capacity": "",
        "allowed_uses": "auto",
        "notes": "",
        "feature_type": "link"
      },
      "geometry": {
        "type": "LineString",
        "coordinates": [
          [
            116.387796,
            39.901448
          ],
          [
            116.387979,
            39.901452
          ]
        ]
      }
    },
    {
      "type": "Feature",
      "properties": {
        "link_id": "464",
        "name": "人大会堂西路",
        "osm_way_id": "1287",
        "from_node_id": "99",
        "to_node_id": "101",
        "directed": "1",
        "geometry": "LINESTRING (116.387979 39.901452, 116.387796 39.901448)",
        "dir_flag": "1",
        "length": "15.62",
        "facility_type": "tertiary",
        "link_type": "5",
        "free_speed": "",
        "lanes": "",
        "capacity": "",
        "allowed_uses": "auto",
        "notes": "",
        "feature_type": "link"
      },
      "geometry": {
        "type": "LineString",
        "coordinates": [
          [
            116.387979,
            39.901452
          ],
          [
            116.387796,
            39.901448
          ]
        ]
      }
    },
    {
      "type": "Feature",
      "properties": {
        "link_id": "465",
        "name": "人大会堂西路",
        "osm_way_id": "1288",
        "from_node_id": "101",
        "to_node_id": "191",
        "directed": "1",
        "geometry": "LINESTRING (116.387796 39.901448, 116.38711 39.901435)",
        "dir_flag": "1",
        "length": "58.54",
        "facility_type": "tertiary",
        "link_type": "5",
        "free_speed": "",
        "lanes": "",
        "capacity": "",
        "allowed_uses": "auto",
        "notes": "",
        "feature_type": "link"
      },
      "geometry": {
        "type": "LineString",
        "coordinates": [
          [
            116.387796,
            39.901448
          ],
          [
            116.38711,
            39.901435
          ]
        ]
      }
    },
    {
      "type": "Feature",
      "properties": {
        "link_id": "466",
        "name": "人大会堂西路",
        "osm_way_id": "1288",
        "from_node_id": "191",
        "to_node_id": "101",
        "directed": "1",
        "geometry": "LINESTRING (116.38711 39.901435, 116.387796 39.901448)",
        "dir_flag": "1",
        "length": "58.54",
        "facility_type": "tertiary",
        "link_type": "5",
        "free_speed": "",
        "lanes": "",
        "capacity": "",
        "allowed_uses": "auto",
        "notes": "",
        "feature_type": "link"
      },
      "geometry": {
        "type": "LineString",
        "coordinates": [
          [
            116.38711,
            39.901435
          ],
          [
            116.387796,
            39.901448
          ]
        ]
      }
    },
    {
      "type": "Feature",
      "properties": {
        "link_id": "467",
        "name": "西交民巷",
        "osm_way_id": "1302",
        "from_node_id": "77",
        "to_node_id": "103",
        "directed": "1",
        "geometry": "LINESTRING (116.38554 39.900399, 116.38804 39.900477)",
        "dir_flag": "1",
        "length": "213.44",
        "facility_type": "tertiary",
        "link_type": "5",
        "free_speed": "",
        "lanes": "",
        "capacity": "",
        "allowed_uses": "auto",
        "notes": "",
        "feature_type": "link"
      },
      "geometry": {
        "type": "LineString",
        "coordinates": [
          [
            116.38554,
            39.900399
          ],
          [
            116.38804,
            39.900477
          ]
        ]
      }
    },
    {
      "type": "Feature",
      "properties": {
        "link_id": "468",
        "name": "人大会堂西路",
        "osm_way_id": "1306",
        "from_node_id": "72",
        "to_node_id": "79",
        "directed": "1",
        "geometry": "LINESTRING (116.385413 39.901215, 116.385422 39.900935)",
        "dir_flag": "1",
        "length": "31.14",
        "facility_type": "tertiary",
        "link_type": "5",
        "free_speed": "",
        "lanes": "",
        "capacity": "",
        "allowed_uses": "auto",
        "notes": "",
        "feature_type": "link"
      },
      "geometry": {
        "type": "LineString",
        "coordinates": [
          [
            116.385413,
            39.901215
          ],
          [
            116.385422,
            39.900935
          ]
        ]
      }
    },
    {
      "type": "Feature",
      "properties": {
        "link_id": "469",
        "name": "人大会堂西路",
        "osm_way_id": "1306",
        "from_node_id": "79",
        "to_node_id": "72",
        "directed": "1",
        "geometry": "LINESTRING (116.385422 39.900935, 116.385413 39.901215)",
        "dir_flag": "1",
        "length": "31.14",
        "facility_type": "tertiary",
        "link_type": "5",
        "free_speed": "",
        "lanes": "",
        "capacity": "",
        "allowed_uses": "auto",
        "notes": "",
        "feature_type": "link"
      },
      "geometry": {
        "type": "LineString",
        "coordinates": [
          [
            116.385422,
            39.900935
          ],
          [
            116.385413,
            39.901215
          ]
        ]
      }
    },
    {
      "type": "Feature",
      "properties": {
        "link_id": "470",
        "name": "人大会堂西路",
        "osm_way_id": "1307",
        "from_node_id": "72",
        "to_node_id": "70",
        "directed": "1",
        "geometry": "LINESTRING (116.385413 39.901215, 116.385402 39.901448)",
        "dir_flag": "1",
        "length": "25.93",
        "facility_type": "tertiary",
        "link_type": "5",
        "free_speed": "",
        "lanes": "",
        "capacity": "",
        "allowed_uses": "auto",
        "notes": "",
        "feature_type": "link"
      },
      "geometry": {
        "type": "LineString",
        "coordinates": [
          [
            116.385413,
            39.901215
          ],
          [
            116.385402,
            39.901448
          ]
        ]
      }
    },
    {
      "type": "Feature",
      "properties": {
        "link_id": "471",
        "name": "人大会堂西路",
        "osm_way_id": "1307",
        "from_node_id": "70",
        "to_node_id": "72",
        "directed": "1",
        "geometry": "LINESTRING (116.385402 39.901448, 116.385413 39.901215)",
        "dir_flag": "1",
        "length": "25.93",
        "facility_type": "tertiary",
        "link_type": "5",
        "free_speed": "",
        "lanes": "",
        "capacity": "",
        "allowed_uses": "auto",
        "notes": "",
        "feature_type": "link"
      },
      "geometry": {
        "type": "LineString",
        "coordinates": [
          [
            116.385402,
            39.901448
          ],
          [
            116.385413,
            39.901215
          ]
        ]
      }
    },
    {
      "type": "Feature",
      "properties": {
        "link_id": "472",
        "name": "红井胡同",
        "osm_way_id": "1312",
        "from_node_id": "71",
        "to_node_id": "208",
        "directed": "1",
        "geometry": "LINESTRING (116.385276 39.901444, 116.385034 39.901436)",
        "dir_flag": "1",
        "length": "20.66",
        "facility_type": "tertiary",
        "link_type": "5",
        "free_speed": "",
        "lanes": "",
        "capacity": "",
        "allowed_uses": "auto",
        "notes": "",
        "feature_type": "link"
      },
      "geometry": {
        "type": "LineString",
        "coordinates": [
          [
            116.385276,
            39.901444
          ],
          [
            116.385034,
            39.901436
          ]
        ]
      }
    },
    {
      "type": "Feature",
      "properties": {
        "link_id": "473",
        "name": "红井胡同",
        "osm_way_id": "1312",
        "from_node_id": "208",
        "to_node_id": "71",
        "directed": "1",
        "geometry": "LINESTRING (116.385034 39.901436, 116.385276 39.901444)",
        "dir_flag": "1",
        "length": "20.66",
        "facility_type": "tertiary",
        "link_type": "5",
        "free_speed": "",
        "lanes": "",
        "capacity": "",
        "allowed_uses": "auto",
        "notes": "",
        "feature_type": "link"
      },
      "geometry": {
        "type": "LineString",
        "coordinates": [
          [
            116.385034,
            39.901436
          ],
          [
            116.385276,
            39.901444
          ]
        ]
      }
    },
    {
      "type": "Feature",
      "properties": {
        "link_id": "474",
        "name": "红井胡同",
        "osm_way_id": "1313",
        "from_node_id": "71",
        "to_node_id": "70",
        "directed": "1",
        "geometry": "LINESTRING (116.385276 39.901444, 116.385402 39.901448)",
        "dir_flag": "1",
        "length": "10.76",
        "facility_type": "tertiary",
        "link_type": "5",
        "free_speed": "",
        "lanes": "",
        "capacity": "",
        "allowed_uses": "auto",
        "notes": "",
        "feature_type": "link"
      },
      "geometry": {
        "type": "LineString",
        "coordinates": [
          [
            116.385276,
            39.901444
          ],
          [
            116.385402,
            39.901448
          ]
        ]
      }
    },
    {
      "type": "Feature",
      "properties": {
        "link_id": "475",
        "name": "红井胡同",
        "osm_way_id": "1313",
        "from_node_id": "70",
        "to_node_id": "71",
        "directed": "1",
        "geometry": "LINESTRING (116.385402 39.901448, 116.385276 39.901444)",
        "dir_flag": "1",
        "length": "10.76",
        "facility_type": "tertiary",
        "link_type": "5",
        "free_speed": "",
        "lanes": "",
        "capacity": "",
        "allowed_uses": "auto",
        "notes": "",
        "feature_type": "link"
      },
      "geometry": {
        "type": "LineString",
        "coordinates": [
          [
            116.385402,
            39.901448
          ],
          [
            116.385276,
            39.901444
          ]
        ]
      }
    },
    {
      "type": "Feature",
      "properties": {
        "link_id": "476",
        "name": "人大会堂西路",
        "osm_way_id": "1324",
        "from_node_id": "73",
        "to_node_id": "70",
        "directed": "1",
        "geometry": "LINESTRING (116.385392 39.901731, 116.385402 39.901448)",
        "dir_flag": "1",
        "length": "31.48",
        "facility_type": "tertiary",
        "link_type": "5",
        "free_speed": "",
        "lanes": "",
        "capacity": "",
        "allowed_uses": "auto",
        "notes": "",
        "feature_type": "link"
      },
      "geometry": {
        "type": "LineString",
        "coordinates": [
          [
            116.385392,
            39.901731
          ],
          [
            116.385402,
            39.901448
          ]
        ]
      }
    },
    {
      "type": "Feature",
      "properties": {
        "link_id": "477",
        "name": "人大会堂西路",
        "osm_way_id": "1324",
        "from_node_id": "70",
        "to_node_id": "73",
        "directed": "1",
        "geometry": "LINESTRING (116.385402 39.901448, 116.385392 39.901731)",
        "dir_flag": "1",
        "length": "31.48",
        "facility_type": "tertiary",
        "link_type": "5",
        "free_speed": "",
        "lanes": "",
        "capacity": "",
        "allowed_uses": "auto",
        "notes": "",
        "feature_type": "link"
      },
      "geometry": {
        "type": "LineString",
        "coordinates": [
          [
            116.385402,
            39.901448
          ],
          [
            116.385392,
            39.901731
          ]
        ]
      }
    },
    {
      "type": "Feature",
      "properties": {
        "link_id": "478",
        "name": "人大会堂西路",
        "osm_way_id": "1325",
        "from_node_id": "73",
        "to_node_id": "16",
        "directed": "1",
        "geometry": "LINESTRING (116.385392 39.901731, 116.385392 39.901762)",
        "dir_flag": "1",
        "length": "3.45",
        "facility_type": "tertiary",
        "link_type": "5",
        "free_speed": "",
        "lanes": "",
        "capacity": "",
        "allowed_uses": "auto",
        "notes": "",
        "feature_type": "link"
      },
      "geometry": {
        "type": "LineString",
        "coordinates": [
          [
            116.385392,
            39.901731
          ],
          [
            116.385392,
            39.901762
          ]
        ]
      }
    },
    {
      "type": "Feature",
      "properties": {
        "link_id": "479",
        "name": "人大会堂西路",
        "osm_way_id": "1325",
        "from_node_id": "16",
        "to_node_id": "73",
        "directed": "1",
        "geometry": "LINESTRING (116.385392 39.901762, 116.385392 39.901731)",
        "dir_flag": "1",
        "length": "3.45",
        "facility_type": "tertiary",
        "link_type": "5",
        "free_speed": "",
        "lanes": "",
        "capacity": "",
        "allowed_uses": "auto",
        "notes": "",
        "feature_type": "link"
      },
      "geometry": {
        "type": "LineString",
        "coordinates": [
          [
            116.385392,
            39.901762
          ],
          [
            116.385392,
            39.901731
          ]
        ]
      }
    },
    {
      "type": "Feature",
      "properties": {
        "link_id": "480",
        "name": "人大会堂西路",
        "osm_way_id": "1330",
        "from_node_id": "11",
        "to_node_id": "9",
        "directed": "1",
        "geometry": "LINESTRING (116.38589 39.901889, 116.386284 39.901695)",
        "dir_flag": "1",
        "length": "39.94",
        "facility_type": "tertiary",
        "link_type": "5",
        "free_speed": "",
        "lanes": "",
        "capacity": "",
        "allowed_uses": "auto",
        "notes": "",
        "feature_type": "link"
      },
      "geometry": {
        "type": "LineString",
        "coordinates": [
          [
            116.38589,
            39.901889
          ],
          [
            116.386284,
            39.901695
          ]
        ]
      }
    },
    {
      "type": "Feature",
      "properties": {
        "link_id": "481",
        "name": "人大会堂西路",
        "osm_way_id": "1330",
        "from_node_id": "9",
        "to_node_id": "11",
        "directed": "1",
        "geometry": "LINESTRING (116.386284 39.901695, 116.38589 39.901889)",
        "dir_flag": "1",
        "length": "39.94",
        "facility_type": "tertiary",
        "link_type": "5",
        "free_speed": "",
        "lanes": "",
        "capacity": "",
        "allowed_uses": "auto",
        "notes": "",
        "feature_type": "link"
      },
      "geometry": {
        "type": "LineString",
        "coordinates": [
          [
            116.386284,
            39.901695
          ],
          [
            116.38589,
            39.901889
          ]
        ]
      }
    },
    {
      "type": "Feature",
      "properties": {
        "link_id": "482",
        "name": "人大会堂西路",
        "osm_way_id": "1331",
        "from_node_id": "11",
        "to_node_id": "221",
        "directed": "1",
        "geometry": "LINESTRING (116.38589 39.901889, 116.385821 39.901921)",
        "dir_flag": "1",
        "length": "6.88",
        "facility_type": "tertiary",
        "link_type": "5",
        "free_speed": "",
        "lanes": "",
        "capacity": "",
        "allowed_uses": "auto",
        "notes": "",
        "feature_type": "link"
      },
      "geometry": {
        "type": "LineString",
        "coordinates": [
          [
            116.38589,
            39.901889
          ],
          [
            116.385821,
            39.901921
          ]
        ]
      }
    },
    {
      "type": "Feature",
      "properties": {
        "link_id": "483",
        "name": "人大会堂西路",
        "osm_way_id": "1331",
        "from_node_id": "221",
        "to_node_id": "11",
        "directed": "1",
        "geometry": "LINESTRING (116.385821 39.901921, 116.38589 39.901889)",
        "dir_flag": "1",
        "length": "6.88",
        "facility_type": "tertiary",
        "link_type": "5",
        "free_speed": "",
        "lanes": "",
        "capacity": "",
        "allowed_uses": "auto",
        "notes": "",
        "feature_type": "link"
      },
      "geometry": {
        "type": "LineString",
        "coordinates": [
          [
            116.385821,
            39.901921
          ],
          [
            116.38589,
            39.901889
          ]
        ]
      }
    },
    {
      "type": "Feature",
      "properties": {
        "link_id": "484",
        "name": "人大会堂西路",
        "osm_way_id": "1340",
        "from_node_id": "7",
        "to_node_id": "5",
        "directed": "1",
        "geometry": "LINESTRING (116.38559 39.902168, 116.385592 39.901994)",
        "dir_flag": "1",
        "length": "19.35",
        "facility_type": "tertiary",
        "link_type": "5",
        "free_speed": "",
        "lanes": "",
        "capacity": "",
        "allowed_uses": "auto",
        "notes": "",
        "feature_type": "link"
      },
      "geometry": {
        "type": "LineString",
        "coordinates": [
          [
            116.38559,
            39.902168
          ],
          [
            116.385592,
            39.901994
          ]
        ]
      }
    },
    {
      "type": "Feature",
      "properties": {
        "link_id": "485",
        "name": "人大会堂西路",
        "osm_way_id": "1340",
        "from_node_id": "5",
        "to_node_id": "7",
        "directed": "1",
        "geometry": "LINESTRING (116.385592 39.901994, 116.38559 39.902168)",
        "dir_flag": "1",
        "length": "19.35",
        "facility_type": "tertiary",
        "link_type": "5",
        "free_speed": "",
        "lanes": "",
        "capacity": "",
        "allowed_uses": "auto",
        "notes": "",
        "feature_type": "link"
      },
      "geometry": {
        "type": "LineString",
        "coordinates": [
          [
            116.385592,
            39.901994
          ],
          [
            116.38559,
            39.902168
          ]
        ]
      }
    },
    {
      "type": "Feature",
      "properties": {
        "link_id": "486",
        "name": "人大会堂西路",
        "osm_way_id": "1341",
        "from_node_id": "7",
        "to_node_id": "222",
        "directed": "1",
        "geometry": "LINESTRING (116.38559 39.902168, 116.385576 39.90249)",
        "dir_flag": "1",
        "length": "35.82",
        "facility_type": "tertiary",
        "link_type": "5",
        "free_speed": "",
        "lanes": "",
        "capacity": "",
        "allowed_uses": "auto",
        "notes": "",
        "feature_type": "link"
      },
      "geometry": {
        "type": "LineString",
        "coordinates": [
          [
            116.38559,
            39.902168
          ],
          [
            116.385576,
            39.90249
          ]
        ]
      }
    },
    {
      "type": "Feature",
      "properties": {
        "link_id": "487",
        "name": "人大会堂西路",
        "osm_way_id": "1341",
        "from_node_id": "222",
        "to_node_id": "7",
        "directed": "1",
        "geometry": "LINESTRING (116.385576 39.90249, 116.38559 39.902168)",
        "dir_flag": "1",
        "length": "35.82",
        "facility_type": "tertiary",
        "link_type": "5",
        "free_speed": "",
        "lanes": "",
        "capacity": "",
        "allowed_uses": "auto",
        "notes": "",
        "feature_type": "link"
      },
      "geometry": {
        "type": "LineString",
        "coordinates": [
          [
            116.385576,
            39.90249
          ],
          [
            116.38559,
            39.902168
          ]
        ]
      }
    },
    {
      "type": "Feature",
      "properties": {
        "link_id": "488",
        "name": "人大会堂西路",
        "osm_way_id": "1368",
        "from_node_id": "223",
        "to_node_id": "224",
        "directed": "1",
        "geometry": "LINESTRING (116.38544 39.905208, 116.385483 39.904299)",
        "dir_flag": "1",
        "length": "101.14",
        "facility_type": "tertiary",
        "link_type": "5",
        "free_speed": "",
        "lanes": "",
        "capacity": "",
        "allowed_uses": "auto",
        "notes": "",
        "feature_type": "link"
      },
      "geometry": {
        "type": "LineString",
        "coordinates": [
          [
            116.38544,
            39.905208
          ],
          [
            116.385483,
            39.904299
          ]
        ]
      }
    },
    {
      "type": "Feature",
      "properties": {
        "link_id": "489",
        "name": "人大会堂西路",
        "osm_way_id": "1368",
        "from_node_id": "224",
        "to_node_id": "223",
        "directed": "1",
        "geometry": "LINESTRING (116.385483 39.904299, 116.38544 39.905208)",
        "dir_flag": "1",
        "length": "101.14",
        "facility_type": "tertiary",
        "link_type": "5",
        "free_speed": "",
        "lanes": "",
        "capacity": "",
        "allowed_uses": "auto",
        "notes": "",
        "feature_type": "link"
      },
      "geometry": {
        "type": "LineString",
        "coordinates": [
          [
            116.385483,
            39.904299
          ],
          [
            116.38544,
            39.905208
          ]
        ]
      }
    },
    {
      "type": "Feature",
      "properties": {
        "link_id": "490",
        "name": "人大会堂西路",
        "osm_way_id": "1369",
        "from_node_id": "223",
        "to_node_id": "225",
        "directed": "1",
        "geometry": "LINESTRING (116.38544 39.905208, 116.385423 39.905528)",
        "dir_flag": "1",
        "length": "35.61",
        "facility_type": "tertiary",
        "link_type": "5",
        "free_speed": "",
        "lanes": "",
        "capacity": "",
        "allowed_uses": "auto",
        "notes": "",
        "feature_type": "link"
      },
      "geometry": {
        "type": "LineString",
        "coordinates": [
          [
            116.38544,
            39.905208
          ],
          [
            116.385423,
            39.905528
          ]
        ]
      }
    },
    {
      "type": "Feature",
      "properties": {
        "link_id": "491",
        "name": "人大会堂西路",
        "osm_way_id": "1369",
        "from_node_id": "225",
        "to_node_id": "223",
        "directed": "1",
        "geometry": "LINESTRING (116.385423 39.905528, 116.38544 39.905208)",
        "dir_flag": "1",
        "length": "35.61",
        "facility_type": "tertiary",
        "link_type": "5",
        "free_speed": "",
        "lanes": "",
        "capacity": "",
        "allowed_uses": "auto",
        "notes": "",
        "feature_type": "link"
      },
      "geometry": {
        "type": "LineString",
        "coordinates": [
          [
            116.385423,
            39.905528
          ],
          [
            116.38544,
            39.905208
          ]
        ]
      }
    },
    {
      "type": "Feature",
      "properties": {
        "link_id": "492",
        "name": "东长安街",
        "osm_way_id": "1387",
        "from_node_id": "226",
        "to_node_id": "61",
        "directed": "1",
        "geometry": "LINESTRING (116.39747 39.906349, 116.399981 39.906433)",
        "dir_flag": "1",
        "length": "214.38",
        "facility_type": "trunk",
        "link_type": "2",
        "free_speed": "",
        "lanes": "",
        "capacity": "",
        "allowed_uses": "auto",
        "notes": "",
        "feature_type": "link"
      },
      "geometry": {
        "type": "LineString",
        "coordinates": [
          [
            116.39747,
            39.906349
          ],
          [
            116.399981,
            39.906433
          ]
        ]
      }
    },
    {
      "type": "Feature",
      "properties": {
        "link_id": "493",
        "name": "",
        "osm_way_id": "1388",
        "from_node_id": "227",
        "to_node_id": "60",
        "directed": "1",
        "geometry": "LINESTRING (116.397014 39.906425, 116.397096 39.906522)",
        "dir_flag": "1",
        "length": "12.86",
        "facility_type": "tertiary",
        "link_type": "5",
        "free_speed": "",
        "lanes": "",
        "capacity": "",
        "allowed_uses": "auto",
        "notes": "",
        "feature_type": "link"
      },
      "geometry": {
        "type": "LineString",
        "coordinates": [
          [
            116.397014,
            39.906425
          ],
          [
            116.397096,
            39.906522
          ]
        ]
      }
    },
    {
      "type": "Feature",
      "properties": {
        "link_id": "494",
        "name": "",
        "osm_way_id": "1388",
        "from_node_id": "60",
        "to_node_id": "227",
        "directed": "1",
        "geometry": "LINESTRING (116.397096 39.906522, 116.397014 39.906425)",
        "dir_flag": "1",
        "length": "12.86",
        "facility_type": "tertiary",
        "link_type": "5",
        "free_speed": "",
        "lanes": "",
        "capacity": "",
        "allowed_uses": "auto",
        "notes": "",
        "feature_type": "link"
      },
      "geometry": {
        "type": "LineString",
        "coordinates": [
          [
            116.397096,
            39.906522
          ],
          [
            116.397014,
            39.906425
          ]
        ]
      }
    },
    {
      "type": "Feature",
      "properties": {
        "link_id": "495",
        "name": "",
        "osm_way_id": "1389",
        "from_node_id": "227",
        "to_node_id": "228",
        "directed": "1",
        "geometry": "LINESTRING (116.397014 39.906425, 116.396866 39.906276)",
        "dir_flag": "1",
        "length": "20.83",
        "facility_type": "tertiary",
        "link_type": "5",
        "free_speed": "",
        "lanes": "",
        "capacity": "",
        "allowed_uses": "auto",
        "notes": "",
        "feature_type": "link"
      },
      "geometry": {
        "type": "LineString",
        "coordinates": [
          [
            116.397014,
            39.906425
          ],
          [
            116.396866,
            39.906276
          ]
        ]
      }
    },
    {
      "type": "Feature",
      "properties": {
        "link_id": "496",
        "name": "",
        "osm_way_id": "1389",
        "from_node_id": "228",
        "to_node_id": "227",
        "directed": "1",
        "geometry": "LINESTRING (116.396866 39.906276, 116.397014 39.906425)",
        "dir_flag": "1",
        "length": "20.83",
        "facility_type": "tertiary",
        "link_type": "5",
        "free_speed": "",
        "lanes": "",
        "capacity": "",
        "allowed_uses": "auto",
        "notes": "",
        "feature_type": "link"
      },
      "geometry": {
        "type": "LineString",
        "coordinates": [
          [
            116.396866,
            39.906276
          ],
          [
            116.397014,
            39.906425
          ]
        ]
      }
    },
    {
      "type": "Feature",
      "properties": {
        "link_id": "497",
        "name": "南池子大街",
        "osm_way_id": "1417",
        "from_node_id": "186",
        "to_node_id": "155",
        "directed": "1",
        "geometry": "LINESTRING (116.397051 39.907336, 116.397048 39.907395)",
        "dir_flag": "1",
        "length": "6.57",
        "facility_type": "tertiary",
        "link_type": "5",
        "free_speed": "",
        "lanes": "1",
        "capacity": "",
        "allowed_uses": "auto",
        "notes": "",
        "feature_type": "link"
      },
      "geometry": {
        "type": "LineString",
        "coordinates": [
          [
            116.397051,
            39.907336
          ],
          [
            116.397048,
            39.907395
          ]
        ]
      }
    },
    {
      "type": "Feature",
      "properties": {
        "link_id": "498",
        "name": "南池子大街",
        "osm_way_id": "1417",
        "from_node_id": "155",
        "to_node_id": "186",
        "directed": "1",
        "geometry": "LINESTRING (116.397048 39.907395, 116.397051 39.907336)",
        "dir_flag": "1",
        "length": "6.57",
        "facility_type": "tertiary",
        "link_type": "5",
        "free_speed": "",
        "lanes": "1",
        "capacity": "",
        "allowed_uses": "auto",
        "notes": "",
        "feature_type": "link"
      },
      "geometry": {
        "type": "LineString",
        "coordinates": [
          [
            116.397048,
            39.907395
          ],
          [
            116.397051,
            39.907336
          ]
        ]
      }
    },
    {
      "type": "Feature",
      "properties": {
        "link_id": "499",
        "name": "南池子大街",
        "osm_way_id": "1418",
        "from_node_id": "186",
        "to_node_id": "184",
        "directed": "1",
        "geometry": "LINESTRING (116.397051 39.907336, 116.397056 39.907228)",
        "dir_flag": "1",
        "length": "12.02",
        "facility_type": "tertiary",
        "link_type": "5",
        "free_speed": "",
        "lanes": "1",
        "capacity": "",
        "allowed_uses": "auto",
        "notes": "",
        "feature_type": "link"
      },
      "geometry": {
        "type": "LineString",
        "coordinates": [
          [
            116.397051,
            39.907336
          ],
          [
            116.397056,
            39.907228
          ]
        ]
      }
    },
    {
      "type": "Feature",
      "properties": {
        "link_id": "500",
        "name": "南池子大街",
        "osm_way_id": "1418",
        "from_node_id": "184",
        "to_node_id": "186",
        "directed": "1",
        "geometry": "LINESTRING (116.397056 39.907228, 116.397051 39.907336)",
        "dir_flag": "1",
        "length": "12.02",
        "facility_type": "tertiary",
        "link_type": "5",
        "free_speed": "",
        "lanes": "1",
        "capacity": "",
        "allowed_uses": "auto",
        "notes": "",
        "feature_type": "link"
      },
      "geometry": {
        "type": "LineString",
        "coordinates": [
          [
            116.397056,
            39.907228
          ],
          [
            116.397051,
            39.907336
          ]
        ]
      }
    },
    {
      "type": "Feature",
      "properties": {
        "link_id": "501",
        "name": "南河沿大街",
        "osm_way_id": "1420",
        "from_node_id": "229",
        "to_node_id": "164",
        "directed": "1",
        "geometry": "LINESTRING (116.400551 39.90918, 116.40056 39.909417)",
        "dir_flag": "1",
        "length": "26.36",
        "facility_type": "secondary",
        "link_type": "4",
        "free_speed": "",
        "lanes": "",
        "capacity": "",
        "allowed_uses": "auto",
        "notes": "",
        "feature_type": "link"
      },
      "geometry": {
        "type": "LineString",
        "coordinates": [
          [
            116.400551,
            39.90918
          ],
          [
            116.40056,
            39.909417
          ]
        ]
      }
    },
    {
      "type": "Feature",
      "properties": {
        "link_id": "502",
        "name": "南河沿大街",
        "osm_way_id": "1420",
        "from_node_id": "164",
        "to_node_id": "229",
        "directed": "1",
        "geometry": "LINESTRING (116.40056 39.909417, 116.400551 39.90918)",
        "dir_flag": "1",
        "length": "26.36",
        "facility_type": "secondary",
        "link_type": "4",
        "free_speed": "",
        "lanes": "",
        "capacity": "",
        "allowed_uses": "auto",
        "notes": "",
        "feature_type": "link"
      },
      "geometry": {
        "type": "LineString",
        "coordinates": [
          [
            116.40056,
            39.909417
          ],
          [
            116.400551,
            39.90918
          ]
        ]
      }
    },
    {
      "type": "Feature",
      "properties": {
        "link_id": "503",
        "name": "南河沿大街",
        "osm_way_id": "1421",
        "from_node_id": "229",
        "to_node_id": "90",
        "directed": "1",
        "geometry": "LINESTRING (116.400551 39.90918, 116.400515 39.908523)",
        "dir_flag": "1",
        "length": "73.12",
        "facility_type": "secondary",
        "link_type": "4",
        "free_speed": "",
        "lanes": "",
        "capacity": "",
        "allowed_uses": "auto",
        "notes": "",
        "feature_type": "link"
      },
      "geometry": {
        "type": "LineString",
        "coordinates": [
          [
            116.400551,
            39.90918
          ],
          [
            116.400515,
            39.908523
          ]
        ]
      }
    },
    {
      "type": "Feature",
      "properties": {
        "link_id": "504",
        "name": "南河沿大街",
        "osm_way_id": "1421",
        "from_node_id": "90",
        "to_node_id": "229",
        "directed": "1",
        "geometry": "LINESTRING (116.400515 39.908523, 116.400551 39.90918)",
        "dir_flag": "1",
        "length": "73.12",
        "facility_type": "secondary",
        "link_type": "4",
        "free_speed": "",
        "lanes": "",
        "capacity": "",
        "allowed_uses": "auto",
        "notes": "",
        "feature_type": "link"
      },
      "geometry": {
        "type": "LineString",
        "coordinates": [
          [
            116.400515,
            39.908523
          ],
          [
            116.400551,
            39.90918
          ]
        ]
      }
    },
    {
      "type": "Feature",
      "properties": {
        "link_id": "505",
        "name": "南池子大街",
        "osm_way_id": "1431",
        "from_node_id": "122",
        "to_node_id": "130",
        "directed": "1",
        "geometry": "LINESTRING (116.396887 39.910643, 116.396825 39.911373)",
        "dir_flag": "1",
        "length": "81.34",
        "facility_type": "tertiary",
        "link_type": "5",
        "free_speed": "",
        "lanes": "1",
        "capacity": "",
        "allowed_uses": "auto",
        "notes": "",
        "feature_type": "link"
      },
      "geometry": {
        "type": "LineString",
        "coordinates": [
          [
            116.396887,
            39.910643
          ],
          [
            116.396825,
            39.911373
          ]
        ]
      }
    },
    {
      "type": "Feature",
      "properties": {
        "link_id": "506",
        "name": "南池子大街",
        "osm_way_id": "1431",
        "from_node_id": "130",
        "to_node_id": "122",
        "directed": "1",
        "geometry": "LINESTRING (116.396825 39.911373, 116.396887 39.910643)",
        "dir_flag": "1",
        "length": "81.34",
        "facility_type": "tertiary",
        "link_type": "5",
        "free_speed": "",
        "lanes": "1",
        "capacity": "",
        "allowed_uses": "auto",
        "notes": "",
        "feature_type": "link"
      },
      "geometry": {
        "type": "LineString",
        "coordinates": [
          [
            116.396825,
            39.911373
          ],
          [
            116.396887,
            39.910643
          ]
        ]
      }
    },
    {
      "type": "Feature",
      "properties": {
        "link_id": "507",
        "name": "南池子大街",
        "osm_way_id": "1432",
        "from_node_id": "122",
        "to_node_id": "121",
        "directed": "1",
        "geometry": "LINESTRING (116.396887 39.910643, 116.396907 39.910253)",
        "dir_flag": "1",
        "length": "43.40",
        "facility_type": "tertiary",
        "link_type": "5",
        "free_speed": "",
        "lanes": "1",
        "capacity": "",
        "allowed_uses": "auto",
        "notes": "",
        "feature_type": "link"
      },
      "geometry": {
        "type": "LineString",
        "coordinates": [
          [
            116.396887,
            39.910643
          ],
          [
            116.396907,
            39.910253
          ]
        ]
      }
    },
    {
      "type": "Feature",
      "properties": {
        "link_id": "508",
        "name": "南池子大街",
        "osm_way_id": "1432",
        "from_node_id": "121",
        "to_node_id": "122",
        "directed": "1",
        "geometry": "LINESTRING (116.396907 39.910253, 116.396887 39.910643)",
        "dir_flag": "1",
        "length": "43.40",
        "facility_type": "tertiary",
        "link_type": "5",
        "free_speed": "",
        "lanes": "1",
        "capacity": "",
        "allowed_uses": "auto",
        "notes": "",
        "feature_type": "link"
      },
      "geometry": {
        "type": "LineString",
        "coordinates": [
          [
            116.396907,
            39.910253
          ],
          [
            116.396887,
            39.910643
          ]
        ]
      }
    },
    {
      "type": "Feature",
      "properties": {
        "link_id": "509",
        "name": "西华门大街",
        "osm_way_id": "1452",
        "from_node_id": "46",
        "to_node_id": "43",
        "directed": "1",
        "geometry": "LINESTRING (116.384147 39.913351, 116.38518 39.913367)",
        "dir_flag": "1",
        "length": "88.12",
        "facility_type": "unclassified",
        "link_type": "20",
        "free_speed": "",
        "lanes": "",
        "capacity": "",
        "allowed_uses": "auto",
        "notes": "",
        "feature_type": "link"
      },
      "geometry": {
        "type": "LineString",
        "coordinates": [
          [
            116.384147,
            39.913351
          ],
          [
            116.38518,
            39.913367
          ]
        ]
      }
    },
    {
      "type": "Feature",
      "properties": {
        "link_id": "510",
        "name": "西华门大街",
        "osm_way_id": "1452",
        "from_node_id": "43",
        "to_node_id": "46",
        "directed": "1",
        "geometry": "LINESTRING (116.38518 39.913367, 116.384147 39.913351)",
        "dir_flag": "1",
        "length": "88.12",
        "facility_type": "unclassified",
        "link_type": "20",
        "free_speed": "",
        "lanes": "",
        "capacity": "",
        "allowed_uses": "auto",
        "notes": "",
        "feature_type": "link"
      },
      "geometry": {
        "type": "LineString",
        "coordinates": [
          [
            116.38518,
            39.913367
          ],
          [
            116.384147,
            39.913351
          ]
        ]
      }
    },
    {
      "type": "Feature",
      "properties": {
        "link_id": "511",
        "name": "西华门大街",
        "osm_way_id": "1453",
        "from_node_id": "46",
        "to_node_id": "179",
        "directed": "1",
        "geometry": "LINESTRING (116.384147 39.913351, 116.383242 39.913347)",
        "dir_flag": "1",
        "length": "77.19",
        "facility_type": "unclassified",
        "link_type": "20",
        "free_speed": "",
        "lanes": "",
        "capacity": "",
        "allowed_uses": "auto",
        "notes": "",
        "feature_type": "link"
      },
      "geometry": {
        "type": "LineString",
        "coordinates": [
          [
            116.384147,
            39.913351
          ],
          [
            116.383242,
            39.913347
          ]
        ]
      }
    },
    {
      "type": "Feature",
      "properties": {
        "link_id": "512",
        "name": "西华门大街",
        "osm_way_id": "1453",
        "from_node_id": "179",
        "to_node_id": "46",
        "directed": "1",
        "geometry": "LINESTRING (116.383242 39.913347, 116.384147 39.913351)",
        "dir_flag": "1",
        "length": "77.19",
        "facility_type": "unclassified",
        "link_type": "20",
        "free_speed": "",
        "lanes": "",
        "capacity": "",
        "allowed_uses": "auto",
        "notes": "",
        "feature_type": "link"
      },
      "geometry": {
        "type": "LineString",
        "coordinates": [
          [
            116.383242,
            39.913347
          ],
          [
            116.384147,
            39.913351
          ]
        ]
      }
    },
    {
      "type": "Feature",
      "properties": {
        "link_id": "513",
        "name": "",
        "osm_way_id": "1454",
        "from_node_id": "46",
        "to_node_id": "230",
        "directed": "1",
        "geometry": "LINESTRING (116.384147 39.913351, 116.384154 39.913159)",
        "dir_flag": "1",
        "length": "21.36",
        "facility_type": "residential",
        "link_type": "6",
        "free_speed": "",
        "lanes": "",
        "capacity": "",
        "allowed_uses": "auto",
        "notes": "",
        "feature_type": "link"
      },
      "geometry": {
        "type": "LineString",
        "coordinates": [
          [
            116.384147,
            39.913351
          ],
          [
            116.384154,
            39.913159
          ]
        ]
      }
    },
    {
      "type": "Feature",
      "properties": {
        "link_id": "514",
        "name": "",
        "osm_way_id": "1454",
        "from_node_id": "230",
        "to_node_id": "46",
        "directed": "1",
        "geometry": "LINESTRING (116.384154 39.913159, 116.384147 39.913351)",
        "dir_flag": "1",
        "length": "21.36",
        "facility_type": "residential",
        "link_type": "6",
        "free_speed": "",
        "lanes": "",
        "capacity": "",
        "allowed_uses": "auto",
        "notes": "",
        "feature_type": "link"
      },
      "geometry": {
        "type": "LineString",
        "coordinates": [
          [
            116.384154,
            39.913159
          ],
          [
            116.384147,
            39.913351
          ]
        ]
      }
    },
    {
      "type": "Feature",
      "properties": {
        "link_id": "515",
        "name": "",
        "osm_way_id": "1455",
        "from_node_id": "230",
        "to_node_id": "231",
        "directed": "1",
        "geometry": "LINESTRING (116.384154 39.913159, 116.384118 39.913088)",
        "dir_flag": "1",
        "length": "8.47",
        "facility_type": "residential",
        "link_type": "6",
        "free_speed": "",
        "lanes": "",
        "capacity": "",
        "allowed_uses": "auto",
        "notes": "",
        "feature_type": "link"
      },
      "geometry": {
        "type": "LineString",
        "coordinates": [
          [
            116.384154,
            39.913159
          ],
          [
            116.384118,
            39.913088
          ]
        ]
      }
    },
    {
      "type": "Feature",
      "properties": {
        "link_id": "516",
        "name": "",
        "osm_way_id": "1455",
        "from_node_id": "231",
        "to_node_id": "230",
        "directed": "1",
        "geometry": "LINESTRING (116.384118 39.913088, 116.384154 39.913159)",
        "dir_flag": "1",
        "length": "8.47",
        "facility_type": "residential",
        "link_type": "6",
        "free_speed": "",
        "lanes": "",
        "capacity": "",
        "allowed_uses": "auto",
        "notes": "",
        "feature_type": "link"
      },
      "geometry": {
        "type": "LineString",
        "coordinates": [
          [
            116.384118,
            39.913088
          ],
          [
            116.384154,
            39.913159
          ]
        ]
      }
    },
    {
      "type": "Feature",
      "properties": {
        "link_id": "517",
        "name": "",
        "osm_way_id": "1456",
        "from_node_id": "230",
        "to_node_id": "46",
        "directed": "1",
        "geometry": "LINESTRING (116.384154 39.913159, 116.384147 39.913351)",
        "dir_flag": "1",
        "length": "21.36",
        "facility_type": "residential",
        "link_type": "6",
        "free_speed": "",
        "lanes": "",
        "capacity": "",
        "allowed_uses": "auto",
        "notes": "",
        "feature_type": "link"
      },
      "geometry": {
        "type": "LineString",
        "coordinates": [
          [
            116.384154,
            39.913159
          ],
          [
            116.384147,
            39.913351
          ]
        ]
      }
    },
    {
      "type": "Feature",
      "properties": {
        "link_id": "518",
        "name": "",
        "osm_way_id": "1456",
        "from_node_id": "46",
        "to_node_id": "230",
        "directed": "1",
        "geometry": "LINESTRING (116.384147 39.913351, 116.384154 39.913159)",
        "dir_flag": "1",
        "length": "21.36",
        "facility_type": "residential",
        "link_type": "6",
        "free_speed": "",
        "lanes": "",
        "capacity": "",
        "allowed_uses": "auto",
        "notes": "",
        "feature_type": "link"
      },
      "geometry": {
        "type": "LineString",
        "coordinates": [
          [
            116.384147,
            39.913351
          ],
          [
            116.384154,
            39.913159
          ]
        ]
      }
    },
    {
      "type": "Feature",
      "properties": {
        "link_id": "519",
        "name": "",
        "osm_way_id": "1457",
        "from_node_id": "231",
        "to_node_id": "232",
        "directed": "1",
        "geometry": "LINESTRING (116.384118 39.913088, 116.38402 39.913053)",
        "dir_flag": "1",
        "length": "9.22",
        "facility_type": "residential",
        "link_type": "6",
        "free_speed": "",
        "lanes": "",
        "capacity": "",
        "allowed_uses": "auto",
        "notes": "",
        "feature_type": "link"
      },
      "geometry": {
        "type": "LineString",
        "coordinates": [
          [
            116.384118,
            39.913088
          ],
          [
            116.38402,
            39.913053
          ]
        ]
      }
    },
    {
      "type": "Feature",
      "properties": {
        "link_id": "520",
        "name": "",
        "osm_way_id": "1457",
        "from_node_id": "232",
        "to_node_id": "231",
        "directed": "1",
        "geometry": "LINESTRING (116.38402 39.913053, 116.384118 39.913088)",
        "dir_flag": "1",
        "length": "9.22",
        "facility_type": "residential",
        "link_type": "6",
        "free_speed": "",
        "lanes": "",
        "capacity": "",
        "allowed_uses": "auto",
        "notes": "",
        "feature_type": "link"
      },
      "geometry": {
        "type": "LineString",
        "coordinates": [
          [
            116.38402,
            39.913053
          ],
          [
            116.384118,
            39.913088
          ]
        ]
      }
    },
    {
      "type": "Feature",
      "properties": {
        "link_id": "521",
        "name": "",
        "osm_way_id": "1458",
        "from_node_id": "231",
        "to_node_id": "230",
        "directed": "1",
        "geometry": "LINESTRING (116.384118 39.913088, 116.384154 39.913159)",
        "dir_flag": "1",
        "length": "8.47",
        "facility_type": "residential",
        "link_type": "6",
        "free_speed": "",
        "lanes": "",
        "capacity": "",
        "allowed_uses": "auto",
        "notes": "",
        "feature_type": "link"
      },
      "geometry": {
        "type": "LineString",
        "coordinates": [
          [
            116.384118,
            39.913088
          ],
          [
            116.384154,
            39.913159
          ]
        ]
      }
    },
    {
      "type": "Feature",
      "properties": {
        "link_id": "522",
        "name": "",
        "osm_way_id": "1458",
        "from_node_id": "230",
        "to_node_id": "231",
        "directed": "1",
        "geometry": "LINESTRING (116.384154 39.913159, 116.384118 39.913088)",
        "dir_flag": "1",
        "length": "8.47",
        "facility_type": "residential",
        "link_type": "6",
        "free_speed": "",
        "lanes": "",
        "capacity": "",
        "allowed_uses": "auto",
        "notes": "",
        "feature_type": "link"
      },
      "geometry": {
        "type": "LineString",
        "coordinates": [
          [
            116.384154,
            39.913159
          ],
          [
            116.384118,
            39.913088
          ]
        ]
      }
    },
    {
      "type": "Feature",
      "properties": {
        "link_id": "523",
        "name": "",
        "osm_way_id": "1459",
        "from_node_id": "231",
        "to_node_id": "233",
        "directed": "1",
        "geometry": "LINESTRING (116.384118 39.913088, 116.38471 39.91311)",
        "dir_flag": "1",
        "length": "50.55",
        "facility_type": "residential",
        "link_type": "6",
        "free_speed": "",
        "lanes": "",
        "capacity": "",
        "allowed_uses": "auto",
        "notes": "",
        "feature_type": "link"
      },
      "geometry": {
        "type": "LineString",
        "coordinates": [
          [
            116.384118,
            39.913088
          ],
          [
            116.38471,
            39.91311
          ]
        ]
      }
    },
    {
      "type": "Feature",
      "properties": {
        "link_id": "524",
        "name": "",
        "osm_way_id": "1459",
        "from_node_id": "233",
        "to_node_id": "231",
        "directed": "1",
        "geometry": "LINESTRING (116.38471 39.91311, 116.384118 39.913088)",
        "dir_flag": "1",
        "length": "50.55",
        "facility_type": "residential",
        "link_type": "6",
        "free_speed": "",
        "lanes": "",
        "capacity": "",
        "allowed_uses": "auto",
        "notes": "",
        "feature_type": "link"
      },
      "geometry": {
        "type": "LineString",
        "coordinates": [
          [
            116.38471,
            39.91311
          ],
          [
            116.384118,
            39.913088
          ]
        ]
      }
    },
    {
      "type": "Feature",
      "properties": {
        "link_id": "525",
        "name": "",
        "osm_way_id": "1460",
        "from_node_id": "232",
        "to_node_id": "234",
        "directed": "1",
        "geometry": "LINESTRING (116.38402 39.913053, 116.383932 39.912949)",
        "dir_flag": "1",
        "length": "13.79",
        "facility_type": "residential",
        "link_type": "6",
        "free_speed": "",
        "lanes": "",
        "capacity": "",
        "allowed_uses": "auto",
        "notes": "",
        "feature_type": "link"
      },
      "geometry": {
        "type": "LineString",
        "coordinates": [
          [
            116.38402,
            39.913053
          ],
          [
            116.383932,
            39.912949
          ]
        ]
      }
    },
    {
      "type": "Feature",
      "properties": {
        "link_id": "526",
        "name": "",
        "osm_way_id": "1460",
        "from_node_id": "234",
        "to_node_id": "232",
        "directed": "1",
        "geometry": "LINESTRING (116.383932 39.912949, 116.38402 39.913053)",
        "dir_flag": "1",
        "length": "13.79",
        "facility_type": "residential",
        "link_type": "6",
        "free_speed": "",
        "lanes": "",
        "capacity": "",
        "allowed_uses": "auto",
        "notes": "",
        "feature_type": "link"
      },
      "geometry": {
        "type": "LineString",
        "coordinates": [
          [
            116.383932,
            39.912949
          ],
          [
            116.38402,
            39.913053
          ]
        ]
      }
    },
    {
      "type": "Feature",
      "properties": {
        "link_id": "527",
        "name": "",
        "osm_way_id": "1461",
        "from_node_id": "232",
        "to_node_id": "231",
        "directed": "1",
        "geometry": "LINESTRING (116.38402 39.913053, 116.384118 39.913088)",
        "dir_flag": "1",
        "length": "9.22",
        "facility_type": "residential",
        "link_type": "6",
        "free_speed": "",
        "lanes": "",
        "capacity": "",
        "allowed_uses": "auto",
        "notes": "",
        "feature_type": "link"
      },
      "geometry": {
        "type": "LineString",
        "coordinates": [
          [
            116.38402,
            39.913053
          ],
          [
            116.384118,
            39.913088
          ]
        ]
      }
    },
    {
      "type": "Feature",
      "properties": {
        "link_id": "528",
        "name": "",
        "osm_way_id": "1461",
        "from_node_id": "231",
        "to_node_id": "232",
        "directed": "1",
        "geometry": "LINESTRING (116.384118 39.913088, 116.38402 39.913053)",
        "dir_flag": "1",
        "length": "9.22",
        "facility_type": "residential",
        "link_type": "6",
        "free_speed": "",
        "lanes": "",
        "capacity": "",
        "allowed_uses": "auto",
        "notes": "",
        "feature_type": "link"
      },
      "geometry": {
        "type": "LineString",
        "coordinates": [
          [
            116.384118,
            39.913088
          ],
          [
            116.38402,
            39.913053
          ]
        ]
      }
    },
    {
      "type": "Feature",
      "properties": {
        "link_id": "529",
        "name": "",
        "osm_way_id": "1462",
        "from_node_id": "234",
        "to_node_id": "235",
        "directed": "1",
        "geometry": "LINESTRING (116.383932 39.912949, 116.383915 39.912847)",
        "dir_flag": "1",
        "length": "11.43",
        "facility_type": "residential",
        "link_type": "6",
        "free_speed": "",
        "lanes": "",
        "capacity": "",
        "allowed_uses": "auto",
        "notes": "",
        "feature_type": "link"
      },
      "geometry": {
        "type": "LineString",
        "coordinates": [
          [
            116.383932,
            39.912949
          ],
          [
            116.383915,
            39.912847
          ]
        ]
      }
    },
    {
      "type": "Feature",
      "properties": {
        "link_id": "530",
        "name": "",
        "osm_way_id": "1462",
        "from_node_id": "235",
        "to_node_id": "234",
        "directed": "1",
        "geometry": "LINESTRING (116.383915 39.912847, 116.383932 39.912949)",
        "dir_flag": "1",
        "length": "11.43",
        "facility_type": "residential",
        "link_type": "6",
        "free_speed": "",
        "lanes": "",
        "capacity": "",
        "allowed_uses": "auto",
        "notes": "",
        "feature_type": "link"
      },
      "geometry": {
        "type": "LineString",
        "coordinates": [
          [
            116.383915,
            39.912847
          ],
          [
            116.383932,
            39.912949
          ]
        ]
      }
    },
    {
      "type": "Feature",
      "properties": {
        "link_id": "531",
        "name": "",
        "osm_way_id": "1463",
        "from_node_id": "234",
        "to_node_id": "232",
        "directed": "1",
        "geometry": "LINESTRING (116.383932 39.912949, 116.38402 39.913053)",
        "dir_flag": "1",
        "length": "13.79",
        "facility_type": "residential",
        "link_type": "6",
        "free_speed": "",
        "lanes": "",
        "capacity": "",
        "allowed_uses": "auto",
        "notes": "",
        "feature_type": "link"
      },
      "geometry": {
        "type": "LineString",
        "coordinates": [
          [
            116.383932,
            39.912949
          ],
          [
            116.38402,
            39.913053
          ]
        ]
      }
    },
    {
      "type": "Feature",
      "properties": {
        "link_id": "532",
        "name": "",
        "osm_way_id": "1463",
        "from_node_id": "232",
        "to_node_id": "234",
        "directed": "1",
        "geometry": "LINESTRING (116.38402 39.913053, 116.383932 39.912949)",
        "dir_flag": "1",
        "length": "13.79",
        "facility_type": "residential",
        "link_type": "6",
        "free_speed": "",
        "lanes": "",
        "capacity": "",
        "allowed_uses": "auto",
        "notes": "",
        "feature_type": "link"
      },
      "geometry": {
        "type": "LineString",
        "coordinates": [
          [
            116.38402,
            39.913053
          ],
          [
            116.383932,
            39.912949
          ]
        ]
      }
    },
    {
      "type": "Feature",
      "properties": {
        "link_id": "533",
        "name": "",
        "osm_way_id": "1464",
        "from_node_id": "235",
        "to_node_id": "236",
        "directed": "1",
        "geometry": "LINESTRING (116.383915 39.912847, 116.383907 39.91277)",
        "dir_flag": "1",
        "length": "8.59",
        "facility_type": "residential",
        "link_type": "6",
        "free_speed": "",
        "lanes": "",
        "capacity": "",
        "allowed_uses": "auto",
        "notes": "",
        "feature_type": "link"
      },
      "geometry": {
        "type": "LineString",
        "coordinates": [
          [
            116.383915,
            39.912847
          ],
          [
            116.383907,
            39.91277
          ]
        ]
      }
    },
    {
      "type": "Feature",
      "properties": {
        "link_id": "534",
        "name": "",
        "osm_way_id": "1464",
        "from_node_id": "236",
        "to_node_id": "235",
        "directed": "1",
        "geometry": "LINESTRING (116.383907 39.91277, 116.383915 39.912847)",
        "dir_flag": "1",
        "length": "8.59",
        "facility_type": "residential",
        "link_type": "6",
        "free_speed": "",
        "lanes": "",
        "capacity": "",
        "allowed_uses": "auto",
        "notes": "",
        "feature_type": "link"
      },
      "geometry": {
        "type": "LineString",
        "coordinates": [
          [
            116.383907,
            39.91277
          ],
          [
            116.383915,
            39.912847
          ]
        ]
      }
    },
    {
      "type": "Feature",
      "properties": {
        "link_id": "535",
        "name": "",
        "osm_way_id": "1465",
        "from_node_id": "235",
        "to_node_id": "234",
        "directed": "1",
        "geometry": "LINESTRING (116.383915 39.912847, 116.383932 39.912949)",
        "dir_flag": "1",
        "length": "11.43",
        "facility_type": "residential",
        "link_type": "6",
        "free_speed": "",
        "lanes": "",
        "capacity": "",
        "allowed_uses": "auto",
        "notes": "",
        "feature_type": "link"
      },
      "geometry": {
        "type": "LineString",
        "coordinates": [
          [
            116.383915,
            39.912847
          ],
          [
            116.383932,
            39.912949
          ]
        ]
      }
    },
    {
      "type": "Feature",
      "properties": {
        "link_id": "536",
        "name": "",
        "osm_way_id": "1465",
        "from_node_id": "234",
        "to_node_id": "235",
        "directed": "1",
        "geometry": "LINESTRING (116.383932 39.912949, 116.383915 39.912847)",
        "dir_flag": "1",
        "length": "11.43",
        "facility_type": "residential",
        "link_type": "6",
        "free_speed": "",
        "lanes": "",
        "capacity": "",
        "allowed_uses": "auto",
        "notes": "",
        "feature_type": "link"
      },
      "geometry": {
        "type": "LineString",
        "coordinates": [
          [
            116.383932,
            39.912949
          ],
          [
            116.383915,
            39.912847
          ]
        ]
      }
    },
    {
      "type": "Feature",
      "properties": {
        "link_id": "537",
        "name": "",
        "osm_way_id": "1466",
        "from_node_id": "236",
        "to_node_id": "237",
        "directed": "1",
        "geometry": "LINESTRING (116.383907 39.91277, 116.383853 39.912683)",
        "dir_flag": "1",
        "length": "10.71",
        "facility_type": "residential",
        "link_type": "6",
        "free_speed": "",
        "lanes": "",
        "capacity": "",
        "allowed_uses": "auto",
        "notes": "",
        "feature_type": "link"
      },
      "geometry": {
        "type": "LineString",
        "coordinates": [
          [
            116.383907,
            39.91277
          ],
          [
            116.383853,
            39.912683
          ]
        ]
      }
    },
    {
      "type": "Feature",
      "properties": {
        "link_id": "538",
        "name": "",
        "osm_way_id": "1466",
        "from_node_id": "237",
        "to_node_id": "236",
        "directed": "1",
        "geometry": "LINESTRING (116.383853 39.912683, 116.383907 39.91277)",
        "dir_flag": "1",
        "length": "10.71",
        "facility_type": "residential",
        "link_type": "6",
        "free_speed": "",
        "lanes": "",
        "capacity": "",
        "allowed_uses": "auto",
        "notes": "",
        "feature_type": "link"
      },
      "geometry": {
        "type": "LineString",
        "coordinates": [
          [
            116.383853,
            39.912683
          ],
          [
            116.383907,
            39.91277
          ]
        ]
      }
    },
    {
      "type": "Feature",
      "properties": {
        "link_id": "539",
        "name": "",
        "osm_way_id": "1467",
        "from_node_id": "236",
        "to_node_id": "235",
        "directed": "1",
        "geometry": "LINESTRING (116.383907 39.91277, 116.383915 39.912847)",
        "dir_flag": "1",
        "length": "8.59",
        "facility_type": "residential",
        "link_type": "6",
        "free_speed": "",
        "lanes": "",
        "capacity": "",
        "allowed_uses": "auto",
        "notes": "",
        "feature_type": "link"
      },
      "geometry": {
        "type": "LineString",
        "coordinates": [
          [
            116.383907,
            39.91277
          ],
          [
            116.383915,
            39.912847
          ]
        ]
      }
    },
    {
      "type": "Feature",
      "properties": {
        "link_id": "540",
        "name": "",
        "osm_way_id": "1467",
        "from_node_id": "235",
        "to_node_id": "236",
        "directed": "1",
        "geometry": "LINESTRING (116.383915 39.912847, 116.383907 39.91277)",
        "dir_flag": "1",
        "length": "8.59",
        "facility_type": "residential",
        "link_type": "6",
        "free_speed": "",
        "lanes": "",
        "capacity": "",
        "allowed_uses": "auto",
        "notes": "",
        "feature_type": "link"
      },
      "geometry": {
        "type": "LineString",
        "coordinates": [
          [
            116.383915,
            39.912847
          ],
          [
            116.383907,
            39.91277
          ]
        ]
      }
    },
    {
      "type": "Feature",
      "properties": {
        "link_id": "541",
        "name": "",
        "osm_way_id": "1468",
        "from_node_id": "237",
        "to_node_id": "238",
        "directed": "1",
        "geometry": "LINESTRING (116.383853 39.912683, 116.383897 39.912133)",
        "dir_flag": "1",
        "length": "61.27",
        "facility_type": "residential",
        "link_type": "6",
        "free_speed": "",
        "lanes": "",
        "capacity": "",
        "allowed_uses": "auto",
        "notes": "",
        "feature_type": "link"
      },
      "geometry": {
        "type": "LineString",
        "coordinates": [
          [
            116.383853,
            39.912683
          ],
          [
            116.383897,
            39.912133
          ]
        ]
      }
    },
    {
      "type": "Feature",
      "properties": {
        "link_id": "542",
        "name": "",
        "osm_way_id": "1468",
        "from_node_id": "238",
        "to_node_id": "237",
        "directed": "1",
        "geometry": "LINESTRING (116.383897 39.912133, 116.383853 39.912683)",
        "dir_flag": "1",
        "length": "61.27",
        "facility_type": "residential",
        "link_type": "6",
        "free_speed": "",
        "lanes": "",
        "capacity": "",
        "allowed_uses": "auto",
        "notes": "",
        "feature_type": "link"
      },
      "geometry": {
        "type": "LineString",
        "coordinates": [
          [
            116.383897,
            39.912133
          ],
          [
            116.383853,
            39.912683
          ]
        ]
      }
    },
    {
      "type": "Feature",
      "properties": {
        "link_id": "543",
        "name": "",
        "osm_way_id": "1469",
        "from_node_id": "237",
        "to_node_id": "236",
        "directed": "1",
        "geometry": "LINESTRING (116.383853 39.912683, 116.383907 39.91277)",
        "dir_flag": "1",
        "length": "10.71",
        "facility_type": "residential",
        "link_type": "6",
        "free_speed": "",
        "lanes": "",
        "capacity": "",
        "allowed_uses": "auto",
        "notes": "",
        "feature_type": "link"
      },
      "geometry": {
        "type": "LineString",
        "coordinates": [
          [
            116.383853,
            39.912683
          ],
          [
            116.383907,
            39.91277
          ]
        ]
      }
    },
    {
      "type": "Feature",
      "properties": {
        "link_id": "544",
        "name": "",
        "osm_way_id": "1469",
        "from_node_id": "236",
        "to_node_id": "237",
        "directed": "1",
        "geometry": "LINESTRING (116.383907 39.91277, 116.383853 39.912683)",
        "dir_flag": "1",
        "length": "10.71",
        "facility_type": "residential",
        "link_type": "6",
        "free_speed": "",
        "lanes": "",
        "capacity": "",
        "allowed_uses": "auto",
        "notes": "",
        "feature_type": "link"
      },
      "geometry": {
        "type": "LineString",
        "coordinates": [
          [
            116.383907,
            39.91277
          ],
          [
            116.383853,
            39.912683
          ]
        ]
      }
    },
    {
      "type": "Feature",
      "properties": {
        "link_id": "545",
        "name": "",
        "osm_way_id": "1470",
        "from_node_id": "239",
        "to_node_id": "240",
        "directed": "1",
        "geometry": "LINESTRING (116.383964 39.911304, 116.383944 39.911253)",
        "dir_flag": "1",
        "length": "5.92",
        "facility_type": "residential",
        "link_type": "6",
        "free_speed": "",
        "lanes": "",
        "capacity": "",
        "allowed_uses": "auto",
        "notes": "",
        "feature_type": "link"
      },
      "geometry": {
        "type": "LineString",
        "coordinates": [
          [
            116.383964,
            39.911304
          ],
          [
            116.383944,
            39.911253
          ]
        ]
      }
    },
    {
      "type": "Feature",
      "properties": {
        "link_id": "546",
        "name": "",
        "osm_way_id": "1470",
        "from_node_id": "240",
        "to_node_id": "239",
        "directed": "1",
        "geometry": "LINESTRING (116.383944 39.911253, 116.383964 39.911304)",
        "dir_flag": "1",
        "length": "5.92",
        "facility_type": "residential",
        "link_type": "6",
        "free_speed": "",
        "lanes": "",
        "capacity": "",
        "allowed_uses": "auto",
        "notes": "",
        "feature_type": "link"
      },
      "geometry": {
        "type": "LineString",
        "coordinates": [
          [
            116.383944,
            39.911253
          ],
          [
            116.383964,
            39.911304
          ]
        ]
      }
    },
    {
      "type": "Feature",
      "properties": {
        "link_id": "547",
        "name": "",
        "osm_way_id": "1471",
        "from_node_id": "239",
        "to_node_id": "238",
        "directed": "1",
        "geometry": "LINESTRING (116.383964 39.911304, 116.383897 39.912133)",
        "dir_flag": "1",
        "length": "92.36",
        "facility_type": "residential",
        "link_type": "6",
        "free_speed": "",
        "lanes": "",
        "capacity": "",
        "allowed_uses": "auto",
        "notes": "",
        "feature_type": "link"
      },
      "geometry": {
        "type": "LineString",
        "coordinates": [
          [
            116.383964,
            39.911304
          ],
          [
            116.383897,
            39.912133
          ]
        ]
      }
    },
    {
      "type": "Feature",
      "properties": {
        "link_id": "548",
        "name": "",
        "osm_way_id": "1471",
        "from_node_id": "238",
        "to_node_id": "239",
        "directed": "1",
        "geometry": "LINESTRING (116.383897 39.912133, 116.383964 39.911304)",
        "dir_flag": "1",
        "length": "92.36",
        "facility_type": "residential",
        "link_type": "6",
        "free_speed": "",
        "lanes": "",
        "capacity": "",
        "allowed_uses": "auto",
        "notes": "",
        "feature_type": "link"
      },
      "geometry": {
        "type": "LineString",
        "coordinates": [
          [
            116.383897,
            39.912133
          ],
          [
            116.383964,
            39.911304
          ]
        ]
      }
    },
    {
      "type": "Feature",
      "properties": {
        "link_id": "549",
        "name": "",
        "osm_way_id": "1472",
        "from_node_id": "240",
        "to_node_id": "241",
        "directed": "1",
        "geometry": "LINESTRING (116.383944 39.911253, 116.38388 39.911236)",
        "dir_flag": "1",
        "length": "5.78",
        "facility_type": "residential",
        "link_type": "6",
        "free_speed": "",
        "lanes": "",
        "capacity": "",
        "allowed_uses": "auto",
        "notes": "",
        "feature_type": "link"
      },
      "geometry": {
        "type": "LineString",
        "coordinates": [
          [
            116.383944,
            39.911253
          ],
          [
            116.38388,
            39.911236
          ]
        ]
      }
    },
    {
      "type": "Feature",
      "properties": {
        "link_id": "550",
        "name": "",
        "osm_way_id": "1472",
        "from_node_id": "241",
        "to_node_id": "240",
        "directed": "1",
        "geometry": "LINESTRING (116.38388 39.911236, 116.383944 39.911253)",
        "dir_flag": "1",
        "length": "5.78",
        "facility_type": "residential",
        "link_type": "6",
        "free_speed": "",
        "lanes": "",
        "capacity": "",
        "allowed_uses": "auto",
        "notes": "",
        "feature_type": "link"
      },
      "geometry": {
        "type": "LineString",
        "coordinates": [
          [
            116.38388,
            39.911236
          ],
          [
            116.383944,
            39.911253
          ]
        ]
      }
    },
    {
      "type": "Feature",
      "properties": {
        "link_id": "551",
        "name": "",
        "osm_way_id": "1473",
        "from_node_id": "240",
        "to_node_id": "239",
        "directed": "1",
        "geometry": "LINESTRING (116.383944 39.911253, 116.383964 39.911304)",
        "dir_flag": "1",
        "length": "5.92",
        "facility_type": "residential",
        "link_type": "6",
        "free_speed": "",
        "lanes": "",
        "capacity": "",
        "allowed_uses": "auto",
        "notes": "",
        "feature_type": "link"
      },
      "geometry": {
        "type": "LineString",
        "coordinates": [
          [
            116.383944,
            39.911253
          ],
          [
            116.383964,
            39.911304
          ]
        ]
      }
    },
    {
      "type": "Feature",
      "properties": {
        "link_id": "552",
        "name": "",
        "osm_way_id": "1473",
        "from_node_id": "239",
        "to_node_id": "240",
        "directed": "1",
        "geometry": "LINESTRING (116.383964 39.911304, 116.383944 39.911253)",
        "dir_flag": "1",
        "length": "5.92",
        "facility_type": "residential",
        "link_type": "6",
        "free_speed": "",
        "lanes": "",
        "capacity": "",
        "allowed_uses": "auto",
        "notes": "",
        "feature_type": "link"
      },
      "geometry": {
        "type": "LineString",
        "coordinates": [
          [
            116.383964,
            39.911304
          ],
          [
            116.383944,
            39.911253
          ]
        ]
      }
    },
    {
      "type": "Feature",
      "properties": {
        "link_id": "553",
        "name": "",
        "osm_way_id": "1474",
        "from_node_id": "240",
        "to_node_id": "242",
        "directed": "1",
        "geometry": "LINESTRING (116.383944 39.911253, 116.38448 39.911275)",
        "dir_flag": "1",
        "length": "45.78",
        "facility_type": "residential",
        "link_type": "6",
        "free_speed": "",
        "lanes": "",
        "capacity": "",
        "allowed_uses": "auto",
        "notes": "",
        "feature_type": "link"
      },
      "geometry": {
        "type": "LineString",
        "coordinates": [
          [
            116.383944,
            39.911253
          ],
          [
            116.38448,
            39.911275
          ]
        ]
      }
    },
    {
      "type": "Feature",
      "properties": {
        "link_id": "554",
        "name": "",
        "osm_way_id": "1474",
        "from_node_id": "242",
        "to_node_id": "240",
        "directed": "1",
        "geometry": "LINESTRING (116.38448 39.911275, 116.383944 39.911253)",
        "dir_flag": "1",
        "length": "45.78",
        "facility_type": "residential",
        "link_type": "6",
        "free_speed": "",
        "lanes": "",
        "capacity": "",
        "allowed_uses": "auto",
        "notes": "",
        "feature_type": "link"
      },
      "geometry": {
        "type": "LineString",
        "coordinates": [
          [
            116.38448,
            39.911275
          ],
          [
            116.383944,
            39.911253
          ]
        ]
      }
    },
    {
      "type": "Feature",
      "properties": {
        "link_id": "555",
        "name": "",
        "osm_way_id": "1475",
        "from_node_id": "241",
        "to_node_id": "243",
        "directed": "1",
        "geometry": "LINESTRING (116.38388 39.911236, 116.383804 39.911251)",
        "dir_flag": "1",
        "length": "6.69",
        "facility_type": "residential",
        "link_type": "6",
        "free_speed": "",
        "lanes": "",
        "capacity": "",
        "allowed_uses": "auto",
        "notes": "",
        "feature_type": "link"
      },
      "geometry": {
        "type": "LineString",
        "coordinates": [
          [
            116.38388,
            39.911236
          ],
          [
            116.383804,
            39.911251
          ]
        ]
      }
    },
    {
      "type": "Feature",
      "properties": {
        "link_id": "556",
        "name": "",
        "osm_way_id": "1475",
        "from_node_id": "243",
        "to_node_id": "241",
        "directed": "1",
        "geometry": "LINESTRING (116.383804 39.911251, 116.38388 39.911236)",
        "dir_flag": "1",
        "length": "6.69",
        "facility_type": "residential",
        "link_type": "6",
        "free_speed": "",
        "lanes": "",
        "capacity": "",
        "allowed_uses": "auto",
        "notes": "",
        "feature_type": "link"
      },
      "geometry": {
        "type": "LineString",
        "coordinates": [
          [
            116.383804,
            39.911251
          ],
          [
            116.38388,
            39.911236
          ]
        ]
      }
    },
    {
      "type": "Feature",
      "properties": {
        "link_id": "557",
        "name": "",
        "osm_way_id": "1476",
        "from_node_id": "241",
        "to_node_id": "240",
        "directed": "1",
        "geometry": "LINESTRING (116.38388 39.911236, 116.383944 39.911253)",
        "dir_flag": "1",
        "length": "5.78",
        "facility_type": "residential",
        "link_type": "6",
        "free_speed": "",
        "lanes": "",
        "capacity": "",
        "allowed_uses": "auto",
        "notes": "",
        "feature_type": "link"
      },
      "geometry": {
        "type": "LineString",
        "coordinates": [
          [
            116.38388,
            39.911236
          ],
          [
            116.383944,
            39.911253
          ]
        ]
      }
    },
    {
      "type": "Feature",
      "properties": {
        "link_id": "558",
        "name": "",
        "osm_way_id": "1476",
        "from_node_id": "240",
        "to_node_id": "241",
        "directed": "1",
        "geometry": "LINESTRING (116.383944 39.911253, 116.38388 39.911236)",
        "dir_flag": "1",
        "length": "5.78",
        "facility_type": "residential",
        "link_type": "6",
        "free_speed": "",
        "lanes": "",
        "capacity": "",
        "allowed_uses": "auto",
        "notes": "",
        "feature_type": "link"
      },
      "geometry": {
        "type": "LineString",
        "coordinates": [
          [
            116.383944,
            39.911253
          ],
          [
            116.38388,
            39.911236
          ]
        ]
      }
    },
    {
      "type": "Feature",
      "properties": {
        "link_id": "559",
        "name": "",
        "osm_way_id": "1477",
        "from_node_id": "243",
        "to_node_id": "244",
        "directed": "1",
        "geometry": "LINESTRING (116.383804 39.911251, 116.383765 39.911313)",
        "dir_flag": "1",
        "length": "7.65",
        "facility_type": "residential",
        "link_type": "6",
        "free_speed": "",
        "lanes": "",
        "capacity": "",
        "allowed_uses": "auto",
        "notes": "",
        "feature_type": "link"
      },
      "geometry": {
        "type": "LineString",
        "coordinates": [
          [
            116.383804,
            39.911251
          ],
          [
            116.383765,
            39.911313
          ]
        ]
      }
    },
    {
      "type": "Feature",
      "properties": {
        "link_id": "560",
        "name": "",
        "osm_way_id": "1477",
        "from_node_id": "244",
        "to_node_id": "243",
        "directed": "1",
        "geometry": "LINESTRING (116.383765 39.911313, 116.383804 39.911251)",
        "dir_flag": "1",
        "length": "7.65",
        "facility_type": "residential",
        "link_type": "6",
        "free_speed": "",
        "lanes": "",
        "capacity": "",
        "allowed_uses": "auto",
        "notes": "",
        "feature_type": "link"
      },
      "geometry": {
        "type": "LineString",
        "coordinates": [
          [
            116.383765,
            39.911313
          ],
          [
            116.383804,
            39.911251
          ]
        ]
      }
    },
    {
      "type": "Feature",
      "properties": {
        "link_id": "561",
        "name": "",
        "osm_way_id": "1478",
        "from_node_id": "243",
        "to_node_id": "241",
        "directed": "1",
        "geometry": "LINESTRING (116.383804 39.911251, 116.38388 39.911236)",
        "dir_flag": "1",
        "length": "6.69",
        "facility_type": "residential",
        "link_type": "6",
        "free_speed": "",
        "lanes": "",
        "capacity": "",
        "allowed_uses": "auto",
        "notes": "",
        "feature_type": "link"
      },
      "geometry": {
        "type": "LineString",
        "coordinates": [
          [
            116.383804,
            39.911251
          ],
          [
            116.38388,
            39.911236
          ]
        ]
      }
    },
    {
      "type": "Feature",
      "properties": {
        "link_id": "562",
        "name": "",
        "osm_way_id": "1478",
        "from_node_id": "241",
        "to_node_id": "243",
        "directed": "1",
        "geometry": "LINESTRING (116.38388 39.911236, 116.383804 39.911251)",
        "dir_flag": "1",
        "length": "6.69",
        "facility_type": "residential",
        "link_type": "6",
        "free_speed": "",
        "lanes": "",
        "capacity": "",
        "allowed_uses": "auto",
        "notes": "",
        "feature_type": "link"
      },
      "geometry": {
        "type": "LineString",
        "coordinates": [
          [
            116.38388,
            39.911236
          ],
          [
            116.383804,
            39.911251
          ]
        ]
      }
    },
    {
      "type": "Feature",
      "properties": {
        "link_id": "563",
        "name": "",
        "osm_way_id": "1479",
        "from_node_id": "244",
        "to_node_id": "245",
        "directed": "1",
        "geometry": "LINESTRING (116.383765 39.911313, 116.383713 39.911988)",
        "dir_flag": "1",
        "length": "75.19",
        "facility_type": "residential",
        "link_type": "6",
        "free_speed": "",
        "lanes": "",
        "capacity": "",
        "allowed_uses": "auto",
        "notes": "",
        "feature_type": "link"
      },
      "geometry": {
        "type": "LineString",
        "coordinates": [
          [
            116.383765,
            39.911313
          ],
          [
            116.383713,
            39.911988
          ]
        ]
      }
    },
    {
      "type": "Feature",
      "properties": {
        "link_id": "564",
        "name": "",
        "osm_way_id": "1479",
        "from_node_id": "245",
        "to_node_id": "244",
        "directed": "1",
        "geometry": "LINESTRING (116.383713 39.911988, 116.383765 39.911313)",
        "dir_flag": "1",
        "length": "75.19",
        "facility_type": "residential",
        "link_type": "6",
        "free_speed": "",
        "lanes": "",
        "capacity": "",
        "allowed_uses": "auto",
        "notes": "",
        "feature_type": "link"
      },
      "geometry": {
        "type": "LineString",
        "coordinates": [
          [
            116.383713,
            39.911988
          ],
          [
            116.383765,
            39.911313
          ]
        ]
      }
    },
    {
      "type": "Feature",
      "properties": {
        "link_id": "565",
        "name": "",
        "osm_way_id": "1480",
        "from_node_id": "244",
        "to_node_id": "243",
        "directed": "1",
        "geometry": "LINESTRING (116.383765 39.911313, 116.383804 39.911251)",
        "dir_flag": "1",
        "length": "7.65",
        "facility_type": "residential",
        "link_type": "6",
        "free_speed": "",
        "lanes": "",
        "capacity": "",
        "allowed_uses": "auto",
        "notes": "",
        "feature_type": "link"
      },
      "geometry": {
        "type": "LineString",
        "coordinates": [
          [
            116.383765,
            39.911313
          ],
          [
            116.383804,
            39.911251
          ]
        ]
      }
    },
    {
      "type": "Feature",
      "properties": {
        "link_id": "566",
        "name": "",
        "osm_way_id": "1480",
        "from_node_id": "243",
        "to_node_id": "244",
        "directed": "1",
        "geometry": "LINESTRING (116.383804 39.911251, 116.383765 39.911313)",
        "dir_flag": "1",
        "length": "7.65",
        "facility_type": "residential",
        "link_type": "6",
        "free_speed": "",
        "lanes": "",
        "capacity": "",
        "allowed_uses": "auto",
        "notes": "",
        "feature_type": "link"
      },
      "geometry": {
        "type": "LineString",
        "coordinates": [
          [
            116.383804,
            39.911251
          ],
          [
            116.383765,
            39.911313
          ]
        ]
      }
    },
    {
      "type": "Feature",
      "properties": {
        "link_id": "567",
        "name": "",
        "osm_way_id": "1481",
        "from_node_id": "245",
        "to_node_id": "238",
        "directed": "1",
        "geometry": "LINESTRING (116.383713 39.911988, 116.383897 39.912133)",
        "dir_flag": "1",
        "length": "22.50",
        "facility_type": "residential",
        "link_type": "6",
        "free_speed": "",
        "lanes": "",
        "capacity": "",
        "allowed_uses": "auto",
        "notes": "",
        "feature_type": "link"
      },
      "geometry": {
        "type": "LineString",
        "coordinates": [
          [
            116.383713,
            39.911988
          ],
          [
            116.383897,
            39.912133
          ]
        ]
      }
    },
    {
      "type": "Feature",
      "properties": {
        "link_id": "568",
        "name": "",
        "osm_way_id": "1481",
        "from_node_id": "238",
        "to_node_id": "245",
        "directed": "1",
        "geometry": "LINESTRING (116.383897 39.912133, 116.383713 39.911988)",
        "dir_flag": "1",
        "length": "22.50",
        "facility_type": "residential",
        "link_type": "6",
        "free_speed": "",
        "lanes": "",
        "capacity": "",
        "allowed_uses": "auto",
        "notes": "",
        "feature_type": "link"
      },
      "geometry": {
        "type": "LineString",
        "coordinates": [
          [
            116.383897,
            39.912133
          ],
          [
            116.383713,
            39.911988
          ]
        ]
      }
    },
    {
      "type": "Feature",
      "properties": {
        "link_id": "569",
        "name": "",
        "osm_way_id": "1482",
        "from_node_id": "245",
        "to_node_id": "244",
        "directed": "1",
        "geometry": "LINESTRING (116.383713 39.911988, 116.383765 39.911313)",
        "dir_flag": "1",
        "length": "75.19",
        "facility_type": "residential",
        "link_type": "6",
        "free_speed": "",
        "lanes": "",
        "capacity": "",
        "allowed_uses": "auto",
        "notes": "",
        "feature_type": "link"
      },
      "geometry": {
        "type": "LineString",
        "coordinates": [
          [
            116.383713,
            39.911988
          ],
          [
            116.383765,
            39.911313
          ]
        ]
      }
    },
    {
      "type": "Feature",
      "properties": {
        "link_id": "570",
        "name": "",
        "osm_way_id": "1482",
        "from_node_id": "244",
        "to_node_id": "245",
        "directed": "1",
        "geometry": "LINESTRING (116.383765 39.911313, 116.383713 39.911988)",
        "dir_flag": "1",
        "length": "75.19",
        "facility_type": "residential",
        "link_type": "6",
        "free_speed": "",
        "lanes": "",
        "capacity": "",
        "allowed_uses": "auto",
        "notes": "",
        "feature_type": "link"
      },
      "geometry": {
        "type": "LineString",
        "coordinates": [
          [
            116.383765,
            39.911313
          ],
          [
            116.383713,
            39.911988
          ]
        ]
      }
    },
    {
      "type": "Feature",
      "properties": {
        "link_id": "571",
        "name": "",
        "osm_way_id": "1483",
        "from_node_id": "238",
        "to_node_id": "239",
        "directed": "1",
        "geometry": "LINESTRING (116.383897 39.912133, 116.383964 39.911304)",
        "dir_flag": "1",
        "length": "92.36",
        "facility_type": "residential",
        "link_type": "6",
        "free_speed": "",
        "lanes": "",
        "capacity": "",
        "allowed_uses": "auto",
        "notes": "",
        "feature_type": "link"
      },
      "geometry": {
        "type": "LineString",
        "coordinates": [
          [
            116.383897,
            39.912133
          ],
          [
            116.383964,
            39.911304
          ]
        ]
      }
    },
    {
      "type": "Feature",
      "properties": {
        "link_id": "572",
        "name": "",
        "osm_way_id": "1483",
        "from_node_id": "239",
        "to_node_id": "238",
        "directed": "1",
        "geometry": "LINESTRING (116.383964 39.911304, 116.383897 39.912133)",
        "dir_flag": "1",
        "length": "92.36",
        "facility_type": "residential",
        "link_type": "6",
        "free_speed": "",
        "lanes": "",
        "capacity": "",
        "allowed_uses": "auto",
        "notes": "",
        "feature_type": "link"
      },
      "geometry": {
        "type": "LineString",
        "coordinates": [
          [
            116.383964,
            39.911304
          ],
          [
            116.383897,
            39.912133
          ]
        ]
      }
    },
    {
      "type": "Feature",
      "properties": {
        "link_id": "573",
        "name": "",
        "osm_way_id": "1484",
        "from_node_id": "238",
        "to_node_id": "237",
        "directed": "1",
        "geometry": "LINESTRING (116.383897 39.912133, 116.383853 39.912683)",
        "dir_flag": "1",
        "length": "61.27",
        "facility_type": "residential",
        "link_type": "6",
        "free_speed": "",
        "lanes": "",
        "capacity": "",
        "allowed_uses": "auto",
        "notes": "",
        "feature_type": "link"
      },
      "geometry": {
        "type": "LineString",
        "coordinates": [
          [
            116.383897,
            39.912133
          ],
          [
            116.383853,
            39.912683
          ]
        ]
      }
    },
    {
      "type": "Feature",
      "properties": {
        "link_id": "574",
        "name": "",
        "osm_way_id": "1484",
        "from_node_id": "237",
        "to_node_id": "238",
        "directed": "1",
        "geometry": "LINESTRING (116.383853 39.912683, 116.383897 39.912133)",
        "dir_flag": "1",
        "length": "61.27",
        "facility_type": "residential",
        "link_type": "6",
        "free_speed": "",
        "lanes": "",
        "capacity": "",
        "allowed_uses": "auto",
        "notes": "",
        "feature_type": "link"
      },
      "geometry": {
        "type": "LineString",
        "coordinates": [
          [
            116.383853,
            39.912683
          ],
          [
            116.383897,
            39.912133
          ]
        ]
      }
    },
    {
      "type": "Feature",
      "properties": {
        "link_id": "575",
        "name": "",
        "osm_way_id": "1485",
        "from_node_id": "238",
        "to_node_id": "245",
        "directed": "1",
        "geometry": "LINESTRING (116.383897 39.912133, 116.383713 39.911988)",
        "dir_flag": "1",
        "length": "22.50",
        "facility_type": "residential",
        "link_type": "6",
        "free_speed": "",
        "lanes": "",
        "capacity": "",
        "allowed_uses": "auto",
        "notes": "",
        "feature_type": "link"
      },
      "geometry": {
        "type": "LineString",
        "coordinates": [
          [
            116.383897,
            39.912133
          ],
          [
            116.383713,
            39.911988
          ]
        ]
      }
    },
    {
      "type": "Feature",
      "properties": {
        "link_id": "576",
        "name": "",
        "osm_way_id": "1485",
        "from_node_id": "245",
        "to_node_id": "238",
        "directed": "1",
        "geometry": "LINESTRING (116.383713 39.911988, 116.383897 39.912133)",
        "dir_flag": "1",
        "length": "22.50",
        "facility_type": "residential",
        "link_type": "6",
        "free_speed": "",
        "lanes": "",
        "capacity": "",
        "allowed_uses": "auto",
        "notes": "",
        "feature_type": "link"
      },
      "geometry": {
        "type": "LineString",
        "coordinates": [
          [
            116.383713,
            39.911988
          ],
          [
            116.383897,
            39.912133
          ]
        ]
      }
    },
    {
      "type": "Feature",
      "properties": {
        "link_id": "577",
        "name": "南长街",
        "osm_way_id": "1486",
        "from_node_id": "211",
        "to_node_id": "209",
        "directed": "1",
        "geometry": "LINESTRING (116.385387 39.911313, 116.385395 39.911228)",
        "dir_flag": "1",
        "length": "9.48",
        "facility_type": "tertiary",
        "link_type": "5",
        "free_speed": "",
        "lanes": "",
        "capacity": "",
        "allowed_uses": "auto",
        "notes": "",
        "feature_type": "link"
      },
      "geometry": {
        "type": "LineString",
        "coordinates": [
          [
            116.385387,
            39.911313
          ],
          [
            116.385395,
            39.911228
          ]
        ]
      }
    },
    {
      "type": "Feature",
      "properties": {
        "link_id": "578",
        "name": "南长街",
        "osm_way_id": "1486",
        "from_node_id": "209",
        "to_node_id": "211",
        "directed": "1",
        "geometry": "LINESTRING (116.385395 39.911228, 116.385387 39.911313)",
        "dir_flag": "1",
        "length": "9.48",
        "facility_type": "tertiary",
        "link_type": "5",
        "free_speed": "",
        "lanes": "",
        "capacity": "",
        "allowed_uses": "auto",
        "notes": "",
        "feature_type": "link"
      },
      "geometry": {
        "type": "LineString",
        "coordinates": [
          [
            116.385395,
            39.911228
          ],
          [
            116.385387,
            39.911313
          ]
        ]
      }
    },
    {
      "type": "Feature",
      "properties": {
        "link_id": "579",
        "name": "南长街",
        "osm_way_id": "1487",
        "from_node_id": "211",
        "to_node_id": "45",
        "directed": "1",
        "geometry": "LINESTRING (116.385387 39.911313, 116.38519 39.913044)",
        "dir_flag": "1",
        "length": "193.21",
        "facility_type": "tertiary",
        "link_type": "5",
        "free_speed": "",
        "lanes": "",
        "capacity": "",
        "allowed_uses": "auto",
        "notes": "",
        "feature_type": "link"
      },
      "geometry": {
        "type": "LineString",
        "coordinates": [
          [
            116.385387,
            39.911313
          ],
          [
            116.38519,
            39.913044
          ]
        ]
      }
    },
    {
      "type": "Feature",
      "properties": {
        "link_id": "580",
        "name": "南长街",
        "osm_way_id": "1487",
        "from_node_id": "45",
        "to_node_id": "211",
        "directed": "1",
        "geometry": "LINESTRING (116.38519 39.913044, 116.385387 39.911313)",
        "dir_flag": "1",
        "length": "193.21",
        "facility_type": "tertiary",
        "link_type": "5",
        "free_speed": "",
        "lanes": "",
        "capacity": "",
        "allowed_uses": "auto",
        "notes": "",
        "feature_type": "link"
      },
      "geometry": {
        "type": "LineString",
        "coordinates": [
          [
            116.38519,
            39.913044
          ],
          [
            116.385387,
            39.911313
          ]
        ]
      }
    },
    {
      "type": "Feature",
      "properties": {
        "link_id": "581",
        "name": "",
        "osm_way_id": "1488",
        "from_node_id": "211",
        "to_node_id": "246",
        "directed": "1",
        "geometry": "LINESTRING (116.385387 39.911313, 116.385197 39.911305)",
        "dir_flag": "1",
        "length": "16.23",
        "facility_type": "residential",
        "link_type": "6",
        "free_speed": "",
        "lanes": "",
        "capacity": "",
        "allowed_uses": "auto",
        "notes": "",
        "feature_type": "link"
      },
      "geometry": {
        "type": "LineString",
        "coordinates": [
          [
            116.385387,
            39.911313
          ],
          [
            116.385197,
            39.911305
          ]
        ]
      }
    },
    {
      "type": "Feature",
      "properties": {
        "link_id": "582",
        "name": "",
        "osm_way_id": "1488",
        "from_node_id": "246",
        "to_node_id": "211",
        "directed": "1",
        "geometry": "LINESTRING (116.385197 39.911305, 116.385387 39.911313)",
        "dir_flag": "1",
        "length": "16.23",
        "facility_type": "residential",
        "link_type": "6",
        "free_speed": "",
        "lanes": "",
        "capacity": "",
        "allowed_uses": "auto",
        "notes": "",
        "feature_type": "link"
      },
      "geometry": {
        "type": "LineString",
        "coordinates": [
          [
            116.385197,
            39.911305
          ],
          [
            116.385387,
            39.911313
          ]
        ]
      }
    },
    {
      "type": "Feature",
      "properties": {
        "link_id": "583",
        "name": "",
        "osm_way_id": "1489",
        "from_node_id": "242",
        "to_node_id": "247",
        "directed": "1",
        "geometry": "LINESTRING (116.38448 39.911275, 116.384982 39.911296)",
        "dir_flag": "1",
        "length": "42.88",
        "facility_type": "residential",
        "link_type": "6",
        "free_speed": "",
        "lanes": "",
        "capacity": "",
        "allowed_uses": "auto",
        "notes": "",
        "feature_type": "link"
      },
      "geometry": {
        "type": "LineString",
        "coordinates": [
          [
            116.38448,
            39.911275
          ],
          [
            116.384982,
            39.911296
          ]
        ]
      }
    },
    {
      "type": "Feature",
      "properties": {
        "link_id": "584",
        "name": "",
        "osm_way_id": "1489",
        "from_node_id": "247",
        "to_node_id": "242",
        "directed": "1",
        "geometry": "LINESTRING (116.384982 39.911296, 116.38448 39.911275)",
        "dir_flag": "1",
        "length": "42.88",
        "facility_type": "residential",
        "link_type": "6",
        "free_speed": "",
        "lanes": "",
        "capacity": "",
        "allowed_uses": "auto",
        "notes": "",
        "feature_type": "link"
      },
      "geometry": {
        "type": "LineString",
        "coordinates": [
          [
            116.384982,
            39.911296
          ],
          [
            116.38448,
            39.911275
          ]
        ]
      }
    },
    {
      "type": "Feature",
      "properties": {
        "link_id": "585",
        "name": "",
        "osm_way_id": "1490",
        "from_node_id": "242",
        "to_node_id": "240",
        "directed": "1",
        "geometry": "LINESTRING (116.38448 39.911275, 116.383944 39.911253)",
        "dir_flag": "1",
        "length": "45.78",
        "facility_type": "residential",
        "link_type": "6",
        "free_speed": "",
        "lanes": "",
        "capacity": "",
        "allowed_uses": "auto",
        "notes": "",
        "feature_type": "link"
      },
      "geometry": {
        "type": "LineString",
        "coordinates": [
          [
            116.38448,
            39.911275
          ],
          [
            116.383944,
            39.911253
          ]
        ]
      }
    },
    {
      "type": "Feature",
      "properties": {
        "link_id": "586",
        "name": "",
        "osm_way_id": "1490",
        "from_node_id": "240",
        "to_node_id": "242",
        "directed": "1",
        "geometry": "LINESTRING (116.383944 39.911253, 116.38448 39.911275)",
        "dir_flag": "1",
        "length": "45.78",
        "facility_type": "residential",
        "link_type": "6",
        "free_speed": "",
        "lanes": "",
        "capacity": "",
        "allowed_uses": "auto",
        "notes": "",
        "feature_type": "link"
      },
      "geometry": {
        "type": "LineString",
        "coordinates": [
          [
            116.383944,
            39.911253
          ],
          [
            116.38448,
            39.911275
          ]
        ]
      }
    },
    {
      "type": "Feature",
      "properties": {
        "link_id": "587",
        "name": "",
        "osm_way_id": "1493",
        "from_node_id": "233",
        "to_node_id": "231",
        "directed": "1",
        "geometry": "LINESTRING (116.38471 39.91311, 116.384118 39.913088)",
        "dir_flag": "1",
        "length": "50.55",
        "facility_type": "residential",
        "link_type": "6",
        "free_speed": "",
        "lanes": "",
        "capacity": "",
        "allowed_uses": "auto",
        "notes": "",
        "feature_type": "link"
      },
      "geometry": {
        "type": "LineString",
        "coordinates": [
          [
            116.38471,
            39.91311
          ],
          [
            116.384118,
            39.913088
          ]
        ]
      }
    },
    {
      "type": "Feature",
      "properties": {
        "link_id": "588",
        "name": "",
        "osm_way_id": "1493",
        "from_node_id": "231",
        "to_node_id": "233",
        "directed": "1",
        "geometry": "LINESTRING (116.384118 39.913088, 116.38471 39.91311)",
        "dir_flag": "1",
        "length": "50.55",
        "facility_type": "residential",
        "link_type": "6",
        "free_speed": "",
        "lanes": "",
        "capacity": "",
        "allowed_uses": "auto",
        "notes": "",
        "feature_type": "link"
      },
      "geometry": {
        "type": "LineString",
        "coordinates": [
          [
            116.384118,
            39.913088
          ],
          [
            116.38471,
            39.91311
          ]
        ]
      }
    },
    {
      "type": "Feature",
      "properties": {
        "link_id": "589",
        "name": "",
        "osm_way_id": "1494",
        "from_node_id": "233",
        "to_node_id": "248",
        "directed": "1",
        "geometry": "LINESTRING (116.38471 39.91311, 116.384778 39.913079)",
        "dir_flag": "1",
        "length": "6.75",
        "facility_type": "residential",
        "link_type": "6",
        "free_speed": "",
        "lanes": "",
        "capacity": "",
        "allowed_uses": "auto",
        "notes": "",
        "feature_type": "link"
      },
      "geometry": {
        "type": "LineString",
        "coordinates": [
          [
            116.38471,
            39.91311
          ],
          [
            116.384778,
            39.913079
          ]
        ]
      }
    },
    {
      "type": "Feature",
      "properties": {
        "link_id": "590",
        "name": "",
        "osm_way_id": "1494",
        "from_node_id": "248",
        "to_node_id": "233",
        "directed": "1",
        "geometry": "LINESTRING (116.384778 39.913079, 116.38471 39.91311)",
        "dir_flag": "1",
        "length": "6.75",
        "facility_type": "residential",
        "link_type": "6",
        "free_speed": "",
        "lanes": "",
        "capacity": "",
        "allowed_uses": "auto",
        "notes": "",
        "feature_type": "link"
      },
      "geometry": {
        "type": "LineString",
        "coordinates": [
          [
            116.384778,
            39.913079
          ],
          [
            116.38471,
            39.91311
          ]
        ]
      }
    },
    {
      "type": "Feature",
      "properties": {
        "link_id": "591",
        "name": "",
        "osm_way_id": "1495",
        "from_node_id": "248",
        "to_node_id": "233",
        "directed": "1",
        "geometry": "LINESTRING (116.384778 39.913079, 116.38471 39.91311)",
        "dir_flag": "1",
        "length": "6.75",
        "facility_type": "residential",
        "link_type": "6",
        "free_speed": "",
        "lanes": "",
        "capacity": "",
        "allowed_uses": "auto",
        "notes": "",
        "feature_type": "link"
      },
      "geometry": {
        "type": "LineString",
        "coordinates": [
          [
            116.384778,
            39.913079
          ],
          [
            116.38471,
            39.91311
          ]
        ]
      }
    },
    {
      "type": "Feature",
      "properties": {
        "link_id": "592",
        "name": "",
        "osm_way_id": "1495",
        "from_node_id": "233",
        "to_node_id": "248",
        "directed": "1",
        "geometry": "LINESTRING (116.38471 39.91311, 116.384778 39.913079)",
        "dir_flag": "1",
        "length": "6.75",
        "facility_type": "residential",
        "link_type": "6",
        "free_speed": "",
        "lanes": "",
        "capacity": "",
        "allowed_uses": "auto",
        "notes": "",
        "feature_type": "link"
      },
      "geometry": {
        "type": "LineString",
        "coordinates": [
          [
            116.38471,
            39.91311
          ],
          [
            116.384778,
            39.913079
          ]
        ]
      }
    },
    {
      "type": "Feature",
      "properties": {
        "link_id": "593",
        "name": "",
        "osm_way_id": "1496",
        "from_node_id": "248",
        "to_node_id": "249",
        "directed": "1",
        "geometry": "LINESTRING (116.384778 39.913079, 116.384807 39.91304)",
        "dir_flag": "1",
        "length": "4.99",
        "facility_type": "residential",
        "link_type": "6",
        "free_speed": "",
        "lanes": "",
        "capacity": "",
        "allowed_uses": "auto",
        "notes": "",
        "feature_type": "link"
      },
      "geometry": {
        "type": "LineString",
        "coordinates": [
          [
            116.384778,
            39.913079
          ],
          [
            116.384807,
            39.91304
          ]
        ]
      }
    },
    {
      "type": "Feature",
      "properties": {
        "link_id": "594",
        "name": "",
        "osm_way_id": "1496",
        "from_node_id": "249",
        "to_node_id": "248",
        "directed": "1",
        "geometry": "LINESTRING (116.384807 39.91304, 116.384778 39.913079)",
        "dir_flag": "1",
        "length": "4.99",
        "facility_type": "residential",
        "link_type": "6",
        "free_speed": "",
        "lanes": "",
        "capacity": "",
        "allowed_uses": "auto",
        "notes": "",
        "feature_type": "link"
      },
      "geometry": {
        "type": "LineString",
        "coordinates": [
          [
            116.384807,
            39.91304
          ],
          [
            116.384778,
            39.913079
          ]
        ]
      }
    },
    {
      "type": "Feature",
      "properties": {
        "link_id": "595",
        "name": "",
        "osm_way_id": "1497",
        "from_node_id": "249",
        "to_node_id": "248",
        "directed": "1",
        "geometry": "LINESTRING (116.384807 39.91304, 116.384778 39.913079)",
        "dir_flag": "1",
        "length": "4.99",
        "facility_type": "residential",
        "link_type": "6",
        "free_speed": "",
        "lanes": "",
        "capacity": "",
        "allowed_uses": "auto",
        "notes": "",
        "feature_type": "link"
      },
      "geometry": {
        "type": "LineString",
        "coordinates": [
          [
            116.384807,
            39.91304
          ],
          [
            116.384778,
            39.913079
          ]
        ]
      }
    },
    {
      "type": "Feature",
      "properties": {
        "link_id": "596",
        "name": "",
        "osm_way_id": "1497",
        "from_node_id": "248",
        "to_node_id": "249",
        "directed": "1",
        "geometry": "LINESTRING (116.384778 39.913079, 116.384807 39.91304)",
        "dir_flag": "1",
        "length": "4.99",
        "facility_type": "residential",
        "link_type": "6",
        "free_speed": "",
        "lanes": "",
        "capacity": "",
        "allowed_uses": "auto",
        "notes": "",
        "feature_type": "link"
      },
      "geometry": {
        "type": "LineString",
        "coordinates": [
          [
            116.384778,
            39.913079
          ],
          [
            116.384807,
            39.91304
          ]
        ]
      }
    },
    {
      "type": "Feature",
      "properties": {
        "link_id": "597",
        "name": "",
        "osm_way_id": "1498",
        "from_node_id": "249",
        "to_node_id": "250",
        "directed": "1",
        "geometry": "LINESTRING (116.384807 39.91304, 116.384826 39.91283)",
        "dir_flag": "1",
        "length": "23.41",
        "facility_type": "residential",
        "link_type": "6",
        "free_speed": "",
        "lanes": "",
        "capacity": "",
        "allowed_uses": "auto",
        "notes": "",
        "feature_type": "link"
      },
      "geometry": {
        "type": "LineString",
        "coordinates": [
          [
            116.384807,
            39.91304
          ],
          [
            116.384826,
            39.91283
          ]
        ]
      }
    },
    {
      "type": "Feature",
      "properties": {
        "link_id": "598",
        "name": "",
        "osm_way_id": "1498",
        "from_node_id": "250",
        "to_node_id": "249",
        "directed": "1",
        "geometry": "LINESTRING (116.384826 39.91283, 116.384807 39.91304)",
        "dir_flag": "1",
        "length": "23.41",
        "facility_type": "residential",
        "link_type": "6",
        "free_speed": "",
        "lanes": "",
        "capacity": "",
        "allowed_uses": "auto",
        "notes": "",
        "feature_type": "link"
      },
      "geometry": {
        "type": "LineString",
        "coordinates": [
          [
            116.384826,
            39.91283
          ],
          [
            116.384807,
            39.91304
          ]
        ]
      }
    },
    {
      "type": "Feature",
      "properties": {
        "link_id": "599",
        "name": "",
        "osm_way_id": "1499",
        "from_node_id": "250",
        "to_node_id": "249",
        "directed": "1",
        "geometry": "LINESTRING (116.384826 39.91283, 116.384807 39.91304)",
        "dir_flag": "1",
        "length": "23.41",
        "facility_type": "residential",
        "link_type": "6",
        "free_speed": "",
        "lanes": "",
        "capacity": "",
        "allowed_uses": "auto",
        "notes": "",
        "feature_type": "link"
      },
      "geometry": {
        "type": "LineString",
        "coordinates": [
          [
            116.384826,
            39.91283
          ],
          [
            116.384807,
            39.91304
          ]
        ]
      }
    },
    {
      "type": "Feature",
      "properties": {
        "link_id": "600",
        "name": "",
        "osm_way_id": "1499",
        "from_node_id": "249",
        "to_node_id": "250",
        "directed": "1",
        "geometry": "LINESTRING (116.384807 39.91304, 116.384826 39.91283)",
        "dir_flag": "1",
        "length": "23.41",
        "facility_type": "residential",
        "link_type": "6",
        "free_speed": "",
        "lanes": "",
        "capacity": "",
        "allowed_uses": "auto",
        "notes": "",
        "feature_type": "link"
      },
      "geometry": {
        "type": "LineString",
        "coordinates": [
          [
            116.384807,
            39.91304
          ],
          [
            116.384826,
            39.91283
          ]
        ]
      }
    },
    {
      "type": "Feature",
      "properties": {
        "link_id": "601",
        "name": "",
        "osm_way_id": "1500",
        "from_node_id": "250",
        "to_node_id": "251",
        "directed": "1",
        "geometry": "LINESTRING (116.384826 39.91283, 116.384882 39.912719)",
        "dir_flag": "1",
        "length": "13.23",
        "facility_type": "residential",
        "link_type": "6",
        "free_speed": "",
        "lanes": "",
        "capacity": "",
        "allowed_uses": "auto",
        "notes": "",
        "feature_type": "link"
      },
      "geometry": {
        "type": "LineString",
        "coordinates": [
          [
            116.384826,
            39.91283
          ],
          [
            116.384882,
            39.912719
          ]
        ]
      }
    },
    {
      "type": "Feature",
      "properties": {
        "link_id": "602",
        "name": "",
        "osm_way_id": "1500",
        "from_node_id": "251",
        "to_node_id": "250",
        "directed": "1",
        "geometry": "LINESTRING (116.384882 39.912719, 116.384826 39.91283)",
        "dir_flag": "1",
        "length": "13.23",
        "facility_type": "residential",
        "link_type": "6",
        "free_speed": "",
        "lanes": "",
        "capacity": "",
        "allowed_uses": "auto",
        "notes": "",
        "feature_type": "link"
      },
      "geometry": {
        "type": "LineString",
        "coordinates": [
          [
            116.384882,
            39.912719
          ],
          [
            116.384826,
            39.91283
          ]
        ]
      }
    },
    {
      "type": "Feature",
      "properties": {
        "link_id": "603",
        "name": "",
        "osm_way_id": "1501",
        "from_node_id": "251",
        "to_node_id": "250",
        "directed": "1",
        "geometry": "LINESTRING (116.384882 39.912719, 116.384826 39.91283)",
        "dir_flag": "1",
        "length": "13.23",
        "facility_type": "residential",
        "link_type": "6",
        "free_speed": "",
        "lanes": "",
        "capacity": "",
        "allowed_uses": "auto",
        "notes": "",
        "feature_type": "link"
      },
      "geometry": {
        "type": "LineString",
        "coordinates": [
          [
            116.384882,
            39.912719
          ],
          [
            116.384826,
            39.91283
          ]
        ]
      }
    },
    {
      "type": "Feature",
      "properties": {
        "link_id": "604",
        "name": "",
        "osm_way_id": "1501",
        "from_node_id": "250",
        "to_node_id": "251",
        "directed": "1",
        "geometry": "LINESTRING (116.384826 39.91283, 116.384882 39.912719)",
        "dir_flag": "1",
        "length": "13.23",
        "facility_type": "residential",
        "link_type": "6",
        "free_speed": "",
        "lanes": "",
        "capacity": "",
        "allowed_uses": "auto",
        "notes": "",
        "feature_type": "link"
      },
      "geometry": {
        "type": "LineString",
        "coordinates": [
          [
            116.384826,
            39.91283
          ],
          [
            116.384882,
            39.912719
          ]
        ]
      }
    },
    {
      "type": "Feature",
      "properties": {
        "link_id": "605",
        "name": "",
        "osm_way_id": "1502",
        "from_node_id": "251",
        "to_node_id": "247",
        "directed": "1",
        "geometry": "LINESTRING (116.384882 39.912719, 116.384982 39.911296)",
        "dir_flag": "1",
        "length": "158.46",
        "facility_type": "residential",
        "link_type": "6",
        "free_speed": "",
        "lanes": "",
        "capacity": "",
        "allowed_uses": "auto",
        "notes": "",
        "feature_type": "link"
      },
      "geometry": {
        "type": "LineString",
        "coordinates": [
          [
            116.384882,
            39.912719
          ],
          [
            116.384982,
            39.911296
          ]
        ]
      }
    },
    {
      "type": "Feature",
      "properties": {
        "link_id": "606",
        "name": "",
        "osm_way_id": "1502",
        "from_node_id": "247",
        "to_node_id": "251",
        "directed": "1",
        "geometry": "LINESTRING (116.384982 39.911296, 116.384882 39.912719)",
        "dir_flag": "1",
        "length": "158.46",
        "facility_type": "residential",
        "link_type": "6",
        "free_speed": "",
        "lanes": "",
        "capacity": "",
        "allowed_uses": "auto",
        "notes": "",
        "feature_type": "link"
      },
      "geometry": {
        "type": "LineString",
        "coordinates": [
          [
            116.384982,
            39.911296
          ],
          [
            116.384882,
            39.912719
          ]
        ]
      }
    },
    {
      "type": "Feature",
      "properties": {
        "link_id": "607",
        "name": "",
        "osm_way_id": "1503",
        "from_node_id": "247",
        "to_node_id": "246",
        "directed": "1",
        "geometry": "LINESTRING (116.384982 39.911296, 116.385197 39.911305)",
        "dir_flag": "1",
        "length": "18.36",
        "facility_type": "residential",
        "link_type": "6",
        "free_speed": "",
        "lanes": "",
        "capacity": "",
        "allowed_uses": "auto",
        "notes": "",
        "feature_type": "link"
      },
      "geometry": {
        "type": "LineString",
        "coordinates": [
          [
            116.384982,
            39.911296
          ],
          [
            116.385197,
            39.911305
          ]
        ]
      }
    },
    {
      "type": "Feature",
      "properties": {
        "link_id": "608",
        "name": "",
        "osm_way_id": "1503",
        "from_node_id": "246",
        "to_node_id": "247",
        "directed": "1",
        "geometry": "LINESTRING (116.385197 39.911305, 116.384982 39.911296)",
        "dir_flag": "1",
        "length": "18.36",
        "facility_type": "residential",
        "link_type": "6",
        "free_speed": "",
        "lanes": "",
        "capacity": "",
        "allowed_uses": "auto",
        "notes": "",
        "feature_type": "link"
      },
      "geometry": {
        "type": "LineString",
        "coordinates": [
          [
            116.385197,
            39.911305
          ],
          [
            116.384982,
            39.911296
          ]
        ]
      }
    },
    {
      "type": "Feature",
      "properties": {
        "link_id": "609",
        "name": "",
        "osm_way_id": "1504",
        "from_node_id": "247",
        "to_node_id": "242",
        "directed": "1",
        "geometry": "LINESTRING (116.384982 39.911296, 116.38448 39.911275)",
        "dir_flag": "1",
        "length": "42.88",
        "facility_type": "residential",
        "link_type": "6",
        "free_speed": "",
        "lanes": "",
        "capacity": "",
        "allowed_uses": "auto",
        "notes": "",
        "feature_type": "link"
      },
      "geometry": {
        "type": "LineString",
        "coordinates": [
          [
            116.384982,
            39.911296
          ],
          [
            116.38448,
            39.911275
          ]
        ]
      }
    },
    {
      "type": "Feature",
      "properties": {
        "link_id": "610",
        "name": "",
        "osm_way_id": "1504",
        "from_node_id": "242",
        "to_node_id": "247",
        "directed": "1",
        "geometry": "LINESTRING (116.38448 39.911275, 116.384982 39.911296)",
        "dir_flag": "1",
        "length": "42.88",
        "facility_type": "residential",
        "link_type": "6",
        "free_speed": "",
        "lanes": "",
        "capacity": "",
        "allowed_uses": "auto",
        "notes": "",
        "feature_type": "link"
      },
      "geometry": {
        "type": "LineString",
        "coordinates": [
          [
            116.38448,
            39.911275
          ],
          [
            116.384982,
            39.911296
          ]
        ]
      }
    },
    {
      "type": "Feature",
      "properties": {
        "link_id": "611",
        "name": "",
        "osm_way_id": "1505",
        "from_node_id": "247",
        "to_node_id": "251",
        "directed": "1",
        "geometry": "LINESTRING (116.384982 39.911296, 116.384882 39.912719)",
        "dir_flag": "1",
        "length": "158.46",
        "facility_type": "residential",
        "link_type": "6",
        "free_speed": "",
        "lanes": "",
        "capacity": "",
        "allowed_uses": "auto",
        "notes": "",
        "feature_type": "link"
      },
      "geometry": {
        "type": "LineString",
        "coordinates": [
          [
            116.384982,
            39.911296
          ],
          [
            116.384882,
            39.912719
          ]
        ]
      }
    },
    {
      "type": "Feature",
      "properties": {
        "link_id": "612",
        "name": "",
        "osm_way_id": "1505",
        "from_node_id": "251",
        "to_node_id": "247",
        "directed": "1",
        "geometry": "LINESTRING (116.384882 39.912719, 116.384982 39.911296)",
        "dir_flag": "1",
        "length": "158.46",
        "facility_type": "residential",
        "link_type": "6",
        "free_speed": "",
        "lanes": "",
        "capacity": "",
        "allowed_uses": "auto",
        "notes": "",
        "feature_type": "link"
      },
      "geometry": {
        "type": "LineString",
        "coordinates": [
          [
            116.384882,
            39.912719
          ],
          [
            116.384982,
            39.911296
          ]
        ]
      }
    },
    {
      "type": "Feature",
      "properties": {
        "link_id": "613",
        "name": "广场西侧路",
        "osm_way_id": "1618",
        "from_node_id": "252",
        "to_node_id": "198",
        "directed": "1",
        "geometry": "LINESTRING (116.389561 39.903611, 116.389641 39.90174)",
        "dir_flag": "1",
        "length": "208.16",
        "facility_type": "secondary",
        "link_type": "4",
        "free_speed": "",
        "lanes": "",
        "capacity": "",
        "allowed_uses": "auto",
        "notes": "",
        "feature_type": "link"
      },
      "geometry": {
        "type": "LineString",
        "coordinates": [
          [
            116.389561,
            39.903611
          ],
          [
            116.389641,
            39.90174
          ]
        ]
      }
    },
    {
      "type": "Feature",
      "properties": {
        "link_id": "614",
        "name": "西长安街",
        "osm_way_id": "1619",
        "from_node_id": "206",
        "to_node_id": "253",
        "directed": "1",
        "geometry": "LINESTRING (116.382841 39.906028, 116.382468 39.906008)",
        "dir_flag": "1",
        "length": "31.89",
        "facility_type": "trunk",
        "link_type": "2",
        "free_speed": "",
        "lanes": "",
        "capacity": "",
        "allowed_uses": "auto",
        "notes": "",
        "feature_type": "link"
      },
      "geometry": {
        "type": "LineString",
        "coordinates": [
          [
            116.382841,
            39.906028
          ],
          [
            116.382468,
            39.906008
          ]
        ]
      }
    },
    {
      "type": "Feature",
      "properties": {
        "link_id": "615",
        "name": "南长街",
        "osm_way_id": "1907",
        "from_node_id": "149",
        "to_node_id": "254",
        "directed": "1",
        "geometry": "LINESTRING (116.385675 39.90656, 116.385675 39.906473)",
        "dir_flag": "1",
        "length": "9.67",
        "facility_type": "tertiary",
        "link_type": "5",
        "free_speed": "",
        "lanes": "",
        "capacity": "",
        "allowed_uses": "auto",
        "notes": "",
        "feature_type": "link"
      },
      "geometry": {
        "type": "LineString",
        "coordinates": [
          [
            116.385675,
            39.90656
          ],
          [
            116.385675,
            39.906473
          ]
        ]
      }
    },
    {
      "type": "Feature",
      "properties": {
        "link_id": "616",
        "name": "南长街",
        "osm_way_id": "1907",
        "from_node_id": "254",
        "to_node_id": "149",
        "directed": "1",
        "geometry": "LINESTRING (116.385675 39.906473, 116.385675 39.90656)",
        "dir_flag": "1",
        "length": "9.67",
        "facility_type": "tertiary",
        "link_type": "5",
        "free_speed": "",
        "lanes": "",
        "capacity": "",
        "allowed_uses": "auto",
        "notes": "",
        "feature_type": "link"
      },
      "geometry": {
        "type": "LineString",
        "coordinates": [
          [
            116.385675,
            39.906473
          ],
          [
            116.385675,
            39.90656
          ]
        ]
      }
    },
    {
      "type": "Feature",
      "properties": {
        "link_id": "617",
        "name": "南长街",
        "osm_way_id": "1908",
        "from_node_id": "149",
        "to_node_id": "146",
        "directed": "1",
        "geometry": "LINESTRING (116.385675 39.90656, 116.385649 39.906805)",
        "dir_flag": "1",
        "length": "27.33",
        "facility_type": "tertiary",
        "link_type": "5",
        "free_speed": "",
        "lanes": "",
        "capacity": "",
        "allowed_uses": "auto",
        "notes": "",
        "feature_type": "link"
      },
      "geometry": {
        "type": "LineString",
        "coordinates": [
          [
            116.385675,
            39.90656
          ],
          [
            116.385649,
            39.906805
          ]
        ]
      }
    },
    {
      "type": "Feature",
      "properties": {
        "link_id": "618",
        "name": "南长街",
        "osm_way_id": "1908",
        "from_node_id": "146",
        "to_node_id": "149",
        "directed": "1",
        "geometry": "LINESTRING (116.385649 39.906805, 116.385675 39.90656)",
        "dir_flag": "1",
        "length": "27.33",
        "facility_type": "tertiary",
        "link_type": "5",
        "free_speed": "",
        "lanes": "",
        "capacity": "",
        "allowed_uses": "auto",
        "notes": "",
        "feature_type": "link"
      },
      "geometry": {
        "type": "LineString",
        "coordinates": [
          [
            116.385649,
            39.906805
          ],
          [
            116.385675,
            39.90656
          ]
        ]
      }
    },
    {
      "type": "Feature",
      "properties": {
        "link_id": "619",
        "name": "南池子大街",
        "osm_way_id": "2456",
        "from_node_id": "132",
        "to_node_id": "36",
        "directed": "1",
        "geometry": "LINESTRING (116.396792 39.912137, 116.396763 39.91317)",
        "dir_flag": "1",
        "length": "114.89",
        "facility_type": "tertiary",
        "link_type": "5",
        "free_speed": "",
        "lanes": "1",
        "capacity": "",
        "allowed_uses": "auto",
        "notes": "",
        "feature_type": "link"
      },
      "geometry": {
        "type": "LineString",
        "coordinates": [
          [
            116.396792,
            39.912137
          ],
          [
            116.396763,
            39.91317
          ]
        ]
      }
    },
    {
      "type": "Feature",
      "properties": {
        "link_id": "620",
        "name": "南池子大街",
        "osm_way_id": "2456",
        "from_node_id": "36",
        "to_node_id": "132",
        "directed": "1",
        "geometry": "LINESTRING (116.396763 39.91317, 116.396792 39.912137)",
        "dir_flag": "1",
        "length": "114.89",
        "facility_type": "tertiary",
        "link_type": "5",
        "free_speed": "",
        "lanes": "1",
        "capacity": "",
        "allowed_uses": "auto",
        "notes": "",
        "feature_type": "link"
      },
      "geometry": {
        "type": "LineString",
        "coordinates": [
          [
            116.396763,
            39.91317
          ],
          [
            116.396792,
            39.912137
          ]
        ]
      }
    },
    {
      "type": "Feature",
      "properties": {
        "link_id": "621",
        "name": "南池子大街",
        "osm_way_id": "2457",
        "from_node_id": "132",
        "to_node_id": "130",
        "directed": "1",
        "geometry": "LINESTRING (116.396792 39.912137, 116.396825 39.911373)",
        "dir_flag": "1",
        "length": "85.00",
        "facility_type": "tertiary",
        "link_type": "5",
        "free_speed": "",
        "lanes": "1",
        "capacity": "",
        "allowed_uses": "auto",
        "notes": "",
        "feature_type": "link"
      },
      "geometry": {
        "type": "LineString",
        "coordinates": [
          [
            116.396792,
            39.912137
          ],
          [
            116.396825,
            39.911373
          ]
        ]
      }
    },
    {
      "type": "Feature",
      "properties": {
        "link_id": "622",
        "name": "南池子大街",
        "osm_way_id": "2457",
        "from_node_id": "130",
        "to_node_id": "132",
        "directed": "1",
        "geometry": "LINESTRING (116.396825 39.911373, 116.396792 39.912137)",
        "dir_flag": "1",
        "length": "85.00",
        "facility_type": "tertiary",
        "link_type": "5",
        "free_speed": "",
        "lanes": "1",
        "capacity": "",
        "allowed_uses": "auto",
        "notes": "",
        "feature_type": "link"
      },
      "geometry": {
        "type": "LineString",
        "coordinates": [
          [
            116.396825,
            39.911373
          ],
          [
            116.396792,
            39.912137
          ]
        ]
      }
    },
    {
      "type": "Feature",
      "properties": {
        "link_id": "623",
        "name": "",
        "osm_way_id": "2473",
        "from_node_id": "197",
        "to_node_id": "255",
        "directed": "1",
        "geometry": "LINESTRING (116.39904 39.911926, 116.399041 39.91188)",
        "dir_flag": "1",
        "length": "5.12",
        "facility_type": "residential",
        "link_type": "6",
        "free_speed": "",
        "lanes": "",
        "capacity": "",
        "allowed_uses": "auto",
        "notes": "",
        "feature_type": "link"
      },
      "geometry": {
        "type": "LineString",
        "coordinates": [
          [
            116.39904,
            39.911926
          ],
          [
            116.399041,
            39.91188
          ]
        ]
      }
    },
    {
      "type": "Feature",
      "properties": {
        "link_id": "624",
        "name": "",
        "osm_way_id": "2473",
        "from_node_id": "255",
        "to_node_id": "197",
        "directed": "1",
        "geometry": "LINESTRING (116.399041 39.91188, 116.39904 39.911926)",
        "dir_flag": "1",
        "length": "5.12",
        "facility_type": "residential",
        "link_type": "6",
        "free_speed": "",
        "lanes": "",
        "capacity": "",
        "allowed_uses": "auto",
        "notes": "",
        "feature_type": "link"
      },
      "geometry": {
        "type": "LineString",
        "coordinates": [
          [
            116.399041,
            39.91188
          ],
          [
            116.39904,
            39.911926
          ]
        ]
      }
    },
    {
      "type": "Feature",
      "properties": {
        "link_id": "625",
        "name": "",
        "osm_way_id": "2474",
        "from_node_id": "197",
        "to_node_id": "138",
        "directed": "1",
        "geometry": "LINESTRING (116.39904 39.911926, 116.399091 39.911965)",
        "dir_flag": "1",
        "length": "6.14",
        "facility_type": "residential",
        "link_type": "6",
        "free_speed": "",
        "lanes": "",
        "capacity": "",
        "allowed_uses": "auto",
        "notes": "",
        "feature_type": "link"
      },
      "geometry": {
        "type": "LineString",
        "coordinates": [
          [
            116.39904,
            39.911926
          ],
          [
            116.399091,
            39.911965
          ]
        ]
      }
    },
    {
      "type": "Feature",
      "properties": {
        "link_id": "626",
        "name": "",
        "osm_way_id": "2474",
        "from_node_id": "138",
        "to_node_id": "197",
        "directed": "1",
        "geometry": "LINESTRING (116.399091 39.911965, 116.39904 39.911926)",
        "dir_flag": "1",
        "length": "6.14",
        "facility_type": "residential",
        "link_type": "6",
        "free_speed": "",
        "lanes": "",
        "capacity": "",
        "allowed_uses": "auto",
        "notes": "",
        "feature_type": "link"
      },
      "geometry": {
        "type": "LineString",
        "coordinates": [
          [
            116.399091,
            39.911965
          ],
          [
            116.39904,
            39.911926
          ]
        ]
      }
    },
    {
      "type": "Feature",
      "properties": {
        "link_id": "627",
        "name": "",
        "osm_way_id": "2475",
        "from_node_id": "255",
        "to_node_id": "153",
        "directed": "1",
        "geometry": "LINESTRING (116.399041 39.91188, 116.399044 39.911646)",
        "dir_flag": "1",
        "length": "26.02",
        "facility_type": "residential",
        "link_type": "6",
        "free_speed": "",
        "lanes": "",
        "capacity": "",
        "allowed_uses": "auto",
        "notes": "",
        "feature_type": "link"
      },
      "geometry": {
        "type": "LineString",
        "coordinates": [
          [
            116.399041,
            39.91188
          ],
          [
            116.399044,
            39.911646
          ]
        ]
      }
    },
    {
      "type": "Feature",
      "properties": {
        "link_id": "628",
        "name": "",
        "osm_way_id": "2475",
        "from_node_id": "153",
        "to_node_id": "255",
        "directed": "1",
        "geometry": "LINESTRING (116.399044 39.911646, 116.399041 39.91188)",
        "dir_flag": "1",
        "length": "26.02",
        "facility_type": "residential",
        "link_type": "6",
        "free_speed": "",
        "lanes": "",
        "capacity": "",
        "allowed_uses": "auto",
        "notes": "",
        "feature_type": "link"
      },
      "geometry": {
        "type": "LineString",
        "coordinates": [
          [
            116.399044,
            39.911646
          ],
          [
            116.399041,
            39.91188
          ]
        ]
      }
    },
    {
      "type": "Feature",
      "properties": {
        "link_id": "629",
        "name": "",
        "osm_way_id": "2476",
        "from_node_id": "255",
        "to_node_id": "197",
        "directed": "1",
        "geometry": "LINESTRING (116.399041 39.91188, 116.39904 39.911926)",
        "dir_flag": "1",
        "length": "5.12",
        "facility_type": "residential",
        "link_type": "6",
        "free_speed": "",
        "lanes": "",
        "capacity": "",
        "allowed_uses": "auto",
        "notes": "",
        "feature_type": "link"
      },
      "geometry": {
        "type": "LineString",
        "coordinates": [
          [
            116.399041,
            39.91188
          ],
          [
            116.39904,
            39.911926
          ]
        ]
      }
    },
    {
      "type": "Feature",
      "properties": {
        "link_id": "630",
        "name": "",
        "osm_way_id": "2476",
        "from_node_id": "197",
        "to_node_id": "255",
        "directed": "1",
        "geometry": "LINESTRING (116.39904 39.911926, 116.399041 39.91188)",
        "dir_flag": "1",
        "length": "5.12",
        "facility_type": "residential",
        "link_type": "6",
        "free_speed": "",
        "lanes": "",
        "capacity": "",
        "allowed_uses": "auto",
        "notes": "",
        "feature_type": "link"
      },
      "geometry": {
        "type": "LineString",
        "coordinates": [
          [
            116.39904,
            39.911926
          ],
          [
            116.399041,
            39.91188
          ]
        ]
      }
    },
    {
      "type": "Feature",
      "properties": {
        "link_id": "631",
        "name": "",
        "osm_way_id": "2477",
        "from_node_id": "153",
        "to_node_id": "129",
        "directed": "1",
        "geometry": "LINESTRING (116.399044 39.911646, 116.39901 39.91155)",
        "dir_flag": "1",
        "length": "11.06",
        "facility_type": "residential",
        "link_type": "6",
        "free_speed": "",
        "lanes": "",
        "capacity": "",
        "allowed_uses": "auto",
        "notes": "",
        "feature_type": "link"
      },
      "geometry": {
        "type": "LineString",
        "coordinates": [
          [
            116.399044,
            39.911646
          ],
          [
            116.39901,
            39.91155
          ]
        ]
      }
    },
    {
      "type": "Feature",
      "properties": {
        "link_id": "632",
        "name": "",
        "osm_way_id": "2477",
        "from_node_id": "129",
        "to_node_id": "153",
        "directed": "1",
        "geometry": "LINESTRING (116.39901 39.91155, 116.399044 39.911646)",
        "dir_flag": "1",
        "length": "11.06",
        "facility_type": "residential",
        "link_type": "6",
        "free_speed": "",
        "lanes": "",
        "capacity": "",
        "allowed_uses": "auto",
        "notes": "",
        "feature_type": "link"
      },
      "geometry": {
        "type": "LineString",
        "coordinates": [
          [
            116.39901,
            39.91155
          ],
          [
            116.399044,
            39.911646
          ]
        ]
      }
    },
    {
      "type": "Feature",
      "properties": {
        "link_id": "633",
        "name": "",
        "osm_way_id": "2478",
        "from_node_id": "153",
        "to_node_id": "255",
        "directed": "1",
        "geometry": "LINESTRING (116.399044 39.911646, 116.399041 39.91188)",
        "dir_flag": "1",
        "length": "26.02",
        "facility_type": "residential",
        "link_type": "6",
        "free_speed": "",
        "lanes": "",
        "capacity": "",
        "allowed_uses": "auto",
        "notes": "",
        "feature_type": "link"
      },
      "geometry": {
        "type": "LineString",
        "coordinates": [
          [
            116.399044,
            39.911646
          ],
          [
            116.399041,
            39.91188
          ]
        ]
      }
    },
    {
      "type": "Feature",
      "properties": {
        "link_id": "634",
        "name": "",
        "osm_way_id": "2478",
        "from_node_id": "255",
        "to_node_id": "153",
        "directed": "1",
        "geometry": "LINESTRING (116.399041 39.91188, 116.399044 39.911646)",
        "dir_flag": "1",
        "length": "26.02",
        "facility_type": "residential",
        "link_type": "6",
        "free_speed": "",
        "lanes": "",
        "capacity": "",
        "allowed_uses": "auto",
        "notes": "",
        "feature_type": "link"
      },
      "geometry": {
        "type": "LineString",
        "coordinates": [
          [
            116.399041,
            39.91188
          ],
          [
            116.399044,
            39.911646
          ]
        ]
      }
    },
    {
      "type": "Feature",
      "properties": {
        "link_id": "635",
        "name": "普渡寺前巷",
        "osm_way_id": "2494",
        "from_node_id": "127",
        "to_node_id": "144",
        "directed": "1",
        "geometry": "LINESTRING (116.398625 39.91145, 116.398476 39.911444)",
        "dir_flag": "1",
        "length": "12.73",
        "facility_type": "residential",
        "link_type": "6",
        "free_speed": "",
        "lanes": "",
        "capacity": "",
        "allowed_uses": "auto",
        "notes": "",
        "feature_type": "link"
      },
      "geometry": {
        "type": "LineString",
        "coordinates": [
          [
            116.398625,
            39.91145
          ],
          [
            116.398476,
            39.911444
          ]
        ]
      }
    },
    {
      "type": "Feature",
      "properties": {
        "link_id": "636",
        "name": "普渡寺前巷",
        "osm_way_id": "2494",
        "from_node_id": "144",
        "to_node_id": "127",
        "directed": "1",
        "geometry": "LINESTRING (116.398476 39.911444, 116.398625 39.91145)",
        "dir_flag": "1",
        "length": "12.73",
        "facility_type": "residential",
        "link_type": "6",
        "free_speed": "",
        "lanes": "",
        "capacity": "",
        "allowed_uses": "auto",
        "notes": "",
        "feature_type": "link"
      },
      "geometry": {
        "type": "LineString",
        "coordinates": [
          [
            116.398476,
            39.911444
          ],
          [
            116.398625,
            39.91145
          ]
        ]
      }
    },
    {
      "type": "Feature",
      "properties": {
        "link_id": "637",
        "name": "普渡寺前巷",
        "osm_way_id": "2495",
        "from_node_id": "127",
        "to_node_id": "126",
        "directed": "1",
        "geometry": "LINESTRING (116.398625 39.91145, 116.398989 39.911474)",
        "dir_flag": "1",
        "length": "31.16",
        "facility_type": "residential",
        "link_type": "6",
        "free_speed": "",
        "lanes": "",
        "capacity": "",
        "allowed_uses": "auto",
        "notes": "",
        "feature_type": "link"
      },
      "geometry": {
        "type": "LineString",
        "coordinates": [
          [
            116.398625,
            39.91145
          ],
          [
            116.398989,
            39.911474
          ]
        ]
      }
    },
    {
      "type": "Feature",
      "properties": {
        "link_id": "638",
        "name": "普渡寺前巷",
        "osm_way_id": "2495",
        "from_node_id": "126",
        "to_node_id": "127",
        "directed": "1",
        "geometry": "LINESTRING (116.398989 39.911474, 116.398625 39.91145)",
        "dir_flag": "1",
        "length": "31.16",
        "facility_type": "residential",
        "link_type": "6",
        "free_speed": "",
        "lanes": "",
        "capacity": "",
        "allowed_uses": "auto",
        "notes": "",
        "feature_type": "link"
      },
      "geometry": {
        "type": "LineString",
        "coordinates": [
          [
            116.398989,
            39.911474
          ],
          [
            116.398625,
            39.91145
          ]
        ]
      }
    },
    {
      "type": "Feature",
      "properties": {
        "link_id": "639",
        "name": "东华门大街",
        "osm_way_id": "2521",
        "from_node_id": "83",
        "to_node_id": "37",
        "directed": "1",
        "geometry": "LINESTRING (116.39836 39.913814, 116.397381 39.913798)",
        "dir_flag": "1",
        "length": "83.52",
        "facility_type": "secondary",
        "link_type": "4",
        "free_speed": "",
        "lanes": "",
        "capacity": "",
        "allowed_uses": "auto",
        "notes": "",
        "feature_type": "link"
      },
      "geometry": {
        "type": "LineString",
        "coordinates": [
          [
            116.39836,
            39.913814
          ],
          [
            116.397381,
            39.913798
          ]
        ]
      }
    },
    {
      "type": "Feature",
      "properties": {
        "link_id": "640",
        "name": "东华门大街",
        "osm_way_id": "2521",
        "from_node_id": "37",
        "to_node_id": "83",
        "directed": "1",
        "geometry": "LINESTRING (116.397381 39.913798, 116.39836 39.913814)",
        "dir_flag": "1",
        "length": "83.52",
        "facility_type": "secondary",
        "link_type": "4",
        "free_speed": "",
        "lanes": "",
        "capacity": "",
        "allowed_uses": "auto",
        "notes": "",
        "feature_type": "link"
      },
      "geometry": {
        "type": "LineString",
        "coordinates": [
          [
            116.397381,
            39.913798
          ],
          [
            116.39836,
            39.913814
          ]
        ]
      }
    },
    {
      "type": "Feature",
      "properties": {
        "link_id": "641",
        "name": "东华门大街",
        "osm_way_id": "2522",
        "from_node_id": "83",
        "to_node_id": "115",
        "directed": "1",
        "geometry": "LINESTRING (116.39836 39.913814, 116.398842 39.913836)",
        "dir_flag": "1",
        "length": "41.18",
        "facility_type": "secondary",
        "link_type": "4",
        "free_speed": "",
        "lanes": "",
        "capacity": "",
        "allowed_uses": "auto",
        "notes": "",
        "feature_type": "link"
      },
      "geometry": {
        "type": "LineString",
        "coordinates": [
          [
            116.39836,
            39.913814
          ],
          [
            116.398842,
            39.913836
          ]
        ]
      }
    },
    {
      "type": "Feature",
      "properties": {
        "link_id": "642",
        "name": "东华门大街",
        "osm_way_id": "2522",
        "from_node_id": "115",
        "to_node_id": "83",
        "directed": "1",
        "geometry": "LINESTRING (116.398842 39.913836, 116.39836 39.913814)",
        "dir_flag": "1",
        "length": "41.18",
        "facility_type": "secondary",
        "link_type": "4",
        "free_speed": "",
        "lanes": "",
        "capacity": "",
        "allowed_uses": "auto",
        "notes": "",
        "feature_type": "link"
      },
      "geometry": {
        "type": "LineString",
        "coordinates": [
          [
            116.398842,
            39.913836
          ],
          [
            116.39836,
            39.913814
          ]
        ]
      }
    },
    {
      "type": "Feature",
      "properties": {
        "link_id": "643",
        "name": "南河沿大街",
        "osm_way_id": "2524",
        "from_node_id": "27",
        "to_node_id": "25",
        "directed": "1",
        "geometry": "LINESTRING (116.400414 39.906809, 116.400416 39.906864)",
        "dir_flag": "1",
        "length": "6.12",
        "facility_type": "secondary",
        "link_type": "4",
        "free_speed": "",
        "lanes": "",
        "capacity": "",
        "allowed_uses": "auto",
        "notes": "",
        "feature_type": "link"
      },
      "geometry": {
        "type": "LineString",
        "coordinates": [
          [
            116.400414,
            39.906809
          ],
          [
            116.400416,
            39.906864
          ]
        ]
      }
    },
    {
      "type": "Feature",
      "properties": {
        "link_id": "644",
        "name": "南河沿大街",
        "osm_way_id": "2524",
        "from_node_id": "25",
        "to_node_id": "27",
        "directed": "1",
        "geometry": "LINESTRING (116.400416 39.906864, 116.400414 39.906809)",
        "dir_flag": "1",
        "length": "6.12",
        "facility_type": "secondary",
        "link_type": "4",
        "free_speed": "",
        "lanes": "",
        "capacity": "",
        "allowed_uses": "auto",
        "notes": "",
        "feature_type": "link"
      },
      "geometry": {
        "type": "LineString",
        "coordinates": [
          [
            116.400416,
            39.906864
          ],
          [
            116.400414,
            39.906809
          ]
        ]
      }
    },
    {
      "type": "Feature",
      "properties": {
        "link_id": "645",
        "name": "南河沿大街",
        "osm_way_id": "2525",
        "from_node_id": "27",
        "to_node_id": "256",
        "directed": "1",
        "geometry": "LINESTRING (116.400414 39.906809, 116.400407 39.906607)",
        "dir_flag": "1",
        "length": "22.47",
        "facility_type": "secondary",
        "link_type": "4",
        "free_speed": "",
        "lanes": "",
        "capacity": "",
        "allowed_uses": "auto",
        "notes": "",
        "feature_type": "link"
      },
      "geometry": {
        "type": "LineString",
        "coordinates": [
          [
            116.400414,
            39.906809
          ],
          [
            116.400407,
            39.906607
          ]
        ]
      }
    },
    {
      "type": "Feature",
      "properties": {
        "link_id": "646",
        "name": "南河沿大街",
        "osm_way_id": "2525",
        "from_node_id": "256",
        "to_node_id": "27",
        "directed": "1",
        "geometry": "LINESTRING (116.400407 39.906607, 116.400414 39.906809)",
        "dir_flag": "1",
        "length": "22.47",
        "facility_type": "secondary",
        "link_type": "4",
        "free_speed": "",
        "lanes": "",
        "capacity": "",
        "allowed_uses": "auto",
        "notes": "",
        "feature_type": "link"
      },
      "geometry": {
        "type": "LineString",
        "coordinates": [
          [
            116.400407,
            39.906607
          ],
          [
            116.400414,
            39.906809
          ]
        ]
      }
    },
    {
      "type": "Feature",
      "properties": {
        "link_id": "647",
        "name": "正义路",
        "osm_way_id": "2528",
        "from_node_id": "176",
        "to_node_id": "257",
        "directed": "1",
        "geometry": "LINESTRING (116.400578 39.906282, 116.400556 39.90645)",
        "dir_flag": "1",
        "length": "18.77",
        "facility_type": "tertiary",
        "link_type": "5",
        "free_speed": "",
        "lanes": "",
        "capacity": "",
        "allowed_uses": "auto",
        "notes": "",
        "feature_type": "link"
      },
      "geometry": {
        "type": "LineString",
        "coordinates": [
          [
            116.400578,
            39.906282
          ],
          [
            116.400556,
            39.90645
          ]
        ]
      }
    },
    {
      "type": "Feature",
      "properties": {
        "link_id": "648",
        "name": "正义路",
        "osm_way_id": "2531",
        "from_node_id": "258",
        "to_node_id": "216",
        "directed": "1",
        "geometry": "LINESTRING (116.400266 39.906271, 116.400341 39.90536)",
        "dir_flag": "1",
        "length": "101.50",
        "facility_type": "tertiary",
        "link_type": "5",
        "free_speed": "",
        "lanes": "",
        "capacity": "",
        "allowed_uses": "auto",
        "notes": "",
        "feature_type": "link"
      },
      "geometry": {
        "type": "LineString",
        "coordinates": [
          [
            116.400266,
            39.906271
          ],
          [
            116.400341,
            39.90536
          ]
        ]
      }
    },
    {
      "type": "Feature",
      "properties": {
        "link_id": "649",
        "name": "东长安街",
        "osm_way_id": "2534",
        "from_node_id": "259",
        "to_node_id": "59",
        "directed": "1",
        "geometry": "LINESTRING (116.400019 39.9066, 116.397381 39.90653)",
        "dir_flag": "1",
        "length": "225.15",
        "facility_type": "trunk",
        "link_type": "2",
        "free_speed": "",
        "lanes": "5",
        "capacity": "",
        "allowed_uses": "auto",
        "notes": "",
        "feature_type": "link"
      },
      "geometry": {
        "type": "LineString",
        "coordinates": [
          [
            116.400019,
            39.9066
          ],
          [
            116.397381,
            39.90653
          ]
        ]
      }
    },
    {
      "type": "Feature",
      "properties": {
        "link_id": "650",
        "name": "南长街",
        "osm_way_id": "2628",
        "from_node_id": "141",
        "to_node_id": "139",
        "directed": "1",
        "geometry": "LINESTRING (116.385447 39.909798, 116.385485 39.909256)",
        "dir_flag": "1",
        "length": "60.35",
        "facility_type": "tertiary",
        "link_type": "5",
        "free_speed": "",
        "lanes": "",
        "capacity": "",
        "allowed_uses": "auto",
        "notes": "",
        "feature_type": "link"
      },
      "geometry": {
        "type": "LineString",
        "coordinates": [
          [
            116.385447,
            39.909798
          ],
          [
            116.385485,
            39.909256
          ]
        ]
      }
    },
    {
      "type": "Feature",
      "properties": {
        "link_id": "651",
        "name": "南长街",
        "osm_way_id": "2628",
        "from_node_id": "139",
        "to_node_id": "141",
        "directed": "1",
        "geometry": "LINESTRING (116.385485 39.909256, 116.385447 39.909798)",
        "dir_flag": "1",
        "length": "60.35",
        "facility_type": "tertiary",
        "link_type": "5",
        "free_speed": "",
        "lanes": "",
        "capacity": "",
        "allowed_uses": "auto",
        "notes": "",
        "feature_type": "link"
      },
      "geometry": {
        "type": "LineString",
        "coordinates": [
          [
            116.385485,
            39.909256
          ],
          [
            116.385447,
            39.909798
          ]
        ]
      }
    },
    {
      "type": "Feature",
      "properties": {
        "link_id": "652",
        "name": "南长街",
        "osm_way_id": "2629",
        "from_node_id": "141",
        "to_node_id": "210",
        "directed": "1",
        "geometry": "LINESTRING (116.385447 39.909798, 116.385474 39.910118)",
        "dir_flag": "1",
        "length": "35.66",
        "facility_type": "tertiary",
        "link_type": "5",
        "free_speed": "",
        "lanes": "",
        "capacity": "",
        "allowed_uses": "auto",
        "notes": "",
        "feature_type": "link"
      },
      "geometry": {
        "type": "LineString",
        "coordinates": [
          [
            116.385447,
            39.909798
          ],
          [
            116.385474,
            39.910118
          ]
        ]
      }
    },
    {
      "type": "Feature",
      "properties": {
        "link_id": "653",
        "name": "南长街",
        "osm_way_id": "2629",
        "from_node_id": "210",
        "to_node_id": "141",
        "directed": "1",
        "geometry": "LINESTRING (116.385474 39.910118, 116.385447 39.909798)",
        "dir_flag": "1",
        "length": "35.66",
        "facility_type": "tertiary",
        "link_type": "5",
        "free_speed": "",
        "lanes": "",
        "capacity": "",
        "allowed_uses": "auto",
        "notes": "",
        "feature_type": "link"
      },
      "geometry": {
        "type": "LineString",
        "coordinates": [
          [
            116.385474,
            39.910118
          ],
          [
            116.385447,
            39.909798
          ]
        ]
      }
    },
    {
      "type": "Feature",
      "properties": {
        "link_id": "654",
        "name": "西交民巷",
        "osm_way_id": "2677",
        "from_node_id": "104",
        "to_node_id": "215",
        "directed": "1",
        "geometry": "LINESTRING (116.388681 39.900484, 116.389491 39.900516)",
        "dir_flag": "1",
        "length": "69.19",
        "facility_type": "tertiary",
        "link_type": "5",
        "free_speed": "",
        "lanes": "",
        "capacity": "",
        "allowed_uses": "auto",
        "notes": "",
        "feature_type": "link"
      },
      "geometry": {
        "type": "LineString",
        "coordinates": [
          [
            116.388681,
            39.900484
          ],
          [
            116.389491,
            39.900516
          ]
        ]
      }
    },
    {
      "type": "Feature",
      "properties": {
        "link_id": "655",
        "name": "人大会堂西路",
        "osm_way_id": "2695",
        "from_node_id": "78",
        "to_node_id": "76",
        "directed": "1",
        "geometry": "LINESTRING (116.385453 39.900329, 116.385443 39.900399)",
        "dir_flag": "1",
        "length": "7.83",
        "facility_type": "tertiary",
        "link_type": "5",
        "free_speed": "",
        "lanes": "",
        "capacity": "",
        "allowed_uses": "auto",
        "notes": "",
        "feature_type": "link"
      },
      "geometry": {
        "type": "LineString",
        "coordinates": [
          [
            116.385453,
            39.900329
          ],
          [
            116.385443,
            39.900399
          ]
        ]
      }
    },
    {
      "type": "Feature",
      "properties": {
        "link_id": "656",
        "name": "人大会堂西路",
        "osm_way_id": "2695",
        "from_node_id": "76",
        "to_node_id": "78",
        "directed": "1",
        "geometry": "LINESTRING (116.385443 39.900399, 116.385453 39.900329)",
        "dir_flag": "1",
        "length": "7.83",
        "facility_type": "tertiary",
        "link_type": "5",
        "free_speed": "",
        "lanes": "",
        "capacity": "",
        "allowed_uses": "auto",
        "notes": "",
        "feature_type": "link"
      },
      "geometry": {
        "type": "LineString",
        "coordinates": [
          [
            116.385443,
            39.900399
          ],
          [
            116.385453,
            39.900329
          ]
        ]
      }
    },
    {
      "type": "Feature",
      "properties": {
        "link_id": "657",
        "name": "骑河楼南巷",
        "osm_way_id": "2732",
        "from_node_id": "88",
        "to_node_id": "82",
        "directed": "1",
        "geometry": "LINESTRING (116.397332 39.914301, 116.397351 39.914282)",
        "dir_flag": "1",
        "length": "2.66",
        "facility_type": "residential",
        "link_type": "6",
        "free_speed": "",
        "lanes": "",
        "capacity": "",
        "allowed_uses": "auto",
        "notes": "",
        "feature_type": "link"
      },
      "geometry": {
        "type": "LineString",
        "coordinates": [
          [
            116.397332,
            39.914301
          ],
          [
            116.397351,
            39.914282
          ]
        ]
      }
    },
    {
      "type": "Feature",
      "properties": {
        "link_id": "658",
        "name": "骑河楼南巷",
        "osm_way_id": "2732",
        "from_node_id": "82",
        "to_node_id": "88",
        "directed": "1",
        "geometry": "LINESTRING (116.397351 39.914282, 116.397332 39.914301)",
        "dir_flag": "1",
        "length": "2.66",
        "facility_type": "residential",
        "link_type": "6",
        "free_speed": "",
        "lanes": "",
        "capacity": "",
        "allowed_uses": "auto",
        "notes": "",
        "feature_type": "link"
      },
      "geometry": {
        "type": "LineString",
        "coordinates": [
          [
            116.397351,
            39.914282
          ],
          [
            116.397332,
            39.914301
          ]
        ]
      }
    },
    {
      "type": "Feature",
      "properties": {
        "link_id": "659",
        "name": "骑河楼南巷",
        "osm_way_id": "2733",
        "from_node_id": "88",
        "to_node_id": "87",
        "directed": "1",
        "geometry": "LINESTRING (116.397332 39.914301, 116.39731 39.914408)",
        "dir_flag": "1",
        "length": "12.04",
        "facility_type": "residential",
        "link_type": "6",
        "free_speed": "",
        "lanes": "",
        "capacity": "",
        "allowed_uses": "auto",
        "notes": "",
        "feature_type": "link"
      },
      "geometry": {
        "type": "LineString",
        "coordinates": [
          [
            116.397332,
            39.914301
          ],
          [
            116.39731,
            39.914408
          ]
        ]
      }
    },
    {
      "type": "Feature",
      "properties": {
        "link_id": "660",
        "name": "骑河楼南巷",
        "osm_way_id": "2733",
        "from_node_id": "87",
        "to_node_id": "88",
        "directed": "1",
        "geometry": "LINESTRING (116.39731 39.914408, 116.397332 39.914301)",
        "dir_flag": "1",
        "length": "12.04",
        "facility_type": "residential",
        "link_type": "6",
        "free_speed": "",
        "lanes": "",
        "capacity": "",
        "allowed_uses": "auto",
        "notes": "",
        "feature_type": "link"
      },
      "geometry": {
        "type": "LineString",
        "coordinates": [
          [
            116.39731,
            39.914408
          ],
          [
            116.397332,
            39.914301
          ]
        ]
      }
    },
    {
      "type": "Feature",
      "properties": {
        "link_id": "661",
        "name": "骑河楼南巷",
        "osm_way_id": "2734",
        "from_node_id": "82",
        "to_node_id": "37",
        "directed": "1",
        "geometry": "LINESTRING (116.397351 39.914282, 116.397381 39.913798)",
        "dir_flag": "1",
        "length": "53.88",
        "facility_type": "residential",
        "link_type": "6",
        "free_speed": "",
        "lanes": "",
        "capacity": "",
        "allowed_uses": "auto",
        "notes": "",
        "feature_type": "link"
      },
      "geometry": {
        "type": "LineString",
        "coordinates": [
          [
            116.397351,
            39.914282
          ],
          [
            116.397381,
            39.913798
          ]
        ]
      }
    },
    {
      "type": "Feature",
      "properties": {
        "link_id": "662",
        "name": "骑河楼南巷",
        "osm_way_id": "2734",
        "from_node_id": "37",
        "to_node_id": "82",
        "directed": "1",
        "geometry": "LINESTRING (116.397381 39.913798, 116.397351 39.914282)",
        "dir_flag": "1",
        "length": "53.88",
        "facility_type": "residential",
        "link_type": "6",
        "free_speed": "",
        "lanes": "",
        "capacity": "",
        "allowed_uses": "auto",
        "notes": "",
        "feature_type": "link"
      },
      "geometry": {
        "type": "LineString",
        "coordinates": [
          [
            116.397381,
            39.913798
          ],
          [
            116.397351,
            39.914282
          ]
        ]
      }
    },
    {
      "type": "Feature",
      "properties": {
        "link_id": "663",
        "name": "骑河楼南巷",
        "osm_way_id": "2735",
        "from_node_id": "82",
        "to_node_id": "88",
        "directed": "1",
        "geometry": "LINESTRING (116.397351 39.914282, 116.397332 39.914301)",
        "dir_flag": "1",
        "length": "2.66",
        "facility_type": "residential",
        "link_type": "6",
        "free_speed": "",
        "lanes": "",
        "capacity": "",
        "allowed_uses": "auto",
        "notes": "",
        "feature_type": "link"
      },
      "geometry": {
        "type": "LineString",
        "coordinates": [
          [
            116.397351,
            39.914282
          ],
          [
            116.397332,
            39.914301
          ]
        ]
      }
    },
    {
      "type": "Feature",
      "properties": {
        "link_id": "664",
        "name": "骑河楼南巷",
        "osm_way_id": "2735",
        "from_node_id": "88",
        "to_node_id": "82",
        "directed": "1",
        "geometry": "LINESTRING (116.397332 39.914301, 116.397351 39.914282)",
        "dir_flag": "1",
        "length": "2.66",
        "facility_type": "residential",
        "link_type": "6",
        "free_speed": "",
        "lanes": "",
        "capacity": "",
        "allowed_uses": "auto",
        "notes": "",
        "feature_type": "link"
      },
      "geometry": {
        "type": "LineString",
        "coordinates": [
          [
            116.397332,
            39.914301
          ],
          [
            116.397351,
            39.914282
          ]
        ]
      }
    },
    {
      "type": "Feature",
      "properties": {
        "link_id": "665",
        "name": "",
        "osm_way_id": "2736",
        "from_node_id": "118",
        "to_node_id": "120",
        "directed": "1",
        "geometry": "LINESTRING (116.399425 39.911201, 116.399372 39.911973)",
        "dir_flag": "1",
        "length": "85.96",
        "facility_type": "residential",
        "link_type": "6",
        "free_speed": "",
        "lanes": "",
        "capacity": "",
        "allowed_uses": "auto",
        "notes": "",
        "feature_type": "link"
      },
      "geometry": {
        "type": "LineString",
        "coordinates": [
          [
            116.399425,
            39.911201
          ],
          [
            116.399372,
            39.911973
          ]
        ]
      }
    },
    {
      "type": "Feature",
      "properties": {
        "link_id": "666",
        "name": "",
        "osm_way_id": "2736",
        "from_node_id": "120",
        "to_node_id": "118",
        "directed": "1",
        "geometry": "LINESTRING (116.399372 39.911973, 116.399425 39.911201)",
        "dir_flag": "1",
        "length": "85.96",
        "facility_type": "residential",
        "link_type": "6",
        "free_speed": "",
        "lanes": "",
        "capacity": "",
        "allowed_uses": "auto",
        "notes": "",
        "feature_type": "link"
      },
      "geometry": {
        "type": "LineString",
        "coordinates": [
          [
            116.399372,
            39.911973
          ],
          [
            116.399425,
            39.911201
          ]
        ]
      }
    },
    {
      "type": "Feature",
      "properties": {
        "link_id": "667",
        "name": "",
        "osm_way_id": "2737",
        "from_node_id": "118",
        "to_node_id": "117",
        "directed": "1",
        "geometry": "LINESTRING (116.399425 39.911201, 116.399432 39.910767)",
        "dir_flag": "1",
        "length": "48.26",
        "facility_type": "residential",
        "link_type": "6",
        "free_speed": "",
        "lanes": "",
        "capacity": "",
        "allowed_uses": "auto",
        "notes": "",
        "feature_type": "link"
      },
      "geometry": {
        "type": "LineString",
        "coordinates": [
          [
            116.399425,
            39.911201
          ],
          [
            116.399432,
            39.910767
          ]
        ]
      }
    },
    {
      "type": "Feature",
      "properties": {
        "link_id": "668",
        "name": "",
        "osm_way_id": "2737",
        "from_node_id": "117",
        "to_node_id": "118",
        "directed": "1",
        "geometry": "LINESTRING (116.399432 39.910767, 116.399425 39.911201)",
        "dir_flag": "1",
        "length": "48.26",
        "facility_type": "residential",
        "link_type": "6",
        "free_speed": "",
        "lanes": "",
        "capacity": "",
        "allowed_uses": "auto",
        "notes": "",
        "feature_type": "link"
      },
      "geometry": {
        "type": "LineString",
        "coordinates": [
          [
            116.399432,
            39.910767
          ],
          [
            116.399425,
            39.911201
          ]
        ]
      }
    },
    {
      "type": "Feature",
      "properties": {
        "link_id": "669",
        "name": "",
        "osm_way_id": "2738",
        "from_node_id": "128",
        "to_node_id": "119",
        "directed": "1",
        "geometry": "LINESTRING (116.398994 39.911202, 116.398998 39.910768)",
        "dir_flag": "1",
        "length": "48.26",
        "facility_type": "residential",
        "link_type": "6",
        "free_speed": "",
        "lanes": "",
        "capacity": "",
        "allowed_uses": "auto",
        "notes": "",
        "feature_type": "link"
      },
      "geometry": {
        "type": "LineString",
        "coordinates": [
          [
            116.398994,
            39.911202
          ],
          [
            116.398998,
            39.910768
          ]
        ]
      }
    },
    {
      "type": "Feature",
      "properties": {
        "link_id": "670",
        "name": "",
        "osm_way_id": "2738",
        "from_node_id": "119",
        "to_node_id": "128",
        "directed": "1",
        "geometry": "LINESTRING (116.398998 39.910768, 116.398994 39.911202)",
        "dir_flag": "1",
        "length": "48.26",
        "facility_type": "residential",
        "link_type": "6",
        "free_speed": "",
        "lanes": "",
        "capacity": "",
        "allowed_uses": "auto",
        "notes": "",
        "feature_type": "link"
      },
      "geometry": {
        "type": "LineString",
        "coordinates": [
          [
            116.398998,
            39.910768
          ],
          [
            116.398994,
            39.911202
          ]
        ]
      }
    },
    {
      "type": "Feature",
      "properties": {
        "link_id": "671",
        "name": "",
        "osm_way_id": "2739",
        "from_node_id": "128",
        "to_node_id": "126",
        "directed": "1",
        "geometry": "LINESTRING (116.398994 39.911202, 116.398989 39.911474)",
        "dir_flag": "1",
        "length": "30.25",
        "facility_type": "residential",
        "link_type": "6",
        "free_speed": "",
        "lanes": "",
        "capacity": "",
        "allowed_uses": "auto",
        "notes": "",
        "feature_type": "link"
      },
      "geometry": {
        "type": "LineString",
        "coordinates": [
          [
            116.398994,
            39.911202
          ],
          [
            116.398989,
            39.911474
          ]
        ]
      }
    },
    {
      "type": "Feature",
      "properties": {
        "link_id": "672",
        "name": "",
        "osm_way_id": "2739",
        "from_node_id": "126",
        "to_node_id": "128",
        "directed": "1",
        "geometry": "LINESTRING (116.398989 39.911474, 116.398994 39.911202)",
        "dir_flag": "1",
        "length": "30.25",
        "facility_type": "residential",
        "link_type": "6",
        "free_speed": "",
        "lanes": "",
        "capacity": "",
        "allowed_uses": "auto",
        "notes": "",
        "feature_type": "link"
      },
      "geometry": {
        "type": "LineString",
        "coordinates": [
          [
            116.398989,
            39.911474
          ],
          [
            116.398994,
            39.911202
          ]
        ]
      }
    },
    {
      "type": "Feature",
      "properties": {
        "link_id": "673",
        "name": "大宴乐胡同",
        "osm_way_id": "2742",
        "from_node_id": "135",
        "to_node_id": "133",
        "directed": "1",
        "geometry": "LINESTRING (116.384608 39.90786, 116.384652 39.906967)",
        "dir_flag": "1",
        "length": "99.37",
        "facility_type": "residential",
        "link_type": "6",
        "free_speed": "",
        "lanes": "",
        "capacity": "",
        "allowed_uses": "auto",
        "notes": "",
        "feature_type": "link"
      },
      "geometry": {
        "type": "LineString",
        "coordinates": [
          [
            116.384608,
            39.90786
          ],
          [
            116.384652,
            39.906967
          ]
        ]
      }
    },
    {
      "type": "Feature",
      "properties": {
        "link_id": "674",
        "name": "大宴乐胡同",
        "osm_way_id": "2742",
        "from_node_id": "133",
        "to_node_id": "135",
        "directed": "1",
        "geometry": "LINESTRING (116.384652 39.906967, 116.384608 39.90786)",
        "dir_flag": "1",
        "length": "99.37",
        "facility_type": "residential",
        "link_type": "6",
        "free_speed": "",
        "lanes": "",
        "capacity": "",
        "allowed_uses": "auto",
        "notes": "",
        "feature_type": "link"
      },
      "geometry": {
        "type": "LineString",
        "coordinates": [
          [
            116.384652,
            39.906967
          ],
          [
            116.384608,
            39.90786
          ]
        ]
      }
    },
    {
      "type": "Feature",
      "properties": {
        "link_id": "675",
        "name": "大宴乐胡同",
        "osm_way_id": "2743",
        "from_node_id": "135",
        "to_node_id": "187",
        "directed": "1",
        "geometry": "LINESTRING (116.384608 39.90786, 116.384579 39.908433)",
        "dir_flag": "1",
        "length": "63.76",
        "facility_type": "residential",
        "link_type": "6",
        "free_speed": "",
        "lanes": "",
        "capacity": "",
        "allowed_uses": "auto",
        "notes": "",
        "feature_type": "link"
      },
      "geometry": {
        "type": "LineString",
        "coordinates": [
          [
            116.384608,
            39.90786
          ],
          [
            116.384579,
            39.908433
          ]
        ]
      }
    },
    {
      "type": "Feature",
      "properties": {
        "link_id": "676",
        "name": "大宴乐胡同",
        "osm_way_id": "2743",
        "from_node_id": "187",
        "to_node_id": "135",
        "directed": "1",
        "geometry": "LINESTRING (116.384579 39.908433, 116.384608 39.90786)",
        "dir_flag": "1",
        "length": "63.76",
        "facility_type": "residential",
        "link_type": "6",
        "free_speed": "",
        "lanes": "",
        "capacity": "",
        "allowed_uses": "auto",
        "notes": "",
        "feature_type": "link"
      },
      "geometry": {
        "type": "LineString",
        "coordinates": [
          [
            116.384579,
            39.908433
          ],
          [
            116.384608,
            39.90786
          ]
        ]
      }
    },
    {
      "type": "Feature",
      "properties": {
        "link_id": "677",
        "name": "大宴乐胡同",
        "osm_way_id": "2762",
        "from_node_id": "134",
        "to_node_id": "145",
        "directed": "1",
        "geometry": "LINESTRING (116.385491 39.906984, 116.385618 39.906987)",
        "dir_flag": "1",
        "length": "10.84",
        "facility_type": "residential",
        "link_type": "6",
        "free_speed": "",
        "lanes": "",
        "capacity": "",
        "allowed_uses": "auto",
        "notes": "",
        "feature_type": "link"
      },
      "geometry": {
        "type": "LineString",
        "coordinates": [
          [
            116.385491,
            39.906984
          ],
          [
            116.385618,
            39.906987
          ]
        ]
      }
    },
    {
      "type": "Feature",
      "properties": {
        "link_id": "678",
        "name": "大宴乐胡同",
        "osm_way_id": "2762",
        "from_node_id": "145",
        "to_node_id": "134",
        "directed": "1",
        "geometry": "LINESTRING (116.385618 39.906987, 116.385491 39.906984)",
        "dir_flag": "1",
        "length": "10.84",
        "facility_type": "residential",
        "link_type": "6",
        "free_speed": "",
        "lanes": "",
        "capacity": "",
        "allowed_uses": "auto",
        "notes": "",
        "feature_type": "link"
      },
      "geometry": {
        "type": "LineString",
        "coordinates": [
          [
            116.385618,
            39.906987
          ],
          [
            116.385491,
            39.906984
          ]
        ]
      }
    },
    {
      "type": "Feature",
      "properties": {
        "link_id": "679",
        "name": "大宴乐胡同",
        "osm_way_id": "2763",
        "from_node_id": "134",
        "to_node_id": "133",
        "directed": "1",
        "geometry": "LINESTRING (116.385491 39.906984, 116.384652 39.906967)",
        "dir_flag": "1",
        "length": "71.59",
        "facility_type": "residential",
        "link_type": "6",
        "free_speed": "",
        "lanes": "",
        "capacity": "",
        "allowed_uses": "auto",
        "notes": "",
        "feature_type": "link"
      },
      "geometry": {
        "type": "LineString",
        "coordinates": [
          [
            116.385491,
            39.906984
          ],
          [
            116.384652,
            39.906967
          ]
        ]
      }
    },
    {
      "type": "Feature",
      "properties": {
        "link_id": "680",
        "name": "大宴乐胡同",
        "osm_way_id": "2763",
        "from_node_id": "133",
        "to_node_id": "134",
        "directed": "1",
        "geometry": "LINESTRING (116.384652 39.906967, 116.385491 39.906984)",
        "dir_flag": "1",
        "length": "71.59",
        "facility_type": "residential",
        "link_type": "6",
        "free_speed": "",
        "lanes": "",
        "capacity": "",
        "allowed_uses": "auto",
        "notes": "",
        "feature_type": "link"
      },
      "geometry": {
        "type": "LineString",
        "coordinates": [
          [
            116.384652,
            39.906967
          ],
          [
            116.385491,
            39.906984
          ]
        ]
      }
    },
    {
      "type": "Feature",
      "properties": {
        "link_id": "681",
        "name": "南长街",
        "osm_way_id": "2765",
        "from_node_id": "140",
        "to_node_id": "260",
        "directed": "1",
        "geometry": "LINESTRING (116.385577 39.908098, 116.385582 39.907977)",
        "dir_flag": "1",
        "length": "13.46",
        "facility_type": "tertiary",
        "link_type": "5",
        "free_speed": "",
        "lanes": "",
        "capacity": "",
        "allowed_uses": "auto",
        "notes": "",
        "feature_type": "link"
      },
      "geometry": {
        "type": "LineString",
        "coordinates": [
          [
            116.385577,
            39.908098
          ],
          [
            116.385582,
            39.907977
          ]
        ]
      }
    },
    {
      "type": "Feature",
      "properties": {
        "link_id": "682",
        "name": "南长街",
        "osm_way_id": "2765",
        "from_node_id": "260",
        "to_node_id": "140",
        "directed": "1",
        "geometry": "LINESTRING (116.385582 39.907977, 116.385577 39.908098)",
        "dir_flag": "1",
        "length": "13.46",
        "facility_type": "tertiary",
        "link_type": "5",
        "free_speed": "",
        "lanes": "",
        "capacity": "",
        "allowed_uses": "auto",
        "notes": "",
        "feature_type": "link"
      },
      "geometry": {
        "type": "LineString",
        "coordinates": [
          [
            116.385582,
            39.907977
          ],
          [
            116.385577,
            39.908098
          ]
        ]
      }
    },
    {
      "type": "Feature",
      "properties": {
        "link_id": "683",
        "name": "南长街",
        "osm_way_id": "2766",
        "from_node_id": "140",
        "to_node_id": "139",
        "directed": "1",
        "geometry": "LINESTRING (116.385577 39.908098, 116.385485 39.909256)",
        "dir_flag": "1",
        "length": "129.00",
        "facility_type": "tertiary",
        "link_type": "5",
        "free_speed": "",
        "lanes": "",
        "capacity": "",
        "allowed_uses": "auto",
        "notes": "",
        "feature_type": "link"
      },
      "geometry": {
        "type": "LineString",
        "coordinates": [
          [
            116.385577,
            39.908098
          ],
          [
            116.385485,
            39.909256
          ]
        ]
      }
    },
    {
      "type": "Feature",
      "properties": {
        "link_id": "684",
        "name": "南长街",
        "osm_way_id": "2766",
        "from_node_id": "139",
        "to_node_id": "140",
        "directed": "1",
        "geometry": "LINESTRING (116.385485 39.909256, 116.385577 39.908098)",
        "dir_flag": "1",
        "length": "129.00",
        "facility_type": "tertiary",
        "link_type": "5",
        "free_speed": "",
        "lanes": "",
        "capacity": "",
        "allowed_uses": "auto",
        "notes": "",
        "feature_type": "link"
      },
      "geometry": {
        "type": "LineString",
        "coordinates": [
          [
            116.385485,
            39.909256
          ],
          [
            116.385577,
            39.908098
          ]
        ]
      }
    },
    {
      "type": "Feature",
      "properties": {
        "link_id": "685",
        "name": "南河沿大街",
        "osm_way_id": "2838",
        "from_node_id": "54",
        "to_node_id": "52",
        "directed": "1",
        "geometry": "LINESTRING (116.400572 39.910592, 116.400572 39.910653)",
        "dir_flag": "1",
        "length": "6.78",
        "facility_type": "secondary",
        "link_type": "4",
        "free_speed": "",
        "lanes": "",
        "capacity": "",
        "allowed_uses": "auto",
        "notes": "",
        "feature_type": "link"
      },
      "geometry": {
        "type": "LineString",
        "coordinates": [
          [
            116.400572,
            39.910592
          ],
          [
            116.400572,
            39.910653
          ]
        ]
      }
    },
    {
      "type": "Feature",
      "properties": {
        "link_id": "686",
        "name": "南河沿大街",
        "osm_way_id": "2838",
        "from_node_id": "52",
        "to_node_id": "54",
        "directed": "1",
        "geometry": "LINESTRING (116.400572 39.910653, 116.400572 39.910592)",
        "dir_flag": "1",
        "length": "6.78",
        "facility_type": "secondary",
        "link_type": "4",
        "free_speed": "",
        "lanes": "",
        "capacity": "",
        "allowed_uses": "auto",
        "notes": "",
        "feature_type": "link"
      },
      "geometry": {
        "type": "LineString",
        "coordinates": [
          [
            116.400572,
            39.910653
          ],
          [
            116.400572,
            39.910592
          ]
        ]
      }
    },
    {
      "type": "Feature",
      "properties": {
        "link_id": "687",
        "name": "南河沿大街",
        "osm_way_id": "2839",
        "from_node_id": "54",
        "to_node_id": "165",
        "directed": "1",
        "geometry": "LINESTRING (116.400572 39.910592, 116.400567 39.910184)",
        "dir_flag": "1",
        "length": "45.37",
        "facility_type": "secondary",
        "link_type": "4",
        "free_speed": "",
        "lanes": "",
        "capacity": "",
        "allowed_uses": "auto",
        "notes": "",
        "feature_type": "link"
      },
      "geometry": {
        "type": "LineString",
        "coordinates": [
          [
            116.400572,
            39.910592
          ],
          [
            116.400567,
            39.910184
          ]
        ]
      }
    },
    {
      "type": "Feature",
      "properties": {
        "link_id": "688",
        "name": "南河沿大街",
        "osm_way_id": "2839",
        "from_node_id": "165",
        "to_node_id": "54",
        "directed": "1",
        "geometry": "LINESTRING (116.400567 39.910184, 116.400572 39.910592)",
        "dir_flag": "1",
        "length": "45.37",
        "facility_type": "secondary",
        "link_type": "4",
        "free_speed": "",
        "lanes": "",
        "capacity": "",
        "allowed_uses": "auto",
        "notes": "",
        "feature_type": "link"
      },
      "geometry": {
        "type": "LineString",
        "coordinates": [
          [
            116.400567,
            39.910184
          ],
          [
            116.400572,
            39.910592
          ]
        ]
      }
    },
    {
      "type": "Feature",
      "properties": {
        "link_id": "689",
        "name": "",
        "osm_way_id": "2940",
        "from_node_id": "158",
        "to_node_id": "93",
        "directed": "1",
        "geometry": "LINESTRING (116.402627 39.90902, 116.402664 39.907916)",
        "dir_flag": "1",
        "length": "122.80",
        "facility_type": "residential",
        "link_type": "6",
        "free_speed": "",
        "lanes": "",
        "capacity": "",
        "allowed_uses": "auto",
        "notes": "",
        "feature_type": "link"
      },
      "geometry": {
        "type": "LineString",
        "coordinates": [
          [
            116.402627,
            39.90902
          ],
          [
            116.402664,
            39.907916
          ]
        ]
      }
    },
    {
      "type": "Feature",
      "properties": {
        "link_id": "690",
        "name": "",
        "osm_way_id": "2940",
        "from_node_id": "93",
        "to_node_id": "158",
        "directed": "1",
        "geometry": "LINESTRING (116.402664 39.907916, 116.402627 39.90902)",
        "dir_flag": "1",
        "length": "122.80",
        "facility_type": "residential",
        "link_type": "6",
        "free_speed": "",
        "lanes": "",
        "capacity": "",
        "allowed_uses": "auto",
        "notes": "",
        "feature_type": "link"
      },
      "geometry": {
        "type": "LineString",
        "coordinates": [
          [
            116.402664,
            39.907916
          ],
          [
            116.402627,
            39.90902
          ]
        ]
      }
    },
    {
      "type": "Feature",
      "properties": {
        "link_id": "691",
        "name": "",
        "osm_way_id": "2941",
        "from_node_id": "158",
        "to_node_id": "156",
        "directed": "1",
        "geometry": "LINESTRING (116.402627 39.90902, 116.402621 39.909194)",
        "dir_flag": "1",
        "length": "19.35",
        "facility_type": "residential",
        "link_type": "6",
        "free_speed": "",
        "lanes": "",
        "capacity": "",
        "allowed_uses": "auto",
        "notes": "",
        "feature_type": "link"
      },
      "geometry": {
        "type": "LineString",
        "coordinates": [
          [
            116.402627,
            39.90902
          ],
          [
            116.402621,
            39.909194
          ]
        ]
      }
    },
    {
      "type": "Feature",
      "properties": {
        "link_id": "692",
        "name": "",
        "osm_way_id": "2941",
        "from_node_id": "156",
        "to_node_id": "158",
        "directed": "1",
        "geometry": "LINESTRING (116.402621 39.909194, 116.402627 39.90902)",
        "dir_flag": "1",
        "length": "19.35",
        "facility_type": "residential",
        "link_type": "6",
        "free_speed": "",
        "lanes": "",
        "capacity": "",
        "allowed_uses": "auto",
        "notes": "",
        "feature_type": "link"
      },
      "geometry": {
        "type": "LineString",
        "coordinates": [
          [
            116.402621,
            39.909194
          ],
          [
            116.402627,
            39.90902
          ]
        ]
      }
    },
    {
      "type": "Feature",
      "properties": {
        "link_id": "693",
        "name": "南池子大街",
        "osm_way_id": "3665",
        "from_node_id": "185",
        "to_node_id": "183",
        "directed": "1",
        "geometry": "LINESTRING (116.397071 39.906928, 116.397066 39.907018)",
        "dir_flag": "1",
        "length": "10.02",
        "facility_type": "tertiary",
        "link_type": "5",
        "free_speed": "",
        "lanes": "1",
        "capacity": "",
        "allowed_uses": "auto",
        "notes": "",
        "feature_type": "link"
      },
      "geometry": {
        "type": "LineString",
        "coordinates": [
          [
            116.397071,
            39.906928
          ],
          [
            116.397066,
            39.907018
          ]
        ]
      }
    },
    {
      "type": "Feature",
      "properties": {
        "link_id": "694",
        "name": "南池子大街",
        "osm_way_id": "3665",
        "from_node_id": "183",
        "to_node_id": "185",
        "directed": "1",
        "geometry": "LINESTRING (116.397066 39.907018, 116.397071 39.906928)",
        "dir_flag": "1",
        "length": "10.02",
        "facility_type": "tertiary",
        "link_type": "5",
        "free_speed": "",
        "lanes": "1",
        "capacity": "",
        "allowed_uses": "auto",
        "notes": "",
        "feature_type": "link"
      },
      "geometry": {
        "type": "LineString",
        "coordinates": [
          [
            116.397066,
            39.907018
          ],
          [
            116.397071,
            39.906928
          ]
        ]
      }
    },
    {
      "type": "Feature",
      "properties": {
        "link_id": "695",
        "name": "南池子大街",
        "osm_way_id": "3666",
        "from_node_id": "185",
        "to_node_id": "261",
        "directed": "1",
        "geometry": "LINESTRING (116.397071 39.906928, 116.397074 39.906895)",
        "dir_flag": "1",
        "length": "3.68",
        "facility_type": "tertiary",
        "link_type": "5",
        "free_speed": "",
        "lanes": "",
        "capacity": "",
        "allowed_uses": "auto",
        "notes": "",
        "feature_type": "link"
      },
      "geometry": {
        "type": "LineString",
        "coordinates": [
          [
            116.397071,
            39.906928
          ],
          [
            116.397074,
            39.906895
          ]
        ]
      }
    },
    {
      "type": "Feature",
      "properties": {
        "link_id": "696",
        "name": "南池子大街",
        "osm_way_id": "3666",
        "from_node_id": "261",
        "to_node_id": "185",
        "directed": "1",
        "geometry": "LINESTRING (116.397074 39.906895, 116.397071 39.906928)",
        "dir_flag": "1",
        "length": "3.68",
        "facility_type": "tertiary",
        "link_type": "5",
        "free_speed": "",
        "lanes": "",
        "capacity": "",
        "allowed_uses": "auto",
        "notes": "",
        "feature_type": "link"
      },
      "geometry": {
        "type": "LineString",
        "coordinates": [
          [
            116.397074,
            39.906895
          ],
          [
            116.397071,
            39.906928
          ]
        ]
      }
    },
    {
      "type": "Feature",
      "properties": {
        "link_id": "697",
        "name": "南池子大街",
        "osm_way_id": "3667",
        "from_node_id": "261",
        "to_node_id": "185",
        "directed": "1",
        "geometry": "LINESTRING (116.397074 39.906895, 116.397071 39.906928)",
        "dir_flag": "1",
        "length": "3.68",
        "facility_type": "tertiary",
        "link_type": "5",
        "free_speed": "",
        "lanes": "",
        "capacity": "",
        "allowed_uses": "auto",
        "notes": "",
        "feature_type": "link"
      },
      "geometry": {
        "type": "LineString",
        "coordinates": [
          [
            116.397074,
            39.906895
          ],
          [
            116.397071,
            39.906928
          ]
        ]
      }
    },
    {
      "type": "Feature",
      "properties": {
        "link_id": "698",
        "name": "南池子大街",
        "osm_way_id": "3667",
        "from_node_id": "185",
        "to_node_id": "261",
        "directed": "1",
        "geometry": "LINESTRING (116.397071 39.906928, 116.397074 39.906895)",
        "dir_flag": "1",
        "length": "3.68",
        "facility_type": "tertiary",
        "link_type": "5",
        "free_speed": "",
        "lanes": "",
        "capacity": "",
        "allowed_uses": "auto",
        "notes": "",
        "feature_type": "link"
      },
      "geometry": {
        "type": "LineString",
        "coordinates": [
          [
            116.397071,
            39.906928
          ],
          [
            116.397074,
            39.906895
          ]
        ]
      }
    },
    {
      "type": "Feature",
      "properties": {
        "link_id": "699",
        "name": "南池子大街",
        "osm_way_id": "3668",
        "from_node_id": "261",
        "to_node_id": "218",
        "directed": "1",
        "geometry": "LINESTRING (116.397074 39.906895, 116.397081 39.906803)",
        "dir_flag": "1",
        "length": "10.25",
        "facility_type": "tertiary",
        "link_type": "5",
        "free_speed": "",
        "lanes": "",
        "capacity": "",
        "allowed_uses": "auto",
        "notes": "",
        "feature_type": "link"
      },
      "geometry": {
        "type": "LineString",
        "coordinates": [
          [
            116.397074,
            39.906895
          ],
          [
            116.397081,
            39.906803
          ]
        ]
      }
    },
    {
      "type": "Feature",
      "properties": {
        "link_id": "700",
        "name": "南池子大街",
        "osm_way_id": "3668",
        "from_node_id": "218",
        "to_node_id": "261",
        "directed": "1",
        "geometry": "LINESTRING (116.397081 39.906803, 116.397074 39.906895)",
        "dir_flag": "1",
        "length": "10.25",
        "facility_type": "tertiary",
        "link_type": "5",
        "free_speed": "",
        "lanes": "",
        "capacity": "",
        "allowed_uses": "auto",
        "notes": "",
        "feature_type": "link"
      },
      "geometry": {
        "type": "LineString",
        "coordinates": [
          [
            116.397081,
            39.906803
          ],
          [
            116.397074,
            39.906895
          ]
        ]
      }
    },
    {
      "type": "Feature",
      "properties": {
        "link_id": "701",
        "name": "南池子大街",
        "osm_way_id": "3688",
        "from_node_id": "219",
        "to_node_id": "217",
        "directed": "1",
        "geometry": "LINESTRING (116.397086 39.906728, 116.397084 39.906772)",
        "dir_flag": "1",
        "length": "4.90",
        "facility_type": "tertiary",
        "link_type": "5",
        "free_speed": "",
        "lanes": "",
        "capacity": "",
        "allowed_uses": "auto",
        "notes": "",
        "feature_type": "link"
      },
      "geometry": {
        "type": "LineString",
        "coordinates": [
          [
            116.397086,
            39.906728
          ],
          [
            116.397084,
            39.906772
          ]
        ]
      }
    },
    {
      "type": "Feature",
      "properties": {
        "link_id": "702",
        "name": "南池子大街",
        "osm_way_id": "3688",
        "from_node_id": "217",
        "to_node_id": "219",
        "directed": "1",
        "geometry": "LINESTRING (116.397084 39.906772, 116.397086 39.906728)",
        "dir_flag": "1",
        "length": "4.90",
        "facility_type": "tertiary",
        "link_type": "5",
        "free_speed": "",
        "lanes": "",
        "capacity": "",
        "allowed_uses": "auto",
        "notes": "",
        "feature_type": "link"
      },
      "geometry": {
        "type": "LineString",
        "coordinates": [
          [
            116.397084,
            39.906772
          ],
          [
            116.397086,
            39.906728
          ]
        ]
      }
    },
    {
      "type": "Feature",
      "properties": {
        "link_id": "703",
        "name": "南池子大街",
        "osm_way_id": "3689",
        "from_node_id": "219",
        "to_node_id": "60",
        "directed": "1",
        "geometry": "LINESTRING (116.397086 39.906728, 116.397096 39.906522)",
        "dir_flag": "1",
        "length": "22.92",
        "facility_type": "tertiary",
        "link_type": "5",
        "free_speed": "",
        "lanes": "",
        "capacity": "",
        "allowed_uses": "auto",
        "notes": "",
        "feature_type": "link"
      },
      "geometry": {
        "type": "LineString",
        "coordinates": [
          [
            116.397086,
            39.906728
          ],
          [
            116.397096,
            39.906522
          ]
        ]
      }
    },
    {
      "type": "Feature",
      "properties": {
        "link_id": "704",
        "name": "南池子大街",
        "osm_way_id": "3689",
        "from_node_id": "60",
        "to_node_id": "219",
        "directed": "1",
        "geometry": "LINESTRING (116.397096 39.906522, 116.397086 39.906728)",
        "dir_flag": "1",
        "length": "22.92",
        "facility_type": "tertiary",
        "link_type": "5",
        "free_speed": "",
        "lanes": "",
        "capacity": "",
        "allowed_uses": "auto",
        "notes": "",
        "feature_type": "link"
      },
      "geometry": {
        "type": "LineString",
        "coordinates": [
          [
            116.397096,
            39.906522
          ],
          [
            116.397086,
            39.906728
          ]
        ]
      }
    },
    {
      "type": "Feature",
      "properties": {
        "link_id": "705",
        "name": "东长安街",
        "osm_way_id": "4073",
        "from_node_id": "262",
        "to_node_id": "263",
        "directed": "1",
        "geometry": "LINESTRING (116.397139 39.906315, 116.397406 39.906342)",
        "dir_flag": "1",
        "length": "22.97",
        "facility_type": "trunk",
        "link_type": "2",
        "free_speed": "",
        "lanes": "",
        "capacity": "",
        "allowed_uses": "auto",
        "notes": "",
        "feature_type": "link"
      },
      "geometry": {
        "type": "LineString",
        "coordinates": [
          [
            116.397139,
            39.906315
          ],
          [
            116.397406,
            39.906342
          ]
        ]
      }
    },
    {
      "type": "Feature",
      "properties": {
        "link_id": "706",
        "name": "新大路",
        "osm_way_id": "4501",
        "from_node_id": "109",
        "to_node_id": "108",
        "directed": "1",
        "geometry": "LINESTRING (116.393763 39.901562, 116.394625 39.901579)",
        "dir_flag": "1",
        "length": "73.56",
        "facility_type": "residential",
        "link_type": "6",
        "free_speed": "",
        "lanes": "",
        "capacity": "",
        "allowed_uses": "auto",
        "notes": "",
        "feature_type": "link"
      },
      "geometry": {
        "type": "LineString",
        "coordinates": [
          [
            116.393763,
            39.901562
          ],
          [
            116.394625,
            39.901579
          ]
        ]
      }
    },
    {
      "type": "Feature",
      "properties": {
        "link_id": "707",
        "name": "新大路",
        "osm_way_id": "4501",
        "from_node_id": "108",
        "to_node_id": "109",
        "directed": "1",
        "geometry": "LINESTRING (116.394625 39.901579, 116.393763 39.901562)",
        "dir_flag": "1",
        "length": "73.56",
        "facility_type": "residential",
        "link_type": "6",
        "free_speed": "",
        "lanes": "",
        "capacity": "",
        "allowed_uses": "auto",
        "notes": "",
        "feature_type": "link"
      },
      "geometry": {
        "type": "LineString",
        "coordinates": [
          [
            116.394625,
            39.901579
          ],
          [
            116.393763,
            39.901562
          ]
        ]
      }
    },
    {
      "type": "Feature",
      "properties": {
        "link_id": "708",
        "name": "新大路",
        "osm_way_id": "4502",
        "from_node_id": "109",
        "to_node_id": "107",
        "directed": "1",
        "geometry": "LINESTRING (116.393763 39.901562, 116.393578 39.901558)",
        "dir_flag": "1",
        "length": "15.79",
        "facility_type": "residential",
        "link_type": "6",
        "free_speed": "",
        "lanes": "",
        "capacity": "",
        "allowed_uses": "auto",
        "notes": "",
        "feature_type": "link"
      },
      "geometry": {
        "type": "LineString",
        "coordinates": [
          [
            116.393763,
            39.901562
          ],
          [
            116.393578,
            39.901558
          ]
        ]
      }
    },
    {
      "type": "Feature",
      "properties": {
        "link_id": "709",
        "name": "新大路",
        "osm_way_id": "4502",
        "from_node_id": "107",
        "to_node_id": "109",
        "directed": "1",
        "geometry": "LINESTRING (116.393578 39.901558, 116.393763 39.901562)",
        "dir_flag": "1",
        "length": "15.79",
        "facility_type": "residential",
        "link_type": "6",
        "free_speed": "",
        "lanes": "",
        "capacity": "",
        "allowed_uses": "auto",
        "notes": "",
        "feature_type": "link"
      },
      "geometry": {
        "type": "LineString",
        "coordinates": [
          [
            116.393578,
            39.901558
          ],
          [
            116.393763,
            39.901562
          ]
        ]
      }
    },
    {
      "type": "Feature",
      "properties": {
        "link_id": "710",
        "name": "人大会堂西路",
        "osm_way_id": "4587",
        "from_node_id": "8",
        "to_node_id": "264",
        "directed": "1",
        "geometry": "LINESTRING (116.385463 39.901901, 116.385436 39.901875)",
        "dir_flag": "1",
        "length": "3.70",
        "facility_type": "tertiary",
        "link_type": "5",
        "free_speed": "",
        "lanes": "",
        "capacity": "",
        "allowed_uses": "auto",
        "notes": "",
        "feature_type": "link"
      },
      "geometry": {
        "type": "LineString",
        "coordinates": [
          [
            116.385463,
            39.901901
          ],
          [
            116.385436,
            39.901875
          ]
        ]
      }
    },
    {
      "type": "Feature",
      "properties": {
        "link_id": "711",
        "name": "人大会堂西路",
        "osm_way_id": "4587",
        "from_node_id": "264",
        "to_node_id": "8",
        "directed": "1",
        "geometry": "LINESTRING (116.385436 39.901875, 116.385463 39.901901)",
        "dir_flag": "1",
        "length": "3.70",
        "facility_type": "tertiary",
        "link_type": "5",
        "free_speed": "",
        "lanes": "",
        "capacity": "",
        "allowed_uses": "auto",
        "notes": "",
        "feature_type": "link"
      },
      "geometry": {
        "type": "LineString",
        "coordinates": [
          [
            116.385436,
            39.901875
          ],
          [
            116.385463,
            39.901901
          ]
        ]
      }
    },
    {
      "type": "Feature",
      "properties": {
        "link_id": "712",
        "name": "人大会堂西路",
        "osm_way_id": "4588",
        "from_node_id": "8",
        "to_node_id": "5",
        "directed": "1",
        "geometry": "LINESTRING (116.385463 39.901901, 116.385592 39.901994)",
        "dir_flag": "1",
        "length": "15.10",
        "facility_type": "tertiary",
        "link_type": "5",
        "free_speed": "",
        "lanes": "",
        "capacity": "",
        "allowed_uses": "auto",
        "notes": "",
        "feature_type": "link"
      },
      "geometry": {
        "type": "LineString",
        "coordinates": [
          [
            116.385463,
            39.901901
          ],
          [
            116.385592,
            39.901994
          ]
        ]
      }
    },
    {
      "type": "Feature",
      "properties": {
        "link_id": "713",
        "name": "人大会堂西路",
        "osm_way_id": "4588",
        "from_node_id": "5",
        "to_node_id": "8",
        "directed": "1",
        "geometry": "LINESTRING (116.385592 39.901994, 116.385463 39.901901)",
        "dir_flag": "1",
        "length": "15.10",
        "facility_type": "tertiary",
        "link_type": "5",
        "free_speed": "",
        "lanes": "",
        "capacity": "",
        "allowed_uses": "auto",
        "notes": "",
        "feature_type": "link"
      },
      "geometry": {
        "type": "LineString",
        "coordinates": [
          [
            116.385592,
            39.901994
          ],
          [
            116.385463,
            39.901901
          ]
        ]
      }
    },
    {
      "type": "Feature",
      "properties": {
        "link_id": "714",
        "name": "人大会堂西路",
        "osm_way_id": "4589",
        "from_node_id": "265",
        "to_node_id": "221",
        "directed": "1",
        "geometry": "LINESTRING (116.385751 39.901946, 116.385821 39.901921)",
        "dir_flag": "1",
        "length": "6.59",
        "facility_type": "tertiary",
        "link_type": "5",
        "free_speed": "",
        "lanes": "",
        "capacity": "",
        "allowed_uses": "auto",
        "notes": "",
        "feature_type": "link"
      },
      "geometry": {
        "type": "LineString",
        "coordinates": [
          [
            116.385751,
            39.901946
          ],
          [
            116.385821,
            39.901921
          ]
        ]
      }
    },
    {
      "type": "Feature",
      "properties": {
        "link_id": "715",
        "name": "人大会堂西路",
        "osm_way_id": "4589",
        "from_node_id": "221",
        "to_node_id": "265",
        "directed": "1",
        "geometry": "LINESTRING (116.385821 39.901921, 116.385751 39.901946)",
        "dir_flag": "1",
        "length": "6.59",
        "facility_type": "tertiary",
        "link_type": "5",
        "free_speed": "",
        "lanes": "",
        "capacity": "",
        "allowed_uses": "auto",
        "notes": "",
        "feature_type": "link"
      },
      "geometry": {
        "type": "LineString",
        "coordinates": [
          [
            116.385821,
            39.901921
          ],
          [
            116.385751,
            39.901946
          ]
        ]
      }
    },
    {
      "type": "Feature",
      "properties": {
        "link_id": "716",
        "name": "人大会堂西路",
        "osm_way_id": "4590",
        "from_node_id": "265",
        "to_node_id": "6",
        "directed": "1",
        "geometry": "LINESTRING (116.385751 39.901946, 116.385673 39.901972)",
        "dir_flag": "1",
        "length": "7.25",
        "facility_type": "tertiary",
        "link_type": "5",
        "free_speed": "",
        "lanes": "",
        "capacity": "",
        "allowed_uses": "auto",
        "notes": "",
        "feature_type": "link"
      },
      "geometry": {
        "type": "LineString",
        "coordinates": [
          [
            116.385751,
            39.901946
          ],
          [
            116.385673,
            39.901972
          ]
        ]
      }
    },
    {
      "type": "Feature",
      "properties": {
        "link_id": "717",
        "name": "人大会堂西路",
        "osm_way_id": "4590",
        "from_node_id": "6",
        "to_node_id": "265",
        "directed": "1",
        "geometry": "LINESTRING (116.385673 39.901972, 116.385751 39.901946)",
        "dir_flag": "1",
        "length": "7.25",
        "facility_type": "tertiary",
        "link_type": "5",
        "free_speed": "",
        "lanes": "",
        "capacity": "",
        "allowed_uses": "auto",
        "notes": "",
        "feature_type": "link"
      },
      "geometry": {
        "type": "LineString",
        "coordinates": [
          [
            116.385673,
            39.901972
          ],
          [
            116.385751,
            39.901946
          ]
        ]
      }
    },
    {
      "type": "Feature",
      "properties": {
        "link_id": "718",
        "name": "人大会堂西路",
        "osm_way_id": "4591",
        "from_node_id": "14",
        "to_node_id": "12",
        "directed": "1",
        "geometry": "LINESTRING (116.386542 39.901558, 116.386719 39.901488)",
        "dir_flag": "1",
        "length": "16.99",
        "facility_type": "tertiary",
        "link_type": "5",
        "free_speed": "",
        "lanes": "",
        "capacity": "",
        "allowed_uses": "auto",
        "notes": "",
        "feature_type": "link"
      },
      "geometry": {
        "type": "LineString",
        "coordinates": [
          [
            116.386542,
            39.901558
          ],
          [
            116.386719,
            39.901488
          ]
        ]
      }
    },
    {
      "type": "Feature",
      "properties": {
        "link_id": "719",
        "name": "人大会堂西路",
        "osm_way_id": "4591",
        "from_node_id": "12",
        "to_node_id": "14",
        "directed": "1",
        "geometry": "LINESTRING (116.386719 39.901488, 116.386542 39.901558)",
        "dir_flag": "1",
        "length": "16.99",
        "facility_type": "tertiary",
        "link_type": "5",
        "free_speed": "",
        "lanes": "",
        "capacity": "",
        "allowed_uses": "auto",
        "notes": "",
        "feature_type": "link"
      },
      "geometry": {
        "type": "LineString",
        "coordinates": [
          [
            116.386719,
            39.901488
          ],
          [
            116.386542,
            39.901558
          ]
        ]
      }
    },
    {
      "type": "Feature",
      "properties": {
        "link_id": "720",
        "name": "人大会堂西路",
        "osm_way_id": "4592",
        "from_node_id": "14",
        "to_node_id": "10",
        "directed": "1",
        "geometry": "LINESTRING (116.386542 39.901558, 116.386523 39.901568)",
        "dir_flag": "1",
        "length": "1.97",
        "facility_type": "tertiary",
        "link_type": "5",
        "free_speed": "",
        "lanes": "",
        "capacity": "",
        "allowed_uses": "auto",
        "notes": "",
        "feature_type": "link"
      },
      "geometry": {
        "type": "LineString",
        "coordinates": [
          [
            116.386542,
            39.901558
          ],
          [
            116.386523,
            39.901568
          ]
        ]
      }
    },
    {
      "type": "Feature",
      "properties": {
        "link_id": "721",
        "name": "人大会堂西路",
        "osm_way_id": "4592",
        "from_node_id": "10",
        "to_node_id": "14",
        "directed": "1",
        "geometry": "LINESTRING (116.386523 39.901568, 116.386542 39.901558)",
        "dir_flag": "1",
        "length": "1.97",
        "facility_type": "tertiary",
        "link_type": "5",
        "free_speed": "",
        "lanes": "",
        "capacity": "",
        "allowed_uses": "auto",
        "notes": "",
        "feature_type": "link"
      },
      "geometry": {
        "type": "LineString",
        "coordinates": [
          [
            116.386523,
            39.901568
          ],
          [
            116.386542,
            39.901558
          ]
        ]
      }
    },
    {
      "type": "Feature",
      "properties": {
        "link_id": "722",
        "name": "人大会堂西路",
        "osm_way_id": "4593",
        "from_node_id": "13",
        "to_node_id": "191",
        "directed": "1",
        "geometry": "LINESTRING (116.386888 39.901453, 116.38711 39.901435)",
        "dir_flag": "1",
        "length": "19.04",
        "facility_type": "tertiary",
        "link_type": "5",
        "free_speed": "",
        "lanes": "",
        "capacity": "",
        "allowed_uses": "auto",
        "notes": "",
        "feature_type": "link"
      },
      "geometry": {
        "type": "LineString",
        "coordinates": [
          [
            116.386888,
            39.901453
          ],
          [
            116.38711,
            39.901435
          ]
        ]
      }
    },
    {
      "type": "Feature",
      "properties": {
        "link_id": "723",
        "name": "人大会堂西路",
        "osm_way_id": "4593",
        "from_node_id": "191",
        "to_node_id": "13",
        "directed": "1",
        "geometry": "LINESTRING (116.38711 39.901435, 116.386888 39.901453)",
        "dir_flag": "1",
        "length": "19.04",
        "facility_type": "tertiary",
        "link_type": "5",
        "free_speed": "",
        "lanes": "",
        "capacity": "",
        "allowed_uses": "auto",
        "notes": "",
        "feature_type": "link"
      },
      "geometry": {
        "type": "LineString",
        "coordinates": [
          [
            116.38711,
            39.901435
          ],
          [
            116.386888,
            39.901453
          ]
        ]
      }
    },
    {
      "type": "Feature",
      "properties": {
        "link_id": "724",
        "name": "人大会堂西路",
        "osm_way_id": "4594",
        "from_node_id": "13",
        "to_node_id": "12",
        "directed": "1",
        "geometry": "LINESTRING (116.386888 39.901453, 116.386719 39.901488)",
        "dir_flag": "1",
        "length": "14.93",
        "facility_type": "tertiary",
        "link_type": "5",
        "free_speed": "",
        "lanes": "",
        "capacity": "",
        "allowed_uses": "auto",
        "notes": "",
        "feature_type": "link"
      },
      "geometry": {
        "type": "LineString",
        "coordinates": [
          [
            116.386888,
            39.901453
          ],
          [
            116.386719,
            39.901488
          ]
        ]
      }
    },
    {
      "type": "Feature",
      "properties": {
        "link_id": "725",
        "name": "人大会堂西路",
        "osm_way_id": "4594",
        "from_node_id": "12",
        "to_node_id": "13",
        "directed": "1",
        "geometry": "LINESTRING (116.386719 39.901488, 116.386888 39.901453)",
        "dir_flag": "1",
        "length": "14.93",
        "facility_type": "tertiary",
        "link_type": "5",
        "free_speed": "",
        "lanes": "",
        "capacity": "",
        "allowed_uses": "auto",
        "notes": "",
        "feature_type": "link"
      },
      "geometry": {
        "type": "LineString",
        "coordinates": [
          [
            116.386719,
            39.901488
          ],
          [
            116.386888,
            39.901453
          ]
        ]
      }
    },
    {
      "type": "Feature",
      "properties": {
        "link_id": "726",
        "name": "南河沿大街",
        "osm_way_id": "4733",
        "from_node_id": "98",
        "to_node_id": "91",
        "directed": "1",
        "geometry": "LINESTRING (116.400449 39.907491, 116.400504 39.908211)",
        "dir_flag": "1",
        "length": "80.20",
        "facility_type": "secondary",
        "link_type": "4",
        "free_speed": "",
        "lanes": "",
        "capacity": "",
        "allowed_uses": "auto",
        "notes": "",
        "feature_type": "link"
      },
      "geometry": {
        "type": "LineString",
        "coordinates": [
          [
            116.400449,
            39.907491
          ],
          [
            116.400504,
            39.908211
          ]
        ]
      }
    },
    {
      "type": "Feature",
      "properties": {
        "link_id": "727",
        "name": "南河沿大街",
        "osm_way_id": "4733",
        "from_node_id": "91",
        "to_node_id": "98",
        "directed": "1",
        "geometry": "LINESTRING (116.400504 39.908211, 116.400449 39.907491)",
        "dir_flag": "1",
        "length": "80.20",
        "facility_type": "secondary",
        "link_type": "4",
        "free_speed": "",
        "lanes": "",
        "capacity": "",
        "allowed_uses": "auto",
        "notes": "",
        "feature_type": "link"
      },
      "geometry": {
        "type": "LineString",
        "coordinates": [
          [
            116.400504,
            39.908211
          ],
          [
            116.400449,
            39.907491
          ]
        ]
      }
    },
    {
      "type": "Feature",
      "properties": {
        "link_id": "728",
        "name": "南河沿大街",
        "osm_way_id": "4734",
        "from_node_id": "98",
        "to_node_id": "26",
        "directed": "1",
        "geometry": "LINESTRING (116.400449 39.907491, 116.40043 39.907258)",
        "dir_flag": "1",
        "length": "25.96",
        "facility_type": "secondary",
        "link_type": "4",
        "free_speed": "",
        "lanes": "",
        "capacity": "",
        "allowed_uses": "auto",
        "notes": "",
        "feature_type": "link"
      },
      "geometry": {
        "type": "LineString",
        "coordinates": [
          [
            116.400449,
            39.907491
          ],
          [
            116.40043,
            39.907258
          ]
        ]
      }
    },
    {
      "type": "Feature",
      "properties": {
        "link_id": "729",
        "name": "南河沿大街",
        "osm_way_id": "4734",
        "from_node_id": "26",
        "to_node_id": "98",
        "directed": "1",
        "geometry": "LINESTRING (116.40043 39.907258, 116.400449 39.907491)",
        "dir_flag": "1",
        "length": "25.96",
        "facility_type": "secondary",
        "link_type": "4",
        "free_speed": "",
        "lanes": "",
        "capacity": "",
        "allowed_uses": "auto",
        "notes": "",
        "feature_type": "link"
      },
      "geometry": {
        "type": "LineString",
        "coordinates": [
          [
            116.40043,
            39.907258
          ],
          [
            116.400449,
            39.907491
          ]
        ]
      }
    },
    {
      "type": "Feature",
      "properties": {
        "link_id": "730",
        "name": "南池子大街",
        "osm_way_id": "4744",
        "from_node_id": "155",
        "to_node_id": "154",
        "directed": "1",
        "geometry": "LINESTRING (116.397048 39.907395, 116.397039 39.907574)",
        "dir_flag": "1",
        "length": "19.92",
        "facility_type": "tertiary",
        "link_type": "5",
        "free_speed": "",
        "lanes": "1",
        "capacity": "",
        "allowed_uses": "auto",
        "notes": "",
        "feature_type": "link"
      },
      "geometry": {
        "type": "LineString",
        "coordinates": [
          [
            116.397048,
            39.907395
          ],
          [
            116.397039,
            39.907574
          ]
        ]
      }
    },
    {
      "type": "Feature",
      "properties": {
        "link_id": "731",
        "name": "南池子大街",
        "osm_way_id": "4744",
        "from_node_id": "154",
        "to_node_id": "155",
        "directed": "1",
        "geometry": "LINESTRING (116.397039 39.907574, 116.397048 39.907395)",
        "dir_flag": "1",
        "length": "19.92",
        "facility_type": "tertiary",
        "link_type": "5",
        "free_speed": "",
        "lanes": "1",
        "capacity": "",
        "allowed_uses": "auto",
        "notes": "",
        "feature_type": "link"
      },
      "geometry": {
        "type": "LineString",
        "coordinates": [
          [
            116.397039,
            39.907574
          ],
          [
            116.397048,
            39.907395
          ]
        ]
      }
    },
    {
      "type": "Feature",
      "properties": {
        "link_id": "732",
        "name": "南池子大街",
        "osm_way_id": "4745",
        "from_node_id": "155",
        "to_node_id": "186",
        "directed": "1",
        "geometry": "LINESTRING (116.397048 39.907395, 116.397051 39.907336)",
        "dir_flag": "1",
        "length": "6.57",
        "facility_type": "tertiary",
        "link_type": "5",
        "free_speed": "",
        "lanes": "1",
        "capacity": "",
        "allowed_uses": "auto",
        "notes": "",
        "feature_type": "link"
      },
      "geometry": {
        "type": "LineString",
        "coordinates": [
          [
            116.397048,
            39.907395
          ],
          [
            116.397051,
            39.907336
          ]
        ]
      }
    },
    {
      "type": "Feature",
      "properties": {
        "link_id": "733",
        "name": "南池子大街",
        "osm_way_id": "4745",
        "from_node_id": "186",
        "to_node_id": "155",
        "directed": "1",
        "geometry": "LINESTRING (116.397051 39.907336, 116.397048 39.907395)",
        "dir_flag": "1",
        "length": "6.57",
        "facility_type": "tertiary",
        "link_type": "5",
        "free_speed": "",
        "lanes": "1",
        "capacity": "",
        "allowed_uses": "auto",
        "notes": "",
        "feature_type": "link"
      },
      "geometry": {
        "type": "LineString",
        "coordinates": [
          [
            116.397051,
            39.907336
          ],
          [
            116.397048,
            39.907395
          ]
        ]
      }
    },
    {
      "type": "Feature",
      "properties": {
        "link_id": "734",
        "name": "南池子大街",
        "osm_way_id": "4764",
        "from_node_id": "152",
        "to_node_id": "125",
        "directed": "1",
        "geometry": "LINESTRING (116.397023 39.907899, 116.397014 39.90807)",
        "dir_flag": "1",
        "length": "19.03",
        "facility_type": "tertiary",
        "link_type": "5",
        "free_speed": "",
        "lanes": "1",
        "capacity": "",
        "allowed_uses": "auto",
        "notes": "",
        "feature_type": "link"
      },
      "geometry": {
        "type": "LineString",
        "coordinates": [
          [
            116.397023,
            39.907899
          ],
          [
            116.397014,
            39.90807
          ]
        ]
      }
    },
    {
      "type": "Feature",
      "properties": {
        "link_id": "735",
        "name": "南池子大街",
        "osm_way_id": "4764",
        "from_node_id": "125",
        "to_node_id": "152",
        "directed": "1",
        "geometry": "LINESTRING (116.397014 39.90807, 116.397023 39.907899)",
        "dir_flag": "1",
        "length": "19.03",
        "facility_type": "tertiary",
        "link_type": "5",
        "free_speed": "",
        "lanes": "1",
        "capacity": "",
        "allowed_uses": "auto",
        "notes": "",
        "feature_type": "link"
      },
      "geometry": {
        "type": "LineString",
        "coordinates": [
          [
            116.397014,
            39.90807
          ],
          [
            116.397023,
            39.907899
          ]
        ]
      }
    },
    {
      "type": "Feature",
      "properties": {
        "link_id": "736",
        "name": "南池子大街",
        "osm_way_id": "4765",
        "from_node_id": "152",
        "to_node_id": "154",
        "directed": "1",
        "geometry": "LINESTRING (116.397023 39.907899, 116.397039 39.907574)",
        "dir_flag": "1",
        "length": "36.16",
        "facility_type": "tertiary",
        "link_type": "5",
        "free_speed": "",
        "lanes": "1",
        "capacity": "",
        "allowed_uses": "auto",
        "notes": "",
        "feature_type": "link"
      },
      "geometry": {
        "type": "LineString",
        "coordinates": [
          [
            116.397023,
            39.907899
          ],
          [
            116.397039,
            39.907574
          ]
        ]
      }
    },
    {
      "type": "Feature",
      "properties": {
        "link_id": "737",
        "name": "南池子大街",
        "osm_way_id": "4765",
        "from_node_id": "154",
        "to_node_id": "152",
        "directed": "1",
        "geometry": "LINESTRING (116.397039 39.907574, 116.397023 39.907899)",
        "dir_flag": "1",
        "length": "36.16",
        "facility_type": "tertiary",
        "link_type": "5",
        "free_speed": "",
        "lanes": "1",
        "capacity": "",
        "allowed_uses": "auto",
        "notes": "",
        "feature_type": "link"
      },
      "geometry": {
        "type": "LineString",
        "coordinates": [
          [
            116.397039,
            39.907574
          ],
          [
            116.397023,
            39.907899
          ]
        ]
      }
    },
    {
      "type": "Feature",
      "properties": {
        "link_id": "738",
        "name": "",
        "osm_way_id": "4815",
        "from_node_id": "266",
        "to_node_id": "4",
        "directed": "1",
        "geometry": "LINESTRING (116.393097 39.905897, 116.39308 39.906126)",
        "dir_flag": "1",
        "length": "25.50",
        "facility_type": "secondary",
        "link_type": "4",
        "free_speed": "",
        "lanes": "",
        "capacity": "",
        "allowed_uses": "auto",
        "notes": "",
        "feature_type": "link"
      },
      "geometry": {
        "type": "LineString",
        "coordinates": [
          [
            116.393097,
            39.905897
          ],
          [
            116.39308,
            39.906126
          ]
        ]
      }
    },
    {
      "type": "Feature",
      "properties": {
        "link_id": "739",
        "name": "广场西侧路",
        "osm_way_id": "4818",
        "from_node_id": "267",
        "to_node_id": "252",
        "directed": "1",
        "geometry": "LINESTRING (116.389456 39.90582, 116.389561 39.903611)",
        "dir_flag": "1",
        "length": "245.79",
        "facility_type": "secondary",
        "link_type": "4",
        "free_speed": "",
        "lanes": "",
        "capacity": "",
        "allowed_uses": "auto",
        "notes": "",
        "feature_type": "link"
      },
      "geometry": {
        "type": "LineString",
        "coordinates": [
          [
            116.389456,
            39.90582
          ],
          [
            116.389561,
            39.903611
          ]
        ]
      }
    },
    {
      "type": "Feature",
      "properties": {
        "link_id": "740",
        "name": "",
        "osm_way_id": "4826",
        "from_node_id": "60",
        "to_node_id": "227",
        "directed": "1",
        "geometry": "LINESTRING (116.397096 39.906522, 116.397014 39.906425)",
        "dir_flag": "1",
        "length": "12.86",
        "facility_type": "tertiary",
        "link_type": "5",
        "free_speed": "",
        "lanes": "",
        "capacity": "",
        "allowed_uses": "auto",
        "notes": "",
        "feature_type": "link"
      },
      "geometry": {
        "type": "LineString",
        "coordinates": [
          [
            116.397096,
            39.906522
          ],
          [
            116.397014,
            39.906425
          ]
        ]
      }
    },
    {
      "type": "Feature",
      "properties": {
        "link_id": "741",
        "name": "",
        "osm_way_id": "4826",
        "from_node_id": "227",
        "to_node_id": "60",
        "directed": "1",
        "geometry": "LINESTRING (116.397014 39.906425, 116.397096 39.906522)",
        "dir_flag": "1",
        "length": "12.86",
        "facility_type": "tertiary",
        "link_type": "5",
        "free_speed": "",
        "lanes": "",
        "capacity": "",
        "allowed_uses": "auto",
        "notes": "",
        "feature_type": "link"
      },
      "geometry": {
        "type": "LineString",
        "coordinates": [
          [
            116.397014,
            39.906425
          ],
          [
            116.397096,
            39.906522
          ]
        ]
      }
    },
    {
      "type": "Feature",
      "properties": {
        "link_id": "742",
        "name": "东长安街",
        "osm_way_id": "4827",
        "from_node_id": "60",
        "to_node_id": "268",
        "directed": "1",
        "geometry": "LINESTRING (116.397096 39.906522, 116.396605 39.906504)",
        "dir_flag": "1",
        "length": "41.93",
        "facility_type": "trunk",
        "link_type": "2",
        "free_speed": "",
        "lanes": "5",
        "capacity": "",
        "allowed_uses": "auto",
        "notes": "",
        "feature_type": "link"
      },
      "geometry": {
        "type": "LineString",
        "coordinates": [
          [
            116.397096,
            39.906522
          ],
          [
            116.396605,
            39.906504
          ]
        ]
      }
    },
    {
      "type": "Feature",
      "properties": {
        "link_id": "743",
        "name": "南池子大街",
        "osm_way_id": "4828",
        "from_node_id": "60",
        "to_node_id": "219",
        "directed": "1",
        "geometry": "LINESTRING (116.397096 39.906522, 116.397086 39.906728)",
        "dir_flag": "1",
        "length": "22.92",
        "facility_type": "tertiary",
        "link_type": "5",
        "free_speed": "",
        "lanes": "",
        "capacity": "",
        "allowed_uses": "auto",
        "notes": "",
        "feature_type": "link"
      },
      "geometry": {
        "type": "LineString",
        "coordinates": [
          [
            116.397096,
            39.906522
          ],
          [
            116.397086,
            39.906728
          ]
        ]
      }
    },
    {
      "type": "Feature",
      "properties": {
        "link_id": "744",
        "name": "南池子大街",
        "osm_way_id": "4828",
        "from_node_id": "219",
        "to_node_id": "60",
        "directed": "1",
        "geometry": "LINESTRING (116.397086 39.906728, 116.397096 39.906522)",
        "dir_flag": "1",
        "length": "22.92",
        "facility_type": "tertiary",
        "link_type": "5",
        "free_speed": "",
        "lanes": "",
        "capacity": "",
        "allowed_uses": "auto",
        "notes": "",
        "feature_type": "link"
      },
      "geometry": {
        "type": "LineString",
        "coordinates": [
          [
            116.397086,
            39.906728
          ],
          [
            116.397096,
            39.906522
          ]
        ]
      }
    },
    {
      "type": "Feature",
      "properties": {
        "link_id": "745",
        "name": "人大会堂西路",
        "osm_way_id": "4967",
        "from_node_id": "224",
        "to_node_id": "269",
        "directed": "1",
        "geometry": "LINESTRING (116.385483 39.904299, 116.38553 39.903301)",
        "dir_flag": "1",
        "length": "111.04",
        "facility_type": "tertiary",
        "link_type": "5",
        "free_speed": "",
        "lanes": "",
        "capacity": "",
        "allowed_uses": "auto",
        "notes": "",
        "feature_type": "link"
      },
      "geometry": {
        "type": "LineString",
        "coordinates": [
          [
            116.385483,
            39.904299
          ],
          [
            116.38553,
            39.903301
          ]
        ]
      }
    },
    {
      "type": "Feature",
      "properties": {
        "link_id": "746",
        "name": "人大会堂西路",
        "osm_way_id": "4967",
        "from_node_id": "269",
        "to_node_id": "224",
        "directed": "1",
        "geometry": "LINESTRING (116.38553 39.903301, 116.385483 39.904299)",
        "dir_flag": "1",
        "length": "111.04",
        "facility_type": "tertiary",
        "link_type": "5",
        "free_speed": "",
        "lanes": "",
        "capacity": "",
        "allowed_uses": "auto",
        "notes": "",
        "feature_type": "link"
      },
      "geometry": {
        "type": "LineString",
        "coordinates": [
          [
            116.38553,
            39.903301
          ],
          [
            116.385483,
            39.904299
          ]
        ]
      }
    },
    {
      "type": "Feature",
      "properties": {
        "link_id": "747",
        "name": "人大会堂西路",
        "osm_way_id": "4968",
        "from_node_id": "224",
        "to_node_id": "223",
        "directed": "1",
        "geometry": "LINESTRING (116.385483 39.904299, 116.38544 39.905208)",
        "dir_flag": "1",
        "length": "101.14",
        "facility_type": "tertiary",
        "link_type": "5",
        "free_speed": "",
        "lanes": "",
        "capacity": "",
        "allowed_uses": "auto",
        "notes": "",
        "feature_type": "link"
      },
      "geometry": {
        "type": "LineString",
        "coordinates": [
          [
            116.385483,
            39.904299
          ],
          [
            116.38544,
            39.905208
          ]
        ]
      }
    },
    {
      "type": "Feature",
      "properties": {
        "link_id": "748",
        "name": "人大会堂西路",
        "osm_way_id": "4968",
        "from_node_id": "223",
        "to_node_id": "224",
        "directed": "1",
        "geometry": "LINESTRING (116.38544 39.905208, 116.385483 39.904299)",
        "dir_flag": "1",
        "length": "101.14",
        "facility_type": "tertiary",
        "link_type": "5",
        "free_speed": "",
        "lanes": "",
        "capacity": "",
        "allowed_uses": "auto",
        "notes": "",
        "feature_type": "link"
      },
      "geometry": {
        "type": "LineString",
        "coordinates": [
          [
            116.38544,
            39.905208
          ],
          [
            116.385483,
            39.904299
          ]
        ]
      }
    },
    {
      "type": "Feature",
      "properties": {
        "link_id": "749",
        "name": "人大会堂西路",
        "osm_way_id": "5008",
        "from_node_id": "222",
        "to_node_id": "7",
        "directed": "1",
        "geometry": "LINESTRING (116.385576 39.90249, 116.38559 39.902168)",
        "dir_flag": "1",
        "length": "35.82",
        "facility_type": "tertiary",
        "link_type": "5",
        "free_speed": "",
        "lanes": "",
        "capacity": "",
        "allowed_uses": "auto",
        "notes": "",
        "feature_type": "link"
      },
      "geometry": {
        "type": "LineString",
        "coordinates": [
          [
            116.385576,
            39.90249
          ],
          [
            116.38559,
            39.902168
          ]
        ]
      }
    },
    {
      "type": "Feature",
      "properties": {
        "link_id": "750",
        "name": "人大会堂西路",
        "osm_way_id": "5008",
        "from_node_id": "7",
        "to_node_id": "222",
        "directed": "1",
        "geometry": "LINESTRING (116.38559 39.902168, 116.385576 39.90249)",
        "dir_flag": "1",
        "length": "35.82",
        "facility_type": "tertiary",
        "link_type": "5",
        "free_speed": "",
        "lanes": "",
        "capacity": "",
        "allowed_uses": "auto",
        "notes": "",
        "feature_type": "link"
      },
      "geometry": {
        "type": "LineString",
        "coordinates": [
          [
            116.38559,
            39.902168
          ],
          [
            116.385576,
            39.90249
          ]
        ]
      }
    },
    {
      "type": "Feature",
      "properties": {
        "link_id": "751",
        "name": "人大会堂西路",
        "osm_way_id": "5009",
        "from_node_id": "222",
        "to_node_id": "269",
        "directed": "1",
        "geometry": "LINESTRING (116.385576 39.90249, 116.38553 39.903301)",
        "dir_flag": "1",
        "length": "90.26",
        "facility_type": "tertiary",
        "link_type": "5",
        "free_speed": "",
        "lanes": "",
        "capacity": "",
        "allowed_uses": "auto",
        "notes": "",
        "feature_type": "link"
      },
      "geometry": {
        "type": "LineString",
        "coordinates": [
          [
            116.385576,
            39.90249
          ],
          [
            116.38553,
            39.903301
          ]
        ]
      }
    },
    {
      "type": "Feature",
      "properties": {
        "link_id": "752",
        "name": "人大会堂西路",
        "osm_way_id": "5009",
        "from_node_id": "269",
        "to_node_id": "222",
        "directed": "1",
        "geometry": "LINESTRING (116.38553 39.903301, 116.385576 39.90249)",
        "dir_flag": "1",
        "length": "90.26",
        "facility_type": "tertiary",
        "link_type": "5",
        "free_speed": "",
        "lanes": "",
        "capacity": "",
        "allowed_uses": "auto",
        "notes": "",
        "feature_type": "link"
      },
      "geometry": {
        "type": "LineString",
        "coordinates": [
          [
            116.38553,
            39.903301
          ],
          [
            116.385576,
            39.90249
          ]
        ]
      }
    },
    {
      "type": "Feature",
      "properties": {
        "link_id": "753",
        "name": "南河沿大街",
        "osm_way_id": "5144",
        "from_node_id": "163",
        "to_node_id": "165",
        "directed": "1",
        "geometry": "LINESTRING (116.400558 39.90982, 116.400567 39.910184)",
        "dir_flag": "1",
        "length": "40.48",
        "facility_type": "secondary",
        "link_type": "4",
        "free_speed": "",
        "lanes": "",
        "capacity": "",
        "allowed_uses": "auto",
        "notes": "",
        "feature_type": "link"
      },
      "geometry": {
        "type": "LineString",
        "coordinates": [
          [
            116.400558,
            39.90982
          ],
          [
            116.400567,
            39.910184
          ]
        ]
      }
    },
    {
      "type": "Feature",
      "properties": {
        "link_id": "754",
        "name": "南河沿大街",
        "osm_way_id": "5144",
        "from_node_id": "165",
        "to_node_id": "163",
        "directed": "1",
        "geometry": "LINESTRING (116.400567 39.910184, 116.400558 39.90982)",
        "dir_flag": "1",
        "length": "40.48",
        "facility_type": "secondary",
        "link_type": "4",
        "free_speed": "",
        "lanes": "",
        "capacity": "",
        "allowed_uses": "auto",
        "notes": "",
        "feature_type": "link"
      },
      "geometry": {
        "type": "LineString",
        "coordinates": [
          [
            116.400567,
            39.910184
          ],
          [
            116.400558,
            39.90982
          ]
        ]
      }
    },
    {
      "type": "Feature",
      "properties": {
        "link_id": "755",
        "name": "南河沿大街",
        "osm_way_id": "5145",
        "from_node_id": "163",
        "to_node_id": "161",
        "directed": "1",
        "geometry": "LINESTRING (116.400558 39.90982, 116.400568 39.90963)",
        "dir_flag": "1",
        "length": "21.14",
        "facility_type": "secondary",
        "link_type": "4",
        "free_speed": "",
        "lanes": "",
        "capacity": "",
        "allowed_uses": "auto",
        "notes": "",
        "feature_type": "link"
      },
      "geometry": {
        "type": "LineString",
        "coordinates": [
          [
            116.400558,
            39.90982
          ],
          [
            116.400568,
            39.90963
          ]
        ]
      }
    },
    {
      "type": "Feature",
      "properties": {
        "link_id": "756",
        "name": "南河沿大街",
        "osm_way_id": "5145",
        "from_node_id": "161",
        "to_node_id": "163",
        "directed": "1",
        "geometry": "LINESTRING (116.400568 39.90963, 116.400558 39.90982)",
        "dir_flag": "1",
        "length": "21.14",
        "facility_type": "secondary",
        "link_type": "4",
        "free_speed": "",
        "lanes": "",
        "capacity": "",
        "allowed_uses": "auto",
        "notes": "",
        "feature_type": "link"
      },
      "geometry": {
        "type": "LineString",
        "coordinates": [
          [
            116.400568,
            39.90963
          ],
          [
            116.400558,
            39.90982
          ]
        ]
      }
    },
    {
      "type": "Feature",
      "properties": {
        "link_id": "757",
        "name": "",
        "osm_way_id": "5325",
        "from_node_id": "159",
        "to_node_id": "156",
        "directed": "1",
        "geometry": "LINESTRING (116.402616 39.909284, 116.402621 39.909194)",
        "dir_flag": "1",
        "length": "10.02",
        "facility_type": "residential",
        "link_type": "6",
        "free_speed": "",
        "lanes": "",
        "capacity": "",
        "allowed_uses": "auto",
        "notes": "",
        "feature_type": "link"
      },
      "geometry": {
        "type": "LineString",
        "coordinates": [
          [
            116.402616,
            39.909284
          ],
          [
            116.402621,
            39.909194
          ]
        ]
      }
    },
    {
      "type": "Feature",
      "properties": {
        "link_id": "758",
        "name": "",
        "osm_way_id": "5325",
        "from_node_id": "156",
        "to_node_id": "159",
        "directed": "1",
        "geometry": "LINESTRING (116.402621 39.909194, 116.402616 39.909284)",
        "dir_flag": "1",
        "length": "10.02",
        "facility_type": "residential",
        "link_type": "6",
        "free_speed": "",
        "lanes": "",
        "capacity": "",
        "allowed_uses": "auto",
        "notes": "",
        "feature_type": "link"
      },
      "geometry": {
        "type": "LineString",
        "coordinates": [
          [
            116.402621,
            39.909194
          ],
          [
            116.402616,
            39.909284
          ]
        ]
      }
    },
    {
      "type": "Feature",
      "properties": {
        "link_id": "759",
        "name": "",
        "osm_way_id": "5326",
        "from_node_id": "159",
        "to_node_id": "205",
        "directed": "1",
        "geometry": "LINESTRING (116.402616 39.909284, 116.402589 39.909797)",
        "dir_flag": "1",
        "length": "57.09",
        "facility_type": "residential",
        "link_type": "6",
        "free_speed": "",
        "lanes": "",
        "capacity": "",
        "allowed_uses": "auto",
        "notes": "",
        "feature_type": "link"
      },
      "geometry": {
        "type": "LineString",
        "coordinates": [
          [
            116.402616,
            39.909284
          ],
          [
            116.402589,
            39.909797
          ]
        ]
      }
    },
    {
      "type": "Feature",
      "properties": {
        "link_id": "760",
        "name": "",
        "osm_way_id": "5326",
        "from_node_id": "205",
        "to_node_id": "159",
        "directed": "1",
        "geometry": "LINESTRING (116.402589 39.909797, 116.402616 39.909284)",
        "dir_flag": "1",
        "length": "57.09",
        "facility_type": "residential",
        "link_type": "6",
        "free_speed": "",
        "lanes": "",
        "capacity": "",
        "allowed_uses": "auto",
        "notes": "",
        "feature_type": "link"
      },
      "geometry": {
        "type": "LineString",
        "coordinates": [
          [
            116.402589,
            39.909797
          ],
          [
            116.402616,
            39.909284
          ]
        ]
      }
    },
    {
      "type": "Feature",
      "properties": {
        "link_id": "761",
        "name": "南口袋胡同",
        "osm_way_id": "5329",
        "from_node_id": "160",
        "to_node_id": "170",
        "directed": "1",
        "geometry": "LINESTRING (116.402431 39.90919, 116.401195 39.909163)",
        "dir_flag": "1",
        "length": "105.47",
        "facility_type": "residential",
        "link_type": "6",
        "free_speed": "",
        "lanes": "",
        "capacity": "",
        "allowed_uses": "auto",
        "notes": "",
        "feature_type": "link"
      },
      "geometry": {
        "type": "LineString",
        "coordinates": [
          [
            116.402431,
            39.90919
          ],
          [
            116.401195,
            39.909163
          ]
        ]
      }
    },
    {
      "type": "Feature",
      "properties": {
        "link_id": "762",
        "name": "南口袋胡同",
        "osm_way_id": "5329",
        "from_node_id": "170",
        "to_node_id": "160",
        "directed": "1",
        "geometry": "LINESTRING (116.401195 39.909163, 116.402431 39.90919)",
        "dir_flag": "1",
        "length": "105.47",
        "facility_type": "residential",
        "link_type": "6",
        "free_speed": "",
        "lanes": "",
        "capacity": "",
        "allowed_uses": "auto",
        "notes": "",
        "feature_type": "link"
      },
      "geometry": {
        "type": "LineString",
        "coordinates": [
          [
            116.401195,
            39.909163
          ],
          [
            116.402431,
            39.90919
          ]
        ]
      }
    },
    {
      "type": "Feature",
      "properties": {
        "link_id": "763",
        "name": "南口袋胡同",
        "osm_way_id": "5330",
        "from_node_id": "160",
        "to_node_id": "156",
        "directed": "1",
        "geometry": "LINESTRING (116.402431 39.90919, 116.402621 39.909194)",
        "dir_flag": "1",
        "length": "16.21",
        "facility_type": "residential",
        "link_type": "6",
        "free_speed": "",
        "lanes": "",
        "capacity": "",
        "allowed_uses": "auto",
        "notes": "",
        "feature_type": "link"
      },
      "geometry": {
        "type": "LineString",
        "coordinates": [
          [
            116.402431,
            39.90919
          ],
          [
            116.402621,
            39.909194
          ]
        ]
      }
    },
    {
      "type": "Feature",
      "properties": {
        "link_id": "764",
        "name": "南口袋胡同",
        "osm_way_id": "5330",
        "from_node_id": "156",
        "to_node_id": "160",
        "directed": "1",
        "geometry": "LINESTRING (116.402621 39.909194, 116.402431 39.90919)",
        "dir_flag": "1",
        "length": "16.21",
        "facility_type": "residential",
        "link_type": "6",
        "free_speed": "",
        "lanes": "",
        "capacity": "",
        "allowed_uses": "auto",
        "notes": "",
        "feature_type": "link"
      },
      "geometry": {
        "type": "LineString",
        "coordinates": [
          [
            116.402621,
            39.909194
          ],
          [
            116.402431,
            39.90919
          ]
        ]
      }
    },
    {
      "type": "Feature",
      "properties": {
        "link_id": "765",
        "name": "大纱帽胡同",
        "osm_way_id": "5333",
        "from_node_id": "157",
        "to_node_id": "156",
        "directed": "1",
        "geometry": "LINESTRING (116.402752 39.909188, 116.402621 39.909194)",
        "dir_flag": "1",
        "length": "11.19",
        "facility_type": "residential",
        "link_type": "6",
        "free_speed": "",
        "lanes": "",
        "capacity": "",
        "allowed_uses": "auto",
        "notes": "",
        "feature_type": "link"
      },
      "geometry": {
        "type": "LineString",
        "coordinates": [
          [
            116.402752,
            39.909188
          ],
          [
            116.402621,
            39.909194
          ]
        ]
      }
    },
    {
      "type": "Feature",
      "properties": {
        "link_id": "766",
        "name": "大纱帽胡同",
        "osm_way_id": "5333",
        "from_node_id": "156",
        "to_node_id": "157",
        "directed": "1",
        "geometry": "LINESTRING (116.402621 39.909194, 116.402752 39.909188)",
        "dir_flag": "1",
        "length": "11.19",
        "facility_type": "residential",
        "link_type": "6",
        "free_speed": "",
        "lanes": "",
        "capacity": "",
        "allowed_uses": "auto",
        "notes": "",
        "feature_type": "link"
      },
      "geometry": {
        "type": "LineString",
        "coordinates": [
          [
            116.402621,
            39.909194
          ],
          [
            116.402752,
            39.909188
          ]
        ]
      }
    },
    {
      "type": "Feature",
      "properties": {
        "link_id": "767",
        "name": "大甜水井胡同",
        "osm_way_id": "5336",
        "from_node_id": "270",
        "to_node_id": "51",
        "directed": "1",
        "geometry": "LINESTRING (116.402314 39.910627, 116.401128 39.910669)",
        "dir_flag": "1",
        "length": "101.26",
        "facility_type": "residential",
        "link_type": "6",
        "free_speed": "",
        "lanes": "",
        "capacity": "",
        "allowed_uses": "auto",
        "notes": "",
        "feature_type": "link"
      },
      "geometry": {
        "type": "LineString",
        "coordinates": [
          [
            116.402314,
            39.910627
          ],
          [
            116.401128,
            39.910669
          ]
        ]
      }
    },
    {
      "type": "Feature",
      "properties": {
        "link_id": "768",
        "name": "大甜水井胡同",
        "osm_way_id": "5336",
        "from_node_id": "51",
        "to_node_id": "270",
        "directed": "1",
        "geometry": "LINESTRING (116.401128 39.910669, 116.402314 39.910627)",
        "dir_flag": "1",
        "length": "101.26",
        "facility_type": "residential",
        "link_type": "6",
        "free_speed": "",
        "lanes": "",
        "capacity": "",
        "allowed_uses": "auto",
        "notes": "",
        "feature_type": "link"
      },
      "geometry": {
        "type": "LineString",
        "coordinates": [
          [
            116.401128,
            39.910669
          ],
          [
            116.402314,
            39.910627
          ]
        ]
      }
    },
    {
      "type": "Feature",
      "properties": {
        "link_id": "769",
        "name": "大甜水井胡同",
        "osm_way_id": "5337",
        "from_node_id": "51",
        "to_node_id": "270",
        "directed": "1",
        "geometry": "LINESTRING (116.401128 39.910669, 116.402314 39.910627)",
        "dir_flag": "1",
        "length": "101.26",
        "facility_type": "residential",
        "link_type": "6",
        "free_speed": "",
        "lanes": "",
        "capacity": "",
        "allowed_uses": "auto",
        "notes": "",
        "feature_type": "link"
      },
      "geometry": {
        "type": "LineString",
        "coordinates": [
          [
            116.401128,
            39.910669
          ],
          [
            116.402314,
            39.910627
          ]
        ]
      }
    },
    {
      "type": "Feature",
      "properties": {
        "link_id": "770",
        "name": "大甜水井胡同",
        "osm_way_id": "5337",
        "from_node_id": "270",
        "to_node_id": "51",
        "directed": "1",
        "geometry": "LINESTRING (116.402314 39.910627, 116.401128 39.910669)",
        "dir_flag": "1",
        "length": "101.26",
        "facility_type": "residential",
        "link_type": "6",
        "free_speed": "",
        "lanes": "",
        "capacity": "",
        "allowed_uses": "auto",
        "notes": "",
        "feature_type": "link"
      },
      "geometry": {
        "type": "LineString",
        "coordinates": [
          [
            116.402314,
            39.910627
          ],
          [
            116.401128,
            39.910669
          ]
        ]
      }
    },
    {
      "type": "Feature",
      "properties": {
        "link_id": "771",
        "name": "大甜水井胡同",
        "osm_way_id": "5338",
        "from_node_id": "51",
        "to_node_id": "48",
        "directed": "1",
        "geometry": "LINESTRING (116.401128 39.910669, 116.401054 39.910673)",
        "dir_flag": "1",
        "length": "6.33",
        "facility_type": "residential",
        "link_type": "6",
        "free_speed": "",
        "lanes": "",
        "capacity": "",
        "allowed_uses": "auto",
        "notes": "",
        "feature_type": "link"
      },
      "geometry": {
        "type": "LineString",
        "coordinates": [
          [
            116.401128,
            39.910669
          ],
          [
            116.401054,
            39.910673
          ]
        ]
      }
    },
    {
      "type": "Feature",
      "properties": {
        "link_id": "772",
        "name": "大甜水井胡同",
        "osm_way_id": "5338",
        "from_node_id": "48",
        "to_node_id": "51",
        "directed": "1",
        "geometry": "LINESTRING (116.401054 39.910673, 116.401128 39.910669)",
        "dir_flag": "1",
        "length": "6.33",
        "facility_type": "residential",
        "link_type": "6",
        "free_speed": "",
        "lanes": "",
        "capacity": "",
        "allowed_uses": "auto",
        "notes": "",
        "feature_type": "link"
      },
      "geometry": {
        "type": "LineString",
        "coordinates": [
          [
            116.401054,
            39.910673
          ],
          [
            116.401128,
            39.910669
          ]
        ]
      }
    },
    {
      "type": "Feature",
      "properties": {
        "link_id": "773",
        "name": "南河沿大街",
        "osm_way_id": "5339",
        "from_node_id": "31",
        "to_node_id": "28",
        "directed": "1",
        "geometry": "LINESTRING (116.400577 39.910729, 116.400542 39.911615)",
        "dir_flag": "1",
        "length": "98.56",
        "facility_type": "secondary",
        "link_type": "4",
        "free_speed": "",
        "lanes": "",
        "capacity": "",
        "allowed_uses": "auto",
        "notes": "",
        "feature_type": "link"
      },
      "geometry": {
        "type": "LineString",
        "coordinates": [
          [
            116.400577,
            39.910729
          ],
          [
            116.400542,
            39.911615
          ]
        ]
      }
    },
    {
      "type": "Feature",
      "properties": {
        "link_id": "774",
        "name": "南河沿大街",
        "osm_way_id": "5339",
        "from_node_id": "28",
        "to_node_id": "31",
        "directed": "1",
        "geometry": "LINESTRING (116.400542 39.911615, 116.400577 39.910729)",
        "dir_flag": "1",
        "length": "98.56",
        "facility_type": "secondary",
        "link_type": "4",
        "free_speed": "",
        "lanes": "",
        "capacity": "",
        "allowed_uses": "auto",
        "notes": "",
        "feature_type": "link"
      },
      "geometry": {
        "type": "LineString",
        "coordinates": [
          [
            116.400542,
            39.911615
          ],
          [
            116.400577,
            39.910729
          ]
        ]
      }
    },
    {
      "type": "Feature",
      "properties": {
        "link_id": "775",
        "name": "南河沿大街",
        "osm_way_id": "5340",
        "from_node_id": "31",
        "to_node_id": "52",
        "directed": "1",
        "geometry": "LINESTRING (116.400577 39.910729, 116.400572 39.910653)",
        "dir_flag": "1",
        "length": "8.46",
        "facility_type": "secondary",
        "link_type": "4",
        "free_speed": "",
        "lanes": "",
        "capacity": "",
        "allowed_uses": "auto",
        "notes": "",
        "feature_type": "link"
      },
      "geometry": {
        "type": "LineString",
        "coordinates": [
          [
            116.400577,
            39.910729
          ],
          [
            116.400572,
            39.910653
          ]
        ]
      }
    },
    {
      "type": "Feature",
      "properties": {
        "link_id": "776",
        "name": "南河沿大街",
        "osm_way_id": "5340",
        "from_node_id": "52",
        "to_node_id": "31",
        "directed": "1",
        "geometry": "LINESTRING (116.400572 39.910653, 116.400577 39.910729)",
        "dir_flag": "1",
        "length": "8.46",
        "facility_type": "secondary",
        "link_type": "4",
        "free_speed": "",
        "lanes": "",
        "capacity": "",
        "allowed_uses": "auto",
        "notes": "",
        "feature_type": "link"
      },
      "geometry": {
        "type": "LineString",
        "coordinates": [
          [
            116.400572,
            39.910653
          ],
          [
            116.400577,
            39.910729
          ]
        ]
      }
    },
    {
      "type": "Feature",
      "properties": {
        "link_id": "777",
        "name": "东皇城门南街",
        "osm_way_id": "5341",
        "from_node_id": "53",
        "to_node_id": "271",
        "directed": "1",
        "geometry": "LINESTRING (116.400708 39.910656, 116.400956 39.910666)",
        "dir_flag": "1",
        "length": "21.18",
        "facility_type": "unclassified",
        "link_type": "20",
        "free_speed": "",
        "lanes": "",
        "capacity": "",
        "allowed_uses": "auto",
        "notes": "",
        "feature_type": "link"
      },
      "geometry": {
        "type": "LineString",
        "coordinates": [
          [
            116.400708,
            39.910656
          ],
          [
            116.400956,
            39.910666
          ]
        ]
      }
    },
    {
      "type": "Feature",
      "properties": {
        "link_id": "778",
        "name": "东皇城门南街",
        "osm_way_id": "5342",
        "from_node_id": "271",
        "to_node_id": "48",
        "directed": "1",
        "geometry": "LINESTRING (116.400956 39.910666, 116.401054 39.910673)",
        "dir_flag": "1",
        "length": "8.39",
        "facility_type": "unclassified",
        "link_type": "20",
        "free_speed": "",
        "lanes": "",
        "capacity": "",
        "allowed_uses": "auto",
        "notes": "",
        "feature_type": "link"
      },
      "geometry": {
        "type": "LineString",
        "coordinates": [
          [
            116.400956,
            39.910666
          ],
          [
            116.401054,
            39.910673
          ]
        ]
      }
    },
    {
      "type": "Feature",
      "properties": {
        "link_id": "779",
        "name": "晨光街",
        "osm_way_id": "5343",
        "from_node_id": "50",
        "to_node_id": "29",
        "directed": "1",
        "geometry": "LINESTRING (116.401051 39.910772, 116.40104 39.91163)",
        "dir_flag": "1",
        "length": "95.41",
        "facility_type": "unclassified",
        "link_type": "20",
        "free_speed": "",
        "lanes": "",
        "capacity": "",
        "allowed_uses": "auto",
        "notes": "",
        "feature_type": "link"
      },
      "geometry": {
        "type": "LineString",
        "coordinates": [
          [
            116.401051,
            39.910772
          ],
          [
            116.40104,
            39.91163
          ]
        ]
      }
    },
    {
      "type": "Feature",
      "properties": {
        "link_id": "780",
        "name": "晨光街",
        "osm_way_id": "5344",
        "from_node_id": "49",
        "to_node_id": "48",
        "directed": "1",
        "geometry": "LINESTRING (116.401057 39.91058, 116.401054 39.910673)",
        "dir_flag": "1",
        "length": "10.34",
        "facility_type": "residential",
        "link_type": "6",
        "free_speed": "",
        "lanes": "",
        "capacity": "",
        "allowed_uses": "auto",
        "notes": "",
        "feature_type": "link"
      },
      "geometry": {
        "type": "LineString",
        "coordinates": [
          [
            116.401057,
            39.91058
          ],
          [
            116.401054,
            39.910673
          ]
        ]
      }
    },
    {
      "type": "Feature",
      "properties": {
        "link_id": "781",
        "name": "晨光街",
        "osm_way_id": "5344",
        "from_node_id": "48",
        "to_node_id": "49",
        "directed": "1",
        "geometry": "LINESTRING (116.401054 39.910673, 116.401057 39.91058)",
        "dir_flag": "1",
        "length": "10.34",
        "facility_type": "residential",
        "link_type": "6",
        "free_speed": "",
        "lanes": "",
        "capacity": "",
        "allowed_uses": "auto",
        "notes": "",
        "feature_type": "link"
      },
      "geometry": {
        "type": "LineString",
        "coordinates": [
          [
            116.401054,
            39.910673
          ],
          [
            116.401057,
            39.91058
          ]
        ]
      }
    },
    {
      "type": "Feature",
      "properties": {
        "link_id": "782",
        "name": "晨光街",
        "osm_way_id": "5345",
        "from_node_id": "49",
        "to_node_id": "166",
        "directed": "1",
        "geometry": "LINESTRING (116.401057 39.91058, 116.401076 39.910184)",
        "dir_flag": "1",
        "length": "44.06",
        "facility_type": "residential",
        "link_type": "6",
        "free_speed": "",
        "lanes": "",
        "capacity": "",
        "allowed_uses": "auto",
        "notes": "",
        "feature_type": "link"
      },
      "geometry": {
        "type": "LineString",
        "coordinates": [
          [
            116.401057,
            39.91058
          ],
          [
            116.401076,
            39.910184
          ]
        ]
      }
    },
    {
      "type": "Feature",
      "properties": {
        "link_id": "783",
        "name": "晨光街",
        "osm_way_id": "5345",
        "from_node_id": "166",
        "to_node_id": "49",
        "directed": "1",
        "geometry": "LINESTRING (116.401076 39.910184, 116.401057 39.91058)",
        "dir_flag": "1",
        "length": "44.06",
        "facility_type": "residential",
        "link_type": "6",
        "free_speed": "",
        "lanes": "",
        "capacity": "",
        "allowed_uses": "auto",
        "notes": "",
        "feature_type": "link"
      },
      "geometry": {
        "type": "LineString",
        "coordinates": [
          [
            116.401076,
            39.910184
          ],
          [
            116.401057,
            39.91058
          ]
        ]
      }
    },
    {
      "type": "Feature",
      "properties": {
        "link_id": "784",
        "name": "南口袋胡同",
        "osm_way_id": "5346",
        "from_node_id": "170",
        "to_node_id": "168",
        "directed": "1",
        "geometry": "LINESTRING (116.401195 39.909163, 116.401096 39.909165)",
        "dir_flag": "1",
        "length": "8.45",
        "facility_type": "residential",
        "link_type": "6",
        "free_speed": "",
        "lanes": "",
        "capacity": "",
        "allowed_uses": "auto",
        "notes": "",
        "feature_type": "link"
      },
      "geometry": {
        "type": "LineString",
        "coordinates": [
          [
            116.401195,
            39.909163
          ],
          [
            116.401096,
            39.909165
          ]
        ]
      }
    },
    {
      "type": "Feature",
      "properties": {
        "link_id": "785",
        "name": "南口袋胡同",
        "osm_way_id": "5346",
        "from_node_id": "168",
        "to_node_id": "170",
        "directed": "1",
        "geometry": "LINESTRING (116.401096 39.909165, 116.401195 39.909163)",
        "dir_flag": "1",
        "length": "8.45",
        "facility_type": "residential",
        "link_type": "6",
        "free_speed": "",
        "lanes": "",
        "capacity": "",
        "allowed_uses": "auto",
        "notes": "",
        "feature_type": "link"
      },
      "geometry": {
        "type": "LineString",
        "coordinates": [
          [
            116.401096,
            39.909165
          ],
          [
            116.401195,
            39.909163
          ]
        ]
      }
    },
    {
      "type": "Feature",
      "properties": {
        "link_id": "786",
        "name": "南口袋胡同",
        "osm_way_id": "5347",
        "from_node_id": "170",
        "to_node_id": "160",
        "directed": "1",
        "geometry": "LINESTRING (116.401195 39.909163, 116.402431 39.90919)",
        "dir_flag": "1",
        "length": "105.47",
        "facility_type": "residential",
        "link_type": "6",
        "free_speed": "",
        "lanes": "",
        "capacity": "",
        "allowed_uses": "auto",
        "notes": "",
        "feature_type": "link"
      },
      "geometry": {
        "type": "LineString",
        "coordinates": [
          [
            116.401195,
            39.909163
          ],
          [
            116.402431,
            39.90919
          ]
        ]
      }
    },
    {
      "type": "Feature",
      "properties": {
        "link_id": "787",
        "name": "南口袋胡同",
        "osm_way_id": "5347",
        "from_node_id": "160",
        "to_node_id": "170",
        "directed": "1",
        "geometry": "LINESTRING (116.402431 39.90919, 116.401195 39.909163)",
        "dir_flag": "1",
        "length": "105.47",
        "facility_type": "residential",
        "link_type": "6",
        "free_speed": "",
        "lanes": "",
        "capacity": "",
        "allowed_uses": "auto",
        "notes": "",
        "feature_type": "link"
      },
      "geometry": {
        "type": "LineString",
        "coordinates": [
          [
            116.402431,
            39.90919
          ],
          [
            116.401195,
            39.909163
          ]
        ]
      }
    },
    {
      "type": "Feature",
      "properties": {
        "link_id": "788",
        "name": "西长安街",
        "osm_way_id": "5573",
        "from_node_id": "201",
        "to_node_id": "220",
        "directed": "1",
        "geometry": "LINESTRING (116.38555 39.905897, 116.386644 39.905923)",
        "dir_flag": "1",
        "length": "93.36",
        "facility_type": "trunk",
        "link_type": "2",
        "free_speed": "",
        "lanes": "",
        "capacity": "",
        "allowed_uses": "auto",
        "notes": "",
        "feature_type": "link"
      },
      "geometry": {
        "type": "LineString",
        "coordinates": [
          [
            116.38555,
            39.905897
          ],
          [
            116.386644,
            39.905923
          ]
        ]
      }
    },
    {
      "type": "Feature",
      "properties": {
        "link_id": "789",
        "name": "人大会堂西路",
        "osm_way_id": "5574",
        "from_node_id": "201",
        "to_node_id": "199",
        "directed": "1",
        "geometry": "LINESTRING (116.38555 39.905897, 116.38543 39.905693)",
        "dir_flag": "1",
        "length": "24.89",
        "facility_type": "tertiary",
        "link_type": "5",
        "free_speed": "",
        "lanes": "",
        "capacity": "",
        "allowed_uses": "auto",
        "notes": "",
        "feature_type": "link"
      },
      "geometry": {
        "type": "LineString",
        "coordinates": [
          [
            116.38555,
            39.905897
          ],
          [
            116.38543,
            39.905693
          ]
        ]
      }
    },
    {
      "type": "Feature",
      "properties": {
        "link_id": "790",
        "name": "人大会堂西路",
        "osm_way_id": "5574",
        "from_node_id": "199",
        "to_node_id": "201",
        "directed": "1",
        "geometry": "LINESTRING (116.38543 39.905693, 116.38555 39.905897)",
        "dir_flag": "1",
        "length": "24.89",
        "facility_type": "tertiary",
        "link_type": "5",
        "free_speed": "",
        "lanes": "",
        "capacity": "",
        "allowed_uses": "auto",
        "notes": "",
        "feature_type": "link"
      },
      "geometry": {
        "type": "LineString",
        "coordinates": [
          [
            116.38543,
            39.905693
          ],
          [
            116.38555,
            39.905897
          ]
        ]
      }
    },
    {
      "type": "Feature",
      "properties": {
        "link_id": "791",
        "name": "南长街",
        "osm_way_id": "5575",
        "from_node_id": "201",
        "to_node_id": "64",
        "directed": "1",
        "geometry": "LINESTRING (116.38555 39.905897, 116.385634 39.906142)",
        "dir_flag": "1",
        "length": "28.17",
        "facility_type": "tertiary",
        "link_type": "5",
        "free_speed": "",
        "lanes": "",
        "capacity": "",
        "allowed_uses": "auto",
        "notes": "",
        "feature_type": "link"
      },
      "geometry": {
        "type": "LineString",
        "coordinates": [
          [
            116.38555,
            39.905897
          ],
          [
            116.385634,
            39.906142
          ]
        ]
      }
    },
    {
      "type": "Feature",
      "properties": {
        "link_id": "792",
        "name": "南长街",
        "osm_way_id": "5575",
        "from_node_id": "64",
        "to_node_id": "201",
        "directed": "1",
        "geometry": "LINESTRING (116.385634 39.906142, 116.38555 39.905897)",
        "dir_flag": "1",
        "length": "28.17",
        "facility_type": "tertiary",
        "link_type": "5",
        "free_speed": "",
        "lanes": "",
        "capacity": "",
        "allowed_uses": "auto",
        "notes": "",
        "feature_type": "link"
      },
      "geometry": {
        "type": "LineString",
        "coordinates": [
          [
            116.385634,
            39.906142
          ],
          [
            116.38555,
            39.905897
          ]
        ]
      }
    },
    {
      "type": "Feature",
      "properties": {
        "link_id": "793",
        "name": "西长安街",
        "osm_way_id": "5577",
        "from_node_id": "207",
        "to_node_id": "201",
        "directed": "1",
        "geometry": "LINESTRING (116.385121 39.905886, 116.38555 39.905897)",
        "dir_flag": "1",
        "length": "36.61",
        "facility_type": "trunk",
        "link_type": "2",
        "free_speed": "",
        "lanes": "",
        "capacity": "",
        "allowed_uses": "auto",
        "notes": "",
        "feature_type": "link"
      },
      "geometry": {
        "type": "LineString",
        "coordinates": [
          [
            116.385121,
            39.905886
          ],
          [
            116.38555,
            39.905897
          ]
        ]
      }
    },
    {
      "type": "Feature",
      "properties": {
        "link_id": "794",
        "name": "东长安街",
        "osm_way_id": "5611",
        "from_node_id": "272",
        "to_node_id": "273",
        "directed": "1",
        "geometry": "LINESTRING (116.396658 39.906245, 116.396682 39.906247)",
        "dir_flag": "1",
        "length": "2.06",
        "facility_type": "trunk",
        "link_type": "2",
        "free_speed": "",
        "lanes": "",
        "capacity": "",
        "allowed_uses": "auto",
        "notes": "",
        "feature_type": "link"
      },
      "geometry": {
        "type": "LineString",
        "coordinates": [
          [
            116.396658,
            39.906245
          ],
          [
            116.396682,
            39.906247
          ]
        ]
      }
    },
    {
      "type": "Feature",
      "properties": {
        "link_id": "795",
        "name": "",
        "osm_way_id": "5612",
        "from_node_id": "58",
        "to_node_id": "2",
        "directed": "1",
        "geometry": "LINESTRING (116.38943 39.90626, 116.389446 39.906016)",
        "dir_flag": "1",
        "length": "27.17",
        "facility_type": "secondary",
        "link_type": "4",
        "free_speed": "",
        "lanes": "",
        "capacity": "",
        "allowed_uses": "auto",
        "notes": "",
        "feature_type": "link"
      },
      "geometry": {
        "type": "LineString",
        "coordinates": [
          [
            116.38943,
            39.90626
          ],
          [
            116.389446,
            39.906016
          ]
        ]
      }
    },
    {
      "type": "Feature",
      "properties": {
        "link_id": "796",
        "name": "西长安街",
        "osm_way_id": "5613",
        "from_node_id": "58",
        "to_node_id": "274",
        "directed": "1",
        "geometry": "LINESTRING (116.38943 39.90626, 116.388923 39.906245)",
        "dir_flag": "1",
        "length": "43.28",
        "facility_type": "trunk",
        "link_type": "2",
        "free_speed": "70",
        "lanes": "5",
        "capacity": "",
        "allowed_uses": "auto",
        "notes": "",
        "feature_type": "link"
      },
      "geometry": {
        "type": "LineString",
        "coordinates": [
          [
            116.38943,
            39.90626
          ],
          [
            116.388923,
            39.906245
          ]
        ]
      }
    },
    {
      "type": "Feature",
      "properties": {
        "link_id": "797",
        "name": "西长安街",
        "osm_way_id": "5614",
        "from_node_id": "2",
        "to_node_id": "275",
        "directed": "1",
        "geometry": "LINESTRING (116.389446 39.906016, 116.389865 39.906028)",
        "dir_flag": "1",
        "length": "35.76",
        "facility_type": "trunk",
        "link_type": "2",
        "free_speed": "",
        "lanes": "",
        "capacity": "",
        "allowed_uses": "auto",
        "notes": "",
        "feature_type": "link"
      },
      "geometry": {
        "type": "LineString",
        "coordinates": [
          [
            116.389446,
            39.906016
          ],
          [
            116.389865,
            39.906028
          ]
        ]
      }
    },
    {
      "type": "Feature",
      "properties": {
        "link_id": "798",
        "name": "广场西侧路",
        "osm_way_id": "5615",
        "from_node_id": "2",
        "to_node_id": "267",
        "directed": "1",
        "geometry": "LINESTRING (116.389446 39.906016, 116.389456 39.90582)",
        "dir_flag": "1",
        "length": "21.81",
        "facility_type": "secondary",
        "link_type": "4",
        "free_speed": "",
        "lanes": "",
        "capacity": "",
        "allowed_uses": "auto",
        "notes": "",
        "feature_type": "link"
      },
      "geometry": {
        "type": "LineString",
        "coordinates": [
          [
            116.389446,
            39.906016
          ],
          [
            116.389456,
            39.90582
          ]
        ]
      }
    },
    {
      "type": "Feature",
      "properties": {
        "link_id": "799",
        "name": "",
        "osm_way_id": "5616",
        "from_node_id": "228",
        "to_node_id": "227",
        "directed": "1",
        "geometry": "LINESTRING (116.396866 39.906276, 116.397014 39.906425)",
        "dir_flag": "1",
        "length": "20.83",
        "facility_type": "tertiary",
        "link_type": "5",
        "free_speed": "",
        "lanes": "",
        "capacity": "",
        "allowed_uses": "auto",
        "notes": "",
        "feature_type": "link"
      },
      "geometry": {
        "type": "LineString",
        "coordinates": [
          [
            116.396866,
            39.906276
          ],
          [
            116.397014,
            39.906425
          ]
        ]
      }
    },
    {
      "type": "Feature",
      "properties": {
        "link_id": "800",
        "name": "",
        "osm_way_id": "5616",
        "from_node_id": "227",
        "to_node_id": "228",
        "directed": "1",
        "geometry": "LINESTRING (116.397014 39.906425, 116.396866 39.906276)",
        "dir_flag": "1",
        "length": "20.83",
        "facility_type": "tertiary",
        "link_type": "5",
        "free_speed": "",
        "lanes": "",
        "capacity": "",
        "allowed_uses": "auto",
        "notes": "",
        "feature_type": "link"
      },
      "geometry": {
        "type": "LineString",
        "coordinates": [
          [
            116.397014,
            39.906425
          ],
          [
            116.396866,
            39.906276
          ]
        ]
      }
    },
    {
      "type": "Feature",
      "properties": {
        "link_id": "801",
        "name": "东长安街",
        "osm_way_id": "5617",
        "from_node_id": "228",
        "to_node_id": "262",
        "directed": "1",
        "geometry": "LINESTRING (116.396866 39.906276, 116.397139 39.906315)",
        "dir_flag": "1",
        "length": "23.69",
        "facility_type": "trunk",
        "link_type": "2",
        "free_speed": "",
        "lanes": "",
        "capacity": "",
        "allowed_uses": "auto",
        "notes": "",
        "feature_type": "link"
      },
      "geometry": {
        "type": "LineString",
        "coordinates": [
          [
            116.396866,
            39.906276
          ],
          [
            116.397139,
            39.906315
          ]
        ]
      }
    },
    {
      "type": "Feature",
      "properties": {
        "link_id": "802",
        "name": "东长安街",
        "osm_way_id": "5619",
        "from_node_id": "4",
        "to_node_id": "276",
        "directed": "1",
        "geometry": "LINESTRING (116.39308 39.906126, 116.393709 39.906147)",
        "dir_flag": "1",
        "length": "53.70",
        "facility_type": "trunk",
        "link_type": "2",
        "free_speed": "",
        "lanes": "",
        "capacity": "",
        "allowed_uses": "auto",
        "notes": "",
        "feature_type": "link"
      },
      "geometry": {
        "type": "LineString",
        "coordinates": [
          [
            116.39308,
            39.906126
          ],
          [
            116.393709,
            39.906147
          ]
        ]
      }
    },
    {
      "type": "Feature",
      "properties": {
        "link_id": "803",
        "name": "",
        "osm_way_id": "5620",
        "from_node_id": "4",
        "to_node_id": "66",
        "directed": "1",
        "geometry": "LINESTRING (116.39308 39.906126, 116.39307 39.906373)",
        "dir_flag": "1",
        "length": "27.48",
        "facility_type": "secondary",
        "link_type": "4",
        "free_speed": "",
        "lanes": "",
        "capacity": "",
        "allowed_uses": "auto",
        "notes": "",
        "feature_type": "link"
      },
      "geometry": {
        "type": "LineString",
        "coordinates": [
          [
            116.39308,
            39.906126
          ],
          [
            116.39307,
            39.906373
          ]
        ]
      }
    },
    {
      "type": "Feature",
      "properties": {
        "link_id": "804",
        "name": "东长安街",
        "osm_way_id": "5621",
        "from_node_id": "66",
        "to_node_id": "277",
        "directed": "1",
        "geometry": "LINESTRING (116.39307 39.906373, 116.392602 39.906358)",
        "dir_flag": "1",
        "length": "39.95",
        "facility_type": "trunk",
        "link_type": "2",
        "free_speed": "70",
        "lanes": "5",
        "capacity": "",
        "allowed_uses": "auto",
        "notes": "",
        "feature_type": "link"
      },
      "geometry": {
        "type": "LineString",
        "coordinates": [
          [
            116.39307,
            39.906373
          ],
          [
            116.392602,
            39.906358
          ]
        ]
      }
    },
    {
      "type": "Feature",
      "properties": {
        "link_id": "805",
        "name": "南长街",
        "osm_way_id": "5629",
        "from_node_id": "203",
        "to_node_id": "64",
        "directed": "1",
        "geometry": "LINESTRING (116.385676 39.906385, 116.385634 39.906142)",
        "dir_flag": "1",
        "length": "27.26",
        "facility_type": "tertiary",
        "link_type": "5",
        "free_speed": "",
        "lanes": "",
        "capacity": "",
        "allowed_uses": "auto",
        "notes": "",
        "feature_type": "link"
      },
      "geometry": {
        "type": "LineString",
        "coordinates": [
          [
            116.385676,
            39.906385
          ],
          [
            116.385634,
            39.906142
          ]
        ]
      }
    },
    {
      "type": "Feature",
      "properties": {
        "link_id": "806",
        "name": "南长街",
        "osm_way_id": "5629",
        "from_node_id": "64",
        "to_node_id": "203",
        "directed": "1",
        "geometry": "LINESTRING (116.385634 39.906142, 116.385676 39.906385)",
        "dir_flag": "1",
        "length": "27.26",
        "facility_type": "tertiary",
        "link_type": "5",
        "free_speed": "",
        "lanes": "",
        "capacity": "",
        "allowed_uses": "auto",
        "notes": "",
        "feature_type": "link"
      },
      "geometry": {
        "type": "LineString",
        "coordinates": [
          [
            116.385634,
            39.906142
          ],
          [
            116.385676,
            39.906385
          ]
        ]
      }
    },
    {
      "type": "Feature",
      "properties": {
        "link_id": "807",
        "name": "南长街",
        "osm_way_id": "5630",
        "from_node_id": "203",
        "to_node_id": "254",
        "directed": "1",
        "geometry": "LINESTRING (116.385676 39.906385, 116.385675 39.906473)",
        "dir_flag": "1",
        "length": "9.79",
        "facility_type": "tertiary",
        "link_type": "5",
        "free_speed": "",
        "lanes": "",
        "capacity": "",
        "allowed_uses": "auto",
        "notes": "",
        "feature_type": "link"
      },
      "geometry": {
        "type": "LineString",
        "coordinates": [
          [
            116.385676,
            39.906385
          ],
          [
            116.385675,
            39.906473
          ]
        ]
      }
    },
    {
      "type": "Feature",
      "properties": {
        "link_id": "808",
        "name": "南长街",
        "osm_way_id": "5630",
        "from_node_id": "254",
        "to_node_id": "203",
        "directed": "1",
        "geometry": "LINESTRING (116.385675 39.906473, 116.385676 39.906385)",
        "dir_flag": "1",
        "length": "9.79",
        "facility_type": "tertiary",
        "link_type": "5",
        "free_speed": "",
        "lanes": "",
        "capacity": "",
        "allowed_uses": "auto",
        "notes": "",
        "feature_type": "link"
      },
      "geometry": {
        "type": "LineString",
        "coordinates": [
          [
            116.385675,
            39.906473
          ],
          [
            116.385676,
            39.906385
          ]
        ]
      }
    },
    {
      "type": "Feature",
      "properties": {
        "link_id": "809",
        "name": "人大会堂西路",
        "osm_way_id": "5633",
        "from_node_id": "200",
        "to_node_id": "225",
        "directed": "1",
        "geometry": "LINESTRING (116.38542 39.905567, 116.385423 39.905528)",
        "dir_flag": "1",
        "length": "4.34",
        "facility_type": "tertiary",
        "link_type": "5",
        "free_speed": "",
        "lanes": "",
        "capacity": "",
        "allowed_uses": "auto",
        "notes": "",
        "feature_type": "link"
      },
      "geometry": {
        "type": "LineString",
        "coordinates": [
          [
            116.38542,
            39.905567
          ],
          [
            116.385423,
            39.905528
          ]
        ]
      }
    },
    {
      "type": "Feature",
      "properties": {
        "link_id": "810",
        "name": "人大会堂西路",
        "osm_way_id": "5633",
        "from_node_id": "225",
        "to_node_id": "200",
        "directed": "1",
        "geometry": "LINESTRING (116.385423 39.905528, 116.38542 39.905567)",
        "dir_flag": "1",
        "length": "4.34",
        "facility_type": "tertiary",
        "link_type": "5",
        "free_speed": "",
        "lanes": "",
        "capacity": "",
        "allowed_uses": "auto",
        "notes": "",
        "feature_type": "link"
      },
      "geometry": {
        "type": "LineString",
        "coordinates": [
          [
            116.385423,
            39.905528
          ],
          [
            116.38542,
            39.905567
          ]
        ]
      }
    },
    {
      "type": "Feature",
      "properties": {
        "link_id": "811",
        "name": "人大会堂西路",
        "osm_way_id": "5634",
        "from_node_id": "200",
        "to_node_id": "199",
        "directed": "1",
        "geometry": "LINESTRING (116.38542 39.905567, 116.38543 39.905693)",
        "dir_flag": "1",
        "length": "14.04",
        "facility_type": "tertiary",
        "link_type": "5",
        "free_speed": "",
        "lanes": "",
        "capacity": "",
        "allowed_uses": "auto",
        "notes": "",
        "feature_type": "link"
      },
      "geometry": {
        "type": "LineString",
        "coordinates": [
          [
            116.38542,
            39.905567
          ],
          [
            116.38543,
            39.905693
          ]
        ]
      }
    },
    {
      "type": "Feature",
      "properties": {
        "link_id": "812",
        "name": "人大会堂西路",
        "osm_way_id": "5634",
        "from_node_id": "199",
        "to_node_id": "200",
        "directed": "1",
        "geometry": "LINESTRING (116.38543 39.905693, 116.38542 39.905567)",
        "dir_flag": "1",
        "length": "14.04",
        "facility_type": "tertiary",
        "link_type": "5",
        "free_speed": "",
        "lanes": "",
        "capacity": "",
        "allowed_uses": "auto",
        "notes": "",
        "feature_type": "link"
      },
      "geometry": {
        "type": "LineString",
        "coordinates": [
          [
            116.38543,
            39.905693
          ],
          [
            116.38542,
            39.905567
          ]
        ]
      }
    },
    {
      "type": "Feature",
      "properties": {
        "link_id": "813",
        "name": "西长安街",
        "osm_way_id": "5637",
        "from_node_id": "274",
        "to_node_id": "278",
        "directed": "1",
        "geometry": "LINESTRING (116.388923 39.906245, 116.387474 39.906202)",
        "dir_flag": "1",
        "length": "123.69",
        "facility_type": "trunk",
        "link_type": "2",
        "free_speed": "70",
        "lanes": "5",
        "capacity": "",
        "allowed_uses": "auto",
        "notes": "",
        "feature_type": "link"
      },
      "geometry": {
        "type": "LineString",
        "coordinates": [
          [
            116.388923,
            39.906245
          ],
          [
            116.387474,
            39.906202
          ]
        ]
      }
    },
    {
      "type": "Feature",
      "properties": {
        "link_id": "814",
        "name": "西长安街",
        "osm_way_id": "5638",
        "from_node_id": "275",
        "to_node_id": "3",
        "directed": "1",
        "geometry": "LINESTRING (116.389865 39.906028, 116.392631 39.906113)",
        "dir_flag": "1",
        "length": "236.12",
        "facility_type": "trunk",
        "link_type": "2",
        "free_speed": "",
        "lanes": "",
        "capacity": "",
        "allowed_uses": "auto",
        "notes": "",
        "feature_type": "link"
      },
      "geometry": {
        "type": "LineString",
        "coordinates": [
          [
            116.389865,
            39.906028
          ],
          [
            116.392631,
            39.906113
          ]
        ]
      }
    },
    {
      "type": "Feature",
      "properties": {
        "link_id": "815",
        "name": "东长安街",
        "osm_way_id": "5639",
        "from_node_id": "277",
        "to_node_id": "57",
        "directed": "1",
        "geometry": "LINESTRING (116.392602 39.906358, 116.38984 39.906273)",
        "dir_flag": "1",
        "length": "235.78",
        "facility_type": "trunk",
        "link_type": "2",
        "free_speed": "70",
        "lanes": "5",
        "capacity": "",
        "allowed_uses": "auto",
        "notes": "",
        "feature_type": "link"
      },
      "geometry": {
        "type": "LineString",
        "coordinates": [
          [
            116.392602,
            39.906358
          ],
          [
            116.38984,
            39.906273
          ]
        ]
      }
    },
    {
      "type": "Feature",
      "properties": {
        "link_id": "816",
        "name": "东长安街",
        "osm_way_id": "5640",
        "from_node_id": "276",
        "to_node_id": "279",
        "directed": "1",
        "geometry": "LINESTRING (116.393709 39.906147, 116.395041 39.906185)",
        "dir_flag": "1",
        "length": "113.69",
        "facility_type": "trunk",
        "link_type": "2",
        "free_speed": "",
        "lanes": "",
        "capacity": "",
        "allowed_uses": "auto",
        "notes": "",
        "feature_type": "link"
      },
      "geometry": {
        "type": "LineString",
        "coordinates": [
          [
            116.393709,
            39.906147
          ],
          [
            116.395041,
            39.906185
          ]
        ]
      }
    },
    {
      "type": "Feature",
      "properties": {
        "link_id": "817",
        "name": "东长安街",
        "osm_way_id": "5641",
        "from_node_id": "268",
        "to_node_id": "280",
        "directed": "1",
        "geometry": "LINESTRING (116.396605 39.906504, 116.396126 39.906492)",
        "dir_flag": "1",
        "length": "40.88",
        "facility_type": "trunk",
        "link_type": "2",
        "free_speed": "",
        "lanes": "5",
        "capacity": "",
        "allowed_uses": "auto",
        "notes": "",
        "feature_type": "link"
      },
      "geometry": {
        "type": "LineString",
        "coordinates": [
          [
            116.396605,
            39.906504
          ],
          [
            116.396126,
            39.906492
          ]
        ]
      }
    },
    {
      "type": "Feature",
      "properties": {
        "link_id": "818",
        "name": "东长安街",
        "osm_way_id": "5642",
        "from_node_id": "273",
        "to_node_id": "228",
        "directed": "1",
        "geometry": "LINESTRING (116.396682 39.906247, 116.396866 39.906276)",
        "dir_flag": "1",
        "length": "16.02",
        "facility_type": "trunk",
        "link_type": "2",
        "free_speed": "",
        "lanes": "",
        "capacity": "",
        "allowed_uses": "auto",
        "notes": "",
        "feature_type": "link"
      },
      "geometry": {
        "type": "LineString",
        "coordinates": [
          [
            116.396682,
            39.906247
          ],
          [
            116.396866,
            39.906276
          ]
        ]
      }
    },
    {
      "type": "Feature",
      "properties": {
        "link_id": "819",
        "name": "东长安街",
        "osm_way_id": "5643",
        "from_node_id": "263",
        "to_node_id": "226",
        "directed": "1",
        "geometry": "LINESTRING (116.397406 39.906342, 116.39747 39.906349)",
        "dir_flag": "1",
        "length": "5.51",
        "facility_type": "trunk",
        "link_type": "2",
        "free_speed": "",
        "lanes": "",
        "capacity": "",
        "allowed_uses": "auto",
        "notes": "",
        "feature_type": "link"
      },
      "geometry": {
        "type": "LineString",
        "coordinates": [
          [
            116.397406,
            39.906342
          ],
          [
            116.39747,
            39.906349
          ]
        ]
      }
    },
    {
      "type": "Feature",
      "properties": {
        "link_id": "820",
        "name": "正义路",
        "osm_way_id": "5644",
        "from_node_id": "281",
        "to_node_id": "258",
        "directed": "1",
        "geometry": "LINESTRING (116.400255 39.906437, 116.400266 39.906271)",
        "dir_flag": "1",
        "length": "18.48",
        "facility_type": "tertiary",
        "link_type": "5",
        "free_speed": "",
        "lanes": "",
        "capacity": "",
        "allowed_uses": "auto",
        "notes": "",
        "feature_type": "link"
      },
      "geometry": {
        "type": "LineString",
        "coordinates": [
          [
            116.400255,
            39.906437
          ],
          [
            116.400266,
            39.906271
          ]
        ]
      }
    },
    {
      "type": "Feature",
      "properties": {
        "link_id": "821",
        "name": "东长安街",
        "osm_way_id": "5645",
        "from_node_id": "281",
        "to_node_id": "257",
        "directed": "1",
        "geometry": "LINESTRING (116.400255 39.906437, 116.400556 39.90645)",
        "dir_flag": "1",
        "length": "25.72",
        "facility_type": "primary",
        "link_type": "3",
        "free_speed": "",
        "lanes": "",
        "capacity": "",
        "allowed_uses": "auto",
        "notes": "",
        "feature_type": "link"
      },
      "geometry": {
        "type": "LineString",
        "coordinates": [
          [
            116.400255,
            39.906437
          ],
          [
            116.400556,
            39.90645
          ]
        ]
      }
    },
    {
      "type": "Feature",
      "properties": {
        "link_id": "822",
        "name": "",
        "osm_way_id": "5646",
        "from_node_id": "257",
        "to_node_id": "256",
        "directed": "1",
        "geometry": "LINESTRING (116.400556 39.90645, 116.400407 39.906607)",
        "dir_flag": "1",
        "length": "21.59",
        "facility_type": "tertiary",
        "link_type": "5",
        "free_speed": "",
        "lanes": "",
        "capacity": "",
        "allowed_uses": "auto",
        "notes": "",
        "feature_type": "link"
      },
      "geometry": {
        "type": "LineString",
        "coordinates": [
          [
            116.400556,
            39.90645
          ],
          [
            116.400407,
            39.906607
          ]
        ]
      }
    },
    {
      "type": "Feature",
      "properties": {
        "link_id": "823",
        "name": "东长安街",
        "osm_way_id": "5647",
        "from_node_id": "174",
        "to_node_id": "256",
        "directed": "1",
        "geometry": "LINESTRING (116.400714 39.90662, 116.400407 39.906607)",
        "dir_flag": "1",
        "length": "26.23",
        "facility_type": "trunk",
        "link_type": "2",
        "free_speed": "",
        "lanes": "",
        "capacity": "",
        "allowed_uses": "auto",
        "notes": "",
        "feature_type": "link"
      },
      "geometry": {
        "type": "LineString",
        "coordinates": [
          [
            116.400714,
            39.90662
          ],
          [
            116.400407,
            39.906607
          ]
        ]
      }
    },
    {
      "type": "Feature",
      "properties": {
        "link_id": "824",
        "name": "南河沿大街",
        "osm_way_id": "5648",
        "from_node_id": "256",
        "to_node_id": "27",
        "directed": "1",
        "geometry": "LINESTRING (116.400407 39.906607, 116.400414 39.906809)",
        "dir_flag": "1",
        "length": "22.47",
        "facility_type": "secondary",
        "link_type": "4",
        "free_speed": "",
        "lanes": "",
        "capacity": "",
        "allowed_uses": "auto",
        "notes": "",
        "feature_type": "link"
      },
      "geometry": {
        "type": "LineString",
        "coordinates": [
          [
            116.400407,
            39.906607
          ],
          [
            116.400414,
            39.906809
          ]
        ]
      }
    },
    {
      "type": "Feature",
      "properties": {
        "link_id": "825",
        "name": "南河沿大街",
        "osm_way_id": "5648",
        "from_node_id": "27",
        "to_node_id": "256",
        "directed": "1",
        "geometry": "LINESTRING (116.400414 39.906809, 116.400407 39.906607)",
        "dir_flag": "1",
        "length": "22.47",
        "facility_type": "secondary",
        "link_type": "4",
        "free_speed": "",
        "lanes": "",
        "capacity": "",
        "allowed_uses": "auto",
        "notes": "",
        "feature_type": "link"
      },
      "geometry": {
        "type": "LineString",
        "coordinates": [
          [
            116.400414,
            39.906809
          ],
          [
            116.400407,
            39.906607
          ]
        ]
      }
    },
    {
      "type": "Feature",
      "properties": {
        "link_id": "826",
        "name": "",
        "osm_way_id": "5649",
        "from_node_id": "256",
        "to_node_id": "281",
        "directed": "1",
        "geometry": "LINESTRING (116.400407 39.906607, 116.400255 39.906437)",
        "dir_flag": "1",
        "length": "22.92",
        "facility_type": "tertiary",
        "link_type": "5",
        "free_speed": "",
        "lanes": "",
        "capacity": "",
        "allowed_uses": "auto",
        "notes": "",
        "feature_type": "link"
      },
      "geometry": {
        "type": "LineString",
        "coordinates": [
          [
            116.400407,
            39.906607
          ],
          [
            116.400255,
            39.906437
          ]
        ]
      }
    },
    {
      "type": "Feature",
      "properties": {
        "link_id": "827",
        "name": "东长安街",
        "osm_way_id": "5650",
        "from_node_id": "256",
        "to_node_id": "259",
        "directed": "1",
        "geometry": "LINESTRING (116.400407 39.906607, 116.400019 39.9066)",
        "dir_flag": "1",
        "length": "33.10",
        "facility_type": "trunk",
        "link_type": "2",
        "free_speed": "",
        "lanes": "5",
        "capacity": "",
        "allowed_uses": "auto",
        "notes": "",
        "feature_type": "link"
      },
      "geometry": {
        "type": "LineString",
        "coordinates": [
          [
            116.400407,
            39.906607
          ],
          [
            116.400019,
            39.9066
          ]
        ]
      }
    },
    {
      "type": "Feature",
      "properties": {
        "link_id": "828",
        "name": "东长安街",
        "osm_way_id": "5651",
        "from_node_id": "62",
        "to_node_id": "281",
        "directed": "1",
        "geometry": "LINESTRING (116.400026 39.906434, 116.400255 39.906437)",
        "dir_flag": "1",
        "length": "19.54",
        "facility_type": "trunk",
        "link_type": "2",
        "free_speed": "",
        "lanes": "",
        "capacity": "",
        "allowed_uses": "auto",
        "notes": "",
        "feature_type": "link"
      },
      "geometry": {
        "type": "LineString",
        "coordinates": [
          [
            116.400026,
            39.906434
          ],
          [
            116.400255,
            39.906437
          ]
        ]
      }
    },
    {
      "type": "Feature",
      "properties": {
        "link_id": "829",
        "name": "西长安街",
        "osm_way_id": "5654",
        "from_node_id": "278",
        "to_node_id": "282",
        "directed": "1",
        "geometry": "LINESTRING (116.387474 39.906202, 116.387218 39.906195)",
        "dir_flag": "1",
        "length": "21.85",
        "facility_type": "trunk",
        "link_type": "2",
        "free_speed": "70",
        "lanes": "5",
        "capacity": "",
        "allowed_uses": "auto",
        "notes": "",
        "feature_type": "link"
      },
      "geometry": {
        "type": "LineString",
        "coordinates": [
          [
            116.387474,
            39.906202
          ],
          [
            116.387218,
            39.906195
          ]
        ]
      }
    },
    {
      "type": "Feature",
      "properties": {
        "link_id": "830",
        "name": "西长安街",
        "osm_way_id": "5655",
        "from_node_id": "282",
        "to_node_id": "202",
        "directed": "1",
        "geometry": "LINESTRING (116.387218 39.906195, 116.386428 39.906169)",
        "dir_flag": "1",
        "length": "67.45",
        "facility_type": "trunk",
        "link_type": "2",
        "free_speed": "70",
        "lanes": "5",
        "capacity": "",
        "allowed_uses": "auto",
        "notes": "",
        "feature_type": "link"
      },
      "geometry": {
        "type": "LineString",
        "coordinates": [
          [
            116.387218,
            39.906195
          ],
          [
            116.386428,
            39.906169
          ]
        ]
      }
    },
    {
      "type": "Feature",
      "properties": {
        "link_id": "831",
        "name": "东长安街",
        "osm_way_id": "5656",
        "from_node_id": "280",
        "to_node_id": "283",
        "directed": "1",
        "geometry": "LINESTRING (116.396126 39.906492, 116.396013 39.906488)",
        "dir_flag": "1",
        "length": "9.65",
        "facility_type": "trunk",
        "link_type": "2",
        "free_speed": "",
        "lanes": "5",
        "capacity": "",
        "allowed_uses": "auto",
        "notes": "",
        "feature_type": "link"
      },
      "geometry": {
        "type": "LineString",
        "coordinates": [
          [
            116.396126,
            39.906492
          ],
          [
            116.396013,
            39.906488
          ]
        ]
      }
    },
    {
      "type": "Feature",
      "properties": {
        "link_id": "832",
        "name": "东长安街",
        "osm_way_id": "5657",
        "from_node_id": "283",
        "to_node_id": "284",
        "directed": "1",
        "geometry": "LINESTRING (116.396013 39.906488, 116.39582 39.906477)",
        "dir_flag": "1",
        "length": "16.51",
        "facility_type": "trunk",
        "link_type": "2",
        "free_speed": "",
        "lanes": "5",
        "capacity": "",
        "allowed_uses": "auto",
        "notes": "",
        "feature_type": "link"
      },
      "geometry": {
        "type": "LineString",
        "coordinates": [
          [
            116.396013,
            39.906488
          ],
          [
            116.39582,
            39.906477
          ]
        ]
      }
    },
    {
      "type": "Feature",
      "properties": {
        "link_id": "833",
        "name": "东长安街",
        "osm_way_id": "5658",
        "from_node_id": "284",
        "to_node_id": "65",
        "directed": "1",
        "geometry": "LINESTRING (116.39582 39.906477, 116.393616 39.906396)",
        "dir_flag": "1",
        "length": "188.21",
        "facility_type": "trunk",
        "link_type": "2",
        "free_speed": "",
        "lanes": "5",
        "capacity": "",
        "allowed_uses": "auto",
        "notes": "",
        "feature_type": "link"
      },
      "geometry": {
        "type": "LineString",
        "coordinates": [
          [
            116.39582,
            39.906477
          ],
          [
            116.393616,
            39.906396
          ]
        ]
      }
    },
    {
      "type": "Feature",
      "properties": {
        "link_id": "834",
        "name": "东长安街",
        "osm_way_id": "5659",
        "from_node_id": "279",
        "to_node_id": "272",
        "directed": "1",
        "geometry": "LINESTRING (116.395041 39.906185, 116.396658 39.906245)",
        "dir_flag": "1",
        "length": "138.09",
        "facility_type": "trunk",
        "link_type": "2",
        "free_speed": "",
        "lanes": "",
        "capacity": "",
        "allowed_uses": "auto",
        "notes": "",
        "feature_type": "link"
      },
      "geometry": {
        "type": "LineString",
        "coordinates": [
          [
            116.395041,
            39.906185
          ],
          [
            116.396658,
            39.906245
          ]
        ]
      }
    },
    {
      "type": "Feature",
      "properties": {
        "link_id": "835",
        "name": "石碑胡同",
        "osm_way_id": "5666",
        "from_node_id": "68",
        "to_node_id": "67",
        "directed": "1",
        "geometry": "LINESTRING (116.381995 39.905629, 116.382001 39.905811)",
        "dir_flag": "1",
        "length": "20.24",
        "facility_type": "tertiary",
        "link_type": "5",
        "free_speed": "",
        "lanes": "",
        "capacity": "",
        "allowed_uses": "auto",
        "notes": "",
        "feature_type": "link"
      },
      "geometry": {
        "type": "LineString",
        "coordinates": [
          [
            116.381995,
            39.905629
          ],
          [
            116.382001,
            39.905811
          ]
        ]
      }
    },
    {
      "type": "Feature",
      "properties": {
        "link_id": "836",
        "name": "石碑胡同",
        "osm_way_id": "5666",
        "from_node_id": "67",
        "to_node_id": "68",
        "directed": "1",
        "geometry": "LINESTRING (116.382001 39.905811, 116.381995 39.905629)",
        "dir_flag": "1",
        "length": "20.24",
        "facility_type": "tertiary",
        "link_type": "5",
        "free_speed": "",
        "lanes": "",
        "capacity": "",
        "allowed_uses": "auto",
        "notes": "",
        "feature_type": "link"
      },
      "geometry": {
        "type": "LineString",
        "coordinates": [
          [
            116.382001,
            39.905811
          ],
          [
            116.381995,
            39.905629
          ]
        ]
      }
    },
    {
      "type": "Feature",
      "properties": {
        "link_id": "837",
        "name": "石碑胡同",
        "osm_way_id": "5667",
        "from_node_id": "68",
        "to_node_id": "74",
        "directed": "1",
        "geometry": "LINESTRING (116.381995 39.905629, 116.38197 39.905122)",
        "dir_flag": "1",
        "length": "56.42",
        "facility_type": "tertiary",
        "link_type": "5",
        "free_speed": "",
        "lanes": "",
        "capacity": "",
        "allowed_uses": "auto",
        "notes": "",
        "feature_type": "link"
      },
      "geometry": {
        "type": "LineString",
        "coordinates": [
          [
            116.381995,
            39.905629
          ],
          [
            116.38197,
            39.905122
          ]
        ]
      }
    },
    {
      "type": "Feature",
      "properties": {
        "link_id": "838",
        "name": "石碑胡同",
        "osm_way_id": "5667",
        "from_node_id": "74",
        "to_node_id": "68",
        "directed": "1",
        "geometry": "LINESTRING (116.38197 39.905122, 116.381995 39.905629)",
        "dir_flag": "1",
        "length": "56.42",
        "facility_type": "tertiary",
        "link_type": "5",
        "free_speed": "",
        "lanes": "",
        "capacity": "",
        "allowed_uses": "auto",
        "notes": "",
        "feature_type": "link"
      },
      "geometry": {
        "type": "LineString",
        "coordinates": [
          [
            116.38197,
            39.905122
          ],
          [
            116.381995,
            39.905629
          ]
        ]
      }
    },
    {
      "type": "Feature",
      "properties": {
        "link_id": "839",
        "name": "南河沿大街",
        "osm_way_id": "5671",
        "from_node_id": "111",
        "to_node_id": "285",
        "directed": "1",
        "geometry": "LINESTRING (116.40049 39.912512, 116.400474 39.912672)",
        "dir_flag": "1",
        "length": "17.84",
        "facility_type": "secondary",
        "link_type": "4",
        "free_speed": "",
        "lanes": "",
        "capacity": "",
        "allowed_uses": "auto",
        "notes": "",
        "feature_type": "link"
      },
      "geometry": {
        "type": "LineString",
        "coordinates": [
          [
            116.40049,
            39.912512
          ],
          [
            116.400474,
            39.912672
          ]
        ]
      }
    },
    {
      "type": "Feature",
      "properties": {
        "link_id": "840",
        "name": "南河沿大街",
        "osm_way_id": "5671",
        "from_node_id": "285",
        "to_node_id": "111",
        "directed": "1",
        "geometry": "LINESTRING (116.400474 39.912672, 116.40049 39.912512)",
        "dir_flag": "1",
        "length": "17.84",
        "facility_type": "secondary",
        "link_type": "4",
        "free_speed": "",
        "lanes": "",
        "capacity": "",
        "allowed_uses": "auto",
        "notes": "",
        "feature_type": "link"
      },
      "geometry": {
        "type": "LineString",
        "coordinates": [
          [
            116.400474,
            39.912672
          ],
          [
            116.40049,
            39.912512
          ]
        ]
      }
    },
    {
      "type": "Feature",
      "properties": {
        "link_id": "841",
        "name": "南河沿大街",
        "osm_way_id": "5672",
        "from_node_id": "111",
        "to_node_id": "30",
        "directed": "1",
        "geometry": "LINESTRING (116.40049 39.912512, 116.400523 39.911999)",
        "dir_flag": "1",
        "length": "57.11",
        "facility_type": "secondary",
        "link_type": "4",
        "free_speed": "",
        "lanes": "",
        "capacity": "",
        "allowed_uses": "auto",
        "notes": "",
        "feature_type": "link"
      },
      "geometry": {
        "type": "LineString",
        "coordinates": [
          [
            116.40049,
            39.912512
          ],
          [
            116.400523,
            39.911999
          ]
        ]
      }
    },
    {
      "type": "Feature",
      "properties": {
        "link_id": "842",
        "name": "南河沿大街",
        "osm_way_id": "5672",
        "from_node_id": "30",
        "to_node_id": "111",
        "directed": "1",
        "geometry": "LINESTRING (116.400523 39.911999, 116.40049 39.912512)",
        "dir_flag": "1",
        "length": "57.11",
        "facility_type": "secondary",
        "link_type": "4",
        "free_speed": "",
        "lanes": "",
        "capacity": "",
        "allowed_uses": "auto",
        "notes": "",
        "feature_type": "link"
      },
      "geometry": {
        "type": "LineString",
        "coordinates": [
          [
            116.400523,
            39.911999
          ],
          [
            116.40049,
            39.912512
          ]
        ]
      }
    },
    {
      "type": "Feature",
      "properties": {
        "link_id": "843",
        "name": "南河沿大街",
        "osm_way_id": "5673",
        "from_node_id": "285",
        "to_node_id": "111",
        "directed": "1",
        "geometry": "LINESTRING (116.400474 39.912672, 116.40049 39.912512)",
        "dir_flag": "1",
        "length": "17.84",
        "facility_type": "secondary",
        "link_type": "4",
        "free_speed": "",
        "lanes": "",
        "capacity": "",
        "allowed_uses": "auto",
        "notes": "",
        "feature_type": "link"
      },
      "geometry": {
        "type": "LineString",
        "coordinates": [
          [
            116.400474,
            39.912672
          ],
          [
            116.40049,
            39.912512
          ]
        ]
      }
    },
    {
      "type": "Feature",
      "properties": {
        "link_id": "844",
        "name": "南河沿大街",
        "osm_way_id": "5673",
        "from_node_id": "111",
        "to_node_id": "285",
        "directed": "1",
        "geometry": "LINESTRING (116.40049 39.912512, 116.400474 39.912672)",
        "dir_flag": "1",
        "length": "17.84",
        "facility_type": "secondary",
        "link_type": "4",
        "free_speed": "",
        "lanes": "",
        "capacity": "",
        "allowed_uses": "auto",
        "notes": "",
        "feature_type": "link"
      },
      "geometry": {
        "type": "LineString",
        "coordinates": [
          [
            116.40049,
            39.912512
          ],
          [
            116.400474,
            39.912672
          ]
        ]
      }
    },
    {
      "type": "Feature",
      "properties": {
        "link_id": "845",
        "name": "南河沿大街",
        "osm_way_id": "5674",
        "from_node_id": "164",
        "to_node_id": "161",
        "directed": "1",
        "geometry": "LINESTRING (116.40056 39.909417, 116.400568 39.90963)",
        "dir_flag": "1",
        "length": "23.69",
        "facility_type": "secondary",
        "link_type": "4",
        "free_speed": "",
        "lanes": "",
        "capacity": "",
        "allowed_uses": "auto",
        "notes": "",
        "feature_type": "link"
      },
      "geometry": {
        "type": "LineString",
        "coordinates": [
          [
            116.40056,
            39.909417
          ],
          [
            116.400568,
            39.90963
          ]
        ]
      }
    },
    {
      "type": "Feature",
      "properties": {
        "link_id": "846",
        "name": "南河沿大街",
        "osm_way_id": "5674",
        "from_node_id": "161",
        "to_node_id": "164",
        "directed": "1",
        "geometry": "LINESTRING (116.400568 39.90963, 116.40056 39.909417)",
        "dir_flag": "1",
        "length": "23.69",
        "facility_type": "secondary",
        "link_type": "4",
        "free_speed": "",
        "lanes": "",
        "capacity": "",
        "allowed_uses": "auto",
        "notes": "",
        "feature_type": "link"
      },
      "geometry": {
        "type": "LineString",
        "coordinates": [
          [
            116.400568,
            39.90963
          ],
          [
            116.40056,
            39.909417
          ]
        ]
      }
    },
    {
      "type": "Feature",
      "properties": {
        "link_id": "847",
        "name": "南河沿大街",
        "osm_way_id": "5675",
        "from_node_id": "164",
        "to_node_id": "229",
        "directed": "1",
        "geometry": "LINESTRING (116.40056 39.909417, 116.400551 39.90918)",
        "dir_flag": "1",
        "length": "26.36",
        "facility_type": "secondary",
        "link_type": "4",
        "free_speed": "",
        "lanes": "",
        "capacity": "",
        "allowed_uses": "auto",
        "notes": "",
        "feature_type": "link"
      },
      "geometry": {
        "type": "LineString",
        "coordinates": [
          [
            116.40056,
            39.909417
          ],
          [
            116.400551,
            39.90918
          ]
        ]
      }
    },
    {
      "type": "Feature",
      "properties": {
        "link_id": "848",
        "name": "南河沿大街",
        "osm_way_id": "5675",
        "from_node_id": "229",
        "to_node_id": "164",
        "directed": "1",
        "geometry": "LINESTRING (116.400551 39.90918, 116.40056 39.909417)",
        "dir_flag": "1",
        "length": "26.36",
        "facility_type": "secondary",
        "link_type": "4",
        "free_speed": "",
        "lanes": "",
        "capacity": "",
        "allowed_uses": "auto",
        "notes": "",
        "feature_type": "link"
      },
      "geometry": {
        "type": "LineString",
        "coordinates": [
          [
            116.400551,
            39.90918
          ],
          [
            116.40056,
            39.909417
          ]
        ]
      }
    },
    {
      "type": "Feature",
      "properties": {
        "link_id": "849",
        "name": "南河沿大街",
        "osm_way_id": "5676",
        "from_node_id": "90",
        "to_node_id": "229",
        "directed": "1",
        "geometry": "LINESTRING (116.400515 39.908523, 116.400551 39.90918)",
        "dir_flag": "1",
        "length": "73.12",
        "facility_type": "secondary",
        "link_type": "4",
        "free_speed": "",
        "lanes": "",
        "capacity": "",
        "allowed_uses": "auto",
        "notes": "",
        "feature_type": "link"
      },
      "geometry": {
        "type": "LineString",
        "coordinates": [
          [
            116.400515,
            39.908523
          ],
          [
            116.400551,
            39.90918
          ]
        ]
      }
    },
    {
      "type": "Feature",
      "properties": {
        "link_id": "850",
        "name": "南河沿大街",
        "osm_way_id": "5676",
        "from_node_id": "229",
        "to_node_id": "90",
        "directed": "1",
        "geometry": "LINESTRING (116.400551 39.90918, 116.400515 39.908523)",
        "dir_flag": "1",
        "length": "73.12",
        "facility_type": "secondary",
        "link_type": "4",
        "free_speed": "",
        "lanes": "",
        "capacity": "",
        "allowed_uses": "auto",
        "notes": "",
        "feature_type": "link"
      },
      "geometry": {
        "type": "LineString",
        "coordinates": [
          [
            116.400551,
            39.90918
          ],
          [
            116.400515,
            39.908523
          ]
        ]
      }
    },
    {
      "type": "Feature",
      "properties": {
        "link_id": "851",
        "name": "南河沿大街",
        "osm_way_id": "5677",
        "from_node_id": "90",
        "to_node_id": "89",
        "directed": "1",
        "geometry": "LINESTRING (116.400515 39.908523, 116.400507 39.908388)",
        "dir_flag": "1",
        "length": "15.03",
        "facility_type": "secondary",
        "link_type": "4",
        "free_speed": "",
        "lanes": "",
        "capacity": "",
        "allowed_uses": "auto",
        "notes": "",
        "feature_type": "link"
      },
      "geometry": {
        "type": "LineString",
        "coordinates": [
          [
            116.400515,
            39.908523
          ],
          [
            116.400507,
            39.908388
          ]
        ]
      }
    },
    {
      "type": "Feature",
      "properties": {
        "link_id": "852",
        "name": "南河沿大街",
        "osm_way_id": "5677",
        "from_node_id": "89",
        "to_node_id": "90",
        "directed": "1",
        "geometry": "LINESTRING (116.400507 39.908388, 116.400515 39.908523)",
        "dir_flag": "1",
        "length": "15.03",
        "facility_type": "secondary",
        "link_type": "4",
        "free_speed": "",
        "lanes": "",
        "capacity": "",
        "allowed_uses": "auto",
        "notes": "",
        "feature_type": "link"
      },
      "geometry": {
        "type": "LineString",
        "coordinates": [
          [
            116.400507,
            39.908388
          ],
          [
            116.400515,
            39.908523
          ]
        ]
      }
    },
    {
      "type": "Feature",
      "properties": {
        "link_id": "853",
        "name": "南长街",
        "osm_way_id": "5678",
        "from_node_id": "147",
        "to_node_id": "145",
        "directed": "1",
        "geometry": "LINESTRING (116.385606 39.90731, 116.385618 39.906987)",
        "dir_flag": "1",
        "length": "35.93",
        "facility_type": "tertiary",
        "link_type": "5",
        "free_speed": "",
        "lanes": "",
        "capacity": "",
        "allowed_uses": "auto",
        "notes": "",
        "feature_type": "link"
      },
      "geometry": {
        "type": "LineString",
        "coordinates": [
          [
            116.385606,
            39.90731
          ],
          [
            116.385618,
            39.906987
          ]
        ]
      }
    },
    {
      "type": "Feature",
      "properties": {
        "link_id": "854",
        "name": "南长街",
        "osm_way_id": "5678",
        "from_node_id": "145",
        "to_node_id": "147",
        "directed": "1",
        "geometry": "LINESTRING (116.385618 39.906987, 116.385606 39.90731)",
        "dir_flag": "1",
        "length": "35.93",
        "facility_type": "tertiary",
        "link_type": "5",
        "free_speed": "",
        "lanes": "",
        "capacity": "",
        "allowed_uses": "auto",
        "notes": "",
        "feature_type": "link"
      },
      "geometry": {
        "type": "LineString",
        "coordinates": [
          [
            116.385618,
            39.906987
          ],
          [
            116.385606,
            39.90731
          ]
        ]
      }
    },
    {
      "type": "Feature",
      "properties": {
        "link_id": "855",
        "name": "南长街",
        "osm_way_id": "5679",
        "from_node_id": "147",
        "to_node_id": "260",
        "directed": "1",
        "geometry": "LINESTRING (116.385606 39.90731, 116.385582 39.907977)",
        "dir_flag": "1",
        "length": "74.20",
        "facility_type": "tertiary",
        "link_type": "5",
        "free_speed": "",
        "lanes": "",
        "capacity": "",
        "allowed_uses": "auto",
        "notes": "",
        "feature_type": "link"
      },
      "geometry": {
        "type": "LineString",
        "coordinates": [
          [
            116.385606,
            39.90731
          ],
          [
            116.385582,
            39.907977
          ]
        ]
      }
    },
    {
      "type": "Feature",
      "properties": {
        "link_id": "856",
        "name": "南长街",
        "osm_way_id": "5679",
        "from_node_id": "260",
        "to_node_id": "147",
        "directed": "1",
        "geometry": "LINESTRING (116.385582 39.907977, 116.385606 39.90731)",
        "dir_flag": "1",
        "length": "74.20",
        "facility_type": "tertiary",
        "link_type": "5",
        "free_speed": "",
        "lanes": "",
        "capacity": "",
        "allowed_uses": "auto",
        "notes": "",
        "feature_type": "link"
      },
      "geometry": {
        "type": "LineString",
        "coordinates": [
          [
            116.385582,
            39.907977
          ],
          [
            116.385606,
            39.90731
          ]
        ]
      }
    },
    {
      "type": "Feature",
      "properties": {
        "link_id": "857",
        "name": "南长街",
        "osm_way_id": "5680",
        "from_node_id": "260",
        "to_node_id": "147",
        "directed": "1",
        "geometry": "LINESTRING (116.385582 39.907977, 116.385606 39.90731)",
        "dir_flag": "1",
        "length": "74.20",
        "facility_type": "tertiary",
        "link_type": "5",
        "free_speed": "",
        "lanes": "",
        "capacity": "",
        "allowed_uses": "auto",
        "notes": "",
        "feature_type": "link"
      },
      "geometry": {
        "type": "LineString",
        "coordinates": [
          [
            116.385582,
            39.907977
          ],
          [
            116.385606,
            39.90731
          ]
        ]
      }
    },
    {
      "type": "Feature",
      "properties": {
        "link_id": "858",
        "name": "南长街",
        "osm_way_id": "5680",
        "from_node_id": "147",
        "to_node_id": "260",
        "directed": "1",
        "geometry": "LINESTRING (116.385606 39.90731, 116.385582 39.907977)",
        "dir_flag": "1",
        "length": "74.20",
        "facility_type": "tertiary",
        "link_type": "5",
        "free_speed": "",
        "lanes": "",
        "capacity": "",
        "allowed_uses": "auto",
        "notes": "",
        "feature_type": "link"
      },
      "geometry": {
        "type": "LineString",
        "coordinates": [
          [
            116.385606,
            39.90731
          ],
          [
            116.385582,
            39.907977
          ]
        ]
      }
    },
    {
      "type": "Feature",
      "properties": {
        "link_id": "859",
        "name": "南长街",
        "osm_way_id": "5681",
        "from_node_id": "260",
        "to_node_id": "140",
        "directed": "1",
        "geometry": "LINESTRING (116.385582 39.907977, 116.385577 39.908098)",
        "dir_flag": "1",
        "length": "13.46",
        "facility_type": "tertiary",
        "link_type": "5",
        "free_speed": "",
        "lanes": "",
        "capacity": "",
        "allowed_uses": "auto",
        "notes": "",
        "feature_type": "link"
      },
      "geometry": {
        "type": "LineString",
        "coordinates": [
          [
            116.385582,
            39.907977
          ],
          [
            116.385577,
            39.908098
          ]
        ]
      }
    },
    {
      "type": "Feature",
      "properties": {
        "link_id": "860",
        "name": "南长街",
        "osm_way_id": "5681",
        "from_node_id": "140",
        "to_node_id": "260",
        "directed": "1",
        "geometry": "LINESTRING (116.385577 39.908098, 116.385582 39.907977)",
        "dir_flag": "1",
        "length": "13.46",
        "facility_type": "tertiary",
        "link_type": "5",
        "free_speed": "",
        "lanes": "",
        "capacity": "",
        "allowed_uses": "auto",
        "notes": "",
        "feature_type": "link"
      },
      "geometry": {
        "type": "LineString",
        "coordinates": [
          [
            116.385577,
            39.908098
          ],
          [
            116.385582,
            39.907977
          ]
        ]
      }
    },
    {
      "type": "Feature",
      "properties": {
        "link_id": "861",
        "name": "南长街",
        "osm_way_id": "5682",
        "from_node_id": "45",
        "to_node_id": "211",
        "directed": "1",
        "geometry": "LINESTRING (116.38519 39.913044, 116.385387 39.911313)",
        "dir_flag": "1",
        "length": "193.21",
        "facility_type": "tertiary",
        "link_type": "5",
        "free_speed": "",
        "lanes": "",
        "capacity": "",
        "allowed_uses": "auto",
        "notes": "",
        "feature_type": "link"
      },
      "geometry": {
        "type": "LineString",
        "coordinates": [
          [
            116.38519,
            39.913044
          ],
          [
            116.385387,
            39.911313
          ]
        ]
      }
    },
    {
      "type": "Feature",
      "properties": {
        "link_id": "862",
        "name": "南长街",
        "osm_way_id": "5682",
        "from_node_id": "211",
        "to_node_id": "45",
        "directed": "1",
        "geometry": "LINESTRING (116.385387 39.911313, 116.38519 39.913044)",
        "dir_flag": "1",
        "length": "193.21",
        "facility_type": "tertiary",
        "link_type": "5",
        "free_speed": "",
        "lanes": "",
        "capacity": "",
        "allowed_uses": "auto",
        "notes": "",
        "feature_type": "link"
      },
      "geometry": {
        "type": "LineString",
        "coordinates": [
          [
            116.385387,
            39.911313
          ],
          [
            116.38519,
            39.913044
          ]
        ]
      }
    },
    {
      "type": "Feature",
      "properties": {
        "link_id": "863",
        "name": "南长街",
        "osm_way_id": "5683",
        "from_node_id": "45",
        "to_node_id": "43",
        "directed": "1",
        "geometry": "LINESTRING (116.38519 39.913044, 116.38518 39.913367)",
        "dir_flag": "1",
        "length": "35.93",
        "facility_type": "tertiary",
        "link_type": "5",
        "free_speed": "",
        "lanes": "",
        "capacity": "",
        "allowed_uses": "auto",
        "notes": "",
        "feature_type": "link"
      },
      "geometry": {
        "type": "LineString",
        "coordinates": [
          [
            116.38519,
            39.913044
          ],
          [
            116.38518,
            39.913367
          ]
        ]
      }
    },
    {
      "type": "Feature",
      "properties": {
        "link_id": "864",
        "name": "南长街",
        "osm_way_id": "5683",
        "from_node_id": "43",
        "to_node_id": "45",
        "directed": "1",
        "geometry": "LINESTRING (116.38518 39.913367, 116.38519 39.913044)",
        "dir_flag": "1",
        "length": "35.93",
        "facility_type": "tertiary",
        "link_type": "5",
        "free_speed": "",
        "lanes": "",
        "capacity": "",
        "allowed_uses": "auto",
        "notes": "",
        "feature_type": "link"
      },
      "geometry": {
        "type": "LineString",
        "coordinates": [
          [
            116.38518,
            39.913367
          ],
          [
            116.38519,
            39.913044
          ]
        ]
      }
    },
    {
      "type": "Feature",
      "properties": {
        "link_id": "865",
        "name": "北长街",
        "osm_way_id": "5684",
        "from_node_id": "44",
        "to_node_id": "43",
        "directed": "1",
        "geometry": "LINESTRING (116.385137 39.914367, 116.38518 39.913367)",
        "dir_flag": "1",
        "length": "111.26",
        "facility_type": "tertiary",
        "link_type": "5",
        "free_speed": "",
        "lanes": "",
        "capacity": "",
        "allowed_uses": "auto",
        "notes": "",
        "feature_type": "link"
      },
      "geometry": {
        "type": "LineString",
        "coordinates": [
          [
            116.385137,
            39.914367
          ],
          [
            116.38518,
            39.913367
          ]
        ]
      }
    },
    {
      "type": "Feature",
      "properties": {
        "link_id": "866",
        "name": "北长街",
        "osm_way_id": "5684",
        "from_node_id": "43",
        "to_node_id": "44",
        "directed": "1",
        "geometry": "LINESTRING (116.38518 39.913367, 116.385137 39.914367)",
        "dir_flag": "1",
        "length": "111.26",
        "facility_type": "tertiary",
        "link_type": "5",
        "free_speed": "",
        "lanes": "",
        "capacity": "",
        "allowed_uses": "auto",
        "notes": "",
        "feature_type": "link"
      },
      "geometry": {
        "type": "LineString",
        "coordinates": [
          [
            116.38518,
            39.913367
          ],
          [
            116.385137,
            39.914367
          ]
        ]
      }
    },
    {
      "type": "Feature",
      "properties": {
        "link_id": "867",
        "name": "北长街",
        "osm_way_id": "5685",
        "from_node_id": "44",
        "to_node_id": "214",
        "directed": "1",
        "geometry": "LINESTRING (116.385137 39.914367, 116.385143 39.914838)",
        "dir_flag": "1",
        "length": "52.38",
        "facility_type": "tertiary",
        "link_type": "5",
        "free_speed": "",
        "lanes": "",
        "capacity": "",
        "allowed_uses": "auto",
        "notes": "",
        "feature_type": "link"
      },
      "geometry": {
        "type": "LineString",
        "coordinates": [
          [
            116.385137,
            39.914367
          ],
          [
            116.385143,
            39.914838
          ]
        ]
      }
    },
    {
      "type": "Feature",
      "properties": {
        "link_id": "868",
        "name": "北长街",
        "osm_way_id": "5685",
        "from_node_id": "214",
        "to_node_id": "44",
        "directed": "1",
        "geometry": "LINESTRING (116.385143 39.914838, 116.385137 39.914367)",
        "dir_flag": "1",
        "length": "52.38",
        "facility_type": "tertiary",
        "link_type": "5",
        "free_speed": "",
        "lanes": "",
        "capacity": "",
        "allowed_uses": "auto",
        "notes": "",
        "feature_type": "link"
      },
      "geometry": {
        "type": "LineString",
        "coordinates": [
          [
            116.385143,
            39.914838
          ],
          [
            116.385137,
            39.914367
          ]
        ]
      }
    },
    {
      "type": "Feature",
      "properties": {
        "link_id": "869",
        "name": "",
        "osm_way_id": "5784",
        "from_node_id": "246",
        "to_node_id": "211",
        "directed": "1",
        "geometry": "LINESTRING (116.385197 39.911305, 116.385387 39.911313)",
        "dir_flag": "1",
        "length": "16.23",
        "facility_type": "residential",
        "link_type": "6",
        "free_speed": "",
        "lanes": "",
        "capacity": "",
        "allowed_uses": "auto",
        "notes": "",
        "feature_type": "link"
      },
      "geometry": {
        "type": "LineString",
        "coordinates": [
          [
            116.385197,
            39.911305
          ],
          [
            116.385387,
            39.911313
          ]
        ]
      }
    },
    {
      "type": "Feature",
      "properties": {
        "link_id": "870",
        "name": "",
        "osm_way_id": "5784",
        "from_node_id": "211",
        "to_node_id": "246",
        "directed": "1",
        "geometry": "LINESTRING (116.385387 39.911313, 116.385197 39.911305)",
        "dir_flag": "1",
        "length": "16.23",
        "facility_type": "residential",
        "link_type": "6",
        "free_speed": "",
        "lanes": "",
        "capacity": "",
        "allowed_uses": "auto",
        "notes": "",
        "feature_type": "link"
      },
      "geometry": {
        "type": "LineString",
        "coordinates": [
          [
            116.385387,
            39.911313
          ],
          [
            116.385197,
            39.911305
          ]
        ]
      }
    },
    {
      "type": "Feature",
      "properties": {
        "link_id": "871",
        "name": "",
        "osm_way_id": "5785",
        "from_node_id": "246",
        "to_node_id": "247",
        "directed": "1",
        "geometry": "LINESTRING (116.385197 39.911305, 116.384982 39.911296)",
        "dir_flag": "1",
        "length": "18.36",
        "facility_type": "residential",
        "link_type": "6",
        "free_speed": "",
        "lanes": "",
        "capacity": "",
        "allowed_uses": "auto",
        "notes": "",
        "feature_type": "link"
      },
      "geometry": {
        "type": "LineString",
        "coordinates": [
          [
            116.385197,
            39.911305
          ],
          [
            116.384982,
            39.911296
          ]
        ]
      }
    },
    {
      "type": "Feature",
      "properties": {
        "link_id": "872",
        "name": "",
        "osm_way_id": "5785",
        "from_node_id": "247",
        "to_node_id": "246",
        "directed": "1",
        "geometry": "LINESTRING (116.384982 39.911296, 116.385197 39.911305)",
        "dir_flag": "1",
        "length": "18.36",
        "facility_type": "residential",
        "link_type": "6",
        "free_speed": "",
        "lanes": "",
        "capacity": "",
        "allowed_uses": "auto",
        "notes": "",
        "feature_type": "link"
      },
      "geometry": {
        "type": "LineString",
        "coordinates": [
          [
            116.384982,
            39.911296
          ],
          [
            116.385197,
            39.911305
          ]
        ]
      }
    },
    {
      "type": "Feature",
      "properties": {
        "link_id": "873",
        "name": "西华门大街",
        "osm_way_id": "5850",
        "from_node_id": "42",
        "to_node_id": "41",
        "directed": "1",
        "geometry": "LINESTRING (116.385682 39.913388, 116.386329 39.913412)",
        "dir_flag": "1",
        "length": "55.25",
        "facility_type": "unclassified",
        "link_type": "20",
        "free_speed": "",
        "lanes": "",
        "capacity": "",
        "allowed_uses": "auto",
        "notes": "",
        "feature_type": "link"
      },
      "geometry": {
        "type": "LineString",
        "coordinates": [
          [
            116.385682,
            39.913388
          ],
          [
            116.386329,
            39.913412
          ]
        ]
      }
    },
    {
      "type": "Feature",
      "properties": {
        "link_id": "874",
        "name": "西华门大街",
        "osm_way_id": "5850",
        "from_node_id": "41",
        "to_node_id": "42",
        "directed": "1",
        "geometry": "LINESTRING (116.386329 39.913412, 116.385682 39.913388)",
        "dir_flag": "1",
        "length": "55.25",
        "facility_type": "unclassified",
        "link_type": "20",
        "free_speed": "",
        "lanes": "",
        "capacity": "",
        "allowed_uses": "auto",
        "notes": "",
        "feature_type": "link"
      },
      "geometry": {
        "type": "LineString",
        "coordinates": [
          [
            116.386329,
            39.913412
          ],
          [
            116.385682,
            39.913388
          ]
        ]
      }
    },
    {
      "type": "Feature",
      "properties": {
        "link_id": "875",
        "name": "西华门大街",
        "osm_way_id": "5851",
        "from_node_id": "42",
        "to_node_id": "43",
        "directed": "1",
        "geometry": "LINESTRING (116.385682 39.913388, 116.38518 39.913367)",
        "dir_flag": "1",
        "length": "42.88",
        "facility_type": "unclassified",
        "link_type": "20",
        "free_speed": "",
        "lanes": "",
        "capacity": "",
        "allowed_uses": "auto",
        "notes": "",
        "feature_type": "link"
      },
      "geometry": {
        "type": "LineString",
        "coordinates": [
          [
            116.385682,
            39.913388
          ],
          [
            116.38518,
            39.913367
          ]
        ]
      }
    },
    {
      "type": "Feature",
      "properties": {
        "link_id": "876",
        "name": "西华门大街",
        "osm_way_id": "5851",
        "from_node_id": "43",
        "to_node_id": "42",
        "directed": "1",
        "geometry": "LINESTRING (116.38518 39.913367, 116.385682 39.913388)",
        "dir_flag": "1",
        "length": "42.88",
        "facility_type": "unclassified",
        "link_type": "20",
        "free_speed": "",
        "lanes": "",
        "capacity": "",
        "allowed_uses": "auto",
        "notes": "",
        "feature_type": "link"
      },
      "geometry": {
        "type": "LineString",
        "coordinates": [
          [
            116.38518,
            39.913367
          ],
          [
            116.385682,
            39.913388
          ]
        ]
      }
    },
    {
      "type": "Feature",
      "properties": {
        "link_id": "877",
        "name": "东华门大街",
        "osm_way_id": "5855",
        "from_node_id": "33",
        "to_node_id": "286",
        "directed": "1",
        "geometry": "LINESTRING (116.395576 39.913738, 116.396198 39.913752)",
        "dir_flag": "1",
        "length": "53.07",
        "facility_type": "unclassified",
        "link_type": "20",
        "free_speed": "",
        "lanes": "1",
        "capacity": "",
        "allowed_uses": "auto",
        "notes": "",
        "feature_type": "link"
      },
      "geometry": {
        "type": "LineString",
        "coordinates": [
          [
            116.395576,
            39.913738
          ],
          [
            116.396198,
            39.913752
          ]
        ]
      }
    },
    {
      "type": "Feature",
      "properties": {
        "link_id": "878",
        "name": "东华门大街",
        "osm_way_id": "5855",
        "from_node_id": "286",
        "to_node_id": "33",
        "directed": "1",
        "geometry": "LINESTRING (116.396198 39.913752, 116.395576 39.913738)",
        "dir_flag": "1",
        "length": "53.07",
        "facility_type": "unclassified",
        "link_type": "20",
        "free_speed": "",
        "lanes": "1",
        "capacity": "",
        "allowed_uses": "auto",
        "notes": "",
        "feature_type": "link"
      },
      "geometry": {
        "type": "LineString",
        "coordinates": [
          [
            116.396198,
            39.913752
          ],
          [
            116.395576,
            39.913738
          ]
        ]
      }
    },
    {
      "type": "Feature",
      "properties": {
        "link_id": "879",
        "name": "东华门大街",
        "osm_way_id": "5856",
        "from_node_id": "33",
        "to_node_id": "32",
        "directed": "1",
        "geometry": "LINESTRING (116.395576 39.913738, 116.395476 39.913733)",
        "dir_flag": "1",
        "length": "8.55",
        "facility_type": "unclassified",
        "link_type": "20",
        "free_speed": "",
        "lanes": "",
        "capacity": "",
        "allowed_uses": "auto",
        "notes": "",
        "feature_type": "link"
      },
      "geometry": {
        "type": "LineString",
        "coordinates": [
          [
            116.395576,
            39.913738
          ],
          [
            116.395476,
            39.913733
          ]
        ]
      }
    },
    {
      "type": "Feature",
      "properties": {
        "link_id": "880",
        "name": "东华门大街",
        "osm_way_id": "5856",
        "from_node_id": "32",
        "to_node_id": "33",
        "directed": "1",
        "geometry": "LINESTRING (116.395476 39.913733, 116.395576 39.913738)",
        "dir_flag": "1",
        "length": "8.55",
        "facility_type": "unclassified",
        "link_type": "20",
        "free_speed": "",
        "lanes": "",
        "capacity": "",
        "allowed_uses": "auto",
        "notes": "",
        "feature_type": "link"
      },
      "geometry": {
        "type": "LineString",
        "coordinates": [
          [
            116.395476,
            39.913733
          ],
          [
            116.395576,
            39.913738
          ]
        ]
      }
    },
    {
      "type": "Feature",
      "properties": {
        "link_id": "881",
        "name": "东华门大街",
        "osm_way_id": "5857",
        "from_node_id": "286",
        "to_node_id": "33",
        "directed": "1",
        "geometry": "LINESTRING (116.396198 39.913752, 116.395576 39.913738)",
        "dir_flag": "1",
        "length": "53.07",
        "facility_type": "unclassified",
        "link_type": "20",
        "free_speed": "",
        "lanes": "1",
        "capacity": "",
        "allowed_uses": "auto",
        "notes": "",
        "feature_type": "link"
      },
      "geometry": {
        "type": "LineString",
        "coordinates": [
          [
            116.396198,
            39.913752
          ],
          [
            116.395576,
            39.913738
          ]
        ]
      }
    },
    {
      "type": "Feature",
      "properties": {
        "link_id": "882",
        "name": "东华门大街",
        "osm_way_id": "5857",
        "from_node_id": "33",
        "to_node_id": "286",
        "directed": "1",
        "geometry": "LINESTRING (116.395576 39.913738, 116.396198 39.913752)",
        "dir_flag": "1",
        "length": "53.07",
        "facility_type": "unclassified",
        "link_type": "20",
        "free_speed": "",
        "lanes": "1",
        "capacity": "",
        "allowed_uses": "auto",
        "notes": "",
        "feature_type": "link"
      },
      "geometry": {
        "type": "LineString",
        "coordinates": [
          [
            116.395576,
            39.913738
          ],
          [
            116.396198,
            39.913752
          ]
        ]
      }
    },
    {
      "type": "Feature",
      "properties": {
        "link_id": "883",
        "name": "东华门大街",
        "osm_way_id": "5858",
        "from_node_id": "286",
        "to_node_id": "38",
        "directed": "1",
        "geometry": "LINESTRING (116.396198 39.913752, 116.396612 39.913766)",
        "dir_flag": "1",
        "length": "35.34",
        "facility_type": "unclassified",
        "link_type": "20",
        "free_speed": "",
        "lanes": "",
        "capacity": "",
        "allowed_uses": "auto",
        "notes": "",
        "feature_type": "link"
      },
      "geometry": {
        "type": "LineString",
        "coordinates": [
          [
            116.396198,
            39.913752
          ],
          [
            116.396612,
            39.913766
          ]
        ]
      }
    },
    {
      "type": "Feature",
      "properties": {
        "link_id": "884",
        "name": "东华门大街",
        "osm_way_id": "5858",
        "from_node_id": "38",
        "to_node_id": "286",
        "directed": "1",
        "geometry": "LINESTRING (116.396612 39.913766, 116.396198 39.913752)",
        "dir_flag": "1",
        "length": "35.34",
        "facility_type": "unclassified",
        "link_type": "20",
        "free_speed": "",
        "lanes": "",
        "capacity": "",
        "allowed_uses": "auto",
        "notes": "",
        "feature_type": "link"
      },
      "geometry": {
        "type": "LineString",
        "coordinates": [
          [
            116.396612,
            39.913766
          ],
          [
            116.396198,
            39.913752
          ]
        ]
      }
    },
    {
      "type": "Feature",
      "properties": {
        "link_id": "885",
        "name": "南池子大街",
        "osm_way_id": "5861",
        "from_node_id": "218",
        "to_node_id": "261",
        "directed": "1",
        "geometry": "LINESTRING (116.397081 39.906803, 116.397074 39.906895)",
        "dir_flag": "1",
        "length": "10.25",
        "facility_type": "tertiary",
        "link_type": "5",
        "free_speed": "",
        "lanes": "",
        "capacity": "",
        "allowed_uses": "auto",
        "notes": "",
        "feature_type": "link"
      },
      "geometry": {
        "type": "LineString",
        "coordinates": [
          [
            116.397081,
            39.906803
          ],
          [
            116.397074,
            39.906895
          ]
        ]
      }
    },
    {
      "type": "Feature",
      "properties": {
        "link_id": "886",
        "name": "南池子大街",
        "osm_way_id": "5861",
        "from_node_id": "261",
        "to_node_id": "218",
        "directed": "1",
        "geometry": "LINESTRING (116.397074 39.906895, 116.397081 39.906803)",
        "dir_flag": "1",
        "length": "10.25",
        "facility_type": "tertiary",
        "link_type": "5",
        "free_speed": "",
        "lanes": "",
        "capacity": "",
        "allowed_uses": "auto",
        "notes": "",
        "feature_type": "link"
      },
      "geometry": {
        "type": "LineString",
        "coordinates": [
          [
            116.397074,
            39.906895
          ],
          [
            116.397081,
            39.906803
          ]
        ]
      }
    },
    {
      "type": "Feature",
      "properties": {
        "link_id": "887",
        "name": "南池子大街",
        "osm_way_id": "5862",
        "from_node_id": "218",
        "to_node_id": "217",
        "directed": "1",
        "geometry": "LINESTRING (116.397081 39.906803, 116.397084 39.906772)",
        "dir_flag": "1",
        "length": "3.46",
        "facility_type": "tertiary",
        "link_type": "5",
        "free_speed": "",
        "lanes": "",
        "capacity": "",
        "allowed_uses": "auto",
        "notes": "",
        "feature_type": "link"
      },
      "geometry": {
        "type": "LineString",
        "coordinates": [
          [
            116.397081,
            39.906803
          ],
          [
            116.397084,
            39.906772
          ]
        ]
      }
    },
    {
      "type": "Feature",
      "properties": {
        "link_id": "888",
        "name": "南池子大街",
        "osm_way_id": "5862",
        "from_node_id": "217",
        "to_node_id": "218",
        "directed": "1",
        "geometry": "LINESTRING (116.397084 39.906772, 116.397081 39.906803)",
        "dir_flag": "1",
        "length": "3.46",
        "facility_type": "tertiary",
        "link_type": "5",
        "free_speed": "",
        "lanes": "",
        "capacity": "",
        "allowed_uses": "auto",
        "notes": "",
        "feature_type": "link"
      },
      "geometry": {
        "type": "LineString",
        "coordinates": [
          [
            116.397084,
            39.906772
          ],
          [
            116.397081,
            39.906803
          ]
        ]
      }
    },
    {
      "type": "Feature",
      "properties": {
        "link_id": "889",
        "name": "人大会堂西路",
        "osm_way_id": "5867",
        "from_node_id": "225",
        "to_node_id": "223",
        "directed": "1",
        "geometry": "LINESTRING (116.385423 39.905528, 116.38544 39.905208)",
        "dir_flag": "1",
        "length": "35.61",
        "facility_type": "tertiary",
        "link_type": "5",
        "free_speed": "",
        "lanes": "",
        "capacity": "",
        "allowed_uses": "auto",
        "notes": "",
        "feature_type": "link"
      },
      "geometry": {
        "type": "LineString",
        "coordinates": [
          [
            116.385423,
            39.905528
          ],
          [
            116.38544,
            39.905208
          ]
        ]
      }
    },
    {
      "type": "Feature",
      "properties": {
        "link_id": "890",
        "name": "人大会堂西路",
        "osm_way_id": "5867",
        "from_node_id": "223",
        "to_node_id": "225",
        "directed": "1",
        "geometry": "LINESTRING (116.38544 39.905208, 116.385423 39.905528)",
        "dir_flag": "1",
        "length": "35.61",
        "facility_type": "tertiary",
        "link_type": "5",
        "free_speed": "",
        "lanes": "",
        "capacity": "",
        "allowed_uses": "auto",
        "notes": "",
        "feature_type": "link"
      },
      "geometry": {
        "type": "LineString",
        "coordinates": [
          [
            116.38544,
            39.905208
          ],
          [
            116.385423,
            39.905528
          ]
        ]
      }
    },
    {
      "type": "Feature",
      "properties": {
        "link_id": "891",
        "name": "人大会堂西路",
        "osm_way_id": "5868",
        "from_node_id": "225",
        "to_node_id": "200",
        "directed": "1",
        "geometry": "LINESTRING (116.385423 39.905528, 116.38542 39.905567)",
        "dir_flag": "1",
        "length": "4.34",
        "facility_type": "tertiary",
        "link_type": "5",
        "free_speed": "",
        "lanes": "",
        "capacity": "",
        "allowed_uses": "auto",
        "notes": "",
        "feature_type": "link"
      },
      "geometry": {
        "type": "LineString",
        "coordinates": [
          [
            116.385423,
            39.905528
          ],
          [
            116.38542,
            39.905567
          ]
        ]
      }
    },
    {
      "type": "Feature",
      "properties": {
        "link_id": "892",
        "name": "人大会堂西路",
        "osm_way_id": "5868",
        "from_node_id": "200",
        "to_node_id": "225",
        "directed": "1",
        "geometry": "LINESTRING (116.38542 39.905567, 116.385423 39.905528)",
        "dir_flag": "1",
        "length": "4.34",
        "facility_type": "tertiary",
        "link_type": "5",
        "free_speed": "",
        "lanes": "",
        "capacity": "",
        "allowed_uses": "auto",
        "notes": "",
        "feature_type": "link"
      },
      "geometry": {
        "type": "LineString",
        "coordinates": [
          [
            116.38542,
            39.905567
          ],
          [
            116.385423,
            39.905528
          ]
        ]
      }
    },
    {
      "type": "Feature",
      "properties": {
        "link_id": "893",
        "name": "南长街",
        "osm_way_id": "5869",
        "from_node_id": "254",
        "to_node_id": "203",
        "directed": "1",
        "geometry": "LINESTRING (116.385675 39.906473, 116.385676 39.906385)",
        "dir_flag": "1",
        "length": "9.79",
        "facility_type": "tertiary",
        "link_type": "5",
        "free_speed": "",
        "lanes": "",
        "capacity": "",
        "allowed_uses": "auto",
        "notes": "",
        "feature_type": "link"
      },
      "geometry": {
        "type": "LineString",
        "coordinates": [
          [
            116.385675,
            39.906473
          ],
          [
            116.385676,
            39.906385
          ]
        ]
      }
    },
    {
      "type": "Feature",
      "properties": {
        "link_id": "894",
        "name": "南长街",
        "osm_way_id": "5869",
        "from_node_id": "203",
        "to_node_id": "254",
        "directed": "1",
        "geometry": "LINESTRING (116.385676 39.906385, 116.385675 39.906473)",
        "dir_flag": "1",
        "length": "9.79",
        "facility_type": "tertiary",
        "link_type": "5",
        "free_speed": "",
        "lanes": "",
        "capacity": "",
        "allowed_uses": "auto",
        "notes": "",
        "feature_type": "link"
      },
      "geometry": {
        "type": "LineString",
        "coordinates": [
          [
            116.385676,
            39.906385
          ],
          [
            116.385675,
            39.906473
          ]
        ]
      }
    },
    {
      "type": "Feature",
      "properties": {
        "link_id": "895",
        "name": "南长街",
        "osm_way_id": "5870",
        "from_node_id": "254",
        "to_node_id": "149",
        "directed": "1",
        "geometry": "LINESTRING (116.385675 39.906473, 116.385675 39.90656)",
        "dir_flag": "1",
        "length": "9.67",
        "facility_type": "tertiary",
        "link_type": "5",
        "free_speed": "",
        "lanes": "",
        "capacity": "",
        "allowed_uses": "auto",
        "notes": "",
        "feature_type": "link"
      },
      "geometry": {
        "type": "LineString",
        "coordinates": [
          [
            116.385675,
            39.906473
          ],
          [
            116.385675,
            39.90656
          ]
        ]
      }
    },
    {
      "type": "Feature",
      "properties": {
        "link_id": "896",
        "name": "南长街",
        "osm_way_id": "5870",
        "from_node_id": "149",
        "to_node_id": "254",
        "directed": "1",
        "geometry": "LINESTRING (116.385675 39.90656, 116.385675 39.906473)",
        "dir_flag": "1",
        "length": "9.67",
        "facility_type": "tertiary",
        "link_type": "5",
        "free_speed": "",
        "lanes": "",
        "capacity": "",
        "allowed_uses": "auto",
        "notes": "",
        "feature_type": "link"
      },
      "geometry": {
        "type": "LineString",
        "coordinates": [
          [
            116.385675,
            39.90656
          ],
          [
            116.385675,
            39.906473
          ]
        ]
      }
    },
    {
      "type": "Feature",
      "properties": {
        "link_id": "897",
        "name": "人大会堂西路",
        "osm_way_id": "5871",
        "from_node_id": "196",
        "to_node_id": "195",
        "directed": "1",
        "geometry": "LINESTRING (116.389401 39.901498, 116.389652 39.901507)",
        "dir_flag": "1",
        "length": "21.43",
        "facility_type": "tertiary",
        "link_type": "5",
        "free_speed": "",
        "lanes": "",
        "capacity": "",
        "allowed_uses": "auto",
        "notes": "",
        "feature_type": "link"
      },
      "geometry": {
        "type": "LineString",
        "coordinates": [
          [
            116.389401,
            39.901498
          ],
          [
            116.389652,
            39.901507
          ]
        ]
      }
    },
    {
      "type": "Feature",
      "properties": {
        "link_id": "898",
        "name": "人大会堂西路",
        "osm_way_id": "5871",
        "from_node_id": "195",
        "to_node_id": "196",
        "directed": "1",
        "geometry": "LINESTRING (116.389652 39.901507, 116.389401 39.901498)",
        "dir_flag": "1",
        "length": "21.43",
        "facility_type": "tertiary",
        "link_type": "5",
        "free_speed": "",
        "lanes": "",
        "capacity": "",
        "allowed_uses": "auto",
        "notes": "",
        "feature_type": "link"
      },
      "geometry": {
        "type": "LineString",
        "coordinates": [
          [
            116.389652,
            39.901507
          ],
          [
            116.389401,
            39.901498
          ]
        ]
      }
    },
    {
      "type": "Feature",
      "properties": {
        "link_id": "899",
        "name": "人大会堂西路",
        "osm_way_id": "5872",
        "from_node_id": "196",
        "to_node_id": "100",
        "directed": "1",
        "geometry": "LINESTRING (116.389401 39.901498, 116.388201 39.901459)",
        "dir_flag": "1",
        "length": "102.46",
        "facility_type": "tertiary",
        "link_type": "5",
        "free_speed": "",
        "lanes": "",
        "capacity": "",
        "allowed_uses": "auto",
        "notes": "",
        "feature_type": "link"
      },
      "geometry": {
        "type": "LineString",
        "coordinates": [
          [
            116.389401,
            39.901498
          ],
          [
            116.388201,
            39.901459
          ]
        ]
      }
    },
    {
      "type": "Feature",
      "properties": {
        "link_id": "900",
        "name": "人大会堂西路",
        "osm_way_id": "5872",
        "from_node_id": "100",
        "to_node_id": "196",
        "directed": "1",
        "geometry": "LINESTRING (116.388201 39.901459, 116.389401 39.901498)",
        "dir_flag": "1",
        "length": "102.46",
        "facility_type": "tertiary",
        "link_type": "5",
        "free_speed": "",
        "lanes": "",
        "capacity": "",
        "allowed_uses": "auto",
        "notes": "",
        "feature_type": "link"
      },
      "geometry": {
        "type": "LineString",
        "coordinates": [
          [
            116.388201,
            39.901459
          ],
          [
            116.389401,
            39.901498
          ]
        ]
      }
    },
    {
      "type": "Feature",
      "properties": {
        "link_id": "901",
        "name": "人大会堂西路",
        "osm_way_id": "6043",
        "from_node_id": "269",
        "to_node_id": "222",
        "directed": "1",
        "geometry": "LINESTRING (116.38553 39.903301, 116.385576 39.90249)",
        "dir_flag": "1",
        "length": "90.26",
        "facility_type": "tertiary",
        "link_type": "5",
        "free_speed": "",
        "lanes": "",
        "capacity": "",
        "allowed_uses": "auto",
        "notes": "",
        "feature_type": "link"
      },
      "geometry": {
        "type": "LineString",
        "coordinates": [
          [
            116.38553,
            39.903301
          ],
          [
            116.385576,
            39.90249
          ]
        ]
      }
    },
    {
      "type": "Feature",
      "properties": {
        "link_id": "902",
        "name": "人大会堂西路",
        "osm_way_id": "6043",
        "from_node_id": "222",
        "to_node_id": "269",
        "directed": "1",
        "geometry": "LINESTRING (116.385576 39.90249, 116.38553 39.903301)",
        "dir_flag": "1",
        "length": "90.26",
        "facility_type": "tertiary",
        "link_type": "5",
        "free_speed": "",
        "lanes": "",
        "capacity": "",
        "allowed_uses": "auto",
        "notes": "",
        "feature_type": "link"
      },
      "geometry": {
        "type": "LineString",
        "coordinates": [
          [
            116.385576,
            39.90249
          ],
          [
            116.38553,
            39.903301
          ]
        ]
      }
    },
    {
      "type": "Feature",
      "properties": {
        "link_id": "903",
        "name": "人大会堂西路",
        "osm_way_id": "6044",
        "from_node_id": "269",
        "to_node_id": "224",
        "directed": "1",
        "geometry": "LINESTRING (116.38553 39.903301, 116.385483 39.904299)",
        "dir_flag": "1",
        "length": "111.04",
        "facility_type": "tertiary",
        "link_type": "5",
        "free_speed": "",
        "lanes": "",
        "capacity": "",
        "allowed_uses": "auto",
        "notes": "",
        "feature_type": "link"
      },
      "geometry": {
        "type": "LineString",
        "coordinates": [
          [
            116.38553,
            39.903301
          ],
          [
            116.385483,
            39.904299
          ]
        ]
      }
    },
    {
      "type": "Feature",
      "properties": {
        "link_id": "904",
        "name": "人大会堂西路",
        "osm_way_id": "6044",
        "from_node_id": "224",
        "to_node_id": "269",
        "directed": "1",
        "geometry": "LINESTRING (116.385483 39.904299, 116.38553 39.903301)",
        "dir_flag": "1",
        "length": "111.04",
        "facility_type": "tertiary",
        "link_type": "5",
        "free_speed": "",
        "lanes": "",
        "capacity": "",
        "allowed_uses": "auto",
        "notes": "",
        "feature_type": "link"
      },
      "geometry": {
        "type": "LineString",
        "coordinates": [
          [
            116.385483,
            39.904299
          ],
          [
            116.38553,
            39.903301
          ]
        ]
      }
    },
    {
      "type": "Feature",
      "properties": {
        "link_id": "905",
        "name": "人大会堂西路",
        "osm_way_id": "6071",
        "from_node_id": "10",
        "to_node_id": "14",
        "directed": "1",
        "geometry": "LINESTRING (116.386523 39.901568, 116.386542 39.901558)",
        "dir_flag": "1",
        "length": "1.97",
        "facility_type": "tertiary",
        "link_type": "5",
        "free_speed": "",
        "lanes": "",
        "capacity": "",
        "allowed_uses": "auto",
        "notes": "",
        "feature_type": "link"
      },
      "geometry": {
        "type": "LineString",
        "coordinates": [
          [
            116.386523,
            39.901568
          ],
          [
            116.386542,
            39.901558
          ]
        ]
      }
    },
    {
      "type": "Feature",
      "properties": {
        "link_id": "906",
        "name": "人大会堂西路",
        "osm_way_id": "6071",
        "from_node_id": "14",
        "to_node_id": "10",
        "directed": "1",
        "geometry": "LINESTRING (116.386542 39.901558, 116.386523 39.901568)",
        "dir_flag": "1",
        "length": "1.97",
        "facility_type": "tertiary",
        "link_type": "5",
        "free_speed": "",
        "lanes": "",
        "capacity": "",
        "allowed_uses": "auto",
        "notes": "",
        "feature_type": "link"
      },
      "geometry": {
        "type": "LineString",
        "coordinates": [
          [
            116.386542,
            39.901558
          ],
          [
            116.386523,
            39.901568
          ]
        ]
      }
    },
    {
      "type": "Feature",
      "properties": {
        "link_id": "907",
        "name": "人大会堂西路",
        "osm_way_id": "6072",
        "from_node_id": "10",
        "to_node_id": "9",
        "directed": "1",
        "geometry": "LINESTRING (116.386523 39.901568, 116.386284 39.901695)",
        "dir_flag": "1",
        "length": "24.80",
        "facility_type": "tertiary",
        "link_type": "5",
        "free_speed": "",
        "lanes": "",
        "capacity": "",
        "allowed_uses": "auto",
        "notes": "",
        "feature_type": "link"
      },
      "geometry": {
        "type": "LineString",
        "coordinates": [
          [
            116.386523,
            39.901568
          ],
          [
            116.386284,
            39.901695
          ]
        ]
      }
    },
    {
      "type": "Feature",
      "properties": {
        "link_id": "908",
        "name": "人大会堂西路",
        "osm_way_id": "6072",
        "from_node_id": "9",
        "to_node_id": "10",
        "directed": "1",
        "geometry": "LINESTRING (116.386284 39.901695, 116.386523 39.901568)",
        "dir_flag": "1",
        "length": "24.80",
        "facility_type": "tertiary",
        "link_type": "5",
        "free_speed": "",
        "lanes": "",
        "capacity": "",
        "allowed_uses": "auto",
        "notes": "",
        "feature_type": "link"
      },
      "geometry": {
        "type": "LineString",
        "coordinates": [
          [
            116.386284,
            39.901695
          ],
          [
            116.386523,
            39.901568
          ]
        ]
      }
    },
    {
      "type": "Feature",
      "properties": {
        "link_id": "909",
        "name": "广场东侧路",
        "osm_way_id": "6100",
        "from_node_id": "287",
        "to_node_id": "105",
        "directed": "1",
        "geometry": "LINESTRING (116.393441 39.899157, 116.393316 39.901552)",
        "dir_flag": "1",
        "length": "266.53",
        "facility_type": "secondary",
        "link_type": "4",
        "free_speed": "70",
        "lanes": "4",
        "capacity": "",
        "allowed_uses": "auto",
        "notes": "",
        "feature_type": "link"
      },
      "geometry": {
        "type": "LineString",
        "coordinates": [
          [
            116.393441,
            39.899157
          ],
          [
            116.393316,
            39.901552
          ]
        ]
      }
    },
    {
      "type": "Feature",
      "properties": {
        "link_id": "910",
        "name": "晨光街",
        "osm_way_id": "6106",
        "from_node_id": "96",
        "to_node_id": "169",
        "directed": "1",
        "geometry": "LINESTRING (116.401122 39.908297, 116.401117 39.908352)",
        "dir_flag": "1",
        "length": "6.13",
        "facility_type": "residential",
        "link_type": "6",
        "free_speed": "",
        "lanes": "",
        "capacity": "",
        "allowed_uses": "auto",
        "notes": "",
        "feature_type": "link"
      },
      "geometry": {
        "type": "LineString",
        "coordinates": [
          [
            116.401122,
            39.908297
          ],
          [
            116.401117,
            39.908352
          ]
        ]
      }
    },
    {
      "type": "Feature",
      "properties": {
        "link_id": "911",
        "name": "晨光街",
        "osm_way_id": "6106",
        "from_node_id": "169",
        "to_node_id": "96",
        "directed": "1",
        "geometry": "LINESTRING (116.401117 39.908352, 116.401122 39.908297)",
        "dir_flag": "1",
        "length": "6.13",
        "facility_type": "residential",
        "link_type": "6",
        "free_speed": "",
        "lanes": "",
        "capacity": "",
        "allowed_uses": "auto",
        "notes": "",
        "feature_type": "link"
      },
      "geometry": {
        "type": "LineString",
        "coordinates": [
          [
            116.401117,
            39.908352
          ],
          [
            116.401122,
            39.908297
          ]
        ]
      }
    },
    {
      "type": "Feature",
      "properties": {
        "link_id": "912",
        "name": "晨光街",
        "osm_way_id": "6107",
        "from_node_id": "96",
        "to_node_id": "95",
        "directed": "1",
        "geometry": "LINESTRING (116.401122 39.908297, 116.401136 39.908219)",
        "dir_flag": "1",
        "length": "8.76",
        "facility_type": "residential",
        "link_type": "6",
        "free_speed": "",
        "lanes": "",
        "capacity": "",
        "allowed_uses": "auto",
        "notes": "",
        "feature_type": "link"
      },
      "geometry": {
        "type": "LineString",
        "coordinates": [
          [
            116.401122,
            39.908297
          ],
          [
            116.401136,
            39.908219
          ]
        ]
      }
    },
    {
      "type": "Feature",
      "properties": {
        "link_id": "913",
        "name": "晨光街",
        "osm_way_id": "6107",
        "from_node_id": "95",
        "to_node_id": "96",
        "directed": "1",
        "geometry": "LINESTRING (116.401136 39.908219, 116.401122 39.908297)",
        "dir_flag": "1",
        "length": "8.76",
        "facility_type": "residential",
        "link_type": "6",
        "free_speed": "",
        "lanes": "",
        "capacity": "",
        "allowed_uses": "auto",
        "notes": "",
        "feature_type": "link"
      },
      "geometry": {
        "type": "LineString",
        "coordinates": [
          [
            116.401136,
            39.908219
          ],
          [
            116.401122,
            39.908297
          ]
        ]
      }
    },
    {
      "type": "Feature",
      "properties": {
        "link_id": "914",
        "name": "晨光街",
        "osm_way_id": "6108",
        "from_node_id": "169",
        "to_node_id": "168",
        "directed": "1",
        "geometry": "LINESTRING (116.401117 39.908352, 116.401096 39.909165)",
        "dir_flag": "1",
        "length": "90.42",
        "facility_type": "residential",
        "link_type": "6",
        "free_speed": "",
        "lanes": "",
        "capacity": "",
        "allowed_uses": "auto",
        "notes": "",
        "feature_type": "link"
      },
      "geometry": {
        "type": "LineString",
        "coordinates": [
          [
            116.401117,
            39.908352
          ],
          [
            116.401096,
            39.909165
          ]
        ]
      }
    },
    {
      "type": "Feature",
      "properties": {
        "link_id": "915",
        "name": "晨光街",
        "osm_way_id": "6108",
        "from_node_id": "168",
        "to_node_id": "169",
        "directed": "1",
        "geometry": "LINESTRING (116.401096 39.909165, 116.401117 39.908352)",
        "dir_flag": "1",
        "length": "90.42",
        "facility_type": "residential",
        "link_type": "6",
        "free_speed": "",
        "lanes": "",
        "capacity": "",
        "allowed_uses": "auto",
        "notes": "",
        "feature_type": "link"
      },
      "geometry": {
        "type": "LineString",
        "coordinates": [
          [
            116.401096,
            39.909165
          ],
          [
            116.401117,
            39.908352
          ]
        ]
      }
    },
    {
      "type": "Feature",
      "properties": {
        "link_id": "916",
        "name": "晨光街",
        "osm_way_id": "6109",
        "from_node_id": "169",
        "to_node_id": "96",
        "directed": "1",
        "geometry": "LINESTRING (116.401117 39.908352, 116.401122 39.908297)",
        "dir_flag": "1",
        "length": "6.13",
        "facility_type": "residential",
        "link_type": "6",
        "free_speed": "",
        "lanes": "",
        "capacity": "",
        "allowed_uses": "auto",
        "notes": "",
        "feature_type": "link"
      },
      "geometry": {
        "type": "LineString",
        "coordinates": [
          [
            116.401117,
            39.908352
          ],
          [
            116.401122,
            39.908297
          ]
        ]
      }
    },
    {
      "type": "Feature",
      "properties": {
        "link_id": "917",
        "name": "晨光街",
        "osm_way_id": "6109",
        "from_node_id": "96",
        "to_node_id": "169",
        "directed": "1",
        "geometry": "LINESTRING (116.401122 39.908297, 116.401117 39.908352)",
        "dir_flag": "1",
        "length": "6.13",
        "facility_type": "residential",
        "link_type": "6",
        "free_speed": "",
        "lanes": "",
        "capacity": "",
        "allowed_uses": "auto",
        "notes": "",
        "feature_type": "link"
      },
      "geometry": {
        "type": "LineString",
        "coordinates": [
          [
            116.401122,
            39.908297
          ],
          [
            116.401117,
            39.908352
          ]
        ]
      }
    },
    {
      "type": "Feature",
      "properties": {
        "link_id": "918",
        "name": "霞公府街",
        "osm_way_id": "6110",
        "from_node_id": "167",
        "to_node_id": "94",
        "directed": "1",
        "geometry": "LINESTRING (116.401592 39.907918, 116.401656 39.907907)",
        "dir_flag": "1",
        "length": "5.59",
        "facility_type": "residential",
        "link_type": "6",
        "free_speed": "",
        "lanes": "",
        "capacity": "",
        "allowed_uses": "auto",
        "notes": "",
        "feature_type": "link"
      },
      "geometry": {
        "type": "LineString",
        "coordinates": [
          [
            116.401592,
            39.907918
          ],
          [
            116.401656,
            39.907907
          ]
        ]
      }
    },
    {
      "type": "Feature",
      "properties": {
        "link_id": "919",
        "name": "霞公府街",
        "osm_way_id": "6110",
        "from_node_id": "94",
        "to_node_id": "167",
        "directed": "1",
        "geometry": "LINESTRING (116.401656 39.907907, 116.401592 39.907918)",
        "dir_flag": "1",
        "length": "5.59",
        "facility_type": "residential",
        "link_type": "6",
        "free_speed": "",
        "lanes": "",
        "capacity": "",
        "allowed_uses": "auto",
        "notes": "",
        "feature_type": "link"
      },
      "geometry": {
        "type": "LineString",
        "coordinates": [
          [
            116.401656,
            39.907907
          ],
          [
            116.401592,
            39.907918
          ]
        ]
      }
    },
    {
      "type": "Feature",
      "properties": {
        "link_id": "920",
        "name": "霞公府街",
        "osm_way_id": "6111",
        "from_node_id": "167",
        "to_node_id": "97",
        "directed": "1",
        "geometry": "LINESTRING (116.401592 39.907918, 116.401524 39.907944)",
        "dir_flag": "1",
        "length": "6.48",
        "facility_type": "residential",
        "link_type": "6",
        "free_speed": "",
        "lanes": "",
        "capacity": "",
        "allowed_uses": "auto",
        "notes": "",
        "feature_type": "link"
      },
      "geometry": {
        "type": "LineString",
        "coordinates": [
          [
            116.401592,
            39.907918
          ],
          [
            116.401524,
            39.907944
          ]
        ]
      }
    },
    {
      "type": "Feature",
      "properties": {
        "link_id": "921",
        "name": "霞公府街",
        "osm_way_id": "6111",
        "from_node_id": "97",
        "to_node_id": "167",
        "directed": "1",
        "geometry": "LINESTRING (116.401524 39.907944, 116.401592 39.907918)",
        "dir_flag": "1",
        "length": "6.48",
        "facility_type": "residential",
        "link_type": "6",
        "free_speed": "",
        "lanes": "",
        "capacity": "",
        "allowed_uses": "auto",
        "notes": "",
        "feature_type": "link"
      },
      "geometry": {
        "type": "LineString",
        "coordinates": [
          [
            116.401524,
            39.907944
          ],
          [
            116.401592,
            39.907918
          ]
        ]
      }
    },
    {
      "type": "Feature",
      "properties": {
        "link_id": "922",
        "name": "霞公府街",
        "osm_way_id": "6112",
        "from_node_id": "94",
        "to_node_id": "92",
        "directed": "1",
        "geometry": "LINESTRING (116.401656 39.907907, 116.401719 39.907901)",
        "dir_flag": "1",
        "length": "5.41",
        "facility_type": "residential",
        "link_type": "6",
        "free_speed": "",
        "lanes": "",
        "capacity": "",
        "allowed_uses": "auto",
        "notes": "",
        "feature_type": "link"
      },
      "geometry": {
        "type": "LineString",
        "coordinates": [
          [
            116.401656,
            39.907907
          ],
          [
            116.401719,
            39.907901
          ]
        ]
      }
    },
    {
      "type": "Feature",
      "properties": {
        "link_id": "923",
        "name": "霞公府街",
        "osm_way_id": "6112",
        "from_node_id": "92",
        "to_node_id": "94",
        "directed": "1",
        "geometry": "LINESTRING (116.401719 39.907901, 116.401656 39.907907)",
        "dir_flag": "1",
        "length": "5.41",
        "facility_type": "residential",
        "link_type": "6",
        "free_speed": "",
        "lanes": "",
        "capacity": "",
        "allowed_uses": "auto",
        "notes": "",
        "feature_type": "link"
      },
      "geometry": {
        "type": "LineString",
        "coordinates": [
          [
            116.401719,
            39.907901
          ],
          [
            116.401656,
            39.907907
          ]
        ]
      }
    },
    {
      "type": "Feature",
      "properties": {
        "link_id": "924",
        "name": "霞公府街",
        "osm_way_id": "6113",
        "from_node_id": "94",
        "to_node_id": "167",
        "directed": "1",
        "geometry": "LINESTRING (116.401656 39.907907, 116.401592 39.907918)",
        "dir_flag": "1",
        "length": "5.59",
        "facility_type": "residential",
        "link_type": "6",
        "free_speed": "",
        "lanes": "",
        "capacity": "",
        "allowed_uses": "auto",
        "notes": "",
        "feature_type": "link"
      },
      "geometry": {
        "type": "LineString",
        "coordinates": [
          [
            116.401656,
            39.907907
          ],
          [
            116.401592,
            39.907918
          ]
        ]
      }
    },
    {
      "type": "Feature",
      "properties": {
        "link_id": "925",
        "name": "霞公府街",
        "osm_way_id": "6113",
        "from_node_id": "167",
        "to_node_id": "94",
        "directed": "1",
        "geometry": "LINESTRING (116.401592 39.907918, 116.401656 39.907907)",
        "dir_flag": "1",
        "length": "5.59",
        "facility_type": "residential",
        "link_type": "6",
        "free_speed": "",
        "lanes": "",
        "capacity": "",
        "allowed_uses": "auto",
        "notes": "",
        "feature_type": "link"
      },
      "geometry": {
        "type": "LineString",
        "coordinates": [
          [
            116.401592,
            39.907918
          ],
          [
            116.401656,
            39.907907
          ]
        ]
      }
    },
    {
      "type": "Feature",
      "properties": {
        "link_id": "926",
        "name": "东华门大街",
        "osm_way_id": "6227",
        "from_node_id": "38",
        "to_node_id": "286",
        "directed": "1",
        "geometry": "LINESTRING (116.396612 39.913766, 116.396198 39.913752)",
        "dir_flag": "1",
        "length": "35.34",
        "facility_type": "unclassified",
        "link_type": "20",
        "free_speed": "",
        "lanes": "",
        "capacity": "",
        "allowed_uses": "auto",
        "notes": "",
        "feature_type": "link"
      },
      "geometry": {
        "type": "LineString",
        "coordinates": [
          [
            116.396612,
            39.913766
          ],
          [
            116.396198,
            39.913752
          ]
        ]
      }
    },
    {
      "type": "Feature",
      "properties": {
        "link_id": "927",
        "name": "东华门大街",
        "osm_way_id": "6227",
        "from_node_id": "286",
        "to_node_id": "38",
        "directed": "1",
        "geometry": "LINESTRING (116.396198 39.913752, 116.396612 39.913766)",
        "dir_flag": "1",
        "length": "35.34",
        "facility_type": "unclassified",
        "link_type": "20",
        "free_speed": "",
        "lanes": "",
        "capacity": "",
        "allowed_uses": "auto",
        "notes": "",
        "feature_type": "link"
      },
      "geometry": {
        "type": "LineString",
        "coordinates": [
          [
            116.396198,
            39.913752
          ],
          [
            116.396612,
            39.913766
          ]
        ]
      }
    },
    {
      "type": "Feature",
      "properties": {
        "link_id": "928",
        "name": "东华门大街",
        "osm_way_id": "6228",
        "from_node_id": "38",
        "to_node_id": "34",
        "directed": "1",
        "geometry": "LINESTRING (116.396612 39.913766, 116.396732 39.91377)",
        "dir_flag": "1",
        "length": "10.24",
        "facility_type": "unclassified",
        "link_type": "20",
        "free_speed": "",
        "lanes": "",
        "capacity": "",
        "allowed_uses": "auto",
        "notes": "",
        "feature_type": "link"
      },
      "geometry": {
        "type": "LineString",
        "coordinates": [
          [
            116.396612,
            39.913766
          ],
          [
            116.396732,
            39.91377
          ]
        ]
      }
    },
    {
      "type": "Feature",
      "properties": {
        "link_id": "929",
        "name": "东华门大街",
        "osm_way_id": "6228",
        "from_node_id": "34",
        "to_node_id": "38",
        "directed": "1",
        "geometry": "LINESTRING (116.396732 39.91377, 116.396612 39.913766)",
        "dir_flag": "1",
        "length": "10.24",
        "facility_type": "unclassified",
        "link_type": "20",
        "free_speed": "",
        "lanes": "",
        "capacity": "",
        "allowed_uses": "auto",
        "notes": "",
        "feature_type": "link"
      },
      "geometry": {
        "type": "LineString",
        "coordinates": [
          [
            116.396732,
            39.91377
          ],
          [
            116.396612,
            39.913766
          ]
        ]
      }
    },
    {
      "type": "Feature",
      "properties": {
        "link_id": "930",
        "name": "广场东侧路",
        "osm_way_id": "6279",
        "from_node_id": "190",
        "to_node_id": "288",
        "directed": "1",
        "geometry": "LINESTRING (116.39321 39.903804, 116.393179 39.904372)",
        "dir_flag": "1",
        "length": "63.21",
        "facility_type": "secondary",
        "link_type": "4",
        "free_speed": "70",
        "lanes": "4",
        "capacity": "",
        "allowed_uses": "auto",
        "notes": "",
        "feature_type": "link"
      },
      "geometry": {
        "type": "LineString",
        "coordinates": [
          [
            116.39321,
            39.903804
          ],
          [
            116.393179,
            39.904372
          ]
        ]
      }
    },
    {
      "type": "Feature",
      "properties": {
        "link_id": "931",
        "name": "",
        "osm_way_id": "6280",
        "from_node_id": "289",
        "to_node_id": "266",
        "directed": "1",
        "geometry": "LINESTRING (116.3931 39.905836, 116.393097 39.905897)",
        "dir_flag": "1",
        "length": "6.79",
        "facility_type": "secondary",
        "link_type": "4",
        "free_speed": "",
        "lanes": "",
        "capacity": "",
        "allowed_uses": "auto",
        "notes": "",
        "feature_type": "link"
      },
      "geometry": {
        "type": "LineString",
        "coordinates": [
          [
            116.3931,
            39.905836
          ],
          [
            116.393097,
            39.905897
          ]
        ]
      }
    },
    {
      "type": "Feature",
      "properties": {
        "link_id": "932",
        "name": "广场东侧路",
        "osm_way_id": "6339",
        "from_node_id": "188",
        "to_node_id": "189",
        "directed": "1",
        "geometry": "LINESTRING (116.393301 39.901895, 116.393214 39.903728)",
        "dir_flag": "1",
        "length": "203.96",
        "facility_type": "secondary",
        "link_type": "4",
        "free_speed": "70",
        "lanes": "4",
        "capacity": "",
        "allowed_uses": "auto",
        "notes": "",
        "feature_type": "link"
      },
      "geometry": {
        "type": "LineString",
        "coordinates": [
          [
            116.393301,
            39.901895
          ],
          [
            116.393214,
            39.903728
          ]
        ]
      }
    },
    {
      "type": "Feature",
      "properties": {
        "link_id": "933",
        "name": "广场东侧路",
        "osm_way_id": "6340",
        "from_node_id": "288",
        "to_node_id": "289",
        "directed": "1",
        "geometry": "LINESTRING (116.393179 39.904372, 116.3931 39.905836)",
        "dir_flag": "1",
        "length": "162.93",
        "facility_type": "secondary",
        "link_type": "4",
        "free_speed": "70",
        "lanes": "5",
        "capacity": "",
        "allowed_uses": "auto",
        "notes": "",
        "feature_type": "link"
      },
      "geometry": {
        "type": "LineString",
        "coordinates": [
          [
            116.393179,
            39.904372
          ],
          [
            116.3931,
            39.905836
          ]
        ]
      }
    },
    {
      "type": "Feature",
      "properties": {
        "link_id": "934",
        "name": "正义路",
        "osm_way_id": "6343",
        "from_node_id": "177",
        "to_node_id": "175",
        "directed": "1",
        "geometry": "LINESTRING (116.400616 39.905448, 116.400578 39.906228)",
        "dir_flag": "1",
        "length": "86.79",
        "facility_type": "tertiary",
        "link_type": "5",
        "free_speed": "",
        "lanes": "",
        "capacity": "",
        "allowed_uses": "auto",
        "notes": "",
        "feature_type": "link"
      },
      "geometry": {
        "type": "LineString",
        "coordinates": [
          [
            116.400616,
            39.905448
          ],
          [
            116.400578,
            39.906228
          ]
        ]
      }
    },
    {
      "type": "Feature",
      "properties": {
        "link_id": "935",
        "name": "东绒线胡同",
        "osm_way_id": "6379",
        "from_node_id": "290",
        "to_node_id": "19",
        "directed": "1",
        "geometry": "LINESTRING (116.381346 39.902967, 116.381633 39.902976)",
        "dir_flag": "1",
        "length": "24.50",
        "facility_type": "residential",
        "link_type": "6",
        "free_speed": "",
        "lanes": "",
        "capacity": "",
        "allowed_uses": "auto",
        "notes": "",
        "feature_type": "link"
      },
      "geometry": {
        "type": "LineString",
        "coordinates": [
          [
            116.381346,
            39.902967
          ],
          [
            116.381633,
            39.902976
          ]
        ]
      }
    },
    {
      "type": "Feature",
      "properties": {
        "link_id": "936",
        "name": "东绒线胡同",
        "osm_way_id": "6379",
        "from_node_id": "19",
        "to_node_id": "290",
        "directed": "1",
        "geometry": "LINESTRING (116.381633 39.902976, 116.381346 39.902967)",
        "dir_flag": "1",
        "length": "24.50",
        "facility_type": "residential",
        "link_type": "6",
        "free_speed": "",
        "lanes": "",
        "capacity": "",
        "allowed_uses": "auto",
        "notes": "",
        "feature_type": "link"
      },
      "geometry": {
        "type": "LineString",
        "coordinates": [
          [
            116.381633,
            39.902976
          ],
          [
            116.381346,
            39.902967
          ]
        ]
      }
    },
    {
      "type": "Feature",
      "properties": {
        "link_id": "937",
        "name": "石碑胡同",
        "osm_way_id": "6463",
        "from_node_id": "24",
        "to_node_id": "22",
        "directed": "1",
        "geometry": "LINESTRING (116.381872 39.90429, 116.38191 39.904578)",
        "dir_flag": "1",
        "length": "32.19",
        "facility_type": "tertiary",
        "link_type": "5",
        "free_speed": "",
        "lanes": "",
        "capacity": "",
        "allowed_uses": "auto",
        "notes": "",
        "feature_type": "link"
      },
      "geometry": {
        "type": "LineString",
        "coordinates": [
          [
            116.381872,
            39.90429
          ],
          [
            116.38191,
            39.904578
          ]
        ]
      }
    },
    {
      "type": "Feature",
      "properties": {
        "link_id": "938",
        "name": "石碑胡同",
        "osm_way_id": "6463",
        "from_node_id": "22",
        "to_node_id": "24",
        "directed": "1",
        "geometry": "LINESTRING (116.38191 39.904578, 116.381872 39.90429)",
        "dir_flag": "1",
        "length": "32.19",
        "facility_type": "tertiary",
        "link_type": "5",
        "free_speed": "",
        "lanes": "",
        "capacity": "",
        "allowed_uses": "auto",
        "notes": "",
        "feature_type": "link"
      },
      "geometry": {
        "type": "LineString",
        "coordinates": [
          [
            116.38191,
            39.904578
          ],
          [
            116.381872,
            39.90429
          ]
        ]
      }
    },
    {
      "type": "Feature",
      "properties": {
        "link_id": "939",
        "name": "石碑胡同",
        "osm_way_id": "6464",
        "from_node_id": "24",
        "to_node_id": "21",
        "directed": "1",
        "geometry": "LINESTRING (116.381872 39.90429, 116.381831 39.903999)",
        "dir_flag": "1",
        "length": "32.55",
        "facility_type": "tertiary",
        "link_type": "5",
        "free_speed": "",
        "lanes": "",
        "capacity": "",
        "allowed_uses": "auto",
        "notes": "",
        "feature_type": "link"
      },
      "geometry": {
        "type": "LineString",
        "coordinates": [
          [
            116.381872,
            39.90429
          ],
          [
            116.381831,
            39.903999
          ]
        ]
      }
    },
    {
      "type": "Feature",
      "properties": {
        "link_id": "940",
        "name": "石碑胡同",
        "osm_way_id": "6464",
        "from_node_id": "21",
        "to_node_id": "24",
        "directed": "1",
        "geometry": "LINESTRING (116.381831 39.903999, 116.381872 39.90429)",
        "dir_flag": "1",
        "length": "32.55",
        "facility_type": "tertiary",
        "link_type": "5",
        "free_speed": "",
        "lanes": "",
        "capacity": "",
        "allowed_uses": "auto",
        "notes": "",
        "feature_type": "link"
      },
      "geometry": {
        "type": "LineString",
        "coordinates": [
          [
            116.381831,
            39.903999
          ],
          [
            116.381872,
            39.90429
          ]
        ]
      }
    },
    {
      "type": "Feature",
      "properties": {
        "link_id": "941",
        "name": "石碑胡同",
        "osm_way_id": "6465",
        "from_node_id": "291",
        "to_node_id": "292",
        "directed": "1",
        "geometry": "LINESTRING (116.381944 39.904851, 116.381957 39.904985)",
        "dir_flag": "1",
        "length": "14.94",
        "facility_type": "tertiary",
        "link_type": "5",
        "free_speed": "",
        "lanes": "",
        "capacity": "",
        "allowed_uses": "auto",
        "notes": "",
        "feature_type": "link"
      },
      "geometry": {
        "type": "LineString",
        "coordinates": [
          [
            116.381944,
            39.904851
          ],
          [
            116.381957,
            39.904985
          ]
        ]
      }
    },
    {
      "type": "Feature",
      "properties": {
        "link_id": "942",
        "name": "石碑胡同",
        "osm_way_id": "6465",
        "from_node_id": "292",
        "to_node_id": "291",
        "directed": "1",
        "geometry": "LINESTRING (116.381957 39.904985, 116.381944 39.904851)",
        "dir_flag": "1",
        "length": "14.94",
        "facility_type": "tertiary",
        "link_type": "5",
        "free_speed": "",
        "lanes": "",
        "capacity": "",
        "allowed_uses": "auto",
        "notes": "",
        "feature_type": "link"
      },
      "geometry": {
        "type": "LineString",
        "coordinates": [
          [
            116.381957,
            39.904985
          ],
          [
            116.381944,
            39.904851
          ]
        ]
      }
    },
    {
      "type": "Feature",
      "properties": {
        "link_id": "943",
        "name": "石碑胡同",
        "osm_way_id": "6466",
        "from_node_id": "291",
        "to_node_id": "23",
        "directed": "1",
        "geometry": "LINESTRING (116.381944 39.904851, 116.381927 39.904716)",
        "dir_flag": "1",
        "length": "15.08",
        "facility_type": "tertiary",
        "link_type": "5",
        "free_speed": "",
        "lanes": "",
        "capacity": "",
        "allowed_uses": "auto",
        "notes": "",
        "feature_type": "link"
      },
      "geometry": {
        "type": "LineString",
        "coordinates": [
          [
            116.381944,
            39.904851
          ],
          [
            116.381927,
            39.904716
          ]
        ]
      }
    },
    {
      "type": "Feature",
      "properties": {
        "link_id": "944",
        "name": "石碑胡同",
        "osm_way_id": "6466",
        "from_node_id": "23",
        "to_node_id": "291",
        "directed": "1",
        "geometry": "LINESTRING (116.381927 39.904716, 116.381944 39.904851)",
        "dir_flag": "1",
        "length": "15.08",
        "facility_type": "tertiary",
        "link_type": "5",
        "free_speed": "",
        "lanes": "",
        "capacity": "",
        "allowed_uses": "auto",
        "notes": "",
        "feature_type": "link"
      },
      "geometry": {
        "type": "LineString",
        "coordinates": [
          [
            116.381927,
            39.904716
          ],
          [
            116.381944,
            39.904851
          ]
        ]
      }
    },
    {
      "type": "Feature",
      "properties": {
        "link_id": "945",
        "name": "石碑胡同",
        "osm_way_id": "6467",
        "from_node_id": "23",
        "to_node_id": "291",
        "directed": "1",
        "geometry": "LINESTRING (116.381927 39.904716, 116.381944 39.904851)",
        "dir_flag": "1",
        "length": "15.08",
        "facility_type": "tertiary",
        "link_type": "5",
        "free_speed": "",
        "lanes": "",
        "capacity": "",
        "allowed_uses": "auto",
        "notes": "",
        "feature_type": "link"
      },
      "geometry": {
        "type": "LineString",
        "coordinates": [
          [
            116.381927,
            39.904716
          ],
          [
            116.381944,
            39.904851
          ]
        ]
      }
    },
    {
      "type": "Feature",
      "properties": {
        "link_id": "946",
        "name": "石碑胡同",
        "osm_way_id": "6467",
        "from_node_id": "291",
        "to_node_id": "23",
        "directed": "1",
        "geometry": "LINESTRING (116.381944 39.904851, 116.381927 39.904716)",
        "dir_flag": "1",
        "length": "15.08",
        "facility_type": "tertiary",
        "link_type": "5",
        "free_speed": "",
        "lanes": "",
        "capacity": "",
        "allowed_uses": "auto",
        "notes": "",
        "feature_type": "link"
      },
      "geometry": {
        "type": "LineString",
        "coordinates": [
          [
            116.381944,
            39.904851
          ],
          [
            116.381927,
            39.904716
          ]
        ]
      }
    },
    {
      "type": "Feature",
      "properties": {
        "link_id": "947",
        "name": "石碑胡同",
        "osm_way_id": "6468",
        "from_node_id": "23",
        "to_node_id": "22",
        "directed": "1",
        "geometry": "LINESTRING (116.381927 39.904716, 116.38191 39.904578)",
        "dir_flag": "1",
        "length": "15.41",
        "facility_type": "tertiary",
        "link_type": "5",
        "free_speed": "",
        "lanes": "",
        "capacity": "",
        "allowed_uses": "auto",
        "notes": "",
        "feature_type": "link"
      },
      "geometry": {
        "type": "LineString",
        "coordinates": [
          [
            116.381927,
            39.904716
          ],
          [
            116.38191,
            39.904578
          ]
        ]
      }
    },
    {
      "type": "Feature",
      "properties": {
        "link_id": "948",
        "name": "石碑胡同",
        "osm_way_id": "6468",
        "from_node_id": "22",
        "to_node_id": "23",
        "directed": "1",
        "geometry": "LINESTRING (116.38191 39.904578, 116.381927 39.904716)",
        "dir_flag": "1",
        "length": "15.41",
        "facility_type": "tertiary",
        "link_type": "5",
        "free_speed": "",
        "lanes": "",
        "capacity": "",
        "allowed_uses": "auto",
        "notes": "",
        "feature_type": "link"
      },
      "geometry": {
        "type": "LineString",
        "coordinates": [
          [
            116.38191,
            39.904578
          ],
          [
            116.381927,
            39.904716
          ]
        ]
      }
    },
    {
      "type": "Feature",
      "properties": {
        "link_id": "949",
        "name": "石碑胡同",
        "osm_way_id": "6469",
        "from_node_id": "292",
        "to_node_id": "75",
        "directed": "1",
        "geometry": "LINESTRING (116.381957 39.904985, 116.381967 39.905087)",
        "dir_flag": "1",
        "length": "11.37",
        "facility_type": "tertiary",
        "link_type": "5",
        "free_speed": "",
        "lanes": "",
        "capacity": "",
        "allowed_uses": "auto",
        "notes": "",
        "feature_type": "link"
      },
      "geometry": {
        "type": "LineString",
        "coordinates": [
          [
            116.381957,
            39.904985
          ],
          [
            116.381967,
            39.905087
          ]
        ]
      }
    },
    {
      "type": "Feature",
      "properties": {
        "link_id": "950",
        "name": "石碑胡同",
        "osm_way_id": "6469",
        "from_node_id": "75",
        "to_node_id": "292",
        "directed": "1",
        "geometry": "LINESTRING (116.381967 39.905087, 116.381957 39.904985)",
        "dir_flag": "1",
        "length": "11.37",
        "facility_type": "tertiary",
        "link_type": "5",
        "free_speed": "",
        "lanes": "",
        "capacity": "",
        "allowed_uses": "auto",
        "notes": "",
        "feature_type": "link"
      },
      "geometry": {
        "type": "LineString",
        "coordinates": [
          [
            116.381967,
            39.905087
          ],
          [
            116.381957,
            39.904985
          ]
        ]
      }
    },
    {
      "type": "Feature",
      "properties": {
        "link_id": "951",
        "name": "石碑胡同",
        "osm_way_id": "6470",
        "from_node_id": "292",
        "to_node_id": "291",
        "directed": "1",
        "geometry": "LINESTRING (116.381957 39.904985, 116.381944 39.904851)",
        "dir_flag": "1",
        "length": "14.94",
        "facility_type": "tertiary",
        "link_type": "5",
        "free_speed": "",
        "lanes": "",
        "capacity": "",
        "allowed_uses": "auto",
        "notes": "",
        "feature_type": "link"
      },
      "geometry": {
        "type": "LineString",
        "coordinates": [
          [
            116.381957,
            39.904985
          ],
          [
            116.381944,
            39.904851
          ]
        ]
      }
    },
    {
      "type": "Feature",
      "properties": {
        "link_id": "952",
        "name": "石碑胡同",
        "osm_way_id": "6470",
        "from_node_id": "291",
        "to_node_id": "292",
        "directed": "1",
        "geometry": "LINESTRING (116.381944 39.904851, 116.381957 39.904985)",
        "dir_flag": "1",
        "length": "14.94",
        "facility_type": "tertiary",
        "link_type": "5",
        "free_speed": "",
        "lanes": "",
        "capacity": "",
        "allowed_uses": "auto",
        "notes": "",
        "feature_type": "link"
      },
      "geometry": {
        "type": "LineString",
        "coordinates": [
          [
            116.381944,
            39.904851
          ],
          [
            116.381957,
            39.904985
          ]
        ]
      }
    },
    {
      "type": "Feature",
      "properties": {
        "link_id": "953",
        "name": "石碑胡同",
        "osm_way_id": "6471",
        "from_node_id": "75",
        "to_node_id": "74",
        "directed": "1",
        "geometry": "LINESTRING (116.381967 39.905087, 116.38197 39.905122)",
        "dir_flag": "1",
        "length": "3.90",
        "facility_type": "tertiary",
        "link_type": "5",
        "free_speed": "",
        "lanes": "",
        "capacity": "",
        "allowed_uses": "auto",
        "notes": "",
        "feature_type": "link"
      },
      "geometry": {
        "type": "LineString",
        "coordinates": [
          [
            116.381967,
            39.905087
          ],
          [
            116.38197,
            39.905122
          ]
        ]
      }
    },
    {
      "type": "Feature",
      "properties": {
        "link_id": "954",
        "name": "石碑胡同",
        "osm_way_id": "6471",
        "from_node_id": "74",
        "to_node_id": "75",
        "directed": "1",
        "geometry": "LINESTRING (116.38197 39.905122, 116.381967 39.905087)",
        "dir_flag": "1",
        "length": "3.90",
        "facility_type": "tertiary",
        "link_type": "5",
        "free_speed": "",
        "lanes": "",
        "capacity": "",
        "allowed_uses": "auto",
        "notes": "",
        "feature_type": "link"
      },
      "geometry": {
        "type": "LineString",
        "coordinates": [
          [
            116.38197,
            39.905122
          ],
          [
            116.381967,
            39.905087
          ]
        ]
      }
    },
    {
      "type": "Feature",
      "properties": {
        "link_id": "955",
        "name": "石碑胡同",
        "osm_way_id": "6472",
        "from_node_id": "75",
        "to_node_id": "292",
        "directed": "1",
        "geometry": "LINESTRING (116.381967 39.905087, 116.381957 39.904985)",
        "dir_flag": "1",
        "length": "11.37",
        "facility_type": "tertiary",
        "link_type": "5",
        "free_speed": "",
        "lanes": "",
        "capacity": "",
        "allowed_uses": "auto",
        "notes": "",
        "feature_type": "link"
      },
      "geometry": {
        "type": "LineString",
        "coordinates": [
          [
            116.381967,
            39.905087
          ],
          [
            116.381957,
            39.904985
          ]
        ]
      }
    },
    {
      "type": "Feature",
      "properties": {
        "link_id": "956",
        "name": "石碑胡同",
        "osm_way_id": "6472",
        "from_node_id": "292",
        "to_node_id": "75",
        "directed": "1",
        "geometry": "LINESTRING (116.381957 39.904985, 116.381967 39.905087)",
        "dir_flag": "1",
        "length": "11.37",
        "facility_type": "tertiary",
        "link_type": "5",
        "free_speed": "",
        "lanes": "",
        "capacity": "",
        "allowed_uses": "auto",
        "notes": "",
        "feature_type": "link"
      },
      "geometry": {
        "type": "LineString",
        "coordinates": [
          [
            116.381957,
            39.904985
          ],
          [
            116.381967,
            39.905087
          ]
        ]
      }
    },
    {
      "type": "Feature",
      "properties": {
        "link_id": "957",
        "name": "东绒线胡同",
        "osm_way_id": "6500",
        "from_node_id": "19",
        "to_node_id": "18",
        "directed": "1",
        "geometry": "LINESTRING (116.381633 39.902976, 116.381693 39.902978)",
        "dir_flag": "1",
        "length": "5.12",
        "facility_type": "residential",
        "link_type": "6",
        "free_speed": "",
        "lanes": "",
        "capacity": "",
        "allowed_uses": "auto",
        "notes": "",
        "feature_type": "link"
      },
      "geometry": {
        "type": "LineString",
        "coordinates": [
          [
            116.381633,
            39.902976
          ],
          [
            116.381693,
            39.902978
          ]
        ]
      }
    },
    {
      "type": "Feature",
      "properties": {
        "link_id": "958",
        "name": "东绒线胡同",
        "osm_way_id": "6500",
        "from_node_id": "18",
        "to_node_id": "19",
        "directed": "1",
        "geometry": "LINESTRING (116.381693 39.902978, 116.381633 39.902976)",
        "dir_flag": "1",
        "length": "5.12",
        "facility_type": "residential",
        "link_type": "6",
        "free_speed": "",
        "lanes": "",
        "capacity": "",
        "allowed_uses": "auto",
        "notes": "",
        "feature_type": "link"
      },
      "geometry": {
        "type": "LineString",
        "coordinates": [
          [
            116.381693,
            39.902978
          ],
          [
            116.381633,
            39.902976
          ]
        ]
      }
    },
    {
      "type": "Feature",
      "properties": {
        "link_id": "959",
        "name": "东绒线胡同",
        "osm_way_id": "6501",
        "from_node_id": "19",
        "to_node_id": "290",
        "directed": "1",
        "geometry": "LINESTRING (116.381633 39.902976, 116.381346 39.902967)",
        "dir_flag": "1",
        "length": "24.50",
        "facility_type": "residential",
        "link_type": "6",
        "free_speed": "",
        "lanes": "",
        "capacity": "",
        "allowed_uses": "auto",
        "notes": "",
        "feature_type": "link"
      },
      "geometry": {
        "type": "LineString",
        "coordinates": [
          [
            116.381633,
            39.902976
          ],
          [
            116.381346,
            39.902967
          ]
        ]
      }
    },
    {
      "type": "Feature",
      "properties": {
        "link_id": "960",
        "name": "东绒线胡同",
        "osm_way_id": "6501",
        "from_node_id": "290",
        "to_node_id": "19",
        "directed": "1",
        "geometry": "LINESTRING (116.381346 39.902967, 116.381633 39.902976)",
        "dir_flag": "1",
        "length": "24.50",
        "facility_type": "residential",
        "link_type": "6",
        "free_speed": "",
        "lanes": "",
        "capacity": "",
        "allowed_uses": "auto",
        "notes": "",
        "feature_type": "link"
      },
      "geometry": {
        "type": "LineString",
        "coordinates": [
          [
            116.381346,
            39.902967
          ],
          [
            116.381633,
            39.902976
          ]
        ]
      }
    },
    {
      "type": "Feature",
      "properties": {
        "link_id": "961",
        "name": "人大会堂西路",
        "osm_way_id": "6647",
        "from_node_id": "221",
        "to_node_id": "11",
        "directed": "1",
        "geometry": "LINESTRING (116.385821 39.901921, 116.38589 39.901889)",
        "dir_flag": "1",
        "length": "6.88",
        "facility_type": "tertiary",
        "link_type": "5",
        "free_speed": "",
        "lanes": "",
        "capacity": "",
        "allowed_uses": "auto",
        "notes": "",
        "feature_type": "link"
      },
      "geometry": {
        "type": "LineString",
        "coordinates": [
          [
            116.385821,
            39.901921
          ],
          [
            116.38589,
            39.901889
          ]
        ]
      }
    },
    {
      "type": "Feature",
      "properties": {
        "link_id": "962",
        "name": "人大会堂西路",
        "osm_way_id": "6647",
        "from_node_id": "11",
        "to_node_id": "221",
        "directed": "1",
        "geometry": "LINESTRING (116.38589 39.901889, 116.385821 39.901921)",
        "dir_flag": "1",
        "length": "6.88",
        "facility_type": "tertiary",
        "link_type": "5",
        "free_speed": "",
        "lanes": "",
        "capacity": "",
        "allowed_uses": "auto",
        "notes": "",
        "feature_type": "link"
      },
      "geometry": {
        "type": "LineString",
        "coordinates": [
          [
            116.38589,
            39.901889
          ],
          [
            116.385821,
            39.901921
          ]
        ]
      }
    },
    {
      "type": "Feature",
      "properties": {
        "link_id": "963",
        "name": "人大会堂西路",
        "osm_way_id": "6648",
        "from_node_id": "221",
        "to_node_id": "265",
        "directed": "1",
        "geometry": "LINESTRING (116.385821 39.901921, 116.385751 39.901946)",
        "dir_flag": "1",
        "length": "6.59",
        "facility_type": "tertiary",
        "link_type": "5",
        "free_speed": "",
        "lanes": "",
        "capacity": "",
        "allowed_uses": "auto",
        "notes": "",
        "feature_type": "link"
      },
      "geometry": {
        "type": "LineString",
        "coordinates": [
          [
            116.385821,
            39.901921
          ],
          [
            116.385751,
            39.901946
          ]
        ]
      }
    },
    {
      "type": "Feature",
      "properties": {
        "link_id": "964",
        "name": "人大会堂西路",
        "osm_way_id": "6648",
        "from_node_id": "265",
        "to_node_id": "221",
        "directed": "1",
        "geometry": "LINESTRING (116.385751 39.901946, 116.385821 39.901921)",
        "dir_flag": "1",
        "length": "6.59",
        "facility_type": "tertiary",
        "link_type": "5",
        "free_speed": "",
        "lanes": "",
        "capacity": "",
        "allowed_uses": "auto",
        "notes": "",
        "feature_type": "link"
      },
      "geometry": {
        "type": "LineString",
        "coordinates": [
          [
            116.385751,
            39.901946
          ],
          [
            116.385821,
            39.901921
          ]
        ]
      }
    },
    {
      "type": "Feature",
      "properties": {
        "link_id": "965",
        "name": "人大会堂西路",
        "osm_way_id": "6649",
        "from_node_id": "293",
        "to_node_id": "17",
        "directed": "1",
        "geometry": "LINESTRING (116.385414 39.90185, 116.385401 39.901822)",
        "dir_flag": "1",
        "length": "3.31",
        "facility_type": "tertiary",
        "link_type": "5",
        "free_speed": "",
        "lanes": "",
        "capacity": "",
        "allowed_uses": "auto",
        "notes": "",
        "feature_type": "link"
      },
      "geometry": {
        "type": "LineString",
        "coordinates": [
          [
            116.385414,
            39.90185
          ],
          [
            116.385401,
            39.901822
          ]
        ]
      }
    },
    {
      "type": "Feature",
      "properties": {
        "link_id": "966",
        "name": "人大会堂西路",
        "osm_way_id": "6649",
        "from_node_id": "17",
        "to_node_id": "293",
        "directed": "1",
        "geometry": "LINESTRING (116.385401 39.901822, 116.385414 39.90185)",
        "dir_flag": "1",
        "length": "3.31",
        "facility_type": "tertiary",
        "link_type": "5",
        "free_speed": "",
        "lanes": "",
        "capacity": "",
        "allowed_uses": "auto",
        "notes": "",
        "feature_type": "link"
      },
      "geometry": {
        "type": "LineString",
        "coordinates": [
          [
            116.385401,
            39.901822
          ],
          [
            116.385414,
            39.90185
          ]
        ]
      }
    },
    {
      "type": "Feature",
      "properties": {
        "link_id": "967",
        "name": "人大会堂西路",
        "osm_way_id": "6650",
        "from_node_id": "293",
        "to_node_id": "264",
        "directed": "1",
        "geometry": "LINESTRING (116.385414 39.90185, 116.385436 39.901875)",
        "dir_flag": "1",
        "length": "3.35",
        "facility_type": "tertiary",
        "link_type": "5",
        "free_speed": "",
        "lanes": "",
        "capacity": "",
        "allowed_uses": "auto",
        "notes": "",
        "feature_type": "link"
      },
      "geometry": {
        "type": "LineString",
        "coordinates": [
          [
            116.385414,
            39.90185
          ],
          [
            116.385436,
            39.901875
          ]
        ]
      }
    },
    {
      "type": "Feature",
      "properties": {
        "link_id": "968",
        "name": "人大会堂西路",
        "osm_way_id": "6650",
        "from_node_id": "264",
        "to_node_id": "293",
        "directed": "1",
        "geometry": "LINESTRING (116.385436 39.901875, 116.385414 39.90185)",
        "dir_flag": "1",
        "length": "3.35",
        "facility_type": "tertiary",
        "link_type": "5",
        "free_speed": "",
        "lanes": "",
        "capacity": "",
        "allowed_uses": "auto",
        "notes": "",
        "feature_type": "link"
      },
      "geometry": {
        "type": "LineString",
        "coordinates": [
          [
            116.385436,
            39.901875
          ],
          [
            116.385414,
            39.90185
          ]
        ]
      }
    },
    {
      "type": "Feature",
      "properties": {
        "link_id": "969",
        "name": "人大会堂西路",
        "osm_way_id": "6651",
        "from_node_id": "17",
        "to_node_id": "15",
        "directed": "1",
        "geometry": "LINESTRING (116.385401 39.901822, 116.385395 39.901793)",
        "dir_flag": "1",
        "length": "3.27",
        "facility_type": "tertiary",
        "link_type": "5",
        "free_speed": "",
        "lanes": "",
        "capacity": "",
        "allowed_uses": "auto",
        "notes": "",
        "feature_type": "link"
      },
      "geometry": {
        "type": "LineString",
        "coordinates": [
          [
            116.385401,
            39.901822
          ],
          [
            116.385395,
            39.901793
          ]
        ]
      }
    },
    {
      "type": "Feature",
      "properties": {
        "link_id": "970",
        "name": "人大会堂西路",
        "osm_way_id": "6651",
        "from_node_id": "15",
        "to_node_id": "17",
        "directed": "1",
        "geometry": "LINESTRING (116.385395 39.901793, 116.385401 39.901822)",
        "dir_flag": "1",
        "length": "3.27",
        "facility_type": "tertiary",
        "link_type": "5",
        "free_speed": "",
        "lanes": "",
        "capacity": "",
        "allowed_uses": "auto",
        "notes": "",
        "feature_type": "link"
      },
      "geometry": {
        "type": "LineString",
        "coordinates": [
          [
            116.385395,
            39.901793
          ],
          [
            116.385401,
            39.901822
          ]
        ]
      }
    },
    {
      "type": "Feature",
      "properties": {
        "link_id": "971",
        "name": "人大会堂西路",
        "osm_way_id": "6652",
        "from_node_id": "17",
        "to_node_id": "293",
        "directed": "1",
        "geometry": "LINESTRING (116.385401 39.901822, 116.385414 39.90185)",
        "dir_flag": "1",
        "length": "3.31",
        "facility_type": "tertiary",
        "link_type": "5",
        "free_speed": "",
        "lanes": "",
        "capacity": "",
        "allowed_uses": "auto",
        "notes": "",
        "feature_type": "link"
      },
      "geometry": {
        "type": "LineString",
        "coordinates": [
          [
            116.385401,
            39.901822
          ],
          [
            116.385414,
            39.90185
          ]
        ]
      }
    },
    {
      "type": "Feature",
      "properties": {
        "link_id": "972",
        "name": "人大会堂西路",
        "osm_way_id": "6652",
        "from_node_id": "293",
        "to_node_id": "17",
        "directed": "1",
        "geometry": "LINESTRING (116.385414 39.90185, 116.385401 39.901822)",
        "dir_flag": "1",
        "length": "3.31",
        "facility_type": "tertiary",
        "link_type": "5",
        "free_speed": "",
        "lanes": "",
        "capacity": "",
        "allowed_uses": "auto",
        "notes": "",
        "feature_type": "link"
      },
      "geometry": {
        "type": "LineString",
        "coordinates": [
          [
            116.385414,
            39.90185
          ],
          [
            116.385401,
            39.901822
          ]
        ]
      }
    },
    {
      "type": "Feature",
      "properties": {
        "link_id": "973",
        "name": "人大会堂西路",
        "osm_way_id": "6653",
        "from_node_id": "16",
        "to_node_id": "73",
        "directed": "1",
        "geometry": "LINESTRING (116.385392 39.901762, 116.385392 39.901731)",
        "dir_flag": "1",
        "length": "3.45",
        "facility_type": "tertiary",
        "link_type": "5",
        "free_speed": "",
        "lanes": "",
        "capacity": "",
        "allowed_uses": "auto",
        "notes": "",
        "feature_type": "link"
      },
      "geometry": {
        "type": "LineString",
        "coordinates": [
          [
            116.385392,
            39.901762
          ],
          [
            116.385392,
            39.901731
          ]
        ]
      }
    },
    {
      "type": "Feature",
      "properties": {
        "link_id": "974",
        "name": "人大会堂西路",
        "osm_way_id": "6653",
        "from_node_id": "73",
        "to_node_id": "16",
        "directed": "1",
        "geometry": "LINESTRING (116.385392 39.901731, 116.385392 39.901762)",
        "dir_flag": "1",
        "length": "3.45",
        "facility_type": "tertiary",
        "link_type": "5",
        "free_speed": "",
        "lanes": "",
        "capacity": "",
        "allowed_uses": "auto",
        "notes": "",
        "feature_type": "link"
      },
      "geometry": {
        "type": "LineString",
        "coordinates": [
          [
            116.385392,
            39.901731
          ],
          [
            116.385392,
            39.901762
          ]
        ]
      }
    },
    {
      "type": "Feature",
      "properties": {
        "link_id": "975",
        "name": "人大会堂西路",
        "osm_way_id": "6654",
        "from_node_id": "16",
        "to_node_id": "15",
        "directed": "1",
        "geometry": "LINESTRING (116.385392 39.901762, 116.385395 39.901793)",
        "dir_flag": "1",
        "length": "3.46",
        "facility_type": "tertiary",
        "link_type": "5",
        "free_speed": "",
        "lanes": "",
        "capacity": "",
        "allowed_uses": "auto",
        "notes": "",
        "feature_type": "link"
      },
      "geometry": {
        "type": "LineString",
        "coordinates": [
          [
            116.385392,
            39.901762
          ],
          [
            116.385395,
            39.901793
          ]
        ]
      }
    },
    {
      "type": "Feature",
      "properties": {
        "link_id": "976",
        "name": "人大会堂西路",
        "osm_way_id": "6654",
        "from_node_id": "15",
        "to_node_id": "16",
        "directed": "1",
        "geometry": "LINESTRING (116.385395 39.901793, 116.385392 39.901762)",
        "dir_flag": "1",
        "length": "3.46",
        "facility_type": "tertiary",
        "link_type": "5",
        "free_speed": "",
        "lanes": "",
        "capacity": "",
        "allowed_uses": "auto",
        "notes": "",
        "feature_type": "link"
      },
      "geometry": {
        "type": "LineString",
        "coordinates": [
          [
            116.385395,
            39.901793
          ],
          [
            116.385392,
            39.901762
          ]
        ]
      }
    },
    {
      "type": "Feature",
      "properties": {
        "link_id": "977",
        "name": "人大会堂西路",
        "osm_way_id": "6655",
        "from_node_id": "264",
        "to_node_id": "293",
        "directed": "1",
        "geometry": "LINESTRING (116.385436 39.901875, 116.385414 39.90185)",
        "dir_flag": "1",
        "length": "3.35",
        "facility_type": "tertiary",
        "link_type": "5",
        "free_speed": "",
        "lanes": "",
        "capacity": "",
        "allowed_uses": "auto",
        "notes": "",
        "feature_type": "link"
      },
      "geometry": {
        "type": "LineString",
        "coordinates": [
          [
            116.385436,
            39.901875
          ],
          [
            116.385414,
            39.90185
          ]
        ]
      }
    },
    {
      "type": "Feature",
      "properties": {
        "link_id": "978",
        "name": "人大会堂西路",
        "osm_way_id": "6655",
        "from_node_id": "293",
        "to_node_id": "264",
        "directed": "1",
        "geometry": "LINESTRING (116.385414 39.90185, 116.385436 39.901875)",
        "dir_flag": "1",
        "length": "3.35",
        "facility_type": "tertiary",
        "link_type": "5",
        "free_speed": "",
        "lanes": "",
        "capacity": "",
        "allowed_uses": "auto",
        "notes": "",
        "feature_type": "link"
      },
      "geometry": {
        "type": "LineString",
        "coordinates": [
          [
            116.385414,
            39.90185
          ],
          [
            116.385436,
            39.901875
          ]
        ]
      }
    },
    {
      "type": "Feature",
      "properties": {
        "link_id": "979",
        "name": "人大会堂西路",
        "osm_way_id": "6656",
        "from_node_id": "264",
        "to_node_id": "8",
        "directed": "1",
        "geometry": "LINESTRING (116.385436 39.901875, 116.385463 39.901901)",
        "dir_flag": "1",
        "length": "3.70",
        "facility_type": "tertiary",
        "link_type": "5",
        "free_speed": "",
        "lanes": "",
        "capacity": "",
        "allowed_uses": "auto",
        "notes": "",
        "feature_type": "link"
      },
      "geometry": {
        "type": "LineString",
        "coordinates": [
          [
            116.385436,
            39.901875
          ],
          [
            116.385463,
            39.901901
          ]
        ]
      }
    },
    {
      "type": "Feature",
      "properties": {
        "link_id": "980",
        "name": "人大会堂西路",
        "osm_way_id": "6656",
        "from_node_id": "8",
        "to_node_id": "264",
        "directed": "1",
        "geometry": "LINESTRING (116.385463 39.901901, 116.385436 39.901875)",
        "dir_flag": "1",
        "length": "3.70",
        "facility_type": "tertiary",
        "link_type": "5",
        "free_speed": "",
        "lanes": "",
        "capacity": "",
        "allowed_uses": "auto",
        "notes": "",
        "feature_type": "link"
      },
      "geometry": {
        "type": "LineString",
        "coordinates": [
          [
            116.385463,
            39.901901
          ],
          [
            116.385436,
            39.901875
          ]
        ]
      }
    },
    {
      "type": "Feature",
      "properties": {
        "link_id": "981",
        "name": "人大会堂西路",
        "osm_way_id": "6657",
        "from_node_id": "6",
        "to_node_id": "265",
        "directed": "1",
        "geometry": "LINESTRING (116.385673 39.901972, 116.385751 39.901946)",
        "dir_flag": "1",
        "length": "7.25",
        "facility_type": "tertiary",
        "link_type": "5",
        "free_speed": "",
        "lanes": "",
        "capacity": "",
        "allowed_uses": "auto",
        "notes": "",
        "feature_type": "link"
      },
      "geometry": {
        "type": "LineString",
        "coordinates": [
          [
            116.385673,
            39.901972
          ],
          [
            116.385751,
            39.901946
          ]
        ]
      }
    },
    {
      "type": "Feature",
      "properties": {
        "link_id": "982",
        "name": "人大会堂西路",
        "osm_way_id": "6657",
        "from_node_id": "265",
        "to_node_id": "6",
        "directed": "1",
        "geometry": "LINESTRING (116.385751 39.901946, 116.385673 39.901972)",
        "dir_flag": "1",
        "length": "7.25",
        "facility_type": "tertiary",
        "link_type": "5",
        "free_speed": "",
        "lanes": "",
        "capacity": "",
        "allowed_uses": "auto",
        "notes": "",
        "feature_type": "link"
      },
      "geometry": {
        "type": "LineString",
        "coordinates": [
          [
            116.385751,
            39.901946
          ],
          [
            116.385673,
            39.901972
          ]
        ]
      }
    },
    {
      "type": "Feature",
      "properties": {
        "link_id": "983",
        "name": "人大会堂西路",
        "osm_way_id": "6658",
        "from_node_id": "6",
        "to_node_id": "5",
        "directed": "1",
        "geometry": "LINESTRING (116.385673 39.901972, 116.385592 39.901994)",
        "dir_flag": "1",
        "length": "7.33",
        "facility_type": "tertiary",
        "link_type": "5",
        "free_speed": "",
        "lanes": "",
        "capacity": "",
        "allowed_uses": "auto",
        "notes": "",
        "feature_type": "link"
      },
      "geometry": {
        "type": "LineString",
        "coordinates": [
          [
            116.385673,
            39.901972
          ],
          [
            116.385592,
            39.901994
          ]
        ]
      }
    },
    {
      "type": "Feature",
      "properties": {
        "link_id": "984",
        "name": "人大会堂西路",
        "osm_way_id": "6658",
        "from_node_id": "5",
        "to_node_id": "6",
        "directed": "1",
        "geometry": "LINESTRING (116.385592 39.901994, 116.385673 39.901972)",
        "dir_flag": "1",
        "length": "7.33",
        "facility_type": "tertiary",
        "link_type": "5",
        "free_speed": "",
        "lanes": "",
        "capacity": "",
        "allowed_uses": "auto",
        "notes": "",
        "feature_type": "link"
      },
      "geometry": {
        "type": "LineString",
        "coordinates": [
          [
            116.385592,
            39.901994
          ],
          [
            116.385673,
            39.901972
          ]
        ]
      }
    }
  ]
}