<?xml version='1.0' encoding='utf-8'?>
<osm version="0.6" generator="OSMnx 1.8.0"><node id="2289212380" timestamp="2026-03-31T20:21:19Z" uid="1" user="OSMnx" version="1" changeset="1" lat="42.272865" lon="119.940595" /><node id="2289219912" timestamp="2026-03-31T20:21:19Z" uid="1" user="OSMnx" version="1" changeset="1" lat="42.292495" lon="119.937289" /><node id="2289219946" timestamp="2026-03-31T20:21:19Z" uid="1" user="OSMnx" version="1" changeset="1" lat="42.294086" lon="119.943266" /><node id="2574617705" timestamp="2026-03-31T20:21:19Z" uid="1" user="OSMnx" version="1" changeset="1" lat="42.279968" lon="119.899246" /><node id="4260122964" timestamp="2026-03-31T20:21:19Z" uid="1" user="OSMnx" version="1" changeset="1" lat="42.28759" lon="119.906834" /><node id="4260123114" timestamp="2026-03-31T20:21:19Z" uid="1" user="OSMnx" version="1" changeset="1" lat="42.279972" lon="119.899348" /><node id="4260123132" timestamp="2026-03-31T20:21:19Z" uid="1" user="OSMnx" version="1" changeset="1" lat="42.286297" lon="119.921598" /><node id="4260123313" timestamp="2026-03-31T20:21:19Z" uid="1" user="OSMnx" version="1" changeset="1" lat="42.287466" lon="119.909129" /><node id="4260123386" timestamp="2026-03-31T20:21:19Z" uid="1" user="OSMnx" version="1" changeset="1" lat="42.287392" lon="119.90913" /><node id="4260123589" timestamp="2026-03-31T20:21:19Z" uid="1" user="OSMnx" version="1" changeset="1" lat="42.294215" lon="119.901516" /><node id="4260123591" timestamp="2026-03-31T20:21:19Z" uid="1" user="OSMnx" version="1" changeset="1" lat="42.294204" lon="119.901603" /><node id="4260123600" timestamp="2026-03-31T20:21:19Z" uid="1" user="OSMnx" version="1" changeset="1" lat="42.287662" lon="119.906851" /><node id="5368759633" timestamp="2026-03-31T20:21:19Z" uid="1" user="OSMnx" version="1" changeset="1" lat="42.28093" lon="119.917625" /><node id="5368759634" timestamp="2026-03-31T20:21:19Z" uid="1" user="OSMnx" version="1" changeset="1" lat="42.280939" lon="119.917512" /><node id="5368759635" timestamp="2026-03-31T20:21:19Z" uid="1" user="OSMnx" version="1" changeset="1" lat="42.281185" lon="119.914686" /><node id="5368759636" timestamp="2026-03-31T20:21:19Z" uid="1" user="OSMnx" version="1" changeset="1" lat="42.2812" lon="119.914518" /><node id="5368759638" timestamp="2026-03-31T20:21:19Z" uid="1" user="OSMnx" version="1" changeset="1" lat="42.28144" lon="119.911757" /><node id="5368759639" timestamp="2026-03-31T20:21:19Z" uid="1" user="OSMnx" version="1" changeset="1" lat="42.281449" lon="119.911654" /><node id="5368759640" timestamp="2026-03-31T20:21:19Z" uid="1" user="OSMnx" version="1" changeset="1" lat="42.280623" lon="119.921152" /><node id="5368759641" timestamp="2026-03-31T20:21:19Z" uid="1" user="OSMnx" version="1" changeset="1" lat="42.281745" lon="119.908246" /><node id="5368759642" timestamp="2026-03-31T20:21:19Z" uid="1" user="OSMnx" version="1" changeset="1" lat="42.285989" lon="119.912351" /><node id="5368759643" timestamp="2026-03-31T20:21:19Z" uid="1" user="OSMnx" version="1" changeset="1" lat="42.286016" lon="119.912035" /><node id="5368759644" timestamp="2026-03-31T20:21:19Z" uid="1" user="OSMnx" version="1" changeset="1" lat="42.286038" lon="119.911826" /><node id="5368759645" timestamp="2026-03-31T20:21:19Z" uid="1" user="OSMnx" version="1" changeset="1" lat="42.286026" lon="119.911668" /><node id="5368759646" timestamp="2026-03-31T20:21:19Z" uid="1" user="OSMnx" version="1" changeset="1" lat="42.285993" lon="119.911466" /><node id="5368759647" timestamp="2026-03-31T20:21:19Z" uid="1" user="OSMnx" version="1" changeset="1" lat="42.285909" lon="119.911282" /><node id="5368759648" timestamp="2026-03-31T20:21:19Z" uid="1" user="OSMnx" version="1" changeset="1" lat="42.285776" lon="119.91108" /><node id="5368759649" timestamp="2026-03-31T20:21:19Z" uid="1" user="OSMnx" version="1" changeset="1" lat="42.285576" lon="119.910799" /><node id="5368759650" timestamp="2026-03-31T20:21:19Z" uid="1" user="OSMnx" version="1" changeset="1" lat="42.2853" lon="119.910528" /><node id="5368759651" timestamp="2026-03-31T20:21:19Z" uid="1" user="OSMnx" version="1" changeset="1" lat="42.28503" lon="119.910321" /><node id="5368759652" timestamp="2026-03-31T20:21:19Z" uid="1" user="OSMnx" version="1" changeset="1" lat="42.284653" lon="119.910131" /><node id="5368759653" timestamp="2026-03-31T20:21:19Z" uid="1" user="OSMnx" version="1" changeset="1" lat="42.283904" lon="119.909886" /><node id="5368759654" timestamp="2026-03-31T20:21:19Z" uid="1" user="OSMnx" version="1" changeset="1" lat="42.288416" lon="119.916721" /><node id="5368759655" timestamp="2026-03-31T20:21:19Z" uid="1" user="OSMnx" version="1" changeset="1" lat="42.289461" lon="119.91689" /><node id="5368759656" timestamp="2026-03-31T20:21:19Z" uid="1" user="OSMnx" version="1" changeset="1" lat="42.288587" lon="119.914792" /><node id="5368759657" timestamp="2026-03-31T20:21:19Z" uid="1" user="OSMnx" version="1" changeset="1" lat="42.289632" lon="119.914961" /><node id="5368759658" timestamp="2026-03-31T20:21:19Z" uid="1" user="OSMnx" version="1" changeset="1" lat="42.288245" lon="119.918644" /><node id="5368759659" timestamp="2026-03-31T20:21:19Z" uid="1" user="OSMnx" version="1" changeset="1" lat="42.288757" lon="119.912879" /><node id="5368761181" timestamp="2026-03-31T20:21:19Z" uid="1" user="OSMnx" version="1" changeset="1" lat="42.280034" lon="119.936419" /><node id="5368761182" timestamp="2026-03-31T20:21:19Z" uid="1" user="OSMnx" version="1" changeset="1" lat="42.280397" lon="119.936749" /><node id="5368761183" timestamp="2026-03-31T20:21:19Z" uid="1" user="OSMnx" version="1" changeset="1" lat="42.280579" lon="119.936902" /><node id="5368761184" timestamp="2026-03-31T20:21:19Z" uid="1" user="OSMnx" version="1" changeset="1" lat="42.280921" lon="119.937135" /><node id="5368761185" timestamp="2026-03-31T20:21:19Z" uid="1" user="OSMnx" version="1" changeset="1" lat="42.281212" lon="119.937326" /><node id="5368761186" timestamp="2026-03-31T20:21:19Z" uid="1" user="OSMnx" version="1" changeset="1" lat="42.281512" lon="119.93746" /><node id="5368761187" timestamp="2026-03-31T20:21:19Z" uid="1" user="OSMnx" version="1" changeset="1" lat="42.281907" lon="119.937634" /><node id="5368761188" timestamp="2026-03-31T20:21:19Z" uid="1" user="OSMnx" version="1" changeset="1" lat="42.282129" lon="119.937707" /><node id="5368761189" timestamp="2026-03-31T20:21:19Z" uid="1" user="OSMnx" version="1" changeset="1" lat="42.282458" lon="119.937782" /><node id="5368761190" timestamp="2026-03-31T20:21:19Z" uid="1" user="OSMnx" version="1" changeset="1" lat="42.28279" lon="119.937838" /><node id="5368761191" timestamp="2026-03-31T20:21:19Z" uid="1" user="OSMnx" version="1" changeset="1" lat="42.283117" lon="119.937865" /><node id="5368761192" timestamp="2026-03-31T20:21:19Z" uid="1" user="OSMnx" version="1" changeset="1" lat="42.283554" lon="119.937876" /><node id="5368761193" timestamp="2026-03-31T20:21:19Z" uid="1" user="OSMnx" version="1" changeset="1" lat="42.285393" lon="119.937776" /><node id="5368761194" timestamp="2026-03-31T20:21:19Z" uid="1" user="OSMnx" version="1" changeset="1" lat="42.292515" lon="119.9374" /><node id="5368761195" timestamp="2026-03-31T20:21:19Z" uid="1" user="OSMnx" version="1" changeset="1" lat="42.29163" lon="119.937454" /><node id="5368761196" timestamp="2026-03-31T20:21:19Z" uid="1" user="OSMnx" version="1" changeset="1" lat="42.29334" lon="119.93735" /><node id="5368761197" timestamp="2026-03-31T20:21:19Z" uid="1" user="OSMnx" version="1" changeset="1" lat="42.294324" lon="119.937318" /><node id="5368761198" timestamp="2026-03-31T20:21:19Z" uid="1" user="OSMnx" version="1" changeset="1" lat="42.294957" lon="119.937291" /><node id="5368761199" timestamp="2026-03-31T20:21:19Z" uid="1" user="OSMnx" version="1" changeset="1" lat="42.295441" lon="119.937304" /><node id="5368761200" timestamp="2026-03-31T20:21:19Z" uid="1" user="OSMnx" version="1" changeset="1" lat="42.295945" lon="119.937339" /><node id="5368761201" timestamp="2026-03-31T20:21:19Z" uid="1" user="OSMnx" version="1" changeset="1" lat="42.298794" lon="119.937559" /><node id="5368761202" timestamp="2026-03-31T20:21:19Z" uid="1" user="OSMnx" version="1" changeset="1" lat="42.30069" lon="119.937709" /><node id="5368761203" timestamp="2026-03-31T20:21:19Z" uid="1" user="OSMnx" version="1" changeset="1" lat="42.301016" lon="119.937717" /><node id="5368761204" timestamp="2026-03-31T20:21:19Z" uid="1" user="OSMnx" version="1" changeset="1" lat="42.301361" lon="119.937709" /><node id="5368761205" timestamp="2026-03-31T20:21:19Z" uid="1" user="OSMnx" version="1" changeset="1" lat="42.301754" lon="119.937669" /><node id="5368761206" timestamp="2026-03-31T20:21:19Z" uid="1" user="OSMnx" version="1" changeset="1" lat="42.302139" lon="119.937583" /><node id="5368761207" timestamp="2026-03-31T20:21:19Z" uid="1" user="OSMnx" version="1" changeset="1" lat="42.30247" lon="119.937476" /><node id="5368761208" timestamp="2026-03-31T20:21:19Z" uid="1" user="OSMnx" version="1" changeset="1" lat="42.302859" lon="119.937294" /><node id="5368761209" timestamp="2026-03-31T20:21:19Z" uid="1" user="OSMnx" version="1" changeset="1" lat="42.303202" lon="119.937122" /><node id="5368761210" timestamp="2026-03-31T20:21:19Z" uid="1" user="OSMnx" version="1" changeset="1" lat="42.303508" lon="119.936913" /><node id="5368761211" timestamp="2026-03-31T20:21:19Z" uid="1" user="OSMnx" version="1" changeset="1" lat="42.30389" lon="119.936631" /><node id="5368761212" timestamp="2026-03-31T20:21:19Z" uid="1" user="OSMnx" version="1" changeset="1" lat="42.304257" lon="119.936314" /><node id="5368761213" timestamp="2026-03-31T20:21:19Z" uid="1" user="OSMnx" version="1" changeset="1" lat="42.277909" lon="119.934082" /><node id="5368761214" timestamp="2026-03-31T20:21:19Z" uid="1" user="OSMnx" version="1" changeset="1" lat="42.27796" lon="119.933986" /><node id="5368761215" timestamp="2026-03-31T20:21:19Z" uid="1" user="OSMnx" version="1" changeset="1" lat="42.278074" lon="119.933772" /><node id="5368761216" timestamp="2026-03-31T20:21:19Z" uid="1" user="OSMnx" version="1" changeset="1" lat="42.278124" lon="119.934324" /><node id="5368761217" timestamp="2026-03-31T20:21:19Z" uid="1" user="OSMnx" version="1" changeset="1" lat="42.274225" lon="119.929936" /><node id="5368761355" timestamp="2026-03-31T20:21:19Z" uid="1" user="OSMnx" version="1" changeset="1" lat="42.275015" lon="119.93073" /><node id="5368761356" timestamp="2026-03-31T20:21:19Z" uid="1" user="OSMnx" version="1" changeset="1" lat="42.277513" lon="119.933485" /><node id="5368761357" timestamp="2026-03-31T20:21:19Z" uid="1" user="OSMnx" version="1" changeset="1" lat="42.280228" lon="119.936497" /><node id="5368761358" timestamp="2026-03-31T20:21:19Z" uid="1" user="OSMnx" version="1" changeset="1" lat="42.279893" lon="119.936154" /><node id="5368761359" timestamp="2026-03-31T20:21:19Z" uid="1" user="OSMnx" version="1" changeset="1" lat="42.28045" lon="119.936693" /><node id="5368761360" timestamp="2026-03-31T20:21:19Z" uid="1" user="OSMnx" version="1" changeset="1" lat="42.280883" lon="119.937001" /><node id="5368761361" timestamp="2026-03-31T20:21:19Z" uid="1" user="OSMnx" version="1" changeset="1" lat="42.281276" lon="119.937237" /><node id="5368761362" timestamp="2026-03-31T20:21:19Z" uid="1" user="OSMnx" version="1" changeset="1" lat="42.28156" lon="119.937385" /><node id="5368761363" timestamp="2026-03-31T20:21:19Z" uid="1" user="OSMnx" version="1" changeset="1" lat="42.281762" lon="119.937476" /><node id="5368761364" timestamp="2026-03-31T20:21:19Z" uid="1" user="OSMnx" version="1" changeset="1" lat="42.28206" lon="119.93758" /><node id="5368761365" timestamp="2026-03-31T20:21:19Z" uid="1" user="OSMnx" version="1" changeset="1" lat="42.282377" lon="119.937669" /><node id="5368761366" timestamp="2026-03-31T20:21:19Z" uid="1" user="OSMnx" version="1" changeset="1" lat="42.282641" lon="119.937725" /><node id="5368761367" timestamp="2026-03-31T20:21:19Z" uid="1" user="OSMnx" version="1" changeset="1" lat="42.282881" lon="119.937752" /><node id="5368761368" timestamp="2026-03-31T20:21:19Z" uid="1" user="OSMnx" version="1" changeset="1" lat="42.283161" lon="119.937774" /><node id="5368761369" timestamp="2026-03-31T20:21:19Z" uid="1" user="OSMnx" version="1" changeset="1" lat="42.28352" lon="119.937787" /><node id="5368761370" timestamp="2026-03-31T20:21:19Z" uid="1" user="OSMnx" version="1" changeset="1" lat="42.283965" lon="119.937768" /><node id="5368761371" timestamp="2026-03-31T20:21:19Z" uid="1" user="OSMnx" version="1" changeset="1" lat="42.286989" lon="119.937605" /><node id="5368761372" timestamp="2026-03-31T20:21:19Z" uid="1" user="OSMnx" version="1" changeset="1" lat="42.290776" lon="119.937398" /><node id="5368761373" timestamp="2026-03-31T20:21:19Z" uid="1" user="OSMnx" version="1" changeset="1" lat="42.294161" lon="119.937216" /><node id="5368761374" timestamp="2026-03-31T20:21:19Z" uid="1" user="OSMnx" version="1" changeset="1" lat="42.29477" lon="119.937197" /><node id="5368761375" timestamp="2026-03-31T20:21:19Z" uid="1" user="OSMnx" version="1" changeset="1" lat="42.295239" lon="119.937194" /><node id="5368761376" timestamp="2026-03-31T20:21:19Z" uid="1" user="OSMnx" version="1" changeset="1" lat="42.295649" lon="119.937213" /><node id="5368761377" timestamp="2026-03-31T20:21:19Z" uid="1" user="OSMnx" version="1" changeset="1" lat="42.29752" lon="119.937366" /><node id="5368761378" timestamp="2026-03-31T20:21:19Z" uid="1" user="OSMnx" version="1" changeset="1" lat="42.300399" lon="119.937591" /><node id="5368761379" timestamp="2026-03-31T20:21:19Z" uid="1" user="OSMnx" version="1" changeset="1" lat="42.300849" lon="119.937623" /><node id="5368761380" timestamp="2026-03-31T20:21:19Z" uid="1" user="OSMnx" version="1" changeset="1" lat="42.301113" lon="119.937621" /><node id="5368761381" timestamp="2026-03-31T20:21:19Z" uid="1" user="OSMnx" version="1" changeset="1" lat="42.301446" lon="119.937599" /><node id="5368761382" timestamp="2026-03-31T20:21:19Z" uid="1" user="OSMnx" version="1" changeset="1" lat="42.301647" lon="119.937578" /><node id="5368761383" timestamp="2026-03-31T20:21:19Z" uid="1" user="OSMnx" version="1" changeset="1" lat="42.301934" lon="119.937519" /><node id="5368761384" timestamp="2026-03-31T20:21:19Z" uid="1" user="OSMnx" version="1" changeset="1" lat="42.30224" lon="119.937433" /><node id="5368761385" timestamp="2026-03-31T20:21:19Z" uid="1" user="OSMnx" version="1" changeset="1" lat="42.302565" lon="119.937323" /><node id="5368761386" timestamp="2026-03-31T20:21:19Z" uid="1" user="OSMnx" version="1" changeset="1" lat="42.30292" lon="119.937173" /><node id="5368761387" timestamp="2026-03-31T20:21:19Z" uid="1" user="OSMnx" version="1" changeset="1" lat="42.303341" lon="119.936926" /><node id="5368761388" timestamp="2026-03-31T20:21:19Z" uid="1" user="OSMnx" version="1" changeset="1" lat="42.303684" lon="119.936674" /><node id="5368761389" timestamp="2026-03-31T20:21:19Z" uid="1" user="OSMnx" version="1" changeset="1" lat="42.304079" lon="119.936363" /><node id="5368761400" timestamp="2026-03-31T20:21:19Z" uid="1" user="OSMnx" version="1" changeset="1" lat="42.277649" lon="119.905068" /><node id="5368761401" timestamp="2026-03-31T20:21:19Z" uid="1" user="OSMnx" version="1" changeset="1" lat="42.274926" lon="119.903718" /><node id="5368761402" timestamp="2026-03-31T20:21:19Z" uid="1" user="OSMnx" version="1" changeset="1" lat="42.277512" lon="119.905023" /><node id="5368761403" timestamp="2026-03-31T20:21:19Z" uid="1" user="OSMnx" version="1" changeset="1" lat="42.277816" lon="119.905127" /><node id="5368761404" timestamp="2026-03-31T20:21:19Z" uid="1" user="OSMnx" version="1" changeset="1" lat="42.278124" lon="119.905195" /><node id="5368761741" timestamp="2026-03-31T20:21:19Z" uid="1" user="OSMnx" version="1" changeset="1" lat="42.304535" lon="119.936033" /><node id="5368761742" timestamp="2026-03-31T20:21:19Z" uid="1" user="OSMnx" version="1" changeset="1" lat="42.305059" lon="119.935443" /><node id="5368761743" timestamp="2026-03-31T20:21:19Z" uid="1" user="OSMnx" version="1" changeset="1" lat="42.305481" lon="119.93503" /><node id="5368761744" timestamp="2026-03-31T20:21:19Z" uid="1" user="OSMnx" version="1" changeset="1" lat="42.305801" lon="119.934794" /><node id="5368761745" timestamp="2026-03-31T20:21:19Z" uid="1" user="OSMnx" version="1" changeset="1" lat="42.306029" lon="119.93463" /><node id="5368761746" timestamp="2026-03-31T20:21:19Z" uid="1" user="OSMnx" version="1" changeset="1" lat="42.306298" lon="119.93448" /><node id="5368761747" timestamp="2026-03-31T20:21:19Z" uid="1" user="OSMnx" version="1" changeset="1" lat="42.306535" lon="119.934375" /><node id="5368761748" timestamp="2026-03-31T20:21:19Z" uid="1" user="OSMnx" version="1" changeset="1" lat="42.30683" lon="119.934263" /><node id="5368761749" timestamp="2026-03-31T20:21:19Z" uid="1" user="OSMnx" version="1" changeset="1" lat="42.307148" lon="119.934177" /><node id="5368761750" timestamp="2026-03-31T20:21:19Z" uid="1" user="OSMnx" version="1" changeset="1" lat="42.307489" lon="119.93412" /><node id="5368761751" timestamp="2026-03-31T20:21:19Z" uid="1" user="OSMnx" version="1" changeset="1" lat="42.307768" lon="119.934091" /><node id="5368761752" timestamp="2026-03-31T20:21:19Z" uid="1" user="OSMnx" version="1" changeset="1" lat="42.308112" lon="119.934112" /><node id="5368761753" timestamp="2026-03-31T20:21:19Z" uid="1" user="OSMnx" version="1" changeset="1" lat="42.304499" lon="119.935944" /><node id="5368761754" timestamp="2026-03-31T20:21:19Z" uid="1" user="OSMnx" version="1" changeset="1" lat="42.305029" lon="119.93536" /><node id="5368761755" timestamp="2026-03-31T20:21:19Z" uid="1" user="OSMnx" version="1" changeset="1" lat="42.305436" lon="119.934963" /><node id="5368761756" timestamp="2026-03-31T20:21:19Z" uid="1" user="OSMnx" version="1" changeset="1" lat="42.305775" lon="119.9347" /><node id="5368761757" timestamp="2026-03-31T20:21:19Z" uid="1" user="OSMnx" version="1" changeset="1" lat="42.306009" lon="119.93455" /><node id="5368761758" timestamp="2026-03-31T20:21:19Z" uid="1" user="OSMnx" version="1" changeset="1" lat="42.306281" lon="119.934389" /><node id="5368761759" timestamp="2026-03-31T20:21:19Z" uid="1" user="OSMnx" version="1" changeset="1" lat="42.306544" lon="119.934271" /><node id="5368761760" timestamp="2026-03-31T20:21:19Z" uid="1" user="OSMnx" version="1" changeset="1" lat="42.306816" lon="119.934177" /><node id="5368761761" timestamp="2026-03-31T20:21:19Z" uid="1" user="OSMnx" version="1" changeset="1" lat="42.307138" lon="119.934086" /><node id="5368761762" timestamp="2026-03-31T20:21:19Z" uid="1" user="OSMnx" version="1" changeset="1" lat="42.307481" lon="119.934029" /><node id="5368761763" timestamp="2026-03-31T20:21:19Z" uid="1" user="OSMnx" version="1" changeset="1" lat="42.30775" lon="119.934" /><node id="5368761764" timestamp="2026-03-31T20:21:19Z" uid="1" user="OSMnx" version="1" changeset="1" lat="42.308127" lon="119.934016" /><node id="5368761765" timestamp="2026-03-31T20:21:19Z" uid="1" user="OSMnx" version="1" changeset="1" lat="42.308447" lon="119.934153" /><node id="5368761778" timestamp="2026-03-31T20:21:19Z" uid="1" user="OSMnx" version="1" changeset="1" lat="42.308431" lon="119.934045" /><node id="5368761796" timestamp="2026-03-31T20:21:19Z" uid="1" user="OSMnx" version="1" changeset="1" lat="42.290525" lon="119.926849" /><node id="5368761797" timestamp="2026-03-31T20:21:19Z" uid="1" user="OSMnx" version="1" changeset="1" lat="42.290489" lon="119.926693" /><node id="5368761798" timestamp="2026-03-31T20:21:19Z" uid="1" user="OSMnx" version="1" changeset="1" lat="42.290362" lon="119.926205" /><node id="5368761799" timestamp="2026-03-31T20:21:19Z" uid="1" user="OSMnx" version="1" changeset="1" lat="42.290346" lon="119.925969" /><node id="5368761800" timestamp="2026-03-31T20:21:19Z" uid="1" user="OSMnx" version="1" changeset="1" lat="42.290476" lon="119.92569" /><node id="5368761801" timestamp="2026-03-31T20:21:19Z" uid="1" user="OSMnx" version="1" changeset="1" lat="42.293796" lon="119.926865" /><node id="5368761802" timestamp="2026-03-31T20:21:19Z" uid="1" user="OSMnx" version="1" changeset="1" lat="42.295709" lon="119.927552" /><node id="5368761803" timestamp="2026-03-31T20:21:19Z" uid="1" user="OSMnx" version="1" changeset="1" lat="42.29653" lon="119.927804" /><node id="5368761804" timestamp="2026-03-31T20:21:19Z" uid="1" user="OSMnx" version="1" changeset="1" lat="42.296832" lon="119.927887" /><node id="5368761805" timestamp="2026-03-31T20:21:19Z" uid="1" user="OSMnx" version="1" changeset="1" lat="42.297667" lon="119.928338" /><node id="5368761806" timestamp="2026-03-31T20:21:19Z" uid="1" user="OSMnx" version="1" changeset="1" lat="42.297915" lon="119.928523" /><node id="5368761807" timestamp="2026-03-31T20:21:19Z" uid="1" user="OSMnx" version="1" changeset="1" lat="42.298181" lon="119.928823" /><node id="5368761808" timestamp="2026-03-31T20:21:19Z" uid="1" user="OSMnx" version="1" changeset="1" lat="42.299869" lon="119.931084" /><node id="5368761809" timestamp="2026-03-31T20:21:19Z" uid="1" user="OSMnx" version="1" changeset="1" lat="42.29997" lon="119.931189" /><node id="5368761810" timestamp="2026-03-31T20:21:19Z" uid="1" user="OSMnx" version="1" changeset="1" lat="42.300028" lon="119.931226" /><node id="5368761811" timestamp="2026-03-31T20:21:19Z" uid="1" user="OSMnx" version="1" changeset="1" lat="42.300133" lon="119.931226" /><node id="5368761812" timestamp="2026-03-31T20:21:19Z" uid="1" user="OSMnx" version="1" changeset="1" lat="42.300224" lon="119.931194" /><node id="5368761813" timestamp="2026-03-31T20:21:19Z" uid="1" user="OSMnx" version="1" changeset="1" lat="42.300331" lon="119.931138" /><node id="5368761814" timestamp="2026-03-31T20:21:19Z" uid="1" user="OSMnx" version="1" changeset="1" lat="42.300871" lon="119.930867" /><node id="5368761815" timestamp="2026-03-31T20:21:19Z" uid="1" user="OSMnx" version="1" changeset="1" lat="42.302482" lon="119.93006" /><node id="5368761816" timestamp="2026-03-31T20:21:19Z" uid="1" user="OSMnx" version="1" changeset="1" lat="42.30275" lon="119.92992" /><node id="5368761817" timestamp="2026-03-31T20:21:19Z" uid="1" user="OSMnx" version="1" changeset="1" lat="42.303021" lon="119.929834" /><node id="5368761818" timestamp="2026-03-31T20:21:19Z" uid="1" user="OSMnx" version="1" changeset="1" lat="42.30338" lon="119.92973" /><node id="5368761819" timestamp="2026-03-31T20:21:19Z" uid="1" user="OSMnx" version="1" changeset="1" lat="42.303843" lon="119.929641" /><node id="5368761820" timestamp="2026-03-31T20:21:19Z" uid="1" user="OSMnx" version="1" changeset="1" lat="42.30444" lon="119.929523" /><node id="5368761821" timestamp="2026-03-31T20:21:19Z" uid="1" user="OSMnx" version="1" changeset="1" lat="42.305247" lon="119.9294" /><node id="5368761822" timestamp="2026-03-31T20:21:19Z" uid="1" user="OSMnx" version="1" changeset="1" lat="42.30639" lon="119.929174" /><node id="5368761823" timestamp="2026-03-31T20:21:19Z" uid="1" user="OSMnx" version="1" changeset="1" lat="42.308326" lon="119.928879" /><node id="5368762311" timestamp="2026-03-31T20:21:19Z" uid="1" user="OSMnx" version="1" changeset="1" lat="42.273636" lon="119.94006" /><node id="5368762315" timestamp="2026-03-31T20:21:19Z" uid="1" user="OSMnx" version="1" changeset="1" lat="42.275522" lon="119.938324" /><node id="5368762317" timestamp="2026-03-31T20:21:19Z" uid="1" user="OSMnx" version="1" changeset="1" lat="42.275866" lon="119.937865" /><node id="5368762320" timestamp="2026-03-31T20:21:19Z" uid="1" user="OSMnx" version="1" changeset="1" lat="42.277148" lon="119.935507" /><node id="5368762421" timestamp="2026-03-31T20:21:19Z" uid="1" user="OSMnx" version="1" changeset="1" lat="42.279035" lon="119.932015" /><node id="5368762422" timestamp="2026-03-31T20:21:19Z" uid="1" user="OSMnx" version="1" changeset="1" lat="42.279619" lon="119.931012" /><node id="5368762423" timestamp="2026-03-31T20:21:19Z" uid="1" user="OSMnx" version="1" changeset="1" lat="42.281073" lon="119.928501" /><node id="5368762424" timestamp="2026-03-31T20:21:19Z" uid="1" user="OSMnx" version="1" changeset="1" lat="42.281421" lon="119.927812" /><node id="5368762425" timestamp="2026-03-31T20:21:19Z" uid="1" user="OSMnx" version="1" changeset="1" lat="42.281597" lon="119.927428" /><node id="5368762426" timestamp="2026-03-31T20:21:19Z" uid="1" user="OSMnx" version="1" changeset="1" lat="42.281869" lon="119.926766" /><node id="5368762427" timestamp="2026-03-31T20:21:19Z" uid="1" user="OSMnx" version="1" changeset="1" lat="42.282675" lon="119.924682" /><node id="5368762428" timestamp="2026-03-31T20:21:19Z" uid="1" user="OSMnx" version="1" changeset="1" lat="42.282842" lon="119.924306" /><node id="5368762429" timestamp="2026-03-31T20:21:19Z" uid="1" user="OSMnx" version="1" changeset="1" lat="42.282957" lon="119.924129" /><node id="5368762430" timestamp="2026-03-31T20:21:19Z" uid="1" user="OSMnx" version="1" changeset="1" lat="42.283068" lon="119.924" /><node id="5368762431" timestamp="2026-03-31T20:21:19Z" uid="1" user="OSMnx" version="1" changeset="1" lat="42.283234" lon="119.923861" /><node id="5368762432" timestamp="2026-03-31T20:21:19Z" uid="1" user="OSMnx" version="1" changeset="1" lat="42.283484" lon="119.923695" /><node id="5368762433" timestamp="2026-03-31T20:21:19Z" uid="1" user="OSMnx" version="1" changeset="1" lat="42.283867" lon="119.92351" /><node id="5368762434" timestamp="2026-03-31T20:21:19Z" uid="1" user="OSMnx" version="1" changeset="1" lat="42.285167" lon="119.92292" /><node id="5368762435" timestamp="2026-03-31T20:21:19Z" uid="1" user="OSMnx" version="1" changeset="1" lat="42.285852" lon="119.922576" /><node id="5368762436" timestamp="2026-03-31T20:21:19Z" uid="1" user="OSMnx" version="1" changeset="1" lat="42.286088" lon="119.922372" /><node id="5368762437" timestamp="2026-03-31T20:21:19Z" uid="1" user="OSMnx" version="1" changeset="1" lat="42.286197" lon="119.92219" /><node id="5368762438" timestamp="2026-03-31T20:21:19Z" uid="1" user="OSMnx" version="1" changeset="1" lat="42.286273" lon="119.921874" /><node id="5368762446" timestamp="2026-03-31T20:21:19Z" uid="1" user="OSMnx" version="1" changeset="1" lat="42.293653" lon="119.9425" /><node id="5368762448" timestamp="2026-03-31T20:21:19Z" uid="1" user="OSMnx" version="1" changeset="1" lat="42.293286" lon="119.94149" /><node id="5368762450" timestamp="2026-03-31T20:21:19Z" uid="1" user="OSMnx" version="1" changeset="1" lat="42.292902" lon="119.939549" /><node id="5368762710" timestamp="2026-03-31T20:21:19Z" uid="1" user="OSMnx" version="1" changeset="1" lat="42.272821" lon="119.898116" /><node id="5368762712" timestamp="2026-03-31T20:21:19Z" uid="1" user="OSMnx" version="1" changeset="1" lat="42.272842" lon="119.898014" /><node id="5368762717" timestamp="2026-03-31T20:21:19Z" uid="1" user="OSMnx" version="1" changeset="1" lat="42.283996" lon="119.908479" /><node id="5368762718" timestamp="2026-03-31T20:21:19Z" uid="1" user="OSMnx" version="1" changeset="1" lat="42.279257" lon="119.908014" /><node id="5368762719" timestamp="2026-03-31T20:21:19Z" uid="1" user="OSMnx" version="1" changeset="1" lat="42.281542" lon="119.908226" /><node id="5368762720" timestamp="2026-03-31T20:21:19Z" uid="1" user="OSMnx" version="1" changeset="1" lat="42.28373" lon="119.908433" /><node id="5368762821" timestamp="2026-03-31T20:21:19Z" uid="1" user="OSMnx" version="1" changeset="1" lat="42.283959" lon="119.908465" /><node id="5368762822" timestamp="2026-03-31T20:21:19Z" uid="1" user="OSMnx" version="1" changeset="1" lat="42.284125" lon="119.908527" /><node id="5368762823" timestamp="2026-03-31T20:21:19Z" uid="1" user="OSMnx" version="1" changeset="1" lat="42.284479" lon="119.908677" /><node id="5368762824" timestamp="2026-03-31T20:21:19Z" uid="1" user="OSMnx" version="1" changeset="1" lat="42.287326" lon="119.909887" /><node id="5368762825" timestamp="2026-03-31T20:21:19Z" uid="1" user="OSMnx" version="1" changeset="1" lat="42.283122" lon="119.917966" /><node id="5368762826" timestamp="2026-03-31T20:21:19Z" uid="1" user="OSMnx" version="1" changeset="1" lat="42.283132" lon="119.917852" /><node id="5368762827" timestamp="2026-03-31T20:21:19Z" uid="1" user="OSMnx" version="1" changeset="1" lat="42.283388" lon="119.915042" /><node id="5368762828" timestamp="2026-03-31T20:21:19Z" uid="1" user="OSMnx" version="1" changeset="1" lat="42.283403" lon="119.914874" /><node id="5368762829" timestamp="2026-03-31T20:21:19Z" uid="1" user="OSMnx" version="1" changeset="1" lat="42.283656" lon="119.912097" /><node id="5368762830" timestamp="2026-03-31T20:21:19Z" uid="1" user="OSMnx" version="1" changeset="1" lat="42.282814" lon="119.921351" /><node id="5368762831" timestamp="2026-03-31T20:21:19Z" uid="1" user="OSMnx" version="1" changeset="1" lat="42.28305" lon="119.918757" /><node id="5368762832" timestamp="2026-03-31T20:21:19Z" uid="1" user="OSMnx" version="1" changeset="1" lat="42.283665" lon="119.911994" /><node id="5368762833" timestamp="2026-03-31T20:21:19Z" uid="1" user="OSMnx" version="1" changeset="1" lat="42.28365" lon="119.911506" /><node id="5368762834" timestamp="2026-03-31T20:21:19Z" uid="1" user="OSMnx" version="1" changeset="1" lat="42.283742" lon="119.911525" /><node id="5368762835" timestamp="2026-03-31T20:21:19Z" uid="1" user="OSMnx" version="1" changeset="1" lat="42.283904" lon="119.908756" /><node id="5368762836" timestamp="2026-03-31T20:21:19Z" uid="1" user="OSMnx" version="1" changeset="1" lat="42.28401" lon="119.908808" /><node id="5368762849" timestamp="2026-03-31T20:21:19Z" uid="1" user="OSMnx" version="1" changeset="1" lat="42.278209" lon="119.917201" /><node id="5368762850" timestamp="2026-03-31T20:21:19Z" uid="1" user="OSMnx" version="1" changeset="1" lat="42.27822" lon="119.91709" /><node id="5368762851" timestamp="2026-03-31T20:21:19Z" uid="1" user="OSMnx" version="1" changeset="1" lat="42.278311" lon="119.917217" /><node id="5368762852" timestamp="2026-03-31T20:21:19Z" uid="1" user="OSMnx" version="1" changeset="1" lat="42.278323" lon="119.917106" /><node id="5368762853" timestamp="2026-03-31T20:21:19Z" uid="1" user="OSMnx" version="1" changeset="1" lat="42.286569" lon="119.918503" /><node id="5368762854" timestamp="2026-03-31T20:21:19Z" uid="1" user="OSMnx" version="1" changeset="1" lat="42.286651" lon="119.918516" /><node id="5368762855" timestamp="2026-03-31T20:21:19Z" uid="1" user="OSMnx" version="1" changeset="1" lat="42.286579" lon="119.918387" /><node id="5368762856" timestamp="2026-03-31T20:21:19Z" uid="1" user="OSMnx" version="1" changeset="1" lat="42.286661" lon="119.9184" /><node id="5368762857" timestamp="2026-03-31T20:21:19Z" uid="1" user="OSMnx" version="1" changeset="1" lat="42.289282" lon="119.918922" /><node id="5368762858" timestamp="2026-03-31T20:21:19Z" uid="1" user="OSMnx" version="1" changeset="1" lat="42.289292" lon="119.918806" /><node id="5368762859" timestamp="2026-03-31T20:21:19Z" uid="1" user="OSMnx" version="1" changeset="1" lat="42.297034" lon="119.92" /><node id="5368762860" timestamp="2026-03-31T20:21:19Z" uid="1" user="OSMnx" version="1" changeset="1" lat="42.297033" lon="119.920118" /><node id="5368762861" timestamp="2026-03-31T20:21:19Z" uid="1" user="OSMnx" version="1" changeset="1" lat="42.277649" lon="119.917114" /><node id="5368762862" timestamp="2026-03-31T20:21:19Z" uid="1" user="OSMnx" version="1" changeset="1" lat="42.289039" lon="119.918884" /><node id="5368762863" timestamp="2026-03-31T20:21:19Z" uid="1" user="OSMnx" version="1" changeset="1" lat="42.27769" lon="119.917008" /><node id="5368762864" timestamp="2026-03-31T20:21:19Z" uid="1" user="OSMnx" version="1" changeset="1" lat="42.28908" lon="119.918773" /><node id="5368762865" timestamp="2026-03-31T20:21:19Z" uid="1" user="OSMnx" version="1" changeset="1" lat="42.289927" lon="119.911626" /><node id="5368762866" timestamp="2026-03-31T20:21:19Z" uid="1" user="OSMnx" version="1" changeset="1" lat="42.289802" lon="119.913038" /><node id="5368762867" timestamp="2026-03-31T20:21:19Z" uid="1" user="OSMnx" version="1" changeset="1" lat="42.289811" lon="119.912935" /><node id="5368762868" timestamp="2026-03-31T20:21:19Z" uid="1" user="OSMnx" version="1" changeset="1" lat="42.27882" lon="119.911249" /><node id="5368762869" timestamp="2026-03-31T20:21:19Z" uid="1" user="OSMnx" version="1" changeset="1" lat="42.278809" lon="119.911353" /><node id="5368762870" timestamp="2026-03-31T20:21:19Z" uid="1" user="OSMnx" version="1" changeset="1" lat="42.278912" lon="119.911368" /><node id="5368762871" timestamp="2026-03-31T20:21:19Z" uid="1" user="OSMnx" version="1" changeset="1" lat="42.278923" lon="119.911265" /><node id="5368762872" timestamp="2026-03-31T20:21:19Z" uid="1" user="OSMnx" version="1" changeset="1" lat="42.287085" lon="119.912624" /><node id="5368762873" timestamp="2026-03-31T20:21:19Z" uid="1" user="OSMnx" version="1" changeset="1" lat="42.287094" lon="119.91252" /><node id="5368762874" timestamp="2026-03-31T20:21:19Z" uid="1" user="OSMnx" version="1" changeset="1" lat="42.287162" lon="119.912636" /><node id="5368762875" timestamp="2026-03-31T20:21:19Z" uid="1" user="OSMnx" version="1" changeset="1" lat="42.287171" lon="119.912532" /><node id="5368762876" timestamp="2026-03-31T20:21:19Z" uid="1" user="OSMnx" version="1" changeset="1" lat="42.27539" lon="119.910788" /><node id="5368762877" timestamp="2026-03-31T20:21:19Z" uid="1" user="OSMnx" version="1" changeset="1" lat="42.290625" lon="119.913164" /><node id="5368762878" timestamp="2026-03-31T20:21:19Z" uid="1" user="OSMnx" version="1" changeset="1" lat="42.275403" lon="119.910706" /><node id="5368762879" timestamp="2026-03-31T20:21:19Z" uid="1" user="OSMnx" version="1" changeset="1" lat="42.29063" lon="119.91306" /><node id="5368762880" timestamp="2026-03-31T20:21:19Z" uid="1" user="OSMnx" version="1" changeset="1" lat="42.281082" lon="119.902198" /><node id="5368762881" timestamp="2026-03-31T20:21:19Z" uid="1" user="OSMnx" version="1" changeset="1" lat="42.28121" lon="119.900844" /><node id="5368762882" timestamp="2026-03-31T20:21:19Z" uid="1" user="OSMnx" version="1" changeset="1" lat="42.281335" lon="119.899582" /><node id="5368762883" timestamp="2026-03-31T20:21:19Z" uid="1" user="OSMnx" version="1" changeset="1" lat="42.279951" lon="119.900635" /><node id="5368762884" timestamp="2026-03-31T20:21:19Z" uid="1" user="OSMnx" version="1" changeset="1" lat="42.284659" lon="119.901417" /><node id="5368762885" timestamp="2026-03-31T20:21:19Z" uid="1" user="OSMnx" version="1" changeset="1" lat="42.288006" lon="119.90196" /><node id="5368762886" timestamp="2026-03-31T20:21:19Z" uid="1" user="OSMnx" version="1" changeset="1" lat="42.278845" lon="119.901827" /><node id="5368762887" timestamp="2026-03-31T20:21:19Z" uid="1" user="OSMnx" version="1" changeset="1" lat="42.279812" lon="119.901973" /><node id="5368762888" timestamp="2026-03-31T20:21:19Z" uid="1" user="OSMnx" version="1" changeset="1" lat="42.281012" lon="119.902186" /><node id="5368762889" timestamp="2026-03-31T20:21:19Z" uid="1" user="OSMnx" version="1" changeset="1" lat="42.28146" lon="119.902261" /><node id="5368762890" timestamp="2026-03-31T20:21:19Z" uid="1" user="OSMnx" version="1" changeset="1" lat="42.281774" lon="119.90232" /><node id="5368762891" timestamp="2026-03-31T20:21:19Z" uid="1" user="OSMnx" version="1" changeset="1" lat="42.282341" lon="119.902449" /><node id="5368762892" timestamp="2026-03-31T20:21:19Z" uid="1" user="OSMnx" version="1" changeset="1" lat="42.283478" lon="119.902685" /><node id="5368762893" timestamp="2026-03-31T20:21:19Z" uid="1" user="OSMnx" version="1" changeset="1" lat="42.284528" lon="119.902812" /><node id="5368762894" timestamp="2026-03-31T20:21:19Z" uid="1" user="OSMnx" version="1" changeset="1" lat="42.287895" lon="119.903299" /><node id="5368762895" timestamp="2026-03-31T20:21:19Z" uid="1" user="OSMnx" version="1" changeset="1" lat="42.278511" lon="119.914254" /><node id="5368762896" timestamp="2026-03-31T20:21:19Z" uid="1" user="OSMnx" version="1" changeset="1" lat="42.278529" lon="119.914086" /><node id="5368762897" timestamp="2026-03-31T20:21:19Z" uid="1" user="OSMnx" version="1" changeset="1" lat="42.278614" lon="119.914271" /><node id="5368762898" timestamp="2026-03-31T20:21:19Z" uid="1" user="OSMnx" version="1" changeset="1" lat="42.278631" lon="119.914103" /><node id="5368762899" timestamp="2026-03-31T20:21:19Z" uid="1" user="OSMnx" version="1" changeset="1" lat="42.286824" lon="119.915597" /><node id="5368762900" timestamp="2026-03-31T20:21:19Z" uid="1" user="OSMnx" version="1" changeset="1" lat="42.286839" lon="119.915429" /><node id="5368762901" timestamp="2026-03-31T20:21:19Z" uid="1" user="OSMnx" version="1" changeset="1" lat="42.286903" lon="119.91561" /><node id="5368762902" timestamp="2026-03-31T20:21:19Z" uid="1" user="OSMnx" version="1" changeset="1" lat="42.286918" lon="119.915442" /><node id="5368762903" timestamp="2026-03-31T20:21:19Z" uid="1" user="OSMnx" version="1" changeset="1" lat="42.278316" lon="119.914222" /><node id="5368762904" timestamp="2026-03-31T20:21:19Z" uid="1" user="OSMnx" version="1" changeset="1" lat="42.286666" lon="119.915572" /><node id="5368762905" timestamp="2026-03-31T20:21:19Z" uid="1" user="OSMnx" version="1" changeset="1" lat="42.278333" lon="119.914055" /><node id="5368762906" timestamp="2026-03-31T20:21:19Z" uid="1" user="OSMnx" version="1" changeset="1" lat="42.286683" lon="119.915404" /><node id="5368762907" timestamp="2026-03-31T20:21:19Z" uid="1" user="OSMnx" version="1" changeset="1" lat="42.277911" lon="119.920098" /><node id="5368762908" timestamp="2026-03-31T20:21:19Z" uid="1" user="OSMnx" version="1" changeset="1" lat="42.279201" lon="119.90754" /><node id="5368762909" timestamp="2026-03-31T20:21:19Z" uid="1" user="OSMnx" version="1" changeset="1" lat="42.278013" lon="119.920119" /><node id="5368762910" timestamp="2026-03-31T20:21:19Z" uid="1" user="OSMnx" version="1" changeset="1" lat="42.279303" lon="119.907561" /><node id="5368762911" timestamp="2026-03-31T20:21:19Z" uid="1" user="OSMnx" version="1" changeset="1" lat="42.279276" lon="119.907245" /><node id="5368762912" timestamp="2026-03-31T20:21:19Z" uid="1" user="OSMnx" version="1" changeset="1" lat="42.27945" lon="119.905452" /><node id="5368763021" timestamp="2026-03-31T20:21:19Z" uid="1" user="OSMnx" version="1" changeset="1" lat="42.280069" lon="119.899262" /><node id="5368763022" timestamp="2026-03-31T20:21:19Z" uid="1" user="OSMnx" version="1" changeset="1" lat="42.280066" lon="119.899364" /><node id="5368763023" timestamp="2026-03-31T20:21:19Z" uid="1" user="OSMnx" version="1" changeset="1" lat="42.280061" lon="119.899575" /><node id="5368763024" timestamp="2026-03-31T20:21:19Z" uid="1" user="OSMnx" version="1" changeset="1" lat="42.279463" lon="119.905324" /><node id="5368763025" timestamp="2026-03-31T20:21:19Z" uid="1" user="OSMnx" version="1" changeset="1" lat="42.28423" lon="119.905986" /><node id="5368763026" timestamp="2026-03-31T20:21:19Z" uid="1" user="OSMnx" version="1" changeset="1" lat="42.282508" lon="119.905721" /><node id="5368763027" timestamp="2026-03-31T20:21:19Z" uid="1" user="OSMnx" version="1" changeset="1" lat="42.284923" lon="119.906116" /><node id="5368763028" timestamp="2026-03-31T20:21:19Z" uid="1" user="OSMnx" version="1" changeset="1" lat="42.28761" lon="119.906616" /><node id="5368763029" timestamp="2026-03-31T20:21:19Z" uid="1" user="OSMnx" version="1" changeset="1" lat="42.285049" lon="119.89726" /><node id="5368763030" timestamp="2026-03-31T20:21:19Z" uid="1" user="OSMnx" version="1" changeset="1" lat="42.284776" lon="119.900174" /><node id="5368763031" timestamp="2026-03-31T20:21:19Z" uid="1" user="OSMnx" version="1" changeset="1" lat="42.28479" lon="119.90002" /><node id="5368763032" timestamp="2026-03-31T20:21:19Z" uid="1" user="OSMnx" version="1" changeset="1" lat="42.285062" lon="119.897124" /><node id="5368763037" timestamp="2026-03-31T20:21:19Z" uid="1" user="OSMnx" version="1" changeset="1" lat="42.272962" lon="119.898141" /><node id="5368763038" timestamp="2026-03-31T20:21:19Z" uid="1" user="OSMnx" version="1" changeset="1" lat="42.276316" lon="119.898745" /><node id="5368763042" timestamp="2026-03-31T20:21:19Z" uid="1" user="OSMnx" version="1" changeset="1" lat="42.273119" lon="119.898064" /><node id="5368763043" timestamp="2026-03-31T20:21:19Z" uid="1" user="OSMnx" version="1" changeset="1" lat="42.275814" lon="119.898536" /><node id="5368763050" timestamp="2026-03-31T20:21:19Z" uid="1" user="OSMnx" version="1" changeset="1" lat="42.294371" lon="119.901547" /><node id="5368763081" timestamp="2026-03-31T20:21:19Z" uid="1" user="OSMnx" version="1" changeset="1" lat="42.288468" lon="119.897654" /><node id="5368763082" timestamp="2026-03-31T20:21:19Z" uid="1" user="OSMnx" version="1" changeset="1" lat="42.295146" lon="119.898679" /><node id="5368763086" timestamp="2026-03-31T20:21:19Z" uid="1" user="OSMnx" version="1" changeset="1" lat="42.285259" lon="119.897291" /><node id="5368763087" timestamp="2026-03-31T20:21:19Z" uid="1" user="OSMnx" version="1" changeset="1" lat="42.28826" lon="119.897689" /><node id="5368763088" timestamp="2026-03-31T20:21:19Z" uid="1" user="OSMnx" version="1" changeset="1" lat="42.288366" lon="119.897643" /><node id="5368763089" timestamp="2026-03-31T20:21:19Z" uid="1" user="OSMnx" version="1" changeset="1" lat="42.288272" lon="119.897555" /><node id="5368763090" timestamp="2026-03-31T20:21:19Z" uid="1" user="OSMnx" version="1" changeset="1" lat="42.280073" lon="119.899061" /><node id="5368763093" timestamp="2026-03-31T20:21:19Z" uid="1" user="OSMnx" version="1" changeset="1" lat="42.287459" lon="119.897465" /><node id="5368763108" timestamp="2026-03-31T20:21:19Z" uid="1" user="OSMnx" version="1" changeset="1" lat="42.288383" lon="119.897447" /><node id="5368763479" timestamp="2026-03-31T20:21:19Z" uid="1" user="OSMnx" version="1" changeset="1" lat="42.286258" lon="119.922062" /><node id="5368763480" timestamp="2026-03-31T20:21:19Z" uid="1" user="OSMnx" version="1" changeset="1" lat="42.289594" lon="119.926353" /><node id="5368763481" timestamp="2026-03-31T20:21:19Z" uid="1" user="OSMnx" version="1" changeset="1" lat="42.286034" lon="119.9259" /><node id="5368763482" timestamp="2026-03-31T20:21:19Z" uid="1" user="OSMnx" version="1" changeset="1" lat="42.28608" lon="119.92568" /><node id="5368763483" timestamp="2026-03-31T20:21:19Z" uid="1" user="OSMnx" version="1" changeset="1" lat="42.286145" lon="119.92576" /><node id="5368763484" timestamp="2026-03-31T20:21:19Z" uid="1" user="OSMnx" version="1" changeset="1" lat="42.292398" lon="119.93695" /><node id="5368763485" timestamp="2026-03-31T20:21:19Z" uid="1" user="OSMnx" version="1" changeset="1" lat="42.290818" lon="119.928523" /><node id="5368763486" timestamp="2026-03-31T20:21:19Z" uid="1" user="OSMnx" version="1" changeset="1" lat="42.290568" lon="119.927284" /><node id="5368763487" timestamp="2026-03-31T20:21:19Z" uid="1" user="OSMnx" version="1" changeset="1" lat="42.290445" lon="119.927031" /><node id="5368763488" timestamp="2026-03-31T20:21:19Z" uid="1" user="OSMnx" version="1" changeset="1" lat="42.290211" lon="119.926822" /><node id="5368763489" timestamp="2026-03-31T20:21:19Z" uid="1" user="OSMnx" version="1" changeset="1" lat="42.289771" lon="119.926597" /><node id="5368763490" timestamp="2026-03-31T20:21:19Z" uid="1" user="OSMnx" version="1" changeset="1" lat="42.289497" lon="119.926495" /><node id="5368763491" timestamp="2026-03-31T20:21:19Z" uid="1" user="OSMnx" version="1" changeset="1" lat="42.289233" lon="119.926449" /><node id="5368763492" timestamp="2026-03-31T20:21:19Z" uid="1" user="OSMnx" version="1" changeset="1" lat="42.286225" lon="119.925985" /><node id="5368763493" timestamp="2026-03-31T20:21:19Z" uid="1" user="OSMnx" version="1" changeset="1" lat="42.286088" lon="119.925942" /><node id="5368763494" timestamp="2026-03-31T20:21:19Z" uid="1" user="OSMnx" version="1" changeset="1" lat="42.285947" lon="119.925749" /><node id="5368763495" timestamp="2026-03-31T20:21:19Z" uid="1" user="OSMnx" version="1" changeset="1" lat="42.285959" lon="119.925602" /><node id="5368763496" timestamp="2026-03-31T20:21:19Z" uid="1" user="OSMnx" version="1" changeset="1" lat="42.292465" lon="119.936907" /><node id="5368763497" timestamp="2026-03-31T20:21:19Z" uid="1" user="OSMnx" version="1" changeset="1" lat="42.291302" lon="119.93055" /><node id="5368763498" timestamp="2026-03-31T20:21:19Z" uid="1" user="OSMnx" version="1" changeset="1" lat="42.290898" lon="119.928517" /><node id="5368763499" timestamp="2026-03-31T20:21:19Z" uid="1" user="OSMnx" version="1" changeset="1" lat="42.290628" lon="119.927235" /><node id="5368763500" timestamp="2026-03-31T20:21:19Z" uid="1" user="OSMnx" version="1" changeset="1" lat="42.290493" lon="119.926967" /><node id="5368763501" timestamp="2026-03-31T20:21:19Z" uid="1" user="OSMnx" version="1" changeset="1" lat="42.290255" lon="119.926715" /><node id="5368763502" timestamp="2026-03-31T20:21:19Z" uid="1" user="OSMnx" version="1" changeset="1" lat="42.289778" lon="119.926436" /><node id="5368763503" timestamp="2026-03-31T20:21:19Z" uid="1" user="OSMnx" version="1" changeset="1" lat="42.289199" lon="119.926259" /><node id="5368763504" timestamp="2026-03-31T20:21:19Z" uid="1" user="OSMnx" version="1" changeset="1" lat="42.286245" lon="119.925811" /><node id="5368763505" timestamp="2026-03-31T20:21:19Z" uid="1" user="OSMnx" version="1" changeset="1" lat="42.286058" lon="119.925521" /><node id="5368763506" timestamp="2026-03-31T20:21:19Z" uid="1" user="OSMnx" version="1" changeset="1" lat="42.28811" lon="119.900697" /><node id="5368763507" timestamp="2026-03-31T20:21:19Z" uid="1" user="OSMnx" version="1" changeset="1" lat="42.288122" lon="119.900545" /><node id="5368763508" timestamp="2026-03-31T20:21:19Z" uid="1" user="OSMnx" version="1" changeset="1" lat="42.288204" lon="119.900714" /><node id="5368763509" timestamp="2026-03-31T20:21:19Z" uid="1" user="OSMnx" version="1" changeset="1" lat="42.288216" lon="119.900562" /><node id="5368763510" timestamp="2026-03-31T20:21:19Z" uid="1" user="OSMnx" version="1" changeset="1" lat="42.285064" lon="119.900064" /><node id="5368763511" timestamp="2026-03-31T20:21:19Z" uid="1" user="OSMnx" version="1" changeset="1" lat="42.288318" lon="119.900578" /><node id="5368763512" timestamp="2026-03-31T20:21:19Z" uid="1" user="OSMnx" version="1" changeset="1" lat="42.28832" lon="119.900732" /><node id="5368763722" timestamp="2026-03-31T20:21:19Z" uid="1" user="OSMnx" version="1" changeset="1" lat="42.305467" lon="119.90502" /><node id="5368763723" timestamp="2026-03-31T20:21:19Z" uid="1" user="OSMnx" version="1" changeset="1" lat="42.305586" lon="119.904995" /><node id="5368763796" timestamp="2026-03-31T20:21:19Z" uid="1" user="OSMnx" version="1" changeset="1" lat="42.30857" lon="119.899313" /><node id="5368763813" timestamp="2026-03-31T20:21:19Z" uid="1" user="OSMnx" version="1" changeset="1" lat="42.296854" lon="119.902146" /><node id="5368763814" timestamp="2026-03-31T20:21:19Z" uid="1" user="OSMnx" version="1" changeset="1" lat="42.296264" lon="119.901982" /><node id="5368763815" timestamp="2026-03-31T20:21:19Z" uid="1" user="OSMnx" version="1" changeset="1" lat="42.295296" lon="119.901733" /><node id="5368763816" timestamp="2026-03-31T20:21:19Z" uid="1" user="OSMnx" version="1" changeset="1" lat="42.29685" lon="119.90224" /><node id="5368763817" timestamp="2026-03-31T20:21:19Z" uid="1" user="OSMnx" version="1" changeset="1" lat="42.296272" lon="119.902073" /><node id="5368763818" timestamp="2026-03-31T20:21:19Z" uid="1" user="OSMnx" version="1" changeset="1" lat="42.295328" lon="119.901824" /><node id="5368763819" timestamp="2026-03-31T20:21:19Z" uid="1" user="OSMnx" version="1" changeset="1" lat="42.299848" lon="119.903389" /><node id="5368763820" timestamp="2026-03-31T20:21:19Z" uid="1" user="OSMnx" version="1" changeset="1" lat="42.297004" lon="119.902245" /><node id="5368763921" timestamp="2026-03-31T20:21:19Z" uid="1" user="OSMnx" version="1" changeset="1" lat="42.297532" lon="119.902422" /><node id="5368763922" timestamp="2026-03-31T20:21:19Z" uid="1" user="OSMnx" version="1" changeset="1" lat="42.298598" lon="119.902846" /><node id="5368763923" timestamp="2026-03-31T20:21:19Z" uid="1" user="OSMnx" version="1" changeset="1" lat="42.30119" lon="119.904032" /><node id="5368763924" timestamp="2026-03-31T20:21:19Z" uid="1" user="OSMnx" version="1" changeset="1" lat="42.30279" lon="119.904728" /><node id="5368763925" timestamp="2026-03-31T20:21:19Z" uid="1" user="OSMnx" version="1" changeset="1" lat="42.303226" lon="119.904879" /><node id="5368763926" timestamp="2026-03-31T20:21:19Z" uid="1" user="OSMnx" version="1" changeset="1" lat="42.303611" lon="119.904973" /><node id="5368763927" timestamp="2026-03-31T20:21:19Z" uid="1" user="OSMnx" version="1" changeset="1" lat="42.303932" lon="119.905045" /><node id="5368763928" timestamp="2026-03-31T20:21:19Z" uid="1" user="OSMnx" version="1" changeset="1" lat="42.304208" lon="119.905075" /><node id="5368763929" timestamp="2026-03-31T20:21:19Z" uid="1" user="OSMnx" version="1" changeset="1" lat="42.304553" lon="119.905102" /><node id="5368763930" timestamp="2026-03-31T20:21:19Z" uid="1" user="OSMnx" version="1" changeset="1" lat="42.304926" lon="119.905099" /><node id="5368763931" timestamp="2026-03-31T20:21:19Z" uid="1" user="OSMnx" version="1" changeset="1" lat="42.305268" lon="119.905052" /><node id="5368763932" timestamp="2026-03-31T20:21:19Z" uid="1" user="OSMnx" version="1" changeset="1" lat="42.305787" lon="119.904952" /><node id="5368763933" timestamp="2026-03-31T20:21:19Z" uid="1" user="OSMnx" version="1" changeset="1" lat="42.306065" lon="119.904875" /><node id="5368763934" timestamp="2026-03-31T20:21:19Z" uid="1" user="OSMnx" version="1" changeset="1" lat="42.306393" lon="119.904762" /><node id="5368763935" timestamp="2026-03-31T20:21:19Z" uid="1" user="OSMnx" version="1" changeset="1" lat="42.306683" lon="119.904648" /><node id="5368763936" timestamp="2026-03-31T20:21:19Z" uid="1" user="OSMnx" version="1" changeset="1" lat="42.306912" lon="119.904534" /><node id="5368763937" timestamp="2026-03-31T20:21:19Z" uid="1" user="OSMnx" version="1" changeset="1" lat="42.307209" lon="119.904387" /><node id="5368819826" timestamp="2026-03-31T20:21:19Z" uid="1" user="OSMnx" version="1" changeset="1" lat="42.27787" lon="119.920495" /><node id="5368819827" timestamp="2026-03-31T20:21:19Z" uid="1" user="OSMnx" version="1" changeset="1" lat="42.277973" lon="119.92051" /><node id="5368819828" timestamp="2026-03-31T20:21:19Z" uid="1" user="OSMnx" version="1" changeset="1" lat="42.274292" lon="119.920337" /><node id="5368819829" timestamp="2026-03-31T20:21:19Z" uid="1" user="OSMnx" version="1" changeset="1" lat="42.274403" lon="119.92032" /><node id="5368819830" timestamp="2026-03-31T20:21:19Z" uid="1" user="OSMnx" version="1" changeset="1" lat="42.274935" lon="119.920235" /><node id="5368819831" timestamp="2026-03-31T20:21:19Z" uid="1" user="OSMnx" version="1" changeset="1" lat="42.2758" lon="119.920245" /><node id="5368819832" timestamp="2026-03-31T20:21:19Z" uid="1" user="OSMnx" version="1" changeset="1" lat="42.280644" lon="119.920906" /><node id="5368819833" timestamp="2026-03-31T20:21:19Z" uid="1" user="OSMnx" version="1" changeset="1" lat="42.282822" lon="119.921268" /><node id="5368819834" timestamp="2026-03-31T20:21:19Z" uid="1" user="OSMnx" version="1" changeset="1" lat="42.28637" lon="119.92184" /><node id="5368819835" timestamp="2026-03-31T20:21:19Z" uid="1" user="OSMnx" version="1" changeset="1" lat="42.286277" lon="119.921829" /><node id="5368819836" timestamp="2026-03-31T20:21:19Z" uid="1" user="OSMnx" version="1" changeset="1" lat="42.290818" lon="119.922391" /><node id="5368819837" timestamp="2026-03-31T20:21:19Z" uid="1" user="OSMnx" version="1" changeset="1" lat="42.285969" lon="119.92179" /><node id="5368883367" timestamp="2026-03-31T20:21:19Z" uid="1" user="OSMnx" version="1" changeset="1" lat="42.286388" lon="119.921621" /><node id="5368883370" timestamp="2026-03-31T20:21:19Z" uid="1" user="OSMnx" version="1" changeset="1" lat="42.289919" lon="119.911714" /><node id="5368883371" timestamp="2026-03-31T20:21:19Z" uid="1" user="OSMnx" version="1" changeset="1" lat="42.289868" lon="119.911606" /><node id="5368883372" timestamp="2026-03-31T20:21:19Z" uid="1" user="OSMnx" version="1" changeset="1" lat="42.289794" lon="119.911528" /><node id="5368883373" timestamp="2026-03-31T20:21:19Z" uid="1" user="OSMnx" version="1" changeset="1" lat="42.289677" lon="119.911469" /><node id="5368883374" timestamp="2026-03-31T20:21:19Z" uid="1" user="OSMnx" version="1" changeset="1" lat="42.287298" lon="119.91106" /><node id="5368883383" timestamp="2026-03-31T20:21:19Z" uid="1" user="OSMnx" version="1" changeset="1" lat="42.28587" lon="119.912437" /><node id="5368883384" timestamp="2026-03-31T20:21:19Z" uid="1" user="OSMnx" version="1" changeset="1" lat="42.285744" lon="119.913855" /><node id="5368883385" timestamp="2026-03-31T20:21:19Z" uid="1" user="OSMnx" version="1" changeset="1" lat="42.285367" lon="119.913793" /><node id="5368883386" timestamp="2026-03-31T20:21:19Z" uid="1" user="OSMnx" version="1" changeset="1" lat="42.285445" lon="119.912918" /><node id="5368883387" timestamp="2026-03-31T20:21:19Z" uid="1" user="OSMnx" version="1" changeset="1" lat="42.285296" lon="119.914588" /><node id="5368883388" timestamp="2026-03-31T20:21:19Z" uid="1" user="OSMnx" version="1" changeset="1" lat="42.2854" lon="119.913426" /><node id="5368883389" timestamp="2026-03-31T20:21:19Z" uid="1" user="OSMnx" version="1" changeset="1" lat="42.283966" lon="119.912714" /><node id="5368883390" timestamp="2026-03-31T20:21:19Z" uid="1" user="OSMnx" version="1" changeset="1" lat="42.283512" lon="119.913671" /><node id="5368883391" timestamp="2026-03-31T20:21:19Z" uid="1" user="OSMnx" version="1" changeset="1" lat="42.283879" lon="119.913728" /><node id="5368883392" timestamp="2026-03-31T20:21:19Z" uid="1" user="OSMnx" version="1" changeset="1" lat="42.283821" lon="119.914416" /><node id="5368883393" timestamp="2026-03-31T20:21:19Z" uid="1" user="OSMnx" version="1" changeset="1" lat="42.283923" lon="119.913219" /><node id="5368883394" timestamp="2026-03-31T20:21:19Z" uid="1" user="OSMnx" version="1" changeset="1" lat="42.284269" lon="119.913272" /><node id="5368883395" timestamp="2026-03-31T20:21:19Z" uid="1" user="OSMnx" version="1" changeset="1" lat="42.284168" lon="119.914455" /><node id="5368883396" timestamp="2026-03-31T20:21:19Z" uid="1" user="OSMnx" version="1" changeset="1" lat="42.28431" lon="119.912785" /><node id="5368883397" timestamp="2026-03-31T20:21:19Z" uid="1" user="OSMnx" version="1" changeset="1" lat="42.284213" lon="119.913924" /><node id="5368883398" timestamp="2026-03-31T20:21:19Z" uid="1" user="OSMnx" version="1" changeset="1" lat="42.284579" lon="119.913981" /><node id="5368883399" timestamp="2026-03-31T20:21:19Z" uid="1" user="OSMnx" version="1" changeset="1" lat="42.284637" lon="119.913302" /><node id="5368883400" timestamp="2026-03-31T20:21:19Z" uid="1" user="OSMnx" version="1" changeset="1" lat="42.284997" lon="119.913361" /><node id="5368883401" timestamp="2026-03-31T20:21:19Z" uid="1" user="OSMnx" version="1" changeset="1" lat="42.284842" lon="119.915106" /><node id="5368883402" timestamp="2026-03-31T20:21:19Z" uid="1" user="OSMnx" version="1" changeset="1" lat="42.285052" lon="119.912746" /><node id="5368883403" timestamp="2026-03-31T20:21:19Z" uid="1" user="OSMnx" version="1" changeset="1" lat="42.284538" lon="119.914463" /><node id="5368883404" timestamp="2026-03-31T20:21:19Z" uid="1" user="OSMnx" version="1" changeset="1" lat="42.284725" lon="119.912261" /><node id="5368883413" timestamp="2026-03-31T20:21:19Z" uid="1" user="OSMnx" version="1" changeset="1" lat="42.284927" lon="119.910269" /><node id="5368883414" timestamp="2026-03-31T20:21:19Z" uid="1" user="OSMnx" version="1" changeset="1" lat="42.28482" lon="119.911609" /><node id="5368883415" timestamp="2026-03-31T20:21:19Z" uid="1" user="OSMnx" version="1" changeset="1" lat="42.285002" lon="119.909321" /><node id="5368883416" timestamp="2026-03-31T20:21:19Z" uid="1" user="OSMnx" version="1" changeset="1" lat="42.286413" lon="119.910937" /><node id="5368883417" timestamp="2026-03-31T20:21:19Z" uid="1" user="OSMnx" version="1" changeset="1" lat="42.286338" lon="119.911856" /><node id="5368883418" timestamp="2026-03-31T20:21:19Z" uid="1" user="OSMnx" version="1" changeset="1" lat="42.286473" lon="119.910198" /><node id="5368884295" timestamp="2026-03-31T20:21:19Z" uid="1" user="OSMnx" version="1" changeset="1" lat="42.28768" lon="119.906648" /><node id="5368884296" timestamp="2026-03-31T20:21:19Z" uid="1" user="OSMnx" version="1" changeset="1" lat="42.287802" lon="119.906711" /><node id="5368884297" timestamp="2026-03-31T20:21:19Z" uid="1" user="OSMnx" version="1" changeset="1" lat="42.287858" lon="119.906754" /><node id="5368884298" timestamp="2026-03-31T20:21:19Z" uid="1" user="OSMnx" version="1" changeset="1" lat="42.287985" lon="119.906952" /><node id="5368884299" timestamp="2026-03-31T20:21:19Z" uid="1" user="OSMnx" version="1" changeset="1" lat="42.288255" lon="119.907151" /><node id="5368884300" timestamp="2026-03-31T20:21:19Z" uid="1" user="OSMnx" version="1" changeset="1" lat="42.288612" lon="119.907387" /><node id="5368884301" timestamp="2026-03-31T20:21:19Z" uid="1" user="OSMnx" version="1" changeset="1" lat="42.28958" lon="119.90766" /><node id="5368884302" timestamp="2026-03-31T20:21:19Z" uid="1" user="OSMnx" version="1" changeset="1" lat="42.290326" lon="119.907864" /><node id="5368884303" timestamp="2026-03-31T20:21:19Z" uid="1" user="OSMnx" version="1" changeset="1" lat="42.292013" lon="119.908047" /><node id="5368884304" timestamp="2026-03-31T20:21:19Z" uid="1" user="OSMnx" version="1" changeset="1" lat="42.292997" lon="119.90809" /><node id="5368884305" timestamp="2026-03-31T20:21:19Z" uid="1" user="OSMnx" version="1" changeset="1" lat="42.291148" lon="119.908041" /><node id="5368884306" timestamp="2026-03-31T20:21:19Z" uid="1" user="OSMnx" version="1" changeset="1" lat="42.291302" lon="119.905949" /><node id="5368884307" timestamp="2026-03-31T20:21:19Z" uid="1" user="OSMnx" version="1" changeset="1" lat="42.291334" lon="119.905515" /><node id="5368884308" timestamp="2026-03-31T20:21:19Z" uid="1" user="OSMnx" version="1" changeset="1" lat="42.291441" lon="119.904313" /><node id="5368884309" timestamp="2026-03-31T20:21:19Z" uid="1" user="OSMnx" version="1" changeset="1" lat="42.291595" lon="119.902527" /><node id="5368884310" timestamp="2026-03-31T20:21:19Z" uid="1" user="OSMnx" version="1" changeset="1" lat="42.291714" lon="119.901234" /><node id="5368884311" timestamp="2026-03-31T20:21:19Z" uid="1" user="OSMnx" version="1" changeset="1" lat="42.294009" lon="119.902934" /><node id="5368884312" timestamp="2026-03-31T20:21:19Z" uid="1" user="OSMnx" version="1" changeset="1" lat="42.288093" lon="119.901974" /><node id="5368884313" timestamp="2026-03-31T20:21:19Z" uid="1" user="OSMnx" version="1" changeset="1" lat="42.291324" lon="119.902481" /><node id="5368884314" timestamp="2026-03-31T20:21:19Z" uid="1" user="OSMnx" version="1" changeset="1" lat="42.286117" lon="119.910898" /><node id="5368884315" timestamp="2026-03-31T20:21:19Z" uid="1" user="OSMnx" version="1" changeset="1" lat="42.287224" lon="119.911044" /><node id="5368884316" timestamp="2026-03-31T20:21:19Z" uid="1" user="OSMnx" version="1" changeset="1" lat="42.28538" lon="119.910734" /><node id="5368884317" timestamp="2026-03-31T20:21:19Z" uid="1" user="OSMnx" version="1" changeset="1" lat="42.285332" lon="119.910858" /><node id="5368884318" timestamp="2026-03-31T20:21:19Z" uid="1" user="OSMnx" version="1" changeset="1" lat="42.285316" lon="119.910954" /><node id="5368884319" timestamp="2026-03-31T20:21:19Z" uid="1" user="OSMnx" version="1" changeset="1" lat="42.28532" lon="119.911099" /><node id="5368884320" timestamp="2026-03-31T20:21:19Z" uid="1" user="OSMnx" version="1" changeset="1" lat="42.285342" lon="119.911159" /><node id="5368884421" timestamp="2026-03-31T20:21:19Z" uid="1" user="OSMnx" version="1" changeset="1" lat="42.285423" lon="119.911233" /><node id="5368884422" timestamp="2026-03-31T20:21:19Z" uid="1" user="OSMnx" version="1" changeset="1" lat="42.285599" lon="119.911291" /><node id="5368884423" timestamp="2026-03-31T20:21:19Z" uid="1" user="OSMnx" version="1" changeset="1" lat="42.285744" lon="119.911292" /><node id="5368884424" timestamp="2026-03-31T20:21:19Z" uid="1" user="OSMnx" version="1" changeset="1" lat="42.28588" lon="119.911238" /><node id="5368884425" timestamp="2026-03-31T20:21:19Z" uid="1" user="OSMnx" version="1" changeset="1" lat="42.285964" lon="119.911185" /><node id="5368884426" timestamp="2026-03-31T20:21:19Z" uid="1" user="OSMnx" version="1" changeset="1" lat="42.286033" lon="119.911092" /><node id="5368884427" timestamp="2026-03-31T20:21:19Z" uid="1" user="OSMnx" version="1" changeset="1" lat="42.286101" lon="119.910956" /><node id="5368884428" timestamp="2026-03-31T20:21:19Z" uid="1" user="OSMnx" version="1" changeset="1" lat="42.286141" lon="119.910813" /><node id="5368884429" timestamp="2026-03-31T20:21:19Z" uid="1" user="OSMnx" version="1" changeset="1" lat="42.286149" lon="119.910706" /><node id="5368884430" timestamp="2026-03-31T20:21:19Z" uid="1" user="OSMnx" version="1" changeset="1" lat="42.286128" lon="119.9106" /><node id="5368884431" timestamp="2026-03-31T20:21:19Z" uid="1" user="OSMnx" version="1" changeset="1" lat="42.286106" lon="119.910557" /><node id="5368884432" timestamp="2026-03-31T20:21:19Z" uid="1" user="OSMnx" version="1" changeset="1" lat="42.286002" lon="119.910493" /><node id="5368884433" timestamp="2026-03-31T20:21:19Z" uid="1" user="OSMnx" version="1" changeset="1" lat="42.285874" lon="119.910463" /><node id="5368884434" timestamp="2026-03-31T20:21:19Z" uid="1" user="OSMnx" version="1" changeset="1" lat="42.28571" lon="119.910489" /><node id="5368884435" timestamp="2026-03-31T20:21:19Z" uid="1" user="OSMnx" version="1" changeset="1" lat="42.28555" lon="119.910549" /><node id="5368884436" timestamp="2026-03-31T20:21:19Z" uid="1" user="OSMnx" version="1" changeset="1" lat="42.285422" lon="119.910648" /><node id="5368884474" timestamp="2026-03-31T20:21:19Z" uid="1" user="OSMnx" version="1" changeset="1" lat="42.289018" lon="119.916818" /><node id="5368884475" timestamp="2026-03-31T20:21:19Z" uid="1" user="OSMnx" version="1" changeset="1" lat="42.289189" lon="119.91489" /><node id="5368884516" timestamp="2026-03-31T20:21:19Z" uid="1" user="OSMnx" version="1" changeset="1" lat="42.284053" lon="119.907934" /><node id="5368884517" timestamp="2026-03-31T20:21:19Z" uid="1" user="OSMnx" version="1" changeset="1" lat="42.284201" lon="119.906275" /><node id="5369137383" timestamp="2026-03-31T20:21:19Z" uid="1" user="OSMnx" version="1" changeset="1" lat="42.287482" lon="119.897468" /><node id="5369137816" timestamp="2026-03-31T20:21:19Z" uid="1" user="OSMnx" version="1" changeset="1" lat="42.275578" lon="119.944949" /><node id="5369137817" timestamp="2026-03-31T20:21:19Z" uid="1" user="OSMnx" version="1" changeset="1" lat="42.275715" lon="119.944688" /><node id="5369137818" timestamp="2026-03-31T20:21:19Z" uid="1" user="OSMnx" version="1" changeset="1" lat="42.275884" lon="119.944409" /><node id="5369137819" timestamp="2026-03-31T20:21:19Z" uid="1" user="OSMnx" version="1" changeset="1" lat="42.276866" lon="119.942918" /><node id="5369137820" timestamp="2026-03-31T20:21:19Z" uid="1" user="OSMnx" version="1" changeset="1" lat="42.277342" lon="119.942138" /><node id="5369137821" timestamp="2026-03-31T20:21:19Z" uid="1" user="OSMnx" version="1" changeset="1" lat="42.277414" lon="119.941952" /><node id="5369137822" timestamp="2026-03-31T20:21:19Z" uid="1" user="OSMnx" version="1" changeset="1" lat="42.27747" lon="119.941746" /><node id="5369137823" timestamp="2026-03-31T20:21:19Z" uid="1" user="OSMnx" version="1" changeset="1" lat="42.277472" lon="119.941628" /><node id="5369137824" timestamp="2026-03-31T20:21:19Z" uid="1" user="OSMnx" version="1" changeset="1" lat="42.277458" lon="119.941505" /><node id="5369137825" timestamp="2026-03-31T20:21:19Z" uid="1" user="OSMnx" version="1" changeset="1" lat="42.277404" lon="119.941357" /><node id="5369137826" timestamp="2026-03-31T20:21:19Z" uid="1" user="OSMnx" version="1" changeset="1" lat="42.276993" lon="119.940568" /><node id="5369137827" timestamp="2026-03-31T20:21:19Z" uid="1" user="OSMnx" version="1" changeset="1" lat="42.276938" lon="119.940418" /><node id="5369137828" timestamp="2026-03-31T20:21:19Z" uid="1" user="OSMnx" version="1" changeset="1" lat="42.276932" lon="119.940276" /><node id="5369137829" timestamp="2026-03-31T20:21:19Z" uid="1" user="OSMnx" version="1" changeset="1" lat="42.276962" lon="119.939965" /><node id="5369137830" timestamp="2026-03-31T20:21:19Z" uid="1" user="OSMnx" version="1" changeset="1" lat="42.27714" lon="119.93923" /><node id="5369137831" timestamp="2026-03-31T20:21:19Z" uid="1" user="OSMnx" version="1" changeset="1" lat="42.277348" lon="119.938436" /><node id="5369137832" timestamp="2026-03-31T20:21:19Z" uid="1" user="OSMnx" version="1" changeset="1" lat="42.27744" lon="119.937838" /><node id="5369137833" timestamp="2026-03-31T20:21:19Z" uid="1" user="OSMnx" version="1" changeset="1" lat="42.277462" lon="119.937538" /><node id="5369137834" timestamp="2026-03-31T20:21:19Z" uid="1" user="OSMnx" version="1" changeset="1" lat="42.277479" lon="119.937251" /><node id="5369137835" timestamp="2026-03-31T20:21:19Z" uid="1" user="OSMnx" version="1" changeset="1" lat="42.277464" lon="119.936956" /><node id="5369137836" timestamp="2026-03-31T20:21:19Z" uid="1" user="OSMnx" version="1" changeset="1" lat="42.277392" lon="119.936628" /><node id="5369137837" timestamp="2026-03-31T20:21:19Z" uid="1" user="OSMnx" version="1" changeset="1" lat="42.277281" lon="119.936341" /><node id="5369137838" timestamp="2026-03-31T20:21:19Z" uid="1" user="OSMnx" version="1" changeset="1" lat="42.277077" lon="119.935639" /><node id="5369137881" timestamp="2026-03-31T20:21:19Z" uid="1" user="OSMnx" version="1" changeset="1" lat="42.281599" lon="119.90992" /><node id="5369137882" timestamp="2026-03-31T20:21:19Z" uid="1" user="OSMnx" version="1" changeset="1" lat="42.283079" lon="119.909674" /><node id="5369137883" timestamp="2026-03-31T20:21:19Z" uid="1" user="OSMnx" version="1" changeset="1" lat="42.283115" lon="119.909219" /><node id="5369137884" timestamp="2026-03-31T20:21:19Z" uid="1" user="OSMnx" version="1" changeset="1" lat="42.283022" lon="119.910386" /><node id="5369137885" timestamp="2026-03-31T20:21:19Z" uid="1" user="OSMnx" version="1" changeset="1" lat="42.282641" lon="119.910329" /><node id="5369137886" timestamp="2026-03-31T20:21:19Z" uid="1" user="OSMnx" version="1" changeset="1" lat="42.282522" lon="119.910305" /><node id="5369137887" timestamp="2026-03-31T20:21:19Z" uid="1" user="OSMnx" version="1" changeset="1" lat="42.282429" lon="119.910238" /><node id="5369137888" timestamp="2026-03-31T20:21:19Z" uid="1" user="OSMnx" version="1" changeset="1" lat="42.282369" lon="119.910158" /><node id="5369137889" timestamp="2026-03-31T20:21:19Z" uid="1" user="OSMnx" version="1" changeset="1" lat="42.282338" lon="119.91005" /><node id="5369137890" timestamp="2026-03-31T20:21:19Z" uid="1" user="OSMnx" version="1" changeset="1" lat="42.282332" lon="119.909932" /><node id="5369137891" timestamp="2026-03-31T20:21:19Z" uid="1" user="OSMnx" version="1" changeset="1" lat="42.282343" lon="119.909822" /><node id="5369137892" timestamp="2026-03-31T20:21:19Z" uid="1" user="OSMnx" version="1" changeset="1" lat="42.282395" lon="119.909702" /><node id="5369137893" timestamp="2026-03-31T20:21:19Z" uid="1" user="OSMnx" version="1" changeset="1" lat="42.2825" lon="119.90961" /><node id="5369137894" timestamp="2026-03-31T20:21:19Z" uid="1" user="OSMnx" version="1" changeset="1" lat="42.282706" lon="119.909611" /><node id="5369137895" timestamp="2026-03-31T20:21:19Z" uid="1" user="OSMnx" version="1" changeset="1" lat="42.283808" lon="119.909797" /><node id="5369137896" timestamp="2026-03-31T20:21:19Z" uid="1" user="OSMnx" version="1" changeset="1" lat="42.282508" lon="119.911816" /><node id="5369137897" timestamp="2026-03-31T20:21:19Z" uid="1" user="OSMnx" version="1" changeset="1" lat="42.282732" lon="119.90931" /><node id="5369137906" timestamp="2026-03-31T20:21:19Z" uid="1" user="OSMnx" version="1" changeset="1" lat="42.279677" lon="119.909553" /><node id="5369137907" timestamp="2026-03-31T20:21:19Z" uid="1" user="OSMnx" version="1" changeset="1" lat="42.279543" lon="119.910809" /><node id="5369137908" timestamp="2026-03-31T20:21:19Z" uid="1" user="OSMnx" version="1" changeset="1" lat="42.279805" lon="119.908347" /><node id="5369137909" timestamp="2026-03-31T20:21:19Z" uid="1" user="OSMnx" version="1" changeset="1" lat="42.279032" lon="119.911282" /><node id="5369137910" timestamp="2026-03-31T20:21:19Z" uid="1" user="OSMnx" version="1" changeset="1" lat="42.279021" lon="119.911385" /><node id="5369137911" timestamp="2026-03-31T20:21:19Z" uid="1" user="OSMnx" version="1" changeset="1" lat="42.278739" lon="119.91412" /><node id="5369137912" timestamp="2026-03-31T20:21:19Z" uid="1" user="OSMnx" version="1" changeset="1" lat="42.278721" lon="119.914288" /><node id="5369137913" timestamp="2026-03-31T20:21:19Z" uid="1" user="OSMnx" version="1" changeset="1" lat="42.278428" lon="119.917122" /><node id="5369137914" timestamp="2026-03-31T20:21:19Z" uid="1" user="OSMnx" version="1" changeset="1" lat="42.27937" lon="119.908024" /><node id="5369137915" timestamp="2026-03-31T20:21:19Z" uid="1" user="OSMnx" version="1" changeset="1" lat="42.27922" lon="119.909466" /><node id="5369137916" timestamp="2026-03-31T20:21:19Z" uid="1" user="OSMnx" version="1" changeset="1" lat="42.280397" lon="119.90968" /><node id="5369137917" timestamp="2026-03-31T20:21:19Z" uid="1" user="OSMnx" version="1" changeset="1" lat="42.281542" lon="119.910586" /><node id="5369137918" timestamp="2026-03-31T20:21:19Z" uid="1" user="OSMnx" version="1" changeset="1" lat="42.28037" lon="119.910371" /><node id="5369137919" timestamp="2026-03-31T20:21:19Z" uid="1" user="OSMnx" version="1" changeset="1" lat="42.281046" lon="119.910496" /><node id="5369137920" timestamp="2026-03-31T20:21:19Z" uid="1" user="OSMnx" version="1" changeset="1" lat="42.281238" lon="119.908586" /><node id="5369137921" timestamp="2026-03-31T20:21:19Z" uid="1" user="OSMnx" version="1" changeset="1" lat="42.280248" lon="119.911469" /><node id="5369137922" timestamp="2026-03-31T20:21:19Z" uid="1" user="OSMnx" version="1" changeset="1" lat="42.280428" lon="119.909849" /><node id="5369137923" timestamp="2026-03-31T20:21:19Z" uid="1" user="OSMnx" version="1" changeset="1" lat="42.280405" lon="119.909736" /><node id="5369137924" timestamp="2026-03-31T20:21:19Z" uid="1" user="OSMnx" version="1" changeset="1" lat="42.280385" lon="119.909589" /><node id="5369137925" timestamp="2026-03-31T20:21:19Z" uid="1" user="OSMnx" version="1" changeset="1" lat="42.280512" lon="119.908457" /><node id="5369137939" timestamp="2026-03-31T20:21:19Z" uid="1" user="OSMnx" version="1" changeset="1" lat="42.272907" lon="119.906266" /><node id="5369137940" timestamp="2026-03-31T20:21:19Z" uid="1" user="OSMnx" version="1" changeset="1" lat="42.273864" lon="119.906368" /><node id="5369137941" timestamp="2026-03-31T20:21:19Z" uid="1" user="OSMnx" version="1" changeset="1" lat="42.274594" lon="119.906647" /><node id="5369137942" timestamp="2026-03-31T20:21:19Z" uid="1" user="OSMnx" version="1" changeset="1" lat="42.275598" lon="119.907231" /><node id="5369137943" timestamp="2026-03-31T20:21:19Z" uid="1" user="OSMnx" version="1" changeset="1" lat="42.276118" lon="119.907382" /><node id="5369137944" timestamp="2026-03-31T20:21:19Z" uid="1" user="OSMnx" version="1" changeset="1" lat="42.276813" lon="119.907553" /><node id="5369137945" timestamp="2026-03-31T20:21:19Z" uid="1" user="OSMnx" version="1" changeset="1" lat="42.278007" lon="119.907784" /><node id="5369137946" timestamp="2026-03-31T20:21:19Z" uid="1" user="OSMnx" version="1" changeset="1" lat="42.279154" lon="119.907999" /><node id="5369137947" timestamp="2026-03-31T20:21:19Z" uid="1" user="OSMnx" version="1" changeset="1" lat="42.275144" lon="119.910666" /><node id="5369137948" timestamp="2026-03-31T20:21:19Z" uid="1" user="OSMnx" version="1" changeset="1" lat="42.275137" lon="119.910749" /><node id="5369137949" timestamp="2026-03-31T20:21:19Z" uid="1" user="OSMnx" version="1" changeset="1" lat="42.274895" lon="119.913499" /><node id="5369137950" timestamp="2026-03-31T20:21:19Z" uid="1" user="OSMnx" version="1" changeset="1" lat="42.27488" lon="119.913667" /><node id="5369137951" timestamp="2026-03-31T20:21:19Z" uid="1" user="OSMnx" version="1" changeset="1" lat="42.274628" lon="119.916523" /><node id="5369137952" timestamp="2026-03-31T20:21:19Z" uid="1" user="OSMnx" version="1" changeset="1" lat="42.274618" lon="119.916642" /><node id="5369137953" timestamp="2026-03-31T20:21:19Z" uid="1" user="OSMnx" version="1" changeset="1" lat="42.275455" lon="119.90714" /><node id="5369137954" timestamp="2026-03-31T20:21:19Z" uid="1" user="OSMnx" version="1" changeset="1" lat="42.272932" lon="119.913369" /><node id="5369137955" timestamp="2026-03-31T20:21:19Z" uid="1" user="OSMnx" version="1" changeset="1" lat="42.272946" lon="119.913212" /><node id="5369137966" timestamp="2026-03-31T20:21:19Z" uid="1" user="OSMnx" version="1" changeset="1" lat="42.287935" lon="119.906875" /><node id="5369137967" timestamp="2026-03-31T20:21:19Z" uid="1" user="OSMnx" version="1" changeset="1" lat="42.288991" lon="119.906955" /><node id="5369137974" timestamp="2026-03-31T20:21:19Z" uid="1" user="OSMnx" version="1" changeset="1" lat="42.289124" lon="119.904289" /><node id="5369137975" timestamp="2026-03-31T20:21:19Z" uid="1" user="OSMnx" version="1" changeset="1" lat="42.290695" lon="119.904554" /><node id="5369138005" timestamp="2026-03-31T20:21:19Z" uid="1" user="OSMnx" version="1" changeset="1" lat="42.288949" lon="119.907482" /><node id="5369138006" timestamp="2026-03-31T20:21:19Z" uid="1" user="OSMnx" version="1" changeset="1" lat="42.28909" lon="119.905702" /><node id="5369138007" timestamp="2026-03-31T20:21:19Z" uid="1" user="OSMnx" version="1" changeset="1" lat="42.289046" lon="119.905278" /><node id="5369138008" timestamp="2026-03-31T20:21:19Z" uid="1" user="OSMnx" version="1" changeset="1" lat="42.289292" lon="119.902162" /><node id="5369138009" timestamp="2026-03-31T20:21:19Z" uid="1" user="OSMnx" version="1" changeset="1" lat="42.289415" lon="119.900894" /><node id="5369138010" timestamp="2026-03-31T20:21:19Z" uid="1" user="OSMnx" version="1" changeset="1" lat="42.287817" lon="119.905096" /><node id="5369138011" timestamp="2026-03-31T20:21:19Z" uid="1" user="OSMnx" version="1" changeset="1" lat="42.29086" lon="119.905547" /><node id="5369138032" timestamp="2026-03-31T20:21:19Z" uid="1" user="OSMnx" version="1" changeset="1" lat="42.283913" lon="119.904603" /><node id="5369138033" timestamp="2026-03-31T20:21:19Z" uid="1" user="OSMnx" version="1" changeset="1" lat="42.283885" lon="119.904589" /><node id="5369138034" timestamp="2026-03-31T20:21:19Z" uid="1" user="OSMnx" version="1" changeset="1" lat="42.283875" lon="119.904546" /><node id="5369138035" timestamp="2026-03-31T20:21:19Z" uid="1" user="OSMnx" version="1" changeset="1" lat="42.283885" lon="119.904426" /><node id="5369138036" timestamp="2026-03-31T20:21:19Z" uid="1" user="OSMnx" version="1" changeset="1" lat="42.283844" lon="119.904375" /><node id="5369138037" timestamp="2026-03-31T20:21:19Z" uid="1" user="OSMnx" version="1" changeset="1" lat="42.283231" lon="119.904198" /><node id="5369138050" timestamp="2026-03-31T20:21:19Z" uid="1" user="OSMnx" version="1" changeset="1" lat="42.287314" lon="119.903822" /><node id="5369138051" timestamp="2026-03-31T20:21:19Z" uid="1" user="OSMnx" version="1" changeset="1" lat="42.286554" lon="119.903707" /><node id="5369138052" timestamp="2026-03-31T20:21:19Z" uid="1" user="OSMnx" version="1" changeset="1" lat="42.286467" lon="119.90368" /><node id="5369138053" timestamp="2026-03-31T20:21:19Z" uid="1" user="OSMnx" version="1" changeset="1" lat="42.286423" lon="119.903616" /><node id="5369138054" timestamp="2026-03-31T20:21:19Z" uid="1" user="OSMnx" version="1" changeset="1" lat="42.286407" lon="119.903522" /><node id="5369138055" timestamp="2026-03-31T20:21:19Z" uid="1" user="OSMnx" version="1" changeset="1" lat="42.286386" lon="119.90346" /><node id="5369138056" timestamp="2026-03-31T20:21:19Z" uid="1" user="OSMnx" version="1" changeset="1" lat="42.28631" lon="119.903414" /><node id="5369138057" timestamp="2026-03-31T20:21:19Z" uid="1" user="OSMnx" version="1" changeset="1" lat="42.285264" lon="119.903216" /><node id="5369138058" timestamp="2026-03-31T20:21:19Z" uid="1" user="OSMnx" version="1" changeset="1" lat="42.285179" lon="119.904141" /><node id="5369138059" timestamp="2026-03-31T20:21:19Z" uid="1" user="OSMnx" version="1" changeset="1" lat="42.284355" lon="119.904661" /><node id="5369138060" timestamp="2026-03-31T20:21:19Z" uid="1" user="OSMnx" version="1" changeset="1" lat="42.284996" lon="119.904782" /><node id="5369138061" timestamp="2026-03-31T20:21:19Z" uid="1" user="OSMnx" version="1" changeset="1" lat="42.284416" lon="119.904004" /><node id="5369138062" timestamp="2026-03-31T20:21:19Z" uid="1" user="OSMnx" version="1" changeset="1" lat="42.285006" lon="119.904112" /><node id="5369138068" timestamp="2026-03-31T20:21:19Z" uid="1" user="OSMnx" version="1" changeset="1" lat="42.280705" lon="119.904571" /><node id="5369138069" timestamp="2026-03-31T20:21:19Z" uid="1" user="OSMnx" version="1" changeset="1" lat="42.281188" lon="119.904648" /><node id="5369138070" timestamp="2026-03-31T20:21:19Z" uid="1" user="OSMnx" version="1" changeset="1" lat="42.280629" lon="119.905476" /><node id="5369138071" timestamp="2026-03-31T20:21:19Z" uid="1" user="OSMnx" version="1" changeset="1" lat="42.280746" lon="119.90409" /><node id="5369138077" timestamp="2026-03-31T20:21:19Z" uid="1" user="OSMnx" version="1" changeset="1" lat="42.281345" lon="119.90398" /><node id="5369138078" timestamp="2026-03-31T20:21:19Z" uid="1" user="OSMnx" version="1" changeset="1" lat="42.282445" lon="119.904214" /><node id="5369138079" timestamp="2026-03-31T20:21:19Z" uid="1" user="OSMnx" version="1" changeset="1" lat="42.283224" lon="119.904391" /><node id="5369138080" timestamp="2026-03-31T20:21:19Z" uid="1" user="OSMnx" version="1" changeset="1" lat="42.280893" lon="119.903841" /><node id="5369138081" timestamp="2026-03-31T20:21:19Z" uid="1" user="OSMnx" version="1" changeset="1" lat="42.280954" lon="119.903294" /><node id="5369138082" timestamp="2026-03-31T20:21:19Z" uid="1" user="OSMnx" version="1" changeset="1" lat="42.281972" lon="119.903471" /><node id="5369138083" timestamp="2026-03-31T20:21:19Z" uid="1" user="OSMnx" version="1" changeset="1" lat="42.283249" lon="119.903701" /><node id="5369138084" timestamp="2026-03-31T20:21:19Z" uid="1" user="OSMnx" version="1" changeset="1" lat="42.283125" lon="119.905816" /><node id="5369138085" timestamp="2026-03-31T20:21:19Z" uid="1" user="OSMnx" version="1" changeset="1" lat="42.283226" lon="119.904545" /><node id="5369138086" timestamp="2026-03-31T20:21:19Z" uid="1" user="OSMnx" version="1" changeset="1" lat="42.283254" lon="119.903551" /><node id="5369138087" timestamp="2026-03-31T20:21:19Z" uid="1" user="OSMnx" version="1" changeset="1" lat="42.283246" lon="119.903342" /><node id="5369138088" timestamp="2026-03-31T20:21:19Z" uid="1" user="OSMnx" version="1" changeset="1" lat="42.283209" lon="119.90317" /><node id="5369138089" timestamp="2026-03-31T20:21:19Z" uid="1" user="OSMnx" version="1" changeset="1" lat="42.283205" lon="119.902996" /><node id="5369138090" timestamp="2026-03-31T20:21:19Z" uid="1" user="OSMnx" version="1" changeset="1" lat="42.283251" lon="119.902638" /><node id="5369138091" timestamp="2026-03-31T20:21:19Z" uid="1" user="OSMnx" version="1" changeset="1" lat="42.283382" lon="119.902665" /><node id="5369138092" timestamp="2026-03-31T20:21:19Z" uid="1" user="OSMnx" version="1" changeset="1" lat="42.283519" lon="119.901228" /><node id="5369138093" timestamp="2026-03-31T20:21:19Z" uid="1" user="OSMnx" version="1" changeset="1" lat="42.283625" lon="119.899976" /><node id="5369138094" timestamp="2026-03-31T20:21:19Z" uid="1" user="OSMnx" version="1" changeset="1" lat="42.282231" lon="119.902424" /><node id="5369138095" timestamp="2026-03-31T20:21:19Z" uid="1" user="OSMnx" version="1" changeset="1" lat="42.282359" lon="119.901035" /><node id="5369138096" timestamp="2026-03-31T20:21:19Z" uid="1" user="OSMnx" version="1" changeset="1" lat="42.282457" lon="119.899775" /><node id="5369138101" timestamp="2026-03-31T20:21:19Z" uid="1" user="OSMnx" version="1" changeset="1" lat="42.280442" lon="119.898581" /><node id="5369138102" timestamp="2026-03-31T20:21:19Z" uid="1" user="OSMnx" version="1" changeset="1" lat="42.281394" lon="119.89873" /><node id="5369138103" timestamp="2026-03-31T20:21:19Z" uid="1" user="OSMnx" version="1" changeset="1" lat="42.281328" lon="119.899464" /><node id="5369138104" timestamp="2026-03-31T20:21:19Z" uid="1" user="OSMnx" version="1" changeset="1" lat="42.281449" lon="119.89812" /><node id="5369138105" timestamp="2026-03-31T20:21:19Z" uid="1" user="OSMnx" version="1" changeset="1" lat="42.280161" lon="119.897901" /><node id="5369138106" timestamp="2026-03-31T20:21:19Z" uid="1" user="OSMnx" version="1" changeset="1" lat="42.282611" lon="119.898317" /><node id="5369138107" timestamp="2026-03-31T20:21:19Z" uid="1" user="OSMnx" version="1" changeset="1" lat="42.284918" lon="119.898661" /><node id="5369138108" timestamp="2026-03-31T20:21:19Z" uid="1" user="OSMnx" version="1" changeset="1" lat="42.284922" lon="119.898615" /><node id="5369138109" timestamp="2026-03-31T20:21:19Z" uid="1" user="OSMnx" version="1" changeset="1" lat="42.288238" lon="119.899169" /><node id="5369138117" timestamp="2026-03-31T20:21:19Z" uid="1" user="OSMnx" version="1" changeset="1" lat="42.282503" lon="119.899653" /><node id="5369241414" timestamp="2026-03-31T20:21:19Z" uid="1" user="OSMnx" version="1" changeset="1" lat="42.302841" lon="119.929891" /><node id="5369241415" timestamp="2026-03-31T20:21:19Z" uid="1" user="OSMnx" version="1" changeset="1" lat="42.302658" lon="119.929622" /><node id="5369241416" timestamp="2026-03-31T20:21:19Z" uid="1" user="OSMnx" version="1" changeset="1" lat="42.302139" lon="119.928826" /><node id="5369241417" timestamp="2026-03-31T20:21:19Z" uid="1" user="OSMnx" version="1" changeset="1" lat="42.301434" lon="119.92785" /><node id="5369241418" timestamp="2026-03-31T20:21:19Z" uid="1" user="OSMnx" version="1" changeset="1" lat="42.301268" lon="119.927675" /><node id="5369241419" timestamp="2026-03-31T20:21:19Z" uid="1" user="OSMnx" version="1" changeset="1" lat="42.301079" lon="119.927506" /><node id="5369241420" timestamp="2026-03-31T20:21:19Z" uid="1" user="OSMnx" version="1" changeset="1" lat="42.300849" lon="119.927219" /><node id="5369241421" timestamp="2026-03-31T20:21:19Z" uid="1" user="OSMnx" version="1" changeset="1" lat="42.300522" lon="119.926785" /><node id="5369241422" timestamp="2026-03-31T20:21:19Z" uid="1" user="OSMnx" version="1" changeset="1" lat="42.300129" lon="119.926321" /><node id="5369241423" timestamp="2026-03-31T20:21:19Z" uid="1" user="OSMnx" version="1" changeset="1" lat="42.299619" lon="119.925535" /><node id="5369241424" timestamp="2026-03-31T20:21:19Z" uid="1" user="OSMnx" version="1" changeset="1" lat="42.299105" lon="119.924628" /><node id="5369241425" timestamp="2026-03-31T20:21:19Z" uid="1" user="OSMnx" version="1" changeset="1" lat="42.298744" lon="119.924137" /><node id="5369241426" timestamp="2026-03-31T20:21:19Z" uid="1" user="OSMnx" version="1" changeset="1" lat="42.2971" lon="119.920011" /><node id="5369241427" timestamp="2026-03-31T20:21:19Z" uid="1" user="OSMnx" version="1" changeset="1" lat="42.2971" lon="119.920128" /><node id="5369241428" timestamp="2026-03-31T20:21:19Z" uid="1" user="OSMnx" version="1" changeset="1" lat="42.298258" lon="119.923228" /><node id="5369241429" timestamp="2026-03-31T20:21:19Z" uid="1" user="OSMnx" version="1" changeset="1" lat="42.297651" lon="119.921871" /><node id="5369241430" timestamp="2026-03-31T20:21:19Z" uid="1" user="OSMnx" version="1" changeset="1" lat="42.297266" lon="119.920911" /><node id="5369241431" timestamp="2026-03-31T20:21:19Z" uid="1" user="OSMnx" version="1" changeset="1" lat="42.2971" lon="119.920256" /><node id="5369241432" timestamp="2026-03-31T20:21:19Z" uid="1" user="OSMnx" version="1" changeset="1" lat="42.2971" lon="119.919586" /><node id="5369241433" timestamp="2026-03-31T20:21:19Z" uid="1" user="OSMnx" version="1" changeset="1" lat="42.297215" lon="119.91854" /><node id="5369242047" timestamp="2026-03-31T20:21:19Z" uid="1" user="OSMnx" version="1" changeset="1" lat="42.273199" lon="119.899745" /><node id="5369242048" timestamp="2026-03-31T20:21:19Z" uid="1" user="OSMnx" version="1" changeset="1" lat="42.274018" lon="119.900019" /><node id="5369242049" timestamp="2026-03-31T20:21:19Z" uid="1" user="OSMnx" version="1" changeset="1" lat="42.274254" lon="119.899069" /><node id="5369242050" timestamp="2026-03-31T20:21:19Z" uid="1" user="OSMnx" version="1" changeset="1" lat="42.274334" lon="119.898753" /><node id="5369242051" timestamp="2026-03-31T20:21:19Z" uid="1" user="OSMnx" version="1" changeset="1" lat="42.274382" lon="119.898397" /><node id="5369242064" timestamp="2026-03-31T20:21:19Z" uid="1" user="OSMnx" version="1" changeset="1" lat="42.275558" lon="119.904037" /><node id="5369242080" timestamp="2026-03-31T20:21:19Z" uid="1" user="OSMnx" version="1" changeset="1" lat="42.276273" lon="119.901285" /><node id="5369242081" timestamp="2026-03-31T20:21:19Z" uid="1" user="OSMnx" version="1" changeset="1" lat="42.276366" lon="119.900612" /><node id="5369242082" timestamp="2026-03-31T20:21:19Z" uid="1" user="OSMnx" version="1" changeset="1" lat="42.276614" lon="119.901384" /><node id="5369242083" timestamp="2026-03-31T20:21:19Z" uid="1" user="OSMnx" version="1" changeset="1" lat="42.276711" lon="119.900698" /><node id="5369242084" timestamp="2026-03-31T20:21:19Z" uid="1" user="OSMnx" version="1" changeset="1" lat="42.276638" lon="119.90068" /><node id="5369242085" timestamp="2026-03-31T20:21:19Z" uid="1" user="OSMnx" version="1" changeset="1" lat="42.276821" lon="119.899466" /><node id="5369242086" timestamp="2026-03-31T20:21:19Z" uid="1" user="OSMnx" version="1" changeset="1" lat="42.276329" lon="119.900602" /><node id="5369242087" timestamp="2026-03-31T20:21:19Z" uid="1" user="OSMnx" version="1" changeset="1" lat="42.276505" lon="119.899415" /><node id="5369242088" timestamp="2026-03-31T20:21:19Z" uid="1" user="OSMnx" version="1" changeset="1" lat="42.276026" lon="119.900527" /><node id="5369242089" timestamp="2026-03-31T20:21:19Z" uid="1" user="OSMnx" version="1" changeset="1" lat="42.276934" lon="119.900754" /><node id="5369242090" timestamp="2026-03-31T20:21:19Z" uid="1" user="OSMnx" version="1" changeset="1" lat="42.276282" lon="119.898738" /><node id="5369242091" timestamp="2026-03-31T20:21:19Z" uid="1" user="OSMnx" version="1" changeset="1" lat="42.275582" lon="119.903844" /><node id="5369242092" timestamp="2026-03-31T20:21:19Z" uid="1" user="OSMnx" version="1" changeset="1" lat="42.275816" lon="119.901942" /><node id="5369242093" timestamp="2026-03-31T20:21:19Z" uid="1" user="OSMnx" version="1" changeset="1" lat="42.275922" lon="119.901255" /><node id="5369242094" timestamp="2026-03-31T20:21:19Z" uid="1" user="OSMnx" version="1" changeset="1" lat="42.276299" lon="119.898618" /><node id="5369242286" timestamp="2026-03-31T20:21:19Z" uid="1" user="OSMnx" version="1" changeset="1" lat="42.294405" lon="119.903146" /><node id="5369242287" timestamp="2026-03-31T20:21:19Z" uid="1" user="OSMnx" version="1" changeset="1" lat="42.294463" lon="119.902513" /><node id="5369242288" timestamp="2026-03-31T20:21:19Z" uid="1" user="OSMnx" version="1" changeset="1" lat="42.294596" lon="119.90168" /><node id="5369242289" timestamp="2026-03-31T20:21:19Z" uid="1" user="OSMnx" version="1" changeset="1" lat="42.295162" lon="119.903479" /><node id="5369242290" timestamp="2026-03-31T20:21:19Z" uid="1" user="OSMnx" version="1" changeset="1" lat="42.295239" lon="119.90306" /><node id="5369242291" timestamp="2026-03-31T20:21:19Z" uid="1" user="OSMnx" version="1" changeset="1" lat="42.295427" lon="119.90185" /><node id="5369242292" timestamp="2026-03-31T20:21:19Z" uid="1" user="OSMnx" version="1" changeset="1" lat="42.296506" lon="119.905064" /><node id="5369242293" timestamp="2026-03-31T20:21:19Z" uid="1" user="OSMnx" version="1" changeset="1" lat="42.296496" lon="119.90489" /><node id="5369242294" timestamp="2026-03-31T20:21:19Z" uid="1" user="OSMnx" version="1" changeset="1" lat="42.296489" lon="119.904493" /><node id="5369242295" timestamp="2026-03-31T20:21:19Z" uid="1" user="OSMnx" version="1" changeset="1" lat="42.296471" lon="119.904101" /><node id="5369242296" timestamp="2026-03-31T20:21:19Z" uid="1" user="OSMnx" version="1" changeset="1" lat="42.296368" lon="119.903653" /><node id="5369242297" timestamp="2026-03-31T20:21:19Z" uid="1" user="OSMnx" version="1" changeset="1" lat="42.296417" lon="119.903329" /><node id="5369242298" timestamp="2026-03-31T20:21:19Z" uid="1" user="OSMnx" version="1" changeset="1" lat="42.296496" lon="119.903087" /><node id="5369242299" timestamp="2026-03-31T20:21:19Z" uid="1" user="OSMnx" version="1" changeset="1" lat="42.296608" lon="119.90279" /><node id="5369242300" timestamp="2026-03-31T20:21:19Z" uid="1" user="OSMnx" version="1" changeset="1" lat="42.296671" lon="119.90243" /><node id="5369242301" timestamp="2026-03-31T20:21:19Z" uid="1" user="OSMnx" version="1" changeset="1" lat="42.296667" lon="119.902187" /><node id="5369242302" timestamp="2026-03-31T20:21:19Z" uid="1" user="OSMnx" version="1" changeset="1" lat="42.296387" lon="119.9039" /><node id="5369242303" timestamp="2026-03-31T20:21:19Z" uid="1" user="OSMnx" version="1" changeset="1" lat="42.296274" lon="119.90386" /><node id="5369242304" timestamp="2026-03-31T20:21:19Z" uid="1" user="OSMnx" version="1" changeset="1" lat="42.295479" lon="119.90361" /><node id="5369242305" timestamp="2026-03-31T20:21:19Z" uid="1" user="OSMnx" version="1" changeset="1" lat="42.29456" lon="119.90323" /><node id="5369242567" timestamp="2026-03-31T20:21:19Z" uid="1" user="OSMnx" version="1" changeset="1" lat="42.2985" lon="119.900507" /><node id="5369242568" timestamp="2026-03-31T20:21:19Z" uid="1" user="OSMnx" version="1" changeset="1" lat="42.298633" lon="119.900606" /><node id="5369242569" timestamp="2026-03-31T20:21:19Z" uid="1" user="OSMnx" version="1" changeset="1" lat="42.298697" lon="119.900596" /><node id="5369242570" timestamp="2026-03-31T20:21:19Z" uid="1" user="OSMnx" version="1" changeset="1" lat="42.297051" lon="119.900897" /><node id="5369242571" timestamp="2026-03-31T20:21:19Z" uid="1" user="OSMnx" version="1" changeset="1" lat="42.297517" lon="119.89962" /><node id="5369242572" timestamp="2026-03-31T20:21:19Z" uid="1" user="OSMnx" version="1" changeset="1" lat="42.297294" lon="119.89944" /><node id="5369242573" timestamp="2026-03-31T20:21:19Z" uid="1" user="OSMnx" version="1" changeset="1" lat="42.299022" lon="119.901342" /><node id="5369242574" timestamp="2026-03-31T20:21:19Z" uid="1" user="OSMnx" version="1" changeset="1" lat="42.299179" lon="119.900968" /><node id="5369242575" timestamp="2026-03-31T20:21:19Z" uid="1" user="OSMnx" version="1" changeset="1" lat="42.301281" lon="119.904071" /><node id="5369242576" timestamp="2026-03-31T20:21:19Z" uid="1" user="OSMnx" version="1" changeset="1" lat="42.301399" lon="119.903691" /><node id="5369242577" timestamp="2026-03-31T20:21:19Z" uid="1" user="OSMnx" version="1" changeset="1" lat="42.301304" lon="119.903487" /><node id="5369242578" timestamp="2026-03-31T20:21:19Z" uid="1" user="OSMnx" version="1" changeset="1" lat="42.300534" lon="119.902623" /><node id="5369242579" timestamp="2026-03-31T20:21:19Z" uid="1" user="OSMnx" version="1" changeset="1" lat="42.300173" lon="119.902213" /><node id="5369242580" timestamp="2026-03-31T20:21:19Z" uid="1" user="OSMnx" version="1" changeset="1" lat="42.298915" lon="119.901261" /><node id="5369242581" timestamp="2026-03-31T20:21:19Z" uid="1" user="OSMnx" version="1" changeset="1" lat="42.298691" lon="119.901162" /><node id="5369242582" timestamp="2026-03-31T20:21:19Z" uid="1" user="OSMnx" version="1" changeset="1" lat="42.298119" lon="119.901121" /><node id="5369242583" timestamp="2026-03-31T20:21:19Z" uid="1" user="OSMnx" version="1" changeset="1" lat="42.296893" lon="119.900864" /><node id="5369242584" timestamp="2026-03-31T20:21:19Z" uid="1" user="OSMnx" version="1" changeset="1" lat="42.296397" lon="119.900724" /><node id="5369243045" timestamp="2026-03-31T20:21:19Z" uid="1" user="OSMnx" version="1" changeset="1" lat="42.279093" lon="119.89754" /><node id="5369243046" timestamp="2026-03-31T20:21:19Z" uid="1" user="OSMnx" version="1" changeset="1" lat="42.280175" lon="119.897719" /><node id="5369243047" timestamp="2026-03-31T20:21:19Z" uid="1" user="OSMnx" version="1" changeset="1" lat="42.278676" lon="119.898133" /><node id="5369243048" timestamp="2026-03-31T20:21:19Z" uid="1" user="OSMnx" version="1" changeset="1" lat="42.280127" lon="119.898346" /><node id="5369351831" timestamp="2026-03-31T20:21:19Z" uid="1" user="OSMnx" version="1" changeset="1" lat="42.285396" lon="119.916479" /><node id="5369351832" timestamp="2026-03-31T20:21:19Z" uid="1" user="OSMnx" version="1" changeset="1" lat="42.28586" lon="119.916552" /><node id="5369351833" timestamp="2026-03-31T20:21:19Z" uid="1" user="OSMnx" version="1" changeset="1" lat="42.286728" lon="119.916683" /><node id="5369351842" timestamp="2026-03-31T20:21:19Z" uid="1" user="OSMnx" version="1" changeset="1" lat="42.284421" lon="119.916702" /><node id="5369351843" timestamp="2026-03-31T20:21:19Z" uid="1" user="OSMnx" version="1" changeset="1" lat="42.284552" lon="119.91523" /><node id="5369351844" timestamp="2026-03-31T20:21:19Z" uid="1" user="OSMnx" version="1" changeset="1" lat="42.285352" lon="119.917008" /><node id="5369351845" timestamp="2026-03-31T20:21:19Z" uid="1" user="OSMnx" version="1" changeset="1" lat="42.285488" lon="119.915381" /><node id="5369351851" timestamp="2026-03-31T20:21:19Z" uid="1" user="OSMnx" version="1" changeset="1" lat="42.281352" lon="119.912763" /><node id="5369351852" timestamp="2026-03-31T20:21:19Z" uid="1" user="OSMnx" version="1" changeset="1" lat="42.281969" lon="119.912867" /><node id="5369351853" timestamp="2026-03-31T20:21:19Z" uid="1" user="OSMnx" version="1" changeset="1" lat="42.282002" lon="119.912891" /><node id="5369351854" timestamp="2026-03-31T20:21:19Z" uid="1" user="OSMnx" version="1" changeset="1" lat="42.282044" lon="119.912966" /><node id="5369351855" timestamp="2026-03-31T20:21:19Z" uid="1" user="OSMnx" version="1" changeset="1" lat="42.282097" lon="119.913074" /><node id="5369351856" timestamp="2026-03-31T20:21:19Z" uid="1" user="OSMnx" version="1" changeset="1" lat="42.282156" lon="119.913146" /><node id="5369351857" timestamp="2026-03-31T20:21:19Z" uid="1" user="OSMnx" version="1" changeset="1" lat="42.282248" lon="119.913197" /><node id="5369351858" timestamp="2026-03-31T20:21:19Z" uid="1" user="OSMnx" version="1" changeset="1" lat="42.282397" lon="119.91327" /><node id="5369351859" timestamp="2026-03-31T20:21:19Z" uid="1" user="OSMnx" version="1" changeset="1" lat="42.28351" lon="119.913694" /><node id="5369351860" timestamp="2026-03-31T20:21:19Z" uid="1" user="OSMnx" version="1" changeset="1" lat="42.282662" lon="119.913551" /><node id="5369351861" timestamp="2026-03-31T20:21:19Z" uid="1" user="OSMnx" version="1" changeset="1" lat="42.282519" lon="119.913521" /><node id="5369351862" timestamp="2026-03-31T20:21:19Z" uid="1" user="OSMnx" version="1" changeset="1" lat="42.282462" lon="119.913462" /><node id="5369351863" timestamp="2026-03-31T20:21:19Z" uid="1" user="OSMnx" version="1" changeset="1" lat="42.28241" lon="119.913367" /><node id="5369351864" timestamp="2026-03-31T20:21:19Z" uid="1" user="OSMnx" version="1" changeset="1" lat="42.282395" lon="119.913253" /><node id="5369351865" timestamp="2026-03-31T20:21:19Z" uid="1" user="OSMnx" version="1" changeset="1" lat="42.282509" lon="119.911921" /><node id="5369351904" timestamp="2026-03-31T20:21:19Z" uid="1" user="OSMnx" version="1" changeset="1" lat="42.276263" lon="119.927169" /><node id="5369351905" timestamp="2026-03-31T20:21:19Z" uid="1" user="OSMnx" version="1" changeset="1" lat="42.276402" lon="119.927321" /><node id="5369351906" timestamp="2026-03-31T20:21:19Z" uid="1" user="OSMnx" version="1" changeset="1" lat="42.276509" lon="119.927396" /><node id="5369351907" timestamp="2026-03-31T20:21:19Z" uid="1" user="OSMnx" version="1" changeset="1" lat="42.277073" lon="119.927688" /><node id="5369351908" timestamp="2026-03-31T20:21:19Z" uid="1" user="OSMnx" version="1" changeset="1" lat="42.277676" lon="119.928077" /><node id="5369352044" timestamp="2026-03-31T20:21:19Z" uid="1" user="OSMnx" version="1" changeset="1" lat="42.294957" lon="119.904268" /><node id="5369352045" timestamp="2026-03-31T20:21:19Z" uid="1" user="OSMnx" version="1" changeset="1" lat="42.29512" lon="119.903462" /><node id="5369352046" timestamp="2026-03-31T20:21:19Z" uid="1" user="OSMnx" version="1" changeset="1" lat="42.295984" lon="119.903769" /><node id="5369352047" timestamp="2026-03-31T20:21:19Z" uid="1" user="OSMnx" version="1" changeset="1" lat="42.29627" lon="119.902272" /><node id="5369352048" timestamp="2026-03-31T20:21:19Z" uid="1" user="OSMnx" version="1" changeset="1" lat="42.295558" lon="119.903635" /><node id="5369352049" timestamp="2026-03-31T20:21:19Z" uid="1" user="OSMnx" version="1" changeset="1" lat="42.295858" lon="119.902165" /><node id="5369352056" timestamp="2026-03-31T20:21:19Z" uid="1" user="OSMnx" version="1" changeset="1" lat="42.279452" lon="119.931299" /><node id="5369352057" timestamp="2026-03-31T20:21:19Z" uid="1" user="OSMnx" version="1" changeset="1" lat="42.281282" lon="119.933836" /><node id="5369352058" timestamp="2026-03-31T20:21:19Z" uid="1" user="OSMnx" version="1" changeset="1" lat="42.281504" lon="119.933479" /><node id="5369352059" timestamp="2026-03-31T20:21:19Z" uid="1" user="OSMnx" version="1" changeset="1" lat="42.281591" lon="119.933235" /><node id="5369352060" timestamp="2026-03-31T20:21:19Z" uid="1" user="OSMnx" version="1" changeset="1" lat="42.281623" lon="119.933104" /><node id="5369352061" timestamp="2026-03-31T20:21:19Z" uid="1" user="OSMnx" version="1" changeset="1" lat="42.282367" lon="119.932181" /><node id="5369352062" timestamp="2026-03-31T20:21:19Z" uid="1" user="OSMnx" version="1" changeset="1" lat="42.282641" lon="119.93172" /><node id="5369352063" timestamp="2026-03-31T20:21:19Z" uid="1" user="OSMnx" version="1" changeset="1" lat="42.286479" lon="119.934775" /><node id="5369352064" timestamp="2026-03-31T20:21:19Z" uid="1" user="OSMnx" version="1" changeset="1" lat="42.286193" lon="119.934453" /><node id="5369352065" timestamp="2026-03-31T20:21:19Z" uid="1" user="OSMnx" version="1" changeset="1" lat="42.285312" lon="119.933823" /><node id="5369352066" timestamp="2026-03-31T20:21:19Z" uid="1" user="OSMnx" version="1" changeset="1" lat="42.284286" lon="119.933107" /><node id="5369352067" timestamp="2026-03-31T20:21:19Z" uid="1" user="OSMnx" version="1" changeset="1" lat="42.282595" lon="119.931682" /><node id="5369352068" timestamp="2026-03-31T20:21:19Z" uid="1" user="OSMnx" version="1" changeset="1" lat="42.281653" lon="119.930811" /><node id="5369352069" timestamp="2026-03-31T20:21:19Z" uid="1" user="OSMnx" version="1" changeset="1" lat="42.281236" lon="119.930427" /><node id="5369352070" timestamp="2026-03-31T20:21:19Z" uid="1" user="OSMnx" version="1" changeset="1" lat="42.280493" lon="119.929489" /><node id="5369352076" timestamp="2026-03-31T20:21:19Z" uid="1" user="OSMnx" version="1" changeset="1" lat="42.280373" lon="119.929338" /><node id="5369352077" timestamp="2026-03-31T20:21:19Z" uid="1" user="OSMnx" version="1" changeset="1" lat="42.280186" lon="119.928944" /><node id="5369352078" timestamp="2026-03-31T20:21:19Z" uid="1" user="OSMnx" version="1" changeset="1" lat="42.280174" lon="119.928839" /><node id="5369352079" timestamp="2026-03-31T20:21:19Z" uid="1" user="OSMnx" version="1" changeset="1" lat="42.280208" lon="119.928651" /><node id="5369352080" timestamp="2026-03-31T20:21:19Z" uid="1" user="OSMnx" version="1" changeset="1" lat="42.280325" lon="119.928222" /><node id="5369352081" timestamp="2026-03-31T20:21:19Z" uid="1" user="OSMnx" version="1" changeset="1" lat="42.28063" lon="119.927399" /><node id="5369352082" timestamp="2026-03-31T20:21:19Z" uid="1" user="OSMnx" version="1" changeset="1" lat="42.281372" lon="119.927909" /><node id="5369352083" timestamp="2026-03-31T20:21:19Z" uid="1" user="OSMnx" version="1" changeset="1" lat="42.28073" lon="119.927495" /><node id="5369352084" timestamp="2026-03-31T20:21:19Z" uid="1" user="OSMnx" version="1" changeset="1" lat="42.281305" lon="119.923732" /><node id="5369352085" timestamp="2026-03-31T20:21:19Z" uid="1" user="OSMnx" version="1" changeset="1" lat="42.281421" lon="119.92318" /><node id="5369352086" timestamp="2026-03-31T20:21:19Z" uid="1" user="OSMnx" version="1" changeset="1" lat="42.281539" lon="119.92256" /><node id="5369352087" timestamp="2026-03-31T20:21:19Z" uid="1" user="OSMnx" version="1" changeset="1" lat="42.282273" lon="119.925722" /><node id="5369352088" timestamp="2026-03-31T20:21:19Z" uid="1" user="OSMnx" version="1" changeset="1" lat="42.28388" lon="119.926465" /><node id="5369352089" timestamp="2026-03-31T20:21:19Z" uid="1" user="OSMnx" version="1" changeset="1" lat="42.282493" lon="119.925152" /><node id="5369352090" timestamp="2026-03-31T20:21:19Z" uid="1" user="OSMnx" version="1" changeset="1" lat="42.284035" lon="119.925906" /><node id="5369352091" timestamp="2026-03-31T20:21:19Z" uid="1" user="OSMnx" version="1" changeset="1" lat="42.283407" lon="119.928131" /><node id="5369352092" timestamp="2026-03-31T20:21:19Z" uid="1" user="OSMnx" version="1" changeset="1" lat="42.283681" lon="119.927182" /><node id="5369352093" timestamp="2026-03-31T20:21:19Z" uid="1" user="OSMnx" version="1" changeset="1" lat="42.284137" lon="119.925538" /><node id="5369352094" timestamp="2026-03-31T20:21:19Z" uid="1" user="OSMnx" version="1" changeset="1" lat="42.282623" lon="119.924815" /><node id="5369352095" timestamp="2026-03-31T20:21:19Z" uid="1" user="OSMnx" version="1" changeset="1" lat="42.285639" lon="119.926256" /><node id="5369352096" timestamp="2026-03-31T20:21:19Z" uid="1" user="OSMnx" version="1" changeset="1" lat="42.283909" lon="119.924626" /><node id="5369352097" timestamp="2026-03-31T20:21:19Z" uid="1" user="OSMnx" version="1" changeset="1" lat="42.284195" lon="119.923478" /><node id="5369352098" timestamp="2026-03-31T20:21:19Z" uid="1" user="OSMnx" version="1" changeset="1" lat="42.284022" lon="119.924124" /><node id="5369352099" timestamp="2026-03-31T20:21:19Z" uid="1" user="OSMnx" version="1" changeset="1" lat="42.286009" lon="119.925009" /><node id="5369352100" timestamp="2026-03-31T20:21:19Z" uid="1" user="OSMnx" version="1" changeset="1" lat="42.284223" lon="119.923496" /><node id="5369352101" timestamp="2026-03-31T20:21:19Z" uid="1" user="OSMnx" version="1" changeset="1" lat="42.284655" lon="119.923582" /><node id="5369352102" timestamp="2026-03-31T20:21:19Z" uid="1" user="OSMnx" version="1" changeset="1" lat="42.286084" lon="119.924114" /><node id="5369352103" timestamp="2026-03-31T20:21:19Z" uid="1" user="OSMnx" version="1" changeset="1" lat="42.283101" lon="119.922123" /><node id="5369352104" timestamp="2026-03-31T20:21:19Z" uid="1" user="OSMnx" version="1" changeset="1" lat="42.283566" lon="119.922233" /><node id="5369352105" timestamp="2026-03-31T20:21:19Z" uid="1" user="OSMnx" version="1" changeset="1" lat="42.284395" lon="119.922289" /><node id="5369352106" timestamp="2026-03-31T20:21:19Z" uid="1" user="OSMnx" version="1" changeset="1" lat="42.285512" lon="119.922415" /><node id="5369352107" timestamp="2026-03-31T20:21:19Z" uid="1" user="OSMnx" version="1" changeset="1" lat="42.285669" lon="119.922485" /><node id="5369352108" timestamp="2026-03-31T20:21:19Z" uid="1" user="OSMnx" version="1" changeset="1" lat="42.285802" lon="119.922601" /><node id="5369352109" timestamp="2026-03-31T20:21:19Z" uid="1" user="OSMnx" version="1" changeset="1" lat="42.278031" lon="119.92565" /><node id="5369352110" timestamp="2026-03-31T20:21:19Z" uid="1" user="OSMnx" version="1" changeset="1" lat="42.277068" lon="119.925168" /><node id="5369352111" timestamp="2026-03-31T20:21:19Z" uid="1" user="OSMnx" version="1" changeset="1" lat="42.276867" lon="119.924052" /><node id="5369352112" timestamp="2026-03-31T20:21:19Z" uid="1" user="OSMnx" version="1" changeset="1" lat="42.276795" lon="119.924057" /><node id="5369352113" timestamp="2026-03-31T20:21:19Z" uid="1" user="OSMnx" version="1" changeset="1" lat="42.276696" lon="119.924076" /><node id="5369352114" timestamp="2026-03-31T20:21:19Z" uid="1" user="OSMnx" version="1" changeset="1" lat="42.276636" lon="119.924148" /><node id="5369352115" timestamp="2026-03-31T20:21:19Z" uid="1" user="OSMnx" version="1" changeset="1" lat="42.27658" lon="119.924236" /><node id="5369352116" timestamp="2026-03-31T20:21:19Z" uid="1" user="OSMnx" version="1" changeset="1" lat="42.276489" lon="119.92422" /><node id="5369352117" timestamp="2026-03-31T20:21:19Z" uid="1" user="OSMnx" version="1" changeset="1" lat="42.276223" lon="119.924073" /><node id="5369352118" timestamp="2026-03-31T20:21:19Z" uid="1" user="OSMnx" version="1" changeset="1" lat="42.275271" lon="119.923486" /><node id="5369352119" timestamp="2026-03-31T20:21:19Z" uid="1" user="OSMnx" version="1" changeset="1" lat="42.27538" lon="119.923156" /><node id="5369352120" timestamp="2026-03-31T20:21:19Z" uid="1" user="OSMnx" version="1" changeset="1" lat="42.275433" lon="119.923078" /><node id="5369352121" timestamp="2026-03-31T20:21:19Z" uid="1" user="OSMnx" version="1" changeset="1" lat="42.275548" lon="119.92303" /><node id="5369352122" timestamp="2026-03-31T20:21:19Z" uid="1" user="OSMnx" version="1" changeset="1" lat="42.275695" lon="119.923032" /><node id="5369352123" timestamp="2026-03-31T20:21:19Z" uid="1" user="OSMnx" version="1" changeset="1" lat="42.275951" lon="119.92256" /><node id="5369352124" timestamp="2026-03-31T20:21:19Z" uid="1" user="OSMnx" version="1" changeset="1" lat="42.276007" lon="119.922303" /><node id="5369352125" timestamp="2026-03-31T20:21:19Z" uid="1" user="OSMnx" version="1" changeset="1" lat="42.276015" lon="119.921951" /><node id="5369352126" timestamp="2026-03-31T20:21:19Z" uid="1" user="OSMnx" version="1" changeset="1" lat="42.27597" lon="119.921504" /><node id="5369352127" timestamp="2026-03-31T20:21:19Z" uid="1" user="OSMnx" version="1" changeset="1" lat="42.275255" lon="119.921077" /><node id="5369352128" timestamp="2026-03-31T20:21:19Z" uid="1" user="OSMnx" version="1" changeset="1" lat="42.27614" lon="119.921605" /><node id="5369352129" timestamp="2026-03-31T20:21:19Z" uid="1" user="OSMnx" version="1" changeset="1" lat="42.276283" lon="119.921804" /><node id="5369352130" timestamp="2026-03-31T20:21:19Z" uid="1" user="OSMnx" version="1" changeset="1" lat="42.275796" lon="119.923035" /><node id="5369352131" timestamp="2026-03-31T20:21:19Z" uid="1" user="OSMnx" version="1" changeset="1" lat="42.27635" lon="119.923373" /><node id="5369352132" timestamp="2026-03-31T20:21:19Z" uid="1" user="OSMnx" version="1" changeset="1" lat="42.276463" lon="119.923453" /><node id="5369352133" timestamp="2026-03-31T20:21:19Z" uid="1" user="OSMnx" version="1" changeset="1" lat="42.276592" lon="119.92366" /><node id="5369352134" timestamp="2026-03-31T20:21:19Z" uid="1" user="OSMnx" version="1" changeset="1" lat="42.276733" lon="119.923917" /><node id="5369352135" timestamp="2026-03-31T20:21:19Z" uid="1" user="OSMnx" version="1" changeset="1" lat="42.276922" lon="119.924108" /><node id="5369352136" timestamp="2026-03-31T20:21:19Z" uid="1" user="OSMnx" version="1" changeset="1" lat="42.27727" lon="119.92427" /><node id="5369352137" timestamp="2026-03-31T20:21:19Z" uid="1" user="OSMnx" version="1" changeset="1" lat="42.275531" lon="119.924958" /><node id="5369352138" timestamp="2026-03-31T20:21:19Z" uid="1" user="OSMnx" version="1" changeset="1" lat="42.276469" lon="119.925524" /><node id="5369352139" timestamp="2026-03-31T20:21:19Z" uid="1" user="OSMnx" version="1" changeset="1" lat="42.276898" lon="119.925817" /><node id="5369352140" timestamp="2026-03-31T20:21:19Z" uid="1" user="OSMnx" version="1" changeset="1" lat="42.27935" lon="119.925487" /><node id="5369352141" timestamp="2026-03-31T20:21:19Z" uid="1" user="OSMnx" version="1" changeset="1" lat="42.280572" lon="119.926016" /><node id="5369352142" timestamp="2026-03-31T20:21:19Z" uid="1" user="OSMnx" version="1" changeset="1" lat="42.280285" lon="119.927247" /><node id="5369352143" timestamp="2026-03-31T20:21:19Z" uid="1" user="OSMnx" version="1" changeset="1" lat="42.280629" lon="119.925773" /><node id="5369352144" timestamp="2026-03-31T20:21:19Z" uid="1" user="OSMnx" version="1" changeset="1" lat="42.281071" lon="119.924186" /><node id="5369352145" timestamp="2026-03-31T20:21:19Z" uid="1" user="OSMnx" version="1" changeset="1" lat="42.281243" lon="119.923716" /><node id="5369352146" timestamp="2026-03-31T20:21:19Z" uid="1" user="OSMnx" version="1" changeset="1" lat="42.279593" lon="119.923473" /><node id="5369352147" timestamp="2026-03-31T20:21:19Z" uid="1" user="OSMnx" version="1" changeset="1" lat="42.280105" lon="119.923531" /><node id="5369352148" timestamp="2026-03-31T20:21:19Z" uid="1" user="OSMnx" version="1" changeset="1" lat="42.280819" lon="119.923606" /><node id="5369352149" timestamp="2026-03-31T20:21:19Z" uid="1" user="OSMnx" version="1" changeset="1" lat="42.281345" lon="119.923743" /><node id="5369352150" timestamp="2026-03-31T20:21:19Z" uid="1" user="OSMnx" version="1" changeset="1" lat="42.281984" lon="119.923888" /><node id="5369352151" timestamp="2026-03-31T20:21:19Z" uid="1" user="OSMnx" version="1" changeset="1" lat="42.282119" lon="119.92384" /><node id="5369352152" timestamp="2026-03-31T20:21:19Z" uid="1" user="OSMnx" version="1" changeset="1" lat="42.282254" lon="119.923751" /><node id="5369352153" timestamp="2026-03-31T20:21:19Z" uid="1" user="OSMnx" version="1" changeset="1" lat="42.282429" lon="119.923535" /><node id="5369352154" timestamp="2026-03-31T20:21:19Z" uid="1" user="OSMnx" version="1" changeset="1" lat="42.279651" lon="119.922178" /><node id="5369352155" timestamp="2026-03-31T20:21:19Z" uid="1" user="OSMnx" version="1" changeset="1" lat="42.279936" lon="119.922177" /><node id="5369352156" timestamp="2026-03-31T20:21:19Z" uid="1" user="OSMnx" version="1" changeset="1" lat="42.280653" lon="119.922273" /><node id="5369352157" timestamp="2026-03-31T20:21:19Z" uid="1" user="OSMnx" version="1" changeset="1" lat="42.282036" lon="119.922721" /><node id="5369352158" timestamp="2026-03-31T20:21:19Z" uid="1" user="OSMnx" version="1" changeset="1" lat="42.282551" lon="119.922938" /><node id="5369352159" timestamp="2026-03-31T20:21:19Z" uid="1" user="OSMnx" version="1" changeset="1" lat="42.283101" lon="119.923059" /><node id="5369352160" timestamp="2026-03-31T20:21:19Z" uid="1" user="OSMnx" version="1" changeset="1" lat="42.283865" lon="119.923268" /><node id="5369352161" timestamp="2026-03-31T20:21:19Z" uid="1" user="OSMnx" version="1" changeset="1" lat="42.284089" lon="119.923409" /><node id="5369352168" timestamp="2026-03-31T20:21:19Z" uid="1" user="OSMnx" version="1" changeset="1" lat="42.272764" lon="119.927729" /><node id="5369352169" timestamp="2026-03-31T20:21:19Z" uid="1" user="OSMnx" version="1" changeset="1" lat="42.273546" lon="119.927552" /><node id="5369352170" timestamp="2026-03-31T20:21:19Z" uid="1" user="OSMnx" version="1" changeset="1" lat="42.273951" lon="119.927426" /><node id="5369352171" timestamp="2026-03-31T20:21:19Z" uid="1" user="OSMnx" version="1" changeset="1" lat="42.274304" lon="119.927474" /><node id="5369352172" timestamp="2026-03-31T20:21:19Z" uid="1" user="OSMnx" version="1" changeset="1" lat="42.274935" lon="119.927525" /><node id="5369352173" timestamp="2026-03-31T20:21:19Z" uid="1" user="OSMnx" version="1" changeset="1" lat="42.275209" lon="119.92749" /><node id="5369352174" timestamp="2026-03-31T20:21:19Z" uid="1" user="OSMnx" version="1" changeset="1" lat="42.275519" lon="119.927428" /><node id="5369352175" timestamp="2026-03-31T20:21:19Z" uid="1" user="OSMnx" version="1" changeset="1" lat="42.276432" lon="119.927144" /><node id="5369352176" timestamp="2026-03-31T20:21:19Z" uid="1" user="OSMnx" version="1" changeset="1" lat="42.276828" lon="119.927042" /><node id="5369352177" timestamp="2026-03-31T20:21:19Z" uid="1" user="OSMnx" version="1" changeset="1" lat="42.277039" lon="119.927058" /><node id="5369352178" timestamp="2026-03-31T20:21:19Z" uid="1" user="OSMnx" version="1" changeset="1" lat="42.277249" lon="119.927053" /><node id="5369352179" timestamp="2026-03-31T20:21:19Z" uid="1" user="OSMnx" version="1" changeset="1" lat="42.27742" lon="119.926994" /><node id="5369352180" timestamp="2026-03-31T20:21:19Z" uid="1" user="OSMnx" version="1" changeset="1" lat="42.27771" lon="119.92693" /><node id="5369352181" timestamp="2026-03-31T20:21:19Z" uid="1" user="OSMnx" version="1" changeset="1" lat="42.278007" lon="119.926887" /><node id="5369352182" timestamp="2026-03-31T20:21:19Z" uid="1" user="OSMnx" version="1" changeset="1" lat="42.278343" lon="119.926831" /><node id="5369352183" timestamp="2026-03-31T20:21:19Z" uid="1" user="OSMnx" version="1" changeset="1" lat="42.276658" lon="119.927058" /><node id="5369352184" timestamp="2026-03-31T20:21:19Z" uid="1" user="OSMnx" version="1" changeset="1" lat="42.276836" lon="119.926055" /><node id="5369352185" timestamp="2026-03-31T20:21:19Z" uid="1" user="OSMnx" version="1" changeset="1" lat="42.27761" lon="119.922409" /><node id="5369352186" timestamp="2026-03-31T20:21:19Z" uid="1" user="OSMnx" version="1" changeset="1" lat="42.276487" lon="119.922048" /><node id="5369352187" timestamp="2026-03-31T20:21:19Z" uid="1" user="OSMnx" version="1" changeset="1" lat="42.278524" lon="119.922706" /><node id="5369352188" timestamp="2026-03-31T20:21:19Z" uid="1" user="OSMnx" version="1" changeset="1" lat="42.27844" lon="119.922681" /><node id="5369352189" timestamp="2026-03-31T20:21:19Z" uid="1" user="OSMnx" version="1" changeset="1" lat="42.279107" lon="119.922879" /><node id="5369352190" timestamp="2026-03-31T20:21:19Z" uid="1" user="OSMnx" version="1" changeset="1" lat="42.279647" lon="119.923008" /><node id="5369352191" timestamp="2026-03-31T20:21:19Z" uid="1" user="OSMnx" version="1" changeset="1" lat="42.277194" lon="119.924687" /><node id="5369352192" timestamp="2026-03-31T20:21:19Z" uid="1" user="OSMnx" version="1" changeset="1" lat="42.279334" lon="119.92558" /><node id="5369352193" timestamp="2026-03-31T20:21:19Z" uid="1" user="OSMnx" version="1" changeset="1" lat="42.279149" lon="119.926698" /><node id="5369352194" timestamp="2026-03-31T20:21:19Z" uid="1" user="OSMnx" version="1" changeset="1" lat="42.279381" lon="119.925299" /><node id="5369352195" timestamp="2026-03-31T20:21:19Z" uid="1" user="OSMnx" version="1" changeset="1" lat="42.279555" lon="119.923802" /><node id="5369352196" timestamp="2026-03-31T20:21:19Z" uid="1" user="OSMnx" version="1" changeset="1" lat="42.279664" lon="119.92263" /><node id="5369352197" timestamp="2026-03-31T20:21:19Z" uid="1" user="OSMnx" version="1" changeset="1" lat="42.277956" lon="119.92252" /><node id="5369352198" timestamp="2026-03-31T20:21:19Z" uid="1" user="OSMnx" version="1" changeset="1" lat="42.278194" lon="119.921431" /><node id="5369352199" timestamp="2026-03-31T20:21:19Z" uid="1" user="OSMnx" version="1" changeset="1" lat="42.278283" lon="119.920556" /><node id="5369352200" timestamp="2026-03-31T20:21:19Z" uid="1" user="OSMnx" version="1" changeset="1" lat="42.278285" lon="119.92422" /><node id="5369352201" timestamp="2026-03-31T20:21:19Z" uid="1" user="OSMnx" version="1" changeset="1" lat="42.278448" lon="119.923335" /><node id="5369352202" timestamp="2026-03-31T20:21:19Z" uid="1" user="OSMnx" version="1" changeset="1" lat="42.278559" lon="119.922413" /><node id="5369352203" timestamp="2026-03-31T20:21:19Z" uid="1" user="OSMnx" version="1" changeset="1" lat="42.278678" lon="119.920614" /><node id="5369352204" timestamp="2026-03-31T20:21:19Z" uid="1" user="OSMnx" version="1" changeset="1" lat="42.27865" lon="119.921055" /><node id="5369352205" timestamp="2026-03-31T20:21:19Z" uid="1" user="OSMnx" version="1" changeset="1" lat="42.278956" lon="119.921479" /><node id="5369352206" timestamp="2026-03-31T20:21:19Z" uid="1" user="OSMnx" version="1" changeset="1" lat="42.279206" lon="119.921576" /><node id="5369352207" timestamp="2026-03-31T20:21:19Z" uid="1" user="OSMnx" version="1" changeset="1" lat="42.279611" lon="119.921704" /><node id="5369352208" timestamp="2026-03-31T20:21:19Z" uid="1" user="OSMnx" version="1" changeset="1" lat="42.279742" lon="119.921646" /><node id="5369352209" timestamp="2026-03-31T20:21:19Z" uid="1" user="OSMnx" version="1" changeset="1" lat="42.279873" lon="119.921581" /><node id="5369352210" timestamp="2026-03-31T20:21:19Z" uid="1" user="OSMnx" version="1" changeset="1" lat="42.280107" lon="119.921613" /><node id="5369352211" timestamp="2026-03-31T20:21:19Z" uid="1" user="OSMnx" version="1" changeset="1" lat="42.281" lon="119.921882" /><node id="5369352212" timestamp="2026-03-31T20:21:19Z" uid="1" user="OSMnx" version="1" changeset="1" lat="42.282623" lon="119.922521" /><node id="5369352213" timestamp="2026-03-31T20:21:19Z" uid="1" user="OSMnx" version="1" changeset="1" lat="42.276368" lon="119.928692" /><node id="5369352214" timestamp="2026-03-31T20:21:19Z" uid="1" user="OSMnx" version="1" changeset="1" lat="42.276681" lon="119.928878" /><node id="5369352215" timestamp="2026-03-31T20:21:19Z" uid="1" user="OSMnx" version="1" changeset="1" lat="42.277136" lon="119.929097" /><node id="5369352216" timestamp="2026-03-31T20:21:19Z" uid="1" user="OSMnx" version="1" changeset="1" lat="42.277251" lon="119.929177" /><node id="5369352217" timestamp="2026-03-31T20:21:19Z" uid="1" user="OSMnx" version="1" changeset="1" lat="42.277545" lon="119.929487" /><node id="5369352218" timestamp="2026-03-31T20:21:19Z" uid="1" user="OSMnx" version="1" changeset="1" lat="42.277836" lon="119.929702" /><node id="5369352219" timestamp="2026-03-31T20:21:19Z" uid="1" user="OSMnx" version="1" changeset="1" lat="42.277972" lon="119.929785" /><node id="5369352220" timestamp="2026-03-31T20:21:19Z" uid="1" user="OSMnx" version="1" changeset="1" lat="42.278041" lon="119.929786" /><node id="5369352221" timestamp="2026-03-31T20:21:19Z" uid="1" user="OSMnx" version="1" changeset="1" lat="42.278596" lon="119.930243" /><node id="5369352222" timestamp="2026-03-31T20:21:19Z" uid="1" user="OSMnx" version="1" changeset="1" lat="42.2796" lon="119.931044" /><node id="5369352223" timestamp="2026-03-31T20:21:19Z" uid="1" user="OSMnx" version="1" changeset="1" lat="42.27718" lon="119.929054" /><node id="5369352224" timestamp="2026-03-31T20:21:19Z" uid="1" user="OSMnx" version="1" changeset="1" lat="42.277468" lon="119.928595" /><node id="5369352225" timestamp="2026-03-31T20:21:19Z" uid="1" user="OSMnx" version="1" changeset="1" lat="42.278386" lon="119.926744" /><node id="5369352226" timestamp="2026-03-31T20:21:19Z" uid="1" user="OSMnx" version="1" changeset="1" lat="42.278551" lon="119.926608" /><node id="5369352227" timestamp="2026-03-31T20:21:19Z" uid="1" user="OSMnx" version="1" changeset="1" lat="42.27871" lon="119.926602" /><node id="5369352228" timestamp="2026-03-31T20:21:19Z" uid="1" user="OSMnx" version="1" changeset="1" lat="42.279051" lon="119.926669" /><node id="5369352229" timestamp="2026-03-31T20:21:19Z" uid="1" user="OSMnx" version="1" changeset="1" lat="42.2794" lon="119.926771" /><node id="5369352230" timestamp="2026-03-31T20:21:19Z" uid="1" user="OSMnx" version="1" changeset="1" lat="42.280442" lon="119.927332" /><node id="5369352231" timestamp="2026-03-31T20:21:19Z" uid="1" user="OSMnx" version="1" changeset="1" lat="42.280542" lon="119.927313" /><node id="5369352232" timestamp="2026-03-31T20:21:19Z" uid="1" user="OSMnx" version="1" changeset="1" lat="42.28069" lon="119.927147" /><node id="5369352233" timestamp="2026-03-31T20:21:19Z" uid="1" user="OSMnx" version="1" changeset="1" lat="42.280786" lon="119.92694" /><node id="5369352234" timestamp="2026-03-31T20:21:19Z" uid="1" user="OSMnx" version="1" changeset="1" lat="42.280851" lon="119.926755" /><node id="5369352235" timestamp="2026-03-31T20:21:19Z" uid="1" user="OSMnx" version="1" changeset="1" lat="42.280952" lon="119.926653" /><node id="5369352236" timestamp="2026-03-31T20:21:19Z" uid="1" user="OSMnx" version="1" changeset="1" lat="42.281121" lon="119.926589" /><node id="5369352237" timestamp="2026-03-31T20:21:19Z" uid="1" user="OSMnx" version="1" changeset="1" lat="42.281385" lon="119.926535" /><node id="5369352238" timestamp="2026-03-31T20:21:19Z" uid="1" user="OSMnx" version="1" changeset="1" lat="42.281558" lon="119.926573" /><node id="5369352239" timestamp="2026-03-31T20:21:19Z" uid="1" user="OSMnx" version="1" changeset="1" lat="42.281683" lon="119.926608" /><node id="5369352240" timestamp="2026-03-31T20:21:19Z" uid="1" user="OSMnx" version="1" changeset="1" lat="42.281754" lon="119.926567" /><node id="5369352241" timestamp="2026-03-31T20:21:19Z" uid="1" user="OSMnx" version="1" changeset="1" lat="42.281828" lon="119.926382" /><node id="5369352242" timestamp="2026-03-31T20:21:19Z" uid="1" user="OSMnx" version="1" changeset="1" lat="42.282084" lon="119.926211" /><node id="5369352243" timestamp="2026-03-31T20:21:19Z" uid="1" user="OSMnx" version="1" changeset="1" lat="42.281895" lon="119.926165" /><node id="5369352244" timestamp="2026-03-31T20:21:19Z" uid="1" user="OSMnx" version="1" changeset="1" lat="42.281917" lon="119.925999" /><node id="5369352245" timestamp="2026-03-31T20:21:19Z" uid="1" user="OSMnx" version="1" changeset="1" lat="42.282072" lon="119.925288" /><node id="5369352246" timestamp="2026-03-31T20:21:19Z" uid="1" user="OSMnx" version="1" changeset="1" lat="42.282409" lon="119.923636" /><node id="5369352247" timestamp="2026-03-31T20:21:19Z" uid="1" user="OSMnx" version="1" changeset="1" lat="42.282607" lon="119.922659" /><node id="5369352248" timestamp="2026-03-31T20:21:19Z" uid="1" user="OSMnx" version="1" changeset="1" lat="42.282651" lon="119.922273" /><node id="5369352249" timestamp="2026-03-31T20:21:19Z" uid="1" user="OSMnx" version="1" changeset="1" lat="42.282738" lon="119.921796" /><node id="5369521801" timestamp="2026-03-31T20:21:19Z" uid="1" user="OSMnx" version="1" changeset="1" lat="42.298271" lon="119.926416" /><node id="5369521802" timestamp="2026-03-31T20:21:19Z" uid="1" user="OSMnx" version="1" changeset="1" lat="42.298068" lon="119.925678" /><node id="5369521803" timestamp="2026-03-31T20:21:19Z" uid="1" user="OSMnx" version="1" changeset="1" lat="42.297909" lon="119.925208" /><node id="5369521804" timestamp="2026-03-31T20:21:19Z" uid="1" user="OSMnx" version="1" changeset="1" lat="42.297342" lon="119.925741" /><node id="5369521805" timestamp="2026-03-31T20:21:19Z" uid="1" user="OSMnx" version="1" changeset="1" lat="42.297786" lon="119.925296" /><node id="5369521806" timestamp="2026-03-31T20:21:19Z" uid="1" user="OSMnx" version="1" changeset="1" lat="42.298088" lon="119.925079" /><node id="5369521807" timestamp="2026-03-31T20:21:19Z" uid="1" user="OSMnx" version="1" changeset="1" lat="42.298062" lon="119.925017" /><node id="5369521808" timestamp="2026-03-31T20:21:19Z" uid="1" user="OSMnx" version="1" changeset="1" lat="42.297846" lon="119.924497" /><node id="5369521809" timestamp="2026-03-31T20:21:19Z" uid="1" user="OSMnx" version="1" changeset="1" lat="42.29724" lon="119.923373" /><node id="5369521810" timestamp="2026-03-31T20:21:19Z" uid="1" user="OSMnx" version="1" changeset="1" lat="42.297252" lon="119.923303" /><node id="5369521811" timestamp="2026-03-31T20:21:19Z" uid="1" user="OSMnx" version="1" changeset="1" lat="42.297449" lon="119.923132" /><node id="5369521812" timestamp="2026-03-31T20:21:19Z" uid="1" user="OSMnx" version="1" changeset="1" lat="42.297697" lon="119.922949" /><node id="5369521813" timestamp="2026-03-31T20:21:19Z" uid="1" user="OSMnx" version="1" changeset="1" lat="42.29783" lon="119.922904" /><node id="5369521814" timestamp="2026-03-31T20:21:19Z" uid="1" user="OSMnx" version="1" changeset="1" lat="42.298067" lon="119.9228" /><node id="5369521815" timestamp="2026-03-31T20:21:19Z" uid="1" user="OSMnx" version="1" changeset="1" lat="42.29562" lon="119.92752" /><node id="5369521816" timestamp="2026-03-31T20:21:19Z" uid="1" user="OSMnx" version="1" changeset="1" lat="42.295826" lon="119.927412" /><node id="5369521817" timestamp="2026-03-31T20:21:19Z" uid="1" user="OSMnx" version="1" changeset="1" lat="42.29606" lon="119.927267" /><node id="5369521818" timestamp="2026-03-31T20:21:19Z" uid="1" user="OSMnx" version="1" changeset="1" lat="42.296298" lon="119.926913" /><node id="5369521819" timestamp="2026-03-31T20:21:19Z" uid="1" user="OSMnx" version="1" changeset="1" lat="42.296933" lon="119.926248" /><node id="5369521820" timestamp="2026-03-31T20:21:19Z" uid="1" user="OSMnx" version="1" changeset="1" lat="42.297147" lon="119.92613" /><node id="5369521921" timestamp="2026-03-31T20:21:19Z" uid="1" user="OSMnx" version="1" changeset="1" lat="42.298219" lon="119.925604" /><node id="5369521922" timestamp="2026-03-31T20:21:19Z" uid="1" user="OSMnx" version="1" changeset="1" lat="42.29934" lon="119.925042" /><node id="5369521923" timestamp="2026-03-31T20:21:19Z" uid="1" user="OSMnx" version="1" changeset="1" lat="42.295881" lon="119.927604" /><node id="5369521924" timestamp="2026-03-31T20:21:19Z" uid="1" user="OSMnx" version="1" changeset="1" lat="42.296655" lon="119.927219" /><node id="5369521925" timestamp="2026-03-31T20:21:19Z" uid="1" user="OSMnx" version="1" changeset="1" lat="42.297552" lon="119.92679" /><node id="5369521926" timestamp="2026-03-31T20:21:19Z" uid="1" user="OSMnx" version="1" changeset="1" lat="42.299707" lon="119.925669" /><node id="7819027093" timestamp="2026-03-31T20:21:19Z" uid="1" user="OSMnx" version="1" changeset="1" lat="42.29761" lon="119.914214" /><node id="7819027124" timestamp="2026-03-31T20:21:19Z" uid="1" user="OSMnx" version="1" changeset="1" lat="42.2942" lon="119.904379" /><node id="7819027125" timestamp="2026-03-31T20:21:19Z" uid="1" user="OSMnx" version="1" changeset="1" lat="42.293886" lon="119.905477" /><node id="7819027126" timestamp="2026-03-31T20:21:19Z" uid="1" user="OSMnx" version="1" changeset="1" lat="42.293732" lon="119.907348" /><node id="7819027127" timestamp="2026-03-31T20:21:19Z" uid="1" user="OSMnx" version="1" changeset="1" lat="42.293408" lon="119.908188" /><node id="9981087864" timestamp="2026-03-31T20:21:19Z" uid="1" user="OSMnx" version="1" changeset="1" lat="42.291473" lon="119.91926" /><node id="9981087865" timestamp="2026-03-31T20:21:19Z" uid="1" user="OSMnx" version="1" changeset="1" lat="42.291478" lon="119.919143" /><node id="9981087866" timestamp="2026-03-31T20:21:19Z" uid="1" user="OSMnx" version="1" changeset="1" lat="42.292005" lon="119.913331" /><node id="10124236085" timestamp="2026-03-31T20:21:19Z" uid="1" user="OSMnx" version="1" changeset="1" lat="42.297891" lon="119.917177" /><node id="10124236086" timestamp="2026-03-31T20:21:19Z" uid="1" user="OSMnx" version="1" changeset="1" lat="42.297657" lon="119.917148" /><node id="10124236087" timestamp="2026-03-31T20:21:19Z" uid="1" user="OSMnx" version="1" changeset="1" lat="42.297689" lon="119.916692" /><node id="10124236088" timestamp="2026-03-31T20:21:19Z" uid="1" user="OSMnx" version="1" changeset="1" lat="42.297388" lon="119.916642" /><node id="10124236089" timestamp="2026-03-31T20:21:19Z" uid="1" user="OSMnx" version="1" changeset="1" lat="42.293291" lon="119.91954" /><node id="10124236090" timestamp="2026-03-31T20:21:19Z" uid="1" user="OSMnx" version="1" changeset="1" lat="42.293303" lon="119.919424" /><node id="10124236091" timestamp="2026-03-31T20:21:19Z" uid="1" user="OSMnx" version="1" changeset="1" lat="42.293862" lon="119.913623" /><node id="10124236152" timestamp="2026-03-31T20:21:19Z" uid="1" user="OSMnx" version="1" changeset="1" lat="42.300544" lon="119.914162" /><node id="10124236153" timestamp="2026-03-31T20:21:19Z" uid="1" user="OSMnx" version="1" changeset="1" lat="42.300413" lon="119.914296" /><node id="10124236154" timestamp="2026-03-31T20:21:19Z" uid="1" user="OSMnx" version="1" changeset="1" lat="42.300254" lon="119.914404" /><node id="10124236155" timestamp="2026-03-31T20:21:19Z" uid="1" user="OSMnx" version="1" changeset="1" lat="42.300056" lon="119.914479" /><node id="10124236156" timestamp="2026-03-31T20:21:19Z" uid="1" user="OSMnx" version="1" changeset="1" lat="42.300689" lon="119.914096" /><node id="10124236157" timestamp="2026-03-31T20:21:19Z" uid="1" user="OSMnx" version="1" changeset="1" lat="42.300543" lon="119.914293" /><node id="10124236158" timestamp="2026-03-31T20:21:19Z" uid="1" user="OSMnx" version="1" changeset="1" lat="42.300285" lon="119.91452" /><node id="10124236159" timestamp="2026-03-31T20:21:19Z" uid="1" user="OSMnx" version="1" changeset="1" lat="42.300024" lon="119.9146" /><node id="10124236160" timestamp="2026-03-31T20:21:19Z" uid="1" user="OSMnx" version="1" changeset="1" lat="42.297603" lon="119.914298" /><node id="10124236161" timestamp="2026-03-31T20:21:19Z" uid="1" user="OSMnx" version="1" changeset="1" lat="42.293855" lon="119.913697" /><node id="10124236162" timestamp="2026-03-31T20:21:19Z" uid="1" user="OSMnx" version="1" changeset="1" lat="42.291998" lon="119.913399" /><node id="11062578847" timestamp="2026-03-31T20:21:19Z" uid="1" user="OSMnx" version="1" changeset="1" lat="42.295072" lon="119.899446" /><node id="11062579253" timestamp="2026-03-31T20:21:19Z" uid="1" user="OSMnx" version="1" changeset="1" lat="42.27355" lon="119.906334" /><node id="11062579254" timestamp="2026-03-31T20:21:19Z" uid="1" user="OSMnx" version="1" changeset="1" lat="42.273199" lon="119.910362" /><node id="11062579255" timestamp="2026-03-31T20:21:19Z" uid="1" user="OSMnx" version="1" changeset="1" lat="42.273192" lon="119.910448" /><node id="11062579258" timestamp="2026-03-31T20:21:19Z" uid="1" user="OSMnx" version="1" changeset="1" lat="42.276953" lon="119.911046" /><node id="11062579259" timestamp="2026-03-31T20:21:19Z" uid="1" user="OSMnx" version="1" changeset="1" lat="42.276963" lon="119.910954" /><node id="11062579260" timestamp="2026-03-31T20:21:19Z" uid="1" user="OSMnx" version="1" changeset="1" lat="42.277256" lon="119.907639" /><node id="11062579261" timestamp="2026-03-31T20:21:19Z" uid="1" user="OSMnx" version="1" changeset="1" lat="42.290851" lon="119.914868" /><node id="11062579262" timestamp="2026-03-31T20:21:19Z" uid="1" user="OSMnx" version="1" changeset="1" lat="42.291003" lon="119.913228" /><node id="12523140833" timestamp="2026-03-31T20:21:19Z" uid="1" user="OSMnx" version="1" changeset="1" lat="42.29714" lon="119.919223" /><node id="12523140842" timestamp="2026-03-31T20:21:19Z" uid="1" user="OSMnx" version="1" changeset="1" lat="42.302002" lon="119.911455" /><node id="12523140843" timestamp="2026-03-31T20:21:19Z" uid="1" user="OSMnx" version="1" changeset="1" lat="42.304796" lon="119.906267" /><node id="12523140844" timestamp="2026-03-31T20:21:19Z" uid="1" user="OSMnx" version="1" changeset="1" lat="42.304871" lon="119.906323" /><node id="12523140845" timestamp="2026-03-31T20:21:19Z" uid="1" user="OSMnx" version="1" changeset="1" lat="42.302081" lon="119.911508" /><way id="0" timestamp="2026-03-31T20:21:19Z" uid="1" user="OSMnx" version="1" changeset="1"><nd ref="2289212380" /><nd ref="5368762311" /><tag k="highway" v="trunk" /><tag k="oneway" v="no" /></way><way id="1" timestamp="2026-03-31T20:21:19Z" uid="1" user="OSMnx" version="1" changeset="1"><nd ref="2289219912" /><nd ref="5368761194" /><tag k="highway" v="trunk" /><tag k="oneway" v="no" /></way><way id="2" timestamp="2026-03-31T20:21:19Z" uid="1" user="OSMnx" version="1" changeset="1"><nd ref="2289219912" /><nd ref="5368763496" /><tag k="highway" v="primary" /><tag k="oneway" v="yes" /></way><way id="3" timestamp="2026-03-31T20:21:19Z" uid="1" user="OSMnx" version="1" changeset="1"><nd ref="2289219912" /><nd ref="5368761372" /><tag k="highway" v="trunk" /><tag k="lanes" v="2" /><tag k="name" v="京漠线" /><tag k="oneway" v="yes" /></way><way id="4" timestamp="2026-03-31T20:21:19Z" uid="1" user="OSMnx" version="1" changeset="1"><nd ref="2289219946" /><nd ref="5368762446" /><tag k="highway" v="trunk" /><tag k="oneway" v="no" /></way><way id="5" timestamp="2026-03-31T20:21:19Z" uid="1" user="OSMnx" version="1" changeset="1"><nd ref="2574617705" /><nd ref="5369242094" /><tag k="highway" v="secondary" /><tag k="oneway" v="yes" /></way><way id="6" timestamp="2026-03-31T20:21:19Z" uid="1" user="OSMnx" version="1" changeset="1"><nd ref="4260122964" /><nd ref="4260123386" /><tag k="highway" v="primary" /><tag k="lanes" v="3" /><tag k="oneway" v="yes" /></way><way id="7" timestamp="2026-03-31T20:21:19Z" uid="1" user="OSMnx" version="1" changeset="1"><nd ref="4260123114" /><nd ref="5368763022" /><tag k="highway" v="secondary" /><tag k="oneway" v="yes" /></way><way id="8" timestamp="2026-03-31T20:21:19Z" uid="1" user="OSMnx" version="1" changeset="1"><nd ref="4260123132" /><nd ref="5368819835" /><tag k="highway" v="primary" /><tag k="oneway" v="yes" /></way><way id="9" timestamp="2026-03-31T20:21:19Z" uid="1" user="OSMnx" version="1" changeset="1"><nd ref="4260123313" /><nd ref="4260123600" /><tag k="highway" v="primary" /><tag k="lanes" v="3" /><tag k="oneway" v="yes" /></way><way id="10" timestamp="2026-03-31T20:21:19Z" uid="1" user="OSMnx" version="1" changeset="1"><nd ref="4260123386" /><nd ref="5368762824" /><tag k="highway" v="primary" /><tag k="oneway" v="yes" /></way><way id="11" timestamp="2026-03-31T20:21:19Z" uid="1" user="OSMnx" version="1" changeset="1"><nd ref="4260123589" /><nd ref="5368763511" /><tag k="highway" v="primary" /><tag k="oneway" v="yes" /></way><way id="12" timestamp="2026-03-31T20:21:19Z" uid="1" user="OSMnx" version="1" changeset="1"><nd ref="4260123591" /><nd ref="5369242288" /><tag k="highway" v="primary" /><tag k="oneway" v="yes" /></way><way id="13" timestamp="2026-03-31T20:21:19Z" uid="1" user="OSMnx" version="1" changeset="1"><nd ref="4260123600" /><nd ref="5368884295" /><tag k="highway" v="primary" /><tag k="lanes" v="3" /><tag k="oneway" v="yes" /></way><way id="14" timestamp="2026-03-31T20:21:19Z" uid="1" user="OSMnx" version="1" changeset="1"><nd ref="5368759633" /><nd ref="5368819832" /><tag k="highway" v="residential" /><tag k="oneway" v="no" /></way><way id="15" timestamp="2026-03-31T20:21:19Z" uid="1" user="OSMnx" version="1" changeset="1"><nd ref="5368759633" /><nd ref="5368759634" /><tag k="highway" v="residential" /><tag k="oneway" v="no" /></way><way id="16" timestamp="2026-03-31T20:21:19Z" uid="1" user="OSMnx" version="1" changeset="1"><nd ref="5368759633" /><nd ref="5368762825" /><tag k="highway" v="tertiary" /><tag k="oneway" v="yes" /></way><way id="17" timestamp="2026-03-31T20:21:19Z" uid="1" user="OSMnx" version="1" changeset="1"><nd ref="5368759634" /><nd ref="5368759633" /><tag k="highway" v="residential" /><tag k="oneway" v="no" /></way><way id="18" timestamp="2026-03-31T20:21:19Z" uid="1" user="OSMnx" version="1" changeset="1"><nd ref="5368759634" /><nd ref="5368759635" /><tag k="highway" v="residential" /><tag k="oneway" v="no" /></way><way id="19" timestamp="2026-03-31T20:21:19Z" uid="1" user="OSMnx" version="1" changeset="1"><nd ref="5368759634" /><nd ref="5369137913" /><tag k="highway" v="tertiary" /><tag k="oneway" v="yes" /></way><way id="20" timestamp="2026-03-31T20:21:19Z" uid="1" user="OSMnx" version="1" changeset="1"><nd ref="5368759635" /><nd ref="5368759634" /><tag k="highway" v="residential" /><tag k="oneway" v="no" /></way><way id="21" timestamp="2026-03-31T20:21:19Z" uid="1" user="OSMnx" version="1" changeset="1"><nd ref="5368759635" /><nd ref="5368759636" /><tag k="highway" v="residential" /><tag k="oneway" v="no" /></way><way id="22" timestamp="2026-03-31T20:21:19Z" uid="1" user="OSMnx" version="1" changeset="1"><nd ref="5368759635" /><nd ref="5368762827" /><tag k="highway" v="residential" /><tag k="oneway" v="yes" /></way><way id="23" timestamp="2026-03-31T20:21:19Z" uid="1" user="OSMnx" version="1" changeset="1"><nd ref="5368759636" /><nd ref="5368759635" /><tag k="highway" v="residential" /><tag k="oneway" v="no" /></way><way id="24" timestamp="2026-03-31T20:21:19Z" uid="1" user="OSMnx" version="1" changeset="1"><nd ref="5368759636" /><nd ref="5369351851" /><tag k="highway" v="residential" /><tag k="oneway" v="no" /></way><way id="25" timestamp="2026-03-31T20:21:19Z" uid="1" user="OSMnx" version="1" changeset="1"><nd ref="5368759636" /><nd ref="5369137911" /><tag k="highway" v="residential" /><tag k="oneway" v="yes" /></way><way id="26" timestamp="2026-03-31T20:21:19Z" uid="1" user="OSMnx" version="1" changeset="1"><nd ref="5368759638" /><nd ref="5369351851" /><tag k="highway" v="residential" /><tag k="oneway" v="no" /></way><way id="27" timestamp="2026-03-31T20:21:19Z" uid="1" user="OSMnx" version="1" changeset="1"><nd ref="5368759638" /><nd ref="5368759639" /><tag k="highway" v="residential" /><tag k="oneway" v="no" /></way><way id="28" timestamp="2026-03-31T20:21:19Z" uid="1" user="OSMnx" version="1" changeset="1"><nd ref="5368759638" /><nd ref="5369351865" /><tag k="highway" v="secondary" /><tag k="lanes" v="3" /><tag k="name" v="迎宾大道" /><tag k="oneway" v="yes" /></way><way id="29" timestamp="2026-03-31T20:21:19Z" uid="1" user="OSMnx" version="1" changeset="1"><nd ref="5368759639" /><nd ref="5368759638" /><tag k="highway" v="residential" /><tag k="oneway" v="no" /></way><way id="30" timestamp="2026-03-31T20:21:19Z" uid="1" user="OSMnx" version="1" changeset="1"><nd ref="5368759639" /><nd ref="5369137917" /><tag k="highway" v="residential" /><tag k="oneway" v="no" /></way><way id="31" timestamp="2026-03-31T20:21:19Z" uid="1" user="OSMnx" version="1" changeset="1"><nd ref="5368759639" /><nd ref="5369137921" /><tag k="highway" v="secondary" /><tag k="lanes" v="3" /><tag k="name" v="迎宾大道" /><tag k="oneway" v="yes" /></way><way id="32" timestamp="2026-03-31T20:21:19Z" uid="1" user="OSMnx" version="1" changeset="1"><nd ref="5368759640" /><nd ref="5368819832" /><tag k="highway" v="residential" /><tag k="oneway" v="no" /></way><way id="33" timestamp="2026-03-31T20:21:19Z" uid="1" user="OSMnx" version="1" changeset="1"><nd ref="5368759641" /><nd ref="5369137881" /><tag k="highway" v="residential" /><tag k="oneway" v="no" /></way><way id="34" timestamp="2026-03-31T20:21:19Z" uid="1" user="OSMnx" version="1" changeset="1"><nd ref="5368759641" /><nd ref="5368762719" /><tag k="highway" v="residential" /><tag k="oneway" v="no" /></way><way id="35" timestamp="2026-03-31T20:21:19Z" uid="1" user="OSMnx" version="1" changeset="1"><nd ref="5368759641" /><nd ref="5368762720" /><tag k="highway" v="residential" /><tag k="oneway" v="no" /></way><way id="36" timestamp="2026-03-31T20:21:19Z" uid="1" user="OSMnx" version="1" changeset="1"><nd ref="5368759642" /><nd ref="5368759643" /><tag k="highway" v="service" /><tag k="oneway" v="no" /></way><way id="37" timestamp="2026-03-31T20:21:19Z" uid="1" user="OSMnx" version="1" changeset="1"><nd ref="5368759642" /><nd ref="5368762832" /><tag k="highway" v="secondary" /><tag k="lanes" v="3" /><tag k="name" v="迎宾大道" /><tag k="oneway" v="yes" /></way><way id="38" timestamp="2026-03-31T20:21:19Z" uid="1" user="OSMnx" version="1" changeset="1"><nd ref="5368759643" /><nd ref="5368759642" /><tag k="highway" v="service" /><tag k="oneway" v="no" /></way><way id="39" timestamp="2026-03-31T20:21:19Z" uid="1" user="OSMnx" version="1" changeset="1"><nd ref="5368759643" /><nd ref="5368759644" /><tag k="highway" v="service" /><tag k="oneway" v="no" /></way><way id="40" timestamp="2026-03-31T20:21:19Z" uid="1" user="OSMnx" version="1" changeset="1"><nd ref="5368759644" /><nd ref="5368759643" /><tag k="highway" v="service" /><tag k="oneway" v="no" /></way><way id="41" timestamp="2026-03-31T20:21:19Z" uid="1" user="OSMnx" version="1" changeset="1"><nd ref="5368759644" /><nd ref="5368759645" /><tag k="highway" v="service" /><tag k="oneway" v="no" /></way><way id="42" timestamp="2026-03-31T20:21:19Z" uid="1" user="OSMnx" version="1" changeset="1"><nd ref="5368759645" /><nd ref="5368759644" /><tag k="highway" v="service" /><tag k="oneway" v="no" /></way><way id="43" timestamp="2026-03-31T20:21:19Z" uid="1" user="OSMnx" version="1" changeset="1"><nd ref="5368759645" /><nd ref="5368759646" /><tag k="highway" v="service" /><tag k="oneway" v="no" /></way><way id="44" timestamp="2026-03-31T20:21:19Z" uid="1" user="OSMnx" version="1" changeset="1"><nd ref="5368759646" /><nd ref="5368759645" /><tag k="highway" v="service" /><tag k="oneway" v="no" /></way><way id="45" timestamp="2026-03-31T20:21:19Z" uid="1" user="OSMnx" version="1" changeset="1"><nd ref="5368759646" /><nd ref="5368759647" /><tag k="highway" v="service" /><tag k="oneway" v="no" /></way><way id="46" timestamp="2026-03-31T20:21:19Z" uid="1" user="OSMnx" version="1" changeset="1"><nd ref="5368759647" /><nd ref="5368759646" /><tag k="highway" v="service" /><tag k="oneway" v="no" /></way><way id="47" timestamp="2026-03-31T20:21:19Z" uid="1" user="OSMnx" version="1" changeset="1"><nd ref="5368759647" /><nd ref="5368884424" /><tag k="highway" v="service" /><tag k="oneway" v="no" /></way><way id="48" timestamp="2026-03-31T20:21:19Z" uid="1" user="OSMnx" version="1" changeset="1"><nd ref="5368759648" /><nd ref="5368884424" /><tag k="highway" v="service" /><tag k="oneway" v="no" /></way><way id="49" timestamp="2026-03-31T20:21:19Z" uid="1" user="OSMnx" version="1" changeset="1"><nd ref="5368759648" /><nd ref="5368759649" /><tag k="highway" v="service" /><tag k="oneway" v="no" /></way><way id="50" timestamp="2026-03-31T20:21:19Z" uid="1" user="OSMnx" version="1" changeset="1"><nd ref="5368759649" /><nd ref="5368759648" /><tag k="highway" v="service" /><tag k="oneway" v="no" /></way><way id="51" timestamp="2026-03-31T20:21:19Z" uid="1" user="OSMnx" version="1" changeset="1"><nd ref="5368759649" /><nd ref="5368884436" /><tag k="highway" v="service" /><tag k="oneway" v="no" /></way><way id="52" timestamp="2026-03-31T20:21:19Z" uid="1" user="OSMnx" version="1" changeset="1"><nd ref="5368759650" /><nd ref="5368884436" /><tag k="highway" v="service" /><tag k="oneway" v="no" /></way><way id="53" timestamp="2026-03-31T20:21:19Z" uid="1" user="OSMnx" version="1" changeset="1"><nd ref="5368759650" /><nd ref="5368759651" /><tag k="highway" v="service" /><tag k="oneway" v="no" /></way><way id="54" timestamp="2026-03-31T20:21:19Z" uid="1" user="OSMnx" version="1" changeset="1"><nd ref="5368759651" /><nd ref="5368759650" /><tag k="highway" v="service" /><tag k="oneway" v="no" /></way><way id="55" timestamp="2026-03-31T20:21:19Z" uid="1" user="OSMnx" version="1" changeset="1"><nd ref="5368759651" /><nd ref="5368883413" /><tag k="highway" v="service" /><tag k="oneway" v="no" /></way><way id="56" timestamp="2026-03-31T20:21:19Z" uid="1" user="OSMnx" version="1" changeset="1"><nd ref="5368759652" /><nd ref="5368883413" /><tag k="highway" v="service" /><tag k="oneway" v="no" /></way><way id="57" timestamp="2026-03-31T20:21:19Z" uid="1" user="OSMnx" version="1" changeset="1"><nd ref="5368759652" /><nd ref="5368759653" /><tag k="highway" v="service" /><tag k="oneway" v="no" /></way><way id="58" timestamp="2026-03-31T20:21:19Z" uid="1" user="OSMnx" version="1" changeset="1"><nd ref="5368759653" /><nd ref="5368759652" /><tag k="highway" v="service" /><tag k="oneway" v="no" /></way><way id="59" timestamp="2026-03-31T20:21:19Z" uid="1" user="OSMnx" version="1" changeset="1"><nd ref="5368759653" /><nd ref="5368762836" /><tag k="highway" v="residential" /><tag k="oneway" v="yes" /></way><way id="60" timestamp="2026-03-31T20:21:19Z" uid="1" user="OSMnx" version="1" changeset="1"><nd ref="5368759654" /><nd ref="5368884474" /><tag k="highway" v="service" /><tag k="oneway" v="no" /></way><way id="61" timestamp="2026-03-31T20:21:19Z" uid="1" user="OSMnx" version="1" changeset="1"><nd ref="5368759654" /><nd ref="5368759658" /><tag k="highway" v="residential" /><tag k="oneway" v="no" /></way><way id="62" timestamp="2026-03-31T20:21:19Z" uid="1" user="OSMnx" version="1" changeset="1"><nd ref="5368759654" /><nd ref="5368759656" /><tag k="highway" v="residential" /><tag k="oneway" v="no" /></way><way id="63" timestamp="2026-03-31T20:21:19Z" uid="1" user="OSMnx" version="1" changeset="1"><nd ref="5368759655" /><nd ref="5368884474" /><tag k="highway" v="service" /><tag k="oneway" v="no" /></way><way id="64" timestamp="2026-03-31T20:21:19Z" uid="1" user="OSMnx" version="1" changeset="1"><nd ref="5368759655" /><nd ref="5368762858" /><tag k="highway" v="residential" /><tag k="oneway" v="no" /></way><way id="65" timestamp="2026-03-31T20:21:19Z" uid="1" user="OSMnx" version="1" changeset="1"><nd ref="5368759655" /><nd ref="5368759657" /><tag k="highway" v="residential" /><tag k="oneway" v="no" /></way><way id="66" timestamp="2026-03-31T20:21:19Z" uid="1" user="OSMnx" version="1" changeset="1"><nd ref="5368759656" /><nd ref="5368884475" /><tag k="highway" v="service" /><tag k="oneway" v="no" /></way><way id="67" timestamp="2026-03-31T20:21:19Z" uid="1" user="OSMnx" version="1" changeset="1"><nd ref="5368759656" /><nd ref="5368759654" /><tag k="highway" v="residential" /><tag k="oneway" v="no" /></way><way id="68" timestamp="2026-03-31T20:21:19Z" uid="1" user="OSMnx" version="1" changeset="1"><nd ref="5368759656" /><nd ref="5368759659" /><tag k="highway" v="residential" /><tag k="oneway" v="no" /></way><way id="69" timestamp="2026-03-31T20:21:19Z" uid="1" user="OSMnx" version="1" changeset="1"><nd ref="5368759657" /><nd ref="5368884475" /><tag k="highway" v="service" /><tag k="oneway" v="no" /></way><way id="70" timestamp="2026-03-31T20:21:19Z" uid="1" user="OSMnx" version="1" changeset="1"><nd ref="5368759657" /><nd ref="5368759655" /><tag k="highway" v="residential" /><tag k="oneway" v="no" /></way><way id="71" timestamp="2026-03-31T20:21:19Z" uid="1" user="OSMnx" version="1" changeset="1"><nd ref="5368759657" /><nd ref="5368762866" /><tag k="highway" v="residential" /><tag k="oneway" v="no" /></way><way id="72" timestamp="2026-03-31T20:21:19Z" uid="1" user="OSMnx" version="1" changeset="1"><nd ref="5368759658" /><nd ref="5368759654" /><tag k="highway" v="residential" /><tag k="oneway" v="no" /></way><way id="73" timestamp="2026-03-31T20:21:19Z" uid="1" user="OSMnx" version="1" changeset="1"><nd ref="5368759658" /><nd ref="5368762856" /><tag k="highway" v="tertiary" /><tag k="oneway" v="yes" /></way><way id="74" timestamp="2026-03-31T20:21:19Z" uid="1" user="OSMnx" version="1" changeset="1"><nd ref="5368759659" /><nd ref="5368759656" /><tag k="highway" v="residential" /><tag k="oneway" v="no" /></way><way id="75" timestamp="2026-03-31T20:21:19Z" uid="1" user="OSMnx" version="1" changeset="1"><nd ref="5368759659" /><nd ref="5368762866" /><tag k="highway" v="secondary" /><tag k="lanes" v="3" /><tag k="name" v="迎宾大道" /><tag k="oneway" v="yes" /></way><way id="76" timestamp="2026-03-31T20:21:19Z" uid="1" user="OSMnx" version="1" changeset="1"><nd ref="5368761181" /><nd ref="5368761182" /><tag k="highway" v="trunk" /><tag k="lanes" v="2" /><tag k="name" v="京漠线" /><tag k="oneway" v="yes" /></way><way id="77" timestamp="2026-03-31T20:21:19Z" uid="1" user="OSMnx" version="1" changeset="1"><nd ref="5368761182" /><nd ref="5368761183" /><tag k="highway" v="trunk" /><tag k="lanes" v="2" /><tag k="name" v="京漠线" /><tag k="oneway" v="yes" /></way><way id="78" timestamp="2026-03-31T20:21:19Z" uid="1" user="OSMnx" version="1" changeset="1"><nd ref="5368761183" /><nd ref="5368761184" /><tag k="highway" v="trunk" /><tag k="lanes" v="2" /><tag k="name" v="京漠线" /><tag k="oneway" v="yes" /></way><way id="79" timestamp="2026-03-31T20:21:19Z" uid="1" user="OSMnx" version="1" changeset="1"><nd ref="5368761184" /><nd ref="5368761185" /><tag k="highway" v="trunk" /><tag k="lanes" v="2" /><tag k="name" v="京漠线" /><tag k="oneway" v="yes" /></way><way id="80" timestamp="2026-03-31T20:21:19Z" uid="1" user="OSMnx" version="1" changeset="1"><nd ref="5368761185" /><nd ref="5368761186" /><tag k="highway" v="trunk" /><tag k="lanes" v="2" /><tag k="name" v="京漠线" /><tag k="oneway" v="yes" /></way><way id="81" timestamp="2026-03-31T20:21:19Z" uid="1" user="OSMnx" version="1" changeset="1"><nd ref="5368761186" /><nd ref="5368761187" /><tag k="highway" v="trunk" /><tag k="lanes" v="2" /><tag k="name" v="京漠线" /><tag k="oneway" v="yes" /></way><way id="82" timestamp="2026-03-31T20:21:19Z" uid="1" user="OSMnx" version="1" changeset="1"><nd ref="5368761187" /><nd ref="5368761188" /><tag k="highway" v="trunk" /><tag k="lanes" v="2" /><tag k="name" v="京漠线" /><tag k="oneway" v="yes" /></way><way id="83" timestamp="2026-03-31T20:21:19Z" uid="1" user="OSMnx" version="1" changeset="1"><nd ref="5368761188" /><nd ref="5368761189" /><tag k="highway" v="trunk" /><tag k="lanes" v="2" /><tag k="name" v="京漠线" /><tag k="oneway" v="yes" /></way><way id="84" timestamp="2026-03-31T20:21:19Z" uid="1" user="OSMnx" version="1" changeset="1"><nd ref="5368761189" /><nd ref="5368761190" /><tag k="highway" v="trunk" /><tag k="lanes" v="2" /><tag k="name" v="京漠线" /><tag k="oneway" v="yes" /></way><way id="85" timestamp="2026-03-31T20:21:19Z" uid="1" user="OSMnx" version="1" changeset="1"><nd ref="5368761190" /><nd ref="5368761191" /><tag k="highway" v="trunk" /><tag k="lanes" v="2" /><tag k="name" v="京漠线" /><tag k="oneway" v="yes" /></way><way id="86" timestamp="2026-03-31T20:21:19Z" uid="1" user="OSMnx" version="1" changeset="1"><nd ref="5368761191" /><nd ref="5368761192" /><tag k="highway" v="trunk" /><tag k="lanes" v="2" /><tag k="name" v="京漠线" /><tag k="oneway" v="yes" /></way><way id="87" timestamp="2026-03-31T20:21:19Z" uid="1" user="OSMnx" version="1" changeset="1"><nd ref="5368761192" /><nd ref="5368761193" /><tag k="highway" v="trunk" /><tag k="lanes" v="2" /><tag k="name" v="京漠线" /><tag k="oneway" v="yes" /></way><way id="88" timestamp="2026-03-31T20:21:19Z" uid="1" user="OSMnx" version="1" changeset="1"><nd ref="5368761193" /><nd ref="5368761195" /><tag k="highway" v="trunk" /><tag k="lanes" v="2" /><tag k="name" v="京漠线" /><tag k="oneway" v="yes" /></way><way id="89" timestamp="2026-03-31T20:21:19Z" uid="1" user="OSMnx" version="1" changeset="1"><nd ref="5368761194" /><nd ref="5368762450" /><tag k="highway" v="trunk" /><tag k="oneway" v="no" /></way><way id="90" timestamp="2026-03-31T20:21:19Z" uid="1" user="OSMnx" version="1" changeset="1"><nd ref="5368761194" /><nd ref="2289219912" /><tag k="highway" v="trunk" /><tag k="oneway" v="no" /></way><way id="91" timestamp="2026-03-31T20:21:19Z" uid="1" user="OSMnx" version="1" changeset="1"><nd ref="5368761194" /><nd ref="5368761196" /><tag k="highway" v="trunk" /><tag k="lanes" v="2" /><tag k="name" v="京漠线" /><tag k="oneway" v="yes" /></way><way id="92" timestamp="2026-03-31T20:21:19Z" uid="1" user="OSMnx" version="1" changeset="1"><nd ref="5368761195" /><nd ref="5368761194" /><tag k="highway" v="trunk" /><tag k="lanes" v="2" /><tag k="name" v="京漠线" /><tag k="oneway" v="yes" /></way><way id="93" timestamp="2026-03-31T20:21:19Z" uid="1" user="OSMnx" version="1" changeset="1"><nd ref="5368761196" /><nd ref="5368761197" /><tag k="highway" v="trunk" /><tag k="lanes" v="2" /><tag k="name" v="京漠线" /><tag k="oneway" v="yes" /></way><way id="94" timestamp="2026-03-31T20:21:19Z" uid="1" user="OSMnx" version="1" changeset="1"><nd ref="5368761197" /><nd ref="5368761198" /><tag k="highway" v="trunk" /><tag k="lanes" v="2" /><tag k="name" v="京漠线" /><tag k="oneway" v="yes" /></way><way id="95" timestamp="2026-03-31T20:21:19Z" uid="1" user="OSMnx" version="1" changeset="1"><nd ref="5368761198" /><nd ref="5368761199" /><tag k="highway" v="trunk" /><tag k="lanes" v="2" /><tag k="name" v="京漠线" /><tag k="oneway" v="yes" /></way><way id="96" timestamp="2026-03-31T20:21:19Z" uid="1" user="OSMnx" version="1" changeset="1"><nd ref="5368761199" /><nd ref="5368761200" /><tag k="highway" v="trunk" /><tag k="lanes" v="2" /><tag k="name" v="京漠线" /><tag k="oneway" v="yes" /></way><way id="97" timestamp="2026-03-31T20:21:19Z" uid="1" user="OSMnx" version="1" changeset="1"><nd ref="5368761200" /><nd ref="5368761201" /><tag k="highway" v="trunk" /><tag k="lanes" v="2" /><tag k="name" v="京漠线" /><tag k="oneway" v="yes" /></way><way id="98" timestamp="2026-03-31T20:21:19Z" uid="1" user="OSMnx" version="1" changeset="1"><nd ref="5368761201" /><nd ref="5368761202" /><tag k="highway" v="trunk" /><tag k="lanes" v="2" /><tag k="name" v="京漠线" /><tag k="oneway" v="yes" /></way><way id="99" timestamp="2026-03-31T20:21:19Z" uid="1" user="OSMnx" version="1" changeset="1"><nd ref="5368761202" /><nd ref="5368761203" /><tag k="highway" v="trunk" /><tag k="lanes" v="2" /><tag k="name" v="京漠线" /><tag k="oneway" v="yes" /></way><way id="100" timestamp="2026-03-31T20:21:19Z" uid="1" user="OSMnx" version="1" changeset="1"><nd ref="5368761203" /><nd ref="5368761204" /><tag k="highway" v="trunk" /><tag k="lanes" v="2" /><tag k="name" v="京漠线" /><tag k="oneway" v="yes" /></way><way id="101" timestamp="2026-03-31T20:21:19Z" uid="1" user="OSMnx" version="1" changeset="1"><nd ref="5368761204" /><nd ref="5368761205" /><tag k="highway" v="trunk" /><tag k="lanes" v="2" /><tag k="name" v="京漠线" /><tag k="oneway" v="yes" /></way><way id="102" timestamp="2026-03-31T20:21:19Z" uid="1" user="OSMnx" version="1" changeset="1"><nd ref="5368761205" /><nd ref="5368761206" /><tag k="highway" v="trunk" /><tag k="lanes" v="2" /><tag k="name" v="京漠线" /><tag k="oneway" v="yes" /></way><way id="103" timestamp="2026-03-31T20:21:19Z" uid="1" user="OSMnx" version="1" changeset="1"><nd ref="5368761206" /><nd ref="5368761207" /><tag k="highway" v="trunk" /><tag k="lanes" v="2" /><tag k="name" v="京漠线" /><tag k="oneway" v="yes" /></way><way id="104" timestamp="2026-03-31T20:21:19Z" uid="1" user="OSMnx" version="1" changeset="1"><nd ref="5368761207" /><nd ref="5368761208" /><tag k="highway" v="trunk" /><tag k="lanes" v="2" /><tag k="name" v="京漠线" /><tag k="oneway" v="yes" /></way><way id="105" timestamp="2026-03-31T20:21:19Z" uid="1" user="OSMnx" version="1" changeset="1"><nd ref="5368761208" /><nd ref="5368761209" /><tag k="highway" v="trunk" /><tag k="lanes" v="2" /><tag k="name" v="京漠线" /><tag k="oneway" v="yes" /></way><way id="106" timestamp="2026-03-31T20:21:19Z" uid="1" user="OSMnx" version="1" changeset="1"><nd ref="5368761209" /><nd ref="5368761210" /><tag k="highway" v="trunk" /><tag k="lanes" v="2" /><tag k="name" v="京漠线" /><tag k="oneway" v="yes" /></way><way id="107" timestamp="2026-03-31T20:21:19Z" uid="1" user="OSMnx" version="1" changeset="1"><nd ref="5368761210" /><nd ref="5368761211" /><tag k="highway" v="trunk" /><tag k="lanes" v="2" /><tag k="name" v="京漠线" /><tag k="oneway" v="yes" /></way><way id="108" timestamp="2026-03-31T20:21:19Z" uid="1" user="OSMnx" version="1" changeset="1"><nd ref="5368761211" /><nd ref="5368761212" /><tag k="highway" v="trunk" /><tag k="lanes" v="2" /><tag k="name" v="京漠线" /><tag k="oneway" v="yes" /></way><way id="109" timestamp="2026-03-31T20:21:19Z" uid="1" user="OSMnx" version="1" changeset="1"><nd ref="5368761212" /><nd ref="5368761741" /><tag k="highway" v="trunk" /><tag k="lanes" v="2" /><tag k="name" v="京漠线" /><tag k="oneway" v="yes" /></way><way id="110" timestamp="2026-03-31T20:21:19Z" uid="1" user="OSMnx" version="1" changeset="1"><nd ref="5368761213" /><nd ref="5368761216" /><tag k="highway" v="trunk" /><tag k="lanes" v="2" /><tag k="name" v="京漠线" /><tag k="oneway" v="yes" /></way><way id="111" timestamp="2026-03-31T20:21:19Z" uid="1" user="OSMnx" version="1" changeset="1"><nd ref="5368761213" /><nd ref="5368762320" /><tag k="highway" v="trunk" /><tag k="oneway" v="no" /></way><way id="112" timestamp="2026-03-31T20:21:19Z" uid="1" user="OSMnx" version="1" changeset="1"><nd ref="5368761213" /><nd ref="5368761214" /><tag k="highway" v="trunk" /><tag k="oneway" v="no" /></way><way id="113" timestamp="2026-03-31T20:21:19Z" uid="1" user="OSMnx" version="1" changeset="1"><nd ref="5368761214" /><nd ref="5368761356" /><tag k="highway" v="trunk" /><tag k="lanes" v="2" /><tag k="name" v="京漠线" /><tag k="oneway" v="yes" /></way><way id="114" timestamp="2026-03-31T20:21:19Z" uid="1" user="OSMnx" version="1" changeset="1"><nd ref="5368761214" /><nd ref="5368761215" /><tag k="highway" v="secondary" /><tag k="oneway" v="no" /></way><way id="115" timestamp="2026-03-31T20:21:19Z" uid="1" user="OSMnx" version="1" changeset="1"><nd ref="5368761214" /><nd ref="5368761213" /><tag k="highway" v="trunk" /><tag k="oneway" v="no" /></way><way id="116" timestamp="2026-03-31T20:21:19Z" uid="1" user="OSMnx" version="1" changeset="1"><nd ref="5368761215" /><nd ref="5368761214" /><tag k="highway" v="secondary" /><tag k="oneway" v="no" /></way><way id="117" timestamp="2026-03-31T20:21:19Z" uid="1" user="OSMnx" version="1" changeset="1"><nd ref="5368761215" /><nd ref="5368762421" /><tag k="highway" v="secondary" /><tag k="oneway" v="no" /></way><way id="118" timestamp="2026-03-31T20:21:19Z" uid="1" user="OSMnx" version="1" changeset="1"><nd ref="5368761216" /><nd ref="5368761181" /><tag k="highway" v="trunk" /><tag k="lanes" v="2" /><tag k="name" v="京漠线" /><tag k="oneway" v="yes" /></way><way id="119" timestamp="2026-03-31T20:21:19Z" uid="1" user="OSMnx" version="1" changeset="1"><nd ref="5368761217" /><nd ref="5368761213" /><tag k="highway" v="trunk" /><tag k="lanes" v="2" /><tag k="name" v="京漠线" /><tag k="oneway" v="yes" /></way><way id="120" timestamp="2026-03-31T20:21:19Z" uid="1" user="OSMnx" version="1" changeset="1"><nd ref="5368761356" /><nd ref="5368761355" /><tag k="highway" v="trunk" /><tag k="lanes" v="2" /><tag k="name" v="京漠线" /><tag k="oneway" v="yes" /></way><way id="121" timestamp="2026-03-31T20:21:19Z" uid="1" user="OSMnx" version="1" changeset="1"><nd ref="5368761357" /><nd ref="5368761358" /><tag k="highway" v="trunk" /><tag k="lanes" v="2" /><tag k="name" v="京漠线" /><tag k="oneway" v="yes" /></way><way id="122" timestamp="2026-03-31T20:21:19Z" uid="1" user="OSMnx" version="1" changeset="1"><nd ref="5368761358" /><nd ref="5368761214" /><tag k="highway" v="trunk" /><tag k="lanes" v="2" /><tag k="name" v="京漠线" /><tag k="oneway" v="yes" /></way><way id="123" timestamp="2026-03-31T20:21:19Z" uid="1" user="OSMnx" version="1" changeset="1"><nd ref="5368761359" /><nd ref="5368761357" /><tag k="highway" v="trunk" /><tag k="lanes" v="2" /><tag k="name" v="京漠线" /><tag k="oneway" v="yes" /></way><way id="124" timestamp="2026-03-31T20:21:19Z" uid="1" user="OSMnx" version="1" changeset="1"><nd ref="5368761360" /><nd ref="5368761359" /><tag k="highway" v="trunk" /><tag k="lanes" v="2" /><tag k="name" v="京漠线" /><tag k="oneway" v="yes" /></way><way id="125" timestamp="2026-03-31T20:21:19Z" uid="1" user="OSMnx" version="1" changeset="1"><nd ref="5368761361" /><nd ref="5368761360" /><tag k="highway" v="trunk" /><tag k="lanes" v="2" /><tag k="name" v="京漠线" /><tag k="oneway" v="yes" /></way><way id="126" timestamp="2026-03-31T20:21:19Z" uid="1" user="OSMnx" version="1" changeset="1"><nd ref="5368761362" /><nd ref="5368761361" /><tag k="highway" v="trunk" /><tag k="lanes" v="2" /><tag k="name" v="京漠线" /><tag k="oneway" v="yes" /></way><way id="127" timestamp="2026-03-31T20:21:19Z" uid="1" user="OSMnx" version="1" changeset="1"><nd ref="5368761363" /><nd ref="5368761362" /><tag k="highway" v="trunk" /><tag k="lanes" v="2" /><tag k="name" v="京漠线" /><tag k="oneway" v="yes" /></way><way id="128" timestamp="2026-03-31T20:21:19Z" uid="1" user="OSMnx" version="1" changeset="1"><nd ref="5368761364" /><nd ref="5368761363" /><tag k="highway" v="trunk" /><tag k="lanes" v="2" /><tag k="name" v="京漠线" /><tag k="oneway" v="yes" /></way><way id="129" timestamp="2026-03-31T20:21:19Z" uid="1" user="OSMnx" version="1" changeset="1"><nd ref="5368761365" /><nd ref="5368761364" /><tag k="highway" v="trunk" /><tag k="lanes" v="2" /><tag k="name" v="京漠线" /><tag k="oneway" v="yes" /></way><way id="130" timestamp="2026-03-31T20:21:19Z" uid="1" user="OSMnx" version="1" changeset="1"><nd ref="5368761366" /><nd ref="5368761365" /><tag k="highway" v="trunk" /><tag k="lanes" v="2" /><tag k="name" v="京漠线" /><tag k="oneway" v="yes" /></way><way id="131" timestamp="2026-03-31T20:21:19Z" uid="1" user="OSMnx" version="1" changeset="1"><nd ref="5368761367" /><nd ref="5368761366" /><tag k="highway" v="trunk" /><tag k="lanes" v="2" /><tag k="name" v="京漠线" /><tag k="oneway" v="yes" /></way><way id="132" timestamp="2026-03-31T20:21:19Z" uid="1" user="OSMnx" version="1" changeset="1"><nd ref="5368761368" /><nd ref="5368761367" /><tag k="highway" v="trunk" /><tag k="lanes" v="2" /><tag k="name" v="京漠线" /><tag k="oneway" v="yes" /></way><way id="133" timestamp="2026-03-31T20:21:19Z" uid="1" user="OSMnx" version="1" changeset="1"><nd ref="5368761369" /><nd ref="5368761368" /><tag k="highway" v="trunk" /><tag k="lanes" v="2" /><tag k="name" v="京漠线" /><tag k="oneway" v="yes" /></way><way id="134" timestamp="2026-03-31T20:21:19Z" uid="1" user="OSMnx" version="1" changeset="1"><nd ref="5368761370" /><nd ref="5368761369" /><tag k="highway" v="trunk" /><tag k="lanes" v="2" /><tag k="name" v="京漠线" /><tag k="oneway" v="yes" /></way><way id="135" timestamp="2026-03-31T20:21:19Z" uid="1" user="OSMnx" version="1" changeset="1"><nd ref="5368761371" /><nd ref="5368761370" /><tag k="highway" v="trunk" /><tag k="lanes" v="2" /><tag k="name" v="京漠线" /><tag k="oneway" v="yes" /></way><way id="136" timestamp="2026-03-31T20:21:19Z" uid="1" user="OSMnx" version="1" changeset="1"><nd ref="5368761372" /><nd ref="5368761371" /><tag k="highway" v="trunk" /><tag k="lanes" v="2" /><tag k="name" v="京漠线" /><tag k="oneway" v="yes" /></way><way id="137" timestamp="2026-03-31T20:21:19Z" uid="1" user="OSMnx" version="1" changeset="1"><nd ref="5368761373" /><nd ref="2289219912" /><tag k="highway" v="trunk" /><tag k="lanes" v="2" /><tag k="name" v="京漠线" /><tag k="oneway" v="yes" /></way><way id="138" timestamp="2026-03-31T20:21:19Z" uid="1" user="OSMnx" version="1" changeset="1"><nd ref="5368761374" /><nd ref="5368761373" /><tag k="highway" v="trunk" /><tag k="lanes" v="2" /><tag k="name" v="京漠线" /><tag k="oneway" v="yes" /></way><way id="139" timestamp="2026-03-31T20:21:19Z" uid="1" user="OSMnx" version="1" changeset="1"><nd ref="5368761375" /><nd ref="5368761374" /><tag k="highway" v="trunk" /><tag k="lanes" v="2" /><tag k="name" v="京漠线" /><tag k="oneway" v="yes" /></way><way id="140" timestamp="2026-03-31T20:21:19Z" uid="1" user="OSMnx" version="1" changeset="1"><nd ref="5368761376" /><nd ref="5368761375" /><tag k="highway" v="trunk" /><tag k="lanes" v="2" /><tag k="name" v="京漠线" /><tag k="oneway" v="yes" /></way><way id="141" timestamp="2026-03-31T20:21:19Z" uid="1" user="OSMnx" version="1" changeset="1"><nd ref="5368761377" /><nd ref="5368761376" /><tag k="highway" v="trunk" /><tag k="lanes" v="2" /><tag k="name" v="京漠线" /><tag k="oneway" v="yes" /></way><way id="142" timestamp="2026-03-31T20:21:19Z" uid="1" user="OSMnx" version="1" changeset="1"><nd ref="5368761378" /><nd ref="5368761377" /><tag k="highway" v="trunk" /><tag k="lanes" v="2" /><tag k="name" v="京漠线" /><tag k="oneway" v="yes" /></way><way id="143" timestamp="2026-03-31T20:21:19Z" uid="1" user="OSMnx" version="1" changeset="1"><nd ref="5368761379" /><nd ref="5368761378" /><tag k="highway" v="trunk" /><tag k="lanes" v="2" /><tag k="name" v="京漠线" /><tag k="oneway" v="yes" /></way><way id="144" timestamp="2026-03-31T20:21:19Z" uid="1" user="OSMnx" version="1" changeset="1"><nd ref="5368761380" /><nd ref="5368761379" /><tag k="highway" v="trunk" /><tag k="lanes" v="2" /><tag k="name" v="京漠线" /><tag k="oneway" v="yes" /></way><way id="145" timestamp="2026-03-31T20:21:19Z" uid="1" user="OSMnx" version="1" changeset="1"><nd ref="5368761381" /><nd ref="5368761380" /><tag k="highway" v="trunk" /><tag k="lanes" v="2" /><tag k="name" v="京漠线" /><tag k="oneway" v="yes" /></way><way id="146" timestamp="2026-03-31T20:21:19Z" uid="1" user="OSMnx" version="1" changeset="1"><nd ref="5368761382" /><nd ref="5368761381" /><tag k="highway" v="trunk" /><tag k="lanes" v="2" /><tag k="name" v="京漠线" /><tag k="oneway" v="yes" /></way><way id="147" timestamp="2026-03-31T20:21:19Z" uid="1" user="OSMnx" version="1" changeset="1"><nd ref="5368761383" /><nd ref="5368761382" /><tag k="highway" v="trunk" /><tag k="lanes" v="2" /><tag k="name" v="京漠线" /><tag k="oneway" v="yes" /></way><way id="148" timestamp="2026-03-31T20:21:19Z" uid="1" user="OSMnx" version="1" changeset="1"><nd ref="5368761384" /><nd ref="5368761383" /><tag k="highway" v="trunk" /><tag k="lanes" v="2" /><tag k="name" v="京漠线" /><tag k="oneway" v="yes" /></way><way id="149" timestamp="2026-03-31T20:21:19Z" uid="1" user="OSMnx" version="1" changeset="1"><nd ref="5368761385" /><nd ref="5368761384" /><tag k="highway" v="trunk" /><tag k="lanes" v="2" /><tag k="name" v="京漠线" /><tag k="oneway" v="yes" /></way><way id="150" timestamp="2026-03-31T20:21:19Z" uid="1" user="OSMnx" version="1" changeset="1"><nd ref="5368761386" /><nd ref="5368761385" /><tag k="highway" v="trunk" /><tag k="lanes" v="2" /><tag k="name" v="京漠线" /><tag k="oneway" v="yes" /></way><way id="151" timestamp="2026-03-31T20:21:19Z" uid="1" user="OSMnx" version="1" changeset="1"><nd ref="5368761387" /><nd ref="5368761386" /><tag k="highway" v="trunk" /><tag k="lanes" v="2" /><tag k="name" v="京漠线" /><tag k="oneway" v="yes" /></way><way id="152" timestamp="2026-03-31T20:21:19Z" uid="1" user="OSMnx" version="1" changeset="1"><nd ref="5368761388" /><nd ref="5368761387" /><tag k="highway" v="trunk" /><tag k="lanes" v="2" /><tag k="name" v="京漠线" /><tag k="oneway" v="yes" /></way><way id="153" timestamp="2026-03-31T20:21:19Z" uid="1" user="OSMnx" version="1" changeset="1"><nd ref="5368761389" /><nd ref="5368761388" /><tag k="highway" v="trunk" /><tag k="lanes" v="2" /><tag k="name" v="京漠线" /><tag k="oneway" v="yes" /></way><way id="154" timestamp="2026-03-31T20:21:19Z" uid="1" user="OSMnx" version="1" changeset="1"><nd ref="5368761400" /><nd ref="5368761402" /><tag k="highway" v="unclassified" /><tag k="oneway" v="no" /></way><way id="155" timestamp="2026-03-31T20:21:19Z" uid="1" user="OSMnx" version="1" changeset="1"><nd ref="5368761400" /><nd ref="5368761403" /><tag k="highway" v="unclassified" /><tag k="oneway" v="no" /></way><way id="156" timestamp="2026-03-31T20:21:19Z" uid="1" user="OSMnx" version="1" changeset="1"><nd ref="5368761401" /><nd ref="5369242064" /><tag k="highway" v="unclassified" /><tag k="oneway" v="no" /></way><way id="157" timestamp="2026-03-31T20:21:19Z" uid="1" user="OSMnx" version="1" changeset="1"><nd ref="5368761402" /><nd ref="5369242064" /><tag k="highway" v="unclassified" /><tag k="oneway" v="no" /></way><way id="158" timestamp="2026-03-31T20:21:19Z" uid="1" user="OSMnx" version="1" changeset="1"><nd ref="5368761402" /><nd ref="5368761400" /><tag k="highway" v="unclassified" /><tag k="oneway" v="no" /></way><way id="159" timestamp="2026-03-31T20:21:19Z" uid="1" user="OSMnx" version="1" changeset="1"><nd ref="5368761403" /><nd ref="5368761400" /><tag k="highway" v="unclassified" /><tag k="oneway" v="no" /></way><way id="160" timestamp="2026-03-31T20:21:19Z" uid="1" user="OSMnx" version="1" changeset="1"><nd ref="5368761403" /><nd ref="5368761404" /><tag k="highway" v="unclassified" /><tag k="oneway" v="no" /></way><way id="161" timestamp="2026-03-31T20:21:19Z" uid="1" user="OSMnx" version="1" changeset="1"><nd ref="5368761404" /><nd ref="5368761403" /><tag k="highway" v="unclassified" /><tag k="oneway" v="no" /></way><way id="162" timestamp="2026-03-31T20:21:19Z" uid="1" user="OSMnx" version="1" changeset="1"><nd ref="5368761404" /><nd ref="5368763024" /><tag k="highway" v="unclassified" /><tag k="oneway" v="no" /></way><way id="163" timestamp="2026-03-31T20:21:19Z" uid="1" user="OSMnx" version="1" changeset="1"><nd ref="5368761741" /><nd ref="5368761742" /><tag k="highway" v="trunk" /><tag k="lanes" v="2" /><tag k="name" v="京漠线" /><tag k="oneway" v="yes" /></way><way id="164" timestamp="2026-03-31T20:21:19Z" uid="1" user="OSMnx" version="1" changeset="1"><nd ref="5368761742" /><nd ref="5368761743" /><tag k="highway" v="trunk" /><tag k="lanes" v="2" /><tag k="name" v="京漠线" /><tag k="oneway" v="yes" /></way><way id="165" timestamp="2026-03-31T20:21:19Z" uid="1" user="OSMnx" version="1" changeset="1"><nd ref="5368761743" /><nd ref="5368761744" /><tag k="highway" v="trunk" /><tag k="lanes" v="2" /><tag k="name" v="京漠线" /><tag k="oneway" v="yes" /></way><way id="166" timestamp="2026-03-31T20:21:19Z" uid="1" user="OSMnx" version="1" changeset="1"><nd ref="5368761744" /><nd ref="5368761745" /><tag k="highway" v="trunk" /><tag k="lanes" v="2" /><tag k="name" v="京漠线" /><tag k="oneway" v="yes" /></way><way id="167" timestamp="2026-03-31T20:21:19Z" uid="1" user="OSMnx" version="1" changeset="1"><nd ref="5368761745" /><nd ref="5368761746" /><tag k="highway" v="trunk" /><tag k="lanes" v="2" /><tag k="name" v="京漠线" /><tag k="oneway" v="yes" /></way><way id="168" timestamp="2026-03-31T20:21:19Z" uid="1" user="OSMnx" version="1" changeset="1"><nd ref="5368761746" /><nd ref="5368761747" /><tag k="highway" v="trunk" /><tag k="lanes" v="2" /><tag k="name" v="京漠线" /><tag k="oneway" v="yes" /></way><way id="169" timestamp="2026-03-31T20:21:19Z" uid="1" user="OSMnx" version="1" changeset="1"><nd ref="5368761747" /><nd ref="5368761748" /><tag k="highway" v="trunk" /><tag k="lanes" v="2" /><tag k="name" v="京漠线" /><tag k="oneway" v="yes" /></way><way id="170" timestamp="2026-03-31T20:21:19Z" uid="1" user="OSMnx" version="1" changeset="1"><nd ref="5368761748" /><nd ref="5368761749" /><tag k="highway" v="trunk" /><tag k="lanes" v="2" /><tag k="name" v="京漠线" /><tag k="oneway" v="yes" /></way><way id="171" timestamp="2026-03-31T20:21:19Z" uid="1" user="OSMnx" version="1" changeset="1"><nd ref="5368761749" /><nd ref="5368761750" /><tag k="highway" v="trunk" /><tag k="lanes" v="2" /><tag k="name" v="京漠线" /><tag k="oneway" v="yes" /></way><way id="172" timestamp="2026-03-31T20:21:19Z" uid="1" user="OSMnx" version="1" changeset="1"><nd ref="5368761750" /><nd ref="5368761751" /><tag k="highway" v="trunk" /><tag k="lanes" v="2" /><tag k="name" v="京漠线" /><tag k="oneway" v="yes" /></way><way id="173" timestamp="2026-03-31T20:21:19Z" uid="1" user="OSMnx" version="1" changeset="1"><nd ref="5368761751" /><nd ref="5368761752" /><tag k="highway" v="trunk" /><tag k="lanes" v="2" /><tag k="name" v="京漠线" /><tag k="oneway" v="yes" /></way><way id="174" timestamp="2026-03-31T20:21:19Z" uid="1" user="OSMnx" version="1" changeset="1"><nd ref="5368761752" /><nd ref="5368761765" /><tag k="highway" v="trunk" /><tag k="lanes" v="2" /><tag k="name" v="京漠线" /><tag k="oneway" v="yes" /></way><way id="175" timestamp="2026-03-31T20:21:19Z" uid="1" user="OSMnx" version="1" changeset="1"><nd ref="5368761753" /><nd ref="5368761389" /><tag k="highway" v="trunk" /><tag k="lanes" v="2" /><tag k="name" v="京漠线" /><tag k="oneway" v="yes" /></way><way id="176" timestamp="2026-03-31T20:21:19Z" uid="1" user="OSMnx" version="1" changeset="1"><nd ref="5368761754" /><nd ref="5368761753" /><tag k="highway" v="trunk" /><tag k="lanes" v="2" /><tag k="name" v="京漠线" /><tag k="oneway" v="yes" /></way><way id="177" timestamp="2026-03-31T20:21:19Z" uid="1" user="OSMnx" version="1" changeset="1"><nd ref="5368761755" /><nd ref="5368761754" /><tag k="highway" v="trunk" /><tag k="lanes" v="2" /><tag k="name" v="京漠线" /><tag k="oneway" v="yes" /></way><way id="178" timestamp="2026-03-31T20:21:19Z" uid="1" user="OSMnx" version="1" changeset="1"><nd ref="5368761756" /><nd ref="5368761755" /><tag k="highway" v="trunk" /><tag k="lanes" v="2" /><tag k="name" v="京漠线" /><tag k="oneway" v="yes" /></way><way id="179" timestamp="2026-03-31T20:21:19Z" uid="1" user="OSMnx" version="1" changeset="1"><nd ref="5368761757" /><nd ref="5368761756" /><tag k="highway" v="trunk" /><tag k="lanes" v="2" /><tag k="name" v="京漠线" /><tag k="oneway" v="yes" /></way><way id="180" timestamp="2026-03-31T20:21:19Z" uid="1" user="OSMnx" version="1" changeset="1"><nd ref="5368761758" /><nd ref="5368761757" /><tag k="highway" v="trunk" /><tag k="lanes" v="2" /><tag k="name" v="京漠线" /><tag k="oneway" v="yes" /></way><way id="181" timestamp="2026-03-31T20:21:19Z" uid="1" user="OSMnx" version="1" changeset="1"><nd ref="5368761759" /><nd ref="5368761758" /><tag k="highway" v="trunk" /><tag k="lanes" v="2" /><tag k="name" v="京漠线" /><tag k="oneway" v="yes" /></way><way id="182" timestamp="2026-03-31T20:21:19Z" uid="1" user="OSMnx" version="1" changeset="1"><nd ref="5368761760" /><nd ref="5368761759" /><tag k="highway" v="trunk" /><tag k="lanes" v="2" /><tag k="name" v="京漠线" /><tag k="oneway" v="yes" /></way><way id="183" timestamp="2026-03-31T20:21:19Z" uid="1" user="OSMnx" version="1" changeset="1"><nd ref="5368761761" /><nd ref="5368761760" /><tag k="highway" v="trunk" /><tag k="lanes" v="2" /><tag k="name" v="京漠线" /><tag k="oneway" v="yes" /></way><way id="184" timestamp="2026-03-31T20:21:19Z" uid="1" user="OSMnx" version="1" changeset="1"><nd ref="5368761762" /><nd ref="5368761761" /><tag k="highway" v="trunk" /><tag k="lanes" v="2" /><tag k="name" v="京漠线" /><tag k="oneway" v="yes" /></way><way id="185" timestamp="2026-03-31T20:21:19Z" uid="1" user="OSMnx" version="1" changeset="1"><nd ref="5368761763" /><nd ref="5368761762" /><tag k="highway" v="trunk" /><tag k="lanes" v="2" /><tag k="name" v="京漠线" /><tag k="oneway" v="yes" /></way><way id="186" timestamp="2026-03-31T20:21:19Z" uid="1" user="OSMnx" version="1" changeset="1"><nd ref="5368761764" /><nd ref="5368761763" /><tag k="highway" v="trunk" /><tag k="lanes" v="2" /><tag k="name" v="京漠线" /><tag k="oneway" v="yes" /></way><way id="187" timestamp="2026-03-31T20:21:19Z" uid="1" user="OSMnx" version="1" changeset="1"><nd ref="5368761778" /><nd ref="5368761764" /><tag k="highway" v="trunk" /><tag k="lanes" v="2" /><tag k="name" v="京漠线" /><tag k="oneway" v="yes" /></way><way id="188" timestamp="2026-03-31T20:21:19Z" uid="1" user="OSMnx" version="1" changeset="1"><nd ref="5368761796" /><nd ref="5368763500" /><tag k="highway" v="unclassified" /><tag k="oneway" v="no" /></way><way id="189" timestamp="2026-03-31T20:21:19Z" uid="1" user="OSMnx" version="1" changeset="1"><nd ref="5368761796" /><nd ref="5368761797" /><tag k="highway" v="unclassified" /><tag k="oneway" v="no" /></way><way id="190" timestamp="2026-03-31T20:21:19Z" uid="1" user="OSMnx" version="1" changeset="1"><nd ref="5368761797" /><nd ref="5368761796" /><tag k="highway" v="unclassified" /><tag k="oneway" v="no" /></way><way id="191" timestamp="2026-03-31T20:21:19Z" uid="1" user="OSMnx" version="1" changeset="1"><nd ref="5368761797" /><nd ref="5368761798" /><tag k="highway" v="unclassified" /><tag k="oneway" v="no" /></way><way id="192" timestamp="2026-03-31T20:21:19Z" uid="1" user="OSMnx" version="1" changeset="1"><nd ref="5368761798" /><nd ref="5368761797" /><tag k="highway" v="unclassified" /><tag k="oneway" v="no" /></way><way id="193" timestamp="2026-03-31T20:21:19Z" uid="1" user="OSMnx" version="1" changeset="1"><nd ref="5368761798" /><nd ref="5368761799" /><tag k="highway" v="unclassified" /><tag k="oneway" v="no" /></way><way id="194" timestamp="2026-03-31T20:21:19Z" uid="1" user="OSMnx" version="1" changeset="1"><nd ref="5368761799" /><nd ref="5368761798" /><tag k="highway" v="unclassified" /><tag k="oneway" v="no" /></way><way id="195" timestamp="2026-03-31T20:21:19Z" uid="1" user="OSMnx" version="1" changeset="1"><nd ref="5368761799" /><nd ref="5368761800" /><tag k="highway" v="unclassified" /><tag k="oneway" v="no" /></way><way id="196" timestamp="2026-03-31T20:21:19Z" uid="1" user="OSMnx" version="1" changeset="1"><nd ref="5368761800" /><nd ref="5368761799" /><tag k="highway" v="unclassified" /><tag k="oneway" v="no" /></way><way id="197" timestamp="2026-03-31T20:21:19Z" uid="1" user="OSMnx" version="1" changeset="1"><nd ref="5368761800" /><nd ref="5368761801" /><tag k="highway" v="unclassified" /><tag k="oneway" v="no" /></way><way id="198" timestamp="2026-03-31T20:21:19Z" uid="1" user="OSMnx" version="1" changeset="1"><nd ref="5368761801" /><nd ref="5368761800" /><tag k="highway" v="unclassified" /><tag k="oneway" v="no" /></way><way id="199" timestamp="2026-03-31T20:21:19Z" uid="1" user="OSMnx" version="1" changeset="1"><nd ref="5368761801" /><nd ref="5369521815" /><tag k="highway" v="unclassified" /><tag k="oneway" v="no" /></way><way id="200" timestamp="2026-03-31T20:21:19Z" uid="1" user="OSMnx" version="1" changeset="1"><nd ref="5368761802" /><nd ref="5369521815" /><tag k="highway" v="unclassified" /><tag k="oneway" v="no" /></way><way id="201" timestamp="2026-03-31T20:21:19Z" uid="1" user="OSMnx" version="1" changeset="1"><nd ref="5368761802" /><nd ref="5369521923" /><tag k="highway" v="unclassified" /><tag k="oneway" v="no" /></way><way id="202" timestamp="2026-03-31T20:21:19Z" uid="1" user="OSMnx" version="1" changeset="1"><nd ref="5368761803" /><nd ref="5369521923" /><tag k="highway" v="unclassified" /><tag k="oneway" v="no" /></way><way id="203" timestamp="2026-03-31T20:21:19Z" uid="1" user="OSMnx" version="1" changeset="1"><nd ref="5368761803" /><nd ref="5368761804" /><tag k="highway" v="unclassified" /><tag k="oneway" v="no" /></way><way id="204" timestamp="2026-03-31T20:21:19Z" uid="1" user="OSMnx" version="1" changeset="1"><nd ref="5368761804" /><nd ref="5368761803" /><tag k="highway" v="unclassified" /><tag k="oneway" v="no" /></way><way id="205" timestamp="2026-03-31T20:21:19Z" uid="1" user="OSMnx" version="1" changeset="1"><nd ref="5368761804" /><nd ref="5368761805" /><tag k="highway" v="unclassified" /><tag k="oneway" v="no" /></way><way id="206" timestamp="2026-03-31T20:21:19Z" uid="1" user="OSMnx" version="1" changeset="1"><nd ref="5368761805" /><nd ref="5368761804" /><tag k="highway" v="unclassified" /><tag k="oneway" v="no" /></way><way id="207" timestamp="2026-03-31T20:21:19Z" uid="1" user="OSMnx" version="1" changeset="1"><nd ref="5368761805" /><nd ref="5368761806" /><tag k="highway" v="unclassified" /><tag k="oneway" v="no" /></way><way id="208" timestamp="2026-03-31T20:21:19Z" uid="1" user="OSMnx" version="1" changeset="1"><nd ref="5368761806" /><nd ref="5368761805" /><tag k="highway" v="unclassified" /><tag k="oneway" v="no" /></way><way id="209" timestamp="2026-03-31T20:21:19Z" uid="1" user="OSMnx" version="1" changeset="1"><nd ref="5368761806" /><nd ref="5368761807" /><tag k="highway" v="unclassified" /><tag k="oneway" v="no" /></way><way id="210" timestamp="2026-03-31T20:21:19Z" uid="1" user="OSMnx" version="1" changeset="1"><nd ref="5368761807" /><nd ref="5368761806" /><tag k="highway" v="unclassified" /><tag k="oneway" v="no" /></way><way id="211" timestamp="2026-03-31T20:21:19Z" uid="1" user="OSMnx" version="1" changeset="1"><nd ref="5368761807" /><nd ref="5368761808" /><tag k="highway" v="unclassified" /><tag k="oneway" v="no" /></way><way id="212" timestamp="2026-03-31T20:21:19Z" uid="1" user="OSMnx" version="1" changeset="1"><nd ref="5368761808" /><nd ref="5368761807" /><tag k="highway" v="unclassified" /><tag k="oneway" v="no" /></way><way id="213" timestamp="2026-03-31T20:21:19Z" uid="1" user="OSMnx" version="1" changeset="1"><nd ref="5368761808" /><nd ref="5368761809" /><tag k="highway" v="unclassified" /><tag k="oneway" v="no" /></way><way id="214" timestamp="2026-03-31T20:21:19Z" uid="1" user="OSMnx" version="1" changeset="1"><nd ref="5368761809" /><nd ref="5368761808" /><tag k="highway" v="unclassified" /><tag k="oneway" v="no" /></way><way id="215" timestamp="2026-03-31T20:21:19Z" uid="1" user="OSMnx" version="1" changeset="1"><nd ref="5368761809" /><nd ref="5368761810" /><tag k="highway" v="unclassified" /><tag k="oneway" v="no" /></way><way id="216" timestamp="2026-03-31T20:21:19Z" uid="1" user="OSMnx" version="1" changeset="1"><nd ref="5368761810" /><nd ref="5368761809" /><tag k="highway" v="unclassified" /><tag k="oneway" v="no" /></way><way id="217" timestamp="2026-03-31T20:21:19Z" uid="1" user="OSMnx" version="1" changeset="1"><nd ref="5368761810" /><nd ref="5368761811" /><tag k="highway" v="unclassified" /><tag k="oneway" v="no" /></way><way id="218" timestamp="2026-03-31T20:21:19Z" uid="1" user="OSMnx" version="1" changeset="1"><nd ref="5368761811" /><nd ref="5368761810" /><tag k="highway" v="unclassified" /><tag k="oneway" v="no" /></way><way id="219" timestamp="2026-03-31T20:21:19Z" uid="1" user="OSMnx" version="1" changeset="1"><nd ref="5368761811" /><nd ref="5368761812" /><tag k="highway" v="unclassified" /><tag k="oneway" v="no" /></way><way id="220" timestamp="2026-03-31T20:21:19Z" uid="1" user="OSMnx" version="1" changeset="1"><nd ref="5368761812" /><nd ref="5368761811" /><tag k="highway" v="unclassified" /><tag k="oneway" v="no" /></way><way id="221" timestamp="2026-03-31T20:21:19Z" uid="1" user="OSMnx" version="1" changeset="1"><nd ref="5368761812" /><nd ref="5368761813" /><tag k="highway" v="unclassified" /><tag k="oneway" v="no" /></way><way id="222" timestamp="2026-03-31T20:21:19Z" uid="1" user="OSMnx" version="1" changeset="1"><nd ref="5368761813" /><nd ref="5368761812" /><tag k="highway" v="unclassified" /><tag k="oneway" v="no" /></way><way id="223" timestamp="2026-03-31T20:21:19Z" uid="1" user="OSMnx" version="1" changeset="1"><nd ref="5368761813" /><nd ref="5368761814" /><tag k="highway" v="unclassified" /><tag k="oneway" v="no" /></way><way id="224" timestamp="2026-03-31T20:21:19Z" uid="1" user="OSMnx" version="1" changeset="1"><nd ref="5368761814" /><nd ref="5368761813" /><tag k="highway" v="unclassified" /><tag k="oneway" v="no" /></way><way id="225" timestamp="2026-03-31T20:21:19Z" uid="1" user="OSMnx" version="1" changeset="1"><nd ref="5368761814" /><nd ref="5368761815" /><tag k="highway" v="unclassified" /><tag k="oneway" v="no" /></way><way id="226" timestamp="2026-03-31T20:21:19Z" uid="1" user="OSMnx" version="1" changeset="1"><nd ref="5368761815" /><nd ref="5368761814" /><tag k="highway" v="unclassified" /><tag k="oneway" v="no" /></way><way id="227" timestamp="2026-03-31T20:21:19Z" uid="1" user="OSMnx" version="1" changeset="1"><nd ref="5368761815" /><nd ref="5368761816" /><tag k="highway" v="unclassified" /><tag k="oneway" v="no" /></way><way id="228" timestamp="2026-03-31T20:21:19Z" uid="1" user="OSMnx" version="1" changeset="1"><nd ref="5368761816" /><nd ref="5368761815" /><tag k="highway" v="unclassified" /><tag k="oneway" v="no" /></way><way id="229" timestamp="2026-03-31T20:21:19Z" uid="1" user="OSMnx" version="1" changeset="1"><nd ref="5368761816" /><nd ref="5369241414" /><tag k="highway" v="unclassified" /><tag k="oneway" v="no" /></way><way id="230" timestamp="2026-03-31T20:21:19Z" uid="1" user="OSMnx" version="1" changeset="1"><nd ref="5368761817" /><nd ref="5369241414" /><tag k="highway" v="unclassified" /><tag k="oneway" v="no" /></way><way id="231" timestamp="2026-03-31T20:21:19Z" uid="1" user="OSMnx" version="1" changeset="1"><nd ref="5368761817" /><nd ref="5368761818" /><tag k="highway" v="unclassified" /><tag k="oneway" v="no" /></way><way id="232" timestamp="2026-03-31T20:21:19Z" uid="1" user="OSMnx" version="1" changeset="1"><nd ref="5368761818" /><nd ref="5368761817" /><tag k="highway" v="unclassified" /><tag k="oneway" v="no" /></way><way id="233" timestamp="2026-03-31T20:21:19Z" uid="1" user="OSMnx" version="1" changeset="1"><nd ref="5368761818" /><nd ref="5368761819" /><tag k="highway" v="unclassified" /><tag k="oneway" v="no" /></way><way id="234" timestamp="2026-03-31T20:21:19Z" uid="1" user="OSMnx" version="1" changeset="1"><nd ref="5368761819" /><nd ref="5368761818" /><tag k="highway" v="unclassified" /><tag k="oneway" v="no" /></way><way id="235" timestamp="2026-03-31T20:21:19Z" uid="1" user="OSMnx" version="1" changeset="1"><nd ref="5368761819" /><nd ref="5368761820" /><tag k="highway" v="unclassified" /><tag k="oneway" v="no" /></way><way id="236" timestamp="2026-03-31T20:21:19Z" uid="1" user="OSMnx" version="1" changeset="1"><nd ref="5368761820" /><nd ref="5368761819" /><tag k="highway" v="unclassified" /><tag k="oneway" v="no" /></way><way id="237" timestamp="2026-03-31T20:21:19Z" uid="1" user="OSMnx" version="1" changeset="1"><nd ref="5368761820" /><nd ref="5368761821" /><tag k="highway" v="unclassified" /><tag k="oneway" v="no" /></way><way id="238" timestamp="2026-03-31T20:21:19Z" uid="1" user="OSMnx" version="1" changeset="1"><nd ref="5368761821" /><nd ref="5368761820" /><tag k="highway" v="unclassified" /><tag k="oneway" v="no" /></way><way id="239" timestamp="2026-03-31T20:21:19Z" uid="1" user="OSMnx" version="1" changeset="1"><nd ref="5368761821" /><nd ref="5368761822" /><tag k="highway" v="unclassified" /><tag k="oneway" v="no" /></way><way id="240" timestamp="2026-03-31T20:21:19Z" uid="1" user="OSMnx" version="1" changeset="1"><nd ref="5368761822" /><nd ref="5368761821" /><tag k="highway" v="unclassified" /><tag k="oneway" v="no" /></way><way id="241" timestamp="2026-03-31T20:21:19Z" uid="1" user="OSMnx" version="1" changeset="1"><nd ref="5368761822" /><nd ref="5368761823" /><tag k="highway" v="unclassified" /><tag k="oneway" v="no" /></way><way id="242" timestamp="2026-03-31T20:21:19Z" uid="1" user="OSMnx" version="1" changeset="1"><nd ref="5368761823" /><nd ref="5368761822" /><tag k="highway" v="unclassified" /><tag k="oneway" v="no" /></way><way id="243" timestamp="2026-03-31T20:21:19Z" uid="1" user="OSMnx" version="1" changeset="1"><nd ref="5368762311" /><nd ref="2289212380" /><tag k="highway" v="trunk" /><tag k="oneway" v="no" /></way><way id="244" timestamp="2026-03-31T20:21:19Z" uid="1" user="OSMnx" version="1" changeset="1"><nd ref="5368762311" /><nd ref="5368762315" /><tag k="highway" v="trunk" /><tag k="oneway" v="no" /></way><way id="245" timestamp="2026-03-31T20:21:19Z" uid="1" user="OSMnx" version="1" changeset="1"><nd ref="5368762315" /><nd ref="5368762311" /><tag k="highway" v="trunk" /><tag k="oneway" v="no" /></way><way id="246" timestamp="2026-03-31T20:21:19Z" uid="1" user="OSMnx" version="1" changeset="1"><nd ref="5368762315" /><nd ref="5368762317" /><tag k="highway" v="trunk" /><tag k="oneway" v="no" /></way><way id="247" timestamp="2026-03-31T20:21:19Z" uid="1" user="OSMnx" version="1" changeset="1"><nd ref="5368762317" /><nd ref="5368762315" /><tag k="highway" v="trunk" /><tag k="oneway" v="no" /></way><way id="248" timestamp="2026-03-31T20:21:19Z" uid="1" user="OSMnx" version="1" changeset="1"><nd ref="5368762317" /><nd ref="5369137838" /><tag k="highway" v="trunk" /><tag k="oneway" v="no" /></way><way id="249" timestamp="2026-03-31T20:21:19Z" uid="1" user="OSMnx" version="1" changeset="1"><nd ref="5368762320" /><nd ref="5369137838" /><tag k="highway" v="trunk" /><tag k="oneway" v="no" /></way><way id="250" timestamp="2026-03-31T20:21:19Z" uid="1" user="OSMnx" version="1" changeset="1"><nd ref="5368762320" /><nd ref="5368761213" /><tag k="highway" v="trunk" /><tag k="oneway" v="no" /></way><way id="251" timestamp="2026-03-31T20:21:19Z" uid="1" user="OSMnx" version="1" changeset="1"><nd ref="5368762421" /><nd ref="5368761215" /><tag k="highway" v="secondary" /><tag k="oneway" v="no" /></way><way id="252" timestamp="2026-03-31T20:21:19Z" uid="1" user="OSMnx" version="1" changeset="1"><nd ref="5368762421" /><nd ref="5369352056" /><tag k="highway" v="secondary" /><tag k="oneway" v="no" /></way><way id="253" timestamp="2026-03-31T20:21:19Z" uid="1" user="OSMnx" version="1" changeset="1"><nd ref="5368762422" /><nd ref="5369352222" /><tag k="highway" v="secondary" /><tag k="oneway" v="no" /></way><way id="254" timestamp="2026-03-31T20:21:19Z" uid="1" user="OSMnx" version="1" changeset="1"><nd ref="5368762422" /><nd ref="5369352070" /><tag k="highway" v="secondary" /><tag k="oneway" v="no" /></way><way id="255" timestamp="2026-03-31T20:21:19Z" uid="1" user="OSMnx" version="1" changeset="1"><nd ref="5368762423" /><nd ref="5369352070" /><tag k="highway" v="secondary" /><tag k="oneway" v="no" /></way><way id="256" timestamp="2026-03-31T20:21:19Z" uid="1" user="OSMnx" version="1" changeset="1"><nd ref="5368762423" /><nd ref="5369352082" /><tag k="highway" v="secondary" /><tag k="oneway" v="no" /></way><way id="257" timestamp="2026-03-31T20:21:19Z" uid="1" user="OSMnx" version="1" changeset="1"><nd ref="5368762424" /><nd ref="5369352082" /><tag k="highway" v="secondary" /><tag k="oneway" v="no" /></way><way id="258" timestamp="2026-03-31T20:21:19Z" uid="1" user="OSMnx" version="1" changeset="1"><nd ref="5368762424" /><nd ref="5368762425" /><tag k="highway" v="secondary" /><tag k="oneway" v="no" /></way><way id="259" timestamp="2026-03-31T20:21:19Z" uid="1" user="OSMnx" version="1" changeset="1"><nd ref="5368762425" /><nd ref="5368762424" /><tag k="highway" v="secondary" /><tag k="oneway" v="no" /></way><way id="260" timestamp="2026-03-31T20:21:19Z" uid="1" user="OSMnx" version="1" changeset="1"><nd ref="5368762425" /><nd ref="5368762426" /><tag k="highway" v="secondary" /><tag k="oneway" v="no" /></way><way id="261" timestamp="2026-03-31T20:21:19Z" uid="1" user="OSMnx" version="1" changeset="1"><nd ref="5368762426" /><nd ref="5368762425" /><tag k="highway" v="secondary" /><tag k="oneway" v="no" /></way><way id="262" timestamp="2026-03-31T20:21:19Z" uid="1" user="OSMnx" version="1" changeset="1"><nd ref="5368762426" /><nd ref="5369352242" /><tag k="highway" v="secondary" /><tag k="oneway" v="no" /></way><way id="263" timestamp="2026-03-31T20:21:19Z" uid="1" user="OSMnx" version="1" changeset="1"><nd ref="5368762427" /><nd ref="5369352094" /><tag k="highway" v="secondary" /><tag k="oneway" v="no" /></way><way id="264" timestamp="2026-03-31T20:21:19Z" uid="1" user="OSMnx" version="1" changeset="1"><nd ref="5368762427" /><nd ref="5368762428" /><tag k="highway" v="secondary" /><tag k="oneway" v="no" /></way><way id="265" timestamp="2026-03-31T20:21:19Z" uid="1" user="OSMnx" version="1" changeset="1"><nd ref="5368762428" /><nd ref="5368762427" /><tag k="highway" v="secondary" /><tag k="oneway" v="no" /></way><way id="266" timestamp="2026-03-31T20:21:19Z" uid="1" user="OSMnx" version="1" changeset="1"><nd ref="5368762428" /><nd ref="5368762429" /><tag k="highway" v="secondary" /><tag k="oneway" v="no" /></way><way id="267" timestamp="2026-03-31T20:21:19Z" uid="1" user="OSMnx" version="1" changeset="1"><nd ref="5368762429" /><nd ref="5368762428" /><tag k="highway" v="secondary" /><tag k="oneway" v="no" /></way><way id="268" timestamp="2026-03-31T20:21:19Z" uid="1" user="OSMnx" version="1" changeset="1"><nd ref="5368762429" /><nd ref="5368762430" /><tag k="highway" v="secondary" /><tag k="oneway" v="no" /></way><way id="269" timestamp="2026-03-31T20:21:19Z" uid="1" user="OSMnx" version="1" changeset="1"><nd ref="5368762430" /><nd ref="5368762429" /><tag k="highway" v="secondary" /><tag k="oneway" v="no" /></way><way id="270" timestamp="2026-03-31T20:21:19Z" uid="1" user="OSMnx" version="1" changeset="1"><nd ref="5368762430" /><nd ref="5368762431" /><tag k="highway" v="secondary" /><tag k="oneway" v="no" /></way><way id="271" timestamp="2026-03-31T20:21:19Z" uid="1" user="OSMnx" version="1" changeset="1"><nd ref="5368762431" /><nd ref="5368762430" /><tag k="highway" v="secondary" /><tag k="oneway" v="no" /></way><way id="272" timestamp="2026-03-31T20:21:19Z" uid="1" user="OSMnx" version="1" changeset="1"><nd ref="5368762431" /><nd ref="5368762432" /><tag k="highway" v="secondary" /><tag k="oneway" v="no" /></way><way id="273" timestamp="2026-03-31T20:21:19Z" uid="1" user="OSMnx" version="1" changeset="1"><nd ref="5368762432" /><nd ref="5368762431" /><tag k="highway" v="secondary" /><tag k="oneway" v="no" /></way><way id="274" timestamp="2026-03-31T20:21:19Z" uid="1" user="OSMnx" version="1" changeset="1"><nd ref="5368762432" /><nd ref="5368762433" /><tag k="highway" v="secondary" /><tag k="oneway" v="no" /></way><way id="275" timestamp="2026-03-31T20:21:19Z" uid="1" user="OSMnx" version="1" changeset="1"><nd ref="5368762433" /><nd ref="5368762432" /><tag k="highway" v="secondary" /><tag k="oneway" v="no" /></way><way id="276" timestamp="2026-03-31T20:21:19Z" uid="1" user="OSMnx" version="1" changeset="1"><nd ref="5368762433" /><nd ref="5369352161" /><tag k="highway" v="secondary" /><tag k="oneway" v="no" /></way><way id="277" timestamp="2026-03-31T20:21:19Z" uid="1" user="OSMnx" version="1" changeset="1"><nd ref="5368762434" /><nd ref="5369352161" /><tag k="highway" v="secondary" /><tag k="oneway" v="no" /></way><way id="278" timestamp="2026-03-31T20:21:19Z" uid="1" user="OSMnx" version="1" changeset="1"><nd ref="5368762434" /><nd ref="5369352108" /><tag k="highway" v="secondary" /><tag k="oneway" v="no" /></way><way id="279" timestamp="2026-03-31T20:21:19Z" uid="1" user="OSMnx" version="1" changeset="1"><nd ref="5368762435" /><nd ref="5369352108" /><tag k="highway" v="secondary" /><tag k="oneway" v="no" /></way><way id="280" timestamp="2026-03-31T20:21:19Z" uid="1" user="OSMnx" version="1" changeset="1"><nd ref="5368762435" /><nd ref="5368762436" /><tag k="highway" v="secondary" /><tag k="oneway" v="no" /></way><way id="281" timestamp="2026-03-31T20:21:19Z" uid="1" user="OSMnx" version="1" changeset="1"><nd ref="5368762436" /><nd ref="5368762435" /><tag k="highway" v="secondary" /><tag k="oneway" v="no" /></way><way id="282" timestamp="2026-03-31T20:21:19Z" uid="1" user="OSMnx" version="1" changeset="1"><nd ref="5368762436" /><nd ref="5368762437" /><tag k="highway" v="secondary" /><tag k="oneway" v="no" /></way><way id="283" timestamp="2026-03-31T20:21:19Z" uid="1" user="OSMnx" version="1" changeset="1"><nd ref="5368762437" /><nd ref="5368762436" /><tag k="highway" v="secondary" /><tag k="oneway" v="no" /></way><way id="284" timestamp="2026-03-31T20:21:19Z" uid="1" user="OSMnx" version="1" changeset="1"><nd ref="5368762437" /><nd ref="5368762438" /><tag k="highway" v="secondary" /><tag k="oneway" v="no" /></way><way id="285" timestamp="2026-03-31T20:21:19Z" uid="1" user="OSMnx" version="1" changeset="1"><nd ref="5368762438" /><nd ref="5368763479" /><tag k="highway" v="primary" /><tag k="oneway" v="yes" /></way><way id="286" timestamp="2026-03-31T20:21:19Z" uid="1" user="OSMnx" version="1" changeset="1"><nd ref="5368762438" /><nd ref="5368762437" /><tag k="highway" v="secondary" /><tag k="oneway" v="no" /></way><way id="287" timestamp="2026-03-31T20:21:19Z" uid="1" user="OSMnx" version="1" changeset="1"><nd ref="5368762446" /><nd ref="2289219946" /><tag k="highway" v="trunk" /><tag k="oneway" v="no" /></way><way id="288" timestamp="2026-03-31T20:21:19Z" uid="1" user="OSMnx" version="1" changeset="1"><nd ref="5368762446" /><nd ref="5368762448" /><tag k="highway" v="trunk" /><tag k="oneway" v="no" /></way><way id="289" timestamp="2026-03-31T20:21:19Z" uid="1" user="OSMnx" version="1" changeset="1"><nd ref="5368762448" /><nd ref="5368762446" /><tag k="highway" v="trunk" /><tag k="oneway" v="no" /></way><way id="290" timestamp="2026-03-31T20:21:19Z" uid="1" user="OSMnx" version="1" changeset="1"><nd ref="5368762448" /><nd ref="5368762450" /><tag k="highway" v="trunk" /><tag k="oneway" v="no" /></way><way id="291" timestamp="2026-03-31T20:21:19Z" uid="1" user="OSMnx" version="1" changeset="1"><nd ref="5368762450" /><nd ref="5368762448" /><tag k="highway" v="trunk" /><tag k="oneway" v="no" /></way><way id="292" timestamp="2026-03-31T20:21:19Z" uid="1" user="OSMnx" version="1" changeset="1"><nd ref="5368762450" /><nd ref="5368761194" /><tag k="highway" v="trunk" /><tag k="oneway" v="no" /></way><way id="293" timestamp="2026-03-31T20:21:19Z" uid="1" user="OSMnx" version="1" changeset="1"><nd ref="5368762710" /><nd ref="5368762712" /><tag k="highway" v="unclassified" /><tag k="oneway" v="no" /></way><way id="294" timestamp="2026-03-31T20:21:19Z" uid="1" user="OSMnx" version="1" changeset="1"><nd ref="5368762710" /><nd ref="5368763037" /><tag k="highway" v="secondary" /><tag k="oneway" v="yes" /></way><way id="295" timestamp="2026-03-31T20:21:19Z" uid="1" user="OSMnx" version="1" changeset="1"><nd ref="5368762712" /><nd ref="5368762710" /><tag k="highway" v="unclassified" /><tag k="oneway" v="no" /></way><way id="296" timestamp="2026-03-31T20:21:19Z" uid="1" user="OSMnx" version="1" changeset="1"><nd ref="5368762717" /><nd ref="5368762821" /><tag k="highway" v="residential" /><tag k="oneway" v="no" /></way><way id="297" timestamp="2026-03-31T20:21:19Z" uid="1" user="OSMnx" version="1" changeset="1"><nd ref="5368762717" /><nd ref="5368762822" /><tag k="highway" v="residential" /><tag k="oneway" v="no" /></way><way id="298" timestamp="2026-03-31T20:21:19Z" uid="1" user="OSMnx" version="1" changeset="1"><nd ref="5368762717" /><nd ref="5368762835" /><tag k="highway" v="residential" /><tag k="oneway" v="yes" /></way><way id="299" timestamp="2026-03-31T20:21:19Z" uid="1" user="OSMnx" version="1" changeset="1"><nd ref="5368762717" /><nd ref="5368884516" /><tag k="highway" v="footway" /><tag k="oneway" v="no" /></way><way id="300" timestamp="2026-03-31T20:21:19Z" uid="1" user="OSMnx" version="1" changeset="1"><nd ref="5368762718" /><nd ref="5369137914" /><tag k="highway" v="residential" /><tag k="oneway" v="no" /></way><way id="301" timestamp="2026-03-31T20:21:19Z" uid="1" user="OSMnx" version="1" changeset="1"><nd ref="5368762718" /><nd ref="5368762910" /><tag k="highway" v="tertiary" /><tag k="oneway" v="yes" /></way><way id="302" timestamp="2026-03-31T20:21:19Z" uid="1" user="OSMnx" version="1" changeset="1"><nd ref="5368762719" /><nd ref="5369137914" /><tag k="highway" v="residential" /><tag k="oneway" v="no" /></way><way id="303" timestamp="2026-03-31T20:21:19Z" uid="1" user="OSMnx" version="1" changeset="1"><nd ref="5368762719" /><nd ref="5368759641" /><tag k="highway" v="residential" /><tag k="oneway" v="no" /></way><way id="304" timestamp="2026-03-31T20:21:19Z" uid="1" user="OSMnx" version="1" changeset="1"><nd ref="5368762720" /><nd ref="5368759641" /><tag k="highway" v="residential" /><tag k="oneway" v="no" /></way><way id="305" timestamp="2026-03-31T20:21:19Z" uid="1" user="OSMnx" version="1" changeset="1"><nd ref="5368762720" /><nd ref="5368762821" /><tag k="highway" v="residential" /><tag k="oneway" v="no" /></way><way id="306" timestamp="2026-03-31T20:21:19Z" uid="1" user="OSMnx" version="1" changeset="1"><nd ref="5368762821" /><nd ref="5368762720" /><tag k="highway" v="residential" /><tag k="oneway" v="no" /></way><way id="307" timestamp="2026-03-31T20:21:19Z" uid="1" user="OSMnx" version="1" changeset="1"><nd ref="5368762821" /><nd ref="5368762717" /><tag k="highway" v="residential" /><tag k="oneway" v="no" /></way><way id="308" timestamp="2026-03-31T20:21:19Z" uid="1" user="OSMnx" version="1" changeset="1"><nd ref="5368762822" /><nd ref="5368762717" /><tag k="highway" v="residential" /><tag k="oneway" v="no" /></way><way id="309" timestamp="2026-03-31T20:21:19Z" uid="1" user="OSMnx" version="1" changeset="1"><nd ref="5368762822" /><nd ref="5368762823" /><tag k="highway" v="residential" /><tag k="oneway" v="no" /></way><way id="310" timestamp="2026-03-31T20:21:19Z" uid="1" user="OSMnx" version="1" changeset="1"><nd ref="5368762823" /><nd ref="5368762822" /><tag k="highway" v="residential" /><tag k="oneway" v="no" /></way><way id="311" timestamp="2026-03-31T20:21:19Z" uid="1" user="OSMnx" version="1" changeset="1"><nd ref="5368762823" /><nd ref="5368762824" /><tag k="highway" v="residential" /><tag k="oneway" v="no" /></way><way id="312" timestamp="2026-03-31T20:21:19Z" uid="1" user="OSMnx" version="1" changeset="1"><nd ref="5368762824" /><nd ref="5368884315" /><tag k="highway" v="primary" /><tag k="oneway" v="yes" /></way><way id="313" timestamp="2026-03-31T20:21:19Z" uid="1" user="OSMnx" version="1" changeset="1"><nd ref="5368762824" /><nd ref="5368762823" /><tag k="highway" v="residential" /><tag k="oneway" v="no" /></way><way id="314" timestamp="2026-03-31T20:21:19Z" uid="1" user="OSMnx" version="1" changeset="1"><nd ref="5368762825" /><nd ref="5368762831" /><tag k="highway" v="residential" /><tag k="oneway" v="no" /></way><way id="315" timestamp="2026-03-31T20:21:19Z" uid="1" user="OSMnx" version="1" changeset="1"><nd ref="5368762825" /><nd ref="5368762826" /><tag k="highway" v="residential" /><tag k="oneway" v="no" /></way><way id="316" timestamp="2026-03-31T20:21:19Z" uid="1" user="OSMnx" version="1" changeset="1"><nd ref="5368762825" /><nd ref="5368762853" /><tag k="highway" v="tertiary" /><tag k="oneway" v="yes" /></way><way id="317" timestamp="2026-03-31T20:21:19Z" uid="1" user="OSMnx" version="1" changeset="1"><nd ref="5368762826" /><nd ref="5368762825" /><tag k="highway" v="residential" /><tag k="oneway" v="no" /></way><way id="318" timestamp="2026-03-31T20:21:19Z" uid="1" user="OSMnx" version="1" changeset="1"><nd ref="5368762826" /><nd ref="5368762827" /><tag k="highway" v="residential" /><tag k="oneway" v="no" /></way><way id="319" timestamp="2026-03-31T20:21:19Z" uid="1" user="OSMnx" version="1" changeset="1"><nd ref="5368762826" /><nd ref="5368759634" /><tag k="highway" v="tertiary" /><tag k="oneway" v="yes" /></way><way id="320" timestamp="2026-03-31T20:21:19Z" uid="1" user="OSMnx" version="1" changeset="1"><nd ref="5368762827" /><nd ref="5368762826" /><tag k="highway" v="residential" /><tag k="oneway" v="no" /></way><way id="321" timestamp="2026-03-31T20:21:19Z" uid="1" user="OSMnx" version="1" changeset="1"><nd ref="5368762827" /><nd ref="5368762828" /><tag k="highway" v="residential" /><tag k="oneway" v="no" /></way><way id="322" timestamp="2026-03-31T20:21:19Z" uid="1" user="OSMnx" version="1" changeset="1"><nd ref="5368762827" /><nd ref="5369351843" /><tag k="highway" v="residential" /><tag k="oneway" v="yes" /></way><way id="323" timestamp="2026-03-31T20:21:19Z" uid="1" user="OSMnx" version="1" changeset="1"><nd ref="5368762828" /><nd ref="5368762827" /><tag k="highway" v="residential" /><tag k="oneway" v="no" /></way><way id="324" timestamp="2026-03-31T20:21:19Z" uid="1" user="OSMnx" version="1" changeset="1"><nd ref="5368762828" /><nd ref="5369351859" /><tag k="highway" v="residential" /><tag k="oneway" v="no" /></way><way id="325" timestamp="2026-03-31T20:21:19Z" uid="1" user="OSMnx" version="1" changeset="1"><nd ref="5368762828" /><nd ref="5368759636" /><tag k="highway" v="residential" /><tag k="oneway" v="yes" /></way><way id="326" timestamp="2026-03-31T20:21:19Z" uid="1" user="OSMnx" version="1" changeset="1"><nd ref="5368762829" /><nd ref="5368883390" /><tag k="highway" v="residential" /><tag k="oneway" v="no" /></way><way id="327" timestamp="2026-03-31T20:21:19Z" uid="1" user="OSMnx" version="1" changeset="1"><nd ref="5368762829" /><nd ref="5368762832" /><tag k="highway" v="residential" /><tag k="oneway" v="no" /></way><way id="328" timestamp="2026-03-31T20:21:19Z" uid="1" user="OSMnx" version="1" changeset="1"><nd ref="5368762829" /><nd ref="5368883404" /><tag k="highway" v="secondary" /><tag k="lanes" v="3" /><tag k="name" v="迎宾大道" /><tag k="oneway" v="yes" /></way><way id="329" timestamp="2026-03-31T20:21:19Z" uid="1" user="OSMnx" version="1" changeset="1"><nd ref="5368762830" /><nd ref="5369352249" /><tag k="highway" v="unclassified" /><tag k="oneway" v="no" /></way><way id="330" timestamp="2026-03-31T20:21:19Z" uid="1" user="OSMnx" version="1" changeset="1"><nd ref="5368762830" /><nd ref="5368819833" /><tag k="highway" v="unclassified" /><tag k="oneway" v="no" /></way><way id="331" timestamp="2026-03-31T20:21:19Z" uid="1" user="OSMnx" version="1" changeset="1"><nd ref="5368762831" /><nd ref="5368819833" /><tag k="highway" v="residential" /><tag k="oneway" v="no" /></way><way id="332" timestamp="2026-03-31T20:21:19Z" uid="1" user="OSMnx" version="1" changeset="1"><nd ref="5368762831" /><nd ref="5368762825" /><tag k="highway" v="residential" /><tag k="oneway" v="no" /></way><way id="333" timestamp="2026-03-31T20:21:19Z" uid="1" user="OSMnx" version="1" changeset="1"><nd ref="5368762832" /><nd ref="5368762829" /><tag k="highway" v="residential" /><tag k="oneway" v="no" /></way><way id="334" timestamp="2026-03-31T20:21:19Z" uid="1" user="OSMnx" version="1" changeset="1"><nd ref="5368762832" /><nd ref="5368762834" /><tag k="highway" v="residential" /><tag k="oneway" v="yes" /></way><way id="335" timestamp="2026-03-31T20:21:19Z" uid="1" user="OSMnx" version="1" changeset="1"><nd ref="5368762832" /><nd ref="5369137896" /><tag k="highway" v="secondary" /><tag k="lanes" v="3" /><tag k="name" v="迎宾大道" /><tag k="oneway" v="yes" /></way><way id="336" timestamp="2026-03-31T20:21:19Z" uid="1" user="OSMnx" version="1" changeset="1"><nd ref="5368762833" /><nd ref="5368762832" /><tag k="highway" v="residential" /><tag k="oneway" v="yes" /></way><way id="337" timestamp="2026-03-31T20:21:19Z" uid="1" user="OSMnx" version="1" changeset="1"><nd ref="5368762834" /><nd ref="5368759653" /><tag k="highway" v="residential" /><tag k="oneway" v="yes" /></way><way id="338" timestamp="2026-03-31T20:21:19Z" uid="1" user="OSMnx" version="1" changeset="1"><nd ref="5368762835" /><nd ref="5369137895" /><tag k="highway" v="residential" /><tag k="oneway" v="yes" /></way><way id="339" timestamp="2026-03-31T20:21:19Z" uid="1" user="OSMnx" version="1" changeset="1"><nd ref="5368762836" /><nd ref="5368762717" /><tag k="highway" v="residential" /><tag k="oneway" v="yes" /></way><way id="340" timestamp="2026-03-31T20:21:19Z" uid="1" user="OSMnx" version="1" changeset="1"><nd ref="5368762849" /><nd ref="5368762851" /><tag k="highway" v="tertiary" /><tag k="oneway" v="yes" /></way><way id="341" timestamp="2026-03-31T20:21:19Z" uid="1" user="OSMnx" version="1" changeset="1"><nd ref="5368762849" /><nd ref="5368762907" /><tag k="highway" v="tertiary" /><tag k="oneway" v="yes" /></way><way id="342" timestamp="2026-03-31T20:21:19Z" uid="1" user="OSMnx" version="1" changeset="1"><nd ref="5368762850" /><nd ref="5368762863" /><tag k="highway" v="tertiary" /><tag k="oneway" v="yes" /></way><way id="343" timestamp="2026-03-31T20:21:19Z" uid="1" user="OSMnx" version="1" changeset="1"><nd ref="5368762850" /><nd ref="5368762849" /><tag k="highway" v="tertiary" /><tag k="oneway" v="yes" /></way><way id="344" timestamp="2026-03-31T20:21:19Z" uid="1" user="OSMnx" version="1" changeset="1"><nd ref="5368762851" /><nd ref="5368759633" /><tag k="highway" v="tertiary" /><tag k="oneway" v="yes" /></way><way id="345" timestamp="2026-03-31T20:21:19Z" uid="1" user="OSMnx" version="1" changeset="1"><nd ref="5368762851" /><nd ref="5368762852" /><tag k="highway" v="tertiary" /><tag k="oneway" v="yes" /></way><way id="346" timestamp="2026-03-31T20:21:19Z" uid="1" user="OSMnx" version="1" changeset="1"><nd ref="5368762852" /><nd ref="5368762850" /><tag k="highway" v="tertiary" /><tag k="oneway" v="yes" /></way><way id="347" timestamp="2026-03-31T20:21:19Z" uid="1" user="OSMnx" version="1" changeset="1"><nd ref="5368762852" /><nd ref="5368762897" /><tag k="highway" v="tertiary" /><tag k="oneway" v="yes" /></way><way id="348" timestamp="2026-03-31T20:21:19Z" uid="1" user="OSMnx" version="1" changeset="1"><nd ref="5368762853" /><nd ref="4260123132" /><tag k="highway" v="primary" /><tag k="oneway" v="yes" /></way><way id="349" timestamp="2026-03-31T20:21:19Z" uid="1" user="OSMnx" version="1" changeset="1"><nd ref="5368762853" /><nd ref="5368762854" /><tag k="highway" v="tertiary" /><tag k="oneway" v="yes" /></way><way id="350" timestamp="2026-03-31T20:21:19Z" uid="1" user="OSMnx" version="1" changeset="1"><nd ref="5368762854" /><nd ref="5368762856" /><tag k="highway" v="primary" /><tag k="oneway" v="yes" /></way><way id="351" timestamp="2026-03-31T20:21:19Z" uid="1" user="OSMnx" version="1" changeset="1"><nd ref="5368762854" /><nd ref="5368762862" /><tag k="highway" v="tertiary" /><tag k="oneway" v="yes" /></way><way id="352" timestamp="2026-03-31T20:21:19Z" uid="1" user="OSMnx" version="1" changeset="1"><nd ref="5368762855" /><nd ref="5368762853" /><tag k="highway" v="primary" /><tag k="oneway" v="yes" /></way><way id="353" timestamp="2026-03-31T20:21:19Z" uid="1" user="OSMnx" version="1" changeset="1"><nd ref="5368762855" /><nd ref="5368762826" /><tag k="highway" v="tertiary" /><tag k="oneway" v="yes" /></way><way id="354" timestamp="2026-03-31T20:21:19Z" uid="1" user="OSMnx" version="1" changeset="1"><nd ref="5368762856" /><nd ref="5368762901" /><tag k="highway" v="primary" /><tag k="oneway" v="yes" /></way><way id="355" timestamp="2026-03-31T20:21:19Z" uid="1" user="OSMnx" version="1" changeset="1"><nd ref="5368762856" /><nd ref="5368762855" /><tag k="highway" v="tertiary" /><tag k="oneway" v="yes" /></way><way id="356" timestamp="2026-03-31T20:21:19Z" uid="1" user="OSMnx" version="1" changeset="1"><nd ref="5368762857" /><nd ref="9981087864" /><tag k="highway" v="tertiary" /><tag k="oneway" v="yes" /></way><way id="357" timestamp="2026-03-31T20:21:19Z" uid="1" user="OSMnx" version="1" changeset="1"><nd ref="5368762857" /><nd ref="5368762858" /><tag k="highway" v="residential" /><tag k="oneway" v="no" /></way><way id="358" timestamp="2026-03-31T20:21:19Z" uid="1" user="OSMnx" version="1" changeset="1"><nd ref="5368762858" /><nd ref="5368762864" /><tag k="highway" v="tertiary" /><tag k="oneway" v="yes" /></way><way id="359" timestamp="2026-03-31T20:21:19Z" uid="1" user="OSMnx" version="1" changeset="1"><nd ref="5368762858" /><nd ref="5368762857" /><tag k="highway" v="residential" /><tag k="oneway" v="no" /></way><way id="360" timestamp="2026-03-31T20:21:19Z" uid="1" user="OSMnx" version="1" changeset="1"><nd ref="5368762858" /><nd ref="5368759655" /><tag k="highway" v="residential" /><tag k="oneway" v="no" /></way><way id="361" timestamp="2026-03-31T20:21:19Z" uid="1" user="OSMnx" version="1" changeset="1"><nd ref="5368762859" /><nd ref="10124236090" /><tag k="highway" v="tertiary" /><tag k="oneway" v="yes" /></way><way id="362" timestamp="2026-03-31T20:21:19Z" uid="1" user="OSMnx" version="1" changeset="1"><nd ref="5368762860" /><nd ref="5369241427" /><tag k="highway" v="tertiary" /><tag k="oneway" v="yes" /></way><way id="363" timestamp="2026-03-31T20:21:19Z" uid="1" user="OSMnx" version="1" changeset="1"><nd ref="5368762861" /><nd ref="5368762849" /><tag k="highway" v="tertiary" /><tag k="oneway" v="yes" /></way><way id="364" timestamp="2026-03-31T20:21:19Z" uid="1" user="OSMnx" version="1" changeset="1"><nd ref="5368762862" /><nd ref="5368762857" /><tag k="highway" v="tertiary" /><tag k="oneway" v="yes" /></way><way id="365" timestamp="2026-03-31T20:21:19Z" uid="1" user="OSMnx" version="1" changeset="1"><nd ref="5368762863" /><nd ref="5369137951" /><tag k="highway" v="tertiary" /><tag k="oneway" v="yes" /></way><way id="366" timestamp="2026-03-31T20:21:19Z" uid="1" user="OSMnx" version="1" changeset="1"><nd ref="5368762864" /><nd ref="5368759658" /><tag k="highway" v="tertiary" /><tag k="oneway" v="yes" /></way><way id="367" timestamp="2026-03-31T20:21:19Z" uid="1" user="OSMnx" version="1" changeset="1"><nd ref="5368762865" /><nd ref="5368883370" /><tag k="highway" v="residential" /><tag k="oneway" v="no" /></way><way id="368" timestamp="2026-03-31T20:21:19Z" uid="1" user="OSMnx" version="1" changeset="1"><nd ref="5368762866" /><nd ref="5368759657" /><tag k="highway" v="residential" /><tag k="oneway" v="no" /></way><way id="369" timestamp="2026-03-31T20:21:19Z" uid="1" user="OSMnx" version="1" changeset="1"><nd ref="5368762866" /><nd ref="5368762867" /><tag k="highway" v="residential" /><tag k="oneway" v="no" /></way><way id="370" timestamp="2026-03-31T20:21:19Z" uid="1" user="OSMnx" version="1" changeset="1"><nd ref="5368762866" /><nd ref="5368762877" /><tag k="highway" v="secondary" /><tag k="lanes" v="3" /><tag k="name" v="迎宾大道" /><tag k="oneway" v="yes" /></way><way id="371" timestamp="2026-03-31T20:21:19Z" uid="1" user="OSMnx" version="1" changeset="1"><nd ref="5368762867" /><nd ref="5368762866" /><tag k="highway" v="residential" /><tag k="oneway" v="no" /></way><way id="372" timestamp="2026-03-31T20:21:19Z" uid="1" user="OSMnx" version="1" changeset="1"><nd ref="5368762867" /><nd ref="5368883370" /><tag k="highway" v="residential" /><tag k="oneway" v="no" /></way><way id="373" timestamp="2026-03-31T20:21:19Z" uid="1" user="OSMnx" version="1" changeset="1"><nd ref="5368762867" /><nd ref="5368762875" /><tag k="highway" v="secondary" /><tag k="lanes" v="3" /><tag k="name" v="迎宾大道" /><tag k="oneway" v="yes" /></way><way id="374" timestamp="2026-03-31T20:21:19Z" uid="1" user="OSMnx" version="1" changeset="1"><nd ref="5368762868" /><nd ref="11062579259" /><tag k="highway" v="secondary" /><tag k="lanes" v="3" /><tag k="name" v="迎宾大道" /><tag k="oneway" v="yes" /></way><way id="375" timestamp="2026-03-31T20:21:19Z" uid="1" user="OSMnx" version="1" changeset="1"><nd ref="5368762868" /><nd ref="5368762869" /><tag k="highway" v="tertiary" /><tag k="oneway" v="yes" /></way><way id="376" timestamp="2026-03-31T20:21:19Z" uid="1" user="OSMnx" version="1" changeset="1"><nd ref="5368762869" /><nd ref="5368762870" /><tag k="highway" v="secondary" /><tag k="lanes" v="3" /><tag k="name" v="迎宾大道" /><tag k="oneway" v="yes" /></way><way id="377" timestamp="2026-03-31T20:21:19Z" uid="1" user="OSMnx" version="1" changeset="1"><nd ref="5368762869" /><nd ref="5368762896" /><tag k="highway" v="tertiary" /><tag k="oneway" v="yes" /></way><way id="378" timestamp="2026-03-31T20:21:19Z" uid="1" user="OSMnx" version="1" changeset="1"><nd ref="5368762870" /><nd ref="5369137910" /><tag k="highway" v="secondary" /><tag k="lanes" v="3" /><tag k="name" v="迎宾大道" /><tag k="oneway" v="yes" /></way><way id="379" timestamp="2026-03-31T20:21:19Z" uid="1" user="OSMnx" version="1" changeset="1"><nd ref="5368762870" /><nd ref="5368762871" /><tag k="highway" v="tertiary" /><tag k="oneway" v="yes" /></way><way id="380" timestamp="2026-03-31T20:21:19Z" uid="1" user="OSMnx" version="1" changeset="1"><nd ref="5368762871" /><nd ref="5368762868" /><tag k="highway" v="secondary" /><tag k="lanes" v="3" /><tag k="name" v="迎宾大道" /><tag k="oneway" v="yes" /></way><way id="381" timestamp="2026-03-31T20:21:19Z" uid="1" user="OSMnx" version="1" changeset="1"><nd ref="5368762871" /><nd ref="5368762718" /><tag k="highway" v="tertiary" /><tag k="oneway" v="yes" /></way><way id="382" timestamp="2026-03-31T20:21:19Z" uid="1" user="OSMnx" version="1" changeset="1"><nd ref="5368762872" /><nd ref="5368762900" /><tag k="highway" v="primary" /><tag k="oneway" v="yes" /></way><way id="383" timestamp="2026-03-31T20:21:19Z" uid="1" user="OSMnx" version="1" changeset="1"><nd ref="5368762872" /><nd ref="5368762874" /><tag k="highway" v="secondary" /><tag k="lanes" v="3" /><tag k="name" v="迎宾大道" /><tag k="oneway" v="yes" /></way><way id="384" timestamp="2026-03-31T20:21:19Z" uid="1" user="OSMnx" version="1" changeset="1"><nd ref="5368762873" /><nd ref="5368762872" /><tag k="highway" v="primary" /><tag k="oneway" v="yes" /></way><way id="385" timestamp="2026-03-31T20:21:19Z" uid="1" user="OSMnx" version="1" changeset="1"><nd ref="5368762873" /><nd ref="5368759642" /><tag k="highway" v="secondary" /><tag k="lanes" v="3" /><tag k="name" v="迎宾大道" /><tag k="oneway" v="yes" /></way><way id="386" timestamp="2026-03-31T20:21:19Z" uid="1" user="OSMnx" version="1" changeset="1"><nd ref="5368762874" /><nd ref="5368762875" /><tag k="highway" v="primary" /><tag k="oneway" v="yes" /></way><way id="387" timestamp="2026-03-31T20:21:19Z" uid="1" user="OSMnx" version="1" changeset="1"><nd ref="5368762874" /><nd ref="5368759659" /><tag k="highway" v="secondary" /><tag k="lanes" v="3" /><tag k="name" v="迎宾大道" /><tag k="oneway" v="yes" /></way><way id="388" timestamp="2026-03-31T20:21:19Z" uid="1" user="OSMnx" version="1" changeset="1"><nd ref="5368762875" /><nd ref="5368883374" /><tag k="highway" v="primary" /><tag k="oneway" v="yes" /></way><way id="389" timestamp="2026-03-31T20:21:19Z" uid="1" user="OSMnx" version="1" changeset="1"><nd ref="5368762875" /><nd ref="5368762873" /><tag k="highway" v="secondary" /><tag k="lanes" v="3" /><tag k="name" v="迎宾大道" /><tag k="oneway" v="yes" /></way><way id="390" timestamp="2026-03-31T20:21:19Z" uid="1" user="OSMnx" version="1" changeset="1"><nd ref="5368762876" /><nd ref="11062579258" /><tag k="highway" v="secondary" /><tag k="lanes" v="3" /><tag k="name" v="迎宾大道" /><tag k="oneway" v="yes" /></way><way id="391" timestamp="2026-03-31T20:21:19Z" uid="1" user="OSMnx" version="1" changeset="1"><nd ref="5368762877" /><nd ref="11062579262" /><tag k="highway" v="secondary" /><tag k="lanes" v="3" /><tag k="name" v="迎宾大道" /><tag k="oneway" v="yes" /></way><way id="392" timestamp="2026-03-31T20:21:19Z" uid="1" user="OSMnx" version="1" changeset="1"><nd ref="5368762878" /><nd ref="5369137947" /><tag k="highway" v="secondary" /><tag k="lanes" v="3" /><tag k="name" v="迎宾大道" /><tag k="oneway" v="yes" /></way><way id="393" timestamp="2026-03-31T20:21:19Z" uid="1" user="OSMnx" version="1" changeset="1"><nd ref="5368762879" /><nd ref="5368762867" /><tag k="highway" v="secondary" /><tag k="lanes" v="3" /><tag k="name" v="迎宾大道" /><tag k="oneway" v="yes" /></way><way id="394" timestamp="2026-03-31T20:21:19Z" uid="1" user="OSMnx" version="1" changeset="1"><nd ref="5368762880" /><nd ref="5369138081" /><tag k="highway" v="residential" /><tag k="oneway" v="no" /></way><way id="395" timestamp="2026-03-31T20:21:19Z" uid="1" user="OSMnx" version="1" changeset="1"><nd ref="5368762880" /><nd ref="5368762881" /><tag k="highway" v="residential" /><tag k="oneway" v="no" /></way><way id="396" timestamp="2026-03-31T20:21:19Z" uid="1" user="OSMnx" version="1" changeset="1"><nd ref="5368762880" /><nd ref="5368762888" /><tag k="highway" v="unclassified" /><tag k="oneway" v="no" /></way><way id="397" timestamp="2026-03-31T20:21:19Z" uid="1" user="OSMnx" version="1" changeset="1"><nd ref="5368762880" /><nd ref="5368762889" /><tag k="highway" v="unclassified" /><tag k="oneway" v="no" /></way><way id="398" timestamp="2026-03-31T20:21:19Z" uid="1" user="OSMnx" version="1" changeset="1"><nd ref="5368762881" /><nd ref="5368762880" /><tag k="highway" v="residential" /><tag k="oneway" v="no" /></way><way id="399" timestamp="2026-03-31T20:21:19Z" uid="1" user="OSMnx" version="1" changeset="1"><nd ref="5368762881" /><nd ref="5368762882" /><tag k="highway" v="residential" /><tag k="oneway" v="no" /></way><way id="400" timestamp="2026-03-31T20:21:19Z" uid="1" user="OSMnx" version="1" changeset="1"><nd ref="5368762881" /><nd ref="5368762883" /><tag k="highway" v="residential" /><tag k="oneway" v="no" /></way><way id="401" timestamp="2026-03-31T20:21:19Z" uid="1" user="OSMnx" version="1" changeset="1"><nd ref="5368762881" /><nd ref="5369138095" /><tag k="highway" v="residential" /><tag k="oneway" v="no" /></way><way id="402" timestamp="2026-03-31T20:21:19Z" uid="1" user="OSMnx" version="1" changeset="1"><nd ref="5368762882" /><nd ref="5368762881" /><tag k="highway" v="residential" /><tag k="oneway" v="no" /></way><way id="403" timestamp="2026-03-31T20:21:19Z" uid="1" user="OSMnx" version="1" changeset="1"><nd ref="5368762882" /><nd ref="5369138096" /><tag k="highway" v="secondary" /><tag k="oneway" v="yes" /></way><way id="404" timestamp="2026-03-31T20:21:19Z" uid="1" user="OSMnx" version="1" changeset="1"><nd ref="5368762883" /><nd ref="5368762887" /><tag k="highway" v="tertiary" /><tag k="oneway" v="no" /></way><way id="405" timestamp="2026-03-31T20:21:19Z" uid="1" user="OSMnx" version="1" changeset="1"><nd ref="5368762883" /><nd ref="5368763023" /><tag k="highway" v="tertiary" /><tag k="oneway" v="no" /></way><way id="406" timestamp="2026-03-31T20:21:19Z" uid="1" user="OSMnx" version="1" changeset="1"><nd ref="5368762883" /><nd ref="5368762881" /><tag k="highway" v="residential" /><tag k="oneway" v="no" /></way><way id="407" timestamp="2026-03-31T20:21:19Z" uid="1" user="OSMnx" version="1" changeset="1"><nd ref="5368762884" /><nd ref="5369138092" /><tag k="highway" v="residential" /><tag k="oneway" v="no" /></way><way id="408" timestamp="2026-03-31T20:21:19Z" uid="1" user="OSMnx" version="1" changeset="1"><nd ref="5368762884" /><nd ref="5368762885" /><tag k="highway" v="residential" /><tag k="oneway" v="no" /></way><way id="409" timestamp="2026-03-31T20:21:19Z" uid="1" user="OSMnx" version="1" changeset="1"><nd ref="5368762884" /><nd ref="5368762893" /><tag k="highway" v="tertiary" /><tag k="oneway" v="no" /></way><way id="410" timestamp="2026-03-31T20:21:19Z" uid="1" user="OSMnx" version="1" changeset="1"><nd ref="5368762884" /><nd ref="5368763030" /><tag k="highway" v="tertiary" /><tag k="oneway" v="no" /></way><way id="411" timestamp="2026-03-31T20:21:19Z" uid="1" user="OSMnx" version="1" changeset="1"><nd ref="5368762885" /><nd ref="5368762884" /><tag k="highway" v="residential" /><tag k="oneway" v="no" /></way><way id="412" timestamp="2026-03-31T20:21:19Z" uid="1" user="OSMnx" version="1" changeset="1"><nd ref="5368762885" /><nd ref="5368884312" /><tag k="highway" v="residential" /><tag k="oneway" v="no" /></way><way id="413" timestamp="2026-03-31T20:21:19Z" uid="1" user="OSMnx" version="1" changeset="1"><nd ref="5368762885" /><nd ref="5368762894" /><tag k="highway" v="primary" /><tag k="lanes" v="3" /><tag k="oneway" v="yes" /></way><way id="414" timestamp="2026-03-31T20:21:19Z" uid="1" user="OSMnx" version="1" changeset="1"><nd ref="5368762886" /><nd ref="5368762887" /><tag k="highway" v="unclassified" /><tag k="oneway" v="no" /></way><way id="415" timestamp="2026-03-31T20:21:19Z" uid="1" user="OSMnx" version="1" changeset="1"><nd ref="5368762887" /><nd ref="5368763024" /><tag k="highway" v="tertiary" /><tag k="oneway" v="no" /></way><way id="416" timestamp="2026-03-31T20:21:19Z" uid="1" user="OSMnx" version="1" changeset="1"><nd ref="5368762887" /><nd ref="5368762883" /><tag k="highway" v="tertiary" /><tag k="oneway" v="no" /></way><way id="417" timestamp="2026-03-31T20:21:19Z" uid="1" user="OSMnx" version="1" changeset="1"><nd ref="5368762887" /><nd ref="5368762886" /><tag k="highway" v="unclassified" /><tag k="oneway" v="no" /></way><way id="418" timestamp="2026-03-31T20:21:19Z" uid="1" user="OSMnx" version="1" changeset="1"><nd ref="5368762887" /><nd ref="5368762888" /><tag k="highway" v="unclassified" /><tag k="oneway" v="no" /></way><way id="419" timestamp="2026-03-31T20:21:19Z" uid="1" user="OSMnx" version="1" changeset="1"><nd ref="5368762888" /><nd ref="5368762887" /><tag k="highway" v="unclassified" /><tag k="oneway" v="no" /></way><way id="420" timestamp="2026-03-31T20:21:19Z" uid="1" user="OSMnx" version="1" changeset="1"><nd ref="5368762888" /><nd ref="5368762880" /><tag k="highway" v="unclassified" /><tag k="oneway" v="no" /></way><way id="421" timestamp="2026-03-31T20:21:19Z" uid="1" user="OSMnx" version="1" changeset="1"><nd ref="5368762889" /><nd ref="5368762880" /><tag k="highway" v="unclassified" /><tag k="oneway" v="no" /></way><way id="422" timestamp="2026-03-31T20:21:19Z" uid="1" user="OSMnx" version="1" changeset="1"><nd ref="5368762889" /><nd ref="5368762890" /><tag k="highway" v="unclassified" /><tag k="oneway" v="no" /></way><way id="423" timestamp="2026-03-31T20:21:19Z" uid="1" user="OSMnx" version="1" changeset="1"><nd ref="5368762890" /><nd ref="5368762889" /><tag k="highway" v="unclassified" /><tag k="oneway" v="no" /></way><way id="424" timestamp="2026-03-31T20:21:19Z" uid="1" user="OSMnx" version="1" changeset="1"><nd ref="5368762890" /><nd ref="5369138094" /><tag k="highway" v="unclassified" /><tag k="oneway" v="no" /></way><way id="425" timestamp="2026-03-31T20:21:19Z" uid="1" user="OSMnx" version="1" changeset="1"><nd ref="5368762891" /><nd ref="5369138094" /><tag k="highway" v="unclassified" /><tag k="oneway" v="no" /></way><way id="426" timestamp="2026-03-31T20:21:19Z" uid="1" user="OSMnx" version="1" changeset="1"><nd ref="5368762891" /><nd ref="5369138090" /><tag k="highway" v="unclassified" /><tag k="oneway" v="no" /></way><way id="427" timestamp="2026-03-31T20:21:19Z" uid="1" user="OSMnx" version="1" changeset="1"><nd ref="5368762892" /><nd ref="5369138091" /><tag k="highway" v="unclassified" /><tag k="oneway" v="no" /></way><way id="428" timestamp="2026-03-31T20:21:19Z" uid="1" user="OSMnx" version="1" changeset="1"><nd ref="5368762892" /><nd ref="5368762893" /><tag k="highway" v="unclassified" /><tag k="oneway" v="no" /></way><way id="429" timestamp="2026-03-31T20:21:19Z" uid="1" user="OSMnx" version="1" changeset="1"><nd ref="5368762893" /><nd ref="5368762892" /><tag k="highway" v="unclassified" /><tag k="oneway" v="no" /></way><way id="430" timestamp="2026-03-31T20:21:19Z" uid="1" user="OSMnx" version="1" changeset="1"><nd ref="5368762893" /><nd ref="5368762894" /><tag k="highway" v="unclassified" /><tag k="oneway" v="no" /></way><way id="431" timestamp="2026-03-31T20:21:19Z" uid="1" user="OSMnx" version="1" changeset="1"><nd ref="5368762893" /><nd ref="5369138061" /><tag k="highway" v="tertiary" /><tag k="oneway" v="no" /></way><way id="432" timestamp="2026-03-31T20:21:19Z" uid="1" user="OSMnx" version="1" changeset="1"><nd ref="5368762893" /><nd ref="5368762884" /><tag k="highway" v="tertiary" /><tag k="oneway" v="no" /></way><way id="433" timestamp="2026-03-31T20:21:19Z" uid="1" user="OSMnx" version="1" changeset="1"><nd ref="5368762894" /><nd ref="5368762893" /><tag k="highway" v="unclassified" /><tag k="oneway" v="no" /></way><way id="434" timestamp="2026-03-31T20:21:19Z" uid="1" user="OSMnx" version="1" changeset="1"><nd ref="5368762894" /><nd ref="5368763028" /><tag k="highway" v="primary" /><tag k="lanes" v="3" /><tag k="oneway" v="yes" /></way><way id="435" timestamp="2026-03-31T20:21:19Z" uid="1" user="OSMnx" version="1" changeset="1"><nd ref="5368762895" /><nd ref="5368762897" /><tag k="highway" v="residential" /><tag k="oneway" v="yes" /></way><way id="436" timestamp="2026-03-31T20:21:19Z" uid="1" user="OSMnx" version="1" changeset="1"><nd ref="5368762895" /><nd ref="5368762850" /><tag k="highway" v="tertiary" /><tag k="oneway" v="yes" /></way><way id="437" timestamp="2026-03-31T20:21:19Z" uid="1" user="OSMnx" version="1" changeset="1"><nd ref="5368762896" /><nd ref="5368762905" /><tag k="highway" v="residential" /><tag k="oneway" v="yes" /></way><way id="438" timestamp="2026-03-31T20:21:19Z" uid="1" user="OSMnx" version="1" changeset="1"><nd ref="5368762896" /><nd ref="5368762895" /><tag k="highway" v="tertiary" /><tag k="oneway" v="yes" /></way><way id="439" timestamp="2026-03-31T20:21:19Z" uid="1" user="OSMnx" version="1" changeset="1"><nd ref="5368762897" /><nd ref="5369137912" /><tag k="highway" v="residential" /><tag k="oneway" v="yes" /></way><way id="440" timestamp="2026-03-31T20:21:19Z" uid="1" user="OSMnx" version="1" changeset="1"><nd ref="5368762897" /><nd ref="5368762898" /><tag k="highway" v="tertiary" /><tag k="oneway" v="yes" /></way><way id="441" timestamp="2026-03-31T20:21:19Z" uid="1" user="OSMnx" version="1" changeset="1"><nd ref="5368762898" /><nd ref="5368762896" /><tag k="highway" v="residential" /><tag k="oneway" v="yes" /></way><way id="442" timestamp="2026-03-31T20:21:19Z" uid="1" user="OSMnx" version="1" changeset="1"><nd ref="5368762898" /><nd ref="5368762870" /><tag k="highway" v="tertiary" /><tag k="oneway" v="yes" /></way><way id="443" timestamp="2026-03-31T20:21:19Z" uid="1" user="OSMnx" version="1" changeset="1"><nd ref="5368762899" /><nd ref="5369351833" /><tag k="highway" v="primary" /><tag k="oneway" v="yes" /></way><way id="444" timestamp="2026-03-31T20:21:19Z" uid="1" user="OSMnx" version="1" changeset="1"><nd ref="5368762899" /><nd ref="5368762901" /><tag k="highway" v="residential" /><tag k="oneway" v="yes" /></way><way id="445" timestamp="2026-03-31T20:21:19Z" uid="1" user="OSMnx" version="1" changeset="1"><nd ref="5368762900" /><nd ref="5368762899" /><tag k="highway" v="primary" /><tag k="oneway" v="yes" /></way><way id="446" timestamp="2026-03-31T20:21:19Z" uid="1" user="OSMnx" version="1" changeset="1"><nd ref="5368762900" /><nd ref="5368762906" /><tag k="highway" v="residential" /><tag k="oneway" v="yes" /></way><way id="447" timestamp="2026-03-31T20:21:19Z" uid="1" user="OSMnx" version="1" changeset="1"><nd ref="5368762901" /><nd ref="5368762902" /><tag k="highway" v="primary" /><tag k="oneway" v="yes" /></way><way id="448" timestamp="2026-03-31T20:21:19Z" uid="1" user="OSMnx" version="1" changeset="1"><nd ref="5368762902" /><nd ref="5368762874" /><tag k="highway" v="primary" /><tag k="oneway" v="yes" /></way><way id="449" timestamp="2026-03-31T20:21:19Z" uid="1" user="OSMnx" version="1" changeset="1"><nd ref="5368762902" /><nd ref="5368762900" /><tag k="highway" v="residential" /><tag k="oneway" v="yes" /></way><way id="450" timestamp="2026-03-31T20:21:19Z" uid="1" user="OSMnx" version="1" changeset="1"><nd ref="5368762903" /><nd ref="5368762895" /><tag k="highway" v="residential" /><tag k="oneway" v="yes" /></way><way id="451" timestamp="2026-03-31T20:21:19Z" uid="1" user="OSMnx" version="1" changeset="1"><nd ref="5368762904" /><nd ref="5368762899" /><tag k="highway" v="residential" /><tag k="oneway" v="yes" /></way><way id="452" timestamp="2026-03-31T20:21:19Z" uid="1" user="OSMnx" version="1" changeset="1"><nd ref="5368762905" /><nd ref="5369137949" /><tag k="highway" v="residential" /><tag k="oneway" v="yes" /></way><way id="453" timestamp="2026-03-31T20:21:19Z" uid="1" user="OSMnx" version="1" changeset="1"><nd ref="5368762906" /><nd ref="5368883401" /><tag k="highway" v="residential" /><tag k="oneway" v="yes" /></way><way id="454" timestamp="2026-03-31T20:21:19Z" uid="1" user="OSMnx" version="1" changeset="1"><nd ref="5368762907" /><nd ref="5368819826" /><tag k="highway" v="tertiary" /><tag k="oneway" v="yes" /></way><way id="455" timestamp="2026-03-31T20:21:19Z" uid="1" user="OSMnx" version="1" changeset="1"><nd ref="5368762908" /><nd ref="5369137946" /><tag k="highway" v="tertiary" /><tag k="oneway" v="yes" /></way><way id="456" timestamp="2026-03-31T20:21:19Z" uid="1" user="OSMnx" version="1" changeset="1"><nd ref="5368762909" /><nd ref="5368762851" /><tag k="highway" v="tertiary" /><tag k="oneway" v="yes" /></way><way id="457" timestamp="2026-03-31T20:21:19Z" uid="1" user="OSMnx" version="1" changeset="1"><nd ref="5368762910" /><nd ref="5368762911" /><tag k="highway" v="tertiary" /><tag k="oneway" v="yes" /></way><way id="458" timestamp="2026-03-31T20:21:19Z" uid="1" user="OSMnx" version="1" changeset="1"><nd ref="5368762911" /><nd ref="5368762908" /><tag k="highway" v="tertiary" /><tag k="oneway" v="yes" /></way><way id="459" timestamp="2026-03-31T20:21:19Z" uid="1" user="OSMnx" version="1" changeset="1"><nd ref="5368762911" /><nd ref="5368762912" /><tag k="highway" v="tertiary" /><tag k="oneway" v="no" /></way><way id="460" timestamp="2026-03-31T20:21:19Z" uid="1" user="OSMnx" version="1" changeset="1"><nd ref="5368762912" /><nd ref="5368763024" /><tag k="highway" v="tertiary" /><tag k="oneway" v="no" /></way><way id="461" timestamp="2026-03-31T20:21:19Z" uid="1" user="OSMnx" version="1" changeset="1"><nd ref="5368762912" /><nd ref="5368762911" /><tag k="highway" v="tertiary" /><tag k="oneway" v="no" /></way><way id="462" timestamp="2026-03-31T20:21:19Z" uid="1" user="OSMnx" version="1" changeset="1"><nd ref="5368763021" /><nd ref="5368763022" /><tag k="highway" v="tertiary" /><tag k="oneway" v="no" /></way><way id="463" timestamp="2026-03-31T20:21:19Z" uid="1" user="OSMnx" version="1" changeset="1"><nd ref="5368763021" /><nd ref="5368763090" /><tag k="highway" v="tertiary" /><tag k="oneway" v="no" /></way><way id="464" timestamp="2026-03-31T20:21:19Z" uid="1" user="OSMnx" version="1" changeset="1"><nd ref="5368763021" /><nd ref="2574617705" /><tag k="highway" v="secondary" /><tag k="oneway" v="yes" /></way><way id="465" timestamp="2026-03-31T20:21:19Z" uid="1" user="OSMnx" version="1" changeset="1"><nd ref="5368763022" /><nd ref="5368763023" /><tag k="highway" v="tertiary" /><tag k="oneway" v="no" /></way><way id="466" timestamp="2026-03-31T20:21:19Z" uid="1" user="OSMnx" version="1" changeset="1"><nd ref="5368763022" /><nd ref="5368763021" /><tag k="highway" v="tertiary" /><tag k="oneway" v="no" /></way><way id="467" timestamp="2026-03-31T20:21:19Z" uid="1" user="OSMnx" version="1" changeset="1"><nd ref="5368763022" /><nd ref="5368762882" /><tag k="highway" v="secondary" /><tag k="oneway" v="yes" /></way><way id="468" timestamp="2026-03-31T20:21:19Z" uid="1" user="OSMnx" version="1" changeset="1"><nd ref="5368763023" /><nd ref="5368762883" /><tag k="highway" v="tertiary" /><tag k="oneway" v="no" /></way><way id="469" timestamp="2026-03-31T20:21:19Z" uid="1" user="OSMnx" version="1" changeset="1"><nd ref="5368763023" /><nd ref="5368763022" /><tag k="highway" v="tertiary" /><tag k="oneway" v="no" /></way><way id="470" timestamp="2026-03-31T20:21:19Z" uid="1" user="OSMnx" version="1" changeset="1"><nd ref="5368763024" /><nd ref="5368761404" /><tag k="highway" v="unclassified" /><tag k="oneway" v="no" /></way><way id="471" timestamp="2026-03-31T20:21:19Z" uid="1" user="OSMnx" version="1" changeset="1"><nd ref="5368763024" /><nd ref="5368762912" /><tag k="highway" v="tertiary" /><tag k="oneway" v="no" /></way><way id="472" timestamp="2026-03-31T20:21:19Z" uid="1" user="OSMnx" version="1" changeset="1"><nd ref="5368763024" /><nd ref="5368762887" /><tag k="highway" v="tertiary" /><tag k="oneway" v="no" /></way><way id="473" timestamp="2026-03-31T20:21:19Z" uid="1" user="OSMnx" version="1" changeset="1"><nd ref="5368763024" /><nd ref="5369138070" /><tag k="highway" v="tertiary" /><tag k="oneway" v="no" /></way><way id="474" timestamp="2026-03-31T20:21:19Z" uid="1" user="OSMnx" version="1" changeset="1"><nd ref="5368763025" /><nd ref="5369138084" /><tag k="highway" v="tertiary" /><tag k="oneway" v="no" /></way><way id="475" timestamp="2026-03-31T20:21:19Z" uid="1" user="OSMnx" version="1" changeset="1"><nd ref="5368763025" /><nd ref="5368763027" /><tag k="highway" v="tertiary" /><tag k="oneway" v="no" /></way><way id="476" timestamp="2026-03-31T20:21:19Z" uid="1" user="OSMnx" version="1" changeset="1"><nd ref="5368763025" /><nd ref="5369138059" /><tag k="highway" v="tertiary" /><tag k="oneway" v="no" /></way><way id="477" timestamp="2026-03-31T20:21:19Z" uid="1" user="OSMnx" version="1" changeset="1"><nd ref="5368763025" /><nd ref="5368884517" /><tag k="highway" v="footway" /><tag k="oneway" v="no" /></way><way id="478" timestamp="2026-03-31T20:21:19Z" uid="1" user="OSMnx" version="1" changeset="1"><nd ref="5368763026" /><nd ref="5369138070" /><tag k="highway" v="tertiary" /><tag k="oneway" v="no" /></way><way id="479" timestamp="2026-03-31T20:21:19Z" uid="1" user="OSMnx" version="1" changeset="1"><nd ref="5368763026" /><nd ref="5369138084" /><tag k="highway" v="tertiary" /><tag k="oneway" v="no" /></way><way id="480" timestamp="2026-03-31T20:21:19Z" uid="1" user="OSMnx" version="1" changeset="1"><nd ref="5368763027" /><nd ref="5368763025" /><tag k="highway" v="tertiary" /><tag k="oneway" v="no" /></way><way id="481" timestamp="2026-03-31T20:21:19Z" uid="1" user="OSMnx" version="1" changeset="1"><nd ref="5368763027" /><nd ref="5368763028" /><tag k="highway" v="tertiary" /><tag k="oneway" v="no" /></way><way id="482" timestamp="2026-03-31T20:21:19Z" uid="1" user="OSMnx" version="1" changeset="1"><nd ref="5368763028" /><nd ref="5368763027" /><tag k="highway" v="tertiary" /><tag k="oneway" v="no" /></way><way id="483" timestamp="2026-03-31T20:21:19Z" uid="1" user="OSMnx" version="1" changeset="1"><nd ref="5368763028" /><nd ref="4260122964" /><tag k="highway" v="primary" /><tag k="lanes" v="3" /><tag k="oneway" v="yes" /></way><way id="484" timestamp="2026-03-31T20:21:19Z" uid="1" user="OSMnx" version="1" changeset="1"><nd ref="5368763029" /><nd ref="5369138108" /><tag k="highway" v="tertiary" /><tag k="oneway" v="no" /></way><way id="485" timestamp="2026-03-31T20:21:19Z" uid="1" user="OSMnx" version="1" changeset="1"><nd ref="5368763029" /><nd ref="5368763032" /><tag k="highway" v="tertiary" /><tag k="oneway" v="no" /></way><way id="486" timestamp="2026-03-31T20:21:19Z" uid="1" user="OSMnx" version="1" changeset="1"><nd ref="5368763029" /><nd ref="5368763086" /><tag k="highway" v="tertiary" /><tag k="oneway" v="yes" /></way><way id="487" timestamp="2026-03-31T20:21:19Z" uid="1" user="OSMnx" version="1" changeset="1"><nd ref="5368763030" /><nd ref="5368762884" /><tag k="highway" v="tertiary" /><tag k="oneway" v="no" /></way><way id="488" timestamp="2026-03-31T20:21:19Z" uid="1" user="OSMnx" version="1" changeset="1"><nd ref="5368763030" /><nd ref="5368763031" /><tag k="highway" v="tertiary" /><tag k="oneway" v="no" /></way><way id="489" timestamp="2026-03-31T20:21:19Z" uid="1" user="OSMnx" version="1" changeset="1"><nd ref="5368763030" /><nd ref="5368763506" /><tag k="highway" v="secondary" /><tag k="oneway" v="yes" /></way><way id="490" timestamp="2026-03-31T20:21:19Z" uid="1" user="OSMnx" version="1" changeset="1"><nd ref="5368763031" /><nd ref="5368763030" /><tag k="highway" v="tertiary" /><tag k="oneway" v="no" /></way><way id="491" timestamp="2026-03-31T20:21:19Z" uid="1" user="OSMnx" version="1" changeset="1"><nd ref="5368763031" /><nd ref="5369138107" /><tag k="highway" v="tertiary" /><tag k="oneway" v="no" /></way><way id="492" timestamp="2026-03-31T20:21:19Z" uid="1" user="OSMnx" version="1" changeset="1"><nd ref="5368763031" /><nd ref="5369138117" /><tag k="highway" v="secondary" /><tag k="oneway" v="yes" /></way><way id="493" timestamp="2026-03-31T20:21:19Z" uid="1" user="OSMnx" version="1" changeset="1"><nd ref="5368763032" /><nd ref="5368763029" /><tag k="highway" v="tertiary" /><tag k="oneway" v="no" /></way><way id="494" timestamp="2026-03-31T20:21:19Z" uid="1" user="OSMnx" version="1" changeset="1"><nd ref="5368763037" /><nd ref="5369242051" /><tag k="highway" v="secondary" /><tag k="oneway" v="yes" /></way><way id="495" timestamp="2026-03-31T20:21:19Z" uid="1" user="OSMnx" version="1" changeset="1"><nd ref="5368763038" /><nd ref="4260123114" /><tag k="highway" v="secondary" /><tag k="oneway" v="yes" /></way><way id="496" timestamp="2026-03-31T20:21:19Z" uid="1" user="OSMnx" version="1" changeset="1"><nd ref="5368763042" /><nd ref="5368762712" /><tag k="highway" v="secondary" /><tag k="oneway" v="yes" /></way><way id="497" timestamp="2026-03-31T20:21:19Z" uid="1" user="OSMnx" version="1" changeset="1"><nd ref="5368763043" /><nd ref="5368763042" /><tag k="highway" v="secondary" /><tag k="oneway" v="yes" /></way><way id="498" timestamp="2026-03-31T20:21:19Z" uid="1" user="OSMnx" version="1" changeset="1"><nd ref="5368763050" /><nd ref="4260123589" /><tag k="highway" v="primary" /><tag k="oneway" v="yes" /></way><way id="499" timestamp="2026-03-31T20:21:19Z" uid="1" user="OSMnx" version="1" changeset="1"><nd ref="5368763081" /><nd ref="5368763082" /><tag k="highway" v="unclassified" /><tag k="oneway" v="no" /></way><way id="500" timestamp="2026-03-31T20:21:19Z" uid="1" user="OSMnx" version="1" changeset="1"><nd ref="5368763081" /><nd ref="5368763088" /><tag k="highway" v="unclassified" /><tag k="oneway" v="no" /></way><way id="501" timestamp="2026-03-31T20:21:19Z" uid="1" user="OSMnx" version="1" changeset="1"><nd ref="5368763082" /><nd ref="5368763081" /><tag k="highway" v="unclassified" /><tag k="oneway" v="no" /></way><way id="502" timestamp="2026-03-31T20:21:19Z" uid="1" user="OSMnx" version="1" changeset="1"><nd ref="5368763082" /><nd ref="11062578847" /><tag k="highway" v="residential" /><tag k="oneway" v="no" /></way><way id="503" timestamp="2026-03-31T20:21:19Z" uid="1" user="OSMnx" version="1" changeset="1"><nd ref="5368763086" /><nd ref="5368763087" /><tag k="highway" v="tertiary" /><tag k="oneway" v="yes" /></way><way id="504" timestamp="2026-03-31T20:21:19Z" uid="1" user="OSMnx" version="1" changeset="1"><nd ref="5368763087" /><nd ref="5368763088" /><tag k="highway" v="tertiary" /><tag k="oneway" v="yes" /></way><way id="505" timestamp="2026-03-31T20:21:19Z" uid="1" user="OSMnx" version="1" changeset="1"><nd ref="5368763088" /><nd ref="5368763081" /><tag k="highway" v="unclassified" /><tag k="oneway" v="no" /></way><way id="506" timestamp="2026-03-31T20:21:19Z" uid="1" user="OSMnx" version="1" changeset="1"><nd ref="5368763088" /><nd ref="5368763089" /><tag k="highway" v="tertiary" /><tag k="oneway" v="yes" /></way><way id="507" timestamp="2026-03-31T20:21:19Z" uid="1" user="OSMnx" version="1" changeset="1"><nd ref="5368763088" /><nd ref="5369138109" /><tag k="highway" v="secondary" /><tag k="lanes" v="2" /><tag k="oneway" v="yes" /></way><way id="508" timestamp="2026-03-31T20:21:19Z" uid="1" user="OSMnx" version="1" changeset="1"><nd ref="5368763089" /><nd ref="5369137383" /><tag k="highway" v="tertiary" /><tag k="oneway" v="yes" /></way><way id="509" timestamp="2026-03-31T20:21:19Z" uid="1" user="OSMnx" version="1" changeset="1"><nd ref="5368763090" /><nd ref="5368763021" /><tag k="highway" v="tertiary" /><tag k="oneway" v="no" /></way><way id="510" timestamp="2026-03-31T20:21:19Z" uid="1" user="OSMnx" version="1" changeset="1"><nd ref="5368763090" /><nd ref="5369243048" /><tag k="highway" v="tertiary" /><tag k="oneway" v="no" /></way><way id="511" timestamp="2026-03-31T20:21:19Z" uid="1" user="OSMnx" version="1" changeset="1"><nd ref="5368763093" /><nd ref="5368763032" /><tag k="highway" v="tertiary" /><tag k="oneway" v="yes" /></way><way id="512" timestamp="2026-03-31T20:21:19Z" uid="1" user="OSMnx" version="1" changeset="1"><nd ref="5368763108" /><nd ref="5368763088" /><tag k="highway" v="secondary" /><tag k="lanes" v="2" /><tag k="oneway" v="yes" /></way><way id="513" timestamp="2026-03-31T20:21:19Z" uid="1" user="OSMnx" version="1" changeset="1"><nd ref="5368763479" /><nd ref="5369352102" /><tag k="highway" v="primary" /><tag k="oneway" v="yes" /></way><way id="514" timestamp="2026-03-31T20:21:19Z" uid="1" user="OSMnx" version="1" changeset="1"><nd ref="5368763480" /><nd ref="5368763503" /><tag k="highway" v="primary" /><tag k="oneway" v="yes" /></way><way id="515" timestamp="2026-03-31T20:21:19Z" uid="1" user="OSMnx" version="1" changeset="1"><nd ref="5368763481" /><nd ref="5368763493" /><tag k="highway" v="primary" /><tag k="oneway" v="yes" /></way><way id="516" timestamp="2026-03-31T20:21:19Z" uid="1" user="OSMnx" version="1" changeset="1"><nd ref="5368763482" /><nd ref="5368763505" /><tag k="highway" v="primary" /><tag k="oneway" v="yes" /></way><way id="517" timestamp="2026-03-31T20:21:19Z" uid="1" user="OSMnx" version="1" changeset="1"><nd ref="5368763483" /><nd ref="5368763482" /><tag k="highway" v="primary" /><tag k="oneway" v="yes" /></way><way id="518" timestamp="2026-03-31T20:21:19Z" uid="1" user="OSMnx" version="1" changeset="1"><nd ref="5368763484" /><nd ref="2289219912" /><tag k="highway" v="primary" /><tag k="oneway" v="yes" /></way><way id="519" timestamp="2026-03-31T20:21:19Z" uid="1" user="OSMnx" version="1" changeset="1"><nd ref="5368763485" /><nd ref="5368763484" /><tag k="highway" v="primary" /><tag k="oneway" v="yes" /></way><way id="520" timestamp="2026-03-31T20:21:19Z" uid="1" user="OSMnx" version="1" changeset="1"><nd ref="5368763486" /><nd ref="5368763485" /><tag k="highway" v="primary" /><tag k="oneway" v="yes" /></way><way id="521" timestamp="2026-03-31T20:21:19Z" uid="1" user="OSMnx" version="1" changeset="1"><nd ref="5368763487" /><nd ref="5368763486" /><tag k="highway" v="primary" /><tag k="oneway" v="yes" /></way><way id="522" timestamp="2026-03-31T20:21:19Z" uid="1" user="OSMnx" version="1" changeset="1"><nd ref="5368763488" /><nd ref="5368763487" /><tag k="highway" v="primary" /><tag k="oneway" v="yes" /></way><way id="523" timestamp="2026-03-31T20:21:19Z" uid="1" user="OSMnx" version="1" changeset="1"><nd ref="5368763489" /><nd ref="5368763488" /><tag k="highway" v="primary" /><tag k="oneway" v="yes" /></way><way id="524" timestamp="2026-03-31T20:21:19Z" uid="1" user="OSMnx" version="1" changeset="1"><nd ref="5368763490" /><nd ref="5368763489" /><tag k="highway" v="primary" /><tag k="oneway" v="yes" /></way><way id="525" timestamp="2026-03-31T20:21:19Z" uid="1" user="OSMnx" version="1" changeset="1"><nd ref="5368763491" /><nd ref="5368763490" /><tag k="highway" v="primary" /><tag k="oneway" v="yes" /></way><way id="526" timestamp="2026-03-31T20:21:19Z" uid="1" user="OSMnx" version="1" changeset="1"><nd ref="5368763492" /><nd ref="5368763491" /><tag k="highway" v="primary" /><tag k="oneway" v="yes" /></way><way id="527" timestamp="2026-03-31T20:21:19Z" uid="1" user="OSMnx" version="1" changeset="1"><nd ref="5368763493" /><nd ref="5368763492" /><tag k="highway" v="primary" /><tag k="oneway" v="yes" /></way><way id="528" timestamp="2026-03-31T20:21:19Z" uid="1" user="OSMnx" version="1" changeset="1"><nd ref="5368763494" /><nd ref="5368763481" /><tag k="highway" v="primary" /><tag k="oneway" v="yes" /></way><way id="529" timestamp="2026-03-31T20:21:19Z" uid="1" user="OSMnx" version="1" changeset="1"><nd ref="5368763495" /><nd ref="5368763494" /><tag k="highway" v="primary" /><tag k="oneway" v="yes" /></way><way id="530" timestamp="2026-03-31T20:21:19Z" uid="1" user="OSMnx" version="1" changeset="1"><nd ref="5368763496" /><nd ref="5368763497" /><tag k="highway" v="primary" /><tag k="oneway" v="yes" /></way><way id="531" timestamp="2026-03-31T20:21:19Z" uid="1" user="OSMnx" version="1" changeset="1"><nd ref="5368763497" /><nd ref="5368763498" /><tag k="highway" v="primary" /><tag k="oneway" v="yes" /></way><way id="532" timestamp="2026-03-31T20:21:19Z" uid="1" user="OSMnx" version="1" changeset="1"><nd ref="5368763498" /><nd ref="5368763499" /><tag k="highway" v="primary" /><tag k="oneway" v="yes" /></way><way id="533" timestamp="2026-03-31T20:21:19Z" uid="1" user="OSMnx" version="1" changeset="1"><nd ref="5368763499" /><nd ref="5368763500" /><tag k="highway" v="primary" /><tag k="oneway" v="yes" /></way><way id="534" timestamp="2026-03-31T20:21:19Z" uid="1" user="OSMnx" version="1" changeset="1"><nd ref="5368763500" /><nd ref="5368763501" /><tag k="highway" v="primary" /><tag k="oneway" v="yes" /></way><way id="535" timestamp="2026-03-31T20:21:19Z" uid="1" user="OSMnx" version="1" changeset="1"><nd ref="5368763500" /><nd ref="5368761796" /><tag k="highway" v="unclassified" /><tag k="oneway" v="no" /></way><way id="536" timestamp="2026-03-31T20:21:19Z" uid="1" user="OSMnx" version="1" changeset="1"><nd ref="5368763501" /><nd ref="5368763502" /><tag k="highway" v="primary" /><tag k="oneway" v="yes" /></way><way id="537" timestamp="2026-03-31T20:21:19Z" uid="1" user="OSMnx" version="1" changeset="1"><nd ref="5368763502" /><nd ref="5368763480" /><tag k="highway" v="primary" /><tag k="oneway" v="yes" /></way><way id="538" timestamp="2026-03-31T20:21:19Z" uid="1" user="OSMnx" version="1" changeset="1"><nd ref="5368763503" /><nd ref="5368763504" /><tag k="highway" v="primary" /><tag k="oneway" v="yes" /></way><way id="539" timestamp="2026-03-31T20:21:19Z" uid="1" user="OSMnx" version="1" changeset="1"><nd ref="5368763504" /><nd ref="5368763483" /><tag k="highway" v="primary" /><tag k="oneway" v="yes" /></way><way id="540" timestamp="2026-03-31T20:21:19Z" uid="1" user="OSMnx" version="1" changeset="1"><nd ref="5368763505" /><nd ref="5368819834" /><tag k="highway" v="primary" /><tag k="oneway" v="yes" /></way><way id="541" timestamp="2026-03-31T20:21:19Z" uid="1" user="OSMnx" version="1" changeset="1"><nd ref="5368763506" /><nd ref="5368763508" /><tag k="highway" v="primary" /><tag k="oneway" v="yes" /></way><way id="542" timestamp="2026-03-31T20:21:19Z" uid="1" user="OSMnx" version="1" changeset="1"><nd ref="5368763506" /><nd ref="5368762885" /><tag k="highway" v="primary" /><tag k="lanes" v="3" /><tag k="oneway" v="yes" /></way><way id="543" timestamp="2026-03-31T20:21:19Z" uid="1" user="OSMnx" version="1" changeset="1"><nd ref="5368763507" /><nd ref="5368763506" /><tag k="highway" v="primary" /><tag k="lanes" v="3" /><tag k="oneway" v="yes" /></way><way id="544" timestamp="2026-03-31T20:21:19Z" uid="1" user="OSMnx" version="1" changeset="1"><nd ref="5368763507" /><nd ref="5368763510" /><tag k="highway" v="secondary" /><tag k="oneway" v="yes" /></way><way id="545" timestamp="2026-03-31T20:21:19Z" uid="1" user="OSMnx" version="1" changeset="1"><nd ref="5368763508" /><nd ref="5368763512" /><tag k="highway" v="primary" /><tag k="oneway" v="yes" /></way><way id="546" timestamp="2026-03-31T20:21:19Z" uid="1" user="OSMnx" version="1" changeset="1"><nd ref="5368763508" /><nd ref="5368763509" /><tag k="highway" v="primary" /><tag k="lanes" v="3" /><tag k="oneway" v="yes" /></way><way id="547" timestamp="2026-03-31T20:21:19Z" uid="1" user="OSMnx" version="1" changeset="1"><nd ref="5368763509" /><nd ref="5368763081" /><tag k="highway" v="secondary" /><tag k="lanes" v="2" /><tag k="oneway" v="yes" /></way><way id="548" timestamp="2026-03-31T20:21:19Z" uid="1" user="OSMnx" version="1" changeset="1"><nd ref="5368763509" /><nd ref="5368763507" /><tag k="highway" v="primary" /><tag k="oneway" v="yes" /></way><way id="549" timestamp="2026-03-31T20:21:19Z" uid="1" user="OSMnx" version="1" changeset="1"><nd ref="5368763510" /><nd ref="5368763031" /><tag k="highway" v="secondary" /><tag k="oneway" v="yes" /></way><way id="550" timestamp="2026-03-31T20:21:19Z" uid="1" user="OSMnx" version="1" changeset="1"><nd ref="5368763511" /><nd ref="5368763509" /><tag k="highway" v="primary" /><tag k="oneway" v="yes" /></way><way id="551" timestamp="2026-03-31T20:21:19Z" uid="1" user="OSMnx" version="1" changeset="1"><nd ref="5368763512" /><nd ref="5369138009" /><tag k="highway" v="primary" /><tag k="oneway" v="yes" /></way><way id="552" timestamp="2026-03-31T20:21:19Z" uid="1" user="OSMnx" version="1" changeset="1"><nd ref="5368763722" /><nd ref="5368763723" /><tag k="highway" v="primary" /><tag k="oneway" v="no" /></way><way id="553" timestamp="2026-03-31T20:21:19Z" uid="1" user="OSMnx" version="1" changeset="1"><nd ref="5368763722" /><nd ref="5368763931" /><tag k="highway" v="primary" /><tag k="oneway" v="no" /></way><way id="554" timestamp="2026-03-31T20:21:19Z" uid="1" user="OSMnx" version="1" changeset="1"><nd ref="5368763722" /><nd ref="12523140843" /><tag k="highway" v="secondary" /><tag k="lanes" v="3" /><tag k="name" v="迎宾大道" /><tag k="oneway" v="yes" /></way><way id="555" timestamp="2026-03-31T20:21:19Z" uid="1" user="OSMnx" version="1" changeset="1"><nd ref="5368763723" /><nd ref="5368763722" /><tag k="highway" v="primary" /><tag k="oneway" v="no" /></way><way id="556" timestamp="2026-03-31T20:21:19Z" uid="1" user="OSMnx" version="1" changeset="1"><nd ref="5368763723" /><nd ref="5368763796" /><tag k="highway" v="primary" /><tag k="lanes" v="2" /><tag k="oneway" v="yes" /></way><way id="557" timestamp="2026-03-31T20:21:19Z" uid="1" user="OSMnx" version="1" changeset="1"><nd ref="5368763723" /><nd ref="5368763932" /><tag k="highway" v="primary" /><tag k="oneway" v="no" /></way><way id="558" timestamp="2026-03-31T20:21:19Z" uid="1" user="OSMnx" version="1" changeset="1"><nd ref="5368763813" /><nd ref="5368763814" /><tag k="highway" v="primary" /><tag k="oneway" v="yes" /></way><way id="559" timestamp="2026-03-31T20:21:19Z" uid="1" user="OSMnx" version="1" changeset="1"><nd ref="5368763814" /><nd ref="5368763815" /><tag k="highway" v="primary" /><tag k="oneway" v="yes" /></way><way id="560" timestamp="2026-03-31T20:21:19Z" uid="1" user="OSMnx" version="1" changeset="1"><nd ref="5368763815" /><nd ref="5368763050" /><tag k="highway" v="primary" /><tag k="oneway" v="yes" /></way><way id="561" timestamp="2026-03-31T20:21:19Z" uid="1" user="OSMnx" version="1" changeset="1"><nd ref="5368763816" /><nd ref="5368763820" /><tag k="highway" v="primary" /><tag k="oneway" v="yes" /></way><way id="562" timestamp="2026-03-31T20:21:19Z" uid="1" user="OSMnx" version="1" changeset="1"><nd ref="5368763817" /><nd ref="5369242301" /><tag k="highway" v="primary" /><tag k="oneway" v="yes" /></way><way id="563" timestamp="2026-03-31T20:21:19Z" uid="1" user="OSMnx" version="1" changeset="1"><nd ref="5368763818" /><nd ref="5369242291" /><tag k="highway" v="primary" /><tag k="oneway" v="yes" /></way><way id="564" timestamp="2026-03-31T20:21:19Z" uid="1" user="OSMnx" version="1" changeset="1"><nd ref="5368763819" /><nd ref="5368763923" /><tag k="highway" v="primary" /><tag k="oneway" v="no" /></way><way id="565" timestamp="2026-03-31T20:21:19Z" uid="1" user="OSMnx" version="1" changeset="1"><nd ref="5368763819" /><nd ref="5368763922" /><tag k="highway" v="primary" /><tag k="oneway" v="no" /></way><way id="566" timestamp="2026-03-31T20:21:19Z" uid="1" user="OSMnx" version="1" changeset="1"><nd ref="5368763820" /><nd ref="5368763813" /><tag k="highway" v="primary" /><tag k="oneway" v="yes" /></way><way id="567" timestamp="2026-03-31T20:21:19Z" uid="1" user="OSMnx" version="1" changeset="1"><nd ref="5368763820" /><nd ref="5368763921" /><tag k="highway" v="primary" /><tag k="oneway" v="no" /></way><way id="568" timestamp="2026-03-31T20:21:19Z" uid="1" user="OSMnx" version="1" changeset="1"><nd ref="5368763921" /><nd ref="5368763922" /><tag k="highway" v="primary" /><tag k="oneway" v="no" /></way><way id="569" timestamp="2026-03-31T20:21:19Z" uid="1" user="OSMnx" version="1" changeset="1"><nd ref="5368763921" /><nd ref="5368763820" /><tag k="highway" v="primary" /><tag k="oneway" v="no" /></way><way id="570" timestamp="2026-03-31T20:21:19Z" uid="1" user="OSMnx" version="1" changeset="1"><nd ref="5368763922" /><nd ref="5368763819" /><tag k="highway" v="primary" /><tag k="oneway" v="no" /></way><way id="571" timestamp="2026-03-31T20:21:19Z" uid="1" user="OSMnx" version="1" changeset="1"><nd ref="5368763922" /><nd ref="5368763921" /><tag k="highway" v="primary" /><tag k="oneway" v="no" /></way><way id="572" timestamp="2026-03-31T20:21:19Z" uid="1" user="OSMnx" version="1" changeset="1"><nd ref="5368763923" /><nd ref="5369242575" /><tag k="highway" v="primary" /><tag k="oneway" v="no" /></way><way id="573" timestamp="2026-03-31T20:21:19Z" uid="1" user="OSMnx" version="1" changeset="1"><nd ref="5368763923" /><nd ref="5368763819" /><tag k="highway" v="primary" /><tag k="oneway" v="no" /></way><way id="574" timestamp="2026-03-31T20:21:19Z" uid="1" user="OSMnx" version="1" changeset="1"><nd ref="5368763924" /><nd ref="5368763925" /><tag k="highway" v="primary" /><tag k="oneway" v="no" /></way><way id="575" timestamp="2026-03-31T20:21:19Z" uid="1" user="OSMnx" version="1" changeset="1"><nd ref="5368763924" /><nd ref="5369242575" /><tag k="highway" v="primary" /><tag k="oneway" v="no" /></way><way id="576" timestamp="2026-03-31T20:21:19Z" uid="1" user="OSMnx" version="1" changeset="1"><nd ref="5368763925" /><nd ref="5368763926" /><tag k="highway" v="primary" /><tag k="oneway" v="no" /></way><way id="577" timestamp="2026-03-31T20:21:19Z" uid="1" user="OSMnx" version="1" changeset="1"><nd ref="5368763925" /><nd ref="5368763924" /><tag k="highway" v="primary" /><tag k="oneway" v="no" /></way><way id="578" timestamp="2026-03-31T20:21:19Z" uid="1" user="OSMnx" version="1" changeset="1"><nd ref="5368763926" /><nd ref="5368763927" /><tag k="highway" v="primary" /><tag k="oneway" v="no" /></way><way id="579" timestamp="2026-03-31T20:21:19Z" uid="1" user="OSMnx" version="1" changeset="1"><nd ref="5368763926" /><nd ref="5368763925" /><tag k="highway" v="primary" /><tag k="oneway" v="no" /></way><way id="580" timestamp="2026-03-31T20:21:19Z" uid="1" user="OSMnx" version="1" changeset="1"><nd ref="5368763927" /><nd ref="5368763928" /><tag k="highway" v="primary" /><tag k="oneway" v="no" /></way><way id="581" timestamp="2026-03-31T20:21:19Z" uid="1" user="OSMnx" version="1" changeset="1"><nd ref="5368763927" /><nd ref="5368763926" /><tag k="highway" v="primary" /><tag k="oneway" v="no" /></way><way id="582" timestamp="2026-03-31T20:21:19Z" uid="1" user="OSMnx" version="1" changeset="1"><nd ref="5368763928" /><nd ref="5368763929" /><tag k="highway" v="primary" /><tag k="oneway" v="no" /></way><way id="583" timestamp="2026-03-31T20:21:19Z" uid="1" user="OSMnx" version="1" changeset="1"><nd ref="5368763928" /><nd ref="5368763927" /><tag k="highway" v="primary" /><tag k="oneway" v="no" /></way><way id="584" timestamp="2026-03-31T20:21:19Z" uid="1" user="OSMnx" version="1" changeset="1"><nd ref="5368763929" /><nd ref="5368763930" /><tag k="highway" v="primary" /><tag k="oneway" v="no" /></way><way id="585" timestamp="2026-03-31T20:21:19Z" uid="1" user="OSMnx" version="1" changeset="1"><nd ref="5368763929" /><nd ref="5368763928" /><tag k="highway" v="primary" /><tag k="oneway" v="no" /></way><way id="586" timestamp="2026-03-31T20:21:19Z" uid="1" user="OSMnx" version="1" changeset="1"><nd ref="5368763930" /><nd ref="5368763931" /><tag k="highway" v="primary" /><tag k="oneway" v="no" /></way><way id="587" timestamp="2026-03-31T20:21:19Z" uid="1" user="OSMnx" version="1" changeset="1"><nd ref="5368763930" /><nd ref="5368763929" /><tag k="highway" v="primary" /><tag k="oneway" v="no" /></way><way id="588" timestamp="2026-03-31T20:21:19Z" uid="1" user="OSMnx" version="1" changeset="1"><nd ref="5368763931" /><nd ref="5368763722" /><tag k="highway" v="primary" /><tag k="oneway" v="no" /></way><way id="589" timestamp="2026-03-31T20:21:19Z" uid="1" user="OSMnx" version="1" changeset="1"><nd ref="5368763931" /><nd ref="5368763930" /><tag k="highway" v="primary" /><tag k="oneway" v="no" /></way><way id="590" timestamp="2026-03-31T20:21:19Z" uid="1" user="OSMnx" version="1" changeset="1"><nd ref="5368763932" /><nd ref="5368763933" /><tag k="highway" v="primary" /><tag k="oneway" v="no" /></way><way id="591" timestamp="2026-03-31T20:21:19Z" uid="1" user="OSMnx" version="1" changeset="1"><nd ref="5368763932" /><nd ref="5368763723" /><tag k="highway" v="primary" /><tag k="oneway" v="no" /></way><way id="592" timestamp="2026-03-31T20:21:19Z" uid="1" user="OSMnx" version="1" changeset="1"><nd ref="5368763933" /><nd ref="5368763934" /><tag k="highway" v="primary" /><tag k="oneway" v="no" /></way><way id="593" timestamp="2026-03-31T20:21:19Z" uid="1" user="OSMnx" version="1" changeset="1"><nd ref="5368763933" /><nd ref="5368763932" /><tag k="highway" v="primary" /><tag k="oneway" v="no" /></way><way id="594" timestamp="2026-03-31T20:21:19Z" uid="1" user="OSMnx" version="1" changeset="1"><nd ref="5368763934" /><nd ref="5368763935" /><tag k="highway" v="primary" /><tag k="oneway" v="no" /></way><way id="595" timestamp="2026-03-31T20:21:19Z" uid="1" user="OSMnx" version="1" changeset="1"><nd ref="5368763934" /><nd ref="5368763933" /><tag k="highway" v="primary" /><tag k="oneway" v="no" /></way><way id="596" timestamp="2026-03-31T20:21:19Z" uid="1" user="OSMnx" version="1" changeset="1"><nd ref="5368763935" /><nd ref="5368763936" /><tag k="highway" v="primary" /><tag k="oneway" v="no" /></way><way id="597" timestamp="2026-03-31T20:21:19Z" uid="1" user="OSMnx" version="1" changeset="1"><nd ref="5368763935" /><nd ref="5368763934" /><tag k="highway" v="primary" /><tag k="oneway" v="no" /></way><way id="598" timestamp="2026-03-31T20:21:19Z" uid="1" user="OSMnx" version="1" changeset="1"><nd ref="5368763936" /><nd ref="5368763937" /><tag k="highway" v="primary" /><tag k="oneway" v="no" /></way><way id="599" timestamp="2026-03-31T20:21:19Z" uid="1" user="OSMnx" version="1" changeset="1"><nd ref="5368763936" /><nd ref="5368763935" /><tag k="highway" v="primary" /><tag k="oneway" v="no" /></way><way id="600" timestamp="2026-03-31T20:21:19Z" uid="1" user="OSMnx" version="1" changeset="1"><nd ref="5368763937" /><nd ref="5368763936" /><tag k="highway" v="primary" /><tag k="oneway" v="no" /></way><way id="601" timestamp="2026-03-31T20:21:19Z" uid="1" user="OSMnx" version="1" changeset="1"><nd ref="5368819826" /><nd ref="5368819827" /><tag k="highway" v="residential" /><tag k="oneway" v="no" /></way><way id="602" timestamp="2026-03-31T20:21:19Z" uid="1" user="OSMnx" version="1" changeset="1"><nd ref="5368819826" /><nd ref="5368819831" /><tag k="highway" v="residential" /><tag k="oneway" v="no" /></way><way id="603" timestamp="2026-03-31T20:21:19Z" uid="1" user="OSMnx" version="1" changeset="1"><nd ref="5368819827" /><nd ref="5368762909" /><tag k="highway" v="tertiary" /><tag k="oneway" v="yes" /></way><way id="604" timestamp="2026-03-31T20:21:19Z" uid="1" user="OSMnx" version="1" changeset="1"><nd ref="5368819827" /><nd ref="5369352199" /><tag k="highway" v="residential" /><tag k="oneway" v="no" /></way><way id="605" timestamp="2026-03-31T20:21:19Z" uid="1" user="OSMnx" version="1" changeset="1"><nd ref="5368819827" /><nd ref="5368819826" /><tag k="highway" v="residential" /><tag k="oneway" v="no" /></way><way id="606" timestamp="2026-03-31T20:21:19Z" uid="1" user="OSMnx" version="1" changeset="1"><nd ref="5368819828" /><nd ref="5368819829" /><tag k="highway" v="residential" /><tag k="oneway" v="no" /></way><way id="607" timestamp="2026-03-31T20:21:19Z" uid="1" user="OSMnx" version="1" changeset="1"><nd ref="5368819828" /><nd ref="5369137952" /><tag k="highway" v="unclassified" /><tag k="oneway" v="no" /></way><way id="608" timestamp="2026-03-31T20:21:19Z" uid="1" user="OSMnx" version="1" changeset="1"><nd ref="5368819829" /><nd ref="5368819830" /><tag k="highway" v="residential" /><tag k="oneway" v="no" /></way><way id="609" timestamp="2026-03-31T20:21:19Z" uid="1" user="OSMnx" version="1" changeset="1"><nd ref="5368819829" /><nd ref="5368819828" /><tag k="highway" v="residential" /><tag k="oneway" v="no" /></way><way id="610" timestamp="2026-03-31T20:21:19Z" uid="1" user="OSMnx" version="1" changeset="1"><nd ref="5368819830" /><nd ref="5368819831" /><tag k="highway" v="residential" /><tag k="oneway" v="no" /></way><way id="611" timestamp="2026-03-31T20:21:19Z" uid="1" user="OSMnx" version="1" changeset="1"><nd ref="5368819830" /><nd ref="5368819829" /><tag k="highway" v="residential" /><tag k="oneway" v="no" /></way><way id="612" timestamp="2026-03-31T20:21:19Z" uid="1" user="OSMnx" version="1" changeset="1"><nd ref="5368819831" /><nd ref="5368819826" /><tag k="highway" v="residential" /><tag k="oneway" v="no" /></way><way id="613" timestamp="2026-03-31T20:21:19Z" uid="1" user="OSMnx" version="1" changeset="1"><nd ref="5368819831" /><nd ref="5368819830" /><tag k="highway" v="residential" /><tag k="oneway" v="no" /></way><way id="614" timestamp="2026-03-31T20:21:19Z" uid="1" user="OSMnx" version="1" changeset="1"><nd ref="5368819832" /><nd ref="5368759640" /><tag k="highway" v="residential" /><tag k="oneway" v="no" /></way><way id="615" timestamp="2026-03-31T20:21:19Z" uid="1" user="OSMnx" version="1" changeset="1"><nd ref="5368819832" /><nd ref="5368759633" /><tag k="highway" v="residential" /><tag k="oneway" v="no" /></way><way id="616" timestamp="2026-03-31T20:21:19Z" uid="1" user="OSMnx" version="1" changeset="1"><nd ref="5368819832" /><nd ref="5368819833" /><tag k="highway" v="residential" /><tag k="oneway" v="no" /></way><way id="617" timestamp="2026-03-31T20:21:19Z" uid="1" user="OSMnx" version="1" changeset="1"><nd ref="5368819832" /><nd ref="5369352203" /><tag k="highway" v="residential" /><tag k="oneway" v="no" /></way><way id="618" timestamp="2026-03-31T20:21:19Z" uid="1" user="OSMnx" version="1" changeset="1"><nd ref="5368819833" /><nd ref="5368762831" /><tag k="highway" v="residential" /><tag k="oneway" v="no" /></way><way id="619" timestamp="2026-03-31T20:21:19Z" uid="1" user="OSMnx" version="1" changeset="1"><nd ref="5368819833" /><nd ref="5368819837" /><tag k="highway" v="residential" /><tag k="oneway" v="no" /></way><way id="620" timestamp="2026-03-31T20:21:19Z" uid="1" user="OSMnx" version="1" changeset="1"><nd ref="5368819833" /><nd ref="5368819832" /><tag k="highway" v="residential" /><tag k="oneway" v="no" /></way><way id="621" timestamp="2026-03-31T20:21:19Z" uid="1" user="OSMnx" version="1" changeset="1"><nd ref="5368819833" /><nd ref="5368762830" /><tag k="highway" v="unclassified" /><tag k="oneway" v="no" /></way><way id="622" timestamp="2026-03-31T20:21:19Z" uid="1" user="OSMnx" version="1" changeset="1"><nd ref="5368819834" /><nd ref="5368883367" /><tag k="highway" v="primary" /><tag k="oneway" v="yes" /></way><way id="623" timestamp="2026-03-31T20:21:19Z" uid="1" user="OSMnx" version="1" changeset="1"><nd ref="5368819834" /><nd ref="5368819836" /><tag k="highway" v="residential" /><tag k="oneway" v="no" /></way><way id="624" timestamp="2026-03-31T20:21:19Z" uid="1" user="OSMnx" version="1" changeset="1"><nd ref="5368819834" /><nd ref="5368819835" /><tag k="highway" v="residential" /><tag k="oneway" v="no" /></way><way id="625" timestamp="2026-03-31T20:21:19Z" uid="1" user="OSMnx" version="1" changeset="1"><nd ref="5368819835" /><nd ref="5368762438" /><tag k="highway" v="primary" /><tag k="oneway" v="yes" /></way><way id="626" timestamp="2026-03-31T20:21:19Z" uid="1" user="OSMnx" version="1" changeset="1"><nd ref="5368819835" /><nd ref="5368819834" /><tag k="highway" v="residential" /><tag k="oneway" v="no" /></way><way id="627" timestamp="2026-03-31T20:21:19Z" uid="1" user="OSMnx" version="1" changeset="1"><nd ref="5368819835" /><nd ref="5368819837" /><tag k="highway" v="residential" /><tag k="oneway" v="no" /></way><way id="628" timestamp="2026-03-31T20:21:19Z" uid="1" user="OSMnx" version="1" changeset="1"><nd ref="5368819836" /><nd ref="5368819834" /><tag k="highway" v="residential" /><tag k="oneway" v="no" /></way><way id="629" timestamp="2026-03-31T20:21:19Z" uid="1" user="OSMnx" version="1" changeset="1"><nd ref="5368819837" /><nd ref="5368819835" /><tag k="highway" v="residential" /><tag k="oneway" v="no" /></way><way id="630" timestamp="2026-03-31T20:21:19Z" uid="1" user="OSMnx" version="1" changeset="1"><nd ref="5368819837" /><nd ref="5368819833" /><tag k="highway" v="residential" /><tag k="oneway" v="no" /></way><way id="631" timestamp="2026-03-31T20:21:19Z" uid="1" user="OSMnx" version="1" changeset="1"><nd ref="5368883367" /><nd ref="5368762854" /><tag k="highway" v="primary" /><tag k="oneway" v="yes" /></way><way id="632" timestamp="2026-03-31T20:21:19Z" uid="1" user="OSMnx" version="1" changeset="1"><nd ref="5368883370" /><nd ref="5368762867" /><tag k="highway" v="residential" /><tag k="oneway" v="no" /></way><way id="633" timestamp="2026-03-31T20:21:19Z" uid="1" user="OSMnx" version="1" changeset="1"><nd ref="5368883370" /><nd ref="5368762865" /><tag k="highway" v="residential" /><tag k="oneway" v="no" /></way><way id="634" timestamp="2026-03-31T20:21:19Z" uid="1" user="OSMnx" version="1" changeset="1"><nd ref="5368883370" /><nd ref="5368883371" /><tag k="highway" v="residential" /><tag k="oneway" v="no" /></way><way id="635" timestamp="2026-03-31T20:21:19Z" uid="1" user="OSMnx" version="1" changeset="1"><nd ref="5368883371" /><nd ref="5368883370" /><tag k="highway" v="residential" /><tag k="oneway" v="no" /></way><way id="636" timestamp="2026-03-31T20:21:19Z" uid="1" user="OSMnx" version="1" changeset="1"><nd ref="5368883371" /><nd ref="5368883372" /><tag k="highway" v="residential" /><tag k="oneway" v="no" /></way><way id="637" timestamp="2026-03-31T20:21:19Z" uid="1" user="OSMnx" version="1" changeset="1"><nd ref="5368883372" /><nd ref="5368883371" /><tag k="highway" v="residential" /><tag k="oneway" v="no" /></way><way id="638" timestamp="2026-03-31T20:21:19Z" uid="1" user="OSMnx" version="1" changeset="1"><nd ref="5368883372" /><nd ref="5368883373" /><tag k="highway" v="residential" /><tag k="oneway" v="no" /></way><way id="639" timestamp="2026-03-31T20:21:19Z" uid="1" user="OSMnx" version="1" changeset="1"><nd ref="5368883373" /><nd ref="5368883372" /><tag k="highway" v="residential" /><tag k="oneway" v="no" /></way><way id="640" timestamp="2026-03-31T20:21:19Z" uid="1" user="OSMnx" version="1" changeset="1"><nd ref="5368883373" /><nd ref="5368883374" /><tag k="highway" v="residential" /><tag k="oneway" v="no" /></way><way id="641" timestamp="2026-03-31T20:21:19Z" uid="1" user="OSMnx" version="1" changeset="1"><nd ref="5368883374" /><nd ref="4260123313" /><tag k="highway" v="primary" /><tag k="oneway" v="yes" /></way><way id="642" timestamp="2026-03-31T20:21:19Z" uid="1" user="OSMnx" version="1" changeset="1"><nd ref="5368883374" /><nd ref="5368883373" /><tag k="highway" v="residential" /><tag k="oneway" v="no" /></way><way id="643" timestamp="2026-03-31T20:21:19Z" uid="1" user="OSMnx" version="1" changeset="1"><nd ref="5368883383" /><nd ref="5368762872" /><tag k="highway" v="secondary" /><tag k="lanes" v="3" /><tag k="name" v="迎宾大道" /><tag k="oneway" v="yes" /></way><way id="644" timestamp="2026-03-31T20:21:19Z" uid="1" user="OSMnx" version="1" changeset="1"><nd ref="5368883383" /><nd ref="5368883384" /><tag k="highway" v="service" /><tag k="oneway" v="no" /></way><way id="645" timestamp="2026-03-31T20:21:19Z" uid="1" user="OSMnx" version="1" changeset="1"><nd ref="5368883384" /><nd ref="5368883383" /><tag k="highway" v="service" /><tag k="oneway" v="no" /></way><way id="646" timestamp="2026-03-31T20:21:19Z" uid="1" user="OSMnx" version="1" changeset="1"><nd ref="5368883384" /><nd ref="5368883385" /><tag k="highway" v="service" /><tag k="oneway" v="no" /></way><way id="647" timestamp="2026-03-31T20:21:19Z" uid="1" user="OSMnx" version="1" changeset="1"><nd ref="5368883385" /><nd ref="5368883384" /><tag k="highway" v="service" /><tag k="oneway" v="no" /></way><way id="648" timestamp="2026-03-31T20:21:19Z" uid="1" user="OSMnx" version="1" changeset="1"><nd ref="5368883385" /><nd ref="5368883388" /><tag k="highway" v="service" /><tag k="oneway" v="no" /></way><way id="649" timestamp="2026-03-31T20:21:19Z" uid="1" user="OSMnx" version="1" changeset="1"><nd ref="5368883385" /><nd ref="5368883387" /><tag k="highway" v="service" /><tag k="oneway" v="no" /></way><way id="650" timestamp="2026-03-31T20:21:19Z" uid="1" user="OSMnx" version="1" changeset="1"><nd ref="5368883386" /><nd ref="5368883388" /><tag k="highway" v="service" /><tag k="oneway" v="no" /></way><way id="651" timestamp="2026-03-31T20:21:19Z" uid="1" user="OSMnx" version="1" changeset="1"><nd ref="5368883387" /><nd ref="5368883385" /><tag k="highway" v="service" /><tag k="oneway" v="no" /></way><way id="652" timestamp="2026-03-31T20:21:19Z" uid="1" user="OSMnx" version="1" changeset="1"><nd ref="5368883388" /><nd ref="5368883386" /><tag k="highway" v="service" /><tag k="oneway" v="no" /></way><way id="653" timestamp="2026-03-31T20:21:19Z" uid="1" user="OSMnx" version="1" changeset="1"><nd ref="5368883388" /><nd ref="5368883385" /><tag k="highway" v="service" /><tag k="oneway" v="no" /></way><way id="654" timestamp="2026-03-31T20:21:19Z" uid="1" user="OSMnx" version="1" changeset="1"><nd ref="5368883388" /><nd ref="5368883400" /><tag k="highway" v="service" /><tag k="oneway" v="no" /></way><way id="655" timestamp="2026-03-31T20:21:19Z" uid="1" user="OSMnx" version="1" changeset="1"><nd ref="5368883389" /><nd ref="5368883393" /><tag k="highway" v="service" /><tag k="oneway" v="no" /></way><way id="656" timestamp="2026-03-31T20:21:19Z" uid="1" user="OSMnx" version="1" changeset="1"><nd ref="5368883390" /><nd ref="5369351859" /><tag k="highway" v="residential" /><tag k="oneway" v="no" /></way><way id="657" timestamp="2026-03-31T20:21:19Z" uid="1" user="OSMnx" version="1" changeset="1"><nd ref="5368883390" /><nd ref="5368762829" /><tag k="highway" v="residential" /><tag k="oneway" v="no" /></way><way id="658" timestamp="2026-03-31T20:21:19Z" uid="1" user="OSMnx" version="1" changeset="1"><nd ref="5368883390" /><nd ref="5368883391" /><tag k="highway" v="service" /><tag k="oneway" v="no" /></way><way id="659" timestamp="2026-03-31T20:21:19Z" uid="1" user="OSMnx" version="1" changeset="1"><nd ref="5368883391" /><nd ref="5368883390" /><tag k="highway" v="service" /><tag k="oneway" v="no" /></way><way id="660" timestamp="2026-03-31T20:21:19Z" uid="1" user="OSMnx" version="1" changeset="1"><nd ref="5368883391" /><nd ref="5368883392" /><tag k="highway" v="service" /><tag k="oneway" v="no" /></way><way id="661" timestamp="2026-03-31T20:21:19Z" uid="1" user="OSMnx" version="1" changeset="1"><nd ref="5368883391" /><nd ref="5368883393" /><tag k="highway" v="service" /><tag k="oneway" v="no" /></way><way id="662" timestamp="2026-03-31T20:21:19Z" uid="1" user="OSMnx" version="1" changeset="1"><nd ref="5368883392" /><nd ref="5368883391" /><tag k="highway" v="service" /><tag k="oneway" v="no" /></way><way id="663" timestamp="2026-03-31T20:21:19Z" uid="1" user="OSMnx" version="1" changeset="1"><nd ref="5368883393" /><nd ref="5368883389" /><tag k="highway" v="service" /><tag k="oneway" v="no" /></way><way id="664" timestamp="2026-03-31T20:21:19Z" uid="1" user="OSMnx" version="1" changeset="1"><nd ref="5368883393" /><nd ref="5368883391" /><tag k="highway" v="service" /><tag k="oneway" v="no" /></way><way id="665" timestamp="2026-03-31T20:21:19Z" uid="1" user="OSMnx" version="1" changeset="1"><nd ref="5368883393" /><nd ref="5368883394" /><tag k="highway" v="service" /><tag k="oneway" v="no" /></way><way id="666" timestamp="2026-03-31T20:21:19Z" uid="1" user="OSMnx" version="1" changeset="1"><nd ref="5368883394" /><nd ref="5368883393" /><tag k="highway" v="service" /><tag k="oneway" v="no" /></way><way id="667" timestamp="2026-03-31T20:21:19Z" uid="1" user="OSMnx" version="1" changeset="1"><nd ref="5368883394" /><nd ref="5368883396" /><tag k="highway" v="service" /><tag k="oneway" v="no" /></way><way id="668" timestamp="2026-03-31T20:21:19Z" uid="1" user="OSMnx" version="1" changeset="1"><nd ref="5368883394" /><nd ref="5368883397" /><tag k="highway" v="service" /><tag k="oneway" v="no" /></way><way id="669" timestamp="2026-03-31T20:21:19Z" uid="1" user="OSMnx" version="1" changeset="1"><nd ref="5368883395" /><nd ref="5368883397" /><tag k="highway" v="service" /><tag k="oneway" v="no" /></way><way id="670" timestamp="2026-03-31T20:21:19Z" uid="1" user="OSMnx" version="1" changeset="1"><nd ref="5368883396" /><nd ref="5368883394" /><tag k="highway" v="service" /><tag k="oneway" v="no" /></way><way id="671" timestamp="2026-03-31T20:21:19Z" uid="1" user="OSMnx" version="1" changeset="1"><nd ref="5368883397" /><nd ref="5368883395" /><tag k="highway" v="service" /><tag k="oneway" v="no" /></way><way id="672" timestamp="2026-03-31T20:21:19Z" uid="1" user="OSMnx" version="1" changeset="1"><nd ref="5368883397" /><nd ref="5368883394" /><tag k="highway" v="service" /><tag k="oneway" v="no" /></way><way id="673" timestamp="2026-03-31T20:21:19Z" uid="1" user="OSMnx" version="1" changeset="1"><nd ref="5368883397" /><nd ref="5368883398" /><tag k="highway" v="service" /><tag k="oneway" v="no" /></way><way id="674" timestamp="2026-03-31T20:21:19Z" uid="1" user="OSMnx" version="1" changeset="1"><nd ref="5368883398" /><nd ref="5368883397" /><tag k="highway" v="service" /><tag k="oneway" v="no" /></way><way id="675" timestamp="2026-03-31T20:21:19Z" uid="1" user="OSMnx" version="1" changeset="1"><nd ref="5368883398" /><nd ref="5368883403" /><tag k="highway" v="service" /><tag k="oneway" v="no" /></way><way id="676" timestamp="2026-03-31T20:21:19Z" uid="1" user="OSMnx" version="1" changeset="1"><nd ref="5368883398" /><nd ref="5368883399" /><tag k="highway" v="service" /><tag k="oneway" v="no" /></way><way id="677" timestamp="2026-03-31T20:21:19Z" uid="1" user="OSMnx" version="1" changeset="1"><nd ref="5368883399" /><nd ref="5368883400" /><tag k="highway" v="service" /><tag k="oneway" v="no" /></way><way id="678" timestamp="2026-03-31T20:21:19Z" uid="1" user="OSMnx" version="1" changeset="1"><nd ref="5368883399" /><nd ref="5368883398" /><tag k="highway" v="service" /><tag k="oneway" v="no" /></way><way id="679" timestamp="2026-03-31T20:21:19Z" uid="1" user="OSMnx" version="1" changeset="1"><nd ref="5368883399" /><nd ref="5368883404" /><tag k="highway" v="service" /><tag k="oneway" v="no" /></way><way id="680" timestamp="2026-03-31T20:21:19Z" uid="1" user="OSMnx" version="1" changeset="1"><nd ref="5368883400" /><nd ref="5368883399" /><tag k="highway" v="service" /><tag k="oneway" v="no" /></way><way id="681" timestamp="2026-03-31T20:21:19Z" uid="1" user="OSMnx" version="1" changeset="1"><nd ref="5368883400" /><nd ref="5368883388" /><tag k="highway" v="service" /><tag k="oneway" v="no" /></way><way id="682" timestamp="2026-03-31T20:21:19Z" uid="1" user="OSMnx" version="1" changeset="1"><nd ref="5368883400" /><nd ref="5368883401" /><tag k="highway" v="service" /><tag k="oneway" v="no" /></way><way id="683" timestamp="2026-03-31T20:21:19Z" uid="1" user="OSMnx" version="1" changeset="1"><nd ref="5368883400" /><nd ref="5368883402" /><tag k="highway" v="service" /><tag k="oneway" v="no" /></way><way id="684" timestamp="2026-03-31T20:21:19Z" uid="1" user="OSMnx" version="1" changeset="1"><nd ref="5368883401" /><nd ref="5368762828" /><tag k="highway" v="residential" /><tag k="oneway" v="yes" /></way><way id="685" timestamp="2026-03-31T20:21:19Z" uid="1" user="OSMnx" version="1" changeset="1"><nd ref="5368883401" /><nd ref="5368883400" /><tag k="highway" v="service" /><tag k="oneway" v="no" /></way><way id="686" timestamp="2026-03-31T20:21:19Z" uid="1" user="OSMnx" version="1" changeset="1"><nd ref="5368883402" /><nd ref="5368883400" /><tag k="highway" v="service" /><tag k="oneway" v="no" /></way><way id="687" timestamp="2026-03-31T20:21:19Z" uid="1" user="OSMnx" version="1" changeset="1"><nd ref="5368883403" /><nd ref="5368883398" /><tag k="highway" v="service" /><tag k="oneway" v="no" /></way><way id="688" timestamp="2026-03-31T20:21:19Z" uid="1" user="OSMnx" version="1" changeset="1"><nd ref="5368883404" /><nd ref="5368883383" /><tag k="highway" v="secondary" /><tag k="lanes" v="3" /><tag k="name" v="迎宾大道" /><tag k="oneway" v="yes" /></way><way id="689" timestamp="2026-03-31T20:21:19Z" uid="1" user="OSMnx" version="1" changeset="1"><nd ref="5368883404" /><nd ref="5368883399" /><tag k="highway" v="service" /><tag k="oneway" v="no" /></way><way id="690" timestamp="2026-03-31T20:21:19Z" uid="1" user="OSMnx" version="1" changeset="1"><nd ref="5368883413" /><nd ref="5368759651" /><tag k="highway" v="service" /><tag k="oneway" v="no" /></way><way id="691" timestamp="2026-03-31T20:21:19Z" uid="1" user="OSMnx" version="1" changeset="1"><nd ref="5368883413" /><nd ref="5368759652" /><tag k="highway" v="service" /><tag k="oneway" v="no" /></way><way id="692" timestamp="2026-03-31T20:21:19Z" uid="1" user="OSMnx" version="1" changeset="1"><nd ref="5368883413" /><nd ref="5368883414" /><tag k="highway" v="service" /><tag k="oneway" v="no" /></way><way id="693" timestamp="2026-03-31T20:21:19Z" uid="1" user="OSMnx" version="1" changeset="1"><nd ref="5368883413" /><nd ref="5368883415" /><tag k="highway" v="service" /><tag k="oneway" v="no" /></way><way id="694" timestamp="2026-03-31T20:21:19Z" uid="1" user="OSMnx" version="1" changeset="1"><nd ref="5368883414" /><nd ref="5368883413" /><tag k="highway" v="service" /><tag k="oneway" v="no" /></way><way id="695" timestamp="2026-03-31T20:21:19Z" uid="1" user="OSMnx" version="1" changeset="1"><nd ref="5368883415" /><nd ref="5368883413" /><tag k="highway" v="service" /><tag k="oneway" v="no" /></way><way id="696" timestamp="2026-03-31T20:21:19Z" uid="1" user="OSMnx" version="1" changeset="1"><nd ref="5368883416" /><nd ref="5368883417" /><tag k="highway" v="service" /><tag k="oneway" v="no" /></way><way id="697" timestamp="2026-03-31T20:21:19Z" uid="1" user="OSMnx" version="1" changeset="1"><nd ref="5368883416" /><nd ref="5368883418" /><tag k="highway" v="service" /><tag k="oneway" v="no" /></way><way id="698" timestamp="2026-03-31T20:21:19Z" uid="1" user="OSMnx" version="1" changeset="1"><nd ref="5368883416" /><nd ref="5368884314" /><tag k="highway" v="service" /><tag k="oneway" v="no" /></way><way id="699" timestamp="2026-03-31T20:21:19Z" uid="1" user="OSMnx" version="1" changeset="1"><nd ref="5368883416" /><nd ref="5368884315" /><tag k="highway" v="service" /><tag k="oneway" v="no" /></way><way id="700" timestamp="2026-03-31T20:21:19Z" uid="1" user="OSMnx" version="1" changeset="1"><nd ref="5368883417" /><nd ref="5368883416" /><tag k="highway" v="service" /><tag k="oneway" v="no" /></way><way id="701" timestamp="2026-03-31T20:21:19Z" uid="1" user="OSMnx" version="1" changeset="1"><nd ref="5368883418" /><nd ref="5368883416" /><tag k="highway" v="service" /><tag k="oneway" v="no" /></way><way id="702" timestamp="2026-03-31T20:21:19Z" uid="1" user="OSMnx" version="1" changeset="1"><nd ref="5368884295" /><nd ref="5369138010" /><tag k="highway" v="primary" /><tag k="lanes" v="3" /><tag k="oneway" v="yes" /></way><way id="703" timestamp="2026-03-31T20:21:19Z" uid="1" user="OSMnx" version="1" changeset="1"><nd ref="5368884295" /><nd ref="5368884296" /><tag k="highway" v="unclassified" /><tag k="oneway" v="no" /></way><way id="704" timestamp="2026-03-31T20:21:19Z" uid="1" user="OSMnx" version="1" changeset="1"><nd ref="5368884296" /><nd ref="5368884295" /><tag k="highway" v="unclassified" /><tag k="oneway" v="no" /></way><way id="705" timestamp="2026-03-31T20:21:19Z" uid="1" user="OSMnx" version="1" changeset="1"><nd ref="5368884296" /><nd ref="5368884297" /><tag k="highway" v="unclassified" /><tag k="oneway" v="no" /></way><way id="706" timestamp="2026-03-31T20:21:19Z" uid="1" user="OSMnx" version="1" changeset="1"><nd ref="5368884297" /><nd ref="5368884296" /><tag k="highway" v="unclassified" /><tag k="oneway" v="no" /></way><way id="707" timestamp="2026-03-31T20:21:19Z" uid="1" user="OSMnx" version="1" changeset="1"><nd ref="5368884297" /><nd ref="5369137966" /><tag k="highway" v="unclassified" /><tag k="oneway" v="no" /></way><way id="708" timestamp="2026-03-31T20:21:19Z" uid="1" user="OSMnx" version="1" changeset="1"><nd ref="5368884298" /><nd ref="5369137966" /><tag k="highway" v="unclassified" /><tag k="oneway" v="no" /></way><way id="709" timestamp="2026-03-31T20:21:19Z" uid="1" user="OSMnx" version="1" changeset="1"><nd ref="5368884298" /><nd ref="5368884299" /><tag k="highway" v="unclassified" /><tag k="oneway" v="no" /></way><way id="710" timestamp="2026-03-31T20:21:19Z" uid="1" user="OSMnx" version="1" changeset="1"><nd ref="5368884299" /><nd ref="5368884298" /><tag k="highway" v="unclassified" /><tag k="oneway" v="no" /></way><way id="711" timestamp="2026-03-31T20:21:19Z" uid="1" user="OSMnx" version="1" changeset="1"><nd ref="5368884299" /><nd ref="5368884300" /><tag k="highway" v="unclassified" /><tag k="oneway" v="no" /></way><way id="712" timestamp="2026-03-31T20:21:19Z" uid="1" user="OSMnx" version="1" changeset="1"><nd ref="5368884300" /><nd ref="5368884299" /><tag k="highway" v="unclassified" /><tag k="oneway" v="no" /></way><way id="713" timestamp="2026-03-31T20:21:19Z" uid="1" user="OSMnx" version="1" changeset="1"><nd ref="5368884300" /><nd ref="5369138005" /><tag k="highway" v="unclassified" /><tag k="oneway" v="no" /></way><way id="714" timestamp="2026-03-31T20:21:19Z" uid="1" user="OSMnx" version="1" changeset="1"><nd ref="5368884301" /><nd ref="5369138005" /><tag k="highway" v="unclassified" /><tag k="oneway" v="no" /></way><way id="715" timestamp="2026-03-31T20:21:19Z" uid="1" user="OSMnx" version="1" changeset="1"><nd ref="5368884301" /><nd ref="5368884302" /><tag k="highway" v="unclassified" /><tag k="oneway" v="no" /></way><way id="716" timestamp="2026-03-31T20:21:19Z" uid="1" user="OSMnx" version="1" changeset="1"><nd ref="5368884302" /><nd ref="5368884301" /><tag k="highway" v="unclassified" /><tag k="oneway" v="no" /></way><way id="717" timestamp="2026-03-31T20:21:19Z" uid="1" user="OSMnx" version="1" changeset="1"><nd ref="5368884302" /><nd ref="5368884305" /><tag k="highway" v="unclassified" /><tag k="oneway" v="no" /></way><way id="718" timestamp="2026-03-31T20:21:19Z" uid="1" user="OSMnx" version="1" changeset="1"><nd ref="5368884303" /><nd ref="5368884305" /><tag k="highway" v="unclassified" /><tag k="oneway" v="no" /></way><way id="719" timestamp="2026-03-31T20:21:19Z" uid="1" user="OSMnx" version="1" changeset="1"><nd ref="5368884303" /><nd ref="5368884304" /><tag k="highway" v="unclassified" /><tag k="oneway" v="no" /></way><way id="720" timestamp="2026-03-31T20:21:19Z" uid="1" user="OSMnx" version="1" changeset="1"><nd ref="5368884304" /><nd ref="5368884303" /><tag k="highway" v="unclassified" /><tag k="oneway" v="no" /></way><way id="721" timestamp="2026-03-31T20:21:19Z" uid="1" user="OSMnx" version="1" changeset="1"><nd ref="5368884304" /><nd ref="7819027127" /><tag k="highway" v="residential" /><tag k="oneway" v="no" /></way><way id="722" timestamp="2026-03-31T20:21:19Z" uid="1" user="OSMnx" version="1" changeset="1"><nd ref="5368884305" /><nd ref="5368884302" /><tag k="highway" v="unclassified" /><tag k="oneway" v="no" /></way><way id="723" timestamp="2026-03-31T20:21:19Z" uid="1" user="OSMnx" version="1" changeset="1"><nd ref="5368884305" /><nd ref="5368884303" /><tag k="highway" v="unclassified" /><tag k="oneway" v="no" /></way><way id="724" timestamp="2026-03-31T20:21:19Z" uid="1" user="OSMnx" version="1" changeset="1"><nd ref="5368884305" /><nd ref="5368884306" /><tag k="highway" v="unclassified" /><tag k="oneway" v="no" /></way><way id="725" timestamp="2026-03-31T20:21:19Z" uid="1" user="OSMnx" version="1" changeset="1"><nd ref="5368884306" /><nd ref="5368884305" /><tag k="highway" v="unclassified" /><tag k="oneway" v="no" /></way><way id="726" timestamp="2026-03-31T20:21:19Z" uid="1" user="OSMnx" version="1" changeset="1"><nd ref="5368884306" /><nd ref="5368884307" /><tag k="highway" v="unclassified" /><tag k="oneway" v="no" /></way><way id="727" timestamp="2026-03-31T20:21:19Z" uid="1" user="OSMnx" version="1" changeset="1"><nd ref="5368884307" /><nd ref="5368884306" /><tag k="highway" v="unclassified" /><tag k="oneway" v="no" /></way><way id="728" timestamp="2026-03-31T20:21:19Z" uid="1" user="OSMnx" version="1" changeset="1"><nd ref="5368884307" /><nd ref="5368884308" /><tag k="highway" v="unclassified" /><tag k="oneway" v="no" /></way><way id="729" timestamp="2026-03-31T20:21:19Z" uid="1" user="OSMnx" version="1" changeset="1"><nd ref="5368884308" /><nd ref="5368884307" /><tag k="highway" v="unclassified" /><tag k="oneway" v="no" /></way><way id="730" timestamp="2026-03-31T20:21:19Z" uid="1" user="OSMnx" version="1" changeset="1"><nd ref="5368884308" /><nd ref="5368884309" /><tag k="highway" v="unclassified" /><tag k="oneway" v="no" /></way><way id="731" timestamp="2026-03-31T20:21:19Z" uid="1" user="OSMnx" version="1" changeset="1"><nd ref="5368884309" /><nd ref="5368884313" /><tag k="highway" v="residential" /><tag k="oneway" v="no" /></way><way id="732" timestamp="2026-03-31T20:21:19Z" uid="1" user="OSMnx" version="1" changeset="1"><nd ref="5368884309" /><nd ref="5368884311" /><tag k="highway" v="residential" /><tag k="oneway" v="no" /></way><way id="733" timestamp="2026-03-31T20:21:19Z" uid="1" user="OSMnx" version="1" changeset="1"><nd ref="5368884309" /><nd ref="5368884308" /><tag k="highway" v="unclassified" /><tag k="oneway" v="no" /></way><way id="734" timestamp="2026-03-31T20:21:19Z" uid="1" user="OSMnx" version="1" changeset="1"><nd ref="5368884309" /><nd ref="5368884310" /><tag k="highway" v="unclassified" /><tag k="oneway" v="no" /></way><way id="735" timestamp="2026-03-31T20:21:19Z" uid="1" user="OSMnx" version="1" changeset="1"><nd ref="5368884310" /><nd ref="4260123591" /><tag k="highway" v="primary" /><tag k="oneway" v="yes" /></way><way id="736" timestamp="2026-03-31T20:21:19Z" uid="1" user="OSMnx" version="1" changeset="1"><nd ref="5368884310" /><nd ref="5368884309" /><tag k="highway" v="unclassified" /><tag k="oneway" v="no" /></way><way id="737" timestamp="2026-03-31T20:21:19Z" uid="1" user="OSMnx" version="1" changeset="1"><nd ref="5368884311" /><nd ref="5368884309" /><tag k="highway" v="residential" /><tag k="oneway" v="no" /></way><way id="738" timestamp="2026-03-31T20:21:19Z" uid="1" user="OSMnx" version="1" changeset="1"><nd ref="5368884311" /><nd ref="5369242286" /><tag k="highway" v="residential" /><tag k="oneway" v="no" /></way><way id="739" timestamp="2026-03-31T20:21:19Z" uid="1" user="OSMnx" version="1" changeset="1"><nd ref="5368884312" /><nd ref="5368762885" /><tag k="highway" v="residential" /><tag k="oneway" v="no" /></way><way id="740" timestamp="2026-03-31T20:21:19Z" uid="1" user="OSMnx" version="1" changeset="1"><nd ref="5368884312" /><nd ref="5369138008" /><tag k="highway" v="residential" /><tag k="oneway" v="no" /></way><way id="741" timestamp="2026-03-31T20:21:19Z" uid="1" user="OSMnx" version="1" changeset="1"><nd ref="5368884312" /><nd ref="5368763508" /><tag k="highway" v="primary" /><tag k="lanes" v="3" /><tag k="oneway" v="yes" /></way><way id="742" timestamp="2026-03-31T20:21:19Z" uid="1" user="OSMnx" version="1" changeset="1"><nd ref="5368884313" /><nd ref="5369138008" /><tag k="highway" v="residential" /><tag k="oneway" v="no" /></way><way id="743" timestamp="2026-03-31T20:21:19Z" uid="1" user="OSMnx" version="1" changeset="1"><nd ref="5368884313" /><nd ref="5368884309" /><tag k="highway" v="residential" /><tag k="oneway" v="no" /></way><way id="744" timestamp="2026-03-31T20:21:19Z" uid="1" user="OSMnx" version="1" changeset="1"><nd ref="5368884314" /><nd ref="5368883416" /><tag k="highway" v="service" /><tag k="oneway" v="no" /></way><way id="745" timestamp="2026-03-31T20:21:19Z" uid="1" user="OSMnx" version="1" changeset="1"><nd ref="5368884314" /><nd ref="5368884427" /><tag k="highway" v="service" /><tag k="oneway" v="no" /></way><way id="746" timestamp="2026-03-31T20:21:19Z" uid="1" user="OSMnx" version="1" changeset="1"><nd ref="5368884314" /><nd ref="5368884428" /><tag k="highway" v="service" /><tag k="oneway" v="no" /></way><way id="747" timestamp="2026-03-31T20:21:19Z" uid="1" user="OSMnx" version="1" changeset="1"><nd ref="5368884315" /><nd ref="5368762873" /><tag k="highway" v="primary" /><tag k="oneway" v="yes" /></way><way id="748" timestamp="2026-03-31T20:21:19Z" uid="1" user="OSMnx" version="1" changeset="1"><nd ref="5368884315" /><nd ref="5368883416" /><tag k="highway" v="service" /><tag k="oneway" v="no" /></way><way id="749" timestamp="2026-03-31T20:21:19Z" uid="1" user="OSMnx" version="1" changeset="1"><nd ref="5368884316" /><nd ref="5368884436" /><tag k="highway" v="service" /><tag k="oneway" v="no" /></way><way id="750" timestamp="2026-03-31T20:21:19Z" uid="1" user="OSMnx" version="1" changeset="1"><nd ref="5368884316" /><nd ref="5368884317" /><tag k="highway" v="service" /><tag k="oneway" v="no" /></way><way id="751" timestamp="2026-03-31T20:21:19Z" uid="1" user="OSMnx" version="1" changeset="1"><nd ref="5368884317" /><nd ref="5368884316" /><tag k="highway" v="service" /><tag k="oneway" v="no" /></way><way id="752" timestamp="2026-03-31T20:21:19Z" uid="1" user="OSMnx" version="1" changeset="1"><nd ref="5368884317" /><nd ref="5368884318" /><tag k="highway" v="service" /><tag k="oneway" v="no" /></way><way id="753" timestamp="2026-03-31T20:21:19Z" uid="1" user="OSMnx" version="1" changeset="1"><nd ref="5368884318" /><nd ref="5368884317" /><tag k="highway" v="service" /><tag k="oneway" v="no" /></way><way id="754" timestamp="2026-03-31T20:21:19Z" uid="1" user="OSMnx" version="1" changeset="1"><nd ref="5368884318" /><nd ref="5368884319" /><tag k="highway" v="service" /><tag k="oneway" v="no" /></way><way id="755" timestamp="2026-03-31T20:21:19Z" uid="1" user="OSMnx" version="1" changeset="1"><nd ref="5368884319" /><nd ref="5368884318" /><tag k="highway" v="service" /><tag k="oneway" v="no" /></way><way id="756" timestamp="2026-03-31T20:21:19Z" uid="1" user="OSMnx" version="1" changeset="1"><nd ref="5368884319" /><nd ref="5368884320" /><tag k="highway" v="service" /><tag k="oneway" v="no" /></way><way id="757" timestamp="2026-03-31T20:21:19Z" uid="1" user="OSMnx" version="1" changeset="1"><nd ref="5368884320" /><nd ref="5368884319" /><tag k="highway" v="service" /><tag k="oneway" v="no" /></way><way id="758" timestamp="2026-03-31T20:21:19Z" uid="1" user="OSMnx" version="1" changeset="1"><nd ref="5368884320" /><nd ref="5368884421" /><tag k="highway" v="service" /><tag k="oneway" v="no" /></way><way id="759" timestamp="2026-03-31T20:21:19Z" uid="1" user="OSMnx" version="1" changeset="1"><nd ref="5368884421" /><nd ref="5368884320" /><tag k="highway" v="service" /><tag k="oneway" v="no" /></way><way id="760" timestamp="2026-03-31T20:21:19Z" uid="1" user="OSMnx" version="1" changeset="1"><nd ref="5368884421" /><nd ref="5368884422" /><tag k="highway" v="service" /><tag k="oneway" v="no" /></way><way id="761" timestamp="2026-03-31T20:21:19Z" uid="1" user="OSMnx" version="1" changeset="1"><nd ref="5368884422" /><nd ref="5368884421" /><tag k="highway" v="service" /><tag k="oneway" v="no" /></way><way id="762" timestamp="2026-03-31T20:21:19Z" uid="1" user="OSMnx" version="1" changeset="1"><nd ref="5368884422" /><nd ref="5368884423" /><tag k="highway" v="service" /><tag k="oneway" v="no" /></way><way id="763" timestamp="2026-03-31T20:21:19Z" uid="1" user="OSMnx" version="1" changeset="1"><nd ref="5368884423" /><nd ref="5368884422" /><tag k="highway" v="service" /><tag k="oneway" v="no" /></way><way id="764" timestamp="2026-03-31T20:21:19Z" uid="1" user="OSMnx" version="1" changeset="1"><nd ref="5368884423" /><nd ref="5368884424" /><tag k="highway" v="service" /><tag k="oneway" v="no" /></way><way id="765" timestamp="2026-03-31T20:21:19Z" uid="1" user="OSMnx" version="1" changeset="1"><nd ref="5368884424" /><nd ref="5368759647" /><tag k="highway" v="service" /><tag k="oneway" v="no" /></way><way id="766" timestamp="2026-03-31T20:21:19Z" uid="1" user="OSMnx" version="1" changeset="1"><nd ref="5368884424" /><nd ref="5368759648" /><tag k="highway" v="service" /><tag k="oneway" v="no" /></way><way id="767" timestamp="2026-03-31T20:21:19Z" uid="1" user="OSMnx" version="1" changeset="1"><nd ref="5368884424" /><nd ref="5368884423" /><tag k="highway" v="service" /><tag k="oneway" v="no" /></way><way id="768" timestamp="2026-03-31T20:21:19Z" uid="1" user="OSMnx" version="1" changeset="1"><nd ref="5368884424" /><nd ref="5368884425" /><tag k="highway" v="service" /><tag k="oneway" v="no" /></way><way id="769" timestamp="2026-03-31T20:21:19Z" uid="1" user="OSMnx" version="1" changeset="1"><nd ref="5368884425" /><nd ref="5368884424" /><tag k="highway" v="service" /><tag k="oneway" v="no" /></way><way id="770" timestamp="2026-03-31T20:21:19Z" uid="1" user="OSMnx" version="1" changeset="1"><nd ref="5368884425" /><nd ref="5368884426" /><tag k="highway" v="service" /><tag k="oneway" v="no" /></way><way id="771" timestamp="2026-03-31T20:21:19Z" uid="1" user="OSMnx" version="1" changeset="1"><nd ref="5368884426" /><nd ref="5368884425" /><tag k="highway" v="service" /><tag k="oneway" v="no" /></way><way id="772" timestamp="2026-03-31T20:21:19Z" uid="1" user="OSMnx" version="1" changeset="1"><nd ref="5368884426" /><nd ref="5368884427" /><tag k="highway" v="service" /><tag k="oneway" v="no" /></way><way id="773" timestamp="2026-03-31T20:21:19Z" uid="1" user="OSMnx" version="1" changeset="1"><nd ref="5368884427" /><nd ref="5368884426" /><tag k="highway" v="service" /><tag k="oneway" v="no" /></way><way id="774" timestamp="2026-03-31T20:21:19Z" uid="1" user="OSMnx" version="1" changeset="1"><nd ref="5368884427" /><nd ref="5368884314" /><tag k="highway" v="service" /><tag k="oneway" v="no" /></way><way id="775" timestamp="2026-03-31T20:21:19Z" uid="1" user="OSMnx" version="1" changeset="1"><nd ref="5368884428" /><nd ref="5368884314" /><tag k="highway" v="service" /><tag k="oneway" v="no" /></way><way id="776" timestamp="2026-03-31T20:21:19Z" uid="1" user="OSMnx" version="1" changeset="1"><nd ref="5368884428" /><nd ref="5368884429" /><tag k="highway" v="service" /><tag k="oneway" v="no" /></way><way id="777" timestamp="2026-03-31T20:21:19Z" uid="1" user="OSMnx" version="1" changeset="1"><nd ref="5368884429" /><nd ref="5368884428" /><tag k="highway" v="service" /><tag k="oneway" v="no" /></way><way id="778" timestamp="2026-03-31T20:21:19Z" uid="1" user="OSMnx" version="1" changeset="1"><nd ref="5368884429" /><nd ref="5368884430" /><tag k="highway" v="service" /><tag k="oneway" v="no" /></way><way id="779" timestamp="2026-03-31T20:21:19Z" uid="1" user="OSMnx" version="1" changeset="1"><nd ref="5368884430" /><nd ref="5368884429" /><tag k="highway" v="service" /><tag k="oneway" v="no" /></way><way id="780" timestamp="2026-03-31T20:21:19Z" uid="1" user="OSMnx" version="1" changeset="1"><nd ref="5368884430" /><nd ref="5368884431" /><tag k="highway" v="service" /><tag k="oneway" v="no" /></way><way id="781" timestamp="2026-03-31T20:21:19Z" uid="1" user="OSMnx" version="1" changeset="1"><nd ref="5368884431" /><nd ref="5368884430" /><tag k="highway" v="service" /><tag k="oneway" v="no" /></way><way id="782" timestamp="2026-03-31T20:21:19Z" uid="1" user="OSMnx" version="1" changeset="1"><nd ref="5368884431" /><nd ref="5368884432" /><tag k="highway" v="service" /><tag k="oneway" v="no" /></way><way id="783" timestamp="2026-03-31T20:21:19Z" uid="1" user="OSMnx" version="1" changeset="1"><nd ref="5368884432" /><nd ref="5368884431" /><tag k="highway" v="service" /><tag k="oneway" v="no" /></way><way id="784" timestamp="2026-03-31T20:21:19Z" uid="1" user="OSMnx" version="1" changeset="1"><nd ref="5368884432" /><nd ref="5368884433" /><tag k="highway" v="service" /><tag k="oneway" v="no" /></way><way id="785" timestamp="2026-03-31T20:21:19Z" uid="1" user="OSMnx" version="1" changeset="1"><nd ref="5368884433" /><nd ref="5368884432" /><tag k="highway" v="service" /><tag k="oneway" v="no" /></way><way id="786" timestamp="2026-03-31T20:21:19Z" uid="1" user="OSMnx" version="1" changeset="1"><nd ref="5368884433" /><nd ref="5368884434" /><tag k="highway" v="service" /><tag k="oneway" v="no" /></way><way id="787" timestamp="2026-03-31T20:21:19Z" uid="1" user="OSMnx" version="1" changeset="1"><nd ref="5368884434" /><nd ref="5368884433" /><tag k="highway" v="service" /><tag k="oneway" v="no" /></way><way id="788" timestamp="2026-03-31T20:21:19Z" uid="1" user="OSMnx" version="1" changeset="1"><nd ref="5368884434" /><nd ref="5368884435" /><tag k="highway" v="service" /><tag k="oneway" v="no" /></way><way id="789" timestamp="2026-03-31T20:21:19Z" uid="1" user="OSMnx" version="1" changeset="1"><nd ref="5368884435" /><nd ref="5368884434" /><tag k="highway" v="service" /><tag k="oneway" v="no" /></way><way id="790" timestamp="2026-03-31T20:21:19Z" uid="1" user="OSMnx" version="1" changeset="1"><nd ref="5368884435" /><nd ref="5368884436" /><tag k="highway" v="service" /><tag k="oneway" v="no" /></way><way id="791" timestamp="2026-03-31T20:21:19Z" uid="1" user="OSMnx" version="1" changeset="1"><nd ref="5368884436" /><nd ref="5368759649" /><tag k="highway" v="service" /><tag k="oneway" v="no" /></way><way id="792" timestamp="2026-03-31T20:21:19Z" uid="1" user="OSMnx" version="1" changeset="1"><nd ref="5368884436" /><nd ref="5368759650" /><tag k="highway" v="service" /><tag k="oneway" v="no" /></way><way id="793" timestamp="2026-03-31T20:21:19Z" uid="1" user="OSMnx" version="1" changeset="1"><nd ref="5368884436" /><nd ref="5368884435" /><tag k="highway" v="service" /><tag k="oneway" v="no" /></way><way id="794" timestamp="2026-03-31T20:21:19Z" uid="1" user="OSMnx" version="1" changeset="1"><nd ref="5368884436" /><nd ref="5368884316" /><tag k="highway" v="service" /><tag k="oneway" v="no" /></way><way id="795" timestamp="2026-03-31T20:21:19Z" uid="1" user="OSMnx" version="1" changeset="1"><nd ref="5368884474" /><nd ref="5368759654" /><tag k="highway" v="service" /><tag k="oneway" v="no" /></way><way id="796" timestamp="2026-03-31T20:21:19Z" uid="1" user="OSMnx" version="1" changeset="1"><nd ref="5368884474" /><nd ref="5368759655" /><tag k="highway" v="service" /><tag k="oneway" v="no" /></way><way id="797" timestamp="2026-03-31T20:21:19Z" uid="1" user="OSMnx" version="1" changeset="1"><nd ref="5368884474" /><nd ref="5368884475" /><tag k="highway" v="service" /><tag k="oneway" v="no" /></way><way id="798" timestamp="2026-03-31T20:21:19Z" uid="1" user="OSMnx" version="1" changeset="1"><nd ref="5368884475" /><nd ref="5368759656" /><tag k="highway" v="service" /><tag k="oneway" v="no" /></way><way id="799" timestamp="2026-03-31T20:21:19Z" uid="1" user="OSMnx" version="1" changeset="1"><nd ref="5368884475" /><nd ref="5368759657" /><tag k="highway" v="service" /><tag k="oneway" v="no" /></way><way id="800" timestamp="2026-03-31T20:21:19Z" uid="1" user="OSMnx" version="1" changeset="1"><nd ref="5368884475" /><nd ref="5368884474" /><tag k="highway" v="service" /><tag k="oneway" v="no" /></way><way id="801" timestamp="2026-03-31T20:21:19Z" uid="1" user="OSMnx" version="1" changeset="1"><nd ref="5368884516" /><nd ref="5368762717" /><tag k="highway" v="footway" /><tag k="oneway" v="no" /></way><way id="802" timestamp="2026-03-31T20:21:19Z" uid="1" user="OSMnx" version="1" changeset="1"><nd ref="5368884516" /><nd ref="5368884517" /><tag k="highway" v="footway" /><tag k="oneway" v="no" /></way><way id="803" timestamp="2026-03-31T20:21:19Z" uid="1" user="OSMnx" version="1" changeset="1"><nd ref="5368884517" /><nd ref="5368884516" /><tag k="highway" v="footway" /><tag k="oneway" v="no" /></way><way id="804" timestamp="2026-03-31T20:21:19Z" uid="1" user="OSMnx" version="1" changeset="1"><nd ref="5368884517" /><nd ref="5368763025" /><tag k="highway" v="footway" /><tag k="oneway" v="no" /></way><way id="805" timestamp="2026-03-31T20:21:19Z" uid="1" user="OSMnx" version="1" changeset="1"><nd ref="5369137383" /><nd ref="5368763093" /><tag k="highway" v="tertiary" /><tag k="oneway" v="yes" /></way><way id="806" timestamp="2026-03-31T20:21:19Z" uid="1" user="OSMnx" version="1" changeset="1"><nd ref="5369137816" /><nd ref="5369137817" /><tag k="highway" v="unclassified" /><tag k="oneway" v="no" /></way><way id="807" timestamp="2026-03-31T20:21:19Z" uid="1" user="OSMnx" version="1" changeset="1"><nd ref="5369137817" /><nd ref="5369137816" /><tag k="highway" v="unclassified" /><tag k="oneway" v="no" /></way><way id="808" timestamp="2026-03-31T20:21:19Z" uid="1" user="OSMnx" version="1" changeset="1"><nd ref="5369137817" /><nd ref="5369137818" /><tag k="highway" v="unclassified" /><tag k="oneway" v="no" /></way><way id="809" timestamp="2026-03-31T20:21:19Z" uid="1" user="OSMnx" version="1" changeset="1"><nd ref="5369137818" /><nd ref="5369137817" /><tag k="highway" v="unclassified" /><tag k="oneway" v="no" /></way><way id="810" timestamp="2026-03-31T20:21:19Z" uid="1" user="OSMnx" version="1" changeset="1"><nd ref="5369137818" /><nd ref="5369137819" /><tag k="highway" v="unclassified" /><tag k="oneway" v="no" /></way><way id="811" timestamp="2026-03-31T20:21:19Z" uid="1" user="OSMnx" version="1" changeset="1"><nd ref="5369137819" /><nd ref="5369137818" /><tag k="highway" v="unclassified" /><tag k="oneway" v="no" /></way><way id="812" timestamp="2026-03-31T20:21:19Z" uid="1" user="OSMnx" version="1" changeset="1"><nd ref="5369137819" /><nd ref="5369137820" /><tag k="highway" v="unclassified" /><tag k="oneway" v="no" /></way><way id="813" timestamp="2026-03-31T20:21:19Z" uid="1" user="OSMnx" version="1" changeset="1"><nd ref="5369137820" /><nd ref="5369137819" /><tag k="highway" v="unclassified" /><tag k="oneway" v="no" /></way><way id="814" timestamp="2026-03-31T20:21:19Z" uid="1" user="OSMnx" version="1" changeset="1"><nd ref="5369137820" /><nd ref="5369137821" /><tag k="highway" v="unclassified" /><tag k="oneway" v="no" /></way><way id="815" timestamp="2026-03-31T20:21:19Z" uid="1" user="OSMnx" version="1" changeset="1"><nd ref="5369137821" /><nd ref="5369137820" /><tag k="highway" v="unclassified" /><tag k="oneway" v="no" /></way><way id="816" timestamp="2026-03-31T20:21:19Z" uid="1" user="OSMnx" version="1" changeset="1"><nd ref="5369137821" /><nd ref="5369137822" /><tag k="highway" v="unclassified" /><tag k="oneway" v="no" /></way><way id="817" timestamp="2026-03-31T20:21:19Z" uid="1" user="OSMnx" version="1" changeset="1"><nd ref="5369137822" /><nd ref="5369137821" /><tag k="highway" v="unclassified" /><tag k="oneway" v="no" /></way><way id="818" timestamp="2026-03-31T20:21:19Z" uid="1" user="OSMnx" version="1" changeset="1"><nd ref="5369137822" /><nd ref="5369137823" /><tag k="highway" v="unclassified" /><tag k="oneway" v="no" /></way><way id="819" timestamp="2026-03-31T20:21:19Z" uid="1" user="OSMnx" version="1" changeset="1"><nd ref="5369137823" /><nd ref="5369137822" /><tag k="highway" v="unclassified" /><tag k="oneway" v="no" /></way><way id="820" timestamp="2026-03-31T20:21:19Z" uid="1" user="OSMnx" version="1" changeset="1"><nd ref="5369137823" /><nd ref="5369137824" /><tag k="highway" v="unclassified" /><tag k="oneway" v="no" /></way><way id="821" timestamp="2026-03-31T20:21:19Z" uid="1" user="OSMnx" version="1" changeset="1"><nd ref="5369137824" /><nd ref="5369137823" /><tag k="highway" v="unclassified" /><tag k="oneway" v="no" /></way><way id="822" timestamp="2026-03-31T20:21:19Z" uid="1" user="OSMnx" version="1" changeset="1"><nd ref="5369137824" /><nd ref="5369137825" /><tag k="highway" v="unclassified" /><tag k="oneway" v="no" /></way><way id="823" timestamp="2026-03-31T20:21:19Z" uid="1" user="OSMnx" version="1" changeset="1"><nd ref="5369137825" /><nd ref="5369137824" /><tag k="highway" v="unclassified" /><tag k="oneway" v="no" /></way><way id="824" timestamp="2026-03-31T20:21:19Z" uid="1" user="OSMnx" version="1" changeset="1"><nd ref="5369137825" /><nd ref="5369137826" /><tag k="highway" v="unclassified" /><tag k="oneway" v="no" /></way><way id="825" timestamp="2026-03-31T20:21:19Z" uid="1" user="OSMnx" version="1" changeset="1"><nd ref="5369137826" /><nd ref="5369137825" /><tag k="highway" v="unclassified" /><tag k="oneway" v="no" /></way><way id="826" timestamp="2026-03-31T20:21:19Z" uid="1" user="OSMnx" version="1" changeset="1"><nd ref="5369137826" /><nd ref="5369137827" /><tag k="highway" v="unclassified" /><tag k="oneway" v="no" /></way><way id="827" timestamp="2026-03-31T20:21:19Z" uid="1" user="OSMnx" version="1" changeset="1"><nd ref="5369137827" /><nd ref="5369137826" /><tag k="highway" v="unclassified" /><tag k="oneway" v="no" /></way><way id="828" timestamp="2026-03-31T20:21:19Z" uid="1" user="OSMnx" version="1" changeset="1"><nd ref="5369137827" /><nd ref="5369137828" /><tag k="highway" v="unclassified" /><tag k="oneway" v="no" /></way><way id="829" timestamp="2026-03-31T20:21:19Z" uid="1" user="OSMnx" version="1" changeset="1"><nd ref="5369137828" /><nd ref="5369137827" /><tag k="highway" v="unclassified" /><tag k="oneway" v="no" /></way><way id="830" timestamp="2026-03-31T20:21:19Z" uid="1" user="OSMnx" version="1" changeset="1"><nd ref="5369137828" /><nd ref="5369137829" /><tag k="highway" v="unclassified" /><tag k="oneway" v="no" /></way><way id="831" timestamp="2026-03-31T20:21:19Z" uid="1" user="OSMnx" version="1" changeset="1"><nd ref="5369137829" /><nd ref="5369137828" /><tag k="highway" v="unclassified" /><tag k="oneway" v="no" /></way><way id="832" timestamp="2026-03-31T20:21:19Z" uid="1" user="OSMnx" version="1" changeset="1"><nd ref="5369137829" /><nd ref="5369137830" /><tag k="highway" v="unclassified" /><tag k="oneway" v="no" /></way><way id="833" timestamp="2026-03-31T20:21:19Z" uid="1" user="OSMnx" version="1" changeset="1"><nd ref="5369137830" /><nd ref="5369137829" /><tag k="highway" v="unclassified" /><tag k="oneway" v="no" /></way><way id="834" timestamp="2026-03-31T20:21:19Z" uid="1" user="OSMnx" version="1" changeset="1"><nd ref="5369137830" /><nd ref="5369137831" /><tag k="highway" v="unclassified" /><tag k="oneway" v="no" /></way><way id="835" timestamp="2026-03-31T20:21:19Z" uid="1" user="OSMnx" version="1" changeset="1"><nd ref="5369137831" /><nd ref="5369137830" /><tag k="highway" v="unclassified" /><tag k="oneway" v="no" /></way><way id="836" timestamp="2026-03-31T20:21:19Z" uid="1" user="OSMnx" version="1" changeset="1"><nd ref="5369137831" /><nd ref="5369137832" /><tag k="highway" v="unclassified" /><tag k="oneway" v="no" /></way><way id="837" timestamp="2026-03-31T20:21:19Z" uid="1" user="OSMnx" version="1" changeset="1"><nd ref="5369137832" /><nd ref="5369137831" /><tag k="highway" v="unclassified" /><tag k="oneway" v="no" /></way><way id="838" timestamp="2026-03-31T20:21:19Z" uid="1" user="OSMnx" version="1" changeset="1"><nd ref="5369137832" /><nd ref="5369137833" /><tag k="highway" v="unclassified" /><tag k="oneway" v="no" /></way><way id="839" timestamp="2026-03-31T20:21:19Z" uid="1" user="OSMnx" version="1" changeset="1"><nd ref="5369137833" /><nd ref="5369137832" /><tag k="highway" v="unclassified" /><tag k="oneway" v="no" /></way><way id="840" timestamp="2026-03-31T20:21:19Z" uid="1" user="OSMnx" version="1" changeset="1"><nd ref="5369137833" /><nd ref="5369137834" /><tag k="highway" v="unclassified" /><tag k="oneway" v="no" /></way><way id="841" timestamp="2026-03-31T20:21:19Z" uid="1" user="OSMnx" version="1" changeset="1"><nd ref="5369137834" /><nd ref="5369137833" /><tag k="highway" v="unclassified" /><tag k="oneway" v="no" /></way><way id="842" timestamp="2026-03-31T20:21:19Z" uid="1" user="OSMnx" version="1" changeset="1"><nd ref="5369137834" /><nd ref="5369137835" /><tag k="highway" v="unclassified" /><tag k="oneway" v="no" /></way><way id="843" timestamp="2026-03-31T20:21:19Z" uid="1" user="OSMnx" version="1" changeset="1"><nd ref="5369137835" /><nd ref="5369137834" /><tag k="highway" v="unclassified" /><tag k="oneway" v="no" /></way><way id="844" timestamp="2026-03-31T20:21:19Z" uid="1" user="OSMnx" version="1" changeset="1"><nd ref="5369137835" /><nd ref="5369137836" /><tag k="highway" v="unclassified" /><tag k="oneway" v="no" /></way><way id="845" timestamp="2026-03-31T20:21:19Z" uid="1" user="OSMnx" version="1" changeset="1"><nd ref="5369137836" /><nd ref="5369137835" /><tag k="highway" v="unclassified" /><tag k="oneway" v="no" /></way><way id="846" timestamp="2026-03-31T20:21:19Z" uid="1" user="OSMnx" version="1" changeset="1"><nd ref="5369137836" /><nd ref="5369137837" /><tag k="highway" v="unclassified" /><tag k="oneway" v="no" /></way><way id="847" timestamp="2026-03-31T20:21:19Z" uid="1" user="OSMnx" version="1" changeset="1"><nd ref="5369137837" /><nd ref="5369137836" /><tag k="highway" v="unclassified" /><tag k="oneway" v="no" /></way><way id="848" timestamp="2026-03-31T20:21:19Z" uid="1" user="OSMnx" version="1" changeset="1"><nd ref="5369137837" /><nd ref="5369137838" /><tag k="highway" v="unclassified" /><tag k="oneway" v="no" /></way><way id="849" timestamp="2026-03-31T20:21:19Z" uid="1" user="OSMnx" version="1" changeset="1"><nd ref="5369137838" /><nd ref="5369137837" /><tag k="highway" v="unclassified" /><tag k="oneway" v="no" /></way><way id="850" timestamp="2026-03-31T20:21:19Z" uid="1" user="OSMnx" version="1" changeset="1"><nd ref="5369137838" /><nd ref="5368762317" /><tag k="highway" v="trunk" /><tag k="oneway" v="no" /></way><way id="851" timestamp="2026-03-31T20:21:19Z" uid="1" user="OSMnx" version="1" changeset="1"><nd ref="5369137838" /><nd ref="5368762320" /><tag k="highway" v="trunk" /><tag k="oneway" v="no" /></way><way id="852" timestamp="2026-03-31T20:21:19Z" uid="1" user="OSMnx" version="1" changeset="1"><nd ref="5369137881" /><nd ref="5369137917" /><tag k="highway" v="residential" /><tag k="oneway" v="no" /></way><way id="853" timestamp="2026-03-31T20:21:19Z" uid="1" user="OSMnx" version="1" changeset="1"><nd ref="5369137881" /><nd ref="5368759641" /><tag k="highway" v="residential" /><tag k="oneway" v="no" /></way><way id="854" timestamp="2026-03-31T20:21:19Z" uid="1" user="OSMnx" version="1" changeset="1"><nd ref="5369137881" /><nd ref="5369137889" /><tag k="highway" v="service" /><tag k="oneway" v="no" /></way><way id="855" timestamp="2026-03-31T20:21:19Z" uid="1" user="OSMnx" version="1" changeset="1"><nd ref="5369137882" /><nd ref="5369137884" /><tag k="highway" v="service" /><tag k="oneway" v="no" /></way><way id="856" timestamp="2026-03-31T20:21:19Z" uid="1" user="OSMnx" version="1" changeset="1"><nd ref="5369137882" /><nd ref="5369137883" /><tag k="highway" v="service" /><tag k="oneway" v="no" /></way><way id="857" timestamp="2026-03-31T20:21:19Z" uid="1" user="OSMnx" version="1" changeset="1"><nd ref="5369137882" /><nd ref="5369137894" /><tag k="highway" v="service" /><tag k="oneway" v="no" /></way><way id="858" timestamp="2026-03-31T20:21:19Z" uid="1" user="OSMnx" version="1" changeset="1"><nd ref="5369137882" /><nd ref="5369137895" /><tag k="highway" v="service" /><tag k="oneway" v="no" /></way><way id="859" timestamp="2026-03-31T20:21:19Z" uid="1" user="OSMnx" version="1" changeset="1"><nd ref="5369137883" /><nd ref="5369137882" /><tag k="highway" v="service" /><tag k="oneway" v="no" /></way><way id="860" timestamp="2026-03-31T20:21:19Z" uid="1" user="OSMnx" version="1" changeset="1"><nd ref="5369137884" /><nd ref="5369137882" /><tag k="highway" v="service" /><tag k="oneway" v="no" /></way><way id="861" timestamp="2026-03-31T20:21:19Z" uid="1" user="OSMnx" version="1" changeset="1"><nd ref="5369137884" /><nd ref="5369137885" /><tag k="highway" v="service" /><tag k="oneway" v="no" /></way><way id="862" timestamp="2026-03-31T20:21:19Z" uid="1" user="OSMnx" version="1" changeset="1"><nd ref="5369137885" /><nd ref="5369137884" /><tag k="highway" v="service" /><tag k="oneway" v="no" /></way><way id="863" timestamp="2026-03-31T20:21:19Z" uid="1" user="OSMnx" version="1" changeset="1"><nd ref="5369137885" /><nd ref="5369137886" /><tag k="highway" v="service" /><tag k="oneway" v="no" /></way><way id="864" timestamp="2026-03-31T20:21:19Z" uid="1" user="OSMnx" version="1" changeset="1"><nd ref="5369137885" /><nd ref="5369137896" /><tag k="highway" v="service" /><tag k="oneway" v="no" /></way><way id="865" timestamp="2026-03-31T20:21:19Z" uid="1" user="OSMnx" version="1" changeset="1"><nd ref="5369137885" /><nd ref="5369137894" /><tag k="highway" v="service" /><tag k="oneway" v="no" /></way><way id="866" timestamp="2026-03-31T20:21:19Z" uid="1" user="OSMnx" version="1" changeset="1"><nd ref="5369137886" /><nd ref="5369137885" /><tag k="highway" v="service" /><tag k="oneway" v="no" /></way><way id="867" timestamp="2026-03-31T20:21:19Z" uid="1" user="OSMnx" version="1" changeset="1"><nd ref="5369137886" /><nd ref="5369137887" /><tag k="highway" v="service" /><tag k="oneway" v="no" /></way><way id="868" timestamp="2026-03-31T20:21:19Z" uid="1" user="OSMnx" version="1" changeset="1"><nd ref="5369137887" /><nd ref="5369137886" /><tag k="highway" v="service" /><tag k="oneway" v="no" /></way><way id="869" timestamp="2026-03-31T20:21:19Z" uid="1" user="OSMnx" version="1" changeset="1"><nd ref="5369137887" /><nd ref="5369137888" /><tag k="highway" v="service" /><tag k="oneway" v="no" /></way><way id="870" timestamp="2026-03-31T20:21:19Z" uid="1" user="OSMnx" version="1" changeset="1"><nd ref="5369137888" /><nd ref="5369137887" /><tag k="highway" v="service" /><tag k="oneway" v="no" /></way><way id="871" timestamp="2026-03-31T20:21:19Z" uid="1" user="OSMnx" version="1" changeset="1"><nd ref="5369137888" /><nd ref="5369137889" /><tag k="highway" v="service" /><tag k="oneway" v="no" /></way><way id="872" timestamp="2026-03-31T20:21:19Z" uid="1" user="OSMnx" version="1" changeset="1"><nd ref="5369137889" /><nd ref="5369137881" /><tag k="highway" v="service" /><tag k="oneway" v="no" /></way><way id="873" timestamp="2026-03-31T20:21:19Z" uid="1" user="OSMnx" version="1" changeset="1"><nd ref="5369137889" /><nd ref="5369137888" /><tag k="highway" v="service" /><tag k="oneway" v="no" /></way><way id="874" timestamp="2026-03-31T20:21:19Z" uid="1" user="OSMnx" version="1" changeset="1"><nd ref="5369137889" /><nd ref="5369137890" /><tag k="highway" v="service" /><tag k="oneway" v="no" /></way><way id="875" timestamp="2026-03-31T20:21:19Z" uid="1" user="OSMnx" version="1" changeset="1"><nd ref="5369137890" /><nd ref="5369137889" /><tag k="highway" v="service" /><tag k="oneway" v="no" /></way><way id="876" timestamp="2026-03-31T20:21:19Z" uid="1" user="OSMnx" version="1" changeset="1"><nd ref="5369137890" /><nd ref="5369137891" /><tag k="highway" v="service" /><tag k="oneway" v="no" /></way><way id="877" timestamp="2026-03-31T20:21:19Z" uid="1" user="OSMnx" version="1" changeset="1"><nd ref="5369137891" /><nd ref="5369137890" /><tag k="highway" v="service" /><tag k="oneway" v="no" /></way><way id="878" timestamp="2026-03-31T20:21:19Z" uid="1" user="OSMnx" version="1" changeset="1"><nd ref="5369137891" /><nd ref="5369137892" /><tag k="highway" v="service" /><tag k="oneway" v="no" /></way><way id="879" timestamp="2026-03-31T20:21:19Z" uid="1" user="OSMnx" version="1" changeset="1"><nd ref="5369137892" /><nd ref="5369137891" /><tag k="highway" v="service" /><tag k="oneway" v="no" /></way><way id="880" timestamp="2026-03-31T20:21:19Z" uid="1" user="OSMnx" version="1" changeset="1"><nd ref="5369137892" /><nd ref="5369137893" /><tag k="highway" v="service" /><tag k="oneway" v="no" /></way><way id="881" timestamp="2026-03-31T20:21:19Z" uid="1" user="OSMnx" version="1" changeset="1"><nd ref="5369137893" /><nd ref="5369137892" /><tag k="highway" v="service" /><tag k="oneway" v="no" /></way><way id="882" timestamp="2026-03-31T20:21:19Z" uid="1" user="OSMnx" version="1" changeset="1"><nd ref="5369137893" /><nd ref="5369137894" /><tag k="highway" v="service" /><tag k="oneway" v="no" /></way><way id="883" timestamp="2026-03-31T20:21:19Z" uid="1" user="OSMnx" version="1" changeset="1"><nd ref="5369137894" /><nd ref="5369137893" /><tag k="highway" v="service" /><tag k="oneway" v="no" /></way><way id="884" timestamp="2026-03-31T20:21:19Z" uid="1" user="OSMnx" version="1" changeset="1"><nd ref="5369137894" /><nd ref="5369137882" /><tag k="highway" v="service" /><tag k="oneway" v="no" /></way><way id="885" timestamp="2026-03-31T20:21:19Z" uid="1" user="OSMnx" version="1" changeset="1"><nd ref="5369137894" /><nd ref="5369137885" /><tag k="highway" v="service" /><tag k="oneway" v="no" /></way><way id="886" timestamp="2026-03-31T20:21:19Z" uid="1" user="OSMnx" version="1" changeset="1"><nd ref="5369137894" /><nd ref="5369137897" /><tag k="highway" v="service" /><tag k="oneway" v="no" /></way><way id="887" timestamp="2026-03-31T20:21:19Z" uid="1" user="OSMnx" version="1" changeset="1"><nd ref="5369137895" /><nd ref="5368762833" /><tag k="highway" v="residential" /><tag k="oneway" v="yes" /></way><way id="888" timestamp="2026-03-31T20:21:19Z" uid="1" user="OSMnx" version="1" changeset="1"><nd ref="5369137895" /><nd ref="5369137882" /><tag k="highway" v="service" /><tag k="oneway" v="no" /></way><way id="889" timestamp="2026-03-31T20:21:19Z" uid="1" user="OSMnx" version="1" changeset="1"><nd ref="5369137896" /><nd ref="5368759639" /><tag k="highway" v="secondary" /><tag k="lanes" v="3" /><tag k="name" v="迎宾大道" /><tag k="oneway" v="yes" /></way><way id="890" timestamp="2026-03-31T20:21:19Z" uid="1" user="OSMnx" version="1" changeset="1"><nd ref="5369137896" /><nd ref="5369137885" /><tag k="highway" v="service" /><tag k="oneway" v="no" /></way><way id="891" timestamp="2026-03-31T20:21:19Z" uid="1" user="OSMnx" version="1" changeset="1"><nd ref="5369137897" /><nd ref="5369137894" /><tag k="highway" v="service" /><tag k="oneway" v="no" /></way><way id="892" timestamp="2026-03-31T20:21:19Z" uid="1" user="OSMnx" version="1" changeset="1"><nd ref="5369137906" /><nd ref="5369137907" /><tag k="highway" v="service" /><tag k="oneway" v="no" /></way><way id="893" timestamp="2026-03-31T20:21:19Z" uid="1" user="OSMnx" version="1" changeset="1"><nd ref="5369137906" /><nd ref="5369137908" /><tag k="highway" v="service" /><tag k="oneway" v="no" /></way><way id="894" timestamp="2026-03-31T20:21:19Z" uid="1" user="OSMnx" version="1" changeset="1"><nd ref="5369137906" /><nd ref="5369137915" /><tag k="highway" v="service" /><tag k="oneway" v="no" /></way><way id="895" timestamp="2026-03-31T20:21:19Z" uid="1" user="OSMnx" version="1" changeset="1"><nd ref="5369137906" /><nd ref="5369137916" /><tag k="highway" v="service" /><tag k="oneway" v="no" /></way><way id="896" timestamp="2026-03-31T20:21:19Z" uid="1" user="OSMnx" version="1" changeset="1"><nd ref="5369137907" /><nd ref="5369137906" /><tag k="highway" v="service" /><tag k="oneway" v="no" /></way><way id="897" timestamp="2026-03-31T20:21:19Z" uid="1" user="OSMnx" version="1" changeset="1"><nd ref="5369137908" /><nd ref="5369137906" /><tag k="highway" v="service" /><tag k="oneway" v="no" /></way><way id="898" timestamp="2026-03-31T20:21:19Z" uid="1" user="OSMnx" version="1" changeset="1"><nd ref="5369137909" /><nd ref="5368762871" /><tag k="highway" v="secondary" /><tag k="lanes" v="3" /><tag k="name" v="迎宾大道" /><tag k="oneway" v="yes" /></way><way id="899" timestamp="2026-03-31T20:21:19Z" uid="1" user="OSMnx" version="1" changeset="1"><nd ref="5369137909" /><nd ref="5369137915" /><tag k="highway" v="service" /><tag k="oneway" v="yes" /></way><way id="900" timestamp="2026-03-31T20:21:19Z" uid="1" user="OSMnx" version="1" changeset="1"><nd ref="5369137910" /><nd ref="5368759638" /><tag k="highway" v="secondary" /><tag k="lanes" v="3" /><tag k="name" v="迎宾大道" /><tag k="oneway" v="yes" /></way><way id="901" timestamp="2026-03-31T20:21:19Z" uid="1" user="OSMnx" version="1" changeset="1"><nd ref="5369137910" /><nd ref="5369137909" /><tag k="highway" v="service" /><tag k="oneway" v="yes" /></way><way id="902" timestamp="2026-03-31T20:21:19Z" uid="1" user="OSMnx" version="1" changeset="1"><nd ref="5369137911" /><nd ref="5368762898" /><tag k="highway" v="residential" /><tag k="oneway" v="yes" /></way><way id="903" timestamp="2026-03-31T20:21:19Z" uid="1" user="OSMnx" version="1" changeset="1"><nd ref="5369137911" /><nd ref="5369137910" /><tag k="highway" v="service" /><tag k="oneway" v="yes" /></way><way id="904" timestamp="2026-03-31T20:21:19Z" uid="1" user="OSMnx" version="1" changeset="1"><nd ref="5369137912" /><nd ref="5368759635" /><tag k="highway" v="residential" /><tag k="oneway" v="yes" /></way><way id="905" timestamp="2026-03-31T20:21:19Z" uid="1" user="OSMnx" version="1" changeset="1"><nd ref="5369137912" /><nd ref="5369137911" /><tag k="highway" v="service" /><tag k="oneway" v="yes" /></way><way id="906" timestamp="2026-03-31T20:21:19Z" uid="1" user="OSMnx" version="1" changeset="1"><nd ref="5369137913" /><nd ref="5368762852" /><tag k="highway" v="tertiary" /><tag k="oneway" v="yes" /></way><way id="907" timestamp="2026-03-31T20:21:19Z" uid="1" user="OSMnx" version="1" changeset="1"><nd ref="5369137913" /><nd ref="5369137912" /><tag k="highway" v="service" /><tag k="oneway" v="yes" /></way><way id="908" timestamp="2026-03-31T20:21:19Z" uid="1" user="OSMnx" version="1" changeset="1"><nd ref="5369137914" /><nd ref="5368762718" /><tag k="highway" v="residential" /><tag k="oneway" v="no" /></way><way id="909" timestamp="2026-03-31T20:21:19Z" uid="1" user="OSMnx" version="1" changeset="1"><nd ref="5369137914" /><nd ref="5368762719" /><tag k="highway" v="residential" /><tag k="oneway" v="no" /></way><way id="910" timestamp="2026-03-31T20:21:19Z" uid="1" user="OSMnx" version="1" changeset="1"><nd ref="5369137915" /><nd ref="5369137914" /><tag k="highway" v="service" /><tag k="oneway" v="yes" /></way><way id="911" timestamp="2026-03-31T20:21:19Z" uid="1" user="OSMnx" version="1" changeset="1"><nd ref="5369137915" /><nd ref="5369137906" /><tag k="highway" v="service" /><tag k="oneway" v="no" /></way><way id="912" timestamp="2026-03-31T20:21:19Z" uid="1" user="OSMnx" version="1" changeset="1"><nd ref="5369137916" /><nd ref="5369137906" /><tag k="highway" v="service" /><tag k="oneway" v="no" /></way><way id="913" timestamp="2026-03-31T20:21:19Z" uid="1" user="OSMnx" version="1" changeset="1"><nd ref="5369137916" /><nd ref="5369137923" /><tag k="highway" v="service" /><tag k="oneway" v="no" /></way><way id="914" timestamp="2026-03-31T20:21:19Z" uid="1" user="OSMnx" version="1" changeset="1"><nd ref="5369137916" /><nd ref="5369137924" /><tag k="highway" v="service" /><tag k="oneway" v="no" /></way><way id="915" timestamp="2026-03-31T20:21:19Z" uid="1" user="OSMnx" version="1" changeset="1"><nd ref="5369137917" /><nd ref="5368759639" /><tag k="highway" v="residential" /><tag k="oneway" v="no" /></way><way id="916" timestamp="2026-03-31T20:21:19Z" uid="1" user="OSMnx" version="1" changeset="1"><nd ref="5369137917" /><nd ref="5369137881" /><tag k="highway" v="residential" /><tag k="oneway" v="no" /></way><way id="917" timestamp="2026-03-31T20:21:19Z" uid="1" user="OSMnx" version="1" changeset="1"><nd ref="5369137917" /><nd ref="5369137919" /><tag k="highway" v="service" /><tag k="oneway" v="no" /></way><way id="918" timestamp="2026-03-31T20:21:19Z" uid="1" user="OSMnx" version="1" changeset="1"><nd ref="5369137918" /><nd ref="5369137919" /><tag k="highway" v="service" /><tag k="oneway" v="no" /></way><way id="919" timestamp="2026-03-31T20:21:19Z" uid="1" user="OSMnx" version="1" changeset="1"><nd ref="5369137918" /><nd ref="5369137921" /><tag k="highway" v="service" /><tag k="oneway" v="no" /></way><way id="920" timestamp="2026-03-31T20:21:19Z" uid="1" user="OSMnx" version="1" changeset="1"><nd ref="5369137918" /><nd ref="5369137922" /><tag k="highway" v="service" /><tag k="oneway" v="no" /></way><way id="921" timestamp="2026-03-31T20:21:19Z" uid="1" user="OSMnx" version="1" changeset="1"><nd ref="5369137919" /><nd ref="5369137918" /><tag k="highway" v="service" /><tag k="oneway" v="no" /></way><way id="922" timestamp="2026-03-31T20:21:19Z" uid="1" user="OSMnx" version="1" changeset="1"><nd ref="5369137919" /><nd ref="5369137917" /><tag k="highway" v="service" /><tag k="oneway" v="no" /></way><way id="923" timestamp="2026-03-31T20:21:19Z" uid="1" user="OSMnx" version="1" changeset="1"><nd ref="5369137919" /><nd ref="5369137920" /><tag k="highway" v="service" /><tag k="oneway" v="no" /></way><way id="924" timestamp="2026-03-31T20:21:19Z" uid="1" user="OSMnx" version="1" changeset="1"><nd ref="5369137920" /><nd ref="5369137919" /><tag k="highway" v="service" /><tag k="oneway" v="no" /></way><way id="925" timestamp="2026-03-31T20:21:19Z" uid="1" user="OSMnx" version="1" changeset="1"><nd ref="5369137921" /><nd ref="5369137909" /><tag k="highway" v="secondary" /><tag k="lanes" v="3" /><tag k="name" v="迎宾大道" /><tag k="oneway" v="yes" /></way><way id="926" timestamp="2026-03-31T20:21:19Z" uid="1" user="OSMnx" version="1" changeset="1"><nd ref="5369137921" /><nd ref="5369137918" /><tag k="highway" v="service" /><tag k="oneway" v="no" /></way><way id="927" timestamp="2026-03-31T20:21:19Z" uid="1" user="OSMnx" version="1" changeset="1"><nd ref="5369137922" /><nd ref="5369137918" /><tag k="highway" v="service" /><tag k="oneway" v="no" /></way><way id="928" timestamp="2026-03-31T20:21:19Z" uid="1" user="OSMnx" version="1" changeset="1"><nd ref="5369137922" /><nd ref="5369137923" /><tag k="highway" v="service" /><tag k="oneway" v="no" /></way><way id="929" timestamp="2026-03-31T20:21:19Z" uid="1" user="OSMnx" version="1" changeset="1"><nd ref="5369137923" /><nd ref="5369137922" /><tag k="highway" v="service" /><tag k="oneway" v="no" /></way><way id="930" timestamp="2026-03-31T20:21:19Z" uid="1" user="OSMnx" version="1" changeset="1"><nd ref="5369137923" /><nd ref="5369137916" /><tag k="highway" v="service" /><tag k="oneway" v="no" /></way><way id="931" timestamp="2026-03-31T20:21:19Z" uid="1" user="OSMnx" version="1" changeset="1"><nd ref="5369137924" /><nd ref="5369137916" /><tag k="highway" v="service" /><tag k="oneway" v="no" /></way><way id="932" timestamp="2026-03-31T20:21:19Z" uid="1" user="OSMnx" version="1" changeset="1"><nd ref="5369137924" /><nd ref="5369137925" /><tag k="highway" v="service" /><tag k="oneway" v="no" /></way><way id="933" timestamp="2026-03-31T20:21:19Z" uid="1" user="OSMnx" version="1" changeset="1"><nd ref="5369137925" /><nd ref="5369137924" /><tag k="highway" v="service" /><tag k="oneway" v="no" /></way><way id="934" timestamp="2026-03-31T20:21:19Z" uid="1" user="OSMnx" version="1" changeset="1"><nd ref="5369137939" /><nd ref="11062579253" /><tag k="highway" v="residential" /><tag k="oneway" v="no" /></way><way id="935" timestamp="2026-03-31T20:21:19Z" uid="1" user="OSMnx" version="1" changeset="1"><nd ref="5369137940" /><nd ref="11062579253" /><tag k="highway" v="residential" /><tag k="oneway" v="no" /></way><way id="936" timestamp="2026-03-31T20:21:19Z" uid="1" user="OSMnx" version="1" changeset="1"><nd ref="5369137940" /><nd ref="5369137941" /><tag k="highway" v="residential" /><tag k="oneway" v="no" /></way><way id="937" timestamp="2026-03-31T20:21:19Z" uid="1" user="OSMnx" version="1" changeset="1"><nd ref="5369137941" /><nd ref="5369137940" /><tag k="highway" v="residential" /><tag k="oneway" v="no" /></way><way id="938" timestamp="2026-03-31T20:21:19Z" uid="1" user="OSMnx" version="1" changeset="1"><nd ref="5369137941" /><nd ref="5369137953" /><tag k="highway" v="residential" /><tag k="oneway" v="no" /></way><way id="939" timestamp="2026-03-31T20:21:19Z" uid="1" user="OSMnx" version="1" changeset="1"><nd ref="5369137942" /><nd ref="5369137953" /><tag k="highway" v="residential" /><tag k="oneway" v="no" /></way><way id="940" timestamp="2026-03-31T20:21:19Z" uid="1" user="OSMnx" version="1" changeset="1"><nd ref="5369137942" /><nd ref="5369137943" /><tag k="highway" v="residential" /><tag k="oneway" v="no" /></way><way id="941" timestamp="2026-03-31T20:21:19Z" uid="1" user="OSMnx" version="1" changeset="1"><nd ref="5369137943" /><nd ref="5369137942" /><tag k="highway" v="residential" /><tag k="oneway" v="no" /></way><way id="942" timestamp="2026-03-31T20:21:19Z" uid="1" user="OSMnx" version="1" changeset="1"><nd ref="5369137943" /><nd ref="5369137944" /><tag k="highway" v="residential" /><tag k="oneway" v="no" /></way><way id="943" timestamp="2026-03-31T20:21:19Z" uid="1" user="OSMnx" version="1" changeset="1"><nd ref="5369137944" /><nd ref="5369137943" /><tag k="highway" v="residential" /><tag k="oneway" v="no" /></way><way id="944" timestamp="2026-03-31T20:21:19Z" uid="1" user="OSMnx" version="1" changeset="1"><nd ref="5369137944" /><nd ref="11062579260" /><tag k="highway" v="residential" /><tag k="oneway" v="no" /></way><way id="945" timestamp="2026-03-31T20:21:19Z" uid="1" user="OSMnx" version="1" changeset="1"><nd ref="5369137945" /><nd ref="11062579260" /><tag k="highway" v="residential" /><tag k="oneway" v="no" /></way><way id="946" timestamp="2026-03-31T20:21:19Z" uid="1" user="OSMnx" version="1" changeset="1"><nd ref="5369137945" /><nd ref="5369137946" /><tag k="highway" v="residential" /><tag k="oneway" v="no" /></way><way id="947" timestamp="2026-03-31T20:21:19Z" uid="1" user="OSMnx" version="1" changeset="1"><nd ref="5369137946" /><nd ref="5368762868" /><tag k="highway" v="tertiary" /><tag k="oneway" v="yes" /></way><way id="948" timestamp="2026-03-31T20:21:19Z" uid="1" user="OSMnx" version="1" changeset="1"><nd ref="5369137946" /><nd ref="5369137945" /><tag k="highway" v="residential" /><tag k="oneway" v="no" /></way><way id="949" timestamp="2026-03-31T20:21:19Z" uid="1" user="OSMnx" version="1" changeset="1"><nd ref="5369137947" /><nd ref="11062579254" /><tag k="highway" v="secondary" /><tag k="lanes" v="3" /><tag k="name" v="迎宾大道" /><tag k="oneway" v="yes" /></way><way id="950" timestamp="2026-03-31T20:21:19Z" uid="1" user="OSMnx" version="1" changeset="1"><nd ref="5369137947" /><nd ref="5369137948" /><tag k="highway" v="unclassified" /><tag k="oneway" v="no" /></way><way id="951" timestamp="2026-03-31T20:21:19Z" uid="1" user="OSMnx" version="1" changeset="1"><nd ref="5369137947" /><nd ref="5369137953" /><tag k="highway" v="unclassified" /><tag k="oneway" v="no" /></way><way id="952" timestamp="2026-03-31T20:21:19Z" uid="1" user="OSMnx" version="1" changeset="1"><nd ref="5369137948" /><nd ref="5368762876" /><tag k="highway" v="secondary" /><tag k="lanes" v="3" /><tag k="name" v="迎宾大道" /><tag k="oneway" v="yes" /></way><way id="953" timestamp="2026-03-31T20:21:19Z" uid="1" user="OSMnx" version="1" changeset="1"><nd ref="5369137948" /><nd ref="5369137949" /><tag k="highway" v="unclassified" /><tag k="oneway" v="no" /></way><way id="954" timestamp="2026-03-31T20:21:19Z" uid="1" user="OSMnx" version="1" changeset="1"><nd ref="5369137948" /><nd ref="5369137947" /><tag k="highway" v="unclassified" /><tag k="oneway" v="no" /></way><way id="955" timestamp="2026-03-31T20:21:19Z" uid="1" user="OSMnx" version="1" changeset="1"><nd ref="5369137949" /><nd ref="5369137955" /><tag k="highway" v="residential" /><tag k="oneway" v="yes" /></way><way id="956" timestamp="2026-03-31T20:21:19Z" uid="1" user="OSMnx" version="1" changeset="1"><nd ref="5369137949" /><nd ref="5369137950" /><tag k="highway" v="unclassified" /><tag k="oneway" v="no" /></way><way id="957" timestamp="2026-03-31T20:21:19Z" uid="1" user="OSMnx" version="1" changeset="1"><nd ref="5369137949" /><nd ref="5369137948" /><tag k="highway" v="unclassified" /><tag k="oneway" v="no" /></way><way id="958" timestamp="2026-03-31T20:21:19Z" uid="1" user="OSMnx" version="1" changeset="1"><nd ref="5369137950" /><nd ref="5368762903" /><tag k="highway" v="residential" /><tag k="oneway" v="yes" /></way><way id="959" timestamp="2026-03-31T20:21:19Z" uid="1" user="OSMnx" version="1" changeset="1"><nd ref="5369137950" /><nd ref="5369137951" /><tag k="highway" v="unclassified" /><tag k="oneway" v="no" /></way><way id="960" timestamp="2026-03-31T20:21:19Z" uid="1" user="OSMnx" version="1" changeset="1"><nd ref="5369137950" /><nd ref="5369137949" /><tag k="highway" v="unclassified" /><tag k="oneway" v="no" /></way><way id="961" timestamp="2026-03-31T20:21:19Z" uid="1" user="OSMnx" version="1" changeset="1"><nd ref="5369137951" /><nd ref="5369137952" /><tag k="highway" v="unclassified" /><tag k="oneway" v="no" /></way><way id="962" timestamp="2026-03-31T20:21:19Z" uid="1" user="OSMnx" version="1" changeset="1"><nd ref="5369137951" /><nd ref="5369137950" /><tag k="highway" v="unclassified" /><tag k="oneway" v="no" /></way><way id="963" timestamp="2026-03-31T20:21:19Z" uid="1" user="OSMnx" version="1" changeset="1"><nd ref="5369137952" /><nd ref="5368762861" /><tag k="highway" v="tertiary" /><tag k="oneway" v="yes" /></way><way id="964" timestamp="2026-03-31T20:21:19Z" uid="1" user="OSMnx" version="1" changeset="1"><nd ref="5369137952" /><nd ref="5368819828" /><tag k="highway" v="unclassified" /><tag k="oneway" v="no" /></way><way id="965" timestamp="2026-03-31T20:21:19Z" uid="1" user="OSMnx" version="1" changeset="1"><nd ref="5369137952" /><nd ref="5369137951" /><tag k="highway" v="unclassified" /><tag k="oneway" v="no" /></way><way id="966" timestamp="2026-03-31T20:21:19Z" uid="1" user="OSMnx" version="1" changeset="1"><nd ref="5369137953" /><nd ref="5369137941" /><tag k="highway" v="residential" /><tag k="oneway" v="no" /></way><way id="967" timestamp="2026-03-31T20:21:19Z" uid="1" user="OSMnx" version="1" changeset="1"><nd ref="5369137953" /><nd ref="5369137942" /><tag k="highway" v="residential" /><tag k="oneway" v="no" /></way><way id="968" timestamp="2026-03-31T20:21:19Z" uid="1" user="OSMnx" version="1" changeset="1"><nd ref="5369137953" /><nd ref="5369137947" /><tag k="highway" v="unclassified" /><tag k="oneway" v="no" /></way><way id="969" timestamp="2026-03-31T20:21:19Z" uid="1" user="OSMnx" version="1" changeset="1"><nd ref="5369137954" /><nd ref="5369137950" /><tag k="highway" v="residential" /><tag k="oneway" v="yes" /></way><way id="970" timestamp="2026-03-31T20:21:19Z" uid="1" user="OSMnx" version="1" changeset="1"><nd ref="5369137954" /><nd ref="5369137955" /><tag k="highway" v="residential" /><tag k="oneway" v="no" /></way><way id="971" timestamp="2026-03-31T20:21:19Z" uid="1" user="OSMnx" version="1" changeset="1"><nd ref="5369137955" /><nd ref="5369137954" /><tag k="highway" v="residential" /><tag k="oneway" v="no" /></way><way id="972" timestamp="2026-03-31T20:21:19Z" uid="1" user="OSMnx" version="1" changeset="1"><nd ref="5369137955" /><nd ref="11062579255" /><tag k="highway" v="residential" /><tag k="oneway" v="no" /></way><way id="973" timestamp="2026-03-31T20:21:19Z" uid="1" user="OSMnx" version="1" changeset="1"><nd ref="5369137966" /><nd ref="5368884297" /><tag k="highway" v="unclassified" /><tag k="oneway" v="no" /></way><way id="974" timestamp="2026-03-31T20:21:19Z" uid="1" user="OSMnx" version="1" changeset="1"><nd ref="5369137966" /><nd ref="5368884298" /><tag k="highway" v="unclassified" /><tag k="oneway" v="no" /></way><way id="975" timestamp="2026-03-31T20:21:19Z" uid="1" user="OSMnx" version="1" changeset="1"><nd ref="5369137967" /><nd ref="5369138005" /><tag k="highway" v="residential" /><tag k="oneway" v="no" /></way><way id="976" timestamp="2026-03-31T20:21:19Z" uid="1" user="OSMnx" version="1" changeset="1"><nd ref="5369137967" /><nd ref="5369138006" /><tag k="highway" v="residential" /><tag k="oneway" v="no" /></way><way id="977" timestamp="2026-03-31T20:21:19Z" uid="1" user="OSMnx" version="1" changeset="1"><nd ref="5369137974" /><nd ref="5369137975" /><tag k="highway" v="service" /><tag k="oneway" v="no" /></way><way id="978" timestamp="2026-03-31T20:21:19Z" uid="1" user="OSMnx" version="1" changeset="1"><nd ref="5369137974" /><nd ref="5369138007" /><tag k="highway" v="residential" /><tag k="oneway" v="no" /></way><way id="979" timestamp="2026-03-31T20:21:19Z" uid="1" user="OSMnx" version="1" changeset="1"><nd ref="5369137974" /><nd ref="5369138008" /><tag k="highway" v="residential" /><tag k="oneway" v="no" /></way><way id="980" timestamp="2026-03-31T20:21:19Z" uid="1" user="OSMnx" version="1" changeset="1"><nd ref="5369137975" /><nd ref="5369137974" /><tag k="highway" v="service" /><tag k="oneway" v="no" /></way><way id="981" timestamp="2026-03-31T20:21:19Z" uid="1" user="OSMnx" version="1" changeset="1"><nd ref="5369138005" /><nd ref="5368884300" /><tag k="highway" v="unclassified" /><tag k="oneway" v="no" /></way><way id="982" timestamp="2026-03-31T20:21:19Z" uid="1" user="OSMnx" version="1" changeset="1"><nd ref="5369138005" /><nd ref="5368884301" /><tag k="highway" v="unclassified" /><tag k="oneway" v="no" /></way><way id="983" timestamp="2026-03-31T20:21:19Z" uid="1" user="OSMnx" version="1" changeset="1"><nd ref="5369138005" /><nd ref="5369137967" /><tag k="highway" v="residential" /><tag k="oneway" v="no" /></way><way id="984" timestamp="2026-03-31T20:21:19Z" uid="1" user="OSMnx" version="1" changeset="1"><nd ref="5369138006" /><nd ref="5369137967" /><tag k="highway" v="residential" /><tag k="oneway" v="no" /></way><way id="985" timestamp="2026-03-31T20:21:19Z" uid="1" user="OSMnx" version="1" changeset="1"><nd ref="5369138006" /><nd ref="5369138007" /><tag k="highway" v="residential" /><tag k="oneway" v="no" /></way><way id="986" timestamp="2026-03-31T20:21:19Z" uid="1" user="OSMnx" version="1" changeset="1"><nd ref="5369138007" /><nd ref="5369138006" /><tag k="highway" v="residential" /><tag k="oneway" v="no" /></way><way id="987" timestamp="2026-03-31T20:21:19Z" uid="1" user="OSMnx" version="1" changeset="1"><nd ref="5369138007" /><nd ref="5369137974" /><tag k="highway" v="residential" /><tag k="oneway" v="no" /></way><way id="988" timestamp="2026-03-31T20:21:19Z" uid="1" user="OSMnx" version="1" changeset="1"><nd ref="5369138007" /><nd ref="5369138010" /><tag k="highway" v="residential" /><tag k="oneway" v="no" /></way><way id="989" timestamp="2026-03-31T20:21:19Z" uid="1" user="OSMnx" version="1" changeset="1"><nd ref="5369138007" /><nd ref="5369138011" /><tag k="highway" v="residential" /><tag k="oneway" v="no" /></way><way id="990" timestamp="2026-03-31T20:21:19Z" uid="1" user="OSMnx" version="1" changeset="1"><nd ref="5369138008" /><nd ref="5368884312" /><tag k="highway" v="residential" /><tag k="oneway" v="no" /></way><way id="991" timestamp="2026-03-31T20:21:19Z" uid="1" user="OSMnx" version="1" changeset="1"><nd ref="5369138008" /><nd ref="5368884313" /><tag k="highway" v="residential" /><tag k="oneway" v="no" /></way><way id="992" timestamp="2026-03-31T20:21:19Z" uid="1" user="OSMnx" version="1" changeset="1"><nd ref="5369138008" /><nd ref="5369137974" /><tag k="highway" v="residential" /><tag k="oneway" v="no" /></way><way id="993" timestamp="2026-03-31T20:21:19Z" uid="1" user="OSMnx" version="1" changeset="1"><nd ref="5369138008" /><nd ref="5369138009" /><tag k="highway" v="residential" /><tag k="oneway" v="no" /></way><way id="994" timestamp="2026-03-31T20:21:19Z" uid="1" user="OSMnx" version="1" changeset="1"><nd ref="5369138009" /><nd ref="5368884310" /><tag k="highway" v="primary" /><tag k="oneway" v="yes" /></way><way id="995" timestamp="2026-03-31T20:21:19Z" uid="1" user="OSMnx" version="1" changeset="1"><nd ref="5369138009" /><nd ref="5369138008" /><tag k="highway" v="residential" /><tag k="oneway" v="no" /></way><way id="996" timestamp="2026-03-31T20:21:19Z" uid="1" user="OSMnx" version="1" changeset="1"><nd ref="5369138010" /><nd ref="5368884312" /><tag k="highway" v="primary" /><tag k="lanes" v="3" /><tag k="oneway" v="yes" /></way><way id="997" timestamp="2026-03-31T20:21:19Z" uid="1" user="OSMnx" version="1" changeset="1"><nd ref="5369138010" /><nd ref="5369138007" /><tag k="highway" v="residential" /><tag k="oneway" v="no" /></way><way id="998" timestamp="2026-03-31T20:21:19Z" uid="1" user="OSMnx" version="1" changeset="1"><nd ref="5369138011" /><nd ref="5369138007" /><tag k="highway" v="residential" /><tag k="oneway" v="no" /></way><way id="999" timestamp="2026-03-31T20:21:19Z" uid="1" user="OSMnx" version="1" changeset="1"><nd ref="5369138032" /><nd ref="5369138059" /><tag k="highway" v="residential" /><tag k="oneway" v="no" /></way><way id="1000" timestamp="2026-03-31T20:21:19Z" uid="1" user="OSMnx" version="1" changeset="1"><nd ref="5369138032" /><nd ref="5369138033" /><tag k="highway" v="residential" /><tag k="oneway" v="no" /></way><way id="1001" timestamp="2026-03-31T20:21:19Z" uid="1" user="OSMnx" version="1" changeset="1"><nd ref="5369138033" /><nd ref="5369138032" /><tag k="highway" v="residential" /><tag k="oneway" v="no" /></way><way id="1002" timestamp="2026-03-31T20:21:19Z" uid="1" user="OSMnx" version="1" changeset="1"><nd ref="5369138033" /><nd ref="5369138034" /><tag k="highway" v="residential" /><tag k="oneway" v="no" /></way><way id="1003" timestamp="2026-03-31T20:21:19Z" uid="1" user="OSMnx" version="1" changeset="1"><nd ref="5369138034" /><nd ref="5369138033" /><tag k="highway" v="residential" /><tag k="oneway" v="no" /></way><way id="1004" timestamp="2026-03-31T20:21:19Z" uid="1" user="OSMnx" version="1" changeset="1"><nd ref="5369138034" /><nd ref="5369138035" /><tag k="highway" v="residential" /><tag k="oneway" v="no" /></way><way id="1005" timestamp="2026-03-31T20:21:19Z" uid="1" user="OSMnx" version="1" changeset="1"><nd ref="5369138035" /><nd ref="5369138034" /><tag k="highway" v="residential" /><tag k="oneway" v="no" /></way><way id="1006" timestamp="2026-03-31T20:21:19Z" uid="1" user="OSMnx" version="1" changeset="1"><nd ref="5369138035" /><nd ref="5369138036" /><tag k="highway" v="residential" /><tag k="oneway" v="no" /></way><way id="1007" timestamp="2026-03-31T20:21:19Z" uid="1" user="OSMnx" version="1" changeset="1"><nd ref="5369138036" /><nd ref="5369138035" /><tag k="highway" v="residential" /><tag k="oneway" v="no" /></way><way id="1008" timestamp="2026-03-31T20:21:19Z" uid="1" user="OSMnx" version="1" changeset="1"><nd ref="5369138036" /><nd ref="5369138037" /><tag k="highway" v="residential" /><tag k="oneway" v="no" /></way><way id="1009" timestamp="2026-03-31T20:21:19Z" uid="1" user="OSMnx" version="1" changeset="1"><nd ref="5369138037" /><nd ref="5369138036" /><tag k="highway" v="residential" /><tag k="oneway" v="no" /></way><way id="1010" timestamp="2026-03-31T20:21:19Z" uid="1" user="OSMnx" version="1" changeset="1"><nd ref="5369138037" /><nd ref="5369138079" /><tag k="highway" v="residential" /><tag k="oneway" v="no" /></way><way id="1011" timestamp="2026-03-31T20:21:19Z" uid="1" user="OSMnx" version="1" changeset="1"><nd ref="5369138037" /><nd ref="5369138083" /><tag k="highway" v="residential" /><tag k="oneway" v="no" /></way><way id="1012" timestamp="2026-03-31T20:21:19Z" uid="1" user="OSMnx" version="1" changeset="1"><nd ref="5369138050" /><nd ref="5369138051" /><tag k="highway" v="service" /><tag k="oneway" v="no" /></way><way id="1013" timestamp="2026-03-31T20:21:19Z" uid="1" user="OSMnx" version="1" changeset="1"><nd ref="5369138051" /><nd ref="5369138052" /><tag k="highway" v="service" /><tag k="oneway" v="no" /></way><way id="1014" timestamp="2026-03-31T20:21:19Z" uid="1" user="OSMnx" version="1" changeset="1"><nd ref="5369138051" /><nd ref="5369138050" /><tag k="highway" v="service" /><tag k="oneway" v="no" /></way><way id="1015" timestamp="2026-03-31T20:21:19Z" uid="1" user="OSMnx" version="1" changeset="1"><nd ref="5369138052" /><nd ref="5369138053" /><tag k="highway" v="service" /><tag k="oneway" v="no" /></way><way id="1016" timestamp="2026-03-31T20:21:19Z" uid="1" user="OSMnx" version="1" changeset="1"><nd ref="5369138052" /><nd ref="5369138051" /><tag k="highway" v="service" /><tag k="oneway" v="no" /></way><way id="1017" timestamp="2026-03-31T20:21:19Z" uid="1" user="OSMnx" version="1" changeset="1"><nd ref="5369138053" /><nd ref="5369138054" /><tag k="highway" v="service" /><tag k="oneway" v="no" /></way><way id="1018" timestamp="2026-03-31T20:21:19Z" uid="1" user="OSMnx" version="1" changeset="1"><nd ref="5369138053" /><nd ref="5369138052" /><tag k="highway" v="service" /><tag k="oneway" v="no" /></way><way id="1019" timestamp="2026-03-31T20:21:19Z" uid="1" user="OSMnx" version="1" changeset="1"><nd ref="5369138054" /><nd ref="5369138055" /><tag k="highway" v="service" /><tag k="oneway" v="no" /></way><way id="1020" timestamp="2026-03-31T20:21:19Z" uid="1" user="OSMnx" version="1" changeset="1"><nd ref="5369138054" /><nd ref="5369138053" /><tag k="highway" v="service" /><tag k="oneway" v="no" /></way><way id="1021" timestamp="2026-03-31T20:21:19Z" uid="1" user="OSMnx" version="1" changeset="1"><nd ref="5369138055" /><nd ref="5369138056" /><tag k="highway" v="service" /><tag k="oneway" v="no" /></way><way id="1022" timestamp="2026-03-31T20:21:19Z" uid="1" user="OSMnx" version="1" changeset="1"><nd ref="5369138055" /><nd ref="5369138054" /><tag k="highway" v="service" /><tag k="oneway" v="no" /></way><way id="1023" timestamp="2026-03-31T20:21:19Z" uid="1" user="OSMnx" version="1" changeset="1"><nd ref="5369138056" /><nd ref="5369138057" /><tag k="highway" v="service" /><tag k="oneway" v="no" /></way><way id="1024" timestamp="2026-03-31T20:21:19Z" uid="1" user="OSMnx" version="1" changeset="1"><nd ref="5369138056" /><nd ref="5369138055" /><tag k="highway" v="service" /><tag k="oneway" v="no" /></way><way id="1025" timestamp="2026-03-31T20:21:19Z" uid="1" user="OSMnx" version="1" changeset="1"><nd ref="5369138057" /><nd ref="5369138058" /><tag k="highway" v="service" /><tag k="oneway" v="no" /></way><way id="1026" timestamp="2026-03-31T20:21:19Z" uid="1" user="OSMnx" version="1" changeset="1"><nd ref="5369138057" /><nd ref="5369138056" /><tag k="highway" v="service" /><tag k="oneway" v="no" /></way><way id="1027" timestamp="2026-03-31T20:21:19Z" uid="1" user="OSMnx" version="1" changeset="1"><nd ref="5369138058" /><nd ref="5369138062" /><tag k="highway" v="service" /><tag k="oneway" v="no" /></way><way id="1028" timestamp="2026-03-31T20:21:19Z" uid="1" user="OSMnx" version="1" changeset="1"><nd ref="5369138058" /><nd ref="5369138057" /><tag k="highway" v="service" /><tag k="oneway" v="no" /></way><way id="1029" timestamp="2026-03-31T20:21:19Z" uid="1" user="OSMnx" version="1" changeset="1"><nd ref="5369138059" /><nd ref="5368763025" /><tag k="highway" v="tertiary" /><tag k="oneway" v="no" /></way><way id="1030" timestamp="2026-03-31T20:21:19Z" uid="1" user="OSMnx" version="1" changeset="1"><nd ref="5369138059" /><nd ref="5369138061" /><tag k="highway" v="tertiary" /><tag k="oneway" v="no" /></way><way id="1031" timestamp="2026-03-31T20:21:19Z" uid="1" user="OSMnx" version="1" changeset="1"><nd ref="5369138059" /><nd ref="5369138032" /><tag k="highway" v="residential" /><tag k="oneway" v="no" /></way><way id="1032" timestamp="2026-03-31T20:21:19Z" uid="1" user="OSMnx" version="1" changeset="1"><nd ref="5369138059" /><nd ref="5369138060" /><tag k="highway" v="service" /><tag k="oneway" v="no" /></way><way id="1033" timestamp="2026-03-31T20:21:19Z" uid="1" user="OSMnx" version="1" changeset="1"><nd ref="5369138060" /><nd ref="5369138059" /><tag k="highway" v="service" /><tag k="oneway" v="no" /></way><way id="1034" timestamp="2026-03-31T20:21:19Z" uid="1" user="OSMnx" version="1" changeset="1"><nd ref="5369138061" /><nd ref="5369138059" /><tag k="highway" v="tertiary" /><tag k="oneway" v="no" /></way><way id="1035" timestamp="2026-03-31T20:21:19Z" uid="1" user="OSMnx" version="1" changeset="1"><nd ref="5369138061" /><nd ref="5368762893" /><tag k="highway" v="tertiary" /><tag k="oneway" v="no" /></way><way id="1036" timestamp="2026-03-31T20:21:19Z" uid="1" user="OSMnx" version="1" changeset="1"><nd ref="5369138061" /><nd ref="5369138062" /><tag k="highway" v="service" /><tag k="oneway" v="no" /></way><way id="1037" timestamp="2026-03-31T20:21:19Z" uid="1" user="OSMnx" version="1" changeset="1"><nd ref="5369138062" /><nd ref="5369138061" /><tag k="highway" v="service" /><tag k="oneway" v="no" /></way><way id="1038" timestamp="2026-03-31T20:21:19Z" uid="1" user="OSMnx" version="1" changeset="1"><nd ref="5369138062" /><nd ref="5369138058" /><tag k="highway" v="service" /><tag k="oneway" v="no" /></way><way id="1039" timestamp="2026-03-31T20:21:19Z" uid="1" user="OSMnx" version="1" changeset="1"><nd ref="5369138068" /><nd ref="5369138069" /><tag k="highway" v="service" /><tag k="oneway" v="no" /></way><way id="1040" timestamp="2026-03-31T20:21:19Z" uid="1" user="OSMnx" version="1" changeset="1"><nd ref="5369138068" /><nd ref="5369138070" /><tag k="highway" v="service" /><tag k="oneway" v="no" /></way><way id="1041" timestamp="2026-03-31T20:21:19Z" uid="1" user="OSMnx" version="1" changeset="1"><nd ref="5369138068" /><nd ref="5369138071" /><tag k="highway" v="service" /><tag k="oneway" v="no" /></way><way id="1042" timestamp="2026-03-31T20:21:19Z" uid="1" user="OSMnx" version="1" changeset="1"><nd ref="5369138069" /><nd ref="5369138068" /><tag k="highway" v="service" /><tag k="oneway" v="no" /></way><way id="1043" timestamp="2026-03-31T20:21:19Z" uid="1" user="OSMnx" version="1" changeset="1"><nd ref="5369138070" /><nd ref="5368763024" /><tag k="highway" v="tertiary" /><tag k="oneway" v="no" /></way><way id="1044" timestamp="2026-03-31T20:21:19Z" uid="1" user="OSMnx" version="1" changeset="1"><nd ref="5369138070" /><nd ref="5368763026" /><tag k="highway" v="tertiary" /><tag k="oneway" v="no" /></way><way id="1045" timestamp="2026-03-31T20:21:19Z" uid="1" user="OSMnx" version="1" changeset="1"><nd ref="5369138070" /><nd ref="5369138068" /><tag k="highway" v="service" /><tag k="oneway" v="no" /></way><way id="1046" timestamp="2026-03-31T20:21:19Z" uid="1" user="OSMnx" version="1" changeset="1"><nd ref="5369138071" /><nd ref="5369138068" /><tag k="highway" v="service" /><tag k="oneway" v="no" /></way><way id="1047" timestamp="2026-03-31T20:21:19Z" uid="1" user="OSMnx" version="1" changeset="1"><nd ref="5369138077" /><nd ref="5369138080" /><tag k="highway" v="residential" /><tag k="oneway" v="no" /></way><way id="1048" timestamp="2026-03-31T20:21:19Z" uid="1" user="OSMnx" version="1" changeset="1"><nd ref="5369138077" /><nd ref="5369138078" /><tag k="highway" v="residential" /><tag k="oneway" v="no" /></way><way id="1049" timestamp="2026-03-31T20:21:19Z" uid="1" user="OSMnx" version="1" changeset="1"><nd ref="5369138078" /><nd ref="5369138077" /><tag k="highway" v="residential" /><tag k="oneway" v="no" /></way><way id="1050" timestamp="2026-03-31T20:21:19Z" uid="1" user="OSMnx" version="1" changeset="1"><nd ref="5369138078" /><nd ref="5369138079" /><tag k="highway" v="residential" /><tag k="oneway" v="no" /></way><way id="1051" timestamp="2026-03-31T20:21:19Z" uid="1" user="OSMnx" version="1" changeset="1"><nd ref="5369138079" /><nd ref="5369138078" /><tag k="highway" v="residential" /><tag k="oneway" v="no" /></way><way id="1052" timestamp="2026-03-31T20:21:19Z" uid="1" user="OSMnx" version="1" changeset="1"><nd ref="5369138079" /><nd ref="5369138085" /><tag k="highway" v="residential" /><tag k="oneway" v="no" /></way><way id="1053" timestamp="2026-03-31T20:21:19Z" uid="1" user="OSMnx" version="1" changeset="1"><nd ref="5369138079" /><nd ref="5369138037" /><tag k="highway" v="residential" /><tag k="oneway" v="no" /></way><way id="1054" timestamp="2026-03-31T20:21:19Z" uid="1" user="OSMnx" version="1" changeset="1"><nd ref="5369138080" /><nd ref="5369138081" /><tag k="highway" v="residential" /><tag k="oneway" v="no" /></way><way id="1055" timestamp="2026-03-31T20:21:19Z" uid="1" user="OSMnx" version="1" changeset="1"><nd ref="5369138080" /><nd ref="5369138077" /><tag k="highway" v="residential" /><tag k="oneway" v="no" /></way><way id="1056" timestamp="2026-03-31T20:21:19Z" uid="1" user="OSMnx" version="1" changeset="1"><nd ref="5369138081" /><nd ref="5369138080" /><tag k="highway" v="residential" /><tag k="oneway" v="no" /></way><way id="1057" timestamp="2026-03-31T20:21:19Z" uid="1" user="OSMnx" version="1" changeset="1"><nd ref="5369138081" /><nd ref="5368762880" /><tag k="highway" v="residential" /><tag k="oneway" v="no" /></way><way id="1058" timestamp="2026-03-31T20:21:19Z" uid="1" user="OSMnx" version="1" changeset="1"><nd ref="5369138081" /><nd ref="5369138082" /><tag k="highway" v="residential" /><tag k="oneway" v="no" /></way><way id="1059" timestamp="2026-03-31T20:21:19Z" uid="1" user="OSMnx" version="1" changeset="1"><nd ref="5369138082" /><nd ref="5369138081" /><tag k="highway" v="residential" /><tag k="oneway" v="no" /></way><way id="1060" timestamp="2026-03-31T20:21:19Z" uid="1" user="OSMnx" version="1" changeset="1"><nd ref="5369138082" /><nd ref="5369138083" /><tag k="highway" v="residential" /><tag k="oneway" v="no" /></way><way id="1061" timestamp="2026-03-31T20:21:19Z" uid="1" user="OSMnx" version="1" changeset="1"><nd ref="5369138083" /><nd ref="5369138082" /><tag k="highway" v="residential" /><tag k="oneway" v="no" /></way><way id="1062" timestamp="2026-03-31T20:21:19Z" uid="1" user="OSMnx" version="1" changeset="1"><nd ref="5369138083" /><nd ref="5369138037" /><tag k="highway" v="residential" /><tag k="oneway" v="no" /></way><way id="1063" timestamp="2026-03-31T20:21:19Z" uid="1" user="OSMnx" version="1" changeset="1"><nd ref="5369138083" /><nd ref="5369138086" /><tag k="highway" v="residential" /><tag k="oneway" v="no" /></way><way id="1064" timestamp="2026-03-31T20:21:19Z" uid="1" user="OSMnx" version="1" changeset="1"><nd ref="5369138084" /><nd ref="5368763026" /><tag k="highway" v="tertiary" /><tag k="oneway" v="no" /></way><way id="1065" timestamp="2026-03-31T20:21:19Z" uid="1" user="OSMnx" version="1" changeset="1"><nd ref="5369138084" /><nd ref="5368763025" /><tag k="highway" v="tertiary" /><tag k="oneway" v="no" /></way><way id="1066" timestamp="2026-03-31T20:21:19Z" uid="1" user="OSMnx" version="1" changeset="1"><nd ref="5369138084" /><nd ref="5369138085" /><tag k="highway" v="residential" /><tag k="oneway" v="no" /></way><way id="1067" timestamp="2026-03-31T20:21:19Z" uid="1" user="OSMnx" version="1" changeset="1"><nd ref="5369138085" /><nd ref="5369138084" /><tag k="highway" v="residential" /><tag k="oneway" v="no" /></way><way id="1068" timestamp="2026-03-31T20:21:19Z" uid="1" user="OSMnx" version="1" changeset="1"><nd ref="5369138085" /><nd ref="5369138079" /><tag k="highway" v="residential" /><tag k="oneway" v="no" /></way><way id="1069" timestamp="2026-03-31T20:21:19Z" uid="1" user="OSMnx" version="1" changeset="1"><nd ref="5369138086" /><nd ref="5369138083" /><tag k="highway" v="residential" /><tag k="oneway" v="no" /></way><way id="1070" timestamp="2026-03-31T20:21:19Z" uid="1" user="OSMnx" version="1" changeset="1"><nd ref="5369138086" /><nd ref="5369138087" /><tag k="highway" v="residential" /><tag k="oneway" v="no" /></way><way id="1071" timestamp="2026-03-31T20:21:19Z" uid="1" user="OSMnx" version="1" changeset="1"><nd ref="5369138087" /><nd ref="5369138086" /><tag k="highway" v="residential" /><tag k="oneway" v="no" /></way><way id="1072" timestamp="2026-03-31T20:21:19Z" uid="1" user="OSMnx" version="1" changeset="1"><nd ref="5369138087" /><nd ref="5369138088" /><tag k="highway" v="residential" /><tag k="oneway" v="no" /></way><way id="1073" timestamp="2026-03-31T20:21:19Z" uid="1" user="OSMnx" version="1" changeset="1"><nd ref="5369138088" /><nd ref="5369138087" /><tag k="highway" v="residential" /><tag k="oneway" v="no" /></way><way id="1074" timestamp="2026-03-31T20:21:19Z" uid="1" user="OSMnx" version="1" changeset="1"><nd ref="5369138088" /><nd ref="5369138089" /><tag k="highway" v="residential" /><tag k="oneway" v="no" /></way><way id="1075" timestamp="2026-03-31T20:21:19Z" uid="1" user="OSMnx" version="1" changeset="1"><nd ref="5369138089" /><nd ref="5369138088" /><tag k="highway" v="residential" /><tag k="oneway" v="no" /></way><way id="1076" timestamp="2026-03-31T20:21:19Z" uid="1" user="OSMnx" version="1" changeset="1"><nd ref="5369138089" /><nd ref="5369138090" /><tag k="highway" v="residential" /><tag k="oneway" v="no" /></way><way id="1077" timestamp="2026-03-31T20:21:19Z" uid="1" user="OSMnx" version="1" changeset="1"><nd ref="5369138090" /><nd ref="5368762891" /><tag k="highway" v="unclassified" /><tag k="oneway" v="no" /></way><way id="1078" timestamp="2026-03-31T20:21:19Z" uid="1" user="OSMnx" version="1" changeset="1"><nd ref="5369138090" /><nd ref="5369138091" /><tag k="highway" v="unclassified" /><tag k="oneway" v="no" /></way><way id="1079" timestamp="2026-03-31T20:21:19Z" uid="1" user="OSMnx" version="1" changeset="1"><nd ref="5369138090" /><nd ref="5369138089" /><tag k="highway" v="residential" /><tag k="oneway" v="no" /></way><way id="1080" timestamp="2026-03-31T20:21:19Z" uid="1" user="OSMnx" version="1" changeset="1"><nd ref="5369138091" /><nd ref="5369138090" /><tag k="highway" v="unclassified" /><tag k="oneway" v="no" /></way><way id="1081" timestamp="2026-03-31T20:21:19Z" uid="1" user="OSMnx" version="1" changeset="1"><nd ref="5369138091" /><nd ref="5368762892" /><tag k="highway" v="unclassified" /><tag k="oneway" v="no" /></way><way id="1082" timestamp="2026-03-31T20:21:19Z" uid="1" user="OSMnx" version="1" changeset="1"><nd ref="5369138091" /><nd ref="5369138092" /><tag k="highway" v="residential" /><tag k="oneway" v="no" /></way><way id="1083" timestamp="2026-03-31T20:21:19Z" uid="1" user="OSMnx" version="1" changeset="1"><nd ref="5369138092" /><nd ref="5369138095" /><tag k="highway" v="residential" /><tag k="oneway" v="no" /></way><way id="1084" timestamp="2026-03-31T20:21:19Z" uid="1" user="OSMnx" version="1" changeset="1"><nd ref="5369138092" /><nd ref="5368762884" /><tag k="highway" v="residential" /><tag k="oneway" v="no" /></way><way id="1085" timestamp="2026-03-31T20:21:19Z" uid="1" user="OSMnx" version="1" changeset="1"><nd ref="5369138092" /><nd ref="5369138091" /><tag k="highway" v="residential" /><tag k="oneway" v="no" /></way><way id="1086" timestamp="2026-03-31T20:21:19Z" uid="1" user="OSMnx" version="1" changeset="1"><nd ref="5369138092" /><nd ref="5369138093" /><tag k="highway" v="residential" /><tag k="oneway" v="no" /></way><way id="1087" timestamp="2026-03-31T20:21:19Z" uid="1" user="OSMnx" version="1" changeset="1"><nd ref="5369138093" /><nd ref="5368763030" /><tag k="highway" v="secondary" /><tag k="oneway" v="yes" /></way><way id="1088" timestamp="2026-03-31T20:21:19Z" uid="1" user="OSMnx" version="1" changeset="1"><nd ref="5369138093" /><nd ref="5369138092" /><tag k="highway" v="residential" /><tag k="oneway" v="no" /></way><way id="1089" timestamp="2026-03-31T20:21:19Z" uid="1" user="OSMnx" version="1" changeset="1"><nd ref="5369138094" /><nd ref="5368762890" /><tag k="highway" v="unclassified" /><tag k="oneway" v="no" /></way><way id="1090" timestamp="2026-03-31T20:21:19Z" uid="1" user="OSMnx" version="1" changeset="1"><nd ref="5369138094" /><nd ref="5368762891" /><tag k="highway" v="unclassified" /><tag k="oneway" v="no" /></way><way id="1091" timestamp="2026-03-31T20:21:19Z" uid="1" user="OSMnx" version="1" changeset="1"><nd ref="5369138094" /><nd ref="5369138095" /><tag k="highway" v="residential" /><tag k="oneway" v="no" /></way><way id="1092" timestamp="2026-03-31T20:21:19Z" uid="1" user="OSMnx" version="1" changeset="1"><nd ref="5369138095" /><nd ref="5368762881" /><tag k="highway" v="residential" /><tag k="oneway" v="no" /></way><way id="1093" timestamp="2026-03-31T20:21:19Z" uid="1" user="OSMnx" version="1" changeset="1"><nd ref="5369138095" /><nd ref="5369138092" /><tag k="highway" v="residential" /><tag k="oneway" v="no" /></way><way id="1094" timestamp="2026-03-31T20:21:19Z" uid="1" user="OSMnx" version="1" changeset="1"><nd ref="5369138095" /><nd ref="5369138094" /><tag k="highway" v="residential" /><tag k="oneway" v="no" /></way><way id="1095" timestamp="2026-03-31T20:21:19Z" uid="1" user="OSMnx" version="1" changeset="1"><nd ref="5369138095" /><nd ref="5369138096" /><tag k="highway" v="residential" /><tag k="oneway" v="no" /></way><way id="1096" timestamp="2026-03-31T20:21:19Z" uid="1" user="OSMnx" version="1" changeset="1"><nd ref="5369138096" /><nd ref="5369138093" /><tag k="highway" v="secondary" /><tag k="oneway" v="yes" /></way><way id="1097" timestamp="2026-03-31T20:21:19Z" uid="1" user="OSMnx" version="1" changeset="1"><nd ref="5369138096" /><nd ref="5369138095" /><tag k="highway" v="residential" /><tag k="oneway" v="no" /></way><way id="1098" timestamp="2026-03-31T20:21:19Z" uid="1" user="OSMnx" version="1" changeset="1"><nd ref="5369138101" /><nd ref="5369138102" /><tag k="highway" v="service" /><tag k="oneway" v="no" /></way><way id="1099" timestamp="2026-03-31T20:21:19Z" uid="1" user="OSMnx" version="1" changeset="1"><nd ref="5369138102" /><nd ref="5369138101" /><tag k="highway" v="service" /><tag k="oneway" v="no" /></way><way id="1100" timestamp="2026-03-31T20:21:19Z" uid="1" user="OSMnx" version="1" changeset="1"><nd ref="5369138102" /><nd ref="5369138103" /><tag k="highway" v="residential" /><tag k="oneway" v="no" /></way><way id="1101" timestamp="2026-03-31T20:21:19Z" uid="1" user="OSMnx" version="1" changeset="1"><nd ref="5369138102" /><nd ref="5369138104" /><tag k="highway" v="residential" /><tag k="oneway" v="no" /></way><way id="1102" timestamp="2026-03-31T20:21:19Z" uid="1" user="OSMnx" version="1" changeset="1"><nd ref="5369138103" /><nd ref="5368763021" /><tag k="highway" v="secondary" /><tag k="oneway" v="yes" /></way><way id="1103" timestamp="2026-03-31T20:21:19Z" uid="1" user="OSMnx" version="1" changeset="1"><nd ref="5369138103" /><nd ref="5369138102" /><tag k="highway" v="residential" /><tag k="oneway" v="no" /></way><way id="1104" timestamp="2026-03-31T20:21:19Z" uid="1" user="OSMnx" version="1" changeset="1"><nd ref="5369138104" /><nd ref="5369138102" /><tag k="highway" v="residential" /><tag k="oneway" v="no" /></way><way id="1105" timestamp="2026-03-31T20:21:19Z" uid="1" user="OSMnx" version="1" changeset="1"><nd ref="5369138104" /><nd ref="5369138105" /><tag k="highway" v="unclassified" /><tag k="oneway" v="no" /></way><way id="1106" timestamp="2026-03-31T20:21:19Z" uid="1" user="OSMnx" version="1" changeset="1"><nd ref="5369138104" /><nd ref="5369138106" /><tag k="highway" v="unclassified" /><tag k="oneway" v="no" /></way><way id="1107" timestamp="2026-03-31T20:21:19Z" uid="1" user="OSMnx" version="1" changeset="1"><nd ref="5369138105" /><nd ref="5369243048" /><tag k="highway" v="tertiary" /><tag k="oneway" v="no" /></way><way id="1108" timestamp="2026-03-31T20:21:19Z" uid="1" user="OSMnx" version="1" changeset="1"><nd ref="5369138105" /><nd ref="5369243046" /><tag k="highway" v="tertiary" /><tag k="oneway" v="no" /></way><way id="1109" timestamp="2026-03-31T20:21:19Z" uid="1" user="OSMnx" version="1" changeset="1"><nd ref="5369138105" /><nd ref="5369138104" /><tag k="highway" v="unclassified" /><tag k="oneway" v="no" /></way><way id="1110" timestamp="2026-03-31T20:21:19Z" uid="1" user="OSMnx" version="1" changeset="1"><nd ref="5369138106" /><nd ref="5369138117" /><tag k="highway" v="unclassified" /><tag k="oneway" v="no" /></way><way id="1111" timestamp="2026-03-31T20:21:19Z" uid="1" user="OSMnx" version="1" changeset="1"><nd ref="5369138106" /><nd ref="5369138104" /><tag k="highway" v="unclassified" /><tag k="oneway" v="no" /></way><way id="1112" timestamp="2026-03-31T20:21:19Z" uid="1" user="OSMnx" version="1" changeset="1"><nd ref="5369138106" /><nd ref="5369138107" /><tag k="highway" v="unclassified" /><tag k="oneway" v="no" /></way><way id="1113" timestamp="2026-03-31T20:21:19Z" uid="1" user="OSMnx" version="1" changeset="1"><nd ref="5369138107" /><nd ref="5368763031" /><tag k="highway" v="tertiary" /><tag k="oneway" v="no" /></way><way id="1114" timestamp="2026-03-31T20:21:19Z" uid="1" user="OSMnx" version="1" changeset="1"><nd ref="5369138107" /><nd ref="5369138108" /><tag k="highway" v="tertiary" /><tag k="oneway" v="no" /></way><way id="1115" timestamp="2026-03-31T20:21:19Z" uid="1" user="OSMnx" version="1" changeset="1"><nd ref="5369138107" /><nd ref="5369138106" /><tag k="highway" v="unclassified" /><tag k="oneway" v="no" /></way><way id="1116" timestamp="2026-03-31T20:21:19Z" uid="1" user="OSMnx" version="1" changeset="1"><nd ref="5369138108" /><nd ref="5369138107" /><tag k="highway" v="tertiary" /><tag k="oneway" v="no" /></way><way id="1117" timestamp="2026-03-31T20:21:19Z" uid="1" user="OSMnx" version="1" changeset="1"><nd ref="5369138108" /><nd ref="5368763029" /><tag k="highway" v="tertiary" /><tag k="oneway" v="no" /></way><way id="1118" timestamp="2026-03-31T20:21:19Z" uid="1" user="OSMnx" version="1" changeset="1"><nd ref="5369138108" /><nd ref="5369138109" /><tag k="highway" v="service" /><tag k="oneway" v="no" /></way><way id="1119" timestamp="2026-03-31T20:21:19Z" uid="1" user="OSMnx" version="1" changeset="1"><nd ref="5369138109" /><nd ref="5369138108" /><tag k="highway" v="service" /><tag k="oneway" v="no" /></way><way id="1120" timestamp="2026-03-31T20:21:19Z" uid="1" user="OSMnx" version="1" changeset="1"><nd ref="5369138109" /><nd ref="5368763507" /><tag k="highway" v="secondary" /><tag k="lanes" v="2" /><tag k="oneway" v="yes" /></way><way id="1121" timestamp="2026-03-31T20:21:19Z" uid="1" user="OSMnx" version="1" changeset="1"><nd ref="5369138117" /><nd ref="5369138106" /><tag k="highway" v="unclassified" /><tag k="oneway" v="no" /></way><way id="1122" timestamp="2026-03-31T20:21:19Z" uid="1" user="OSMnx" version="1" changeset="1"><nd ref="5369138117" /><nd ref="5369138103" /><tag k="highway" v="secondary" /><tag k="oneway" v="yes" /></way><way id="1123" timestamp="2026-03-31T20:21:19Z" uid="1" user="OSMnx" version="1" changeset="1"><nd ref="5369241414" /><nd ref="5368761816" /><tag k="highway" v="unclassified" /><tag k="oneway" v="no" /></way><way id="1124" timestamp="2026-03-31T20:21:19Z" uid="1" user="OSMnx" version="1" changeset="1"><nd ref="5369241414" /><nd ref="5368761817" /><tag k="highway" v="unclassified" /><tag k="oneway" v="no" /></way><way id="1125" timestamp="2026-03-31T20:21:19Z" uid="1" user="OSMnx" version="1" changeset="1"><nd ref="5369241414" /><nd ref="5369241415" /><tag k="highway" v="residential" /><tag k="oneway" v="no" /></way><way id="1126" timestamp="2026-03-31T20:21:19Z" uid="1" user="OSMnx" version="1" changeset="1"><nd ref="5369241415" /><nd ref="5369241414" /><tag k="highway" v="residential" /><tag k="oneway" v="no" /></way><way id="1127" timestamp="2026-03-31T20:21:19Z" uid="1" user="OSMnx" version="1" changeset="1"><nd ref="5369241415" /><nd ref="5369241416" /><tag k="highway" v="residential" /><tag k="oneway" v="no" /></way><way id="1128" timestamp="2026-03-31T20:21:19Z" uid="1" user="OSMnx" version="1" changeset="1"><nd ref="5369241416" /><nd ref="5369241415" /><tag k="highway" v="residential" /><tag k="oneway" v="no" /></way><way id="1129" timestamp="2026-03-31T20:21:19Z" uid="1" user="OSMnx" version="1" changeset="1"><nd ref="5369241416" /><nd ref="5369241417" /><tag k="highway" v="residential" /><tag k="oneway" v="no" /></way><way id="1130" timestamp="2026-03-31T20:21:19Z" uid="1" user="OSMnx" version="1" changeset="1"><nd ref="5369241417" /><nd ref="5369241416" /><tag k="highway" v="residential" /><tag k="oneway" v="no" /></way><way id="1131" timestamp="2026-03-31T20:21:19Z" uid="1" user="OSMnx" version="1" changeset="1"><nd ref="5369241417" /><nd ref="5369241418" /><tag k="highway" v="residential" /><tag k="oneway" v="no" /></way><way id="1132" timestamp="2026-03-31T20:21:19Z" uid="1" user="OSMnx" version="1" changeset="1"><nd ref="5369241418" /><nd ref="5369241417" /><tag k="highway" v="residential" /><tag k="oneway" v="no" /></way><way id="1133" timestamp="2026-03-31T20:21:19Z" uid="1" user="OSMnx" version="1" changeset="1"><nd ref="5369241418" /><nd ref="5369241419" /><tag k="highway" v="residential" /><tag k="oneway" v="no" /></way><way id="1134" timestamp="2026-03-31T20:21:19Z" uid="1" user="OSMnx" version="1" changeset="1"><nd ref="5369241419" /><nd ref="5369241418" /><tag k="highway" v="residential" /><tag k="oneway" v="no" /></way><way id="1135" timestamp="2026-03-31T20:21:19Z" uid="1" user="OSMnx" version="1" changeset="1"><nd ref="5369241419" /><nd ref="5369241420" /><tag k="highway" v="residential" /><tag k="oneway" v="no" /></way><way id="1136" timestamp="2026-03-31T20:21:19Z" uid="1" user="OSMnx" version="1" changeset="1"><nd ref="5369241420" /><nd ref="5369241419" /><tag k="highway" v="residential" /><tag k="oneway" v="no" /></way><way id="1137" timestamp="2026-03-31T20:21:19Z" uid="1" user="OSMnx" version="1" changeset="1"><nd ref="5369241420" /><nd ref="5369241421" /><tag k="highway" v="residential" /><tag k="oneway" v="no" /></way><way id="1138" timestamp="2026-03-31T20:21:19Z" uid="1" user="OSMnx" version="1" changeset="1"><nd ref="5369241421" /><nd ref="5369241420" /><tag k="highway" v="residential" /><tag k="oneway" v="no" /></way><way id="1139" timestamp="2026-03-31T20:21:19Z" uid="1" user="OSMnx" version="1" changeset="1"><nd ref="5369241421" /><nd ref="5369241422" /><tag k="highway" v="residential" /><tag k="oneway" v="no" /></way><way id="1140" timestamp="2026-03-31T20:21:19Z" uid="1" user="OSMnx" version="1" changeset="1"><nd ref="5369241422" /><nd ref="5369241421" /><tag k="highway" v="residential" /><tag k="oneway" v="no" /></way><way id="1141" timestamp="2026-03-31T20:21:19Z" uid="1" user="OSMnx" version="1" changeset="1"><nd ref="5369241422" /><nd ref="5369521926" /><tag k="highway" v="residential" /><tag k="oneway" v="no" /></way><way id="1142" timestamp="2026-03-31T20:21:19Z" uid="1" user="OSMnx" version="1" changeset="1"><nd ref="5369241423" /><nd ref="5369521926" /><tag k="highway" v="residential" /><tag k="oneway" v="no" /></way><way id="1143" timestamp="2026-03-31T20:21:19Z" uid="1" user="OSMnx" version="1" changeset="1"><nd ref="5369241423" /><nd ref="5369521922" /><tag k="highway" v="residential" /><tag k="oneway" v="no" /></way><way id="1144" timestamp="2026-03-31T20:21:19Z" uid="1" user="OSMnx" version="1" changeset="1"><nd ref="5369241424" /><nd ref="5369521922" /><tag k="highway" v="residential" /><tag k="oneway" v="no" /></way><way id="1145" timestamp="2026-03-31T20:21:19Z" uid="1" user="OSMnx" version="1" changeset="1"><nd ref="5369241424" /><nd ref="5369241425" /><tag k="highway" v="residential" /><tag k="oneway" v="no" /></way><way id="1146" timestamp="2026-03-31T20:21:19Z" uid="1" user="OSMnx" version="1" changeset="1"><nd ref="5369241425" /><nd ref="5369241424" /><tag k="highway" v="residential" /><tag k="oneway" v="no" /></way><way id="1147" timestamp="2026-03-31T20:21:19Z" uid="1" user="OSMnx" version="1" changeset="1"><nd ref="5369241425" /><nd ref="5369241428" /><tag k="highway" v="residential" /><tag k="oneway" v="no" /></way><way id="1148" timestamp="2026-03-31T20:21:19Z" uid="1" user="OSMnx" version="1" changeset="1"><nd ref="5369241426" /><nd ref="5368762859" /><tag k="highway" v="tertiary" /><tag k="oneway" v="yes" /></way><way id="1149" timestamp="2026-03-31T20:21:19Z" uid="1" user="OSMnx" version="1" changeset="1"><nd ref="5369241426" /><nd ref="5369241427" /><tag k="highway" v="residential" /><tag k="oneway" v="no" /></way><way id="1150" timestamp="2026-03-31T20:21:19Z" uid="1" user="OSMnx" version="1" changeset="1"><nd ref="5369241426" /><nd ref="5369241432" /><tag k="highway" v="residential" /><tag k="oneway" v="no" /></way><way id="1151" timestamp="2026-03-31T20:21:19Z" uid="1" user="OSMnx" version="1" changeset="1"><nd ref="5369241427" /><nd ref="5369241431" /><tag k="highway" v="residential" /><tag k="oneway" v="no" /></way><way id="1152" timestamp="2026-03-31T20:21:19Z" uid="1" user="OSMnx" version="1" changeset="1"><nd ref="5369241427" /><nd ref="5369241426" /><tag k="highway" v="residential" /><tag k="oneway" v="no" /></way><way id="1153" timestamp="2026-03-31T20:21:19Z" uid="1" user="OSMnx" version="1" changeset="1"><nd ref="5369241428" /><nd ref="5369241425" /><tag k="highway" v="residential" /><tag k="oneway" v="no" /></way><way id="1154" timestamp="2026-03-31T20:21:19Z" uid="1" user="OSMnx" version="1" changeset="1"><nd ref="5369241428" /><nd ref="5369521814" /><tag k="highway" v="residential" /><tag k="oneway" v="no" /></way><way id="1155" timestamp="2026-03-31T20:21:19Z" uid="1" user="OSMnx" version="1" changeset="1"><nd ref="5369241429" /><nd ref="5369521814" /><tag k="highway" v="residential" /><tag k="oneway" v="no" /></way><way id="1156" timestamp="2026-03-31T20:21:19Z" uid="1" user="OSMnx" version="1" changeset="1"><nd ref="5369241429" /><nd ref="5369241430" /><tag k="highway" v="residential" /><tag k="oneway" v="no" /></way><way id="1157" timestamp="2026-03-31T20:21:19Z" uid="1" user="OSMnx" version="1" changeset="1"><nd ref="5369241430" /><nd ref="5369241429" /><tag k="highway" v="residential" /><tag k="oneway" v="no" /></way><way id="1158" timestamp="2026-03-31T20:21:19Z" uid="1" user="OSMnx" version="1" changeset="1"><nd ref="5369241430" /><nd ref="5369241431" /><tag k="highway" v="residential" /><tag k="oneway" v="no" /></way><way id="1159" timestamp="2026-03-31T20:21:19Z" uid="1" user="OSMnx" version="1" changeset="1"><nd ref="5369241431" /><nd ref="5369241430" /><tag k="highway" v="residential" /><tag k="oneway" v="no" /></way><way id="1160" timestamp="2026-03-31T20:21:19Z" uid="1" user="OSMnx" version="1" changeset="1"><nd ref="5369241431" /><nd ref="5369241427" /><tag k="highway" v="residential" /><tag k="oneway" v="no" /></way><way id="1161" timestamp="2026-03-31T20:21:19Z" uid="1" user="OSMnx" version="1" changeset="1"><nd ref="5369241432" /><nd ref="5369241426" /><tag k="highway" v="residential" /><tag k="oneway" v="no" /></way><way id="1162" timestamp="2026-03-31T20:21:19Z" uid="1" user="OSMnx" version="1" changeset="1"><nd ref="5369241432" /><nd ref="12523140833" /><tag k="highway" v="residential" /><tag k="oneway" v="no" /></way><way id="1163" timestamp="2026-03-31T20:21:19Z" uid="1" user="OSMnx" version="1" changeset="1"><nd ref="5369241433" /><nd ref="12523140833" /><tag k="highway" v="residential" /><tag k="oneway" v="no" /></way><way id="1164" timestamp="2026-03-31T20:21:19Z" uid="1" user="OSMnx" version="1" changeset="1"><nd ref="5369241433" /><nd ref="10124236088" /><tag k="highway" v="residential" /><tag k="oneway" v="no" /></way><way id="1165" timestamp="2026-03-31T20:21:19Z" uid="1" user="OSMnx" version="1" changeset="1"><nd ref="5369242047" /><nd ref="5369242048" /><tag k="highway" v="unclassified" /><tag k="oneway" v="no" /></way><way id="1166" timestamp="2026-03-31T20:21:19Z" uid="1" user="OSMnx" version="1" changeset="1"><nd ref="5369242048" /><nd ref="5369242047" /><tag k="highway" v="unclassified" /><tag k="oneway" v="no" /></way><way id="1167" timestamp="2026-03-31T20:21:19Z" uid="1" user="OSMnx" version="1" changeset="1"><nd ref="5369242048" /><nd ref="5369242049" /><tag k="highway" v="unclassified" /><tag k="oneway" v="no" /></way><way id="1168" timestamp="2026-03-31T20:21:19Z" uid="1" user="OSMnx" version="1" changeset="1"><nd ref="5369242049" /><nd ref="5369242048" /><tag k="highway" v="unclassified" /><tag k="oneway" v="no" /></way><way id="1169" timestamp="2026-03-31T20:21:19Z" uid="1" user="OSMnx" version="1" changeset="1"><nd ref="5369242049" /><nd ref="5369242050" /><tag k="highway" v="unclassified" /><tag k="oneway" v="no" /></way><way id="1170" timestamp="2026-03-31T20:21:19Z" uid="1" user="OSMnx" version="1" changeset="1"><nd ref="5369242050" /><nd ref="5369242049" /><tag k="highway" v="unclassified" /><tag k="oneway" v="no" /></way><way id="1171" timestamp="2026-03-31T20:21:19Z" uid="1" user="OSMnx" version="1" changeset="1"><nd ref="5369242050" /><nd ref="5369242051" /><tag k="highway" v="unclassified" /><tag k="oneway" v="no" /></way><way id="1172" timestamp="2026-03-31T20:21:19Z" uid="1" user="OSMnx" version="1" changeset="1"><nd ref="5369242051" /><nd ref="5369242090" /><tag k="highway" v="secondary" /><tag k="oneway" v="yes" /></way><way id="1173" timestamp="2026-03-31T20:21:19Z" uid="1" user="OSMnx" version="1" changeset="1"><nd ref="5369242051" /><nd ref="5369242050" /><tag k="highway" v="unclassified" /><tag k="oneway" v="no" /></way><way id="1174" timestamp="2026-03-31T20:21:19Z" uid="1" user="OSMnx" version="1" changeset="1"><nd ref="5369242064" /><nd ref="5368761401" /><tag k="highway" v="unclassified" /><tag k="oneway" v="no" /></way><way id="1175" timestamp="2026-03-31T20:21:19Z" uid="1" user="OSMnx" version="1" changeset="1"><nd ref="5369242064" /><nd ref="5368761402" /><tag k="highway" v="unclassified" /><tag k="oneway" v="no" /></way><way id="1176" timestamp="2026-03-31T20:21:19Z" uid="1" user="OSMnx" version="1" changeset="1"><nd ref="5369242064" /><nd ref="5369242091" /><tag k="highway" v="unclassified" /><tag k="oneway" v="no" /></way><way id="1177" timestamp="2026-03-31T20:21:19Z" uid="1" user="OSMnx" version="1" changeset="1"><nd ref="5369242080" /><nd ref="5369242081" /><tag k="highway" v="service" /><tag k="oneway" v="no" /></way><way id="1178" timestamp="2026-03-31T20:21:19Z" uid="1" user="OSMnx" version="1" changeset="1"><nd ref="5369242081" /><nd ref="5369242080" /><tag k="highway" v="service" /><tag k="oneway" v="no" /></way><way id="1179" timestamp="2026-03-31T20:21:19Z" uid="1" user="OSMnx" version="1" changeset="1"><nd ref="5369242081" /><nd ref="5369242086" /><tag k="highway" v="service" /><tag k="oneway" v="no" /></way><way id="1180" timestamp="2026-03-31T20:21:19Z" uid="1" user="OSMnx" version="1" changeset="1"><nd ref="5369242081" /><nd ref="5369242084" /><tag k="highway" v="service" /><tag k="oneway" v="no" /></way><way id="1181" timestamp="2026-03-31T20:21:19Z" uid="1" user="OSMnx" version="1" changeset="1"><nd ref="5369242082" /><nd ref="5369242083" /><tag k="highway" v="service" /><tag k="oneway" v="no" /></way><way id="1182" timestamp="2026-03-31T20:21:19Z" uid="1" user="OSMnx" version="1" changeset="1"><nd ref="5369242083" /><nd ref="5369242082" /><tag k="highway" v="service" /><tag k="oneway" v="no" /></way><way id="1183" timestamp="2026-03-31T20:21:19Z" uid="1" user="OSMnx" version="1" changeset="1"><nd ref="5369242083" /><nd ref="5369242084" /><tag k="highway" v="service" /><tag k="oneway" v="no" /></way><way id="1184" timestamp="2026-03-31T20:21:19Z" uid="1" user="OSMnx" version="1" changeset="1"><nd ref="5369242083" /><nd ref="5369242089" /><tag k="highway" v="service" /><tag k="oneway" v="no" /></way><way id="1185" timestamp="2026-03-31T20:21:19Z" uid="1" user="OSMnx" version="1" changeset="1"><nd ref="5369242084" /><nd ref="5369242085" /><tag k="highway" v="service" /><tag k="oneway" v="no" /></way><way id="1186" timestamp="2026-03-31T20:21:19Z" uid="1" user="OSMnx" version="1" changeset="1"><nd ref="5369242084" /><nd ref="5369242081" /><tag k="highway" v="service" /><tag k="oneway" v="no" /></way><way id="1187" timestamp="2026-03-31T20:21:19Z" uid="1" user="OSMnx" version="1" changeset="1"><nd ref="5369242084" /><nd ref="5369242083" /><tag k="highway" v="service" /><tag k="oneway" v="no" /></way><way id="1188" timestamp="2026-03-31T20:21:19Z" uid="1" user="OSMnx" version="1" changeset="1"><nd ref="5369242085" /><nd ref="5369242084" /><tag k="highway" v="service" /><tag k="oneway" v="no" /></way><way id="1189" timestamp="2026-03-31T20:21:19Z" uid="1" user="OSMnx" version="1" changeset="1"><nd ref="5369242086" /><nd ref="5369242087" /><tag k="highway" v="service" /><tag k="oneway" v="no" /></way><way id="1190" timestamp="2026-03-31T20:21:19Z" uid="1" user="OSMnx" version="1" changeset="1"><nd ref="5369242086" /><nd ref="5369242088" /><tag k="highway" v="service" /><tag k="oneway" v="no" /></way><way id="1191" timestamp="2026-03-31T20:21:19Z" uid="1" user="OSMnx" version="1" changeset="1"><nd ref="5369242086" /><nd ref="5369242081" /><tag k="highway" v="service" /><tag k="oneway" v="no" /></way><way id="1192" timestamp="2026-03-31T20:21:19Z" uid="1" user="OSMnx" version="1" changeset="1"><nd ref="5369242087" /><nd ref="5369242086" /><tag k="highway" v="service" /><tag k="oneway" v="no" /></way><way id="1193" timestamp="2026-03-31T20:21:19Z" uid="1" user="OSMnx" version="1" changeset="1"><nd ref="5369242088" /><nd ref="5369242086" /><tag k="highway" v="service" /><tag k="oneway" v="no" /></way><way id="1194" timestamp="2026-03-31T20:21:19Z" uid="1" user="OSMnx" version="1" changeset="1"><nd ref="5369242088" /><nd ref="5369242093" /><tag k="highway" v="unclassified" /><tag k="oneway" v="no" /></way><way id="1195" timestamp="2026-03-31T20:21:19Z" uid="1" user="OSMnx" version="1" changeset="1"><nd ref="5369242088" /><nd ref="5369242090" /><tag k="highway" v="unclassified" /><tag k="oneway" v="no" /></way><way id="1196" timestamp="2026-03-31T20:21:19Z" uid="1" user="OSMnx" version="1" changeset="1"><nd ref="5369242089" /><nd ref="5369242083" /><tag k="highway" v="service" /><tag k="oneway" v="no" /></way><way id="1197" timestamp="2026-03-31T20:21:19Z" uid="1" user="OSMnx" version="1" changeset="1"><nd ref="5369242090" /><nd ref="5368763038" /><tag k="highway" v="secondary" /><tag k="oneway" v="yes" /></way><way id="1198" timestamp="2026-03-31T20:21:19Z" uid="1" user="OSMnx" version="1" changeset="1"><nd ref="5369242090" /><nd ref="5369242088" /><tag k="highway" v="unclassified" /><tag k="oneway" v="no" /></way><way id="1199" timestamp="2026-03-31T20:21:19Z" uid="1" user="OSMnx" version="1" changeset="1"><nd ref="5369242090" /><nd ref="5369242094" /><tag k="highway" v="unclassified" /><tag k="oneway" v="no" /></way><way id="1200" timestamp="2026-03-31T20:21:19Z" uid="1" user="OSMnx" version="1" changeset="1"><nd ref="5369242091" /><nd ref="5369242064" /><tag k="highway" v="unclassified" /><tag k="oneway" v="no" /></way><way id="1201" timestamp="2026-03-31T20:21:19Z" uid="1" user="OSMnx" version="1" changeset="1"><nd ref="5369242091" /><nd ref="5369242092" /><tag k="highway" v="unclassified" /><tag k="oneway" v="no" /></way><way id="1202" timestamp="2026-03-31T20:21:19Z" uid="1" user="OSMnx" version="1" changeset="1"><nd ref="5369242092" /><nd ref="5369242091" /><tag k="highway" v="unclassified" /><tag k="oneway" v="no" /></way><way id="1203" timestamp="2026-03-31T20:21:19Z" uid="1" user="OSMnx" version="1" changeset="1"><nd ref="5369242092" /><nd ref="5369242093" /><tag k="highway" v="unclassified" /><tag k="oneway" v="no" /></way><way id="1204" timestamp="2026-03-31T20:21:19Z" uid="1" user="OSMnx" version="1" changeset="1"><nd ref="5369242093" /><nd ref="5369242092" /><tag k="highway" v="unclassified" /><tag k="oneway" v="no" /></way><way id="1205" timestamp="2026-03-31T20:21:19Z" uid="1" user="OSMnx" version="1" changeset="1"><nd ref="5369242093" /><nd ref="5369242088" /><tag k="highway" v="unclassified" /><tag k="oneway" v="no" /></way><way id="1206" timestamp="2026-03-31T20:21:19Z" uid="1" user="OSMnx" version="1" changeset="1"><nd ref="5369242094" /><nd ref="5368763043" /><tag k="highway" v="secondary" /><tag k="oneway" v="yes" /></way><way id="1207" timestamp="2026-03-31T20:21:19Z" uid="1" user="OSMnx" version="1" changeset="1"><nd ref="5369242094" /><nd ref="5369242090" /><tag k="highway" v="unclassified" /><tag k="oneway" v="no" /></way><way id="1208" timestamp="2026-03-31T20:21:19Z" uid="1" user="OSMnx" version="1" changeset="1"><nd ref="5369242286" /><nd ref="5368884311" /><tag k="highway" v="residential" /><tag k="oneway" v="no" /></way><way id="1209" timestamp="2026-03-31T20:21:19Z" uid="1" user="OSMnx" version="1" changeset="1"><nd ref="5369242286" /><nd ref="5369242305" /><tag k="highway" v="residential" /><tag k="oneway" v="no" /></way><way id="1210" timestamp="2026-03-31T20:21:19Z" uid="1" user="OSMnx" version="1" changeset="1"><nd ref="5369242286" /><nd ref="7819027124" /><tag k="highway" v="residential" /><tag k="oneway" v="no" /></way><way id="1211" timestamp="2026-03-31T20:21:19Z" uid="1" user="OSMnx" version="1" changeset="1"><nd ref="5369242286" /><nd ref="5369242287" /><tag k="highway" v="residential" /><tag k="oneway" v="no" /></way><way id="1212" timestamp="2026-03-31T20:21:19Z" uid="1" user="OSMnx" version="1" changeset="1"><nd ref="5369242287" /><nd ref="5369242286" /><tag k="highway" v="residential" /><tag k="oneway" v="no" /></way><way id="1213" timestamp="2026-03-31T20:21:19Z" uid="1" user="OSMnx" version="1" changeset="1"><nd ref="5369242287" /><nd ref="5369242288" /><tag k="highway" v="residential" /><tag k="oneway" v="no" /></way><way id="1214" timestamp="2026-03-31T20:21:19Z" uid="1" user="OSMnx" version="1" changeset="1"><nd ref="5369242288" /><nd ref="5368763818" /><tag k="highway" v="primary" /><tag k="oneway" v="yes" /></way><way id="1215" timestamp="2026-03-31T20:21:19Z" uid="1" user="OSMnx" version="1" changeset="1"><nd ref="5369242288" /><nd ref="5369242287" /><tag k="highway" v="residential" /><tag k="oneway" v="no" /></way><way id="1216" timestamp="2026-03-31T20:21:19Z" uid="1" user="OSMnx" version="1" changeset="1"><nd ref="5369242289" /><nd ref="5369352045" /><tag k="highway" v="residential" /><tag k="oneway" v="no" /></way><way id="1217" timestamp="2026-03-31T20:21:19Z" uid="1" user="OSMnx" version="1" changeset="1"><nd ref="5369242289" /><nd ref="5369242304" /><tag k="highway" v="residential" /><tag k="oneway" v="no" /></way><way id="1218" timestamp="2026-03-31T20:21:19Z" uid="1" user="OSMnx" version="1" changeset="1"><nd ref="5369242289" /><nd ref="5369242290" /><tag k="highway" v="residential" /><tag k="oneway" v="no" /></way><way id="1219" timestamp="2026-03-31T20:21:19Z" uid="1" user="OSMnx" version="1" changeset="1"><nd ref="5369242290" /><nd ref="5369242289" /><tag k="highway" v="residential" /><tag k="oneway" v="no" /></way><way id="1220" timestamp="2026-03-31T20:21:19Z" uid="1" user="OSMnx" version="1" changeset="1"><nd ref="5369242290" /><nd ref="5369242291" /><tag k="highway" v="residential" /><tag k="oneway" v="no" /></way><way id="1221" timestamp="2026-03-31T20:21:19Z" uid="1" user="OSMnx" version="1" changeset="1"><nd ref="5369242291" /><nd ref="5368763817" /><tag k="highway" v="primary" /><tag k="oneway" v="yes" /></way><way id="1222" timestamp="2026-03-31T20:21:19Z" uid="1" user="OSMnx" version="1" changeset="1"><nd ref="5369242291" /><nd ref="5369242290" /><tag k="highway" v="residential" /><tag k="oneway" v="no" /></way><way id="1223" timestamp="2026-03-31T20:21:19Z" uid="1" user="OSMnx" version="1" changeset="1"><nd ref="5369242292" /><nd ref="5369242293" /><tag k="highway" v="unclassified" /><tag k="oneway" v="no" /></way><way id="1224" timestamp="2026-03-31T20:21:19Z" uid="1" user="OSMnx" version="1" changeset="1"><nd ref="5369242293" /><nd ref="5369242292" /><tag k="highway" v="unclassified" /><tag k="oneway" v="no" /></way><way id="1225" timestamp="2026-03-31T20:21:19Z" uid="1" user="OSMnx" version="1" changeset="1"><nd ref="5369242293" /><nd ref="5369242294" /><tag k="highway" v="unclassified" /><tag k="oneway" v="no" /></way><way id="1226" timestamp="2026-03-31T20:21:19Z" uid="1" user="OSMnx" version="1" changeset="1"><nd ref="5369242294" /><nd ref="5369242293" /><tag k="highway" v="unclassified" /><tag k="oneway" v="no" /></way><way id="1227" timestamp="2026-03-31T20:21:19Z" uid="1" user="OSMnx" version="1" changeset="1"><nd ref="5369242294" /><nd ref="5369242295" /><tag k="highway" v="unclassified" /><tag k="oneway" v="no" /></way><way id="1228" timestamp="2026-03-31T20:21:19Z" uid="1" user="OSMnx" version="1" changeset="1"><nd ref="5369242295" /><nd ref="5369242294" /><tag k="highway" v="unclassified" /><tag k="oneway" v="no" /></way><way id="1229" timestamp="2026-03-31T20:21:19Z" uid="1" user="OSMnx" version="1" changeset="1"><nd ref="5369242295" /><nd ref="5369242302" /><tag k="highway" v="unclassified" /><tag k="oneway" v="no" /></way><way id="1230" timestamp="2026-03-31T20:21:19Z" uid="1" user="OSMnx" version="1" changeset="1"><nd ref="5369242296" /><nd ref="5369242302" /><tag k="highway" v="unclassified" /><tag k="oneway" v="no" /></way><way id="1231" timestamp="2026-03-31T20:21:19Z" uid="1" user="OSMnx" version="1" changeset="1"><nd ref="5369242296" /><nd ref="5369242297" /><tag k="highway" v="unclassified" /><tag k="oneway" v="no" /></way><way id="1232" timestamp="2026-03-31T20:21:19Z" uid="1" user="OSMnx" version="1" changeset="1"><nd ref="5369242297" /><nd ref="5369242296" /><tag k="highway" v="unclassified" /><tag k="oneway" v="no" /></way><way id="1233" timestamp="2026-03-31T20:21:19Z" uid="1" user="OSMnx" version="1" changeset="1"><nd ref="5369242297" /><nd ref="5369242298" /><tag k="highway" v="unclassified" /><tag k="oneway" v="no" /></way><way id="1234" timestamp="2026-03-31T20:21:19Z" uid="1" user="OSMnx" version="1" changeset="1"><nd ref="5369242298" /><nd ref="5369242297" /><tag k="highway" v="unclassified" /><tag k="oneway" v="no" /></way><way id="1235" timestamp="2026-03-31T20:21:19Z" uid="1" user="OSMnx" version="1" changeset="1"><nd ref="5369242298" /><nd ref="5369242299" /><tag k="highway" v="unclassified" /><tag k="oneway" v="no" /></way><way id="1236" timestamp="2026-03-31T20:21:19Z" uid="1" user="OSMnx" version="1" changeset="1"><nd ref="5369242299" /><nd ref="5369242298" /><tag k="highway" v="unclassified" /><tag k="oneway" v="no" /></way><way id="1237" timestamp="2026-03-31T20:21:19Z" uid="1" user="OSMnx" version="1" changeset="1"><nd ref="5369242299" /><nd ref="5369242300" /><tag k="highway" v="unclassified" /><tag k="oneway" v="no" /></way><way id="1238" timestamp="2026-03-31T20:21:19Z" uid="1" user="OSMnx" version="1" changeset="1"><nd ref="5369242300" /><nd ref="5369242299" /><tag k="highway" v="unclassified" /><tag k="oneway" v="no" /></way><way id="1239" timestamp="2026-03-31T20:21:19Z" uid="1" user="OSMnx" version="1" changeset="1"><nd ref="5369242300" /><nd ref="5369242301" /><tag k="highway" v="unclassified" /><tag k="oneway" v="no" /></way><way id="1240" timestamp="2026-03-31T20:21:19Z" uid="1" user="OSMnx" version="1" changeset="1"><nd ref="5369242301" /><nd ref="5368763816" /><tag k="highway" v="primary" /><tag k="oneway" v="yes" /></way><way id="1241" timestamp="2026-03-31T20:21:19Z" uid="1" user="OSMnx" version="1" changeset="1"><nd ref="5369242301" /><nd ref="5369242300" /><tag k="highway" v="unclassified" /><tag k="oneway" v="no" /></way><way id="1242" timestamp="2026-03-31T20:21:19Z" uid="1" user="OSMnx" version="1" changeset="1"><nd ref="5369242302" /><nd ref="5369242303" /><tag k="highway" v="residential" /><tag k="oneway" v="no" /></way><way id="1243" timestamp="2026-03-31T20:21:19Z" uid="1" user="OSMnx" version="1" changeset="1"><nd ref="5369242302" /><nd ref="5369242295" /><tag k="highway" v="unclassified" /><tag k="oneway" v="no" /></way><way id="1244" timestamp="2026-03-31T20:21:19Z" uid="1" user="OSMnx" version="1" changeset="1"><nd ref="5369242302" /><nd ref="5369242296" /><tag k="highway" v="unclassified" /><tag k="oneway" v="no" /></way><way id="1245" timestamp="2026-03-31T20:21:19Z" uid="1" user="OSMnx" version="1" changeset="1"><nd ref="5369242303" /><nd ref="5369352046" /><tag k="highway" v="residential" /><tag k="oneway" v="no" /></way><way id="1246" timestamp="2026-03-31T20:21:19Z" uid="1" user="OSMnx" version="1" changeset="1"><nd ref="5369242303" /><nd ref="5369242302" /><tag k="highway" v="residential" /><tag k="oneway" v="no" /></way><way id="1247" timestamp="2026-03-31T20:21:19Z" uid="1" user="OSMnx" version="1" changeset="1"><nd ref="5369242304" /><nd ref="5369242289" /><tag k="highway" v="residential" /><tag k="oneway" v="no" /></way><way id="1248" timestamp="2026-03-31T20:21:19Z" uid="1" user="OSMnx" version="1" changeset="1"><nd ref="5369242304" /><nd ref="5369352048" /><tag k="highway" v="residential" /><tag k="oneway" v="no" /></way><way id="1249" timestamp="2026-03-31T20:21:19Z" uid="1" user="OSMnx" version="1" changeset="1"><nd ref="5369242305" /><nd ref="5369242286" /><tag k="highway" v="residential" /><tag k="oneway" v="no" /></way><way id="1250" timestamp="2026-03-31T20:21:19Z" uid="1" user="OSMnx" version="1" changeset="1"><nd ref="5369242305" /><nd ref="5369352045" /><tag k="highway" v="residential" /><tag k="oneway" v="no" /></way><way id="1251" timestamp="2026-03-31T20:21:19Z" uid="1" user="OSMnx" version="1" changeset="1"><nd ref="5369242567" /><nd ref="5369242568" /><tag k="highway" v="residential" /><tag k="oneway" v="no" /></way><way id="1252" timestamp="2026-03-31T20:21:19Z" uid="1" user="OSMnx" version="1" changeset="1"><nd ref="5369242567" /><nd ref="5369242571" /><tag k="highway" v="residential" /><tag k="oneway" v="no" /></way><way id="1253" timestamp="2026-03-31T20:21:19Z" uid="1" user="OSMnx" version="1" changeset="1"><nd ref="5369242568" /><nd ref="5369242569" /><tag k="highway" v="residential" /><tag k="oneway" v="no" /></way><way id="1254" timestamp="2026-03-31T20:21:19Z" uid="1" user="OSMnx" version="1" changeset="1"><nd ref="5369242568" /><nd ref="5369242567" /><tag k="highway" v="residential" /><tag k="oneway" v="no" /></way><way id="1255" timestamp="2026-03-31T20:21:19Z" uid="1" user="OSMnx" version="1" changeset="1"><nd ref="5369242569" /><nd ref="5369242574" /><tag k="highway" v="residential" /><tag k="oneway" v="no" /></way><way id="1256" timestamp="2026-03-31T20:21:19Z" uid="1" user="OSMnx" version="1" changeset="1"><nd ref="5369242569" /><nd ref="5369242568" /><tag k="highway" v="residential" /><tag k="oneway" v="no" /></way><way id="1257" timestamp="2026-03-31T20:21:19Z" uid="1" user="OSMnx" version="1" changeset="1"><nd ref="5369242570" /><nd ref="5369242571" /><tag k="highway" v="residential" /><tag k="oneway" v="no" /></way><way id="1258" timestamp="2026-03-31T20:21:19Z" uid="1" user="OSMnx" version="1" changeset="1"><nd ref="5369242570" /><nd ref="5369242582" /><tag k="highway" v="unclassified" /><tag k="oneway" v="no" /></way><way id="1259" timestamp="2026-03-31T20:21:19Z" uid="1" user="OSMnx" version="1" changeset="1"><nd ref="5369242570" /><nd ref="5369242583" /><tag k="highway" v="unclassified" /><tag k="oneway" v="no" /></way><way id="1260" timestamp="2026-03-31T20:21:19Z" uid="1" user="OSMnx" version="1" changeset="1"><nd ref="5369242571" /><nd ref="5369242570" /><tag k="highway" v="residential" /><tag k="oneway" v="no" /></way><way id="1261" timestamp="2026-03-31T20:21:19Z" uid="1" user="OSMnx" version="1" changeset="1"><nd ref="5369242571" /><nd ref="5369242567" /><tag k="highway" v="residential" /><tag k="oneway" v="no" /></way><way id="1262" timestamp="2026-03-31T20:21:19Z" uid="1" user="OSMnx" version="1" changeset="1"><nd ref="5369242571" /><nd ref="5369242572" /><tag k="highway" v="residential" /><tag k="oneway" v="no" /></way><way id="1263" timestamp="2026-03-31T20:21:19Z" uid="1" user="OSMnx" version="1" changeset="1"><nd ref="5369242572" /><nd ref="5369242571" /><tag k="highway" v="residential" /><tag k="oneway" v="no" /></way><way id="1264" timestamp="2026-03-31T20:21:19Z" uid="1" user="OSMnx" version="1" changeset="1"><nd ref="5369242573" /><nd ref="5369242574" /><tag k="highway" v="residential" /><tag k="oneway" v="no" /></way><way id="1265" timestamp="2026-03-31T20:21:19Z" uid="1" user="OSMnx" version="1" changeset="1"><nd ref="5369242573" /><nd ref="5369242579" /><tag k="highway" v="unclassified" /><tag k="oneway" v="no" /></way><way id="1266" timestamp="2026-03-31T20:21:19Z" uid="1" user="OSMnx" version="1" changeset="1"><nd ref="5369242573" /><nd ref="5369242580" /><tag k="highway" v="unclassified" /><tag k="oneway" v="no" /></way><way id="1267" timestamp="2026-03-31T20:21:19Z" uid="1" user="OSMnx" version="1" changeset="1"><nd ref="5369242574" /><nd ref="5369242573" /><tag k="highway" v="residential" /><tag k="oneway" v="no" /></way><way id="1268" timestamp="2026-03-31T20:21:19Z" uid="1" user="OSMnx" version="1" changeset="1"><nd ref="5369242574" /><nd ref="5369242569" /><tag k="highway" v="residential" /><tag k="oneway" v="no" /></way><way id="1269" timestamp="2026-03-31T20:21:19Z" uid="1" user="OSMnx" version="1" changeset="1"><nd ref="5369242575" /><nd ref="5368763924" /><tag k="highway" v="primary" /><tag k="oneway" v="no" /></way><way id="1270" timestamp="2026-03-31T20:21:19Z" uid="1" user="OSMnx" version="1" changeset="1"><nd ref="5369242575" /><nd ref="5368763923" /><tag k="highway" v="primary" /><tag k="oneway" v="no" /></way><way id="1271" timestamp="2026-03-31T20:21:19Z" uid="1" user="OSMnx" version="1" changeset="1"><nd ref="5369242575" /><nd ref="5369242576" /><tag k="highway" v="unclassified" /><tag k="oneway" v="no" /></way><way id="1272" timestamp="2026-03-31T20:21:19Z" uid="1" user="OSMnx" version="1" changeset="1"><nd ref="5369242576" /><nd ref="5369242575" /><tag k="highway" v="unclassified" /><tag k="oneway" v="no" /></way><way id="1273" timestamp="2026-03-31T20:21:19Z" uid="1" user="OSMnx" version="1" changeset="1"><nd ref="5369242576" /><nd ref="5369242577" /><tag k="highway" v="unclassified" /><tag k="oneway" v="no" /></way><way id="1274" timestamp="2026-03-31T20:21:19Z" uid="1" user="OSMnx" version="1" changeset="1"><nd ref="5369242577" /><nd ref="5369242576" /><tag k="highway" v="unclassified" /><tag k="oneway" v="no" /></way><way id="1275" timestamp="2026-03-31T20:21:19Z" uid="1" user="OSMnx" version="1" changeset="1"><nd ref="5369242577" /><nd ref="5369242578" /><tag k="highway" v="unclassified" /><tag k="oneway" v="no" /></way><way id="1276" timestamp="2026-03-31T20:21:19Z" uid="1" user="OSMnx" version="1" changeset="1"><nd ref="5369242578" /><nd ref="5369242577" /><tag k="highway" v="unclassified" /><tag k="oneway" v="no" /></way><way id="1277" timestamp="2026-03-31T20:21:19Z" uid="1" user="OSMnx" version="1" changeset="1"><nd ref="5369242578" /><nd ref="5369242579" /><tag k="highway" v="unclassified" /><tag k="oneway" v="no" /></way><way id="1278" timestamp="2026-03-31T20:21:19Z" uid="1" user="OSMnx" version="1" changeset="1"><nd ref="5369242579" /><nd ref="5369242578" /><tag k="highway" v="unclassified" /><tag k="oneway" v="no" /></way><way id="1279" timestamp="2026-03-31T20:21:19Z" uid="1" user="OSMnx" version="1" changeset="1"><nd ref="5369242579" /><nd ref="5369242573" /><tag k="highway" v="unclassified" /><tag k="oneway" v="no" /></way><way id="1280" timestamp="2026-03-31T20:21:19Z" uid="1" user="OSMnx" version="1" changeset="1"><nd ref="5369242580" /><nd ref="5369242573" /><tag k="highway" v="unclassified" /><tag k="oneway" v="no" /></way><way id="1281" timestamp="2026-03-31T20:21:19Z" uid="1" user="OSMnx" version="1" changeset="1"><nd ref="5369242580" /><nd ref="5369242581" /><tag k="highway" v="unclassified" /><tag k="oneway" v="no" /></way><way id="1282" timestamp="2026-03-31T20:21:19Z" uid="1" user="OSMnx" version="1" changeset="1"><nd ref="5369242581" /><nd ref="5369242580" /><tag k="highway" v="unclassified" /><tag k="oneway" v="no" /></way><way id="1283" timestamp="2026-03-31T20:21:19Z" uid="1" user="OSMnx" version="1" changeset="1"><nd ref="5369242581" /><nd ref="5369242582" /><tag k="highway" v="unclassified" /><tag k="oneway" v="no" /></way><way id="1284" timestamp="2026-03-31T20:21:19Z" uid="1" user="OSMnx" version="1" changeset="1"><nd ref="5369242582" /><nd ref="5369242581" /><tag k="highway" v="unclassified" /><tag k="oneway" v="no" /></way><way id="1285" timestamp="2026-03-31T20:21:19Z" uid="1" user="OSMnx" version="1" changeset="1"><nd ref="5369242582" /><nd ref="5369242570" /><tag k="highway" v="unclassified" /><tag k="oneway" v="no" /></way><way id="1286" timestamp="2026-03-31T20:21:19Z" uid="1" user="OSMnx" version="1" changeset="1"><nd ref="5369242583" /><nd ref="5369242570" /><tag k="highway" v="unclassified" /><tag k="oneway" v="no" /></way><way id="1287" timestamp="2026-03-31T20:21:19Z" uid="1" user="OSMnx" version="1" changeset="1"><nd ref="5369242583" /><nd ref="5369242584" /><tag k="highway" v="unclassified" /><tag k="oneway" v="no" /></way><way id="1288" timestamp="2026-03-31T20:21:19Z" uid="1" user="OSMnx" version="1" changeset="1"><nd ref="5369242584" /><nd ref="5369242583" /><tag k="highway" v="unclassified" /><tag k="oneway" v="no" /></way><way id="1289" timestamp="2026-03-31T20:21:19Z" uid="1" user="OSMnx" version="1" changeset="1"><nd ref="5369243045" /><nd ref="5369243046" /><tag k="highway" v="service" /><tag k="oneway" v="no" /></way><way id="1290" timestamp="2026-03-31T20:21:19Z" uid="1" user="OSMnx" version="1" changeset="1"><nd ref="5369243046" /><nd ref="5369138105" /><tag k="highway" v="tertiary" /><tag k="oneway" v="no" /></way><way id="1291" timestamp="2026-03-31T20:21:19Z" uid="1" user="OSMnx" version="1" changeset="1"><nd ref="5369243046" /><nd ref="5369243045" /><tag k="highway" v="service" /><tag k="oneway" v="no" /></way><way id="1292" timestamp="2026-03-31T20:21:19Z" uid="1" user="OSMnx" version="1" changeset="1"><nd ref="5369243047" /><nd ref="5369243048" /><tag k="highway" v="service" /><tag k="oneway" v="no" /></way><way id="1293" timestamp="2026-03-31T20:21:19Z" uid="1" user="OSMnx" version="1" changeset="1"><nd ref="5369243048" /><nd ref="5368763090" /><tag k="highway" v="tertiary" /><tag k="oneway" v="no" /></way><way id="1294" timestamp="2026-03-31T20:21:19Z" uid="1" user="OSMnx" version="1" changeset="1"><nd ref="5369243048" /><nd ref="5369138105" /><tag k="highway" v="tertiary" /><tag k="oneway" v="no" /></way><way id="1295" timestamp="2026-03-31T20:21:19Z" uid="1" user="OSMnx" version="1" changeset="1"><nd ref="5369243048" /><nd ref="5369243047" /><tag k="highway" v="service" /><tag k="oneway" v="no" /></way><way id="1296" timestamp="2026-03-31T20:21:19Z" uid="1" user="OSMnx" version="1" changeset="1"><nd ref="5369351831" /><nd ref="5369351832" /><tag k="highway" v="service" /><tag k="oneway" v="no" /></way><way id="1297" timestamp="2026-03-31T20:21:19Z" uid="1" user="OSMnx" version="1" changeset="1"><nd ref="5369351831" /><nd ref="5369351844" /><tag k="highway" v="service" /><tag k="oneway" v="no" /></way><way id="1298" timestamp="2026-03-31T20:21:19Z" uid="1" user="OSMnx" version="1" changeset="1"><nd ref="5369351831" /><nd ref="5369351845" /><tag k="highway" v="service" /><tag k="oneway" v="no" /></way><way id="1299" timestamp="2026-03-31T20:21:19Z" uid="1" user="OSMnx" version="1" changeset="1"><nd ref="5369351832" /><nd ref="5369351831" /><tag k="highway" v="service" /><tag k="oneway" v="no" /></way><way id="1300" timestamp="2026-03-31T20:21:19Z" uid="1" user="OSMnx" version="1" changeset="1"><nd ref="5369351832" /><nd ref="5369351833" /><tag k="highway" v="service" /><tag k="oneway" v="no" /></way><way id="1301" timestamp="2026-03-31T20:21:19Z" uid="1" user="OSMnx" version="1" changeset="1"><nd ref="5369351833" /><nd ref="5368762855" /><tag k="highway" v="primary" /><tag k="oneway" v="yes" /></way><way id="1302" timestamp="2026-03-31T20:21:19Z" uid="1" user="OSMnx" version="1" changeset="1"><nd ref="5369351833" /><nd ref="5369351832" /><tag k="highway" v="service" /><tag k="oneway" v="no" /></way><way id="1303" timestamp="2026-03-31T20:21:19Z" uid="1" user="OSMnx" version="1" changeset="1"><nd ref="5369351842" /><nd ref="5369351843" /><tag k="highway" v="service" /><tag k="oneway" v="no" /></way><way id="1304" timestamp="2026-03-31T20:21:19Z" uid="1" user="OSMnx" version="1" changeset="1"><nd ref="5369351843" /><nd ref="5369351845" /><tag k="highway" v="residential" /><tag k="oneway" v="yes" /></way><way id="1305" timestamp="2026-03-31T20:21:19Z" uid="1" user="OSMnx" version="1" changeset="1"><nd ref="5369351843" /><nd ref="5369351842" /><tag k="highway" v="service" /><tag k="oneway" v="no" /></way><way id="1306" timestamp="2026-03-31T20:21:19Z" uid="1" user="OSMnx" version="1" changeset="1"><nd ref="5369351844" /><nd ref="5369351831" /><tag k="highway" v="service" /><tag k="oneway" v="no" /></way><way id="1307" timestamp="2026-03-31T20:21:19Z" uid="1" user="OSMnx" version="1" changeset="1"><nd ref="5369351845" /><nd ref="5368762904" /><tag k="highway" v="residential" /><tag k="oneway" v="yes" /></way><way id="1308" timestamp="2026-03-31T20:21:19Z" uid="1" user="OSMnx" version="1" changeset="1"><nd ref="5369351845" /><nd ref="5369351831" /><tag k="highway" v="service" /><tag k="oneway" v="no" /></way><way id="1309" timestamp="2026-03-31T20:21:19Z" uid="1" user="OSMnx" version="1" changeset="1"><nd ref="5369351851" /><nd ref="5368759636" /><tag k="highway" v="residential" /><tag k="oneway" v="no" /></way><way id="1310" timestamp="2026-03-31T20:21:19Z" uid="1" user="OSMnx" version="1" changeset="1"><nd ref="5369351851" /><nd ref="5368759638" /><tag k="highway" v="residential" /><tag k="oneway" v="no" /></way><way id="1311" timestamp="2026-03-31T20:21:19Z" uid="1" user="OSMnx" version="1" changeset="1"><nd ref="5369351851" /><nd ref="5369351852" /><tag k="highway" v="service" /><tag k="oneway" v="no" /></way><way id="1312" timestamp="2026-03-31T20:21:19Z" uid="1" user="OSMnx" version="1" changeset="1"><nd ref="5369351852" /><nd ref="5369351851" /><tag k="highway" v="service" /><tag k="oneway" v="no" /></way><way id="1313" timestamp="2026-03-31T20:21:19Z" uid="1" user="OSMnx" version="1" changeset="1"><nd ref="5369351852" /><nd ref="5369351853" /><tag k="highway" v="service" /><tag k="oneway" v="no" /></way><way id="1314" timestamp="2026-03-31T20:21:19Z" uid="1" user="OSMnx" version="1" changeset="1"><nd ref="5369351853" /><nd ref="5369351852" /><tag k="highway" v="service" /><tag k="oneway" v="no" /></way><way id="1315" timestamp="2026-03-31T20:21:19Z" uid="1" user="OSMnx" version="1" changeset="1"><nd ref="5369351853" /><nd ref="5369351854" /><tag k="highway" v="service" /><tag k="oneway" v="no" /></way><way id="1316" timestamp="2026-03-31T20:21:19Z" uid="1" user="OSMnx" version="1" changeset="1"><nd ref="5369351854" /><nd ref="5369351853" /><tag k="highway" v="service" /><tag k="oneway" v="no" /></way><way id="1317" timestamp="2026-03-31T20:21:19Z" uid="1" user="OSMnx" version="1" changeset="1"><nd ref="5369351854" /><nd ref="5369351855" /><tag k="highway" v="service" /><tag k="oneway" v="no" /></way><way id="1318" timestamp="2026-03-31T20:21:19Z" uid="1" user="OSMnx" version="1" changeset="1"><nd ref="5369351855" /><nd ref="5369351854" /><tag k="highway" v="service" /><tag k="oneway" v="no" /></way><way id="1319" timestamp="2026-03-31T20:21:19Z" uid="1" user="OSMnx" version="1" changeset="1"><nd ref="5369351855" /><nd ref="5369351856" /><tag k="highway" v="service" /><tag k="oneway" v="no" /></way><way id="1320" timestamp="2026-03-31T20:21:19Z" uid="1" user="OSMnx" version="1" changeset="1"><nd ref="5369351856" /><nd ref="5369351855" /><tag k="highway" v="service" /><tag k="oneway" v="no" /></way><way id="1321" timestamp="2026-03-31T20:21:19Z" uid="1" user="OSMnx" version="1" changeset="1"><nd ref="5369351856" /><nd ref="5369351857" /><tag k="highway" v="service" /><tag k="oneway" v="no" /></way><way id="1322" timestamp="2026-03-31T20:21:19Z" uid="1" user="OSMnx" version="1" changeset="1"><nd ref="5369351857" /><nd ref="5369351856" /><tag k="highway" v="service" /><tag k="oneway" v="no" /></way><way id="1323" timestamp="2026-03-31T20:21:19Z" uid="1" user="OSMnx" version="1" changeset="1"><nd ref="5369351857" /><nd ref="5369351858" /><tag k="highway" v="service" /><tag k="oneway" v="no" /></way><way id="1324" timestamp="2026-03-31T20:21:19Z" uid="1" user="OSMnx" version="1" changeset="1"><nd ref="5369351858" /><nd ref="5369351857" /><tag k="highway" v="service" /><tag k="oneway" v="no" /></way><way id="1325" timestamp="2026-03-31T20:21:19Z" uid="1" user="OSMnx" version="1" changeset="1"><nd ref="5369351858" /><nd ref="5369351863" /><tag k="highway" v="service" /><tag k="oneway" v="no" /></way><way id="1326" timestamp="2026-03-31T20:21:19Z" uid="1" user="OSMnx" version="1" changeset="1"><nd ref="5369351858" /><nd ref="5369351864" /><tag k="highway" v="service" /><tag k="oneway" v="no" /></way><way id="1327" timestamp="2026-03-31T20:21:19Z" uid="1" user="OSMnx" version="1" changeset="1"><nd ref="5369351859" /><nd ref="5368762828" /><tag k="highway" v="residential" /><tag k="oneway" v="no" /></way><way id="1328" timestamp="2026-03-31T20:21:19Z" uid="1" user="OSMnx" version="1" changeset="1"><nd ref="5369351859" /><nd ref="5368883390" /><tag k="highway" v="residential" /><tag k="oneway" v="no" /></way><way id="1329" timestamp="2026-03-31T20:21:19Z" uid="1" user="OSMnx" version="1" changeset="1"><nd ref="5369351859" /><nd ref="5369351860" /><tag k="highway" v="service" /><tag k="oneway" v="no" /></way><way id="1330" timestamp="2026-03-31T20:21:19Z" uid="1" user="OSMnx" version="1" changeset="1"><nd ref="5369351860" /><nd ref="5369351859" /><tag k="highway" v="service" /><tag k="oneway" v="no" /></way><way id="1331" timestamp="2026-03-31T20:21:19Z" uid="1" user="OSMnx" version="1" changeset="1"><nd ref="5369351860" /><nd ref="5369351861" /><tag k="highway" v="service" /><tag k="oneway" v="no" /></way><way id="1332" timestamp="2026-03-31T20:21:19Z" uid="1" user="OSMnx" version="1" changeset="1"><nd ref="5369351861" /><nd ref="5369351860" /><tag k="highway" v="service" /><tag k="oneway" v="no" /></way><way id="1333" timestamp="2026-03-31T20:21:19Z" uid="1" user="OSMnx" version="1" changeset="1"><nd ref="5369351861" /><nd ref="5369351862" /><tag k="highway" v="service" /><tag k="oneway" v="no" /></way><way id="1334" timestamp="2026-03-31T20:21:19Z" uid="1" user="OSMnx" version="1" changeset="1"><nd ref="5369351862" /><nd ref="5369351861" /><tag k="highway" v="service" /><tag k="oneway" v="no" /></way><way id="1335" timestamp="2026-03-31T20:21:19Z" uid="1" user="OSMnx" version="1" changeset="1"><nd ref="5369351862" /><nd ref="5369351863" /><tag k="highway" v="service" /><tag k="oneway" v="no" /></way><way id="1336" timestamp="2026-03-31T20:21:19Z" uid="1" user="OSMnx" version="1" changeset="1"><nd ref="5369351863" /><nd ref="5369351862" /><tag k="highway" v="service" /><tag k="oneway" v="no" /></way><way id="1337" timestamp="2026-03-31T20:21:19Z" uid="1" user="OSMnx" version="1" changeset="1"><nd ref="5369351863" /><nd ref="5369351858" /><tag k="highway" v="service" /><tag k="oneway" v="no" /></way><way id="1338" timestamp="2026-03-31T20:21:19Z" uid="1" user="OSMnx" version="1" changeset="1"><nd ref="5369351864" /><nd ref="5369351858" /><tag k="highway" v="service" /><tag k="oneway" v="no" /></way><way id="1339" timestamp="2026-03-31T20:21:19Z" uid="1" user="OSMnx" version="1" changeset="1"><nd ref="5369351864" /><nd ref="5369351865" /><tag k="highway" v="service" /><tag k="oneway" v="no" /></way><way id="1340" timestamp="2026-03-31T20:21:19Z" uid="1" user="OSMnx" version="1" changeset="1"><nd ref="5369351865" /><nd ref="5368762829" /><tag k="highway" v="secondary" /><tag k="lanes" v="3" /><tag k="name" v="迎宾大道" /><tag k="oneway" v="yes" /></way><way id="1341" timestamp="2026-03-31T20:21:19Z" uid="1" user="OSMnx" version="1" changeset="1"><nd ref="5369351865" /><nd ref="5369351864" /><tag k="highway" v="service" /><tag k="oneway" v="no" /></way><way id="1342" timestamp="2026-03-31T20:21:19Z" uid="1" user="OSMnx" version="1" changeset="1"><nd ref="5369351904" /><nd ref="5369351905" /><tag k="highway" v="residential" /><tag k="oneway" v="no" /></way><way id="1343" timestamp="2026-03-31T20:21:19Z" uid="1" user="OSMnx" version="1" changeset="1"><nd ref="5369351904" /><nd ref="5369352174" /><tag k="highway" v="unclassified" /><tag k="oneway" v="no" /></way><way id="1344" timestamp="2026-03-31T20:21:19Z" uid="1" user="OSMnx" version="1" changeset="1"><nd ref="5369351904" /><nd ref="5369352175" /><tag k="highway" v="unclassified" /><tag k="oneway" v="no" /></way><way id="1345" timestamp="2026-03-31T20:21:19Z" uid="1" user="OSMnx" version="1" changeset="1"><nd ref="5369351905" /><nd ref="5369351904" /><tag k="highway" v="residential" /><tag k="oneway" v="no" /></way><way id="1346" timestamp="2026-03-31T20:21:19Z" uid="1" user="OSMnx" version="1" changeset="1"><nd ref="5369351905" /><nd ref="5369351906" /><tag k="highway" v="residential" /><tag k="oneway" v="no" /></way><way id="1347" timestamp="2026-03-31T20:21:19Z" uid="1" user="OSMnx" version="1" changeset="1"><nd ref="5369351906" /><nd ref="5369351905" /><tag k="highway" v="residential" /><tag k="oneway" v="no" /></way><way id="1348" timestamp="2026-03-31T20:21:19Z" uid="1" user="OSMnx" version="1" changeset="1"><nd ref="5369351906" /><nd ref="5369351907" /><tag k="highway" v="residential" /><tag k="oneway" v="no" /></way><way id="1349" timestamp="2026-03-31T20:21:19Z" uid="1" user="OSMnx" version="1" changeset="1"><nd ref="5369351907" /><nd ref="5369351906" /><tag k="highway" v="residential" /><tag k="oneway" v="no" /></way><way id="1350" timestamp="2026-03-31T20:21:19Z" uid="1" user="OSMnx" version="1" changeset="1"><nd ref="5369351907" /><nd ref="5369351908" /><tag k="highway" v="residential" /><tag k="oneway" v="no" /></way><way id="1351" timestamp="2026-03-31T20:21:19Z" uid="1" user="OSMnx" version="1" changeset="1"><nd ref="5369351908" /><nd ref="5369351907" /><tag k="highway" v="residential" /><tag k="oneway" v="no" /></way><way id="1352" timestamp="2026-03-31T20:21:19Z" uid="1" user="OSMnx" version="1" changeset="1"><nd ref="5369351908" /><nd ref="5369352224" /><tag k="highway" v="unclassified" /><tag k="oneway" v="no" /></way><way id="1353" timestamp="2026-03-31T20:21:19Z" uid="1" user="OSMnx" version="1" changeset="1"><nd ref="5369351908" /><nd ref="5369352182" /><tag k="highway" v="unclassified" /><tag k="oneway" v="no" /></way><way id="1354" timestamp="2026-03-31T20:21:19Z" uid="1" user="OSMnx" version="1" changeset="1"><nd ref="5369352044" /><nd ref="5369352045" /><tag k="highway" v="residential" /><tag k="oneway" v="no" /></way><way id="1355" timestamp="2026-03-31T20:21:19Z" uid="1" user="OSMnx" version="1" changeset="1"><nd ref="5369352045" /><nd ref="5369242305" /><tag k="highway" v="residential" /><tag k="oneway" v="no" /></way><way id="1356" timestamp="2026-03-31T20:21:19Z" uid="1" user="OSMnx" version="1" changeset="1"><nd ref="5369352045" /><nd ref="5369242289" /><tag k="highway" v="residential" /><tag k="oneway" v="no" /></way><way id="1357" timestamp="2026-03-31T20:21:19Z" uid="1" user="OSMnx" version="1" changeset="1"><nd ref="5369352045" /><nd ref="5369352044" /><tag k="highway" v="residential" /><tag k="oneway" v="no" /></way><way id="1358" timestamp="2026-03-31T20:21:19Z" uid="1" user="OSMnx" version="1" changeset="1"><nd ref="5369352046" /><nd ref="5369352048" /><tag k="highway" v="residential" /><tag k="oneway" v="no" /></way><way id="1359" timestamp="2026-03-31T20:21:19Z" uid="1" user="OSMnx" version="1" changeset="1"><nd ref="5369352046" /><nd ref="5369242303" /><tag k="highway" v="residential" /><tag k="oneway" v="no" /></way><way id="1360" timestamp="2026-03-31T20:21:19Z" uid="1" user="OSMnx" version="1" changeset="1"><nd ref="5369352046" /><nd ref="5369352047" /><tag k="highway" v="residential" /><tag k="oneway" v="no" /></way><way id="1361" timestamp="2026-03-31T20:21:19Z" uid="1" user="OSMnx" version="1" changeset="1"><nd ref="5369352047" /><nd ref="5369352046" /><tag k="highway" v="residential" /><tag k="oneway" v="no" /></way><way id="1362" timestamp="2026-03-31T20:21:19Z" uid="1" user="OSMnx" version="1" changeset="1"><nd ref="5369352048" /><nd ref="5369242304" /><tag k="highway" v="residential" /><tag k="oneway" v="no" /></way><way id="1363" timestamp="2026-03-31T20:21:19Z" uid="1" user="OSMnx" version="1" changeset="1"><nd ref="5369352048" /><nd ref="5369352046" /><tag k="highway" v="residential" /><tag k="oneway" v="no" /></way><way id="1364" timestamp="2026-03-31T20:21:19Z" uid="1" user="OSMnx" version="1" changeset="1"><nd ref="5369352048" /><nd ref="5369352049" /><tag k="highway" v="residential" /><tag k="oneway" v="no" /></way><way id="1365" timestamp="2026-03-31T20:21:19Z" uid="1" user="OSMnx" version="1" changeset="1"><nd ref="5369352049" /><nd ref="5369352048" /><tag k="highway" v="residential" /><tag k="oneway" v="no" /></way><way id="1366" timestamp="2026-03-31T20:21:19Z" uid="1" user="OSMnx" version="1" changeset="1"><nd ref="5369352056" /><nd ref="5368762421" /><tag k="highway" v="secondary" /><tag k="oneway" v="no" /></way><way id="1367" timestamp="2026-03-31T20:21:19Z" uid="1" user="OSMnx" version="1" changeset="1"><nd ref="5369352056" /><nd ref="5369352222" /><tag k="highway" v="secondary" /><tag k="oneway" v="no" /></way><way id="1368" timestamp="2026-03-31T20:21:19Z" uid="1" user="OSMnx" version="1" changeset="1"><nd ref="5369352056" /><nd ref="5369352057" /><tag k="highway" v="unclassified" /><tag k="oneway" v="no" /></way><way id="1369" timestamp="2026-03-31T20:21:19Z" uid="1" user="OSMnx" version="1" changeset="1"><nd ref="5369352057" /><nd ref="5369352056" /><tag k="highway" v="unclassified" /><tag k="oneway" v="no" /></way><way id="1370" timestamp="2026-03-31T20:21:19Z" uid="1" user="OSMnx" version="1" changeset="1"><nd ref="5369352057" /><nd ref="5369352058" /><tag k="highway" v="unclassified" /><tag k="oneway" v="no" /></way><way id="1371" timestamp="2026-03-31T20:21:19Z" uid="1" user="OSMnx" version="1" changeset="1"><nd ref="5369352058" /><nd ref="5369352057" /><tag k="highway" v="unclassified" /><tag k="oneway" v="no" /></way><way id="1372" timestamp="2026-03-31T20:21:19Z" uid="1" user="OSMnx" version="1" changeset="1"><nd ref="5369352058" /><nd ref="5369352059" /><tag k="highway" v="unclassified" /><tag k="oneway" v="no" /></way><way id="1373" timestamp="2026-03-31T20:21:19Z" uid="1" user="OSMnx" version="1" changeset="1"><nd ref="5369352059" /><nd ref="5369352058" /><tag k="highway" v="unclassified" /><tag k="oneway" v="no" /></way><way id="1374" timestamp="2026-03-31T20:21:19Z" uid="1" user="OSMnx" version="1" changeset="1"><nd ref="5369352059" /><nd ref="5369352060" /><tag k="highway" v="unclassified" /><tag k="oneway" v="no" /></way><way id="1375" timestamp="2026-03-31T20:21:19Z" uid="1" user="OSMnx" version="1" changeset="1"><nd ref="5369352060" /><nd ref="5369352059" /><tag k="highway" v="unclassified" /><tag k="oneway" v="no" /></way><way id="1376" timestamp="2026-03-31T20:21:19Z" uid="1" user="OSMnx" version="1" changeset="1"><nd ref="5369352060" /><nd ref="5369352061" /><tag k="highway" v="unclassified" /><tag k="oneway" v="no" /></way><way id="1377" timestamp="2026-03-31T20:21:19Z" uid="1" user="OSMnx" version="1" changeset="1"><nd ref="5369352061" /><nd ref="5369352060" /><tag k="highway" v="unclassified" /><tag k="oneway" v="no" /></way><way id="1378" timestamp="2026-03-31T20:21:19Z" uid="1" user="OSMnx" version="1" changeset="1"><nd ref="5369352061" /><nd ref="5369352062" /><tag k="highway" v="unclassified" /><tag k="oneway" v="no" /></way><way id="1379" timestamp="2026-03-31T20:21:19Z" uid="1" user="OSMnx" version="1" changeset="1"><nd ref="5369352062" /><nd ref="5369352061" /><tag k="highway" v="unclassified" /><tag k="oneway" v="no" /></way><way id="1380" timestamp="2026-03-31T20:21:19Z" uid="1" user="OSMnx" version="1" changeset="1"><nd ref="5369352062" /><nd ref="5369352066" /><tag k="highway" v="unclassified" /><tag k="oneway" v="no" /></way><way id="1381" timestamp="2026-03-31T20:21:19Z" uid="1" user="OSMnx" version="1" changeset="1"><nd ref="5369352062" /><nd ref="5369352067" /><tag k="highway" v="unclassified" /><tag k="oneway" v="no" /></way><way id="1382" timestamp="2026-03-31T20:21:19Z" uid="1" user="OSMnx" version="1" changeset="1"><nd ref="5369352063" /><nd ref="5369352064" /><tag k="highway" v="unclassified" /><tag k="oneway" v="no" /></way><way id="1383" timestamp="2026-03-31T20:21:19Z" uid="1" user="OSMnx" version="1" changeset="1"><nd ref="5369352064" /><nd ref="5369352063" /><tag k="highway" v="unclassified" /><tag k="oneway" v="no" /></way><way id="1384" timestamp="2026-03-31T20:21:19Z" uid="1" user="OSMnx" version="1" changeset="1"><nd ref="5369352064" /><nd ref="5369352065" /><tag k="highway" v="unclassified" /><tag k="oneway" v="no" /></way><way id="1385" timestamp="2026-03-31T20:21:19Z" uid="1" user="OSMnx" version="1" changeset="1"><nd ref="5369352065" /><nd ref="5369352064" /><tag k="highway" v="unclassified" /><tag k="oneway" v="no" /></way><way id="1386" timestamp="2026-03-31T20:21:19Z" uid="1" user="OSMnx" version="1" changeset="1"><nd ref="5369352065" /><nd ref="5369352066" /><tag k="highway" v="unclassified" /><tag k="oneway" v="no" /></way><way id="1387" timestamp="2026-03-31T20:21:19Z" uid="1" user="OSMnx" version="1" changeset="1"><nd ref="5369352066" /><nd ref="5369352065" /><tag k="highway" v="unclassified" /><tag k="oneway" v="no" /></way><way id="1388" timestamp="2026-03-31T20:21:19Z" uid="1" user="OSMnx" version="1" changeset="1"><nd ref="5369352066" /><nd ref="5369352062" /><tag k="highway" v="unclassified" /><tag k="oneway" v="no" /></way><way id="1389" timestamp="2026-03-31T20:21:19Z" uid="1" user="OSMnx" version="1" changeset="1"><nd ref="5369352067" /><nd ref="5369352062" /><tag k="highway" v="unclassified" /><tag k="oneway" v="no" /></way><way id="1390" timestamp="2026-03-31T20:21:19Z" uid="1" user="OSMnx" version="1" changeset="1"><nd ref="5369352067" /><nd ref="5369352068" /><tag k="highway" v="unclassified" /><tag k="oneway" v="no" /></way><way id="1391" timestamp="2026-03-31T20:21:19Z" uid="1" user="OSMnx" version="1" changeset="1"><nd ref="5369352068" /><nd ref="5369352067" /><tag k="highway" v="unclassified" /><tag k="oneway" v="no" /></way><way id="1392" timestamp="2026-03-31T20:21:19Z" uid="1" user="OSMnx" version="1" changeset="1"><nd ref="5369352068" /><nd ref="5369352069" /><tag k="highway" v="unclassified" /><tag k="oneway" v="no" /></way><way id="1393" timestamp="2026-03-31T20:21:19Z" uid="1" user="OSMnx" version="1" changeset="1"><nd ref="5369352069" /><nd ref="5369352068" /><tag k="highway" v="unclassified" /><tag k="oneway" v="no" /></way><way id="1394" timestamp="2026-03-31T20:21:19Z" uid="1" user="OSMnx" version="1" changeset="1"><nd ref="5369352069" /><nd ref="5369352070" /><tag k="highway" v="unclassified" /><tag k="oneway" v="no" /></way><way id="1395" timestamp="2026-03-31T20:21:19Z" uid="1" user="OSMnx" version="1" changeset="1"><nd ref="5369352070" /><nd ref="5368762422" /><tag k="highway" v="secondary" /><tag k="oneway" v="no" /></way><way id="1396" timestamp="2026-03-31T20:21:19Z" uid="1" user="OSMnx" version="1" changeset="1"><nd ref="5369352070" /><nd ref="5368762423" /><tag k="highway" v="secondary" /><tag k="oneway" v="no" /></way><way id="1397" timestamp="2026-03-31T20:21:19Z" uid="1" user="OSMnx" version="1" changeset="1"><nd ref="5369352070" /><nd ref="5369352069" /><tag k="highway" v="unclassified" /><tag k="oneway" v="no" /></way><way id="1398" timestamp="2026-03-31T20:21:19Z" uid="1" user="OSMnx" version="1" changeset="1"><nd ref="5369352070" /><nd ref="5369352076" /><tag k="highway" v="residential" /><tag k="oneway" v="no" /></way><way id="1399" timestamp="2026-03-31T20:21:19Z" uid="1" user="OSMnx" version="1" changeset="1"><nd ref="5369352076" /><nd ref="5369352070" /><tag k="highway" v="residential" /><tag k="oneway" v="no" /></way><way id="1400" timestamp="2026-03-31T20:21:19Z" uid="1" user="OSMnx" version="1" changeset="1"><nd ref="5369352076" /><nd ref="5369352077" /><tag k="highway" v="residential" /><tag k="oneway" v="no" /></way><way id="1401" timestamp="2026-03-31T20:21:19Z" uid="1" user="OSMnx" version="1" changeset="1"><nd ref="5369352077" /><nd ref="5369352076" /><tag k="highway" v="residential" /><tag k="oneway" v="no" /></way><way id="1402" timestamp="2026-03-31T20:21:19Z" uid="1" user="OSMnx" version="1" changeset="1"><nd ref="5369352077" /><nd ref="5369352078" /><tag k="highway" v="residential" /><tag k="oneway" v="no" /></way><way id="1403" timestamp="2026-03-31T20:21:19Z" uid="1" user="OSMnx" version="1" changeset="1"><nd ref="5369352078" /><nd ref="5369352077" /><tag k="highway" v="residential" /><tag k="oneway" v="no" /></way><way id="1404" timestamp="2026-03-31T20:21:19Z" uid="1" user="OSMnx" version="1" changeset="1"><nd ref="5369352078" /><nd ref="5369352079" /><tag k="highway" v="residential" /><tag k="oneway" v="no" /></way><way id="1405" timestamp="2026-03-31T20:21:19Z" uid="1" user="OSMnx" version="1" changeset="1"><nd ref="5369352079" /><nd ref="5369352078" /><tag k="highway" v="residential" /><tag k="oneway" v="no" /></way><way id="1406" timestamp="2026-03-31T20:21:19Z" uid="1" user="OSMnx" version="1" changeset="1"><nd ref="5369352079" /><nd ref="5369352080" /><tag k="highway" v="residential" /><tag k="oneway" v="no" /></way><way id="1407" timestamp="2026-03-31T20:21:19Z" uid="1" user="OSMnx" version="1" changeset="1"><nd ref="5369352080" /><nd ref="5369352079" /><tag k="highway" v="residential" /><tag k="oneway" v="no" /></way><way id="1408" timestamp="2026-03-31T20:21:19Z" uid="1" user="OSMnx" version="1" changeset="1"><nd ref="5369352080" /><nd ref="5369352081" /><tag k="highway" v="residential" /><tag k="oneway" v="no" /></way><way id="1409" timestamp="2026-03-31T20:21:19Z" uid="1" user="OSMnx" version="1" changeset="1"><nd ref="5369352081" /><nd ref="5369352080" /><tag k="highway" v="residential" /><tag k="oneway" v="no" /></way><way id="1410" timestamp="2026-03-31T20:21:19Z" uid="1" user="OSMnx" version="1" changeset="1"><nd ref="5369352081" /><nd ref="5369352083" /><tag k="highway" v="residential" /><tag k="oneway" v="no" /></way><way id="1411" timestamp="2026-03-31T20:21:19Z" uid="1" user="OSMnx" version="1" changeset="1"><nd ref="5369352081" /><nd ref="5369352231" /><tag k="highway" v="residential" /><tag k="oneway" v="no" /></way><way id="1412" timestamp="2026-03-31T20:21:19Z" uid="1" user="OSMnx" version="1" changeset="1"><nd ref="5369352082" /><nd ref="5368762423" /><tag k="highway" v="secondary" /><tag k="oneway" v="no" /></way><way id="1413" timestamp="2026-03-31T20:21:19Z" uid="1" user="OSMnx" version="1" changeset="1"><nd ref="5369352082" /><nd ref="5368762424" /><tag k="highway" v="secondary" /><tag k="oneway" v="no" /></way><way id="1414" timestamp="2026-03-31T20:21:19Z" uid="1" user="OSMnx" version="1" changeset="1"><nd ref="5369352082" /><nd ref="5369352083" /><tag k="highway" v="residential" /><tag k="oneway" v="no" /></way><way id="1415" timestamp="2026-03-31T20:21:19Z" uid="1" user="OSMnx" version="1" changeset="1"><nd ref="5369352083" /><nd ref="5369352082" /><tag k="highway" v="residential" /><tag k="oneway" v="no" /></way><way id="1416" timestamp="2026-03-31T20:21:19Z" uid="1" user="OSMnx" version="1" changeset="1"><nd ref="5369352083" /><nd ref="5369352081" /><tag k="highway" v="residential" /><tag k="oneway" v="no" /></way><way id="1417" timestamp="2026-03-31T20:21:19Z" uid="1" user="OSMnx" version="1" changeset="1"><nd ref="5369352084" /><nd ref="5369352085" /><tag k="highway" v="residential" /><tag k="oneway" v="no" /></way><way id="1418" timestamp="2026-03-31T20:21:19Z" uid="1" user="OSMnx" version="1" changeset="1"><nd ref="5369352084" /><nd ref="5369352145" /><tag k="highway" v="residential" /><tag k="oneway" v="no" /></way><way id="1419" timestamp="2026-03-31T20:21:19Z" uid="1" user="OSMnx" version="1" changeset="1"><nd ref="5369352084" /><nd ref="5369352149" /><tag k="highway" v="residential" /><tag k="oneway" v="no" /></way><way id="1420" timestamp="2026-03-31T20:21:19Z" uid="1" user="OSMnx" version="1" changeset="1"><nd ref="5369352085" /><nd ref="5369352084" /><tag k="highway" v="residential" /><tag k="oneway" v="no" /></way><way id="1421" timestamp="2026-03-31T20:21:19Z" uid="1" user="OSMnx" version="1" changeset="1"><nd ref="5369352085" /><nd ref="5369352086" /><tag k="highway" v="residential" /><tag k="oneway" v="no" /></way><way id="1422" timestamp="2026-03-31T20:21:19Z" uid="1" user="OSMnx" version="1" changeset="1"><nd ref="5369352086" /><nd ref="5369352085" /><tag k="highway" v="residential" /><tag k="oneway" v="no" /></way><way id="1423" timestamp="2026-03-31T20:21:19Z" uid="1" user="OSMnx" version="1" changeset="1"><nd ref="5369352086" /><nd ref="5369352156" /><tag k="highway" v="residential" /><tag k="oneway" v="no" /></way><way id="1424" timestamp="2026-03-31T20:21:19Z" uid="1" user="OSMnx" version="1" changeset="1"><nd ref="5369352086" /><nd ref="5369352157" /><tag k="highway" v="residential" /><tag k="oneway" v="no" /></way><way id="1425" timestamp="2026-03-31T20:21:19Z" uid="1" user="OSMnx" version="1" changeset="1"><nd ref="5369352087" /><nd ref="5369352242" /><tag k="highway" v="secondary" /><tag k="oneway" v="no" /></way><way id="1426" timestamp="2026-03-31T20:21:19Z" uid="1" user="OSMnx" version="1" changeset="1"><nd ref="5369352087" /><nd ref="5369352089" /><tag k="highway" v="secondary" /><tag k="oneway" v="no" /></way><way id="1427" timestamp="2026-03-31T20:21:19Z" uid="1" user="OSMnx" version="1" changeset="1"><nd ref="5369352087" /><nd ref="5369352088" /><tag k="highway" v="residential" /><tag k="oneway" v="no" /></way><way id="1428" timestamp="2026-03-31T20:21:19Z" uid="1" user="OSMnx" version="1" changeset="1"><nd ref="5369352088" /><nd ref="5369352087" /><tag k="highway" v="residential" /><tag k="oneway" v="no" /></way><way id="1429" timestamp="2026-03-31T20:21:19Z" uid="1" user="OSMnx" version="1" changeset="1"><nd ref="5369352088" /><nd ref="5369352092" /><tag k="highway" v="residential" /><tag k="oneway" v="no" /></way><way id="1430" timestamp="2026-03-31T20:21:19Z" uid="1" user="OSMnx" version="1" changeset="1"><nd ref="5369352088" /><nd ref="5369352090" /><tag k="highway" v="residential" /><tag k="oneway" v="no" /></way><way id="1431" timestamp="2026-03-31T20:21:19Z" uid="1" user="OSMnx" version="1" changeset="1"><nd ref="5369352089" /><nd ref="5369352087" /><tag k="highway" v="secondary" /><tag k="oneway" v="no" /></way><way id="1432" timestamp="2026-03-31T20:21:19Z" uid="1" user="OSMnx" version="1" changeset="1"><nd ref="5369352089" /><nd ref="5369352094" /><tag k="highway" v="secondary" /><tag k="oneway" v="no" /></way><way id="1433" timestamp="2026-03-31T20:21:19Z" uid="1" user="OSMnx" version="1" changeset="1"><nd ref="5369352089" /><nd ref="5369352090" /><tag k="highway" v="residential" /><tag k="oneway" v="no" /></way><way id="1434" timestamp="2026-03-31T20:21:19Z" uid="1" user="OSMnx" version="1" changeset="1"><nd ref="5369352090" /><nd ref="5369352089" /><tag k="highway" v="residential" /><tag k="oneway" v="no" /></way><way id="1435" timestamp="2026-03-31T20:21:19Z" uid="1" user="OSMnx" version="1" changeset="1"><nd ref="5369352090" /><nd ref="5369352088" /><tag k="highway" v="residential" /><tag k="oneway" v="no" /></way><way id="1436" timestamp="2026-03-31T20:21:19Z" uid="1" user="OSMnx" version="1" changeset="1"><nd ref="5369352090" /><nd ref="5369352093" /><tag k="highway" v="residential" /><tag k="oneway" v="no" /></way><way id="1437" timestamp="2026-03-31T20:21:19Z" uid="1" user="OSMnx" version="1" changeset="1"><nd ref="5369352091" /><nd ref="5369352092" /><tag k="highway" v="residential" /><tag k="oneway" v="no" /></way><way id="1438" timestamp="2026-03-31T20:21:19Z" uid="1" user="OSMnx" version="1" changeset="1"><nd ref="5369352092" /><nd ref="5369352091" /><tag k="highway" v="residential" /><tag k="oneway" v="no" /></way><way id="1439" timestamp="2026-03-31T20:21:19Z" uid="1" user="OSMnx" version="1" changeset="1"><nd ref="5369352092" /><nd ref="5369352088" /><tag k="highway" v="residential" /><tag k="oneway" v="no" /></way><way id="1440" timestamp="2026-03-31T20:21:19Z" uid="1" user="OSMnx" version="1" changeset="1"><nd ref="5369352093" /><nd ref="5369352090" /><tag k="highway" v="residential" /><tag k="oneway" v="no" /></way><way id="1441" timestamp="2026-03-31T20:21:19Z" uid="1" user="OSMnx" version="1" changeset="1"><nd ref="5369352093" /><nd ref="5369352094" /><tag k="highway" v="residential" /><tag k="oneway" v="no" /></way><way id="1442" timestamp="2026-03-31T20:21:19Z" uid="1" user="OSMnx" version="1" changeset="1"><nd ref="5369352093" /><nd ref="5369352095" /><tag k="highway" v="residential" /><tag k="oneway" v="no" /></way><way id="1443" timestamp="2026-03-31T20:21:19Z" uid="1" user="OSMnx" version="1" changeset="1"><nd ref="5369352094" /><nd ref="5369352089" /><tag k="highway" v="secondary" /><tag k="oneway" v="no" /></way><way id="1444" timestamp="2026-03-31T20:21:19Z" uid="1" user="OSMnx" version="1" changeset="1"><nd ref="5369352094" /><nd ref="5368762427" /><tag k="highway" v="secondary" /><tag k="oneway" v="no" /></way><way id="1445" timestamp="2026-03-31T20:21:19Z" uid="1" user="OSMnx" version="1" changeset="1"><nd ref="5369352094" /><nd ref="5369352093" /><tag k="highway" v="residential" /><tag k="oneway" v="no" /></way><way id="1446" timestamp="2026-03-31T20:21:19Z" uid="1" user="OSMnx" version="1" changeset="1"><nd ref="5369352095" /><nd ref="5369352093" /><tag k="highway" v="residential" /><tag k="oneway" v="no" /></way><way id="1447" timestamp="2026-03-31T20:21:19Z" uid="1" user="OSMnx" version="1" changeset="1"><nd ref="5369352096" /><nd ref="5369352098" /><tag k="highway" v="residential" /><tag k="oneway" v="no" /></way><way id="1448" timestamp="2026-03-31T20:21:19Z" uid="1" user="OSMnx" version="1" changeset="1"><nd ref="5369352097" /><nd ref="5369352098" /><tag k="highway" v="residential" /><tag k="oneway" v="no" /></way><way id="1449" timestamp="2026-03-31T20:21:19Z" uid="1" user="OSMnx" version="1" changeset="1"><nd ref="5369352097" /><nd ref="5369352161" /><tag k="highway" v="residential" /><tag k="oneway" v="no" /></way><way id="1450" timestamp="2026-03-31T20:21:19Z" uid="1" user="OSMnx" version="1" changeset="1"><nd ref="5369352097" /><nd ref="5369352100" /><tag k="highway" v="residential" /><tag k="oneway" v="no" /></way><way id="1451" timestamp="2026-03-31T20:21:19Z" uid="1" user="OSMnx" version="1" changeset="1"><nd ref="5369352098" /><nd ref="5369352096" /><tag k="highway" v="residential" /><tag k="oneway" v="no" /></way><way id="1452" timestamp="2026-03-31T20:21:19Z" uid="1" user="OSMnx" version="1" changeset="1"><nd ref="5369352098" /><nd ref="5369352097" /><tag k="highway" v="residential" /><tag k="oneway" v="no" /></way><way id="1453" timestamp="2026-03-31T20:21:19Z" uid="1" user="OSMnx" version="1" changeset="1"><nd ref="5369352098" /><nd ref="5369352099" /><tag k="highway" v="residential" /><tag k="oneway" v="no" /></way><way id="1454" timestamp="2026-03-31T20:21:19Z" uid="1" user="OSMnx" version="1" changeset="1"><nd ref="5369352099" /><nd ref="5368763495" /><tag k="highway" v="primary" /><tag k="oneway" v="yes" /></way><way id="1455" timestamp="2026-03-31T20:21:19Z" uid="1" user="OSMnx" version="1" changeset="1"><nd ref="5369352099" /><nd ref="5369352098" /><tag k="highway" v="residential" /><tag k="oneway" v="no" /></way><way id="1456" timestamp="2026-03-31T20:21:19Z" uid="1" user="OSMnx" version="1" changeset="1"><nd ref="5369352100" /><nd ref="5369352097" /><tag k="highway" v="residential" /><tag k="oneway" v="no" /></way><way id="1457" timestamp="2026-03-31T20:21:19Z" uid="1" user="OSMnx" version="1" changeset="1"><nd ref="5369352100" /><nd ref="5369352101" /><tag k="highway" v="residential" /><tag k="oneway" v="no" /></way><way id="1458" timestamp="2026-03-31T20:21:19Z" uid="1" user="OSMnx" version="1" changeset="1"><nd ref="5369352101" /><nd ref="5369352100" /><tag k="highway" v="residential" /><tag k="oneway" v="no" /></way><way id="1459" timestamp="2026-03-31T20:21:19Z" uid="1" user="OSMnx" version="1" changeset="1"><nd ref="5369352101" /><nd ref="5369352102" /><tag k="highway" v="residential" /><tag k="oneway" v="no" /></way><way id="1460" timestamp="2026-03-31T20:21:19Z" uid="1" user="OSMnx" version="1" changeset="1"><nd ref="5369352102" /><nd ref="5369352099" /><tag k="highway" v="primary" /><tag k="oneway" v="yes" /></way><way id="1461" timestamp="2026-03-31T20:21:19Z" uid="1" user="OSMnx" version="1" changeset="1"><nd ref="5369352102" /><nd ref="5369352101" /><tag k="highway" v="residential" /><tag k="oneway" v="no" /></way><way id="1462" timestamp="2026-03-31T20:21:19Z" uid="1" user="OSMnx" version="1" changeset="1"><nd ref="5369352103" /><nd ref="5369352104" /><tag k="highway" v="residential" /><tag k="oneway" v="no" /></way><way id="1463" timestamp="2026-03-31T20:21:19Z" uid="1" user="OSMnx" version="1" changeset="1"><nd ref="5369352104" /><nd ref="5369352103" /><tag k="highway" v="residential" /><tag k="oneway" v="no" /></way><way id="1464" timestamp="2026-03-31T20:21:19Z" uid="1" user="OSMnx" version="1" changeset="1"><nd ref="5369352104" /><nd ref="5369352105" /><tag k="highway" v="residential" /><tag k="oneway" v="no" /></way><way id="1465" timestamp="2026-03-31T20:21:19Z" uid="1" user="OSMnx" version="1" changeset="1"><nd ref="5369352105" /><nd ref="5369352104" /><tag k="highway" v="residential" /><tag k="oneway" v="no" /></way><way id="1466" timestamp="2026-03-31T20:21:19Z" uid="1" user="OSMnx" version="1" changeset="1"><nd ref="5369352105" /><nd ref="5369352106" /><tag k="highway" v="residential" /><tag k="oneway" v="no" /></way><way id="1467" timestamp="2026-03-31T20:21:19Z" uid="1" user="OSMnx" version="1" changeset="1"><nd ref="5369352106" /><nd ref="5369352105" /><tag k="highway" v="residential" /><tag k="oneway" v="no" /></way><way id="1468" timestamp="2026-03-31T20:21:19Z" uid="1" user="OSMnx" version="1" changeset="1"><nd ref="5369352106" /><nd ref="5369352107" /><tag k="highway" v="residential" /><tag k="oneway" v="no" /></way><way id="1469" timestamp="2026-03-31T20:21:19Z" uid="1" user="OSMnx" version="1" changeset="1"><nd ref="5369352107" /><nd ref="5369352106" /><tag k="highway" v="residential" /><tag k="oneway" v="no" /></way><way id="1470" timestamp="2026-03-31T20:21:19Z" uid="1" user="OSMnx" version="1" changeset="1"><nd ref="5369352107" /><nd ref="5369352108" /><tag k="highway" v="residential" /><tag k="oneway" v="no" /></way><way id="1471" timestamp="2026-03-31T20:21:19Z" uid="1" user="OSMnx" version="1" changeset="1"><nd ref="5369352108" /><nd ref="5368762434" /><tag k="highway" v="secondary" /><tag k="oneway" v="no" /></way><way id="1472" timestamp="2026-03-31T20:21:19Z" uid="1" user="OSMnx" version="1" changeset="1"><nd ref="5369352108" /><nd ref="5368762435" /><tag k="highway" v="secondary" /><tag k="oneway" v="no" /></way><way id="1473" timestamp="2026-03-31T20:21:19Z" uid="1" user="OSMnx" version="1" changeset="1"><nd ref="5369352108" /><nd ref="5369352107" /><tag k="highway" v="residential" /><tag k="oneway" v="no" /></way><way id="1474" timestamp="2026-03-31T20:21:19Z" uid="1" user="OSMnx" version="1" changeset="1"><nd ref="5369352109" /><nd ref="5369352110" /><tag k="highway" v="residential" /><tag k="oneway" v="no" /></way><way id="1475" timestamp="2026-03-31T20:21:19Z" uid="1" user="OSMnx" version="1" changeset="1"><nd ref="5369352110" /><nd ref="5369352109" /><tag k="highway" v="residential" /><tag k="oneway" v="no" /></way><way id="1476" timestamp="2026-03-31T20:21:19Z" uid="1" user="OSMnx" version="1" changeset="1"><nd ref="5369352110" /><nd ref="5369352139" /><tag k="highway" v="unclassified" /><tag k="oneway" v="no" /></way><way id="1477" timestamp="2026-03-31T20:21:19Z" uid="1" user="OSMnx" version="1" changeset="1"><nd ref="5369352110" /><nd ref="5369352191" /><tag k="highway" v="unclassified" /><tag k="oneway" v="no" /></way><way id="1478" timestamp="2026-03-31T20:21:19Z" uid="1" user="OSMnx" version="1" changeset="1"><nd ref="5369352111" /><nd ref="5369352112" /><tag k="highway" v="residential" /><tag k="oneway" v="no" /></way><way id="1479" timestamp="2026-03-31T20:21:19Z" uid="1" user="OSMnx" version="1" changeset="1"><nd ref="5369352111" /><nd ref="5369352134" /><tag k="highway" v="residential" /><tag k="oneway" v="no" /></way><way id="1480" timestamp="2026-03-31T20:21:19Z" uid="1" user="OSMnx" version="1" changeset="1"><nd ref="5369352111" /><nd ref="5369352135" /><tag k="highway" v="residential" /><tag k="oneway" v="no" /></way><way id="1481" timestamp="2026-03-31T20:21:19Z" uid="1" user="OSMnx" version="1" changeset="1"><nd ref="5369352112" /><nd ref="5369352111" /><tag k="highway" v="residential" /><tag k="oneway" v="no" /></way><way id="1482" timestamp="2026-03-31T20:21:19Z" uid="1" user="OSMnx" version="1" changeset="1"><nd ref="5369352112" /><nd ref="5369352113" /><tag k="highway" v="residential" /><tag k="oneway" v="no" /></way><way id="1483" timestamp="2026-03-31T20:21:19Z" uid="1" user="OSMnx" version="1" changeset="1"><nd ref="5369352113" /><nd ref="5369352112" /><tag k="highway" v="residential" /><tag k="oneway" v="no" /></way><way id="1484" timestamp="2026-03-31T20:21:19Z" uid="1" user="OSMnx" version="1" changeset="1"><nd ref="5369352113" /><nd ref="5369352114" /><tag k="highway" v="residential" /><tag k="oneway" v="no" /></way><way id="1485" timestamp="2026-03-31T20:21:19Z" uid="1" user="OSMnx" version="1" changeset="1"><nd ref="5369352114" /><nd ref="5369352113" /><tag k="highway" v="residential" /><tag k="oneway" v="no" /></way><way id="1486" timestamp="2026-03-31T20:21:19Z" uid="1" user="OSMnx" version="1" changeset="1"><nd ref="5369352114" /><nd ref="5369352115" /><tag k="highway" v="residential" /><tag k="oneway" v="no" /></way><way id="1487" timestamp="2026-03-31T20:21:19Z" uid="1" user="OSMnx" version="1" changeset="1"><nd ref="5369352115" /><nd ref="5369352114" /><tag k="highway" v="residential" /><tag k="oneway" v="no" /></way><way id="1488" timestamp="2026-03-31T20:21:19Z" uid="1" user="OSMnx" version="1" changeset="1"><nd ref="5369352115" /><nd ref="5369352116" /><tag k="highway" v="residential" /><tag k="oneway" v="no" /></way><way id="1489" timestamp="2026-03-31T20:21:19Z" uid="1" user="OSMnx" version="1" changeset="1"><nd ref="5369352116" /><nd ref="5369352115" /><tag k="highway" v="residential" /><tag k="oneway" v="no" /></way><way id="1490" timestamp="2026-03-31T20:21:19Z" uid="1" user="OSMnx" version="1" changeset="1"><nd ref="5369352116" /><nd ref="5369352117" /><tag k="highway" v="residential" /><tag k="oneway" v="no" /></way><way id="1491" timestamp="2026-03-31T20:21:19Z" uid="1" user="OSMnx" version="1" changeset="1"><nd ref="5369352117" /><nd ref="5369352116" /><tag k="highway" v="residential" /><tag k="oneway" v="no" /></way><way id="1492" timestamp="2026-03-31T20:21:19Z" uid="1" user="OSMnx" version="1" changeset="1"><nd ref="5369352117" /><nd ref="5369352118" /><tag k="highway" v="residential" /><tag k="oneway" v="no" /></way><way id="1493" timestamp="2026-03-31T20:21:19Z" uid="1" user="OSMnx" version="1" changeset="1"><nd ref="5369352118" /><nd ref="5369352117" /><tag k="highway" v="residential" /><tag k="oneway" v="no" /></way><way id="1494" timestamp="2026-03-31T20:21:19Z" uid="1" user="OSMnx" version="1" changeset="1"><nd ref="5369352118" /><nd ref="5369352119" /><tag k="highway" v="residential" /><tag k="oneway" v="no" /></way><way id="1495" timestamp="2026-03-31T20:21:19Z" uid="1" user="OSMnx" version="1" changeset="1"><nd ref="5369352119" /><nd ref="5369352118" /><tag k="highway" v="residential" /><tag k="oneway" v="no" /></way><way id="1496" timestamp="2026-03-31T20:21:19Z" uid="1" user="OSMnx" version="1" changeset="1"><nd ref="5369352119" /><nd ref="5369352120" /><tag k="highway" v="residential" /><tag k="oneway" v="no" /></way><way id="1497" timestamp="2026-03-31T20:21:19Z" uid="1" user="OSMnx" version="1" changeset="1"><nd ref="5369352120" /><nd ref="5369352119" /><tag k="highway" v="residential" /><tag k="oneway" v="no" /></way><way id="1498" timestamp="2026-03-31T20:21:19Z" uid="1" user="OSMnx" version="1" changeset="1"><nd ref="5369352120" /><nd ref="5369352121" /><tag k="highway" v="residential" /><tag k="oneway" v="no" /></way><way id="1499" timestamp="2026-03-31T20:21:19Z" uid="1" user="OSMnx" version="1" changeset="1"><nd ref="5369352121" /><nd ref="5369352120" /><tag k="highway" v="residential" /><tag k="oneway" v="no" /></way><way id="1500" timestamp="2026-03-31T20:21:19Z" uid="1" user="OSMnx" version="1" changeset="1"><nd ref="5369352121" /><nd ref="5369352122" /><tag k="highway" v="residential" /><tag k="oneway" v="no" /></way><way id="1501" timestamp="2026-03-31T20:21:19Z" uid="1" user="OSMnx" version="1" changeset="1"><nd ref="5369352122" /><nd ref="5369352121" /><tag k="highway" v="residential" /><tag k="oneway" v="no" /></way><way id="1502" timestamp="2026-03-31T20:21:19Z" uid="1" user="OSMnx" version="1" changeset="1"><nd ref="5369352122" /><nd ref="5369352130" /><tag k="highway" v="residential" /><tag k="oneway" v="no" /></way><way id="1503" timestamp="2026-03-31T20:21:19Z" uid="1" user="OSMnx" version="1" changeset="1"><nd ref="5369352123" /><nd ref="5369352130" /><tag k="highway" v="residential" /><tag k="oneway" v="no" /></way><way id="1504" timestamp="2026-03-31T20:21:19Z" uid="1" user="OSMnx" version="1" changeset="1"><nd ref="5369352123" /><nd ref="5369352124" /><tag k="highway" v="residential" /><tag k="oneway" v="no" /></way><way id="1505" timestamp="2026-03-31T20:21:19Z" uid="1" user="OSMnx" version="1" changeset="1"><nd ref="5369352124" /><nd ref="5369352123" /><tag k="highway" v="residential" /><tag k="oneway" v="no" /></way><way id="1506" timestamp="2026-03-31T20:21:19Z" uid="1" user="OSMnx" version="1" changeset="1"><nd ref="5369352124" /><nd ref="5369352125" /><tag k="highway" v="residential" /><tag k="oneway" v="no" /></way><way id="1507" timestamp="2026-03-31T20:21:19Z" uid="1" user="OSMnx" version="1" changeset="1"><nd ref="5369352125" /><nd ref="5369352124" /><tag k="highway" v="residential" /><tag k="oneway" v="no" /></way><way id="1508" timestamp="2026-03-31T20:21:19Z" uid="1" user="OSMnx" version="1" changeset="1"><nd ref="5369352125" /><nd ref="5369352126" /><tag k="highway" v="residential" /><tag k="oneway" v="no" /></way><way id="1509" timestamp="2026-03-31T20:21:19Z" uid="1" user="OSMnx" version="1" changeset="1"><nd ref="5369352126" /><nd ref="5369352125" /><tag k="highway" v="residential" /><tag k="oneway" v="no" /></way><way id="1510" timestamp="2026-03-31T20:21:19Z" uid="1" user="OSMnx" version="1" changeset="1"><nd ref="5369352126" /><nd ref="5369352127" /><tag k="highway" v="unclassified" /><tag k="oneway" v="no" /></way><way id="1511" timestamp="2026-03-31T20:21:19Z" uid="1" user="OSMnx" version="1" changeset="1"><nd ref="5369352126" /><nd ref="5369352128" /><tag k="highway" v="unclassified" /><tag k="oneway" v="no" /></way><way id="1512" timestamp="2026-03-31T20:21:19Z" uid="1" user="OSMnx" version="1" changeset="1"><nd ref="5369352127" /><nd ref="5369352126" /><tag k="highway" v="unclassified" /><tag k="oneway" v="no" /></way><way id="1513" timestamp="2026-03-31T20:21:19Z" uid="1" user="OSMnx" version="1" changeset="1"><nd ref="5369352128" /><nd ref="5369352126" /><tag k="highway" v="unclassified" /><tag k="oneway" v="no" /></way><way id="1514" timestamp="2026-03-31T20:21:19Z" uid="1" user="OSMnx" version="1" changeset="1"><nd ref="5369352128" /><nd ref="5369352129" /><tag k="highway" v="unclassified" /><tag k="oneway" v="no" /></way><way id="1515" timestamp="2026-03-31T20:21:19Z" uid="1" user="OSMnx" version="1" changeset="1"><nd ref="5369352129" /><nd ref="5369352128" /><tag k="highway" v="unclassified" /><tag k="oneway" v="no" /></way><way id="1516" timestamp="2026-03-31T20:21:19Z" uid="1" user="OSMnx" version="1" changeset="1"><nd ref="5369352129" /><nd ref="5369352186" /><tag k="highway" v="unclassified" /><tag k="oneway" v="no" /></way><way id="1517" timestamp="2026-03-31T20:21:19Z" uid="1" user="OSMnx" version="1" changeset="1"><nd ref="5369352130" /><nd ref="5369352122" /><tag k="highway" v="residential" /><tag k="oneway" v="no" /></way><way id="1518" timestamp="2026-03-31T20:21:19Z" uid="1" user="OSMnx" version="1" changeset="1"><nd ref="5369352130" /><nd ref="5369352123" /><tag k="highway" v="residential" /><tag k="oneway" v="no" /></way><way id="1519" timestamp="2026-03-31T20:21:19Z" uid="1" user="OSMnx" version="1" changeset="1"><nd ref="5369352130" /><nd ref="5369352131" /><tag k="highway" v="residential" /><tag k="oneway" v="no" /></way><way id="1520" timestamp="2026-03-31T20:21:19Z" uid="1" user="OSMnx" version="1" changeset="1"><nd ref="5369352131" /><nd ref="5369352130" /><tag k="highway" v="residential" /><tag k="oneway" v="no" /></way><way id="1521" timestamp="2026-03-31T20:21:19Z" uid="1" user="OSMnx" version="1" changeset="1"><nd ref="5369352131" /><nd ref="5369352132" /><tag k="highway" v="residential" /><tag k="oneway" v="no" /></way><way id="1522" timestamp="2026-03-31T20:21:19Z" uid="1" user="OSMnx" version="1" changeset="1"><nd ref="5369352132" /><nd ref="5369352131" /><tag k="highway" v="residential" /><tag k="oneway" v="no" /></way><way id="1523" timestamp="2026-03-31T20:21:19Z" uid="1" user="OSMnx" version="1" changeset="1"><nd ref="5369352132" /><nd ref="5369352133" /><tag k="highway" v="residential" /><tag k="oneway" v="no" /></way><way id="1524" timestamp="2026-03-31T20:21:19Z" uid="1" user="OSMnx" version="1" changeset="1"><nd ref="5369352133" /><nd ref="5369352132" /><tag k="highway" v="residential" /><tag k="oneway" v="no" /></way><way id="1525" timestamp="2026-03-31T20:21:19Z" uid="1" user="OSMnx" version="1" changeset="1"><nd ref="5369352133" /><nd ref="5369352134" /><tag k="highway" v="residential" /><tag k="oneway" v="no" /></way><way id="1526" timestamp="2026-03-31T20:21:19Z" uid="1" user="OSMnx" version="1" changeset="1"><nd ref="5369352134" /><nd ref="5369352133" /><tag k="highway" v="residential" /><tag k="oneway" v="no" /></way><way id="1527" timestamp="2026-03-31T20:21:19Z" uid="1" user="OSMnx" version="1" changeset="1"><nd ref="5369352134" /><nd ref="5369352111" /><tag k="highway" v="residential" /><tag k="oneway" v="no" /></way><way id="1528" timestamp="2026-03-31T20:21:19Z" uid="1" user="OSMnx" version="1" changeset="1"><nd ref="5369352135" /><nd ref="5369352111" /><tag k="highway" v="residential" /><tag k="oneway" v="no" /></way><way id="1529" timestamp="2026-03-31T20:21:19Z" uid="1" user="OSMnx" version="1" changeset="1"><nd ref="5369352135" /><nd ref="5369352136" /><tag k="highway" v="residential" /><tag k="oneway" v="no" /></way><way id="1530" timestamp="2026-03-31T20:21:19Z" uid="1" user="OSMnx" version="1" changeset="1"><nd ref="5369352136" /><nd ref="5369352135" /><tag k="highway" v="residential" /><tag k="oneway" v="no" /></way><way id="1531" timestamp="2026-03-31T20:21:19Z" uid="1" user="OSMnx" version="1" changeset="1"><nd ref="5369352136" /><nd ref="5369352191" /><tag k="highway" v="unclassified" /><tag k="oneway" v="no" /></way><way id="1532" timestamp="2026-03-31T20:21:19Z" uid="1" user="OSMnx" version="1" changeset="1"><nd ref="5369352136" /><nd ref="5369352185" /><tag k="highway" v="unclassified" /><tag k="oneway" v="no" /></way><way id="1533" timestamp="2026-03-31T20:21:19Z" uid="1" user="OSMnx" version="1" changeset="1"><nd ref="5369352137" /><nd ref="5369352138" /><tag k="highway" v="residential" /><tag k="oneway" v="no" /></way><way id="1534" timestamp="2026-03-31T20:21:19Z" uid="1" user="OSMnx" version="1" changeset="1"><nd ref="5369352138" /><nd ref="5369352137" /><tag k="highway" v="residential" /><tag k="oneway" v="no" /></way><way id="1535" timestamp="2026-03-31T20:21:19Z" uid="1" user="OSMnx" version="1" changeset="1"><nd ref="5369352138" /><nd ref="5369352139" /><tag k="highway" v="residential" /><tag k="oneway" v="no" /></way><way id="1536" timestamp="2026-03-31T20:21:19Z" uid="1" user="OSMnx" version="1" changeset="1"><nd ref="5369352139" /><nd ref="5369352138" /><tag k="highway" v="residential" /><tag k="oneway" v="no" /></way><way id="1537" timestamp="2026-03-31T20:21:19Z" uid="1" user="OSMnx" version="1" changeset="1"><nd ref="5369352139" /><nd ref="5369352184" /><tag k="highway" v="unclassified" /><tag k="oneway" v="no" /></way><way id="1538" timestamp="2026-03-31T20:21:19Z" uid="1" user="OSMnx" version="1" changeset="1"><nd ref="5369352139" /><nd ref="5369352110" /><tag k="highway" v="unclassified" /><tag k="oneway" v="no" /></way><way id="1539" timestamp="2026-03-31T20:21:19Z" uid="1" user="OSMnx" version="1" changeset="1"><nd ref="5369352140" /><nd ref="5369352141" /><tag k="highway" v="residential" /><tag k="oneway" v="no" /></way><way id="1540" timestamp="2026-03-31T20:21:19Z" uid="1" user="OSMnx" version="1" changeset="1"><nd ref="5369352140" /><nd ref="5369352192" /><tag k="highway" v="unclassified" /><tag k="oneway" v="no" /></way><way id="1541" timestamp="2026-03-31T20:21:19Z" uid="1" user="OSMnx" version="1" changeset="1"><nd ref="5369352140" /><nd ref="5369352194" /><tag k="highway" v="unclassified" /><tag k="oneway" v="no" /></way><way id="1542" timestamp="2026-03-31T20:21:19Z" uid="1" user="OSMnx" version="1" changeset="1"><nd ref="5369352141" /><nd ref="5369352140" /><tag k="highway" v="residential" /><tag k="oneway" v="no" /></way><way id="1543" timestamp="2026-03-31T20:21:19Z" uid="1" user="OSMnx" version="1" changeset="1"><nd ref="5369352141" /><nd ref="5369352142" /><tag k="highway" v="residential" /><tag k="oneway" v="no" /></way><way id="1544" timestamp="2026-03-31T20:21:19Z" uid="1" user="OSMnx" version="1" changeset="1"><nd ref="5369352141" /><nd ref="5369352143" /><tag k="highway" v="residential" /><tag k="oneway" v="no" /></way><way id="1545" timestamp="2026-03-31T20:21:19Z" uid="1" user="OSMnx" version="1" changeset="1"><nd ref="5369352142" /><nd ref="5369352141" /><tag k="highway" v="residential" /><tag k="oneway" v="no" /></way><way id="1546" timestamp="2026-03-31T20:21:19Z" uid="1" user="OSMnx" version="1" changeset="1"><nd ref="5369352142" /><nd ref="5369352229" /><tag k="highway" v="unclassified" /><tag k="oneway" v="no" /></way><way id="1547" timestamp="2026-03-31T20:21:19Z" uid="1" user="OSMnx" version="1" changeset="1"><nd ref="5369352142" /><nd ref="5369352230" /><tag k="highway" v="unclassified" /><tag k="oneway" v="no" /></way><way id="1548" timestamp="2026-03-31T20:21:19Z" uid="1" user="OSMnx" version="1" changeset="1"><nd ref="5369352143" /><nd ref="5369352141" /><tag k="highway" v="residential" /><tag k="oneway" v="no" /></way><way id="1549" timestamp="2026-03-31T20:21:19Z" uid="1" user="OSMnx" version="1" changeset="1"><nd ref="5369352143" /><nd ref="5369352144" /><tag k="highway" v="residential" /><tag k="oneway" v="no" /></way><way id="1550" timestamp="2026-03-31T20:21:19Z" uid="1" user="OSMnx" version="1" changeset="1"><nd ref="5369352144" /><nd ref="5369352143" /><tag k="highway" v="residential" /><tag k="oneway" v="no" /></way><way id="1551" timestamp="2026-03-31T20:21:19Z" uid="1" user="OSMnx" version="1" changeset="1"><nd ref="5369352144" /><nd ref="5369352145" /><tag k="highway" v="residential" /><tag k="oneway" v="no" /></way><way id="1552" timestamp="2026-03-31T20:21:19Z" uid="1" user="OSMnx" version="1" changeset="1"><nd ref="5369352145" /><nd ref="5369352144" /><tag k="highway" v="residential" /><tag k="oneway" v="no" /></way><way id="1553" timestamp="2026-03-31T20:21:19Z" uid="1" user="OSMnx" version="1" changeset="1"><nd ref="5369352145" /><nd ref="5369352148" /><tag k="highway" v="residential" /><tag k="oneway" v="no" /></way><way id="1554" timestamp="2026-03-31T20:21:19Z" uid="1" user="OSMnx" version="1" changeset="1"><nd ref="5369352145" /><nd ref="5369352084" /><tag k="highway" v="residential" /><tag k="oneway" v="no" /></way><way id="1555" timestamp="2026-03-31T20:21:19Z" uid="1" user="OSMnx" version="1" changeset="1"><nd ref="5369352146" /><nd ref="5369352147" /><tag k="highway" v="residential" /><tag k="oneway" v="no" /></way><way id="1556" timestamp="2026-03-31T20:21:19Z" uid="1" user="OSMnx" version="1" changeset="1"><nd ref="5369352146" /><nd ref="5369352195" /><tag k="highway" v="unclassified" /><tag k="oneway" v="no" /></way><way id="1557" timestamp="2026-03-31T20:21:19Z" uid="1" user="OSMnx" version="1" changeset="1"><nd ref="5369352146" /><nd ref="5369352190" /><tag k="highway" v="unclassified" /><tag k="oneway" v="no" /></way><way id="1558" timestamp="2026-03-31T20:21:19Z" uid="1" user="OSMnx" version="1" changeset="1"><nd ref="5369352147" /><nd ref="5369352146" /><tag k="highway" v="residential" /><tag k="oneway" v="no" /></way><way id="1559" timestamp="2026-03-31T20:21:19Z" uid="1" user="OSMnx" version="1" changeset="1"><nd ref="5369352147" /><nd ref="5369352148" /><tag k="highway" v="residential" /><tag k="oneway" v="no" /></way><way id="1560" timestamp="2026-03-31T20:21:19Z" uid="1" user="OSMnx" version="1" changeset="1"><nd ref="5369352148" /><nd ref="5369352147" /><tag k="highway" v="residential" /><tag k="oneway" v="no" /></way><way id="1561" timestamp="2026-03-31T20:21:19Z" uid="1" user="OSMnx" version="1" changeset="1"><nd ref="5369352148" /><nd ref="5369352145" /><tag k="highway" v="residential" /><tag k="oneway" v="no" /></way><way id="1562" timestamp="2026-03-31T20:21:19Z" uid="1" user="OSMnx" version="1" changeset="1"><nd ref="5369352149" /><nd ref="5369352084" /><tag k="highway" v="residential" /><tag k="oneway" v="no" /></way><way id="1563" timestamp="2026-03-31T20:21:19Z" uid="1" user="OSMnx" version="1" changeset="1"><nd ref="5369352149" /><nd ref="5369352150" /><tag k="highway" v="residential" /><tag k="oneway" v="no" /></way><way id="1564" timestamp="2026-03-31T20:21:19Z" uid="1" user="OSMnx" version="1" changeset="1"><nd ref="5369352150" /><nd ref="5369352149" /><tag k="highway" v="residential" /><tag k="oneway" v="no" /></way><way id="1565" timestamp="2026-03-31T20:21:19Z" uid="1" user="OSMnx" version="1" changeset="1"><nd ref="5369352150" /><nd ref="5369352151" /><tag k="highway" v="residential" /><tag k="oneway" v="no" /></way><way id="1566" timestamp="2026-03-31T20:21:19Z" uid="1" user="OSMnx" version="1" changeset="1"><nd ref="5369352151" /><nd ref="5369352150" /><tag k="highway" v="residential" /><tag k="oneway" v="no" /></way><way id="1567" timestamp="2026-03-31T20:21:19Z" uid="1" user="OSMnx" version="1" changeset="1"><nd ref="5369352151" /><nd ref="5369352152" /><tag k="highway" v="residential" /><tag k="oneway" v="no" /></way><way id="1568" timestamp="2026-03-31T20:21:19Z" uid="1" user="OSMnx" version="1" changeset="1"><nd ref="5369352152" /><nd ref="5369352151" /><tag k="highway" v="residential" /><tag k="oneway" v="no" /></way><way id="1569" timestamp="2026-03-31T20:21:19Z" uid="1" user="OSMnx" version="1" changeset="1"><nd ref="5369352152" /><nd ref="5369352153" /><tag k="highway" v="residential" /><tag k="oneway" v="no" /></way><way id="1570" timestamp="2026-03-31T20:21:19Z" uid="1" user="OSMnx" version="1" changeset="1"><nd ref="5369352153" /><nd ref="5369352152" /><tag k="highway" v="residential" /><tag k="oneway" v="no" /></way><way id="1571" timestamp="2026-03-31T20:21:19Z" uid="1" user="OSMnx" version="1" changeset="1"><nd ref="5369352153" /><nd ref="5369352246" /><tag k="highway" v="unclassified" /><tag k="oneway" v="no" /></way><way id="1572" timestamp="2026-03-31T20:21:19Z" uid="1" user="OSMnx" version="1" changeset="1"><nd ref="5369352153" /><nd ref="5369352158" /><tag k="highway" v="unclassified" /><tag k="oneway" v="no" /></way><way id="1573" timestamp="2026-03-31T20:21:19Z" uid="1" user="OSMnx" version="1" changeset="1"><nd ref="5369352154" /><nd ref="5369352155" /><tag k="highway" v="residential" /><tag k="oneway" v="no" /></way><way id="1574" timestamp="2026-03-31T20:21:19Z" uid="1" user="OSMnx" version="1" changeset="1"><nd ref="5369352154" /><nd ref="5369352196" /><tag k="highway" v="unclassified" /><tag k="oneway" v="no" /></way><way id="1575" timestamp="2026-03-31T20:21:19Z" uid="1" user="OSMnx" version="1" changeset="1"><nd ref="5369352154" /><nd ref="5369352207" /><tag k="highway" v="unclassified" /><tag k="oneway" v="no" /></way><way id="1576" timestamp="2026-03-31T20:21:19Z" uid="1" user="OSMnx" version="1" changeset="1"><nd ref="5369352155" /><nd ref="5369352154" /><tag k="highway" v="residential" /><tag k="oneway" v="no" /></way><way id="1577" timestamp="2026-03-31T20:21:19Z" uid="1" user="OSMnx" version="1" changeset="1"><nd ref="5369352155" /><nd ref="5369352156" /><tag k="highway" v="residential" /><tag k="oneway" v="no" /></way><way id="1578" timestamp="2026-03-31T20:21:19Z" uid="1" user="OSMnx" version="1" changeset="1"><nd ref="5369352156" /><nd ref="5369352155" /><tag k="highway" v="residential" /><tag k="oneway" v="no" /></way><way id="1579" timestamp="2026-03-31T20:21:19Z" uid="1" user="OSMnx" version="1" changeset="1"><nd ref="5369352156" /><nd ref="5369352086" /><tag k="highway" v="residential" /><tag k="oneway" v="no" /></way><way id="1580" timestamp="2026-03-31T20:21:19Z" uid="1" user="OSMnx" version="1" changeset="1"><nd ref="5369352157" /><nd ref="5369352086" /><tag k="highway" v="residential" /><tag k="oneway" v="no" /></way><way id="1581" timestamp="2026-03-31T20:21:19Z" uid="1" user="OSMnx" version="1" changeset="1"><nd ref="5369352157" /><nd ref="5369352158" /><tag k="highway" v="residential" /><tag k="oneway" v="no" /></way><way id="1582" timestamp="2026-03-31T20:21:19Z" uid="1" user="OSMnx" version="1" changeset="1"><nd ref="5369352158" /><nd ref="5369352157" /><tag k="highway" v="residential" /><tag k="oneway" v="no" /></way><way id="1583" timestamp="2026-03-31T20:21:19Z" uid="1" user="OSMnx" version="1" changeset="1"><nd ref="5369352158" /><nd ref="5369352159" /><tag k="highway" v="residential" /><tag k="oneway" v="no" /></way><way id="1584" timestamp="2026-03-31T20:21:19Z" uid="1" user="OSMnx" version="1" changeset="1"><nd ref="5369352158" /><nd ref="5369352153" /><tag k="highway" v="unclassified" /><tag k="oneway" v="no" /></way><way id="1585" timestamp="2026-03-31T20:21:19Z" uid="1" user="OSMnx" version="1" changeset="1"><nd ref="5369352158" /><nd ref="5369352247" /><tag k="highway" v="unclassified" /><tag k="oneway" v="no" /></way><way id="1586" timestamp="2026-03-31T20:21:19Z" uid="1" user="OSMnx" version="1" changeset="1"><nd ref="5369352159" /><nd ref="5369352158" /><tag k="highway" v="residential" /><tag k="oneway" v="no" /></way><way id="1587" timestamp="2026-03-31T20:21:19Z" uid="1" user="OSMnx" version="1" changeset="1"><nd ref="5369352159" /><nd ref="5369352160" /><tag k="highway" v="residential" /><tag k="oneway" v="no" /></way><way id="1588" timestamp="2026-03-31T20:21:19Z" uid="1" user="OSMnx" version="1" changeset="1"><nd ref="5369352160" /><nd ref="5369352159" /><tag k="highway" v="residential" /><tag k="oneway" v="no" /></way><way id="1589" timestamp="2026-03-31T20:21:19Z" uid="1" user="OSMnx" version="1" changeset="1"><nd ref="5369352160" /><nd ref="5369352161" /><tag k="highway" v="residential" /><tag k="oneway" v="no" /></way><way id="1590" timestamp="2026-03-31T20:21:19Z" uid="1" user="OSMnx" version="1" changeset="1"><nd ref="5369352161" /><nd ref="5368762433" /><tag k="highway" v="secondary" /><tag k="oneway" v="no" /></way><way id="1591" timestamp="2026-03-31T20:21:19Z" uid="1" user="OSMnx" version="1" changeset="1"><nd ref="5369352161" /><nd ref="5368762434" /><tag k="highway" v="secondary" /><tag k="oneway" v="no" /></way><way id="1592" timestamp="2026-03-31T20:21:19Z" uid="1" user="OSMnx" version="1" changeset="1"><nd ref="5369352161" /><nd ref="5369352097" /><tag k="highway" v="residential" /><tag k="oneway" v="no" /></way><way id="1593" timestamp="2026-03-31T20:21:19Z" uid="1" user="OSMnx" version="1" changeset="1"><nd ref="5369352161" /><nd ref="5369352160" /><tag k="highway" v="residential" /><tag k="oneway" v="no" /></way><way id="1594" timestamp="2026-03-31T20:21:19Z" uid="1" user="OSMnx" version="1" changeset="1"><nd ref="5369352168" /><nd ref="5369352169" /><tag k="highway" v="unclassified" /><tag k="oneway" v="no" /></way><way id="1595" timestamp="2026-03-31T20:21:19Z" uid="1" user="OSMnx" version="1" changeset="1"><nd ref="5369352169" /><nd ref="5369352168" /><tag k="highway" v="unclassified" /><tag k="oneway" v="no" /></way><way id="1596" timestamp="2026-03-31T20:21:19Z" uid="1" user="OSMnx" version="1" changeset="1"><nd ref="5369352169" /><nd ref="5369352170" /><tag k="highway" v="unclassified" /><tag k="oneway" v="no" /></way><way id="1597" timestamp="2026-03-31T20:21:19Z" uid="1" user="OSMnx" version="1" changeset="1"><nd ref="5369352170" /><nd ref="5369352169" /><tag k="highway" v="unclassified" /><tag k="oneway" v="no" /></way><way id="1598" timestamp="2026-03-31T20:21:19Z" uid="1" user="OSMnx" version="1" changeset="1"><nd ref="5369352170" /><nd ref="5369352171" /><tag k="highway" v="unclassified" /><tag k="oneway" v="no" /></way><way id="1599" timestamp="2026-03-31T20:21:19Z" uid="1" user="OSMnx" version="1" changeset="1"><nd ref="5369352171" /><nd ref="5369352170" /><tag k="highway" v="unclassified" /><tag k="oneway" v="no" /></way><way id="1600" timestamp="2026-03-31T20:21:19Z" uid="1" user="OSMnx" version="1" changeset="1"><nd ref="5369352171" /><nd ref="5369352172" /><tag k="highway" v="unclassified" /><tag k="oneway" v="no" /></way><way id="1601" timestamp="2026-03-31T20:21:19Z" uid="1" user="OSMnx" version="1" changeset="1"><nd ref="5369352172" /><nd ref="5369352171" /><tag k="highway" v="unclassified" /><tag k="oneway" v="no" /></way><way id="1602" timestamp="2026-03-31T20:21:19Z" uid="1" user="OSMnx" version="1" changeset="1"><nd ref="5369352172" /><nd ref="5369352173" /><tag k="highway" v="unclassified" /><tag k="oneway" v="no" /></way><way id="1603" timestamp="2026-03-31T20:21:19Z" uid="1" user="OSMnx" version="1" changeset="1"><nd ref="5369352173" /><nd ref="5369352172" /><tag k="highway" v="unclassified" /><tag k="oneway" v="no" /></way><way id="1604" timestamp="2026-03-31T20:21:19Z" uid="1" user="OSMnx" version="1" changeset="1"><nd ref="5369352173" /><nd ref="5369352174" /><tag k="highway" v="unclassified" /><tag k="oneway" v="no" /></way><way id="1605" timestamp="2026-03-31T20:21:19Z" uid="1" user="OSMnx" version="1" changeset="1"><nd ref="5369352174" /><nd ref="5369352173" /><tag k="highway" v="unclassified" /><tag k="oneway" v="no" /></way><way id="1606" timestamp="2026-03-31T20:21:19Z" uid="1" user="OSMnx" version="1" changeset="1"><nd ref="5369352174" /><nd ref="5369351904" /><tag k="highway" v="unclassified" /><tag k="oneway" v="no" /></way><way id="1607" timestamp="2026-03-31T20:21:19Z" uid="1" user="OSMnx" version="1" changeset="1"><nd ref="5369352175" /><nd ref="5369351904" /><tag k="highway" v="unclassified" /><tag k="oneway" v="no" /></way><way id="1608" timestamp="2026-03-31T20:21:19Z" uid="1" user="OSMnx" version="1" changeset="1"><nd ref="5369352175" /><nd ref="5369352183" /><tag k="highway" v="unclassified" /><tag k="oneway" v="no" /></way><way id="1609" timestamp="2026-03-31T20:21:19Z" uid="1" user="OSMnx" version="1" changeset="1"><nd ref="5369352176" /><nd ref="5369352183" /><tag k="highway" v="unclassified" /><tag k="oneway" v="no" /></way><way id="1610" timestamp="2026-03-31T20:21:19Z" uid="1" user="OSMnx" version="1" changeset="1"><nd ref="5369352176" /><nd ref="5369352177" /><tag k="highway" v="unclassified" /><tag k="oneway" v="no" /></way><way id="1611" timestamp="2026-03-31T20:21:19Z" uid="1" user="OSMnx" version="1" changeset="1"><nd ref="5369352177" /><nd ref="5369352176" /><tag k="highway" v="unclassified" /><tag k="oneway" v="no" /></way><way id="1612" timestamp="2026-03-31T20:21:19Z" uid="1" user="OSMnx" version="1" changeset="1"><nd ref="5369352177" /><nd ref="5369352178" /><tag k="highway" v="unclassified" /><tag k="oneway" v="no" /></way><way id="1613" timestamp="2026-03-31T20:21:19Z" uid="1" user="OSMnx" version="1" changeset="1"><nd ref="5369352178" /><nd ref="5369352177" /><tag k="highway" v="unclassified" /><tag k="oneway" v="no" /></way><way id="1614" timestamp="2026-03-31T20:21:19Z" uid="1" user="OSMnx" version="1" changeset="1"><nd ref="5369352178" /><nd ref="5369352179" /><tag k="highway" v="unclassified" /><tag k="oneway" v="no" /></way><way id="1615" timestamp="2026-03-31T20:21:19Z" uid="1" user="OSMnx" version="1" changeset="1"><nd ref="5369352179" /><nd ref="5369352178" /><tag k="highway" v="unclassified" /><tag k="oneway" v="no" /></way><way id="1616" timestamp="2026-03-31T20:21:19Z" uid="1" user="OSMnx" version="1" changeset="1"><nd ref="5369352179" /><nd ref="5369352180" /><tag k="highway" v="unclassified" /><tag k="oneway" v="no" /></way><way id="1617" timestamp="2026-03-31T20:21:19Z" uid="1" user="OSMnx" version="1" changeset="1"><nd ref="5369352180" /><nd ref="5369352179" /><tag k="highway" v="unclassified" /><tag k="oneway" v="no" /></way><way id="1618" timestamp="2026-03-31T20:21:19Z" uid="1" user="OSMnx" version="1" changeset="1"><nd ref="5369352180" /><nd ref="5369352181" /><tag k="highway" v="unclassified" /><tag k="oneway" v="no" /></way><way id="1619" timestamp="2026-03-31T20:21:19Z" uid="1" user="OSMnx" version="1" changeset="1"><nd ref="5369352181" /><nd ref="5369352180" /><tag k="highway" v="unclassified" /><tag k="oneway" v="no" /></way><way id="1620" timestamp="2026-03-31T20:21:19Z" uid="1" user="OSMnx" version="1" changeset="1"><nd ref="5369352181" /><nd ref="5369352182" /><tag k="highway" v="unclassified" /><tag k="oneway" v="no" /></way><way id="1621" timestamp="2026-03-31T20:21:19Z" uid="1" user="OSMnx" version="1" changeset="1"><nd ref="5369352182" /><nd ref="5369352181" /><tag k="highway" v="unclassified" /><tag k="oneway" v="no" /></way><way id="1622" timestamp="2026-03-31T20:21:19Z" uid="1" user="OSMnx" version="1" changeset="1"><nd ref="5369352182" /><nd ref="5369351908" /><tag k="highway" v="unclassified" /><tag k="oneway" v="no" /></way><way id="1623" timestamp="2026-03-31T20:21:19Z" uid="1" user="OSMnx" version="1" changeset="1"><nd ref="5369352182" /><nd ref="5369352225" /><tag k="highway" v="unclassified" /><tag k="oneway" v="no" /></way><way id="1624" timestamp="2026-03-31T20:21:19Z" uid="1" user="OSMnx" version="1" changeset="1"><nd ref="5369352183" /><nd ref="5369352175" /><tag k="highway" v="unclassified" /><tag k="oneway" v="no" /></way><way id="1625" timestamp="2026-03-31T20:21:19Z" uid="1" user="OSMnx" version="1" changeset="1"><nd ref="5369352183" /><nd ref="5369352176" /><tag k="highway" v="unclassified" /><tag k="oneway" v="no" /></way><way id="1626" timestamp="2026-03-31T20:21:19Z" uid="1" user="OSMnx" version="1" changeset="1"><nd ref="5369352183" /><nd ref="5369352184" /><tag k="highway" v="unclassified" /><tag k="oneway" v="no" /></way><way id="1627" timestamp="2026-03-31T20:21:19Z" uid="1" user="OSMnx" version="1" changeset="1"><nd ref="5369352184" /><nd ref="5369352183" /><tag k="highway" v="unclassified" /><tag k="oneway" v="no" /></way><way id="1628" timestamp="2026-03-31T20:21:19Z" uid="1" user="OSMnx" version="1" changeset="1"><nd ref="5369352184" /><nd ref="5369352139" /><tag k="highway" v="unclassified" /><tag k="oneway" v="no" /></way><way id="1629" timestamp="2026-03-31T20:21:19Z" uid="1" user="OSMnx" version="1" changeset="1"><nd ref="5369352185" /><nd ref="5369352136" /><tag k="highway" v="unclassified" /><tag k="oneway" v="no" /></way><way id="1630" timestamp="2026-03-31T20:21:19Z" uid="1" user="OSMnx" version="1" changeset="1"><nd ref="5369352185" /><nd ref="5369352186" /><tag k="highway" v="unclassified" /><tag k="oneway" v="no" /></way><way id="1631" timestamp="2026-03-31T20:21:19Z" uid="1" user="OSMnx" version="1" changeset="1"><nd ref="5369352185" /><nd ref="5369352197" /><tag k="highway" v="unclassified" /><tag k="oneway" v="no" /></way><way id="1632" timestamp="2026-03-31T20:21:19Z" uid="1" user="OSMnx" version="1" changeset="1"><nd ref="5369352186" /><nd ref="5369352129" /><tag k="highway" v="unclassified" /><tag k="oneway" v="no" /></way><way id="1633" timestamp="2026-03-31T20:21:19Z" uid="1" user="OSMnx" version="1" changeset="1"><nd ref="5369352186" /><nd ref="5369352185" /><tag k="highway" v="unclassified" /><tag k="oneway" v="no" /></way><way id="1634" timestamp="2026-03-31T20:21:19Z" uid="1" user="OSMnx" version="1" changeset="1"><nd ref="5369352187" /><nd ref="5369352188" /><tag k="highway" v="unclassified" /><tag k="oneway" v="no" /></way><way id="1635" timestamp="2026-03-31T20:21:19Z" uid="1" user="OSMnx" version="1" changeset="1"><nd ref="5369352187" /><nd ref="5369352189" /><tag k="highway" v="unclassified" /><tag k="oneway" v="no" /></way><way id="1636" timestamp="2026-03-31T20:21:19Z" uid="1" user="OSMnx" version="1" changeset="1"><nd ref="5369352187" /><nd ref="5369352201" /><tag k="highway" v="unclassified" /><tag k="oneway" v="no" /></way><way id="1637" timestamp="2026-03-31T20:21:19Z" uid="1" user="OSMnx" version="1" changeset="1"><nd ref="5369352187" /><nd ref="5369352202" /><tag k="highway" v="unclassified" /><tag k="oneway" v="no" /></way><way id="1638" timestamp="2026-03-31T20:21:19Z" uid="1" user="OSMnx" version="1" changeset="1"><nd ref="5369352188" /><nd ref="5369352197" /><tag k="highway" v="unclassified" /><tag k="oneway" v="no" /></way><way id="1639" timestamp="2026-03-31T20:21:19Z" uid="1" user="OSMnx" version="1" changeset="1"><nd ref="5369352188" /><nd ref="5369352187" /><tag k="highway" v="unclassified" /><tag k="oneway" v="no" /></way><way id="1640" timestamp="2026-03-31T20:21:19Z" uid="1" user="OSMnx" version="1" changeset="1"><nd ref="5369352189" /><nd ref="5369352187" /><tag k="highway" v="unclassified" /><tag k="oneway" v="no" /></way><way id="1641" timestamp="2026-03-31T20:21:19Z" uid="1" user="OSMnx" version="1" changeset="1"><nd ref="5369352189" /><nd ref="5369352190" /><tag k="highway" v="unclassified" /><tag k="oneway" v="no" /></way><way id="1642" timestamp="2026-03-31T20:21:19Z" uid="1" user="OSMnx" version="1" changeset="1"><nd ref="5369352190" /><nd ref="5369352189" /><tag k="highway" v="unclassified" /><tag k="oneway" v="no" /></way><way id="1643" timestamp="2026-03-31T20:21:19Z" uid="1" user="OSMnx" version="1" changeset="1"><nd ref="5369352190" /><nd ref="5369352146" /><tag k="highway" v="unclassified" /><tag k="oneway" v="no" /></way><way id="1644" timestamp="2026-03-31T20:21:19Z" uid="1" user="OSMnx" version="1" changeset="1"><nd ref="5369352190" /><nd ref="5369352196" /><tag k="highway" v="unclassified" /><tag k="oneway" v="no" /></way><way id="1645" timestamp="2026-03-31T20:21:19Z" uid="1" user="OSMnx" version="1" changeset="1"><nd ref="5369352191" /><nd ref="5369352110" /><tag k="highway" v="unclassified" /><tag k="oneway" v="no" /></way><way id="1646" timestamp="2026-03-31T20:21:19Z" uid="1" user="OSMnx" version="1" changeset="1"><nd ref="5369352191" /><nd ref="5369352136" /><tag k="highway" v="unclassified" /><tag k="oneway" v="no" /></way><way id="1647" timestamp="2026-03-31T20:21:19Z" uid="1" user="OSMnx" version="1" changeset="1"><nd ref="5369352191" /><nd ref="5369352192" /><tag k="highway" v="unclassified" /><tag k="oneway" v="no" /></way><way id="1648" timestamp="2026-03-31T20:21:19Z" uid="1" user="OSMnx" version="1" changeset="1"><nd ref="5369352192" /><nd ref="5369352191" /><tag k="highway" v="unclassified" /><tag k="oneway" v="no" /></way><way id="1649" timestamp="2026-03-31T20:21:19Z" uid="1" user="OSMnx" version="1" changeset="1"><nd ref="5369352192" /><nd ref="5369352193" /><tag k="highway" v="unclassified" /><tag k="oneway" v="no" /></way><way id="1650" timestamp="2026-03-31T20:21:19Z" uid="1" user="OSMnx" version="1" changeset="1"><nd ref="5369352192" /><nd ref="5369352140" /><tag k="highway" v="unclassified" /><tag k="oneway" v="no" /></way><way id="1651" timestamp="2026-03-31T20:21:19Z" uid="1" user="OSMnx" version="1" changeset="1"><nd ref="5369352193" /><nd ref="5369352192" /><tag k="highway" v="unclassified" /><tag k="oneway" v="no" /></way><way id="1652" timestamp="2026-03-31T20:21:19Z" uid="1" user="OSMnx" version="1" changeset="1"><nd ref="5369352193" /><nd ref="5369352228" /><tag k="highway" v="unclassified" /><tag k="oneway" v="no" /></way><way id="1653" timestamp="2026-03-31T20:21:19Z" uid="1" user="OSMnx" version="1" changeset="1"><nd ref="5369352193" /><nd ref="5369352229" /><tag k="highway" v="unclassified" /><tag k="oneway" v="no" /></way><way id="1654" timestamp="2026-03-31T20:21:19Z" uid="1" user="OSMnx" version="1" changeset="1"><nd ref="5369352194" /><nd ref="5369352140" /><tag k="highway" v="unclassified" /><tag k="oneway" v="no" /></way><way id="1655" timestamp="2026-03-31T20:21:19Z" uid="1" user="OSMnx" version="1" changeset="1"><nd ref="5369352194" /><nd ref="5369352195" /><tag k="highway" v="unclassified" /><tag k="oneway" v="no" /></way><way id="1656" timestamp="2026-03-31T20:21:19Z" uid="1" user="OSMnx" version="1" changeset="1"><nd ref="5369352195" /><nd ref="5369352194" /><tag k="highway" v="unclassified" /><tag k="oneway" v="no" /></way><way id="1657" timestamp="2026-03-31T20:21:19Z" uid="1" user="OSMnx" version="1" changeset="1"><nd ref="5369352195" /><nd ref="5369352146" /><tag k="highway" v="unclassified" /><tag k="oneway" v="no" /></way><way id="1658" timestamp="2026-03-31T20:21:19Z" uid="1" user="OSMnx" version="1" changeset="1"><nd ref="5369352196" /><nd ref="5369352190" /><tag k="highway" v="unclassified" /><tag k="oneway" v="no" /></way><way id="1659" timestamp="2026-03-31T20:21:19Z" uid="1" user="OSMnx" version="1" changeset="1"><nd ref="5369352196" /><nd ref="5369352154" /><tag k="highway" v="unclassified" /><tag k="oneway" v="no" /></way><way id="1660" timestamp="2026-03-31T20:21:19Z" uid="1" user="OSMnx" version="1" changeset="1"><nd ref="5369352197" /><nd ref="5369352185" /><tag k="highway" v="unclassified" /><tag k="oneway" v="no" /></way><way id="1661" timestamp="2026-03-31T20:21:19Z" uid="1" user="OSMnx" version="1" changeset="1"><nd ref="5369352197" /><nd ref="5369352188" /><tag k="highway" v="unclassified" /><tag k="oneway" v="no" /></way><way id="1662" timestamp="2026-03-31T20:21:19Z" uid="1" user="OSMnx" version="1" changeset="1"><nd ref="5369352197" /><nd ref="5369352198" /><tag k="highway" v="unclassified" /><tag k="oneway" v="no" /></way><way id="1663" timestamp="2026-03-31T20:21:19Z" uid="1" user="OSMnx" version="1" changeset="1"><nd ref="5369352198" /><nd ref="5369352197" /><tag k="highway" v="unclassified" /><tag k="oneway" v="no" /></way><way id="1664" timestamp="2026-03-31T20:21:19Z" uid="1" user="OSMnx" version="1" changeset="1"><nd ref="5369352198" /><nd ref="5369352199" /><tag k="highway" v="unclassified" /><tag k="oneway" v="no" /></way><way id="1665" timestamp="2026-03-31T20:21:19Z" uid="1" user="OSMnx" version="1" changeset="1"><nd ref="5369352199" /><nd ref="5369352203" /><tag k="highway" v="residential" /><tag k="oneway" v="no" /></way><way id="1666" timestamp="2026-03-31T20:21:19Z" uid="1" user="OSMnx" version="1" changeset="1"><nd ref="5369352199" /><nd ref="5368819827" /><tag k="highway" v="residential" /><tag k="oneway" v="no" /></way><way id="1667" timestamp="2026-03-31T20:21:19Z" uid="1" user="OSMnx" version="1" changeset="1"><nd ref="5369352199" /><nd ref="5369352198" /><tag k="highway" v="unclassified" /><tag k="oneway" v="no" /></way><way id="1668" timestamp="2026-03-31T20:21:19Z" uid="1" user="OSMnx" version="1" changeset="1"><nd ref="5369352200" /><nd ref="5369352201" /><tag k="highway" v="unclassified" /><tag k="oneway" v="no" /></way><way id="1669" timestamp="2026-03-31T20:21:19Z" uid="1" user="OSMnx" version="1" changeset="1"><nd ref="5369352201" /><nd ref="5369352200" /><tag k="highway" v="unclassified" /><tag k="oneway" v="no" /></way><way id="1670" timestamp="2026-03-31T20:21:19Z" uid="1" user="OSMnx" version="1" changeset="1"><nd ref="5369352201" /><nd ref="5369352187" /><tag k="highway" v="unclassified" /><tag k="oneway" v="no" /></way><way id="1671" timestamp="2026-03-31T20:21:19Z" uid="1" user="OSMnx" version="1" changeset="1"><nd ref="5369352202" /><nd ref="5369352187" /><tag k="highway" v="unclassified" /><tag k="oneway" v="no" /></way><way id="1672" timestamp="2026-03-31T20:21:19Z" uid="1" user="OSMnx" version="1" changeset="1"><nd ref="5369352202" /><nd ref="5369352204" /><tag k="highway" v="unclassified" /><tag k="oneway" v="no" /></way><way id="1673" timestamp="2026-03-31T20:21:19Z" uid="1" user="OSMnx" version="1" changeset="1"><nd ref="5369352203" /><nd ref="5368819832" /><tag k="highway" v="residential" /><tag k="oneway" v="no" /></way><way id="1674" timestamp="2026-03-31T20:21:19Z" uid="1" user="OSMnx" version="1" changeset="1"><nd ref="5369352203" /><nd ref="5369352199" /><tag k="highway" v="residential" /><tag k="oneway" v="no" /></way><way id="1675" timestamp="2026-03-31T20:21:19Z" uid="1" user="OSMnx" version="1" changeset="1"><nd ref="5369352203" /><nd ref="5369352204" /><tag k="highway" v="unclassified" /><tag k="oneway" v="no" /></way><way id="1676" timestamp="2026-03-31T20:21:19Z" uid="1" user="OSMnx" version="1" changeset="1"><nd ref="5369352204" /><nd ref="5369352202" /><tag k="highway" v="unclassified" /><tag k="oneway" v="no" /></way><way id="1677" timestamp="2026-03-31T20:21:19Z" uid="1" user="OSMnx" version="1" changeset="1"><nd ref="5369352204" /><nd ref="5369352203" /><tag k="highway" v="unclassified" /><tag k="oneway" v="no" /></way><way id="1678" timestamp="2026-03-31T20:21:19Z" uid="1" user="OSMnx" version="1" changeset="1"><nd ref="5369352204" /><nd ref="5369352205" /><tag k="highway" v="unclassified" /><tag k="oneway" v="no" /></way><way id="1679" timestamp="2026-03-31T20:21:19Z" uid="1" user="OSMnx" version="1" changeset="1"><nd ref="5369352205" /><nd ref="5369352204" /><tag k="highway" v="unclassified" /><tag k="oneway" v="no" /></way><way id="1680" timestamp="2026-03-31T20:21:19Z" uid="1" user="OSMnx" version="1" changeset="1"><nd ref="5369352205" /><nd ref="5369352206" /><tag k="highway" v="unclassified" /><tag k="oneway" v="no" /></way><way id="1681" timestamp="2026-03-31T20:21:19Z" uid="1" user="OSMnx" version="1" changeset="1"><nd ref="5369352206" /><nd ref="5369352205" /><tag k="highway" v="unclassified" /><tag k="oneway" v="no" /></way><way id="1682" timestamp="2026-03-31T20:21:19Z" uid="1" user="OSMnx" version="1" changeset="1"><nd ref="5369352206" /><nd ref="5369352207" /><tag k="highway" v="unclassified" /><tag k="oneway" v="no" /></way><way id="1683" timestamp="2026-03-31T20:21:19Z" uid="1" user="OSMnx" version="1" changeset="1"><nd ref="5369352207" /><nd ref="5369352154" /><tag k="highway" v="unclassified" /><tag k="oneway" v="no" /></way><way id="1684" timestamp="2026-03-31T20:21:19Z" uid="1" user="OSMnx" version="1" changeset="1"><nd ref="5369352207" /><nd ref="5369352206" /><tag k="highway" v="unclassified" /><tag k="oneway" v="no" /></way><way id="1685" timestamp="2026-03-31T20:21:19Z" uid="1" user="OSMnx" version="1" changeset="1"><nd ref="5369352207" /><nd ref="5369352208" /><tag k="highway" v="unclassified" /><tag k="oneway" v="no" /></way><way id="1686" timestamp="2026-03-31T20:21:19Z" uid="1" user="OSMnx" version="1" changeset="1"><nd ref="5369352208" /><nd ref="5369352207" /><tag k="highway" v="unclassified" /><tag k="oneway" v="no" /></way><way id="1687" timestamp="2026-03-31T20:21:19Z" uid="1" user="OSMnx" version="1" changeset="1"><nd ref="5369352208" /><nd ref="5369352209" /><tag k="highway" v="unclassified" /><tag k="oneway" v="no" /></way><way id="1688" timestamp="2026-03-31T20:21:19Z" uid="1" user="OSMnx" version="1" changeset="1"><nd ref="5369352209" /><nd ref="5369352208" /><tag k="highway" v="unclassified" /><tag k="oneway" v="no" /></way><way id="1689" timestamp="2026-03-31T20:21:19Z" uid="1" user="OSMnx" version="1" changeset="1"><nd ref="5369352209" /><nd ref="5369352210" /><tag k="highway" v="unclassified" /><tag k="oneway" v="no" /></way><way id="1690" timestamp="2026-03-31T20:21:19Z" uid="1" user="OSMnx" version="1" changeset="1"><nd ref="5369352210" /><nd ref="5369352209" /><tag k="highway" v="unclassified" /><tag k="oneway" v="no" /></way><way id="1691" timestamp="2026-03-31T20:21:19Z" uid="1" user="OSMnx" version="1" changeset="1"><nd ref="5369352210" /><nd ref="5369352211" /><tag k="highway" v="unclassified" /><tag k="oneway" v="no" /></way><way id="1692" timestamp="2026-03-31T20:21:19Z" uid="1" user="OSMnx" version="1" changeset="1"><nd ref="5369352211" /><nd ref="5369352210" /><tag k="highway" v="unclassified" /><tag k="oneway" v="no" /></way><way id="1693" timestamp="2026-03-31T20:21:19Z" uid="1" user="OSMnx" version="1" changeset="1"><nd ref="5369352211" /><nd ref="5369352212" /><tag k="highway" v="unclassified" /><tag k="oneway" v="no" /></way><way id="1694" timestamp="2026-03-31T20:21:19Z" uid="1" user="OSMnx" version="1" changeset="1"><nd ref="5369352212" /><nd ref="5369352211" /><tag k="highway" v="unclassified" /><tag k="oneway" v="no" /></way><way id="1695" timestamp="2026-03-31T20:21:19Z" uid="1" user="OSMnx" version="1" changeset="1"><nd ref="5369352212" /><nd ref="5369352247" /><tag k="highway" v="unclassified" /><tag k="oneway" v="no" /></way><way id="1696" timestamp="2026-03-31T20:21:19Z" uid="1" user="OSMnx" version="1" changeset="1"><nd ref="5369352212" /><nd ref="5369352248" /><tag k="highway" v="unclassified" /><tag k="oneway" v="no" /></way><way id="1697" timestamp="2026-03-31T20:21:19Z" uid="1" user="OSMnx" version="1" changeset="1"><nd ref="5369352213" /><nd ref="5369352214" /><tag k="highway" v="unclassified" /><tag k="oneway" v="no" /></way><way id="1698" timestamp="2026-03-31T20:21:19Z" uid="1" user="OSMnx" version="1" changeset="1"><nd ref="5369352214" /><nd ref="5369352213" /><tag k="highway" v="unclassified" /><tag k="oneway" v="no" /></way><way id="1699" timestamp="2026-03-31T20:21:19Z" uid="1" user="OSMnx" version="1" changeset="1"><nd ref="5369352214" /><nd ref="5369352215" /><tag k="highway" v="unclassified" /><tag k="oneway" v="no" /></way><way id="1700" timestamp="2026-03-31T20:21:19Z" uid="1" user="OSMnx" version="1" changeset="1"><nd ref="5369352215" /><nd ref="5369352214" /><tag k="highway" v="unclassified" /><tag k="oneway" v="no" /></way><way id="1701" timestamp="2026-03-31T20:21:19Z" uid="1" user="OSMnx" version="1" changeset="1"><nd ref="5369352215" /><nd ref="5369352216" /><tag k="highway" v="unclassified" /><tag k="oneway" v="no" /></way><way id="1702" timestamp="2026-03-31T20:21:19Z" uid="1" user="OSMnx" version="1" changeset="1"><nd ref="5369352215" /><nd ref="5369352223" /><tag k="highway" v="unclassified" /><tag k="oneway" v="no" /></way><way id="1703" timestamp="2026-03-31T20:21:19Z" uid="1" user="OSMnx" version="1" changeset="1"><nd ref="5369352216" /><nd ref="5369352215" /><tag k="highway" v="unclassified" /><tag k="oneway" v="no" /></way><way id="1704" timestamp="2026-03-31T20:21:19Z" uid="1" user="OSMnx" version="1" changeset="1"><nd ref="5369352216" /><nd ref="5369352217" /><tag k="highway" v="unclassified" /><tag k="oneway" v="no" /></way><way id="1705" timestamp="2026-03-31T20:21:19Z" uid="1" user="OSMnx" version="1" changeset="1"><nd ref="5369352217" /><nd ref="5369352216" /><tag k="highway" v="unclassified" /><tag k="oneway" v="no" /></way><way id="1706" timestamp="2026-03-31T20:21:19Z" uid="1" user="OSMnx" version="1" changeset="1"><nd ref="5369352217" /><nd ref="5369352218" /><tag k="highway" v="unclassified" /><tag k="oneway" v="no" /></way><way id="1707" timestamp="2026-03-31T20:21:19Z" uid="1" user="OSMnx" version="1" changeset="1"><nd ref="5369352218" /><nd ref="5369352217" /><tag k="highway" v="unclassified" /><tag k="oneway" v="no" /></way><way id="1708" timestamp="2026-03-31T20:21:19Z" uid="1" user="OSMnx" version="1" changeset="1"><nd ref="5369352218" /><nd ref="5369352219" /><tag k="highway" v="unclassified" /><tag k="oneway" v="no" /></way><way id="1709" timestamp="2026-03-31T20:21:19Z" uid="1" user="OSMnx" version="1" changeset="1"><nd ref="5369352219" /><nd ref="5369352218" /><tag k="highway" v="unclassified" /><tag k="oneway" v="no" /></way><way id="1710" timestamp="2026-03-31T20:21:19Z" uid="1" user="OSMnx" version="1" changeset="1"><nd ref="5369352219" /><nd ref="5369352220" /><tag k="highway" v="unclassified" /><tag k="oneway" v="no" /></way><way id="1711" timestamp="2026-03-31T20:21:19Z" uid="1" user="OSMnx" version="1" changeset="1"><nd ref="5369352220" /><nd ref="5369352219" /><tag k="highway" v="unclassified" /><tag k="oneway" v="no" /></way><way id="1712" timestamp="2026-03-31T20:21:19Z" uid="1" user="OSMnx" version="1" changeset="1"><nd ref="5369352220" /><nd ref="5369352221" /><tag k="highway" v="unclassified" /><tag k="oneway" v="no" /></way><way id="1713" timestamp="2026-03-31T20:21:19Z" uid="1" user="OSMnx" version="1" changeset="1"><nd ref="5369352221" /><nd ref="5369352220" /><tag k="highway" v="unclassified" /><tag k="oneway" v="no" /></way><way id="1714" timestamp="2026-03-31T20:21:19Z" uid="1" user="OSMnx" version="1" changeset="1"><nd ref="5369352221" /><nd ref="5369352222" /><tag k="highway" v="unclassified" /><tag k="oneway" v="no" /></way><way id="1715" timestamp="2026-03-31T20:21:19Z" uid="1" user="OSMnx" version="1" changeset="1"><nd ref="5369352222" /><nd ref="5369352056" /><tag k="highway" v="secondary" /><tag k="oneway" v="no" /></way><way id="1716" timestamp="2026-03-31T20:21:19Z" uid="1" user="OSMnx" version="1" changeset="1"><nd ref="5369352222" /><nd ref="5368762422" /><tag k="highway" v="secondary" /><tag k="oneway" v="no" /></way><way id="1717" timestamp="2026-03-31T20:21:19Z" uid="1" user="OSMnx" version="1" changeset="1"><nd ref="5369352222" /><nd ref="5369352221" /><tag k="highway" v="unclassified" /><tag k="oneway" v="no" /></way><way id="1718" timestamp="2026-03-31T20:21:19Z" uid="1" user="OSMnx" version="1" changeset="1"><nd ref="5369352223" /><nd ref="5369352215" /><tag k="highway" v="unclassified" /><tag k="oneway" v="no" /></way><way id="1719" timestamp="2026-03-31T20:21:19Z" uid="1" user="OSMnx" version="1" changeset="1"><nd ref="5369352223" /><nd ref="5369352224" /><tag k="highway" v="unclassified" /><tag k="oneway" v="no" /></way><way id="1720" timestamp="2026-03-31T20:21:19Z" uid="1" user="OSMnx" version="1" changeset="1"><nd ref="5369352224" /><nd ref="5369352223" /><tag k="highway" v="unclassified" /><tag k="oneway" v="no" /></way><way id="1721" timestamp="2026-03-31T20:21:19Z" uid="1" user="OSMnx" version="1" changeset="1"><nd ref="5369352224" /><nd ref="5369351908" /><tag k="highway" v="unclassified" /><tag k="oneway" v="no" /></way><way id="1722" timestamp="2026-03-31T20:21:19Z" uid="1" user="OSMnx" version="1" changeset="1"><nd ref="5369352225" /><nd ref="5369352182" /><tag k="highway" v="unclassified" /><tag k="oneway" v="no" /></way><way id="1723" timestamp="2026-03-31T20:21:19Z" uid="1" user="OSMnx" version="1" changeset="1"><nd ref="5369352225" /><nd ref="5369352226" /><tag k="highway" v="unclassified" /><tag k="oneway" v="no" /></way><way id="1724" timestamp="2026-03-31T20:21:19Z" uid="1" user="OSMnx" version="1" changeset="1"><nd ref="5369352226" /><nd ref="5369352225" /><tag k="highway" v="unclassified" /><tag k="oneway" v="no" /></way><way id="1725" timestamp="2026-03-31T20:21:19Z" uid="1" user="OSMnx" version="1" changeset="1"><nd ref="5369352226" /><nd ref="5369352227" /><tag k="highway" v="unclassified" /><tag k="oneway" v="no" /></way><way id="1726" timestamp="2026-03-31T20:21:19Z" uid="1" user="OSMnx" version="1" changeset="1"><nd ref="5369352227" /><nd ref="5369352226" /><tag k="highway" v="unclassified" /><tag k="oneway" v="no" /></way><way id="1727" timestamp="2026-03-31T20:21:19Z" uid="1" user="OSMnx" version="1" changeset="1"><nd ref="5369352227" /><nd ref="5369352228" /><tag k="highway" v="unclassified" /><tag k="oneway" v="no" /></way><way id="1728" timestamp="2026-03-31T20:21:19Z" uid="1" user="OSMnx" version="1" changeset="1"><nd ref="5369352228" /><nd ref="5369352227" /><tag k="highway" v="unclassified" /><tag k="oneway" v="no" /></way><way id="1729" timestamp="2026-03-31T20:21:19Z" uid="1" user="OSMnx" version="1" changeset="1"><nd ref="5369352228" /><nd ref="5369352193" /><tag k="highway" v="unclassified" /><tag k="oneway" v="no" /></way><way id="1730" timestamp="2026-03-31T20:21:19Z" uid="1" user="OSMnx" version="1" changeset="1"><nd ref="5369352229" /><nd ref="5369352193" /><tag k="highway" v="unclassified" /><tag k="oneway" v="no" /></way><way id="1731" timestamp="2026-03-31T20:21:19Z" uid="1" user="OSMnx" version="1" changeset="1"><nd ref="5369352229" /><nd ref="5369352142" /><tag k="highway" v="unclassified" /><tag k="oneway" v="no" /></way><way id="1732" timestamp="2026-03-31T20:21:19Z" uid="1" user="OSMnx" version="1" changeset="1"><nd ref="5369352230" /><nd ref="5369352142" /><tag k="highway" v="unclassified" /><tag k="oneway" v="no" /></way><way id="1733" timestamp="2026-03-31T20:21:19Z" uid="1" user="OSMnx" version="1" changeset="1"><nd ref="5369352230" /><nd ref="5369352231" /><tag k="highway" v="unclassified" /><tag k="oneway" v="no" /></way><way id="1734" timestamp="2026-03-31T20:21:19Z" uid="1" user="OSMnx" version="1" changeset="1"><nd ref="5369352231" /><nd ref="5369352081" /><tag k="highway" v="residential" /><tag k="oneway" v="no" /></way><way id="1735" timestamp="2026-03-31T20:21:19Z" uid="1" user="OSMnx" version="1" changeset="1"><nd ref="5369352231" /><nd ref="5369352230" /><tag k="highway" v="unclassified" /><tag k="oneway" v="no" /></way><way id="1736" timestamp="2026-03-31T20:21:19Z" uid="1" user="OSMnx" version="1" changeset="1"><nd ref="5369352231" /><nd ref="5369352232" /><tag k="highway" v="unclassified" /><tag k="oneway" v="no" /></way><way id="1737" timestamp="2026-03-31T20:21:19Z" uid="1" user="OSMnx" version="1" changeset="1"><nd ref="5369352232" /><nd ref="5369352231" /><tag k="highway" v="unclassified" /><tag k="oneway" v="no" /></way><way id="1738" timestamp="2026-03-31T20:21:19Z" uid="1" user="OSMnx" version="1" changeset="1"><nd ref="5369352232" /><nd ref="5369352233" /><tag k="highway" v="unclassified" /><tag k="oneway" v="no" /></way><way id="1739" timestamp="2026-03-31T20:21:19Z" uid="1" user="OSMnx" version="1" changeset="1"><nd ref="5369352233" /><nd ref="5369352232" /><tag k="highway" v="unclassified" /><tag k="oneway" v="no" /></way><way id="1740" timestamp="2026-03-31T20:21:19Z" uid="1" user="OSMnx" version="1" changeset="1"><nd ref="5369352233" /><nd ref="5369352234" /><tag k="highway" v="unclassified" /><tag k="oneway" v="no" /></way><way id="1741" timestamp="2026-03-31T20:21:19Z" uid="1" user="OSMnx" version="1" changeset="1"><nd ref="5369352234" /><nd ref="5369352233" /><tag k="highway" v="unclassified" /><tag k="oneway" v="no" /></way><way id="1742" timestamp="2026-03-31T20:21:19Z" uid="1" user="OSMnx" version="1" changeset="1"><nd ref="5369352234" /><nd ref="5369352235" /><tag k="highway" v="unclassified" /><tag k="oneway" v="no" /></way><way id="1743" timestamp="2026-03-31T20:21:19Z" uid="1" user="OSMnx" version="1" changeset="1"><nd ref="5369352235" /><nd ref="5369352234" /><tag k="highway" v="unclassified" /><tag k="oneway" v="no" /></way><way id="1744" timestamp="2026-03-31T20:21:19Z" uid="1" user="OSMnx" version="1" changeset="1"><nd ref="5369352235" /><nd ref="5369352236" /><tag k="highway" v="unclassified" /><tag k="oneway" v="no" /></way><way id="1745" timestamp="2026-03-31T20:21:19Z" uid="1" user="OSMnx" version="1" changeset="1"><nd ref="5369352236" /><nd ref="5369352235" /><tag k="highway" v="unclassified" /><tag k="oneway" v="no" /></way><way id="1746" timestamp="2026-03-31T20:21:19Z" uid="1" user="OSMnx" version="1" changeset="1"><nd ref="5369352236" /><nd ref="5369352237" /><tag k="highway" v="unclassified" /><tag k="oneway" v="no" /></way><way id="1747" timestamp="2026-03-31T20:21:19Z" uid="1" user="OSMnx" version="1" changeset="1"><nd ref="5369352237" /><nd ref="5369352236" /><tag k="highway" v="unclassified" /><tag k="oneway" v="no" /></way><way id="1748" timestamp="2026-03-31T20:21:19Z" uid="1" user="OSMnx" version="1" changeset="1"><nd ref="5369352237" /><nd ref="5369352238" /><tag k="highway" v="unclassified" /><tag k="oneway" v="no" /></way><way id="1749" timestamp="2026-03-31T20:21:19Z" uid="1" user="OSMnx" version="1" changeset="1"><nd ref="5369352238" /><nd ref="5369352237" /><tag k="highway" v="unclassified" /><tag k="oneway" v="no" /></way><way id="1750" timestamp="2026-03-31T20:21:19Z" uid="1" user="OSMnx" version="1" changeset="1"><nd ref="5369352238" /><nd ref="5369352239" /><tag k="highway" v="unclassified" /><tag k="oneway" v="no" /></way><way id="1751" timestamp="2026-03-31T20:21:19Z" uid="1" user="OSMnx" version="1" changeset="1"><nd ref="5369352239" /><nd ref="5369352238" /><tag k="highway" v="unclassified" /><tag k="oneway" v="no" /></way><way id="1752" timestamp="2026-03-31T20:21:19Z" uid="1" user="OSMnx" version="1" changeset="1"><nd ref="5369352239" /><nd ref="5369352240" /><tag k="highway" v="unclassified" /><tag k="oneway" v="no" /></way><way id="1753" timestamp="2026-03-31T20:21:19Z" uid="1" user="OSMnx" version="1" changeset="1"><nd ref="5369352240" /><nd ref="5369352239" /><tag k="highway" v="unclassified" /><tag k="oneway" v="no" /></way><way id="1754" timestamp="2026-03-31T20:21:19Z" uid="1" user="OSMnx" version="1" changeset="1"><nd ref="5369352240" /><nd ref="5369352241" /><tag k="highway" v="unclassified" /><tag k="oneway" v="no" /></way><way id="1755" timestamp="2026-03-31T20:21:19Z" uid="1" user="OSMnx" version="1" changeset="1"><nd ref="5369352241" /><nd ref="5369352240" /><tag k="highway" v="unclassified" /><tag k="oneway" v="no" /></way><way id="1756" timestamp="2026-03-31T20:21:19Z" uid="1" user="OSMnx" version="1" changeset="1"><nd ref="5369352241" /><nd ref="5369352243" /><tag k="highway" v="unclassified" /><tag k="oneway" v="no" /></way><way id="1757" timestamp="2026-03-31T20:21:19Z" uid="1" user="OSMnx" version="1" changeset="1"><nd ref="5369352242" /><nd ref="5368762426" /><tag k="highway" v="secondary" /><tag k="oneway" v="no" /></way><way id="1758" timestamp="2026-03-31T20:21:19Z" uid="1" user="OSMnx" version="1" changeset="1"><nd ref="5369352242" /><nd ref="5369352087" /><tag k="highway" v="secondary" /><tag k="oneway" v="no" /></way><way id="1759" timestamp="2026-03-31T20:21:19Z" uid="1" user="OSMnx" version="1" changeset="1"><nd ref="5369352243" /><nd ref="5369352241" /><tag k="highway" v="unclassified" /><tag k="oneway" v="no" /></way><way id="1760" timestamp="2026-03-31T20:21:19Z" uid="1" user="OSMnx" version="1" changeset="1"><nd ref="5369352243" /><nd ref="5369352244" /><tag k="highway" v="unclassified" /><tag k="oneway" v="no" /></way><way id="1761" timestamp="2026-03-31T20:21:19Z" uid="1" user="OSMnx" version="1" changeset="1"><nd ref="5369352244" /><nd ref="5369352243" /><tag k="highway" v="unclassified" /><tag k="oneway" v="no" /></way><way id="1762" timestamp="2026-03-31T20:21:19Z" uid="1" user="OSMnx" version="1" changeset="1"><nd ref="5369352244" /><nd ref="5369352245" /><tag k="highway" v="unclassified" /><tag k="oneway" v="no" /></way><way id="1763" timestamp="2026-03-31T20:21:19Z" uid="1" user="OSMnx" version="1" changeset="1"><nd ref="5369352245" /><nd ref="5369352244" /><tag k="highway" v="unclassified" /><tag k="oneway" v="no" /></way><way id="1764" timestamp="2026-03-31T20:21:19Z" uid="1" user="OSMnx" version="1" changeset="1"><nd ref="5369352245" /><nd ref="5369352246" /><tag k="highway" v="unclassified" /><tag k="oneway" v="no" /></way><way id="1765" timestamp="2026-03-31T20:21:19Z" uid="1" user="OSMnx" version="1" changeset="1"><nd ref="5369352246" /><nd ref="5369352245" /><tag k="highway" v="unclassified" /><tag k="oneway" v="no" /></way><way id="1766" timestamp="2026-03-31T20:21:19Z" uid="1" user="OSMnx" version="1" changeset="1"><nd ref="5369352246" /><nd ref="5369352153" /><tag k="highway" v="unclassified" /><tag k="oneway" v="no" /></way><way id="1767" timestamp="2026-03-31T20:21:19Z" uid="1" user="OSMnx" version="1" changeset="1"><nd ref="5369352247" /><nd ref="5369352158" /><tag k="highway" v="unclassified" /><tag k="oneway" v="no" /></way><way id="1768" timestamp="2026-03-31T20:21:19Z" uid="1" user="OSMnx" version="1" changeset="1"><nd ref="5369352247" /><nd ref="5369352212" /><tag k="highway" v="unclassified" /><tag k="oneway" v="no" /></way><way id="1769" timestamp="2026-03-31T20:21:19Z" uid="1" user="OSMnx" version="1" changeset="1"><nd ref="5369352248" /><nd ref="5369352212" /><tag k="highway" v="unclassified" /><tag k="oneway" v="no" /></way><way id="1770" timestamp="2026-03-31T20:21:19Z" uid="1" user="OSMnx" version="1" changeset="1"><nd ref="5369352248" /><nd ref="5369352249" /><tag k="highway" v="unclassified" /><tag k="oneway" v="no" /></way><way id="1771" timestamp="2026-03-31T20:21:19Z" uid="1" user="OSMnx" version="1" changeset="1"><nd ref="5369352249" /><nd ref="5369352248" /><tag k="highway" v="unclassified" /><tag k="oneway" v="no" /></way><way id="1772" timestamp="2026-03-31T20:21:19Z" uid="1" user="OSMnx" version="1" changeset="1"><nd ref="5369352249" /><nd ref="5368762830" /><tag k="highway" v="unclassified" /><tag k="oneway" v="no" /></way><way id="1773" timestamp="2026-03-31T20:21:19Z" uid="1" user="OSMnx" version="1" changeset="1"><nd ref="5369521801" /><nd ref="5369521802" /><tag k="highway" v="residential" /><tag k="oneway" v="no" /></way><way id="1774" timestamp="2026-03-31T20:21:19Z" uid="1" user="OSMnx" version="1" changeset="1"><nd ref="5369521801" /><nd ref="5369521925" /><tag k="highway" v="residential" /><tag k="oneway" v="no" /></way><way id="1775" timestamp="2026-03-31T20:21:19Z" uid="1" user="OSMnx" version="1" changeset="1"><nd ref="5369521801" /><nd ref="5369521926" /><tag k="highway" v="residential" /><tag k="oneway" v="no" /></way><way id="1776" timestamp="2026-03-31T20:21:19Z" uid="1" user="OSMnx" version="1" changeset="1"><nd ref="5369521802" /><nd ref="5369521801" /><tag k="highway" v="residential" /><tag k="oneway" v="no" /></way><way id="1777" timestamp="2026-03-31T20:21:19Z" uid="1" user="OSMnx" version="1" changeset="1"><nd ref="5369521802" /><nd ref="5369521803" /><tag k="highway" v="residential" /><tag k="oneway" v="no" /></way><way id="1778" timestamp="2026-03-31T20:21:19Z" uid="1" user="OSMnx" version="1" changeset="1"><nd ref="5369521802" /><nd ref="5369521820" /><tag k="highway" v="residential" /><tag k="oneway" v="no" /></way><way id="1779" timestamp="2026-03-31T20:21:19Z" uid="1" user="OSMnx" version="1" changeset="1"><nd ref="5369521802" /><nd ref="5369521921" /><tag k="highway" v="residential" /><tag k="oneway" v="no" /></way><way id="1780" timestamp="2026-03-31T20:21:19Z" uid="1" user="OSMnx" version="1" changeset="1"><nd ref="5369521803" /><nd ref="5369521802" /><tag k="highway" v="residential" /><tag k="oneway" v="no" /></way><way id="1781" timestamp="2026-03-31T20:21:19Z" uid="1" user="OSMnx" version="1" changeset="1"><nd ref="5369521803" /><nd ref="5369521805" /><tag k="highway" v="residential" /><tag k="oneway" v="no" /></way><way id="1782" timestamp="2026-03-31T20:21:19Z" uid="1" user="OSMnx" version="1" changeset="1"><nd ref="5369521803" /><nd ref="5369521806" /><tag k="highway" v="residential" /><tag k="oneway" v="no" /></way><way id="1783" timestamp="2026-03-31T20:21:19Z" uid="1" user="OSMnx" version="1" changeset="1"><nd ref="5369521804" /><nd ref="5369521819" /><tag k="highway" v="residential" /><tag k="oneway" v="no" /></way><way id="1784" timestamp="2026-03-31T20:21:19Z" uid="1" user="OSMnx" version="1" changeset="1"><nd ref="5369521804" /><nd ref="5369521805" /><tag k="highway" v="residential" /><tag k="oneway" v="no" /></way><way id="1785" timestamp="2026-03-31T20:21:19Z" uid="1" user="OSMnx" version="1" changeset="1"><nd ref="5369521805" /><nd ref="5369521804" /><tag k="highway" v="residential" /><tag k="oneway" v="no" /></way><way id="1786" timestamp="2026-03-31T20:21:19Z" uid="1" user="OSMnx" version="1" changeset="1"><nd ref="5369521805" /><nd ref="5369521803" /><tag k="highway" v="residential" /><tag k="oneway" v="no" /></way><way id="1787" timestamp="2026-03-31T20:21:19Z" uid="1" user="OSMnx" version="1" changeset="1"><nd ref="5369521806" /><nd ref="5369521803" /><tag k="highway" v="residential" /><tag k="oneway" v="no" /></way><way id="1788" timestamp="2026-03-31T20:21:19Z" uid="1" user="OSMnx" version="1" changeset="1"><nd ref="5369521806" /><nd ref="5369521807" /><tag k="highway" v="residential" /><tag k="oneway" v="no" /></way><way id="1789" timestamp="2026-03-31T20:21:19Z" uid="1" user="OSMnx" version="1" changeset="1"><nd ref="5369521807" /><nd ref="5369521806" /><tag k="highway" v="residential" /><tag k="oneway" v="no" /></way><way id="1790" timestamp="2026-03-31T20:21:19Z" uid="1" user="OSMnx" version="1" changeset="1"><nd ref="5369521807" /><nd ref="5369521808" /><tag k="highway" v="residential" /><tag k="oneway" v="no" /></way><way id="1791" timestamp="2026-03-31T20:21:19Z" uid="1" user="OSMnx" version="1" changeset="1"><nd ref="5369521808" /><nd ref="5369521807" /><tag k="highway" v="residential" /><tag k="oneway" v="no" /></way><way id="1792" timestamp="2026-03-31T20:21:19Z" uid="1" user="OSMnx" version="1" changeset="1"><nd ref="5369521808" /><nd ref="5369521809" /><tag k="highway" v="residential" /><tag k="oneway" v="no" /></way><way id="1793" timestamp="2026-03-31T20:21:19Z" uid="1" user="OSMnx" version="1" changeset="1"><nd ref="5369521809" /><nd ref="5369521808" /><tag k="highway" v="residential" /><tag k="oneway" v="no" /></way><way id="1794" timestamp="2026-03-31T20:21:19Z" uid="1" user="OSMnx" version="1" changeset="1"><nd ref="5369521809" /><nd ref="5369521810" /><tag k="highway" v="residential" /><tag k="oneway" v="no" /></way><way id="1795" timestamp="2026-03-31T20:21:19Z" uid="1" user="OSMnx" version="1" changeset="1"><nd ref="5369521810" /><nd ref="5369521809" /><tag k="highway" v="residential" /><tag k="oneway" v="no" /></way><way id="1796" timestamp="2026-03-31T20:21:19Z" uid="1" user="OSMnx" version="1" changeset="1"><nd ref="5369521810" /><nd ref="5369521811" /><tag k="highway" v="residential" /><tag k="oneway" v="no" /></way><way id="1797" timestamp="2026-03-31T20:21:19Z" uid="1" user="OSMnx" version="1" changeset="1"><nd ref="5369521811" /><nd ref="5369521810" /><tag k="highway" v="residential" /><tag k="oneway" v="no" /></way><way id="1798" timestamp="2026-03-31T20:21:19Z" uid="1" user="OSMnx" version="1" changeset="1"><nd ref="5369521811" /><nd ref="5369521812" /><tag k="highway" v="residential" /><tag k="oneway" v="no" /></way><way id="1799" timestamp="2026-03-31T20:21:19Z" uid="1" user="OSMnx" version="1" changeset="1"><nd ref="5369521812" /><nd ref="5369521811" /><tag k="highway" v="residential" /><tag k="oneway" v="no" /></way><way id="1800" timestamp="2026-03-31T20:21:19Z" uid="1" user="OSMnx" version="1" changeset="1"><nd ref="5369521812" /><nd ref="5369521813" /><tag k="highway" v="residential" /><tag k="oneway" v="no" /></way><way id="1801" timestamp="2026-03-31T20:21:19Z" uid="1" user="OSMnx" version="1" changeset="1"><nd ref="5369521813" /><nd ref="5369521812" /><tag k="highway" v="residential" /><tag k="oneway" v="no" /></way><way id="1802" timestamp="2026-03-31T20:21:19Z" uid="1" user="OSMnx" version="1" changeset="1"><nd ref="5369521813" /><nd ref="5369521814" /><tag k="highway" v="residential" /><tag k="oneway" v="no" /></way><way id="1803" timestamp="2026-03-31T20:21:19Z" uid="1" user="OSMnx" version="1" changeset="1"><nd ref="5369521814" /><nd ref="5369241428" /><tag k="highway" v="residential" /><tag k="oneway" v="no" /></way><way id="1804" timestamp="2026-03-31T20:21:19Z" uid="1" user="OSMnx" version="1" changeset="1"><nd ref="5369521814" /><nd ref="5369241429" /><tag k="highway" v="residential" /><tag k="oneway" v="no" /></way><way id="1805" timestamp="2026-03-31T20:21:19Z" uid="1" user="OSMnx" version="1" changeset="1"><nd ref="5369521814" /><nd ref="5369521813" /><tag k="highway" v="residential" /><tag k="oneway" v="no" /></way><way id="1806" timestamp="2026-03-31T20:21:19Z" uid="1" user="OSMnx" version="1" changeset="1"><nd ref="5369521815" /><nd ref="5368761801" /><tag k="highway" v="unclassified" /><tag k="oneway" v="no" /></way><way id="1807" timestamp="2026-03-31T20:21:19Z" uid="1" user="OSMnx" version="1" changeset="1"><nd ref="5369521815" /><nd ref="5368761802" /><tag k="highway" v="unclassified" /><tag k="oneway" v="no" /></way><way id="1808" timestamp="2026-03-31T20:21:19Z" uid="1" user="OSMnx" version="1" changeset="1"><nd ref="5369521815" /><nd ref="5369521816" /><tag k="highway" v="residential" /><tag k="oneway" v="no" /></way><way id="1809" timestamp="2026-03-31T20:21:19Z" uid="1" user="OSMnx" version="1" changeset="1"><nd ref="5369521816" /><nd ref="5369521815" /><tag k="highway" v="residential" /><tag k="oneway" v="no" /></way><way id="1810" timestamp="2026-03-31T20:21:19Z" uid="1" user="OSMnx" version="1" changeset="1"><nd ref="5369521816" /><nd ref="5369521817" /><tag k="highway" v="residential" /><tag k="oneway" v="no" /></way><way id="1811" timestamp="2026-03-31T20:21:19Z" uid="1" user="OSMnx" version="1" changeset="1"><nd ref="5369521817" /><nd ref="5369521816" /><tag k="highway" v="residential" /><tag k="oneway" v="no" /></way><way id="1812" timestamp="2026-03-31T20:21:19Z" uid="1" user="OSMnx" version="1" changeset="1"><nd ref="5369521817" /><nd ref="5369521818" /><tag k="highway" v="residential" /><tag k="oneway" v="no" /></way><way id="1813" timestamp="2026-03-31T20:21:19Z" uid="1" user="OSMnx" version="1" changeset="1"><nd ref="5369521818" /><nd ref="5369521817" /><tag k="highway" v="residential" /><tag k="oneway" v="no" /></way><way id="1814" timestamp="2026-03-31T20:21:19Z" uid="1" user="OSMnx" version="1" changeset="1"><nd ref="5369521818" /><nd ref="5369521819" /><tag k="highway" v="residential" /><tag k="oneway" v="no" /></way><way id="1815" timestamp="2026-03-31T20:21:19Z" uid="1" user="OSMnx" version="1" changeset="1"><nd ref="5369521819" /><nd ref="5369521804" /><tag k="highway" v="residential" /><tag k="oneway" v="no" /></way><way id="1816" timestamp="2026-03-31T20:21:19Z" uid="1" user="OSMnx" version="1" changeset="1"><nd ref="5369521819" /><nd ref="5369521818" /><tag k="highway" v="residential" /><tag k="oneway" v="no" /></way><way id="1817" timestamp="2026-03-31T20:21:19Z" uid="1" user="OSMnx" version="1" changeset="1"><nd ref="5369521819" /><nd ref="5369521820" /><tag k="highway" v="residential" /><tag k="oneway" v="no" /></way><way id="1818" timestamp="2026-03-31T20:21:19Z" uid="1" user="OSMnx" version="1" changeset="1"><nd ref="5369521820" /><nd ref="5369521819" /><tag k="highway" v="residential" /><tag k="oneway" v="no" /></way><way id="1819" timestamp="2026-03-31T20:21:19Z" uid="1" user="OSMnx" version="1" changeset="1"><nd ref="5369521820" /><nd ref="5369521802" /><tag k="highway" v="residential" /><tag k="oneway" v="no" /></way><way id="1820" timestamp="2026-03-31T20:21:19Z" uid="1" user="OSMnx" version="1" changeset="1"><nd ref="5369521921" /><nd ref="5369521802" /><tag k="highway" v="residential" /><tag k="oneway" v="no" /></way><way id="1821" timestamp="2026-03-31T20:21:19Z" uid="1" user="OSMnx" version="1" changeset="1"><nd ref="5369521921" /><nd ref="5369521922" /><tag k="highway" v="residential" /><tag k="oneway" v="no" /></way><way id="1822" timestamp="2026-03-31T20:21:19Z" uid="1" user="OSMnx" version="1" changeset="1"><nd ref="5369521922" /><nd ref="5369241423" /><tag k="highway" v="residential" /><tag k="oneway" v="no" /></way><way id="1823" timestamp="2026-03-31T20:21:19Z" uid="1" user="OSMnx" version="1" changeset="1"><nd ref="5369521922" /><nd ref="5369241424" /><tag k="highway" v="residential" /><tag k="oneway" v="no" /></way><way id="1824" timestamp="2026-03-31T20:21:19Z" uid="1" user="OSMnx" version="1" changeset="1"><nd ref="5369521922" /><nd ref="5369521921" /><tag k="highway" v="residential" /><tag k="oneway" v="no" /></way><way id="1825" timestamp="2026-03-31T20:21:19Z" uid="1" user="OSMnx" version="1" changeset="1"><nd ref="5369521923" /><nd ref="5368761802" /><tag k="highway" v="unclassified" /><tag k="oneway" v="no" /></way><way id="1826" timestamp="2026-03-31T20:21:19Z" uid="1" user="OSMnx" version="1" changeset="1"><nd ref="5369521923" /><nd ref="5368761803" /><tag k="highway" v="unclassified" /><tag k="oneway" v="no" /></way><way id="1827" timestamp="2026-03-31T20:21:19Z" uid="1" user="OSMnx" version="1" changeset="1"><nd ref="5369521923" /><nd ref="5369521924" /><tag k="highway" v="residential" /><tag k="oneway" v="no" /></way><way id="1828" timestamp="2026-03-31T20:21:19Z" uid="1" user="OSMnx" version="1" changeset="1"><nd ref="5369521924" /><nd ref="5369521923" /><tag k="highway" v="residential" /><tag k="oneway" v="no" /></way><way id="1829" timestamp="2026-03-31T20:21:19Z" uid="1" user="OSMnx" version="1" changeset="1"><nd ref="5369521924" /><nd ref="5369521925" /><tag k="highway" v="residential" /><tag k="oneway" v="no" /></way><way id="1830" timestamp="2026-03-31T20:21:19Z" uid="1" user="OSMnx" version="1" changeset="1"><nd ref="5369521925" /><nd ref="5369521924" /><tag k="highway" v="residential" /><tag k="oneway" v="no" /></way><way id="1831" timestamp="2026-03-31T20:21:19Z" uid="1" user="OSMnx" version="1" changeset="1"><nd ref="5369521925" /><nd ref="5369521801" /><tag k="highway" v="residential" /><tag k="oneway" v="no" /></way><way id="1832" timestamp="2026-03-31T20:21:19Z" uid="1" user="OSMnx" version="1" changeset="1"><nd ref="5369521926" /><nd ref="5369241422" /><tag k="highway" v="residential" /><tag k="oneway" v="no" /></way><way id="1833" timestamp="2026-03-31T20:21:19Z" uid="1" user="OSMnx" version="1" changeset="1"><nd ref="5369521926" /><nd ref="5369241423" /><tag k="highway" v="residential" /><tag k="oneway" v="no" /></way><way id="1834" timestamp="2026-03-31T20:21:19Z" uid="1" user="OSMnx" version="1" changeset="1"><nd ref="5369521926" /><nd ref="5369521801" /><tag k="highway" v="residential" /><tag k="oneway" v="no" /></way><way id="1835" timestamp="2026-03-31T20:21:19Z" uid="1" user="OSMnx" version="1" changeset="1"><nd ref="7819027093" /><nd ref="10124236091" /><tag k="highway" v="secondary" /><tag k="lanes" v="3" /><tag k="name" v="迎宾大道" /><tag k="oneway" v="yes" /></way><way id="1836" timestamp="2026-03-31T20:21:19Z" uid="1" user="OSMnx" version="1" changeset="1"><nd ref="7819027093" /><nd ref="10124236160" /><tag k="highway" v="residential" /><tag k="oneway" v="no" /></way><way id="1837" timestamp="2026-03-31T20:21:19Z" uid="1" user="OSMnx" version="1" changeset="1"><nd ref="7819027124" /><nd ref="7819027125" /><tag k="highway" v="residential" /><tag k="oneway" v="no" /></way><way id="1838" timestamp="2026-03-31T20:21:19Z" uid="1" user="OSMnx" version="1" changeset="1"><nd ref="7819027124" /><nd ref="5369242286" /><tag k="highway" v="residential" /><tag k="oneway" v="no" /></way><way id="1839" timestamp="2026-03-31T20:21:19Z" uid="1" user="OSMnx" version="1" changeset="1"><nd ref="7819027125" /><nd ref="7819027126" /><tag k="highway" v="residential" /><tag k="oneway" v="no" /></way><way id="1840" timestamp="2026-03-31T20:21:19Z" uid="1" user="OSMnx" version="1" changeset="1"><nd ref="7819027125" /><nd ref="7819027124" /><tag k="highway" v="residential" /><tag k="oneway" v="no" /></way><way id="1841" timestamp="2026-03-31T20:21:19Z" uid="1" user="OSMnx" version="1" changeset="1"><nd ref="7819027126" /><nd ref="7819027127" /><tag k="highway" v="residential" /><tag k="oneway" v="no" /></way><way id="1842" timestamp="2026-03-31T20:21:19Z" uid="1" user="OSMnx" version="1" changeset="1"><nd ref="7819027126" /><nd ref="7819027125" /><tag k="highway" v="residential" /><tag k="oneway" v="no" /></way><way id="1843" timestamp="2026-03-31T20:21:19Z" uid="1" user="OSMnx" version="1" changeset="1"><nd ref="7819027127" /><nd ref="5368884304" /><tag k="highway" v="residential" /><tag k="oneway" v="no" /></way><way id="1844" timestamp="2026-03-31T20:21:19Z" uid="1" user="OSMnx" version="1" changeset="1"><nd ref="7819027127" /><nd ref="7819027126" /><tag k="highway" v="residential" /><tag k="oneway" v="no" /></way><way id="1845" timestamp="2026-03-31T20:21:19Z" uid="1" user="OSMnx" version="1" changeset="1"><nd ref="9981087864" /><nd ref="10124236089" /><tag k="highway" v="tertiary" /><tag k="oneway" v="yes" /></way><way id="1846" timestamp="2026-03-31T20:21:19Z" uid="1" user="OSMnx" version="1" changeset="1"><nd ref="9981087864" /><nd ref="9981087865" /><tag k="highway" v="residential" /><tag k="oneway" v="no" /></way><way id="1847" timestamp="2026-03-31T20:21:19Z" uid="1" user="OSMnx" version="1" changeset="1"><nd ref="9981087865" /><nd ref="5368762858" /><tag k="highway" v="tertiary" /><tag k="oneway" v="yes" /></way><way id="1848" timestamp="2026-03-31T20:21:19Z" uid="1" user="OSMnx" version="1" changeset="1"><nd ref="9981087865" /><nd ref="9981087864" /><tag k="highway" v="residential" /><tag k="oneway" v="no" /></way><way id="1849" timestamp="2026-03-31T20:21:19Z" uid="1" user="OSMnx" version="1" changeset="1"><nd ref="9981087865" /><nd ref="10124236162" /><tag k="highway" v="residential" /><tag k="oneway" v="no" /></way><way id="1850" timestamp="2026-03-31T20:21:19Z" uid="1" user="OSMnx" version="1" changeset="1"><nd ref="9981087866" /><nd ref="5368762879" /><tag k="highway" v="secondary" /><tag k="lanes" v="3" /><tag k="name" v="迎宾大道" /><tag k="oneway" v="yes" /></way><way id="1851" timestamp="2026-03-31T20:21:19Z" uid="1" user="OSMnx" version="1" changeset="1"><nd ref="9981087866" /><nd ref="10124236162" /><tag k="highway" v="residential" /><tag k="oneway" v="no" /></way><way id="1852" timestamp="2026-03-31T20:21:19Z" uid="1" user="OSMnx" version="1" changeset="1"><nd ref="10124236085" /><nd ref="10124236086" /><tag k="highway" v="service" /><tag k="oneway" v="no" /></way><way id="1853" timestamp="2026-03-31T20:21:19Z" uid="1" user="OSMnx" version="1" changeset="1"><nd ref="10124236086" /><nd ref="10124236085" /><tag k="highway" v="service" /><tag k="oneway" v="no" /></way><way id="1854" timestamp="2026-03-31T20:21:19Z" uid="1" user="OSMnx" version="1" changeset="1"><nd ref="10124236086" /><nd ref="10124236087" /><tag k="highway" v="service" /><tag k="oneway" v="no" /></way><way id="1855" timestamp="2026-03-31T20:21:19Z" uid="1" user="OSMnx" version="1" changeset="1"><nd ref="10124236087" /><nd ref="10124236086" /><tag k="highway" v="service" /><tag k="oneway" v="no" /></way><way id="1856" timestamp="2026-03-31T20:21:19Z" uid="1" user="OSMnx" version="1" changeset="1"><nd ref="10124236087" /><nd ref="10124236088" /><tag k="highway" v="service" /><tag k="oneway" v="no" /></way><way id="1857" timestamp="2026-03-31T20:21:19Z" uid="1" user="OSMnx" version="1" changeset="1"><nd ref="10124236088" /><nd ref="5369241433" /><tag k="highway" v="residential" /><tag k="oneway" v="no" /></way><way id="1858" timestamp="2026-03-31T20:21:19Z" uid="1" user="OSMnx" version="1" changeset="1"><nd ref="10124236088" /><nd ref="10124236160" /><tag k="highway" v="residential" /><tag k="oneway" v="no" /></way><way id="1859" timestamp="2026-03-31T20:21:19Z" uid="1" user="OSMnx" version="1" changeset="1"><nd ref="10124236088" /><nd ref="10124236087" /><tag k="highway" v="service" /><tag k="oneway" v="no" /></way><way id="1860" timestamp="2026-03-31T20:21:19Z" uid="1" user="OSMnx" version="1" changeset="1"><nd ref="10124236089" /><nd ref="5368762860" /><tag k="highway" v="tertiary" /><tag k="oneway" v="yes" /></way><way id="1861" timestamp="2026-03-31T20:21:19Z" uid="1" user="OSMnx" version="1" changeset="1"><nd ref="10124236089" /><nd ref="10124236090" /><tag k="highway" v="tertiary" /><tag k="oneway" v="no" /></way><way id="1862" timestamp="2026-03-31T20:21:19Z" uid="1" user="OSMnx" version="1" changeset="1"><nd ref="10124236090" /><nd ref="9981087865" /><tag k="highway" v="tertiary" /><tag k="oneway" v="yes" /></way><way id="1863" timestamp="2026-03-31T20:21:19Z" uid="1" user="OSMnx" version="1" changeset="1"><nd ref="10124236090" /><nd ref="10124236089" /><tag k="highway" v="tertiary" /><tag k="oneway" v="no" /></way><way id="1864" timestamp="2026-03-31T20:21:19Z" uid="1" user="OSMnx" version="1" changeset="1"><nd ref="10124236090" /><nd ref="10124236161" /><tag k="highway" v="tertiary" /><tag k="oneway" v="no" /></way><way id="1865" timestamp="2026-03-31T20:21:19Z" uid="1" user="OSMnx" version="1" changeset="1"><nd ref="10124236091" /><nd ref="9981087866" /><tag k="highway" v="secondary" /><tag k="lanes" v="3" /><tag k="name" v="迎宾大道" /><tag k="oneway" v="yes" /></way><way id="1866" timestamp="2026-03-31T20:21:19Z" uid="1" user="OSMnx" version="1" changeset="1"><nd ref="10124236091" /><nd ref="10124236161" /><tag k="highway" v="tertiary" /><tag k="oneway" v="no" /></way><way id="1867" timestamp="2026-03-31T20:21:19Z" uid="1" user="OSMnx" version="1" changeset="1"><nd ref="10124236152" /><nd ref="10124236153" /><tag k="highway" v="secondary" /><tag k="lanes" v="3" /><tag k="name" v="迎宾大道" /><tag k="oneway" v="yes" /></way><way id="1868" timestamp="2026-03-31T20:21:19Z" uid="1" user="OSMnx" version="1" changeset="1"><nd ref="10124236153" /><nd ref="10124236154" /><tag k="highway" v="secondary" /><tag k="lanes" v="3" /><tag k="name" v="迎宾大道" /><tag k="oneway" v="yes" /></way><way id="1869" timestamp="2026-03-31T20:21:19Z" uid="1" user="OSMnx" version="1" changeset="1"><nd ref="10124236154" /><nd ref="10124236155" /><tag k="highway" v="secondary" /><tag k="lanes" v="3" /><tag k="name" v="迎宾大道" /><tag k="oneway" v="yes" /></way><way id="1870" timestamp="2026-03-31T20:21:19Z" uid="1" user="OSMnx" version="1" changeset="1"><nd ref="10124236155" /><nd ref="7819027093" /><tag k="highway" v="secondary" /><tag k="lanes" v="3" /><tag k="name" v="迎宾大道" /><tag k="oneway" v="yes" /></way><way id="1871" timestamp="2026-03-31T20:21:19Z" uid="1" user="OSMnx" version="1" changeset="1"><nd ref="10124236156" /><nd ref="12523140845" /><tag k="highway" v="secondary" /><tag k="lanes" v="3" /><tag k="name" v="迎宾大道" /><tag k="oneway" v="yes" /></way><way id="1872" timestamp="2026-03-31T20:21:19Z" uid="1" user="OSMnx" version="1" changeset="1"><nd ref="10124236157" /><nd ref="10124236156" /><tag k="highway" v="secondary" /><tag k="lanes" v="3" /><tag k="name" v="迎宾大道" /><tag k="oneway" v="yes" /></way><way id="1873" timestamp="2026-03-31T20:21:19Z" uid="1" user="OSMnx" version="1" changeset="1"><nd ref="10124236158" /><nd ref="10124236157" /><tag k="highway" v="secondary" /><tag k="lanes" v="3" /><tag k="name" v="迎宾大道" /><tag k="oneway" v="yes" /></way><way id="1874" timestamp="2026-03-31T20:21:19Z" uid="1" user="OSMnx" version="1" changeset="1"><nd ref="10124236159" /><nd ref="10124236158" /><tag k="highway" v="secondary" /><tag k="lanes" v="3" /><tag k="name" v="迎宾大道" /><tag k="oneway" v="yes" /></way><way id="1875" timestamp="2026-03-31T20:21:19Z" uid="1" user="OSMnx" version="1" changeset="1"><nd ref="10124236160" /><nd ref="10124236159" /><tag k="highway" v="secondary" /><tag k="lanes" v="3" /><tag k="name" v="迎宾大道" /><tag k="oneway" v="yes" /></way><way id="1876" timestamp="2026-03-31T20:21:19Z" uid="1" user="OSMnx" version="1" changeset="1"><nd ref="10124236160" /><nd ref="10124236088" /><tag k="highway" v="residential" /><tag k="oneway" v="no" /></way><way id="1877" timestamp="2026-03-31T20:21:19Z" uid="1" user="OSMnx" version="1" changeset="1"><nd ref="10124236160" /><nd ref="7819027093" /><tag k="highway" v="residential" /><tag k="oneway" v="no" /></way><way id="1878" timestamp="2026-03-31T20:21:19Z" uid="1" user="OSMnx" version="1" changeset="1"><nd ref="10124236161" /><nd ref="10124236160" /><tag k="highway" v="secondary" /><tag k="lanes" v="3" /><tag k="name" v="迎宾大道" /><tag k="oneway" v="yes" /></way><way id="1879" timestamp="2026-03-31T20:21:19Z" uid="1" user="OSMnx" version="1" changeset="1"><nd ref="10124236161" /><nd ref="10124236090" /><tag k="highway" v="tertiary" /><tag k="oneway" v="no" /></way><way id="1880" timestamp="2026-03-31T20:21:19Z" uid="1" user="OSMnx" version="1" changeset="1"><nd ref="10124236161" /><nd ref="10124236091" /><tag k="highway" v="tertiary" /><tag k="oneway" v="no" /></way><way id="1881" timestamp="2026-03-31T20:21:19Z" uid="1" user="OSMnx" version="1" changeset="1"><nd ref="10124236162" /><nd ref="10124236161" /><tag k="highway" v="secondary" /><tag k="lanes" v="3" /><tag k="name" v="迎宾大道" /><tag k="oneway" v="yes" /></way><way id="1882" timestamp="2026-03-31T20:21:19Z" uid="1" user="OSMnx" version="1" changeset="1"><nd ref="10124236162" /><nd ref="9981087865" /><tag k="highway" v="residential" /><tag k="oneway" v="no" /></way><way id="1883" timestamp="2026-03-31T20:21:19Z" uid="1" user="OSMnx" version="1" changeset="1"><nd ref="10124236162" /><nd ref="9981087866" /><tag k="highway" v="residential" /><tag k="oneway" v="no" /></way><way id="1884" timestamp="2026-03-31T20:21:19Z" uid="1" user="OSMnx" version="1" changeset="1"><nd ref="11062578847" /><nd ref="5368763082" /><tag k="highway" v="residential" /><tag k="oneway" v="no" /></way><way id="1885" timestamp="2026-03-31T20:21:19Z" uid="1" user="OSMnx" version="1" changeset="1"><nd ref="11062579253" /><nd ref="5369137939" /><tag k="highway" v="residential" /><tag k="oneway" v="no" /></way><way id="1886" timestamp="2026-03-31T20:21:19Z" uid="1" user="OSMnx" version="1" changeset="1"><nd ref="11062579253" /><nd ref="5369137940" /><tag k="highway" v="residential" /><tag k="oneway" v="no" /></way><way id="1887" timestamp="2026-03-31T20:21:19Z" uid="1" user="OSMnx" version="1" changeset="1"><nd ref="11062579253" /><nd ref="11062579254" /><tag k="highway" v="residential" /><tag k="oneway" v="no" /></way><way id="1888" timestamp="2026-03-31T20:21:19Z" uid="1" user="OSMnx" version="1" changeset="1"><nd ref="11062579254" /><nd ref="11062579255" /><tag k="highway" v="residential" /><tag k="oneway" v="no" /></way><way id="1889" timestamp="2026-03-31T20:21:19Z" uid="1" user="OSMnx" version="1" changeset="1"><nd ref="11062579254" /><nd ref="11062579253" /><tag k="highway" v="residential" /><tag k="oneway" v="no" /></way><way id="1890" timestamp="2026-03-31T20:21:19Z" uid="1" user="OSMnx" version="1" changeset="1"><nd ref="11062579255" /><nd ref="5369137948" /><tag k="highway" v="secondary" /><tag k="lanes" v="3" /><tag k="name" v="迎宾大道" /><tag k="oneway" v="yes" /></way><way id="1891" timestamp="2026-03-31T20:21:19Z" uid="1" user="OSMnx" version="1" changeset="1"><nd ref="11062579255" /><nd ref="5369137955" /><tag k="highway" v="residential" /><tag k="oneway" v="no" /></way><way id="1892" timestamp="2026-03-31T20:21:19Z" uid="1" user="OSMnx" version="1" changeset="1"><nd ref="11062579255" /><nd ref="11062579254" /><tag k="highway" v="residential" /><tag k="oneway" v="no" /></way><way id="1893" timestamp="2026-03-31T20:21:19Z" uid="1" user="OSMnx" version="1" changeset="1"><nd ref="11062579258" /><nd ref="5368762869" /><tag k="highway" v="secondary" /><tag k="lanes" v="3" /><tag k="name" v="迎宾大道" /><tag k="oneway" v="yes" /></way><way id="1894" timestamp="2026-03-31T20:21:19Z" uid="1" user="OSMnx" version="1" changeset="1"><nd ref="11062579258" /><nd ref="11062579259" /><tag k="highway" v="residential" /><tag k="oneway" v="no" /></way><way id="1895" timestamp="2026-03-31T20:21:19Z" uid="1" user="OSMnx" version="1" changeset="1"><nd ref="11062579259" /><nd ref="5368762878" /><tag k="highway" v="secondary" /><tag k="lanes" v="3" /><tag k="name" v="迎宾大道" /><tag k="oneway" v="yes" /></way><way id="1896" timestamp="2026-03-31T20:21:19Z" uid="1" user="OSMnx" version="1" changeset="1"><nd ref="11062579259" /><nd ref="11062579260" /><tag k="highway" v="residential" /><tag k="oneway" v="no" /></way><way id="1897" timestamp="2026-03-31T20:21:19Z" uid="1" user="OSMnx" version="1" changeset="1"><nd ref="11062579259" /><nd ref="11062579258" /><tag k="highway" v="residential" /><tag k="oneway" v="no" /></way><way id="1898" timestamp="2026-03-31T20:21:19Z" uid="1" user="OSMnx" version="1" changeset="1"><nd ref="11062579260" /><nd ref="5369137944" /><tag k="highway" v="residential" /><tag k="oneway" v="no" /></way><way id="1899" timestamp="2026-03-31T20:21:19Z" uid="1" user="OSMnx" version="1" changeset="1"><nd ref="11062579260" /><nd ref="5369137945" /><tag k="highway" v="residential" /><tag k="oneway" v="no" /></way><way id="1900" timestamp="2026-03-31T20:21:19Z" uid="1" user="OSMnx" version="1" changeset="1"><nd ref="11062579260" /><nd ref="11062579259" /><tag k="highway" v="residential" /><tag k="oneway" v="no" /></way><way id="1901" timestamp="2026-03-31T20:21:19Z" uid="1" user="OSMnx" version="1" changeset="1"><nd ref="11062579261" /><nd ref="11062579262" /><tag k="highway" v="residential" /><tag k="oneway" v="no" /></way><way id="1902" timestamp="2026-03-31T20:21:19Z" uid="1" user="OSMnx" version="1" changeset="1"><nd ref="11062579262" /><nd ref="10124236162" /><tag k="highway" v="secondary" /><tag k="lanes" v="3" /><tag k="name" v="迎宾大道" /><tag k="oneway" v="yes" /></way><way id="1903" timestamp="2026-03-31T20:21:19Z" uid="1" user="OSMnx" version="1" changeset="1"><nd ref="11062579262" /><nd ref="11062579261" /><tag k="highway" v="residential" /><tag k="oneway" v="no" /></way><way id="1904" timestamp="2026-03-31T20:21:19Z" uid="1" user="OSMnx" version="1" changeset="1"><nd ref="12523140833" /><nd ref="5369241432" /><tag k="highway" v="residential" /><tag k="oneway" v="no" /></way><way id="1905" timestamp="2026-03-31T20:21:19Z" uid="1" user="OSMnx" version="1" changeset="1"><nd ref="12523140833" /><nd ref="5369241433" /><tag k="highway" v="residential" /><tag k="oneway" v="no" /></way><way id="1906" timestamp="2026-03-31T20:21:19Z" uid="1" user="OSMnx" version="1" changeset="1"><nd ref="12523140842" /><nd ref="10124236152" /><tag k="highway" v="secondary" /><tag k="lanes" v="3" /><tag k="name" v="迎宾大道" /><tag k="oneway" v="yes" /></way><way id="1907" timestamp="2026-03-31T20:21:19Z" uid="1" user="OSMnx" version="1" changeset="1"><nd ref="12523140843" /><nd ref="12523140842" /><tag k="highway" v="secondary" /><tag k="lanes" v="3" /><tag k="name" v="迎宾大道" /><tag k="oneway" v="yes" /></way><way id="1908" timestamp="2026-03-31T20:21:19Z" uid="1" user="OSMnx" version="1" changeset="1"><nd ref="12523140844" /><nd ref="5368763723" /><tag k="highway" v="secondary" /><tag k="lanes" v="3" /><tag k="name" v="迎宾大道" /><tag k="oneway" v="yes" /></way><way id="1909" timestamp="2026-03-31T20:21:19Z" uid="1" user="OSMnx" version="1" changeset="1"><nd ref="12523140845" /><nd ref="12523140844" /><tag k="highway" v="secondary" /><tag k="lanes" v="3" /><tag k="name" v="迎宾大道" /><tag k="oneway" v="yes" /></way></osm>