link_id,name,osm_way_id,from_node_id,to_node_id,directed,geometry,dir_flag,length,facility_type,link_type,free_speed,lanes,capacity,allowed_uses,notes
1,,0,1,2,1,"LINESTRING (119.940595 42.272865, 119.94006 42.273636)",1,96.37,trunk,2,,,,auto,
2,,0,2,1,1,"LINESTRING (119.94006 42.273636, 119.940595 42.272865)",1,96.37,trunk,2,,,,auto,
3,,1,3,4,1,"LINESTRING (119.937289 42.292495, 119.9374 42.292515)",1,9.40,trunk,2,,,,auto,
4,,1,4,3,1,"LINESTRING (119.9374 42.292515, 119.937289 42.292495)",1,9.40,trunk,2,,,,auto,
5,,2,3,5,1,"LINESTRING (119.937289 42.292495, 119.936907 42.292465)",1,31.60,primary,3,,,,auto,
6,京漠线,3,3,6,1,"LINESTRING (119.937289 42.292495, 119.937398 42.290776)",1,191.35,trunk,2,,2,,auto,
7,,4,7,8,1,"LINESTRING (119.943266 42.294086, 119.9425 42.293653)",1,79.30,trunk,2,,,,auto,
8,,4,8,7,1,"LINESTRING (119.9425 42.293653, 119.943266 42.294086)",1,79.30,trunk,2,,,,auto,
9,,5,9,10,1,"LINESTRING (119.899246 42.279968, 119.898618 42.276299)",1,411.23,secondary,4,,,,auto,
10,,6,11,12,1,"LINESTRING (119.906834 42.28759, 119.90913 42.287392)",1,190.15,primary,3,,3,,auto,
11,,7,13,14,1,"LINESTRING (119.899348 42.279972, 119.899364 42.280066)",1,10.53,secondary,4,,,,auto,
12,,8,15,16,1,"LINESTRING (119.921598 42.286297, 119.921829 42.286277)",1,19.13,primary,3,,,,auto,
13,,9,17,18,1,"LINESTRING (119.909129 42.287466, 119.906851 42.287662)",1,188.65,primary,3,,3,,auto,
14,,10,12,19,1,"LINESTRING (119.90913 42.287392, 119.909887 42.287326)",1,62.70,primary,3,,,,auto,
15,,11,20,21,1,"LINESTRING (119.901516 42.294215, 119.900578 42.288318)",1,660.24,primary,3,,,,auto,
16,,12,22,23,1,"LINESTRING (119.901603 42.294204, 119.90168 42.294596)",1,44.05,primary,3,,,,auto,
17,,13,18,24,1,"LINESTRING (119.906851 42.287662, 119.906648 42.28768)",1,16.82,primary,3,,3,,auto,
18,,14,25,26,1,"LINESTRING (119.917625 42.28093, 119.920906 42.280644)",1,271.79,residential,6,,,,auto,
19,,14,26,25,1,"LINESTRING (119.920906 42.280644, 119.917625 42.28093)",1,271.79,residential,6,,,,auto,
20,,15,25,27,1,"LINESTRING (119.917625 42.28093, 119.917512 42.280939)",1,9.35,residential,6,,,,auto,
21,,15,27,25,1,"LINESTRING (119.917512 42.280939, 119.917625 42.28093)",1,9.35,residential,6,,,,auto,
22,,16,25,28,1,"LINESTRING (119.917625 42.28093, 119.917966 42.283122)",1,245.35,tertiary,5,,,,auto,
23,,17,27,25,1,"LINESTRING (119.917512 42.280939, 119.917625 42.28093)",1,9.35,residential,6,,,,auto,
24,,17,25,27,1,"LINESTRING (119.917625 42.28093, 119.917512 42.280939)",1,9.35,residential,6,,,,auto,
25,,18,27,29,1,"LINESTRING (119.917512 42.280939, 119.914686 42.281185)",1,234.09,residential,6,,,,auto,
26,,18,29,27,1,"LINESTRING (119.914686 42.281185, 119.917512 42.280939)",1,234.09,residential,6,,,,auto,
27,,19,27,30,1,"LINESTRING (119.917512 42.280939, 119.917122 42.278428)",1,281.05,tertiary,5,,,,auto,
28,,20,29,27,1,"LINESTRING (119.914686 42.281185, 119.917512 42.280939)",1,234.09,residential,6,,,,auto,
29,,20,27,29,1,"LINESTRING (119.917512 42.280939, 119.914686 42.281185)",1,234.09,residential,6,,,,auto,
30,,21,29,31,1,"LINESTRING (119.914686 42.281185, 119.914518 42.2812)",1,13.92,residential,6,,,,auto,
31,,21,31,29,1,"LINESTRING (119.914518 42.2812, 119.914686 42.281185)",1,13.92,residential,6,,,,auto,
32,,22,29,32,1,"LINESTRING (119.914686 42.281185, 119.915042 42.283388)",1,246.71,residential,6,,,,auto,
33,,23,31,29,1,"LINESTRING (119.914518 42.2812, 119.914686 42.281185)",1,13.92,residential,6,,,,auto,
34,,23,29,31,1,"LINESTRING (119.914686 42.281185, 119.914518 42.2812)",1,13.92,residential,6,,,,auto,
35,,24,31,33,1,"LINESTRING (119.914518 42.2812, 119.912763 42.281352)",1,145.37,residential,6,,,,auto,
36,,24,33,31,1,"LINESTRING (119.912763 42.281352, 119.914518 42.2812)",1,145.37,residential,6,,,,auto,
37,,25,31,34,1,"LINESTRING (119.914518 42.2812, 119.91412 42.278739)",1,275.60,residential,6,,,,auto,
38,,26,35,33,1,"LINESTRING (119.911757 42.28144, 119.912763 42.281352)",1,83.34,residential,6,,,,auto,
39,,26,33,35,1,"LINESTRING (119.912763 42.281352, 119.911757 42.28144)",1,83.34,residential,6,,,,auto,
40,,27,35,36,1,"LINESTRING (119.911757 42.28144, 119.911654 42.281449)",1,8.53,residential,6,,,,auto,
41,,27,36,35,1,"LINESTRING (119.911654 42.281449, 119.911757 42.28144)",1,8.53,residential,6,,,,auto,
42,迎宾大道,28,35,37,1,"LINESTRING (119.911757 42.28144, 119.911921 42.282509)",1,119.63,secondary,4,,3,,auto,
43,,29,36,35,1,"LINESTRING (119.911654 42.281449, 119.911757 42.28144)",1,8.53,residential,6,,,,auto,
44,,29,35,36,1,"LINESTRING (119.911757 42.28144, 119.911654 42.281449)",1,8.53,residential,6,,,,auto,
45,,30,36,38,1,"LINESTRING (119.911654 42.281449, 119.910586 42.281542)",1,88.47,residential,6,,,,auto,
46,,30,38,36,1,"LINESTRING (119.910586 42.281542, 119.911654 42.281449)",1,88.47,residential,6,,,,auto,
47,迎宾大道,31,36,39,1,"LINESTRING (119.911654 42.281449, 119.911469 42.280248)",1,134.41,secondary,4,,3,,auto,
48,,32,40,26,1,"LINESTRING (119.921152 42.280623, 119.920906 42.280644)",1,20.37,residential,6,,,,auto,
49,,32,26,40,1,"LINESTRING (119.920906 42.280644, 119.921152 42.280623)",1,20.37,residential,6,,,,auto,
50,,33,41,42,1,"LINESTRING (119.908246 42.281745, 119.90992 42.281599)",1,138.67,residential,6,,,,auto,
51,,33,42,41,1,"LINESTRING (119.90992 42.281599, 119.908246 42.281745)",1,138.67,residential,6,,,,auto,
52,,34,41,43,1,"LINESTRING (119.908246 42.281745, 119.908226 42.281542)",1,22.63,residential,6,,,,auto,
53,,34,43,41,1,"LINESTRING (119.908226 42.281542, 119.908246 42.281745)",1,22.63,residential,6,,,,auto,
54,,35,41,44,1,"LINESTRING (119.908246 42.281745, 119.908433 42.28373)",1,221.26,residential,6,,,,auto,
55,,35,44,41,1,"LINESTRING (119.908433 42.28373, 119.908246 42.281745)",1,221.26,residential,6,,,,auto,
56,迎宾大道,37,45,46,1,"LINESTRING (119.912351 42.285989, 119.911994 42.283665)",1,260.08,secondary,4,,3,,auto,
57,,59,47,48,1,"LINESTRING (119.909886 42.283904, 119.908808 42.28401)",1,89.46,residential,6,,,,auto,
58,,61,49,50,1,"LINESTRING (119.916721 42.288416, 119.918644 42.288245)",1,159.32,residential,6,,,,auto,
59,,61,50,49,1,"LINESTRING (119.918644 42.288245, 119.916721 42.288416)",1,159.32,residential,6,,,,auto,
60,,62,49,51,1,"LINESTRING (119.916721 42.288416, 119.914792 42.288587)",1,159.81,residential,6,,,,auto,
61,,62,51,49,1,"LINESTRING (119.914792 42.288587, 119.916721 42.288416)",1,159.81,residential,6,,,,auto,
62,,64,52,53,1,"LINESTRING (119.91689 42.289461, 119.918806 42.289292)",1,158.72,residential,6,,,,auto,
63,,64,53,52,1,"LINESTRING (119.918806 42.289292, 119.91689 42.289461)",1,158.72,residential,6,,,,auto,
64,,65,52,54,1,"LINESTRING (119.91689 42.289461, 119.914961 42.289632)",1,159.81,residential,6,,,,auto,
65,,65,54,52,1,"LINESTRING (119.914961 42.289632, 119.91689 42.289461)",1,159.81,residential,6,,,,auto,
66,,67,51,49,1,"LINESTRING (119.914792 42.288587, 119.916721 42.288416)",1,159.81,residential,6,,,,auto,
67,,67,49,51,1,"LINESTRING (119.916721 42.288416, 119.914792 42.288587)",1,159.81,residential,6,,,,auto,
68,,68,51,55,1,"LINESTRING (119.914792 42.288587, 119.912879 42.288757)",1,158.49,residential,6,,,,auto,
69,,68,55,51,1,"LINESTRING (119.912879 42.288757, 119.914792 42.288587)",1,158.49,residential,6,,,,auto,
70,,70,54,52,1,"LINESTRING (119.914961 42.289632, 119.91689 42.289461)",1,159.81,residential,6,,,,auto,
71,,70,52,54,1,"LINESTRING (119.91689 42.289461, 119.914961 42.289632)",1,159.81,residential,6,,,,auto,
72,,71,54,56,1,"LINESTRING (119.914961 42.289632, 119.913038 42.289802)",1,159.31,residential,6,,,,auto,
73,,71,56,54,1,"LINESTRING (119.913038 42.289802, 119.914961 42.289632)",1,159.31,residential,6,,,,auto,
74,,72,50,49,1,"LINESTRING (119.918644 42.288245, 119.916721 42.288416)",1,159.32,residential,6,,,,auto,
75,,72,49,50,1,"LINESTRING (119.916721 42.288416, 119.918644 42.288245)",1,159.32,residential,6,,,,auto,
76,,73,50,57,1,"LINESTRING (119.918644 42.288245, 119.9184 42.286661)",1,177.27,tertiary,5,,,,auto,
77,,74,55,51,1,"LINESTRING (119.912879 42.288757, 119.914792 42.288587)",1,158.49,residential,6,,,,auto,
78,,74,51,55,1,"LINESTRING (119.914792 42.288587, 119.912879 42.288757)",1,158.49,residential,6,,,,auto,
79,迎宾大道,75,55,56,1,"LINESTRING (119.912879 42.288757, 119.913038 42.289802)",1,116.93,secondary,4,,3,,auto,
80,京漠线,76,58,59,1,"LINESTRING (119.936419 42.280034, 119.936749 42.280397)",1,48.64,trunk,2,,2,,auto,
81,京漠线,77,59,60,1,"LINESTRING (119.936749 42.280397, 119.936902 42.280579)",1,23.83,trunk,2,,2,,auto,
82,京漠线,78,60,61,1,"LINESTRING (119.936902 42.280579, 119.937135 42.280921)",1,42.59,trunk,2,,2,,auto,
83,京漠线,79,61,62,1,"LINESTRING (119.937135 42.280921, 119.937326 42.281212)",1,35.97,trunk,2,,2,,auto,
84,京漠线,80,62,63,1,"LINESTRING (119.937326 42.281212, 119.93746 42.281512)",1,35.13,trunk,2,,2,,auto,
85,京漠线,81,63,64,1,"LINESTRING (119.93746 42.281512, 119.937634 42.281907)",1,46.20,trunk,2,,2,,auto,
86,京漠线,82,64,65,1,"LINESTRING (119.937634 42.281907, 119.937707 42.282129)",1,25.41,trunk,2,,2,,auto,
87,京漠线,83,65,66,1,"LINESTRING (119.937707 42.282129, 119.937782 42.282458)",1,37.10,trunk,2,,2,,auto,
88,京漠线,84,66,67,1,"LINESTRING (119.937782 42.282458, 119.937838 42.28279)",1,37.20,trunk,2,,2,,auto,
89,京漠线,85,67,68,1,"LINESTRING (119.937838 42.28279, 119.937865 42.283117)",1,36.43,trunk,2,,2,,auto,
90,京漠线,86,68,69,1,"LINESTRING (119.937865 42.283117, 119.937876 42.283554)",1,48.60,trunk,2,,2,,auto,
91,京漠线,87,69,70,1,"LINESTRING (119.937876 42.283554, 119.937776 42.285393)",1,204.65,trunk,2,,2,,auto,
92,京漠线,88,70,71,1,"LINESTRING (119.937776 42.285393, 119.937454 42.29163)",1,694.03,trunk,2,,2,,auto,
93,,89,4,72,1,"LINESTRING (119.9374 42.292515, 119.939549 42.292902)",1,181.92,trunk,2,,,,auto,
94,,89,72,4,1,"LINESTRING (119.939549 42.292902, 119.9374 42.292515)",1,181.92,trunk,2,,,,auto,
95,,90,4,3,1,"LINESTRING (119.9374 42.292515, 119.937289 42.292495)",1,9.40,trunk,2,,,,auto,
96,,90,3,4,1,"LINESTRING (119.937289 42.292495, 119.9374 42.292515)",1,9.40,trunk,2,,,,auto,
97,京漠线,91,4,73,1,"LINESTRING (119.9374 42.292515, 119.93735 42.29334)",1,91.83,trunk,2,,2,,auto,
98,京漠线,92,71,4,1,"LINESTRING (119.937454 42.29163, 119.9374 42.292515)",1,98.51,trunk,2,,2,,auto,
99,京漠线,93,73,74,1,"LINESTRING (119.93735 42.29334, 119.937318 42.294324)",1,109.45,trunk,2,,2,,auto,
100,京漠线,94,74,75,1,"LINESTRING (119.937318 42.294324, 119.937291 42.294957)",1,70.42,trunk,2,,2,,auto,
101,京漠线,95,75,76,1,"LINESTRING (119.937291 42.294957, 119.937304 42.295441)",1,53.83,trunk,2,,2,,auto,
102,京漠线,96,76,77,1,"LINESTRING (119.937304 42.295441, 119.937339 42.295945)",1,56.12,trunk,2,,2,,auto,
103,京漠线,97,77,78,1,"LINESTRING (119.937339 42.295945, 119.937559 42.298794)",1,317.31,trunk,2,,2,,auto,
104,京漠线,98,78,79,1,"LINESTRING (119.937559 42.298794, 119.937709 42.30069)",1,211.19,trunk,2,,2,,auto,
105,京漠线,99,79,80,1,"LINESTRING (119.937709 42.30069, 119.937717 42.301016)",1,36.26,trunk,2,,2,,auto,
106,京漠线,100,80,81,1,"LINESTRING (119.937717 42.301016, 119.937709 42.301361)",1,38.37,trunk,2,,2,,auto,
107,京漠线,101,81,82,1,"LINESTRING (119.937709 42.301361, 119.937669 42.301754)",1,43.82,trunk,2,,2,,auto,
108,京漠线,102,82,83,1,"LINESTRING (119.937669 42.301754, 119.937583 42.302139)",1,43.39,trunk,2,,2,,auto,
109,京漠线,103,83,84,1,"LINESTRING (119.937583 42.302139, 119.937476 42.30247)",1,37.84,trunk,2,,2,,auto,
110,京漠线,104,84,85,1,"LINESTRING (119.937476 42.30247, 119.937294 42.302859)",1,45.77,trunk,2,,2,,auto,
111,京漠线,105,85,86,1,"LINESTRING (119.937294 42.302859, 119.937122 42.303202)",1,40.68,trunk,2,,2,,auto,
112,京漠线,106,86,87,1,"LINESTRING (119.937122 42.303202, 119.936913 42.303508)",1,38.12,trunk,2,,2,,auto,
113,京漠线,107,87,88,1,"LINESTRING (119.936913 42.303508, 119.936631 42.30389)",1,48.40,trunk,2,,2,,auto,
114,京漠线,108,88,89,1,"LINESTRING (119.936631 42.30389, 119.936314 42.304257)",1,48.42,trunk,2,,2,,auto,
115,京漠线,109,89,90,1,"LINESTRING (119.936314 42.304257, 119.936033 42.304535)",1,38.60,trunk,2,,2,,auto,
116,京漠线,110,91,92,1,"LINESTRING (119.934082 42.277909, 119.934324 42.278124)",1,31.11,trunk,2,,2,,auto,
117,,111,91,93,1,"LINESTRING (119.934082 42.277909, 119.935507 42.277148)",1,144.59,trunk,2,,,,auto,
118,,111,93,91,1,"LINESTRING (119.935507 42.277148, 119.934082 42.277909)",1,144.59,trunk,2,,,,auto,
119,,112,91,94,1,"LINESTRING (119.934082 42.277909, 119.933986 42.27796)",1,9.72,trunk,2,,,,auto,
120,,112,94,91,1,"LINESTRING (119.933986 42.27796, 119.934082 42.277909)",1,9.72,trunk,2,,,,auto,
121,京漠线,113,94,95,1,"LINESTRING (119.933986 42.27796, 119.933485 42.277513)",1,64.57,trunk,2,,2,,auto,
122,,114,94,96,1,"LINESTRING (119.933986 42.27796, 119.933772 42.278074)",1,21.69,secondary,4,,,,auto,
123,,114,96,94,1,"LINESTRING (119.933772 42.278074, 119.933986 42.27796)",1,21.69,secondary,4,,,,auto,
124,,115,94,91,1,"LINESTRING (119.933986 42.27796, 119.934082 42.277909)",1,9.72,trunk,2,,,,auto,
125,,115,91,94,1,"LINESTRING (119.934082 42.277909, 119.933986 42.27796)",1,9.72,trunk,2,,,,auto,
126,,116,96,94,1,"LINESTRING (119.933772 42.278074, 119.933986 42.27796)",1,21.69,secondary,4,,,,auto,
127,,116,94,96,1,"LINESTRING (119.933986 42.27796, 119.933772 42.278074)",1,21.69,secondary,4,,,,auto,
128,,117,96,97,1,"LINESTRING (119.933772 42.278074, 119.932015 42.279035)",1,179.76,secondary,4,,,,auto,
129,,117,97,96,1,"LINESTRING (119.932015 42.279035, 119.933772 42.278074)",1,179.76,secondary,4,,,,auto,
130,京漠线,118,92,58,1,"LINESTRING (119.934324 42.278124, 119.936419 42.280034)",1,273.52,trunk,2,,2,,auto,
131,京漠线,119,98,91,1,"LINESTRING (119.929936 42.274225, 119.934082 42.277909)",1,533.07,trunk,2,,2,,auto,
132,京漠线,120,95,99,1,"LINESTRING (119.933485 42.277513, 119.93073 42.275015)",1,358.51,trunk,2,,2,,auto,
133,京漠线,121,100,101,1,"LINESTRING (119.936497 42.280228, 119.936154 42.279893)",1,46.73,trunk,2,,2,,auto,
134,京漠线,122,101,94,1,"LINESTRING (119.936154 42.279893, 119.933986 42.27796)",1,279.31,trunk,2,,2,,auto,
135,京漠线,123,102,100,1,"LINESTRING (119.936693 42.28045, 119.936497 42.280228)",1,29.49,trunk,2,,2,,auto,
136,京漠线,124,103,102,1,"LINESTRING (119.937001 42.280883, 119.936693 42.28045)",1,54.41,trunk,2,,2,,auto,
137,京漠线,125,104,103,1,"LINESTRING (119.937237 42.281276, 119.937001 42.280883)",1,47.82,trunk,2,,2,,auto,
138,京漠线,126,105,104,1,"LINESTRING (119.937385 42.28156, 119.937237 42.281276)",1,33.85,trunk,2,,2,,auto,
139,京漠线,127,106,105,1,"LINESTRING (119.937476 42.281762, 119.937385 42.28156)",1,23.68,trunk,2,,2,,auto,
140,京漠线,128,107,106,1,"LINESTRING (119.93758 42.28206, 119.937476 42.281762)",1,34.22,trunk,2,,2,,auto,
141,京漠线,129,108,107,1,"LINESTRING (119.937669 42.282377, 119.93758 42.28206)",1,36.00,trunk,2,,2,,auto,
142,京漠线,130,109,108,1,"LINESTRING (119.937725 42.282641, 119.937669 42.282377)",1,29.71,trunk,2,,2,,auto,
143,京漠线,131,110,109,1,"LINESTRING (119.937752 42.282881, 119.937725 42.282641)",1,26.78,trunk,2,,2,,auto,
144,京漠线,132,111,110,1,"LINESTRING (119.937774 42.283161, 119.937752 42.282881)",1,31.19,trunk,2,,2,,auto,
145,京漠线,133,112,111,1,"LINESTRING (119.937787 42.28352, 119.937774 42.283161)",1,39.93,trunk,2,,2,,auto,
146,京漠线,134,113,112,1,"LINESTRING (119.937768 42.283965, 119.937787 42.28352)",1,49.51,trunk,2,,2,,auto,
147,京漠线,135,114,113,1,"LINESTRING (119.937605 42.286989, 119.937768 42.283965)",1,336.52,trunk,2,,2,,auto,
148,京漠线,136,6,114,1,"LINESTRING (119.937398 42.290776, 119.937605 42.286989)",1,421.44,trunk,2,,2,,auto,
149,京漠线,137,115,3,1,"LINESTRING (119.937216 42.294161, 119.937289 42.292495)",1,185.35,trunk,2,,2,,auto,
150,京漠线,138,116,115,1,"LINESTRING (119.937197 42.29477, 119.937216 42.294161)",1,67.74,trunk,2,,2,,auto,
151,京漠线,139,117,116,1,"LINESTRING (119.937194 42.295239, 119.937197 42.29477)",1,52.15,trunk,2,,2,,auto,
152,京漠线,140,118,117,1,"LINESTRING (119.937213 42.295649, 119.937194 42.295239)",1,45.62,trunk,2,,2,,auto,
153,京漠线,141,119,118,1,"LINESTRING (119.937366 42.29752, 119.937213 42.295649)",1,208.43,trunk,2,,2,,auto,
154,京漠线,142,120,119,1,"LINESTRING (119.937591 42.300399, 119.937366 42.29752)",1,320.66,trunk,2,,2,,auto,
155,京漠线,143,121,120,1,"LINESTRING (119.937623 42.300849, 119.937591 42.300399)",1,50.11,trunk,2,,2,,auto,
156,京漠线,144,122,121,1,"LINESTRING (119.937621 42.301113, 119.937623 42.300849)",1,29.36,trunk,2,,2,,auto,
157,京漠线,145,123,122,1,"LINESTRING (119.937599 42.301446, 119.937621 42.301113)",1,37.07,trunk,2,,2,,auto,
158,京漠线,146,124,123,1,"LINESTRING (119.937578 42.301647, 119.937599 42.301446)",1,22.42,trunk,2,,2,,auto,
159,京漠线,147,125,124,1,"LINESTRING (119.937519 42.301934, 119.937578 42.301647)",1,32.28,trunk,2,,2,,auto,
160,京漠线,148,126,125,1,"LINESTRING (119.937433 42.30224, 119.937519 42.301934)",1,34.75,trunk,2,,2,,auto,
161,京漠线,149,127,126,1,"LINESTRING (119.937323 42.302565, 119.937433 42.30224)",1,37.25,trunk,2,,2,,auto,
162,京漠线,150,128,127,1,"LINESTRING (119.937173 42.30292, 119.937323 42.302565)",1,41.36,trunk,2,,2,,auto,
163,京漠线,151,129,128,1,"LINESTRING (119.936926 42.303341, 119.937173 42.30292)",1,51.03,trunk,2,,2,,auto,
164,京漠线,152,130,129,1,"LINESTRING (119.936674 42.303684, 119.936926 42.303341)",1,43.41,trunk,2,,2,,auto,
165,京漠线,153,131,130,1,"LINESTRING (119.936363 42.304079, 119.936674 42.303684)",1,50.83,trunk,2,,2,,auto,
166,,154,132,133,1,"LINESTRING (119.905068 42.277649, 119.905023 42.277512)",1,15.68,unclassified,20,,,,auto,
167,,154,133,132,1,"LINESTRING (119.905023 42.277512, 119.905068 42.277649)",1,15.68,unclassified,20,,,,auto,
168,,155,132,134,1,"LINESTRING (119.905068 42.277649, 119.905127 42.277816)",1,19.19,unclassified,20,,,,auto,
169,,155,134,132,1,"LINESTRING (119.905127 42.277816, 119.905068 42.277649)",1,19.19,unclassified,20,,,,auto,
170,,156,135,136,1,"LINESTRING (119.903718 42.274926, 119.904037 42.275558)",1,75.02,unclassified,20,,,,auto,
171,,156,136,135,1,"LINESTRING (119.904037 42.275558, 119.903718 42.274926)",1,75.02,unclassified,20,,,,auto,
172,,157,133,136,1,"LINESTRING (119.905023 42.277512, 119.904037 42.275558)",1,231.92,unclassified,20,,,,auto,
173,,157,136,133,1,"LINESTRING (119.904037 42.275558, 119.905023 42.277512)",1,231.92,unclassified,20,,,,auto,
174,,158,133,132,1,"LINESTRING (119.905023 42.277512, 119.905068 42.277649)",1,15.68,unclassified,20,,,,auto,
175,,158,132,133,1,"LINESTRING (119.905068 42.277649, 119.905023 42.277512)",1,15.68,unclassified,20,,,,auto,
176,,159,134,132,1,"LINESTRING (119.905127 42.277816, 119.905068 42.277649)",1,19.19,unclassified,20,,,,auto,
177,,159,132,134,1,"LINESTRING (119.905068 42.277649, 119.905127 42.277816)",1,19.19,unclassified,20,,,,auto,
178,,160,134,137,1,"LINESTRING (119.905127 42.277816, 119.905195 42.278124)",1,34.70,unclassified,20,,,,auto,
179,,160,137,134,1,"LINESTRING (119.905195 42.278124, 119.905127 42.277816)",1,34.70,unclassified,20,,,,auto,
180,,161,137,134,1,"LINESTRING (119.905195 42.278124, 119.905127 42.277816)",1,34.70,unclassified,20,,,,auto,
181,,161,134,137,1,"LINESTRING (119.905127 42.277816, 119.905195 42.278124)",1,34.70,unclassified,20,,,,auto,
182,,162,137,138,1,"LINESTRING (119.905195 42.278124, 119.905324 42.279463)",1,149.27,unclassified,20,,,,auto,
183,,162,138,137,1,"LINESTRING (119.905324 42.279463, 119.905195 42.278124)",1,149.27,unclassified,20,,,,auto,
184,京漠线,163,90,139,1,"LINESTRING (119.936033 42.304535, 119.935443 42.305059)",1,75.82,trunk,2,,2,,auto,
185,京漠线,164,139,140,1,"LINESTRING (119.935443 42.305059, 119.93503 42.305481)",1,57.93,trunk,2,,2,,auto,
186,京漠线,165,140,141,1,"LINESTRING (119.93503 42.305481, 119.934794 42.305801)",1,40.53,trunk,2,,2,,auto,
187,京漠线,166,141,142,1,"LINESTRING (119.934794 42.305801, 119.93463 42.306029)",1,28.72,trunk,2,,2,,auto,
188,京漠线,167,142,143,1,"LINESTRING (119.93463 42.306029, 119.93448 42.306298)",1,32.36,trunk,2,,2,,auto,
189,京漠线,168,143,144,1,"LINESTRING (119.93448 42.306298, 119.934375 42.306535)",1,27.73,trunk,2,,2,,auto,
190,京漠线,169,144,145,1,"LINESTRING (119.934375 42.306535, 119.934263 42.30683)",1,34.07,trunk,2,,2,,auto,
191,京漠线,170,145,146,1,"LINESTRING (119.934263 42.30683, 119.934177 42.307148)",1,36.06,trunk,2,,2,,auto,
192,京漠线,171,146,147,1,"LINESTRING (119.934177 42.307148, 119.93412 42.307489)",1,38.21,trunk,2,,2,,auto,
193,京漠线,172,147,148,1,"LINESTRING (119.93412 42.307489, 119.934091 42.307768)",1,31.11,trunk,2,,2,,auto,
194,京漠线,173,148,149,1,"LINESTRING (119.934091 42.307768, 119.934112 42.308112)",1,38.29,trunk,2,,2,,auto,
195,京漠线,174,149,150,1,"LINESTRING (119.934112 42.308112, 119.934153 42.308447)",1,37.40,trunk,2,,2,,auto,
196,京漠线,175,151,131,1,"LINESTRING (119.935944 42.304499, 119.936363 42.304079)",1,58.04,trunk,2,,2,,auto,
197,京漠线,176,152,151,1,"LINESTRING (119.93536 42.305029, 119.935944 42.304499)",1,76.02,trunk,2,,2,,auto,
198,京漠线,177,153,152,1,"LINESTRING (119.934963 42.305436, 119.93536 42.305029)",1,55.80,trunk,2,,2,,auto,
199,京漠线,178,154,153,1,"LINESTRING (119.9347 42.305775, 119.934963 42.305436)",1,43.46,trunk,2,,2,,auto,
200,京漠线,179,155,154,1,"LINESTRING (119.93455 42.306009, 119.9347 42.305775)",1,28.80,trunk,2,,2,,auto,
201,京漠线,180,156,155,1,"LINESTRING (119.934389 42.306281, 119.93455 42.306009)",1,33.02,trunk,2,,2,,auto,
202,京漠线,181,157,156,1,"LINESTRING (119.934271 42.306544, 119.934389 42.306281)",1,30.81,trunk,2,,2,,auto,
203,京漠线,182,158,157,1,"LINESTRING (119.934177 42.306816, 119.934271 42.306544)",1,31.22,trunk,2,,2,,auto,
204,京漠线,183,159,158,1,"LINESTRING (119.934086 42.307138, 119.934177 42.306816)",1,36.58,trunk,2,,2,,auto,
205,京漠线,184,160,159,1,"LINESTRING (119.934029 42.307481, 119.934086 42.307138)",1,38.43,trunk,2,,2,,auto,
206,京漠线,185,161,160,1,"LINESTRING (119.934 42.30775, 119.934029 42.307481)",1,30.01,trunk,2,,2,,auto,
207,京漠线,186,162,161,1,"LINESTRING (119.934016 42.308127, 119.934 42.30775)",1,41.94,trunk,2,,2,,auto,
208,京漠线,187,163,162,1,"LINESTRING (119.934045 42.308431, 119.934016 42.308127)",1,33.89,trunk,2,,2,,auto,
209,,188,164,165,1,"LINESTRING (119.926849 42.290525, 119.926967 42.290493)",1,10.34,unclassified,20,,,,auto,
210,,188,165,164,1,"LINESTRING (119.926967 42.290493, 119.926849 42.290525)",1,10.34,unclassified,20,,,,auto,
211,,189,164,166,1,"LINESTRING (119.926849 42.290525, 119.926693 42.290489)",1,13.44,unclassified,20,,,,auto,
212,,189,166,164,1,"LINESTRING (119.926693 42.290489, 119.926849 42.290525)",1,13.44,unclassified,20,,,,auto,
213,,190,166,164,1,"LINESTRING (119.926693 42.290489, 119.926849 42.290525)",1,13.44,unclassified,20,,,,auto,
214,,190,164,166,1,"LINESTRING (119.926849 42.290525, 119.926693 42.290489)",1,13.44,unclassified,20,,,,auto,
215,,191,166,167,1,"LINESTRING (119.926693 42.290489, 119.926205 42.290362)",1,42.55,unclassified,20,,,,auto,
216,,191,167,166,1,"LINESTRING (119.926205 42.290362, 119.926693 42.290489)",1,42.55,unclassified,20,,,,auto,
217,,192,167,166,1,"LINESTRING (119.926205 42.290362, 119.926693 42.290489)",1,42.55,unclassified,20,,,,auto,
218,,192,166,167,1,"LINESTRING (119.926693 42.290489, 119.926205 42.290362)",1,42.55,unclassified,20,,,,auto,
219,,193,167,168,1,"LINESTRING (119.926205 42.290362, 119.925969 42.290346)",1,19.49,unclassified,20,,,,auto,
220,,193,168,167,1,"LINESTRING (119.925969 42.290346, 119.926205 42.290362)",1,19.49,unclassified,20,,,,auto,
221,,194,168,167,1,"LINESTRING (119.925969 42.290346, 119.926205 42.290362)",1,19.49,unclassified,20,,,,auto,
222,,194,167,168,1,"LINESTRING (119.926205 42.290362, 119.925969 42.290346)",1,19.49,unclassified,20,,,,auto,
223,,195,168,169,1,"LINESTRING (119.925969 42.290346, 119.92569 42.290476)",1,27.12,unclassified,20,,,,auto,
224,,195,169,168,1,"LINESTRING (119.92569 42.290476, 119.925969 42.290346)",1,27.12,unclassified,20,,,,auto,
225,,196,169,168,1,"LINESTRING (119.92569 42.290476, 119.925969 42.290346)",1,27.12,unclassified,20,,,,auto,
226,,196,168,169,1,"LINESTRING (119.925969 42.290346, 119.92569 42.290476)",1,27.12,unclassified,20,,,,auto,
227,,197,169,170,1,"LINESTRING (119.92569 42.290476, 119.926865 42.293796)",1,381.61,unclassified,20,,,,auto,
228,,197,170,169,1,"LINESTRING (119.926865 42.293796, 119.92569 42.290476)",1,381.61,unclassified,20,,,,auto,
229,,198,170,169,1,"LINESTRING (119.926865 42.293796, 119.92569 42.290476)",1,381.61,unclassified,20,,,,auto,
230,,198,169,170,1,"LINESTRING (119.92569 42.290476, 119.926865 42.293796)",1,381.61,unclassified,20,,,,auto,
231,,199,170,171,1,"LINESTRING (119.926865 42.293796, 119.92752 42.29562)",1,209.85,unclassified,20,,,,auto,
232,,199,171,170,1,"LINESTRING (119.92752 42.29562, 119.926865 42.293796)",1,209.85,unclassified,20,,,,auto,
233,,200,172,171,1,"LINESTRING (119.927552 42.295709, 119.92752 42.29562)",1,10.24,unclassified,20,,,,auto,
234,,200,171,172,1,"LINESTRING (119.92752 42.29562, 119.927552 42.295709)",1,10.24,unclassified,20,,,,auto,
235,,201,172,173,1,"LINESTRING (119.927552 42.295709, 119.927604 42.295881)",1,19.60,unclassified,20,,,,auto,
236,,201,173,172,1,"LINESTRING (119.927604 42.295881, 119.927552 42.295709)",1,19.60,unclassified,20,,,,auto,
237,,202,174,173,1,"LINESTRING (119.927804 42.29653, 119.927604 42.295881)",1,74.02,unclassified,20,,,,auto,
238,,202,173,174,1,"LINESTRING (119.927604 42.295881, 119.927804 42.29653)",1,74.02,unclassified,20,,,,auto,
239,,203,174,175,1,"LINESTRING (119.927804 42.29653, 119.927887 42.296832)",1,34.27,unclassified,20,,,,auto,
240,,203,175,174,1,"LINESTRING (119.927887 42.296832, 119.927804 42.29653)",1,34.27,unclassified,20,,,,auto,
241,,204,175,174,1,"LINESTRING (119.927887 42.296832, 119.927804 42.29653)",1,34.27,unclassified,20,,,,auto,
242,,204,174,175,1,"LINESTRING (119.927804 42.29653, 119.927887 42.296832)",1,34.27,unclassified,20,,,,auto,
243,,205,175,176,1,"LINESTRING (119.927887 42.296832, 119.928338 42.297667)",1,99.98,unclassified,20,,,,auto,
244,,205,176,175,1,"LINESTRING (119.928338 42.297667, 119.927887 42.296832)",1,99.98,unclassified,20,,,,auto,
245,,206,176,175,1,"LINESTRING (119.928338 42.297667, 119.927887 42.296832)",1,99.98,unclassified,20,,,,auto,
246,,206,175,176,1,"LINESTRING (119.927887 42.296832, 119.928338 42.297667)",1,99.98,unclassified,20,,,,auto,
247,,207,176,177,1,"LINESTRING (119.928338 42.297667, 119.928523 42.297915)",1,31.50,unclassified,20,,,,auto,
248,,207,177,176,1,"LINESTRING (119.928523 42.297915, 119.928338 42.297667)",1,31.50,unclassified,20,,,,auto,
249,,208,177,176,1,"LINESTRING (119.928523 42.297915, 119.928338 42.297667)",1,31.50,unclassified,20,,,,auto,
250,,208,176,177,1,"LINESTRING (119.928338 42.297667, 119.928523 42.297915)",1,31.50,unclassified,20,,,,auto,
251,,209,177,178,1,"LINESTRING (119.928523 42.297915, 119.928823 42.298181)",1,38.52,unclassified,20,,,,auto,
252,,209,178,177,1,"LINESTRING (119.928823 42.298181, 119.928523 42.297915)",1,38.52,unclassified,20,,,,auto,
253,,210,178,177,1,"LINESTRING (119.928823 42.298181, 119.928523 42.297915)",1,38.52,unclassified,20,,,,auto,
254,,210,177,178,1,"LINESTRING (119.928523 42.297915, 119.928823 42.298181)",1,38.52,unclassified,20,,,,auto,
255,,211,178,179,1,"LINESTRING (119.928823 42.298181, 119.931084 42.299869)",1,264.21,unclassified,20,,,,auto,
256,,211,179,178,1,"LINESTRING (119.931084 42.299869, 119.928823 42.298181)",1,264.21,unclassified,20,,,,auto,
257,,212,179,178,1,"LINESTRING (119.931084 42.299869, 119.928823 42.298181)",1,264.21,unclassified,20,,,,auto,
258,,212,178,179,1,"LINESTRING (119.928823 42.298181, 119.931084 42.299869)",1,264.21,unclassified,20,,,,auto,
259,,213,179,180,1,"LINESTRING (119.931084 42.299869, 119.931189 42.29997)",1,14.17,unclassified,20,,,,auto,
260,,213,180,179,1,"LINESTRING (119.931189 42.29997, 119.931084 42.299869)",1,14.17,unclassified,20,,,,auto,
261,,214,180,179,1,"LINESTRING (119.931189 42.29997, 119.931084 42.299869)",1,14.17,unclassified,20,,,,auto,
262,,214,179,180,1,"LINESTRING (119.931084 42.299869, 119.931189 42.29997)",1,14.17,unclassified,20,,,,auto,
263,,215,180,181,1,"LINESTRING (119.931189 42.29997, 119.931226 42.300028)",1,7.13,unclassified,20,,,,auto,
264,,215,181,180,1,"LINESTRING (119.931226 42.300028, 119.931189 42.29997)",1,7.13,unclassified,20,,,,auto,
265,,216,181,180,1,"LINESTRING (119.931226 42.300028, 119.931189 42.29997)",1,7.13,unclassified,20,,,,auto,
266,,216,180,181,1,"LINESTRING (119.931189 42.29997, 119.931226 42.300028)",1,7.13,unclassified,20,,,,auto,
267,,217,181,182,1,"LINESTRING (119.931226 42.300028, 119.931226 42.300133)",1,11.68,unclassified,20,,,,auto,
268,,217,182,181,1,"LINESTRING (119.931226 42.300133, 119.931226 42.300028)",1,11.68,unclassified,20,,,,auto,
269,,218,182,181,1,"LINESTRING (119.931226 42.300133, 119.931226 42.300028)",1,11.68,unclassified,20,,,,auto,
270,,218,181,182,1,"LINESTRING (119.931226 42.300028, 119.931226 42.300133)",1,11.68,unclassified,20,,,,auto,
271,,219,182,183,1,"LINESTRING (119.931226 42.300133, 119.931194 42.300224)",1,10.46,unclassified,20,,,,auto,
272,,219,183,182,1,"LINESTRING (119.931194 42.300224, 119.931226 42.300133)",1,10.46,unclassified,20,,,,auto,
273,,220,183,182,1,"LINESTRING (119.931194 42.300224, 119.931226 42.300133)",1,10.46,unclassified,20,,,,auto,
274,,220,182,183,1,"LINESTRING (119.931226 42.300133, 119.931194 42.300224)",1,10.46,unclassified,20,,,,auto,
275,,221,183,184,1,"LINESTRING (119.931194 42.300224, 119.931138 42.300331)",1,12.76,unclassified,20,,,,auto,
276,,221,184,183,1,"LINESTRING (119.931138 42.300331, 119.931194 42.300224)",1,12.76,unclassified,20,,,,auto,
277,,222,184,183,1,"LINESTRING (119.931138 42.300331, 119.931194 42.300224)",1,12.76,unclassified,20,,,,auto,
278,,222,183,184,1,"LINESTRING (119.931194 42.300224, 119.931138 42.300331)",1,12.76,unclassified,20,,,,auto,
279,,223,184,185,1,"LINESTRING (119.931138 42.300331, 119.930867 42.300871)",1,64.05,unclassified,20,,,,auto,
280,,223,185,184,1,"LINESTRING (119.930867 42.300871, 119.931138 42.300331)",1,64.05,unclassified,20,,,,auto,
281,,224,185,184,1,"LINESTRING (119.930867 42.300871, 119.931138 42.300331)",1,64.05,unclassified,20,,,,auto,
282,,224,184,185,1,"LINESTRING (119.931138 42.300331, 119.930867 42.300871)",1,64.05,unclassified,20,,,,auto,
283,,225,185,186,1,"LINESTRING (119.930867 42.300871, 119.93006 42.302482)",1,191.03,unclassified,20,,,,auto,
284,,225,186,185,1,"LINESTRING (119.93006 42.302482, 119.930867 42.300871)",1,191.03,unclassified,20,,,,auto,
285,,226,186,185,1,"LINESTRING (119.93006 42.302482, 119.930867 42.300871)",1,191.03,unclassified,20,,,,auto,
286,,226,185,186,1,"LINESTRING (119.930867 42.300871, 119.93006 42.302482)",1,191.03,unclassified,20,,,,auto,
287,,227,186,187,1,"LINESTRING (119.93006 42.302482, 119.92992 42.30275)",1,31.95,unclassified,20,,,,auto,
288,,227,187,186,1,"LINESTRING (119.92992 42.30275, 119.93006 42.302482)",1,31.95,unclassified,20,,,,auto,
289,,228,187,186,1,"LINESTRING (119.92992 42.30275, 119.93006 42.302482)",1,31.95,unclassified,20,,,,auto,
290,,228,186,187,1,"LINESTRING (119.93006 42.302482, 119.92992 42.30275)",1,31.95,unclassified,20,,,,auto,
291,,229,187,188,1,"LINESTRING (119.92992 42.30275, 119.929891 42.302841)",1,10.40,unclassified,20,,,,auto,
292,,229,188,187,1,"LINESTRING (119.929891 42.302841, 119.92992 42.30275)",1,10.40,unclassified,20,,,,auto,
293,,230,189,188,1,"LINESTRING (119.929834 42.303021, 119.929891 42.302841)",1,20.56,unclassified,20,,,,auto,
294,,230,188,189,1,"LINESTRING (119.929891 42.302841, 119.929834 42.303021)",1,20.56,unclassified,20,,,,auto,
295,,231,189,190,1,"LINESTRING (119.929834 42.303021, 119.92973 42.30338)",1,40.82,unclassified,20,,,,auto,
296,,231,190,189,1,"LINESTRING (119.92973 42.30338, 119.929834 42.303021)",1,40.82,unclassified,20,,,,auto,
297,,232,190,189,1,"LINESTRING (119.92973 42.30338, 119.929834 42.303021)",1,40.82,unclassified,20,,,,auto,
298,,232,189,190,1,"LINESTRING (119.929834 42.303021, 119.92973 42.30338)",1,40.82,unclassified,20,,,,auto,
299,,233,190,191,1,"LINESTRING (119.92973 42.30338, 119.929641 42.303843)",1,52.00,unclassified,20,,,,auto,
300,,233,191,190,1,"LINESTRING (119.929641 42.303843, 119.92973 42.30338)",1,52.00,unclassified,20,,,,auto,
301,,234,191,190,1,"LINESTRING (119.929641 42.303843, 119.92973 42.30338)",1,52.00,unclassified,20,,,,auto,
302,,234,190,191,1,"LINESTRING (119.92973 42.30338, 119.929641 42.303843)",1,52.00,unclassified,20,,,,auto,
303,,235,191,192,1,"LINESTRING (119.929641 42.303843, 119.929523 42.30444)",1,67.09,unclassified,20,,,,auto,
304,,235,192,191,1,"LINESTRING (119.929523 42.30444, 119.929641 42.303843)",1,67.09,unclassified,20,,,,auto,
305,,236,192,191,1,"LINESTRING (119.929523 42.30444, 119.929641 42.303843)",1,67.09,unclassified,20,,,,auto,
306,,236,191,192,1,"LINESTRING (119.929641 42.303843, 119.929523 42.30444)",1,67.09,unclassified,20,,,,auto,
307,,237,192,193,1,"LINESTRING (119.929523 42.30444, 119.9294 42.305247)",1,90.30,unclassified,20,,,,auto,
308,,237,193,192,1,"LINESTRING (119.9294 42.305247, 119.929523 42.30444)",1,90.30,unclassified,20,,,,auto,
309,,238,193,192,1,"LINESTRING (119.9294 42.305247, 119.929523 42.30444)",1,90.30,unclassified,20,,,,auto,
310,,238,192,193,1,"LINESTRING (119.929523 42.30444, 119.9294 42.305247)",1,90.30,unclassified,20,,,,auto,
311,,239,193,194,1,"LINESTRING (119.9294 42.305247, 119.929174 42.30639)",1,128.45,unclassified,20,,,,auto,
312,,239,194,193,1,"LINESTRING (119.929174 42.30639, 119.9294 42.305247)",1,128.45,unclassified,20,,,,auto,
313,,240,194,193,1,"LINESTRING (119.929174 42.30639, 119.9294 42.305247)",1,128.45,unclassified,20,,,,auto,
314,,240,193,194,1,"LINESTRING (119.9294 42.305247, 119.929174 42.30639)",1,128.45,unclassified,20,,,,auto,
315,,241,194,195,1,"LINESTRING (119.929174 42.30639, 119.928879 42.308326)",1,216.64,unclassified,20,,,,auto,
316,,241,195,194,1,"LINESTRING (119.928879 42.308326, 119.929174 42.30639)",1,216.64,unclassified,20,,,,auto,
317,,242,195,194,1,"LINESTRING (119.928879 42.308326, 119.929174 42.30639)",1,216.64,unclassified,20,,,,auto,
318,,242,194,195,1,"LINESTRING (119.929174 42.30639, 119.928879 42.308326)",1,216.64,unclassified,20,,,,auto,
319,,243,2,1,1,"LINESTRING (119.94006 42.273636, 119.940595 42.272865)",1,96.37,trunk,2,,,,auto,
320,,243,1,2,1,"LINESTRING (119.940595 42.272865, 119.94006 42.273636)",1,96.37,trunk,2,,,,auto,
321,,244,2,196,1,"LINESTRING (119.94006 42.273636, 119.938324 42.275522)",1,253.73,trunk,2,,,,auto,
322,,244,196,2,1,"LINESTRING (119.938324 42.275522, 119.94006 42.273636)",1,253.73,trunk,2,,,,auto,
323,,245,196,2,1,"LINESTRING (119.938324 42.275522, 119.94006 42.273636)",1,253.73,trunk,2,,,,auto,
324,,245,2,196,1,"LINESTRING (119.94006 42.273636, 119.938324 42.275522)",1,253.73,trunk,2,,,,auto,
325,,246,196,197,1,"LINESTRING (119.938324 42.275522, 119.937865 42.275866)",1,53.75,trunk,2,,,,auto,
326,,246,197,196,1,"LINESTRING (119.937865 42.275866, 119.938324 42.275522)",1,53.75,trunk,2,,,,auto,
327,,247,197,196,1,"LINESTRING (119.937865 42.275866, 119.938324 42.275522)",1,53.75,trunk,2,,,,auto,
328,,247,196,197,1,"LINESTRING (119.938324 42.275522, 119.937865 42.275866)",1,53.75,trunk,2,,,,auto,
329,,248,197,198,1,"LINESTRING (119.937865 42.275866, 119.935639 42.277077)",1,227.32,trunk,2,,,,auto,
330,,248,198,197,1,"LINESTRING (119.935639 42.277077, 119.937865 42.275866)",1,227.32,trunk,2,,,,auto,
331,,249,93,198,1,"LINESTRING (119.935507 42.277148, 119.935639 42.277077)",1,13.43,trunk,2,,,,auto,
332,,249,198,93,1,"LINESTRING (119.935639 42.277077, 119.935507 42.277148)",1,13.43,trunk,2,,,,auto,
333,,250,93,91,1,"LINESTRING (119.935507 42.277148, 119.934082 42.277909)",1,144.59,trunk,2,,,,auto,
334,,250,91,93,1,"LINESTRING (119.934082 42.277909, 119.935507 42.277148)",1,144.59,trunk,2,,,,auto,
335,,251,97,96,1,"LINESTRING (119.932015 42.279035, 119.933772 42.278074)",1,179.76,secondary,4,,,,auto,
336,,251,96,97,1,"LINESTRING (119.933772 42.278074, 119.932015 42.279035)",1,179.76,secondary,4,,,,auto,
337,,252,97,199,1,"LINESTRING (119.932015 42.279035, 119.931299 42.279452)",1,74.97,secondary,4,,,,auto,
338,,252,199,97,1,"LINESTRING (119.931299 42.279452, 119.932015 42.279035)",1,74.97,secondary,4,,,,auto,
339,,253,200,201,1,"LINESTRING (119.931012 42.279619, 119.931044 42.2796)",1,3.38,secondary,4,,,,auto,
340,,253,201,200,1,"LINESTRING (119.931044 42.2796, 119.931012 42.279619)",1,3.38,secondary,4,,,,auto,
341,,254,200,202,1,"LINESTRING (119.931012 42.279619, 119.929489 42.280493)",1,158.57,secondary,4,,,,auto,
342,,254,202,200,1,"LINESTRING (119.929489 42.280493, 119.931012 42.279619)",1,158.57,secondary,4,,,,auto,
343,,255,203,202,1,"LINESTRING (119.928501 42.281073, 119.929489 42.280493)",1,103.76,secondary,4,,,,auto,
344,,255,202,203,1,"LINESTRING (119.929489 42.280493, 119.928501 42.281073)",1,103.76,secondary,4,,,,auto,
345,,256,203,204,1,"LINESTRING (119.928501 42.281073, 119.927909 42.281372)",1,58.97,secondary,4,,,,auto,
346,,256,204,203,1,"LINESTRING (119.927909 42.281372, 119.928501 42.281073)",1,58.97,secondary,4,,,,auto,
347,,257,205,204,1,"LINESTRING (119.927812 42.281421, 119.927909 42.281372)",1,9.66,secondary,4,,,,auto,
348,,257,204,205,1,"LINESTRING (119.927909 42.281372, 119.927812 42.281421)",1,9.66,secondary,4,,,,auto,
349,,258,205,206,1,"LINESTRING (119.927812 42.281421, 119.927428 42.281597)",1,37.16,secondary,4,,,,auto,
350,,258,206,205,1,"LINESTRING (119.927428 42.281597, 119.927812 42.281421)",1,37.16,secondary,4,,,,auto,
351,,259,206,205,1,"LINESTRING (119.927428 42.281597, 119.927812 42.281421)",1,37.16,secondary,4,,,,auto,
352,,259,205,206,1,"LINESTRING (119.927812 42.281421, 119.927428 42.281597)",1,37.16,secondary,4,,,,auto,
353,,260,206,207,1,"LINESTRING (119.927428 42.281597, 119.926766 42.281869)",1,62.30,secondary,4,,,,auto,
354,,260,207,206,1,"LINESTRING (119.926766 42.281869, 119.927428 42.281597)",1,62.30,secondary,4,,,,auto,
355,,261,207,206,1,"LINESTRING (119.926766 42.281869, 119.927428 42.281597)",1,62.30,secondary,4,,,,auto,
356,,261,206,207,1,"LINESTRING (119.927428 42.281597, 119.926766 42.281869)",1,62.30,secondary,4,,,,auto,
357,,262,207,208,1,"LINESTRING (119.926766 42.281869, 119.926211 42.282084)",1,51.54,secondary,4,,,,auto,
358,,262,208,207,1,"LINESTRING (119.926211 42.282084, 119.926766 42.281869)",1,51.54,secondary,4,,,,auto,
359,,263,209,210,1,"LINESTRING (119.924682 42.282675, 119.924815 42.282623)",1,12.38,secondary,4,,,,auto,
360,,263,210,209,1,"LINESTRING (119.924815 42.282623, 119.924682 42.282675)",1,12.38,secondary,4,,,,auto,
361,,264,209,211,1,"LINESTRING (119.924682 42.282675, 119.924306 42.282842)",1,36.08,secondary,4,,,,auto,
362,,264,211,209,1,"LINESTRING (119.924306 42.282842, 119.924682 42.282675)",1,36.08,secondary,4,,,,auto,
363,,265,211,209,1,"LINESTRING (119.924306 42.282842, 119.924682 42.282675)",1,36.08,secondary,4,,,,auto,
364,,265,209,211,1,"LINESTRING (119.924682 42.282675, 119.924306 42.282842)",1,36.08,secondary,4,,,,auto,
365,,266,211,212,1,"LINESTRING (119.924306 42.282842, 119.924129 42.282957)",1,19.38,secondary,4,,,,auto,
366,,266,212,211,1,"LINESTRING (119.924129 42.282957, 119.924306 42.282842)",1,19.38,secondary,4,,,,auto,
367,,267,212,211,1,"LINESTRING (119.924129 42.282957, 119.924306 42.282842)",1,19.38,secondary,4,,,,auto,
368,,267,211,212,1,"LINESTRING (119.924306 42.282842, 119.924129 42.282957)",1,19.38,secondary,4,,,,auto,
369,,268,212,213,1,"LINESTRING (119.924129 42.282957, 119.924 42.283068)",1,16.28,secondary,4,,,,auto,
370,,268,213,212,1,"LINESTRING (119.924 42.283068, 119.924129 42.282957)",1,16.28,secondary,4,,,,auto,
371,,269,213,212,1,"LINESTRING (119.924 42.283068, 119.924129 42.282957)",1,16.28,secondary,4,,,,auto,
372,,269,212,213,1,"LINESTRING (119.924129 42.282957, 119.924 42.283068)",1,16.28,secondary,4,,,,auto,
373,,270,213,214,1,"LINESTRING (119.924 42.283068, 119.923861 42.283234)",1,21.71,secondary,4,,,,auto,
374,,270,214,213,1,"LINESTRING (119.923861 42.283234, 119.924 42.283068)",1,21.71,secondary,4,,,,auto,
375,,271,214,213,1,"LINESTRING (119.923861 42.283234, 119.924 42.283068)",1,21.71,secondary,4,,,,auto,
376,,271,213,214,1,"LINESTRING (119.924 42.283068, 119.923861 42.283234)",1,21.71,secondary,4,,,,auto,
377,,272,214,215,1,"LINESTRING (119.923861 42.283234, 119.923695 42.283484)",1,30.97,secondary,4,,,,auto,
378,,272,215,214,1,"LINESTRING (119.923695 42.283484, 119.923861 42.283234)",1,30.97,secondary,4,,,,auto,
379,,273,215,214,1,"LINESTRING (119.923695 42.283484, 119.923861 42.283234)",1,30.97,secondary,4,,,,auto,
380,,273,214,215,1,"LINESTRING (119.923861 42.283234, 119.923695 42.283484)",1,30.97,secondary,4,,,,auto,
381,,274,215,216,1,"LINESTRING (119.923695 42.283484, 119.92351 42.283867)",1,45.23,secondary,4,,,,auto,
382,,274,216,215,1,"LINESTRING (119.92351 42.283867, 119.923695 42.283484)",1,45.23,secondary,4,,,,auto,
383,,275,216,215,1,"LINESTRING (119.92351 42.283867, 119.923695 42.283484)",1,45.23,secondary,4,,,,auto,
384,,275,215,216,1,"LINESTRING (119.923695 42.283484, 119.92351 42.283867)",1,45.23,secondary,4,,,,auto,
385,,276,216,217,1,"LINESTRING (119.92351 42.283867, 119.923409 42.284089)",1,26.05,secondary,4,,,,auto,
386,,276,217,216,1,"LINESTRING (119.923409 42.284089, 119.92351 42.283867)",1,26.05,secondary,4,,,,auto,
387,,277,218,217,1,"LINESTRING (119.92292 42.285167, 119.923409 42.284089)",1,126.44,secondary,4,,,,auto,
388,,277,217,218,1,"LINESTRING (119.923409 42.284089, 119.92292 42.285167)",1,126.44,secondary,4,,,,auto,
389,,278,218,219,1,"LINESTRING (119.92292 42.285167, 119.922601 42.285802)",1,75.33,secondary,4,,,,auto,
390,,278,219,218,1,"LINESTRING (119.922601 42.285802, 119.92292 42.285167)",1,75.33,secondary,4,,,,auto,
391,,279,220,219,1,"LINESTRING (119.922576 42.285852, 119.922601 42.285802)",1,5.93,secondary,4,,,,auto,
392,,279,219,220,1,"LINESTRING (119.922601 42.285802, 119.922576 42.285852)",1,5.93,secondary,4,,,,auto,
393,,280,220,221,1,"LINESTRING (119.922576 42.285852, 119.922372 42.286088)",1,31.15,secondary,4,,,,auto,
394,,280,221,220,1,"LINESTRING (119.922372 42.286088, 119.922576 42.285852)",1,31.15,secondary,4,,,,auto,
395,,281,221,220,1,"LINESTRING (119.922372 42.286088, 119.922576 42.285852)",1,31.15,secondary,4,,,,auto,
396,,281,220,221,1,"LINESTRING (119.922576 42.285852, 119.922372 42.286088)",1,31.15,secondary,4,,,,auto,
397,,282,221,222,1,"LINESTRING (119.922372 42.286088, 119.92219 42.286197)",1,19.26,secondary,4,,,,auto,
398,,282,222,221,1,"LINESTRING (119.92219 42.286197, 119.922372 42.286088)",1,19.26,secondary,4,,,,auto,
399,,283,222,221,1,"LINESTRING (119.92219 42.286197, 119.922372 42.286088)",1,19.26,secondary,4,,,,auto,
400,,283,221,222,1,"LINESTRING (119.922372 42.286088, 119.92219 42.286197)",1,19.26,secondary,4,,,,auto,
401,,284,222,223,1,"LINESTRING (119.92219 42.286197, 119.921874 42.286273)",1,27.33,secondary,4,,,,auto,
402,,284,223,222,1,"LINESTRING (119.921874 42.286273, 119.92219 42.286197)",1,27.33,secondary,4,,,,auto,
403,,285,223,224,1,"LINESTRING (119.921874 42.286273, 119.922062 42.286258)",1,15.55,primary,3,,,,auto,
404,,286,223,222,1,"LINESTRING (119.921874 42.286273, 119.92219 42.286197)",1,27.33,secondary,4,,,,auto,
405,,286,222,223,1,"LINESTRING (119.92219 42.286197, 119.921874 42.286273)",1,27.33,secondary,4,,,,auto,
406,,287,8,7,1,"LINESTRING (119.9425 42.293653, 119.943266 42.294086)",1,79.30,trunk,2,,,,auto,
407,,287,7,8,1,"LINESTRING (119.943266 42.294086, 119.9425 42.293653)",1,79.30,trunk,2,,,,auto,
408,,288,8,225,1,"LINESTRING (119.9425 42.293653, 119.94149 42.293286)",1,92.56,trunk,2,,,,auto,
409,,288,225,8,1,"LINESTRING (119.94149 42.293286, 119.9425 42.293653)",1,92.56,trunk,2,,,,auto,
410,,289,225,8,1,"LINESTRING (119.94149 42.293286, 119.9425 42.293653)",1,92.56,trunk,2,,,,auto,
411,,289,8,225,1,"LINESTRING (119.9425 42.293653, 119.94149 42.293286)",1,92.56,trunk,2,,,,auto,
412,,290,225,72,1,"LINESTRING (119.94149 42.293286, 119.939549 42.292902)",1,165.26,trunk,2,,,,auto,
413,,290,72,225,1,"LINESTRING (119.939549 42.292902, 119.94149 42.293286)",1,165.26,trunk,2,,,,auto,
414,,291,72,225,1,"LINESTRING (119.939549 42.292902, 119.94149 42.293286)",1,165.26,trunk,2,,,,auto,
415,,291,225,72,1,"LINESTRING (119.94149 42.293286, 119.939549 42.292902)",1,165.26,trunk,2,,,,auto,
416,,292,72,4,1,"LINESTRING (119.939549 42.292902, 119.9374 42.292515)",1,181.92,trunk,2,,,,auto,
417,,292,4,72,1,"LINESTRING (119.9374 42.292515, 119.939549 42.292902)",1,181.92,trunk,2,,,,auto,
418,,293,226,227,1,"LINESTRING (119.898116 42.272821, 119.898014 42.272842)",1,8.71,unclassified,20,,,,auto,
419,,293,227,226,1,"LINESTRING (119.898014 42.272842, 119.898116 42.272821)",1,8.71,unclassified,20,,,,auto,
420,,294,226,228,1,"LINESTRING (119.898116 42.272821, 119.898141 42.272962)",1,15.81,secondary,4,,,,auto,
421,,295,227,226,1,"LINESTRING (119.898014 42.272842, 119.898116 42.272821)",1,8.71,unclassified,20,,,,auto,
422,,295,226,227,1,"LINESTRING (119.898116 42.272821, 119.898014 42.272842)",1,8.71,unclassified,20,,,,auto,
423,,296,229,230,1,"LINESTRING (119.908479 42.283996, 119.908465 42.283959)",1,4.27,residential,6,,,,auto,
424,,296,230,229,1,"LINESTRING (119.908465 42.283959, 119.908479 42.283996)",1,4.27,residential,6,,,,auto,
425,,297,229,231,1,"LINESTRING (119.908479 42.283996, 119.908527 42.284125)",1,14.88,residential,6,,,,auto,
426,,297,231,229,1,"LINESTRING (119.908527 42.284125, 119.908479 42.283996)",1,14.88,residential,6,,,,auto,
427,,298,229,232,1,"LINESTRING (119.908479 42.283996, 119.908756 42.283904)",1,24.98,residential,6,,,,auto,
428,,300,233,234,1,"LINESTRING (119.908014 42.279257, 119.908024 42.27937)",1,12.59,residential,6,,,,auto,
429,,300,234,233,1,"LINESTRING (119.908024 42.27937, 119.908014 42.279257)",1,12.59,residential,6,,,,auto,
430,,301,233,235,1,"LINESTRING (119.908014 42.279257, 119.907561 42.279303)",1,37.62,tertiary,5,,,,auto,
431,,302,43,234,1,"LINESTRING (119.908226 42.281542, 119.908024 42.27937)",1,242.09,residential,6,,,,auto,
432,,302,234,43,1,"LINESTRING (119.908024 42.27937, 119.908226 42.281542)",1,242.09,residential,6,,,,auto,
433,,303,43,41,1,"LINESTRING (119.908226 42.281542, 119.908246 42.281745)",1,22.63,residential,6,,,,auto,
434,,303,41,43,1,"LINESTRING (119.908246 42.281745, 119.908226 42.281542)",1,22.63,residential,6,,,,auto,
435,,304,44,41,1,"LINESTRING (119.908433 42.28373, 119.908246 42.281745)",1,221.26,residential,6,,,,auto,
436,,304,41,44,1,"LINESTRING (119.908246 42.281745, 119.908433 42.28373)",1,221.26,residential,6,,,,auto,
437,,305,44,230,1,"LINESTRING (119.908433 42.28373, 119.908465 42.283959)",1,25.60,residential,6,,,,auto,
438,,305,230,44,1,"LINESTRING (119.908465 42.283959, 119.908433 42.28373)",1,25.60,residential,6,,,,auto,
439,,306,230,44,1,"LINESTRING (119.908465 42.283959, 119.908433 42.28373)",1,25.60,residential,6,,,,auto,
440,,306,44,230,1,"LINESTRING (119.908433 42.28373, 119.908465 42.283959)",1,25.60,residential,6,,,,auto,
441,,307,230,229,1,"LINESTRING (119.908465 42.283959, 119.908479 42.283996)",1,4.27,residential,6,,,,auto,
442,,307,229,230,1,"LINESTRING (119.908479 42.283996, 119.908465 42.283959)",1,4.27,residential,6,,,,auto,
443,,308,231,229,1,"LINESTRING (119.908527 42.284125, 119.908479 42.283996)",1,14.88,residential,6,,,,auto,
444,,308,229,231,1,"LINESTRING (119.908479 42.283996, 119.908527 42.284125)",1,14.88,residential,6,,,,auto,
445,,309,231,236,1,"LINESTRING (119.908527 42.284125, 119.908677 42.284479)",1,41.25,residential,6,,,,auto,
446,,309,236,231,1,"LINESTRING (119.908677 42.284479, 119.908527 42.284125)",1,41.25,residential,6,,,,auto,
447,,310,236,231,1,"LINESTRING (119.908677 42.284479, 119.908527 42.284125)",1,41.25,residential,6,,,,auto,
448,,310,231,236,1,"LINESTRING (119.908527 42.284125, 119.908677 42.284479)",1,41.25,residential,6,,,,auto,
449,,311,236,19,1,"LINESTRING (119.908677 42.284479, 119.909887 42.287326)",1,331.85,residential,6,,,,auto,
450,,311,19,236,1,"LINESTRING (119.909887 42.287326, 119.908677 42.284479)",1,331.85,residential,6,,,,auto,
451,,312,19,237,1,"LINESTRING (119.909887 42.287326, 119.911044 42.287224)",1,95.85,primary,3,,,,auto,
452,,313,19,236,1,"LINESTRING (119.909887 42.287326, 119.908677 42.284479)",1,331.85,residential,6,,,,auto,
453,,313,236,19,1,"LINESTRING (119.908677 42.284479, 119.909887 42.287326)",1,331.85,residential,6,,,,auto,
454,,314,28,238,1,"LINESTRING (119.917966 42.283122, 119.918757 42.28305)",1,65.56,residential,6,,,,auto,
455,,314,238,28,1,"LINESTRING (119.918757 42.28305, 119.917966 42.283122)",1,65.56,residential,6,,,,auto,
456,,315,28,239,1,"LINESTRING (119.917966 42.283122, 119.917852 42.283132)",1,9.44,residential,6,,,,auto,
457,,315,239,28,1,"LINESTRING (119.917852 42.283132, 119.917966 42.283122)",1,9.44,residential,6,,,,auto,
458,,316,28,240,1,"LINESTRING (119.917966 42.283122, 119.918503 42.286569)",1,385.83,tertiary,5,,,,auto,
459,,317,239,28,1,"LINESTRING (119.917852 42.283132, 119.917966 42.283122)",1,9.44,residential,6,,,,auto,
460,,317,28,239,1,"LINESTRING (119.917966 42.283122, 119.917852 42.283132)",1,9.44,residential,6,,,,auto,
461,,318,239,32,1,"LINESTRING (119.917852 42.283132, 119.915042 42.283388)",1,232.91,residential,6,,,,auto,
462,,318,32,239,1,"LINESTRING (119.915042 42.283388, 119.917852 42.283132)",1,232.91,residential,6,,,,auto,
463,,319,239,27,1,"LINESTRING (119.917852 42.283132, 119.917512 42.280939)",1,245.45,tertiary,5,,,,auto,
464,,320,32,239,1,"LINESTRING (119.915042 42.283388, 119.917852 42.283132)",1,232.91,residential,6,,,,auto,
465,,320,239,32,1,"LINESTRING (119.917852 42.283132, 119.915042 42.283388)",1,232.91,residential,6,,,,auto,
466,,321,32,241,1,"LINESTRING (119.915042 42.283388, 119.914874 42.283403)",1,13.92,residential,6,,,,auto,
467,,321,241,32,1,"LINESTRING (119.914874 42.283403, 119.915042 42.283388)",1,13.92,residential,6,,,,auto,
468,,322,32,242,1,"LINESTRING (119.915042 42.283388, 119.91523 42.284552)",1,130.35,residential,6,,,,auto,
469,,323,241,32,1,"LINESTRING (119.914874 42.283403, 119.915042 42.283388)",1,13.92,residential,6,,,,auto,
470,,323,32,241,1,"LINESTRING (119.915042 42.283388, 119.914874 42.283403)",1,13.92,residential,6,,,,auto,
471,,324,241,243,1,"LINESTRING (119.914874 42.283403, 119.913694 42.28351)",1,97.80,residential,6,,,,auto,
472,,324,243,241,1,"LINESTRING (119.913694 42.28351, 119.914874 42.283403)",1,97.80,residential,6,,,,auto,
473,,325,241,31,1,"LINESTRING (119.914874 42.283403, 119.914518 42.2812)",1,246.71,residential,6,,,,auto,
474,,326,244,245,1,"LINESTRING (119.912097 42.283656, 119.913671 42.283512)",1,130.47,residential,6,,,,auto,
475,,326,245,244,1,"LINESTRING (119.913671 42.283512, 119.912097 42.283656)",1,130.47,residential,6,,,,auto,
476,,327,244,46,1,"LINESTRING (119.912097 42.283656, 119.911994 42.283665)",1,8.53,residential,6,,,,auto,
477,,327,46,244,1,"LINESTRING (119.911994 42.283665, 119.912097 42.283656)",1,8.53,residential,6,,,,auto,
478,迎宾大道,328,244,246,1,"LINESTRING (119.912097 42.283656, 119.912261 42.284725)",1,119.63,secondary,4,,3,,auto,
479,,329,247,248,1,"LINESTRING (119.921351 42.282814, 119.921796 42.282738)",1,37.57,unclassified,20,,,,auto,
480,,329,248,247,1,"LINESTRING (119.921796 42.282738, 119.921351 42.282814)",1,37.57,unclassified,20,,,,auto,
481,,330,247,249,1,"LINESTRING (119.921351 42.282814, 119.921268 42.282822)",1,6.89,unclassified,20,,,,auto,
482,,330,249,247,1,"LINESTRING (119.921268 42.282822, 119.921351 42.282814)",1,6.89,unclassified,20,,,,auto,
483,,331,238,249,1,"LINESTRING (119.918757 42.28305, 119.921268 42.282822)",1,208.12,residential,6,,,,auto,
484,,331,249,238,1,"LINESTRING (119.921268 42.282822, 119.918757 42.28305)",1,208.12,residential,6,,,,auto,
485,,332,238,28,1,"LINESTRING (119.918757 42.28305, 119.917966 42.283122)",1,65.56,residential,6,,,,auto,
486,,332,28,238,1,"LINESTRING (119.917966 42.283122, 119.918757 42.28305)",1,65.56,residential,6,,,,auto,
487,,333,46,244,1,"LINESTRING (119.911994 42.283665, 119.912097 42.283656)",1,8.53,residential,6,,,,auto,
488,,333,244,46,1,"LINESTRING (119.912097 42.283656, 119.911994 42.283665)",1,8.53,residential,6,,,,auto,
489,,334,46,250,1,"LINESTRING (119.911994 42.283665, 119.911525 42.283742)",1,39.52,residential,6,,,,auto,
490,迎宾大道,335,46,251,1,"LINESTRING (119.911994 42.283665, 119.911816 42.282508)",1,129.48,secondary,4,,3,,auto,
491,,336,252,46,1,"LINESTRING (119.911506 42.28365, 119.911994 42.283665)",1,40.18,residential,6,,,,auto,
492,,337,250,47,1,"LINESTRING (119.911525 42.283742, 119.909886 42.283904)",1,136.03,residential,6,,,,auto,
493,,338,232,253,1,"LINESTRING (119.908756 42.283904, 119.909797 42.283808)",1,86.30,residential,6,,,,auto,
494,,339,48,229,1,"LINESTRING (119.908808 42.28401, 119.908479 42.283996)",1,27.11,residential,6,,,,auto,
495,,340,254,255,1,"LINESTRING (119.917201 42.278209, 119.917217 42.278311)",1,11.42,tertiary,5,,,,auto,
496,,341,254,256,1,"LINESTRING (119.917201 42.278209, 119.920098 42.277911)",1,240.63,tertiary,5,,,,auto,
497,,342,257,258,1,"LINESTRING (119.91709 42.27822, 119.917008 42.27769)",1,59.32,tertiary,5,,,,auto,
498,,343,257,254,1,"LINESTRING (119.91709 42.27822, 119.917201 42.278209)",1,9.21,tertiary,5,,,,auto,
499,,344,255,25,1,"LINESTRING (119.917217 42.278311, 119.917625 42.28093)",1,293.15,tertiary,5,,,,auto,
500,,345,255,259,1,"LINESTRING (119.917217 42.278311, 119.917106 42.278323)",1,9.23,tertiary,5,,,,auto,
501,,346,259,257,1,"LINESTRING (119.917106 42.278323, 119.91709 42.27822)",1,11.53,tertiary,5,,,,auto,
502,,347,259,260,1,"LINESTRING (119.917106 42.278323, 119.914271 42.278614)",1,235.47,tertiary,5,,,,auto,
503,,348,240,15,1,"LINESTRING (119.918503 42.286569, 119.921598 42.286297)",1,256.39,primary,3,,,,auto,
504,,349,240,261,1,"LINESTRING (119.918503 42.286569, 119.918516 42.286651)",1,9.18,tertiary,5,,,,auto,
505,,350,261,57,1,"LINESTRING (119.918516 42.286651, 119.9184 42.286661)",1,9.61,primary,3,,,,auto,
506,,351,261,262,1,"LINESTRING (119.918516 42.286651, 119.918884 42.289039)",1,267.25,tertiary,5,,,,auto,
507,,352,263,240,1,"LINESTRING (119.918387 42.286579, 119.918503 42.286569)",1,9.61,primary,3,,,,auto,
508,,353,263,239,1,"LINESTRING (119.918387 42.286579, 119.917852 42.283132)",1,385.81,tertiary,5,,,,auto,
509,,354,57,264,1,"LINESTRING (119.9184 42.286661, 119.91561 42.286903)",1,231.08,primary,3,,,,auto,
510,,355,57,263,1,"LINESTRING (119.9184 42.286661, 119.918387 42.286579)",1,9.18,tertiary,5,,,,auto,
511,,356,265,266,1,"LINESTRING (119.918922 42.289282, 119.91926 42.291473)",1,245.21,tertiary,5,,,,auto,
512,,357,265,53,1,"LINESTRING (119.918922 42.289282, 119.918806 42.289292)",1,9.61,residential,6,,,,auto,
513,,357,53,265,1,"LINESTRING (119.918806 42.289292, 119.918922 42.289282)",1,9.61,residential,6,,,,auto,
514,,358,53,267,1,"LINESTRING (119.918806 42.289292, 119.918773 42.28908)",1,23.73,tertiary,5,,,,auto,
515,,359,53,265,1,"LINESTRING (119.918806 42.289292, 119.918922 42.289282)",1,9.61,residential,6,,,,auto,
516,,359,265,53,1,"LINESTRING (119.918922 42.289282, 119.918806 42.289292)",1,9.61,residential,6,,,,auto,
517,,360,53,52,1,"LINESTRING (119.918806 42.289292, 119.91689 42.289461)",1,158.72,residential,6,,,,auto,
518,,360,52,53,1,"LINESTRING (119.91689 42.289461, 119.918806 42.289292)",1,158.72,residential,6,,,,auto,
519,,361,268,269,1,"LINESTRING (119.92 42.297034, 119.919424 42.293303)",1,417.56,tertiary,5,,,,auto,
520,,362,270,271,1,"LINESTRING (119.920118 42.297033, 119.920128 42.2971)",1,7.50,tertiary,5,,,,auto,
521,,363,272,254,1,"LINESTRING (119.917114 42.277649, 119.917201 42.278209)",1,62.68,tertiary,5,,,,auto,
522,,364,262,265,1,"LINESTRING (119.918884 42.289039, 119.918922 42.289282)",1,27.20,tertiary,5,,,,auto,
523,,365,258,273,1,"LINESTRING (119.917008 42.27769, 119.916523 42.274628)",1,342.81,tertiary,5,,,,auto,
524,,366,267,50,1,"LINESTRING (119.918773 42.28908, 119.918644 42.288245)",1,93.45,tertiary,5,,,,auto,
525,,367,274,275,1,"LINESTRING (119.911626 42.289927, 119.911714 42.289919)",1,7.29,residential,6,,,,auto,
526,,367,275,274,1,"LINESTRING (119.911714 42.289919, 119.911626 42.289927)",1,7.29,residential,6,,,,auto,
527,,368,56,54,1,"LINESTRING (119.913038 42.289802, 119.914961 42.289632)",1,159.31,residential,6,,,,auto,
528,,368,54,56,1,"LINESTRING (119.914961 42.289632, 119.913038 42.289802)",1,159.31,residential,6,,,,auto,
529,,369,56,276,1,"LINESTRING (119.913038 42.289802, 119.912935 42.289811)",1,8.53,residential,6,,,,auto,
530,,369,276,56,1,"LINESTRING (119.912935 42.289811, 119.913038 42.289802)",1,8.53,residential,6,,,,auto,
531,迎宾大道,370,56,277,1,"LINESTRING (119.913038 42.289802, 119.913164 42.290625)",1,92.10,secondary,4,,3,,auto,
532,,371,276,56,1,"LINESTRING (119.912935 42.289811, 119.913038 42.289802)",1,8.53,residential,6,,,,auto,
533,,371,56,276,1,"LINESTRING (119.913038 42.289802, 119.912935 42.289811)",1,8.53,residential,6,,,,auto,
534,,372,276,275,1,"LINESTRING (119.912935 42.289811, 119.911714 42.289919)",1,101.15,residential,6,,,,auto,
535,,372,275,276,1,"LINESTRING (119.911714 42.289919, 119.912935 42.289811)",1,101.15,residential,6,,,,auto,
536,迎宾大道,373,276,278,1,"LINESTRING (119.912935 42.289811, 119.912532 42.287171)",1,295.42,secondary,4,,3,,auto,
537,迎宾大道,374,279,280,1,"LINESTRING (119.911249 42.27882, 119.910954 42.276963)",1,207.91,secondary,4,,3,,auto,
538,,375,279,281,1,"LINESTRING (119.911249 42.27882, 119.911353 42.278809)",1,8.64,tertiary,5,,,,auto,
539,迎宾大道,376,281,282,1,"LINESTRING (119.911353 42.278809, 119.911368 42.278912)",1,11.52,secondary,4,,3,,auto,
540,,377,281,283,1,"LINESTRING (119.911353 42.278809, 119.914086 42.278529)",1,226.99,tertiary,5,,,,auto,
541,迎宾大道,378,282,284,1,"LINESTRING (119.911368 42.278912, 119.911385 42.279021)",1,12.20,secondary,4,,3,,auto,
542,,379,282,285,1,"LINESTRING (119.911368 42.278912, 119.911265 42.278923)",1,8.56,tertiary,5,,,,auto,
543,迎宾大道,380,285,279,1,"LINESTRING (119.911265 42.278923, 119.911249 42.27882)",1,11.53,secondary,4,,3,,auto,
544,,381,285,233,1,"LINESTRING (119.911265 42.278923, 119.908014 42.279257)",1,270.03,tertiary,5,,,,auto,
545,,382,286,287,1,"LINESTRING (119.912624 42.287085, 119.915429 42.286839)",1,232.36,primary,3,,,,auto,
546,迎宾大道,383,286,288,1,"LINESTRING (119.912624 42.287085, 119.912636 42.287162)",1,8.62,secondary,4,,3,,auto,
547,,384,289,286,1,"LINESTRING (119.91252 42.287094, 119.912624 42.287085)",1,8.61,primary,3,,,,auto,
548,迎宾大道,385,289,45,1,"LINESTRING (119.91252 42.287094, 119.912351 42.285989)",1,123.65,secondary,4,,3,,auto,
549,,386,288,278,1,"LINESTRING (119.912636 42.287162, 119.912532 42.287171)",1,8.61,primary,3,,,,auto,
550,迎宾大道,387,288,55,1,"LINESTRING (119.912636 42.287162, 119.912879 42.288757)",1,178.48,secondary,4,,3,,auto,
551,,388,278,290,1,"LINESTRING (119.912532 42.287171, 119.91106 42.287298)",1,121.91,primary,3,,,,auto,
552,迎宾大道,389,278,289,1,"LINESTRING (119.912532 42.287171, 119.91252 42.287094)",1,8.62,secondary,4,,3,,auto,
553,迎宾大道,390,291,292,1,"LINESTRING (119.910788 42.27539, 119.911046 42.276953)",1,175.09,secondary,4,,3,,auto,
554,迎宾大道,391,277,293,1,"LINESTRING (119.913164 42.290625, 119.913228 42.291003)",1,42.36,secondary,4,,3,,auto,
555,迎宾大道,392,294,295,1,"LINESTRING (119.910706 42.275403, 119.910666 42.275144)",1,28.99,secondary,4,,3,,auto,
556,迎宾大道,393,296,276,1,"LINESTRING (119.91306 42.29063, 119.912935 42.289811)",1,91.65,secondary,4,,3,,auto,
557,,394,297,298,1,"LINESTRING (119.902198 42.281082, 119.903294 42.280954)",1,91.28,residential,6,,,,auto,
558,,394,298,297,1,"LINESTRING (119.903294 42.280954, 119.902198 42.281082)",1,91.28,residential,6,,,,auto,
559,,395,297,299,1,"LINESTRING (119.902198 42.281082, 119.900844 42.28121)",1,112.30,residential,6,,,,auto,
560,,395,299,297,1,"LINESTRING (119.900844 42.28121, 119.902198 42.281082)",1,112.30,residential,6,,,,auto,
561,,396,297,300,1,"LINESTRING (119.902198 42.281082, 119.902186 42.281012)",1,7.85,unclassified,20,,,,auto,
562,,396,300,297,1,"LINESTRING (119.902186 42.281012, 119.902198 42.281082)",1,7.85,unclassified,20,,,,auto,
563,,397,297,301,1,"LINESTRING (119.902198 42.281082, 119.902261 42.28146)",1,42.35,unclassified,20,,,,auto,
564,,397,301,297,1,"LINESTRING (119.902261 42.28146, 119.902198 42.281082)",1,42.35,unclassified,20,,,,auto,
565,,398,299,297,1,"LINESTRING (119.900844 42.28121, 119.902198 42.281082)",1,112.30,residential,6,,,,auto,
566,,398,297,299,1,"LINESTRING (119.902198 42.281082, 119.900844 42.28121)",1,112.30,residential,6,,,,auto,
567,,399,299,302,1,"LINESTRING (119.900844 42.28121, 119.899582 42.281335)",1,104.75,residential,6,,,,auto,
568,,399,302,299,1,"LINESTRING (119.899582 42.281335, 119.900844 42.28121)",1,104.75,residential,6,,,,auto,
569,,400,299,303,1,"LINESTRING (119.900844 42.28121, 119.900635 42.279951)",1,141.05,residential,6,,,,auto,
570,,400,303,299,1,"LINESTRING (119.900635 42.279951, 119.900844 42.28121)",1,141.05,residential,6,,,,auto,
571,,401,299,304,1,"LINESTRING (119.900844 42.28121, 119.901035 42.282359)",1,128.73,residential,6,,,,auto,
572,,401,304,299,1,"LINESTRING (119.901035 42.282359, 119.900844 42.28121)",1,128.73,residential,6,,,,auto,
573,,402,302,299,1,"LINESTRING (119.899582 42.281335, 119.900844 42.28121)",1,104.75,residential,6,,,,auto,
574,,402,299,302,1,"LINESTRING (119.900844 42.28121, 119.899582 42.281335)",1,104.75,residential,6,,,,auto,
575,,403,302,305,1,"LINESTRING (119.899582 42.281335, 119.899775 42.282457)",1,125.77,secondary,4,,,,auto,
576,,404,303,306,1,"LINESTRING (119.900635 42.279951, 119.901973 42.279812)",1,111.16,tertiary,5,,,,auto,
577,,404,306,303,1,"LINESTRING (119.901973 42.279812, 119.900635 42.279951)",1,111.16,tertiary,5,,,,auto,
578,,405,303,307,1,"LINESTRING (119.900635 42.279951, 119.899575 42.280061)",1,88.06,tertiary,5,,,,auto,
579,,405,307,303,1,"LINESTRING (119.899575 42.280061, 119.900635 42.279951)",1,88.06,tertiary,5,,,,auto,
580,,406,303,299,1,"LINESTRING (119.900635 42.279951, 119.900844 42.28121)",1,141.05,residential,6,,,,auto,
581,,406,299,303,1,"LINESTRING (119.900844 42.28121, 119.900635 42.279951)",1,141.05,residential,6,,,,auto,
582,,407,308,309,1,"LINESTRING (119.901417 42.284659, 119.901228 42.283519)",1,127.71,residential,6,,,,auto,
583,,407,309,308,1,"LINESTRING (119.901228 42.283519, 119.901417 42.284659)",1,127.71,residential,6,,,,auto,
584,,408,308,310,1,"LINESTRING (119.901417 42.284659, 119.90196 42.288006)",1,374.84,residential,6,,,,auto,
585,,408,310,308,1,"LINESTRING (119.90196 42.288006, 119.901417 42.284659)",1,374.84,residential,6,,,,auto,
586,,409,308,311,1,"LINESTRING (119.901417 42.284659, 119.902812 42.284528)",1,115.68,tertiary,5,,,,auto,
587,,409,311,308,1,"LINESTRING (119.902812 42.284528, 119.901417 42.284659)",1,115.68,tertiary,5,,,,auto,
588,,410,308,312,1,"LINESTRING (119.901417 42.284659, 119.900174 42.284776)",1,103.08,tertiary,5,,,,auto,
589,,410,312,308,1,"LINESTRING (119.900174 42.284776, 119.901417 42.284659)",1,103.08,tertiary,5,,,,auto,
590,,411,310,308,1,"LINESTRING (119.90196 42.288006, 119.901417 42.284659)",1,374.84,residential,6,,,,auto,
591,,411,308,310,1,"LINESTRING (119.901417 42.284659, 119.90196 42.288006)",1,374.84,residential,6,,,,auto,
592,,412,310,313,1,"LINESTRING (119.90196 42.288006, 119.901974 42.288093)",1,9.74,residential,6,,,,auto,
593,,412,313,310,1,"LINESTRING (119.901974 42.288093, 119.90196 42.288006)",1,9.74,residential,6,,,,auto,
594,,413,310,314,1,"LINESTRING (119.90196 42.288006, 119.903299 42.287895)",1,110.83,primary,3,,3,,auto,
595,,414,315,306,1,"LINESTRING (119.901827 42.278845, 119.901973 42.279812)",1,108.19,unclassified,20,,,,auto,
596,,414,306,315,1,"LINESTRING (119.901973 42.279812, 119.901827 42.278845)",1,108.19,unclassified,20,,,,auto,
597,,415,306,138,1,"LINESTRING (119.901973 42.279812, 119.905324 42.279463)",1,278.40,tertiary,5,,,,auto,
598,,415,138,306,1,"LINESTRING (119.905324 42.279463, 119.901973 42.279812)",1,278.40,tertiary,5,,,,auto,
599,,416,306,303,1,"LINESTRING (119.901973 42.279812, 119.900635 42.279951)",1,111.16,tertiary,5,,,,auto,
600,,416,303,306,1,"LINESTRING (119.900635 42.279951, 119.901973 42.279812)",1,111.16,tertiary,5,,,,auto,
601,,417,306,315,1,"LINESTRING (119.901973 42.279812, 119.901827 42.278845)",1,108.19,unclassified,20,,,,auto,
602,,417,315,306,1,"LINESTRING (119.901827 42.278845, 119.901973 42.279812)",1,108.19,unclassified,20,,,,auto,
603,,418,306,300,1,"LINESTRING (119.901973 42.279812, 119.902186 42.281012)",1,134.58,unclassified,20,,,,auto,
604,,418,300,306,1,"LINESTRING (119.902186 42.281012, 119.901973 42.279812)",1,134.58,unclassified,20,,,,auto,
605,,419,300,306,1,"LINESTRING (119.902186 42.281012, 119.901973 42.279812)",1,134.58,unclassified,20,,,,auto,
606,,419,306,300,1,"LINESTRING (119.901973 42.279812, 119.902186 42.281012)",1,134.58,unclassified,20,,,,auto,
607,,420,300,297,1,"LINESTRING (119.902186 42.281012, 119.902198 42.281082)",1,7.85,unclassified,20,,,,auto,
608,,420,297,300,1,"LINESTRING (119.902198 42.281082, 119.902186 42.281012)",1,7.85,unclassified,20,,,,auto,
609,,421,301,297,1,"LINESTRING (119.902261 42.28146, 119.902198 42.281082)",1,42.35,unclassified,20,,,,auto,
610,,421,297,301,1,"LINESTRING (119.902198 42.281082, 119.902261 42.28146)",1,42.35,unclassified,20,,,,auto,
611,,422,301,316,1,"LINESTRING (119.902261 42.28146, 119.90232 42.281774)",1,35.25,unclassified,20,,,,auto,
612,,422,316,301,1,"LINESTRING (119.90232 42.281774, 119.902261 42.28146)",1,35.25,unclassified,20,,,,auto,
613,,423,316,301,1,"LINESTRING (119.90232 42.281774, 119.902261 42.28146)",1,35.25,unclassified,20,,,,auto,
614,,423,301,316,1,"LINESTRING (119.902261 42.28146, 119.90232 42.281774)",1,35.25,unclassified,20,,,,auto,
615,,424,316,317,1,"LINESTRING (119.90232 42.281774, 119.902424 42.282231)",1,51.53,unclassified,20,,,,auto,
616,,424,317,316,1,"LINESTRING (119.902424 42.282231, 119.90232 42.281774)",1,51.53,unclassified,20,,,,auto,
617,,425,318,317,1,"LINESTRING (119.902449 42.282341, 119.902424 42.282231)",1,12.40,unclassified,20,,,,auto,
618,,425,317,318,1,"LINESTRING (119.902424 42.282231, 119.902449 42.282341)",1,12.40,unclassified,20,,,,auto,
619,,426,318,319,1,"LINESTRING (119.902449 42.282341, 119.902638 42.283251)",1,102.37,unclassified,20,,,,auto,
620,,426,319,318,1,"LINESTRING (119.902638 42.283251, 119.902449 42.282341)",1,102.37,unclassified,20,,,,auto,
621,,427,320,321,1,"LINESTRING (119.902685 42.283478, 119.902665 42.283382)",1,10.80,unclassified,20,,,,auto,
622,,427,321,320,1,"LINESTRING (119.902665 42.283382, 119.902685 42.283478)",1,10.80,unclassified,20,,,,auto,
623,,428,320,311,1,"LINESTRING (119.902685 42.283478, 119.902812 42.284528)",1,117.22,unclassified,20,,,,auto,
624,,428,311,320,1,"LINESTRING (119.902812 42.284528, 119.902685 42.283478)",1,117.22,unclassified,20,,,,auto,
625,,429,311,320,1,"LINESTRING (119.902812 42.284528, 119.902685 42.283478)",1,117.22,unclassified,20,,,,auto,
626,,429,320,311,1,"LINESTRING (119.902685 42.283478, 119.902812 42.284528)",1,117.22,unclassified,20,,,,auto,
627,,430,311,314,1,"LINESTRING (119.902812 42.284528, 119.903299 42.287895)",1,376.53,unclassified,20,,,,auto,
628,,430,314,311,1,"LINESTRING (119.903299 42.287895, 119.902812 42.284528)",1,376.53,unclassified,20,,,,auto,
629,,431,311,322,1,"LINESTRING (119.902812 42.284528, 119.904004 42.284416)",1,98.85,tertiary,5,,,,auto,
630,,431,322,311,1,"LINESTRING (119.904004 42.284416, 119.902812 42.284528)",1,98.85,tertiary,5,,,,auto,
631,,432,311,308,1,"LINESTRING (119.902812 42.284528, 119.901417 42.284659)",1,115.68,tertiary,5,,,,auto,
632,,432,308,311,1,"LINESTRING (119.901417 42.284659, 119.902812 42.284528)",1,115.68,tertiary,5,,,,auto,
633,,433,314,311,1,"LINESTRING (119.903299 42.287895, 119.902812 42.284528)",1,376.53,unclassified,20,,,,auto,
634,,433,311,314,1,"LINESTRING (119.902812 42.284528, 119.903299 42.287895)",1,376.53,unclassified,20,,,,auto,
635,,434,314,323,1,"LINESTRING (119.903299 42.287895, 119.906616 42.28761)",1,274.69,primary,3,,3,,auto,
636,,435,324,260,1,"LINESTRING (119.914254 42.278511, 119.914271 42.278614)",1,11.54,residential,6,,,,auto,
637,,436,324,257,1,"LINESTRING (119.914254 42.278511, 119.91709 42.27822)",1,235.55,tertiary,5,,,,auto,
638,,437,283,325,1,"LINESTRING (119.914086 42.278529, 119.914055 42.278333)",1,21.94,residential,6,,,,auto,
639,,438,283,324,1,"LINESTRING (119.914086 42.278529, 119.914254 42.278511)",1,13.97,tertiary,5,,,,auto,
640,,439,260,326,1,"LINESTRING (119.914271 42.278614, 119.914288 42.278721)",1,11.98,residential,6,,,,auto,
641,,440,260,327,1,"LINESTRING (119.914271 42.278614, 119.914103 42.278631)",1,13.95,tertiary,5,,,,auto,
642,,441,327,283,1,"LINESTRING (119.914103 42.278631, 119.914086 42.278529)",1,11.43,residential,6,,,,auto,
643,,442,327,282,1,"LINESTRING (119.914103 42.278631, 119.911368 42.278912)",1,227.17,tertiary,5,,,,auto,
644,,443,328,329,1,"LINESTRING (119.915597 42.286824, 119.916683 42.286728)",1,89.97,primary,3,,,,auto,
645,,444,328,264,1,"LINESTRING (119.915597 42.286824, 119.91561 42.286903)",1,8.85,residential,6,,,,auto,
646,,445,287,328,1,"LINESTRING (119.915429 42.286839, 119.915597 42.286824)",1,13.92,primary,3,,,,auto,
647,,446,287,330,1,"LINESTRING (119.915429 42.286839, 119.915404 42.286683)",1,17.47,residential,6,,,,auto,
648,,447,264,331,1,"LINESTRING (119.91561 42.286903, 119.915442 42.286918)",1,13.92,primary,3,,,,auto,
649,,448,331,288,1,"LINESTRING (119.915442 42.286918, 119.912636 42.287162)",1,232.41,primary,3,,,,auto,
650,,449,331,287,1,"LINESTRING (119.915442 42.286918, 119.915429 42.286839)",1,8.85,residential,6,,,,auto,
651,,450,332,324,1,"LINESTRING (119.914222 42.278316, 119.914254 42.278511)",1,21.84,residential,6,,,,auto,
652,,451,333,328,1,"LINESTRING (119.915572 42.286666, 119.915597 42.286824)",1,17.69,residential,6,,,,auto,
653,,452,325,334,1,"LINESTRING (119.914055 42.278333, 119.913499 42.274895)",1,385.02,residential,6,,,,auto,
654,,453,330,335,1,"LINESTRING (119.915404 42.286683, 119.915106 42.284842)",1,206.17,residential,6,,,,auto,
655,,454,256,336,1,"LINESTRING (119.920098 42.277911, 119.920495 42.27787)",1,32.98,tertiary,5,,,,auto,
656,,455,337,338,1,"LINESTRING (119.90754 42.279201, 119.907999 42.279154)",1,38.12,tertiary,5,,,,auto,
657,,456,339,255,1,"LINESTRING (119.920119 42.278013, 119.917217 42.278311)",1,241.04,tertiary,5,,,,auto,
658,,457,235,340,1,"LINESTRING (119.907561 42.279303, 119.907245 42.279276)",1,26.17,tertiary,5,,,,auto,
659,,458,340,337,1,"LINESTRING (119.907245 42.279276, 119.90754 42.279201)",1,25.66,tertiary,5,,,,auto,
660,,459,340,341,1,"LINESTRING (119.907245 42.279276, 119.905452 42.27945)",1,148.77,tertiary,5,,,,auto,
661,,459,341,340,1,"LINESTRING (119.905452 42.27945, 119.907245 42.279276)",1,148.77,tertiary,5,,,,auto,
662,,460,341,138,1,"LINESTRING (119.905452 42.27945, 119.905324 42.279463)",1,10.63,tertiary,5,,,,auto,
663,,460,138,341,1,"LINESTRING (119.905324 42.279463, 119.905452 42.27945)",1,10.63,tertiary,5,,,,auto,
664,,461,341,340,1,"LINESTRING (119.905452 42.27945, 119.907245 42.279276)",1,148.77,tertiary,5,,,,auto,
665,,461,340,341,1,"LINESTRING (119.907245 42.279276, 119.905452 42.27945)",1,148.77,tertiary,5,,,,auto,
666,,462,342,14,1,"LINESTRING (119.899262 42.280069, 119.899364 42.280066)",1,8.40,tertiary,5,,,,auto,
667,,462,14,342,1,"LINESTRING (119.899364 42.280066, 119.899262 42.280069)",1,8.40,tertiary,5,,,,auto,
668,,463,342,343,1,"LINESTRING (119.899262 42.280069, 119.899061 42.280073)",1,16.54,tertiary,5,,,,auto,
669,,463,343,342,1,"LINESTRING (119.899061 42.280073, 119.899262 42.280069)",1,16.54,tertiary,5,,,,auto,
670,,464,342,9,1,"LINESTRING (119.899262 42.280069, 119.899246 42.279968)",1,11.31,secondary,4,,,,auto,
671,,465,14,307,1,"LINESTRING (119.899364 42.280066, 119.899575 42.280061)",1,17.37,tertiary,5,,,,auto,
672,,465,307,14,1,"LINESTRING (119.899575 42.280061, 119.899364 42.280066)",1,17.37,tertiary,5,,,,auto,
673,,466,14,342,1,"LINESTRING (119.899364 42.280066, 119.899262 42.280069)",1,8.40,tertiary,5,,,,auto,
674,,466,342,14,1,"LINESTRING (119.899262 42.280069, 119.899364 42.280066)",1,8.40,tertiary,5,,,,auto,
675,,467,14,302,1,"LINESTRING (119.899364 42.280066, 119.899582 42.281335)",1,142.24,secondary,4,,,,auto,
676,,468,307,303,1,"LINESTRING (119.899575 42.280061, 119.900635 42.279951)",1,88.06,tertiary,5,,,,auto,
677,,468,303,307,1,"LINESTRING (119.900635 42.279951, 119.899575 42.280061)",1,88.06,tertiary,5,,,,auto,
678,,469,307,14,1,"LINESTRING (119.899575 42.280061, 119.899364 42.280066)",1,17.37,tertiary,5,,,,auto,
679,,469,14,307,1,"LINESTRING (119.899364 42.280066, 119.899575 42.280061)",1,17.37,tertiary,5,,,,auto,
680,,470,138,137,1,"LINESTRING (119.905324 42.279463, 119.905195 42.278124)",1,149.27,unclassified,20,,,,auto,
681,,470,137,138,1,"LINESTRING (119.905195 42.278124, 119.905324 42.279463)",1,149.27,unclassified,20,,,,auto,
682,,471,138,341,1,"LINESTRING (119.905324 42.279463, 119.905452 42.27945)",1,10.63,tertiary,5,,,,auto,
683,,471,341,138,1,"LINESTRING (119.905452 42.27945, 119.905324 42.279463)",1,10.63,tertiary,5,,,,auto,
684,,472,138,306,1,"LINESTRING (119.905324 42.279463, 119.901973 42.279812)",1,278.40,tertiary,5,,,,auto,
685,,472,306,138,1,"LINESTRING (119.901973 42.279812, 119.905324 42.279463)",1,278.40,tertiary,5,,,,auto,
686,,473,138,344,1,"LINESTRING (119.905324 42.279463, 119.905476 42.280629)",1,130.25,tertiary,5,,,,auto,
687,,473,344,138,1,"LINESTRING (119.905476 42.280629, 119.905324 42.279463)",1,130.25,tertiary,5,,,,auto,
688,,474,345,346,1,"LINESTRING (119.905986 42.28423, 119.905816 42.283125)",1,123.66,tertiary,5,,,,auto,
689,,474,346,345,1,"LINESTRING (119.905816 42.283125, 119.905986 42.28423)",1,123.66,tertiary,5,,,,auto,
690,,475,345,347,1,"LINESTRING (119.905986 42.28423, 119.906116 42.284923)",1,77.80,tertiary,5,,,,auto,
691,,475,347,345,1,"LINESTRING (119.906116 42.284923, 119.905986 42.28423)",1,77.80,tertiary,5,,,,auto,
692,,476,345,348,1,"LINESTRING (119.905986 42.28423, 119.904661 42.284355)",1,109.88,tertiary,5,,,,auto,
693,,476,348,345,1,"LINESTRING (119.904661 42.284355, 119.905986 42.28423)",1,109.88,tertiary,5,,,,auto,
694,,478,349,344,1,"LINESTRING (119.905721 42.282508, 119.905476 42.280629)",1,209.91,tertiary,5,,,,auto,
695,,478,344,349,1,"LINESTRING (119.905476 42.280629, 119.905721 42.282508)",1,209.91,tertiary,5,,,,auto,
696,,479,349,346,1,"LINESTRING (119.905721 42.282508, 119.905816 42.283125)",1,69.05,tertiary,5,,,,auto,
697,,479,346,349,1,"LINESTRING (119.905816 42.283125, 119.905721 42.282508)",1,69.05,tertiary,5,,,,auto,
698,,480,347,345,1,"LINESTRING (119.906116 42.284923, 119.905986 42.28423)",1,77.80,tertiary,5,,,,auto,
699,,480,345,347,1,"LINESTRING (119.905986 42.28423, 119.906116 42.284923)",1,77.80,tertiary,5,,,,auto,
700,,481,347,323,1,"LINESTRING (119.906116 42.284923, 119.906616 42.28761)",1,301.60,tertiary,5,,,,auto,
701,,481,323,347,1,"LINESTRING (119.906616 42.28761, 119.906116 42.284923)",1,301.60,tertiary,5,,,,auto,
702,,482,323,347,1,"LINESTRING (119.906616 42.28761, 119.906116 42.284923)",1,301.60,tertiary,5,,,,auto,
703,,482,347,323,1,"LINESTRING (119.906116 42.284923, 119.906616 42.28761)",1,301.60,tertiary,5,,,,auto,
704,,483,323,11,1,"LINESTRING (119.906616 42.28761, 119.906834 42.28759)",1,18.07,primary,3,,3,,auto,
705,,484,350,351,1,"LINESTRING (119.89726 42.285049, 119.898615 42.284922)",1,112.36,tertiary,5,,,,auto,
706,,484,351,350,1,"LINESTRING (119.898615 42.284922, 119.89726 42.285049)",1,112.36,tertiary,5,,,,auto,
707,,485,350,352,1,"LINESTRING (119.89726 42.285049, 119.897124 42.285062)",1,11.28,tertiary,5,,,,auto,
708,,485,352,350,1,"LINESTRING (119.897124 42.285062, 119.89726 42.285049)",1,11.28,tertiary,5,,,,auto,
709,,486,350,353,1,"LINESTRING (119.89726 42.285049, 119.897291 42.285259)",1,23.49,tertiary,5,,,,auto,
710,,487,312,308,1,"LINESTRING (119.900174 42.284776, 119.901417 42.284659)",1,103.08,tertiary,5,,,,auto,
711,,487,308,312,1,"LINESTRING (119.901417 42.284659, 119.900174 42.284776)",1,103.08,tertiary,5,,,,auto,
712,,488,312,354,1,"LINESTRING (119.900174 42.284776, 119.90002 42.28479)",1,12.76,tertiary,5,,,,auto,
713,,488,354,312,1,"LINESTRING (119.90002 42.28479, 119.900174 42.284776)",1,12.76,tertiary,5,,,,auto,
714,,489,312,355,1,"LINESTRING (119.900174 42.284776, 119.900697 42.28811)",1,373.21,secondary,4,,,,auto,
715,,490,354,312,1,"LINESTRING (119.90002 42.28479, 119.900174 42.284776)",1,12.76,tertiary,5,,,,auto,
716,,490,312,354,1,"LINESTRING (119.900174 42.284776, 119.90002 42.28479)",1,12.76,tertiary,5,,,,auto,
717,,491,354,356,1,"LINESTRING (119.90002 42.28479, 119.898661 42.284918)",1,112.70,tertiary,5,,,,auto,
718,,491,356,354,1,"LINESTRING (119.898661 42.284918, 119.90002 42.28479)",1,112.70,tertiary,5,,,,auto,
719,,492,354,357,1,"LINESTRING (119.90002 42.28479, 119.899653 42.282503)",1,256.09,secondary,4,,,,auto,
720,,493,352,350,1,"LINESTRING (119.897124 42.285062, 119.89726 42.285049)",1,11.28,tertiary,5,,,,auto,
721,,493,350,352,1,"LINESTRING (119.89726 42.285049, 119.897124 42.285062)",1,11.28,tertiary,5,,,,auto,
722,,494,228,358,1,"LINESTRING (119.898141 42.272962, 119.898397 42.274382)",1,159.30,secondary,4,,,,auto,
723,,495,359,13,1,"LINESTRING (119.898745 42.276316, 119.899348 42.279972)",1,409.54,secondary,4,,,,auto,
724,,496,360,227,1,"LINESTRING (119.898064 42.273119, 119.898014 42.272842)",1,31.07,secondary,4,,,,auto,
725,,497,361,360,1,"LINESTRING (119.898536 42.275814, 119.898064 42.273119)",1,302.18,secondary,4,,,,auto,
726,,498,362,20,1,"LINESTRING (119.901547 42.294371, 119.901516 42.294215)",1,17.53,primary,3,,,,auto,
727,,499,363,364,1,"LINESTRING (119.897654 42.288468, 119.898679 42.295146)",1,747.33,unclassified,20,,,,auto,
728,,499,364,363,1,"LINESTRING (119.898679 42.295146, 119.897654 42.288468)",1,747.33,unclassified,20,,,,auto,
729,,500,363,365,1,"LINESTRING (119.897654 42.288468, 119.897643 42.288366)",1,11.38,unclassified,20,,,,auto,
730,,500,365,363,1,"LINESTRING (119.897643 42.288366, 119.897654 42.288468)",1,11.38,unclassified,20,,,,auto,
731,,501,364,363,1,"LINESTRING (119.898679 42.295146, 119.897654 42.288468)",1,747.33,unclassified,20,,,,auto,
732,,501,363,364,1,"LINESTRING (119.897654 42.288468, 119.898679 42.295146)",1,747.33,unclassified,20,,,,auto,
733,,502,364,366,1,"LINESTRING (119.898679 42.295146, 119.899446 42.295072)",1,63.62,residential,6,,,,auto,
734,,502,366,364,1,"LINESTRING (119.899446 42.295072, 119.898679 42.295146)",1,63.62,residential,6,,,,auto,
735,,503,353,367,1,"LINESTRING (119.897291 42.285259, 119.897689 42.28826)",1,335.30,tertiary,5,,,,auto,
736,,504,367,365,1,"LINESTRING (119.897689 42.28826, 119.897643 42.288366)",1,12.38,tertiary,5,,,,auto,
737,,505,365,363,1,"LINESTRING (119.897643 42.288366, 119.897654 42.288468)",1,11.38,unclassified,20,,,,auto,
738,,505,363,365,1,"LINESTRING (119.897654 42.288468, 119.897643 42.288366)",1,11.38,unclassified,20,,,,auto,
739,,506,365,368,1,"LINESTRING (119.897643 42.288366, 119.897555 42.288272)",1,12.71,tertiary,5,,,,auto,
740,,507,365,369,1,"LINESTRING (119.897643 42.288366, 119.899169 42.288238)",1,126.33,secondary,4,,2,,auto,
741,,508,368,370,1,"LINESTRING (119.897555 42.288272, 119.897468 42.287482)",1,88.14,tertiary,5,,,,auto,
742,,509,343,342,1,"LINESTRING (119.899061 42.280073, 119.899262 42.280069)",1,16.54,tertiary,5,,,,auto,
743,,509,342,343,1,"LINESTRING (119.899262 42.280069, 119.899061 42.280073)",1,16.54,tertiary,5,,,,auto,
744,,510,343,371,1,"LINESTRING (119.899061 42.280073, 119.898346 42.280127)",1,59.13,tertiary,5,,,,auto,
745,,510,371,343,1,"LINESTRING (119.898346 42.280127, 119.899061 42.280073)",1,59.13,tertiary,5,,,,auto,
746,,511,372,352,1,"LINESTRING (119.897465 42.287459, 119.897124 42.285062)",1,268.01,tertiary,5,,,,auto,
747,,512,373,365,1,"LINESTRING (119.897447 42.288383, 119.897643 42.288366)",1,16.23,secondary,4,,2,,auto,
748,,513,224,374,1,"LINESTRING (119.922062 42.286258, 119.924114 42.286084)",1,169.91,primary,3,,,,auto,
749,,514,375,376,1,"LINESTRING (119.926353 42.289594, 119.926259 42.289199)",1,44.60,primary,3,,,,auto,
750,,515,377,378,1,"LINESTRING (119.9259 42.286034, 119.925942 42.286088)",1,6.93,primary,3,,,,auto,
751,,516,379,380,1,"LINESTRING (119.92568 42.28608, 119.925521 42.286058)",1,13.31,primary,3,,,,auto,
752,,517,381,379,1,"LINESTRING (119.92576 42.286145, 119.92568 42.28608)",1,9.77,primary,3,,,,auto,
753,,518,382,3,1,"LINESTRING (119.93695 42.292398, 119.937289 42.292495)",1,29.90,primary,3,,,,auto,
754,,519,383,382,1,"LINESTRING (119.928523 42.290818, 119.93695 42.292398)",1,715.07,primary,3,,,,auto,
755,,520,384,383,1,"LINESTRING (119.927284 42.290568, 119.928523 42.290818)",1,105.64,primary,3,,,,auto,
756,,521,385,384,1,"LINESTRING (119.927031 42.290445, 119.927284 42.290568)",1,24.90,primary,3,,,,auto,
757,,522,386,385,1,"LINESTRING (119.926822 42.290211, 119.927031 42.290445)",1,31.19,primary,3,,,,auto,
758,,523,387,386,1,"LINESTRING (119.926597 42.289771, 119.926822 42.290211)",1,52.31,primary,3,,,,auto,
759,,524,388,387,1,"LINESTRING (119.926495 42.289497, 119.926597 42.289771)",1,31.60,primary,3,,,,auto,
760,,525,389,388,1,"LINESTRING (119.926449 42.289233, 119.926495 42.289497)",1,29.60,primary,3,,,,auto,
761,,526,390,389,1,"LINESTRING (119.925985 42.286225, 119.926449 42.289233)",1,336.65,primary,3,,,,auto,
762,,527,378,390,1,"LINESTRING (119.925942 42.286088, 119.925985 42.286225)",1,15.64,primary,3,,,,auto,
763,,528,391,377,1,"LINESTRING (119.925749 42.285947, 119.9259 42.286034)",1,15.74,primary,3,,,,auto,
764,,529,392,391,1,"LINESTRING (119.925602 42.285959, 119.925749 42.285947)",1,12.17,primary,3,,,,auto,
765,,530,5,393,1,"LINESTRING (119.936907 42.292465, 119.93055 42.291302)",1,538.64,primary,3,,,,auto,
766,,531,393,394,1,"LINESTRING (119.93055 42.291302, 119.928517 42.290898)",1,173.15,primary,3,,,,auto,
767,,532,394,395,1,"LINESTRING (119.928517 42.290898, 119.927235 42.290628)",1,109.64,primary,3,,,,auto,
768,,533,395,165,1,"LINESTRING (119.927235 42.290628, 119.926967 42.290493)",1,26.67,primary,3,,,,auto,
769,,534,165,396,1,"LINESTRING (119.926967 42.290493, 119.926715 42.290255)",1,33.62,primary,3,,,,auto,
770,,535,165,164,1,"LINESTRING (119.926967 42.290493, 119.926849 42.290525)",1,10.34,unclassified,20,,,,auto,
771,,535,164,165,1,"LINESTRING (119.926849 42.290525, 119.926967 42.290493)",1,10.34,unclassified,20,,,,auto,
772,,536,396,397,1,"LINESTRING (119.926715 42.290255, 119.926436 42.289778)",1,57.79,primary,3,,,,auto,
773,,537,397,375,1,"LINESTRING (119.926436 42.289778, 119.926353 42.289594)",1,21.57,primary,3,,,,auto,
774,,538,376,398,1,"LINESTRING (119.926259 42.289199, 119.925811 42.286245)",1,330.53,primary,3,,,,auto,
775,,539,398,381,1,"LINESTRING (119.925811 42.286245, 119.92576 42.286145)",1,11.88,primary,3,,,,auto,
776,,540,380,399,1,"LINESTRING (119.925521 42.286058, 119.92184 42.28637)",1,304.78,primary,3,,,,auto,
777,,541,355,400,1,"LINESTRING (119.900697 42.28811, 119.900714 42.288204)",1,10.55,primary,3,,,,auto,
778,,542,355,310,1,"LINESTRING (119.900697 42.28811, 119.90196 42.288006)",1,104.53,primary,3,,3,,auto,
779,,543,401,355,1,"LINESTRING (119.900545 42.288122, 119.900697 42.28811)",1,12.57,primary,3,,3,,auto,
780,,544,401,402,1,"LINESTRING (119.900545 42.288122, 119.900064 42.285064)",1,342.33,secondary,4,,,,auto,
781,,545,400,403,1,"LINESTRING (119.900714 42.288204, 119.900732 42.28832)",1,12.98,primary,3,,,,auto,
782,,546,400,404,1,"LINESTRING (119.900714 42.288204, 119.900562 42.288216)",1,12.57,primary,3,,3,,auto,
783,,547,404,363,1,"LINESTRING (119.900562 42.288216, 119.897654 42.288468)",1,240.84,secondary,4,,2,,auto,
784,,548,404,401,1,"LINESTRING (119.900562 42.288216, 119.900545 42.288122)",1,10.55,primary,3,,,,auto,
785,,549,402,354,1,"LINESTRING (119.900064 42.285064, 119.90002 42.28479)",1,30.68,secondary,4,,,,auto,
786,,550,21,404,1,"LINESTRING (119.900578 42.288318, 119.900562 42.288216)",1,11.42,primary,3,,,,auto,
787,,551,403,405,1,"LINESTRING (119.900732 42.28832, 119.900894 42.289415)",1,122.49,primary,3,,,,auto,
788,,552,406,407,1,"LINESTRING (119.90502 42.305467, 119.904995 42.305586)",1,13.39,primary,3,,,,auto,
789,,552,407,406,1,"LINESTRING (119.904995 42.305586, 119.90502 42.305467)",1,13.39,primary,3,,,,auto,
790,,553,406,408,1,"LINESTRING (119.90502 42.305467, 119.905052 42.305268)",1,22.28,primary,3,,,,auto,
791,,553,408,406,1,"LINESTRING (119.905052 42.305268, 119.90502 42.305467)",1,22.28,primary,3,,,,auto,
792,迎宾大道,554,406,409,1,"LINESTRING (119.90502 42.305467, 119.906267 42.304796)",1,126.82,secondary,4,,3,,auto,
793,,555,407,406,1,"LINESTRING (119.904995 42.305586, 119.90502 42.305467)",1,13.39,primary,3,,,,auto,
794,,555,406,407,1,"LINESTRING (119.90502 42.305467, 119.904995 42.305586)",1,13.39,primary,3,,,,auto,
795,,556,407,410,1,"LINESTRING (119.904995 42.305586, 119.899313 42.30857)",1,573.08,primary,3,,2,,auto,
796,,557,407,411,1,"LINESTRING (119.904995 42.305586, 119.904952 42.305787)",1,22.63,primary,3,,,,auto,
797,,557,411,407,1,"LINESTRING (119.904952 42.305787, 119.904995 42.305586)",1,22.63,primary,3,,,,auto,
798,,558,412,413,1,"LINESTRING (119.902146 42.296854, 119.901982 42.296264)",1,66.98,primary,3,,,,auto,
799,,559,413,414,1,"LINESTRING (119.901982 42.296264, 119.901733 42.295296)",1,109.57,primary,3,,,,auto,
800,,560,414,362,1,"LINESTRING (119.901733 42.295296, 119.901547 42.294371)",1,103.99,primary,3,,,,auto,
801,,561,415,416,1,"LINESTRING (119.90224 42.29685, 119.902245 42.297004)",1,17.13,primary,3,,,,auto,
802,,562,417,418,1,"LINESTRING (119.902073 42.296272, 119.902187 42.296667)",1,44.91,primary,3,,,,auto,
803,,563,419,420,1,"LINESTRING (119.901824 42.295328, 119.90185 42.295427)",1,11.21,primary,3,,,,auto,
804,,564,421,422,1,"LINESTRING (119.903389 42.299848, 119.904032 42.30119)",1,158.32,primary,3,,,,auto,
805,,564,422,421,1,"LINESTRING (119.904032 42.30119, 119.903389 42.299848)",1,158.32,primary,3,,,,auto,
806,,565,421,423,1,"LINESTRING (119.903389 42.299848, 119.902846 42.298598)",1,145.99,primary,3,,,,auto,
807,,565,423,421,1,"LINESTRING (119.902846 42.298598, 119.903389 42.299848)",1,145.99,primary,3,,,,auto,
808,,566,416,412,1,"LINESTRING (119.902245 42.297004, 119.902146 42.296854)",1,18.56,primary,3,,,,auto,
809,,567,416,424,1,"LINESTRING (119.902245 42.297004, 119.902422 42.297532)",1,60.49,primary,3,,,,auto,
810,,567,424,416,1,"LINESTRING (119.902422 42.297532, 119.902245 42.297004)",1,60.49,primary,3,,,,auto,
811,,568,424,423,1,"LINESTRING (119.902422 42.297532, 119.902846 42.298598)",1,123.56,primary,3,,,,auto,
812,,568,423,424,1,"LINESTRING (119.902846 42.298598, 119.902422 42.297532)",1,123.56,primary,3,,,,auto,
813,,569,424,416,1,"LINESTRING (119.902422 42.297532, 119.902245 42.297004)",1,60.49,primary,3,,,,auto,
814,,569,416,424,1,"LINESTRING (119.902245 42.297004, 119.902422 42.297532)",1,60.49,primary,3,,,,auto,
815,,570,423,421,1,"LINESTRING (119.902846 42.298598, 119.903389 42.299848)",1,145.99,primary,3,,,,auto,
816,,570,421,423,1,"LINESTRING (119.903389 42.299848, 119.902846 42.298598)",1,145.99,primary,3,,,,auto,
817,,571,423,424,1,"LINESTRING (119.902846 42.298598, 119.902422 42.297532)",1,123.56,primary,3,,,,auto,
818,,571,424,423,1,"LINESTRING (119.902422 42.297532, 119.902846 42.298598)",1,123.56,primary,3,,,,auto,
819,,572,422,425,1,"LINESTRING (119.904032 42.30119, 119.904071 42.301281)",1,10.61,primary,3,,,,auto,
820,,572,425,422,1,"LINESTRING (119.904071 42.301281, 119.904032 42.30119)",1,10.61,primary,3,,,,auto,
821,,573,422,421,1,"LINESTRING (119.904032 42.30119, 119.903389 42.299848)",1,158.32,primary,3,,,,auto,
822,,573,421,422,1,"LINESTRING (119.903389 42.299848, 119.904032 42.30119)",1,158.32,primary,3,,,,auto,
823,,574,426,427,1,"LINESTRING (119.904728 42.30279, 119.904879 42.303226)",1,50.05,primary,3,,,,auto,
824,,574,427,426,1,"LINESTRING (119.904879 42.303226, 119.904728 42.30279)",1,50.05,primary,3,,,,auto,
825,,575,426,425,1,"LINESTRING (119.904728 42.30279, 119.904071 42.301281)",1,176.28,primary,3,,,,auto,
826,,575,425,426,1,"LINESTRING (119.904071 42.301281, 119.904728 42.30279)",1,176.28,primary,3,,,,auto,
827,,576,427,428,1,"LINESTRING (119.904879 42.303226, 119.904973 42.303611)",1,43.50,primary,3,,,,auto,
828,,576,428,427,1,"LINESTRING (119.904973 42.303611, 119.904879 42.303226)",1,43.50,primary,3,,,,auto,
829,,577,427,426,1,"LINESTRING (119.904879 42.303226, 119.904728 42.30279)",1,50.05,primary,3,,,,auto,
830,,577,426,427,1,"LINESTRING (119.904728 42.30279, 119.904879 42.303226)",1,50.05,primary,3,,,,auto,
831,,578,428,429,1,"LINESTRING (119.904973 42.303611, 119.905045 42.303932)",1,36.18,primary,3,,,,auto,
832,,578,429,428,1,"LINESTRING (119.905045 42.303932, 119.904973 42.303611)",1,36.18,primary,3,,,,auto,
833,,579,428,427,1,"LINESTRING (119.904973 42.303611, 119.904879 42.303226)",1,43.50,primary,3,,,,auto,
834,,579,427,428,1,"LINESTRING (119.904879 42.303226, 119.904973 42.303611)",1,43.50,primary,3,,,,auto,
835,,580,429,430,1,"LINESTRING (119.905045 42.303932, 119.905075 42.304208)",1,30.79,primary,3,,,,auto,
836,,580,430,429,1,"LINESTRING (119.905075 42.304208, 119.905045 42.303932)",1,30.79,primary,3,,,,auto,
837,,581,429,428,1,"LINESTRING (119.905045 42.303932, 119.904973 42.303611)",1,36.18,primary,3,,,,auto,
838,,581,428,429,1,"LINESTRING (119.904973 42.303611, 119.905045 42.303932)",1,36.18,primary,3,,,,auto,
839,,582,430,431,1,"LINESTRING (119.905075 42.304208, 119.905102 42.304553)",1,38.43,primary,3,,,,auto,
840,,582,431,430,1,"LINESTRING (119.905102 42.304553, 119.905075 42.304208)",1,38.43,primary,3,,,,auto,
841,,583,430,429,1,"LINESTRING (119.905075 42.304208, 119.905045 42.303932)",1,30.79,primary,3,,,,auto,
842,,583,429,430,1,"LINESTRING (119.905045 42.303932, 119.905075 42.304208)",1,30.79,primary,3,,,,auto,
843,,584,431,432,1,"LINESTRING (119.905102 42.304553, 119.905099 42.304926)",1,41.48,primary,3,,,,auto,
844,,584,432,431,1,"LINESTRING (119.905099 42.304926, 119.905102 42.304553)",1,41.48,primary,3,,,,auto,
845,,585,431,430,1,"LINESTRING (119.905102 42.304553, 119.905075 42.304208)",1,38.43,primary,3,,,,auto,
846,,585,430,431,1,"LINESTRING (119.905075 42.304208, 119.905102 42.304553)",1,38.43,primary,3,,,,auto,
847,,586,432,408,1,"LINESTRING (119.905099 42.304926, 119.905052 42.305268)",1,38.22,primary,3,,,,auto,
848,,586,408,432,1,"LINESTRING (119.905052 42.305268, 119.905099 42.304926)",1,38.22,primary,3,,,,auto,
849,,587,432,431,1,"LINESTRING (119.905099 42.304926, 119.905102 42.304553)",1,41.48,primary,3,,,,auto,
850,,587,431,432,1,"LINESTRING (119.905102 42.304553, 119.905099 42.304926)",1,41.48,primary,3,,,,auto,
851,,588,408,406,1,"LINESTRING (119.905052 42.305268, 119.90502 42.305467)",1,22.28,primary,3,,,,auto,
852,,588,406,408,1,"LINESTRING (119.90502 42.305467, 119.905052 42.305268)",1,22.28,primary,3,,,,auto,
853,,589,408,432,1,"LINESTRING (119.905052 42.305268, 119.905099 42.304926)",1,38.22,primary,3,,,,auto,
854,,589,432,408,1,"LINESTRING (119.905099 42.304926, 119.905052 42.305268)",1,38.22,primary,3,,,,auto,
855,,590,411,433,1,"LINESTRING (119.904952 42.305787, 119.904875 42.306065)",1,31.55,primary,3,,,,auto,
856,,590,433,411,1,"LINESTRING (119.904875 42.306065, 119.904952 42.305787)",1,31.55,primary,3,,,,auto,
857,,591,411,407,1,"LINESTRING (119.904952 42.305787, 119.904995 42.305586)",1,22.63,primary,3,,,,auto,
858,,591,407,411,1,"LINESTRING (119.904995 42.305586, 119.904952 42.305787)",1,22.63,primary,3,,,,auto,
859,,592,433,434,1,"LINESTRING (119.904875 42.306065, 119.904762 42.306393)",1,37.64,primary,3,,,,auto,
860,,592,434,433,1,"LINESTRING (119.904762 42.306393, 119.904875 42.306065)",1,37.64,primary,3,,,,auto,
861,,593,433,411,1,"LINESTRING (119.904875 42.306065, 119.904952 42.305787)",1,31.55,primary,3,,,,auto,
862,,593,411,433,1,"LINESTRING (119.904952 42.305787, 119.904875 42.306065)",1,31.55,primary,3,,,,auto,
863,,594,434,435,1,"LINESTRING (119.904762 42.306393, 119.904648 42.306683)",1,33.58,primary,3,,,,auto,
864,,594,435,434,1,"LINESTRING (119.904648 42.306683, 119.904762 42.306393)",1,33.58,primary,3,,,,auto,
865,,595,434,433,1,"LINESTRING (119.904762 42.306393, 119.904875 42.306065)",1,37.64,primary,3,,,,auto,
866,,595,433,434,1,"LINESTRING (119.904875 42.306065, 119.904762 42.306393)",1,37.64,primary,3,,,,auto,
867,,596,435,436,1,"LINESTRING (119.904648 42.306683, 119.904534 42.306912)",1,27.13,primary,3,,,,auto,
868,,596,436,435,1,"LINESTRING (119.904534 42.306912, 119.904648 42.306683)",1,27.13,primary,3,,,,auto,
869,,597,435,434,1,"LINESTRING (119.904648 42.306683, 119.904762 42.306393)",1,33.58,primary,3,,,,auto,
870,,597,434,435,1,"LINESTRING (119.904762 42.306393, 119.904648 42.306683)",1,33.58,primary,3,,,,auto,
871,,598,436,437,1,"LINESTRING (119.904534 42.306912, 119.904387 42.307209)",1,35.17,primary,3,,,,auto,
872,,598,437,436,1,"LINESTRING (119.904387 42.307209, 119.904534 42.306912)",1,35.17,primary,3,,,,auto,
873,,599,436,435,1,"LINESTRING (119.904534 42.306912, 119.904648 42.306683)",1,27.13,primary,3,,,,auto,
874,,599,435,436,1,"LINESTRING (119.904648 42.306683, 119.904534 42.306912)",1,27.13,primary,3,,,,auto,
875,,600,437,436,1,"LINESTRING (119.904387 42.307209, 119.904534 42.306912)",1,35.17,primary,3,,,,auto,
876,,600,436,437,1,"LINESTRING (119.904534 42.306912, 119.904387 42.307209)",1,35.17,primary,3,,,,auto,
877,,601,336,438,1,"LINESTRING (119.920495 42.27787, 119.92051 42.277973)",1,11.52,residential,6,,,,auto,
878,,601,438,336,1,"LINESTRING (119.92051 42.277973, 119.920495 42.27787)",1,11.52,residential,6,,,,auto,
879,,602,336,439,1,"LINESTRING (119.920495 42.27787, 119.920245 42.2758)",1,231.09,residential,6,,,,auto,
880,,602,439,336,1,"LINESTRING (119.920245 42.2758, 119.920495 42.27787)",1,231.09,residential,6,,,,auto,
881,,603,438,339,1,"LINESTRING (119.92051 42.277973, 119.920119 42.278013)",1,32.47,tertiary,5,,,,auto,
882,,604,438,440,1,"LINESTRING (119.92051 42.277973, 119.920556 42.278283)",1,34.68,residential,6,,,,auto,
883,,604,440,438,1,"LINESTRING (119.920556 42.278283, 119.92051 42.277973)",1,34.68,residential,6,,,,auto,
884,,605,438,336,1,"LINESTRING (119.92051 42.277973, 119.920495 42.27787)",1,11.52,residential,6,,,,auto,
885,,605,336,438,1,"LINESTRING (119.920495 42.27787, 119.92051 42.277973)",1,11.52,residential,6,,,,auto,
886,,606,441,442,1,"LINESTRING (119.920337 42.274292, 119.92032 42.274403)",1,12.42,residential,6,,,,auto,
887,,606,442,441,1,"LINESTRING (119.92032 42.274403, 119.920337 42.274292)",1,12.42,residential,6,,,,auto,
888,,607,441,443,1,"LINESTRING (119.920337 42.274292, 119.916642 42.274618)",1,306.17,unclassified,20,,,,auto,
889,,607,443,441,1,"LINESTRING (119.916642 42.274618, 119.920337 42.274292)",1,306.17,unclassified,20,,,,auto,
890,,608,442,444,1,"LINESTRING (119.92032 42.274403, 119.920235 42.274935)",1,59.57,residential,6,,,,auto,
891,,608,444,442,1,"LINESTRING (119.920235 42.274935, 119.92032 42.274403)",1,59.57,residential,6,,,,auto,
892,,609,442,441,1,"LINESTRING (119.92032 42.274403, 119.920337 42.274292)",1,12.42,residential,6,,,,auto,
893,,609,441,442,1,"LINESTRING (119.920337 42.274292, 119.92032 42.274403)",1,12.42,residential,6,,,,auto,
894,,610,444,439,1,"LINESTRING (119.920235 42.274935, 119.920245 42.2758)",1,96.19,residential,6,,,,auto,
895,,610,439,444,1,"LINESTRING (119.920245 42.2758, 119.920235 42.274935)",1,96.19,residential,6,,,,auto,
896,,611,444,442,1,"LINESTRING (119.920235 42.274935, 119.92032 42.274403)",1,59.57,residential,6,,,,auto,
897,,611,442,444,1,"LINESTRING (119.92032 42.274403, 119.920235 42.274935)",1,59.57,residential,6,,,,auto,
898,,612,439,336,1,"LINESTRING (119.920245 42.2758, 119.920495 42.27787)",1,231.09,residential,6,,,,auto,
899,,612,336,439,1,"LINESTRING (119.920495 42.27787, 119.920245 42.2758)",1,231.09,residential,6,,,,auto,
900,,613,439,444,1,"LINESTRING (119.920245 42.2758, 119.920235 42.274935)",1,96.19,residential,6,,,,auto,
901,,613,444,439,1,"LINESTRING (119.920235 42.274935, 119.920245 42.2758)",1,96.19,residential,6,,,,auto,
902,,614,26,40,1,"LINESTRING (119.920906 42.280644, 119.921152 42.280623)",1,20.37,residential,6,,,,auto,
903,,614,40,26,1,"LINESTRING (119.921152 42.280623, 119.920906 42.280644)",1,20.37,residential,6,,,,auto,
904,,615,26,25,1,"LINESTRING (119.920906 42.280644, 119.917625 42.28093)",1,271.79,residential,6,,,,auto,
905,,615,25,26,1,"LINESTRING (119.917625 42.28093, 119.920906 42.280644)",1,271.79,residential,6,,,,auto,
906,,616,26,249,1,"LINESTRING (119.920906 42.280644, 119.921268 42.282822)",1,244.01,residential,6,,,,auto,
907,,616,249,26,1,"LINESTRING (119.921268 42.282822, 119.920906 42.280644)",1,244.01,residential,6,,,,auto,
908,,617,26,445,1,"LINESTRING (119.920906 42.280644, 119.920614 42.278678)",1,219.93,residential,6,,,,auto,
909,,617,445,26,1,"LINESTRING (119.920614 42.278678, 119.920906 42.280644)",1,219.93,residential,6,,,,auto,
910,,618,249,238,1,"LINESTRING (119.921268 42.282822, 119.918757 42.28305)",1,208.12,residential,6,,,,auto,
911,,618,238,249,1,"LINESTRING (119.918757 42.28305, 119.921268 42.282822)",1,208.12,residential,6,,,,auto,
912,,619,249,446,1,"LINESTRING (119.921268 42.282822, 119.92179 42.285969)",1,352.56,residential,6,,,,auto,
913,,619,446,249,1,"LINESTRING (119.92179 42.285969, 119.921268 42.282822)",1,352.56,residential,6,,,,auto,
914,,620,249,26,1,"LINESTRING (119.921268 42.282822, 119.920906 42.280644)",1,244.01,residential,6,,,,auto,
915,,620,26,249,1,"LINESTRING (119.920906 42.280644, 119.921268 42.282822)",1,244.01,residential,6,,,,auto,
916,,621,249,247,1,"LINESTRING (119.921268 42.282822, 119.921351 42.282814)",1,6.89,unclassified,20,,,,auto,
917,,621,247,249,1,"LINESTRING (119.921351 42.282814, 119.921268 42.282822)",1,6.89,unclassified,20,,,,auto,
918,,622,399,447,1,"LINESTRING (119.92184 42.28637, 119.921621 42.286388)",1,18.13,primary,3,,,,auto,
919,,623,399,448,1,"LINESTRING (119.92184 42.28637, 119.922391 42.290818)",1,496.67,residential,6,,,,auto,
920,,623,448,399,1,"LINESTRING (119.922391 42.290818, 119.92184 42.28637)",1,496.67,residential,6,,,,auto,
921,,624,399,16,1,"LINESTRING (119.92184 42.28637, 119.921829 42.286277)",1,10.38,residential,6,,,,auto,
922,,624,16,399,1,"LINESTRING (119.921829 42.286277, 119.92184 42.28637)",1,10.38,residential,6,,,,auto,
923,,625,16,223,1,"LINESTRING (119.921829 42.286277, 119.921874 42.286273)",1,3.73,primary,3,,,,auto,
924,,626,16,399,1,"LINESTRING (119.921829 42.286277, 119.92184 42.28637)",1,10.38,residential,6,,,,auto,
925,,626,399,16,1,"LINESTRING (119.92184 42.28637, 119.921829 42.286277)",1,10.38,residential,6,,,,auto,
926,,627,16,446,1,"LINESTRING (119.921829 42.286277, 119.92179 42.285969)",1,34.40,residential,6,,,,auto,
927,,627,446,16,1,"LINESTRING (119.92179 42.285969, 119.921829 42.286277)",1,34.40,residential,6,,,,auto,
928,,628,448,399,1,"LINESTRING (119.922391 42.290818, 119.92184 42.28637)",1,496.67,residential,6,,,,auto,
929,,628,399,448,1,"LINESTRING (119.92184 42.28637, 119.922391 42.290818)",1,496.67,residential,6,,,,auto,
930,,629,446,16,1,"LINESTRING (119.92179 42.285969, 119.921829 42.286277)",1,34.40,residential,6,,,,auto,
931,,629,16,446,1,"LINESTRING (119.921829 42.286277, 119.92179 42.285969)",1,34.40,residential,6,,,,auto,
932,,630,446,249,1,"LINESTRING (119.92179 42.285969, 119.921268 42.282822)",1,352.56,residential,6,,,,auto,
933,,630,249,446,1,"LINESTRING (119.921268 42.282822, 119.92179 42.285969)",1,352.56,residential,6,,,,auto,
934,,631,447,261,1,"LINESTRING (119.921621 42.286388, 119.918516 42.286651)",1,257.09,primary,3,,,,auto,
935,,632,275,276,1,"LINESTRING (119.911714 42.289919, 119.912935 42.289811)",1,101.15,residential,6,,,,auto,
936,,632,276,275,1,"LINESTRING (119.912935 42.289811, 119.911714 42.289919)",1,101.15,residential,6,,,,auto,
937,,633,275,274,1,"LINESTRING (119.911714 42.289919, 119.911626 42.289927)",1,7.29,residential,6,,,,auto,
938,,633,274,275,1,"LINESTRING (119.911626 42.289927, 119.911714 42.289919)",1,7.29,residential,6,,,,auto,
939,,634,275,449,1,"LINESTRING (119.911714 42.289919, 119.911606 42.289868)",1,10.54,residential,6,,,,auto,
940,,634,449,275,1,"LINESTRING (119.911606 42.289868, 119.911714 42.289919)",1,10.54,residential,6,,,,auto,
941,,635,449,275,1,"LINESTRING (119.911606 42.289868, 119.911714 42.289919)",1,10.54,residential,6,,,,auto,
942,,635,275,449,1,"LINESTRING (119.911714 42.289919, 119.911606 42.289868)",1,10.54,residential,6,,,,auto,
943,,636,449,450,1,"LINESTRING (119.911606 42.289868, 119.911528 42.289794)",1,10.43,residential,6,,,,auto,
944,,636,450,449,1,"LINESTRING (119.911528 42.289794, 119.911606 42.289868)",1,10.43,residential,6,,,,auto,
945,,637,450,449,1,"LINESTRING (119.911528 42.289794, 119.911606 42.289868)",1,10.43,residential,6,,,,auto,
946,,637,449,450,1,"LINESTRING (119.911606 42.289868, 119.911528 42.289794)",1,10.43,residential,6,,,,auto,
947,,638,450,451,1,"LINESTRING (119.911528 42.289794, 119.911469 42.289677)",1,13.89,residential,6,,,,auto,
948,,638,451,450,1,"LINESTRING (119.911469 42.289677, 119.911528 42.289794)",1,13.89,residential,6,,,,auto,
949,,639,451,450,1,"LINESTRING (119.911469 42.289677, 119.911528 42.289794)",1,13.89,residential,6,,,,auto,
950,,639,450,451,1,"LINESTRING (119.911528 42.289794, 119.911469 42.289677)",1,13.89,residential,6,,,,auto,
951,,640,451,290,1,"LINESTRING (119.911469 42.289677, 119.91106 42.287298)",1,266.66,residential,6,,,,auto,
952,,640,290,451,1,"LINESTRING (119.91106 42.287298, 119.911469 42.289677)",1,266.66,residential,6,,,,auto,
953,,641,290,17,1,"LINESTRING (119.91106 42.287298, 119.909129 42.287466)",1,159.94,primary,3,,,,auto,
954,,642,290,451,1,"LINESTRING (119.91106 42.287298, 119.911469 42.289677)",1,266.66,residential,6,,,,auto,
955,,642,451,290,1,"LINESTRING (119.911469 42.289677, 119.91106 42.287298)",1,266.66,residential,6,,,,auto,
956,迎宾大道,643,452,286,1,"LINESTRING (119.912437 42.28587, 119.912624 42.287085)",1,135.97,secondary,4,,3,,auto,
957,,656,245,243,1,"LINESTRING (119.913671 42.283512, 119.913694 42.28351)",1,1.91,residential,6,,,,auto,
958,,656,243,245,1,"LINESTRING (119.913694 42.28351, 119.913671 42.283512)",1,1.91,residential,6,,,,auto,
959,,657,245,244,1,"LINESTRING (119.913671 42.283512, 119.912097 42.283656)",1,130.47,residential,6,,,,auto,
960,,657,244,245,1,"LINESTRING (119.912097 42.283656, 119.913671 42.283512)",1,130.47,residential,6,,,,auto,
961,,684,335,241,1,"LINESTRING (119.915106 42.284842, 119.914874 42.283403)",1,161.14,residential,6,,,,auto,
962,迎宾大道,688,246,452,1,"LINESTRING (119.912261 42.284725, 119.912437 42.28587)",1,128.14,secondary,4,,3,,auto,
963,,702,24,453,1,"LINESTRING (119.906648 42.28768, 119.905096 42.287817)",1,128.57,primary,3,,3,,auto,
964,,703,24,454,1,"LINESTRING (119.906648 42.28768, 119.906711 42.287802)",1,14.52,unclassified,20,,,,auto,
965,,703,454,24,1,"LINESTRING (119.906711 42.287802, 119.906648 42.28768)",1,14.52,unclassified,20,,,,auto,
966,,704,454,24,1,"LINESTRING (119.906711 42.287802, 119.906648 42.28768)",1,14.52,unclassified,20,,,,auto,
967,,704,24,454,1,"LINESTRING (119.906648 42.28768, 119.906711 42.287802)",1,14.52,unclassified,20,,,,auto,
968,,705,454,455,1,"LINESTRING (119.906711 42.287802, 119.906754 42.287858)",1,7.16,unclassified,20,,,,auto,
969,,705,455,454,1,"LINESTRING (119.906754 42.287858, 119.906711 42.287802)",1,7.16,unclassified,20,,,,auto,
970,,706,455,454,1,"LINESTRING (119.906754 42.287858, 119.906711 42.287802)",1,7.16,unclassified,20,,,,auto,
971,,706,454,455,1,"LINESTRING (119.906711 42.287802, 119.906754 42.287858)",1,7.16,unclassified,20,,,,auto,
972,,707,455,456,1,"LINESTRING (119.906754 42.287858, 119.906875 42.287935)",1,13.13,unclassified,20,,,,auto,
973,,707,456,455,1,"LINESTRING (119.906875 42.287935, 119.906754 42.287858)",1,13.13,unclassified,20,,,,auto,
974,,708,457,456,1,"LINESTRING (119.906952 42.287985, 119.906875 42.287935)",1,8.43,unclassified,20,,,,auto,
975,,708,456,457,1,"LINESTRING (119.906875 42.287935, 119.906952 42.287985)",1,8.43,unclassified,20,,,,auto,
976,,709,457,458,1,"LINESTRING (119.906952 42.287985, 119.907151 42.288255)",1,34.20,unclassified,20,,,,auto,
977,,709,458,457,1,"LINESTRING (119.907151 42.288255, 119.906952 42.287985)",1,34.20,unclassified,20,,,,auto,
978,,710,458,457,1,"LINESTRING (119.907151 42.288255, 119.906952 42.287985)",1,34.20,unclassified,20,,,,auto,
979,,710,457,458,1,"LINESTRING (119.906952 42.287985, 119.907151 42.288255)",1,34.20,unclassified,20,,,,auto,
980,,711,458,459,1,"LINESTRING (119.907151 42.288255, 119.907387 42.288612)",1,44.19,unclassified,20,,,,auto,
981,,711,459,458,1,"LINESTRING (119.907387 42.288612, 119.907151 42.288255)",1,44.19,unclassified,20,,,,auto,
982,,712,459,458,1,"LINESTRING (119.907387 42.288612, 119.907151 42.288255)",1,44.19,unclassified,20,,,,auto,
983,,712,458,459,1,"LINESTRING (119.907151 42.288255, 119.907387 42.288612)",1,44.19,unclassified,20,,,,auto,
984,,713,459,460,1,"LINESTRING (119.907387 42.288612, 119.907482 42.288949)",1,38.28,unclassified,20,,,,auto,
985,,713,460,459,1,"LINESTRING (119.907482 42.288949, 119.907387 42.288612)",1,38.28,unclassified,20,,,,auto,
986,,714,461,460,1,"LINESTRING (119.90766 42.28958, 119.907482 42.288949)",1,71.68,unclassified,20,,,,auto,
987,,714,460,461,1,"LINESTRING (119.907482 42.288949, 119.90766 42.28958)",1,71.68,unclassified,20,,,,auto,
988,,715,461,462,1,"LINESTRING (119.90766 42.28958, 119.907864 42.290326)",1,84.63,unclassified,20,,,,auto,
989,,715,462,461,1,"LINESTRING (119.907864 42.290326, 119.90766 42.28958)",1,84.63,unclassified,20,,,,auto,
990,,716,462,461,1,"LINESTRING (119.907864 42.290326, 119.90766 42.28958)",1,84.63,unclassified,20,,,,auto,
991,,716,461,462,1,"LINESTRING (119.90766 42.28958, 119.907864 42.290326)",1,84.63,unclassified,20,,,,auto,
992,,717,462,463,1,"LINESTRING (119.907864 42.290326, 119.908041 42.291148)",1,92.55,unclassified,20,,,,auto,
993,,717,463,462,1,"LINESTRING (119.908041 42.291148, 119.907864 42.290326)",1,92.55,unclassified,20,,,,auto,
994,,718,464,463,1,"LINESTRING (119.908047 42.292013, 119.908041 42.291148)",1,96.18,unclassified,20,,,,auto,
995,,718,463,464,1,"LINESTRING (119.908041 42.291148, 119.908047 42.292013)",1,96.18,unclassified,20,,,,auto,
996,,719,464,465,1,"LINESTRING (119.908047 42.292013, 119.90809 42.292997)",1,109.47,unclassified,20,,,,auto,
997,,719,465,464,1,"LINESTRING (119.90809 42.292997, 119.908047 42.292013)",1,109.47,unclassified,20,,,,auto,
998,,720,465,464,1,"LINESTRING (119.90809 42.292997, 119.908047 42.292013)",1,109.47,unclassified,20,,,,auto,
999,,720,464,465,1,"LINESTRING (119.908047 42.292013, 119.90809 42.292997)",1,109.47,unclassified,20,,,,auto,
1000,,721,465,466,1,"LINESTRING (119.90809 42.292997, 119.908188 42.293408)",1,46.41,residential,6,,,,auto,
1001,,721,466,465,1,"LINESTRING (119.908188 42.293408, 119.90809 42.292997)",1,46.41,residential,6,,,,auto,
1002,,722,463,462,1,"LINESTRING (119.908041 42.291148, 119.907864 42.290326)",1,92.55,unclassified,20,,,,auto,
1003,,722,462,463,1,"LINESTRING (119.907864 42.290326, 119.908041 42.291148)",1,92.55,unclassified,20,,,,auto,
1004,,723,463,464,1,"LINESTRING (119.908041 42.291148, 119.908047 42.292013)",1,96.18,unclassified,20,,,,auto,
1005,,723,464,463,1,"LINESTRING (119.908047 42.292013, 119.908041 42.291148)",1,96.18,unclassified,20,,,,auto,
1006,,724,463,467,1,"LINESTRING (119.908041 42.291148, 119.905949 42.291302)",1,172.93,unclassified,20,,,,auto,
1007,,724,467,463,1,"LINESTRING (119.905949 42.291302, 119.908041 42.291148)",1,172.93,unclassified,20,,,,auto,
1008,,725,467,463,1,"LINESTRING (119.905949 42.291302, 119.908041 42.291148)",1,172.93,unclassified,20,,,,auto,
1009,,725,463,467,1,"LINESTRING (119.908041 42.291148, 119.905949 42.291302)",1,172.93,unclassified,20,,,,auto,
1010,,726,467,468,1,"LINESTRING (119.905949 42.291302, 119.905515 42.291334)",1,35.88,unclassified,20,,,,auto,
1011,,726,468,467,1,"LINESTRING (119.905515 42.291334, 119.905949 42.291302)",1,35.88,unclassified,20,,,,auto,
1012,,727,468,467,1,"LINESTRING (119.905515 42.291334, 119.905949 42.291302)",1,35.88,unclassified,20,,,,auto,
1013,,727,467,468,1,"LINESTRING (119.905949 42.291302, 119.905515 42.291334)",1,35.88,unclassified,20,,,,auto,
1014,,728,468,469,1,"LINESTRING (119.905515 42.291334, 119.904313 42.291441)",1,99.58,unclassified,20,,,,auto,
1015,,728,469,468,1,"LINESTRING (119.904313 42.291441, 119.905515 42.291334)",1,99.58,unclassified,20,,,,auto,
1016,,729,469,468,1,"LINESTRING (119.904313 42.291441, 119.905515 42.291334)",1,99.58,unclassified,20,,,,auto,
1017,,729,468,469,1,"LINESTRING (119.905515 42.291334, 119.904313 42.291441)",1,99.58,unclassified,20,,,,auto,
1018,,730,469,470,1,"LINESTRING (119.904313 42.291441, 119.902527 42.291595)",1,147.90,unclassified,20,,,,auto,
1019,,730,470,469,1,"LINESTRING (119.902527 42.291595, 119.904313 42.291441)",1,147.90,unclassified,20,,,,auto,
1020,,731,470,471,1,"LINESTRING (119.902527 42.291595, 119.902481 42.291324)",1,30.37,residential,6,,,,auto,
1021,,731,471,470,1,"LINESTRING (119.902481 42.291324, 119.902527 42.291595)",1,30.37,residential,6,,,,auto,
1022,,732,470,472,1,"LINESTRING (119.902527 42.291595, 119.902934 42.294009)",1,270.50,residential,6,,,,auto,
1023,,732,472,470,1,"LINESTRING (119.902934 42.294009, 119.902527 42.291595)",1,270.50,residential,6,,,,auto,
1024,,733,470,469,1,"LINESTRING (119.902527 42.291595, 119.904313 42.291441)",1,147.90,unclassified,20,,,,auto,
1025,,733,469,470,1,"LINESTRING (119.904313 42.291441, 119.902527 42.291595)",1,147.90,unclassified,20,,,,auto,
1026,,734,470,473,1,"LINESTRING (119.902527 42.291595, 119.901234 42.291714)",1,107.17,unclassified,20,,,,auto,
1027,,734,473,470,1,"LINESTRING (119.901234 42.291714, 119.902527 42.291595)",1,107.17,unclassified,20,,,,auto,
1028,,735,473,22,1,"LINESTRING (119.901234 42.291714, 119.901603 42.294204)",1,278.53,primary,3,,,,auto,
1029,,736,473,470,1,"LINESTRING (119.901234 42.291714, 119.902527 42.291595)",1,107.17,unclassified,20,,,,auto,
1030,,736,470,473,1,"LINESTRING (119.902527 42.291595, 119.901234 42.291714)",1,107.17,unclassified,20,,,,auto,
1031,,737,472,470,1,"LINESTRING (119.902934 42.294009, 119.902527 42.291595)",1,270.50,residential,6,,,,auto,
1032,,737,470,472,1,"LINESTRING (119.902527 42.291595, 119.902934 42.294009)",1,270.50,residential,6,,,,auto,
1033,,738,472,474,1,"LINESTRING (119.902934 42.294009, 119.903146 42.294405)",1,47.36,residential,6,,,,auto,
1034,,738,474,472,1,"LINESTRING (119.903146 42.294405, 119.902934 42.294009)",1,47.36,residential,6,,,,auto,
1035,,739,313,310,1,"LINESTRING (119.901974 42.288093, 119.90196 42.288006)",1,9.74,residential,6,,,,auto,
1036,,739,310,313,1,"LINESTRING (119.90196 42.288006, 119.901974 42.288093)",1,9.74,residential,6,,,,auto,
1037,,740,313,475,1,"LINESTRING (119.901974 42.288093, 119.902162 42.289292)",1,134.22,residential,6,,,,auto,
1038,,740,475,313,1,"LINESTRING (119.902162 42.289292, 119.901974 42.288093)",1,134.22,residential,6,,,,auto,
1039,,741,313,400,1,"LINESTRING (119.901974 42.288093, 119.900714 42.288204)",1,104.38,primary,3,,3,,auto,
1040,,742,471,475,1,"LINESTRING (119.902481 42.291324, 119.902162 42.289292)",1,227.47,residential,6,,,,auto,
1041,,742,475,471,1,"LINESTRING (119.902162 42.289292, 119.902481 42.291324)",1,227.47,residential,6,,,,auto,
1042,,743,471,470,1,"LINESTRING (119.902481 42.291324, 119.902527 42.291595)",1,30.37,residential,6,,,,auto,
1043,,743,470,471,1,"LINESTRING (119.902527 42.291595, 119.902481 42.291324)",1,30.37,residential,6,,,,auto,
1044,,747,237,289,1,"LINESTRING (119.911044 42.287224, 119.91252 42.287094)",1,122.27,primary,3,,,,auto,
1045,,805,370,372,1,"LINESTRING (119.897468 42.287482, 119.897465 42.287459)",1,2.57,tertiary,5,,,,auto,
1046,,806,476,477,1,"LINESTRING (119.944949 42.275578, 119.944688 42.275715)",1,26.33,unclassified,20,,,,auto,
1047,,806,477,476,1,"LINESTRING (119.944688 42.275715, 119.944949 42.275578)",1,26.33,unclassified,20,,,,auto,
1048,,807,477,476,1,"LINESTRING (119.944688 42.275715, 119.944949 42.275578)",1,26.33,unclassified,20,,,,auto,
1049,,807,476,477,1,"LINESTRING (119.944949 42.275578, 119.944688 42.275715)",1,26.33,unclassified,20,,,,auto,
1050,,808,477,478,1,"LINESTRING (119.944688 42.275715, 119.944409 42.275884)",1,29.67,unclassified,20,,,,auto,
1051,,808,478,477,1,"LINESTRING (119.944409 42.275884, 119.944688 42.275715)",1,29.67,unclassified,20,,,,auto,
1052,,809,478,477,1,"LINESTRING (119.944409 42.275884, 119.944688 42.275715)",1,29.67,unclassified,20,,,,auto,
1053,,809,477,478,1,"LINESTRING (119.944688 42.275715, 119.944409 42.275884)",1,29.67,unclassified,20,,,,auto,
1054,,810,478,479,1,"LINESTRING (119.944409 42.275884, 119.942918 42.276866)",1,164.23,unclassified,20,,,,auto,
1055,,810,479,478,1,"LINESTRING (119.942918 42.276866, 119.944409 42.275884)",1,164.23,unclassified,20,,,,auto,
1056,,811,479,478,1,"LINESTRING (119.942918 42.276866, 119.944409 42.275884)",1,164.23,unclassified,20,,,,auto,
1057,,811,478,479,1,"LINESTRING (119.944409 42.275884, 119.942918 42.276866)",1,164.23,unclassified,20,,,,auto,
1058,,812,479,480,1,"LINESTRING (119.942918 42.276866, 119.942138 42.277342)",1,83.18,unclassified,20,,,,auto,
1059,,812,480,479,1,"LINESTRING (119.942138 42.277342, 119.942918 42.276866)",1,83.18,unclassified,20,,,,auto,
1060,,813,480,479,1,"LINESTRING (119.942138 42.277342, 119.942918 42.276866)",1,83.18,unclassified,20,,,,auto,
1061,,813,479,480,1,"LINESTRING (119.942918 42.276866, 119.942138 42.277342)",1,83.18,unclassified,20,,,,auto,
1062,,814,480,481,1,"LINESTRING (119.942138 42.277342, 119.941952 42.277414)",1,17.27,unclassified,20,,,,auto,
1063,,814,481,480,1,"LINESTRING (119.941952 42.277414, 119.942138 42.277342)",1,17.27,unclassified,20,,,,auto,
1064,,815,481,480,1,"LINESTRING (119.941952 42.277414, 119.942138 42.277342)",1,17.27,unclassified,20,,,,auto,
1065,,815,480,481,1,"LINESTRING (119.942138 42.277342, 119.941952 42.277414)",1,17.27,unclassified,20,,,,auto,
1066,,816,481,482,1,"LINESTRING (119.941952 42.277414, 119.941746 42.27747)",1,18.06,unclassified,20,,,,auto,
1067,,816,482,481,1,"LINESTRING (119.941746 42.27747, 119.941952 42.277414)",1,18.06,unclassified,20,,,,auto,
1068,,817,482,481,1,"LINESTRING (119.941746 42.27747, 119.941952 42.277414)",1,18.06,unclassified,20,,,,auto,
1069,,817,481,482,1,"LINESTRING (119.941952 42.277414, 119.941746 42.27747)",1,18.06,unclassified,20,,,,auto,
1070,,818,482,483,1,"LINESTRING (119.941746 42.27747, 119.941628 42.277472)",1,9.71,unclassified,20,,,,auto,
1071,,818,483,482,1,"LINESTRING (119.941628 42.277472, 119.941746 42.27747)",1,9.71,unclassified,20,,,,auto,
1072,,819,483,482,1,"LINESTRING (119.941628 42.277472, 119.941746 42.27747)",1,9.71,unclassified,20,,,,auto,
1073,,819,482,483,1,"LINESTRING (119.941746 42.27747, 119.941628 42.277472)",1,9.71,unclassified,20,,,,auto,
1074,,820,483,484,1,"LINESTRING (119.941628 42.277472, 119.941505 42.277458)",1,10.24,unclassified,20,,,,auto,
1075,,820,484,483,1,"LINESTRING (119.941505 42.277458, 119.941628 42.277472)",1,10.24,unclassified,20,,,,auto,
1076,,821,484,483,1,"LINESTRING (119.941505 42.277458, 119.941628 42.277472)",1,10.24,unclassified,20,,,,auto,
1077,,821,483,484,1,"LINESTRING (119.941628 42.277472, 119.941505 42.277458)",1,10.24,unclassified,20,,,,auto,
1078,,822,484,485,1,"LINESTRING (119.941505 42.277458, 119.941357 42.277404)",1,13.58,unclassified,20,,,,auto,
1079,,822,485,484,1,"LINESTRING (119.941357 42.277404, 119.941505 42.277458)",1,13.58,unclassified,20,,,,auto,
1080,,823,485,484,1,"LINESTRING (119.941357 42.277404, 119.941505 42.277458)",1,13.58,unclassified,20,,,,auto,
1081,,823,484,485,1,"LINESTRING (119.941505 42.277458, 119.941357 42.277404)",1,13.58,unclassified,20,,,,auto,
1082,,824,485,486,1,"LINESTRING (119.941357 42.277404, 119.940568 42.276993)",1,79.39,unclassified,20,,,,auto,
1083,,824,486,485,1,"LINESTRING (119.940568 42.276993, 119.941357 42.277404)",1,79.39,unclassified,20,,,,auto,
1084,,825,486,485,1,"LINESTRING (119.940568 42.276993, 119.941357 42.277404)",1,79.39,unclassified,20,,,,auto,
1085,,825,485,486,1,"LINESTRING (119.941357 42.277404, 119.940568 42.276993)",1,79.39,unclassified,20,,,,auto,
1086,,826,486,487,1,"LINESTRING (119.940568 42.276993, 119.940418 42.276938)",1,13.77,unclassified,20,,,,auto,
1087,,826,487,486,1,"LINESTRING (119.940418 42.276938, 119.940568 42.276993)",1,13.77,unclassified,20,,,,auto,
1088,,827,487,486,1,"LINESTRING (119.940418 42.276938, 119.940568 42.276993)",1,13.77,unclassified,20,,,,auto,
1089,,827,486,487,1,"LINESTRING (119.940568 42.276993, 119.940418 42.276938)",1,13.77,unclassified,20,,,,auto,
1090,,828,487,488,1,"LINESTRING (119.940418 42.276938, 119.940276 42.276932)",1,11.70,unclassified,20,,,,auto,
1091,,828,488,487,1,"LINESTRING (119.940276 42.276932, 119.940418 42.276938)",1,11.70,unclassified,20,,,,auto,
1092,,829,488,487,1,"LINESTRING (119.940276 42.276932, 119.940418 42.276938)",1,11.70,unclassified,20,,,,auto,
1093,,829,487,488,1,"LINESTRING (119.940418 42.276938, 119.940276 42.276932)",1,11.70,unclassified,20,,,,auto,
1094,,830,488,489,1,"LINESTRING (119.940276 42.276932, 119.939965 42.276962)",1,25.80,unclassified,20,,,,auto,
1095,,830,489,488,1,"LINESTRING (119.939965 42.276962, 119.940276 42.276932)",1,25.80,unclassified,20,,,,auto,
1096,,831,489,488,1,"LINESTRING (119.939965 42.276962, 119.940276 42.276932)",1,25.80,unclassified,20,,,,auto,
1097,,831,488,489,1,"LINESTRING (119.940276 42.276932, 119.939965 42.276962)",1,25.80,unclassified,20,,,,auto,
1098,,832,489,490,1,"LINESTRING (119.939965 42.276962, 119.93923 42.27714)",1,63.63,unclassified,20,,,,auto,
1099,,832,490,489,1,"LINESTRING (119.93923 42.27714, 119.939965 42.276962)",1,63.63,unclassified,20,,,,auto,
1100,,833,490,489,1,"LINESTRING (119.93923 42.27714, 119.939965 42.276962)",1,63.63,unclassified,20,,,,auto,
1101,,833,489,490,1,"LINESTRING (119.939965 42.276962, 119.93923 42.27714)",1,63.63,unclassified,20,,,,auto,
1102,,834,490,491,1,"LINESTRING (119.93923 42.27714, 119.938436 42.277348)",1,69.30,unclassified,20,,,,auto,
1103,,834,491,490,1,"LINESTRING (119.938436 42.277348, 119.93923 42.27714)",1,69.30,unclassified,20,,,,auto,
1104,,835,491,490,1,"LINESTRING (119.938436 42.277348, 119.93923 42.27714)",1,69.30,unclassified,20,,,,auto,
1105,,835,490,491,1,"LINESTRING (119.93923 42.27714, 119.938436 42.277348)",1,69.30,unclassified,20,,,,auto,
1106,,836,491,492,1,"LINESTRING (119.938436 42.277348, 119.937838 42.27744)",1,50.25,unclassified,20,,,,auto,
1107,,836,492,491,1,"LINESTRING (119.937838 42.27744, 119.938436 42.277348)",1,50.25,unclassified,20,,,,auto,
1108,,837,492,491,1,"LINESTRING (119.937838 42.27744, 119.938436 42.277348)",1,50.25,unclassified,20,,,,auto,
1109,,837,491,492,1,"LINESTRING (119.938436 42.277348, 119.937838 42.27744)",1,50.25,unclassified,20,,,,auto,
1110,,838,492,493,1,"LINESTRING (119.937838 42.27744, 119.937538 42.277462)",1,24.80,unclassified,20,,,,auto,
1111,,838,493,492,1,"LINESTRING (119.937538 42.277462, 119.937838 42.27744)",1,24.80,unclassified,20,,,,auto,
1112,,839,493,492,1,"LINESTRING (119.937538 42.277462, 119.937838 42.27744)",1,24.80,unclassified,20,,,,auto,
1113,,839,492,493,1,"LINESTRING (119.937838 42.27744, 119.937538 42.277462)",1,24.80,unclassified,20,,,,auto,
1114,,840,493,494,1,"LINESTRING (119.937538 42.277462, 119.937251 42.277479)",1,23.69,unclassified,20,,,,auto,
1115,,840,494,493,1,"LINESTRING (119.937251 42.277479, 119.937538 42.277462)",1,23.69,unclassified,20,,,,auto,
1116,,841,494,493,1,"LINESTRING (119.937251 42.277479, 119.937538 42.277462)",1,23.69,unclassified,20,,,,auto,
1117,,841,493,494,1,"LINESTRING (119.937538 42.277462, 119.937251 42.277479)",1,23.69,unclassified,20,,,,auto,
1118,,842,494,495,1,"LINESTRING (119.937251 42.277479, 119.936956 42.277464)",1,24.33,unclassified,20,,,,auto,
1119,,842,495,494,1,"LINESTRING (119.936956 42.277464, 119.937251 42.277479)",1,24.33,unclassified,20,,,,auto,
1120,,843,495,494,1,"LINESTRING (119.936956 42.277464, 119.937251 42.277479)",1,24.33,unclassified,20,,,,auto,
1121,,843,494,495,1,"LINESTRING (119.937251 42.277479, 119.936956 42.277464)",1,24.33,unclassified,20,,,,auto,
1122,,844,495,496,1,"LINESTRING (119.936956 42.277464, 119.936628 42.277392)",1,28.15,unclassified,20,,,,auto,
1123,,844,496,495,1,"LINESTRING (119.936628 42.277392, 119.936956 42.277464)",1,28.15,unclassified,20,,,,auto,
1124,,845,496,495,1,"LINESTRING (119.936628 42.277392, 119.936956 42.277464)",1,28.15,unclassified,20,,,,auto,
1125,,845,495,496,1,"LINESTRING (119.936956 42.277464, 119.936628 42.277392)",1,28.15,unclassified,20,,,,auto,
1126,,846,496,497,1,"LINESTRING (119.936628 42.277392, 119.936341 42.277281)",1,26.64,unclassified,20,,,,auto,
1127,,846,497,496,1,"LINESTRING (119.936341 42.277281, 119.936628 42.277392)",1,26.64,unclassified,20,,,,auto,
1128,,847,497,496,1,"LINESTRING (119.936341 42.277281, 119.936628 42.277392)",1,26.64,unclassified,20,,,,auto,
1129,,847,496,497,1,"LINESTRING (119.936628 42.277392, 119.936341 42.277281)",1,26.64,unclassified,20,,,,auto,
1130,,848,497,198,1,"LINESTRING (119.936341 42.277281, 119.935639 42.277077)",1,62.05,unclassified,20,,,,auto,
1131,,848,198,497,1,"LINESTRING (119.935639 42.277077, 119.936341 42.277281)",1,62.05,unclassified,20,,,,auto,
1132,,849,198,497,1,"LINESTRING (119.935639 42.277077, 119.936341 42.277281)",1,62.05,unclassified,20,,,,auto,
1133,,849,497,198,1,"LINESTRING (119.936341 42.277281, 119.935639 42.277077)",1,62.05,unclassified,20,,,,auto,
1134,,850,198,197,1,"LINESTRING (119.935639 42.277077, 119.937865 42.275866)",1,227.32,trunk,2,,,,auto,
1135,,850,197,198,1,"LINESTRING (119.937865 42.275866, 119.935639 42.277077)",1,227.32,trunk,2,,,,auto,
1136,,851,198,93,1,"LINESTRING (119.935639 42.277077, 119.935507 42.277148)",1,13.43,trunk,2,,,,auto,
1137,,851,93,198,1,"LINESTRING (119.935507 42.277148, 119.935639 42.277077)",1,13.43,trunk,2,,,,auto,
1138,,852,42,38,1,"LINESTRING (119.90992 42.281599, 119.910586 42.281542)",1,55.16,residential,6,,,,auto,
1139,,852,38,42,1,"LINESTRING (119.910586 42.281542, 119.90992 42.281599)",1,55.16,residential,6,,,,auto,
1140,,853,42,41,1,"LINESTRING (119.90992 42.281599, 119.908246 42.281745)",1,138.67,residential,6,,,,auto,
1141,,853,41,42,1,"LINESTRING (119.908246 42.281745, 119.90992 42.281599)",1,138.67,residential,6,,,,auto,
1142,,887,253,252,1,"LINESTRING (119.909797 42.283808, 119.911506 42.28365)",1,141.68,residential,6,,,,auto,
1143,迎宾大道,889,251,36,1,"LINESTRING (119.911816 42.282508, 119.911654 42.281449)",1,118.51,secondary,4,,3,,auto,
1144,迎宾大道,898,498,285,1,"LINESTRING (119.911282 42.279032, 119.911265 42.278923)",1,12.20,secondary,4,,3,,auto,
1145,迎宾大道,900,284,35,1,"LINESTRING (119.911385 42.279021, 119.911757 42.28144)",1,270.72,secondary,4,,3,,auto,
1146,,902,34,327,1,"LINESTRING (119.91412 42.278739, 119.914103 42.278631)",1,12.09,residential,6,,,,auto,
1147,,904,326,29,1,"LINESTRING (119.914288 42.278721, 119.914686 42.281185)",1,275.93,residential,6,,,,auto,
1148,,906,30,259,1,"LINESTRING (119.917122 42.278428, 119.917106 42.278323)",1,11.75,tertiary,5,,,,auto,
1149,,908,234,233,1,"LINESTRING (119.908024 42.27937, 119.908014 42.279257)",1,12.59,residential,6,,,,auto,
1150,,908,233,234,1,"LINESTRING (119.908014 42.279257, 119.908024 42.27937)",1,12.59,residential,6,,,,auto,
1151,,909,234,43,1,"LINESTRING (119.908024 42.27937, 119.908226 42.281542)",1,242.09,residential,6,,,,auto,
1152,,909,43,234,1,"LINESTRING (119.908226 42.281542, 119.908024 42.27937)",1,242.09,residential,6,,,,auto,
1153,,915,38,36,1,"LINESTRING (119.910586 42.281542, 119.911654 42.281449)",1,88.47,residential,6,,,,auto,
1154,,915,36,38,1,"LINESTRING (119.911654 42.281449, 119.910586 42.281542)",1,88.47,residential,6,,,,auto,
1155,,916,38,42,1,"LINESTRING (119.910586 42.281542, 119.90992 42.281599)",1,55.16,residential,6,,,,auto,
1156,,916,42,38,1,"LINESTRING (119.90992 42.281599, 119.910586 42.281542)",1,55.16,residential,6,,,,auto,
1157,迎宾大道,925,39,498,1,"LINESTRING (119.911469 42.280248, 119.911282 42.279032)",1,136.09,secondary,4,,3,,auto,
1158,,934,499,500,1,"LINESTRING (119.906266 42.272907, 119.906334 42.27355)",1,71.72,residential,6,,,,auto,
1159,,934,500,499,1,"LINESTRING (119.906334 42.27355, 119.906266 42.272907)",1,71.72,residential,6,,,,auto,
1160,,935,501,500,1,"LINESTRING (119.906368 42.273864, 119.906334 42.27355)",1,35.03,residential,6,,,,auto,
1161,,935,500,501,1,"LINESTRING (119.906334 42.27355, 119.906368 42.273864)",1,35.03,residential,6,,,,auto,
1162,,936,501,502,1,"LINESTRING (119.906368 42.273864, 119.906647 42.274594)",1,84.36,residential,6,,,,auto,
1163,,936,502,501,1,"LINESTRING (119.906647 42.274594, 119.906368 42.273864)",1,84.36,residential,6,,,,auto,
1164,,937,502,501,1,"LINESTRING (119.906647 42.274594, 119.906368 42.273864)",1,84.36,residential,6,,,,auto,
1165,,937,501,502,1,"LINESTRING (119.906368 42.273864, 119.906647 42.274594)",1,84.36,residential,6,,,,auto,
1166,,938,502,503,1,"LINESTRING (119.906647 42.274594, 119.90714 42.275455)",1,103.98,residential,6,,,,auto,
1167,,938,503,502,1,"LINESTRING (119.90714 42.275455, 119.906647 42.274594)",1,103.98,residential,6,,,,auto,
1168,,939,504,503,1,"LINESTRING (119.907231 42.275598, 119.90714 42.275455)",1,17.58,residential,6,,,,auto,
1169,,939,503,504,1,"LINESTRING (119.90714 42.275455, 119.907231 42.275598)",1,17.58,residential,6,,,,auto,
1170,,940,504,505,1,"LINESTRING (119.907231 42.275598, 119.907382 42.276118)",1,59.14,residential,6,,,,auto,
1171,,940,505,504,1,"LINESTRING (119.907382 42.276118, 119.907231 42.275598)",1,59.14,residential,6,,,,auto,
1172,,941,505,504,1,"LINESTRING (119.907382 42.276118, 119.907231 42.275598)",1,59.14,residential,6,,,,auto,
1173,,941,504,505,1,"LINESTRING (119.907231 42.275598, 119.907382 42.276118)",1,59.14,residential,6,,,,auto,
1174,,942,505,506,1,"LINESTRING (119.907382 42.276118, 119.907553 42.276813)",1,78.55,residential,6,,,,auto,
1175,,942,506,505,1,"LINESTRING (119.907553 42.276813, 119.907382 42.276118)",1,78.55,residential,6,,,,auto,
1176,,943,506,505,1,"LINESTRING (119.907553 42.276813, 119.907382 42.276118)",1,78.55,residential,6,,,,auto,
1177,,943,505,506,1,"LINESTRING (119.907382 42.276118, 119.907553 42.276813)",1,78.55,residential,6,,,,auto,
1178,,944,506,507,1,"LINESTRING (119.907553 42.276813, 119.907639 42.277256)",1,49.76,residential,6,,,,auto,
1179,,944,507,506,1,"LINESTRING (119.907639 42.277256, 119.907553 42.276813)",1,49.76,residential,6,,,,auto,
1180,,945,508,507,1,"LINESTRING (119.907784 42.278007, 119.907639 42.277256)",1,84.36,residential,6,,,,auto,
1181,,945,507,508,1,"LINESTRING (119.907639 42.277256, 119.907784 42.278007)",1,84.36,residential,6,,,,auto,
1182,,946,508,338,1,"LINESTRING (119.907784 42.278007, 119.907999 42.279154)",1,128.76,residential,6,,,,auto,
1183,,946,338,508,1,"LINESTRING (119.907999 42.279154, 119.907784 42.278007)",1,128.76,residential,6,,,,auto,
1184,,947,338,279,1,"LINESTRING (119.907999 42.279154, 119.911249 42.27882)",1,269.95,tertiary,5,,,,auto,
1185,,948,338,508,1,"LINESTRING (119.907999 42.279154, 119.907784 42.278007)",1,128.76,residential,6,,,,auto,
1186,,948,508,338,1,"LINESTRING (119.907784 42.278007, 119.907999 42.279154)",1,128.76,residential,6,,,,auto,
1187,迎宾大道,949,295,509,1,"LINESTRING (119.910666 42.275144, 119.910362 42.273199)",1,217.72,secondary,4,,3,,auto,
1188,,950,295,510,1,"LINESTRING (119.910666 42.275144, 119.910749 42.275137)",1,6.87,unclassified,20,,,,auto,
1189,,950,510,295,1,"LINESTRING (119.910749 42.275137, 119.910666 42.275144)",1,6.87,unclassified,20,,,,auto,
1190,,951,295,503,1,"LINESTRING (119.910666 42.275144, 119.90714 42.275455)",1,292.16,unclassified,20,,,,auto,
1191,,951,503,295,1,"LINESTRING (119.90714 42.275455, 119.910666 42.275144)",1,292.16,unclassified,20,,,,auto,
1192,迎宾大道,952,510,291,1,"LINESTRING (119.910749 42.275137, 119.910788 42.27539)",1,28.31,secondary,4,,3,,auto,
1193,,953,510,334,1,"LINESTRING (119.910749 42.275137, 119.913499 42.274895)",1,227.85,unclassified,20,,,,auto,
1194,,953,334,510,1,"LINESTRING (119.913499 42.274895, 119.910749 42.275137)",1,227.85,unclassified,20,,,,auto,
1195,,954,510,295,1,"LINESTRING (119.910749 42.275137, 119.910666 42.275144)",1,6.87,unclassified,20,,,,auto,
1196,,954,295,510,1,"LINESTRING (119.910666 42.275144, 119.910749 42.275137)",1,6.87,unclassified,20,,,,auto,
1197,,955,334,511,1,"LINESTRING (119.913499 42.274895, 119.913212 42.272946)",1,218.00,residential,6,,,,auto,
1198,,956,334,512,1,"LINESTRING (119.913499 42.274895, 119.913667 42.27488)",1,13.92,unclassified,20,,,,auto,
1199,,956,512,334,1,"LINESTRING (119.913667 42.27488, 119.913499 42.274895)",1,13.92,unclassified,20,,,,auto,
1200,,957,334,510,1,"LINESTRING (119.913499 42.274895, 119.910749 42.275137)",1,227.85,unclassified,20,,,,auto,
1201,,957,510,334,1,"LINESTRING (119.910749 42.275137, 119.913499 42.274895)",1,227.85,unclassified,20,,,,auto,
1202,,958,512,332,1,"LINESTRING (119.913667 42.27488, 119.914222 42.278316)",1,384.78,residential,6,,,,auto,
1203,,959,512,273,1,"LINESTRING (119.913667 42.27488, 119.916523 42.274628)",1,236.65,unclassified,20,,,,auto,
1204,,959,273,512,1,"LINESTRING (119.916523 42.274628, 119.913667 42.27488)",1,236.65,unclassified,20,,,,auto,
1205,,960,512,334,1,"LINESTRING (119.913667 42.27488, 119.913499 42.274895)",1,13.92,unclassified,20,,,,auto,
1206,,960,334,512,1,"LINESTRING (119.913499 42.274895, 119.913667 42.27488)",1,13.92,unclassified,20,,,,auto,
1207,,961,273,443,1,"LINESTRING (119.916523 42.274628, 119.916642 42.274618)",1,9.85,unclassified,20,,,,auto,
1208,,961,443,273,1,"LINESTRING (119.916642 42.274618, 119.916523 42.274628)",1,9.85,unclassified,20,,,,auto,
1209,,962,273,512,1,"LINESTRING (119.916523 42.274628, 119.913667 42.27488)",1,236.65,unclassified,20,,,,auto,
1210,,962,512,273,1,"LINESTRING (119.913667 42.27488, 119.916523 42.274628)",1,236.65,unclassified,20,,,,auto,
1211,,963,443,272,1,"LINESTRING (119.916642 42.274618, 119.917114 42.277649)",1,339.26,tertiary,5,,,,auto,
1212,,964,443,441,1,"LINESTRING (119.916642 42.274618, 119.920337 42.274292)",1,306.17,unclassified,20,,,,auto,
1213,,964,441,443,1,"LINESTRING (119.920337 42.274292, 119.916642 42.274618)",1,306.17,unclassified,20,,,,auto,
1214,,965,443,273,1,"LINESTRING (119.916642 42.274618, 119.916523 42.274628)",1,9.85,unclassified,20,,,,auto,
1215,,965,273,443,1,"LINESTRING (119.916523 42.274628, 119.916642 42.274618)",1,9.85,unclassified,20,,,,auto,
1216,,966,503,502,1,"LINESTRING (119.90714 42.275455, 119.906647 42.274594)",1,103.98,residential,6,,,,auto,
1217,,966,502,503,1,"LINESTRING (119.906647 42.274594, 119.90714 42.275455)",1,103.98,residential,6,,,,auto,
1218,,967,503,504,1,"LINESTRING (119.90714 42.275455, 119.907231 42.275598)",1,17.58,residential,6,,,,auto,
1219,,967,504,503,1,"LINESTRING (119.907231 42.275598, 119.90714 42.275455)",1,17.58,residential,6,,,,auto,
1220,,968,503,295,1,"LINESTRING (119.90714 42.275455, 119.910666 42.275144)",1,292.16,unclassified,20,,,,auto,
1221,,968,295,503,1,"LINESTRING (119.910666 42.275144, 119.90714 42.275455)",1,292.16,unclassified,20,,,,auto,
1222,,969,513,512,1,"LINESTRING (119.913369 42.272932, 119.913667 42.27488)",1,217.99,residential,6,,,,auto,
1223,,970,513,511,1,"LINESTRING (119.913369 42.272932, 119.913212 42.272946)",1,13.01,residential,6,,,,auto,
1224,,970,511,513,1,"LINESTRING (119.913212 42.272946, 119.913369 42.272932)",1,13.01,residential,6,,,,auto,
1225,,971,511,513,1,"LINESTRING (119.913212 42.272946, 119.913369 42.272932)",1,13.01,residential,6,,,,auto,
1226,,971,513,511,1,"LINESTRING (119.913369 42.272932, 119.913212 42.272946)",1,13.01,residential,6,,,,auto,
1227,,972,511,514,1,"LINESTRING (119.913212 42.272946, 119.910448 42.273192)",1,229.06,residential,6,,,,auto,
1228,,972,514,511,1,"LINESTRING (119.910448 42.273192, 119.913212 42.272946)",1,229.06,residential,6,,,,auto,
1229,,973,456,455,1,"LINESTRING (119.906875 42.287935, 119.906754 42.287858)",1,13.13,unclassified,20,,,,auto,
1230,,973,455,456,1,"LINESTRING (119.906754 42.287858, 119.906875 42.287935)",1,13.13,unclassified,20,,,,auto,
1231,,974,456,457,1,"LINESTRING (119.906875 42.287935, 119.906952 42.287985)",1,8.43,unclassified,20,,,,auto,
1232,,974,457,456,1,"LINESTRING (119.906952 42.287985, 119.906875 42.287935)",1,8.43,unclassified,20,,,,auto,
1233,,975,515,460,1,"LINESTRING (119.906955 42.288991, 119.907482 42.288949)",1,43.60,residential,6,,,,auto,
1234,,975,460,515,1,"LINESTRING (119.907482 42.288949, 119.906955 42.288991)",1,43.60,residential,6,,,,auto,
1235,,976,515,516,1,"LINESTRING (119.906955 42.288991, 119.905702 42.28909)",1,103.65,residential,6,,,,auto,
1236,,976,516,515,1,"LINESTRING (119.905702 42.28909, 119.906955 42.288991)",1,103.65,residential,6,,,,auto,
1237,,978,517,518,1,"LINESTRING (119.904289 42.289124, 119.905278 42.289046)",1,81.81,residential,6,,,,auto,
1238,,978,518,517,1,"LINESTRING (119.905278 42.289046, 119.904289 42.289124)",1,81.81,residential,6,,,,auto,
1239,,979,517,475,1,"LINESTRING (119.904289 42.289124, 119.902162 42.289292)",1,175.96,residential,6,,,,auto,
1240,,979,475,517,1,"LINESTRING (119.902162 42.289292, 119.904289 42.289124)",1,175.96,residential,6,,,,auto,
1241,,981,460,459,1,"LINESTRING (119.907482 42.288949, 119.907387 42.288612)",1,38.28,unclassified,20,,,,auto,
1242,,981,459,460,1,"LINESTRING (119.907387 42.288612, 119.907482 42.288949)",1,38.28,unclassified,20,,,,auto,
1243,,982,460,461,1,"LINESTRING (119.907482 42.288949, 119.90766 42.28958)",1,71.68,unclassified,20,,,,auto,
1244,,982,461,460,1,"LINESTRING (119.90766 42.28958, 119.907482 42.288949)",1,71.68,unclassified,20,,,,auto,
1245,,983,460,515,1,"LINESTRING (119.907482 42.288949, 119.906955 42.288991)",1,43.60,residential,6,,,,auto,
1246,,983,515,460,1,"LINESTRING (119.906955 42.288991, 119.907482 42.288949)",1,43.60,residential,6,,,,auto,
1247,,984,516,515,1,"LINESTRING (119.905702 42.28909, 119.906955 42.288991)",1,103.65,residential,6,,,,auto,
1248,,984,515,516,1,"LINESTRING (119.906955 42.288991, 119.905702 42.28909)",1,103.65,residential,6,,,,auto,
1249,,985,516,518,1,"LINESTRING (119.905702 42.28909, 119.905278 42.289046)",1,35.22,residential,6,,,,auto,
1250,,985,518,516,1,"LINESTRING (119.905278 42.289046, 119.905702 42.28909)",1,35.22,residential,6,,,,auto,
1251,,986,518,516,1,"LINESTRING (119.905278 42.289046, 119.905702 42.28909)",1,35.22,residential,6,,,,auto,
1252,,986,516,518,1,"LINESTRING (119.905702 42.28909, 119.905278 42.289046)",1,35.22,residential,6,,,,auto,
1253,,987,518,517,1,"LINESTRING (119.905278 42.289046, 119.904289 42.289124)",1,81.81,residential,6,,,,auto,
1254,,987,517,518,1,"LINESTRING (119.904289 42.289124, 119.905278 42.289046)",1,81.81,residential,6,,,,auto,
1255,,988,518,453,1,"LINESTRING (119.905278 42.289046, 119.905096 42.287817)",1,137.48,residential,6,,,,auto,
1256,,988,453,518,1,"LINESTRING (119.905096 42.287817, 119.905278 42.289046)",1,137.48,residential,6,,,,auto,
1257,,989,518,519,1,"LINESTRING (119.905278 42.289046, 119.905547 42.29086)",1,202.92,residential,6,,,,auto,
1258,,989,519,518,1,"LINESTRING (119.905547 42.29086, 119.905278 42.289046)",1,202.92,residential,6,,,,auto,
1259,,990,475,313,1,"LINESTRING (119.902162 42.289292, 119.901974 42.288093)",1,134.22,residential,6,,,,auto,
1260,,990,313,475,1,"LINESTRING (119.901974 42.288093, 119.902162 42.289292)",1,134.22,residential,6,,,,auto,
1261,,991,475,471,1,"LINESTRING (119.902162 42.289292, 119.902481 42.291324)",1,227.47,residential,6,,,,auto,
1262,,991,471,475,1,"LINESTRING (119.902481 42.291324, 119.902162 42.289292)",1,227.47,residential,6,,,,auto,
1263,,992,475,517,1,"LINESTRING (119.902162 42.289292, 119.904289 42.289124)",1,175.96,residential,6,,,,auto,
1264,,992,517,475,1,"LINESTRING (119.904289 42.289124, 119.902162 42.289292)",1,175.96,residential,6,,,,auto,
1265,,993,475,405,1,"LINESTRING (119.902162 42.289292, 119.900894 42.289415)",1,105.19,residential,6,,,,auto,
1266,,993,405,475,1,"LINESTRING (119.900894 42.289415, 119.902162 42.289292)",1,105.19,residential,6,,,,auto,
1267,,994,405,473,1,"LINESTRING (119.900894 42.289415, 119.901234 42.291714)",1,257.16,primary,3,,,,auto,
1268,,995,405,475,1,"LINESTRING (119.900894 42.289415, 119.902162 42.289292)",1,105.19,residential,6,,,,auto,
1269,,995,475,405,1,"LINESTRING (119.902162 42.289292, 119.900894 42.289415)",1,105.19,residential,6,,,,auto,
1270,,996,453,313,1,"LINESTRING (119.905096 42.287817, 119.901974 42.288093)",1,258.64,primary,3,,3,,auto,
1271,,997,453,518,1,"LINESTRING (119.905096 42.287817, 119.905278 42.289046)",1,137.48,residential,6,,,,auto,
1272,,997,518,453,1,"LINESTRING (119.905278 42.289046, 119.905096 42.287817)",1,137.48,residential,6,,,,auto,
1273,,998,519,518,1,"LINESTRING (119.905547 42.29086, 119.905278 42.289046)",1,202.92,residential,6,,,,auto,
1274,,998,518,519,1,"LINESTRING (119.905278 42.289046, 119.905547 42.29086)",1,202.92,residential,6,,,,auto,
1275,,999,520,348,1,"LINESTRING (119.904603 42.283913, 119.904661 42.284355)",1,49.38,residential,6,,,,auto,
1276,,999,348,520,1,"LINESTRING (119.904661 42.284355, 119.904603 42.283913)",1,49.38,residential,6,,,,auto,
1277,,1000,520,521,1,"LINESTRING (119.904603 42.283913, 119.904589 42.283885)",1,3.32,residential,6,,,,auto,
1278,,1000,521,520,1,"LINESTRING (119.904589 42.283885, 119.904603 42.283913)",1,3.32,residential,6,,,,auto,
1279,,1001,521,520,1,"LINESTRING (119.904589 42.283885, 119.904603 42.283913)",1,3.32,residential,6,,,,auto,
1280,,1001,520,521,1,"LINESTRING (119.904603 42.283913, 119.904589 42.283885)",1,3.32,residential,6,,,,auto,
1281,,1002,521,522,1,"LINESTRING (119.904589 42.283885, 119.904546 42.283875)",1,3.71,residential,6,,,,auto,
1282,,1002,522,521,1,"LINESTRING (119.904546 42.283875, 119.904589 42.283885)",1,3.71,residential,6,,,,auto,
1283,,1003,522,521,1,"LINESTRING (119.904546 42.283875, 119.904589 42.283885)",1,3.71,residential,6,,,,auto,
1284,,1003,521,522,1,"LINESTRING (119.904589 42.283885, 119.904546 42.283875)",1,3.71,residential,6,,,,auto,
1285,,1004,522,523,1,"LINESTRING (119.904546 42.283875, 119.904426 42.283885)",1,9.93,residential,6,,,,auto,
1286,,1004,523,522,1,"LINESTRING (119.904426 42.283885, 119.904546 42.283875)",1,9.93,residential,6,,,,auto,
1287,,1005,523,522,1,"LINESTRING (119.904426 42.283885, 119.904546 42.283875)",1,9.93,residential,6,,,,auto,
1288,,1005,522,523,1,"LINESTRING (119.904546 42.283875, 119.904426 42.283885)",1,9.93,residential,6,,,,auto,
1289,,1006,523,524,1,"LINESTRING (119.904426 42.283885, 119.904375 42.283844)",1,6.20,residential,6,,,,auto,
1290,,1006,524,523,1,"LINESTRING (119.904375 42.283844, 119.904426 42.283885)",1,6.20,residential,6,,,,auto,
1291,,1007,524,523,1,"LINESTRING (119.904375 42.283844, 119.904426 42.283885)",1,6.20,residential,6,,,,auto,
1292,,1007,523,524,1,"LINESTRING (119.904426 42.283885, 119.904375 42.283844)",1,6.20,residential,6,,,,auto,
1293,,1008,524,525,1,"LINESTRING (119.904375 42.283844, 119.904198 42.283231)",1,69.70,residential,6,,,,auto,
1294,,1008,525,524,1,"LINESTRING (119.904198 42.283231, 119.904375 42.283844)",1,69.70,residential,6,,,,auto,
1295,,1009,525,524,1,"LINESTRING (119.904198 42.283231, 119.904375 42.283844)",1,69.70,residential,6,,,,auto,
1296,,1009,524,525,1,"LINESTRING (119.904375 42.283844, 119.904198 42.283231)",1,69.70,residential,6,,,,auto,
1297,,1010,525,526,1,"LINESTRING (119.904198 42.283231, 119.904391 42.283224)",1,15.90,residential,6,,,,auto,
1298,,1010,526,525,1,"LINESTRING (119.904391 42.283224, 119.904198 42.283231)",1,15.90,residential,6,,,,auto,
1299,,1011,525,527,1,"LINESTRING (119.904198 42.283231, 119.903701 42.283249)",1,40.93,residential,6,,,,auto,
1300,,1011,527,525,1,"LINESTRING (119.903701 42.283249, 119.904198 42.283231)",1,40.93,residential,6,,,,auto,
1301,,1029,348,345,1,"LINESTRING (119.904661 42.284355, 119.905986 42.28423)",1,109.88,tertiary,5,,,,auto,
1302,,1029,345,348,1,"LINESTRING (119.905986 42.28423, 119.904661 42.284355)",1,109.88,tertiary,5,,,,auto,
1303,,1030,348,322,1,"LINESTRING (119.904661 42.284355, 119.904004 42.284416)",1,54.47,tertiary,5,,,,auto,
1304,,1030,322,348,1,"LINESTRING (119.904004 42.284416, 119.904661 42.284355)",1,54.47,tertiary,5,,,,auto,
1305,,1031,348,520,1,"LINESTRING (119.904661 42.284355, 119.904603 42.283913)",1,49.38,residential,6,,,,auto,
1306,,1031,520,348,1,"LINESTRING (119.904603 42.283913, 119.904661 42.284355)",1,49.38,residential,6,,,,auto,
1307,,1034,322,348,1,"LINESTRING (119.904004 42.284416, 119.904661 42.284355)",1,54.47,tertiary,5,,,,auto,
1308,,1034,348,322,1,"LINESTRING (119.904661 42.284355, 119.904004 42.284416)",1,54.47,tertiary,5,,,,auto,
1309,,1035,322,311,1,"LINESTRING (119.904004 42.284416, 119.902812 42.284528)",1,98.85,tertiary,5,,,,auto,
1310,,1035,311,322,1,"LINESTRING (119.902812 42.284528, 119.904004 42.284416)",1,98.85,tertiary,5,,,,auto,
1311,,1043,344,138,1,"LINESTRING (119.905476 42.280629, 119.905324 42.279463)",1,130.25,tertiary,5,,,,auto,
1312,,1043,138,344,1,"LINESTRING (119.905324 42.279463, 119.905476 42.280629)",1,130.25,tertiary,5,,,,auto,
1313,,1044,344,349,1,"LINESTRING (119.905476 42.280629, 119.905721 42.282508)",1,209.91,tertiary,5,,,,auto,
1314,,1044,349,344,1,"LINESTRING (119.905721 42.282508, 119.905476 42.280629)",1,209.91,tertiary,5,,,,auto,
1315,,1047,528,529,1,"LINESTRING (119.90398 42.281345, 119.903841 42.280893)",1,51.54,residential,6,,,,auto,
1316,,1047,529,528,1,"LINESTRING (119.903841 42.280893, 119.90398 42.281345)",1,51.54,residential,6,,,,auto,
1317,,1048,528,530,1,"LINESTRING (119.90398 42.281345, 119.904214 42.282445)",1,123.82,residential,6,,,,auto,
1318,,1048,530,528,1,"LINESTRING (119.904214 42.282445, 119.90398 42.281345)",1,123.82,residential,6,,,,auto,
1319,,1049,530,528,1,"LINESTRING (119.904214 42.282445, 119.90398 42.281345)",1,123.82,residential,6,,,,auto,
1320,,1049,528,530,1,"LINESTRING (119.90398 42.281345, 119.904214 42.282445)",1,123.82,residential,6,,,,auto,
1321,,1050,530,526,1,"LINESTRING (119.904214 42.282445, 119.904391 42.283224)",1,87.84,residential,6,,,,auto,
1322,,1050,526,530,1,"LINESTRING (119.904391 42.283224, 119.904214 42.282445)",1,87.84,residential,6,,,,auto,
1323,,1051,526,530,1,"LINESTRING (119.904391 42.283224, 119.904214 42.282445)",1,87.84,residential,6,,,,auto,
1324,,1051,530,526,1,"LINESTRING (119.904214 42.282445, 119.904391 42.283224)",1,87.84,residential,6,,,,auto,
1325,,1052,526,531,1,"LINESTRING (119.904391 42.283224, 119.904545 42.283226)",1,12.67,residential,6,,,,auto,
1326,,1052,531,526,1,"LINESTRING (119.904545 42.283226, 119.904391 42.283224)",1,12.67,residential,6,,,,auto,
1327,,1053,526,525,1,"LINESTRING (119.904391 42.283224, 119.904198 42.283231)",1,15.90,residential,6,,,,auto,
1328,,1053,525,526,1,"LINESTRING (119.904198 42.283231, 119.904391 42.283224)",1,15.90,residential,6,,,,auto,
1329,,1054,529,298,1,"LINESTRING (119.903841 42.280893, 119.903294 42.280954)",1,45.51,residential,6,,,,auto,
1330,,1054,298,529,1,"LINESTRING (119.903294 42.280954, 119.903841 42.280893)",1,45.51,residential,6,,,,auto,
1331,,1055,529,528,1,"LINESTRING (119.903841 42.280893, 119.90398 42.281345)",1,51.54,residential,6,,,,auto,
1332,,1055,528,529,1,"LINESTRING (119.90398 42.281345, 119.903841 42.280893)",1,51.54,residential,6,,,,auto,
1333,,1056,298,529,1,"LINESTRING (119.903294 42.280954, 119.903841 42.280893)",1,45.51,residential,6,,,,auto,
1334,,1056,529,298,1,"LINESTRING (119.903841 42.280893, 119.903294 42.280954)",1,45.51,residential,6,,,,auto,
1335,,1057,298,297,1,"LINESTRING (119.903294 42.280954, 119.902198 42.281082)",1,91.28,residential,6,,,,auto,
1336,,1057,297,298,1,"LINESTRING (119.902198 42.281082, 119.903294 42.280954)",1,91.28,residential,6,,,,auto,
1337,,1058,298,532,1,"LINESTRING (119.903294 42.280954, 119.903471 42.281972)",1,114.13,residential,6,,,,auto,
1338,,1058,532,298,1,"LINESTRING (119.903471 42.281972, 119.903294 42.280954)",1,114.13,residential,6,,,,auto,
1339,,1059,532,298,1,"LINESTRING (119.903471 42.281972, 119.903294 42.280954)",1,114.13,residential,6,,,,auto,
1340,,1059,298,532,1,"LINESTRING (119.903294 42.280954, 119.903471 42.281972)",1,114.13,residential,6,,,,auto,
1341,,1060,532,527,1,"LINESTRING (119.903471 42.281972, 119.903701 42.283249)",1,143.25,residential,6,,,,auto,
1342,,1060,527,532,1,"LINESTRING (119.903701 42.283249, 119.903471 42.281972)",1,143.25,residential,6,,,,auto,
1343,,1061,527,532,1,"LINESTRING (119.903701 42.283249, 119.903471 42.281972)",1,143.25,residential,6,,,,auto,
1344,,1061,532,527,1,"LINESTRING (119.903471 42.281972, 119.903701 42.283249)",1,143.25,residential,6,,,,auto,
1345,,1062,527,525,1,"LINESTRING (119.903701 42.283249, 119.904198 42.283231)",1,40.93,residential,6,,,,auto,
1346,,1062,525,527,1,"LINESTRING (119.904198 42.283231, 119.903701 42.283249)",1,40.93,residential,6,,,,auto,
1347,,1063,527,533,1,"LINESTRING (119.903701 42.283249, 119.903551 42.283254)",1,12.35,residential,6,,,,auto,
1348,,1063,533,527,1,"LINESTRING (119.903551 42.283254, 119.903701 42.283249)",1,12.35,residential,6,,,,auto,
1349,,1064,346,349,1,"LINESTRING (119.905816 42.283125, 119.905721 42.282508)",1,69.05,tertiary,5,,,,auto,
1350,,1064,349,346,1,"LINESTRING (119.905721 42.282508, 119.905816 42.283125)",1,69.05,tertiary,5,,,,auto,
1351,,1065,346,345,1,"LINESTRING (119.905816 42.283125, 119.905986 42.28423)",1,123.66,tertiary,5,,,,auto,
1352,,1065,345,346,1,"LINESTRING (119.905986 42.28423, 119.905816 42.283125)",1,123.66,tertiary,5,,,,auto,
1353,,1066,346,531,1,"LINESTRING (119.905816 42.283125, 119.904545 42.283226)",1,105.16,residential,6,,,,auto,
1354,,1066,531,346,1,"LINESTRING (119.904545 42.283226, 119.905816 42.283125)",1,105.16,residential,6,,,,auto,
1355,,1067,531,346,1,"LINESTRING (119.904545 42.283226, 119.905816 42.283125)",1,105.16,residential,6,,,,auto,
1356,,1067,346,531,1,"LINESTRING (119.905816 42.283125, 119.904545 42.283226)",1,105.16,residential,6,,,,auto,
1357,,1068,531,526,1,"LINESTRING (119.904545 42.283226, 119.904391 42.283224)",1,12.67,residential,6,,,,auto,
1358,,1068,526,531,1,"LINESTRING (119.904391 42.283224, 119.904545 42.283226)",1,12.67,residential,6,,,,auto,
1359,,1069,533,527,1,"LINESTRING (119.903551 42.283254, 119.903701 42.283249)",1,12.35,residential,6,,,,auto,
1360,,1069,527,533,1,"LINESTRING (119.903701 42.283249, 119.903551 42.283254)",1,12.35,residential,6,,,,auto,
1361,,1070,533,534,1,"LINESTRING (119.903551 42.283254, 119.903342 42.283246)",1,17.22,residential,6,,,,auto,
1362,,1070,534,533,1,"LINESTRING (119.903342 42.283246, 119.903551 42.283254)",1,17.22,residential,6,,,,auto,
1363,,1071,534,533,1,"LINESTRING (119.903342 42.283246, 119.903551 42.283254)",1,17.22,residential,6,,,,auto,
1364,,1071,533,534,1,"LINESTRING (119.903551 42.283254, 119.903342 42.283246)",1,17.22,residential,6,,,,auto,
1365,,1072,534,535,1,"LINESTRING (119.903342 42.283246, 119.90317 42.283209)",1,14.74,residential,6,,,,auto,
1366,,1072,535,534,1,"LINESTRING (119.90317 42.283209, 119.903342 42.283246)",1,14.74,residential,6,,,,auto,
1367,,1073,535,534,1,"LINESTRING (119.90317 42.283209, 119.903342 42.283246)",1,14.74,residential,6,,,,auto,
1368,,1073,534,535,1,"LINESTRING (119.903342 42.283246, 119.90317 42.283209)",1,14.74,residential,6,,,,auto,
1369,,1074,535,536,1,"LINESTRING (119.90317 42.283209, 119.902996 42.283205)",1,14.32,residential,6,,,,auto,
1370,,1074,536,535,1,"LINESTRING (119.902996 42.283205, 119.90317 42.283209)",1,14.32,residential,6,,,,auto,
1371,,1075,536,535,1,"LINESTRING (119.902996 42.283205, 119.90317 42.283209)",1,14.32,residential,6,,,,auto,
1372,,1075,535,536,1,"LINESTRING (119.90317 42.283209, 119.902996 42.283205)",1,14.32,residential,6,,,,auto,
1373,,1076,536,319,1,"LINESTRING (119.902996 42.283205, 119.902638 42.283251)",1,29.89,residential,6,,,,auto,
1374,,1076,319,536,1,"LINESTRING (119.902638 42.283251, 119.902996 42.283205)",1,29.89,residential,6,,,,auto,
1375,,1077,319,318,1,"LINESTRING (119.902638 42.283251, 119.902449 42.282341)",1,102.37,unclassified,20,,,,auto,
1376,,1077,318,319,1,"LINESTRING (119.902449 42.282341, 119.902638 42.283251)",1,102.37,unclassified,20,,,,auto,
1377,,1078,319,321,1,"LINESTRING (119.902638 42.283251, 119.902665 42.283382)",1,14.73,unclassified,20,,,,auto,
1378,,1078,321,319,1,"LINESTRING (119.902665 42.283382, 119.902638 42.283251)",1,14.73,unclassified,20,,,,auto,
1379,,1079,319,536,1,"LINESTRING (119.902638 42.283251, 119.902996 42.283205)",1,29.89,residential,6,,,,auto,
1380,,1079,536,319,1,"LINESTRING (119.902996 42.283205, 119.902638 42.283251)",1,29.89,residential,6,,,,auto,
1381,,1080,321,319,1,"LINESTRING (119.902665 42.283382, 119.902638 42.283251)",1,14.73,unclassified,20,,,,auto,
1382,,1080,319,321,1,"LINESTRING (119.902638 42.283251, 119.902665 42.283382)",1,14.73,unclassified,20,,,,auto,
1383,,1081,321,320,1,"LINESTRING (119.902665 42.283382, 119.902685 42.283478)",1,10.80,unclassified,20,,,,auto,
1384,,1081,320,321,1,"LINESTRING (119.902685 42.283478, 119.902665 42.283382)",1,10.80,unclassified,20,,,,auto,
1385,,1082,321,309,1,"LINESTRING (119.902665 42.283382, 119.901228 42.283519)",1,119.19,residential,6,,,,auto,
1386,,1082,309,321,1,"LINESTRING (119.901228 42.283519, 119.902665 42.283382)",1,119.19,residential,6,,,,auto,
1387,,1083,309,304,1,"LINESTRING (119.901228 42.283519, 119.901035 42.282359)",1,129.96,residential,6,,,,auto,
1388,,1083,304,309,1,"LINESTRING (119.901035 42.282359, 119.901228 42.283519)",1,129.96,residential,6,,,,auto,
1389,,1084,309,308,1,"LINESTRING (119.901228 42.283519, 119.901417 42.284659)",1,127.71,residential,6,,,,auto,
1390,,1084,308,309,1,"LINESTRING (119.901417 42.284659, 119.901228 42.283519)",1,127.71,residential,6,,,,auto,
1391,,1085,309,321,1,"LINESTRING (119.901228 42.283519, 119.902665 42.283382)",1,119.19,residential,6,,,,auto,
1392,,1085,321,309,1,"LINESTRING (119.902665 42.283382, 119.901228 42.283519)",1,119.19,residential,6,,,,auto,
1393,,1086,309,537,1,"LINESTRING (119.901228 42.283519, 119.899976 42.283625)",1,103.67,residential,6,,,,auto,
1394,,1086,537,309,1,"LINESTRING (119.899976 42.283625, 119.901228 42.283519)",1,103.67,residential,6,,,,auto,
1395,,1087,537,312,1,"LINESTRING (119.899976 42.283625, 119.900174 42.284776)",1,129.02,secondary,4,,,,auto,
1396,,1088,537,309,1,"LINESTRING (119.899976 42.283625, 119.901228 42.283519)",1,103.67,residential,6,,,,auto,
1397,,1088,309,537,1,"LINESTRING (119.901228 42.283519, 119.899976 42.283625)",1,103.67,residential,6,,,,auto,
1398,,1089,317,316,1,"LINESTRING (119.902424 42.282231, 119.90232 42.281774)",1,51.53,unclassified,20,,,,auto,
1399,,1089,316,317,1,"LINESTRING (119.90232 42.281774, 119.902424 42.282231)",1,51.53,unclassified,20,,,,auto,
1400,,1090,317,318,1,"LINESTRING (119.902424 42.282231, 119.902449 42.282341)",1,12.40,unclassified,20,,,,auto,
1401,,1090,318,317,1,"LINESTRING (119.902449 42.282341, 119.902424 42.282231)",1,12.40,unclassified,20,,,,auto,
1402,,1091,317,304,1,"LINESTRING (119.902424 42.282231, 119.901035 42.282359)",1,115.15,residential,6,,,,auto,
1403,,1091,304,317,1,"LINESTRING (119.901035 42.282359, 119.902424 42.282231)",1,115.15,residential,6,,,,auto,
1404,,1092,304,299,1,"LINESTRING (119.901035 42.282359, 119.900844 42.28121)",1,128.73,residential,6,,,,auto,
1405,,1092,299,304,1,"LINESTRING (119.900844 42.28121, 119.901035 42.282359)",1,128.73,residential,6,,,,auto,
1406,,1093,304,309,1,"LINESTRING (119.901035 42.282359, 119.901228 42.283519)",1,129.96,residential,6,,,,auto,
1407,,1093,309,304,1,"LINESTRING (119.901228 42.283519, 119.901035 42.282359)",1,129.96,residential,6,,,,auto,
1408,,1094,304,317,1,"LINESTRING (119.901035 42.282359, 119.902424 42.282231)",1,115.15,residential,6,,,,auto,
1409,,1094,317,304,1,"LINESTRING (119.902424 42.282231, 119.901035 42.282359)",1,115.15,residential,6,,,,auto,
1410,,1095,304,305,1,"LINESTRING (119.901035 42.282359, 119.899775 42.282457)",1,104.23,residential,6,,,,auto,
1411,,1095,305,304,1,"LINESTRING (119.899775 42.282457, 119.901035 42.282359)",1,104.23,residential,6,,,,auto,
1412,,1096,305,537,1,"LINESTRING (119.899775 42.282457, 119.899976 42.283625)",1,130.92,secondary,4,,,,auto,
1413,,1097,305,304,1,"LINESTRING (119.899775 42.282457, 119.901035 42.282359)",1,104.23,residential,6,,,,auto,
1414,,1097,304,305,1,"LINESTRING (119.901035 42.282359, 119.899775 42.282457)",1,104.23,residential,6,,,,auto,
1415,,1100,538,539,1,"LINESTRING (119.89873 42.281394, 119.899464 42.281328)",1,60.83,residential,6,,,,auto,
1416,,1100,539,538,1,"LINESTRING (119.899464 42.281328, 119.89873 42.281394)",1,60.83,residential,6,,,,auto,
1417,,1101,538,540,1,"LINESTRING (119.89873 42.281394, 119.89812 42.281449)",1,50.55,residential,6,,,,auto,
1418,,1101,540,538,1,"LINESTRING (119.89812 42.281449, 119.89873 42.281394)",1,50.55,residential,6,,,,auto,
1419,,1102,539,342,1,"LINESTRING (119.899464 42.281328, 119.899262 42.280069)",1,140.98,secondary,4,,,,auto,
1420,,1103,539,538,1,"LINESTRING (119.899464 42.281328, 119.89873 42.281394)",1,60.83,residential,6,,,,auto,
1421,,1103,538,539,1,"LINESTRING (119.89873 42.281394, 119.899464 42.281328)",1,60.83,residential,6,,,,auto,
1422,,1104,540,538,1,"LINESTRING (119.89812 42.281449, 119.89873 42.281394)",1,50.55,residential,6,,,,auto,
1423,,1104,538,540,1,"LINESTRING (119.89873 42.281394, 119.89812 42.281449)",1,50.55,residential,6,,,,auto,
1424,,1105,540,541,1,"LINESTRING (119.89812 42.281449, 119.897901 42.280161)",1,144.35,unclassified,20,,,,auto,
1425,,1105,541,540,1,"LINESTRING (119.897901 42.280161, 119.89812 42.281449)",1,144.35,unclassified,20,,,,auto,
1426,,1106,540,542,1,"LINESTRING (119.89812 42.281449, 119.898317 42.282611)",1,130.22,unclassified,20,,,,auto,
1427,,1106,542,540,1,"LINESTRING (119.898317 42.282611, 119.89812 42.281449)",1,130.22,unclassified,20,,,,auto,
1428,,1107,541,371,1,"LINESTRING (119.897901 42.280161, 119.898346 42.280127)",1,36.80,tertiary,5,,,,auto,
1429,,1107,371,541,1,"LINESTRING (119.898346 42.280127, 119.897901 42.280161)",1,36.80,tertiary,5,,,,auto,
1430,,1108,541,543,1,"LINESTRING (119.897901 42.280161, 119.897719 42.280175)",1,15.05,tertiary,5,,,,auto,
1431,,1108,543,541,1,"LINESTRING (119.897719 42.280175, 119.897901 42.280161)",1,15.05,tertiary,5,,,,auto,
1432,,1109,541,540,1,"LINESTRING (119.897901 42.280161, 119.89812 42.281449)",1,144.35,unclassified,20,,,,auto,
1433,,1109,540,541,1,"LINESTRING (119.89812 42.281449, 119.897901 42.280161)",1,144.35,unclassified,20,,,,auto,
1434,,1110,542,357,1,"LINESTRING (119.898317 42.282611, 119.899653 42.282503)",1,110.56,unclassified,20,,,,auto,
1435,,1110,357,542,1,"LINESTRING (119.899653 42.282503, 119.898317 42.282611)",1,110.56,unclassified,20,,,,auto,
1436,,1111,542,540,1,"LINESTRING (119.898317 42.282611, 119.89812 42.281449)",1,130.22,unclassified,20,,,,auto,
1437,,1111,540,542,1,"LINESTRING (119.89812 42.281449, 119.898317 42.282611)",1,130.22,unclassified,20,,,,auto,
1438,,1112,542,356,1,"LINESTRING (119.898317 42.282611, 119.898661 42.284918)",1,258.08,unclassified,20,,,,auto,
1439,,1112,356,542,1,"LINESTRING (119.898661 42.284918, 119.898317 42.282611)",1,258.08,unclassified,20,,,,auto,
1440,,1113,356,354,1,"LINESTRING (119.898661 42.284918, 119.90002 42.28479)",1,112.70,tertiary,5,,,,auto,
1441,,1113,354,356,1,"LINESTRING (119.90002 42.28479, 119.898661 42.284918)",1,112.70,tertiary,5,,,,auto,
1442,,1114,356,351,1,"LINESTRING (119.898661 42.284918, 119.898615 42.284922)",1,3.81,tertiary,5,,,,auto,
1443,,1114,351,356,1,"LINESTRING (119.898615 42.284922, 119.898661 42.284918)",1,3.81,tertiary,5,,,,auto,
1444,,1115,356,542,1,"LINESTRING (119.898661 42.284918, 119.898317 42.282611)",1,258.08,unclassified,20,,,,auto,
1445,,1115,542,356,1,"LINESTRING (119.898317 42.282611, 119.898661 42.284918)",1,258.08,unclassified,20,,,,auto,
1446,,1116,351,356,1,"LINESTRING (119.898615 42.284922, 119.898661 42.284918)",1,3.81,tertiary,5,,,,auto,
1447,,1116,356,351,1,"LINESTRING (119.898661 42.284918, 119.898615 42.284922)",1,3.81,tertiary,5,,,,auto,
1448,,1117,351,350,1,"LINESTRING (119.898615 42.284922, 119.89726 42.285049)",1,112.36,tertiary,5,,,,auto,
1449,,1117,350,351,1,"LINESTRING (119.89726 42.285049, 119.898615 42.284922)",1,112.36,tertiary,5,,,,auto,
1450,,1120,369,401,1,"LINESTRING (119.899169 42.288238, 119.900545 42.288122)",1,113.92,secondary,4,,2,,auto,
1451,,1121,357,542,1,"LINESTRING (119.899653 42.282503, 119.898317 42.282611)",1,110.56,unclassified,20,,,,auto,
1452,,1121,542,357,1,"LINESTRING (119.898317 42.282611, 119.899653 42.282503)",1,110.56,unclassified,20,,,,auto,
1453,,1122,357,539,1,"LINESTRING (119.899653 42.282503, 119.899464 42.281328)",1,131.58,secondary,4,,,,auto,
1454,,1123,188,187,1,"LINESTRING (119.929891 42.302841, 119.92992 42.30275)",1,10.40,unclassified,20,,,,auto,
1455,,1123,187,188,1,"LINESTRING (119.92992 42.30275, 119.929891 42.302841)",1,10.40,unclassified,20,,,,auto,
1456,,1124,188,189,1,"LINESTRING (119.929891 42.302841, 119.929834 42.303021)",1,20.56,unclassified,20,,,,auto,
1457,,1124,189,188,1,"LINESTRING (119.929834 42.303021, 119.929891 42.302841)",1,20.56,unclassified,20,,,,auto,
1458,,1125,188,544,1,"LINESTRING (119.929891 42.302841, 119.929622 42.302658)",1,30.06,residential,6,,,,auto,
1459,,1125,544,188,1,"LINESTRING (119.929622 42.302658, 119.929891 42.302841)",1,30.06,residential,6,,,,auto,
1460,,1126,544,188,1,"LINESTRING (119.929622 42.302658, 119.929891 42.302841)",1,30.06,residential,6,,,,auto,
1461,,1126,188,544,1,"LINESTRING (119.929891 42.302841, 119.929622 42.302658)",1,30.06,residential,6,,,,auto,
1462,,1127,544,545,1,"LINESTRING (119.929622 42.302658, 119.928826 42.302139)",1,87.27,residential,6,,,,auto,
1463,,1127,545,544,1,"LINESTRING (119.928826 42.302139, 119.929622 42.302658)",1,87.27,residential,6,,,,auto,
1464,,1128,545,544,1,"LINESTRING (119.928826 42.302139, 119.929622 42.302658)",1,87.27,residential,6,,,,auto,
1465,,1128,544,545,1,"LINESTRING (119.929622 42.302658, 119.928826 42.302139)",1,87.27,residential,6,,,,auto,
1466,,1129,545,546,1,"LINESTRING (119.928826 42.302139, 119.92785 42.301434)",1,112.20,residential,6,,,,auto,
1467,,1129,546,545,1,"LINESTRING (119.92785 42.301434, 119.928826 42.302139)",1,112.20,residential,6,,,,auto,
1468,,1130,546,545,1,"LINESTRING (119.92785 42.301434, 119.928826 42.302139)",1,112.20,residential,6,,,,auto,
1469,,1130,545,546,1,"LINESTRING (119.928826 42.302139, 119.92785 42.301434)",1,112.20,residential,6,,,,auto,
1470,,1131,546,547,1,"LINESTRING (119.92785 42.301434, 119.927675 42.301268)",1,23.41,residential,6,,,,auto,
1471,,1131,547,546,1,"LINESTRING (119.927675 42.301268, 119.92785 42.301434)",1,23.41,residential,6,,,,auto,
1472,,1132,547,546,1,"LINESTRING (119.927675 42.301268, 119.92785 42.301434)",1,23.41,residential,6,,,,auto,
1473,,1132,546,547,1,"LINESTRING (119.92785 42.301434, 119.927675 42.301268)",1,23.41,residential,6,,,,auto,
1474,,1133,547,548,1,"LINESTRING (119.927675 42.301268, 119.927506 42.301079)",1,25.20,residential,6,,,,auto,
1475,,1133,548,547,1,"LINESTRING (119.927506 42.301079, 119.927675 42.301268)",1,25.20,residential,6,,,,auto,
1476,,1134,548,547,1,"LINESTRING (119.927506 42.301079, 119.927675 42.301268)",1,25.20,residential,6,,,,auto,
1477,,1134,547,548,1,"LINESTRING (119.927675 42.301268, 119.927506 42.301079)",1,25.20,residential,6,,,,auto,
1478,,1135,548,549,1,"LINESTRING (119.927506 42.301079, 119.927219 42.300849)",1,34.80,residential,6,,,,auto,
1479,,1135,549,548,1,"LINESTRING (119.927219 42.300849, 119.927506 42.301079)",1,34.80,residential,6,,,,auto,
1480,,1136,549,548,1,"LINESTRING (119.927219 42.300849, 119.927506 42.301079)",1,34.80,residential,6,,,,auto,
1481,,1136,548,549,1,"LINESTRING (119.927506 42.301079, 119.927219 42.300849)",1,34.80,residential,6,,,,auto,
1482,,1137,549,550,1,"LINESTRING (119.927219 42.300849, 119.926785 42.300522)",1,50.95,residential,6,,,,auto,
1483,,1137,550,549,1,"LINESTRING (119.926785 42.300522, 119.927219 42.300849)",1,50.95,residential,6,,,,auto,
1484,,1138,550,549,1,"LINESTRING (119.926785 42.300522, 119.927219 42.300849)",1,50.95,residential,6,,,,auto,
1485,,1138,549,550,1,"LINESTRING (119.927219 42.300849, 119.926785 42.300522)",1,50.95,residential,6,,,,auto,
1486,,1139,550,551,1,"LINESTRING (119.926785 42.300522, 119.926321 42.300129)",1,58.02,residential,6,,,,auto,
1487,,1139,551,550,1,"LINESTRING (119.926321 42.300129, 119.926785 42.300522)",1,58.02,residential,6,,,,auto,
1488,,1140,551,550,1,"LINESTRING (119.926321 42.300129, 119.926785 42.300522)",1,58.02,residential,6,,,,auto,
1489,,1140,550,551,1,"LINESTRING (119.926785 42.300522, 119.926321 42.300129)",1,58.02,residential,6,,,,auto,
1490,,1141,551,552,1,"LINESTRING (119.926321 42.300129, 119.925669 42.299707)",1,71.25,residential,6,,,,auto,
1491,,1141,552,551,1,"LINESTRING (119.925669 42.299707, 119.926321 42.300129)",1,71.25,residential,6,,,,auto,
1492,,1142,553,552,1,"LINESTRING (119.925535 42.299619, 119.925669 42.299707)",1,14.74,residential,6,,,,auto,
1493,,1142,552,553,1,"LINESTRING (119.925669 42.299707, 119.925535 42.299619)",1,14.74,residential,6,,,,auto,
1494,,1143,553,554,1,"LINESTRING (119.925535 42.299619, 119.925042 42.29934)",1,51.05,residential,6,,,,auto,
1495,,1143,554,553,1,"LINESTRING (119.925042 42.29934, 119.925535 42.299619)",1,51.05,residential,6,,,,auto,
1496,,1144,555,554,1,"LINESTRING (119.924628 42.299105, 119.925042 42.29934)",1,42.92,residential,6,,,,auto,
1497,,1144,554,555,1,"LINESTRING (119.925042 42.29934, 119.924628 42.299105)",1,42.92,residential,6,,,,auto,
1498,,1145,555,556,1,"LINESTRING (119.924628 42.299105, 119.924137 42.298744)",1,56.94,residential,6,,,,auto,
1499,,1145,556,555,1,"LINESTRING (119.924137 42.298744, 119.924628 42.299105)",1,56.94,residential,6,,,,auto,
1500,,1146,556,555,1,"LINESTRING (119.924137 42.298744, 119.924628 42.299105)",1,56.94,residential,6,,,,auto,
1501,,1146,555,556,1,"LINESTRING (119.924628 42.299105, 119.924137 42.298744)",1,56.94,residential,6,,,,auto,
1502,,1147,556,557,1,"LINESTRING (119.924137 42.298744, 119.923228 42.298258)",1,92.25,residential,6,,,,auto,
1503,,1147,557,556,1,"LINESTRING (119.923228 42.298258, 119.924137 42.298744)",1,92.25,residential,6,,,,auto,
1504,,1148,558,268,1,"LINESTRING (119.920011 42.2971, 119.92 42.297034)",1,7.39,tertiary,5,,,,auto,
1505,,1149,558,271,1,"LINESTRING (119.920011 42.2971, 119.920128 42.2971)",1,9.62,residential,6,,,,auto,
1506,,1149,271,558,1,"LINESTRING (119.920128 42.2971, 119.920011 42.2971)",1,9.62,residential,6,,,,auto,
1507,,1150,558,559,1,"LINESTRING (119.920011 42.2971, 119.919586 42.2971)",1,34.95,residential,6,,,,auto,
1508,,1150,559,558,1,"LINESTRING (119.919586 42.2971, 119.920011 42.2971)",1,34.95,residential,6,,,,auto,
1509,,1151,271,560,1,"LINESTRING (119.920128 42.2971, 119.920256 42.2971)",1,10.53,residential,6,,,,auto,
1510,,1151,560,271,1,"LINESTRING (119.920256 42.2971, 119.920128 42.2971)",1,10.53,residential,6,,,,auto,
1511,,1152,271,558,1,"LINESTRING (119.920128 42.2971, 119.920011 42.2971)",1,9.62,residential,6,,,,auto,
1512,,1152,558,271,1,"LINESTRING (119.920011 42.2971, 119.920128 42.2971)",1,9.62,residential,6,,,,auto,
1513,,1153,557,556,1,"LINESTRING (119.923228 42.298258, 119.924137 42.298744)",1,92.25,residential,6,,,,auto,
1514,,1153,556,557,1,"LINESTRING (119.924137 42.298744, 119.923228 42.298258)",1,92.25,residential,6,,,,auto,
1515,,1154,557,561,1,"LINESTRING (119.923228 42.298258, 119.9228 42.298067)",1,41.11,residential,6,,,,auto,
1516,,1154,561,557,1,"LINESTRING (119.9228 42.298067, 119.923228 42.298258)",1,41.11,residential,6,,,,auto,
1517,,1155,562,561,1,"LINESTRING (119.921871 42.297651, 119.9228 42.298067)",1,89.32,residential,6,,,,auto,
1518,,1155,561,562,1,"LINESTRING (119.9228 42.298067, 119.921871 42.297651)",1,89.32,residential,6,,,,auto,
1519,,1156,562,563,1,"LINESTRING (119.921871 42.297651, 119.920911 42.297266)",1,89.82,residential,6,,,,auto,
1520,,1156,563,562,1,"LINESTRING (119.920911 42.297266, 119.921871 42.297651)",1,89.82,residential,6,,,,auto,
1521,,1157,563,562,1,"LINESTRING (119.920911 42.297266, 119.921871 42.297651)",1,89.82,residential,6,,,,auto,
1522,,1157,562,563,1,"LINESTRING (119.921871 42.297651, 119.920911 42.297266)",1,89.82,residential,6,,,,auto,
1523,,1158,563,560,1,"LINESTRING (119.920911 42.297266, 119.920256 42.2971)",1,56.95,residential,6,,,,auto,
1524,,1158,560,563,1,"LINESTRING (119.920256 42.2971, 119.920911 42.297266)",1,56.95,residential,6,,,,auto,
1525,,1159,560,563,1,"LINESTRING (119.920256 42.2971, 119.920911 42.297266)",1,56.95,residential,6,,,,auto,
1526,,1159,563,560,1,"LINESTRING (119.920911 42.297266, 119.920256 42.2971)",1,56.95,residential,6,,,,auto,
1527,,1160,560,271,1,"LINESTRING (119.920256 42.2971, 119.920128 42.2971)",1,10.53,residential,6,,,,auto,
1528,,1160,271,560,1,"LINESTRING (119.920128 42.2971, 119.920256 42.2971)",1,10.53,residential,6,,,,auto,
1529,,1161,559,558,1,"LINESTRING (119.919586 42.2971, 119.920011 42.2971)",1,34.95,residential,6,,,,auto,
1530,,1161,558,559,1,"LINESTRING (119.920011 42.2971, 119.919586 42.2971)",1,34.95,residential,6,,,,auto,
1531,,1162,559,564,1,"LINESTRING (119.919586 42.2971, 119.919223 42.29714)",1,30.19,residential,6,,,,auto,
1532,,1162,564,559,1,"LINESTRING (119.919223 42.29714, 119.919586 42.2971)",1,30.19,residential,6,,,,auto,
1533,,1163,565,564,1,"LINESTRING (119.91854 42.297215, 119.919223 42.29714)",1,56.79,residential,6,,,,auto,
1534,,1163,564,565,1,"LINESTRING (119.919223 42.29714, 119.91854 42.297215)",1,56.79,residential,6,,,,auto,
1535,,1164,565,566,1,"LINESTRING (119.91854 42.297215, 119.916642 42.297388)",1,157.29,residential,6,,,,auto,
1536,,1164,566,565,1,"LINESTRING (119.916642 42.297388, 119.91854 42.297215)",1,157.29,residential,6,,,,auto,
1537,,1165,567,568,1,"LINESTRING (119.899745 42.273199, 119.900019 42.274018)",1,93.82,unclassified,20,,,,auto,
1538,,1165,568,567,1,"LINESTRING (119.900019 42.274018, 119.899745 42.273199)",1,93.82,unclassified,20,,,,auto,
1539,,1166,568,567,1,"LINESTRING (119.900019 42.274018, 119.899745 42.273199)",1,93.82,unclassified,20,,,,auto,
1540,,1166,567,568,1,"LINESTRING (119.899745 42.273199, 119.900019 42.274018)",1,93.82,unclassified,20,,,,auto,
1541,,1167,568,569,1,"LINESTRING (119.900019 42.274018, 119.899069 42.274254)",1,82.45,unclassified,20,,,,auto,
1542,,1167,569,568,1,"LINESTRING (119.899069 42.274254, 119.900019 42.274018)",1,82.45,unclassified,20,,,,auto,
1543,,1168,569,568,1,"LINESTRING (119.899069 42.274254, 119.900019 42.274018)",1,82.45,unclassified,20,,,,auto,
1544,,1168,568,569,1,"LINESTRING (119.900019 42.274018, 119.899069 42.274254)",1,82.45,unclassified,20,,,,auto,
1545,,1169,569,570,1,"LINESTRING (119.899069 42.274254, 119.898753 42.274334)",1,27.48,unclassified,20,,,,auto,
1546,,1169,570,569,1,"LINESTRING (119.898753 42.274334, 119.899069 42.274254)",1,27.48,unclassified,20,,,,auto,
1547,,1170,570,569,1,"LINESTRING (119.898753 42.274334, 119.899069 42.274254)",1,27.48,unclassified,20,,,,auto,
1548,,1170,569,570,1,"LINESTRING (119.899069 42.274254, 119.898753 42.274334)",1,27.48,unclassified,20,,,,auto,
1549,,1171,570,358,1,"LINESTRING (119.898753 42.274334, 119.898397 42.274382)",1,29.77,unclassified,20,,,,auto,
1550,,1171,358,570,1,"LINESTRING (119.898397 42.274382, 119.898753 42.274334)",1,29.77,unclassified,20,,,,auto,
1551,,1172,358,571,1,"LINESTRING (119.898397 42.274382, 119.898738 42.276282)",1,213.13,secondary,4,,,,auto,
1552,,1173,358,570,1,"LINESTRING (119.898397 42.274382, 119.898753 42.274334)",1,29.77,unclassified,20,,,,auto,
1553,,1173,570,358,1,"LINESTRING (119.898753 42.274334, 119.898397 42.274382)",1,29.77,unclassified,20,,,,auto,
1554,,1174,136,135,1,"LINESTRING (119.904037 42.275558, 119.903718 42.274926)",1,75.02,unclassified,20,,,,auto,
1555,,1174,135,136,1,"LINESTRING (119.903718 42.274926, 119.904037 42.275558)",1,75.02,unclassified,20,,,,auto,
1556,,1175,136,133,1,"LINESTRING (119.904037 42.275558, 119.905023 42.277512)",1,231.92,unclassified,20,,,,auto,
1557,,1175,133,136,1,"LINESTRING (119.905023 42.277512, 119.904037 42.275558)",1,231.92,unclassified,20,,,,auto,
1558,,1176,136,572,1,"LINESTRING (119.904037 42.275558, 119.903844 42.275582)",1,16.10,unclassified,20,,,,auto,
1559,,1176,572,136,1,"LINESTRING (119.903844 42.275582, 119.904037 42.275558)",1,16.10,unclassified,20,,,,auto,
1560,,1194,573,574,1,"LINESTRING (119.900527 42.276026, 119.901255 42.275922)",1,61.00,unclassified,20,,,,auto,
1561,,1194,574,573,1,"LINESTRING (119.901255 42.275922, 119.900527 42.276026)",1,61.00,unclassified,20,,,,auto,
1562,,1195,573,571,1,"LINESTRING (119.900527 42.276026, 119.898738 42.276282)",1,149.92,unclassified,20,,,,auto,
1563,,1195,571,573,1,"LINESTRING (119.898738 42.276282, 119.900527 42.276026)",1,149.92,unclassified,20,,,,auto,
1564,,1197,571,359,1,"LINESTRING (119.898738 42.276282, 119.898745 42.276316)",1,3.82,secondary,4,,,,auto,
1565,,1198,571,573,1,"LINESTRING (119.898738 42.276282, 119.900527 42.276026)",1,149.92,unclassified,20,,,,auto,
1566,,1198,573,571,1,"LINESTRING (119.900527 42.276026, 119.898738 42.276282)",1,149.92,unclassified,20,,,,auto,
1567,,1199,571,10,1,"LINESTRING (119.898738 42.276282, 119.898618 42.276299)",1,10.05,unclassified,20,,,,auto,
1568,,1199,10,571,1,"LINESTRING (119.898618 42.276299, 119.898738 42.276282)",1,10.05,unclassified,20,,,,auto,
1569,,1200,572,136,1,"LINESTRING (119.903844 42.275582, 119.904037 42.275558)",1,16.10,unclassified,20,,,,auto,
1570,,1200,136,572,1,"LINESTRING (119.904037 42.275558, 119.903844 42.275582)",1,16.10,unclassified,20,,,,auto,
1571,,1201,572,575,1,"LINESTRING (119.903844 42.275582, 119.901942 42.275816)",1,158.64,unclassified,20,,,,auto,
1572,,1201,575,572,1,"LINESTRING (119.901942 42.275816, 119.903844 42.275582)",1,158.64,unclassified,20,,,,auto,
1573,,1202,575,572,1,"LINESTRING (119.901942 42.275816, 119.903844 42.275582)",1,158.64,unclassified,20,,,,auto,
1574,,1202,572,575,1,"LINESTRING (119.903844 42.275582, 119.901942 42.275816)",1,158.64,unclassified,20,,,,auto,
1575,,1203,575,574,1,"LINESTRING (119.901942 42.275816, 119.901255 42.275922)",1,57.74,unclassified,20,,,,auto,
1576,,1203,574,575,1,"LINESTRING (119.901255 42.275922, 119.901942 42.275816)",1,57.74,unclassified,20,,,,auto,
1577,,1204,574,575,1,"LINESTRING (119.901255 42.275922, 119.901942 42.275816)",1,57.74,unclassified,20,,,,auto,
1578,,1204,575,574,1,"LINESTRING (119.901942 42.275816, 119.901255 42.275922)",1,57.74,unclassified,20,,,,auto,
1579,,1205,574,573,1,"LINESTRING (119.901255 42.275922, 119.900527 42.276026)",1,61.00,unclassified,20,,,,auto,
1580,,1205,573,574,1,"LINESTRING (119.900527 42.276026, 119.901255 42.275922)",1,61.00,unclassified,20,,,,auto,
1581,,1206,10,361,1,"LINESTRING (119.898618 42.276299, 119.898536 42.275814)",1,54.35,secondary,4,,,,auto,
1582,,1207,10,571,1,"LINESTRING (119.898618 42.276299, 119.898738 42.276282)",1,10.05,unclassified,20,,,,auto,
1583,,1207,571,10,1,"LINESTRING (119.898738 42.276282, 119.898618 42.276299)",1,10.05,unclassified,20,,,,auto,
1584,,1208,474,472,1,"LINESTRING (119.903146 42.294405, 119.902934 42.294009)",1,47.36,residential,6,,,,auto,
1585,,1208,472,474,1,"LINESTRING (119.902934 42.294009, 119.903146 42.294405)",1,47.36,residential,6,,,,auto,
1586,,1209,474,576,1,"LINESTRING (119.903146 42.294405, 119.90323 42.29456)",1,18.57,residential,6,,,,auto,
1587,,1209,576,474,1,"LINESTRING (119.90323 42.29456, 119.903146 42.294405)",1,18.57,residential,6,,,,auto,
1588,,1210,474,577,1,"LINESTRING (119.903146 42.294405, 119.904379 42.2942)",1,103.95,residential,6,,,,auto,
1589,,1210,577,474,1,"LINESTRING (119.904379 42.2942, 119.903146 42.294405)",1,103.95,residential,6,,,,auto,
1590,,1211,474,578,1,"LINESTRING (119.903146 42.294405, 119.902513 42.294463)",1,52.46,residential,6,,,,auto,
1591,,1211,578,474,1,"LINESTRING (119.902513 42.294463, 119.903146 42.294405)",1,52.46,residential,6,,,,auto,
1592,,1212,578,474,1,"LINESTRING (119.902513 42.294463, 119.903146 42.294405)",1,52.46,residential,6,,,,auto,
1593,,1212,474,578,1,"LINESTRING (119.903146 42.294405, 119.902513 42.294463)",1,52.46,residential,6,,,,auto,
1594,,1213,578,23,1,"LINESTRING (119.902513 42.294463, 119.90168 42.294596)",1,70.09,residential,6,,,,auto,
1595,,1213,23,578,1,"LINESTRING (119.90168 42.294596, 119.902513 42.294463)",1,70.09,residential,6,,,,auto,
1596,,1214,23,419,1,"LINESTRING (119.90168 42.294596, 119.901824 42.295328)",1,82.25,primary,3,,,,auto,
1597,,1215,23,578,1,"LINESTRING (119.90168 42.294596, 119.902513 42.294463)",1,70.09,residential,6,,,,auto,
1598,,1215,578,23,1,"LINESTRING (119.902513 42.294463, 119.90168 42.294596)",1,70.09,residential,6,,,,auto,
1599,,1216,579,580,1,"LINESTRING (119.903479 42.295162, 119.903462 42.29512)",1,4.88,residential,6,,,,auto,
1600,,1216,580,579,1,"LINESTRING (119.903462 42.29512, 119.903479 42.295162)",1,4.88,residential,6,,,,auto,
1601,,1217,579,581,1,"LINESTRING (119.903479 42.295162, 119.90361 42.295479)",1,36.86,residential,6,,,,auto,
1602,,1217,581,579,1,"LINESTRING (119.90361 42.295479, 119.903479 42.295162)",1,36.86,residential,6,,,,auto,
1603,,1218,579,582,1,"LINESTRING (119.903479 42.295162, 119.90306 42.295239)",1,35.51,residential,6,,,,auto,
1604,,1218,582,579,1,"LINESTRING (119.90306 42.295239, 119.903479 42.295162)",1,35.51,residential,6,,,,auto,
1605,,1219,582,579,1,"LINESTRING (119.90306 42.295239, 119.903479 42.295162)",1,35.51,residential,6,,,,auto,
1606,,1219,579,582,1,"LINESTRING (119.903479 42.295162, 119.90306 42.295239)",1,35.51,residential,6,,,,auto,
1607,,1220,582,420,1,"LINESTRING (119.90306 42.295239, 119.90185 42.295427)",1,101.69,residential,6,,,,auto,
1608,,1220,420,582,1,"LINESTRING (119.90185 42.295427, 119.90306 42.295239)",1,101.69,residential,6,,,,auto,
1609,,1221,420,417,1,"LINESTRING (119.90185 42.295427, 119.902073 42.296272)",1,95.73,primary,3,,,,auto,
1610,,1222,420,582,1,"LINESTRING (119.90185 42.295427, 119.90306 42.295239)",1,101.69,residential,6,,,,auto,
1611,,1222,582,420,1,"LINESTRING (119.90306 42.295239, 119.90185 42.295427)",1,101.69,residential,6,,,,auto,
1612,,1223,583,584,1,"LINESTRING (119.905064 42.296506, 119.90489 42.296496)",1,14.35,unclassified,20,,,,auto,
1613,,1223,584,583,1,"LINESTRING (119.90489 42.296496, 119.905064 42.296506)",1,14.35,unclassified,20,,,,auto,
1614,,1224,584,583,1,"LINESTRING (119.90489 42.296496, 119.905064 42.296506)",1,14.35,unclassified,20,,,,auto,
1615,,1224,583,584,1,"LINESTRING (119.905064 42.296506, 119.90489 42.296496)",1,14.35,unclassified,20,,,,auto,
1616,,1225,584,585,1,"LINESTRING (119.90489 42.296496, 119.904493 42.296489)",1,32.66,unclassified,20,,,,auto,
1617,,1225,585,584,1,"LINESTRING (119.904493 42.296489, 119.90489 42.296496)",1,32.66,unclassified,20,,,,auto,
1618,,1226,585,584,1,"LINESTRING (119.904493 42.296489, 119.90489 42.296496)",1,32.66,unclassified,20,,,,auto,
1619,,1226,584,585,1,"LINESTRING (119.90489 42.296496, 119.904493 42.296489)",1,32.66,unclassified,20,,,,auto,
1620,,1227,585,586,1,"LINESTRING (119.904493 42.296489, 119.904101 42.296471)",1,32.30,unclassified,20,,,,auto,
1621,,1227,586,585,1,"LINESTRING (119.904101 42.296471, 119.904493 42.296489)",1,32.30,unclassified,20,,,,auto,
1622,,1228,586,585,1,"LINESTRING (119.904101 42.296471, 119.904493 42.296489)",1,32.30,unclassified,20,,,,auto,
1623,,1228,585,586,1,"LINESTRING (119.904493 42.296489, 119.904101 42.296471)",1,32.30,unclassified,20,,,,auto,
1624,,1229,586,587,1,"LINESTRING (119.904101 42.296471, 119.9039 42.296387)",1,18.99,unclassified,20,,,,auto,
1625,,1229,587,586,1,"LINESTRING (119.9039 42.296387, 119.904101 42.296471)",1,18.99,unclassified,20,,,,auto,
1626,,1230,588,587,1,"LINESTRING (119.903653 42.296368, 119.9039 42.296387)",1,20.42,unclassified,20,,,,auto,
1627,,1230,587,588,1,"LINESTRING (119.9039 42.296387, 119.903653 42.296368)",1,20.42,unclassified,20,,,,auto,
1628,,1231,588,589,1,"LINESTRING (119.903653 42.296368, 119.903329 42.296417)",1,27.20,unclassified,20,,,,auto,
1629,,1231,589,588,1,"LINESTRING (119.903329 42.296417, 119.903653 42.296368)",1,27.20,unclassified,20,,,,auto,
1630,,1232,589,588,1,"LINESTRING (119.903329 42.296417, 119.903653 42.296368)",1,27.20,unclassified,20,,,,auto,
1631,,1232,588,589,1,"LINESTRING (119.903653 42.296368, 119.903329 42.296417)",1,27.20,unclassified,20,,,,auto,
1632,,1233,589,590,1,"LINESTRING (119.903329 42.296417, 119.903087 42.296496)",1,21.76,unclassified,20,,,,auto,
1633,,1233,590,589,1,"LINESTRING (119.903087 42.296496, 119.903329 42.296417)",1,21.76,unclassified,20,,,,auto,
1634,,1234,590,589,1,"LINESTRING (119.903087 42.296496, 119.903329 42.296417)",1,21.76,unclassified,20,,,,auto,
1635,,1234,589,590,1,"LINESTRING (119.903329 42.296417, 119.903087 42.296496)",1,21.76,unclassified,20,,,,auto,
1636,,1235,590,591,1,"LINESTRING (119.903087 42.296496, 119.90279 42.296608)",1,27.42,unclassified,20,,,,auto,
1637,,1235,591,590,1,"LINESTRING (119.90279 42.296608, 119.903087 42.296496)",1,27.42,unclassified,20,,,,auto,
1638,,1236,591,590,1,"LINESTRING (119.90279 42.296608, 119.903087 42.296496)",1,27.42,unclassified,20,,,,auto,
1639,,1236,590,591,1,"LINESTRING (119.903087 42.296496, 119.90279 42.296608)",1,27.42,unclassified,20,,,,auto,
1640,,1237,591,592,1,"LINESTRING (119.90279 42.296608, 119.90243 42.296671)",1,30.43,unclassified,20,,,,auto,
1641,,1237,592,591,1,"LINESTRING (119.90243 42.296671, 119.90279 42.296608)",1,30.43,unclassified,20,,,,auto,
1642,,1238,592,591,1,"LINESTRING (119.90243 42.296671, 119.90279 42.296608)",1,30.43,unclassified,20,,,,auto,
1643,,1238,591,592,1,"LINESTRING (119.90279 42.296608, 119.90243 42.296671)",1,30.43,unclassified,20,,,,auto,
1644,,1239,592,418,1,"LINESTRING (119.90243 42.296671, 119.902187 42.296667)",1,19.99,unclassified,20,,,,auto,
1645,,1239,418,592,1,"LINESTRING (119.902187 42.296667, 119.90243 42.296671)",1,19.99,unclassified,20,,,,auto,
1646,,1240,418,415,1,"LINESTRING (119.902187 42.296667, 119.90224 42.29685)",1,20.81,primary,3,,,,auto,
1647,,1241,418,592,1,"LINESTRING (119.902187 42.296667, 119.90243 42.296671)",1,19.99,unclassified,20,,,,auto,
1648,,1241,592,418,1,"LINESTRING (119.90243 42.296671, 119.902187 42.296667)",1,19.99,unclassified,20,,,,auto,
1649,,1242,587,593,1,"LINESTRING (119.9039 42.296387, 119.90386 42.296274)",1,12.99,residential,6,,,,auto,
1650,,1242,593,587,1,"LINESTRING (119.90386 42.296274, 119.9039 42.296387)",1,12.99,residential,6,,,,auto,
1651,,1243,587,586,1,"LINESTRING (119.9039 42.296387, 119.904101 42.296471)",1,18.99,unclassified,20,,,,auto,
1652,,1243,586,587,1,"LINESTRING (119.904101 42.296471, 119.9039 42.296387)",1,18.99,unclassified,20,,,,auto,
1653,,1244,587,588,1,"LINESTRING (119.9039 42.296387, 119.903653 42.296368)",1,20.42,unclassified,20,,,,auto,
1654,,1244,588,587,1,"LINESTRING (119.903653 42.296368, 119.9039 42.296387)",1,20.42,unclassified,20,,,,auto,
1655,,1245,593,594,1,"LINESTRING (119.90386 42.296274, 119.903769 42.295984)",1,33.10,residential,6,,,,auto,
1656,,1245,594,593,1,"LINESTRING (119.903769 42.295984, 119.90386 42.296274)",1,33.10,residential,6,,,,auto,
1657,,1246,593,587,1,"LINESTRING (119.90386 42.296274, 119.9039 42.296387)",1,12.99,residential,6,,,,auto,
1658,,1246,587,593,1,"LINESTRING (119.9039 42.296387, 119.90386 42.296274)",1,12.99,residential,6,,,,auto,
1659,,1247,581,579,1,"LINESTRING (119.90361 42.295479, 119.903479 42.295162)",1,36.86,residential,6,,,,auto,
1660,,1247,579,581,1,"LINESTRING (119.903479 42.295162, 119.90361 42.295479)",1,36.86,residential,6,,,,auto,
1661,,1248,581,595,1,"LINESTRING (119.90361 42.295479, 119.903635 42.295558)",1,9.02,residential,6,,,,auto,
1662,,1248,595,581,1,"LINESTRING (119.903635 42.295558, 119.90361 42.295479)",1,9.02,residential,6,,,,auto,
1663,,1249,576,474,1,"LINESTRING (119.90323 42.29456, 119.903146 42.294405)",1,18.57,residential,6,,,,auto,
1664,,1249,474,576,1,"LINESTRING (119.903146 42.294405, 119.90323 42.29456)",1,18.57,residential,6,,,,auto,
1665,,1250,576,580,1,"LINESTRING (119.90323 42.29456, 119.903462 42.29512)",1,65.13,residential,6,,,,auto,
1666,,1250,580,576,1,"LINESTRING (119.903462 42.29512, 119.90323 42.29456)",1,65.13,residential,6,,,,auto,
1667,,1251,596,597,1,"LINESTRING (119.900507 42.2985, 119.900606 42.298633)",1,16.88,residential,6,,,,auto,
1668,,1251,597,596,1,"LINESTRING (119.900606 42.298633, 119.900507 42.2985)",1,16.88,residential,6,,,,auto,
1669,,1252,596,598,1,"LINESTRING (119.900507 42.2985, 119.89962 42.297517)",1,131.41,residential,6,,,,auto,
1670,,1252,598,596,1,"LINESTRING (119.89962 42.297517, 119.900507 42.2985)",1,131.41,residential,6,,,,auto,
1671,,1253,597,599,1,"LINESTRING (119.900606 42.298633, 119.900596 42.298697)",1,7.16,residential,6,,,,auto,
1672,,1253,599,597,1,"LINESTRING (119.900596 42.298697, 119.900606 42.298633)",1,7.16,residential,6,,,,auto,
1673,,1254,597,596,1,"LINESTRING (119.900606 42.298633, 119.900507 42.2985)",1,16.88,residential,6,,,,auto,
1674,,1254,596,597,1,"LINESTRING (119.900507 42.2985, 119.900606 42.298633)",1,16.88,residential,6,,,,auto,
1675,,1255,599,600,1,"LINESTRING (119.900596 42.298697, 119.900968 42.299179)",1,61.71,residential,6,,,,auto,
1676,,1255,600,599,1,"LINESTRING (119.900968 42.299179, 119.900596 42.298697)",1,61.71,residential,6,,,,auto,
1677,,1256,599,597,1,"LINESTRING (119.900596 42.298697, 119.900606 42.298633)",1,7.16,residential,6,,,,auto,
1678,,1256,597,599,1,"LINESTRING (119.900606 42.298633, 119.900596 42.298697)",1,7.16,residential,6,,,,auto,
1679,,1257,601,598,1,"LINESTRING (119.900897 42.297051, 119.89962 42.297517)",1,117.12,residential,6,,,,auto,
1680,,1257,598,601,1,"LINESTRING (119.89962 42.297517, 119.900897 42.297051)",1,117.12,residential,6,,,,auto,
1681,,1258,601,602,1,"LINESTRING (119.900897 42.297051, 119.901121 42.298119)",1,120.18,unclassified,20,,,,auto,
1682,,1258,602,601,1,"LINESTRING (119.901121 42.298119, 119.900897 42.297051)",1,120.18,unclassified,20,,,,auto,
1683,,1259,601,603,1,"LINESTRING (119.900897 42.297051, 119.900864 42.296893)",1,17.78,unclassified,20,,,,auto,
1684,,1259,603,601,1,"LINESTRING (119.900864 42.296893, 119.900897 42.297051)",1,17.78,unclassified,20,,,,auto,
1685,,1260,598,601,1,"LINESTRING (119.89962 42.297517, 119.900897 42.297051)",1,117.12,residential,6,,,,auto,
1686,,1260,601,598,1,"LINESTRING (119.900897 42.297051, 119.89962 42.297517)",1,117.12,residential,6,,,,auto,
1687,,1261,598,596,1,"LINESTRING (119.89962 42.297517, 119.900507 42.2985)",1,131.41,residential,6,,,,auto,
1688,,1261,596,598,1,"LINESTRING (119.900507 42.2985, 119.89962 42.297517)",1,131.41,residential,6,,,,auto,
1689,,1262,598,604,1,"LINESTRING (119.89962 42.297517, 119.89944 42.297294)",1,28.88,residential,6,,,,auto,
1690,,1262,604,598,1,"LINESTRING (119.89944 42.297294, 119.89962 42.297517)",1,28.88,residential,6,,,,auto,
1691,,1263,604,598,1,"LINESTRING (119.89944 42.297294, 119.89962 42.297517)",1,28.88,residential,6,,,,auto,
1692,,1263,598,604,1,"LINESTRING (119.89962 42.297517, 119.89944 42.297294)",1,28.88,residential,6,,,,auto,
1693,,1264,605,600,1,"LINESTRING (119.901342 42.299022, 119.900968 42.299179)",1,35.37,residential,6,,,,auto,
1694,,1264,600,605,1,"LINESTRING (119.900968 42.299179, 119.901342 42.299022)",1,35.37,residential,6,,,,auto,
1695,,1265,605,606,1,"LINESTRING (119.901342 42.299022, 119.902213 42.300173)",1,146.67,unclassified,20,,,,auto,
1696,,1265,606,605,1,"LINESTRING (119.902213 42.300173, 119.901342 42.299022)",1,146.67,unclassified,20,,,,auto,
1697,,1266,605,607,1,"LINESTRING (119.901342 42.299022, 119.901261 42.298915)",1,13.64,unclassified,20,,,,auto,
1698,,1266,607,605,1,"LINESTRING (119.901261 42.298915, 119.901342 42.299022)",1,13.64,unclassified,20,,,,auto,
1699,,1267,600,605,1,"LINESTRING (119.900968 42.299179, 119.901342 42.299022)",1,35.37,residential,6,,,,auto,
1700,,1267,605,600,1,"LINESTRING (119.901342 42.299022, 119.900968 42.299179)",1,35.37,residential,6,,,,auto,
1701,,1268,600,599,1,"LINESTRING (119.900968 42.299179, 119.900596 42.298697)",1,61.71,residential,6,,,,auto,
1702,,1268,599,600,1,"LINESTRING (119.900596 42.298697, 119.900968 42.299179)",1,61.71,residential,6,,,,auto,
1703,,1269,425,426,1,"LINESTRING (119.904071 42.301281, 119.904728 42.30279)",1,176.28,primary,3,,,,auto,
1704,,1269,426,425,1,"LINESTRING (119.904728 42.30279, 119.904071 42.301281)",1,176.28,primary,3,,,,auto,
1705,,1270,425,422,1,"LINESTRING (119.904071 42.301281, 119.904032 42.30119)",1,10.61,primary,3,,,,auto,
1706,,1270,422,425,1,"LINESTRING (119.904032 42.30119, 119.904071 42.301281)",1,10.61,primary,3,,,,auto,
1707,,1271,425,608,1,"LINESTRING (119.904071 42.301281, 119.903691 42.301399)",1,33.89,unclassified,20,,,,auto,
1708,,1271,608,425,1,"LINESTRING (119.903691 42.301399, 119.904071 42.301281)",1,33.89,unclassified,20,,,,auto,
1709,,1272,608,425,1,"LINESTRING (119.903691 42.301399, 119.904071 42.301281)",1,33.89,unclassified,20,,,,auto,
1710,,1272,425,608,1,"LINESTRING (119.904071 42.301281, 119.903691 42.301399)",1,33.89,unclassified,20,,,,auto,
1711,,1273,608,609,1,"LINESTRING (119.903691 42.301399, 119.903487 42.301304)",1,19.83,unclassified,20,,,,auto,
1712,,1273,609,608,1,"LINESTRING (119.903487 42.301304, 119.903691 42.301399)",1,19.83,unclassified,20,,,,auto,
1713,,1274,609,608,1,"LINESTRING (119.903487 42.301304, 119.903691 42.301399)",1,19.83,unclassified,20,,,,auto,
1714,,1274,608,609,1,"LINESTRING (119.903691 42.301399, 119.903487 42.301304)",1,19.83,unclassified,20,,,,auto,
1715,,1275,609,610,1,"LINESTRING (119.903487 42.301304, 119.902623 42.300534)",1,111.27,unclassified,20,,,,auto,
1716,,1275,610,609,1,"LINESTRING (119.902623 42.300534, 119.903487 42.301304)",1,111.27,unclassified,20,,,,auto,
1717,,1276,610,609,1,"LINESTRING (119.902623 42.300534, 119.903487 42.301304)",1,111.27,unclassified,20,,,,auto,
1718,,1276,609,610,1,"LINESTRING (119.903487 42.301304, 119.902623 42.300534)",1,111.27,unclassified,20,,,,auto,
1719,,1277,610,606,1,"LINESTRING (119.902623 42.300534, 119.902213 42.300173)",1,52.42,unclassified,20,,,,auto,
1720,,1277,606,610,1,"LINESTRING (119.902213 42.300173, 119.902623 42.300534)",1,52.42,unclassified,20,,,,auto,
1721,,1278,606,610,1,"LINESTRING (119.902213 42.300173, 119.902623 42.300534)",1,52.42,unclassified,20,,,,auto,
1722,,1278,610,606,1,"LINESTRING (119.902623 42.300534, 119.902213 42.300173)",1,52.42,unclassified,20,,,,auto,
1723,,1279,606,605,1,"LINESTRING (119.902213 42.300173, 119.901342 42.299022)",1,146.67,unclassified,20,,,,auto,
1724,,1279,605,606,1,"LINESTRING (119.901342 42.299022, 119.902213 42.300173)",1,146.67,unclassified,20,,,,auto,
1725,,1280,607,605,1,"LINESTRING (119.901261 42.298915, 119.901342 42.299022)",1,13.64,unclassified,20,,,,auto,
1726,,1280,605,607,1,"LINESTRING (119.901342 42.299022, 119.901261 42.298915)",1,13.64,unclassified,20,,,,auto,
1727,,1281,607,611,1,"LINESTRING (119.901261 42.298915, 119.901162 42.298691)",1,26.20,unclassified,20,,,,auto,
1728,,1281,611,607,1,"LINESTRING (119.901162 42.298691, 119.901261 42.298915)",1,26.20,unclassified,20,,,,auto,
1729,,1282,611,607,1,"LINESTRING (119.901162 42.298691, 119.901261 42.298915)",1,26.20,unclassified,20,,,,auto,
1730,,1282,607,611,1,"LINESTRING (119.901261 42.298915, 119.901162 42.298691)",1,26.20,unclassified,20,,,,auto,
1731,,1283,611,602,1,"LINESTRING (119.901162 42.298691, 119.901121 42.298119)",1,63.69,unclassified,20,,,,auto,
1732,,1283,602,611,1,"LINESTRING (119.901121 42.298119, 119.901162 42.298691)",1,63.69,unclassified,20,,,,auto,
1733,,1284,602,611,1,"LINESTRING (119.901121 42.298119, 119.901162 42.298691)",1,63.69,unclassified,20,,,,auto,
1734,,1284,611,602,1,"LINESTRING (119.901162 42.298691, 119.901121 42.298119)",1,63.69,unclassified,20,,,,auto,
1735,,1285,602,601,1,"LINESTRING (119.901121 42.298119, 119.900897 42.297051)",1,120.18,unclassified,20,,,,auto,
1736,,1285,601,602,1,"LINESTRING (119.900897 42.297051, 119.901121 42.298119)",1,120.18,unclassified,20,,,,auto,
1737,,1286,603,601,1,"LINESTRING (119.900864 42.296893, 119.900897 42.297051)",1,17.78,unclassified,20,,,,auto,
1738,,1286,601,603,1,"LINESTRING (119.900897 42.297051, 119.900864 42.296893)",1,17.78,unclassified,20,,,,auto,
1739,,1287,603,612,1,"LINESTRING (119.900864 42.296893, 119.900724 42.296397)",1,56.34,unclassified,20,,,,auto,
1740,,1287,612,603,1,"LINESTRING (119.900724 42.296397, 119.900864 42.296893)",1,56.34,unclassified,20,,,,auto,
1741,,1288,612,603,1,"LINESTRING (119.900724 42.296397, 119.900864 42.296893)",1,56.34,unclassified,20,,,,auto,
1742,,1288,603,612,1,"LINESTRING (119.900864 42.296893, 119.900724 42.296397)",1,56.34,unclassified,20,,,,auto,
1743,,1290,543,541,1,"LINESTRING (119.897719 42.280175, 119.897901 42.280161)",1,15.05,tertiary,5,,,,auto,
1744,,1290,541,543,1,"LINESTRING (119.897901 42.280161, 119.897719 42.280175)",1,15.05,tertiary,5,,,,auto,
1745,,1293,371,343,1,"LINESTRING (119.898346 42.280127, 119.899061 42.280073)",1,59.13,tertiary,5,,,,auto,
1746,,1293,343,371,1,"LINESTRING (119.899061 42.280073, 119.898346 42.280127)",1,59.13,tertiary,5,,,,auto,
1747,,1294,371,541,1,"LINESTRING (119.898346 42.280127, 119.897901 42.280161)",1,36.80,tertiary,5,,,,auto,
1748,,1294,541,371,1,"LINESTRING (119.897901 42.280161, 119.898346 42.280127)",1,36.80,tertiary,5,,,,auto,
1749,,1301,329,263,1,"LINESTRING (119.916683 42.286728, 119.918387 42.286579)",1,141.15,primary,3,,,,auto,
1750,,1304,242,613,1,"LINESTRING (119.91523 42.284552, 119.915381 42.285488)",1,104.82,residential,6,,,,auto,
1751,,1307,613,333,1,"LINESTRING (119.915381 42.285488, 119.915572 42.286666)",1,131.93,residential,6,,,,auto,
1752,,1309,33,31,1,"LINESTRING (119.912763 42.281352, 119.914518 42.2812)",1,145.37,residential,6,,,,auto,
1753,,1309,31,33,1,"LINESTRING (119.914518 42.2812, 119.912763 42.281352)",1,145.37,residential,6,,,,auto,
1754,,1310,33,35,1,"LINESTRING (119.912763 42.281352, 119.911757 42.28144)",1,83.34,residential,6,,,,auto,
1755,,1310,35,33,1,"LINESTRING (119.911757 42.28144, 119.912763 42.281352)",1,83.34,residential,6,,,,auto,
1756,,1327,243,241,1,"LINESTRING (119.913694 42.28351, 119.914874 42.283403)",1,97.80,residential,6,,,,auto,
1757,,1327,241,243,1,"LINESTRING (119.914874 42.283403, 119.913694 42.28351)",1,97.80,residential,6,,,,auto,
1758,,1328,243,245,1,"LINESTRING (119.913694 42.28351, 119.913671 42.283512)",1,1.91,residential,6,,,,auto,
1759,,1328,245,243,1,"LINESTRING (119.913671 42.283512, 119.913694 42.28351)",1,1.91,residential,6,,,,auto,
1760,迎宾大道,1340,37,244,1,"LINESTRING (119.911921 42.282509, 119.912097 42.283656)",1,128.36,secondary,4,,3,,auto,
1761,,1342,614,615,1,"LINESTRING (119.927169 42.276263, 119.927321 42.276402)",1,19.88,residential,6,,,,auto,
1762,,1342,615,614,1,"LINESTRING (119.927321 42.276402, 119.927169 42.276263)",1,19.88,residential,6,,,,auto,
1763,,1343,614,616,1,"LINESTRING (119.927169 42.276263, 119.927428 42.275519)",1,85.43,unclassified,20,,,,auto,
1764,,1343,616,614,1,"LINESTRING (119.927428 42.275519, 119.927169 42.276263)",1,85.43,unclassified,20,,,,auto,
1765,,1344,614,617,1,"LINESTRING (119.927169 42.276263, 119.927144 42.276432)",1,18.90,unclassified,20,,,,auto,
1766,,1344,617,614,1,"LINESTRING (119.927144 42.276432, 119.927169 42.276263)",1,18.90,unclassified,20,,,,auto,
1767,,1345,615,614,1,"LINESTRING (119.927321 42.276402, 119.927169 42.276263)",1,19.88,residential,6,,,,auto,
1768,,1345,614,615,1,"LINESTRING (119.927169 42.276263, 119.927321 42.276402)",1,19.88,residential,6,,,,auto,
1769,,1346,615,618,1,"LINESTRING (119.927321 42.276402, 119.927396 42.276509)",1,13.40,residential,6,,,,auto,
1770,,1346,618,615,1,"LINESTRING (119.927396 42.276509, 119.927321 42.276402)",1,13.40,residential,6,,,,auto,
1771,,1347,618,615,1,"LINESTRING (119.927396 42.276509, 119.927321 42.276402)",1,13.40,residential,6,,,,auto,
1772,,1347,615,618,1,"LINESTRING (119.927321 42.276402, 119.927396 42.276509)",1,13.40,residential,6,,,,auto,
1773,,1348,618,619,1,"LINESTRING (119.927396 42.276509, 119.927688 42.277073)",1,67.16,residential,6,,,,auto,
1774,,1348,619,618,1,"LINESTRING (119.927688 42.277073, 119.927396 42.276509)",1,67.16,residential,6,,,,auto,
1775,,1349,619,618,1,"LINESTRING (119.927688 42.277073, 119.927396 42.276509)",1,67.16,residential,6,,,,auto,
1776,,1349,618,619,1,"LINESTRING (119.927396 42.276509, 119.927688 42.277073)",1,67.16,residential,6,,,,auto,
1777,,1350,619,620,1,"LINESTRING (119.927688 42.277073, 119.928077 42.277676)",1,74.30,residential,6,,,,auto,
1778,,1350,620,619,1,"LINESTRING (119.928077 42.277676, 119.927688 42.277073)",1,74.30,residential,6,,,,auto,
1779,,1351,620,619,1,"LINESTRING (119.928077 42.277676, 119.927688 42.277073)",1,74.30,residential,6,,,,auto,
1780,,1351,619,620,1,"LINESTRING (119.927688 42.277073, 119.928077 42.277676)",1,74.30,residential,6,,,,auto,
1781,,1352,620,621,1,"LINESTRING (119.928077 42.277676, 119.928595 42.277468)",1,48.49,unclassified,20,,,,auto,
1782,,1352,621,620,1,"LINESTRING (119.928595 42.277468, 119.928077 42.277676)",1,48.49,unclassified,20,,,,auto,
1783,,1353,620,622,1,"LINESTRING (119.928077 42.277676, 119.926831 42.278343)",1,126.53,unclassified,20,,,,auto,
1784,,1353,622,620,1,"LINESTRING (119.926831 42.278343, 119.928077 42.277676)",1,126.53,unclassified,20,,,,auto,
1785,,1354,623,580,1,"LINESTRING (119.904268 42.294957, 119.903462 42.29512)",1,68.73,residential,6,,,,auto,
1786,,1354,580,623,1,"LINESTRING (119.903462 42.29512, 119.904268 42.294957)",1,68.73,residential,6,,,,auto,
1787,,1355,580,576,1,"LINESTRING (119.903462 42.29512, 119.90323 42.29456)",1,65.13,residential,6,,,,auto,
1788,,1355,576,580,1,"LINESTRING (119.90323 42.29456, 119.903462 42.29512)",1,65.13,residential,6,,,,auto,
1789,,1356,580,579,1,"LINESTRING (119.903462 42.29512, 119.903479 42.295162)",1,4.88,residential,6,,,,auto,
1790,,1356,579,580,1,"LINESTRING (119.903479 42.295162, 119.903462 42.29512)",1,4.88,residential,6,,,,auto,
1791,,1357,580,623,1,"LINESTRING (119.903462 42.29512, 119.904268 42.294957)",1,68.73,residential,6,,,,auto,
1792,,1357,623,580,1,"LINESTRING (119.904268 42.294957, 119.903462 42.29512)",1,68.73,residential,6,,,,auto,
1793,,1358,594,595,1,"LINESTRING (119.903769 42.295984, 119.903635 42.295558)",1,48.63,residential,6,,,,auto,
1794,,1358,595,594,1,"LINESTRING (119.903635 42.295558, 119.903769 42.295984)",1,48.63,residential,6,,,,auto,
1795,,1359,594,593,1,"LINESTRING (119.903769 42.295984, 119.90386 42.296274)",1,33.10,residential,6,,,,auto,
1796,,1359,593,594,1,"LINESTRING (119.90386 42.296274, 119.903769 42.295984)",1,33.10,residential,6,,,,auto,
1797,,1360,594,624,1,"LINESTRING (119.903769 42.295984, 119.902272 42.29627)",1,127.17,residential,6,,,,auto,
1798,,1360,624,594,1,"LINESTRING (119.902272 42.29627, 119.903769 42.295984)",1,127.17,residential,6,,,,auto,
1799,,1361,624,594,1,"LINESTRING (119.902272 42.29627, 119.903769 42.295984)",1,127.17,residential,6,,,,auto,
1800,,1361,594,624,1,"LINESTRING (119.903769 42.295984, 119.902272 42.29627)",1,127.17,residential,6,,,,auto,
1801,,1362,595,581,1,"LINESTRING (119.903635 42.295558, 119.90361 42.295479)",1,9.02,residential,6,,,,auto,
1802,,1362,581,595,1,"LINESTRING (119.90361 42.295479, 119.903635 42.295558)",1,9.02,residential,6,,,,auto,
1803,,1363,595,594,1,"LINESTRING (119.903635 42.295558, 119.903769 42.295984)",1,48.63,residential,6,,,,auto,
1804,,1363,594,595,1,"LINESTRING (119.903769 42.295984, 119.903635 42.295558)",1,48.63,residential,6,,,,auto,
1805,,1364,595,625,1,"LINESTRING (119.903635 42.295558, 119.902165 42.295858)",1,125.42,residential,6,,,,auto,
1806,,1364,625,595,1,"LINESTRING (119.902165 42.295858, 119.903635 42.295558)",1,125.42,residential,6,,,,auto,
1807,,1365,625,595,1,"LINESTRING (119.902165 42.295858, 119.903635 42.295558)",1,125.42,residential,6,,,,auto,
1808,,1365,595,625,1,"LINESTRING (119.903635 42.295558, 119.902165 42.295858)",1,125.42,residential,6,,,,auto,
1809,,1366,199,97,1,"LINESTRING (119.931299 42.279452, 119.932015 42.279035)",1,74.97,secondary,4,,,,auto,
1810,,1366,97,199,1,"LINESTRING (119.932015 42.279035, 119.931299 42.279452)",1,74.97,secondary,4,,,,auto,
1811,,1367,199,201,1,"LINESTRING (119.931299 42.279452, 119.931044 42.2796)",1,26.66,secondary,4,,,,auto,
1812,,1367,201,199,1,"LINESTRING (119.931044 42.2796, 119.931299 42.279452)",1,26.66,secondary,4,,,,auto,
1813,,1368,199,626,1,"LINESTRING (119.931299 42.279452, 119.933836 42.281282)",1,291.49,unclassified,20,,,,auto,
1814,,1368,626,199,1,"LINESTRING (119.933836 42.281282, 119.931299 42.279452)",1,291.49,unclassified,20,,,,auto,
1815,,1369,626,199,1,"LINESTRING (119.933836 42.281282, 119.931299 42.279452)",1,291.49,unclassified,20,,,,auto,
1816,,1369,199,626,1,"LINESTRING (119.931299 42.279452, 119.933836 42.281282)",1,291.49,unclassified,20,,,,auto,
1817,,1370,626,627,1,"LINESTRING (119.933836 42.281282, 119.933479 42.281504)",1,38.37,unclassified,20,,,,auto,
1818,,1370,627,626,1,"LINESTRING (119.933479 42.281504, 119.933836 42.281282)",1,38.37,unclassified,20,,,,auto,
1819,,1371,627,626,1,"LINESTRING (119.933479 42.281504, 119.933836 42.281282)",1,38.37,unclassified,20,,,,auto,
1820,,1371,626,627,1,"LINESTRING (119.933836 42.281282, 119.933479 42.281504)",1,38.37,unclassified,20,,,,auto,
1821,,1372,627,628,1,"LINESTRING (119.933479 42.281504, 119.933235 42.281591)",1,22.28,unclassified,20,,,,auto,
1822,,1372,628,627,1,"LINESTRING (119.933235 42.281591, 119.933479 42.281504)",1,22.28,unclassified,20,,,,auto,
1823,,1373,628,627,1,"LINESTRING (119.933235 42.281591, 119.933479 42.281504)",1,22.28,unclassified,20,,,,auto,
1824,,1373,627,628,1,"LINESTRING (119.933479 42.281504, 119.933235 42.281591)",1,22.28,unclassified,20,,,,auto,
1825,,1374,628,629,1,"LINESTRING (119.933235 42.281591, 119.933104 42.281623)",1,11.35,unclassified,20,,,,auto,
1826,,1374,629,628,1,"LINESTRING (119.933104 42.281623, 119.933235 42.281591)",1,11.35,unclassified,20,,,,auto,
1827,,1375,629,628,1,"LINESTRING (119.933104 42.281623, 119.933235 42.281591)",1,11.35,unclassified,20,,,,auto,
1828,,1375,628,629,1,"LINESTRING (119.933235 42.281591, 119.933104 42.281623)",1,11.35,unclassified,20,,,,auto,
1829,,1376,629,630,1,"LINESTRING (119.933104 42.281623, 119.932181 42.282367)",1,112.29,unclassified,20,,,,auto,
1830,,1376,630,629,1,"LINESTRING (119.932181 42.282367, 119.933104 42.281623)",1,112.29,unclassified,20,,,,auto,
1831,,1377,630,629,1,"LINESTRING (119.932181 42.282367, 119.933104 42.281623)",1,112.29,unclassified,20,,,,auto,
1832,,1377,629,630,1,"LINESTRING (119.933104 42.281623, 119.932181 42.282367)",1,112.29,unclassified,20,,,,auto,
1833,,1378,630,631,1,"LINESTRING (119.932181 42.282367, 119.93172 42.282641)",1,48.65,unclassified,20,,,,auto,
1834,,1378,631,630,1,"LINESTRING (119.93172 42.282641, 119.932181 42.282367)",1,48.65,unclassified,20,,,,auto,
1835,,1379,631,630,1,"LINESTRING (119.93172 42.282641, 119.932181 42.282367)",1,48.65,unclassified,20,,,,auto,
1836,,1379,630,631,1,"LINESTRING (119.932181 42.282367, 119.93172 42.282641)",1,48.65,unclassified,20,,,,auto,
1837,,1380,631,632,1,"LINESTRING (119.93172 42.282641, 119.933107 42.284286)",1,215.59,unclassified,20,,,,auto,
1838,,1380,632,631,1,"LINESTRING (119.933107 42.284286, 119.93172 42.282641)",1,215.59,unclassified,20,,,,auto,
1839,,1381,631,633,1,"LINESTRING (119.93172 42.282641, 119.931682 42.282595)",1,5.99,unclassified,20,,,,auto,
1840,,1381,633,631,1,"LINESTRING (119.931682 42.282595, 119.93172 42.282641)",1,5.99,unclassified,20,,,,auto,
1841,,1382,634,635,1,"LINESTRING (119.934775 42.286479, 119.934453 42.286193)",1,41.39,unclassified,20,,,,auto,
1842,,1382,635,634,1,"LINESTRING (119.934453 42.286193, 119.934775 42.286479)",1,41.39,unclassified,20,,,,auto,
1843,,1383,635,634,1,"LINESTRING (119.934453 42.286193, 119.934775 42.286479)",1,41.39,unclassified,20,,,,auto,
1844,,1383,634,635,1,"LINESTRING (119.934775 42.286479, 119.934453 42.286193)",1,41.39,unclassified,20,,,,auto,
1845,,1384,635,636,1,"LINESTRING (119.934453 42.286193, 119.933823 42.285312)",1,110.83,unclassified,20,,,,auto,
1846,,1384,636,635,1,"LINESTRING (119.933823 42.285312, 119.934453 42.286193)",1,110.83,unclassified,20,,,,auto,
1847,,1385,636,635,1,"LINESTRING (119.933823 42.285312, 119.934453 42.286193)",1,110.83,unclassified,20,,,,auto,
1848,,1385,635,636,1,"LINESTRING (119.934453 42.286193, 119.933823 42.285312)",1,110.83,unclassified,20,,,,auto,
1849,,1386,636,632,1,"LINESTRING (119.933823 42.285312, 119.933107 42.284286)",1,128.39,unclassified,20,,,,auto,
1850,,1386,632,636,1,"LINESTRING (119.933107 42.284286, 119.933823 42.285312)",1,128.39,unclassified,20,,,,auto,
1851,,1387,632,636,1,"LINESTRING (119.933107 42.284286, 119.933823 42.285312)",1,128.39,unclassified,20,,,,auto,
1852,,1387,636,632,1,"LINESTRING (119.933823 42.285312, 119.933107 42.284286)",1,128.39,unclassified,20,,,,auto,
1853,,1388,632,631,1,"LINESTRING (119.933107 42.284286, 119.93172 42.282641)",1,215.59,unclassified,20,,,,auto,
1854,,1388,631,632,1,"LINESTRING (119.93172 42.282641, 119.933107 42.284286)",1,215.59,unclassified,20,,,,auto,
1855,,1389,633,631,1,"LINESTRING (119.931682 42.282595, 119.93172 42.282641)",1,5.99,unclassified,20,,,,auto,
1856,,1389,631,633,1,"LINESTRING (119.93172 42.282641, 119.931682 42.282595)",1,5.99,unclassified,20,,,,auto,
1857,,1390,633,637,1,"LINESTRING (119.931682 42.282595, 119.930811 42.281653)",1,126.91,unclassified,20,,,,auto,
1858,,1390,637,633,1,"LINESTRING (119.930811 42.281653, 119.931682 42.282595)",1,126.91,unclassified,20,,,,auto,
1859,,1391,637,633,1,"LINESTRING (119.930811 42.281653, 119.931682 42.282595)",1,126.91,unclassified,20,,,,auto,
1860,,1391,633,637,1,"LINESTRING (119.931682 42.282595, 119.930811 42.281653)",1,126.91,unclassified,20,,,,auto,
1861,,1392,637,638,1,"LINESTRING (119.930811 42.281653, 119.930427 42.281236)",1,56.11,unclassified,20,,,,auto,
1862,,1392,638,637,1,"LINESTRING (119.930427 42.281236, 119.930811 42.281653)",1,56.11,unclassified,20,,,,auto,
1863,,1393,638,637,1,"LINESTRING (119.930427 42.281236, 119.930811 42.281653)",1,56.11,unclassified,20,,,,auto,
1864,,1393,637,638,1,"LINESTRING (119.930811 42.281653, 119.930427 42.281236)",1,56.11,unclassified,20,,,,auto,
1865,,1394,638,202,1,"LINESTRING (119.930427 42.281236, 119.929489 42.280493)",1,113.05,unclassified,20,,,,auto,
1866,,1394,202,638,1,"LINESTRING (119.929489 42.280493, 119.930427 42.281236)",1,113.05,unclassified,20,,,,auto,
1867,,1395,202,200,1,"LINESTRING (119.929489 42.280493, 119.931012 42.279619)",1,158.57,secondary,4,,,,auto,
1868,,1395,200,202,1,"LINESTRING (119.931012 42.279619, 119.929489 42.280493)",1,158.57,secondary,4,,,,auto,
1869,,1396,202,203,1,"LINESTRING (119.929489 42.280493, 119.928501 42.281073)",1,103.76,secondary,4,,,,auto,
1870,,1396,203,202,1,"LINESTRING (119.928501 42.281073, 119.929489 42.280493)",1,103.76,secondary,4,,,,auto,
1871,,1397,202,638,1,"LINESTRING (119.929489 42.280493, 119.930427 42.281236)",1,113.05,unclassified,20,,,,auto,
1872,,1397,638,202,1,"LINESTRING (119.930427 42.281236, 119.929489 42.280493)",1,113.05,unclassified,20,,,,auto,
1873,,1398,202,639,1,"LINESTRING (119.929489 42.280493, 119.929338 42.280373)",1,18.23,residential,6,,,,auto,
1874,,1398,639,202,1,"LINESTRING (119.929338 42.280373, 119.929489 42.280493)",1,18.23,residential,6,,,,auto,
1875,,1399,639,202,1,"LINESTRING (119.929338 42.280373, 119.929489 42.280493)",1,18.23,residential,6,,,,auto,
1876,,1399,202,639,1,"LINESTRING (119.929489 42.280493, 119.929338 42.280373)",1,18.23,residential,6,,,,auto,
1877,,1400,639,640,1,"LINESTRING (119.929338 42.280373, 119.928944 42.280186)",1,38.51,residential,6,,,,auto,
1878,,1400,640,639,1,"LINESTRING (119.928944 42.280186, 119.929338 42.280373)",1,38.51,residential,6,,,,auto,
1879,,1401,640,639,1,"LINESTRING (119.928944 42.280186, 119.929338 42.280373)",1,38.51,residential,6,,,,auto,
1880,,1401,639,640,1,"LINESTRING (119.929338 42.280373, 119.928944 42.280186)",1,38.51,residential,6,,,,auto,
1881,,1402,640,641,1,"LINESTRING (119.928944 42.280186, 119.928839 42.280174)",1,8.74,residential,6,,,,auto,
1882,,1402,641,640,1,"LINESTRING (119.928839 42.280174, 119.928944 42.280186)",1,8.74,residential,6,,,,auto,
1883,,1403,641,640,1,"LINESTRING (119.928839 42.280174, 119.928944 42.280186)",1,8.74,residential,6,,,,auto,
1884,,1403,640,641,1,"LINESTRING (119.928944 42.280186, 119.928839 42.280174)",1,8.74,residential,6,,,,auto,
1885,,1404,641,642,1,"LINESTRING (119.928839 42.280174, 119.928651 42.280208)",1,15.92,residential,6,,,,auto,
1886,,1404,642,641,1,"LINESTRING (119.928651 42.280208, 119.928839 42.280174)",1,15.92,residential,6,,,,auto,
1887,,1405,642,641,1,"LINESTRING (119.928651 42.280208, 119.928839 42.280174)",1,15.92,residential,6,,,,auto,
1888,,1405,641,642,1,"LINESTRING (119.928839 42.280174, 119.928651 42.280208)",1,15.92,residential,6,,,,auto,
1889,,1406,642,643,1,"LINESTRING (119.928651 42.280208, 119.928222 42.280325)",1,37.61,residential,6,,,,auto,
1890,,1406,643,642,1,"LINESTRING (119.928222 42.280325, 119.928651 42.280208)",1,37.61,residential,6,,,,auto,
1891,,1407,643,642,1,"LINESTRING (119.928222 42.280325, 119.928651 42.280208)",1,37.61,residential,6,,,,auto,
1892,,1407,642,643,1,"LINESTRING (119.928651 42.280208, 119.928222 42.280325)",1,37.61,residential,6,,,,auto,
1893,,1408,643,644,1,"LINESTRING (119.928222 42.280325, 119.927399 42.28063)",1,75.73,residential,6,,,,auto,
1894,,1408,644,643,1,"LINESTRING (119.927399 42.28063, 119.928222 42.280325)",1,75.73,residential,6,,,,auto,
1895,,1409,644,643,1,"LINESTRING (119.927399 42.28063, 119.928222 42.280325)",1,75.73,residential,6,,,,auto,
1896,,1409,643,644,1,"LINESTRING (119.928222 42.280325, 119.927399 42.28063)",1,75.73,residential,6,,,,auto,
1897,,1410,644,645,1,"LINESTRING (119.927399 42.28063, 119.927495 42.28073)",1,13.64,residential,6,,,,auto,
1898,,1410,645,644,1,"LINESTRING (119.927495 42.28073, 119.927399 42.28063)",1,13.64,residential,6,,,,auto,
1899,,1411,644,646,1,"LINESTRING (119.927399 42.28063, 119.927313 42.280542)",1,12.08,residential,6,,,,auto,
1900,,1411,646,644,1,"LINESTRING (119.927313 42.280542, 119.927399 42.28063)",1,12.08,residential,6,,,,auto,
1901,,1412,204,203,1,"LINESTRING (119.927909 42.281372, 119.928501 42.281073)",1,58.97,secondary,4,,,,auto,
1902,,1412,203,204,1,"LINESTRING (119.928501 42.281073, 119.927909 42.281372)",1,58.97,secondary,4,,,,auto,
1903,,1413,204,205,1,"LINESTRING (119.927909 42.281372, 119.927812 42.281421)",1,9.66,secondary,4,,,,auto,
1904,,1413,205,204,1,"LINESTRING (119.927812 42.281421, 119.927909 42.281372)",1,9.66,secondary,4,,,,auto,
1905,,1414,204,645,1,"LINESTRING (119.927909 42.281372, 119.927495 42.28073)",1,79.10,residential,6,,,,auto,
1906,,1414,645,204,1,"LINESTRING (119.927495 42.28073, 119.927909 42.281372)",1,79.10,residential,6,,,,auto,
1907,,1415,645,204,1,"LINESTRING (119.927495 42.28073, 119.927909 42.281372)",1,79.10,residential,6,,,,auto,
1908,,1415,204,645,1,"LINESTRING (119.927909 42.281372, 119.927495 42.28073)",1,79.10,residential,6,,,,auto,
1909,,1416,645,644,1,"LINESTRING (119.927495 42.28073, 119.927399 42.28063)",1,13.64,residential,6,,,,auto,
1910,,1416,644,645,1,"LINESTRING (119.927399 42.28063, 119.927495 42.28073)",1,13.64,residential,6,,,,auto,
1911,,1417,647,648,1,"LINESTRING (119.923732 42.281305, 119.92318 42.281421)",1,47.21,residential,6,,,,auto,
1912,,1417,648,647,1,"LINESTRING (119.92318 42.281421, 119.923732 42.281305)",1,47.21,residential,6,,,,auto,
1913,,1418,647,649,1,"LINESTRING (119.923732 42.281305, 119.923716 42.281243)",1,7.02,residential,6,,,,auto,
1914,,1418,649,647,1,"LINESTRING (119.923716 42.281243, 119.923732 42.281305)",1,7.02,residential,6,,,,auto,
1915,,1419,647,650,1,"LINESTRING (119.923732 42.281305, 119.923743 42.281345)",1,4.54,residential,6,,,,auto,
1916,,1419,650,647,1,"LINESTRING (119.923743 42.281345, 119.923732 42.281305)",1,4.54,residential,6,,,,auto,
1917,,1420,648,647,1,"LINESTRING (119.92318 42.281421, 119.923732 42.281305)",1,47.21,residential,6,,,,auto,
1918,,1420,647,648,1,"LINESTRING (119.923732 42.281305, 119.92318 42.281421)",1,47.21,residential,6,,,,auto,
1919,,1421,648,651,1,"LINESTRING (119.92318 42.281421, 119.92256 42.281539)",1,52.67,residential,6,,,,auto,
1920,,1421,651,648,1,"LINESTRING (119.92256 42.281539, 119.92318 42.281421)",1,52.67,residential,6,,,,auto,
1921,,1422,651,648,1,"LINESTRING (119.92256 42.281539, 119.92318 42.281421)",1,52.67,residential,6,,,,auto,
1922,,1422,648,651,1,"LINESTRING (119.92318 42.281421, 119.92256 42.281539)",1,52.67,residential,6,,,,auto,
1923,,1423,651,652,1,"LINESTRING (119.92256 42.281539, 119.922273 42.280653)",1,101.31,residential,6,,,,auto,
1924,,1423,652,651,1,"LINESTRING (119.922273 42.280653, 119.92256 42.281539)",1,101.31,residential,6,,,,auto,
1925,,1424,651,653,1,"LINESTRING (119.92256 42.281539, 119.922721 42.282036)",1,56.83,residential,6,,,,auto,
1926,,1424,653,651,1,"LINESTRING (119.922721 42.282036, 119.92256 42.281539)",1,56.83,residential,6,,,,auto,
1927,,1425,654,208,1,"LINESTRING (119.925722 42.282273, 119.926211 42.282084)",1,45.39,secondary,4,,,,auto,
1928,,1425,208,654,1,"LINESTRING (119.926211 42.282084, 119.925722 42.282273)",1,45.39,secondary,4,,,,auto,
1929,,1426,654,655,1,"LINESTRING (119.925722 42.282273, 119.925152 42.282493)",1,52.89,secondary,4,,,,auto,
1930,,1426,655,654,1,"LINESTRING (119.925152 42.282493, 119.925722 42.282273)",1,52.89,secondary,4,,,,auto,
1931,,1427,654,656,1,"LINESTRING (119.925722 42.282273, 119.926465 42.28388)",1,188.86,residential,6,,,,auto,
1932,,1427,656,654,1,"LINESTRING (119.926465 42.28388, 119.925722 42.282273)",1,188.86,residential,6,,,,auto,
1933,,1428,656,654,1,"LINESTRING (119.926465 42.28388, 119.925722 42.282273)",1,188.86,residential,6,,,,auto,
1934,,1428,654,656,1,"LINESTRING (119.925722 42.282273, 119.926465 42.28388)",1,188.86,residential,6,,,,auto,
1935,,1429,656,657,1,"LINESTRING (119.926465 42.28388, 119.927182 42.283681)",1,63.00,residential,6,,,,auto,
1936,,1429,657,656,1,"LINESTRING (119.927182 42.283681, 119.926465 42.28388)",1,63.00,residential,6,,,,auto,
1937,,1430,656,658,1,"LINESTRING (119.926465 42.28388, 119.925906 42.284035)",1,49.11,residential,6,,,,auto,
1938,,1430,658,656,1,"LINESTRING (119.925906 42.284035, 119.926465 42.28388)",1,49.11,residential,6,,,,auto,
1939,,1431,655,654,1,"LINESTRING (119.925152 42.282493, 119.925722 42.282273)",1,52.89,secondary,4,,,,auto,
1940,,1431,654,655,1,"LINESTRING (119.925722 42.282273, 119.925152 42.282493)",1,52.89,secondary,4,,,,auto,
1941,,1432,655,210,1,"LINESTRING (119.925152 42.282493, 119.924815 42.282623)",1,31.27,secondary,4,,,,auto,
1942,,1432,210,655,1,"LINESTRING (119.924815 42.282623, 119.925152 42.282493)",1,31.27,secondary,4,,,,auto,
1943,,1433,655,658,1,"LINESTRING (119.925152 42.282493, 119.925906 42.284035)",1,182.34,residential,6,,,,auto,
1944,,1433,658,655,1,"LINESTRING (119.925906 42.284035, 119.925152 42.282493)",1,182.34,residential,6,,,,auto,
1945,,1434,658,655,1,"LINESTRING (119.925906 42.284035, 119.925152 42.282493)",1,182.34,residential,6,,,,auto,
1946,,1434,655,658,1,"LINESTRING (119.925152 42.282493, 119.925906 42.284035)",1,182.34,residential,6,,,,auto,
1947,,1435,658,656,1,"LINESTRING (119.925906 42.284035, 119.926465 42.28388)",1,49.11,residential,6,,,,auto,
1948,,1435,656,658,1,"LINESTRING (119.926465 42.28388, 119.925906 42.284035)",1,49.11,residential,6,,,,auto,
1949,,1436,658,659,1,"LINESTRING (119.925906 42.284035, 119.925538 42.284137)",1,32.33,residential,6,,,,auto,
1950,,1436,659,658,1,"LINESTRING (119.925538 42.284137, 119.925906 42.284035)",1,32.33,residential,6,,,,auto,
1951,,1437,660,657,1,"LINESTRING (119.928131 42.283407, 119.927182 42.283681)",1,83.80,residential,6,,,,auto,
1952,,1437,657,660,1,"LINESTRING (119.927182 42.283681, 119.928131 42.283407)",1,83.80,residential,6,,,,auto,
1953,,1438,657,660,1,"LINESTRING (119.927182 42.283681, 119.928131 42.283407)",1,83.80,residential,6,,,,auto,
1954,,1438,660,657,1,"LINESTRING (119.928131 42.283407, 119.927182 42.283681)",1,83.80,residential,6,,,,auto,
1955,,1439,657,656,1,"LINESTRING (119.927182 42.283681, 119.926465 42.28388)",1,63.00,residential,6,,,,auto,
1956,,1439,656,657,1,"LINESTRING (119.926465 42.28388, 119.927182 42.283681)",1,63.00,residential,6,,,,auto,
1957,,1440,659,658,1,"LINESTRING (119.925538 42.284137, 119.925906 42.284035)",1,32.33,residential,6,,,,auto,
1958,,1440,658,659,1,"LINESTRING (119.925906 42.284035, 119.925538 42.284137)",1,32.33,residential,6,,,,auto,
1959,,1441,659,210,1,"LINESTRING (119.925538 42.284137, 119.924815 42.282623)",1,178.55,residential,6,,,,auto,
1960,,1441,210,659,1,"LINESTRING (119.924815 42.282623, 119.925538 42.284137)",1,178.55,residential,6,,,,auto,
1961,,1442,659,661,1,"LINESTRING (119.925538 42.284137, 119.926256 42.285639)",1,177.15,residential,6,,,,auto,
1962,,1442,661,659,1,"LINESTRING (119.926256 42.285639, 119.925538 42.284137)",1,177.15,residential,6,,,,auto,
1963,,1443,210,655,1,"LINESTRING (119.924815 42.282623, 119.925152 42.282493)",1,31.27,secondary,4,,,,auto,
1964,,1443,655,210,1,"LINESTRING (119.925152 42.282493, 119.924815 42.282623)",1,31.27,secondary,4,,,,auto,
1965,,1444,210,209,1,"LINESTRING (119.924815 42.282623, 119.924682 42.282675)",1,12.38,secondary,4,,,,auto,
1966,,1444,209,210,1,"LINESTRING (119.924682 42.282675, 119.924815 42.282623)",1,12.38,secondary,4,,,,auto,
1967,,1445,210,659,1,"LINESTRING (119.924815 42.282623, 119.925538 42.284137)",1,178.55,residential,6,,,,auto,
1968,,1445,659,210,1,"LINESTRING (119.925538 42.284137, 119.924815 42.282623)",1,178.55,residential,6,,,,auto,
1969,,1446,661,659,1,"LINESTRING (119.926256 42.285639, 119.925538 42.284137)",1,177.15,residential,6,,,,auto,
1970,,1446,659,661,1,"LINESTRING (119.925538 42.284137, 119.926256 42.285639)",1,177.15,residential,6,,,,auto,
1971,,1447,662,663,1,"LINESTRING (119.924626 42.283909, 119.924124 42.284022)",1,43.17,residential,6,,,,auto,
1972,,1447,663,662,1,"LINESTRING (119.924124 42.284022, 119.924626 42.283909)",1,43.17,residential,6,,,,auto,
1973,,1448,664,663,1,"LINESTRING (119.923478 42.284195, 119.924124 42.284022)",1,56.52,residential,6,,,,auto,
1974,,1448,663,664,1,"LINESTRING (119.924124 42.284022, 119.923478 42.284195)",1,56.52,residential,6,,,,auto,
1975,,1449,664,217,1,"LINESTRING (119.923478 42.284195, 119.923409 42.284089)",1,13.08,residential,6,,,,auto,
1976,,1449,217,664,1,"LINESTRING (119.923409 42.284089, 119.923478 42.284195)",1,13.08,residential,6,,,,auto,
1977,,1450,664,665,1,"LINESTRING (119.923478 42.284195, 119.923496 42.284223)",1,3.45,residential,6,,,,auto,
1978,,1450,665,664,1,"LINESTRING (119.923496 42.284223, 119.923478 42.284195)",1,3.45,residential,6,,,,auto,
1979,,1451,663,662,1,"LINESTRING (119.924124 42.284022, 119.924626 42.283909)",1,43.17,residential,6,,,,auto,
1980,,1451,662,663,1,"LINESTRING (119.924626 42.283909, 119.924124 42.284022)",1,43.17,residential,6,,,,auto,
1981,,1452,663,664,1,"LINESTRING (119.924124 42.284022, 119.923478 42.284195)",1,56.52,residential,6,,,,auto,
1982,,1452,664,663,1,"LINESTRING (119.923478 42.284195, 119.924124 42.284022)",1,56.52,residential,6,,,,auto,
1983,,1453,663,666,1,"LINESTRING (119.924124 42.284022, 119.925009 42.286009)",1,232.63,residential,6,,,,auto,
1984,,1453,666,663,1,"LINESTRING (119.925009 42.286009, 119.924124 42.284022)",1,232.63,residential,6,,,,auto,
1985,,1454,666,392,1,"LINESTRING (119.925009 42.286009, 119.925602 42.285959)",1,49.10,primary,3,,,,auto,
1986,,1455,666,663,1,"LINESTRING (119.925009 42.286009, 119.924124 42.284022)",1,232.63,residential,6,,,,auto,
1987,,1455,663,666,1,"LINESTRING (119.924124 42.284022, 119.925009 42.286009)",1,232.63,residential,6,,,,auto,
1988,,1456,665,664,1,"LINESTRING (119.923496 42.284223, 119.923478 42.284195)",1,3.45,residential,6,,,,auto,
1989,,1456,664,665,1,"LINESTRING (119.923478 42.284195, 119.923496 42.284223)",1,3.45,residential,6,,,,auto,
1990,,1457,665,667,1,"LINESTRING (119.923496 42.284223, 119.923582 42.284655)",1,48.55,residential,6,,,,auto,
1991,,1457,667,665,1,"LINESTRING (119.923582 42.284655, 119.923496 42.284223)",1,48.55,residential,6,,,,auto,
1992,,1458,667,665,1,"LINESTRING (119.923582 42.284655, 119.923496 42.284223)",1,48.55,residential,6,,,,auto,
1993,,1458,665,667,1,"LINESTRING (119.923496 42.284223, 119.923582 42.284655)",1,48.55,residential,6,,,,auto,
1994,,1459,667,374,1,"LINESTRING (119.923582 42.284655, 119.924114 42.286084)",1,164.81,residential,6,,,,auto,
1995,,1459,374,667,1,"LINESTRING (119.924114 42.286084, 119.923582 42.284655)",1,164.81,residential,6,,,,auto,
1996,,1460,374,666,1,"LINESTRING (119.924114 42.286084, 119.925009 42.286009)",1,74.09,primary,3,,,,auto,
1997,,1461,374,667,1,"LINESTRING (119.924114 42.286084, 119.923582 42.284655)",1,164.81,residential,6,,,,auto,
1998,,1461,667,374,1,"LINESTRING (119.923582 42.284655, 119.924114 42.286084)",1,164.81,residential,6,,,,auto,
1999,,1462,668,669,1,"LINESTRING (119.922123 42.283101, 119.922233 42.283566)",1,52.49,residential,6,,,,auto,
2000,,1462,669,668,1,"LINESTRING (119.922233 42.283566, 119.922123 42.283101)",1,52.49,residential,6,,,,auto,
2001,,1463,669,668,1,"LINESTRING (119.922233 42.283566, 119.922123 42.283101)",1,52.49,residential,6,,,,auto,
2002,,1463,668,669,1,"LINESTRING (119.922123 42.283101, 119.922233 42.283566)",1,52.49,residential,6,,,,auto,
2003,,1464,669,670,1,"LINESTRING (119.922233 42.283566, 119.922289 42.284395)",1,92.30,residential,6,,,,auto,
2004,,1464,670,669,1,"LINESTRING (119.922289 42.284395, 119.922233 42.283566)",1,92.30,residential,6,,,,auto,
2005,,1465,670,669,1,"LINESTRING (119.922289 42.284395, 119.922233 42.283566)",1,92.30,residential,6,,,,auto,
2006,,1465,669,670,1,"LINESTRING (119.922233 42.283566, 119.922289 42.284395)",1,92.30,residential,6,,,,auto,
2007,,1466,670,671,1,"LINESTRING (119.922289 42.284395, 119.922415 42.285512)",1,124.64,residential,6,,,,auto,
2008,,1466,671,670,1,"LINESTRING (119.922415 42.285512, 119.922289 42.284395)",1,124.64,residential,6,,,,auto,
2009,,1467,671,670,1,"LINESTRING (119.922415 42.285512, 119.922289 42.284395)",1,124.64,residential,6,,,,auto,
2010,,1467,670,671,1,"LINESTRING (119.922289 42.284395, 119.922415 42.285512)",1,124.64,residential,6,,,,auto,
2011,,1468,671,672,1,"LINESTRING (119.922415 42.285512, 119.922485 42.285669)",1,18.38,residential,6,,,,auto,
2012,,1468,672,671,1,"LINESTRING (119.922485 42.285669, 119.922415 42.285512)",1,18.38,residential,6,,,,auto,
2013,,1469,672,671,1,"LINESTRING (119.922485 42.285669, 119.922415 42.285512)",1,18.38,residential,6,,,,auto,
2014,,1469,671,672,1,"LINESTRING (119.922415 42.285512, 119.922485 42.285669)",1,18.38,residential,6,,,,auto,
2015,,1470,672,219,1,"LINESTRING (119.922485 42.285669, 119.922601 42.285802)",1,17.60,residential,6,,,,auto,
2016,,1470,219,672,1,"LINESTRING (119.922601 42.285802, 119.922485 42.285669)",1,17.60,residential,6,,,,auto,
2017,,1471,219,218,1,"LINESTRING (119.922601 42.285802, 119.92292 42.285167)",1,75.33,secondary,4,,,,auto,
2018,,1471,218,219,1,"LINESTRING (119.92292 42.285167, 119.922601 42.285802)",1,75.33,secondary,4,,,,auto,
2019,,1472,219,220,1,"LINESTRING (119.922601 42.285802, 119.922576 42.285852)",1,5.93,secondary,4,,,,auto,
2020,,1472,220,219,1,"LINESTRING (119.922576 42.285852, 119.922601 42.285802)",1,5.93,secondary,4,,,,auto,
2021,,1473,219,672,1,"LINESTRING (119.922601 42.285802, 119.922485 42.285669)",1,17.60,residential,6,,,,auto,
2022,,1473,672,219,1,"LINESTRING (119.922485 42.285669, 119.922601 42.285802)",1,17.60,residential,6,,,,auto,
2023,,1474,673,674,1,"LINESTRING (119.92565 42.278031, 119.925168 42.277068)",1,114.19,residential,6,,,,auto,
2024,,1474,674,673,1,"LINESTRING (119.925168 42.277068, 119.92565 42.278031)",1,114.19,residential,6,,,,auto,
2025,,1475,674,673,1,"LINESTRING (119.925168 42.277068, 119.92565 42.278031)",1,114.19,residential,6,,,,auto,
2026,,1475,673,674,1,"LINESTRING (119.92565 42.278031, 119.925168 42.277068)",1,114.19,residential,6,,,,auto,
2027,,1476,674,675,1,"LINESTRING (119.925168 42.277068, 119.925817 42.276898)",1,56.64,unclassified,20,,,,auto,
2028,,1476,675,674,1,"LINESTRING (119.925817 42.276898, 119.925168 42.277068)",1,56.64,unclassified,20,,,,auto,
2029,,1477,674,676,1,"LINESTRING (119.925168 42.277068, 119.924687 42.277194)",1,41.98,unclassified,20,,,,auto,
2030,,1477,676,674,1,"LINESTRING (119.924687 42.277194, 119.925168 42.277068)",1,41.98,unclassified,20,,,,auto,
2031,,1478,677,678,1,"LINESTRING (119.924052 42.276867, 119.924057 42.276795)",1,8.02,residential,6,,,,auto,
2032,,1478,678,677,1,"LINESTRING (119.924057 42.276795, 119.924052 42.276867)",1,8.02,residential,6,,,,auto,
2033,,1479,677,679,1,"LINESTRING (119.924052 42.276867, 119.923917 42.276733)",1,18.58,residential,6,,,,auto,
2034,,1479,679,677,1,"LINESTRING (119.923917 42.276733, 119.924052 42.276867)",1,18.58,residential,6,,,,auto,
2035,,1480,677,680,1,"LINESTRING (119.924052 42.276867, 119.924108 42.276922)",1,7.66,residential,6,,,,auto,
2036,,1480,680,677,1,"LINESTRING (119.924108 42.276922, 119.924052 42.276867)",1,7.66,residential,6,,,,auto,
2037,,1481,678,677,1,"LINESTRING (119.924057 42.276795, 119.924052 42.276867)",1,8.02,residential,6,,,,auto,
2038,,1481,677,678,1,"LINESTRING (119.924052 42.276867, 119.924057 42.276795)",1,8.02,residential,6,,,,auto,
2039,,1482,678,681,1,"LINESTRING (119.924057 42.276795, 119.924076 42.276696)",1,11.12,residential,6,,,,auto,
2040,,1482,681,678,1,"LINESTRING (119.924076 42.276696, 119.924057 42.276795)",1,11.12,residential,6,,,,auto,
2041,,1483,681,678,1,"LINESTRING (119.924076 42.276696, 119.924057 42.276795)",1,11.12,residential,6,,,,auto,
2042,,1483,678,681,1,"LINESTRING (119.924057 42.276795, 119.924076 42.276696)",1,11.12,residential,6,,,,auto,
2043,,1484,681,682,1,"LINESTRING (119.924076 42.276696, 119.924148 42.276636)",1,8.92,residential,6,,,,auto,
2044,,1484,682,681,1,"LINESTRING (119.924148 42.276636, 119.924076 42.276696)",1,8.92,residential,6,,,,auto,
2045,,1485,682,681,1,"LINESTRING (119.924148 42.276636, 119.924076 42.276696)",1,8.92,residential,6,,,,auto,
2046,,1485,681,682,1,"LINESTRING (119.924076 42.276696, 119.924148 42.276636)",1,8.92,residential,6,,,,auto,
2047,,1486,682,683,1,"LINESTRING (119.924148 42.276636, 119.924236 42.27658)",1,9.55,residential,6,,,,auto,
2048,,1486,683,682,1,"LINESTRING (119.924236 42.27658, 119.924148 42.276636)",1,9.55,residential,6,,,,auto,
2049,,1487,683,682,1,"LINESTRING (119.924236 42.27658, 119.924148 42.276636)",1,9.55,residential,6,,,,auto,
2050,,1487,682,683,1,"LINESTRING (119.924148 42.276636, 119.924236 42.27658)",1,9.55,residential,6,,,,auto,
2051,,1488,683,684,1,"LINESTRING (119.924236 42.27658, 119.92422 42.276489)",1,10.20,residential,6,,,,auto,
2052,,1488,684,683,1,"LINESTRING (119.92422 42.276489, 119.924236 42.27658)",1,10.20,residential,6,,,,auto,
2053,,1489,684,683,1,"LINESTRING (119.92422 42.276489, 119.924236 42.27658)",1,10.20,residential,6,,,,auto,
2054,,1489,683,684,1,"LINESTRING (119.924236 42.27658, 119.92422 42.276489)",1,10.20,residential,6,,,,auto,
2055,,1490,684,685,1,"LINESTRING (119.92422 42.276489, 119.924073 42.276223)",1,31.95,residential,6,,,,auto,
2056,,1490,685,684,1,"LINESTRING (119.924073 42.276223, 119.92422 42.276489)",1,31.95,residential,6,,,,auto,
2057,,1491,685,684,1,"LINESTRING (119.924073 42.276223, 119.92422 42.276489)",1,31.95,residential,6,,,,auto,
2058,,1491,684,685,1,"LINESTRING (119.92422 42.276489, 119.924073 42.276223)",1,31.95,residential,6,,,,auto,
2059,,1492,685,686,1,"LINESTRING (119.924073 42.276223, 119.923486 42.275271)",1,116.35,residential,6,,,,auto,
2060,,1492,686,685,1,"LINESTRING (119.923486 42.275271, 119.924073 42.276223)",1,116.35,residential,6,,,,auto,
2061,,1493,686,685,1,"LINESTRING (119.923486 42.275271, 119.924073 42.276223)",1,116.35,residential,6,,,,auto,
2062,,1493,685,686,1,"LINESTRING (119.924073 42.276223, 119.923486 42.275271)",1,116.35,residential,6,,,,auto,
2063,,1494,686,687,1,"LINESTRING (119.923486 42.275271, 119.923156 42.27538)",1,29.73,residential,6,,,,auto,
2064,,1494,687,686,1,"LINESTRING (119.923156 42.27538, 119.923486 42.275271)",1,29.73,residential,6,,,,auto,
2065,,1495,687,686,1,"LINESTRING (119.923156 42.27538, 119.923486 42.275271)",1,29.73,residential,6,,,,auto,
2066,,1495,686,687,1,"LINESTRING (119.923486 42.275271, 119.923156 42.27538)",1,29.73,residential,6,,,,auto,
2067,,1496,687,688,1,"LINESTRING (119.923156 42.27538, 119.923078 42.275433)",1,8.71,residential,6,,,,auto,
2068,,1496,688,687,1,"LINESTRING (119.923078 42.275433, 119.923156 42.27538)",1,8.71,residential,6,,,,auto,
2069,,1497,688,687,1,"LINESTRING (119.923078 42.275433, 119.923156 42.27538)",1,8.71,residential,6,,,,auto,
2070,,1497,687,688,1,"LINESTRING (119.923156 42.27538, 119.923078 42.275433)",1,8.71,residential,6,,,,auto,
2071,,1498,688,689,1,"LINESTRING (119.923078 42.275433, 119.92303 42.275548)",1,13.38,residential,6,,,,auto,
2072,,1498,689,688,1,"LINESTRING (119.92303 42.275548, 119.923078 42.275433)",1,13.38,residential,6,,,,auto,
2073,,1499,689,688,1,"LINESTRING (119.92303 42.275548, 119.923078 42.275433)",1,13.38,residential,6,,,,auto,
2074,,1499,688,689,1,"LINESTRING (119.923078 42.275433, 119.92303 42.275548)",1,13.38,residential,6,,,,auto,
2075,,1500,689,690,1,"LINESTRING (119.92303 42.275548, 119.923032 42.275695)",1,16.35,residential,6,,,,auto,
2076,,1500,690,689,1,"LINESTRING (119.923032 42.275695, 119.92303 42.275548)",1,16.35,residential,6,,,,auto,
2077,,1501,690,689,1,"LINESTRING (119.923032 42.275695, 119.92303 42.275548)",1,16.35,residential,6,,,,auto,
2078,,1501,689,690,1,"LINESTRING (119.92303 42.275548, 119.923032 42.275695)",1,16.35,residential,6,,,,auto,
2079,,1502,690,691,1,"LINESTRING (119.923032 42.275695, 119.923035 42.275796)",1,11.23,residential,6,,,,auto,
2080,,1502,691,690,1,"LINESTRING (119.923035 42.275796, 119.923032 42.275695)",1,11.23,residential,6,,,,auto,
2081,,1503,692,691,1,"LINESTRING (119.92256 42.275951, 119.923035 42.275796)",1,42.71,residential,6,,,,auto,
2082,,1503,691,692,1,"LINESTRING (119.923035 42.275796, 119.92256 42.275951)",1,42.71,residential,6,,,,auto,
2083,,1504,692,693,1,"LINESTRING (119.92256 42.275951, 119.922303 42.276007)",1,22.04,residential,6,,,,auto,
2084,,1504,693,692,1,"LINESTRING (119.922303 42.276007, 119.92256 42.275951)",1,22.04,residential,6,,,,auto,
2085,,1505,693,692,1,"LINESTRING (119.922303 42.276007, 119.92256 42.275951)",1,22.04,residential,6,,,,auto,
2086,,1505,692,693,1,"LINESTRING (119.92256 42.275951, 119.922303 42.276007)",1,22.04,residential,6,,,,auto,
2087,,1506,693,694,1,"LINESTRING (119.922303 42.276007, 119.921951 42.276015)",1,28.97,residential,6,,,,auto,
2088,,1506,694,693,1,"LINESTRING (119.921951 42.276015, 119.922303 42.276007)",1,28.97,residential,6,,,,auto,
2089,,1507,694,693,1,"LINESTRING (119.921951 42.276015, 119.922303 42.276007)",1,28.97,residential,6,,,,auto,
2090,,1507,693,694,1,"LINESTRING (119.922303 42.276007, 119.921951 42.276015)",1,28.97,residential,6,,,,auto,
2091,,1508,694,695,1,"LINESTRING (119.921951 42.276015, 119.921504 42.27597)",1,37.12,residential,6,,,,auto,
2092,,1508,695,694,1,"LINESTRING (119.921504 42.27597, 119.921951 42.276015)",1,37.12,residential,6,,,,auto,
2093,,1509,695,694,1,"LINESTRING (119.921504 42.27597, 119.921951 42.276015)",1,37.12,residential,6,,,,auto,
2094,,1509,694,695,1,"LINESTRING (119.921951 42.276015, 119.921504 42.27597)",1,37.12,residential,6,,,,auto,
2095,,1510,695,696,1,"LINESTRING (119.921504 42.27597, 119.921077 42.275255)",1,86.92,unclassified,20,,,,auto,
2096,,1510,696,695,1,"LINESTRING (119.921077 42.275255, 119.921504 42.27597)",1,86.92,unclassified,20,,,,auto,
2097,,1511,695,697,1,"LINESTRING (119.921504 42.27597, 119.921605 42.27614)",1,20.65,unclassified,20,,,,auto,
2098,,1511,697,695,1,"LINESTRING (119.921605 42.27614, 119.921504 42.27597)",1,20.65,unclassified,20,,,,auto,
2099,,1512,696,695,1,"LINESTRING (119.921077 42.275255, 119.921504 42.27597)",1,86.92,unclassified,20,,,,auto,
2100,,1512,695,696,1,"LINESTRING (119.921504 42.27597, 119.921077 42.275255)",1,86.92,unclassified,20,,,,auto,
2101,,1513,697,695,1,"LINESTRING (119.921605 42.27614, 119.921504 42.27597)",1,20.65,unclassified,20,,,,auto,
2102,,1513,695,697,1,"LINESTRING (119.921504 42.27597, 119.921605 42.27614)",1,20.65,unclassified,20,,,,auto,
2103,,1514,697,698,1,"LINESTRING (119.921605 42.27614, 119.921804 42.276283)",1,22.82,unclassified,20,,,,auto,
2104,,1514,698,697,1,"LINESTRING (119.921804 42.276283, 119.921605 42.27614)",1,22.82,unclassified,20,,,,auto,
2105,,1515,698,697,1,"LINESTRING (119.921804 42.276283, 119.921605 42.27614)",1,22.82,unclassified,20,,,,auto,
2106,,1515,697,698,1,"LINESTRING (119.921605 42.27614, 119.921804 42.276283)",1,22.82,unclassified,20,,,,auto,
2107,,1516,698,699,1,"LINESTRING (119.921804 42.276283, 119.922048 42.276487)",1,30.29,unclassified,20,,,,auto,
2108,,1516,699,698,1,"LINESTRING (119.922048 42.276487, 119.921804 42.276283)",1,30.29,unclassified,20,,,,auto,
2109,,1517,691,690,1,"LINESTRING (119.923035 42.275796, 119.923032 42.275695)",1,11.23,residential,6,,,,auto,
2110,,1517,690,691,1,"LINESTRING (119.923032 42.275695, 119.923035 42.275796)",1,11.23,residential,6,,,,auto,
2111,,1518,691,692,1,"LINESTRING (119.923035 42.275796, 119.92256 42.275951)",1,42.71,residential,6,,,,auto,
2112,,1518,692,691,1,"LINESTRING (119.92256 42.275951, 119.923035 42.275796)",1,42.71,residential,6,,,,auto,
2113,,1519,691,700,1,"LINESTRING (119.923035 42.275796, 119.923373 42.27635)",1,67.59,residential,6,,,,auto,
2114,,1519,700,691,1,"LINESTRING (119.923373 42.27635, 119.923035 42.275796)",1,67.59,residential,6,,,,auto,
2115,,1520,700,691,1,"LINESTRING (119.923373 42.27635, 119.923035 42.275796)",1,67.59,residential,6,,,,auto,
2116,,1520,691,700,1,"LINESTRING (119.923035 42.275796, 119.923373 42.27635)",1,67.59,residential,6,,,,auto,
2117,,1521,700,701,1,"LINESTRING (119.923373 42.27635, 119.923453 42.276463)",1,14.18,residential,6,,,,auto,
2118,,1521,701,700,1,"LINESTRING (119.923453 42.276463, 119.923373 42.27635)",1,14.18,residential,6,,,,auto,
2119,,1522,701,700,1,"LINESTRING (119.923453 42.276463, 119.923373 42.27635)",1,14.18,residential,6,,,,auto,
2120,,1522,700,701,1,"LINESTRING (119.923373 42.27635, 119.923453 42.276463)",1,14.18,residential,6,,,,auto,
2121,,1523,701,702,1,"LINESTRING (119.923453 42.276463, 119.92366 42.276592)",1,22.27,residential,6,,,,auto,
2122,,1523,702,701,1,"LINESTRING (119.92366 42.276592, 119.923453 42.276463)",1,22.27,residential,6,,,,auto,
2123,,1524,702,701,1,"LINESTRING (119.92366 42.276592, 119.923453 42.276463)",1,22.27,residential,6,,,,auto,
2124,,1524,701,702,1,"LINESTRING (119.923453 42.276463, 119.92366 42.276592)",1,22.27,residential,6,,,,auto,
2125,,1525,702,679,1,"LINESTRING (119.92366 42.276592, 119.923917 42.276733)",1,26.32,residential,6,,,,auto,
2126,,1525,679,702,1,"LINESTRING (119.923917 42.276733, 119.92366 42.276592)",1,26.32,residential,6,,,,auto,
2127,,1526,679,702,1,"LINESTRING (119.923917 42.276733, 119.92366 42.276592)",1,26.32,residential,6,,,,auto,
2128,,1526,702,679,1,"LINESTRING (119.92366 42.276592, 119.923917 42.276733)",1,26.32,residential,6,,,,auto,
2129,,1527,679,677,1,"LINESTRING (119.923917 42.276733, 119.924052 42.276867)",1,18.58,residential,6,,,,auto,
2130,,1527,677,679,1,"LINESTRING (119.924052 42.276867, 119.923917 42.276733)",1,18.58,residential,6,,,,auto,
2131,,1528,680,677,1,"LINESTRING (119.924108 42.276922, 119.924052 42.276867)",1,7.66,residential,6,,,,auto,
2132,,1528,677,680,1,"LINESTRING (119.924052 42.276867, 119.924108 42.276922)",1,7.66,residential,6,,,,auto,
2133,,1529,680,703,1,"LINESTRING (119.924108 42.276922, 119.92427 42.27727)",1,40.93,residential,6,,,,auto,
2134,,1529,703,680,1,"LINESTRING (119.92427 42.27727, 119.924108 42.276922)",1,40.93,residential,6,,,,auto,
2135,,1530,703,680,1,"LINESTRING (119.92427 42.27727, 119.924108 42.276922)",1,40.93,residential,6,,,,auto,
2136,,1530,680,703,1,"LINESTRING (119.924108 42.276922, 119.92427 42.27727)",1,40.93,residential,6,,,,auto,
2137,,1531,703,676,1,"LINESTRING (119.92427 42.27727, 119.924687 42.277194)",1,35.33,unclassified,20,,,,auto,
2138,,1531,676,703,1,"LINESTRING (119.924687 42.277194, 119.92427 42.27727)",1,35.33,unclassified,20,,,,auto,
2139,,1532,703,704,1,"LINESTRING (119.92427 42.27727, 119.922409 42.27761)",1,157.71,unclassified,20,,,,auto,
2140,,1532,704,703,1,"LINESTRING (119.922409 42.27761, 119.92427 42.27727)",1,157.71,unclassified,20,,,,auto,
2141,,1533,705,706,1,"LINESTRING (119.924958 42.275531, 119.925524 42.276469)",1,114.22,residential,6,,,,auto,
2142,,1533,706,705,1,"LINESTRING (119.925524 42.276469, 119.924958 42.275531)",1,114.22,residential,6,,,,auto,
2143,,1534,706,705,1,"LINESTRING (119.925524 42.276469, 119.924958 42.275531)",1,114.22,residential,6,,,,auto,
2144,,1534,705,706,1,"LINESTRING (119.924958 42.275531, 119.925524 42.276469)",1,114.22,residential,6,,,,auto,
2145,,1535,706,675,1,"LINESTRING (119.925524 42.276469, 119.925817 42.276898)",1,53.45,residential,6,,,,auto,
2146,,1535,675,706,1,"LINESTRING (119.925817 42.276898, 119.925524 42.276469)",1,53.45,residential,6,,,,auto,
2147,,1536,675,706,1,"LINESTRING (119.925817 42.276898, 119.925524 42.276469)",1,53.45,residential,6,,,,auto,
2148,,1536,706,675,1,"LINESTRING (119.925524 42.276469, 119.925817 42.276898)",1,53.45,residential,6,,,,auto,
2149,,1537,675,707,1,"LINESTRING (119.925817 42.276898, 119.926055 42.276836)",1,20.76,unclassified,20,,,,auto,
2150,,1537,707,675,1,"LINESTRING (119.926055 42.276836, 119.925817 42.276898)",1,20.76,unclassified,20,,,,auto,
2151,,1538,675,674,1,"LINESTRING (119.925817 42.276898, 119.925168 42.277068)",1,56.64,unclassified,20,,,,auto,
2152,,1538,674,675,1,"LINESTRING (119.925168 42.277068, 119.925817 42.276898)",1,56.64,unclassified,20,,,,auto,
2153,,1539,708,709,1,"LINESTRING (119.925487 42.27935, 119.926016 42.280572)",1,142.68,residential,6,,,,auto,
2154,,1539,709,708,1,"LINESTRING (119.926016 42.280572, 119.925487 42.27935)",1,142.68,residential,6,,,,auto,
2155,,1540,708,710,1,"LINESTRING (119.925487 42.27935, 119.92558 42.279334)",1,7.86,unclassified,20,,,,auto,
2156,,1540,710,708,1,"LINESTRING (119.92558 42.279334, 119.925487 42.27935)",1,7.86,unclassified,20,,,,auto,
2157,,1541,708,711,1,"LINESTRING (119.925487 42.27935, 119.925299 42.279381)",1,15.85,unclassified,20,,,,auto,
2158,,1541,711,708,1,"LINESTRING (119.925299 42.279381, 119.925487 42.27935)",1,15.85,unclassified,20,,,,auto,
2159,,1542,709,708,1,"LINESTRING (119.926016 42.280572, 119.925487 42.27935)",1,142.68,residential,6,,,,auto,
2160,,1542,708,709,1,"LINESTRING (119.925487 42.27935, 119.926016 42.280572)",1,142.68,residential,6,,,,auto,
2161,,1543,709,712,1,"LINESTRING (119.926016 42.280572, 119.927247 42.280285)",1,106.18,residential,6,,,,auto,
2162,,1543,712,709,1,"LINESTRING (119.927247 42.280285, 119.926016 42.280572)",1,106.18,residential,6,,,,auto,
2163,,1544,709,713,1,"LINESTRING (119.926016 42.280572, 119.925773 42.280629)",1,20.97,residential,6,,,,auto,
2164,,1544,713,709,1,"LINESTRING (119.925773 42.280629, 119.926016 42.280572)",1,20.97,residential,6,,,,auto,
2165,,1545,712,709,1,"LINESTRING (119.927247 42.280285, 119.926016 42.280572)",1,106.18,residential,6,,,,auto,
2166,,1545,709,712,1,"LINESTRING (119.926016 42.280572, 119.927247 42.280285)",1,106.18,residential,6,,,,auto,
2167,,1546,712,714,1,"LINESTRING (119.927247 42.280285, 119.926771 42.2794)",1,105.91,unclassified,20,,,,auto,
2168,,1546,714,712,1,"LINESTRING (119.926771 42.2794, 119.927247 42.280285)",1,105.91,unclassified,20,,,,auto,
2169,,1547,712,715,1,"LINESTRING (119.927247 42.280285, 119.927332 42.280442)",1,18.81,unclassified,20,,,,auto,
2170,,1547,715,712,1,"LINESTRING (119.927332 42.280442, 119.927247 42.280285)",1,18.81,unclassified,20,,,,auto,
2171,,1548,713,709,1,"LINESTRING (119.925773 42.280629, 119.926016 42.280572)",1,20.97,residential,6,,,,auto,
2172,,1548,709,713,1,"LINESTRING (119.926016 42.280572, 119.925773 42.280629)",1,20.97,residential,6,,,,auto,
2173,,1549,713,716,1,"LINESTRING (119.925773 42.280629, 119.924186 42.281071)",1,139.50,residential,6,,,,auto,
2174,,1549,716,713,1,"LINESTRING (119.924186 42.281071, 119.925773 42.280629)",1,139.50,residential,6,,,,auto,
2175,,1550,716,713,1,"LINESTRING (119.924186 42.281071, 119.925773 42.280629)",1,139.50,residential,6,,,,auto,
2176,,1550,713,716,1,"LINESTRING (119.925773 42.280629, 119.924186 42.281071)",1,139.50,residential,6,,,,auto,
2177,,1551,716,649,1,"LINESTRING (119.924186 42.281071, 119.923716 42.281243)",1,43.14,residential,6,,,,auto,
2178,,1551,649,716,1,"LINESTRING (119.923716 42.281243, 119.924186 42.281071)",1,43.14,residential,6,,,,auto,
2179,,1552,649,716,1,"LINESTRING (119.923716 42.281243, 119.924186 42.281071)",1,43.14,residential,6,,,,auto,
2180,,1552,716,649,1,"LINESTRING (119.924186 42.281071, 119.923716 42.281243)",1,43.14,residential,6,,,,auto,
2181,,1553,649,717,1,"LINESTRING (119.923716 42.281243, 119.923606 42.280819)",1,48.01,residential,6,,,,auto,
2182,,1553,717,649,1,"LINESTRING (119.923606 42.280819, 119.923716 42.281243)",1,48.01,residential,6,,,,auto,
2183,,1554,649,647,1,"LINESTRING (119.923716 42.281243, 119.923732 42.281305)",1,7.02,residential,6,,,,auto,
2184,,1554,647,649,1,"LINESTRING (119.923732 42.281305, 119.923716 42.281243)",1,7.02,residential,6,,,,auto,
2185,,1555,718,719,1,"LINESTRING (119.923473 42.279593, 119.923531 42.280105)",1,57.13,residential,6,,,,auto,
2186,,1555,719,718,1,"LINESTRING (119.923531 42.280105, 119.923473 42.279593)",1,57.13,residential,6,,,,auto,
2187,,1556,718,720,1,"LINESTRING (119.923473 42.279593, 119.923802 42.279555)",1,27.39,unclassified,20,,,,auto,
2188,,1556,720,718,1,"LINESTRING (119.923802 42.279555, 119.923473 42.279593)",1,27.39,unclassified,20,,,,auto,
2189,,1557,718,721,1,"LINESTRING (119.923473 42.279593, 119.923008 42.279647)",1,38.72,unclassified,20,,,,auto,
2190,,1557,721,718,1,"LINESTRING (119.923008 42.279647, 119.923473 42.279593)",1,38.72,unclassified,20,,,,auto,
2191,,1558,719,718,1,"LINESTRING (119.923531 42.280105, 119.923473 42.279593)",1,57.13,residential,6,,,,auto,
2192,,1558,718,719,1,"LINESTRING (119.923473 42.279593, 119.923531 42.280105)",1,57.13,residential,6,,,,auto,
2193,,1559,719,717,1,"LINESTRING (119.923531 42.280105, 119.923606 42.280819)",1,79.63,residential,6,,,,auto,
2194,,1559,717,719,1,"LINESTRING (119.923606 42.280819, 119.923531 42.280105)",1,79.63,residential,6,,,,auto,
2195,,1560,717,719,1,"LINESTRING (119.923606 42.280819, 119.923531 42.280105)",1,79.63,residential,6,,,,auto,
2196,,1560,719,717,1,"LINESTRING (119.923531 42.280105, 119.923606 42.280819)",1,79.63,residential,6,,,,auto,
2197,,1561,717,649,1,"LINESTRING (119.923606 42.280819, 119.923716 42.281243)",1,48.01,residential,6,,,,auto,
2198,,1561,649,717,1,"LINESTRING (119.923716 42.281243, 119.923606 42.280819)",1,48.01,residential,6,,,,auto,
2199,,1562,650,647,1,"LINESTRING (119.923743 42.281345, 119.923732 42.281305)",1,4.54,residential,6,,,,auto,
2200,,1562,647,650,1,"LINESTRING (119.923732 42.281305, 119.923743 42.281345)",1,4.54,residential,6,,,,auto,
2201,,1563,650,722,1,"LINESTRING (119.923743 42.281345, 119.923888 42.281984)",1,72.05,residential,6,,,,auto,
2202,,1563,722,650,1,"LINESTRING (119.923888 42.281984, 119.923743 42.281345)",1,72.05,residential,6,,,,auto,
2203,,1564,722,650,1,"LINESTRING (119.923888 42.281984, 119.923743 42.281345)",1,72.05,residential,6,,,,auto,
2204,,1564,650,722,1,"LINESTRING (119.923743 42.281345, 119.923888 42.281984)",1,72.05,residential,6,,,,auto,
2205,,1565,722,723,1,"LINESTRING (119.923888 42.281984, 119.92384 42.282119)",1,15.52,residential,6,,,,auto,
2206,,1565,723,722,1,"LINESTRING (119.92384 42.282119, 119.923888 42.281984)",1,15.52,residential,6,,,,auto,
2207,,1566,723,722,1,"LINESTRING (119.92384 42.282119, 119.923888 42.281984)",1,15.52,residential,6,,,,auto,
2208,,1566,722,723,1,"LINESTRING (119.923888 42.281984, 119.92384 42.282119)",1,15.52,residential,6,,,,auto,
2209,,1567,723,724,1,"LINESTRING (119.92384 42.282119, 119.923751 42.282254)",1,16.70,residential,6,,,,auto,
2210,,1567,724,723,1,"LINESTRING (119.923751 42.282254, 119.92384 42.282119)",1,16.70,residential,6,,,,auto,
2211,,1568,724,723,1,"LINESTRING (119.923751 42.282254, 119.92384 42.282119)",1,16.70,residential,6,,,,auto,
2212,,1568,723,724,1,"LINESTRING (119.92384 42.282119, 119.923751 42.282254)",1,16.70,residential,6,,,,auto,
2213,,1569,724,725,1,"LINESTRING (119.923751 42.282254, 119.923535 42.282429)",1,26.35,residential,6,,,,auto,
2214,,1569,725,724,1,"LINESTRING (119.923535 42.282429, 119.923751 42.282254)",1,26.35,residential,6,,,,auto,
2215,,1570,725,724,1,"LINESTRING (119.923535 42.282429, 119.923751 42.282254)",1,26.35,residential,6,,,,auto,
2216,,1570,724,725,1,"LINESTRING (119.923751 42.282254, 119.923535 42.282429)",1,26.35,residential,6,,,,auto,
2217,,1571,725,726,1,"LINESTRING (119.923535 42.282429, 119.923636 42.282409)",1,8.60,unclassified,20,,,,auto,
2218,,1571,726,725,1,"LINESTRING (119.923636 42.282409, 119.923535 42.282429)",1,8.60,unclassified,20,,,,auto,
2219,,1572,725,727,1,"LINESTRING (119.923535 42.282429, 119.922938 42.282551)",1,50.95,unclassified,20,,,,auto,
2220,,1572,727,725,1,"LINESTRING (119.922938 42.282551, 119.923535 42.282429)",1,50.95,unclassified,20,,,,auto,
2221,,1573,728,729,1,"LINESTRING (119.922178 42.279651, 119.922177 42.279936)",1,31.69,residential,6,,,,auto,
2222,,1573,729,728,1,"LINESTRING (119.922177 42.279936, 119.922178 42.279651)",1,31.69,residential,6,,,,auto,
2223,,1574,728,730,1,"LINESTRING (119.922178 42.279651, 119.92263 42.279664)",1,37.21,unclassified,20,,,,auto,
2224,,1574,730,728,1,"LINESTRING (119.92263 42.279664, 119.922178 42.279651)",1,37.21,unclassified,20,,,,auto,
2225,,1575,728,731,1,"LINESTRING (119.922178 42.279651, 119.921704 42.279611)",1,39.25,unclassified,20,,,,auto,
2226,,1575,731,728,1,"LINESTRING (119.921704 42.279611, 119.922178 42.279651)",1,39.25,unclassified,20,,,,auto,
2227,,1576,729,728,1,"LINESTRING (119.922177 42.279936, 119.922178 42.279651)",1,31.69,residential,6,,,,auto,
2228,,1576,728,729,1,"LINESTRING (119.922178 42.279651, 119.922177 42.279936)",1,31.69,residential,6,,,,auto,
2229,,1577,729,652,1,"LINESTRING (119.922177 42.279936, 119.922273 42.280653)",1,80.12,residential,6,,,,auto,
2230,,1577,652,729,1,"LINESTRING (119.922273 42.280653, 119.922177 42.279936)",1,80.12,residential,6,,,,auto,
2231,,1578,652,729,1,"LINESTRING (119.922273 42.280653, 119.922177 42.279936)",1,80.12,residential,6,,,,auto,
2232,,1578,729,652,1,"LINESTRING (119.922177 42.279936, 119.922273 42.280653)",1,80.12,residential,6,,,,auto,
2233,,1579,652,651,1,"LINESTRING (119.922273 42.280653, 119.92256 42.281539)",1,101.31,residential,6,,,,auto,
2234,,1579,651,652,1,"LINESTRING (119.92256 42.281539, 119.922273 42.280653)",1,101.31,residential,6,,,,auto,
2235,,1580,653,651,1,"LINESTRING (119.922721 42.282036, 119.92256 42.281539)",1,56.83,residential,6,,,,auto,
2236,,1580,651,653,1,"LINESTRING (119.92256 42.281539, 119.922721 42.282036)",1,56.83,residential,6,,,,auto,
2237,,1581,653,727,1,"LINESTRING (119.922721 42.282036, 119.922938 42.282551)",1,59.98,residential,6,,,,auto,
2238,,1581,727,653,1,"LINESTRING (119.922938 42.282551, 119.922721 42.282036)",1,59.98,residential,6,,,,auto,
2239,,1582,727,653,1,"LINESTRING (119.922938 42.282551, 119.922721 42.282036)",1,59.98,residential,6,,,,auto,
2240,,1582,653,727,1,"LINESTRING (119.922721 42.282036, 119.922938 42.282551)",1,59.98,residential,6,,,,auto,
2241,,1583,727,732,1,"LINESTRING (119.922938 42.282551, 119.923059 42.283101)",1,61.96,residential,6,,,,auto,
2242,,1583,732,727,1,"LINESTRING (119.923059 42.283101, 119.922938 42.282551)",1,61.96,residential,6,,,,auto,
2243,,1584,727,725,1,"LINESTRING (119.922938 42.282551, 119.923535 42.282429)",1,50.95,unclassified,20,,,,auto,
2244,,1584,725,727,1,"LINESTRING (119.923535 42.282429, 119.922938 42.282551)",1,50.95,unclassified,20,,,,auto,
2245,,1585,727,733,1,"LINESTRING (119.922938 42.282551, 119.922659 42.282607)",1,23.78,unclassified,20,,,,auto,
2246,,1585,733,727,1,"LINESTRING (119.922659 42.282607, 119.922938 42.282551)",1,23.78,unclassified,20,,,,auto,
2247,,1586,732,727,1,"LINESTRING (119.923059 42.283101, 119.922938 42.282551)",1,61.96,residential,6,,,,auto,
2248,,1586,727,732,1,"LINESTRING (119.922938 42.282551, 119.923059 42.283101)",1,61.96,residential,6,,,,auto,
2249,,1587,732,734,1,"LINESTRING (119.923059 42.283101, 119.923268 42.283865)",1,86.68,residential,6,,,,auto,
2250,,1587,734,732,1,"LINESTRING (119.923268 42.283865, 119.923059 42.283101)",1,86.68,residential,6,,,,auto,
2251,,1588,734,732,1,"LINESTRING (119.923268 42.283865, 119.923059 42.283101)",1,86.68,residential,6,,,,auto,
2252,,1588,732,734,1,"LINESTRING (119.923059 42.283101, 119.923268 42.283865)",1,86.68,residential,6,,,,auto,
2253,,1589,734,217,1,"LINESTRING (119.923268 42.283865, 119.923409 42.284089)",1,27.48,residential,6,,,,auto,
2254,,1589,217,734,1,"LINESTRING (119.923409 42.284089, 119.923268 42.283865)",1,27.48,residential,6,,,,auto,
2255,,1590,217,216,1,"LINESTRING (119.923409 42.284089, 119.92351 42.283867)",1,26.05,secondary,4,,,,auto,
2256,,1590,216,217,1,"LINESTRING (119.92351 42.283867, 119.923409 42.284089)",1,26.05,secondary,4,,,,auto,
2257,,1591,217,218,1,"LINESTRING (119.923409 42.284089, 119.92292 42.285167)",1,126.44,secondary,4,,,,auto,
2258,,1591,218,217,1,"LINESTRING (119.92292 42.285167, 119.923409 42.284089)",1,126.44,secondary,4,,,,auto,
2259,,1592,217,664,1,"LINESTRING (119.923409 42.284089, 119.923478 42.284195)",1,13.08,residential,6,,,,auto,
2260,,1592,664,217,1,"LINESTRING (119.923478 42.284195, 119.923409 42.284089)",1,13.08,residential,6,,,,auto,
2261,,1593,217,734,1,"LINESTRING (119.923409 42.284089, 119.923268 42.283865)",1,27.48,residential,6,,,,auto,
2262,,1593,734,217,1,"LINESTRING (119.923268 42.283865, 119.923409 42.284089)",1,27.48,residential,6,,,,auto,
2263,,1594,735,736,1,"LINESTRING (119.927729 42.272764, 119.927552 42.273546)",1,88.17,unclassified,20,,,,auto,
2264,,1594,736,735,1,"LINESTRING (119.927552 42.273546, 119.927729 42.272764)",1,88.17,unclassified,20,,,,auto,
2265,,1595,736,735,1,"LINESTRING (119.927552 42.273546, 119.927729 42.272764)",1,88.17,unclassified,20,,,,auto,
2266,,1595,735,736,1,"LINESTRING (119.927729 42.272764, 119.927552 42.273546)",1,88.17,unclassified,20,,,,auto,
2267,,1596,736,737,1,"LINESTRING (119.927552 42.273546, 119.927426 42.273951)",1,46.21,unclassified,20,,,,auto,
2268,,1596,737,736,1,"LINESTRING (119.927426 42.273951, 119.927552 42.273546)",1,46.21,unclassified,20,,,,auto,
2269,,1597,737,736,1,"LINESTRING (119.927426 42.273951, 119.927552 42.273546)",1,46.21,unclassified,20,,,,auto,
2270,,1597,736,737,1,"LINESTRING (119.927552 42.273546, 119.927426 42.273951)",1,46.21,unclassified,20,,,,auto,
2271,,1598,737,738,1,"LINESTRING (119.927426 42.273951, 119.927474 42.274304)",1,39.45,unclassified,20,,,,auto,
2272,,1598,738,737,1,"LINESTRING (119.927474 42.274304, 119.927426 42.273951)",1,39.45,unclassified,20,,,,auto,
2273,,1599,738,737,1,"LINESTRING (119.927474 42.274304, 119.927426 42.273951)",1,39.45,unclassified,20,,,,auto,
2274,,1599,737,738,1,"LINESTRING (119.927426 42.273951, 119.927474 42.274304)",1,39.45,unclassified,20,,,,auto,
2275,,1600,738,739,1,"LINESTRING (119.927474 42.274304, 119.927525 42.274935)",1,70.29,unclassified,20,,,,auto,
2276,,1600,739,738,1,"LINESTRING (119.927525 42.274935, 119.927474 42.274304)",1,70.29,unclassified,20,,,,auto,
2277,,1601,739,738,1,"LINESTRING (119.927525 42.274935, 119.927474 42.274304)",1,70.29,unclassified,20,,,,auto,
2278,,1601,738,739,1,"LINESTRING (119.927474 42.274304, 119.927525 42.274935)",1,70.29,unclassified,20,,,,auto,
2279,,1602,739,740,1,"LINESTRING (119.927525 42.274935, 119.92749 42.275209)",1,30.60,unclassified,20,,,,auto,
2280,,1602,740,739,1,"LINESTRING (119.92749 42.275209, 119.927525 42.274935)",1,30.60,unclassified,20,,,,auto,
2281,,1603,740,739,1,"LINESTRING (119.92749 42.275209, 119.927525 42.274935)",1,30.60,unclassified,20,,,,auto,
2282,,1603,739,740,1,"LINESTRING (119.927525 42.274935, 119.92749 42.275209)",1,30.60,unclassified,20,,,,auto,
2283,,1604,740,616,1,"LINESTRING (119.92749 42.275209, 119.927428 42.275519)",1,34.85,unclassified,20,,,,auto,
2284,,1604,616,740,1,"LINESTRING (119.927428 42.275519, 119.92749 42.275209)",1,34.85,unclassified,20,,,,auto,
2285,,1605,616,740,1,"LINESTRING (119.927428 42.275519, 119.92749 42.275209)",1,34.85,unclassified,20,,,,auto,
2286,,1605,740,616,1,"LINESTRING (119.92749 42.275209, 119.927428 42.275519)",1,34.85,unclassified,20,,,,auto,
2287,,1606,616,614,1,"LINESTRING (119.927428 42.275519, 119.927169 42.276263)",1,85.43,unclassified,20,,,,auto,
2288,,1606,614,616,1,"LINESTRING (119.927169 42.276263, 119.927428 42.275519)",1,85.43,unclassified,20,,,,auto,
2289,,1607,617,614,1,"LINESTRING (119.927144 42.276432, 119.927169 42.276263)",1,18.90,unclassified,20,,,,auto,
2290,,1607,614,617,1,"LINESTRING (119.927169 42.276263, 119.927144 42.276432)",1,18.90,unclassified,20,,,,auto,
2291,,1608,617,741,1,"LINESTRING (119.927144 42.276432, 119.927058 42.276658)",1,26.11,unclassified,20,,,,auto,
2292,,1608,741,617,1,"LINESTRING (119.927058 42.276658, 119.927144 42.276432)",1,26.11,unclassified,20,,,,auto,
2293,,1609,742,741,1,"LINESTRING (119.927042 42.276828, 119.927058 42.276658)",1,18.95,unclassified,20,,,,auto,
2294,,1609,741,742,1,"LINESTRING (119.927058 42.276658, 119.927042 42.276828)",1,18.95,unclassified,20,,,,auto,
2295,,1610,742,743,1,"LINESTRING (119.927042 42.276828, 119.927058 42.277039)",1,23.50,unclassified,20,,,,auto,
2296,,1610,743,742,1,"LINESTRING (119.927058 42.277039, 119.927042 42.276828)",1,23.50,unclassified,20,,,,auto,
2297,,1611,743,742,1,"LINESTRING (119.927058 42.277039, 119.927042 42.276828)",1,23.50,unclassified,20,,,,auto,
2298,,1611,742,743,1,"LINESTRING (119.927042 42.276828, 119.927058 42.277039)",1,23.50,unclassified,20,,,,auto,
2299,,1612,743,744,1,"LINESTRING (119.927058 42.277039, 119.927053 42.277249)",1,23.35,unclassified,20,,,,auto,
2300,,1612,744,743,1,"LINESTRING (119.927053 42.277249, 119.927058 42.277039)",1,23.35,unclassified,20,,,,auto,
2301,,1613,744,743,1,"LINESTRING (119.927053 42.277249, 119.927058 42.277039)",1,23.35,unclassified,20,,,,auto,
2302,,1613,743,744,1,"LINESTRING (119.927058 42.277039, 119.927053 42.277249)",1,23.35,unclassified,20,,,,auto,
2303,,1614,744,745,1,"LINESTRING (119.927053 42.277249, 119.926994 42.27742)",1,19.62,unclassified,20,,,,auto,
2304,,1614,745,744,1,"LINESTRING (119.926994 42.27742, 119.927053 42.277249)",1,19.62,unclassified,20,,,,auto,
2305,,1615,745,744,1,"LINESTRING (119.926994 42.27742, 119.927053 42.277249)",1,19.62,unclassified,20,,,,auto,
2306,,1615,744,745,1,"LINESTRING (119.927053 42.277249, 119.926994 42.27742)",1,19.62,unclassified,20,,,,auto,
2307,,1616,745,746,1,"LINESTRING (119.926994 42.27742, 119.92693 42.27771)",1,32.67,unclassified,20,,,,auto,
2308,,1616,746,745,1,"LINESTRING (119.92693 42.27771, 119.926994 42.27742)",1,32.67,unclassified,20,,,,auto,
2309,,1617,746,745,1,"LINESTRING (119.92693 42.27771, 119.926994 42.27742)",1,32.67,unclassified,20,,,,auto,
2310,,1617,745,746,1,"LINESTRING (119.926994 42.27742, 119.92693 42.27771)",1,32.67,unclassified,20,,,,auto,
2311,,1618,746,747,1,"LINESTRING (119.92693 42.27771, 119.926887 42.278007)",1,33.21,unclassified,20,,,,auto,
2312,,1618,747,746,1,"LINESTRING (119.926887 42.278007, 119.92693 42.27771)",1,33.21,unclassified,20,,,,auto,
2313,,1619,747,746,1,"LINESTRING (119.926887 42.278007, 119.92693 42.27771)",1,33.21,unclassified,20,,,,auto,
2314,,1619,746,747,1,"LINESTRING (119.92693 42.27771, 119.926887 42.278007)",1,33.21,unclassified,20,,,,auto,
2315,,1620,747,622,1,"LINESTRING (119.926887 42.278007, 119.926831 42.278343)",1,37.64,unclassified,20,,,,auto,
2316,,1620,622,747,1,"LINESTRING (119.926831 42.278343, 119.926887 42.278007)",1,37.64,unclassified,20,,,,auto,
2317,,1621,622,747,1,"LINESTRING (119.926831 42.278343, 119.926887 42.278007)",1,37.64,unclassified,20,,,,auto,
2318,,1621,747,622,1,"LINESTRING (119.926887 42.278007, 119.926831 42.278343)",1,37.64,unclassified,20,,,,auto,
2319,,1622,622,620,1,"LINESTRING (119.926831 42.278343, 119.928077 42.277676)",1,126.53,unclassified,20,,,,auto,
2320,,1622,620,622,1,"LINESTRING (119.928077 42.277676, 119.926831 42.278343)",1,126.53,unclassified,20,,,,auto,
2321,,1623,622,748,1,"LINESTRING (119.926831 42.278343, 119.926744 42.278386)",1,8.61,unclassified,20,,,,auto,
2322,,1623,748,622,1,"LINESTRING (119.926744 42.278386, 119.926831 42.278343)",1,8.61,unclassified,20,,,,auto,
2323,,1624,741,617,1,"LINESTRING (119.927058 42.276658, 119.927144 42.276432)",1,26.11,unclassified,20,,,,auto,
2324,,1624,617,741,1,"LINESTRING (119.927144 42.276432, 119.927058 42.276658)",1,26.11,unclassified,20,,,,auto,
2325,,1625,741,742,1,"LINESTRING (119.927058 42.276658, 119.927042 42.276828)",1,18.95,unclassified,20,,,,auto,
2326,,1625,742,741,1,"LINESTRING (119.927042 42.276828, 119.927058 42.276658)",1,18.95,unclassified,20,,,,auto,
2327,,1626,741,707,1,"LINESTRING (119.927058 42.276658, 119.926055 42.276836)",1,84.86,unclassified,20,,,,auto,
2328,,1626,707,741,1,"LINESTRING (119.926055 42.276836, 119.927058 42.276658)",1,84.86,unclassified,20,,,,auto,
2329,,1627,707,741,1,"LINESTRING (119.926055 42.276836, 119.927058 42.276658)",1,84.86,unclassified,20,,,,auto,
2330,,1627,741,707,1,"LINESTRING (119.927058 42.276658, 119.926055 42.276836)",1,84.86,unclassified,20,,,,auto,
2331,,1628,707,675,1,"LINESTRING (119.926055 42.276836, 119.925817 42.276898)",1,20.76,unclassified,20,,,,auto,
2332,,1628,675,707,1,"LINESTRING (119.925817 42.276898, 119.926055 42.276836)",1,20.76,unclassified,20,,,,auto,
2333,,1629,704,703,1,"LINESTRING (119.922409 42.27761, 119.92427 42.27727)",1,157.71,unclassified,20,,,,auto,
2334,,1629,703,704,1,"LINESTRING (119.92427 42.27727, 119.922409 42.27761)",1,157.71,unclassified,20,,,,auto,
2335,,1630,704,699,1,"LINESTRING (119.922409 42.27761, 119.922048 42.276487)",1,128.36,unclassified,20,,,,auto,
2336,,1630,699,704,1,"LINESTRING (119.922048 42.276487, 119.922409 42.27761)",1,128.36,unclassified,20,,,,auto,
2337,,1631,704,749,1,"LINESTRING (119.922409 42.27761, 119.92252 42.277956)",1,39.54,unclassified,20,,,,auto,
2338,,1631,749,704,1,"LINESTRING (119.92252 42.277956, 119.922409 42.27761)",1,39.54,unclassified,20,,,,auto,
2339,,1632,699,698,1,"LINESTRING (119.922048 42.276487, 119.921804 42.276283)",1,30.29,unclassified,20,,,,auto,
2340,,1632,698,699,1,"LINESTRING (119.921804 42.276283, 119.922048 42.276487)",1,30.29,unclassified,20,,,,auto,
2341,,1633,699,704,1,"LINESTRING (119.922048 42.276487, 119.922409 42.27761)",1,128.36,unclassified,20,,,,auto,
2342,,1633,704,699,1,"LINESTRING (119.922409 42.27761, 119.922048 42.276487)",1,128.36,unclassified,20,,,,auto,
2343,,1634,750,751,1,"LINESTRING (119.922706 42.278524, 119.922681 42.27844)",1,9.56,unclassified,20,,,,auto,
2344,,1634,751,750,1,"LINESTRING (119.922681 42.27844, 119.922706 42.278524)",1,9.56,unclassified,20,,,,auto,
2345,,1635,750,752,1,"LINESTRING (119.922706 42.278524, 119.922879 42.279107)",1,66.37,unclassified,20,,,,auto,
2346,,1635,752,750,1,"LINESTRING (119.922879 42.279107, 119.922706 42.278524)",1,66.37,unclassified,20,,,,auto,
2347,,1636,750,753,1,"LINESTRING (119.922706 42.278524, 119.923335 42.278448)",1,52.43,unclassified,20,,,,auto,
2348,,1636,753,750,1,"LINESTRING (119.923335 42.278448, 119.922706 42.278524)",1,52.43,unclassified,20,,,,auto,
2349,,1637,750,754,1,"LINESTRING (119.922706 42.278524, 119.922413 42.278559)",1,24.42,unclassified,20,,,,auto,
2350,,1637,754,750,1,"LINESTRING (119.922413 42.278559, 119.922706 42.278524)",1,24.42,unclassified,20,,,,auto,
2351,,1638,751,749,1,"LINESTRING (119.922681 42.27844, 119.92252 42.277956)",1,55.42,unclassified,20,,,,auto,
2352,,1638,749,751,1,"LINESTRING (119.92252 42.277956, 119.922681 42.27844)",1,55.42,unclassified,20,,,,auto,
2353,,1639,751,750,1,"LINESTRING (119.922681 42.27844, 119.922706 42.278524)",1,9.56,unclassified,20,,,,auto,
2354,,1639,750,751,1,"LINESTRING (119.922706 42.278524, 119.922681 42.27844)",1,9.56,unclassified,20,,,,auto,
2355,,1640,752,750,1,"LINESTRING (119.922879 42.279107, 119.922706 42.278524)",1,66.37,unclassified,20,,,,auto,
2356,,1640,750,752,1,"LINESTRING (119.922706 42.278524, 119.922879 42.279107)",1,66.37,unclassified,20,,,,auto,
2357,,1641,752,721,1,"LINESTRING (119.922879 42.279107, 119.923008 42.279647)",1,60.98,unclassified,20,,,,auto,
2358,,1641,721,752,1,"LINESTRING (119.923008 42.279647, 119.922879 42.279107)",1,60.98,unclassified,20,,,,auto,
2359,,1642,721,752,1,"LINESTRING (119.923008 42.279647, 119.922879 42.279107)",1,60.98,unclassified,20,,,,auto,
2360,,1642,752,721,1,"LINESTRING (119.922879 42.279107, 119.923008 42.279647)",1,60.98,unclassified,20,,,,auto,
2361,,1643,721,718,1,"LINESTRING (119.923008 42.279647, 119.923473 42.279593)",1,38.72,unclassified,20,,,,auto,
2362,,1643,718,721,1,"LINESTRING (119.923473 42.279593, 119.923008 42.279647)",1,38.72,unclassified,20,,,,auto,
2363,,1644,721,730,1,"LINESTRING (119.923008 42.279647, 119.92263 42.279664)",1,31.16,unclassified,20,,,,auto,
2364,,1644,730,721,1,"LINESTRING (119.92263 42.279664, 119.923008 42.279647)",1,31.16,unclassified,20,,,,auto,
2365,,1645,676,674,1,"LINESTRING (119.924687 42.277194, 119.925168 42.277068)",1,41.98,unclassified,20,,,,auto,
2366,,1645,674,676,1,"LINESTRING (119.925168 42.277068, 119.924687 42.277194)",1,41.98,unclassified,20,,,,auto,
2367,,1646,676,703,1,"LINESTRING (119.924687 42.277194, 119.92427 42.27727)",1,35.33,unclassified,20,,,,auto,
2368,,1646,703,676,1,"LINESTRING (119.92427 42.27727, 119.924687 42.277194)",1,35.33,unclassified,20,,,,auto,
2369,,1647,676,710,1,"LINESTRING (119.924687 42.277194, 119.92558 42.279334)",1,249.04,unclassified,20,,,,auto,
2370,,1647,710,676,1,"LINESTRING (119.92558 42.279334, 119.924687 42.277194)",1,249.04,unclassified,20,,,,auto,
2371,,1648,710,676,1,"LINESTRING (119.92558 42.279334, 119.924687 42.277194)",1,249.04,unclassified,20,,,,auto,
2372,,1648,676,710,1,"LINESTRING (119.924687 42.277194, 119.92558 42.279334)",1,249.04,unclassified,20,,,,auto,
2373,,1649,710,755,1,"LINESTRING (119.92558 42.279334, 119.926698 42.279149)",1,94.25,unclassified,20,,,,auto,
2374,,1649,755,710,1,"LINESTRING (119.926698 42.279149, 119.92558 42.279334)",1,94.25,unclassified,20,,,,auto,
2375,,1650,710,708,1,"LINESTRING (119.92558 42.279334, 119.925487 42.27935)",1,7.86,unclassified,20,,,,auto,
2376,,1650,708,710,1,"LINESTRING (119.925487 42.27935, 119.92558 42.279334)",1,7.86,unclassified,20,,,,auto,
2377,,1651,755,710,1,"LINESTRING (119.926698 42.279149, 119.92558 42.279334)",1,94.25,unclassified,20,,,,auto,
2378,,1651,710,755,1,"LINESTRING (119.92558 42.279334, 119.926698 42.279149)",1,94.25,unclassified,20,,,,auto,
2379,,1652,755,756,1,"LINESTRING (119.926698 42.279149, 119.926669 42.279051)",1,11.16,unclassified,20,,,,auto,
2380,,1652,756,755,1,"LINESTRING (119.926669 42.279051, 119.926698 42.279149)",1,11.16,unclassified,20,,,,auto,
2381,,1653,755,714,1,"LINESTRING (119.926698 42.279149, 119.926771 42.2794)",1,28.55,unclassified,20,,,,auto,
2382,,1653,714,755,1,"LINESTRING (119.926771 42.2794, 119.926698 42.279149)",1,28.55,unclassified,20,,,,auto,
2383,,1654,711,708,1,"LINESTRING (119.925299 42.279381, 119.925487 42.27935)",1,15.85,unclassified,20,,,,auto,
2384,,1654,708,711,1,"LINESTRING (119.925487 42.27935, 119.925299 42.279381)",1,15.85,unclassified,20,,,,auto,
2385,,1655,711,720,1,"LINESTRING (119.925299 42.279381, 119.923802 42.279555)",1,124.67,unclassified,20,,,,auto,
2386,,1655,720,711,1,"LINESTRING (119.923802 42.279555, 119.925299 42.279381)",1,124.67,unclassified,20,,,,auto,
2387,,1656,720,711,1,"LINESTRING (119.923802 42.279555, 119.925299 42.279381)",1,124.67,unclassified,20,,,,auto,
2388,,1656,711,720,1,"LINESTRING (119.925299 42.279381, 119.923802 42.279555)",1,124.67,unclassified,20,,,,auto,
2389,,1657,720,718,1,"LINESTRING (119.923802 42.279555, 119.923473 42.279593)",1,27.39,unclassified,20,,,,auto,
2390,,1657,718,720,1,"LINESTRING (119.923473 42.279593, 119.923802 42.279555)",1,27.39,unclassified,20,,,,auto,
2391,,1658,730,721,1,"LINESTRING (119.92263 42.279664, 119.923008 42.279647)",1,31.16,unclassified,20,,,,auto,
2392,,1658,721,730,1,"LINESTRING (119.923008 42.279647, 119.92263 42.279664)",1,31.16,unclassified,20,,,,auto,
2393,,1659,730,728,1,"LINESTRING (119.92263 42.279664, 119.922178 42.279651)",1,37.21,unclassified,20,,,,auto,
2394,,1659,728,730,1,"LINESTRING (119.922178 42.279651, 119.92263 42.279664)",1,37.21,unclassified,20,,,,auto,
2395,,1660,749,704,1,"LINESTRING (119.92252 42.277956, 119.922409 42.27761)",1,39.54,unclassified,20,,,,auto,
2396,,1660,704,749,1,"LINESTRING (119.922409 42.27761, 119.92252 42.277956)",1,39.54,unclassified,20,,,,auto,
2397,,1661,749,751,1,"LINESTRING (119.92252 42.277956, 119.922681 42.27844)",1,55.42,unclassified,20,,,,auto,
2398,,1661,751,749,1,"LINESTRING (119.922681 42.27844, 119.92252 42.277956)",1,55.42,unclassified,20,,,,auto,
2399,,1662,749,757,1,"LINESTRING (119.92252 42.277956, 119.921431 42.278194)",1,93.42,unclassified,20,,,,auto,
2400,,1662,757,749,1,"LINESTRING (119.921431 42.278194, 119.92252 42.277956)",1,93.42,unclassified,20,,,,auto,
2401,,1663,757,749,1,"LINESTRING (119.921431 42.278194, 119.92252 42.277956)",1,93.42,unclassified,20,,,,auto,
2402,,1663,749,757,1,"LINESTRING (119.92252 42.277956, 119.921431 42.278194)",1,93.42,unclassified,20,,,,auto,
2403,,1664,757,440,1,"LINESTRING (119.921431 42.278194, 119.920556 42.278283)",1,72.66,unclassified,20,,,,auto,
2404,,1664,440,757,1,"LINESTRING (119.920556 42.278283, 119.921431 42.278194)",1,72.66,unclassified,20,,,,auto,
2405,,1665,440,445,1,"LINESTRING (119.920556 42.278283, 119.920614 42.278678)",1,44.18,residential,6,,,,auto,
2406,,1665,445,440,1,"LINESTRING (119.920614 42.278678, 119.920556 42.278283)",1,44.18,residential,6,,,,auto,
2407,,1666,440,438,1,"LINESTRING (119.920556 42.278283, 119.92051 42.277973)",1,34.68,residential,6,,,,auto,
2408,,1666,438,440,1,"LINESTRING (119.92051 42.277973, 119.920556 42.278283)",1,34.68,residential,6,,,,auto,
2409,,1667,440,757,1,"LINESTRING (119.920556 42.278283, 119.921431 42.278194)",1,72.66,unclassified,20,,,,auto,
2410,,1667,757,440,1,"LINESTRING (119.921431 42.278194, 119.920556 42.278283)",1,72.66,unclassified,20,,,,auto,
2411,,1668,758,753,1,"LINESTRING (119.92422 42.278285, 119.923335 42.278448)",1,75.03,unclassified,20,,,,auto,
2412,,1668,753,758,1,"LINESTRING (119.923335 42.278448, 119.92422 42.278285)",1,75.03,unclassified,20,,,,auto,
2413,,1669,753,758,1,"LINESTRING (119.923335 42.278448, 119.92422 42.278285)",1,75.03,unclassified,20,,,,auto,
2414,,1669,758,753,1,"LINESTRING (119.92422 42.278285, 119.923335 42.278448)",1,75.03,unclassified,20,,,,auto,
2415,,1670,753,750,1,"LINESTRING (119.923335 42.278448, 119.922706 42.278524)",1,52.43,unclassified,20,,,,auto,
2416,,1670,750,753,1,"LINESTRING (119.922706 42.278524, 119.923335 42.278448)",1,52.43,unclassified,20,,,,auto,
2417,,1671,754,750,1,"LINESTRING (119.922413 42.278559, 119.922706 42.278524)",1,24.42,unclassified,20,,,,auto,
2418,,1671,750,754,1,"LINESTRING (119.922706 42.278524, 119.922413 42.278559)",1,24.42,unclassified,20,,,,auto,
2419,,1672,754,759,1,"LINESTRING (119.922413 42.278559, 119.921055 42.27865)",1,112.18,unclassified,20,,,,auto,
2420,,1672,759,754,1,"LINESTRING (119.921055 42.27865, 119.922413 42.278559)",1,112.18,unclassified,20,,,,auto,
2421,,1673,445,26,1,"LINESTRING (119.920614 42.278678, 119.920906 42.280644)",1,219.93,residential,6,,,,auto,
2422,,1673,26,445,1,"LINESTRING (119.920906 42.280644, 119.920614 42.278678)",1,219.93,residential,6,,,,auto,
2423,,1674,445,440,1,"LINESTRING (119.920614 42.278678, 119.920556 42.278283)",1,44.18,residential,6,,,,auto,
2424,,1674,440,445,1,"LINESTRING (119.920556 42.278283, 119.920614 42.278678)",1,44.18,residential,6,,,,auto,
2425,,1675,445,759,1,"LINESTRING (119.920614 42.278678, 119.921055 42.27865)",1,36.41,unclassified,20,,,,auto,
2426,,1675,759,445,1,"LINESTRING (119.921055 42.27865, 119.920614 42.278678)",1,36.41,unclassified,20,,,,auto,
2427,,1676,759,754,1,"LINESTRING (119.921055 42.27865, 119.922413 42.278559)",1,112.18,unclassified,20,,,,auto,
2428,,1676,754,759,1,"LINESTRING (119.922413 42.278559, 119.921055 42.27865)",1,112.18,unclassified,20,,,,auto,
2429,,1677,759,445,1,"LINESTRING (119.921055 42.27865, 119.920614 42.278678)",1,36.41,unclassified,20,,,,auto,
2430,,1677,445,759,1,"LINESTRING (119.920614 42.278678, 119.921055 42.27865)",1,36.41,unclassified,20,,,,auto,
2431,,1678,759,760,1,"LINESTRING (119.921055 42.27865, 119.921479 42.278956)",1,48.73,unclassified,20,,,,auto,
2432,,1678,760,759,1,"LINESTRING (119.921479 42.278956, 119.921055 42.27865)",1,48.73,unclassified,20,,,,auto,
2433,,1679,760,759,1,"LINESTRING (119.921479 42.278956, 119.921055 42.27865)",1,48.73,unclassified,20,,,,auto,
2434,,1679,759,760,1,"LINESTRING (119.921055 42.27865, 119.921479 42.278956)",1,48.73,unclassified,20,,,,auto,
2435,,1680,760,761,1,"LINESTRING (119.921479 42.278956, 119.921576 42.279206)",1,28.92,unclassified,20,,,,auto,
2436,,1680,761,760,1,"LINESTRING (119.921576 42.279206, 119.921479 42.278956)",1,28.92,unclassified,20,,,,auto,
2437,,1681,761,760,1,"LINESTRING (119.921576 42.279206, 119.921479 42.278956)",1,28.92,unclassified,20,,,,auto,
2438,,1681,760,761,1,"LINESTRING (119.921479 42.278956, 119.921576 42.279206)",1,28.92,unclassified,20,,,,auto,
2439,,1682,761,731,1,"LINESTRING (119.921576 42.279206, 119.921704 42.279611)",1,46.25,unclassified,20,,,,auto,
2440,,1682,731,761,1,"LINESTRING (119.921704 42.279611, 119.921576 42.279206)",1,46.25,unclassified,20,,,,auto,
2441,,1683,731,728,1,"LINESTRING (119.921704 42.279611, 119.922178 42.279651)",1,39.25,unclassified,20,,,,auto,
2442,,1683,728,731,1,"LINESTRING (119.922178 42.279651, 119.921704 42.279611)",1,39.25,unclassified,20,,,,auto,
2443,,1684,731,761,1,"LINESTRING (119.921704 42.279611, 119.921576 42.279206)",1,46.25,unclassified,20,,,,auto,
2444,,1684,761,731,1,"LINESTRING (119.921576 42.279206, 119.921704 42.279611)",1,46.25,unclassified,20,,,,auto,
2445,,1685,731,762,1,"LINESTRING (119.921704 42.279611, 119.921646 42.279742)",1,15.33,unclassified,20,,,,auto,
2446,,1685,762,731,1,"LINESTRING (119.921646 42.279742, 119.921704 42.279611)",1,15.33,unclassified,20,,,,auto,
2447,,1686,762,731,1,"LINESTRING (119.921646 42.279742, 119.921704 42.279611)",1,15.33,unclassified,20,,,,auto,
2448,,1686,731,762,1,"LINESTRING (119.921704 42.279611, 119.921646 42.279742)",1,15.33,unclassified,20,,,,auto,
2449,,1687,762,763,1,"LINESTRING (119.921646 42.279742, 119.921581 42.279873)",1,15.52,unclassified,20,,,,auto,
2450,,1687,763,762,1,"LINESTRING (119.921581 42.279873, 119.921646 42.279742)",1,15.52,unclassified,20,,,,auto,
2451,,1688,763,762,1,"LINESTRING (119.921581 42.279873, 119.921646 42.279742)",1,15.52,unclassified,20,,,,auto,
2452,,1688,762,763,1,"LINESTRING (119.921646 42.279742, 119.921581 42.279873)",1,15.52,unclassified,20,,,,auto,
2453,,1689,763,764,1,"LINESTRING (119.921581 42.279873, 119.921613 42.280107)",1,26.15,unclassified,20,,,,auto,
2454,,1689,764,763,1,"LINESTRING (119.921613 42.280107, 119.921581 42.279873)",1,26.15,unclassified,20,,,,auto,
2455,,1690,764,763,1,"LINESTRING (119.921613 42.280107, 119.921581 42.279873)",1,26.15,unclassified,20,,,,auto,
2456,,1690,763,764,1,"LINESTRING (119.921581 42.279873, 119.921613 42.280107)",1,26.15,unclassified,20,,,,auto,
2457,,1691,764,765,1,"LINESTRING (119.921613 42.280107, 119.921882 42.281)",1,101.73,unclassified,20,,,,auto,
2458,,1691,765,764,1,"LINESTRING (119.921882 42.281, 119.921613 42.280107)",1,101.73,unclassified,20,,,,auto,
2459,,1692,765,764,1,"LINESTRING (119.921882 42.281, 119.921613 42.280107)",1,101.73,unclassified,20,,,,auto,
2460,,1692,764,765,1,"LINESTRING (119.921613 42.280107, 119.921882 42.281)",1,101.73,unclassified,20,,,,auto,
2461,,1693,765,766,1,"LINESTRING (119.921882 42.281, 119.922521 42.282623)",1,187.97,unclassified,20,,,,auto,
2462,,1693,766,765,1,"LINESTRING (119.922521 42.282623, 119.921882 42.281)",1,187.97,unclassified,20,,,,auto,
2463,,1694,766,765,1,"LINESTRING (119.922521 42.282623, 119.921882 42.281)",1,187.97,unclassified,20,,,,auto,
2464,,1694,765,766,1,"LINESTRING (119.921882 42.281, 119.922521 42.282623)",1,187.97,unclassified,20,,,,auto,
2465,,1695,766,733,1,"LINESTRING (119.922521 42.282623, 119.922659 42.282607)",1,11.49,unclassified,20,,,,auto,
2466,,1695,733,766,1,"LINESTRING (119.922659 42.282607, 119.922521 42.282623)",1,11.49,unclassified,20,,,,auto,
2467,,1696,766,767,1,"LINESTRING (119.922521 42.282623, 119.922273 42.282651)",1,20.64,unclassified,20,,,,auto,
2468,,1696,767,766,1,"LINESTRING (119.922273 42.282651, 119.922521 42.282623)",1,20.64,unclassified,20,,,,auto,
2469,,1697,768,769,1,"LINESTRING (119.928692 42.276368, 119.928878 42.276681)",1,38.02,unclassified,20,,,,auto,
2470,,1697,769,768,1,"LINESTRING (119.928878 42.276681, 119.928692 42.276368)",1,38.02,unclassified,20,,,,auto,
2471,,1698,769,768,1,"LINESTRING (119.928878 42.276681, 119.928692 42.276368)",1,38.02,unclassified,20,,,,auto,
2472,,1698,768,769,1,"LINESTRING (119.928692 42.276368, 119.928878 42.276681)",1,38.02,unclassified,20,,,,auto,
2473,,1699,769,770,1,"LINESTRING (119.928878 42.276681, 119.929097 42.277136)",1,53.71,unclassified,20,,,,auto,
2474,,1699,770,769,1,"LINESTRING (119.929097 42.277136, 119.928878 42.276681)",1,53.71,unclassified,20,,,,auto,
2475,,1700,770,769,1,"LINESTRING (119.929097 42.277136, 119.928878 42.276681)",1,53.71,unclassified,20,,,,auto,
2476,,1700,769,770,1,"LINESTRING (119.928878 42.276681, 119.929097 42.277136)",1,53.71,unclassified,20,,,,auto,
2477,,1701,770,771,1,"LINESTRING (119.929097 42.277136, 119.929177 42.277251)",1,14.38,unclassified,20,,,,auto,
2478,,1701,771,770,1,"LINESTRING (119.929177 42.277251, 119.929097 42.277136)",1,14.38,unclassified,20,,,,auto,
2479,,1702,770,772,1,"LINESTRING (119.929097 42.277136, 119.929054 42.27718)",1,6.04,unclassified,20,,,,auto,
2480,,1702,772,770,1,"LINESTRING (119.929054 42.27718, 119.929097 42.277136)",1,6.04,unclassified,20,,,,auto,
2481,,1703,771,770,1,"LINESTRING (119.929177 42.277251, 119.929097 42.277136)",1,14.38,unclassified,20,,,,auto,
2482,,1703,770,771,1,"LINESTRING (119.929097 42.277136, 119.929177 42.277251)",1,14.38,unclassified,20,,,,auto,
2483,,1704,771,773,1,"LINESTRING (119.929177 42.277251, 119.929487 42.277545)",1,41.46,unclassified,20,,,,auto,
2484,,1704,773,771,1,"LINESTRING (119.929487 42.277545, 119.929177 42.277251)",1,41.46,unclassified,20,,,,auto,
2485,,1705,773,771,1,"LINESTRING (119.929487 42.277545, 119.929177 42.277251)",1,41.46,unclassified,20,,,,auto,
2486,,1705,771,773,1,"LINESTRING (119.929177 42.277251, 119.929487 42.277545)",1,41.46,unclassified,20,,,,auto,
2487,,1706,773,774,1,"LINESTRING (119.929487 42.277545, 119.929702 42.277836)",1,36.88,unclassified,20,,,,auto,
2488,,1706,774,773,1,"LINESTRING (119.929702 42.277836, 119.929487 42.277545)",1,36.88,unclassified,20,,,,auto,
2489,,1707,774,773,1,"LINESTRING (119.929702 42.277836, 119.929487 42.277545)",1,36.88,unclassified,20,,,,auto,
2490,,1707,773,774,1,"LINESTRING (119.929487 42.277545, 119.929702 42.277836)",1,36.88,unclassified,20,,,,auto,
2491,,1708,774,775,1,"LINESTRING (119.929702 42.277836, 119.929785 42.277972)",1,16.59,unclassified,20,,,,auto,
2492,,1708,775,774,1,"LINESTRING (119.929785 42.277972, 119.929702 42.277836)",1,16.59,unclassified,20,,,,auto,
2493,,1709,775,774,1,"LINESTRING (119.929785 42.277972, 119.929702 42.277836)",1,16.59,unclassified,20,,,,auto,
2494,,1709,774,775,1,"LINESTRING (119.929702 42.277836, 119.929785 42.277972)",1,16.59,unclassified,20,,,,auto,
2495,,1710,775,776,1,"LINESTRING (119.929785 42.277972, 119.929786 42.278041)",1,7.67,unclassified,20,,,,auto,
2496,,1710,776,775,1,"LINESTRING (119.929786 42.278041, 119.929785 42.277972)",1,7.67,unclassified,20,,,,auto,
2497,,1711,776,775,1,"LINESTRING (119.929786 42.278041, 119.929785 42.277972)",1,7.67,unclassified,20,,,,auto,
2498,,1711,775,776,1,"LINESTRING (119.929785 42.277972, 119.929786 42.278041)",1,7.67,unclassified,20,,,,auto,
2499,,1712,776,777,1,"LINESTRING (119.929786 42.278041, 119.930243 42.278596)",1,72.26,unclassified,20,,,,auto,
2500,,1712,777,776,1,"LINESTRING (119.930243 42.278596, 119.929786 42.278041)",1,72.26,unclassified,20,,,,auto,
2501,,1713,777,776,1,"LINESTRING (119.930243 42.278596, 119.929786 42.278041)",1,72.26,unclassified,20,,,,auto,
2502,,1713,776,777,1,"LINESTRING (119.929786 42.278041, 119.930243 42.278596)",1,72.26,unclassified,20,,,,auto,
2503,,1714,777,201,1,"LINESTRING (119.930243 42.278596, 119.931044 42.2796)",1,129.64,unclassified,20,,,,auto,
2504,,1714,201,777,1,"LINESTRING (119.931044 42.2796, 119.930243 42.278596)",1,129.64,unclassified,20,,,,auto,
2505,,1715,201,199,1,"LINESTRING (119.931044 42.2796, 119.931299 42.279452)",1,26.66,secondary,4,,,,auto,
2506,,1715,199,201,1,"LINESTRING (119.931299 42.279452, 119.931044 42.2796)",1,26.66,secondary,4,,,,auto,
2507,,1716,201,200,1,"LINESTRING (119.931044 42.2796, 119.931012 42.279619)",1,3.38,secondary,4,,,,auto,
2508,,1716,200,201,1,"LINESTRING (119.931012 42.279619, 119.931044 42.2796)",1,3.38,secondary,4,,,,auto,
2509,,1717,201,777,1,"LINESTRING (119.931044 42.2796, 119.930243 42.278596)",1,129.64,unclassified,20,,,,auto,
2510,,1717,777,201,1,"LINESTRING (119.930243 42.278596, 119.931044 42.2796)",1,129.64,unclassified,20,,,,auto,
2511,,1718,772,770,1,"LINESTRING (119.929054 42.27718, 119.929097 42.277136)",1,6.04,unclassified,20,,,,auto,
2512,,1718,770,772,1,"LINESTRING (119.929097 42.277136, 119.929054 42.27718)",1,6.04,unclassified,20,,,,auto,
2513,,1719,772,621,1,"LINESTRING (119.929054 42.27718, 119.928595 42.277468)",1,49.51,unclassified,20,,,,auto,
2514,,1719,621,772,1,"LINESTRING (119.928595 42.277468, 119.929054 42.27718)",1,49.51,unclassified,20,,,,auto,
2515,,1720,621,772,1,"LINESTRING (119.928595 42.277468, 119.929054 42.27718)",1,49.51,unclassified,20,,,,auto,
2516,,1720,772,621,1,"LINESTRING (119.929054 42.27718, 119.928595 42.277468)",1,49.51,unclassified,20,,,,auto,
2517,,1721,621,620,1,"LINESTRING (119.928595 42.277468, 119.928077 42.277676)",1,48.49,unclassified,20,,,,auto,
2518,,1721,620,621,1,"LINESTRING (119.928077 42.277676, 119.928595 42.277468)",1,48.49,unclassified,20,,,,auto,
2519,,1722,748,622,1,"LINESTRING (119.926744 42.278386, 119.926831 42.278343)",1,8.61,unclassified,20,,,,auto,
2520,,1722,622,748,1,"LINESTRING (119.926831 42.278343, 119.926744 42.278386)",1,8.61,unclassified,20,,,,auto,
2521,,1723,748,778,1,"LINESTRING (119.926744 42.278386, 119.926608 42.278551)",1,21.49,unclassified,20,,,,auto,
2522,,1723,778,748,1,"LINESTRING (119.926608 42.278551, 119.926744 42.278386)",1,21.49,unclassified,20,,,,auto,
2523,,1724,778,748,1,"LINESTRING (119.926608 42.278551, 119.926744 42.278386)",1,21.49,unclassified,20,,,,auto,
2524,,1724,748,778,1,"LINESTRING (119.926744 42.278386, 119.926608 42.278551)",1,21.49,unclassified,20,,,,auto,
2525,,1725,778,779,1,"LINESTRING (119.926608 42.278551, 119.926602 42.27871)",1,17.69,unclassified,20,,,,auto,
2526,,1725,779,778,1,"LINESTRING (119.926602 42.27871, 119.926608 42.278551)",1,17.69,unclassified,20,,,,auto,
2527,,1726,779,778,1,"LINESTRING (119.926602 42.27871, 119.926608 42.278551)",1,17.69,unclassified,20,,,,auto,
2528,,1726,778,779,1,"LINESTRING (119.926608 42.278551, 119.926602 42.27871)",1,17.69,unclassified,20,,,,auto,
2529,,1727,779,756,1,"LINESTRING (119.926602 42.27871, 119.926669 42.279051)",1,38.32,unclassified,20,,,,auto,
2530,,1727,756,779,1,"LINESTRING (119.926669 42.279051, 119.926602 42.27871)",1,38.32,unclassified,20,,,,auto,
2531,,1728,756,779,1,"LINESTRING (119.926669 42.279051, 119.926602 42.27871)",1,38.32,unclassified,20,,,,auto,
2532,,1728,779,756,1,"LINESTRING (119.926602 42.27871, 119.926669 42.279051)",1,38.32,unclassified,20,,,,auto,
2533,,1729,756,755,1,"LINESTRING (119.926669 42.279051, 119.926698 42.279149)",1,11.16,unclassified,20,,,,auto,
2534,,1729,755,756,1,"LINESTRING (119.926698 42.279149, 119.926669 42.279051)",1,11.16,unclassified,20,,,,auto,
2535,,1730,714,755,1,"LINESTRING (119.926771 42.2794, 119.926698 42.279149)",1,28.55,unclassified,20,,,,auto,
2536,,1730,755,714,1,"LINESTRING (119.926698 42.279149, 119.926771 42.2794)",1,28.55,unclassified,20,,,,auto,
2537,,1731,714,712,1,"LINESTRING (119.926771 42.2794, 119.927247 42.280285)",1,105.91,unclassified,20,,,,auto,
2538,,1731,712,714,1,"LINESTRING (119.927247 42.280285, 119.926771 42.2794)",1,105.91,unclassified,20,,,,auto,
2539,,1732,715,712,1,"LINESTRING (119.927332 42.280442, 119.927247 42.280285)",1,18.81,unclassified,20,,,,auto,
2540,,1732,712,715,1,"LINESTRING (119.927247 42.280285, 119.927332 42.280442)",1,18.81,unclassified,20,,,,auto,
2541,,1733,715,646,1,"LINESTRING (119.927332 42.280442, 119.927313 42.280542)",1,11.23,unclassified,20,,,,auto,
2542,,1733,646,715,1,"LINESTRING (119.927313 42.280542, 119.927332 42.280442)",1,11.23,unclassified,20,,,,auto,
2543,,1734,646,644,1,"LINESTRING (119.927313 42.280542, 119.927399 42.28063)",1,12.08,residential,6,,,,auto,
2544,,1734,644,646,1,"LINESTRING (119.927399 42.28063, 119.927313 42.280542)",1,12.08,residential,6,,,,auto,
2545,,1735,646,715,1,"LINESTRING (119.927313 42.280542, 119.927332 42.280442)",1,11.23,unclassified,20,,,,auto,
2546,,1735,715,646,1,"LINESTRING (119.927332 42.280442, 119.927313 42.280542)",1,11.23,unclassified,20,,,,auto,
2547,,1736,646,780,1,"LINESTRING (119.927313 42.280542, 119.927147 42.28069)",1,21.39,unclassified,20,,,,auto,
2548,,1736,780,646,1,"LINESTRING (119.927147 42.28069, 119.927313 42.280542)",1,21.39,unclassified,20,,,,auto,
2549,,1737,780,646,1,"LINESTRING (119.927147 42.28069, 119.927313 42.280542)",1,21.39,unclassified,20,,,,auto,
2550,,1737,646,780,1,"LINESTRING (119.927313 42.280542, 119.927147 42.28069)",1,21.39,unclassified,20,,,,auto,
2551,,1738,780,781,1,"LINESTRING (119.927147 42.28069, 119.92694 42.280786)",1,20.10,unclassified,20,,,,auto,
2552,,1738,781,780,1,"LINESTRING (119.92694 42.280786, 119.927147 42.28069)",1,20.10,unclassified,20,,,,auto,
2553,,1739,781,780,1,"LINESTRING (119.92694 42.280786, 119.927147 42.28069)",1,20.10,unclassified,20,,,,auto,
2554,,1739,780,781,1,"LINESTRING (119.927147 42.28069, 119.92694 42.280786)",1,20.10,unclassified,20,,,,auto,
2555,,1740,781,782,1,"LINESTRING (119.92694 42.280786, 119.926755 42.280851)",1,16.85,unclassified,20,,,,auto,
2556,,1740,782,781,1,"LINESTRING (119.926755 42.280851, 119.92694 42.280786)",1,16.85,unclassified,20,,,,auto,
2557,,1741,782,781,1,"LINESTRING (119.926755 42.280851, 119.92694 42.280786)",1,16.85,unclassified,20,,,,auto,
2558,,1741,781,782,1,"LINESTRING (119.92694 42.280786, 119.926755 42.280851)",1,16.85,unclassified,20,,,,auto,
2559,,1742,782,783,1,"LINESTRING (119.926755 42.280851, 119.926653 42.280952)",1,14.02,unclassified,20,,,,auto,
2560,,1742,783,782,1,"LINESTRING (119.926653 42.280952, 119.926755 42.280851)",1,14.02,unclassified,20,,,,auto,
2561,,1743,783,782,1,"LINESTRING (119.926653 42.280952, 119.926755 42.280851)",1,14.02,unclassified,20,,,,auto,
2562,,1743,782,783,1,"LINESTRING (119.926755 42.280851, 119.926653 42.280952)",1,14.02,unclassified,20,,,,auto,
2563,,1744,783,784,1,"LINESTRING (119.926653 42.280952, 119.926589 42.281121)",1,19.52,unclassified,20,,,,auto,
2564,,1744,784,783,1,"LINESTRING (119.926589 42.281121, 119.926653 42.280952)",1,19.52,unclassified,20,,,,auto,
2565,,1745,784,783,1,"LINESTRING (119.926589 42.281121, 119.926653 42.280952)",1,19.52,unclassified,20,,,,auto,
2566,,1745,783,784,1,"LINESTRING (119.926653 42.280952, 119.926589 42.281121)",1,19.52,unclassified,20,,,,auto,
2567,,1746,784,785,1,"LINESTRING (119.926589 42.281121, 119.926535 42.281385)",1,29.69,unclassified,20,,,,auto,
2568,,1746,785,784,1,"LINESTRING (119.926535 42.281385, 119.926589 42.281121)",1,29.69,unclassified,20,,,,auto,
2569,,1747,785,784,1,"LINESTRING (119.926535 42.281385, 119.926589 42.281121)",1,29.69,unclassified,20,,,,auto,
2570,,1747,784,785,1,"LINESTRING (119.926589 42.281121, 119.926535 42.281385)",1,29.69,unclassified,20,,,,auto,
2571,,1748,785,786,1,"LINESTRING (119.926535 42.281385, 119.926573 42.281558)",1,19.49,unclassified,20,,,,auto,
2572,,1748,786,785,1,"LINESTRING (119.926573 42.281558, 119.926535 42.281385)",1,19.49,unclassified,20,,,,auto,
2573,,1749,786,785,1,"LINESTRING (119.926573 42.281558, 119.926535 42.281385)",1,19.49,unclassified,20,,,,auto,
2574,,1749,785,786,1,"LINESTRING (119.926535 42.281385, 119.926573 42.281558)",1,19.49,unclassified,20,,,,auto,
2575,,1750,786,787,1,"LINESTRING (119.926573 42.281558, 119.926608 42.281683)",1,14.19,unclassified,20,,,,auto,
2576,,1750,787,786,1,"LINESTRING (119.926608 42.281683, 119.926573 42.281558)",1,14.19,unclassified,20,,,,auto,
2577,,1751,787,786,1,"LINESTRING (119.926608 42.281683, 119.926573 42.281558)",1,14.19,unclassified,20,,,,auto,
2578,,1751,786,787,1,"LINESTRING (119.926573 42.281558, 119.926608 42.281683)",1,14.19,unclassified,20,,,,auto,
2579,,1752,787,788,1,"LINESTRING (119.926608 42.281683, 119.926567 42.281754)",1,8.59,unclassified,20,,,,auto,
2580,,1752,788,787,1,"LINESTRING (119.926567 42.281754, 119.926608 42.281683)",1,8.59,unclassified,20,,,,auto,
2581,,1753,788,787,1,"LINESTRING (119.926567 42.281754, 119.926608 42.281683)",1,8.59,unclassified,20,,,,auto,
2582,,1753,787,788,1,"LINESTRING (119.926608 42.281683, 119.926567 42.281754)",1,8.59,unclassified,20,,,,auto,
2583,,1754,788,789,1,"LINESTRING (119.926567 42.281754, 119.926382 42.281828)",1,17.30,unclassified,20,,,,auto,
2584,,1754,789,788,1,"LINESTRING (119.926382 42.281828, 119.926567 42.281754)",1,17.30,unclassified,20,,,,auto,
2585,,1755,789,788,1,"LINESTRING (119.926382 42.281828, 119.926567 42.281754)",1,17.30,unclassified,20,,,,auto,
2586,,1755,788,789,1,"LINESTRING (119.926567 42.281754, 119.926382 42.281828)",1,17.30,unclassified,20,,,,auto,
2587,,1756,789,790,1,"LINESTRING (119.926382 42.281828, 119.926165 42.281895)",1,19.34,unclassified,20,,,,auto,
2588,,1756,790,789,1,"LINESTRING (119.926165 42.281895, 119.926382 42.281828)",1,19.34,unclassified,20,,,,auto,
2589,,1757,208,207,1,"LINESTRING (119.926211 42.282084, 119.926766 42.281869)",1,51.54,secondary,4,,,,auto,
2590,,1757,207,208,1,"LINESTRING (119.926766 42.281869, 119.926211 42.282084)",1,51.54,secondary,4,,,,auto,
2591,,1758,208,654,1,"LINESTRING (119.926211 42.282084, 119.925722 42.282273)",1,45.39,secondary,4,,,,auto,
2592,,1758,654,208,1,"LINESTRING (119.925722 42.282273, 119.926211 42.282084)",1,45.39,secondary,4,,,,auto,
2593,,1759,790,789,1,"LINESTRING (119.926165 42.281895, 119.926382 42.281828)",1,19.34,unclassified,20,,,,auto,
2594,,1759,789,790,1,"LINESTRING (119.926382 42.281828, 119.926165 42.281895)",1,19.34,unclassified,20,,,,auto,
2595,,1760,790,791,1,"LINESTRING (119.926165 42.281895, 119.925999 42.281917)",1,13.87,unclassified,20,,,,auto,
2596,,1760,791,790,1,"LINESTRING (119.925999 42.281917, 119.926165 42.281895)",1,13.87,unclassified,20,,,,auto,
2597,,1761,791,790,1,"LINESTRING (119.925999 42.281917, 119.926165 42.281895)",1,13.87,unclassified,20,,,,auto,
2598,,1761,790,791,1,"LINESTRING (119.926165 42.281895, 119.925999 42.281917)",1,13.87,unclassified,20,,,,auto,
2599,,1762,791,792,1,"LINESTRING (119.925999 42.281917, 119.925288 42.282072)",1,60.98,unclassified,20,,,,auto,
2600,,1762,792,791,1,"LINESTRING (119.925288 42.282072, 119.925999 42.281917)",1,60.98,unclassified,20,,,,auto,
2601,,1763,792,791,1,"LINESTRING (119.925288 42.282072, 119.925999 42.281917)",1,60.98,unclassified,20,,,,auto,
2602,,1763,791,792,1,"LINESTRING (119.925999 42.281917, 119.925288 42.282072)",1,60.98,unclassified,20,,,,auto,
2603,,1764,792,726,1,"LINESTRING (119.925288 42.282072, 119.923636 42.282409)",1,140.98,unclassified,20,,,,auto,
2604,,1764,726,792,1,"LINESTRING (119.923636 42.282409, 119.925288 42.282072)",1,140.98,unclassified,20,,,,auto,
2605,,1765,726,792,1,"LINESTRING (119.923636 42.282409, 119.925288 42.282072)",1,140.98,unclassified,20,,,,auto,
2606,,1765,792,726,1,"LINESTRING (119.925288 42.282072, 119.923636 42.282409)",1,140.98,unclassified,20,,,,auto,
2607,,1766,726,725,1,"LINESTRING (119.923636 42.282409, 119.923535 42.282429)",1,8.60,unclassified,20,,,,auto,
2608,,1766,725,726,1,"LINESTRING (119.923535 42.282429, 119.923636 42.282409)",1,8.60,unclassified,20,,,,auto,
2609,,1767,733,727,1,"LINESTRING (119.922659 42.282607, 119.922938 42.282551)",1,23.78,unclassified,20,,,,auto,
2610,,1767,727,733,1,"LINESTRING (119.922938 42.282551, 119.922659 42.282607)",1,23.78,unclassified,20,,,,auto,
2611,,1768,733,766,1,"LINESTRING (119.922659 42.282607, 119.922521 42.282623)",1,11.49,unclassified,20,,,,auto,
2612,,1768,766,733,1,"LINESTRING (119.922521 42.282623, 119.922659 42.282607)",1,11.49,unclassified,20,,,,auto,
2613,,1769,767,766,1,"LINESTRING (119.922273 42.282651, 119.922521 42.282623)",1,20.64,unclassified,20,,,,auto,
2614,,1769,766,767,1,"LINESTRING (119.922521 42.282623, 119.922273 42.282651)",1,20.64,unclassified,20,,,,auto,
2615,,1770,767,248,1,"LINESTRING (119.922273 42.282651, 119.921796 42.282738)",1,40.42,unclassified,20,,,,auto,
2616,,1770,248,767,1,"LINESTRING (119.921796 42.282738, 119.922273 42.282651)",1,40.42,unclassified,20,,,,auto,
2617,,1771,248,767,1,"LINESTRING (119.921796 42.282738, 119.922273 42.282651)",1,40.42,unclassified,20,,,,auto,
2618,,1771,767,248,1,"LINESTRING (119.922273 42.282651, 119.921796 42.282738)",1,40.42,unclassified,20,,,,auto,
2619,,1772,248,247,1,"LINESTRING (119.921796 42.282738, 119.921351 42.282814)",1,37.57,unclassified,20,,,,auto,
2620,,1772,247,248,1,"LINESTRING (119.921351 42.282814, 119.921796 42.282738)",1,37.57,unclassified,20,,,,auto,
2621,,1773,793,794,1,"LINESTRING (119.926416 42.298271, 119.925678 42.298068)",1,64.76,residential,6,,,,auto,
2622,,1773,794,793,1,"LINESTRING (119.925678 42.298068, 119.926416 42.298271)",1,64.76,residential,6,,,,auto,
2623,,1774,793,795,1,"LINESTRING (119.926416 42.298271, 119.92679 42.297552)",1,85.66,residential,6,,,,auto,
2624,,1774,795,793,1,"LINESTRING (119.92679 42.297552, 119.926416 42.298271)",1,85.66,residential,6,,,,auto,
2625,,1775,793,552,1,"LINESTRING (119.926416 42.298271, 119.925669 42.299707)",1,171.09,residential,6,,,,auto,
2626,,1775,552,793,1,"LINESTRING (119.925669 42.299707, 119.926416 42.298271)",1,171.09,residential,6,,,,auto,
2627,,1776,794,793,1,"LINESTRING (119.925678 42.298068, 119.926416 42.298271)",1,64.76,residential,6,,,,auto,
2628,,1776,793,794,1,"LINESTRING (119.926416 42.298271, 119.925678 42.298068)",1,64.76,residential,6,,,,auto,
2629,,1777,794,796,1,"LINESTRING (119.925678 42.298068, 119.925208 42.297909)",1,42.51,residential,6,,,,auto,
2630,,1777,796,794,1,"LINESTRING (119.925208 42.297909, 119.925678 42.298068)",1,42.51,residential,6,,,,auto,
2631,,1778,794,797,1,"LINESTRING (119.925678 42.298068, 119.92613 42.297147)",1,108.95,residential,6,,,,auto,
2632,,1778,797,794,1,"LINESTRING (119.92613 42.297147, 119.925678 42.298068)",1,108.95,residential,6,,,,auto,
2633,,1779,794,798,1,"LINESTRING (119.925678 42.298068, 119.925604 42.298219)",1,17.86,residential,6,,,,auto,
2634,,1779,798,794,1,"LINESTRING (119.925604 42.298219, 119.925678 42.298068)",1,17.86,residential,6,,,,auto,
2635,,1780,796,794,1,"LINESTRING (119.925208 42.297909, 119.925678 42.298068)",1,42.51,residential,6,,,,auto,
2636,,1780,794,796,1,"LINESTRING (119.925678 42.298068, 119.925208 42.297909)",1,42.51,residential,6,,,,auto,
2637,,1781,796,799,1,"LINESTRING (119.925208 42.297909, 119.925296 42.297786)",1,15.47,residential,6,,,,auto,
2638,,1781,799,796,1,"LINESTRING (119.925296 42.297786, 119.925208 42.297909)",1,15.47,residential,6,,,,auto,
2639,,1782,796,800,1,"LINESTRING (119.925208 42.297909, 119.925079 42.298088)",1,22.56,residential,6,,,,auto,
2640,,1782,800,796,1,"LINESTRING (119.925079 42.298088, 119.925208 42.297909)",1,22.56,residential,6,,,,auto,
2641,,1783,801,802,1,"LINESTRING (119.925741 42.297342, 119.926248 42.296933)",1,61.70,residential,6,,,,auto,
2642,,1783,802,801,1,"LINESTRING (119.926248 42.296933, 119.925741 42.297342)",1,61.70,residential,6,,,,auto,
2643,,1784,801,799,1,"LINESTRING (119.925741 42.297342, 119.925296 42.297786)",1,61.46,residential,6,,,,auto,
2644,,1784,799,801,1,"LINESTRING (119.925296 42.297786, 119.925741 42.297342)",1,61.46,residential,6,,,,auto,
2645,,1785,799,801,1,"LINESTRING (119.925296 42.297786, 119.925741 42.297342)",1,61.46,residential,6,,,,auto,
2646,,1785,801,799,1,"LINESTRING (119.925741 42.297342, 119.925296 42.297786)",1,61.46,residential,6,,,,auto,
2647,,1786,799,796,1,"LINESTRING (119.925296 42.297786, 119.925208 42.297909)",1,15.47,residential,6,,,,auto,
2648,,1786,796,799,1,"LINESTRING (119.925208 42.297909, 119.925296 42.297786)",1,15.47,residential,6,,,,auto,
2649,,1787,800,796,1,"LINESTRING (119.925079 42.298088, 119.925208 42.297909)",1,22.56,residential,6,,,,auto,
2650,,1787,796,800,1,"LINESTRING (119.925208 42.297909, 119.925079 42.298088)",1,22.56,residential,6,,,,auto,
2651,,1788,800,803,1,"LINESTRING (119.925079 42.298088, 119.925017 42.298062)",1,5.86,residential,6,,,,auto,
2652,,1788,803,800,1,"LINESTRING (119.925017 42.298062, 119.925079 42.298088)",1,5.86,residential,6,,,,auto,
2653,,1789,803,800,1,"LINESTRING (119.925017 42.298062, 119.925079 42.298088)",1,5.86,residential,6,,,,auto,
2654,,1789,800,803,1,"LINESTRING (119.925079 42.298088, 119.925017 42.298062)",1,5.86,residential,6,,,,auto,
2655,,1790,803,804,1,"LINESTRING (119.925017 42.298062, 119.924497 42.297846)",1,49.05,residential,6,,,,auto,
2656,,1790,804,803,1,"LINESTRING (119.924497 42.297846, 119.925017 42.298062)",1,49.05,residential,6,,,,auto,
2657,,1791,804,803,1,"LINESTRING (119.924497 42.297846, 119.925017 42.298062)",1,49.05,residential,6,,,,auto,
2658,,1791,803,804,1,"LINESTRING (119.925017 42.298062, 119.924497 42.297846)",1,49.05,residential,6,,,,auto,
2659,,1792,804,805,1,"LINESTRING (119.924497 42.297846, 119.923373 42.29724)",1,114.40,residential,6,,,,auto,
2660,,1792,805,804,1,"LINESTRING (119.923373 42.29724, 119.924497 42.297846)",1,114.40,residential,6,,,,auto,
2661,,1793,805,804,1,"LINESTRING (119.923373 42.29724, 119.924497 42.297846)",1,114.40,residential,6,,,,auto,
2662,,1793,804,805,1,"LINESTRING (119.924497 42.297846, 119.923373 42.29724)",1,114.40,residential,6,,,,auto,
2663,,1794,805,806,1,"LINESTRING (119.923373 42.29724, 119.923303 42.297252)",1,5.91,residential,6,,,,auto,
2664,,1794,806,805,1,"LINESTRING (119.923303 42.297252, 119.923373 42.29724)",1,5.91,residential,6,,,,auto,
2665,,1795,806,805,1,"LINESTRING (119.923303 42.297252, 119.923373 42.29724)",1,5.91,residential,6,,,,auto,
2666,,1795,805,806,1,"LINESTRING (119.923373 42.29724, 119.923303 42.297252)",1,5.91,residential,6,,,,auto,
2667,,1796,806,807,1,"LINESTRING (119.923303 42.297252, 119.923132 42.297449)",1,26.03,residential,6,,,,auto,
2668,,1796,807,806,1,"LINESTRING (119.923132 42.297449, 119.923303 42.297252)",1,26.03,residential,6,,,,auto,
2669,,1797,807,806,1,"LINESTRING (119.923132 42.297449, 119.923303 42.297252)",1,26.03,residential,6,,,,auto,
2670,,1797,806,807,1,"LINESTRING (119.923303 42.297252, 119.923132 42.297449)",1,26.03,residential,6,,,,auto,
2671,,1798,807,808,1,"LINESTRING (119.923132 42.297449, 119.922949 42.297697)",1,31.42,residential,6,,,,auto,
2672,,1798,808,807,1,"LINESTRING (119.922949 42.297697, 119.923132 42.297449)",1,31.42,residential,6,,,,auto,
2673,,1799,808,807,1,"LINESTRING (119.922949 42.297697, 119.923132 42.297449)",1,31.42,residential,6,,,,auto,
2674,,1799,807,808,1,"LINESTRING (119.923132 42.297449, 119.922949 42.297697)",1,31.42,residential,6,,,,auto,
2675,,1800,808,809,1,"LINESTRING (119.922949 42.297697, 119.922904 42.29783)",1,15.25,residential,6,,,,auto,
2676,,1800,809,808,1,"LINESTRING (119.922904 42.29783, 119.922949 42.297697)",1,15.25,residential,6,,,,auto,
2677,,1801,809,808,1,"LINESTRING (119.922904 42.29783, 119.922949 42.297697)",1,15.25,residential,6,,,,auto,
2678,,1801,808,809,1,"LINESTRING (119.922949 42.297697, 119.922904 42.29783)",1,15.25,residential,6,,,,auto,
2679,,1802,809,561,1,"LINESTRING (119.922904 42.29783, 119.9228 42.298067)",1,27.71,residential,6,,,,auto,
2680,,1802,561,809,1,"LINESTRING (119.9228 42.298067, 119.922904 42.29783)",1,27.71,residential,6,,,,auto,
2681,,1803,561,557,1,"LINESTRING (119.9228 42.298067, 119.923228 42.298258)",1,41.11,residential,6,,,,auto,
2682,,1803,557,561,1,"LINESTRING (119.923228 42.298258, 119.9228 42.298067)",1,41.11,residential,6,,,,auto,
2683,,1804,561,562,1,"LINESTRING (119.9228 42.298067, 119.921871 42.297651)",1,89.32,residential,6,,,,auto,
2684,,1804,562,561,1,"LINESTRING (119.921871 42.297651, 119.9228 42.298067)",1,89.32,residential,6,,,,auto,
2685,,1805,561,809,1,"LINESTRING (119.9228 42.298067, 119.922904 42.29783)",1,27.71,residential,6,,,,auto,
2686,,1805,809,561,1,"LINESTRING (119.922904 42.29783, 119.9228 42.298067)",1,27.71,residential,6,,,,auto,
2687,,1806,171,170,1,"LINESTRING (119.92752 42.29562, 119.926865 42.293796)",1,209.85,unclassified,20,,,,auto,
2688,,1806,170,171,1,"LINESTRING (119.926865 42.293796, 119.92752 42.29562)",1,209.85,unclassified,20,,,,auto,
2689,,1807,171,172,1,"LINESTRING (119.92752 42.29562, 119.927552 42.295709)",1,10.24,unclassified,20,,,,auto,
2690,,1807,172,171,1,"LINESTRING (119.927552 42.295709, 119.92752 42.29562)",1,10.24,unclassified,20,,,,auto,
2691,,1808,171,810,1,"LINESTRING (119.92752 42.29562, 119.927412 42.295826)",1,24.57,residential,6,,,,auto,
2692,,1808,810,171,1,"LINESTRING (119.927412 42.295826, 119.92752 42.29562)",1,24.57,residential,6,,,,auto,
2693,,1809,810,171,1,"LINESTRING (119.927412 42.295826, 119.92752 42.29562)",1,24.57,residential,6,,,,auto,
2694,,1809,171,810,1,"LINESTRING (119.92752 42.29562, 119.927412 42.295826)",1,24.57,residential,6,,,,auto,
2695,,1810,810,811,1,"LINESTRING (119.927412 42.295826, 119.927267 42.29606)",1,28.62,residential,6,,,,auto,
2696,,1810,811,810,1,"LINESTRING (119.927267 42.29606, 119.927412 42.295826)",1,28.62,residential,6,,,,auto,
2697,,1811,811,810,1,"LINESTRING (119.927267 42.29606, 119.927412 42.295826)",1,28.62,residential,6,,,,auto,
2698,,1811,810,811,1,"LINESTRING (119.927412 42.295826, 119.927267 42.29606)",1,28.62,residential,6,,,,auto,
2699,,1812,811,812,1,"LINESTRING (119.927267 42.29606, 119.926913 42.296298)",1,39.35,residential,6,,,,auto,
2700,,1812,812,811,1,"LINESTRING (119.926913 42.296298, 119.927267 42.29606)",1,39.35,residential,6,,,,auto,
2701,,1813,812,811,1,"LINESTRING (119.926913 42.296298, 119.927267 42.29606)",1,39.35,residential,6,,,,auto,
2702,,1813,811,812,1,"LINESTRING (119.927267 42.29606, 119.926913 42.296298)",1,39.35,residential,6,,,,auto,
2703,,1814,812,802,1,"LINESTRING (119.926913 42.296298, 119.926248 42.296933)",1,89.31,residential,6,,,,auto,
2704,,1814,802,812,1,"LINESTRING (119.926248 42.296933, 119.926913 42.296298)",1,89.31,residential,6,,,,auto,
2705,,1815,802,801,1,"LINESTRING (119.926248 42.296933, 119.925741 42.297342)",1,61.70,residential,6,,,,auto,
2706,,1815,801,802,1,"LINESTRING (119.925741 42.297342, 119.926248 42.296933)",1,61.70,residential,6,,,,auto,
2707,,1816,802,812,1,"LINESTRING (119.926248 42.296933, 119.926913 42.296298)",1,89.31,residential,6,,,,auto,
2708,,1816,812,802,1,"LINESTRING (119.926913 42.296298, 119.926248 42.296933)",1,89.31,residential,6,,,,auto,
2709,,1817,802,797,1,"LINESTRING (119.926248 42.296933, 119.92613 42.297147)",1,25.70,residential,6,,,,auto,
2710,,1817,797,802,1,"LINESTRING (119.92613 42.297147, 119.926248 42.296933)",1,25.70,residential,6,,,,auto,
2711,,1818,797,802,1,"LINESTRING (119.92613 42.297147, 119.926248 42.296933)",1,25.70,residential,6,,,,auto,
2712,,1818,802,797,1,"LINESTRING (119.926248 42.296933, 119.92613 42.297147)",1,25.70,residential,6,,,,auto,
2713,,1819,797,794,1,"LINESTRING (119.92613 42.297147, 119.925678 42.298068)",1,108.95,residential,6,,,,auto,
2714,,1819,794,797,1,"LINESTRING (119.925678 42.298068, 119.92613 42.297147)",1,108.95,residential,6,,,,auto,
2715,,1820,798,794,1,"LINESTRING (119.925604 42.298219, 119.925678 42.298068)",1,17.86,residential,6,,,,auto,
2716,,1820,794,798,1,"LINESTRING (119.925678 42.298068, 119.925604 42.298219)",1,17.86,residential,6,,,,auto,
2717,,1821,798,554,1,"LINESTRING (119.925604 42.298219, 119.925042 42.29934)",1,132.94,residential,6,,,,auto,
2718,,1821,554,798,1,"LINESTRING (119.925042 42.29934, 119.925604 42.298219)",1,132.94,residential,6,,,,auto,
2719,,1822,554,553,1,"LINESTRING (119.925042 42.29934, 119.925535 42.299619)",1,51.05,residential,6,,,,auto,
2720,,1822,553,554,1,"LINESTRING (119.925535 42.299619, 119.925042 42.29934)",1,51.05,residential,6,,,,auto,
2721,,1823,554,555,1,"LINESTRING (119.925042 42.29934, 119.924628 42.299105)",1,42.92,residential,6,,,,auto,
2722,,1823,555,554,1,"LINESTRING (119.924628 42.299105, 119.925042 42.29934)",1,42.92,residential,6,,,,auto,
2723,,1824,554,798,1,"LINESTRING (119.925042 42.29934, 119.925604 42.298219)",1,132.94,residential,6,,,,auto,
2724,,1824,798,554,1,"LINESTRING (119.925604 42.298219, 119.925042 42.29934)",1,132.94,residential,6,,,,auto,
2725,,1825,173,172,1,"LINESTRING (119.927604 42.295881, 119.927552 42.295709)",1,19.60,unclassified,20,,,,auto,
2726,,1825,172,173,1,"LINESTRING (119.927552 42.295709, 119.927604 42.295881)",1,19.60,unclassified,20,,,,auto,
2727,,1826,173,174,1,"LINESTRING (119.927604 42.295881, 119.927804 42.29653)",1,74.02,unclassified,20,,,,auto,
2728,,1826,174,173,1,"LINESTRING (119.927804 42.29653, 119.927604 42.295881)",1,74.02,unclassified,20,,,,auto,
2729,,1827,173,813,1,"LINESTRING (119.927604 42.295881, 119.927219 42.296655)",1,91.71,residential,6,,,,auto,
2730,,1827,813,173,1,"LINESTRING (119.927219 42.296655, 119.927604 42.295881)",1,91.71,residential,6,,,,auto,
2731,,1828,813,173,1,"LINESTRING (119.927219 42.296655, 119.927604 42.295881)",1,91.71,residential,6,,,,auto,
2732,,1828,173,813,1,"LINESTRING (119.927604 42.295881, 119.927219 42.296655)",1,91.71,residential,6,,,,auto,
2733,,1829,813,795,1,"LINESTRING (119.927219 42.296655, 119.92679 42.297552)",1,105.80,residential,6,,,,auto,
2734,,1829,795,813,1,"LINESTRING (119.92679 42.297552, 119.927219 42.296655)",1,105.80,residential,6,,,,auto,
2735,,1830,795,813,1,"LINESTRING (119.92679 42.297552, 119.927219 42.296655)",1,105.80,residential,6,,,,auto,
2736,,1830,813,795,1,"LINESTRING (119.927219 42.296655, 119.92679 42.297552)",1,105.80,residential,6,,,,auto,
2737,,1831,795,793,1,"LINESTRING (119.92679 42.297552, 119.926416 42.298271)",1,85.66,residential,6,,,,auto,
2738,,1831,793,795,1,"LINESTRING (119.926416 42.298271, 119.92679 42.297552)",1,85.66,residential,6,,,,auto,
2739,,1832,552,551,1,"LINESTRING (119.925669 42.299707, 119.926321 42.300129)",1,71.25,residential,6,,,,auto,
2740,,1832,551,552,1,"LINESTRING (119.926321 42.300129, 119.925669 42.299707)",1,71.25,residential,6,,,,auto,
2741,,1833,552,553,1,"LINESTRING (119.925669 42.299707, 119.925535 42.299619)",1,14.74,residential,6,,,,auto,
2742,,1833,553,552,1,"LINESTRING (119.925535 42.299619, 119.925669 42.299707)",1,14.74,residential,6,,,,auto,
2743,,1834,552,793,1,"LINESTRING (119.925669 42.299707, 119.926416 42.298271)",1,171.09,residential,6,,,,auto,
2744,,1834,793,552,1,"LINESTRING (119.926416 42.298271, 119.925669 42.299707)",1,171.09,residential,6,,,,auto,
2745,迎宾大道,1835,814,815,1,"LINESTRING (119.914214 42.29761, 119.913623 42.293862)",1,419.58,secondary,4,,3,,auto,
2746,,1836,814,816,1,"LINESTRING (119.914214 42.29761, 119.914298 42.297603)",1,6.95,residential,6,,,,auto,
2747,,1836,816,814,1,"LINESTRING (119.914298 42.297603, 119.914214 42.29761)",1,6.95,residential,6,,,,auto,
2748,,1837,577,817,1,"LINESTRING (119.904379 42.2942, 119.905477 42.293886)",1,96.83,residential,6,,,,auto,
2749,,1837,817,577,1,"LINESTRING (119.905477 42.293886, 119.904379 42.2942)",1,96.83,residential,6,,,,auto,
2750,,1838,577,474,1,"LINESTRING (119.904379 42.2942, 119.903146 42.294405)",1,103.95,residential,6,,,,auto,
2751,,1838,474,577,1,"LINESTRING (119.903146 42.294405, 119.904379 42.2942)",1,103.95,residential,6,,,,auto,
2752,,1839,817,818,1,"LINESTRING (119.905477 42.293886, 119.907348 42.293732)",1,154.84,residential,6,,,,auto,
2753,,1839,818,817,1,"LINESTRING (119.907348 42.293732, 119.905477 42.293886)",1,154.84,residential,6,,,,auto,
2754,,1840,817,577,1,"LINESTRING (119.905477 42.293886, 119.904379 42.2942)",1,96.83,residential,6,,,,auto,
2755,,1840,577,817,1,"LINESTRING (119.904379 42.2942, 119.905477 42.293886)",1,96.83,residential,6,,,,auto,
2756,,1841,818,466,1,"LINESTRING (119.907348 42.293732, 119.908188 42.293408)",1,77.92,residential,6,,,,auto,
2757,,1841,466,818,1,"LINESTRING (119.908188 42.293408, 119.907348 42.293732)",1,77.92,residential,6,,,,auto,
2758,,1842,818,817,1,"LINESTRING (119.907348 42.293732, 119.905477 42.293886)",1,154.84,residential,6,,,,auto,
2759,,1842,817,818,1,"LINESTRING (119.905477 42.293886, 119.907348 42.293732)",1,154.84,residential,6,,,,auto,
2760,,1843,466,465,1,"LINESTRING (119.908188 42.293408, 119.90809 42.292997)",1,46.41,residential,6,,,,auto,
2761,,1843,465,466,1,"LINESTRING (119.90809 42.292997, 119.908188 42.293408)",1,46.41,residential,6,,,,auto,
2762,,1844,466,818,1,"LINESTRING (119.908188 42.293408, 119.907348 42.293732)",1,77.92,residential,6,,,,auto,
2763,,1844,818,466,1,"LINESTRING (119.907348 42.293732, 119.908188 42.293408)",1,77.92,residential,6,,,,auto,
2764,,1845,266,819,1,"LINESTRING (119.91926 42.291473, 119.91954 42.293291)",1,203.46,tertiary,5,,,,auto,
2765,,1846,266,820,1,"LINESTRING (119.91926 42.291473, 119.919143 42.291478)",1,9.64,residential,6,,,,auto,
2766,,1846,820,266,1,"LINESTRING (119.919143 42.291478, 119.91926 42.291473)",1,9.64,residential,6,,,,auto,
2767,,1847,820,53,1,"LINESTRING (119.919143 42.291478, 119.918806 42.289292)",1,244.65,tertiary,5,,,,auto,
2768,,1848,820,266,1,"LINESTRING (119.919143 42.291478, 119.91926 42.291473)",1,9.64,residential,6,,,,auto,
2769,,1848,266,820,1,"LINESTRING (119.91926 42.291473, 119.919143 42.291478)",1,9.64,residential,6,,,,auto,
2770,,1849,820,821,1,"LINESTRING (119.919143 42.291478, 119.913399 42.291998)",1,475.99,residential,6,,,,auto,
2771,,1849,821,820,1,"LINESTRING (119.913399 42.291998, 119.919143 42.291478)",1,475.99,residential,6,,,,auto,
2772,迎宾大道,1850,822,296,1,"LINESTRING (119.913331 42.292005, 119.91306 42.29063)",1,154.51,secondary,4,,3,,auto,
2773,,1851,822,821,1,"LINESTRING (119.913331 42.292005, 119.913399 42.291998)",1,5.65,residential,6,,,,auto,
2774,,1851,821,822,1,"LINESTRING (119.913399 42.291998, 119.913331 42.292005)",1,5.65,residential,6,,,,auto,
2775,,1857,566,565,1,"LINESTRING (119.916642 42.297388, 119.91854 42.297215)",1,157.29,residential,6,,,,auto,
2776,,1857,565,566,1,"LINESTRING (119.91854 42.297215, 119.916642 42.297388)",1,157.29,residential,6,,,,auto,
2777,,1858,566,816,1,"LINESTRING (119.916642 42.297388, 119.914298 42.297603)",1,194.26,residential,6,,,,auto,
2778,,1858,816,566,1,"LINESTRING (119.914298 42.297603, 119.916642 42.297388)",1,194.26,residential,6,,,,auto,
2779,,1860,819,270,1,"LINESTRING (119.91954 42.293291, 119.920118 42.297033)",1,418.80,tertiary,5,,,,auto,
2780,,1861,819,269,1,"LINESTRING (119.91954 42.293291, 119.919424 42.293303)",1,9.63,tertiary,5,,,,auto,
2781,,1861,269,819,1,"LINESTRING (119.919424 42.293303, 119.91954 42.293291)",1,9.63,tertiary,5,,,,auto,
2782,,1862,269,820,1,"LINESTRING (119.919424 42.293303, 119.919143 42.291478)",1,204.24,tertiary,5,,,,auto,
2783,,1863,269,819,1,"LINESTRING (119.919424 42.293303, 119.91954 42.293291)",1,9.63,tertiary,5,,,,auto,
2784,,1863,819,269,1,"LINESTRING (119.91954 42.293291, 119.919424 42.293303)",1,9.63,tertiary,5,,,,auto,
2785,,1864,269,823,1,"LINESTRING (119.919424 42.293303, 119.913697 42.293855)",1,475.04,tertiary,5,,,,auto,
2786,,1864,823,269,1,"LINESTRING (119.913697 42.293855, 119.919424 42.293303)",1,475.04,tertiary,5,,,,auto,
2787,迎宾大道,1865,815,822,1,"LINESTRING (119.913623 42.293862, 119.913331 42.292005)",1,207.88,secondary,4,,3,,auto,
2788,,1866,815,823,1,"LINESTRING (119.913623 42.293862, 119.913697 42.293855)",1,6.14,tertiary,5,,,,auto,
2789,,1866,823,815,1,"LINESTRING (119.913697 42.293855, 119.913623 42.293862)",1,6.14,tertiary,5,,,,auto,
2790,迎宾大道,1867,824,825,1,"LINESTRING (119.914162 42.300544, 119.914296 42.300413)",1,18.27,secondary,4,,3,,auto,
2791,迎宾大道,1868,825,826,1,"LINESTRING (119.914296 42.300413, 119.914404 42.300254)",1,19.79,secondary,4,,3,,auto,
2792,迎宾大道,1869,826,827,1,"LINESTRING (119.914404 42.300254, 119.914479 42.300056)",1,22.86,secondary,4,,3,,auto,
2793,迎宾大道,1870,827,814,1,"LINESTRING (119.914479 42.300056, 119.914214 42.29761)",1,272.85,secondary,4,,3,,auto,
2794,迎宾大道,1871,828,829,1,"LINESTRING (119.914096 42.300689, 119.911508 42.302081)",1,263.17,secondary,4,,3,,auto,
2795,迎宾大道,1872,830,828,1,"LINESTRING (119.914293 42.300543, 119.914096 42.300689)",1,22.94,secondary,4,,3,,auto,
2796,迎宾大道,1873,831,830,1,"LINESTRING (119.91452 42.300285, 119.914293 42.300543)",1,34.23,secondary,4,,3,,auto,
2797,迎宾大道,1874,832,831,1,"LINESTRING (119.9146 42.300024, 119.91452 42.300285)",1,29.76,secondary,4,,3,,auto,
2798,迎宾大道,1875,816,832,1,"LINESTRING (119.914298 42.297603, 119.9146 42.300024)",1,270.35,secondary,4,,3,,auto,
2799,,1876,816,566,1,"LINESTRING (119.914298 42.297603, 119.916642 42.297388)",1,194.26,residential,6,,,,auto,
2800,,1876,566,816,1,"LINESTRING (119.916642 42.297388, 119.914298 42.297603)",1,194.26,residential,6,,,,auto,
2801,,1877,816,814,1,"LINESTRING (119.914298 42.297603, 119.914214 42.29761)",1,6.95,residential,6,,,,auto,
2802,,1877,814,816,1,"LINESTRING (119.914214 42.29761, 119.914298 42.297603)",1,6.95,residential,6,,,,auto,
2803,迎宾大道,1878,823,816,1,"LINESTRING (119.913697 42.293855, 119.914298 42.297603)",1,419.68,secondary,4,,3,,auto,
2804,,1879,823,269,1,"LINESTRING (119.913697 42.293855, 119.919424 42.293303)",1,475.04,tertiary,5,,,,auto,
2805,,1879,269,823,1,"LINESTRING (119.919424 42.293303, 119.913697 42.293855)",1,475.04,tertiary,5,,,,auto,
2806,,1880,823,815,1,"LINESTRING (119.913697 42.293855, 119.913623 42.293862)",1,6.14,tertiary,5,,,,auto,
2807,,1880,815,823,1,"LINESTRING (119.913623 42.293862, 119.913697 42.293855)",1,6.14,tertiary,5,,,,auto,
2808,迎宾大道,1881,821,823,1,"LINESTRING (119.913399 42.291998, 119.913697 42.293855)",1,207.94,secondary,4,,3,,auto,
2809,,1882,821,820,1,"LINESTRING (119.913399 42.291998, 119.919143 42.291478)",1,475.99,residential,6,,,,auto,
2810,,1882,820,821,1,"LINESTRING (119.919143 42.291478, 119.913399 42.291998)",1,475.99,residential,6,,,,auto,
2811,,1883,821,822,1,"LINESTRING (119.913399 42.291998, 119.913331 42.292005)",1,5.65,residential,6,,,,auto,
2812,,1883,822,821,1,"LINESTRING (119.913331 42.292005, 119.913399 42.291998)",1,5.65,residential,6,,,,auto,
2813,,1884,366,364,1,"LINESTRING (119.899446 42.295072, 119.898679 42.295146)",1,63.62,residential,6,,,,auto,
2814,,1884,364,366,1,"LINESTRING (119.898679 42.295146, 119.899446 42.295072)",1,63.62,residential,6,,,,auto,
2815,,1885,500,499,1,"LINESTRING (119.906334 42.27355, 119.906266 42.272907)",1,71.72,residential,6,,,,auto,
2816,,1885,499,500,1,"LINESTRING (119.906266 42.272907, 119.906334 42.27355)",1,71.72,residential,6,,,,auto,
2817,,1886,500,501,1,"LINESTRING (119.906334 42.27355, 119.906368 42.273864)",1,35.03,residential,6,,,,auto,
2818,,1886,501,500,1,"LINESTRING (119.906368 42.273864, 119.906334 42.27355)",1,35.03,residential,6,,,,auto,
2819,,1887,500,509,1,"LINESTRING (119.906334 42.27355, 119.910362 42.273199)",1,333.71,residential,6,,,,auto,
2820,,1887,509,500,1,"LINESTRING (119.910362 42.273199, 119.906334 42.27355)",1,333.71,residential,6,,,,auto,
2821,,1888,509,514,1,"LINESTRING (119.910362 42.273199, 119.910448 42.273192)",1,7.12,residential,6,,,,auto,
2822,,1888,514,509,1,"LINESTRING (119.910448 42.273192, 119.910362 42.273199)",1,7.12,residential,6,,,,auto,
2823,,1889,509,500,1,"LINESTRING (119.910362 42.273199, 119.906334 42.27355)",1,333.71,residential,6,,,,auto,
2824,,1889,500,509,1,"LINESTRING (119.906334 42.27355, 119.910362 42.273199)",1,333.71,residential,6,,,,auto,
2825,迎宾大道,1890,514,510,1,"LINESTRING (119.910448 42.273192, 119.910749 42.275137)",1,217.69,secondary,4,,3,,auto,
2826,,1891,514,511,1,"LINESTRING (119.910448 42.273192, 119.913212 42.272946)",1,229.06,residential,6,,,,auto,
2827,,1891,511,514,1,"LINESTRING (119.913212 42.272946, 119.910448 42.273192)",1,229.06,residential,6,,,,auto,
2828,,1892,514,509,1,"LINESTRING (119.910448 42.273192, 119.910362 42.273199)",1,7.12,residential,6,,,,auto,
2829,,1892,509,514,1,"LINESTRING (119.910362 42.273199, 119.910448 42.273192)",1,7.12,residential,6,,,,auto,
2830,迎宾大道,1893,292,281,1,"LINESTRING (119.911046 42.276953, 119.911353 42.278809)",1,207.92,secondary,4,,3,,auto,
2831,,1894,292,280,1,"LINESTRING (119.911046 42.276953, 119.910954 42.276963)",1,7.65,residential,6,,,,auto,
2832,,1894,280,292,1,"LINESTRING (119.910954 42.276963, 119.911046 42.276953)",1,7.65,residential,6,,,,auto,
2833,迎宾大道,1895,280,294,1,"LINESTRING (119.910954 42.276963, 119.910706 42.275403)",1,174.66,secondary,4,,3,,auto,
2834,,1896,280,507,1,"LINESTRING (119.910954 42.276963, 119.907639 42.277256)",1,274.67,residential,6,,,,auto,
2835,,1896,507,280,1,"LINESTRING (119.907639 42.277256, 119.910954 42.276963)",1,274.67,residential,6,,,,auto,
2836,,1897,280,292,1,"LINESTRING (119.910954 42.276963, 119.911046 42.276953)",1,7.65,residential,6,,,,auto,
2837,,1897,292,280,1,"LINESTRING (119.911046 42.276953, 119.910954 42.276963)",1,7.65,residential,6,,,,auto,
2838,,1898,507,506,1,"LINESTRING (119.907639 42.277256, 119.907553 42.276813)",1,49.76,residential,6,,,,auto,
2839,,1898,506,507,1,"LINESTRING (119.907553 42.276813, 119.907639 42.277256)",1,49.76,residential,6,,,,auto,
2840,,1899,507,508,1,"LINESTRING (119.907639 42.277256, 119.907784 42.278007)",1,84.36,residential,6,,,,auto,
2841,,1899,508,507,1,"LINESTRING (119.907784 42.278007, 119.907639 42.277256)",1,84.36,residential,6,,,,auto,
2842,,1900,507,280,1,"LINESTRING (119.907639 42.277256, 119.910954 42.276963)",1,274.67,residential,6,,,,auto,
2843,,1900,280,507,1,"LINESTRING (119.910954 42.276963, 119.907639 42.277256)",1,274.67,residential,6,,,,auto,
2844,,1901,833,293,1,"LINESTRING (119.914868 42.290851, 119.913228 42.291003)",1,135.95,residential,6,,,,auto,
2845,,1901,293,833,1,"LINESTRING (119.913228 42.291003, 119.914868 42.290851)",1,135.95,residential,6,,,,auto,
2846,迎宾大道,1902,293,821,1,"LINESTRING (119.913228 42.291003, 119.913399 42.291998)",1,111.53,secondary,4,,3,,auto,
2847,,1903,293,833,1,"LINESTRING (119.913228 42.291003, 119.914868 42.290851)",1,135.95,residential,6,,,,auto,
2848,,1903,833,293,1,"LINESTRING (119.914868 42.290851, 119.913228 42.291003)",1,135.95,residential,6,,,,auto,
2849,,1904,564,559,1,"LINESTRING (119.919223 42.29714, 119.919586 42.2971)",1,30.19,residential,6,,,,auto,
2850,,1904,559,564,1,"LINESTRING (119.919586 42.2971, 119.919223 42.29714)",1,30.19,residential,6,,,,auto,
2851,,1905,564,565,1,"LINESTRING (119.919223 42.29714, 119.91854 42.297215)",1,56.79,residential,6,,,,auto,
2852,,1905,565,564,1,"LINESTRING (119.91854 42.297215, 119.919223 42.29714)",1,56.79,residential,6,,,,auto,
2853,迎宾大道,1906,834,824,1,"LINESTRING (119.911455 42.302002, 119.914162 42.300544)",1,275.40,secondary,4,,3,,auto,
2854,迎宾大道,1907,409,834,1,"LINESTRING (119.906267 42.304796, 119.911455 42.302002)",1,527.78,secondary,4,,3,,auto,
2855,迎宾大道,1908,835,407,1,"LINESTRING (119.906323 42.304871, 119.904995 42.305586)",1,135.08,secondary,4,,3,,auto,
2856,迎宾大道,1909,829,835,1,"LINESTRING (119.911508 42.302081, 119.906323 42.304871)",1,527.32,secondary,4,,3,,auto,
