<?xml version='1.0' encoding='utf-8'?>
<osm version="0.6" generator="OSMnx 1.8.0"><node id="26535390" timestamp="2026-03-30T16:38:32Z" uid="1" user="OSMnx" version="1" changeset="1" lat="39.906864" lon="116.400416"><tag k="highway" v="traffic_signals" /></node><node id="31194136" timestamp="2026-03-30T16:38:32Z" uid="1" user="OSMnx" version="1" changeset="1" lat="39.911615" lon="116.400542"><tag k="highway" v="traffic_signals" /></node><node id="266111658" timestamp="2026-03-30T16:38:32Z" uid="1" user="OSMnx" version="1" changeset="1" lat="39.910653" lon="116.400572" /><node id="330841132" timestamp="2026-03-30T16:38:32Z" uid="1" user="OSMnx" version="1" changeset="1" lat="39.90653" lon="116.397381"><tag k="highway" v="traffic_signals" /></node><node id="533628250" timestamp="2026-03-30T16:38:32Z" uid="1" user="OSMnx" version="1" changeset="1" lat="39.908314" lon="116.398941" /><node id="533628252" timestamp="2026-03-30T16:38:32Z" uid="1" user="OSMnx" version="1" changeset="1" lat="39.908388" lon="116.400507" /><node id="533628789" timestamp="2026-03-30T16:38:32Z" uid="1" user="OSMnx" version="1" changeset="1" lat="39.908211" lon="116.400504"><tag k="highway" v="traffic_signals" /></node><node id="733788152" timestamp="2026-03-30T16:38:32Z" uid="1" user="OSMnx" version="1" changeset="1" lat="39.910214" lon="116.3954" /><node id="733788184" timestamp="2026-03-30T16:38:32Z" uid="1" user="OSMnx" version="1" changeset="1" lat="39.910767" lon="116.399432" /><node id="733788230" timestamp="2026-03-30T16:38:32Z" uid="1" user="OSMnx" version="1" changeset="1" lat="39.909513" lon="116.397785" /><node id="733788263" timestamp="2026-03-30T16:38:32Z" uid="1" user="OSMnx" version="1" changeset="1" lat="39.910253" lon="116.396907" /><node id="733788292" timestamp="2026-03-30T16:38:32Z" uid="1" user="OSMnx" version="1" changeset="1" lat="39.909212" lon="116.396958" /><node id="733788309" timestamp="2026-03-30T16:38:32Z" uid="1" user="OSMnx" version="1" changeset="1" lat="39.910825" lon="116.398033" /><node id="733788320" timestamp="2026-03-30T16:38:32Z" uid="1" user="OSMnx" version="1" changeset="1" lat="39.911474" lon="116.398989" /><node id="733788431" timestamp="2026-03-30T16:38:32Z" uid="1" user="OSMnx" version="1" changeset="1" lat="39.909196" lon="116.398996" /><node id="733788439" timestamp="2026-03-30T16:38:32Z" uid="1" user="OSMnx" version="1" changeset="1" lat="39.911373" lon="116.396825" /><node id="733788474" timestamp="2026-03-30T16:38:32Z" uid="1" user="OSMnx" version="1" changeset="1" lat="39.910768" lon="116.398998" /><node id="733788530" timestamp="2026-03-30T16:38:32Z" uid="1" user="OSMnx" version="1" changeset="1" lat="39.909202" lon="116.397717" /><node id="733788599" timestamp="2026-03-30T16:38:32Z" uid="1" user="OSMnx" version="1" changeset="1" lat="39.910322" lon="116.397745" /><node id="733788658" timestamp="2026-03-30T16:38:32Z" uid="1" user="OSMnx" version="1" changeset="1" lat="39.907732" lon="116.396112" /><node id="733788681" timestamp="2026-03-30T16:38:32Z" uid="1" user="OSMnx" version="1" changeset="1" lat="39.910347" lon="116.398504" /><node id="733788691" timestamp="2026-03-30T16:38:32Z" uid="1" user="OSMnx" version="1" changeset="1" lat="39.910846" lon="116.398482" /><node id="733788789" timestamp="2026-03-30T16:38:32Z" uid="1" user="OSMnx" version="1" changeset="1" lat="39.909691" lon="116.399392" /><node id="733788794" timestamp="2026-03-30T16:38:32Z" uid="1" user="OSMnx" version="1" changeset="1" lat="39.909492" lon="116.396944" /><node id="733788810" timestamp="2026-03-30T16:38:32Z" uid="1" user="OSMnx" version="1" changeset="1" lat="39.911444" lon="116.398476" /><node id="733788854" timestamp="2026-03-30T16:38:32Z" uid="1" user="OSMnx" version="1" changeset="1" lat="39.908051" lon="116.396297" /><node id="733788858" timestamp="2026-03-30T16:38:32Z" uid="1" user="OSMnx" version="1" changeset="1" lat="39.90757" lon="116.396126" /><node id="733788887" timestamp="2026-03-30T16:38:32Z" uid="1" user="OSMnx" version="1" changeset="1" lat="39.909232" lon="116.397294" /><node id="733788892" timestamp="2026-03-30T16:38:32Z" uid="1" user="OSMnx" version="1" changeset="1" lat="39.910372" lon="116.399373" /><node id="733788941" timestamp="2026-03-30T16:38:32Z" uid="1" user="OSMnx" version="1" changeset="1" lat="39.91142" lon="116.397947" /><node id="733789002" timestamp="2026-03-30T16:38:32Z" uid="1" user="OSMnx" version="1" changeset="1" lat="39.911388" lon="116.397226" /><node id="733789032" timestamp="2026-03-30T16:38:32Z" uid="1" user="OSMnx" version="1" changeset="1" lat="39.90807" lon="116.397014" /><node id="733789090" timestamp="2026-03-30T16:38:32Z" uid="1" user="OSMnx" version="1" changeset="1" lat="39.908318" lon="116.399173" /><node id="733789098" timestamp="2026-03-30T16:38:32Z" uid="1" user="OSMnx" version="1" changeset="1" lat="39.91076" lon="116.398488" /><node id="733789186" timestamp="2026-03-30T16:38:32Z" uid="1" user="OSMnx" version="1" changeset="1" lat="39.91083" lon="116.397271" /><node id="733789247" timestamp="2026-03-30T16:38:32Z" uid="1" user="OSMnx" version="1" changeset="1" lat="39.909682" lon="116.398984" /><node id="733789278" timestamp="2026-03-30T16:38:32Z" uid="1" user="OSMnx" version="1" changeset="1" lat="39.91155" lon="116.39901" /><node id="733789295" timestamp="2026-03-30T16:38:32Z" uid="1" user="OSMnx" version="1" changeset="1" lat="39.907574" lon="116.397039" /><node id="733789334" timestamp="2026-03-30T16:38:32Z" uid="1" user="OSMnx" version="1" changeset="1" lat="39.909665" lon="116.398458" /><node id="733858893" timestamp="2026-03-30T16:38:32Z" uid="1" user="OSMnx" version="1" changeset="1" lat="39.90963" lon="116.400568" /><node id="733858955" timestamp="2026-03-30T16:38:32Z" uid="1" user="OSMnx" version="1" changeset="1" lat="39.910184" lon="116.400567" /><node id="1301959254" timestamp="2026-03-30T16:38:32Z" uid="1" user="OSMnx" version="1" changeset="1" lat="39.906746" lon="116.396123" /><node id="1446052195" timestamp="2026-03-30T16:38:32Z" uid="1" user="OSMnx" version="1" changeset="1" lat="39.907018" lon="116.397066" /><node id="1446052201" timestamp="2026-03-30T16:38:32Z" uid="1" user="OSMnx" version="1" changeset="1" lat="39.907016" lon="116.397192" /><node id="1446052202" timestamp="2026-03-30T16:38:32Z" uid="1" user="OSMnx" version="1" changeset="1" lat="39.907067" lon="116.400003" /><node id="1446052203" timestamp="2026-03-30T16:38:32Z" uid="1" user="OSMnx" version="1" changeset="1" lat="39.907062" lon="116.400189" /><node id="1446052204" timestamp="2026-03-30T16:38:32Z" uid="1" user="OSMnx" version="1" changeset="1" lat="39.907051" lon="116.398492" /><node id="1446052205" timestamp="2026-03-30T16:38:32Z" uid="1" user="OSMnx" version="1" changeset="1" lat="39.907089" lon="116.399412" /><node id="1446052206" timestamp="2026-03-30T16:38:32Z" uid="1" user="OSMnx" version="1" changeset="1" lat="39.907121" lon="116.400297" /><node id="1446052207" timestamp="2026-03-30T16:38:32Z" uid="1" user="OSMnx" version="1" changeset="1" lat="39.907138" lon="116.399405" /><node id="1446052209" timestamp="2026-03-30T16:38:32Z" uid="1" user="OSMnx" version="1" changeset="1" lat="39.907097" lon="116.39991" /><node id="1446052218" timestamp="2026-03-30T16:38:32Z" uid="1" user="OSMnx" version="1" changeset="1" lat="39.907228" lon="116.397056"><tag k="highway" v="crossing" /></node><node id="1446052219" timestamp="2026-03-30T16:38:32Z" uid="1" user="OSMnx" version="1" changeset="1" lat="39.907222" lon="116.397191" /><node id="1446052220" timestamp="2026-03-30T16:38:32Z" uid="1" user="OSMnx" version="1" changeset="1" lat="39.90723" lon="116.398494" /><node id="1446052221" timestamp="2026-03-30T16:38:32Z" uid="1" user="OSMnx" version="1" changeset="1" lat="39.907194" lon="116.399403" /><node id="1446052223" timestamp="2026-03-30T16:38:32Z" uid="1" user="OSMnx" version="1" changeset="1" lat="39.907236" lon="116.399401" /><node id="1446052225" timestamp="2026-03-30T16:38:32Z" uid="1" user="OSMnx" version="1" changeset="1" lat="39.907244" lon="116.400315" /><node id="1446052227" timestamp="2026-03-30T16:38:32Z" uid="1" user="OSMnx" version="1" changeset="1" lat="39.907258" lon="116.40043" /><node id="1480544785" timestamp="2026-03-30T16:38:32Z" uid="1" user="OSMnx" version="1" changeset="1" lat="39.907726" lon="116.396029" /><node id="1480544827" timestamp="2026-03-30T16:38:32Z" uid="1" user="OSMnx" version="1" changeset="1" lat="39.908041" lon="116.396011" /><node id="1858572384" timestamp="2026-03-30T16:38:32Z" uid="1" user="OSMnx" version="1" changeset="1" lat="39.907648" lon="116.398962" /><node id="1858572385" timestamp="2026-03-30T16:38:32Z" uid="1" user="OSMnx" version="1" changeset="1" lat="39.908787" lon="116.399119" /><node id="1980072136" timestamp="2026-03-30T16:38:32Z" uid="1" user="OSMnx" version="1" changeset="1" lat="39.911437" lon="116.398317" /><node id="2359087993" timestamp="2026-03-30T16:38:32Z" uid="1" user="OSMnx" version="1" changeset="1" lat="39.906739" lon="116.395936" /><node id="2516715366" timestamp="2026-03-30T16:38:32Z" uid="1" user="OSMnx" version="1" changeset="1" lat="39.911482" lon="116.397915" /><node id="2516715368" timestamp="2026-03-30T16:38:32Z" uid="1" user="OSMnx" version="1" changeset="1" lat="39.911545" lon="116.397898" /><node id="2634999449" timestamp="2026-03-30T16:38:32Z" uid="1" user="OSMnx" version="1" changeset="1" lat="39.909108" lon="116.399037" /><node id="2634999504" timestamp="2026-03-30T16:38:32Z" uid="1" user="OSMnx" version="1" changeset="1" lat="39.909222" lon="116.397512" /><node id="3388590254" timestamp="2026-03-30T16:38:32Z" uid="1" user="OSMnx" version="1" changeset="1" lat="39.907936" lon="116.396017" /><node id="3388590255" timestamp="2026-03-30T16:38:32Z" uid="1" user="OSMnx" version="1" changeset="1" lat="39.907936" lon="116.396155" /><node id="3388590290" timestamp="2026-03-30T16:38:32Z" uid="1" user="OSMnx" version="1" changeset="1" lat="39.908208" lon="116.396141" /><node id="3388590342" timestamp="2026-03-30T16:38:32Z" uid="1" user="OSMnx" version="1" changeset="1" lat="39.908482" lon="116.396122" /><node id="3388590561" timestamp="2026-03-30T16:38:32Z" uid="1" user="OSMnx" version="1" changeset="1" lat="39.908943" lon="116.396097" /><node id="4710638691" timestamp="2026-03-30T16:38:32Z" uid="1" user="OSMnx" version="1" changeset="1" lat="39.906751" lon="116.398425" /><node id="4710638744" timestamp="2026-03-30T16:38:32Z" uid="1" user="OSMnx" version="1" changeset="1" lat="39.906772" lon="116.397084" /><node id="4710638769" timestamp="2026-03-30T16:38:32Z" uid="1" user="OSMnx" version="1" changeset="1" lat="39.906693" lon="116.395874" /><node id="4710638770" timestamp="2026-03-30T16:38:32Z" uid="1" user="OSMnx" version="1" changeset="1" lat="39.906648" lon="116.394285" /><node id="4710638785" timestamp="2026-03-30T16:38:32Z" uid="1" user="OSMnx" version="1" changeset="1" lat="39.907038" lon="116.397843" /><node id="5449569323" timestamp="2026-03-30T16:38:32Z" uid="1" user="OSMnx" version="1" changeset="1" lat="39.911477" lon="116.397851" /><node id="5588104516" timestamp="2026-03-30T16:38:32Z" uid="1" user="OSMnx" version="1" changeset="1" lat="39.91154" lon="116.397676" /><node id="5588104517" timestamp="2026-03-30T16:38:32Z" uid="1" user="OSMnx" version="1" changeset="1" lat="39.911475" lon="116.397677" /><node id="5588104518" timestamp="2026-03-30T16:38:32Z" uid="1" user="OSMnx" version="1" changeset="1" lat="39.911542" lon="116.39785" /><node id="5810315258" timestamp="2026-03-30T16:38:32Z" uid="1" user="OSMnx" version="1" changeset="1" lat="39.907328" lon="116.395904" /><node id="5810315259" timestamp="2026-03-30T16:38:32Z" uid="1" user="OSMnx" version="1" changeset="1" lat="39.907336" lon="116.397051" /><node id="5824743516" timestamp="2026-03-30T16:38:32Z" uid="1" user="OSMnx" version="1" changeset="1" lat="39.90918" lon="116.400551" /><node id="5824743517" timestamp="2026-03-30T16:38:32Z" uid="1" user="OSMnx" version="1" changeset="1" lat="39.909178" lon="116.399998" /><node id="5824743518" timestamp="2026-03-30T16:38:32Z" uid="1" user="OSMnx" version="1" changeset="1" lat="39.909359" lon="116.399998" /><node id="5824743519" timestamp="2026-03-30T16:38:32Z" uid="1" user="OSMnx" version="1" changeset="1" lat="39.909364" lon="116.399843" /><node id="5908244201" timestamp="2026-03-30T16:38:32Z" uid="1" user="OSMnx" version="1" changeset="1" lat="39.910643" lon="116.396887" /><node id="5908244202" timestamp="2026-03-30T16:38:32Z" uid="1" user="OSMnx" version="1" changeset="1" lat="39.910656" lon="116.397624" /><node id="6094979048" timestamp="2026-03-30T16:38:32Z" uid="1" user="OSMnx" version="1" changeset="1" lat="39.911791" lon="116.397857" /><node id="6094979058" timestamp="2026-03-30T16:38:32Z" uid="1" user="OSMnx" version="1" changeset="1" lat="39.9117" lon="116.398461" /><node id="6094979059" timestamp="2026-03-30T16:38:32Z" uid="1" user="OSMnx" version="1" changeset="1" lat="39.911614" lon="116.398461" /><node id="6094988966" timestamp="2026-03-30T16:38:32Z" uid="1" user="OSMnx" version="1" changeset="1" lat="39.91188" lon="116.399041" /><node id="6094988967" timestamp="2026-03-30T16:38:32Z" uid="1" user="OSMnx" version="1" changeset="1" lat="39.911646" lon="116.399044" /><node id="6094999381" timestamp="2026-03-30T16:38:32Z" uid="1" user="OSMnx" version="1" changeset="1" lat="39.911662" lon="116.397878" /><node id="6094999382" timestamp="2026-03-30T16:38:32Z" uid="1" user="OSMnx" version="1" changeset="1" lat="39.91168" lon="116.398392" /><node id="6094999383" timestamp="2026-03-30T16:38:32Z" uid="1" user="OSMnx" version="1" changeset="1" lat="39.911684" lon="116.398553" /><node id="6094999384" timestamp="2026-03-30T16:38:32Z" uid="1" user="OSMnx" version="1" changeset="1" lat="39.9117" lon="116.39894" /><node id="6095000285" timestamp="2026-03-30T16:38:32Z" uid="1" user="OSMnx" version="1" changeset="1" lat="39.911676" lon="116.398285" /><node id="6095000286" timestamp="2026-03-30T16:38:32Z" uid="1" user="OSMnx" version="1" changeset="1" lat="39.911686" lon="116.398616" /><node id="6095000287" timestamp="2026-03-30T16:38:32Z" uid="1" user="OSMnx" version="1" changeset="1" lat="39.91145" lon="116.398625" /><node id="6095000288" timestamp="2026-03-30T16:38:32Z" uid="1" user="OSMnx" version="1" changeset="1" lat="39.911674" lon="116.39822" /><node id="6095000290" timestamp="2026-03-30T16:38:32Z" uid="1" user="OSMnx" version="1" changeset="1" lat="39.911691" lon="116.398721" /><node id="6095025078" timestamp="2026-03-30T16:38:32Z" uid="1" user="OSMnx" version="1" changeset="1" lat="39.910927" lon="116.397982" /><node id="6095123387" timestamp="2026-03-30T16:38:32Z" uid="1" user="OSMnx" version="1" changeset="1" lat="39.906809" lon="116.400414"><tag k="highway" v="crossing" /></node><node id="6095123391" timestamp="2026-03-30T16:38:32Z" uid="1" user="OSMnx" version="1" changeset="1" lat="39.9066" lon="116.400019"><tag k="highway" v="crossing" /></node><node id="6095524402" timestamp="2026-03-30T16:38:32Z" uid="1" user="OSMnx" version="1" changeset="1" lat="39.90833" lon="116.394049" /><node id="6098824838" timestamp="2026-03-30T16:38:32Z" uid="1" user="OSMnx" version="1" changeset="1" lat="39.910828" lon="116.395998" /><node id="6098824839" timestamp="2026-03-30T16:38:32Z" uid="1" user="OSMnx" version="1" changeset="1" lat="39.910418" lon="116.396027" /><node id="6105484362" timestamp="2026-03-30T16:38:32Z" uid="1" user="OSMnx" version="1" changeset="1" lat="39.911201" lon="116.399425" /><node id="6105484375" timestamp="2026-03-30T16:38:32Z" uid="1" user="OSMnx" version="1" changeset="1" lat="39.911202" lon="116.398994" /><node id="6131080437" timestamp="2026-03-30T16:38:32Z" uid="1" user="OSMnx" version="1" changeset="1" lat="39.910066" lon="116.399934" /><node id="6131080438" timestamp="2026-03-30T16:38:32Z" uid="1" user="OSMnx" version="1" changeset="1" lat="39.910064" lon="116.400079" /><node id="6131080439" timestamp="2026-03-30T16:38:32Z" uid="1" user="OSMnx" version="1" changeset="1" lat="39.910587" lon="116.4001" /><node id="6131080440" timestamp="2026-03-30T16:38:32Z" uid="1" user="OSMnx" version="1" changeset="1" lat="39.910592" lon="116.400572" /><node id="6131080441" timestamp="2026-03-30T16:38:32Z" uid="1" user="OSMnx" version="1" changeset="1" lat="39.909591" lon="116.399929" /><node id="6297246688" timestamp="2026-03-30T16:38:32Z" uid="1" user="OSMnx" version="1" changeset="1" lat="39.906803" lon="116.399885" /><node id="6297246691" timestamp="2026-03-30T16:38:32Z" uid="1" user="OSMnx" version="1" changeset="1" lat="39.906794" lon="116.39955" /><node id="6297246694" timestamp="2026-03-30T16:38:32Z" uid="1" user="OSMnx" version="1" changeset="1" lat="39.90679" lon="116.399471" /><node id="6297246695" timestamp="2026-03-30T16:38:32Z" uid="1" user="OSMnx" version="1" changeset="1" lat="39.9068" lon="116.399737" /><node id="6297246696" timestamp="2026-03-30T16:38:32Z" uid="1" user="OSMnx" version="1" changeset="1" lat="39.906796" lon="116.399646" /><node id="6297258070" timestamp="2026-03-30T16:38:32Z" uid="1" user="OSMnx" version="1" changeset="1" lat="39.906736" lon="116.39793" /><node id="6297258073" timestamp="2026-03-30T16:38:32Z" uid="1" user="OSMnx" version="1" changeset="1" lat="39.906745" lon="116.398252" /><node id="6297258074" timestamp="2026-03-30T16:38:32Z" uid="1" user="OSMnx" version="1" changeset="1" lat="39.906728" lon="116.3977" /><node id="6297258075" timestamp="2026-03-30T16:38:32Z" uid="1" user="OSMnx" version="1" changeset="1" lat="39.90674" lon="116.398102" /><node id="6297552036" timestamp="2026-03-30T16:38:32Z" uid="1" user="OSMnx" version="1" changeset="1" lat="39.906788" lon="116.400927" /><node id="6297552037" timestamp="2026-03-30T16:38:32Z" uid="1" user="OSMnx" version="1" changeset="1" lat="39.906821" lon="116.400925" /><node id="6297552038" timestamp="2026-03-30T16:38:32Z" uid="1" user="OSMnx" version="1" changeset="1" lat="39.906819" lon="116.400859" /><node id="6297552041" timestamp="2026-03-30T16:38:32Z" uid="1" user="OSMnx" version="1" changeset="1" lat="39.906819" lon="116.400758" /><node id="6416115440" timestamp="2026-03-30T16:38:32Z" uid="1" user="OSMnx" version="1" changeset="1" lat="39.909014" lon="116.39437" /><node id="6416115441" timestamp="2026-03-30T16:38:32Z" uid="1" user="OSMnx" version="1" changeset="1" lat="39.909074" lon="116.394368" /><node id="6416115442" timestamp="2026-03-30T16:38:32Z" uid="1" user="OSMnx" version="1" changeset="1" lat="39.909063" lon="116.39403" /><node id="6416115443" timestamp="2026-03-30T16:38:32Z" uid="1" user="OSMnx" version="1" changeset="1" lat="39.909001" lon="116.394032" /><node id="6416115449" timestamp="2026-03-30T16:38:32Z" uid="1" user="OSMnx" version="1" changeset="1" lat="39.90907" lon="116.394028" /><node id="6416115450" timestamp="2026-03-30T16:38:32Z" uid="1" user="OSMnx" version="1" changeset="1" lat="39.908972" lon="116.394033" /><node id="6416115451" timestamp="2026-03-30T16:38:32Z" uid="1" user="OSMnx" version="1" changeset="1" lat="39.908982" lon="116.394371" /><node id="6416115452" timestamp="2026-03-30T16:38:32Z" uid="1" user="OSMnx" version="1" changeset="1" lat="39.909082" lon="116.394366" /><node id="6416115458" timestamp="2026-03-30T16:38:32Z" uid="1" user="OSMnx" version="1" changeset="1" lat="39.908985" lon="116.394604" /><node id="6419498212" timestamp="2026-03-30T16:38:32Z" uid="1" user="OSMnx" version="1" changeset="1" lat="39.911443" lon="116.395408" /><node id="6419498213" timestamp="2026-03-30T16:38:32Z" uid="1" user="OSMnx" version="1" changeset="1" lat="39.91154" lon="116.395404" /><node id="6419511857" timestamp="2026-03-30T16:38:32Z" uid="1" user="OSMnx" version="1" changeset="1" lat="39.909304" lon="116.394017" /><node id="6419511858" timestamp="2026-03-30T16:38:32Z" uid="1" user="OSMnx" version="1" changeset="1" lat="39.909229" lon="116.394019" /><node id="6419511865" timestamp="2026-03-30T16:38:32Z" uid="1" user="OSMnx" version="1" changeset="1" lat="39.909677" lon="116.394004" /><node id="6419521210" timestamp="2026-03-30T16:38:32Z" uid="1" user="OSMnx" version="1" changeset="1" lat="39.908741" lon="116.394037" /><node id="6419551261" timestamp="2026-03-30T16:38:32Z" uid="1" user="OSMnx" version="1" changeset="1" lat="39.911633" lon="116.395402" /><node id="6421400579" timestamp="2026-03-30T16:38:32Z" uid="1" user="OSMnx" version="1" changeset="1" lat="39.911343" lon="116.39518" /><node id="6421400596" timestamp="2026-03-30T16:38:32Z" uid="1" user="OSMnx" version="1" changeset="1" lat="39.910435" lon="116.395219" /><node id="6421400597" timestamp="2026-03-30T16:38:32Z" uid="1" user="OSMnx" version="1" changeset="1" lat="39.911436" lon="116.395176" /><node id="6421400598" timestamp="2026-03-30T16:38:32Z" uid="1" user="OSMnx" version="1" changeset="1" lat="39.911418" lon="116.39453" /><node id="6421400599" timestamp="2026-03-30T16:38:32Z" uid="1" user="OSMnx" version="1" changeset="1" lat="39.911515" lon="116.394524" /><node id="6421400600" timestamp="2026-03-30T16:38:32Z" uid="1" user="OSMnx" version="1" changeset="1" lat="39.911499" lon="116.393996" /><node id="6421400601" timestamp="2026-03-30T16:38:32Z" uid="1" user="OSMnx" version="1" changeset="1" lat="39.911403" lon="116.394002" /><node id="6421400608" timestamp="2026-03-30T16:38:32Z" uid="1" user="OSMnx" version="1" changeset="1" lat="39.911337" lon="116.394914" /><node id="6421400609" timestamp="2026-03-30T16:38:32Z" uid="1" user="OSMnx" version="1" changeset="1" lat="39.910351" lon="116.395353" /><node id="6421400610" timestamp="2026-03-30T16:38:32Z" uid="1" user="OSMnx" version="1" changeset="1" lat="39.910547" lon="116.395028" /><node id="6421400611" timestamp="2026-03-30T16:38:32Z" uid="1" user="OSMnx" version="1" changeset="1" lat="39.910615" lon="116.39494" /><node id="6421400612" timestamp="2026-03-30T16:38:32Z" uid="1" user="OSMnx" version="1" changeset="1" lat="39.910502" lon="116.395112" /><node id="6421400613" timestamp="2026-03-30T16:38:32Z" uid="1" user="OSMnx" version="1" changeset="1" lat="39.911434" lon="116.395079" /><node id="6421400614" timestamp="2026-03-30T16:38:32Z" uid="1" user="OSMnx" version="1" changeset="1" lat="39.909789" lon="116.395059" /><node id="6421400615" timestamp="2026-03-30T16:38:32Z" uid="1" user="OSMnx" version="1" changeset="1" lat="39.909797" lon="116.395259" /><node id="6421400616" timestamp="2026-03-30T16:38:32Z" uid="1" user="OSMnx" version="1" changeset="1" lat="39.909786" lon="116.394968" /><node id="6421400617" timestamp="2026-03-30T16:38:32Z" uid="1" user="OSMnx" version="1" changeset="1" lat="39.909392" lon="116.395072" /><node id="6421400618" timestamp="2026-03-30T16:38:32Z" uid="1" user="OSMnx" version="1" changeset="1" lat="39.910073" lon="116.395387" /><node id="6421400619" timestamp="2026-03-30T16:38:32Z" uid="1" user="OSMnx" version="1" changeset="1" lat="39.910286" lon="116.394952" /><node id="6421400620" timestamp="2026-03-30T16:38:32Z" uid="1" user="OSMnx" version="1" changeset="1" lat="39.910294" lon="116.395396" /><node id="6421400621" timestamp="2026-03-30T16:38:32Z" uid="1" user="OSMnx" version="1" changeset="1" lat="39.910111" lon="116.395404" /><node id="6421400622" timestamp="2026-03-30T16:38:32Z" uid="1" user="OSMnx" version="1" changeset="1" lat="39.909203" lon="116.394984" /><node id="6421400623" timestamp="2026-03-30T16:38:32Z" uid="1" user="OSMnx" version="1" changeset="1" lat="39.910063" lon="116.39505" /><node id="6421400624" timestamp="2026-03-30T16:38:32Z" uid="1" user="OSMnx" version="1" changeset="1" lat="39.911431" lon="116.394988" /><node id="6421400625" timestamp="2026-03-30T16:38:32Z" uid="1" user="OSMnx" version="1" changeset="1" lat="39.910061" lon="116.39496" /><node id="6421400628" timestamp="2026-03-30T16:38:32Z" uid="1" user="OSMnx" version="1" changeset="1" lat="39.911429" lon="116.39491" /><node id="6421400629" timestamp="2026-03-30T16:38:32Z" uid="1" user="OSMnx" version="1" changeset="1" lat="39.908771" lon="116.394997" /><node id="6421407908" timestamp="2026-03-30T16:38:32Z" uid="1" user="OSMnx" version="1" changeset="1" lat="39.911765" lon="116.394508" /><node id="6421407909" timestamp="2026-03-30T16:38:32Z" uid="1" user="OSMnx" version="1" changeset="1" lat="39.91161" lon="116.394519" /><node id="6421437609" timestamp="2026-03-30T16:38:32Z" uid="1" user="OSMnx" version="1" changeset="1" lat="39.90702" lon="116.395038" /><node id="6421437610" timestamp="2026-03-30T16:38:32Z" uid="1" user="OSMnx" version="1" changeset="1" lat="39.907144" lon="116.395028" /><node id="6421450349" timestamp="2026-03-30T16:38:32Z" uid="1" user="OSMnx" version="1" changeset="1" lat="39.906971" lon="116.39505" /><node id="6421450350" timestamp="2026-03-30T16:38:32Z" uid="1" user="OSMnx" version="1" changeset="1" lat="39.906944" lon="116.395104" /><node id="6421450351" timestamp="2026-03-30T16:38:32Z" uid="1" user="OSMnx" version="1" changeset="1" lat="39.906952" lon="116.395257" /><node id="6421450352" timestamp="2026-03-30T16:38:32Z" uid="1" user="OSMnx" version="1" changeset="1" lat="39.906969" lon="116.395445" /><node id="6421450353" timestamp="2026-03-30T16:38:32Z" uid="1" user="OSMnx" version="1" changeset="1" lat="39.906961" lon="116.395646" /><node id="6421450354" timestamp="2026-03-30T16:38:32Z" uid="1" user="OSMnx" version="1" changeset="1" lat="39.907217" lon="116.39532" /><node id="6421450355" timestamp="2026-03-30T16:38:32Z" uid="1" user="OSMnx" version="1" changeset="1" lat="39.907238" lon="116.395107" /><node id="6421450356" timestamp="2026-03-30T16:38:32Z" uid="1" user="OSMnx" version="1" changeset="1" lat="39.907224" lon="116.395013" /><node id="6421450357" timestamp="2026-03-30T16:38:32Z" uid="1" user="OSMnx" version="1" changeset="1" lat="39.907208" lon="116.394951" /><node id="6421450358" timestamp="2026-03-30T16:38:32Z" uid="1" user="OSMnx" version="1" changeset="1" lat="39.907177" lon="116.39482" /><node id="6421450359" timestamp="2026-03-30T16:38:32Z" uid="1" user="OSMnx" version="1" changeset="1" lat="39.907124" lon="116.394353" /><node id="6421450380" timestamp="2026-03-30T16:38:32Z" uid="1" user="OSMnx" version="1" changeset="1" lat="39.906641" lon="116.394093" /><node id="6421450381" timestamp="2026-03-30T16:38:32Z" uid="1" user="OSMnx" version="1" changeset="1" lat="39.906858" lon="116.394085" /><node id="6421450382" timestamp="2026-03-30T16:38:32Z" uid="1" user="OSMnx" version="1" changeset="1" lat="39.906946" lon="116.394133" /><node id="6421450383" timestamp="2026-03-30T16:38:32Z" uid="1" user="OSMnx" version="1" changeset="1" lat="39.907234" lon="116.394117" /><node id="6421496219" timestamp="2026-03-30T16:38:32Z" uid="1" user="OSMnx" version="1" changeset="1" lat="39.908766" lon="116.394823" /><node id="6421531641" timestamp="2026-03-30T16:38:32Z" uid="1" user="OSMnx" version="1" changeset="1" lat="39.906928" lon="116.397071" /><node id="6421531642" timestamp="2026-03-30T16:38:32Z" uid="1" user="OSMnx" version="1" changeset="1" lat="39.906895" lon="116.397074" /><node id="6421531643" timestamp="2026-03-30T16:38:32Z" uid="1" user="OSMnx" version="1" changeset="1" lat="39.906724" lon="116.39688" /><node id="6421531644" timestamp="2026-03-30T16:38:32Z" uid="1" user="OSMnx" version="1" changeset="1" lat="39.906819" lon="116.400695" /><node id="6421531645" timestamp="2026-03-30T16:38:32Z" uid="1" user="OSMnx" version="1" changeset="1" lat="39.906806" lon="116.400227" /><node id="6421531646" timestamp="2026-03-30T16:38:32Z" uid="1" user="OSMnx" version="1" changeset="1" lat="39.906846" lon="116.400184" /><node id="6421531647" timestamp="2026-03-30T16:38:32Z" uid="1" user="OSMnx" version="1" changeset="1" lat="39.906756" lon="116.397425" /><node id="6421531648" timestamp="2026-03-30T16:38:32Z" uid="1" user="OSMnx" version="1" changeset="1" lat="39.906731" lon="116.397282" /><node id="6421531649" timestamp="2026-03-30T16:38:32Z" uid="1" user="OSMnx" version="1" changeset="1" lat="39.906703" lon="116.396205" /><node id="6421531650" timestamp="2026-03-30T16:38:32Z" uid="1" user="OSMnx" version="1" changeset="1" lat="39.906748" lon="116.396205" /><node id="6421531651" timestamp="2026-03-30T16:38:32Z" uid="1" user="OSMnx" version="1" changeset="1" lat="39.906728" lon="116.397086"><tag k="highway" v="crossing" /></node><node id="6421531652" timestamp="2026-03-30T16:38:32Z" uid="1" user="OSMnx" version="1" changeset="1" lat="39.906738" lon="116.395871" /><node id="6421637770" timestamp="2026-03-30T16:38:32Z" uid="1" user="OSMnx" version="1" changeset="1" lat="39.907004" lon="116.396802" /><node id="6421637771" timestamp="2026-03-30T16:38:32Z" uid="1" user="OSMnx" version="1" changeset="1" lat="39.907008" lon="116.396619" /><node id="6421637772" timestamp="2026-03-30T16:38:32Z" uid="1" user="OSMnx" version="1" changeset="1" lat="39.907004" lon="116.396469" /><node id="6421637773" timestamp="2026-03-30T16:38:32Z" uid="1" user="OSMnx" version="1" changeset="1" lat="39.907" lon="116.39633" /><node id="6421637774" timestamp="2026-03-30T16:38:32Z" uid="1" user="OSMnx" version="1" changeset="1" lat="39.906969" lon="116.396112" /><node id="6421637775" timestamp="2026-03-30T16:38:32Z" uid="1" user="OSMnx" version="1" changeset="1" lat="39.906961" lon="116.39593" /><node id="6421637776" timestamp="2026-03-30T16:38:32Z" uid="1" user="OSMnx" version="1" changeset="1" lat="39.907216" lon="116.39685" /><node id="6421637777" timestamp="2026-03-30T16:38:32Z" uid="1" user="OSMnx" version="1" changeset="1" lat="39.907226" lon="116.396617" /><node id="6421637778" timestamp="2026-03-30T16:38:32Z" uid="1" user="OSMnx" version="1" changeset="1" lat="39.907216" lon="116.396171" /><node id="6421637779" timestamp="2026-03-30T16:38:32Z" uid="1" user="OSMnx" version="1" changeset="1" lat="39.907213" lon="116.395866" /><node id="6421637780" timestamp="2026-03-30T16:38:32Z" uid="1" user="OSMnx" version="1" changeset="1" lat="39.907212" lon="116.395671" /><node id="6421637781" timestamp="2026-03-30T16:38:32Z" uid="1" user="OSMnx" version="1" changeset="1" lat="39.907192" lon="116.395363" /><node id="6421637782" timestamp="2026-03-30T16:38:32Z" uid="1" user="OSMnx" version="1" changeset="1" lat="39.90707" lon="116.394199" /><node id="6421637783" timestamp="2026-03-30T16:38:32Z" uid="1" user="OSMnx" version="1" changeset="1" lat="39.907069" lon="116.394173" /><node id="6421637784" timestamp="2026-03-30T16:38:32Z" uid="1" user="OSMnx" version="1" changeset="1" lat="39.907068" lon="116.394124" /><node id="6421637785" timestamp="2026-03-30T16:38:32Z" uid="1" user="OSMnx" version="1" changeset="1" lat="39.907072" lon="116.394287" /><node id="6421720155" timestamp="2026-03-30T16:38:32Z" uid="1" user="OSMnx" version="1" changeset="1" lat="39.908783" lon="116.394036" /><node id="6421720156" timestamp="2026-03-30T16:38:32Z" uid="1" user="OSMnx" version="1" changeset="1" lat="39.90877" lon="116.394036" /><node id="6448654228" timestamp="2026-03-30T16:38:32Z" uid="1" user="OSMnx" version="1" changeset="1" lat="39.908401" lon="116.397462" /><node id="6448654229" timestamp="2026-03-30T16:38:32Z" uid="1" user="OSMnx" version="1" changeset="1" lat="39.908295" lon="116.397465" /><node id="6448654230" timestamp="2026-03-30T16:38:32Z" uid="1" user="OSMnx" version="1" changeset="1" lat="39.908409" lon="116.39788" /><node id="6448654231" timestamp="2026-03-30T16:38:32Z" uid="1" user="OSMnx" version="1" changeset="1" lat="39.908303" lon="116.397884" /><node id="6448654232" timestamp="2026-03-30T16:38:32Z" uid="1" user="OSMnx" version="1" changeset="1" lat="39.908406" lon="116.397728" /><node id="6448654233" timestamp="2026-03-30T16:38:32Z" uid="1" user="OSMnx" version="1" changeset="1" lat="39.908404" lon="116.397608" /><node id="6448654234" timestamp="2026-03-30T16:38:32Z" uid="1" user="OSMnx" version="1" changeset="1" lat="39.908405" lon="116.397673" /><node id="6448654235" timestamp="2026-03-30T16:38:32Z" uid="1" user="OSMnx" version="1" changeset="1" lat="39.908408" lon="116.397828" /><node id="6448654236" timestamp="2026-03-30T16:38:32Z" uid="1" user="OSMnx" version="1" changeset="1" lat="39.908402" lon="116.39752" /><node id="6448654237" timestamp="2026-03-30T16:38:32Z" uid="1" user="OSMnx" version="1" changeset="1" lat="39.908398" lon="116.397341" /><node id="6448654238" timestamp="2026-03-30T16:38:32Z" uid="1" user="OSMnx" version="1" changeset="1" lat="39.908685" lon="116.397332" /><node id="6448654239" timestamp="2026-03-30T16:38:32Z" uid="1" user="OSMnx" version="1" changeset="1" lat="39.908697" lon="116.397983" /><node id="6448654240" timestamp="2026-03-30T16:38:32Z" uid="1" user="OSMnx" version="1" changeset="1" lat="39.908411" lon="116.397993" /><node id="6448654241" timestamp="2026-03-30T16:38:32Z" uid="1" user="OSMnx" version="1" changeset="1" lat="39.908408" lon="116.39786" /><node id="6448654242" timestamp="2026-03-30T16:38:32Z" uid="1" user="OSMnx" version="1" changeset="1" lat="39.908401" lon="116.397482" /><node id="6448654243" timestamp="2026-03-30T16:38:32Z" uid="1" user="OSMnx" version="1" changeset="1" lat="39.908156" lon="116.397867" /><node id="6448654244" timestamp="2026-03-30T16:38:32Z" uid="1" user="OSMnx" version="1" changeset="1" lat="39.908148" lon="116.39749" /><node id="6448654253" timestamp="2026-03-30T16:38:32Z" uid="1" user="OSMnx" version="1" changeset="1" lat="39.90813" lon="116.397491" /><node id="6448654254" timestamp="2026-03-30T16:38:32Z" uid="1" user="OSMnx" version="1" changeset="1" lat="39.908295" lon="116.397487" /><node id="6448654255" timestamp="2026-03-30T16:38:32Z" uid="1" user="OSMnx" version="1" changeset="1" lat="39.908137" lon="116.397868" /><node id="6448654256" timestamp="2026-03-30T16:38:32Z" uid="1" user="OSMnx" version="1" changeset="1" lat="39.908303" lon="116.397862" /><node id="6448654257" timestamp="2026-03-30T16:38:32Z" uid="1" user="OSMnx" version="1" changeset="1" lat="39.908294" lon="116.397411" /><node id="6448654258" timestamp="2026-03-30T16:38:32Z" uid="1" user="OSMnx" version="1" changeset="1" lat="39.908293" lon="116.397382" /><node id="6448654259" timestamp="2026-03-30T16:38:32Z" uid="1" user="OSMnx" version="1" changeset="1" lat="39.908304" lon="116.397939" /><node id="6448654260" timestamp="2026-03-30T16:38:32Z" uid="1" user="OSMnx" version="1" changeset="1" lat="39.908305" lon="116.397966" /><node id="6448654261" timestamp="2026-03-30T16:38:32Z" uid="1" user="OSMnx" version="1" changeset="1" lat="39.908318" lon="116.397676" /><node id="6448654262" timestamp="2026-03-30T16:38:32Z" uid="1" user="OSMnx" version="1" changeset="1" lat="39.90836" lon="116.397674" /><node id="6448654263" timestamp="2026-03-30T16:38:32Z" uid="1" user="OSMnx" version="1" changeset="1" lat="39.908335" lon="116.39773" /><node id="6448654264" timestamp="2026-03-30T16:38:32Z" uid="1" user="OSMnx" version="1" changeset="1" lat="39.908331" lon="116.397611" /><node id="6448654265" timestamp="2026-03-30T16:38:32Z" uid="1" user="OSMnx" version="1" changeset="1" lat="39.908161" lon="116.397736" /><node id="6448654266" timestamp="2026-03-30T16:38:32Z" uid="1" user="OSMnx" version="1" changeset="1" lat="39.90816" lon="116.397681" /><node id="6448654267" timestamp="2026-03-30T16:38:32Z" uid="1" user="OSMnx" version="1" changeset="1" lat="39.908158" lon="116.397616" /><node id="6448654268" timestamp="2026-03-30T16:38:32Z" uid="1" user="OSMnx" version="1" changeset="1" lat="39.908298" lon="116.397612" /><node id="6448654269" timestamp="2026-03-30T16:38:32Z" uid="1" user="OSMnx" version="1" changeset="1" lat="39.9083" lon="116.397732" /><node id="6448654270" timestamp="2026-03-30T16:38:32Z" uid="1" user="OSMnx" version="1" changeset="1" lat="39.908299" lon="116.397676" /><node id="6448654271" timestamp="2026-03-30T16:38:32Z" uid="1" user="OSMnx" version="1" changeset="1" lat="39.908116" lon="116.397738" /><node id="6448654272" timestamp="2026-03-30T16:38:32Z" uid="1" user="OSMnx" version="1" changeset="1" lat="39.908361" lon="116.39773" /><node id="6448654273" timestamp="2026-03-30T16:38:32Z" uid="1" user="OSMnx" version="1" changeset="1" lat="39.908114" lon="116.397618" /><node id="6448654274" timestamp="2026-03-30T16:38:32Z" uid="1" user="OSMnx" version="1" changeset="1" lat="39.908359" lon="116.39761" /><node id="6448654279" timestamp="2026-03-30T16:38:32Z" uid="1" user="OSMnx" version="1" changeset="1" lat="39.908306" lon="116.398028" /><node id="6448654280" timestamp="2026-03-30T16:38:32Z" uid="1" user="OSMnx" version="1" changeset="1" lat="39.908292" lon="116.397337" /><node id="6448654281" timestamp="2026-03-30T16:38:32Z" uid="1" user="OSMnx" version="1" changeset="1" lat="39.908115" lon="116.397682" /><node id="6448654282" timestamp="2026-03-30T16:38:32Z" uid="1" user="OSMnx" version="1" changeset="1" lat="39.908444" lon="116.397671" /><node id="6448666062" timestamp="2026-03-30T16:38:32Z" uid="1" user="OSMnx" version="1" changeset="1" lat="39.907491" lon="116.400449" /><node id="6448666063" timestamp="2026-03-30T16:38:32Z" uid="1" user="OSMnx" version="1" changeset="1" lat="39.907475" lon="116.399471" /><node id="6448666064" timestamp="2026-03-30T16:38:32Z" uid="1" user="OSMnx" version="1" changeset="1" lat="39.907378" lon="116.399245" /><node id="6448666065" timestamp="2026-03-30T16:38:32Z" uid="1" user="OSMnx" version="1" changeset="1" lat="39.907341" lon="116.39795" /><node id="6448666066" timestamp="2026-03-30T16:38:32Z" uid="1" user="OSMnx" version="1" changeset="1" lat="39.907382" lon="116.397829" /><node id="6448666067" timestamp="2026-03-30T16:38:32Z" uid="1" user="OSMnx" version="1" changeset="1" lat="39.907395" lon="116.397048" /><node id="6448666068" timestamp="2026-03-30T16:38:32Z" uid="1" user="OSMnx" version="1" changeset="1" lat="39.907368" lon="116.399006" /><node id="6448666069" timestamp="2026-03-30T16:38:32Z" uid="1" user="OSMnx" version="1" changeset="1" lat="39.907926" lon="116.398223" /><node id="6448666070" timestamp="2026-03-30T16:38:32Z" uid="1" user="OSMnx" version="1" changeset="1" lat="39.907619" lon="116.398998" /><node id="6448666071" timestamp="2026-03-30T16:38:32Z" uid="1" user="OSMnx" version="1" changeset="1" lat="39.907637" lon="116.398982" /><node id="6448666072" timestamp="2026-03-30T16:38:32Z" uid="1" user="OSMnx" version="1" changeset="1" lat="39.907641" lon="116.398309" /><node id="6448666073" timestamp="2026-03-30T16:38:32Z" uid="1" user="OSMnx" version="1" changeset="1" lat="39.907644" lon="116.398292" /><node id="6448666074" timestamp="2026-03-30T16:38:32Z" uid="1" user="OSMnx" version="1" changeset="1" lat="39.907661" lon="116.398277" /><node id="6448666075" timestamp="2026-03-30T16:38:32Z" uid="1" user="OSMnx" version="1" changeset="1" lat="39.907908" lon="116.398273" /><node id="6448666076" timestamp="2026-03-30T16:38:32Z" uid="1" user="OSMnx" version="1" changeset="1" lat="39.907899" lon="116.397023" /><node id="6448670153" timestamp="2026-03-30T16:38:32Z" uid="1" user="OSMnx" version="1" changeset="1" lat="39.90723" lon="116.3952" /><node id="6448670154" timestamp="2026-03-30T16:38:32Z" uid="1" user="OSMnx" version="1" changeset="1" lat="39.907113" lon="116.395336" /><node id="6448670155" timestamp="2026-03-30T16:38:32Z" uid="1" user="OSMnx" version="1" changeset="1" lat="39.90713" lon="116.394406" /><node id="6448670156" timestamp="2026-03-30T16:38:32Z" uid="1" user="OSMnx" version="1" changeset="1" lat="39.907054" lon="116.394406" /><node id="6448670157" timestamp="2026-03-30T16:38:32Z" uid="1" user="OSMnx" version="1" changeset="1" lat="39.907119" lon="116.394327" /><node id="6448670158" timestamp="2026-03-30T16:38:32Z" uid="1" user="OSMnx" version="1" changeset="1" lat="39.907092" lon="116.394293" /><node id="6448670159" timestamp="2026-03-30T16:38:32Z" uid="1" user="OSMnx" version="1" changeset="1" lat="39.907056" lon="116.394298" /><node id="6448670160" timestamp="2026-03-30T16:38:32Z" uid="1" user="OSMnx" version="1" changeset="1" lat="39.907049" lon="116.394336" /><node id="6448670161" timestamp="2026-03-30T16:38:32Z" uid="1" user="OSMnx" version="1" changeset="1" lat="39.907049" lon="116.394381" /><node id="6448670162" timestamp="2026-03-30T16:38:32Z" uid="1" user="OSMnx" version="1" changeset="1" lat="39.907117" lon="116.396841" /><node id="6448670163" timestamp="2026-03-30T16:38:32Z" uid="1" user="OSMnx" version="1" changeset="1" lat="39.907149" lon="116.396644" /><node id="6448670164" timestamp="2026-03-30T16:38:32Z" uid="1" user="OSMnx" version="1" changeset="1" lat="39.907155" lon="116.396523" /><node id="6448670165" timestamp="2026-03-30T16:38:32Z" uid="1" user="OSMnx" version="1" changeset="1" lat="39.907149" lon="116.396457" /><node id="6448670166" timestamp="2026-03-30T16:38:32Z" uid="1" user="OSMnx" version="1" changeset="1" lat="39.907119" lon="116.396149" /><node id="6448670167" timestamp="2026-03-30T16:38:32Z" uid="1" user="OSMnx" version="1" changeset="1" lat="39.907112" lon="116.395992" /><node id="6448670168" timestamp="2026-03-30T16:38:32Z" uid="1" user="OSMnx" version="1" changeset="1" lat="39.907113" lon="116.395792" /><node id="6448670169" timestamp="2026-03-30T16:38:32Z" uid="1" user="OSMnx" version="1" changeset="1" lat="39.907114" lon="116.395706" /><node id="6448670170" timestamp="2026-03-30T16:38:32Z" uid="1" user="OSMnx" version="1" changeset="1" lat="39.907113" lon="116.395202" /><node id="6448670171" timestamp="2026-03-30T16:38:32Z" uid="1" user="OSMnx" version="1" changeset="1" lat="39.907101" lon="116.395003" /><node id="6448670172" timestamp="2026-03-30T16:38:32Z" uid="1" user="OSMnx" version="1" changeset="1" lat="39.907064" lon="116.39445" /><node id="6650368133" timestamp="2026-03-30T16:38:32Z" uid="1" user="OSMnx" version="1" changeset="1" lat="39.906541" lon="116.394342" /><node id="6650368134" timestamp="2026-03-30T16:38:32Z" uid="1" user="OSMnx" version="1" changeset="1" lat="39.906522" lon="116.397096" /><node id="7825536647" timestamp="2026-03-30T16:38:32Z" uid="1" user="OSMnx" version="1" changeset="1" lat="39.90982" lon="116.400558" /><node id="8742615449" timestamp="2026-03-30T16:38:32Z" uid="1" user="OSMnx" version="1" changeset="1" lat="39.911339" lon="116.394993" /><node id="8742615450" timestamp="2026-03-30T16:38:32Z" uid="1" user="OSMnx" version="1" changeset="1" lat="39.911341" lon="116.395083" /><node id="8742615451" timestamp="2026-03-30T16:38:32Z" uid="1" user="OSMnx" version="1" changeset="1" lat="39.910287" lon="116.39504" /><node id="8742615452" timestamp="2026-03-30T16:38:32Z" uid="1" user="OSMnx" version="1" changeset="1" lat="39.910343" lon="116.396034" /><node id="8742615453" timestamp="2026-03-30T16:38:32Z" uid="1" user="OSMnx" version="1" changeset="1" lat="39.91023" lon="116.396033" /><node id="8742615454" timestamp="2026-03-30T16:38:32Z" uid="1" user="OSMnx" version="1" changeset="1" lat="39.911682" lon="116.398461" /><node id="8809675542" timestamp="2026-03-30T16:38:32Z" uid="1" user="OSMnx" version="1" changeset="1" lat="39.906764" lon="116.397685" /><node id="8809675543" timestamp="2026-03-30T16:38:32Z" uid="1" user="OSMnx" version="1" changeset="1" lat="39.906837" lon="116.399886" /><node id="8809675588" timestamp="2026-03-30T16:38:32Z" uid="1" user="OSMnx" version="1" changeset="1" lat="39.910729" lon="116.400577"><tag k="highway" v="crossing" /></node><node id="8809675589" timestamp="2026-03-30T16:38:32Z" uid="1" user="OSMnx" version="1" changeset="1" lat="39.910656" lon="116.400708"><tag k="highway" v="crossing" /></node><node id="8809675590" timestamp="2026-03-30T16:38:32Z" uid="1" user="OSMnx" version="1" changeset="1" lat="39.910666" lon="116.400956"><tag k="highway" v="crossing" /></node><node id="8809675594" timestamp="2026-03-30T16:38:32Z" uid="1" user="OSMnx" version="1" changeset="1" lat="39.909171" lon="116.40033" /><node id="8809675595" timestamp="2026-03-30T16:38:32Z" uid="1" user="OSMnx" version="1" changeset="1" lat="39.909172" lon="116.400091" /><node id="8809675597" timestamp="2026-03-30T16:38:32Z" uid="1" user="OSMnx" version="1" changeset="1" lat="39.907839" lon="116.397087" /><node id="8809675598" timestamp="2026-03-30T16:38:32Z" uid="1" user="OSMnx" version="1" changeset="1" lat="39.907938" lon="116.397078" /><node id="8809675599" timestamp="2026-03-30T16:38:32Z" uid="1" user="OSMnx" version="1" changeset="1" lat="39.9079" lon="116.397081"><tag k="highway" v="crossing" /></node><node id="8809675600" timestamp="2026-03-30T16:38:32Z" uid="1" user="OSMnx" version="1" changeset="1" lat="39.907939" lon="116.397151" /><node id="8809675601" timestamp="2026-03-30T16:38:32Z" uid="1" user="OSMnx" version="1" changeset="1" lat="39.90794" lon="116.397168" /><node id="8809675602" timestamp="2026-03-30T16:38:32Z" uid="1" user="OSMnx" version="1" changeset="1" lat="39.90795" lon="116.397693" /><node id="8809675603" timestamp="2026-03-30T16:38:32Z" uid="1" user="OSMnx" version="1" changeset="1" lat="39.908013" lon="116.397688" /><node id="8809675604" timestamp="2026-03-30T16:38:32Z" uid="1" user="OSMnx" version="1" changeset="1" lat="39.907959" lon="116.397694" /><node id="9034942204" timestamp="2026-03-30T16:38:32Z" uid="1" user="OSMnx" version="1" changeset="1" lat="39.906791" lon="116.400011" /><node id="9296257991" timestamp="2026-03-30T16:38:32Z" uid="1" user="OSMnx" version="1" changeset="1" lat="39.906504" lon="116.396605" /><node id="9296257996" timestamp="2026-03-30T16:38:32Z" uid="1" user="OSMnx" version="1" changeset="1" lat="39.90662" lon="116.400714"><tag k="highway" v="traffic_signals" /></node><node id="9296257997" timestamp="2026-03-30T16:38:32Z" uid="1" user="OSMnx" version="1" changeset="1" lat="39.906607" lon="116.400407" /><node id="9317006999" timestamp="2026-03-30T16:38:32Z" uid="1" user="OSMnx" version="1" changeset="1" lat="39.906492" lon="116.396126" /><node id="9327598731" timestamp="2026-03-30T16:38:32Z" uid="1" user="OSMnx" version="1" changeset="1" lat="39.909417" lon="116.40056" /><node id="9327598732" timestamp="2026-03-30T16:38:32Z" uid="1" user="OSMnx" version="1" changeset="1" lat="39.908523" lon="116.400515" /><node id="9494745977" timestamp="2026-03-30T16:38:32Z" uid="1" user="OSMnx" version="1" changeset="1" lat="39.906965" lon="116.400664" /><node id="9494745978" timestamp="2026-03-30T16:38:32Z" uid="1" user="OSMnx" version="1" changeset="1" lat="39.906865" lon="116.400668" /><node id="9494745979" timestamp="2026-03-30T16:38:32Z" uid="1" user="OSMnx" version="1" changeset="1" lat="39.906776" lon="116.40076" /><node id="9494745986" timestamp="2026-03-30T16:38:32Z" uid="1" user="OSMnx" version="1" changeset="1" lat="39.906765" lon="116.400805" /><node id="9494745987" timestamp="2026-03-30T16:38:32Z" uid="1" user="OSMnx" version="1" changeset="1" lat="39.906797" lon="116.400725" /><node id="9494745988" timestamp="2026-03-30T16:38:32Z" uid="1" user="OSMnx" version="1" changeset="1" lat="39.906835" lon="116.400681" /><node id="9782405935" timestamp="2026-03-30T16:38:32Z" uid="1" user="OSMnx" version="1" changeset="1" lat="39.906613" lon="116.396742" /><node id="9782405938" timestamp="2026-03-30T16:38:32Z" uid="1" user="OSMnx" version="1" changeset="1" lat="39.906803" lon="116.397081"><tag k="highway" v="traffic_signals" /></node><node id="10204347118" timestamp="2026-03-30T16:38:32Z" uid="1" user="OSMnx" version="1" changeset="1" lat="39.906753" lon="116.400012" /><node id="10204347129" timestamp="2026-03-30T16:38:32Z" uid="1" user="OSMnx" version="1" changeset="1" lat="39.906807" lon="116.400256" /><node id="10204347130" timestamp="2026-03-30T16:38:32Z" uid="1" user="OSMnx" version="1" changeset="1" lat="39.906817" lon="116.40066" /><node id="12387991233" timestamp="2026-03-30T16:38:32Z" uid="1" user="OSMnx" version="1" changeset="1" lat="39.910221" lon="116.395677" /><node id="12507005392" timestamp="2026-03-30T16:38:32Z" uid="1" user="OSMnx" version="1" changeset="1" lat="39.911653" lon="116.39586" /><node id="12507005393" timestamp="2026-03-30T16:38:32Z" uid="1" user="OSMnx" version="1" changeset="1" lat="39.91171" lon="116.395807" /><node id="12507005394" timestamp="2026-03-30T16:38:32Z" uid="1" user="OSMnx" version="1" changeset="1" lat="39.911529" lon="116.39595" /><node id="12507005395" timestamp="2026-03-30T16:38:32Z" uid="1" user="OSMnx" version="1" changeset="1" lat="39.91157" lon="116.396" /><node id="12507005396" timestamp="2026-03-30T16:38:32Z" uid="1" user="OSMnx" version="1" changeset="1" lat="39.911592" lon="116.396083" /><node id="12507005397" timestamp="2026-03-30T16:38:32Z" uid="1" user="OSMnx" version="1" changeset="1" lat="39.911574" lon="116.396154" /><node id="12507005398" timestamp="2026-03-30T16:38:32Z" uid="1" user="OSMnx" version="1" changeset="1" lat="39.911527" lon="116.396189" /><node id="12507005399" timestamp="2026-03-30T16:38:32Z" uid="1" user="OSMnx" version="1" changeset="1" lat="39.91148" lon="116.396165" /><node id="12507005400" timestamp="2026-03-30T16:38:32Z" uid="1" user="OSMnx" version="1" changeset="1" lat="39.911408" lon="116.396153" /><node id="12507007501" timestamp="2026-03-30T16:38:32Z" uid="1" user="OSMnx" version="1" changeset="1" lat="39.911396" lon="116.39555" /><node id="12507007502" timestamp="2026-03-30T16:38:32Z" uid="1" user="OSMnx" version="1" changeset="1" lat="39.911508" lon="116.395542" /><node id="12507007503" timestamp="2026-03-30T16:38:32Z" uid="1" user="OSMnx" version="1" changeset="1" lat="39.911699" lon="116.396062" /><node id="12507007504" timestamp="2026-03-30T16:38:32Z" uid="1" user="OSMnx" version="1" changeset="1" lat="39.911495" lon="116.395807" /><node id="12507007505" timestamp="2026-03-30T16:38:32Z" uid="1" user="OSMnx" version="1" changeset="1" lat="39.911474" lon="116.395678" /><node id="12507007506" timestamp="2026-03-30T16:38:32Z" uid="1" user="OSMnx" version="1" changeset="1" lat="39.911824" lon="116.395479" /><node id="12507007507" timestamp="2026-03-30T16:38:32Z" uid="1" user="OSMnx" version="1" changeset="1" lat="39.911847" lon="116.395989" /><node id="12507007508" timestamp="2026-03-30T16:38:32Z" uid="1" user="OSMnx" version="1" changeset="1" lat="39.911853" lon="116.395756" /><node id="12507007509" timestamp="2026-03-30T16:38:32Z" uid="1" user="OSMnx" version="1" changeset="1" lat="39.911775" lon="116.395262" /><node id="12507007510" timestamp="2026-03-30T16:38:32Z" uid="1" user="OSMnx" version="1" changeset="1" lat="39.911704" lon="116.396194" /><node id="12507007511" timestamp="2026-03-30T16:38:32Z" uid="1" user="OSMnx" version="1" changeset="1" lat="39.911686" lon="116.395948" /><node id="12507007512" timestamp="2026-03-30T16:38:32Z" uid="1" user="OSMnx" version="1" changeset="1" lat="39.911558" lon="116.395859" /><node id="12507007513" timestamp="2026-03-30T16:38:32Z" uid="1" user="OSMnx" version="1" changeset="1" lat="39.911622" lon="116.395875" /><node id="12507007514" timestamp="2026-03-30T16:38:32Z" uid="1" user="OSMnx" version="1" changeset="1" lat="39.911524" lon="116.395846" /><node id="12507007515" timestamp="2026-03-30T16:38:32Z" uid="1" user="OSMnx" version="1" changeset="1" lat="39.911698" lon="116.39615" /><node id="12507007516" timestamp="2026-03-30T16:38:32Z" uid="1" user="OSMnx" version="1" changeset="1" lat="39.911824" lon="116.396201" /><way id="0" timestamp="2026-03-30T16:38:32Z" uid="1" user="OSMnx" version="1" changeset="1"><nd ref="26535390" /><nd ref="1446052227" /><tag k="highway" v="secondary" /><tag k="name" v="南河沿大街" /><tag k="oneway" v="no" /></way><way id="1" timestamp="2026-03-30T16:38:32Z" uid="1" user="OSMnx" version="1" changeset="1"><nd ref="26535390" /><nd ref="6095123387" /><tag k="highway" v="secondary" /><tag k="name" v="南河沿大街" /><tag k="oneway" v="no" /></way><way id="2" timestamp="2026-03-30T16:38:32Z" uid="1" user="OSMnx" version="1" changeset="1"><nd ref="31194136" /><nd ref="8809675588" /><tag k="highway" v="secondary" /><tag k="name" v="南河沿大街" /><tag k="oneway" v="no" /></way><way id="3" timestamp="2026-03-30T16:38:32Z" uid="1" user="OSMnx" version="1" changeset="1"><nd ref="266111658" /><nd ref="8809675589" /><tag k="highway" v="unclassified" /><tag k="name" v="东皇城门南街" /><tag k="oneway" v="yes" /></way><way id="4" timestamp="2026-03-30T16:38:32Z" uid="1" user="OSMnx" version="1" changeset="1"><nd ref="266111658" /><nd ref="8809675588" /><tag k="highway" v="secondary" /><tag k="name" v="南河沿大街" /><tag k="oneway" v="no" /></way><way id="5" timestamp="2026-03-30T16:38:32Z" uid="1" user="OSMnx" version="1" changeset="1"><nd ref="266111658" /><nd ref="6131080440" /><tag k="highway" v="secondary" /><tag k="name" v="南河沿大街" /><tag k="oneway" v="no" /></way><way id="6" timestamp="2026-03-30T16:38:32Z" uid="1" user="OSMnx" version="1" changeset="1"><nd ref="330841132" /><nd ref="6650368134" /><tag k="highway" v="trunk" /><tag k="lanes" v="5" /><tag k="name" v="东长安街" /><tag k="oneway" v="yes" /></way><way id="7" timestamp="2026-03-30T16:38:32Z" uid="1" user="OSMnx" version="1" changeset="1"><nd ref="533628250" /><nd ref="733789090" /><tag k="highway" v="service" /><tag k="name" v="南湾子胡同" /><tag k="oneway" v="no" /></way><way id="8" timestamp="2026-03-30T16:38:32Z" uid="1" user="OSMnx" version="1" changeset="1"><nd ref="533628250" /><nd ref="1858572384" /><tag k="highway" v="service" /><tag k="name" v="南湾子胡同" /><tag k="oneway" v="no" /></way><way id="9" timestamp="2026-03-30T16:38:32Z" uid="1" user="OSMnx" version="1" changeset="1"><nd ref="533628252" /><nd ref="733789090" /><tag k="highway" v="service" /><tag k="name" v="南湾子胡同" /><tag k="oneway" v="no" /></way><way id="10" timestamp="2026-03-30T16:38:32Z" uid="1" user="OSMnx" version="1" changeset="1"><nd ref="533628252" /><nd ref="9327598732" /><tag k="highway" v="secondary" /><tag k="name" v="南河沿大街" /><tag k="oneway" v="no" /></way><way id="11" timestamp="2026-03-30T16:38:32Z" uid="1" user="OSMnx" version="1" changeset="1"><nd ref="533628252" /><nd ref="533628789" /><tag k="highway" v="secondary" /><tag k="name" v="南河沿大街" /><tag k="oneway" v="no" /></way><way id="12" timestamp="2026-03-30T16:38:32Z" uid="1" user="OSMnx" version="1" changeset="1"><nd ref="533628789" /><nd ref="533628252" /><tag k="highway" v="secondary" /><tag k="name" v="南河沿大街" /><tag k="oneway" v="no" /></way><way id="13" timestamp="2026-03-30T16:38:32Z" uid="1" user="OSMnx" version="1" changeset="1"><nd ref="533628789" /><nd ref="6448666062" /><tag k="highway" v="secondary" /><tag k="name" v="南河沿大街" /><tag k="oneway" v="no" /></way><way id="14" timestamp="2026-03-30T16:38:32Z" uid="1" user="OSMnx" version="1" changeset="1"><nd ref="733788152" /><nd ref="12387991233" /><tag k="highway" v="service" /><tag k="oneway" v="no" /></way><way id="15" timestamp="2026-03-30T16:38:32Z" uid="1" user="OSMnx" version="1" changeset="1"><nd ref="733788152" /><nd ref="6421400620" /><tag k="highway" v="footway" /><tag k="oneway" v="no" /></way><way id="16" timestamp="2026-03-30T16:38:32Z" uid="1" user="OSMnx" version="1" changeset="1"><nd ref="733788152" /><nd ref="6421400621" /><tag k="highway" v="footway" /><tag k="oneway" v="no" /></way><way id="17" timestamp="2026-03-30T16:38:32Z" uid="1" user="OSMnx" version="1" changeset="1"><nd ref="733788184" /><nd ref="6105484362" /><tag k="highway" v="residential" /><tag k="oneway" v="no" /></way><way id="18" timestamp="2026-03-30T16:38:32Z" uid="1" user="OSMnx" version="1" changeset="1"><nd ref="733788184" /><nd ref="733788474" /><tag k="highway" v="residential" /><tag k="oneway" v="no" /></way><way id="19" timestamp="2026-03-30T16:38:32Z" uid="1" user="OSMnx" version="1" changeset="1"><nd ref="733788230" /><nd ref="733788599" /><tag k="highway" v="service" /><tag k="oneway" v="no" /></way><way id="20" timestamp="2026-03-30T16:38:32Z" uid="1" user="OSMnx" version="1" changeset="1"><nd ref="733788230" /><nd ref="733788794" /><tag k="highway" v="service" /><tag k="oneway" v="no" /></way><way id="21" timestamp="2026-03-30T16:38:32Z" uid="1" user="OSMnx" version="1" changeset="1"><nd ref="733788263" /><nd ref="8742615453" /><tag k="highway" v="service" /><tag k="oneway" v="no" /></way><way id="22" timestamp="2026-03-30T16:38:32Z" uid="1" user="OSMnx" version="1" changeset="1"><nd ref="733788263" /><nd ref="5908244201" /><tag k="highway" v="tertiary" /><tag k="lanes" v="2" /><tag k="name" v="南池子大街" /><tag k="oneway" v="no" /></way><way id="23" timestamp="2026-03-30T16:38:32Z" uid="1" user="OSMnx" version="1" changeset="1"><nd ref="733788263" /><nd ref="733788794" /><tag k="highway" v="tertiary" /><tag k="lanes" v="2" /><tag k="name" v="南池子大街" /><tag k="oneway" v="no" /></way><way id="24" timestamp="2026-03-30T16:38:32Z" uid="1" user="OSMnx" version="1" changeset="1"><nd ref="733788292" /><nd ref="733788887" /><tag k="highway" v="service" /><tag k="oneway" v="no" /></way><way id="25" timestamp="2026-03-30T16:38:32Z" uid="1" user="OSMnx" version="1" changeset="1"><nd ref="733788292" /><nd ref="733788794" /><tag k="highway" v="tertiary" /><tag k="lanes" v="2" /><tag k="name" v="南池子大街" /><tag k="oneway" v="no" /></way><way id="26" timestamp="2026-03-30T16:38:32Z" uid="1" user="OSMnx" version="1" changeset="1"><nd ref="733788292" /><nd ref="733789032" /><tag k="highway" v="tertiary" /><tag k="lanes" v="2" /><tag k="name" v="南池子大街" /><tag k="oneway" v="no" /></way><way id="27" timestamp="2026-03-30T16:38:32Z" uid="1" user="OSMnx" version="1" changeset="1"><nd ref="733788309" /><nd ref="733788691" /><tag k="highway" v="service" /><tag k="oneway" v="no" /></way><way id="28" timestamp="2026-03-30T16:38:32Z" uid="1" user="OSMnx" version="1" changeset="1"><nd ref="733788309" /><nd ref="6095025078" /><tag k="highway" v="service" /><tag k="oneway" v="no" /></way><way id="29" timestamp="2026-03-30T16:38:32Z" uid="1" user="OSMnx" version="1" changeset="1"><nd ref="733788320" /><nd ref="6095000287" /><tag k="highway" v="residential" /><tag k="name" v="普渡寺前巷" /><tag k="oneway" v="no" /></way><way id="30" timestamp="2026-03-30T16:38:32Z" uid="1" user="OSMnx" version="1" changeset="1"><nd ref="733788320" /><nd ref="6105484375" /><tag k="highway" v="residential" /><tag k="oneway" v="no" /></way><way id="31" timestamp="2026-03-30T16:38:32Z" uid="1" user="OSMnx" version="1" changeset="1"><nd ref="733788320" /><nd ref="733789278" /><tag k="highway" v="residential" /><tag k="oneway" v="no" /></way><way id="32" timestamp="2026-03-30T16:38:32Z" uid="1" user="OSMnx" version="1" changeset="1"><nd ref="733788431" /><nd ref="733788530" /><tag k="highway" v="service" /><tag k="oneway" v="no" /></way><way id="33" timestamp="2026-03-30T16:38:32Z" uid="1" user="OSMnx" version="1" changeset="1"><nd ref="733788431" /><nd ref="2634999449" /><tag k="highway" v="service" /><tag k="oneway" v="no" /></way><way id="34" timestamp="2026-03-30T16:38:32Z" uid="1" user="OSMnx" version="1" changeset="1"><nd ref="733788431" /><nd ref="733789247" /><tag k="highway" v="service" /><tag k="oneway" v="no" /></way><way id="35" timestamp="2026-03-30T16:38:32Z" uid="1" user="OSMnx" version="1" changeset="1"><nd ref="733788439" /><nd ref="733789002" /><tag k="highway" v="residential" /><tag k="name" v="普渡寺前巷" /><tag k="oneway" v="no" /></way><way id="36" timestamp="2026-03-30T16:38:32Z" uid="1" user="OSMnx" version="1" changeset="1"><nd ref="733788439" /><nd ref="5908244201" /><tag k="highway" v="tertiary" /><tag k="lanes" v="2" /><tag k="name" v="南池子大街" /><tag k="oneway" v="no" /></way><way id="37" timestamp="2026-03-30T16:38:32Z" uid="1" user="OSMnx" version="1" changeset="1"><nd ref="733788474" /><nd ref="733789098" /><tag k="highway" v="residential" /><tag k="oneway" v="no" /></way><way id="38" timestamp="2026-03-30T16:38:32Z" uid="1" user="OSMnx" version="1" changeset="1"><nd ref="733788474" /><nd ref="6105484375" /><tag k="highway" v="residential" /><tag k="oneway" v="no" /></way><way id="39" timestamp="2026-03-30T16:38:32Z" uid="1" user="OSMnx" version="1" changeset="1"><nd ref="733788474" /><nd ref="733788184" /><tag k="highway" v="residential" /><tag k="oneway" v="no" /></way><way id="40" timestamp="2026-03-30T16:38:32Z" uid="1" user="OSMnx" version="1" changeset="1"><nd ref="733788530" /><nd ref="2634999504" /><tag k="highway" v="service" /><tag k="oneway" v="no" /></way><way id="41" timestamp="2026-03-30T16:38:32Z" uid="1" user="OSMnx" version="1" changeset="1"><nd ref="733788530" /><nd ref="733788431" /><tag k="highway" v="service" /><tag k="oneway" v="no" /></way><way id="42" timestamp="2026-03-30T16:38:32Z" uid="1" user="OSMnx" version="1" changeset="1"><nd ref="733788599" /><nd ref="733788681" /><tag k="highway" v="service" /><tag k="oneway" v="no" /></way><way id="43" timestamp="2026-03-30T16:38:32Z" uid="1" user="OSMnx" version="1" changeset="1"><nd ref="733788599" /><nd ref="733788230" /><tag k="highway" v="service" /><tag k="oneway" v="no" /></way><way id="44" timestamp="2026-03-30T16:38:32Z" uid="1" user="OSMnx" version="1" changeset="1"><nd ref="733788658" /><nd ref="733788858" /><tag k="highway" v="service" /><tag k="oneway" v="no" /></way><way id="45" timestamp="2026-03-30T16:38:32Z" uid="1" user="OSMnx" version="1" changeset="1"><nd ref="733788658" /><nd ref="1480544785" /><tag k="highway" v="service" /><tag k="oneway" v="no" /></way><way id="46" timestamp="2026-03-30T16:38:32Z" uid="1" user="OSMnx" version="1" changeset="1"><nd ref="733788681" /><nd ref="733789098" /><tag k="highway" v="residential" /><tag k="oneway" v="no" /></way><way id="47" timestamp="2026-03-30T16:38:32Z" uid="1" user="OSMnx" version="1" changeset="1"><nd ref="733788681" /><nd ref="733788892" /><tag k="highway" v="service" /><tag k="oneway" v="no" /></way><way id="48" timestamp="2026-03-30T16:38:32Z" uid="1" user="OSMnx" version="1" changeset="1"><nd ref="733788681" /><nd ref="733788599" /><tag k="highway" v="service" /><tag k="oneway" v="no" /></way><way id="49" timestamp="2026-03-30T16:38:32Z" uid="1" user="OSMnx" version="1" changeset="1"><nd ref="733788691" /><nd ref="733789098" /><tag k="highway" v="residential" /><tag k="oneway" v="no" /></way><way id="50" timestamp="2026-03-30T16:38:32Z" uid="1" user="OSMnx" version="1" changeset="1"><nd ref="733788691" /><nd ref="733788810" /><tag k="highway" v="residential" /><tag k="oneway" v="no" /></way><way id="51" timestamp="2026-03-30T16:38:32Z" uid="1" user="OSMnx" version="1" changeset="1"><nd ref="733788691" /><nd ref="733788309" /><tag k="highway" v="service" /><tag k="oneway" v="no" /></way><way id="52" timestamp="2026-03-30T16:38:32Z" uid="1" user="OSMnx" version="1" changeset="1"><nd ref="733788789" /><nd ref="733789247" /><tag k="highway" v="service" /><tag k="oneway" v="no" /></way><way id="53" timestamp="2026-03-30T16:38:32Z" uid="1" user="OSMnx" version="1" changeset="1"><nd ref="733788789" /><nd ref="733788892" /><tag k="highway" v="service" /><tag k="oneway" v="no" /></way><way id="54" timestamp="2026-03-30T16:38:32Z" uid="1" user="OSMnx" version="1" changeset="1"><nd ref="733788794" /><nd ref="733788230" /><tag k="highway" v="service" /><tag k="oneway" v="no" /></way><way id="55" timestamp="2026-03-30T16:38:32Z" uid="1" user="OSMnx" version="1" changeset="1"><nd ref="733788794" /><nd ref="733788263" /><tag k="highway" v="tertiary" /><tag k="lanes" v="2" /><tag k="name" v="南池子大街" /><tag k="oneway" v="no" /></way><way id="56" timestamp="2026-03-30T16:38:32Z" uid="1" user="OSMnx" version="1" changeset="1"><nd ref="733788794" /><nd ref="733788292" /><tag k="highway" v="tertiary" /><tag k="lanes" v="2" /><tag k="name" v="南池子大街" /><tag k="oneway" v="no" /></way><way id="57" timestamp="2026-03-30T16:38:32Z" uid="1" user="OSMnx" version="1" changeset="1"><nd ref="733788810" /><nd ref="1980072136" /><tag k="highway" v="residential" /><tag k="name" v="普渡寺前巷" /><tag k="oneway" v="no" /></way><way id="58" timestamp="2026-03-30T16:38:32Z" uid="1" user="OSMnx" version="1" changeset="1"><nd ref="733788810" /><nd ref="6095000287" /><tag k="highway" v="residential" /><tag k="name" v="普渡寺前巷" /><tag k="oneway" v="no" /></way><way id="59" timestamp="2026-03-30T16:38:32Z" uid="1" user="OSMnx" version="1" changeset="1"><nd ref="733788810" /><nd ref="733788691" /><tag k="highway" v="residential" /><tag k="oneway" v="no" /></way><way id="60" timestamp="2026-03-30T16:38:32Z" uid="1" user="OSMnx" version="1" changeset="1"><nd ref="733788810" /><nd ref="6094979059" /><tag k="highway" v="footway" /><tag k="oneway" v="no" /></way><way id="61" timestamp="2026-03-30T16:38:32Z" uid="1" user="OSMnx" version="1" changeset="1"><nd ref="733788854" /><nd ref="733789032" /><tag k="highway" v="service" /><tag k="oneway" v="no" /></way><way id="62" timestamp="2026-03-30T16:38:32Z" uid="1" user="OSMnx" version="1" changeset="1"><nd ref="733788858" /><nd ref="733789295" /><tag k="highway" v="service" /><tag k="oneway" v="no" /></way><way id="63" timestamp="2026-03-30T16:38:32Z" uid="1" user="OSMnx" version="1" changeset="1"><nd ref="733788858" /><nd ref="733788658" /><tag k="highway" v="service" /><tag k="oneway" v="no" /></way><way id="64" timestamp="2026-03-30T16:38:32Z" uid="1" user="OSMnx" version="1" changeset="1"><nd ref="733788887" /><nd ref="733788292" /><tag k="highway" v="service" /><tag k="oneway" v="no" /></way><way id="65" timestamp="2026-03-30T16:38:32Z" uid="1" user="OSMnx" version="1" changeset="1"><nd ref="733788887" /><nd ref="2634999504" /><tag k="highway" v="service" /><tag k="oneway" v="no" /></way><way id="66" timestamp="2026-03-30T16:38:32Z" uid="1" user="OSMnx" version="1" changeset="1"><nd ref="733788892" /><nd ref="733788789" /><tag k="highway" v="service" /><tag k="oneway" v="no" /></way><way id="67" timestamp="2026-03-30T16:38:32Z" uid="1" user="OSMnx" version="1" changeset="1"><nd ref="733788892" /><nd ref="733788681" /><tag k="highway" v="service" /><tag k="oneway" v="no" /></way><way id="68" timestamp="2026-03-30T16:38:32Z" uid="1" user="OSMnx" version="1" changeset="1"><nd ref="733788941" /><nd ref="733789002" /><tag k="highway" v="residential" /><tag k="name" v="普渡寺前巷" /><tag k="oneway" v="no" /></way><way id="69" timestamp="2026-03-30T16:38:32Z" uid="1" user="OSMnx" version="1" changeset="1"><nd ref="733788941" /><nd ref="1980072136" /><tag k="highway" v="residential" /><tag k="name" v="普渡寺前巷" /><tag k="oneway" v="no" /></way><way id="70" timestamp="2026-03-30T16:38:32Z" uid="1" user="OSMnx" version="1" changeset="1"><nd ref="733788941" /><nd ref="6095025078" /><tag k="highway" v="service" /><tag k="oneway" v="no" /></way><way id="71" timestamp="2026-03-30T16:38:32Z" uid="1" user="OSMnx" version="1" changeset="1"><nd ref="733788941" /><nd ref="2516715366" /><tag k="highway" v="service" /><tag k="oneway" v="no" /></way><way id="72" timestamp="2026-03-30T16:38:32Z" uid="1" user="OSMnx" version="1" changeset="1"><nd ref="733789002" /><nd ref="733788439" /><tag k="highway" v="residential" /><tag k="name" v="普渡寺前巷" /><tag k="oneway" v="no" /></way><way id="73" timestamp="2026-03-30T16:38:32Z" uid="1" user="OSMnx" version="1" changeset="1"><nd ref="733789002" /><nd ref="733788941" /><tag k="highway" v="residential" /><tag k="name" v="普渡寺前巷" /><tag k="oneway" v="no" /></way><way id="74" timestamp="2026-03-30T16:38:32Z" uid="1" user="OSMnx" version="1" changeset="1"><nd ref="733789002" /><nd ref="733789186" /><tag k="highway" v="residential" /><tag k="oneway" v="no" /></way><way id="75" timestamp="2026-03-30T16:38:32Z" uid="1" user="OSMnx" version="1" changeset="1"><nd ref="733789032" /><nd ref="733788854" /><tag k="highway" v="service" /><tag k="oneway" v="no" /></way><way id="76" timestamp="2026-03-30T16:38:32Z" uid="1" user="OSMnx" version="1" changeset="1"><nd ref="733789032" /><nd ref="733788292" /><tag k="highway" v="tertiary" /><tag k="lanes" v="2" /><tag k="name" v="南池子大街" /><tag k="oneway" v="no" /></way><way id="77" timestamp="2026-03-30T16:38:32Z" uid="1" user="OSMnx" version="1" changeset="1"><nd ref="733789032" /><nd ref="6448666076" /><tag k="highway" v="tertiary" /><tag k="lanes" v="2" /><tag k="name" v="南池子大街" /><tag k="oneway" v="no" /></way><way id="78" timestamp="2026-03-30T16:38:32Z" uid="1" user="OSMnx" version="1" changeset="1"><nd ref="733789090" /><nd ref="533628252" /><tag k="highway" v="service" /><tag k="name" v="南湾子胡同" /><tag k="oneway" v="no" /></way><way id="79" timestamp="2026-03-30T16:38:32Z" uid="1" user="OSMnx" version="1" changeset="1"><nd ref="733789090" /><nd ref="533628250" /><tag k="highway" v="service" /><tag k="name" v="南湾子胡同" /><tag k="oneway" v="no" /></way><way id="80" timestamp="2026-03-30T16:38:32Z" uid="1" user="OSMnx" version="1" changeset="1"><nd ref="733789090" /><nd ref="1858572385" /><tag k="highway" v="service" /><tag k="oneway" v="no" /></way><way id="81" timestamp="2026-03-30T16:38:32Z" uid="1" user="OSMnx" version="1" changeset="1"><nd ref="733789098" /><nd ref="733788474" /><tag k="highway" v="residential" /><tag k="oneway" v="no" /></way><way id="82" timestamp="2026-03-30T16:38:32Z" uid="1" user="OSMnx" version="1" changeset="1"><nd ref="733789098" /><nd ref="733788681" /><tag k="highway" v="residential" /><tag k="oneway" v="no" /></way><way id="83" timestamp="2026-03-30T16:38:32Z" uid="1" user="OSMnx" version="1" changeset="1"><nd ref="733789098" /><nd ref="733788691" /><tag k="highway" v="residential" /><tag k="oneway" v="no" /></way><way id="84" timestamp="2026-03-30T16:38:32Z" uid="1" user="OSMnx" version="1" changeset="1"><nd ref="733789186" /><nd ref="733789002" /><tag k="highway" v="residential" /><tag k="oneway" v="no" /></way><way id="85" timestamp="2026-03-30T16:38:32Z" uid="1" user="OSMnx" version="1" changeset="1"><nd ref="733789247" /><nd ref="733788431" /><tag k="highway" v="service" /><tag k="oneway" v="no" /></way><way id="86" timestamp="2026-03-30T16:38:32Z" uid="1" user="OSMnx" version="1" changeset="1"><nd ref="733789247" /><nd ref="733789334" /><tag k="highway" v="service" /><tag k="oneway" v="no" /></way><way id="87" timestamp="2026-03-30T16:38:32Z" uid="1" user="OSMnx" version="1" changeset="1"><nd ref="733789247" /><nd ref="733788789" /><tag k="highway" v="service" /><tag k="oneway" v="no" /></way><way id="88" timestamp="2026-03-30T16:38:32Z" uid="1" user="OSMnx" version="1" changeset="1"><nd ref="733789278" /><nd ref="733788320" /><tag k="highway" v="residential" /><tag k="oneway" v="no" /></way><way id="89" timestamp="2026-03-30T16:38:32Z" uid="1" user="OSMnx" version="1" changeset="1"><nd ref="733789278" /><nd ref="6094988967" /><tag k="highway" v="residential" /><tag k="oneway" v="no" /></way><way id="90" timestamp="2026-03-30T16:38:32Z" uid="1" user="OSMnx" version="1" changeset="1"><nd ref="733789295" /><nd ref="733788858" /><tag k="highway" v="service" /><tag k="oneway" v="no" /></way><way id="91" timestamp="2026-03-30T16:38:32Z" uid="1" user="OSMnx" version="1" changeset="1"><nd ref="733789295" /><nd ref="6448666076" /><tag k="highway" v="tertiary" /><tag k="lanes" v="2" /><tag k="name" v="南池子大街" /><tag k="oneway" v="no" /></way><way id="92" timestamp="2026-03-30T16:38:32Z" uid="1" user="OSMnx" version="1" changeset="1"><nd ref="733789295" /><nd ref="6448666067" /><tag k="highway" v="tertiary" /><tag k="lanes" v="2" /><tag k="name" v="南池子大街" /><tag k="oneway" v="no" /></way><way id="93" timestamp="2026-03-30T16:38:32Z" uid="1" user="OSMnx" version="1" changeset="1"><nd ref="733789334" /><nd ref="733789247" /><tag k="highway" v="service" /><tag k="oneway" v="no" /></way><way id="94" timestamp="2026-03-30T16:38:32Z" uid="1" user="OSMnx" version="1" changeset="1"><nd ref="733858893" /><nd ref="7825536647" /><tag k="highway" v="secondary" /><tag k="name" v="南河沿大街" /><tag k="oneway" v="no" /></way><way id="95" timestamp="2026-03-30T16:38:32Z" uid="1" user="OSMnx" version="1" changeset="1"><nd ref="733858893" /><nd ref="9327598731" /><tag k="highway" v="secondary" /><tag k="name" v="南河沿大街" /><tag k="oneway" v="no" /></way><way id="96" timestamp="2026-03-30T16:38:32Z" uid="1" user="OSMnx" version="1" changeset="1"><nd ref="733858955" /><nd ref="6131080440" /><tag k="highway" v="secondary" /><tag k="name" v="南河沿大街" /><tag k="oneway" v="no" /></way><way id="97" timestamp="2026-03-30T16:38:32Z" uid="1" user="OSMnx" version="1" changeset="1"><nd ref="733858955" /><nd ref="7825536647" /><tag k="highway" v="secondary" /><tag k="name" v="南河沿大街" /><tag k="oneway" v="no" /></way><way id="98" timestamp="2026-03-30T16:38:32Z" uid="1" user="OSMnx" version="1" changeset="1"><nd ref="1301959254" /><nd ref="2359087993" /><tag k="highway" v="steps" /><tag k="oneway" v="no" /></way><way id="99" timestamp="2026-03-30T16:38:32Z" uid="1" user="OSMnx" version="1" changeset="1"><nd ref="1301959254" /><nd ref="6421531650" /><tag k="highway" v="footway" /><tag k="oneway" v="no" /></way><way id="100" timestamp="2026-03-30T16:38:32Z" uid="1" user="OSMnx" version="1" changeset="1"><nd ref="1446052195" /><nd ref="1446052218" /><tag k="highway" v="tertiary" /><tag k="lanes" v="2" /><tag k="name" v="南池子大街" /><tag k="oneway" v="no" /></way><way id="101" timestamp="2026-03-30T16:38:32Z" uid="1" user="OSMnx" version="1" changeset="1"><nd ref="1446052195" /><nd ref="6421531641" /><tag k="highway" v="tertiary" /><tag k="lanes" v="2" /><tag k="name" v="南池子大街" /><tag k="oneway" v="no" /></way><way id="102" timestamp="2026-03-30T16:38:32Z" uid="1" user="OSMnx" version="1" changeset="1"><nd ref="1446052195" /><nd ref="1446052201" /><tag k="highway" v="footway" /><tag k="oneway" v="no" /></way><way id="103" timestamp="2026-03-30T16:38:32Z" uid="1" user="OSMnx" version="1" changeset="1"><nd ref="1446052201" /><nd ref="1446052195" /><tag k="highway" v="footway" /><tag k="oneway" v="no" /></way><way id="104" timestamp="2026-03-30T16:38:32Z" uid="1" user="OSMnx" version="1" changeset="1"><nd ref="1446052201" /><nd ref="4710638785" /><tag k="highway" v="footway" /><tag k="oneway" v="no" /></way><way id="105" timestamp="2026-03-30T16:38:32Z" uid="1" user="OSMnx" version="1" changeset="1"><nd ref="1446052202" /><nd ref="1446052209" /><tag k="highway" v="footway" /><tag k="oneway" v="no" /></way><way id="106" timestamp="2026-03-30T16:38:32Z" uid="1" user="OSMnx" version="1" changeset="1"><nd ref="1446052202" /><nd ref="1446052203" /><tag k="highway" v="footway" /><tag k="oneway" v="no" /></way><way id="107" timestamp="2026-03-30T16:38:32Z" uid="1" user="OSMnx" version="1" changeset="1"><nd ref="1446052203" /><nd ref="1446052202" /><tag k="highway" v="footway" /><tag k="oneway" v="no" /></way><way id="108" timestamp="2026-03-30T16:38:32Z" uid="1" user="OSMnx" version="1" changeset="1"><nd ref="1446052203" /><nd ref="1446052206" /><tag k="highway" v="footway" /><tag k="oneway" v="no" /></way><way id="109" timestamp="2026-03-30T16:38:32Z" uid="1" user="OSMnx" version="1" changeset="1"><nd ref="1446052204" /><nd ref="4710638785" /><tag k="highway" v="footway" /><tag k="oneway" v="no" /></way><way id="110" timestamp="2026-03-30T16:38:32Z" uid="1" user="OSMnx" version="1" changeset="1"><nd ref="1446052204" /><nd ref="1446052205" /><tag k="highway" v="footway" /><tag k="oneway" v="no" /></way><way id="111" timestamp="2026-03-30T16:38:32Z" uid="1" user="OSMnx" version="1" changeset="1"><nd ref="1446052205" /><nd ref="1446052207" /><tag k="highway" v="footway" /><tag k="oneway" v="no" /></way><way id="112" timestamp="2026-03-30T16:38:32Z" uid="1" user="OSMnx" version="1" changeset="1"><nd ref="1446052205" /><nd ref="1446052204" /><tag k="highway" v="footway" /><tag k="oneway" v="no" /></way><way id="113" timestamp="2026-03-30T16:38:32Z" uid="1" user="OSMnx" version="1" changeset="1"><nd ref="1446052205" /><nd ref="1446052209" /><tag k="highway" v="footway" /><tag k="oneway" v="no" /></way><way id="114" timestamp="2026-03-30T16:38:32Z" uid="1" user="OSMnx" version="1" changeset="1"><nd ref="1446052206" /><nd ref="1446052203" /><tag k="highway" v="footway" /><tag k="oneway" v="no" /></way><way id="115" timestamp="2026-03-30T16:38:32Z" uid="1" user="OSMnx" version="1" changeset="1"><nd ref="1446052206" /><nd ref="1446052225" /><tag k="highway" v="footway" /><tag k="oneway" v="no" /></way><way id="116" timestamp="2026-03-30T16:38:32Z" uid="1" user="OSMnx" version="1" changeset="1"><nd ref="1446052207" /><nd ref="1446052221" /><tag k="highway" v="footway" /><tag k="oneway" v="no" /></way><way id="117" timestamp="2026-03-30T16:38:32Z" uid="1" user="OSMnx" version="1" changeset="1"><nd ref="1446052207" /><nd ref="1446052205" /><tag k="highway" v="footway" /><tag k="oneway" v="no" /></way><way id="118" timestamp="2026-03-30T16:38:32Z" uid="1" user="OSMnx" version="1" changeset="1"><nd ref="1446052209" /><nd ref="1446052205" /><tag k="highway" v="footway" /><tag k="oneway" v="no" /></way><way id="119" timestamp="2026-03-30T16:38:32Z" uid="1" user="OSMnx" version="1" changeset="1"><nd ref="1446052209" /><nd ref="1446052202" /><tag k="highway" v="footway" /><tag k="oneway" v="no" /></way><way id="120" timestamp="2026-03-30T16:38:32Z" uid="1" user="OSMnx" version="1" changeset="1"><nd ref="1446052218" /><nd ref="5810315259" /><tag k="highway" v="tertiary" /><tag k="lanes" v="2" /><tag k="name" v="南池子大街" /><tag k="oneway" v="no" /></way><way id="121" timestamp="2026-03-30T16:38:32Z" uid="1" user="OSMnx" version="1" changeset="1"><nd ref="1446052218" /><nd ref="1446052195" /><tag k="highway" v="tertiary" /><tag k="lanes" v="2" /><tag k="name" v="南池子大街" /><tag k="oneway" v="no" /></way><way id="122" timestamp="2026-03-30T16:38:32Z" uid="1" user="OSMnx" version="1" changeset="1"><nd ref="1446052218" /><nd ref="1446052219" /><tag k="highway" v="footway" /><tag k="oneway" v="no" /></way><way id="123" timestamp="2026-03-30T16:38:32Z" uid="1" user="OSMnx" version="1" changeset="1"><nd ref="1446052218" /><nd ref="6421637776" /><tag k="highway" v="footway" /><tag k="oneway" v="no" /></way><way id="124" timestamp="2026-03-30T16:38:32Z" uid="1" user="OSMnx" version="1" changeset="1"><nd ref="1446052219" /><nd ref="1446052220" /><tag k="highway" v="footway" /><tag k="oneway" v="no" /></way><way id="125" timestamp="2026-03-30T16:38:32Z" uid="1" user="OSMnx" version="1" changeset="1"><nd ref="1446052219" /><nd ref="1446052218" /><tag k="highway" v="footway" /><tag k="oneway" v="no" /></way><way id="126" timestamp="2026-03-30T16:38:32Z" uid="1" user="OSMnx" version="1" changeset="1"><nd ref="1446052220" /><nd ref="1446052223" /><tag k="highway" v="footway" /><tag k="oneway" v="no" /></way><way id="127" timestamp="2026-03-30T16:38:32Z" uid="1" user="OSMnx" version="1" changeset="1"><nd ref="1446052220" /><nd ref="1446052219" /><tag k="highway" v="footway" /><tag k="oneway" v="no" /></way><way id="128" timestamp="2026-03-30T16:38:32Z" uid="1" user="OSMnx" version="1" changeset="1"><nd ref="1446052221" /><nd ref="1446052223" /><tag k="highway" v="footway" /><tag k="oneway" v="no" /></way><way id="129" timestamp="2026-03-30T16:38:32Z" uid="1" user="OSMnx" version="1" changeset="1"><nd ref="1446052221" /><nd ref="1446052207" /><tag k="highway" v="footway" /><tag k="oneway" v="no" /></way><way id="130" timestamp="2026-03-30T16:38:32Z" uid="1" user="OSMnx" version="1" changeset="1"><nd ref="1446052223" /><nd ref="1446052221" /><tag k="highway" v="footway" /><tag k="oneway" v="no" /></way><way id="131" timestamp="2026-03-30T16:38:32Z" uid="1" user="OSMnx" version="1" changeset="1"><nd ref="1446052223" /><nd ref="1446052225" /><tag k="highway" v="footway" /><tag k="oneway" v="no" /></way><way id="132" timestamp="2026-03-30T16:38:32Z" uid="1" user="OSMnx" version="1" changeset="1"><nd ref="1446052223" /><nd ref="1446052220" /><tag k="highway" v="footway" /><tag k="oneway" v="no" /></way><way id="133" timestamp="2026-03-30T16:38:32Z" uid="1" user="OSMnx" version="1" changeset="1"><nd ref="1446052225" /><nd ref="1446052227" /><tag k="highway" v="footway" /><tag k="oneway" v="no" /></way><way id="134" timestamp="2026-03-30T16:38:32Z" uid="1" user="OSMnx" version="1" changeset="1"><nd ref="1446052225" /><nd ref="1446052223" /><tag k="highway" v="footway" /><tag k="oneway" v="no" /></way><way id="135" timestamp="2026-03-30T16:38:32Z" uid="1" user="OSMnx" version="1" changeset="1"><nd ref="1446052225" /><nd ref="1446052206" /><tag k="highway" v="footway" /><tag k="oneway" v="no" /></way><way id="136" timestamp="2026-03-30T16:38:32Z" uid="1" user="OSMnx" version="1" changeset="1"><nd ref="1446052227" /><nd ref="1446052225" /><tag k="highway" v="footway" /><tag k="oneway" v="no" /></way><way id="137" timestamp="2026-03-30T16:38:32Z" uid="1" user="OSMnx" version="1" changeset="1"><nd ref="1446052227" /><nd ref="6448666062" /><tag k="highway" v="secondary" /><tag k="name" v="南河沿大街" /><tag k="oneway" v="no" /></way><way id="138" timestamp="2026-03-30T16:38:32Z" uid="1" user="OSMnx" version="1" changeset="1"><nd ref="1446052227" /><nd ref="26535390" /><tag k="highway" v="secondary" /><tag k="name" v="南河沿大街" /><tag k="oneway" v="no" /></way><way id="139" timestamp="2026-03-30T16:38:32Z" uid="1" user="OSMnx" version="1" changeset="1"><nd ref="1480544785" /><nd ref="733788658" /><tag k="highway" v="service" /><tag k="oneway" v="no" /></way><way id="140" timestamp="2026-03-30T16:38:32Z" uid="1" user="OSMnx" version="1" changeset="1"><nd ref="1480544785" /><nd ref="3388590254" /><tag k="highway" v="service" /><tag k="oneway" v="no" /></way><way id="141" timestamp="2026-03-30T16:38:32Z" uid="1" user="OSMnx" version="1" changeset="1"><nd ref="1480544827" /><nd ref="3388590254" /><tag k="highway" v="service" /><tag k="oneway" v="no" /></way><way id="142" timestamp="2026-03-30T16:38:32Z" uid="1" user="OSMnx" version="1" changeset="1"><nd ref="1858572384" /><nd ref="533628250" /><tag k="highway" v="service" /><tag k="name" v="南湾子胡同" /><tag k="oneway" v="no" /></way><way id="143" timestamp="2026-03-30T16:38:32Z" uid="1" user="OSMnx" version="1" changeset="1"><nd ref="1858572384" /><nd ref="6448666071" /><tag k="highway" v="service" /><tag k="oneway" v="no" /></way><way id="144" timestamp="2026-03-30T16:38:32Z" uid="1" user="OSMnx" version="1" changeset="1"><nd ref="1858572384" /><nd ref="6448666072" /><tag k="highway" v="service" /><tag k="oneway" v="no" /></way><way id="145" timestamp="2026-03-30T16:38:32Z" uid="1" user="OSMnx" version="1" changeset="1"><nd ref="1858572385" /><nd ref="733789090" /><tag k="highway" v="service" /><tag k="oneway" v="no" /></way><way id="146" timestamp="2026-03-30T16:38:32Z" uid="1" user="OSMnx" version="1" changeset="1"><nd ref="1858572385" /><nd ref="2634999449" /><tag k="highway" v="service" /><tag k="oneway" v="no" /></way><way id="147" timestamp="2026-03-30T16:38:32Z" uid="1" user="OSMnx" version="1" changeset="1"><nd ref="1980072136" /><nd ref="733788941" /><tag k="highway" v="residential" /><tag k="name" v="普渡寺前巷" /><tag k="oneway" v="no" /></way><way id="148" timestamp="2026-03-30T16:38:32Z" uid="1" user="OSMnx" version="1" changeset="1"><nd ref="1980072136" /><nd ref="733788810" /><tag k="highway" v="residential" /><tag k="name" v="普渡寺前巷" /><tag k="oneway" v="no" /></way><way id="149" timestamp="2026-03-30T16:38:32Z" uid="1" user="OSMnx" version="1" changeset="1"><nd ref="1980072136" /><nd ref="6095000285" /><tag k="highway" v="footway" /><tag k="oneway" v="no" /></way><way id="150" timestamp="2026-03-30T16:38:32Z" uid="1" user="OSMnx" version="1" changeset="1"><nd ref="2359087993" /><nd ref="1301959254" /><tag k="highway" v="steps" /><tag k="oneway" v="no" /></way><way id="151" timestamp="2026-03-30T16:38:32Z" uid="1" user="OSMnx" version="1" changeset="1"><nd ref="2359087993" /><nd ref="6421531652" /><tag k="highway" v="footway" /><tag k="oneway" v="no" /></way><way id="152" timestamp="2026-03-30T16:38:32Z" uid="1" user="OSMnx" version="1" changeset="1"><nd ref="2516715366" /><nd ref="733788941" /><tag k="highway" v="service" /><tag k="oneway" v="no" /></way><way id="153" timestamp="2026-03-30T16:38:32Z" uid="1" user="OSMnx" version="1" changeset="1"><nd ref="2516715366" /><nd ref="2516715368" /><tag k="highway" v="service" /><tag k="oneway" v="no" /></way><way id="154" timestamp="2026-03-30T16:38:32Z" uid="1" user="OSMnx" version="1" changeset="1"><nd ref="2516715366" /><nd ref="5449569323" /><tag k="highway" v="footway" /><tag k="oneway" v="no" /></way><way id="155" timestamp="2026-03-30T16:38:32Z" uid="1" user="OSMnx" version="1" changeset="1"><nd ref="2516715368" /><nd ref="2516715366" /><tag k="highway" v="service" /><tag k="oneway" v="no" /></way><way id="156" timestamp="2026-03-30T16:38:32Z" uid="1" user="OSMnx" version="1" changeset="1"><nd ref="2516715368" /><nd ref="6094999381" /><tag k="highway" v="service" /><tag k="oneway" v="no" /></way><way id="157" timestamp="2026-03-30T16:38:32Z" uid="1" user="OSMnx" version="1" changeset="1"><nd ref="2634999449" /><nd ref="1858572385" /><tag k="highway" v="service" /><tag k="oneway" v="no" /></way><way id="158" timestamp="2026-03-30T16:38:32Z" uid="1" user="OSMnx" version="1" changeset="1"><nd ref="2634999449" /><nd ref="733788431" /><tag k="highway" v="service" /><tag k="oneway" v="no" /></way><way id="159" timestamp="2026-03-30T16:38:32Z" uid="1" user="OSMnx" version="1" changeset="1"><nd ref="2634999504" /><nd ref="733788887" /><tag k="highway" v="service" /><tag k="oneway" v="no" /></way><way id="160" timestamp="2026-03-30T16:38:32Z" uid="1" user="OSMnx" version="1" changeset="1"><nd ref="2634999504" /><nd ref="733788530" /><tag k="highway" v="service" /><tag k="oneway" v="no" /></way><way id="161" timestamp="2026-03-30T16:38:32Z" uid="1" user="OSMnx" version="1" changeset="1"><nd ref="3388590254" /><nd ref="1480544785" /><tag k="highway" v="service" /><tag k="oneway" v="no" /></way><way id="162" timestamp="2026-03-30T16:38:32Z" uid="1" user="OSMnx" version="1" changeset="1"><nd ref="3388590254" /><nd ref="1480544827" /><tag k="highway" v="service" /><tag k="oneway" v="no" /></way><way id="163" timestamp="2026-03-30T16:38:32Z" uid="1" user="OSMnx" version="1" changeset="1"><nd ref="3388590254" /><nd ref="3388590255" /><tag k="highway" v="service" /><tag k="oneway" v="no" /></way><way id="164" timestamp="2026-03-30T16:38:32Z" uid="1" user="OSMnx" version="1" changeset="1"><nd ref="3388590255" /><nd ref="3388590254" /><tag k="highway" v="service" /><tag k="oneway" v="no" /></way><way id="165" timestamp="2026-03-30T16:38:32Z" uid="1" user="OSMnx" version="1" changeset="1"><nd ref="3388590255" /><nd ref="3388590290" /><tag k="highway" v="service" /><tag k="oneway" v="no" /></way><way id="166" timestamp="2026-03-30T16:38:32Z" uid="1" user="OSMnx" version="1" changeset="1"><nd ref="3388590290" /><nd ref="3388590255" /><tag k="highway" v="service" /><tag k="oneway" v="no" /></way><way id="167" timestamp="2026-03-30T16:38:32Z" uid="1" user="OSMnx" version="1" changeset="1"><nd ref="3388590290" /><nd ref="3388590342" /><tag k="highway" v="service" /><tag k="oneway" v="no" /></way><way id="168" timestamp="2026-03-30T16:38:32Z" uid="1" user="OSMnx" version="1" changeset="1"><nd ref="3388590342" /><nd ref="3388590290" /><tag k="highway" v="service" /><tag k="oneway" v="no" /></way><way id="169" timestamp="2026-03-30T16:38:32Z" uid="1" user="OSMnx" version="1" changeset="1"><nd ref="3388590342" /><nd ref="3388590561" /><tag k="highway" v="service" /><tag k="oneway" v="no" /></way><way id="170" timestamp="2026-03-30T16:38:32Z" uid="1" user="OSMnx" version="1" changeset="1"><nd ref="3388590561" /><nd ref="3388590342" /><tag k="highway" v="service" /><tag k="oneway" v="no" /></way><way id="171" timestamp="2026-03-30T16:38:32Z" uid="1" user="OSMnx" version="1" changeset="1"><nd ref="4710638691" /><nd ref="6297258073" /><tag k="highway" v="steps" /><tag k="oneway" v="no" /></way><way id="172" timestamp="2026-03-30T16:38:32Z" uid="1" user="OSMnx" version="1" changeset="1"><nd ref="4710638744" /><nd ref="9782405938" /><tag k="highway" v="tertiary" /><tag k="name" v="南池子大街" /><tag k="oneway" v="no" /></way><way id="173" timestamp="2026-03-30T16:38:32Z" uid="1" user="OSMnx" version="1" changeset="1"><nd ref="4710638744" /><nd ref="6421531651" /><tag k="highway" v="tertiary" /><tag k="name" v="南池子大街" /><tag k="oneway" v="no" /></way><way id="174" timestamp="2026-03-30T16:38:32Z" uid="1" user="OSMnx" version="1" changeset="1"><nd ref="4710638769" /><nd ref="4710638770" /><tag k="highway" v="footway" /><tag k="oneway" v="no" /></way><way id="175" timestamp="2026-03-30T16:38:32Z" uid="1" user="OSMnx" version="1" changeset="1"><nd ref="4710638769" /><nd ref="6421531649" /><tag k="highway" v="footway" /><tag k="oneway" v="no" /></way><way id="176" timestamp="2026-03-30T16:38:32Z" uid="1" user="OSMnx" version="1" changeset="1"><nd ref="4710638769" /><nd ref="6421531652" /><tag k="highway" v="footway" /><tag k="oneway" v="no" /></way><way id="177" timestamp="2026-03-30T16:38:32Z" uid="1" user="OSMnx" version="1" changeset="1"><nd ref="4710638770" /><nd ref="4710638769" /><tag k="highway" v="footway" /><tag k="oneway" v="no" /></way><way id="178" timestamp="2026-03-30T16:38:32Z" uid="1" user="OSMnx" version="1" changeset="1"><nd ref="4710638770" /><nd ref="6421450380" /><tag k="highway" v="footway" /><tag k="oneway" v="no" /></way><way id="179" timestamp="2026-03-30T16:38:32Z" uid="1" user="OSMnx" version="1" changeset="1"><nd ref="4710638785" /><nd ref="1446052201" /><tag k="highway" v="footway" /><tag k="oneway" v="no" /></way><way id="180" timestamp="2026-03-30T16:38:32Z" uid="1" user="OSMnx" version="1" changeset="1"><nd ref="4710638785" /><nd ref="1446052204" /><tag k="highway" v="footway" /><tag k="oneway" v="no" /></way><way id="181" timestamp="2026-03-30T16:38:32Z" uid="1" user="OSMnx" version="1" changeset="1"><nd ref="5449569323" /><nd ref="5588104517" /><tag k="highway" v="footway" /><tag k="oneway" v="no" /></way><way id="182" timestamp="2026-03-30T16:38:32Z" uid="1" user="OSMnx" version="1" changeset="1"><nd ref="5449569323" /><nd ref="5588104518" /><tag k="highway" v="footway" /><tag k="oneway" v="no" /></way><way id="183" timestamp="2026-03-30T16:38:32Z" uid="1" user="OSMnx" version="1" changeset="1"><nd ref="5449569323" /><nd ref="2516715366" /><tag k="highway" v="footway" /><tag k="oneway" v="no" /></way><way id="184" timestamp="2026-03-30T16:38:32Z" uid="1" user="OSMnx" version="1" changeset="1"><nd ref="5588104516" /><nd ref="5588104518" /><tag k="highway" v="footway" /><tag k="oneway" v="no" /></way><way id="185" timestamp="2026-03-30T16:38:32Z" uid="1" user="OSMnx" version="1" changeset="1"><nd ref="5588104516" /><nd ref="5588104517" /><tag k="highway" v="footway" /><tag k="oneway" v="no" /></way><way id="186" timestamp="2026-03-30T16:38:32Z" uid="1" user="OSMnx" version="1" changeset="1"><nd ref="5588104517" /><nd ref="5588104516" /><tag k="highway" v="footway" /><tag k="oneway" v="no" /></way><way id="187" timestamp="2026-03-30T16:38:32Z" uid="1" user="OSMnx" version="1" changeset="1"><nd ref="5588104517" /><nd ref="5449569323" /><tag k="highway" v="footway" /><tag k="oneway" v="no" /></way><way id="188" timestamp="2026-03-30T16:38:32Z" uid="1" user="OSMnx" version="1" changeset="1"><nd ref="5588104518" /><nd ref="5449569323" /><tag k="highway" v="footway" /><tag k="oneway" v="no" /></way><way id="189" timestamp="2026-03-30T16:38:32Z" uid="1" user="OSMnx" version="1" changeset="1"><nd ref="5588104518" /><nd ref="5588104516" /><tag k="highway" v="footway" /><tag k="oneway" v="no" /></way><way id="190" timestamp="2026-03-30T16:38:32Z" uid="1" user="OSMnx" version="1" changeset="1"><nd ref="5810315258" /><nd ref="5810315259" /><tag k="highway" v="service" /><tag k="oneway" v="no" /></way><way id="191" timestamp="2026-03-30T16:38:32Z" uid="1" user="OSMnx" version="1" changeset="1"><nd ref="5810315259" /><nd ref="6448666067" /><tag k="highway" v="tertiary" /><tag k="lanes" v="2" /><tag k="name" v="南池子大街" /><tag k="oneway" v="no" /></way><way id="192" timestamp="2026-03-30T16:38:32Z" uid="1" user="OSMnx" version="1" changeset="1"><nd ref="5810315259" /><nd ref="1446052218" /><tag k="highway" v="tertiary" /><tag k="lanes" v="2" /><tag k="name" v="南池子大街" /><tag k="oneway" v="no" /></way><way id="193" timestamp="2026-03-30T16:38:32Z" uid="1" user="OSMnx" version="1" changeset="1"><nd ref="5810315259" /><nd ref="5810315258" /><tag k="highway" v="service" /><tag k="oneway" v="no" /></way><way id="194" timestamp="2026-03-30T16:38:32Z" uid="1" user="OSMnx" version="1" changeset="1"><nd ref="5824743516" /><nd ref="9327598731" /><tag k="highway" v="secondary" /><tag k="name" v="南河沿大街" /><tag k="oneway" v="no" /></way><way id="195" timestamp="2026-03-30T16:38:32Z" uid="1" user="OSMnx" version="1" changeset="1"><nd ref="5824743516" /><nd ref="9327598732" /><tag k="highway" v="secondary" /><tag k="name" v="南河沿大街" /><tag k="oneway" v="no" /></way><way id="196" timestamp="2026-03-30T16:38:32Z" uid="1" user="OSMnx" version="1" changeset="1"><nd ref="5824743516" /><nd ref="8809675594" /><tag k="highway" v="service" /><tag k="oneway" v="no" /></way><way id="197" timestamp="2026-03-30T16:38:32Z" uid="1" user="OSMnx" version="1" changeset="1"><nd ref="5824743517" /><nd ref="5824743518" /><tag k="highway" v="service" /><tag k="oneway" v="no" /></way><way id="198" timestamp="2026-03-30T16:38:32Z" uid="1" user="OSMnx" version="1" changeset="1"><nd ref="5824743517" /><nd ref="8809675595" /><tag k="highway" v="service" /><tag k="oneway" v="no" /></way><way id="199" timestamp="2026-03-30T16:38:32Z" uid="1" user="OSMnx" version="1" changeset="1"><nd ref="5824743518" /><nd ref="5824743519" /><tag k="highway" v="service" /><tag k="oneway" v="no" /></way><way id="200" timestamp="2026-03-30T16:38:32Z" uid="1" user="OSMnx" version="1" changeset="1"><nd ref="5824743518" /><nd ref="5824743517" /><tag k="highway" v="service" /><tag k="oneway" v="no" /></way><way id="201" timestamp="2026-03-30T16:38:32Z" uid="1" user="OSMnx" version="1" changeset="1"><nd ref="5824743519" /><nd ref="5824743518" /><tag k="highway" v="service" /><tag k="oneway" v="no" /></way><way id="202" timestamp="2026-03-30T16:38:32Z" uid="1" user="OSMnx" version="1" changeset="1"><nd ref="5908244201" /><nd ref="733788439" /><tag k="highway" v="tertiary" /><tag k="lanes" v="2" /><tag k="name" v="南池子大街" /><tag k="oneway" v="no" /></way><way id="203" timestamp="2026-03-30T16:38:32Z" uid="1" user="OSMnx" version="1" changeset="1"><nd ref="5908244201" /><nd ref="733788263" /><tag k="highway" v="tertiary" /><tag k="lanes" v="2" /><tag k="name" v="南池子大街" /><tag k="oneway" v="no" /></way><way id="204" timestamp="2026-03-30T16:38:32Z" uid="1" user="OSMnx" version="1" changeset="1"><nd ref="5908244201" /><nd ref="5908244202" /><tag k="highway" v="service" /><tag k="oneway" v="no" /></way><way id="205" timestamp="2026-03-30T16:38:32Z" uid="1" user="OSMnx" version="1" changeset="1"><nd ref="5908244202" /><nd ref="5908244201" /><tag k="highway" v="service" /><tag k="oneway" v="no" /></way><way id="206" timestamp="2026-03-30T16:38:32Z" uid="1" user="OSMnx" version="1" changeset="1"><nd ref="6094979048" /><nd ref="6094999381" /><tag k="highway" v="service" /><tag k="oneway" v="no" /></way><way id="207" timestamp="2026-03-30T16:38:32Z" uid="1" user="OSMnx" version="1" changeset="1"><nd ref="6094979058" /><nd ref="8742615454" /><tag k="highway" v="footway" /><tag k="oneway" v="no" /></way><way id="208" timestamp="2026-03-30T16:38:32Z" uid="1" user="OSMnx" version="1" changeset="1"><nd ref="6094979059" /><nd ref="733788810" /><tag k="highway" v="footway" /><tag k="oneway" v="no" /></way><way id="209" timestamp="2026-03-30T16:38:32Z" uid="1" user="OSMnx" version="1" changeset="1"><nd ref="6094979059" /><nd ref="8742615454" /><tag k="highway" v="footway" /><tag k="oneway" v="no" /></way><way id="210" timestamp="2026-03-30T16:38:32Z" uid="1" user="OSMnx" version="1" changeset="1"><nd ref="6094988966" /><nd ref="6094988967" /><tag k="highway" v="residential" /><tag k="oneway" v="no" /></way><way id="211" timestamp="2026-03-30T16:38:32Z" uid="1" user="OSMnx" version="1" changeset="1"><nd ref="6094988967" /><nd ref="733789278" /><tag k="highway" v="residential" /><tag k="oneway" v="no" /></way><way id="212" timestamp="2026-03-30T16:38:32Z" uid="1" user="OSMnx" version="1" changeset="1"><nd ref="6094988967" /><nd ref="6094988966" /><tag k="highway" v="residential" /><tag k="oneway" v="no" /></way><way id="213" timestamp="2026-03-30T16:38:32Z" uid="1" user="OSMnx" version="1" changeset="1"><nd ref="6094999381" /><nd ref="2516715368" /><tag k="highway" v="service" /><tag k="oneway" v="no" /></way><way id="214" timestamp="2026-03-30T16:38:32Z" uid="1" user="OSMnx" version="1" changeset="1"><nd ref="6094999381" /><nd ref="6094979048" /><tag k="highway" v="service" /><tag k="oneway" v="no" /></way><way id="215" timestamp="2026-03-30T16:38:32Z" uid="1" user="OSMnx" version="1" changeset="1"><nd ref="6094999381" /><nd ref="6095000288" /><tag k="highway" v="footway" /><tag k="oneway" v="no" /></way><way id="216" timestamp="2026-03-30T16:38:32Z" uid="1" user="OSMnx" version="1" changeset="1"><nd ref="6094999382" /><nd ref="8742615454" /><tag k="highway" v="footway" /><tag k="oneway" v="no" /></way><way id="217" timestamp="2026-03-30T16:38:32Z" uid="1" user="OSMnx" version="1" changeset="1"><nd ref="6094999382" /><nd ref="6095000285" /><tag k="highway" v="footway" /><tag k="oneway" v="no" /></way><way id="218" timestamp="2026-03-30T16:38:32Z" uid="1" user="OSMnx" version="1" changeset="1"><nd ref="6094999383" /><nd ref="8742615454" /><tag k="highway" v="footway" /><tag k="oneway" v="no" /></way><way id="219" timestamp="2026-03-30T16:38:32Z" uid="1" user="OSMnx" version="1" changeset="1"><nd ref="6094999383" /><nd ref="6095000286" /><tag k="highway" v="footway" /><tag k="oneway" v="no" /></way><way id="220" timestamp="2026-03-30T16:38:32Z" uid="1" user="OSMnx" version="1" changeset="1"><nd ref="6094999384" /><nd ref="6095000290" /><tag k="highway" v="footway" /><tag k="oneway" v="no" /></way><way id="221" timestamp="2026-03-30T16:38:32Z" uid="1" user="OSMnx" version="1" changeset="1"><nd ref="6095000285" /><nd ref="6094999382" /><tag k="highway" v="footway" /><tag k="oneway" v="no" /></way><way id="222" timestamp="2026-03-30T16:38:32Z" uid="1" user="OSMnx" version="1" changeset="1"><nd ref="6095000285" /><nd ref="6095000288" /><tag k="highway" v="footway" /><tag k="oneway" v="no" /></way><way id="223" timestamp="2026-03-30T16:38:32Z" uid="1" user="OSMnx" version="1" changeset="1"><nd ref="6095000285" /><nd ref="1980072136" /><tag k="highway" v="footway" /><tag k="oneway" v="no" /></way><way id="224" timestamp="2026-03-30T16:38:32Z" uid="1" user="OSMnx" version="1" changeset="1"><nd ref="6095000286" /><nd ref="6095000290" /><tag k="highway" v="footway" /><tag k="oneway" v="no" /></way><way id="225" timestamp="2026-03-30T16:38:32Z" uid="1" user="OSMnx" version="1" changeset="1"><nd ref="6095000286" /><nd ref="6094999383" /><tag k="highway" v="footway" /><tag k="oneway" v="no" /></way><way id="226" timestamp="2026-03-30T16:38:32Z" uid="1" user="OSMnx" version="1" changeset="1"><nd ref="6095000286" /><nd ref="6095000287" /><tag k="highway" v="footway" /><tag k="oneway" v="no" /></way><way id="227" timestamp="2026-03-30T16:38:32Z" uid="1" user="OSMnx" version="1" changeset="1"><nd ref="6095000287" /><nd ref="733788810" /><tag k="highway" v="residential" /><tag k="name" v="普渡寺前巷" /><tag k="oneway" v="no" /></way><way id="228" timestamp="2026-03-30T16:38:32Z" uid="1" user="OSMnx" version="1" changeset="1"><nd ref="6095000287" /><nd ref="733788320" /><tag k="highway" v="residential" /><tag k="name" v="普渡寺前巷" /><tag k="oneway" v="no" /></way><way id="229" timestamp="2026-03-30T16:38:32Z" uid="1" user="OSMnx" version="1" changeset="1"><nd ref="6095000287" /><nd ref="6095000286" /><tag k="highway" v="footway" /><tag k="oneway" v="no" /></way><way id="230" timestamp="2026-03-30T16:38:32Z" uid="1" user="OSMnx" version="1" changeset="1"><nd ref="6095000288" /><nd ref="6095000285" /><tag k="highway" v="footway" /><tag k="oneway" v="no" /></way><way id="231" timestamp="2026-03-30T16:38:32Z" uid="1" user="OSMnx" version="1" changeset="1"><nd ref="6095000288" /><nd ref="6094999381" /><tag k="highway" v="footway" /><tag k="oneway" v="no" /></way><way id="232" timestamp="2026-03-30T16:38:32Z" uid="1" user="OSMnx" version="1" changeset="1"><nd ref="6095000290" /><nd ref="6094999384" /><tag k="highway" v="footway" /><tag k="oneway" v="no" /></way><way id="233" timestamp="2026-03-30T16:38:32Z" uid="1" user="OSMnx" version="1" changeset="1"><nd ref="6095000290" /><nd ref="6095000286" /><tag k="highway" v="footway" /><tag k="oneway" v="no" /></way><way id="234" timestamp="2026-03-30T16:38:32Z" uid="1" user="OSMnx" version="1" changeset="1"><nd ref="6095025078" /><nd ref="733788309" /><tag k="highway" v="service" /><tag k="oneway" v="no" /></way><way id="235" timestamp="2026-03-30T16:38:32Z" uid="1" user="OSMnx" version="1" changeset="1"><nd ref="6095025078" /><nd ref="733788941" /><tag k="highway" v="service" /><tag k="oneway" v="no" /></way><way id="236" timestamp="2026-03-30T16:38:32Z" uid="1" user="OSMnx" version="1" changeset="1"><nd ref="6095123387" /><nd ref="26535390" /><tag k="highway" v="secondary" /><tag k="name" v="南河沿大街" /><tag k="oneway" v="no" /></way><way id="237" timestamp="2026-03-30T16:38:32Z" uid="1" user="OSMnx" version="1" changeset="1"><nd ref="6095123387" /><nd ref="9296257997" /><tag k="highway" v="secondary" /><tag k="name" v="南河沿大街" /><tag k="oneway" v="no" /></way><way id="238" timestamp="2026-03-30T16:38:32Z" uid="1" user="OSMnx" version="1" changeset="1"><nd ref="6095123387" /><nd ref="10204347130" /><tag k="highway" v="footway" /><tag k="oneway" v="no" /></way><way id="239" timestamp="2026-03-30T16:38:32Z" uid="1" user="OSMnx" version="1" changeset="1"><nd ref="6095123387" /><nd ref="10204347129" /><tag k="highway" v="footway" /><tag k="oneway" v="no" /></way><way id="240" timestamp="2026-03-30T16:38:32Z" uid="1" user="OSMnx" version="1" changeset="1"><nd ref="6095123391" /><nd ref="330841132" /><tag k="highway" v="trunk" /><tag k="lanes" v="5" /><tag k="name" v="东长安街" /><tag k="oneway" v="yes" /></way><way id="241" timestamp="2026-03-30T16:38:32Z" uid="1" user="OSMnx" version="1" changeset="1"><nd ref="6095123391" /><nd ref="10204347118" /><tag k="highway" v="footway" /><tag k="oneway" v="no" /></way><way id="242" timestamp="2026-03-30T16:38:32Z" uid="1" user="OSMnx" version="1" changeset="1"><nd ref="6095524402" /><nd ref="6419521210" /><tag k="highway" v="footway" /><tag k="oneway" v="no" /></way><way id="243" timestamp="2026-03-30T16:38:32Z" uid="1" user="OSMnx" version="1" changeset="1"><nd ref="6098824838" /><nd ref="6098824839" /><tag k="highway" v="footway" /><tag k="oneway" v="no" /></way><way id="244" timestamp="2026-03-30T16:38:32Z" uid="1" user="OSMnx" version="1" changeset="1"><nd ref="6098824839" /><nd ref="8742615452" /><tag k="highway" v="footway" /><tag k="oneway" v="no" /></way><way id="245" timestamp="2026-03-30T16:38:32Z" uid="1" user="OSMnx" version="1" changeset="1"><nd ref="6098824839" /><nd ref="6098824838" /><tag k="highway" v="footway" /><tag k="oneway" v="no" /></way><way id="246" timestamp="2026-03-30T16:38:32Z" uid="1" user="OSMnx" version="1" changeset="1"><nd ref="6105484362" /><nd ref="733788184" /><tag k="highway" v="residential" /><tag k="oneway" v="no" /></way><way id="247" timestamp="2026-03-30T16:38:32Z" uid="1" user="OSMnx" version="1" changeset="1"><nd ref="6105484375" /><nd ref="733788474" /><tag k="highway" v="residential" /><tag k="oneway" v="no" /></way><way id="248" timestamp="2026-03-30T16:38:32Z" uid="1" user="OSMnx" version="1" changeset="1"><nd ref="6105484375" /><nd ref="733788320" /><tag k="highway" v="residential" /><tag k="oneway" v="no" /></way><way id="249" timestamp="2026-03-30T16:38:32Z" uid="1" user="OSMnx" version="1" changeset="1"><nd ref="6131080437" /><nd ref="6131080438" /><tag k="highway" v="service" /><tag k="oneway" v="no" /></way><way id="250" timestamp="2026-03-30T16:38:32Z" uid="1" user="OSMnx" version="1" changeset="1"><nd ref="6131080437" /><nd ref="6131080441" /><tag k="highway" v="service" /><tag k="oneway" v="no" /></way><way id="251" timestamp="2026-03-30T16:38:32Z" uid="1" user="OSMnx" version="1" changeset="1"><nd ref="6131080438" /><nd ref="6131080439" /><tag k="highway" v="service" /><tag k="oneway" v="no" /></way><way id="252" timestamp="2026-03-30T16:38:32Z" uid="1" user="OSMnx" version="1" changeset="1"><nd ref="6131080438" /><nd ref="6131080437" /><tag k="highway" v="service" /><tag k="oneway" v="no" /></way><way id="253" timestamp="2026-03-30T16:38:32Z" uid="1" user="OSMnx" version="1" changeset="1"><nd ref="6131080439" /><nd ref="6131080440" /><tag k="highway" v="service" /><tag k="oneway" v="no" /></way><way id="254" timestamp="2026-03-30T16:38:32Z" uid="1" user="OSMnx" version="1" changeset="1"><nd ref="6131080439" /><nd ref="6131080438" /><tag k="highway" v="service" /><tag k="oneway" v="no" /></way><way id="255" timestamp="2026-03-30T16:38:32Z" uid="1" user="OSMnx" version="1" changeset="1"><nd ref="6131080440" /><nd ref="266111658" /><tag k="highway" v="secondary" /><tag k="name" v="南河沿大街" /><tag k="oneway" v="no" /></way><way id="256" timestamp="2026-03-30T16:38:32Z" uid="1" user="OSMnx" version="1" changeset="1"><nd ref="6131080440" /><nd ref="733858955" /><tag k="highway" v="secondary" /><tag k="name" v="南河沿大街" /><tag k="oneway" v="no" /></way><way id="257" timestamp="2026-03-30T16:38:32Z" uid="1" user="OSMnx" version="1" changeset="1"><nd ref="6131080440" /><nd ref="6131080439" /><tag k="highway" v="service" /><tag k="oneway" v="no" /></way><way id="258" timestamp="2026-03-30T16:38:32Z" uid="1" user="OSMnx" version="1" changeset="1"><nd ref="6131080441" /><nd ref="6131080437" /><tag k="highway" v="service" /><tag k="oneway" v="no" /></way><way id="259" timestamp="2026-03-30T16:38:32Z" uid="1" user="OSMnx" version="1" changeset="1"><nd ref="6297246688" /><nd ref="6297246695" /><tag k="highway" v="steps" /><tag k="oneway" v="no" /></way><way id="260" timestamp="2026-03-30T16:38:32Z" uid="1" user="OSMnx" version="1" changeset="1"><nd ref="6297246688" /><nd ref="8809675543" /><tag k="highway" v="footway" /><tag k="oneway" v="no" /></way><way id="261" timestamp="2026-03-30T16:38:32Z" uid="1" user="OSMnx" version="1" changeset="1"><nd ref="6297246691" /><nd ref="6297246694" /><tag k="highway" v="steps" /><tag k="oneway" v="no" /></way><way id="262" timestamp="2026-03-30T16:38:32Z" uid="1" user="OSMnx" version="1" changeset="1"><nd ref="6297246691" /><nd ref="6297246696" /><tag k="highway" v="footway" /><tag k="oneway" v="no" /></way><way id="263" timestamp="2026-03-30T16:38:32Z" uid="1" user="OSMnx" version="1" changeset="1"><nd ref="6297246694" /><nd ref="6297246691" /><tag k="highway" v="steps" /><tag k="oneway" v="no" /></way><way id="264" timestamp="2026-03-30T16:38:32Z" uid="1" user="OSMnx" version="1" changeset="1"><nd ref="6297246695" /><nd ref="6297246688" /><tag k="highway" v="steps" /><tag k="oneway" v="no" /></way><way id="265" timestamp="2026-03-30T16:38:32Z" uid="1" user="OSMnx" version="1" changeset="1"><nd ref="6297246695" /><nd ref="6297246696" /><tag k="highway" v="footway" /><tag k="oneway" v="no" /></way><way id="266" timestamp="2026-03-30T16:38:32Z" uid="1" user="OSMnx" version="1" changeset="1"><nd ref="6297246696" /><nd ref="6297246691" /><tag k="highway" v="footway" /><tag k="oneway" v="no" /></way><way id="267" timestamp="2026-03-30T16:38:32Z" uid="1" user="OSMnx" version="1" changeset="1"><nd ref="6297246696" /><nd ref="6297246695" /><tag k="highway" v="footway" /><tag k="oneway" v="no" /></way><way id="268" timestamp="2026-03-30T16:38:32Z" uid="1" user="OSMnx" version="1" changeset="1"><nd ref="6297258070" /><nd ref="6297258074" /><tag k="highway" v="steps" /><tag k="oneway" v="no" /></way><way id="269" timestamp="2026-03-30T16:38:32Z" uid="1" user="OSMnx" version="1" changeset="1"><nd ref="6297258070" /><nd ref="6297258075" /><tag k="highway" v="footway" /><tag k="oneway" v="no" /></way><way id="270" timestamp="2026-03-30T16:38:32Z" uid="1" user="OSMnx" version="1" changeset="1"><nd ref="6297258073" /><nd ref="4710638691" /><tag k="highway" v="steps" /><tag k="oneway" v="no" /></way><way id="271" timestamp="2026-03-30T16:38:32Z" uid="1" user="OSMnx" version="1" changeset="1"><nd ref="6297258073" /><nd ref="6297258075" /><tag k="highway" v="footway" /><tag k="oneway" v="no" /></way><way id="272" timestamp="2026-03-30T16:38:32Z" uid="1" user="OSMnx" version="1" changeset="1"><nd ref="6297258074" /><nd ref="6297258070" /><tag k="highway" v="steps" /><tag k="oneway" v="no" /></way><way id="273" timestamp="2026-03-30T16:38:32Z" uid="1" user="OSMnx" version="1" changeset="1"><nd ref="6297258074" /><nd ref="8809675542" /><tag k="highway" v="footway" /><tag k="oneway" v="no" /></way><way id="274" timestamp="2026-03-30T16:38:32Z" uid="1" user="OSMnx" version="1" changeset="1"><nd ref="6297258075" /><nd ref="6297258073" /><tag k="highway" v="footway" /><tag k="oneway" v="no" /></way><way id="275" timestamp="2026-03-30T16:38:32Z" uid="1" user="OSMnx" version="1" changeset="1"><nd ref="6297258075" /><nd ref="6297258070" /><tag k="highway" v="footway" /><tag k="oneway" v="no" /></way><way id="276" timestamp="2026-03-30T16:38:32Z" uid="1" user="OSMnx" version="1" changeset="1"><nd ref="6297552036" /><nd ref="6297552037" /><tag k="highway" v="footway" /><tag k="oneway" v="no" /></way><way id="277" timestamp="2026-03-30T16:38:32Z" uid="1" user="OSMnx" version="1" changeset="1"><nd ref="6297552037" /><nd ref="6297552036" /><tag k="highway" v="footway" /><tag k="oneway" v="no" /></way><way id="278" timestamp="2026-03-30T16:38:32Z" uid="1" user="OSMnx" version="1" changeset="1"><nd ref="6297552037" /><nd ref="6297552038" /><tag k="highway" v="footway" /><tag k="oneway" v="no" /></way><way id="279" timestamp="2026-03-30T16:38:32Z" uid="1" user="OSMnx" version="1" changeset="1"><nd ref="6297552038" /><nd ref="6297552041" /><tag k="highway" v="steps" /><tag k="oneway" v="no" /></way><way id="280" timestamp="2026-03-30T16:38:32Z" uid="1" user="OSMnx" version="1" changeset="1"><nd ref="6297552038" /><nd ref="6297552037" /><tag k="highway" v="footway" /><tag k="oneway" v="no" /></way><way id="281" timestamp="2026-03-30T16:38:32Z" uid="1" user="OSMnx" version="1" changeset="1"><nd ref="6297552041" /><nd ref="6297552038" /><tag k="highway" v="steps" /><tag k="oneway" v="no" /></way><way id="282" timestamp="2026-03-30T16:38:32Z" uid="1" user="OSMnx" version="1" changeset="1"><nd ref="6297552041" /><nd ref="6421531644" /><tag k="highway" v="footway" /><tag k="oneway" v="no" /></way><way id="283" timestamp="2026-03-30T16:38:32Z" uid="1" user="OSMnx" version="1" changeset="1"><nd ref="6416115440" /><nd ref="6416115441" /><tag k="highway" v="footway" /><tag k="oneway" v="no" /></way><way id="284" timestamp="2026-03-30T16:38:32Z" uid="1" user="OSMnx" version="1" changeset="1"><nd ref="6416115440" /><nd ref="6416115451" /><tag k="highway" v="footway" /><tag k="oneway" v="no" /></way><way id="285" timestamp="2026-03-30T16:38:32Z" uid="1" user="OSMnx" version="1" changeset="1"><nd ref="6416115441" /><nd ref="6416115440" /><tag k="highway" v="footway" /><tag k="oneway" v="no" /></way><way id="286" timestamp="2026-03-30T16:38:32Z" uid="1" user="OSMnx" version="1" changeset="1"><nd ref="6416115441" /><nd ref="6416115452" /><tag k="highway" v="footway" /><tag k="oneway" v="no" /></way><way id="287" timestamp="2026-03-30T16:38:32Z" uid="1" user="OSMnx" version="1" changeset="1"><nd ref="6416115442" /><nd ref="6416115449" /><tag k="highway" v="footway" /><tag k="oneway" v="no" /></way><way id="288" timestamp="2026-03-30T16:38:32Z" uid="1" user="OSMnx" version="1" changeset="1"><nd ref="6416115442" /><nd ref="6416115443" /><tag k="highway" v="footway" /><tag k="oneway" v="no" /></way><way id="289" timestamp="2026-03-30T16:38:32Z" uid="1" user="OSMnx" version="1" changeset="1"><nd ref="6416115443" /><nd ref="6416115442" /><tag k="highway" v="footway" /><tag k="oneway" v="no" /></way><way id="290" timestamp="2026-03-30T16:38:32Z" uid="1" user="OSMnx" version="1" changeset="1"><nd ref="6416115443" /><nd ref="6416115450" /><tag k="highway" v="footway" /><tag k="oneway" v="no" /></way><way id="291" timestamp="2026-03-30T16:38:32Z" uid="1" user="OSMnx" version="1" changeset="1"><nd ref="6416115449" /><nd ref="6419511858" /><tag k="highway" v="footway" /><tag k="oneway" v="no" /></way><way id="292" timestamp="2026-03-30T16:38:32Z" uid="1" user="OSMnx" version="1" changeset="1"><nd ref="6416115449" /><nd ref="6416115442" /><tag k="highway" v="footway" /><tag k="oneway" v="no" /></way><way id="293" timestamp="2026-03-30T16:38:32Z" uid="1" user="OSMnx" version="1" changeset="1"><nd ref="6416115449" /><nd ref="6416115452" /><tag k="highway" v="footway" /><tag k="oneway" v="no" /></way><way id="294" timestamp="2026-03-30T16:38:32Z" uid="1" user="OSMnx" version="1" changeset="1"><nd ref="6416115450" /><nd ref="6416115443" /><tag k="highway" v="footway" /><tag k="oneway" v="no" /></way><way id="295" timestamp="2026-03-30T16:38:32Z" uid="1" user="OSMnx" version="1" changeset="1"><nd ref="6416115450" /><nd ref="6421720155" /><tag k="highway" v="footway" /><tag k="oneway" v="no" /></way><way id="296" timestamp="2026-03-30T16:38:32Z" uid="1" user="OSMnx" version="1" changeset="1"><nd ref="6416115450" /><nd ref="6416115451" /><tag k="highway" v="footway" /><tag k="oneway" v="no" /></way><way id="297" timestamp="2026-03-30T16:38:32Z" uid="1" user="OSMnx" version="1" changeset="1"><nd ref="6416115451" /><nd ref="6416115440" /><tag k="highway" v="footway" /><tag k="oneway" v="no" /></way><way id="298" timestamp="2026-03-30T16:38:32Z" uid="1" user="OSMnx" version="1" changeset="1"><nd ref="6416115451" /><nd ref="6416115458" /><tag k="highway" v="footway" /><tag k="oneway" v="no" /></way><way id="299" timestamp="2026-03-30T16:38:32Z" uid="1" user="OSMnx" version="1" changeset="1"><nd ref="6416115451" /><nd ref="6416115450" /><tag k="highway" v="footway" /><tag k="oneway" v="no" /></way><way id="300" timestamp="2026-03-30T16:38:32Z" uid="1" user="OSMnx" version="1" changeset="1"><nd ref="6416115452" /><nd ref="6416115449" /><tag k="highway" v="footway" /><tag k="oneway" v="no" /></way><way id="301" timestamp="2026-03-30T16:38:32Z" uid="1" user="OSMnx" version="1" changeset="1"><nd ref="6416115452" /><nd ref="6416115441" /><tag k="highway" v="footway" /><tag k="oneway" v="no" /></way><way id="302" timestamp="2026-03-30T16:38:32Z" uid="1" user="OSMnx" version="1" changeset="1"><nd ref="6416115458" /><nd ref="6416115451" /><tag k="highway" v="footway" /><tag k="oneway" v="no" /></way><way id="303" timestamp="2026-03-30T16:38:32Z" uid="1" user="OSMnx" version="1" changeset="1"><nd ref="6419498212" /><nd ref="6421400597" /><tag k="highway" v="footway" /><tag k="oneway" v="no" /></way><way id="304" timestamp="2026-03-30T16:38:32Z" uid="1" user="OSMnx" version="1" changeset="1"><nd ref="6419498212" /><nd ref="6419498213" /><tag k="highway" v="footway" /><tag k="oneway" v="no" /></way><way id="305" timestamp="2026-03-30T16:38:32Z" uid="1" user="OSMnx" version="1" changeset="1"><nd ref="6419498213" /><nd ref="6419498212" /><tag k="highway" v="footway" /><tag k="oneway" v="no" /></way><way id="306" timestamp="2026-03-30T16:38:32Z" uid="1" user="OSMnx" version="1" changeset="1"><nd ref="6419498213" /><nd ref="6421400599" /><tag k="highway" v="footway" /><tag k="oneway" v="no" /></way><way id="307" timestamp="2026-03-30T16:38:32Z" uid="1" user="OSMnx" version="1" changeset="1"><nd ref="6419498213" /><nd ref="6419551261" /><tag k="highway" v="footway" /><tag k="oneway" v="no" /></way><way id="308" timestamp="2026-03-30T16:38:32Z" uid="1" user="OSMnx" version="1" changeset="1"><nd ref="6419498213" /><nd ref="12507007502" /><tag k="highway" v="footway" /><tag k="oneway" v="no" /></way><way id="309" timestamp="2026-03-30T16:38:32Z" uid="1" user="OSMnx" version="1" changeset="1"><nd ref="6419511857" /><nd ref="6419511865" /><tag k="highway" v="footway" /><tag k="oneway" v="no" /></way><way id="310" timestamp="2026-03-30T16:38:32Z" uid="1" user="OSMnx" version="1" changeset="1"><nd ref="6419511857" /><nd ref="6419511858" /><tag k="highway" v="footway" /><tag k="oneway" v="no" /></way><way id="311" timestamp="2026-03-30T16:38:32Z" uid="1" user="OSMnx" version="1" changeset="1"><nd ref="6419511858" /><nd ref="6416115449" /><tag k="highway" v="footway" /><tag k="oneway" v="no" /></way><way id="312" timestamp="2026-03-30T16:38:32Z" uid="1" user="OSMnx" version="1" changeset="1"><nd ref="6419511858" /><nd ref="6419511857" /><tag k="highway" v="footway" /><tag k="oneway" v="no" /></way><way id="313" timestamp="2026-03-30T16:38:32Z" uid="1" user="OSMnx" version="1" changeset="1"><nd ref="6419511865" /><nd ref="6419511857" /><tag k="highway" v="footway" /><tag k="oneway" v="no" /></way><way id="314" timestamp="2026-03-30T16:38:32Z" uid="1" user="OSMnx" version="1" changeset="1"><nd ref="6419521210" /><nd ref="6095524402" /><tag k="highway" v="footway" /><tag k="oneway" v="no" /></way><way id="315" timestamp="2026-03-30T16:38:32Z" uid="1" user="OSMnx" version="1" changeset="1"><nd ref="6419521210" /><nd ref="6421496219" /><tag k="highway" v="footway" /><tag k="oneway" v="no" /></way><way id="316" timestamp="2026-03-30T16:38:32Z" uid="1" user="OSMnx" version="1" changeset="1"><nd ref="6419521210" /><nd ref="6421720156" /><tag k="highway" v="footway" /><tag k="oneway" v="no" /></way><way id="317" timestamp="2026-03-30T16:38:32Z" uid="1" user="OSMnx" version="1" changeset="1"><nd ref="6419551261" /><nd ref="6419498213" /><tag k="highway" v="footway" /><tag k="oneway" v="no" /></way><way id="318" timestamp="2026-03-30T16:38:32Z" uid="1" user="OSMnx" version="1" changeset="1"><nd ref="6419551261" /><nd ref="6421407909" /><tag k="highway" v="footway" /><tag k="oneway" v="no" /></way><way id="319" timestamp="2026-03-30T16:38:32Z" uid="1" user="OSMnx" version="1" changeset="1"><nd ref="6421400579" /><nd ref="6421400596" /><tag k="highway" v="footway" /><tag k="oneway" v="no" /></way><way id="320" timestamp="2026-03-30T16:38:32Z" uid="1" user="OSMnx" version="1" changeset="1"><nd ref="6421400579" /><nd ref="6421400597" /><tag k="highway" v="footway" /><tag k="oneway" v="no" /></way><way id="321" timestamp="2026-03-30T16:38:32Z" uid="1" user="OSMnx" version="1" changeset="1"><nd ref="6421400579" /><nd ref="8742615450" /><tag k="highway" v="footway" /><tag k="oneway" v="no" /></way><way id="322" timestamp="2026-03-30T16:38:32Z" uid="1" user="OSMnx" version="1" changeset="1"><nd ref="6421400596" /><nd ref="6421400579" /><tag k="highway" v="footway" /><tag k="oneway" v="no" /></way><way id="323" timestamp="2026-03-30T16:38:32Z" uid="1" user="OSMnx" version="1" changeset="1"><nd ref="6421400596" /><nd ref="6421400609" /><tag k="highway" v="footway" /><tag k="oneway" v="no" /></way><way id="324" timestamp="2026-03-30T16:38:32Z" uid="1" user="OSMnx" version="1" changeset="1"><nd ref="6421400596" /><nd ref="6421400612" /><tag k="highway" v="footway" /><tag k="oneway" v="no" /></way><way id="325" timestamp="2026-03-30T16:38:32Z" uid="1" user="OSMnx" version="1" changeset="1"><nd ref="6421400597" /><nd ref="6421400613" /><tag k="highway" v="footway" /><tag k="oneway" v="no" /></way><way id="326" timestamp="2026-03-30T16:38:32Z" uid="1" user="OSMnx" version="1" changeset="1"><nd ref="6421400597" /><nd ref="6419498212" /><tag k="highway" v="footway" /><tag k="oneway" v="no" /></way><way id="327" timestamp="2026-03-30T16:38:32Z" uid="1" user="OSMnx" version="1" changeset="1"><nd ref="6421400597" /><nd ref="6421400579" /><tag k="highway" v="footway" /><tag k="oneway" v="no" /></way><way id="328" timestamp="2026-03-30T16:38:32Z" uid="1" user="OSMnx" version="1" changeset="1"><nd ref="6421400598" /><nd ref="6421400601" /><tag k="highway" v="footway" /><tag k="oneway" v="no" /></way><way id="329" timestamp="2026-03-30T16:38:32Z" uid="1" user="OSMnx" version="1" changeset="1"><nd ref="6421400598" /><nd ref="6421400628" /><tag k="highway" v="footway" /><tag k="oneway" v="no" /></way><way id="330" timestamp="2026-03-30T16:38:32Z" uid="1" user="OSMnx" version="1" changeset="1"><nd ref="6421400598" /><nd ref="6421400599" /><tag k="highway" v="footway" /><tag k="oneway" v="no" /></way><way id="331" timestamp="2026-03-30T16:38:32Z" uid="1" user="OSMnx" version="1" changeset="1"><nd ref="6421400599" /><nd ref="6419498213" /><tag k="highway" v="footway" /><tag k="oneway" v="no" /></way><way id="332" timestamp="2026-03-30T16:38:32Z" uid="1" user="OSMnx" version="1" changeset="1"><nd ref="6421400599" /><nd ref="6421400600" /><tag k="highway" v="footway" /><tag k="oneway" v="no" /></way><way id="333" timestamp="2026-03-30T16:38:32Z" uid="1" user="OSMnx" version="1" changeset="1"><nd ref="6421400599" /><nd ref="6421400598" /><tag k="highway" v="footway" /><tag k="oneway" v="no" /></way><way id="334" timestamp="2026-03-30T16:38:32Z" uid="1" user="OSMnx" version="1" changeset="1"><nd ref="6421400600" /><nd ref="6421400599" /><tag k="highway" v="footway" /><tag k="oneway" v="no" /></way><way id="335" timestamp="2026-03-30T16:38:32Z" uid="1" user="OSMnx" version="1" changeset="1"><nd ref="6421400600" /><nd ref="6421400601" /><tag k="highway" v="footway" /><tag k="oneway" v="no" /></way><way id="336" timestamp="2026-03-30T16:38:32Z" uid="1" user="OSMnx" version="1" changeset="1"><nd ref="6421400601" /><nd ref="6421400598" /><tag k="highway" v="footway" /><tag k="oneway" v="no" /></way><way id="337" timestamp="2026-03-30T16:38:32Z" uid="1" user="OSMnx" version="1" changeset="1"><nd ref="6421400601" /><nd ref="6421400600" /><tag k="highway" v="footway" /><tag k="oneway" v="no" /></way><way id="338" timestamp="2026-03-30T16:38:32Z" uid="1" user="OSMnx" version="1" changeset="1"><nd ref="6421400608" /><nd ref="6421400628" /><tag k="highway" v="footway" /><tag k="oneway" v="no" /></way><way id="339" timestamp="2026-03-30T16:38:32Z" uid="1" user="OSMnx" version="1" changeset="1"><nd ref="6421400608" /><nd ref="6421400611" /><tag k="highway" v="footway" /><tag k="oneway" v="no" /></way><way id="340" timestamp="2026-03-30T16:38:32Z" uid="1" user="OSMnx" version="1" changeset="1"><nd ref="6421400608" /><nd ref="8742615449" /><tag k="highway" v="footway" /><tag k="oneway" v="no" /></way><way id="341" timestamp="2026-03-30T16:38:32Z" uid="1" user="OSMnx" version="1" changeset="1"><nd ref="6421400609" /><nd ref="6421400620" /><tag k="highway" v="footway" /><tag k="oneway" v="no" /></way><way id="342" timestamp="2026-03-30T16:38:32Z" uid="1" user="OSMnx" version="1" changeset="1"><nd ref="6421400609" /><nd ref="6421400596" /><tag k="highway" v="footway" /><tag k="oneway" v="no" /></way><way id="343" timestamp="2026-03-30T16:38:32Z" uid="1" user="OSMnx" version="1" changeset="1"><nd ref="6421400610" /><nd ref="6421400612" /><tag k="highway" v="footway" /><tag k="oneway" v="no" /></way><way id="344" timestamp="2026-03-30T16:38:32Z" uid="1" user="OSMnx" version="1" changeset="1"><nd ref="6421400610" /><nd ref="6421400611" /><tag k="highway" v="footway" /><tag k="oneway" v="no" /></way><way id="345" timestamp="2026-03-30T16:38:32Z" uid="1" user="OSMnx" version="1" changeset="1"><nd ref="6421400610" /><nd ref="8742615451" /><tag k="highway" v="footway" /><tag k="oneway" v="no" /></way><way id="346" timestamp="2026-03-30T16:38:32Z" uid="1" user="OSMnx" version="1" changeset="1"><nd ref="6421400610" /><nd ref="8742615449" /><tag k="highway" v="footway" /><tag k="oneway" v="no" /></way><way id="347" timestamp="2026-03-30T16:38:32Z" uid="1" user="OSMnx" version="1" changeset="1"><nd ref="6421400611" /><nd ref="6421400608" /><tag k="highway" v="footway" /><tag k="oneway" v="no" /></way><way id="348" timestamp="2026-03-30T16:38:32Z" uid="1" user="OSMnx" version="1" changeset="1"><nd ref="6421400611" /><nd ref="6421400619" /><tag k="highway" v="footway" /><tag k="oneway" v="no" /></way><way id="349" timestamp="2026-03-30T16:38:32Z" uid="1" user="OSMnx" version="1" changeset="1"><nd ref="6421400611" /><nd ref="6421400610" /><tag k="highway" v="footway" /><tag k="oneway" v="no" /></way><way id="350" timestamp="2026-03-30T16:38:32Z" uid="1" user="OSMnx" version="1" changeset="1"><nd ref="6421400612" /><nd ref="6421400596" /><tag k="highway" v="footway" /><tag k="oneway" v="no" /></way><way id="351" timestamp="2026-03-30T16:38:32Z" uid="1" user="OSMnx" version="1" changeset="1"><nd ref="6421400612" /><nd ref="6421400610" /><tag k="highway" v="footway" /><tag k="oneway" v="no" /></way><way id="352" timestamp="2026-03-30T16:38:32Z" uid="1" user="OSMnx" version="1" changeset="1"><nd ref="6421400612" /><nd ref="8742615450" /><tag k="highway" v="footway" /><tag k="oneway" v="no" /></way><way id="353" timestamp="2026-03-30T16:38:32Z" uid="1" user="OSMnx" version="1" changeset="1"><nd ref="6421400613" /><nd ref="6421400624" /><tag k="highway" v="footway" /><tag k="oneway" v="no" /></way><way id="354" timestamp="2026-03-30T16:38:32Z" uid="1" user="OSMnx" version="1" changeset="1"><nd ref="6421400613" /><nd ref="6421400597" /><tag k="highway" v="footway" /><tag k="oneway" v="no" /></way><way id="355" timestamp="2026-03-30T16:38:32Z" uid="1" user="OSMnx" version="1" changeset="1"><nd ref="6421400613" /><nd ref="8742615450" /><tag k="highway" v="footway" /><tag k="oneway" v="no" /></way><way id="356" timestamp="2026-03-30T16:38:32Z" uid="1" user="OSMnx" version="1" changeset="1"><nd ref="6421400614" /><nd ref="6421400615" /><tag k="highway" v="footway" /><tag k="oneway" v="no" /></way><way id="357" timestamp="2026-03-30T16:38:32Z" uid="1" user="OSMnx" version="1" changeset="1"><nd ref="6421400614" /><nd ref="6421400616" /><tag k="highway" v="footway" /><tag k="oneway" v="no" /></way><way id="358" timestamp="2026-03-30T16:38:32Z" uid="1" user="OSMnx" version="1" changeset="1"><nd ref="6421400614" /><nd ref="6421400617" /><tag k="highway" v="footway" /><tag k="oneway" v="no" /></way><way id="359" timestamp="2026-03-30T16:38:32Z" uid="1" user="OSMnx" version="1" changeset="1"><nd ref="6421400614" /><nd ref="6421400623" /><tag k="highway" v="footway" /><tag k="oneway" v="no" /></way><way id="360" timestamp="2026-03-30T16:38:32Z" uid="1" user="OSMnx" version="1" changeset="1"><nd ref="6421400615" /><nd ref="6421400614" /><tag k="highway" v="footway" /><tag k="oneway" v="no" /></way><way id="361" timestamp="2026-03-30T16:38:32Z" uid="1" user="OSMnx" version="1" changeset="1"><nd ref="6421400615" /><nd ref="6421400618" /><tag k="highway" v="footway" /><tag k="oneway" v="no" /></way><way id="362" timestamp="2026-03-30T16:38:32Z" uid="1" user="OSMnx" version="1" changeset="1"><nd ref="6421400615" /><nd ref="6421400617" /><tag k="highway" v="footway" /><tag k="oneway" v="no" /></way><way id="363" timestamp="2026-03-30T16:38:32Z" uid="1" user="OSMnx" version="1" changeset="1"><nd ref="6421400616" /><nd ref="6421400625" /><tag k="highway" v="footway" /><tag k="oneway" v="no" /></way><way id="364" timestamp="2026-03-30T16:38:32Z" uid="1" user="OSMnx" version="1" changeset="1"><nd ref="6421400616" /><nd ref="6421400622" /><tag k="highway" v="footway" /><tag k="oneway" v="no" /></way><way id="365" timestamp="2026-03-30T16:38:32Z" uid="1" user="OSMnx" version="1" changeset="1"><nd ref="6421400616" /><nd ref="6421400614" /><tag k="highway" v="footway" /><tag k="oneway" v="no" /></way><way id="366" timestamp="2026-03-30T16:38:32Z" uid="1" user="OSMnx" version="1" changeset="1"><nd ref="6421400617" /><nd ref="6421400615" /><tag k="highway" v="footway" /><tag k="oneway" v="no" /></way><way id="367" timestamp="2026-03-30T16:38:32Z" uid="1" user="OSMnx" version="1" changeset="1"><nd ref="6421400617" /><nd ref="6421400622" /><tag k="highway" v="footway" /><tag k="oneway" v="no" /></way><way id="368" timestamp="2026-03-30T16:38:32Z" uid="1" user="OSMnx" version="1" changeset="1"><nd ref="6421400617" /><nd ref="6421400614" /><tag k="highway" v="footway" /><tag k="oneway" v="no" /></way><way id="369" timestamp="2026-03-30T16:38:32Z" uid="1" user="OSMnx" version="1" changeset="1"><nd ref="6421400618" /><nd ref="6421400621" /><tag k="highway" v="footway" /><tag k="oneway" v="no" /></way><way id="370" timestamp="2026-03-30T16:38:32Z" uid="1" user="OSMnx" version="1" changeset="1"><nd ref="6421400618" /><nd ref="6421400615" /><tag k="highway" v="footway" /><tag k="oneway" v="no" /></way><way id="371" timestamp="2026-03-30T16:38:32Z" uid="1" user="OSMnx" version="1" changeset="1"><nd ref="6421400618" /><nd ref="6421400623" /><tag k="highway" v="footway" /><tag k="oneway" v="no" /></way><way id="372" timestamp="2026-03-30T16:38:32Z" uid="1" user="OSMnx" version="1" changeset="1"><nd ref="6421400619" /><nd ref="6421400611" /><tag k="highway" v="footway" /><tag k="oneway" v="no" /></way><way id="373" timestamp="2026-03-30T16:38:32Z" uid="1" user="OSMnx" version="1" changeset="1"><nd ref="6421400619" /><nd ref="6421400625" /><tag k="highway" v="footway" /><tag k="oneway" v="no" /></way><way id="374" timestamp="2026-03-30T16:38:32Z" uid="1" user="OSMnx" version="1" changeset="1"><nd ref="6421400619" /><nd ref="8742615451" /><tag k="highway" v="footway" /><tag k="oneway" v="no" /></way><way id="375" timestamp="2026-03-30T16:38:32Z" uid="1" user="OSMnx" version="1" changeset="1"><nd ref="6421400620" /><nd ref="6421400609" /><tag k="highway" v="footway" /><tag k="oneway" v="no" /></way><way id="376" timestamp="2026-03-30T16:38:32Z" uid="1" user="OSMnx" version="1" changeset="1"><nd ref="6421400620" /><nd ref="8742615451" /><tag k="highway" v="footway" /><tag k="oneway" v="no" /></way><way id="377" timestamp="2026-03-30T16:38:32Z" uid="1" user="OSMnx" version="1" changeset="1"><nd ref="6421400620" /><nd ref="733788152" /><tag k="highway" v="footway" /><tag k="oneway" v="no" /></way><way id="378" timestamp="2026-03-30T16:38:32Z" uid="1" user="OSMnx" version="1" changeset="1"><nd ref="6421400621" /><nd ref="733788152" /><tag k="highway" v="footway" /><tag k="oneway" v="no" /></way><way id="379" timestamp="2026-03-30T16:38:32Z" uid="1" user="OSMnx" version="1" changeset="1"><nd ref="6421400621" /><nd ref="6421400618" /><tag k="highway" v="footway" /><tag k="oneway" v="no" /></way><way id="380" timestamp="2026-03-30T16:38:32Z" uid="1" user="OSMnx" version="1" changeset="1"><nd ref="6421400622" /><nd ref="6421400616" /><tag k="highway" v="footway" /><tag k="oneway" v="no" /></way><way id="381" timestamp="2026-03-30T16:38:32Z" uid="1" user="OSMnx" version="1" changeset="1"><nd ref="6421400622" /><nd ref="6421400629" /><tag k="highway" v="footway" /><tag k="oneway" v="no" /></way><way id="382" timestamp="2026-03-30T16:38:32Z" uid="1" user="OSMnx" version="1" changeset="1"><nd ref="6421400622" /><nd ref="6421400617" /><tag k="highway" v="footway" /><tag k="oneway" v="no" /></way><way id="383" timestamp="2026-03-30T16:38:32Z" uid="1" user="OSMnx" version="1" changeset="1"><nd ref="6421400623" /><nd ref="6421400614" /><tag k="highway" v="footway" /><tag k="oneway" v="no" /></way><way id="384" timestamp="2026-03-30T16:38:32Z" uid="1" user="OSMnx" version="1" changeset="1"><nd ref="6421400623" /><nd ref="8742615451" /><tag k="highway" v="footway" /><tag k="oneway" v="no" /></way><way id="385" timestamp="2026-03-30T16:38:32Z" uid="1" user="OSMnx" version="1" changeset="1"><nd ref="6421400623" /><nd ref="6421400618" /><tag k="highway" v="footway" /><tag k="oneway" v="no" /></way><way id="386" timestamp="2026-03-30T16:38:32Z" uid="1" user="OSMnx" version="1" changeset="1"><nd ref="6421400623" /><nd ref="6421400625" /><tag k="highway" v="footway" /><tag k="oneway" v="no" /></way><way id="387" timestamp="2026-03-30T16:38:32Z" uid="1" user="OSMnx" version="1" changeset="1"><nd ref="6421400624" /><nd ref="6421400628" /><tag k="highway" v="footway" /><tag k="oneway" v="no" /></way><way id="388" timestamp="2026-03-30T16:38:32Z" uid="1" user="OSMnx" version="1" changeset="1"><nd ref="6421400624" /><nd ref="6421400613" /><tag k="highway" v="footway" /><tag k="oneway" v="no" /></way><way id="389" timestamp="2026-03-30T16:38:32Z" uid="1" user="OSMnx" version="1" changeset="1"><nd ref="6421400624" /><nd ref="8742615449" /><tag k="highway" v="footway" /><tag k="oneway" v="no" /></way><way id="390" timestamp="2026-03-30T16:38:32Z" uid="1" user="OSMnx" version="1" changeset="1"><nd ref="6421400625" /><nd ref="6421400619" /><tag k="highway" v="footway" /><tag k="oneway" v="no" /></way><way id="391" timestamp="2026-03-30T16:38:32Z" uid="1" user="OSMnx" version="1" changeset="1"><nd ref="6421400625" /><nd ref="6421400616" /><tag k="highway" v="footway" /><tag k="oneway" v="no" /></way><way id="392" timestamp="2026-03-30T16:38:32Z" uid="1" user="OSMnx" version="1" changeset="1"><nd ref="6421400625" /><nd ref="6421400623" /><tag k="highway" v="footway" /><tag k="oneway" v="no" /></way><way id="393" timestamp="2026-03-30T16:38:32Z" uid="1" user="OSMnx" version="1" changeset="1"><nd ref="6421400628" /><nd ref="6421400598" /><tag k="highway" v="footway" /><tag k="oneway" v="no" /></way><way id="394" timestamp="2026-03-30T16:38:32Z" uid="1" user="OSMnx" version="1" changeset="1"><nd ref="6421400628" /><nd ref="6421400624" /><tag k="highway" v="footway" /><tag k="oneway" v="no" /></way><way id="395" timestamp="2026-03-30T16:38:32Z" uid="1" user="OSMnx" version="1" changeset="1"><nd ref="6421400628" /><nd ref="6421400608" /><tag k="highway" v="footway" /><tag k="oneway" v="no" /></way><way id="396" timestamp="2026-03-30T16:38:32Z" uid="1" user="OSMnx" version="1" changeset="1"><nd ref="6421400629" /><nd ref="6421400622" /><tag k="highway" v="footway" /><tag k="oneway" v="no" /></way><way id="397" timestamp="2026-03-30T16:38:32Z" uid="1" user="OSMnx" version="1" changeset="1"><nd ref="6421400629" /><nd ref="6421496219" /><tag k="highway" v="footway" /><tag k="oneway" v="no" /></way><way id="398" timestamp="2026-03-30T16:38:32Z" uid="1" user="OSMnx" version="1" changeset="1"><nd ref="6421407908" /><nd ref="6421407909" /><tag k="highway" v="footway" /><tag k="oneway" v="no" /></way><way id="399" timestamp="2026-03-30T16:38:32Z" uid="1" user="OSMnx" version="1" changeset="1"><nd ref="6421407908" /><nd ref="12507007509" /><tag k="highway" v="footway" /><tag k="oneway" v="no" /></way><way id="400" timestamp="2026-03-30T16:38:32Z" uid="1" user="OSMnx" version="1" changeset="1"><nd ref="6421407909" /><nd ref="6419551261" /><tag k="highway" v="footway" /><tag k="oneway" v="no" /></way><way id="401" timestamp="2026-03-30T16:38:32Z" uid="1" user="OSMnx" version="1" changeset="1"><nd ref="6421407909" /><nd ref="6421407908" /><tag k="highway" v="footway" /><tag k="oneway" v="no" /></way><way id="402" timestamp="2026-03-30T16:38:32Z" uid="1" user="OSMnx" version="1" changeset="1"><nd ref="6421437609" /><nd ref="6421437610" /><tag k="highway" v="footway" /><tag k="oneway" v="no" /></way><way id="403" timestamp="2026-03-30T16:38:32Z" uid="1" user="OSMnx" version="1" changeset="1"><nd ref="6421437609" /><nd ref="6421450349" /><tag k="highway" v="footway" /><tag k="oneway" v="no" /></way><way id="404" timestamp="2026-03-30T16:38:32Z" uid="1" user="OSMnx" version="1" changeset="1"><nd ref="6421437610" /><nd ref="6421437609" /><tag k="highway" v="footway" /><tag k="oneway" v="no" /></way><way id="405" timestamp="2026-03-30T16:38:32Z" uid="1" user="OSMnx" version="1" changeset="1"><nd ref="6421437610" /><nd ref="6421450356" /><tag k="highway" v="footway" /><tag k="oneway" v="no" /></way><way id="406" timestamp="2026-03-30T16:38:32Z" uid="1" user="OSMnx" version="1" changeset="1"><nd ref="6421450349" /><nd ref="6421437609" /><tag k="highway" v="footway" /><tag k="oneway" v="no" /></way><way id="407" timestamp="2026-03-30T16:38:32Z" uid="1" user="OSMnx" version="1" changeset="1"><nd ref="6421450349" /><nd ref="6421450350" /><tag k="highway" v="footway" /><tag k="oneway" v="no" /></way><way id="408" timestamp="2026-03-30T16:38:32Z" uid="1" user="OSMnx" version="1" changeset="1"><nd ref="6421450350" /><nd ref="6421450349" /><tag k="highway" v="footway" /><tag k="oneway" v="no" /></way><way id="409" timestamp="2026-03-30T16:38:32Z" uid="1" user="OSMnx" version="1" changeset="1"><nd ref="6421450350" /><nd ref="6421450351" /><tag k="highway" v="footway" /><tag k="oneway" v="no" /></way><way id="410" timestamp="2026-03-30T16:38:32Z" uid="1" user="OSMnx" version="1" changeset="1"><nd ref="6421450351" /><nd ref="6421450350" /><tag k="highway" v="footway" /><tag k="oneway" v="no" /></way><way id="411" timestamp="2026-03-30T16:38:32Z" uid="1" user="OSMnx" version="1" changeset="1"><nd ref="6421450351" /><nd ref="6421450352" /><tag k="highway" v="footway" /><tag k="oneway" v="no" /></way><way id="412" timestamp="2026-03-30T16:38:32Z" uid="1" user="OSMnx" version="1" changeset="1"><nd ref="6421450352" /><nd ref="6421450351" /><tag k="highway" v="footway" /><tag k="oneway" v="no" /></way><way id="413" timestamp="2026-03-30T16:38:32Z" uid="1" user="OSMnx" version="1" changeset="1"><nd ref="6421450352" /><nd ref="6421450353" /><tag k="highway" v="footway" /><tag k="oneway" v="no" /></way><way id="414" timestamp="2026-03-30T16:38:32Z" uid="1" user="OSMnx" version="1" changeset="1"><nd ref="6421450353" /><nd ref="6421450352" /><tag k="highway" v="footway" /><tag k="oneway" v="no" /></way><way id="415" timestamp="2026-03-30T16:38:32Z" uid="1" user="OSMnx" version="1" changeset="1"><nd ref="6421450353" /><nd ref="6421637775" /><tag k="highway" v="footway" /><tag k="oneway" v="no" /></way><way id="416" timestamp="2026-03-30T16:38:32Z" uid="1" user="OSMnx" version="1" changeset="1"><nd ref="6421450354" /><nd ref="6421637781" /><tag k="highway" v="footway" /><tag k="oneway" v="no" /></way><way id="417" timestamp="2026-03-30T16:38:32Z" uid="1" user="OSMnx" version="1" changeset="1"><nd ref="6421450354" /><nd ref="6448670153" /><tag k="highway" v="footway" /><tag k="oneway" v="no" /></way><way id="418" timestamp="2026-03-30T16:38:32Z" uid="1" user="OSMnx" version="1" changeset="1"><nd ref="6421450355" /><nd ref="6448670153" /><tag k="highway" v="footway" /><tag k="oneway" v="no" /></way><way id="419" timestamp="2026-03-30T16:38:32Z" uid="1" user="OSMnx" version="1" changeset="1"><nd ref="6421450355" /><nd ref="6421450356" /><tag k="highway" v="footway" /><tag k="oneway" v="no" /></way><way id="420" timestamp="2026-03-30T16:38:32Z" uid="1" user="OSMnx" version="1" changeset="1"><nd ref="6421450356" /><nd ref="6421437610" /><tag k="highway" v="footway" /><tag k="oneway" v="no" /></way><way id="421" timestamp="2026-03-30T16:38:32Z" uid="1" user="OSMnx" version="1" changeset="1"><nd ref="6421450356" /><nd ref="6421450355" /><tag k="highway" v="footway" /><tag k="oneway" v="no" /></way><way id="422" timestamp="2026-03-30T16:38:32Z" uid="1" user="OSMnx" version="1" changeset="1"><nd ref="6421450356" /><nd ref="6421450357" /><tag k="highway" v="footway" /><tag k="oneway" v="no" /></way><way id="423" timestamp="2026-03-30T16:38:32Z" uid="1" user="OSMnx" version="1" changeset="1"><nd ref="6421450357" /><nd ref="6421450356" /><tag k="highway" v="footway" /><tag k="oneway" v="no" /></way><way id="424" timestamp="2026-03-30T16:38:32Z" uid="1" user="OSMnx" version="1" changeset="1"><nd ref="6421450357" /><nd ref="6421450358" /><tag k="highway" v="footway" /><tag k="oneway" v="no" /></way><way id="425" timestamp="2026-03-30T16:38:32Z" uid="1" user="OSMnx" version="1" changeset="1"><nd ref="6421450358" /><nd ref="6421450357" /><tag k="highway" v="footway" /><tag k="oneway" v="no" /></way><way id="426" timestamp="2026-03-30T16:38:32Z" uid="1" user="OSMnx" version="1" changeset="1"><nd ref="6421450358" /><nd ref="6448670155" /><tag k="highway" v="footway" /><tag k="oneway" v="no" /></way><way id="427" timestamp="2026-03-30T16:38:32Z" uid="1" user="OSMnx" version="1" changeset="1"><nd ref="6421450359" /><nd ref="6448670155" /><tag k="highway" v="footway" /><tag k="oneway" v="no" /></way><way id="428" timestamp="2026-03-30T16:38:32Z" uid="1" user="OSMnx" version="1" changeset="1"><nd ref="6421450359" /><nd ref="6448670157" /><tag k="highway" v="footway" /><tag k="oneway" v="no" /></way><way id="429" timestamp="2026-03-30T16:38:32Z" uid="1" user="OSMnx" version="1" changeset="1"><nd ref="6421450380" /><nd ref="6421450381" /><tag k="highway" v="footway" /><tag k="oneway" v="no" /></way><way id="430" timestamp="2026-03-30T16:38:32Z" uid="1" user="OSMnx" version="1" changeset="1"><nd ref="6421450380" /><nd ref="4710638770" /><tag k="highway" v="footway" /><tag k="oneway" v="no" /></way><way id="431" timestamp="2026-03-30T16:38:32Z" uid="1" user="OSMnx" version="1" changeset="1"><nd ref="6421450381" /><nd ref="6421450382" /><tag k="highway" v="footway" /><tag k="oneway" v="no" /></way><way id="432" timestamp="2026-03-30T16:38:32Z" uid="1" user="OSMnx" version="1" changeset="1"><nd ref="6421450381" /><nd ref="6421450380" /><tag k="highway" v="footway" /><tag k="oneway" v="no" /></way><way id="433" timestamp="2026-03-30T16:38:32Z" uid="1" user="OSMnx" version="1" changeset="1"><nd ref="6421450382" /><nd ref="6421637784" /><tag k="highway" v="footway" /><tag k="oneway" v="no" /></way><way id="434" timestamp="2026-03-30T16:38:32Z" uid="1" user="OSMnx" version="1" changeset="1"><nd ref="6421450382" /><nd ref="6421450381" /><tag k="highway" v="footway" /><tag k="oneway" v="no" /></way><way id="435" timestamp="2026-03-30T16:38:32Z" uid="1" user="OSMnx" version="1" changeset="1"><nd ref="6421450383" /><nd ref="6421637784" /><tag k="highway" v="footway" /><tag k="oneway" v="no" /></way><way id="436" timestamp="2026-03-30T16:38:32Z" uid="1" user="OSMnx" version="1" changeset="1"><nd ref="6421496219" /><nd ref="6421400629" /><tag k="highway" v="footway" /><tag k="oneway" v="no" /></way><way id="437" timestamp="2026-03-30T16:38:32Z" uid="1" user="OSMnx" version="1" changeset="1"><nd ref="6421496219" /><nd ref="6419521210" /><tag k="highway" v="footway" /><tag k="oneway" v="no" /></way><way id="438" timestamp="2026-03-30T16:38:32Z" uid="1" user="OSMnx" version="1" changeset="1"><nd ref="6421531641" /><nd ref="1446052195" /><tag k="highway" v="tertiary" /><tag k="lanes" v="2" /><tag k="name" v="南池子大街" /><tag k="oneway" v="no" /></way><way id="439" timestamp="2026-03-30T16:38:32Z" uid="1" user="OSMnx" version="1" changeset="1"><nd ref="6421531641" /><nd ref="6421531642" /><tag k="highway" v="tertiary" /><tag k="name" v="南池子大街" /><tag k="oneway" v="no" /></way><way id="440" timestamp="2026-03-30T16:38:32Z" uid="1" user="OSMnx" version="1" changeset="1"><nd ref="6421531642" /><nd ref="6421531641" /><tag k="highway" v="tertiary" /><tag k="name" v="南池子大街" /><tag k="oneway" v="no" /></way><way id="441" timestamp="2026-03-30T16:38:32Z" uid="1" user="OSMnx" version="1" changeset="1"><nd ref="6421531642" /><nd ref="9782405938" /><tag k="highway" v="tertiary" /><tag k="name" v="南池子大街" /><tag k="oneway" v="no" /></way><way id="442" timestamp="2026-03-30T16:38:32Z" uid="1" user="OSMnx" version="1" changeset="1"><nd ref="6421531643" /><nd ref="6421531651" /><tag k="highway" v="footway" /><tag k="oneway" v="no" /></way><way id="443" timestamp="2026-03-30T16:38:32Z" uid="1" user="OSMnx" version="1" changeset="1"><nd ref="6421531643" /><nd ref="6421531649" /><tag k="highway" v="footway" /><tag k="oneway" v="no" /></way><way id="444" timestamp="2026-03-30T16:38:32Z" uid="1" user="OSMnx" version="1" changeset="1"><nd ref="6421531644" /><nd ref="6297552041" /><tag k="highway" v="footway" /><tag k="oneway" v="no" /></way><way id="445" timestamp="2026-03-30T16:38:32Z" uid="1" user="OSMnx" version="1" changeset="1"><nd ref="6421531644" /><nd ref="10204347130" /><tag k="highway" v="footway" /><tag k="oneway" v="no" /></way><way id="446" timestamp="2026-03-30T16:38:32Z" uid="1" user="OSMnx" version="1" changeset="1"><nd ref="6421531644" /><nd ref="9494745987" /><tag k="highway" v="footway" /><tag k="oneway" v="no" /></way><way id="447" timestamp="2026-03-30T16:38:32Z" uid="1" user="OSMnx" version="1" changeset="1"><nd ref="6421531644" /><nd ref="9494745988" /><tag k="highway" v="footway" /><tag k="oneway" v="no" /></way><way id="448" timestamp="2026-03-30T16:38:32Z" uid="1" user="OSMnx" version="1" changeset="1"><nd ref="6421531645" /><nd ref="10204347129" /><tag k="highway" v="footway" /><tag k="oneway" v="no" /></way><way id="449" timestamp="2026-03-30T16:38:32Z" uid="1" user="OSMnx" version="1" changeset="1"><nd ref="6421531645" /><nd ref="6421531646" /><tag k="highway" v="footway" /><tag k="oneway" v="no" /></way><way id="450" timestamp="2026-03-30T16:38:32Z" uid="1" user="OSMnx" version="1" changeset="1"><nd ref="6421531646" /><nd ref="6421531645" /><tag k="highway" v="footway" /><tag k="oneway" v="no" /></way><way id="451" timestamp="2026-03-30T16:38:32Z" uid="1" user="OSMnx" version="1" changeset="1"><nd ref="6421531646" /><nd ref="8809675543" /><tag k="highway" v="footway" /><tag k="oneway" v="no" /></way><way id="452" timestamp="2026-03-30T16:38:32Z" uid="1" user="OSMnx" version="1" changeset="1"><nd ref="6421531647" /><nd ref="8809675542" /><tag k="highway" v="footway" /><tag k="oneway" v="no" /></way><way id="453" timestamp="2026-03-30T16:38:32Z" uid="1" user="OSMnx" version="1" changeset="1"><nd ref="6421531647" /><nd ref="6421531648" /><tag k="highway" v="footway" /><tag k="oneway" v="no" /></way><way id="454" timestamp="2026-03-30T16:38:32Z" uid="1" user="OSMnx" version="1" changeset="1"><nd ref="6421531648" /><nd ref="6421531651" /><tag k="highway" v="footway" /><tag k="oneway" v="no" /></way><way id="455" timestamp="2026-03-30T16:38:32Z" uid="1" user="OSMnx" version="1" changeset="1"><nd ref="6421531648" /><nd ref="6421531647" /><tag k="highway" v="footway" /><tag k="oneway" v="no" /></way><way id="456" timestamp="2026-03-30T16:38:32Z" uid="1" user="OSMnx" version="1" changeset="1"><nd ref="6421531649" /><nd ref="6421531643" /><tag k="highway" v="footway" /><tag k="oneway" v="no" /></way><way id="457" timestamp="2026-03-30T16:38:32Z" uid="1" user="OSMnx" version="1" changeset="1"><nd ref="6421531649" /><nd ref="4710638769" /><tag k="highway" v="footway" /><tag k="oneway" v="no" /></way><way id="458" timestamp="2026-03-30T16:38:32Z" uid="1" user="OSMnx" version="1" changeset="1"><nd ref="6421531649" /><nd ref="6421531650" /><tag k="highway" v="footway" /><tag k="oneway" v="no" /></way><way id="459" timestamp="2026-03-30T16:38:32Z" uid="1" user="OSMnx" version="1" changeset="1"><nd ref="6421531650" /><nd ref="1301959254" /><tag k="highway" v="footway" /><tag k="oneway" v="no" /></way><way id="460" timestamp="2026-03-30T16:38:32Z" uid="1" user="OSMnx" version="1" changeset="1"><nd ref="6421531650" /><nd ref="6421531649" /><tag k="highway" v="footway" /><tag k="oneway" v="no" /></way><way id="461" timestamp="2026-03-30T16:38:32Z" uid="1" user="OSMnx" version="1" changeset="1"><nd ref="6421531651" /><nd ref="4710638744" /><tag k="highway" v="tertiary" /><tag k="name" v="南池子大街" /><tag k="oneway" v="no" /></way><way id="462" timestamp="2026-03-30T16:38:32Z" uid="1" user="OSMnx" version="1" changeset="1"><nd ref="6421531651" /><nd ref="6650368134" /><tag k="highway" v="tertiary" /><tag k="name" v="南池子大街" /><tag k="oneway" v="no" /></way><way id="463" timestamp="2026-03-30T16:38:32Z" uid="1" user="OSMnx" version="1" changeset="1"><nd ref="6421531651" /><nd ref="6421531648" /><tag k="highway" v="footway" /><tag k="oneway" v="no" /></way><way id="464" timestamp="2026-03-30T16:38:32Z" uid="1" user="OSMnx" version="1" changeset="1"><nd ref="6421531651" /><nd ref="6421531643" /><tag k="highway" v="footway" /><tag k="oneway" v="no" /></way><way id="465" timestamp="2026-03-30T16:38:32Z" uid="1" user="OSMnx" version="1" changeset="1"><nd ref="6421531652" /><nd ref="2359087993" /><tag k="highway" v="footway" /><tag k="oneway" v="no" /></way><way id="466" timestamp="2026-03-30T16:38:32Z" uid="1" user="OSMnx" version="1" changeset="1"><nd ref="6421531652" /><nd ref="4710638769" /><tag k="highway" v="footway" /><tag k="oneway" v="no" /></way><way id="467" timestamp="2026-03-30T16:38:32Z" uid="1" user="OSMnx" version="1" changeset="1"><nd ref="6421637770" /><nd ref="6421637771" /><tag k="highway" v="footway" /><tag k="oneway" v="no" /></way><way id="468" timestamp="2026-03-30T16:38:32Z" uid="1" user="OSMnx" version="1" changeset="1"><nd ref="6421637771" /><nd ref="6421637772" /><tag k="highway" v="footway" /><tag k="oneway" v="no" /></way><way id="469" timestamp="2026-03-30T16:38:32Z" uid="1" user="OSMnx" version="1" changeset="1"><nd ref="6421637771" /><nd ref="6421637770" /><tag k="highway" v="footway" /><tag k="oneway" v="no" /></way><way id="470" timestamp="2026-03-30T16:38:32Z" uid="1" user="OSMnx" version="1" changeset="1"><nd ref="6421637772" /><nd ref="6421637773" /><tag k="highway" v="footway" /><tag k="oneway" v="no" /></way><way id="471" timestamp="2026-03-30T16:38:32Z" uid="1" user="OSMnx" version="1" changeset="1"><nd ref="6421637772" /><nd ref="6421637771" /><tag k="highway" v="footway" /><tag k="oneway" v="no" /></way><way id="472" timestamp="2026-03-30T16:38:32Z" uid="1" user="OSMnx" version="1" changeset="1"><nd ref="6421637773" /><nd ref="6421637774" /><tag k="highway" v="footway" /><tag k="oneway" v="no" /></way><way id="473" timestamp="2026-03-30T16:38:32Z" uid="1" user="OSMnx" version="1" changeset="1"><nd ref="6421637773" /><nd ref="6421637772" /><tag k="highway" v="footway" /><tag k="oneway" v="no" /></way><way id="474" timestamp="2026-03-30T16:38:32Z" uid="1" user="OSMnx" version="1" changeset="1"><nd ref="6421637774" /><nd ref="6421637775" /><tag k="highway" v="footway" /><tag k="oneway" v="no" /></way><way id="475" timestamp="2026-03-30T16:38:32Z" uid="1" user="OSMnx" version="1" changeset="1"><nd ref="6421637774" /><nd ref="6421637773" /><tag k="highway" v="footway" /><tag k="oneway" v="no" /></way><way id="476" timestamp="2026-03-30T16:38:32Z" uid="1" user="OSMnx" version="1" changeset="1"><nd ref="6421637775" /><nd ref="6421450353" /><tag k="highway" v="footway" /><tag k="oneway" v="no" /></way><way id="477" timestamp="2026-03-30T16:38:32Z" uid="1" user="OSMnx" version="1" changeset="1"><nd ref="6421637775" /><nd ref="6421637774" /><tag k="highway" v="footway" /><tag k="oneway" v="no" /></way><way id="478" timestamp="2026-03-30T16:38:32Z" uid="1" user="OSMnx" version="1" changeset="1"><nd ref="6421637776" /><nd ref="1446052218" /><tag k="highway" v="footway" /><tag k="oneway" v="no" /></way><way id="479" timestamp="2026-03-30T16:38:32Z" uid="1" user="OSMnx" version="1" changeset="1"><nd ref="6421637776" /><nd ref="6421637777" /><tag k="highway" v="footway" /><tag k="oneway" v="no" /></way><way id="480" timestamp="2026-03-30T16:38:32Z" uid="1" user="OSMnx" version="1" changeset="1"><nd ref="6421637777" /><nd ref="6421637776" /><tag k="highway" v="footway" /><tag k="oneway" v="no" /></way><way id="481" timestamp="2026-03-30T16:38:32Z" uid="1" user="OSMnx" version="1" changeset="1"><nd ref="6421637777" /><nd ref="6421637778" /><tag k="highway" v="footway" /><tag k="oneway" v="no" /></way><way id="482" timestamp="2026-03-30T16:38:32Z" uid="1" user="OSMnx" version="1" changeset="1"><nd ref="6421637778" /><nd ref="6421637777" /><tag k="highway" v="footway" /><tag k="oneway" v="no" /></way><way id="483" timestamp="2026-03-30T16:38:32Z" uid="1" user="OSMnx" version="1" changeset="1"><nd ref="6421637778" /><nd ref="6421637779" /><tag k="highway" v="footway" /><tag k="oneway" v="no" /></way><way id="484" timestamp="2026-03-30T16:38:32Z" uid="1" user="OSMnx" version="1" changeset="1"><nd ref="6421637779" /><nd ref="6421637778" /><tag k="highway" v="footway" /><tag k="oneway" v="no" /></way><way id="485" timestamp="2026-03-30T16:38:32Z" uid="1" user="OSMnx" version="1" changeset="1"><nd ref="6421637779" /><nd ref="6421637780" /><tag k="highway" v="footway" /><tag k="oneway" v="no" /></way><way id="486" timestamp="2026-03-30T16:38:32Z" uid="1" user="OSMnx" version="1" changeset="1"><nd ref="6421637780" /><nd ref="6421637779" /><tag k="highway" v="footway" /><tag k="oneway" v="no" /></way><way id="487" timestamp="2026-03-30T16:38:32Z" uid="1" user="OSMnx" version="1" changeset="1"><nd ref="6421637780" /><nd ref="6421637781" /><tag k="highway" v="footway" /><tag k="oneway" v="no" /></way><way id="488" timestamp="2026-03-30T16:38:32Z" uid="1" user="OSMnx" version="1" changeset="1"><nd ref="6421637781" /><nd ref="6421637780" /><tag k="highway" v="footway" /><tag k="oneway" v="no" /></way><way id="489" timestamp="2026-03-30T16:38:32Z" uid="1" user="OSMnx" version="1" changeset="1"><nd ref="6421637781" /><nd ref="6421450354" /><tag k="highway" v="footway" /><tag k="oneway" v="no" /></way><way id="490" timestamp="2026-03-30T16:38:32Z" uid="1" user="OSMnx" version="1" changeset="1"><nd ref="6421637781" /><nd ref="6448670154" /><tag k="highway" v="footway" /><tag k="oneway" v="no" /></way><way id="491" timestamp="2026-03-30T16:38:32Z" uid="1" user="OSMnx" version="1" changeset="1"><nd ref="6421637782" /><nd ref="6421637785" /><tag k="highway" v="footway" /><tag k="oneway" v="no" /></way><way id="492" timestamp="2026-03-30T16:38:32Z" uid="1" user="OSMnx" version="1" changeset="1"><nd ref="6421637782" /><nd ref="6421637783" /><tag k="highway" v="footway" /><tag k="oneway" v="no" /></way><way id="493" timestamp="2026-03-30T16:38:32Z" uid="1" user="OSMnx" version="1" changeset="1"><nd ref="6421637783" /><nd ref="6421637782" /><tag k="highway" v="footway" /><tag k="oneway" v="no" /></way><way id="494" timestamp="2026-03-30T16:38:32Z" uid="1" user="OSMnx" version="1" changeset="1"><nd ref="6421637783" /><nd ref="6421637784" /><tag k="highway" v="footway" /><tag k="oneway" v="no" /></way><way id="495" timestamp="2026-03-30T16:38:32Z" uid="1" user="OSMnx" version="1" changeset="1"><nd ref="6421637784" /><nd ref="6421450383" /><tag k="highway" v="footway" /><tag k="oneway" v="no" /></way><way id="496" timestamp="2026-03-30T16:38:32Z" uid="1" user="OSMnx" version="1" changeset="1"><nd ref="6421637784" /><nd ref="6421450382" /><tag k="highway" v="footway" /><tag k="oneway" v="no" /></way><way id="497" timestamp="2026-03-30T16:38:32Z" uid="1" user="OSMnx" version="1" changeset="1"><nd ref="6421637784" /><nd ref="6421637783" /><tag k="highway" v="footway" /><tag k="oneway" v="no" /></way><way id="498" timestamp="2026-03-30T16:38:32Z" uid="1" user="OSMnx" version="1" changeset="1"><nd ref="6421637785" /><nd ref="6448670158" /><tag k="highway" v="footway" /><tag k="oneway" v="no" /></way><way id="499" timestamp="2026-03-30T16:38:32Z" uid="1" user="OSMnx" version="1" changeset="1"><nd ref="6421637785" /><nd ref="6421637782" /><tag k="highway" v="footway" /><tag k="oneway" v="no" /></way><way id="500" timestamp="2026-03-30T16:38:32Z" uid="1" user="OSMnx" version="1" changeset="1"><nd ref="6421637785" /><nd ref="6448670159" /><tag k="highway" v="footway" /><tag k="oneway" v="no" /></way><way id="501" timestamp="2026-03-30T16:38:32Z" uid="1" user="OSMnx" version="1" changeset="1"><nd ref="6421720155" /><nd ref="6416115450" /><tag k="highway" v="footway" /><tag k="oneway" v="no" /></way><way id="502" timestamp="2026-03-30T16:38:32Z" uid="1" user="OSMnx" version="1" changeset="1"><nd ref="6421720155" /><nd ref="6421720156" /><tag k="highway" v="footway" /><tag k="oneway" v="no" /></way><way id="503" timestamp="2026-03-30T16:38:32Z" uid="1" user="OSMnx" version="1" changeset="1"><nd ref="6421720156" /><nd ref="6421720155" /><tag k="highway" v="footway" /><tag k="oneway" v="no" /></way><way id="504" timestamp="2026-03-30T16:38:32Z" uid="1" user="OSMnx" version="1" changeset="1"><nd ref="6421720156" /><nd ref="6419521210" /><tag k="highway" v="footway" /><tag k="oneway" v="no" /></way><way id="505" timestamp="2026-03-30T16:38:32Z" uid="1" user="OSMnx" version="1" changeset="1"><nd ref="6448654228" /><nd ref="6448654229" /><tag k="highway" v="footway" /><tag k="oneway" v="no" /></way><way id="506" timestamp="2026-03-30T16:38:32Z" uid="1" user="OSMnx" version="1" changeset="1"><nd ref="6448654228" /><nd ref="6448654242" /><tag k="highway" v="footway" /><tag k="oneway" v="no" /></way><way id="507" timestamp="2026-03-30T16:38:32Z" uid="1" user="OSMnx" version="1" changeset="1"><nd ref="6448654228" /><nd ref="6448654237" /><tag k="highway" v="footway" /><tag k="oneway" v="no" /></way><way id="508" timestamp="2026-03-30T16:38:32Z" uid="1" user="OSMnx" version="1" changeset="1"><nd ref="6448654229" /><nd ref="6448654228" /><tag k="highway" v="footway" /><tag k="oneway" v="no" /></way><way id="509" timestamp="2026-03-30T16:38:32Z" uid="1" user="OSMnx" version="1" changeset="1"><nd ref="6448654229" /><nd ref="6448654254" /><tag k="highway" v="footway" /><tag k="oneway" v="no" /></way><way id="510" timestamp="2026-03-30T16:38:32Z" uid="1" user="OSMnx" version="1" changeset="1"><nd ref="6448654229" /><nd ref="6448654257" /><tag k="highway" v="footway" /><tag k="oneway" v="no" /></way><way id="511" timestamp="2026-03-30T16:38:32Z" uid="1" user="OSMnx" version="1" changeset="1"><nd ref="6448654230" /><nd ref="6448654231" /><tag k="highway" v="footway" /><tag k="oneway" v="no" /></way><way id="512" timestamp="2026-03-30T16:38:32Z" uid="1" user="OSMnx" version="1" changeset="1"><nd ref="6448654230" /><nd ref="6448654240" /><tag k="highway" v="footway" /><tag k="oneway" v="no" /></way><way id="513" timestamp="2026-03-30T16:38:32Z" uid="1" user="OSMnx" version="1" changeset="1"><nd ref="6448654230" /><nd ref="6448654241" /><tag k="highway" v="footway" /><tag k="oneway" v="no" /></way><way id="514" timestamp="2026-03-30T16:38:32Z" uid="1" user="OSMnx" version="1" changeset="1"><nd ref="6448654231" /><nd ref="6448654230" /><tag k="highway" v="footway" /><tag k="oneway" v="no" /></way><way id="515" timestamp="2026-03-30T16:38:32Z" uid="1" user="OSMnx" version="1" changeset="1"><nd ref="6448654231" /><nd ref="6448654259" /><tag k="highway" v="footway" /><tag k="oneway" v="no" /></way><way id="516" timestamp="2026-03-30T16:38:32Z" uid="1" user="OSMnx" version="1" changeset="1"><nd ref="6448654231" /><nd ref="6448654256" /><tag k="highway" v="footway" /><tag k="oneway" v="no" /></way><way id="517" timestamp="2026-03-30T16:38:32Z" uid="1" user="OSMnx" version="1" changeset="1"><nd ref="6448654232" /><nd ref="6448654272" /><tag k="highway" v="footway" /><tag k="oneway" v="no" /></way><way id="518" timestamp="2026-03-30T16:38:32Z" uid="1" user="OSMnx" version="1" changeset="1"><nd ref="6448654232" /><nd ref="6448654235" /><tag k="highway" v="footway" /><tag k="oneway" v="no" /></way><way id="519" timestamp="2026-03-30T16:38:32Z" uid="1" user="OSMnx" version="1" changeset="1"><nd ref="6448654232" /><nd ref="6448654234" /><tag k="highway" v="footway" /><tag k="oneway" v="no" /></way><way id="520" timestamp="2026-03-30T16:38:32Z" uid="1" user="OSMnx" version="1" changeset="1"><nd ref="6448654233" /><nd ref="6448654274" /><tag k="highway" v="footway" /><tag k="oneway" v="no" /></way><way id="521" timestamp="2026-03-30T16:38:32Z" uid="1" user="OSMnx" version="1" changeset="1"><nd ref="6448654233" /><nd ref="6448654234" /><tag k="highway" v="footway" /><tag k="oneway" v="no" /></way><way id="522" timestamp="2026-03-30T16:38:32Z" uid="1" user="OSMnx" version="1" changeset="1"><nd ref="6448654233" /><nd ref="6448654236" /><tag k="highway" v="footway" /><tag k="oneway" v="no" /></way><way id="523" timestamp="2026-03-30T16:38:32Z" uid="1" user="OSMnx" version="1" changeset="1"><nd ref="6448654234" /><nd ref="6448654232" /><tag k="highway" v="footway" /><tag k="oneway" v="no" /></way><way id="524" timestamp="2026-03-30T16:38:32Z" uid="1" user="OSMnx" version="1" changeset="1"><nd ref="6448654234" /><nd ref="6448654233" /><tag k="highway" v="footway" /><tag k="oneway" v="no" /></way><way id="525" timestamp="2026-03-30T16:38:32Z" uid="1" user="OSMnx" version="1" changeset="1"><nd ref="6448654234" /><nd ref="6448654262" /><tag k="highway" v="footway" /><tag k="oneway" v="no" /></way><way id="526" timestamp="2026-03-30T16:38:32Z" uid="1" user="OSMnx" version="1" changeset="1"><nd ref="6448654234" /><nd ref="6448654282" /><tag k="highway" v="footway" /><tag k="oneway" v="no" /></way><way id="527" timestamp="2026-03-30T16:38:32Z" uid="1" user="OSMnx" version="1" changeset="1"><nd ref="6448654235" /><nd ref="6448654241" /><tag k="highway" v="steps" /><tag k="oneway" v="no" /></way><way id="528" timestamp="2026-03-30T16:38:32Z" uid="1" user="OSMnx" version="1" changeset="1"><nd ref="6448654235" /><nd ref="6448654232" /><tag k="highway" v="footway" /><tag k="oneway" v="no" /></way><way id="529" timestamp="2026-03-30T16:38:32Z" uid="1" user="OSMnx" version="1" changeset="1"><nd ref="6448654236" /><nd ref="6448654233" /><tag k="highway" v="footway" /><tag k="oneway" v="no" /></way><way id="530" timestamp="2026-03-30T16:38:32Z" uid="1" user="OSMnx" version="1" changeset="1"><nd ref="6448654236" /><nd ref="6448654242" /><tag k="highway" v="steps" /><tag k="oneway" v="no" /></way><way id="531" timestamp="2026-03-30T16:38:32Z" uid="1" user="OSMnx" version="1" changeset="1"><nd ref="6448654237" /><nd ref="6448654228" /><tag k="highway" v="footway" /><tag k="oneway" v="no" /></way><way id="532" timestamp="2026-03-30T16:38:32Z" uid="1" user="OSMnx" version="1" changeset="1"><nd ref="6448654237" /><nd ref="6448654238" /><tag k="highway" v="footway" /><tag k="oneway" v="no" /></way><way id="533" timestamp="2026-03-30T16:38:32Z" uid="1" user="OSMnx" version="1" changeset="1"><nd ref="6448654238" /><nd ref="6448654237" /><tag k="highway" v="footway" /><tag k="oneway" v="no" /></way><way id="534" timestamp="2026-03-30T16:38:32Z" uid="1" user="OSMnx" version="1" changeset="1"><nd ref="6448654238" /><nd ref="6448654239" /><tag k="highway" v="footway" /><tag k="oneway" v="no" /></way><way id="535" timestamp="2026-03-30T16:38:32Z" uid="1" user="OSMnx" version="1" changeset="1"><nd ref="6448654239" /><nd ref="6448654238" /><tag k="highway" v="footway" /><tag k="oneway" v="no" /></way><way id="536" timestamp="2026-03-30T16:38:32Z" uid="1" user="OSMnx" version="1" changeset="1"><nd ref="6448654239" /><nd ref="6448654240" /><tag k="highway" v="footway" /><tag k="oneway" v="no" /></way><way id="537" timestamp="2026-03-30T16:38:32Z" uid="1" user="OSMnx" version="1" changeset="1"><nd ref="6448654240" /><nd ref="6448654239" /><tag k="highway" v="footway" /><tag k="oneway" v="no" /></way><way id="538" timestamp="2026-03-30T16:38:32Z" uid="1" user="OSMnx" version="1" changeset="1"><nd ref="6448654240" /><nd ref="6448654230" /><tag k="highway" v="footway" /><tag k="oneway" v="no" /></way><way id="539" timestamp="2026-03-30T16:38:32Z" uid="1" user="OSMnx" version="1" changeset="1"><nd ref="6448654241" /><nd ref="6448654235" /><tag k="highway" v="steps" /><tag k="oneway" v="no" /></way><way id="540" timestamp="2026-03-30T16:38:32Z" uid="1" user="OSMnx" version="1" changeset="1"><nd ref="6448654241" /><nd ref="6448654230" /><tag k="highway" v="footway" /><tag k="oneway" v="no" /></way><way id="541" timestamp="2026-03-30T16:38:32Z" uid="1" user="OSMnx" version="1" changeset="1"><nd ref="6448654242" /><nd ref="6448654236" /><tag k="highway" v="steps" /><tag k="oneway" v="no" /></way><way id="542" timestamp="2026-03-30T16:38:32Z" uid="1" user="OSMnx" version="1" changeset="1"><nd ref="6448654242" /><nd ref="6448654228" /><tag k="highway" v="footway" /><tag k="oneway" v="no" /></way><way id="543" timestamp="2026-03-30T16:38:32Z" uid="1" user="OSMnx" version="1" changeset="1"><nd ref="6448654243" /><nd ref="6448654255" /><tag k="highway" v="footway" /><tag k="oneway" v="no" /></way><way id="544" timestamp="2026-03-30T16:38:32Z" uid="1" user="OSMnx" version="1" changeset="1"><nd ref="6448654243" /><nd ref="6448654256" /><tag k="highway" v="footway" /><tag k="oneway" v="no" /></way><way id="545" timestamp="2026-03-30T16:38:32Z" uid="1" user="OSMnx" version="1" changeset="1"><nd ref="6448654244" /><nd ref="6448654253" /><tag k="highway" v="footway" /><tag k="oneway" v="no" /></way><way id="546" timestamp="2026-03-30T16:38:32Z" uid="1" user="OSMnx" version="1" changeset="1"><nd ref="6448654244" /><nd ref="6448654254" /><tag k="highway" v="footway" /><tag k="oneway" v="no" /></way><way id="547" timestamp="2026-03-30T16:38:32Z" uid="1" user="OSMnx" version="1" changeset="1"><nd ref="6448654253" /><nd ref="6448654244" /><tag k="highway" v="footway" /><tag k="oneway" v="no" /></way><way id="548" timestamp="2026-03-30T16:38:32Z" uid="1" user="OSMnx" version="1" changeset="1"><nd ref="6448654254" /><nd ref="6448654244" /><tag k="highway" v="footway" /><tag k="oneway" v="no" /></way><way id="549" timestamp="2026-03-30T16:38:32Z" uid="1" user="OSMnx" version="1" changeset="1"><nd ref="6448654254" /><nd ref="6448654268" /><tag k="highway" v="footway" /><tag k="oneway" v="no" /></way><way id="550" timestamp="2026-03-30T16:38:32Z" uid="1" user="OSMnx" version="1" changeset="1"><nd ref="6448654254" /><nd ref="6448654229" /><tag k="highway" v="footway" /><tag k="oneway" v="no" /></way><way id="551" timestamp="2026-03-30T16:38:32Z" uid="1" user="OSMnx" version="1" changeset="1"><nd ref="6448654255" /><nd ref="6448654243" /><tag k="highway" v="footway" /><tag k="oneway" v="no" /></way><way id="552" timestamp="2026-03-30T16:38:32Z" uid="1" user="OSMnx" version="1" changeset="1"><nd ref="6448654256" /><nd ref="6448654243" /><tag k="highway" v="footway" /><tag k="oneway" v="no" /></way><way id="553" timestamp="2026-03-30T16:38:32Z" uid="1" user="OSMnx" version="1" changeset="1"><nd ref="6448654256" /><nd ref="6448654231" /><tag k="highway" v="footway" /><tag k="oneway" v="no" /></way><way id="554" timestamp="2026-03-30T16:38:32Z" uid="1" user="OSMnx" version="1" changeset="1"><nd ref="6448654256" /><nd ref="6448654269" /><tag k="highway" v="footway" /><tag k="oneway" v="no" /></way><way id="555" timestamp="2026-03-30T16:38:32Z" uid="1" user="OSMnx" version="1" changeset="1"><nd ref="6448654257" /><nd ref="6448654258" /><tag k="highway" v="steps" /><tag k="oneway" v="no" /></way><way id="556" timestamp="2026-03-30T16:38:32Z" uid="1" user="OSMnx" version="1" changeset="1"><nd ref="6448654257" /><nd ref="6448654229" /><tag k="highway" v="footway" /><tag k="oneway" v="no" /></way><way id="557" timestamp="2026-03-30T16:38:32Z" uid="1" user="OSMnx" version="1" changeset="1"><nd ref="6448654258" /><nd ref="6448654257" /><tag k="highway" v="steps" /><tag k="oneway" v="no" /></way><way id="558" timestamp="2026-03-30T16:38:32Z" uid="1" user="OSMnx" version="1" changeset="1"><nd ref="6448654258" /><nd ref="6448654280" /><tag k="highway" v="footway" /><tag k="oneway" v="no" /></way><way id="559" timestamp="2026-03-30T16:38:32Z" uid="1" user="OSMnx" version="1" changeset="1"><nd ref="6448654259" /><nd ref="6448654260" /><tag k="highway" v="steps" /><tag k="oneway" v="no" /></way><way id="560" timestamp="2026-03-30T16:38:32Z" uid="1" user="OSMnx" version="1" changeset="1"><nd ref="6448654259" /><nd ref="6448654231" /><tag k="highway" v="footway" /><tag k="oneway" v="no" /></way><way id="561" timestamp="2026-03-30T16:38:32Z" uid="1" user="OSMnx" version="1" changeset="1"><nd ref="6448654260" /><nd ref="6448654279" /><tag k="highway" v="footway" /><tag k="oneway" v="no" /></way><way id="562" timestamp="2026-03-30T16:38:32Z" uid="1" user="OSMnx" version="1" changeset="1"><nd ref="6448654260" /><nd ref="6448654259" /><tag k="highway" v="steps" /><tag k="oneway" v="no" /></way><way id="563" timestamp="2026-03-30T16:38:32Z" uid="1" user="OSMnx" version="1" changeset="1"><nd ref="6448654261" /><nd ref="6448654262" /><tag k="highway" v="steps" /><tag k="oneway" v="no" /></way><way id="564" timestamp="2026-03-30T16:38:32Z" uid="1" user="OSMnx" version="1" changeset="1"><nd ref="6448654261" /><nd ref="6448654270" /><tag k="highway" v="footway" /><tag k="oneway" v="no" /></way><way id="565" timestamp="2026-03-30T16:38:32Z" uid="1" user="OSMnx" version="1" changeset="1"><nd ref="6448654262" /><nd ref="6448654261" /><tag k="highway" v="steps" /><tag k="oneway" v="no" /></way><way id="566" timestamp="2026-03-30T16:38:32Z" uid="1" user="OSMnx" version="1" changeset="1"><nd ref="6448654262" /><nd ref="6448654234" /><tag k="highway" v="footway" /><tag k="oneway" v="no" /></way><way id="567" timestamp="2026-03-30T16:38:32Z" uid="1" user="OSMnx" version="1" changeset="1"><nd ref="6448654263" /><nd ref="6448654272" /><tag k="highway" v="steps" /><tag k="oneway" v="no" /></way><way id="568" timestamp="2026-03-30T16:38:32Z" uid="1" user="OSMnx" version="1" changeset="1"><nd ref="6448654263" /><nd ref="6448654269" /><tag k="highway" v="footway" /><tag k="oneway" v="no" /></way><way id="569" timestamp="2026-03-30T16:38:32Z" uid="1" user="OSMnx" version="1" changeset="1"><nd ref="6448654264" /><nd ref="6448654274" /><tag k="highway" v="steps" /><tag k="oneway" v="no" /></way><way id="570" timestamp="2026-03-30T16:38:32Z" uid="1" user="OSMnx" version="1" changeset="1"><nd ref="6448654264" /><nd ref="6448654268" /><tag k="highway" v="footway" /><tag k="oneway" v="no" /></way><way id="571" timestamp="2026-03-30T16:38:32Z" uid="1" user="OSMnx" version="1" changeset="1"><nd ref="6448654265" /><nd ref="6448654271" /><tag k="highway" v="footway" /><tag k="oneway" v="no" /></way><way id="572" timestamp="2026-03-30T16:38:32Z" uid="1" user="OSMnx" version="1" changeset="1"><nd ref="6448654265" /><nd ref="6448654269" /><tag k="highway" v="footway" /><tag k="oneway" v="no" /></way><way id="573" timestamp="2026-03-30T16:38:32Z" uid="1" user="OSMnx" version="1" changeset="1"><nd ref="6448654266" /><nd ref="6448654281" /><tag k="highway" v="footway" /><tag k="oneway" v="no" /></way><way id="574" timestamp="2026-03-30T16:38:32Z" uid="1" user="OSMnx" version="1" changeset="1"><nd ref="6448654266" /><nd ref="6448654270" /><tag k="highway" v="footway" /><tag k="oneway" v="no" /></way><way id="575" timestamp="2026-03-30T16:38:32Z" uid="1" user="OSMnx" version="1" changeset="1"><nd ref="6448654267" /><nd ref="6448654273" /><tag k="highway" v="footway" /><tag k="oneway" v="no" /></way><way id="576" timestamp="2026-03-30T16:38:32Z" uid="1" user="OSMnx" version="1" changeset="1"><nd ref="6448654267" /><nd ref="6448654268" /><tag k="highway" v="footway" /><tag k="oneway" v="no" /></way><way id="577" timestamp="2026-03-30T16:38:32Z" uid="1" user="OSMnx" version="1" changeset="1"><nd ref="6448654268" /><nd ref="6448654267" /><tag k="highway" v="footway" /><tag k="oneway" v="no" /></way><way id="578" timestamp="2026-03-30T16:38:32Z" uid="1" user="OSMnx" version="1" changeset="1"><nd ref="6448654268" /><nd ref="6448654264" /><tag k="highway" v="footway" /><tag k="oneway" v="no" /></way><way id="579" timestamp="2026-03-30T16:38:32Z" uid="1" user="OSMnx" version="1" changeset="1"><nd ref="6448654268" /><nd ref="6448654270" /><tag k="highway" v="footway" /><tag k="oneway" v="no" /></way><way id="580" timestamp="2026-03-30T16:38:32Z" uid="1" user="OSMnx" version="1" changeset="1"><nd ref="6448654268" /><nd ref="6448654254" /><tag k="highway" v="footway" /><tag k="oneway" v="no" /></way><way id="581" timestamp="2026-03-30T16:38:32Z" uid="1" user="OSMnx" version="1" changeset="1"><nd ref="6448654269" /><nd ref="6448654265" /><tag k="highway" v="footway" /><tag k="oneway" v="no" /></way><way id="582" timestamp="2026-03-30T16:38:32Z" uid="1" user="OSMnx" version="1" changeset="1"><nd ref="6448654269" /><nd ref="6448654263" /><tag k="highway" v="footway" /><tag k="oneway" v="no" /></way><way id="583" timestamp="2026-03-30T16:38:32Z" uid="1" user="OSMnx" version="1" changeset="1"><nd ref="6448654269" /><nd ref="6448654256" /><tag k="highway" v="footway" /><tag k="oneway" v="no" /></way><way id="584" timestamp="2026-03-30T16:38:32Z" uid="1" user="OSMnx" version="1" changeset="1"><nd ref="6448654269" /><nd ref="6448654270" /><tag k="highway" v="footway" /><tag k="oneway" v="no" /></way><way id="585" timestamp="2026-03-30T16:38:32Z" uid="1" user="OSMnx" version="1" changeset="1"><nd ref="6448654270" /><nd ref="6448654269" /><tag k="highway" v="footway" /><tag k="oneway" v="no" /></way><way id="586" timestamp="2026-03-30T16:38:32Z" uid="1" user="OSMnx" version="1" changeset="1"><nd ref="6448654270" /><nd ref="6448654268" /><tag k="highway" v="footway" /><tag k="oneway" v="no" /></way><way id="587" timestamp="2026-03-30T16:38:32Z" uid="1" user="OSMnx" version="1" changeset="1"><nd ref="6448654270" /><nd ref="6448654266" /><tag k="highway" v="footway" /><tag k="oneway" v="no" /></way><way id="588" timestamp="2026-03-30T16:38:32Z" uid="1" user="OSMnx" version="1" changeset="1"><nd ref="6448654270" /><nd ref="6448654261" /><tag k="highway" v="footway" /><tag k="oneway" v="no" /></way><way id="589" timestamp="2026-03-30T16:38:32Z" uid="1" user="OSMnx" version="1" changeset="1"><nd ref="6448654271" /><nd ref="6448654265" /><tag k="highway" v="footway" /><tag k="oneway" v="no" /></way><way id="590" timestamp="2026-03-30T16:38:32Z" uid="1" user="OSMnx" version="1" changeset="1"><nd ref="6448654272" /><nd ref="6448654232" /><tag k="highway" v="footway" /><tag k="oneway" v="no" /></way><way id="591" timestamp="2026-03-30T16:38:32Z" uid="1" user="OSMnx" version="1" changeset="1"><nd ref="6448654272" /><nd ref="6448654263" /><tag k="highway" v="steps" /><tag k="oneway" v="no" /></way><way id="592" timestamp="2026-03-30T16:38:32Z" uid="1" user="OSMnx" version="1" changeset="1"><nd ref="6448654273" /><nd ref="6448654267" /><tag k="highway" v="footway" /><tag k="oneway" v="no" /></way><way id="593" timestamp="2026-03-30T16:38:32Z" uid="1" user="OSMnx" version="1" changeset="1"><nd ref="6448654274" /><nd ref="6448654233" /><tag k="highway" v="footway" /><tag k="oneway" v="no" /></way><way id="594" timestamp="2026-03-30T16:38:32Z" uid="1" user="OSMnx" version="1" changeset="1"><nd ref="6448654274" /><nd ref="6448654264" /><tag k="highway" v="steps" /><tag k="oneway" v="no" /></way><way id="595" timestamp="2026-03-30T16:38:32Z" uid="1" user="OSMnx" version="1" changeset="1"><nd ref="6448654279" /><nd ref="6448654260" /><tag k="highway" v="footway" /><tag k="oneway" v="no" /></way><way id="596" timestamp="2026-03-30T16:38:32Z" uid="1" user="OSMnx" version="1" changeset="1"><nd ref="6448654280" /><nd ref="6448654258" /><tag k="highway" v="footway" /><tag k="oneway" v="no" /></way><way id="597" timestamp="2026-03-30T16:38:32Z" uid="1" user="OSMnx" version="1" changeset="1"><nd ref="6448654281" /><nd ref="6448654266" /><tag k="highway" v="footway" /><tag k="oneway" v="no" /></way><way id="598" timestamp="2026-03-30T16:38:32Z" uid="1" user="OSMnx" version="1" changeset="1"><nd ref="6448654281" /><nd ref="8809675603" /><tag k="highway" v="footway" /><tag k="oneway" v="no" /></way><way id="599" timestamp="2026-03-30T16:38:32Z" uid="1" user="OSMnx" version="1" changeset="1"><nd ref="6448654282" /><nd ref="6448654234" /><tag k="highway" v="footway" /><tag k="oneway" v="no" /></way><way id="600" timestamp="2026-03-30T16:38:32Z" uid="1" user="OSMnx" version="1" changeset="1"><nd ref="6448666062" /><nd ref="533628789" /><tag k="highway" v="secondary" /><tag k="name" v="南河沿大街" /><tag k="oneway" v="no" /></way><way id="601" timestamp="2026-03-30T16:38:32Z" uid="1" user="OSMnx" version="1" changeset="1"><nd ref="6448666062" /><nd ref="1446052227" /><tag k="highway" v="secondary" /><tag k="name" v="南河沿大街" /><tag k="oneway" v="no" /></way><way id="602" timestamp="2026-03-30T16:38:32Z" uid="1" user="OSMnx" version="1" changeset="1"><nd ref="6448666062" /><nd ref="6448666063" /><tag k="highway" v="service" /><tag k="oneway" v="no" /></way><way id="603" timestamp="2026-03-30T16:38:32Z" uid="1" user="OSMnx" version="1" changeset="1"><nd ref="6448666063" /><nd ref="6448666062" /><tag k="highway" v="service" /><tag k="oneway" v="no" /></way><way id="604" timestamp="2026-03-30T16:38:32Z" uid="1" user="OSMnx" version="1" changeset="1"><nd ref="6448666063" /><nd ref="6448666064" /><tag k="highway" v="service" /><tag k="oneway" v="no" /></way><way id="605" timestamp="2026-03-30T16:38:32Z" uid="1" user="OSMnx" version="1" changeset="1"><nd ref="6448666064" /><nd ref="6448666063" /><tag k="highway" v="service" /><tag k="oneway" v="no" /></way><way id="606" timestamp="2026-03-30T16:38:32Z" uid="1" user="OSMnx" version="1" changeset="1"><nd ref="6448666064" /><nd ref="6448666068" /><tag k="highway" v="service" /><tag k="oneway" v="no" /></way><way id="607" timestamp="2026-03-30T16:38:32Z" uid="1" user="OSMnx" version="1" changeset="1"><nd ref="6448666065" /><nd ref="6448666068" /><tag k="highway" v="service" /><tag k="oneway" v="no" /></way><way id="608" timestamp="2026-03-30T16:38:32Z" uid="1" user="OSMnx" version="1" changeset="1"><nd ref="6448666065" /><nd ref="6448666066" /><tag k="highway" v="service" /><tag k="oneway" v="no" /></way><way id="609" timestamp="2026-03-30T16:38:32Z" uid="1" user="OSMnx" version="1" changeset="1"><nd ref="6448666066" /><nd ref="6448666065" /><tag k="highway" v="service" /><tag k="oneway" v="no" /></way><way id="610" timestamp="2026-03-30T16:38:32Z" uid="1" user="OSMnx" version="1" changeset="1"><nd ref="6448666066" /><nd ref="6448666067" /><tag k="highway" v="service" /><tag k="oneway" v="no" /></way><way id="611" timestamp="2026-03-30T16:38:32Z" uid="1" user="OSMnx" version="1" changeset="1"><nd ref="6448666067" /><nd ref="733789295" /><tag k="highway" v="tertiary" /><tag k="lanes" v="2" /><tag k="name" v="南池子大街" /><tag k="oneway" v="no" /></way><way id="612" timestamp="2026-03-30T16:38:32Z" uid="1" user="OSMnx" version="1" changeset="1"><nd ref="6448666067" /><nd ref="5810315259" /><tag k="highway" v="tertiary" /><tag k="lanes" v="2" /><tag k="name" v="南池子大街" /><tag k="oneway" v="no" /></way><way id="613" timestamp="2026-03-30T16:38:32Z" uid="1" user="OSMnx" version="1" changeset="1"><nd ref="6448666067" /><nd ref="6448666066" /><tag k="highway" v="service" /><tag k="oneway" v="no" /></way><way id="614" timestamp="2026-03-30T16:38:32Z" uid="1" user="OSMnx" version="1" changeset="1"><nd ref="6448666068" /><nd ref="6448666064" /><tag k="highway" v="service" /><tag k="oneway" v="no" /></way><way id="615" timestamp="2026-03-30T16:38:32Z" uid="1" user="OSMnx" version="1" changeset="1"><nd ref="6448666068" /><nd ref="6448666065" /><tag k="highway" v="service" /><tag k="oneway" v="no" /></way><way id="616" timestamp="2026-03-30T16:38:32Z" uid="1" user="OSMnx" version="1" changeset="1"><nd ref="6448666068" /><nd ref="6448666070" /><tag k="highway" v="service" /><tag k="oneway" v="no" /></way><way id="617" timestamp="2026-03-30T16:38:32Z" uid="1" user="OSMnx" version="1" changeset="1"><nd ref="6448666069" /><nd ref="6448666075" /><tag k="highway" v="service" /><tag k="oneway" v="no" /></way><way id="618" timestamp="2026-03-30T16:38:32Z" uid="1" user="OSMnx" version="1" changeset="1"><nd ref="6448666069" /><nd ref="8809675599" /><tag k="highway" v="service" /><tag k="oneway" v="no" /></way><way id="619" timestamp="2026-03-30T16:38:32Z" uid="1" user="OSMnx" version="1" changeset="1"><nd ref="6448666070" /><nd ref="6448666068" /><tag k="highway" v="service" /><tag k="oneway" v="no" /></way><way id="620" timestamp="2026-03-30T16:38:32Z" uid="1" user="OSMnx" version="1" changeset="1"><nd ref="6448666070" /><nd ref="6448666071" /><tag k="highway" v="service" /><tag k="oneway" v="no" /></way><way id="621" timestamp="2026-03-30T16:38:32Z" uid="1" user="OSMnx" version="1" changeset="1"><nd ref="6448666071" /><nd ref="6448666070" /><tag k="highway" v="service" /><tag k="oneway" v="no" /></way><way id="622" timestamp="2026-03-30T16:38:32Z" uid="1" user="OSMnx" version="1" changeset="1"><nd ref="6448666071" /><nd ref="1858572384" /><tag k="highway" v="service" /><tag k="oneway" v="no" /></way><way id="623" timestamp="2026-03-30T16:38:32Z" uid="1" user="OSMnx" version="1" changeset="1"><nd ref="6448666072" /><nd ref="1858572384" /><tag k="highway" v="service" /><tag k="oneway" v="no" /></way><way id="624" timestamp="2026-03-30T16:38:32Z" uid="1" user="OSMnx" version="1" changeset="1"><nd ref="6448666072" /><nd ref="6448666073" /><tag k="highway" v="service" /><tag k="oneway" v="no" /></way><way id="625" timestamp="2026-03-30T16:38:32Z" uid="1" user="OSMnx" version="1" changeset="1"><nd ref="6448666073" /><nd ref="6448666072" /><tag k="highway" v="service" /><tag k="oneway" v="no" /></way><way id="626" timestamp="2026-03-30T16:38:32Z" uid="1" user="OSMnx" version="1" changeset="1"><nd ref="6448666073" /><nd ref="6448666074" /><tag k="highway" v="service" /><tag k="oneway" v="no" /></way><way id="627" timestamp="2026-03-30T16:38:32Z" uid="1" user="OSMnx" version="1" changeset="1"><nd ref="6448666074" /><nd ref="6448666073" /><tag k="highway" v="service" /><tag k="oneway" v="no" /></way><way id="628" timestamp="2026-03-30T16:38:32Z" uid="1" user="OSMnx" version="1" changeset="1"><nd ref="6448666074" /><nd ref="6448666075" /><tag k="highway" v="service" /><tag k="oneway" v="no" /></way><way id="629" timestamp="2026-03-30T16:38:32Z" uid="1" user="OSMnx" version="1" changeset="1"><nd ref="6448666075" /><nd ref="6448666074" /><tag k="highway" v="service" /><tag k="oneway" v="no" /></way><way id="630" timestamp="2026-03-30T16:38:32Z" uid="1" user="OSMnx" version="1" changeset="1"><nd ref="6448666075" /><nd ref="6448666069" /><tag k="highway" v="service" /><tag k="oneway" v="no" /></way><way id="631" timestamp="2026-03-30T16:38:32Z" uid="1" user="OSMnx" version="1" changeset="1"><nd ref="6448666076" /><nd ref="733789032" /><tag k="highway" v="tertiary" /><tag k="lanes" v="2" /><tag k="name" v="南池子大街" /><tag k="oneway" v="no" /></way><way id="632" timestamp="2026-03-30T16:38:32Z" uid="1" user="OSMnx" version="1" changeset="1"><nd ref="6448666076" /><nd ref="733789295" /><tag k="highway" v="tertiary" /><tag k="lanes" v="2" /><tag k="name" v="南池子大街" /><tag k="oneway" v="no" /></way><way id="633" timestamp="2026-03-30T16:38:32Z" uid="1" user="OSMnx" version="1" changeset="1"><nd ref="6448666076" /><nd ref="8809675599" /><tag k="highway" v="service" /><tag k="oneway" v="no" /></way><way id="634" timestamp="2026-03-30T16:38:32Z" uid="1" user="OSMnx" version="1" changeset="1"><nd ref="6448670153" /><nd ref="6421450354" /><tag k="highway" v="footway" /><tag k="oneway" v="no" /></way><way id="635" timestamp="2026-03-30T16:38:32Z" uid="1" user="OSMnx" version="1" changeset="1"><nd ref="6448670153" /><nd ref="6421450355" /><tag k="highway" v="footway" /><tag k="oneway" v="no" /></way><way id="636" timestamp="2026-03-30T16:38:32Z" uid="1" user="OSMnx" version="1" changeset="1"><nd ref="6448670154" /><nd ref="6421637781" /><tag k="highway" v="footway" /><tag k="oneway" v="no" /></way><way id="637" timestamp="2026-03-30T16:38:32Z" uid="1" user="OSMnx" version="1" changeset="1"><nd ref="6448670154" /><nd ref="6448670169" /><tag k="highway" v="footway" /><tag k="oneway" v="no" /></way><way id="638" timestamp="2026-03-30T16:38:32Z" uid="1" user="OSMnx" version="1" changeset="1"><nd ref="6448670154" /><nd ref="6448670170" /><tag k="highway" v="footway" /><tag k="oneway" v="no" /></way><way id="639" timestamp="2026-03-30T16:38:32Z" uid="1" user="OSMnx" version="1" changeset="1"><nd ref="6448670155" /><nd ref="6421450358" /><tag k="highway" v="footway" /><tag k="oneway" v="no" /></way><way id="640" timestamp="2026-03-30T16:38:32Z" uid="1" user="OSMnx" version="1" changeset="1"><nd ref="6448670155" /><nd ref="6421450359" /><tag k="highway" v="footway" /><tag k="oneway" v="no" /></way><way id="641" timestamp="2026-03-30T16:38:32Z" uid="1" user="OSMnx" version="1" changeset="1"><nd ref="6448670155" /><nd ref="6448670156" /><tag k="highway" v="footway" /><tag k="oneway" v="no" /></way><way id="642" timestamp="2026-03-30T16:38:32Z" uid="1" user="OSMnx" version="1" changeset="1"><nd ref="6448670156" /><nd ref="6448670155" /><tag k="highway" v="footway" /><tag k="oneway" v="no" /></way><way id="643" timestamp="2026-03-30T16:38:32Z" uid="1" user="OSMnx" version="1" changeset="1"><nd ref="6448670156" /><nd ref="6448670172" /><tag k="highway" v="footway" /><tag k="oneway" v="no" /></way><way id="644" timestamp="2026-03-30T16:38:32Z" uid="1" user="OSMnx" version="1" changeset="1"><nd ref="6448670156" /><nd ref="6448670161" /><tag k="highway" v="footway" /><tag k="oneway" v="no" /></way><way id="645" timestamp="2026-03-30T16:38:32Z" uid="1" user="OSMnx" version="1" changeset="1"><nd ref="6448670157" /><nd ref="6421450359" /><tag k="highway" v="footway" /><tag k="oneway" v="no" /></way><way id="646" timestamp="2026-03-30T16:38:32Z" uid="1" user="OSMnx" version="1" changeset="1"><nd ref="6448670157" /><nd ref="6448670158" /><tag k="highway" v="footway" /><tag k="oneway" v="no" /></way><way id="647" timestamp="2026-03-30T16:38:32Z" uid="1" user="OSMnx" version="1" changeset="1"><nd ref="6448670158" /><nd ref="6448670157" /><tag k="highway" v="footway" /><tag k="oneway" v="no" /></way><way id="648" timestamp="2026-03-30T16:38:32Z" uid="1" user="OSMnx" version="1" changeset="1"><nd ref="6448670158" /><nd ref="6421637785" /><tag k="highway" v="footway" /><tag k="oneway" v="no" /></way><way id="649" timestamp="2026-03-30T16:38:32Z" uid="1" user="OSMnx" version="1" changeset="1"><nd ref="6448670159" /><nd ref="6448670160" /><tag k="highway" v="footway" /><tag k="oneway" v="no" /></way><way id="650" timestamp="2026-03-30T16:38:32Z" uid="1" user="OSMnx" version="1" changeset="1"><nd ref="6448670159" /><nd ref="6421637785" /><tag k="highway" v="footway" /><tag k="oneway" v="no" /></way><way id="651" timestamp="2026-03-30T16:38:32Z" uid="1" user="OSMnx" version="1" changeset="1"><nd ref="6448670160" /><nd ref="6448670161" /><tag k="highway" v="footway" /><tag k="oneway" v="no" /></way><way id="652" timestamp="2026-03-30T16:38:32Z" uid="1" user="OSMnx" version="1" changeset="1"><nd ref="6448670160" /><nd ref="6448670159" /><tag k="highway" v="footway" /><tag k="oneway" v="no" /></way><way id="653" timestamp="2026-03-30T16:38:32Z" uid="1" user="OSMnx" version="1" changeset="1"><nd ref="6448670161" /><nd ref="6448670156" /><tag k="highway" v="footway" /><tag k="oneway" v="no" /></way><way id="654" timestamp="2026-03-30T16:38:32Z" uid="1" user="OSMnx" version="1" changeset="1"><nd ref="6448670161" /><nd ref="6448670160" /><tag k="highway" v="footway" /><tag k="oneway" v="no" /></way><way id="655" timestamp="2026-03-30T16:38:32Z" uid="1" user="OSMnx" version="1" changeset="1"><nd ref="6448670162" /><nd ref="6448670163" /><tag k="highway" v="footway" /><tag k="oneway" v="no" /></way><way id="656" timestamp="2026-03-30T16:38:32Z" uid="1" user="OSMnx" version="1" changeset="1"><nd ref="6448670163" /><nd ref="6448670162" /><tag k="highway" v="footway" /><tag k="oneway" v="no" /></way><way id="657" timestamp="2026-03-30T16:38:32Z" uid="1" user="OSMnx" version="1" changeset="1"><nd ref="6448670163" /><nd ref="6448670164" /><tag k="highway" v="footway" /><tag k="oneway" v="no" /></way><way id="658" timestamp="2026-03-30T16:38:32Z" uid="1" user="OSMnx" version="1" changeset="1"><nd ref="6448670164" /><nd ref="6448670163" /><tag k="highway" v="footway" /><tag k="oneway" v="no" /></way><way id="659" timestamp="2026-03-30T16:38:32Z" uid="1" user="OSMnx" version="1" changeset="1"><nd ref="6448670164" /><nd ref="6448670165" /><tag k="highway" v="footway" /><tag k="oneway" v="no" /></way><way id="660" timestamp="2026-03-30T16:38:32Z" uid="1" user="OSMnx" version="1" changeset="1"><nd ref="6448670165" /><nd ref="6448670164" /><tag k="highway" v="footway" /><tag k="oneway" v="no" /></way><way id="661" timestamp="2026-03-30T16:38:32Z" uid="1" user="OSMnx" version="1" changeset="1"><nd ref="6448670165" /><nd ref="6448670166" /><tag k="highway" v="footway" /><tag k="oneway" v="no" /></way><way id="662" timestamp="2026-03-30T16:38:32Z" uid="1" user="OSMnx" version="1" changeset="1"><nd ref="6448670166" /><nd ref="6448670165" /><tag k="highway" v="footway" /><tag k="oneway" v="no" /></way><way id="663" timestamp="2026-03-30T16:38:32Z" uid="1" user="OSMnx" version="1" changeset="1"><nd ref="6448670166" /><nd ref="6448670167" /><tag k="highway" v="footway" /><tag k="oneway" v="no" /></way><way id="664" timestamp="2026-03-30T16:38:32Z" uid="1" user="OSMnx" version="1" changeset="1"><nd ref="6448670167" /><nd ref="6448670166" /><tag k="highway" v="footway" /><tag k="oneway" v="no" /></way><way id="665" timestamp="2026-03-30T16:38:32Z" uid="1" user="OSMnx" version="1" changeset="1"><nd ref="6448670167" /><nd ref="6448670168" /><tag k="highway" v="footway" /><tag k="oneway" v="no" /></way><way id="666" timestamp="2026-03-30T16:38:32Z" uid="1" user="OSMnx" version="1" changeset="1"><nd ref="6448670168" /><nd ref="6448670167" /><tag k="highway" v="footway" /><tag k="oneway" v="no" /></way><way id="667" timestamp="2026-03-30T16:38:32Z" uid="1" user="OSMnx" version="1" changeset="1"><nd ref="6448670168" /><nd ref="6448670169" /><tag k="highway" v="footway" /><tag k="oneway" v="no" /></way><way id="668" timestamp="2026-03-30T16:38:32Z" uid="1" user="OSMnx" version="1" changeset="1"><nd ref="6448670169" /><nd ref="6448670168" /><tag k="highway" v="footway" /><tag k="oneway" v="no" /></way><way id="669" timestamp="2026-03-30T16:38:32Z" uid="1" user="OSMnx" version="1" changeset="1"><nd ref="6448670169" /><nd ref="6448670154" /><tag k="highway" v="footway" /><tag k="oneway" v="no" /></way><way id="670" timestamp="2026-03-30T16:38:32Z" uid="1" user="OSMnx" version="1" changeset="1"><nd ref="6448670170" /><nd ref="6448670154" /><tag k="highway" v="footway" /><tag k="oneway" v="no" /></way><way id="671" timestamp="2026-03-30T16:38:32Z" uid="1" user="OSMnx" version="1" changeset="1"><nd ref="6448670170" /><nd ref="6448670171" /><tag k="highway" v="footway" /><tag k="oneway" v="no" /></way><way id="672" timestamp="2026-03-30T16:38:32Z" uid="1" user="OSMnx" version="1" changeset="1"><nd ref="6448670171" /><nd ref="6448670170" /><tag k="highway" v="footway" /><tag k="oneway" v="no" /></way><way id="673" timestamp="2026-03-30T16:38:32Z" uid="1" user="OSMnx" version="1" changeset="1"><nd ref="6448670171" /><nd ref="6448670172" /><tag k="highway" v="footway" /><tag k="oneway" v="no" /></way><way id="674" timestamp="2026-03-30T16:38:32Z" uid="1" user="OSMnx" version="1" changeset="1"><nd ref="6448670172" /><nd ref="6448670171" /><tag k="highway" v="footway" /><tag k="oneway" v="no" /></way><way id="675" timestamp="2026-03-30T16:38:32Z" uid="1" user="OSMnx" version="1" changeset="1"><nd ref="6448670172" /><nd ref="6448670156" /><tag k="highway" v="footway" /><tag k="oneway" v="no" /></way><way id="676" timestamp="2026-03-30T16:38:32Z" uid="1" user="OSMnx" version="1" changeset="1"><nd ref="6650368134" /><nd ref="9296257991" /><tag k="highway" v="trunk" /><tag k="lanes" v="5" /><tag k="name" v="东长安街" /><tag k="oneway" v="yes" /></way><way id="677" timestamp="2026-03-30T16:38:32Z" uid="1" user="OSMnx" version="1" changeset="1"><nd ref="6650368134" /><nd ref="6421531651" /><tag k="highway" v="tertiary" /><tag k="name" v="南池子大街" /><tag k="oneway" v="no" /></way><way id="678" timestamp="2026-03-30T16:38:32Z" uid="1" user="OSMnx" version="1" changeset="1"><nd ref="6650368134" /><nd ref="9782405935" /><tag k="highway" v="cycleway" /><tag k="oneway" v="yes" /></way><way id="679" timestamp="2026-03-30T16:38:32Z" uid="1" user="OSMnx" version="1" changeset="1"><nd ref="7825536647" /><nd ref="733858955" /><tag k="highway" v="secondary" /><tag k="name" v="南河沿大街" /><tag k="oneway" v="no" /></way><way id="680" timestamp="2026-03-30T16:38:32Z" uid="1" user="OSMnx" version="1" changeset="1"><nd ref="7825536647" /><nd ref="733858893" /><tag k="highway" v="secondary" /><tag k="name" v="南河沿大街" /><tag k="oneway" v="no" /></way><way id="681" timestamp="2026-03-30T16:38:32Z" uid="1" user="OSMnx" version="1" changeset="1"><nd ref="8742615449" /><nd ref="6421400608" /><tag k="highway" v="footway" /><tag k="oneway" v="no" /></way><way id="682" timestamp="2026-03-30T16:38:32Z" uid="1" user="OSMnx" version="1" changeset="1"><nd ref="8742615449" /><nd ref="8742615450" /><tag k="highway" v="footway" /><tag k="oneway" v="no" /></way><way id="683" timestamp="2026-03-30T16:38:32Z" uid="1" user="OSMnx" version="1" changeset="1"><nd ref="8742615449" /><nd ref="6421400610" /><tag k="highway" v="footway" /><tag k="oneway" v="no" /></way><way id="684" timestamp="2026-03-30T16:38:32Z" uid="1" user="OSMnx" version="1" changeset="1"><nd ref="8742615449" /><nd ref="6421400624" /><tag k="highway" v="footway" /><tag k="oneway" v="no" /></way><way id="685" timestamp="2026-03-30T16:38:32Z" uid="1" user="OSMnx" version="1" changeset="1"><nd ref="8742615450" /><nd ref="8742615449" /><tag k="highway" v="footway" /><tag k="oneway" v="no" /></way><way id="686" timestamp="2026-03-30T16:38:32Z" uid="1" user="OSMnx" version="1" changeset="1"><nd ref="8742615450" /><nd ref="6421400579" /><tag k="highway" v="footway" /><tag k="oneway" v="no" /></way><way id="687" timestamp="2026-03-30T16:38:32Z" uid="1" user="OSMnx" version="1" changeset="1"><nd ref="8742615450" /><nd ref="6421400612" /><tag k="highway" v="footway" /><tag k="oneway" v="no" /></way><way id="688" timestamp="2026-03-30T16:38:32Z" uid="1" user="OSMnx" version="1" changeset="1"><nd ref="8742615450" /><nd ref="6421400613" /><tag k="highway" v="footway" /><tag k="oneway" v="no" /></way><way id="689" timestamp="2026-03-30T16:38:32Z" uid="1" user="OSMnx" version="1" changeset="1"><nd ref="8742615451" /><nd ref="6421400619" /><tag k="highway" v="footway" /><tag k="oneway" v="no" /></way><way id="690" timestamp="2026-03-30T16:38:32Z" uid="1" user="OSMnx" version="1" changeset="1"><nd ref="8742615451" /><nd ref="6421400620" /><tag k="highway" v="footway" /><tag k="oneway" v="no" /></way><way id="691" timestamp="2026-03-30T16:38:32Z" uid="1" user="OSMnx" version="1" changeset="1"><nd ref="8742615451" /><nd ref="6421400623" /><tag k="highway" v="footway" /><tag k="oneway" v="no" /></way><way id="692" timestamp="2026-03-30T16:38:32Z" uid="1" user="OSMnx" version="1" changeset="1"><nd ref="8742615451" /><nd ref="6421400610" /><tag k="highway" v="footway" /><tag k="oneway" v="no" /></way><way id="693" timestamp="2026-03-30T16:38:32Z" uid="1" user="OSMnx" version="1" changeset="1"><nd ref="8742615452" /><nd ref="8742615453" /><tag k="highway" v="footway" /><tag k="oneway" v="no" /></way><way id="694" timestamp="2026-03-30T16:38:32Z" uid="1" user="OSMnx" version="1" changeset="1"><nd ref="8742615452" /><nd ref="6098824839" /><tag k="highway" v="footway" /><tag k="oneway" v="no" /></way><way id="695" timestamp="2026-03-30T16:38:32Z" uid="1" user="OSMnx" version="1" changeset="1"><nd ref="8742615453" /><nd ref="733788263" /><tag k="highway" v="service" /><tag k="oneway" v="no" /></way><way id="696" timestamp="2026-03-30T16:38:32Z" uid="1" user="OSMnx" version="1" changeset="1"><nd ref="8742615453" /><nd ref="12387991233" /><tag k="highway" v="service" /><tag k="oneway" v="no" /></way><way id="697" timestamp="2026-03-30T16:38:32Z" uid="1" user="OSMnx" version="1" changeset="1"><nd ref="8742615453" /><nd ref="8742615452" /><tag k="highway" v="footway" /><tag k="oneway" v="no" /></way><way id="698" timestamp="2026-03-30T16:38:32Z" uid="1" user="OSMnx" version="1" changeset="1"><nd ref="8742615454" /><nd ref="6094979059" /><tag k="highway" v="footway" /><tag k="oneway" v="no" /></way><way id="699" timestamp="2026-03-30T16:38:32Z" uid="1" user="OSMnx" version="1" changeset="1"><nd ref="8742615454" /><nd ref="6094979058" /><tag k="highway" v="footway" /><tag k="oneway" v="no" /></way><way id="700" timestamp="2026-03-30T16:38:32Z" uid="1" user="OSMnx" version="1" changeset="1"><nd ref="8742615454" /><nd ref="6094999383" /><tag k="highway" v="footway" /><tag k="oneway" v="no" /></way><way id="701" timestamp="2026-03-30T16:38:32Z" uid="1" user="OSMnx" version="1" changeset="1"><nd ref="8742615454" /><nd ref="6094999382" /><tag k="highway" v="footway" /><tag k="oneway" v="no" /></way><way id="702" timestamp="2026-03-30T16:38:32Z" uid="1" user="OSMnx" version="1" changeset="1"><nd ref="8809675542" /><nd ref="8809675543" /><tag k="highway" v="footway" /><tag k="oneway" v="no" /></way><way id="703" timestamp="2026-03-30T16:38:32Z" uid="1" user="OSMnx" version="1" changeset="1"><nd ref="8809675542" /><nd ref="6421531647" /><tag k="highway" v="footway" /><tag k="oneway" v="no" /></way><way id="704" timestamp="2026-03-30T16:38:32Z" uid="1" user="OSMnx" version="1" changeset="1"><nd ref="8809675542" /><nd ref="6297258074" /><tag k="highway" v="footway" /><tag k="oneway" v="no" /></way><way id="705" timestamp="2026-03-30T16:38:32Z" uid="1" user="OSMnx" version="1" changeset="1"><nd ref="8809675543" /><nd ref="6421531646" /><tag k="highway" v="footway" /><tag k="oneway" v="no" /></way><way id="706" timestamp="2026-03-30T16:38:32Z" uid="1" user="OSMnx" version="1" changeset="1"><nd ref="8809675543" /><nd ref="8809675542" /><tag k="highway" v="footway" /><tag k="oneway" v="no" /></way><way id="707" timestamp="2026-03-30T16:38:32Z" uid="1" user="OSMnx" version="1" changeset="1"><nd ref="8809675543" /><nd ref="6297246688" /><tag k="highway" v="footway" /><tag k="oneway" v="no" /></way><way id="708" timestamp="2026-03-30T16:38:32Z" uid="1" user="OSMnx" version="1" changeset="1"><nd ref="8809675588" /><nd ref="31194136" /><tag k="highway" v="secondary" /><tag k="name" v="南河沿大街" /><tag k="oneway" v="no" /></way><way id="709" timestamp="2026-03-30T16:38:32Z" uid="1" user="OSMnx" version="1" changeset="1"><nd ref="8809675588" /><nd ref="266111658" /><tag k="highway" v="secondary" /><tag k="name" v="南河沿大街" /><tag k="oneway" v="no" /></way><way id="710" timestamp="2026-03-30T16:38:32Z" uid="1" user="OSMnx" version="1" changeset="1"><nd ref="8809675589" /><nd ref="8809675590" /><tag k="highway" v="unclassified" /><tag k="name" v="东皇城门南街" /><tag k="oneway" v="yes" /></way><way id="711" timestamp="2026-03-30T16:38:32Z" uid="1" user="OSMnx" version="1" changeset="1"><nd ref="8809675594" /><nd ref="8809675595" /><tag k="highway" v="service" /><tag k="oneway" v="no" /></way><way id="712" timestamp="2026-03-30T16:38:32Z" uid="1" user="OSMnx" version="1" changeset="1"><nd ref="8809675594" /><nd ref="5824743516" /><tag k="highway" v="service" /><tag k="oneway" v="no" /></way><way id="713" timestamp="2026-03-30T16:38:32Z" uid="1" user="OSMnx" version="1" changeset="1"><nd ref="8809675595" /><nd ref="5824743517" /><tag k="highway" v="service" /><tag k="oneway" v="no" /></way><way id="714" timestamp="2026-03-30T16:38:32Z" uid="1" user="OSMnx" version="1" changeset="1"><nd ref="8809675595" /><nd ref="8809675594" /><tag k="highway" v="service" /><tag k="oneway" v="no" /></way><way id="715" timestamp="2026-03-30T16:38:32Z" uid="1" user="OSMnx" version="1" changeset="1"><nd ref="8809675597" /><nd ref="8809675599" /><tag k="highway" v="footway" /><tag k="oneway" v="no" /></way><way id="716" timestamp="2026-03-30T16:38:32Z" uid="1" user="OSMnx" version="1" changeset="1"><nd ref="8809675598" /><nd ref="8809675599" /><tag k="highway" v="footway" /><tag k="oneway" v="no" /></way><way id="717" timestamp="2026-03-30T16:38:32Z" uid="1" user="OSMnx" version="1" changeset="1"><nd ref="8809675598" /><nd ref="8809675600" /><tag k="highway" v="footway" /><tag k="oneway" v="no" /></way><way id="718" timestamp="2026-03-30T16:38:32Z" uid="1" user="OSMnx" version="1" changeset="1"><nd ref="8809675599" /><nd ref="6448666069" /><tag k="highway" v="service" /><tag k="oneway" v="no" /></way><way id="719" timestamp="2026-03-30T16:38:32Z" uid="1" user="OSMnx" version="1" changeset="1"><nd ref="8809675599" /><nd ref="6448666076" /><tag k="highway" v="service" /><tag k="oneway" v="no" /></way><way id="720" timestamp="2026-03-30T16:38:32Z" uid="1" user="OSMnx" version="1" changeset="1"><nd ref="8809675599" /><nd ref="8809675598" /><tag k="highway" v="footway" /><tag k="oneway" v="no" /></way><way id="721" timestamp="2026-03-30T16:38:32Z" uid="1" user="OSMnx" version="1" changeset="1"><nd ref="8809675599" /><nd ref="8809675597" /><tag k="highway" v="footway" /><tag k="oneway" v="no" /></way><way id="722" timestamp="2026-03-30T16:38:32Z" uid="1" user="OSMnx" version="1" changeset="1"><nd ref="8809675600" /><nd ref="8809675601" /><tag k="highway" v="footway" /><tag k="oneway" v="no" /></way><way id="723" timestamp="2026-03-30T16:38:32Z" uid="1" user="OSMnx" version="1" changeset="1"><nd ref="8809675600" /><nd ref="8809675598" /><tag k="highway" v="footway" /><tag k="oneway" v="no" /></way><way id="724" timestamp="2026-03-30T16:38:32Z" uid="1" user="OSMnx" version="1" changeset="1"><nd ref="8809675601" /><nd ref="8809675602" /><tag k="highway" v="footway" /><tag k="oneway" v="no" /></way><way id="725" timestamp="2026-03-30T16:38:32Z" uid="1" user="OSMnx" version="1" changeset="1"><nd ref="8809675601" /><nd ref="8809675600" /><tag k="highway" v="footway" /><tag k="oneway" v="no" /></way><way id="726" timestamp="2026-03-30T16:38:32Z" uid="1" user="OSMnx" version="1" changeset="1"><nd ref="8809675602" /><nd ref="8809675601" /><tag k="highway" v="footway" /><tag k="oneway" v="no" /></way><way id="727" timestamp="2026-03-30T16:38:32Z" uid="1" user="OSMnx" version="1" changeset="1"><nd ref="8809675602" /><nd ref="8809675604" /><tag k="highway" v="footway" /><tag k="oneway" v="no" /></way><way id="728" timestamp="2026-03-30T16:38:32Z" uid="1" user="OSMnx" version="1" changeset="1"><nd ref="8809675603" /><nd ref="8809675604" /><tag k="highway" v="footway" /><tag k="oneway" v="no" /></way><way id="729" timestamp="2026-03-30T16:38:32Z" uid="1" user="OSMnx" version="1" changeset="1"><nd ref="8809675603" /><nd ref="6448654281" /><tag k="highway" v="footway" /><tag k="oneway" v="no" /></way><way id="730" timestamp="2026-03-30T16:38:32Z" uid="1" user="OSMnx" version="1" changeset="1"><nd ref="8809675604" /><nd ref="8809675602" /><tag k="highway" v="footway" /><tag k="oneway" v="no" /></way><way id="731" timestamp="2026-03-30T16:38:32Z" uid="1" user="OSMnx" version="1" changeset="1"><nd ref="8809675604" /><nd ref="8809675603" /><tag k="highway" v="footway" /><tag k="oneway" v="no" /></way><way id="732" timestamp="2026-03-30T16:38:32Z" uid="1" user="OSMnx" version="1" changeset="1"><nd ref="9034942204" /><nd ref="10204347118" /><tag k="highway" v="footway" /><tag k="oneway" v="no" /></way><way id="733" timestamp="2026-03-30T16:38:32Z" uid="1" user="OSMnx" version="1" changeset="1"><nd ref="9296257991" /><nd ref="9317006999" /><tag k="highway" v="trunk" /><tag k="lanes" v="5" /><tag k="name" v="东长安街" /><tag k="oneway" v="yes" /></way><way id="734" timestamp="2026-03-30T16:38:32Z" uid="1" user="OSMnx" version="1" changeset="1"><nd ref="9296257996" /><nd ref="9296257997" /><tag k="highway" v="trunk" /><tag k="name" v="东长安街" /><tag k="oneway" v="yes" /></way><way id="735" timestamp="2026-03-30T16:38:32Z" uid="1" user="OSMnx" version="1" changeset="1"><nd ref="9296257997" /><nd ref="6095123387" /><tag k="highway" v="secondary" /><tag k="name" v="南河沿大街" /><tag k="oneway" v="no" /></way><way id="736" timestamp="2026-03-30T16:38:32Z" uid="1" user="OSMnx" version="1" changeset="1"><nd ref="9296257997" /><nd ref="6095123391" /><tag k="highway" v="trunk" /><tag k="lanes" v="5" /><tag k="name" v="东长安街" /><tag k="oneway" v="yes" /></way><way id="737" timestamp="2026-03-30T16:38:32Z" uid="1" user="OSMnx" version="1" changeset="1"><nd ref="9327598731" /><nd ref="733858893" /><tag k="highway" v="secondary" /><tag k="name" v="南河沿大街" /><tag k="oneway" v="no" /></way><way id="738" timestamp="2026-03-30T16:38:32Z" uid="1" user="OSMnx" version="1" changeset="1"><nd ref="9327598731" /><nd ref="5824743516" /><tag k="highway" v="secondary" /><tag k="name" v="南河沿大街" /><tag k="oneway" v="no" /></way><way id="739" timestamp="2026-03-30T16:38:32Z" uid="1" user="OSMnx" version="1" changeset="1"><nd ref="9327598732" /><nd ref="5824743516" /><tag k="highway" v="secondary" /><tag k="name" v="南河沿大街" /><tag k="oneway" v="no" /></way><way id="740" timestamp="2026-03-30T16:38:32Z" uid="1" user="OSMnx" version="1" changeset="1"><nd ref="9327598732" /><nd ref="533628252" /><tag k="highway" v="secondary" /><tag k="name" v="南河沿大街" /><tag k="oneway" v="no" /></way><way id="741" timestamp="2026-03-30T16:38:32Z" uid="1" user="OSMnx" version="1" changeset="1"><nd ref="9494745977" /><nd ref="9494745978" /><tag k="highway" v="footway" /><tag k="oneway" v="no" /></way><way id="742" timestamp="2026-03-30T16:38:32Z" uid="1" user="OSMnx" version="1" changeset="1"><nd ref="9494745978" /><nd ref="9494745988" /><tag k="highway" v="footway" /><tag k="oneway" v="no" /></way><way id="743" timestamp="2026-03-30T16:38:32Z" uid="1" user="OSMnx" version="1" changeset="1"><nd ref="9494745978" /><nd ref="9494745977" /><tag k="highway" v="footway" /><tag k="oneway" v="no" /></way><way id="744" timestamp="2026-03-30T16:38:32Z" uid="1" user="OSMnx" version="1" changeset="1"><nd ref="9494745979" /><nd ref="9494745986" /><tag k="highway" v="footway" /><tag k="oneway" v="no" /></way><way id="745" timestamp="2026-03-30T16:38:32Z" uid="1" user="OSMnx" version="1" changeset="1"><nd ref="9494745979" /><nd ref="9494745987" /><tag k="highway" v="footway" /><tag k="oneway" v="no" /></way><way id="746" timestamp="2026-03-30T16:38:32Z" uid="1" user="OSMnx" version="1" changeset="1"><nd ref="9494745986" /><nd ref="9494745979" /><tag k="highway" v="footway" /><tag k="oneway" v="no" /></way><way id="747" timestamp="2026-03-30T16:38:32Z" uid="1" user="OSMnx" version="1" changeset="1"><nd ref="9494745987" /><nd ref="9494745979" /><tag k="highway" v="footway" /><tag k="oneway" v="no" /></way><way id="748" timestamp="2026-03-30T16:38:32Z" uid="1" user="OSMnx" version="1" changeset="1"><nd ref="9494745987" /><nd ref="6421531644" /><tag k="highway" v="footway" /><tag k="oneway" v="no" /></way><way id="749" timestamp="2026-03-30T16:38:32Z" uid="1" user="OSMnx" version="1" changeset="1"><nd ref="9494745988" /><nd ref="6421531644" /><tag k="highway" v="footway" /><tag k="oneway" v="no" /></way><way id="750" timestamp="2026-03-30T16:38:32Z" uid="1" user="OSMnx" version="1" changeset="1"><nd ref="9494745988" /><nd ref="9494745978" /><tag k="highway" v="footway" /><tag k="oneway" v="no" /></way><way id="751" timestamp="2026-03-30T16:38:32Z" uid="1" user="OSMnx" version="1" changeset="1"><nd ref="9782405935" /><nd ref="6650368133" /><tag k="highway" v="cycleway" /><tag k="oneway" v="yes" /></way><way id="752" timestamp="2026-03-30T16:38:32Z" uid="1" user="OSMnx" version="1" changeset="1"><nd ref="9782405938" /><nd ref="6421531642" /><tag k="highway" v="tertiary" /><tag k="name" v="南池子大街" /><tag k="oneway" v="no" /></way><way id="753" timestamp="2026-03-30T16:38:32Z" uid="1" user="OSMnx" version="1" changeset="1"><nd ref="9782405938" /><nd ref="4710638744" /><tag k="highway" v="tertiary" /><tag k="name" v="南池子大街" /><tag k="oneway" v="no" /></way><way id="754" timestamp="2026-03-30T16:38:32Z" uid="1" user="OSMnx" version="1" changeset="1"><nd ref="10204347118" /><nd ref="6095123391" /><tag k="highway" v="footway" /><tag k="oneway" v="no" /></way><way id="755" timestamp="2026-03-30T16:38:32Z" uid="1" user="OSMnx" version="1" changeset="1"><nd ref="10204347118" /><nd ref="9034942204" /><tag k="highway" v="footway" /><tag k="oneway" v="no" /></way><way id="756" timestamp="2026-03-30T16:38:32Z" uid="1" user="OSMnx" version="1" changeset="1"><nd ref="10204347129" /><nd ref="6095123387" /><tag k="highway" v="footway" /><tag k="oneway" v="no" /></way><way id="757" timestamp="2026-03-30T16:38:32Z" uid="1" user="OSMnx" version="1" changeset="1"><nd ref="10204347129" /><nd ref="6421531645" /><tag k="highway" v="footway" /><tag k="oneway" v="no" /></way><way id="758" timestamp="2026-03-30T16:38:32Z" uid="1" user="OSMnx" version="1" changeset="1"><nd ref="10204347130" /><nd ref="6421531644" /><tag k="highway" v="footway" /><tag k="oneway" v="no" /></way><way id="759" timestamp="2026-03-30T16:38:32Z" uid="1" user="OSMnx" version="1" changeset="1"><nd ref="10204347130" /><nd ref="6095123387" /><tag k="highway" v="footway" /><tag k="oneway" v="no" /></way><way id="760" timestamp="2026-03-30T16:38:32Z" uid="1" user="OSMnx" version="1" changeset="1"><nd ref="12387991233" /><nd ref="8742615453" /><tag k="highway" v="service" /><tag k="oneway" v="no" /></way><way id="761" timestamp="2026-03-30T16:38:32Z" uid="1" user="OSMnx" version="1" changeset="1"><nd ref="12387991233" /><nd ref="733788152" /><tag k="highway" v="service" /><tag k="oneway" v="no" /></way><way id="762" timestamp="2026-03-30T16:38:32Z" uid="1" user="OSMnx" version="1" changeset="1"><nd ref="12507005392" /><nd ref="12507007513" /><tag k="highway" v="footway" /><tag k="oneway" v="no" /></way><way id="763" timestamp="2026-03-30T16:38:32Z" uid="1" user="OSMnx" version="1" changeset="1"><nd ref="12507005392" /><nd ref="12507005393" /><tag k="highway" v="footway" /><tag k="oneway" v="no" /></way><way id="764" timestamp="2026-03-30T16:38:32Z" uid="1" user="OSMnx" version="1" changeset="1"><nd ref="12507005393" /><nd ref="12507005392" /><tag k="highway" v="footway" /><tag k="oneway" v="no" /></way><way id="765" timestamp="2026-03-30T16:38:32Z" uid="1" user="OSMnx" version="1" changeset="1"><nd ref="12507005393" /><nd ref="12507007508" /><tag k="highway" v="footway" /><tag k="oneway" v="no" /></way><way id="766" timestamp="2026-03-30T16:38:32Z" uid="1" user="OSMnx" version="1" changeset="1"><nd ref="12507005394" /><nd ref="12507007514" /><tag k="highway" v="footway" /><tag k="oneway" v="no" /></way><way id="767" timestamp="2026-03-30T16:38:32Z" uid="1" user="OSMnx" version="1" changeset="1"><nd ref="12507005394" /><nd ref="12507005395" /><tag k="highway" v="footway" /><tag k="oneway" v="no" /></way><way id="768" timestamp="2026-03-30T16:38:32Z" uid="1" user="OSMnx" version="1" changeset="1"><nd ref="12507005395" /><nd ref="12507005394" /><tag k="highway" v="footway" /><tag k="oneway" v="no" /></way><way id="769" timestamp="2026-03-30T16:38:32Z" uid="1" user="OSMnx" version="1" changeset="1"><nd ref="12507005395" /><nd ref="12507005396" /><tag k="highway" v="footway" /><tag k="oneway" v="no" /></way><way id="770" timestamp="2026-03-30T16:38:32Z" uid="1" user="OSMnx" version="1" changeset="1"><nd ref="12507005396" /><nd ref="12507005395" /><tag k="highway" v="footway" /><tag k="oneway" v="no" /></way><way id="771" timestamp="2026-03-30T16:38:32Z" uid="1" user="OSMnx" version="1" changeset="1"><nd ref="12507005396" /><nd ref="12507005397" /><tag k="highway" v="footway" /><tag k="oneway" v="no" /></way><way id="772" timestamp="2026-03-30T16:38:32Z" uid="1" user="OSMnx" version="1" changeset="1"><nd ref="12507005397" /><nd ref="12507005396" /><tag k="highway" v="footway" /><tag k="oneway" v="no" /></way><way id="773" timestamp="2026-03-30T16:38:32Z" uid="1" user="OSMnx" version="1" changeset="1"><nd ref="12507005397" /><nd ref="12507005398" /><tag k="highway" v="footway" /><tag k="oneway" v="no" /></way><way id="774" timestamp="2026-03-30T16:38:32Z" uid="1" user="OSMnx" version="1" changeset="1"><nd ref="12507005398" /><nd ref="12507005397" /><tag k="highway" v="footway" /><tag k="oneway" v="no" /></way><way id="775" timestamp="2026-03-30T16:38:32Z" uid="1" user="OSMnx" version="1" changeset="1"><nd ref="12507005398" /><nd ref="12507005399" /><tag k="highway" v="footway" /><tag k="oneway" v="no" /></way><way id="776" timestamp="2026-03-30T16:38:32Z" uid="1" user="OSMnx" version="1" changeset="1"><nd ref="12507005399" /><nd ref="12507005398" /><tag k="highway" v="footway" /><tag k="oneway" v="no" /></way><way id="777" timestamp="2026-03-30T16:38:32Z" uid="1" user="OSMnx" version="1" changeset="1"><nd ref="12507005399" /><nd ref="12507005400" /><tag k="highway" v="footway" /><tag k="oneway" v="no" /></way><way id="778" timestamp="2026-03-30T16:38:32Z" uid="1" user="OSMnx" version="1" changeset="1"><nd ref="12507005400" /><nd ref="12507005399" /><tag k="highway" v="footway" /><tag k="oneway" v="no" /></way><way id="779" timestamp="2026-03-30T16:38:32Z" uid="1" user="OSMnx" version="1" changeset="1"><nd ref="12507005400" /><nd ref="12507007501" /><tag k="highway" v="footway" /><tag k="oneway" v="no" /></way><way id="780" timestamp="2026-03-30T16:38:32Z" uid="1" user="OSMnx" version="1" changeset="1"><nd ref="12507007501" /><nd ref="12507005400" /><tag k="highway" v="footway" /><tag k="oneway" v="no" /></way><way id="781" timestamp="2026-03-30T16:38:32Z" uid="1" user="OSMnx" version="1" changeset="1"><nd ref="12507007501" /><nd ref="12507007502" /><tag k="highway" v="footway" /><tag k="oneway" v="no" /></way><way id="782" timestamp="2026-03-30T16:38:32Z" uid="1" user="OSMnx" version="1" changeset="1"><nd ref="12507007502" /><nd ref="12507007501" /><tag k="highway" v="footway" /><tag k="oneway" v="no" /></way><way id="783" timestamp="2026-03-30T16:38:32Z" uid="1" user="OSMnx" version="1" changeset="1"><nd ref="12507007502" /><nd ref="6419498213" /><tag k="highway" v="footway" /><tag k="oneway" v="no" /></way><way id="784" timestamp="2026-03-30T16:38:32Z" uid="1" user="OSMnx" version="1" changeset="1"><nd ref="12507007502" /><nd ref="12507007505" /><tag k="highway" v="footway" /><tag k="oneway" v="no" /></way><way id="785" timestamp="2026-03-30T16:38:32Z" uid="1" user="OSMnx" version="1" changeset="1"><nd ref="12507007503" /><nd ref="12507007511" /><tag k="highway" v="footway" /><tag k="oneway" v="no" /></way><way id="786" timestamp="2026-03-30T16:38:32Z" uid="1" user="OSMnx" version="1" changeset="1"><nd ref="12507007503" /><nd ref="12507007515" /><tag k="highway" v="footway" /><tag k="oneway" v="no" /></way><way id="787" timestamp="2026-03-30T16:38:32Z" uid="1" user="OSMnx" version="1" changeset="1"><nd ref="12507007504" /><nd ref="12507007505" /><tag k="highway" v="footway" /><tag k="oneway" v="no" /></way><way id="788" timestamp="2026-03-30T16:38:32Z" uid="1" user="OSMnx" version="1" changeset="1"><nd ref="12507007504" /><nd ref="12507007514" /><tag k="highway" v="footway" /><tag k="oneway" v="no" /></way><way id="789" timestamp="2026-03-30T16:38:32Z" uid="1" user="OSMnx" version="1" changeset="1"><nd ref="12507007505" /><nd ref="12507007502" /><tag k="highway" v="footway" /><tag k="oneway" v="no" /></way><way id="790" timestamp="2026-03-30T16:38:32Z" uid="1" user="OSMnx" version="1" changeset="1"><nd ref="12507007505" /><nd ref="12507007504" /><tag k="highway" v="footway" /><tag k="oneway" v="no" /></way><way id="791" timestamp="2026-03-30T16:38:32Z" uid="1" user="OSMnx" version="1" changeset="1"><nd ref="12507007506" /><nd ref="12507007508" /><tag k="highway" v="footway" /><tag k="oneway" v="no" /></way><way id="792" timestamp="2026-03-30T16:38:32Z" uid="1" user="OSMnx" version="1" changeset="1"><nd ref="12507007506" /><nd ref="12507007509" /><tag k="highway" v="footway" /><tag k="oneway" v="no" /></way><way id="793" timestamp="2026-03-30T16:38:32Z" uid="1" user="OSMnx" version="1" changeset="1"><nd ref="12507007507" /><nd ref="12507007516" /><tag k="highway" v="footway" /><tag k="oneway" v="no" /></way><way id="794" timestamp="2026-03-30T16:38:32Z" uid="1" user="OSMnx" version="1" changeset="1"><nd ref="12507007507" /><nd ref="12507007508" /><tag k="highway" v="footway" /><tag k="oneway" v="no" /></way><way id="795" timestamp="2026-03-30T16:38:32Z" uid="1" user="OSMnx" version="1" changeset="1"><nd ref="12507007508" /><nd ref="12507005393" /><tag k="highway" v="footway" /><tag k="oneway" v="no" /></way><way id="796" timestamp="2026-03-30T16:38:32Z" uid="1" user="OSMnx" version="1" changeset="1"><nd ref="12507007508" /><nd ref="12507007507" /><tag k="highway" v="footway" /><tag k="oneway" v="no" /></way><way id="797" timestamp="2026-03-30T16:38:32Z" uid="1" user="OSMnx" version="1" changeset="1"><nd ref="12507007508" /><nd ref="12507007506" /><tag k="highway" v="footway" /><tag k="oneway" v="no" /></way><way id="798" timestamp="2026-03-30T16:38:32Z" uid="1" user="OSMnx" version="1" changeset="1"><nd ref="12507007509" /><nd ref="12507007506" /><tag k="highway" v="footway" /><tag k="oneway" v="no" /></way><way id="799" timestamp="2026-03-30T16:38:32Z" uid="1" user="OSMnx" version="1" changeset="1"><nd ref="12507007509" /><nd ref="6421407908" /><tag k="highway" v="footway" /><tag k="oneway" v="no" /></way><way id="800" timestamp="2026-03-30T16:38:32Z" uid="1" user="OSMnx" version="1" changeset="1"><nd ref="12507007510" /><nd ref="12507007515" /><tag k="highway" v="footway" /><tag k="oneway" v="no" /></way><way id="801" timestamp="2026-03-30T16:38:32Z" uid="1" user="OSMnx" version="1" changeset="1"><nd ref="12507007510" /><nd ref="12507007516" /><tag k="highway" v="footway" /><tag k="oneway" v="no" /></way><way id="802" timestamp="2026-03-30T16:38:32Z" uid="1" user="OSMnx" version="1" changeset="1"><nd ref="12507007511" /><nd ref="12507007513" /><tag k="highway" v="footway" /><tag k="oneway" v="no" /></way><way id="803" timestamp="2026-03-30T16:38:32Z" uid="1" user="OSMnx" version="1" changeset="1"><nd ref="12507007511" /><nd ref="12507007503" /><tag k="highway" v="footway" /><tag k="oneway" v="no" /></way><way id="804" timestamp="2026-03-30T16:38:32Z" uid="1" user="OSMnx" version="1" changeset="1"><nd ref="12507007512" /><nd ref="12507007514" /><tag k="highway" v="footway" /><tag k="oneway" v="no" /></way><way id="805" timestamp="2026-03-30T16:38:32Z" uid="1" user="OSMnx" version="1" changeset="1"><nd ref="12507007512" /><nd ref="12507007513" /><tag k="highway" v="footway" /><tag k="oneway" v="no" /></way><way id="806" timestamp="2026-03-30T16:38:32Z" uid="1" user="OSMnx" version="1" changeset="1"><nd ref="12507007513" /><nd ref="12507005392" /><tag k="highway" v="footway" /><tag k="oneway" v="no" /></way><way id="807" timestamp="2026-03-30T16:38:32Z" uid="1" user="OSMnx" version="1" changeset="1"><nd ref="12507007513" /><nd ref="12507007512" /><tag k="highway" v="footway" /><tag k="oneway" v="no" /></way><way id="808" timestamp="2026-03-30T16:38:32Z" uid="1" user="OSMnx" version="1" changeset="1"><nd ref="12507007513" /><nd ref="12507007511" /><tag k="highway" v="footway" /><tag k="oneway" v="no" /></way><way id="809" timestamp="2026-03-30T16:38:32Z" uid="1" user="OSMnx" version="1" changeset="1"><nd ref="12507007514" /><nd ref="12507005394" /><tag k="highway" v="footway" /><tag k="oneway" v="no" /></way><way id="810" timestamp="2026-03-30T16:38:32Z" uid="1" user="OSMnx" version="1" changeset="1"><nd ref="12507007514" /><nd ref="12507007504" /><tag k="highway" v="footway" /><tag k="oneway" v="no" /></way><way id="811" timestamp="2026-03-30T16:38:32Z" uid="1" user="OSMnx" version="1" changeset="1"><nd ref="12507007514" /><nd ref="12507007512" /><tag k="highway" v="footway" /><tag k="oneway" v="no" /></way><way id="812" timestamp="2026-03-30T16:38:32Z" uid="1" user="OSMnx" version="1" changeset="1"><nd ref="12507007515" /><nd ref="12507007503" /><tag k="highway" v="footway" /><tag k="oneway" v="no" /></way><way id="813" timestamp="2026-03-30T16:38:32Z" uid="1" user="OSMnx" version="1" changeset="1"><nd ref="12507007515" /><nd ref="12507007510" /><tag k="highway" v="footway" /><tag k="oneway" v="no" /></way><way id="814" timestamp="2026-03-30T16:38:32Z" uid="1" user="OSMnx" version="1" changeset="1"><nd ref="12507007516" /><nd ref="12507007510" /><tag k="highway" v="footway" /><tag k="oneway" v="no" /></way><way id="815" timestamp="2026-03-30T16:38:32Z" uid="1" user="OSMnx" version="1" changeset="1"><nd ref="12507007516" /><nd ref="12507007507" /><tag k="highway" v="footway" /><tag k="oneway" v="no" /></way></osm>