<?xml version='1.0' encoding='utf-8'?>
<osm version="0.6" generator="OSMnx 1.8.0"><node id="3450062755" timestamp="2026-03-31T16:45:31Z" uid="1" user="OSMnx" version="1" changeset="1" lat="23.024547" lon="113.749824" /><node id="3450062759" timestamp="2026-03-31T16:45:31Z" uid="1" user="OSMnx" version="1" changeset="1" lat="23.02452" lon="113.751833" /><node id="3450062770" timestamp="2026-03-31T16:45:31Z" uid="1" user="OSMnx" version="1" changeset="1" lat="23.025265" lon="113.754106" /><node id="3450062771" timestamp="2026-03-31T16:45:31Z" uid="1" user="OSMnx" version="1" changeset="1" lat="23.025047" lon="113.753586" /><node id="3450062774" timestamp="2026-03-31T16:45:31Z" uid="1" user="OSMnx" version="1" changeset="1" lat="23.024706" lon="113.752856" /><node id="3450062775" timestamp="2026-03-31T16:45:31Z" uid="1" user="OSMnx" version="1" changeset="1" lat="23.024622" lon="113.751823" /><node id="3450062789" timestamp="2026-03-31T16:45:31Z" uid="1" user="OSMnx" version="1" changeset="1" lat="23.024459" lon="113.749974" /><node id="3450062791" timestamp="2026-03-31T16:45:31Z" uid="1" user="OSMnx" version="1" changeset="1" lat="23.024552" lon="113.749902"><tag k="highway" v="traffic_signals" /></node><node id="3450062792" timestamp="2026-03-31T16:45:31Z" uid="1" user="OSMnx" version="1" changeset="1" lat="23.024626" lon="113.752532" /><node id="3450066194" timestamp="2026-03-31T16:45:31Z" uid="1" user="OSMnx" version="1" changeset="1" lat="23.024969" lon="113.753668" /><node id="3450066201" timestamp="2026-03-31T16:45:31Z" uid="1" user="OSMnx" version="1" changeset="1" lat="23.02468" lon="113.748823" /><node id="3450066202" timestamp="2026-03-31T16:45:31Z" uid="1" user="OSMnx" version="1" changeset="1" lat="23.025144" lon="113.753823" /><node id="3450066213" timestamp="2026-03-31T16:45:31Z" uid="1" user="OSMnx" version="1" changeset="1" lat="23.024763" lon="113.748816" /><node id="3450066214" timestamp="2026-03-31T16:45:31Z" uid="1" user="OSMnx" version="1" changeset="1" lat="23.024565" lon="113.749268" /><node id="3450066232" timestamp="2026-03-31T16:45:31Z" uid="1" user="OSMnx" version="1" changeset="1" lat="23.024804" lon="113.752823" /><node id="3450066235" timestamp="2026-03-31T16:45:31Z" uid="1" user="OSMnx" version="1" changeset="1" lat="23.024464" lon="113.751064" /><node id="3450066240" timestamp="2026-03-31T16:45:31Z" uid="1" user="OSMnx" version="1" changeset="1" lat="23.025175" lon="113.754158" /><node id="3450066245" timestamp="2026-03-31T16:45:31Z" uid="1" user="OSMnx" version="1" changeset="1" lat="23.0254" lon="113.75436" /><node id="3450066250" timestamp="2026-03-31T16:45:31Z" uid="1" user="OSMnx" version="1" changeset="1" lat="23.025313" lon="113.754419" /><node id="3450066262" timestamp="2026-03-31T16:45:31Z" uid="1" user="OSMnx" version="1" changeset="1" lat="23.024505" lon="113.749492"><tag k="highway" v="traffic_signals" /></node><node id="3450066264" timestamp="2026-03-31T16:45:31Z" uid="1" user="OSMnx" version="1" changeset="1" lat="23.02505" lon="113.753868" /><node id="3450066268" timestamp="2026-03-31T16:45:31Z" uid="1" user="OSMnx" version="1" changeset="1" lat="23.024654" lon="113.752145" /><node id="3450066271" timestamp="2026-03-31T16:45:31Z" uid="1" user="OSMnx" version="1" changeset="1" lat="23.024725" lon="113.752506" /><node id="3450066275" timestamp="2026-03-31T16:45:31Z" uid="1" user="OSMnx" version="1" changeset="1" lat="23.024636" lon="113.749297" /><node id="3450066281" timestamp="2026-03-31T16:45:31Z" uid="1" user="OSMnx" version="1" changeset="1" lat="23.024566" lon="113.75106" /><node id="3450066285" timestamp="2026-03-31T16:45:31Z" uid="1" user="OSMnx" version="1" changeset="1" lat="23.024553" lon="113.752162" /><node id="3464967046" timestamp="2026-03-31T16:45:31Z" uid="1" user="OSMnx" version="1" changeset="1" lat="23.018983" lon="113.752809" /><node id="3464967047" timestamp="2026-03-31T16:45:31Z" uid="1" user="OSMnx" version="1" changeset="1" lat="23.01895" lon="113.752741" /><node id="3464967066" timestamp="2026-03-31T16:45:31Z" uid="1" user="OSMnx" version="1" changeset="1" lat="23.020378" lon="113.751751" /><node id="3464967073" timestamp="2026-03-31T16:45:31Z" uid="1" user="OSMnx" version="1" changeset="1" lat="23.019183" lon="113.752723" /><node id="3464967074" timestamp="2026-03-31T16:45:31Z" uid="1" user="OSMnx" version="1" changeset="1" lat="23.019745" lon="113.75229" /><node id="3464967294" timestamp="2026-03-31T16:45:31Z" uid="1" user="OSMnx" version="1" changeset="1" lat="23.019379" lon="113.752613" /><node id="3464967301" timestamp="2026-03-31T16:45:31Z" uid="1" user="OSMnx" version="1" changeset="1" lat="23.018128" lon="113.752951" /><node id="3464967315" timestamp="2026-03-31T16:45:31Z" uid="1" user="OSMnx" version="1" changeset="1" lat="23.01821" lon="113.748355" /><node id="3464967317" timestamp="2026-03-31T16:45:31Z" uid="1" user="OSMnx" version="1" changeset="1" lat="23.019344" lon="113.752544" /><node id="3464967319" timestamp="2026-03-31T16:45:31Z" uid="1" user="OSMnx" version="1" changeset="1" lat="23.023602" lon="113.74946" /><node id="3464967326" timestamp="2026-03-31T16:45:31Z" uid="1" user="OSMnx" version="1" changeset="1" lat="23.017529" lon="113.752759" /><node id="3464967328" timestamp="2026-03-31T16:45:31Z" uid="1" user="OSMnx" version="1" changeset="1" lat="23.020423" lon="113.751535" /><node id="3464967337" timestamp="2026-03-31T16:45:31Z" uid="1" user="OSMnx" version="1" changeset="1" lat="23.016807" lon="113.752555" /><node id="3464967342" timestamp="2026-03-31T16:45:31Z" uid="1" user="OSMnx" version="1" changeset="1" lat="23.019978" lon="113.752206" /><node id="3464967343" timestamp="2026-03-31T16:45:31Z" uid="1" user="OSMnx" version="1" changeset="1" lat="23.020649" lon="113.751225" /><node id="3464967344" timestamp="2026-03-31T16:45:31Z" uid="1" user="OSMnx" version="1" changeset="1" lat="23.020262" lon="113.751907" /><node id="3464967362" timestamp="2026-03-31T16:45:31Z" uid="1" user="OSMnx" version="1" changeset="1" lat="23.019933" lon="113.752145" /><node id="3464967369" timestamp="2026-03-31T16:45:31Z" uid="1" user="OSMnx" version="1" changeset="1" lat="23.02032" lon="113.751704" /><node id="3464967370" timestamp="2026-03-31T16:45:31Z" uid="1" user="OSMnx" version="1" changeset="1" lat="23.020638" lon="113.751038" /><node id="3464967371" timestamp="2026-03-31T16:45:31Z" uid="1" user="OSMnx" version="1" changeset="1" lat="23.019788" lon="113.748708" /><node id="3464967382" timestamp="2026-03-31T16:45:31Z" uid="1" user="OSMnx" version="1" changeset="1" lat="23.018132" lon="113.752873" /><node id="3464967383" timestamp="2026-03-31T16:45:31Z" uid="1" user="OSMnx" version="1" changeset="1" lat="23.017956" lon="113.752942" /><node id="3464967384" timestamp="2026-03-31T16:45:31Z" uid="1" user="OSMnx" version="1" changeset="1" lat="23.016826" lon="113.752478" /><node id="3464967392" timestamp="2026-03-31T16:45:31Z" uid="1" user="OSMnx" version="1" changeset="1" lat="23.020583" lon="113.751193" /><node id="3464967394" timestamp="2026-03-31T16:45:31Z" uid="1" user="OSMnx" version="1" changeset="1" lat="23.020084" lon="113.751992" /><node id="3464967402" timestamp="2026-03-31T16:45:31Z" uid="1" user="OSMnx" version="1" changeset="1" lat="23.019149" lon="113.752652" /><node id="3464967403" timestamp="2026-03-31T16:45:31Z" uid="1" user="OSMnx" version="1" changeset="1" lat="23.018364" lon="113.752953" /><node id="3464967405" timestamp="2026-03-31T16:45:31Z" uid="1" user="OSMnx" version="1" changeset="1" lat="23.021939" lon="113.749167" /><node id="3464967406" timestamp="2026-03-31T16:45:31Z" uid="1" user="OSMnx" version="1" changeset="1" lat="23.021216" lon="113.74891" /><node id="3464967428" timestamp="2026-03-31T16:45:31Z" uid="1" user="OSMnx" version="1" changeset="1" lat="23.020576" lon="113.751406" /><node id="3464967430" timestamp="2026-03-31T16:45:31Z" uid="1" user="OSMnx" version="1" changeset="1" lat="23.020484" lon="113.751577" /><node id="3464967437" timestamp="2026-03-31T16:45:31Z" uid="1" user="OSMnx" version="1" changeset="1" lat="23.01766" lon="113.752882" /><node id="3464967439" timestamp="2026-03-31T16:45:31Z" uid="1" user="OSMnx" version="1" changeset="1" lat="23.020696" lon="113.750824" /><node id="3464967442" timestamp="2026-03-31T16:45:31Z" uid="1" user="OSMnx" version="1" changeset="1" lat="23.021151" lon="113.748896" /><node id="3464967444" timestamp="2026-03-31T16:45:31Z" uid="1" user="OSMnx" version="1" changeset="1" lat="23.018565" lon="113.75285" /><node id="3464967465" timestamp="2026-03-31T16:45:31Z" uid="1" user="OSMnx" version="1" changeset="1" lat="23.018359" lon="113.752876" /><node id="3464967484" timestamp="2026-03-31T16:45:31Z" uid="1" user="OSMnx" version="1" changeset="1" lat="23.020133" lon="113.752049" /><node id="3464967487" timestamp="2026-03-31T16:45:31Z" uid="1" user="OSMnx" version="1" changeset="1" lat="23.020706" lon="113.751062" /><node id="3464967501" timestamp="2026-03-31T16:45:31Z" uid="1" user="OSMnx" version="1" changeset="1" lat="23.020513" lon="113.751368" /><node id="3464967513" timestamp="2026-03-31T16:45:31Z" uid="1" user="OSMnx" version="1" changeset="1" lat="23.017662" lon="113.752804" /><node id="3464967514" timestamp="2026-03-31T16:45:31Z" uid="1" user="OSMnx" version="1" changeset="1" lat="23.01659" lon="113.747887" /><node id="3464967519" timestamp="2026-03-31T16:45:31Z" uid="1" user="OSMnx" version="1" changeset="1" lat="23.018777" lon="113.752881" /><node id="3464967522" timestamp="2026-03-31T16:45:31Z" uid="1" user="OSMnx" version="1" changeset="1" lat="23.016583" lon="113.747992" /><node id="3464967523" timestamp="2026-03-31T16:45:31Z" uid="1" user="OSMnx" version="1" changeset="1" lat="23.018575" lon="113.752927" /><node id="3464967533" timestamp="2026-03-31T16:45:31Z" uid="1" user="OSMnx" version="1" changeset="1" lat="23.020208" lon="113.751855" /><node id="3464967534" timestamp="2026-03-31T16:45:31Z" uid="1" user="OSMnx" version="1" changeset="1" lat="23.018156" lon="113.748234" /><node id="3464967536" timestamp="2026-03-31T16:45:31Z" uid="1" user="OSMnx" version="1" changeset="1" lat="23.01978" lon="113.752357" /><node id="3464967537" timestamp="2026-03-31T16:45:31Z" uid="1" user="OSMnx" version="1" changeset="1" lat="23.01985" lon="113.748601" /><node id="3464967541" timestamp="2026-03-31T16:45:31Z" uid="1" user="OSMnx" version="1" changeset="1" lat="23.017959" lon="113.752866" /><node id="3464967545" timestamp="2026-03-31T16:45:31Z" uid="1" user="OSMnx" version="1" changeset="1" lat="23.023427" lon="113.74951" /><node id="3464967547" timestamp="2026-03-31T16:45:31Z" uid="1" user="OSMnx" version="1" changeset="1" lat="23.021133" lon="113.748995" /><node id="3464967566" timestamp="2026-03-31T16:45:31Z" uid="1" user="OSMnx" version="1" changeset="1" lat="23.021957" lon="113.749068" /><node id="3464967570" timestamp="2026-03-31T16:45:31Z" uid="1" user="OSMnx" version="1" changeset="1" lat="23.024461" lon="113.749827" /><node id="3464967574" timestamp="2026-03-31T16:45:31Z" uid="1" user="OSMnx" version="1" changeset="1" lat="23.018761" lon="113.752805" /><node id="3464967575" timestamp="2026-03-31T16:45:31Z" uid="1" user="OSMnx" version="1" changeset="1" lat="23.017506" lon="113.752833" /><node id="3464967577" timestamp="2026-03-31T16:45:31Z" uid="1" user="OSMnx" version="1" changeset="1" lat="23.021198" lon="113.749009" /><node id="3464967579" timestamp="2026-03-31T16:45:31Z" uid="1" user="OSMnx" version="1" changeset="1" lat="23.020765" lon="113.750844" /><node id="4191936607" timestamp="2026-03-31T16:45:31Z" uid="1" user="OSMnx" version="1" changeset="1" lat="23.02393" lon="113.754102" /><node id="4191936610" timestamp="2026-03-31T16:45:31Z" uid="1" user="OSMnx" version="1" changeset="1" lat="23.021501" lon="113.754322" /><node id="4191936611" timestamp="2026-03-31T16:45:31Z" uid="1" user="OSMnx" version="1" changeset="1" lat="23.020789" lon="113.754589" /><node id="4191936614" timestamp="2026-03-31T16:45:31Z" uid="1" user="OSMnx" version="1" changeset="1" lat="23.020309" lon="113.754845" /><node id="4191936618" timestamp="2026-03-31T16:45:31Z" uid="1" user="OSMnx" version="1" changeset="1" lat="23.021479" lon="113.754239" /><node id="4191936622" timestamp="2026-03-31T16:45:31Z" uid="1" user="OSMnx" version="1" changeset="1" lat="23.023812" lon="113.75472" /><node id="4191936625" timestamp="2026-03-31T16:45:31Z" uid="1" user="OSMnx" version="1" changeset="1" lat="23.024855" lon="113.753352" /><node id="4191936626" timestamp="2026-03-31T16:45:31Z" uid="1" user="OSMnx" version="1" changeset="1" lat="23.020521" lon="113.754668" /><node id="4191936640" timestamp="2026-03-31T16:45:31Z" uid="1" user="OSMnx" version="1" changeset="1" lat="23.020908" lon="113.754528" /><node id="4191936641" timestamp="2026-03-31T16:45:31Z" uid="1" user="OSMnx" version="1" changeset="1" lat="23.021214" lon="113.754414" /><node id="4191936642" timestamp="2026-03-31T16:45:31Z" uid="1" user="OSMnx" version="1" changeset="1" lat="23.024949" lon="113.753322" /><node id="4191936643" timestamp="2026-03-31T16:45:31Z" uid="1" user="OSMnx" version="1" changeset="1" lat="23.020039" lon="113.755087" /><node id="4191936644" timestamp="2026-03-31T16:45:31Z" uid="1" user="OSMnx" version="1" changeset="1" lat="23.023899" lon="113.754403" /><node id="4191936646" timestamp="2026-03-31T16:45:31Z" uid="1" user="OSMnx" version="1" changeset="1" lat="23.0239" lon="113.753685" /><node id="4191936647" timestamp="2026-03-31T16:45:31Z" uid="1" user="OSMnx" version="1" changeset="1" lat="23.019456" lon="113.752474" /><node id="4191936649" timestamp="2026-03-31T16:45:31Z" uid="1" user="OSMnx" version="1" changeset="1" lat="23.020717" lon="113.754631" /><node id="4191936651" timestamp="2026-03-31T16:45:31Z" uid="1" user="OSMnx" version="1" changeset="1" lat="23.021203" lon="113.754328" /><node id="4191936659" timestamp="2026-03-31T16:45:31Z" uid="1" user="OSMnx" version="1" changeset="1" lat="23.023723" lon="113.753654" /><node id="4191936661" timestamp="2026-03-31T16:45:31Z" uid="1" user="OSMnx" version="1" changeset="1" lat="23.024689" lon="113.753399" /><node id="4191936664" timestamp="2026-03-31T16:45:31Z" uid="1" user="OSMnx" version="1" changeset="1" lat="23.020087" lon="113.755145" /><node id="4191936670" timestamp="2026-03-31T16:45:31Z" uid="1" user="OSMnx" version="1" changeset="1" lat="23.020883" lon="113.754439" /><node id="4191936676" timestamp="2026-03-31T16:45:31Z" uid="1" user="OSMnx" version="1" changeset="1" lat="23.023674" lon="113.755085" /><node id="4191936677" timestamp="2026-03-31T16:45:31Z" uid="1" user="OSMnx" version="1" changeset="1" lat="23.02357" lon="113.755249" /><node id="4191936683" timestamp="2026-03-31T16:45:31Z" uid="1" user="OSMnx" version="1" changeset="1" lat="23.019523" lon="113.752431" /><node id="4191936684" timestamp="2026-03-31T16:45:31Z" uid="1" user="OSMnx" version="1" changeset="1" lat="23.022229" lon="113.754039" /><node id="4191936686" timestamp="2026-03-31T16:45:31Z" uid="1" user="OSMnx" version="1" changeset="1" lat="23.020561" lon="113.754733" /><node id="4191936687" timestamp="2026-03-31T16:45:31Z" uid="1" user="OSMnx" version="1" changeset="1" lat="23.020354" lon="113.754906" /><node id="4193374932" timestamp="2026-03-31T16:45:31Z" uid="1" user="OSMnx" version="1" changeset="1" lat="23.01842" lon="113.75287" /><node id="4193374933" timestamp="2026-03-31T16:45:31Z" uid="1" user="OSMnx" version="1" changeset="1" lat="23.022019" lon="113.751889" /><node id="4193374942" timestamp="2026-03-31T16:45:31Z" uid="1" user="OSMnx" version="1" changeset="1" lat="23.022369" lon="113.751091" /><node id="4193374945" timestamp="2026-03-31T16:45:31Z" uid="1" user="OSMnx" version="1" changeset="1" lat="23.023598" lon="113.752593" /><node id="4193374948" timestamp="2026-03-31T16:45:31Z" uid="1" user="OSMnx" version="1" changeset="1" lat="23.023562" lon="113.753214" /><node id="4193374951" timestamp="2026-03-31T16:45:31Z" uid="1" user="OSMnx" version="1" changeset="1" lat="23.023892" lon="113.752952" /><node id="4193374953" timestamp="2026-03-31T16:45:31Z" uid="1" user="OSMnx" version="1" changeset="1" lat="23.023835" lon="113.752713" /><node id="4193374958" timestamp="2026-03-31T16:45:31Z" uid="1" user="OSMnx" version="1" changeset="1" lat="23.023771" lon="113.752648" /><node id="4193374965" timestamp="2026-03-31T16:45:31Z" uid="1" user="OSMnx" version="1" changeset="1" lat="23.022797" lon="113.749831" /><node id="4193374972" timestamp="2026-03-31T16:45:31Z" uid="1" user="OSMnx" version="1" changeset="1" lat="23.023371" lon="113.752727" /><node id="4193374973" timestamp="2026-03-31T16:45:31Z" uid="1" user="OSMnx" version="1" changeset="1" lat="23.023325" lon="113.752961" /><node id="4193374981" timestamp="2026-03-31T16:45:31Z" uid="1" user="OSMnx" version="1" changeset="1" lat="23.023877" lon="113.753016" /><node id="4193374982" timestamp="2026-03-31T16:45:31Z" uid="1" user="OSMnx" version="1" changeset="1" lat="23.023342" lon="113.753026" /><node id="4193375693" timestamp="2026-03-31T16:45:31Z" uid="1" user="OSMnx" version="1" changeset="1" lat="23.023506" lon="113.753197" /><node id="4193375708" timestamp="2026-03-31T16:45:31Z" uid="1" user="OSMnx" version="1" changeset="1" lat="23.023323" lon="113.752891" /><node id="4193375709" timestamp="2026-03-31T16:45:31Z" uid="1" user="OSMnx" version="1" changeset="1" lat="23.022782" lon="113.749482" /><node id="4193375713" timestamp="2026-03-31T16:45:31Z" uid="1" user="OSMnx" version="1" changeset="1" lat="23.021894" lon="113.752174" /><node id="4193375726" timestamp="2026-03-31T16:45:31Z" uid="1" user="OSMnx" version="1" changeset="1" lat="23.023649" lon="113.753214" /><node id="4193375728" timestamp="2026-03-31T16:45:31Z" uid="1" user="OSMnx" version="1" changeset="1" lat="23.022801" lon="113.749945" /><node id="4193375741" timestamp="2026-03-31T16:45:31Z" uid="1" user="OSMnx" version="1" changeset="1" lat="23.023441" lon="113.75316" /><node id="4193375742" timestamp="2026-03-31T16:45:31Z" uid="1" user="OSMnx" version="1" changeset="1" lat="23.023754" lon="113.753178" /><node id="4193375749" timestamp="2026-03-31T16:45:31Z" uid="1" user="OSMnx" version="1" changeset="1" lat="23.023844" lon="113.753083" /><node id="4193375750" timestamp="2026-03-31T16:45:31Z" uid="1" user="OSMnx" version="1" changeset="1" lat="23.023343" lon="113.752782" /><node id="4193375751" timestamp="2026-03-31T16:45:31Z" uid="1" user="OSMnx" version="1" changeset="1" lat="23.023519" lon="113.752606" /><node id="4193375753" timestamp="2026-03-31T16:45:31Z" uid="1" user="OSMnx" version="1" changeset="1" lat="23.023784" lon="113.753152" /><node id="4193375758" timestamp="2026-03-31T16:45:31Z" uid="1" user="OSMnx" version="1" changeset="1" lat="23.024514" lon="113.751739" /><node id="4193375760" timestamp="2026-03-31T16:45:31Z" uid="1" user="OSMnx" version="1" changeset="1" lat="23.023377" lon="113.753092" /><node id="4193375763" timestamp="2026-03-31T16:45:31Z" uid="1" user="OSMnx" version="1" changeset="1" lat="23.023882" lon="113.752809" /><node id="4193375764" timestamp="2026-03-31T16:45:31Z" uid="1" user="OSMnx" version="1" changeset="1" lat="23.023322" lon="113.752866" /><node id="4193375769" timestamp="2026-03-31T16:45:31Z" uid="1" user="OSMnx" version="1" changeset="1" lat="23.021974" lon="113.7541" /><node id="4193375771" timestamp="2026-03-31T16:45:31Z" uid="1" user="OSMnx" version="1" changeset="1" lat="23.02273" lon="113.75027" /><node id="4193375774" timestamp="2026-03-31T16:45:31Z" uid="1" user="OSMnx" version="1" changeset="1" lat="23.022781" lon="113.750074" /><node id="4193375775" timestamp="2026-03-31T16:45:31Z" uid="1" user="OSMnx" version="1" changeset="1" lat="23.023795" lon="113.751769" /><node id="4193375776" timestamp="2026-03-31T16:45:31Z" uid="1" user="OSMnx" version="1" changeset="1" lat="23.02368" lon="113.753208" /><node id="4193375778" timestamp="2026-03-31T16:45:31Z" uid="1" user="OSMnx" version="1" changeset="1" lat="23.023718" lon="113.752616" /><node id="4193375779" timestamp="2026-03-31T16:45:31Z" uid="1" user="OSMnx" version="1" changeset="1" lat="23.021754" lon="113.752493" /><node id="4193375782" timestamp="2026-03-31T16:45:31Z" uid="1" user="OSMnx" version="1" changeset="1" lat="23.023666" lon="113.752598" /><node id="4193375787" timestamp="2026-03-31T16:45:31Z" uid="1" user="OSMnx" version="1" changeset="1" lat="23.023535" lon="113.751693" /><node id="4193375794" timestamp="2026-03-31T16:45:31Z" uid="1" user="OSMnx" version="1" changeset="1" lat="23.023893" lon="113.75286" /><node id="4193375796" timestamp="2026-03-31T16:45:31Z" uid="1" user="OSMnx" version="1" changeset="1" lat="23.018426" lon="113.752945" /><node id="4193375801" timestamp="2026-03-31T16:45:31Z" uid="1" user="OSMnx" version="1" changeset="1" lat="23.023438" lon="113.752653" /><node id="4193375802" timestamp="2026-03-31T16:45:31Z" uid="1" user="OSMnx" version="1" changeset="1" lat="23.023802" lon="113.753317" /><node id="4853233922" timestamp="2026-03-31T16:45:31Z" uid="1" user="OSMnx" version="1" changeset="1" lat="23.021231" lon="113.747903" /><node id="4853234075" timestamp="2026-03-31T16:45:31Z" uid="1" user="OSMnx" version="1" changeset="1" lat="23.022202" lon="113.747068" /><node id="4853234077" timestamp="2026-03-31T16:45:31Z" uid="1" user="OSMnx" version="1" changeset="1" lat="23.021614" lon="113.747638" /><node id="5071249800" timestamp="2026-03-31T16:45:31Z" uid="1" user="OSMnx" version="1" changeset="1" lat="23.024749" lon="113.748529" /><node id="5071278056" timestamp="2026-03-31T16:45:31Z" uid="1" user="OSMnx" version="1" changeset="1" lat="23.021733" lon="113.747551" /><node id="5071278057" timestamp="2026-03-31T16:45:31Z" uid="1" user="OSMnx" version="1" changeset="1" lat="23.02202" lon="113.748249" /><node id="5071278058" timestamp="2026-03-31T16:45:31Z" uid="1" user="OSMnx" version="1" changeset="1" lat="23.02206" lon="113.748316" /><node id="5071278059" timestamp="2026-03-31T16:45:31Z" uid="1" user="OSMnx" version="1" changeset="1" lat="23.022184" lon="113.748377" /><node id="5071278060" timestamp="2026-03-31T16:45:31Z" uid="1" user="OSMnx" version="1" changeset="1" lat="23.023919" lon="113.748836" /><node id="5071278061" timestamp="2026-03-31T16:45:31Z" uid="1" user="OSMnx" version="1" changeset="1" lat="23.023966" lon="113.748834" /><node id="5071278062" timestamp="2026-03-31T16:45:31Z" uid="1" user="OSMnx" version="1" changeset="1" lat="23.024009" lon="113.748811" /><node id="5071278063" timestamp="2026-03-31T16:45:31Z" uid="1" user="OSMnx" version="1" changeset="1" lat="23.024182" lon="113.748138" /><node id="5071278064" timestamp="2026-03-31T16:45:31Z" uid="1" user="OSMnx" version="1" changeset="1" lat="23.02358" lon="113.747726" /><node id="5071278065" timestamp="2026-03-31T16:45:31Z" uid="1" user="OSMnx" version="1" changeset="1" lat="23.022912" lon="113.748571" /><node id="5071278066" timestamp="2026-03-31T16:45:31Z" uid="1" user="OSMnx" version="1" changeset="1" lat="23.022749" lon="113.749255" /><node id="7462518715" timestamp="2026-03-31T16:45:31Z" uid="1" user="OSMnx" version="1" changeset="1" lat="23.018486" lon="113.753858" /><node id="7462518716" timestamp="2026-03-31T16:45:31Z" uid="1" user="OSMnx" version="1" changeset="1" lat="23.018427" lon="113.753848" /><node id="7462518732" timestamp="2026-03-31T16:45:31Z" uid="1" user="OSMnx" version="1" changeset="1" lat="23.017059" lon="113.756261" /><node id="7462518733" timestamp="2026-03-31T16:45:31Z" uid="1" user="OSMnx" version="1" changeset="1" lat="23.017037" lon="113.756378" /><node id="7462518734" timestamp="2026-03-31T16:45:31Z" uid="1" user="OSMnx" version="1" changeset="1" lat="23.017101" lon="113.756507" /><node id="7462518735" timestamp="2026-03-31T16:45:31Z" uid="1" user="OSMnx" version="1" changeset="1" lat="23.017224" lon="113.756658" /><node id="7462518736" timestamp="2026-03-31T16:45:31Z" uid="1" user="OSMnx" version="1" changeset="1" lat="23.016856" lon="113.756261" /><node id="7462518737" timestamp="2026-03-31T16:45:31Z" uid="1" user="OSMnx" version="1" changeset="1" lat="23.016777" lon="113.756242" /><node id="7462518738" timestamp="2026-03-31T16:45:31Z" uid="1" user="OSMnx" version="1" changeset="1" lat="23.016608" lon="113.756173" /><node id="7462518739" timestamp="2026-03-31T16:45:31Z" uid="1" user="OSMnx" version="1" changeset="1" lat="23.018378" lon="113.754201" /><node id="7462518740" timestamp="2026-03-31T16:45:31Z" uid="1" user="OSMnx" version="1" changeset="1" lat="23.018431" lon="113.754209" /><node id="7462518741" timestamp="2026-03-31T16:45:31Z" uid="1" user="OSMnx" version="1" changeset="1" lat="23.019753" lon="113.755389" /><node id="7462518742" timestamp="2026-03-31T16:45:31Z" uid="1" user="OSMnx" version="1" changeset="1" lat="23.019802" lon="113.755448" /><node id="7462518743" timestamp="2026-03-31T16:45:31Z" uid="1" user="OSMnx" version="1" changeset="1" lat="23.019377" lon="113.755884" /><node id="7462518744" timestamp="2026-03-31T16:45:31Z" uid="1" user="OSMnx" version="1" changeset="1" lat="23.019338" lon="113.755822" /><node id="7462518745" timestamp="2026-03-31T16:45:31Z" uid="1" user="OSMnx" version="1" changeset="1" lat="23.018315" lon="113.754454" /><node id="7462518746" timestamp="2026-03-31T16:45:31Z" uid="1" user="OSMnx" version="1" changeset="1" lat="23.018268" lon="113.754422" /><node id="9721412292" timestamp="2026-03-31T16:45:31Z" uid="1" user="OSMnx" version="1" changeset="1" lat="23.01818" lon="113.754658" /><node id="9721412299" timestamp="2026-03-31T16:45:31Z" uid="1" user="OSMnx" version="1" changeset="1" lat="23.017056" lon="113.756121" /><node id="9721412300" timestamp="2026-03-31T16:45:31Z" uid="1" user="OSMnx" version="1" changeset="1" lat="23.016943" lon="113.756235" /><node id="9721412301" timestamp="2026-03-31T16:45:31Z" uid="1" user="OSMnx" version="1" changeset="1" lat="23.017254" lon="113.755842" /><node id="9721412302" timestamp="2026-03-31T16:45:31Z" uid="1" user="OSMnx" version="1" changeset="1" lat="23.017694" lon="113.755331" /><node id="9721412303" timestamp="2026-03-31T16:45:31Z" uid="1" user="OSMnx" version="1" changeset="1" lat="23.0175" lon="113.755557" /><node id="9721412304" timestamp="2026-03-31T16:45:31Z" uid="1" user="OSMnx" version="1" changeset="1" lat="23.017723" lon="113.755362" /><node id="9721412305" timestamp="2026-03-31T16:45:31Z" uid="1" user="OSMnx" version="1" changeset="1" lat="23.017364" lon="113.755788" /><node id="9721412306" timestamp="2026-03-31T16:45:31Z" uid="1" user="OSMnx" version="1" changeset="1" lat="23.017127" lon="113.7561" /><node id="10173657618" timestamp="2026-03-31T16:45:31Z" uid="1" user="OSMnx" version="1" changeset="1" lat="23.01699" lon="113.747845"><tag k="highway" v="traffic_signals" /></node><node id="10173657619" timestamp="2026-03-31T16:45:31Z" uid="1" user="OSMnx" version="1" changeset="1" lat="23.01681" lon="113.748046"><tag k="highway" v="traffic_signals" /></node><node id="10173657620" timestamp="2026-03-31T16:45:31Z" uid="1" user="OSMnx" version="1" changeset="1" lat="23.017033" lon="113.748238"><tag k="highway" v="traffic_signals" /></node><node id="10173657621" timestamp="2026-03-31T16:45:31Z" uid="1" user="OSMnx" version="1" changeset="1" lat="23.017202" lon="113.748032"><tag k="highway" v="traffic_signals" /></node><node id="10173657622" timestamp="2026-03-31T16:45:31Z" uid="1" user="OSMnx" version="1" changeset="1" lat="23.016827" lon="113.747947" /><node id="10173657623" timestamp="2026-03-31T16:45:31Z" uid="1" user="OSMnx" version="1" changeset="1" lat="23.016905" lon="113.74823" /><node id="10173657624" timestamp="2026-03-31T16:45:31Z" uid="1" user="OSMnx" version="1" changeset="1" lat="23.017113" lon="113.747879" /><node id="10173657625" timestamp="2026-03-31T16:45:31Z" uid="1" user="OSMnx" version="1" changeset="1" lat="23.016961" lon="113.747977" /><node id="10173657626" timestamp="2026-03-31T16:45:31Z" uid="1" user="OSMnx" version="1" changeset="1" lat="23.017085" lon="113.748005" /><node id="10173657627" timestamp="2026-03-31T16:45:31Z" uid="1" user="OSMnx" version="1" changeset="1" lat="23.01694" lon="113.748072" /><node id="10173657628" timestamp="2026-03-31T16:45:31Z" uid="1" user="OSMnx" version="1" changeset="1" lat="23.017064" lon="113.748097" /><node id="10173657629" timestamp="2026-03-31T16:45:31Z" uid="1" user="OSMnx" version="1" changeset="1" lat="23.017055" lon="113.747547" /><node id="10173657630" timestamp="2026-03-31T16:45:31Z" uid="1" user="OSMnx" version="1" changeset="1" lat="23.01695" lon="113.747729" /><node id="10173657631" timestamp="2026-03-31T16:45:31Z" uid="1" user="OSMnx" version="1" changeset="1" lat="23.016854" lon="113.74783" /><node id="10173657632" timestamp="2026-03-31T16:45:31Z" uid="1" user="OSMnx" version="1" changeset="1" lat="23.016764" lon="113.747868" /><node id="10173657633" timestamp="2026-03-31T16:45:31Z" uid="1" user="OSMnx" version="1" changeset="1" lat="23.016701" lon="113.748072" /><node id="10173657634" timestamp="2026-03-31T16:45:31Z" uid="1" user="OSMnx" version="1" changeset="1" lat="23.016789" lon="113.748191" /><node id="10173657635" timestamp="2026-03-31T16:45:31Z" uid="1" user="OSMnx" version="1" changeset="1" lat="23.016829" lon="113.748374" /><node id="10173657636" timestamp="2026-03-31T16:45:31Z" uid="1" user="OSMnx" version="1" changeset="1" lat="23.016821" lon="113.748609" /><node id="10173657637" timestamp="2026-03-31T16:45:31Z" uid="1" user="OSMnx" version="1" changeset="1" lat="23.016948" lon="113.748635" /><node id="10173657638" timestamp="2026-03-31T16:45:31Z" uid="1" user="OSMnx" version="1" changeset="1" lat="23.017058" lon="113.748382" /><node id="10173657639" timestamp="2026-03-31T16:45:31Z" uid="1" user="OSMnx" version="1" changeset="1" lat="23.01715" lon="113.748264" /><node id="10173657640" timestamp="2026-03-31T16:45:31Z" uid="1" user="OSMnx" version="1" changeset="1" lat="23.017297" lon="113.748211" /><node id="10173657641" timestamp="2026-03-31T16:45:31Z" uid="1" user="OSMnx" version="1" changeset="1" lat="23.017533" lon="113.748199" /><node id="10173657642" timestamp="2026-03-31T16:45:31Z" uid="1" user="OSMnx" version="1" changeset="1" lat="23.017519" lon="113.748094" /><node id="10173657643" timestamp="2026-03-31T16:45:31Z" uid="1" user="OSMnx" version="1" changeset="1" lat="23.017375" lon="113.748021" /><node id="10173657644" timestamp="2026-03-31T16:45:31Z" uid="1" user="OSMnx" version="1" changeset="1" lat="23.017276" lon="113.747937" /><node id="10173657645" timestamp="2026-03-31T16:45:31Z" uid="1" user="OSMnx" version="1" changeset="1" lat="23.017211" lon="113.747785" /><node id="10173657646" timestamp="2026-03-31T16:45:31Z" uid="1" user="OSMnx" version="1" changeset="1" lat="23.017182" lon="113.747569" /><node id="10177785269" timestamp="2026-03-31T16:45:31Z" uid="1" user="OSMnx" version="1" changeset="1" lat="23.024296" lon="113.749708"><tag k="highway" v="traffic_signals" /></node><node id="10177785270" timestamp="2026-03-31T16:45:31Z" uid="1" user="OSMnx" version="1" changeset="1" lat="23.0243" lon="113.749618" /><node id="10177785271" timestamp="2026-03-31T16:45:31Z" uid="1" user="OSMnx" version="1" changeset="1" lat="23.022758" lon="113.749362" /><node id="10177785272" timestamp="2026-03-31T16:45:31Z" uid="1" user="OSMnx" version="1" changeset="1" lat="23.020754" lon="113.748914" /><node id="10177785273" timestamp="2026-03-31T16:45:31Z" uid="1" user="OSMnx" version="1" changeset="1" lat="23.021324" lon="113.747384" /><node id="10177785274" timestamp="2026-03-31T16:45:31Z" uid="1" user="OSMnx" version="1" changeset="1" lat="23.021334" lon="113.747457" /><node id="10177785275" timestamp="2026-03-31T16:45:31Z" uid="1" user="OSMnx" version="1" changeset="1" lat="23.021322" lon="113.747529" /><node id="10177785276" timestamp="2026-03-31T16:45:31Z" uid="1" user="OSMnx" version="1" changeset="1" lat="23.020988" lon="113.748964" /><node id="10177785277" timestamp="2026-03-31T16:45:31Z" uid="1" user="OSMnx" version="1" changeset="1" lat="23.021009" lon="113.748866" /><node id="10177785278" timestamp="2026-03-31T16:45:31Z" uid="1" user="OSMnx" version="1" changeset="1" lat="23.024806" lon="113.749818" /><node id="10177785279" timestamp="2026-03-31T16:45:31Z" uid="1" user="OSMnx" version="1" changeset="1" lat="23.02482" lon="113.749744" /><node id="10177785280" timestamp="2026-03-31T16:45:31Z" uid="1" user="OSMnx" version="1" changeset="1" lat="23.024585" lon="113.749513" /><node id="10177785281" timestamp="2026-03-31T16:45:31Z" uid="1" user="OSMnx" version="1" changeset="1" lat="23.025111" lon="113.747465" /><node id="10177785282" timestamp="2026-03-31T16:45:31Z" uid="1" user="OSMnx" version="1" changeset="1" lat="23.02509" lon="113.747183" /><node id="10177785283" timestamp="2026-03-31T16:45:31Z" uid="1" user="OSMnx" version="1" changeset="1" lat="23.02456" lon="113.749675" /><node id="10177785284" timestamp="2026-03-31T16:45:31Z" uid="1" user="OSMnx" version="1" changeset="1" lat="23.024551" lon="113.749756" /><node id="10177785285" timestamp="2026-03-31T16:45:31Z" uid="1" user="OSMnx" version="1" changeset="1" lat="23.024468" lon="113.749743" /><node id="10177785286" timestamp="2026-03-31T16:45:31Z" uid="1" user="OSMnx" version="1" changeset="1" lat="23.024478" lon="113.749654" /><node id="10177785287" timestamp="2026-03-31T16:45:31Z" uid="1" user="OSMnx" version="1" changeset="1" lat="23.02537" lon="113.749972" /><node id="10177785288" timestamp="2026-03-31T16:45:31Z" uid="1" user="OSMnx" version="1" changeset="1" lat="23.025378" lon="113.749896" /><node id="10177785291" timestamp="2026-03-31T16:45:31Z" uid="1" user="OSMnx" version="1" changeset="1" lat="23.024711" lon="113.749715"><tag k="highway" v="traffic_signals" /></node><node id="10177785292" timestamp="2026-03-31T16:45:31Z" uid="1" user="OSMnx" version="1" changeset="1" lat="23.024078" lon="113.749655" /><node id="10177785293" timestamp="2026-03-31T16:45:31Z" uid="1" user="OSMnx" version="1" changeset="1" lat="23.024229" lon="113.74975" /><node id="10177785294" timestamp="2026-03-31T16:45:31Z" uid="1" user="OSMnx" version="1" changeset="1" lat="23.024308" lon="113.749836" /><node id="10177785295" timestamp="2026-03-31T16:45:31Z" uid="1" user="OSMnx" version="1" changeset="1" lat="23.024374" lon="113.749944" /><node id="10177785296" timestamp="2026-03-31T16:45:31Z" uid="1" user="OSMnx" version="1" changeset="1" lat="23.024426" lon="113.7501" /><node id="10177785297" timestamp="2026-03-31T16:45:31Z" uid="1" user="OSMnx" version="1" changeset="1" lat="23.02446" lon="113.750302" /><node id="10177785298" timestamp="2026-03-31T16:45:31Z" uid="1" user="OSMnx" version="1" changeset="1" lat="23.024557" lon="113.750304" /><node id="10177785299" timestamp="2026-03-31T16:45:31Z" uid="1" user="OSMnx" version="1" changeset="1" lat="23.024605" lon="113.75009" /><node id="10177785300" timestamp="2026-03-31T16:45:31Z" uid="1" user="OSMnx" version="1" changeset="1" lat="23.024653" lon="113.749966" /><node id="10177785301" timestamp="2026-03-31T16:45:31Z" uid="1" user="OSMnx" version="1" changeset="1" lat="23.024722" lon="113.749899" /><node id="10177785302" timestamp="2026-03-31T16:45:31Z" uid="1" user="OSMnx" version="1" changeset="1" lat="23.024795" lon="113.749863" /><node id="10177785303" timestamp="2026-03-31T16:45:31Z" uid="1" user="OSMnx" version="1" changeset="1" lat="23.024894" lon="113.749839" /><node id="10177785304" timestamp="2026-03-31T16:45:31Z" uid="1" user="OSMnx" version="1" changeset="1" lat="23.024912" lon="113.749767" /><node id="10177785305" timestamp="2026-03-31T16:45:31Z" uid="1" user="OSMnx" version="1" changeset="1" lat="23.024798" lon="113.749686" /><node id="10177785306" timestamp="2026-03-31T16:45:31Z" uid="1" user="OSMnx" version="1" changeset="1" lat="23.02474" lon="113.749621" /><node id="10177785307" timestamp="2026-03-31T16:45:31Z" uid="1" user="OSMnx" version="1" changeset="1" lat="23.02469" lon="113.749524" /><node id="10177785308" timestamp="2026-03-31T16:45:31Z" uid="1" user="OSMnx" version="1" changeset="1" lat="23.024662" lon="113.749387" /><node id="10177785309" timestamp="2026-03-31T16:45:31Z" uid="1" user="OSMnx" version="1" changeset="1" lat="23.024661" lon="113.749203" /><node id="10177785310" timestamp="2026-03-31T16:45:31Z" uid="1" user="OSMnx" version="1" changeset="1" lat="23.024588" lon="113.749181" /><node id="10177785311" timestamp="2026-03-31T16:45:31Z" uid="1" user="OSMnx" version="1" changeset="1" lat="23.024459" lon="113.749372" /><node id="10177785312" timestamp="2026-03-31T16:45:31Z" uid="1" user="OSMnx" version="1" changeset="1" lat="23.024388" lon="113.749457" /><node id="10177785313" timestamp="2026-03-31T16:45:31Z" uid="1" user="OSMnx" version="1" changeset="1" lat="23.024298" lon="113.749517" /><node id="10177785314" timestamp="2026-03-31T16:45:31Z" uid="1" user="OSMnx" version="1" changeset="1" lat="23.024188" lon="113.749546" /><node id="10177785315" timestamp="2026-03-31T16:45:31Z" uid="1" user="OSMnx" version="1" changeset="1" lat="23.024081" lon="113.749567" /><node id="10177785316" timestamp="2026-03-31T16:45:31Z" uid="1" user="OSMnx" version="1" changeset="1" lat="23.020776" lon="113.748816" /><node id="10178464537" timestamp="2026-03-31T16:45:31Z" uid="1" user="OSMnx" version="1" changeset="1" lat="23.025125" lon="113.747043" /><node id="10197524334" timestamp="2026-03-31T16:45:31Z" uid="1" user="OSMnx" version="1" changeset="1" lat="23.016622" lon="113.750186" /><node id="10197524338" timestamp="2026-03-31T16:45:31Z" uid="1" user="OSMnx" version="1" changeset="1" lat="23.016591" lon="113.75246" /><node id="10197524339" timestamp="2026-03-31T16:45:31Z" uid="1" user="OSMnx" version="1" changeset="1" lat="23.016621" lon="113.75239" /><node id="10197524364" timestamp="2026-03-31T16:45:31Z" uid="1" user="OSMnx" version="1" changeset="1" lat="23.016983" lon="113.747878" /><node id="10702011738" timestamp="2026-03-31T16:45:31Z" uid="1" user="OSMnx" version="1" changeset="1" lat="23.017711" lon="113.74824" /><node id="11840860307" timestamp="2026-03-31T16:45:31Z" uid="1" user="OSMnx" version="1" changeset="1" lat="23.023788" lon="113.749945" /><node id="11840860320" timestamp="2026-03-31T16:45:31Z" uid="1" user="OSMnx" version="1" changeset="1" lat="23.024461" lon="113.750516" /><node id="11840860321" timestamp="2026-03-31T16:45:31Z" uid="1" user="OSMnx" version="1" changeset="1" lat="23.024164" lon="113.750512" /><node id="11840860322" timestamp="2026-03-31T16:45:31Z" uid="1" user="OSMnx" version="1" changeset="1" lat="23.023693" lon="113.749907" /><node id="11840860323" timestamp="2026-03-31T16:45:31Z" uid="1" user="OSMnx" version="1" changeset="1" lat="23.023597" lon="113.749806" /><node id="11840860324" timestamp="2026-03-31T16:45:31Z" uid="1" user="OSMnx" version="1" changeset="1" lat="23.023563" lon="113.749685" /><node id="11840860325" timestamp="2026-03-31T16:45:31Z" uid="1" user="OSMnx" version="1" changeset="1" lat="23.023558" lon="113.749539" /><node id="11840860326" timestamp="2026-03-31T16:45:31Z" uid="1" user="OSMnx" version="1" changeset="1" lat="23.023638" lon="113.749866" /><node id="11861390456" timestamp="2026-03-31T16:45:31Z" uid="1" user="OSMnx" version="1" changeset="1" lat="23.024462" lon="113.750622" /><node id="11861390457" timestamp="2026-03-31T16:45:31Z" uid="1" user="OSMnx" version="1" changeset="1" lat="23.02379" lon="113.750626" /><node id="11861390458" timestamp="2026-03-31T16:45:31Z" uid="1" user="OSMnx" version="1" changeset="1" lat="23.024284" lon="113.750622" /><node id="11861390459" timestamp="2026-03-31T16:45:31Z" uid="1" user="OSMnx" version="1" changeset="1" lat="23.023799" lon="113.751696" /><node id="11861390460" timestamp="2026-03-31T16:45:31Z" uid="1" user="OSMnx" version="1" changeset="1" lat="23.024503" lon="113.751598" /><node id="11861390461" timestamp="2026-03-31T16:45:31Z" uid="1" user="OSMnx" version="1" changeset="1" lat="23.024305" lon="113.751679" /><node id="11861390462" timestamp="2026-03-31T16:45:31Z" uid="1" user="OSMnx" version="1" changeset="1" lat="23.023851" lon="113.750795" /><node id="11861390463" timestamp="2026-03-31T16:45:31Z" uid="1" user="OSMnx" version="1" changeset="1" lat="23.023791" lon="113.750794" /><node id="11861390464" timestamp="2026-03-31T16:45:31Z" uid="1" user="OSMnx" version="1" changeset="1" lat="23.024177" lon="113.750622" /><node id="11924659960" timestamp="2026-03-31T16:45:31Z" uid="1" user="OSMnx" version="1" changeset="1" lat="23.024565" lon="113.750988" /><node id="11924659961" timestamp="2026-03-31T16:45:31Z" uid="1" user="OSMnx" version="1" changeset="1" lat="23.0248" lon="113.750962" /><node id="11924659962" timestamp="2026-03-31T16:45:31Z" uid="1" user="OSMnx" version="1" changeset="1" lat="23.02486" lon="113.75186" /><node id="11924659963" timestamp="2026-03-31T16:45:31Z" uid="1" user="OSMnx" version="1" changeset="1" lat="23.0248" lon="113.750859" /><node id="11924659964" timestamp="2026-03-31T16:45:31Z" uid="1" user="OSMnx" version="1" changeset="1" lat="23.024816" lon="113.750579" /><node id="11924659965" timestamp="2026-03-31T16:45:31Z" uid="1" user="OSMnx" version="1" changeset="1" lat="23.025087" lon="113.750368" /><node id="11924659967" timestamp="2026-03-31T16:45:31Z" uid="1" user="OSMnx" version="1" changeset="1" lat="23.024629" lon="113.751895" /><node id="11924659968" timestamp="2026-03-31T16:45:31Z" uid="1" user="OSMnx" version="1" changeset="1" lat="23.025399" lon="113.751779" /><node id="11924675570" timestamp="2026-03-31T16:45:31Z" uid="1" user="OSMnx" version="1" changeset="1" lat="23.02476" lon="113.752649" /><node id="11924675572" timestamp="2026-03-31T16:45:31Z" uid="1" user="OSMnx" version="1" changeset="1" lat="23.025474" lon="113.752391" /><node id="11924675575" timestamp="2026-03-31T16:45:31Z" uid="1" user="OSMnx" version="1" changeset="1" lat="23.025129" lon="113.75034" /><node id="11924675576" timestamp="2026-03-31T16:45:31Z" uid="1" user="OSMnx" version="1" changeset="1" lat="23.025482" lon="113.750869" /><node id="11924675579" timestamp="2026-03-31T16:45:31Z" uid="1" user="OSMnx" version="1" changeset="1" lat="23.025397" lon="113.750742" /><node id="11924833017" timestamp="2026-03-31T16:45:31Z" uid="1" user="OSMnx" version="1" changeset="1" lat="23.021881" lon="113.753146" /><node id="11924833018" timestamp="2026-03-31T16:45:31Z" uid="1" user="OSMnx" version="1" changeset="1" lat="23.020213" lon="113.753629" /><node id="11939203385" timestamp="2026-03-31T16:45:31Z" uid="1" user="OSMnx" version="1" changeset="1" lat="23.024753" lon="113.748855" /><node id="11939203386" timestamp="2026-03-31T16:45:31Z" uid="1" user="OSMnx" version="1" changeset="1" lat="23.025295" lon="113.749014" /><node id="11939203387" timestamp="2026-03-31T16:45:31Z" uid="1" user="OSMnx" version="1" changeset="1" lat="23.025414" lon="113.748902" /><node id="11939203393" timestamp="2026-03-31T16:45:31Z" uid="1" user="OSMnx" version="1" changeset="1" lat="23.025491" lon="113.748214" /><node id="11939203394" timestamp="2026-03-31T16:45:31Z" uid="1" user="OSMnx" version="1" changeset="1" lat="23.025267" lon="113.748355" /><node id="11939203395" timestamp="2026-03-31T16:45:31Z" uid="1" user="OSMnx" version="1" changeset="1" lat="23.025064" lon="113.748373" /><node id="11939203396" timestamp="2026-03-31T16:45:31Z" uid="1" user="OSMnx" version="1" changeset="1" lat="23.025009" lon="113.748607" /><node id="11939203397" timestamp="2026-03-31T16:45:31Z" uid="1" user="OSMnx" version="1" changeset="1" lat="23.024821" lon="113.74859" /><node id="12113878148" timestamp="2026-03-31T16:45:31Z" uid="1" user="OSMnx" version="1" changeset="1" lat="23.024163" lon="113.751748" /><node id="12113878149" timestamp="2026-03-31T16:45:31Z" uid="1" user="OSMnx" version="1" changeset="1" lat="23.024178" lon="113.75226" /><node id="12113878150" timestamp="2026-03-31T16:45:31Z" uid="1" user="OSMnx" version="1" changeset="1" lat="23.024596" lon="113.752379" /><node id="12113878151" timestamp="2026-03-31T16:45:31Z" uid="1" user="OSMnx" version="1" changeset="1" lat="23.023822" lon="113.752422" /><node id="12180397933" timestamp="2026-03-31T16:45:31Z" uid="1" user="OSMnx" version="1" changeset="1" lat="23.018017" lon="113.754908" /><node id="12180397934" timestamp="2026-03-31T16:45:31Z" uid="1" user="OSMnx" version="1" changeset="1" lat="23.017811" lon="113.754754" /><node id="12180397935" timestamp="2026-03-31T16:45:31Z" uid="1" user="OSMnx" version="1" changeset="1" lat="23.01812" lon="113.754275" /><node id="12180397936" timestamp="2026-03-31T16:45:31Z" uid="1" user="OSMnx" version="1" changeset="1" lat="23.018169" lon="113.754177" /><node id="12180397937" timestamp="2026-03-31T16:45:31Z" uid="1" user="OSMnx" version="1" changeset="1" lat="23.018186" lon="113.754124" /><node id="12180397938" timestamp="2026-03-31T16:45:31Z" uid="1" user="OSMnx" version="1" changeset="1" lat="23.018186" lon="113.754078" /><node id="12180397939" timestamp="2026-03-31T16:45:31Z" uid="1" user="OSMnx" version="1" changeset="1" lat="23.01818" lon="113.754032" /><node id="12180397940" timestamp="2026-03-31T16:45:31Z" uid="1" user="OSMnx" version="1" changeset="1" lat="23.018163" lon="113.754003" /><node id="12180397941" timestamp="2026-03-31T16:45:31Z" uid="1" user="OSMnx" version="1" changeset="1" lat="23.01713" lon="113.753238" /><node id="12180397942" timestamp="2026-03-31T16:45:31Z" uid="1" user="OSMnx" version="1" changeset="1" lat="23.017094" lon="113.753204" /><node id="12180397943" timestamp="2026-03-31T16:45:31Z" uid="1" user="OSMnx" version="1" changeset="1" lat="23.017065" lon="113.75316" /><node id="12180397944" timestamp="2026-03-31T16:45:31Z" uid="1" user="OSMnx" version="1" changeset="1" lat="23.016953" lon="113.752945" /><node id="12180397945" timestamp="2026-03-31T16:45:31Z" uid="1" user="OSMnx" version="1" changeset="1" lat="23.016913" lon="113.752894" /><node id="12180397946" timestamp="2026-03-31T16:45:31Z" uid="1" user="OSMnx" version="1" changeset="1" lat="23.016852" lon="113.752844" /><node id="12180397947" timestamp="2026-03-31T16:45:31Z" uid="1" user="OSMnx" version="1" changeset="1" lat="23.016797" lon="113.752814" /><node id="12180397948" timestamp="2026-03-31T16:45:31Z" uid="1" user="OSMnx" version="1" changeset="1" lat="23.016605" lon="113.752734" /><node id="12180397949" timestamp="2026-03-31T16:45:31Z" uid="1" user="OSMnx" version="1" changeset="1" lat="23.017979" lon="113.75488" /><node id="12180397950" timestamp="2026-03-31T16:45:31Z" uid="1" user="OSMnx" version="1" changeset="1" lat="23.018183" lon="113.754058" /><node id="12180397951" timestamp="2026-03-31T16:45:31Z" uid="1" user="OSMnx" version="1" changeset="1" lat="23.018206" lon="113.75397" /><node id="12180397952" timestamp="2026-03-31T16:45:31Z" uid="1" user="OSMnx" version="1" changeset="1" lat="23.01821" lon="113.753932" /><node id="12180397953" timestamp="2026-03-31T16:45:31Z" uid="1" user="OSMnx" version="1" changeset="1" lat="23.018202" lon="113.753288" /><node id="12180397954" timestamp="2026-03-31T16:45:31Z" uid="1" user="OSMnx" version="1" changeset="1" lat="23.018009" lon="113.753137" /><node id="12180397955" timestamp="2026-03-31T16:45:31Z" uid="1" user="OSMnx" version="1" changeset="1" lat="23.01778" lon="113.753481" /><node id="12180397956" timestamp="2026-03-31T16:45:31Z" uid="1" user="OSMnx" version="1" changeset="1" lat="23.017768" lon="113.753514" /><node id="12180397957" timestamp="2026-03-31T16:45:31Z" uid="1" user="OSMnx" version="1" changeset="1" lat="23.017769" lon="113.753542" /><node id="12180397958" timestamp="2026-03-31T16:45:31Z" uid="1" user="OSMnx" version="1" changeset="1" lat="23.017785" lon="113.75357" /><node id="12180397959" timestamp="2026-03-31T16:45:31Z" uid="1" user="OSMnx" version="1" changeset="1" lat="23.017981" lon="113.753722" /><node id="12180397960" timestamp="2026-03-31T16:45:31Z" uid="1" user="OSMnx" version="1" changeset="1" lat="23.017916" lon="113.75382" /><node id="12180397961" timestamp="2026-03-31T16:45:31Z" uid="1" user="OSMnx" version="1" changeset="1" lat="23.018095" lon="113.753543" /><node id="12180397962" timestamp="2026-03-31T16:45:31Z" uid="1" user="OSMnx" version="1" changeset="1" lat="23.018095" lon="113.753482" /><node id="12180397963" timestamp="2026-03-31T16:45:31Z" uid="1" user="OSMnx" version="1" changeset="1" lat="23.018092" lon="113.753438" /><node id="12180397964" timestamp="2026-03-31T16:45:31Z" uid="1" user="OSMnx" version="1" changeset="1" lat="23.018097" lon="113.753421" /><node id="12180397965" timestamp="2026-03-31T16:45:31Z" uid="1" user="OSMnx" version="1" changeset="1" lat="23.018187" lon="113.753277" /><node id="12180397966" timestamp="2026-03-31T16:45:31Z" uid="1" user="OSMnx" version="1" changeset="1" lat="23.0181" lon="113.753526" /><node id="12180397967" timestamp="2026-03-31T16:45:31Z" uid="1" user="OSMnx" version="1" changeset="1" lat="23.018092" lon="113.753456" /><node id="12180397968" timestamp="2026-03-31T16:45:31Z" uid="1" user="OSMnx" version="1" changeset="1" lat="23.0181" lon="113.753506" /><node id="12180397969" timestamp="2026-03-31T16:45:31Z" uid="1" user="OSMnx" version="1" changeset="1" lat="23.017912" lon="113.753283" /><node id="12180397970" timestamp="2026-03-31T16:45:31Z" uid="1" user="OSMnx" version="1" changeset="1" lat="23.017817" lon="113.753424" /><node id="12180397971" timestamp="2026-03-31T16:45:31Z" uid="1" user="OSMnx" version="1" changeset="1" lat="23.017905" lon="113.75349" /><node id="12180397972" timestamp="2026-03-31T16:45:31Z" uid="1" user="OSMnx" version="1" changeset="1" lat="23.017791" lon="113.753406" /><node id="12180397973" timestamp="2026-03-31T16:45:31Z" uid="1" user="OSMnx" version="1" changeset="1" lat="23.017524" lon="113.75353" /><node id="12180397974" timestamp="2026-03-31T16:45:31Z" uid="1" user="OSMnx" version="1" changeset="1" lat="23.017652" lon="113.753625" /><node id="12180397975" timestamp="2026-03-31T16:45:31Z" uid="1" user="OSMnx" version="1" changeset="1" lat="23.017797" lon="113.752922" /><node id="12180397976" timestamp="2026-03-31T16:45:31Z" uid="1" user="OSMnx" version="1" changeset="1" lat="23.0178" lon="113.752841" /><node id="12180397977" timestamp="2026-03-31T16:45:31Z" uid="1" user="OSMnx" version="1" changeset="1" lat="23.017767" lon="113.75307" /><node id="12180397978" timestamp="2026-03-31T16:45:31Z" uid="1" user="OSMnx" version="1" changeset="1" lat="23.017628" lon="113.753035" /><node id="12180397979" timestamp="2026-03-31T16:45:31Z" uid="1" user="OSMnx" version="1" changeset="1" lat="23.017702" lon="113.753382" /><node id="12180397980" timestamp="2026-03-31T16:45:31Z" uid="1" user="OSMnx" version="1" changeset="1" lat="23.017566" lon="113.753333" /><node id="12180397981" timestamp="2026-03-31T16:45:31Z" uid="1" user="OSMnx" version="1" changeset="1" lat="23.017444" lon="113.753305" /><node id="12180397982" timestamp="2026-03-31T16:45:31Z" uid="1" user="OSMnx" version="1" changeset="1" lat="23.017261" lon="113.753158" /><node id="12180397983" timestamp="2026-03-31T16:45:31Z" uid="1" user="OSMnx" version="1" changeset="1" lat="23.017351" lon="113.753026" /><node id="12180397984" timestamp="2026-03-31T16:45:31Z" uid="1" user="OSMnx" version="1" changeset="1" lat="23.017506" lon="113.753151" /><node id="12180397985" timestamp="2026-03-31T16:45:31Z" uid="1" user="OSMnx" version="1" changeset="1" lat="23.017483" lon="113.753315" /><node id="12180397987" timestamp="2026-03-31T16:45:31Z" uid="1" user="OSMnx" version="1" changeset="1" lat="23.016876" lon="113.75603" /><node id="12180397988" timestamp="2026-03-31T16:45:31Z" uid="1" user="OSMnx" version="1" changeset="1" lat="23.016987" lon="113.755937" /><node id="12180397989" timestamp="2026-03-31T16:45:31Z" uid="1" user="OSMnx" version="1" changeset="1" lat="23.017533" lon="113.755593" /><node id="12180397990" timestamp="2026-03-31T16:45:31Z" uid="1" user="OSMnx" version="1" changeset="1" lat="23.017455" lon="113.755493" /><node id="12180397991" timestamp="2026-03-31T16:45:31Z" uid="1" user="OSMnx" version="1" changeset="1" lat="23.01737" lon="113.755435" /><node id="12180397992" timestamp="2026-03-31T16:45:31Z" uid="1" user="OSMnx" version="1" changeset="1" lat="23.017067" lon="113.755859" /><node id="12180397993" timestamp="2026-03-31T16:45:31Z" uid="1" user="OSMnx" version="1" changeset="1" lat="23.017024" lon="113.755902" /><node id="12180432930" timestamp="2026-03-31T16:45:31Z" uid="1" user="OSMnx" version="1" changeset="1" lat="23.018111" lon="113.754116" /><node id="12180432931" timestamp="2026-03-31T16:45:31Z" uid="1" user="OSMnx" version="1" changeset="1" lat="23.017051" lon="113.75578" /><node id="12180432932" timestamp="2026-03-31T16:45:31Z" uid="1" user="OSMnx" version="1" changeset="1" lat="23.01701" lon="113.755817" /><node id="12180432933" timestamp="2026-03-31T16:45:31Z" uid="1" user="OSMnx" version="1" changeset="1" lat="23.016968" lon="113.755825" /><node id="12180432934" timestamp="2026-03-31T16:45:31Z" uid="1" user="OSMnx" version="1" changeset="1" lat="23.016893" lon="113.755796" /><node id="12180432936" timestamp="2026-03-31T16:45:31Z" uid="1" user="OSMnx" version="1" changeset="1" lat="23.01693" lon="113.755815" /><node id="12180432937" timestamp="2026-03-31T16:45:31Z" uid="1" user="OSMnx" version="1" changeset="1" lat="23.018118" lon="113.754075" /><node id="12180432938" timestamp="2026-03-31T16:45:31Z" uid="1" user="OSMnx" version="1" changeset="1" lat="23.018107" lon="113.754034" /><node id="12180432939" timestamp="2026-03-31T16:45:31Z" uid="1" user="OSMnx" version="1" changeset="1" lat="23.018079" lon="113.754" /><node id="12180432940" timestamp="2026-03-31T16:45:31Z" uid="1" user="OSMnx" version="1" changeset="1" lat="23.01687" lon="113.753104" /><node id="12180432941" timestamp="2026-03-31T16:45:31Z" uid="1" user="OSMnx" version="1" changeset="1" lat="23.01684" lon="113.75296" /><node id="12180432942" timestamp="2026-03-31T16:45:31Z" uid="1" user="OSMnx" version="1" changeset="1" lat="23.016745" lon="113.752884" /><node id="12180432943" timestamp="2026-03-31T16:45:31Z" uid="1" user="OSMnx" version="1" changeset="1" lat="23.016654" lon="113.752904" /><node id="12180432947" timestamp="2026-03-31T16:45:31Z" uid="1" user="OSMnx" version="1" changeset="1" lat="23.017045" lon="113.753234" /><node id="12180432949" timestamp="2026-03-31T16:45:31Z" uid="1" user="OSMnx" version="1" changeset="1" lat="23.017024" lon="113.753267" /><node id="12180432956" timestamp="2026-03-31T16:45:31Z" uid="1" user="OSMnx" version="1" changeset="1" lat="23.01673" lon="113.753047" /><node id="12180432978" timestamp="2026-03-31T16:45:31Z" uid="1" user="OSMnx" version="1" changeset="1" lat="23.016519" lon="113.754068" /><node id="12180432988" timestamp="2026-03-31T16:45:31Z" uid="1" user="OSMnx" version="1" changeset="1" lat="23.016868" lon="113.752675" /><node id="12180432989" timestamp="2026-03-31T16:45:31Z" uid="1" user="OSMnx" version="1" changeset="1" lat="23.017" lon="113.752774" /><node id="12180432990" timestamp="2026-03-31T16:45:31Z" uid="1" user="OSMnx" version="1" changeset="1" lat="23.017259" lon="113.752883" /><node id="12180432991" timestamp="2026-03-31T16:45:31Z" uid="1" user="OSMnx" version="1" changeset="1" lat="23.017405" lon="113.752906" /><node id="12180432992" timestamp="2026-03-31T16:45:31Z" uid="1" user="OSMnx" version="1" changeset="1" lat="23.01761" lon="113.752977" /><node id="12180432993" timestamp="2026-03-31T16:45:31Z" uid="1" user="OSMnx" version="1" changeset="1" lat="23.017818" lon="113.753032" /><node id="12180432994" timestamp="2026-03-31T16:45:31Z" uid="1" user="OSMnx" version="1" changeset="1" lat="23.018176" lon="113.753061" /><node id="12180432995" timestamp="2026-03-31T16:45:31Z" uid="1" user="OSMnx" version="1" changeset="1" lat="23.017639" lon="113.752985"><tag k="highway" v="crossing" /></node><node id="12180432996" timestamp="2026-03-31T16:45:31Z" uid="1" user="OSMnx" version="1" changeset="1" lat="23.017777" lon="113.753021"><tag k="highway" v="crossing" /></node><node id="12180433003" timestamp="2026-03-31T16:45:31Z" uid="1" user="OSMnx" version="1" changeset="1" lat="23.016787" lon="113.756165" /><node id="12180433004" timestamp="2026-03-31T16:45:31Z" uid="1" user="OSMnx" version="1" changeset="1" lat="23.016856" lon="113.756188" /><node id="12180433005" timestamp="2026-03-31T16:45:31Z" uid="1" user="OSMnx" version="1" changeset="1" lat="23.016923" lon="113.756157" /><node id="12180433006" timestamp="2026-03-31T16:45:31Z" uid="1" user="OSMnx" version="1" changeset="1" lat="23.017045" lon="113.755978" /><node id="12180433007" timestamp="2026-03-31T16:45:31Z" uid="1" user="OSMnx" version="1" changeset="1" lat="23.01717" lon="113.755806" /><node id="12180433008" timestamp="2026-03-31T16:45:31Z" uid="1" user="OSMnx" version="1" changeset="1" lat="23.017284" lon="113.755672" /><node id="12180433009" timestamp="2026-03-31T16:45:31Z" uid="1" user="OSMnx" version="1" changeset="1" lat="23.017423" lon="113.755549" /><node id="12180433010" timestamp="2026-03-31T16:45:31Z" uid="1" user="OSMnx" version="1" changeset="1" lat="23.017514" lon="113.755451" /><node id="12180433011" timestamp="2026-03-31T16:45:31Z" uid="1" user="OSMnx" version="1" changeset="1" lat="23.017915" lon="113.754832"><tag k="highway" v="crossing" /></node><node id="12180433012" timestamp="2026-03-31T16:45:31Z" uid="1" user="OSMnx" version="1" changeset="1" lat="23.017464" lon="113.755505"><tag k="highway" v="crossing" /></node><node id="12180433013" timestamp="2026-03-31T16:45:31Z" uid="1" user="OSMnx" version="1" changeset="1" lat="23.017754" lon="113.755081" /><node id="12180433014" timestamp="2026-03-31T16:45:31Z" uid="1" user="OSMnx" version="1" changeset="1" lat="23.01758" lon="113.75495" /><node id="12180433015" timestamp="2026-03-31T16:45:31Z" uid="1" user="OSMnx" version="1" changeset="1" lat="23.01765" lon="113.755003" /><node id="12180433016" timestamp="2026-03-31T16:45:31Z" uid="1" user="OSMnx" version="1" changeset="1" lat="23.016663" lon="113.752996" /><node id="12180433025" timestamp="2026-03-31T16:45:31Z" uid="1" user="OSMnx" version="1" changeset="1" lat="23.016559" lon="113.753164" /><node id="12180433143" timestamp="2026-03-31T16:45:31Z" uid="1" user="OSMnx" version="1" changeset="1" lat="23.017078" lon="113.753179"><tag k="highway" v="crossing" /></node><node id="12180433144" timestamp="2026-03-31T16:45:31Z" uid="1" user="OSMnx" version="1" changeset="1" lat="23.02087" lon="113.749302" /><node id="12180433145" timestamp="2026-03-31T16:45:31Z" uid="1" user="OSMnx" version="1" changeset="1" lat="23.019384" lon="113.750326" /><node id="12180433146" timestamp="2026-03-31T16:45:31Z" uid="1" user="OSMnx" version="1" changeset="1" lat="23.019439" lon="113.750514" /><node id="12180433147" timestamp="2026-03-31T16:45:31Z" uid="1" user="OSMnx" version="1" changeset="1" lat="23.019412" lon="113.750681" /><node id="12180433148" timestamp="2026-03-31T16:45:31Z" uid="1" user="OSMnx" version="1" changeset="1" lat="23.019342" lon="113.750801" /><node id="12180433149" timestamp="2026-03-31T16:45:31Z" uid="1" user="OSMnx" version="1" changeset="1" lat="23.018777" lon="113.750749" /><node id="12180433150" timestamp="2026-03-31T16:45:31Z" uid="1" user="OSMnx" version="1" changeset="1" lat="23.018733" lon="113.750647" /><node id="12180433151" timestamp="2026-03-31T16:45:31Z" uid="1" user="OSMnx" version="1" changeset="1" lat="23.018717" lon="113.750534" /><node id="12180433152" timestamp="2026-03-31T16:45:31Z" uid="1" user="OSMnx" version="1" changeset="1" lat="23.018732" lon="113.750422" /><node id="12180433153" timestamp="2026-03-31T16:45:31Z" uid="1" user="OSMnx" version="1" changeset="1" lat="23.018776" lon="113.750319" /><node id="12180433154" timestamp="2026-03-31T16:45:31Z" uid="1" user="OSMnx" version="1" changeset="1" lat="23.019423" lon="113.750416" /><node id="12180433155" timestamp="2026-03-31T16:45:31Z" uid="1" user="OSMnx" version="1" changeset="1" lat="23.019156" lon="113.750916" /><node id="12180433156" timestamp="2026-03-31T16:45:31Z" uid="1" user="OSMnx" version="1" changeset="1" lat="23.019048" lon="113.750924" /><node id="12180433157" timestamp="2026-03-31T16:45:31Z" uid="1" user="OSMnx" version="1" changeset="1" lat="23.018942" lon="113.750897" /><node id="12180433158" timestamp="2026-03-31T16:45:31Z" uid="1" user="OSMnx" version="1" changeset="1" lat="23.018849" lon="113.750837" /><node id="12180433159" timestamp="2026-03-31T16:45:31Z" uid="1" user="OSMnx" version="1" changeset="1" lat="23.018932" lon="113.750175" /><node id="12180433160" timestamp="2026-03-31T16:45:31Z" uid="1" user="OSMnx" version="1" changeset="1" lat="23.019031" lon="113.750144" /><node id="12180433161" timestamp="2026-03-31T16:45:31Z" uid="1" user="OSMnx" version="1" changeset="1" lat="23.019134" lon="113.750146" /><node id="12180433162" timestamp="2026-03-31T16:45:31Z" uid="1" user="OSMnx" version="1" changeset="1" lat="23.019232" lon="113.750179" /><node id="12180433163" timestamp="2026-03-31T16:45:31Z" uid="1" user="OSMnx" version="1" changeset="1" lat="23.019318" lon="113.75024" /><node id="12180433165" timestamp="2026-03-31T16:45:31Z" uid="1" user="OSMnx" version="1" changeset="1" lat="23.020484" lon="113.749568" /><node id="12180433166" timestamp="2026-03-31T16:45:31Z" uid="1" user="OSMnx" version="1" changeset="1" lat="23.02043" lon="113.749471" /><node id="12180433167" timestamp="2026-03-31T16:45:31Z" uid="1" user="OSMnx" version="1" changeset="1" lat="23.020355" lon="113.74938" /><node id="12180433168" timestamp="2026-03-31T16:45:31Z" uid="1" user="OSMnx" version="1" changeset="1" lat="23.020251" lon="113.749324" /><node id="12180433169" timestamp="2026-03-31T16:45:31Z" uid="1" user="OSMnx" version="1" changeset="1" lat="23.020138" lon="113.74928" /><node id="12180433170" timestamp="2026-03-31T16:45:31Z" uid="1" user="OSMnx" version="1" changeset="1" lat="23.020022" lon="113.749258" /><node id="12180433171" timestamp="2026-03-31T16:45:31Z" uid="1" user="OSMnx" version="1" changeset="1" lat="23.019896" lon="113.749264" /><node id="12180433172" timestamp="2026-03-31T16:45:31Z" uid="1" user="OSMnx" version="1" changeset="1" lat="23.019766" lon="113.749292" /><node id="12180433173" timestamp="2026-03-31T16:45:31Z" uid="1" user="OSMnx" version="1" changeset="1" lat="23.019667" lon="113.749333" /><node id="12180433174" timestamp="2026-03-31T16:45:31Z" uid="1" user="OSMnx" version="1" changeset="1" lat="23.019581" lon="113.74939" /><node id="12180433175" timestamp="2026-03-31T16:45:31Z" uid="1" user="OSMnx" version="1" changeset="1" lat="23.019488" lon="113.749405" /><node id="12180433176" timestamp="2026-03-31T16:45:31Z" uid="1" user="OSMnx" version="1" changeset="1" lat="23.019399" lon="113.749405" /><node id="12180433177" timestamp="2026-03-31T16:45:31Z" uid="1" user="OSMnx" version="1" changeset="1" lat="23.019318" lon="113.749377" /><node id="12180433178" timestamp="2026-03-31T16:45:31Z" uid="1" user="OSMnx" version="1" changeset="1" lat="23.019257" lon="113.749299" /><node id="12180433179" timestamp="2026-03-31T16:45:31Z" uid="1" user="OSMnx" version="1" changeset="1" lat="23.01926" lon="113.74922" /><node id="12180433180" timestamp="2026-03-31T16:45:31Z" uid="1" user="OSMnx" version="1" changeset="1" lat="23.019252" lon="113.749082" /><node id="12180433181" timestamp="2026-03-31T16:45:31Z" uid="1" user="OSMnx" version="1" changeset="1" lat="23.019243" lon="113.748975" /><node id="12180433182" timestamp="2026-03-31T16:45:31Z" uid="1" user="OSMnx" version="1" changeset="1" lat="23.019217" lon="113.748913" /><node id="12180433183" timestamp="2026-03-31T16:45:31Z" uid="1" user="OSMnx" version="1" changeset="1" lat="23.019168" lon="113.74885" /><node id="12180433184" timestamp="2026-03-31T16:45:31Z" uid="1" user="OSMnx" version="1" changeset="1" lat="23.019104" lon="113.748812" /><node id="12180433185" timestamp="2026-03-31T16:45:31Z" uid="1" user="OSMnx" version="1" changeset="1" lat="23.019035" lon="113.748797" /><node id="12180433186" timestamp="2026-03-31T16:45:31Z" uid="1" user="OSMnx" version="1" changeset="1" lat="23.018966" lon="113.748803" /><node id="12180433187" timestamp="2026-03-31T16:45:31Z" uid="1" user="OSMnx" version="1" changeset="1" lat="23.018876" lon="113.748831" /><node id="12180433188" timestamp="2026-03-31T16:45:31Z" uid="1" user="OSMnx" version="1" changeset="1" lat="23.018755" lon="113.748894" /><node id="12180433189" timestamp="2026-03-31T16:45:31Z" uid="1" user="OSMnx" version="1" changeset="1" lat="23.018619" lon="113.748972" /><node id="12180433190" timestamp="2026-03-31T16:45:31Z" uid="1" user="OSMnx" version="1" changeset="1" lat="23.018544" lon="113.748991" /><node id="12180433191" timestamp="2026-03-31T16:45:31Z" uid="1" user="OSMnx" version="1" changeset="1" lat="23.018481" lon="113.748991" /><node id="12180433192" timestamp="2026-03-31T16:45:31Z" uid="1" user="OSMnx" version="1" changeset="1" lat="23.018391" lon="113.748966" /><node id="12180433193" timestamp="2026-03-31T16:45:31Z" uid="1" user="OSMnx" version="1" changeset="1" lat="23.018302" lon="113.748932" /><node id="12180433194" timestamp="2026-03-31T16:45:31Z" uid="1" user="OSMnx" version="1" changeset="1" lat="23.018195" lon="113.748869" /><node id="12180433195" timestamp="2026-03-31T16:45:31Z" uid="1" user="OSMnx" version="1" changeset="1" lat="23.018117" lon="113.748856" /><node id="12180433196" timestamp="2026-03-31T16:45:31Z" uid="1" user="OSMnx" version="1" changeset="1" lat="23.018045" lon="113.748875" /><node id="12180433197" timestamp="2026-03-31T16:45:31Z" uid="1" user="OSMnx" version="1" changeset="1" lat="23.01797" lon="113.748916" /><node id="12180433198" timestamp="2026-03-31T16:45:31Z" uid="1" user="OSMnx" version="1" changeset="1" lat="23.017923" lon="113.748982" /><node id="12180433199" timestamp="2026-03-31T16:45:31Z" uid="1" user="OSMnx" version="1" changeset="1" lat="23.017897" lon="113.749092" /><node id="12180433200" timestamp="2026-03-31T16:45:31Z" uid="1" user="OSMnx" version="1" changeset="1" lat="23.017906" lon="113.749201" /><node id="12180433201" timestamp="2026-03-31T16:45:31Z" uid="1" user="OSMnx" version="1" changeset="1" lat="23.017941" lon="113.749274" /><node id="12180433202" timestamp="2026-03-31T16:45:31Z" uid="1" user="OSMnx" version="1" changeset="1" lat="23.01799" lon="113.749324" /><node id="12180433203" timestamp="2026-03-31T16:45:31Z" uid="1" user="OSMnx" version="1" changeset="1" lat="23.018045" lon="113.749377" /><node id="12180433204" timestamp="2026-03-31T16:45:31Z" uid="1" user="OSMnx" version="1" changeset="1" lat="23.018062" lon="113.749405" /><node id="12180433205" timestamp="2026-03-31T16:45:31Z" uid="1" user="OSMnx" version="1" changeset="1" lat="23.018105" lon="113.749713" /><node id="12180433206" timestamp="2026-03-31T16:45:31Z" uid="1" user="OSMnx" version="1" changeset="1" lat="23.018096" lon="113.7498" /><node id="12180433207" timestamp="2026-03-31T16:45:31Z" uid="1" user="OSMnx" version="1" changeset="1" lat="23.018059" lon="113.74987" /><node id="12180433208" timestamp="2026-03-31T16:45:31Z" uid="1" user="OSMnx" version="1" changeset="1" lat="23.018019" lon="113.749948" /><node id="12180433209" timestamp="2026-03-31T16:45:31Z" uid="1" user="OSMnx" version="1" changeset="1" lat="23.01801" lon="113.750045" /><node id="12180433210" timestamp="2026-03-31T16:45:31Z" uid="1" user="OSMnx" version="1" changeset="1" lat="23.018059" lon="113.750212" /><node id="12180433211" timestamp="2026-03-31T16:45:31Z" uid="1" user="OSMnx" version="1" changeset="1" lat="23.018094" lon="113.75034" /><node id="12180433212" timestamp="2026-03-31T16:45:31Z" uid="1" user="OSMnx" version="1" changeset="1" lat="23.018096" lon="113.750403" /><node id="12180433213" timestamp="2026-03-31T16:45:31Z" uid="1" user="OSMnx" version="1" changeset="1" lat="23.018091" lon="113.750462" /><node id="12180433214" timestamp="2026-03-31T16:45:31Z" uid="1" user="OSMnx" version="1" changeset="1" lat="23.018056" lon="113.750544" /><node id="12180433215" timestamp="2026-03-31T16:45:31Z" uid="1" user="OSMnx" version="1" changeset="1" lat="23.018039" lon="113.750582" /><node id="12180433216" timestamp="2026-03-31T16:45:31Z" uid="1" user="OSMnx" version="1" changeset="1" lat="23.018027" lon="113.750622" /><node id="12180433217" timestamp="2026-03-31T16:45:31Z" uid="1" user="OSMnx" version="1" changeset="1" lat="23.018039" lon="113.750682" /><node id="12180433218" timestamp="2026-03-31T16:45:31Z" uid="1" user="OSMnx" version="1" changeset="1" lat="23.01807" lon="113.750732" /><node id="12180433219" timestamp="2026-03-31T16:45:31Z" uid="1" user="OSMnx" version="1" changeset="1" lat="23.018094" lon="113.750751" /><node id="12180433220" timestamp="2026-03-31T16:45:31Z" uid="1" user="OSMnx" version="1" changeset="1" lat="23.018154" lon="113.750751" /><node id="12180433221" timestamp="2026-03-31T16:45:31Z" uid="1" user="OSMnx" version="1" changeset="1" lat="23.018296" lon="113.750679" /><node id="12180433222" timestamp="2026-03-31T16:45:31Z" uid="1" user="OSMnx" version="1" changeset="1" lat="23.018385" lon="113.750613" /><node id="12180433223" timestamp="2026-03-31T16:45:31Z" uid="1" user="OSMnx" version="1" changeset="1" lat="23.018423" lon="113.750528" /><node id="12180433224" timestamp="2026-03-31T16:45:31Z" uid="1" user="OSMnx" version="1" changeset="1" lat="23.018423" lon="113.750462" /><node id="12180433225" timestamp="2026-03-31T16:45:31Z" uid="1" user="OSMnx" version="1" changeset="1" lat="23.018408" lon="113.750394" /><node id="12180433226" timestamp="2026-03-31T16:45:31Z" uid="1" user="OSMnx" version="1" changeset="1" lat="23.018354" lon="113.750277" /><node id="12180433227" timestamp="2026-03-31T16:45:31Z" uid="1" user="OSMnx" version="1" changeset="1" lat="23.01833" lon="113.750224" /><node id="12180433228" timestamp="2026-03-31T16:45:31Z" uid="1" user="OSMnx" version="1" changeset="1" lat="23.018322" lon="113.750168" /><node id="12180433229" timestamp="2026-03-31T16:45:31Z" uid="1" user="OSMnx" version="1" changeset="1" lat="23.01833" lon="113.750136" /><node id="12180433230" timestamp="2026-03-31T16:45:31Z" uid="1" user="OSMnx" version="1" changeset="1" lat="23.018362" lon="113.750067" /><node id="12180433231" timestamp="2026-03-31T16:45:31Z" uid="1" user="OSMnx" version="1" changeset="1" lat="23.018426" lon="113.750011" /><node id="12180433232" timestamp="2026-03-31T16:45:31Z" uid="1" user="OSMnx" version="1" changeset="1" lat="23.01846" lon="113.749964" /><node id="12180433233" timestamp="2026-03-31T16:45:31Z" uid="1" user="OSMnx" version="1" changeset="1" lat="23.018486" lon="113.749892" /><node id="12180433234" timestamp="2026-03-31T16:45:31Z" uid="1" user="OSMnx" version="1" changeset="1" lat="23.018527" lon="113.749803" /><node id="12180433235" timestamp="2026-03-31T16:45:31Z" uid="1" user="OSMnx" version="1" changeset="1" lat="23.018587" lon="113.749728" /><node id="12180433236" timestamp="2026-03-31T16:45:31Z" uid="1" user="OSMnx" version="1" changeset="1" lat="23.018648" lon="113.749681" /><node id="12180433237" timestamp="2026-03-31T16:45:31Z" uid="1" user="OSMnx" version="1" changeset="1" lat="23.018735" lon="113.749678" /><node id="12180433238" timestamp="2026-03-31T16:45:31Z" uid="1" user="OSMnx" version="1" changeset="1" lat="23.018824" lon="113.749706" /><node id="12180433239" timestamp="2026-03-31T16:45:31Z" uid="1" user="OSMnx" version="1" changeset="1" lat="23.018899" lon="113.749713" /><node id="12180433240" timestamp="2026-03-31T16:45:31Z" uid="1" user="OSMnx" version="1" changeset="1" lat="23.018963" lon="113.749722" /><node id="12180433241" timestamp="2026-03-31T16:45:31Z" uid="1" user="OSMnx" version="1" changeset="1" lat="23.019046" lon="113.749722" /><node id="12180433242" timestamp="2026-03-31T16:45:31Z" uid="1" user="OSMnx" version="1" changeset="1" lat="23.019122" lon="113.74971" /><node id="12180433243" timestamp="2026-03-31T16:45:31Z" uid="1" user="OSMnx" version="1" changeset="1" lat="23.019188" lon="113.749694" /><node id="12180433244" timestamp="2026-03-31T16:45:31Z" uid="1" user="OSMnx" version="1" changeset="1" lat="23.019278" lon="113.749688" /><node id="12180433245" timestamp="2026-03-31T16:45:31Z" uid="1" user="OSMnx" version="1" changeset="1" lat="23.019356" lon="113.749706" /><node id="12180433246" timestamp="2026-03-31T16:45:31Z" uid="1" user="OSMnx" version="1" changeset="1" lat="23.019451" lon="113.749738" /><node id="12180433247" timestamp="2026-03-31T16:45:31Z" uid="1" user="OSMnx" version="1" changeset="1" lat="23.019529" lon="113.749788" /><node id="12180433248" timestamp="2026-03-31T16:45:31Z" uid="1" user="OSMnx" version="1" changeset="1" lat="23.01961" lon="113.749807" /><node id="12180433249" timestamp="2026-03-31T16:45:31Z" uid="1" user="OSMnx" version="1" changeset="1" lat="23.019705" lon="113.749797" /><node id="12180433250" timestamp="2026-03-31T16:45:31Z" uid="1" user="OSMnx" version="1" changeset="1" lat="23.019826" lon="113.749744" /><node id="12180433251" timestamp="2026-03-31T16:45:31Z" uid="1" user="OSMnx" version="1" changeset="1" lat="23.019901" lon="113.749672" /><node id="12180433252" timestamp="2026-03-31T16:45:31Z" uid="1" user="OSMnx" version="1" changeset="1" lat="23.020017" lon="113.749521" /><node id="12180433253" timestamp="2026-03-31T16:45:31Z" uid="1" user="OSMnx" version="1" changeset="1" lat="23.020051" lon="113.749446" /><node id="12180433254" timestamp="2026-03-31T16:45:31Z" uid="1" user="OSMnx" version="1" changeset="1" lat="23.020114" lon="113.749399" /><node id="12180433255" timestamp="2026-03-31T16:45:31Z" uid="1" user="OSMnx" version="1" changeset="1" lat="23.020204" lon="113.749305" /><node id="12180433256" timestamp="2026-03-31T16:45:31Z" uid="1" user="OSMnx" version="1" changeset="1" lat="23.018845" lon="113.750234" /><node id="12180433257" timestamp="2026-03-31T16:45:31Z" uid="1" user="OSMnx" version="1" changeset="1" lat="23.020764" lon="113.750536" /><node id="12180433258" timestamp="2026-03-31T16:45:31Z" uid="1" user="OSMnx" version="1" changeset="1" lat="23.020105" lon="113.75052" /><node id="12180433259" timestamp="2026-03-31T16:45:31Z" uid="1" user="OSMnx" version="1" changeset="1" lat="23.020042" lon="113.750511" /><node id="12180433260" timestamp="2026-03-31T16:45:31Z" uid="1" user="OSMnx" version="1" changeset="1" lat="23.019976" lon="113.750508" /><node id="12180433261" timestamp="2026-03-31T16:45:31Z" uid="1" user="OSMnx" version="1" changeset="1" lat="23.019917" lon="113.750514" /><node id="12180433262" timestamp="2026-03-31T16:45:31Z" uid="1" user="OSMnx" version="1" changeset="1" lat="23.019876" lon="113.750376" /><node id="12180433263" timestamp="2026-03-31T16:45:31Z" uid="1" user="OSMnx" version="1" changeset="1" lat="23.01981" lon="113.750221" /><node id="12180433264" timestamp="2026-03-31T16:45:31Z" uid="1" user="OSMnx" version="1" changeset="1" lat="23.019728" lon="113.750089" /><node id="12180433265" timestamp="2026-03-31T16:45:31Z" uid="1" user="OSMnx" version="1" changeset="1" lat="23.01965" lon="113.750008" /><node id="12180433266" timestamp="2026-03-31T16:45:31Z" uid="1" user="OSMnx" version="1" changeset="1" lat="23.019556" lon="113.749944" /><node id="12180433267" timestamp="2026-03-31T16:45:31Z" uid="1" user="OSMnx" version="1" changeset="1" lat="23.019438" lon="113.74988" /><node id="12180433268" timestamp="2026-03-31T16:45:31Z" uid="1" user="OSMnx" version="1" changeset="1" lat="23.019316" lon="113.749842" /><node id="12180433269" timestamp="2026-03-31T16:45:31Z" uid="1" user="OSMnx" version="1" changeset="1" lat="23.019174" lon="113.749817" /><node id="12180433270" timestamp="2026-03-31T16:45:31Z" uid="1" user="OSMnx" version="1" changeset="1" lat="23.019018" lon="113.749822" /><node id="12180433271" timestamp="2026-03-31T16:45:31Z" uid="1" user="OSMnx" version="1" changeset="1" lat="23.018881" lon="113.749856" /><node id="12180433272" timestamp="2026-03-31T16:45:31Z" uid="1" user="OSMnx" version="1" changeset="1" lat="23.018657" lon="113.749978" /><node id="12180433273" timestamp="2026-03-31T16:45:31Z" uid="1" user="OSMnx" version="1" changeset="1" lat="23.018583" lon="113.75006" /><node id="12180433274" timestamp="2026-03-31T16:45:31Z" uid="1" user="OSMnx" version="1" changeset="1" lat="23.018535" lon="113.750165" /><node id="12180433275" timestamp="2026-03-31T16:45:31Z" uid="1" user="OSMnx" version="1" changeset="1" lat="23.018757" lon="113.749913" /><node id="12180433276" timestamp="2026-03-31T16:45:31Z" uid="1" user="OSMnx" version="1" changeset="1" lat="23.020456" lon="113.750529" /><node id="12180433277" timestamp="2026-03-31T16:45:31Z" uid="1" user="OSMnx" version="1" changeset="1" lat="23.020566" lon="113.749961" /><node id="12180433278" timestamp="2026-03-31T16:45:31Z" uid="1" user="OSMnx" version="1" changeset="1" lat="23.020569" lon="113.74993" /><node id="12180433279" timestamp="2026-03-31T16:45:31Z" uid="1" user="OSMnx" version="1" changeset="1" lat="23.020568" lon="113.749911" /><node id="12180433280" timestamp="2026-03-31T16:45:31Z" uid="1" user="OSMnx" version="1" changeset="1" lat="23.020558" lon="113.749886" /><node id="12180433281" timestamp="2026-03-31T16:45:31Z" uid="1" user="OSMnx" version="1" changeset="1" lat="23.020532" lon="113.749847" /><node id="12180433282" timestamp="2026-03-31T16:45:31Z" uid="1" user="OSMnx" version="1" changeset="1" lat="23.020508" lon="113.749824" /><node id="12180433283" timestamp="2026-03-31T16:45:31Z" uid="1" user="OSMnx" version="1" changeset="1" lat="23.020483" lon="113.749812" /><node id="12180433284" timestamp="2026-03-31T16:45:31Z" uid="1" user="OSMnx" version="1" changeset="1" lat="23.020459" lon="113.749811" /><node id="12180433285" timestamp="2026-03-31T16:45:31Z" uid="1" user="OSMnx" version="1" changeset="1" lat="23.020436" lon="113.749816" /><node id="12180433286" timestamp="2026-03-31T16:45:31Z" uid="1" user="OSMnx" version="1" changeset="1" lat="23.019989" lon="113.750121" /><node id="12180433287" timestamp="2026-03-31T16:45:31Z" uid="1" user="OSMnx" version="1" changeset="1" lat="23.01997" lon="113.750143" /><node id="12180433288" timestamp="2026-03-31T16:45:31Z" uid="1" user="OSMnx" version="1" changeset="1" lat="23.019961" lon="113.750169" /><node id="12180433289" timestamp="2026-03-31T16:45:31Z" uid="1" user="OSMnx" version="1" changeset="1" lat="23.019958" lon="113.750198" /><node id="12180433290" timestamp="2026-03-31T16:45:31Z" uid="1" user="OSMnx" version="1" changeset="1" lat="23.019963" lon="113.750228" /><node id="12180433291" timestamp="2026-03-31T16:45:31Z" uid="1" user="OSMnx" version="1" changeset="1" lat="23.01998" lon="113.750269" /><node id="12180433292" timestamp="2026-03-31T16:45:31Z" uid="1" user="OSMnx" version="1" changeset="1" lat="23.02049" lon="113.750355" /><node id="12180433293" timestamp="2026-03-31T16:45:31Z" uid="1" user="OSMnx" version="1" changeset="1" lat="23.020013" lon="113.750336" /><node id="12180433307" timestamp="2026-03-31T16:45:31Z" uid="1" user="OSMnx" version="1" changeset="1" lat="23.01838" lon="113.751021" /><node id="12180433308" timestamp="2026-03-31T16:45:31Z" uid="1" user="OSMnx" version="1" changeset="1" lat="23.01843" lon="113.751104" /><node id="12180433309" timestamp="2026-03-31T16:45:31Z" uid="1" user="OSMnx" version="1" changeset="1" lat="23.018465" lon="113.751141" /><node id="12180433310" timestamp="2026-03-31T16:45:31Z" uid="1" user="OSMnx" version="1" changeset="1" lat="23.018524" lon="113.751161" /><node id="12180433311" timestamp="2026-03-31T16:45:31Z" uid="1" user="OSMnx" version="1" changeset="1" lat="23.018576" lon="113.751159" /><node id="12180433312" timestamp="2026-03-31T16:45:31Z" uid="1" user="OSMnx" version="1" changeset="1" lat="23.018638" lon="113.751138" /><node id="12180433313" timestamp="2026-03-31T16:45:31Z" uid="1" user="OSMnx" version="1" changeset="1" lat="23.01869" lon="113.751121" /><node id="12180433314" timestamp="2026-03-31T16:45:31Z" uid="1" user="OSMnx" version="1" changeset="1" lat="23.018739" lon="113.751119" /><node id="12180433315" timestamp="2026-03-31T16:45:31Z" uid="1" user="OSMnx" version="1" changeset="1" lat="23.018778" lon="113.751129" /><node id="12180433316" timestamp="2026-03-31T16:45:31Z" uid="1" user="OSMnx" version="1" changeset="1" lat="23.018814" lon="113.751158" /><node id="12180433317" timestamp="2026-03-31T16:45:31Z" uid="1" user="OSMnx" version="1" changeset="1" lat="23.018899" lon="113.751266" /><node id="12180433318" timestamp="2026-03-31T16:45:31Z" uid="1" user="OSMnx" version="1" changeset="1" lat="23.018941" lon="113.751296" /><node id="12180433319" timestamp="2026-03-31T16:45:31Z" uid="1" user="OSMnx" version="1" changeset="1" lat="23.018987" lon="113.751305" /><node id="12180433320" timestamp="2026-03-31T16:45:31Z" uid="1" user="OSMnx" version="1" changeset="1" lat="23.019036" lon="113.751305" /><node id="12180433321" timestamp="2026-03-31T16:45:31Z" uid="1" user="OSMnx" version="1" changeset="1" lat="23.019077" lon="113.751278" /><node id="12180433322" timestamp="2026-03-31T16:45:31Z" uid="1" user="OSMnx" version="1" changeset="1" lat="23.019091" lon="113.751258" /><node id="12180433323" timestamp="2026-03-31T16:45:31Z" uid="1" user="OSMnx" version="1" changeset="1" lat="23.019116" lon="113.751206" /><node id="12180433324" timestamp="2026-03-31T16:45:31Z" uid="1" user="OSMnx" version="1" changeset="1" lat="23.019134" lon="113.751148" /><node id="12180433325" timestamp="2026-03-31T16:45:31Z" uid="1" user="OSMnx" version="1" changeset="1" lat="23.019147" lon="113.751104" /><node id="12180433326" timestamp="2026-03-31T16:45:31Z" uid="1" user="OSMnx" version="1" changeset="1" lat="23.019173" lon="113.751088" /><node id="12180433327" timestamp="2026-03-31T16:45:31Z" uid="1" user="OSMnx" version="1" changeset="1" lat="23.019225" lon="113.751074" /><node id="12180433328" timestamp="2026-03-31T16:45:31Z" uid="1" user="OSMnx" version="1" changeset="1" lat="23.01926" lon="113.751076" /><node id="12180433329" timestamp="2026-03-31T16:45:31Z" uid="1" user="OSMnx" version="1" changeset="1" lat="23.019326" lon="113.751088" /><node id="12180433330" timestamp="2026-03-31T16:45:31Z" uid="1" user="OSMnx" version="1" changeset="1" lat="23.019362" lon="113.751094" /><node id="12180433331" timestamp="2026-03-31T16:45:31Z" uid="1" user="OSMnx" version="1" changeset="1" lat="23.019399" lon="113.751088" /><node id="12180433332" timestamp="2026-03-31T16:45:31Z" uid="1" user="OSMnx" version="1" changeset="1" lat="23.019428" lon="113.751067" /><node id="12180433333" timestamp="2026-03-31T16:45:31Z" uid="1" user="OSMnx" version="1" changeset="1" lat="23.019454" lon="113.751032" /><node id="12180433334" timestamp="2026-03-31T16:45:31Z" uid="1" user="OSMnx" version="1" changeset="1" lat="23.019465" lon="113.750996" /><node id="12180433335" timestamp="2026-03-31T16:45:31Z" uid="1" user="OSMnx" version="1" changeset="1" lat="23.019473" lon="113.750925" /><node id="12180433336" timestamp="2026-03-31T16:45:31Z" uid="1" user="OSMnx" version="1" changeset="1" lat="23.019473" lon="113.750869" /><node id="12180433337" timestamp="2026-03-31T16:45:31Z" uid="1" user="OSMnx" version="1" changeset="1" lat="23.019556" lon="113.750676" /><node id="12180433338" timestamp="2026-03-31T16:45:31Z" uid="1" user="OSMnx" version="1" changeset="1" lat="23.019571" lon="113.750631" /><node id="12180433339" timestamp="2026-03-31T16:45:31Z" uid="1" user="OSMnx" version="1" changeset="1" lat="23.019574" lon="113.750598" /><node id="12180433340" timestamp="2026-03-31T16:45:31Z" uid="1" user="OSMnx" version="1" changeset="1" lat="23.019568" lon="113.750566" /><node id="12180433341" timestamp="2026-03-31T16:45:31Z" uid="1" user="OSMnx" version="1" changeset="1" lat="23.019546" lon="113.750531" /><node id="12180433342" timestamp="2026-03-31T16:45:31Z" uid="1" user="OSMnx" version="1" changeset="1" lat="23.019516" lon="113.750471" /><node id="12180433343" timestamp="2026-03-31T16:45:31Z" uid="1" user="OSMnx" version="1" changeset="1" lat="23.019497" lon="113.750412" /><node id="12180433344" timestamp="2026-03-31T16:45:31Z" uid="1" user="OSMnx" version="1" changeset="1" lat="23.019494" lon="113.750369" /><node id="12180433345" timestamp="2026-03-31T16:45:31Z" uid="1" user="OSMnx" version="1" changeset="1" lat="23.019494" lon="113.750321" /><node id="12180433346" timestamp="2026-03-31T16:45:31Z" uid="1" user="OSMnx" version="1" changeset="1" lat="23.019497" lon="113.750296" /><node id="12180433347" timestamp="2026-03-31T16:45:31Z" uid="1" user="OSMnx" version="1" changeset="1" lat="23.019488" lon="113.750254" /><node id="12180433348" timestamp="2026-03-31T16:45:31Z" uid="1" user="OSMnx" version="1" changeset="1" lat="23.019462" lon="113.750234" /><node id="12180433349" timestamp="2026-03-31T16:45:31Z" uid="1" user="OSMnx" version="1" changeset="1" lat="23.019416" lon="113.750225" /><node id="12180433350" timestamp="2026-03-31T16:45:31Z" uid="1" user="OSMnx" version="1" changeset="1" lat="23.019368" lon="113.750222" /><node id="12180433351" timestamp="2026-03-31T16:45:31Z" uid="1" user="OSMnx" version="1" changeset="1" lat="23.01934" lon="113.750205" /><node id="12180433352" timestamp="2026-03-31T16:45:31Z" uid="1" user="OSMnx" version="1" changeset="1" lat="23.019302" lon="113.750164" /><node id="12180433353" timestamp="2026-03-31T16:45:31Z" uid="1" user="OSMnx" version="1" changeset="1" lat="23.019268" lon="113.750115" /><node id="12180433354" timestamp="2026-03-31T16:45:31Z" uid="1" user="OSMnx" version="1" changeset="1" lat="23.01925" lon="113.750092" /><node id="12180433355" timestamp="2026-03-31T16:45:31Z" uid="1" user="OSMnx" version="1" changeset="1" lat="23.019194" lon="113.750082" /><node id="12180433356" timestamp="2026-03-31T16:45:31Z" uid="1" user="OSMnx" version="1" changeset="1" lat="23.019159" lon="113.750095" /><node id="12180433357" timestamp="2026-03-31T16:45:31Z" uid="1" user="OSMnx" version="1" changeset="1" lat="23.01912" lon="113.750103" /><node id="12180433358" timestamp="2026-03-31T16:45:31Z" uid="1" user="OSMnx" version="1" changeset="1" lat="23.019084" lon="113.7501" /><node id="12180433359" timestamp="2026-03-31T16:45:31Z" uid="1" user="OSMnx" version="1" changeset="1" lat="23.019053" lon="113.750095" /><node id="12180433360" timestamp="2026-03-31T16:45:31Z" uid="1" user="OSMnx" version="1" changeset="1" lat="23.019004" lon="113.75009" /><node id="12180433361" timestamp="2026-03-31T16:45:31Z" uid="1" user="OSMnx" version="1" changeset="1" lat="23.018964" lon="113.750097" /><node id="12180433362" timestamp="2026-03-31T16:45:31Z" uid="1" user="OSMnx" version="1" changeset="1" lat="23.018936" lon="113.750117" /><node id="12180433363" timestamp="2026-03-31T16:45:31Z" uid="1" user="OSMnx" version="1" changeset="1" lat="23.018913" lon="113.750147" /><node id="12180433364" timestamp="2026-03-31T16:45:31Z" uid="1" user="OSMnx" version="1" changeset="1" lat="23.018878" lon="113.750162" /><node id="12180433365" timestamp="2026-03-31T16:45:31Z" uid="1" user="OSMnx" version="1" changeset="1" lat="23.018839" lon="113.750167" /><node id="12180433366" timestamp="2026-03-31T16:45:31Z" uid="1" user="OSMnx" version="1" changeset="1" lat="23.018805" lon="113.75018" /><node id="12180433367" timestamp="2026-03-31T16:45:31Z" uid="1" user="OSMnx" version="1" changeset="1" lat="23.019224" lon="113.750079" /><node id="12180433368" timestamp="2026-03-31T16:45:31Z" uid="1" user="OSMnx" version="1" changeset="1" lat="23.019793" lon="113.751032" /><node id="12180433369" timestamp="2026-03-31T16:45:31Z" uid="1" user="OSMnx" version="1" changeset="1" lat="23.019876" lon="113.75084" /><node id="12180433370" timestamp="2026-03-31T16:45:31Z" uid="1" user="OSMnx" version="1" changeset="1" lat="23.019432" lon="113.750613" /><node id="12180433371" timestamp="2026-03-31T16:45:31Z" uid="1" user="OSMnx" version="1" changeset="1" lat="23.019382" lon="113.750745" /><node id="12180433372" timestamp="2026-03-31T16:45:31Z" uid="1" user="OSMnx" version="1" changeset="1" lat="23.019257" lon="113.750874" /><node id="12180433373" timestamp="2026-03-31T16:45:31Z" uid="1" user="OSMnx" version="1" changeset="1" lat="23.018851" lon="113.751204" /><node id="12180433374" timestamp="2026-03-31T16:45:31Z" uid="1" user="OSMnx" version="1" changeset="1" lat="23.018856" lon="113.751408" /><node id="12180433375" timestamp="2026-03-31T16:45:31Z" uid="1" user="OSMnx" version="1" changeset="1" lat="23.018601" lon="113.751337" /><node id="12180433376" timestamp="2026-03-31T16:45:31Z" uid="1" user="OSMnx" version="1" changeset="1" lat="23.018903" lon="113.751563" /><node id="12180433377" timestamp="2026-03-31T16:45:31Z" uid="1" user="OSMnx" version="1" changeset="1" lat="23.018544" lon="113.751747" /><node id="12180433378" timestamp="2026-03-31T16:45:31Z" uid="1" user="OSMnx" version="1" changeset="1" lat="23.018576" lon="113.751884" /><node id="12180433379" timestamp="2026-03-31T16:45:31Z" uid="1" user="OSMnx" version="1" changeset="1" lat="23.018816" lon="113.751607" /><node id="12180433380" timestamp="2026-03-31T16:45:31Z" uid="1" user="OSMnx" version="1" changeset="1" lat="23.018561" lon="113.751608" /><node id="12180433381" timestamp="2026-03-31T16:45:31Z" uid="1" user="OSMnx" version="1" changeset="1" lat="23.018853" lon="113.751281" /><node id="12180433382" timestamp="2026-03-31T16:45:31Z" uid="1" user="OSMnx" version="1" changeset="1" lat="23.018469" lon="113.751607" /><node id="12180433383" timestamp="2026-03-31T16:45:31Z" uid="1" user="OSMnx" version="1" changeset="1" lat="23.018438" lon="113.751605" /><node id="12180433384" timestamp="2026-03-31T16:45:31Z" uid="1" user="OSMnx" version="1" changeset="1" lat="23.018415" lon="113.751589" /><node id="12180433385" timestamp="2026-03-31T16:45:31Z" uid="1" user="OSMnx" version="1" changeset="1" lat="23.018403" lon="113.751554" /><node id="12180433386" timestamp="2026-03-31T16:45:31Z" uid="1" user="OSMnx" version="1" changeset="1" lat="23.018393" lon="113.751524" /><node id="12180433387" timestamp="2026-03-31T16:45:31Z" uid="1" user="OSMnx" version="1" changeset="1" lat="23.01837" lon="113.751498" /><node id="12180433388" timestamp="2026-03-31T16:45:31Z" uid="1" user="OSMnx" version="1" changeset="1" lat="23.018354" lon="113.751461" /><node id="12180433389" timestamp="2026-03-31T16:45:31Z" uid="1" user="OSMnx" version="1" changeset="1" lat="23.018342" lon="113.751445" /><node id="12180433390" timestamp="2026-03-31T16:45:31Z" uid="1" user="OSMnx" version="1" changeset="1" lat="23.018316" lon="113.751432" /><node id="12180433391" timestamp="2026-03-31T16:45:31Z" uid="1" user="OSMnx" version="1" changeset="1" lat="23.018262" lon="113.751427" /><node id="12180433392" timestamp="2026-03-31T16:45:31Z" uid="1" user="OSMnx" version="1" changeset="1" lat="23.018222" lon="113.751421" /><node id="12180433393" timestamp="2026-03-31T16:45:31Z" uid="1" user="OSMnx" version="1" changeset="1" lat="23.018164" lon="113.751386" /><node id="12180433394" timestamp="2026-03-31T16:45:31Z" uid="1" user="OSMnx" version="1" changeset="1" lat="23.018145" lon="113.75136" /><node id="12180433395" timestamp="2026-03-31T16:45:31Z" uid="1" user="OSMnx" version="1" changeset="1" lat="23.018125" lon="113.751309" /><node id="12180433396" timestamp="2026-03-31T16:45:31Z" uid="1" user="OSMnx" version="1" changeset="1" lat="23.018073" lon="113.751232" /><node id="12180433397" timestamp="2026-03-31T16:45:31Z" uid="1" user="OSMnx" version="1" changeset="1" lat="23.018161" lon="113.750812" /><node id="12180433398" timestamp="2026-03-31T16:45:31Z" uid="1" user="OSMnx" version="1" changeset="1" lat="23.018232" lon="113.750877" /><node id="12180433399" timestamp="2026-03-31T16:45:31Z" uid="1" user="OSMnx" version="1" changeset="1" lat="23.018325" lon="113.750913" /><node id="12180433400" timestamp="2026-03-31T16:45:31Z" uid="1" user="OSMnx" version="1" changeset="1" lat="23.021085" lon="113.749193" /><node id="12180433401" timestamp="2026-03-31T16:45:31Z" uid="1" user="OSMnx" version="1" changeset="1" lat="23.021311" lon="113.747335" /><node id="12180433402" timestamp="2026-03-31T16:45:31Z" uid="1" user="OSMnx" version="1" changeset="1" lat="23.021242" lon="113.747266" /><node id="12180433403" timestamp="2026-03-31T16:45:31Z" uid="1" user="OSMnx" version="1" changeset="1" lat="23.02119" lon="113.747245" /><node id="12180433405" timestamp="2026-03-31T16:45:31Z" uid="1" user="OSMnx" version="1" changeset="1" lat="23.018983" lon="113.748408" /><node id="12180433406" timestamp="2026-03-31T16:45:31Z" uid="1" user="OSMnx" version="1" changeset="1" lat="23.021531" lon="113.747645" /><node id="12180433407" timestamp="2026-03-31T16:45:31Z" uid="1" user="OSMnx" version="1" changeset="1" lat="23.021495" lon="113.747641" /><node id="12180433408" timestamp="2026-03-31T16:45:31Z" uid="1" user="OSMnx" version="1" changeset="1" lat="23.02145" lon="113.747624" /><node id="12180433409" timestamp="2026-03-31T16:45:31Z" uid="1" user="OSMnx" version="1" changeset="1" lat="23.021416" lon="113.7476" /><node id="12180433410" timestamp="2026-03-31T16:45:31Z" uid="1" user="OSMnx" version="1" changeset="1" lat="23.021374" lon="113.747546" /><node id="12180433411" timestamp="2026-03-31T16:45:31Z" uid="1" user="OSMnx" version="1" changeset="1" lat="23.021283" lon="113.747298" /><node id="12180433414" timestamp="2026-03-31T16:45:31Z" uid="1" user="OSMnx" version="1" changeset="1" lat="23.022076" lon="113.747232" /><node id="12180433415" timestamp="2026-03-31T16:45:31Z" uid="1" user="OSMnx" version="1" changeset="1" lat="23.021897" lon="113.747421" /><node id="12180433439" timestamp="2026-03-31T16:45:31Z" uid="1" user="OSMnx" version="1" changeset="1" lat="23.020685" lon="113.747107" /><node id="12180433489" timestamp="2026-03-31T16:45:31Z" uid="1" user="OSMnx" version="1" changeset="1" lat="23.016581" lon="113.749744" /><node id="12846960231" timestamp="2026-03-31T16:45:31Z" uid="1" user="OSMnx" version="1" changeset="1" lat="23.022119" lon="113.748358" /><node id="12846960240" timestamp="2026-03-31T16:45:31Z" uid="1" user="OSMnx" version="1" changeset="1" lat="23.024318" lon="113.747566" /><node id="12846960241" timestamp="2026-03-31T16:45:31Z" uid="1" user="OSMnx" version="1" changeset="1" lat="23.021316" lon="113.747809" /><node id="12846960242" timestamp="2026-03-31T16:45:31Z" uid="1" user="OSMnx" version="1" changeset="1" lat="23.021263" lon="113.747856" /><node id="12857921318" timestamp="2026-03-31T16:45:31Z" uid="1" user="OSMnx" version="1" changeset="1" lat="23.024453" lon="113.747002" /><node id="12857921321" timestamp="2026-03-31T16:45:31Z" uid="1" user="OSMnx" version="1" changeset="1" lat="23.024954" lon="113.747145" /><node id="12857921322" timestamp="2026-03-31T16:45:31Z" uid="1" user="OSMnx" version="1" changeset="1" lat="23.024989" lon="113.747006" /><node id="12857921332" timestamp="2026-03-31T16:45:31Z" uid="1" user="OSMnx" version="1" changeset="1" lat="23.024031" lon="113.748767" /><node id="12857921333" timestamp="2026-03-31T16:45:31Z" uid="1" user="OSMnx" version="1" changeset="1" lat="23.024193" lon="113.748812" /><node id="12857921336" timestamp="2026-03-31T16:45:31Z" uid="1" user="OSMnx" version="1" changeset="1" lat="23.02305" lon="113.749091" /><node id="12857921337" timestamp="2026-03-31T16:45:31Z" uid="1" user="OSMnx" version="1" changeset="1" lat="23.023121" lon="113.748799" /><node id="12857921338" timestamp="2026-03-31T16:45:31Z" uid="1" user="OSMnx" version="1" changeset="1" lat="23.024237" lon="113.748626" /><node id="12857921339" timestamp="2026-03-31T16:45:31Z" uid="1" user="OSMnx" version="1" changeset="1" lat="23.02438" lon="113.748664" /><node id="12857921340" timestamp="2026-03-31T16:45:31Z" uid="1" user="OSMnx" version="1" changeset="1" lat="23.02421" lon="113.749365" /><node id="12857921341" timestamp="2026-03-31T16:45:31Z" uid="1" user="OSMnx" version="1" changeset="1" lat="23.024068" lon="113.749331" /><node id="12857921342" timestamp="2026-03-31T16:45:31Z" uid="1" user="OSMnx" version="1" changeset="1" lat="23.023922" lon="113.749297" /><node id="12857921343" timestamp="2026-03-31T16:45:31Z" uid="1" user="OSMnx" version="1" changeset="1" lat="23.023773" lon="113.749262" /><node id="12857921344" timestamp="2026-03-31T16:45:31Z" uid="1" user="OSMnx" version="1" changeset="1" lat="23.023634" lon="113.749229" /><node id="12857921345" timestamp="2026-03-31T16:45:31Z" uid="1" user="OSMnx" version="1" changeset="1" lat="23.023486" lon="113.749194" /><node id="12857921346" timestamp="2026-03-31T16:45:31Z" uid="1" user="OSMnx" version="1" changeset="1" lat="23.023346" lon="113.749161" /><node id="12857921347" timestamp="2026-03-31T16:45:31Z" uid="1" user="OSMnx" version="1" changeset="1" lat="23.023194" lon="113.749125" /><node id="12857921348" timestamp="2026-03-31T16:45:31Z" uid="1" user="OSMnx" version="1" changeset="1" lat="23.022958" lon="113.74907" /><node id="12857921349" timestamp="2026-03-31T16:45:31Z" uid="1" user="OSMnx" version="1" changeset="1" lat="23.023033" lon="113.748776" /><node id="12857921350" timestamp="2026-03-31T16:45:31Z" uid="1" user="OSMnx" version="1" changeset="1" lat="23.023266" lon="113.748837" /><node id="12857921351" timestamp="2026-03-31T16:45:31Z" uid="1" user="OSMnx" version="1" changeset="1" lat="23.023307" lon="113.748675" /><node id="12857921352" timestamp="2026-03-31T16:45:31Z" uid="1" user="OSMnx" version="1" changeset="1" lat="23.023421" lon="113.74884" /><node id="12857921353" timestamp="2026-03-31T16:45:31Z" uid="1" user="OSMnx" version="1" changeset="1" lat="23.023561" lon="113.74888" /><node id="12857921354" timestamp="2026-03-31T16:45:31Z" uid="1" user="OSMnx" version="1" changeset="1" lat="23.024142" lon="113.749024" /><node id="12857921355" timestamp="2026-03-31T16:45:31Z" uid="1" user="OSMnx" version="1" changeset="1" lat="23.023998" lon="113.748983" /><node id="12857921356" timestamp="2026-03-31T16:45:31Z" uid="1" user="OSMnx" version="1" changeset="1" lat="23.02385" lon="113.748941" /><node id="12857921357" timestamp="2026-03-31T16:45:31Z" uid="1" user="OSMnx" version="1" changeset="1" lat="23.023713" lon="113.748902" /><node id="12857921442" timestamp="2026-03-31T16:45:31Z" uid="1" user="OSMnx" version="1" changeset="1" lat="23.022846" lon="113.747089" /><node id="12857921443" timestamp="2026-03-31T16:45:31Z" uid="1" user="OSMnx" version="1" changeset="1" lat="23.022747" lon="113.74725" /><node id="12857921444" timestamp="2026-03-31T16:45:31Z" uid="1" user="OSMnx" version="1" changeset="1" lat="23.02265" lon="113.747398" /><node id="12857921445" timestamp="2026-03-31T16:45:31Z" uid="1" user="OSMnx" version="1" changeset="1" lat="23.022479" lon="113.747604" /><node id="12857921446" timestamp="2026-03-31T16:45:31Z" uid="1" user="OSMnx" version="1" changeset="1" lat="23.02239" lon="113.747694" /><node id="12857921447" timestamp="2026-03-31T16:45:31Z" uid="1" user="OSMnx" version="1" changeset="1" lat="23.02228" lon="113.747795" /><node id="12857921448" timestamp="2026-03-31T16:45:31Z" uid="1" user="OSMnx" version="1" changeset="1" lat="23.022158" lon="113.747881" /><node id="12857921449" timestamp="2026-03-31T16:45:31Z" uid="1" user="OSMnx" version="1" changeset="1" lat="23.022046" lon="113.747949" /><node id="12857921450" timestamp="2026-03-31T16:45:31Z" uid="1" user="OSMnx" version="1" changeset="1" lat="23.02192" lon="113.748007" /><node id="12857921453" timestamp="2026-03-31T16:45:31Z" uid="1" user="OSMnx" version="1" changeset="1" lat="23.022675" lon="113.747104" /><node id="12857921454" timestamp="2026-03-31T16:45:31Z" uid="1" user="OSMnx" version="1" changeset="1" lat="23.022907" lon="113.747263" /><node id="12857921466" timestamp="2026-03-31T16:45:31Z" uid="1" user="OSMnx" version="1" changeset="1" lat="23.022414" lon="113.7479" /><node id="12857921467" timestamp="2026-03-31T16:45:31Z" uid="1" user="OSMnx" version="1" changeset="1" lat="23.02255" lon="113.747779" /><node id="12857921468" timestamp="2026-03-31T16:45:31Z" uid="1" user="OSMnx" version="1" changeset="1" lat="23.022671" lon="113.747647" /><node id="12857921469" timestamp="2026-03-31T16:45:31Z" uid="1" user="OSMnx" version="1" changeset="1" lat="23.022554" lon="113.747524" /><node id="12857921470" timestamp="2026-03-31T16:45:31Z" uid="1" user="OSMnx" version="1" changeset="1" lat="23.022243" lon="113.748017" /><node id="12857921471" timestamp="2026-03-31T16:45:31Z" uid="1" user="OSMnx" version="1" changeset="1" lat="23.022332" lon="113.747963" /><node id="12857921472" timestamp="2026-03-31T16:45:31Z" uid="1" user="OSMnx" version="1" changeset="1" lat="23.021981" lon="113.748156" /><node id="12857921473" timestamp="2026-03-31T16:45:31Z" uid="1" user="OSMnx" version="1" changeset="1" lat="23.022107" lon="113.748094" /><node id="12857921478" timestamp="2026-03-31T16:45:31Z" uid="1" user="OSMnx" version="1" changeset="1" lat="23.022875" lon="113.748677" /><node id="12857921479" timestamp="2026-03-31T16:45:31Z" uid="1" user="OSMnx" version="1" changeset="1" lat="23.02289" lon="113.748621" /><node id="12857921480" timestamp="2026-03-31T16:45:31Z" uid="1" user="OSMnx" version="1" changeset="1" lat="23.022838" lon="113.748836" /><node id="12857921481" timestamp="2026-03-31T16:45:31Z" uid="1" user="OSMnx" version="1" changeset="1" lat="23.022766" lon="113.749128" /><node id="12857921484" timestamp="2026-03-31T16:45:31Z" uid="1" user="OSMnx" version="1" changeset="1" lat="23.022528" lon="113.747003" /><node id="12857921485" timestamp="2026-03-31T16:45:31Z" uid="1" user="OSMnx" version="1" changeset="1" lat="23.021821" lon="113.747766" /><node id="12857921487" timestamp="2026-03-31T16:45:31Z" uid="1" user="OSMnx" version="1" changeset="1" lat="23.024658" lon="113.748322" /><node id="12857921488" timestamp="2026-03-31T16:45:31Z" uid="1" user="OSMnx" version="1" changeset="1" lat="23.024444" lon="113.74832" /><node id="12857921489" timestamp="2026-03-31T16:45:31Z" uid="1" user="OSMnx" version="1" changeset="1" lat="23.024316" lon="113.748114" /><node id="12857921490" timestamp="2026-03-31T16:45:31Z" uid="1" user="OSMnx" version="1" changeset="1" lat="23.024548" lon="113.747029" /><node id="12857921491" timestamp="2026-03-31T16:45:31Z" uid="1" user="OSMnx" version="1" changeset="1" lat="23.024298" lon="113.748054" /><node id="12857921492" timestamp="2026-03-31T16:45:31Z" uid="1" user="OSMnx" version="1" changeset="1" lat="23.024611" lon="113.748326" /><node id="12857921508" timestamp="2026-03-31T16:45:31Z" uid="1" user="OSMnx" version="1" changeset="1" lat="23.024105" lon="113.748459" /><node id="12857921509" timestamp="2026-03-31T16:45:31Z" uid="1" user="OSMnx" version="1" changeset="1" lat="23.024276" lon="113.748504" /><node id="12857921510" timestamp="2026-03-31T16:45:31Z" uid="1" user="OSMnx" version="1" changeset="1" lat="23.024301" lon="113.748509" /><node id="12857921511" timestamp="2026-03-31T16:45:31Z" uid="1" user="OSMnx" version="1" changeset="1" lat="23.024326" lon="113.748504" /><node id="12857921512" timestamp="2026-03-31T16:45:31Z" uid="1" user="OSMnx" version="1" changeset="1" lat="23.024348" lon="113.748492" /><node id="12857921513" timestamp="2026-03-31T16:45:31Z" uid="1" user="OSMnx" version="1" changeset="1" lat="23.024365" lon="113.748472" /><node id="12857921514" timestamp="2026-03-31T16:45:31Z" uid="1" user="OSMnx" version="1" changeset="1" lat="23.024376" lon="113.748447" /><node id="12857921515" timestamp="2026-03-31T16:45:31Z" uid="1" user="OSMnx" version="1" changeset="1" lat="23.024379" lon="113.74842" /><node id="12857921516" timestamp="2026-03-31T16:45:31Z" uid="1" user="OSMnx" version="1" changeset="1" lat="23.024373" lon="113.748394" /><node id="12857921517" timestamp="2026-03-31T16:45:31Z" uid="1" user="OSMnx" version="1" changeset="1" lat="23.02436" lon="113.74837" /><node id="12857921518" timestamp="2026-03-31T16:45:31Z" uid="1" user="OSMnx" version="1" changeset="1" lat="23.024341" lon="113.748353" /><node id="13027942872" timestamp="2026-03-31T16:45:31Z" uid="1" user="OSMnx" version="1" changeset="1" lat="23.018566" lon="113.754636" /><node id="13027942873" timestamp="2026-03-31T16:45:31Z" uid="1" user="OSMnx" version="1" changeset="1" lat="23.018993" lon="113.754977" /><node id="13027942874" timestamp="2026-03-31T16:45:31Z" uid="1" user="OSMnx" version="1" changeset="1" lat="23.019023" lon="113.754924" /><node id="13027942875" timestamp="2026-03-31T16:45:31Z" uid="1" user="OSMnx" version="1" changeset="1" lat="23.018604" lon="113.754595" /><node id="13027942876" timestamp="2026-03-31T16:45:31Z" uid="1" user="OSMnx" version="1" changeset="1" lat="23.019105" lon="113.755075" /><node id="13027942877" timestamp="2026-03-31T16:45:31Z" uid="1" user="OSMnx" version="1" changeset="1" lat="23.019225" lon="113.755205" /><node id="13027942878" timestamp="2026-03-31T16:45:31Z" uid="1" user="OSMnx" version="1" changeset="1" lat="23.019622" lon="113.755632" /><node id="13027942879" timestamp="2026-03-31T16:45:31Z" uid="1" user="OSMnx" version="1" changeset="1" lat="23.019142" lon="113.75503" /><node id="13027942880" timestamp="2026-03-31T16:45:31Z" uid="1" user="OSMnx" version="1" changeset="1" lat="23.019266" lon="113.75516" /><node id="13027942881" timestamp="2026-03-31T16:45:31Z" uid="1" user="OSMnx" version="1" changeset="1" lat="23.019667" lon="113.755587" /><node id="13027942882" timestamp="2026-03-31T16:45:31Z" uid="1" user="OSMnx" version="1" changeset="1" lat="23.019615" lon="113.755532" /><node id="13027942883" timestamp="2026-03-31T16:45:31Z" uid="1" user="OSMnx" version="1" changeset="1" lat="23.019572" lon="113.755578" /><node id="13027942884" timestamp="2026-03-31T16:45:31Z" uid="1" user="OSMnx" version="1" changeset="1" lat="23.020673" lon="113.754557" /><node id="13027942885" timestamp="2026-03-31T16:45:31Z" uid="1" user="OSMnx" version="1" changeset="1" lat="23.020745" lon="113.754515" /><node id="13027942886" timestamp="2026-03-31T16:45:31Z" uid="1" user="OSMnx" version="1" changeset="1" lat="23.02206" lon="113.754079" /><node id="13027942887" timestamp="2026-03-31T16:45:31Z" uid="1" user="OSMnx" version="1" changeset="1" lat="23.023539" lon="113.753702" /><node id="13027942888" timestamp="2026-03-31T16:45:31Z" uid="1" user="OSMnx" version="1" changeset="1" lat="23.023887" lon="113.753611" /><node id="13027942889" timestamp="2026-03-31T16:45:31Z" uid="1" user="OSMnx" version="1" changeset="1" lat="23.021983" lon="113.754181" /><node id="13027942890" timestamp="2026-03-31T16:45:31Z" uid="1" user="OSMnx" version="1" changeset="1" lat="23.022248" lon="113.754112" /><node id="13027942891" timestamp="2026-03-31T16:45:31Z" uid="1" user="OSMnx" version="1" changeset="1" lat="23.02373" lon="113.753728" /><node id="13027942892" timestamp="2026-03-31T16:45:31Z" uid="1" user="OSMnx" version="1" changeset="1" lat="23.024982" lon="113.75341" /><node id="13027942893" timestamp="2026-03-31T16:45:31Z" uid="1" user="OSMnx" version="1" changeset="1" lat="23.024793" lon="113.753162" /><node id="13027942894" timestamp="2026-03-31T16:45:31Z" uid="1" user="OSMnx" version="1" changeset="1" lat="23.024888" lon="113.753137" /><node id="13027942895" timestamp="2026-03-31T16:45:31Z" uid="1" user="OSMnx" version="1" changeset="1" lat="23.024885" lon="113.753435" /><node id="13027942896" timestamp="2026-03-31T16:45:31Z" uid="1" user="OSMnx" version="1" changeset="1" lat="23.024723" lon="113.753476" /><node id="13027942897" timestamp="2026-03-31T16:45:31Z" uid="1" user="OSMnx" version="1" changeset="1" lat="23.018371" lon="113.754368" /><node id="13027942898" timestamp="2026-03-31T16:45:31Z" uid="1" user="OSMnx" version="1" changeset="1" lat="23.018336" lon="113.75432" /><node id="13027942899" timestamp="2026-03-31T16:45:31Z" uid="1" user="OSMnx" version="1" changeset="1" lat="23.018483" lon="113.753721" /><node id="13027942900" timestamp="2026-03-31T16:45:31Z" uid="1" user="OSMnx" version="1" changeset="1" lat="23.018419" lon="113.75372" /><node id="13027995601" timestamp="2026-03-31T16:45:31Z" uid="1" user="OSMnx" version="1" changeset="1" lat="23.018496" lon="113.754459" /><node id="13027995602" timestamp="2026-03-31T16:45:31Z" uid="1" user="OSMnx" version="1" changeset="1" lat="23.018369" lon="113.754238" /><node id="13027995603" timestamp="2026-03-31T16:45:31Z" uid="1" user="OSMnx" version="1" changeset="1" lat="23.018446" lon="113.754507" /><node id="13027995604" timestamp="2026-03-31T16:45:31Z" uid="1" user="OSMnx" version="1" changeset="1" lat="23.018413" lon="113.754291" /><node id="13027995605" timestamp="2026-03-31T16:45:31Z" uid="1" user="OSMnx" version="1" changeset="1" lat="23.019494" lon="113.752539" /><node id="13027995606" timestamp="2026-03-31T16:45:31Z" uid="1" user="OSMnx" version="1" changeset="1" lat="23.019561" lon="113.752497" /><node id="13098781520" timestamp="2026-03-31T16:45:31Z" uid="1" user="OSMnx" version="1" changeset="1" lat="23.018475" lon="113.753926" /><node id="13098781521" timestamp="2026-03-31T16:45:31Z" uid="1" user="OSMnx" version="1" changeset="1" lat="23.018458" lon="113.754034" /><way id="0" timestamp="2026-03-31T16:45:31Z" uid="1" user="OSMnx" version="1" changeset="1"><nd ref="3450062755" /><nd ref="10177785284" /><tag k="highway" v="secondary" /><tag k="name" v="体育路" /><tag k="oneway" v="yes" /></way><way id="1" timestamp="2026-03-31T16:45:31Z" uid="1" user="OSMnx" version="1" changeset="1"><nd ref="3450062759" /><nd ref="3450066285" /><tag k="highway" v="secondary" /><tag k="name" v="体育路" /><tag k="oneway" v="yes" /></way><way id="2" timestamp="2026-03-31T16:45:31Z" uid="1" user="OSMnx" version="1" changeset="1"><nd ref="3450062770" /><nd ref="3450066202" /><tag k="highway" v="secondary" /><tag k="name" v="体育路" /><tag k="oneway" v="yes" /></way><way id="3" timestamp="2026-03-31T16:45:31Z" uid="1" user="OSMnx" version="1" changeset="1"><nd ref="3450062771" /><nd ref="13027942892" /><tag k="highway" v="secondary" /><tag k="name" v="体育路" /><tag k="oneway" v="yes" /></way><way id="4" timestamp="2026-03-31T16:45:31Z" uid="1" user="OSMnx" version="1" changeset="1"><nd ref="3450062774" /><nd ref="13027942893" /><tag k="highway" v="secondary" /><tag k="name" v="体育路" /><tag k="oneway" v="yes" /></way><way id="5" timestamp="2026-03-31T16:45:31Z" uid="1" user="OSMnx" version="1" changeset="1"><nd ref="3450062775" /><nd ref="3450066281" /><tag k="highway" v="secondary" /><tag k="name" v="体育路" /><tag k="oneway" v="yes" /></way><way id="6" timestamp="2026-03-31T16:45:31Z" uid="1" user="OSMnx" version="1" changeset="1"><nd ref="3450062789" /><nd ref="10177785297" /><tag k="highway" v="secondary" /><tag k="name" v="体育路" /><tag k="oneway" v="yes" /></way><way id="7" timestamp="2026-03-31T16:45:31Z" uid="1" user="OSMnx" version="1" changeset="1"><nd ref="3450062791" /><nd ref="3450062755" /><tag k="highway" v="secondary" /><tag k="name" v="体育路" /><tag k="oneway" v="yes" /></way><way id="8" timestamp="2026-03-31T16:45:31Z" uid="1" user="OSMnx" version="1" changeset="1"><nd ref="3450062792" /><nd ref="3450062774" /><tag k="highway" v="secondary" /><tag k="name" v="体育路" /><tag k="oneway" v="yes" /></way><way id="9" timestamp="2026-03-31T16:45:31Z" uid="1" user="OSMnx" version="1" changeset="1"><nd ref="3450066194" /><nd ref="3450066264" /><tag k="highway" v="secondary" /><tag k="name" v="体育路" /><tag k="oneway" v="yes" /></way><way id="10" timestamp="2026-03-31T16:45:31Z" uid="1" user="OSMnx" version="1" changeset="1"><nd ref="3450066201" /><nd ref="10177785310" /><tag k="highway" v="secondary" /><tag k="name" v="体育路" /><tag k="oneway" v="yes" /></way><way id="11" timestamp="2026-03-31T16:45:31Z" uid="1" user="OSMnx" version="1" changeset="1"><nd ref="3450066202" /><nd ref="3450062771" /><tag k="highway" v="secondary" /><tag k="name" v="体育路" /><tag k="oneway" v="yes" /></way><way id="12" timestamp="2026-03-31T16:45:31Z" uid="1" user="OSMnx" version="1" changeset="1"><nd ref="3450066213" /><nd ref="11939203397" /><tag k="highway" v="secondary" /><tag k="name" v="体育路" /><tag k="oneway" v="yes" /></way><way id="13" timestamp="2026-03-31T16:45:31Z" uid="1" user="OSMnx" version="1" changeset="1"><nd ref="3450066214" /><nd ref="3450066262" /><tag k="highway" v="secondary" /><tag k="name" v="体育路" /><tag k="oneway" v="yes" /></way><way id="14" timestamp="2026-03-31T16:45:31Z" uid="1" user="OSMnx" version="1" changeset="1"><nd ref="3450066232" /><nd ref="11924675570" /><tag k="highway" v="secondary" /><tag k="name" v="体育路" /><tag k="oneway" v="yes" /></way><way id="15" timestamp="2026-03-31T16:45:31Z" uid="1" user="OSMnx" version="1" changeset="1"><nd ref="3450066235" /><nd ref="11861390460" /><tag k="highway" v="secondary" /><tag k="name" v="体育路" /><tag k="oneway" v="yes" /></way><way id="16" timestamp="2026-03-31T16:45:31Z" uid="1" user="OSMnx" version="1" changeset="1"><nd ref="3450066240" /><nd ref="3450066250" /><tag k="highway" v="secondary" /><tag k="name" v="体育路" /><tag k="oneway" v="yes" /></way><way id="17" timestamp="2026-03-31T16:45:31Z" uid="1" user="OSMnx" version="1" changeset="1"><nd ref="3450066245" /><nd ref="3450062770" /><tag k="highway" v="secondary" /><tag k="name" v="体育路" /><tag k="oneway" v="yes" /></way><way id="18" timestamp="2026-03-31T16:45:31Z" uid="1" user="OSMnx" version="1" changeset="1"><nd ref="3450066262" /><nd ref="10177785286" /><tag k="highway" v="secondary" /><tag k="name" v="体育路" /><tag k="oneway" v="yes" /></way><way id="19" timestamp="2026-03-31T16:45:31Z" uid="1" user="OSMnx" version="1" changeset="1"><nd ref="3450066264" /><nd ref="3450066240" /><tag k="highway" v="secondary" /><tag k="name" v="体育路" /><tag k="oneway" v="yes" /></way><way id="20" timestamp="2026-03-31T16:45:31Z" uid="1" user="OSMnx" version="1" changeset="1"><nd ref="3450066268" /><nd ref="11924659967" /><tag k="highway" v="secondary" /><tag k="name" v="体育路" /><tag k="oneway" v="yes" /></way><way id="21" timestamp="2026-03-31T16:45:31Z" uid="1" user="OSMnx" version="1" changeset="1"><nd ref="3450066271" /><nd ref="3450066268" /><tag k="highway" v="secondary" /><tag k="name" v="体育路" /><tag k="oneway" v="yes" /></way><way id="22" timestamp="2026-03-31T16:45:31Z" uid="1" user="OSMnx" version="1" changeset="1"><nd ref="3450066275" /><nd ref="10177785309" /><tag k="highway" v="secondary" /><tag k="name" v="体育路" /><tag k="oneway" v="yes" /></way><way id="23" timestamp="2026-03-31T16:45:31Z" uid="1" user="OSMnx" version="1" changeset="1"><nd ref="3450066281" /><nd ref="11924659960" /><tag k="highway" v="secondary" /><tag k="name" v="体育路" /><tag k="oneway" v="yes" /></way><way id="24" timestamp="2026-03-31T16:45:31Z" uid="1" user="OSMnx" version="1" changeset="1"><nd ref="3450066285" /><nd ref="12113878150" /><tag k="highway" v="secondary" /><tag k="name" v="体育路" /><tag k="oneway" v="yes" /></way><way id="25" timestamp="2026-03-31T16:45:31Z" uid="1" user="OSMnx" version="1" changeset="1"><nd ref="3464967046" /><nd ref="3464967073" /><tag k="highway" v="tertiary" /><tag k="name" v="元美东路" /><tag k="oneway" v="yes" /></way><way id="26" timestamp="2026-03-31T16:45:31Z" uid="1" user="OSMnx" version="1" changeset="1"><nd ref="3464967047" /><nd ref="3464967574" /><tag k="highway" v="tertiary" /><tag k="name" v="元美东路" /><tag k="oneway" v="yes" /></way><way id="27" timestamp="2026-03-31T16:45:31Z" uid="1" user="OSMnx" version="1" changeset="1"><nd ref="3464967066" /><nd ref="3464967430" /><tag k="highway" v="tertiary" /><tag k="name" v="元美东路" /><tag k="oneway" v="yes" /></way><way id="28" timestamp="2026-03-31T16:45:31Z" uid="1" user="OSMnx" version="1" changeset="1"><nd ref="3464967073" /><nd ref="3464967294" /><tag k="highway" v="tertiary" /><tag k="name" v="元美东路" /><tag k="oneway" v="yes" /></way><way id="29" timestamp="2026-03-31T16:45:31Z" uid="1" user="OSMnx" version="1" changeset="1"><nd ref="3464967074" /><nd ref="4191936683" /><tag k="highway" v="tertiary" /><tag k="name" v="元美东路" /><tag k="oneway" v="yes" /></way><way id="30" timestamp="2026-03-31T16:45:31Z" uid="1" user="OSMnx" version="1" changeset="1"><nd ref="3464967294" /><nd ref="13027995605" /><tag k="highway" v="tertiary" /><tag k="name" v="元美东路" /><tag k="oneway" v="yes" /></way><way id="31" timestamp="2026-03-31T16:45:31Z" uid="1" user="OSMnx" version="1" changeset="1"><nd ref="3464967301" /><nd ref="3464967403" /><tag k="highway" v="tertiary" /><tag k="name" v="元美东路" /><tag k="oneway" v="yes" /></way><way id="32" timestamp="2026-03-31T16:45:31Z" uid="1" user="OSMnx" version="1" changeset="1"><nd ref="3464967315" /><nd ref="3464967371" /><tag k="highway" v="tertiary" /><tag k="name" v="石竹路" /><tag k="oneway" v="yes" /></way><way id="33" timestamp="2026-03-31T16:45:31Z" uid="1" user="OSMnx" version="1" changeset="1"><nd ref="3464967317" /><nd ref="3464967402" /><tag k="highway" v="tertiary" /><tag k="name" v="元美东路" /><tag k="oneway" v="yes" /></way><way id="34" timestamp="2026-03-31T16:45:31Z" uid="1" user="OSMnx" version="1" changeset="1"><nd ref="3464967319" /><nd ref="5071278066" /><tag k="highway" v="tertiary" /><tag k="name" v="石竹路" /><tag k="oneway" v="yes" /></way><way id="35" timestamp="2026-03-31T16:45:31Z" uid="1" user="OSMnx" version="1" changeset="1"><nd ref="3464967326" /><nd ref="3464967384" /><tag k="highway" v="tertiary" /><tag k="name" v="元美东路" /><tag k="oneway" v="yes" /></way><way id="36" timestamp="2026-03-31T16:45:31Z" uid="1" user="OSMnx" version="1" changeset="1"><nd ref="3464967328" /><nd ref="3464967369" /><tag k="highway" v="tertiary" /><tag k="name" v="元美东路" /><tag k="oneway" v="yes" /></way><way id="37" timestamp="2026-03-31T16:45:31Z" uid="1" user="OSMnx" version="1" changeset="1"><nd ref="3464967337" /><nd ref="3464967575" /><tag k="highway" v="tertiary" /><tag k="name" v="元美东路" /><tag k="oneway" v="yes" /></way><way id="38" timestamp="2026-03-31T16:45:31Z" uid="1" user="OSMnx" version="1" changeset="1"><nd ref="3464967342" /><nd ref="3464967484" /><tag k="highway" v="tertiary" /><tag k="name" v="元美东路" /><tag k="oneway" v="yes" /></way><way id="39" timestamp="2026-03-31T16:45:31Z" uid="1" user="OSMnx" version="1" changeset="1"><nd ref="3464967343" /><nd ref="3464967487" /><tag k="highway" v="tertiary" /><tag k="name" v="元美东路" /><tag k="oneway" v="yes" /></way><way id="40" timestamp="2026-03-31T16:45:31Z" uid="1" user="OSMnx" version="1" changeset="1"><nd ref="3464967344" /><nd ref="3464967066" /><tag k="highway" v="tertiary" /><tag k="name" v="元美东路" /><tag k="oneway" v="yes" /></way><way id="41" timestamp="2026-03-31T16:45:31Z" uid="1" user="OSMnx" version="1" changeset="1"><nd ref="3464967362" /><nd ref="3464967074" /><tag k="highway" v="tertiary" /><tag k="name" v="元美东路" /><tag k="oneway" v="yes" /></way><way id="42" timestamp="2026-03-31T16:45:31Z" uid="1" user="OSMnx" version="1" changeset="1"><nd ref="3464967369" /><nd ref="3464967533" /><tag k="highway" v="tertiary" /><tag k="name" v="元美东路" /><tag k="oneway" v="yes" /></way><way id="43" timestamp="2026-03-31T16:45:31Z" uid="1" user="OSMnx" version="1" changeset="1"><nd ref="3464967370" /><nd ref="3464967392" /><tag k="highway" v="tertiary" /><tag k="name" v="元美东路" /><tag k="oneway" v="yes" /></way><way id="44" timestamp="2026-03-31T16:45:31Z" uid="1" user="OSMnx" version="1" changeset="1"><nd ref="3464967371" /><nd ref="10177785272" /><tag k="highway" v="tertiary" /><tag k="name" v="石竹路" /><tag k="oneway" v="yes" /></way><way id="45" timestamp="2026-03-31T16:45:31Z" uid="1" user="OSMnx" version="1" changeset="1"><nd ref="3464967382" /><nd ref="3464967541" /><tag k="highway" v="tertiary" /><tag k="name" v="元美东路" /><tag k="oneway" v="yes" /></way><way id="46" timestamp="2026-03-31T16:45:31Z" uid="1" user="OSMnx" version="1" changeset="1"><nd ref="3464967383" /><nd ref="3464967301" /><tag k="highway" v="tertiary" /><tag k="name" v="元美东路" /><tag k="oneway" v="yes" /></way><way id="47" timestamp="2026-03-31T16:45:31Z" uid="1" user="OSMnx" version="1" changeset="1"><nd ref="3464967384" /><nd ref="10197524339" /><tag k="highway" v="tertiary" /><tag k="name" v="元美东路" /><tag k="oneway" v="yes" /></way><way id="48" timestamp="2026-03-31T16:45:31Z" uid="1" user="OSMnx" version="1" changeset="1"><nd ref="3464967392" /><nd ref="3464967501" /><tag k="highway" v="tertiary" /><tag k="name" v="元美东路" /><tag k="oneway" v="yes" /></way><way id="49" timestamp="2026-03-31T16:45:31Z" uid="1" user="OSMnx" version="1" changeset="1"><nd ref="3464967394" /><nd ref="3464967362" /><tag k="highway" v="tertiary" /><tag k="name" v="元美东路" /><tag k="oneway" v="yes" /></way><way id="50" timestamp="2026-03-31T16:45:31Z" uid="1" user="OSMnx" version="1" changeset="1"><nd ref="3464967402" /><nd ref="3464967047" /><tag k="highway" v="tertiary" /><tag k="name" v="元美东路" /><tag k="oneway" v="yes" /></way><way id="51" timestamp="2026-03-31T16:45:31Z" uid="1" user="OSMnx" version="1" changeset="1"><nd ref="3464967403" /><nd ref="13027942900" /><tag k="highway" v="tertiary" /><tag k="oneway" v="yes" /></way><way id="52" timestamp="2026-03-31T16:45:31Z" uid="1" user="OSMnx" version="1" changeset="1"><nd ref="3464967403" /><nd ref="4193375796" /><tag k="highway" v="tertiary" /><tag k="name" v="元美东路" /><tag k="oneway" v="yes" /></way><way id="53" timestamp="2026-03-31T16:45:31Z" uid="1" user="OSMnx" version="1" changeset="1"><nd ref="3464967405" /><nd ref="10177785271" /><tag k="highway" v="tertiary" /><tag k="name" v="石竹路" /><tag k="oneway" v="yes" /></way><way id="54" timestamp="2026-03-31T16:45:31Z" uid="1" user="OSMnx" version="1" changeset="1"><nd ref="3464967406" /><nd ref="3464967442" /><tag k="highway" v="tertiary" /><tag k="name" v="石竹路" /><tag k="oneway" v="yes" /></way><way id="55" timestamp="2026-03-31T16:45:31Z" uid="1" user="OSMnx" version="1" changeset="1"><nd ref="3464967428" /><nd ref="3464967343" /><tag k="highway" v="tertiary" /><tag k="name" v="元美东路" /><tag k="oneway" v="yes" /></way><way id="56" timestamp="2026-03-31T16:45:31Z" uid="1" user="OSMnx" version="1" changeset="1"><nd ref="3464967430" /><nd ref="3464967428" /><tag k="highway" v="tertiary" /><tag k="name" v="元美东路" /><tag k="oneway" v="yes" /></way><way id="57" timestamp="2026-03-31T16:45:31Z" uid="1" user="OSMnx" version="1" changeset="1"><nd ref="3464967437" /><nd ref="12180432995" /><tag k="highway" v="service" /><tag k="oneway" v="yes" /></way><way id="58" timestamp="2026-03-31T16:45:31Z" uid="1" user="OSMnx" version="1" changeset="1"><nd ref="3464967437" /><nd ref="12180397975" /><tag k="highway" v="tertiary" /><tag k="name" v="元美东路" /><tag k="oneway" v="yes" /></way><way id="59" timestamp="2026-03-31T16:45:31Z" uid="1" user="OSMnx" version="1" changeset="1"><nd ref="3464967439" /><nd ref="3464967370" /><tag k="highway" v="tertiary" /><tag k="name" v="元美东路" /><tag k="oneway" v="yes" /></way><way id="60" timestamp="2026-03-31T16:45:31Z" uid="1" user="OSMnx" version="1" changeset="1"><nd ref="3464967442" /><nd ref="3464967547" /><tag k="highway" v="tertiary" /><tag k="name" v="元美东路" /><tag k="oneway" v="yes" /></way><way id="61" timestamp="2026-03-31T16:45:31Z" uid="1" user="OSMnx" version="1" changeset="1"><nd ref="3464967442" /><nd ref="10177785277" /><tag k="highway" v="tertiary" /><tag k="name" v="石竹路" /><tag k="oneway" v="yes" /></way><way id="62" timestamp="2026-03-31T16:45:31Z" uid="1" user="OSMnx" version="1" changeset="1"><nd ref="3464967444" /><nd ref="4193374932" /><tag k="highway" v="tertiary" /><tag k="name" v="元美东路" /><tag k="oneway" v="yes" /></way><way id="63" timestamp="2026-03-31T16:45:31Z" uid="1" user="OSMnx" version="1" changeset="1"><nd ref="3464967465" /><nd ref="3464967382" /><tag k="highway" v="tertiary" /><tag k="name" v="元美东路" /><tag k="oneway" v="yes" /></way><way id="64" timestamp="2026-03-31T16:45:31Z" uid="1" user="OSMnx" version="1" changeset="1"><nd ref="3464967465" /><nd ref="3464967403" /><tag k="highway" v="tertiary" /><tag k="oneway" v="yes" /></way><way id="65" timestamp="2026-03-31T16:45:31Z" uid="1" user="OSMnx" version="1" changeset="1"><nd ref="3464967484" /><nd ref="3464967344" /><tag k="highway" v="tertiary" /><tag k="name" v="元美东路" /><tag k="oneway" v="yes" /></way><way id="66" timestamp="2026-03-31T16:45:31Z" uid="1" user="OSMnx" version="1" changeset="1"><nd ref="3464967487" /><nd ref="3464967579" /><tag k="highway" v="tertiary" /><tag k="name" v="元美东路" /><tag k="oneway" v="yes" /></way><way id="67" timestamp="2026-03-31T16:45:31Z" uid="1" user="OSMnx" version="1" changeset="1"><nd ref="3464967501" /><nd ref="3464967328" /><tag k="highway" v="tertiary" /><tag k="name" v="元美东路" /><tag k="oneway" v="yes" /></way><way id="68" timestamp="2026-03-31T16:45:31Z" uid="1" user="OSMnx" version="1" changeset="1"><nd ref="3464967513" /><nd ref="3464967326" /><tag k="highway" v="tertiary" /><tag k="name" v="元美东路" /><tag k="oneway" v="yes" /></way><way id="69" timestamp="2026-03-31T16:45:31Z" uid="1" user="OSMnx" version="1" changeset="1"><nd ref="3464967519" /><nd ref="3464967046" /><tag k="highway" v="tertiary" /><tag k="name" v="元美东路" /><tag k="oneway" v="yes" /></way><way id="70" timestamp="2026-03-31T16:45:31Z" uid="1" user="OSMnx" version="1" changeset="1"><nd ref="3464967522" /><nd ref="10173657633" /><tag k="highway" v="primary_link" /><tag k="oneway" v="yes" /></way><way id="71" timestamp="2026-03-31T16:45:31Z" uid="1" user="OSMnx" version="1" changeset="1"><nd ref="3464967522" /><nd ref="10173657619" /><tag k="highway" v="tertiary" /><tag k="name" v="石竹路" /><tag k="oneway" v="yes" /></way><way id="72" timestamp="2026-03-31T16:45:31Z" uid="1" user="OSMnx" version="1" changeset="1"><nd ref="3464967523" /><nd ref="3464967519" /><tag k="highway" v="tertiary" /><tag k="name" v="元美东路" /><tag k="oneway" v="yes" /></way><way id="73" timestamp="2026-03-31T16:45:31Z" uid="1" user="OSMnx" version="1" changeset="1"><nd ref="3464967533" /><nd ref="3464967394" /><tag k="highway" v="tertiary" /><tag k="name" v="元美东路" /><tag k="oneway" v="yes" /></way><way id="74" timestamp="2026-03-31T16:45:31Z" uid="1" user="OSMnx" version="1" changeset="1"><nd ref="3464967534" /><nd ref="10173657642" /><tag k="highway" v="tertiary" /><tag k="name" v="石竹路" /><tag k="oneway" v="yes" /></way><way id="75" timestamp="2026-03-31T16:45:31Z" uid="1" user="OSMnx" version="1" changeset="1"><nd ref="3464967536" /><nd ref="3464967342" /><tag k="highway" v="tertiary" /><tag k="name" v="元美东路" /><tag k="oneway" v="yes" /></way><way id="76" timestamp="2026-03-31T16:45:31Z" uid="1" user="OSMnx" version="1" changeset="1"><nd ref="3464967537" /><nd ref="12180433405" /><tag k="highway" v="tertiary" /><tag k="name" v="石竹路" /><tag k="oneway" v="yes" /></way><way id="77" timestamp="2026-03-31T16:45:31Z" uid="1" user="OSMnx" version="1" changeset="1"><nd ref="3464967541" /><nd ref="12180397976" /><tag k="highway" v="tertiary" /><tag k="name" v="元美东路" /><tag k="oneway" v="yes" /></way><way id="78" timestamp="2026-03-31T16:45:31Z" uid="1" user="OSMnx" version="1" changeset="1"><nd ref="3464967545" /><nd ref="11840860325" /><tag k="highway" v="tertiary" /><tag k="name" v="石竹路" /><tag k="oneway" v="yes" /></way><way id="79" timestamp="2026-03-31T16:45:31Z" uid="1" user="OSMnx" version="1" changeset="1"><nd ref="3464967547" /><nd ref="12180433400" /><tag k="highway" v="tertiary" /><tag k="name" v="元美东路" /><tag k="oneway" v="yes" /></way><way id="80" timestamp="2026-03-31T16:45:31Z" uid="1" user="OSMnx" version="1" changeset="1"><nd ref="3464967547" /><nd ref="3464967577" /><tag k="highway" v="tertiary" /><tag k="name" v="石竹路" /><tag k="oneway" v="yes" /></way><way id="81" timestamp="2026-03-31T16:45:31Z" uid="1" user="OSMnx" version="1" changeset="1"><nd ref="3464967566" /><nd ref="3464967406" /><tag k="highway" v="tertiary" /><tag k="name" v="石竹路" /><tag k="oneway" v="yes" /></way><way id="82" timestamp="2026-03-31T16:45:31Z" uid="1" user="OSMnx" version="1" changeset="1"><nd ref="3464967570" /><nd ref="3450062789" /><tag k="highway" v="secondary" /><tag k="name" v="体育路" /><tag k="oneway" v="yes" /></way><way id="83" timestamp="2026-03-31T16:45:31Z" uid="1" user="OSMnx" version="1" changeset="1"><nd ref="3464967574" /><nd ref="3464967444" /><tag k="highway" v="tertiary" /><tag k="name" v="元美东路" /><tag k="oneway" v="yes" /></way><way id="84" timestamp="2026-03-31T16:45:31Z" uid="1" user="OSMnx" version="1" changeset="1"><nd ref="3464967575" /><nd ref="3464967437" /><tag k="highway" v="tertiary" /><tag k="name" v="元美东路" /><tag k="oneway" v="yes" /></way><way id="85" timestamp="2026-03-31T16:45:31Z" uid="1" user="OSMnx" version="1" changeset="1"><nd ref="3464967577" /><nd ref="3464967406" /><tag k="highway" v="tertiary" /><tag k="name" v="元美东路" /><tag k="oneway" v="yes" /></way><way id="86" timestamp="2026-03-31T16:45:31Z" uid="1" user="OSMnx" version="1" changeset="1"><nd ref="3464967577" /><nd ref="3464967405" /><tag k="highway" v="tertiary" /><tag k="name" v="石竹路" /><tag k="oneway" v="yes" /></way><way id="87" timestamp="2026-03-31T16:45:31Z" uid="1" user="OSMnx" version="1" changeset="1"><nd ref="3464967579" /><nd ref="3464967577" /><tag k="highway" v="tertiary" /><tag k="name" v="元美东路" /><tag k="oneway" v="yes" /></way><way id="88" timestamp="2026-03-31T16:45:31Z" uid="1" user="OSMnx" version="1" changeset="1"><nd ref="4191936607" /><nd ref="4191936644" /><tag k="highway" v="residential" /><tag k="oneway" v="no" /></way><way id="89" timestamp="2026-03-31T16:45:31Z" uid="1" user="OSMnx" version="1" changeset="1"><nd ref="4191936607" /><nd ref="4191936646" /><tag k="highway" v="residential" /><tag k="oneway" v="no" /></way><way id="90" timestamp="2026-03-31T16:45:31Z" uid="1" user="OSMnx" version="1" changeset="1"><nd ref="4191936610" /><nd ref="13027942889" /><tag k="highway" v="tertiary" /><tag k="name" v="簪花路" /><tag k="oneway" v="yes" /></way><way id="91" timestamp="2026-03-31T16:45:31Z" uid="1" user="OSMnx" version="1" changeset="1"><nd ref="4191936611" /><nd ref="13027942885" /><tag k="highway" v="unclassified" /><tag k="name" v="会展北路" /><tag k="oneway" v="yes" /></way><way id="92" timestamp="2026-03-31T16:45:31Z" uid="1" user="OSMnx" version="1" changeset="1"><nd ref="4191936611" /><nd ref="4191936640" /><tag k="highway" v="tertiary" /><tag k="name" v="簪花路" /><tag k="oneway" v="yes" /></way><way id="93" timestamp="2026-03-31T16:45:31Z" uid="1" user="OSMnx" version="1" changeset="1"><nd ref="4191936614" /><nd ref="4191936643" /><tag k="highway" v="tertiary" /><tag k="name" v="簪花路" /><tag k="oneway" v="yes" /></way><way id="94" timestamp="2026-03-31T16:45:31Z" uid="1" user="OSMnx" version="1" changeset="1"><nd ref="4191936618" /><nd ref="4191936651" /><tag k="highway" v="tertiary" /><tag k="name" v="簪花路" /><tag k="oneway" v="yes" /></way><way id="95" timestamp="2026-03-31T16:45:31Z" uid="1" user="OSMnx" version="1" changeset="1"><nd ref="4191936622" /><nd ref="4191936676" /><tag k="highway" v="residential" /><tag k="oneway" v="no" /></way><way id="96" timestamp="2026-03-31T16:45:31Z" uid="1" user="OSMnx" version="1" changeset="1"><nd ref="4191936622" /><nd ref="4191936644" /><tag k="highway" v="residential" /><tag k="oneway" v="no" /></way><way id="97" timestamp="2026-03-31T16:45:31Z" uid="1" user="OSMnx" version="1" changeset="1"><nd ref="4191936625" /><nd ref="13027942895" /><tag k="highway" v="secondary" /><tag k="name" v="体育路" /><tag k="oneway" v="yes" /></way><way id="98" timestamp="2026-03-31T16:45:31Z" uid="1" user="OSMnx" version="1" changeset="1"><nd ref="4191936625" /><nd ref="4191936661" /><tag k="highway" v="tertiary" /><tag k="name" v="簪花路" /><tag k="oneway" v="yes" /></way><way id="99" timestamp="2026-03-31T16:45:31Z" uid="1" user="OSMnx" version="1" changeset="1"><nd ref="4191936626" /><nd ref="4191936614" /><tag k="highway" v="tertiary" /><tag k="name" v="簪花路" /><tag k="oneway" v="yes" /></way><way id="100" timestamp="2026-03-31T16:45:31Z" uid="1" user="OSMnx" version="1" changeset="1"><nd ref="4191936640" /><nd ref="4191936641" /><tag k="highway" v="tertiary" /><tag k="name" v="簪花路" /><tag k="oneway" v="yes" /></way><way id="101" timestamp="2026-03-31T16:45:31Z" uid="1" user="OSMnx" version="1" changeset="1"><nd ref="4191936641" /><nd ref="4191936610" /><tag k="highway" v="tertiary" /><tag k="name" v="簪花路" /><tag k="oneway" v="yes" /></way><way id="102" timestamp="2026-03-31T16:45:31Z" uid="1" user="OSMnx" version="1" changeset="1"><nd ref="4191936642" /><nd ref="13027942894" /><tag k="highway" v="secondary" /><tag k="name" v="体育路" /><tag k="oneway" v="yes" /></way><way id="103" timestamp="2026-03-31T16:45:31Z" uid="1" user="OSMnx" version="1" changeset="1"><nd ref="4191936642" /><nd ref="4191936625" /><tag k="highway" v="tertiary" /><tag k="oneway" v="yes" /></way><way id="104" timestamp="2026-03-31T16:45:31Z" uid="1" user="OSMnx" version="1" changeset="1"><nd ref="4191936643" /><nd ref="7462518741" /><tag k="highway" v="tertiary" /><tag k="name" v="簪花路" /><tag k="oneway" v="yes" /></way><way id="105" timestamp="2026-03-31T16:45:31Z" uid="1" user="OSMnx" version="1" changeset="1"><nd ref="4191936644" /><nd ref="4191936622" /><tag k="highway" v="residential" /><tag k="oneway" v="no" /></way><way id="106" timestamp="2026-03-31T16:45:31Z" uid="1" user="OSMnx" version="1" changeset="1"><nd ref="4191936644" /><nd ref="4191936607" /><tag k="highway" v="residential" /><tag k="oneway" v="no" /></way><way id="107" timestamp="2026-03-31T16:45:31Z" uid="1" user="OSMnx" version="1" changeset="1"><nd ref="4191936646" /><nd ref="4191936607" /><tag k="highway" v="residential" /><tag k="oneway" v="no" /></way><way id="108" timestamp="2026-03-31T16:45:31Z" uid="1" user="OSMnx" version="1" changeset="1"><nd ref="4191936646" /><nd ref="13027942896" /><tag k="highway" v="tertiary" /><tag k="name" v="簪花路" /><tag k="oneway" v="yes" /></way><way id="109" timestamp="2026-03-31T16:45:31Z" uid="1" user="OSMnx" version="1" changeset="1"><nd ref="4191936647" /><nd ref="3464967317" /><tag k="highway" v="tertiary" /><tag k="name" v="元美东路" /><tag k="oneway" v="yes" /></way><way id="110" timestamp="2026-03-31T16:45:31Z" uid="1" user="OSMnx" version="1" changeset="1"><nd ref="4191936647" /><nd ref="13027995605" /><tag k="highway" v="unclassified" /><tag k="name" v="会展北路" /><tag k="oneway" v="yes" /></way><way id="111" timestamp="2026-03-31T16:45:31Z" uid="1" user="OSMnx" version="1" changeset="1"><nd ref="4191936649" /><nd ref="4191936611" /><tag k="highway" v="tertiary" /><tag k="name" v="簪花路" /><tag k="oneway" v="yes" /></way><way id="112" timestamp="2026-03-31T16:45:31Z" uid="1" user="OSMnx" version="1" changeset="1"><nd ref="4191936651" /><nd ref="4191936670" /><tag k="highway" v="tertiary" /><tag k="name" v="簪花路" /><tag k="oneway" v="yes" /></way><way id="113" timestamp="2026-03-31T16:45:31Z" uid="1" user="OSMnx" version="1" changeset="1"><nd ref="4191936659" /><nd ref="13027942887" /><tag k="highway" v="tertiary" /><tag k="name" v="簪花路" /><tag k="oneway" v="yes" /></way><way id="114" timestamp="2026-03-31T16:45:31Z" uid="1" user="OSMnx" version="1" changeset="1"><nd ref="4191936661" /><nd ref="13027942888" /><tag k="highway" v="tertiary" /><tag k="name" v="簪花路" /><tag k="oneway" v="yes" /></way><way id="115" timestamp="2026-03-31T16:45:31Z" uid="1" user="OSMnx" version="1" changeset="1"><nd ref="4191936664" /><nd ref="4191936687" /><tag k="highway" v="tertiary" /><tag k="name" v="簪花路" /><tag k="oneway" v="yes" /></way><way id="116" timestamp="2026-03-31T16:45:31Z" uid="1" user="OSMnx" version="1" changeset="1"><nd ref="4191936670" /><nd ref="13027942885" /><tag k="highway" v="tertiary" /><tag k="name" v="簪花路" /><tag k="oneway" v="yes" /></way><way id="117" timestamp="2026-03-31T16:45:31Z" uid="1" user="OSMnx" version="1" changeset="1"><nd ref="4191936676" /><nd ref="4191936677" /><tag k="highway" v="residential" /><tag k="oneway" v="no" /></way><way id="118" timestamp="2026-03-31T16:45:31Z" uid="1" user="OSMnx" version="1" changeset="1"><nd ref="4191936676" /><nd ref="4191936622" /><tag k="highway" v="residential" /><tag k="oneway" v="no" /></way><way id="119" timestamp="2026-03-31T16:45:31Z" uid="1" user="OSMnx" version="1" changeset="1"><nd ref="4191936677" /><nd ref="4191936676" /><tag k="highway" v="residential" /><tag k="oneway" v="no" /></way><way id="120" timestamp="2026-03-31T16:45:31Z" uid="1" user="OSMnx" version="1" changeset="1"><nd ref="4191936683" /><nd ref="4191936647" /><tag k="highway" v="tertiary" /><tag k="name" v="元美东路" /><tag k="oneway" v="yes" /></way><way id="121" timestamp="2026-03-31T16:45:31Z" uid="1" user="OSMnx" version="1" changeset="1"><nd ref="4191936684" /><nd ref="13027942886" /><tag k="highway" v="tertiary" /><tag k="name" v="簪花路" /><tag k="oneway" v="yes" /></way><way id="122" timestamp="2026-03-31T16:45:31Z" uid="1" user="OSMnx" version="1" changeset="1"><nd ref="4191936686" /><nd ref="4191936649" /><tag k="highway" v="tertiary" /><tag k="name" v="簪花路" /><tag k="oneway" v="yes" /></way><way id="123" timestamp="2026-03-31T16:45:31Z" uid="1" user="OSMnx" version="1" changeset="1"><nd ref="4191936687" /><nd ref="4191936686" /><tag k="highway" v="tertiary" /><tag k="name" v="簪花路" /><tag k="oneway" v="yes" /></way><way id="124" timestamp="2026-03-31T16:45:31Z" uid="1" user="OSMnx" version="1" changeset="1"><nd ref="4193374932" /><nd ref="3464967465" /><tag k="highway" v="tertiary" /><tag k="name" v="元美东路" /><tag k="oneway" v="yes" /></way><way id="125" timestamp="2026-03-31T16:45:31Z" uid="1" user="OSMnx" version="1" changeset="1"><nd ref="4193374933" /><nd ref="4193375801" /><tag k="highway" v="residential" /><tag k="oneway" v="no" /></way><way id="126" timestamp="2026-03-31T16:45:31Z" uid="1" user="OSMnx" version="1" changeset="1"><nd ref="4193374933" /><nd ref="4193375713" /><tag k="highway" v="unclassified" /><tag k="oneway" v="no" /></way><way id="127" timestamp="2026-03-31T16:45:31Z" uid="1" user="OSMnx" version="1" changeset="1"><nd ref="4193374933" /><nd ref="4193374942" /><tag k="highway" v="unclassified" /><tag k="oneway" v="no" /></way><way id="128" timestamp="2026-03-31T16:45:31Z" uid="1" user="OSMnx" version="1" changeset="1"><nd ref="4193374942" /><nd ref="4193375787" /><tag k="highway" v="unclassified" /><tag k="oneway" v="no" /></way><way id="129" timestamp="2026-03-31T16:45:31Z" uid="1" user="OSMnx" version="1" changeset="1"><nd ref="4193374942" /><nd ref="4193374933" /><tag k="highway" v="unclassified" /><tag k="oneway" v="no" /></way><way id="130" timestamp="2026-03-31T16:45:31Z" uid="1" user="OSMnx" version="1" changeset="1"><nd ref="4193374942" /><nd ref="4193375771" /><tag k="highway" v="unclassified" /><tag k="oneway" v="no" /></way><way id="131" timestamp="2026-03-31T16:45:31Z" uid="1" user="OSMnx" version="1" changeset="1"><nd ref="4193374945" /><nd ref="4193375751" /><tag k="highway" v="residential" /><tag k="oneway" v="yes" /></way><way id="132" timestamp="2026-03-31T16:45:31Z" uid="1" user="OSMnx" version="1" changeset="1"><nd ref="4193374948" /><nd ref="4193375726" /><tag k="highway" v="residential" /><tag k="oneway" v="yes" /></way><way id="133" timestamp="2026-03-31T16:45:31Z" uid="1" user="OSMnx" version="1" changeset="1"><nd ref="4193374951" /><nd ref="4193375794" /><tag k="highway" v="residential" /><tag k="oneway" v="yes" /></way><way id="134" timestamp="2026-03-31T16:45:31Z" uid="1" user="OSMnx" version="1" changeset="1"><nd ref="4193374953" /><nd ref="4193374958" /><tag k="highway" v="residential" /><tag k="oneway" v="yes" /></way><way id="135" timestamp="2026-03-31T16:45:31Z" uid="1" user="OSMnx" version="1" changeset="1"><nd ref="4193374953" /><nd ref="12113878151" /><tag k="highway" v="unclassified" /><tag k="oneway" v="no" /></way><way id="136" timestamp="2026-03-31T16:45:31Z" uid="1" user="OSMnx" version="1" changeset="1"><nd ref="4193374958" /><nd ref="4193375778" /><tag k="highway" v="residential" /><tag k="oneway" v="yes" /></way><way id="137" timestamp="2026-03-31T16:45:31Z" uid="1" user="OSMnx" version="1" changeset="1"><nd ref="4193374965" /><nd ref="4193375728" /><tag k="highway" v="unclassified" /><tag k="oneway" v="no" /></way><way id="138" timestamp="2026-03-31T16:45:31Z" uid="1" user="OSMnx" version="1" changeset="1"><nd ref="4193374965" /><nd ref="4193375709" /><tag k="highway" v="unclassified" /><tag k="oneway" v="no" /></way><way id="139" timestamp="2026-03-31T16:45:31Z" uid="1" user="OSMnx" version="1" changeset="1"><nd ref="4193374972" /><nd ref="4193375750" /><tag k="highway" v="residential" /><tag k="oneway" v="yes" /></way><way id="140" timestamp="2026-03-31T16:45:31Z" uid="1" user="OSMnx" version="1" changeset="1"><nd ref="4193374973" /><nd ref="4193374982" /><tag k="highway" v="residential" /><tag k="oneway" v="yes" /></way><way id="141" timestamp="2026-03-31T16:45:31Z" uid="1" user="OSMnx" version="1" changeset="1"><nd ref="4193374981" /><nd ref="4193374951" /><tag k="highway" v="residential" /><tag k="oneway" v="yes" /></way><way id="142" timestamp="2026-03-31T16:45:31Z" uid="1" user="OSMnx" version="1" changeset="1"><nd ref="4193374982" /><nd ref="4193375760" /><tag k="highway" v="residential" /><tag k="oneway" v="yes" /></way><way id="143" timestamp="2026-03-31T16:45:31Z" uid="1" user="OSMnx" version="1" changeset="1"><nd ref="4193375693" /><nd ref="4193374948" /><tag k="highway" v="residential" /><tag k="oneway" v="yes" /></way><way id="144" timestamp="2026-03-31T16:45:31Z" uid="1" user="OSMnx" version="1" changeset="1"><nd ref="4193375693" /><nd ref="13027942887" /><tag k="highway" v="residential" /><tag k="oneway" v="no" /></way><way id="145" timestamp="2026-03-31T16:45:31Z" uid="1" user="OSMnx" version="1" changeset="1"><nd ref="4193375708" /><nd ref="4193374973" /><tag k="highway" v="residential" /><tag k="oneway" v="yes" /></way><way id="146" timestamp="2026-03-31T16:45:31Z" uid="1" user="OSMnx" version="1" changeset="1"><nd ref="4193375708" /><nd ref="4193375713" /><tag k="highway" v="residential" /><tag k="oneway" v="no" /></way><way id="147" timestamp="2026-03-31T16:45:31Z" uid="1" user="OSMnx" version="1" changeset="1"><nd ref="4193375709" /><nd ref="4193374965" /><tag k="highway" v="unclassified" /><tag k="oneway" v="no" /></way><way id="148" timestamp="2026-03-31T16:45:31Z" uid="1" user="OSMnx" version="1" changeset="1"><nd ref="4193375709" /><nd ref="10177785271" /><tag k="highway" v="unclassified" /><tag k="oneway" v="no" /></way><way id="149" timestamp="2026-03-31T16:45:31Z" uid="1" user="OSMnx" version="1" changeset="1"><nd ref="4193375713" /><nd ref="4193375708" /><tag k="highway" v="residential" /><tag k="oneway" v="no" /></way><way id="150" timestamp="2026-03-31T16:45:31Z" uid="1" user="OSMnx" version="1" changeset="1"><nd ref="4193375713" /><nd ref="4193375779" /><tag k="highway" v="unclassified" /><tag k="oneway" v="no" /></way><way id="151" timestamp="2026-03-31T16:45:31Z" uid="1" user="OSMnx" version="1" changeset="1"><nd ref="4193375713" /><nd ref="4193374933" /><tag k="highway" v="unclassified" /><tag k="oneway" v="no" /></way><way id="152" timestamp="2026-03-31T16:45:31Z" uid="1" user="OSMnx" version="1" changeset="1"><nd ref="4193375726" /><nd ref="4193375776" /><tag k="highway" v="residential" /><tag k="oneway" v="yes" /></way><way id="153" timestamp="2026-03-31T16:45:31Z" uid="1" user="OSMnx" version="1" changeset="1"><nd ref="4193375728" /><nd ref="4193375774" /><tag k="highway" v="unclassified" /><tag k="oneway" v="no" /></way><way id="154" timestamp="2026-03-31T16:45:31Z" uid="1" user="OSMnx" version="1" changeset="1"><nd ref="4193375728" /><nd ref="4193374965" /><tag k="highway" v="unclassified" /><tag k="oneway" v="no" /></way><way id="155" timestamp="2026-03-31T16:45:31Z" uid="1" user="OSMnx" version="1" changeset="1"><nd ref="4193375741" /><nd ref="4193375693" /><tag k="highway" v="residential" /><tag k="oneway" v="yes" /></way><way id="156" timestamp="2026-03-31T16:45:31Z" uid="1" user="OSMnx" version="1" changeset="1"><nd ref="4193375742" /><nd ref="4193375753" /><tag k="highway" v="residential" /><tag k="oneway" v="yes" /></way><way id="157" timestamp="2026-03-31T16:45:31Z" uid="1" user="OSMnx" version="1" changeset="1"><nd ref="4193375742" /><nd ref="4193375802" /><tag k="highway" v="residential" /><tag k="oneway" v="no" /></way><way id="158" timestamp="2026-03-31T16:45:31Z" uid="1" user="OSMnx" version="1" changeset="1"><nd ref="4193375749" /><nd ref="4193374981" /><tag k="highway" v="residential" /><tag k="oneway" v="yes" /></way><way id="159" timestamp="2026-03-31T16:45:31Z" uid="1" user="OSMnx" version="1" changeset="1"><nd ref="4193375750" /><nd ref="4193375764" /><tag k="highway" v="residential" /><tag k="oneway" v="yes" /></way><way id="160" timestamp="2026-03-31T16:45:31Z" uid="1" user="OSMnx" version="1" changeset="1"><nd ref="4193375751" /><nd ref="4193375801" /><tag k="highway" v="residential" /><tag k="oneway" v="yes" /></way><way id="161" timestamp="2026-03-31T16:45:31Z" uid="1" user="OSMnx" version="1" changeset="1"><nd ref="4193375751" /><nd ref="4193375787" /><tag k="highway" v="residential" /><tag k="oneway" v="no" /></way><way id="162" timestamp="2026-03-31T16:45:31Z" uid="1" user="OSMnx" version="1" changeset="1"><nd ref="4193375753" /><nd ref="4193375749" /><tag k="highway" v="residential" /><tag k="oneway" v="yes" /></way><way id="163" timestamp="2026-03-31T16:45:31Z" uid="1" user="OSMnx" version="1" changeset="1"><nd ref="4193375758" /><nd ref="3450062759" /><tag k="highway" v="secondary" /><tag k="name" v="体育路" /><tag k="oneway" v="yes" /></way><way id="164" timestamp="2026-03-31T16:45:31Z" uid="1" user="OSMnx" version="1" changeset="1"><nd ref="4193375758" /><nd ref="12113878148" /><tag k="highway" v="unclassified" /><tag k="name" v="广锋路" /><tag k="oneway" v="no" /></way><way id="165" timestamp="2026-03-31T16:45:31Z" uid="1" user="OSMnx" version="1" changeset="1"><nd ref="4193375760" /><nd ref="4193375741" /><tag k="highway" v="residential" /><tag k="oneway" v="yes" /></way><way id="166" timestamp="2026-03-31T16:45:31Z" uid="1" user="OSMnx" version="1" changeset="1"><nd ref="4193375763" /><nd ref="4193374953" /><tag k="highway" v="residential" /><tag k="oneway" v="yes" /></way><way id="167" timestamp="2026-03-31T16:45:31Z" uid="1" user="OSMnx" version="1" changeset="1"><nd ref="4193375764" /><nd ref="4193375708" /><tag k="highway" v="residential" /><tag k="oneway" v="yes" /></way><way id="168" timestamp="2026-03-31T16:45:31Z" uid="1" user="OSMnx" version="1" changeset="1"><nd ref="4193375769" /><nd ref="4191936618" /><tag k="highway" v="tertiary" /><tag k="name" v="簪花路" /><tag k="oneway" v="yes" /></way><way id="169" timestamp="2026-03-31T16:45:31Z" uid="1" user="OSMnx" version="1" changeset="1"><nd ref="4193375771" /><nd ref="4193374942" /><tag k="highway" v="unclassified" /><tag k="oneway" v="no" /></way><way id="170" timestamp="2026-03-31T16:45:31Z" uid="1" user="OSMnx" version="1" changeset="1"><nd ref="4193375771" /><nd ref="4193375774" /><tag k="highway" v="unclassified" /><tag k="oneway" v="no" /></way><way id="171" timestamp="2026-03-31T16:45:31Z" uid="1" user="OSMnx" version="1" changeset="1"><nd ref="4193375774" /><nd ref="4193375771" /><tag k="highway" v="unclassified" /><tag k="oneway" v="no" /></way><way id="172" timestamp="2026-03-31T16:45:31Z" uid="1" user="OSMnx" version="1" changeset="1"><nd ref="4193375774" /><nd ref="4193375728" /><tag k="highway" v="unclassified" /><tag k="oneway" v="no" /></way><way id="173" timestamp="2026-03-31T16:45:31Z" uid="1" user="OSMnx" version="1" changeset="1"><nd ref="4193375775" /><nd ref="12113878148" /><tag k="highway" v="unclassified" /><tag k="name" v="广锋路" /><tag k="oneway" v="no" /></way><way id="174" timestamp="2026-03-31T16:45:31Z" uid="1" user="OSMnx" version="1" changeset="1"><nd ref="4193375775" /><nd ref="4193375787" /><tag k="highway" v="unclassified" /><tag k="name" v="广锋路" /><tag k="oneway" v="no" /></way><way id="175" timestamp="2026-03-31T16:45:31Z" uid="1" user="OSMnx" version="1" changeset="1"><nd ref="4193375775" /><nd ref="12113878151" /><tag k="highway" v="unclassified" /><tag k="oneway" v="no" /></way><way id="176" timestamp="2026-03-31T16:45:31Z" uid="1" user="OSMnx" version="1" changeset="1"><nd ref="4193375776" /><nd ref="4193375742" /><tag k="highway" v="residential" /><tag k="oneway" v="yes" /></way><way id="177" timestamp="2026-03-31T16:45:31Z" uid="1" user="OSMnx" version="1" changeset="1"><nd ref="4193375778" /><nd ref="4193375782" /><tag k="highway" v="residential" /><tag k="oneway" v="yes" /></way><way id="178" timestamp="2026-03-31T16:45:31Z" uid="1" user="OSMnx" version="1" changeset="1"><nd ref="4193375779" /><nd ref="11924833017" /><tag k="highway" v="unclassified" /><tag k="oneway" v="no" /></way><way id="179" timestamp="2026-03-31T16:45:31Z" uid="1" user="OSMnx" version="1" changeset="1"><nd ref="4193375779" /><nd ref="4193375713" /><tag k="highway" v="unclassified" /><tag k="oneway" v="no" /></way><way id="180" timestamp="2026-03-31T16:45:31Z" uid="1" user="OSMnx" version="1" changeset="1"><nd ref="4193375782" /><nd ref="4193374945" /><tag k="highway" v="residential" /><tag k="oneway" v="yes" /></way><way id="181" timestamp="2026-03-31T16:45:31Z" uid="1" user="OSMnx" version="1" changeset="1"><nd ref="4193375787" /><nd ref="4193374942" /><tag k="highway" v="unclassified" /><tag k="oneway" v="no" /></way><way id="182" timestamp="2026-03-31T16:45:31Z" uid="1" user="OSMnx" version="1" changeset="1"><nd ref="4193375787" /><nd ref="4193375751" /><tag k="highway" v="residential" /><tag k="oneway" v="no" /></way><way id="183" timestamp="2026-03-31T16:45:31Z" uid="1" user="OSMnx" version="1" changeset="1"><nd ref="4193375787" /><nd ref="4193375775" /><tag k="highway" v="unclassified" /><tag k="name" v="广锋路" /><tag k="oneway" v="no" /></way><way id="184" timestamp="2026-03-31T16:45:31Z" uid="1" user="OSMnx" version="1" changeset="1"><nd ref="4193375794" /><nd ref="4193375763" /><tag k="highway" v="residential" /><tag k="oneway" v="yes" /></way><way id="185" timestamp="2026-03-31T16:45:31Z" uid="1" user="OSMnx" version="1" changeset="1"><nd ref="4193375796" /><nd ref="3464967523" /><tag k="highway" v="tertiary" /><tag k="name" v="元美东路" /><tag k="oneway" v="yes" /></way><way id="186" timestamp="2026-03-31T16:45:31Z" uid="1" user="OSMnx" version="1" changeset="1"><nd ref="4193375796" /><nd ref="4193374932" /><tag k="highway" v="tertiary" /><tag k="oneway" v="yes" /></way><way id="187" timestamp="2026-03-31T16:45:31Z" uid="1" user="OSMnx" version="1" changeset="1"><nd ref="4193375801" /><nd ref="4193374972" /><tag k="highway" v="residential" /><tag k="oneway" v="yes" /></way><way id="188" timestamp="2026-03-31T16:45:31Z" uid="1" user="OSMnx" version="1" changeset="1"><nd ref="4193375801" /><nd ref="4193374933" /><tag k="highway" v="residential" /><tag k="oneway" v="no" /></way><way id="189" timestamp="2026-03-31T16:45:31Z" uid="1" user="OSMnx" version="1" changeset="1"><nd ref="4193375802" /><nd ref="13027942888" /><tag k="highway" v="residential" /><tag k="oneway" v="no" /></way><way id="190" timestamp="2026-03-31T16:45:31Z" uid="1" user="OSMnx" version="1" changeset="1"><nd ref="4193375802" /><nd ref="4193375742" /><tag k="highway" v="residential" /><tag k="oneway" v="no" /></way><way id="191" timestamp="2026-03-31T16:45:31Z" uid="1" user="OSMnx" version="1" changeset="1"><nd ref="4853233922" /><nd ref="12846960242" /><tag k="highway" v="tertiary" /><tag k="oneway" v="no" /></way><way id="192" timestamp="2026-03-31T16:45:31Z" uid="1" user="OSMnx" version="1" changeset="1"><nd ref="4853233922" /><nd ref="10177785275" /><tag k="highway" v="unclassified" /><tag k="oneway" v="no" /></way><way id="193" timestamp="2026-03-31T16:45:31Z" uid="1" user="OSMnx" version="1" changeset="1"><nd ref="4853233922" /><nd ref="10177785277" /><tag k="highway" v="tertiary" /><tag k="oneway" v="no" /></way><way id="194" timestamp="2026-03-31T16:45:31Z" uid="1" user="OSMnx" version="1" changeset="1"><nd ref="4853234075" /><nd ref="12180433414" /><tag k="highway" v="tertiary" /><tag k="oneway" v="no" /></way><way id="195" timestamp="2026-03-31T16:45:31Z" uid="1" user="OSMnx" version="1" changeset="1"><nd ref="4853234077" /><nd ref="5071278056" /><tag k="highway" v="tertiary" /><tag k="oneway" v="no" /></way><way id="196" timestamp="2026-03-31T16:45:31Z" uid="1" user="OSMnx" version="1" changeset="1"><nd ref="4853234077" /><nd ref="12846960241" /><tag k="highway" v="tertiary" /><tag k="oneway" v="no" /></way><way id="197" timestamp="2026-03-31T16:45:31Z" uid="1" user="OSMnx" version="1" changeset="1"><nd ref="4853234077" /><nd ref="12180433406" /><tag k="highway" v="tertiary_link" /><tag k="oneway" v="yes" /></way><way id="198" timestamp="2026-03-31T16:45:31Z" uid="1" user="OSMnx" version="1" changeset="1"><nd ref="5071249800" /><nd ref="12857921488" /><tag k="highway" v="service" /><tag k="oneway" v="no" /></way><way id="199" timestamp="2026-03-31T16:45:31Z" uid="1" user="OSMnx" version="1" changeset="1"><nd ref="5071249800" /><nd ref="3450066201" /><tag k="highway" v="secondary" /><tag k="name" v="体育路" /><tag k="oneway" v="yes" /></way><way id="200" timestamp="2026-03-31T16:45:31Z" uid="1" user="OSMnx" version="1" changeset="1"><nd ref="5071278056" /><nd ref="12180433415" /><tag k="highway" v="tertiary" /><tag k="oneway" v="no" /></way><way id="201" timestamp="2026-03-31T16:45:31Z" uid="1" user="OSMnx" version="1" changeset="1"><nd ref="5071278056" /><nd ref="4853234077" /><tag k="highway" v="tertiary" /><tag k="oneway" v="no" /></way><way id="202" timestamp="2026-03-31T16:45:31Z" uid="1" user="OSMnx" version="1" changeset="1"><nd ref="5071278056" /><nd ref="12857921485" /><tag k="highway" v="service" /><tag k="oneway" v="no" /></way><way id="203" timestamp="2026-03-31T16:45:31Z" uid="1" user="OSMnx" version="1" changeset="1"><nd ref="5071278057" /><nd ref="5071278058" /><tag k="highway" v="service" /><tag k="oneway" v="no" /></way><way id="204" timestamp="2026-03-31T16:45:31Z" uid="1" user="OSMnx" version="1" changeset="1"><nd ref="5071278057" /><nd ref="12857921472" /><tag k="highway" v="service" /><tag k="oneway" v="no" /></way><way id="205" timestamp="2026-03-31T16:45:31Z" uid="1" user="OSMnx" version="1" changeset="1"><nd ref="5071278058" /><nd ref="12846960231" /><tag k="highway" v="service" /><tag k="oneway" v="no" /></way><way id="206" timestamp="2026-03-31T16:45:31Z" uid="1" user="OSMnx" version="1" changeset="1"><nd ref="5071278058" /><nd ref="5071278057" /><tag k="highway" v="service" /><tag k="oneway" v="no" /></way><way id="207" timestamp="2026-03-31T16:45:31Z" uid="1" user="OSMnx" version="1" changeset="1"><nd ref="5071278059" /><nd ref="5071278065" /><tag k="highway" v="service" /><tag k="oneway" v="no" /></way><way id="208" timestamp="2026-03-31T16:45:31Z" uid="1" user="OSMnx" version="1" changeset="1"><nd ref="5071278059" /><nd ref="12846960231" /><tag k="highway" v="service" /><tag k="oneway" v="no" /></way><way id="209" timestamp="2026-03-31T16:45:31Z" uid="1" user="OSMnx" version="1" changeset="1"><nd ref="5071278060" /><nd ref="5071278061" /><tag k="highway" v="service" /><tag k="oneway" v="no" /></way><way id="210" timestamp="2026-03-31T16:45:31Z" uid="1" user="OSMnx" version="1" changeset="1"><nd ref="5071278060" /><nd ref="12857921351" /><tag k="highway" v="service" /><tag k="oneway" v="no" /></way><way id="211" timestamp="2026-03-31T16:45:31Z" uid="1" user="OSMnx" version="1" changeset="1"><nd ref="5071278061" /><nd ref="5071278062" /><tag k="highway" v="service" /><tag k="oneway" v="no" /></way><way id="212" timestamp="2026-03-31T16:45:31Z" uid="1" user="OSMnx" version="1" changeset="1"><nd ref="5071278061" /><nd ref="5071278060" /><tag k="highway" v="service" /><tag k="oneway" v="no" /></way><way id="213" timestamp="2026-03-31T16:45:31Z" uid="1" user="OSMnx" version="1" changeset="1"><nd ref="5071278062" /><nd ref="12857921332" /><tag k="highway" v="service" /><tag k="oneway" v="no" /></way><way id="214" timestamp="2026-03-31T16:45:31Z" uid="1" user="OSMnx" version="1" changeset="1"><nd ref="5071278062" /><nd ref="5071278061" /><tag k="highway" v="service" /><tag k="oneway" v="no" /></way><way id="215" timestamp="2026-03-31T16:45:31Z" uid="1" user="OSMnx" version="1" changeset="1"><nd ref="5071278063" /><nd ref="5071278064" /><tag k="highway" v="service" /><tag k="oneway" v="no" /></way><way id="216" timestamp="2026-03-31T16:45:31Z" uid="1" user="OSMnx" version="1" changeset="1"><nd ref="5071278063" /><nd ref="12857921488" /><tag k="highway" v="service" /><tag k="oneway" v="no" /></way><way id="217" timestamp="2026-03-31T16:45:31Z" uid="1" user="OSMnx" version="1" changeset="1"><nd ref="5071278063" /><nd ref="12857921508" /><tag k="highway" v="service" /><tag k="oneway" v="no" /></way><way id="218" timestamp="2026-03-31T16:45:31Z" uid="1" user="OSMnx" version="1" changeset="1"><nd ref="5071278063" /><nd ref="12846960240" /><tag k="highway" v="service" /><tag k="oneway" v="no" /></way><way id="219" timestamp="2026-03-31T16:45:31Z" uid="1" user="OSMnx" version="1" changeset="1"><nd ref="5071278064" /><nd ref="12857921454" /><tag k="highway" v="service" /><tag k="oneway" v="no" /></way><way id="220" timestamp="2026-03-31T16:45:31Z" uid="1" user="OSMnx" version="1" changeset="1"><nd ref="5071278064" /><nd ref="5071278063" /><tag k="highway" v="service" /><tag k="oneway" v="no" /></way><way id="221" timestamp="2026-03-31T16:45:31Z" uid="1" user="OSMnx" version="1" changeset="1"><nd ref="5071278064" /><nd ref="5071278065" /><tag k="highway" v="service" /><tag k="oneway" v="no" /></way><way id="222" timestamp="2026-03-31T16:45:31Z" uid="1" user="OSMnx" version="1" changeset="1"><nd ref="5071278065" /><nd ref="12857921351" /><tag k="highway" v="service" /><tag k="oneway" v="no" /></way><way id="223" timestamp="2026-03-31T16:45:31Z" uid="1" user="OSMnx" version="1" changeset="1"><nd ref="5071278065" /><nd ref="5071278059" /><tag k="highway" v="service" /><tag k="oneway" v="no" /></way><way id="224" timestamp="2026-03-31T16:45:31Z" uid="1" user="OSMnx" version="1" changeset="1"><nd ref="5071278065" /><nd ref="12857921479" /><tag k="highway" v="service" /><tag k="oneway" v="no" /></way><way id="225" timestamp="2026-03-31T16:45:31Z" uid="1" user="OSMnx" version="1" changeset="1"><nd ref="5071278065" /><nd ref="5071278064" /><tag k="highway" v="service" /><tag k="oneway" v="no" /></way><way id="226" timestamp="2026-03-31T16:45:31Z" uid="1" user="OSMnx" version="1" changeset="1"><nd ref="5071278066" /><nd ref="10177785271" /><tag k="highway" v="unclassified" /><tag k="oneway" v="no" /></way><way id="227" timestamp="2026-03-31T16:45:31Z" uid="1" user="OSMnx" version="1" changeset="1"><nd ref="5071278066" /><nd ref="12857921481" /><tag k="highway" v="service" /><tag k="oneway" v="no" /></way><way id="228" timestamp="2026-03-31T16:45:31Z" uid="1" user="OSMnx" version="1" changeset="1"><nd ref="5071278066" /><nd ref="3464967566" /><tag k="highway" v="tertiary" /><tag k="name" v="石竹路" /><tag k="oneway" v="yes" /></way><way id="229" timestamp="2026-03-31T16:45:31Z" uid="1" user="OSMnx" version="1" changeset="1"><nd ref="7462518715" /><nd ref="13027942899" /><tag k="highway" v="tertiary" /><tag k="oneway" v="yes" /></way><way id="230" timestamp="2026-03-31T16:45:31Z" uid="1" user="OSMnx" version="1" changeset="1"><nd ref="7462518716" /><nd ref="7462518739" /><tag k="highway" v="tertiary" /><tag k="oneway" v="yes" /></way><way id="231" timestamp="2026-03-31T16:45:31Z" uid="1" user="OSMnx" version="1" changeset="1"><nd ref="7462518732" /><nd ref="9721412306" /><tag k="highway" v="tertiary" /><tag k="oneway" v="yes" /></way><way id="232" timestamp="2026-03-31T16:45:31Z" uid="1" user="OSMnx" version="1" changeset="1"><nd ref="7462518733" /><nd ref="7462518732" /><tag k="highway" v="tertiary" /><tag k="oneway" v="yes" /></way><way id="233" timestamp="2026-03-31T16:45:31Z" uid="1" user="OSMnx" version="1" changeset="1"><nd ref="7462518734" /><nd ref="7462518733" /><tag k="highway" v="tertiary" /><tag k="oneway" v="yes" /></way><way id="234" timestamp="2026-03-31T16:45:31Z" uid="1" user="OSMnx" version="1" changeset="1"><nd ref="7462518735" /><nd ref="7462518734" /><tag k="highway" v="tertiary" /><tag k="oneway" v="yes" /></way><way id="235" timestamp="2026-03-31T16:45:31Z" uid="1" user="OSMnx" version="1" changeset="1"><nd ref="7462518735" /><nd ref="7462518738" /><tag k="highway" v="secondary" /><tag k="oneway" v="yes" /></way><way id="236" timestamp="2026-03-31T16:45:31Z" uid="1" user="OSMnx" version="1" changeset="1"><nd ref="7462518736" /><nd ref="7462518737" /><tag k="highway" v="tertiary" /><tag k="oneway" v="yes" /></way><way id="237" timestamp="2026-03-31T16:45:31Z" uid="1" user="OSMnx" version="1" changeset="1"><nd ref="7462518737" /><nd ref="7462518738" /><tag k="highway" v="tertiary" /><tag k="oneway" v="yes" /></way><way id="238" timestamp="2026-03-31T16:45:31Z" uid="1" user="OSMnx" version="1" changeset="1"><nd ref="7462518739" /><nd ref="13027995602" /><tag k="highway" v="tertiary" /><tag k="oneway" v="yes" /></way><way id="239" timestamp="2026-03-31T16:45:31Z" uid="1" user="OSMnx" version="1" changeset="1"><nd ref="7462518740" /><nd ref="13098781521" /><tag k="highway" v="tertiary" /><tag k="oneway" v="yes" /></way><way id="240" timestamp="2026-03-31T16:45:31Z" uid="1" user="OSMnx" version="1" changeset="1"><nd ref="7462518741" /><nd ref="13027942882" /><tag k="highway" v="tertiary" /><tag k="name" v="簪花路" /><tag k="oneway" v="yes" /></way><way id="241" timestamp="2026-03-31T16:45:31Z" uid="1" user="OSMnx" version="1" changeset="1"><nd ref="7462518742" /><nd ref="4191936664" /><tag k="highway" v="tertiary" /><tag k="name" v="簪花路" /><tag k="oneway" v="yes" /></way><way id="242" timestamp="2026-03-31T16:45:31Z" uid="1" user="OSMnx" version="1" changeset="1"><nd ref="7462518743" /><nd ref="13027942878" /><tag k="highway" v="tertiary" /><tag k="name" v="簪花路" /><tag k="oneway" v="yes" /></way><way id="243" timestamp="2026-03-31T16:45:31Z" uid="1" user="OSMnx" version="1" changeset="1"><nd ref="7462518745" /><nd ref="13027942897" /><tag k="highway" v="tertiary" /><tag k="oneway" v="yes" /></way><way id="244" timestamp="2026-03-31T16:45:31Z" uid="1" user="OSMnx" version="1" changeset="1"><nd ref="7462518746" /><nd ref="12180397949" /><tag k="highway" v="tertiary" /><tag k="oneway" v="yes" /></way><way id="245" timestamp="2026-03-31T16:45:31Z" uid="1" user="OSMnx" version="1" changeset="1"><nd ref="9721412292" /><nd ref="7462518745" /><tag k="highway" v="tertiary" /><tag k="oneway" v="yes" /></way><way id="246" timestamp="2026-03-31T16:45:31Z" uid="1" user="OSMnx" version="1" changeset="1"><nd ref="9721412299" /><nd ref="9721412300" /><tag k="highway" v="tertiary" /><tag k="oneway" v="yes" /></way><way id="247" timestamp="2026-03-31T16:45:31Z" uid="1" user="OSMnx" version="1" changeset="1"><nd ref="9721412300" /><nd ref="7462518736" /><tag k="highway" v="tertiary" /><tag k="oneway" v="yes" /></way><way id="248" timestamp="2026-03-31T16:45:31Z" uid="1" user="OSMnx" version="1" changeset="1"><nd ref="9721412301" /><nd ref="9721412299" /><tag k="highway" v="tertiary" /><tag k="oneway" v="yes" /></way><way id="249" timestamp="2026-03-31T16:45:31Z" uid="1" user="OSMnx" version="1" changeset="1"><nd ref="9721412302" /><nd ref="9721412303" /><tag k="highway" v="tertiary" /><tag k="oneway" v="yes" /></way><way id="250" timestamp="2026-03-31T16:45:31Z" uid="1" user="OSMnx" version="1" changeset="1"><nd ref="9721412303" /><nd ref="9721412301" /><tag k="highway" v="tertiary" /><tag k="oneway" v="yes" /></way><way id="251" timestamp="2026-03-31T16:45:31Z" uid="1" user="OSMnx" version="1" changeset="1"><nd ref="9721412303" /><nd ref="12180433012" /><tag k="highway" v="service" /><tag k="oneway" v="no" /></way><way id="252" timestamp="2026-03-31T16:45:31Z" uid="1" user="OSMnx" version="1" changeset="1"><nd ref="9721412303" /><nd ref="12180397989" /><tag k="highway" v="service" /><tag k="oneway" v="no" /></way><way id="253" timestamp="2026-03-31T16:45:31Z" uid="1" user="OSMnx" version="1" changeset="1"><nd ref="9721412304" /><nd ref="12180397933" /><tag k="highway" v="tertiary" /><tag k="oneway" v="yes" /></way><way id="254" timestamp="2026-03-31T16:45:31Z" uid="1" user="OSMnx" version="1" changeset="1"><nd ref="9721412305" /><nd ref="12180397989" /><tag k="highway" v="tertiary" /><tag k="oneway" v="yes" /></way><way id="255" timestamp="2026-03-31T16:45:31Z" uid="1" user="OSMnx" version="1" changeset="1"><nd ref="9721412306" /><nd ref="9721412305" /><tag k="highway" v="tertiary" /><tag k="oneway" v="yes" /></way><way id="256" timestamp="2026-03-31T16:45:31Z" uid="1" user="OSMnx" version="1" changeset="1"><nd ref="10173657618" /><nd ref="10197524364" /><tag k="highway" v="primary" /><tag k="name" v="鸿福路" /><tag k="oneway" v="yes" /></way><way id="257" timestamp="2026-03-31T16:45:31Z" uid="1" user="OSMnx" version="1" changeset="1"><nd ref="10173657619" /><nd ref="10173657627" /><tag k="highway" v="tertiary" /><tag k="name" v="石竹路" /><tag k="oneway" v="yes" /></way><way id="258" timestamp="2026-03-31T16:45:31Z" uid="1" user="OSMnx" version="1" changeset="1"><nd ref="10173657620" /><nd ref="10173657628" /><tag k="highway" v="primary" /><tag k="name" v="鸿福路" /><tag k="oneway" v="yes" /></way><way id="259" timestamp="2026-03-31T16:45:31Z" uid="1" user="OSMnx" version="1" changeset="1"><nd ref="10173657621" /><nd ref="10173657626" /><tag k="highway" v="tertiary" /><tag k="name" v="石竹路" /><tag k="oneway" v="yes" /></way><way id="260" timestamp="2026-03-31T16:45:31Z" uid="1" user="OSMnx" version="1" changeset="1"><nd ref="10173657622" /><nd ref="3464967514" /><tag k="highway" v="tertiary" /><tag k="name" v="石竹路" /><tag k="oneway" v="yes" /></way><way id="261" timestamp="2026-03-31T16:45:31Z" uid="1" user="OSMnx" version="1" changeset="1"><nd ref="10173657623" /><nd ref="10173657636" /><tag k="highway" v="primary" /><tag k="name" v="鸿福路" /><tag k="oneway" v="yes" /></way><way id="262" timestamp="2026-03-31T16:45:31Z" uid="1" user="OSMnx" version="1" changeset="1"><nd ref="10173657624" /><nd ref="10173657646" /><tag k="highway" v="primary" /><tag k="name" v="鸿福路" /><tag k="oneway" v="yes" /></way><way id="263" timestamp="2026-03-31T16:45:31Z" uid="1" user="OSMnx" version="1" changeset="1"><nd ref="10173657625" /><nd ref="10173657622" /><tag k="highway" v="tertiary" /><tag k="name" v="石竹路" /><tag k="oneway" v="yes" /></way><way id="264" timestamp="2026-03-31T16:45:31Z" uid="1" user="OSMnx" version="1" changeset="1"><nd ref="10173657625" /><nd ref="10173657627" /><tag k="highway" v="primary" /><tag k="name" v="鸿福路" /><tag k="oneway" v="yes" /></way><way id="265" timestamp="2026-03-31T16:45:31Z" uid="1" user="OSMnx" version="1" changeset="1"><nd ref="10173657626" /><nd ref="10173657624" /><tag k="highway" v="primary" /><tag k="name" v="鸿福路" /><tag k="oneway" v="yes" /></way><way id="266" timestamp="2026-03-31T16:45:31Z" uid="1" user="OSMnx" version="1" changeset="1"><nd ref="10173657626" /><nd ref="10173657625" /><tag k="highway" v="tertiary" /><tag k="name" v="石竹路" /><tag k="oneway" v="yes" /></way><way id="267" timestamp="2026-03-31T16:45:31Z" uid="1" user="OSMnx" version="1" changeset="1"><nd ref="10173657627" /><nd ref="10173657628" /><tag k="highway" v="tertiary" /><tag k="name" v="石竹路" /><tag k="oneway" v="yes" /></way><way id="268" timestamp="2026-03-31T16:45:31Z" uid="1" user="OSMnx" version="1" changeset="1"><nd ref="10173657627" /><nd ref="10173657623" /><tag k="highway" v="primary" /><tag k="name" v="鸿福路" /><tag k="oneway" v="yes" /></way><way id="269" timestamp="2026-03-31T16:45:31Z" uid="1" user="OSMnx" version="1" changeset="1"><nd ref="10173657628" /><nd ref="10173657641" /><tag k="highway" v="tertiary" /><tag k="name" v="石竹路" /><tag k="oneway" v="yes" /></way><way id="270" timestamp="2026-03-31T16:45:31Z" uid="1" user="OSMnx" version="1" changeset="1"><nd ref="10173657628" /><nd ref="10173657626" /><tag k="highway" v="primary" /><tag k="name" v="鸿福路" /><tag k="oneway" v="yes" /></way><way id="271" timestamp="2026-03-31T16:45:31Z" uid="1" user="OSMnx" version="1" changeset="1"><nd ref="10173657629" /><nd ref="10173657630" /><tag k="highway" v="primary_link" /><tag k="oneway" v="yes" /></way><way id="272" timestamp="2026-03-31T16:45:31Z" uid="1" user="OSMnx" version="1" changeset="1"><nd ref="10173657629" /><nd ref="10173657618" /><tag k="highway" v="primary" /><tag k="name" v="鸿福路" /><tag k="oneway" v="yes" /></way><way id="273" timestamp="2026-03-31T16:45:31Z" uid="1" user="OSMnx" version="1" changeset="1"><nd ref="10173657630" /><nd ref="10173657631" /><tag k="highway" v="primary_link" /><tag k="oneway" v="yes" /></way><way id="274" timestamp="2026-03-31T16:45:31Z" uid="1" user="OSMnx" version="1" changeset="1"><nd ref="10173657631" /><nd ref="10173657632" /><tag k="highway" v="primary_link" /><tag k="oneway" v="yes" /></way><way id="275" timestamp="2026-03-31T16:45:31Z" uid="1" user="OSMnx" version="1" changeset="1"><nd ref="10173657632" /><nd ref="3464967514" /><tag k="highway" v="primary_link" /><tag k="oneway" v="yes" /></way><way id="276" timestamp="2026-03-31T16:45:31Z" uid="1" user="OSMnx" version="1" changeset="1"><nd ref="10173657633" /><nd ref="10173657634" /><tag k="highway" v="primary_link" /><tag k="oneway" v="yes" /></way><way id="277" timestamp="2026-03-31T16:45:31Z" uid="1" user="OSMnx" version="1" changeset="1"><nd ref="10173657634" /><nd ref="10173657635" /><tag k="highway" v="primary_link" /><tag k="oneway" v="yes" /></way><way id="278" timestamp="2026-03-31T16:45:31Z" uid="1" user="OSMnx" version="1" changeset="1"><nd ref="10173657635" /><nd ref="10173657636" /><tag k="highway" v="primary_link" /><tag k="oneway" v="yes" /></way><way id="279" timestamp="2026-03-31T16:45:31Z" uid="1" user="OSMnx" version="1" changeset="1"><nd ref="10173657636" /><nd ref="12180433489" /><tag k="highway" v="primary" /><tag k="name" v="鸿福路" /><tag k="oneway" v="yes" /></way><way id="280" timestamp="2026-03-31T16:45:31Z" uid="1" user="OSMnx" version="1" changeset="1"><nd ref="10173657637" /><nd ref="10173657638" /><tag k="highway" v="primary_link" /><tag k="oneway" v="yes" /></way><way id="281" timestamp="2026-03-31T16:45:31Z" uid="1" user="OSMnx" version="1" changeset="1"><nd ref="10173657637" /><nd ref="10173657620" /><tag k="highway" v="primary" /><tag k="name" v="鸿福路" /><tag k="oneway" v="yes" /></way><way id="282" timestamp="2026-03-31T16:45:31Z" uid="1" user="OSMnx" version="1" changeset="1"><nd ref="10173657638" /><nd ref="10173657639" /><tag k="highway" v="primary_link" /><tag k="oneway" v="yes" /></way><way id="283" timestamp="2026-03-31T16:45:31Z" uid="1" user="OSMnx" version="1" changeset="1"><nd ref="10173657639" /><nd ref="10173657640" /><tag k="highway" v="primary_link" /><tag k="oneway" v="yes" /></way><way id="284" timestamp="2026-03-31T16:45:31Z" uid="1" user="OSMnx" version="1" changeset="1"><nd ref="10173657640" /><nd ref="10173657641" /><tag k="highway" v="primary_link" /><tag k="oneway" v="yes" /></way><way id="285" timestamp="2026-03-31T16:45:31Z" uid="1" user="OSMnx" version="1" changeset="1"><nd ref="10173657641" /><nd ref="10702011738" /><tag k="highway" v="tertiary" /><tag k="name" v="石竹路" /><tag k="oneway" v="yes" /></way><way id="286" timestamp="2026-03-31T16:45:31Z" uid="1" user="OSMnx" version="1" changeset="1"><nd ref="10173657642" /><nd ref="10173657643" /><tag k="highway" v="primary_link" /><tag k="oneway" v="yes" /></way><way id="287" timestamp="2026-03-31T16:45:31Z" uid="1" user="OSMnx" version="1" changeset="1"><nd ref="10173657642" /><nd ref="10173657621" /><tag k="highway" v="tertiary" /><tag k="name" v="石竹路" /><tag k="oneway" v="yes" /></way><way id="288" timestamp="2026-03-31T16:45:31Z" uid="1" user="OSMnx" version="1" changeset="1"><nd ref="10173657643" /><nd ref="10173657644" /><tag k="highway" v="primary_link" /><tag k="oneway" v="yes" /></way><way id="289" timestamp="2026-03-31T16:45:31Z" uid="1" user="OSMnx" version="1" changeset="1"><nd ref="10173657644" /><nd ref="10173657645" /><tag k="highway" v="primary_link" /><tag k="oneway" v="yes" /></way><way id="290" timestamp="2026-03-31T16:45:31Z" uid="1" user="OSMnx" version="1" changeset="1"><nd ref="10173657645" /><nd ref="10173657646" /><tag k="highway" v="primary_link" /><tag k="oneway" v="yes" /></way><way id="291" timestamp="2026-03-31T16:45:31Z" uid="1" user="OSMnx" version="1" changeset="1"><nd ref="10177785269" /><nd ref="10177785285" /><tag k="highway" v="tertiary" /><tag k="name" v="石竹路" /><tag k="oneway" v="yes" /></way><way id="292" timestamp="2026-03-31T16:45:31Z" uid="1" user="OSMnx" version="1" changeset="1"><nd ref="10177785270" /><nd ref="10177785315" /><tag k="highway" v="tertiary" /><tag k="name" v="石竹路" /><tag k="oneway" v="yes" /></way><way id="293" timestamp="2026-03-31T16:45:31Z" uid="1" user="OSMnx" version="1" changeset="1"><nd ref="10177785271" /><nd ref="4193375709" /><tag k="highway" v="unclassified" /><tag k="oneway" v="no" /></way><way id="294" timestamp="2026-03-31T16:45:31Z" uid="1" user="OSMnx" version="1" changeset="1"><nd ref="10177785271" /><nd ref="5071278066" /><tag k="highway" v="unclassified" /><tag k="oneway" v="no" /></way><way id="295" timestamp="2026-03-31T16:45:31Z" uid="1" user="OSMnx" version="1" changeset="1"><nd ref="10177785271" /><nd ref="3464967545" /><tag k="highway" v="tertiary" /><tag k="name" v="石竹路" /><tag k="oneway" v="yes" /></way><way id="296" timestamp="2026-03-31T16:45:31Z" uid="1" user="OSMnx" version="1" changeset="1"><nd ref="10177785272" /><nd ref="10177785276" /><tag k="highway" v="tertiary" /><tag k="name" v="石竹路" /><tag k="oneway" v="yes" /></way><way id="297" timestamp="2026-03-31T16:45:31Z" uid="1" user="OSMnx" version="1" changeset="1"><nd ref="10177785273" /><nd ref="12180433401" /><tag k="highway" v="unclassified" /><tag k="oneway" v="no" /></way><way id="298" timestamp="2026-03-31T16:45:31Z" uid="1" user="OSMnx" version="1" changeset="1"><nd ref="10177785273" /><nd ref="10177785274" /><tag k="highway" v="unclassified" /><tag k="oneway" v="no" /></way><way id="299" timestamp="2026-03-31T16:45:31Z" uid="1" user="OSMnx" version="1" changeset="1"><nd ref="10177785274" /><nd ref="10177785273" /><tag k="highway" v="unclassified" /><tag k="oneway" v="no" /></way><way id="300" timestamp="2026-03-31T16:45:31Z" uid="1" user="OSMnx" version="1" changeset="1"><nd ref="10177785274" /><nd ref="10177785275" /><tag k="highway" v="unclassified" /><tag k="oneway" v="no" /></way><way id="301" timestamp="2026-03-31T16:45:31Z" uid="1" user="OSMnx" version="1" changeset="1"><nd ref="10177785275" /><nd ref="10177785274" /><tag k="highway" v="unclassified" /><tag k="oneway" v="no" /></way><way id="302" timestamp="2026-03-31T16:45:31Z" uid="1" user="OSMnx" version="1" changeset="1"><nd ref="10177785275" /><nd ref="4853233922" /><tag k="highway" v="unclassified" /><tag k="oneway" v="no" /></way><way id="303" timestamp="2026-03-31T16:45:31Z" uid="1" user="OSMnx" version="1" changeset="1"><nd ref="10177785276" /><nd ref="3464967547" /><tag k="highway" v="tertiary" /><tag k="name" v="石竹路" /><tag k="oneway" v="yes" /></way><way id="304" timestamp="2026-03-31T16:45:31Z" uid="1" user="OSMnx" version="1" changeset="1"><nd ref="10177785276" /><nd ref="10177785277" /><tag k="highway" v="tertiary" /><tag k="oneway" v="no" /></way><way id="305" timestamp="2026-03-31T16:45:31Z" uid="1" user="OSMnx" version="1" changeset="1"><nd ref="10177785277" /><nd ref="10177785316" /><tag k="highway" v="tertiary" /><tag k="name" v="石竹路" /><tag k="oneway" v="yes" /></way><way id="306" timestamp="2026-03-31T16:45:31Z" uid="1" user="OSMnx" version="1" changeset="1"><nd ref="10177785277" /><nd ref="4853233922" /><tag k="highway" v="tertiary" /><tag k="oneway" v="no" /></way><way id="307" timestamp="2026-03-31T16:45:31Z" uid="1" user="OSMnx" version="1" changeset="1"><nd ref="10177785277" /><nd ref="10177785276" /><tag k="highway" v="tertiary" /><tag k="oneway" v="no" /></way><way id="308" timestamp="2026-03-31T16:45:31Z" uid="1" user="OSMnx" version="1" changeset="1"><nd ref="10177785278" /><nd ref="10177785303" /><tag k="highway" v="tertiary" /><tag k="name" v="元岭路" /><tag k="oneway" v="yes" /></way><way id="309" timestamp="2026-03-31T16:45:31Z" uid="1" user="OSMnx" version="1" changeset="1"><nd ref="10177785279" /><nd ref="10177785291" /><tag k="highway" v="tertiary" /><tag k="name" v="元岭路" /><tag k="oneway" v="yes" /></way><way id="310" timestamp="2026-03-31T16:45:31Z" uid="1" user="OSMnx" version="1" changeset="1"><nd ref="10177785280" /><nd ref="3450066275" /><tag k="highway" v="secondary" /><tag k="name" v="体育路" /><tag k="oneway" v="yes" /></way><way id="311" timestamp="2026-03-31T16:45:31Z" uid="1" user="OSMnx" version="1" changeset="1"><nd ref="10177785282" /><nd ref="5071249800" /><tag k="highway" v="secondary" /><tag k="name" v="体育路" /><tag k="oneway" v="yes" /></way><way id="312" timestamp="2026-03-31T16:45:31Z" uid="1" user="OSMnx" version="1" changeset="1"><nd ref="10177785283" /><nd ref="10177785280" /><tag k="highway" v="secondary" /><tag k="name" v="体育路" /><tag k="oneway" v="yes" /></way><way id="313" timestamp="2026-03-31T16:45:31Z" uid="1" user="OSMnx" version="1" changeset="1"><nd ref="10177785283" /><nd ref="10177785286" /><tag k="highway" v="tertiary" /><tag k="name" v="石竹路" /><tag k="oneway" v="yes" /></way><way id="314" timestamp="2026-03-31T16:45:31Z" uid="1" user="OSMnx" version="1" changeset="1"><nd ref="10177785284" /><nd ref="10177785278" /><tag k="highway" v="tertiary" /><tag k="name" v="元岭路" /><tag k="oneway" v="yes" /></way><way id="315" timestamp="2026-03-31T16:45:31Z" uid="1" user="OSMnx" version="1" changeset="1"><nd ref="10177785284" /><nd ref="10177785283" /><tag k="highway" v="secondary" /><tag k="oneway" v="yes" /></way><way id="316" timestamp="2026-03-31T16:45:31Z" uid="1" user="OSMnx" version="1" changeset="1"><nd ref="10177785285" /><nd ref="10177785284" /><tag k="highway" v="tertiary" /><tag k="name" v="石竹路" /><tag k="oneway" v="yes" /></way><way id="317" timestamp="2026-03-31T16:45:31Z" uid="1" user="OSMnx" version="1" changeset="1"><nd ref="10177785285" /><nd ref="3464967570" /><tag k="highway" v="secondary" /><tag k="name" v="体育路" /><tag k="oneway" v="yes" /></way><way id="318" timestamp="2026-03-31T16:45:31Z" uid="1" user="OSMnx" version="1" changeset="1"><nd ref="10177785286" /><nd ref="10177785270" /><tag k="highway" v="tertiary" /><tag k="name" v="石竹路" /><tag k="oneway" v="yes" /></way><way id="319" timestamp="2026-03-31T16:45:31Z" uid="1" user="OSMnx" version="1" changeset="1"><nd ref="10177785286" /><nd ref="10177785285" /><tag k="highway" v="secondary" /><tag k="name" v="体育路" /><tag k="oneway" v="yes" /></way><way id="320" timestamp="2026-03-31T16:45:31Z" uid="1" user="OSMnx" version="1" changeset="1"><nd ref="10177785288" /><nd ref="10177785304" /><tag k="highway" v="tertiary" /><tag k="name" v="元岭路" /><tag k="oneway" v="yes" /></way><way id="321" timestamp="2026-03-31T16:45:31Z" uid="1" user="OSMnx" version="1" changeset="1"><nd ref="10177785291" /><nd ref="10177785283" /><tag k="highway" v="tertiary" /><tag k="name" v="元岭路" /><tag k="oneway" v="yes" /></way><way id="322" timestamp="2026-03-31T16:45:31Z" uid="1" user="OSMnx" version="1" changeset="1"><nd ref="10177785292" /><nd ref="10177785293" /><tag k="highway" v="tertiary_link" /><tag k="oneway" v="yes" /></way><way id="323" timestamp="2026-03-31T16:45:31Z" uid="1" user="OSMnx" version="1" changeset="1"><nd ref="10177785292" /><nd ref="10177785269" /><tag k="highway" v="tertiary" /><tag k="name" v="石竹路" /><tag k="oneway" v="yes" /></way><way id="324" timestamp="2026-03-31T16:45:31Z" uid="1" user="OSMnx" version="1" changeset="1"><nd ref="10177785293" /><nd ref="10177785294" /><tag k="highway" v="tertiary_link" /><tag k="oneway" v="yes" /></way><way id="325" timestamp="2026-03-31T16:45:31Z" uid="1" user="OSMnx" version="1" changeset="1"><nd ref="10177785294" /><nd ref="10177785295" /><tag k="highway" v="tertiary_link" /><tag k="oneway" v="yes" /></way><way id="326" timestamp="2026-03-31T16:45:31Z" uid="1" user="OSMnx" version="1" changeset="1"><nd ref="10177785295" /><nd ref="10177785296" /><tag k="highway" v="tertiary_link" /><tag k="oneway" v="yes" /></way><way id="327" timestamp="2026-03-31T16:45:31Z" uid="1" user="OSMnx" version="1" changeset="1"><nd ref="10177785296" /><nd ref="10177785297" /><tag k="highway" v="tertiary_link" /><tag k="oneway" v="yes" /></way><way id="328" timestamp="2026-03-31T16:45:31Z" uid="1" user="OSMnx" version="1" changeset="1"><nd ref="10177785297" /><nd ref="11840860320" /><tag k="highway" v="secondary" /><tag k="name" v="体育路" /><tag k="oneway" v="yes" /></way><way id="329" timestamp="2026-03-31T16:45:31Z" uid="1" user="OSMnx" version="1" changeset="1"><nd ref="10177785298" /><nd ref="3450062791" /><tag k="highway" v="secondary" /><tag k="name" v="体育路" /><tag k="oneway" v="yes" /></way><way id="330" timestamp="2026-03-31T16:45:31Z" uid="1" user="OSMnx" version="1" changeset="1"><nd ref="10177785298" /><nd ref="10177785299" /><tag k="highway" v="tertiary_link" /><tag k="oneway" v="yes" /></way><way id="331" timestamp="2026-03-31T16:45:31Z" uid="1" user="OSMnx" version="1" changeset="1"><nd ref="10177785299" /><nd ref="10177785300" /><tag k="highway" v="tertiary_link" /><tag k="oneway" v="yes" /></way><way id="332" timestamp="2026-03-31T16:45:31Z" uid="1" user="OSMnx" version="1" changeset="1"><nd ref="10177785300" /><nd ref="10177785301" /><tag k="highway" v="tertiary_link" /><tag k="oneway" v="yes" /></way><way id="333" timestamp="2026-03-31T16:45:31Z" uid="1" user="OSMnx" version="1" changeset="1"><nd ref="10177785301" /><nd ref="10177785302" /><tag k="highway" v="tertiary_link" /><tag k="oneway" v="yes" /></way><way id="334" timestamp="2026-03-31T16:45:31Z" uid="1" user="OSMnx" version="1" changeset="1"><nd ref="10177785302" /><nd ref="10177785303" /><tag k="highway" v="tertiary_link" /><tag k="oneway" v="yes" /></way><way id="335" timestamp="2026-03-31T16:45:31Z" uid="1" user="OSMnx" version="1" changeset="1"><nd ref="10177785303" /><nd ref="10177785287" /><tag k="highway" v="tertiary" /><tag k="name" v="元岭路" /><tag k="oneway" v="yes" /></way><way id="336" timestamp="2026-03-31T16:45:31Z" uid="1" user="OSMnx" version="1" changeset="1"><nd ref="10177785304" /><nd ref="10177785305" /><tag k="highway" v="tertiary_link" /><tag k="oneway" v="yes" /></way><way id="337" timestamp="2026-03-31T16:45:31Z" uid="1" user="OSMnx" version="1" changeset="1"><nd ref="10177785304" /><nd ref="10177785279" /><tag k="highway" v="tertiary" /><tag k="name" v="元岭路" /><tag k="oneway" v="yes" /></way><way id="338" timestamp="2026-03-31T16:45:31Z" uid="1" user="OSMnx" version="1" changeset="1"><nd ref="10177785305" /><nd ref="10177785306" /><tag k="highway" v="tertiary_link" /><tag k="oneway" v="yes" /></way><way id="339" timestamp="2026-03-31T16:45:31Z" uid="1" user="OSMnx" version="1" changeset="1"><nd ref="10177785306" /><nd ref="10177785307" /><tag k="highway" v="tertiary_link" /><tag k="oneway" v="yes" /></way><way id="340" timestamp="2026-03-31T16:45:31Z" uid="1" user="OSMnx" version="1" changeset="1"><nd ref="10177785307" /><nd ref="10177785308" /><tag k="highway" v="tertiary_link" /><tag k="oneway" v="yes" /></way><way id="341" timestamp="2026-03-31T16:45:31Z" uid="1" user="OSMnx" version="1" changeset="1"><nd ref="10177785308" /><nd ref="10177785309" /><tag k="highway" v="tertiary_link" /><tag k="oneway" v="yes" /></way><way id="342" timestamp="2026-03-31T16:45:31Z" uid="1" user="OSMnx" version="1" changeset="1"><nd ref="10177785309" /><nd ref="11939203385" /><tag k="highway" v="secondary" /><tag k="name" v="体育路" /><tag k="oneway" v="yes" /></way><way id="343" timestamp="2026-03-31T16:45:31Z" uid="1" user="OSMnx" version="1" changeset="1"><nd ref="10177785310" /><nd ref="10177785311" /><tag k="highway" v="tertiary_link" /><tag k="oneway" v="yes" /></way><way id="344" timestamp="2026-03-31T16:45:31Z" uid="1" user="OSMnx" version="1" changeset="1"><nd ref="10177785310" /><nd ref="3450066214" /><tag k="highway" v="secondary" /><tag k="name" v="体育路" /><tag k="oneway" v="yes" /></way><way id="345" timestamp="2026-03-31T16:45:31Z" uid="1" user="OSMnx" version="1" changeset="1"><nd ref="10177785311" /><nd ref="10177785312" /><tag k="highway" v="tertiary_link" /><tag k="oneway" v="yes" /></way><way id="346" timestamp="2026-03-31T16:45:31Z" uid="1" user="OSMnx" version="1" changeset="1"><nd ref="10177785312" /><nd ref="10177785313" /><tag k="highway" v="tertiary_link" /><tag k="oneway" v="yes" /></way><way id="347" timestamp="2026-03-31T16:45:31Z" uid="1" user="OSMnx" version="1" changeset="1"><nd ref="10177785313" /><nd ref="10177785314" /><tag k="highway" v="tertiary_link" /><tag k="oneway" v="yes" /></way><way id="348" timestamp="2026-03-31T16:45:31Z" uid="1" user="OSMnx" version="1" changeset="1"><nd ref="10177785314" /><nd ref="10177785315" /><tag k="highway" v="tertiary_link" /><tag k="oneway" v="yes" /></way><way id="349" timestamp="2026-03-31T16:45:31Z" uid="1" user="OSMnx" version="1" changeset="1"><nd ref="10177785315" /><nd ref="3464967319" /><tag k="highway" v="tertiary" /><tag k="name" v="石竹路" /><tag k="oneway" v="yes" /></way><way id="350" timestamp="2026-03-31T16:45:31Z" uid="1" user="OSMnx" version="1" changeset="1"><nd ref="10177785316" /><nd ref="3464967537" /><tag k="highway" v="tertiary" /><tag k="name" v="石竹路" /><tag k="oneway" v="yes" /></way><way id="351" timestamp="2026-03-31T16:45:31Z" uid="1" user="OSMnx" version="1" changeset="1"><nd ref="10178464537" /><nd ref="10177785282" /><tag k="highway" v="secondary" /><tag k="name" v="体育路" /><tag k="oneway" v="yes" /></way><way id="352" timestamp="2026-03-31T16:45:31Z" uid="1" user="OSMnx" version="1" changeset="1"><nd ref="10197524334" /><nd ref="10173657637" /><tag k="highway" v="primary" /><tag k="name" v="鸿福路" /><tag k="oneway" v="yes" /></way><way id="353" timestamp="2026-03-31T16:45:31Z" uid="1" user="OSMnx" version="1" changeset="1"><nd ref="10197524338" /><nd ref="3464967337" /><tag k="highway" v="tertiary" /><tag k="name" v="元美东路" /><tag k="oneway" v="yes" /></way><way id="354" timestamp="2026-03-31T16:45:31Z" uid="1" user="OSMnx" version="1" changeset="1"><nd ref="10197524364" /><nd ref="10173657625" /><tag k="highway" v="primary" /><tag k="name" v="鸿福路" /><tag k="oneway" v="yes" /></way><way id="355" timestamp="2026-03-31T16:45:31Z" uid="1" user="OSMnx" version="1" changeset="1"><nd ref="10702011738" /><nd ref="3464967315" /><tag k="highway" v="tertiary" /><tag k="name" v="石竹路" /><tag k="oneway" v="yes" /></way><way id="356" timestamp="2026-03-31T16:45:31Z" uid="1" user="OSMnx" version="1" changeset="1"><nd ref="11840860320" /><nd ref="11861390456" /><tag k="highway" v="secondary" /><tag k="name" v="体育路" /><tag k="oneway" v="yes" /></way><way id="357" timestamp="2026-03-31T16:45:31Z" uid="1" user="OSMnx" version="1" changeset="1"><nd ref="11840860321" /><nd ref="11840860320" /><tag k="highway" v="service" /><tag k="oneway" v="yes" /></way><way id="358" timestamp="2026-03-31T16:45:31Z" uid="1" user="OSMnx" version="1" changeset="1"><nd ref="11840860322" /><nd ref="11840860307" /><tag k="highway" v="service" /><tag k="oneway" v="yes" /></way><way id="359" timestamp="2026-03-31T16:45:31Z" uid="1" user="OSMnx" version="1" changeset="1"><nd ref="11840860323" /><nd ref="11840860326" /><tag k="highway" v="service" /><tag k="oneway" v="yes" /></way><way id="360" timestamp="2026-03-31T16:45:31Z" uid="1" user="OSMnx" version="1" changeset="1"><nd ref="11840860324" /><nd ref="11840860323" /><tag k="highway" v="service" /><tag k="oneway" v="yes" /></way><way id="361" timestamp="2026-03-31T16:45:31Z" uid="1" user="OSMnx" version="1" changeset="1"><nd ref="11840860325" /><nd ref="10177785292" /><tag k="highway" v="tertiary" /><tag k="name" v="石竹路" /><tag k="oneway" v="yes" /></way><way id="362" timestamp="2026-03-31T16:45:31Z" uid="1" user="OSMnx" version="1" changeset="1"><nd ref="11840860325" /><nd ref="11840860324" /><tag k="highway" v="service" /><tag k="oneway" v="yes" /></way><way id="363" timestamp="2026-03-31T16:45:31Z" uid="1" user="OSMnx" version="1" changeset="1"><nd ref="11840860326" /><nd ref="11840860322" /><tag k="highway" v="service" /><tag k="oneway" v="yes" /></way><way id="364" timestamp="2026-03-31T16:45:31Z" uid="1" user="OSMnx" version="1" changeset="1"><nd ref="11861390456" /><nd ref="3450066235" /><tag k="highway" v="secondary" /><tag k="name" v="体育路" /><tag k="oneway" v="yes" /></way><way id="365" timestamp="2026-03-31T16:45:31Z" uid="1" user="OSMnx" version="1" changeset="1"><nd ref="11861390456" /><nd ref="11861390458" /><tag k="highway" v="service" /><tag k="oneway" v="no" /></way><way id="366" timestamp="2026-03-31T16:45:31Z" uid="1" user="OSMnx" version="1" changeset="1"><nd ref="11861390457" /><nd ref="11861390463" /><tag k="highway" v="service" /><tag k="oneway" v="no" /></way><way id="367" timestamp="2026-03-31T16:45:31Z" uid="1" user="OSMnx" version="1" changeset="1"><nd ref="11861390457" /><nd ref="11861390464" /><tag k="highway" v="service" /><tag k="oneway" v="no" /></way><way id="368" timestamp="2026-03-31T16:45:31Z" uid="1" user="OSMnx" version="1" changeset="1"><nd ref="11861390458" /><nd ref="11861390464" /><tag k="highway" v="service" /><tag k="oneway" v="no" /></way><way id="369" timestamp="2026-03-31T16:45:31Z" uid="1" user="OSMnx" version="1" changeset="1"><nd ref="11861390458" /><nd ref="11861390456" /><tag k="highway" v="service" /><tag k="oneway" v="no" /></way><way id="370" timestamp="2026-03-31T16:45:31Z" uid="1" user="OSMnx" version="1" changeset="1"><nd ref="11861390458" /><nd ref="11861390461" /><tag k="highway" v="service" /><tag k="oneway" v="no" /></way><way id="371" timestamp="2026-03-31T16:45:31Z" uid="1" user="OSMnx" version="1" changeset="1"><nd ref="11861390459" /><nd ref="11861390461" /><tag k="highway" v="service" /><tag k="oneway" v="no" /></way><way id="372" timestamp="2026-03-31T16:45:31Z" uid="1" user="OSMnx" version="1" changeset="1"><nd ref="11861390459" /><nd ref="11861390463" /><tag k="highway" v="service" /><tag k="oneway" v="no" /></way><way id="373" timestamp="2026-03-31T16:45:31Z" uid="1" user="OSMnx" version="1" changeset="1"><nd ref="11861390460" /><nd ref="4193375758" /><tag k="highway" v="secondary" /><tag k="name" v="体育路" /><tag k="oneway" v="yes" /></way><way id="374" timestamp="2026-03-31T16:45:31Z" uid="1" user="OSMnx" version="1" changeset="1"><nd ref="11861390460" /><nd ref="11861390461" /><tag k="highway" v="service" /><tag k="oneway" v="no" /></way><way id="375" timestamp="2026-03-31T16:45:31Z" uid="1" user="OSMnx" version="1" changeset="1"><nd ref="11861390461" /><nd ref="11861390460" /><tag k="highway" v="service" /><tag k="oneway" v="no" /></way><way id="376" timestamp="2026-03-31T16:45:31Z" uid="1" user="OSMnx" version="1" changeset="1"><nd ref="11861390461" /><nd ref="11861390459" /><tag k="highway" v="service" /><tag k="oneway" v="no" /></way><way id="377" timestamp="2026-03-31T16:45:31Z" uid="1" user="OSMnx" version="1" changeset="1"><nd ref="11861390461" /><nd ref="11861390458" /><tag k="highway" v="service" /><tag k="oneway" v="no" /></way><way id="378" timestamp="2026-03-31T16:45:31Z" uid="1" user="OSMnx" version="1" changeset="1"><nd ref="11861390462" /><nd ref="11861390463" /><tag k="highway" v="service" /><tag k="oneway" v="no" /></way><way id="379" timestamp="2026-03-31T16:45:31Z" uid="1" user="OSMnx" version="1" changeset="1"><nd ref="11861390463" /><nd ref="11861390459" /><tag k="highway" v="service" /><tag k="oneway" v="no" /></way><way id="380" timestamp="2026-03-31T16:45:31Z" uid="1" user="OSMnx" version="1" changeset="1"><nd ref="11861390463" /><nd ref="11861390457" /><tag k="highway" v="service" /><tag k="oneway" v="no" /></way><way id="381" timestamp="2026-03-31T16:45:31Z" uid="1" user="OSMnx" version="1" changeset="1"><nd ref="11861390463" /><nd ref="11861390462" /><tag k="highway" v="service" /><tag k="oneway" v="no" /></way><way id="382" timestamp="2026-03-31T16:45:31Z" uid="1" user="OSMnx" version="1" changeset="1"><nd ref="11861390464" /><nd ref="11861390457" /><tag k="highway" v="service" /><tag k="oneway" v="no" /></way><way id="383" timestamp="2026-03-31T16:45:31Z" uid="1" user="OSMnx" version="1" changeset="1"><nd ref="11861390464" /><nd ref="11861390458" /><tag k="highway" v="service" /><tag k="oneway" v="no" /></way><way id="384" timestamp="2026-03-31T16:45:31Z" uid="1" user="OSMnx" version="1" changeset="1"><nd ref="11924659960" /><nd ref="10177785298" /><tag k="highway" v="secondary" /><tag k="name" v="体育路" /><tag k="oneway" v="yes" /></way><way id="385" timestamp="2026-03-31T16:45:31Z" uid="1" user="OSMnx" version="1" changeset="1"><nd ref="11924659960" /><nd ref="11924659961" /><tag k="highway" v="service" /><tag k="oneway" v="no" /></way><way id="386" timestamp="2026-03-31T16:45:31Z" uid="1" user="OSMnx" version="1" changeset="1"><nd ref="11924659961" /><nd ref="11924659960" /><tag k="highway" v="service" /><tag k="oneway" v="no" /></way><way id="387" timestamp="2026-03-31T16:45:31Z" uid="1" user="OSMnx" version="1" changeset="1"><nd ref="11924659961" /><nd ref="11924659963" /><tag k="highway" v="service" /><tag k="oneway" v="no" /></way><way id="388" timestamp="2026-03-31T16:45:31Z" uid="1" user="OSMnx" version="1" changeset="1"><nd ref="11924659961" /><nd ref="11924659962" /><tag k="highway" v="service" /><tag k="oneway" v="no" /></way><way id="389" timestamp="2026-03-31T16:45:31Z" uid="1" user="OSMnx" version="1" changeset="1"><nd ref="11924659962" /><nd ref="11924659961" /><tag k="highway" v="service" /><tag k="oneway" v="no" /></way><way id="390" timestamp="2026-03-31T16:45:31Z" uid="1" user="OSMnx" version="1" changeset="1"><nd ref="11924659962" /><nd ref="11924659968" /><tag k="highway" v="residential" /><tag k="oneway" v="no" /></way><way id="391" timestamp="2026-03-31T16:45:31Z" uid="1" user="OSMnx" version="1" changeset="1"><nd ref="11924659962" /><nd ref="11924659967" /><tag k="highway" v="residential" /><tag k="oneway" v="no" /></way><way id="392" timestamp="2026-03-31T16:45:31Z" uid="1" user="OSMnx" version="1" changeset="1"><nd ref="11924659963" /><nd ref="11924659964" /><tag k="highway" v="service" /><tag k="oneway" v="no" /></way><way id="393" timestamp="2026-03-31T16:45:31Z" uid="1" user="OSMnx" version="1" changeset="1"><nd ref="11924659963" /><nd ref="11924659961" /><tag k="highway" v="service" /><tag k="oneway" v="no" /></way><way id="394" timestamp="2026-03-31T16:45:31Z" uid="1" user="OSMnx" version="1" changeset="1"><nd ref="11924659964" /><nd ref="11924659965" /><tag k="highway" v="service" /><tag k="oneway" v="no" /></way><way id="395" timestamp="2026-03-31T16:45:31Z" uid="1" user="OSMnx" version="1" changeset="1"><nd ref="11924659964" /><nd ref="11924659963" /><tag k="highway" v="service" /><tag k="oneway" v="no" /></way><way id="396" timestamp="2026-03-31T16:45:31Z" uid="1" user="OSMnx" version="1" changeset="1"><nd ref="11924659965" /><nd ref="11924659964" /><tag k="highway" v="service" /><tag k="oneway" v="no" /></way><way id="397" timestamp="2026-03-31T16:45:31Z" uid="1" user="OSMnx" version="1" changeset="1"><nd ref="11924659965" /><nd ref="11924675575" /><tag k="highway" v="residential" /><tag k="oneway" v="no" /></way><way id="398" timestamp="2026-03-31T16:45:31Z" uid="1" user="OSMnx" version="1" changeset="1"><nd ref="11924659967" /><nd ref="3450062775" /><tag k="highway" v="secondary" /><tag k="name" v="体育路" /><tag k="oneway" v="yes" /></way><way id="399" timestamp="2026-03-31T16:45:31Z" uid="1" user="OSMnx" version="1" changeset="1"><nd ref="11924659967" /><nd ref="11924659962" /><tag k="highway" v="residential" /><tag k="oneway" v="no" /></way><way id="400" timestamp="2026-03-31T16:45:31Z" uid="1" user="OSMnx" version="1" changeset="1"><nd ref="11924659968" /><nd ref="11924659962" /><tag k="highway" v="residential" /><tag k="oneway" v="no" /></way><way id="401" timestamp="2026-03-31T16:45:31Z" uid="1" user="OSMnx" version="1" changeset="1"><nd ref="11924659968" /><nd ref="11924675572" /><tag k="highway" v="residential" /><tag k="oneway" v="no" /></way><way id="402" timestamp="2026-03-31T16:45:31Z" uid="1" user="OSMnx" version="1" changeset="1"><nd ref="11924675570" /><nd ref="3450066271" /><tag k="highway" v="secondary" /><tag k="name" v="体育路" /><tag k="oneway" v="yes" /></way><way id="403" timestamp="2026-03-31T16:45:31Z" uid="1" user="OSMnx" version="1" changeset="1"><nd ref="11924675570" /><nd ref="11924675572" /><tag k="highway" v="residential" /><tag k="oneway" v="no" /></way><way id="404" timestamp="2026-03-31T16:45:31Z" uid="1" user="OSMnx" version="1" changeset="1"><nd ref="11924675572" /><nd ref="11924675570" /><tag k="highway" v="residential" /><tag k="oneway" v="no" /></way><way id="405" timestamp="2026-03-31T16:45:31Z" uid="1" user="OSMnx" version="1" changeset="1"><nd ref="11924675572" /><nd ref="11924659968" /><tag k="highway" v="residential" /><tag k="oneway" v="no" /></way><way id="406" timestamp="2026-03-31T16:45:31Z" uid="1" user="OSMnx" version="1" changeset="1"><nd ref="11924675575" /><nd ref="11924659965" /><tag k="highway" v="residential" /><tag k="oneway" v="no" /></way><way id="407" timestamp="2026-03-31T16:45:31Z" uid="1" user="OSMnx" version="1" changeset="1"><nd ref="11924675575" /><nd ref="11924675579" /><tag k="highway" v="residential" /><tag k="oneway" v="no" /></way><way id="408" timestamp="2026-03-31T16:45:31Z" uid="1" user="OSMnx" version="1" changeset="1"><nd ref="11924675576" /><nd ref="11924675579" /><tag k="highway" v="residential" /><tag k="oneway" v="no" /></way><way id="409" timestamp="2026-03-31T16:45:31Z" uid="1" user="OSMnx" version="1" changeset="1"><nd ref="11924675579" /><nd ref="11924675576" /><tag k="highway" v="residential" /><tag k="oneway" v="no" /></way><way id="410" timestamp="2026-03-31T16:45:31Z" uid="1" user="OSMnx" version="1" changeset="1"><nd ref="11924675579" /><nd ref="11924675575" /><tag k="highway" v="residential" /><tag k="oneway" v="no" /></way><way id="411" timestamp="2026-03-31T16:45:31Z" uid="1" user="OSMnx" version="1" changeset="1"><nd ref="11924833017" /><nd ref="13027942886" /><tag k="highway" v="unclassified" /><tag k="oneway" v="no" /></way><way id="412" timestamp="2026-03-31T16:45:31Z" uid="1" user="OSMnx" version="1" changeset="1"><nd ref="11924833017" /><nd ref="4193375779" /><tag k="highway" v="unclassified" /><tag k="oneway" v="no" /></way><way id="413" timestamp="2026-03-31T16:45:31Z" uid="1" user="OSMnx" version="1" changeset="1"><nd ref="11924833017" /><nd ref="11924833018" /><tag k="highway" v="unclassified" /><tag k="oneway" v="no" /></way><way id="414" timestamp="2026-03-31T16:45:31Z" uid="1" user="OSMnx" version="1" changeset="1"><nd ref="11924833018" /><nd ref="13027995606" /><tag k="highway" v="unclassified" /><tag k="name" v="会展北路" /><tag k="oneway" v="yes" /></way><way id="415" timestamp="2026-03-31T16:45:31Z" uid="1" user="OSMnx" version="1" changeset="1"><nd ref="11924833018" /><nd ref="11924833017" /><tag k="highway" v="unclassified" /><tag k="oneway" v="no" /></way><way id="416" timestamp="2026-03-31T16:45:31Z" uid="1" user="OSMnx" version="1" changeset="1"><nd ref="11939203385" /><nd ref="3450066213" /><tag k="highway" v="secondary" /><tag k="name" v="体育路" /><tag k="oneway" v="yes" /></way><way id="417" timestamp="2026-03-31T16:45:31Z" uid="1" user="OSMnx" version="1" changeset="1"><nd ref="11939203385" /><nd ref="11939203386" /><tag k="highway" v="living_street" /><tag k="oneway" v="no" /></way><way id="418" timestamp="2026-03-31T16:45:31Z" uid="1" user="OSMnx" version="1" changeset="1"><nd ref="11939203386" /><nd ref="11939203387" /><tag k="highway" v="living_street" /><tag k="oneway" v="no" /></way><way id="419" timestamp="2026-03-31T16:45:31Z" uid="1" user="OSMnx" version="1" changeset="1"><nd ref="11939203386" /><nd ref="11939203385" /><tag k="highway" v="living_street" /><tag k="oneway" v="no" /></way><way id="420" timestamp="2026-03-31T16:45:31Z" uid="1" user="OSMnx" version="1" changeset="1"><nd ref="11939203387" /><nd ref="11939203386" /><tag k="highway" v="living_street" /><tag k="oneway" v="no" /></way><way id="421" timestamp="2026-03-31T16:45:31Z" uid="1" user="OSMnx" version="1" changeset="1"><nd ref="11939203393" /><nd ref="11939203394" /><tag k="highway" v="living_street" /><tag k="oneway" v="no" /></way><way id="422" timestamp="2026-03-31T16:45:31Z" uid="1" user="OSMnx" version="1" changeset="1"><nd ref="11939203394" /><nd ref="11939203395" /><tag k="highway" v="living_street" /><tag k="oneway" v="no" /></way><way id="423" timestamp="2026-03-31T16:45:31Z" uid="1" user="OSMnx" version="1" changeset="1"><nd ref="11939203394" /><nd ref="11939203393" /><tag k="highway" v="living_street" /><tag k="oneway" v="no" /></way><way id="424" timestamp="2026-03-31T16:45:31Z" uid="1" user="OSMnx" version="1" changeset="1"><nd ref="11939203395" /><nd ref="11939203396" /><tag k="highway" v="living_street" /><tag k="oneway" v="no" /></way><way id="425" timestamp="2026-03-31T16:45:31Z" uid="1" user="OSMnx" version="1" changeset="1"><nd ref="11939203395" /><nd ref="11939203394" /><tag k="highway" v="living_street" /><tag k="oneway" v="no" /></way><way id="426" timestamp="2026-03-31T16:45:31Z" uid="1" user="OSMnx" version="1" changeset="1"><nd ref="11939203396" /><nd ref="11939203397" /><tag k="highway" v="living_street" /><tag k="oneway" v="no" /></way><way id="427" timestamp="2026-03-31T16:45:31Z" uid="1" user="OSMnx" version="1" changeset="1"><nd ref="11939203396" /><nd ref="11939203395" /><tag k="highway" v="living_street" /><tag k="oneway" v="no" /></way><way id="428" timestamp="2026-03-31T16:45:31Z" uid="1" user="OSMnx" version="1" changeset="1"><nd ref="11939203397" /><nd ref="10177785281" /><tag k="highway" v="secondary" /><tag k="name" v="体育路" /><tag k="oneway" v="yes" /></way><way id="429" timestamp="2026-03-31T16:45:31Z" uid="1" user="OSMnx" version="1" changeset="1"><nd ref="11939203397" /><nd ref="11939203396" /><tag k="highway" v="living_street" /><tag k="oneway" v="no" /></way><way id="430" timestamp="2026-03-31T16:45:31Z" uid="1" user="OSMnx" version="1" changeset="1"><nd ref="12113878148" /><nd ref="4193375758" /><tag k="highway" v="unclassified" /><tag k="name" v="广锋路" /><tag k="oneway" v="no" /></way><way id="431" timestamp="2026-03-31T16:45:31Z" uid="1" user="OSMnx" version="1" changeset="1"><nd ref="12113878148" /><nd ref="4193375775" /><tag k="highway" v="unclassified" /><tag k="name" v="广锋路" /><tag k="oneway" v="no" /></way><way id="432" timestamp="2026-03-31T16:45:31Z" uid="1" user="OSMnx" version="1" changeset="1"><nd ref="12113878148" /><nd ref="12113878149" /><tag k="highway" v="living_street" /><tag k="oneway" v="no" /></way><way id="433" timestamp="2026-03-31T16:45:31Z" uid="1" user="OSMnx" version="1" changeset="1"><nd ref="12113878149" /><nd ref="12113878148" /><tag k="highway" v="living_street" /><tag k="oneway" v="no" /></way><way id="434" timestamp="2026-03-31T16:45:31Z" uid="1" user="OSMnx" version="1" changeset="1"><nd ref="12113878150" /><nd ref="3450062792" /><tag k="highway" v="secondary" /><tag k="name" v="体育路" /><tag k="oneway" v="yes" /></way><way id="435" timestamp="2026-03-31T16:45:31Z" uid="1" user="OSMnx" version="1" changeset="1"><nd ref="12113878150" /><nd ref="12113878151" /><tag k="highway" v="unclassified" /><tag k="oneway" v="no" /></way><way id="436" timestamp="2026-03-31T16:45:31Z" uid="1" user="OSMnx" version="1" changeset="1"><nd ref="12113878151" /><nd ref="12113878150" /><tag k="highway" v="unclassified" /><tag k="oneway" v="no" /></way><way id="437" timestamp="2026-03-31T16:45:31Z" uid="1" user="OSMnx" version="1" changeset="1"><nd ref="12113878151" /><nd ref="4193374953" /><tag k="highway" v="unclassified" /><tag k="oneway" v="no" /></way><way id="438" timestamp="2026-03-31T16:45:31Z" uid="1" user="OSMnx" version="1" changeset="1"><nd ref="12113878151" /><nd ref="4193375775" /><tag k="highway" v="unclassified" /><tag k="oneway" v="no" /></way><way id="439" timestamp="2026-03-31T16:45:31Z" uid="1" user="OSMnx" version="1" changeset="1"><nd ref="12180397933" /><nd ref="9721412292" /><tag k="highway" v="tertiary" /><tag k="oneway" v="yes" /></way><way id="440" timestamp="2026-03-31T16:45:31Z" uid="1" user="OSMnx" version="1" changeset="1"><nd ref="12180397933" /><nd ref="12180397949" /><tag k="highway" v="service" /><tag k="oneway" v="no" /></way><way id="441" timestamp="2026-03-31T16:45:31Z" uid="1" user="OSMnx" version="1" changeset="1"><nd ref="12180397934" /><nd ref="12180397935" /><tag k="highway" v="service" /><tag k="oneway" v="no" /></way><way id="442" timestamp="2026-03-31T16:45:31Z" uid="1" user="OSMnx" version="1" changeset="1"><nd ref="12180397934" /><nd ref="12180433011" /><tag k="highway" v="service" /><tag k="oneway" v="no" /></way><way id="443" timestamp="2026-03-31T16:45:31Z" uid="1" user="OSMnx" version="1" changeset="1"><nd ref="12180397934" /><nd ref="12180433015" /><tag k="highway" v="service" /><tag k="oneway" v="no" /></way><way id="444" timestamp="2026-03-31T16:45:31Z" uid="1" user="OSMnx" version="1" changeset="1"><nd ref="12180397935" /><nd ref="12180397936" /><tag k="highway" v="service" /><tag k="oneway" v="no" /></way><way id="445" timestamp="2026-03-31T16:45:31Z" uid="1" user="OSMnx" version="1" changeset="1"><nd ref="12180397935" /><nd ref="12180397934" /><tag k="highway" v="service" /><tag k="oneway" v="no" /></way><way id="446" timestamp="2026-03-31T16:45:31Z" uid="1" user="OSMnx" version="1" changeset="1"><nd ref="12180397936" /><nd ref="12180397937" /><tag k="highway" v="service" /><tag k="oneway" v="no" /></way><way id="447" timestamp="2026-03-31T16:45:31Z" uid="1" user="OSMnx" version="1" changeset="1"><nd ref="12180397936" /><nd ref="12180397935" /><tag k="highway" v="service" /><tag k="oneway" v="no" /></way><way id="448" timestamp="2026-03-31T16:45:31Z" uid="1" user="OSMnx" version="1" changeset="1"><nd ref="12180397937" /><nd ref="12180397938" /><tag k="highway" v="service" /><tag k="oneway" v="no" /></way><way id="449" timestamp="2026-03-31T16:45:31Z" uid="1" user="OSMnx" version="1" changeset="1"><nd ref="12180397937" /><nd ref="12180397936" /><tag k="highway" v="service" /><tag k="oneway" v="no" /></way><way id="450" timestamp="2026-03-31T16:45:31Z" uid="1" user="OSMnx" version="1" changeset="1"><nd ref="12180397938" /><nd ref="12180397950" /><tag k="highway" v="service" /><tag k="oneway" v="no" /></way><way id="451" timestamp="2026-03-31T16:45:31Z" uid="1" user="OSMnx" version="1" changeset="1"><nd ref="12180397938" /><nd ref="12180397937" /><tag k="highway" v="service" /><tag k="oneway" v="no" /></way><way id="452" timestamp="2026-03-31T16:45:31Z" uid="1" user="OSMnx" version="1" changeset="1"><nd ref="12180397939" /><nd ref="12180397940" /><tag k="highway" v="service" /><tag k="oneway" v="no" /></way><way id="453" timestamp="2026-03-31T16:45:31Z" uid="1" user="OSMnx" version="1" changeset="1"><nd ref="12180397939" /><nd ref="12180397950" /><tag k="highway" v="service" /><tag k="oneway" v="no" /></way><way id="454" timestamp="2026-03-31T16:45:31Z" uid="1" user="OSMnx" version="1" changeset="1"><nd ref="12180397940" /><nd ref="12180397960" /><tag k="highway" v="service" /><tag k="oneway" v="no" /></way><way id="455" timestamp="2026-03-31T16:45:31Z" uid="1" user="OSMnx" version="1" changeset="1"><nd ref="12180397940" /><nd ref="12180397939" /><tag k="highway" v="service" /><tag k="oneway" v="no" /></way><way id="456" timestamp="2026-03-31T16:45:31Z" uid="1" user="OSMnx" version="1" changeset="1"><nd ref="12180397941" /><nd ref="12180397942" /><tag k="highway" v="service" /><tag k="oneway" v="no" /></way><way id="457" timestamp="2026-03-31T16:45:31Z" uid="1" user="OSMnx" version="1" changeset="1"><nd ref="12180397941" /><nd ref="12180397973" /><tag k="highway" v="service" /><tag k="oneway" v="no" /></way><way id="458" timestamp="2026-03-31T16:45:31Z" uid="1" user="OSMnx" version="1" changeset="1"><nd ref="12180397942" /><nd ref="12180433143" /><tag k="highway" v="service" /><tag k="oneway" v="no" /></way><way id="459" timestamp="2026-03-31T16:45:31Z" uid="1" user="OSMnx" version="1" changeset="1"><nd ref="12180397942" /><nd ref="12180397941" /><tag k="highway" v="service" /><tag k="oneway" v="no" /></way><way id="460" timestamp="2026-03-31T16:45:31Z" uid="1" user="OSMnx" version="1" changeset="1"><nd ref="12180397943" /><nd ref="12180397944" /><tag k="highway" v="service" /><tag k="oneway" v="no" /></way><way id="461" timestamp="2026-03-31T16:45:31Z" uid="1" user="OSMnx" version="1" changeset="1"><nd ref="12180397943" /><nd ref="12180433143" /><tag k="highway" v="service" /><tag k="oneway" v="no" /></way><way id="462" timestamp="2026-03-31T16:45:31Z" uid="1" user="OSMnx" version="1" changeset="1"><nd ref="12180397944" /><nd ref="12180397945" /><tag k="highway" v="service" /><tag k="oneway" v="no" /></way><way id="463" timestamp="2026-03-31T16:45:31Z" uid="1" user="OSMnx" version="1" changeset="1"><nd ref="12180397944" /><nd ref="12180397943" /><tag k="highway" v="service" /><tag k="oneway" v="no" /></way><way id="464" timestamp="2026-03-31T16:45:31Z" uid="1" user="OSMnx" version="1" changeset="1"><nd ref="12180397945" /><nd ref="12180397946" /><tag k="highway" v="service" /><tag k="oneway" v="no" /></way><way id="465" timestamp="2026-03-31T16:45:31Z" uid="1" user="OSMnx" version="1" changeset="1"><nd ref="12180397945" /><nd ref="12180397944" /><tag k="highway" v="service" /><tag k="oneway" v="no" /></way><way id="466" timestamp="2026-03-31T16:45:31Z" uid="1" user="OSMnx" version="1" changeset="1"><nd ref="12180397946" /><nd ref="12180397947" /><tag k="highway" v="service" /><tag k="oneway" v="no" /></way><way id="467" timestamp="2026-03-31T16:45:31Z" uid="1" user="OSMnx" version="1" changeset="1"><nd ref="12180397946" /><nd ref="12180397945" /><tag k="highway" v="service" /><tag k="oneway" v="no" /></way><way id="468" timestamp="2026-03-31T16:45:31Z" uid="1" user="OSMnx" version="1" changeset="1"><nd ref="12180397947" /><nd ref="12180397948" /><tag k="highway" v="service" /><tag k="oneway" v="no" /></way><way id="469" timestamp="2026-03-31T16:45:31Z" uid="1" user="OSMnx" version="1" changeset="1"><nd ref="12180397947" /><nd ref="12180397946" /><tag k="highway" v="service" /><tag k="oneway" v="no" /></way><way id="470" timestamp="2026-03-31T16:45:31Z" uid="1" user="OSMnx" version="1" changeset="1"><nd ref="12180397948" /><nd ref="12180397947" /><tag k="highway" v="service" /><tag k="oneway" v="no" /></way><way id="471" timestamp="2026-03-31T16:45:31Z" uid="1" user="OSMnx" version="1" changeset="1"><nd ref="12180397949" /><nd ref="9721412302" /><tag k="highway" v="tertiary" /><tag k="oneway" v="yes" /></way><way id="472" timestamp="2026-03-31T16:45:31Z" uid="1" user="OSMnx" version="1" changeset="1"><nd ref="12180397949" /><nd ref="12180433011" /><tag k="highway" v="service" /><tag k="oneway" v="no" /></way><way id="473" timestamp="2026-03-31T16:45:31Z" uid="1" user="OSMnx" version="1" changeset="1"><nd ref="12180397949" /><nd ref="12180397933" /><tag k="highway" v="service" /><tag k="oneway" v="no" /></way><way id="474" timestamp="2026-03-31T16:45:31Z" uid="1" user="OSMnx" version="1" changeset="1"><nd ref="12180397950" /><nd ref="12180397939" /><tag k="highway" v="service" /><tag k="oneway" v="no" /></way><way id="475" timestamp="2026-03-31T16:45:31Z" uid="1" user="OSMnx" version="1" changeset="1"><nd ref="12180397950" /><nd ref="12180397938" /><tag k="highway" v="service" /><tag k="oneway" v="no" /></way><way id="476" timestamp="2026-03-31T16:45:31Z" uid="1" user="OSMnx" version="1" changeset="1"><nd ref="12180397950" /><nd ref="12180397951" /><tag k="highway" v="service" /><tag k="oneway" v="no" /></way><way id="477" timestamp="2026-03-31T16:45:31Z" uid="1" user="OSMnx" version="1" changeset="1"><nd ref="12180397951" /><nd ref="12180397952" /><tag k="highway" v="service" /><tag k="oneway" v="no" /></way><way id="478" timestamp="2026-03-31T16:45:31Z" uid="1" user="OSMnx" version="1" changeset="1"><nd ref="12180397951" /><nd ref="12180397950" /><tag k="highway" v="service" /><tag k="oneway" v="no" /></way><way id="479" timestamp="2026-03-31T16:45:31Z" uid="1" user="OSMnx" version="1" changeset="1"><nd ref="12180397952" /><nd ref="12180397953" /><tag k="highway" v="service" /><tag k="oneway" v="no" /></way><way id="480" timestamp="2026-03-31T16:45:31Z" uid="1" user="OSMnx" version="1" changeset="1"><nd ref="12180397952" /><nd ref="12180397951" /><tag k="highway" v="service" /><tag k="oneway" v="no" /></way><way id="481" timestamp="2026-03-31T16:45:31Z" uid="1" user="OSMnx" version="1" changeset="1"><nd ref="12180397953" /><nd ref="12180397965" /><tag k="highway" v="service" /><tag k="oneway" v="no" /></way><way id="482" timestamp="2026-03-31T16:45:31Z" uid="1" user="OSMnx" version="1" changeset="1"><nd ref="12180397953" /><nd ref="12180397952" /><tag k="highway" v="service" /><tag k="oneway" v="no" /></way><way id="483" timestamp="2026-03-31T16:45:31Z" uid="1" user="OSMnx" version="1" changeset="1"><nd ref="12180397954" /><nd ref="12180397969" /><tag k="highway" v="service" /><tag k="oneway" v="no" /></way><way id="484" timestamp="2026-03-31T16:45:31Z" uid="1" user="OSMnx" version="1" changeset="1"><nd ref="12180397954" /><nd ref="12180397965" /><tag k="highway" v="service" /><tag k="oneway" v="no" /></way><way id="485" timestamp="2026-03-31T16:45:31Z" uid="1" user="OSMnx" version="1" changeset="1"><nd ref="12180397955" /><nd ref="12180397956" /><tag k="highway" v="service" /><tag k="oneway" v="no" /></way><way id="486" timestamp="2026-03-31T16:45:31Z" uid="1" user="OSMnx" version="1" changeset="1"><nd ref="12180397955" /><nd ref="12180397970" /><tag k="highway" v="service" /><tag k="oneway" v="no" /></way><way id="487" timestamp="2026-03-31T16:45:31Z" uid="1" user="OSMnx" version="1" changeset="1"><nd ref="12180397956" /><nd ref="12180397957" /><tag k="highway" v="service" /><tag k="oneway" v="no" /></way><way id="488" timestamp="2026-03-31T16:45:31Z" uid="1" user="OSMnx" version="1" changeset="1"><nd ref="12180397956" /><nd ref="12180397955" /><tag k="highway" v="service" /><tag k="oneway" v="no" /></way><way id="489" timestamp="2026-03-31T16:45:31Z" uid="1" user="OSMnx" version="1" changeset="1"><nd ref="12180397957" /><nd ref="12180397958" /><tag k="highway" v="service" /><tag k="oneway" v="no" /></way><way id="490" timestamp="2026-03-31T16:45:31Z" uid="1" user="OSMnx" version="1" changeset="1"><nd ref="12180397957" /><nd ref="12180397956" /><tag k="highway" v="service" /><tag k="oneway" v="no" /></way><way id="491" timestamp="2026-03-31T16:45:31Z" uid="1" user="OSMnx" version="1" changeset="1"><nd ref="12180397958" /><nd ref="12180397959" /><tag k="highway" v="service" /><tag k="oneway" v="no" /></way><way id="492" timestamp="2026-03-31T16:45:31Z" uid="1" user="OSMnx" version="1" changeset="1"><nd ref="12180397958" /><nd ref="12180397957" /><tag k="highway" v="service" /><tag k="oneway" v="no" /></way><way id="493" timestamp="2026-03-31T16:45:31Z" uid="1" user="OSMnx" version="1" changeset="1"><nd ref="12180397959" /><nd ref="12180397958" /><tag k="highway" v="service" /><tag k="oneway" v="no" /></way><way id="494" timestamp="2026-03-31T16:45:31Z" uid="1" user="OSMnx" version="1" changeset="1"><nd ref="12180397959" /><nd ref="12180397961" /><tag k="highway" v="service" /><tag k="oneway" v="no" /></way><way id="495" timestamp="2026-03-31T16:45:31Z" uid="1" user="OSMnx" version="1" changeset="1"><nd ref="12180397959" /><nd ref="12180397960" /><tag k="highway" v="service" /><tag k="oneway" v="no" /></way><way id="496" timestamp="2026-03-31T16:45:31Z" uid="1" user="OSMnx" version="1" changeset="1"><nd ref="12180397960" /><nd ref="12180397974" /><tag k="highway" v="service" /><tag k="oneway" v="no" /></way><way id="497" timestamp="2026-03-31T16:45:31Z" uid="1" user="OSMnx" version="1" changeset="1"><nd ref="12180397960" /><nd ref="12180397940" /><tag k="highway" v="service" /><tag k="oneway" v="no" /></way><way id="498" timestamp="2026-03-31T16:45:31Z" uid="1" user="OSMnx" version="1" changeset="1"><nd ref="12180397960" /><nd ref="12180397959" /><tag k="highway" v="service" /><tag k="oneway" v="no" /></way><way id="499" timestamp="2026-03-31T16:45:31Z" uid="1" user="OSMnx" version="1" changeset="1"><nd ref="12180397961" /><nd ref="12180397966" /><tag k="highway" v="service" /><tag k="oneway" v="no" /></way><way id="500" timestamp="2026-03-31T16:45:31Z" uid="1" user="OSMnx" version="1" changeset="1"><nd ref="12180397961" /><nd ref="12180397959" /><tag k="highway" v="service" /><tag k="oneway" v="no" /></way><way id="501" timestamp="2026-03-31T16:45:31Z" uid="1" user="OSMnx" version="1" changeset="1"><nd ref="12180397962" /><nd ref="12180397967" /><tag k="highway" v="service" /><tag k="oneway" v="no" /></way><way id="502" timestamp="2026-03-31T16:45:31Z" uid="1" user="OSMnx" version="1" changeset="1"><nd ref="12180397962" /><nd ref="12180397968" /><tag k="highway" v="service" /><tag k="oneway" v="no" /></way><way id="503" timestamp="2026-03-31T16:45:31Z" uid="1" user="OSMnx" version="1" changeset="1"><nd ref="12180397963" /><nd ref="12180397964" /><tag k="highway" v="service" /><tag k="oneway" v="no" /></way><way id="504" timestamp="2026-03-31T16:45:31Z" uid="1" user="OSMnx" version="1" changeset="1"><nd ref="12180397963" /><nd ref="12180397967" /><tag k="highway" v="service" /><tag k="oneway" v="no" /></way><way id="505" timestamp="2026-03-31T16:45:31Z" uid="1" user="OSMnx" version="1" changeset="1"><nd ref="12180397964" /><nd ref="12180397965" /><tag k="highway" v="service" /><tag k="oneway" v="no" /></way><way id="506" timestamp="2026-03-31T16:45:31Z" uid="1" user="OSMnx" version="1" changeset="1"><nd ref="12180397964" /><nd ref="12180397963" /><tag k="highway" v="service" /><tag k="oneway" v="no" /></way><way id="507" timestamp="2026-03-31T16:45:31Z" uid="1" user="OSMnx" version="1" changeset="1"><nd ref="12180397964" /><nd ref="12180397969" /><tag k="highway" v="service" /><tag k="oneway" v="no" /></way><way id="508" timestamp="2026-03-31T16:45:31Z" uid="1" user="OSMnx" version="1" changeset="1"><nd ref="12180397965" /><nd ref="12180397954" /><tag k="highway" v="service" /><tag k="oneway" v="no" /></way><way id="509" timestamp="2026-03-31T16:45:31Z" uid="1" user="OSMnx" version="1" changeset="1"><nd ref="12180397965" /><nd ref="12180397953" /><tag k="highway" v="service" /><tag k="oneway" v="no" /></way><way id="510" timestamp="2026-03-31T16:45:31Z" uid="1" user="OSMnx" version="1" changeset="1"><nd ref="12180397965" /><nd ref="12180397964" /><tag k="highway" v="service" /><tag k="oneway" v="no" /></way><way id="511" timestamp="2026-03-31T16:45:31Z" uid="1" user="OSMnx" version="1" changeset="1"><nd ref="12180397966" /><nd ref="12180397968" /><tag k="highway" v="service" /><tag k="oneway" v="no" /></way><way id="512" timestamp="2026-03-31T16:45:31Z" uid="1" user="OSMnx" version="1" changeset="1"><nd ref="12180397966" /><nd ref="12180397961" /><tag k="highway" v="service" /><tag k="oneway" v="no" /></way><way id="513" timestamp="2026-03-31T16:45:31Z" uid="1" user="OSMnx" version="1" changeset="1"><nd ref="12180397967" /><nd ref="12180397963" /><tag k="highway" v="service" /><tag k="oneway" v="no" /></way><way id="514" timestamp="2026-03-31T16:45:31Z" uid="1" user="OSMnx" version="1" changeset="1"><nd ref="12180397967" /><nd ref="12180397962" /><tag k="highway" v="service" /><tag k="oneway" v="no" /></way><way id="515" timestamp="2026-03-31T16:45:31Z" uid="1" user="OSMnx" version="1" changeset="1"><nd ref="12180397968" /><nd ref="12180397962" /><tag k="highway" v="service" /><tag k="oneway" v="no" /></way><way id="516" timestamp="2026-03-31T16:45:31Z" uid="1" user="OSMnx" version="1" changeset="1"><nd ref="12180397968" /><nd ref="12180397966" /><tag k="highway" v="service" /><tag k="oneway" v="no" /></way><way id="517" timestamp="2026-03-31T16:45:31Z" uid="1" user="OSMnx" version="1" changeset="1"><nd ref="12180397969" /><nd ref="12180397970" /><tag k="highway" v="service" /><tag k="oneway" v="no" /></way><way id="518" timestamp="2026-03-31T16:45:31Z" uid="1" user="OSMnx" version="1" changeset="1"><nd ref="12180397969" /><nd ref="12180397954" /><tag k="highway" v="service" /><tag k="oneway" v="no" /></way><way id="519" timestamp="2026-03-31T16:45:31Z" uid="1" user="OSMnx" version="1" changeset="1"><nd ref="12180397969" /><nd ref="12180397964" /><tag k="highway" v="service" /><tag k="oneway" v="no" /></way><way id="520" timestamp="2026-03-31T16:45:31Z" uid="1" user="OSMnx" version="1" changeset="1"><nd ref="12180397970" /><nd ref="12180397955" /><tag k="highway" v="service" /><tag k="oneway" v="no" /></way><way id="521" timestamp="2026-03-31T16:45:31Z" uid="1" user="OSMnx" version="1" changeset="1"><nd ref="12180397970" /><nd ref="12180397969" /><tag k="highway" v="service" /><tag k="oneway" v="no" /></way><way id="522" timestamp="2026-03-31T16:45:31Z" uid="1" user="OSMnx" version="1" changeset="1"><nd ref="12180397970" /><nd ref="12180397971" /><tag k="highway" v="service" /><tag k="oneway" v="no" /></way><way id="523" timestamp="2026-03-31T16:45:31Z" uid="1" user="OSMnx" version="1" changeset="1"><nd ref="12180397970" /><nd ref="12180397972" /><tag k="highway" v="service" /><tag k="oneway" v="no" /></way><way id="524" timestamp="2026-03-31T16:45:31Z" uid="1" user="OSMnx" version="1" changeset="1"><nd ref="12180397971" /><nd ref="12180397970" /><tag k="highway" v="service" /><tag k="oneway" v="no" /></way><way id="525" timestamp="2026-03-31T16:45:31Z" uid="1" user="OSMnx" version="1" changeset="1"><nd ref="12180397972" /><nd ref="12180397970" /><tag k="highway" v="service" /><tag k="oneway" v="no" /></way><way id="526" timestamp="2026-03-31T16:45:31Z" uid="1" user="OSMnx" version="1" changeset="1"><nd ref="12180397972" /><nd ref="12180397979" /><tag k="highway" v="service" /><tag k="oneway" v="no" /></way><way id="527" timestamp="2026-03-31T16:45:31Z" uid="1" user="OSMnx" version="1" changeset="1"><nd ref="12180397973" /><nd ref="12180397941" /><tag k="highway" v="service" /><tag k="oneway" v="no" /></way><way id="528" timestamp="2026-03-31T16:45:31Z" uid="1" user="OSMnx" version="1" changeset="1"><nd ref="12180397973" /><nd ref="12180397974" /><tag k="highway" v="service" /><tag k="oneway" v="no" /></way><way id="529" timestamp="2026-03-31T16:45:31Z" uid="1" user="OSMnx" version="1" changeset="1"><nd ref="12180397974" /><nd ref="12180397973" /><tag k="highway" v="service" /><tag k="oneway" v="no" /></way><way id="530" timestamp="2026-03-31T16:45:31Z" uid="1" user="OSMnx" version="1" changeset="1"><nd ref="12180397974" /><nd ref="12180397960" /><tag k="highway" v="service" /><tag k="oneway" v="no" /></way><way id="531" timestamp="2026-03-31T16:45:31Z" uid="1" user="OSMnx" version="1" changeset="1"><nd ref="12180397974" /><nd ref="12180397979" /><tag k="highway" v="service" /><tag k="oneway" v="yes" /></way><way id="532" timestamp="2026-03-31T16:45:31Z" uid="1" user="OSMnx" version="1" changeset="1"><nd ref="12180397975" /><nd ref="3464967383" /><tag k="highway" v="tertiary" /><tag k="name" v="元美东路" /><tag k="oneway" v="yes" /></way><way id="533" timestamp="2026-03-31T16:45:31Z" uid="1" user="OSMnx" version="1" changeset="1"><nd ref="12180397976" /><nd ref="3464967513" /><tag k="highway" v="tertiary" /><tag k="name" v="元美东路" /><tag k="oneway" v="yes" /></way><way id="534" timestamp="2026-03-31T16:45:31Z" uid="1" user="OSMnx" version="1" changeset="1"><nd ref="12180397977" /><nd ref="12180432996" /><tag k="highway" v="service" /><tag k="oneway" v="yes" /></way><way id="535" timestamp="2026-03-31T16:45:31Z" uid="1" user="OSMnx" version="1" changeset="1"><nd ref="12180397977" /><nd ref="12180397978" /><tag k="highway" v="service" /><tag k="oneway" v="no" /></way><way id="536" timestamp="2026-03-31T16:45:31Z" uid="1" user="OSMnx" version="1" changeset="1"><nd ref="12180397978" /><nd ref="12180397980" /><tag k="highway" v="service" /><tag k="oneway" v="yes" /></way><way id="537" timestamp="2026-03-31T16:45:31Z" uid="1" user="OSMnx" version="1" changeset="1"><nd ref="12180397978" /><nd ref="12180397977" /><tag k="highway" v="service" /><tag k="oneway" v="no" /></way><way id="538" timestamp="2026-03-31T16:45:31Z" uid="1" user="OSMnx" version="1" changeset="1"><nd ref="12180397979" /><nd ref="12180397972" /><tag k="highway" v="service" /><tag k="oneway" v="no" /></way><way id="539" timestamp="2026-03-31T16:45:31Z" uid="1" user="OSMnx" version="1" changeset="1"><nd ref="12180397979" /><nd ref="12180397977" /><tag k="highway" v="service" /><tag k="oneway" v="yes" /></way><way id="540" timestamp="2026-03-31T16:45:31Z" uid="1" user="OSMnx" version="1" changeset="1"><nd ref="12180397980" /><nd ref="12180397973" /><tag k="highway" v="service" /><tag k="oneway" v="yes" /></way><way id="541" timestamp="2026-03-31T16:45:31Z" uid="1" user="OSMnx" version="1" changeset="1"><nd ref="12180397980" /><nd ref="12180397985" /><tag k="highway" v="service" /><tag k="oneway" v="no" /></way><way id="542" timestamp="2026-03-31T16:45:31Z" uid="1" user="OSMnx" version="1" changeset="1"><nd ref="12180397981" /><nd ref="12180397982" /><tag k="highway" v="service" /><tag k="oneway" v="no" /></way><way id="543" timestamp="2026-03-31T16:45:31Z" uid="1" user="OSMnx" version="1" changeset="1"><nd ref="12180397981" /><nd ref="12180397985" /><tag k="highway" v="service" /><tag k="oneway" v="no" /></way><way id="544" timestamp="2026-03-31T16:45:31Z" uid="1" user="OSMnx" version="1" changeset="1"><nd ref="12180397982" /><nd ref="12180397983" /><tag k="highway" v="service" /><tag k="oneway" v="no" /></way><way id="545" timestamp="2026-03-31T16:45:31Z" uid="1" user="OSMnx" version="1" changeset="1"><nd ref="12180397982" /><nd ref="12180397981" /><tag k="highway" v="service" /><tag k="oneway" v="no" /></way><way id="546" timestamp="2026-03-31T16:45:31Z" uid="1" user="OSMnx" version="1" changeset="1"><nd ref="12180397983" /><nd ref="12180397984" /><tag k="highway" v="service" /><tag k="oneway" v="no" /></way><way id="547" timestamp="2026-03-31T16:45:31Z" uid="1" user="OSMnx" version="1" changeset="1"><nd ref="12180397983" /><nd ref="12180397982" /><tag k="highway" v="service" /><tag k="oneway" v="no" /></way><way id="548" timestamp="2026-03-31T16:45:31Z" uid="1" user="OSMnx" version="1" changeset="1"><nd ref="12180397984" /><nd ref="12180397985" /><tag k="highway" v="service" /><tag k="oneway" v="no" /></way><way id="549" timestamp="2026-03-31T16:45:31Z" uid="1" user="OSMnx" version="1" changeset="1"><nd ref="12180397984" /><nd ref="12180397983" /><tag k="highway" v="service" /><tag k="oneway" v="no" /></way><way id="550" timestamp="2026-03-31T16:45:31Z" uid="1" user="OSMnx" version="1" changeset="1"><nd ref="12180397985" /><nd ref="12180397981" /><tag k="highway" v="service" /><tag k="oneway" v="no" /></way><way id="551" timestamp="2026-03-31T16:45:31Z" uid="1" user="OSMnx" version="1" changeset="1"><nd ref="12180397985" /><nd ref="12180397980" /><tag k="highway" v="service" /><tag k="oneway" v="no" /></way><way id="552" timestamp="2026-03-31T16:45:31Z" uid="1" user="OSMnx" version="1" changeset="1"><nd ref="12180397985" /><nd ref="12180397984" /><tag k="highway" v="service" /><tag k="oneway" v="no" /></way><way id="553" timestamp="2026-03-31T16:45:31Z" uid="1" user="OSMnx" version="1" changeset="1"><nd ref="12180397987" /><nd ref="12180397988" /><tag k="highway" v="service" /><tag k="oneway" v="no" /></way><way id="554" timestamp="2026-03-31T16:45:31Z" uid="1" user="OSMnx" version="1" changeset="1"><nd ref="12180397988" /><nd ref="12180397987" /><tag k="highway" v="service" /><tag k="oneway" v="no" /></way><way id="555" timestamp="2026-03-31T16:45:31Z" uid="1" user="OSMnx" version="1" changeset="1"><nd ref="12180397988" /><nd ref="12180397993" /><tag k="highway" v="service" /><tag k="oneway" v="no" /></way><way id="556" timestamp="2026-03-31T16:45:31Z" uid="1" user="OSMnx" version="1" changeset="1"><nd ref="12180397989" /><nd ref="9721412304" /><tag k="highway" v="tertiary" /><tag k="oneway" v="yes" /></way><way id="557" timestamp="2026-03-31T16:45:31Z" uid="1" user="OSMnx" version="1" changeset="1"><nd ref="12180397989" /><nd ref="9721412303" /><tag k="highway" v="service" /><tag k="oneway" v="no" /></way><way id="558" timestamp="2026-03-31T16:45:31Z" uid="1" user="OSMnx" version="1" changeset="1"><nd ref="12180397990" /><nd ref="12180397991" /><tag k="highway" v="service" /><tag k="oneway" v="no" /></way><way id="559" timestamp="2026-03-31T16:45:31Z" uid="1" user="OSMnx" version="1" changeset="1"><nd ref="12180397990" /><nd ref="12180433012" /><tag k="highway" v="service" /><tag k="oneway" v="no" /></way><way id="560" timestamp="2026-03-31T16:45:31Z" uid="1" user="OSMnx" version="1" changeset="1"><nd ref="12180397991" /><nd ref="12180397990" /><tag k="highway" v="service" /><tag k="oneway" v="no" /></way><way id="561" timestamp="2026-03-31T16:45:31Z" uid="1" user="OSMnx" version="1" changeset="1"><nd ref="12180397991" /><nd ref="12180397992" /><tag k="highway" v="service" /><tag k="oneway" v="no" /></way><way id="562" timestamp="2026-03-31T16:45:31Z" uid="1" user="OSMnx" version="1" changeset="1"><nd ref="12180397991" /><nd ref="12180433015" /><tag k="highway" v="service" /><tag k="oneway" v="no" /></way><way id="563" timestamp="2026-03-31T16:45:31Z" uid="1" user="OSMnx" version="1" changeset="1"><nd ref="12180397992" /><nd ref="12180397993" /><tag k="highway" v="service" /><tag k="oneway" v="no" /></way><way id="564" timestamp="2026-03-31T16:45:31Z" uid="1" user="OSMnx" version="1" changeset="1"><nd ref="12180397992" /><nd ref="12180397991" /><tag k="highway" v="service" /><tag k="oneway" v="no" /></way><way id="565" timestamp="2026-03-31T16:45:31Z" uid="1" user="OSMnx" version="1" changeset="1"><nd ref="12180397993" /><nd ref="12180397988" /><tag k="highway" v="service" /><tag k="oneway" v="no" /></way><way id="566" timestamp="2026-03-31T16:45:31Z" uid="1" user="OSMnx" version="1" changeset="1"><nd ref="12180397993" /><nd ref="12180397992" /><tag k="highway" v="service" /><tag k="oneway" v="no" /></way><way id="567" timestamp="2026-03-31T16:45:31Z" uid="1" user="OSMnx" version="1" changeset="1"><nd ref="12180432930" /><nd ref="12180433014" /><tag k="highway" v="footway" /><tag k="oneway" v="no" /></way><way id="568" timestamp="2026-03-31T16:45:31Z" uid="1" user="OSMnx" version="1" changeset="1"><nd ref="12180432930" /><nd ref="12180432937" /><tag k="highway" v="footway" /><tag k="oneway" v="no" /></way><way id="569" timestamp="2026-03-31T16:45:31Z" uid="1" user="OSMnx" version="1" changeset="1"><nd ref="12180432931" /><nd ref="12180432932" /><tag k="highway" v="footway" /><tag k="oneway" v="no" /></way><way id="570" timestamp="2026-03-31T16:45:31Z" uid="1" user="OSMnx" version="1" changeset="1"><nd ref="12180432931" /><nd ref="12180433014" /><tag k="highway" v="footway" /><tag k="oneway" v="no" /></way><way id="571" timestamp="2026-03-31T16:45:31Z" uid="1" user="OSMnx" version="1" changeset="1"><nd ref="12180432932" /><nd ref="12180432933" /><tag k="highway" v="footway" /><tag k="oneway" v="no" /></way><way id="572" timestamp="2026-03-31T16:45:31Z" uid="1" user="OSMnx" version="1" changeset="1"><nd ref="12180432932" /><nd ref="12180432931" /><tag k="highway" v="footway" /><tag k="oneway" v="no" /></way><way id="573" timestamp="2026-03-31T16:45:31Z" uid="1" user="OSMnx" version="1" changeset="1"><nd ref="12180432933" /><nd ref="12180432936" /><tag k="highway" v="footway" /><tag k="oneway" v="no" /></way><way id="574" timestamp="2026-03-31T16:45:31Z" uid="1" user="OSMnx" version="1" changeset="1"><nd ref="12180432933" /><nd ref="12180432932" /><tag k="highway" v="footway" /><tag k="oneway" v="no" /></way><way id="575" timestamp="2026-03-31T16:45:31Z" uid="1" user="OSMnx" version="1" changeset="1"><nd ref="12180432934" /><nd ref="12180432936" /><tag k="highway" v="footway" /><tag k="oneway" v="no" /></way><way id="576" timestamp="2026-03-31T16:45:31Z" uid="1" user="OSMnx" version="1" changeset="1"><nd ref="12180432936" /><nd ref="12180432934" /><tag k="highway" v="footway" /><tag k="oneway" v="no" /></way><way id="577" timestamp="2026-03-31T16:45:31Z" uid="1" user="OSMnx" version="1" changeset="1"><nd ref="12180432936" /><nd ref="12180432933" /><tag k="highway" v="footway" /><tag k="oneway" v="no" /></way><way id="578" timestamp="2026-03-31T16:45:31Z" uid="1" user="OSMnx" version="1" changeset="1"><nd ref="12180432937" /><nd ref="12180432930" /><tag k="highway" v="footway" /><tag k="oneway" v="no" /></way><way id="579" timestamp="2026-03-31T16:45:31Z" uid="1" user="OSMnx" version="1" changeset="1"><nd ref="12180432937" /><nd ref="12180432938" /><tag k="highway" v="footway" /><tag k="oneway" v="no" /></way><way id="580" timestamp="2026-03-31T16:45:31Z" uid="1" user="OSMnx" version="1" changeset="1"><nd ref="12180432938" /><nd ref="12180432937" /><tag k="highway" v="footway" /><tag k="oneway" v="no" /></way><way id="581" timestamp="2026-03-31T16:45:31Z" uid="1" user="OSMnx" version="1" changeset="1"><nd ref="12180432938" /><nd ref="12180432939" /><tag k="highway" v="footway" /><tag k="oneway" v="no" /></way><way id="582" timestamp="2026-03-31T16:45:31Z" uid="1" user="OSMnx" version="1" changeset="1"><nd ref="12180432939" /><nd ref="12180432938" /><tag k="highway" v="footway" /><tag k="oneway" v="no" /></way><way id="583" timestamp="2026-03-31T16:45:31Z" uid="1" user="OSMnx" version="1" changeset="1"><nd ref="12180432939" /><nd ref="12180432947" /><tag k="highway" v="footway" /><tag k="oneway" v="no" /></way><way id="584" timestamp="2026-03-31T16:45:31Z" uid="1" user="OSMnx" version="1" changeset="1"><nd ref="12180432940" /><nd ref="12180432947" /><tag k="highway" v="footway" /><tag k="oneway" v="no" /></way><way id="585" timestamp="2026-03-31T16:45:31Z" uid="1" user="OSMnx" version="1" changeset="1"><nd ref="12180432940" /><nd ref="12180432941" /><tag k="highway" v="footway" /><tag k="oneway" v="no" /></way><way id="586" timestamp="2026-03-31T16:45:31Z" uid="1" user="OSMnx" version="1" changeset="1"><nd ref="12180432941" /><nd ref="12180432940" /><tag k="highway" v="footway" /><tag k="oneway" v="no" /></way><way id="587" timestamp="2026-03-31T16:45:31Z" uid="1" user="OSMnx" version="1" changeset="1"><nd ref="12180432941" /><nd ref="12180432942" /><tag k="highway" v="footway" /><tag k="oneway" v="no" /></way><way id="588" timestamp="2026-03-31T16:45:31Z" uid="1" user="OSMnx" version="1" changeset="1"><nd ref="12180432942" /><nd ref="12180432941" /><tag k="highway" v="footway" /><tag k="oneway" v="no" /></way><way id="589" timestamp="2026-03-31T16:45:31Z" uid="1" user="OSMnx" version="1" changeset="1"><nd ref="12180432942" /><nd ref="12180432943" /><tag k="highway" v="footway" /><tag k="oneway" v="no" /></way><way id="590" timestamp="2026-03-31T16:45:31Z" uid="1" user="OSMnx" version="1" changeset="1"><nd ref="12180432943" /><nd ref="12180432942" /><tag k="highway" v="footway" /><tag k="oneway" v="no" /></way><way id="591" timestamp="2026-03-31T16:45:31Z" uid="1" user="OSMnx" version="1" changeset="1"><nd ref="12180432947" /><nd ref="12180432939" /><tag k="highway" v="footway" /><tag k="oneway" v="no" /></way><way id="592" timestamp="2026-03-31T16:45:31Z" uid="1" user="OSMnx" version="1" changeset="1"><nd ref="12180432947" /><nd ref="12180432940" /><tag k="highway" v="footway" /><tag k="oneway" v="no" /></way><way id="593" timestamp="2026-03-31T16:45:31Z" uid="1" user="OSMnx" version="1" changeset="1"><nd ref="12180432947" /><nd ref="12180432949" /><tag k="highway" v="footway" /><tag k="oneway" v="no" /></way><way id="594" timestamp="2026-03-31T16:45:31Z" uid="1" user="OSMnx" version="1" changeset="1"><nd ref="12180432947" /><nd ref="12180433143" /><tag k="highway" v="footway" /><tag k="oneway" v="no" /></way><way id="595" timestamp="2026-03-31T16:45:31Z" uid="1" user="OSMnx" version="1" changeset="1"><nd ref="12180432949" /><nd ref="12180432978" /><tag k="highway" v="footway" /><tag k="oneway" v="no" /></way><way id="596" timestamp="2026-03-31T16:45:31Z" uid="1" user="OSMnx" version="1" changeset="1"><nd ref="12180432949" /><nd ref="12180432947" /><tag k="highway" v="footway" /><tag k="oneway" v="no" /></way><way id="597" timestamp="2026-03-31T16:45:31Z" uid="1" user="OSMnx" version="1" changeset="1"><nd ref="12180432949" /><nd ref="12180432956" /><tag k="highway" v="footway" /><tag k="oneway" v="no" /></way><way id="598" timestamp="2026-03-31T16:45:31Z" uid="1" user="OSMnx" version="1" changeset="1"><nd ref="12180432956" /><nd ref="12180433016" /><tag k="highway" v="footway" /><tag k="oneway" v="no" /></way><way id="599" timestamp="2026-03-31T16:45:31Z" uid="1" user="OSMnx" version="1" changeset="1"><nd ref="12180432956" /><nd ref="12180432949" /><tag k="highway" v="footway" /><tag k="oneway" v="no" /></way><way id="600" timestamp="2026-03-31T16:45:31Z" uid="1" user="OSMnx" version="1" changeset="1"><nd ref="12180432978" /><nd ref="12180432949" /><tag k="highway" v="footway" /><tag k="oneway" v="no" /></way><way id="601" timestamp="2026-03-31T16:45:31Z" uid="1" user="OSMnx" version="1" changeset="1"><nd ref="12180432988" /><nd ref="12180432989" /><tag k="highway" v="footway" /><tag k="oneway" v="no" /></way><way id="602" timestamp="2026-03-31T16:45:31Z" uid="1" user="OSMnx" version="1" changeset="1"><nd ref="12180432989" /><nd ref="12180432990" /><tag k="highway" v="footway" /><tag k="oneway" v="no" /></way><way id="603" timestamp="2026-03-31T16:45:31Z" uid="1" user="OSMnx" version="1" changeset="1"><nd ref="12180432989" /><nd ref="12180432988" /><tag k="highway" v="footway" /><tag k="oneway" v="no" /></way><way id="604" timestamp="2026-03-31T16:45:31Z" uid="1" user="OSMnx" version="1" changeset="1"><nd ref="12180432990" /><nd ref="12180433143" /><tag k="highway" v="footway" /><tag k="oneway" v="no" /></way><way id="605" timestamp="2026-03-31T16:45:31Z" uid="1" user="OSMnx" version="1" changeset="1"><nd ref="12180432990" /><nd ref="12180432991" /><tag k="highway" v="footway" /><tag k="oneway" v="no" /></way><way id="606" timestamp="2026-03-31T16:45:31Z" uid="1" user="OSMnx" version="1" changeset="1"><nd ref="12180432990" /><nd ref="12180432989" /><tag k="highway" v="footway" /><tag k="oneway" v="no" /></way><way id="607" timestamp="2026-03-31T16:45:31Z" uid="1" user="OSMnx" version="1" changeset="1"><nd ref="12180432991" /><nd ref="12180432992" /><tag k="highway" v="footway" /><tag k="oneway" v="no" /></way><way id="608" timestamp="2026-03-31T16:45:31Z" uid="1" user="OSMnx" version="1" changeset="1"><nd ref="12180432991" /><nd ref="12180432990" /><tag k="highway" v="footway" /><tag k="oneway" v="no" /></way><way id="609" timestamp="2026-03-31T16:45:31Z" uid="1" user="OSMnx" version="1" changeset="1"><nd ref="12180432992" /><nd ref="12180432995" /><tag k="highway" v="footway" /><tag k="oneway" v="no" /></way><way id="610" timestamp="2026-03-31T16:45:31Z" uid="1" user="OSMnx" version="1" changeset="1"><nd ref="12180432992" /><nd ref="12180432991" /><tag k="highway" v="footway" /><tag k="oneway" v="no" /></way><way id="611" timestamp="2026-03-31T16:45:31Z" uid="1" user="OSMnx" version="1" changeset="1"><nd ref="12180432993" /><nd ref="12180432994" /><tag k="highway" v="footway" /><tag k="oneway" v="no" /></way><way id="612" timestamp="2026-03-31T16:45:31Z" uid="1" user="OSMnx" version="1" changeset="1"><nd ref="12180432993" /><nd ref="12180432996" /><tag k="highway" v="footway" /><tag k="oneway" v="no" /></way><way id="613" timestamp="2026-03-31T16:45:31Z" uid="1" user="OSMnx" version="1" changeset="1"><nd ref="12180432994" /><nd ref="12180432993" /><tag k="highway" v="footway" /><tag k="oneway" v="no" /></way><way id="614" timestamp="2026-03-31T16:45:31Z" uid="1" user="OSMnx" version="1" changeset="1"><nd ref="12180432995" /><nd ref="12180397978" /><tag k="highway" v="service" /><tag k="oneway" v="yes" /></way><way id="615" timestamp="2026-03-31T16:45:31Z" uid="1" user="OSMnx" version="1" changeset="1"><nd ref="12180432995" /><nd ref="12180432996" /><tag k="highway" v="footway" /><tag k="oneway" v="no" /></way><way id="616" timestamp="2026-03-31T16:45:31Z" uid="1" user="OSMnx" version="1" changeset="1"><nd ref="12180432995" /><nd ref="12180432992" /><tag k="highway" v="footway" /><tag k="oneway" v="no" /></way><way id="617" timestamp="2026-03-31T16:45:31Z" uid="1" user="OSMnx" version="1" changeset="1"><nd ref="12180432996" /><nd ref="12180397975" /><tag k="highway" v="service" /><tag k="oneway" v="yes" /></way><way id="618" timestamp="2026-03-31T16:45:31Z" uid="1" user="OSMnx" version="1" changeset="1"><nd ref="12180432996" /><nd ref="12180432993" /><tag k="highway" v="footway" /><tag k="oneway" v="no" /></way><way id="619" timestamp="2026-03-31T16:45:31Z" uid="1" user="OSMnx" version="1" changeset="1"><nd ref="12180432996" /><nd ref="12180432995" /><tag k="highway" v="footway" /><tag k="oneway" v="no" /></way><way id="620" timestamp="2026-03-31T16:45:31Z" uid="1" user="OSMnx" version="1" changeset="1"><nd ref="12180433003" /><nd ref="12180433004" /><tag k="highway" v="footway" /><tag k="oneway" v="no" /></way><way id="621" timestamp="2026-03-31T16:45:31Z" uid="1" user="OSMnx" version="1" changeset="1"><nd ref="12180433004" /><nd ref="12180433003" /><tag k="highway" v="footway" /><tag k="oneway" v="no" /></way><way id="622" timestamp="2026-03-31T16:45:31Z" uid="1" user="OSMnx" version="1" changeset="1"><nd ref="12180433004" /><nd ref="12180433005" /><tag k="highway" v="footway" /><tag k="oneway" v="no" /></way><way id="623" timestamp="2026-03-31T16:45:31Z" uid="1" user="OSMnx" version="1" changeset="1"><nd ref="12180433005" /><nd ref="12180433004" /><tag k="highway" v="footway" /><tag k="oneway" v="no" /></way><way id="624" timestamp="2026-03-31T16:45:31Z" uid="1" user="OSMnx" version="1" changeset="1"><nd ref="12180433005" /><nd ref="12180433006" /><tag k="highway" v="footway" /><tag k="oneway" v="no" /></way><way id="625" timestamp="2026-03-31T16:45:31Z" uid="1" user="OSMnx" version="1" changeset="1"><nd ref="12180433006" /><nd ref="12180433005" /><tag k="highway" v="footway" /><tag k="oneway" v="no" /></way><way id="626" timestamp="2026-03-31T16:45:31Z" uid="1" user="OSMnx" version="1" changeset="1"><nd ref="12180433006" /><nd ref="12180433007" /><tag k="highway" v="footway" /><tag k="oneway" v="no" /></way><way id="627" timestamp="2026-03-31T16:45:31Z" uid="1" user="OSMnx" version="1" changeset="1"><nd ref="12180433007" /><nd ref="12180433006" /><tag k="highway" v="footway" /><tag k="oneway" v="no" /></way><way id="628" timestamp="2026-03-31T16:45:31Z" uid="1" user="OSMnx" version="1" changeset="1"><nd ref="12180433007" /><nd ref="12180433008" /><tag k="highway" v="footway" /><tag k="oneway" v="no" /></way><way id="629" timestamp="2026-03-31T16:45:31Z" uid="1" user="OSMnx" version="1" changeset="1"><nd ref="12180433008" /><nd ref="12180433007" /><tag k="highway" v="footway" /><tag k="oneway" v="no" /></way><way id="630" timestamp="2026-03-31T16:45:31Z" uid="1" user="OSMnx" version="1" changeset="1"><nd ref="12180433008" /><nd ref="12180433009" /><tag k="highway" v="footway" /><tag k="oneway" v="no" /></way><way id="631" timestamp="2026-03-31T16:45:31Z" uid="1" user="OSMnx" version="1" changeset="1"><nd ref="12180433009" /><nd ref="12180433008" /><tag k="highway" v="footway" /><tag k="oneway" v="no" /></way><way id="632" timestamp="2026-03-31T16:45:31Z" uid="1" user="OSMnx" version="1" changeset="1"><nd ref="12180433009" /><nd ref="12180433012" /><tag k="highway" v="footway" /><tag k="oneway" v="no" /></way><way id="633" timestamp="2026-03-31T16:45:31Z" uid="1" user="OSMnx" version="1" changeset="1"><nd ref="12180433010" /><nd ref="12180433012" /><tag k="highway" v="footway" /><tag k="oneway" v="no" /></way><way id="634" timestamp="2026-03-31T16:45:31Z" uid="1" user="OSMnx" version="1" changeset="1"><nd ref="12180433010" /><nd ref="12180433013" /><tag k="highway" v="footway" /><tag k="oneway" v="no" /></way><way id="635" timestamp="2026-03-31T16:45:31Z" uid="1" user="OSMnx" version="1" changeset="1"><nd ref="12180433011" /><nd ref="12180397934" /><tag k="highway" v="service" /><tag k="oneway" v="no" /></way><way id="636" timestamp="2026-03-31T16:45:31Z" uid="1" user="OSMnx" version="1" changeset="1"><nd ref="12180433011" /><nd ref="12180397949" /><tag k="highway" v="service" /><tag k="oneway" v="no" /></way><way id="637" timestamp="2026-03-31T16:45:31Z" uid="1" user="OSMnx" version="1" changeset="1"><nd ref="12180433011" /><nd ref="12180433013" /><tag k="highway" v="footway" /><tag k="oneway" v="no" /></way><way id="638" timestamp="2026-03-31T16:45:31Z" uid="1" user="OSMnx" version="1" changeset="1"><nd ref="12180433012" /><nd ref="12180397990" /><tag k="highway" v="service" /><tag k="oneway" v="no" /></way><way id="639" timestamp="2026-03-31T16:45:31Z" uid="1" user="OSMnx" version="1" changeset="1"><nd ref="12180433012" /><nd ref="9721412303" /><tag k="highway" v="service" /><tag k="oneway" v="no" /></way><way id="640" timestamp="2026-03-31T16:45:31Z" uid="1" user="OSMnx" version="1" changeset="1"><nd ref="12180433012" /><nd ref="12180433009" /><tag k="highway" v="footway" /><tag k="oneway" v="no" /></way><way id="641" timestamp="2026-03-31T16:45:31Z" uid="1" user="OSMnx" version="1" changeset="1"><nd ref="12180433012" /><nd ref="12180433010" /><tag k="highway" v="footway" /><tag k="oneway" v="no" /></way><way id="642" timestamp="2026-03-31T16:45:31Z" uid="1" user="OSMnx" version="1" changeset="1"><nd ref="12180433013" /><nd ref="12180433010" /><tag k="highway" v="footway" /><tag k="oneway" v="no" /></way><way id="643" timestamp="2026-03-31T16:45:31Z" uid="1" user="OSMnx" version="1" changeset="1"><nd ref="12180433013" /><nd ref="12180433011" /><tag k="highway" v="footway" /><tag k="oneway" v="no" /></way><way id="644" timestamp="2026-03-31T16:45:31Z" uid="1" user="OSMnx" version="1" changeset="1"><nd ref="12180433013" /><nd ref="12180433015" /><tag k="highway" v="footway" /><tag k="oneway" v="no" /></way><way id="645" timestamp="2026-03-31T16:45:31Z" uid="1" user="OSMnx" version="1" changeset="1"><nd ref="12180433014" /><nd ref="12180432931" /><tag k="highway" v="footway" /><tag k="oneway" v="no" /></way><way id="646" timestamp="2026-03-31T16:45:31Z" uid="1" user="OSMnx" version="1" changeset="1"><nd ref="12180433014" /><nd ref="12180432930" /><tag k="highway" v="footway" /><tag k="oneway" v="no" /></way><way id="647" timestamp="2026-03-31T16:45:31Z" uid="1" user="OSMnx" version="1" changeset="1"><nd ref="12180433014" /><nd ref="12180433015" /><tag k="highway" v="footway" /><tag k="oneway" v="no" /></way><way id="648" timestamp="2026-03-31T16:45:31Z" uid="1" user="OSMnx" version="1" changeset="1"><nd ref="12180433015" /><nd ref="12180397991" /><tag k="highway" v="service" /><tag k="oneway" v="no" /></way><way id="649" timestamp="2026-03-31T16:45:31Z" uid="1" user="OSMnx" version="1" changeset="1"><nd ref="12180433015" /><nd ref="12180397934" /><tag k="highway" v="service" /><tag k="oneway" v="no" /></way><way id="650" timestamp="2026-03-31T16:45:31Z" uid="1" user="OSMnx" version="1" changeset="1"><nd ref="12180433015" /><nd ref="12180433014" /><tag k="highway" v="footway" /><tag k="oneway" v="no" /></way><way id="651" timestamp="2026-03-31T16:45:31Z" uid="1" user="OSMnx" version="1" changeset="1"><nd ref="12180433015" /><nd ref="12180433013" /><tag k="highway" v="footway" /><tag k="oneway" v="no" /></way><way id="652" timestamp="2026-03-31T16:45:31Z" uid="1" user="OSMnx" version="1" changeset="1"><nd ref="12180433016" /><nd ref="12180432956" /><tag k="highway" v="footway" /><tag k="oneway" v="no" /></way><way id="653" timestamp="2026-03-31T16:45:31Z" uid="1" user="OSMnx" version="1" changeset="1"><nd ref="12180433016" /><nd ref="12180433025" /><tag k="highway" v="footway" /><tag k="oneway" v="no" /></way><way id="654" timestamp="2026-03-31T16:45:31Z" uid="1" user="OSMnx" version="1" changeset="1"><nd ref="12180433025" /><nd ref="12180433016" /><tag k="highway" v="footway" /><tag k="oneway" v="no" /></way><way id="655" timestamp="2026-03-31T16:45:31Z" uid="1" user="OSMnx" version="1" changeset="1"><nd ref="12180433143" /><nd ref="12180397943" /><tag k="highway" v="service" /><tag k="oneway" v="no" /></way><way id="656" timestamp="2026-03-31T16:45:31Z" uid="1" user="OSMnx" version="1" changeset="1"><nd ref="12180433143" /><nd ref="12180397942" /><tag k="highway" v="service" /><tag k="oneway" v="no" /></way><way id="657" timestamp="2026-03-31T16:45:31Z" uid="1" user="OSMnx" version="1" changeset="1"><nd ref="12180433143" /><nd ref="12180432947" /><tag k="highway" v="footway" /><tag k="oneway" v="no" /></way><way id="658" timestamp="2026-03-31T16:45:31Z" uid="1" user="OSMnx" version="1" changeset="1"><nd ref="12180433143" /><nd ref="12180432990" /><tag k="highway" v="footway" /><tag k="oneway" v="no" /></way><way id="659" timestamp="2026-03-31T16:45:31Z" uid="1" user="OSMnx" version="1" changeset="1"><nd ref="12180433144" /><nd ref="12180433165" /><tag k="highway" v="footway" /><tag k="oneway" v="no" /></way><way id="660" timestamp="2026-03-31T16:45:31Z" uid="1" user="OSMnx" version="1" changeset="1"><nd ref="12180433144" /><nd ref="12180433400" /><tag k="highway" v="footway" /><tag k="oneway" v="no" /></way><way id="661" timestamp="2026-03-31T16:45:31Z" uid="1" user="OSMnx" version="1" changeset="1"><nd ref="12180433145" /><nd ref="12180433347" /><tag k="highway" v="footway" /><tag k="oneway" v="no" /></way><way id="662" timestamp="2026-03-31T16:45:31Z" uid="1" user="OSMnx" version="1" changeset="1"><nd ref="12180433145" /><nd ref="12180433154" /><tag k="highway" v="footway" /><tag k="oneway" v="no" /></way><way id="663" timestamp="2026-03-31T16:45:31Z" uid="1" user="OSMnx" version="1" changeset="1"><nd ref="12180433145" /><nd ref="12180433163" /><tag k="highway" v="footway" /><tag k="oneway" v="no" /></way><way id="664" timestamp="2026-03-31T16:45:31Z" uid="1" user="OSMnx" version="1" changeset="1"><nd ref="12180433146" /><nd ref="12180433370" /><tag k="highway" v="footway" /><tag k="oneway" v="no" /></way><way id="665" timestamp="2026-03-31T16:45:31Z" uid="1" user="OSMnx" version="1" changeset="1"><nd ref="12180433146" /><nd ref="12180433154" /><tag k="highway" v="footway" /><tag k="oneway" v="no" /></way><way id="666" timestamp="2026-03-31T16:45:31Z" uid="1" user="OSMnx" version="1" changeset="1"><nd ref="12180433147" /><nd ref="12180433371" /><tag k="highway" v="footway" /><tag k="oneway" v="no" /></way><way id="667" timestamp="2026-03-31T16:45:31Z" uid="1" user="OSMnx" version="1" changeset="1"><nd ref="12180433147" /><nd ref="12180433370" /><tag k="highway" v="footway" /><tag k="oneway" v="no" /></way><way id="668" timestamp="2026-03-31T16:45:31Z" uid="1" user="OSMnx" version="1" changeset="1"><nd ref="12180433148" /><nd ref="12180433372" /><tag k="highway" v="footway" /><tag k="oneway" v="no" /></way><way id="669" timestamp="2026-03-31T16:45:31Z" uid="1" user="OSMnx" version="1" changeset="1"><nd ref="12180433148" /><nd ref="12180433371" /><tag k="highway" v="footway" /><tag k="oneway" v="no" /></way><way id="670" timestamp="2026-03-31T16:45:31Z" uid="1" user="OSMnx" version="1" changeset="1"><nd ref="12180433148" /><nd ref="12180433336" /><tag k="highway" v="footway" /><tag k="oneway" v="no" /></way><way id="671" timestamp="2026-03-31T16:45:31Z" uid="1" user="OSMnx" version="1" changeset="1"><nd ref="12180433149" /><nd ref="12180433150" /><tag k="highway" v="footway" /><tag k="oneway" v="no" /></way><way id="672" timestamp="2026-03-31T16:45:31Z" uid="1" user="OSMnx" version="1" changeset="1"><nd ref="12180433149" /><nd ref="12180433158" /><tag k="highway" v="footway" /><tag k="oneway" v="no" /></way><way id="673" timestamp="2026-03-31T16:45:31Z" uid="1" user="OSMnx" version="1" changeset="1"><nd ref="12180433149" /><nd ref="12180433307" /><tag k="highway" v="footway" /><tag k="oneway" v="no" /></way><way id="674" timestamp="2026-03-31T16:45:31Z" uid="1" user="OSMnx" version="1" changeset="1"><nd ref="12180433150" /><nd ref="12180433151" /><tag k="highway" v="footway" /><tag k="oneway" v="no" /></way><way id="675" timestamp="2026-03-31T16:45:31Z" uid="1" user="OSMnx" version="1" changeset="1"><nd ref="12180433150" /><nd ref="12180433149" /><tag k="highway" v="footway" /><tag k="oneway" v="no" /></way><way id="676" timestamp="2026-03-31T16:45:31Z" uid="1" user="OSMnx" version="1" changeset="1"><nd ref="12180433151" /><nd ref="12180433152" /><tag k="highway" v="footway" /><tag k="oneway" v="no" /></way><way id="677" timestamp="2026-03-31T16:45:31Z" uid="1" user="OSMnx" version="1" changeset="1"><nd ref="12180433151" /><nd ref="12180433150" /><tag k="highway" v="footway" /><tag k="oneway" v="no" /></way><way id="678" timestamp="2026-03-31T16:45:31Z" uid="1" user="OSMnx" version="1" changeset="1"><nd ref="12180433152" /><nd ref="12180433153" /><tag k="highway" v="footway" /><tag k="oneway" v="no" /></way><way id="679" timestamp="2026-03-31T16:45:31Z" uid="1" user="OSMnx" version="1" changeset="1"><nd ref="12180433152" /><nd ref="12180433151" /><tag k="highway" v="footway" /><tag k="oneway" v="no" /></way><way id="680" timestamp="2026-03-31T16:45:31Z" uid="1" user="OSMnx" version="1" changeset="1"><nd ref="12180433153" /><nd ref="12180433256" /><tag k="highway" v="footway" /><tag k="oneway" v="no" /></way><way id="681" timestamp="2026-03-31T16:45:31Z" uid="1" user="OSMnx" version="1" changeset="1"><nd ref="12180433153" /><nd ref="12180433152" /><tag k="highway" v="footway" /><tag k="oneway" v="no" /></way><way id="682" timestamp="2026-03-31T16:45:31Z" uid="1" user="OSMnx" version="1" changeset="1"><nd ref="12180433154" /><nd ref="12180433146" /><tag k="highway" v="footway" /><tag k="oneway" v="no" /></way><way id="683" timestamp="2026-03-31T16:45:31Z" uid="1" user="OSMnx" version="1" changeset="1"><nd ref="12180433154" /><nd ref="12180433145" /><tag k="highway" v="footway" /><tag k="oneway" v="no" /></way><way id="684" timestamp="2026-03-31T16:45:31Z" uid="1" user="OSMnx" version="1" changeset="1"><nd ref="12180433155" /><nd ref="12180433156" /><tag k="highway" v="footway" /><tag k="oneway" v="no" /></way><way id="685" timestamp="2026-03-31T16:45:31Z" uid="1" user="OSMnx" version="1" changeset="1"><nd ref="12180433155" /><nd ref="12180433372" /><tag k="highway" v="footway" /><tag k="oneway" v="no" /></way><way id="686" timestamp="2026-03-31T16:45:31Z" uid="1" user="OSMnx" version="1" changeset="1"><nd ref="12180433156" /><nd ref="12180433157" /><tag k="highway" v="footway" /><tag k="oneway" v="no" /></way><way id="687" timestamp="2026-03-31T16:45:31Z" uid="1" user="OSMnx" version="1" changeset="1"><nd ref="12180433156" /><nd ref="12180433155" /><tag k="highway" v="footway" /><tag k="oneway" v="no" /></way><way id="688" timestamp="2026-03-31T16:45:31Z" uid="1" user="OSMnx" version="1" changeset="1"><nd ref="12180433157" /><nd ref="12180433158" /><tag k="highway" v="footway" /><tag k="oneway" v="no" /></way><way id="689" timestamp="2026-03-31T16:45:31Z" uid="1" user="OSMnx" version="1" changeset="1"><nd ref="12180433157" /><nd ref="12180433156" /><tag k="highway" v="footway" /><tag k="oneway" v="no" /></way><way id="690" timestamp="2026-03-31T16:45:31Z" uid="1" user="OSMnx" version="1" changeset="1"><nd ref="12180433158" /><nd ref="12180433149" /><tag k="highway" v="footway" /><tag k="oneway" v="no" /></way><way id="691" timestamp="2026-03-31T16:45:31Z" uid="1" user="OSMnx" version="1" changeset="1"><nd ref="12180433158" /><nd ref="12180433157" /><tag k="highway" v="footway" /><tag k="oneway" v="no" /></way><way id="692" timestamp="2026-03-31T16:45:31Z" uid="1" user="OSMnx" version="1" changeset="1"><nd ref="12180433159" /><nd ref="12180433160" /><tag k="highway" v="footway" /><tag k="oneway" v="no" /></way><way id="693" timestamp="2026-03-31T16:45:31Z" uid="1" user="OSMnx" version="1" changeset="1"><nd ref="12180433159" /><nd ref="12180433256" /><tag k="highway" v="footway" /><tag k="oneway" v="no" /></way><way id="694" timestamp="2026-03-31T16:45:31Z" uid="1" user="OSMnx" version="1" changeset="1"><nd ref="12180433160" /><nd ref="12180433161" /><tag k="highway" v="footway" /><tag k="oneway" v="no" /></way><way id="695" timestamp="2026-03-31T16:45:31Z" uid="1" user="OSMnx" version="1" changeset="1"><nd ref="12180433160" /><nd ref="12180433159" /><tag k="highway" v="footway" /><tag k="oneway" v="no" /></way><way id="696" timestamp="2026-03-31T16:45:31Z" uid="1" user="OSMnx" version="1" changeset="1"><nd ref="12180433161" /><nd ref="12180433162" /><tag k="highway" v="footway" /><tag k="oneway" v="no" /></way><way id="697" timestamp="2026-03-31T16:45:31Z" uid="1" user="OSMnx" version="1" changeset="1"><nd ref="12180433161" /><nd ref="12180433160" /><tag k="highway" v="footway" /><tag k="oneway" v="no" /></way><way id="698" timestamp="2026-03-31T16:45:31Z" uid="1" user="OSMnx" version="1" changeset="1"><nd ref="12180433162" /><nd ref="12180433163" /><tag k="highway" v="footway" /><tag k="oneway" v="no" /></way><way id="699" timestamp="2026-03-31T16:45:31Z" uid="1" user="OSMnx" version="1" changeset="1"><nd ref="12180433162" /><nd ref="12180433161" /><tag k="highway" v="footway" /><tag k="oneway" v="no" /></way><way id="700" timestamp="2026-03-31T16:45:31Z" uid="1" user="OSMnx" version="1" changeset="1"><nd ref="12180433163" /><nd ref="12180433145" /><tag k="highway" v="footway" /><tag k="oneway" v="no" /></way><way id="701" timestamp="2026-03-31T16:45:31Z" uid="1" user="OSMnx" version="1" changeset="1"><nd ref="12180433163" /><nd ref="12180433162" /><tag k="highway" v="footway" /><tag k="oneway" v="no" /></way><way id="702" timestamp="2026-03-31T16:45:31Z" uid="1" user="OSMnx" version="1" changeset="1"><nd ref="12180433165" /><nd ref="12180433264" /><tag k="highway" v="footway" /><tag k="oneway" v="no" /></way><way id="703" timestamp="2026-03-31T16:45:31Z" uid="1" user="OSMnx" version="1" changeset="1"><nd ref="12180433165" /><nd ref="12180433144" /><tag k="highway" v="footway" /><tag k="oneway" v="no" /></way><way id="704" timestamp="2026-03-31T16:45:31Z" uid="1" user="OSMnx" version="1" changeset="1"><nd ref="12180433165" /><nd ref="12180433166" /><tag k="highway" v="footway" /><tag k="oneway" v="no" /></way><way id="705" timestamp="2026-03-31T16:45:31Z" uid="1" user="OSMnx" version="1" changeset="1"><nd ref="12180433166" /><nd ref="12180433167" /><tag k="highway" v="footway" /><tag k="oneway" v="no" /></way><way id="706" timestamp="2026-03-31T16:45:31Z" uid="1" user="OSMnx" version="1" changeset="1"><nd ref="12180433166" /><nd ref="12180433165" /><tag k="highway" v="footway" /><tag k="oneway" v="no" /></way><way id="707" timestamp="2026-03-31T16:45:31Z" uid="1" user="OSMnx" version="1" changeset="1"><nd ref="12180433167" /><nd ref="12180433168" /><tag k="highway" v="footway" /><tag k="oneway" v="no" /></way><way id="708" timestamp="2026-03-31T16:45:31Z" uid="1" user="OSMnx" version="1" changeset="1"><nd ref="12180433167" /><nd ref="12180433166" /><tag k="highway" v="footway" /><tag k="oneway" v="no" /></way><way id="709" timestamp="2026-03-31T16:45:31Z" uid="1" user="OSMnx" version="1" changeset="1"><nd ref="12180433168" /><nd ref="12180433255" /><tag k="highway" v="footway" /><tag k="oneway" v="no" /></way><way id="710" timestamp="2026-03-31T16:45:31Z" uid="1" user="OSMnx" version="1" changeset="1"><nd ref="12180433168" /><nd ref="12180433167" /><tag k="highway" v="footway" /><tag k="oneway" v="no" /></way><way id="711" timestamp="2026-03-31T16:45:31Z" uid="1" user="OSMnx" version="1" changeset="1"><nd ref="12180433169" /><nd ref="12180433170" /><tag k="highway" v="footway" /><tag k="oneway" v="no" /></way><way id="712" timestamp="2026-03-31T16:45:31Z" uid="1" user="OSMnx" version="1" changeset="1"><nd ref="12180433169" /><nd ref="12180433255" /><tag k="highway" v="footway" /><tag k="oneway" v="no" /></way><way id="713" timestamp="2026-03-31T16:45:31Z" uid="1" user="OSMnx" version="1" changeset="1"><nd ref="12180433170" /><nd ref="12180433171" /><tag k="highway" v="footway" /><tag k="oneway" v="no" /></way><way id="714" timestamp="2026-03-31T16:45:31Z" uid="1" user="OSMnx" version="1" changeset="1"><nd ref="12180433170" /><nd ref="12180433169" /><tag k="highway" v="footway" /><tag k="oneway" v="no" /></way><way id="715" timestamp="2026-03-31T16:45:31Z" uid="1" user="OSMnx" version="1" changeset="1"><nd ref="12180433170" /><nd ref="12180433253" /><tag k="highway" v="footway" /><tag k="oneway" v="no" /></way><way id="716" timestamp="2026-03-31T16:45:31Z" uid="1" user="OSMnx" version="1" changeset="1"><nd ref="12180433171" /><nd ref="12180433172" /><tag k="highway" v="footway" /><tag k="oneway" v="no" /></way><way id="717" timestamp="2026-03-31T16:45:31Z" uid="1" user="OSMnx" version="1" changeset="1"><nd ref="12180433171" /><nd ref="12180433170" /><tag k="highway" v="footway" /><tag k="oneway" v="no" /></way><way id="718" timestamp="2026-03-31T16:45:31Z" uid="1" user="OSMnx" version="1" changeset="1"><nd ref="12180433172" /><nd ref="12180433173" /><tag k="highway" v="footway" /><tag k="oneway" v="no" /></way><way id="719" timestamp="2026-03-31T16:45:31Z" uid="1" user="OSMnx" version="1" changeset="1"><nd ref="12180433172" /><nd ref="12180433171" /><tag k="highway" v="footway" /><tag k="oneway" v="no" /></way><way id="720" timestamp="2026-03-31T16:45:31Z" uid="1" user="OSMnx" version="1" changeset="1"><nd ref="12180433173" /><nd ref="12180433174" /><tag k="highway" v="footway" /><tag k="oneway" v="no" /></way><way id="721" timestamp="2026-03-31T16:45:31Z" uid="1" user="OSMnx" version="1" changeset="1"><nd ref="12180433173" /><nd ref="12180433172" /><tag k="highway" v="footway" /><tag k="oneway" v="no" /></way><way id="722" timestamp="2026-03-31T16:45:31Z" uid="1" user="OSMnx" version="1" changeset="1"><nd ref="12180433174" /><nd ref="12180433175" /><tag k="highway" v="footway" /><tag k="oneway" v="no" /></way><way id="723" timestamp="2026-03-31T16:45:31Z" uid="1" user="OSMnx" version="1" changeset="1"><nd ref="12180433174" /><nd ref="12180433173" /><tag k="highway" v="footway" /><tag k="oneway" v="no" /></way><way id="724" timestamp="2026-03-31T16:45:31Z" uid="1" user="OSMnx" version="1" changeset="1"><nd ref="12180433175" /><nd ref="12180433176" /><tag k="highway" v="footway" /><tag k="oneway" v="no" /></way><way id="725" timestamp="2026-03-31T16:45:31Z" uid="1" user="OSMnx" version="1" changeset="1"><nd ref="12180433175" /><nd ref="12180433174" /><tag k="highway" v="footway" /><tag k="oneway" v="no" /></way><way id="726" timestamp="2026-03-31T16:45:31Z" uid="1" user="OSMnx" version="1" changeset="1"><nd ref="12180433176" /><nd ref="12180433177" /><tag k="highway" v="footway" /><tag k="oneway" v="no" /></way><way id="727" timestamp="2026-03-31T16:45:31Z" uid="1" user="OSMnx" version="1" changeset="1"><nd ref="12180433176" /><nd ref="12180433175" /><tag k="highway" v="footway" /><tag k="oneway" v="no" /></way><way id="728" timestamp="2026-03-31T16:45:31Z" uid="1" user="OSMnx" version="1" changeset="1"><nd ref="12180433177" /><nd ref="12180433178" /><tag k="highway" v="footway" /><tag k="oneway" v="no" /></way><way id="729" timestamp="2026-03-31T16:45:31Z" uid="1" user="OSMnx" version="1" changeset="1"><nd ref="12180433177" /><nd ref="12180433176" /><tag k="highway" v="footway" /><tag k="oneway" v="no" /></way><way id="730" timestamp="2026-03-31T16:45:31Z" uid="1" user="OSMnx" version="1" changeset="1"><nd ref="12180433178" /><nd ref="12180433179" /><tag k="highway" v="footway" /><tag k="oneway" v="no" /></way><way id="731" timestamp="2026-03-31T16:45:31Z" uid="1" user="OSMnx" version="1" changeset="1"><nd ref="12180433178" /><nd ref="12180433177" /><tag k="highway" v="footway" /><tag k="oneway" v="no" /></way><way id="732" timestamp="2026-03-31T16:45:31Z" uid="1" user="OSMnx" version="1" changeset="1"><nd ref="12180433179" /><nd ref="12180433180" /><tag k="highway" v="footway" /><tag k="oneway" v="no" /></way><way id="733" timestamp="2026-03-31T16:45:31Z" uid="1" user="OSMnx" version="1" changeset="1"><nd ref="12180433179" /><nd ref="12180433178" /><tag k="highway" v="footway" /><tag k="oneway" v="no" /></way><way id="734" timestamp="2026-03-31T16:45:31Z" uid="1" user="OSMnx" version="1" changeset="1"><nd ref="12180433180" /><nd ref="12180433181" /><tag k="highway" v="footway" /><tag k="oneway" v="no" /></way><way id="735" timestamp="2026-03-31T16:45:31Z" uid="1" user="OSMnx" version="1" changeset="1"><nd ref="12180433180" /><nd ref="12180433179" /><tag k="highway" v="footway" /><tag k="oneway" v="no" /></way><way id="736" timestamp="2026-03-31T16:45:31Z" uid="1" user="OSMnx" version="1" changeset="1"><nd ref="12180433181" /><nd ref="12180433182" /><tag k="highway" v="footway" /><tag k="oneway" v="no" /></way><way id="737" timestamp="2026-03-31T16:45:31Z" uid="1" user="OSMnx" version="1" changeset="1"><nd ref="12180433181" /><nd ref="12180433180" /><tag k="highway" v="footway" /><tag k="oneway" v="no" /></way><way id="738" timestamp="2026-03-31T16:45:31Z" uid="1" user="OSMnx" version="1" changeset="1"><nd ref="12180433182" /><nd ref="12180433183" /><tag k="highway" v="footway" /><tag k="oneway" v="no" /></way><way id="739" timestamp="2026-03-31T16:45:31Z" uid="1" user="OSMnx" version="1" changeset="1"><nd ref="12180433182" /><nd ref="12180433181" /><tag k="highway" v="footway" /><tag k="oneway" v="no" /></way><way id="740" timestamp="2026-03-31T16:45:31Z" uid="1" user="OSMnx" version="1" changeset="1"><nd ref="12180433183" /><nd ref="12180433184" /><tag k="highway" v="footway" /><tag k="oneway" v="no" /></way><way id="741" timestamp="2026-03-31T16:45:31Z" uid="1" user="OSMnx" version="1" changeset="1"><nd ref="12180433183" /><nd ref="12180433182" /><tag k="highway" v="footway" /><tag k="oneway" v="no" /></way><way id="742" timestamp="2026-03-31T16:45:31Z" uid="1" user="OSMnx" version="1" changeset="1"><nd ref="12180433184" /><nd ref="12180433185" /><tag k="highway" v="footway" /><tag k="oneway" v="no" /></way><way id="743" timestamp="2026-03-31T16:45:31Z" uid="1" user="OSMnx" version="1" changeset="1"><nd ref="12180433184" /><nd ref="12180433183" /><tag k="highway" v="footway" /><tag k="oneway" v="no" /></way><way id="744" timestamp="2026-03-31T16:45:31Z" uid="1" user="OSMnx" version="1" changeset="1"><nd ref="12180433185" /><nd ref="12180433186" /><tag k="highway" v="footway" /><tag k="oneway" v="no" /></way><way id="745" timestamp="2026-03-31T16:45:31Z" uid="1" user="OSMnx" version="1" changeset="1"><nd ref="12180433185" /><nd ref="12180433184" /><tag k="highway" v="footway" /><tag k="oneway" v="no" /></way><way id="746" timestamp="2026-03-31T16:45:31Z" uid="1" user="OSMnx" version="1" changeset="1"><nd ref="12180433186" /><nd ref="12180433187" /><tag k="highway" v="footway" /><tag k="oneway" v="no" /></way><way id="747" timestamp="2026-03-31T16:45:31Z" uid="1" user="OSMnx" version="1" changeset="1"><nd ref="12180433186" /><nd ref="12180433185" /><tag k="highway" v="footway" /><tag k="oneway" v="no" /></way><way id="748" timestamp="2026-03-31T16:45:31Z" uid="1" user="OSMnx" version="1" changeset="1"><nd ref="12180433187" /><nd ref="12180433188" /><tag k="highway" v="footway" /><tag k="oneway" v="no" /></way><way id="749" timestamp="2026-03-31T16:45:31Z" uid="1" user="OSMnx" version="1" changeset="1"><nd ref="12180433187" /><nd ref="12180433186" /><tag k="highway" v="footway" /><tag k="oneway" v="no" /></way><way id="750" timestamp="2026-03-31T16:45:31Z" uid="1" user="OSMnx" version="1" changeset="1"><nd ref="12180433188" /><nd ref="12180433189" /><tag k="highway" v="footway" /><tag k="oneway" v="no" /></way><way id="751" timestamp="2026-03-31T16:45:31Z" uid="1" user="OSMnx" version="1" changeset="1"><nd ref="12180433188" /><nd ref="12180433187" /><tag k="highway" v="footway" /><tag k="oneway" v="no" /></way><way id="752" timestamp="2026-03-31T16:45:31Z" uid="1" user="OSMnx" version="1" changeset="1"><nd ref="12180433189" /><nd ref="12180433190" /><tag k="highway" v="footway" /><tag k="oneway" v="no" /></way><way id="753" timestamp="2026-03-31T16:45:31Z" uid="1" user="OSMnx" version="1" changeset="1"><nd ref="12180433189" /><nd ref="12180433188" /><tag k="highway" v="footway" /><tag k="oneway" v="no" /></way><way id="754" timestamp="2026-03-31T16:45:31Z" uid="1" user="OSMnx" version="1" changeset="1"><nd ref="12180433190" /><nd ref="12180433191" /><tag k="highway" v="footway" /><tag k="oneway" v="no" /></way><way id="755" timestamp="2026-03-31T16:45:31Z" uid="1" user="OSMnx" version="1" changeset="1"><nd ref="12180433190" /><nd ref="12180433189" /><tag k="highway" v="footway" /><tag k="oneway" v="no" /></way><way id="756" timestamp="2026-03-31T16:45:31Z" uid="1" user="OSMnx" version="1" changeset="1"><nd ref="12180433191" /><nd ref="12180433192" /><tag k="highway" v="footway" /><tag k="oneway" v="no" /></way><way id="757" timestamp="2026-03-31T16:45:31Z" uid="1" user="OSMnx" version="1" changeset="1"><nd ref="12180433191" /><nd ref="12180433190" /><tag k="highway" v="footway" /><tag k="oneway" v="no" /></way><way id="758" timestamp="2026-03-31T16:45:31Z" uid="1" user="OSMnx" version="1" changeset="1"><nd ref="12180433192" /><nd ref="12180433193" /><tag k="highway" v="footway" /><tag k="oneway" v="no" /></way><way id="759" timestamp="2026-03-31T16:45:31Z" uid="1" user="OSMnx" version="1" changeset="1"><nd ref="12180433192" /><nd ref="12180433191" /><tag k="highway" v="footway" /><tag k="oneway" v="no" /></way><way id="760" timestamp="2026-03-31T16:45:31Z" uid="1" user="OSMnx" version="1" changeset="1"><nd ref="12180433193" /><nd ref="12180433194" /><tag k="highway" v="footway" /><tag k="oneway" v="no" /></way><way id="761" timestamp="2026-03-31T16:45:31Z" uid="1" user="OSMnx" version="1" changeset="1"><nd ref="12180433193" /><nd ref="12180433192" /><tag k="highway" v="footway" /><tag k="oneway" v="no" /></way><way id="762" timestamp="2026-03-31T16:45:31Z" uid="1" user="OSMnx" version="1" changeset="1"><nd ref="12180433194" /><nd ref="12180433195" /><tag k="highway" v="footway" /><tag k="oneway" v="no" /></way><way id="763" timestamp="2026-03-31T16:45:31Z" uid="1" user="OSMnx" version="1" changeset="1"><nd ref="12180433194" /><nd ref="12180433193" /><tag k="highway" v="footway" /><tag k="oneway" v="no" /></way><way id="764" timestamp="2026-03-31T16:45:31Z" uid="1" user="OSMnx" version="1" changeset="1"><nd ref="12180433195" /><nd ref="12180433196" /><tag k="highway" v="footway" /><tag k="oneway" v="no" /></way><way id="765" timestamp="2026-03-31T16:45:31Z" uid="1" user="OSMnx" version="1" changeset="1"><nd ref="12180433195" /><nd ref="12180433194" /><tag k="highway" v="footway" /><tag k="oneway" v="no" /></way><way id="766" timestamp="2026-03-31T16:45:31Z" uid="1" user="OSMnx" version="1" changeset="1"><nd ref="12180433196" /><nd ref="12180433197" /><tag k="highway" v="footway" /><tag k="oneway" v="no" /></way><way id="767" timestamp="2026-03-31T16:45:31Z" uid="1" user="OSMnx" version="1" changeset="1"><nd ref="12180433196" /><nd ref="12180433195" /><tag k="highway" v="footway" /><tag k="oneway" v="no" /></way><way id="768" timestamp="2026-03-31T16:45:31Z" uid="1" user="OSMnx" version="1" changeset="1"><nd ref="12180433197" /><nd ref="12180433198" /><tag k="highway" v="footway" /><tag k="oneway" v="no" /></way><way id="769" timestamp="2026-03-31T16:45:31Z" uid="1" user="OSMnx" version="1" changeset="1"><nd ref="12180433197" /><nd ref="12180433196" /><tag k="highway" v="footway" /><tag k="oneway" v="no" /></way><way id="770" timestamp="2026-03-31T16:45:31Z" uid="1" user="OSMnx" version="1" changeset="1"><nd ref="12180433198" /><nd ref="12180433199" /><tag k="highway" v="footway" /><tag k="oneway" v="no" /></way><way id="771" timestamp="2026-03-31T16:45:31Z" uid="1" user="OSMnx" version="1" changeset="1"><nd ref="12180433198" /><nd ref="12180433197" /><tag k="highway" v="footway" /><tag k="oneway" v="no" /></way><way id="772" timestamp="2026-03-31T16:45:31Z" uid="1" user="OSMnx" version="1" changeset="1"><nd ref="12180433198" /><nd ref="12180433234" /><tag k="highway" v="footway" /><tag k="oneway" v="no" /></way><way id="773" timestamp="2026-03-31T16:45:31Z" uid="1" user="OSMnx" version="1" changeset="1"><nd ref="12180433199" /><nd ref="12180433200" /><tag k="highway" v="footway" /><tag k="oneway" v="no" /></way><way id="774" timestamp="2026-03-31T16:45:31Z" uid="1" user="OSMnx" version="1" changeset="1"><nd ref="12180433199" /><nd ref="12180433198" /><tag k="highway" v="footway" /><tag k="oneway" v="no" /></way><way id="775" timestamp="2026-03-31T16:45:31Z" uid="1" user="OSMnx" version="1" changeset="1"><nd ref="12180433200" /><nd ref="12180433201" /><tag k="highway" v="footway" /><tag k="oneway" v="no" /></way><way id="776" timestamp="2026-03-31T16:45:31Z" uid="1" user="OSMnx" version="1" changeset="1"><nd ref="12180433200" /><nd ref="12180433199" /><tag k="highway" v="footway" /><tag k="oneway" v="no" /></way><way id="777" timestamp="2026-03-31T16:45:31Z" uid="1" user="OSMnx" version="1" changeset="1"><nd ref="12180433201" /><nd ref="12180433202" /><tag k="highway" v="footway" /><tag k="oneway" v="no" /></way><way id="778" timestamp="2026-03-31T16:45:31Z" uid="1" user="OSMnx" version="1" changeset="1"><nd ref="12180433201" /><nd ref="12180433200" /><tag k="highway" v="footway" /><tag k="oneway" v="no" /></way><way id="779" timestamp="2026-03-31T16:45:31Z" uid="1" user="OSMnx" version="1" changeset="1"><nd ref="12180433202" /><nd ref="12180433203" /><tag k="highway" v="footway" /><tag k="oneway" v="no" /></way><way id="780" timestamp="2026-03-31T16:45:31Z" uid="1" user="OSMnx" version="1" changeset="1"><nd ref="12180433202" /><nd ref="12180433201" /><tag k="highway" v="footway" /><tag k="oneway" v="no" /></way><way id="781" timestamp="2026-03-31T16:45:31Z" uid="1" user="OSMnx" version="1" changeset="1"><nd ref="12180433203" /><nd ref="12180433204" /><tag k="highway" v="footway" /><tag k="oneway" v="no" /></way><way id="782" timestamp="2026-03-31T16:45:31Z" uid="1" user="OSMnx" version="1" changeset="1"><nd ref="12180433203" /><nd ref="12180433202" /><tag k="highway" v="footway" /><tag k="oneway" v="no" /></way><way id="783" timestamp="2026-03-31T16:45:31Z" uid="1" user="OSMnx" version="1" changeset="1"><nd ref="12180433204" /><nd ref="12180433205" /><tag k="highway" v="footway" /><tag k="oneway" v="no" /></way><way id="784" timestamp="2026-03-31T16:45:31Z" uid="1" user="OSMnx" version="1" changeset="1"><nd ref="12180433204" /><nd ref="12180433203" /><tag k="highway" v="footway" /><tag k="oneway" v="no" /></way><way id="785" timestamp="2026-03-31T16:45:31Z" uid="1" user="OSMnx" version="1" changeset="1"><nd ref="12180433205" /><nd ref="12180433206" /><tag k="highway" v="footway" /><tag k="oneway" v="no" /></way><way id="786" timestamp="2026-03-31T16:45:31Z" uid="1" user="OSMnx" version="1" changeset="1"><nd ref="12180433205" /><nd ref="12180433204" /><tag k="highway" v="footway" /><tag k="oneway" v="no" /></way><way id="787" timestamp="2026-03-31T16:45:31Z" uid="1" user="OSMnx" version="1" changeset="1"><nd ref="12180433206" /><nd ref="12180433207" /><tag k="highway" v="footway" /><tag k="oneway" v="no" /></way><way id="788" timestamp="2026-03-31T16:45:31Z" uid="1" user="OSMnx" version="1" changeset="1"><nd ref="12180433206" /><nd ref="12180433205" /><tag k="highway" v="footway" /><tag k="oneway" v="no" /></way><way id="789" timestamp="2026-03-31T16:45:31Z" uid="1" user="OSMnx" version="1" changeset="1"><nd ref="12180433207" /><nd ref="12180433208" /><tag k="highway" v="footway" /><tag k="oneway" v="no" /></way><way id="790" timestamp="2026-03-31T16:45:31Z" uid="1" user="OSMnx" version="1" changeset="1"><nd ref="12180433207" /><nd ref="12180433206" /><tag k="highway" v="footway" /><tag k="oneway" v="no" /></way><way id="791" timestamp="2026-03-31T16:45:31Z" uid="1" user="OSMnx" version="1" changeset="1"><nd ref="12180433208" /><nd ref="12180433209" /><tag k="highway" v="footway" /><tag k="oneway" v="no" /></way><way id="792" timestamp="2026-03-31T16:45:31Z" uid="1" user="OSMnx" version="1" changeset="1"><nd ref="12180433208" /><nd ref="12180433207" /><tag k="highway" v="footway" /><tag k="oneway" v="no" /></way><way id="793" timestamp="2026-03-31T16:45:31Z" uid="1" user="OSMnx" version="1" changeset="1"><nd ref="12180433209" /><nd ref="12180433210" /><tag k="highway" v="footway" /><tag k="oneway" v="no" /></way><way id="794" timestamp="2026-03-31T16:45:31Z" uid="1" user="OSMnx" version="1" changeset="1"><nd ref="12180433209" /><nd ref="12180433208" /><tag k="highway" v="footway" /><tag k="oneway" v="no" /></way><way id="795" timestamp="2026-03-31T16:45:31Z" uid="1" user="OSMnx" version="1" changeset="1"><nd ref="12180433210" /><nd ref="12180433211" /><tag k="highway" v="footway" /><tag k="oneway" v="no" /></way><way id="796" timestamp="2026-03-31T16:45:31Z" uid="1" user="OSMnx" version="1" changeset="1"><nd ref="12180433210" /><nd ref="12180433209" /><tag k="highway" v="footway" /><tag k="oneway" v="no" /></way><way id="797" timestamp="2026-03-31T16:45:31Z" uid="1" user="OSMnx" version="1" changeset="1"><nd ref="12180433211" /><nd ref="12180433212" /><tag k="highway" v="footway" /><tag k="oneway" v="no" /></way><way id="798" timestamp="2026-03-31T16:45:31Z" uid="1" user="OSMnx" version="1" changeset="1"><nd ref="12180433211" /><nd ref="12180433210" /><tag k="highway" v="footway" /><tag k="oneway" v="no" /></way><way id="799" timestamp="2026-03-31T16:45:31Z" uid="1" user="OSMnx" version="1" changeset="1"><nd ref="12180433212" /><nd ref="12180433213" /><tag k="highway" v="footway" /><tag k="oneway" v="no" /></way><way id="800" timestamp="2026-03-31T16:45:31Z" uid="1" user="OSMnx" version="1" changeset="1"><nd ref="12180433212" /><nd ref="12180433211" /><tag k="highway" v="footway" /><tag k="oneway" v="no" /></way><way id="801" timestamp="2026-03-31T16:45:31Z" uid="1" user="OSMnx" version="1" changeset="1"><nd ref="12180433213" /><nd ref="12180433214" /><tag k="highway" v="footway" /><tag k="oneway" v="no" /></way><way id="802" timestamp="2026-03-31T16:45:31Z" uid="1" user="OSMnx" version="1" changeset="1"><nd ref="12180433213" /><nd ref="12180433212" /><tag k="highway" v="footway" /><tag k="oneway" v="no" /></way><way id="803" timestamp="2026-03-31T16:45:31Z" uid="1" user="OSMnx" version="1" changeset="1"><nd ref="12180433214" /><nd ref="12180433215" /><tag k="highway" v="footway" /><tag k="oneway" v="no" /></way><way id="804" timestamp="2026-03-31T16:45:31Z" uid="1" user="OSMnx" version="1" changeset="1"><nd ref="12180433214" /><nd ref="12180433213" /><tag k="highway" v="footway" /><tag k="oneway" v="no" /></way><way id="805" timestamp="2026-03-31T16:45:31Z" uid="1" user="OSMnx" version="1" changeset="1"><nd ref="12180433215" /><nd ref="12180433216" /><tag k="highway" v="footway" /><tag k="oneway" v="no" /></way><way id="806" timestamp="2026-03-31T16:45:31Z" uid="1" user="OSMnx" version="1" changeset="1"><nd ref="12180433215" /><nd ref="12180433214" /><tag k="highway" v="footway" /><tag k="oneway" v="no" /></way><way id="807" timestamp="2026-03-31T16:45:31Z" uid="1" user="OSMnx" version="1" changeset="1"><nd ref="12180433216" /><nd ref="12180433217" /><tag k="highway" v="footway" /><tag k="oneway" v="no" /></way><way id="808" timestamp="2026-03-31T16:45:31Z" uid="1" user="OSMnx" version="1" changeset="1"><nd ref="12180433216" /><nd ref="12180433215" /><tag k="highway" v="footway" /><tag k="oneway" v="no" /></way><way id="809" timestamp="2026-03-31T16:45:31Z" uid="1" user="OSMnx" version="1" changeset="1"><nd ref="12180433217" /><nd ref="12180433218" /><tag k="highway" v="footway" /><tag k="oneway" v="no" /></way><way id="810" timestamp="2026-03-31T16:45:31Z" uid="1" user="OSMnx" version="1" changeset="1"><nd ref="12180433217" /><nd ref="12180433216" /><tag k="highway" v="footway" /><tag k="oneway" v="no" /></way><way id="811" timestamp="2026-03-31T16:45:31Z" uid="1" user="OSMnx" version="1" changeset="1"><nd ref="12180433218" /><nd ref="12180433219" /><tag k="highway" v="footway" /><tag k="oneway" v="no" /></way><way id="812" timestamp="2026-03-31T16:45:31Z" uid="1" user="OSMnx" version="1" changeset="1"><nd ref="12180433218" /><nd ref="12180433217" /><tag k="highway" v="footway" /><tag k="oneway" v="no" /></way><way id="813" timestamp="2026-03-31T16:45:31Z" uid="1" user="OSMnx" version="1" changeset="1"><nd ref="12180433219" /><nd ref="12180433397" /><tag k="highway" v="footway" /><tag k="oneway" v="no" /></way><way id="814" timestamp="2026-03-31T16:45:31Z" uid="1" user="OSMnx" version="1" changeset="1"><nd ref="12180433219" /><nd ref="12180433218" /><tag k="highway" v="footway" /><tag k="oneway" v="no" /></way><way id="815" timestamp="2026-03-31T16:45:31Z" uid="1" user="OSMnx" version="1" changeset="1"><nd ref="12180433219" /><nd ref="12180433220" /><tag k="highway" v="footway" /><tag k="oneway" v="no" /></way><way id="816" timestamp="2026-03-31T16:45:31Z" uid="1" user="OSMnx" version="1" changeset="1"><nd ref="12180433220" /><nd ref="12180433221" /><tag k="highway" v="footway" /><tag k="oneway" v="no" /></way><way id="817" timestamp="2026-03-31T16:45:31Z" uid="1" user="OSMnx" version="1" changeset="1"><nd ref="12180433220" /><nd ref="12180433219" /><tag k="highway" v="footway" /><tag k="oneway" v="no" /></way><way id="818" timestamp="2026-03-31T16:45:31Z" uid="1" user="OSMnx" version="1" changeset="1"><nd ref="12180433221" /><nd ref="12180433222" /><tag k="highway" v="footway" /><tag k="oneway" v="no" /></way><way id="819" timestamp="2026-03-31T16:45:31Z" uid="1" user="OSMnx" version="1" changeset="1"><nd ref="12180433221" /><nd ref="12180433220" /><tag k="highway" v="footway" /><tag k="oneway" v="no" /></way><way id="820" timestamp="2026-03-31T16:45:31Z" uid="1" user="OSMnx" version="1" changeset="1"><nd ref="12180433222" /><nd ref="12180433223" /><tag k="highway" v="footway" /><tag k="oneway" v="no" /></way><way id="821" timestamp="2026-03-31T16:45:31Z" uid="1" user="OSMnx" version="1" changeset="1"><nd ref="12180433222" /><nd ref="12180433221" /><tag k="highway" v="footway" /><tag k="oneway" v="no" /></way><way id="822" timestamp="2026-03-31T16:45:31Z" uid="1" user="OSMnx" version="1" changeset="1"><nd ref="12180433223" /><nd ref="12180433224" /><tag k="highway" v="footway" /><tag k="oneway" v="no" /></way><way id="823" timestamp="2026-03-31T16:45:31Z" uid="1" user="OSMnx" version="1" changeset="1"><nd ref="12180433223" /><nd ref="12180433222" /><tag k="highway" v="footway" /><tag k="oneway" v="no" /></way><way id="824" timestamp="2026-03-31T16:45:31Z" uid="1" user="OSMnx" version="1" changeset="1"><nd ref="12180433224" /><nd ref="12180433225" /><tag k="highway" v="footway" /><tag k="oneway" v="no" /></way><way id="825" timestamp="2026-03-31T16:45:31Z" uid="1" user="OSMnx" version="1" changeset="1"><nd ref="12180433224" /><nd ref="12180433223" /><tag k="highway" v="footway" /><tag k="oneway" v="no" /></way><way id="826" timestamp="2026-03-31T16:45:31Z" uid="1" user="OSMnx" version="1" changeset="1"><nd ref="12180433225" /><nd ref="12180433226" /><tag k="highway" v="footway" /><tag k="oneway" v="no" /></way><way id="827" timestamp="2026-03-31T16:45:31Z" uid="1" user="OSMnx" version="1" changeset="1"><nd ref="12180433225" /><nd ref="12180433224" /><tag k="highway" v="footway" /><tag k="oneway" v="no" /></way><way id="828" timestamp="2026-03-31T16:45:31Z" uid="1" user="OSMnx" version="1" changeset="1"><nd ref="12180433226" /><nd ref="12180433227" /><tag k="highway" v="footway" /><tag k="oneway" v="no" /></way><way id="829" timestamp="2026-03-31T16:45:31Z" uid="1" user="OSMnx" version="1" changeset="1"><nd ref="12180433226" /><nd ref="12180433225" /><tag k="highway" v="footway" /><tag k="oneway" v="no" /></way><way id="830" timestamp="2026-03-31T16:45:31Z" uid="1" user="OSMnx" version="1" changeset="1"><nd ref="12180433227" /><nd ref="12180433228" /><tag k="highway" v="footway" /><tag k="oneway" v="no" /></way><way id="831" timestamp="2026-03-31T16:45:31Z" uid="1" user="OSMnx" version="1" changeset="1"><nd ref="12180433227" /><nd ref="12180433226" /><tag k="highway" v="footway" /><tag k="oneway" v="no" /></way><way id="832" timestamp="2026-03-31T16:45:31Z" uid="1" user="OSMnx" version="1" changeset="1"><nd ref="12180433228" /><nd ref="12180433229" /><tag k="highway" v="footway" /><tag k="oneway" v="no" /></way><way id="833" timestamp="2026-03-31T16:45:31Z" uid="1" user="OSMnx" version="1" changeset="1"><nd ref="12180433228" /><nd ref="12180433227" /><tag k="highway" v="footway" /><tag k="oneway" v="no" /></way><way id="834" timestamp="2026-03-31T16:45:31Z" uid="1" user="OSMnx" version="1" changeset="1"><nd ref="12180433229" /><nd ref="12180433230" /><tag k="highway" v="footway" /><tag k="oneway" v="no" /></way><way id="835" timestamp="2026-03-31T16:45:31Z" uid="1" user="OSMnx" version="1" changeset="1"><nd ref="12180433229" /><nd ref="12180433228" /><tag k="highway" v="footway" /><tag k="oneway" v="no" /></way><way id="836" timestamp="2026-03-31T16:45:31Z" uid="1" user="OSMnx" version="1" changeset="1"><nd ref="12180433230" /><nd ref="12180433231" /><tag k="highway" v="footway" /><tag k="oneway" v="no" /></way><way id="837" timestamp="2026-03-31T16:45:31Z" uid="1" user="OSMnx" version="1" changeset="1"><nd ref="12180433230" /><nd ref="12180433229" /><tag k="highway" v="footway" /><tag k="oneway" v="no" /></way><way id="838" timestamp="2026-03-31T16:45:31Z" uid="1" user="OSMnx" version="1" changeset="1"><nd ref="12180433231" /><nd ref="12180433232" /><tag k="highway" v="footway" /><tag k="oneway" v="no" /></way><way id="839" timestamp="2026-03-31T16:45:31Z" uid="1" user="OSMnx" version="1" changeset="1"><nd ref="12180433231" /><nd ref="12180433230" /><tag k="highway" v="footway" /><tag k="oneway" v="no" /></way><way id="840" timestamp="2026-03-31T16:45:31Z" uid="1" user="OSMnx" version="1" changeset="1"><nd ref="12180433232" /><nd ref="12180433233" /><tag k="highway" v="footway" /><tag k="oneway" v="no" /></way><way id="841" timestamp="2026-03-31T16:45:31Z" uid="1" user="OSMnx" version="1" changeset="1"><nd ref="12180433232" /><nd ref="12180433231" /><tag k="highway" v="footway" /><tag k="oneway" v="no" /></way><way id="842" timestamp="2026-03-31T16:45:31Z" uid="1" user="OSMnx" version="1" changeset="1"><nd ref="12180433233" /><nd ref="12180433234" /><tag k="highway" v="footway" /><tag k="oneway" v="no" /></way><way id="843" timestamp="2026-03-31T16:45:31Z" uid="1" user="OSMnx" version="1" changeset="1"><nd ref="12180433233" /><nd ref="12180433232" /><tag k="highway" v="footway" /><tag k="oneway" v="no" /></way><way id="844" timestamp="2026-03-31T16:45:31Z" uid="1" user="OSMnx" version="1" changeset="1"><nd ref="12180433234" /><nd ref="12180433198" /><tag k="highway" v="footway" /><tag k="oneway" v="no" /></way><way id="845" timestamp="2026-03-31T16:45:31Z" uid="1" user="OSMnx" version="1" changeset="1"><nd ref="12180433234" /><nd ref="12180433272" /><tag k="highway" v="footway" /><tag k="oneway" v="no" /></way><way id="846" timestamp="2026-03-31T16:45:31Z" uid="1" user="OSMnx" version="1" changeset="1"><nd ref="12180433234" /><nd ref="12180433235" /><tag k="highway" v="footway" /><tag k="oneway" v="no" /></way><way id="847" timestamp="2026-03-31T16:45:31Z" uid="1" user="OSMnx" version="1" changeset="1"><nd ref="12180433234" /><nd ref="12180433233" /><tag k="highway" v="footway" /><tag k="oneway" v="no" /></way><way id="848" timestamp="2026-03-31T16:45:31Z" uid="1" user="OSMnx" version="1" changeset="1"><nd ref="12180433235" /><nd ref="12180433236" /><tag k="highway" v="footway" /><tag k="oneway" v="no" /></way><way id="849" timestamp="2026-03-31T16:45:31Z" uid="1" user="OSMnx" version="1" changeset="1"><nd ref="12180433235" /><nd ref="12180433234" /><tag k="highway" v="footway" /><tag k="oneway" v="no" /></way><way id="850" timestamp="2026-03-31T16:45:31Z" uid="1" user="OSMnx" version="1" changeset="1"><nd ref="12180433236" /><nd ref="12180433237" /><tag k="highway" v="footway" /><tag k="oneway" v="no" /></way><way id="851" timestamp="2026-03-31T16:45:31Z" uid="1" user="OSMnx" version="1" changeset="1"><nd ref="12180433236" /><nd ref="12180433235" /><tag k="highway" v="footway" /><tag k="oneway" v="no" /></way><way id="852" timestamp="2026-03-31T16:45:31Z" uid="1" user="OSMnx" version="1" changeset="1"><nd ref="12180433237" /><nd ref="12180433238" /><tag k="highway" v="footway" /><tag k="oneway" v="no" /></way><way id="853" timestamp="2026-03-31T16:45:31Z" uid="1" user="OSMnx" version="1" changeset="1"><nd ref="12180433237" /><nd ref="12180433236" /><tag k="highway" v="footway" /><tag k="oneway" v="no" /></way><way id="854" timestamp="2026-03-31T16:45:31Z" uid="1" user="OSMnx" version="1" changeset="1"><nd ref="12180433238" /><nd ref="12180433239" /><tag k="highway" v="footway" /><tag k="oneway" v="no" /></way><way id="855" timestamp="2026-03-31T16:45:31Z" uid="1" user="OSMnx" version="1" changeset="1"><nd ref="12180433238" /><nd ref="12180433237" /><tag k="highway" v="footway" /><tag k="oneway" v="no" /></way><way id="856" timestamp="2026-03-31T16:45:31Z" uid="1" user="OSMnx" version="1" changeset="1"><nd ref="12180433239" /><nd ref="12180433240" /><tag k="highway" v="footway" /><tag k="oneway" v="no" /></way><way id="857" timestamp="2026-03-31T16:45:31Z" uid="1" user="OSMnx" version="1" changeset="1"><nd ref="12180433239" /><nd ref="12180433238" /><tag k="highway" v="footway" /><tag k="oneway" v="no" /></way><way id="858" timestamp="2026-03-31T16:45:31Z" uid="1" user="OSMnx" version="1" changeset="1"><nd ref="12180433240" /><nd ref="12180433241" /><tag k="highway" v="footway" /><tag k="oneway" v="no" /></way><way id="859" timestamp="2026-03-31T16:45:31Z" uid="1" user="OSMnx" version="1" changeset="1"><nd ref="12180433240" /><nd ref="12180433239" /><tag k="highway" v="footway" /><tag k="oneway" v="no" /></way><way id="860" timestamp="2026-03-31T16:45:31Z" uid="1" user="OSMnx" version="1" changeset="1"><nd ref="12180433241" /><nd ref="12180433242" /><tag k="highway" v="footway" /><tag k="oneway" v="no" /></way><way id="861" timestamp="2026-03-31T16:45:31Z" uid="1" user="OSMnx" version="1" changeset="1"><nd ref="12180433241" /><nd ref="12180433240" /><tag k="highway" v="footway" /><tag k="oneway" v="no" /></way><way id="862" timestamp="2026-03-31T16:45:31Z" uid="1" user="OSMnx" version="1" changeset="1"><nd ref="12180433242" /><nd ref="12180433243" /><tag k="highway" v="footway" /><tag k="oneway" v="no" /></way><way id="863" timestamp="2026-03-31T16:45:31Z" uid="1" user="OSMnx" version="1" changeset="1"><nd ref="12180433242" /><nd ref="12180433241" /><tag k="highway" v="footway" /><tag k="oneway" v="no" /></way><way id="864" timestamp="2026-03-31T16:45:31Z" uid="1" user="OSMnx" version="1" changeset="1"><nd ref="12180433243" /><nd ref="12180433244" /><tag k="highway" v="footway" /><tag k="oneway" v="no" /></way><way id="865" timestamp="2026-03-31T16:45:31Z" uid="1" user="OSMnx" version="1" changeset="1"><nd ref="12180433243" /><nd ref="12180433242" /><tag k="highway" v="footway" /><tag k="oneway" v="no" /></way><way id="866" timestamp="2026-03-31T16:45:31Z" uid="1" user="OSMnx" version="1" changeset="1"><nd ref="12180433244" /><nd ref="12180433245" /><tag k="highway" v="footway" /><tag k="oneway" v="no" /></way><way id="867" timestamp="2026-03-31T16:45:31Z" uid="1" user="OSMnx" version="1" changeset="1"><nd ref="12180433244" /><nd ref="12180433243" /><tag k="highway" v="footway" /><tag k="oneway" v="no" /></way><way id="868" timestamp="2026-03-31T16:45:31Z" uid="1" user="OSMnx" version="1" changeset="1"><nd ref="12180433245" /><nd ref="12180433246" /><tag k="highway" v="footway" /><tag k="oneway" v="no" /></way><way id="869" timestamp="2026-03-31T16:45:31Z" uid="1" user="OSMnx" version="1" changeset="1"><nd ref="12180433245" /><nd ref="12180433244" /><tag k="highway" v="footway" /><tag k="oneway" v="no" /></way><way id="870" timestamp="2026-03-31T16:45:31Z" uid="1" user="OSMnx" version="1" changeset="1"><nd ref="12180433246" /><nd ref="12180433247" /><tag k="highway" v="footway" /><tag k="oneway" v="no" /></way><way id="871" timestamp="2026-03-31T16:45:31Z" uid="1" user="OSMnx" version="1" changeset="1"><nd ref="12180433246" /><nd ref="12180433245" /><tag k="highway" v="footway" /><tag k="oneway" v="no" /></way><way id="872" timestamp="2026-03-31T16:45:31Z" uid="1" user="OSMnx" version="1" changeset="1"><nd ref="12180433247" /><nd ref="12180433248" /><tag k="highway" v="footway" /><tag k="oneway" v="no" /></way><way id="873" timestamp="2026-03-31T16:45:31Z" uid="1" user="OSMnx" version="1" changeset="1"><nd ref="12180433247" /><nd ref="12180433246" /><tag k="highway" v="footway" /><tag k="oneway" v="no" /></way><way id="874" timestamp="2026-03-31T16:45:31Z" uid="1" user="OSMnx" version="1" changeset="1"><nd ref="12180433248" /><nd ref="12180433249" /><tag k="highway" v="footway" /><tag k="oneway" v="no" /></way><way id="875" timestamp="2026-03-31T16:45:31Z" uid="1" user="OSMnx" version="1" changeset="1"><nd ref="12180433248" /><nd ref="12180433247" /><tag k="highway" v="footway" /><tag k="oneway" v="no" /></way><way id="876" timestamp="2026-03-31T16:45:31Z" uid="1" user="OSMnx" version="1" changeset="1"><nd ref="12180433249" /><nd ref="12180433250" /><tag k="highway" v="footway" /><tag k="oneway" v="no" /></way><way id="877" timestamp="2026-03-31T16:45:31Z" uid="1" user="OSMnx" version="1" changeset="1"><nd ref="12180433249" /><nd ref="12180433248" /><tag k="highway" v="footway" /><tag k="oneway" v="no" /></way><way id="878" timestamp="2026-03-31T16:45:31Z" uid="1" user="OSMnx" version="1" changeset="1"><nd ref="12180433250" /><nd ref="12180433251" /><tag k="highway" v="footway" /><tag k="oneway" v="no" /></way><way id="879" timestamp="2026-03-31T16:45:31Z" uid="1" user="OSMnx" version="1" changeset="1"><nd ref="12180433250" /><nd ref="12180433249" /><tag k="highway" v="footway" /><tag k="oneway" v="no" /></way><way id="880" timestamp="2026-03-31T16:45:31Z" uid="1" user="OSMnx" version="1" changeset="1"><nd ref="12180433251" /><nd ref="12180433252" /><tag k="highway" v="footway" /><tag k="oneway" v="no" /></way><way id="881" timestamp="2026-03-31T16:45:31Z" uid="1" user="OSMnx" version="1" changeset="1"><nd ref="12180433251" /><nd ref="12180433250" /><tag k="highway" v="footway" /><tag k="oneway" v="no" /></way><way id="882" timestamp="2026-03-31T16:45:31Z" uid="1" user="OSMnx" version="1" changeset="1"><nd ref="12180433252" /><nd ref="12180433253" /><tag k="highway" v="footway" /><tag k="oneway" v="no" /></way><way id="883" timestamp="2026-03-31T16:45:31Z" uid="1" user="OSMnx" version="1" changeset="1"><nd ref="12180433252" /><nd ref="12180433251" /><tag k="highway" v="footway" /><tag k="oneway" v="no" /></way><way id="884" timestamp="2026-03-31T16:45:31Z" uid="1" user="OSMnx" version="1" changeset="1"><nd ref="12180433253" /><nd ref="12180433170" /><tag k="highway" v="footway" /><tag k="oneway" v="no" /></way><way id="885" timestamp="2026-03-31T16:45:31Z" uid="1" user="OSMnx" version="1" changeset="1"><nd ref="12180433253" /><nd ref="12180433254" /><tag k="highway" v="footway" /><tag k="oneway" v="no" /></way><way id="886" timestamp="2026-03-31T16:45:31Z" uid="1" user="OSMnx" version="1" changeset="1"><nd ref="12180433253" /><nd ref="12180433252" /><tag k="highway" v="footway" /><tag k="oneway" v="no" /></way><way id="887" timestamp="2026-03-31T16:45:31Z" uid="1" user="OSMnx" version="1" changeset="1"><nd ref="12180433254" /><nd ref="12180433255" /><tag k="highway" v="footway" /><tag k="oneway" v="no" /></way><way id="888" timestamp="2026-03-31T16:45:31Z" uid="1" user="OSMnx" version="1" changeset="1"><nd ref="12180433254" /><nd ref="12180433253" /><tag k="highway" v="footway" /><tag k="oneway" v="no" /></way><way id="889" timestamp="2026-03-31T16:45:31Z" uid="1" user="OSMnx" version="1" changeset="1"><nd ref="12180433255" /><nd ref="12180433169" /><tag k="highway" v="footway" /><tag k="oneway" v="no" /></way><way id="890" timestamp="2026-03-31T16:45:31Z" uid="1" user="OSMnx" version="1" changeset="1"><nd ref="12180433255" /><nd ref="12180433168" /><tag k="highway" v="footway" /><tag k="oneway" v="no" /></way><way id="891" timestamp="2026-03-31T16:45:31Z" uid="1" user="OSMnx" version="1" changeset="1"><nd ref="12180433255" /><nd ref="12180433254" /><tag k="highway" v="footway" /><tag k="oneway" v="no" /></way><way id="892" timestamp="2026-03-31T16:45:31Z" uid="1" user="OSMnx" version="1" changeset="1"><nd ref="12180433256" /><nd ref="12180433159" /><tag k="highway" v="footway" /><tag k="oneway" v="no" /></way><way id="893" timestamp="2026-03-31T16:45:31Z" uid="1" user="OSMnx" version="1" changeset="1"><nd ref="12180433256" /><nd ref="12180433153" /><tag k="highway" v="footway" /><tag k="oneway" v="no" /></way><way id="894" timestamp="2026-03-31T16:45:31Z" uid="1" user="OSMnx" version="1" changeset="1"><nd ref="12180433256" /><nd ref="12180433366" /><tag k="highway" v="footway" /><tag k="oneway" v="no" /></way><way id="895" timestamp="2026-03-31T16:45:31Z" uid="1" user="OSMnx" version="1" changeset="1"><nd ref="12180433257" /><nd ref="3464967439" /><tag k="highway" v="tertiary" /><tag k="name" v="元美东路" /><tag k="oneway" v="yes" /></way><way id="896" timestamp="2026-03-31T16:45:31Z" uid="1" user="OSMnx" version="1" changeset="1"><nd ref="12180433257" /><nd ref="12180433276" /><tag k="highway" v="service" /><tag k="oneway" v="no" /></way><way id="897" timestamp="2026-03-31T16:45:31Z" uid="1" user="OSMnx" version="1" changeset="1"><nd ref="12180433258" /><nd ref="12180433259" /><tag k="highway" v="service" /><tag k="oneway" v="no" /></way><way id="898" timestamp="2026-03-31T16:45:31Z" uid="1" user="OSMnx" version="1" changeset="1"><nd ref="12180433258" /><nd ref="12180433276" /><tag k="highway" v="service" /><tag k="oneway" v="no" /></way><way id="899" timestamp="2026-03-31T16:45:31Z" uid="1" user="OSMnx" version="1" changeset="1"><nd ref="12180433258" /><nd ref="12180433293" /><tag k="highway" v="service" /><tag k="oneway" v="no" /></way><way id="900" timestamp="2026-03-31T16:45:31Z" uid="1" user="OSMnx" version="1" changeset="1"><nd ref="12180433259" /><nd ref="12180433260" /><tag k="highway" v="service" /><tag k="oneway" v="no" /></way><way id="901" timestamp="2026-03-31T16:45:31Z" uid="1" user="OSMnx" version="1" changeset="1"><nd ref="12180433259" /><nd ref="12180433258" /><tag k="highway" v="service" /><tag k="oneway" v="no" /></way><way id="902" timestamp="2026-03-31T16:45:31Z" uid="1" user="OSMnx" version="1" changeset="1"><nd ref="12180433260" /><nd ref="12180433261" /><tag k="highway" v="service" /><tag k="oneway" v="no" /></way><way id="903" timestamp="2026-03-31T16:45:31Z" uid="1" user="OSMnx" version="1" changeset="1"><nd ref="12180433260" /><nd ref="12180433259" /><tag k="highway" v="service" /><tag k="oneway" v="no" /></way><way id="904" timestamp="2026-03-31T16:45:31Z" uid="1" user="OSMnx" version="1" changeset="1"><nd ref="12180433261" /><nd ref="12180433260" /><tag k="highway" v="service" /><tag k="oneway" v="no" /></way><way id="905" timestamp="2026-03-31T16:45:31Z" uid="1" user="OSMnx" version="1" changeset="1"><nd ref="12180433261" /><nd ref="12180433262" /><tag k="highway" v="service" /><tag k="oneway" v="no" /></way><way id="906" timestamp="2026-03-31T16:45:31Z" uid="1" user="OSMnx" version="1" changeset="1"><nd ref="12180433262" /><nd ref="12180433263" /><tag k="highway" v="service" /><tag k="oneway" v="no" /></way><way id="907" timestamp="2026-03-31T16:45:31Z" uid="1" user="OSMnx" version="1" changeset="1"><nd ref="12180433262" /><nd ref="12180433261" /><tag k="highway" v="service" /><tag k="oneway" v="no" /></way><way id="908" timestamp="2026-03-31T16:45:31Z" uid="1" user="OSMnx" version="1" changeset="1"><nd ref="12180433263" /><nd ref="12180433264" /><tag k="highway" v="service" /><tag k="oneway" v="no" /></way><way id="909" timestamp="2026-03-31T16:45:31Z" uid="1" user="OSMnx" version="1" changeset="1"><nd ref="12180433263" /><nd ref="12180433262" /><tag k="highway" v="service" /><tag k="oneway" v="no" /></way><way id="910" timestamp="2026-03-31T16:45:31Z" uid="1" user="OSMnx" version="1" changeset="1"><nd ref="12180433264" /><nd ref="12180433347" /><tag k="highway" v="footway" /><tag k="oneway" v="no" /></way><way id="911" timestamp="2026-03-31T16:45:31Z" uid="1" user="OSMnx" version="1" changeset="1"><nd ref="12180433264" /><nd ref="12180433165" /><tag k="highway" v="footway" /><tag k="oneway" v="no" /></way><way id="912" timestamp="2026-03-31T16:45:31Z" uid="1" user="OSMnx" version="1" changeset="1"><nd ref="12180433264" /><nd ref="12180433265" /><tag k="highway" v="service" /><tag k="oneway" v="no" /></way><way id="913" timestamp="2026-03-31T16:45:31Z" uid="1" user="OSMnx" version="1" changeset="1"><nd ref="12180433264" /><nd ref="12180433263" /><tag k="highway" v="service" /><tag k="oneway" v="no" /></way><way id="914" timestamp="2026-03-31T16:45:31Z" uid="1" user="OSMnx" version="1" changeset="1"><nd ref="12180433265" /><nd ref="12180433266" /><tag k="highway" v="service" /><tag k="oneway" v="no" /></way><way id="915" timestamp="2026-03-31T16:45:31Z" uid="1" user="OSMnx" version="1" changeset="1"><nd ref="12180433265" /><nd ref="12180433264" /><tag k="highway" v="service" /><tag k="oneway" v="no" /></way><way id="916" timestamp="2026-03-31T16:45:31Z" uid="1" user="OSMnx" version="1" changeset="1"><nd ref="12180433266" /><nd ref="12180433267" /><tag k="highway" v="service" /><tag k="oneway" v="no" /></way><way id="917" timestamp="2026-03-31T16:45:31Z" uid="1" user="OSMnx" version="1" changeset="1"><nd ref="12180433266" /><nd ref="12180433265" /><tag k="highway" v="service" /><tag k="oneway" v="no" /></way><way id="918" timestamp="2026-03-31T16:45:31Z" uid="1" user="OSMnx" version="1" changeset="1"><nd ref="12180433267" /><nd ref="12180433268" /><tag k="highway" v="service" /><tag k="oneway" v="no" /></way><way id="919" timestamp="2026-03-31T16:45:31Z" uid="1" user="OSMnx" version="1" changeset="1"><nd ref="12180433267" /><nd ref="12180433266" /><tag k="highway" v="service" /><tag k="oneway" v="no" /></way><way id="920" timestamp="2026-03-31T16:45:31Z" uid="1" user="OSMnx" version="1" changeset="1"><nd ref="12180433268" /><nd ref="12180433269" /><tag k="highway" v="service" /><tag k="oneway" v="no" /></way><way id="921" timestamp="2026-03-31T16:45:31Z" uid="1" user="OSMnx" version="1" changeset="1"><nd ref="12180433268" /><nd ref="12180433267" /><tag k="highway" v="service" /><tag k="oneway" v="no" /></way><way id="922" timestamp="2026-03-31T16:45:31Z" uid="1" user="OSMnx" version="1" changeset="1"><nd ref="12180433269" /><nd ref="12180433270" /><tag k="highway" v="service" /><tag k="oneway" v="no" /></way><way id="923" timestamp="2026-03-31T16:45:31Z" uid="1" user="OSMnx" version="1" changeset="1"><nd ref="12180433269" /><nd ref="12180433268" /><tag k="highway" v="service" /><tag k="oneway" v="no" /></way><way id="924" timestamp="2026-03-31T16:45:31Z" uid="1" user="OSMnx" version="1" changeset="1"><nd ref="12180433270" /><nd ref="12180433271" /><tag k="highway" v="service" /><tag k="oneway" v="no" /></way><way id="925" timestamp="2026-03-31T16:45:31Z" uid="1" user="OSMnx" version="1" changeset="1"><nd ref="12180433270" /><nd ref="12180433269" /><tag k="highway" v="service" /><tag k="oneway" v="no" /></way><way id="926" timestamp="2026-03-31T16:45:31Z" uid="1" user="OSMnx" version="1" changeset="1"><nd ref="12180433271" /><nd ref="12180433275" /><tag k="highway" v="service" /><tag k="oneway" v="no" /></way><way id="927" timestamp="2026-03-31T16:45:31Z" uid="1" user="OSMnx" version="1" changeset="1"><nd ref="12180433271" /><nd ref="12180433270" /><tag k="highway" v="service" /><tag k="oneway" v="no" /></way><way id="928" timestamp="2026-03-31T16:45:31Z" uid="1" user="OSMnx" version="1" changeset="1"><nd ref="12180433272" /><nd ref="12180433234" /><tag k="highway" v="footway" /><tag k="oneway" v="no" /></way><way id="929" timestamp="2026-03-31T16:45:31Z" uid="1" user="OSMnx" version="1" changeset="1"><nd ref="12180433272" /><nd ref="12180433366" /><tag k="highway" v="footway" /><tag k="oneway" v="no" /></way><way id="930" timestamp="2026-03-31T16:45:31Z" uid="1" user="OSMnx" version="1" changeset="1"><nd ref="12180433272" /><nd ref="12180433273" /><tag k="highway" v="service" /><tag k="oneway" v="no" /></way><way id="931" timestamp="2026-03-31T16:45:31Z" uid="1" user="OSMnx" version="1" changeset="1"><nd ref="12180433272" /><nd ref="12180433275" /><tag k="highway" v="service" /><tag k="oneway" v="no" /></way><way id="932" timestamp="2026-03-31T16:45:31Z" uid="1" user="OSMnx" version="1" changeset="1"><nd ref="12180433273" /><nd ref="12180433274" /><tag k="highway" v="service" /><tag k="oneway" v="no" /></way><way id="933" timestamp="2026-03-31T16:45:31Z" uid="1" user="OSMnx" version="1" changeset="1"><nd ref="12180433273" /><nd ref="12180433272" /><tag k="highway" v="service" /><tag k="oneway" v="no" /></way><way id="934" timestamp="2026-03-31T16:45:31Z" uid="1" user="OSMnx" version="1" changeset="1"><nd ref="12180433274" /><nd ref="12180433273" /><tag k="highway" v="service" /><tag k="oneway" v="no" /></way><way id="935" timestamp="2026-03-31T16:45:31Z" uid="1" user="OSMnx" version="1" changeset="1"><nd ref="12180433275" /><nd ref="12180433272" /><tag k="highway" v="service" /><tag k="oneway" v="no" /></way><way id="936" timestamp="2026-03-31T16:45:31Z" uid="1" user="OSMnx" version="1" changeset="1"><nd ref="12180433275" /><nd ref="12180433271" /><tag k="highway" v="service" /><tag k="oneway" v="no" /></way><way id="937" timestamp="2026-03-31T16:45:31Z" uid="1" user="OSMnx" version="1" changeset="1"><nd ref="12180433276" /><nd ref="12180433258" /><tag k="highway" v="service" /><tag k="oneway" v="no" /></way><way id="938" timestamp="2026-03-31T16:45:31Z" uid="1" user="OSMnx" version="1" changeset="1"><nd ref="12180433276" /><nd ref="12180433257" /><tag k="highway" v="service" /><tag k="oneway" v="no" /></way><way id="939" timestamp="2026-03-31T16:45:31Z" uid="1" user="OSMnx" version="1" changeset="1"><nd ref="12180433276" /><nd ref="12180433292" /><tag k="highway" v="service" /><tag k="oneway" v="no" /></way><way id="940" timestamp="2026-03-31T16:45:31Z" uid="1" user="OSMnx" version="1" changeset="1"><nd ref="12180433277" /><nd ref="12180433278" /><tag k="highway" v="service" /><tag k="oneway" v="no" /></way><way id="941" timestamp="2026-03-31T16:45:31Z" uid="1" user="OSMnx" version="1" changeset="1"><nd ref="12180433277" /><nd ref="12180433292" /><tag k="highway" v="service" /><tag k="oneway" v="no" /></way><way id="942" timestamp="2026-03-31T16:45:31Z" uid="1" user="OSMnx" version="1" changeset="1"><nd ref="12180433278" /><nd ref="12180433279" /><tag k="highway" v="service" /><tag k="oneway" v="no" /></way><way id="943" timestamp="2026-03-31T16:45:31Z" uid="1" user="OSMnx" version="1" changeset="1"><nd ref="12180433278" /><nd ref="12180433277" /><tag k="highway" v="service" /><tag k="oneway" v="no" /></way><way id="944" timestamp="2026-03-31T16:45:31Z" uid="1" user="OSMnx" version="1" changeset="1"><nd ref="12180433279" /><nd ref="12180433280" /><tag k="highway" v="service" /><tag k="oneway" v="no" /></way><way id="945" timestamp="2026-03-31T16:45:31Z" uid="1" user="OSMnx" version="1" changeset="1"><nd ref="12180433279" /><nd ref="12180433278" /><tag k="highway" v="service" /><tag k="oneway" v="no" /></way><way id="946" timestamp="2026-03-31T16:45:31Z" uid="1" user="OSMnx" version="1" changeset="1"><nd ref="12180433280" /><nd ref="12180433281" /><tag k="highway" v="service" /><tag k="oneway" v="no" /></way><way id="947" timestamp="2026-03-31T16:45:31Z" uid="1" user="OSMnx" version="1" changeset="1"><nd ref="12180433280" /><nd ref="12180433279" /><tag k="highway" v="service" /><tag k="oneway" v="no" /></way><way id="948" timestamp="2026-03-31T16:45:31Z" uid="1" user="OSMnx" version="1" changeset="1"><nd ref="12180433281" /><nd ref="12180433282" /><tag k="highway" v="service" /><tag k="oneway" v="no" /></way><way id="949" timestamp="2026-03-31T16:45:31Z" uid="1" user="OSMnx" version="1" changeset="1"><nd ref="12180433281" /><nd ref="12180433280" /><tag k="highway" v="service" /><tag k="oneway" v="no" /></way><way id="950" timestamp="2026-03-31T16:45:31Z" uid="1" user="OSMnx" version="1" changeset="1"><nd ref="12180433282" /><nd ref="12180433283" /><tag k="highway" v="service" /><tag k="oneway" v="no" /></way><way id="951" timestamp="2026-03-31T16:45:31Z" uid="1" user="OSMnx" version="1" changeset="1"><nd ref="12180433282" /><nd ref="12180433281" /><tag k="highway" v="service" /><tag k="oneway" v="no" /></way><way id="952" timestamp="2026-03-31T16:45:31Z" uid="1" user="OSMnx" version="1" changeset="1"><nd ref="12180433283" /><nd ref="12180433284" /><tag k="highway" v="service" /><tag k="oneway" v="no" /></way><way id="953" timestamp="2026-03-31T16:45:31Z" uid="1" user="OSMnx" version="1" changeset="1"><nd ref="12180433283" /><nd ref="12180433282" /><tag k="highway" v="service" /><tag k="oneway" v="no" /></way><way id="954" timestamp="2026-03-31T16:45:31Z" uid="1" user="OSMnx" version="1" changeset="1"><nd ref="12180433284" /><nd ref="12180433285" /><tag k="highway" v="service" /><tag k="oneway" v="no" /></way><way id="955" timestamp="2026-03-31T16:45:31Z" uid="1" user="OSMnx" version="1" changeset="1"><nd ref="12180433284" /><nd ref="12180433283" /><tag k="highway" v="service" /><tag k="oneway" v="no" /></way><way id="956" timestamp="2026-03-31T16:45:31Z" uid="1" user="OSMnx" version="1" changeset="1"><nd ref="12180433285" /><nd ref="12180433286" /><tag k="highway" v="service" /><tag k="oneway" v="no" /></way><way id="957" timestamp="2026-03-31T16:45:31Z" uid="1" user="OSMnx" version="1" changeset="1"><nd ref="12180433285" /><nd ref="12180433284" /><tag k="highway" v="service" /><tag k="oneway" v="no" /></way><way id="958" timestamp="2026-03-31T16:45:31Z" uid="1" user="OSMnx" version="1" changeset="1"><nd ref="12180433286" /><nd ref="12180433287" /><tag k="highway" v="service" /><tag k="oneway" v="no" /></way><way id="959" timestamp="2026-03-31T16:45:31Z" uid="1" user="OSMnx" version="1" changeset="1"><nd ref="12180433286" /><nd ref="12180433285" /><tag k="highway" v="service" /><tag k="oneway" v="no" /></way><way id="960" timestamp="2026-03-31T16:45:31Z" uid="1" user="OSMnx" version="1" changeset="1"><nd ref="12180433287" /><nd ref="12180433288" /><tag k="highway" v="service" /><tag k="oneway" v="no" /></way><way id="961" timestamp="2026-03-31T16:45:31Z" uid="1" user="OSMnx" version="1" changeset="1"><nd ref="12180433287" /><nd ref="12180433286" /><tag k="highway" v="service" /><tag k="oneway" v="no" /></way><way id="962" timestamp="2026-03-31T16:45:31Z" uid="1" user="OSMnx" version="1" changeset="1"><nd ref="12180433288" /><nd ref="12180433289" /><tag k="highway" v="service" /><tag k="oneway" v="no" /></way><way id="963" timestamp="2026-03-31T16:45:31Z" uid="1" user="OSMnx" version="1" changeset="1"><nd ref="12180433288" /><nd ref="12180433287" /><tag k="highway" v="service" /><tag k="oneway" v="no" /></way><way id="964" timestamp="2026-03-31T16:45:31Z" uid="1" user="OSMnx" version="1" changeset="1"><nd ref="12180433289" /><nd ref="12180433290" /><tag k="highway" v="service" /><tag k="oneway" v="no" /></way><way id="965" timestamp="2026-03-31T16:45:31Z" uid="1" user="OSMnx" version="1" changeset="1"><nd ref="12180433289" /><nd ref="12180433288" /><tag k="highway" v="service" /><tag k="oneway" v="no" /></way><way id="966" timestamp="2026-03-31T16:45:31Z" uid="1" user="OSMnx" version="1" changeset="1"><nd ref="12180433290" /><nd ref="12180433291" /><tag k="highway" v="service" /><tag k="oneway" v="no" /></way><way id="967" timestamp="2026-03-31T16:45:31Z" uid="1" user="OSMnx" version="1" changeset="1"><nd ref="12180433290" /><nd ref="12180433289" /><tag k="highway" v="service" /><tag k="oneway" v="no" /></way><way id="968" timestamp="2026-03-31T16:45:31Z" uid="1" user="OSMnx" version="1" changeset="1"><nd ref="12180433291" /><nd ref="12180433293" /><tag k="highway" v="service" /><tag k="oneway" v="no" /></way><way id="969" timestamp="2026-03-31T16:45:31Z" uid="1" user="OSMnx" version="1" changeset="1"><nd ref="12180433291" /><nd ref="12180433290" /><tag k="highway" v="service" /><tag k="oneway" v="no" /></way><way id="970" timestamp="2026-03-31T16:45:31Z" uid="1" user="OSMnx" version="1" changeset="1"><nd ref="12180433292" /><nd ref="12180433277" /><tag k="highway" v="service" /><tag k="oneway" v="no" /></way><way id="971" timestamp="2026-03-31T16:45:31Z" uid="1" user="OSMnx" version="1" changeset="1"><nd ref="12180433292" /><nd ref="12180433276" /><tag k="highway" v="service" /><tag k="oneway" v="no" /></way><way id="972" timestamp="2026-03-31T16:45:31Z" uid="1" user="OSMnx" version="1" changeset="1"><nd ref="12180433292" /><nd ref="12180433293" /><tag k="highway" v="service" /><tag k="oneway" v="no" /></way><way id="973" timestamp="2026-03-31T16:45:31Z" uid="1" user="OSMnx" version="1" changeset="1"><nd ref="12180433293" /><nd ref="12180433258" /><tag k="highway" v="service" /><tag k="oneway" v="no" /></way><way id="974" timestamp="2026-03-31T16:45:31Z" uid="1" user="OSMnx" version="1" changeset="1"><nd ref="12180433293" /><nd ref="12180433291" /><tag k="highway" v="service" /><tag k="oneway" v="no" /></way><way id="975" timestamp="2026-03-31T16:45:31Z" uid="1" user="OSMnx" version="1" changeset="1"><nd ref="12180433293" /><nd ref="12180433292" /><tag k="highway" v="service" /><tag k="oneway" v="no" /></way><way id="976" timestamp="2026-03-31T16:45:31Z" uid="1" user="OSMnx" version="1" changeset="1"><nd ref="12180433307" /><nd ref="12180433396" /><tag k="highway" v="footway" /><tag k="oneway" v="no" /></way><way id="977" timestamp="2026-03-31T16:45:31Z" uid="1" user="OSMnx" version="1" changeset="1"><nd ref="12180433307" /><nd ref="12180433149" /><tag k="highway" v="footway" /><tag k="oneway" v="no" /></way><way id="978" timestamp="2026-03-31T16:45:31Z" uid="1" user="OSMnx" version="1" changeset="1"><nd ref="12180433307" /><nd ref="12180433399" /><tag k="highway" v="footway" /><tag k="oneway" v="no" /></way><way id="979" timestamp="2026-03-31T16:45:31Z" uid="1" user="OSMnx" version="1" changeset="1"><nd ref="12180433307" /><nd ref="12180433308" /><tag k="highway" v="footway" /><tag k="oneway" v="no" /></way><way id="980" timestamp="2026-03-31T16:45:31Z" uid="1" user="OSMnx" version="1" changeset="1"><nd ref="12180433308" /><nd ref="12180433309" /><tag k="highway" v="footway" /><tag k="oneway" v="no" /></way><way id="981" timestamp="2026-03-31T16:45:31Z" uid="1" user="OSMnx" version="1" changeset="1"><nd ref="12180433308" /><nd ref="12180433307" /><tag k="highway" v="footway" /><tag k="oneway" v="no" /></way><way id="982" timestamp="2026-03-31T16:45:31Z" uid="1" user="OSMnx" version="1" changeset="1"><nd ref="12180433309" /><nd ref="12180433310" /><tag k="highway" v="footway" /><tag k="oneway" v="no" /></way><way id="983" timestamp="2026-03-31T16:45:31Z" uid="1" user="OSMnx" version="1" changeset="1"><nd ref="12180433309" /><nd ref="12180433308" /><tag k="highway" v="footway" /><tag k="oneway" v="no" /></way><way id="984" timestamp="2026-03-31T16:45:31Z" uid="1" user="OSMnx" version="1" changeset="1"><nd ref="12180433310" /><nd ref="12180433311" /><tag k="highway" v="footway" /><tag k="oneway" v="no" /></way><way id="985" timestamp="2026-03-31T16:45:31Z" uid="1" user="OSMnx" version="1" changeset="1"><nd ref="12180433310" /><nd ref="12180433309" /><tag k="highway" v="footway" /><tag k="oneway" v="no" /></way><way id="986" timestamp="2026-03-31T16:45:31Z" uid="1" user="OSMnx" version="1" changeset="1"><nd ref="12180433311" /><nd ref="12180433312" /><tag k="highway" v="footway" /><tag k="oneway" v="no" /></way><way id="987" timestamp="2026-03-31T16:45:31Z" uid="1" user="OSMnx" version="1" changeset="1"><nd ref="12180433311" /><nd ref="12180433310" /><tag k="highway" v="footway" /><tag k="oneway" v="no" /></way><way id="988" timestamp="2026-03-31T16:45:31Z" uid="1" user="OSMnx" version="1" changeset="1"><nd ref="12180433312" /><nd ref="12180433313" /><tag k="highway" v="footway" /><tag k="oneway" v="no" /></way><way id="989" timestamp="2026-03-31T16:45:31Z" uid="1" user="OSMnx" version="1" changeset="1"><nd ref="12180433312" /><nd ref="12180433311" /><tag k="highway" v="footway" /><tag k="oneway" v="no" /></way><way id="990" timestamp="2026-03-31T16:45:31Z" uid="1" user="OSMnx" version="1" changeset="1"><nd ref="12180433313" /><nd ref="12180433314" /><tag k="highway" v="footway" /><tag k="oneway" v="no" /></way><way id="991" timestamp="2026-03-31T16:45:31Z" uid="1" user="OSMnx" version="1" changeset="1"><nd ref="12180433313" /><nd ref="12180433312" /><tag k="highway" v="footway" /><tag k="oneway" v="no" /></way><way id="992" timestamp="2026-03-31T16:45:31Z" uid="1" user="OSMnx" version="1" changeset="1"><nd ref="12180433314" /><nd ref="12180433315" /><tag k="highway" v="footway" /><tag k="oneway" v="no" /></way><way id="993" timestamp="2026-03-31T16:45:31Z" uid="1" user="OSMnx" version="1" changeset="1"><nd ref="12180433314" /><nd ref="12180433313" /><tag k="highway" v="footway" /><tag k="oneway" v="no" /></way><way id="994" timestamp="2026-03-31T16:45:31Z" uid="1" user="OSMnx" version="1" changeset="1"><nd ref="12180433315" /><nd ref="12180433316" /><tag k="highway" v="footway" /><tag k="oneway" v="no" /></way><way id="995" timestamp="2026-03-31T16:45:31Z" uid="1" user="OSMnx" version="1" changeset="1"><nd ref="12180433315" /><nd ref="12180433314" /><tag k="highway" v="footway" /><tag k="oneway" v="no" /></way><way id="996" timestamp="2026-03-31T16:45:31Z" uid="1" user="OSMnx" version="1" changeset="1"><nd ref="12180433316" /><nd ref="12180433373" /><tag k="highway" v="footway" /><tag k="oneway" v="no" /></way><way id="997" timestamp="2026-03-31T16:45:31Z" uid="1" user="OSMnx" version="1" changeset="1"><nd ref="12180433316" /><nd ref="12180433315" /><tag k="highway" v="footway" /><tag k="oneway" v="no" /></way><way id="998" timestamp="2026-03-31T16:45:31Z" uid="1" user="OSMnx" version="1" changeset="1"><nd ref="12180433317" /><nd ref="12180433318" /><tag k="highway" v="footway" /><tag k="oneway" v="no" /></way><way id="999" timestamp="2026-03-31T16:45:31Z" uid="1" user="OSMnx" version="1" changeset="1"><nd ref="12180433317" /><nd ref="12180433373" /><tag k="highway" v="footway" /><tag k="oneway" v="no" /></way><way id="1000" timestamp="2026-03-31T16:45:31Z" uid="1" user="OSMnx" version="1" changeset="1"><nd ref="12180433318" /><nd ref="12180433319" /><tag k="highway" v="footway" /><tag k="oneway" v="no" /></way><way id="1001" timestamp="2026-03-31T16:45:31Z" uid="1" user="OSMnx" version="1" changeset="1"><nd ref="12180433318" /><nd ref="12180433317" /><tag k="highway" v="footway" /><tag k="oneway" v="no" /></way><way id="1002" timestamp="2026-03-31T16:45:31Z" uid="1" user="OSMnx" version="1" changeset="1"><nd ref="12180433319" /><nd ref="12180433320" /><tag k="highway" v="footway" /><tag k="oneway" v="no" /></way><way id="1003" timestamp="2026-03-31T16:45:31Z" uid="1" user="OSMnx" version="1" changeset="1"><nd ref="12180433319" /><nd ref="12180433318" /><tag k="highway" v="footway" /><tag k="oneway" v="no" /></way><way id="1004" timestamp="2026-03-31T16:45:31Z" uid="1" user="OSMnx" version="1" changeset="1"><nd ref="12180433320" /><nd ref="12180433321" /><tag k="highway" v="footway" /><tag k="oneway" v="no" /></way><way id="1005" timestamp="2026-03-31T16:45:31Z" uid="1" user="OSMnx" version="1" changeset="1"><nd ref="12180433320" /><nd ref="12180433319" /><tag k="highway" v="footway" /><tag k="oneway" v="no" /></way><way id="1006" timestamp="2026-03-31T16:45:31Z" uid="1" user="OSMnx" version="1" changeset="1"><nd ref="12180433321" /><nd ref="12180433322" /><tag k="highway" v="footway" /><tag k="oneway" v="no" /></way><way id="1007" timestamp="2026-03-31T16:45:31Z" uid="1" user="OSMnx" version="1" changeset="1"><nd ref="12180433321" /><nd ref="12180433320" /><tag k="highway" v="footway" /><tag k="oneway" v="no" /></way><way id="1008" timestamp="2026-03-31T16:45:31Z" uid="1" user="OSMnx" version="1" changeset="1"><nd ref="12180433322" /><nd ref="12180433323" /><tag k="highway" v="footway" /><tag k="oneway" v="no" /></way><way id="1009" timestamp="2026-03-31T16:45:31Z" uid="1" user="OSMnx" version="1" changeset="1"><nd ref="12180433322" /><nd ref="12180433321" /><tag k="highway" v="footway" /><tag k="oneway" v="no" /></way><way id="1010" timestamp="2026-03-31T16:45:31Z" uid="1" user="OSMnx" version="1" changeset="1"><nd ref="12180433323" /><nd ref="12180433324" /><tag k="highway" v="footway" /><tag k="oneway" v="no" /></way><way id="1011" timestamp="2026-03-31T16:45:31Z" uid="1" user="OSMnx" version="1" changeset="1"><nd ref="12180433323" /><nd ref="12180433322" /><tag k="highway" v="footway" /><tag k="oneway" v="no" /></way><way id="1012" timestamp="2026-03-31T16:45:31Z" uid="1" user="OSMnx" version="1" changeset="1"><nd ref="12180433324" /><nd ref="12180433325" /><tag k="highway" v="footway" /><tag k="oneway" v="no" /></way><way id="1013" timestamp="2026-03-31T16:45:31Z" uid="1" user="OSMnx" version="1" changeset="1"><nd ref="12180433324" /><nd ref="12180433323" /><tag k="highway" v="footway" /><tag k="oneway" v="no" /></way><way id="1014" timestamp="2026-03-31T16:45:31Z" uid="1" user="OSMnx" version="1" changeset="1"><nd ref="12180433325" /><nd ref="12180433326" /><tag k="highway" v="footway" /><tag k="oneway" v="no" /></way><way id="1015" timestamp="2026-03-31T16:45:31Z" uid="1" user="OSMnx" version="1" changeset="1"><nd ref="12180433325" /><nd ref="12180433324" /><tag k="highway" v="footway" /><tag k="oneway" v="no" /></way><way id="1016" timestamp="2026-03-31T16:45:31Z" uid="1" user="OSMnx" version="1" changeset="1"><nd ref="12180433326" /><nd ref="12180433327" /><tag k="highway" v="footway" /><tag k="oneway" v="no" /></way><way id="1017" timestamp="2026-03-31T16:45:31Z" uid="1" user="OSMnx" version="1" changeset="1"><nd ref="12180433326" /><nd ref="12180433325" /><tag k="highway" v="footway" /><tag k="oneway" v="no" /></way><way id="1018" timestamp="2026-03-31T16:45:31Z" uid="1" user="OSMnx" version="1" changeset="1"><nd ref="12180433327" /><nd ref="12180433328" /><tag k="highway" v="footway" /><tag k="oneway" v="no" /></way><way id="1019" timestamp="2026-03-31T16:45:31Z" uid="1" user="OSMnx" version="1" changeset="1"><nd ref="12180433327" /><nd ref="12180433326" /><tag k="highway" v="footway" /><tag k="oneway" v="no" /></way><way id="1020" timestamp="2026-03-31T16:45:31Z" uid="1" user="OSMnx" version="1" changeset="1"><nd ref="12180433328" /><nd ref="12180433329" /><tag k="highway" v="footway" /><tag k="oneway" v="no" /></way><way id="1021" timestamp="2026-03-31T16:45:31Z" uid="1" user="OSMnx" version="1" changeset="1"><nd ref="12180433328" /><nd ref="12180433327" /><tag k="highway" v="footway" /><tag k="oneway" v="no" /></way><way id="1022" timestamp="2026-03-31T16:45:31Z" uid="1" user="OSMnx" version="1" changeset="1"><nd ref="12180433329" /><nd ref="12180433330" /><tag k="highway" v="footway" /><tag k="oneway" v="no" /></way><way id="1023" timestamp="2026-03-31T16:45:31Z" uid="1" user="OSMnx" version="1" changeset="1"><nd ref="12180433329" /><nd ref="12180433328" /><tag k="highway" v="footway" /><tag k="oneway" v="no" /></way><way id="1024" timestamp="2026-03-31T16:45:31Z" uid="1" user="OSMnx" version="1" changeset="1"><nd ref="12180433330" /><nd ref="12180433331" /><tag k="highway" v="footway" /><tag k="oneway" v="no" /></way><way id="1025" timestamp="2026-03-31T16:45:31Z" uid="1" user="OSMnx" version="1" changeset="1"><nd ref="12180433330" /><nd ref="12180433329" /><tag k="highway" v="footway" /><tag k="oneway" v="no" /></way><way id="1026" timestamp="2026-03-31T16:45:31Z" uid="1" user="OSMnx" version="1" changeset="1"><nd ref="12180433331" /><nd ref="12180433332" /><tag k="highway" v="footway" /><tag k="oneway" v="no" /></way><way id="1027" timestamp="2026-03-31T16:45:31Z" uid="1" user="OSMnx" version="1" changeset="1"><nd ref="12180433331" /><nd ref="12180433330" /><tag k="highway" v="footway" /><tag k="oneway" v="no" /></way><way id="1028" timestamp="2026-03-31T16:45:31Z" uid="1" user="OSMnx" version="1" changeset="1"><nd ref="12180433332" /><nd ref="12180433333" /><tag k="highway" v="footway" /><tag k="oneway" v="no" /></way><way id="1029" timestamp="2026-03-31T16:45:31Z" uid="1" user="OSMnx" version="1" changeset="1"><nd ref="12180433332" /><nd ref="12180433331" /><tag k="highway" v="footway" /><tag k="oneway" v="no" /></way><way id="1030" timestamp="2026-03-31T16:45:31Z" uid="1" user="OSMnx" version="1" changeset="1"><nd ref="12180433333" /><nd ref="12180433334" /><tag k="highway" v="footway" /><tag k="oneway" v="no" /></way><way id="1031" timestamp="2026-03-31T16:45:31Z" uid="1" user="OSMnx" version="1" changeset="1"><nd ref="12180433333" /><nd ref="12180433332" /><tag k="highway" v="footway" /><tag k="oneway" v="no" /></way><way id="1032" timestamp="2026-03-31T16:45:31Z" uid="1" user="OSMnx" version="1" changeset="1"><nd ref="12180433334" /><nd ref="12180433335" /><tag k="highway" v="footway" /><tag k="oneway" v="no" /></way><way id="1033" timestamp="2026-03-31T16:45:31Z" uid="1" user="OSMnx" version="1" changeset="1"><nd ref="12180433334" /><nd ref="12180433333" /><tag k="highway" v="footway" /><tag k="oneway" v="no" /></way><way id="1034" timestamp="2026-03-31T16:45:31Z" uid="1" user="OSMnx" version="1" changeset="1"><nd ref="12180433335" /><nd ref="12180433336" /><tag k="highway" v="footway" /><tag k="oneway" v="no" /></way><way id="1035" timestamp="2026-03-31T16:45:31Z" uid="1" user="OSMnx" version="1" changeset="1"><nd ref="12180433335" /><nd ref="12180433334" /><tag k="highway" v="footway" /><tag k="oneway" v="no" /></way><way id="1036" timestamp="2026-03-31T16:45:31Z" uid="1" user="OSMnx" version="1" changeset="1"><nd ref="12180433336" /><nd ref="12180433337" /><tag k="highway" v="footway" /><tag k="oneway" v="no" /></way><way id="1037" timestamp="2026-03-31T16:45:31Z" uid="1" user="OSMnx" version="1" changeset="1"><nd ref="12180433336" /><nd ref="12180433335" /><tag k="highway" v="footway" /><tag k="oneway" v="no" /></way><way id="1038" timestamp="2026-03-31T16:45:31Z" uid="1" user="OSMnx" version="1" changeset="1"><nd ref="12180433336" /><nd ref="12180433368" /><tag k="highway" v="footway" /><tag k="oneway" v="no" /></way><way id="1039" timestamp="2026-03-31T16:45:31Z" uid="1" user="OSMnx" version="1" changeset="1"><nd ref="12180433336" /><nd ref="12180433148" /><tag k="highway" v="footway" /><tag k="oneway" v="no" /></way><way id="1040" timestamp="2026-03-31T16:45:31Z" uid="1" user="OSMnx" version="1" changeset="1"><nd ref="12180433337" /><nd ref="12180433338" /><tag k="highway" v="footway" /><tag k="oneway" v="no" /></way><way id="1041" timestamp="2026-03-31T16:45:31Z" uid="1" user="OSMnx" version="1" changeset="1"><nd ref="12180433337" /><nd ref="12180433336" /><tag k="highway" v="footway" /><tag k="oneway" v="no" /></way><way id="1042" timestamp="2026-03-31T16:45:31Z" uid="1" user="OSMnx" version="1" changeset="1"><nd ref="12180433337" /><nd ref="12180433370" /><tag k="highway" v="footway" /><tag k="oneway" v="no" /></way><way id="1043" timestamp="2026-03-31T16:45:31Z" uid="1" user="OSMnx" version="1" changeset="1"><nd ref="12180433337" /><nd ref="12180433369" /><tag k="highway" v="footway" /><tag k="oneway" v="no" /></way><way id="1044" timestamp="2026-03-31T16:45:31Z" uid="1" user="OSMnx" version="1" changeset="1"><nd ref="12180433338" /><nd ref="12180433339" /><tag k="highway" v="footway" /><tag k="oneway" v="no" /></way><way id="1045" timestamp="2026-03-31T16:45:31Z" uid="1" user="OSMnx" version="1" changeset="1"><nd ref="12180433338" /><nd ref="12180433337" /><tag k="highway" v="footway" /><tag k="oneway" v="no" /></way><way id="1046" timestamp="2026-03-31T16:45:31Z" uid="1" user="OSMnx" version="1" changeset="1"><nd ref="12180433339" /><nd ref="12180433340" /><tag k="highway" v="footway" /><tag k="oneway" v="no" /></way><way id="1047" timestamp="2026-03-31T16:45:31Z" uid="1" user="OSMnx" version="1" changeset="1"><nd ref="12180433339" /><nd ref="12180433338" /><tag k="highway" v="footway" /><tag k="oneway" v="no" /></way><way id="1048" timestamp="2026-03-31T16:45:31Z" uid="1" user="OSMnx" version="1" changeset="1"><nd ref="12180433340" /><nd ref="12180433341" /><tag k="highway" v="footway" /><tag k="oneway" v="no" /></way><way id="1049" timestamp="2026-03-31T16:45:31Z" uid="1" user="OSMnx" version="1" changeset="1"><nd ref="12180433340" /><nd ref="12180433339" /><tag k="highway" v="footway" /><tag k="oneway" v="no" /></way><way id="1050" timestamp="2026-03-31T16:45:31Z" uid="1" user="OSMnx" version="1" changeset="1"><nd ref="12180433341" /><nd ref="12180433342" /><tag k="highway" v="footway" /><tag k="oneway" v="no" /></way><way id="1051" timestamp="2026-03-31T16:45:31Z" uid="1" user="OSMnx" version="1" changeset="1"><nd ref="12180433341" /><nd ref="12180433340" /><tag k="highway" v="footway" /><tag k="oneway" v="no" /></way><way id="1052" timestamp="2026-03-31T16:45:31Z" uid="1" user="OSMnx" version="1" changeset="1"><nd ref="12180433342" /><nd ref="12180433343" /><tag k="highway" v="footway" /><tag k="oneway" v="no" /></way><way id="1053" timestamp="2026-03-31T16:45:31Z" uid="1" user="OSMnx" version="1" changeset="1"><nd ref="12180433342" /><nd ref="12180433341" /><tag k="highway" v="footway" /><tag k="oneway" v="no" /></way><way id="1054" timestamp="2026-03-31T16:45:31Z" uid="1" user="OSMnx" version="1" changeset="1"><nd ref="12180433343" /><nd ref="12180433344" /><tag k="highway" v="footway" /><tag k="oneway" v="no" /></way><way id="1055" timestamp="2026-03-31T16:45:31Z" uid="1" user="OSMnx" version="1" changeset="1"><nd ref="12180433343" /><nd ref="12180433342" /><tag k="highway" v="footway" /><tag k="oneway" v="no" /></way><way id="1056" timestamp="2026-03-31T16:45:31Z" uid="1" user="OSMnx" version="1" changeset="1"><nd ref="12180433344" /><nd ref="12180433345" /><tag k="highway" v="footway" /><tag k="oneway" v="no" /></way><way id="1057" timestamp="2026-03-31T16:45:31Z" uid="1" user="OSMnx" version="1" changeset="1"><nd ref="12180433344" /><nd ref="12180433343" /><tag k="highway" v="footway" /><tag k="oneway" v="no" /></way><way id="1058" timestamp="2026-03-31T16:45:31Z" uid="1" user="OSMnx" version="1" changeset="1"><nd ref="12180433345" /><nd ref="12180433346" /><tag k="highway" v="footway" /><tag k="oneway" v="no" /></way><way id="1059" timestamp="2026-03-31T16:45:31Z" uid="1" user="OSMnx" version="1" changeset="1"><nd ref="12180433345" /><nd ref="12180433344" /><tag k="highway" v="footway" /><tag k="oneway" v="no" /></way><way id="1060" timestamp="2026-03-31T16:45:31Z" uid="1" user="OSMnx" version="1" changeset="1"><nd ref="12180433346" /><nd ref="12180433347" /><tag k="highway" v="footway" /><tag k="oneway" v="no" /></way><way id="1061" timestamp="2026-03-31T16:45:31Z" uid="1" user="OSMnx" version="1" changeset="1"><nd ref="12180433346" /><nd ref="12180433345" /><tag k="highway" v="footway" /><tag k="oneway" v="no" /></way><way id="1062" timestamp="2026-03-31T16:45:31Z" uid="1" user="OSMnx" version="1" changeset="1"><nd ref="12180433347" /><nd ref="12180433145" /><tag k="highway" v="footway" /><tag k="oneway" v="no" /></way><way id="1063" timestamp="2026-03-31T16:45:31Z" uid="1" user="OSMnx" version="1" changeset="1"><nd ref="12180433347" /><nd ref="12180433264" /><tag k="highway" v="footway" /><tag k="oneway" v="no" /></way><way id="1064" timestamp="2026-03-31T16:45:31Z" uid="1" user="OSMnx" version="1" changeset="1"><nd ref="12180433347" /><nd ref="12180433348" /><tag k="highway" v="footway" /><tag k="oneway" v="no" /></way><way id="1065" timestamp="2026-03-31T16:45:31Z" uid="1" user="OSMnx" version="1" changeset="1"><nd ref="12180433347" /><nd ref="12180433346" /><tag k="highway" v="footway" /><tag k="oneway" v="no" /></way><way id="1066" timestamp="2026-03-31T16:45:31Z" uid="1" user="OSMnx" version="1" changeset="1"><nd ref="12180433348" /><nd ref="12180433349" /><tag k="highway" v="footway" /><tag k="oneway" v="no" /></way><way id="1067" timestamp="2026-03-31T16:45:31Z" uid="1" user="OSMnx" version="1" changeset="1"><nd ref="12180433348" /><nd ref="12180433347" /><tag k="highway" v="footway" /><tag k="oneway" v="no" /></way><way id="1068" timestamp="2026-03-31T16:45:31Z" uid="1" user="OSMnx" version="1" changeset="1"><nd ref="12180433349" /><nd ref="12180433350" /><tag k="highway" v="footway" /><tag k="oneway" v="no" /></way><way id="1069" timestamp="2026-03-31T16:45:31Z" uid="1" user="OSMnx" version="1" changeset="1"><nd ref="12180433349" /><nd ref="12180433348" /><tag k="highway" v="footway" /><tag k="oneway" v="no" /></way><way id="1070" timestamp="2026-03-31T16:45:31Z" uid="1" user="OSMnx" version="1" changeset="1"><nd ref="12180433350" /><nd ref="12180433351" /><tag k="highway" v="footway" /><tag k="oneway" v="no" /></way><way id="1071" timestamp="2026-03-31T16:45:31Z" uid="1" user="OSMnx" version="1" changeset="1"><nd ref="12180433350" /><nd ref="12180433349" /><tag k="highway" v="footway" /><tag k="oneway" v="no" /></way><way id="1072" timestamp="2026-03-31T16:45:31Z" uid="1" user="OSMnx" version="1" changeset="1"><nd ref="12180433351" /><nd ref="12180433352" /><tag k="highway" v="footway" /><tag k="oneway" v="no" /></way><way id="1073" timestamp="2026-03-31T16:45:31Z" uid="1" user="OSMnx" version="1" changeset="1"><nd ref="12180433351" /><nd ref="12180433350" /><tag k="highway" v="footway" /><tag k="oneway" v="no" /></way><way id="1074" timestamp="2026-03-31T16:45:31Z" uid="1" user="OSMnx" version="1" changeset="1"><nd ref="12180433352" /><nd ref="12180433353" /><tag k="highway" v="footway" /><tag k="oneway" v="no" /></way><way id="1075" timestamp="2026-03-31T16:45:31Z" uid="1" user="OSMnx" version="1" changeset="1"><nd ref="12180433352" /><nd ref="12180433351" /><tag k="highway" v="footway" /><tag k="oneway" v="no" /></way><way id="1076" timestamp="2026-03-31T16:45:31Z" uid="1" user="OSMnx" version="1" changeset="1"><nd ref="12180433353" /><nd ref="12180433354" /><tag k="highway" v="footway" /><tag k="oneway" v="no" /></way><way id="1077" timestamp="2026-03-31T16:45:31Z" uid="1" user="OSMnx" version="1" changeset="1"><nd ref="12180433353" /><nd ref="12180433352" /><tag k="highway" v="footway" /><tag k="oneway" v="no" /></way><way id="1078" timestamp="2026-03-31T16:45:31Z" uid="1" user="OSMnx" version="1" changeset="1"><nd ref="12180433354" /><nd ref="12180433367" /><tag k="highway" v="footway" /><tag k="oneway" v="no" /></way><way id="1079" timestamp="2026-03-31T16:45:31Z" uid="1" user="OSMnx" version="1" changeset="1"><nd ref="12180433354" /><nd ref="12180433353" /><tag k="highway" v="footway" /><tag k="oneway" v="no" /></way><way id="1080" timestamp="2026-03-31T16:45:31Z" uid="1" user="OSMnx" version="1" changeset="1"><nd ref="12180433355" /><nd ref="12180433356" /><tag k="highway" v="footway" /><tag k="oneway" v="no" /></way><way id="1081" timestamp="2026-03-31T16:45:31Z" uid="1" user="OSMnx" version="1" changeset="1"><nd ref="12180433355" /><nd ref="12180433367" /><tag k="highway" v="footway" /><tag k="oneway" v="no" /></way><way id="1082" timestamp="2026-03-31T16:45:31Z" uid="1" user="OSMnx" version="1" changeset="1"><nd ref="12180433356" /><nd ref="12180433357" /><tag k="highway" v="footway" /><tag k="oneway" v="no" /></way><way id="1083" timestamp="2026-03-31T16:45:31Z" uid="1" user="OSMnx" version="1" changeset="1"><nd ref="12180433356" /><nd ref="12180433355" /><tag k="highway" v="footway" /><tag k="oneway" v="no" /></way><way id="1084" timestamp="2026-03-31T16:45:31Z" uid="1" user="OSMnx" version="1" changeset="1"><nd ref="12180433357" /><nd ref="12180433358" /><tag k="highway" v="footway" /><tag k="oneway" v="no" /></way><way id="1085" timestamp="2026-03-31T16:45:31Z" uid="1" user="OSMnx" version="1" changeset="1"><nd ref="12180433357" /><nd ref="12180433356" /><tag k="highway" v="footway" /><tag k="oneway" v="no" /></way><way id="1086" timestamp="2026-03-31T16:45:31Z" uid="1" user="OSMnx" version="1" changeset="1"><nd ref="12180433358" /><nd ref="12180433359" /><tag k="highway" v="footway" /><tag k="oneway" v="no" /></way><way id="1087" timestamp="2026-03-31T16:45:31Z" uid="1" user="OSMnx" version="1" changeset="1"><nd ref="12180433358" /><nd ref="12180433357" /><tag k="highway" v="footway" /><tag k="oneway" v="no" /></way><way id="1088" timestamp="2026-03-31T16:45:31Z" uid="1" user="OSMnx" version="1" changeset="1"><nd ref="12180433359" /><nd ref="12180433360" /><tag k="highway" v="footway" /><tag k="oneway" v="no" /></way><way id="1089" timestamp="2026-03-31T16:45:31Z" uid="1" user="OSMnx" version="1" changeset="1"><nd ref="12180433359" /><nd ref="12180433358" /><tag k="highway" v="footway" /><tag k="oneway" v="no" /></way><way id="1090" timestamp="2026-03-31T16:45:31Z" uid="1" user="OSMnx" version="1" changeset="1"><nd ref="12180433360" /><nd ref="12180433361" /><tag k="highway" v="footway" /><tag k="oneway" v="no" /></way><way id="1091" timestamp="2026-03-31T16:45:31Z" uid="1" user="OSMnx" version="1" changeset="1"><nd ref="12180433360" /><nd ref="12180433359" /><tag k="highway" v="footway" /><tag k="oneway" v="no" /></way><way id="1092" timestamp="2026-03-31T16:45:31Z" uid="1" user="OSMnx" version="1" changeset="1"><nd ref="12180433361" /><nd ref="12180433362" /><tag k="highway" v="footway" /><tag k="oneway" v="no" /></way><way id="1093" timestamp="2026-03-31T16:45:31Z" uid="1" user="OSMnx" version="1" changeset="1"><nd ref="12180433361" /><nd ref="12180433360" /><tag k="highway" v="footway" /><tag k="oneway" v="no" /></way><way id="1094" timestamp="2026-03-31T16:45:31Z" uid="1" user="OSMnx" version="1" changeset="1"><nd ref="12180433362" /><nd ref="12180433363" /><tag k="highway" v="footway" /><tag k="oneway" v="no" /></way><way id="1095" timestamp="2026-03-31T16:45:31Z" uid="1" user="OSMnx" version="1" changeset="1"><nd ref="12180433362" /><nd ref="12180433361" /><tag k="highway" v="footway" /><tag k="oneway" v="no" /></way><way id="1096" timestamp="2026-03-31T16:45:31Z" uid="1" user="OSMnx" version="1" changeset="1"><nd ref="12180433363" /><nd ref="12180433364" /><tag k="highway" v="footway" /><tag k="oneway" v="no" /></way><way id="1097" timestamp="2026-03-31T16:45:31Z" uid="1" user="OSMnx" version="1" changeset="1"><nd ref="12180433363" /><nd ref="12180433362" /><tag k="highway" v="footway" /><tag k="oneway" v="no" /></way><way id="1098" timestamp="2026-03-31T16:45:31Z" uid="1" user="OSMnx" version="1" changeset="1"><nd ref="12180433364" /><nd ref="12180433365" /><tag k="highway" v="footway" /><tag k="oneway" v="no" /></way><way id="1099" timestamp="2026-03-31T16:45:31Z" uid="1" user="OSMnx" version="1" changeset="1"><nd ref="12180433364" /><nd ref="12180433363" /><tag k="highway" v="footway" /><tag k="oneway" v="no" /></way><way id="1100" timestamp="2026-03-31T16:45:31Z" uid="1" user="OSMnx" version="1" changeset="1"><nd ref="12180433365" /><nd ref="12180433366" /><tag k="highway" v="footway" /><tag k="oneway" v="no" /></way><way id="1101" timestamp="2026-03-31T16:45:31Z" uid="1" user="OSMnx" version="1" changeset="1"><nd ref="12180433365" /><nd ref="12180433364" /><tag k="highway" v="footway" /><tag k="oneway" v="no" /></way><way id="1102" timestamp="2026-03-31T16:45:31Z" uid="1" user="OSMnx" version="1" changeset="1"><nd ref="12180433366" /><nd ref="12180433272" /><tag k="highway" v="footway" /><tag k="oneway" v="no" /></way><way id="1103" timestamp="2026-03-31T16:45:31Z" uid="1" user="OSMnx" version="1" changeset="1"><nd ref="12180433366" /><nd ref="12180433256" /><tag k="highway" v="footway" /><tag k="oneway" v="no" /></way><way id="1104" timestamp="2026-03-31T16:45:31Z" uid="1" user="OSMnx" version="1" changeset="1"><nd ref="12180433366" /><nd ref="12180433365" /><tag k="highway" v="footway" /><tag k="oneway" v="no" /></way><way id="1105" timestamp="2026-03-31T16:45:31Z" uid="1" user="OSMnx" version="1" changeset="1"><nd ref="12180433367" /><nd ref="12180433355" /><tag k="highway" v="footway" /><tag k="oneway" v="no" /></way><way id="1106" timestamp="2026-03-31T16:45:31Z" uid="1" user="OSMnx" version="1" changeset="1"><nd ref="12180433367" /><nd ref="12180433354" /><tag k="highway" v="footway" /><tag k="oneway" v="no" /></way><way id="1107" timestamp="2026-03-31T16:45:31Z" uid="1" user="OSMnx" version="1" changeset="1"><nd ref="12180433368" /><nd ref="12180433369" /><tag k="highway" v="footway" /><tag k="oneway" v="no" /></way><way id="1108" timestamp="2026-03-31T16:45:31Z" uid="1" user="OSMnx" version="1" changeset="1"><nd ref="12180433368" /><nd ref="12180433336" /><tag k="highway" v="footway" /><tag k="oneway" v="no" /></way><way id="1109" timestamp="2026-03-31T16:45:31Z" uid="1" user="OSMnx" version="1" changeset="1"><nd ref="12180433369" /><nd ref="12180433337" /><tag k="highway" v="footway" /><tag k="oneway" v="no" /></way><way id="1110" timestamp="2026-03-31T16:45:31Z" uid="1" user="OSMnx" version="1" changeset="1"><nd ref="12180433369" /><nd ref="12180433368" /><tag k="highway" v="footway" /><tag k="oneway" v="no" /></way><way id="1111" timestamp="2026-03-31T16:45:31Z" uid="1" user="OSMnx" version="1" changeset="1"><nd ref="12180433370" /><nd ref="12180433147" /><tag k="highway" v="footway" /><tag k="oneway" v="no" /></way><way id="1112" timestamp="2026-03-31T16:45:31Z" uid="1" user="OSMnx" version="1" changeset="1"><nd ref="12180433370" /><nd ref="12180433146" /><tag k="highway" v="footway" /><tag k="oneway" v="no" /></way><way id="1113" timestamp="2026-03-31T16:45:31Z" uid="1" user="OSMnx" version="1" changeset="1"><nd ref="12180433370" /><nd ref="12180433337" /><tag k="highway" v="footway" /><tag k="oneway" v="no" /></way><way id="1114" timestamp="2026-03-31T16:45:31Z" uid="1" user="OSMnx" version="1" changeset="1"><nd ref="12180433371" /><nd ref="12180433148" /><tag k="highway" v="footway" /><tag k="oneway" v="no" /></way><way id="1115" timestamp="2026-03-31T16:45:31Z" uid="1" user="OSMnx" version="1" changeset="1"><nd ref="12180433371" /><nd ref="12180433147" /><tag k="highway" v="footway" /><tag k="oneway" v="no" /></way><way id="1116" timestamp="2026-03-31T16:45:31Z" uid="1" user="OSMnx" version="1" changeset="1"><nd ref="12180433372" /><nd ref="12180433155" /><tag k="highway" v="footway" /><tag k="oneway" v="no" /></way><way id="1117" timestamp="2026-03-31T16:45:31Z" uid="1" user="OSMnx" version="1" changeset="1"><nd ref="12180433372" /><nd ref="12180433148" /><tag k="highway" v="footway" /><tag k="oneway" v="no" /></way><way id="1118" timestamp="2026-03-31T16:45:31Z" uid="1" user="OSMnx" version="1" changeset="1"><nd ref="12180433373" /><nd ref="12180433317" /><tag k="highway" v="footway" /><tag k="oneway" v="no" /></way><way id="1119" timestamp="2026-03-31T16:45:31Z" uid="1" user="OSMnx" version="1" changeset="1"><nd ref="12180433373" /><nd ref="12180433316" /><tag k="highway" v="footway" /><tag k="oneway" v="no" /></way><way id="1120" timestamp="2026-03-31T16:45:31Z" uid="1" user="OSMnx" version="1" changeset="1"><nd ref="12180433373" /><nd ref="12180433381" /><tag k="highway" v="footway" /><tag k="oneway" v="no" /></way><way id="1121" timestamp="2026-03-31T16:45:31Z" uid="1" user="OSMnx" version="1" changeset="1"><nd ref="12180433374" /><nd ref="12180433375" /><tag k="highway" v="footway" /><tag k="oneway" v="no" /></way><way id="1122" timestamp="2026-03-31T16:45:31Z" uid="1" user="OSMnx" version="1" changeset="1"><nd ref="12180433374" /><nd ref="12180433381" /><tag k="highway" v="footway" /><tag k="oneway" v="no" /></way><way id="1123" timestamp="2026-03-31T16:45:31Z" uid="1" user="OSMnx" version="1" changeset="1"><nd ref="12180433375" /><nd ref="12180433376" /><tag k="highway" v="footway" /><tag k="oneway" v="no" /></way><way id="1124" timestamp="2026-03-31T16:45:31Z" uid="1" user="OSMnx" version="1" changeset="1"><nd ref="12180433375" /><nd ref="12180433374" /><tag k="highway" v="footway" /><tag k="oneway" v="no" /></way><way id="1125" timestamp="2026-03-31T16:45:31Z" uid="1" user="OSMnx" version="1" changeset="1"><nd ref="12180433376" /><nd ref="12180433379" /><tag k="highway" v="footway" /><tag k="oneway" v="no" /></way><way id="1126" timestamp="2026-03-31T16:45:31Z" uid="1" user="OSMnx" version="1" changeset="1"><nd ref="12180433376" /><nd ref="12180433375" /><tag k="highway" v="footway" /><tag k="oneway" v="no" /></way><way id="1127" timestamp="2026-03-31T16:45:31Z" uid="1" user="OSMnx" version="1" changeset="1"><nd ref="12180433377" /><nd ref="12180433378" /><tag k="highway" v="footway" /><tag k="oneway" v="no" /></way><way id="1128" timestamp="2026-03-31T16:45:31Z" uid="1" user="OSMnx" version="1" changeset="1"><nd ref="12180433377" /><nd ref="12180433379" /><tag k="highway" v="footway" /><tag k="oneway" v="no" /></way><way id="1129" timestamp="2026-03-31T16:45:31Z" uid="1" user="OSMnx" version="1" changeset="1"><nd ref="12180433378" /><nd ref="12180433377" /><tag k="highway" v="footway" /><tag k="oneway" v="no" /></way><way id="1130" timestamp="2026-03-31T16:45:31Z" uid="1" user="OSMnx" version="1" changeset="1"><nd ref="12180433379" /><nd ref="12180433377" /><tag k="highway" v="footway" /><tag k="oneway" v="no" /></way><way id="1131" timestamp="2026-03-31T16:45:31Z" uid="1" user="OSMnx" version="1" changeset="1"><nd ref="12180433379" /><nd ref="12180433376" /><tag k="highway" v="footway" /><tag k="oneway" v="no" /></way><way id="1132" timestamp="2026-03-31T16:45:31Z" uid="1" user="OSMnx" version="1" changeset="1"><nd ref="12180433379" /><nd ref="12180433380" /><tag k="highway" v="footway" /><tag k="oneway" v="no" /></way><way id="1133" timestamp="2026-03-31T16:45:31Z" uid="1" user="OSMnx" version="1" changeset="1"><nd ref="12180433380" /><nd ref="12180433379" /><tag k="highway" v="footway" /><tag k="oneway" v="no" /></way><way id="1134" timestamp="2026-03-31T16:45:31Z" uid="1" user="OSMnx" version="1" changeset="1"><nd ref="12180433380" /><nd ref="12180433382" /><tag k="highway" v="footway" /><tag k="oneway" v="no" /></way><way id="1135" timestamp="2026-03-31T16:45:31Z" uid="1" user="OSMnx" version="1" changeset="1"><nd ref="12180433381" /><nd ref="12180433374" /><tag k="highway" v="footway" /><tag k="oneway" v="no" /></way><way id="1136" timestamp="2026-03-31T16:45:31Z" uid="1" user="OSMnx" version="1" changeset="1"><nd ref="12180433381" /><nd ref="12180433373" /><tag k="highway" v="footway" /><tag k="oneway" v="no" /></way><way id="1137" timestamp="2026-03-31T16:45:31Z" uid="1" user="OSMnx" version="1" changeset="1"><nd ref="12180433382" /><nd ref="12180433383" /><tag k="highway" v="footway" /><tag k="oneway" v="no" /></way><way id="1138" timestamp="2026-03-31T16:45:31Z" uid="1" user="OSMnx" version="1" changeset="1"><nd ref="12180433382" /><nd ref="12180433380" /><tag k="highway" v="footway" /><tag k="oneway" v="no" /></way><way id="1139" timestamp="2026-03-31T16:45:31Z" uid="1" user="OSMnx" version="1" changeset="1"><nd ref="12180433383" /><nd ref="12180433384" /><tag k="highway" v="footway" /><tag k="oneway" v="no" /></way><way id="1140" timestamp="2026-03-31T16:45:31Z" uid="1" user="OSMnx" version="1" changeset="1"><nd ref="12180433383" /><nd ref="12180433382" /><tag k="highway" v="footway" /><tag k="oneway" v="no" /></way><way id="1141" timestamp="2026-03-31T16:45:31Z" uid="1" user="OSMnx" version="1" changeset="1"><nd ref="12180433384" /><nd ref="12180433385" /><tag k="highway" v="footway" /><tag k="oneway" v="no" /></way><way id="1142" timestamp="2026-03-31T16:45:31Z" uid="1" user="OSMnx" version="1" changeset="1"><nd ref="12180433384" /><nd ref="12180433383" /><tag k="highway" v="footway" /><tag k="oneway" v="no" /></way><way id="1143" timestamp="2026-03-31T16:45:31Z" uid="1" user="OSMnx" version="1" changeset="1"><nd ref="12180433385" /><nd ref="12180433386" /><tag k="highway" v="footway" /><tag k="oneway" v="no" /></way><way id="1144" timestamp="2026-03-31T16:45:31Z" uid="1" user="OSMnx" version="1" changeset="1"><nd ref="12180433385" /><nd ref="12180433384" /><tag k="highway" v="footway" /><tag k="oneway" v="no" /></way><way id="1145" timestamp="2026-03-31T16:45:31Z" uid="1" user="OSMnx" version="1" changeset="1"><nd ref="12180433386" /><nd ref="12180433387" /><tag k="highway" v="footway" /><tag k="oneway" v="no" /></way><way id="1146" timestamp="2026-03-31T16:45:31Z" uid="1" user="OSMnx" version="1" changeset="1"><nd ref="12180433386" /><nd ref="12180433385" /><tag k="highway" v="footway" /><tag k="oneway" v="no" /></way><way id="1147" timestamp="2026-03-31T16:45:31Z" uid="1" user="OSMnx" version="1" changeset="1"><nd ref="12180433387" /><nd ref="12180433388" /><tag k="highway" v="footway" /><tag k="oneway" v="no" /></way><way id="1148" timestamp="2026-03-31T16:45:31Z" uid="1" user="OSMnx" version="1" changeset="1"><nd ref="12180433387" /><nd ref="12180433386" /><tag k="highway" v="footway" /><tag k="oneway" v="no" /></way><way id="1149" timestamp="2026-03-31T16:45:31Z" uid="1" user="OSMnx" version="1" changeset="1"><nd ref="12180433388" /><nd ref="12180433389" /><tag k="highway" v="footway" /><tag k="oneway" v="no" /></way><way id="1150" timestamp="2026-03-31T16:45:31Z" uid="1" user="OSMnx" version="1" changeset="1"><nd ref="12180433388" /><nd ref="12180433387" /><tag k="highway" v="footway" /><tag k="oneway" v="no" /></way><way id="1151" timestamp="2026-03-31T16:45:31Z" uid="1" user="OSMnx" version="1" changeset="1"><nd ref="12180433389" /><nd ref="12180433390" /><tag k="highway" v="footway" /><tag k="oneway" v="no" /></way><way id="1152" timestamp="2026-03-31T16:45:31Z" uid="1" user="OSMnx" version="1" changeset="1"><nd ref="12180433389" /><nd ref="12180433388" /><tag k="highway" v="footway" /><tag k="oneway" v="no" /></way><way id="1153" timestamp="2026-03-31T16:45:31Z" uid="1" user="OSMnx" version="1" changeset="1"><nd ref="12180433390" /><nd ref="12180433391" /><tag k="highway" v="footway" /><tag k="oneway" v="no" /></way><way id="1154" timestamp="2026-03-31T16:45:31Z" uid="1" user="OSMnx" version="1" changeset="1"><nd ref="12180433390" /><nd ref="12180433389" /><tag k="highway" v="footway" /><tag k="oneway" v="no" /></way><way id="1155" timestamp="2026-03-31T16:45:31Z" uid="1" user="OSMnx" version="1" changeset="1"><nd ref="12180433391" /><nd ref="12180433392" /><tag k="highway" v="footway" /><tag k="oneway" v="no" /></way><way id="1156" timestamp="2026-03-31T16:45:31Z" uid="1" user="OSMnx" version="1" changeset="1"><nd ref="12180433391" /><nd ref="12180433390" /><tag k="highway" v="footway" /><tag k="oneway" v="no" /></way><way id="1157" timestamp="2026-03-31T16:45:31Z" uid="1" user="OSMnx" version="1" changeset="1"><nd ref="12180433392" /><nd ref="12180433393" /><tag k="highway" v="footway" /><tag k="oneway" v="no" /></way><way id="1158" timestamp="2026-03-31T16:45:31Z" uid="1" user="OSMnx" version="1" changeset="1"><nd ref="12180433392" /><nd ref="12180433391" /><tag k="highway" v="footway" /><tag k="oneway" v="no" /></way><way id="1159" timestamp="2026-03-31T16:45:31Z" uid="1" user="OSMnx" version="1" changeset="1"><nd ref="12180433393" /><nd ref="12180433394" /><tag k="highway" v="footway" /><tag k="oneway" v="no" /></way><way id="1160" timestamp="2026-03-31T16:45:31Z" uid="1" user="OSMnx" version="1" changeset="1"><nd ref="12180433393" /><nd ref="12180433392" /><tag k="highway" v="footway" /><tag k="oneway" v="no" /></way><way id="1161" timestamp="2026-03-31T16:45:31Z" uid="1" user="OSMnx" version="1" changeset="1"><nd ref="12180433394" /><nd ref="12180433395" /><tag k="highway" v="footway" /><tag k="oneway" v="no" /></way><way id="1162" timestamp="2026-03-31T16:45:31Z" uid="1" user="OSMnx" version="1" changeset="1"><nd ref="12180433394" /><nd ref="12180433393" /><tag k="highway" v="footway" /><tag k="oneway" v="no" /></way><way id="1163" timestamp="2026-03-31T16:45:31Z" uid="1" user="OSMnx" version="1" changeset="1"><nd ref="12180433395" /><nd ref="12180433396" /><tag k="highway" v="footway" /><tag k="oneway" v="no" /></way><way id="1164" timestamp="2026-03-31T16:45:31Z" uid="1" user="OSMnx" version="1" changeset="1"><nd ref="12180433395" /><nd ref="12180433394" /><tag k="highway" v="footway" /><tag k="oneway" v="no" /></way><way id="1165" timestamp="2026-03-31T16:45:31Z" uid="1" user="OSMnx" version="1" changeset="1"><nd ref="12180433396" /><nd ref="12180433307" /><tag k="highway" v="footway" /><tag k="oneway" v="no" /></way><way id="1166" timestamp="2026-03-31T16:45:31Z" uid="1" user="OSMnx" version="1" changeset="1"><nd ref="12180433396" /><nd ref="12180433395" /><tag k="highway" v="footway" /><tag k="oneway" v="no" /></way><way id="1167" timestamp="2026-03-31T16:45:31Z" uid="1" user="OSMnx" version="1" changeset="1"><nd ref="12180433397" /><nd ref="12180433398" /><tag k="highway" v="footway" /><tag k="oneway" v="no" /></way><way id="1168" timestamp="2026-03-31T16:45:31Z" uid="1" user="OSMnx" version="1" changeset="1"><nd ref="12180433397" /><nd ref="12180433219" /><tag k="highway" v="footway" /><tag k="oneway" v="no" /></way><way id="1169" timestamp="2026-03-31T16:45:31Z" uid="1" user="OSMnx" version="1" changeset="1"><nd ref="12180433398" /><nd ref="12180433399" /><tag k="highway" v="footway" /><tag k="oneway" v="no" /></way><way id="1170" timestamp="2026-03-31T16:45:31Z" uid="1" user="OSMnx" version="1" changeset="1"><nd ref="12180433398" /><nd ref="12180433397" /><tag k="highway" v="footway" /><tag k="oneway" v="no" /></way><way id="1171" timestamp="2026-03-31T16:45:31Z" uid="1" user="OSMnx" version="1" changeset="1"><nd ref="12180433399" /><nd ref="12180433307" /><tag k="highway" v="footway" /><tag k="oneway" v="no" /></way><way id="1172" timestamp="2026-03-31T16:45:31Z" uid="1" user="OSMnx" version="1" changeset="1"><nd ref="12180433399" /><nd ref="12180433398" /><tag k="highway" v="footway" /><tag k="oneway" v="no" /></way><way id="1173" timestamp="2026-03-31T16:45:31Z" uid="1" user="OSMnx" version="1" changeset="1"><nd ref="12180433400" /><nd ref="12180433257" /><tag k="highway" v="tertiary" /><tag k="name" v="元美东路" /><tag k="oneway" v="yes" /></way><way id="1174" timestamp="2026-03-31T16:45:31Z" uid="1" user="OSMnx" version="1" changeset="1"><nd ref="12180433400" /><nd ref="12180433144" /><tag k="highway" v="footway" /><tag k="oneway" v="no" /></way><way id="1175" timestamp="2026-03-31T16:45:31Z" uid="1" user="OSMnx" version="1" changeset="1"><nd ref="12180433401" /><nd ref="12180433411" /><tag k="highway" v="unclassified" /><tag k="oneway" v="no" /></way><way id="1176" timestamp="2026-03-31T16:45:31Z" uid="1" user="OSMnx" version="1" changeset="1"><nd ref="12180433401" /><nd ref="10177785273" /><tag k="highway" v="unclassified" /><tag k="oneway" v="no" /></way><way id="1177" timestamp="2026-03-31T16:45:31Z" uid="1" user="OSMnx" version="1" changeset="1"><nd ref="12180433402" /><nd ref="12180433403" /><tag k="highway" v="unclassified" /><tag k="oneway" v="no" /></way><way id="1178" timestamp="2026-03-31T16:45:31Z" uid="1" user="OSMnx" version="1" changeset="1"><nd ref="12180433402" /><nd ref="12180433411" /><tag k="highway" v="unclassified" /><tag k="oneway" v="no" /></way><way id="1179" timestamp="2026-03-31T16:45:31Z" uid="1" user="OSMnx" version="1" changeset="1"><nd ref="12180433403" /><nd ref="12180433439" /><tag k="highway" v="unclassified" /><tag k="oneway" v="no" /></way><way id="1180" timestamp="2026-03-31T16:45:31Z" uid="1" user="OSMnx" version="1" changeset="1"><nd ref="12180433403" /><nd ref="12180433402" /><tag k="highway" v="unclassified" /><tag k="oneway" v="no" /></way><way id="1181" timestamp="2026-03-31T16:45:31Z" uid="1" user="OSMnx" version="1" changeset="1"><nd ref="12180433405" /><nd ref="3464967534" /><tag k="highway" v="tertiary" /><tag k="name" v="石竹路" /><tag k="oneway" v="yes" /></way><way id="1182" timestamp="2026-03-31T16:45:31Z" uid="1" user="OSMnx" version="1" changeset="1"><nd ref="12180433406" /><nd ref="12180433407" /><tag k="highway" v="tertiary_link" /><tag k="oneway" v="yes" /></way><way id="1183" timestamp="2026-03-31T16:45:31Z" uid="1" user="OSMnx" version="1" changeset="1"><nd ref="12180433407" /><nd ref="12180433408" /><tag k="highway" v="tertiary_link" /><tag k="oneway" v="yes" /></way><way id="1184" timestamp="2026-03-31T16:45:31Z" uid="1" user="OSMnx" version="1" changeset="1"><nd ref="12180433408" /><nd ref="12180433409" /><tag k="highway" v="tertiary_link" /><tag k="oneway" v="yes" /></way><way id="1185" timestamp="2026-03-31T16:45:31Z" uid="1" user="OSMnx" version="1" changeset="1"><nd ref="12180433409" /><nd ref="12180433410" /><tag k="highway" v="tertiary_link" /><tag k="oneway" v="yes" /></way><way id="1186" timestamp="2026-03-31T16:45:31Z" uid="1" user="OSMnx" version="1" changeset="1"><nd ref="12180433410" /><nd ref="10177785274" /><tag k="highway" v="tertiary_link" /><tag k="oneway" v="yes" /></way><way id="1187" timestamp="2026-03-31T16:45:31Z" uid="1" user="OSMnx" version="1" changeset="1"><nd ref="12180433411" /><nd ref="12180433402" /><tag k="highway" v="unclassified" /><tag k="oneway" v="no" /></way><way id="1188" timestamp="2026-03-31T16:45:31Z" uid="1" user="OSMnx" version="1" changeset="1"><nd ref="12180433411" /><nd ref="12180433401" /><tag k="highway" v="unclassified" /><tag k="oneway" v="no" /></way><way id="1189" timestamp="2026-03-31T16:45:31Z" uid="1" user="OSMnx" version="1" changeset="1"><nd ref="12180433414" /><nd ref="4853234075" /><tag k="highway" v="tertiary" /><tag k="oneway" v="no" /></way><way id="1190" timestamp="2026-03-31T16:45:31Z" uid="1" user="OSMnx" version="1" changeset="1"><nd ref="12180433414" /><nd ref="12180433415" /><tag k="highway" v="tertiary" /><tag k="oneway" v="no" /></way><way id="1191" timestamp="2026-03-31T16:45:31Z" uid="1" user="OSMnx" version="1" changeset="1"><nd ref="12180433415" /><nd ref="12180433414" /><tag k="highway" v="tertiary" /><tag k="oneway" v="no" /></way><way id="1192" timestamp="2026-03-31T16:45:31Z" uid="1" user="OSMnx" version="1" changeset="1"><nd ref="12180433415" /><nd ref="5071278056" /><tag k="highway" v="tertiary" /><tag k="oneway" v="no" /></way><way id="1193" timestamp="2026-03-31T16:45:31Z" uid="1" user="OSMnx" version="1" changeset="1"><nd ref="12180433439" /><nd ref="12180433403" /><tag k="highway" v="unclassified" /><tag k="oneway" v="no" /></way><way id="1194" timestamp="2026-03-31T16:45:31Z" uid="1" user="OSMnx" version="1" changeset="1"><nd ref="12846960231" /><nd ref="5071278059" /><tag k="highway" v="service" /><tag k="oneway" v="no" /></way><way id="1195" timestamp="2026-03-31T16:45:31Z" uid="1" user="OSMnx" version="1" changeset="1"><nd ref="12846960231" /><nd ref="5071278058" /><tag k="highway" v="service" /><tag k="oneway" v="no" /></way><way id="1196" timestamp="2026-03-31T16:45:31Z" uid="1" user="OSMnx" version="1" changeset="1"><nd ref="12846960240" /><nd ref="12857921318" /><tag k="highway" v="service" /><tag k="oneway" v="no" /></way><way id="1197" timestamp="2026-03-31T16:45:31Z" uid="1" user="OSMnx" version="1" changeset="1"><nd ref="12846960240" /><nd ref="5071278063" /><tag k="highway" v="service" /><tag k="oneway" v="no" /></way><way id="1198" timestamp="2026-03-31T16:45:31Z" uid="1" user="OSMnx" version="1" changeset="1"><nd ref="12846960241" /><nd ref="4853234077" /><tag k="highway" v="tertiary" /><tag k="oneway" v="no" /></way><way id="1199" timestamp="2026-03-31T16:45:31Z" uid="1" user="OSMnx" version="1" changeset="1"><nd ref="12846960241" /><nd ref="12846960242" /><tag k="highway" v="tertiary" /><tag k="oneway" v="no" /></way><way id="1200" timestamp="2026-03-31T16:45:31Z" uid="1" user="OSMnx" version="1" changeset="1"><nd ref="12846960242" /><nd ref="12846960241" /><tag k="highway" v="tertiary" /><tag k="oneway" v="no" /></way><way id="1201" timestamp="2026-03-31T16:45:31Z" uid="1" user="OSMnx" version="1" changeset="1"><nd ref="12846960242" /><nd ref="4853233922" /><tag k="highway" v="tertiary" /><tag k="oneway" v="no" /></way><way id="1202" timestamp="2026-03-31T16:45:31Z" uid="1" user="OSMnx" version="1" changeset="1"><nd ref="12857921318" /><nd ref="12846960240" /><tag k="highway" v="service" /><tag k="oneway" v="no" /></way><way id="1203" timestamp="2026-03-31T16:45:31Z" uid="1" user="OSMnx" version="1" changeset="1"><nd ref="12857921318" /><nd ref="12857921490" /><tag k="highway" v="service" /><tag k="oneway" v="no" /></way><way id="1204" timestamp="2026-03-31T16:45:31Z" uid="1" user="OSMnx" version="1" changeset="1"><nd ref="12857921321" /><nd ref="12857921490" /><tag k="highway" v="service" /><tag k="oneway" v="no" /></way><way id="1205" timestamp="2026-03-31T16:45:31Z" uid="1" user="OSMnx" version="1" changeset="1"><nd ref="12857921321" /><nd ref="12857921487" /><tag k="highway" v="service" /><tag k="oneway" v="no" /></way><way id="1206" timestamp="2026-03-31T16:45:31Z" uid="1" user="OSMnx" version="1" changeset="1"><nd ref="12857921321" /><nd ref="12857921322" /><tag k="highway" v="service" /><tag k="oneway" v="no" /></way><way id="1207" timestamp="2026-03-31T16:45:31Z" uid="1" user="OSMnx" version="1" changeset="1"><nd ref="12857921322" /><nd ref="12857921321" /><tag k="highway" v="service" /><tag k="oneway" v="no" /></way><way id="1208" timestamp="2026-03-31T16:45:31Z" uid="1" user="OSMnx" version="1" changeset="1"><nd ref="12857921332" /><nd ref="12857921508" /><tag k="highway" v="service" /><tag k="oneway" v="no" /></way><way id="1209" timestamp="2026-03-31T16:45:31Z" uid="1" user="OSMnx" version="1" changeset="1"><nd ref="12857921332" /><nd ref="5071278062" /><tag k="highway" v="service" /><tag k="oneway" v="no" /></way><way id="1210" timestamp="2026-03-31T16:45:31Z" uid="1" user="OSMnx" version="1" changeset="1"><nd ref="12857921332" /><nd ref="12857921333" /><tag k="highway" v="service" /><tag k="oneway" v="no" /></way><way id="1211" timestamp="2026-03-31T16:45:31Z" uid="1" user="OSMnx" version="1" changeset="1"><nd ref="12857921333" /><nd ref="12857921332" /><tag k="highway" v="service" /><tag k="oneway" v="no" /></way><way id="1212" timestamp="2026-03-31T16:45:31Z" uid="1" user="OSMnx" version="1" changeset="1"><nd ref="12857921333" /><nd ref="12857921338" /><tag k="highway" v="service" /><tag k="oneway" v="no" /></way><way id="1213" timestamp="2026-03-31T16:45:31Z" uid="1" user="OSMnx" version="1" changeset="1"><nd ref="12857921333" /><nd ref="12857921354" /><tag k="highway" v="service" /><tag k="oneway" v="no" /></way><way id="1214" timestamp="2026-03-31T16:45:31Z" uid="1" user="OSMnx" version="1" changeset="1"><nd ref="12857921336" /><nd ref="12857921337" /><tag k="highway" v="service" /><tag k="oneway" v="no" /></way><way id="1215" timestamp="2026-03-31T16:45:31Z" uid="1" user="OSMnx" version="1" changeset="1"><nd ref="12857921336" /><nd ref="12857921348" /><tag k="highway" v="service" /><tag k="oneway" v="no" /></way><way id="1216" timestamp="2026-03-31T16:45:31Z" uid="1" user="OSMnx" version="1" changeset="1"><nd ref="12857921336" /><nd ref="12857921347" /><tag k="highway" v="service" /><tag k="oneway" v="no" /></way><way id="1217" timestamp="2026-03-31T16:45:31Z" uid="1" user="OSMnx" version="1" changeset="1"><nd ref="12857921337" /><nd ref="12857921336" /><tag k="highway" v="service" /><tag k="oneway" v="no" /></way><way id="1218" timestamp="2026-03-31T16:45:31Z" uid="1" user="OSMnx" version="1" changeset="1"><nd ref="12857921337" /><nd ref="12857921350" /><tag k="highway" v="service" /><tag k="oneway" v="no" /></way><way id="1219" timestamp="2026-03-31T16:45:31Z" uid="1" user="OSMnx" version="1" changeset="1"><nd ref="12857921337" /><nd ref="12857921349" /><tag k="highway" v="service" /><tag k="oneway" v="no" /></way><way id="1220" timestamp="2026-03-31T16:45:31Z" uid="1" user="OSMnx" version="1" changeset="1"><nd ref="12857921338" /><nd ref="12857921339" /><tag k="highway" v="service" /><tag k="oneway" v="no" /></way><way id="1221" timestamp="2026-03-31T16:45:31Z" uid="1" user="OSMnx" version="1" changeset="1"><nd ref="12857921338" /><nd ref="12857921333" /><tag k="highway" v="service" /><tag k="oneway" v="no" /></way><way id="1222" timestamp="2026-03-31T16:45:31Z" uid="1" user="OSMnx" version="1" changeset="1"><nd ref="12857921339" /><nd ref="12857921340" /><tag k="highway" v="service" /><tag k="oneway" v="no" /></way><way id="1223" timestamp="2026-03-31T16:45:31Z" uid="1" user="OSMnx" version="1" changeset="1"><nd ref="12857921339" /><nd ref="12857921338" /><tag k="highway" v="service" /><tag k="oneway" v="no" /></way><way id="1224" timestamp="2026-03-31T16:45:31Z" uid="1" user="OSMnx" version="1" changeset="1"><nd ref="12857921340" /><nd ref="12857921341" /><tag k="highway" v="service" /><tag k="oneway" v="no" /></way><way id="1225" timestamp="2026-03-31T16:45:31Z" uid="1" user="OSMnx" version="1" changeset="1"><nd ref="12857921340" /><nd ref="12857921339" /><tag k="highway" v="service" /><tag k="oneway" v="no" /></way><way id="1226" timestamp="2026-03-31T16:45:31Z" uid="1" user="OSMnx" version="1" changeset="1"><nd ref="12857921341" /><nd ref="12857921342" /><tag k="highway" v="service" /><tag k="oneway" v="no" /></way><way id="1227" timestamp="2026-03-31T16:45:31Z" uid="1" user="OSMnx" version="1" changeset="1"><nd ref="12857921341" /><nd ref="12857921340" /><tag k="highway" v="service" /><tag k="oneway" v="no" /></way><way id="1228" timestamp="2026-03-31T16:45:31Z" uid="1" user="OSMnx" version="1" changeset="1"><nd ref="12857921341" /><nd ref="12857921354" /><tag k="highway" v="service" /><tag k="oneway" v="no" /></way><way id="1229" timestamp="2026-03-31T16:45:31Z" uid="1" user="OSMnx" version="1" changeset="1"><nd ref="12857921342" /><nd ref="12857921343" /><tag k="highway" v="service" /><tag k="oneway" v="no" /></way><way id="1230" timestamp="2026-03-31T16:45:31Z" uid="1" user="OSMnx" version="1" changeset="1"><nd ref="12857921342" /><nd ref="12857921341" /><tag k="highway" v="service" /><tag k="oneway" v="no" /></way><way id="1231" timestamp="2026-03-31T16:45:31Z" uid="1" user="OSMnx" version="1" changeset="1"><nd ref="12857921342" /><nd ref="12857921355" /><tag k="highway" v="service" /><tag k="oneway" v="no" /></way><way id="1232" timestamp="2026-03-31T16:45:31Z" uid="1" user="OSMnx" version="1" changeset="1"><nd ref="12857921343" /><nd ref="12857921344" /><tag k="highway" v="service" /><tag k="oneway" v="no" /></way><way id="1233" timestamp="2026-03-31T16:45:31Z" uid="1" user="OSMnx" version="1" changeset="1"><nd ref="12857921343" /><nd ref="12857921342" /><tag k="highway" v="service" /><tag k="oneway" v="no" /></way><way id="1234" timestamp="2026-03-31T16:45:31Z" uid="1" user="OSMnx" version="1" changeset="1"><nd ref="12857921343" /><nd ref="12857921356" /><tag k="highway" v="service" /><tag k="oneway" v="no" /></way><way id="1235" timestamp="2026-03-31T16:45:31Z" uid="1" user="OSMnx" version="1" changeset="1"><nd ref="12857921344" /><nd ref="12857921345" /><tag k="highway" v="service" /><tag k="oneway" v="no" /></way><way id="1236" timestamp="2026-03-31T16:45:31Z" uid="1" user="OSMnx" version="1" changeset="1"><nd ref="12857921344" /><nd ref="12857921343" /><tag k="highway" v="service" /><tag k="oneway" v="no" /></way><way id="1237" timestamp="2026-03-31T16:45:31Z" uid="1" user="OSMnx" version="1" changeset="1"><nd ref="12857921344" /><nd ref="12857921357" /><tag k="highway" v="service" /><tag k="oneway" v="no" /></way><way id="1238" timestamp="2026-03-31T16:45:31Z" uid="1" user="OSMnx" version="1" changeset="1"><nd ref="12857921345" /><nd ref="12857921346" /><tag k="highway" v="service" /><tag k="oneway" v="no" /></way><way id="1239" timestamp="2026-03-31T16:45:31Z" uid="1" user="OSMnx" version="1" changeset="1"><nd ref="12857921345" /><nd ref="12857921344" /><tag k="highway" v="service" /><tag k="oneway" v="no" /></way><way id="1240" timestamp="2026-03-31T16:45:31Z" uid="1" user="OSMnx" version="1" changeset="1"><nd ref="12857921345" /><nd ref="12857921353" /><tag k="highway" v="service" /><tag k="oneway" v="no" /></way><way id="1241" timestamp="2026-03-31T16:45:31Z" uid="1" user="OSMnx" version="1" changeset="1"><nd ref="12857921346" /><nd ref="12857921347" /><tag k="highway" v="service" /><tag k="oneway" v="no" /></way><way id="1242" timestamp="2026-03-31T16:45:31Z" uid="1" user="OSMnx" version="1" changeset="1"><nd ref="12857921346" /><nd ref="12857921345" /><tag k="highway" v="service" /><tag k="oneway" v="no" /></way><way id="1243" timestamp="2026-03-31T16:45:31Z" uid="1" user="OSMnx" version="1" changeset="1"><nd ref="12857921346" /><nd ref="12857921352" /><tag k="highway" v="service" /><tag k="oneway" v="no" /></way><way id="1244" timestamp="2026-03-31T16:45:31Z" uid="1" user="OSMnx" version="1" changeset="1"><nd ref="12857921347" /><nd ref="12857921336" /><tag k="highway" v="service" /><tag k="oneway" v="no" /></way><way id="1245" timestamp="2026-03-31T16:45:31Z" uid="1" user="OSMnx" version="1" changeset="1"><nd ref="12857921347" /><nd ref="12857921346" /><tag k="highway" v="service" /><tag k="oneway" v="no" /></way><way id="1246" timestamp="2026-03-31T16:45:31Z" uid="1" user="OSMnx" version="1" changeset="1"><nd ref="12857921347" /><nd ref="12857921350" /><tag k="highway" v="service" /><tag k="oneway" v="no" /></way><way id="1247" timestamp="2026-03-31T16:45:31Z" uid="1" user="OSMnx" version="1" changeset="1"><nd ref="12857921348" /><nd ref="12857921349" /><tag k="highway" v="service" /><tag k="oneway" v="no" /></way><way id="1248" timestamp="2026-03-31T16:45:31Z" uid="1" user="OSMnx" version="1" changeset="1"><nd ref="12857921348" /><nd ref="12857921336" /><tag k="highway" v="service" /><tag k="oneway" v="no" /></way><way id="1249" timestamp="2026-03-31T16:45:31Z" uid="1" user="OSMnx" version="1" changeset="1"><nd ref="12857921349" /><nd ref="12857921337" /><tag k="highway" v="service" /><tag k="oneway" v="no" /></way><way id="1250" timestamp="2026-03-31T16:45:31Z" uid="1" user="OSMnx" version="1" changeset="1"><nd ref="12857921349" /><nd ref="12857921348" /><tag k="highway" v="service" /><tag k="oneway" v="no" /></way><way id="1251" timestamp="2026-03-31T16:45:31Z" uid="1" user="OSMnx" version="1" changeset="1"><nd ref="12857921350" /><nd ref="12857921337" /><tag k="highway" v="service" /><tag k="oneway" v="no" /></way><way id="1252" timestamp="2026-03-31T16:45:31Z" uid="1" user="OSMnx" version="1" changeset="1"><nd ref="12857921350" /><nd ref="12857921347" /><tag k="highway" v="service" /><tag k="oneway" v="no" /></way><way id="1253" timestamp="2026-03-31T16:45:31Z" uid="1" user="OSMnx" version="1" changeset="1"><nd ref="12857921350" /><nd ref="12857921351" /><tag k="highway" v="service" /><tag k="oneway" v="no" /></way><way id="1254" timestamp="2026-03-31T16:45:31Z" uid="1" user="OSMnx" version="1" changeset="1"><nd ref="12857921351" /><nd ref="5071278060" /><tag k="highway" v="service" /><tag k="oneway" v="no" /></way><way id="1255" timestamp="2026-03-31T16:45:31Z" uid="1" user="OSMnx" version="1" changeset="1"><nd ref="12857921351" /><nd ref="5071278065" /><tag k="highway" v="service" /><tag k="oneway" v="no" /></way><way id="1256" timestamp="2026-03-31T16:45:31Z" uid="1" user="OSMnx" version="1" changeset="1"><nd ref="12857921351" /><nd ref="12857921350" /><tag k="highway" v="service" /><tag k="oneway" v="no" /></way><way id="1257" timestamp="2026-03-31T16:45:31Z" uid="1" user="OSMnx" version="1" changeset="1"><nd ref="12857921352" /><nd ref="12857921346" /><tag k="highway" v="service" /><tag k="oneway" v="no" /></way><way id="1258" timestamp="2026-03-31T16:45:31Z" uid="1" user="OSMnx" version="1" changeset="1"><nd ref="12857921352" /><nd ref="12857921353" /><tag k="highway" v="service" /><tag k="oneway" v="no" /></way><way id="1259" timestamp="2026-03-31T16:45:31Z" uid="1" user="OSMnx" version="1" changeset="1"><nd ref="12857921353" /><nd ref="12857921352" /><tag k="highway" v="service" /><tag k="oneway" v="no" /></way><way id="1260" timestamp="2026-03-31T16:45:31Z" uid="1" user="OSMnx" version="1" changeset="1"><nd ref="12857921353" /><nd ref="12857921345" /><tag k="highway" v="service" /><tag k="oneway" v="no" /></way><way id="1261" timestamp="2026-03-31T16:45:31Z" uid="1" user="OSMnx" version="1" changeset="1"><nd ref="12857921354" /><nd ref="12857921355" /><tag k="highway" v="service" /><tag k="oneway" v="no" /></way><way id="1262" timestamp="2026-03-31T16:45:31Z" uid="1" user="OSMnx" version="1" changeset="1"><nd ref="12857921354" /><nd ref="12857921333" /><tag k="highway" v="service" /><tag k="oneway" v="no" /></way><way id="1263" timestamp="2026-03-31T16:45:31Z" uid="1" user="OSMnx" version="1" changeset="1"><nd ref="12857921354" /><nd ref="12857921341" /><tag k="highway" v="service" /><tag k="oneway" v="no" /></way><way id="1264" timestamp="2026-03-31T16:45:31Z" uid="1" user="OSMnx" version="1" changeset="1"><nd ref="12857921355" /><nd ref="12857921356" /><tag k="highway" v="service" /><tag k="oneway" v="no" /></way><way id="1265" timestamp="2026-03-31T16:45:31Z" uid="1" user="OSMnx" version="1" changeset="1"><nd ref="12857921355" /><nd ref="12857921354" /><tag k="highway" v="service" /><tag k="oneway" v="no" /></way><way id="1266" timestamp="2026-03-31T16:45:31Z" uid="1" user="OSMnx" version="1" changeset="1"><nd ref="12857921355" /><nd ref="12857921342" /><tag k="highway" v="service" /><tag k="oneway" v="no" /></way><way id="1267" timestamp="2026-03-31T16:45:31Z" uid="1" user="OSMnx" version="1" changeset="1"><nd ref="12857921356" /><nd ref="12857921357" /><tag k="highway" v="service" /><tag k="oneway" v="no" /></way><way id="1268" timestamp="2026-03-31T16:45:31Z" uid="1" user="OSMnx" version="1" changeset="1"><nd ref="12857921356" /><nd ref="12857921355" /><tag k="highway" v="service" /><tag k="oneway" v="no" /></way><way id="1269" timestamp="2026-03-31T16:45:31Z" uid="1" user="OSMnx" version="1" changeset="1"><nd ref="12857921356" /><nd ref="12857921343" /><tag k="highway" v="service" /><tag k="oneway" v="no" /></way><way id="1270" timestamp="2026-03-31T16:45:31Z" uid="1" user="OSMnx" version="1" changeset="1"><nd ref="12857921357" /><nd ref="12857921344" /><tag k="highway" v="service" /><tag k="oneway" v="no" /></way><way id="1271" timestamp="2026-03-31T16:45:31Z" uid="1" user="OSMnx" version="1" changeset="1"><nd ref="12857921357" /><nd ref="12857921356" /><tag k="highway" v="service" /><tag k="oneway" v="no" /></way><way id="1272" timestamp="2026-03-31T16:45:31Z" uid="1" user="OSMnx" version="1" changeset="1"><nd ref="12857921442" /><nd ref="12857921443" /><tag k="highway" v="service" /><tag k="oneway" v="no" /></way><way id="1273" timestamp="2026-03-31T16:45:31Z" uid="1" user="OSMnx" version="1" changeset="1"><nd ref="12857921443" /><nd ref="12857921444" /><tag k="highway" v="service" /><tag k="oneway" v="no" /></way><way id="1274" timestamp="2026-03-31T16:45:31Z" uid="1" user="OSMnx" version="1" changeset="1"><nd ref="12857921443" /><nd ref="12857921442" /><tag k="highway" v="service" /><tag k="oneway" v="no" /></way><way id="1275" timestamp="2026-03-31T16:45:31Z" uid="1" user="OSMnx" version="1" changeset="1"><nd ref="12857921444" /><nd ref="12857921469" /><tag k="highway" v="service" /><tag k="oneway" v="no" /></way><way id="1276" timestamp="2026-03-31T16:45:31Z" uid="1" user="OSMnx" version="1" changeset="1"><nd ref="12857921444" /><nd ref="12857921443" /><tag k="highway" v="service" /><tag k="oneway" v="no" /></way><way id="1277" timestamp="2026-03-31T16:45:31Z" uid="1" user="OSMnx" version="1" changeset="1"><nd ref="12857921445" /><nd ref="12857921446" /><tag k="highway" v="service" /><tag k="oneway" v="no" /></way><way id="1278" timestamp="2026-03-31T16:45:31Z" uid="1" user="OSMnx" version="1" changeset="1"><nd ref="12857921445" /><nd ref="12857921469" /><tag k="highway" v="service" /><tag k="oneway" v="no" /></way><way id="1279" timestamp="2026-03-31T16:45:31Z" uid="1" user="OSMnx" version="1" changeset="1"><nd ref="12857921446" /><nd ref="12857921447" /><tag k="highway" v="service" /><tag k="oneway" v="no" /></way><way id="1280" timestamp="2026-03-31T16:45:31Z" uid="1" user="OSMnx" version="1" changeset="1"><nd ref="12857921446" /><nd ref="12857921445" /><tag k="highway" v="service" /><tag k="oneway" v="no" /></way><way id="1281" timestamp="2026-03-31T16:45:31Z" uid="1" user="OSMnx" version="1" changeset="1"><nd ref="12857921447" /><nd ref="12857921448" /><tag k="highway" v="service" /><tag k="oneway" v="no" /></way><way id="1282" timestamp="2026-03-31T16:45:31Z" uid="1" user="OSMnx" version="1" changeset="1"><nd ref="12857921447" /><nd ref="12857921446" /><tag k="highway" v="service" /><tag k="oneway" v="no" /></way><way id="1283" timestamp="2026-03-31T16:45:31Z" uid="1" user="OSMnx" version="1" changeset="1"><nd ref="12857921448" /><nd ref="12857921449" /><tag k="highway" v="service" /><tag k="oneway" v="no" /></way><way id="1284" timestamp="2026-03-31T16:45:31Z" uid="1" user="OSMnx" version="1" changeset="1"><nd ref="12857921448" /><nd ref="12857921447" /><tag k="highway" v="service" /><tag k="oneway" v="no" /></way><way id="1285" timestamp="2026-03-31T16:45:31Z" uid="1" user="OSMnx" version="1" changeset="1"><nd ref="12857921449" /><nd ref="12857921450" /><tag k="highway" v="service" /><tag k="oneway" v="no" /></way><way id="1286" timestamp="2026-03-31T16:45:31Z" uid="1" user="OSMnx" version="1" changeset="1"><nd ref="12857921449" /><nd ref="12857921448" /><tag k="highway" v="service" /><tag k="oneway" v="no" /></way><way id="1287" timestamp="2026-03-31T16:45:31Z" uid="1" user="OSMnx" version="1" changeset="1"><nd ref="12857921450" /><nd ref="12857921472" /><tag k="highway" v="service" /><tag k="oneway" v="no" /></way><way id="1288" timestamp="2026-03-31T16:45:31Z" uid="1" user="OSMnx" version="1" changeset="1"><nd ref="12857921450" /><nd ref="12857921485" /><tag k="highway" v="service" /><tag k="oneway" v="no" /></way><way id="1289" timestamp="2026-03-31T16:45:31Z" uid="1" user="OSMnx" version="1" changeset="1"><nd ref="12857921450" /><nd ref="12857921449" /><tag k="highway" v="service" /><tag k="oneway" v="no" /></way><way id="1290" timestamp="2026-03-31T16:45:31Z" uid="1" user="OSMnx" version="1" changeset="1"><nd ref="12857921453" /><nd ref="12857921484" /><tag k="highway" v="service" /><tag k="oneway" v="no" /></way><way id="1291" timestamp="2026-03-31T16:45:31Z" uid="1" user="OSMnx" version="1" changeset="1"><nd ref="12857921453" /><nd ref="12857921454" /><tag k="highway" v="service" /><tag k="oneway" v="no" /></way><way id="1292" timestamp="2026-03-31T16:45:31Z" uid="1" user="OSMnx" version="1" changeset="1"><nd ref="12857921454" /><nd ref="5071278064" /><tag k="highway" v="service" /><tag k="oneway" v="no" /></way><way id="1293" timestamp="2026-03-31T16:45:31Z" uid="1" user="OSMnx" version="1" changeset="1"><nd ref="12857921454" /><nd ref="12857921453" /><tag k="highway" v="service" /><tag k="oneway" v="no" /></way><way id="1294" timestamp="2026-03-31T16:45:31Z" uid="1" user="OSMnx" version="1" changeset="1"><nd ref="12857921466" /><nd ref="12857921467" /><tag k="highway" v="footway" /><tag k="oneway" v="no" /></way><way id="1295" timestamp="2026-03-31T16:45:31Z" uid="1" user="OSMnx" version="1" changeset="1"><nd ref="12857921466" /><nd ref="12857921471" /><tag k="highway" v="steps" /><tag k="oneway" v="no" /></way><way id="1296" timestamp="2026-03-31T16:45:31Z" uid="1" user="OSMnx" version="1" changeset="1"><nd ref="12857921467" /><nd ref="12857921468" /><tag k="highway" v="footway" /><tag k="oneway" v="no" /></way><way id="1297" timestamp="2026-03-31T16:45:31Z" uid="1" user="OSMnx" version="1" changeset="1"><nd ref="12857921467" /><nd ref="12857921466" /><tag k="highway" v="footway" /><tag k="oneway" v="no" /></way><way id="1298" timestamp="2026-03-31T16:45:31Z" uid="1" user="OSMnx" version="1" changeset="1"><nd ref="12857921468" /><nd ref="12857921469" /><tag k="highway" v="footway" /><tag k="oneway" v="no" /></way><way id="1299" timestamp="2026-03-31T16:45:31Z" uid="1" user="OSMnx" version="1" changeset="1"><nd ref="12857921468" /><nd ref="12857921467" /><tag k="highway" v="footway" /><tag k="oneway" v="no" /></way><way id="1300" timestamp="2026-03-31T16:45:31Z" uid="1" user="OSMnx" version="1" changeset="1"><nd ref="12857921469" /><nd ref="12857921445" /><tag k="highway" v="service" /><tag k="oneway" v="no" /></way><way id="1301" timestamp="2026-03-31T16:45:31Z" uid="1" user="OSMnx" version="1" changeset="1"><nd ref="12857921469" /><nd ref="12857921444" /><tag k="highway" v="service" /><tag k="oneway" v="no" /></way><way id="1302" timestamp="2026-03-31T16:45:31Z" uid="1" user="OSMnx" version="1" changeset="1"><nd ref="12857921469" /><nd ref="12857921468" /><tag k="highway" v="footway" /><tag k="oneway" v="no" /></way><way id="1303" timestamp="2026-03-31T16:45:31Z" uid="1" user="OSMnx" version="1" changeset="1"><nd ref="12857921470" /><nd ref="12857921471" /><tag k="highway" v="steps" /><tag k="oneway" v="no" /></way><way id="1304" timestamp="2026-03-31T16:45:31Z" uid="1" user="OSMnx" version="1" changeset="1"><nd ref="12857921470" /><nd ref="12857921473" /><tag k="highway" v="service" /><tag k="oneway" v="no" /></way><way id="1305" timestamp="2026-03-31T16:45:31Z" uid="1" user="OSMnx" version="1" changeset="1"><nd ref="12857921471" /><nd ref="12857921466" /><tag k="highway" v="steps" /><tag k="oneway" v="no" /></way><way id="1306" timestamp="2026-03-31T16:45:31Z" uid="1" user="OSMnx" version="1" changeset="1"><nd ref="12857921471" /><nd ref="12857921470" /><tag k="highway" v="steps" /><tag k="oneway" v="no" /></way><way id="1307" timestamp="2026-03-31T16:45:31Z" uid="1" user="OSMnx" version="1" changeset="1"><nd ref="12857921472" /><nd ref="5071278057" /><tag k="highway" v="service" /><tag k="oneway" v="no" /></way><way id="1308" timestamp="2026-03-31T16:45:31Z" uid="1" user="OSMnx" version="1" changeset="1"><nd ref="12857921472" /><nd ref="12857921450" /><tag k="highway" v="service" /><tag k="oneway" v="no" /></way><way id="1309" timestamp="2026-03-31T16:45:31Z" uid="1" user="OSMnx" version="1" changeset="1"><nd ref="12857921472" /><nd ref="12857921473" /><tag k="highway" v="service" /><tag k="oneway" v="no" /></way><way id="1310" timestamp="2026-03-31T16:45:31Z" uid="1" user="OSMnx" version="1" changeset="1"><nd ref="12857921473" /><nd ref="12857921470" /><tag k="highway" v="service" /><tag k="oneway" v="no" /></way><way id="1311" timestamp="2026-03-31T16:45:31Z" uid="1" user="OSMnx" version="1" changeset="1"><nd ref="12857921473" /><nd ref="12857921472" /><tag k="highway" v="service" /><tag k="oneway" v="no" /></way><way id="1312" timestamp="2026-03-31T16:45:31Z" uid="1" user="OSMnx" version="1" changeset="1"><nd ref="12857921478" /><nd ref="12857921480" /><tag k="highway" v="service" /><tag k="oneway" v="no" /></way><way id="1313" timestamp="2026-03-31T16:45:31Z" uid="1" user="OSMnx" version="1" changeset="1"><nd ref="12857921478" /><nd ref="12857921479" /><tag k="highway" v="service" /><tag k="oneway" v="no" /></way><way id="1314" timestamp="2026-03-31T16:45:31Z" uid="1" user="OSMnx" version="1" changeset="1"><nd ref="12857921479" /><nd ref="12857921478" /><tag k="highway" v="service" /><tag k="oneway" v="no" /></way><way id="1315" timestamp="2026-03-31T16:45:31Z" uid="1" user="OSMnx" version="1" changeset="1"><nd ref="12857921479" /><nd ref="5071278065" /><tag k="highway" v="service" /><tag k="oneway" v="no" /></way><way id="1316" timestamp="2026-03-31T16:45:31Z" uid="1" user="OSMnx" version="1" changeset="1"><nd ref="12857921480" /><nd ref="12857921481" /><tag k="highway" v="service" /><tag k="oneway" v="no" /></way><way id="1317" timestamp="2026-03-31T16:45:31Z" uid="1" user="OSMnx" version="1" changeset="1"><nd ref="12857921480" /><nd ref="12857921478" /><tag k="highway" v="service" /><tag k="oneway" v="no" /></way><way id="1318" timestamp="2026-03-31T16:45:31Z" uid="1" user="OSMnx" version="1" changeset="1"><nd ref="12857921481" /><nd ref="5071278066" /><tag k="highway" v="service" /><tag k="oneway" v="no" /></way><way id="1319" timestamp="2026-03-31T16:45:31Z" uid="1" user="OSMnx" version="1" changeset="1"><nd ref="12857921481" /><nd ref="12857921480" /><tag k="highway" v="service" /><tag k="oneway" v="no" /></way><way id="1320" timestamp="2026-03-31T16:45:31Z" uid="1" user="OSMnx" version="1" changeset="1"><nd ref="12857921484" /><nd ref="12857921453" /><tag k="highway" v="service" /><tag k="oneway" v="no" /></way><way id="1321" timestamp="2026-03-31T16:45:31Z" uid="1" user="OSMnx" version="1" changeset="1"><nd ref="12857921485" /><nd ref="12857921450" /><tag k="highway" v="service" /><tag k="oneway" v="no" /></way><way id="1322" timestamp="2026-03-31T16:45:31Z" uid="1" user="OSMnx" version="1" changeset="1"><nd ref="12857921485" /><nd ref="5071278056" /><tag k="highway" v="service" /><tag k="oneway" v="no" /></way><way id="1323" timestamp="2026-03-31T16:45:31Z" uid="1" user="OSMnx" version="1" changeset="1"><nd ref="12857921487" /><nd ref="12857921492" /><tag k="highway" v="service" /><tag k="oneway" v="no" /></way><way id="1324" timestamp="2026-03-31T16:45:31Z" uid="1" user="OSMnx" version="1" changeset="1"><nd ref="12857921487" /><nd ref="12857921321" /><tag k="highway" v="service" /><tag k="oneway" v="no" /></way><way id="1325" timestamp="2026-03-31T16:45:31Z" uid="1" user="OSMnx" version="1" changeset="1"><nd ref="12857921488" /><nd ref="5071278063" /><tag k="highway" v="service" /><tag k="oneway" v="no" /></way><way id="1326" timestamp="2026-03-31T16:45:31Z" uid="1" user="OSMnx" version="1" changeset="1"><nd ref="12857921488" /><nd ref="5071249800" /><tag k="highway" v="service" /><tag k="oneway" v="no" /></way><way id="1327" timestamp="2026-03-31T16:45:31Z" uid="1" user="OSMnx" version="1" changeset="1"><nd ref="12857921489" /><nd ref="12857921491" /><tag k="highway" v="service" /><tag k="oneway" v="no" /></way><way id="1328" timestamp="2026-03-31T16:45:31Z" uid="1" user="OSMnx" version="1" changeset="1"><nd ref="12857921489" /><nd ref="12857921492" /><tag k="highway" v="service" /><tag k="oneway" v="no" /></way><way id="1329" timestamp="2026-03-31T16:45:31Z" uid="1" user="OSMnx" version="1" changeset="1"><nd ref="12857921490" /><nd ref="12857921321" /><tag k="highway" v="service" /><tag k="oneway" v="no" /></way><way id="1330" timestamp="2026-03-31T16:45:31Z" uid="1" user="OSMnx" version="1" changeset="1"><nd ref="12857921490" /><nd ref="12857921318" /><tag k="highway" v="service" /><tag k="oneway" v="no" /></way><way id="1331" timestamp="2026-03-31T16:45:31Z" uid="1" user="OSMnx" version="1" changeset="1"><nd ref="12857921490" /><nd ref="12857921491" /><tag k="highway" v="service" /><tag k="oneway" v="no" /></way><way id="1332" timestamp="2026-03-31T16:45:31Z" uid="1" user="OSMnx" version="1" changeset="1"><nd ref="12857921491" /><nd ref="12857921490" /><tag k="highway" v="service" /><tag k="oneway" v="no" /></way><way id="1333" timestamp="2026-03-31T16:45:31Z" uid="1" user="OSMnx" version="1" changeset="1"><nd ref="12857921491" /><nd ref="12857921489" /><tag k="highway" v="service" /><tag k="oneway" v="no" /></way><way id="1334" timestamp="2026-03-31T16:45:31Z" uid="1" user="OSMnx" version="1" changeset="1"><nd ref="12857921492" /><nd ref="12857921489" /><tag k="highway" v="service" /><tag k="oneway" v="no" /></way><way id="1335" timestamp="2026-03-31T16:45:31Z" uid="1" user="OSMnx" version="1" changeset="1"><nd ref="12857921492" /><nd ref="12857921487" /><tag k="highway" v="service" /><tag k="oneway" v="no" /></way><way id="1336" timestamp="2026-03-31T16:45:31Z" uid="1" user="OSMnx" version="1" changeset="1"><nd ref="12857921508" /><nd ref="5071278063" /><tag k="highway" v="service" /><tag k="oneway" v="no" /></way><way id="1337" timestamp="2026-03-31T16:45:31Z" uid="1" user="OSMnx" version="1" changeset="1"><nd ref="12857921508" /><nd ref="12857921332" /><tag k="highway" v="service" /><tag k="oneway" v="no" /></way><way id="1338" timestamp="2026-03-31T16:45:31Z" uid="1" user="OSMnx" version="1" changeset="1"><nd ref="12857921508" /><nd ref="12857921509" /><tag k="highway" v="service" /><tag k="oneway" v="no" /></way><way id="1339" timestamp="2026-03-31T16:45:31Z" uid="1" user="OSMnx" version="1" changeset="1"><nd ref="12857921509" /><nd ref="12857921510" /><tag k="highway" v="service" /><tag k="oneway" v="no" /></way><way id="1340" timestamp="2026-03-31T16:45:31Z" uid="1" user="OSMnx" version="1" changeset="1"><nd ref="12857921509" /><nd ref="12857921508" /><tag k="highway" v="service" /><tag k="oneway" v="no" /></way><way id="1341" timestamp="2026-03-31T16:45:31Z" uid="1" user="OSMnx" version="1" changeset="1"><nd ref="12857921510" /><nd ref="12857921511" /><tag k="highway" v="service" /><tag k="oneway" v="no" /></way><way id="1342" timestamp="2026-03-31T16:45:31Z" uid="1" user="OSMnx" version="1" changeset="1"><nd ref="12857921510" /><nd ref="12857921509" /><tag k="highway" v="service" /><tag k="oneway" v="no" /></way><way id="1343" timestamp="2026-03-31T16:45:31Z" uid="1" user="OSMnx" version="1" changeset="1"><nd ref="12857921511" /><nd ref="12857921512" /><tag k="highway" v="service" /><tag k="oneway" v="no" /></way><way id="1344" timestamp="2026-03-31T16:45:31Z" uid="1" user="OSMnx" version="1" changeset="1"><nd ref="12857921511" /><nd ref="12857921510" /><tag k="highway" v="service" /><tag k="oneway" v="no" /></way><way id="1345" timestamp="2026-03-31T16:45:31Z" uid="1" user="OSMnx" version="1" changeset="1"><nd ref="12857921512" /><nd ref="12857921513" /><tag k="highway" v="service" /><tag k="oneway" v="no" /></way><way id="1346" timestamp="2026-03-31T16:45:31Z" uid="1" user="OSMnx" version="1" changeset="1"><nd ref="12857921512" /><nd ref="12857921511" /><tag k="highway" v="service" /><tag k="oneway" v="no" /></way><way id="1347" timestamp="2026-03-31T16:45:31Z" uid="1" user="OSMnx" version="1" changeset="1"><nd ref="12857921513" /><nd ref="12857921514" /><tag k="highway" v="service" /><tag k="oneway" v="no" /></way><way id="1348" timestamp="2026-03-31T16:45:31Z" uid="1" user="OSMnx" version="1" changeset="1"><nd ref="12857921513" /><nd ref="12857921512" /><tag k="highway" v="service" /><tag k="oneway" v="no" /></way><way id="1349" timestamp="2026-03-31T16:45:31Z" uid="1" user="OSMnx" version="1" changeset="1"><nd ref="12857921514" /><nd ref="12857921515" /><tag k="highway" v="service" /><tag k="oneway" v="no" /></way><way id="1350" timestamp="2026-03-31T16:45:31Z" uid="1" user="OSMnx" version="1" changeset="1"><nd ref="12857921514" /><nd ref="12857921513" /><tag k="highway" v="service" /><tag k="oneway" v="no" /></way><way id="1351" timestamp="2026-03-31T16:45:31Z" uid="1" user="OSMnx" version="1" changeset="1"><nd ref="12857921515" /><nd ref="12857921516" /><tag k="highway" v="service" /><tag k="oneway" v="no" /></way><way id="1352" timestamp="2026-03-31T16:45:31Z" uid="1" user="OSMnx" version="1" changeset="1"><nd ref="12857921515" /><nd ref="12857921514" /><tag k="highway" v="service" /><tag k="oneway" v="no" /></way><way id="1353" timestamp="2026-03-31T16:45:31Z" uid="1" user="OSMnx" version="1" changeset="1"><nd ref="12857921516" /><nd ref="12857921517" /><tag k="highway" v="service" /><tag k="oneway" v="no" /></way><way id="1354" timestamp="2026-03-31T16:45:31Z" uid="1" user="OSMnx" version="1" changeset="1"><nd ref="12857921516" /><nd ref="12857921515" /><tag k="highway" v="service" /><tag k="oneway" v="no" /></way><way id="1355" timestamp="2026-03-31T16:45:31Z" uid="1" user="OSMnx" version="1" changeset="1"><nd ref="12857921517" /><nd ref="12857921518" /><tag k="highway" v="service" /><tag k="oneway" v="no" /></way><way id="1356" timestamp="2026-03-31T16:45:31Z" uid="1" user="OSMnx" version="1" changeset="1"><nd ref="12857921517" /><nd ref="12857921516" /><tag k="highway" v="service" /><tag k="oneway" v="no" /></way><way id="1357" timestamp="2026-03-31T16:45:31Z" uid="1" user="OSMnx" version="1" changeset="1"><nd ref="12857921518" /><nd ref="12857921517" /><tag k="highway" v="service" /><tag k="oneway" v="no" /></way><way id="1358" timestamp="2026-03-31T16:45:31Z" uid="1" user="OSMnx" version="1" changeset="1"><nd ref="13027942872" /><nd ref="13027942873" /><tag k="highway" v="unclassified" /><tag k="name" v="市民中心路" /><tag k="oneway" v="yes" /></way><way id="1359" timestamp="2026-03-31T16:45:31Z" uid="1" user="OSMnx" version="1" changeset="1"><nd ref="13027942873" /><nd ref="13027942876" /><tag k="highway" v="unclassified" /><tag k="name" v="市民中心路" /><tag k="oneway" v="yes" /></way><way id="1360" timestamp="2026-03-31T16:45:31Z" uid="1" user="OSMnx" version="1" changeset="1"><nd ref="13027942874" /><nd ref="13027942875" /><tag k="highway" v="unclassified" /><tag k="name" v="市民中心路" /><tag k="oneway" v="yes" /></way><way id="1361" timestamp="2026-03-31T16:45:31Z" uid="1" user="OSMnx" version="1" changeset="1"><nd ref="13027942875" /><nd ref="13027995601" /><tag k="highway" v="unclassified" /><tag k="name" v="市民中心路" /><tag k="oneway" v="yes" /></way><way id="1362" timestamp="2026-03-31T16:45:31Z" uid="1" user="OSMnx" version="1" changeset="1"><nd ref="13027942876" /><nd ref="13027942877" /><tag k="highway" v="unclassified" /><tag k="name" v="市民中心路" /><tag k="oneway" v="yes" /></way><way id="1363" timestamp="2026-03-31T16:45:31Z" uid="1" user="OSMnx" version="1" changeset="1"><nd ref="13027942877" /><nd ref="13027942883" /><tag k="highway" v="unclassified" /><tag k="name" v="市民中心路" /><tag k="oneway" v="yes" /></way><way id="1364" timestamp="2026-03-31T16:45:31Z" uid="1" user="OSMnx" version="1" changeset="1"><nd ref="13027942878" /><nd ref="13027942881" /><tag k="highway" v="tertiary" /><tag k="name" v="簪花路" /><tag k="oneway" v="yes" /></way><way id="1365" timestamp="2026-03-31T16:45:31Z" uid="1" user="OSMnx" version="1" changeset="1"><nd ref="13027942879" /><nd ref="13027942874" /><tag k="highway" v="unclassified" /><tag k="name" v="市民中心路" /><tag k="oneway" v="yes" /></way><way id="1366" timestamp="2026-03-31T16:45:31Z" uid="1" user="OSMnx" version="1" changeset="1"><nd ref="13027942880" /><nd ref="13027942879" /><tag k="highway" v="unclassified" /><tag k="name" v="市民中心路" /><tag k="oneway" v="yes" /></way><way id="1367" timestamp="2026-03-31T16:45:31Z" uid="1" user="OSMnx" version="1" changeset="1"><nd ref="13027942881" /><nd ref="13027942882" /><tag k="highway" v="unclassified" /><tag k="name" v="市民中心路" /><tag k="oneway" v="yes" /></way><way id="1368" timestamp="2026-03-31T16:45:31Z" uid="1" user="OSMnx" version="1" changeset="1"><nd ref="13027942881" /><nd ref="7462518742" /><tag k="highway" v="tertiary" /><tag k="name" v="簪花路" /><tag k="oneway" v="yes" /></way><way id="1369" timestamp="2026-03-31T16:45:31Z" uid="1" user="OSMnx" version="1" changeset="1"><nd ref="13027942882" /><nd ref="13027942883" /><tag k="highway" v="tertiary" /><tag k="name" v="簪花路" /><tag k="oneway" v="yes" /></way><way id="1370" timestamp="2026-03-31T16:45:31Z" uid="1" user="OSMnx" version="1" changeset="1"><nd ref="13027942882" /><nd ref="13027942880" /><tag k="highway" v="unclassified" /><tag k="name" v="市民中心路" /><tag k="oneway" v="yes" /></way><way id="1371" timestamp="2026-03-31T16:45:31Z" uid="1" user="OSMnx" version="1" changeset="1"><nd ref="13027942883" /><nd ref="7462518744" /><tag k="highway" v="tertiary" /><tag k="name" v="簪花路" /><tag k="oneway" v="yes" /></way><way id="1372" timestamp="2026-03-31T16:45:31Z" uid="1" user="OSMnx" version="1" changeset="1"><nd ref="13027942883" /><nd ref="13027942878" /><tag k="highway" v="unclassified" /><tag k="name" v="市民中心路" /><tag k="oneway" v="yes" /></way><way id="1373" timestamp="2026-03-31T16:45:31Z" uid="1" user="OSMnx" version="1" changeset="1"><nd ref="13027942884" /><nd ref="4191936626" /><tag k="highway" v="tertiary" /><tag k="name" v="簪花路" /><tag k="oneway" v="yes" /></way><way id="1374" timestamp="2026-03-31T16:45:31Z" uid="1" user="OSMnx" version="1" changeset="1"><nd ref="13027942884" /><nd ref="4191936649" /><tag k="highway" v="unclassified" /><tag k="name" v="会展北路" /><tag k="oneway" v="yes" /></way><way id="1375" timestamp="2026-03-31T16:45:31Z" uid="1" user="OSMnx" version="1" changeset="1"><nd ref="13027942885" /><nd ref="11924833018" /><tag k="highway" v="unclassified" /><tag k="name" v="会展北路" /><tag k="oneway" v="yes" /></way><way id="1376" timestamp="2026-03-31T16:45:31Z" uid="1" user="OSMnx" version="1" changeset="1"><nd ref="13027942885" /><nd ref="13027942884" /><tag k="highway" v="tertiary" /><tag k="name" v="簪花路" /><tag k="oneway" v="yes" /></way><way id="1377" timestamp="2026-03-31T16:45:31Z" uid="1" user="OSMnx" version="1" changeset="1"><nd ref="13027942886" /><nd ref="11924833017" /><tag k="highway" v="unclassified" /><tag k="oneway" v="no" /></way><way id="1378" timestamp="2026-03-31T16:45:31Z" uid="1" user="OSMnx" version="1" changeset="1"><nd ref="13027942886" /><nd ref="4193375769" /><tag k="highway" v="tertiary" /><tag k="name" v="簪花路" /><tag k="oneway" v="yes" /></way><way id="1379" timestamp="2026-03-31T16:45:31Z" uid="1" user="OSMnx" version="1" changeset="1"><nd ref="13027942887" /><nd ref="4193375693" /><tag k="highway" v="residential" /><tag k="oneway" v="no" /></way><way id="1380" timestamp="2026-03-31T16:45:31Z" uid="1" user="OSMnx" version="1" changeset="1"><nd ref="13027942887" /><nd ref="4191936684" /><tag k="highway" v="tertiary" /><tag k="name" v="簪花路" /><tag k="oneway" v="yes" /></way><way id="1381" timestamp="2026-03-31T16:45:31Z" uid="1" user="OSMnx" version="1" changeset="1"><nd ref="13027942888" /><nd ref="4193375802" /><tag k="highway" v="residential" /><tag k="oneway" v="no" /></way><way id="1382" timestamp="2026-03-31T16:45:31Z" uid="1" user="OSMnx" version="1" changeset="1"><nd ref="13027942888" /><nd ref="4191936659" /><tag k="highway" v="tertiary" /><tag k="name" v="簪花路" /><tag k="oneway" v="yes" /></way><way id="1383" timestamp="2026-03-31T16:45:31Z" uid="1" user="OSMnx" version="1" changeset="1"><nd ref="13027942889" /><nd ref="13027942890" /><tag k="highway" v="tertiary" /><tag k="name" v="簪花路" /><tag k="oneway" v="yes" /></way><way id="1384" timestamp="2026-03-31T16:45:31Z" uid="1" user="OSMnx" version="1" changeset="1"><nd ref="13027942890" /><nd ref="13027942891" /><tag k="highway" v="tertiary" /><tag k="name" v="簪花路" /><tag k="oneway" v="yes" /></way><way id="1385" timestamp="2026-03-31T16:45:31Z" uid="1" user="OSMnx" version="1" changeset="1"><nd ref="13027942891" /><nd ref="4191936646" /><tag k="highway" v="tertiary" /><tag k="name" v="簪花路" /><tag k="oneway" v="yes" /></way><way id="1386" timestamp="2026-03-31T16:45:31Z" uid="1" user="OSMnx" version="1" changeset="1"><nd ref="13027942892" /><nd ref="4191936642" /><tag k="highway" v="secondary" /><tag k="name" v="体育路" /><tag k="oneway" v="yes" /></way><way id="1387" timestamp="2026-03-31T16:45:31Z" uid="1" user="OSMnx" version="1" changeset="1"><nd ref="13027942893" /><nd ref="4191936625" /><tag k="highway" v="secondary" /><tag k="name" v="体育路" /><tag k="oneway" v="yes" /></way><way id="1388" timestamp="2026-03-31T16:45:31Z" uid="1" user="OSMnx" version="1" changeset="1"><nd ref="13027942894" /><nd ref="3450066232" /><tag k="highway" v="secondary" /><tag k="name" v="体育路" /><tag k="oneway" v="yes" /></way><way id="1389" timestamp="2026-03-31T16:45:31Z" uid="1" user="OSMnx" version="1" changeset="1"><nd ref="13027942895" /><nd ref="13027942892" /><tag k="highway" v="tertiary" /><tag k="name" v="簪花路" /><tag k="oneway" v="yes" /></way><way id="1390" timestamp="2026-03-31T16:45:31Z" uid="1" user="OSMnx" version="1" changeset="1"><nd ref="13027942895" /><nd ref="3450066194" /><tag k="highway" v="secondary" /><tag k="name" v="体育路" /><tag k="oneway" v="yes" /></way><way id="1391" timestamp="2026-03-31T16:45:31Z" uid="1" user="OSMnx" version="1" changeset="1"><nd ref="13027942896" /><nd ref="13027942895" /><tag k="highway" v="tertiary" /><tag k="name" v="簪花路" /><tag k="oneway" v="yes" /></way><way id="1392" timestamp="2026-03-31T16:45:31Z" uid="1" user="OSMnx" version="1" changeset="1"><nd ref="13027942897" /><nd ref="13027995604" /><tag k="highway" v="tertiary" /><tag k="oneway" v="yes" /></way><way id="1393" timestamp="2026-03-31T16:45:31Z" uid="1" user="OSMnx" version="1" changeset="1"><nd ref="13027942897" /><nd ref="13027995603" /><tag k="highway" v="unclassified" /><tag k="name" v="市民中心路" /><tag k="oneway" v="yes" /></way><way id="1394" timestamp="2026-03-31T16:45:31Z" uid="1" user="OSMnx" version="1" changeset="1"><nd ref="13027942898" /><nd ref="7462518746" /><tag k="highway" v="tertiary" /><tag k="oneway" v="yes" /></way><way id="1395" timestamp="2026-03-31T16:45:31Z" uid="1" user="OSMnx" version="1" changeset="1"><nd ref="13027942898" /><nd ref="13027942897" /><tag k="highway" v="unclassified" /><tag k="name" v="市民中心路" /><tag k="oneway" v="yes" /></way><way id="1396" timestamp="2026-03-31T16:45:31Z" uid="1" user="OSMnx" version="1" changeset="1"><nd ref="13027942899" /><nd ref="4193375796" /><tag k="highway" v="tertiary" /><tag k="oneway" v="yes" /></way><way id="1397" timestamp="2026-03-31T16:45:31Z" uid="1" user="OSMnx" version="1" changeset="1"><nd ref="13027942900" /><nd ref="7462518716" /><tag k="highway" v="tertiary" /><tag k="oneway" v="yes" /></way><way id="1398" timestamp="2026-03-31T16:45:31Z" uid="1" user="OSMnx" version="1" changeset="1"><nd ref="13027995601" /><nd ref="13027995604" /><tag k="highway" v="unclassified" /><tag k="name" v="市民中心路" /><tag k="oneway" v="yes" /></way><way id="1399" timestamp="2026-03-31T16:45:31Z" uid="1" user="OSMnx" version="1" changeset="1"><nd ref="13027995602" /><nd ref="13027942898" /><tag k="highway" v="tertiary" /><tag k="oneway" v="yes" /></way><way id="1400" timestamp="2026-03-31T16:45:31Z" uid="1" user="OSMnx" version="1" changeset="1"><nd ref="13027995603" /><nd ref="13027942872" /><tag k="highway" v="unclassified" /><tag k="name" v="市民中心路" /><tag k="oneway" v="yes" /></way><way id="1401" timestamp="2026-03-31T16:45:31Z" uid="1" user="OSMnx" version="1" changeset="1"><nd ref="13027995604" /><nd ref="13027995602" /><tag k="highway" v="unclassified" /><tag k="name" v="市民中心路" /><tag k="oneway" v="yes" /></way><way id="1402" timestamp="2026-03-31T16:45:31Z" uid="1" user="OSMnx" version="1" changeset="1"><nd ref="13027995604" /><nd ref="7462518740" /><tag k="highway" v="tertiary" /><tag k="oneway" v="yes" /></way><way id="1403" timestamp="2026-03-31T16:45:31Z" uid="1" user="OSMnx" version="1" changeset="1"><nd ref="13027995605" /><nd ref="13027995606" /><tag k="highway" v="tertiary" /><tag k="name" v="元美东路" /><tag k="oneway" v="yes" /></way><way id="1404" timestamp="2026-03-31T16:45:31Z" uid="1" user="OSMnx" version="1" changeset="1"><nd ref="13027995605" /><nd ref="13027942884" /><tag k="highway" v="unclassified" /><tag k="name" v="会展北路" /><tag k="oneway" v="yes" /></way><way id="1405" timestamp="2026-03-31T16:45:31Z" uid="1" user="OSMnx" version="1" changeset="1"><nd ref="13027995606" /><nd ref="3464967536" /><tag k="highway" v="tertiary" /><tag k="name" v="元美东路" /><tag k="oneway" v="yes" /></way><way id="1406" timestamp="2026-03-31T16:45:31Z" uid="1" user="OSMnx" version="1" changeset="1"><nd ref="13027995606" /><nd ref="4191936683" /><tag k="highway" v="unclassified" /><tag k="name" v="会展北路" /><tag k="oneway" v="yes" /></way><way id="1407" timestamp="2026-03-31T16:45:31Z" uid="1" user="OSMnx" version="1" changeset="1"><nd ref="13098781520" /><nd ref="7462518715" /><tag k="highway" v="tertiary" /><tag k="oneway" v="yes" /></way><way id="1408" timestamp="2026-03-31T16:45:31Z" uid="1" user="OSMnx" version="1" changeset="1"><nd ref="13098781521" /><nd ref="13098781520" /><tag k="highway" v="tertiary" /><tag k="oneway" v="yes" /></way></osm>