name,node_id,osm_node_id,ctrl_type,x_coord,y_coord,is_boundary,activity_type,poi_id,zone_id,notes
,1,25248785,signal,116.3889280,39.9059990,,,,,
,2,9063921183,,116.3894460,39.9060160,,,,,
,3,25248786,signal,116.3926310,39.9061130,,,,,
,4,9063921186,,116.3930800,39.9061260,,,,,
,5,25248790,signal,116.3902310,39.8987640,,,,,
,6,9298159121,,116.3898160,39.8987500,,,,,
,7,25248791,signal,116.3937070,39.8989120,,,,,
,8,9298151116,,116.3934590,39.8988800,,,,,
,9,25585055,,116.3855920,39.9019940,,,,,
,10,13570555123,,116.3856730,39.9019720,,,,,
,11,5098449244,,116.3855900,39.9021680,,,,,
,12,6448366274,,116.3854630,39.9019010,,,,,
,13,25585061,,116.3862840,39.9016950,,,,,
,14,10197703875,,116.3865230,39.9015680,,,,,
,15,5098449241,,116.3858900,39.9018890,,,,,
,16,25585063,,116.3867190,39.9014880,,,,,
,17,6448366277,,116.3868880,39.9014530,,,,,
,18,6448366276,,116.3865420,39.9015580,,,,,
,19,25585067,,116.3853950,39.9017930,,,,,
,20,13570555121,,116.3853920,39.9017620,,,,,
,21,13570555120,,116.3854010,39.9018220,,,,,
,22,25585082,signal,116.3858070,39.8989810,,,,,
,23,9378036229,,116.3857620,39.8989800,,,,,
,24,25585083,,116.3867920,39.8990030,,,,,
,25,1414035094,,116.3866400,39.8991280,,,,,
,26,25585084,,116.3872480,39.8989840,,,,,
,27,25585092,,116.3818430,39.8988720,,,,,
,28,1414035092,,116.3818400,39.8990000,,,,,
,29,2099138477,,116.3801880,39.8988180,,,,,
,30,25585093,signal,116.3782360,39.8987550,,,,,
,31,9378025367,,116.3781810,39.8987530,,,,,
,32,25585099,signal,116.3762840,39.9056760,,,,,
,33,9033666118,,116.3765720,39.9056780,,,,,
,34,25585116,,116.3777460,39.9005040,,,,,
,35,13090489582,,116.3777660,39.9000820,,,,,
,36,13090532115,,116.3778180,39.9005250,,,,,
,37,13090532114,,116.3776540,39.9004770,,,,,
,38,25585118,,116.3776450,39.9027340,,,,,
,39,5077274183,,116.3776900,39.9014460,,,,,
,40,25585122,,116.3777510,39.9029500,,,,,
,41,13090489590,,116.3778130,39.9029690,,,,,
,42,13090489592,,116.3777000,39.9028980,,,,,
,43,13090489589,,116.3776130,39.9029000,,,,,
,44,13090532121,signal,116.3777500,39.9031020,,,,,
,45,25585128,,116.3794720,39.9029580,,,,,
,46,13568373630,,116.3798850,39.9029560,,,,,
,47,13568912118,,116.3790000,39.9029670,,,,,
,48,25585130,,116.3810020,39.9029590,,,,,
,49,13568912119,,116.3813460,39.9029670,,,,,
,50,13568373629,,116.3806310,39.9029560,,,,,
,51,25585132,signal,116.3816930,39.9029780,,,,,
,52,25585135,,116.3816140,39.9024290,,,,,
,53,13568915135,,116.3816330,39.9029760,,,,,
,54,25585155,,116.3817670,39.9035480,,,,,
,55,25585139,,116.3815900,39.9022260,,,,,
,56,13568915156,,116.3815800,39.9021370,,,,,
,57,25585141,signal,116.3817340,39.9006670,,,,,
,58,13568915161,,116.3817180,39.9007070,,,,,
,59,13568915164,,116.3817460,39.9006130,,,,,
,60,13570555110,,116.3818560,39.9006710,,,,,
,61,733992879,,116.3818310,39.9039990,,,,,
,62,25585157,,116.3819100,39.9045780,,,,,
,63,13568912194,,116.3819270,39.9047160,,,,,
,64,13568912192,,116.3818720,39.9042900,,,,,
,65,26535390,signal,116.4004160,39.9068640,,,,,
,66,1446052227,,116.4004300,39.9072580,,,,,
,67,6095123387,,116.4004140,39.9068090,,,,,
,68,26535594,signal,116.4115080,39.9067700,,,,,
,69,8835880546,,116.4116620,39.9067740,,,,,
,70,26535595,signal,116.4054560,39.9067620,,,,,
,71,9296258001,,116.4053100,39.9067590,,,,,
,72,26535596,signal,116.4118530,39.9046360,,,,,
,73,9742777739,,116.4118730,39.9041190,,,,,
,74,31018236,signal,116.4203180,39.9069380,,,,,
,75,12394030657,,116.4204930,39.9069410,,,,,
,76,31194136,signal,116.4005420,39.9116150,,,,,
,77,266111656,,116.4010400,39.9116300,,,,,
,78,733788139,,116.4005230,39.9119990,,,,,
,79,8809675588,,116.4005770,39.9107290,,,,,
,80,31194139,signal,116.4050850,39.9171520,,,,,
,81,733859702,,116.4058090,39.9171830,,,,,
,82,8809675612,,116.4049960,39.9171480,,,,,
,83,31194141,,116.3954760,39.9137330,,,,,
,84,9507815685,,116.3955760,39.9137380,,,,,
,85,31194142,signal,116.3967320,39.9137700,,,,,
,86,733788527,,116.3966410,39.9157260,,,,,
,87,733788552,,116.3967630,39.9131700,,,,,
,88,533627836,,116.3973810,39.9137980,,,,,
,89,12587107297,,116.3966120,39.9137660,,,,,
,90,31194143,signal,116.4003860,39.9138910,,,,,
,91,266111655,,116.4009100,39.9139030,,,,,
,92,9327598730,,116.4004740,39.9126720,,,,,
,93,9327607684,,116.4003510,39.9143910,,,,,
,94,733788662,,116.3990680,39.9138380,,,,,
,95,31194144,signal,116.4115740,39.9141610,,,,,
,96,2056636786,,116.4115480,39.9148160,,,,,
,97,12543092603,,116.4114470,39.9141600,,,,,
,98,12544983534,,116.4117100,39.9141500,,,,,
,99,4166633991,,116.4115980,39.9134500,,,,,
,101,733859146,,116.4185230,39.9142420,,,,,
,103,31194147,signal,116.4114270,39.9174090,,,,,
,104,384057956,,116.4114520,39.9169720,,,,,
,105,266111538,,116.4114220,39.9176840,,,,,
,106,12543092624,,116.4112710,39.9174010,,,,,
,107,31200894,,116.4113300,39.9211400,,,,,
,108,8958237027,,116.4113290,39.9211800,,,,,
,109,8958237028,,116.4113470,39.9205420,,,,,
,110,31200908,,116.4113490,39.9204730,,,,,
,111,1976153500,,116.4113480,39.9205020,,,,,
,112,1976153494,,116.4113660,39.9198480,,,,,
,113,31200998,,116.4069950,39.9205420,,,,,
,114,733858976,,116.4069640,39.9211900,,,,,
,115,31201008,,116.4134010,39.9212190,,,,,
,116,733859830,,116.4133940,39.9221460,,,,,
,119,733859349,,116.4205820,39.9102270,,,,,
,120,31201266,signal,116.4205200,39.9114120,,,,,
,121,31201268,,116.4204510,39.9128620,,,,,
,122,733858910,,116.4185100,39.9128220,,,,,
,123,1362315801,,116.4205830,39.9128550,,,,,
,124,9705429913,,116.4204880,39.9120900,,,,,
,125,31201271,,116.4201910,39.9170370,,,,,
,126,390934174,,116.4203040,39.9156930,,,,,
,129,2383234323,,116.4201810,39.9172470,,,,,
,130,31201273,,116.4200930,39.9191010,,,,,
,131,31201274,,116.4200660,39.9198700,,,,,
,132,2383234311,,116.4200740,39.9194380,,,,,
,135,31201280,,116.4199060,39.9252340,,,,,
,136,2383234291,,116.4199220,39.9242780,,,,,
,137,31331970,,116.4278300,39.9322830,,,,,
,138,1114050068,,116.4279240,39.9302780,,,,,
,139,31331973,,116.4282480,39.9230580,,,,,
,140,10048963979,,116.4282910,39.9213790,,,,,
,141,31331976,,116.4288140,39.9120600,,,,,
,142,31331977,,116.4292000,39.9103470,,,,,
,143,31331978,,116.4293380,39.9096970,,,,,
,144,1300406468,,116.4293080,39.9094020,,,,,
,145,31331992,,116.4293900,39.9093520,,,,,
,146,1300406491,,116.4294270,39.9083460,,,,,
,147,31332092,signal,116.4208170,39.9038460,,,,,
,148,4716204335,,116.4208200,39.9038100,,,,,
,149,32061865,,116.3899820,39.8981210,,,,,
,150,32061866,,116.3900910,39.8979890,,,,,
,151,11775585841,,116.3902270,39.8978750,,,,,
,152,32061867,,116.3912110,39.8974890,,,,,
,153,9298151112,,116.3913880,39.8974500,,,,,
,154,32061954,,116.3924720,39.8976250,,,,,
,155,32061955,,116.3927290,39.8977220,,,,,
,156,1419898259,,116.3929480,39.8978140,,,,,
,157,32061956,signal,116.3936080,39.8980100,,,,,
,158,12409411623,,116.3935450,39.8981160,,,,,
,159,32061957,,116.3934690,39.8984670,,,,,
,160,9298159119,signal,116.3934700,39.8986520,,,,,
,161,32062409,,116.3963470,39.8992040,,,,,
,162,12849849316,,116.3967990,39.8992470,,,,,
,163,32062410,,116.3985450,39.8992920,,,,,
,164,4710639229,,116.4003760,39.8993240,,,,,
,165,32062415,signal,116.4053390,39.8994550,,,,,
,166,10124169593,,116.4053770,39.8994560,,,,,
,167,32387951,,116.4087150,39.9319820,,,,,
,168,32387952,signal,116.4106350,39.9321360,,,,,
,169,6095096798,,116.4106910,39.9321400,,,,,
,170,32387953,signal,116.4193010,39.9322220,,,,,
,171,10314757625,,116.4194080,39.9322220,,,,,
,172,32387954,,116.4271440,39.9321140,,,,,
,173,1819128597,,116.4273040,39.9319860,,,,,
,174,32387955,,116.4276180,39.9318500,,,,,
,175,32387956,,116.4282080,39.9318650,,,,,
,176,10048650724,,116.4283320,39.9318930,,,,,
,177,32387957,,116.4286890,39.9322370,,,,,
,178,245145493,,116.4304240,39.9322420,,,,,
,179,10048650725,,116.4286860,39.9323480,,,,,
,180,32388049,,116.4281250,39.9327500,,,,,
,181,10989796991,,116.4277180,39.9327400,,,,,
,182,32388050,,116.4275840,39.9327370,,,,,
,183,10048650727,,116.4273850,39.9326730,,,,,
,186,9349946534,,116.4026010,39.9317150,,,,,
,187,32450490,,116.4024200,39.9357430,,,,,
,188,32450494,,116.4024550,39.9349220,,,,,
,189,10125901969,,116.4024670,39.9346520,,,,,
,190,32615480,signal,116.3667750,39.9315790,,,,,
,191,10679301343,,116.3667680,39.9313610,,,,,
,192,1742785891,,116.3667930,39.9321840,,,,,
,193,32615481,signal,116.3706010,39.9314620,,,,,
,194,3271161945,,116.3706170,39.9314490,,,,,
,195,3271161946,,116.3701400,39.9314640,,,,,
,196,32615483,signal,116.3738400,39.9318310,,,,,
,197,10278017139,,116.3738600,39.9316530,,,,,
,198,32615484,,116.3767230,39.9317340,,,,,
,199,340247549,,116.3765710,39.9334150,,,,,
,200,342836797,,116.3752180,39.9316920,,,,,
,201,32899013,,116.4028880,39.9258830,,,,,
,202,1979479804,,116.4030150,39.9258860,,,,,
,203,733858790,,116.4012750,39.9258420,,,,,
,204,1860131870,,116.4029260,39.9260490,,,,,
,205,32899014,,116.4042800,39.9259170,,,,,
,206,3732821915,,116.4043550,39.9259160,,,,,
,207,35551151,signal,116.4313670,39.9255380,,,,,
,208,100634167,,116.4313340,39.9262530,,,,,
,209,1819087373,,116.4311470,39.9255740,,,,,
,210,12865292791,,116.4314280,39.9233160,,,,,
,211,35722663,,116.4307190,39.9231780,,,,,
,212,1819087360,,116.4300580,39.9231900,,,,,
,213,35722664,,116.4294260,39.9230540,,,,,
,214,1819087358,,116.4300810,39.9230700,,,,,
,215,72846238,,116.4299830,39.9023700,,,,,
,216,72846240,,116.4300660,39.9018690,,,,,
,217,10048964011,,116.4300880,39.9016690,,,,,
,218,72846241,,116.4300120,39.9011190,,,,,
,219,12667792922,,116.4299590,39.9007810,,,,,
,220,72846243,,116.4299140,39.8998450,,,,,
,221,1195165493,,116.4299960,39.8996230,,,,,
,222,72846244,,116.4302760,39.8991420,,,,,
,223,12387726311,,116.4305300,39.8988970,,,,,
,224,72846247,,116.4310480,39.8985770,,,,,
,225,1195165370,,116.4315290,39.8984080,,,,,
,226,76457576,,116.4289310,39.9233040,,,,,
,227,1192323485,,116.4288030,39.9233760,,,,,
,228,76457577,,116.4286280,39.9233930,,,,,
,229,76457578,signal,116.4279430,39.9233800,,,,,
,230,10048648397,,116.4277830,39.9233620,,,,,
,231,76457579,,116.4276730,39.9232480,,,,,
,232,1449318352,,116.4276000,39.9231220,,,,,
,233,1859740306,,116.4274480,39.9232470,,,,,
,234,76457580,,116.4276020,39.9229460,,,,,
,235,76457599,,116.4276540,39.9228480,,,,,
,236,76457600,,116.4278480,39.9227280,,,,,
,237,1192323468,,116.4279060,39.9225660,,,,,
,238,266109659,,116.4280150,39.9226980,,,,,
,239,76457601,,116.4286230,39.9227130,,,,,
,240,10048648401,signal,116.4286570,39.9227160,,,,,
,241,76457617,,116.4289420,39.9228700,,,,,
,242,1819087355,,116.4291630,39.9229840,,,,,
,243,1192323508,,116.4289800,39.9230250,,,,,
,244,76457625,signal,116.4289630,39.9231580,,,,,
,245,76457683,signal,116.4110240,39.9228780,,,,,
,246,8958237032,,116.4110740,39.9228780,,,,,
,247,76457684,signal,116.4045880,39.9229980,,,,,
,248,8958225996,,116.4044220,39.9230230,,,,,
,249,8958226002,,116.4045870,39.9231370,,,,,
,250,12531335686,,116.4045860,39.9229120,,,,,
,251,76457685,,116.4043600,39.9230300,,,,,
,252,12876999923,,116.4041960,39.9230260,,,,,
,253,76457686,,116.3980170,39.9228520,,,,,
,254,12838102855,,116.3977760,39.9228420,,,,,
,255,2482565148,,116.3984010,39.9228580,,,,,
,256,76457854,,116.3973130,39.9226970,,,,,
,257,8958237021,,116.3972530,39.9226510,,,,,
,258,341182265,,116.3974310,39.9227700,,,,,
,259,76457856,,116.3966980,39.9222270,,,,,
,260,7825648504,,116.3966050,39.9221840,,,,,
,261,7825648503,,116.3968040,39.9222920,,,,,
,262,76457857,,116.3965020,39.9221460,,,,,
,263,7825648499,,116.3964060,39.9221170,,,,,
,265,12838104804,,116.3962370,39.9221730,,,,,
,267,76457859,,116.3914580,39.9219190,,,,,
,268,260560256,signal,116.3931830,39.9219940,,,,,
,269,76457860,,116.3858240,39.9217370,,,,,
,270,6148460914,,116.3861410,39.9217460,,,,,
,271,76457861,,116.3854460,39.9216830,,,,,
,272,12838104808,,116.3856360,39.9217210,,,,,
,273,12838104829,,116.3854420,39.9217500,,,,,
,274,76457862,,116.3851900,39.9215560,,,,,
,275,6060004177,,116.3853130,39.9216310,,,,,
,276,76457866,,116.3828200,39.9208670,,,,,
,277,9110082477,,116.3829520,39.9208510,,,,,
,278,76457867,,116.3825400,39.9209340,,,,,
,279,9110082476,,116.3827000,39.9208880,,,,,
,280,76457868,,116.3821250,39.9210390,,,,,
,281,9110082474,,116.3822100,39.9210270,,,,,
,282,76457869,,116.3808120,39.9210150,,,,,
,283,9110082467,,116.3819410,39.9210450,,,,,
,284,76457870,,116.3803360,39.9210520,,,,,
,285,9110082469,,116.3805000,39.9210290,,,,,
,286,76457871,,116.3798890,39.9210850,,,,,
,287,9110082470,,116.3800630,39.9210910,,,,,
,288,76457872,,116.3782860,39.9210380,,,,,
,289,1298111507,signal,116.3783960,39.9210410,,,,,
,290,76457873,,116.3780690,39.9210560,,,,,
,291,76457874,,116.3770930,39.9211970,,,,,
,292,9109973750,,116.3774040,39.9212030,,,,,
,293,76457875,,116.3766690,39.9212840,,,,,
,294,6130527986,,116.3766150,39.9221350,,,,,
,295,10745188463,,116.3765640,39.9213670,,,,,
,296,90235956,signal,116.3758290,39.9212780,,,,,
,300,8742536105,,116.3678150,39.9025740,,,,,
,301,77732048,signal,116.3699680,39.9027230,,,,,
,302,9091317147,,116.3700230,39.9027270,,,,,
,303,77732049,,116.3701780,39.9027770,,,,,
,304,8742536114,,116.3701770,39.9026680,,,,,
,305,9091317148,,116.3700230,39.9028220,,,,,
,306,9091317146,,116.3703440,39.9027820,,,,,
,307,8742536113,,116.3701760,39.9028950,,,,,
,308,77732582,,116.3680020,39.8984220,,,,,
,309,1429524725,,116.3678560,39.8984160,,,,,
,310,325686443,,116.3680230,39.8982960,,,,,
,311,77734114,signal,116.3676230,39.9133670,,,,,
,312,2264144506,,116.3677500,39.9133550,,,,,
,313,10316801402,,116.3674640,39.9134040,,,,,
,314,10933449883,,116.3676200,39.9134470,,,,,
,315,10933449879,,116.3675710,39.9132530,,,,,
,316,77738854,,116.3681400,39.8932730,,,,,
,317,1549077252,,116.3681970,39.8926100,,,,,
,318,1549077256,,116.3681100,39.8929480,,,,,
,319,77744963,,116.3920600,39.8912920,,,,,
,320,7694610157,,116.3921010,39.8912920,,,,,
,321,7694610156,,116.3920200,39.8912910,,,,,
,322,77744964,,116.3919820,39.8899760,,,,,
,323,77746338,,116.3905840,39.8896140,,,,,
,324,77746330,,116.3742080,39.8880060,,,,,
,325,734169838,,116.3735320,39.8879840,,,,,
,326,77746331,,116.3766400,39.8881100,,,,,
,327,1599489660,,116.3756120,39.8880600,,,,,
,328,1599483534,,116.3763090,39.8881920,,,,,
,330,12927006641,,116.3781130,39.8881560,,,,,
,332,77746334,,116.3808630,39.8882130,,,,,
,333,1598453935,,116.3805580,39.8883410,,,,,
,334,2480776655,,116.3801340,39.8882160,,,,,
,335,77746335,,116.3829940,39.8883340,,,,,
,336,1598454374,,116.3823940,39.8882840,,,,,
,337,77746336,,116.3859160,39.8886130,,,,,
,338,77746337,,116.3871670,39.8887970,,,,,
,339,1231628482,,116.3868380,39.8888470,,,,,
,340,4720814710,,116.3900600,39.8894540,,,,,
,341,1231628455,,116.3900560,39.8895520,,,,,
,344,1598459390,,116.3939950,39.8904150,,,,,
,345,77746342,,116.3967530,39.8909920,,,,,
,346,734520722,,116.3962600,39.8908990,,,,,
,347,77746343,,116.3974600,39.8911110,,,,,
,348,77746345,,116.3987730,39.8912410,,,,,
,349,1598502469,,116.3981300,39.8911940,,,,,
,350,77746350,,116.4163310,39.8919470,,,,,
,351,1598502604,,116.4141790,39.8918030,,,,,
,352,77746351,,116.4193230,39.8921290,,,,,
,353,4720750630,,116.4178020,39.8920390,,,,,
,354,77751976,signal,116.4000360,39.9228810,,,,,
,355,12838102879,,116.4000310,39.9229570,,,,,
,356,8958226013,,116.4000400,39.9227670,,,,,
,357,10006999397,,116.3999380,39.9228810,,,,,
,358,8958226012,,116.4001450,39.9228820,,,,,
,359,90235913,signal,116.3709190,39.9211190,,,,,
,360,10745130569,,116.3709760,39.9211270,,,,,
,361,90235917,signal,116.3672350,39.9213190,,,,,
,362,5077442711,,116.3672450,39.9212730,,,,,
,363,90235922,,116.3715350,39.9131770,,,,,
,364,9827021451,,116.3705190,39.9132300,,,,,
,365,734045611,,116.3715660,39.9118550,,,,,
,366,3702172114,,116.3714720,39.9142220,,,,,
,367,733992925,,116.3728450,39.9130730,,,,,
,368,90235924,,116.3754970,39.9129970,,,,,
,369,90235944,,116.3754540,39.9142310,,,,,
,370,6445856543,,116.3755370,39.9125540,,,,,
,371,734046205,,116.3732510,39.9130570,,,,,
,372,90235937,,116.3756910,39.9097740,,,,,
,373,8742540362,,116.3755940,39.9108740,,,,,
,374,6445856554,,116.3761680,39.9079280,,,,,
,375,8566337360,,116.3745510,39.9097020,,,,,
,376,1298111289,,116.3755190,39.9148840,,,,,
,377,6445856542,,116.3748020,39.9142360,,,,,
,378,90235953,,116.3758090,39.9170560,,,,,
,379,5077446359,,116.3758040,39.9172060,,,,,
,380,733992898,,116.3757880,39.9166890,,,,,
,381,9377983840,,116.3755940,39.9212760,,,,,
,382,100634162,,116.4306840,39.9285700,,,,,
,383,100634163,,116.4308230,39.9281480,,,,,
,384,922954337,,116.4305970,39.9288650,,,,,
,385,3574751715,,116.4308360,39.9281120,,,,,
,386,100634165,,116.4310690,39.9274620,,,,,
,387,534075678,,116.4311740,39.9271080,,,,,
,388,100634166,,116.4312450,39.9268940,,,,,
,389,1038256873,,116.4312980,39.9266180,,,,,
,390,100651858,,116.4305920,39.9118890,,,,,
,391,3749724880,,116.4304730,39.9117360,,,,,
,392,266109741,,116.4304960,39.9128640,,,,,
,393,4716312270,,116.4292740,39.9118800,,,,,
,394,124178220,,116.3898500,39.8984590,,,,,
,395,11775585842,,116.3899000,39.8982810,,,,,
,396,318265997,,116.3896040,39.8981750,,,,,
,397,124178257,signal,116.3892920,39.8892730,,,,,
,398,9298159155,,116.3890720,39.8892190,,,,,
,399,129899686,,116.4291560,39.9118790,,,,,
,400,10048648363,,116.4291280,39.9120660,,,,,
,401,10048648357,,116.4292370,39.9118790,,,,,
,402,209309807,,116.4283710,39.9230610,,,,,
,403,1819118022,,116.4282490,39.9254700,,,,,
,404,209309811,,116.4279780,39.9322870,,,,,
,405,10048650733,,116.4278770,39.9339990,,,,,
,406,209312712,,116.4286670,39.9131990,,,,,
,407,1192323538,,116.4287380,39.9124930,,,,,
,408,209314460,,116.4302420,39.9085120,,,,,
,409,1192323489,,116.4301580,39.9087110,,,,,
,410,209315524,,116.4290450,39.9126310,,,,,
,411,1840701835,,116.4289590,39.9132080,,,,,
,412,209315525,,116.4289350,39.9136200,,,,,
,413,266109723,,116.4289300,39.9142420,,,,,
,414,209315526,,116.4288920,39.9150300,,,,,
,415,1192323546,,116.4287200,39.9154480,,,,,
,416,4638020514,,116.4288670,39.9155510,,,,,
,420,9669859249,,116.4123770,39.8948060,,,,,
,421,237271751,,116.4127500,39.8868630,,,,,
,422,237271752,,116.4128570,39.8864150,,,,,
,423,1598502395,,116.4127700,39.8861760,,,,,
,424,237271753,,116.4132390,39.8856980,,,,,
,425,12568231506,,116.4132750,39.8856330,,,,,
,426,10120370893,,116.4130060,39.8857820,,,,,
,427,12568231507,,116.4132530,39.8856380,,,,,
,428,237271755,,116.4143830,39.8834810,,,,,
,429,237271757,,116.4144770,39.8831330,,,,,
,430,9056383291,,116.4145060,39.8827250,,,,,
,432,10120370888,,116.4145220,39.8824420,,,,,
,433,11707688947,,116.4143750,39.8825600,,,,,
,434,244253761,,116.4294790,39.9095760,,,,,
,435,244253762,,116.4293380,39.9103580,,,,,
,436,10048648360,,116.4291080,39.9113370,,,,,
,437,244253763,,116.4289460,39.9120810,,,,,
,438,1192323473,,116.4288480,39.9125700,,,,,
,439,244253764,,116.4287760,39.9132200,,,,,
,440,4716312210,,116.4287580,39.9137330,,,,,
,444,1502696903,,116.3738150,39.9255250,,,,,
,445,244255938,,116.3734760,39.9289720,,,,,
,446,244255939,,116.3735210,39.9304950,,,,,
,447,1502696884,,116.3734870,39.9302490,,,,,
,448,244255940,,116.3736000,39.9308820,,,,,
,449,245104009,,116.4121670,39.8996410,,,,,
,450,2052937446,,116.4121890,39.8994510,,,,,
,451,1362315772,,116.4123570,39.8996330,,,,,
,452,245104010,,116.4122020,39.8993160,,,,,
,453,10885563854,,116.4120990,39.8992160,,,,,
,454,10120370894,,116.4122580,39.8979420,,,,,
,455,245105858,signal,116.3920760,39.8852970,,,,,
,456,10695444080,,116.3920760,39.8852340,,,,,
,457,245106221,,116.3929110,39.8851870,,,,,
,458,10204429386,signal,116.3927850,39.8851710,,,,,
,459,245106222,,116.3933070,39.8852380,,,,,
,460,245106224,,116.3959080,39.8859170,,,,,
,461,2383146362,,116.3954680,39.8857840,,,,,
,462,245106225,,116.3966360,39.8861380,,,,,
,463,734520498,,116.3962630,39.8860180,,,,,
,464,245106226,,116.3972790,39.8863270,,,,,
,465,245106227,,116.3979330,39.8864870,,,,,
,466,245106228,,116.3989620,39.8866470,,,,,
,467,734520871,,116.3986370,39.8866080,,,,,
,468,245106232,,116.4094540,39.8869630,,,,,
,469,12630448027,,116.4088550,39.8869920,,,,,
,470,245106233,,116.4105540,39.8867720,,,,,
,471,12568185889,,116.4102140,39.8868530,,,,,
,472,245106234,,116.4113500,39.8865480,,,,,
,473,12346700100,,116.4113790,39.8866860,,,,,
,474,12346725502,,116.4111550,39.8866050,,,,,
,475,245106236,,116.4125090,39.8859920,,,,,
,476,3296242006,,116.4120800,39.8861990,,,,,
,478,4712121064,,116.3786490,39.8859080,,,,,
,480,734418227,,116.3804600,39.8848600,,,,,
,481,245106788,,116.3909000,39.8822450,,,,,
,482,9794635505,,116.3905230,39.8822340,,,,,
,483,245106789,signal,116.3922070,39.8823470,,,,,
,484,10695444053,,116.3922100,39.8823060,,,,,
,485,245107640,,116.4015240,39.8868000,,,,,
,486,2366958303,,116.4015200,39.8868830,,,,,
,487,12803812974,,116.4015270,39.8867270,,,,,
,488,2383146368,,116.4000050,39.8867490,,,,,
,490,12165557809,,116.4187210,39.8827720,,,,,
,492,9058250131,,116.4185440,39.8826910,,,,,
,493,245108059,,116.4316060,39.8830130,,,,,
,494,734569983,,116.4289940,39.8829730,,,,,
,495,734571002,,116.4315430,39.8839080,,,,,
,496,245108123,,116.4161390,39.8859870,,,,,
,497,245108195,,116.4141450,39.8856650,,,,,
,498,734570389,,116.4172920,39.8861410,,,,,
,499,734570078,,116.4165920,39.8855230,,,,,
,500,245108192,signal,116.4214100,39.8861040,,,,,
,501,5256821827,,116.4212890,39.8861000,,,,,
,502,384294657,,116.4218290,39.8860700,,,,,
,503,5289709977,,116.4137830,39.8856020,,,,,
,504,245108424,,116.4250680,39.8850110,,,,,
,505,384294669,,116.4250400,39.8853130,,,,,
,506,734570304,,116.4259330,39.8850530,,,,,
,510,245145380,signal,116.4195330,39.9350390,,,,,
,511,340066184,,116.4195560,39.9343880,,,,,
,512,9705435061,,116.4196030,39.9350390,,,,,
,513,1114039032,,116.4304250,39.9321760,,,,,
,514,13005913905,,116.4321630,39.9322590,,,,,
,515,245145494,,116.4304390,39.9302260,,,,,
,516,317994352,,116.4304420,39.9296120,,,,,
,517,922922296,,116.4304330,39.9309910,,,,,
,518,245145495,,116.4304450,39.9293780,,,,,
,519,250041137,,116.4004370,39.9031120,,,,,
,520,4710638978,,116.4004820,39.9021110,,,,,
,521,733967494,,116.4008180,39.9031370,,,,,
,522,252853377,,116.3708200,39.9228250,,,,,
,523,2264456457,,116.3697610,39.9227760,,,,,
,524,252853591,,116.3624680,39.9127810,,,,,
,525,10316801367,,116.3624700,39.9127130,,,,,
,526,380764148,,116.3627260,39.9128110,,,,,
,527,252853736,,116.4195620,39.9316350,,,,,
,528,1861655001,,116.4195720,39.9312760,,,,,
,529,256834576,,116.4025230,39.9335600,,,,,
,530,6818813359,,116.4025510,39.9329020,,,,,
,531,260329796,,116.3863290,39.9134120,,,,,
,532,9507815674,,116.3856820,39.9133880,,,,,
,533,260329838,,116.3851800,39.9133670,,,,,
,534,9378905793,,116.3851370,39.9143670,,,,,
,535,9378905792,,116.3851900,39.9130440,,,,,
,536,5926913407,,116.3841470,39.9133510,,,,,
,537,260560251,,116.3874680,39.9269380,,,,,
,538,1858572390,,116.3873930,39.9268750,,,,,
,539,1858572391,,116.3875660,39.9269760,,,,,
,540,260560252,signal,116.3902660,39.9270310,,,,,
,541,341246561,,116.3901860,39.9290050,,,,,
,542,733788877,,116.3910940,39.9270330,,,,,
,543,2504947468,,116.3890250,39.9270220,,,,,
,544,260560253,,116.3931720,39.9267590,,,,,
,545,733788570,,116.3931880,39.9264910,,,,,
,546,289112142,,116.3931620,39.9268420,,,,,
,547,9558340693,,116.3933020,39.9220000,,,,,
,548,260560257,,116.3874460,39.9242190,,,,,
,549,2504943778,,116.3874180,39.9247480,,,,,
,550,9378880481,,116.3874730,39.9235000,,,,,
,551,260560353,signal,116.3875360,39.9217830,,,,,
,552,12838104840,,116.3875350,39.9218480,,,,,
,553,9796114007,,116.3888790,39.9218330,,,,,
,554,262773381,,116.4191740,39.9036500,,,,,
,555,1840007848,,116.4188570,39.9035730,,,,,
,556,262773666,signal,116.4125870,39.8998810,,,,,
,557,1363488710,,116.4125330,39.8998690,,,,,
,558,262773667,,116.4135420,39.9000270,,,,,
,559,342820541,,116.4132550,39.8999620,,,,,
,560,262773668,,116.4138370,39.9001320,,,,,
,561,11059812307,,116.4137780,39.9001110,,,,,
,562,262773669,,116.4140390,39.9002160,,,,,
,563,262773670,,116.4142830,39.9003480,,,,,
,564,262773671,,116.4145750,39.9005410,,,,,
,565,262773672,,116.4175940,39.9029180,,,,,
,566,1841644305,,116.4173130,39.9026940,,,,,
,567,262773760,,116.4136570,39.8993810,,,,,
,568,9671588872,,116.4138200,39.8993480,,,,,
,569,262773794,,116.4127530,39.8995770,,,,,
,570,11059733489,,116.4130280,39.8995690,,,,,
,571,262773861,,116.4264320,39.8993490,,,,,
,572,1840701797,,116.4276160,39.8993670,,,,,
,573,1634491150,,116.4276690,39.8992670,,,,,
,574,262774308,,116.4318310,39.8984710,,,,,
,575,1195165390,,116.4315600,39.8985560,,,,,
,576,262774370,,116.4324670,39.8983300,,,,,
,577,262774371,,116.4312670,39.8987080,,,,,
,578,262774372,,116.4308760,39.8989890,,,,,
,579,262774373,,116.4305840,39.8992470,,,,,
,580,262774374,,116.4303580,39.8996400,,,,,
,581,1840701825,,116.4302830,39.8997970,,,,,
,582,262774375,,116.4302250,39.9001220,,,,,
,583,2052937450,,116.4302290,39.9003590,,,,,
,584,262774376,,116.4302690,39.9007090,,,,,
,585,1634491183,,116.4303740,39.9011380,,,,,
,586,262774377,,116.4302610,39.9010840,,,,,
,587,262774378,,116.4302400,39.9014980,,,,,
,588,1840701830,,116.4302210,39.9017920,,,,,
,589,262774379,,116.4301380,39.9023360,,,,,
,590,1841740757,,116.4300160,39.9031680,,,,,
,591,262774483,,116.4297600,39.9046310,,,,,
,592,1300406440,,116.4298010,39.9048860,,,,,
,593,12387653598,,116.4297250,39.9049150,,,,,
,594,266108997,,116.4116700,39.9106520,,,,,
,595,8809675553,,116.4118400,39.9106540,,,,,
,596,8809675554,,116.4116680,39.9107300,,,,,
,597,12067245596,,116.4116700,39.9106290,,,,,
,598,266109027,,116.4116840,39.9100910,,,,,
,599,7825512429,,116.4116830,39.9101220,,,,,
,600,4697742924,,116.4116850,39.9100530,,,,,
,601,266109063,,116.4116520,39.9113430,,,,,
,602,12544983526,,116.4118110,39.9113440,,,,,
,603,8245510087,,116.4116470,39.9115200,,,,,
,604,266109099,,116.4116150,39.9127670,,,,,
,605,12543078095,,116.4115230,39.9127660,,,,,
,606,12544983527,,116.4117780,39.9127690,,,,,
,607,12543078098,,116.4116090,39.9130010,,,,,
,608,2383241731,,116.4116230,39.9124660,,,,,
,609,266109207,,116.4188620,39.9086370,,,,,
,610,4697743065,,116.4189070,39.9077180,,,,,
,611,266109234,,116.4193800,39.9087740,,,,,
,612,1999500518,,116.4180630,39.9086180,,,,,
,613,266109208,,116.4189380,39.9070810,,,,,
,614,8809675567,,116.4189290,39.9072580,,,,,
,615,8809675571,,116.4182230,39.9070750,,,,,
,616,266109232,,116.4162470,39.9085450,,,,,
,617,733859821,,116.4150990,39.9083740,,,,,
,618,733858991,,116.4162480,39.9080130,,,,,
,619,4697743027,,116.4165010,39.9085560,,,,,
,620,266109235,,116.4206860,39.9088010,,,,,
,621,9296364405,,116.4206870,39.9086930,,,,,
,622,1362315797,,116.4208640,39.9088050,,,,,
,623,266109287,,116.4183850,39.9044040,,,,,
,624,6601554095,,116.4184040,39.9039120,,,,,
,625,13239671038,,116.4182710,39.9067220,,,,,
,626,733967349,,116.4175480,39.9043760,,,,,
,627,266109346,,116.4228680,39.9037090,,,,,
,628,1362315791,signal,116.4213470,39.9037030,,,,,
,629,266109384,,116.4277480,39.9045300,,,,,
,630,266109385,,116.4273370,39.9043180,,,,,
,631,1841740746,,116.4273010,39.9042660,,,,,
,632,13169243467,,116.4273110,39.9051970,,,,,
,633,266109386,,116.4272910,39.9037780,,,,,
,634,733967311,signal,116.4262850,39.9037800,,,,,
,635,8958550930,,116.4272990,39.9039260,,,,,
,636,266109503,,116.4233810,39.9100500,,,,,
,637,6007827266,,116.4233610,39.9098330,,,,,
,638,266109510,,116.4234130,39.9096010,,,,,
,639,1362315798,,116.4207990,39.9096390,,,,,
,640,266109548,,116.4284790,39.9132010,,,,,
,641,1192323496,,116.4284960,39.9129250,,,,,
,642,266109691,,116.4309030,39.9168030,,,,,
,643,4633459697,,116.4315840,39.9168060,,,,,
,644,9063951365,,116.4308730,39.9173460,,,,,
,645,2123321505,,116.4309190,39.9158230,,,,,
,646,266109722,,116.4309440,39.9141970,,,,,
,647,266109772,,116.4303030,39.9142090,,,,,
,648,4633459700,,116.4316620,39.9141970,,,,,
,649,5469439285,,116.4309230,39.9156020,,,,,
,650,4716312281,,116.4290410,39.9142480,,,,,
,651,266109773,,116.4303080,39.9139290,,,,,
,652,10048648382,,116.4290720,39.9142470,,,,,
,653,2123321517,,116.4302150,39.9158240,,,,,
,654,266111487,,116.4295890,39.9046600,,,,,
,655,1300406530,,116.4296330,39.9043120,,,,,
,656,266111533,,116.4113860,39.9191170,,,,,
,657,340259262,,116.4113680,39.9197510,,,,,
,658,9936659080,,116.4113930,39.9188600,,,,,
,659,266111536,,116.4114050,39.9184010,,,,,
,660,12543092627,,116.4113990,39.9186200,,,,,
,661,9936659081,,116.4114120,39.9181570,,,,,
,662,266111539,,116.4115160,39.9155760,,,,,
,663,12544983539,,116.4116370,39.9155780,,,,,
,664,12543092621,,116.4113840,39.9155760,,,,,
,665,266112544,,116.4114840,39.9162680,,,,,
,666,2056636800,,116.4115340,39.9151650,,,,,
,667,12543092605,,116.4114240,39.9155000,,,,,
,668,266111541,,116.4149470,39.9156260,,,,,
,669,733859024,,116.4154940,39.9156290,,,,,
,670,1976153478,,116.4140980,39.9156190,,,,,
,671,266111542,,116.4177600,39.9156330,,,,,
,672,733859934,,116.4180690,39.9156390,,,,,
,673,5138684851,,116.4169540,39.9156260,,,,,
,674,266111550,signal,116.4199870,39.9212880,,,,,
,675,266111552,,116.4088610,39.9228680,,,,,
,676,733859028,,116.4098130,39.9228650,,,,,
,677,266111554,,116.4089090,39.9238810,,,,,
,678,1449318347,,116.4088540,39.9230860,,,,,
,679,6818532171,,116.4089080,39.9239000,,,,,
,680,266111556,,116.4112440,39.9238110,,,,,
,681,7622181926,,116.4112370,39.9239460,,,,,
,682,12876983174,,116.4112730,39.9231850,,,,,
,683,3013822124,,116.4113590,39.9237650,,,,,
,684,266111572,,116.4088870,39.9245400,,,,,
,685,12833623602,,116.4089060,39.9240720,,,,,
,686,266111574,,116.4045530,39.9263950,,,,,
,687,1979479795,,116.4053900,39.9264000,,,,,
,688,266111579,,116.4045560,39.9259710,,,,,
,689,340256161,,116.4045080,39.9273220,,,,,
,690,266111575,,116.4060730,39.9264160,,,,,
,691,733858795,,116.4068900,39.9264260,,,,,
,692,266111576,,116.4111160,39.9265660,,,,,
,693,1979479808,,116.4095570,39.9265240,,,,,
,694,2719251293,,116.4111040,39.9266660,,,,,
,695,2056636801,,116.4111110,39.9260580,,,,,
,696,266111578,,116.4044740,39.9282650,,,,,
,697,733858841,,116.4042620,39.9283250,,,,,
,698,266111580,,116.4044690,39.9259120,,,,,
,699,3732821914,,116.4044720,39.9257840,,,,,
,700,266111623,,116.4041060,39.9314520,,,,,
,701,733859352,,116.4041040,39.9310090,,,,,
,702,266111636,,116.4057060,39.9319440,,,,,
,703,1861655005,,116.4058200,39.9319460,,,,,
,704,266111640,,116.3995450,39.9321440,,,,,
,705,12876996059,,116.3992810,39.9321360,,,,,
,706,1687056691,,116.3995530,39.9319860,,,,,
,707,266111650,,116.4001190,39.9319660,,,,,
,708,12876507969,,116.4023170,39.9319100,,,,,
,709,266111653,signal,116.4005420,39.9228880,,,,,
,710,12838102853,,116.4005380,39.9229600,,,,,
,711,11634589727,,116.4005860,39.9228890,,,,,
,712,266111654,,116.4008010,39.9169660,,,,,
,713,341202030,,116.4023160,39.9170360,,,,,
,714,1858572388,,116.4005330,39.9169570,,,,,
,715,341203021,,116.4007290,39.9186180,,,,,
,716,10125648476,,116.4022770,39.9139790,,,,,
,717,733859109,,116.4008930,39.9149060,,,,,
,718,733859194,,116.4019260,39.9116620,,,,,
,719,733859920,,116.4009860,39.9126080,,,,,
,720,266111657,,116.4010540,39.9106730,,,,,
,721,8809675592,,116.4010570,39.9105800,,,,,
,722,8809675591,,116.4010510,39.9107720,,,,,
,723,8809675587,,116.4011280,39.9106690,,,,,
,724,266111658,,116.4005720,39.9106530,,,,,
,725,8809675589,,116.4007080,39.9106560,,,,,
,726,6131080440,,116.4005720,39.9105920,,,,,
,727,266111775,,116.4006990,39.9321130,,,,,
,728,12876996047,,116.3997700,39.9321380,,,,,
,729,266112274,,116.4314340,39.9231180,,,,,
,730,266112275,,116.4315930,39.9210470,,,,,
,731,12865292792,,116.4315900,39.9227880,,,,,
,732,266112276,,116.4314700,39.9206780,,,,,
,733,2123321497,,116.4309850,39.9201060,,,,,
,734,266112277,,116.4286340,39.9206460,,,,,
,735,1192323491,,116.4285790,39.9214530,,,,,
,736,1192323523,,116.4287960,39.9214170,,,,,
,737,266112284,,116.4267810,39.9143470,,,,,
,738,10816280202,,116.4267840,39.9143100,,,,,
,739,341206446,,116.4267560,39.9153150,,,,,
,740,266112285,,116.4267890,39.9127940,,,,,
,741,733859447,,116.4258740,39.9128020,,,,,
,742,733860092,,116.4269380,39.9123580,,,,,
,743,11266023604,,116.4267480,39.9130850,,,,,
,744,266112286,,116.4271770,39.9116000,,,,,
,745,11266023603,,116.4272150,39.9114500,,,,,
,746,11266023576,,116.4270020,39.9121740,,,,,
,747,266112287,,116.4272750,39.9107400,,,,,
,748,491864184,,116.4263480,39.9107360,,,,,
,749,733859813,,116.4276150,39.9108180,,,,,
,750,733858925,,116.4272340,39.9113060,,,,,
,751,266112288,,116.4284320,39.9143640,,,,,
,752,384258004,,116.4284310,39.9142570,,,,,
,753,266112313,,116.4246310,39.9088510,,,,,
,754,3074748185,,116.4246600,39.9077040,,,,,
,755,8620797026,,116.4246280,39.9095050,,,,,
,756,733859213,,116.4235880,39.9088420,,,,,
,757,266112314,,116.4246730,39.9071690,,,,,
,758,9296364398,,116.4246680,39.9073610,,,,,
,759,4716203782,,116.4230620,39.9071440,,,,,
,760,266112315,,116.4246230,39.9107390,,,,,
,761,733859942,,116.4233440,39.9107080,,,,,
,762,491864183,,116.4252810,39.9107400,,,,,
,763,733858882,,116.4246260,39.9101950,,,,,
,764,266112330,signal,116.4051530,39.9091460,,,,,
,765,12492811782,,116.4051930,39.9091460,,,,,
,766,12492811781,,116.4051170,39.9091440,,,,,
,768,1742929862,,116.4076200,39.9101120,,,,,
,769,12067535803,,116.4085930,39.9092040,,,,,
,771,266112332,,116.4116330,39.9091490,,,,,
,773,266112346,,116.4061420,39.9106580,,,,,
,774,10274394486,,116.4061150,39.9118270,,,,,
,775,1742929874,,116.4075570,39.9107190,,,,,
,776,2001379154,,116.4050770,39.9106220,,,,,
,777,266112347,,116.4076370,39.9107200,,,,,
,778,733859065,,116.4076570,39.9114060,,,,,
,779,266112348,signal,116.4077440,39.9140150,,,,,
,780,9494762505,,116.4077420,39.9141360,,,,,
,781,266112396,signal,116.4077130,39.9128300,,,,,
,782,9494762502,,116.4077130,39.9127580,,,,,
,783,1742929952,,116.4077130,39.9130530,,,,,
,784,266112397,,116.4095760,39.9127520,,,,,
,785,12543078089,,116.4114880,39.9127660,,,,,
,786,1742929900,signal,116.4078430,39.9127380,,,,,
,787,266112409,,116.4027220,39.9139910,,,,,
,788,733859730,,116.4027680,39.9128880,,,,,
,789,10125648477,,116.4023950,39.9139830,,,,,
,790,1038275241,signal,116.4047400,39.9140410,,,,,
,791,266112411,,116.4028220,39.9116900,,,,,
,792,10274394483,,116.4049070,39.9117810,,,,,
,793,733859431,,116.4027980,39.9123270,,,,,
,794,266112419,,116.4106880,39.9162650,,,,,
,795,733859118,,116.4074200,39.9162630,,,,,
,796,266112420,,116.4048130,39.9161940,,,,,
,797,12531360009,,116.4050380,39.9162000,,,,,
,798,266112421,,116.4100880,39.9155740,,,,,
,799,733859724,,116.4085460,39.9155510,,,,,
,800,12543092608,,116.4113190,39.9155740,,,,,
,801,266112422,,116.4048700,39.9154810,,,,,
,802,12531360012,,116.4051170,39.9154850,,,,,
,803,12531360005,,116.4046670,39.9154920,,,,,
,804,266112525,,116.4059070,39.9147820,,,,,
,805,266112546,,116.4058840,39.9148330,,,,,
,806,3725835407,,116.4063780,39.9147900,,,,,
,807,266112527,,116.4115480,39.9148760,,,,,
,808,2383241733,,116.4115370,39.9151060,,,,,
,809,12543092616,,116.4114530,39.9148740,,,,,
,810,12543078090,,116.4113530,39.9162620,,,,,
,811,9936659083,,116.4114710,39.9165690,,,,,
,812,266112545,,116.4058680,39.9154970,,,,,
,813,733859125,,116.4068560,39.9155230,,,,,
,814,266112589,,116.3757710,39.9294450,,,,,
,815,734045407,,116.3757770,39.9290840,,,,,
,816,384008816,,116.3757990,39.9295890,,,,,
,817,9117225818,,116.3759150,39.9294460,,,,,
,818,266112591,,116.3757050,39.9239300,,,,,
,819,266112592,,116.3754760,39.9239180,,,,,
,820,6130528032,,116.3757160,39.9245510,,,,,
,821,266112593,,116.3754380,39.9237240,,,,,
,822,1502696835,,116.3741490,39.9236490,,,,,
,823,266112653,,116.3758060,39.9264210,,,,,
,824,266112660,,116.3757990,39.9260110,,,,,
,826,266112658,,116.3782390,39.9268100,,,,,
,827,12838104372,,116.3782240,39.9266250,,,,,
,828,4137695813,,116.3780960,39.9289100,,,,,
,829,266112659,,116.3776840,39.9260630,,,,,
,830,4717846104,,116.3771720,39.9260470,,,,,
,831,12838104374,,116.3778100,39.9260840,,,,,
,832,9117200309,,116.3759950,39.9260190,,,,,
,833,12838104376,,116.3757350,39.9258850,,,,,
,834,733992808,,116.3755600,39.9259740,,,,,
,837,12838104371,,116.3778280,39.9317710,,,,,
,838,269487636,,116.3898840,39.9353460,,,,,
,839,269491782,,116.3898860,39.9351680,,,,,
,840,269491787,,116.3898430,39.9360650,,,,,
,841,269487648,,116.4107370,39.9357190,,,,,
,842,9160201279,,116.4107360,39.9356910,,,,,
,843,269488002,,116.4303040,39.9356190,,,,,
,844,1114067459,,116.4303410,39.9352610,,,,,
,845,269489736,signal,116.4004790,39.9010340,,,,,
,846,733967338,signal,116.4007450,39.9010530,,,,,
,847,269489802,,116.3973980,39.9006520,,,,,
,848,9748067604,,116.4004880,39.9004360,,,,,
,849,269489741,signal,116.4054540,39.9011980,,,,,
,850,10124169580,,116.4055810,39.9011850,,,,,
,851,10124169578,,116.4052990,39.9012010,,,,,
,852,10124169579,,116.4054540,39.9011160,,,,,
,853,10124169581,,116.4054520,39.9013030,,,,,
,854,269489742,,116.4075170,39.9009760,,,,,
,855,533651513,,116.4077950,39.9009500,,,,,
,856,4716204592,,116.4073860,39.9003190,,,,,
,857,269489744,,116.4109220,39.9006680,,,,,
,858,12865267187,,116.4119090,39.9006280,,,,,
,859,533652001,,116.4099590,39.9007460,,,,,
,860,269489746,,116.4120750,39.9006220,,,,,
,861,10885563851,signal,116.4120970,39.9000250,,,,,
,863,2383146364,,116.4056790,39.8966970,,,,,
,865,534084512,,116.3946450,39.9006090,,,,,
,866,269489894,,116.4065200,39.8979130,,,,,
,867,734521201,,116.4066010,39.8958710,,,,,
,868,734521249,,116.4080400,39.8979200,,,,,
,869,269491201,,116.3898990,39.9348600,,,,,
,870,384036358,,116.3895700,39.9348440,,,,,
,871,342741394,,116.3899440,39.9339110,,,,,
,872,269491202,,116.3891610,39.9348270,,,,,
,873,269491779,,116.3889200,39.9347960,,,,,
,874,384035922,,116.3893330,39.9348420,,,,,
,875,269491203,,116.3884830,39.9343550,,,,,
,876,269491204,,116.3873240,39.9338940,,,,,
,877,384035369,,116.3887200,39.9344810,,,,,
,878,269491205,,116.3867220,39.9335520,,,,,
,879,10722675040,,116.3866370,39.9334250,,,,,
,880,269491206,,116.3865520,39.9325780,,,,,
,881,269491207,,116.3865480,39.9321110,,,,,
,882,5588941346,,116.3865530,39.9329200,,,,,
,883,5588941344,,116.3854130,39.9320700,,,,,
,884,269491210,,116.3848400,39.9352100,,,,,
,885,290597415,,116.3845430,39.9349850,,,,,
,886,1975277451,,116.3852420,39.9353570,,,,,
,887,269491211,,116.3854750,39.9354350,,,,,
,888,340245438,,116.3861560,39.9356180,,,,,
,889,269491213,,116.3873620,39.9359970,,,,,
,890,1975277460,,116.3872360,39.9359450,,,,,
,891,13346668940,,116.3874560,39.9360570,,,,,
,892,269491305,,116.3887900,39.9359340,,,,,
,893,13346668945,,116.3888260,39.9357070,,,,,
,894,340245854,,116.3887740,39.9360540,,,,,
,895,269491723,,116.3833450,39.9342550,,,,,
,896,1624163746,,116.3833990,39.9335040,,,,,
,897,269491763,,116.3836960,39.9344120,,,,,
,898,1742845321,,116.3829740,39.9342480,,,,,
,900,2482537113,,116.3833430,39.9319780,,,,,
,902,2482537115,,116.3834980,39.9320970,,,,,
,903,269491726,,116.3792750,39.9343220,,,,,
,904,269491727,,116.3795220,39.9343090,,,,,
,905,1742845386,,116.3785940,39.9355630,,,,,
,906,9414250223,,116.3789820,39.9343000,,,,,
,907,290599832,,116.3796920,39.9342940,,,,,
,908,269491728,,116.3800120,39.9341480,,,,,
,909,13525709625,,116.3803240,39.9341610,,,,,
,910,1742845299,,116.3798670,39.9341850,,,,,
,911,269491729,,116.3819250,39.9342680,,,,,
,912,13525709629,,116.3811180,39.9342070,,,,,
,913,269491732,,116.3822610,39.9319460,,,,,
,914,1803834847,,116.3814680,39.9319100,,,,,
,915,269491762,,116.3841360,39.9347160,,,,,
,916,269491783,,116.3889470,39.9351520,,,,,
,917,13346668946,,116.3888920,39.9346980,,,,,
,918,269491784,,116.3889270,39.9352980,,,,,
,919,13346668947,,116.3888940,39.9354510,,,,,
,920,273103291,,116.3873280,39.9267240,,,,,
,921,12838104812,,116.3873460,39.9267970,,,,,
,922,8256630824,,116.3873400,39.9266530,,,,,
,923,273343080,,116.4197390,39.9271570,,,,,
,924,4077324781,,116.4197640,39.9270400,,,,,
,925,273343214,,116.4195870,39.9308800,,,,,
,926,340255667,,116.4196040,39.9300790,,,,,
,927,2383234256,,116.4195820,39.9310220,,,,,
,928,273351644,,116.4267490,39.9156890,,,,,
,929,340243272,,116.4267270,39.9161980,,,,,
,930,273352092,,116.4242010,39.9156980,,,,,
,931,273352134,,116.4241870,39.9160800,,,,,
,932,733859717,,116.4230330,39.9156910,,,,,
,933,273352093,,116.4241540,39.9173010,,,,,
,934,733858884,,116.4220320,39.9172700,,,,,
,935,287337062,,116.3926250,39.8848560,,,,,
,936,4720701782,,116.3926140,39.8848830,,,,,
,937,288046085,,116.4104370,39.8958170,,,,,
,938,734520646,,116.4103880,39.8944520,,,,,
,939,6652688794,,116.4105740,39.8957990,,,,,
,940,288046105,,116.4107670,39.8979340,,,,,
,941,1598502680,,116.4121150,39.8979410,,,,,
,942,6652688800,,116.4103620,39.8979320,,,,,
,943,288046232,,116.4107770,39.8958680,,,,,
,944,5810291994,,116.4107810,39.8970490,,,,,
,945,6652688786,,116.4106410,39.8958890,,,,,
,946,289112127,,116.3928310,39.9270430,,,,,
,947,12838104820,,116.3929290,39.9270280,,,,,
,948,12838104819,,116.3927080,39.9270530,,,,,
,949,289112132,,116.3930120,39.9270040,,,,,
,950,12838104821,,116.3930640,39.9269740,,,,,
,951,289112137,,116.3931070,39.9269360,,,,,
,952,12838104822,,116.3931470,39.9268740,,,,,
,953,1742845328,,116.3795570,39.9344540,,,,,
,954,290599895,,116.3785400,39.9358050,,,,,
,955,317994548,,116.4284100,39.9255590,,,,,
,956,10048648405,,116.4284860,39.9255520,,,,,
,957,1819087375,,116.4284060,39.9256390,,,,,
,958,318265953,,116.3946860,39.8918950,,,,,
,959,318265954,,116.3946940,39.8921690,,,,,
,960,12049263869,,116.3946950,39.8923840,,,,,
,961,318265955,,116.3948460,39.8940210,,,,,
,962,1686969164,,116.3948770,39.8944100,,,,,
,963,318265957,,116.3948200,39.8954930,,,,,
,964,1686969171,,116.3947520,39.8957730,,,,,
,965,318265958,,116.3944350,39.8966330,,,,,
,966,340109821,,116.3942620,39.8970120,,,,,
,967,318265959,,116.3936400,39.8979550,,,,,
,968,318265991,,116.3884710,39.8940010,,,,,
,969,6534838970,,116.3884700,39.8939710,,,,,
,970,339283499,,116.3884380,39.8943650,,,,,
,971,318265995,,116.3884440,39.8965170,,,,,
,972,9327480048,,116.3883310,39.8963450,,,,,
,973,734170248,,116.3887590,39.8970120,,,,,
,974,318265996,,116.3890600,39.8974340,,,,,
,975,4710637455,,116.3891020,39.8974920,,,,,
,976,533651243,,116.3894010,39.8979100,,,,,
,977,318266374,,116.3782550,39.8940990,,,,,
,978,9120014675,,116.3782640,39.8939400,,,,,
,979,384282198,,116.3776560,39.8940860,,,,,
,980,320833081,signal,116.4212480,39.8990710,,,,,
,981,10274394471,,116.4212450,39.8990990,,,,,
,983,322532188,,116.4215330,39.8933460,,,,,
,986,2052937438,,116.4212980,39.8975770,,,,,
,987,2533116241,,116.4227110,39.8960290,,,,,
,988,320833342,,116.4245160,39.8961000,,,,,
,989,734520320,,116.4246310,39.8951270,,,,,
,990,373077304,,116.4257480,39.8961470,,,,,
,991,2533116247,,116.4240330,39.8960810,,,,,
,992,320833343,,116.4248350,39.8936410,,,,,
,993,2480760608,,116.4248770,39.8928420,,,,,
,994,734521069,,116.4239100,39.8935360,,,,,
,995,734521198,,116.4253610,39.8937000,,,,,
,996,321607233,signal,116.3898400,39.9062730,,,,,
,997,9063921182,,116.3894300,39.9062600,,,,,
,998,322120179,signal,116.4057190,39.8958940,,,,,
,999,340240806,,116.4050000,39.8959000,,,,,
,1000,734520211,,116.4057570,39.8952020,,,,,
,1001,12652373913,,116.4059250,39.8958720,,,,,
,1002,322120181,,116.4023710,39.8959060,,,,,
,1003,340238326,,116.4020990,39.8959260,,,,,
,1004,340238272,,116.4025150,39.8958940,,,,,
,1005,322120182,,116.4011930,39.8959950,,,,,
,1006,534081914,,116.4008320,39.8960020,,,,,
,1007,534081904,,116.4012600,39.8959900,,,,,
,1008,322120183,,116.4002970,39.8959540,,,,,
,1009,734520449,,116.4005710,39.8960080,,,,,
,1010,534083352,,116.3997930,39.8958890,,,,,
,1011,322120247,,116.4003380,39.8953140,,,,,
,1012,734520188,,116.4003210,39.8967400,,,,,
,1013,322120184,,116.3983600,39.8957170,,,,,
,1014,734520576,,116.3980950,39.8956950,,,,,
,1015,734521281,,116.3985320,39.8957370,,,,,
,1016,322120185,,116.3971960,39.8956480,,,,,
,1017,734521296,,116.3966180,39.8956140,,,,,
,1018,1622283952,,116.3973770,39.8956610,,,,,
,1019,322120186,signal,116.3948740,39.8950990,,,,,
,1020,10276936394,,116.3949940,39.8951470,,,,,
,1021,10276936393,,116.3948610,39.8952240,,,,,
,1022,322120245,,116.4005990,39.8981320,,,,,
,1023,11059812353,,116.4005950,39.8982330,,,,,
,1024,734521197,,116.3996350,39.8980880,,,,,
,1025,12818453310,,116.4014970,39.8982170,,,,,
,1026,1622284032,,116.4003760,39.8974610,,,,,
,1027,734521318,,116.4003080,39.8950170,,,,,
,1028,322120248,,116.4001530,39.8943480,,,,,
,1029,322120249,,116.4000430,39.8938420,,,,,
,1030,340238293,,116.3998120,39.8933290,,,,,
,1031,322120250,,116.3996960,39.8931180,,,,,
,1032,5156350035,,116.3996480,39.8929370,,,,,
,1033,322120251,,116.3996640,39.8925670,,,,,
,1034,734521297,,116.3996730,39.8923460,,,,,
,1035,322120308,,116.4044510,39.8920940,,,,,
,1036,2480760597,,116.4044500,39.8922400,,,,,
,1037,734520515,,116.4044500,39.8920330,,,,,
,1038,322120309,,116.4042890,39.8925840,,,,,
,1039,2480760607,,116.4041360,39.8927870,,,,,
,1040,2001375486,,116.4043670,39.8924750,,,,,
,1041,322120314,,116.4036480,39.8979150,,,,,
,1042,2480760611,,116.4036720,39.8971450,,,,,
,1043,533654370,,116.4036440,39.8982760,,,,,
,1044,322120566,,116.4091660,39.8958320,,,,,
,1045,2366958307,,116.4091810,39.8947170,,,,,
,1046,2383146353,,116.4088170,39.8958220,,,,,
,1047,6652688790,,116.4093310,39.8957990,,,,,
,1048,322121112,,116.3742460,39.8879030,,,,,
,1049,9385858698,,116.3758860,39.8879440,,,,,
,1050,322121113,,116.3766820,39.8879610,,,,,
,1051,12927006642,,116.3781070,39.8880130,,,,,
,1054,12927006653,,116.3788340,39.8880380,,,,,
,1055,322121115,,116.3804740,39.8880820,,,,,
,1056,1598454376,,116.3809970,39.8880970,,,,,
,1057,322121117,,116.3830000,39.8882060,,,,,
,1058,9724229328,,116.3834390,39.8882500,,,,,
,1059,322121118,,116.3859210,39.8885020,,,,,
,1060,322121119,,116.3870500,39.8886500,,,,,
,1061,2449562438,,116.3875040,39.8887290,,,,,
,1062,322121120,signal,116.3888120,39.8890210,,,,,
,1063,9298159147,,116.3888780,39.8890370,,,,,
,1064,322121122,,116.3924560,39.8899100,,,,,
,1065,1598459386,,116.3932900,39.8901150,,,,,
,1067,10276936407,,116.3949930,39.8904870,,,,,
,1068,322121124,,116.3962740,39.8907880,,,,,
,1069,1598502435,,116.3967780,39.8908900,,,,,
,1070,322121125,,116.3974730,39.8909990,,,,,
,1071,1598502453,,116.3981150,39.8910780,,,,,
,1072,322121126,,116.3987710,39.8911320,,,,,
,1073,1622356389,,116.3994570,39.8911550,,,,,
,1074,322121129,signal,116.4127640,39.8915510,,,,,
,1075,9049469454,,116.4129350,39.8915700,,,,,
,1076,322444788,signal,116.4127560,39.8918360,,,,,
,1077,322121130,,116.4163750,39.8918310,,,,,
,1078,322121131,,116.4193290,39.8919940,,,,,
,1079,4720750591,,116.4204220,39.8920520,,,,,
,1080,322121386,signal,116.4124680,39.8915550,,,,,
,1081,9049469449,,116.4124770,39.8914180,,,,,
,1082,322121389,signal,116.4124620,39.8918290,,,,,
,1083,9049469448,,116.4122900,39.8918150,,,,,
,1088,4720797570,,116.4058480,39.8915000,,,,,
,1089,322121568,,116.4044660,39.8915800,,,,,
,1090,4720797555,,116.4044610,39.8917200,,,,,
,1091,1598502524,,116.4013680,39.8914450,,,,,
,1092,322121596,,116.3997000,39.8912690,,,,,
,1093,12655811464,,116.3994260,39.8912600,,,,,
,1095,9120157553,,116.3680920,39.8876610,,,,,
,1098,10316801454,,116.3679440,39.8879880,,,,,
,1099,322444657,,116.4129130,39.8874720,,,,,
,1100,9699785063,,116.4128680,39.8883540,,,,,
,1101,322444658,,116.4129560,39.8868970,,,,,
,1102,1841644286,,116.4129240,39.8872010,,,,,
,1103,322444659,,116.4130770,39.8864280,,,,,
,1104,322444661,,116.4134820,39.8856140,,,,,
,1105,1598502385,,116.4136210,39.8855980,,,,,
,1106,322444663,,116.4145310,39.8835250,,,,,
,1107,9399171297,,116.4144760,39.8836330,,,,,
,1108,322444664,,116.4146330,39.8831420,,,,,
,1110,9056383292,,116.4146620,39.8827300,,,,,
,1111,9049469451,,116.4127450,39.8919820,,,,,
,1113,9669859254,,116.4125030,39.8965970,,,,,
,1115,1598502633,,116.4229410,39.8921340,,,,,
,1116,734520205,,116.4228580,39.8933890,,,,,
,1117,2366958273,,116.4214700,39.8945020,,,,,
,1118,322532195,,116.4291610,39.8973720,,,,,
,1119,373078420,,116.4305270,39.8971740,,,,,
,1120,734520475,,116.4287410,39.8974380,,,,,
,1121,734521260,,116.4292650,39.8962650,,,,,
,1122,13329049628,,116.4290040,39.8989320,,,,,
,1123,325686442,,116.3625240,39.8981330,,,,,
,1124,1737702586,,116.3648640,39.8982140,,,,,
,1125,1298408173,,116.3682320,39.8983020,,,,,
,1126,734169781,,116.3680410,39.8981290,,,,,
,1127,325686451,signal,116.3778930,39.8990520,,,,,
,1128,9378025360,,116.3778940,39.8990150,,,,,
,1129,325686458,,116.3867780,39.8988820,,,,,
,1130,9378918599,,116.3871590,39.8988700,,,,,
,1131,325686461,,116.3885200,39.8987830,,,,,
,1132,1414035084,,116.3893510,39.8986900,,,,,
,1133,325686463,signal,116.3895840,39.8986600,,,,,
,1134,9298159120,,116.3898180,39.8986300,,,,,
,1135,325686500,,116.3929430,39.8987600,,,,,
,1136,9298159117,,116.3934650,39.8987850,,,,,
,1137,330837565,,116.4269540,39.9071930,,,,,
,1138,336380069,,116.4260280,39.9071780,,,,,
,1139,330837934,,116.4269590,39.9070540,,,,,
,1140,9671452040,,116.4286700,39.9070910,,,,,
,1141,330840055,signal,116.4209090,39.9067000,,,,,
,1142,4716204019,,116.4209080,39.9067470,,,,,
,1143,330840058,,116.4182620,39.9069010,,,,,
,1144,9317086731,,116.4190750,39.9069180,,,,,
,1145,330840061,signal,116.4119060,39.9066260,,,,,
,1146,8835880547,,116.4119030,39.9067790,,,,,
,1147,330841132,signal,116.3973810,39.9065300,,,,,
,1148,6650368134,,116.3970960,39.9065220,,,,,
,1149,330841134,signal,116.3999810,39.9064330,,,,,
,1150,9296257998,,116.4000260,39.9064340,,,,,
,1151,330841136,signal,116.4052290,39.9063770,,,,,
,1152,4716204930,,116.4052870,39.9052220,,,,,
,1153,9385334224,,116.4052260,39.9064330,,,,,
,1154,330841279,signal,116.3858720,39.9061500,,,,,
,1155,2424906811,,116.3856340,39.9061420,,,,,
,1156,330841408,signal,116.3936160,39.9063960,,,,,
,1157,9063921187,,116.3930700,39.9063730,,,,,
,1158,330842108,signal,116.3675280,39.9056900,,,,,
,1159,10316801405,,116.3675920,39.9056900,,,,,
,1160,330842109,signal,116.3768990,39.9058550,,,,,
,1161,9033666117,,116.3765680,39.9058520,,,,,
,1162,330842111,,116.3820010,39.9058110,,,,,
,1163,9320761734,,116.3819950,39.9056290,,,,,
,1164,1737653013,,116.3829950,39.9058350,,,,,
,1165,331147945,signal,116.3667940,39.9310480,,,,,
,1166,385078440,,116.3668250,39.9306420,,,,,
,1167,10679301344,,116.3667820,39.9312200,,,,,
,1168,332263279,signal,116.4120360,39.9069540,,,,,
,1169,8835880548,,116.4119000,39.9069500,,,,,
,1170,332263280,signal,116.4116490,39.9070740,,,,,
,1171,2010523632,,116.4116510,39.9070320,,,,,
,1172,332263572,,116.4121400,39.8997960,,,,,
,1173,11192752209,,116.4119570,39.8997900,,,,,
,1174,332263574,signal,116.4054580,39.8998700,,,,,
,1175,10124169591,,116.4054710,39.8998120,,,,,
,1176,332263575,signal,116.4004920,39.8996970,,,,,
,1177,4710346452,,116.4004900,39.8996570,,,,,
,1178,332263576,,116.3975290,39.8993540,,,,,
,1179,2048053098,,116.3967770,39.8993270,,,,,
,1180,332263578,,116.3958100,39.8991450,,,,,
,1181,332263594,,116.3964760,39.8993090,,,,,
,1182,2048053097,,116.3960100,39.8992560,,,,,
,1183,332263595,,116.3956410,39.8992080,,,,,
,1184,3622786545,,116.3952290,39.8991520,,,,,
,1185,332616100,,116.4274400,39.9337240,,,,,
,1186,10048650728,,116.4274630,39.9328860,,,,,
,1187,332616101,,116.4274320,39.9339590,,,,,
,1188,10315058144,,116.4274380,39.9337680,,,,,
,1189,332616132,signal,116.4274620,39.9328380,,,,,
,1190,10048650726,,116.4274560,39.9327940,,,,,
,1191,332616397,,116.4279980,39.9341600,,,,,
,1192,10048650735,,116.4279650,39.9344120,,,,,
,1193,10048650734,,116.4280230,39.9345230,,,,,
,1194,332616398,,116.4281960,39.9339990,,,,,
,1195,332616400,,116.4283130,39.9327180,,,,,
,1196,10048650731,,116.4282740,39.9328290,,,,,
,1197,332616589,,116.4280260,39.9350240,,,,,
,1198,10048650752,,116.4279680,39.9359840,,,,,
,1199,332618306,,116.4149510,39.9323310,,,,,
,1200,332618307,,116.4121440,39.9323290,,,,,
,1201,1860131918,signal,116.4111890,39.9323130,,,,,
,1202,332618308,signal,116.4108680,39.9325240,,,,,
,1203,6095096803,,116.4108710,39.9324720,,,,,
,1204,332618508,,116.4270980,39.9323740,,,,,
,1205,10006479836,,116.4271010,39.9322330,,,,,
,1206,6095096836,,116.4269080,39.9323640,,,,,
,1207,332618509,signal,116.4195380,39.9325170,,,,,
,1208,10314757628,,116.4195400,39.9324680,,,,,
,1209,332618510,,116.4173650,39.9323390,,,,,
,1210,1861655012,,116.4156550,39.9323380,,,,,
,1211,332618777,,116.4257370,39.9323620,,,,,
,1212,10989796990,,116.4257280,39.9324700,,,,,
,1213,10315077750,,116.4252540,39.9323630,,,,,
,1214,332618902,,116.4087090,39.9321000,,,,,
,1215,733967488,,116.4071540,39.9320850,,,,,
,1216,332618904,,116.4057510,39.9320480,,,,,
,1217,9333199340,,116.4045160,39.9320280,,,,,
,1218,332618905,,116.4036380,39.9320130,,,,,
,1219,12876507977,,116.4027680,39.9320160,,,,,
,1221,9349946527,,116.4023910,39.9320700,,,,,
,1222,336375956,,116.4282100,39.9301740,,,,,
,1223,1114039054,,116.4283050,39.9304200,,,,,
,1224,13305599379,,116.4283490,39.9301790,,,,,
,1225,10048650745,,116.4281600,39.9304110,,,,,
,1226,336377072,,116.4274390,39.9318820,,,,,
,1227,10989796992,,116.4274570,39.9318460,,,,,
,1228,336377076,,116.4277450,39.9300540,,,,,
,1229,3342222108,,116.4277670,39.9297150,,,,,
,1230,336377310,,116.4278880,39.9252430,,,,,
,1231,336377313,,116.4277900,39.9248260,,,,,
,1232,1192323501,,116.4279750,39.9246820,,,,,
,1233,3412934891,,116.4278690,39.9236950,,,,,
,1234,336377319,signal,116.4278430,39.9234980,,,,,
,1235,12865295008,,116.4278320,39.9234730,,,,,
,1236,336377740,,116.4283430,39.9306160,,,,,
,1237,1114046802,,116.4283430,39.9308420,,,,,
,1238,336378292,,116.4286040,39.9108490,,,,,
,1239,10048963999,,116.4285230,39.9108480,,,,,
,1240,491864186,,116.4286720,39.9097840,,,,,
,1241,336378727,,116.4287540,39.9074810,,,,,
,1242,1300406500,,116.4285810,39.9073640,,,,,
,1243,336378736,,116.4287550,39.9068610,,,,,
,1244,1300406459,,116.4294070,39.9068590,,,,,
,1245,4716312224,,116.4288040,39.9067760,,,,,
,1246,336378740,,116.4288170,39.9066500,,,,,
,1247,4138587425,,116.4288230,39.9064230,,,,,
,1248,336378745,,116.4288510,39.9060560,,,,,
,1249,2504935204,,116.4288780,39.9058840,,,,,
,1250,336378749,,116.4292340,39.9051410,,,,,
,1251,336384109,,116.4292880,39.9049620,,,,,
,1252,336383660,,116.4307360,39.9020920,,,,,
,1253,9045283620,,116.4306000,39.9021380,,,,,
,1254,1841740735,,116.4294650,39.9038930,,,,,
,1255,336384217,,116.4294770,39.9038170,,,,,
,1256,9671588488,,116.4294010,39.9038030,,,,,
,1257,339283129,,116.3779710,39.8973730,,,,,
,1258,9669667152,,116.3780300,39.8965340,,,,,
,1259,734169798,,116.3764320,39.8972460,,,,,
,1260,9383620885,,116.3884310,39.8943990,,,,,
,1261,339290734,,116.3817970,39.8998250,,,,,
,1262,339290777,,116.3817700,39.9002480,,,,,
,1263,1737672029,,116.3818360,39.8990830,,,,,
,1264,339290737,,116.3778540,39.8997060,,,,,
,1265,733992851,,116.3746630,39.8995920,,,,,
,1266,13090489584,,116.3778680,39.8996300,,,,,
,1267,339290738,,116.3720830,39.8994470,,,,,
,1268,13097956232,,116.3729130,39.8994810,,,,,
,1269,1414035087,,116.3720900,39.8987240,,,,,
,1270,8575495047,,116.3720750,39.9004450,,,,,
,1271,13568915163,,116.3817510,39.9005530,,,,,
,1274,1976959595,,116.3998400,39.9342280,,,,,
,1275,340063764,,116.4025530,39.9328650,,,,,
,1276,12876507965,,116.4025790,39.9322480,,,,,
,1277,340065253,,116.3765230,39.9341230,,,,,
,1278,9414229808,,116.3769580,39.9341540,,,,,
,1280,340065311,,116.3733910,39.9352560,,,,,
,1281,9794983098,,116.3733590,39.9350110,,,,,
,1282,1742785903,,116.3735010,39.9347940,,,,,
,1283,340065331,,116.3667100,39.9334630,,,,,
,1284,5826121983,,116.3684460,39.9336020,,,,,
,1285,340248205,,116.3667720,39.9325880,,,,,
,1286,1747639806,,116.3667260,39.9337290,,,,,
,1288,1742835315,,116.3736100,39.9336800,,,,,
,1289,340065425,,116.3671930,39.9243140,,,,,
,1290,9334235965,,116.3672010,39.9240390,,,,,
,1291,2264142377,,116.3671820,39.9245320,,,,,
,1292,340065825,,116.4108390,39.9336100,,,,,
,1293,10314741770,,116.4108600,39.9328200,,,,,
,1294,340065859,,116.4195460,39.9337220,,,,,
,1295,9705430456,,116.4195310,39.9336040,,,,,
,1296,340065860,,116.4110470,39.9287000,,,,,
,1297,340243494,,116.4109870,39.9300900,,,,,
,1298,733858866,,116.4110800,39.9278540,,,,,
,1299,340065862,,116.4196640,39.9287260,,,,,
,1300,453047922,signal,116.4197020,39.9278320,,,,,
,1301,340065868,,116.4111190,39.9258800,,,,,
,1302,340065895,,116.4111510,39.9251890,,,,,
,1303,340065894,,116.4198890,39.9259770,,,,,
,1304,1979479785,,116.4111500,39.9251490,,,,,
,1305,340066110,,116.4107740,39.9349810,,,,,
,1306,342778311,,116.4107540,39.9352860,,,,,
,1307,2056639669,,116.4107790,39.9347320,,,,,
,1308,9705430455,,116.4195660,39.9338650,,,,,
,1309,340066217,,116.4107920,39.9343880,,,,,
,1310,9673906787,,116.4107760,39.9346570,,,,,
,1311,9673906783,,116.4108190,39.9340500,,,,,
,1312,340066259,,116.4155240,39.9323330,,,,,
,1313,340068516,,116.3783860,39.8902000,,,,,
,1314,734418292,,116.3783870,39.8899700,,,,,
,1315,340068781,,116.3881790,39.8958880,,,,,
,1316,734169947,,116.3892960,39.8959930,,,,,
,1317,9327480052,,116.3881760,39.8955840,,,,,
,1318,1798441901,,116.3882120,39.8960370,,,,,
,1319,340068962,,116.3883110,39.8949190,,,,,
,1320,1858572383,,116.3883840,39.8946130,,,,,
,1321,734169988,,116.3882610,39.8951160,,,,,
,1322,340109518,,116.3836270,39.8885090,,,,,
,1323,9015750654,,116.3835430,39.8884760,,,,,
,1324,1686969187,,116.3942020,39.8971060,,,,,
,1325,340109893,,116.3784020,39.8939100,,,,,
,1326,9669686168,,116.3782650,39.8949090,,,,,
,1327,340109894,,116.3789860,39.8938540,,,,,
,1328,13264427877,,116.3788060,39.8949120,,,,,
,1329,734169335,,116.3791080,39.8926760,,,,,
,1331,734170191,,116.3775850,39.8910970,,,,,
,1333,340110296,,116.3740570,39.8947960,,,,,
,1334,5115804967,,116.3748910,39.8948310,,,,,
,1335,598404767,,116.3733930,39.8947770,,,,,
,1336,340110297,,116.3741280,39.8939620,,,,,
,1337,5115804786,,116.3751330,39.8939990,,,,,
,1338,384282196,,116.3734670,39.8939160,,,,,
,1339,340110304,,116.3743200,39.8881080,,,,,
,1340,598404759,,116.3735940,39.8880800,,,,,
,1341,340110746,,116.3884430,39.8877760,,,,,
,1342,341241455,,116.3883400,39.8884940,,,,,
,1343,734418923,,116.3885280,39.8875660,,,,,
,1344,340110777,,116.3881960,39.8887810,,,,,
,1345,5064902002,,116.3882690,39.8886030,,,,,
,1346,734418554,signal,116.3888430,39.8889320,,,,,
,1347,340111037,,116.3843280,39.8885810,,,,,
,1348,340238118,,116.3881850,39.8955010,,,,,
,1349,9327480049,,116.3882480,39.8951760,,,,,
,1350,340238181,,116.3914360,39.8957280,,,,,
,1351,341233849,,116.3913810,39.8961760,,,,,
,1352,341239569,,116.3914620,39.8946940,,,,,
,1353,340238271,,116.3989190,39.8957840,,,,,
,1354,340240686,,116.3991700,39.8958130,,,,,
,1355,534081712,,116.4027890,39.8958920,,,,,
,1356,340238342,,116.4016850,39.8959620,,,,,
,1357,2791842156,,116.4013960,39.8959780,,,,,
,1358,340238352,,116.4013240,39.8920380,,,,,
,1359,734521402,,116.3996870,39.8919440,,,,,
,1360,734520664,,116.4026480,39.8920660,,,,,
,1361,528964725,,116.4013630,39.8917140,,,,,
,1362,340238516,,116.3817020,39.8848840,,,,,
,1363,9664768449,,116.3812330,39.8848750,,,,,
,1364,9664768453,,116.3822080,39.8848940,,,,,
,1365,340238574,,116.3648910,39.8880870,,,,,
,1366,3455527422,,116.3639890,39.8880770,,,,,
,1367,340238739,,116.3737290,39.8877750,,,,,
,1368,1598453917,,116.3753490,39.8878220,,,,,
,1369,340239120,,116.3753570,39.8862730,,,,,
,1370,340239122,,116.3754930,39.8838860,,,,,
,1371,12363475765,,116.3755640,39.8837410,,,,,
,1372,734419429,,116.3763840,39.8838840,,,,,
,1373,340239178,,116.3817060,39.8864100,,,,,
,1374,13142271981,,116.3821560,39.8864110,,,,,
,1375,340239430,,116.3882770,39.8858720,,,,,
,1376,734418547,,116.3883940,39.8865610,,,,,
,1377,734419230,,116.3881320,39.8850090,,,,,
,1378,734418651,,116.3880680,39.8858870,,,,,
,1379,734417822,,116.3888850,39.8858330,,,,,
,1380,340239431,,116.3884360,39.8869400,,,,,
,1381,8806910122,,116.3884210,39.8868300,,,,,
,1382,340240164,,116.3883440,39.8922900,,,,,
,1383,341239031,,116.3883360,39.8920740,,,,,
,1384,9327458938,,116.3883540,39.8924150,,,,,
,1385,340240312,,116.3915140,39.8934730,,,,,
,1386,341236886,,116.3915060,39.8938590,,,,,
,1387,341236984,,116.3915230,39.8930900,,,,,
,1388,340240333,,116.3915170,39.8921050,,,,,
,1389,341237055,,116.3915060,39.8926060,,,,,
,1390,341237120,,116.3915250,39.8917380,,,,,
,1391,734520991,,116.4035490,39.8959420,,,,,
,1392,340240807,,116.3947880,39.8934640,,,,,
,1393,12818448473,,116.3948340,39.8939140,,,,,
,1394,340240868,,116.3971560,39.8918250,,,,,
,1395,734521332,,116.3972660,39.8915230,,,,,
,1396,734521375,,116.3967330,39.8917980,,,,,
,1397,734521229,,116.3973250,39.8918070,,,,,
,1398,340242960,,116.4154500,39.9170360,,,,,
,1399,340242963,,116.4165430,39.9169980,,,,,
,1400,733859165,,116.4180230,39.9170250,,,,,
,1401,340243047,,116.4286150,39.9142300,,,,,
,1402,340243270,,116.4266780,39.9178440,,,,,
,1403,340243271,,116.4267240,39.9172460,,,,,
,1404,491864177,,116.4267240,39.9169530,,,,,
,1405,733858933,,116.4274930,39.9162450,,,,,
,1406,2056636802,,116.4109740,39.9304500,,,,,
,1407,340243728,,116.4198620,39.9266730,,,,,
,1408,453047920,,116.4198880,39.9261410,,,,,
,1409,340245252,,116.3839410,39.9360440,,,,,
,1410,340245253,,116.3839060,39.9358410,,,,,
,1411,340245254,,116.3838990,39.9356100,,,,,
,1412,340245255,,116.3840270,39.9353910,,,,,
,1413,340246781,,116.3782060,39.9334990,,,,,
,1414,340246782,,116.3782480,39.9331040,,,,,
,1415,340246783,,116.3783690,39.9329700,,,,,
,1416,340246784,,116.3784650,39.9323390,,,,,
,1417,340246785,,116.3784640,39.9321450,,,,,
,1418,384010515,,116.3781520,39.9323240,,,,,
,1419,1742835296,,116.3784060,39.9320510,,,,,
,1420,340247232,,116.3751100,39.9323610,,,,,
,1421,340248087,,116.3695470,39.9336880,,,,,
,1422,340248268,,116.3703330,39.9337380,,,,,
,1423,340248121,,116.3685180,39.9355000,,,,,
,1424,384005121,,116.3687280,39.9355210,,,,,
,1425,340248123,,116.3687490,39.9336330,,,,,
,1426,1742785936,,116.3667800,39.9323940,,,,,
,1427,340249189,,116.3710960,39.9337600,,,,,
,1428,340249150,,116.3736980,39.9330870,,,,,
,1429,384006335,,116.3721200,39.9338330,,,,,
,1430,340255344,,116.4109520,39.9311860,,,,,
,1431,9936705744,,116.4109530,39.9310780,,,,,
,1432,4014440344,,116.4109960,39.9315040,,,,,
,1433,340255798,,116.4111980,39.9244750,,,,,
,1434,7622181927,,116.4112140,39.9241940,,,,,
,1435,340256166,,116.4053000,39.9273170,,,,,
,1436,5588104240,,116.4074820,39.9273340,,,,,
,1437,340256168,,116.4081160,39.9273410,,,,,
,1438,340256169,,116.4111010,39.9272920,,,,,
,1439,5588104239,,116.4081640,39.9264700,,,,,
,1440,9936705747,,116.4111110,39.9267860,,,,,
,1441,341180054,,116.3948530,39.9310320,,,,,
,1442,341180056,,116.3950720,39.9309400,,,,,
,1443,9385360325,,116.3943320,39.9317580,,,,,
,1444,342837974,,116.3952380,39.9309290,,,,,
,1445,341180071,,116.3957180,39.9240280,,,,,
,1446,733788983,,116.3964830,39.9240440,,,,,
,1447,733788912,,116.3947290,39.9239520,,,,,
,1448,341182149,,116.3933010,39.9239160,,,,,
,1449,2482565161,,116.3933180,39.9234980,,,,,
,1450,733788162,,116.3932730,39.9244030,,,,,
,1451,2482565165,,116.3933640,39.9239150,,,,,
,1452,341182255,,116.3973590,39.9240710,,,,,
,1453,733789092,,116.3974460,39.9243960,,,,,
,1454,341182377,,116.3973080,39.9231040,,,,,
,1455,12838102894,,116.3974100,39.9228580,,,,,
,1456,2482565130,,116.3974570,39.9226440,,,,,
,1457,8958237019,,116.3975280,39.9228080,,,,,
,1458,12838102884,,116.3973920,39.9229140,,,,,
,1459,733788301,,116.3967100,39.9230930,,,,,
,1460,341182379,,116.3973940,39.9260690,,,,,
,1461,733788174,,116.3974180,39.9252920,,,,,
,1462,733788993,,116.3973770,39.9263260,,,,,
,1463,341201210,signal,116.4005750,39.9221650,,,,,
,1464,8958226008,,116.4005480,39.9227900,,,,,
,1465,341201393,,116.4006300,39.9208620,,,,,
,1466,733860036,,116.4011570,39.9208610,,,,,
,1467,341202431,,116.4026840,39.9170430,,,,,
,1468,341202282,,116.4022120,39.9186520,,,,,
,1469,341203062,,116.4019290,39.9186460,,,,,
,1470,341202933,,116.4025810,39.9186610,,,,,
,1471,733860075,,116.4028560,39.9170490,,,,,
,1472,341202931,,116.4025810,39.9182070,,,,,
,1473,341202934,,116.4025810,39.9187600,,,,,
,1474,341202935,,116.4025820,39.9191410,,,,,
,1475,2685020344,,116.4025770,39.9194190,,,,,
,1476,341202936,,116.4025860,39.9197350,,,,,
,1477,2685020343,,116.4025730,39.9200200,,,,,
,1478,341202938,,116.4025290,39.9202660,,,,,
,1479,341202939,,116.4027460,39.9203210,,,,,
,1480,341202941,,116.4027260,39.9208520,,,,,
,1481,7419678744,,116.4046260,39.9208770,,,,,
,1482,9694992482,,116.4019600,39.9208660,,,,,
,1483,341203591,,116.4011390,39.9186270,,,,,
,1484,452395208,,116.4007280,39.9186310,,,,,
,1485,341203429,,116.4013800,39.9186320,,,,,
,1486,341203466,,116.4012930,39.9203390,,,,,
,1487,341204184,,116.4071060,39.9189210,,,,,
,1488,9690186487,,116.4056710,39.9189200,,,,,
,1489,733859266,,116.4070960,39.9190960,,,,,
,1490,341206521,,116.4229270,39.9142540,,,,,
,1491,733858826,,116.4222920,39.9142470,,,,,
,1492,341206574,,116.4228730,39.9156910,,,,,
,1493,733859738,,116.4223640,39.9157070,,,,,
,1494,341206653,,116.4238780,39.9142480,,,,,
,1495,341206788,,116.4244750,39.9142480,,,,,
,1496,341209609,,116.4166500,39.9106910,,,,,
,1497,3141754806,,116.4179340,39.9106980,,,,,
,1498,10543111417,,116.4166560,39.9102740,,,,,
,1499,341209621,,116.4164390,39.9101800,,,,,
,1500,733858855,,116.4154060,39.9101830,,,,,
,1501,341209622,,116.4166340,39.9101760,,,,,
,1502,10543111416,,116.4165330,39.9100420,,,,,
,1503,341210050,,116.4252610,39.9114420,,,,,
,1504,733858852,,116.4252770,39.9121320,,,,,
,1505,3019739524,,116.4236090,39.9114100,,,,,
,1506,341212522,,116.4277300,39.9097960,,,,,
,1507,10048964000,,116.4285740,39.9097850,,,,,
,1508,491864187,,116.4272360,39.9097920,,,,,
,1509,341212884,,116.4263450,39.9098520,,,,,
,1510,491864185,,116.4264070,39.9098000,,,,,
,1511,341233847,,116.3896640,39.8960260,,,,,
,1512,5960639364,,116.3897090,39.8960320,,,,,
,1513,1831125437,,116.3895660,39.8960170,,,,,
,1514,5963510690,,116.3906490,39.8961130,,,,,
,1515,341239570,,116.3913280,39.8969890,,,,,
,1516,341236884,,116.3884560,39.8936240,,,,,
,1517,4710637825,,116.3884540,39.8935990,,,,,
,1518,1231556639,,116.3914860,39.8946590,,,,,
,1519,341237310,,116.3915590,39.8912780,,,,,
,1520,734169924,,116.3916200,39.8907340,,,,,
,1521,1408143356,,116.3919180,39.8912890,,,,,
,1522,341237383,,116.3884310,39.8911080,,,,,
,1523,734170334,,116.3885740,39.8906470,,,,,
,1524,341239156,,116.3884090,39.8911800,,,,,
,1525,341238011,,116.3883220,39.8916590,,,,,
,1526,1798441896,,116.3883580,39.8913990,,,,,
,1527,341238852,,116.3884320,39.8932790,,,,,
,1528,341238888,,116.3884070,39.8929760,,,,,
,1529,9327458940,,116.3883760,39.8926770,,,,,
,1530,341238942,,116.3883690,39.8926100,,,,,
,1531,341239567,,116.3916320,39.8900330,,,,,
,1532,4720814704,,116.3916310,39.8901150,,,,,
,1533,1231628429,,116.3908670,39.8898440,,,,,
,1534,341241001,,116.3887330,39.8901620,,,,,
,1535,9298159138,,116.3890090,39.8893880,,,,,
,1536,5154520656,,116.3887170,39.8901900,,,,,
,1537,5068540984,,116.3883000,39.8885350,,,,,
,1538,341242997,,116.4129210,39.8894960,,,,,
,1539,1598502430,,116.4128870,39.8904950,,,,,
,1540,341243424,,116.4153190,39.8903480,,,,,
,1541,384301962,,116.4149630,39.8904850,,,,,
,1542,733789095,,116.3901760,39.9293050,,,,,
,1543,342739511,,116.3934680,39.9321020,,,,,
,1544,9333233908,,116.3929070,39.9321050,,,,,
,1545,342741267,,116.3868580,39.9321200,,,,,
,1546,9378376217,,116.3899650,39.9335600,,,,,
,1547,342777849,,116.4084770,39.9356740,,,,,
,1548,9160201285,,116.4084740,39.9353000,,,,,
,1549,342777852,,116.4107340,39.9356070,,,,,
,1550,9673906782,,116.4107470,39.9354410,,,,,
,1551,342778304,,116.4079010,39.9350480,,,,,
,1552,342778637,,116.4079090,39.9343090,,,,,
,1553,342778639,,116.4087780,39.9343340,,,,,
,1554,733967404,,116.4087670,39.9351360,,,,,
,1555,342785816,,116.3668960,39.9299770,,,,,
,1556,4137699489,,116.3676060,39.9300150,,,,,
,1557,1747614211,,116.3669080,39.9297940,,,,,
,1558,342786417,,116.3669440,39.9292560,,,,,
,1559,1747614209,,116.3669660,39.9289020,,,,,
,1560,1747614210,,116.3669380,39.9294660,,,,,
,1561,342786860,,116.3669860,39.9285540,,,,,
,1562,342787227,,116.3670300,39.9278580,,,,,
,1563,1747588151,,116.3669770,39.9287110,,,,,
,1564,342826248,,116.3670650,39.9271770,,,,,
,1565,342787906,,116.3672300,39.9215240,,,,,
,1566,6132183039,,116.3672320,39.9214240,,,,,
,1567,342788170,,116.3673520,39.9208340,,,,,
,1568,533638711,,116.3673700,39.9200990,,,,,
,1569,9377983850,signal,116.3673480,39.9209330,,,,,
,1570,342788437,,116.3673910,39.9194600,,,,,
,1571,2264436177,,116.3674000,39.9192510,,,,,
,1572,10745130578,,116.3673890,39.9195480,,,,,
,1573,342788898,,116.3674520,39.9180110,,,,,
,1574,2264429752,,116.3674600,39.9177690,,,,,
,1575,2264429753,,116.3674250,39.9186500,,,,,
,1576,342789318,signal,116.3674760,39.9172910,,,,,
,1577,2264429750,,116.3674640,39.9176610,,,,,
,1578,2264417893,,116.3675000,39.9167790,,,,,
,1579,342789564,,116.3675060,39.9166190,,,,,
,1580,2264417889,,116.3675050,39.9166430,,,,,
,1581,734045496,,116.3675310,39.9158770,,,,,
,1582,342790301,,116.3629970,39.9104260,,,,,
,1583,342790303,,116.3635200,39.9102940,,,,,
,1584,9752109888,,116.3626550,39.9104420,,,,,
,1585,8742540373,,116.3648190,39.9102360,,,,,
,1586,342790304,,116.3676260,39.9102570,,,,,
,1587,7662893539,,116.3676390,39.9099020,,,,,
,1588,10316801409,,116.3675690,39.9102570,,,,,
,1589,342791346,,116.3854020,39.9014480,,,,,
,1590,5098449235,,116.3852760,39.9014440,,,,,
,1591,5098449233,,116.3854130,39.9012150,,,,,
,1592,5098449239,,116.3853920,39.9017310,,,,,
,1593,342791876,signal,116.3816360,39.9013320,,,,,
,1594,13568915186,,116.3816280,39.9013800,,,,,
,1595,1737659100,,116.3816430,39.9012860,,,,,
,1596,13568915169,,116.3818120,39.9013370,,,,,
,1597,342794355,,116.3822360,39.8990050,,,,,
,1598,9378036243,signal,116.3820040,39.8990020,,,,,
,1599,342794360,,116.3826920,39.9006480,,,,,
,1600,13570555118,,116.3829010,39.9006210,,,,,
,1601,1737659101,,116.3827830,39.9013200,,,,,
,1602,342794361,,116.3827860,39.9013700,,,,,
,1603,1737659115,,116.3822540,39.9013520,,,,,
,1604,3069952503,,116.3850340,39.9014360,,,,,
,1605,342794544,,116.3731850,39.9000200,,,,,
,1606,733992932,,116.3732060,39.8995300,,,,,
,1607,733992913,,116.3731590,39.9004790,,,,,
,1608,342795762,,116.3635400,39.9042290,,,,,
,1609,8742540396,,116.3635380,39.9042760,,,,,
,1610,342796005,,116.3635080,39.9048570,,,,,
,1611,5077273886,,116.3634810,39.9055530,,,,,
,1612,342798142,,116.3669050,39.9017530,,,,,
,1613,342798143,,116.3664120,39.9017520,,,,,
,1614,734045947,,116.3645430,39.9017820,,,,,
,1615,342798660,,116.3679460,39.8991930,,,,,
,1616,1414035080,signal,116.3679820,39.8987290,,,,,
,1617,342801559,,116.3714510,39.9145660,,,,,
,1618,9494078321,,116.3714030,39.9151080,,,,,
,1619,5077446431,,116.3714530,39.9145360,,,,,
,1620,342801683,,116.3746160,39.9212040,,,,,
,1621,1743058148,signal,116.3753910,39.9212200,,,,,
,1622,342801778,,116.3752300,39.9175230,,,,,
,1623,733992866,,116.3757920,39.9175450,,,,,
,1624,342802596,,116.3819700,39.9051220,,,,,
,1625,13568912196,,116.3819670,39.9050870,,,,,
,1626,342803624,,116.3752390,39.9038620,,,,,
,1627,13094030803,,116.3752500,39.9040540,,,,,
,1628,733992854,,116.3752300,39.9036510,,,,,
,1629,342803653,signal,116.3752150,39.9028240,,,,,
,1630,13094030805,,116.3752140,39.9030340,,,,,
,1631,5077274210,,116.3761720,39.9028400,,,,,
,1632,733992912,,116.3746410,39.9028170,,,,,
,1633,342803804,,116.3753720,39.9056750,,,,,
,1634,10679260515,,116.3753530,39.9054980,,,,,
,1635,342803972,,116.3778120,39.9018060,,,,,
,1636,13090489588,,116.3777960,39.9022010,,,,,
,1637,342819177,,116.3854430,39.9003990,,,,,
,1638,5098449231,,116.3855400,39.9003990,,,,,
,1639,6100273593,,116.3854530,39.9003290,,,,,
,1640,733992877,,116.3854220,39.9009350,,,,,
,1641,342819253,,116.3897000,39.9005260,,,,,
,1642,9298159122,signal,116.3898000,39.8989910,,,,,
,1643,342820715,,116.4135230,39.9007550,,,,,
,1644,342820717,,116.4136290,39.9011740,,,,,
,1645,342820719,,116.4141870,39.9021340,,,,,
,1646,533651942,,116.4137240,39.9023080,,,,,
,1647,1891103098,,116.4143850,39.9020460,,,,,
,1648,6137238483,,116.4141650,39.9028520,,,,,
,1649,342820811,,116.4184670,39.9034350,,,,,
,1650,11059812331,,116.4184170,39.9035390,,,,,
,1651,9671606601,,116.4181120,39.9032630,,,,,
,1652,342821095,,116.4227940,39.9069820,,,,,
,1653,4716204247,,116.4227990,39.9067760,,,,,
,1654,1583230856,,116.4228720,39.9069830,,,,,
,1655,342821878,,116.3675990,39.9138790,,,,,
,1656,10316801374,,116.3676400,39.9138770,,,,,
,1657,10316801394,,116.3674470,39.9138850,,,,,
,1658,2264412974,,116.3675950,39.9140690,,,,,
,1659,8558775101,,116.3676180,39.9134890,,,,,
,1660,342822003,,116.3686430,39.9138300,,,,,
,1661,734045845,,116.3691370,39.9144750,,,,,
,1662,8558775070,,116.3676660,39.9138760,,,,,
,1663,734045869,,116.3690470,39.9136460,,,,,
,1664,342822007,,116.3705220,39.9168080,,,,,
,1665,385078918,,116.3708330,39.9174080,,,,,
,1666,734046230,,116.3702520,39.9163560,,,,,
,1667,342822008,,116.3712140,39.9180490,,,,,
,1668,2264412973,,116.3710980,39.9180230,,,,,
,1669,5077445844,,116.3711670,39.9190070,,,,,
,1670,5077445945,,116.3712480,39.9175190,,,,,
,1671,342822137,,116.3744120,39.9176300,,,,,
,1672,342822139,,116.3749030,39.9176550,,,,,
,1673,733992847,,116.3742180,39.9176210,,,,,
,1674,342823625,,116.3716110,39.9109180,,,,,
,1675,8554065588,,116.3716200,39.9109850,,,,,
,1676,734045491,,116.3734640,39.9109020,,,,,
,1677,8566337356,,116.3703830,39.9109090,,,,,
,1678,342826040,,116.3670950,39.9264370,,,,,
,1679,342829121,,116.3671080,39.9260980,,,,,
,1680,2264141820,,116.3670790,39.9267400,,,,,
,1681,2264141822,,116.3670790,39.9268090,,,,,
,1682,342827519,,116.3707880,39.9301850,,,,,
,1683,342835769,signal,116.3707470,39.9313500,,,,,
,1684,11558217074,,116.3708190,39.9295660,,,,,
,1685,342828366,,116.3708700,39.9285630,,,,,
,1686,4137667898,,116.3708490,39.9289910,,,,,
,1687,342828550,,116.3708890,39.9278170,,,,,
,1688,342828425,,116.3675900,39.9285740,,,,,
,1689,342828547,,116.3675820,39.9279340,,,,,
,1690,342828549,,116.3676400,39.9278700,,,,,
,1691,342828710,,116.3690920,39.9278440,,,,,
,1692,390934104,signal,116.3709540,39.9263010,,,,,
,1693,342828746,,116.3691010,39.9262860,,,,,
,1694,342829654,,116.3695550,39.9263030,,,,,
,1695,342829504,,116.3686790,39.9261880,,,,,
,1696,1747614137,,116.3672280,39.9261020,,,,,
,1697,390934147,,116.3671640,39.9250520,,,,,
,1698,342830592,,116.3671710,39.9247760,,,,,
,1699,342835768,,116.3757480,39.9316030,,,,,
,1700,384007936,,116.3757580,39.9308960,,,,,
,1701,9333255671,,116.3764760,39.9316240,,,,,
,1702,9333255754,,116.3721250,39.9314220,,,,,
,1704,1379661240,,116.3871050,39.9321170,,,,,
,1706,9378330215,,116.3900000,39.9330330,,,,,
,1707,342836428,,116.3793210,39.9318250,,,,,
,1708,342836730,,116.3784220,39.9317890,,,,,
,1709,2433565019,,116.3780860,39.9317710,,,,,
,1710,9333255673,,116.3748960,39.9316830,,,,,
,1711,342836968,signal,116.3732440,39.9314840,,,,,
,1712,10278017140,,116.3738210,39.9315060,,,,,
,1713,342837132,,116.3724870,39.9315740,,,,,
,1714,342837327,,116.3713030,39.9315100,,,,,
,1715,384006380,,116.3710170,39.9314900,,,,,
,1716,342837357,,116.3943210,39.9319860,,,,,
,1717,9385360326,,116.3943110,39.9318560,,,,,
,1718,2103131697,,116.3968300,39.9319850,,,,,
,1719,342837922,,116.3963310,39.9313320,,,,,
,1720,342837924,,116.3967080,39.9313290,,,,,
,1721,342838703,,116.3963410,39.9310730,,,,,
,1722,342837925,,116.3969120,39.9313500,,,,,
,1723,1976889060,,116.3970080,39.9313880,,,,,
,1724,342837927,,116.3980060,39.9313950,,,,,
,1725,342837928,,116.3985940,39.9314260,,,,,
,1726,1638688369,,116.3986660,39.9314360,,,,,
,1727,733788508,,116.3955510,39.9309490,,,,,
,1728,1638688380,,116.3952580,39.9306740,,,,,
,1729,342838196,,116.3958370,39.9310060,,,,,
,1730,342838198,,116.3967360,39.9310670,,,,,
,1731,342838200,,116.3972110,39.9310190,,,,,
,1732,1976889034,,116.3975610,39.9309990,,,,,
,1733,342838203,,116.3979120,39.9310160,,,,,
,1734,342838444,,116.3988000,39.9310300,,,,,
,1735,342838205,,116.3996010,39.9310320,,,,,
,1736,11252154033,,116.3995280,39.9310320,,,,,
,1737,12876996053,,116.3995590,39.9318630,,,,,
,1738,9797817272,,116.3996070,39.9309570,,,,,
,1739,342838635,,116.3988560,39.9304680,,,,,
,1740,342838636,,116.3988650,39.9302820,,,,,
,1741,1638688364,,116.3988580,39.9308210,,,,,
,1742,342838923,,116.3988720,39.9300760,,,,,
,1743,342838638,,116.3989020,39.9299270,,,,,
,1744,342838639,,116.3989610,39.9291890,,,,,
,1745,733788954,,116.3990610,39.9291800,,,,,
,1746,342845671,,116.3734670,39.8913710,,,,,
,1747,598404766,,116.3734590,39.8930560,,,,,
,1748,342952896,signal,116.3679600,39.9054700,,,,,
,1749,5077273889,,116.3679580,39.9055140,,,,,
,1750,342952909,,116.3679850,39.9036010,,,,,
,1751,380765488,,116.3679770,39.9040220,,,,,
,1752,342952910,signal,116.3682490,39.8980300,,,,,
,1753,9378025379,,116.3682450,39.8981380,,,,,
,1754,342954672,,116.3640960,39.8878090,,,,,
,1755,734417873,,116.3649660,39.8878070,,,,,
,1756,342961666,,116.3682130,39.8984270,,,,,
,1757,13277592238,,116.3682090,39.8984790,,,,,
,1758,342969466,,116.3667010,39.9343650,,,,,
,1759,1747639778,,116.3667030,39.9342860,,,,,
,1760,384004555,,116.3666970,39.9344630,,,,,
,1761,343091958,,116.4004040,39.9258200,,,,,
,1762,6789488619,,116.4003600,39.9267790,,,,,
,1763,5826135561,,116.3998790,39.9258180,,,,,
,1764,343092813,,116.3929960,39.9309140,,,,,
,1765,733789040,,116.3929100,39.9310630,,,,,
,1766,733788564,,116.3930280,39.9308120,,,,,
,1768,9058250142,,116.4189450,39.8825850,,,,,
,1770,10120370871,,116.4147750,39.8824470,,,,,
,1771,343438524,,116.4221010,39.8827890,,,,,
,1772,12165557815,,116.4221010,39.8828780,,,,,
,1773,4715688497,,116.4204660,39.8827480,,,,,
,1774,2366960611,,116.4257120,39.8965050,,,,,
,1775,734521413,,116.4277030,39.8962060,,,,,
,1776,373078419,,116.4256280,39.8977200,,,,,
,1777,6007975714,,116.4264220,39.8976530,,,,,
,1778,8809676322,,116.4236400,39.8976430,,,,,
,1779,6007975712,,116.4255560,39.8986730,,,,,
,1780,734520600,,116.4256400,39.8975010,,,,,
,1781,734520461,,116.4312160,39.8970830,,,,,
,1782,13329049627,,116.4304630,39.8982820,,,,,
,1783,734521335,,116.4306180,39.8964010,,,,,
,1784,373078684,,116.4289800,39.8991670,,,,,
,1785,13329049562,,116.4289860,39.8991070,,,,,
,1786,1195165457,,116.4294290,39.8991720,,,,,
,1787,373079268,,116.4323210,39.8981190,,,,,
,1788,373079269,,116.4323180,39.8974310,,,,,
,1789,734520275,,116.4323560,39.8972160,,,,,
,1790,373079270,,116.4323870,39.8971090,,,,,
,1791,734520635,,116.4316700,39.8970720,,,,,
,1792,373101841,signal,116.4208940,39.8992080,,,,,
,1793,10274394468,,116.4209520,39.8992090,,,,,
,1794,2366958270,,116.4199370,39.8922480,,,,,
,1795,2366958263,,116.4212940,39.8945120,,,,,
,1796,734521312,,116.4194950,39.8959320,,,,,
,1797,4720750592,,116.4204110,39.8921840,,,,,
,1800,373101912,,116.4235310,39.8976390,,,,,
,1801,6007975912,,116.4221860,39.8976020,,,,,
,1802,380762479,,116.3656600,39.9058560,,,,,
,1803,9697632795,,116.3646080,39.9058650,,,,,
,1804,5077273853,,116.3656520,39.9060720,,,,,
,1805,380762584,,116.3654870,39.9075750,,,,,
,1806,8742540385,,116.3654830,39.9075850,,,,,
,1807,380762702,signal,116.3655090,39.9074890,,,,,
,1808,380762587,,116.3649840,39.9089670,,,,,
,1809,380765652,,116.3649800,39.9091980,,,,,
,1810,734046281,,116.3650520,39.9087080,,,,,
,1811,380762591,,116.3650140,39.9102280,,,,,
,1812,8742540374,,116.3650110,39.9101330,,,,,
,1813,380763817,,116.3651450,39.9102380,,,,,
,1814,380762697,,116.3628340,39.9076750,,,,,
,1815,2048132529,,116.3629900,39.9076370,,,,,
,1816,380765609,,116.3626930,39.9077000,,,,,
,1817,380762699,,116.3636780,39.9074640,,,,,
,1818,734045913,,116.3638940,39.9074500,,,,,
,1819,8742540386,,116.3655170,39.9074100,,,,,
,1820,8742540384,,116.3653570,39.9074850,,,,,
,1821,8742540387,,116.3656270,39.9074940,,,,,
,1822,380762703,,116.3676910,39.9075790,,,,,
,1823,10316801408,,116.3675570,39.9075750,,,,,
,1824,9214235205,signal,116.3677160,39.9061010,,,,,
,1825,380762705,signal,116.3698820,39.9075620,,,,,
,1826,8742540331,,116.3699540,39.9075630,,,,,
,1827,10316801415,,116.3680350,39.9075690,,,,,
,1828,380762717,,116.3696290,39.9058680,,,,,
,1829,1414025824,signal,116.3681680,39.9058690,,,,,
,1830,380763069,,116.3702220,39.9096120,,,,,
,1831,8742540350,,116.3701070,39.9096090,,,,,
,1832,8742540349,,116.3702360,39.9096980,,,,,
,1833,8742540348,,116.3702180,39.9095610,,,,,
,1834,380763072,,116.3702580,39.9101810,,,,,
,1835,11280518298,,116.3702620,39.9102470,,,,,
,1836,734046217,,116.3702460,39.9097630,,,,,
,1837,380763076,,116.3703010,39.9109070,,,,,
,1838,8566337357,,116.3702990,39.9108770,,,,,
,1839,380763210,,116.3664990,39.9075380,,,,,
,1840,380763580,,116.3664860,39.9078550,,,,,
,1841,734045329,,116.3661620,39.9081780,,,,,
,1842,380763582,,116.3659650,39.9087180,,,,,
,1843,8558775092,,116.3660870,39.9087210,,,,,
,1844,8558775091,,116.3659610,39.9087890,,,,,
,1845,380763584,,116.3658960,39.9101180,,,,,
,1846,8742540369,,116.3659240,39.9101530,,,,,
,1847,380763596,,116.3659850,39.9102270,,,,,
,1848,8742540371,,116.3660350,39.9103020,,,,,
,1849,8500484303,,116.3673830,39.9102550,,,,,
,1850,8742540370,,116.3658020,39.9102300,,,,,
,1851,380763599,,116.3660080,39.9115150,,,,,
,1852,8558775035,,116.3660970,39.9115160,,,,,
,1853,380763601,,116.3659690,39.9123100,,,,,
,1854,8742540377,,116.3660090,39.9114890,,,,,
,1855,3739245926,,116.3672530,39.9123510,,,,,
,1856,8742540380,,116.3659650,39.9123660,,,,,
,1857,8742540375,,116.3651420,39.9102890,,,,,
,1858,8742540372,,116.3652140,39.9102370,,,,,
,1859,380764146,,116.3650260,39.9122660,,,,,
,1860,10316801368,,116.3649860,39.9129970,,,,,
,1861,380764147,,116.3649850,39.9130700,,,,,
,1862,9742683459,,116.3657780,39.9131630,,,,,
,1863,1599968950,,116.3627140,39.9128810,,,,,
,1864,380764175,,116.3625790,39.9172330,,,,,
,1865,6148495073,,116.3624300,39.9172310,,,,,
,1866,11177448307,,116.3626200,39.9167020,,,,,
,1867,380764276,,116.3627590,39.9150800,,,,,
,1868,734046289,,116.3627580,39.9153730,,,,,
,1869,380764365,,116.3627770,39.9140000,,,,,
,1870,13403500481,,116.3627170,39.9130130,,,,,
,1871,734046349,,116.3639970,39.9139170,,,,,
,1872,380764411,,116.3648740,39.9138550,,,,,
,1873,734045847,,116.3662980,39.9138780,,,,,
,1874,380765337,,116.3752820,39.9046220,,,,,
,1875,733992822,,116.3752860,39.9046730,,,,,
,1876,380765437,,116.3737460,39.9044640,,,,,
,1877,13094030834,,116.3737010,39.9044560,,,,,
,1878,13094030833,,116.3737960,39.9044790,,,,,
,1879,380765438,,116.3719150,39.9044480,,,,,
,1880,8742540317,,116.3717430,39.9044480,,,,,
,1881,13094030835,,116.3736510,39.9044530,,,,,
,1882,8742536116,,116.3719130,39.9045360,,,,,
,1883,380765439,,116.3701230,39.9044560,,,,,
,1884,13095911469,,116.3702460,39.9044550,,,,,
,1885,8742536111,,116.3701250,39.9043670,,,,,
,1886,2010541458,,116.3700930,39.9054930,,,,,
,1887,380765441,,116.3703020,39.9056850,,,,,
,1888,9316800035,,116.3707150,39.9056830,,,,,
,1889,380765472,,116.3718690,39.9056830,,,,,
,1890,2010541461,,116.3718700,39.9054870,,,,,
,1891,2360241161,,116.3738140,39.9056820,,,,,
,1892,9698077413,,116.3679660,39.9043470,,,,,
,1893,1429524741,,116.3680670,39.9040230,,,,,
,1894,380765518,,116.3701330,39.9040550,,,,,
,1895,2010541494,,116.3691760,39.9040380,,,,,
,1896,8742536112,,116.3701350,39.9039600,,,,,
,1897,380765530,signal,116.3719740,39.9027940,,,,,
,1898,8575495044,,116.3719780,39.9026840,,,,,
,1899,8575495042,,116.3721560,39.9027900,,,,,
,1900,8575495043,,116.3718440,39.9027970,,,,,
,1901,8742540382,,116.3626940,39.9078140,,,,,
,1902,380765627,,116.3627000,39.9093100,,,,,
,1903,8742540381,,116.3627000,39.9092840,,,,,
,1904,8742540367,,116.3648040,39.9092060,,,,,
,1905,384004502,,116.3666690,39.9350650,,,,,
,1906,1747639790,,116.3666320,39.9360180,,,,,
,1907,1747639793,,116.3686750,39.9360900,,,,,
,1908,384008475,,116.3757640,39.9303900,,,,,
,1909,9494141257,,116.3756600,39.9308950,,,,,
,1910,384008474,,116.3747410,39.9303640,,,,,
,1911,384008808,,116.3746810,39.9296690,,,,,
,1912,384008811,,116.3749720,39.9296100,,,,,
,1913,384008813,,116.3751360,39.9295700,,,,,
,1914,384009469,,116.3775580,39.9334670,,,,,
,1915,384010513,,116.3776560,39.9325210,,,,,
,1916,384010514,,116.3781240,39.9325450,,,,,
,1917,384013625,,116.3834690,39.9327520,,,,,
,1918,2482550780,,116.3834580,39.9330480,,,,,
,1919,384045084,,116.4186910,39.8976540,,,,,
,1920,5776430508,,116.4187400,39.8968260,,,,,
,1921,5776434578,,116.4186500,39.8980340,,,,,
,1922,384045087,,116.4197100,39.8977110,,,,,
,1923,9500495624,,116.4185260,39.8977700,,,,,
,1924,384045090,,116.4211490,39.8975800,,,,,
,1925,384046157,,116.4167720,39.8958680,,,,,
,1926,734520427,,116.4168290,39.8954000,,,,,
,1927,734521389,,116.4187940,39.8959170,,,,,
,1928,734520195,,116.4146920,39.8957760,,,,,
,1929,5776430501,,116.4167540,39.8963140,,,,,
,1930,9810487637,,116.4114540,39.9169340,,,,,
,1933,10048963991,,116.4283130,39.9142370,,,,,
,1934,1861654998,,116.4284370,39.9141640,,,,,
,1935,2360241167,,116.3733730,39.8938550,,,,,
,1936,384282197,,116.3755250,39.8940140,,,,,
,1937,384293049,,116.4117310,39.8881750,,,,,
,1938,534571692,,116.4120210,39.8896600,,,,,
,1939,534571740,,116.4116460,39.8879240,,,,,
,1940,12845372258,,116.4221530,39.8859580,,,,,
,1941,384294659,,116.4223760,39.8858580,,,,,
,1942,384294660,,116.4227110,39.8856980,,,,,
,1943,384294661,,116.4230910,39.8855260,,,,,
,1944,384294662,,116.4236060,39.8854080,,,,,
,1945,384294664,,116.4239490,39.8853290,,,,,
,1946,384294666,,116.4243960,39.8853090,,,,,
,1947,734571085,,116.4249060,39.8853100,,,,,
,1948,1982019263,,116.4247680,39.8877490,,,,,
,1949,384301960,,116.4146780,39.8905340,,,,,
,1950,734569878,,116.4146290,39.8909250,,,,,
,1951,384305313,,116.4232700,39.8894400,,,,,
,1952,2480760570,,116.4228230,39.8900030,,,,,
,1953,734571130,,116.4236420,39.8894490,,,,,
,1954,385035338,,116.3681100,39.8952880,,,,,
,1955,9828568408,,116.3681220,39.8941590,,,,,
,1956,385035508,,116.3664430,39.8878210,,,,,
,1957,12927006670,,116.3677710,39.8878310,,,,,
,1958,385036183,,116.3736440,39.8878740,,,,,
,1959,385036342,,116.3816920,39.8881180,,,,,
,1960,1598454373,,116.3823960,39.8881590,,,,,
,1961,385036343,,116.3786090,39.8865720,,,,,
,1962,1599483433,,116.3785760,39.8868160,,,,,
,1963,385036381,,116.3625160,39.8925060,,,,,
,1964,1742670808,,116.3626080,39.8926620,,,,,
,1965,1742670807,,116.3623090,39.8922340,,,,,
,1966,385036382,,116.3627520,39.8930870,,,,,
,1967,1742670810,,116.3627740,39.8932890,,,,,
,1968,1742670809,,116.3626980,39.8928800,,,,,
,1969,385036383,,116.3627730,39.8936140,,,,,
,1970,734169565,,116.3627680,39.8940530,,,,,
,1971,1742670811,,116.3627790,39.8934490,,,,,
,1972,385036384,,116.3627630,39.8945350,,,,,
,1973,2391625267,,116.3627520,39.8952210,,,,,
,1974,385036385,,116.3627520,39.8952610,,,,,
,1975,2391625275,,116.3627490,39.8953450,,,,,
,1976,385036386,,116.3624280,39.8970010,,,,,
,1977,5115865897,,116.3623980,39.8972960,,,,,
,1978,385036668,,116.3625680,39.8962370,,,,,
,1979,385036387,,116.3623740,39.8975340,,,,,
,1980,734170208,,116.3638060,39.8975430,,,,,
,1981,5115865900,,116.3623710,39.8976620,,,,,
,1982,385036805,,116.3627450,39.8954520,,,,,
,1983,385036772,,116.3681040,39.8966490,,,,,
,1984,2391625292,,116.3627460,39.8954130,,,,,
,1985,385036942,,116.3623230,39.8996700,,,,,
,1986,1872565143,,116.3622960,39.9005030,,,,,
,1987,1872565129,,116.3623260,39.8994830,,,,,
,1988,385078864,,116.3675610,39.9151540,,,,,
,1989,2264412971,,116.3675630,39.9150820,,,,,
,1990,6148481716,,116.3709400,39.9176560,,,,,
,1991,385081724,,116.3681090,39.8901940,,,,,
,1992,9828582922,,116.3681230,39.8894060,,,,,
,1993,385081725,,116.3649300,39.8879760,,,,,
,1994,2048161762,,116.3640050,39.8879600,,,,,
,1995,385095396,,116.4287660,39.9142360,,,,,
,1996,9749189635,,116.4287610,39.9143610,,,,,
,1997,390934095,,116.4109040,39.9315540,,,,,
,1998,390934098,,116.4109580,39.9308620,,,,,
,1999,9676622076,,116.3709530,39.9251570,,,,,
,2000,390934149,,116.3742710,39.8910440,,,,,
,2001,734169394,,116.3750770,39.8910340,,,,,
,2002,390934152,,116.4195190,39.9330700,,,,,
,2003,390934176,,116.4062040,39.8869310,,,,,
,2004,12568185895,,116.4060820,39.8869270,,,,,
,2005,12568185897,,116.4062090,39.8868580,,,,,
,2006,390934195,,116.4255130,39.8993340,,,,,
,2007,11059812305,,116.4255180,39.8992510,,,,,
,2008,1195165389,,116.4256890,39.8992190,,,,,
,2014,453047915,,116.4278810,39.9261480,,,,,
,2015,10006479820,signal,116.4259960,39.9260860,,,,,
,2016,1192323478,,116.4279150,39.9254070,,,,,
,2017,453047917,,116.4252680,39.9229770,,,,,
,2018,1859740320,,116.4262880,39.9229760,,,,,
,2019,1449318311,,116.4257360,39.9228470,,,,,
,2020,453047918,,116.4224330,39.9322150,,,,,
,2021,12865318626,,116.4224330,39.9321440,,,,,
,2022,9331602415,,116.4246270,39.9322210,,,,,
,2023,453047919,,116.4256670,39.9322290,,,,,
,2024,1114039010,,116.4257040,39.9321350,,,,,
,2025,10006479830,,116.4259530,39.9322290,,,,,
,2026,453047921,,116.4198360,39.9268410,,,,,
,2027,1840794424,,116.4199840,39.9268530,,,,,
,2028,9705430458,,116.4199750,39.9278370,,,,,
,2029,2383234268,,116.4197050,39.9276040,,,,,
,2030,453047934,,116.4257860,39.9299480,,,,,
,2031,10006479835,signal,116.4258040,39.9281520,,,,,
,2032,453047935,signal,116.4256330,39.9279600,,,,,
,2033,10006448513,,116.4258050,39.9279770,,,,,
,2034,453047936,signal,116.4257480,39.9261920,,,,,
,2035,10006448514,,116.4257430,39.9260740,,,,,
,2036,453047945,,116.4227620,39.9262060,,,,,
,2037,453047947,,116.4235150,39.9262180,,,,,
,2038,453047968,,116.4227760,39.9269120,,,,,
,2039,453047985,,116.4218390,39.9261780,,,,,
,2040,453047950,,116.4236440,39.9260260,,,,,
,2041,733859133,,116.4244360,39.9260560,,,,,
,2042,453047960,,116.4227560,39.9279060,,,,,
,2043,453047962,,116.4232510,39.9279170,,,,,
,2044,453047965,,116.4240190,39.9279310,,,,,
,2045,8958517287,,116.4232470,39.9280730,,,,,
,2046,733859439,,116.4247430,39.9279340,,,,,
,2047,453048031,,116.4240100,39.9283670,,,,,
,2048,453047994,,116.4218060,39.9268990,,,,,
,2049,453047971,,116.4224920,39.9278960,,,,,
,2050,453048025,,116.4224650,39.9283680,,,,,
,2051,453047974,,116.4218130,39.9278700,,,,,
,2052,453047976,,116.4207380,39.9278520,,,,,
,2053,6001341812,,116.4216260,39.9278670,,,,,
,2054,453047997,,116.4207490,39.9268730,,,,,
,2055,453047988,,116.4207530,39.9261680,,,,,
,2056,534075335,,116.4218890,39.9238820,,,,,
,2057,1840794423,,116.4200190,39.9261480,,,,,
,2058,733859009,,116.4224450,39.9288970,,,,,
,2059,453048061,,116.4232350,39.9283580,,,,,
,2060,453048028,,116.4224360,39.9314070,,,,,
,2061,733859014,,116.4224360,39.9301730,,,,,
,2062,453048054,,116.4236130,39.9313890,,,,,
,2063,733860093,,116.4240230,39.9286950,,,,,
,2064,453048034,,116.4240290,39.9288720,,,,,
,2065,453048038,,116.4241560,39.9290250,,,,,
,2066,453048042,,116.4241560,39.9308870,,,,,
,2067,3564869853,,116.4241820,39.9313820,,,,,
,2068,8958517286,,116.4232370,39.9283100,,,,,
,2069,453048063,,116.4232460,39.9281300,,,,,
,2070,459580275,,116.3730680,39.8970400,,,,,
,2071,459580978,,116.3755230,39.8972100,,,,,
,2072,459582634,,116.3715180,39.8969810,,,,,
,2073,734169473,,116.3731320,39.8965810,,,,,
,2074,459580974,,116.3756300,39.8949460,,,,,
,2075,734169367,,116.3755740,39.8959890,,,,,
,2076,5115804966,,116.3754060,39.8948700,,,,,
,2077,459582626,,116.3683050,39.8966100,,,,,
,2078,13277592250,,116.3685210,39.8966230,,,,,
,2079,459582629,,116.3694610,39.8966810,,,,,
,2080,459582632,,116.3698480,39.8967060,,,,,
,2081,598404762,,116.3702760,39.8968020,,,,,
,2082,734170188,,116.3708340,39.8969230,,,,,
,2083,459582637,,116.3733570,39.8949600,,,,,
,2084,734170245,,116.3732460,39.8958300,,,,,
,2085,733859183,,116.4275230,39.9170260,,,,,
,2086,491864178,,116.4281040,39.9170420,,,,,
,2087,491864179,,116.4283100,39.9170470,,,,,
,2088,1192323517,signal,116.4283670,39.9157100,,,,,
,2089,491864181,,116.4228830,39.9127730,,,,,
,2090,733858891,,116.4233270,39.9126500,,,,,
,2091,733858914,,116.4211980,39.9128480,,,,,
,2092,733858793,,116.4228740,39.9121100,,,,,
,2093,491864182,,116.4228810,39.9114390,,,,,
,2094,733858974,,116.4218930,39.9114250,,,,,
,2095,733859264,,116.4261310,39.9107400,,,,,
,2096,10048964003,,116.4287860,39.9077620,,,,,
,2097,733858995,,116.4272350,39.9092940,,,,,
,2098,491864188,,116.4272220,39.9071960,,,,,
,2100,9120157558,,116.3685020,39.8878240,,,,,
,2101,4720797554,,116.4013630,39.8915400,,,,,
,2102,528980369,,116.4325890,39.9020530,,,,,
,2103,13305599394,,116.4325880,39.9021300,,,,,
,2104,9045283621,,116.4309360,39.9020710,,,,,
,2105,529974443,,116.4304570,39.9010620,,,,,
,2106,6286241961,,116.4305110,39.9015730,,,,,
,2107,529974444,,116.4303500,39.9002100,,,,,
,2108,12387726314,,116.4304000,39.9006840,,,,,
,2109,529974445,,116.4303600,39.8999640,,,,,
,2110,529974447,,116.4309280,39.8990650,,,,,
,2111,1195165495,,116.4306980,39.8992830,,,,,
,2112,529974448,,116.4312460,39.8988360,,,,,
,2113,529974449,,116.4315000,39.8987100,,,,,
,2114,529974450,,116.4322220,39.8984980,,,,,
,2115,10048983147,,116.4317800,39.8986310,,,,,
,2116,530636022,,116.4252750,39.9142490,,,,,
,2117,1861654996,,116.4252750,39.9141620,,,,,
,2118,10816280204,,116.4252720,39.9143130,,,,,
,2119,533627601,,116.4001030,39.9209790,,,,,
,2120,10006999396,,116.4000240,39.9209760,,,,,
,2121,9327650440,,116.4000980,39.9211810,,,,,
,2122,533627660,signal,116.4001820,39.9184920,,,,,
,2123,533627629,,116.3979230,39.9209130,,,,,
,2124,533627631,,116.3979090,39.9216280,,,,,
,2125,533627646,,116.3985870,39.9209340,,,,,
,2126,9495769212,,116.3978700,39.9219100,,,,,
,2127,533627632,,116.3978160,39.9222990,,,,,
,2128,533627633,,116.3975060,39.9223050,,,,,
,2129,9385360317,,116.3974610,39.9226150,,,,,
,2130,533627680,,116.3987570,39.9184630,,,,,
,2131,533627648,,116.3965050,39.9183990,,,,,
,2132,533627718,,116.3964280,39.9195200,,,,,
,2133,733788546,,116.3966070,39.9165540,,,,,
,2134,10006999394,,116.4000960,39.9184910,,,,,
,2135,9327650443,,116.4002130,39.9178960,,,,,
,2136,9694992470,,116.3980900,39.9184440,,,,,
,2137,9495822935,,116.3964060,39.9199210,,,,,
,2138,533627725,,116.3973920,39.9184160,,,,,
,2139,533627742,,116.3975370,39.9184240,,,,,
,2140,733789030,,116.3975570,39.9179810,,,,,
,2141,6105465185,,116.3973510,39.9142820,,,,,
,2142,6095049170,,116.3983600,39.9138140,,,,,
,2143,533627837,,116.3975640,39.9176390,,,,,
,2144,733788204,,116.3975390,39.9174680,,,,,
,2145,533627841,,116.3976500,39.9160160,,,,,
,2146,533627843,,116.3979600,39.9160110,,,,,
,2147,733788699,,116.3976420,39.9163180,,,,,
,2148,733788883,,116.3976500,39.9157450,,,,,
,2149,533627844,,116.3979940,39.9145250,,,,,
,2150,733789236,,116.3981200,39.9160120,,,,,
,2151,533627845,,116.3976960,39.9145200,,,,,
,2152,533627846,,116.3977040,39.9144090,,,,,
,2153,533627848,,116.3973100,39.9144080,,,,,
,2154,6105464784,,116.3973320,39.9143010,,,,,
,2155,533628252,,116.4005070,39.9083880,,,,,
,2156,9327598732,,116.4005150,39.9085230,,,,,
,2157,533628789,signal,116.4005040,39.9082110,,,,,
,2158,533628569,,116.4017190,39.9079010,,,,,
,2159,733859781,,116.4026640,39.9079160,,,,,
,2160,12492811791,,116.4016560,39.9079070,,,,,
,2161,533628571,,116.4011360,39.9082190,,,,,
,2162,12492811788,,116.4011220,39.9082970,,,,,
,2163,733858963,,116.4015240,39.9079440,,,,,
,2164,6448666062,,116.4004490,39.9074910,,,,,
,2165,2264440907,,116.3673820,39.9199000,,,,,
,2166,533639180,,116.3711340,39.9203550,,,,,
,2167,5077442685,,116.3711300,39.9204030,,,,,
,2168,9827021443,,116.3711370,39.9202200,,,,,
,2169,533647891,,116.3677760,39.9037390,,,,,
,2170,10316801441,,116.3676650,39.9037320,,,,,
,2171,2010656160,,116.3677910,39.9031680,,,,,
,2172,533647895,,116.3656060,39.9025940,,,,,
,2173,9669638002,,116.3667480,39.9025970,,,,,
,2174,533647980,,116.3657190,39.9057050,,,,,
,2175,533648145,,116.3777060,39.9035520,,,,,
,2176,13090489578,,116.3776420,39.9036760,,,,,
,2177,13568373644,,116.3777250,39.9034790,,,,,
,2178,533648147,,116.3775300,39.9038080,,,,,
,2179,13094030841,,116.3774580,39.9038760,,,,,
,2180,13568373646,,116.3775850,39.9037470,,,,,
,2181,533648148,,116.3773120,39.9039900,,,,,
,2182,9676639631,,116.3771910,39.9040730,,,,,
,2183,13568373650,,116.3773840,39.9039360,,,,,
,2184,533648149,,116.3766480,39.9045040,,,,,
,2185,13568373648,,116.3766160,39.9045540,,,,,
,2186,13568373649,,116.3766890,39.9044560,,,,,
,2187,533648150,,116.3765710,39.9050840,,,,,
,2188,13568373641,,116.3765710,39.9051140,,,,,
,2189,9097599014,,116.3765680,39.9047130,,,,,
,2190,533650673,,116.3879790,39.9014520,,,,,
,2191,5098449220,,116.3882010,39.9014590,,,,,
,2192,5098449224,,116.3877960,39.9014480,,,,,
,2193,5098449222,,116.3879910,39.9013280,,,,,
,2194,533650827,,116.3880400,39.9004770,,,,,
,2195,6100273177,,116.3886810,39.9004840,,,,,
,2196,533651392,,116.4076810,39.9024600,,,,,
,2197,533651394,,116.4054460,39.9022880,,,,,
,2198,4716204707,,116.4077360,39.9017090,,,,,
,2199,10968957565,,116.4054550,39.9021280,,,,,
,2200,3725833879,,116.4053790,39.9034290,,,,,
,2201,533651768,,116.4156910,39.9014020,,,,,
,2202,1841773248,,116.4155720,39.9014970,,,,,
,2203,1841773240,,116.4150080,39.9008750,,,,,
,2204,533651940,,116.4154370,39.9016040,,,,,
,2205,533651943,,116.4133320,39.9024150,,,,,
,2206,533651946,,116.4121220,39.9028930,,,,,
,2207,2056622413,,116.4121140,39.9030600,,,,,
,2208,4715460438,,116.4099580,39.9018400,,,,,
,2209,533652025,,116.4098240,39.9067130,,,,,
,2210,733967509,,116.4098780,39.9047660,,,,,
,2211,12818453309,,116.4036290,39.8983120,,,,,
,2212,533654379,,116.3965050,39.8980870,,,,,
,2213,533654382,,116.3958270,39.8980950,,,,,
,2214,533654384,,116.3948620,39.8979760,,,,,
,2215,533654386,,116.3938150,39.8976830,,,,,
,2216,533655398,signal,116.3837070,39.8849230,,,,,
,2217,734418736,,116.3836880,39.8858170,,,,,
,2218,734418667,,116.3829820,39.8849090,,,,,
,2219,9664782644,,116.3855810,39.8849590,,,,,
,2220,534074613,,116.4228330,39.9351160,,,,,
,2221,534074614,,116.4255490,39.9352040,,,,,
,2222,733967201,,116.4222410,39.9350970,,,,,
,2223,733967324,,116.4228460,39.9343440,,,,,
,2224,733967456,,116.4227870,39.9359700,,,,,
,2225,733967532,,116.4255970,39.9343670,,,,,
,2226,10701175769,,116.4274460,39.9352700,,,,,
,2227,534074615,,116.4275370,39.9352730,,,,,
,2228,1192323464,,116.4275750,39.9346870,,,,,
,2229,1840701843,,116.4277100,39.9350710,,,,,
,2230,1840794422,,116.4200280,39.9238730,,,,,
,2231,534075423,,116.4257860,39.9178250,,,,,
,2232,10816280182,,116.4257820,39.9180390,,,,,
,2233,534075531,,116.4305400,39.9103610,,,,,
,2234,534075573,,116.4326260,39.9103810,,,,,
,2235,3500734699,,116.4304790,39.9102950,,,,,
,2236,3894775916,,116.4324850,39.9270990,,,,,
,2237,534079898,,116.4297030,39.9028130,,,,,
,2238,534079899,,116.4297400,39.9026000,,,,,
,2239,12387726321,,116.4298000,39.9024560,,,,,
,2240,534079900,,116.4298770,39.9023770,,,,,
,2241,534079901,,116.4300550,39.9021810,,,,,
,2242,534079902,,116.4302920,39.9020520,,,,,
,2243,1634491236,,116.4306010,39.9019820,,,,,
,2244,534082353,,116.3951700,39.8952020,,,,,
,2245,3729748203,,116.3956520,39.8953750,,,,,
,2246,534083607,,116.4090410,39.8923240,,,,,
,2247,734520421,,116.4090780,39.8938680,,,,,
,2248,1598502588,,116.4090910,39.8917440,,,,,
,2249,1598502643,,116.4061320,39.8922550,,,,,
,2250,734520995,,116.4097910,39.8923630,,,,,
,2251,534084497,,116.3933160,39.9015520,,,,,
,2252,1687056656,,116.3933040,39.9018330,,,,,
,2253,1687056654,,116.3935780,39.9015580,,,,,
,2254,534084511,,116.3946250,39.9015790,,,,,
,2255,6448207504,,116.3937630,39.9015620,,,,,
,2256,534085707,signal,116.3720720,39.9005390,,,,,
,2257,8575495048,,116.3720700,39.9006350,,,,,
,2258,8575495046,,116.3722150,39.9005350,,,,,
,2259,8575495045,,116.3719380,39.9005430,,,,,
,2260,534571385,,116.4082940,39.8869830,,,,,
,2261,734520961,,116.4072770,39.8869490,,,,,
,2262,534571734,,116.4120380,39.8901910,,,,,
,2263,534571694,,116.4120690,39.8907840,,,,,
,2264,4720777069,,116.4120370,39.8902560,,,,,
,2265,4720777071,,116.4120670,39.8908860,,,,,
,2266,534571741,,116.4126810,39.8877260,,,,,
,2267,1622356070,,116.4125130,39.8877430,,,,,
,2268,9699785059,,116.4126830,39.8876750,,,,,
,2269,598404754,,116.3683160,39.8914430,,,,,
,2270,13277592247,,116.3685190,39.8914360,,,,,
,2271,3455527443,,116.3683200,39.8917410,,,,,
,2272,598404755,,116.3711770,39.8913420,,,,,
,2273,4740890615,,116.3733780,39.8913700,,,,,
,2274,598404760,,116.3704170,39.8913850,,,,,
,2275,4740890614,,116.3734670,39.8880730,,,,,
,2276,734169851,,116.3735910,39.8881950,,,,,
,2277,2360241136,,116.3703180,39.8914900,,,,,
,2278,734169360,,116.3704890,39.8905530,,,,,
,2279,734169488,,116.3691420,39.8914180,,,,,
,2280,598404761,,116.3702220,39.8958440,,,,,
,2281,1622378097,,116.3702770,39.8966660,,,,,
,2282,734169568,,116.3703080,39.8938310,,,,,
,2283,701760181,,116.4308130,39.9018120,,,,,
,2284,6137240778,,116.4321520,39.9018000,,,,,
,2285,701760185,,116.4307030,39.9017860,,,,,
,2286,701760189,,116.4306180,39.9017400,,,,,
,2287,701760194,,116.4305490,39.9016460,,,,,
,2288,701760288,,116.4303520,39.9068620,,,,,
,2289,1300406535,,116.4305080,39.9069680,,,,,
,2290,701760291,,116.4303650,39.9023300,,,,,
,2291,701760293,,116.4303100,39.9024500,,,,,
,2292,12387726320,,116.4302400,39.9027780,,,,,
,2293,701760294,,116.4302240,39.9028850,,,,,
,2294,1645754031,,116.4301240,39.9034200,,,,,
,2295,701760296,,116.4299120,39.9047430,,,,,
,2296,12387653595,,116.4299160,39.9048390,,,,,
,2297,701760297,,116.4299830,39.9050800,,,,,
,2298,2504935198,,116.4300480,39.9052010,,,,,
,2299,701760298,,116.4302960,39.9057120,,,,,
,2300,2504935205,,116.4303300,39.9059960,,,,,
,2301,701760299,,116.4303230,39.9067420,,,,,
,2302,4716312221,,116.4303260,39.9067830,,,,,
,2303,733788129,,116.3947560,39.9228720,,,,,
,2304,1480544868,,116.3946210,39.9228720,,,,,
,2305,733788443,,116.3957340,39.9228830,,,,,
,2306,7826187279,,116.3947300,39.9234720,,,,,
,2307,733788207,,116.3997190,39.9119810,,,,,
,2308,9327598729,,116.4004900,39.9125120,,,,,
,2309,733788144,,116.3927140,39.9307830,,,,,
,2310,733788702,,116.3925690,39.9306970,,,,,
,2311,733788159,,116.3990680,39.9134680,,,,,
,2312,1858572387,,116.3990070,39.9133680,,,,,
,2313,1861798592,,116.3932070,39.9260240,,,,,
,2314,733788166,,116.3939470,39.9290840,,,,,
,2315,733788504,,116.3938950,39.9296730,,,,,
,2316,733788169,,116.3988420,39.9138360,,,,,
,2317,733789314,,116.3987940,39.9144500,,,,,
,2318,733788175,,116.3987250,39.9274230,,,,,
,2319,733788533,,116.3987660,39.9265560,,,,,
,2320,733789263,,116.3985930,39.9275200,,,,,
,2321,733788184,,116.3994320,39.9107670,,,,,
,2322,6105484362,,116.3994250,39.9112010,,,,,
,2323,733788474,,116.3989980,39.9107680,,,,,
,2324,733788186,,116.3941560,39.9232750,,,,,
,2325,733788801,,116.3941750,39.9228870,,,,,
,2326,733789010,,116.3940870,39.9234320,,,,,
,2327,733788187,,116.3909010,39.9303010,,,,,
,2328,733788825,,116.3908950,39.9306590,,,,,
,2329,733789013,,116.3909230,39.9300620,,,,,
,2330,6105458608,,116.3975520,39.9171860,,,,,
,2331,733788541,,116.3993720,39.9119730,,,,,
,2332,733788215,,116.3930760,39.9306950,,,,,
,2333,733788764,,116.3930690,39.9303110,,,,,
,2334,733788221,,116.3989180,39.9228680,,,,,
,2335,733788572,,116.3989440,39.9221230,,,,,
,2336,2383255452,,116.3987310,39.9228630,,,,,
,2337,8958237017,,116.3989610,39.9228680,,,,,
,2338,733788222,,116.3995530,39.9152460,,,,,
,2339,733788868,,116.3995530,39.9144500,,,,,
,2340,10274394484,,116.4002140,39.9152630,,,,,
,2341,733788234,,116.3965070,39.9229690,,,,,
,2342,733789101,,116.3960410,39.9229420,,,,,
,2343,733788263,,116.3969070,39.9102530,,,,,
,2344,5908244201,,116.3968870,39.9106430,,,,,
,2345,733788794,,116.3969440,39.9094920,,,,,
,2346,733788275,,116.3854310,39.9219820,,,,,
,2347,5098358067,,116.3854370,39.9218060,,,,,
,2348,733788283,,116.3985750,39.9221200,,,,,
,2349,733788292,,116.3969580,39.9092120,,,,,
,2350,733789032,,116.3970140,39.9080700,,,,,
,2351,733788300,,116.3990100,39.9277620,,,,,
,2352,733788620,,116.3985860,39.9277490,,,,,
,2353,11252154031,,116.3996820,39.9277750,,,,,
,2354,733788318,,116.3990940,39.9289950,,,,,
,2355,11252154032,,116.3996300,39.9289680,,,,,
,2356,733788320,,116.3989890,39.9114740,,,,,
,2357,6095000287,,116.3986250,39.9114500,,,,,
,2358,6105484375,,116.3989940,39.9112020,,,,,
,2359,733789278,,116.3990100,39.9115500,,,,,
,2360,733788323,,116.3920850,39.9300920,,,,,
,2361,733789279,,116.3920850,39.9302920,,,,,
,2362,733788346,,116.3990450,39.9216780,,,,,
,2363,733788510,,116.3986020,39.9216730,,,,,
,2364,733789310,,116.3990300,39.9221220,,,,,
,2365,733788654,,116.3992310,39.9216780,,,,,
,2366,733788348,,116.3901180,39.9304630,,,,,
,2367,1858572407,,116.3901140,39.9305660,,,,,
,2368,1858572406,,116.3901390,39.9300130,,,,,
,2369,733788437,,116.3997680,39.9277770,,,,,
,2370,9327681291,,116.3997520,39.9279230,,,,,
,2371,9327681293,,116.3997900,39.9273190,,,,,
,2372,733788439,,116.3968250,39.9113730,,,,,
,2373,733789002,,116.3972260,39.9113880,,,,,
,2374,6094979043,,116.3967920,39.9121370,,,,,
,2375,733788452,,116.3846520,39.9069670,,,,,
,2376,6105550935,,116.3854910,39.9069840,,,,,
,2377,6105500928,,116.3846080,39.9078600,,,,,
,2378,733788459,,116.3976170,39.9167380,,,,,
,2379,733788554,,116.3975960,39.9170260,,,,,
,2380,733789019,,116.3971430,39.9167130,,,,,
,2381,733789098,,116.3984880,39.9107600,,,,,
,2382,733788484,,116.3929100,39.9313610,,,,,
,2383,733789207,,116.3927700,39.9313570,,,,,
,2384,733788491,,116.3930970,39.9290520,,,,,
,2385,733789219,,116.3930900,39.9296290,,,,,
,2386,733788602,,116.3987840,39.9263740,,,,,
,2387,8958225988,,116.3996180,39.9265620,,,,,
,2388,733788556,,116.3991990,39.9119700,,,,,
,2389,733788640,,116.3971450,39.9165630,,,,,
,2390,6095075404,,116.3992470,39.9170490,,,,,
,2391,1980072175,,116.3990910,39.9119650,,,,,
,2392,2482565173,,116.3931980,39.9262220,,,,,
,2393,733788575,,116.3981200,39.9162650,,,,,
,2394,733788986,,116.3993180,39.9162800,,,,,
,2395,733788595,,116.3998280,39.9265640,,,,,
,2396,8958225989,,116.3998240,39.9266400,,,,,
,2397,8958225991,,116.3998760,39.9258590,,,,,
,2398,11252154028,,116.3997440,39.9265630,,,,,
,2399,9119424733,,116.3978680,39.9263380,,,,,
,2400,733788616,,116.3854850,39.9092560,,,,,
,2401,6111475091,,116.3855770,39.9080980,,,,,
,2402,6098799664,,116.3854470,39.9097980,,,,,
,2403,733789336,,116.3985160,39.9283400,,,,,
,2404,733789194,,116.3971730,39.9162980,,,,,
,2405,733788768,,116.3992260,39.9216480,,,,,
,2406,733788681,,116.3985040,39.9103470,,,,,
,2407,733788691,,116.3984820,39.9108460,,,,,
,2408,733788810,,116.3984760,39.9114440,,,,,
,2409,733788697,,116.3997060,39.9289640,,,,,
,2410,5826135563,,116.3996440,39.9301800,,,,,
,2411,733858971,,116.3997250,39.9285940,,,,,
,2412,733789195,,116.3925800,39.9302880,,,,,
,2413,733788705,,116.3901110,39.9306340,,,,,
,2414,733788712,,116.3991990,39.9221350,,,,,
,2415,11252154023,,116.3999710,39.9221450,,,,,
,2416,11252154024,,116.3999920,39.9216640,,,,,
,2417,733789254,,116.3942620,39.9228820,,,,,
,2418,733788806,,116.3856180,39.9069870,,,,,
,2419,733788907,signal,116.3856490,39.9068050,,,,,
,2420,9378895553,,116.3856060,39.9073100,,,,,
,2421,1980072136,,116.3983170,39.9114370,,,,,
,2422,733788828,,116.3924790,39.9313560,,,,,
,2423,733789067,,116.3920910,39.9270440,,,,,
,2424,6013587610,,116.3856750,39.9065600,,,,,
,2425,733788929,,116.3940650,39.9239310,,,,,
,2426,7826187280,,116.3947640,39.9235210,,,,,
,2427,4376589743,,116.3945130,39.9257020,,,,,
,2428,733788941,,116.3979470,39.9114200,,,,,
,2429,733788949,,116.3873750,39.9256500,,,,,
,2430,2006906766,,116.3873460,39.9262250,,,,,
,2431,733788966,,116.4000760,39.9221470,,,,,
,2432,12876506881,,116.4000420,39.9227380,,,,,
,2433,733789223,,116.4000840,39.9216660,,,,,
,2434,9119424734,,116.3976660,39.9263320,,,,,
,2435,733789186,,116.3972710,39.9108300,,,,,
,2436,6448666076,,116.3970230,39.9078990,,,,,
,2437,6132199053,,116.3922960,39.9270460,,,,,
,2438,733789081,,116.4003230,39.9152650,,,,,
,2439,5077167959,,116.4002810,39.9161430,,,,,
,2440,9327607685,,116.4003510,39.9144150,,,,,
,2441,1861798518,,116.3901650,39.9294570,,,,,
,2442,9327650441,,116.4000930,39.9213760,,,,,
,2443,733789275,signal,116.4002570,39.9170400,,,,,
,2444,1858572389,,116.4001590,39.9170640,,,,,
,2445,9327650444,,116.4002190,39.9177170,,,,,
,2446,6094988967,,116.3990440,39.9116460,,,,,
,2447,733789295,,116.3970390,39.9075740,,,,,
,2448,6448666067,,116.3970480,39.9073950,,,,,
,2449,733858789,,116.4026210,39.9091940,,,,,
,2450,8809675582,,116.4027520,39.9091880,,,,,
,2451,6297236905,,116.4026270,39.9090200,,,,,
,2452,8809675580,,116.4026160,39.9092840,,,,,
,2453,8809675581,,116.4024310,39.9091900,,,,,
,2454,733860045,,116.4011620,39.9284930,,,,,
,2455,733859166,,116.4212150,39.9121410,,,,,
,2456,12606330345,,116.4072170,39.9264380,,,,,
,2457,733858800,,116.4014900,39.9285210,,,,,
,2458,733859080,,116.4027420,39.9284920,,,,,
,2459,733859249,,116.4012280,39.9286220,,,,,
,2460,733858801,,116.4143700,39.9146830,,,,,
,2461,733858861,,116.4143010,39.9148120,,,,,
,2462,8559502662,,116.4143930,39.9145900,,,,,
,2463,733858803,,116.4243750,39.9189220,,,,,
,2464,733858867,,116.4242490,39.9189190,,,,,
,2465,733859391,,116.4243890,39.9192800,,,,,
,2466,733858804,,116.4036220,39.9181730,,,,,
,2467,733859097,,116.4036920,39.9170840,,,,,
,2468,733858808,,116.4150750,39.9088130,,,,,
,2469,733858922,,116.4150750,39.9092600,,,,,
,2470,733858810,,116.4208460,39.9181040,,,,,
,2471,4727068662,,116.4208630,39.9178330,,,,,
,2472,733859692,,116.4209540,39.9181600,,,,,
,2473,733858811,,116.4044930,39.9155010,,,,,
,2474,733859694,,116.4039030,39.9155030,,,,,
,2475,733858814,,116.4178630,39.9229240,,,,,
,2476,1449318304,,116.4178820,39.9228100,,,,,
,2477,9705432739,,116.4180500,39.9229250,,,,,
,2478,733858820,,116.4081840,39.9143390,,,,,
,2479,733859836,,116.4081780,39.9141390,,,,,
,2480,733859008,,116.4081930,39.9148200,,,,,
,2481,733859063,,116.4073410,39.9143330,,,,,
,2482,733858822,,116.4021920,39.9128720,,,,,
,2483,733860080,,116.4022010,39.9126400,,,,,
,2484,733858823,,116.4037060,39.9201380,,,,,
,2485,733858883,,116.4044240,39.9201600,,,,,
,2486,733859734,,116.4033470,39.9198970,,,,,
,2488,10816313310,,116.4222950,39.9143090,,,,,
,2489,733858827,,116.4214140,39.9212930,,,,,
,2490,4697741744,,116.4214570,39.9207180,,,,,
,2491,733859786,,116.4213950,39.9216340,,,,,
,2492,733859071,,116.4233140,39.9212990,,,,,
,2493,733858830,,116.4231980,39.9138310,,,,,
,2494,733859066,,116.4231200,39.9136800,,,,,
,2495,10816313307,,116.4231960,39.9140890,,,,,
,2496,733858832,,116.4167210,39.9142310,,,,,
,2497,733859677,,116.4144040,39.9142370,,,,,
,2498,8559502657,,116.4167400,39.9141480,,,,,
,2499,733858833,,116.4059170,39.9243050,,,,,
,2500,733859070,,116.4060210,39.9242140,,,,,
,2501,733859079,,116.4059100,39.9244910,,,,,
,2502,733858838,,116.4100830,39.9180050,,,,,
,2503,733858898,,116.4101950,39.9178470,,,,,
,2504,733859754,,116.4096380,39.9180110,,,,,
,2505,733858840,,116.4004750,39.9239830,,,,,
,2506,733860099,,116.4004300,39.9252530,,,,,
,2507,1860131873,,116.4028250,39.9283520,,,,,
,2508,733859018,,116.4041830,39.9290570,,,,,
,2509,733858846,,116.4020170,39.9216010,,,,,
,2510,733859076,,116.4019670,39.9214740,,,,,
,2511,733860097,,116.4020320,39.9221990,,,,,
,2512,733859086,,116.4010970,39.9215720,,,,,
,2513,733858848,,116.4232610,39.9181760,,,,,
,2514,733859089,,116.4232420,39.9184760,,,,,
,2515,733859251,,116.4242460,39.9181950,,,,,
,2516,733859036,,116.4252600,39.9126240,,,,,
,2517,733859783,,116.4235760,39.9121180,,,,,
,2518,733859688,,116.4150830,39.9101620,,,,,
,2519,733858912,,116.4154300,39.9106650,,,,,
,2520,733858856,,116.4235340,39.9185430,,,,,
,2521,733858921,,116.4234020,39.9184790,,,,,
,2522,733859809,,116.4242530,39.9185480,,,,,
,2523,733858857,,116.4248250,39.9220560,,,,,
,2524,3564869838,,116.4235430,39.9220490,,,,,
,2525,733859259,,116.4257430,39.9220820,,,,,
,2526,733859437,,116.4248480,39.9215200,,,,,
,2527,5138684853,,116.4142120,39.9149740,,,,,
,2528,733858863,,116.4242710,39.9181120,,,,,
,2529,733859369,,116.4242700,39.9177850,,,,,
,2530,733858865,,116.4215270,39.9205510,,,,,
,2531,733858934,,116.4215080,39.9198590,,,,,
,2532,733859416,,116.4236580,39.9205590,,,,,
,2533,733859108,,116.4232590,39.9189030,,,,,
,2534,733858868,,116.4167300,39.9238300,,,,,
,2535,733859110,,116.4167150,39.9240080,,,,,
,2536,733858928,,116.4171780,39.9238260,,,,,
,2537,733858871,,116.4257630,39.9192960,,,,,
,2538,733859405,,116.4257470,39.9206110,,,,,
,2539,733858873,,116.4215410,39.9193820,,,,,
,2540,733859114,,116.4213740,39.9193720,,,,,
,2541,733858875,,116.4073980,39.9172390,,,,,
,2542,733858983,,116.4075450,39.9172410,,,,,
,2543,2383255474,,116.4066020,39.9172080,,,,,
,2544,733859732,,116.4246260,39.9100980,,,,,
,2545,733859058,,116.4260510,39.9101930,,,,,
,2546,733858943,,116.4044460,39.9194360,,,,,
,2547,7419678745,,116.4046470,39.9201630,,,,,
,2548,733859129,,116.4209800,39.9172530,,,,,
,2549,733859978,,116.4220290,39.9177880,,,,,
,2550,733858885,,116.4236620,39.9209080,,,,,
,2551,733860021,,116.4245000,39.9208930,,,,,
,2552,733859792,,116.4235550,39.9126220,,,,,
,2553,733858893,,116.4005680,39.9096300,,,,,
,2554,733859140,,116.4011030,39.9096280,,,,,
,2555,7825536647,,116.4005580,39.9098200,,,,,
,2556,9327598731,,116.4005600,39.9094170,,,,,
,2557,733858896,,116.4168300,39.9134990,,,,,
,2558,733858958,,116.4168810,39.9135700,,,,,
,2559,1999500524,,116.4143850,39.9134740,,,,,
,2560,733859147,,116.4102030,39.9173540,,,,,
,2561,6007826881,,116.4165480,39.9128090,,,,,
,2562,6007826882,,116.4165190,39.9106880,,,,,
,2563,733858919,,116.4041270,39.9091140,,,,,
,2564,6297236904,,116.4039020,39.9091350,,,,,
,2565,2455736046,,116.4043370,39.9091210,,,,,
,2566,733858920,,116.4136290,39.9170200,,,,,
,2567,733860053,,116.4136730,39.9156040,,,,,
,2568,9810487657,,116.4151740,39.9170340,,,,,
,2569,1999500519,,116.4150800,39.9097370,,,,,
,2570,733858981,,116.4261330,39.9113110,,,,,
,2571,1449318355,,116.4171920,39.9231640,,,,,
,2572,8958517271,,116.4207840,39.9198700,,,,,
,2573,733858992,,116.4244020,39.9198540,,,,,
,2574,733858942,,116.4019040,39.9123070,,,,,
,2575,733860029,,116.4037200,39.9194090,,,,,
,2576,7419678740,,116.4046770,39.9194430,,,,,
,2577,733858944,,116.4248540,39.9212020,,,,,
,2578,733858946,,116.4246280,39.9097030,,,,,
,2579,733859202,,116.4260490,39.9097240,,,,,
,2580,733858948,,116.4032720,39.9197360,,,,,
,2581,733859422,,116.4035590,39.9195270,,,,,
,2582,733858950,,116.4284070,39.9150890,,,,,
,2583,733858954,,116.4215500,39.9307320,,,,,
,2584,733859334,,116.4215270,39.9301930,,,,,
,2585,733858955,,116.4005670,39.9101840,,,,,
,2586,733859742,,116.4010760,39.9101840,,,,,
,2587,733859219,,116.4168540,39.9138020,,,,,
,2588,12492811790,,116.4015920,39.9079180,,,,,
,2589,733858967,,116.4098290,39.9220520,,,,,
,2590,733859241,,116.4097230,39.9218980,,,,,
,2591,1449318286,,116.4098170,39.9227480,,,,,
,2592,733858968,,116.4072030,39.9245000,,,,,
,2593,12833623601,,116.4072000,39.9240600,,,,,
,2594,733859337,,116.4072010,39.9250710,,,,,
,2595,12833623626,,116.4063400,39.9244940,,,,,
,2596,733858969,,116.4107270,39.9141550,,,,,
,2597,733859361,,116.4086960,39.9141420,,,,,
,2598,12543092602,,116.4113710,39.9141590,,,,,
,2599,733859948,,116.4002740,39.9286110,,,,,
,2600,6789475559,,116.3997380,39.9283510,,,,,
,2601,733859253,,116.4212220,39.9114170,,,,,
,2602,733859254,,116.4218920,39.9107090,,,,,
,2603,733860065,,116.4075070,39.9187600,,,,,
,2604,10733055556,,116.4096870,39.9173320,,,,,
,2605,733858986,,116.4278970,39.9206790,,,,,
,2606,4096961122,,116.4271580,39.9206730,,,,,
,2607,6001094057,,116.4280550,39.9208410,,,,,
,2608,733858987,,116.4049270,39.9149540,,,,,
,2609,12531360004,,116.4046900,39.9149520,,,,,
,2610,733859060,,116.4161130,39.9078020,,,,,
,2611,4697741891,,116.4244290,39.9203720,,,,,
,2612,733858993,,116.4095300,39.9091940,,,,,
,2613,733859007,,116.4091980,39.9091980,,,,,
,2614,2382672726,,116.4109550,39.9091800,,,,,
,2615,1189531109,,116.4272200,39.9086620,,,,,
,2616,733859001,,116.4199150,39.9238750,,,,,
,2618,733859003,,116.4160100,39.9221280,,,,,
,2619,733859850,,116.4160260,39.9216770,,,,,
,2620,1449318299,,116.4159830,39.9227930,,,,,
,2621,733859004,,116.4065380,39.9102530,,,,,
,2622,733859128,,116.4065760,39.9091930,,,,,
,2623,733859846,,116.4085460,39.9148260,,,,,
,2624,733860027,,116.4214820,39.9289090,,,,,
,2625,733859011,,116.4185460,39.9135120,,,,,
,2626,733859323,,116.4204160,39.9135370,,,,,
,2627,733859750,,116.4184890,39.9138540,,,,,
,2628,733859012,,116.4232770,39.9216410,,,,,
,2629,733859095,,116.4232950,39.9220330,,,,,
,2630,733859016,,116.4045320,39.9244870,,,,,
,2631,9327676964,,116.4045430,39.9242830,,,,,
,2632,2626599433,,116.4044780,39.9257010,,,,,
,2633,733860039,,116.4041400,39.9294440,,,,,
,2634,733859019,,116.4262700,39.9123600,,,,,
,2635,733859081,,116.4259450,39.9125540,,,,,
,2636,733859020,,116.4025320,39.9106210,,,,,
,2637,8809675583,,116.4025510,39.9104990,,,,,
,2638,8809675586,,116.4027130,39.9106340,,,,,
,2639,8809675584,,116.4023140,39.9106270,,,,,
,2640,733859025,,116.4252490,39.9128140,,,,,
,2641,733859340,,116.4252760,39.9135790,,,,,
,2642,12876983183,,116.4109980,39.9228780,,,,,
,2643,733859031,,116.4010960,39.9091650,,,,,
,2644,12492811789,,116.4011170,39.9083520,,,,,
,2645,8809675593,,116.4011950,39.9091630,,,,,
,2646,733859032,,116.4178540,39.9102150,,,,,
,2647,733859950,,116.4179300,39.9095510,,,,,
,2648,3141754809,,116.4179400,39.9102560,,,,,
,2649,733859046,,116.4223120,39.9188700,,,,,
,2650,733859171,,116.4223190,39.9184770,,,,,
,2651,733859050,,116.4210780,39.9183400,,,,,
,2652,733859397,,116.4209810,39.9183050,,,,,
,2653,733859823,,116.4211380,39.9187120,,,,,
,2654,733859055,,116.4178820,39.9219140,,,,,
,2655,733859111,,116.4175710,39.9219150,,,,,
,2656,733859122,,116.4186260,39.9219380,,,,,
,2657,733859056,,116.4067990,39.9162560,,,,,
,2658,733859995,,116.4060120,39.9162300,,,,,
,2659,8809675564,,116.4161100,39.9072040,,,,,
,2660,733859669,,116.4073480,39.9141300,,,,,
,2661,1742929895,,116.4076420,39.9114990,,,,,
,2662,733860022,,116.4221170,39.9136950,,,,,
,2663,733860032,,116.4060140,39.9238960,,,,,
,2664,4697741890,,116.4236460,39.9212980,,,,,
,2665,733859077,,116.4250620,39.9149560,,,,,
,2666,733859217,,116.4250910,39.9147410,,,,,
,2667,9327723478,,116.4028220,39.9263080,,,,,
,2668,733859093,,116.4117600,39.9090340,,,,,
,2669,5077167927,,116.4119240,39.9090340,,,,,
,2670,733859094,,116.4038630,39.9319090,,,,,
,2671,9333199341,,116.4042110,39.9319160,,,,,
,2672,733859172,,116.4214130,39.9220140,,,,,
,2673,9494388384,signal,116.4044940,39.9171240,,,,,
,2674,733859102,,116.4138900,39.9153540,,,,,
,2675,1827353369,,116.4141100,39.9150990,,,,,
,2676,733859104,,116.4065800,39.9141230,,,,,
,2677,733859681,,116.4066110,39.9127540,,,,,
,2678,1742929974,,116.4064830,39.9141250,,,,,
,2679,11210260650,,116.4019850,39.9149220,,,,,
,2680,5077167951,,116.4008370,39.9161590,,,,,
,2681,733859181,,116.4154500,39.9240160,,,,,
,2682,733859182,,116.4175940,39.9212770,,,,,
,2683,733859185,,116.4213600,39.9188170,,,,,
,2684,1449318302,,116.4186020,39.9228050,,,,,
,2685,733860074,,116.4210190,39.9156910,,,,,
,2686,733859132,,116.4221100,39.9133140,,,,,
,2687,733859757,,116.4248560,39.9260730,,,,,
,2688,733859726,,116.4244970,39.9248860,,,,,
,2689,8559502658,,116.4185040,39.9141470,,,,,
,2690,2383255461,,116.4103420,39.9173520,,,,,
,2691,733859238,,116.4192090,39.9170460,,,,,
,2692,733859385,,116.4222970,39.9177960,,,,,
,2693,733859180,,116.4070670,39.9195770,,,,,
,2694,733859815,,116.4058610,39.9195980,,,,,
,2695,733859817,,116.4154250,39.9243750,,,,,
,2696,1189487789,,116.4275100,39.9178400,,,,,
,2697,733859186,,116.4029370,39.9155080,,,,,
,2698,733859824,,116.4029140,39.9149360,,,,,
,2699,733859199,,116.4245050,39.9215070,,,,,
,2700,733859325,,116.4245040,39.9212940,,,,,
,2701,733859211,,116.4050730,39.9107040,,,,,
,2702,2455736057,,116.4042510,39.9106870,,,,,
,2703,733859861,,116.4252580,39.9145800,,,,,
,2704,6007826880,,116.4167600,39.9140740,,,,,
,2705,733859222,,116.4257980,39.9272850,,,,,
,2706,10006448510,,116.4257750,39.9268070,,,,,
,2707,733859240,,116.4092760,39.9068640,,,,,
,2708,2382659526,,116.4078920,39.9068270,,,,,
,2709,733859355,,116.4097220,39.9216160,,,,,
,2710,733859244,,116.4233590,39.9111010,,,,,
,2711,4697558183,,116.4234590,39.9112950,,,,,
,2712,1362315800,signal,116.4206760,39.9114170,,,,,
,2713,733967252,,116.4222840,39.9107030,,,,,
,2714,6001094062,,116.4257460,39.9214840,,,,,
,2715,6001094067,,116.4257390,39.9224740,,,,,
,2716,733859261,,116.4208570,39.9177780,,,,,
,2717,733859970,,116.4075060,39.9190860,,,,,
,2718,733859274,,116.4027190,39.9162510,,,,,
,2719,733859710,,116.4022340,39.9162480,,,,,
,2720,733859275,,116.4285400,39.9120790,,,,,
,2721,733859331,,116.4110900,39.9092080,,,,,
,2722,733860089,,116.4199340,39.9302310,,,,,
,2723,10816280203,,116.4252750,39.9140920,,,,,
,2724,733859341,,116.4034340,39.9106350,,,,,
,2725,7825585594,,116.4038640,39.9106670,,,,,
,2726,8620797019,,116.4206100,39.9098760,,,,,
,2727,733859375,,116.4056220,39.9228280,,,,,
,2728,1449318393,,116.4065020,39.9228340,,,,,
,2729,733859387,,116.4133720,39.9101170,,,,,
,2730,7825512423,,116.4118800,39.9100940,,,,,
,2731,733859961,,116.4244730,39.9205760,,,,,
,2732,6278305566,,116.4259080,39.9206570,,,,,
,2733,733859411,,116.4161180,39.9070400,,,,,
,2734,9317086732,,116.4154510,39.9070310,,,,,
,2735,733859418,,116.4242370,39.9235800,,,,,
,2736,733860076,,116.4247010,39.9235790,,,,,
,2737,733859712,,116.4242360,39.9241270,,,,,
,2738,733859433,,116.4029130,39.9195010,,,,,
,2739,733859429,,116.4050140,39.9129570,,,,,
,2740,1742929930,signal,116.4075650,39.9141330,,,,,
,2741,733859673,,116.4020910,39.9066570,,,,,
,2742,733860059,,116.4018460,39.9066550,,,,,
,2743,2383241728,,116.4132800,39.9142410,,,,,
,2744,8559502661,,116.4144050,39.9144860,,,,,
,2745,8559502660,,116.4144000,39.9141420,,,,,
,2746,733859790,,116.4060940,39.9127470,,,,,
,2747,733860073,,116.4059270,39.9171880,,,,,
,2748,733859704,,116.4185990,39.9229160,,,,,
,2749,733859706,,116.4118050,39.9082750,,,,,
,2750,2382665114,,116.4119900,39.9082890,,,,,
,2751,2382672727,,116.4117980,39.9084640,,,,,
,2752,733859715,,116.4133950,39.9227740,,,,,
,2753,3530515323,,116.4133950,39.9228950,,,,,
,2754,3412934877,,116.4151180,39.9227880,,,,,
,2755,6001094070,,116.4257070,39.9248940,,,,,
,2756,6007826879,,116.4185030,39.9140770,,,,,
,2757,733859768,,116.4096340,39.9184090,,,,,
,2758,10006479821,signal,116.4255660,39.9260740,,,,,
,2759,733859762,signal,116.4014320,39.9221730,,,,,
,2760,6297236902,,116.4039490,39.9079350,,,,,
,2761,733859983,,116.4058330,39.9198210,,,,,
,2762,3141754807,,116.4145410,39.9083630,,,,,
,2763,733859828,,116.4030420,39.9066840,,,,,
,2764,1742929935,,116.4079910,39.9141370,,,,,
,2765,733859840,,116.4159730,39.9229100,,,,,
,2766,12543092607,,116.4113480,39.9148730,,,,,
,2767,733859855,,116.4230240,39.9077180,,,,,
,2768,8958506950,,116.4230490,39.9073410,,,,,
,2769,733859914,,116.4045440,39.9238900,,,,,
,2770,8958225994,,116.4045490,39.9238170,,,,,
,2771,733859918,,116.4227690,39.9287190,,,,,
,2772,733859922,,116.4269680,39.9272940,,,,,
,2773,10006448509,,116.4258720,39.9272820,,,,,
,2774,6001339709,,116.4002460,39.9292210,,,,,
,2775,4697743030,,116.4179660,39.9094990,,,,,
,2776,733859959,,116.4165140,39.9092840,,,,,
,2777,10543103393,,116.4165060,39.9088420,,,,,
,2778,4697743032,,116.4165050,39.9095160,,,,,
,2779,4697741892,,116.4244880,39.9206910,,,,,
,2780,733859999,,116.4012860,39.9066420,,,,,
,2781,9296257996,signal,116.4007140,39.9066200,,,,,
,2782,10816313309,,116.4221300,39.9140880,,,,,
,2783,6001341814,,116.4214840,39.9283640,,,,,
,2784,733860082,,116.4200760,39.9288970,,,,,
,2785,733860042,,116.4257470,39.9309340,,,,,
,2786,10315077779,,116.4257480,39.9309060,,,,,
,2787,10733055558,,116.4125450,39.9155900,,,,,
,2788,13298054683,,116.4059590,39.9171890,,,,,
,2789,1362315803,,116.4204110,39.9156810,,,,,
,2790,1449318359,,116.4247220,39.9232120,,,,,
,2791,733860078,,116.4131150,39.9237620,,,,,
,2792,733860085,,116.4130110,39.9142450,,,,,
,2793,2383241729,,116.4118460,39.9142520,,,,,
,2794,733860100,,116.4070760,39.9068050,,,,,
,2795,733967092,,116.4157770,39.9042200,,,,,
,2796,733967205,,116.4147430,39.9042800,,,,,
,2797,733967308,,116.4163750,39.9042020,,,,,
,2798,733967219,,116.4210030,39.9350670,,,,,
,2799,733967204,,116.4150350,39.9063000,,,,,
,2800,733967517,,116.4166320,39.9063540,,,,,
,2801,733967227,,116.4150360,39.9057560,,,,,
,2802,13239671036,,116.4150190,39.9066390,,,,,
,2803,733967463,,116.4140960,39.9041420,,,,,
,2804,733967206,,116.4260550,39.9070320,,,,,
,2805,4716204243,,116.4260600,39.9068550,,,,,
,2806,1300406502,,116.4266450,39.9069710,,,,,
,2807,733967209,,116.4084670,39.9352120,,,,,
,2808,733967464,,116.4084170,39.9351100,,,,,
,2809,733967212,,116.4098510,39.9045440,,,,,
,2810,733967321,,116.4053270,39.9043180,,,,,
,2811,1803810823,signal,116.4196770,39.9350380,,,,,
,2812,733967415,,116.4210190,39.9343490,,,,,
,2813,733967221,,116.4242520,39.9333350,,,,,
,2814,733967336,,116.4242510,39.9338460,,,,,
,2815,3725833885,,116.4150460,39.9054130,,,,,
,2816,733967345,,116.4166880,39.9058020,,,,,
,2817,733967233,,116.4216150,39.9343430,,,,,
,2818,6001342171,,116.4219260,39.9344190,,,,,
,2819,733967240,,116.4260820,39.9061420,,,,,
,2820,733967423,,116.4260910,39.9052040,,,,,
,2821,733967259,signal,116.4005780,39.9062280,,,,,
,2822,6095123388,,116.4005780,39.9062820,,,,,
,2823,733967262,,116.4210050,39.9336780,,,,,
,2824,733967411,,116.4210040,39.9330290,,,,,
,2825,733967497,,116.4218460,39.9336790,,,,,
,2826,733967289,,116.4202050,39.9336860,,,,,
,2827,733967266,,116.4256840,39.9330580,,,,,
,2828,733967392,,116.4237310,39.9330380,,,,,
,2829,733967283,,116.4098940,39.9038040,,,,,
,2830,733967472,,116.4201610,39.9343430,,,,,
,2831,733967501,,116.4202200,39.9330490,,,,,
,2832,1803810820,,116.4197350,39.9337030,,,,,
,2833,733967304,,116.4228640,39.9337000,,,,,
,2834,733967527,,116.4228470,39.9330400,,,,,
,2835,733967387,,116.4237200,39.9337130,,,,,
,2836,733967469,,116.4227280,39.9336980,,,,,
,2837,733967309,,116.4141120,39.9033210,,,,,
,2838,12048429042,,116.4262080,39.9037760,,,,,
,2839,733967458,,116.4053670,39.9035840,,,,,
,2840,733967490,,116.4237350,39.9343410,,,,,
,2841,6001342172,,116.4227550,39.9344230,,,,,
,2842,733967326,,116.4287320,39.9051220,,,,,
,2843,6001342175,,116.4238220,39.9338360,,,,,
,2844,2358535666,,116.4019930,39.9011900,,,,,
,2845,9748067607,,116.4007720,39.9018370,,,,,
,2846,3725833882,,116.4167010,39.9053040,,,,,
,2847,733967352,,116.4274430,39.9052220,,,,,
,2848,733967519,,116.4284630,39.9052170,,,,,
,2849,733967360,,116.4274350,39.9063010,,,,,
,2850,4138587421,,116.4284440,39.9063300,,,,,
,2851,733967366,,116.4074020,39.8996400,,,,,
,2852,10816320947,,116.4073980,39.8998070,,,,,
,2853,11059812347,,116.4069210,39.8996240,,,,,
,2854,733967370,,116.4150100,39.9068320,,,,,
,2855,733967376,,116.4166090,39.9068660,,,,,
,2856,733967372,signal,116.4008740,39.8994520,,,,,
,2857,11059812355,,116.4007280,39.8994490,,,,,
,2858,13239671037,,116.4166170,39.9067010,,,,,
,2859,6001342173,,116.4237220,39.9338340,,,,,
,2860,733967396,,116.4222760,39.9330330,,,,,
,2861,1860131965,,116.4222640,39.9327250,,,,,
,2862,733967409,signal,116.4120200,39.9050470,,,,,
,2863,9049469472,,116.4120000,39.9052300,,,,,
,2864,733967422,,116.4140440,39.9047200,,,,,
,2865,6007976991,,116.4260950,39.9045060,,,,,
,2866,13169243468,,116.4266990,39.9052110,,,,,
,2867,733967460,,116.4121880,39.9049440,,,,,
,2868,9063921188,,116.4120470,39.9049030,,,,,
,2869,4715460621,,116.4127610,39.9049720,,,,,
,2870,9120014684,,116.4131380,39.9040600,,,,,
,2871,1861655006,,116.4058190,39.9320490,,,,,
,2872,12849799809,,116.4006160,39.9054480,,,,,
,2873,9063921189,,116.4118300,39.9048120,,,,,
,2874,733967512,,116.4221990,39.9323650,,,,,
,2875,1803810818,signal,116.4199760,39.9323750,,,,,
,2876,12865318627,,116.4222150,39.9324520,,,,,
,2877,733967535,,116.4149210,39.9051290,,,,,
,2878,4715460622,,116.4145830,39.9050950,,,,,
,2879,3725833886,,116.4149870,39.9051570,,,,,
,2880,733992787,,116.3767500,39.9043930,,,,,
,2881,9676639634,,116.3770000,39.9042020,,,,,
,2882,733992789,signal,116.3698530,39.9005230,,,,,
,2883,8575495050,,116.3683500,39.9005000,,,,,
,2884,8575495049,,116.3698510,39.9006270,,,,,
,2885,733992798,,116.3717930,39.9027990,,,,,
,2886,9669638000,,116.3707000,39.9027880,,,,,
,2887,733992806,,116.3765530,39.9230000,,,,,
,2888,733992911,,116.3764840,39.9241240,,,,,
,2889,733992859,,116.3779620,39.9230710,,,,,
,2890,1976959598,,116.3754730,39.9259020,,,,,
,2891,733992810,,116.3720980,39.8985800,,,,,
,2892,2383182305,,116.3714690,39.8985570,,,,,
,2893,733992812,signal,116.3734300,39.9027980,,,,,
,2894,733992843,,116.3745060,39.9028140,,,,,
,2895,8742540325,,116.3753150,39.9051600,,,,,
,2896,733992825,,116.3764780,39.9241930,,,,,
,2897,733992828,,116.3809020,39.9317680,,,,,
,2898,4717845947,,116.3820280,39.9318200,,,,,
,2899,733992873,,116.3809030,39.9314020,,,,,
,2900,733992838,,116.3785660,39.9256020,,,,,
,2901,733992926,,116.3786940,39.9250900,,,,,
,2902,4717846260,,116.3784870,39.9258080,,,,,
,2903,733992840,,116.3698830,39.9015840,,,,,
,2904,2010656142,,116.3698580,39.9015110,,,,,
,2905,733992849,,116.3699110,39.9016520,,,,,
,2906,733992842,,116.3735400,39.9004600,,,,,
,2907,13090532111,,116.3738790,39.9004420,,,,,
,2908,733992899,,116.3736730,39.9176140,,,,,
,2909,2010656143,,116.3699940,39.9018020,,,,,
,2910,13097956236,,116.3734060,39.8995450,,,,,
,2911,13094030804,,116.3752190,39.9032380,,,,,
,2912,733992856,,116.3725970,39.9225880,,,,,
,2913,1502696908,,116.3726130,39.9219750,,,,,
,2914,3019365874,,116.3728280,39.9225990,,,,,
,2915,11534029269,,116.3725940,39.9226230,,,,,
,2916,6132957514,,116.3780400,39.9231400,,,,,
,2917,733992862,,116.3785230,39.9029740,,,,,
,2918,13090489574,signal,116.3779300,39.9029820,,,,,
,2919,1298111372,,116.3757900,39.9184410,,,,,
,2920,5077446067,,116.3757960,39.9174300,,,,,
,2921,733992869,,116.3778810,39.9312930,,,,,
,2922,2433564972,,116.3778860,39.9311850,,,,,
,2923,2433565004,,116.3778710,39.9315430,,,,,
,2924,733992871,,116.3780130,39.9249070,,,,,
,2925,6132957513,,116.3780590,39.9232570,,,,,
,2926,733992928,,116.3784790,39.9249310,,,,,
,2927,4717846268,,116.3774350,39.9249070,,,,,
,2928,733992878,,116.3748940,39.9004440,,,,,
,2929,2360241168,,116.3759800,39.9004870,,,,,
,2930,13090532112,,116.3745570,39.9004340,,,,,
,2931,10225125883,,116.3757580,39.9165300,,,,,
,2932,9494109330,,116.3732360,39.9175970,,,,,
,2933,733992901,,116.3701760,39.9022480,,,,,
,2934,2010656149,,116.3701620,39.9021220,,,,,
,2935,13099162786,signal,116.3701760,39.9026320,,,,,
,2936,733992910,,116.3740140,39.9226530,,,,,
,2937,1502696834,,116.3739180,39.9226490,,,,,
,2938,10225125884,,116.3740900,39.9214230,,,,,
,2939,13097956234,,116.3731310,39.8995150,,,,,
,2940,13097956237,,116.3733010,39.8995400,,,,,
,2941,733992941,,116.3816630,39.9010660,,,,,
,2942,13568915159,,116.3816830,39.9008560,,,,,
,2943,733992942,,116.3728950,39.9142650,,,,,
,2944,5077446433,,116.3746090,39.9142440,,,,,
,2945,8558775093,,116.3661510,39.9086800,,,,,
,2946,734045336,,116.3636460,39.9165830,,,,,
,2947,734045488,,116.3631910,39.9165770,,,,,
,2948,734045376,,116.3720630,39.9097940,,,,,
,2949,8531180061,,116.3718780,39.9097890,,,,,
,2950,734045405,,116.3724620,39.9096850,,,,,
,2951,734045382,,116.3634700,39.9057170,,,,,
,2952,734045393,,116.3700960,39.9080370,,,,,
,2953,8742540335,,116.3701220,39.9083240,,,,,
,2954,9864155773,signal,116.3700910,39.9077450,,,,,
,2955,6184318455,,116.3728630,39.9096860,,,,,
,2956,1502696853,,116.3736700,39.9290250,,,,,
,2957,734045411,,116.3701820,39.9091590,,,,,
,2958,8742540347,,116.3702920,39.9091560,,,,,
,2959,11280517854,,116.3702130,39.9095110,,,,,
,2960,8500026304,,116.3701390,39.9085630,,,,,
,2961,734045444,,116.3640800,39.9148480,,,,,
,2962,734045452,,116.3640090,39.9143530,,,,,
,2963,734045667,,116.3642320,39.9150090,,,,,
,2964,734045447,,116.3694970,39.9109560,,,,,
,2965,734045960,,116.3693830,39.9109530,,,,,
,2966,8558775033,,116.3695280,39.9109540,,,,,
,2967,734045459,,116.3716730,39.9088470,,,,,
,2968,734046246,,116.3716460,39.9081840,,,,,
,2969,8742540346,,116.3716730,39.9088550,,,,,
,2970,8742540345,,116.3721220,39.9088060,,,,,
,2971,734045464,,116.3692300,39.9132950,,,,,
,2972,8558775082,,116.3695750,39.9132770,,,,,
,2973,8558775079,,116.3692060,39.9134000,,,,,
,2974,734045555,,116.3631820,39.9161270,,,,,
,2975,6184318462,,116.3735180,39.9109020,,,,,
,2976,734045507,,116.3693220,39.9083090,,,,,
,2977,8558775089,,116.3680300,39.9083050,,,,,
,2978,734045978,,116.3694290,39.9083790,,,,,
,2979,734045550,,116.3638840,39.9058710,,,,,
,2980,10679260460,,116.3626920,39.9058850,,,,,
,2981,8742540398,,116.3638810,39.9060880,,,,,
,2982,734045551,,116.3746620,39.9124500,,,,,
,2983,8742540363,,116.3746850,39.9122610,,,,,
,2984,734045553,,116.3695320,39.9117890,,,,,
,2985,8558775032,,116.3695030,39.9112760,,,,,
,2986,734045925,,116.3626630,39.9161340,,,,,
,2987,734045564,,116.3674870,39.9012220,,,,,
,2988,734045842,,116.3675190,39.9003200,,,,,
,2989,734045567,,116.3694200,39.9095890,,,,,
,2990,10316801420,,116.3679720,39.9095720,,,,,
,2991,8742540351,,116.3694170,39.9096850,,,,,
,2992,734045580,,116.3716050,39.9058650,,,,,
,2993,2010541482,,116.3716040,39.9060480,,,,,
,2994,2264144494,,116.3704790,39.9058620,,,,,
,2995,734045608,,116.3676280,39.9087250,,,,,
,2996,1549077280,,116.3676440,39.9083920,,,,,
,2997,6184318427,,116.3716010,39.9112920,,,,,
,2998,734045614,,116.3743220,39.9096870,,,,,
,2999,6184318453,,116.3741750,39.9096870,,,,,
,3000,8742540364,,116.3743230,39.9096770,,,,,
,3001,734045626,,116.3763440,39.9306540,,,,,
,3002,734045854,,116.3764190,39.9294320,,,,,
,3003,734045628,,116.3712900,39.9163890,,,,,
,3004,9827021447,,116.3713260,39.9159450,,,,,
,3005,734045645,,116.3720960,39.9080760,,,,,
,3006,734046184,,116.3716440,39.9080820,,,,,
,3007,734045767,,116.3721340,39.9088050,,,,,
,3008,734045820,,116.3642310,39.9153410,,,,,
,3009,734045684,,116.3747010,39.9108860,,,,,
,3010,13339791891,,116.3754150,39.9108940,,,,,
,3011,8742540360,,116.3746590,39.9108870,,,,,
,3012,8742540358,,116.3746990,39.9109340,,,,,
,3013,734045858,,116.3743540,39.9087780,,,,,
,3014,734045775,,116.3624910,39.9118230,,,,,
,3015,734045779,,116.3691790,39.9135170,,,,,
,3016,3702172112,,116.3696580,39.9153550,,,,,
,3017,5077446488,,116.3669940,39.9139020,,,,,
,3018,734046363,,116.3743490,39.9092980,,,,,
,3019,8742540383,,116.3638940,39.9073960,,,,,
,3020,8742536092,,116.3645210,39.9025430,,,,,
,3021,10763588888,,116.3694360,39.9083790,,,,,
,3022,5077274155,,116.3716040,39.9062610,,,,,
,3023,8742540344,,116.3716450,39.9081140,,,,,
,3024,734046211,,116.3695010,39.9112330,,,,,
,3025,5077356497,,116.3690760,39.9112380,,,,,
,3026,734046213,,116.3645210,39.9025860,,,,,
,3027,8566337358,,116.3703320,39.9097640,,,,,
,3028,734046225,,116.3716860,39.9091130,,,,,
,3029,8742540343,,116.3716670,39.9091140,,,,,
,3030,734046257,,116.3675600,39.9123340,,,,,
,3031,10316801399,,116.3674940,39.9123380,,,,,
,3032,734046354,,116.3675920,39.9115300,,,,,
,3033,734046263,,116.3708230,39.9091420,,,,,
,3034,734046267,,116.3659110,39.9131810,,,,,
,3035,10316801369,,116.3659170,39.9130850,,,,,
,3036,11280517850,,116.3671200,39.9133010,,,,,
,3037,11280517852,,116.3650680,39.9086650,,,,,
,3038,8742540366,,116.3651250,39.9087080,,,,,
,3039,734046294,,116.3746690,39.9116880,,,,,
,3040,13339791890,,116.3753760,39.9116880,,,,,
,3041,10316801398,,116.3675230,39.9115320,,,,,
,3042,734169284,,116.3826080,39.8883870,,,,,
,3043,734170185,,116.3817680,39.8883520,,,,,
,3044,734169290,,116.3751410,39.8957870,,,,,
,3045,734170194,,116.3753340,39.8957880,,,,,
,3046,5115804993,,116.3750680,39.8958520,,,,,
,3047,734169303,,116.3653450,39.8975670,,,,,
,3048,10316801443,,116.3678300,39.8976030,,,,,
,3049,734169532,,116.3653240,39.8981060,,,,,
,3050,734169321,,116.3765670,39.8882160,,,,,
,3051,734169787,,116.3764940,39.8891730,,,,,
,3052,734169324,,116.3761220,39.8950130,,,,,
,3053,734169663,,116.3769220,39.8950490,,,,,
,3054,734169327,,116.3852910,39.8886760,,,,,
,3055,734169329,,116.3750490,39.8959370,,,,,
,3056,734169747,,116.3751530,39.8960660,,,,,
,3057,734169959,,116.3748510,39.8959240,,,,,
,3058,734169332,,116.3733840,39.8905440,,,,,
,3059,734169677,,116.3733710,39.8902160,,,,,
,3060,734170225,,116.3733800,39.8912070,,,,,
,3061,1599489649,,116.3784880,39.8926370,,,,,
,3062,734169344,,116.3757080,39.8910570,,,,,
,3063,734169590,,116.3758720,39.8910380,,,,,
,3064,734169348,,116.3740580,39.8958780,,,,,
,3065,734169385,,116.3705560,39.8898510,,,,,
,3066,734169365,,116.3669860,39.8981350,,,,,
,3067,1429524721,signal,116.3677540,39.8981240,,,,,
,3068,734170030,,116.3754060,39.8959690,,,,,
,3069,734169375,,116.3764160,39.8973780,,,,,
,3070,2360241127,,116.3755970,39.8973750,,,,,
,3072,9120157556,,116.3683390,39.8881510,,,,,
,3073,6139794043,,116.3707570,39.8896360,,,,,
,3074,734169403,,116.3755700,39.8933120,,,,,
,3075,734170224,,116.3777100,39.8933480,,,,,
,3076,734169412,,116.3741520,39.8973970,,,,,
,3077,734169545,,116.3741210,39.8978520,,,,,
,3078,734169417,,116.3719240,39.8881830,,,,,
,3079,8829323560,,116.3734620,39.8881940,,,,,
,3080,12871059044,,116.3717500,39.8881990,,,,,
,3081,734169420,,116.3691790,39.8981150,,,,,
,3082,734169801,,116.3691770,39.8976990,,,,,
,3083,1300401048,,116.3707710,39.8981720,,,,,
,3084,734169425,,116.3783180,39.8929640,,,,,
,3085,734170202,,116.3783520,39.8925140,,,,,
,3086,734170155,,116.3777750,39.8928570,,,,,
,3087,734170139,,116.3691980,39.8909200,,,,,
,3088,734169511,,116.3815500,39.8882410,,,,,
,3089,734169516,,116.3741830,39.8985100,,,,,
,3090,1414035079,signal,116.3751920,39.8985490,,,,,
,3091,1300401045,,116.3742100,39.8983420,,,,,
,3092,734169522,,116.3754150,39.8957980,,,,,
,3093,734169526,,116.3793260,39.8984270,,,,,
,3094,734170020,,116.3792870,39.8986520,,,,,
,3095,734169701,,116.3793790,39.8981280,,,,,
,3096,734169972,,116.3799860,39.8985010,,,,,
,3097,734170028,,116.3653370,39.8982300,,,,,
,3098,734169535,,116.3778680,39.8891920,,,,,
,3099,734169743,,116.3779360,39.8882770,,,,,
,3100,734418579,,116.3783160,39.8898590,,,,,
,3101,734169980,,116.3776580,39.8891790,,,,,
,3102,734169729,,116.3784030,39.8891760,,,,,
,3103,734169543,,116.3833960,39.8981990,,,,,
,3104,734169983,,116.3819370,39.8981770,,,,,
,3105,734169618,,116.3856530,39.8982370,,,,,
,3106,1414035082,,116.3833990,39.8986380,,,,,
,3107,734170211,,116.3721730,39.8977860,,,,,
,3108,2360241162,,116.3742120,39.8979230,,,,,
,3109,734169557,,116.3753540,39.8960720,,,,,
,3110,734169993,,116.3753990,39.8960370,,,,,
,3111,2360241182,,116.3707570,39.8937060,,,,,
,3112,734170236,,116.3697600,39.8938330,,,,,
,3113,734169572,,116.3761550,39.8980140,,,,,
,3114,734170003,,116.3761470,39.8984030,,,,,
,3115,734169584,,116.3819200,39.8987400,,,,,
,3116,734170198,,116.3819250,39.8986120,,,,,
,3117,1836554648,,116.3837410,39.8987980,,,,,
,3118,11524436432,,116.3761700,39.8910480,,,,,
,3119,734169607,,116.3717920,39.8884890,,,,,
,3120,12871059043,,116.3717640,39.8884130,,,,,
,3121,734170308,,116.3717760,39.8886890,,,,,
,3122,4710637482,,116.3856430,39.8986610,,,,,
,3123,734169636,,116.3708000,39.8977290,,,,,
,3124,5115804388,,116.3693950,39.8977030,,,,,
,3125,734169639,,116.3692950,39.8903090,,,,,
,3126,734170066,,116.3771200,39.8949900,,,,,
,3127,734169665,,116.3720620,39.8936910,,,,,
,3128,734169815,,116.3715420,39.8936770,,,,,
,3129,4740890618,,116.3734930,39.8893330,,,,,
,3130,734169906,,116.3805990,39.8981660,,,,,
,3131,12927006660,,116.3783830,39.8884400,,,,,
,3132,734169734,,116.3681100,39.8912830,,,,,
,3133,9828568412,,116.3681050,39.8902520,,,,,
,3134,734169775,,116.3805860,39.8985580,,,,,
,3135,9378036246,signal,116.3817380,39.8986060,,,,,
,3136,734169780,,116.3720200,39.8984430,,,,,
,3137,1737671980,,116.3728310,39.8984670,,,,,
,3138,734169953,,116.3680610,39.8976060,,,,,
,3140,13277592249,,116.3685350,39.8938440,,,,,
,3142,1673281911,,116.3683380,39.8958300,,,,,
,3143,734169795,signal,116.3854040,39.8988550,,,,,
,3144,9378036222,,116.3855750,39.8988610,,,,,
,3145,734169982,,116.3711350,39.8936770,,,,,
,3146,734169827,,116.3787600,39.8951820,,,,,
,3147,1599489651,,116.3782400,39.8951660,,,,,
,3148,12630211192,,116.3733040,39.8879860,,,,,
,3149,734170253,,116.3735880,39.8887400,,,,,
,3150,734169916,,116.3771640,39.8946440,,,,,
,3151,734170327,,116.3767670,39.8946240,,,,,
,3152,13277592239,,116.3679210,39.8976040,,,,,
,3153,1737671985,,116.3819260,39.8985220,,,,,
,3154,734170000,,116.3781050,39.8974310,,,,,
,3155,1599489656,signal,116.3780610,39.8983360,,,,,
,3156,1300401040,,116.3764460,39.8984100,,,,,
,3157,9378036245,signal,116.3817260,39.8987340,,,,,
,3158,734170023,,116.3886230,39.8905080,,,,,
,3159,9327458942,,116.3886920,39.8902740,,,,,
,3160,1414035073,,116.3666900,39.8982540,,,,,
,3161,734170044,,116.3623630,39.8979800,,,,,
,3162,4367406340,,116.3624810,39.8979850,,,,,
,3163,734170049,,116.3718100,39.8893260,,,,,
,3164,12871059010,,116.3718000,39.8891350,,,,,
,3165,6139794044,,116.3718010,39.8894960,,,,,
,3166,734170057,,116.3707740,39.8984020,,,,,
,3167,734170150,,116.3781350,39.8950550,,,,,
,3168,734170071,,116.3760360,39.8985620,,,,,
,3169,1599489658,signal,116.3776640,39.8986130,,,,,
,3170,734170105,,116.3882840,39.8962320,,,,,
,3171,5960542643,,116.3883100,39.8962940,,,,,
,3172,734170127,,116.3858570,39.8887360,,,,,
,3173,734170143,,116.3752500,39.8881490,,,,,
,3174,734170145,,116.3697570,39.8931920,,,,,
,3175,2048161757,,116.3697750,39.8933060,,,,,
,3176,2048161756,,116.3696800,39.8931420,,,,,
,3177,1598453933,,116.3809120,39.8883400,,,,,
,3178,734170197,,116.3789700,39.8984240,,,,,
,3179,9669686165,,116.3783730,39.8914070,,,,,
,3180,734170203,,116.3683360,39.8931610,,,,,
,3181,9828568410,,116.3683330,39.8935140,,,,,
,3182,13277592248,,116.3685230,39.8931580,,,,,
,3183,734170204,,116.3637630,39.8980070,,,,,
,3184,1737702583,,116.3648700,39.8980770,,,,,
,3185,1300401039,,116.3721740,39.8982160,,,,,
,3186,12871059008,,116.3717880,39.8889090,,,,,
,3187,734417762,,116.3837590,39.8836540,,,,,
,3188,734418095,,116.3837500,39.8838650,,,,,
,3189,734417790,,116.3825130,39.8832170,,,,,
,3190,734418981,,116.3831220,39.8832240,,,,,
,3191,734419390,,116.3819100,39.8832090,,,,,
,3192,734418934,,116.3824990,39.8838370,,,,,
,3193,734417806,,116.3890370,39.8827530,,,,,
,3194,734418878,,116.3899220,39.8827750,,,,,
,3195,734418013,,116.3884630,39.8827200,,,,,
,3196,734418134,,116.3889780,39.8839230,,,,,
,3197,734417811,,116.3869150,39.8869020,,,,,
,3198,734418953,,116.3869040,39.8864950,,,,,
,3199,734418966,,116.3888990,39.8856810,,,,,
,3200,734417824,,116.3869480,39.8832400,,,,,
,3201,8808809595,,116.3869490,39.8828680,,,,,
,3202,734417869,,116.3901780,39.8827970,,,,,
,3203,734417918,,116.3869480,39.8843060,,,,,
,3204,9698084328,,116.3869440,39.8835550,,,,,
,3205,734417955,,116.3811110,39.8825930,,,,,
,3206,734419139,,116.3819230,39.8826030,,,,,
,3207,734419282,,116.3809680,39.8825910,,,,,
,3208,734419175,,116.3884300,39.8838900,,,,,
,3209,734418269,,116.3830920,39.8838430,,,,,
,3210,734418103,,116.3861130,39.8876000,,,,,
,3211,734419225,,116.3858440,39.8876040,,,,,
,3212,734418105,,116.3920470,39.8879080,,,,,
,3213,1622356648,,116.3920850,39.8864130,,,,,
,3214,734418111,,116.3797180,39.8839010,,,,,
,3215,734418880,,116.3797490,39.8825480,,,,,
,3216,10556875845,,116.3805110,39.8839180,,,,,
,3217,1549077189,,116.3787430,39.8838810,,,,,
,3218,734418113,,116.3829980,39.8880990,,,,,
,3219,734418428,,116.3835800,39.8881370,,,,,
,3220,734419138,,116.3887200,39.8839100,,,,,
,3221,9698084326,,116.3889620,39.8842380,,,,,
,3222,734418145,,116.3912740,39.8894450,,,,,
,3223,1410714251,,116.3915520,39.8894680,,,,,
,3224,734418162,,116.3797660,39.8823820,,,,,
,3225,734418643,,116.3799290,39.8822430,,,,,
,3226,734418218,,116.3837760,39.8832330,,,,,
,3227,734418222,,116.3914200,39.8832580,,,,,
,3228,4720701785,,116.3913470,39.8849800,,,,,
,3229,9664768447,,116.3808630,39.8848680,,,,,
,3230,734418237,,116.3785760,39.8838990,,,,,
,3231,9676639628,,116.3786300,39.8828240,,,,,
,3232,734418265,,116.3884500,39.8850150,,,,,
,3233,2383182303,,116.3883240,39.8850130,,,,,
,3234,2383182302,,116.3886460,39.8850190,,,,,
,3235,734418303,,116.3680810,39.8853040,,,,,
,3236,3455527410,,116.3680950,39.8845400,,,,,
,3237,734418370,,116.3869360,39.8858900,,,,,
,3238,734419030,,116.3846430,39.8858540,,,,,
,3239,10561977678,,116.3869450,39.8857050,,,,,
,3240,734418387,,116.3624550,39.8828940,,,,,
,3241,12202300632,,116.3624160,39.8845220,,,,,
,3242,734418415,,116.3836060,39.8874840,,,,,
,3243,734418917,,116.3836320,39.8868260,,,,,
,3244,5064902454,,116.3839300,39.8881740,,,,,
,3245,9015750653,,116.3836940,39.8882390,,,,,
,3246,734418432,,116.3860810,39.8864870,,,,,
,3247,734418549,,116.3861130,39.8868750,,,,,
,3248,734418477,,116.3846190,39.8864330,,,,,
,3249,734418446,,116.3920900,39.8862100,,,,,
,3250,734418465,,116.3906150,39.8850570,,,,,
,3251,734418717,,116.3899990,39.8850450,,,,,
,3252,734419307,,116.3913530,39.8850720,,,,,
,3253,734419183,,116.3836660,39.8864410,,,,,
,3254,734418522,,116.3817320,39.8839430,,,,,
,3255,734419217,,116.3824950,39.8839590,,,,,
,3256,734418790,,116.3808950,39.8839260,,,,,
,3257,734419229,,116.3877250,39.8865160,,,,,
,3258,9298159146,,116.3889140,39.8889480,,,,,
,3259,734418577,,116.3899470,39.8822160,,,,,
,3260,734418622,,116.3865580,39.8884760,,,,,
,3261,9298159152,,116.3876030,39.8886480,,,,,
,3262,734418636,,116.3809420,39.8832090,,,,,
,3263,734418661,,116.3859970,39.8884070,,,,,
,3264,734418666,,116.3887900,39.8850220,,,,,
,3265,1841664831,,116.3889190,39.8850240,,,,,
,3266,9664768451,,116.3826180,39.8849020,,,,,
,3267,734418682,,116.3649910,39.8873340,,,,,
,3268,734419002,,116.3667840,39.8873380,,,,,
,3269,734418688,,116.3854920,39.8876280,,,,,
,3270,9664739964,,116.3898550,39.8850430,,,,,
,3271,734418729,,116.3921520,39.8834170,,,,,
,3272,4400834396,,116.3921800,39.8828360,,,,,
,3273,734418814,,116.3905670,39.8893700,,,,,
,3274,1598453938,,116.3911660,39.8895750,,,,,
,3275,1231628445,,116.3910460,39.8896110,,,,,
,3276,734419541,,116.3787910,39.8825200,,,,,
,3277,734419178,,116.3808240,39.8825860,,,,,
,3278,734418884,,116.3830940,39.8864600,,,,,
,3279,734418943,,116.3896840,39.8850390,,,,,
,3280,734419457,,116.3891190,39.8850280,,,,,
,3281,734419062,,116.3891270,39.8856890,,,,,
,3282,734419209,,116.3624040,39.8850390,,,,,
,3283,1841664832,signal,116.3869640,39.8849860,,,,,
,3284,734419388,,116.3915660,39.8850760,,,,,
,3285,734419311,,116.3804010,39.8858250,,,,,
,3286,4712121067,,116.3799730,39.8858360,,,,,
,3287,10204429387,signal,116.3918550,39.8850820,,,,,
,3288,9676639626,,116.3787640,39.8828450,,,,,
,3289,734520168,,116.4114570,39.8924630,,,,,
,3290,734520949,,116.4102710,39.8924400,,,,,
,3291,2366958265,,116.4115410,39.8924920,,,,,
,3292,734520177,,116.3939440,39.8914020,,,,,
,3293,734521327,,116.3942160,39.8914180,,,,,
,3294,734520332,,116.3939640,39.8916040,,,,,
,3295,734520183,,116.3923940,39.8912970,,,,,
,3296,1408143357,,116.3922240,39.8912940,,,,,
,3297,9091317181,,116.3924980,39.8912980,,,,,
,3298,4834106168,,116.3923600,39.8917570,,,,,
,3299,734521269,,116.4146980,39.8951330,,,,,
,3300,2533116248,,116.4143370,39.8957920,,,,,
,3301,9500495634,,116.4146810,39.8959390,,,,,
,3302,734520210,,116.4077230,39.8929970,,,,,
,3303,734521009,,116.4077320,39.8926830,,,,,
,3304,734520634,,116.4082370,39.8931300,,,,,
,3305,734520393,,116.4065720,39.8929940,,,,,
,3306,734521406,,116.4057830,39.8947270,,,,,
,3307,734520215,,116.4273770,39.8951340,,,,,
,3308,734520554,,116.4272450,39.8950810,,,,,
,3309,734521043,,116.4274480,39.8951620,,,,,
,3310,734521247,,116.4273350,39.8955090,,,,,
,3311,734520221,,116.4148420,39.8927180,,,,,
,3312,4138279549,,116.4148320,39.8926600,,,,,
,3313,734521420,,116.4147130,39.8940840,,,,,
,3314,734520226,,116.4036180,39.8969000,,,,,
,3315,2480760610,,116.4035650,39.8966100,,,,,
,3316,734520228,,116.4136700,39.8917970,,,,,
,3317,1598502607,,116.4132750,39.8918300,,,,,
,3318,734520234,,116.4292320,39.8924620,,,,,
,3319,13329049633,,116.4292330,39.8925160,,,,,
,3320,1201534197,,116.4273920,39.8924400,,,,,
,3321,734520243,,116.4091030,39.8944200,,,,,
,3322,734520245,,116.3955200,39.8913110,,,,,
,3323,734521358,,116.3966000,39.8915620,,,,,
,3324,734521265,,116.3952980,39.8917040,,,,,
,3325,734520248,,116.4265660,39.8945780,,,,,
,3326,734521361,,116.4254960,39.8945610,,,,,
,3327,734521193,,116.4270030,39.8946650,,,,,
,3328,734520250,,116.4169870,39.8951360,,,,,
,3329,2366958298,,116.4171580,39.8947250,,,,,
,3330,2366958268,,116.4168780,39.8952770,,,,,
,3331,734520256,,116.4268150,39.8932310,,,,,
,3332,734520654,,116.4255710,39.8931790,,,,,
,3333,734520430,,116.4268040,39.8938060,,,,,
,3334,734520257,,116.4235950,39.8984050,,,,,
,3335,734520986,,116.4235840,39.8988570,,,,,
,3336,734521371,,116.4221370,39.8983670,,,,,
,3337,734520258,,116.4235500,39.8947380,,,,,
,3338,734520667,,116.4238620,39.8947950,,,,,
,3339,734520436,,116.4229420,39.8947930,,,,,
,3340,734520260,,116.4272950,39.8938420,,,,,
,3341,734521025,,116.4272670,39.8947690,,,,,
,3342,13329049625,,116.4273880,39.8925000,,,,,
,3343,734521204,,116.4292560,39.8938890,,,,,
,3344,734520261,,116.4210960,39.8987600,,,,,
,3345,734520682,,116.4185760,39.8987270,,,,,
,3346,2533116238,,116.4211130,39.8984520,,,,,
,3347,734520265,,116.4161590,39.8950570,,,,,
,3348,734521209,,116.4155200,39.8944690,,,,,
,3349,734520271,,116.4079990,39.8989150,,,,,
,3350,1598502690,,116.4057560,39.8988240,,,,,
,3351,734520708,,116.4105580,39.8989100,,,,,
,3352,734520283,,116.4152990,39.8951970,,,,,
,3353,2366958294,,116.4152720,39.8954560,,,,,
,3354,734520284,,116.3938970,39.8853590,,,,,
,3355,12630448020,,116.3937030,39.8853060,,,,,
,3356,734520291,,116.4254060,39.8955440,,,,,
,3357,734520578,,116.4252620,39.8955670,,,,,
,3358,734521220,,116.4264080,39.8955840,,,,,
,3359,734521254,,116.4254210,39.8957350,,,,,
,3360,734520309,,116.4014810,39.8876420,,,,,
,3361,12803828204,,116.4014610,39.8880190,,,,,
,3362,734520920,,116.4028060,39.8876960,,,,,
,3363,734520311,,116.4252920,39.8951560,,,,,
,3364,734521342,,116.4253230,39.8947400,,,,,
,3365,734520924,,116.4257000,39.8952660,,,,,
,3366,734520315,,116.4294160,39.8947660,,,,,
,3367,10804008204,,116.4293870,39.8944550,,,,,
,3368,734520374,,116.4293940,39.8951990,,,,,
,3369,734520316,,116.4271990,39.8992160,,,,,
,3370,13329049549,,116.4272030,39.8991570,,,,,
,3371,1195165468,,116.4284350,39.8991680,,,,,
,3372,734521425,,116.4239920,39.8950920,,,,,
,3373,734520322,,116.3946610,39.8916770,,,,,
,3374,734520326,,116.4028790,39.8877950,,,,,
,3375,734521430,,116.4037520,39.8878200,,,,,
,3376,734521270,,116.4028570,39.8883230,,,,,
,3377,2366958314,,116.4028630,39.8877330,,,,,
,3378,734520328,,116.4250310,39.8975020,,,,,
,3379,734520656,,116.4251060,39.8965340,,,,,
,3380,734521275,,116.3936440,39.8916010,,,,,
,3381,734520334,,116.4019450,39.8988330,,,,,
,3382,734520688,,116.4005480,39.8987760,,,,,
,3383,10816320938,,116.4019340,39.8991640,,,,,
,3384,4715589735,,116.4021000,39.8987690,,,,,
,3385,734520351,,116.4269660,39.8952030,,,,,
,3386,734521339,,116.4269580,39.8955030,,,,,
,3387,734521277,,116.4267090,39.8950810,,,,,
,3388,734520373,,116.4164160,39.8951130,,,,,
,3389,734520550,,116.4162580,39.8954810,,,,,
,3390,734520424,,116.4293360,39.8956810,,,,,
,3391,734520984,,116.4288500,39.8951800,,,,,
,3392,734520380,,116.3939420,39.8947890,,,,,
,3393,734521202,,116.3937490,39.8952780,,,,,
,3394,734520384,,116.4275380,39.8955730,,,,,
,3395,734520571,,116.4277120,39.8958210,,,,,
,3396,734520615,,116.4287370,39.8956250,,,,,
,3397,734520385,,116.3939060,39.8841380,,,,,
,3398,734520999,,116.3937810,39.8841570,,,,,
,3399,734521399,,116.3939860,39.8844790,,,,,
,3400,734520940,,116.4065960,39.8926470,,,,,
,3401,734520929,,116.4065740,39.8934100,,,,,
,3402,734520399,,116.4237100,39.8964740,,,,,
,3403,2366960614,,116.4237400,39.8960730,,,,,
,3404,734520403,,116.4226920,39.8953610,,,,,
,3405,734521011,,116.4222990,39.8952510,,,,,
,3406,734520593,,116.4238050,39.8953640,,,,,
,3407,734520414,,116.4065370,39.8941960,,,,,
,3408,734520473,,116.4065680,39.8937880,,,,,
,3409,734521367,,116.4065400,39.8945410,,,,,
,3410,734521026,,116.4079580,39.8941970,,,,,
,3411,734520416,,116.4113520,39.8940420,,,,,
,3412,2366958279,,116.4113730,39.8940360,,,,,
,3413,734520613,,116.4107440,39.8940700,,,,,
,3414,734521172,,116.4082290,39.8938740,,,,,
,3415,734520428,,116.4022330,39.8885800,,,,,
,3416,734521317,,116.4014340,39.8885540,,,,,
,3417,734521211,,116.4022500,39.8883050,,,,,
,3418,734520508,,116.4022140,39.8888910,,,,,
,3419,734520432,,116.4257070,39.8965570,,,,,
,3420,734520435,,116.4043420,39.8919030,,,,,
,3421,734521051,,116.4035130,39.8919720,,,,,
,3422,734521322,,116.4227200,39.8947290,,,,,
,3423,734520447,,116.4032910,39.8885520,,,,,
,3424,2366958283,,116.4032130,39.8885120,,,,,
,3425,734521328,,116.4040420,39.8885670,,,,,
,3426,734520458,,116.4082290,39.8934800,,,,,
,3427,734520583,,116.4077020,39.8934020,,,,,
,3428,734520469,,116.4061350,39.8882240,,,,,
,3429,12568231501,,116.4061920,39.8871150,,,,,
,3430,734521180,,116.4076820,39.8937720,,,,,
,3431,2366960619,,116.4286510,39.8974460,,,,,
,3432,2052937437,,116.4287660,39.8966750,,,,,
,3433,734520478,,116.4076980,39.8949650,,,,,
,3434,734521331,,116.4077200,39.8945600,,,,,
,3435,734520659,,116.4065160,39.8949500,,,,,
,3436,734520512,,116.4077180,39.8953480,,,,,
,3437,734520479,,116.3926760,39.8970330,,,,,
,3438,734521049,,116.3926850,39.8967600,,,,,
,3439,734520485,,116.4254510,39.8947470,,,,,
,3440,734521314,,116.4268750,39.8948270,,,,,
,3441,734520490,,116.4253680,39.8933520,,,,,
,3442,734520492,,116.4212520,39.8990180,,,,,
,3443,734520555,,116.4216000,39.8990270,,,,,
,3444,734520495,,116.4156760,39.8986670,,,,,
,3445,11205613556,,116.4154740,39.8986760,,,,,
,3446,734520502,,116.3927320,39.8912990,,,,,
,3447,9091317182,,116.3925890,39.8912980,,,,,
,3448,734521278,,116.4027420,39.8889100,,,,,
,3449,734521047,,116.4064950,39.8953490,,,,,
,3450,734521214,,116.4077040,39.8958420,,,,,
,3451,734520513,,116.3970780,39.8908230,,,,,
,3452,1598502436,,116.3974890,39.8908920,,,,,
,3453,4720797556,,116.4057840,39.8920880,,,,,
,3454,734520543,,116.4022570,39.8987690,,,,,
,3455,734521394,,116.4055930,39.8988410,,,,,
,3456,734521221,,116.4216030,39.8988000,,,,,
,3457,734520563,,116.4323460,39.8932030,,,,,
,3458,12450222713,,116.4323440,39.8932640,,,,,
,3459,734520890,,116.4252400,39.8959950,,,,,
,3460,734520580,,116.4213000,39.8943000,,,,,
,3461,9673709460,,116.4213160,39.8940040,,,,,
,3462,734520590,,116.4080130,39.8926920,,,,,
,3463,734521262,,116.4086180,39.8927300,,,,,
,3464,2052937435,,116.4239200,39.8952560,,,,,
,3465,734520594,,116.4122270,39.8944640,,,,,
,3466,734520970,,116.4107780,39.8944430,,,,,
,3467,2449562453,,116.4122740,39.8931810,,,,,
,3468,734520595,,116.4041630,39.8868700,,,,,
,3469,12803812975,,116.4041680,39.8868010,,,,,
,3470,12803812978,,116.4040480,39.8868660,,,,,
,3471,734520598,,116.4037270,39.8883470,,,,,
,3472,734521022,,116.4032150,39.8883330,,,,,
,3473,734520602,,116.4115880,39.8938360,,,,,
,3474,2366958300,,116.4116350,39.8926160,,,,,
,3475,2366958313,,116.4115660,39.8939040,,,,,
,3476,734521030,,116.4103470,39.8940680,,,,,
,3477,734520618,,116.4018530,39.8882940,,,,,
,3478,734520621,,116.4287220,39.8953130,,,,,
,3479,734521279,,116.4275380,39.8952660,,,,,
,3480,6652601684,,116.4120570,39.8958520,,,,,
,3481,734520628,,116.4013870,39.8894930,,,,,
,3482,12803828266,,116.4014200,39.8888340,,,,,
,3483,12612913655,,116.4006960,39.8894630,,,,,
,3484,734520947,,116.4039680,39.8896090,,,,,
,3485,1622355968,,116.4013600,39.8902040,,,,,
,3486,734520629,,116.3936460,39.8839960,,,,,
,3487,2366938663,,116.3935060,39.8837030,,,,,
,3488,734520632,,116.4267470,39.8941560,,,,,
,3489,734520650,,116.4270030,39.8942890,,,,,
,3490,734521225,,116.4253530,39.8940400,,,,,
,3491,734520637,,116.3923300,39.8946660,,,,,
,3492,13525841946,,116.3922730,39.8950530,,,,,
,3493,734520638,,116.4221560,39.8950300,,,,,
,3494,734521294,,116.4222020,39.8948630,,,,,
,3495,2052937434,,116.4221810,39.8951500,,,,,
,3496,734521203,,116.4214430,39.8950100,,,,,
,3497,734520642,,116.4273210,39.8964390,,,,,
,3498,734520898,,116.4273120,39.8965770,,,,,
,3499,734520644,,116.4103900,39.8928460,,,,,
,3500,2366958264,,116.4102900,39.8928080,,,,,
,3501,734520662,,116.3934430,39.8966580,,,,,
,3502,734521319,,116.3936080,39.8957360,,,,,
,3503,2001375484,,116.4027880,39.8920730,,,,,
,3504,2052937433,,116.4239510,39.8949450,,,,,
,3505,734520679,,116.4317060,39.8941640,,,,,
,3506,10804012906,,116.4315240,39.8940400,,,,,
,3507,734521054,,116.4322920,39.8942070,,,,,
,3508,11059733495,,116.4185650,39.8990590,,,,,
,3509,11059812354,,116.4005770,39.8985250,,,,,
,3510,11059812367,signal,116.4005360,39.8990840,,,,,
,3511,734520694,,116.3927920,39.8901730,,,,,
,3512,734520702,,116.4255380,39.8989040,,,,,
,3513,13329049554,,116.4255240,39.8991390,,,,,
,3514,734520914,,116.4105800,39.8987100,,,,,
,3515,734520719,,116.4082210,39.8943700,,,,,
,3516,4715671916,,116.4082240,39.8941480,,,,,
,3517,2480760573,,116.3952110,39.8906840,,,,,
,3518,734520893,,116.4174160,39.8941580,,,,,
,3519,2366958292,,116.4175550,39.8939130,,,,,
,3520,2366958288,,116.4172940,39.8945520,,,,,
,3521,734520896,,116.4241330,39.8923890,,,,,
,3522,1598502654,,116.4231720,39.8924380,,,,,
,3523,734520958,,116.4236230,39.8922800,,,,,
,3524,734521183,,116.4286310,39.8965960,,,,,
,3525,6007975374,,116.4272770,39.8972300,,,,,
,3526,6584050806,,116.4117530,39.8987390,,,,,
,3527,734520975,,116.4264830,39.8952890,,,,,
,3528,734520936,,116.4272590,39.8975830,,,,,
,3529,2366960615,,116.4272480,39.8984930,,,,,
,3530,734521257,,116.4040220,39.8888480,,,,,
,3531,9936552158,,116.4047800,39.8893850,,,,,
,3532,12732310560,,116.4039490,39.8902580,,,,,
,3533,734521311,,116.4102340,39.8927280,,,,,
,3534,2366958312,,116.4100810,39.8924610,,,,,
,3535,1598502644,,116.4229340,39.8922560,,,,,
,3536,12568185890,,116.4065980,39.8869400,,,,,
,3537,734520964,,116.3921740,39.8965590,,,,,
,3538,734521057,,116.3922200,39.8954140,,,,,
,3539,734520972,,116.4019350,39.8993580,,,,,
,3540,9669816909,,116.4034990,39.8994180,,,,,
,3541,734521395,,116.4266640,39.8951620,,,,,
,3542,1891103092,,116.4034840,39.8943100,,,,,
,3543,734520994,,116.3928900,39.8947310,,,,,
,3544,4710638249,,116.3928340,39.8953090,,,,,
,3545,734521409,,116.4098940,39.8924370,,,,,
,3546,734520996,,116.3993940,39.8879460,,,,,
,3547,9061801266,,116.3993870,39.8880010,,,,,
,3548,734521002,,116.4052230,39.8868310,,,,,
,3549,12568185892,,116.4060940,39.8868550,,,,,
,3550,734521004,,116.4264080,39.8957810,,,,,
,3551,734521005,,116.3995040,39.8903280,,,,,
,3552,9061801259,,116.3994000,39.8895410,,,,,
,3553,734521008,,116.4248540,39.8924010,,,,,
,3554,734521016,,116.3946850,39.8915180,,,,,
,3555,734521021,,116.3938600,39.8885740,,,,,
,3556,12568344946,,116.3938380,39.8888690,,,,,
,3557,12568344947,,116.3938820,39.8882880,,,,,
,3558,2366958258,,116.4032180,39.8884280,,,,,
,3559,10556562306,,116.4322330,39.8944270,,,,,
,3560,734521056,,116.4144400,39.8979250,,,,,
,3561,9500495633,,116.4145190,39.8964200,,,,,
,3562,9500495636,,116.4145490,39.8979270,,,,,
,3563,734521060,,116.3993710,39.8873540,,,,,
,3564,7824965307,,116.3994540,39.8868380,,,,,
,3565,734521165,,116.3942960,39.8833330,,,,,
,3566,13033159293,,116.3941470,39.8833420,,,,,
,3567,2052937436,,116.4287160,39.8966290,,,,,
,3568,10804012910,,116.4293290,39.8942410,,,,,
,3569,12450222711,,116.4311660,39.8938980,,,,,
,3570,734521205,,116.4153630,39.8986840,,,,,
,3571,734521227,,116.4145440,39.8986620,,,,,
,3572,734521326,,116.4155280,39.8941070,,,,,
,3573,12818448467,,116.3974650,39.8918050,,,,,
,3574,734521242,,116.3922240,39.8935610,,,,,
,3575,9091317176,,116.3922290,39.8934950,,,,,
,3576,5810291996,,116.4102750,39.8979320,,,,,
,3577,9669926606,,116.4306330,39.8963110,,,,,
,3578,2533116246,,116.4287080,39.8962410,,,,,
,3579,1831125450,,116.3926280,39.8915820,,,,,
,3580,734521282,,116.4304620,39.8986860,,,,,
,3581,2366960616,,116.4304440,39.8986140,,,,,
,3582,1195165354,,116.4306430,39.8985600,,,,,
,3583,1195165469,,116.4301650,39.8989590,,,,,
,3584,734521287,,116.3934800,39.8833740,,,,,
,3585,10695444070,,116.3929330,39.8833700,,,,,
,3586,10695468676,,116.3937850,39.8833680,,,,,
,3587,2052937432,,116.4222670,39.8947690,,,,,
,3588,3729748204,,116.3960730,39.8954860,,,,,
,3589,2052937431,,116.4223750,39.8947300,,,,,
,3590,734521323,,116.4311950,39.8938990,,,,,
,3591,10804012905,,116.4313850,39.8939670,,,,,
,3592,4720814581,,116.3972930,39.8913300,,,,,
,3593,734521357,,116.4120790,39.8987470,,,,,
,3594,6007975913,,116.4221410,39.8983040,,,,,
,3595,734521397,,116.4099130,39.8869260,,,,,
,3596,1891103097,,116.3943410,39.8845080,,,,,
,3597,12818448477,,116.3978190,39.8918270,,,,,
,3598,4720814578,,116.3997150,39.8914850,,,,,
,3599,2366958308,,116.4058350,39.8937630,,,,,
,3600,2533116242,,116.4279460,39.8962140,,,,,
,3601,734569741,,116.4268840,39.8914060,,,,,
,3602,734571140,,116.4268940,39.8912510,,,,,
,3603,2099802620,,116.4269420,39.8914080,,,,,
,3604,734569772,,116.4204840,39.8832640,,,,,
,3605,9058250157,,116.4204570,39.8828620,,,,,
,3606,734570000,,116.4204660,39.8833820,,,,,
,3607,734569798,,116.4243440,39.8881960,,,,,
,3608,734570542,,116.4245000,39.8879870,,,,,
,3609,734569821,,116.4323170,39.8865570,,,,,
,3610,734570269,,116.4315900,39.8848990,,,,,
,3611,9359693300,,116.4314630,39.8867290,,,,,
,3612,734569836,,116.4292460,39.8920940,,,,,
,3613,734570436,,116.4292500,39.8914630,,,,,
,3614,1598502631,,116.4301630,39.8921020,,,,,
,3615,734569841,,116.4145500,39.8915850,,,,,
,3616,4720750484,,116.4171840,39.8917920,,,,,
,3617,734569851,,116.4182340,39.8835080,,,,,
,3618,734571127,,116.4186510,39.8835990,,,,,
,3619,734570454,,116.4179000,39.8840630,,,,,
,3620,9058250189,,116.4186710,39.8828460,,,,,
,3621,734569885,,116.4240880,39.8884480,,,,,
,3622,4343826451,,116.4241680,39.8883700,,,,,
,3623,734569953,,116.4267200,39.8878800,,,,,
,3624,734571135,,116.4267220,39.8878750,,,,,
,3625,734570983,,116.4258920,39.8883420,,,,,
,3626,734569963,,116.4289830,39.8848300,,,,,
,3627,12845117154,,116.4289570,39.8847560,,,,,
,3628,734571042,,116.4292440,39.8854520,,,,,
,3629,1599483426,,116.4279820,39.8829430,,,,,
,3630,734571108,,116.4289500,39.8844950,,,,,
,3631,734569992,,116.4278390,39.8846920,,,,,
,3632,734571010,,116.4283480,39.8859160,,,,,
,3633,12845117158,,116.4271740,39.8829670,,,,,
,3634,734571083,,116.4270180,39.8848990,,,,,
,3635,734570271,,116.4279170,39.8846300,,,,,
,3636,734569995,,116.4204940,39.8861260,,,,,
,3637,734570096,,116.4199310,39.8861500,,,,,
,3638,734570054,,116.4203560,39.8836760,,,,,
,3639,734570006,,116.4292480,39.8828280,,,,,
,3640,8444095907,,116.4308130,39.8828810,,,,,
,3641,734570026,,116.4258740,39.8894910,,,,,
,3642,734570341,,116.4282170,39.8895230,,,,,
,3643,734570104,,116.4252090,39.8895030,,,,,
,3644,734570046,,116.4275780,39.8914230,,,,,
,3645,734570378,,116.4283730,39.8914590,,,,,
,3646,4715688499,,116.4203450,39.8837860,,,,,
,3647,734570990,,116.4193440,39.8835460,,,,,
,3648,734570370,,116.4212580,39.8837410,,,,,
,3649,734570065,,116.4203350,39.8843890,,,,,
,3650,4715688498,,116.4204820,39.8838170,,,,,
,3651,734570109,,116.4202000,39.8849750,,,,,
,3652,5267412625,,116.4213580,39.8845160,,,,,
,3653,734570266,,116.4160920,39.8852390,,,,,
,3654,7824830932,,116.4170750,39.8851130,,,,,
,3655,734570080,,116.4324500,39.8839170,,,,,
,3656,734570476,,116.4324800,39.8830310,,,,,
,3657,734570088,,116.4155080,39.8857230,,,,,
,3658,734571122,,116.4156870,39.8850650,,,,,
,3659,734570277,,116.4193090,39.8861330,,,,,
,3660,734570986,,116.4251580,39.8910900,,,,,
,3661,734571154,,116.4246520,39.8894740,,,,,
,3662,12346725507,,116.4198230,39.8849040,,,,,
,3663,5256821826,,116.4215660,39.8851430,,,,,
,3664,734571015,,116.4200860,39.8856440,,,,,
,3665,734570114,,116.4282820,39.8890540,,,,,
,3666,2367024436,,116.4283530,39.8889990,,,,,
,3667,734570122,,116.4275140,39.8860880,,,,,
,3668,734571046,,116.4269700,39.8860580,,,,,
,3669,734570237,,116.4268910,39.8920800,,,,,
,3670,734570315,,116.4283430,39.8920880,,,,,
,3671,734570244,,116.4188580,39.8857060,,,,,
,3672,12346725518,,116.4195200,39.8857500,,,,,
,3673,734570333,,116.4190530,39.8848740,,,,,
,3674,734571090,,116.4180670,39.8856450,,,,,
,3675,734570248,,116.4204600,39.8828290,,,,,
,3676,12165557810,,116.4189320,39.8827780,,,,,
,3677,734570263,,116.4231190,39.8894060,,,,,
,3678,4343826445,,116.4235380,39.8890150,,,,,
,3679,734571053,,116.4300360,39.8852670,,,,,
,3680,734570399,,116.4317550,39.8848480,,,,,
,3681,734570518,,116.4315160,39.8845780,,,,,
,3682,734570493,,116.4284220,39.8844970,,,,,
,3683,734570473,,116.4182360,39.8861260,,,,,
,3684,2367024517,,116.4261900,39.8850420,,,,,
,3685,734570997,,116.4192880,39.8837510,,,,,
,3686,12346725508,,116.4197770,39.8849560,,,,,
,3687,734570499,,116.4292650,39.8895660,,,,,
,3688,734570367,,116.4222070,39.8910020,,,,,
,3690,734570430,,116.4219580,39.8838080,,,,,
,3691,734570490,,116.4175810,39.8861400,,,,,
,3692,734571110,,116.4177090,39.8851050,,,,,
,3693,734570392,,116.4285790,39.8880170,,,,,
,3694,2367024580,,116.4286020,39.8869310,,,,,
,3695,2367024523,,116.4286380,39.8888840,,,,,
,3696,2108600577,,116.4292890,39.8880100,,,,,
,3697,734570424,,116.4267450,39.8911690,,,,,
,3698,2108590169,,116.4264200,39.8911520,,,,,
,3699,734570448,,116.4217410,39.8845610,,,,,
,3700,2056613812,,116.4220680,39.8834530,,,,,
,3701,2367024422,,116.4292150,39.8897370,,,,,
,3702,5267412622,,116.4215160,39.8845360,,,,,
,3703,4715688501,,116.4175360,39.8846340,,,,,
,3704,9670073220,,116.4318910,39.8830190,,,,,
,3705,12845117153,,116.4285160,39.8844830,,,,,
,3706,2108600579,,116.4305030,39.8896170,,,,,
,3707,734570502,,116.4316160,39.8829060,,,,,
,3708,9670073216,,116.4320700,39.8829190,,,,,
,3709,734570514,,116.4300600,39.8870820,,,,,
,3710,9359693299,,116.4308350,39.8868620,,,,,
,3711,12202014702,,116.4298950,39.8867860,,,,,
,3712,12202037157,,116.4302180,39.8874440,,,,,
,3713,734570537,,116.4285820,39.8889550,,,,,
,3714,2367024589,,116.4246150,39.8877310,,,,,
,3715,2367024526,,116.4253820,39.8884480,,,,,
,3716,2108590170,,116.4245970,39.8910600,,,,,
,3717,5267412696,,116.4186260,39.8836600,,,,,
,3718,734571112,,116.4287300,39.8868620,,,,,
,3719,12346725515,,116.4200010,39.8856420,,,,,
,3720,734571075,,116.4210080,39.8856690,,,,,
,3721,734571035,,116.4158170,39.8845960,,,,,
,3722,3750627017,,116.4147900,39.8844440,,,,,
,3723,734571041,,116.4221850,39.8906590,,,,,
,3724,9670073237,,116.4223310,39.8904290,,,,,
,3725,5256821825,,116.4213870,39.8857910,,,,,
,3726,734571082,,116.4143740,39.8841420,,,,,
,3727,5588104795,,116.4140490,39.8847210,,,,,
,3728,6875195527,,116.4250440,39.8837100,,,,,
,3729,734571093,,116.4235350,39.8892290,,,,,
,3730,6008028065,,116.4238240,39.8890920,,,,,
,3731,734571095,,116.4303700,39.8877360,,,,,
,3732,8904418460,,116.4324140,39.8878400,,,,,
,3733,12202037156,,116.4303300,39.8876630,,,,,
,3734,734571143,,116.4173310,39.8848950,,,,,
,3735,734571137,,116.4251240,39.8827640,,,,,
,3736,12845117157,,116.4252790,39.8828120,,,,,
,3737,8904418462,,116.4268340,39.8911850,,,,,
,3738,7824830938,,116.4172170,39.8849920,,,,,
,3739,2108590166,,116.4246210,39.8899390,,,,,
,3740,747860607,,116.4038780,39.8931000,,,,,
,3741,1231628480,,116.4037290,39.8932490,,,,,
,3742,917109321,,116.3856460,39.9319670,,,,,
,3743,1379661185,,116.3865320,39.9320000,,,,,
,3744,12865318619,,116.4304250,39.9320720,,,,,
,3745,922922318,,116.4283390,39.9309100,,,,,
,3746,10048650740,signal,116.4283040,39.9317140,,,,,
,3747,922928966,signal,116.4288440,39.9323490,,,,,
,3748,922928978,,116.4284850,39.9319890,,,,,
,3749,1114025473,,116.4286000,39.9320800,,,,,
,3750,922954328,,116.4287660,39.9301970,,,,,
,3751,922954330,,116.4282950,39.9288090,,,,,
,3752,1819118031,,116.4283560,39.9288100,,,,,
,3753,3342222110,,116.4282810,39.9294320,,,,,
,3754,922954339,,116.4288110,39.9288270,,,,,
,3755,1819118032,,116.4284100,39.9288120,,,,,
,3756,1038275205,,116.4052690,39.9075890,,,,,
,3757,12492811784,,116.4052280,39.9083880,,,,,
,3759,3071645958,,116.4116290,39.9092110,,,,,
,3760,8809675555,,116.4117040,39.9093080,,,,,
,3761,9385292404,,116.4049610,39.9140710,,,,,
,3762,12865318624,,116.4257050,39.9321120,,,,,
,3763,1114039058,,116.4283180,39.9318150,,,,,
,3764,1114046804,,116.4281380,39.9308370,,,,,
,3765,10315108179,,116.4281060,39.9316020,,,,,
,3766,1819118045,,116.4279450,39.9298160,,,,,
,3767,1114051182,,116.4280450,39.9302900,,,,,
,3768,1114067457,,116.4282170,39.9337740,,,,,
,3769,2513551884,,116.4303760,39.9341480,,,,,
,3770,1114067460,,116.4278340,39.9348720,,,,,
,3771,1736610618,,116.4277700,39.9359180,,,,,
,3772,3074748180,,116.4272260,39.9084790,,,,,
,3773,1189531230,,116.4272500,39.9076940,,,,,
,3774,7804005695,,116.4272520,39.9076420,,,,,
,3775,1189531255,,116.4325720,39.9051500,,,,,
,3776,2668911974,,116.4325710,39.9047500,,,,,
,3777,4716312236,,116.4325620,39.9067150,,,,,
,3778,1189531446,,116.4312880,39.9051710,,,,,
,3779,1189531359,,116.4303660,39.9051740,,,,,
,3780,8958550936,,116.4301160,39.9049580,,,,,
,3781,1192323492,,116.4277410,39.9342910,,,,,
,3782,10701175768,,116.4275160,39.9343920,,,,,
,3783,10048650746,,116.4276120,39.9342030,,,,,
,3784,1192323466,,116.4298510,39.9091750,,,,,
,3785,1840701833,,116.4297820,39.9092940,,,,,
,3786,1192323467,,116.4287170,39.9190400,,,,,
,3787,9063951362,,116.4287020,39.9192890,,,,,
,3788,3412934887,,116.4279090,39.9225200,,,,,
,3789,1192323471,,116.4277800,39.9304950,,,,,
,3790,10048650744,,116.4277770,39.9302740,,,,,
,3791,1192323479,signal,116.4287410,39.9225840,,,,,
,3792,10048648400,,116.4288120,39.9227540,,,,,
,3793,1192323484,,116.4286130,39.9182870,,,,,
,3794,10048648393,,116.4286740,39.9187710,,,,,
,3795,1840701852,,116.4284900,39.9207300,,,,,
,3796,12865295009,,116.4286930,39.9235220,,,,,
,3797,1192323488,,116.4275560,39.9308330,,,,,
,3798,1192323502,,116.4275670,39.9306660,,,,,
,3799,1840701831,,116.4300940,39.9088280,,,,,
,3800,1192323490,signal,116.4283290,39.9271950,,,,,
,3801,10048648408,,116.4283280,39.9272170,,,,,
,3802,10315108176,,116.4285130,39.9224990,,,,,
,3803,11266023575,,116.4285360,39.9121560,,,,,
,3804,1192323497,signal,116.4282790,39.9294840,,,,,
,3805,10048650723,,116.4282450,39.9296540,,,,,
,3806,1192323499,,116.4280460,39.9276030,,,,,
,3807,9843256960,,116.4278910,39.9269320,,,,,
,3808,10315108169,,116.4280320,39.9236420,,,,,
,3809,10048650743,,116.4276520,39.9304300,,,,,
,3810,1192323506,,116.4285160,39.9163430,,,,,
,3811,1192323511,,116.4279840,39.9214060,,,,,
,3812,3564869820,,116.4280940,39.9210540,,,,,
,3813,1192323515,,116.4281290,39.9290150,,,,,
,3814,1819118046,,116.4280530,39.9299930,,,,,
,3815,1192323518,,116.4278580,39.9235700,,,,,
,3816,1192323519,,116.4277860,39.9293310,,,,,
,3817,1192323542,,116.4279770,39.9289370,,,,,
,3818,1638688357,,116.4278450,39.9281180,,,,,
,3819,1192323521,,116.4281550,39.9214280,,,,,
,3820,1192323534,,116.4281440,39.9209460,,,,,
,3821,1192323526,,116.4281590,39.9203560,,,,,
,3822,1192323537,,116.4283700,39.9195800,,,,,
,3823,6278305552,,116.4281790,39.9199480,,,,,
,3824,1192323528,,116.4285860,39.9248480,,,,,
,3825,1192323547,,116.4284230,39.9253500,,,,,
,3826,1192323530,,116.4297320,39.9094310,,,,,
,3827,1840701834,,116.4293940,39.9108660,,,,,
,3828,1192323531,,116.4278970,39.9267660,,,,,
,3829,1192323532,,116.4286550,39.9235710,,,,,
,3830,10048648404,,116.4286010,39.9245690,,,,,
,3831,1192323533,,116.4281750,39.9275840,,,,,
,3832,1195165352,,116.4279430,39.8996430,,,,,
,3833,1195165416,,116.4269980,39.8994600,,,,,
,3834,1195165417,,116.4309420,39.8984500,,,,,
,3835,1195165367,,116.4293900,39.8997040,,,,,
,3836,1195165438,,116.4292500,39.8996840,,,,,
,3837,1195165368,,116.4296830,39.8991500,,,,,
,3838,10048983137,,116.4297250,39.8991450,,,,,
,3839,1195165369,,116.4299190,39.9018660,,,,,
,3840,10048964010,,116.4299980,39.9014040,,,,,
,3841,1840701828,,116.4299440,39.9014010,,,,,
,3842,1195165475,,116.4317990,39.8983460,,,,,
,3843,1195165387,,116.4293930,39.8997610,,,,,
,3844,1195165446,,116.4292060,39.8997500,,,,,
,3845,1195165473,,116.4263370,39.8992290,,,,,
,3846,1195165391,,116.4296780,39.8998400,,,,,
,3847,1195165455,,116.4295470,39.8997600,,,,,
,3848,1195165393,,116.4296560,39.8998980,,,,,
,3849,1195165461,,116.4295200,39.8998030,,,,,
,3850,1195165401,,116.4281920,39.8994830,,,,,
,3851,1362315769,,116.4277500,39.8994760,,,,,
,3852,1195165405,,116.4297700,39.9000970,,,,,
,3853,1195165470,,116.4297340,39.9000050,,,,,
,3854,1195165407,,116.4307490,39.8987390,,,,,
,3855,1195165409,,116.4278880,39.8997250,,,,,
,3856,4138587396,,116.4275770,39.8996670,,,,,
,3857,9702249118,,116.4241590,39.8993890,,,,,
,3858,1195165491,,116.4314090,39.8983200,,,,,
,3859,1195165420,,116.4298650,39.9001460,,,,,
,3860,1195165428,,116.4298050,39.9000030,,,,,
,3861,1195165422,,116.4305410,39.8994850,,,,,
,3862,12387726315,,116.4304300,39.8997310,,,,,
,3863,1840701826,,116.4297470,39.8999190,,,,,
,3864,1195165439,,116.4299600,39.8990750,,,,,
,3865,10048983138,,116.4298010,39.8991270,,,,,
,3866,1195165440,,116.4298550,39.9007240,,,,,
,3867,1195165492,,116.4297910,39.9002560,,,,,
,3868,1195165494,,116.4288040,39.8997460,,,,,
,3869,1195165477,,116.4272140,39.8995860,,,,,
,3870,8142278860,,116.4271300,39.8995450,,,,,
,3871,10048983146,,116.4316330,39.8982710,,,,,
,3872,1840701801,,116.4301120,39.8993860,,,,,
,3873,10048983127,,116.4283470,39.8997360,,,,,
,3874,2480760601,,116.4249100,39.8924020,,,,,
,3875,1231628419,,116.3921130,39.8901590,,,,,
,3876,1231628424,,116.3877550,39.8890210,,,,,
,3877,1231628428,,116.3797120,39.8880650,,,,,
,3878,1231628430,,116.3801590,39.8879600,,,,,
,3879,1598454368,,116.3806120,39.8879720,,,,,
,3880,1231628439,signal,116.3892510,39.8893680,,,,,
,3881,9298159154,,116.3890380,39.8893190,,,,,
,3882,1231628465,,116.3817330,39.8880270,,,,,
,3884,12927006652,,116.3788370,39.8879080,,,,,
,3885,1891103103,,116.4035760,39.8936180,,,,,
,3886,2108590172,,116.4245680,39.8920190,,,,,
,3887,1840794398,,116.3756790,39.9161270,,,,,
,3888,9676576388,,116.3756690,39.9199810,,,,,
,3889,1298111381,,116.3830790,39.9133450,,,,,
,3890,2001984367,,116.3832420,39.9133470,,,,,
,3891,1298111402,,116.3796960,39.9059260,,,,,
,3892,9377983843,,116.3786110,39.9210460,,,,,
,3893,1429524724,,116.3684510,39.8983070,,,,,
,3894,1599489653,signal,116.3776740,39.8984440,,,,,
,3895,1300406466,,116.4298520,39.9050720,,,,,
,3896,1300406441,,116.4290370,39.9088400,,,,,
,3897,1300406453,,116.4289310,39.9087090,,,,,
,3898,1300406442,,116.4290160,39.9085320,,,,,
,3899,1300406471,,116.4290810,39.9085640,,,,,
,3900,1300406445,,116.4300330,39.9087260,,,,,
,3901,1300406474,,116.4296350,39.9092940,,,,,
,3902,1300406446,,116.4293180,39.9058470,,,,,
,3903,1300406475,,116.4292360,39.9058020,,,,,
,3904,1300406448,,116.4293100,39.9074770,,,,,
,3905,1300406450,,116.4296590,39.9060800,,,,,
,3906,1300406543,,116.4296580,39.9071560,,,,,
,3907,1300406452,,116.4290330,39.9056590,,,,,
,3908,12387726306,,116.4290610,39.9056060,,,,,
,3909,1300406480,,116.4288850,39.9085570,,,,,
,3910,1300406454,,116.4294560,39.9071500,,,,,
,3911,1300406477,,116.4294720,39.9062430,,,,,
,3912,1300406455,,116.4301100,39.9058220,,,,,
,3913,12387726301,,116.4300870,39.9058010,,,,,
,3914,1300406456,,116.4293990,39.9084560,,,,,
,3915,1300406516,,116.4297490,39.9068570,,,,,
,3916,1300406460,,116.4295630,39.9083400,,,,,
,3917,1840701832,,116.4295270,39.9092490,,,,,
,3918,1300406476,,116.4296170,39.9084810,,,,,
,3919,1300406461,,116.4302580,39.9060230,,,,,
,3920,9671455193,,116.4302180,39.9069100,,,,,
,3921,1300406463,,116.4305400,39.9073260,,,,,
,3922,1300406486,,116.4303220,39.9074690,,,,,
,3923,1300406464,,116.4290350,39.9058380,,,,,
,3924,12387726307,,116.4290100,39.9058910,,,,,
,3925,1300406465,,116.4298930,39.9057590,,,,,
,3926,1300406488,,116.4298090,39.9057840,,,,,
,3927,1300406478,,116.4298860,39.9051690,,,,,
,3928,1300406490,,116.4292660,39.9092430,,,,,
,3929,1300406503,,116.4291590,39.9085720,,,,,
,3930,1300406473,,116.4289100,39.9083750,,,,,
,3931,1300406493,,116.4289700,39.9084830,,,,,
,3932,1300406511,,116.4291730,39.9057890,,,,,
,3933,9671433195,,116.4296720,39.9085200,,,,,
,3934,1300406510,,116.4295280,39.9052710,,,,,
,3935,1300406499,,116.4293800,39.9059010,,,,,
,3936,1300406505,,116.4299730,39.9053320,,,,,
,3937,1300406479,,116.4292000,39.9054040,,,,,
,3938,12387726305,,116.4293010,39.9052560,,,,,
,3939,9671393585,,116.4288490,39.9083760,,,,,
,3940,1300406504,,116.4297560,39.9074720,,,,,
,3941,4716312229,,116.4303180,39.9075370,,,,,
,3942,1300406501,,116.4297600,39.9058210,,,,,
,3943,1300406525,,116.4291720,39.9090940,,,,,
,3944,1300406492,,116.4289600,39.9070980,,,,,
,3945,9671452047,,116.4292050,39.9070990,,,,,
,3946,1300406495,,116.4301580,39.9083630,,,,,
,3947,1300406522,,116.4301330,39.9085470,,,,,
,3948,1300406496,,116.4289900,39.9059470,,,,,
,3949,9671452039,,116.4289940,39.9059960,,,,,
,3950,12387726308,,116.4293900,39.9053480,,,,,
,3951,1300406778,,116.4281120,39.9073580,,,,,
,3952,1300406537,,116.4285920,39.9069470,,,,,
,3953,1300406526,,116.4297140,39.9058740,,,,,
,3954,9782405956,signal,116.4284500,39.9069920,,,,,
,3955,1300406527,,116.4292470,39.9085630,,,,,
,3956,12387653599,,116.4300570,39.9054610,,,,,
,3957,1300406508,,116.4291720,39.9072280,,,,,
,3958,9671393586,,116.4290710,39.9072610,,,,,
,3959,9671433196,,116.4286350,39.9072190,,,,,
,3960,1300406548,,116.4290880,39.9058040,,,,,
,3961,1300406512,,116.4301730,39.9057010,,,,,
,3962,12387653600,,116.4302150,39.9058320,,,,,
,3963,1300406514,,116.4300230,39.9057720,,,,,
,3964,1300406538,,116.4299710,39.9057600,,,,,
,3965,1300406517,,116.4298170,39.9033790,,,,,
,3966,1841740755,,116.4299040,39.9028540,,,,,
,3967,1300406520,,116.4325660,39.9069550,,,,,
,3968,1300406521,,116.4295410,39.9036670,,,,,
,3969,9671560497,,116.4296050,39.9036000,,,,,
,3970,1300406524,,116.4302350,39.9071060,,,,,
,3971,9671455189,,116.4304850,39.9071080,,,,,
,3972,1300406545,,116.4293420,39.9085310,,,,,
,3973,1300406528,,116.4289830,39.9057880,,,,,
,3974,9671588491,,116.4296190,39.9041920,,,,,
,3975,9671560495,,116.4296950,39.9039460,,,,,
,3976,1300406531,,116.4302200,39.9072330,,,,,
,3977,9671457057,,116.4299970,39.9072320,,,,,
,3978,1300406534,,116.4302560,39.9059730,,,,,
,3979,4716312218,,116.4306580,39.9069620,,,,,
,3980,1300406536,,116.4294380,39.9046280,,,,,
,3981,8809676333,,116.4294980,39.9041690,,,,,
,3982,1300406539,,116.4266520,39.9073320,,,,,
,3983,9782405961,,116.4263130,39.9072480,,,,,
,3984,1300406540,,116.4301050,39.9055530,,,,,
,3985,1300406544,,116.4301540,39.9058850,,,,,
,3986,1300406546,,116.4302700,39.9083580,,,,,
,3987,2099146538,,116.4272590,39.9073370,,,,,
,3988,1358709948,,116.3834120,39.9058440,,,,,
,3989,1737653016,,116.3835950,39.9058490,,,,,
,3990,1362315762,,116.4152880,39.8991570,,,,,
,3991,10885563863,,116.4150720,39.8991640,,,,,
,3992,1362315763,,116.4148960,39.8991870,,,,,
,3993,1362315764,,116.4146410,39.8992320,,,,,
,3994,3451042768,,116.4144890,39.8992730,,,,,
,3995,1362315766,signal,116.4214220,39.8993070,,,,,
,3996,10274394473,,116.4213560,39.8993050,,,,,
,3997,1362315768,,116.4135660,39.8995600,,,,,
,3998,9722428095,,116.4134950,39.8996140,,,,,
,3999,1362315775,,116.4123150,39.8998000,,,,,
,4000,11192752212,,116.4126230,39.8995950,,,,,
,4001,10885563873,,116.4122750,39.8999920,,,,,
,4002,1362315778,,116.4137600,39.9000050,,,,,
,4003,10885563865,,116.4138320,39.9000330,,,,,
,4004,1362315779,,116.4141040,39.9001380,,,,,
,4005,1362315780,,116.4143780,39.9002740,,,,,
,4006,1362315781,,116.4146770,39.9004580,,,,,
,4007,9671606605,,116.4154010,39.9010380,,,,,
,4008,6580882849,,116.4149740,39.9005590,,,,,
,4009,1362315782,,116.4167360,39.9020990,,,,,
,4010,11059812310,,116.4169420,39.9022220,,,,,
,4011,11059812315,,116.4172940,39.9025590,,,,,
,4012,1362315784,,116.4187840,39.9033660,,,,,
,4013,1841773268,,116.4190880,39.9034490,,,,,
,4014,1362315785,,116.4193630,39.9034930,,,,,
,4015,11059812324,signal,116.4205330,39.9034970,,,,,
,4016,1362315786,,116.4253340,39.9036000,,,,,
,4017,1779120133,signal,116.4258750,39.9036170,,,,,
,4018,1362315787,signal,116.4210110,39.9035810,,,,,
,4019,12394030664,,116.4211780,39.9035820,,,,,
,4020,11059812326,,116.4210090,39.9037030,,,,,
,4021,1362315789,signal,116.4205330,39.9035940,,,,,
,4022,11059812325,,116.4208260,39.9035770,,,,,
,4023,12394030665,,116.4212120,39.9037030,,,,,
,4024,1362315795,signal,116.4211350,39.9071140,,,,,
,4025,8835880558,,116.4208960,39.9071100,,,,,
,4026,1362315796,signal,116.4206960,39.9073940,,,,,
,4027,4716204017,,116.4206960,39.9072860,,,,,
,4028,9296364402,,116.4208600,39.9088940,,,,,
,4029,9705429910,,116.4206790,39.9113460,,,,,
,4030,2383241724,,116.4205520,39.9135500,,,,,
,4031,2383234316,,116.4204660,39.9148410,,,,,
,4032,9705432745,,116.4202440,39.9187570,,,,,
,4033,1362315806,,116.4201840,39.9198780,,,,,
,4034,8958517272,,116.4204510,39.9198740,,,,,
,4035,2383234180,,116.4200970,39.9217920,,,,,
,4037,1363488706,,116.4133620,39.8997810,,,,,
,4038,10885563858,,116.4133230,39.8998060,,,,,
,4039,1363488708,,116.4125630,39.8997880,,,,,
,4040,11192752210,,116.4125480,39.8997890,,,,,
,4041,1363488709,,116.4132670,39.8998280,,,,,
,4042,10885563857,,116.4131980,39.8998420,,,,,
,4043,11192752211,,116.4125230,39.8998660,,,,,
,4044,1363488711,,116.4129420,39.8998230,,,,,
,4045,10885563850,signal,116.4126110,39.8997900,,,,,
,4046,1363488712,,116.4131280,39.8998420,,,,,
,4047,1379661275,,116.3871080,39.9320020,,,,,
,4048,1379661232,,116.3836740,39.9318940,,,,,
,4049,9333243778,,116.3839730,39.9319040,,,,,
,4050,1687056692,,116.3874960,39.9320030,,,,,
,4051,1410714248,,116.3926990,39.8833720,,,,,
,4052,9326306840,,116.3926730,39.8838740,,,,,
,4053,2383173543,,116.3928610,39.8833710,,,,,
,4054,1410714249,,116.3900400,39.8893180,,,,,
,4055,12823699032,,116.3917420,39.8894370,,,,,
,4056,10316801423,,116.3680880,39.9058700,,,,,
,4057,1414025826,,116.3678400,39.9075700,,,,,
,4058,1414025827,,116.3678180,39.9082940,,,,,
,4059,1673308873,,116.3678110,39.9085020,,,,,
,4060,10316801416,,116.3680120,39.9083040,,,,,
,4061,1414025828,,116.3677840,39.9095680,,,,,
,4062,5077273901,,116.3679370,39.9095720,,,,,
,4063,2048080282,,116.3677640,39.9105700,,,,,
,4064,1414025829,,116.3677400,39.9113570,,,,,
,4065,5077273902,,116.3678470,39.9113580,,,,,
,4066,3739245928,,116.3677070,39.9123400,,,,,
,4067,1414025830,,116.3676850,39.9131880,,,,,
,4068,10933449880,,116.3676600,39.9132600,,,,,
,4069,9669617864,,116.3674070,39.8982820,,,,,
,4070,1414035077,,116.3624060,39.8983500,,,,,
,4071,12438334133,,116.3623880,39.8984780,,,,,
,4072,1673265480,,116.3624080,39.8982800,,,,,
,4073,1414035078,,116.3677560,39.8984910,,,,,
,4074,1673265486,,116.3667330,39.8984540,,,,,
,4075,9378025376,,116.3679910,39.8986170,,,,,
,4076,1414035081,,116.3884560,39.8986340,,,,,
,4077,5098449216,,116.3843970,39.8986700,,,,,
,4078,1414035083,,116.3681980,39.8986400,,,,,
,4079,2449568253,,116.3681360,39.8997650,,,,,
,4080,1414035085,signal,116.3754440,39.8986920,,,,,
,4081,1414035086,signal,116.3854580,39.8987050,,,,,
,4082,9378036223,,116.3855900,39.8987100,,,,,
,4083,2347934916,,116.3706660,39.8986530,,,,,
,4084,1414035088,,116.3870920,39.8987350,,,,,
,4085,1414035089,signal,116.3782280,39.8989270,,,,,
,4086,9378025368,,116.3781700,39.8989260,,,,,
,4087,1414035090,,116.3895440,39.8988860,,,,,
,4088,1414035091,,116.3887490,39.8989660,,,,,
,4089,1737659092,,116.3880080,39.8990340,,,,,
,4090,2099138478,,116.3798540,39.8989600,,,,,
,4091,1414035093,signal,116.3857990,39.8991100,,,,,
,4092,9378036230,,116.3857530,39.8991100,,,,,
,4093,1414035095,,116.3844890,39.9004360,,,,,
,4094,1414035096,,116.3822020,39.9006750,,,,,
,4095,13570555113,,116.3823200,39.9006740,,,,,
,4096,9378036220,,116.3930550,39.8978730,,,,,
,4097,1419898264,,116.3876690,39.8988470,,,,,
,4098,1419898274,,116.3907000,39.8976520,,,,,
,4099,9327480043,,116.3909530,39.8975710,,,,,
,4100,1419898276,,116.3878040,39.8989380,,,,,
,4101,10316801444,,116.3677870,39.8981240,,,,,
,4102,1429524722,,116.3684350,39.8981500,,,,,
,4103,9378025377,,116.3683480,39.8986500,,,,,
,4104,1429524723,signal,116.3677410,39.8982870,,,,,
,4105,10316801446,,116.3677730,39.8982880,,,,,
,4106,1737702590,,116.3686860,39.8983170,,,,,
,4107,9378025380,,116.3678720,39.8982920,,,,,
,4108,10316801447,,116.3677630,39.8984140,,,,,
,4109,1429524726,signal,116.3685400,39.8984460,,,,,
,4110,9378025378,,116.3684270,39.8984410,,,,,
,4111,1429524727,signal,116.3678390,39.8987290,,,,,
,4112,9378025375,,116.3678440,39.8986070,,,,,
,4113,1429524728,signal,116.3685170,39.8986620,,,,,
,4114,1429524729,,116.3678210,39.8992050,,,,,
,4115,1429524730,,116.3678120,39.9003220,,,,,
,4116,1429524731,,116.3682720,39.9004980,,,,,
,4117,12438334143,,116.3682100,39.9021100,,,,,
,4118,1429524738,,116.3677680,39.9012430,,,,,
,4119,8742536104,,116.3677280,39.9025660,,,,,
,4120,1429524740,,116.3676490,39.9037310,,,,,
,4121,8742536110,,116.3675820,39.9037310,,,,,
,4122,10316801440,,116.3676730,39.9034150,,,,,
,4123,2010541451,,116.3682540,39.9040240,,,,,
,4124,1429554253,,116.4139100,39.8993260,,,,,
,4125,3451042767,,116.4144520,39.8991870,,,,,
,4126,1446052195,,116.3970660,39.9070180,,,,,
,4127,1446052218,,116.3970560,39.9072280,,,,,
,4128,6421531641,,116.3970710,39.9069280,,,,,
,4129,5810315259,,116.3970510,39.9073360,,,,,
,4130,1449318274,,116.3649000,39.9131300,,,,,
,4131,1449318276,,116.3659300,39.9132580,,,,,
,4132,1449318281,,116.4048880,39.9227140,,,,,
,4133,1449318284,,116.4056260,39.9227250,,,,,
,4134,3412938396,,116.4079210,39.9227390,,,,,
,4135,12876983184,,116.4109960,39.9227550,,,,,
,4136,1449318288,,116.4088500,39.9227420,,,,,
,4137,1449318290,signal,116.4110200,39.9227550,,,,,
,4138,8958237029,,116.4110780,39.9227560,,,,,
,4139,3412934886,,116.4193960,39.9228110,,,,,
,4141,2383234186,,116.4199390,39.9221890,,,,,
,4142,3412934890,,116.4206370,39.9228180,,,,,
,4143,1449318310,,116.4048680,39.9228470,,,,,
,4144,1859740295,,116.4264150,39.9228480,,,,,
,4145,1449318312,,116.3976860,39.9228360,,,,,
,4146,12838102856,,116.3976130,39.9228270,,,,,
,4147,1449318316,,116.4048710,39.9229790,,,,,
,4148,8958225998,,116.4048250,39.9229810,,,,,
,4149,1449318318,,116.4076420,39.9229650,,,,,
,4150,1449318397,,116.4069880,39.9229600,,,,,
,4151,1449318320,,116.4038370,39.9230190,,,,,
,4152,2383255479,,116.4034140,39.9230120,,,,,
,4153,1449318322,,116.4088610,39.9229790,,,,,
,4154,1449318326,signal,116.4114340,39.9229970,,,,,
,4155,8958237034,,116.4113900,39.9229970,,,,,
,4156,1449318327,,116.4171950,39.9230230,,,,,
,4157,1858911862,signal,116.4142570,39.9230140,,,,,
,4159,9705432736,,116.4181410,39.9230280,,,,,
,4160,1449318340,,116.4048740,39.9230670,,,,,
,4161,8958225997,,116.4048210,39.9230400,,,,,
,4162,1449318342,,116.4076390,39.9230840,,,,,
,4163,1449318345,,116.4072760,39.9230850,,,,,
,4164,3732821903,,116.4057620,39.9230620,,,,,
,4165,3412934888,,116.4086780,39.9230850,,,,,
,4166,1449318349,signal,116.4114340,39.9231120,,,,,
,4167,8958237033,,116.4113900,39.9231120,,,,,
,4168,1859740301,,116.4274480,39.9231240,,,,,
,4169,10048648403,signal,116.4275980,39.9229810,,,,,
,4170,3412934884,,116.4157240,39.9231530,,,,,
,4171,3412934879,,116.4194870,39.9231780,,,,,
,4172,3412938393,,116.4245750,39.9232110,,,,,
,4173,1449318362,,116.4256780,39.9232350,,,,,
,4174,1449318374,,116.4072000,39.9238950,,,,,
,4175,6818532165,,116.4072000,39.9240350,,,,,
,4176,1449318394,,116.4069870,39.9228400,,,,,
,4177,1449318396,,116.4066640,39.9229600,,,,,
,4178,1480544876,,116.4121460,39.9322000,,,,,
,4179,1861655010,,116.4156550,39.9322120,,,,,
,4180,1502696786,,116.3713410,39.9211370,,,,,
,4181,1502696905,,116.3722450,39.9211550,,,,,
,4182,1502696787,,116.3728380,39.9211680,,,,,
,4183,9494109335,,116.3730530,39.9211720,,,,,
,4184,1502696788,,116.3736160,39.9211840,,,,,
,4185,1840794407,,116.3736590,39.9211840,,,,,
,4186,1502696790,,116.3713330,39.9212180,,,,,
,4187,10745130567,,116.3712820,39.9211970,,,,,
,4188,1502696791,,116.3726360,39.9212420,,,,,
,4189,11283772615,,116.3721210,39.9212320,,,,,
,4190,1502696815,,116.3726330,39.9213200,,,,,
,4191,1502696793,,116.3728380,39.9212460,,,,,
,4192,1502696795,,116.3736120,39.9212600,,,,,
,4193,1721713084,,116.3729880,39.9212480,,,,,
,4194,1502696798,,116.3739880,39.9212670,,,,,
,4195,1840794409,,116.3736550,39.9212610,,,,,
,4196,1502696800,,116.3740700,39.9212690,,,,,
,4197,1502696802,,116.3741710,39.9212710,,,,,
,4198,1502696818,,116.3741690,39.9213520,,,,,
,4199,1502696803,,116.3742530,39.9212720,,,,,
,4200,1502696828,,116.3742520,39.9213530,,,,,
,4201,1502696812,,116.3713380,39.9212940,,,,,
,4202,10745130566,,116.3712810,39.9212410,,,,,
,4203,9377983847,signal,116.3713680,39.9212940,,,,,
,4204,10745188453,,116.3726320,39.9213710,,,,,
,4205,1502696816,,116.3739870,39.9213480,,,,,
,4206,1502696817,,116.3740680,39.9213500,,,,,
,4207,10745188457,,116.3741770,39.9213950,,,,,
,4208,10745188458,,116.3742670,39.9213970,,,,,
,4209,1502696830,,116.3753580,39.9213760,,,,,
,4210,1976959601,,116.3750850,39.9213700,,,,,
,4211,10745188464,,116.3739330,39.9225950,,,,,
,4212,1976959585,,116.3740190,39.9256220,,,,,
,4213,1502696836,,116.3739380,39.9238180,,,,,
,4214,6132168560,,116.3739980,39.9227600,,,,,
,4215,1502696837,,116.3740200,39.9238250,,,,,
,4216,1976959625,,116.3739060,39.9255830,,,,,
,4217,6132168559,,116.3739100,39.9227570,,,,,
,4218,1502696851,,116.3735660,39.9289770,,,,,
,4219,1502696847,,116.3737370,39.9282400,,,,,
,4220,1502696849,,116.3733860,39.9289640,,,,,
,4221,4859729380,,116.3735420,39.9275110,,,,,
,4222,1502696897,,116.3735390,39.9295150,,,,,
,4223,1502696859,,116.3736500,39.9294520,,,,,
,4224,1502696855,,116.3733660,39.9294390,,,,,
,4225,1502696877,,116.3736400,39.9298110,,,,,
,4226,1502696861,,116.3734520,39.9295110,,,,,
,4227,1502696863,,116.3735440,39.9297230,,,,,
,4228,1502696883,,116.3735800,39.9302480,,,,,
,4229,1502696866,,116.3734550,39.9297260,,,,,
,4230,1502696882,,116.3736740,39.9301880,,,,,
,4231,1502696878,,116.3733590,39.9298140,,,,,
,4232,1502696881,,116.3733820,39.9301880,,,,,
,4233,1502696889,,116.3737100,39.9305020,,,,,
,4234,1502696886,,116.3736160,39.9304990,,,,,
,4235,1502696900,,116.3734720,39.9300180,,,,,
,4236,1502696891,,116.3737380,39.9308840,,,,,
,4237,1502696887,,116.3734320,39.9304990,,,,,
,4238,9494141247,,116.3738690,39.9308840,,,,,
,4239,1502696895,signal,116.3739410,39.9313540,,,,,
,4240,1502696893,,116.3735530,39.9313410,,,,,
,4241,10278017141,,116.3740080,39.9315090,,,,,
,4242,1549077224,,116.3784650,39.8863500,,,,,
,4243,9664774683,,116.3784820,39.8861080,,,,,
,4245,1549077232,,116.3681290,39.8920250,,,,,
,4246,1549077238,,116.3681680,39.8921480,,,,,
,4247,1549077239,,116.3680950,39.8921590,,,,,
,4248,1549077244,,116.3680740,39.8925610,,,,,
,4249,3455527436,,116.3681070,39.8928960,,,,,
,4250,2264143415,,116.3676900,39.9077860,,,,,
,4251,1549077298,signal,116.3670350,39.9225610,,,,,
,4252,10745130597,,116.3670780,39.9225630,,,,,
,4253,1549077301,,116.3670530,39.9226510,,,,,
,4254,5630185716,,116.3661330,39.9226390,,,,,
,4255,1583217929,,116.4248000,39.9035910,,,,,
,4256,1583578410,,116.4251250,39.9035940,,,,,
,4257,1583230837,,116.4229540,39.9037070,,,,,
,4258,4716204330,,116.4229480,39.9038660,,,,,
,4259,9317086728,,116.4234870,39.9069920,,,,,
,4260,1583578395,,116.4252370,39.9035980,,,,,
,4261,1583578414,,116.4237570,39.9037100,,,,,
,4262,1583578419,,116.4243440,39.9037190,,,,,
,4263,1583578426,,116.4250870,39.9037280,,,,,
,4264,1584011221,,116.3677300,39.8985970,,,,,
,4265,1673265490,,116.3670960,39.8985670,,,,,
,4266,1598433270,,116.3644320,39.8876850,,,,,
,4267,1598453913,,116.3649750,39.8876790,,,,,
,4268,1598453908,,116.3667770,39.8876640,,,,,
,4269,9063565800,,116.3677600,39.8876620,,,,,
,4270,1598453912,,116.3657480,39.8876800,,,,,
,4271,1598453915,,116.3700850,39.8877260,,,,,
,4272,9015750652,,116.3708280,39.8877510,,,,,
,4273,1599483533,,116.3762740,39.8878580,,,,,
,4274,1598453920,,116.3696500,39.8878410,,,,,
,4275,9015750651,,116.3708250,39.8878540,,,,,
,4276,12927006647,,116.3783700,39.8877330,,,,,
,4277,1598453922,,116.3702500,39.8880090,,,,,
,4278,1598453929,,116.3700380,39.8881400,,,,,
,4279,12927006686,,116.3686590,39.8879980,,,,,
,4280,1598453923,,116.3667530,39.8879860,,,,,
,4281,2480776654,,116.3656810,39.8879870,,,,,
,4282,1598453927,,116.3665620,39.8881180,,,,,
,4283,9120157538,,116.3658960,39.8881250,,,,,
,4284,10316801457,,116.3679530,39.8881030,,,,,
,4285,9092783616,,116.3697640,39.8881460,,,,,
,4287,12927006640,,116.3781180,39.8882860,,,,,
,4288,9120157528,,116.3800110,39.8883730,,,,,
,4289,1598453936,,116.3882060,39.8888800,,,,,
,4290,1598453937,,116.3881240,39.8889850,,,,,
,4291,2449562456,,116.3872980,39.8888260,,,,,
,4292,4710637260,,116.3916480,39.8896830,,,,,
,4293,1598453939,,116.3922660,39.8897730,,,,,
,4294,1598459385,,116.3925980,39.8898120,,,,,
,4295,1622356580,,116.3934350,39.8900150,,,,,
,4296,1598459387,,116.3938820,39.8901470,,,,,
,4297,1598459389,signal,116.3948720,39.8903490,,,,,
,4298,1598459388,,116.3929100,39.8903460,,,,,
,4299,11255102474,,116.3927180,39.8903010,,,,,
,4300,10276936406,,116.3950100,39.8903800,,,,,
,4301,2480776656,,116.3933790,39.8902950,,,,,
,4302,1598459391,,116.3935030,39.8904770,,,,,
,4303,1598459392,,116.3944500,39.8906030,,,,,
,4304,4720814708,,116.3939740,39.8905520,,,,,
,4305,4720814585,,116.3947980,39.8907600,,,,,
,4306,3296242009,,116.4133490,39.8862520,,,,,
,4307,1598502388,,116.4126990,39.8860500,,,,,
,4308,1598502393,,116.4127570,39.8861260,,,,,
,4309,1598502402,,116.4132320,39.8865210,,,,,
,4310,1598502408,,116.4131320,39.8868880,,,,,
,4311,1598502404,,116.4125600,39.8868630,,,,,
,4312,3296242007,,116.4126190,39.8866140,,,,,
,4313,1598502406,,116.4064380,39.8869380,,,,,
,4314,12568231502,,116.4064270,39.8871170,,,,,
,4315,1598502412,,116.4130500,39.8874650,,,,,
,4316,1598502410,,116.4125210,39.8871730,,,,,
,4317,1598502418,,116.4129660,39.8889620,,,,,
,4318,1598502413,,116.4125080,39.8878540,,,,,
,4319,1598502415,,116.4063620,39.8882190,,,,,
,4320,1598502424,,116.4063080,39.8891780,,,,,
,4321,1598502417,,116.4128120,39.8889560,,,,,
,4322,9049469436,,116.4127850,39.8895840,,,,,
,4323,1598502426,,116.4129400,39.8893330,,,,,
,4324,10276967815,,116.4062910,39.8894670,,,,,
,4325,1598502428,,116.4124140,39.8904380,,,,,
,4326,4720777070,,116.4124230,39.8902530,,,,,
,4327,1598502437,,116.4128840,39.8909700,,,,,
,4328,1598502432,,116.3962920,39.8906620,,,,,
,4329,1598502433,,116.4125580,39.8906600,,,,,
,4330,9699784257,,116.4125750,39.8902540,,,,,
,4331,1598502434,,116.4124210,39.8908520,,,,,
,4332,1598502447,,116.3981330,39.8909840,,,,,
,4333,1598502460,,116.4129630,39.8911880,,,,,
,4334,1598502448,,116.3987690,39.8910270,,,,,
,4335,7824965291,,116.3996020,39.8910560,,,,,
,4336,1598502450,,116.4125240,39.8909580,,,,,
,4337,1598502452,,116.4123930,39.8910420,,,,,
,4338,4720777072,,116.4124150,39.8908950,,,,,
,4339,1598502455,,116.3967270,39.8910870,,,,,
,4340,10276967809,,116.3949560,39.8907140,,,,,
,4341,1598502457,,116.4013490,39.8911350,,,,,
,4342,1622356607,,116.4039760,39.8912300,,,,,
,4343,4720797551,,116.4013500,39.8910680,,,,,
,4344,1598502459,,116.4127530,39.8911560,,,,,
,4345,9049469453,,116.4127620,39.8914210,,,,,
,4346,10294455632,,116.4127350,39.8911780,,,,,
,4347,1598502504,,116.4130220,39.8913480,,,,,
,4348,1598502462,,116.4124950,39.8911450,,,,,
,4349,9049469438,,116.4125220,39.8909680,,,,,
,4350,1598502467,,116.3973080,39.8911970,,,,,
,4351,1598502471,,116.4126070,39.8912230,,,,,
,4352,10294455629,,116.4125700,39.8912130,,,,,
,4353,1598502475,,116.4125400,39.8911960,,,,,
,4354,10294455628,,116.4125140,39.8911740,,,,,
,4355,1598502477,,116.3974400,39.8912150,,,,,
,4356,1598502478,,116.4123330,39.8911920,,,,,
,4358,4720797566,,116.4059720,39.8912270,,,,,
,4359,4720750634,,116.4071180,39.8913840,,,,,
,4360,1598502496,,116.3981300,39.8913000,,,,,
,4361,1598502498,,116.4122170,39.8913140,,,,,
,4362,9049469437,,116.4122910,39.8912590,,,,,
,4363,1598502502,,116.3987670,39.8913450,,,,,
,4364,9049469457,,116.4130510,39.8913930,,,,,
,4365,2480760621,,116.4068360,39.8914370,,,,,
,4367,1598502513,,116.3997070,39.8913860,,,,,
,4368,12655811467,,116.3995870,39.8913810,,,,,
,4369,1598502515,,116.4090380,39.8913980,,,,,
,4370,4720750633,,116.4094190,39.8914160,,,,,
,4371,1598502517,,116.4120820,39.8913720,,,,,
,4372,1598502520,,116.4107680,39.8914310,,,,,
,4373,4720777075,,116.4112680,39.8914210,,,,,
,4374,1598502521,,116.4104180,39.8914340,,,,,
,4375,1598502542,,116.4107180,39.8915640,,,,,
,4376,1598502522,,116.4118850,39.8914110,,,,,
,4377,12655811466,,116.3997740,39.8913900,,,,,
,4378,1598502534,,116.4048300,39.8914600,,,,,
,4379,2480760620,,116.4036360,39.8914210,,,,,
,4380,1598502536,,116.4133180,39.8915000,,,,,
,4381,1598502541,,116.4134870,39.8915400,,,,,
,4383,1598502540,,116.4100580,39.8915380,,,,,
,4384,9049469462,,116.4111380,39.8915840,,,,,
,4385,1598502544,,116.4119560,39.8915810,,,,,
,4386,9049469447,,116.4123010,39.8915640,,,,,
,4387,9049469442,,116.4120060,39.8916270,,,,,
,4388,1598502560,,116.4132920,39.8916080,,,,,
,4389,1598502564,,116.4137320,39.8916430,,,,,
,4390,1598502561,,116.4120210,39.8916580,,,,,
,4391,1598502580,,116.4120350,39.8916920,,,,,
,4392,1598502563,,116.4099450,39.8916790,,,,,
,4393,2449562457,,116.4065880,39.8915280,,,,,
,4394,1598502578,,116.4139440,39.8916560,,,,,
,4395,1598502565,,116.4132110,39.8916950,,,,,
,4396,9049469441,,116.4132290,39.8916470,,,,,
,4398,4720797571,,116.4058340,39.8916450,,,,,
,4399,4720797559,,116.4061600,39.8917650,,,,,
,4400,1598502579,,116.4131980,39.8917480,,,,,
,4401,4720777073,,116.4120280,39.8917470,,,,,
,4402,1598502584,,116.4112150,39.8917220,,,,,
,4403,1598502600,,116.4108600,39.8918160,,,,,
,4404,1598502590,,116.4100900,39.8917900,,,,,
,4405,4720750632,,116.4094060,39.8917580,,,,,
,4406,1598502592,,116.4132080,39.8917830,,,,,
,4407,1598502594,,116.4117890,39.8917740,,,,,
,4408,1598502598,,116.4119680,39.8917900,,,,,
,4409,9049469440,,116.4137820,39.8917950,,,,,
,4410,9049469455,,116.4129150,39.8918350,,,,,
,4411,1598502609,,116.4117620,39.8918990,,,,,
,4412,1598502611,,116.4121090,39.8919070,,,,,
,4413,1598502615,,116.4120070,39.8919420,,,,,
,4414,1598502617,,116.4146800,39.8919300,,,,,
,4415,1598502620,,116.4138610,39.8919530,,,,,
,4416,1598502619,,116.4135360,39.8919610,,,,,
,4417,1598502621,,116.4132930,39.8919820,,,,,
,4418,9049469465,,116.4131290,39.8920160,,,,,
,4419,1598502622,,116.4121850,39.8920260,,,,,
,4420,1598502628,,116.4129790,39.8920850,,,,,
,4421,1598502636,,116.4129250,39.8921790,,,,,
,4422,9049469428,,116.4128990,39.8921230,,,,,
,4423,1598502629,,116.4122440,39.8921270,,,,,
,4424,1598502640,,116.4307020,39.8922330,,,,,
,4425,2480760612,,116.4242900,39.8921660,,,,,
,4426,1598502646,,116.4128720,39.8923280,,,,,
,4427,1598502637,,116.4127250,39.8922310,,,,,
,4428,1598502653,,116.4127110,39.8923120,,,,,
,4429,1598502638,,116.4126210,39.8921990,,,,,
,4430,9049469427,,116.4126700,39.8922050,,,,,
,4431,1598502639,,116.4193020,39.8921940,,,,,
,4432,4720750483,,116.4175100,39.8920940,,,,,
,4433,2480760617,,116.4315060,39.8922430,,,,,
,4434,1598502641,,116.4122720,39.8922330,,,,,
,4435,2366958299,,116.4060450,39.8937740,,,,,
,4436,1598502645,,116.4124860,39.8922430,,,,,
,4437,9049469426,,116.4125420,39.8922120,,,,,
,4438,9049469450,,116.4124700,39.8919770,,,,,
,4439,1598502659,,116.4128290,39.8925350,,,,,
,4440,1598502651,,116.4307580,39.8923580,,,,,
,4441,1598502656,,116.4302460,39.8924790,,,,,
,4442,2480760615,,116.4275300,39.8923330,,,,,
,4443,9049469431,,116.4126900,39.8924540,,,,,
,4444,1598502667,,116.4128020,39.8931300,,,,,
,4445,1598502662,,116.4126470,39.8927440,,,,,
,4446,9699784254,,116.4126380,39.8929260,,,,,
,4447,1598502663,,116.4122920,39.8927960,,,,,
,4448,9049469470,,116.4127210,39.8947040,,,,,
,4449,1598502676,,116.4126330,39.8979430,,,,,
,4450,9669859245,,116.4137830,39.8957980,,,,,
,4451,10120370900,,116.4125570,39.8989990,,,,,
,4452,9500495630,,116.4127440,39.8978870,,,,,
,4453,10120370901,,116.4124440,39.8979450,,,,,
,4454,1598502688,signal,116.4123980,39.8993080,,,,,
,4455,11192752215,,116.4123920,39.8993550,,,,,
,4456,1598502693,signal,116.4057340,39.8992120,,,,,
,4457,1598502691,,116.4120820,39.8991760,,,,,
,4458,10124169589,,116.4057320,39.8992490,,,,,
,4459,1599483419,,116.4279950,39.8828120,,,,,
,4460,1599483420,,116.4251150,39.8828720,,,,,
,4461,9398478747,,116.4242020,39.8828410,,,,,
,4462,12165557816,,116.4249160,39.8829510,,,,,
,4463,12845117151,,116.4275050,39.8828990,,,,,
,4464,1599483428,,116.4221080,39.8832740,,,,,
,4465,13306413407,,116.4221020,39.8829390,,,,,
,4466,1599483434,,116.3785660,39.8870400,,,,,
,4467,12927006648,,116.3785240,39.8877530,,,,,
,4468,12927006643,,116.3781020,39.8878880,,,,,
,4470,12927006659,,116.3785420,39.8884470,,,,,
,4471,1599489639,,116.3785410,39.8890190,,,,,
,4472,1599489641,,116.3785040,39.8903410,,,,,
,4473,2383182306,,116.3785080,39.8919750,,,,,
,4474,2383182304,,116.3781810,39.8971480,,,,,
,4475,9378025361,,116.3777120,39.8984450,,,,,
,4476,9378025359,,116.3780580,39.8983780,,,,,
,4477,9378025362,,116.3777060,39.8986150,,,,,
,4478,10316801333,,116.3627140,39.9129710,,,,,
,4479,1599968947,,116.3625370,39.9128620,,,,,
,4480,1622355900,,116.3971990,39.8864480,,,,,
,4481,1622356154,,116.3970030,39.8868180,,,,,
,4482,1622356110,,116.3935440,39.8896660,,,,,
,4483,13519188250,,116.3998490,39.8911700,,,,,
,4484,13519188252,,116.3995340,39.8911340,,,,,
,4485,4720797568,,116.4058540,39.8912930,,,,,
,4486,9333233910,,116.3916790,39.9319810,,,,,
,4487,2482550784,,116.3833880,39.9334090,,,,,
,4488,1634491126,,116.4307840,39.8985990,,,,,
,4489,12387726312,,116.4309690,39.8985100,,,,,
,4490,1634491130,,116.4305710,39.8987290,,,,,
,4491,1634491131,,116.4303780,39.8989100,,,,,
,4492,1634491134,,116.4302060,39.8990480,,,,,
,4493,1634491136,,116.4300240,39.8991590,,,,,
,4494,1634491138,,116.4287270,39.8992340,,,,,
,4495,1634491147,,116.4294460,39.8992560,,,,,
,4496,1634491141,,116.4297320,39.8992370,,,,,
,4497,1634491144,,116.4282070,39.8992510,,,,,
,4498,1634491200,,116.4304070,39.9015570,,,,,
,4499,1634491197,,116.4300800,39.9014920,,,,,
,4500,1634491210,,116.4304360,39.9016970,,,,,
,4501,1840701829,,116.4304900,39.9017800,,,,,
,4502,1634491213,,116.4324580,39.9018010,,,,,
,4503,1634491220,,116.4326020,39.9018360,,,,,
,4504,1634491217,,116.4306390,39.9018680,,,,,
,4505,1634491230,,116.4308570,39.9018880,,,,,
,4506,1634491233,,116.4310870,39.9019640,,,,,
,4507,1634491313,,116.4299990,39.9042200,,,,,
,4508,8141002499,,116.4299930,39.9042840,,,,,
,4509,1634491341,,116.4297980,39.9044800,,,,,
,4510,1634945984,,116.4209310,39.9054390,,,,,
,4511,1638688341,,116.3988640,39.9316790,,,,,
,4512,1638688373,,116.3988580,39.9319820,,,,,
,4513,1638688372,,116.3986820,39.9316750,,,,,
,4514,1638688342,,116.3970200,39.9308360,,,,,
,4515,1976889011,,116.3975620,39.9308100,,,,,
,4516,1638688377,,116.3965880,39.9308440,,,,,
,4517,1638688346,,116.3945130,39.9310080,,,,,
,4518,1638688367,,116.3946800,39.9308340,,,,,
,4519,6137042933,,116.3942430,39.9313750,,,,,
,4520,1638688348,,116.3951650,39.9306580,,,,,
,4521,1638688350,,116.3949640,39.9306980,,,,,
,4522,1638688349,,116.3940710,39.9319900,,,,,
,4523,6137042934,,116.3941100,39.9315880,,,,,
,4524,9385360329,,116.3942160,39.9319880,,,,,
,4525,1638688353,,116.3845790,39.9084330,,,,,
,4526,10315067057,,116.4276700,39.9281140,,,,,
,4527,1638688358,,116.4258050,39.9280710,,,,,
,4528,10006479817,,116.4258920,39.9280740,,,,,
,4529,10751328191,,116.3995380,39.9308320,,,,,
,4530,1638688371,,116.3941460,39.9320900,,,,,
,4531,12876996058,,116.3992830,39.9319840,,,,,
,4532,1638688376,,116.3961950,39.9308210,,,,,
,4533,1645754019,,116.4304640,39.9022260,,,,,
,4534,13305599393,,116.4303720,39.9034220,,,,,
,4535,1645754041,,116.4325620,39.9034350,,,,,
,4536,1647418037,,116.4299250,39.9049140,,,,,
,4537,1647418039,,116.4300420,39.9048960,,,,,
,4538,1673265482,,116.3646230,39.8983280,,,,,
,4539,1673265485,,116.3646200,39.8984030,,,,,
,4540,1673280277,,116.3658580,39.8984270,,,,,
,4541,1673265488,,116.3667360,39.8985110,,,,,
,4542,5115804366,,116.3666700,39.8985090,,,,,
,4543,8507583442,,116.3680230,39.9028230,,,,,
,4544,8515069953,,116.3681620,39.9028860,,,,,
,4545,1673265504,,116.3699560,39.9028260,,,,,
,4546,9378025383,signal,116.3649600,39.8984110,,,,,
,4547,1673281912,,116.3683300,39.8961150,,,,,
,4548,1686969159,,116.3947730,39.8934080,,,,,
,4549,9327458936,,116.3948760,39.8945580,,,,,
,4550,1686969174,,116.3946540,39.8960550,,,,,
,4551,1686969176,,116.3945580,39.8963210,,,,,
,4552,1686969190,,116.3941510,39.8971900,,,,,
,4553,1686969202,,116.3940700,39.8973120,,,,,
,4554,1686969201,,116.3932880,39.8980480,,,,,
,4555,9378036219,,116.3933270,39.8980850,,,,,
,4556,12628080468,signal,116.3933010,39.9018950,,,,,
,4557,1687056659,,116.3932140,39.9037280,,,,,
,4558,12628080424,signal,116.3932100,39.9038040,,,,,
,4559,1687056661,,116.3833760,39.9208270,,,,,
,4560,3693643521,,116.3835470,39.9208270,,,,,
,4561,1687056668,,116.3831330,39.9208340,,,,,
,4562,1687056673,,116.3834610,39.9209140,,,,,
,4563,1687056677,,116.3831850,39.9209190,,,,,
,4564,4713769695,,116.3828910,39.9209500,,,,,
,4565,1687056680,,116.3806600,39.9210180,,,,,
,4566,1687056681,,116.3826130,39.9209960,,,,,
,4567,9110082473,,116.3824680,39.9210390,,,,,
,4568,1687056683,,116.3808080,39.9210840,,,,,
,4569,9110082471,,116.3806960,39.9210860,,,,,
,4570,1687056684,,116.3823530,39.9210750,,,,,
,4571,9110082472,,116.3822640,39.9210960,,,,,
,4572,1687056687,,116.3775030,39.9211950,,,,,
,4573,9109973752,,116.3776300,39.9211680,,,,,
,4574,1687056688,,116.3848770,39.9212750,,,,,
,4575,12838104350,,116.3850920,39.9214780,,,,,
,4576,1687056689,,116.3876690,39.9269900,,,,,
,4577,6136688051,,116.3878010,39.9270040,,,,,
,4578,12876996048,,116.3997680,39.9319780,,,,,
,4579,1737652998,,116.3871100,39.9014350,,,,,
,4580,1737653014,,116.3840290,39.9058580,,,,,
,4581,3069952494,,116.3848440,39.9058790,,,,,
,4582,1737659086,,116.3888960,39.8988350,,,,,
,4583,1737659124,,116.3880990,39.8989130,,,,,
,4584,5098449210,,116.3879430,39.8990400,,,,,
,4585,1737659094,,116.3873490,39.8990940,,,,,
,4586,5098449205,,116.3872740,39.8991010,,,,,
,4587,9378918603,,116.3879790,39.8989220,,,,,
,4588,9669617858,,116.3737820,39.8984970,,,,,
,4589,1737672002,signal,116.3754400,39.8988360,,,,,
,4590,1737702593,,116.3697240,39.8983640,,,,,
,4591,1737702591,,116.3648580,39.8983290,,,,,
,4592,1742670798,,116.3629620,39.8876810,,,,,
,4593,3455527416,,116.3633730,39.8876820,,,,,
,4594,1742670816,,116.3630950,39.8878200,,,,,
,4595,1742696700,,116.3683060,39.8897150,,,,,
,4596,1742718295,,116.3626100,39.9310120,,,,,
,4597,10679301345,signal,116.3665000,39.9312060,,,,,
,4598,1742785887,signal,116.3670490,39.9313610,,,,,
,4599,10679301342,,116.3669380,39.9313570,,,,,
,4600,1742785888,signal,116.3742040,39.9316630,,,,,
,4601,10278017138,,116.3740170,39.9316570,,,,,
,4602,1742785892,,116.3739400,39.9322710,,,,,
,4603,1742785896,,116.3738100,39.9332170,,,,,
,4604,1742835316,,116.3737340,39.9336890,,,,,
,4605,1742835323,,116.3736460,39.9342950,,,,,
,4606,1742785900,,116.3735390,39.9342890,,,,,
,4607,1742785902,,116.3733550,39.9348130,,,,,
,4608,9794983099,,116.3733650,39.9347290,,,,,
,4609,1742785904,,116.3735150,39.9352650,,,,,
,4610,9794983095,,116.3734530,39.9358130,,,,,
,4611,1742835284,,116.3778790,39.9261280,,,,,
,4612,12838104375,,116.3779510,39.9261890,,,,,
,4613,1742835285,,116.3780830,39.9263340,,,,,
,4614,1742835286,,116.3781640,39.9264400,,,,,
,4615,12838104373,,116.3781990,39.9265130,,,,,
,4616,2433565015,,116.3780960,39.9316690,,,,,
,4617,1742835320,,116.3780220,39.9342310,,,,,
,4618,1742845318,,116.3820890,39.9342750,,,,,
,4619,1742845388,,116.3788540,39.9358490,,,,,
,4620,9414229800,,116.3785560,39.9355550,,,,,
,4621,1742845404,,116.3807590,39.9341790,,,,,
,4622,1742861999,signal,116.4052280,39.9069350,,,,,
,4623,9385316406,,116.4052300,39.9068990,,,,,
,4624,1742862003,,116.4051980,39.9075530,,,,,
,4625,1742862015,,116.4051650,39.9082800,,,,,
,4626,12492811783,,116.4051800,39.9079680,,,,,
,4627,1742862022,,116.4051480,39.9086100,,,,,
,4628,1742929860,,116.4075330,39.9096970,,,,,
,4629,1742929942,,116.4075450,39.9102440,,,,,
,4630,1742929892,,116.4075810,39.9114120,,,,,
,4631,12067535814,,116.4075760,39.9113900,,,,,
,4632,10274394485,,116.4076540,39.9118320,,,,,
,4633,1742929912,,116.4077110,39.9131170,,,,,
,4634,1742929914,,116.4077540,39.9132570,,,,,
,4635,1742929925,,116.4077510,39.9134710,,,,,
,4636,1742929917,,116.4076670,39.9132590,,,,,
,4637,9494762507,,116.4076570,39.9141340,,,,,
,4638,9494762506,signal,116.4078780,39.9141370,,,,,
,4639,1742929957,,116.4060910,39.9141280,,,,,
,4640,7623274744,signal,116.4052980,39.9141240,,,,,
,4641,10125648474,,116.4063860,39.9141210,,,,,
,4642,1743058128,,116.3823050,39.9210000,,,,,
,4643,9110082475,,116.3824040,39.9209720,,,,,
,4644,9377983841,,116.3755960,39.9211770,,,,,
,4645,1743058193,,116.3643330,39.9225200,,,,,
,4646,9334250991,,116.3648590,39.9225280,,,,,
,4647,1743058195,,116.3643270,39.9226170,,,,,
,4648,342825226,,116.3629120,39.9225990,,,,,
,4649,1743058283,,116.4047140,39.9186270,,,,,
,4650,12531335682,,116.4047420,39.9180210,,,,,
,4651,7419678746,,116.4047000,39.9189160,,,,,
,4652,1747614208,,116.3681960,39.9312320,,,,,
,4653,1747639810,,116.3667030,39.9342600,,,,,
,4654,1747639794,,116.3687060,39.9361440,,,,,
,4655,1747639808,,116.3667140,39.9339730,,,,,
,4656,13239671034,,116.4259540,39.9036220,,,,,
,4657,1779120136,,116.4256900,39.9017860,,,,,
,4658,8492110933,,116.4253590,39.9017560,,,,,
,4659,1779120139,,116.4265640,39.9018540,,,,,
,4660,8492110938,,116.4263920,39.9025760,,,,,
,4661,1779120141,,116.4262690,39.9030520,,,,,
,4662,6007976494,,116.4262380,39.9031660,,,,,
,4663,1798441907,,116.3915170,39.8974240,,,,,
,4664,9298151108,,116.3917330,39.8974180,,,,,
,4665,1798441909,,116.3921740,39.8975150,,,,,
,4667,9349946531,,116.4026790,39.9322060,,,,,
,4668,10314757637,,116.4199000,39.9323750,,,,,
,4669,1860132008,,116.4025520,39.9349830,,,,,
,4670,2383234297,,116.4196590,39.9356850,,,,,
,4671,6137053218,,116.3803450,39.9318590,,,,,
,4672,1819087356,,116.4315890,39.9229860,,,,,
,4673,1819087357,,116.4307280,39.9230540,,,,,
,4674,1819087359,,116.4294280,39.9231630,,,,,
,4675,1819087361,,116.4292580,39.9231700,,,,,
,4676,10048648402,signal,116.4291020,39.9231880,,,,,
,4677,1819087371,,116.4311520,39.9255110,,,,,
,4678,1819087372,,116.4288610,39.9255470,,,,,
,4679,3574841370,,116.4288490,39.9256230,,,,,
,4680,1819118020,,116.4284070,39.9247350,,,,,
,4681,1819118023,,116.4285710,39.9255510,,,,,
,4682,1819118024,,116.4285700,39.9256290,,,,,
,4683,1819118025,,116.4284880,39.9256310,,,,,
,4684,1819128604,,116.4286580,39.9324430,,,,,
,4685,1819128609,,116.4285420,39.9325940,,,,,
,4686,1819128605,,116.4304290,39.9324470,,,,,
,4687,10314832100,,116.4304270,39.9324940,,,,,
,4688,3540580413,,116.4304280,39.9323560,,,,,
,4689,10048650737,signal,116.4288500,39.9324420,,,,,
,4690,1819128606,,116.4318120,39.9324440,,,,,
,4691,1819128608,,116.4271910,39.9324960,,,,,
,4692,1819128610,,116.4273230,39.9326230,,,,,
,4693,1827353368,,116.4134690,39.9150870,,,,,
,4694,1836554646,,116.3836620,39.8990450,,,,,
,4695,5098449217,,116.3842250,39.8988140,,,,,
,4696,1836554649,,116.3834220,39.8989100,,,,,
,4697,9378036244,signal,116.3820310,39.8988760,,,,,
,4698,1840007849,,116.4194620,39.9036760,,,,,
,4699,4716204338,,116.4193310,39.9036670,,,,,
,4700,1840701781,,116.4321340,39.8984780,,,,,
,4701,1840701783,,116.4323520,39.8985290,,,,,
,4702,1840701784,,116.4324900,39.8985910,,,,,
,4703,1840701785,,116.4326060,39.8986690,,,,,
,4704,1840701793,,116.4286000,39.8993400,,,,,
,4705,1840701794,,116.4288490,39.8993360,,,,,
,4706,1840701796,,116.4294630,39.8993580,,,,,
,4707,1840701795,,116.4281840,39.8993510,,,,,
,4708,1840701798,,116.4300420,39.8993650,,,,,
,4709,1840701799,,116.4302250,39.8993720,,,,,
,4710,1840701803,,116.4304380,39.8993880,,,,,
,4711,1840701804,,116.4306080,39.8994090,,,,,
,4712,1840701812,,116.4317230,39.8995680,,,,,
,4713,1840701805,,116.4325120,39.8994770,,,,,
,4714,1840701800,,116.4326300,39.8993840,,,,,
,4715,1840701807,,116.4289130,39.8995070,,,,,
,4716,1840701808,,116.4295090,39.8995310,,,,,
,4717,1840701809,,116.4323760,39.8995380,,,,,
,4718,1840701811,,116.4325820,39.8995540,,,,,
,4719,1840701818,,116.4324820,39.8996220,,,,,
,4720,1840701815,,116.4319250,39.8995920,,,,,
,4721,1840701814,,116.4322470,39.8995760,,,,,
,4722,1840701816,,116.4320750,39.8995950,,,,,
,4723,1840701817,,116.4308020,39.8996210,,,,,
,4724,1840701820,,116.4323590,39.8996660,,,,,
,4725,1840701819,,116.4311180,39.8996360,,,,,
,4726,1840701823,,116.4321990,39.8996980,,,,,
,4727,1840701821,,116.4316210,39.8996830,,,,,
,4728,1840701822,,116.4318330,39.8996970,,,,,
,4729,1840701824,,116.4320350,39.8997040,,,,,
,4730,1840701827,,116.4299120,39.9011300,,,,,
,4731,10048964012,,116.4298870,39.9009180,,,,,
,4732,10830498006,,116.4298230,39.9011470,,,,,
,4733,12387726313,,116.4305600,39.9018360,,,,,
,4734,12387726316,,116.4302230,39.9019540,,,,,
,4735,1840701836,,116.4284550,39.9136340,,,,,
,4736,1840701851,,116.4283330,39.9206270,,,,,
,4737,1840794395,,116.3765640,39.9061020,,,,,
,4738,9782405972,signal,116.3765540,39.9061440,,,,,
,4739,1840794408,,116.3766710,39.9211910,,,,,
,4741,9705432743,,116.4200380,39.9249820,,,,,
,4742,1840794425,,116.4199520,39.9274240,,,,,
,4743,9705430461,,116.4199360,39.9274910,,,,,
,4744,1840794426,,116.4198440,39.9276910,,,,,
,4745,1841773282,,116.4165130,39.9020360,,,,,
,4746,1841644315,,116.4119670,39.9027220,,,,,
,4747,2056622410,,116.4120210,39.9022740,,,,,
,4748,9664768456,,116.3856990,39.8849620,,,,,
,4749,1841664834,,116.4207520,39.9052820,,,,,
,4750,1859745645,,116.4207530,39.9051800,,,,,
,4751,1841664835,,116.4209360,39.9052770,,,,,
,4752,1841740676,,116.4273340,39.9024750,,,,,
,4753,1841740726,,116.4272880,39.9037040,,,,,
,4754,1841740677,,116.4298200,39.9026310,,,,,
,4755,1841740753,,116.4298690,39.9023510,,,,,
,4756,1841740702,,116.4297140,39.9030800,,,,,
,4757,1841740709,,116.4299980,39.9032790,,,,,
,4758,1841740714,,116.4296670,39.9033630,,,,,
,4759,1841740722,,116.4275170,39.9036150,,,,,
,4760,1841740748,,116.4283030,39.9036290,,,,,
,4761,1841740723,,116.4294700,39.9035730,,,,,
,4762,1841740724,,116.4296440,39.9034610,,,,,
,4763,9671588493,,116.4296560,39.9034280,,,,,
,4764,1841740725,,116.4263290,39.9036830,,,,,
,4765,12048429043,,116.4264360,39.9036930,,,,,
,4766,9671560496,,116.4294040,39.9036990,,,,,
,4767,1841740727,,116.4294630,39.9036920,,,,,
,4768,10271131147,,116.4273000,39.9040300,,,,,
,4769,9671560499,,116.4292240,39.9036460,,,,,
,4770,1841740751,,116.4283260,39.9037710,,,,,
,4771,1841740752,,116.4273000,39.9039420,,,,,
,4772,1841773244,,116.4158120,39.9013490,,,,,
,4773,2262746081,,116.4158540,39.9013880,,,,,
,4774,1841773246,,116.4157180,39.9014230,,,,,
,4775,1858572377,,116.3917840,39.8894300,,,,,
,4776,7883972750,,116.3919000,39.8893950,,,,,
,4777,1858572386,,116.3988310,39.9133600,,,,,
,4778,1858911859,signal,116.4142580,39.9229030,,,,,
,4779,2504943775,,116.4126440,39.9230040,,,,,
,4780,1858911864,signal,116.4142620,39.9231360,,,,,
,4781,12876983200,,116.4114590,39.9231130,,,,,
,4782,10048648398,signal,116.4273980,39.9228480,,,,,
,4783,1859740296,,116.4274470,39.9228480,,,,,
,4784,1859740300,,116.4274470,39.9229500,,,,,
,4785,1859740321,,116.4262400,39.9231190,,,,,
,4786,1859740305,,116.4260760,39.9232350,,,,,
,4787,10006479819,,116.4257620,39.9232350,,,,,
,4788,10048648399,signal,116.4274000,39.9229510,,,,,
,4789,6601554088,,116.4207740,39.9046750,,,,,
,4790,1859745646,,116.4209420,39.9051860,,,,,
,4791,1860131869,,116.4028310,39.9260430,,,,,
,4792,9327723477,,116.4029080,39.9264630,,,,,
,4793,9327699031,,116.4027750,39.9296260,,,,,
,4794,1860131874,,116.4027710,39.9297120,,,,,
,4795,1860131875,,116.4027170,39.9306540,,,,,
,4796,12876507973,,116.4026980,39.9316820,,,,,
,4797,1860131877,,116.4110030,39.9315580,,,,,
,4798,1860131907,signal,116.4109850,39.9319710,,,,,
,4799,9349946529,,116.4027420,39.9319040,,,,,
,4800,6095096802,,116.4109840,39.9320050,,,,,
,4801,1860131908,,116.4222760,39.9322170,,,,,
,4802,1860131909,,116.4174510,39.9322200,,,,,
,4803,9331587713,,116.4178380,39.9322200,,,,,
,4804,6095096799,,116.4111300,39.9323120,,,,,
,4805,1860131920,,116.4174540,39.9323400,,,,,
,4806,1860131923,,116.4222810,39.9323680,,,,,
,4807,1860131967,,116.4109440,39.9329170,,,,,
,4808,10314741768,,116.4109360,39.9333960,,,,,
,4809,1860131969,,116.4108720,39.9336390,,,,,
,4810,1860131971,,116.4108330,39.9338460,,,,,
,4811,1803810824,,116.4025250,39.9355850,,,,,
,4813,1861654994,,116.4221320,39.9141550,,,,,
,4814,1861654995,,116.4231960,39.9141570,,,,,
,4815,10816280194,,116.4266680,39.9141650,,,,,
,4816,1861654997,,116.4267550,39.9141650,,,,,
,4817,10816280201,,116.4267590,39.9141000,,,,,
,4818,4716312276,,116.4282470,39.9141700,,,,,
,4819,1861655002,,116.4196940,39.9317570,,,,,
,4820,2383234262,,116.4195760,39.9311690,,,,,
,4821,1861655011,signal,116.4197000,39.9320270,,,,,
,4822,9331631964,,116.4083110,39.9319770,,,,,
,4823,10314757633,,116.4197010,39.9320740,,,,,
,4824,1861798419,,116.3691130,39.9210860,,,,,
,4825,10745130573,,116.3696740,39.9210960,,,,,
,4826,1861798594,,116.3932020,39.9261190,,,,,
,4827,1861798596,,116.3933240,39.9233730,,,,,
,4828,2482565154,,116.3933260,39.9233420,,,,,
,4829,1861798599,,116.3933190,39.9234610,,,,,
,4830,1861798604,,116.3687460,39.9211710,,,,,
,4831,11563401340,,116.3683730,39.9211640,,,,,
,4832,1861798611,,116.3702470,39.9211070,,,,,
,4833,1891089883,,116.3803450,39.9211300,,,,,
,4834,9109973747,,116.3802360,39.9211470,,,,,
,4835,1891103095,,116.4035120,39.8940960,,,,,
,4836,1891268439,,116.3896520,39.9015070,,,,,
,4837,9949154454,,116.3894010,39.9014980,,,,,
,4838,1950351379,,116.4154350,39.8990690,,,,,
,4839,11205613555,,116.4154520,39.8990700,,,,,
,4840,1950351380,,116.4151620,39.8990720,,,,,
,4841,11059733490,,116.4152800,39.8990710,,,,,
,4842,1950351381,,116.4148340,39.8991040,,,,,
,4843,10885563862,,116.4149940,39.8990830,,,,,
,4844,1950351382,,116.4146590,39.8991370,,,,,
,4845,1950351383,,116.3973120,39.8992650,,,,,
,4846,2048039906,,116.3981250,39.8992820,,,,,
,4847,1950351384,,116.3985400,39.8993880,,,,,
,4848,2048039877,,116.3984990,39.8993880,,,,,
,4849,1950351385,,116.4138160,39.8994470,,,,,
,4850,10885563859,,116.4136780,39.8995000,,,,,
,4851,1950351386,,116.4133040,39.8995490,,,,,
,4852,9722428096,,116.4133670,39.8995740,,,,,
,4853,1950351387,,116.4133970,39.8996110,,,,,
,4854,9722428097,,116.4134180,39.8996510,,,,,
,4855,1950351388,,116.4134260,39.8996950,,,,,
,4856,9722428098,,116.4134050,39.8997400,,,,,
,4857,9722428099,,116.4134330,39.8997300,,,,,
,4858,1976153462,,116.4267890,39.9142500,,,,,
,4859,10816280195,,116.4266680,39.9142500,,,,,
,4860,3412934889,,116.3977690,39.9313910,,,,,
,4861,4717846258,,116.3741430,39.9256710,,,,,
,4862,340063366,,116.3969230,39.9341810,,,,,
,4863,1976959596,,116.3745960,39.9256920,,,,,
,4864,4717846259,,116.3742960,39.9256780,,,,,
,4865,1976959629,,116.3747890,39.9257350,,,,,
,4866,1976959638,,116.3749980,39.9258710,,,,,
,4867,6425183929,,116.3738880,39.9258590,,,,,
,4868,1977002485,,116.4148510,39.8919460,,,,,
,4869,1977002491,,116.4148340,39.8925840,,,,,
,4870,1977002489,,116.4059250,39.8920950,,,,,
,4871,4720797558,,116.4059440,39.8917600,,,,,
,4872,1977226846,,116.4273110,39.9052180,,,,,
,4873,1979818054,,116.4195300,39.9359600,,,,,
,4874,2383234304,,116.4195320,39.9358890,,,,,
,4875,6094988965,,116.3990400,39.9119260,,,,,
,4876,2367024556,,116.4246640,39.8880310,,,,,
,4877,1982019264,,116.4226700,39.8899220,,,,,
,4878,1990853176,,116.4034940,39.9222080,,,,,
,4879,6784165938,,116.4035270,39.9217210,,,,,
,4880,1990853184,,116.3836460,39.9209160,,,,,
,4881,1990853187,,116.4036930,39.9216430,,,,,
,4882,7419678743,,116.4046040,39.9216650,,,,,
,4883,1999500529,,116.4180210,39.9094190,,,,,
,4884,1999500523,,116.4179940,39.9113960,,,,,
,4885,6007826883,,116.4164920,39.9113800,,,,,
,4886,5138684854,,116.4144010,39.9140270,,,,,
,4887,2006893996,,116.3629000,39.9224990,,,,,
,4888,2006894020,,116.3731000,39.9175920,,,,,
,4889,3678531772,,116.3730790,39.9178250,,,,,
,4890,3678531774,,116.3715420,39.9175240,,,,,
,4891,2010523618,,116.4053090,39.9067920,,,,,
,4892,9385316407,,116.4053040,39.9069020,,,,,
,4893,8835880545,,116.4116530,39.9069450,,,,,
,4894,9828582957,,116.3701410,39.9055680,,,,,
,4895,2010541467,,116.3745090,39.9058520,,,,,
,4896,2010541495,,116.3736880,39.9058530,,,,,
,4897,2010541484,,116.3745160,39.9060520,,,,,
,4898,2010541469,,116.3730780,39.9058580,,,,,
,4899,2010541496,,116.3726970,39.9058610,,,,,
,4900,8742540327,,116.3716040,39.9061060,,,,,
,4901,8742540326,,116.3745170,39.9061110,,,,,
,4902,2010541492,,116.3745320,39.9065460,,,,,
,4903,2010541497,,116.3720190,39.9058670,,,,,
,4904,2010656140,,116.3698320,39.9013600,,,,,
,4905,2010656141,,116.3698400,39.9014300,,,,,
,4906,2010656144,,116.3700830,39.9019510,,,,,
,4907,2010656148,,116.3701340,39.9020340,,,,,
,4908,8515069951,,116.3678080,39.9027500,,,,,
,4909,2047943300,,116.3792200,39.8986470,,,,,
,4910,2047960612,,116.3852230,39.8986980,,,,,
,4911,2047960613,,116.3853320,39.8987000,,,,,
,4912,2047967891,,116.3919970,39.8974540,,,,,
,4913,2047967920,,116.3903880,39.8977860,,,,,
,4914,2047967922,,116.3931530,39.8979330,,,,,
,4915,9378036218,signal,116.3932160,39.8979800,,,,,
,4916,2048039872,,116.4005310,39.8991710,,,,,
,4917,11059812358,,116.4005850,39.8993340,,,,,
,4918,2048039875,,116.3984980,39.8992910,,,,,
,4919,2048039879,,116.3992420,39.8994100,,,,,
,4920,2048039907,,116.3989310,39.8993980,,,,,
,4921,2048039897,,116.4007330,39.8996000,,,,,
,4922,4710346451,,116.4007410,39.8996590,,,,,
,4923,2048039905,,116.3950840,39.8990240,,,,,
,4924,12849849315,,116.3955520,39.8991050,,,,,
,4925,2048039908,,116.3996140,39.8994180,,,,,
,4926,2048080272,,116.3661500,39.9087230,,,,,
,4927,8558775090,,116.3675170,39.9087230,,,,,
,4928,2048080275,,116.3660650,39.9103470,,,,,
,4929,2048080283,,116.3677570,39.9107460,,,,,
,4930,2048105202,,116.3676470,39.9094750,,,,,
,4931,7662893540,,116.3676000,39.9092150,,,,,
,4932,2048161761,,116.3679230,39.8998360,,,,,
,4933,9673719480,,116.4212800,39.8978480,,,,,
,4934,11192752214,,116.4121980,39.8993510,,,,,
,4935,2052937447,,116.4107970,39.8995330,,,,,
,4936,10885563853,,116.4119280,39.8995420,,,,,
,4937,2052937448,,116.4121150,39.8994880,,,,,
,4938,2052937449,,116.4104230,39.8996230,,,,,
,4939,10885563852,signal,116.4119040,39.8996400,,,,,
,4940,2052937451,,116.4232670,39.8992640,,,,,
,4941,2052937452,,116.4047280,39.8994410,,,,,
,4942,2052937453,,116.4160300,39.8990850,,,,,
,4943,8958550931,,116.4185620,39.8991510,,,,,
,4944,12165557805,,116.4187000,39.8824660,,,,,
,4945,2056622400,,116.4118590,39.9075840,,,,,
,4946,2382665118,,116.4118540,39.9076610,,,,,
,4947,2056622405,,116.4127770,39.9083500,,,,,
,4948,3071671554,,116.4137430,39.9083370,,,,,
,4949,2056622408,,116.4121760,39.9015620,,,,,
,4950,2382673841,,116.4120470,39.9020020,,,,,
,4951,6137239386,,116.4121060,39.9031950,,,,,
,4952,2056636797,,116.4116970,39.9095660,,,,,
,4953,2056636798,,116.4113160,39.9216710,,,,,
,4954,8958237025,,116.4113100,39.9218800,,,,,
,4955,9936705750,,116.4113220,39.9214360,,,,,
,4956,9671542454,,116.3795600,39.8987940,,,,,
,4957,8958562534,,116.4272570,39.9073990,,,,,
,4958,2103119700,,116.3800060,39.9317260,,,,,
,4959,2103119701,,116.3807990,39.9317630,,,,,
,4960,2103119708,,116.3918800,39.9319830,,,,,
,4961,2103119712,,116.3970810,39.9319850,,,,,
,4962,2103119713,,116.3978920,39.9320950,,,,,
,4963,2103131700,,116.3968300,39.9320920,,,,,
,4964,9333207934,,116.3964440,39.9320810,,,,,
,4965,2108590163,,116.4244500,39.8913880,,,,,
,4966,2108590164,,116.4245860,39.8914820,,,,,
,4967,2108590167,,116.4245850,39.8912730,,,,,
,4968,2108590165,,116.4247210,39.8913680,,,,,
,4969,2108590174,,116.4246120,39.8906800,,,,,
,4970,2108590171,,116.4235880,39.8899310,,,,,
,4971,2108590168,,116.4230990,39.8906840,,,,,
,4972,2367024511,,116.4299490,39.8887730,,,,,
,4973,2123321496,,116.4301390,39.9173290,,,,,
,4974,2123321512,,116.4301530,39.9169710,,,,,
,4975,13305599377,,116.4289070,39.9172820,,,,,
,4976,4633459831,,116.4308400,39.9197870,,,,,
,4977,2262746078,,116.4165940,39.9010520,,,,,
,4978,2262746079,,116.4161910,39.9013010,,,,,
,4979,6580882813,,116.4160890,39.9013320,,,,,
,4980,6580877283,,116.4160080,39.9013500,,,,,
,4981,9119424788,,116.3703380,39.9059490,,,,,
,4982,2264144497,,116.3700520,39.9074320,,,,,
,4983,8742540329,,116.3700640,39.9061020,,,,,
,4984,2264144499,signal,116.3701240,39.9074350,,,,,
,4985,8742540330,,116.3701250,39.9074910,,,,,
,4986,2264144501,,116.3677060,39.9124330,,,,,
,4987,2264144504,,116.3677730,39.9127810,,,,,
,4988,8558775061,,116.3677630,39.9132030,,,,,
,4989,2264412975,,116.3675880,39.9142720,,,,,
,4990,2264429751,,116.3674620,39.9177090,,,,,
,4991,2264436178,,116.3677420,39.9192600,,,,,
,4992,10316782184,,116.3696220,39.9227690,,,,,
,4993,2264456466,,116.3687020,39.9227260,,,,,
,4994,10745136211,signal,116.3675070,39.9226700,,,,,
,4995,2264456468,,116.3698060,39.9226950,,,,,
,4996,10745136209,signal,116.3708160,39.9227420,,,,,
,4997,2347911578,,116.3896410,39.9017400,,,,,
,4998,2347934913,,116.3706720,39.8985250,,,,,
,4999,9669617860,,116.3699820,39.8985080,,,,,
,5000,9015750639,,116.3692850,39.8986760,,,,,
,5001,2358535651,,116.4028760,39.8999120,,,,,
,5002,11059812365,,116.4029070,39.8997310,,,,,
,5003,4716204861,,116.4022600,39.9011940,,,,,
,5004,2358535682,,116.4025400,39.8996330,,,,,
,5005,9748067611,,116.4013460,39.8996000,,,,,
,5006,2358535688,,116.4043290,39.9012230,,,,,
,5007,2360241116,,116.3738350,39.9045020,,,,,
,5008,8742540323,,116.3738340,39.9045670,,,,,
,5009,2360241128,,116.3742240,39.9004330,,,,,
,5010,2360241147,,116.3686070,39.8877120,,,,,
,5011,12927006684,,116.3686670,39.8877120,,,,,
,5012,9063565796,,116.3686650,39.8877720,,,,,
,5013,2360241150,,116.3685100,39.8875740,,,,,
,5014,9063565798,,116.3685460,39.8876400,,,,,
,5015,2360241158,,116.3684620,39.8835350,,,,,
,5016,10316801490,,116.3685500,39.8835340,,,,,
,5017,9691077601,,116.3684630,39.8835850,,,,,
,5018,2360241160,,116.3768980,39.9004680,,,,,
,5019,2360241164,signal,116.3775620,39.9004660,,,,,
,5020,13090532109,,116.3765310,39.9004760,,,,,
,5021,8742540322,,116.3738170,39.9055020,,,,,
,5022,13090532113,,116.3761200,39.9004900,,,,,
,5023,2360241180,,116.3684690,39.8851870,,,,,
,5024,9063565799,,116.3684990,39.8875300,,,,,
,5025,9092797717,,116.3682890,39.8851870,,,,,
,5026,10316801493,,116.3685460,39.8851860,,,,,
,5027,2366958262,,116.4116120,39.8925630,,,,,
,5028,9673709458,,116.4214640,39.8946270,,,,,
,5029,2383146359,,116.4060300,39.8940420,,,,,
,5030,2366958301,,116.4175570,39.8932520,,,,,
,5031,4720768979,,116.4175660,39.8931980,,,,,
,5032,2366958304,,116.4016030,39.8868010,,,,,
,5033,2383146347,,116.4058400,39.8936610,,,,,
,5034,2366960768,,116.4311570,39.8984590,,,,,
,5035,2367024430,,116.4242360,39.8885000,,,,,
,5036,2367024439,,116.4245530,39.8888210,,,,,
,5037,2480760569,,116.4245010,39.8882470,,,,,
,5038,4343826450,,116.4246270,39.8876300,,,,,
,5039,2382659521,,116.4093830,39.9067000,,,,,
,5040,2382659522,,116.4099650,39.9068890,,,,,
,5041,2382659523,,116.4067640,39.9066220,,,,,
,5042,2382659524,,116.4069970,39.9066280,,,,,
,5043,3071645955,,116.4085070,39.9066750,,,,,
,5044,2382659525,,116.4077020,39.9068220,,,,,
,5045,2382665113,,116.4115910,39.9082690,,,,,
,5046,3071645960,,116.4115950,39.9082040,,,,,
,5047,2382672724,,116.4112270,39.9091490,,,,,
,5048,8809675557,,116.4114220,39.9091490,,,,,
,5049,2382672725,,116.4110900,39.9091490,,,,,
,5050,2911259185,,116.4117890,39.9089460,,,,,
,5051,2382672728,,116.4115860,39.9085510,,,,,
,5052,3070071376,,116.4120640,39.9012160,,,,,
,5053,2383146358,,116.4058500,39.8934900,,,,,
,5054,2383146360,,116.4046720,39.8868800,,,,,
,5055,2383146361,,116.3921130,39.8843580,,,,,
,5056,2383146365,,116.4058610,39.8969870,,,,,
,5057,2383146366,,116.4060590,39.8896260,,,,,
,5058,10276967814,,116.4060680,39.8894620,,,,,
,5059,2383146367,,116.4062700,39.8898360,,,,,
,5060,5808959363,,116.4062470,39.8902320,,,,,
,5061,12803828279,,116.3997180,39.8867280,,,,,
,5062,2383146369,,116.4001300,39.8866870,,,,,
,5063,12630448021,,116.4006540,39.8867070,,,,,
,5064,2383173561,,116.3927340,39.8828500,,,,,
,5065,9326306846,,116.3927250,39.8829710,,,,,
,5066,2383234148,,116.4204520,39.9150280,,,,,
,5067,2383234177,,116.4199640,39.9217680,,,,,
,5068,2383234183,,116.4200690,39.9221960,,,,,
,5069,2383241726,,116.4117660,39.9141460,,,,,
,5070,4166633994,,116.4128080,39.9141500,,,,,
,5071,12544983535,,116.4117100,39.9142060,,,,,
,5072,2383241732,,116.4116420,39.9117190,,,,,
,5073,2383255445,,116.3984770,39.9228580,,,,,
,5074,2383255469,,116.4104910,39.9173610,,,,,
,5075,12543092613,,116.4112340,39.9173970,,,,,
,5076,7825648565,,116.4026610,39.9229980,,,,,
,5077,2391625291,,116.3626440,39.8953430,,,,,
,5078,2391625276,,116.3623180,39.8952760,,,,,
,5079,2420947269,,116.3787480,39.8832540,,,,,
,5080,2424906806,,116.3854300,39.9056930,,,,,
,5081,9296101696,,116.3854200,39.9055670,,,,,
,5082,8835880543,,116.3855500,39.9058970,,,,,
,5083,2424906809,,116.3864280,39.9061690,,,,,
,5084,9296101695,,116.3856760,39.9063850,,,,,
,5085,3069952487,,116.3835940,39.9060590,,,,,
,5086,2433565002,,116.3778230,39.9316620,,,,,
,5087,2433565034,,116.3791140,39.9317080,,,,,
,5088,2433565038,,116.3746980,39.9316770,,,,,
,5089,9298159153,,116.3877660,39.8887790,,,,,
,5090,2449562454,,116.4124470,39.8934160,,,,,
,5091,9699784250,,116.4124660,39.8928320,,,,,
,5092,2449562455,,116.4001220,39.8912840,,,,,
,5093,12655811465,,116.3999470,39.8912780,,,,,
,5094,2449562458,,116.3894490,39.8893160,,,,,
,5095,2449568247,,116.3682890,39.8996900,,,,,
,5096,13277592245,,116.3682790,39.9001350,,,,,
,5097,13277592244,,116.3681270,39.8999950,,,,,
,5098,2455736047,,116.4025890,39.9097970,,,,,
,5099,2455736050,,116.4025700,39.9101670,,,,,
,5100,9670073241,,116.4224680,39.8905520,,,,,
,5101,2480760572,,116.3952410,39.8905440,,,,,
,5102,9327403845,,116.3960010,39.8907220,,,,,
,5103,10276936408,,116.3949680,39.8906370,,,,,
,5104,13329049630,,116.4249070,39.8924550,,,,,
,5105,2480760605,,116.4248480,39.8927340,,,,,
,5106,13329049631,,116.4248530,39.8924550,,,,,
,5107,2480760606,,116.4248950,39.8927360,,,,,
,5108,13159589412,,116.4036100,39.8971440,,,,,
,5109,2480760614,,116.4277330,39.8922110,,,,,
,5110,2480760613,,116.4247150,39.8922940,,,,,
,5111,2480760616,,116.4001280,39.8911800,,,,,
,5112,2480760619,,116.4038750,39.8913150,,,,,
,5113,2480760618,,116.4313260,39.8923660,,,,,
,5114,4720797569,,116.4058550,39.8913910,,,,,
,5115,4720797549,,116.4006770,39.8913060,,,,,
,5116,4720776511,,116.4084420,39.8914830,,,,,
,5117,2480776638,,116.3787890,39.8883470,,,,,
,5118,2480776639,,116.3793760,39.8883770,,,,,
,5119,12927006655,,116.3788260,39.8883490,,,,,
,5120,12927006654,,116.3788300,39.8881800,,,,,
,5121,2482537112,,116.3833470,39.9318820,,,,,
,5122,2482550783,,116.3834840,39.9331360,,,,,
,5123,2482550781,,116.3834220,39.9331310,,,,,
,5124,2482550786,,116.3834490,39.9334210,,,,,
,5125,2482565088,,116.3897780,39.9218520,,,,,
,5126,2482565102,signal,116.3936150,39.9220100,,,,,
,5127,7825648500,,116.3960600,39.9220850,,,,,
,5128,7825648501,,116.3962760,39.9219190,,,,,
,5129,7825648496,,116.3964290,39.9219190,,,,,
,5130,2482565118,signal,116.3933760,39.9221630,,,,,
,5131,9558340688,,116.3933770,39.9221320,,,,,
,5132,2482565192,,116.3991370,39.9228700,,,,,
,5133,7825648541,,116.3990920,39.9228700,,,,,
,5134,12876522706,,116.3997940,39.9228790,,,,,
,5135,2482565193,,116.4030470,39.9229190,,,,,
,5136,11634589739,,116.4036590,39.9229280,,,,,
,5137,2504935199,,116.4301350,39.9053600,,,,,
,5138,2504935201,,116.4302390,39.9055450,,,,,
,5139,2504935200,,116.4291270,39.9053750,,,,,
,5140,2504935202,,116.4290040,39.9055680,,,,,
,5141,2504935203,,116.4289200,39.9057400,,,,,
,5142,12876983199,,116.4114580,39.9229970,,,,,
,5143,2504947467,,116.3888980,39.9270150,,,,,
,5144,2515011112,,116.4160470,39.8991770,,,,,
,5145,2515011113,,116.4123810,39.8946820,,,,,
,5146,2533116245,,116.4322230,39.8963620,,,,,
,5147,2533116249,,116.4087980,39.8996850,,,,,
,5148,11059733473,,116.4086170,39.8996800,,,,,
,5149,2668911967,,116.4229260,39.9047950,,,,,
,5150,4716204246,,116.4228760,39.9068060,,,,,
,5151,8835914859,,116.4242500,39.9048060,,,,,
,5152,2668911981,,116.4253860,39.9048150,,,,,
,5153,2911259189,,116.4118830,39.9072660,,,,,
,5154,3070068353,,116.4118660,39.9074720,,,,,
,5155,3015791118,,116.3703670,39.9301610,,,,,
,5156,3015830933,,116.4050340,39.9117880,,,,,
,5157,3060618550,,116.3841900,39.9320140,,,,,
,5158,3060618557,,116.3841920,39.9319130,,,,,
,5159,3060618567,,116.3849940,39.9319430,,,,,
,5160,3060618575,,116.3849940,39.9320550,,,,,
,5161,9333243781,,116.3846980,39.9320420,,,,,
,5162,3069952480,,116.3824680,39.9060080,,,,,
,5163,7070733486,,116.3797090,39.9059260,,,,,
,5164,6009721133,,116.3828410,39.9060280,,,,,
,5165,8835880544,signal,116.3851210,39.9058860,,,,,
,5166,3069952502,,116.3760890,39.9058500,,,,,
,5167,3070066001,,116.4045430,39.9065530,,,,,
,5168,3070066025,,116.4047820,39.9065580,,,,,
,5169,3070066004,,116.4042780,39.9067250,,,,,
,5170,3070066022,,116.4116200,39.9074430,,,,,
,5171,9385334227,,116.4049260,39.9065620,,,,,
,5172,3070068336,,116.4061390,39.9066060,,,,,
,5173,3070068356,,116.4116050,39.9079210,,,,,
,5174,3070071375,,116.4116960,39.9062220,,,,,
,5175,3070071382,,116.4117320,39.9057990,,,,,
,5176,3070071379,,116.4119370,39.9061980,,,,,
,5177,3070071380,,116.4119600,39.9058240,,,,,
,5178,9049469471,,116.4117910,39.9052650,,,,,
,5179,3070071383,,116.4122580,39.9004160,,,,,
,5180,3070071384,,116.4122010,39.9007090,,,,,
,5181,3070071385,,116.4121840,39.9011090,,,,,
,5182,3071645957,,116.4091540,39.9066930,,,,,
,5183,3071645956,,116.4115870,39.9089300,,,,,
,5184,12067245600,,116.4115800,39.9089010,,,,,
,5185,8809675556,,116.4114240,39.9092100,,,,,
,5186,7804005694,,116.4246620,39.9076230,,,,,
,5187,3106467307,,116.3651030,39.9226260,,,,,
,5188,9334250995,,116.3650490,39.9226260,,,,,
,5189,4697557917,,116.4191470,39.9107070,,,,,
,5190,8809675559,,116.4145500,39.9081220,,,,,
,5191,3141754808,,116.4146170,39.9070200,,,,,
,5192,5077167922,,116.4146080,39.9071770,,,,,
,5193,9333274242,,116.3684330,39.9314070,,,,,
,5194,3296232242,,116.4141160,39.8840000,,,,,
,5195,3296232243,,116.4142720,39.8840380,,,,,
,5196,9399171299,,116.4142610,39.8840610,,,,,
,5197,3342222107,,116.4282410,39.9297280,,,,,
,5198,3342222113,,116.4277810,39.9294280,,,,,
,5199,3409250550,,116.3980720,39.9184440,,,,,
,5200,3412934876,,116.4079300,39.9230830,,,,,
,5201,3412938394,,116.4156450,39.9227900,,,,,
,5202,3412934880,,116.4244890,39.9228400,,,,,
,5203,3412934881,,116.4085940,39.9227440,,,,,
,5204,3412934883,,116.4239660,39.9232070,,,,,
,5205,3412934885,,116.4205890,39.9231850,,,,,
,5206,3412938397,,116.4151320,39.9231450,,,,,
,5207,6001094043,,116.4279770,39.9215000,,,,,
,5208,12833583688,,116.4081410,39.9230830,,,,,
,5209,3564869839,,116.4235040,39.9228340,,,,,
,5210,3412938395,,116.4239690,39.9228370,,,,,
,5211,3412951484,,116.4286540,39.9201750,,,,,
,5212,3412951488,,116.4286520,39.9204700,,,,,
,5213,10885563861,,116.4141990,39.8993430,,,,,
,5214,3455527405,,116.3639550,39.8876840,,,,,
,5215,9936644148,,116.3680700,39.8827480,,,,,
,5216,3455527429,,116.3633380,39.8880810,,,,,
,5217,3455527423,,116.3684840,39.8845270,,,,,
,5218,8958506949,,116.4304920,39.9100020,,,,,
,5219,3678531768,,116.3714080,39.9206160,,,,,
,5220,3678531769,,116.3715500,39.9207140,,,,,
,5221,3678531781,,116.3714080,39.9200950,,,,,
,5222,6148460184,,116.3719500,39.9207190,,,,,
,5223,3678531770,,116.3729340,39.9207340,,,,,
,5224,3678531782,,116.3729550,39.9201260,,,,,
,5225,3678531778,,116.3730490,39.9183130,,,,,
,5226,3678531773,,116.3715260,39.9177760,,,,,
,5227,3678531777,,116.3715040,39.9182620,,,,,
,5228,5077445944,,116.3714180,39.9175200,,,,,
,5229,3678531775,,116.3714640,39.9187440,,,,,
,5230,3678531779,,116.3714550,39.9192210,,,,,
,5231,3678531776,,116.3730250,39.9187750,,,,,
,5232,3678531780,,116.3729940,39.9192540,,,,,
,5233,3678531784,,116.3723820,39.9192510,,,,,
,5234,3678531783,,116.3723530,39.9201140,,,,,
,5235,3678531785,,116.3715720,39.9174320,,,,,
,5236,3678531791,,116.3715770,39.9171020,,,,,
,5237,3678531790,,116.3744590,39.9175440,,,,,
,5238,3678531786,,116.3717060,39.9151160,,,,,
,5239,6115877450,,116.3722100,39.9151290,,,,,
,5240,5077445948,,116.3716780,39.9155540,,,,,
,5241,9494109322,,116.3716760,39.9151160,,,,,
,5242,3678531787,,116.3744540,39.9151990,,,,,
,5243,5077446360,,116.3746090,39.9152230,,,,,
,5244,6115877459,,116.3741250,39.9151870,,,,,
,5245,3678531788,,116.3746430,39.9152730,,,,,
,5246,5077445946,,116.3746220,39.9156450,,,,,
,5247,3678531789,,116.3745230,39.9175180,,,,,
,5248,5077446356,,116.3745380,39.9172980,,,,,
,5249,5077445954,,116.3716480,39.9160030,,,,,
,5250,3678531795,,116.3721460,39.9171250,,,,,
,5251,3678531792,,116.3745370,39.9171880,,,,,
,5252,5077446355,,116.3745440,39.9170600,,,,,
,5253,3678531801,,116.3739050,39.9171700,,,,,
,5254,3678531793,,116.3731810,39.9151530,,,,,
,5255,6132253632,,116.3736480,39.9151700,,,,,
,5256,6115877451,,116.3726580,39.9151400,,,,,
,5257,5077445947,,116.3731550,39.9155960,,,,,
,5258,3678531794,,116.3731280,39.9160510,,,,,
,5259,5077445951,,116.3733980,39.9160640,,,,,
,5260,5077445950,,116.3728180,39.9160380,,,,,
,5261,3678531798,,116.3727460,39.9171360,,,,,
,5262,3678531796,,116.3721970,39.9161730,,,,,
,5263,5077445949,,116.3722010,39.9160210,,,,,
,5264,3678531800,,116.3733180,39.9171530,,,,,
,5265,3678531802,,116.3739680,39.9162200,,,,,
,5266,5077445952,,116.3739740,39.9160900,,,,,
,5267,6059997995,signal,116.3843320,39.9208440,,,,,
,5268,3693645630,,116.3853950,39.9112280,,,,,
,5269,4633378779,,116.3854740,39.9101180,,,,,
,5270,5926913422,,116.3853870,39.9113130,,,,,
,5271,3725833883,,116.4181280,39.9051390,,,,,
,5272,3725833887,,116.4150270,39.9052700,,,,,
,5273,3725833888,,116.4150140,39.9052020,,,,,
,5274,3737045719,,116.3840940,39.9166730,,,,,
,5275,6148507538,,116.3841780,39.9150350,,,,,
,5276,3737045720,,116.3841860,39.9148790,,,,,
,5277,3737045721,,116.3842340,39.9148150,,,,,
,5278,3737045722,,116.3851430,39.9148380,,,,,
,5279,4663052568,,116.3849460,39.9180620,,,,,
,5280,8558775084,,116.3673140,39.9123490,,,,,
,5281,3785280894,,116.3717980,39.8851670,,,,,
,5282,8146165680,,116.3717630,39.8867630,,,,,
,5283,12871058756,,116.3717660,39.8842640,,,,,
,5284,4077324779,,116.4199060,39.9275760,,,,,
,5285,9705430459,,116.4199300,39.9277320,,,,,
,5286,4137667897,,116.3708390,39.9291710,,,,,
,5287,9748257578,,116.3708300,39.9293730,,,,,
,5288,4137667905,,116.3725260,39.9314410,,,,,
,5289,4137699497,,116.3682230,39.9300480,,,,,
,5290,4166635308,,116.4132120,39.9141460,,,,,
,5291,4343826446,,116.4246860,39.8871400,,,,,
,5292,4343826449,,116.4247240,39.8868230,,,,,
,5293,4343826447,,116.4247850,39.8863160,,,,,
,5294,4400820135,,116.3725340,39.9234580,,,,,
,5295,4400820136,,116.3725710,39.9228160,,,,,
,5296,4400834392,,116.3926320,39.8848310,,,,,
,5297,4400834393,,116.3926340,39.8848120,,,,,
,5298,4633459698,,116.4315850,39.9156050,,,,,
,5299,4633459830,,116.4308360,39.9193180,,,,,
,5300,9063951363,,116.4308700,39.9173870,,,,,
,5301,9063951364,,116.4287900,39.9172820,,,,,
,5302,9378881513,,116.3849090,39.9185100,,,,,
,5303,4697743009,,116.4171610,39.9070660,,,,,
,5304,10543111415,,116.4164960,39.9098150,,,,,
,5305,8809676449,,116.4004910,39.8995780,,,,,
,5306,4710347176,,116.3855250,39.8997320,,,,,
,5307,9378036232,,116.3855490,39.8992310,,,,,
,5308,4710347379,,116.3894910,39.9005160,,,,,
,5309,9061801256,,116.3919830,39.8897300,,,,,
,5310,4710637404,,116.3894710,39.8890900,,,,,
,5311,5064902003,,116.3900920,39.8892300,,,,,
,5312,4710638569,,116.4003410,39.9053600,,,,,
,5313,4710638744,,116.3970840,39.9067720,,,,,
,5314,9782405938,signal,116.3970810,39.9068030,,,,,
,5315,6421531651,,116.3970860,39.9067280,,,,,
,5316,4710639230,,116.4003710,39.8994360,,,,,
,5317,4712121065,,116.3791070,39.8859020,,,,,
,5318,4712121066,,116.3798100,39.8859190,,,,,
,5319,4713769531,,116.3848020,39.9208740,,,,,
,5320,6059997997,,116.3848320,39.9212380,,,,,
,5321,4713769533,,116.3845510,39.9207720,,,,,
,5322,6059997996,,116.3846830,39.9206720,,,,,
,5323,4713769696,,116.3821200,39.9211130,,,,,
,5324,9110082468,,116.3819320,39.9211190,,,,,
,5325,9120014687,,116.4130910,39.9049920,,,,,
,5326,4715460624,,116.4141690,39.9050930,,,,,
,5327,4715460623,,116.4137890,39.9050800,,,,,
,5328,4715460625,,116.4134900,39.9050310,,,,,
,5329,4715559819,,116.4028610,39.8996400,,,,,
,5330,11059812363,,116.4026650,39.8996360,,,,,
,5331,9058250143,,116.4189420,39.8826970,,,,,
,5332,4715688500,,116.4183860,39.8848030,,,,,
,5333,9317086727,,116.4219050,39.9071320,,,,,
,5334,4716204016,,116.4208930,39.9072880,,,,,
,5335,9296258009,,116.4208910,39.9073660,,,,,
,5336,8835880555,,116.4206980,39.9071040,,,,,
,5337,8835880557,,116.4209040,39.9069490,,,,,
,5338,4716204020,,116.4207010,39.9067640,,,,,
,5339,9296258007,,116.4207050,39.9066640,,,,,
,5340,6818718226,,116.4228370,39.9050930,,,,,
,5341,4716204329,,116.4228640,39.9039190,,,,,
,5342,11059812327,,116.4208230,39.9037020,,,,,
,5343,4716204336,,116.4210090,39.9038120,,,,,
,5344,4716204375,,116.4169050,39.9020620,,,,,
,5345,6580877284,,116.4179800,39.9028730,,,,,
,5346,4716204926,,116.4054950,39.9057870,,,,,
,5347,4716204927,,116.4058670,39.9057910,,,,,
,5348,4716204928,,116.4058810,39.9053320,,,,,
,5349,4716204929,,116.4058590,39.9052500,,,,,
,5350,4716312215,,116.4306480,39.9073260,,,,,
,5351,9782405957,,116.4306010,39.9072760,,,,,
,5352,12387653597,,116.4303370,39.9068140,,,,,
,5353,4716312233,,116.4287800,39.9075520,,,,,
,5354,10048963992,,116.4283160,39.9141700,,,,,
,5355,4716312277,,116.4282480,39.9142310,,,,,
,5356,4717845946,,116.3820740,39.9315450,,,,,
,5357,4717846099,,116.3769990,39.9267970,,,,,
,5358,4717846103,,116.3771290,39.9266880,,,,,
,5359,4717846100,,116.3769940,39.9268960,,,,,
,5360,4717846101,,116.3772410,39.9269100,,,,,
,5361,4717846102,,116.3772360,39.9267990,,,,,
,5362,4717846261,,116.3779820,39.9258080,,,,,
,5363,4717846262,,116.3770970,39.9257750,,,,,
,5364,4717846263,,116.3770600,39.9256680,,,,,
,5365,4717846264,,116.3769360,39.9255450,,,,,
,5366,4717846265,,116.3769200,39.9253930,,,,,
,5367,4717846266,,116.3769680,39.9250840,,,,,
,5368,4717846267,,116.3770810,39.9249690,,,,,
,5369,4718004200,,116.3866440,39.9059230,,,,,
,5370,10204429385,signal,116.3925880,39.8849160,,,,,
,5371,4720701783,,116.3925120,39.8851410,,,,,
,5372,10695444081,,116.3925070,39.8852420,,,,,
,5373,10204429384,,116.3920800,39.8850860,,,,,
,5374,4720768959,,116.4175300,39.8922160,,,,,
,5375,4720750629,,116.4180440,39.8918420,,,,,
,5376,4720750593,,116.4172760,39.8911820,,,,,
,5377,4720750589,,116.4197970,39.8919140,,,,,
,5378,4720750590,,116.4209320,39.8920690,,,,,
,5379,4720750631,,116.4131560,39.8914560,,,,,
,5380,4720750635,,116.4078550,39.8914130,,,,,
,5381,8904065969,,116.4175140,39.8925740,,,,,
,5382,4720768962,,116.4175730,39.8928490,,,,,
,5383,4720768978,,116.4175770,39.8926500,,,,,
,5384,4720777043,,116.4090340,39.8908400,,,,,
,5385,4720777044,,116.4093880,39.8908340,,,,,
,5386,4720777045,,116.4099710,39.8908950,,,,,
,5387,4720777046,,116.4100950,39.8909180,,,,,
,5388,4720777047,,116.4103090,39.8909180,,,,,
,5389,4720777048,,116.4111070,39.8909520,,,,,
,5390,4720777049,,116.4115310,39.8909800,,,,,
,5391,4720777050,,116.4117190,39.8909910,,,,,
,5392,4720777051,,116.4119170,39.8909700,,,,,
,5393,4720777052,,116.4120520,39.8909390,,,,,
,5394,4720777074,,116.4116130,39.8914230,,,,,
,5395,9049469463,,116.4113860,39.8914220,,,,,
,5396,4720797565,,116.4061900,39.8912330,,,,,
,5397,12036214047,,116.3947820,39.8908630,,,,,
,5398,12630211193,,116.3730940,39.8880760,,,,,
,5399,9091317178,,116.3923310,39.8921640,,,,,
,5400,4844392643,,116.3837390,39.8882800,,,,,
,5401,9015750655,,116.3855780,39.8884600,,,,,
,5402,4890954546,,116.3718150,39.8835330,,,,,
,5403,9691077599,,116.3717790,39.8835860,,,,,
,5404,5068540947,,116.3725580,39.8835260,,,,,
,5405,8830757654,,116.3728230,39.8835330,,,,,
,5406,5068540948,,116.3729960,39.8835600,,,,,
,5407,5068540949,,116.3731620,39.8836240,,,,,
,5408,8830757655,,116.3733430,39.8837200,,,,,
,5409,5068540950,,116.3735780,39.8839650,,,,,
,5410,9120157535,,116.3736630,39.8841500,,,,,
,5411,8809675561,,116.4145640,39.9079030,,,,,
,5412,733860060,,116.4134040,39.9090640,,,,,
,5413,5077167942,,116.4136000,39.9106780,,,,,
,5414,5077273888,,116.3677320,39.9055160,,,,,
,5415,9097623119,,116.3677410,39.9049570,,,,,
,5416,9296390420,,116.3679540,39.9056890,,,,,
,5417,10316801412,,116.3679170,39.9113470,,,,,
,5418,5077273946,,116.3674240,39.9115340,,,,,
,5419,13090532123,signal,116.3777370,39.9006510,,,,,
,5420,9669637998,,116.3765780,39.9028500,,,,,
,5421,5077356498,,116.3686460,39.9112970,,,,,
,5422,8558775027,,116.3681600,39.9113070,,,,,
,5423,5077442684,,116.3711630,39.9191070,,,,,
,5424,9827021445,,116.3711410,39.9200700,,,,,
,5425,9377983846,signal,116.3711190,39.9209920,,,,,
,5426,9377983849,,116.3673430,39.9210770,,,,,
,5427,5077442715,,116.3675050,39.9210620,,,,,
,5428,9377983851,signal,116.3675610,39.9210570,,,,,
,5429,5077445635,,116.3666180,39.9225540,,,,,
,5430,5077445637,,116.3661460,39.9225470,,,,,
,5431,5077445953,,116.3745960,39.9161180,,,,,
,5432,6115877458,,116.3740940,39.9156270,,,,,
,5433,6115877455,,116.3736480,39.9156120,,,,,
,5434,6115877452,,116.3726290,39.9155810,,,,,
,5435,6115877449,,116.3721860,39.9155690,,,,,
,5436,6115877453,,116.3725990,39.9160340,,,,,
,5437,6115877448,,116.3721620,39.9160190,,,,,
,5438,6115877456,,116.3736180,39.9160730,,,,,
,5439,6115877457,,116.3740610,39.9160940,,,,,
,5440,9494109328,,116.3745730,39.9165380,,,,,
,5441,5077446333,,116.3756650,39.9172050,,,,,
,5442,5077446358,,116.3754080,39.9172040,,,,,
,5443,5077446354,,116.3753310,39.9171050,,,,,
,5444,6135545258,,116.3753920,39.9171400,,,,,
,5445,6132252862,,116.3749060,39.9170760,,,,,
,5446,5077446357,,116.3752820,39.9173380,,,,,
,5447,6135545257,,116.3753720,39.9172940,,,,,
,5448,8558775074,,116.3672830,39.9138910,,,,,
,5449,5096607908,,116.3920920,39.9359550,,,,,
,5450,5096607909,,116.3922010,39.9359570,,,,,
,5451,5096607912,,116.3921050,39.9357690,,,,,
,5452,8554567604,,116.3921500,39.9350320,,,,,
,5453,5096623600,,116.3907980,39.9352320,,,,,
,5454,5096623607,,116.3907550,39.9360690,,,,,
,5455,5098358061,,116.3873400,39.9217800,,,,,
,5456,5098358062,,116.3875320,39.9219250,,,,,
,5457,12838104811,,116.3875350,39.9218900,,,,,
,5458,5098449197,,116.3856710,39.8987120,,,,,
,5459,9378036227,,116.3857790,39.8987140,,,,,
,5460,13570555108,,116.3858210,39.9019210,,,,,
,5461,6796440667,,116.3855760,39.9024900,,,,,
,5462,9378025382,signal,116.3649540,39.8984650,,,,,
,5463,5115805573,signal,116.3774800,39.9028780,,,,,
,5464,13094030838,,116.3771710,39.9028650,,,,,
,5465,5115805577,,116.3854400,39.9052080,,,,,
,5466,6795126308,,116.3854830,39.9042990,,,,,
,5467,9782405964,,116.3854230,39.9055280,,,,,
,5468,5200255005,,116.4322530,39.9317170,,,,,
,5469,5200255006,,116.4322530,39.9305030,,,,,
,5470,8958517283,,116.4321880,39.9321960,,,,,
,5471,5200255007,,116.4324090,39.9303590,,,,,
,5472,5200255008,,116.4324250,39.9300240,,,,,
,5473,5209564910,,116.3889470,39.8845380,,,,,
,5474,5289709975,,116.4134840,39.8852500,,,,,
,5475,9399171300,,116.4139640,39.8842970,,,,,
,5476,5289709976,,116.4136420,39.8853030,,,,,
,5477,5300284255,,116.3974700,39.9063490,,,,,
,5478,5300287704,,116.3970140,39.9064250,,,,,
,5479,9063921184,,116.3968660,39.9062760,,,,,
,5480,5588104790,,116.4147690,39.8825750,,,,,
,5481,9056383293,,116.4147590,39.8827340,,,,,
,5482,5588104791,,116.4147380,39.8830280,,,,,
,5483,5588104792,,116.4146980,39.8833160,,,,,
,5484,5588104793,,116.4146360,39.8835730,,,,,
,5485,5588104794,,116.4145230,39.8838310,,,,,
,5486,7824830934,,116.4144160,39.8840550,,,,,
,5487,5588104796,,116.4137490,39.8853390,,,,,
,5488,5588941345,,116.3865820,39.9332970,,,,,
,5489,7103273402,,116.3655400,39.9226320,,,,,
,5490,5776430502,,116.4163570,39.8963030,,,,,
,5491,5776430507,,116.4170480,39.8963210,,,,,
,5492,5776430503,,116.4163290,39.8967360,,,,,
,5493,5776430504,,116.4161140,39.8967290,,,,,
,5494,5776430505,,116.4160720,39.8975960,,,,,
,5495,5776430506,,116.4169780,39.8976000,,,,,
,5496,5776430511,,116.4160530,39.8978290,,,,,
,5497,5776430509,,116.4170220,39.8967900,,,,,
,5498,10120370898,,116.4169580,39.8979750,,,,,
,5499,5776430510,,116.4169500,39.8981440,,,,,
,5500,10120370899,,116.4169530,39.8980750,,,,,
,5501,5808959364,,116.4078300,39.8900140,,,,,
,5502,6652688801,,116.4103700,39.8970630,,,,,
,5503,5810291995,,116.4102910,39.8970620,,,,,
,5504,5810291997,,116.4103150,39.8959310,,,,,
,5505,6652688788,,116.4097820,39.8959320,,,,,
,5506,5824743516,,116.4005510,39.9091800,,,,,
,5507,5826123044,,116.3681960,39.9313990,,,,,
,5508,9327681295,,116.3999590,39.9244200,,,,,
,5509,5826135562,,116.4002020,39.9301740,,,,,
,5510,6789455779,,116.4001730,39.9307880,,,,,
,5511,9797817277,,116.3999590,39.9301760,,,,,
,5512,9797817271,,116.3996150,39.9307060,,,,,
,5513,5926913408,,116.3841540,39.9131590,,,,,
,5514,5926913409,,116.3841180,39.9130880,,,,,
,5515,5926913410,,116.3840200,39.9130530,,,,,
,5516,5927093817,,116.3847100,39.9131100,,,,,
,5517,5926913411,,116.3839320,39.9129490,,,,,
,5518,5926913412,,116.3839150,39.9128470,,,,,
,5519,5926913413,,116.3839070,39.9127700,,,,,
,5520,5926913414,,116.3838530,39.9126830,,,,,
,5521,5926913421,,116.3838970,39.9121330,,,,,
,5522,5926913415,,116.3839640,39.9113040,,,,,
,5523,5926913416,,116.3839440,39.9112530,,,,,
,5524,5926913417,,116.3838800,39.9112360,,,,,
,5525,5926913423,,116.3844800,39.9112750,,,,,
,5526,5926913418,,116.3838040,39.9112510,,,,,
,5527,5926913419,,116.3837650,39.9113130,,,,,
,5528,5926913420,,116.3837130,39.9119880,,,,,
,5529,9496622850,,116.3851970,39.9113050,,,,,
,5530,5927093822,,116.3849820,39.9112960,,,,,
,5531,5927093818,,116.3847780,39.9130790,,,,,
,5532,5927093819,,116.3848070,39.9130400,,,,,
,5533,5927093820,,116.3848260,39.9128300,,,,,
,5534,5927093821,,116.3848820,39.9127190,,,,,
,5535,5931559150,,116.3983170,39.9321070,,,,,
,5536,12865292786,,116.4256790,39.9233200,,,,,
,5537,6001341663,,116.4180500,39.9322210,,,,,
,5538,6001341813,,116.4216280,39.9283490,,,,,
,5539,6001342174,,116.4237440,39.9338330,,,,,
,5540,6007826873,,116.4179320,39.9140760,,,,,
,5541,6007826878,,116.4173800,39.9140750,,,,,
,5542,11059812336,signal,116.4262160,39.9034270,,,,,
,5543,6007976508,,116.4243990,39.9035920,,,,,
,5544,9671614655,,116.4247300,39.9035900,,,,,
,5545,6007976989,signal,116.4261240,39.9039250,,,,,
,5546,13239671043,,116.4261230,39.9039040,,,,,
,5547,6009696479,,116.3895610,39.9036110,,,,,
,5548,9782405965,signal,116.3856750,39.9064730,,,,,
,5549,6058354567,,116.4232520,39.9035960,,,,,
,5550,6580882794,,116.4232530,39.9034860,,,,,
,5551,6058354568,,116.4232520,39.9034150,,,,,
,5552,6058354571,,116.4232620,39.9032260,,,,,
,5553,6058354569,,116.4232650,39.9031360,,,,,
,5554,6058354570,,116.4233020,39.9028240,,,,,
,5555,6058354581,,116.4235790,39.9032350,,,,,
,5556,6058354572,,116.4236630,39.9032380,,,,,
,5557,6058354573,,116.4239630,39.9032470,,,,,
,5558,6058354574,,116.4239950,39.9029700,,,,,
,5559,8492095214,,116.4241820,39.9029760,,,,,
,5560,6058354575,,116.4243900,39.9029820,,,,,
,5561,9507849810,,116.3843950,39.9208430,,,,,
,5562,6059997999,,116.3847370,39.9206230,,,,,
,5563,12367919951,,116.3847100,39.9211120,,,,,
,5564,6059997998,,116.3846670,39.9210140,,,,,
,5565,9369525697,,116.3845320,39.9209080,,,,,
,5566,12838104354,,116.3846480,39.9209540,,,,,
,5567,9507849811,signal,116.3847530,39.9205500,,,,,
,5568,6059998000,,116.3846730,39.9208210,,,,,
,5569,9369525699,,116.3846380,39.9208640,,,,,
,5570,6094988966,,116.3990410,39.9118800,,,,,
,5571,6095096284,,116.4019440,39.9229840,,,,,
,5572,11634589738,,116.4006820,39.9229610,,,,,
,5573,6095096797,,116.4106720,39.9323060,,,,,
,5574,10314741780,,116.4101500,39.9322690,,,,,
,5575,10314741767,,116.4108860,39.9321560,,,,,
,5576,10314741765,,116.4109700,39.9323090,,,,,
,5577,6095096800,,116.4111340,39.9321640,,,,,
,5578,6095096801,,116.4108910,39.9320030,,,,,
,5579,10314741766,,116.4109770,39.9321590,,,,,
,5580,10314741764,,116.4108780,39.9323080,,,,,
,5581,6095096804,,116.4109630,39.9324740,,,,,
,5582,6095096835,,116.4269050,39.9322160,,,,,
,5583,9331497184,,116.4266280,39.9323630,,,,,
,5584,9296257997,,116.4004070,39.9066070,,,,,
,5585,9296257995,,116.4005560,39.9064500,,,,,
,5586,6095123389,,116.4002660,39.9062710,,,,,
,5587,6095123391,,116.4000190,39.9066000,,,,,
,5588,6105620142,,116.3848600,39.9196670,,,,,
,5589,9378881511,,116.3848930,39.9187880,,,,,
,5590,6105621004,,116.3848490,39.9198720,,,,,
,5591,6445786464,,116.3848260,39.9200200,,,,,
,5592,9378895556,,116.3855820,39.9079770,,,,,
,5593,6115877454,,116.3736770,39.9151710,,,,,
,5594,10745188467,,116.3740110,39.9226980,,,,,
,5595,6132168561,,116.3740830,39.9227630,,,,,
,5596,6132168562,,116.3741880,39.9227670,,,,,
,5597,6132957494,,116.3764270,39.9213900,,,,,
,5598,6132957496,,116.3763090,39.9213880,,,,,
,5599,6132957495,,116.3753980,39.9213770,,,,,
,5600,10745188462,,116.3758350,39.9213830,,,,,
,5601,6137043417,,116.3914970,39.9320820,,,,,
,5602,9120014685,,116.4120980,39.9034600,,,,,
,5603,6137240779,,116.4321620,39.9015150,,,,,
,5604,6286241954,,116.4325480,39.9014650,,,,,
,5605,6286241953,,116.4318480,39.9015550,,,,,
,5606,12871059015,,116.3714480,39.8895440,,,,,
,5607,6184318448,,116.3744820,39.9108900,,,,,
,5608,6184318450,,116.3740410,39.9108960,,,,,
,5609,8566337359,,116.3728760,39.9096860,,,,,
,5610,6278305537,,116.4282590,39.9181940,,,,,
,5611,6278305548,,116.4282250,39.9187390,,,,,
,5612,6278305549,,116.4282060,39.9192790,,,,,
,5613,6286241950,,116.4309670,39.9016620,,,,,
,5614,6286241951,,116.4311330,39.9017040,,,,,
,5615,6286241960,,116.4307660,39.9015980,,,,,
,5616,6286241952,,116.4313830,39.9016800,,,,,
,5617,13329049629,,116.4305940,39.9015810,,,,,
,5618,6286861908,,116.4234850,39.8827140,,,,,
,5619,9828021830,,116.4243260,39.8827350,,,,,
,5620,6286861910,,116.4203830,39.8826270,,,,,
,5621,9828021836,,116.4219420,39.8826740,,,,,
,5622,6297236901,,116.4039080,39.9089400,,,,,
,5623,6297236903,,116.4039440,39.9080110,,,,,
,5624,6421531642,,116.3970740,39.9068950,,,,,
,5625,6445786463,,116.3848060,39.9203060,,,,,
,5626,9676576385,,116.3755450,39.9120120,,,,,
,5627,6445856555,,116.3755580,39.9116880,,,,,
,5628,9676576383,,116.3755640,39.9114440,,,,,
,5629,6445856556,,116.3755920,39.9108960,,,,,
,5630,6447737000,,116.3971390,39.9063150,,,,,
,5631,9296257993,,116.3974060,39.9063420,,,,,
,5632,13570555122,,116.3854360,39.9018750,,,,,
,5633,6448366275,,116.3857510,39.9019460,,,,,
,5634,6501991075,,116.4135870,39.8999010,,,,,
,5635,6501991076,,116.4135280,39.8998660,,,,,
,5636,6501991077,,116.4134480,39.8997730,,,,,
,5637,10885563864,,116.4134790,39.8998190,,,,,
,5638,6575947383,,116.4094170,39.8997040,,,,,
,5639,6580882785,,116.4181390,39.9029870,,,,,
,5640,6580882786,,116.4183100,39.9030810,,,,,
,5641,6580882787,,116.4186060,39.9031880,,,,,
,5642,6580882788,,116.4190160,39.9033170,,,,,
,5643,6580882799,,116.4192440,39.9034440,,,,,
,5644,6580882848,,116.4151610,39.9006700,,,,,
,5645,6611291309,,116.4159110,39.9012720,,,,,
,5646,12564269434,,116.4184130,39.9036460,,,,,
,5647,6650358681,,116.3930970,39.9058970,,,,,
,5648,6650358684,,116.3894560,39.9058200,,,,,
,5649,9296257991,,116.3966050,39.9065040,,,,,
,5650,6652688787,,116.4104610,39.8959120,,,,,
,5651,6652688799,,116.4103940,39.8959290,,,,,
,5652,6652688789,,116.4094120,39.8958890,,,,,
,5653,11596545456,,116.4095740,39.8958230,,,,,
,5654,6652688791,,116.4097630,39.8958320,,,,,
,5655,6652688792,,116.4099120,39.8958310,,,,,
,5656,6652688793,,116.4103800,39.8958250,,,,,
,5657,6652688796,,116.4120670,39.8957670,,,,,
,5658,10666082472,,116.4001610,39.9310660,,,,,
,5659,6795074474,,116.3815720,39.9018590,,,,,
,5660,13568915157,,116.3815700,39.9019540,,,,,
,5661,13568915158,,116.3815840,39.9017260,,,,,
,5662,6795074475,,116.3815970,39.9015990,,,,,
,5663,10197677980,,116.3855300,39.9033010,,,,,
,5664,6813509180,,116.4143850,39.8824570,,,,,
,5665,10120370889,,116.4143860,39.8824370,,,,,
,5666,6875195516,,116.4235500,39.8828260,,,,,
,5667,6875195599,,116.4251200,39.8844490,,,,,
,5668,6875195602,,116.4251480,39.8841420,,,,,
,5669,7419678742,,116.4045870,39.9225500,,,,,
,5670,12876999916,,116.4045860,39.9226220,,,,,
,5671,12531335680,,116.4046370,39.9204520,,,,,
,5672,12531360013,,116.4046430,39.9202670,,,,,
,5673,7824830929,,116.4154760,39.8842020,,,,,
,5674,7824830935,,116.4157350,39.8842560,,,,,
,5675,7824830939,,116.4171660,39.8850350,,,,,
,5676,7824830946,,116.4144000,39.8840880,,,,,
,5677,7824830936,,116.4159820,39.8843340,,,,,
,5678,7824830937,,116.4166960,39.8846770,,,,,
,5679,7824830940,,116.4169270,39.8848760,,,,,
,5680,7824830941,,116.4167370,39.8847510,,,,,
,5681,7824830942,,116.4164990,39.8846160,,,,,
,5682,7824830943,,116.4159710,39.8843740,,,,,
,5683,7824830944,,116.4157020,39.8842860,,,,,
,5684,7824830945,,116.4154580,39.8842400,,,,,
,5685,7824830947,,116.4148830,39.8841570,,,,,
,5686,7824936281,,116.3995970,39.8867190,,,,,
,5687,7824965299,,116.3994750,39.8867080,,,,,
,5688,7824965308,,116.3995750,39.8868480,,,,,
,5689,7824936282,,116.3993690,39.8882120,,,,,
,5690,7824936283,,116.3993650,39.8884290,,,,,
,5691,9061801267,,116.3993700,39.8886460,,,,,
,5692,7824936284,,116.3993920,39.8888520,,,,,
,5693,7824965304,,116.3994620,39.8893280,,,,,
,5694,7824965285,,116.3995540,39.8899080,,,,,
,5695,7824965309,,116.3996140,39.8903190,,,,,
,5696,7824965286,,116.3997220,39.8910600,,,,,
,5697,13519188249,,116.3997610,39.8911140,,,,,
,5698,7824965287,,116.3994800,39.8894100,,,,,
,5699,9061801261,,116.3995750,39.8894140,,,,,
,5700,9061801260,,116.3995090,39.8895350,,,,,
,5701,7824965288,,116.3996420,39.8905030,,,,,
,5702,7824965292,,116.3993640,39.8894060,,,,,
,5703,7824965293,,116.3993450,39.8893350,,,,,
,5704,9061801262,,116.3992960,39.8890890,,,,,
,5705,7824965294,,116.3992430,39.8887380,,,,,
,5706,7824965295,,116.3992340,39.8885410,,,,,
,5707,12022245890,,116.3992290,39.8882840,,,,,
,5708,7824965296,,116.3992290,39.8882510,,,,,
,5709,9061801265,,116.3992560,39.8879940,,,,,
,5710,7824965297,,116.3992690,39.8878800,,,,,
,5711,7824965298,,116.3993540,39.8874660,,,,,
,5712,12630448022,,116.3994930,39.8866280,,,,,
,5713,9495822944,,116.3965230,39.9218910,,,,,
,5714,9495822941,,116.3963590,39.9208140,,,,,
,5715,12838102857,,116.3968430,39.9223210,,,,,
,5716,7825648509,,116.3974890,39.9229020,,,,,
,5717,8958226006,,116.4024610,39.9229920,,,,,
,5718,7883972745,,116.3924170,39.8865630,,,,,
,5719,7883972746,,116.3923300,39.8879210,,,,,
,5720,9326357626,,116.3922360,39.8895990,,,,,
,5721,7883972748,,116.3919760,39.8892480,,,,,
,5722,9326357622,,116.3920350,39.8883630,,,,,
,5723,12823682276,,116.3919530,39.8893280,,,,,
,5724,7883972753,,116.3949830,39.8890100,,,,,
,5725,12568344945,,116.3943030,39.8889000,,,,,
,5726,7893337707,,116.4112740,39.9231580,,,,,
,5727,12876999902,signal,116.4112730,39.9231720,,,,,
,5728,9591211176,,116.4112760,39.9231110,,,,,
,5729,8141002500,,116.4299420,39.9044720,,,,,
,5730,8146165660,,116.3717380,39.8877580,,,,,
,5731,9691077582,,116.3736300,39.8877760,,,,,
,5732,12871058755,,116.3717440,39.8868380,,,,,
,5733,8146165666,,116.3736620,39.8868090,,,,,
,5734,12871058752,,116.3735750,39.8868480,,,,,
,5735,12871058751,,116.3734180,39.8867900,,,,,
,5736,8288380975,,116.4319500,39.9324470,,,,,
,5737,12865318618,,116.4319430,39.9324960,,,,,
,5738,12865318616,,116.4319460,39.9324100,,,,,
,5739,8288380976,,116.4319350,39.9334450,,,,,
,5740,8288380977,,116.4321280,39.9337000,,,,,
,5741,12865318617,,116.4319360,39.9325490,,,,,
,5742,8288380978,,116.4320900,39.9346330,,,,,
,5743,8904418434,,116.4314680,39.8829020,,,,,
,5744,8492110942,,116.4282300,39.9012460,,,,,
,5745,10830496888,,116.4282940,39.9011930,,,,,
,5746,10769048730,,116.3701370,39.9084900,,,,,
,5747,8500051823,,116.3677180,39.9060770,,,,,
,5748,9296390421,,116.3677210,39.9058580,,,,,
,5749,8547413444,,116.3674520,39.9102560,,,,,
,5750,9828568405,,116.3680130,39.9032240,,,,,
,5751,8515069950,,116.3677240,39.9027350,,,,,
,5752,9828568404,,116.3681410,39.9035160,,,,,
,5753,8558775034,,116.3702250,39.9109110,,,,,
,5754,8558775057,,116.3673120,39.9134350,,,,,
,5755,8558775058,,116.3673080,39.9133200,,,,,
,5756,10316801401,,116.3674560,39.9133350,,,,,
,5757,8558775060,,116.3675260,39.9131560,,,,,
,5758,10933449881,,116.3677570,39.9132740,,,,,
,5759,9827021454,,116.3704010,39.9132320,,,,,
,5760,10316801397,,116.3675350,39.9087240,,,,,
,5761,8559502656,,116.4154990,39.9141390,,,,,
,5762,8563153469,,116.3672160,39.9235420,,,,,
,5763,10745130602,signal,116.3672390,39.9227720,,,,,
,5764,9334235963,,116.3672060,39.9238510,,,,,
,5765,11280518309,,116.3702800,39.9105440,,,,,
,5766,13099162734,,116.3720470,39.9011440,,,,,
,5767,9296364401,,116.4206820,39.9088900,,,,,
,5768,8742536090,,116.3623100,39.9025680,,,,,
,5769,9698077411,,116.3678340,39.9021010,,,,,
,5770,8742536106,,116.3680290,39.9025950,,,,,
,5771,8742536107,,116.3681920,39.9026100,,,,,
,5772,8742536108,,116.3676030,39.9026040,,,,,
,5773,8742536109,,116.3655890,39.9037290,,,,,
,5774,533647890,,116.3655380,39.9037270,,,,,
,5775,13099162785,signal,116.3701750,39.9029350,,,,,
,5776,8742540328,,116.3701170,39.9061020,,,,,
,5777,9868408086,,116.3700640,39.9060760,,,,,
,5778,9864155772,,116.3700880,39.9075670,,,,,
,5779,8742540332,,116.3700550,39.9074910,,,,,
,5780,8742540333,,116.3700900,39.9076890,,,,,
,5781,8742540337,,116.3701270,39.9083950,,,,,
,5782,8742540336,,116.3700190,39.9083920,,,,,
,5783,9752109889,,116.3653090,39.9102380,,,,,
,5784,8742540379,,116.3659530,39.9125780,,,,,
,5785,8742540389,,116.3679260,39.9060810,,,,,
,5786,8809675558,,116.4143720,39.9081210,,,,,
,5787,8809675560,,116.4144550,39.9081210,,,,,
,5788,8809675563,,116.4146880,39.9079000,,,,,
,5789,8809675562,,116.4147230,39.9079000,,,,,
,5790,8809675573,,116.4182230,39.9072430,,,,,
,5791,8809675572,,116.4182230,39.9072820,,,,,
,5792,8809675590,,116.4009560,39.9106660,,,,,
,5793,8809675609,,116.4045800,39.9171290,,,,,
,5794,9494388382,,116.4047930,39.9171400,,,,,
,5795,8809675610,,116.4047800,39.9173190,,,,,
,5796,9494388385,signal,116.4047770,39.9173740,,,,,
,5797,11059812357,,116.4004940,39.8994400,,,,,
,5798,8830757656,,116.3734670,39.8838240,,,,,
,5799,9296258002,,116.4115150,39.9069410,,,,,
,5800,9296258003,,116.4116730,39.9066090,,,,,
,5801,9296258004,,116.4120260,39.9067820,,,,,
,5802,9296258005,,116.4118980,39.9070780,,,,,
,5803,8835880556,,116.4206950,39.9069450,,,,,
,5804,9296258006,,116.4203220,39.9070980,,,,,
,5805,12394030670,,116.4210470,39.9069520,,,,,
,5806,8958225990,,116.3998010,39.9271040,,,,,
,5807,9327676963,,116.4045610,39.9235650,,,,,
,5808,8958225999,,116.4048340,39.9228540,,,,,
,5809,8958226000,,116.4048400,39.9227680,,,,,
,5810,12876999910,,116.4048650,39.9227400,,,,,
,5811,8958226001,,116.4045860,39.9226590,,,,,
,5812,11634589715,,116.4045860,39.9227330,,,,,
,5813,12876999906,,116.4045840,39.9231890,,,,,
,5814,8958226009,,116.4005870,39.9229620,,,,,
,5815,8958226010,,116.4004090,39.9228860,,,,,
,5816,12876506888,,116.4001720,39.9228820,,,,,
,5817,8958226011,,116.4005360,39.9230120,,,,,
,5818,9327681297,,116.4004900,39.9236100,,,,,
,5819,8958226014,,116.4000290,39.9230320,,,,,
,5820,12876506897,,116.4000290,39.9230520,,,,,
,5821,12838102890,,116.4000300,39.9230000,,,,,
,5822,8958226015,,116.3998270,39.9228790,,,,,
,5823,8958237020,,116.3974020,39.9228900,,,,,
,5824,12876983190,,116.4112800,39.9226320,,,,,
,5825,8958237026,,116.4112800,39.9226640,,,,,
,5826,9591211179,,116.4112810,39.9227570,,,,,
,5827,9591211188,signal,116.4112800,39.9226450,,,,,
,5828,8958237030,,116.4110680,39.9231090,,,,,
,5829,12876983181,,116.4110020,39.9231080,,,,,
,5830,8958237031,,116.4110710,39.9229940,,,,,
,5831,12876983182,,116.4110000,39.9229940,,,,,
,5832,9591211178,,116.4112830,39.9228800,,,,,
,5833,9591211177,,116.4112800,39.9229960,,,,,
,5834,8958237035,,116.4113910,39.9228810,,,,,
,5835,12876983198,,116.4114570,39.9228820,,,,,
,5836,8958237036,,116.4113910,39.9227580,,,,,
,5837,12876983197,,116.4114570,39.9227580,,,,,
,5838,8958550933,,116.4185640,39.8990840,,,,,
,5839,9015750640,,116.3653310,39.8881010,,,,,
,5840,9015750641,,116.3655480,39.8881290,,,,,
,5841,9015750646,,116.3708570,39.8880890,,,,,
,5842,9015750649,,116.3708180,39.8880920,,,,,
,5843,9015750650,,116.3708210,39.8880040,,,,,
,5844,9385876771,,116.3725250,39.8878740,,,,,
,5845,13568915154,,116.3769750,39.9056820,,,,,
,5846,9320761746,,116.3765720,39.9054860,,,,,
,5847,9034942210,signal,116.3966580,39.9062450,,,,,
,5848,9296257992,,116.3966820,39.9062470,,,,,
,5849,9034942211,signal,116.4050010,39.9065640,,,,,
,5850,12492811785,,116.4052180,39.9065710,,,,,
,5851,9034966239,,116.4306490,39.9072300,,,,,
,5852,9671455195,,116.4304220,39.9072320,,,,,
,5853,9049469429,,116.4128410,39.8921800,,,,,
,5854,9049469430,,116.4127610,39.8922860,,,,,
,5855,9049469432,,116.4112560,39.8915890,,,,,
,5856,9049469433,,116.4117480,39.8915880,,,,,
,5857,9049469434,,116.4126670,39.8912230,,,,,
,5858,10294455630,,116.4126370,39.8912260,,,,,
,5859,9049469435,,116.4127080,39.8871470,,,,,
,5860,9699785057,,116.4127340,39.8905420,,,,,
,5861,9049469439,,116.4127140,39.8909370,,,,,
,5862,9049469459,,116.4130630,39.8914130,,,,,
,5863,9049469458,,116.4130890,39.8914310,,,,,
,5864,9049469460,,116.4131050,39.8914630,,,,,
,5865,9049469461,,116.4131840,39.8915400,,,,,
,5866,9049469466,,116.4130060,39.8920720,,,,,
,5867,9049469469,,116.4125580,39.8946160,,,,,
,5868,9669859248,,116.4125530,39.8949240,,,,,
,5869,9500495641,,116.4129040,39.8947010,,,,,
,5870,9056200355,,116.4146910,39.8822870,,,,,
,5871,9056383294,,116.4148620,39.8824490,,,,,
,5872,9056383309,,116.4167320,39.8825230,,,,,
,5873,9056383295,,116.4148590,39.8825800,,,,,
,5874,9056383307,,116.4167250,39.8824140,,,,,
,5875,12165557820,,116.4185420,39.8824610,,,,,
,5876,9399131718,,116.4179640,39.8825590,,,,,
,5877,9056383310,,116.4167320,39.8826360,,,,,
,5878,9399131724,,116.4178730,39.8826780,,,,,
,5879,9058250132,,116.4185950,39.8825720,,,,,
,5880,9399131720,,116.4196150,39.8826020,,,,,
,5881,9058250145,,116.4188260,39.8824130,,,,,
,5882,12165557806,,116.4188250,39.8824700,,,,,
,5883,9061801253,,116.3947190,39.8928710,,,,,
,5884,9061801254,,116.3946950,39.8925270,,,,,
,5885,10266542472,,116.3920980,39.8897500,,,,,
,5886,9063565795,,116.3682900,39.8850370,,,,,
,5887,9063565797,,116.3688080,39.8878290,,,,,
,5888,10316801499,,116.3685630,39.8876610,,,,,
,5889,9063565801,,116.3678340,39.8876410,,,,,
,5890,9120157563,,116.3678650,39.8876220,,,,,
,5891,9063565802,,116.3678890,39.8876070,,,,,
,5892,10316801452,,116.3679090,39.8875730,,,,,
,5893,9063565803,,116.3679240,39.8875480,,,,,
,5894,12927006676,,116.3679240,39.8875300,,,,,
,5895,9063565804,,116.3679240,39.8874890,,,,,
,5896,9092797718,,116.3679120,39.8853040,,,,,
,5897,9063565805,,116.3679100,39.8849020,,,,,
,5898,9063565806,,116.3679060,39.8834480,,,,,
,5899,9296257987,,116.3889230,39.9062450,,,,,
,5900,9296257988,,116.3898650,39.9060280,,,,,
,5901,9296257990,,116.3937090,39.9061470,,,,,
,5902,9296257989,,116.3926020,39.9063580,,,,,
,5903,10048648391,,116.4287640,39.9184080,,,,,
,5904,10048648388,,116.4288780,39.9172800,,,,,
,5905,13099162784,signal,116.3703960,39.9027820,,,,,
,5906,9091317177,,116.3922990,39.8925630,,,,,
,5907,9828582931,,116.3686760,39.8881360,,,,,
,5908,12927006678,,116.3682860,39.8875300,,,,,
,5909,13568373647,,116.3765740,39.9046570,,,,,
,5910,9905764779,,116.3677620,39.9042150,,,,,
,5911,9109973737,,116.3804510,39.9211080,,,,,
,5912,9109973738,,116.3770760,39.9212880,,,,,
,5913,9109973739,,116.3773480,39.9212930,,,,,
,5914,9109973740,,116.3802120,39.9210710,,,,,
,5915,9109973741,,116.3801110,39.9211580,,,,,
,5916,9109973742,,116.3799650,39.9211630,,,,,
,5917,9109973743,signal,116.3788430,39.9211350,,,,,
,5918,9377983842,,116.3786100,39.9211290,,,,,
,5919,9109973744,,116.3782830,39.9211250,,,,,
,5920,9109973745,,116.3780650,39.9211420,,,,,
,5921,9109973746,,116.3775740,39.9212630,,,,,
,5922,9109973749,,116.3774650,39.9212830,,,,,
,5923,9109973748,,116.3805780,39.9210910,,,,,
,5924,9109973751,,116.3779630,39.9210760,,,,,
,5925,9119043782,,116.4073600,39.9127560,,,,,
,5926,9119043800,,116.4076660,39.9133260,,,,,
,5927,9119424784,,116.3699070,39.9059740,,,,,
,5928,10679262267,,116.3697920,39.9059540,,,,,
,5929,9119424785,,116.3700290,39.9060290,,,,,
,5930,9119424786,,116.3701590,39.9059860,,,,,
,5931,9868408087,,116.3701160,39.9060740,,,,,
,5932,9119424787,,116.3702300,39.9059530,,,,,
,5933,9669686169,,116.3783050,39.8933620,,,,,
,5934,9120014686,,116.4131650,39.9035620,,,,,
,5935,9691077577,,116.3736640,39.8844390,,,,,
,5936,9120157550,,116.3679100,39.8878320,,,,,
,5937,10316801453,,116.3679290,39.8878160,,,,,
,5938,9120157551,,116.3679120,39.8879880,,,,,
,5939,12927006669,,116.3677820,39.8879870,,,,,
,5940,9120157552,,116.3679130,39.8881030,,,,,
,5941,10205851425,,116.3678090,39.8881040,,,,,
,5942,12927006677,,116.3680920,39.8875300,,,,,
,5943,9120157554,,116.3681440,39.8881550,,,,,
,5944,9120157555,,116.3682850,39.8876610,,,,,
,5945,9828582923,,116.3683360,39.8883080,,,,,
,5946,10316801500,,116.3685640,39.8878250,,,,,
,5947,9120157559,,116.3685050,39.8879970,,,,,
,5948,9120157560,,116.3685060,39.8881060,,,,,
,5949,9316968441,,116.3874740,39.9062020,,,,,
,5950,9317034206,,116.3950410,39.9061850,,,,,
,5951,9317006999,,116.3961260,39.9064920,,,,,
,5952,9296257994,,116.4002550,39.9064370,,,,,
,5953,9296258000,,116.4052370,39.9067570,,,,,
,5954,9385334228,,116.4049350,39.9067460,,,,,
,5955,9317086734,,116.4140240,39.9068150,,,,,
,5956,12394030653,,116.4207260,39.9060310,,,,,
,5957,9296258008,,116.4211360,39.9069530,,,,,
,5958,9296364404,,116.4208660,39.9086960,,,,,
,5959,9705429915,,116.4206840,39.9083840,,,,,
,5960,9296390418,,116.3679470,39.9058580,,,,,
,5961,9296390419,,116.3677240,39.9056880,,,,,
,5962,10316801422,,116.3680940,39.9056880,,,,,
,5963,10316801406,,116.3675890,39.9058580,,,,,
,5964,9298151111,,116.3918680,39.8974280,,,,,
,5965,11292585929,,116.3934410,39.8991570,,,,,
,5966,9298159118,,116.3934680,39.8987110,,,,,
,5967,12409428709,,116.3925590,39.8987550,,,,,
,5968,9298159144,,116.3888280,39.8891620,,,,,
,5969,9298159145,,116.3887870,39.8892630,,,,,
,5970,9298159157,,116.3891530,39.8890100,,,,,
,5971,9298159156,,116.3891200,39.8891000,,,,,
,5972,9316800036,,116.3711560,39.9056820,,,,,
,5973,9316968442,,116.3872180,39.9061950,,,,,
,5974,9317034201,,116.3960130,39.9064880,,,,,
,5975,9317034202,,116.3958200,39.9064770,,,,,
,5976,9782405971,signal,116.3765730,39.9054280,,,,,
,5977,9322433639,,116.4026270,39.9310330,,,,,
,5978,9326357621,,116.3920390,39.8882250,,,,,
,5979,9326357625,,116.3922460,39.8897250,,,,,
,5980,9327458937,,116.3948750,39.8947000,,,,,
,5981,9327681299,,116.4000310,39.9236000,,,,,
,5982,9331504033,,116.4326040,39.9323670,,,,,
,5983,9331504034,,116.4324580,39.9323660,,,,,
,5984,13005996074,,116.4321060,39.9323640,,,,,
,5985,9331587714,,116.4177580,39.9323460,,,,,
,5986,9331602411,,116.4246380,39.9323640,,,,,
,5987,9331602413,,116.4249090,39.9322220,,,,,
,5988,10315077751,,116.4252570,39.9322260,,,,,
,5989,9331631966,,116.4092790,39.9321400,,,,,
,5990,9352874374,,116.4088640,39.9321110,,,,,
,5991,9385360330,,116.3942160,39.9320870,,,,,
,5992,9333243777,,116.3841060,39.9319090,,,,,
,5993,11243814641,,116.3777570,39.9316630,,,,,
,5994,9334235964,,116.3672040,39.9239430,,,,,
,5995,11992333140,,116.3672010,39.9240210,,,,,
,5996,9334250997,,116.3658510,39.9225430,,,,,
,5997,12876507968,,116.4023240,39.9320700,,,,,
,5998,9349946528,,116.4024010,39.9319080,,,,,
,5999,12876507976,,116.4027650,39.9319040,,,,,
,6000,9349946530,,116.4027380,39.9320160,,,,,
,6001,12876507980,,116.4026770,39.9322480,,,,,
,6002,9349946532,,116.4025810,39.9322060,,,,,
,6003,9349946533,,116.4026970,39.9317150,,,,,
,6004,12876507972,,116.4026030,39.9316810,,,,,
,6005,9360014651,,116.3656240,39.9312920,,,,,
,6006,1742718296,,116.3629060,39.9311960,,,,,
,6007,9369525696,,116.3844540,39.9209280,,,,,
,6008,9507849809,,116.3843580,39.9209370,,,,,
,6009,9369525703,,116.3845000,39.9208810,,,,,
,6010,12838104356,,116.3845860,39.9208960,,,,,
,6011,9369525702,,116.3846510,39.9208760,,,,,
,6012,12838104352,,116.3844800,39.9208730,,,,,
,6013,10745188461,,116.3753990,39.9212940,,,,,
,6014,9676576386,,116.3756690,39.9202820,,,,,
,6015,9377983844,,116.3711160,39.9211450,,,,,
,6016,11211428844,,116.3711180,39.9210540,,,,,
,6017,10745130571,,116.3711070,39.9213460,,,,,
,6018,10745130568,,116.3712830,39.9211390,,,,,
,6019,10745130570,,116.3709740,39.9211920,,,,,
,6020,9377983845,signal,116.3711060,39.9213740,,,,,
,6021,9864155746,signal,116.3710500,39.9226160,,,,,
,6022,9377983848,signal,116.3713680,39.9212180,,,,,
,6023,10745130581,,116.3673460,39.9209820,,,,,
,6024,10745130572,,116.3673360,39.9212760,,,,,
,6025,9378025358,,116.3778980,39.8983720,,,,,
,6026,9378025374,,116.3780520,39.8984540,,,,,
,6027,9378025370,,116.3778950,39.8989190,,,,,
,6028,9378025373,,116.3778980,39.8984500,,,,,
,6029,9378025371,,116.3778970,39.8986200,,,,,
,6030,9378025363,,116.3777010,39.8987410,,,,,
,6031,9378025364,,116.3776950,39.8989120,,,,,
,6032,9378025365,,116.3781980,39.8984620,,,,,
,6033,9378025366,,116.3781880,39.8986260,,,,,
,6034,13090532102,,116.3780300,39.8987480,,,,,
,6035,13090532103,,116.3780180,39.8989220,,,,,
,6036,9378025369,,116.3778960,39.8987460,,,,,
,6037,9378025372,,116.3780400,39.8986220,,,,,
,6038,10316801448,,116.3677570,39.8985990,,,,,
,6039,9378025381,,116.3678800,39.8981220,,,,,
,6040,9378025384,,116.3649200,39.8984640,,,,,
,6041,9378025386,,116.3648540,39.8984090,,,,,
,6042,9378025385,,116.3648520,39.8984500,,,,,
,6043,9378036217,,116.3934640,39.8982540,,,,,
,6044,9378036221,,116.3855620,39.8989750,,,,,
,6045,9378036224,,116.3855550,39.8991050,,,,,
,6046,9378036228,,116.3857690,39.8988650,,,,,
,6047,9378036239,,116.3818160,39.8986080,,,,,
,6048,9378036240,,116.3818110,39.8987370,,,,,
,6049,9378036241,,116.3818570,39.8988720,,,,,
,6050,9378036242,,116.3818800,39.8990010,,,,,
,6051,9385876770,,116.3727830,39.8878760,,,,,
,6052,9385876774,,116.3726990,39.8879910,,,,,
,6053,9385876776,,116.3723880,39.8879930,,,,,
,6054,12630211191,,116.3719000,39.8879960,,,,,
,6055,9398471906,,116.4252220,39.8833880,,,,,
,6056,9398478746,,116.4239120,39.8828330,,,,,
,6057,9398478752,,116.4228550,39.8826970,,,,,
,6058,9398478753,,116.4226950,39.8826920,,,,,
,6059,9399131726,,116.4170690,39.8826490,,,,,
,6060,9399160587,,116.4143600,39.8827240,,,,,
,6061,9399160588,,116.4142960,39.8828470,,,,,
,6062,9399160589,,116.4142520,39.8831860,,,,,
,6063,9399160590,,116.4142120,39.8833730,,,,,
,6064,9399160591,,116.4141360,39.8835650,,,,,
,6065,9399160592,,116.4139640,39.8839020,,,,,
,6066,9399160593,,116.4133780,39.8851480,,,,,
,6067,12165557826,,116.4135340,39.8847460,,,,,
,6068,9399171298,,116.4143770,39.8838310,,,,,
,6069,9399171301,,116.4137620,39.8842930,,,,,
,6070,12165557825,,116.4138810,39.8840550,,,,,
,6071,9399171302,,116.4136970,39.8844200,,,,,
,6072,9402081478,,116.4107970,39.8866330,,,,,
,6073,12568185894,,116.4111160,39.8865380,,,,,
,6074,9402089519,,116.4044360,39.8868080,,,,,
,6075,9414229795,,116.3783730,39.9355050,,,,,
,6076,9414229796,,116.3782840,39.9355000,,,,,
,6077,9414229797,,116.3782410,39.9355170,,,,,
,6078,9414229798,,116.3782100,39.9355680,,,,,
,6079,9414229799,,116.3781720,39.9358030,,,,,
,6080,9414229801,,116.3763350,39.9354980,,,,,
,6081,9414229807,,116.3764420,39.9354960,,,,,
,6082,9414229802,,116.3768820,39.9354730,,,,,
,6083,9414229803,,116.3769710,39.9354800,,,,,
,6084,9414229804,,116.3770100,39.9355040,,,,,
,6085,9414229805,,116.3770340,39.9355450,,,,,
,6086,9414229806,,116.3769710,39.9360240,,,,,
,6087,9414229810,,116.3769500,39.9342090,,,,,
,6088,9414229809,,116.3769010,39.9345640,,,,,
,6089,9414250218,,116.3769860,39.9346240,,,,,
,6090,9414250227,,116.3789720,39.9344300,,,,,
,6091,9414250224,,116.3788940,39.9348590,,,,,
,6092,9414250228,,116.3789460,39.9347660,,,,,
,6093,9414250225,,116.3789540,39.9346540,,,,,
,6094,9414250226,,116.3788160,39.9346460,,,,,
,6095,9827021450,,116.3713640,39.9155280,,,,,
,6096,9494078322,,116.3715430,39.9151120,,,,,
,6097,9494141256,,116.3750920,39.9308920,,,,,
,6098,10125901970,,116.4047530,39.9178290,,,,,
,6099,9494762503,signal,116.4077010,39.9126710,,,,,
,6100,12067491764,,116.4076720,39.9124820,,,,,
,6101,9494762504,,116.4078250,39.9141360,,,,,
,6102,9495822934,,116.3964470,39.9208170,,,,,
,6103,9495822940,,116.3970680,39.9208330,,,,,
,6104,9495822936,,116.3964790,39.9199250,,,,,
,6105,9495822939,,116.3969870,39.9199450,,,,,
,6106,9495822937,,116.3973480,39.9199600,,,,,
,6107,9495822938,,116.3973090,39.9204620,,,,,
,6108,9495822945,,116.3971830,39.9218980,,,,,
,6109,9495822946,,116.3972510,39.9218750,,,,,
,6110,9495822947,,116.3972970,39.9218190,,,,,
,6111,9495822948,,116.3973090,39.9217110,,,,,
,6112,9500495620,,116.4177890,39.8979920,,,,,
,6113,9500495621,,116.4178780,39.8979770,,,,,
,6114,9500495622,,116.4180660,39.8979040,,,,,
,6115,9500495623,,116.4185440,39.8976630,,,,,
,6116,9500495625,,116.4182770,39.8979000,,,,,
,6117,9500495626,,116.4180180,39.8980360,,,,,
,6118,9500495627,,116.4178940,39.8980680,,,,,
,6119,9500495628,,116.4177360,39.8980850,,,,,
,6120,9500495629,,116.4175670,39.8980870,,,,,
,6121,9500495631,,116.4127380,39.8979930,,,,,
,6122,9500495632,,116.4145820,39.8959100,,,,,
,6123,9500495635,,116.4146110,39.8964470,,,,,
,6124,9500495637,,116.4145410,39.8980280,,,,,
,6125,9500495638,,116.4144360,39.8980260,,,,,
,6126,9500495640,,116.4125500,39.8950720,,,,,
,6127,9500495642,,116.4134660,39.8947090,,,,,
,6128,9500495643,,116.4144640,39.8948550,,,,,
,6129,9507815686,,116.3961980,39.9137520,,,,,
,6130,12838104824,,116.3933790,39.9220740,,,,,
,6131,9558340690,,116.3933820,39.9220030,,,,,
,6132,12838102859,,116.3934460,39.9220070,,,,,
,6133,9664667252,,116.3939040,39.8852840,,,,,
,6134,12568185878,,116.3940740,39.8853280,,,,,
,6135,9664774684,,116.3784010,39.8871600,,,,,
,6136,13094030837,,116.3768620,39.9028560,,,,,
,6137,9669816904,,116.4070990,39.8995160,,,,,
,6138,9669845089,,116.4088700,39.8995730,,,,,
,6139,9669816906,,116.4068920,39.8996230,,,,,
,6140,10968957569,,116.4064830,39.8996090,,,,,
,6141,9669816907,,116.4040490,39.8995410,,,,,
,6142,11059812361,,116.4030500,39.8995040,,,,,
,6143,11059812348,,116.4036190,39.8994200,,,,,
,6144,9669845088,,116.4100810,39.8996120,,,,,
,6145,11059733482,,116.4092170,39.8995840,,,,,
,6146,9669845092,,116.4097650,39.8997160,,,,,
,6147,9669845093,,116.4103680,39.8997370,,,,,
,6148,9670073215,,116.4324990,39.8829320,,,,,
,6149,9670073242,,116.4224570,39.8902400,,,,,
,6150,9670073240,,116.4223440,39.8907680,,,,,
,6151,9671393580,,116.4288170,39.9072940,,,,,
,6152,9671433197,,116.4287310,39.9072590,,,,,
,6153,9671393581,,116.4288920,39.9073820,,,,,
,6154,9671393582,,116.4288950,39.9074040,,,,,
,6155,9671393583,,116.4288460,39.9081700,,,,,
,6156,9671393584,,116.4288460,39.9082920,,,,,
,6157,9671393587,,116.4290230,39.9072920,,,,,
,6158,9671393588,,116.4289830,39.9073430,,,,,
,6159,9671393589,,116.4289640,39.9073910,,,,,
,6160,9671441470,,116.4289510,39.9076540,,,,,
,6161,9671433188,,116.4301000,39.9083470,,,,,
,6162,9671457062,,116.4301120,39.9082650,,,,,
,6163,9671433189,,116.4300760,39.9084180,,,,,
,6164,9671433190,,116.4300580,39.9084510,,,,,
,6165,9671433191,,116.4300050,39.9085120,,,,,
,6166,9671433192,,116.4299270,39.9085470,,,,,
,6167,9671433193,,116.4298200,39.9085640,,,,,
,6168,9671433194,,116.4297500,39.9085530,,,,,
,6169,9671441471,,116.4289240,39.9078500,,,,,
,6170,9671441472,,116.4288940,39.9082880,,,,,
,6171,9671452038,,116.4289400,39.9060020,,,,,
,6172,9671452046,,116.4289480,39.9059380,,,,,
,6173,9671463063,,116.4289910,39.9064690,,,,,
,6174,9671452041,,116.4287550,39.9070650,,,,,
,6175,9671452042,,116.4288350,39.9070220,,,,,
,6176,9671452043,,116.4288860,39.9069690,,,,,
,6177,9671452044,,116.4289180,39.9069010,,,,,
,6178,9671452045,,116.4289370,39.9061190,,,,,
,6179,9671463065,,116.4299320,39.9071040,,,,,
,6180,9671455187,,116.4301440,39.9069130,,,,,
,6181,9671463064,,116.4301840,39.9060230,,,,,
,6182,9671455188,,116.4301780,39.9059420,,,,,
,6183,9034966240,,116.4306480,39.9071090,,,,,
,6184,9671455190,,116.4303070,39.9070400,,,,,
,6185,9671455191,,116.4302700,39.9070090,,,,,
,6186,9671455192,,116.4302460,39.9069820,,,,,
,6187,9671455194,,116.4301660,39.9082820,,,,,
,6188,9671455196,,116.4303250,39.9072700,,,,,
,6189,9671457053,,116.4302900,39.9072910,,,,,
,6190,9671457054,,116.4302420,39.9073460,,,,,
,6191,9671457055,,116.4302280,39.9073930,,,,,
,6192,9671457056,,116.4301760,39.9081310,,,,,
,6193,9671457058,,116.4300750,39.9072720,,,,,
,6194,9671457059,,116.4301180,39.9073190,,,,,
,6195,9671457060,,116.4301620,39.9073770,,,,,
,6196,9671457061,,116.4301630,39.9074040,,,,,
,6197,9671463059,,116.4290900,39.9070370,,,,,
,6198,9671463060,,116.4290260,39.9069940,,,,,
,6199,9671463061,,116.4289910,39.9069320,,,,,
,6200,9671463062,,116.4289860,39.9068800,,,,,
,6201,9671463066,,116.4300210,39.9070550,,,,,
,6202,9671463067,,116.4300890,39.9070090,,,,,
,6203,9671463068,,116.4301270,39.9069640,,,,,
,6204,9671560494,,116.4296600,39.9037960,,,,,
,6205,9671588494,,116.4296470,39.9036140,,,,,
,6206,9671588492,,116.4296290,39.9035300,,,,,
,6207,9671560498,,116.4294030,39.9036070,,,,,
,6208,9671560500,,116.4295620,39.9038850,,,,,
,6209,9671560501,,116.4296070,39.9039740,,,,,
,6210,9671560502,,116.4295970,39.9039270,,,,,
,6211,9671588489,,116.4293090,39.9037860,,,,,
,6212,9671588490,,116.4296090,39.9040520,,,,,
,6213,11059812309,,116.4178370,39.9031010,,,,,
,6214,9671606604,,116.4155430,39.9011460,,,,,
,6215,9676576391,,116.3741500,39.9219270,,,,,
,6216,10745188470,,116.3741420,39.9220520,,,,,
,6217,9676622073,,116.3709690,39.9246300,,,,,
,6218,9864155747,signal,116.3710350,39.9229610,,,,,
,6219,9691077576,,116.3717690,39.8837220,,,,,
,6220,9691077578,,116.3736840,39.8849040,,,,,
,6221,9691077579,,116.3736760,39.8853610,,,,,
,6222,9691077580,,116.3736570,39.8855900,,,,,
,6223,9691077581,,116.3736510,39.8863610,,,,,
,6224,9691077583,,116.3735860,39.8869560,,,,,
,6225,9691077584,,116.3735690,39.8867900,,,,,
,6226,9691077585,,116.3735680,39.8860540,,,,,
,6227,9691077586,,116.3735790,39.8858790,,,,,
,6228,9691077587,,116.3735860,39.8855810,,,,,
,6229,9691077588,,116.3735150,39.8852390,,,,,
,6230,9691077589,,116.3735070,39.8850390,,,,,
,6231,9691077590,,116.3735640,39.8847340,,,,,
,6232,9691077591,,116.3735710,39.8844360,,,,,
,6233,9691077592,,116.3735410,39.8841700,,,,,
,6234,9691077593,,116.3734670,39.8839700,,,,,
,6235,9691077594,,116.3734000,39.8838580,,,,,
,6236,9691077595,,116.3732750,39.8837550,,,,,
,6237,9691077596,,116.3730510,39.8836450,,,,,
,6238,9691077597,,116.3728110,39.8835980,,,,,
,6239,9691077598,,116.3725000,39.8835900,,,,,
,6240,9691077600,,116.3716310,39.8835860,,,,,
,6241,12871058758,,116.3717360,39.8835330,,,,,
,6242,10316801491,,116.3685500,39.8835850,,,,,
,6243,9691077639,,116.3718160,39.8834160,,,,,
,6244,9694992468,,116.3994130,39.9184890,,,,,
,6245,9694992469,,116.3991730,39.9184700,,,,,
,6246,9698077414,,116.3679590,39.9046200,,,,,
,6247,9699784252,,116.4126320,39.8930620,,,,,
,6248,9699785060,,116.4126910,39.8874610,,,,,
,6249,9699785064,,116.4128490,39.8884900,,,,,
,6250,9702207364,,116.4259820,39.9036230,,,,,
,6251,11059812335,,116.4261610,39.9036500,,,,,
,6252,9702209616,,116.4161780,39.8991800,,,,,
,6253,10816336950,,116.4234860,39.8993730,,,,,
,6254,9705432737,,116.4176750,39.9230220,,,,,
,6255,9705432738,,116.4184390,39.9229250,,,,,
,6256,9722428094,,116.4134480,39.8996590,,,,,
,6257,12647182003,,116.4118960,39.9037710,,,,,
,6258,11059812356,signal,116.4008680,39.8995920,,,,,
,6259,9748067612,,116.4014380,39.8995570,,,,,
,6260,9748067613,,116.4016580,39.8994680,,,,,
,6261,9748257579,,116.3708250,39.9294560,,,,,
,6262,9782405958,,116.4305810,39.9071480,,,,,
,6263,9782405959,,116.4305780,39.9070540,,,,,
,6264,9782405960,,116.4306140,39.9070030,,,,,
,6265,1742785905,,116.3734370,39.9359470,,,,,
,6266,9796114006,,116.3893020,39.9218400,,,,,
,6267,9796114008,,116.3895320,39.9218460,,,,,
,6268,9796130298,,116.4128060,39.9229020,,,,,
,6269,10751328190,,116.3996110,39.9308320,,,,,
,6270,9797817275,,116.4001380,39.9315800,,,,,
,6271,9810487638,,116.4135200,39.9169640,,,,,
,6272,9828568415,,116.3676600,39.8881060,,,,,
,6273,9828568416,,116.3677430,39.8881380,,,,,
,6274,9828582917,,116.3678650,39.8881850,,,,,
,6275,12927006666,,116.3677920,39.8881560,,,,,
,6276,9828582918,,116.3678980,39.8882180,,,,,
,6277,9828582919,,116.3679200,39.8882660,,,,,
,6278,9828582920,,116.3679600,39.8890520,,,,,
,6279,12927006662,,116.3679240,39.8883430,,,,,
,6280,9828582921,,116.3680060,39.8892380,,,,,
,6281,12927006694,,116.3681410,39.8883440,,,,,
,6282,12927006693,,116.3683350,39.8883440,,,,,
,6283,9828582924,,116.3684580,39.8882340,,,,,
,6284,9828582925,,116.3685190,39.8882010,,,,,
,6285,9828582928,,116.3684960,39.8882520,,,,,
,6286,9828582926,,116.3683150,39.8893550,,,,,
,6287,9828582927,,116.3684720,39.8890420,,,,,
,6288,13277592246,,116.3685000,39.8899850,,,,,
,6289,12927006692,,116.3684940,39.8883450,,,,,
,6290,9828582929,,116.3685420,39.8881840,,,,,
,6291,9828582930,,116.3685820,39.8881590,,,,,
,6292,10316801503,,116.3685670,39.8881680,,,,,
,6293,12927006687,,116.3686550,39.8881300,,,,,
,6294,12927006688,,116.3686540,39.8881420,,,,,
,6295,9828582953,,116.3697730,39.9056780,,,,,
,6296,9828582954,,116.3699210,39.9056130,,,,,
,6297,9828582955,,116.3700010,39.9055740,,,,,
,6298,9828582956,,116.3701770,39.9056050,,,,,
,6299,9864155745,,116.3710440,39.9227520,,,,,
,6300,10316782181,,116.3710460,39.9226980,,,,,
,6301,9936552159,,116.4050280,39.8893640,,,,,
,6302,9936552160,,116.4054560,39.8893620,,,,,
,6303,12049239148,,116.4060360,39.8893600,,,,,
,6304,9936644146,,116.3682820,39.8834850,,,,,
,6305,9983433661,,116.4222120,39.8993360,,,,,
,6306,10006479834,signal,116.4258880,39.9278670,,,,,
,6307,10006448515,,116.4258290,39.9260780,,,,,
,6308,10006448516,,116.4258520,39.9268060,,,,,
,6309,10006479833,signal,116.4260860,39.9280780,,,,,
,6310,10006479822,,116.4258670,39.9299510,,,,,
,6311,10006479818,signal,116.4258260,39.9259710,,,,,
,6312,12865292785,,116.4257640,39.9233200,,,,,
,6313,10006479823,,116.4258280,39.9309310,,,,,
,6314,10006479826,,116.4258160,39.9315580,,,,,
,6315,10006479827,,116.4258390,39.9318400,,,,,
,6316,10006479837,,116.4258250,39.9320770,,,,,
,6317,10006479828,,116.4258410,39.9321360,,,,,
,6318,10006479829,,116.4258590,39.9321570,,,,,
,6319,10048650738,signal,116.4268490,39.9322170,,,,,
,6320,12865318625,,116.4258340,39.9321120,,,,,
,6321,10048648361,,116.4291140,39.9115920,,,,,
,6322,10048648362,,116.4291080,39.9117550,,,,,
,6323,10048648394,,116.4287410,39.9189180,,,,,
,6324,10048648407,,116.4284390,39.9236560,,,,,
,6325,10315108170,,116.4284390,39.9236700,,,,,
,6326,10048648409,,116.4283210,39.9278360,,,,,
,6327,10048650729,,116.4282350,39.9330230,,,,,
,6328,10048650730,,116.4282540,39.9329020,,,,,
,6329,10048650736,,116.4279170,39.9346760,,,,,
,6330,10048650739,,116.4283060,39.9317500,,,,,
,6331,10048650741,,116.4275250,39.9316450,,,,,
,6332,10048650742,,116.4275120,39.9317370,,,,,
,6333,10315058145,,116.4276250,39.9337740,,,,,
,6334,10048650747,,116.4276510,39.9329260,,,,,
,6335,10315108182,,116.4277190,39.9316400,,,,,
,6336,12387726309,,116.4299940,39.9012970,,,,,
,6337,10048964013,,116.4281360,39.8997310,,,,,
,6338,10048964014,,116.4280330,39.8997030,,,,,
,6339,10048964015,,116.4279980,39.8996760,,,,,
,6340,10048964016,,116.4279900,39.8996190,,,,,
,6341,10048983117,,116.4280140,39.8995850,,,,,
,6342,10048983118,,116.4280740,39.8995730,,,,,
,6343,10048983119,,116.4285770,39.8995970,,,,,
,6344,10048983123,,116.4284960,39.8996100,,,,,
,6345,10048983129,,116.4293990,39.8996200,,,,,
,6346,13329049626,,116.4284680,39.8996250,,,,,
,6347,10048983124,,116.4284560,39.8996310,,,,,
,6348,10048983125,,116.4284370,39.8996860,,,,,
,6349,10048983126,,116.4284130,39.8997120,,,,,
,6350,10048983130,,116.4295170,39.8995990,,,,,
,6351,10048983131,,116.4295920,39.8995830,,,,,
,6352,10048983132,,116.4296500,39.8995530,,,,,
,6353,10048983133,,116.4296910,39.8995020,,,,,
,6354,10048983134,,116.4297330,39.8994360,,,,,
,6355,10048983135,,116.4297420,39.8993810,,,,,
,6356,10048983136,,116.4297630,39.8992520,,,,,
,6357,10048983139,,116.4297770,39.8991330,,,,,
,6358,10048983140,,116.4298240,39.8992630,,,,,
,6359,10048983141,,116.4297950,39.8994260,,,,,
,6360,10048983145,,116.4297630,39.8995160,,,,,
,6361,10048983142,,116.4297020,39.8995870,,,,,
,6362,12387726310,,116.4296300,39.8996200,,,,,
,6363,10048983143,,116.4295590,39.8996310,,,,,
,6364,10048983144,,116.4294530,39.8996250,,,,,
,6365,13329049632,,116.4317000,39.8982560,,,,,
,6366,12165526497,,116.4148660,39.8823980,,,,,
,6367,10120370878,,116.4147820,39.8822890,,,,,
,6368,9056200354,,116.4145300,39.8822850,,,,,
,6369,10120370887,,116.4143930,39.8822830,,,,,
,6370,10120370892,,116.4133530,39.8852060,,,,,
,6371,12568231505,,116.4130690,39.8856770,,,,,
,6372,11596545459,,116.4154840,39.8980470,,,,,
,6373,10885563856,,116.4125520,39.8990580,,,,,
,6374,10205560391,,116.4124020,39.8989990,,,,,
,6375,10968957564,,116.4054630,39.9018090,,,,,
,6376,10205701328,,116.4057260,39.8993580,,,,,
,6377,10124169590,,116.4055740,39.8992460,,,,,
,6378,10968957568,,116.4054840,39.8997330,,,,,
,6379,10124169592,,116.4058170,39.8994750,,,,,
,6380,10205701325,,116.4063850,39.8994920,,,,,
,6381,11059812340,,116.4055480,39.8994620,,,,,
,6382,10124169594,,116.4053640,39.8995720,,,,,
,6383,10124169595,,116.4057540,39.8995840,,,,,
,6384,11059812341,,116.4055270,39.8995760,,,,,
,6385,10695444073,,116.3920860,39.8849610,,,,,
,6386,12568185874,,116.3925320,39.8850630,,,,,
,6387,10695444074,,116.3925560,39.8849630,,,,,
,6388,12568274376,,116.3927190,39.8851640,,,,,
,6389,10205560393,,116.4128820,39.8856290,,,,,
,6390,10205701326,,116.4060870,39.8993380,,,,,
,6391,10205701327,,116.4058830,39.8993620,,,,,
,6392,11059812339,,116.4057050,39.8994710,,,,,
,6393,10205851424,,116.3677290,39.8879880,,,,,
,6394,12927006667,,116.3677890,39.8881040,,,,,
,6395,12927006668,,116.3677860,39.8880650,,,,,
,6396,10745188456,,116.3740810,39.9213920,,,,,
,6397,10225125885,,116.3742800,39.9214340,,,,,
,6398,10745188468,,116.3742500,39.9218540,,,,,
,6399,11059733501,,116.4210730,39.8992140,,,,,
,6400,10274394469,,116.4209520,39.8992930,,,,,
,6401,10274394470,,116.4210770,39.8990960,,,,,
,6402,11059733498,,116.4212430,39.8991360,,,,,
,6403,10274394472,,116.4213610,39.8992230,,,,,
,6404,11059733502,,116.4212320,39.8992990,,,,,
,6405,12049239149,,116.4060740,39.8893600,,,,,
,6406,10937188165,,116.3739590,39.9321260,,,,,
,6407,11243814642,,116.3742340,39.9315580,,,,,
,6408,10294455627,,116.4127140,39.8911990,,,,,
,6409,10294455631,,116.4126920,39.8912120,,,,,
,6410,10314741781,,116.4095580,39.9321620,,,,,
,6411,10314757618,,116.4197370,39.9325480,,,,,
,6412,10314757619,,116.4197040,39.9322180,,,,,
,6413,10314757620,,116.4197380,39.9323760,,,,,
,6414,10314757636,,116.4199070,39.9322180,,,,,
,6415,10314757629,,116.4197370,39.9324720,,,,,
,6416,10314757621,,116.4195430,39.9323810,,,,,
,6417,10314757622,,116.4195440,39.9322220,,,,,
,6418,10314757626,,116.4194080,39.9323780,,,,,
,6419,10314757632,,116.4195480,39.9320870,,,,,
,6420,10315108187,,116.4276500,39.9329630,,,,,
,6421,10315058146,,116.4280150,39.9337740,,,,,
,6422,10315058148,,116.4274960,39.9342850,,,,,
,6423,10315077709,,116.4277620,39.9308370,,,,,
,6424,10315108173,,116.4280960,39.9224840,,,,,
,6425,10315108190,,116.4280490,39.9329570,,,,,
,6426,10316801379,,116.3675040,39.9211300,,,,,
,6427,10316801381,,116.3674510,39.9226680,,,,,
,6428,10745130603,,116.3672420,39.9226590,,,,,
,6429,11280517849,,116.3675490,39.9133530,,,,,
,6430,10316801459,,116.3680010,39.8912830,,,,,
,6431,13277592243,,116.3679720,39.8902080,,,,,
,6432,10316801462,,116.3679820,39.8952870,,,,,
,6433,13277592241,,116.3680000,39.8935580,,,,,
,6434,12927006685,,116.3686640,39.8878270,,,,,
,6435,10316801501,,116.3685660,39.8879970,,,,,
,6436,10316801502,,116.3685660,39.8881170,,,,,
,6437,10556562307,,116.4321460,39.8956020,,,,,
,6438,10695444054,,116.3927700,39.8823240,,,,,
,6439,13586021637,,116.3927450,39.8826860,,,,,
,6440,10701175793,,116.4274830,39.9317920,,,,,
,6441,10745130584,,116.3709090,39.9212140,,,,,
,6442,10745136225,,116.3673350,39.9213100,,,,,
,6443,10745130574,,116.3696740,39.9211890,,,,,
,6444,10745130577,,116.3691100,39.9211780,,,,,
,6445,10745130585,,116.3675580,39.9211480,,,,,
,6446,10745130586,,116.3672730,39.9225740,,,,,
,6447,10745130604,,116.3674240,39.9225830,,,,,
,6448,10745130587,,116.3672260,39.9225720,,,,,
,6449,10745130592,,116.3672120,39.9224930,,,,,
,6450,10745130589,,116.3672400,39.9227420,,,,,
,6451,10745130591,,116.3673010,39.9224970,,,,,
,6452,10745136226,,116.3672060,39.9224580,,,,,
,6453,10745130598,,116.3670740,39.9226520,,,,,
,6454,10745136210,,116.3675120,39.9225880,,,,,
,6455,10745136208,,116.3696270,39.9226860,,,,,
,6456,11563401333,,116.3678360,39.9226030,,,,,
,6457,10745136224,,116.3673190,39.9224470,,,,,
,6458,10745188455,,116.3739910,39.9213900,,,,,
,6459,10745188471,,116.3741830,39.9214280,,,,,
,6460,10745188465,,116.3740020,39.9215060,,,,,
,6461,10745188466,,116.3739940,39.9214200,,,,,
,6462,10745188469,,116.3741910,39.9227040,,,,,
,6463,10745188472,,116.3741340,39.9221420,,,,,
,6464,10745188473,,116.3741010,39.9227030,,,,,
,6465,10816320937,,116.4053930,39.8993230,,,,,
,6466,11059812349,,116.4055690,39.8993440,,,,,
,6467,10816320940,,116.4039520,39.8992800,,,,,
,6468,10816320943,,116.4045370,39.8992900,,,,,
,6469,10816320944,signal,116.4053410,39.8993220,,,,,
,6470,10816320946,,116.4056600,39.8997460,,,,,
,6471,10816320951,,116.4069920,39.8997890,,,,,
,6472,10816320948,,116.4083750,39.8998200,,,,,
,6473,11059812344,,116.4069390,39.8997870,,,,,
,6474,10816320952,,116.4057150,39.8997490,,,,,
,6475,10830496889,,116.4283070,39.9011440,,,,,
,6476,10830496890,,116.4283610,39.9010750,,,,,
,6477,10830496891,,116.4284500,39.9010200,,,,,
,6478,10830496892,,116.4285230,39.9009910,,,,,
,6479,10830496893,,116.4285740,39.9009810,,,,,
,6480,10830496894,,116.4286960,39.9009840,,,,,
,6481,10830496895,,116.4287580,39.9010200,,,,,
,6482,10830496896,,116.4289360,39.9010160,,,,,
,6483,10830496897,,116.4290230,39.9010130,,,,,
,6484,10830496898,,116.4291550,39.9009920,,,,,
,6485,10830496899,,116.4292310,39.9009670,,,,,
,6486,10830496900,,116.4293260,39.9009510,,,,,
,6487,10830496901,,116.4293770,39.9009670,,,,,
,6488,10830496902,,116.4294760,39.9010150,,,,,
,6489,10830496903,,116.4295370,39.9010920,,,,,
,6490,10830496904,,116.4295890,39.9011520,,,,,
,6491,10830498005,,116.4296680,39.9011590,,,,,
,6492,10885563872,,116.4121020,39.8999850,,,,,
,6493,11192752208,,116.4119640,39.8996410,,,,,
,6494,11192752207,,116.4119690,39.8995360,,,,,
,6495,10885563855,,116.4125360,39.8990980,,,,,
,6496,10885563860,,116.4139760,39.8994000,,,,,
,6497,10885563867,,116.4132180,39.8995440,,,,,
,6498,10885563868,,116.4119810,39.8995340,,,,,
,6499,10885563870,,116.4120540,39.8995100,,,,,
,6500,10885563871,,116.4122680,39.9000320,,,,,
,6501,11059812342,signal,116.4058100,39.8995860,,,,,
,6502,10968957570,,116.4061670,39.8997630,,,,,
,6503,11059733483,,116.4095720,39.8993720,,,,,
,6504,11059733484,,116.4107950,39.8994020,,,,,
,6505,11252150117,,116.4118440,39.8994320,,,,,
,6506,11059733485,,116.4118780,39.8994330,,,,,
,6507,11192752206,,116.4119750,39.8994200,,,,,
,6508,11059733486,,116.4120260,39.8994120,,,,,
,6509,11192752213,,116.4121390,39.8993500,,,,,
,6510,11059733497,,116.4210760,39.8991320,,,,,
,6511,11059733500,,116.4212380,39.8992200,,,,,
,6512,11059733503,,116.4210690,39.8992940,,,,,
,6513,11059812311,,116.4177720,39.9028710,,,,,
,6514,11059812312,,116.4179960,39.9030340,,,,,
,6515,11059812313,,116.4182070,39.9031600,,,,,
,6516,11059812314,,116.4184370,39.9032500,,,,,
,6517,11059812316,,116.4178910,39.9030180,,,,,
,6518,11059812317,,116.4180550,39.9031350,,,,,
,6519,11059812318,,116.4183290,39.9032670,,,,,
,6520,11059812319,,116.4186510,39.9033850,,,,,
,6521,11059812320,,116.4190890,39.9035130,,,,,
,6522,11059812321,,116.4193640,39.9035660,,,,,
,6523,11059812322,,116.4195180,39.9035800,,,,,
,6524,11059812323,,116.4199300,39.9035860,,,,,
,6525,12394030663,,116.4204690,39.9036950,,,,,
,6526,13239671029,,116.4261910,39.9035310,,,,,
,6527,11059812337,,116.4261200,39.9037680,,,,,
,6528,12048429040,,116.4262430,39.9036690,,,,,
,6529,12048429041,,116.4259870,39.9037400,,,,,
,6530,11059812359,,116.4028730,39.8994980,,,,,
,6531,11059812364,,116.4025580,39.8994880,,,,,
,6532,11059812360,,116.4024820,39.8994860,,,,,
,6533,11059812362,,116.4029490,39.8995750,,,,,
,6534,11524248320,,116.4284540,39.9121570,,,,,
,6535,11266023577,,116.4281500,39.9121600,,,,,
,6536,11280518312,,116.3701780,39.9102460,,,,,
,6537,11280518299,,116.3694220,39.9102380,,,,,
,6538,11280518311,,116.3702000,39.9105440,,,,,
,6539,11280518310,,116.3697120,39.9105480,,,,,
,6540,11558217075,,116.3700580,39.9295280,,,,,
,6541,11559132089,,116.3692440,39.9295570,,,,,
,6542,11559132090,,116.3692880,39.9292490,,,,,
,6543,11563401336,,116.3680570,39.9226130,,,,,
,6544,11563401334,,116.3678800,39.9221250,,,,,
,6545,11563401335,,116.3680480,39.9220990,,,,,
,6546,11563401337,,116.3680720,39.9223850,,,,,
,6547,11563401338,,116.3681910,39.9223820,,,,,
,6548,11563401339,,116.3682070,39.9222440,,,,,
,6549,11563401341,,116.3683730,39.9212790,,,,,
,6550,11563401342,,116.3683270,39.9213920,,,,,
,6551,11563401343,,116.3683150,39.9215880,,,,,
,6552,11596545458,,116.4154850,39.8979560,,,,,
,6553,11634589717,,116.4324670,39.9230230,,,,,
,6554,11634589724,,116.4044390,39.9229090,,,,,
,6555,11634589725,,116.4024610,39.9229110,,,,,
,6556,11634589737,,116.4006730,39.9228920,,,,,
,6557,11634589728,,116.4044890,39.9226560,,,,,
,6558,12876999917,,116.4045220,39.9226200,,,,,
,6559,11634589729,,116.4044490,39.9226970,,,,,
,6560,11634589736,,116.4014090,39.9228960,,,,,
,6561,11634589740,,116.4037220,39.9229280,,,,,
,6562,11634589746,,116.4037860,39.9229260,,,,,
,6563,11634589742,,116.4041580,39.9229090,,,,,
,6564,12876999922,,116.4041970,39.9229090,,,,,
,6565,11634589744,,116.4041980,39.9228850,,,,,
,6566,11634589743,,116.4043880,39.9227590,,,,,
,6567,12048429039,,116.4258280,39.9037280,,,,,
,6568,13239671033,,116.4259500,39.9037380,,,,,
,6569,12165557821,,116.4149210,39.8823670,,,,,
,6570,12165526498,,116.4148570,39.8826080,,,,,
,6571,12165526499,,116.4219480,39.8825590,,,,,
,6572,12165557813,,116.4234870,39.8826020,,,,,
,6573,12165557803,,116.4167240,39.8827200,,,,,
,6574,12165557822,,116.4149390,39.8826660,,,,,
,6575,12165557804,,116.4186060,39.8824630,,,,,
,6576,9058250144,,116.4187040,39.8824110,,,,,
,6577,12165557807,,116.4189470,39.8824740,,,,,
,6578,12165557819,,116.4189850,39.8824750,,,,,
,6579,12165557808,,116.4184910,39.8827650,,,,,
,6580,12165557811,,116.4203910,39.8825150,,,,,
,6581,12165557812,,116.4243280,39.8826250,,,,,
,6582,12165557818,,116.4249570,39.8826430,,,,,
,6583,12165557814,,116.4235460,39.8829160,,,,,
,6584,12346700080,,116.3952430,39.8852100,,,,,
,6585,12568274379,,116.3954890,39.8854270,,,,,
,6586,12346700081,,116.3947800,39.8846840,,,,,
,6587,12346700087,,116.3950510,39.8849980,,,,,
,6588,12346700082,,116.3943820,39.8839480,,,,,
,6589,12346700083,,116.3941120,39.8832490,,,,,
,6590,12346700084,,116.3940300,39.8828980,,,,,
,6591,12346700085,,116.3939960,39.8828540,,,,,
,6592,12346700086,,116.3928870,39.8828280,,,,,
,6593,12630448025,,116.4108300,39.8866890,,,,,
,6594,12346725509,,116.4197320,39.8851360,,,,,
,6595,12346725510,,116.4196510,39.8852020,,,,,
,6596,12346725516,,116.4200310,39.8855360,,,,,
,6597,12346725517,,116.4196270,39.8854880,,,,,
,6598,12367919950,,116.3847000,39.9212120,,,,,
,6599,12838104833,,116.3845770,39.9211060,,,,,
,6600,12838104353,,116.3846890,39.9210630,,,,,
,6601,12387726302,,116.4294300,39.9047180,,,,,
,6602,12387726303,,116.4293850,39.9048430,,,,,
,6603,12387726304,,116.4293600,39.9050820,,,,,
,6604,12387726317,,116.4302120,39.9022100,,,,,
,6605,12387726318,,116.4302080,39.9024640,,,,,
,6606,12387726319,,116.4302140,39.9026760,,,,,
,6607,12531335681,,116.4046390,39.9203550,,,,,
,6608,12543092609,,116.4113100,39.9162650,,,,,
,6609,12543078096,,116.4115160,39.9130970,,,,,
,6610,12543078099,,116.4114650,39.9131490,,,,,
,6611,12543078100,,116.4114510,39.9140160,,,,,
,6612,12543092604,,116.4114230,39.9148740,,,,,
,6613,12543092606,,116.4113890,39.9148740,,,,,
,6614,12568185875,,116.3927100,39.8850600,,,,,
,6615,12568274377,,116.3927870,39.8850710,,,,,
,6616,12568185876,,116.3929000,39.8850880,,,,,
,6617,12568185877,,116.3934950,39.8851770,,,,,
,6618,12568274381,,116.3960420,39.8858920,,,,,
,6619,12568185879,,116.3964080,39.8859970,,,,,
,6620,12568185880,,116.3974520,39.8862890,,,,,
,6621,12568185881,,116.3981160,39.8864430,,,,,
,6622,12568185882,,116.3986440,39.8865210,,,,,
,6623,12568185883,,116.3991360,39.8865890,,,,,
,6624,12568185885,,116.4083160,39.8869180,,,,,
,6625,12630448028,,116.4088760,39.8869260,,,,,
,6626,12568185886,,116.4099000,39.8868570,,,,,
,6627,12630448024,,116.4105180,39.8867140,,,,,
,6628,12568185887,,116.4113380,39.8864780,,,,,
,6629,12568185888,,116.4125790,39.8858720,,,,,
,6630,12568185891,,116.4016040,39.8867290,,,,,
,6631,12803812979,,116.4040540,39.8867980,,,,,
,6632,12568185893,,116.4065960,39.8868690,,,,,
,6633,12630448026,,116.4052170,39.8868970,,,,,
,6634,12568185896,,116.4064400,39.8868650,,,,,
,6635,12568231540,,116.4062560,39.8868600,,,,,
,6636,12568274380,,116.3958210,39.8857120,,,,,
,6637,12612807341,,116.4094320,39.8869010,,,,,
,6638,12628080473,,116.3931790,39.9043720,,,,,
,6639,12628080425,,116.3931000,39.9058360,,,,,
,6640,12630211190,,116.3721420,39.8880810,,,,,
,6641,12630448023,,116.3996140,39.8866390,,,,,
,6642,12803828278,,116.3997310,39.8866500,,,,,
,6643,12732310561,,116.4040120,39.8904330,,,,,
,6644,12803828250,,116.4004160,39.8879820,,,,,
,6645,12803828248,,116.4004660,39.8871970,,,,,
,6646,12803828256,,116.4004430,39.8875680,,,,,
,6647,12803828258,,116.4010700,39.8872150,,,,,
,6648,12803828257,,116.3999560,39.8871830,,,,,
,6649,12803828249,,116.4003640,39.8887970,,,,,
,6650,12803828275,,116.4004010,39.8882210,,,,,
,6651,12803828263,,116.4006060,39.8888080,,,,,
,6652,12803828251,,116.4004110,39.8880700,,,,,
,6653,12803828252,,116.4004040,39.8881830,,,,,
,6654,12803828253,,116.4009850,39.8877260,,,,,
,6655,12803828254,,116.4009930,39.8875870,,,,,
,6656,12803828255,,116.4000000,39.8875530,,,,,
,6657,12803828264,,116.4005910,39.8889960,,,,,
,6658,12803828265,,116.4003500,39.8889860,,,,,
,6659,12803828267,,116.4007130,39.8892190,,,,,
,6660,12803828268,,116.3998370,39.8889720,,,,,
,6661,12803828273,,116.3996250,39.8882010,,,,,
,6662,12803828274,,116.4012290,39.8882410,,,,,
,6663,12818453307,,116.4032140,39.8983420,,,,,
,6664,12818453308,,116.4035660,39.8983400,,,,,
,6665,12838102880,,116.4004060,39.9229600,,,,,
,6666,12838102854,,116.3988780,39.9229460,,,,,
,6667,12838102892,,116.3976780,39.9229320,,,,,
,6668,12838102876,,116.4001450,39.9229580,,,,,
,6669,12838102877,,116.3998230,39.9229560,,,,,
,6670,12876522705,,116.3997940,39.9229560,,,,,
,6671,12838102878,,116.3999340,39.9229570,,,,,
,6672,12876506889,,116.4001690,39.9229580,,,,,
,6673,12838102887,,116.3989570,39.9229470,,,,,
,6674,12838102888,,116.3990910,39.9229480,,,,,
,6675,12838102893,,116.3975820,39.9229190,,,,,
,6676,12838102895,,116.3972200,39.9227250,,,,,
,6677,12838104806,,116.3971940,39.9227040,,,,,
,6678,12838102896,,116.3967340,39.9223450,,,,,
,6679,12838102897,,116.3966510,39.9222910,,,,,
,6680,12838102898,,116.3965640,39.9222550,,,,,
,6681,12838102899,,116.3964390,39.9222180,,,,,
,6682,12838104805,,116.3963730,39.9222000,,,,,
,6683,12838102900,,116.3957880,39.9221450,,,,,
,6684,12838104838,,116.3934410,39.9220760,,,,,
,6685,12838104348,,116.3850280,39.9215320,,,,,
,6686,12838104349,,116.3848230,39.9213230,,,,,
,6687,12838104351,,116.3853090,39.9217040,,,,,
,6688,12838104831,,116.3852110,39.9216540,,,,,
,6689,12838104355,,116.3846470,39.9209060,,,,,
,6690,12838104801,,116.3960530,39.9221540,,,,,
,6691,12838104839,,116.3933010,39.9220710,,,,,
,6692,12838104825,,116.3875230,39.9218470,,,,,
,6693,12838104841,,116.3873380,39.9218410,,,,,
,6694,12838104826,,116.3857570,39.9217840,,,,,
,6695,12838104827,,116.3856290,39.9217780,,,,,
,6696,12838104828,,116.3854820,39.9217570,,,,,
,6697,12838104830,,116.3853790,39.9217310,,,,,
,6698,12838104832,,116.3851380,39.9216150,,,,,
,6699,12838104834,,116.3845520,39.9210800,,,,,
,6700,12838104835,,116.3844990,39.9210300,,,,,
,6701,12838104836,,116.3844090,39.9209650,,,,,
,6702,12838104837,,116.3861360,39.9217970,,,,,
,6703,12845117148,,116.4252840,39.8827560,,,,,
,6704,12845117149,,116.4271470,39.8828980,,,,,
,6705,12845117156,,116.4252730,39.8828730,,,,,
,6706,12845117150,,116.4278220,39.8828220,,,,,
,6707,12845117152,,116.4273770,39.8828500,,,,,
,6708,12871058753,,116.3734700,39.8868520,,,,,
,6709,12871058754,,116.3719760,39.8868420,,,,,
,6710,12871058759,,116.3717240,39.8834590,,,,,
,6711,13568373627,,116.3778700,39.9029790,,,,,
,6712,13090489576,,116.3777480,39.9032780,,,,,
,6713,13090489577,,116.3777370,39.9034020,,,,,
,6714,13090489579,,116.3765930,39.9046010,,,,,
,6715,13090489581,,116.3778350,39.8997640,,,,,
,6716,13090489585,,116.3777890,39.8999180,,,,,
,6717,13090489583,,116.3779810,39.8997140,,,,,
,6718,13090532108,,116.3779710,39.8998140,,,,,
,6719,13090489586,,116.3779280,39.9001160,,,,,
,6720,13090532122,signal,116.3779040,39.9003640,,,,,
,6721,13090489587,,116.3777860,39.9024640,,,,,
,6722,13090532117,signal,116.3777740,39.9027320,,,,,
,6723,13090489591,,116.3776650,39.9028430,,,,,
,6724,13090489593,,116.3776510,39.9027920,,,,,
,6725,13090532104,,116.3780120,39.8990180,,,,,
,6726,13090532105,,116.3778880,39.9005380,,,,,
,6727,13090532116,,116.3778410,39.9011910,,,,,
,6728,13090532106,,116.3779540,39.8999150,,,,,
,6729,13090532107,,116.3779370,39.9000150,,,,,
,6730,13090532110,,116.3762680,39.9004880,,,,,
,6731,13090532118,,116.3777660,39.9028360,,,,,
,6732,13568373643,,116.3777610,39.9028930,,,,,
,6733,13097956235,,116.3729880,39.8994850,,,,,
,6734,13097956233,,116.3730610,39.8994950,,,,,
,6735,13159567235,,116.4028430,39.8971270,,,,,
,6736,13159567236,,116.4029640,39.8971280,,,,,
,6737,13159567250,,116.4028160,39.8971590,,,,,
,6738,13159567237,,116.4029740,39.8967860,,,,,
,6739,13159567238,,116.4027990,39.8971960,,,,,
,6740,13159567255,,116.4027970,39.8972350,,,,,
,6741,13159567239,,116.4028220,39.8973590,,,,,
,6742,13159567254,,116.4028540,39.8974050,,,,,
,6743,13159567256,,116.4028080,39.8973200,,,,,
,6744,13159567240,,116.4029020,39.8974480,,,,,
,6745,13159567269,,116.4029130,39.8974700,,,,,
,6746,13159567270,,116.4028790,39.8974260,,,,,
,6747,13159567241,,116.4029220,39.8975410,,,,,
,6748,13159589417,,116.4029300,39.8975610,,,,,
,6749,13159589418,,116.4029170,39.8975130,,,,,
,6750,13159567242,,116.4029730,39.8976140,,,,,
,6751,13159589416,,116.4030070,39.8976410,,,,,
,6752,13159567252,,116.4029420,39.8975800,,,,,
,6753,13159567243,,116.4030530,39.8976640,,,,,
,6754,13159589420,,116.4030730,39.8976690,,,,,
,6755,13159589419,,116.4030280,39.8976540,,,,,
,6756,13159567244,,116.4031510,39.8976750,,,,,
,6757,13159567245,,116.4032370,39.8976760,,,,,
,6758,13159589415,,116.4030950,39.8976720,,,,,
,6759,13159567246,,116.4033570,39.8976780,,,,,
,6760,13159567247,,116.4034070,39.8976800,,,,,
,6761,13159567248,,116.4034050,39.8977680,,,,,
,6762,13159567294,,116.4034040,39.8978350,,,,,
,6763,13159567249,,116.4034040,39.8978810,,,,,
,6764,13159567251,,116.4028030,39.8972800,,,,,
,6765,13159567253,,116.4029180,39.8974930,,,,,
,6766,13277592240,,116.3679410,39.8966370,,,,,
,6767,13277592242,,116.3680050,39.8927360,,,,,
,6768,13277592251,,116.3684750,39.8980230,,,,,
,6769,13346668941,,116.3875140,39.9361040,,,,,
,6770,13519188251,,116.3995870,39.8911000,,,,,
,6771,13568373628,,116.3802630,39.9029560,,,,,
,6772,13568912193,,116.3819440,39.9048510,,,,,
,6773,13568912195,,116.3819570,39.9049850,,,,,
,6774,13568915155,,116.3815730,39.9020440,,,,,
,6775,13568915162,,116.3816900,39.9008080,,,,,
,6776,13568915160,,116.3817010,39.9007550,,,,,
,6777,13570555109,,116.3819780,39.9006740,,,,,
,6778,13570555111,,116.3824400,39.9006680,,,,,
,6779,13570555112,,116.3825580,39.9006600,,,,,
,6780,13570555114,,116.3835530,39.9005270,,,,,
,6781,13570555115,,116.3839660,39.9004730,,,,,
,6782,13570555117,,116.3840990,39.9004580,,,,,
,6783,13570555116,,116.3842410,39.9004470,,,,,
,6784,13570555119,,116.3854140,39.9018500,,,,,
,6785,13586021635,,116.3928180,39.8828050,,,,,
,6786,13586021636,,116.3927770,39.8827620,,,,,
,6787,266112661;1742835287,signal,116.3778505,39.9317175,,,,,
,6788,245106356;1549077198,signal,116.3786230,39.8848240,,,,,
,6789,32388118;1860131879;332618906;1803810814,signal,116.4026395,39.9319842,,,,,
,6790,1742785899;340065371,signal,116.3736355,39.9339365,,,,,
,6791,342836138;1624163744,signal,116.3900330,39.9320345,,,,,
,6792,320833083;373101859,signal,116.4213055,39.8959890,,,,,
,6793,77732047;1429524739;390990636;528929291;1673265501;1673265503,signal,116.3679910,39.9027010,,,,,
,6794,266112331;1742929837,signal,116.4075595,39.9092140,,,,,
,6795,31201272;1362315804,signal,116.4202255,39.9177710,,,,,
,6796,77746332;1549077228;322121114;1599489635;1231628469;1598453921;1598453934;1599489637,signal,116.3784530,39.8880987,,,,,
,6797,390990637;1449318306;1362315809;1449318356;1840794419;1449318308;1449318328;1840794420,signal,116.4199690,39.9229925,,,,,
,6798,6784215641;1038275237,signal,116.4117070,39.9091810,,,,,
,6799,269489762;1598502678,signal,116.4057165,39.8979300,,,,,
,6800,237271758;322444665;343438280,signal,116.4146240,39.8825280,,,,,
,6801,237270566;322444789;734520623;1598502671,signal,116.4124403,39.8958088,,,,,
,6802,269491725;1742835294,signal,116.3835050,39.9319370,,,,,
,6803,76457858;2482565109,signal,116.3962605,39.9220270,,,,,
,6804,244255936;1502696840;1502696843;1502696845,signal,116.3738135,39.9263820,,,,,
,6805,31194145;8559502659;1362315802;1861654993,signal,116.4204378,39.9141895,,,,,
,6806,322121508;1598502511;1598502482;322121510;1598502490;1598502539;1598502570;1598502568,signal,116.4060682,39.8914663,,,,,
,6807,340110248;1599489645,signal,116.3784430,39.8910870,,,,,
,6808,245108056;2056613811;343438113,signal,116.4187627,39.8826190,,,,,
,6809,322121772;528929563;322121800;384077855;734169381;1598453928,signal,116.3682188,39.8879722,,,,,
,6810,77746341;1598459393;322121123,signal,116.3948317,39.8905790,,,,,
,6811,31201265;1362315799,signal,116.4206320,39.9107055,,,,,
,6812,245108433;320833082;373101863;373101847;322448790;373101866;1598502616;1231691982,signal,116.4215264,39.8921565,,,,,
,6813,31201275;1362315807,signal,116.4200990,39.9205680,,,,,
,6814,340063067;1803810822,signal,116.4025340,39.9342705,,,,,
,6815,734169790;2048161758,signal,116.3682275,39.8938470,,,,,
