link_id,name,osm_way_id,from_node_id,to_node_id,directed,geometry,dir_flag,length,facility_type,link_type,free_speed,lanes,capacity,allowed_uses,notes
1,后湖路,0,1,2,1,"LINESTRING (112.935523 28.160121, 112.935544 28.160136)",1,2.65,unclassified,20,,,,auto,
2,后湖路,0,2,1,1,"LINESTRING (112.935544 28.160136, 112.935523 28.160121)",1,2.65,unclassified,20,,,,auto,
3,后湖路,1,1,3,1,"LINESTRING (112.935523 28.160121, 112.935328 28.16)",1,23.38,unclassified,20,,,,auto,
4,后湖路,1,3,1,1,"LINESTRING (112.935328 28.16, 112.935523 28.160121)",1,23.38,unclassified,20,,,,auto,
5,后湖路,2,4,5,1,"LINESTRING (112.935914 28.160412, 112.93605 28.160568)",1,21.88,unclassified,20,,,,auto,
6,后湖路,2,5,4,1,"LINESTRING (112.93605 28.160568, 112.935914 28.160412)",1,21.88,unclassified,20,,,,auto,
7,后湖路,3,4,6,1,"LINESTRING (112.935914 28.160412, 112.935709 28.160254)",1,26.69,unclassified,20,,,,auto,
8,后湖路,3,6,4,1,"LINESTRING (112.935709 28.160254, 112.935914 28.160412)",1,26.69,unclassified,20,,,,auto,
9,后湖路,4,5,7,1,"LINESTRING (112.93605 28.160568, 112.936159 28.1607)",1,18.16,unclassified,20,,,,auto,
10,后湖路,4,7,5,1,"LINESTRING (112.936159 28.1607, 112.93605 28.160568)",1,18.16,unclassified,20,,,,auto,
11,后湖路,5,5,4,1,"LINESTRING (112.93605 28.160568, 112.935914 28.160412)",1,21.88,unclassified,20,,,,auto,
12,后湖路,5,4,5,1,"LINESTRING (112.935914 28.160412, 112.93605 28.160568)",1,21.88,unclassified,20,,,,auto,
13,后湖路,6,8,9,1,"LINESTRING (112.93625 28.160966, 112.93628 28.161096)",1,14.75,unclassified,20,,,,auto,
14,后湖路,6,9,8,1,"LINESTRING (112.93628 28.161096, 112.93625 28.160966)",1,14.75,unclassified,20,,,,auto,
15,后湖路,7,8,10,1,"LINESTRING (112.93625 28.160966, 112.936227 28.16086)",1,12.00,unclassified,20,,,,auto,
16,后湖路,7,10,8,1,"LINESTRING (112.936227 28.16086, 112.93625 28.160966)",1,12.00,unclassified,20,,,,auto,
17,后湖路,8,11,12,1,"LINESTRING (112.93638 28.161236, 112.936633 28.161375)",1,29.22,unclassified,20,,,,auto,
18,后湖路,8,12,11,1,"LINESTRING (112.936633 28.161375, 112.93638 28.161236)",1,29.22,unclassified,20,,,,auto,
19,后湖路,9,11,9,1,"LINESTRING (112.93638 28.161236, 112.93628 28.161096)",1,18.40,unclassified,20,,,,auto,
20,后湖路,9,9,11,1,"LINESTRING (112.93628 28.161096, 112.93638 28.161236)",1,18.40,unclassified,20,,,,auto,
21,后湖路,10,12,11,1,"LINESTRING (112.936633 28.161375, 112.93638 28.161236)",1,29.22,unclassified,20,,,,auto,
22,后湖路,10,11,12,1,"LINESTRING (112.93638 28.161236, 112.936633 28.161375)",1,29.22,unclassified,20,,,,auto,
23,,11,13,14,1,"LINESTRING (112.936406 28.165287, 112.936287 28.165443)",1,20.90,unclassified,20,,,,auto,
24,,11,14,13,1,"LINESTRING (112.936287 28.165443, 112.936406 28.165287)",1,20.90,unclassified,20,,,,auto,
25,,14,14,13,1,"LINESTRING (112.936287 28.165443, 112.936406 28.165287)",1,20.90,unclassified,20,,,,auto,
26,,14,13,14,1,"LINESTRING (112.936406 28.165287, 112.936287 28.165443)",1,20.90,unclassified,20,,,,auto,
27,,15,14,15,1,"LINESTRING (112.936287 28.165443, 112.936206 28.165551)",1,14.40,unclassified,20,,,,auto,
28,,15,15,14,1,"LINESTRING (112.936206 28.165551, 112.936287 28.165443)",1,14.40,unclassified,20,,,,auto,
29,后湖路,16,16,17,1,"LINESTRING (112.935379 28.165767, 112.935516 28.165935)",1,23.01,secondary,4,,4,,auto,
30,麓山南路,35,18,19,1,"LINESTRING (112.927418 28.167484, 112.927926 28.167583)",1,51.00,tertiary,5,40,2,,auto,
31,后湖路,36,20,21,1,"LINESTRING (112.934827 28.159235, 112.934807 28.15934)",1,11.84,unclassified,20,,,,auto,
32,后湖路,36,21,20,1,"LINESTRING (112.934807 28.15934, 112.934827 28.159235)",1,11.84,unclassified,20,,,,auto,
33,后湖路,37,21,22,1,"LINESTRING (112.934807 28.15934, 112.93482 28.159466)",1,14.07,unclassified,20,,,,auto,
34,后湖路,37,22,21,1,"LINESTRING (112.93482 28.159466, 112.934807 28.15934)",1,14.07,unclassified,20,,,,auto,
35,后湖路,38,21,20,1,"LINESTRING (112.934807 28.15934, 112.934827 28.159235)",1,11.84,unclassified,20,,,,auto,
36,后湖路,38,20,21,1,"LINESTRING (112.934827 28.159235, 112.934807 28.15934)",1,11.84,unclassified,20,,,,auto,
37,后湖路,39,23,24,1,"LINESTRING (112.934848 28.159567, 112.93489 28.15964)",1,9.10,unclassified,20,,,,auto,
38,后湖路,39,24,23,1,"LINESTRING (112.93489 28.15964, 112.934848 28.159567)",1,9.10,unclassified,20,,,,auto,
39,后湖路,40,23,22,1,"LINESTRING (112.934848 28.159567, 112.93482 28.159466)",1,11.56,unclassified,20,,,,auto,
40,后湖路,40,22,23,1,"LINESTRING (112.93482 28.159466, 112.934848 28.159567)",1,11.56,unclassified,20,,,,auto,
41,后湖路,41,25,26,1,"LINESTRING (112.935007 28.159771, 112.935087 28.159837)",1,10.74,unclassified,20,,,,auto,
42,后湖路,41,26,25,1,"LINESTRING (112.935087 28.159837, 112.935007 28.159771)",1,10.74,unclassified,20,,,,auto,
43,后湖路,42,25,27,1,"LINESTRING (112.935007 28.159771, 112.93494 28.159701)",1,10.18,unclassified,20,,,,auto,
44,后湖路,42,27,25,1,"LINESTRING (112.93494 28.159701, 112.935007 28.159771)",1,10.18,unclassified,20,,,,auto,
45,,43,28,29,1,"LINESTRING (112.926845 28.167338, 112.926891 28.167013)",1,36.42,secondary,4,40,2,,auto,
46,麓山南路,44,28,30,1,"LINESTRING (112.926845 28.167338, 112.926983 28.167378)",1,14.24,secondary,4,40,2,,auto,
47,,45,31,32,1,"LINESTRING (112.929969 28.161912, 112.930196 28.161825)",1,24.26,residential,6,,,,auto,
48,,45,32,31,1,"LINESTRING (112.930196 28.161825, 112.929969 28.161912)",1,24.26,residential,6,,,,auto,
49,,46,31,33,1,"LINESTRING (112.929969 28.161912, 112.929934 28.161929)",1,3.92,residential,6,,,,auto,
50,,46,33,31,1,"LINESTRING (112.929934 28.161929, 112.929969 28.161912)",1,3.92,residential,6,,,,auto,
51,,47,34,35,1,"LINESTRING (112.929099 28.161072, 112.929065 28.161099)",1,4.49,secondary,4,40,2,,auto,
52,,48,36,37,1,"LINESTRING (112.931315 28.162092, 112.931315 28.161997)",1,10.56,residential,6,,,,auto,
53,,48,37,36,1,"LINESTRING (112.931315 28.161997, 112.931315 28.162092)",1,10.56,residential,6,,,,auto,
54,,52,38,39,1,"LINESTRING (112.931266 28.161053, 112.93128 28.161284)",1,25.72,residential,6,,,,auto,
55,,52,39,38,1,"LINESTRING (112.93128 28.161284, 112.931266 28.161053)",1,25.72,residential,6,,,,auto,
56,,53,38,40,1,"LINESTRING (112.931266 28.161053, 112.931166 28.160917)",1,18.02,residential,6,,,,auto,
57,,53,40,38,1,"LINESTRING (112.931166 28.160917, 112.931266 28.161053)",1,18.02,residential,6,,,,auto,
58,,54,41,42,1,"LINESTRING (112.927629 28.162979, 112.927579 28.163164)",1,21.15,secondary,4,40,2,,auto,
59,,55,43,44,1,"LINESTRING (112.927522 28.16307, 112.927562 28.162929)",1,16.16,secondary,4,40,2,,auto,
60,,56,45,46,1,"LINESTRING (112.928481 28.161502, 112.928633 28.161354)",1,22.20,secondary,4,40,2,,auto,
61,,57,47,48,1,"LINESTRING (112.928655 28.161433, 112.928464 28.161622)",1,28.15,secondary,4,40,2,,auto,
62,,58,49,50,1,"LINESTRING (112.928252 28.161745, 112.928385 28.1616)",1,20.74,secondary,4,40,2,,auto,
63,,59,44,51,1,"LINESTRING (112.927562 28.162929, 112.927609 28.162804)",1,14.64,secondary,4,40,2,,auto,
64,,60,52,53,1,"LINESTRING (112.927447 28.163388, 112.927485 28.163212)",1,19.92,secondary,4,40,2,,auto,
65,,61,54,55,1,"LINESTRING (112.928308 28.161792, 112.928185 28.161941)",1,20.49,secondary,4,40,2,,auto,
66,,62,48,54,1,"LINESTRING (112.928464 28.161622, 112.928308 28.161792)",1,24.31,secondary,4,40,2,,auto,
67,,63,56,57,1,"LINESTRING (112.927984 28.162245, 112.927898 28.162392)",1,18.39,secondary,4,40,2,,auto,
68,,64,58,59,1,"LINESTRING (112.927842 28.162492, 112.927765 28.162636)",1,17.70,secondary,4,40,2,,auto,
69,,65,60,61,1,"LINESTRING (112.927728 28.162552, 112.927808 28.162378)",1,20.88,secondary,4,40,2,,auto,
70,,66,62,49,1,"LINESTRING (112.928119 28.161913, 112.928252 28.161745)",1,22.78,secondary,4,40,2,,auto,
71,,67,63,41,1,"LINESTRING (112.927683 28.162835, 112.927629 28.162979)",1,16.86,secondary,4,40,2,,auto,
72,,68,51,64,1,"LINESTRING (112.927609 28.162804, 112.927659 28.162686)",1,14.01,secondary,4,40,2,,auto,
73,,69,65,66,1,"LINESTRING (112.930537 28.15985, 112.931084 28.159414)",1,72.29,secondary,4,40,2,,auto,
74,,70,61,67,1,"LINESTRING (112.927808 28.162378, 112.927907 28.162212)",1,20.85,secondary,4,40,2,,auto,
75,,71,42,68,1,"LINESTRING (112.927579 28.163164, 112.927547 28.163304)",1,15.88,secondary,4,40,2,,auto,
76,,72,69,62,1,"LINESTRING (112.928018 28.162042, 112.928119 28.161913)",1,17.43,secondary,4,40,2,,auto,
77,,73,70,71,1,"LINESTRING (112.928986 28.161063, 112.929068 28.160999)",1,10.74,secondary,4,40,2,,auto,
78,,74,70,72,1,"LINESTRING (112.928986 28.161063, 112.928937 28.161035)",1,5.72,residential,6,,,,auto,
79,,75,68,73,1,"LINESTRING (112.927547 28.163304, 112.927516 28.163478)",1,19.59,secondary,4,40,2,,auto,
80,,76,64,60,1,"LINESTRING (112.927659 28.162686, 112.927728 28.162552)",1,16.36,secondary,4,40,2,,auto,
81,,77,74,47,1,"LINESTRING (112.928897 28.16123, 112.928655 28.161433)",1,32.75,secondary,4,40,2,,auto,
82,,78,75,56,1,"LINESTRING (112.928089 28.162076, 112.927984 28.162245)",1,21.43,secondary,4,40,2,,auto,
83,,79,67,69,1,"LINESTRING (112.927907 28.162212, 112.928018 28.162042)",1,21.81,secondary,4,40,2,,auto,
84,,80,53,43,1,"LINESTRING (112.927485 28.163212, 112.927522 28.16307)",1,16.20,secondary,4,40,2,,auto,
85,,81,46,76,1,"LINESTRING (112.928633 28.161354, 112.928847 28.161181)",1,28.46,secondary,4,40,2,,auto,
86,,82,57,58,1,"LINESTRING (112.927898 28.162392, 112.927842 28.162492)",1,12.40,secondary,4,40,2,,auto,
87,,83,76,70,1,"LINESTRING (112.928847 28.161181, 112.928986 28.161063)",1,18.92,secondary,4,40,2,,auto,
88,,84,77,78,1,"LINESTRING (112.930665 28.161596, 112.930712 28.161582)",1,4.86,residential,6,,,,auto,
89,,84,78,77,1,"LINESTRING (112.930712 28.161582, 112.930665 28.161596)",1,4.86,residential,6,,,,auto,
90,,85,77,79,1,"LINESTRING (112.930665 28.161596, 112.930622 28.161612)",1,4.58,residential,6,,,,auto,
91,,85,79,77,1,"LINESTRING (112.930622 28.161612, 112.930665 28.161596)",1,4.58,residential,6,,,,auto,
92,,89,80,81,1,"LINESTRING (112.932298 28.162717, 112.932385 28.162059)",1,73.66,residential,6,,1,,auto,
93,,89,81,80,1,"LINESTRING (112.932385 28.162059, 112.932298 28.162717)",1,73.66,residential,6,,1,,auto,
94,,90,80,82,1,"LINESTRING (112.932298 28.162717, 112.932291 28.162785)",1,7.59,residential,6,,1,,auto,
95,,90,82,80,1,"LINESTRING (112.932291 28.162785, 112.932298 28.162717)",1,7.59,residential,6,,1,,auto,
96,,94,83,84,1,"LINESTRING (112.93054 28.161647, 112.930581 28.161628)",1,4.54,residential,6,,,,auto,
97,,94,84,83,1,"LINESTRING (112.930581 28.161628, 112.93054 28.161647)",1,4.54,residential,6,,,,auto,
98,,95,83,85,1,"LINESTRING (112.93054 28.161647, 112.930511 28.16166)",1,3.19,residential,6,,,,auto,
99,,95,85,83,1,"LINESTRING (112.930511 28.16166, 112.93054 28.161647)",1,3.19,residential,6,,,,auto,
100,,108,86,87,1,"LINESTRING (112.93037 28.162715, 112.929856 28.162715)",1,50.39,residential,6,,,,auto,
101,,108,87,86,1,"LINESTRING (112.929856 28.162715, 112.93037 28.162715)",1,50.39,residential,6,,,,auto,
102,,109,86,88,1,"LINESTRING (112.93037 28.162715, 112.930373 28.162436)",1,31.02,residential,6,,,,auto,
103,,109,88,86,1,"LINESTRING (112.930373 28.162436, 112.93037 28.162715)",1,31.02,residential,6,,,,auto,
104,,111,89,88,1,"LINESTRING (112.930375 28.162104, 112.930373 28.162436)",1,36.92,residential,6,,,,auto,
105,,111,88,89,1,"LINESTRING (112.930373 28.162436, 112.930375 28.162104)",1,36.92,residential,6,,,,auto,
106,,112,89,90,1,"LINESTRING (112.930375 28.162104, 112.930359 28.161935)",1,18.86,residential,6,,,,auto,
107,,112,90,89,1,"LINESTRING (112.930359 28.161935, 112.930375 28.162104)",1,18.86,residential,6,,,,auto,
108,,120,88,86,1,"LINESTRING (112.930373 28.162436, 112.93037 28.162715)",1,31.02,residential,6,,,,auto,
109,,120,86,88,1,"LINESTRING (112.93037 28.162715, 112.930373 28.162436)",1,31.02,residential,6,,,,auto,
110,,121,88,89,1,"LINESTRING (112.930373 28.162436, 112.930375 28.162104)",1,36.92,residential,6,,,,auto,
111,,121,89,88,1,"LINESTRING (112.930375 28.162104, 112.930373 28.162436)",1,36.92,residential,6,,,,auto,
112,,122,91,92,1,"LINESTRING (112.931742 28.161961, 112.931665 28.161968)",1,7.59,residential,6,,,,auto,
113,,122,92,91,1,"LINESTRING (112.931665 28.161968, 112.931742 28.161961)",1,7.59,residential,6,,,,auto,
114,,123,91,93,1,"LINESTRING (112.931742 28.161961, 112.932309 28.161994)",1,55.70,residential,6,,,,auto,
115,,123,93,91,1,"LINESTRING (112.932309 28.161994, 112.931742 28.161961)",1,55.70,residential,6,,,,auto,
116,,124,94,93,1,"LINESTRING (112.932345 28.161996, 112.932309 28.161994)",1,3.54,residential,6,,,,auto,
117,,124,93,94,1,"LINESTRING (112.932309 28.161994, 112.932345 28.161996)",1,3.54,residential,6,,,,auto,
118,,125,94,81,1,"LINESTRING (112.932345 28.161996, 112.932385 28.162059)",1,8.03,residential,6,,,,auto,
119,,125,81,94,1,"LINESTRING (112.932385 28.162059, 112.932345 28.161996)",1,8.03,residential,6,,,,auto,
120,,127,95,96,1,"LINESTRING (112.929603 28.162118, 112.929652 28.162084)",1,6.11,residential,6,,,,auto,
121,,127,96,95,1,"LINESTRING (112.929652 28.162084, 112.929603 28.162118)",1,6.11,residential,6,,,,auto,
122,,128,95,97,1,"LINESTRING (112.929603 28.162118, 112.929556 28.16216)",1,6.56,residential,6,,,,auto,
123,,128,97,95,1,"LINESTRING (112.929556 28.16216, 112.929603 28.162118)",1,6.56,residential,6,,,,auto,
124,,130,98,99,1,"LINESTRING (112.929353 28.162411, 112.929384 28.162357)",1,6.73,residential,6,,,,auto,
125,,130,99,98,1,"LINESTRING (112.929384 28.162357, 112.929353 28.162411)",1,6.73,residential,6,,,,auto,
126,,131,98,100,1,"LINESTRING (112.929353 28.162411, 112.92928 28.162545)",1,16.53,residential,6,,,,auto,
127,,131,100,98,1,"LINESTRING (112.92928 28.162545, 112.929353 28.162411)",1,16.53,residential,6,,,,auto,
128,,138,101,102,1,"LINESTRING (112.930339 28.161772, 112.930348 28.161828)",1,6.29,residential,6,,,,auto,
129,,138,102,101,1,"LINESTRING (112.930348 28.161828, 112.930339 28.161772)",1,6.29,residential,6,,,,auto,
130,,139,101,103,1,"LINESTRING (112.930339 28.161772, 112.930392 28.161748)",1,5.84,residential,6,,,,auto,
131,,139,103,101,1,"LINESTRING (112.930392 28.161748, 112.930339 28.161772)",1,5.84,residential,6,,,,auto,
132,,140,101,32,1,"LINESTRING (112.930339 28.161772, 112.930196 28.161825)",1,15.21,residential,6,,,,auto,
133,,140,32,101,1,"LINESTRING (112.930196 28.161825, 112.930339 28.161772)",1,15.21,residential,6,,,,auto,
134,,142,104,37,1,"LINESTRING (112.931314 28.161913, 112.931315 28.161997)",1,9.34,residential,6,,,,auto,
135,,142,37,104,1,"LINESTRING (112.931315 28.161997, 112.931314 28.161913)",1,9.34,residential,6,,,,auto,
136,,143,104,105,1,"LINESTRING (112.931314 28.161913, 112.931307 28.1618)",1,12.58,residential,6,,,,auto,
137,,143,105,104,1,"LINESTRING (112.931307 28.1618, 112.931314 28.161913)",1,12.58,residential,6,,,,auto,
138,,144,104,106,1,"LINESTRING (112.931314 28.161913, 112.931442 28.161979)",1,14.54,residential,6,,,,auto,
139,,144,106,104,1,"LINESTRING (112.931442 28.161979, 112.931314 28.161913)",1,14.54,residential,6,,,,auto,
140,,147,81,94,1,"LINESTRING (112.932385 28.162059, 112.932345 28.161996)",1,8.03,residential,6,,,,auto,
141,,147,94,81,1,"LINESTRING (112.932345 28.161996, 112.932385 28.162059)",1,8.03,residential,6,,,,auto,
142,,148,81,80,1,"LINESTRING (112.932385 28.162059, 112.932298 28.162717)",1,73.66,residential,6,,1,,auto,
143,,148,80,81,1,"LINESTRING (112.932298 28.162717, 112.932385 28.162059)",1,73.66,residential,6,,1,,auto,
144,,149,92,107,1,"LINESTRING (112.931665 28.161968, 112.931496 28.161982)",1,16.64,residential,6,,,,auto,
145,,149,107,92,1,"LINESTRING (112.931496 28.161982, 112.931665 28.161968)",1,16.64,residential,6,,,,auto,
146,,150,92,91,1,"LINESTRING (112.931665 28.161968, 112.931742 28.161961)",1,7.59,residential,6,,,,auto,
147,,150,91,92,1,"LINESTRING (112.931742 28.161961, 112.931665 28.161968)",1,7.59,residential,6,,,,auto,
148,,153,108,109,1,"LINESTRING (112.932105 28.164472, 112.932175 28.163796)",1,75.48,residential,6,,1,,auto,
149,,153,109,108,1,"LINESTRING (112.932175 28.163796, 112.932105 28.164472)",1,75.48,residential,6,,1,,auto,
150,,154,108,110,1,"LINESTRING (112.932105 28.164472, 112.932083 28.164542)",1,8.08,residential,6,,1,,auto,
151,,154,110,108,1,"LINESTRING (112.932083 28.164542, 112.932105 28.164472)",1,8.08,residential,6,,1,,auto,
152,,155,111,40,1,"LINESTRING (112.931137 28.160877, 112.931166 28.160917)",1,5.28,residential,6,,,,auto,
153,,155,40,111,1,"LINESTRING (112.931166 28.160917, 112.931137 28.160877)",1,5.28,residential,6,,,,auto,
154,,156,111,112,1,"LINESTRING (112.931137 28.160877, 112.930856 28.16049)",1,51.09,residential,6,,,,auto,
155,,156,112,111,1,"LINESTRING (112.930856 28.16049, 112.931137 28.160877)",1,51.09,residential,6,,,,auto,
156,,159,113,114,1,"LINESTRING (112.931286 28.161551, 112.931286 28.161566)",1,1.67,residential,6,,,,auto,
157,,159,114,113,1,"LINESTRING (112.931286 28.161566, 112.931286 28.161551)",1,1.67,residential,6,,,,auto,
158,,160,113,115,1,"LINESTRING (112.931286 28.161551, 112.931286 28.161369)",1,20.24,residential,6,,,,auto,
159,,160,115,113,1,"LINESTRING (112.931286 28.161369, 112.931286 28.161551)",1,20.24,residential,6,,,,auto,
160,,161,113,116,1,"LINESTRING (112.931286 28.161551, 112.930905 28.161554)",1,37.35,residential,6,,,,auto,
161,,161,116,113,1,"LINESTRING (112.930905 28.161554, 112.931286 28.161551)",1,37.35,residential,6,,,,auto,
162,,164,40,38,1,"LINESTRING (112.931166 28.160917, 112.931266 28.161053)",1,18.02,residential,6,,,,auto,
163,,164,38,40,1,"LINESTRING (112.931266 28.161053, 112.931166 28.160917)",1,18.02,residential,6,,,,auto,
164,,165,40,111,1,"LINESTRING (112.931166 28.160917, 112.931137 28.160877)",1,5.28,residential,6,,,,auto,
165,,165,111,40,1,"LINESTRING (112.931137 28.160877, 112.931166 28.160917)",1,5.28,residential,6,,,,auto,
166,,186,107,92,1,"LINESTRING (112.931496 28.161982, 112.931665 28.161968)",1,16.64,residential,6,,,,auto,
167,,186,92,107,1,"LINESTRING (112.931665 28.161968, 112.931496 28.161982)",1,16.64,residential,6,,,,auto,
168,,187,107,106,1,"LINESTRING (112.931496 28.161982, 112.931442 28.161979)",1,5.30,residential,6,,,,auto,
169,,187,106,107,1,"LINESTRING (112.931442 28.161979, 112.931496 28.161982)",1,5.30,residential,6,,,,auto,
170,,191,32,101,1,"LINESTRING (112.930196 28.161825, 112.930339 28.161772)",1,15.21,residential,6,,,,auto,
171,,191,101,32,1,"LINESTRING (112.930339 28.161772, 112.930196 28.161825)",1,15.21,residential,6,,,,auto,
172,,192,32,31,1,"LINESTRING (112.930196 28.161825, 112.929969 28.161912)",1,24.26,residential,6,,,,auto,
173,,192,31,32,1,"LINESTRING (112.929969 28.161912, 112.930196 28.161825)",1,24.26,residential,6,,,,auto,
174,,197,106,104,1,"LINESTRING (112.931442 28.161979, 112.931314 28.161913)",1,14.54,residential,6,,,,auto,
175,,197,104,106,1,"LINESTRING (112.931314 28.161913, 112.931442 28.161979)",1,14.54,residential,6,,,,auto,
176,,198,106,107,1,"LINESTRING (112.931442 28.161979, 112.931496 28.161982)",1,5.30,residential,6,,,,auto,
177,,198,107,106,1,"LINESTRING (112.931496 28.161982, 112.931442 28.161979)",1,5.30,residential,6,,,,auto,
178,,200,117,118,1,"LINESTRING (112.930761 28.16157, 112.930808 28.161562)",1,4.69,residential,6,,,,auto,
179,,200,118,117,1,"LINESTRING (112.930808 28.161562, 112.930761 28.16157)",1,4.69,residential,6,,,,auto,
180,,201,117,78,1,"LINESTRING (112.930761 28.16157, 112.930712 28.161582)",1,4.99,residential,6,,,,auto,
181,,201,78,117,1,"LINESTRING (112.930712 28.161582, 112.930761 28.16157)",1,4.99,residential,6,,,,auto,
182,,204,119,120,1,"LINESTRING (112.931592 28.164939, 112.931675 28.164892)",1,9.67,residential,6,,1,,auto,
183,,204,120,119,1,"LINESTRING (112.931675 28.164892, 112.931592 28.164939)",1,9.67,residential,6,,1,,auto,
184,,205,119,121,1,"LINESTRING (112.931592 28.164939, 112.931572 28.164959)",1,2.96,residential,6,,,,auto,
185,,208,122,123,1,"LINESTRING (112.931387 28.164804, 112.931416 28.164784)",1,3.61,residential,6,,,,auto,
186,,211,124,125,1,"LINESTRING (112.931544 28.16498, 112.93151 28.164992)",1,3.59,residential,6,,,,auto,
187,,212,126,127,1,"LINESTRING (112.931589 28.164828, 112.931603 28.164863)",1,4.13,residential,6,,,,auto,
188,,213,128,129,1,"LINESTRING (112.933967 28.165095, 112.933536 28.16505)",1,42.55,residential,6,,,,auto,
189,,213,129,128,1,"LINESTRING (112.933536 28.16505, 112.933967 28.165095)",1,42.55,residential,6,,,,auto,
190,,214,130,131,1,"LINESTRING (112.931431 28.164988, 112.931394 28.164969)",1,4.20,residential,6,,,,auto,
191,,215,123,132,1,"LINESTRING (112.931416 28.164784, 112.931451 28.164773)",1,3.64,residential,6,,,,auto,
192,,218,133,134,1,"LINESTRING (112.932011 28.164644, 112.932056 28.164589)",1,7.54,residential,6,,1,,auto,
193,,218,134,133,1,"LINESTRING (112.932056 28.164589, 112.932011 28.164644)",1,7.54,residential,6,,1,,auto,
194,,219,133,135,1,"LINESTRING (112.932011 28.164644, 112.931887 28.164746)",1,16.63,residential,6,,1,,auto,
195,,219,135,133,1,"LINESTRING (112.931887 28.164746, 112.932011 28.164644)",1,16.63,residential,6,,1,,auto,
196,,220,136,137,1,"LINESTRING (112.930258 28.16454, 112.93013 28.164514)",1,12.88,residential,6,,,,auto,
197,,221,109,138,1,"LINESTRING (112.932175 28.163796, 112.932282 28.162862)",1,104.38,residential,6,,1,,auto,
198,,221,138,109,1,"LINESTRING (112.932282 28.162862, 112.932175 28.163796)",1,104.38,residential,6,,1,,auto,
199,,222,109,108,1,"LINESTRING (112.932175 28.163796, 112.932105 28.164472)",1,75.48,residential,6,,1,,auto,
200,,222,108,109,1,"LINESTRING (112.932105 28.164472, 112.932175 28.163796)",1,75.48,residential,6,,1,,auto,
201,,228,139,140,1,"LINESTRING (112.930758 28.164703, 112.930369 28.164572)",1,40.82,residential,6,,,,auto,
202,,229,131,141,1,"LINESTRING (112.931394 28.164969, 112.931367 28.16494)",1,4.17,residential,6,,,,auto,
203,,230,142,143,1,"LINESTRING (112.93106 28.164775, 112.931028 28.164739)",1,5.09,residential,6,,,,auto,
204,,230,143,142,1,"LINESTRING (112.931028 28.164739, 112.93106 28.164775)",1,5.09,residential,6,,,,auto,
205,,231,142,144,1,"LINESTRING (112.93106 28.164775, 112.931097 28.16481)",1,5.32,residential,6,,,,auto,
206,,231,144,142,1,"LINESTRING (112.931097 28.16481, 112.93106 28.164775)",1,5.32,residential,6,,,,auto,
207,,238,135,133,1,"LINESTRING (112.931887 28.164746, 112.932011 28.164644)",1,16.63,residential,6,,1,,auto,
208,,238,133,135,1,"LINESTRING (112.932011 28.164644, 112.931887 28.164746)",1,16.63,residential,6,,1,,auto,
209,,239,135,120,1,"LINESTRING (112.931887 28.164746, 112.931675 28.164892)",1,26.37,residential,6,,1,,auto,
210,,239,120,135,1,"LINESTRING (112.931675 28.164892, 112.931887 28.164746)",1,26.37,residential,6,,1,,auto,
211,,240,132,145,1,"LINESTRING (112.931451 28.164773, 112.931488 28.164771)",1,3.63,residential,6,,,,auto,
212,,241,146,147,1,"LINESTRING (112.930971 28.163852, 112.930918 28.164453)",1,67.03,residential,6,,,,auto,
213,,241,147,146,1,"LINESTRING (112.930918 28.164453, 112.930971 28.163852)",1,67.03,residential,6,,,,auto,
214,,244,148,149,1,"LINESTRING (112.930985 28.164681, 112.930952 28.164637)",1,5.87,residential,6,,,,auto,
215,,244,149,148,1,"LINESTRING (112.930952 28.164637, 112.930985 28.164681)",1,5.87,residential,6,,,,auto,
216,,245,148,143,1,"LINESTRING (112.930985 28.164681, 112.931028 28.164739)",1,7.70,residential,6,,,,auto,
217,,245,143,148,1,"LINESTRING (112.931028 28.164739, 112.930985 28.164681)",1,7.70,residential,6,,,,auto,
218,,251,145,150,1,"LINESTRING (112.931488 28.164771, 112.931528 28.16478)",1,4.05,residential,6,,,,auto,
219,楚怡路,253,151,152,1,"LINESTRING (112.931413 28.165093, 112.931413 28.165068)",1,2.78,residential,6,,2,,auto,
220,,254,121,153,1,"LINESTRING (112.931572 28.164959, 112.931557 28.16497)",1,1.91,residential,6,,,,auto,
221,,255,147,146,1,"LINESTRING (112.930918 28.164453, 112.930971 28.163852)",1,67.03,residential,6,,,,auto,
222,,255,146,147,1,"LINESTRING (112.930971 28.163852, 112.930918 28.164453)",1,67.03,residential,6,,,,auto,
223,,256,147,154,1,"LINESTRING (112.930918 28.164453, 112.930922 28.164527)",1,8.24,residential,6,,,,auto,
224,,256,154,147,1,"LINESTRING (112.930922 28.164527, 112.930918 28.164453)",1,8.24,residential,6,,,,auto,
225,,257,155,156,1,"LINESTRING (112.929136 28.162736, 112.929189 28.162686)",1,7.61,residential,6,,,,auto,
226,,257,156,155,1,"LINESTRING (112.929189 28.162686, 112.929136 28.162736)",1,7.61,residential,6,,,,auto,
227,,258,155,157,1,"LINESTRING (112.929136 28.162736, 112.929107 28.162763)",1,4.13,residential,6,,,,auto,
228,,258,157,155,1,"LINESTRING (112.929107 28.162763, 112.929136 28.162736)",1,4.13,residential,6,,,,auto,
229,,260,158,126,1,"LINESTRING (112.931563 28.1648, 112.931589 28.164828)",1,4.02,residential,6,,,,auto,
230,,263,87,159,1,"LINESTRING (112.929856 28.162715, 112.929268 28.16271)",1,57.64,residential,6,,,,auto,
231,,263,159,87,1,"LINESTRING (112.929268 28.16271, 112.929856 28.162715)",1,57.64,residential,6,,,,auto,
232,,264,87,86,1,"LINESTRING (112.929856 28.162715, 112.93037 28.162715)",1,50.39,residential,6,,,,auto,
233,,264,86,87,1,"LINESTRING (112.93037 28.162715, 112.929856 28.162715)",1,50.39,residential,6,,,,auto,
234,,266,150,158,1,"LINESTRING (112.931528 28.16478, 112.931563 28.1648)",1,4.09,residential,6,,,,auto,
235,,272,141,160,1,"LINESTRING (112.931367 28.16494, 112.931352 28.164904)",1,4.26,residential,6,,,,auto,
236,,273,141,161,1,"LINESTRING (112.931367 28.16494, 112.931333 28.164906)",1,5.04,residential,6,,,,auto,
237,,274,143,148,1,"LINESTRING (112.931028 28.164739, 112.930985 28.164681)",1,7.70,residential,6,,,,auto,
238,,274,148,143,1,"LINESTRING (112.930985 28.164681, 112.931028 28.164739)",1,7.70,residential,6,,,,auto,
239,,275,143,142,1,"LINESTRING (112.931028 28.164739, 112.93106 28.164775)",1,5.09,residential,6,,,,auto,
240,,275,142,143,1,"LINESTRING (112.93106 28.164775, 112.931028 28.164739)",1,5.09,residential,6,,,,auto,
241,,276,143,162,1,"LINESTRING (112.931028 28.164739, 112.931283 28.164823)",1,26.69,residential,6,,,,auto,
242,,280,163,164,1,"LINESTRING (112.931351 28.164866, 112.931364 28.16483)",1,4.20,residential,6,,,,auto,
243,,282,165,166,1,"LINESTRING (112.928646 28.163766, 112.928678 28.163564)",1,22.68,residential,6,,,,auto,
244,,282,166,165,1,"LINESTRING (112.928678 28.163564, 112.928646 28.163766)",1,22.68,residential,6,,,,auto,
245,,284,165,167,1,"LINESTRING (112.928646 28.163766, 112.928576 28.164118)",1,39.74,residential,6,,,,auto,
246,,284,167,165,1,"LINESTRING (112.928576 28.164118, 112.928646 28.163766)",1,39.74,residential,6,,,,auto,
247,,285,160,163,1,"LINESTRING (112.931352 28.164904, 112.931351 28.164866)",1,4.23,residential,6,,,,auto,
248,,286,168,169,1,"LINESTRING (112.929739 28.160473, 112.929762 28.160454)",1,3.09,secondary,4,40,2,,auto,
249,清水路,287,30,170,1,"LINESTRING (112.926983 28.167378, 112.926969 28.167446)",1,7.68,secondary,4,40,2,,auto,
250,麓山南路,288,30,171,1,"LINESTRING (112.926983 28.167378, 112.927092 28.167409)",1,11.23,secondary,4,40,2,,auto,
251,,289,172,173,1,"LINESTRING (112.927018 28.167607, 112.927022 28.167639)",1,3.58,secondary,4,5,,,auto,
252,,290,174,175,1,"LINESTRING (112.926977 28.167732, 112.926946 28.167754)",1,3.90,secondary,4,5,,,auto,
253,麓山南路,291,19,176,1,"LINESTRING (112.927926 28.167583, 112.928184 28.167628)",1,25.78,tertiary,5,40,2,,auto,
254,,292,112,111,1,"LINESTRING (112.930856 28.16049, 112.931137 28.160877)",1,51.09,residential,6,,,,auto,
255,,292,111,112,1,"LINESTRING (112.931137 28.160877, 112.930856 28.16049)",1,51.09,residential,6,,,,auto,
256,,293,112,177,1,"LINESTRING (112.930856 28.16049, 112.930625 28.160141)",1,44.93,residential,6,,,,auto,
257,,293,177,112,1,"LINESTRING (112.930625 28.160141, 112.930856 28.16049)",1,44.93,residential,6,,,,auto,
258,,296,178,179,1,"LINESTRING (112.935891 28.16726, 112.934653 28.167265)",1,121.36,residential,6,,,,auto,
259,,296,179,178,1,"LINESTRING (112.934653 28.167265, 112.935891 28.16726)",1,121.36,residential,6,,,,auto,
260,,297,178,180,1,"LINESTRING (112.935891 28.16726, 112.935942 28.167173)",1,10.89,residential,6,,,,auto,
261,,297,180,178,1,"LINESTRING (112.935942 28.167173, 112.935891 28.16726)",1,10.89,residential,6,,,,auto,
262,,298,179,178,1,"LINESTRING (112.934653 28.167265, 112.935891 28.16726)",1,121.36,residential,6,,,,auto,
263,,298,178,179,1,"LINESTRING (112.935891 28.16726, 112.934653 28.167265)",1,121.36,residential,6,,,,auto,
264,学达路,299,179,181,1,"LINESTRING (112.934653 28.167265, 112.934601 28.167067)",1,22.60,residential,6,,,,auto,
265,学达路,299,181,179,1,"LINESTRING (112.934601 28.167067, 112.934653 28.167265)",1,22.60,residential,6,,,,auto,
266,,300,181,182,1,"LINESTRING (112.934601 28.167067, 112.933846 28.167083)",1,74.03,residential,6,,,,auto,
267,,300,182,181,1,"LINESTRING (112.933846 28.167083, 112.934601 28.167067)",1,74.03,residential,6,,,,auto,
268,学达路,301,181,183,1,"LINESTRING (112.934601 28.167067, 112.934598 28.166669)",1,44.26,residential,6,,,,auto,
269,学达路,301,183,181,1,"LINESTRING (112.934598 28.166669, 112.934601 28.167067)",1,44.26,residential,6,,,,auto,
270,学达路,302,181,179,1,"LINESTRING (112.934601 28.167067, 112.934653 28.167265)",1,22.60,residential,6,,,,auto,
271,学达路,302,179,181,1,"LINESTRING (112.934653 28.167265, 112.934601 28.167067)",1,22.60,residential,6,,,,auto,
272,,303,184,185,1,"LINESTRING (112.934586 28.165661, 112.933589 28.165654)",1,97.74,residential,6,,,,auto,
273,,303,185,184,1,"LINESTRING (112.933589 28.165654, 112.934586 28.165661)",1,97.74,residential,6,,,,auto,
274,学达路,304,184,186,1,"LINESTRING (112.934586 28.165661, 112.934592 28.165967)",1,34.03,residential,6,,,,auto,
275,学达路,304,186,184,1,"LINESTRING (112.934592 28.165967, 112.934586 28.165661)",1,34.03,residential,6,,,,auto,
276,,305,187,188,1,"LINESTRING (112.934594 28.166319, 112.935342 28.166319)",1,73.32,residential,6,,,,auto,
277,,305,188,187,1,"LINESTRING (112.935342 28.166319, 112.934594 28.166319)",1,73.32,residential,6,,,,auto,
278,,306,187,189,1,"LINESTRING (112.934594 28.166319, 112.933596 28.166317)",1,97.83,residential,6,,,,auto,
279,,306,189,187,1,"LINESTRING (112.933596 28.166317, 112.934594 28.166319)",1,97.83,residential,6,,,,auto,
280,学达路,307,187,186,1,"LINESTRING (112.934594 28.166319, 112.934592 28.165967)",1,39.14,residential,6,,,,auto,
281,学达路,307,186,187,1,"LINESTRING (112.934592 28.165967, 112.934594 28.166319)",1,39.14,residential,6,,,,auto,
282,学达路,308,187,183,1,"LINESTRING (112.934594 28.166319, 112.934598 28.166669)",1,38.92,residential,6,,,,auto,
283,学达路,308,183,187,1,"LINESTRING (112.934598 28.166669, 112.934594 28.166319)",1,38.92,residential,6,,,,auto,
284,,309,188,187,1,"LINESTRING (112.935342 28.166319, 112.934594 28.166319)",1,73.32,residential,6,,,,auto,
285,,309,187,188,1,"LINESTRING (112.934594 28.166319, 112.935342 28.166319)",1,73.32,residential,6,,,,auto,
286,,310,189,187,1,"LINESTRING (112.933596 28.166317, 112.934594 28.166319)",1,97.83,residential,6,,,,auto,
287,,310,187,189,1,"LINESTRING (112.934594 28.166319, 112.933596 28.166317)",1,97.83,residential,6,,,,auto,
288,,311,189,190,1,"LINESTRING (112.933596 28.166317, 112.933592 28.165968)",1,38.81,residential,6,,,,auto,
289,,311,190,189,1,"LINESTRING (112.933592 28.165968, 112.933596 28.166317)",1,38.81,residential,6,,,,auto,
290,,312,189,191,1,"LINESTRING (112.933596 28.166317, 112.933597 28.166438)",1,13.45,residential,6,,,,auto,
291,,312,191,189,1,"LINESTRING (112.933597 28.166438, 112.933596 28.166317)",1,13.45,residential,6,,,,auto,
292,,313,186,192,1,"LINESTRING (112.934592 28.165967, 112.935036 28.165962)",1,43.53,residential,6,,,,auto,
293,,313,192,186,1,"LINESTRING (112.935036 28.165962, 112.934592 28.165967)",1,43.53,residential,6,,,,auto,
294,,314,186,190,1,"LINESTRING (112.934592 28.165967, 112.933592 28.165968)",1,98.03,residential,6,,,,auto,
295,,314,190,186,1,"LINESTRING (112.933592 28.165968, 112.934592 28.165967)",1,98.03,residential,6,,,,auto,
296,学达路,315,186,184,1,"LINESTRING (112.934592 28.165967, 112.934586 28.165661)",1,34.03,residential,6,,,,auto,
297,学达路,315,184,186,1,"LINESTRING (112.934586 28.165661, 112.934592 28.165967)",1,34.03,residential,6,,,,auto,
298,学达路,316,186,187,1,"LINESTRING (112.934592 28.165967, 112.934594 28.166319)",1,39.14,residential,6,,,,auto,
299,学达路,316,187,186,1,"LINESTRING (112.934594 28.166319, 112.934592 28.165967)",1,39.14,residential,6,,,,auto,
300,,317,192,186,1,"LINESTRING (112.935036 28.165962, 112.934592 28.165967)",1,43.53,residential,6,,,,auto,
301,,317,186,192,1,"LINESTRING (112.934592 28.165967, 112.935036 28.165962)",1,43.53,residential,6,,,,auto,
302,,318,190,186,1,"LINESTRING (112.933592 28.165968, 112.934592 28.165967)",1,98.03,residential,6,,,,auto,
303,,318,186,190,1,"LINESTRING (112.934592 28.165967, 112.933592 28.165968)",1,98.03,residential,6,,,,auto,
304,,319,190,185,1,"LINESTRING (112.933592 28.165968, 112.933589 28.165654)",1,34.92,residential,6,,,,auto,
305,,319,185,190,1,"LINESTRING (112.933589 28.165654, 112.933592 28.165968)",1,34.92,residential,6,,,,auto,
306,,320,190,189,1,"LINESTRING (112.933592 28.165968, 112.933596 28.166317)",1,38.81,residential,6,,,,auto,
307,,320,189,190,1,"LINESTRING (112.933596 28.166317, 112.933592 28.165968)",1,38.81,residential,6,,,,auto,
308,,321,191,189,1,"LINESTRING (112.933597 28.166438, 112.933596 28.166317)",1,13.45,residential,6,,,,auto,
309,,321,189,191,1,"LINESTRING (112.933596 28.166317, 112.933597 28.166438)",1,13.45,residential,6,,,,auto,
310,,322,191,193,1,"LINESTRING (112.933597 28.166438, 112.933688 28.166581)",1,18.23,residential,6,,,,auto,
311,,322,193,191,1,"LINESTRING (112.933688 28.166581, 112.933597 28.166438)",1,18.23,residential,6,,,,auto,
312,,323,185,194,1,"LINESTRING (112.933589 28.165654, 112.933595 28.165389)",1,29.47,residential,6,,,,auto,
313,,323,194,185,1,"LINESTRING (112.933595 28.165389, 112.933589 28.165654)",1,29.47,residential,6,,,,auto,
314,,324,185,190,1,"LINESTRING (112.933589 28.165654, 112.933592 28.165968)",1,34.92,residential,6,,,,auto,
315,,324,190,185,1,"LINESTRING (112.933592 28.165968, 112.933589 28.165654)",1,34.92,residential,6,,,,auto,
316,,325,185,184,1,"LINESTRING (112.933589 28.165654, 112.934586 28.165661)",1,97.74,residential,6,,,,auto,
317,,325,184,185,1,"LINESTRING (112.934586 28.165661, 112.933589 28.165654)",1,97.74,residential,6,,,,auto,
318,,326,195,193,1,"LINESTRING (112.933849 28.166663, 112.933688 28.166581)",1,18.23,residential,6,,,,auto,
319,,326,193,195,1,"LINESTRING (112.933688 28.166581, 112.933849 28.166663)",1,18.23,residential,6,,,,auto,
320,弦歌路,327,195,183,1,"LINESTRING (112.933849 28.166663, 112.934598 28.166669)",1,73.43,residential,6,,,,auto,
321,弦歌路,327,183,195,1,"LINESTRING (112.934598 28.166669, 112.933849 28.166663)",1,73.43,residential,6,,,,auto,
322,,328,195,182,1,"LINESTRING (112.933849 28.166663, 112.933846 28.167083)",1,46.70,residential,6,,,,auto,
323,,328,182,195,1,"LINESTRING (112.933846 28.167083, 112.933849 28.166663)",1,46.70,residential,6,,,,auto,
324,弦歌路,329,183,196,1,"LINESTRING (112.934598 28.166669, 112.93592 28.166651)",1,129.61,residential,6,,,,auto,
325,弦歌路,329,196,183,1,"LINESTRING (112.93592 28.166651, 112.934598 28.166669)",1,129.61,residential,6,,,,auto,
326,弦歌路,330,183,195,1,"LINESTRING (112.934598 28.166669, 112.933849 28.166663)",1,73.43,residential,6,,,,auto,
327,弦歌路,330,195,183,1,"LINESTRING (112.933849 28.166663, 112.934598 28.166669)",1,73.43,residential,6,,,,auto,
328,学达路,331,183,187,1,"LINESTRING (112.934598 28.166669, 112.934594 28.166319)",1,38.92,residential,6,,,,auto,
329,学达路,331,187,183,1,"LINESTRING (112.934594 28.166319, 112.934598 28.166669)",1,38.92,residential,6,,,,auto,
330,学达路,332,183,181,1,"LINESTRING (112.934598 28.166669, 112.934601 28.167067)",1,44.26,residential,6,,,,auto,
331,学达路,332,181,183,1,"LINESTRING (112.934601 28.167067, 112.934598 28.166669)",1,44.26,residential,6,,,,auto,
332,弦歌路,333,196,183,1,"LINESTRING (112.93592 28.166651, 112.934598 28.166669)",1,129.61,residential,6,,,,auto,
333,弦歌路,333,183,196,1,"LINESTRING (112.934598 28.166669, 112.93592 28.166651)",1,129.61,residential,6,,,,auto,
334,,334,196,197,1,"LINESTRING (112.93592 28.166651, 112.936064 28.166531)",1,19.42,residential,6,,,,auto,
335,,334,197,196,1,"LINESTRING (112.936064 28.166531, 112.93592 28.166651)",1,19.42,residential,6,,,,auto,
336,,335,196,198,1,"LINESTRING (112.93592 28.166651, 112.935952 28.167084)",1,48.25,residential,6,,,,auto,
337,,335,198,196,1,"LINESTRING (112.935952 28.167084, 112.93592 28.166651)",1,48.25,residential,6,,,,auto,
338,师南路,336,199,200,1,"LINESTRING (112.933846 28.167133, 112.93383 28.167463)",1,36.73,unclassified,20,,,,auto,
339,师南路,336,200,199,1,"LINESTRING (112.93383 28.167463, 112.933846 28.167133)",1,36.73,unclassified,20,,,,auto,
340,,337,199,182,1,"LINESTRING (112.933846 28.167133, 112.933846 28.167083)",1,5.56,residential,6,,,,auto,
341,,337,182,199,1,"LINESTRING (112.933846 28.167083, 112.933846 28.167133)",1,5.56,residential,6,,,,auto,
342,,338,193,191,1,"LINESTRING (112.933688 28.166581, 112.933597 28.166438)",1,18.23,residential,6,,,,auto,
343,,338,191,193,1,"LINESTRING (112.933597 28.166438, 112.933688 28.166581)",1,18.23,residential,6,,,,auto,
344,,339,193,195,1,"LINESTRING (112.933688 28.166581, 112.933849 28.166663)",1,18.23,residential,6,,,,auto,
345,,339,195,193,1,"LINESTRING (112.933849 28.166663, 112.933688 28.166581)",1,18.23,residential,6,,,,auto,
346,,342,182,195,1,"LINESTRING (112.933846 28.167083, 112.933849 28.166663)",1,46.70,residential,6,,,,auto,
347,,342,195,182,1,"LINESTRING (112.933849 28.166663, 112.933846 28.167083)",1,46.70,residential,6,,,,auto,
348,,343,182,199,1,"LINESTRING (112.933846 28.167083, 112.933846 28.167133)",1,5.56,residential,6,,,,auto,
349,,343,199,182,1,"LINESTRING (112.933846 28.167133, 112.933846 28.167083)",1,5.56,residential,6,,,,auto,
350,,344,182,181,1,"LINESTRING (112.933846 28.167083, 112.934601 28.167067)",1,74.03,residential,6,,,,auto,
351,,344,181,182,1,"LINESTRING (112.934601 28.167067, 112.933846 28.167083)",1,74.03,residential,6,,,,auto,
352,,345,201,202,1,"LINESTRING (112.92865 28.160475, 112.928608 28.160325)",1,17.18,residential,6,,,,auto,
353,,346,203,204,1,"LINESTRING (112.928565 28.159665, 112.928578 28.15956)",1,11.74,residential,6,,,,auto,
354,,347,205,206,1,"LINESTRING (112.928801 28.160865, 112.928718 28.160671)",1,23.06,residential,6,,,,auto,
355,,349,207,208,1,"LINESTRING (112.928405 28.16519, 112.928441 28.1651)",1,10.61,residential,6,,,,auto,
356,,349,208,207,1,"LINESTRING (112.928441 28.1651, 112.928405 28.16519)",1,10.61,residential,6,,,,auto,
357,,350,207,209,1,"LINESTRING (112.928405 28.16519, 112.928391 28.165228)",1,4.44,residential,6,,,,auto,
358,,350,209,207,1,"LINESTRING (112.928391 28.165228, 112.928405 28.16519)",1,4.44,residential,6,,,,auto,
359,,376,210,211,1,"LINESTRING (112.928859 28.160946, 112.928831 28.16091)",1,4.85,residential,6,,,,auto,
360,,395,115,113,1,"LINESTRING (112.931286 28.161369, 112.931286 28.161551)",1,20.24,residential,6,,,,auto,
361,,395,113,115,1,"LINESTRING (112.931286 28.161551, 112.931286 28.161369)",1,20.24,residential,6,,,,auto,
362,,396,115,39,1,"LINESTRING (112.931286 28.161369, 112.93128 28.161284)",1,9.47,residential,6,,,,auto,
363,,396,39,115,1,"LINESTRING (112.93128 28.161284, 112.931286 28.161369)",1,9.47,residential,6,,,,auto,
364,,398,212,213,1,"LINESTRING (112.92752 28.164318, 112.927386 28.164295)",1,13.38,residential,6,,,,auto,
365,,411,214,212,1,"LINESTRING (112.928516 28.164481, 112.92752 28.164318)",1,99.31,residential,6,,,,auto,
366,,412,214,215,1,"LINESTRING (112.928516 28.164481, 112.928521 28.164445)",1,4.03,residential,6,,,,auto,
367,,412,215,214,1,"LINESTRING (112.928521 28.164445, 112.928516 28.164481)",1,4.03,residential,6,,,,auto,
368,,413,214,216,1,"LINESTRING (112.928516 28.164481, 112.92846 28.164813)",1,37.32,residential,6,,,,auto,
369,,413,216,214,1,"LINESTRING (112.92846 28.164813, 112.928516 28.164481)",1,37.32,residential,6,,,,auto,
370,,426,217,218,1,"LINESTRING (112.930466 28.159999, 112.930514 28.160052)",1,7.54,residential,6,,,,auto,
371,,426,218,217,1,"LINESTRING (112.930514 28.160052, 112.930466 28.159999)",1,7.54,residential,6,,,,auto,
372,,427,217,219,1,"LINESTRING (112.930466 28.159999, 112.93035 28.160087)",1,15.00,secondary,4,40,2,,auto,
373,,429,220,177,1,"LINESTRING (112.930603 28.160104, 112.930625 28.160141)",1,4.65,residential,6,,,,auto,
374,,429,177,220,1,"LINESTRING (112.930625 28.160141, 112.930603 28.160104)",1,4.65,residential,6,,,,auto,
375,,430,220,218,1,"LINESTRING (112.930603 28.160104, 112.930514 28.160052)",1,10.47,residential,6,,,,auto,
376,,430,218,220,1,"LINESTRING (112.930514 28.160052, 112.930603 28.160104)",1,10.47,residential,6,,,,auto,
377,,434,177,112,1,"LINESTRING (112.930625 28.160141, 112.930856 28.16049)",1,44.93,residential,6,,,,auto,
378,,434,112,177,1,"LINESTRING (112.930856 28.16049, 112.930625 28.160141)",1,44.93,residential,6,,,,auto,
379,,435,177,220,1,"LINESTRING (112.930625 28.160141, 112.930603 28.160104)",1,4.65,residential,6,,,,auto,
380,,435,220,177,1,"LINESTRING (112.930603 28.160104, 112.930625 28.160141)",1,4.65,residential,6,,,,auto,
381,,437,37,36,1,"LINESTRING (112.931315 28.161997, 112.931315 28.162092)",1,10.56,residential,6,,,,auto,
382,,437,36,37,1,"LINESTRING (112.931315 28.162092, 112.931315 28.161997)",1,10.56,residential,6,,,,auto,
383,,438,37,104,1,"LINESTRING (112.931315 28.161997, 112.931314 28.161913)",1,9.34,residential,6,,,,auto,
384,,438,104,37,1,"LINESTRING (112.931314 28.161913, 112.931315 28.161997)",1,9.34,residential,6,,,,auto,
385,,461,221,222,1,"LINESTRING (112.92856 28.160083, 112.928554 28.15997)",1,12.58,residential,6,,,,auto,
386,,547,223,224,1,"LINESTRING (112.933962 28.159187, 112.933974 28.15923)",1,4.92,residential,6,,,,auto,
387,,547,224,223,1,"LINESTRING (112.933974 28.15923, 112.933962 28.159187)",1,4.92,residential,6,,,,auto,
388,,549,225,226,1,"LINESTRING (112.934032 28.159437, 112.934092 28.159632)",1,22.47,residential,6,,,,auto,
389,,549,226,225,1,"LINESTRING (112.934092 28.159632, 112.934032 28.159437)",1,22.47,residential,6,,,,auto,
390,,550,225,227,1,"LINESTRING (112.934032 28.159437, 112.934012 28.159367)",1,8.03,residential,6,,,,auto,
391,,550,227,225,1,"LINESTRING (112.934012 28.159367, 112.934032 28.159437)",1,8.03,residential,6,,,,auto,
392,,552,228,229,1,"LINESTRING (112.934232 28.160066, 112.934178 28.159899)",1,19.31,residential,6,,,,auto,
393,,552,229,228,1,"LINESTRING (112.934178 28.159899, 112.934232 28.160066)",1,19.31,residential,6,,,,auto,
394,后湖路,555,27,25,1,"LINESTRING (112.93494 28.159701, 112.935007 28.159771)",1,10.18,unclassified,20,,,,auto,
395,后湖路,555,25,27,1,"LINESTRING (112.935007 28.159771, 112.93494 28.159701)",1,10.18,unclassified,20,,,,auto,
396,后湖路,556,27,24,1,"LINESTRING (112.93494 28.159701, 112.93489 28.15964)",1,8.37,unclassified,20,,,,auto,
397,后湖路,556,24,27,1,"LINESTRING (112.93489 28.15964, 112.93494 28.159701)",1,8.37,unclassified,20,,,,auto,
398,后湖路,557,26,3,1,"LINESTRING (112.935087 28.159837, 112.935328 28.16)",1,29.78,unclassified,20,,,,auto,
399,后湖路,557,3,26,1,"LINESTRING (112.935328 28.16, 112.935087 28.159837)",1,29.78,unclassified,20,,,,auto,
400,后湖路,558,26,25,1,"LINESTRING (112.935087 28.159837, 112.935007 28.159771)",1,10.74,unclassified,20,,,,auto,
401,后湖路,558,25,26,1,"LINESTRING (112.935007 28.159771, 112.935087 28.159837)",1,10.74,unclassified,20,,,,auto,
402,,561,230,231,1,"LINESTRING (112.927469 28.163779, 112.927424 28.164065)",1,32.11,secondary,4,40,2,,auto,
403,,562,232,233,1,"LINESTRING (112.92739 28.163773, 112.927413 28.163615)",1,17.71,secondary,4,40,2,,auto,
404,求知路,563,234,235,1,"LINESTRING (112.926792 28.168009, 112.926801 28.167906)",1,11.49,tertiary,5,20,1,,auto,
405,麓山南路,564,236,28,1,"LINESTRING (112.926786 28.16732, 112.926845 28.167338)",1,6.12,secondary,4,40,2,,auto,
406,,565,237,238,1,"LINESTRING (112.93041 28.161736, 112.93043 28.16172)",1,2.65,residential,6,,,,auto,
407,,565,238,237,1,"LINESTRING (112.93043 28.16172, 112.93041 28.161736)",1,2.65,residential,6,,,,auto,
408,,566,237,103,1,"LINESTRING (112.93041 28.161736, 112.930392 28.161748)",1,2.21,residential,6,,,,auto,
409,,566,103,237,1,"LINESTRING (112.930392 28.161748, 112.93041 28.161736)",1,2.21,residential,6,,,,auto,
410,,567,116,113,1,"LINESTRING (112.930905 28.161554, 112.931286 28.161551)",1,37.35,residential,6,,,,auto,
411,,567,113,116,1,"LINESTRING (112.931286 28.161551, 112.930905 28.161554)",1,37.35,residential,6,,,,auto,
412,,568,116,239,1,"LINESTRING (112.930905 28.161554, 112.930856 28.161557)",1,4.82,residential,6,,,,auto,
413,,568,239,116,1,"LINESTRING (112.930856 28.161557, 112.930905 28.161554)",1,4.82,residential,6,,,,auto,
414,麓山南路,572,176,240,1,"LINESTRING (112.928184 28.167628, 112.928522 28.167695)",1,33.96,tertiary,5,40,2,,auto,
415,,573,241,28,1,"LINESTRING (112.926824 28.167415, 112.926845 28.167338)",1,8.81,secondary,4,40,2,,auto,
416,麓山南路,574,241,242,1,"LINESTRING (112.926824 28.167415, 112.926721 28.167384)",1,10.67,secondary,4,,2,,auto,
417,,575,243,244,1,"LINESTRING (112.927239 28.164832, 112.927317 28.164283)",1,61.52,secondary,4,40,2,,auto,
418,,576,245,246,1,"LINESTRING (112.931606 28.164882, 112.931603 28.164912)",1,3.35,residential,6,,,,auto,
419,,587,206,247,1,"LINESTRING (112.928718 28.160671, 112.928692 28.16059)",1,9.36,residential,6,,,,auto,
420,,588,202,248,1,"LINESTRING (112.928608 28.160325, 112.928582 28.1602)",1,14.13,residential,6,,,,auto,
421,,593,39,115,1,"LINESTRING (112.93128 28.161284, 112.931286 28.161369)",1,9.47,residential,6,,,,auto,
422,,593,115,39,1,"LINESTRING (112.931286 28.161369, 112.93128 28.161284)",1,9.47,residential,6,,,,auto,
423,,594,39,38,1,"LINESTRING (112.93128 28.161284, 112.931266 28.161053)",1,25.72,residential,6,,,,auto,
424,,594,38,39,1,"LINESTRING (112.931266 28.161053, 112.93128 28.161284)",1,25.72,residential,6,,,,auto,
425,,597,138,82,1,"LINESTRING (112.932282 28.162862, 112.932291 28.162785)",1,8.61,residential,6,,1,,auto,
426,,597,82,138,1,"LINESTRING (112.932291 28.162785, 112.932282 28.162862)",1,8.61,residential,6,,1,,auto,
427,,598,138,109,1,"LINESTRING (112.932282 28.162862, 112.932175 28.163796)",1,104.38,residential,6,,1,,auto,
428,,598,109,138,1,"LINESTRING (112.932175 28.163796, 112.932282 28.162862)",1,104.38,residential,6,,1,,auto,
429,,599,105,104,1,"LINESTRING (112.931307 28.1618, 112.931314 28.161913)",1,12.58,residential,6,,,,auto,
430,,599,104,105,1,"LINESTRING (112.931314 28.161913, 112.931307 28.1618)",1,12.58,residential,6,,,,auto,
431,,600,105,114,1,"LINESTRING (112.931307 28.1618, 112.931286 28.161566)",1,26.10,residential,6,,,,auto,
432,,600,114,105,1,"LINESTRING (112.931286 28.161566, 112.931307 28.1618)",1,26.10,residential,6,,,,auto,
433,,658,249,250,1,"LINESTRING (112.929366 28.161314, 112.929286 28.161229)",1,12.28,residential,6,,,,auto,
434,,659,169,251,1,"LINESTRING (112.929762 28.160454, 112.930033 28.160242)",1,35.52,secondary,4,40,2,,auto,
435,后湖路,673,22,23,1,"LINESTRING (112.93482 28.159466, 112.934848 28.159567)",1,11.56,unclassified,20,,,,auto,
436,后湖路,673,23,22,1,"LINESTRING (112.934848 28.159567, 112.93482 28.159466)",1,11.56,unclassified,20,,,,auto,
437,后湖路,674,22,21,1,"LINESTRING (112.93482 28.159466, 112.934807 28.15934)",1,14.07,unclassified,20,,,,auto,
438,后湖路,674,21,22,1,"LINESTRING (112.934807 28.15934, 112.93482 28.159466)",1,14.07,unclassified,20,,,,auto,
439,,678,252,253,1,"LINESTRING (112.928338 28.165536, 112.92835 28.165424)",1,12.51,residential,6,,,,auto,
440,,678,253,252,1,"LINESTRING (112.92835 28.165424, 112.928338 28.165536)",1,12.51,residential,6,,,,auto,
441,,679,166,254,1,"LINESTRING (112.928678 28.163564, 112.928736 28.163172)",1,43.96,residential,6,,,,auto,
442,,679,254,166,1,"LINESTRING (112.928736 28.163172, 112.928678 28.163564)",1,43.96,residential,6,,,,auto,
443,,680,166,165,1,"LINESTRING (112.928678 28.163564, 112.928646 28.163766)",1,22.68,residential,6,,,,auto,
444,,680,165,166,1,"LINESTRING (112.928646 28.163766, 112.928678 28.163564)",1,22.68,residential,6,,,,auto,
445,,681,255,256,1,"LINESTRING (112.928986 28.162872, 112.929048 28.162818)",1,8.54,residential,6,,,,auto,
446,,681,256,255,1,"LINESTRING (112.929048 28.162818, 112.928986 28.162872)",1,8.54,residential,6,,,,auto,
447,,682,255,257,1,"LINESTRING (112.928986 28.162872, 112.928827 28.163017)",1,22.43,residential,6,,,,auto,
448,,682,257,255,1,"LINESTRING (112.928827 28.163017, 112.928986 28.162872)",1,22.43,residential,6,,,,auto,
449,,683,257,255,1,"LINESTRING (112.928827 28.163017, 112.928986 28.162872)",1,22.43,residential,6,,,,auto,
450,,683,255,257,1,"LINESTRING (112.928986 28.162872, 112.928827 28.163017)",1,22.43,residential,6,,,,auto,
451,,684,257,258,1,"LINESTRING (112.928827 28.163017, 112.928786 28.16306)",1,6.25,residential,6,,,,auto,
452,,684,258,257,1,"LINESTRING (112.928786 28.16306, 112.928827 28.163017)",1,6.25,residential,6,,,,auto,
453,,686,167,165,1,"LINESTRING (112.928576 28.164118, 112.928646 28.163766)",1,39.74,residential,6,,,,auto,
454,,686,165,167,1,"LINESTRING (112.928646 28.163766, 112.928576 28.164118)",1,39.74,residential,6,,,,auto,
455,,687,167,215,1,"LINESTRING (112.928576 28.164118, 112.928521 28.164445)",1,36.76,residential,6,,,,auto,
456,,687,215,167,1,"LINESTRING (112.928521 28.164445, 112.928576 28.164118)",1,36.76,residential,6,,,,auto,
457,,688,259,260,1,"LINESTRING (112.929803 28.160514, 112.929595 28.16068)",1,27.50,secondary,4,40,2,,auto,
458,,689,261,262,1,"LINESTRING (112.929303 28.160912, 112.929125 28.161051)",1,23.31,secondary,4,40,2,,auto,
459,,690,55,75,1,"LINESTRING (112.928185 28.161941, 112.928089 28.162076)",1,17.72,secondary,4,40,2,,auto,
460,,691,59,63,1,"LINESTRING (112.927765 28.162636, 112.927683 28.162835)",1,23.54,secondary,4,40,2,,auto,
461,,692,73,230,1,"LINESTRING (112.927516 28.163478, 112.927469 28.163779)",1,33.79,secondary,4,40,2,,auto,
462,,693,263,264,1,"LINESTRING (112.927229 28.165439, 112.927187 28.165708)",1,30.19,secondary,4,40,2,,auto,
463,后湖路,696,265,266,1,"LINESTRING (112.93291 28.159152, 112.93299 28.159367)",1,25.16,secondary,4,,4,,auto,
464,后湖路,697,267,268,1,"LINESTRING (112.933087 28.159648, 112.933141 28.159907)",1,29.28,secondary,4,,4,,auto,
465,后湖路,698,269,270,1,"LINESTRING (112.93319 28.160125, 112.93325 28.160379)",1,28.85,secondary,4,,4,,auto,
466,后湖路,699,271,272,1,"LINESTRING (112.933854 28.162919, 112.933921 28.163147)",1,26.19,secondary,4,,4,,auto,
467,后湖路,700,273,274,1,"LINESTRING (112.934143 28.163677, 112.9346 28.164543)",1,106.21,secondary,4,,4,,auto,
468,后湖路,701,275,276,1,"LINESTRING (112.934997 28.165267, 112.935104 28.165417)",1,19.70,secondary,4,,4,,auto,
469,后湖路,702,277,278,1,"LINESTRING (112.935762 28.166205, 112.936084 28.166468)",1,43.03,secondary,4,,4,,auto,
470,,708,15,14,1,"LINESTRING (112.936206 28.165551, 112.936287 28.165443)",1,14.40,unclassified,20,,,,auto,
471,,708,14,15,1,"LINESTRING (112.936287 28.165443, 112.936206 28.165551)",1,14.40,unclassified,20,,,,auto,
472,,709,15,279,1,"LINESTRING (112.936206 28.165551, 112.935802 28.165784)",1,47.33,unclassified,20,,,,auto,
473,,709,279,15,1,"LINESTRING (112.935802 28.165784, 112.936206 28.165551)",1,47.33,unclassified,20,,,,auto,
474,,710,279,15,1,"LINESTRING (112.935802 28.165784, 112.936206 28.165551)",1,47.33,unclassified,20,,,,auto,
475,,710,15,279,1,"LINESTRING (112.936206 28.165551, 112.935802 28.165784)",1,47.33,unclassified,20,,,,auto,
476,,711,279,17,1,"LINESTRING (112.935802 28.165784, 112.935516 28.165935)",1,32.68,unclassified,20,,,,auto,
477,,711,17,279,1,"LINESTRING (112.935516 28.165935, 112.935802 28.165784)",1,32.68,unclassified,20,,,,auto,
478,后湖路,712,17,280,1,"LINESTRING (112.935516 28.165935, 112.935624 28.166062)",1,17.65,secondary,4,,4,,auto,
479,,713,17,279,1,"LINESTRING (112.935516 28.165935, 112.935802 28.165784)",1,32.68,unclassified,20,,,,auto,
480,,713,279,17,1,"LINESTRING (112.935802 28.165784, 112.935516 28.165935)",1,32.68,unclassified,20,,,,auto,
481,麓山南路,714,281,282,1,"LINESTRING (112.927185 28.167432, 112.927316 28.167463)",1,13.30,secondary,4,40,2,,auto,
482,,715,283,284,1,"LINESTRING (112.927104 28.166431, 112.92702 28.16709)",1,73.74,secondary,4,40,2,,auto,
483,,716,285,286,1,"LINESTRING (112.92696 28.16653, 112.927002 28.166313)",1,24.48,secondary,4,40,2,,auto,
484,,717,287,243,1,"LINESTRING (112.927096 28.165779, 112.927239 28.164832)",1,106.23,secondary,4,40,2,,auto,
485,,718,288,289,1,"LINESTRING (112.927048 28.166102, 112.927082 28.165873)",1,25.68,secondary,4,40,2,,auto,
486,,719,286,288,1,"LINESTRING (112.927002 28.166313, 112.927048 28.166102)",1,23.89,secondary,4,40,2,,auto,
487,,720,290,291,1,"LINESTRING (112.927147 28.165939, 112.927119 28.166142)",1,22.74,secondary,4,40,2,,auto,
488,,721,291,283,1,"LINESTRING (112.927119 28.166142, 112.927104 28.166431)",1,32.17,secondary,4,40,2,,auto,
489,麓山南路,722,170,241,1,"LINESTRING (112.926969 28.167446, 112.926824 28.167415)",1,14.63,secondary,4,,2,,auto,
490,清水路,723,170,292,1,"LINESTRING (112.926969 28.167446, 112.926969 28.167479)",1,3.67,secondary,4,40,2,,auto,
491,麓山南路,724,293,294,1,"LINESTRING (112.927195 28.167489, 112.927079 28.167467)",1,11.63,tertiary,5,,1,,auto,
492,,725,295,296,1,"LINESTRING (112.926839 28.167773, 112.926812 28.167767)",1,2.73,secondary,4,5,,,auto,
493,,726,297,298,1,"LINESTRING (112.927016 28.167671, 112.927001 28.167704)",1,3.95,secondary,4,5,,,auto,
494,,727,299,300,1,"LINESTRING (112.9269 28.167499, 112.926933 28.16751)",1,3.46,secondary,4,5,,,auto,
495,,728,301,302,1,"LINESTRING (112.926988 28.167548, 112.927007 28.167576)",1,3.63,secondary,4,5,,,auto,
496,,729,296,303,1,"LINESTRING (112.926812 28.167767, 112.926787 28.167757)",1,2.69,secondary,4,5,,,auto,
497,,730,304,305,1,"LINESTRING (112.926764 28.167744, 112.926744 28.167727)",1,2.72,secondary,4,5,,,auto,
498,,731,306,307,1,"LINESTRING (112.92672 28.167696, 112.926707 28.167661)",1,4.10,secondary,4,5,,,auto,
499,,732,307,308,1,"LINESTRING (112.926707 28.167661, 112.926705 28.167624)",1,4.12,secondary,4,5,,,auto,
500,,733,308,309,1,"LINESTRING (112.926705 28.167624, 112.926714 28.167586)",1,4.32,secondary,4,5,,,auto,
501,,734,308,310,1,"LINESTRING (112.926705 28.167624, 112.926706 28.16758)",1,4.89,secondary,4,,,,auto,
502,,735,309,311,1,"LINESTRING (112.926714 28.167586, 112.926736 28.167552)",1,4.35,secondary,4,5,,,auto,
503,,736,311,312,1,"LINESTRING (112.926736 28.167552, 112.926766 28.167524)",1,4.28,secondary,4,5,,,auto,
504,,737,312,313,1,"LINESTRING (112.926766 28.167524, 112.926797 28.167508)",1,3.52,secondary,4,5,,,auto,
505,清水路,738,312,314,1,"LINESTRING (112.926766 28.167524, 112.926794 28.167482)",1,5.42,secondary,4,40,2,,auto,
506,,739,315,316,1,"LINESTRING (112.92683 28.167498, 112.926865 28.167495)",1,3.45,secondary,4,5,,,auto,
507,,740,316,299,1,"LINESTRING (112.926865 28.167495, 112.9269 28.167499)",1,3.46,secondary,4,5,,,auto,
508,,741,300,317,1,"LINESTRING (112.926933 28.16751, 112.926963 28.167526)",1,3.44,secondary,4,5,,,auto,
509,,742,302,172,1,"LINESTRING (112.927007 28.167576, 112.927018 28.167607)",1,3.61,secondary,4,5,,,auto,
510,,743,173,297,1,"LINESTRING (112.927022 28.167639, 112.927016 28.167671)",1,3.61,secondary,4,5,,,auto,
511,,744,298,174,1,"LINESTRING (112.927001 28.167704, 112.926977 28.167732)",1,3.90,secondary,4,5,,,auto,
512,,745,318,319,1,"LINESTRING (112.926921 28.167765, 112.926894 28.167772)",1,2.76,secondary,4,5,,,auto,
513,,746,320,295,1,"LINESTRING (112.926867 28.167775, 112.926839 28.167773)",1,2.75,secondary,4,5,,,auto,
514,清水路,747,292,321,1,"LINESTRING (112.926969 28.167479, 112.926974 28.167507)",1,3.15,secondary,4,40,2,,auto,
515,清水路,748,321,301,1,"LINESTRING (112.926974 28.167507, 112.926988 28.167548)",1,4.76,secondary,4,40,2,,auto,
516,清水路,749,322,241,1,"LINESTRING (112.926811 28.167445, 112.926824 28.167415)",1,3.57,secondary,4,40,2,,auto,
517,清水路,750,314,322,1,"LINESTRING (112.926794 28.167482, 112.926811 28.167445)",1,4.44,secondary,4,40,2,,auto,
518,求知路,751,323,324,1,"LINESTRING (112.9268 28.167851, 112.926797 28.167834)",1,1.91,tertiary,5,20,1,,auto,
519,求知路,752,325,326,1,"LINESTRING (112.92679 28.167809, 112.926776 28.167776)",1,3.92,tertiary,5,20,1,,auto,
520,求知路,753,326,327,1,"LINESTRING (112.926776 28.167776, 112.926765 28.167756)",1,2.47,tertiary,5,20,1,,auto,
521,求知路,754,327,305,1,"LINESTRING (112.926765 28.167756, 112.926744 28.167727)",1,3.83,tertiary,5,20,1,,auto,
522,求知路,755,328,329,1,"LINESTRING (112.926845 28.16794, 112.926835 28.167998)",1,6.52,tertiary,5,20,1,,auto,
523,求知路,756,330,331,1,"LINESTRING (112.926893 28.167809, 112.926875 28.16784)",1,3.87,tertiary,5,20,1,,auto,
524,求知路,757,175,332,1,"LINESTRING (112.926946 28.167754, 112.926916 28.167778)",1,3.97,tertiary,5,20,1,,auto,
525,,758,175,318,1,"LINESTRING (112.926946 28.167754, 112.926921 28.167765)",1,2.74,secondary,4,5,,,auto,
526,,759,310,333,1,"LINESTRING (112.926706 28.16758, 112.926695 28.167522)",1,6.54,secondary,4,,,,auto,
527,,760,333,334,1,"LINESTRING (112.926695 28.167522, 112.926677 28.167459)",1,7.22,secondary,4,,,,auto,
528,,761,334,335,1,"LINESTRING (112.926677 28.167459, 112.926655 28.167413)",1,5.55,secondary,4,,,,auto,
529,麓山南路,762,336,337,1,"LINESTRING (112.92753 28.167554, 112.927303 28.167507)",1,22.86,tertiary,5,,1,,auto,
530,麓山南路,763,338,336,1,"LINESTRING (112.927671 28.167582, 112.92753 28.167554)",1,14.17,tertiary,5,,1,,auto,
531,,764,337,339,1,"LINESTRING (112.927303 28.167507, 112.927242 28.167515)",1,6.05,secondary,4,,,,auto,
532,麓山南路,765,337,293,1,"LINESTRING (112.927303 28.167507, 112.927195 28.167489)",1,10.77,tertiary,5,,1,,auto,
533,,766,339,340,1,"LINESTRING (112.927242 28.167515, 112.927199 28.167529)",1,4.49,secondary,4,,,,auto,
534,,767,340,341,1,"LINESTRING (112.927199 28.167529, 112.927159 28.16755)",1,4.56,secondary,4,,,,auto,
535,,768,341,342,1,"LINESTRING (112.927159 28.16755, 112.927128 28.167569)",1,3.70,secondary,4,,,,auto,
536,,769,343,344,1,"LINESTRING (112.927095 28.167592, 112.927056 28.167626)",1,5.38,secondary,4,,,,auto,
537,,770,344,297,1,"LINESTRING (112.927056 28.167626, 112.927016 28.167671)",1,6.36,secondary,4,,,,auto,
538,新民路,771,345,346,1,"LINESTRING (112.927916 28.167631, 112.927904 28.167708)",1,8.64,residential,6,,1,,auto,
539,新民路,771,346,345,1,"LINESTRING (112.927904 28.167708, 112.927916 28.167631)",1,8.64,residential,6,,1,,auto,
540,麓山南路,772,345,338,1,"LINESTRING (112.927916 28.167631, 112.927671 28.167582)",1,24.63,tertiary,5,,1,,auto,
541,,773,347,348,1,"LINESTRING (112.92667 28.167199, 112.926738 28.167171)",1,7.36,secondary,4,,,,auto,
542,,774,348,349,1,"LINESTRING (112.926738 28.167171, 112.9268 28.167129)",1,7.66,secondary,4,,,,auto,
543,,775,349,350,1,"LINESTRING (112.9268 28.167129, 112.926851 28.167082)",1,7.23,secondary,4,,,,auto,
544,,776,350,29,1,"LINESTRING (112.926851 28.167082, 112.926891 28.167013)",1,8.62,secondary,4,,,,auto,
545,,777,29,285,1,"LINESTRING (112.926891 28.167013, 112.92696 28.16653)",1,54.13,secondary,4,40,2,,auto,
546,,778,244,351,1,"LINESTRING (112.927317 28.164283, 112.927322 28.164246)",1,4.14,secondary,4,40,2,,auto,
547,,779,233,52,1,"LINESTRING (112.927413 28.163615, 112.927447 28.163388)",1,25.46,secondary,4,40,2,,auto,
548,,780,231,352,1,"LINESTRING (112.927424 28.164065, 112.927391 28.16426)",1,21.92,secondary,4,40,2,,auto,
549,,781,353,354,1,"LINESTRING (112.927323 28.164729, 112.927269 28.16515)",1,47.11,secondary,4,40,2,,auto,
550,,782,354,263,1,"LINESTRING (112.927269 28.16515, 112.927229 28.165439)",1,32.37,secondary,4,40,2,,auto,
551,,783,264,355,1,"LINESTRING (112.927187 28.165708, 112.927157 28.165883)",1,19.68,secondary,4,40,2,,auto,
552,,784,356,232,1,"LINESTRING (112.927362 28.163964, 112.92739 28.163773)",1,21.41,secondary,4,40,2,,auto,
553,,785,357,259,1,"LINESTRING (112.929881 28.160452, 112.929803 28.160514)",1,10.30,secondary,4,40,2,,auto,
554,,786,260,261,1,"LINESTRING (112.929595 28.16068, 112.929303 28.160912)",1,38.53,secondary,4,40,2,,auto,
555,,787,358,359,1,"LINESTRING (112.929351 28.16078, 112.929563 28.160617)",1,27.58,secondary,4,40,2,,auto,
556,,788,359,168,1,"LINESTRING (112.929563 28.160617, 112.929739 28.160473)",1,23.54,secondary,4,40,2,,auto,
557,,789,360,358,1,"LINESTRING (112.929181 28.160912, 112.929351 28.16078)",1,22.21,secondary,4,40,2,,auto,
558,,790,50,45,1,"LINESTRING (112.928385 28.1616, 112.928481 28.161502)",1,14.40,secondary,4,40,2,,auto,
559,,791,219,361,1,"LINESTRING (112.93035 28.160087, 112.930113 28.160267)",1,30.67,secondary,4,40,2,,auto,
560,,792,362,65,1,"LINESTRING (112.930295 28.160033, 112.930537 28.15985)",1,31.26,secondary,4,40,2,,auto,
561,,793,251,362,1,"LINESTRING (112.930033 28.160242, 112.930295 28.160033)",1,34.64,secondary,4,40,2,,auto,
562,,794,361,357,1,"LINESTRING (112.930113 28.160267, 112.929881 28.160452)",1,30.67,secondary,4,40,2,,auto,
563,,795,363,364,1,"LINESTRING (112.93122 28.159395, 112.930949 28.159621)",1,36.57,secondary,4,40,2,,auto,
564,,796,364,365,1,"LINESTRING (112.930949 28.159621, 112.930734 28.159787)",1,28.02,secondary,4,40,2,,auto,
565,,797,365,217,1,"LINESTRING (112.930734 28.159787, 112.930466 28.159999)",1,35.30,secondary,4,40,2,,auto,
566,,798,284,366,1,"LINESTRING (112.92702 28.16709, 112.927028 28.167166)",1,8.49,secondary,4,,,,auto,
567,清水路,799,284,30,1,"LINESTRING (112.92702 28.16709, 112.926983 28.167378)",1,32.23,secondary,4,40,2,,auto,
568,,800,367,368,1,"LINESTRING (112.927043 28.167214, 112.927075 28.167271)",1,7.07,secondary,4,,,,auto,
569,,801,368,369,1,"LINESTRING (112.927075 28.167271, 112.927115 28.167329)",1,7.55,secondary,4,,,,auto,
570,,802,370,371,1,"LINESTRING (112.927172 28.167383, 112.927237 28.167425)",1,7.90,secondary,4,,,,auto,
571,,803,371,282,1,"LINESTRING (112.927237 28.167425, 112.927316 28.167463)",1,8.82,secondary,4,,,,auto,
572,麓山南路,804,282,18,1,"LINESTRING (112.927316 28.167463, 112.927418 28.167484)",1,10.27,tertiary,5,40,2,,auto,
573,,805,313,315,1,"LINESTRING (112.926797 28.167508, 112.92683 28.167498)",1,3.42,secondary,4,5,,,auto,
574,,806,317,301,1,"LINESTRING (112.926963 28.167526, 112.926988 28.167548)",1,3.46,secondary,4,5,,,auto,
575,麓山南路,807,372,236,1,"LINESTRING (112.926725 28.167297, 112.926786 28.16732)",1,6.50,secondary,4,40,2,,auto,
576,麓山南路,808,171,281,1,"LINESTRING (112.927092 28.167409, 112.927185 28.167432)",1,9.47,secondary,4,40,2,,auto,
577,,809,369,370,1,"LINESTRING (112.927115 28.167329, 112.927172 28.167383)",1,8.20,secondary,4,,,,auto,
578,,810,366,367,1,"LINESTRING (112.927028 28.167166, 112.927043 28.167214)",1,5.54,secondary,4,,,,auto,
579,,811,342,343,1,"LINESTRING (112.927128 28.167569, 112.927095 28.167592)",1,4.12,secondary,4,,,,auto,
580,麓山南路,812,294,170,1,"LINESTRING (112.927079 28.167467, 112.926969 28.167446)",1,11.03,tertiary,5,,1,,auto,
581,求知路,813,235,323,1,"LINESTRING (112.926801 28.167906, 112.9268 28.167851)",1,6.12,tertiary,5,20,1,,auto,
582,,814,305,306,1,"LINESTRING (112.926744 28.167727, 112.92672 28.167696)",1,4.17,secondary,4,5,,,auto,
583,,815,303,304,1,"LINESTRING (112.926787 28.167757, 112.926764 28.167744)",1,2.68,secondary,4,5,,,auto,
584,,816,319,320,1,"LINESTRING (112.926894 28.167772, 112.926867 28.167775)",1,2.67,secondary,4,5,,,auto,
585,求知路,817,373,328,1,"LINESTRING (112.92686 28.167886, 112.926845 28.16794)",1,6.18,tertiary,5,20,1,,auto,
586,求知路,818,331,373,1,"LINESTRING (112.926875 28.16784, 112.92686 28.167886)",1,5.32,tertiary,5,20,1,,auto,
587,求知路,819,332,330,1,"LINESTRING (112.926916 28.167778, 112.926893 28.167809)",1,4.12,tertiary,5,20,1,,auto,
588,,820,374,375,1,"LINESTRING (112.926793 28.165844, 112.926949 28.165849)",1,15.30,unclassified,20,,,,auto,
589,,821,375,376,1,"LINESTRING (112.926949 28.165849, 112.927002 28.165843)",1,5.24,unclassified,20,,,,auto,
590,,822,355,290,1,"LINESTRING (112.927157 28.165883, 112.927147 28.165939)",1,6.30,secondary,4,40,2,,auto,
591,,823,289,287,1,"LINESTRING (112.927082 28.165873, 112.927096 28.165779)",1,10.54,secondary,4,40,2,,auto,
592,,824,376,377,1,"LINESTRING (112.927002 28.165843, 112.927045 28.165822)",1,4.82,unclassified,20,,,,auto,
593,,825,377,287,1,"LINESTRING (112.927045 28.165822, 112.927096 28.165779)",1,6.92,unclassified,20,,,,auto,
594,新民路,826,346,378,1,"LINESTRING (112.927904 28.167708, 112.927899 28.167736)",1,3.15,residential,6,,1,,auto,
595,新民路,826,378,346,1,"LINESTRING (112.927899 28.167736, 112.927904 28.167708)",1,3.15,residential,6,,1,,auto,
596,新民路,827,346,345,1,"LINESTRING (112.927904 28.167708, 112.927916 28.167631)",1,8.64,residential,6,,1,,auto,
597,新民路,827,345,346,1,"LINESTRING (112.927916 28.167631, 112.927904 28.167708)",1,8.64,residential,6,,1,,auto,
598,,828,213,353,1,"LINESTRING (112.927386 28.164295, 112.927323 28.164729)",1,48.65,secondary,4,40,2,,auto,
599,,829,213,244,1,"LINESTRING (112.927386 28.164295, 112.927317 28.164283)",1,6.89,residential,6,,,,auto,
600,,830,218,220,1,"LINESTRING (112.930514 28.160052, 112.930603 28.160104)",1,10.47,residential,6,,,,auto,
601,,830,220,218,1,"LINESTRING (112.930603 28.160104, 112.930514 28.160052)",1,10.47,residential,6,,,,auto,
602,,831,218,217,1,"LINESTRING (112.930514 28.160052, 112.930466 28.159999)",1,7.54,residential,6,,,,auto,
603,,831,217,218,1,"LINESTRING (112.930466 28.159999, 112.930514 28.160052)",1,7.54,residential,6,,,,auto,
604,麓山南路,832,240,379,1,"LINESTRING (112.928522 28.167695, 112.928715 28.167744)",1,19.69,tertiary,5,40,2,,auto,
605,麓山南路,833,379,380,1,"LINESTRING (112.928715 28.167744, 112.928912 28.167809)",1,20.62,tertiary,5,40,2,,auto,
606,麓山南路,834,381,345,1,"LINESTRING (112.928403 28.167716, 112.927916 28.167631)",1,48.67,tertiary,5,,1,,auto,
607,麓山南路,835,382,381,1,"LINESTRING (112.928644 28.16777, 112.928403 28.167716)",1,24.38,tertiary,5,,1,,auto,
608,麓山南路,836,383,382,1,"LINESTRING (112.928842 28.167825, 112.928644 28.16777)",1,20.35,tertiary,5,,1,,auto,
609,麓山南路,837,384,383,1,"LINESTRING (112.929036 28.167896, 112.928842 28.167825)",1,20.59,tertiary,5,,1,,auto,
610,,838,385,210,1,"LINESTRING (112.928889 28.160985, 112.928859 28.160946)",1,5.24,residential,6,,,,auto,
611,,839,248,221,1,"LINESTRING (112.928582 28.1602, 112.92856 28.160083)",1,13.19,residential,6,,,,auto,
612,,840,222,203,1,"LINESTRING (112.928554 28.15997, 112.928565 28.159665)",1,33.93,residential,6,,,,auto,
613,,841,386,387,1,"LINESTRING (112.9286 28.159443, 112.928626 28.159349)",1,10.76,residential,6,,,,auto,
614,,842,204,386,1,"LINESTRING (112.928578 28.15956, 112.9286 28.159443)",1,13.19,residential,6,,,,auto,
615,,843,71,360,1,"LINESTRING (112.929068 28.160999, 112.929181 28.160912)",1,14.71,secondary,4,40,2,,auto,
616,,844,71,262,1,"LINESTRING (112.929068 28.160999, 112.929125 28.161051)",1,8.04,residential,6,,,,auto,
617,,845,388,71,1,"LINESTRING (112.928992 28.160925, 112.929068 28.160999)",1,11.10,residential,6,,,,auto,
618,,846,389,388,1,"LINESTRING (112.928916 28.160842, 112.928992 28.160925)",1,11.86,residential,6,,,,auto,
619,,847,390,389,1,"LINESTRING (112.92885 28.160753, 112.928916 28.160842)",1,11.82,residential,6,,,,auto,
620,,848,391,390,1,"LINESTRING (112.928734 28.160495, 112.92885 28.160753)",1,30.86,residential,6,,,,auto,
621,,849,392,391,1,"LINESTRING (112.928672 28.160344, 112.928734 28.160495)",1,17.86,residential,6,,,,auto,
622,,850,393,392,1,"LINESTRING (112.92865 28.160254, 112.928672 28.160344)",1,10.24,residential,6,,,,auto,
623,,851,394,393,1,"LINESTRING (112.928628 28.160099, 112.92865 28.160254)",1,17.37,residential,6,,,,auto,
624,,852,395,394,1,"LINESTRING (112.928615 28.159919, 112.928628 28.160099)",1,20.06,residential,6,,,,auto,
625,,853,396,395,1,"LINESTRING (112.928619 28.159715, 112.928615 28.159919)",1,22.69,residential,6,,,,auto,
626,,854,397,396,1,"LINESTRING (112.928645 28.159542, 112.928619 28.159715)",1,19.40,residential,6,,,,auto,
627,,855,398,397,1,"LINESTRING (112.928689 28.159355, 112.928645 28.159542)",1,21.24,residential,6,,,,auto,
628,,856,399,400,1,"LINESTRING (112.928757 28.159149, 112.928724 28.159249)",1,11.58,residential,6,,,,auto,
629,后湖路,857,266,267,1,"LINESTRING (112.93299 28.159367, 112.933087 28.159648)",1,32.66,secondary,4,,4,,auto,
630,后湖路,858,268,269,1,"LINESTRING (112.933141 28.159907, 112.93319 28.160125)",1,24.71,secondary,4,,4,,auto,
631,后湖路,859,270,401,1,"LINESTRING (112.93325 28.160379, 112.933296 28.160606)",1,25.64,secondary,4,,4,,auto,
632,后湖路,860,401,402,1,"LINESTRING (112.933296 28.160606, 112.933406 28.16106)",1,51.62,secondary,4,,4,,auto,
633,后湖路,861,402,403,1,"LINESTRING (112.933406 28.16106, 112.933563 28.161568)",1,58.55,secondary,4,,4,,auto,
634,后湖路,862,403,404,1,"LINESTRING (112.933563 28.161568, 112.933635 28.161856)",1,32.79,secondary,4,,4,,auto,
635,后湖路,863,404,405,1,"LINESTRING (112.933635 28.161856, 112.933712 28.162225)",1,41.72,secondary,4,,4,,auto,
636,后湖路,864,406,271,1,"LINESTRING (112.93381 28.16275, 112.933854 28.162919)",1,19.28,secondary,4,,4,,auto,
637,后湖路,865,272,407,1,"LINESTRING (112.933921 28.163147, 112.934031 28.163434)",1,33.69,secondary,4,,4,,auto,
638,后湖路,866,407,273,1,"LINESTRING (112.934031 28.163434, 112.934143 28.163677)",1,29.17,secondary,4,,4,,auto,
639,后湖路,867,408,409,1,"LINESTRING (112.932902 28.159295, 112.932807 28.159112)",1,22.38,secondary,4,,,,auto,
640,后湖路,868,410,408,1,"LINESTRING (112.932949 28.159401, 112.932902 28.159295)",1,12.66,secondary,4,,,,auto,
641,后湖路,869,411,410,1,"LINESTRING (112.933022 28.159616, 112.932949 28.159401)",1,24.96,secondary,4,,,,auto,
642,后湖路,870,412,411,1,"LINESTRING (112.933068 28.159798, 112.933022 28.159616)",1,20.73,secondary,4,,,,auto,
643,后湖路,871,413,412,1,"LINESTRING (112.93312 28.159997, 112.933068 28.159798)",1,22.71,secondary,4,,,,auto,
644,后湖路,872,414,413,1,"LINESTRING (112.933207 28.160473, 112.93312 28.159997)",1,53.61,secondary,4,,,,auto,
645,后湖路,873,415,414,1,"LINESTRING (112.933226 28.160596, 112.933207 28.160473)",1,13.80,secondary,4,,,,auto,
646,后湖路,874,416,415,1,"LINESTRING (112.933286 28.160859, 112.933226 28.160596)",1,29.83,secondary,4,,,,auto,
647,后湖路,875,417,418,1,"LINESTRING (112.933519 28.16167, 112.933479 28.161502)",1,19.09,secondary,4,,,,auto,
648,后湖路,876,419,417,1,"LINESTRING (112.933578 28.161939, 112.933519 28.16167)",1,30.47,secondary,4,,,,auto,
649,后湖路,877,420,421,1,"LINESTRING (112.933682 28.162412, 112.933645 28.162243)",1,19.14,secondary,4,,,,auto,
650,后湖路,878,422,420,1,"LINESTRING (112.933781 28.162847, 112.933682 28.162412)",1,49.33,secondary,4,,,,auto,
651,后湖路,879,423,422,1,"LINESTRING (112.933861 28.163142, 112.933781 28.162847)",1,33.73,secondary,4,,,,auto,
652,后湖路,880,424,423,1,"LINESTRING (112.933942 28.163358, 112.933861 28.163142)",1,25.30,secondary,4,,,,auto,
653,后湖路,881,425,424,1,"LINESTRING (112.934042 28.163594, 112.933942 28.163358)",1,28.01,secondary,4,,,,auto,
654,后湖路,882,426,425,1,"LINESTRING (112.934224 28.163959, 112.934042 28.163594)",1,44.33,secondary,4,,,,auto,
655,后湖路,883,427,426,1,"LINESTRING (112.934419 28.164322, 112.934224 28.163959)",1,44.66,secondary,4,,,,auto,
656,后湖路,884,274,428,1,"LINESTRING (112.9346 28.164543, 112.934831 28.164975)",1,53.11,secondary,4,,4,,auto,
657,后湖路,885,428,429,1,"LINESTRING (112.934831 28.164975, 112.934919 28.165126)",1,18.88,secondary,4,,4,,auto,
658,后湖路,886,429,275,1,"LINESTRING (112.934919 28.165126, 112.934997 28.165267)",1,17.44,secondary,4,,4,,auto,
659,后湖路,887,430,16,1,"LINESTRING (112.93524 28.165603, 112.935379 28.165767)",1,22.76,secondary,4,,4,,auto,
660,后湖路,888,276,430,1,"LINESTRING (112.935104 28.165417, 112.93524 28.165603)",1,24.61,secondary,4,,4,,auto,
661,后湖路,889,280,277,1,"LINESTRING (112.935624 28.166062, 112.935762 28.166205)",1,20.88,secondary,4,,4,,auto,
662,后湖路,890,278,431,1,"LINESTRING (112.936084 28.166468, 112.936374 28.166687)",1,37.43,secondary,4,,4,,auto,
663,后湖路,891,431,432,1,"LINESTRING (112.936374 28.166687, 112.936685 28.166896)",1,38.33,secondary,4,,4,,auto,
664,后湖路,892,433,427,1,"LINESTRING (112.934559 28.16458, 112.934419 28.164322)",1,31.80,secondary,4,,,,auto,
665,后湖路,893,434,433,1,"LINESTRING (112.934716 28.164872, 112.934559 28.16458)",1,35.93,secondary,4,,,,auto,
666,后湖路,894,435,434,1,"LINESTRING (112.934899 28.165205, 112.934716 28.164872)",1,41.14,secondary,4,,,,auto,
667,后湖路,895,436,437,1,"LINESTRING (112.935017 28.16539, 112.934949 28.165284)",1,13.54,secondary,4,,,,auto,
668,后湖路,896,438,436,1,"LINESTRING (112.93517 28.165596, 112.935017 28.16539)",1,27.38,secondary,4,,,,auto,
669,后湖路,897,439,438,1,"LINESTRING (112.935374 28.165857, 112.93517 28.165596)",1,35.24,secondary,4,,,,auto,
670,后湖路,898,440,439,1,"LINESTRING (112.935522 28.166046, 112.935374 28.165857)",1,25.54,secondary,4,,,,auto,
671,后湖路,899,441,440,1,"LINESTRING (112.935685 28.166222, 112.935522 28.166046)",1,25.26,secondary,4,,,,auto,
672,后湖路,900,442,441,1,"LINESTRING (112.935945 28.166443, 112.935685 28.166222)",1,35.40,secondary,4,,,,auto,
673,后湖路,901,443,197,1,"LINESTRING (112.936198 28.166631, 112.936064 28.166531)",1,17.21,secondary,4,,,,auto,
674,后湖路,902,444,443,1,"LINESTRING (112.936437 28.166795, 112.936198 28.166631)",1,29.69,secondary,4,,,,auto,
675,,903,445,446,1,"LINESTRING (112.934129 28.159752, 112.934172 28.159883)",1,15.16,residential,6,,,,auto,
676,,903,446,445,1,"LINESTRING (112.934172 28.159883, 112.934129 28.159752)",1,15.16,residential,6,,,,auto,
677,,904,445,226,1,"LINESTRING (112.934129 28.159752, 112.934092 28.159632)",1,13.83,residential,6,,,,auto,
678,,904,226,445,1,"LINESTRING (112.934092 28.159632, 112.934129 28.159752)",1,13.83,residential,6,,,,auto,
679,,931,446,229,1,"LINESTRING (112.934172 28.159883, 112.934178 28.159899)",1,1.87,residential,6,,,,auto,
680,,931,229,446,1,"LINESTRING (112.934178 28.159899, 112.934172 28.159883)",1,1.87,residential,6,,,,auto,
681,,932,446,445,1,"LINESTRING (112.934172 28.159883, 112.934129 28.159752)",1,15.16,residential,6,,,,auto,
682,,932,445,446,1,"LINESTRING (112.934129 28.159752, 112.934172 28.159883)",1,15.16,residential,6,,,,auto,
683,,935,226,445,1,"LINESTRING (112.934092 28.159632, 112.934129 28.159752)",1,13.83,residential,6,,,,auto,
684,,935,445,226,1,"LINESTRING (112.934129 28.159752, 112.934092 28.159632)",1,13.83,residential,6,,,,auto,
685,,936,226,225,1,"LINESTRING (112.934092 28.159632, 112.934032 28.159437)",1,22.47,residential,6,,,,auto,
686,,936,225,226,1,"LINESTRING (112.934032 28.159437, 112.934092 28.159632)",1,22.47,residential,6,,,,auto,
687,,946,229,228,1,"LINESTRING (112.934178 28.159899, 112.934232 28.160066)",1,19.31,residential,6,,,,auto,
688,,946,228,229,1,"LINESTRING (112.934232 28.160066, 112.934178 28.159899)",1,19.31,residential,6,,,,auto,
689,,947,229,446,1,"LINESTRING (112.934178 28.159899, 112.934172 28.159883)",1,1.87,residential,6,,,,auto,
690,,947,446,229,1,"LINESTRING (112.934172 28.159883, 112.934178 28.159899)",1,1.87,residential,6,,,,auto,
691,,952,227,225,1,"LINESTRING (112.934012 28.159367, 112.934032 28.159437)",1,8.03,residential,6,,,,auto,
692,,952,225,227,1,"LINESTRING (112.934032 28.159437, 112.934012 28.159367)",1,8.03,residential,6,,,,auto,
693,,953,227,224,1,"LINESTRING (112.934012 28.159367, 112.933974 28.15923)",1,15.68,residential,6,,,,auto,
694,,953,224,227,1,"LINESTRING (112.933974 28.15923, 112.934012 28.159367)",1,15.68,residential,6,,,,auto,
695,,956,224,227,1,"LINESTRING (112.933974 28.15923, 112.934012 28.159367)",1,15.68,residential,6,,,,auto,
696,,956,227,224,1,"LINESTRING (112.934012 28.159367, 112.933974 28.15923)",1,15.68,residential,6,,,,auto,
697,,957,224,223,1,"LINESTRING (112.933974 28.15923, 112.933962 28.159187)",1,4.92,residential,6,,,,auto,
698,,957,223,224,1,"LINESTRING (112.933962 28.159187, 112.933974 28.15923)",1,4.92,residential,6,,,,auto,
699,后湖路,958,24,27,1,"LINESTRING (112.93489 28.15964, 112.93494 28.159701)",1,8.37,unclassified,20,,,,auto,
700,后湖路,958,27,24,1,"LINESTRING (112.93494 28.159701, 112.93489 28.15964)",1,8.37,unclassified,20,,,,auto,
701,后湖路,959,24,23,1,"LINESTRING (112.93489 28.15964, 112.934848 28.159567)",1,9.10,unclassified,20,,,,auto,
702,后湖路,959,23,24,1,"LINESTRING (112.934848 28.159567, 112.93489 28.15964)",1,9.10,unclassified,20,,,,auto,
703,后湖路,960,3,1,1,"LINESTRING (112.935328 28.16, 112.935523 28.160121)",1,23.38,unclassified,20,,,,auto,
704,后湖路,960,1,3,1,"LINESTRING (112.935523 28.160121, 112.935328 28.16)",1,23.38,unclassified,20,,,,auto,
705,后湖路,961,3,26,1,"LINESTRING (112.935328 28.16, 112.935087 28.159837)",1,29.78,unclassified,20,,,,auto,
706,后湖路,961,26,3,1,"LINESTRING (112.935087 28.159837, 112.935328 28.16)",1,29.78,unclassified,20,,,,auto,
707,后湖路,962,6,4,1,"LINESTRING (112.935709 28.160254, 112.935914 28.160412)",1,26.69,unclassified,20,,,,auto,
708,后湖路,962,4,6,1,"LINESTRING (112.935914 28.160412, 112.935709 28.160254)",1,26.69,unclassified,20,,,,auto,
709,后湖路,963,6,2,1,"LINESTRING (112.935709 28.160254, 112.935544 28.160136)",1,20.83,unclassified,20,,,,auto,
710,后湖路,963,2,6,1,"LINESTRING (112.935544 28.160136, 112.935709 28.160254)",1,20.83,unclassified,20,,,,auto,
711,后湖路,964,7,10,1,"LINESTRING (112.936159 28.1607, 112.936227 28.16086)",1,19.00,unclassified,20,,,,auto,
712,后湖路,964,10,7,1,"LINESTRING (112.936227 28.16086, 112.936159 28.1607)",1,19.00,unclassified,20,,,,auto,
713,后湖路,965,7,5,1,"LINESTRING (112.936159 28.1607, 112.93605 28.160568)",1,18.16,unclassified,20,,,,auto,
714,后湖路,965,5,7,1,"LINESTRING (112.93605 28.160568, 112.936159 28.1607)",1,18.16,unclassified,20,,,,auto,
715,后湖路,967,10,8,1,"LINESTRING (112.936227 28.16086, 112.93625 28.160966)",1,12.00,unclassified,20,,,,auto,
716,后湖路,967,8,10,1,"LINESTRING (112.93625 28.160966, 112.936227 28.16086)",1,12.00,unclassified,20,,,,auto,
717,后湖路,968,10,7,1,"LINESTRING (112.936227 28.16086, 112.936159 28.1607)",1,19.00,unclassified,20,,,,auto,
718,后湖路,968,7,10,1,"LINESTRING (112.936159 28.1607, 112.936227 28.16086)",1,19.00,unclassified,20,,,,auto,
719,,979,247,201,1,"LINESTRING (112.928692 28.16059, 112.92865 28.160475)",1,13.43,residential,6,,,,auto,
720,,1022,447,448,1,"LINESTRING (112.928874 28.164475, 112.928746 28.164476)",1,12.55,residential,6,,,,auto,
721,,1023,137,449,1,"LINESTRING (112.93013 28.164514, 112.929874 28.164491)",1,25.23,residential,6,,,,auto,
722,,1026,450,214,1,"LINESTRING (112.928606 28.164478, 112.928516 28.164481)",1,8.83,residential,6,,,,auto,
723,,1027,448,450,1,"LINESTRING (112.928746 28.164476, 112.928606 28.164478)",1,13.73,residential,6,,,,auto,
724,,1067,253,451,1,"LINESTRING (112.92835 28.165424, 112.928367 28.165309)",1,12.90,residential,6,,,,auto,
725,,1067,451,253,1,"LINESTRING (112.928367 28.165309, 112.92835 28.165424)",1,12.90,residential,6,,,,auto,
726,,1068,253,252,1,"LINESTRING (112.92835 28.165424, 112.928338 28.165536)",1,12.51,residential,6,,,,auto,
727,,1068,252,253,1,"LINESTRING (112.928338 28.165536, 112.92835 28.165424)",1,12.51,residential,6,,,,auto,
728,,1069,451,452,1,"LINESTRING (112.928367 28.165309, 112.928377 28.165264)",1,5.10,residential,6,,,,auto,
729,,1069,452,451,1,"LINESTRING (112.928377 28.165264, 112.928367 28.165309)",1,5.10,residential,6,,,,auto,
730,,1070,451,253,1,"LINESTRING (112.928367 28.165309, 112.92835 28.165424)",1,12.90,residential,6,,,,auto,
731,,1070,253,451,1,"LINESTRING (112.92835 28.165424, 112.928367 28.165309)",1,12.90,residential,6,,,,auto,
732,,1071,216,214,1,"LINESTRING (112.92846 28.164813, 112.928516 28.164481)",1,37.32,residential,6,,,,auto,
733,,1071,214,216,1,"LINESTRING (112.928516 28.164481, 112.92846 28.164813)",1,37.32,residential,6,,,,auto,
734,,1072,216,453,1,"LINESTRING (112.92846 28.164813, 112.928452 28.165009)",1,21.81,residential,6,,,,auto,
735,,1072,453,216,1,"LINESTRING (112.928452 28.165009, 112.92846 28.164813)",1,21.81,residential,6,,,,auto,
736,,1073,453,216,1,"LINESTRING (112.928452 28.165009, 112.92846 28.164813)",1,21.81,residential,6,,,,auto,
737,,1073,216,453,1,"LINESTRING (112.92846 28.164813, 112.928452 28.165009)",1,21.81,residential,6,,,,auto,
738,,1074,453,208,1,"LINESTRING (112.928452 28.165009, 112.928441 28.1651)",1,10.18,residential,6,,,,auto,
739,,1074,208,453,1,"LINESTRING (112.928441 28.1651, 112.928452 28.165009)",1,10.18,residential,6,,,,auto,
740,,1075,452,209,1,"LINESTRING (112.928377 28.165264, 112.928391 28.165228)",1,4.23,residential,6,,,,auto,
741,,1075,209,452,1,"LINESTRING (112.928391 28.165228, 112.928377 28.165264)",1,4.23,residential,6,,,,auto,
742,,1076,452,451,1,"LINESTRING (112.928377 28.165264, 112.928367 28.165309)",1,5.10,residential,6,,,,auto,
743,,1076,451,452,1,"LINESTRING (112.928367 28.165309, 112.928377 28.165264)",1,5.10,residential,6,,,,auto,
744,,1077,209,207,1,"LINESTRING (112.928391 28.165228, 112.928405 28.16519)",1,4.44,residential,6,,,,auto,
745,,1077,207,209,1,"LINESTRING (112.928405 28.16519, 112.928391 28.165228)",1,4.44,residential,6,,,,auto,
746,,1078,209,452,1,"LINESTRING (112.928391 28.165228, 112.928377 28.165264)",1,4.23,residential,6,,,,auto,
747,,1078,452,209,1,"LINESTRING (112.928377 28.165264, 112.928391 28.165228)",1,4.23,residential,6,,,,auto,
748,,1079,208,453,1,"LINESTRING (112.928441 28.1651, 112.928452 28.165009)",1,10.18,residential,6,,,,auto,
749,,1079,453,208,1,"LINESTRING (112.928452 28.165009, 112.928441 28.1651)",1,10.18,residential,6,,,,auto,
750,,1080,208,207,1,"LINESTRING (112.928441 28.1651, 112.928405 28.16519)",1,10.61,residential,6,,,,auto,
751,,1080,207,208,1,"LINESTRING (112.928405 28.16519, 112.928441 28.1651)",1,10.61,residential,6,,,,auto,
752,,1085,454,455,1,"LINESTRING (112.932858 28.166788, 112.932821 28.16709)",1,33.78,residential,6,,,,auto,
753,,1085,455,454,1,"LINESTRING (112.932821 28.16709, 112.932858 28.166788)",1,33.78,residential,6,,,,auto,
754,,1086,454,456,1,"LINESTRING (112.932858 28.166788, 112.932929 28.166224)",1,63.10,residential,6,,,,auto,
755,,1086,456,454,1,"LINESTRING (112.932929 28.166224, 112.932858 28.166788)",1,63.10,residential,6,,,,auto,
756,,1104,125,457,1,"LINESTRING (112.93151 28.164992, 112.931474 28.164996)",1,3.56,residential,6,,,,auto,
757,,1105,262,458,1,"LINESTRING (112.929125 28.161051, 112.92917 28.161086)",1,5.88,residential,6,,,,auto,
758,,1106,262,34,1,"LINESTRING (112.929125 28.161051, 112.929099 28.161072)",1,3.46,secondary,4,40,2,,auto,
759,,1107,211,205,1,"LINESTRING (112.928831 28.16091, 112.928801 28.160865)",1,5.80,residential,6,,,,auto,
760,,1108,72,385,1,"LINESTRING (112.928937 28.161035, 112.928889 28.160985)",1,7.28,residential,6,,,,auto,
761,,1109,35,74,1,"LINESTRING (112.929065 28.161099, 112.928897 28.16123)",1,21.99,secondary,4,40,2,,auto,
762,,1110,35,459,1,"LINESTRING (112.929065 28.161099, 112.929027 28.161083)",1,4.13,residential,6,,,,auto,
763,,1111,460,461,1,"LINESTRING (112.929318 28.161208, 112.929567 28.161476)",1,38.52,residential,6,,,,auto,
764,,1112,462,463,1,"LINESTRING (112.929251 28.161143, 112.929285 28.161175)",1,4.88,residential,6,,,,auto,
765,,1113,458,464,1,"LINESTRING (112.92917 28.161086, 112.929217 28.161115)",1,5.62,residential,6,,,,auto,
766,,1114,461,31,1,"LINESTRING (112.929567 28.161476, 112.929969 28.161912)",1,62.48,residential,6,,,,auto,
767,,1117,33,31,1,"LINESTRING (112.929934 28.161929, 112.929969 28.161912)",1,3.92,residential,6,,,,auto,
768,,1117,31,33,1,"LINESTRING (112.929969 28.161912, 112.929934 28.161929)",1,3.92,residential,6,,,,auto,
769,,1118,33,465,1,"LINESTRING (112.929934 28.161929, 112.92989 28.16195)",1,4.90,residential,6,,,,auto,
770,,1118,465,33,1,"LINESTRING (112.92989 28.16195, 112.929934 28.161929)",1,4.90,residential,6,,,,auto,
771,,1119,33,466,1,"LINESTRING (112.929934 28.161929, 112.929537 28.161494)",1,62.08,residential,6,,,,auto,
772,,1120,250,467,1,"LINESTRING (112.929286 28.161229, 112.929244 28.161189)",1,6.06,residential,6,,,,auto,
773,,1121,467,468,1,"LINESTRING (112.929244 28.161189, 112.929201 28.161153)",1,5.81,residential,6,,,,auto,
774,,1122,468,469,1,"LINESTRING (112.929201 28.161153, 112.929159 28.16113)",1,4.85,residential,6,,,,auto,
775,,1123,469,470,1,"LINESTRING (112.929159 28.16113, 112.929116 28.161116)",1,4.49,residential,6,,,,auto,
776,,1124,470,35,1,"LINESTRING (112.929116 28.161116, 112.929065 28.161099)",1,5.35,residential,6,,,,auto,
777,,1125,459,70,1,"LINESTRING (112.929027 28.161083, 112.928986 28.161063)",1,4.59,residential,6,,,,auto,
778,,1127,466,249,1,"LINESTRING (112.929537 28.161494, 112.929366 28.161314)",1,26.11,residential,6,,,,auto,
779,,1128,464,462,1,"LINESTRING (112.929217 28.161115, 112.929251 28.161143)",1,4.56,residential,6,,,,auto,
780,,1129,471,472,1,"LINESTRING (112.933453 28.162117, 112.933376 28.1618)",1,36.05,residential,6,,,,auto,
781,,1129,472,471,1,"LINESTRING (112.933376 28.1618, 112.933453 28.162117)",1,36.05,residential,6,,,,auto,
782,,1130,471,473,1,"LINESTRING (112.933453 28.162117, 112.933479 28.162216)",1,11.30,residential,6,,,,auto,
783,,1130,473,471,1,"LINESTRING (112.933479 28.162216, 112.933453 28.162117)",1,11.30,residential,6,,,,auto,
784,,1131,472,474,1,"LINESTRING (112.933376 28.1618, 112.933355 28.161718)",1,9.35,residential,6,,,,auto,
785,,1131,474,472,1,"LINESTRING (112.933355 28.161718, 112.933376 28.1618)",1,9.35,residential,6,,,,auto,
786,,1132,472,471,1,"LINESTRING (112.933376 28.1618, 112.933453 28.162117)",1,36.05,residential,6,,,,auto,
787,,1132,471,472,1,"LINESTRING (112.933453 28.162117, 112.933376 28.1618)",1,36.05,residential,6,,,,auto,
788,,1134,475,476,1,"LINESTRING (112.933334 28.161634, 112.933292 28.161522)",1,13.12,residential,6,,,,auto,
789,,1134,476,475,1,"LINESTRING (112.933292 28.161522, 112.933334 28.161634)",1,13.12,residential,6,,,,auto,
790,,1135,475,474,1,"LINESTRING (112.933334 28.161634, 112.933355 28.161718)",1,9.56,residential,6,,,,auto,
791,,1135,474,475,1,"LINESTRING (112.933355 28.161718, 112.933334 28.161634)",1,9.56,residential,6,,,,auto,
792,,1136,476,477,1,"LINESTRING (112.933292 28.161522, 112.933265 28.161449)",1,8.54,residential,6,,,,auto,
793,,1136,477,476,1,"LINESTRING (112.933265 28.161449, 112.933292 28.161522)",1,8.54,residential,6,,,,auto,
794,,1137,476,475,1,"LINESTRING (112.933292 28.161522, 112.933334 28.161634)",1,13.12,residential,6,,,,auto,
795,,1137,475,476,1,"LINESTRING (112.933334 28.161634, 112.933292 28.161522)",1,13.12,residential,6,,,,auto,
796,,1138,478,479,1,"LINESTRING (112.933248 28.161412, 112.933228 28.161373)",1,4.76,residential,6,,,,auto,
797,,1138,479,478,1,"LINESTRING (112.933228 28.161373, 112.933248 28.161412)",1,4.76,residential,6,,,,auto,
798,,1139,478,477,1,"LINESTRING (112.933248 28.161412, 112.933265 28.161449)",1,4.44,residential,6,,,,auto,
799,,1139,477,478,1,"LINESTRING (112.933265 28.161449, 112.933248 28.161412)",1,4.44,residential,6,,,,auto,
800,,1140,479,480,1,"LINESTRING (112.933228 28.161373, 112.933197 28.161339)",1,4.85,residential,6,,,,auto,
801,,1140,480,479,1,"LINESTRING (112.933197 28.161339, 112.933228 28.161373)",1,4.85,residential,6,,,,auto,
802,,1141,479,478,1,"LINESTRING (112.933228 28.161373, 112.933248 28.161412)",1,4.76,residential,6,,,,auto,
803,,1141,478,479,1,"LINESTRING (112.933248 28.161412, 112.933228 28.161373)",1,4.76,residential,6,,,,auto,
804,,1142,480,481,1,"LINESTRING (112.933197 28.161339, 112.933144 28.16132)",1,5.61,residential,6,,,,auto,
805,,1142,481,480,1,"LINESTRING (112.933144 28.16132, 112.933197 28.161339)",1,5.61,residential,6,,,,auto,
806,,1143,480,479,1,"LINESTRING (112.933197 28.161339, 112.933228 28.161373)",1,4.85,residential,6,,,,auto,
807,,1143,479,480,1,"LINESTRING (112.933228 28.161373, 112.933197 28.161339)",1,4.85,residential,6,,,,auto,
808,,1144,481,482,1,"LINESTRING (112.933144 28.16132, 112.933082 28.161314)",1,6.11,residential,6,,,,auto,
809,,1144,482,481,1,"LINESTRING (112.933082 28.161314, 112.933144 28.16132)",1,6.11,residential,6,,,,auto,
810,,1145,481,480,1,"LINESTRING (112.933144 28.16132, 112.933197 28.161339)",1,5.61,residential,6,,,,auto,
811,,1145,480,481,1,"LINESTRING (112.933197 28.161339, 112.933144 28.16132)",1,5.61,residential,6,,,,auto,
812,,1146,482,483,1,"LINESTRING (112.933082 28.161314, 112.932273 28.161317)",1,79.31,residential,6,,,,auto,
813,,1146,483,482,1,"LINESTRING (112.932273 28.161317, 112.933082 28.161314)",1,79.31,residential,6,,,,auto,
814,,1147,482,481,1,"LINESTRING (112.933082 28.161314, 112.933144 28.16132)",1,6.11,residential,6,,,,auto,
815,,1147,481,482,1,"LINESTRING (112.933144 28.16132, 112.933082 28.161314)",1,6.11,residential,6,,,,auto,
816,,1148,483,482,1,"LINESTRING (112.932273 28.161317, 112.933082 28.161314)",1,79.31,residential,6,,,,auto,
817,,1148,482,483,1,"LINESTRING (112.933082 28.161314, 112.932273 28.161317)",1,79.31,residential,6,,,,auto,
818,,1149,483,484,1,"LINESTRING (112.932273 28.161317, 112.932274 28.161763)",1,49.59,residential,6,,,,auto,
819,,1149,484,483,1,"LINESTRING (112.932274 28.161763, 112.932273 28.161317)",1,49.59,residential,6,,,,auto,
820,,1150,483,485,1,"LINESTRING (112.932273 28.161317, 112.932266 28.160929)",1,43.15,residential,6,,,,auto,
821,,1150,485,483,1,"LINESTRING (112.932266 28.160929, 112.932273 28.161317)",1,43.15,residential,6,,,,auto,
822,,1151,477,478,1,"LINESTRING (112.933265 28.161449, 112.933248 28.161412)",1,4.44,residential,6,,,,auto,
823,,1151,478,477,1,"LINESTRING (112.933248 28.161412, 112.933265 28.161449)",1,4.44,residential,6,,,,auto,
824,,1152,477,476,1,"LINESTRING (112.933265 28.161449, 112.933292 28.161522)",1,8.54,residential,6,,,,auto,
825,,1152,476,477,1,"LINESTRING (112.933292 28.161522, 112.933265 28.161449)",1,8.54,residential,6,,,,auto,
826,,1153,474,475,1,"LINESTRING (112.933355 28.161718, 112.933334 28.161634)",1,9.56,residential,6,,,,auto,
827,,1153,475,474,1,"LINESTRING (112.933334 28.161634, 112.933355 28.161718)",1,9.56,residential,6,,,,auto,
828,,1154,474,472,1,"LINESTRING (112.933355 28.161718, 112.933376 28.1618)",1,9.35,residential,6,,,,auto,
829,,1154,472,474,1,"LINESTRING (112.933376 28.1618, 112.933355 28.161718)",1,9.35,residential,6,,,,auto,
830,,1155,473,471,1,"LINESTRING (112.933479 28.162216, 112.933453 28.162117)",1,11.30,residential,6,,,,auto,
831,,1155,471,473,1,"LINESTRING (112.933453 28.162117, 112.933479 28.162216)",1,11.30,residential,6,,,,auto,
832,,1156,473,486,1,"LINESTRING (112.933479 28.162216, 112.933496 28.162241)",1,3.24,residential,6,,,,auto,
833,,1156,486,473,1,"LINESTRING (112.933496 28.162241, 112.933479 28.162216)",1,3.24,residential,6,,,,auto,
834,,1157,486,473,1,"LINESTRING (112.933496 28.162241, 112.933479 28.162216)",1,3.24,residential,6,,,,auto,
835,,1157,473,486,1,"LINESTRING (112.933479 28.162216, 112.933496 28.162241)",1,3.24,residential,6,,,,auto,
836,,1158,486,487,1,"LINESTRING (112.933496 28.162241, 112.933522 28.162256)",1,3.05,residential,6,,,,auto,
837,,1158,487,486,1,"LINESTRING (112.933522 28.162256, 112.933496 28.162241)",1,3.05,residential,6,,,,auto,
838,,1159,487,486,1,"LINESTRING (112.933522 28.162256, 112.933496 28.162241)",1,3.05,residential,6,,,,auto,
839,,1159,486,487,1,"LINESTRING (112.933496 28.162241, 112.933522 28.162256)",1,3.05,residential,6,,,,auto,
840,,1160,487,488,1,"LINESTRING (112.933522 28.162256, 112.93356 28.162258)",1,3.73,residential,6,,,,auto,
841,,1160,488,487,1,"LINESTRING (112.93356 28.162258, 112.933522 28.162256)",1,3.73,residential,6,,,,auto,
842,,1161,488,487,1,"LINESTRING (112.93356 28.162258, 112.933522 28.162256)",1,3.73,residential,6,,,,auto,
843,,1161,487,488,1,"LINESTRING (112.933522 28.162256, 112.93356 28.162258)",1,3.73,residential,6,,,,auto,
844,,1162,488,421,1,"LINESTRING (112.93356 28.162258, 112.933645 28.162243)",1,8.50,residential,6,,,,auto,
845,,1162,421,488,1,"LINESTRING (112.933645 28.162243, 112.93356 28.162258)",1,8.50,residential,6,,,,auto,
846,后湖路,1163,421,419,1,"LINESTRING (112.933645 28.162243, 112.933578 28.161939)",1,34.44,secondary,4,,,,auto,
847,,1164,421,488,1,"LINESTRING (112.933645 28.162243, 112.93356 28.162258)",1,8.50,residential,6,,,,auto,
848,,1164,488,421,1,"LINESTRING (112.93356 28.162258, 112.933645 28.162243)",1,8.50,residential,6,,,,auto,
849,,1165,421,405,1,"LINESTRING (112.933645 28.162243, 112.933712 28.162225)",1,6.87,residential,6,,,,auto,
850,,1165,405,421,1,"LINESTRING (112.933712 28.162225, 112.933645 28.162243)",1,6.87,residential,6,,,,auto,
851,后湖路,1166,405,406,1,"LINESTRING (112.933712 28.162225, 112.93381 28.16275)",1,59.16,secondary,4,,4,,auto,
852,,1167,405,421,1,"LINESTRING (112.933712 28.162225, 112.933645 28.162243)",1,6.87,residential,6,,,,auto,
853,,1167,421,405,1,"LINESTRING (112.933645 28.162243, 112.933712 28.162225)",1,6.87,residential,6,,,,auto,
854,,1168,489,490,1,"LINESTRING (112.932329 28.159797, 112.932326 28.160111)",1,34.92,residential,6,,,,auto,
855,,1168,490,489,1,"LINESTRING (112.932326 28.160111, 112.932329 28.159797)",1,34.92,residential,6,,,,auto,
856,,1169,490,491,1,"LINESTRING (112.932326 28.160111, 112.932314 28.160298)",1,20.83,residential,6,,,,auto,
857,,1169,491,490,1,"LINESTRING (112.932314 28.160298, 112.932326 28.160111)",1,20.83,residential,6,,,,auto,
858,,1170,490,489,1,"LINESTRING (112.932326 28.160111, 112.932329 28.159797)",1,34.92,residential,6,,,,auto,
859,,1170,489,490,1,"LINESTRING (112.932329 28.159797, 112.932326 28.160111)",1,34.92,residential,6,,,,auto,
860,,1171,491,492,1,"LINESTRING (112.932314 28.160298, 112.932277 28.160611)",1,34.99,residential,6,,,,auto,
861,,1171,492,491,1,"LINESTRING (112.932277 28.160611, 112.932314 28.160298)",1,34.99,residential,6,,,,auto,
862,,1172,491,490,1,"LINESTRING (112.932314 28.160298, 112.932326 28.160111)",1,20.83,residential,6,,,,auto,
863,,1172,490,491,1,"LINESTRING (112.932326 28.160111, 112.932314 28.160298)",1,20.83,residential,6,,,,auto,
864,,1173,493,485,1,"LINESTRING (112.932267 28.160802, 112.932266 28.160929)",1,14.12,residential,6,,,,auto,
865,,1173,485,493,1,"LINESTRING (112.932266 28.160929, 112.932267 28.160802)",1,14.12,residential,6,,,,auto,
866,,1174,493,494,1,"LINESTRING (112.932267 28.160802, 112.93227 28.160704)",1,10.90,residential,6,,,,auto,
867,,1174,494,493,1,"LINESTRING (112.93227 28.160704, 112.932267 28.160802)",1,10.90,residential,6,,,,auto,
868,,1175,485,483,1,"LINESTRING (112.932266 28.160929, 112.932273 28.161317)",1,43.15,residential,6,,,,auto,
869,,1175,483,485,1,"LINESTRING (112.932273 28.161317, 112.932266 28.160929)",1,43.15,residential,6,,,,auto,
870,,1176,485,493,1,"LINESTRING (112.932266 28.160929, 112.932267 28.160802)",1,14.12,residential,6,,,,auto,
871,,1176,493,485,1,"LINESTRING (112.932267 28.160802, 112.932266 28.160929)",1,14.12,residential,6,,,,auto,
872,,1177,484,495,1,"LINESTRING (112.932274 28.161763, 112.932276 28.1618)",1,4.12,residential,6,,,,auto,
873,,1177,495,484,1,"LINESTRING (112.932276 28.1618, 112.932274 28.161763)",1,4.12,residential,6,,,,auto,
874,,1178,484,483,1,"LINESTRING (112.932274 28.161763, 112.932273 28.161317)",1,49.59,residential,6,,,,auto,
875,,1178,483,484,1,"LINESTRING (112.932273 28.161317, 112.932274 28.161763)",1,49.59,residential,6,,,,auto,
876,,1179,496,497,1,"LINESTRING (112.932282 28.161832, 112.93229 28.161869)",1,4.19,residential,6,,,,auto,
877,,1179,497,496,1,"LINESTRING (112.93229 28.161869, 112.932282 28.161832)",1,4.19,residential,6,,,,auto,
878,,1180,496,495,1,"LINESTRING (112.932282 28.161832, 112.932276 28.1618)",1,3.61,residential,6,,,,auto,
879,,1180,495,496,1,"LINESTRING (112.932276 28.1618, 112.932282 28.161832)",1,3.61,residential,6,,,,auto,
880,,1181,497,498,1,"LINESTRING (112.93229 28.161869, 112.932309 28.161956)",1,9.85,residential,6,,,,auto,
881,,1181,498,497,1,"LINESTRING (112.932309 28.161956, 112.93229 28.161869)",1,9.85,residential,6,,,,auto,
882,,1182,497,496,1,"LINESTRING (112.93229 28.161869, 112.932282 28.161832)",1,4.19,residential,6,,,,auto,
883,,1182,496,497,1,"LINESTRING (112.932282 28.161832, 112.93229 28.161869)",1,4.19,residential,6,,,,auto,
884,,1183,498,93,1,"LINESTRING (112.932309 28.161956, 112.932309 28.161994)",1,4.23,residential,6,,,,auto,
885,,1183,93,498,1,"LINESTRING (112.932309 28.161994, 112.932309 28.161956)",1,4.23,residential,6,,,,auto,
886,,1184,498,497,1,"LINESTRING (112.932309 28.161956, 112.93229 28.161869)",1,9.85,residential,6,,,,auto,
887,,1184,497,498,1,"LINESTRING (112.93229 28.161869, 112.932309 28.161956)",1,9.85,residential,6,,,,auto,
888,,1185,93,91,1,"LINESTRING (112.932309 28.161994, 112.931742 28.161961)",1,55.70,residential,6,,,,auto,
889,,1185,91,93,1,"LINESTRING (112.931742 28.161961, 112.932309 28.161994)",1,55.70,residential,6,,,,auto,
890,,1186,93,94,1,"LINESTRING (112.932309 28.161994, 112.932345 28.161996)",1,3.54,residential,6,,,,auto,
891,,1186,94,93,1,"LINESTRING (112.932345 28.161996, 112.932309 28.161994)",1,3.54,residential,6,,,,auto,
892,,1187,93,498,1,"LINESTRING (112.932309 28.161994, 112.932309 28.161956)",1,4.23,residential,6,,,,auto,
893,,1187,498,93,1,"LINESTRING (112.932309 28.161956, 112.932309 28.161994)",1,4.23,residential,6,,,,auto,
894,,1188,492,494,1,"LINESTRING (112.932277 28.160611, 112.93227 28.160704)",1,10.36,residential,6,,,,auto,
895,,1188,494,492,1,"LINESTRING (112.93227 28.160704, 112.932277 28.160611)",1,10.36,residential,6,,,,auto,
896,,1189,492,491,1,"LINESTRING (112.932277 28.160611, 112.932314 28.160298)",1,34.99,residential,6,,,,auto,
897,,1189,491,492,1,"LINESTRING (112.932314 28.160298, 112.932277 28.160611)",1,34.99,residential,6,,,,auto,
898,,1190,494,493,1,"LINESTRING (112.93227 28.160704, 112.932267 28.160802)",1,10.90,residential,6,,,,auto,
899,,1190,493,494,1,"LINESTRING (112.932267 28.160802, 112.93227 28.160704)",1,10.90,residential,6,,,,auto,
900,,1191,494,492,1,"LINESTRING (112.93227 28.160704, 112.932277 28.160611)",1,10.36,residential,6,,,,auto,
901,,1191,492,494,1,"LINESTRING (112.932277 28.160611, 112.93227 28.160704)",1,10.36,residential,6,,,,auto,
902,,1192,495,496,1,"LINESTRING (112.932276 28.1618, 112.932282 28.161832)",1,3.61,residential,6,,,,auto,
903,,1192,496,495,1,"LINESTRING (112.932282 28.161832, 112.932276 28.1618)",1,3.61,residential,6,,,,auto,
904,,1193,495,484,1,"LINESTRING (112.932276 28.1618, 112.932274 28.161763)",1,4.12,residential,6,,,,auto,
905,,1193,484,495,1,"LINESTRING (112.932274 28.161763, 112.932276 28.1618)",1,4.12,residential,6,,,,auto,
906,,1194,499,129,1,"LINESTRING (112.932923 28.164986, 112.933536 28.16505)",1,60.51,residential,6,,,,auto,
907,,1194,129,499,1,"LINESTRING (112.933536 28.16505, 112.932923 28.164986)",1,60.51,residential,6,,,,auto,
908,,1195,499,500,1,"LINESTRING (112.932923 28.164986, 112.931906 28.16488)",1,100.39,residential,6,,,,auto,
909,,1195,500,499,1,"LINESTRING (112.931906 28.16488, 112.932923 28.164986)",1,100.39,residential,6,,,,auto,
910,,1196,499,501,1,"LINESTRING (112.932923 28.164986, 112.932883 28.165338)",1,39.34,residential,6,,,,auto,
911,,1196,501,499,1,"LINESTRING (112.932883 28.165338, 112.932923 28.164986)",1,39.34,residential,6,,,,auto,
912,,1197,129,128,1,"LINESTRING (112.933536 28.16505, 112.933967 28.165095)",1,42.55,residential,6,,,,auto,
913,,1197,128,129,1,"LINESTRING (112.933967 28.165095, 112.933536 28.16505)",1,42.55,residential,6,,,,auto,
914,,1198,129,499,1,"LINESTRING (112.933536 28.16505, 112.932923 28.164986)",1,60.51,residential,6,,,,auto,
915,,1198,499,129,1,"LINESTRING (112.932923 28.164986, 112.933536 28.16505)",1,60.51,residential,6,,,,auto,
916,求知路,1199,324,325,1,"LINESTRING (112.926797 28.167834, 112.92679 28.167809)",1,2.86,tertiary,5,20,1,,auto,
917,,1200,500,499,1,"LINESTRING (112.931906 28.16488, 112.932923 28.164986)",1,100.39,residential,6,,,,auto,
918,,1200,499,500,1,"LINESTRING (112.932923 28.164986, 112.931906 28.16488)",1,100.39,residential,6,,,,auto,
919,,1201,500,502,1,"LINESTRING (112.931906 28.16488, 112.931832 28.164877)",1,7.26,residential,6,,,,auto,
920,,1201,502,500,1,"LINESTRING (112.931832 28.164877, 112.931906 28.16488)",1,7.26,residential,6,,,,auto,
921,,1202,120,503,1,"LINESTRING (112.931675 28.164892, 112.931747 28.164876)",1,7.28,residential,6,,,,auto,
922,,1202,503,120,1,"LINESTRING (112.931747 28.164876, 112.931675 28.164892)",1,7.28,residential,6,,,,auto,
923,,1203,120,135,1,"LINESTRING (112.931675 28.164892, 112.931887 28.164746)",1,26.37,residential,6,,1,,auto,
924,,1203,135,120,1,"LINESTRING (112.931887 28.164746, 112.931675 28.164892)",1,26.37,residential,6,,1,,auto,
925,,1204,120,119,1,"LINESTRING (112.931675 28.164892, 112.931592 28.164939)",1,9.67,residential,6,,1,,auto,
926,,1204,119,120,1,"LINESTRING (112.931592 28.164939, 112.931675 28.164892)",1,9.67,residential,6,,1,,auto,
927,,1205,246,119,1,"LINESTRING (112.931603 28.164912, 112.931592 28.164939)",1,3.19,residential,6,,,,auto,
928,,1206,127,245,1,"LINESTRING (112.931603 28.164863, 112.931606 28.164882)",1,2.13,residential,6,,,,auto,
929,,1207,502,500,1,"LINESTRING (112.931832 28.164877, 112.931906 28.16488)",1,7.26,residential,6,,,,auto,
930,,1207,500,502,1,"LINESTRING (112.931906 28.16488, 112.931832 28.164877)",1,7.26,residential,6,,,,auto,
931,,1208,502,503,1,"LINESTRING (112.931832 28.164877, 112.931747 28.164876)",1,8.33,residential,6,,,,auto,
932,,1208,503,502,1,"LINESTRING (112.931747 28.164876, 112.931832 28.164877)",1,8.33,residential,6,,,,auto,
933,,1209,503,502,1,"LINESTRING (112.931747 28.164876, 112.931832 28.164877)",1,8.33,residential,6,,,,auto,
934,,1209,502,503,1,"LINESTRING (112.931832 28.164877, 112.931747 28.164876)",1,8.33,residential,6,,,,auto,
935,,1210,503,120,1,"LINESTRING (112.931747 28.164876, 112.931675 28.164892)",1,7.28,residential,6,,,,auto,
936,,1210,120,503,1,"LINESTRING (112.931675 28.164892, 112.931747 28.164876)",1,7.28,residential,6,,,,auto,
937,,1211,457,130,1,"LINESTRING (112.931474 28.164996, 112.931431 28.164988)",1,4.31,residential,6,,,,auto,
938,楚怡路,1212,504,505,1,"LINESTRING (112.931476 28.1651, 112.93144 28.165425)",1,36.31,residential,6,,,,auto,
939,楚怡路,1213,152,506,1,"LINESTRING (112.931413 28.165068, 112.931409 28.165043)",1,2.81,residential,6,,2,,auto,
940,楚怡路,1214,506,507,1,"LINESTRING (112.931409 28.165043, 112.931404 28.165017)",1,2.93,residential,6,,2,,auto,
941,楚怡路,1215,507,508,1,"LINESTRING (112.931404 28.165017, 112.931395 28.164991)",1,3.02,residential,6,,2,,auto,
942,楚怡路,1216,508,509,1,"LINESTRING (112.931395 28.164991, 112.931382 28.164966)",1,3.06,residential,6,,2,,auto,
943,楚怡路,1217,509,141,1,"LINESTRING (112.931382 28.164966, 112.931367 28.16494)",1,3.24,residential,6,,2,,auto,
944,楚怡路,1218,510,504,1,"LINESTRING (112.931484 28.16507, 112.931476 28.1651)",1,3.43,residential,6,,,,auto,
945,楚怡路,1219,511,510,1,"LINESTRING (112.931494 28.165046, 112.931484 28.16507)",1,2.84,residential,6,,,,auto,
946,楚怡路,1220,512,511,1,"LINESTRING (112.931508 28.165022, 112.931494 28.165046)",1,3.00,residential,6,,,,auto,
947,楚怡路,1221,513,512,1,"LINESTRING (112.931528 28.164999, 112.931508 28.165022)",1,3.22,residential,6,,,,auto,
948,,1222,153,124,1,"LINESTRING (112.931557 28.16497, 112.931544 28.16498)",1,1.69,residential,6,,,,auto,
949,楚怡路,1223,153,513,1,"LINESTRING (112.931557 28.16497, 112.931528 28.164999)",1,4.30,residential,6,,,,auto,
950,,1230,194,185,1,"LINESTRING (112.933595 28.165389, 112.933589 28.165654)",1,29.47,residential,6,,,,auto,
951,,1230,185,194,1,"LINESTRING (112.933589 28.165654, 112.933595 28.165389)",1,29.47,residential,6,,,,auto,
952,师南路,1231,200,199,1,"LINESTRING (112.93383 28.167463, 112.933846 28.167133)",1,36.73,unclassified,20,,,,auto,
953,师南路,1231,199,200,1,"LINESTRING (112.933846 28.167133, 112.93383 28.167463)",1,36.73,unclassified,20,,,,auto,
954,师南路,1232,200,514,1,"LINESTRING (112.93383 28.167463, 112.933803 28.168015)",1,61.44,unclassified,20,,,,auto,
955,师南路,1232,514,200,1,"LINESTRING (112.933803 28.168015, 112.93383 28.167463)",1,61.44,unclassified,20,,,,auto,
956,师南路,1244,515,514,1,"LINESTRING (112.933801 28.168056, 112.933803 28.168015)",1,4.56,unclassified,20,,,,auto,
957,师南路,1244,514,515,1,"LINESTRING (112.933803 28.168015, 112.933801 28.168056)",1,4.56,unclassified,20,,,,auto,
958,师南路,1274,514,200,1,"LINESTRING (112.933803 28.168015, 112.93383 28.167463)",1,61.44,unclassified,20,,,,auto,
959,师南路,1274,200,514,1,"LINESTRING (112.93383 28.167463, 112.933803 28.168015)",1,61.44,unclassified,20,,,,auto,
960,师南路,1275,514,515,1,"LINESTRING (112.933803 28.168015, 112.933801 28.168056)",1,4.56,unclassified,20,,,,auto,
961,师南路,1275,515,514,1,"LINESTRING (112.933801 28.168056, 112.933803 28.168015)",1,4.56,unclassified,20,,,,auto,
962,,1279,96,516,1,"LINESTRING (112.929652 28.162084, 112.929711 28.162044)",1,7.30,residential,6,,,,auto,
963,,1279,516,96,1,"LINESTRING (112.929711 28.162044, 112.929652 28.162084)",1,7.30,residential,6,,,,auto,
964,,1280,96,95,1,"LINESTRING (112.929652 28.162084, 112.929603 28.162118)",1,6.11,residential,6,,,,auto,
965,,1280,95,96,1,"LINESTRING (112.929603 28.162118, 112.929652 28.162084)",1,6.11,residential,6,,,,auto,
966,,1281,517,518,1,"LINESTRING (112.929759 28.162014, 112.929834 28.161976)",1,8.48,residential,6,,,,auto,
967,,1281,518,517,1,"LINESTRING (112.929834 28.161976, 112.929759 28.162014)",1,8.48,residential,6,,,,auto,
968,,1282,517,516,1,"LINESTRING (112.929759 28.162014, 112.929711 28.162044)",1,5.77,residential,6,,,,auto,
969,,1282,516,517,1,"LINESTRING (112.929711 28.162044, 112.929759 28.162014)",1,5.77,residential,6,,,,auto,
970,,1283,465,33,1,"LINESTRING (112.92989 28.16195, 112.929934 28.161929)",1,4.90,residential,6,,,,auto,
971,,1283,33,465,1,"LINESTRING (112.929934 28.161929, 112.92989 28.16195)",1,4.90,residential,6,,,,auto,
972,,1284,465,518,1,"LINESTRING (112.92989 28.16195, 112.929834 28.161976)",1,6.20,residential,6,,,,auto,
973,,1284,518,465,1,"LINESTRING (112.929834 28.161976, 112.92989 28.16195)",1,6.20,residential,6,,,,auto,
974,,1285,519,520,1,"LINESTRING (112.929423 28.162305, 112.929466 28.162256)",1,6.89,residential,6,,,,auto,
975,,1285,520,519,1,"LINESTRING (112.929466 28.162256, 112.929423 28.162305)",1,6.89,residential,6,,,,auto,
976,,1286,519,99,1,"LINESTRING (112.929423 28.162305, 112.929384 28.162357)",1,6.93,residential,6,,,,auto,
977,,1286,99,519,1,"LINESTRING (112.929384 28.162357, 112.929423 28.162305)",1,6.93,residential,6,,,,auto,
978,,1287,520,521,1,"LINESTRING (112.929466 28.162256, 112.929512 28.162206)",1,7.16,residential,6,,,,auto,
979,,1287,521,520,1,"LINESTRING (112.929512 28.162206, 112.929466 28.162256)",1,7.16,residential,6,,,,auto,
980,,1288,520,519,1,"LINESTRING (112.929466 28.162256, 112.929423 28.162305)",1,6.89,residential,6,,,,auto,
981,,1288,519,520,1,"LINESTRING (112.929423 28.162305, 112.929466 28.162256)",1,6.89,residential,6,,,,auto,
982,,1289,521,97,1,"LINESTRING (112.929512 28.162206, 112.929556 28.16216)",1,6.69,residential,6,,,,auto,
983,,1289,97,521,1,"LINESTRING (112.929556 28.16216, 112.929512 28.162206)",1,6.69,residential,6,,,,auto,
984,,1290,521,520,1,"LINESTRING (112.929512 28.162206, 112.929466 28.162256)",1,7.16,residential,6,,,,auto,
985,,1290,520,521,1,"LINESTRING (112.929466 28.162256, 112.929512 28.162206)",1,7.16,residential,6,,,,auto,
986,,1291,159,87,1,"LINESTRING (112.929268 28.16271, 112.929856 28.162715)",1,57.64,residential,6,,,,auto,
987,,1291,87,159,1,"LINESTRING (112.929856 28.162715, 112.929268 28.16271)",1,57.64,residential,6,,,,auto,
988,,1292,159,522,1,"LINESTRING (112.929268 28.16271, 112.929265 28.162722)",1,1.37,residential,6,,,,auto,
989,,1292,522,159,1,"LINESTRING (112.929265 28.162722, 112.929268 28.16271)",1,1.37,residential,6,,,,auto,
990,,1293,159,523,1,"LINESTRING (112.929268 28.16271, 112.929266 28.162698)",1,1.35,residential,6,,,,auto,
991,,1293,523,159,1,"LINESTRING (112.929266 28.162698, 112.929268 28.16271)",1,1.35,residential,6,,,,auto,
992,,1295,524,525,1,"LINESTRING (112.929233 28.162745, 112.929218 28.162745)",1,1.47,residential,6,,,,auto,
993,,1295,525,524,1,"LINESTRING (112.929218 28.162745, 112.929233 28.162745)",1,1.47,residential,6,,,,auto,
994,,1296,524,526,1,"LINESTRING (112.929233 28.162745, 112.929246 28.16274)",1,1.39,residential,6,,,,auto,
995,,1296,526,524,1,"LINESTRING (112.929246 28.16274, 112.929233 28.162745)",1,1.39,residential,6,,,,auto,
996,,1297,256,157,1,"LINESTRING (112.929048 28.162818, 112.929107 28.162763)",1,8.42,residential,6,,,,auto,
997,,1297,157,256,1,"LINESTRING (112.929107 28.162763, 112.929048 28.162818)",1,8.42,residential,6,,,,auto,
998,,1298,256,255,1,"LINESTRING (112.929048 28.162818, 112.928986 28.162872)",1,8.54,residential,6,,,,auto,
999,,1298,255,256,1,"LINESTRING (112.928986 28.162872, 112.929048 28.162818)",1,8.54,residential,6,,,,auto,
1000,,1299,157,155,1,"LINESTRING (112.929107 28.162763, 112.929136 28.162736)",1,4.13,residential,6,,,,auto,
1001,,1299,155,157,1,"LINESTRING (112.929136 28.162736, 112.929107 28.162763)",1,4.13,residential,6,,,,auto,
1002,,1300,157,256,1,"LINESTRING (112.929107 28.162763, 112.929048 28.162818)",1,8.42,residential,6,,,,auto,
1003,,1300,256,157,1,"LINESTRING (112.929048 28.162818, 112.929107 28.162763)",1,8.42,residential,6,,,,auto,
1004,,1301,156,527,1,"LINESTRING (112.929189 28.162686, 112.929212 28.162662)",1,3.49,residential,6,,,,auto,
1005,,1301,527,156,1,"LINESTRING (112.929212 28.162662, 112.929189 28.162686)",1,3.49,residential,6,,,,auto,
1006,,1302,156,155,1,"LINESTRING (112.929189 28.162686, 112.929136 28.162736)",1,7.61,residential,6,,,,auto,
1007,,1302,155,156,1,"LINESTRING (112.929136 28.162736, 112.929189 28.162686)",1,7.61,residential,6,,,,auto,
1008,,1303,156,528,1,"LINESTRING (112.929189 28.162686, 112.929199 28.162678)",1,1.32,residential,6,,,,auto,
1009,,1303,528,156,1,"LINESTRING (112.929199 28.162678, 112.929189 28.162686)",1,1.32,residential,6,,,,auto,
1010,,1304,156,529,1,"LINESTRING (112.929189 28.162686, 112.929184 28.162698)",1,1.42,residential,6,,,,auto,
1011,,1304,529,156,1,"LINESTRING (112.929184 28.162698, 112.929189 28.162686)",1,1.42,residential,6,,,,auto,
1012,,1305,238,530,1,"LINESTRING (112.93043 28.16172, 112.930446 28.161706)",1,2.21,residential,6,,,,auto,
1013,,1305,530,238,1,"LINESTRING (112.930446 28.161706, 112.93043 28.16172)",1,2.21,residential,6,,,,auto,
1014,,1306,238,237,1,"LINESTRING (112.93043 28.16172, 112.93041 28.161736)",1,2.65,residential,6,,,,auto,
1015,,1306,237,238,1,"LINESTRING (112.93041 28.161736, 112.93043 28.16172)",1,2.65,residential,6,,,,auto,
1016,,1307,531,85,1,"LINESTRING (112.930486 28.161675, 112.930511 28.16166)",1,2.96,residential,6,,,,auto,
1017,,1307,85,531,1,"LINESTRING (112.930511 28.16166, 112.930486 28.161675)",1,2.96,residential,6,,,,auto,
1018,,1308,531,532,1,"LINESTRING (112.930486 28.161675, 112.930465 28.161691)",1,2.72,residential,6,,,,auto,
1019,,1308,532,531,1,"LINESTRING (112.930465 28.161691, 112.930486 28.161675)",1,2.72,residential,6,,,,auto,
1020,,1309,84,79,1,"LINESTRING (112.930581 28.161628, 112.930622 28.161612)",1,4.40,residential,6,,,,auto,
1021,,1309,79,84,1,"LINESTRING (112.930622 28.161612, 112.930581 28.161628)",1,4.40,residential,6,,,,auto,
1022,,1310,84,83,1,"LINESTRING (112.930581 28.161628, 112.93054 28.161647)",1,4.54,residential,6,,,,auto,
1023,,1310,83,84,1,"LINESTRING (112.93054 28.161647, 112.930581 28.161628)",1,4.54,residential,6,,,,auto,
1024,,1311,78,117,1,"LINESTRING (112.930712 28.161582, 112.930761 28.16157)",1,4.99,residential,6,,,,auto,
1025,,1311,117,78,1,"LINESTRING (112.930761 28.16157, 112.930712 28.161582)",1,4.99,residential,6,,,,auto,
1026,,1312,78,77,1,"LINESTRING (112.930712 28.161582, 112.930665 28.161596)",1,4.86,residential,6,,,,auto,
1027,,1312,77,78,1,"LINESTRING (112.930665 28.161596, 112.930712 28.161582)",1,4.86,residential,6,,,,auto,
1028,,1313,239,116,1,"LINESTRING (112.930856 28.161557, 112.930905 28.161554)",1,4.82,residential,6,,,,auto,
1029,,1313,116,239,1,"LINESTRING (112.930905 28.161554, 112.930856 28.161557)",1,4.82,residential,6,,,,auto,
1030,,1314,239,118,1,"LINESTRING (112.930856 28.161557, 112.930808 28.161562)",1,4.74,residential,6,,,,auto,
1031,,1314,118,239,1,"LINESTRING (112.930808 28.161562, 112.930856 28.161557)",1,4.74,residential,6,,,,auto,
1032,,1315,114,105,1,"LINESTRING (112.931286 28.161566, 112.931307 28.1618)",1,26.10,residential,6,,,,auto,
1033,,1315,105,114,1,"LINESTRING (112.931307 28.1618, 112.931286 28.161566)",1,26.10,residential,6,,,,auto,
1034,,1316,114,113,1,"LINESTRING (112.931286 28.161566, 112.931286 28.161551)",1,1.67,residential,6,,,,auto,
1035,,1316,113,114,1,"LINESTRING (112.931286 28.161551, 112.931286 28.161566)",1,1.67,residential,6,,,,auto,
1036,,1317,118,239,1,"LINESTRING (112.930808 28.161562, 112.930856 28.161557)",1,4.74,residential,6,,,,auto,
1037,,1317,239,118,1,"LINESTRING (112.930856 28.161557, 112.930808 28.161562)",1,4.74,residential,6,,,,auto,
1038,,1318,118,117,1,"LINESTRING (112.930808 28.161562, 112.930761 28.16157)",1,4.69,residential,6,,,,auto,
1039,,1318,117,118,1,"LINESTRING (112.930761 28.16157, 112.930808 28.161562)",1,4.69,residential,6,,,,auto,
1040,,1319,79,77,1,"LINESTRING (112.930622 28.161612, 112.930665 28.161596)",1,4.58,residential,6,,,,auto,
1041,,1319,77,79,1,"LINESTRING (112.930665 28.161596, 112.930622 28.161612)",1,4.58,residential,6,,,,auto,
1042,,1320,79,84,1,"LINESTRING (112.930622 28.161612, 112.930581 28.161628)",1,4.40,residential,6,,,,auto,
1043,,1320,84,79,1,"LINESTRING (112.930581 28.161628, 112.930622 28.161612)",1,4.40,residential,6,,,,auto,
1044,,1321,85,83,1,"LINESTRING (112.930511 28.16166, 112.93054 28.161647)",1,3.19,residential,6,,,,auto,
1045,,1321,83,85,1,"LINESTRING (112.93054 28.161647, 112.930511 28.16166)",1,3.19,residential,6,,,,auto,
1046,,1322,85,531,1,"LINESTRING (112.930511 28.16166, 112.930486 28.161675)",1,2.96,residential,6,,,,auto,
1047,,1322,531,85,1,"LINESTRING (112.930486 28.161675, 112.930511 28.16166)",1,2.96,residential,6,,,,auto,
1048,,1323,532,531,1,"LINESTRING (112.930465 28.161691, 112.930486 28.161675)",1,2.72,residential,6,,,,auto,
1049,,1323,531,532,1,"LINESTRING (112.930486 28.161675, 112.930465 28.161691)",1,2.72,residential,6,,,,auto,
1050,,1324,532,530,1,"LINESTRING (112.930465 28.161691, 112.930446 28.161706)",1,2.50,residential,6,,,,auto,
1051,,1324,530,532,1,"LINESTRING (112.930446 28.161706, 112.930465 28.161691)",1,2.50,residential,6,,,,auto,
1052,,1325,103,237,1,"LINESTRING (112.930392 28.161748, 112.93041 28.161736)",1,2.21,residential,6,,,,auto,
1053,,1325,237,103,1,"LINESTRING (112.93041 28.161736, 112.930392 28.161748)",1,2.21,residential,6,,,,auto,
1054,,1326,103,101,1,"LINESTRING (112.930392 28.161748, 112.930339 28.161772)",1,5.84,residential,6,,,,auto,
1055,,1326,101,103,1,"LINESTRING (112.930339 28.161772, 112.930392 28.161748)",1,5.84,residential,6,,,,auto,
1056,,1327,530,532,1,"LINESTRING (112.930446 28.161706, 112.930465 28.161691)",1,2.50,residential,6,,,,auto,
1057,,1327,532,530,1,"LINESTRING (112.930465 28.161691, 112.930446 28.161706)",1,2.50,residential,6,,,,auto,
1058,,1328,530,238,1,"LINESTRING (112.930446 28.161706, 112.93043 28.16172)",1,2.21,residential,6,,,,auto,
1059,,1328,238,530,1,"LINESTRING (112.93043 28.16172, 112.930446 28.161706)",1,2.21,residential,6,,,,auto,
1060,,1329,100,98,1,"LINESTRING (112.92928 28.162545, 112.929353 28.162411)",1,16.53,residential,6,,,,auto,
1061,,1329,98,100,1,"LINESTRING (112.929353 28.162411, 112.92928 28.162545)",1,16.53,residential,6,,,,auto,
1062,,1330,100,533,1,"LINESTRING (112.92928 28.162545, 112.929247 28.162607)",1,7.62,residential,6,,,,auto,
1063,,1330,533,100,1,"LINESTRING (112.929247 28.162607, 112.92928 28.162545)",1,7.62,residential,6,,,,auto,
1064,,1331,99,519,1,"LINESTRING (112.929384 28.162357, 112.929423 28.162305)",1,6.93,residential,6,,,,auto,
1065,,1331,519,99,1,"LINESTRING (112.929423 28.162305, 112.929384 28.162357)",1,6.93,residential,6,,,,auto,
1066,,1332,99,98,1,"LINESTRING (112.929384 28.162357, 112.929353 28.162411)",1,6.73,residential,6,,,,auto,
1067,,1332,98,99,1,"LINESTRING (112.929353 28.162411, 112.929384 28.162357)",1,6.73,residential,6,,,,auto,
1068,,1333,97,95,1,"LINESTRING (112.929556 28.16216, 112.929603 28.162118)",1,6.56,residential,6,,,,auto,
1069,,1333,95,97,1,"LINESTRING (112.929603 28.162118, 112.929556 28.16216)",1,6.56,residential,6,,,,auto,
1070,,1334,97,521,1,"LINESTRING (112.929556 28.16216, 112.929512 28.162206)",1,6.69,residential,6,,,,auto,
1071,,1334,521,97,1,"LINESTRING (112.929512 28.162206, 112.929556 28.16216)",1,6.69,residential,6,,,,auto,
1072,,1335,516,517,1,"LINESTRING (112.929711 28.162044, 112.929759 28.162014)",1,5.77,residential,6,,,,auto,
1073,,1335,517,516,1,"LINESTRING (112.929759 28.162014, 112.929711 28.162044)",1,5.77,residential,6,,,,auto,
1074,,1336,516,96,1,"LINESTRING (112.929711 28.162044, 112.929652 28.162084)",1,7.30,residential,6,,,,auto,
1075,,1336,96,516,1,"LINESTRING (112.929652 28.162084, 112.929711 28.162044)",1,7.30,residential,6,,,,auto,
1076,,1337,518,465,1,"LINESTRING (112.929834 28.161976, 112.92989 28.16195)",1,6.20,residential,6,,,,auto,
1077,,1337,465,518,1,"LINESTRING (112.92989 28.16195, 112.929834 28.161976)",1,6.20,residential,6,,,,auto,
1078,,1338,518,517,1,"LINESTRING (112.929834 28.161976, 112.929759 28.162014)",1,8.48,residential,6,,,,auto,
1079,,1338,517,518,1,"LINESTRING (112.929759 28.162014, 112.929834 28.161976)",1,8.48,residential,6,,,,auto,
1080,,1339,527,534,1,"LINESTRING (112.929212 28.162662, 112.92923 28.162636)",1,3.39,residential,6,,,,auto,
1081,,1339,534,527,1,"LINESTRING (112.92923 28.162636, 112.929212 28.162662)",1,3.39,residential,6,,,,auto,
1082,,1340,527,156,1,"LINESTRING (112.929212 28.162662, 112.929189 28.162686)",1,3.49,residential,6,,,,auto,
1083,,1340,156,527,1,"LINESTRING (112.929189 28.162686, 112.929212 28.162662)",1,3.49,residential,6,,,,auto,
1084,,1341,533,100,1,"LINESTRING (112.929247 28.162607, 112.92928 28.162545)",1,7.62,residential,6,,,,auto,
1085,,1341,100,533,1,"LINESTRING (112.92928 28.162545, 112.929247 28.162607)",1,7.62,residential,6,,,,auto,
1086,,1342,533,534,1,"LINESTRING (112.929247 28.162607, 112.92923 28.162636)",1,3.63,residential,6,,,,auto,
1087,,1342,534,533,1,"LINESTRING (112.92923 28.162636, 112.929247 28.162607)",1,3.63,residential,6,,,,auto,
1088,,1343,535,526,1,"LINESTRING (112.929257 28.162732, 112.929246 28.16274)",1,1.40,residential,6,,,,auto,
1089,,1343,526,535,1,"LINESTRING (112.929246 28.16274, 112.929257 28.162732)",1,1.40,residential,6,,,,auto,
1090,,1344,535,522,1,"LINESTRING (112.929257 28.162732, 112.929265 28.162722)",1,1.36,residential,6,,,,auto,
1091,,1344,522,535,1,"LINESTRING (112.929265 28.162722, 112.929257 28.162732)",1,1.36,residential,6,,,,auto,
1092,,1345,526,524,1,"LINESTRING (112.929246 28.16274, 112.929233 28.162745)",1,1.39,residential,6,,,,auto,
1093,,1345,524,526,1,"LINESTRING (112.929233 28.162745, 112.929246 28.16274)",1,1.39,residential,6,,,,auto,
1094,,1346,526,535,1,"LINESTRING (112.929246 28.16274, 112.929257 28.162732)",1,1.40,residential,6,,,,auto,
1095,,1346,535,526,1,"LINESTRING (112.929257 28.162732, 112.929246 28.16274)",1,1.40,residential,6,,,,auto,
1096,,1347,525,536,1,"LINESTRING (112.929218 28.162745, 112.929205 28.162741)",1,1.35,residential,6,,,,auto,
1097,,1347,536,525,1,"LINESTRING (112.929205 28.162741, 112.929218 28.162745)",1,1.35,residential,6,,,,auto,
1098,,1348,525,524,1,"LINESTRING (112.929218 28.162745, 112.929233 28.162745)",1,1.47,residential,6,,,,auto,
1099,,1348,524,525,1,"LINESTRING (112.929233 28.162745, 112.929218 28.162745)",1,1.47,residential,6,,,,auto,
1100,,1349,537,529,1,"LINESTRING (112.929182 28.16271, 112.929184 28.162698)",1,1.35,residential,6,,,,auto,
1101,,1349,529,537,1,"LINESTRING (112.929184 28.162698, 112.929182 28.16271)",1,1.35,residential,6,,,,auto,
1102,,1350,537,538,1,"LINESTRING (112.929182 28.16271, 112.929186 28.162722)",1,1.39,residential,6,,,,auto,
1103,,1350,538,537,1,"LINESTRING (112.929186 28.162722, 112.929182 28.16271)",1,1.39,residential,6,,,,auto,
1104,,1351,529,156,1,"LINESTRING (112.929184 28.162698, 112.929189 28.162686)",1,1.42,residential,6,,,,auto,
1105,,1351,156,529,1,"LINESTRING (112.929189 28.162686, 112.929184 28.162698)",1,1.42,residential,6,,,,auto,
1106,,1352,529,537,1,"LINESTRING (112.929184 28.162698, 112.929182 28.16271)",1,1.35,residential,6,,,,auto,
1107,,1352,537,529,1,"LINESTRING (112.929182 28.16271, 112.929184 28.162698)",1,1.35,residential,6,,,,auto,
1108,,1353,528,539,1,"LINESTRING (112.929199 28.162678, 112.929211 28.162672)",1,1.35,residential,6,,,,auto,
1109,,1353,539,528,1,"LINESTRING (112.929211 28.162672, 112.929199 28.162678)",1,1.35,residential,6,,,,auto,
1110,,1354,528,156,1,"LINESTRING (112.929199 28.162678, 112.929189 28.162686)",1,1.32,residential,6,,,,auto,
1111,,1354,156,528,1,"LINESTRING (112.929189 28.162686, 112.929199 28.162678)",1,1.32,residential,6,,,,auto,
1112,,1355,539,540,1,"LINESTRING (112.929211 28.162672, 112.929225 28.16267)",1,1.39,residential,6,,,,auto,
1113,,1355,540,539,1,"LINESTRING (112.929225 28.16267, 112.929211 28.162672)",1,1.39,residential,6,,,,auto,
1114,,1356,539,528,1,"LINESTRING (112.929211 28.162672, 112.929199 28.162678)",1,1.35,residential,6,,,,auto,
1115,,1356,528,539,1,"LINESTRING (112.929199 28.162678, 112.929211 28.162672)",1,1.35,residential,6,,,,auto,
1116,,1357,536,541,1,"LINESTRING (112.929205 28.162741, 112.929193 28.162733)",1,1.47,residential,6,,,,auto,
1117,,1357,541,536,1,"LINESTRING (112.929193 28.162733, 112.929205 28.162741)",1,1.47,residential,6,,,,auto,
1118,,1358,536,525,1,"LINESTRING (112.929205 28.162741, 112.929218 28.162745)",1,1.35,residential,6,,,,auto,
1119,,1358,525,536,1,"LINESTRING (112.929218 28.162745, 112.929205 28.162741)",1,1.35,residential,6,,,,auto,
1120,,1359,541,538,1,"LINESTRING (112.929193 28.162733, 112.929186 28.162722)",1,1.40,residential,6,,,,auto,
1121,,1359,538,541,1,"LINESTRING (112.929186 28.162722, 112.929193 28.162733)",1,1.40,residential,6,,,,auto,
1122,,1360,541,536,1,"LINESTRING (112.929193 28.162733, 112.929205 28.162741)",1,1.47,residential,6,,,,auto,
1123,,1360,536,541,1,"LINESTRING (112.929205 28.162741, 112.929193 28.162733)",1,1.47,residential,6,,,,auto,
1124,,1361,538,537,1,"LINESTRING (112.929186 28.162722, 112.929182 28.16271)",1,1.39,residential,6,,,,auto,
1125,,1361,537,538,1,"LINESTRING (112.929182 28.16271, 112.929186 28.162722)",1,1.39,residential,6,,,,auto,
1126,,1362,538,541,1,"LINESTRING (112.929186 28.162722, 112.929193 28.162733)",1,1.40,residential,6,,,,auto,
1127,,1362,541,538,1,"LINESTRING (112.929193 28.162733, 112.929186 28.162722)",1,1.40,residential,6,,,,auto,
1128,,1363,540,542,1,"LINESTRING (112.929225 28.16267, 112.929239 28.162672)",1,1.39,residential,6,,,,auto,
1129,,1363,542,540,1,"LINESTRING (112.929239 28.162672, 112.929225 28.16267)",1,1.39,residential,6,,,,auto,
1130,,1364,540,539,1,"LINESTRING (112.929225 28.16267, 112.929211 28.162672)",1,1.39,residential,6,,,,auto,
1131,,1364,539,540,1,"LINESTRING (112.929211 28.162672, 112.929225 28.16267)",1,1.39,residential,6,,,,auto,
1132,,1365,542,543,1,"LINESTRING (112.929239 28.162672, 112.929251 28.162678)",1,1.35,residential,6,,,,auto,
1133,,1365,543,542,1,"LINESTRING (112.929251 28.162678, 112.929239 28.162672)",1,1.35,residential,6,,,,auto,
1134,,1366,542,540,1,"LINESTRING (112.929239 28.162672, 112.929225 28.16267)",1,1.39,residential,6,,,,auto,
1135,,1366,540,542,1,"LINESTRING (112.929225 28.16267, 112.929239 28.162672)",1,1.39,residential,6,,,,auto,
1136,,1367,543,544,1,"LINESTRING (112.929251 28.162678, 112.929261 28.162686)",1,1.32,residential,6,,,,auto,
1137,,1367,544,543,1,"LINESTRING (112.929261 28.162686, 112.929251 28.162678)",1,1.32,residential,6,,,,auto,
1138,,1368,543,542,1,"LINESTRING (112.929251 28.162678, 112.929239 28.162672)",1,1.35,residential,6,,,,auto,
1139,,1368,542,543,1,"LINESTRING (112.929239 28.162672, 112.929251 28.162678)",1,1.35,residential,6,,,,auto,
1140,,1369,544,523,1,"LINESTRING (112.929261 28.162686, 112.929266 28.162698)",1,1.42,residential,6,,,,auto,
1141,,1369,523,544,1,"LINESTRING (112.929266 28.162698, 112.929261 28.162686)",1,1.42,residential,6,,,,auto,
1142,,1370,544,543,1,"LINESTRING (112.929261 28.162686, 112.929251 28.162678)",1,1.32,residential,6,,,,auto,
1143,,1370,543,544,1,"LINESTRING (112.929251 28.162678, 112.929261 28.162686)",1,1.32,residential,6,,,,auto,
1144,,1371,523,159,1,"LINESTRING (112.929266 28.162698, 112.929268 28.16271)",1,1.35,residential,6,,,,auto,
1145,,1371,159,523,1,"LINESTRING (112.929268 28.16271, 112.929266 28.162698)",1,1.35,residential,6,,,,auto,
1146,,1372,523,544,1,"LINESTRING (112.929266 28.162698, 112.929261 28.162686)",1,1.42,residential,6,,,,auto,
1147,,1372,544,523,1,"LINESTRING (112.929261 28.162686, 112.929266 28.162698)",1,1.42,residential,6,,,,auto,
1148,,1373,522,535,1,"LINESTRING (112.929265 28.162722, 112.929257 28.162732)",1,1.36,residential,6,,,,auto,
1149,,1373,535,522,1,"LINESTRING (112.929257 28.162732, 112.929265 28.162722)",1,1.36,residential,6,,,,auto,
1150,,1374,522,159,1,"LINESTRING (112.929265 28.162722, 112.929268 28.16271)",1,1.37,residential,6,,,,auto,
1151,,1374,159,522,1,"LINESTRING (112.929268 28.16271, 112.929265 28.162722)",1,1.37,residential,6,,,,auto,
1152,,1375,534,533,1,"LINESTRING (112.92923 28.162636, 112.929247 28.162607)",1,3.63,residential,6,,,,auto,
1153,,1375,533,534,1,"LINESTRING (112.929247 28.162607, 112.92923 28.162636)",1,3.63,residential,6,,,,auto,
1154,,1376,534,527,1,"LINESTRING (112.92923 28.162636, 112.929212 28.162662)",1,3.39,residential,6,,,,auto,
1155,,1376,527,534,1,"LINESTRING (112.929212 28.162662, 112.92923 28.162636)",1,3.39,residential,6,,,,auto,
1156,,1377,254,545,1,"LINESTRING (112.928736 28.163172, 112.928746 28.163133)",1,4.45,residential,6,,,,auto,
1157,,1377,545,254,1,"LINESTRING (112.928746 28.163133, 112.928736 28.163172)",1,4.45,residential,6,,,,auto,
1158,,1378,254,166,1,"LINESTRING (112.928736 28.163172, 112.928678 28.163564)",1,43.96,residential,6,,,,auto,
1159,,1378,166,254,1,"LINESTRING (112.928678 28.163564, 112.928736 28.163172)",1,43.96,residential,6,,,,auto,
1160,,1379,545,546,1,"LINESTRING (112.928746 28.163133, 112.928762 28.163094)",1,4.61,residential,6,,,,auto,
1161,,1379,546,545,1,"LINESTRING (112.928762 28.163094, 112.928746 28.163133)",1,4.61,residential,6,,,,auto,
1162,,1380,545,254,1,"LINESTRING (112.928746 28.163133, 112.928736 28.163172)",1,4.45,residential,6,,,,auto,
1163,,1380,254,545,1,"LINESTRING (112.928736 28.163172, 112.928746 28.163133)",1,4.45,residential,6,,,,auto,
1164,,1381,258,257,1,"LINESTRING (112.928786 28.16306, 112.928827 28.163017)",1,6.25,residential,6,,,,auto,
1165,,1381,257,258,1,"LINESTRING (112.928827 28.163017, 112.928786 28.16306)",1,6.25,residential,6,,,,auto,
1166,,1382,258,546,1,"LINESTRING (112.928786 28.16306, 112.928762 28.163094)",1,4.45,residential,6,,,,auto,
1167,,1382,546,258,1,"LINESTRING (112.928762 28.163094, 112.928786 28.16306)",1,4.45,residential,6,,,,auto,
1168,,1383,546,258,1,"LINESTRING (112.928762 28.163094, 112.928786 28.16306)",1,4.45,residential,6,,,,auto,
1169,,1383,258,546,1,"LINESTRING (112.928786 28.16306, 112.928762 28.163094)",1,4.45,residential,6,,,,auto,
1170,,1384,546,545,1,"LINESTRING (112.928762 28.163094, 112.928746 28.163133)",1,4.61,residential,6,,,,auto,
1171,,1384,545,546,1,"LINESTRING (112.928746 28.163133, 112.928762 28.163094)",1,4.61,residential,6,,,,auto,
1172,,1385,102,547,1,"LINESTRING (112.930348 28.161828, 112.930354 28.161882)",1,6.03,residential,6,,,,auto,
1173,,1385,547,102,1,"LINESTRING (112.930354 28.161882, 112.930348 28.161828)",1,6.03,residential,6,,,,auto,
1174,,1386,102,101,1,"LINESTRING (112.930348 28.161828, 112.930339 28.161772)",1,6.29,residential,6,,,,auto,
1175,,1386,101,102,1,"LINESTRING (112.930339 28.161772, 112.930348 28.161828)",1,6.29,residential,6,,,,auto,
1176,,1387,547,90,1,"LINESTRING (112.930354 28.161882, 112.930359 28.161935)",1,5.91,residential,6,,,,auto,
1177,,1387,90,547,1,"LINESTRING (112.930359 28.161935, 112.930354 28.161882)",1,5.91,residential,6,,,,auto,
1178,,1388,547,102,1,"LINESTRING (112.930354 28.161882, 112.930348 28.161828)",1,6.03,residential,6,,,,auto,
1179,,1388,102,547,1,"LINESTRING (112.930348 28.161828, 112.930354 28.161882)",1,6.03,residential,6,,,,auto,
1180,,1389,90,89,1,"LINESTRING (112.930359 28.161935, 112.930375 28.162104)",1,18.86,residential,6,,,,auto,
1181,,1389,89,90,1,"LINESTRING (112.930375 28.162104, 112.930359 28.161935)",1,18.86,residential,6,,,,auto,
1182,,1390,90,547,1,"LINESTRING (112.930359 28.161935, 112.930354 28.161882)",1,5.91,residential,6,,,,auto,
1183,,1390,547,90,1,"LINESTRING (112.930354 28.161882, 112.930359 28.161935)",1,5.91,residential,6,,,,auto,
1184,,1409,110,108,1,"LINESTRING (112.932083 28.164542, 112.932105 28.164472)",1,8.08,residential,6,,1,,auto,
1185,,1409,108,110,1,"LINESTRING (112.932105 28.164472, 112.932083 28.164542)",1,8.08,residential,6,,1,,auto,
1186,,1410,110,134,1,"LINESTRING (112.932083 28.164542, 112.932056 28.164589)",1,5.86,residential,6,,1,,auto,
1187,,1410,134,110,1,"LINESTRING (112.932056 28.164589, 112.932083 28.164542)",1,5.86,residential,6,,1,,auto,
1188,,1411,134,110,1,"LINESTRING (112.932056 28.164589, 112.932083 28.164542)",1,5.86,residential,6,,1,,auto,
1189,,1411,110,134,1,"LINESTRING (112.932083 28.164542, 112.932056 28.164589)",1,5.86,residential,6,,1,,auto,
1190,,1412,134,133,1,"LINESTRING (112.932056 28.164589, 112.932011 28.164644)",1,7.54,residential,6,,1,,auto,
1191,,1412,133,134,1,"LINESTRING (112.932011 28.164644, 112.932056 28.164589)",1,7.54,residential,6,,1,,auto,
1192,,1413,548,154,1,"LINESTRING (112.930933 28.164582, 112.930922 28.164527)",1,6.21,residential,6,,,,auto,
1193,,1413,154,548,1,"LINESTRING (112.930922 28.164527, 112.930933 28.164582)",1,6.21,residential,6,,,,auto,
1194,,1414,548,149,1,"LINESTRING (112.930933 28.164582, 112.930952 28.164637)",1,6.39,residential,6,,,,auto,
1195,,1414,149,548,1,"LINESTRING (112.930952 28.164637, 112.930933 28.164582)",1,6.39,residential,6,,,,auto,
1196,,1415,164,122,1,"LINESTRING (112.931364 28.16483, 112.931387 28.164804)",1,3.67,residential,6,,,,auto,
1197,,1456,549,456,1,"LINESTRING (112.933468 28.166277, 112.932929 28.166224)",1,53.16,residential,6,,,,auto,
1198,,1456,456,549,1,"LINESTRING (112.932929 28.166224, 112.933468 28.166277)",1,53.16,residential,6,,,,auto,
1199,楚怡路,1458,550,551,1,"LINESTRING (112.931369 28.16607, 112.931294 28.166749)",1,75.86,residential,6,,,,auto,
1200,,1459,550,552,1,"LINESTRING (112.931369 28.16607, 112.932784 28.16621)",1,139.58,residential,6,,,,auto,
1201,,1459,552,550,1,"LINESTRING (112.932784 28.16621, 112.931369 28.16607)",1,139.58,residential,6,,,,auto,
1202,,1482,456,552,1,"LINESTRING (112.932929 28.166224, 112.932784 28.16621)",1,14.30,residential,6,,,,auto,
1203,,1482,552,456,1,"LINESTRING (112.932784 28.16621, 112.932929 28.166224)",1,14.30,residential,6,,,,auto,
1204,,1483,456,549,1,"LINESTRING (112.932929 28.166224, 112.933468 28.166277)",1,53.16,residential,6,,,,auto,
1205,,1483,549,456,1,"LINESTRING (112.933468 28.166277, 112.932929 28.166224)",1,53.16,residential,6,,,,auto,
1206,,1484,456,454,1,"LINESTRING (112.932929 28.166224, 112.932858 28.166788)",1,63.10,residential,6,,,,auto,
1207,,1484,454,456,1,"LINESTRING (112.932858 28.166788, 112.932929 28.166224)",1,63.10,residential,6,,,,auto,
1208,,1487,553,455,1,"LINESTRING (112.932795 28.167297, 112.932821 28.16709)",1,23.16,residential,6,,,,auto,
1209,,1487,455,553,1,"LINESTRING (112.932821 28.16709, 112.932795 28.167297)",1,23.16,residential,6,,,,auto,
1210,,1488,552,550,1,"LINESTRING (112.932784 28.16621, 112.931369 28.16607)",1,139.58,residential,6,,,,auto,
1211,,1488,550,552,1,"LINESTRING (112.931369 28.16607, 112.932784 28.16621)",1,139.58,residential,6,,,,auto,
1212,,1489,552,456,1,"LINESTRING (112.932784 28.16621, 112.932929 28.166224)",1,14.30,residential,6,,,,auto,
1213,,1489,456,552,1,"LINESTRING (112.932929 28.166224, 112.932784 28.16621)",1,14.30,residential,6,,,,auto,
1214,,1490,552,554,1,"LINESTRING (112.932784 28.16621, 112.932817 28.16592)",1,32.41,residential,6,,,,auto,
1215,,1490,554,552,1,"LINESTRING (112.932817 28.16592, 112.932784 28.16621)",1,32.41,residential,6,,,,auto,
1216,,1492,554,555,1,"LINESTRING (112.932817 28.16592, 112.932852 28.165612)",1,34.42,residential,6,,,,auto,
1217,,1492,555,554,1,"LINESTRING (112.932852 28.165612, 112.932817 28.16592)",1,34.42,residential,6,,,,auto,
1218,,1493,554,552,1,"LINESTRING (112.932817 28.16592, 112.932784 28.16621)",1,32.41,residential,6,,,,auto,
1219,,1493,552,554,1,"LINESTRING (112.932784 28.16621, 112.932817 28.16592)",1,32.41,residential,6,,,,auto,
1220,,1496,555,501,1,"LINESTRING (112.932852 28.165612, 112.932883 28.165338)",1,30.62,residential,6,,,,auto,
1221,,1496,501,555,1,"LINESTRING (112.932883 28.165338, 112.932852 28.165612)",1,30.62,residential,6,,,,auto,
1222,,1497,555,554,1,"LINESTRING (112.932852 28.165612, 112.932817 28.16592)",1,34.42,residential,6,,,,auto,
1223,,1497,554,555,1,"LINESTRING (112.932817 28.16592, 112.932852 28.165612)",1,34.42,residential,6,,,,auto,
1224,,1500,501,499,1,"LINESTRING (112.932883 28.165338, 112.932923 28.164986)",1,39.34,residential,6,,,,auto,
1225,,1500,499,501,1,"LINESTRING (112.932923 28.164986, 112.932883 28.165338)",1,39.34,residential,6,,,,auto,
1226,,1501,501,555,1,"LINESTRING (112.932883 28.165338, 112.932852 28.165612)",1,30.62,residential,6,,,,auto,
1227,,1501,555,501,1,"LINESTRING (112.932852 28.165612, 112.932883 28.165338)",1,30.62,residential,6,,,,auto,
1228,,1505,455,553,1,"LINESTRING (112.932821 28.16709, 112.932795 28.167297)",1,23.16,residential,6,,,,auto,
1229,,1505,553,455,1,"LINESTRING (112.932795 28.167297, 112.932821 28.16709)",1,23.16,residential,6,,,,auto,
1230,,1506,455,454,1,"LINESTRING (112.932821 28.16709, 112.932858 28.166788)",1,33.78,residential,6,,,,auto,
1231,,1506,454,455,1,"LINESTRING (112.932858 28.166788, 112.932821 28.16709)",1,33.78,residential,6,,,,auto,
1232,楚怡路,1534,551,556,1,"LINESTRING (112.931294 28.166749, 112.931247 28.167168)",1,46.82,residential,6,,,,auto,
1233,楚怡路,1537,557,558,1,"LINESTRING (112.931234 28.166745, 112.93136 28.165585)",1,129.58,residential,6,,2,,auto,
1234,楚怡路,1539,559,557,1,"LINESTRING (112.931189 28.167162, 112.931234 28.166745)",1,46.58,residential,6,,2,,auto,
1235,楚怡路,1568,560,151,1,"LINESTRING (112.931378 28.165419, 112.931413 28.165093)",1,36.41,residential,6,,2,,auto,
1236,楚怡路,1571,505,561,1,"LINESTRING (112.93144 28.165425, 112.931422 28.16559)",1,18.43,residential,6,,,,auto,
1237,楚怡路,1575,558,560,1,"LINESTRING (112.93136 28.165585, 112.931378 28.165419)",1,18.54,residential,6,,2,,auto,
1238,楚怡路,1578,561,550,1,"LINESTRING (112.931422 28.16559, 112.931369 28.16607)",1,53.63,residential,6,,,,auto,
1239,,1604,154,147,1,"LINESTRING (112.930922 28.164527, 112.930918 28.164453)",1,8.24,residential,6,,,,auto,
1240,,1604,147,154,1,"LINESTRING (112.930918 28.164453, 112.930922 28.164527)",1,8.24,residential,6,,,,auto,
1241,,1605,154,548,1,"LINESTRING (112.930922 28.164527, 112.930933 28.164582)",1,6.21,residential,6,,,,auto,
1242,,1605,548,154,1,"LINESTRING (112.930933 28.164582, 112.930922 28.164527)",1,6.21,residential,6,,,,auto,
1243,,1606,562,144,1,"LINESTRING (112.931269 28.164865, 112.931097 28.16481)",1,17.94,residential,6,,,,auto,
1244,,1607,161,563,1,"LINESTRING (112.931333 28.164906, 112.931302 28.164882)",1,4.04,residential,6,,,,auto,
1245,,1608,563,562,1,"LINESTRING (112.931302 28.164882, 112.931269 28.164865)",1,3.75,residential,6,,,,auto,
1246,,1609,564,143,1,"LINESTRING (112.93078 28.164656, 112.931028 28.164739)",1,26.00,residential,6,,,,auto,
1247,,1610,149,548,1,"LINESTRING (112.930952 28.164637, 112.930933 28.164582)",1,6.39,residential,6,,,,auto,
1248,,1610,548,149,1,"LINESTRING (112.930933 28.164582, 112.930952 28.164637)",1,6.39,residential,6,,,,auto,
1249,,1611,149,148,1,"LINESTRING (112.930952 28.164637, 112.930985 28.164681)",1,5.87,residential,6,,,,auto,
1250,,1611,148,149,1,"LINESTRING (112.930985 28.164681, 112.930952 28.164637)",1,5.87,residential,6,,,,auto,
1251,,1612,162,565,1,"LINESTRING (112.931283 28.164823, 112.931308 28.164828)",1,2.51,residential,6,,,,auto,
1252,,1613,566,567,1,"LINESTRING (112.931334 28.164828, 112.93136 28.16482)",1,2.70,residential,6,,,,auto,
1253,,1614,567,122,1,"LINESTRING (112.93136 28.16482, 112.931387 28.164804)",1,3.19,residential,6,,,,auto,
1254,,1615,565,566,1,"LINESTRING (112.931308 28.164828, 112.931334 28.164828)",1,2.55,residential,6,,,,auto,
1255,,1616,144,142,1,"LINESTRING (112.931097 28.16481, 112.93106 28.164775)",1,5.32,residential,6,,,,auto,
1256,,1616,142,144,1,"LINESTRING (112.93106 28.164775, 112.931097 28.16481)",1,5.32,residential,6,,,,auto,
1257,,1617,144,139,1,"LINESTRING (112.931097 28.16481, 112.930758 28.164703)",1,35.30,residential,6,,,,auto,
1258,,1618,140,136,1,"LINESTRING (112.930369 28.164572, 112.930258 28.16454)",1,11.45,residential,6,,,,auto,
1259,,1619,568,447,1,"LINESTRING (112.929623 28.164486, 112.928874 28.164475)",1,73.43,residential,6,,,,auto,
1260,,1620,449,568,1,"LINESTRING (112.929874 28.164491, 112.929623 28.164486)",1,24.61,residential,6,,,,auto,
1261,,1621,569,564,1,"LINESTRING (112.930451 28.16456, 112.93078 28.164656)",1,33.97,residential,6,,,,auto,
1262,,1622,570,569,1,"LINESTRING (112.930351 28.16453, 112.930451 28.16456)",1,10.35,residential,6,,,,auto,
1263,,1623,571,570,1,"LINESTRING (112.930253 28.164502, 112.930351 28.16453)",1,10.10,residential,6,,,,auto,
1264,,1625,572,571,1,"LINESTRING (112.93013 28.164478, 112.930253 28.164502)",1,12.35,residential,6,,,,auto,
1265,,1626,573,572,1,"LINESTRING (112.929878 28.164456, 112.93013 28.164478)",1,24.82,residential,6,,,,auto,
1266,,1627,574,573,1,"LINESTRING (112.929618 28.164453, 112.929878 28.164456)",1,25.49,residential,6,,,,auto,
1267,,1628,575,574,1,"LINESTRING (112.928874 28.164442, 112.929618 28.164453)",1,72.94,residential,6,,,,auto,
1268,,1629,576,575,1,"LINESTRING (112.928772 28.164443, 112.928874 28.164442)",1,10.00,residential,6,,,,auto,
1269,,1630,577,576,1,"LINESTRING (112.92869 28.164445, 112.928772 28.164443)",1,8.04,residential,6,,,,auto,
1270,,1631,578,577,1,"LINESTRING (112.928596 28.164446, 112.92869 28.164445)",1,9.22,residential,6,,,,auto,
1271,,1632,215,167,1,"LINESTRING (112.928521 28.164445, 112.928576 28.164118)",1,36.76,residential,6,,,,auto,
1272,,1632,167,215,1,"LINESTRING (112.928576 28.164118, 112.928521 28.164445)",1,36.76,residential,6,,,,auto,
1273,,1633,215,214,1,"LINESTRING (112.928521 28.164445, 112.928516 28.164481)",1,4.03,residential,6,,,,auto,
1274,,1633,214,215,1,"LINESTRING (112.928516 28.164481, 112.928521 28.164445)",1,4.03,residential,6,,,,auto,
1275,,1634,215,578,1,"LINESTRING (112.928521 28.164445, 112.928596 28.164446)",1,7.35,residential,6,,,,auto,
1276,,1635,579,215,1,"LINESTRING (112.927526 28.164283, 112.928521 28.164445)",1,99.19,residential,6,,,,auto,
1277,,1636,352,213,1,"LINESTRING (112.927391 28.16426, 112.927386 28.164295)",1,3.92,secondary,4,40,2,,auto,
1278,,1637,352,579,1,"LINESTRING (112.927391 28.16426, 112.927526 28.164283)",1,13.48,residential,6,,,,auto,
1279,,1638,351,356,1,"LINESTRING (112.927322 28.164246, 112.927362 28.163964)",1,31.60,secondary,4,40,2,,auto,
1280,,1639,351,352,1,"LINESTRING (112.927322 28.164246, 112.927391 28.16426)",1,6.94,residential,6,,,,auto,
1281,,1640,463,460,1,"LINESTRING (112.929285 28.161175, 112.929318 28.161208)",1,4.89,residential,6,,,,auto,
1282,后湖路,1641,9,11,1,"LINESTRING (112.93628 28.161096, 112.93638 28.161236)",1,18.40,unclassified,20,,,,auto,
1283,后湖路,1641,11,9,1,"LINESTRING (112.93638 28.161236, 112.93628 28.161096)",1,18.40,unclassified,20,,,,auto,
1284,后湖路,1642,9,8,1,"LINESTRING (112.93628 28.161096, 112.93625 28.160966)",1,14.75,unclassified,20,,,,auto,
1285,后湖路,1642,8,9,1,"LINESTRING (112.93625 28.160966, 112.93628 28.161096)",1,14.75,unclassified,20,,,,auto,
1286,后湖路,1643,418,416,1,"LINESTRING (112.933479 28.161502, 112.933286 28.160859)",1,73.96,secondary,4,,,,auto,
1287,新民路,1644,378,346,1,"LINESTRING (112.927899 28.167736, 112.927904 28.167708)",1,3.15,residential,6,,1,,auto,
1288,新民路,1644,346,378,1,"LINESTRING (112.927904 28.167708, 112.927899 28.167736)",1,3.15,residential,6,,1,,auto,
1289,,1800,82,80,1,"LINESTRING (112.932291 28.162785, 112.932298 28.162717)",1,7.59,residential,6,,1,,auto,
1290,,1800,80,82,1,"LINESTRING (112.932298 28.162717, 112.932291 28.162785)",1,7.59,residential,6,,1,,auto,
1291,,1801,82,138,1,"LINESTRING (112.932291 28.162785, 112.932282 28.162862)",1,8.61,residential,6,,1,,auto,
1292,,1801,138,82,1,"LINESTRING (112.932282 28.162862, 112.932291 28.162785)",1,8.61,residential,6,,1,,auto,
1293,,1829,400,398,1,"LINESTRING (112.928724 28.159249, 112.928689 28.159355)",1,12.28,residential,6,,,,auto,
1294,,1830,387,580,1,"LINESTRING (112.928626 28.159349, 112.928689 28.159161)",1,21.80,residential,6,,,,auto,
1295,后湖路,1831,437,435,1,"LINESTRING (112.934949 28.165284, 112.934899 28.165205)",1,10.06,secondary,4,,,,auto,
1296,后湖路,1840,2,6,1,"LINESTRING (112.935544 28.160136, 112.935709 28.160254)",1,20.83,unclassified,20,,,,auto,
1297,后湖路,1840,6,2,1,"LINESTRING (112.935709 28.160254, 112.935544 28.160136)",1,20.83,unclassified,20,,,,auto,
1298,后湖路,1841,2,1,1,"LINESTRING (112.935544 28.160136, 112.935523 28.160121)",1,2.65,unclassified,20,,,,auto,
1299,后湖路,1841,1,2,1,"LINESTRING (112.935523 28.160121, 112.935544 28.160136)",1,2.65,unclassified,20,,,,auto,
1300,,1849,180,198,1,"LINESTRING (112.935942 28.167173, 112.935952 28.167084)",1,9.94,residential,6,,,,auto,
1301,,1849,198,180,1,"LINESTRING (112.935952 28.167084, 112.935942 28.167173)",1,9.94,residential,6,,,,auto,
1302,,1850,180,178,1,"LINESTRING (112.935942 28.167173, 112.935891 28.16726)",1,10.89,residential,6,,,,auto,
1303,,1850,178,180,1,"LINESTRING (112.935891 28.16726, 112.935942 28.167173)",1,10.89,residential,6,,,,auto,
1304,,1851,198,196,1,"LINESTRING (112.935952 28.167084, 112.93592 28.166651)",1,48.25,residential,6,,,,auto,
1305,,1851,196,198,1,"LINESTRING (112.93592 28.166651, 112.935952 28.167084)",1,48.25,residential,6,,,,auto,
1306,,1852,198,180,1,"LINESTRING (112.935952 28.167084, 112.935942 28.167173)",1,9.94,residential,6,,,,auto,
1307,,1852,180,198,1,"LINESTRING (112.935942 28.167173, 112.935952 28.167084)",1,9.94,residential,6,,,,auto,
1308,后湖路,1853,197,442,1,"LINESTRING (112.936064 28.166531, 112.935945 28.166443)",1,15.23,secondary,4,,,,auto,
1309,,1854,197,196,1,"LINESTRING (112.936064 28.166531, 112.93592 28.166651)",1,19.42,residential,6,,,,auto,
1310,,1854,196,197,1,"LINESTRING (112.93592 28.166651, 112.936064 28.166531)",1,19.42,residential,6,,,,auto,
