<?xml version='1.0' encoding='utf-8'?>
<osm version="0.6" generator="OSMnx 1.8.0"><node id="690133534" timestamp="2026-03-31T16:39:34Z" uid="1" user="OSMnx" version="1" changeset="1" lat="28.160121" lon="112.935523" /><node id="690133536" timestamp="2026-03-31T16:39:34Z" uid="1" user="OSMnx" version="1" changeset="1" lat="28.160412" lon="112.935914" /><node id="690133539" timestamp="2026-03-31T16:39:34Z" uid="1" user="OSMnx" version="1" changeset="1" lat="28.160568" lon="112.93605" /><node id="690133542" timestamp="2026-03-31T16:39:34Z" uid="1" user="OSMnx" version="1" changeset="1" lat="28.160966" lon="112.93625" /><node id="690133544" timestamp="2026-03-31T16:39:34Z" uid="1" user="OSMnx" version="1" changeset="1" lat="28.161236" lon="112.93638" /><node id="690133547" timestamp="2026-03-31T16:39:34Z" uid="1" user="OSMnx" version="1" changeset="1" lat="28.161375" lon="112.936633" /><node id="690134028" timestamp="2026-03-31T16:39:34Z" uid="1" user="OSMnx" version="1" changeset="1" lat="28.165287" lon="112.936406" /><node id="690136812" timestamp="2026-03-31T16:39:34Z" uid="1" user="OSMnx" version="1" changeset="1" lat="28.165443" lon="112.936287" /><node id="690137051" timestamp="2026-03-31T16:39:34Z" uid="1" user="OSMnx" version="1" changeset="1" lat="28.165767" lon="112.935379" /><node id="690140329" timestamp="2026-03-31T16:39:34Z" uid="1" user="OSMnx" version="1" changeset="1" lat="28.164133" lon="112.93471" /><node id="690140331" timestamp="2026-03-31T16:39:34Z" uid="1" user="OSMnx" version="1" changeset="1" lat="28.164291" lon="112.934943" /><node id="690140333" timestamp="2026-03-31T16:39:34Z" uid="1" user="OSMnx" version="1" changeset="1" lat="28.16441" lon="112.935254" /><node id="690140337" timestamp="2026-03-31T16:39:34Z" uid="1" user="OSMnx" version="1" changeset="1" lat="28.164575" lon="112.93565" /><node id="690140339" timestamp="2026-03-31T16:39:34Z" uid="1" user="OSMnx" version="1" changeset="1" lat="28.164642" lon="112.935833" /><node id="690140341" timestamp="2026-03-31T16:39:34Z" uid="1" user="OSMnx" version="1" changeset="1" lat="28.164708" lon="112.935951" /><node id="690140343" timestamp="2026-03-31T16:39:34Z" uid="1" user="OSMnx" version="1" changeset="1" lat="28.164812" lon="112.935994" /><node id="690140345" timestamp="2026-03-31T16:39:34Z" uid="1" user="OSMnx" version="1" changeset="1" lat="28.16519" lon="112.936037" /><node id="690140348" timestamp="2026-03-31T16:39:34Z" uid="1" user="OSMnx" version="1" changeset="1" lat="28.165294" lon="112.936112" /><node id="711491673" timestamp="2026-03-31T16:39:34Z" uid="1" user="OSMnx" version="1" changeset="1" lat="28.167484" lon="112.927418" /><node id="711491675" timestamp="2026-03-31T16:39:34Z" uid="1" user="OSMnx" version="1" changeset="1" lat="28.167809" lon="112.928912" /><node id="711531318" timestamp="2026-03-31T16:39:34Z" uid="1" user="OSMnx" version="1" changeset="1" lat="28.159235" lon="112.934827" /><node id="711531319" timestamp="2026-03-31T16:39:34Z" uid="1" user="OSMnx" version="1" changeset="1" lat="28.15934" lon="112.934807" /><node id="711531320" timestamp="2026-03-31T16:39:34Z" uid="1" user="OSMnx" version="1" changeset="1" lat="28.159567" lon="112.934848" /><node id="711531321" timestamp="2026-03-31T16:39:34Z" uid="1" user="OSMnx" version="1" changeset="1" lat="28.159771" lon="112.935007" /><node id="1658690024" timestamp="2026-03-31T16:39:34Z" uid="1" user="OSMnx" version="1" changeset="1" lat="28.167338" lon="112.926845" /><node id="1658714407" timestamp="2026-03-31T16:39:34Z" uid="1" user="OSMnx" version="1" changeset="1" lat="28.161912" lon="112.929969" /><node id="1658714408" timestamp="2026-03-31T16:39:34Z" uid="1" user="OSMnx" version="1" changeset="1" lat="28.161072" lon="112.929099" /><node id="1658726496" timestamp="2026-03-31T16:39:34Z" uid="1" user="OSMnx" version="1" changeset="1" lat="28.162092" lon="112.931315" /><node id="1658726504" timestamp="2026-03-31T16:39:34Z" uid="1" user="OSMnx" version="1" changeset="1" lat="28.161053" lon="112.931266" /><node id="1658988752" timestamp="2026-03-31T16:39:34Z" uid="1" user="OSMnx" version="1" changeset="1" lat="28.162979" lon="112.927629" /><node id="1658988754" timestamp="2026-03-31T16:39:34Z" uid="1" user="OSMnx" version="1" changeset="1" lat="28.16307" lon="112.927522" /><node id="1658988755" timestamp="2026-03-31T16:39:34Z" uid="1" user="OSMnx" version="1" changeset="1" lat="28.161502" lon="112.928481" /><node id="1658988757" timestamp="2026-03-31T16:39:34Z" uid="1" user="OSMnx" version="1" changeset="1" lat="28.161433" lon="112.928655" /><node id="1658988765" timestamp="2026-03-31T16:39:34Z" uid="1" user="OSMnx" version="1" changeset="1" lat="28.161745" lon="112.928252" /><node id="1658988770" timestamp="2026-03-31T16:39:34Z" uid="1" user="OSMnx" version="1" changeset="1" lat="28.162929" lon="112.927562" /><node id="1658988771" timestamp="2026-03-31T16:39:34Z" uid="1" user="OSMnx" version="1" changeset="1" lat="28.163388" lon="112.927447" /><node id="1658988773" timestamp="2026-03-31T16:39:34Z" uid="1" user="OSMnx" version="1" changeset="1" lat="28.161792" lon="112.928308" /><node id="1658988774" timestamp="2026-03-31T16:39:34Z" uid="1" user="OSMnx" version="1" changeset="1" lat="28.161622" lon="112.928464" /><node id="1658988775" timestamp="2026-03-31T16:39:34Z" uid="1" user="OSMnx" version="1" changeset="1" lat="28.162245" lon="112.927984" /><node id="1658988776" timestamp="2026-03-31T16:39:34Z" uid="1" user="OSMnx" version="1" changeset="1" lat="28.162492" lon="112.927842" /><node id="1658988777" timestamp="2026-03-31T16:39:34Z" uid="1" user="OSMnx" version="1" changeset="1" lat="28.162552" lon="112.927728" /><node id="1658988783" timestamp="2026-03-31T16:39:34Z" uid="1" user="OSMnx" version="1" changeset="1" lat="28.161913" lon="112.928119" /><node id="1658988787" timestamp="2026-03-31T16:39:34Z" uid="1" user="OSMnx" version="1" changeset="1" lat="28.162835" lon="112.927683" /><node id="1658988789" timestamp="2026-03-31T16:39:34Z" uid="1" user="OSMnx" version="1" changeset="1" lat="28.162804" lon="112.927609" /><node id="1658988793" timestamp="2026-03-31T16:39:34Z" uid="1" user="OSMnx" version="1" changeset="1" lat="28.15985" lon="112.930537" /><node id="1658988794" timestamp="2026-03-31T16:39:34Z" uid="1" user="OSMnx" version="1" changeset="1" lat="28.162378" lon="112.927808" /><node id="1658988795" timestamp="2026-03-31T16:39:34Z" uid="1" user="OSMnx" version="1" changeset="1" lat="28.163164" lon="112.927579" /><node id="1658988796" timestamp="2026-03-31T16:39:34Z" uid="1" user="OSMnx" version="1" changeset="1" lat="28.162042" lon="112.928018" /><node id="1658988797" timestamp="2026-03-31T16:39:34Z" uid="1" user="OSMnx" version="1" changeset="1" lat="28.161063" lon="112.928986" /><node id="1658988799" timestamp="2026-03-31T16:39:34Z" uid="1" user="OSMnx" version="1" changeset="1" lat="28.163304" lon="112.927547" /><node id="1658988807" timestamp="2026-03-31T16:39:34Z" uid="1" user="OSMnx" version="1" changeset="1" lat="28.162686" lon="112.927659" /><node id="1658988810" timestamp="2026-03-31T16:39:34Z" uid="1" user="OSMnx" version="1" changeset="1" lat="28.16123" lon="112.928897" /><node id="1658988812" timestamp="2026-03-31T16:39:34Z" uid="1" user="OSMnx" version="1" changeset="1" lat="28.162076" lon="112.928089" /><node id="1658988816" timestamp="2026-03-31T16:39:34Z" uid="1" user="OSMnx" version="1" changeset="1" lat="28.162212" lon="112.927907" /><node id="1658988817" timestamp="2026-03-31T16:39:34Z" uid="1" user="OSMnx" version="1" changeset="1" lat="28.163212" lon="112.927485" /><node id="1658988818" timestamp="2026-03-31T16:39:34Z" uid="1" user="OSMnx" version="1" changeset="1" lat="28.161354" lon="112.928633" /><node id="1658988829" timestamp="2026-03-31T16:39:34Z" uid="1" user="OSMnx" version="1" changeset="1" lat="28.162392" lon="112.927898" /><node id="1658988830" timestamp="2026-03-31T16:39:34Z" uid="1" user="OSMnx" version="1" changeset="1" lat="28.161181" lon="112.928847" /><node id="1659009938" timestamp="2026-03-31T16:39:34Z" uid="1" user="OSMnx" version="1" changeset="1" lat="28.161596" lon="112.930665" /><node id="1659009939" timestamp="2026-03-31T16:39:34Z" uid="1" user="OSMnx" version="1" changeset="1" lat="28.160954" lon="112.930455" /><node id="1659009941" timestamp="2026-03-31T16:39:34Z" uid="1" user="OSMnx" version="1" changeset="1" lat="28.162717" lon="112.932298" /><node id="1659009942" timestamp="2026-03-31T16:39:34Z" uid="1" user="OSMnx" version="1" changeset="1" lat="28.1618" lon="112.928998" /><node id="1659009943" timestamp="2026-03-31T16:39:34Z" uid="1" user="OSMnx" version="1" changeset="1" lat="28.162315" lon="112.931248" /><node id="1659009944" timestamp="2026-03-31T16:39:34Z" uid="1" user="OSMnx" version="1" changeset="1" lat="28.161647" lon="112.93054" /><node id="1659009945" timestamp="2026-03-31T16:39:34Z" uid="1" user="OSMnx" version="1" changeset="1" lat="28.16148" lon="112.930473" /><node id="1659009946" timestamp="2026-03-31T16:39:34Z" uid="1" user="OSMnx" version="1" changeset="1" lat="28.160804" lon="112.930535" /><node id="1659009947" timestamp="2026-03-31T16:39:34Z" uid="1" user="OSMnx" version="1" changeset="1" lat="28.160242" lon="112.931332" /><node id="1659009948" timestamp="2026-03-31T16:39:34Z" uid="1" user="OSMnx" version="1" changeset="1" lat="28.162155" lon="112.931307" /><node id="1659009949" timestamp="2026-03-31T16:39:34Z" uid="1" user="OSMnx" version="1" changeset="1" lat="28.16223" lon="112.931285" /><node id="1659009950" timestamp="2026-03-31T16:39:34Z" uid="1" user="OSMnx" version="1" changeset="1" lat="28.162715" lon="112.93037" /><node id="1659009951" timestamp="2026-03-31T16:39:34Z" uid="1" user="OSMnx" version="1" changeset="1" lat="28.162104" lon="112.930375" /><node id="1659009952" timestamp="2026-03-31T16:39:34Z" uid="1" user="OSMnx" version="1" changeset="1" lat="28.16051" lon="112.93018" /><node id="1659009954" timestamp="2026-03-31T16:39:34Z" uid="1" user="OSMnx" version="1" changeset="1" lat="28.162662" lon="112.931867" /><node id="1659009955" timestamp="2026-03-31T16:39:34Z" uid="1" user="OSMnx" version="1" changeset="1" lat="28.160882" lon="112.930492" /><node id="1659009956" timestamp="2026-03-31T16:39:34Z" uid="1" user="OSMnx" version="1" changeset="1" lat="28.162436" lon="112.930373" /><node id="1659009957" timestamp="2026-03-31T16:39:34Z" uid="1" user="OSMnx" version="1" changeset="1" lat="28.161961" lon="112.931742" /><node id="1659009958" timestamp="2026-03-31T16:39:34Z" uid="1" user="OSMnx" version="1" changeset="1" lat="28.161996" lon="112.932345" /><node id="1659009959" timestamp="2026-03-31T16:39:34Z" uid="1" user="OSMnx" version="1" changeset="1" lat="28.162118" lon="112.929603" /><node id="1659009960" timestamp="2026-03-31T16:39:34Z" uid="1" user="OSMnx" version="1" changeset="1" lat="28.162411" lon="112.929353" /><node id="1659009961" timestamp="2026-03-31T16:39:34Z" uid="1" user="OSMnx" version="1" changeset="1" lat="28.162691" lon="112.931923" /><node id="1659009962" timestamp="2026-03-31T16:39:34Z" uid="1" user="OSMnx" version="1" changeset="1" lat="28.162204" lon="112.928796" /><node id="1659009963" timestamp="2026-03-31T16:39:34Z" uid="1" user="OSMnx" version="1" changeset="1" lat="28.162386" lon="112.931183" /><node id="1659009964" timestamp="2026-03-31T16:39:34Z" uid="1" user="OSMnx" version="1" changeset="1" lat="28.161772" lon="112.930339" /><node id="1659009965" timestamp="2026-03-31T16:39:34Z" uid="1" user="OSMnx" version="1" changeset="1" lat="28.160916" lon="112.931927" /><node id="1659009966" timestamp="2026-03-31T16:39:34Z" uid="1" user="OSMnx" version="1" changeset="1" lat="28.161913" lon="112.931314" /><node id="1659009967" timestamp="2026-03-31T16:39:34Z" uid="1" user="OSMnx" version="1" changeset="1" lat="28.162609" lon="112.931832" /><node id="1659009968" timestamp="2026-03-31T16:39:34Z" uid="1" user="OSMnx" version="1" changeset="1" lat="28.162059" lon="112.932385" /><node id="1659009970" timestamp="2026-03-31T16:39:34Z" uid="1" user="OSMnx" version="1" changeset="1" lat="28.161968" lon="112.931665" /><node id="1659009971" timestamp="2026-03-31T16:39:34Z" uid="1" user="OSMnx" version="1" changeset="1" lat="28.161089" lon="112.930419" /><node id="1659009972" timestamp="2026-03-31T16:39:34Z" uid="1" user="OSMnx" version="1" changeset="1" lat="28.164472" lon="112.932105" /><node id="1659009973" timestamp="2026-03-31T16:39:34Z" uid="1" user="OSMnx" version="1" changeset="1" lat="28.160877" lon="112.931137" /><node id="1659009975" timestamp="2026-03-31T16:39:34Z" uid="1" user="OSMnx" version="1" changeset="1" lat="28.161551" lon="112.931286" /><node id="1659009976" timestamp="2026-03-31T16:39:34Z" uid="1" user="OSMnx" version="1" changeset="1" lat="28.162164" lon="112.928628" /><node id="1659009977" timestamp="2026-03-31T16:39:34Z" uid="1" user="OSMnx" version="1" changeset="1" lat="28.160917" lon="112.931166" /><node id="1659009978" timestamp="2026-03-31T16:39:34Z" uid="1" user="OSMnx" version="1" changeset="1" lat="28.162448" lon="112.931038" /><node id="1659009979" timestamp="2026-03-31T16:39:34Z" uid="1" user="OSMnx" version="1" changeset="1" lat="28.161859" lon="112.929216" /><node id="1659009980" timestamp="2026-03-31T16:39:34Z" uid="1" user="OSMnx" version="1" changeset="1" lat="28.160509" lon="112.930794" /><node id="1659009981" timestamp="2026-03-31T16:39:34Z" uid="1" user="OSMnx" version="1" changeset="1" lat="28.160662" lon="112.930623" /><node id="1659009982" timestamp="2026-03-31T16:39:34Z" uid="1" user="OSMnx" version="1" changeset="1" lat="28.160147" lon="112.931672" /><node id="1659009983" timestamp="2026-03-31T16:39:34Z" uid="1" user="OSMnx" version="1" changeset="1" lat="28.162429" lon="112.931114" /><node id="1659009984" timestamp="2026-03-31T16:39:34Z" uid="1" user="OSMnx" version="1" changeset="1" lat="28.16035" lon="112.931104" /><node id="1659009986" timestamp="2026-03-31T16:39:34Z" uid="1" user="OSMnx" version="1" changeset="1" lat="28.161211" lon="112.930419" /><node id="1659009987" timestamp="2026-03-31T16:39:34Z" uid="1" user="OSMnx" version="1" changeset="1" lat="28.161982" lon="112.931496" /><node id="1659009988" timestamp="2026-03-31T16:39:34Z" uid="1" user="OSMnx" version="1" changeset="1" lat="28.162154" lon="112.928305" /><node id="1659009989" timestamp="2026-03-31T16:39:34Z" uid="1" user="OSMnx" version="1" changeset="1" lat="28.161825" lon="112.930196" /><node id="1659009990" timestamp="2026-03-31T16:39:34Z" uid="1" user="OSMnx" version="1" changeset="1" lat="28.160181" lon="112.931508" /><node id="1659009991" timestamp="2026-03-31T16:39:34Z" uid="1" user="OSMnx" version="1" changeset="1" lat="28.161342" lon="112.93044" /><node id="1659009993" timestamp="2026-03-31T16:39:34Z" uid="1" user="OSMnx" version="1" changeset="1" lat="28.161979" lon="112.931442" /><node id="1659009994" timestamp="2026-03-31T16:39:34Z" uid="1" user="OSMnx" version="1" changeset="1" lat="28.16157" lon="112.930761" /><node id="1659009995" timestamp="2026-03-31T16:39:34Z" uid="1" user="OSMnx" version="1" changeset="1" lat="28.16059" lon="112.9307" /><node id="1659032363" timestamp="2026-03-31T16:39:34Z" uid="1" user="OSMnx" version="1" changeset="1" lat="28.164939" lon="112.931592" /><node id="1659032365" timestamp="2026-03-31T16:39:34Z" uid="1" user="OSMnx" version="1" changeset="1" lat="28.163777" lon="112.931781" /><node id="1659032368" timestamp="2026-03-31T16:39:34Z" uid="1" user="OSMnx" version="1" changeset="1" lat="28.164804" lon="112.931387" /><node id="1659032370" timestamp="2026-03-31T16:39:34Z" uid="1" user="OSMnx" version="1" changeset="1" lat="28.163749" lon="112.931386" /><node id="1659032373" timestamp="2026-03-31T16:39:34Z" uid="1" user="OSMnx" version="1" changeset="1" lat="28.16498" lon="112.931544" /><node id="1659032377" timestamp="2026-03-31T16:39:34Z" uid="1" user="OSMnx" version="1" changeset="1" lat="28.164828" lon="112.931589" /><node id="1659032378" timestamp="2026-03-31T16:39:34Z" uid="1" user="OSMnx" version="1" changeset="1" lat="28.165095" lon="112.933967" /><node id="1659032388" timestamp="2026-03-31T16:39:34Z" uid="1" user="OSMnx" version="1" changeset="1" lat="28.164988" lon="112.931431" /><node id="1659032390" timestamp="2026-03-31T16:39:34Z" uid="1" user="OSMnx" version="1" changeset="1" lat="28.164784" lon="112.931416" /><node id="1659032392" timestamp="2026-03-31T16:39:34Z" uid="1" user="OSMnx" version="1" changeset="1" lat="28.163035" lon="112.92971" /><node id="1659032395" timestamp="2026-03-31T16:39:34Z" uid="1" user="OSMnx" version="1" changeset="1" lat="28.164644" lon="112.932011" /><node id="1659032396" timestamp="2026-03-31T16:39:34Z" uid="1" user="OSMnx" version="1" changeset="1" lat="28.16454" lon="112.930258" /><node id="1659032399" timestamp="2026-03-31T16:39:34Z" uid="1" user="OSMnx" version="1" changeset="1" lat="28.163796" lon="112.932175" /><node id="1659032401" timestamp="2026-03-31T16:39:34Z" uid="1" user="OSMnx" version="1" changeset="1" lat="28.163037" lon="112.929852" /><node id="1659032402" timestamp="2026-03-31T16:39:34Z" uid="1" user="OSMnx" version="1" changeset="1" lat="28.163767" lon="112.930656" /><node id="1659032413" timestamp="2026-03-31T16:39:34Z" uid="1" user="OSMnx" version="1" changeset="1" lat="28.164703" lon="112.930758" /><node id="1659032416" timestamp="2026-03-31T16:39:34Z" uid="1" user="OSMnx" version="1" changeset="1" lat="28.164969" lon="112.931394" /><node id="1659032420" timestamp="2026-03-31T16:39:34Z" uid="1" user="OSMnx" version="1" changeset="1" lat="28.164775" lon="112.93106" /><node id="1659032423" timestamp="2026-03-31T16:39:34Z" uid="1" user="OSMnx" version="1" changeset="1" lat="28.163798" lon="112.931174" /><node id="1659032424" timestamp="2026-03-31T16:39:34Z" uid="1" user="OSMnx" version="1" changeset="1" lat="28.163244" lon="112.929238" /><node id="1659032426" timestamp="2026-03-31T16:39:34Z" uid="1" user="OSMnx" version="1" changeset="1" lat="28.163761" lon="112.931264" /><node id="1659032441" timestamp="2026-03-31T16:39:34Z" uid="1" user="OSMnx" version="1" changeset="1" lat="28.164746" lon="112.931887" /><node id="1659032444" timestamp="2026-03-31T16:39:34Z" uid="1" user="OSMnx" version="1" changeset="1" lat="28.164773" lon="112.931451" /><node id="1659032447" timestamp="2026-03-31T16:39:34Z" uid="1" user="OSMnx" version="1" changeset="1" lat="28.163852" lon="112.930971" /><node id="1659032453" timestamp="2026-03-31T16:39:34Z" uid="1" user="OSMnx" version="1" changeset="1" lat="28.164681" lon="112.930985" /><node id="1659032455" timestamp="2026-03-31T16:39:34Z" uid="1" user="OSMnx" version="1" changeset="1" lat="28.163666" lon="112.930036" /><node id="1659032457" timestamp="2026-03-31T16:39:34Z" uid="1" user="OSMnx" version="1" changeset="1" lat="28.163794" lon="112.930753" /><node id="1659032472" timestamp="2026-03-31T16:39:34Z" uid="1" user="OSMnx" version="1" changeset="1" lat="28.162916" lon="112.929434" /><node id="1659032475" timestamp="2026-03-31T16:39:34Z" uid="1" user="OSMnx" version="1" changeset="1" lat="28.164771" lon="112.931488" /><node id="1659032479" timestamp="2026-03-31T16:39:34Z" uid="1" user="OSMnx" version="1" changeset="1" lat="28.165093" lon="112.931413" /><node id="1659032495" timestamp="2026-03-31T16:39:34Z" uid="1" user="OSMnx" version="1" changeset="1" lat="28.164959" lon="112.931572" /><node id="1659032500" timestamp="2026-03-31T16:39:34Z" uid="1" user="OSMnx" version="1" changeset="1" lat="28.164453" lon="112.930918" /><node id="1659032504" timestamp="2026-03-31T16:39:34Z" uid="1" user="OSMnx" version="1" changeset="1" lat="28.162736" lon="112.929136" /><node id="1659032506" timestamp="2026-03-31T16:39:34Z" uid="1" user="OSMnx" version="1" changeset="1" lat="28.1648" lon="112.931563" /><node id="1659032510" timestamp="2026-03-31T16:39:34Z" uid="1" user="OSMnx" version="1" changeset="1" lat="28.163699" lon="112.930368" /><node id="1659032513" timestamp="2026-03-31T16:39:34Z" uid="1" user="OSMnx" version="1" changeset="1" lat="28.162715" lon="112.929856" /><node id="1659032516" timestamp="2026-03-31T16:39:34Z" uid="1" user="OSMnx" version="1" changeset="1" lat="28.16478" lon="112.931528" /><node id="1659032519" timestamp="2026-03-31T16:39:34Z" uid="1" user="OSMnx" version="1" changeset="1" lat="28.162915" lon="112.929224" /><node id="1659032525" timestamp="2026-03-31T16:39:34Z" uid="1" user="OSMnx" version="1" changeset="1" lat="28.163833" lon="112.931078" /><node id="1659032527" timestamp="2026-03-31T16:39:34Z" uid="1" user="OSMnx" version="1" changeset="1" lat="28.16494" lon="112.931367" /><node id="1659032532" timestamp="2026-03-31T16:39:34Z" uid="1" user="OSMnx" version="1" changeset="1" lat="28.164739" lon="112.931028" /><node id="1659032533" timestamp="2026-03-31T16:39:34Z" uid="1" user="OSMnx" version="1" changeset="1" lat="28.163797" lon="112.929674" /><node id="1659032535" timestamp="2026-03-31T16:39:34Z" uid="1" user="OSMnx" version="1" changeset="1" lat="28.164866" lon="112.931351" /><node id="1659032538" timestamp="2026-03-31T16:39:34Z" uid="1" user="OSMnx" version="1" changeset="1" lat="28.163766" lon="112.928646" /><node id="1659032539" timestamp="2026-03-31T16:39:34Z" uid="1" user="OSMnx" version="1" changeset="1" lat="28.164904" lon="112.931352" /><node id="1660236528" timestamp="2026-03-31T16:39:34Z" uid="1" user="OSMnx" version="1" changeset="1" lat="28.160473" lon="112.929739"><tag k="highway" v="bus_stop" /></node><node id="2277900373" timestamp="2026-03-31T16:39:34Z" uid="1" user="OSMnx" version="1" changeset="1" lat="28.167378" lon="112.926983" /><node id="2277900385" timestamp="2026-03-31T16:39:34Z" uid="1" user="OSMnx" version="1" changeset="1" lat="28.167998" lon="112.926835" /><node id="2277900399" timestamp="2026-03-31T16:39:34Z" uid="1" user="OSMnx" version="1" changeset="1" lat="28.167607" lon="112.927018" /><node id="2277900401" timestamp="2026-03-31T16:39:34Z" uid="1" user="OSMnx" version="1" changeset="1" lat="28.167732" lon="112.926977" /><node id="2277993883" timestamp="2026-03-31T16:39:34Z" uid="1" user="OSMnx" version="1" changeset="1" lat="28.167583" lon="112.927926" /><node id="3129530033" timestamp="2026-03-31T16:39:34Z" uid="1" user="OSMnx" version="1" changeset="1" lat="28.16049" lon="112.930856" /><node id="3442405592" timestamp="2026-03-31T16:39:34Z" uid="1" user="OSMnx" version="1" changeset="1" lat="28.16726" lon="112.935891" /><node id="3442405593" timestamp="2026-03-31T16:39:34Z" uid="1" user="OSMnx" version="1" changeset="1" lat="28.167265" lon="112.934653" /><node id="3442405594" timestamp="2026-03-31T16:39:34Z" uid="1" user="OSMnx" version="1" changeset="1" lat="28.167067" lon="112.934601" /><node id="3442405595" timestamp="2026-03-31T16:39:34Z" uid="1" user="OSMnx" version="1" changeset="1" lat="28.165661" lon="112.934586" /><node id="3442405596" timestamp="2026-03-31T16:39:34Z" uid="1" user="OSMnx" version="1" changeset="1" lat="28.166319" lon="112.934594" /><node id="3442405597" timestamp="2026-03-31T16:39:34Z" uid="1" user="OSMnx" version="1" changeset="1" lat="28.166319" lon="112.935342" /><node id="3442405598" timestamp="2026-03-31T16:39:34Z" uid="1" user="OSMnx" version="1" changeset="1" lat="28.166317" lon="112.933596" /><node id="3442405599" timestamp="2026-03-31T16:39:34Z" uid="1" user="OSMnx" version="1" changeset="1" lat="28.165967" lon="112.934592" /><node id="3442405600" timestamp="2026-03-31T16:39:34Z" uid="1" user="OSMnx" version="1" changeset="1" lat="28.165962" lon="112.935036" /><node id="3442405601" timestamp="2026-03-31T16:39:34Z" uid="1" user="OSMnx" version="1" changeset="1" lat="28.165968" lon="112.933592" /><node id="3442405602" timestamp="2026-03-31T16:39:34Z" uid="1" user="OSMnx" version="1" changeset="1" lat="28.166438" lon="112.933597" /><node id="3442405606" timestamp="2026-03-31T16:39:34Z" uid="1" user="OSMnx" version="1" changeset="1" lat="28.165654" lon="112.933589" /><node id="3442405611" timestamp="2026-03-31T16:39:34Z" uid="1" user="OSMnx" version="1" changeset="1" lat="28.166663" lon="112.933849" /><node id="3442405612" timestamp="2026-03-31T16:39:34Z" uid="1" user="OSMnx" version="1" changeset="1" lat="28.166669" lon="112.934598" /><node id="3442405613" timestamp="2026-03-31T16:39:34Z" uid="1" user="OSMnx" version="1" changeset="1" lat="28.166651" lon="112.93592" /><node id="3442405615" timestamp="2026-03-31T16:39:34Z" uid="1" user="OSMnx" version="1" changeset="1" lat="28.167133" lon="112.933846" /><node id="3442405616" timestamp="2026-03-31T16:39:34Z" uid="1" user="OSMnx" version="1" changeset="1" lat="28.166581" lon="112.933688" /><node id="3442405617" timestamp="2026-03-31T16:39:34Z" uid="1" user="OSMnx" version="1" changeset="1" lat="28.165588" lon="112.936474" /><node id="3444498149" timestamp="2026-03-31T16:39:34Z" uid="1" user="OSMnx" version="1" changeset="1" lat="28.167083" lon="112.933846" /><node id="3660206577" timestamp="2026-03-31T16:39:34Z" uid="1" user="OSMnx" version="1" changeset="1" lat="28.160475" lon="112.92865" /><node id="3660285749" timestamp="2026-03-31T16:39:34Z" uid="1" user="OSMnx" version="1" changeset="1" lat="28.159665" lon="112.928565" /><node id="3660285767" timestamp="2026-03-31T16:39:34Z" uid="1" user="OSMnx" version="1" changeset="1" lat="28.160865" lon="112.928801" /><node id="3846490216" timestamp="2026-03-31T16:39:34Z" uid="1" user="OSMnx" version="1" changeset="1" lat="28.16519" lon="112.928405" /><node id="3846490221" timestamp="2026-03-31T16:39:34Z" uid="1" user="OSMnx" version="1" changeset="1" lat="28.165129" lon="112.927589" /><node id="3846693941" timestamp="2026-03-31T16:39:34Z" uid="1" user="OSMnx" version="1" changeset="1" lat="28.161214" lon="112.93075" /><node id="3846693951" timestamp="2026-03-31T16:39:34Z" uid="1" user="OSMnx" version="1" changeset="1" lat="28.161171" lon="112.930923" /><node id="3846693954" timestamp="2026-03-31T16:39:34Z" uid="1" user="OSMnx" version="1" changeset="1" lat="28.16124" lon="112.930784" /><node id="3846693955" timestamp="2026-03-31T16:39:34Z" uid="1" user="OSMnx" version="1" changeset="1" lat="28.161159" lon="112.930602" /><node id="3846694261" timestamp="2026-03-31T16:39:34Z" uid="1" user="OSMnx" version="1" changeset="1" lat="28.163414" lon="112.929336" /><node id="3846694265" timestamp="2026-03-31T16:39:34Z" uid="1" user="OSMnx" version="1" changeset="1" lat="28.16125" lon="112.930821" /><node id="3846694282" timestamp="2026-03-31T16:39:34Z" uid="1" user="OSMnx" version="1" changeset="1" lat="28.162557" lon="112.928039" /><node id="3846694286" timestamp="2026-03-31T16:39:34Z" uid="1" user="OSMnx" version="1" changeset="1" lat="28.163989" lon="112.927692" /><node id="3846694299" timestamp="2026-03-31T16:39:34Z" uid="1" user="OSMnx" version="1" changeset="1" lat="28.160953" lon="112.930997" /><node id="3846694304" timestamp="2026-03-31T16:39:34Z" uid="1" user="OSMnx" version="1" changeset="1" lat="28.161352" lon="112.931082" /><node id="3846694305" timestamp="2026-03-31T16:39:34Z" uid="1" user="OSMnx" version="1" changeset="1" lat="28.161159" lon="112.930512" /><node id="3846694312" timestamp="2026-03-31T16:39:34Z" uid="1" user="OSMnx" version="1" changeset="1" lat="28.160946" lon="112.928859" /><node id="3846694314" timestamp="2026-03-31T16:39:34Z" uid="1" user="OSMnx" version="1" changeset="1" lat="28.161138" lon="112.93099" /><node id="3846694349" timestamp="2026-03-31T16:39:34Z" uid="1" user="OSMnx" version="1" changeset="1" lat="28.161159" lon="112.930557" /><node id="3846694366" timestamp="2026-03-31T16:39:34Z" uid="1" user="OSMnx" version="1" changeset="1" lat="28.162631" lon="112.928593" /><node id="3846694386" timestamp="2026-03-31T16:39:34Z" uid="1" user="OSMnx" version="1" changeset="1" lat="28.161263" lon="112.9309" /><node id="3846694393" timestamp="2026-03-31T16:39:34Z" uid="1" user="OSMnx" version="1" changeset="1" lat="28.163376" lon="112.929256" /><node id="3846694397" timestamp="2026-03-31T16:39:34Z" uid="1" user="OSMnx" version="1" changeset="1" lat="28.161166" lon="112.930974" /><node id="3846694402" timestamp="2026-03-31T16:39:34Z" uid="1" user="OSMnx" version="1" changeset="1" lat="28.161248" lon="112.930857" /><node id="3846694415" timestamp="2026-03-31T16:39:34Z" uid="1" user="OSMnx" version="1" changeset="1" lat="28.16129" lon="112.930919" /><node id="3846694421" timestamp="2026-03-31T16:39:34Z" uid="1" user="OSMnx" version="1" changeset="1" lat="28.161369" lon="112.931286" /><node id="3846694426" timestamp="2026-03-31T16:39:34Z" uid="1" user="OSMnx" version="1" changeset="1" lat="28.164318" lon="112.92752" /><node id="3846694427" timestamp="2026-03-31T16:39:34Z" uid="1" user="OSMnx" version="1" changeset="1" lat="28.161356" lon="112.931216" /><node id="3846694430" timestamp="2026-03-31T16:39:34Z" uid="1" user="OSMnx" version="1" changeset="1" lat="28.16117" lon="112.930692" /><node id="3846694435" timestamp="2026-03-31T16:39:34Z" uid="1" user="OSMnx" version="1" changeset="1" lat="28.163423" lon="112.929687" /><node id="3846694446" timestamp="2026-03-31T16:39:34Z" uid="1" user="OSMnx" version="1" changeset="1" lat="28.161331" lon="112.931024" /><node id="3846694454" timestamp="2026-03-31T16:39:34Z" uid="1" user="OSMnx" version="1" changeset="1" lat="28.16488" lon="112.928372" /><node id="3846694566" timestamp="2026-03-31T16:39:34Z" uid="1" user="OSMnx" version="1" changeset="1" lat="28.163315" lon="112.929236" /><node id="3846694569" timestamp="2026-03-31T16:39:34Z" uid="1" user="OSMnx" version="1" changeset="1" lat="28.164481" lon="112.928516" /><node id="3846694578" timestamp="2026-03-31T16:39:34Z" uid="1" user="OSMnx" version="1" changeset="1" lat="28.161161" lon="112.930417" /><node id="3846694587" timestamp="2026-03-31T16:39:34Z" uid="1" user="OSMnx" version="1" changeset="1" lat="28.16118" lon="112.930728" /><node id="3846694607" timestamp="2026-03-31T16:39:34Z" uid="1" user="OSMnx" version="1" changeset="1" lat="28.163637" lon="112.927757" /><node id="3860139814" timestamp="2026-03-31T16:39:34Z" uid="1" user="OSMnx" version="1" changeset="1" lat="28.159721" lon="112.930191" /><node id="3860143170" timestamp="2026-03-31T16:39:34Z" uid="1" user="OSMnx" version="1" changeset="1" lat="28.159829" lon="112.93032" /><node id="3860143176" timestamp="2026-03-31T16:39:34Z" uid="1" user="OSMnx" version="1" changeset="1" lat="28.159999" lon="112.930466" /><node id="3860143184" timestamp="2026-03-31T16:39:34Z" uid="1" user="OSMnx" version="1" changeset="1" lat="28.159468" lon="112.929907" /><node id="3860143359" timestamp="2026-03-31T16:39:34Z" uid="1" user="OSMnx" version="1" changeset="1" lat="28.160104" lon="112.930603"><tag k="highway" v="crossing" /></node><node id="3860722853" timestamp="2026-03-31T16:39:34Z" uid="1" user="OSMnx" version="1" changeset="1" lat="28.159837" lon="112.931074" /><node id="3860723208" timestamp="2026-03-31T16:39:34Z" uid="1" user="OSMnx" version="1" changeset="1" lat="28.160141" lon="112.930625" /><node id="3860723237" timestamp="2026-03-31T16:39:34Z" uid="1" user="OSMnx" version="1" changeset="1" lat="28.161997" lon="112.931315" /><node id="3860723243" timestamp="2026-03-31T16:39:34Z" uid="1" user="OSMnx" version="1" changeset="1" lat="28.159786" lon="112.93166" /><node id="3860723266" timestamp="2026-03-31T16:39:34Z" uid="1" user="OSMnx" version="1" changeset="1" lat="28.159814" lon="112.931269" /><node id="3860723273" timestamp="2026-03-31T16:39:34Z" uid="1" user="OSMnx" version="1" changeset="1" lat="28.16239" lon="112.931086" /><node id="3860723305" timestamp="2026-03-31T16:39:34Z" uid="1" user="OSMnx" version="1" changeset="1" lat="28.161806" lon="112.931151" /><node id="3860723330" timestamp="2026-03-31T16:39:34Z" uid="1" user="OSMnx" version="1" changeset="1" lat="28.159965" lon="112.931009" /><node id="3860723355" timestamp="2026-03-31T16:39:34Z" uid="1" user="OSMnx" version="1" changeset="1" lat="28.159971" lon="112.930982" /><node id="3860723406" timestamp="2026-03-31T16:39:34Z" uid="1" user="OSMnx" version="1" changeset="1" lat="28.161736" lon="112.931057" /><node id="3860723408" timestamp="2026-03-31T16:39:34Z" uid="1" user="OSMnx" version="1" changeset="1" lat="28.161676" lon="112.931252" /><node id="3860723413" timestamp="2026-03-31T16:39:34Z" uid="1" user="OSMnx" version="1" changeset="1" lat="28.161594" lon="112.930961" /><node id="3860723558" timestamp="2026-03-31T16:39:34Z" uid="1" user="OSMnx" version="1" changeset="1" lat="28.162254" lon="112.931163" /><node id="3860723587" timestamp="2026-03-31T16:39:34Z" uid="1" user="OSMnx" version="1" changeset="1" lat="28.160083" lon="112.92856" /><node id="3860723602" timestamp="2026-03-31T16:39:34Z" uid="1" user="OSMnx" version="1" changeset="1" lat="28.162089" lon="112.931047" /><node id="3860723623" timestamp="2026-03-31T16:39:34Z" uid="1" user="OSMnx" version="1" changeset="1" lat="28.161594" lon="112.931159" /><node id="3860723647" timestamp="2026-03-31T16:39:34Z" uid="1" user="OSMnx" version="1" changeset="1" lat="28.15981" lon="112.931356" /><node id="3860723659" timestamp="2026-03-31T16:39:34Z" uid="1" user="OSMnx" version="1" changeset="1" lat="28.159922" lon="112.93105" /><node id="3860723661" timestamp="2026-03-31T16:39:34Z" uid="1" user="OSMnx" version="1" changeset="1" lat="28.159925" lon="112.931157" /><node id="3860723663" timestamp="2026-03-31T16:39:34Z" uid="1" user="OSMnx" version="1" changeset="1" lat="28.162277" lon="112.931046" /><node id="3860723664" timestamp="2026-03-31T16:39:34Z" uid="1" user="OSMnx" version="1" changeset="1" lat="28.162462" lon="112.931527" /><node id="3860723669" timestamp="2026-03-31T16:39:34Z" uid="1" user="OSMnx" version="1" changeset="1" lat="28.162266" lon="112.931093" /><node id="3860723695" timestamp="2026-03-31T16:39:34Z" uid="1" user="OSMnx" version="1" changeset="1" lat="28.162406" lon="112.931675" /><node id="3860723699" timestamp="2026-03-31T16:39:34Z" uid="1" user="OSMnx" version="1" changeset="1" lat="28.162131" lon="112.931162" /><node id="3860723703" timestamp="2026-03-31T16:39:34Z" uid="1" user="OSMnx" version="1" changeset="1" lat="28.162383" lon="112.931738" /><node id="3860723711" timestamp="2026-03-31T16:39:34Z" uid="1" user="OSMnx" version="1" changeset="1" lat="28.162286" lon="112.931642" /><node id="3860723726" timestamp="2026-03-31T16:39:34Z" uid="1" user="OSMnx" version="1" changeset="1" lat="28.161986" lon="112.931228" /><node id="3860723729" timestamp="2026-03-31T16:39:34Z" uid="1" user="OSMnx" version="1" changeset="1" lat="28.16002" lon="112.930971" /><node id="3860723732" timestamp="2026-03-31T16:39:34Z" uid="1" user="OSMnx" version="1" changeset="1" lat="28.162091" lon="112.931221" /><node id="3860723819" timestamp="2026-03-31T16:39:34Z" uid="1" user="OSMnx" version="1" changeset="1" lat="28.162359" lon="112.931645" /><node id="3860723987" timestamp="2026-03-31T16:39:34Z" uid="1" user="OSMnx" version="1" changeset="1" lat="28.160128" lon="112.931164" /><node id="3860724001" timestamp="2026-03-31T16:39:34Z" uid="1" user="OSMnx" version="1" changeset="1" lat="28.160037" lon="112.93094" /><node id="3860724009" timestamp="2026-03-31T16:39:34Z" uid="1" user="OSMnx" version="1" changeset="1" lat="28.160043" lon="112.930853" /><node id="3860724010" timestamp="2026-03-31T16:39:34Z" uid="1" user="OSMnx" version="1" changeset="1" lat="28.162186" lon="112.931588" /><node id="3860724029" timestamp="2026-03-31T16:39:34Z" uid="1" user="OSMnx" version="1" changeset="1" lat="28.162283" lon="112.931164" /><node id="3860724040" timestamp="2026-03-31T16:39:34Z" uid="1" user="OSMnx" version="1" changeset="1" lat="28.16223" lon="112.931136" /><node id="3860724048" timestamp="2026-03-31T16:39:34Z" uid="1" user="OSMnx" version="1" changeset="1" lat="28.162035" lon="112.93138" /><node id="3860724057" timestamp="2026-03-31T16:39:34Z" uid="1" user="OSMnx" version="1" changeset="1" lat="28.16194" lon="112.931188" /><node id="3860724067" timestamp="2026-03-31T16:39:34Z" uid="1" user="OSMnx" version="1" changeset="1" lat="28.162313" lon="112.931134" /><node id="3860724071" timestamp="2026-03-31T16:39:34Z" uid="1" user="OSMnx" version="1" changeset="1" lat="28.161698" lon="112.931215" /><node id="3860724080" timestamp="2026-03-31T16:39:34Z" uid="1" user="OSMnx" version="1" changeset="1" lat="28.159871" lon="112.931029" /><node id="3860724115" timestamp="2026-03-31T16:39:34Z" uid="1" user="OSMnx" version="1" changeset="1" lat="28.161672" lon="112.931054" /><node id="3860724123" timestamp="2026-03-31T16:39:34Z" uid="1" user="OSMnx" version="1" changeset="1" lat="28.160096" lon="112.930687" /><node id="3860724124" timestamp="2026-03-31T16:39:34Z" uid="1" user="OSMnx" version="1" changeset="1" lat="28.162341" lon="112.931087" /><node id="3860724129" timestamp="2026-03-31T16:39:34Z" uid="1" user="OSMnx" version="1" changeset="1" lat="28.162175" lon="112.931147" /><node id="3860724154" timestamp="2026-03-31T16:39:34Z" uid="1" user="OSMnx" version="1" changeset="1" lat="28.159269" lon="112.931726" /><node id="3860724155" timestamp="2026-03-31T16:39:34Z" uid="1" user="OSMnx" version="1" changeset="1" lat="28.159785" lon="112.931736" /><node id="3860724157" timestamp="2026-03-31T16:39:34Z" uid="1" user="OSMnx" version="1" changeset="1" lat="28.159782" lon="112.932097" /><node id="3860724172" timestamp="2026-03-31T16:39:34Z" uid="1" user="OSMnx" version="1" changeset="1" lat="28.159816" lon="112.931175" /><node id="3860724195" timestamp="2026-03-31T16:39:34Z" uid="1" user="OSMnx" version="1" changeset="1" lat="28.161766" lon="112.931108" /><node id="3860724198" timestamp="2026-03-31T16:39:34Z" uid="1" user="OSMnx" version="1" changeset="1" lat="28.161636" lon="112.931125" /><node id="3860724211" timestamp="2026-03-31T16:39:34Z" uid="1" user="OSMnx" version="1" changeset="1" lat="28.161893" lon="112.931194" /><node id="3860724213" timestamp="2026-03-31T16:39:34Z" uid="1" user="OSMnx" version="1" changeset="1" lat="28.160058" lon="112.930769" /><node id="3860724220" timestamp="2026-03-31T16:39:34Z" uid="1" user="OSMnx" version="1" changeset="1" lat="28.160314" lon="112.93118" /><node id="4810103895" timestamp="2026-03-31T16:39:34Z" uid="1" user="OSMnx" version="1" changeset="1" lat="28.159187" lon="112.933962" /><node id="4810103896" timestamp="2026-03-31T16:39:34Z" uid="1" user="OSMnx" version="1" changeset="1" lat="28.159437" lon="112.934032" /><node id="4810103897" timestamp="2026-03-31T16:39:34Z" uid="1" user="OSMnx" version="1" changeset="1" lat="28.160066" lon="112.934232" /><node id="4810103899" timestamp="2026-03-31T16:39:34Z" uid="1" user="OSMnx" version="1" changeset="1" lat="28.159701" lon="112.93494" /><node id="4810103902" timestamp="2026-03-31T16:39:34Z" uid="1" user="OSMnx" version="1" changeset="1" lat="28.159837" lon="112.935087" /><node id="4814789367" timestamp="2026-03-31T16:39:34Z" uid="1" user="OSMnx" version="1" changeset="1" lat="28.163779" lon="112.927469"><tag k="highway" v="bus_stop" /></node><node id="4814789368" timestamp="2026-03-31T16:39:34Z" uid="1" user="OSMnx" version="1" changeset="1" lat="28.163773" lon="112.92739"><tag k="highway" v="bus_stop" /></node><node id="5713570561" timestamp="2026-03-31T16:39:34Z" uid="1" user="OSMnx" version="1" changeset="1" lat="28.168009" lon="112.926792" /><node id="5713570566" timestamp="2026-03-31T16:39:34Z" uid="1" user="OSMnx" version="1" changeset="1" lat="28.16732" lon="112.926786" /><node id="5713570584" timestamp="2026-03-31T16:39:34Z" uid="1" user="OSMnx" version="1" changeset="1" lat="28.161736" lon="112.93041" /><node id="5713570587" timestamp="2026-03-31T16:39:34Z" uid="1" user="OSMnx" version="1" changeset="1" lat="28.161554" lon="112.930905" /><node id="5713570588" timestamp="2026-03-31T16:39:34Z" uid="1" user="OSMnx" version="1" changeset="1" lat="28.161334" lon="112.930916" /><node id="5714508503" timestamp="2026-03-31T16:39:34Z" uid="1" user="OSMnx" version="1" changeset="1" lat="28.167628" lon="112.928184"><tag k="highway" v="bus_stop" /></node><node id="5716777951" timestamp="2026-03-31T16:39:34Z" uid="1" user="OSMnx" version="1" changeset="1" lat="28.167415" lon="112.926824" /><node id="5716777952" timestamp="2026-03-31T16:39:34Z" uid="1" user="OSMnx" version="1" changeset="1" lat="28.164832" lon="112.927239" /><node id="5717113852" timestamp="2026-03-31T16:39:34Z" uid="1" user="OSMnx" version="1" changeset="1" lat="28.164882" lon="112.931606" /><node id="5717652977" timestamp="2026-03-31T16:39:34Z" uid="1" user="OSMnx" version="1" changeset="1" lat="28.161104" lon="112.926737" /><node id="5717652978" timestamp="2026-03-31T16:39:34Z" uid="1" user="OSMnx" version="1" changeset="1" lat="28.161211" lon="112.927047" /><node id="5717652979" timestamp="2026-03-31T16:39:34Z" uid="1" user="OSMnx" version="1" changeset="1" lat="28.161233" lon="112.927432" /><node id="5717652981" timestamp="2026-03-31T16:39:34Z" uid="1" user="OSMnx" version="1" changeset="1" lat="28.161095" lon="112.927898" /><node id="5717652982" timestamp="2026-03-31T16:39:34Z" uid="1" user="OSMnx" version="1" changeset="1" lat="28.160991" lon="112.92812" /><node id="5717652983" timestamp="2026-03-31T16:39:34Z" uid="1" user="OSMnx" version="1" changeset="1" lat="28.160671" lon="112.928718" /><node id="5720160976" timestamp="2026-03-31T16:39:34Z" uid="1" user="OSMnx" version="1" changeset="1" lat="28.160325" lon="112.928608" /><node id="5720359855" timestamp="2026-03-31T16:39:34Z" uid="1" user="OSMnx" version="1" changeset="1" lat="28.159872" lon="112.930365" /><node id="5720359856" timestamp="2026-03-31T16:39:34Z" uid="1" user="OSMnx" version="1" changeset="1" lat="28.160917" lon="112.931259" /><node id="5720359857" timestamp="2026-03-31T16:39:34Z" uid="1" user="OSMnx" version="1" changeset="1" lat="28.161284" lon="112.93128" /><node id="5720359861" timestamp="2026-03-31T16:39:34Z" uid="1" user="OSMnx" version="1" changeset="1" lat="28.162714" lon="112.932243" /><node id="5720359862" timestamp="2026-03-31T16:39:34Z" uid="1" user="OSMnx" version="1" changeset="1" lat="28.162862" lon="112.932282" /><node id="5720404867" timestamp="2026-03-31T16:39:34Z" uid="1" user="OSMnx" version="1" changeset="1" lat="28.1618" lon="112.931307" /><node id="5722864487" timestamp="2026-03-31T16:39:34Z" uid="1" user="OSMnx" version="1" changeset="1" lat="28.163524" lon="112.927769" /><node id="5722864488" timestamp="2026-03-31T16:39:34Z" uid="1" user="OSMnx" version="1" changeset="1" lat="28.163415" lon="112.927779" /><node id="5722864489" timestamp="2026-03-31T16:39:34Z" uid="1" user="OSMnx" version="1" changeset="1" lat="28.16329" lon="112.9278" /><node id="5722864490" timestamp="2026-03-31T16:39:34Z" uid="1" user="OSMnx" version="1" changeset="1" lat="28.163184" lon="112.927829" /><node id="5722864491" timestamp="2026-03-31T16:39:34Z" uid="1" user="OSMnx" version="1" changeset="1" lat="28.163078" lon="112.927839" /><node id="5722864492" timestamp="2026-03-31T16:39:34Z" uid="1" user="OSMnx" version="1" changeset="1" lat="28.162959" lon="112.927857" /><node id="5722864493" timestamp="2026-03-31T16:39:34Z" uid="1" user="OSMnx" version="1" changeset="1" lat="28.162878" lon="112.927931" /><node id="5722864494" timestamp="2026-03-31T16:39:34Z" uid="1" user="OSMnx" version="1" changeset="1" lat="28.1628" lon="112.927967" /><node id="5722864495" timestamp="2026-03-31T16:39:34Z" uid="1" user="OSMnx" version="1" changeset="1" lat="28.162744" lon="112.927967" /><node id="5722864496" timestamp="2026-03-31T16:39:34Z" uid="1" user="OSMnx" version="1" changeset="1" lat="28.162653" lon="112.928016" /><node id="5722864497" timestamp="2026-03-31T16:39:34Z" uid="1" user="OSMnx" version="1" changeset="1" lat="28.162485" lon="112.928069" /><node id="5722864498" timestamp="2026-03-31T16:39:34Z" uid="1" user="OSMnx" version="1" changeset="1" lat="28.162385" lon="112.92813" /><node id="5722864499" timestamp="2026-03-31T16:39:34Z" uid="1" user="OSMnx" version="1" changeset="1" lat="28.162319" lon="112.928186" /><node id="5722864500" timestamp="2026-03-31T16:39:34Z" uid="1" user="OSMnx" version="1" changeset="1" lat="28.162216" lon="112.928257" /><node id="5722864501" timestamp="2026-03-31T16:39:34Z" uid="1" user="OSMnx" version="1" changeset="1" lat="28.16211" lon="112.928338" /><node id="5722864502" timestamp="2026-03-31T16:39:34Z" uid="1" user="OSMnx" version="1" changeset="1" lat="28.16202" lon="112.928406" /><node id="5722864503" timestamp="2026-03-31T16:39:34Z" uid="1" user="OSMnx" version="1" changeset="1" lat="28.161911" lon="112.928469" /><node id="5722864504" timestamp="2026-03-31T16:39:34Z" uid="1" user="OSMnx" version="1" changeset="1" lat="28.16183" lon="112.928561" /><node id="5722864505" timestamp="2026-03-31T16:39:34Z" uid="1" user="OSMnx" version="1" changeset="1" lat="28.161723" lon="112.928664" /><node id="5722864506" timestamp="2026-03-31T16:39:34Z" uid="1" user="OSMnx" version="1" changeset="1" lat="28.161645" lon="112.928742" /><node id="5722864507" timestamp="2026-03-31T16:39:34Z" uid="1" user="OSMnx" version="1" changeset="1" lat="28.161617" lon="112.928827" /><node id="5722864508" timestamp="2026-03-31T16:39:34Z" uid="1" user="OSMnx" version="1" changeset="1" lat="28.161564" lon="112.928855" /><node id="5722864509" timestamp="2026-03-31T16:39:34Z" uid="1" user="OSMnx" version="1" changeset="1" lat="28.16153" lon="112.928881" /><node id="5722864510" timestamp="2026-03-31T16:39:34Z" uid="1" user="OSMnx" version="1" changeset="1" lat="28.161459" lon="112.929031" /><node id="5722864511" timestamp="2026-03-31T16:39:34Z" uid="1" user="OSMnx" version="1" changeset="1" lat="28.161376" lon="112.929094" /><node id="5722864512" timestamp="2026-03-31T16:39:34Z" uid="1" user="OSMnx" version="1" changeset="1" lat="28.161361" lon="112.929138" /><node id="5722864513" timestamp="2026-03-31T16:39:34Z" uid="1" user="OSMnx" version="1" changeset="1" lat="28.161392" lon="112.929215" /><node id="5722864514" timestamp="2026-03-31T16:39:34Z" uid="1" user="OSMnx" version="1" changeset="1" lat="28.161363" lon="112.929328" /><node id="5722864515" timestamp="2026-03-31T16:39:34Z" uid="1" user="OSMnx" version="1" changeset="1" lat="28.161314" lon="112.929366" /><node id="5722872479" timestamp="2026-03-31T16:39:34Z" uid="1" user="OSMnx" version="1" changeset="1" lat="28.160454" lon="112.929762" /><node id="6050996470" timestamp="2026-03-31T16:39:34Z" uid="1" user="OSMnx" version="1" changeset="1" lat="28.16005" lon="112.930562" /><node id="6187750955" timestamp="2026-03-31T16:39:34Z" uid="1" user="OSMnx" version="1" changeset="1" lat="28.162042" lon="112.927093" /><node id="6187750957" timestamp="2026-03-31T16:39:34Z" uid="1" user="OSMnx" version="1" changeset="1" lat="28.162899" lon="112.927015" /><node id="6187750958" timestamp="2026-03-31T16:39:34Z" uid="1" user="OSMnx" version="1" changeset="1" lat="28.163964" lon="112.926902" /><node id="6187750959" timestamp="2026-03-31T16:39:34Z" uid="1" user="OSMnx" version="1" changeset="1" lat="28.164929" lon="112.926807" /><node id="6187750960" timestamp="2026-03-31T16:39:34Z" uid="1" user="OSMnx" version="1" changeset="1" lat="28.165043" lon="112.926665" /><node id="8977736240" timestamp="2026-03-31T16:39:34Z" uid="1" user="OSMnx" version="1" changeset="1" lat="28.162392" lon="112.931713" /><node id="8977736241" timestamp="2026-03-31T16:39:34Z" uid="1" user="OSMnx" version="1" changeset="1" lat="28.159466" lon="112.93482" /><node id="8977736248" timestamp="2026-03-31T16:39:34Z" uid="1" user="OSMnx" version="1" changeset="1" lat="28.164518" lon="112.931516" /><node id="8977736250" timestamp="2026-03-31T16:39:34Z" uid="1" user="OSMnx" version="1" changeset="1" lat="28.165536" lon="112.928338" /><node id="8977736251" timestamp="2026-03-31T16:39:34Z" uid="1" user="OSMnx" version="1" changeset="1" lat="28.163564" lon="112.928678" /><node id="8977736252" timestamp="2026-03-31T16:39:34Z" uid="1" user="OSMnx" version="1" changeset="1" lat="28.162872" lon="112.928986" /><node id="8977736253" timestamp="2026-03-31T16:39:34Z" uid="1" user="OSMnx" version="1" changeset="1" lat="28.163017" lon="112.928827" /><node id="8977736254" timestamp="2026-03-31T16:39:34Z" uid="1" user="OSMnx" version="1" changeset="1" lat="28.164118" lon="112.928576" /><node id="8977736260" timestamp="2026-03-31T16:39:34Z" uid="1" user="OSMnx" version="1" changeset="1" lat="28.160514" lon="112.929803"><tag k="highway" v="bus_stop" /></node><node id="8977736265" timestamp="2026-03-31T16:39:34Z" uid="1" user="OSMnx" version="1" changeset="1" lat="28.160912" lon="112.929303" /><node id="8977736266" timestamp="2026-03-31T16:39:34Z" uid="1" user="OSMnx" version="1" changeset="1" lat="28.161941" lon="112.928185" /><node id="8977736267" timestamp="2026-03-31T16:39:34Z" uid="1" user="OSMnx" version="1" changeset="1" lat="28.162636" lon="112.927765" /><node id="8977736268" timestamp="2026-03-31T16:39:34Z" uid="1" user="OSMnx" version="1" changeset="1" lat="28.163478" lon="112.927516" /><node id="8977736269" timestamp="2026-03-31T16:39:34Z" uid="1" user="OSMnx" version="1" changeset="1" lat="28.165439" lon="112.927229" /><node id="8984992940" timestamp="2026-03-31T16:39:34Z" uid="1" user="OSMnx" version="1" changeset="1" lat="28.161353" lon="112.931126" /><node id="9093956756" timestamp="2026-03-31T16:39:34Z" uid="1" user="OSMnx" version="1" changeset="1" lat="28.159152" lon="112.93291" /><node id="9093956757" timestamp="2026-03-31T16:39:34Z" uid="1" user="OSMnx" version="1" changeset="1" lat="28.159648" lon="112.933087" /><node id="9093956758" timestamp="2026-03-31T16:39:34Z" uid="1" user="OSMnx" version="1" changeset="1" lat="28.160125" lon="112.93319" /><node id="9093956767" timestamp="2026-03-31T16:39:34Z" uid="1" user="OSMnx" version="1" changeset="1" lat="28.162919" lon="112.933854" /><node id="9093956768" timestamp="2026-03-31T16:39:34Z" uid="1" user="OSMnx" version="1" changeset="1" lat="28.163677" lon="112.934143" /><node id="9093956769" timestamp="2026-03-31T16:39:34Z" uid="1" user="OSMnx" version="1" changeset="1" lat="28.165267" lon="112.934997" /><node id="9093956770" timestamp="2026-03-31T16:39:34Z" uid="1" user="OSMnx" version="1" changeset="1" lat="28.166205" lon="112.935762" /><node id="9093956771" timestamp="2026-03-31T16:39:34Z" uid="1" user="OSMnx" version="1" changeset="1" lat="28.166896" lon="112.936685" /><node id="9093956785" timestamp="2026-03-31T16:39:34Z" uid="1" user="OSMnx" version="1" changeset="1" lat="28.163021" lon="112.93429" /><node id="9299427885" timestamp="2026-03-31T16:39:34Z" uid="1" user="OSMnx" version="1" changeset="1" lat="28.167396" lon="112.934595" /><node id="9336861716" timestamp="2026-03-31T16:39:34Z" uid="1" user="OSMnx" version="1" changeset="1" lat="28.165551" lon="112.936206" /><node id="9336869217" timestamp="2026-03-31T16:39:34Z" uid="1" user="OSMnx" version="1" changeset="1" lat="28.165784" lon="112.935802" /><node id="9336869218" timestamp="2026-03-31T16:39:34Z" uid="1" user="OSMnx" version="1" changeset="1" lat="28.165935" lon="112.935516" /><node id="9439621899" timestamp="2026-03-31T16:39:34Z" uid="1" user="OSMnx" version="1" changeset="1" lat="28.167432" lon="112.927185" /><node id="9439621916" timestamp="2026-03-31T16:39:34Z" uid="1" user="OSMnx" version="1" changeset="1" lat="28.166431" lon="112.927104" /><node id="9439673317" timestamp="2026-03-31T16:39:34Z" uid="1" user="OSMnx" version="1" changeset="1" lat="28.16653" lon="112.92696"><tag k="highway" v="bus_stop" /></node><node id="9439673318" timestamp="2026-03-31T16:39:34Z" uid="1" user="OSMnx" version="1" changeset="1" lat="28.165779" lon="112.927096" /><node id="9439673319" timestamp="2026-03-31T16:39:34Z" uid="1" user="OSMnx" version="1" changeset="1" lat="28.166102" lon="112.927048" /><node id="9439673320" timestamp="2026-03-31T16:39:34Z" uid="1" user="OSMnx" version="1" changeset="1" lat="28.166313" lon="112.927002" /><node id="9439673321" timestamp="2026-03-31T16:39:34Z" uid="1" user="OSMnx" version="1" changeset="1" lat="28.165939" lon="112.927147" /><node id="9439673322" timestamp="2026-03-31T16:39:34Z" uid="1" user="OSMnx" version="1" changeset="1" lat="28.166142" lon="112.927119" /><node id="9439673323" timestamp="2026-03-31T16:39:34Z" uid="1" user="OSMnx" version="1" changeset="1" lat="28.167446" lon="112.926969" /><node id="9439673324" timestamp="2026-03-31T16:39:34Z" uid="1" user="OSMnx" version="1" changeset="1" lat="28.167489" lon="112.927195" /><node id="9439673325" timestamp="2026-03-31T16:39:34Z" uid="1" user="OSMnx" version="1" changeset="1" lat="28.167773" lon="112.926839" /><node id="9439673326" timestamp="2026-03-31T16:39:34Z" uid="1" user="OSMnx" version="1" changeset="1" lat="28.167671" lon="112.927016" /><node id="9439673327" timestamp="2026-03-31T16:39:34Z" uid="1" user="OSMnx" version="1" changeset="1" lat="28.167499" lon="112.9269" /><node id="9439673328" timestamp="2026-03-31T16:39:34Z" uid="1" user="OSMnx" version="1" changeset="1" lat="28.167548" lon="112.926988" /><node id="9439673329" timestamp="2026-03-31T16:39:34Z" uid="1" user="OSMnx" version="1" changeset="1" lat="28.167767" lon="112.926812" /><node id="9439673330" timestamp="2026-03-31T16:39:34Z" uid="1" user="OSMnx" version="1" changeset="1" lat="28.167744" lon="112.926764" /><node id="9439673331" timestamp="2026-03-31T16:39:34Z" uid="1" user="OSMnx" version="1" changeset="1" lat="28.167696" lon="112.92672" /><node id="9439673332" timestamp="2026-03-31T16:39:34Z" uid="1" user="OSMnx" version="1" changeset="1" lat="28.167661" lon="112.926707" /><node id="9439673333" timestamp="2026-03-31T16:39:34Z" uid="1" user="OSMnx" version="1" changeset="1" lat="28.167624" lon="112.926705" /><node id="9439673334" timestamp="2026-03-31T16:39:34Z" uid="1" user="OSMnx" version="1" changeset="1" lat="28.167586" lon="112.926714" /><node id="9439673335" timestamp="2026-03-31T16:39:34Z" uid="1" user="OSMnx" version="1" changeset="1" lat="28.167552" lon="112.926736" /><node id="9439673336" timestamp="2026-03-31T16:39:34Z" uid="1" user="OSMnx" version="1" changeset="1" lat="28.167524" lon="112.926766" /><node id="9439673337" timestamp="2026-03-31T16:39:34Z" uid="1" user="OSMnx" version="1" changeset="1" lat="28.167498" lon="112.92683" /><node id="9439673338" timestamp="2026-03-31T16:39:34Z" uid="1" user="OSMnx" version="1" changeset="1" lat="28.167495" lon="112.926865" /><node id="9439673339" timestamp="2026-03-31T16:39:34Z" uid="1" user="OSMnx" version="1" changeset="1" lat="28.16751" lon="112.926933" /><node id="9439673340" timestamp="2026-03-31T16:39:34Z" uid="1" user="OSMnx" version="1" changeset="1" lat="28.167576" lon="112.927007" /><node id="9439673341" timestamp="2026-03-31T16:39:34Z" uid="1" user="OSMnx" version="1" changeset="1" lat="28.167639" lon="112.927022" /><node id="9439673342" timestamp="2026-03-31T16:39:34Z" uid="1" user="OSMnx" version="1" changeset="1" lat="28.167704" lon="112.927001" /><node id="9439673343" timestamp="2026-03-31T16:39:34Z" uid="1" user="OSMnx" version="1" changeset="1" lat="28.167765" lon="112.926921" /><node id="9439673344" timestamp="2026-03-31T16:39:34Z" uid="1" user="OSMnx" version="1" changeset="1" lat="28.167775" lon="112.926867" /><node id="9439673345" timestamp="2026-03-31T16:39:34Z" uid="1" user="OSMnx" version="1" changeset="1" lat="28.167479" lon="112.926969" /><node id="9439673346" timestamp="2026-03-31T16:39:34Z" uid="1" user="OSMnx" version="1" changeset="1" lat="28.167507" lon="112.926974" /><node id="9439673348" timestamp="2026-03-31T16:39:34Z" uid="1" user="OSMnx" version="1" changeset="1" lat="28.167445" lon="112.926811" /><node id="9439673349" timestamp="2026-03-31T16:39:34Z" uid="1" user="OSMnx" version="1" changeset="1" lat="28.167482" lon="112.926794" /><node id="9439673351" timestamp="2026-03-31T16:39:34Z" uid="1" user="OSMnx" version="1" changeset="1" lat="28.167851" lon="112.9268" /><node id="9439673352" timestamp="2026-03-31T16:39:34Z" uid="1" user="OSMnx" version="1" changeset="1" lat="28.167809" lon="112.92679" /><node id="9439673353" timestamp="2026-03-31T16:39:34Z" uid="1" user="OSMnx" version="1" changeset="1" lat="28.167776" lon="112.926776" /><node id="9439673354" timestamp="2026-03-31T16:39:34Z" uid="1" user="OSMnx" version="1" changeset="1" lat="28.167756" lon="112.926765" /><node id="9439673355" timestamp="2026-03-31T16:39:34Z" uid="1" user="OSMnx" version="1" changeset="1" lat="28.16794" lon="112.926845" /><node id="9439673356" timestamp="2026-03-31T16:39:34Z" uid="1" user="OSMnx" version="1" changeset="1" lat="28.167809" lon="112.926893" /><node id="9439673357" timestamp="2026-03-31T16:39:34Z" uid="1" user="OSMnx" version="1" changeset="1" lat="28.167754" lon="112.926946" /><node id="9439673358" timestamp="2026-03-31T16:39:34Z" uid="1" user="OSMnx" version="1" changeset="1" lat="28.16758" lon="112.926706" /><node id="9439673359" timestamp="2026-03-31T16:39:34Z" uid="1" user="OSMnx" version="1" changeset="1" lat="28.167522" lon="112.926695" /><node id="9439673360" timestamp="2026-03-31T16:39:34Z" uid="1" user="OSMnx" version="1" changeset="1" lat="28.167459" lon="112.926677" /><node id="9439673361" timestamp="2026-03-31T16:39:34Z" uid="1" user="OSMnx" version="1" changeset="1" lat="28.167413" lon="112.926655" /><node id="9439673363" timestamp="2026-03-31T16:39:34Z" uid="1" user="OSMnx" version="1" changeset="1" lat="28.167554" lon="112.92753" /><node id="9439673364" timestamp="2026-03-31T16:39:34Z" uid="1" user="OSMnx" version="1" changeset="1" lat="28.167582" lon="112.927671" /><node id="9439673365" timestamp="2026-03-31T16:39:34Z" uid="1" user="OSMnx" version="1" changeset="1" lat="28.167507" lon="112.927303" /><node id="9439673366" timestamp="2026-03-31T16:39:34Z" uid="1" user="OSMnx" version="1" changeset="1" lat="28.167515" lon="112.927242" /><node id="9439673367" timestamp="2026-03-31T16:39:34Z" uid="1" user="OSMnx" version="1" changeset="1" lat="28.167529" lon="112.927199" /><node id="9439673368" timestamp="2026-03-31T16:39:34Z" uid="1" user="OSMnx" version="1" changeset="1" lat="28.16755" lon="112.927159" /><node id="9439673369" timestamp="2026-03-31T16:39:34Z" uid="1" user="OSMnx" version="1" changeset="1" lat="28.167592" lon="112.927095" /><node id="9439673370" timestamp="2026-03-31T16:39:34Z" uid="1" user="OSMnx" version="1" changeset="1" lat="28.167626" lon="112.927056" /><node id="9439673383" timestamp="2026-03-31T16:39:34Z" uid="1" user="OSMnx" version="1" changeset="1" lat="28.167631" lon="112.927916" /><node id="9439734530" timestamp="2026-03-31T16:39:34Z" uid="1" user="OSMnx" version="1" changeset="1" lat="28.167199" lon="112.92667" /><node id="9439734531" timestamp="2026-03-31T16:39:34Z" uid="1" user="OSMnx" version="1" changeset="1" lat="28.167171" lon="112.926738" /><node id="9439734532" timestamp="2026-03-31T16:39:34Z" uid="1" user="OSMnx" version="1" changeset="1" lat="28.167129" lon="112.9268" /><node id="9439734533" timestamp="2026-03-31T16:39:34Z" uid="1" user="OSMnx" version="1" changeset="1" lat="28.167082" lon="112.926851" /><node id="9439734534" timestamp="2026-03-31T16:39:34Z" uid="1" user="OSMnx" version="1" changeset="1" lat="28.167013" lon="112.926891" /><node id="9439734536" timestamp="2026-03-31T16:39:34Z" uid="1" user="OSMnx" version="1" changeset="1" lat="28.164283" lon="112.927317" /><node id="9439734537" timestamp="2026-03-31T16:39:34Z" uid="1" user="OSMnx" version="1" changeset="1" lat="28.163615" lon="112.927413" /><node id="9439734538" timestamp="2026-03-31T16:39:34Z" uid="1" user="OSMnx" version="1" changeset="1" lat="28.164065" lon="112.927424" /><node id="9439734539" timestamp="2026-03-31T16:39:34Z" uid="1" user="OSMnx" version="1" changeset="1" lat="28.164729" lon="112.927323" /><node id="9439734540" timestamp="2026-03-31T16:39:34Z" uid="1" user="OSMnx" version="1" changeset="1" lat="28.16515" lon="112.927269" /><node id="9439734541" timestamp="2026-03-31T16:39:34Z" uid="1" user="OSMnx" version="1" changeset="1" lat="28.165708" lon="112.927187" /><node id="9439734543" timestamp="2026-03-31T16:39:34Z" uid="1" user="OSMnx" version="1" changeset="1" lat="28.163964" lon="112.927362" /><node id="9439734544" timestamp="2026-03-31T16:39:34Z" uid="1" user="OSMnx" version="1" changeset="1" lat="28.160452" lon="112.929881" /><node id="9439734545" timestamp="2026-03-31T16:39:34Z" uid="1" user="OSMnx" version="1" changeset="1" lat="28.16068" lon="112.929595" /><node id="9439734546" timestamp="2026-03-31T16:39:34Z" uid="1" user="OSMnx" version="1" changeset="1" lat="28.16078" lon="112.929351" /><node id="9439734547" timestamp="2026-03-31T16:39:34Z" uid="1" user="OSMnx" version="1" changeset="1" lat="28.160617" lon="112.929563" /><node id="9439734548" timestamp="2026-03-31T16:39:34Z" uid="1" user="OSMnx" version="1" changeset="1" lat="28.160912" lon="112.929181" /><node id="9439734549" timestamp="2026-03-31T16:39:34Z" uid="1" user="OSMnx" version="1" changeset="1" lat="28.1616" lon="112.928385" /><node id="9439734550" timestamp="2026-03-31T16:39:34Z" uid="1" user="OSMnx" version="1" changeset="1" lat="28.160087" lon="112.93035" /><node id="9439734551" timestamp="2026-03-31T16:39:34Z" uid="1" user="OSMnx" version="1" changeset="1" lat="28.160033" lon="112.930295" /><node id="9439734552" timestamp="2026-03-31T16:39:34Z" uid="1" user="OSMnx" version="1" changeset="1" lat="28.160242" lon="112.930033" /><node id="9439734553" timestamp="2026-03-31T16:39:34Z" uid="1" user="OSMnx" version="1" changeset="1" lat="28.160267" lon="112.930113" /><node id="9439734554" timestamp="2026-03-31T16:39:34Z" uid="1" user="OSMnx" version="1" changeset="1" lat="28.159414" lon="112.931084" /><node id="9439734555" timestamp="2026-03-31T16:39:34Z" uid="1" user="OSMnx" version="1" changeset="1" lat="28.159395" lon="112.93122" /><node id="9439734556" timestamp="2026-03-31T16:39:34Z" uid="1" user="OSMnx" version="1" changeset="1" lat="28.159621" lon="112.930949" /><node id="9439734557" timestamp="2026-03-31T16:39:34Z" uid="1" user="OSMnx" version="1" changeset="1" lat="28.159787" lon="112.930734" /><node id="9439734565" timestamp="2026-03-31T16:39:34Z" uid="1" user="OSMnx" version="1" changeset="1" lat="28.16709" lon="112.92702" /><node id="9439734566" timestamp="2026-03-31T16:39:34Z" uid="1" user="OSMnx" version="1" changeset="1" lat="28.167214" lon="112.927043" /><node id="9439734567" timestamp="2026-03-31T16:39:34Z" uid="1" user="OSMnx" version="1" changeset="1" lat="28.167271" lon="112.927075" /><node id="9439734568" timestamp="2026-03-31T16:39:34Z" uid="1" user="OSMnx" version="1" changeset="1" lat="28.167383" lon="112.927172" /><node id="9439734569" timestamp="2026-03-31T16:39:34Z" uid="1" user="OSMnx" version="1" changeset="1" lat="28.167425" lon="112.927237" /><node id="9439734570" timestamp="2026-03-31T16:39:34Z" uid="1" user="OSMnx" version="1" changeset="1" lat="28.167463" lon="112.927316" /><node id="9439734571" timestamp="2026-03-31T16:39:34Z" uid="1" user="OSMnx" version="1" changeset="1" lat="28.167384" lon="112.926721" /><node id="9439734574" timestamp="2026-03-31T16:39:34Z" uid="1" user="OSMnx" version="1" changeset="1" lat="28.167508" lon="112.926797" /><node id="9439734575" timestamp="2026-03-31T16:39:34Z" uid="1" user="OSMnx" version="1" changeset="1" lat="28.167526" lon="112.926963" /><node id="9439734576" timestamp="2026-03-31T16:39:34Z" uid="1" user="OSMnx" version="1" changeset="1" lat="28.167297" lon="112.926725" /><node id="9439734577" timestamp="2026-03-31T16:39:34Z" uid="1" user="OSMnx" version="1" changeset="1" lat="28.167409" lon="112.927092" /><node id="9439734578" timestamp="2026-03-31T16:39:34Z" uid="1" user="OSMnx" version="1" changeset="1" lat="28.167329" lon="112.927115" /><node id="9439734579" timestamp="2026-03-31T16:39:34Z" uid="1" user="OSMnx" version="1" changeset="1" lat="28.167166" lon="112.927028" /><node id="9439734580" timestamp="2026-03-31T16:39:34Z" uid="1" user="OSMnx" version="1" changeset="1" lat="28.167569" lon="112.927128" /><node id="9439734581" timestamp="2026-03-31T16:39:34Z" uid="1" user="OSMnx" version="1" changeset="1" lat="28.167467" lon="112.927079" /><node id="9439882914" timestamp="2026-03-31T16:39:34Z" uid="1" user="OSMnx" version="1" changeset="1" lat="28.167906" lon="112.926801" /><node id="9439882915" timestamp="2026-03-31T16:39:34Z" uid="1" user="OSMnx" version="1" changeset="1" lat="28.167727" lon="112.926744" /><node id="9439882916" timestamp="2026-03-31T16:39:34Z" uid="1" user="OSMnx" version="1" changeset="1" lat="28.167757" lon="112.926787" /><node id="9439882926" timestamp="2026-03-31T16:39:34Z" uid="1" user="OSMnx" version="1" changeset="1" lat="28.167772" lon="112.926894" /><node id="9439882927" timestamp="2026-03-31T16:39:34Z" uid="1" user="OSMnx" version="1" changeset="1" lat="28.167886" lon="112.92686" /><node id="9439882928" timestamp="2026-03-31T16:39:34Z" uid="1" user="OSMnx" version="1" changeset="1" lat="28.16784" lon="112.926875" /><node id="9439882929" timestamp="2026-03-31T16:39:34Z" uid="1" user="OSMnx" version="1" changeset="1" lat="28.167778" lon="112.926916" /><node id="9440261539" timestamp="2026-03-31T16:39:34Z" uid="1" user="OSMnx" version="1" changeset="1" lat="28.165844" lon="112.926793" /><node id="9440261540" timestamp="2026-03-31T16:39:34Z" uid="1" user="OSMnx" version="1" changeset="1" lat="28.165849" lon="112.926949" /><node id="9440261548" timestamp="2026-03-31T16:39:34Z" uid="1" user="OSMnx" version="1" changeset="1" lat="28.165883" lon="112.927157" /><node id="9440261549" timestamp="2026-03-31T16:39:34Z" uid="1" user="OSMnx" version="1" changeset="1" lat="28.165873" lon="112.927082" /><node id="9440261550" timestamp="2026-03-31T16:39:34Z" uid="1" user="OSMnx" version="1" changeset="1" lat="28.165843" lon="112.927002" /><node id="9440261551" timestamp="2026-03-31T16:39:34Z" uid="1" user="OSMnx" version="1" changeset="1" lat="28.165822" lon="112.927045" /><node id="9440395473" timestamp="2026-03-31T16:39:34Z" uid="1" user="OSMnx" version="1" changeset="1" lat="28.167708" lon="112.927904" /><node id="9440606320" timestamp="2026-03-31T16:39:34Z" uid="1" user="OSMnx" version="1" changeset="1" lat="28.164295" lon="112.927386" /><node id="9440606343" timestamp="2026-03-31T16:39:34Z" uid="1" user="OSMnx" version="1" changeset="1" lat="28.160052" lon="112.930514"><tag k="highway" v="crossing" /></node><node id="9441042942" timestamp="2026-03-31T16:39:34Z" uid="1" user="OSMnx" version="1" changeset="1" lat="28.167695" lon="112.928522" /><node id="9441042943" timestamp="2026-03-31T16:39:34Z" uid="1" user="OSMnx" version="1" changeset="1" lat="28.167744" lon="112.928715" /><node id="9441042944" timestamp="2026-03-31T16:39:34Z" uid="1" user="OSMnx" version="1" changeset="1" lat="28.167716" lon="112.928403" /><node id="9441042945" timestamp="2026-03-31T16:39:34Z" uid="1" user="OSMnx" version="1" changeset="1" lat="28.16777" lon="112.928644" /><node id="9441042946" timestamp="2026-03-31T16:39:34Z" uid="1" user="OSMnx" version="1" changeset="1" lat="28.167825" lon="112.928842" /><node id="9441042947" timestamp="2026-03-31T16:39:34Z" uid="1" user="OSMnx" version="1" changeset="1" lat="28.167896" lon="112.929036" /><node id="9457752900" timestamp="2026-03-31T16:39:34Z" uid="1" user="OSMnx" version="1" changeset="1" lat="28.160985" lon="112.928889" /><node id="9457752901" timestamp="2026-03-31T16:39:34Z" uid="1" user="OSMnx" version="1" changeset="1" lat="28.1602" lon="112.928582" /><node id="9457752903" timestamp="2026-03-31T16:39:34Z" uid="1" user="OSMnx" version="1" changeset="1" lat="28.15997" lon="112.928554" /><node id="9457752905" timestamp="2026-03-31T16:39:34Z" uid="1" user="OSMnx" version="1" changeset="1" lat="28.159443" lon="112.9286" /><node id="9457752906" timestamp="2026-03-31T16:39:34Z" uid="1" user="OSMnx" version="1" changeset="1" lat="28.15956" lon="112.928578" /><node id="9457752908" timestamp="2026-03-31T16:39:34Z" uid="1" user="OSMnx" version="1" changeset="1" lat="28.159161" lon="112.928689" /><node id="9457752911" timestamp="2026-03-31T16:39:34Z" uid="1" user="OSMnx" version="1" changeset="1" lat="28.160999" lon="112.929068" /><node id="9457752912" timestamp="2026-03-31T16:39:34Z" uid="1" user="OSMnx" version="1" changeset="1" lat="28.160925" lon="112.928992" /><node id="9457752913" timestamp="2026-03-31T16:39:34Z" uid="1" user="OSMnx" version="1" changeset="1" lat="28.160842" lon="112.928916" /><node id="9457752914" timestamp="2026-03-31T16:39:34Z" uid="1" user="OSMnx" version="1" changeset="1" lat="28.160753" lon="112.92885" /><node id="9457752916" timestamp="2026-03-31T16:39:34Z" uid="1" user="OSMnx" version="1" changeset="1" lat="28.160495" lon="112.928734" /><node id="9457760917" timestamp="2026-03-31T16:39:34Z" uid="1" user="OSMnx" version="1" changeset="1" lat="28.160344" lon="112.928672" /><node id="9457760918" timestamp="2026-03-31T16:39:34Z" uid="1" user="OSMnx" version="1" changeset="1" lat="28.160254" lon="112.92865" /><node id="9457760919" timestamp="2026-03-31T16:39:34Z" uid="1" user="OSMnx" version="1" changeset="1" lat="28.160099" lon="112.928628" /><node id="9457760920" timestamp="2026-03-31T16:39:34Z" uid="1" user="OSMnx" version="1" changeset="1" lat="28.159919" lon="112.928615" /><node id="9457760921" timestamp="2026-03-31T16:39:34Z" uid="1" user="OSMnx" version="1" changeset="1" lat="28.159715" lon="112.928619" /><node id="9457760922" timestamp="2026-03-31T16:39:34Z" uid="1" user="OSMnx" version="1" changeset="1" lat="28.159542" lon="112.928645" /><node id="9457760923" timestamp="2026-03-31T16:39:34Z" uid="1" user="OSMnx" version="1" changeset="1" lat="28.159355" lon="112.928689" /><node id="9457760924" timestamp="2026-03-31T16:39:34Z" uid="1" user="OSMnx" version="1" changeset="1" lat="28.159149" lon="112.928757" /><node id="9466479466" timestamp="2026-03-31T16:39:34Z" uid="1" user="OSMnx" version="1" changeset="1" lat="28.159367" lon="112.93299" /><node id="9466479467" timestamp="2026-03-31T16:39:34Z" uid="1" user="OSMnx" version="1" changeset="1" lat="28.159907" lon="112.933141" /><node id="9466479468" timestamp="2026-03-31T16:39:34Z" uid="1" user="OSMnx" version="1" changeset="1" lat="28.160379" lon="112.93325" /><node id="9466479469" timestamp="2026-03-31T16:39:34Z" uid="1" user="OSMnx" version="1" changeset="1" lat="28.160606" lon="112.933296" /><node id="9466479470" timestamp="2026-03-31T16:39:34Z" uid="1" user="OSMnx" version="1" changeset="1" lat="28.16106" lon="112.933406" /><node id="9466479471" timestamp="2026-03-31T16:39:34Z" uid="1" user="OSMnx" version="1" changeset="1" lat="28.161568" lon="112.933563" /><node id="9466479472" timestamp="2026-03-31T16:39:34Z" uid="1" user="OSMnx" version="1" changeset="1" lat="28.161856" lon="112.933635" /><node id="9466479473" timestamp="2026-03-31T16:39:34Z" uid="1" user="OSMnx" version="1" changeset="1" lat="28.16275" lon="112.93381" /><node id="9466479474" timestamp="2026-03-31T16:39:34Z" uid="1" user="OSMnx" version="1" changeset="1" lat="28.163147" lon="112.933921" /><node id="9466479475" timestamp="2026-03-31T16:39:34Z" uid="1" user="OSMnx" version="1" changeset="1" lat="28.163434" lon="112.934031" /><node id="9466479478" timestamp="2026-03-31T16:39:34Z" uid="1" user="OSMnx" version="1" changeset="1" lat="28.159112" lon="112.932807" /><node id="9466479479" timestamp="2026-03-31T16:39:34Z" uid="1" user="OSMnx" version="1" changeset="1" lat="28.159295" lon="112.932902" /><node id="9466479480" timestamp="2026-03-31T16:39:34Z" uid="1" user="OSMnx" version="1" changeset="1" lat="28.159401" lon="112.932949" /><node id="9466479481" timestamp="2026-03-31T16:39:34Z" uid="1" user="OSMnx" version="1" changeset="1" lat="28.159616" lon="112.933022" /><node id="9466479482" timestamp="2026-03-31T16:39:34Z" uid="1" user="OSMnx" version="1" changeset="1" lat="28.159798" lon="112.933068" /><node id="9466479483" timestamp="2026-03-31T16:39:34Z" uid="1" user="OSMnx" version="1" changeset="1" lat="28.159997" lon="112.93312" /><node id="9466479484" timestamp="2026-03-31T16:39:34Z" uid="1" user="OSMnx" version="1" changeset="1" lat="28.160473" lon="112.933207" /><node id="9466479489" timestamp="2026-03-31T16:39:34Z" uid="1" user="OSMnx" version="1" changeset="1" lat="28.160596" lon="112.933226" /><node id="9466479490" timestamp="2026-03-31T16:39:34Z" uid="1" user="OSMnx" version="1" changeset="1" lat="28.160859" lon="112.933286" /><node id="9466479492" timestamp="2026-03-31T16:39:34Z" uid="1" user="OSMnx" version="1" changeset="1" lat="28.16167" lon="112.933519" /><node id="9466479493" timestamp="2026-03-31T16:39:34Z" uid="1" user="OSMnx" version="1" changeset="1" lat="28.161939" lon="112.933578" /><node id="9466479494" timestamp="2026-03-31T16:39:34Z" uid="1" user="OSMnx" version="1" changeset="1" lat="28.162412" lon="112.933682" /><node id="9466479495" timestamp="2026-03-31T16:39:34Z" uid="1" user="OSMnx" version="1" changeset="1" lat="28.162847" lon="112.933781" /><node id="9466479496" timestamp="2026-03-31T16:39:34Z" uid="1" user="OSMnx" version="1" changeset="1" lat="28.163142" lon="112.933861" /><node id="9466479497" timestamp="2026-03-31T16:39:34Z" uid="1" user="OSMnx" version="1" changeset="1" lat="28.163358" lon="112.933942" /><node id="9466479498" timestamp="2026-03-31T16:39:34Z" uid="1" user="OSMnx" version="1" changeset="1" lat="28.163594" lon="112.934042" /><node id="9466479499" timestamp="2026-03-31T16:39:34Z" uid="1" user="OSMnx" version="1" changeset="1" lat="28.163959" lon="112.934224" /><node id="9466479500" timestamp="2026-03-31T16:39:34Z" uid="1" user="OSMnx" version="1" changeset="1" lat="28.164322" lon="112.934419" /><node id="9466479501" timestamp="2026-03-31T16:39:34Z" uid="1" user="OSMnx" version="1" changeset="1" lat="28.164543" lon="112.9346" /><node id="9466479502" timestamp="2026-03-31T16:39:34Z" uid="1" user="OSMnx" version="1" changeset="1" lat="28.164975" lon="112.934831" /><node id="9466479503" timestamp="2026-03-31T16:39:34Z" uid="1" user="OSMnx" version="1" changeset="1" lat="28.165126" lon="112.934919" /><node id="9466479504" timestamp="2026-03-31T16:39:34Z" uid="1" user="OSMnx" version="1" changeset="1" lat="28.165603" lon="112.93524" /><node id="9466479505" timestamp="2026-03-31T16:39:34Z" uid="1" user="OSMnx" version="1" changeset="1" lat="28.165417" lon="112.935104" /><node id="9466479515" timestamp="2026-03-31T16:39:34Z" uid="1" user="OSMnx" version="1" changeset="1" lat="28.166062" lon="112.935624" /><node id="9466479516" timestamp="2026-03-31T16:39:34Z" uid="1" user="OSMnx" version="1" changeset="1" lat="28.166468" lon="112.936084" /><node id="9466479517" timestamp="2026-03-31T16:39:34Z" uid="1" user="OSMnx" version="1" changeset="1" lat="28.166687" lon="112.936374" /><node id="9466479525" timestamp="2026-03-31T16:39:34Z" uid="1" user="OSMnx" version="1" changeset="1" lat="28.16458" lon="112.934559" /><node id="9466479526" timestamp="2026-03-31T16:39:34Z" uid="1" user="OSMnx" version="1" changeset="1" lat="28.164872" lon="112.934716" /><node id="9466479527" timestamp="2026-03-31T16:39:34Z" uid="1" user="OSMnx" version="1" changeset="1" lat="28.165205" lon="112.934899" /><node id="9466479528" timestamp="2026-03-31T16:39:34Z" uid="1" user="OSMnx" version="1" changeset="1" lat="28.16539" lon="112.935017" /><node id="9466479529" timestamp="2026-03-31T16:39:34Z" uid="1" user="OSMnx" version="1" changeset="1" lat="28.165596" lon="112.93517" /><node id="9466479530" timestamp="2026-03-31T16:39:34Z" uid="1" user="OSMnx" version="1" changeset="1" lat="28.165857" lon="112.935374" /><node id="9466479531" timestamp="2026-03-31T16:39:34Z" uid="1" user="OSMnx" version="1" changeset="1" lat="28.166046" lon="112.935522" /><node id="9466479532" timestamp="2026-03-31T16:39:34Z" uid="1" user="OSMnx" version="1" changeset="1" lat="28.166222" lon="112.935685" /><node id="9466479533" timestamp="2026-03-31T16:39:34Z" uid="1" user="OSMnx" version="1" changeset="1" lat="28.166443" lon="112.935945" /><node id="9466479534" timestamp="2026-03-31T16:39:34Z" uid="1" user="OSMnx" version="1" changeset="1" lat="28.166631" lon="112.936198" /><node id="9466479535" timestamp="2026-03-31T16:39:34Z" uid="1" user="OSMnx" version="1" changeset="1" lat="28.166795" lon="112.936437" /><node id="9482908634" timestamp="2026-03-31T16:39:34Z" uid="1" user="OSMnx" version="1" changeset="1" lat="28.159752" lon="112.934129" /><node id="9482908663" timestamp="2026-03-31T16:39:34Z" uid="1" user="OSMnx" version="1" changeset="1" lat="28.159366" lon="112.933253" /><node id="9482908664" timestamp="2026-03-31T16:39:34Z" uid="1" user="OSMnx" version="1" changeset="1" lat="28.159382" lon="112.933212" /><node id="9482908665" timestamp="2026-03-31T16:39:34Z" uid="1" user="OSMnx" version="1" changeset="1" lat="28.159411" lon="112.933193" /><node id="9482908666" timestamp="2026-03-31T16:39:34Z" uid="1" user="OSMnx" version="1" changeset="1" lat="28.159458" lon="112.933187" /><node id="9482908667" timestamp="2026-03-31T16:39:34Z" uid="1" user="OSMnx" version="1" changeset="1" lat="28.159498" lon="112.933197" /><node id="9482908668" timestamp="2026-03-31T16:39:34Z" uid="1" user="OSMnx" version="1" changeset="1" lat="28.160308" lon="112.933459" /><node id="9482908669" timestamp="2026-03-31T16:39:34Z" uid="1" user="OSMnx" version="1" changeset="1" lat="28.160334" lon="112.933477" /><node id="9482908670" timestamp="2026-03-31T16:39:34Z" uid="1" user="OSMnx" version="1" changeset="1" lat="28.160339" lon="112.933497" /><node id="9482908671" timestamp="2026-03-31T16:39:34Z" uid="1" user="OSMnx" version="1" changeset="1" lat="28.160338" lon="112.933528" /><node id="9482908672" timestamp="2026-03-31T16:39:34Z" uid="1" user="OSMnx" version="1" changeset="1" lat="28.160165" lon="112.934199" /><node id="9482908673" timestamp="2026-03-31T16:39:34Z" uid="1" user="OSMnx" version="1" changeset="1" lat="28.160142" lon="112.934228" /><node id="9482908674" timestamp="2026-03-31T16:39:34Z" uid="1" user="OSMnx" version="1" changeset="1" lat="28.160116" lon="112.934243" /><node id="9482908675" timestamp="2026-03-31T16:39:34Z" uid="1" user="OSMnx" version="1" changeset="1" lat="28.16009" lon="112.934239" /><node id="9482908676" timestamp="2026-03-31T16:39:34Z" uid="1" user="OSMnx" version="1" changeset="1" lat="28.159883" lon="112.934172" /><node id="9482908677" timestamp="2026-03-31T16:39:34Z" uid="1" user="OSMnx" version="1" changeset="1" lat="28.159708" lon="112.934861" /><node id="9482908678" timestamp="2026-03-31T16:39:34Z" uid="1" user="OSMnx" version="1" changeset="1" lat="28.159632" lon="112.934092" /><node id="9482908679" timestamp="2026-03-31T16:39:34Z" uid="1" user="OSMnx" version="1" changeset="1" lat="28.159471" lon="112.934746" /><node id="9482908680" timestamp="2026-03-31T16:39:34Z" uid="1" user="OSMnx" version="1" changeset="1" lat="28.159836" lon="112.933306" /><node id="9482908681" timestamp="2026-03-31T16:39:34Z" uid="1" user="OSMnx" version="1" changeset="1" lat="28.160105" lon="112.933391" /><node id="9482908682" timestamp="2026-03-31T16:39:34Z" uid="1" user="OSMnx" version="1" changeset="1" lat="28.159899" lon="112.934178" /><node id="9482908683" timestamp="2026-03-31T16:39:34Z" uid="1" user="OSMnx" version="1" changeset="1" lat="28.159575" lon="112.933222" /><node id="9482908684" timestamp="2026-03-31T16:39:34Z" uid="1" user="OSMnx" version="1" changeset="1" lat="28.159367" lon="112.934012" /><node id="9482908685" timestamp="2026-03-31T16:39:34Z" uid="1" user="OSMnx" version="1" changeset="1" lat="28.159257" lon="112.934717" /><node id="9482908686" timestamp="2026-03-31T16:39:34Z" uid="1" user="OSMnx" version="1" changeset="1" lat="28.15923" lon="112.933974" /><node id="9482908692" timestamp="2026-03-31T16:39:34Z" uid="1" user="OSMnx" version="1" changeset="1" lat="28.15964" lon="112.93489" /><node id="9482908693" timestamp="2026-03-31T16:39:34Z" uid="1" user="OSMnx" version="1" changeset="1" lat="28.16" lon="112.935328" /><node id="9482908694" timestamp="2026-03-31T16:39:34Z" uid="1" user="OSMnx" version="1" changeset="1" lat="28.160254" lon="112.935709" /><node id="9482908695" timestamp="2026-03-31T16:39:34Z" uid="1" user="OSMnx" version="1" changeset="1" lat="28.1607" lon="112.936159" /><node id="9482908696" timestamp="2026-03-31T16:39:34Z" uid="1" user="OSMnx" version="1" changeset="1" lat="28.16086" lon="112.936227" /><node id="9483371099" timestamp="2026-03-31T16:39:34Z" uid="1" user="OSMnx" version="1" changeset="1" lat="28.161182" lon="112.926924" /><node id="9483371100" timestamp="2026-03-31T16:39:34Z" uid="1" user="OSMnx" version="1" changeset="1" lat="28.161147" lon="112.926833" /><node id="9483371101" timestamp="2026-03-31T16:39:34Z" uid="1" user="OSMnx" version="1" changeset="1" lat="28.161222" lon="112.927106" /><node id="9483371102" timestamp="2026-03-31T16:39:34Z" uid="1" user="OSMnx" version="1" changeset="1" lat="28.161238" lon="112.927281" /><node id="9483371103" timestamp="2026-03-31T16:39:34Z" uid="1" user="OSMnx" version="1" changeset="1" lat="28.161214" lon="112.92758" /><node id="9483371105" timestamp="2026-03-31T16:39:34Z" uid="1" user="OSMnx" version="1" changeset="1" lat="28.16059" lon="112.928692" /><node id="9483371115" timestamp="2026-03-31T16:39:34Z" uid="1" user="OSMnx" version="1" changeset="1" lat="28.163436" lon="112.926968" /><node id="9483371119" timestamp="2026-03-31T16:39:34Z" uid="1" user="OSMnx" version="1" changeset="1" lat="28.165032" lon="112.926736" /><node id="9490553926" timestamp="2026-03-31T16:39:34Z" uid="1" user="OSMnx" version="1" changeset="1" lat="28.165563" lon="112.928303" /><node id="9490553927" timestamp="2026-03-31T16:39:34Z" uid="1" user="OSMnx" version="1" changeset="1" lat="28.165535" lon="112.927925" /><node id="9490553928" timestamp="2026-03-31T16:39:34Z" uid="1" user="OSMnx" version="1" changeset="1" lat="28.165525" lon="112.927798" /><node id="9490553929" timestamp="2026-03-31T16:39:34Z" uid="1" user="OSMnx" version="1" changeset="1" lat="28.165503" lon="112.927535" /><node id="9490553930" timestamp="2026-03-31T16:39:34Z" uid="1" user="OSMnx" version="1" changeset="1" lat="28.165562" lon="112.928282" /><node id="9490553931" timestamp="2026-03-31T16:39:34Z" uid="1" user="OSMnx" version="1" changeset="1" lat="28.165168" lon="112.928208" /><node id="9490553932" timestamp="2026-03-31T16:39:34Z" uid="1" user="OSMnx" version="1" changeset="1" lat="28.165169" lon="112.92815" /><node id="9490553933" timestamp="2026-03-31T16:39:34Z" uid="1" user="OSMnx" version="1" changeset="1" lat="28.165182" lon="112.928087" /><node id="9490553934" timestamp="2026-03-31T16:39:34Z" uid="1" user="OSMnx" version="1" changeset="1" lat="28.165188" lon="112.928044" /><node id="9490553935" timestamp="2026-03-31T16:39:34Z" uid="1" user="OSMnx" version="1" changeset="1" lat="28.165186" lon="112.927993" /><node id="9490553936" timestamp="2026-03-31T16:39:34Z" uid="1" user="OSMnx" version="1" changeset="1" lat="28.165116" lon="112.927556" /><node id="9490553937" timestamp="2026-03-31T16:39:34Z" uid="1" user="OSMnx" version="1" changeset="1" lat="28.165098" lon="112.927536" /><node id="9490553938" timestamp="2026-03-31T16:39:34Z" uid="1" user="OSMnx" version="1" changeset="1" lat="28.16504" lon="112.927522" /><node id="9490553939" timestamp="2026-03-31T16:39:34Z" uid="1" user="OSMnx" version="1" changeset="1" lat="28.16475" lon="112.927577" /><node id="9490553940" timestamp="2026-03-31T16:39:34Z" uid="1" user="OSMnx" version="1" changeset="1" lat="28.165069" lon="112.927523" /><node id="9490553941" timestamp="2026-03-31T16:39:34Z" uid="1" user="OSMnx" version="1" changeset="1" lat="28.164735" lon="112.927583" /><node id="9490553942" timestamp="2026-03-31T16:39:34Z" uid="1" user="OSMnx" version="1" changeset="1" lat="28.164722" lon="112.927591" /><node id="9490553943" timestamp="2026-03-31T16:39:34Z" uid="1" user="OSMnx" version="1" changeset="1" lat="28.164714" lon="112.927608" /><node id="9490553944" timestamp="2026-03-31T16:39:34Z" uid="1" user="OSMnx" version="1" changeset="1" lat="28.164712" lon="112.927624" /><node id="9490553945" timestamp="2026-03-31T16:39:34Z" uid="1" user="OSMnx" version="1" changeset="1" lat="28.164475" lon="112.928874" /><node id="9490553946" timestamp="2026-03-31T16:39:34Z" uid="1" user="OSMnx" version="1" changeset="1" lat="28.164514" lon="112.93013" /><node id="9490553951" timestamp="2026-03-31T16:39:34Z" uid="1" user="OSMnx" version="1" changeset="1" lat="28.164478" lon="112.928606" /><node id="9490553952" timestamp="2026-03-31T16:39:34Z" uid="1" user="OSMnx" version="1" changeset="1" lat="28.164476" lon="112.928746" /><node id="9490553977" timestamp="2026-03-31T16:39:34Z" uid="1" user="OSMnx" version="1" changeset="1" lat="28.164713" lon="112.927645" /><node id="9490553978" timestamp="2026-03-31T16:39:34Z" uid="1" user="OSMnx" version="1" changeset="1" lat="28.164775" lon="112.928281" /><node id="9490553979" timestamp="2026-03-31T16:39:34Z" uid="1" user="OSMnx" version="1" changeset="1" lat="28.164778" lon="112.928309" /><node id="9490553980" timestamp="2026-03-31T16:39:34Z" uid="1" user="OSMnx" version="1" changeset="1" lat="28.164787" lon="112.928339" /><node id="9490553981" timestamp="2026-03-31T16:39:34Z" uid="1" user="OSMnx" version="1" changeset="1" lat="28.164804" lon="112.928362" /><node id="9490553982" timestamp="2026-03-31T16:39:34Z" uid="1" user="OSMnx" version="1" changeset="1" lat="28.164824" lon="112.928374" /><node id="9490553983" timestamp="2026-03-31T16:39:34Z" uid="1" user="OSMnx" version="1" changeset="1" lat="28.16485" lon="112.928377" /><node id="9490553984" timestamp="2026-03-31T16:39:34Z" uid="1" user="OSMnx" version="1" changeset="1" lat="28.165524" lon="112.929179" /><node id="9490553985" timestamp="2026-03-31T16:39:34Z" uid="1" user="OSMnx" version="1" changeset="1" lat="28.165518" lon="112.929211" /><node id="9490553986" timestamp="2026-03-31T16:39:34Z" uid="1" user="OSMnx" version="1" changeset="1" lat="28.165507" lon="112.929225" /><node id="9490553987" timestamp="2026-03-31T16:39:34Z" uid="1" user="OSMnx" version="1" changeset="1" lat="28.16549" lon="112.929235" /><node id="9490553988" timestamp="2026-03-31T16:39:34Z" uid="1" user="OSMnx" version="1" changeset="1" lat="28.16547" lon="112.92924" /><node id="9490553989" timestamp="2026-03-31T16:39:34Z" uid="1" user="OSMnx" version="1" changeset="1" lat="28.165447" lon="112.929239" /><node id="9490553990" timestamp="2026-03-31T16:39:34Z" uid="1" user="OSMnx" version="1" changeset="1" lat="28.16521" lon="112.929238" /><node id="9490553991" timestamp="2026-03-31T16:39:34Z" uid="1" user="OSMnx" version="1" changeset="1" lat="28.165195" lon="112.929233" /><node id="9490553992" timestamp="2026-03-31T16:39:34Z" uid="1" user="OSMnx" version="1" changeset="1" lat="28.165188" lon="112.929219" /><node id="9490553993" timestamp="2026-03-31T16:39:34Z" uid="1" user="OSMnx" version="1" changeset="1" lat="28.165183" lon="112.929202" /><node id="9490553994" timestamp="2026-03-31T16:39:34Z" uid="1" user="OSMnx" version="1" changeset="1" lat="28.165186" lon="112.928882"><tag k="highway" v="turning_loop" /></node><node id="9490553995" timestamp="2026-03-31T16:39:34Z" uid="1" user="OSMnx" version="1" changeset="1" lat="28.165559" lon="112.928319" /><node id="9490553996" timestamp="2026-03-31T16:39:34Z" uid="1" user="OSMnx" version="1" changeset="1" lat="28.165549" lon="112.928332" /><node id="9490553997" timestamp="2026-03-31T16:39:34Z" uid="1" user="OSMnx" version="1" changeset="1" lat="28.165424" lon="112.92835" /><node id="9490553998" timestamp="2026-03-31T16:39:34Z" uid="1" user="OSMnx" version="1" changeset="1" lat="28.165309" lon="112.928367" /><node id="9490553999" timestamp="2026-03-31T16:39:34Z" uid="1" user="OSMnx" version="1" changeset="1" lat="28.164813" lon="112.92846" /><node id="9490554000" timestamp="2026-03-31T16:39:34Z" uid="1" user="OSMnx" version="1" changeset="1" lat="28.165009" lon="112.928452" /><node id="9490554001" timestamp="2026-03-31T16:39:34Z" uid="1" user="OSMnx" version="1" changeset="1" lat="28.165264" lon="112.928377" /><node id="9490554002" timestamp="2026-03-31T16:39:34Z" uid="1" user="OSMnx" version="1" changeset="1" lat="28.165228" lon="112.928391" /><node id="9490554003" timestamp="2026-03-31T16:39:34Z" uid="1" user="OSMnx" version="1" changeset="1" lat="28.1651" lon="112.928441" /><node id="9490554010" timestamp="2026-03-31T16:39:34Z" uid="1" user="OSMnx" version="1" changeset="1" lat="28.163771" lon="112.928924" /><node id="9490554024" timestamp="2026-03-31T16:39:34Z" uid="1" user="OSMnx" version="1" changeset="1" lat="28.167028" lon="112.932214" /><node id="9490554025" timestamp="2026-03-31T16:39:34Z" uid="1" user="OSMnx" version="1" changeset="1" lat="28.166788" lon="112.932858" /><node id="9490554068" timestamp="2026-03-31T16:39:34Z" uid="1" user="OSMnx" version="1" changeset="1" lat="28.163426" lon="112.926851" /><node id="9490554069" timestamp="2026-03-31T16:39:34Z" uid="1" user="OSMnx" version="1" changeset="1" lat="28.163526" lon="112.926839" /><node id="9490554070" timestamp="2026-03-31T16:39:34Z" uid="1" user="OSMnx" version="1" changeset="1" lat="28.16355" lon="112.926828" /><node id="9490554071" timestamp="2026-03-31T16:39:34Z" uid="1" user="OSMnx" version="1" changeset="1" lat="28.163563" lon="112.926787" /><node id="9490554076" timestamp="2026-03-31T16:39:34Z" uid="1" user="OSMnx" version="1" changeset="1" lat="28.163237" lon="112.926824" /><node id="9490554077" timestamp="2026-03-31T16:39:34Z" uid="1" user="OSMnx" version="1" changeset="1" lat="28.163246" lon="112.926847" /><node id="9490554078" timestamp="2026-03-31T16:39:34Z" uid="1" user="OSMnx" version="1" changeset="1" lat="28.163278" lon="112.926866" /><node id="9490554081" timestamp="2026-03-31T16:39:34Z" uid="1" user="OSMnx" version="1" changeset="1" lat="28.163561" lon="112.92681" /><node id="9490554084" timestamp="2026-03-31T16:39:34Z" uid="1" user="OSMnx" version="1" changeset="1" lat="28.163258" lon="112.926861" /><node id="9490714974" timestamp="2026-03-31T16:39:34Z" uid="1" user="OSMnx" version="1" changeset="1" lat="28.164992" lon="112.93151" /><node id="9490764405" timestamp="2026-03-31T16:39:34Z" uid="1" user="OSMnx" version="1" changeset="1" lat="28.161051" lon="112.929125" /><node id="9490764406" timestamp="2026-03-31T16:39:34Z" uid="1" user="OSMnx" version="1" changeset="1" lat="28.16091" lon="112.928831" /><node id="9490764407" timestamp="2026-03-31T16:39:34Z" uid="1" user="OSMnx" version="1" changeset="1" lat="28.161035" lon="112.928937" /><node id="9490764408" timestamp="2026-03-31T16:39:34Z" uid="1" user="OSMnx" version="1" changeset="1" lat="28.161099" lon="112.929065" /><node id="9490764409" timestamp="2026-03-31T16:39:34Z" uid="1" user="OSMnx" version="1" changeset="1" lat="28.161208" lon="112.929318" /><node id="9490764410" timestamp="2026-03-31T16:39:34Z" uid="1" user="OSMnx" version="1" changeset="1" lat="28.161143" lon="112.929251" /><node id="9490764411" timestamp="2026-03-31T16:39:34Z" uid="1" user="OSMnx" version="1" changeset="1" lat="28.161086" lon="112.92917" /><node id="9490764412" timestamp="2026-03-31T16:39:34Z" uid="1" user="OSMnx" version="1" changeset="1" lat="28.161476" lon="112.929567" /><node id="9490764413" timestamp="2026-03-31T16:39:34Z" uid="1" user="OSMnx" version="1" changeset="1" lat="28.161929" lon="112.929934" /><node id="9490764414" timestamp="2026-03-31T16:39:34Z" uid="1" user="OSMnx" version="1" changeset="1" lat="28.161229" lon="112.929286" /><node id="9490764415" timestamp="2026-03-31T16:39:34Z" uid="1" user="OSMnx" version="1" changeset="1" lat="28.161189" lon="112.929244" /><node id="9490764416" timestamp="2026-03-31T16:39:34Z" uid="1" user="OSMnx" version="1" changeset="1" lat="28.161153" lon="112.929201" /><node id="9490764417" timestamp="2026-03-31T16:39:34Z" uid="1" user="OSMnx" version="1" changeset="1" lat="28.16113" lon="112.929159" /><node id="9490764418" timestamp="2026-03-31T16:39:34Z" uid="1" user="OSMnx" version="1" changeset="1" lat="28.161116" lon="112.929116" /><node id="9490764419" timestamp="2026-03-31T16:39:34Z" uid="1" user="OSMnx" version="1" changeset="1" lat="28.161083" lon="112.929027" /><node id="9490764420" timestamp="2026-03-31T16:39:34Z" uid="1" user="OSMnx" version="1" changeset="1" lat="28.161494" lon="112.929537" /><node id="9490764421" timestamp="2026-03-31T16:39:34Z" uid="1" user="OSMnx" version="1" changeset="1" lat="28.161115" lon="112.929217" /><node id="9491091580" timestamp="2026-03-31T16:39:34Z" uid="1" user="OSMnx" version="1" changeset="1" lat="28.162117" lon="112.933453" /><node id="9491091581" timestamp="2026-03-31T16:39:34Z" uid="1" user="OSMnx" version="1" changeset="1" lat="28.1618" lon="112.933376" /><node id="9491091582" timestamp="2026-03-31T16:39:34Z" uid="1" user="OSMnx" version="1" changeset="1" lat="28.161634" lon="112.933334" /><node id="9491091583" timestamp="2026-03-31T16:39:34Z" uid="1" user="OSMnx" version="1" changeset="1" lat="28.161522" lon="112.933292" /><node id="9491091584" timestamp="2026-03-31T16:39:34Z" uid="1" user="OSMnx" version="1" changeset="1" lat="28.161412" lon="112.933248" /><node id="9491091585" timestamp="2026-03-31T16:39:34Z" uid="1" user="OSMnx" version="1" changeset="1" lat="28.161373" lon="112.933228" /><node id="9491091586" timestamp="2026-03-31T16:39:34Z" uid="1" user="OSMnx" version="1" changeset="1" lat="28.161339" lon="112.933197" /><node id="9491091587" timestamp="2026-03-31T16:39:34Z" uid="1" user="OSMnx" version="1" changeset="1" lat="28.16132" lon="112.933144" /><node id="9491091588" timestamp="2026-03-31T16:39:34Z" uid="1" user="OSMnx" version="1" changeset="1" lat="28.161314" lon="112.933082" /><node id="9491091589" timestamp="2026-03-31T16:39:34Z" uid="1" user="OSMnx" version="1" changeset="1" lat="28.161317" lon="112.932273" /><node id="9491091590" timestamp="2026-03-31T16:39:34Z" uid="1" user="OSMnx" version="1" changeset="1" lat="28.161449" lon="112.933265" /><node id="9491091591" timestamp="2026-03-31T16:39:34Z" uid="1" user="OSMnx" version="1" changeset="1" lat="28.161718" lon="112.933355" /><node id="9491091599" timestamp="2026-03-31T16:39:34Z" uid="1" user="OSMnx" version="1" changeset="1" lat="28.162216" lon="112.933479" /><node id="9491091600" timestamp="2026-03-31T16:39:34Z" uid="1" user="OSMnx" version="1" changeset="1" lat="28.162241" lon="112.933496" /><node id="9491091601" timestamp="2026-03-31T16:39:34Z" uid="1" user="OSMnx" version="1" changeset="1" lat="28.162256" lon="112.933522" /><node id="9491091602" timestamp="2026-03-31T16:39:34Z" uid="1" user="OSMnx" version="1" changeset="1" lat="28.162258" lon="112.93356" /><node id="9491091603" timestamp="2026-03-31T16:39:34Z" uid="1" user="OSMnx" version="1" changeset="1" lat="28.162243" lon="112.933645" /><node id="9491091604" timestamp="2026-03-31T16:39:34Z" uid="1" user="OSMnx" version="1" changeset="1" lat="28.162225" lon="112.933712" /><node id="9491091605" timestamp="2026-03-31T16:39:34Z" uid="1" user="OSMnx" version="1" changeset="1" lat="28.159797" lon="112.932329" /><node id="9491091606" timestamp="2026-03-31T16:39:34Z" uid="1" user="OSMnx" version="1" changeset="1" lat="28.160111" lon="112.932326" /><node id="9491091607" timestamp="2026-03-31T16:39:34Z" uid="1" user="OSMnx" version="1" changeset="1" lat="28.160298" lon="112.932314" /><node id="9491091608" timestamp="2026-03-31T16:39:34Z" uid="1" user="OSMnx" version="1" changeset="1" lat="28.160802" lon="112.932267" /><node id="9491091609" timestamp="2026-03-31T16:39:34Z" uid="1" user="OSMnx" version="1" changeset="1" lat="28.160929" lon="112.932266" /><node id="9491091610" timestamp="2026-03-31T16:39:34Z" uid="1" user="OSMnx" version="1" changeset="1" lat="28.161763" lon="112.932274" /><node id="9491091611" timestamp="2026-03-31T16:39:34Z" uid="1" user="OSMnx" version="1" changeset="1" lat="28.161832" lon="112.932282" /><node id="9491091612" timestamp="2026-03-31T16:39:34Z" uid="1" user="OSMnx" version="1" changeset="1" lat="28.161869" lon="112.93229" /><node id="9491091613" timestamp="2026-03-31T16:39:34Z" uid="1" user="OSMnx" version="1" changeset="1" lat="28.161956" lon="112.932309" /><node id="9491091614" timestamp="2026-03-31T16:39:34Z" uid="1" user="OSMnx" version="1" changeset="1" lat="28.161994" lon="112.932309" /><node id="9491091615" timestamp="2026-03-31T16:39:34Z" uid="1" user="OSMnx" version="1" changeset="1" lat="28.160611" lon="112.932277" /><node id="9491091616" timestamp="2026-03-31T16:39:34Z" uid="1" user="OSMnx" version="1" changeset="1" lat="28.160704" lon="112.93227" /><node id="9491091617" timestamp="2026-03-31T16:39:34Z" uid="1" user="OSMnx" version="1" changeset="1" lat="28.1618" lon="112.932276" /><node id="9491091648" timestamp="2026-03-31T16:39:34Z" uid="1" user="OSMnx" version="1" changeset="1" lat="28.164986" lon="112.932923" /><node id="9491091649" timestamp="2026-03-31T16:39:34Z" uid="1" user="OSMnx" version="1" changeset="1" lat="28.16505" lon="112.933536" /><node id="9492064589" timestamp="2026-03-31T16:39:34Z" uid="1" user="OSMnx" version="1" changeset="1" lat="28.167834" lon="112.926797" /><node id="9492064590" timestamp="2026-03-31T16:39:34Z" uid="1" user="OSMnx" version="1" changeset="1" lat="28.16488" lon="112.931906" /><node id="9492064591" timestamp="2026-03-31T16:39:34Z" uid="1" user="OSMnx" version="1" changeset="1" lat="28.164892" lon="112.931675" /><node id="9492064592" timestamp="2026-03-31T16:39:34Z" uid="1" user="OSMnx" version="1" changeset="1" lat="28.164912" lon="112.931603" /><node id="9492064593" timestamp="2026-03-31T16:39:34Z" uid="1" user="OSMnx" version="1" changeset="1" lat="28.164863" lon="112.931603" /><node id="9492064594" timestamp="2026-03-31T16:39:34Z" uid="1" user="OSMnx" version="1" changeset="1" lat="28.164877" lon="112.931832" /><node id="9492064595" timestamp="2026-03-31T16:39:34Z" uid="1" user="OSMnx" version="1" changeset="1" lat="28.164876" lon="112.931747" /><node id="9492064596" timestamp="2026-03-31T16:39:34Z" uid="1" user="OSMnx" version="1" changeset="1" lat="28.164996" lon="112.931474" /><node id="9492064597" timestamp="2026-03-31T16:39:34Z" uid="1" user="OSMnx" version="1" changeset="1" lat="28.1651" lon="112.931476" /><node id="9492064600" timestamp="2026-03-31T16:39:34Z" uid="1" user="OSMnx" version="1" changeset="1" lat="28.165068" lon="112.931413" /><node id="9492064601" timestamp="2026-03-31T16:39:34Z" uid="1" user="OSMnx" version="1" changeset="1" lat="28.165043" lon="112.931409" /><node id="9492064602" timestamp="2026-03-31T16:39:34Z" uid="1" user="OSMnx" version="1" changeset="1" lat="28.165017" lon="112.931404" /><node id="9492064603" timestamp="2026-03-31T16:39:34Z" uid="1" user="OSMnx" version="1" changeset="1" lat="28.164991" lon="112.931395" /><node id="9492064604" timestamp="2026-03-31T16:39:34Z" uid="1" user="OSMnx" version="1" changeset="1" lat="28.164966" lon="112.931382" /><node id="9492064605" timestamp="2026-03-31T16:39:34Z" uid="1" user="OSMnx" version="1" changeset="1" lat="28.16507" lon="112.931484" /><node id="9492064606" timestamp="2026-03-31T16:39:34Z" uid="1" user="OSMnx" version="1" changeset="1" lat="28.165046" lon="112.931494" /><node id="9492064607" timestamp="2026-03-31T16:39:34Z" uid="1" user="OSMnx" version="1" changeset="1" lat="28.165022" lon="112.931508" /><node id="9492064608" timestamp="2026-03-31T16:39:34Z" uid="1" user="OSMnx" version="1" changeset="1" lat="28.164999" lon="112.931528" /><node id="9492064609" timestamp="2026-03-31T16:39:34Z" uid="1" user="OSMnx" version="1" changeset="1" lat="28.16497" lon="112.931557" /><node id="9492064635" timestamp="2026-03-31T16:39:34Z" uid="1" user="OSMnx" version="1" changeset="1" lat="28.161389" lon="112.929295" /><node id="9492064636" timestamp="2026-03-31T16:39:34Z" uid="1" user="OSMnx" version="1" changeset="1" lat="28.161403" lon="112.929259" /><node id="9492064637" timestamp="2026-03-31T16:39:34Z" uid="1" user="OSMnx" version="1" changeset="1" lat="28.161358" lon="112.929116" /><node id="9492994526" timestamp="2026-03-31T16:39:34Z" uid="1" user="OSMnx" version="1" changeset="1" lat="28.165389" lon="112.933595" /><node id="9492994544" timestamp="2026-03-31T16:39:34Z" uid="1" user="OSMnx" version="1" changeset="1" lat="28.167463" lon="112.93383" /><node id="9492994545" timestamp="2026-03-31T16:39:34Z" uid="1" user="OSMnx" version="1" changeset="1" lat="28.167462" lon="112.933451" /><node id="9492994546" timestamp="2026-03-31T16:39:34Z" uid="1" user="OSMnx" version="1" changeset="1" lat="28.167459" lon="112.933424" /><node id="9492994547" timestamp="2026-03-31T16:39:34Z" uid="1" user="OSMnx" version="1" changeset="1" lat="28.167453" lon="112.93332" /><node id="9492994548" timestamp="2026-03-31T16:39:34Z" uid="1" user="OSMnx" version="1" changeset="1" lat="28.167684" lon="112.933077" /><node id="9492994549" timestamp="2026-03-31T16:39:34Z" uid="1" user="OSMnx" version="1" changeset="1" lat="28.168026" lon="112.933072" /><node id="9492994550" timestamp="2026-03-31T16:39:34Z" uid="1" user="OSMnx" version="1" changeset="1" lat="28.168056" lon="112.933801" /><node id="9492994551" timestamp="2026-03-31T16:39:34Z" uid="1" user="OSMnx" version="1" changeset="1" lat="28.167463" lon="112.933763" /><node id="9492994552" timestamp="2026-03-31T16:39:34Z" uid="1" user="OSMnx" version="1" changeset="1" lat="28.167726" lon="112.93306" /><node id="9492994553" timestamp="2026-03-31T16:39:34Z" uid="1" user="OSMnx" version="1" changeset="1" lat="28.167666" lon="112.933093" /><node id="9492994554" timestamp="2026-03-31T16:39:34Z" uid="1" user="OSMnx" version="1" changeset="1" lat="28.167704" lon="112.933064" /><node id="9492994555" timestamp="2026-03-31T16:39:34Z" uid="1" user="OSMnx" version="1" changeset="1" lat="28.167439" lon="112.933337" /><node id="9492994556" timestamp="2026-03-31T16:39:34Z" uid="1" user="OSMnx" version="1" changeset="1" lat="28.167439" lon="112.933377" /><node id="9492994557" timestamp="2026-03-31T16:39:34Z" uid="1" user="OSMnx" version="1" changeset="1" lat="28.16745" lon="112.933402" /><node id="9492994558" timestamp="2026-03-31T16:39:34Z" uid="1" user="OSMnx" version="1" changeset="1" lat="28.167433" lon="112.933358" /><node id="9492994559" timestamp="2026-03-31T16:39:34Z" uid="1" user="OSMnx" version="1" changeset="1" lat="28.168055" lon="112.93374" /><node id="9492994560" timestamp="2026-03-31T16:39:34Z" uid="1" user="OSMnx" version="1" changeset="1" lat="28.168046" lon="112.933124" /><node id="9492994561" timestamp="2026-03-31T16:39:34Z" uid="1" user="OSMnx" version="1" changeset="1" lat="28.167979" lon="112.933058" /><node id="9492994562" timestamp="2026-03-31T16:39:34Z" uid="1" user="OSMnx" version="1" changeset="1" lat="28.168041" lon="112.933094" /><node id="9492994563" timestamp="2026-03-31T16:39:34Z" uid="1" user="OSMnx" version="1" changeset="1" lat="28.168003" lon="112.933061" /><node id="9492994589" timestamp="2026-03-31T16:39:34Z" uid="1" user="OSMnx" version="1" changeset="1" lat="28.168015" lon="112.933803" /><node id="9492994590" timestamp="2026-03-31T16:39:34Z" uid="1" user="OSMnx" version="1" changeset="1" lat="28.168037" lon="112.934572" /><node id="9493016095" timestamp="2026-03-31T16:39:34Z" uid="1" user="OSMnx" version="1" changeset="1" lat="28.162084" lon="112.929652" /><node id="9493016096" timestamp="2026-03-31T16:39:34Z" uid="1" user="OSMnx" version="1" changeset="1" lat="28.162014" lon="112.929759" /><node id="9493016097" timestamp="2026-03-31T16:39:34Z" uid="1" user="OSMnx" version="1" changeset="1" lat="28.16195" lon="112.92989" /><node id="9493016098" timestamp="2026-03-31T16:39:34Z" uid="1" user="OSMnx" version="1" changeset="1" lat="28.162305" lon="112.929423" /><node id="9493016099" timestamp="2026-03-31T16:39:34Z" uid="1" user="OSMnx" version="1" changeset="1" lat="28.162256" lon="112.929466" /><node id="9493016100" timestamp="2026-03-31T16:39:34Z" uid="1" user="OSMnx" version="1" changeset="1" lat="28.162206" lon="112.929512" /><node id="9493016101" timestamp="2026-03-31T16:39:34Z" uid="1" user="OSMnx" version="1" changeset="1" lat="28.16271" lon="112.929268" /><node id="9493016102" timestamp="2026-03-31T16:39:34Z" uid="1" user="OSMnx" version="1" changeset="1" lat="28.162745" lon="112.929233" /><node id="9493016103" timestamp="2026-03-31T16:39:34Z" uid="1" user="OSMnx" version="1" changeset="1" lat="28.162818" lon="112.929048" /><node id="9493016104" timestamp="2026-03-31T16:39:34Z" uid="1" user="OSMnx" version="1" changeset="1" lat="28.162763" lon="112.929107" /><node id="9493016105" timestamp="2026-03-31T16:39:34Z" uid="1" user="OSMnx" version="1" changeset="1" lat="28.162686" lon="112.929189" /><node id="9493016106" timestamp="2026-03-31T16:39:34Z" uid="1" user="OSMnx" version="1" changeset="1" lat="28.16172" lon="112.93043" /><node id="9493016107" timestamp="2026-03-31T16:39:34Z" uid="1" user="OSMnx" version="1" changeset="1" lat="28.161675" lon="112.930486" /><node id="9493016108" timestamp="2026-03-31T16:39:34Z" uid="1" user="OSMnx" version="1" changeset="1" lat="28.161628" lon="112.930581" /><node id="9493016109" timestamp="2026-03-31T16:39:34Z" uid="1" user="OSMnx" version="1" changeset="1" lat="28.161582" lon="112.930712" /><node id="9493016110" timestamp="2026-03-31T16:39:34Z" uid="1" user="OSMnx" version="1" changeset="1" lat="28.161557" lon="112.930856" /><node id="9493016111" timestamp="2026-03-31T16:39:34Z" uid="1" user="OSMnx" version="1" changeset="1" lat="28.161566" lon="112.931286" /><node id="9493016112" timestamp="2026-03-31T16:39:34Z" uid="1" user="OSMnx" version="1" changeset="1" lat="28.161562" lon="112.930808" /><node id="9493016113" timestamp="2026-03-31T16:39:34Z" uid="1" user="OSMnx" version="1" changeset="1" lat="28.161612" lon="112.930622" /><node id="9493016114" timestamp="2026-03-31T16:39:34Z" uid="1" user="OSMnx" version="1" changeset="1" lat="28.16166" lon="112.930511" /><node id="9493016115" timestamp="2026-03-31T16:39:34Z" uid="1" user="OSMnx" version="1" changeset="1" lat="28.161691" lon="112.930465" /><node id="9493016116" timestamp="2026-03-31T16:39:34Z" uid="1" user="OSMnx" version="1" changeset="1" lat="28.161748" lon="112.930392" /><node id="9493053117" timestamp="2026-03-31T16:39:34Z" uid="1" user="OSMnx" version="1" changeset="1" lat="28.161706" lon="112.930446" /><node id="9493053118" timestamp="2026-03-31T16:39:34Z" uid="1" user="OSMnx" version="1" changeset="1" lat="28.162545" lon="112.92928" /><node id="9493053119" timestamp="2026-03-31T16:39:34Z" uid="1" user="OSMnx" version="1" changeset="1" lat="28.162357" lon="112.929384" /><node id="9493053120" timestamp="2026-03-31T16:39:34Z" uid="1" user="OSMnx" version="1" changeset="1" lat="28.16216" lon="112.929556" /><node id="9493053121" timestamp="2026-03-31T16:39:34Z" uid="1" user="OSMnx" version="1" changeset="1" lat="28.162044" lon="112.929711" /><node id="9493053122" timestamp="2026-03-31T16:39:34Z" uid="1" user="OSMnx" version="1" changeset="1" lat="28.161976" lon="112.929834" /><node id="9493053123" timestamp="2026-03-31T16:39:34Z" uid="1" user="OSMnx" version="1" changeset="1" lat="28.162662" lon="112.929212" /><node id="9493053124" timestamp="2026-03-31T16:39:34Z" uid="1" user="OSMnx" version="1" changeset="1" lat="28.162607" lon="112.929247" /><node id="9493053125" timestamp="2026-03-31T16:39:34Z" uid="1" user="OSMnx" version="1" changeset="1" lat="28.162732" lon="112.929257" /><node id="9493053126" timestamp="2026-03-31T16:39:34Z" uid="1" user="OSMnx" version="1" changeset="1" lat="28.16274" lon="112.929246" /><node id="9493053127" timestamp="2026-03-31T16:39:34Z" uid="1" user="OSMnx" version="1" changeset="1" lat="28.162745" lon="112.929218" /><node id="9493053128" timestamp="2026-03-31T16:39:34Z" uid="1" user="OSMnx" version="1" changeset="1" lat="28.16271" lon="112.929182" /><node id="9493053129" timestamp="2026-03-31T16:39:34Z" uid="1" user="OSMnx" version="1" changeset="1" lat="28.162698" lon="112.929184" /><node id="9493053130" timestamp="2026-03-31T16:39:34Z" uid="1" user="OSMnx" version="1" changeset="1" lat="28.162678" lon="112.929199" /><node id="9493053131" timestamp="2026-03-31T16:39:34Z" uid="1" user="OSMnx" version="1" changeset="1" lat="28.162672" lon="112.929211" /><node id="9493053132" timestamp="2026-03-31T16:39:34Z" uid="1" user="OSMnx" version="1" changeset="1" lat="28.162741" lon="112.929205" /><node id="9493053133" timestamp="2026-03-31T16:39:34Z" uid="1" user="OSMnx" version="1" changeset="1" lat="28.162733" lon="112.929193" /><node id="9493053134" timestamp="2026-03-31T16:39:34Z" uid="1" user="OSMnx" version="1" changeset="1" lat="28.162722" lon="112.929186" /><node id="9493053135" timestamp="2026-03-31T16:39:34Z" uid="1" user="OSMnx" version="1" changeset="1" lat="28.16267" lon="112.929225" /><node id="9493053136" timestamp="2026-03-31T16:39:34Z" uid="1" user="OSMnx" version="1" changeset="1" lat="28.162672" lon="112.929239" /><node id="9493053137" timestamp="2026-03-31T16:39:34Z" uid="1" user="OSMnx" version="1" changeset="1" lat="28.162678" lon="112.929251" /><node id="9493053138" timestamp="2026-03-31T16:39:34Z" uid="1" user="OSMnx" version="1" changeset="1" lat="28.162686" lon="112.929261" /><node id="9493053139" timestamp="2026-03-31T16:39:34Z" uid="1" user="OSMnx" version="1" changeset="1" lat="28.162698" lon="112.929266" /><node id="9493053140" timestamp="2026-03-31T16:39:34Z" uid="1" user="OSMnx" version="1" changeset="1" lat="28.162722" lon="112.929265" /><node id="9493053141" timestamp="2026-03-31T16:39:34Z" uid="1" user="OSMnx" version="1" changeset="1" lat="28.162636" lon="112.92923" /><node id="9493053142" timestamp="2026-03-31T16:39:34Z" uid="1" user="OSMnx" version="1" changeset="1" lat="28.163172" lon="112.928736" /><node id="9493053143" timestamp="2026-03-31T16:39:34Z" uid="1" user="OSMnx" version="1" changeset="1" lat="28.163133" lon="112.928746" /><node id="9493053144" timestamp="2026-03-31T16:39:34Z" uid="1" user="OSMnx" version="1" changeset="1" lat="28.16306" lon="112.928786" /><node id="9493053145" timestamp="2026-03-31T16:39:34Z" uid="1" user="OSMnx" version="1" changeset="1" lat="28.163094" lon="112.928762" /><node id="9493053146" timestamp="2026-03-31T16:39:34Z" uid="1" user="OSMnx" version="1" changeset="1" lat="28.161828" lon="112.930348" /><node id="9493053147" timestamp="2026-03-31T16:39:34Z" uid="1" user="OSMnx" version="1" changeset="1" lat="28.161882" lon="112.930354" /><node id="9493053148" timestamp="2026-03-31T16:39:34Z" uid="1" user="OSMnx" version="1" changeset="1" lat="28.161935" lon="112.930359" /><node id="9498741950" timestamp="2026-03-31T16:39:34Z" uid="1" user="OSMnx" version="1" changeset="1" lat="28.163743" lon="112.93061" /><node id="9498741951" timestamp="2026-03-31T16:39:34Z" uid="1" user="OSMnx" version="1" changeset="1" lat="28.163726" lon="112.930552" /><node id="9498741952" timestamp="2026-03-31T16:39:34Z" uid="1" user="OSMnx" version="1" changeset="1" lat="28.163835" lon="112.930903" /><node id="9498741953" timestamp="2026-03-31T16:39:34Z" uid="1" user="OSMnx" version="1" changeset="1" lat="28.16371" lon="112.93047" /><node id="9498741954" timestamp="2026-03-31T16:39:34Z" uid="1" user="OSMnx" version="1" changeset="1" lat="28.163797" lon="112.929912" /><node id="9498741955" timestamp="2026-03-31T16:39:34Z" uid="1" user="OSMnx" version="1" changeset="1" lat="28.163755" lon="112.929913" /><node id="9498741956" timestamp="2026-03-31T16:39:34Z" uid="1" user="OSMnx" version="1" changeset="1" lat="28.163666" lon="112.929976" /><node id="9498741957" timestamp="2026-03-31T16:39:34Z" uid="1" user="OSMnx" version="1" changeset="1" lat="28.163686" lon="112.929938" /><node id="9498741958" timestamp="2026-03-31T16:39:34Z" uid="1" user="OSMnx" version="1" changeset="1" lat="28.163717" lon="112.92992" /><node id="9498741973" timestamp="2026-03-31T16:39:34Z" uid="1" user="OSMnx" version="1" changeset="1" lat="28.164542" lon="112.932083" /><node id="9498741974" timestamp="2026-03-31T16:39:34Z" uid="1" user="OSMnx" version="1" changeset="1" lat="28.164589" lon="112.932056" /><node id="9498741975" timestamp="2026-03-31T16:39:34Z" uid="1" user="OSMnx" version="1" changeset="1" lat="28.164582" lon="112.930933" /><node id="9498741976" timestamp="2026-03-31T16:39:34Z" uid="1" user="OSMnx" version="1" changeset="1" lat="28.16483" lon="112.931364" /><node id="9512719766" timestamp="2026-03-31T16:39:34Z" uid="1" user="OSMnx" version="1" changeset="1" lat="28.167253" lon="112.932032" /><node id="9512719768" timestamp="2026-03-31T16:39:34Z" uid="1" user="OSMnx" version="1" changeset="1" lat="28.167168" lon="112.931247" /><node id="9512719769" timestamp="2026-03-31T16:39:34Z" uid="1" user="OSMnx" version="1" changeset="1" lat="28.16722" lon="112.932149" /><node id="9512719770" timestamp="2026-03-31T16:39:34Z" uid="1" user="OSMnx" version="1" changeset="1" lat="28.167341" lon="112.933164" /><node id="9512719771" timestamp="2026-03-31T16:39:34Z" uid="1" user="OSMnx" version="1" changeset="1" lat="28.167341" lon="112.933201" /><node id="9512719772" timestamp="2026-03-31T16:39:34Z" uid="1" user="OSMnx" version="1" changeset="1" lat="28.167323" lon="112.933236" /><node id="9512719773" timestamp="2026-03-31T16:39:34Z" uid="1" user="OSMnx" version="1" changeset="1" lat="28.167241" lon="112.93331" /><node id="9512719774" timestamp="2026-03-31T16:39:34Z" uid="1" user="OSMnx" version="1" changeset="1" lat="28.167156" lon="112.933381" /><node id="9512719777" timestamp="2026-03-31T16:39:34Z" uid="1" user="OSMnx" version="1" changeset="1" lat="28.167725" lon="112.932465" /><node id="9512719778" timestamp="2026-03-31T16:39:34Z" uid="1" user="OSMnx" version="1" changeset="1" lat="28.167717" lon="112.932488" /><node id="9512719779" timestamp="2026-03-31T16:39:34Z" uid="1" user="OSMnx" version="1" changeset="1" lat="28.167522" lon="112.932515" /><node id="9512719780" timestamp="2026-03-31T16:39:34Z" uid="1" user="OSMnx" version="1" changeset="1" lat="28.167528" lon="112.93257" /><node id="9512719781" timestamp="2026-03-31T16:39:34Z" uid="1" user="OSMnx" version="1" changeset="1" lat="28.167275" lon="112.932607" /><node id="9512719782" timestamp="2026-03-31T16:39:34Z" uid="1" user="OSMnx" version="1" changeset="1" lat="28.167473" lon="112.932004" /><node id="9512719783" timestamp="2026-03-31T16:39:34Z" uid="1" user="OSMnx" version="1" changeset="1" lat="28.167577" lon="112.932917" /><node id="9512719784" timestamp="2026-03-31T16:39:34Z" uid="1" user="OSMnx" version="1" changeset="1" lat="28.167765" lon="112.932856" /><node id="9512719785" timestamp="2026-03-31T16:39:34Z" uid="1" user="OSMnx" version="1" changeset="1" lat="28.167679" lon="112.931978" /><node id="9512719786" timestamp="2026-03-31T16:39:34Z" uid="1" user="OSMnx" version="1" changeset="1" lat="28.166277" lon="112.933468" /><node id="9512719787" timestamp="2026-03-31T16:39:34Z" uid="1" user="OSMnx" version="1" changeset="1" lat="28.16607" lon="112.931369" /><node id="9512719788" timestamp="2026-03-31T16:39:34Z" uid="1" user="OSMnx" version="1" changeset="1" lat="28.166294" lon="112.933501" /><node id="9512719789" timestamp="2026-03-31T16:39:34Z" uid="1" user="OSMnx" version="1" changeset="1" lat="28.166336" lon="112.933515" /><node id="9512719790" timestamp="2026-03-31T16:39:34Z" uid="1" user="OSMnx" version="1" changeset="1" lat="28.166489" lon="112.933514" /><node id="9512719791" timestamp="2026-03-31T16:39:34Z" uid="1" user="OSMnx" version="1" changeset="1" lat="28.166527" lon="112.933528" /><node id="9512719792" timestamp="2026-03-31T16:39:34Z" uid="1" user="OSMnx" version="1" changeset="1" lat="28.16669" lon="112.933603" /><node id="9512719793" timestamp="2026-03-31T16:39:34Z" uid="1" user="OSMnx" version="1" changeset="1" lat="28.167047" lon="112.93355" /><node id="9512719794" timestamp="2026-03-31T16:39:34Z" uid="1" user="OSMnx" version="1" changeset="1" lat="28.167087" lon="112.933524" /><node id="9512719795" timestamp="2026-03-31T16:39:34Z" uid="1" user="OSMnx" version="1" changeset="1" lat="28.167111" lon="112.933476" /><node id="9512719796" timestamp="2026-03-31T16:39:34Z" uid="1" user="OSMnx" version="1" changeset="1" lat="28.167128" lon="112.933429" /><node id="9512719797" timestamp="2026-03-31T16:39:34Z" uid="1" user="OSMnx" version="1" changeset="1" lat="28.166652" lon="112.933602" /><node id="9512719798" timestamp="2026-03-31T16:39:34Z" uid="1" user="OSMnx" version="1" changeset="1" lat="28.166614" lon="112.933587" /><node id="9512719799" timestamp="2026-03-31T16:39:34Z" uid="1" user="OSMnx" version="1" changeset="1" lat="28.166224" lon="112.932929" /><node id="9512719800" timestamp="2026-03-31T16:39:34Z" uid="1" user="OSMnx" version="1" changeset="1" lat="28.167297" lon="112.932795" /><node id="9512719801" timestamp="2026-03-31T16:39:34Z" uid="1" user="OSMnx" version="1" changeset="1" lat="28.16621" lon="112.932784" /><node id="9512719802" timestamp="2026-03-31T16:39:34Z" uid="1" user="OSMnx" version="1" changeset="1" lat="28.166001" lon="112.933479" /><node id="9512719803" timestamp="2026-03-31T16:39:34Z" uid="1" user="OSMnx" version="1" changeset="1" lat="28.16592" lon="112.932817" /><node id="9512719804" timestamp="2026-03-31T16:39:34Z" uid="1" user="OSMnx" version="1" changeset="1" lat="28.165666" lon="112.933429" /><node id="9512719805" timestamp="2026-03-31T16:39:34Z" uid="1" user="OSMnx" version="1" changeset="1" lat="28.165612" lon="112.932852" /><node id="9512719806" timestamp="2026-03-31T16:39:34Z" uid="1" user="OSMnx" version="1" changeset="1" lat="28.165394" lon="112.933434" /><node id="9512719807" timestamp="2026-03-31T16:39:34Z" uid="1" user="OSMnx" version="1" changeset="1" lat="28.165338" lon="112.932883" /><node id="9512719808" timestamp="2026-03-31T16:39:34Z" uid="1" user="OSMnx" version="1" changeset="1" lat="28.166972" lon="112.93168" /><node id="9512719809" timestamp="2026-03-31T16:39:34Z" uid="1" user="OSMnx" version="1" changeset="1" lat="28.16709" lon="112.932821" /><node id="9512719810" timestamp="2026-03-31T16:39:34Z" uid="1" user="OSMnx" version="1" changeset="1" lat="28.16694" lon="112.931555" /><node id="9512719811" timestamp="2026-03-31T16:39:34Z" uid="1" user="OSMnx" version="1" changeset="1" lat="28.166864" lon="112.931465" /><node id="9512719812" timestamp="2026-03-31T16:39:34Z" uid="1" user="OSMnx" version="1" changeset="1" lat="28.166815" lon="112.931442" /><node id="9512719813" timestamp="2026-03-31T16:39:34Z" uid="1" user="OSMnx" version="1" changeset="1" lat="28.166709" lon="112.931456" /><node id="9512719814" timestamp="2026-03-31T16:39:34Z" uid="1" user="OSMnx" version="1" changeset="1" lat="28.166659" lon="112.931482" /><node id="9512719815" timestamp="2026-03-31T16:39:34Z" uid="1" user="OSMnx" version="1" changeset="1" lat="28.166616" lon="112.931535" /><node id="9512719816" timestamp="2026-03-31T16:39:34Z" uid="1" user="OSMnx" version="1" changeset="1" lat="28.166584" lon="112.931593" /><node id="9512737217" timestamp="2026-03-31T16:39:34Z" uid="1" user="OSMnx" version="1" changeset="1" lat="28.16657" lon="112.93166" /><node id="9512737218" timestamp="2026-03-31T16:39:34Z" uid="1" user="OSMnx" version="1" changeset="1" lat="28.166574" lon="112.931732" /><node id="9512737219" timestamp="2026-03-31T16:39:34Z" uid="1" user="OSMnx" version="1" changeset="1" lat="28.166631" lon="112.932236" /><node id="9512737220" timestamp="2026-03-31T16:39:34Z" uid="1" user="OSMnx" version="1" changeset="1" lat="28.166959" lon="112.93161" /><node id="9512737221" timestamp="2026-03-31T16:39:34Z" uid="1" user="OSMnx" version="1" changeset="1" lat="28.166907" lon="112.931504" /><node id="9512737222" timestamp="2026-03-31T16:39:34Z" uid="1" user="OSMnx" version="1" changeset="1" lat="28.166763" lon="112.931449" /><node id="9512737223" timestamp="2026-03-31T16:39:34Z" uid="1" user="OSMnx" version="1" changeset="1" lat="28.166749" lon="112.931294" /><node id="9512737224" timestamp="2026-03-31T16:39:34Z" uid="1" user="OSMnx" version="1" changeset="1" lat="28.166745" lon="112.931234" /><node id="9512737225" timestamp="2026-03-31T16:39:34Z" uid="1" user="OSMnx" version="1" changeset="1" lat="28.167162" lon="112.931189" /><node id="9512737228" timestamp="2026-03-31T16:39:34Z" uid="1" user="OSMnx" version="1" changeset="1" lat="28.167979" lon="112.931939" /><node id="9512737229" timestamp="2026-03-31T16:39:34Z" uid="1" user="OSMnx" version="1" changeset="1" lat="28.168024" lon="112.932433" /><node id="9512737230" timestamp="2026-03-31T16:39:34Z" uid="1" user="OSMnx" version="1" changeset="1" lat="28.165333" lon="112.930617" /><node id="9512737231" timestamp="2026-03-31T16:39:34Z" uid="1" user="OSMnx" version="1" changeset="1" lat="28.165402" lon="112.930614" /><node id="9512737232" timestamp="2026-03-31T16:39:34Z" uid="1" user="OSMnx" version="1" changeset="1" lat="28.165426" lon="112.930622" /><node id="9512737233" timestamp="2026-03-31T16:39:34Z" uid="1" user="OSMnx" version="1" changeset="1" lat="28.165456" lon="112.930665" /><node id="9512737234" timestamp="2026-03-31T16:39:34Z" uid="1" user="OSMnx" version="1" changeset="1" lat="28.165486" lon="112.931098" /><node id="9512737235" timestamp="2026-03-31T16:39:34Z" uid="1" user="OSMnx" version="1" changeset="1" lat="28.165445" lon="112.93064" /><node id="9512737236" timestamp="2026-03-31T16:39:34Z" uid="1" user="OSMnx" version="1" changeset="1" lat="28.165487" lon="112.931127" /><node id="9512737237" timestamp="2026-03-31T16:39:34Z" uid="1" user="OSMnx" version="1" changeset="1" lat="28.165483" lon="112.931152" /><node id="9512737238" timestamp="2026-03-31T16:39:34Z" uid="1" user="OSMnx" version="1" changeset="1" lat="28.165467" lon="112.931188" /><node id="9512737239" timestamp="2026-03-31T16:39:34Z" uid="1" user="OSMnx" version="1" changeset="1" lat="28.165437" lon="112.931223" /><node id="9512737240" timestamp="2026-03-31T16:39:34Z" uid="1" user="OSMnx" version="1" changeset="1" lat="28.165419" lon="112.93126" /><node id="9512737241" timestamp="2026-03-31T16:39:34Z" uid="1" user="OSMnx" version="1" changeset="1" lat="28.165412" lon="112.931296" /><node id="9512737242" timestamp="2026-03-31T16:39:34Z" uid="1" user="OSMnx" version="1" changeset="1" lat="28.165419" lon="112.931378" /><node id="9512737243" timestamp="2026-03-31T16:39:34Z" uid="1" user="OSMnx" version="1" changeset="1" lat="28.165425" lon="112.93144" /><node id="9512737244" timestamp="2026-03-31T16:39:34Z" uid="1" user="OSMnx" version="1" changeset="1" lat="28.165538" lon="112.930552" /><node id="9512737245" timestamp="2026-03-31T16:39:34Z" uid="1" user="OSMnx" version="1" changeset="1" lat="28.165585" lon="112.93136" /><node id="9512737246" timestamp="2026-03-31T16:39:34Z" uid="1" user="OSMnx" version="1" changeset="1" lat="28.16559" lon="112.931422" /><node id="9512737247" timestamp="2026-03-31T16:39:34Z" uid="1" user="OSMnx" version="1" changeset="1" lat="28.165532" lon="112.930529" /><node id="9512737248" timestamp="2026-03-31T16:39:34Z" uid="1" user="OSMnx" version="1" changeset="1" lat="28.16552" lon="112.930506" /><node id="9512737249" timestamp="2026-03-31T16:39:34Z" uid="1" user="OSMnx" version="1" changeset="1" lat="28.165334" lon="112.930344" /><node id="9512737250" timestamp="2026-03-31T16:39:34Z" uid="1" user="OSMnx" version="1" changeset="1" lat="28.16518" lon="112.930306" /><node id="9512737251" timestamp="2026-03-31T16:39:34Z" uid="1" user="OSMnx" version="1" changeset="1" lat="28.165216" lon="112.930325" /><node id="9512737252" timestamp="2026-03-31T16:39:34Z" uid="1" user="OSMnx" version="1" changeset="1" lat="28.165266" lon="112.930332" /><node id="9512737253" timestamp="2026-03-31T16:39:34Z" uid="1" user="OSMnx" version="1" changeset="1" lat="28.165298" lon="112.930336" /><node id="9512737254" timestamp="2026-03-31T16:39:34Z" uid="1" user="OSMnx" version="1" changeset="1" lat="28.165368" lon="112.930367" /><node id="9512737255" timestamp="2026-03-31T16:39:34Z" uid="1" user="OSMnx" version="1" changeset="1" lat="28.164936" lon="112.930141" /><node id="9512737256" timestamp="2026-03-31T16:39:34Z" uid="1" user="OSMnx" version="1" changeset="1" lat="28.164839" lon="112.930113" /><node id="9512737257" timestamp="2026-03-31T16:39:34Z" uid="1" user="OSMnx" version="1" changeset="1" lat="28.164885" lon="112.930119" /><node id="9512737258" timestamp="2026-03-31T16:39:34Z" uid="1" user="OSMnx" version="1" changeset="1" lat="28.164912" lon="112.92976" /><node id="9512737259" timestamp="2026-03-31T16:39:34Z" uid="1" user="OSMnx" version="1" changeset="1" lat="28.164527" lon="112.930922" /><node id="9512737260" timestamp="2026-03-31T16:39:34Z" uid="1" user="OSMnx" version="1" changeset="1" lat="28.164865" lon="112.931269" /><node id="9512737261" timestamp="2026-03-31T16:39:34Z" uid="1" user="OSMnx" version="1" changeset="1" lat="28.164906" lon="112.931333" /><node id="9512737262" timestamp="2026-03-31T16:39:34Z" uid="1" user="OSMnx" version="1" changeset="1" lat="28.164882" lon="112.931302" /><node id="9512737263" timestamp="2026-03-31T16:39:34Z" uid="1" user="OSMnx" version="1" changeset="1" lat="28.164656" lon="112.93078" /><node id="9512737264" timestamp="2026-03-31T16:39:34Z" uid="1" user="OSMnx" version="1" changeset="1" lat="28.164637" lon="112.930952" /><node id="9512737265" timestamp="2026-03-31T16:39:34Z" uid="1" user="OSMnx" version="1" changeset="1" lat="28.164823" lon="112.931283" /><node id="9512737266" timestamp="2026-03-31T16:39:34Z" uid="1" user="OSMnx" version="1" changeset="1" lat="28.164828" lon="112.931334" /><node id="9512737267" timestamp="2026-03-31T16:39:34Z" uid="1" user="OSMnx" version="1" changeset="1" lat="28.16482" lon="112.93136" /><node id="9512737268" timestamp="2026-03-31T16:39:34Z" uid="1" user="OSMnx" version="1" changeset="1" lat="28.164828" lon="112.931308" /><node id="9512737269" timestamp="2026-03-31T16:39:34Z" uid="1" user="OSMnx" version="1" changeset="1" lat="28.16481" lon="112.931097" /><node id="9512737270" timestamp="2026-03-31T16:39:34Z" uid="1" user="OSMnx" version="1" changeset="1" lat="28.164572" lon="112.930369" /><node id="9512737271" timestamp="2026-03-31T16:39:34Z" uid="1" user="OSMnx" version="1" changeset="1" lat="28.164486" lon="112.929623" /><node id="9512737272" timestamp="2026-03-31T16:39:34Z" uid="1" user="OSMnx" version="1" changeset="1" lat="28.164491" lon="112.929874" /><node id="9512737273" timestamp="2026-03-31T16:39:34Z" uid="1" user="OSMnx" version="1" changeset="1" lat="28.16456" lon="112.930451" /><node id="9512737274" timestamp="2026-03-31T16:39:34Z" uid="1" user="OSMnx" version="1" changeset="1" lat="28.16453" lon="112.930351" /><node id="9512737275" timestamp="2026-03-31T16:39:34Z" uid="1" user="OSMnx" version="1" changeset="1" lat="28.164502" lon="112.930253" /><node id="9512737276" timestamp="2026-03-31T16:39:34Z" uid="1" user="OSMnx" version="1" changeset="1" lat="28.164478" lon="112.93013" /><node id="9512737277" timestamp="2026-03-31T16:39:34Z" uid="1" user="OSMnx" version="1" changeset="1" lat="28.164456" lon="112.929878" /><node id="9512737278" timestamp="2026-03-31T16:39:34Z" uid="1" user="OSMnx" version="1" changeset="1" lat="28.164453" lon="112.929618" /><node id="9512737279" timestamp="2026-03-31T16:39:34Z" uid="1" user="OSMnx" version="1" changeset="1" lat="28.164442" lon="112.928874" /><node id="9512737280" timestamp="2026-03-31T16:39:34Z" uid="1" user="OSMnx" version="1" changeset="1" lat="28.164443" lon="112.928772" /><node id="9512737281" timestamp="2026-03-31T16:39:34Z" uid="1" user="OSMnx" version="1" changeset="1" lat="28.164445" lon="112.92869" /><node id="9512737282" timestamp="2026-03-31T16:39:34Z" uid="1" user="OSMnx" version="1" changeset="1" lat="28.164446" lon="112.928596" /><node id="9512737283" timestamp="2026-03-31T16:39:34Z" uid="1" user="OSMnx" version="1" changeset="1" lat="28.164445" lon="112.928521" /><node id="9512737284" timestamp="2026-03-31T16:39:34Z" uid="1" user="OSMnx" version="1" changeset="1" lat="28.164283" lon="112.927526" /><node id="9512737285" timestamp="2026-03-31T16:39:34Z" uid="1" user="OSMnx" version="1" changeset="1" lat="28.16426" lon="112.927391" /><node id="9512737286" timestamp="2026-03-31T16:39:34Z" uid="1" user="OSMnx" version="1" changeset="1" lat="28.164246" lon="112.927322" /><node id="9512737287" timestamp="2026-03-31T16:39:34Z" uid="1" user="OSMnx" version="1" changeset="1" lat="28.161175" lon="112.929285" /><node id="9704747321" timestamp="2026-03-31T16:39:34Z" uid="1" user="OSMnx" version="1" changeset="1" lat="28.161096" lon="112.93628" /><node id="9852190789" timestamp="2026-03-31T16:39:34Z" uid="1" user="OSMnx" version="1" changeset="1" lat="28.161502" lon="112.933479" /><node id="10006975289" timestamp="2026-03-31T16:39:34Z" uid="1" user="OSMnx" version="1" changeset="1" lat="28.167736" lon="112.927899" /><node id="10023142848" timestamp="2026-03-31T16:39:34Z" uid="1" user="OSMnx" version="1" changeset="1" lat="28.161196" lon="112.935563" /><node id="10023142849" timestamp="2026-03-31T16:39:34Z" uid="1" user="OSMnx" version="1" changeset="1" lat="28.161266" lon="112.934596" /><node id="10023142850" timestamp="2026-03-31T16:39:34Z" uid="1" user="OSMnx" version="1" changeset="1" lat="28.161345" lon="112.934509" /><node id="10023142851" timestamp="2026-03-31T16:39:34Z" uid="1" user="OSMnx" version="1" changeset="1" lat="28.161375" lon="112.9343" /><node id="10023142852" timestamp="2026-03-31T16:39:34Z" uid="1" user="OSMnx" version="1" changeset="1" lat="28.161516" lon="112.934146" /><node id="10023142853" timestamp="2026-03-31T16:39:34Z" uid="1" user="OSMnx" version="1" changeset="1" lat="28.161756" lon="112.934146" /><node id="10026147225" timestamp="2026-03-31T16:39:34Z" uid="1" user="OSMnx" version="1" changeset="1" lat="28.166522" lon="112.936788" /><node id="10026147226" timestamp="2026-03-31T16:39:34Z" uid="1" user="OSMnx" version="1" changeset="1" lat="28.166332" lon="112.936645" /><node id="10026147227" timestamp="2026-03-31T16:39:34Z" uid="1" user="OSMnx" version="1" changeset="1" lat="28.166155" lon="112.936572" /><node id="10026147228" timestamp="2026-03-31T16:39:34Z" uid="1" user="OSMnx" version="1" changeset="1" lat="28.166004" lon="112.936562" /><node id="10026147229" timestamp="2026-03-31T16:39:34Z" uid="1" user="OSMnx" version="1" changeset="1" lat="28.165872" lon="112.936601" /><node id="10026147230" timestamp="2026-03-31T16:39:34Z" uid="1" user="OSMnx" version="1" changeset="1" lat="28.165783" lon="112.936659" /><node id="10026147231" timestamp="2026-03-31T16:39:34Z" uid="1" user="OSMnx" version="1" changeset="1" lat="28.165673" lon="112.936769" /><node id="10026147285" timestamp="2026-03-31T16:39:34Z" uid="1" user="OSMnx" version="1" changeset="1" lat="28.164138" lon="112.936837" /><node id="10026147286" timestamp="2026-03-31T16:39:34Z" uid="1" user="OSMnx" version="1" changeset="1" lat="28.164125" lon="112.936675" /><node id="10026147287" timestamp="2026-03-31T16:39:34Z" uid="1" user="OSMnx" version="1" changeset="1" lat="28.164075" lon="112.936569" /><node id="10026147288" timestamp="2026-03-31T16:39:34Z" uid="1" user="OSMnx" version="1" changeset="1" lat="28.164055" lon="112.936453" /><node id="10026147289" timestamp="2026-03-31T16:39:34Z" uid="1" user="OSMnx" version="1" changeset="1" lat="28.164089" lon="112.936284" /><node id="10026147290" timestamp="2026-03-31T16:39:34Z" uid="1" user="OSMnx" version="1" changeset="1" lat="28.164182" lon="112.936193" /><node id="10026147291" timestamp="2026-03-31T16:39:34Z" uid="1" user="OSMnx" version="1" changeset="1" lat="28.164286" lon="112.936112" /><node id="10026147292" timestamp="2026-03-31T16:39:34Z" uid="1" user="OSMnx" version="1" changeset="1" lat="28.164379" lon="112.936002" /><node id="10026147293" timestamp="2026-03-31T16:39:34Z" uid="1" user="OSMnx" version="1" changeset="1" lat="28.164451" lon="112.935782" /><node id="10026147294" timestamp="2026-03-31T16:39:34Z" uid="1" user="OSMnx" version="1" changeset="1" lat="28.16444" lon="112.935599" /><node id="10026147295" timestamp="2026-03-31T16:39:34Z" uid="1" user="OSMnx" version="1" changeset="1" lat="28.164284" lon="112.935199" /><node id="10026147296" timestamp="2026-03-31T16:39:34Z" uid="1" user="OSMnx" version="1" changeset="1" lat="28.164197" lon="112.935103" /><node id="10026147297" timestamp="2026-03-31T16:39:34Z" uid="1" user="OSMnx" version="1" changeset="1" lat="28.164046" lon="112.935059" /><node id="10026147298" timestamp="2026-03-31T16:39:34Z" uid="1" user="OSMnx" version="1" changeset="1" lat="28.16396" lon="112.935018" /><node id="10026147299" timestamp="2026-03-31T16:39:34Z" uid="1" user="OSMnx" version="1" changeset="1" lat="28.163885" lon="112.934922" /><node id="10026147300" timestamp="2026-03-31T16:39:34Z" uid="1" user="OSMnx" version="1" changeset="1" lat="28.163822" lon="112.934823" /><node id="10026147301" timestamp="2026-03-31T16:39:34Z" uid="1" user="OSMnx" version="1" changeset="1" lat="28.16375" lon="112.934679" /><node id="10026147303" timestamp="2026-03-31T16:39:34Z" uid="1" user="OSMnx" version="1" changeset="1" lat="28.164291" lon="112.935009" /><node id="10026147304" timestamp="2026-03-31T16:39:34Z" uid="1" user="OSMnx" version="1" changeset="1" lat="28.164192" lon="112.934832" /><node id="10026147305" timestamp="2026-03-31T16:39:34Z" uid="1" user="OSMnx" version="1" changeset="1" lat="28.16404" lon="112.93468" /><node id="10026147306" timestamp="2026-03-31T16:39:34Z" uid="1" user="OSMnx" version="1" changeset="1" lat="28.163871" lon="112.934633" /><node id="10026147307" timestamp="2026-03-31T16:39:34Z" uid="1" user="OSMnx" version="1" changeset="1" lat="28.16361" lon="112.934622" /><node id="10026147308" timestamp="2026-03-31T16:39:34Z" uid="1" user="OSMnx" version="1" changeset="1" lat="28.163416" lon="112.934596" /><node id="10026147309" timestamp="2026-03-31T16:39:34Z" uid="1" user="OSMnx" version="1" changeset="1" lat="28.163252" lon="112.934507" /><node id="10026147310" timestamp="2026-03-31T16:39:34Z" uid="1" user="OSMnx" version="1" changeset="1" lat="28.163124" lon="112.934412" /><node id="10026147311" timestamp="2026-03-31T16:39:34Z" uid="1" user="OSMnx" version="1" changeset="1" lat="28.163982" lon="112.934589" /><node id="10026147312" timestamp="2026-03-31T16:39:34Z" uid="1" user="OSMnx" version="1" changeset="1" lat="28.163826" lon="112.934546" /><node id="10026147313" timestamp="2026-03-31T16:39:34Z" uid="1" user="OSMnx" version="1" changeset="1" lat="28.163662" lon="112.934517" /><node id="10026147314" timestamp="2026-03-31T16:39:34Z" uid="1" user="OSMnx" version="1" changeset="1" lat="28.162769" lon="112.933945" /><node id="10026147315" timestamp="2026-03-31T16:39:34Z" uid="1" user="OSMnx" version="1" changeset="1" lat="28.162861" lon="112.934173" /><node id="10026147316" timestamp="2026-03-31T16:39:34Z" uid="1" user="OSMnx" version="1" changeset="1" lat="28.162634" lon="112.93407" /><node id="10026147317" timestamp="2026-03-31T16:39:34Z" uid="1" user="OSMnx" version="1" changeset="1" lat="28.162447" lon="112.934014" /><node id="10026147318" timestamp="2026-03-31T16:39:34Z" uid="1" user="OSMnx" version="1" changeset="1" lat="28.162265" lon="112.933976" /><node id="10026147319" timestamp="2026-03-31T16:39:34Z" uid="1" user="OSMnx" version="1" changeset="1" lat="28.162094" lon="112.933982" /><node id="10026147320" timestamp="2026-03-31T16:39:34Z" uid="1" user="OSMnx" version="1" changeset="1" lat="28.161905" lon="112.933979" /><node id="10026147321" timestamp="2026-03-31T16:39:34Z" uid="1" user="OSMnx" version="1" changeset="1" lat="28.161705" lon="112.933999" /><node id="10026147322" timestamp="2026-03-31T16:39:34Z" uid="1" user="OSMnx" version="1" changeset="1" lat="28.161507" lon="112.933928" /><node id="10026147323" timestamp="2026-03-31T16:39:34Z" uid="1" user="OSMnx" version="1" changeset="1" lat="28.161341" lon="112.933834" /><node id="10026147324" timestamp="2026-03-31T16:39:34Z" uid="1" user="OSMnx" version="1" changeset="1" lat="28.161182" lon="112.933703" /><node id="10026147325" timestamp="2026-03-31T16:39:34Z" uid="1" user="OSMnx" version="1" changeset="1" lat="28.161017" lon="112.933637" /><node id="10026147326" timestamp="2026-03-31T16:39:34Z" uid="1" user="OSMnx" version="1" changeset="1" lat="28.160884" lon="112.933607" /><node id="10026147327" timestamp="2026-03-31T16:39:34Z" uid="1" user="OSMnx" version="1" changeset="1" lat="28.160752" lon="112.933627" /><node id="10026147328" timestamp="2026-03-31T16:39:34Z" uid="1" user="OSMnx" version="1" changeset="1" lat="28.160575" lon="112.933738" /><node id="10026147329" timestamp="2026-03-31T16:39:34Z" uid="1" user="OSMnx" version="1" changeset="1" lat="28.160423" lon="112.933911" /><node id="10026147330" timestamp="2026-03-31T16:39:34Z" uid="1" user="OSMnx" version="1" changeset="1" lat="28.160339" lon="112.934142" /><node id="10026147331" timestamp="2026-03-31T16:39:34Z" uid="1" user="OSMnx" version="1" changeset="1" lat="28.160264" lon="112.934354" /><node id="10026147332" timestamp="2026-03-31T16:39:34Z" uid="1" user="OSMnx" version="1" changeset="1" lat="28.160198" lon="112.934629" /><node id="10026147333" timestamp="2026-03-31T16:39:34Z" uid="1" user="OSMnx" version="1" changeset="1" lat="28.160084" lon="112.934848" /><node id="10026147334" timestamp="2026-03-31T16:39:34Z" uid="1" user="OSMnx" version="1" changeset="1" lat="28.16249" lon="112.933887" /><node id="10026147335" timestamp="2026-03-31T16:39:34Z" uid="1" user="OSMnx" version="1" changeset="1" lat="28.162187" lon="112.934118" /><node id="10026147336" timestamp="2026-03-31T16:39:34Z" uid="1" user="OSMnx" version="1" changeset="1" lat="28.162018" lon="112.934176" /><node id="10026147337" timestamp="2026-03-31T16:39:34Z" uid="1" user="OSMnx" version="1" changeset="1" lat="28.161896" lon="112.934183" /><node id="10026147338" timestamp="2026-03-31T16:39:34Z" uid="1" user="OSMnx" version="1" changeset="1" lat="28.162354" lon="112.933994" /><node id="10026147378" timestamp="2026-03-31T16:39:34Z" uid="1" user="OSMnx" version="1" changeset="1" lat="28.160029" lon="112.935054" /><node id="10026147379" timestamp="2026-03-31T16:39:34Z" uid="1" user="OSMnx" version="1" changeset="1" lat="28.16009" lon="112.93535" /><node id="10026147380" timestamp="2026-03-31T16:39:34Z" uid="1" user="OSMnx" version="1" changeset="1" lat="28.16017" lon="112.93546" /><node id="10026147381" timestamp="2026-03-31T16:39:34Z" uid="1" user="OSMnx" version="1" changeset="1" lat="28.160278" lon="112.935572" /><node id="10026147382" timestamp="2026-03-31T16:39:34Z" uid="1" user="OSMnx" version="1" changeset="1" lat="28.160559" lon="112.935739" /><node id="10026147383" timestamp="2026-03-31T16:39:34Z" uid="1" user="OSMnx" version="1" changeset="1" lat="28.160864" lon="112.935969" /><node id="10026147384" timestamp="2026-03-31T16:39:34Z" uid="1" user="OSMnx" version="1" changeset="1" lat="28.160983" lon="112.936093" /><node id="10026147385" timestamp="2026-03-31T16:39:34Z" uid="1" user="OSMnx" version="1" changeset="1" lat="28.161222" lon="112.936229" /><node id="10026147386" timestamp="2026-03-31T16:39:34Z" uid="1" user="OSMnx" version="1" changeset="1" lat="28.161378" lon="112.936386" /><node id="10026147387" timestamp="2026-03-31T16:39:34Z" uid="1" user="OSMnx" version="1" changeset="1" lat="28.161526" lon="112.936689" /><node id="10994902451" timestamp="2026-03-31T16:39:34Z" uid="1" user="OSMnx" version="1" changeset="1" lat="28.162785" lon="112.932291" /><node id="10994902452" timestamp="2026-03-31T16:39:34Z" uid="1" user="OSMnx" version="1" changeset="1" lat="28.162835" lon="112.932884" /><node id="10994902453" timestamp="2026-03-31T16:39:34Z" uid="1" user="OSMnx" version="1" changeset="1" lat="28.163249" lon="112.932806" /><node id="10994902454" timestamp="2026-03-31T16:39:34Z" uid="1" user="OSMnx" version="1" changeset="1" lat="28.162577" lon="112.932944" /><node id="10994902455" timestamp="2026-03-31T16:39:34Z" uid="1" user="OSMnx" version="1" changeset="1" lat="28.162291" lon="112.932991" /><node id="10994902456" timestamp="2026-03-31T16:39:34Z" uid="1" user="OSMnx" version="1" changeset="1" lat="28.163" lon="112.932853" /><node id="10994902457" timestamp="2026-03-31T16:39:34Z" uid="1" user="OSMnx" version="1" changeset="1" lat="28.163056" lon="112.933597" /><node id="10994902458" timestamp="2026-03-31T16:39:34Z" uid="1" user="OSMnx" version="1" changeset="1" lat="28.162204" lon="112.933007" /><node id="10994902459" timestamp="2026-03-31T16:39:34Z" uid="1" user="OSMnx" version="1" changeset="1" lat="28.16219" lon="112.933044" /><node id="10994902460" timestamp="2026-03-31T16:39:34Z" uid="1" user="OSMnx" version="1" changeset="1" lat="28.16219" lon="112.933109" /><node id="10994902461" timestamp="2026-03-31T16:39:34Z" uid="1" user="OSMnx" version="1" changeset="1" lat="28.162195" lon="112.933362" /><node id="10994902462" timestamp="2026-03-31T16:39:34Z" uid="1" user="OSMnx" version="1" changeset="1" lat="28.161856" lon="112.933294" /><node id="10994902463" timestamp="2026-03-31T16:39:34Z" uid="1" user="OSMnx" version="1" changeset="1" lat="28.161826" lon="112.933305" /><node id="10996656450" timestamp="2026-03-31T16:39:34Z" uid="1" user="OSMnx" version="1" changeset="1" lat="28.162105" lon="112.933344" /><node id="10996675409" timestamp="2026-03-31T16:39:34Z" uid="1" user="OSMnx" version="1" changeset="1" lat="28.159249" lon="112.928724" /><node id="10996675410" timestamp="2026-03-31T16:39:34Z" uid="1" user="OSMnx" version="1" changeset="1" lat="28.159349" lon="112.928626" /><node id="11359803017" timestamp="2026-03-31T16:39:34Z" uid="1" user="OSMnx" version="1" changeset="1" lat="28.165284" lon="112.934949"><tag k="highway" v="bus_stop" /></node><node id="11655600958" timestamp="2026-03-31T16:39:34Z" uid="1" user="OSMnx" version="1" changeset="1" lat="28.160124" lon="112.936243" /><node id="11655600959" timestamp="2026-03-31T16:39:34Z" uid="1" user="OSMnx" version="1" changeset="1" lat="28.16007" lon="112.936088" /><node id="11655600960" timestamp="2026-03-31T16:39:34Z" uid="1" user="OSMnx" version="1" changeset="1" lat="28.16012" lon="112.935822" /><node id="11655600961" timestamp="2026-03-31T16:39:34Z" uid="1" user="OSMnx" version="1" changeset="1" lat="28.160035" lon="112.935666" /><node id="11655600962" timestamp="2026-03-31T16:39:34Z" uid="1" user="OSMnx" version="1" changeset="1" lat="28.160136" lon="112.935544" /><node id="11655774608" timestamp="2026-03-31T16:39:34Z" uid="1" user="OSMnx" version="1" changeset="1" lat="28.160465" lon="112.936741" /><node id="11655774609" timestamp="2026-03-31T16:39:34Z" uid="1" user="OSMnx" version="1" changeset="1" lat="28.160017" lon="112.936499" /><node id="12019966721" timestamp="2026-03-31T16:39:34Z" uid="1" user="OSMnx" version="1" changeset="1" lat="28.161227" lon="112.927162" /><node id="12124881080" timestamp="2026-03-31T16:39:34Z" uid="1" user="OSMnx" version="1" changeset="1" lat="28.167173" lon="112.935942" /><node id="12124881081" timestamp="2026-03-31T16:39:34Z" uid="1" user="OSMnx" version="1" changeset="1" lat="28.167084" lon="112.935952" /><node id="12124881082" timestamp="2026-03-31T16:39:34Z" uid="1" user="OSMnx" version="1" changeset="1" lat="28.166531" lon="112.936064" /><node id="12424847074" timestamp="2026-03-31T16:39:34Z" uid="1" user="OSMnx" version="1" changeset="1" lat="28.165882" lon="112.936752" /><node id="13335540744" timestamp="2026-03-31T16:39:34Z" uid="1" user="OSMnx" version="1" changeset="1" lat="28.164992" lon="112.92678" /><way id="0" timestamp="2026-03-31T16:39:34Z" uid="1" user="OSMnx" version="1" changeset="1"><nd ref="690133534" /><nd ref="11655600962" /><tag k="highway" v="unclassified" /><tag k="name" v="后湖路" /><tag k="oneway" v="no" /></way><way id="1" timestamp="2026-03-31T16:39:34Z" uid="1" user="OSMnx" version="1" changeset="1"><nd ref="690133534" /><nd ref="9482908693" /><tag k="highway" v="unclassified" /><tag k="name" v="后湖路" /><tag k="oneway" v="no" /></way><way id="2" timestamp="2026-03-31T16:39:34Z" uid="1" user="OSMnx" version="1" changeset="1"><nd ref="690133536" /><nd ref="690133539" /><tag k="highway" v="unclassified" /><tag k="name" v="后湖路" /><tag k="oneway" v="no" /></way><way id="3" timestamp="2026-03-31T16:39:34Z" uid="1" user="OSMnx" version="1" changeset="1"><nd ref="690133536" /><nd ref="9482908694" /><tag k="highway" v="unclassified" /><tag k="name" v="后湖路" /><tag k="oneway" v="no" /></way><way id="4" timestamp="2026-03-31T16:39:34Z" uid="1" user="OSMnx" version="1" changeset="1"><nd ref="690133539" /><nd ref="9482908695" /><tag k="highway" v="unclassified" /><tag k="name" v="后湖路" /><tag k="oneway" v="no" /></way><way id="5" timestamp="2026-03-31T16:39:34Z" uid="1" user="OSMnx" version="1" changeset="1"><nd ref="690133539" /><nd ref="690133536" /><tag k="highway" v="unclassified" /><tag k="name" v="后湖路" /><tag k="oneway" v="no" /></way><way id="6" timestamp="2026-03-31T16:39:34Z" uid="1" user="OSMnx" version="1" changeset="1"><nd ref="690133542" /><nd ref="9704747321" /><tag k="highway" v="unclassified" /><tag k="name" v="后湖路" /><tag k="oneway" v="no" /></way><way id="7" timestamp="2026-03-31T16:39:34Z" uid="1" user="OSMnx" version="1" changeset="1"><nd ref="690133542" /><nd ref="9482908696" /><tag k="highway" v="unclassified" /><tag k="name" v="后湖路" /><tag k="oneway" v="no" /></way><way id="8" timestamp="2026-03-31T16:39:34Z" uid="1" user="OSMnx" version="1" changeset="1"><nd ref="690133544" /><nd ref="690133547" /><tag k="highway" v="unclassified" /><tag k="name" v="后湖路" /><tag k="oneway" v="no" /></way><way id="9" timestamp="2026-03-31T16:39:34Z" uid="1" user="OSMnx" version="1" changeset="1"><nd ref="690133544" /><nd ref="9704747321" /><tag k="highway" v="unclassified" /><tag k="name" v="后湖路" /><tag k="oneway" v="no" /></way><way id="10" timestamp="2026-03-31T16:39:34Z" uid="1" user="OSMnx" version="1" changeset="1"><nd ref="690133547" /><nd ref="690133544" /><tag k="highway" v="unclassified" /><tag k="name" v="后湖路" /><tag k="oneway" v="no" /></way><way id="11" timestamp="2026-03-31T16:39:34Z" uid="1" user="OSMnx" version="1" changeset="1"><nd ref="690134028" /><nd ref="690136812" /><tag k="highway" v="unclassified" /><tag k="oneway" v="no" /></way><way id="12" timestamp="2026-03-31T16:39:34Z" uid="1" user="OSMnx" version="1" changeset="1"><nd ref="690136812" /><nd ref="690140348" /><tag k="highway" v="cycleway" /><tag k="oneway" v="no" /></way><way id="13" timestamp="2026-03-31T16:39:34Z" uid="1" user="OSMnx" version="1" changeset="1"><nd ref="690136812" /><nd ref="3442405617" /><tag k="highway" v="cycleway" /><tag k="oneway" v="no" /></way><way id="14" timestamp="2026-03-31T16:39:34Z" uid="1" user="OSMnx" version="1" changeset="1"><nd ref="690136812" /><nd ref="690134028" /><tag k="highway" v="unclassified" /><tag k="oneway" v="no" /></way><way id="15" timestamp="2026-03-31T16:39:34Z" uid="1" user="OSMnx" version="1" changeset="1"><nd ref="690136812" /><nd ref="9336861716" /><tag k="highway" v="unclassified" /><tag k="oneway" v="no" /></way><way id="16" timestamp="2026-03-31T16:39:34Z" uid="1" user="OSMnx" version="1" changeset="1"><nd ref="690137051" /><nd ref="9336869218" /><tag k="highway" v="secondary" /><tag k="lanes" v="4" /><tag k="name" v="后湖路" /><tag k="oneway" v="yes" /></way><way id="17" timestamp="2026-03-31T16:39:34Z" uid="1" user="OSMnx" version="1" changeset="1"><nd ref="690140329" /><nd ref="10026147311" /><tag k="highway" v="cycleway" /><tag k="oneway" v="no" /></way><way id="18" timestamp="2026-03-31T16:39:34Z" uid="1" user="OSMnx" version="1" changeset="1"><nd ref="690140329" /><nd ref="690140331" /><tag k="highway" v="cycleway" /><tag k="oneway" v="no" /></way><way id="19" timestamp="2026-03-31T16:39:34Z" uid="1" user="OSMnx" version="1" changeset="1"><nd ref="690140331" /><nd ref="690140329" /><tag k="highway" v="cycleway" /><tag k="oneway" v="no" /></way><way id="20" timestamp="2026-03-31T16:39:34Z" uid="1" user="OSMnx" version="1" changeset="1"><nd ref="690140331" /><nd ref="690140333" /><tag k="highway" v="cycleway" /><tag k="oneway" v="no" /></way><way id="21" timestamp="2026-03-31T16:39:34Z" uid="1" user="OSMnx" version="1" changeset="1"><nd ref="690140333" /><nd ref="690140331" /><tag k="highway" v="cycleway" /><tag k="oneway" v="no" /></way><way id="22" timestamp="2026-03-31T16:39:34Z" uid="1" user="OSMnx" version="1" changeset="1"><nd ref="690140333" /><nd ref="690140337" /><tag k="highway" v="cycleway" /><tag k="oneway" v="no" /></way><way id="23" timestamp="2026-03-31T16:39:34Z" uid="1" user="OSMnx" version="1" changeset="1"><nd ref="690140337" /><nd ref="690140333" /><tag k="highway" v="cycleway" /><tag k="oneway" v="no" /></way><way id="24" timestamp="2026-03-31T16:39:34Z" uid="1" user="OSMnx" version="1" changeset="1"><nd ref="690140337" /><nd ref="690140339" /><tag k="highway" v="cycleway" /><tag k="oneway" v="no" /></way><way id="25" timestamp="2026-03-31T16:39:34Z" uid="1" user="OSMnx" version="1" changeset="1"><nd ref="690140339" /><nd ref="690140337" /><tag k="highway" v="cycleway" /><tag k="oneway" v="no" /></way><way id="26" timestamp="2026-03-31T16:39:34Z" uid="1" user="OSMnx" version="1" changeset="1"><nd ref="690140339" /><nd ref="690140341" /><tag k="highway" v="cycleway" /><tag k="oneway" v="no" /></way><way id="27" timestamp="2026-03-31T16:39:34Z" uid="1" user="OSMnx" version="1" changeset="1"><nd ref="690140341" /><nd ref="690140339" /><tag k="highway" v="cycleway" /><tag k="oneway" v="no" /></way><way id="28" timestamp="2026-03-31T16:39:34Z" uid="1" user="OSMnx" version="1" changeset="1"><nd ref="690140341" /><nd ref="690140343" /><tag k="highway" v="cycleway" /><tag k="oneway" v="no" /></way><way id="29" timestamp="2026-03-31T16:39:34Z" uid="1" user="OSMnx" version="1" changeset="1"><nd ref="690140343" /><nd ref="690140341" /><tag k="highway" v="cycleway" /><tag k="oneway" v="no" /></way><way id="30" timestamp="2026-03-31T16:39:34Z" uid="1" user="OSMnx" version="1" changeset="1"><nd ref="690140343" /><nd ref="690140345" /><tag k="highway" v="cycleway" /><tag k="oneway" v="no" /></way><way id="31" timestamp="2026-03-31T16:39:34Z" uid="1" user="OSMnx" version="1" changeset="1"><nd ref="690140345" /><nd ref="690140343" /><tag k="highway" v="cycleway" /><tag k="oneway" v="no" /></way><way id="32" timestamp="2026-03-31T16:39:34Z" uid="1" user="OSMnx" version="1" changeset="1"><nd ref="690140345" /><nd ref="690140348" /><tag k="highway" v="cycleway" /><tag k="oneway" v="no" /></way><way id="33" timestamp="2026-03-31T16:39:34Z" uid="1" user="OSMnx" version="1" changeset="1"><nd ref="690140348" /><nd ref="690140345" /><tag k="highway" v="cycleway" /><tag k="oneway" v="no" /></way><way id="34" timestamp="2026-03-31T16:39:34Z" uid="1" user="OSMnx" version="1" changeset="1"><nd ref="690140348" /><nd ref="690136812" /><tag k="highway" v="cycleway" /><tag k="oneway" v="no" /></way><way id="35" timestamp="2026-03-31T16:39:34Z" uid="1" user="OSMnx" version="1" changeset="1"><nd ref="711491673" /><nd ref="2277993883" /><tag k="highway" v="tertiary" /><tag k="lanes" v="2" /><tag k="maxspeed" v="40" /><tag k="name" v="麓山南路" /><tag k="oneway" v="yes" /></way><way id="36" timestamp="2026-03-31T16:39:34Z" uid="1" user="OSMnx" version="1" changeset="1"><nd ref="711531318" /><nd ref="711531319" /><tag k="highway" v="unclassified" /><tag k="name" v="后湖路" /><tag k="oneway" v="no" /></way><way id="37" timestamp="2026-03-31T16:39:34Z" uid="1" user="OSMnx" version="1" changeset="1"><nd ref="711531319" /><nd ref="8977736241" /><tag k="highway" v="unclassified" /><tag k="name" v="后湖路" /><tag k="oneway" v="no" /></way><way id="38" timestamp="2026-03-31T16:39:34Z" uid="1" user="OSMnx" version="1" changeset="1"><nd ref="711531319" /><nd ref="711531318" /><tag k="highway" v="unclassified" /><tag k="name" v="后湖路" /><tag k="oneway" v="no" /></way><way id="39" timestamp="2026-03-31T16:39:34Z" uid="1" user="OSMnx" version="1" changeset="1"><nd ref="711531320" /><nd ref="9482908692" /><tag k="highway" v="unclassified" /><tag k="name" v="后湖路" /><tag k="oneway" v="no" /></way><way id="40" timestamp="2026-03-31T16:39:34Z" uid="1" user="OSMnx" version="1" changeset="1"><nd ref="711531320" /><nd ref="8977736241" /><tag k="highway" v="unclassified" /><tag k="name" v="后湖路" /><tag k="oneway" v="no" /></way><way id="41" timestamp="2026-03-31T16:39:34Z" uid="1" user="OSMnx" version="1" changeset="1"><nd ref="711531321" /><nd ref="4810103902" /><tag k="highway" v="unclassified" /><tag k="name" v="后湖路" /><tag k="oneway" v="no" /></way><way id="42" timestamp="2026-03-31T16:39:34Z" uid="1" user="OSMnx" version="1" changeset="1"><nd ref="711531321" /><nd ref="4810103899" /><tag k="highway" v="unclassified" /><tag k="name" v="后湖路" /><tag k="oneway" v="no" /></way><way id="43" timestamp="2026-03-31T16:39:34Z" uid="1" user="OSMnx" version="1" changeset="1"><nd ref="1658690024" /><nd ref="9439734534" /><tag k="highway" v="secondary" /><tag k="lanes" v="2" /><tag k="maxspeed" v="40" /><tag k="oneway" v="yes" /></way><way id="44" timestamp="2026-03-31T16:39:34Z" uid="1" user="OSMnx" version="1" changeset="1"><nd ref="1658690024" /><nd ref="2277900373" /><tag k="highway" v="secondary" /><tag k="lanes" v="2" /><tag k="maxspeed" v="40" /><tag k="name" v="麓山南路" /><tag k="oneway" v="yes" /></way><way id="45" timestamp="2026-03-31T16:39:34Z" uid="1" user="OSMnx" version="1" changeset="1"><nd ref="1658714407" /><nd ref="1659009989" /><tag k="highway" v="residential" /><tag k="oneway" v="no" /></way><way id="46" timestamp="2026-03-31T16:39:34Z" uid="1" user="OSMnx" version="1" changeset="1"><nd ref="1658714407" /><nd ref="9490764413" /><tag k="highway" v="residential" /><tag k="oneway" v="no" /></way><way id="47" timestamp="2026-03-31T16:39:34Z" uid="1" user="OSMnx" version="1" changeset="1"><nd ref="1658714408" /><nd ref="9490764408" /><tag k="highway" v="secondary" /><tag k="lanes" v="2" /><tag k="maxspeed" v="40" /><tag k="oneway" v="yes" /></way><way id="48" timestamp="2026-03-31T16:39:34Z" uid="1" user="OSMnx" version="1" changeset="1"><nd ref="1658726496" /><nd ref="3860723237" /><tag k="highway" v="residential" /><tag k="oneway" v="no" /></way><way id="49" timestamp="2026-03-31T16:39:34Z" uid="1" user="OSMnx" version="1" changeset="1"><nd ref="1658726496" /><nd ref="1659009948" /><tag k="highway" v="service" /><tag k="oneway" v="no" /></way><way id="50" timestamp="2026-03-31T16:39:34Z" uid="1" user="OSMnx" version="1" changeset="1"><nd ref="1658726496" /><nd ref="3860723732" /><tag k="highway" v="service" /><tag k="oneway" v="no" /></way><way id="51" timestamp="2026-03-31T16:39:34Z" uid="1" user="OSMnx" version="1" changeset="1"><nd ref="1658726496" /><nd ref="3860724048" /><tag k="highway" v="service" /><tag k="oneway" v="no" /></way><way id="52" timestamp="2026-03-31T16:39:34Z" uid="1" user="OSMnx" version="1" changeset="1"><nd ref="1658726504" /><nd ref="5720359857" /><tag k="highway" v="residential" /><tag k="oneway" v="no" /></way><way id="53" timestamp="2026-03-31T16:39:34Z" uid="1" user="OSMnx" version="1" changeset="1"><nd ref="1658726504" /><nd ref="1659009977" /><tag k="highway" v="residential" /><tag k="oneway" v="no" /></way><way id="54" timestamp="2026-03-31T16:39:34Z" uid="1" user="OSMnx" version="1" changeset="1"><nd ref="1658988752" /><nd ref="1658988795" /><tag k="highway" v="secondary" /><tag k="lanes" v="2" /><tag k="maxspeed" v="40" /><tag k="oneway" v="yes" /></way><way id="55" timestamp="2026-03-31T16:39:34Z" uid="1" user="OSMnx" version="1" changeset="1"><nd ref="1658988754" /><nd ref="1658988770" /><tag k="highway" v="secondary" /><tag k="lanes" v="2" /><tag k="maxspeed" v="40" /><tag k="oneway" v="yes" /></way><way id="56" timestamp="2026-03-31T16:39:34Z" uid="1" user="OSMnx" version="1" changeset="1"><nd ref="1658988755" /><nd ref="1658988818" /><tag k="highway" v="secondary" /><tag k="lanes" v="2" /><tag k="maxspeed" v="40" /><tag k="oneway" v="yes" /></way><way id="57" timestamp="2026-03-31T16:39:34Z" uid="1" user="OSMnx" version="1" changeset="1"><nd ref="1658988757" /><nd ref="1658988774" /><tag k="highway" v="secondary" /><tag k="lanes" v="2" /><tag k="maxspeed" v="40" /><tag k="oneway" v="yes" /></way><way id="58" timestamp="2026-03-31T16:39:34Z" uid="1" user="OSMnx" version="1" changeset="1"><nd ref="1658988765" /><nd ref="9439734549" /><tag k="highway" v="secondary" /><tag k="lanes" v="2" /><tag k="maxspeed" v="40" /><tag k="oneway" v="yes" /></way><way id="59" timestamp="2026-03-31T16:39:34Z" uid="1" user="OSMnx" version="1" changeset="1"><nd ref="1658988770" /><nd ref="1658988789" /><tag k="highway" v="secondary" /><tag k="lanes" v="2" /><tag k="maxspeed" v="40" /><tag k="oneway" v="yes" /></way><way id="60" timestamp="2026-03-31T16:39:34Z" uid="1" user="OSMnx" version="1" changeset="1"><nd ref="1658988771" /><nd ref="1658988817" /><tag k="highway" v="secondary" /><tag k="lanes" v="2" /><tag k="maxspeed" v="40" /><tag k="oneway" v="yes" /></way><way id="61" timestamp="2026-03-31T16:39:34Z" uid="1" user="OSMnx" version="1" changeset="1"><nd ref="1658988773" /><nd ref="8977736266" /><tag k="highway" v="secondary" /><tag k="lanes" v="2" /><tag k="maxspeed" v="40" /><tag k="oneway" v="yes" /></way><way id="62" timestamp="2026-03-31T16:39:34Z" uid="1" user="OSMnx" version="1" changeset="1"><nd ref="1658988774" /><nd ref="1658988773" /><tag k="highway" v="secondary" /><tag k="lanes" v="2" /><tag k="maxspeed" v="40" /><tag k="oneway" v="yes" /></way><way id="63" timestamp="2026-03-31T16:39:34Z" uid="1" user="OSMnx" version="1" changeset="1"><nd ref="1658988775" /><nd ref="1658988829" /><tag k="highway" v="secondary" /><tag k="lanes" v="2" /><tag k="maxspeed" v="40" /><tag k="oneway" v="yes" /></way><way id="64" timestamp="2026-03-31T16:39:34Z" uid="1" user="OSMnx" version="1" changeset="1"><nd ref="1658988776" /><nd ref="8977736267" /><tag k="highway" v="secondary" /><tag k="lanes" v="2" /><tag k="maxspeed" v="40" /><tag k="oneway" v="yes" /></way><way id="65" timestamp="2026-03-31T16:39:34Z" uid="1" user="OSMnx" version="1" changeset="1"><nd ref="1658988777" /><nd ref="1658988794" /><tag k="highway" v="secondary" /><tag k="lanes" v="2" /><tag k="maxspeed" v="40" /><tag k="oneway" v="yes" /></way><way id="66" timestamp="2026-03-31T16:39:34Z" uid="1" user="OSMnx" version="1" changeset="1"><nd ref="1658988783" /><nd ref="1658988765" /><tag k="highway" v="secondary" /><tag k="lanes" v="2" /><tag k="maxspeed" v="40" /><tag k="oneway" v="yes" /></way><way id="67" timestamp="2026-03-31T16:39:34Z" uid="1" user="OSMnx" version="1" changeset="1"><nd ref="1658988787" /><nd ref="1658988752" /><tag k="highway" v="secondary" /><tag k="lanes" v="2" /><tag k="maxspeed" v="40" /><tag k="oneway" v="yes" /></way><way id="68" timestamp="2026-03-31T16:39:34Z" uid="1" user="OSMnx" version="1" changeset="1"><nd ref="1658988789" /><nd ref="1658988807" /><tag k="highway" v="secondary" /><tag k="lanes" v="2" /><tag k="maxspeed" v="40" /><tag k="oneway" v="yes" /></way><way id="69" timestamp="2026-03-31T16:39:34Z" uid="1" user="OSMnx" version="1" changeset="1"><nd ref="1658988793" /><nd ref="9439734554" /><tag k="highway" v="secondary" /><tag k="lanes" v="2" /><tag k="maxspeed" v="40" /><tag k="oneway" v="yes" /></way><way id="70" timestamp="2026-03-31T16:39:34Z" uid="1" user="OSMnx" version="1" changeset="1"><nd ref="1658988794" /><nd ref="1658988816" /><tag k="highway" v="secondary" /><tag k="lanes" v="2" /><tag k="maxspeed" v="40" /><tag k="oneway" v="yes" /></way><way id="71" timestamp="2026-03-31T16:39:34Z" uid="1" user="OSMnx" version="1" changeset="1"><nd ref="1658988795" /><nd ref="1658988799" /><tag k="highway" v="secondary" /><tag k="lanes" v="2" /><tag k="maxspeed" v="40" /><tag k="oneway" v="yes" /></way><way id="72" timestamp="2026-03-31T16:39:34Z" uid="1" user="OSMnx" version="1" changeset="1"><nd ref="1658988796" /><nd ref="1658988783" /><tag k="highway" v="secondary" /><tag k="lanes" v="2" /><tag k="maxspeed" v="40" /><tag k="oneway" v="yes" /></way><way id="73" timestamp="2026-03-31T16:39:34Z" uid="1" user="OSMnx" version="1" changeset="1"><nd ref="1658988797" /><nd ref="9457752911" /><tag k="highway" v="secondary" /><tag k="lanes" v="2" /><tag k="maxspeed" v="40" /><tag k="oneway" v="yes" /></way><way id="74" timestamp="2026-03-31T16:39:34Z" uid="1" user="OSMnx" version="1" changeset="1"><nd ref="1658988797" /><nd ref="9490764407" /><tag k="highway" v="residential" /><tag k="oneway" v="yes" /></way><way id="75" timestamp="2026-03-31T16:39:34Z" uid="1" user="OSMnx" version="1" changeset="1"><nd ref="1658988799" /><nd ref="8977736268" /><tag k="highway" v="secondary" /><tag k="lanes" v="2" /><tag k="maxspeed" v="40" /><tag k="oneway" v="yes" /></way><way id="76" timestamp="2026-03-31T16:39:34Z" uid="1" user="OSMnx" version="1" changeset="1"><nd ref="1658988807" /><nd ref="1658988777" /><tag k="highway" v="secondary" /><tag k="lanes" v="2" /><tag k="maxspeed" v="40" /><tag k="oneway" v="yes" /></way><way id="77" timestamp="2026-03-31T16:39:34Z" uid="1" user="OSMnx" version="1" changeset="1"><nd ref="1658988810" /><nd ref="1658988757" /><tag k="highway" v="secondary" /><tag k="lanes" v="2" /><tag k="maxspeed" v="40" /><tag k="oneway" v="yes" /></way><way id="78" timestamp="2026-03-31T16:39:34Z" uid="1" user="OSMnx" version="1" changeset="1"><nd ref="1658988812" /><nd ref="1658988775" /><tag k="highway" v="secondary" /><tag k="lanes" v="2" /><tag k="maxspeed" v="40" /><tag k="oneway" v="yes" /></way><way id="79" timestamp="2026-03-31T16:39:34Z" uid="1" user="OSMnx" version="1" changeset="1"><nd ref="1658988816" /><nd ref="1658988796" /><tag k="highway" v="secondary" /><tag k="lanes" v="2" /><tag k="maxspeed" v="40" /><tag k="oneway" v="yes" /></way><way id="80" timestamp="2026-03-31T16:39:34Z" uid="1" user="OSMnx" version="1" changeset="1"><nd ref="1658988817" /><nd ref="1658988754" /><tag k="highway" v="secondary" /><tag k="lanes" v="2" /><tag k="maxspeed" v="40" /><tag k="oneway" v="yes" /></way><way id="81" timestamp="2026-03-31T16:39:34Z" uid="1" user="OSMnx" version="1" changeset="1"><nd ref="1658988818" /><nd ref="1658988830" /><tag k="highway" v="secondary" /><tag k="lanes" v="2" /><tag k="maxspeed" v="40" /><tag k="oneway" v="yes" /></way><way id="82" timestamp="2026-03-31T16:39:34Z" uid="1" user="OSMnx" version="1" changeset="1"><nd ref="1658988829" /><nd ref="1658988776" /><tag k="highway" v="secondary" /><tag k="lanes" v="2" /><tag k="maxspeed" v="40" /><tag k="oneway" v="yes" /></way><way id="83" timestamp="2026-03-31T16:39:34Z" uid="1" user="OSMnx" version="1" changeset="1"><nd ref="1658988830" /><nd ref="1658988797" /><tag k="highway" v="secondary" /><tag k="lanes" v="2" /><tag k="maxspeed" v="40" /><tag k="oneway" v="yes" /></way><way id="84" timestamp="2026-03-31T16:39:34Z" uid="1" user="OSMnx" version="1" changeset="1"><nd ref="1659009938" /><nd ref="9493016109" /><tag k="highway" v="residential" /><tag k="oneway" v="no" /></way><way id="85" timestamp="2026-03-31T16:39:34Z" uid="1" user="OSMnx" version="1" changeset="1"><nd ref="1659009938" /><nd ref="9493016113" /><tag k="highway" v="residential" /><tag k="oneway" v="no" /></way><way id="86" timestamp="2026-03-31T16:39:34Z" uid="1" user="OSMnx" version="1" changeset="1"><nd ref="1659009939" /><nd ref="1659009971" /><tag k="highway" v="service" /><tag k="oneway" v="no" /></way><way id="87" timestamp="2026-03-31T16:39:34Z" uid="1" user="OSMnx" version="1" changeset="1"><nd ref="1659009939" /><nd ref="1659009955" /><tag k="highway" v="service" /><tag k="oneway" v="no" /></way><way id="88" timestamp="2026-03-31T16:39:34Z" uid="1" user="OSMnx" version="1" changeset="1"><nd ref="1659009941" /><nd ref="5720359861" /><tag k="highway" v="service" /><tag k="oneway" v="no" /></way><way id="89" timestamp="2026-03-31T16:39:34Z" uid="1" user="OSMnx" version="1" changeset="1"><nd ref="1659009941" /><nd ref="1659009968" /><tag k="highway" v="residential" /><tag k="lanes" v="2" /><tag k="oneway" v="no" /></way><way id="90" timestamp="2026-03-31T16:39:34Z" uid="1" user="OSMnx" version="1" changeset="1"><nd ref="1659009941" /><nd ref="10994902451" /><tag k="highway" v="residential" /><tag k="lanes" v="2" /><tag k="oneway" v="no" /></way><way id="91" timestamp="2026-03-31T16:39:34Z" uid="1" user="OSMnx" version="1" changeset="1"><nd ref="1659009942" /><nd ref="1659009979" /><tag k="highway" v="service" /><tag k="oneway" v="no" /></way><way id="92" timestamp="2026-03-31T16:39:34Z" uid="1" user="OSMnx" version="1" changeset="1"><nd ref="1659009943" /><nd ref="1659009949" /><tag k="highway" v="service" /><tag k="oneway" v="no" /></way><way id="93" timestamp="2026-03-31T16:39:34Z" uid="1" user="OSMnx" version="1" changeset="1"><nd ref="1659009943" /><nd ref="1659009963" /><tag k="highway" v="service" /><tag k="oneway" v="no" /></way><way id="94" timestamp="2026-03-31T16:39:34Z" uid="1" user="OSMnx" version="1" changeset="1"><nd ref="1659009944" /><nd ref="9493016108" /><tag k="highway" v="residential" /><tag k="oneway" v="no" /></way><way id="95" timestamp="2026-03-31T16:39:34Z" uid="1" user="OSMnx" version="1" changeset="1"><nd ref="1659009944" /><nd ref="9493016114" /><tag k="highway" v="residential" /><tag k="oneway" v="no" /></way><way id="96" timestamp="2026-03-31T16:39:34Z" uid="1" user="OSMnx" version="1" changeset="1"><nd ref="1659009944" /><nd ref="1659009945" /><tag k="highway" v="service" /><tag k="oneway" v="no" /></way><way id="97" timestamp="2026-03-31T16:39:34Z" uid="1" user="OSMnx" version="1" changeset="1"><nd ref="1659009945" /><nd ref="9490764412" /><tag k="highway" v="service" /><tag k="oneway" v="no" /></way><way id="98" timestamp="2026-03-31T16:39:34Z" uid="1" user="OSMnx" version="1" changeset="1"><nd ref="1659009945" /><nd ref="1659009991" /><tag k="highway" v="service" /><tag k="oneway" v="no" /></way><way id="99" timestamp="2026-03-31T16:39:34Z" uid="1" user="OSMnx" version="1" changeset="1"><nd ref="1659009945" /><nd ref="1659009944" /><tag k="highway" v="service" /><tag k="oneway" v="no" /></way><way id="100" timestamp="2026-03-31T16:39:34Z" uid="1" user="OSMnx" version="1" changeset="1"><nd ref="1659009946" /><nd ref="1659009955" /><tag k="highway" v="service" /><tag k="oneway" v="no" /></way><way id="101" timestamp="2026-03-31T16:39:34Z" uid="1" user="OSMnx" version="1" changeset="1"><nd ref="1659009946" /><nd ref="1659009981" /><tag k="highway" v="service" /><tag k="oneway" v="no" /></way><way id="102" timestamp="2026-03-31T16:39:34Z" uid="1" user="OSMnx" version="1" changeset="1"><nd ref="1659009947" /><nd ref="3860724220" /><tag k="highway" v="service" /><tag k="oneway" v="no" /></way><way id="103" timestamp="2026-03-31T16:39:34Z" uid="1" user="OSMnx" version="1" changeset="1"><nd ref="1659009947" /><nd ref="1659009990" /><tag k="highway" v="service" /><tag k="oneway" v="no" /></way><way id="104" timestamp="2026-03-31T16:39:34Z" uid="1" user="OSMnx" version="1" changeset="1"><nd ref="1659009948" /><nd ref="1658726496" /><tag k="highway" v="service" /><tag k="oneway" v="no" /></way><way id="105" timestamp="2026-03-31T16:39:34Z" uid="1" user="OSMnx" version="1" changeset="1"><nd ref="1659009948" /><nd ref="1659009949" /><tag k="highway" v="service" /><tag k="oneway" v="no" /></way><way id="106" timestamp="2026-03-31T16:39:34Z" uid="1" user="OSMnx" version="1" changeset="1"><nd ref="1659009949" /><nd ref="1659009948" /><tag k="highway" v="service" /><tag k="oneway" v="no" /></way><way id="107" timestamp="2026-03-31T16:39:34Z" uid="1" user="OSMnx" version="1" changeset="1"><nd ref="1659009949" /><nd ref="1659009943" /><tag k="highway" v="service" /><tag k="oneway" v="no" /></way><way id="108" timestamp="2026-03-31T16:39:34Z" uid="1" user="OSMnx" version="1" changeset="1"><nd ref="1659009950" /><nd ref="1659032513" /><tag k="highway" v="residential" /><tag k="oneway" v="no" /></way><way id="109" timestamp="2026-03-31T16:39:34Z" uid="1" user="OSMnx" version="1" changeset="1"><nd ref="1659009950" /><nd ref="1659009956" /><tag k="highway" v="residential" /><tag k="oneway" v="no" /></way><way id="110" timestamp="2026-03-31T16:39:34Z" uid="1" user="OSMnx" version="1" changeset="1"><nd ref="1659009951" /><nd ref="3860723602" /><tag k="highway" v="service" /><tag k="oneway" v="no" /></way><way id="111" timestamp="2026-03-31T16:39:34Z" uid="1" user="OSMnx" version="1" changeset="1"><nd ref="1659009951" /><nd ref="1659009956" /><tag k="highway" v="residential" /><tag k="oneway" v="no" /></way><way id="112" timestamp="2026-03-31T16:39:34Z" uid="1" user="OSMnx" version="1" changeset="1"><nd ref="1659009951" /><nd ref="9493053148" /><tag k="highway" v="residential" /><tag k="oneway" v="no" /></way><way id="113" timestamp="2026-03-31T16:39:34Z" uid="1" user="OSMnx" version="1" changeset="1"><nd ref="1659009952" /><nd ref="1659009980" /><tag k="highway" v="service" /><tag k="oneway" v="no" /></way><way id="114" timestamp="2026-03-31T16:39:34Z" uid="1" user="OSMnx" version="1" changeset="1"><nd ref="1659009954" /><nd ref="1659009967" /><tag k="highway" v="service" /><tag k="oneway" v="no" /></way><way id="115" timestamp="2026-03-31T16:39:34Z" uid="1" user="OSMnx" version="1" changeset="1"><nd ref="1659009954" /><nd ref="1659009961" /><tag k="highway" v="service" /><tag k="oneway" v="no" /></way><way id="116" timestamp="2026-03-31T16:39:34Z" uid="1" user="OSMnx" version="1" changeset="1"><nd ref="1659009955" /><nd ref="1659009973" /><tag k="highway" v="service" /><tag k="oneway" v="no" /></way><way id="117" timestamp="2026-03-31T16:39:34Z" uid="1" user="OSMnx" version="1" changeset="1"><nd ref="1659009955" /><nd ref="1659009939" /><tag k="highway" v="service" /><tag k="oneway" v="no" /></way><way id="118" timestamp="2026-03-31T16:39:34Z" uid="1" user="OSMnx" version="1" changeset="1"><nd ref="1659009955" /><nd ref="1659009946" /><tag k="highway" v="service" /><tag k="oneway" v="no" /></way><way id="119" timestamp="2026-03-31T16:39:34Z" uid="1" user="OSMnx" version="1" changeset="1"><nd ref="1659009956" /><nd ref="1659009978" /><tag k="highway" v="service" /><tag k="oneway" v="no" /></way><way id="120" timestamp="2026-03-31T16:39:34Z" uid="1" user="OSMnx" version="1" changeset="1"><nd ref="1659009956" /><nd ref="1659009950" /><tag k="highway" v="residential" /><tag k="oneway" v="no" /></way><way id="121" timestamp="2026-03-31T16:39:34Z" uid="1" user="OSMnx" version="1" changeset="1"><nd ref="1659009956" /><nd ref="1659009951" /><tag k="highway" v="residential" /><tag k="oneway" v="no" /></way><way id="122" timestamp="2026-03-31T16:39:34Z" uid="1" user="OSMnx" version="1" changeset="1"><nd ref="1659009957" /><nd ref="1659009970" /><tag k="highway" v="residential" /><tag k="oneway" v="no" /></way><way id="123" timestamp="2026-03-31T16:39:34Z" uid="1" user="OSMnx" version="1" changeset="1"><nd ref="1659009957" /><nd ref="9491091614" /><tag k="highway" v="residential" /><tag k="oneway" v="no" /></way><way id="124" timestamp="2026-03-31T16:39:34Z" uid="1" user="OSMnx" version="1" changeset="1"><nd ref="1659009958" /><nd ref="9491091614" /><tag k="highway" v="residential" /><tag k="oneway" v="no" /></way><way id="125" timestamp="2026-03-31T16:39:34Z" uid="1" user="OSMnx" version="1" changeset="1"><nd ref="1659009958" /><nd ref="1659009968" /><tag k="highway" v="residential" /><tag k="oneway" v="no" /></way><way id="126" timestamp="2026-03-31T16:39:34Z" uid="1" user="OSMnx" version="1" changeset="1"><nd ref="1659009959" /><nd ref="1659009979" /><tag k="highway" v="service" /><tag k="oneway" v="no" /></way><way id="127" timestamp="2026-03-31T16:39:34Z" uid="1" user="OSMnx" version="1" changeset="1"><nd ref="1659009959" /><nd ref="9493016095" /><tag k="highway" v="residential" /><tag k="oneway" v="no" /></way><way id="128" timestamp="2026-03-31T16:39:34Z" uid="1" user="OSMnx" version="1" changeset="1"><nd ref="1659009959" /><nd ref="9493053120" /><tag k="highway" v="residential" /><tag k="oneway" v="no" /></way><way id="129" timestamp="2026-03-31T16:39:34Z" uid="1" user="OSMnx" version="1" changeset="1"><nd ref="1659009960" /><nd ref="1659009962" /><tag k="highway" v="service" /><tag k="oneway" v="no" /></way><way id="130" timestamp="2026-03-31T16:39:34Z" uid="1" user="OSMnx" version="1" changeset="1"><nd ref="1659009960" /><nd ref="9493053119" /><tag k="highway" v="residential" /><tag k="oneway" v="no" /></way><way id="131" timestamp="2026-03-31T16:39:34Z" uid="1" user="OSMnx" version="1" changeset="1"><nd ref="1659009960" /><nd ref="9493053118" /><tag k="highway" v="residential" /><tag k="oneway" v="no" /></way><way id="132" timestamp="2026-03-31T16:39:34Z" uid="1" user="OSMnx" version="1" changeset="1"><nd ref="1659009961" /><nd ref="1659009954" /><tag k="highway" v="service" /><tag k="oneway" v="no" /></way><way id="133" timestamp="2026-03-31T16:39:34Z" uid="1" user="OSMnx" version="1" changeset="1"><nd ref="1659009961" /><nd ref="5720359861" /><tag k="highway" v="service" /><tag k="oneway" v="no" /></way><way id="134" timestamp="2026-03-31T16:39:34Z" uid="1" user="OSMnx" version="1" changeset="1"><nd ref="1659009962" /><nd ref="1659009976" /><tag k="highway" v="service" /><tag k="oneway" v="no" /></way><way id="135" timestamp="2026-03-31T16:39:34Z" uid="1" user="OSMnx" version="1" changeset="1"><nd ref="1659009962" /><nd ref="1659009960" /><tag k="highway" v="service" /><tag k="oneway" v="no" /></way><way id="136" timestamp="2026-03-31T16:39:34Z" uid="1" user="OSMnx" version="1" changeset="1"><nd ref="1659009963" /><nd ref="1659009943" /><tag k="highway" v="service" /><tag k="oneway" v="no" /></way><way id="137" timestamp="2026-03-31T16:39:34Z" uid="1" user="OSMnx" version="1" changeset="1"><nd ref="1659009963" /><nd ref="1659009983" /><tag k="highway" v="service" /><tag k="oneway" v="no" /></way><way id="138" timestamp="2026-03-31T16:39:34Z" uid="1" user="OSMnx" version="1" changeset="1"><nd ref="1659009964" /><nd ref="9493053146" /><tag k="highway" v="residential" /><tag k="oneway" v="no" /></way><way id="139" timestamp="2026-03-31T16:39:34Z" uid="1" user="OSMnx" version="1" changeset="1"><nd ref="1659009964" /><nd ref="9493016116" /><tag k="highway" v="residential" /><tag k="oneway" v="no" /></way><way id="140" timestamp="2026-03-31T16:39:34Z" uid="1" user="OSMnx" version="1" changeset="1"><nd ref="1659009964" /><nd ref="1659009989" /><tag k="highway" v="residential" /><tag k="oneway" v="no" /></way><way id="141" timestamp="2026-03-31T16:39:34Z" uid="1" user="OSMnx" version="1" changeset="1"><nd ref="1659009965" /><nd ref="5720359856" /><tag k="highway" v="service" /><tag k="oneway" v="no" /></way><way id="142" timestamp="2026-03-31T16:39:34Z" uid="1" user="OSMnx" version="1" changeset="1"><nd ref="1659009966" /><nd ref="3860723237" /><tag k="highway" v="residential" /><tag k="oneway" v="no" /></way><way id="143" timestamp="2026-03-31T16:39:34Z" uid="1" user="OSMnx" version="1" changeset="1"><nd ref="1659009966" /><nd ref="5720404867" /><tag k="highway" v="residential" /><tag k="oneway" v="no" /></way><way id="144" timestamp="2026-03-31T16:39:34Z" uid="1" user="OSMnx" version="1" changeset="1"><nd ref="1659009966" /><nd ref="1659009993" /><tag k="highway" v="residential" /><tag k="oneway" v="no" /></way><way id="145" timestamp="2026-03-31T16:39:34Z" uid="1" user="OSMnx" version="1" changeset="1"><nd ref="1659009967" /><nd ref="3860723703" /><tag k="highway" v="service" /><tag k="oneway" v="no" /></way><way id="146" timestamp="2026-03-31T16:39:34Z" uid="1" user="OSMnx" version="1" changeset="1"><nd ref="1659009967" /><nd ref="1659009954" /><tag k="highway" v="service" /><tag k="oneway" v="no" /></way><way id="147" timestamp="2026-03-31T16:39:34Z" uid="1" user="OSMnx" version="1" changeset="1"><nd ref="1659009968" /><nd ref="1659009958" /><tag k="highway" v="residential" /><tag k="oneway" v="no" /></way><way id="148" timestamp="2026-03-31T16:39:34Z" uid="1" user="OSMnx" version="1" changeset="1"><nd ref="1659009968" /><nd ref="1659009941" /><tag k="highway" v="residential" /><tag k="lanes" v="2" /><tag k="oneway" v="no" /></way><way id="149" timestamp="2026-03-31T16:39:34Z" uid="1" user="OSMnx" version="1" changeset="1"><nd ref="1659009970" /><nd ref="1659009987" /><tag k="highway" v="residential" /><tag k="oneway" v="no" /></way><way id="150" timestamp="2026-03-31T16:39:34Z" uid="1" user="OSMnx" version="1" changeset="1"><nd ref="1659009970" /><nd ref="1659009957" /><tag k="highway" v="residential" /><tag k="oneway" v="no" /></way><way id="151" timestamp="2026-03-31T16:39:34Z" uid="1" user="OSMnx" version="1" changeset="1"><nd ref="1659009971" /><nd ref="3846694578" /><tag k="highway" v="service" /><tag k="oneway" v="no" /></way><way id="152" timestamp="2026-03-31T16:39:34Z" uid="1" user="OSMnx" version="1" changeset="1"><nd ref="1659009971" /><nd ref="1659009939" /><tag k="highway" v="service" /><tag k="oneway" v="no" /></way><way id="153" timestamp="2026-03-31T16:39:34Z" uid="1" user="OSMnx" version="1" changeset="1"><nd ref="1659009972" /><nd ref="1659032399" /><tag k="highway" v="residential" /><tag k="lanes" v="2" /><tag k="oneway" v="no" /></way><way id="154" timestamp="2026-03-31T16:39:34Z" uid="1" user="OSMnx" version="1" changeset="1"><nd ref="1659009972" /><nd ref="9498741973" /><tag k="highway" v="residential" /><tag k="lanes" v="2" /><tag k="oneway" v="no" /></way><way id="155" timestamp="2026-03-31T16:39:34Z" uid="1" user="OSMnx" version="1" changeset="1"><nd ref="1659009973" /><nd ref="1659009977" /><tag k="highway" v="residential" /><tag k="oneway" v="no" /></way><way id="156" timestamp="2026-03-31T16:39:34Z" uid="1" user="OSMnx" version="1" changeset="1"><nd ref="1659009973" /><nd ref="3129530033" /><tag k="highway" v="residential" /><tag k="oneway" v="no" /></way><way id="157" timestamp="2026-03-31T16:39:34Z" uid="1" user="OSMnx" version="1" changeset="1"><nd ref="1659009973" /><nd ref="1659009955" /><tag k="highway" v="service" /><tag k="oneway" v="no" /></way><way id="158" timestamp="2026-03-31T16:39:34Z" uid="1" user="OSMnx" version="1" changeset="1"><nd ref="1659009973" /><nd ref="3846694299" /><tag k="highway" v="footway" /><tag k="oneway" v="no" /></way><way id="159" timestamp="2026-03-31T16:39:34Z" uid="1" user="OSMnx" version="1" changeset="1"><nd ref="1659009975" /><nd ref="9493016111" /><tag k="highway" v="residential" /><tag k="oneway" v="no" /></way><way id="160" timestamp="2026-03-31T16:39:34Z" uid="1" user="OSMnx" version="1" changeset="1"><nd ref="1659009975" /><nd ref="3846694421" /><tag k="highway" v="residential" /><tag k="oneway" v="no" /></way><way id="161" timestamp="2026-03-31T16:39:34Z" uid="1" user="OSMnx" version="1" changeset="1"><nd ref="1659009975" /><nd ref="5713570587" /><tag k="highway" v="residential" /><tag k="oneway" v="no" /></way><way id="162" timestamp="2026-03-31T16:39:34Z" uid="1" user="OSMnx" version="1" changeset="1"><nd ref="1659009976" /><nd ref="1659009988" /><tag k="highway" v="service" /><tag k="oneway" v="no" /></way><way id="163" timestamp="2026-03-31T16:39:34Z" uid="1" user="OSMnx" version="1" changeset="1"><nd ref="1659009976" /><nd ref="1659009962" /><tag k="highway" v="service" /><tag k="oneway" v="no" /></way><way id="164" timestamp="2026-03-31T16:39:34Z" uid="1" user="OSMnx" version="1" changeset="1"><nd ref="1659009977" /><nd ref="1658726504" /><tag k="highway" v="residential" /><tag k="oneway" v="no" /></way><way id="165" timestamp="2026-03-31T16:39:34Z" uid="1" user="OSMnx" version="1" changeset="1"><nd ref="1659009977" /><nd ref="1659009973" /><tag k="highway" v="residential" /><tag k="oneway" v="no" /></way><way id="166" timestamp="2026-03-31T16:39:34Z" uid="1" user="OSMnx" version="1" changeset="1"><nd ref="1659009977" /><nd ref="5720359856" /><tag k="highway" v="service" /><tag k="oneway" v="no" /></way><way id="167" timestamp="2026-03-31T16:39:34Z" uid="1" user="OSMnx" version="1" changeset="1"><nd ref="1659009978" /><nd ref="1659009983" /><tag k="highway" v="service" /><tag k="oneway" v="no" /></way><way id="168" timestamp="2026-03-31T16:39:34Z" uid="1" user="OSMnx" version="1" changeset="1"><nd ref="1659009978" /><nd ref="1659009956" /><tag k="highway" v="service" /><tag k="oneway" v="no" /></way><way id="169" timestamp="2026-03-31T16:39:34Z" uid="1" user="OSMnx" version="1" changeset="1"><nd ref="1659009979" /><nd ref="1659009942" /><tag k="highway" v="service" /><tag k="oneway" v="no" /></way><way id="170" timestamp="2026-03-31T16:39:34Z" uid="1" user="OSMnx" version="1" changeset="1"><nd ref="1659009979" /><nd ref="1659009959" /><tag k="highway" v="service" /><tag k="oneway" v="no" /></way><way id="171" timestamp="2026-03-31T16:39:34Z" uid="1" user="OSMnx" version="1" changeset="1"><nd ref="1659009980" /><nd ref="1659009995" /><tag k="highway" v="service" /><tag k="oneway" v="no" /></way><way id="172" timestamp="2026-03-31T16:39:34Z" uid="1" user="OSMnx" version="1" changeset="1"><nd ref="1659009980" /><nd ref="3129530033" /><tag k="highway" v="service" /><tag k="oneway" v="no" /></way><way id="173" timestamp="2026-03-31T16:39:34Z" uid="1" user="OSMnx" version="1" changeset="1"><nd ref="1659009980" /><nd ref="1659009952" /><tag k="highway" v="service" /><tag k="oneway" v="no" /></way><way id="174" timestamp="2026-03-31T16:39:34Z" uid="1" user="OSMnx" version="1" changeset="1"><nd ref="1659009981" /><nd ref="1659009946" /><tag k="highway" v="service" /><tag k="oneway" v="no" /></way><way id="175" timestamp="2026-03-31T16:39:34Z" uid="1" user="OSMnx" version="1" changeset="1"><nd ref="1659009981" /><nd ref="1659009995" /><tag k="highway" v="service" /><tag k="oneway" v="no" /></way><way id="176" timestamp="2026-03-31T16:39:34Z" uid="1" user="OSMnx" version="1" changeset="1"><nd ref="1659009982" /><nd ref="1659009990" /><tag k="highway" v="service" /><tag k="oneway" v="no" /></way><way id="177" timestamp="2026-03-31T16:39:34Z" uid="1" user="OSMnx" version="1" changeset="1"><nd ref="1659009982" /><nd ref="3860723243" /><tag k="highway" v="service" /><tag k="oneway" v="no" /></way><way id="178" timestamp="2026-03-31T16:39:34Z" uid="1" user="OSMnx" version="1" changeset="1"><nd ref="1659009983" /><nd ref="1659009963" /><tag k="highway" v="service" /><tag k="oneway" v="no" /></way><way id="179" timestamp="2026-03-31T16:39:34Z" uid="1" user="OSMnx" version="1" changeset="1"><nd ref="1659009983" /><nd ref="1659009978" /><tag k="highway" v="service" /><tag k="oneway" v="no" /></way><way id="180" timestamp="2026-03-31T16:39:34Z" uid="1" user="OSMnx" version="1" changeset="1"><nd ref="1659009983" /><nd ref="3860723273" /><tag k="highway" v="footway" /><tag k="oneway" v="no" /></way><way id="181" timestamp="2026-03-31T16:39:34Z" uid="1" user="OSMnx" version="1" changeset="1"><nd ref="1659009984" /><nd ref="3129530033" /><tag k="highway" v="service" /><tag k="oneway" v="no" /></way><way id="182" timestamp="2026-03-31T16:39:34Z" uid="1" user="OSMnx" version="1" changeset="1"><nd ref="1659009984" /><nd ref="3860724220" /><tag k="highway" v="service" /><tag k="oneway" v="no" /></way><way id="183" timestamp="2026-03-31T16:39:34Z" uid="1" user="OSMnx" version="1" changeset="1"><nd ref="1659009986" /><nd ref="1659009991" /><tag k="highway" v="service" /><tag k="oneway" v="no" /></way><way id="184" timestamp="2026-03-31T16:39:34Z" uid="1" user="OSMnx" version="1" changeset="1"><nd ref="1659009986" /><nd ref="3846694578" /><tag k="highway" v="service" /><tag k="oneway" v="no" /></way><way id="185" timestamp="2026-03-31T16:39:34Z" uid="1" user="OSMnx" version="1" changeset="1"><nd ref="1659009987" /><nd ref="3860723703" /><tag k="highway" v="service" /><tag k="oneway" v="no" /></way><way id="186" timestamp="2026-03-31T16:39:34Z" uid="1" user="OSMnx" version="1" changeset="1"><nd ref="1659009987" /><nd ref="1659009970" /><tag k="highway" v="residential" /><tag k="oneway" v="no" /></way><way id="187" timestamp="2026-03-31T16:39:34Z" uid="1" user="OSMnx" version="1" changeset="1"><nd ref="1659009987" /><nd ref="1659009993" /><tag k="highway" v="residential" /><tag k="oneway" v="no" /></way><way id="188" timestamp="2026-03-31T16:39:34Z" uid="1" user="OSMnx" version="1" changeset="1"><nd ref="1659009988" /><nd ref="1659009976" /><tag k="highway" v="service" /><tag k="oneway" v="no" /></way><way id="189" timestamp="2026-03-31T16:39:34Z" uid="1" user="OSMnx" version="1" changeset="1"><nd ref="1659009988" /><nd ref="5722864501" /><tag k="highway" v="footway" /><tag k="oneway" v="no" /></way><way id="190" timestamp="2026-03-31T16:39:34Z" uid="1" user="OSMnx" version="1" changeset="1"><nd ref="1659009988" /><nd ref="5722864500" /><tag k="highway" v="footway" /><tag k="oneway" v="no" /></way><way id="191" timestamp="2026-03-31T16:39:34Z" uid="1" user="OSMnx" version="1" changeset="1"><nd ref="1659009989" /><nd ref="1659009964" /><tag k="highway" v="residential" /><tag k="oneway" v="no" /></way><way id="192" timestamp="2026-03-31T16:39:34Z" uid="1" user="OSMnx" version="1" changeset="1"><nd ref="1659009989" /><nd ref="1658714407" /><tag k="highway" v="residential" /><tag k="oneway" v="no" /></way><way id="193" timestamp="2026-03-31T16:39:34Z" uid="1" user="OSMnx" version="1" changeset="1"><nd ref="1659009990" /><nd ref="1659009947" /><tag k="highway" v="service" /><tag k="oneway" v="no" /></way><way id="194" timestamp="2026-03-31T16:39:34Z" uid="1" user="OSMnx" version="1" changeset="1"><nd ref="1659009990" /><nd ref="1659009982" /><tag k="highway" v="service" /><tag k="oneway" v="no" /></way><way id="195" timestamp="2026-03-31T16:39:34Z" uid="1" user="OSMnx" version="1" changeset="1"><nd ref="1659009991" /><nd ref="1659009945" /><tag k="highway" v="service" /><tag k="oneway" v="no" /></way><way id="196" timestamp="2026-03-31T16:39:34Z" uid="1" user="OSMnx" version="1" changeset="1"><nd ref="1659009991" /><nd ref="1659009986" /><tag k="highway" v="service" /><tag k="oneway" v="no" /></way><way id="197" timestamp="2026-03-31T16:39:34Z" uid="1" user="OSMnx" version="1" changeset="1"><nd ref="1659009993" /><nd ref="1659009966" /><tag k="highway" v="residential" /><tag k="oneway" v="no" /></way><way id="198" timestamp="2026-03-31T16:39:34Z" uid="1" user="OSMnx" version="1" changeset="1"><nd ref="1659009993" /><nd ref="1659009987" /><tag k="highway" v="residential" /><tag k="oneway" v="no" /></way><way id="199" timestamp="2026-03-31T16:39:34Z" uid="1" user="OSMnx" version="1" changeset="1"><nd ref="1659009993" /><nd ref="3860724048" /><tag k="highway" v="service" /><tag k="oneway" v="no" /></way><way id="200" timestamp="2026-03-31T16:39:34Z" uid="1" user="OSMnx" version="1" changeset="1"><nd ref="1659009994" /><nd ref="9493016112" /><tag k="highway" v="residential" /><tag k="oneway" v="no" /></way><way id="201" timestamp="2026-03-31T16:39:34Z" uid="1" user="OSMnx" version="1" changeset="1"><nd ref="1659009994" /><nd ref="9493016109" /><tag k="highway" v="residential" /><tag k="oneway" v="no" /></way><way id="202" timestamp="2026-03-31T16:39:34Z" uid="1" user="OSMnx" version="1" changeset="1"><nd ref="1659009995" /><nd ref="1659009980" /><tag k="highway" v="service" /><tag k="oneway" v="no" /></way><way id="203" timestamp="2026-03-31T16:39:34Z" uid="1" user="OSMnx" version="1" changeset="1"><nd ref="1659009995" /><nd ref="1659009981" /><tag k="highway" v="service" /><tag k="oneway" v="no" /></way><way id="204" timestamp="2026-03-31T16:39:34Z" uid="1" user="OSMnx" version="1" changeset="1"><nd ref="1659032363" /><nd ref="9492064591" /><tag k="highway" v="residential" /><tag k="lanes" v="2" /><tag k="oneway" v="no" /></way><way id="205" timestamp="2026-03-31T16:39:34Z" uid="1" user="OSMnx" version="1" changeset="1"><nd ref="1659032363" /><nd ref="1659032495" /><tag k="highway" v="residential" /><tag k="oneway" v="yes" /></way><way id="206" timestamp="2026-03-31T16:39:34Z" uid="1" user="OSMnx" version="1" changeset="1"><nd ref="1659032365" /><nd ref="1659032399" /><tag k="highway" v="service" /><tag k="oneway" v="no" /></way><way id="207" timestamp="2026-03-31T16:39:34Z" uid="1" user="OSMnx" version="1" changeset="1"><nd ref="1659032365" /><nd ref="1659032370" /><tag k="highway" v="service" /><tag k="oneway" v="no" /></way><way id="208" timestamp="2026-03-31T16:39:34Z" uid="1" user="OSMnx" version="1" changeset="1"><nd ref="1659032368" /><nd ref="1659032390" /><tag k="highway" v="residential" /><tag k="oneway" v="yes" /></way><way id="209" timestamp="2026-03-31T16:39:34Z" uid="1" user="OSMnx" version="1" changeset="1"><nd ref="1659032370" /><nd ref="1659032365" /><tag k="highway" v="service" /><tag k="oneway" v="no" /></way><way id="210" timestamp="2026-03-31T16:39:34Z" uid="1" user="OSMnx" version="1" changeset="1"><nd ref="1659032370" /><nd ref="1659032426" /><tag k="highway" v="service" /><tag k="oneway" v="no" /></way><way id="211" timestamp="2026-03-31T16:39:34Z" uid="1" user="OSMnx" version="1" changeset="1"><nd ref="1659032373" /><nd ref="9490714974" /><tag k="highway" v="residential" /><tag k="oneway" v="yes" /></way><way id="212" timestamp="2026-03-31T16:39:34Z" uid="1" user="OSMnx" version="1" changeset="1"><nd ref="1659032377" /><nd ref="9492064593" /><tag k="highway" v="residential" /><tag k="oneway" v="yes" /></way><way id="213" timestamp="2026-03-31T16:39:34Z" uid="1" user="OSMnx" version="1" changeset="1"><nd ref="1659032378" /><nd ref="9491091649" /><tag k="highway" v="residential" /><tag k="oneway" v="no" /></way><way id="214" timestamp="2026-03-31T16:39:34Z" uid="1" user="OSMnx" version="1" changeset="1"><nd ref="1659032388" /><nd ref="1659032416" /><tag k="highway" v="residential" /><tag k="oneway" v="yes" /></way><way id="215" timestamp="2026-03-31T16:39:34Z" uid="1" user="OSMnx" version="1" changeset="1"><nd ref="1659032390" /><nd ref="1659032444" /><tag k="highway" v="residential" /><tag k="oneway" v="yes" /></way><way id="216" timestamp="2026-03-31T16:39:34Z" uid="1" user="OSMnx" version="1" changeset="1"><nd ref="1659032392" /><nd ref="1659032401" /><tag k="highway" v="service" /><tag k="oneway" v="no" /></way><way id="217" timestamp="2026-03-31T16:39:34Z" uid="1" user="OSMnx" version="1" changeset="1"><nd ref="1659032392" /><nd ref="3846694435" /><tag k="highway" v="service" /><tag k="oneway" v="no" /></way><way id="218" timestamp="2026-03-31T16:39:34Z" uid="1" user="OSMnx" version="1" changeset="1"><nd ref="1659032395" /><nd ref="9498741974" /><tag k="highway" v="residential" /><tag k="lanes" v="2" /><tag k="oneway" v="no" /></way><way id="219" timestamp="2026-03-31T16:39:34Z" uid="1" user="OSMnx" version="1" changeset="1"><nd ref="1659032395" /><nd ref="1659032441" /><tag k="highway" v="residential" /><tag k="lanes" v="2" /><tag k="oneway" v="no" /></way><way id="220" timestamp="2026-03-31T16:39:34Z" uid="1" user="OSMnx" version="1" changeset="1"><nd ref="1659032396" /><nd ref="9490553946" /><tag k="highway" v="residential" /><tag k="oneway" v="yes" /></way><way id="221" timestamp="2026-03-31T16:39:34Z" uid="1" user="OSMnx" version="1" changeset="1"><nd ref="1659032399" /><nd ref="5720359862" /><tag k="highway" v="residential" /><tag k="lanes" v="2" /><tag k="oneway" v="no" /></way><way id="222" timestamp="2026-03-31T16:39:34Z" uid="1" user="OSMnx" version="1" changeset="1"><nd ref="1659032399" /><nd ref="1659009972" /><tag k="highway" v="residential" /><tag k="lanes" v="2" /><tag k="oneway" v="no" /></way><way id="223" timestamp="2026-03-31T16:39:34Z" uid="1" user="OSMnx" version="1" changeset="1"><nd ref="1659032399" /><nd ref="1659032365" /><tag k="highway" v="service" /><tag k="oneway" v="no" /></way><way id="224" timestamp="2026-03-31T16:39:34Z" uid="1" user="OSMnx" version="1" changeset="1"><nd ref="1659032401" /><nd ref="1659032513" /><tag k="highway" v="service" /><tag k="oneway" v="no" /></way><way id="225" timestamp="2026-03-31T16:39:34Z" uid="1" user="OSMnx" version="1" changeset="1"><nd ref="1659032401" /><nd ref="1659032392" /><tag k="highway" v="service" /><tag k="oneway" v="no" /></way><way id="226" timestamp="2026-03-31T16:39:34Z" uid="1" user="OSMnx" version="1" changeset="1"><nd ref="1659032402" /><nd ref="1659032457" /><tag k="highway" v="service" /><tag k="oneway" v="no" /></way><way id="227" timestamp="2026-03-31T16:39:34Z" uid="1" user="OSMnx" version="1" changeset="1"><nd ref="1659032402" /><nd ref="9498741950" /><tag k="highway" v="service" /><tag k="oneway" v="no" /></way><way id="228" timestamp="2026-03-31T16:39:34Z" uid="1" user="OSMnx" version="1" changeset="1"><nd ref="1659032413" /><nd ref="9512737270" /><tag k="highway" v="residential" /><tag k="oneway" v="yes" /></way><way id="229" timestamp="2026-03-31T16:39:34Z" uid="1" user="OSMnx" version="1" changeset="1"><nd ref="1659032416" /><nd ref="1659032527" /><tag k="highway" v="residential" /><tag k="oneway" v="yes" /></way><way id="230" timestamp="2026-03-31T16:39:34Z" uid="1" user="OSMnx" version="1" changeset="1"><nd ref="1659032420" /><nd ref="1659032532" /><tag k="highway" v="residential" /><tag k="oneway" v="no" /></way><way id="231" timestamp="2026-03-31T16:39:34Z" uid="1" user="OSMnx" version="1" changeset="1"><nd ref="1659032420" /><nd ref="9512737269" /><tag k="highway" v="residential" /><tag k="oneway" v="no" /></way><way id="232" timestamp="2026-03-31T16:39:34Z" uid="1" user="OSMnx" version="1" changeset="1"><nd ref="1659032423" /><nd ref="1659032426" /><tag k="highway" v="service" /><tag k="oneway" v="no" /></way><way id="233" timestamp="2026-03-31T16:39:34Z" uid="1" user="OSMnx" version="1" changeset="1"><nd ref="1659032423" /><nd ref="1659032525" /><tag k="highway" v="service" /><tag k="oneway" v="no" /></way><way id="234" timestamp="2026-03-31T16:39:34Z" uid="1" user="OSMnx" version="1" changeset="1"><nd ref="1659032424" /><nd ref="1659032519" /><tag k="highway" v="service" /><tag k="oneway" v="no" /></way><way id="235" timestamp="2026-03-31T16:39:34Z" uid="1" user="OSMnx" version="1" changeset="1"><nd ref="1659032424" /><nd ref="3846694566" /><tag k="highway" v="footway" /><tag k="oneway" v="no" /></way><way id="236" timestamp="2026-03-31T16:39:34Z" uid="1" user="OSMnx" version="1" changeset="1"><nd ref="1659032426" /><nd ref="1659032370" /><tag k="highway" v="service" /><tag k="oneway" v="no" /></way><way id="237" timestamp="2026-03-31T16:39:34Z" uid="1" user="OSMnx" version="1" changeset="1"><nd ref="1659032426" /><nd ref="1659032423" /><tag k="highway" v="service" /><tag k="oneway" v="no" /></way><way id="238" timestamp="2026-03-31T16:39:34Z" uid="1" user="OSMnx" version="1" changeset="1"><nd ref="1659032441" /><nd ref="1659032395" /><tag k="highway" v="residential" /><tag k="lanes" v="2" /><tag k="oneway" v="no" /></way><way id="239" timestamp="2026-03-31T16:39:34Z" uid="1" user="OSMnx" version="1" changeset="1"><nd ref="1659032441" /><nd ref="9492064591" /><tag k="highway" v="residential" /><tag k="lanes" v="2" /><tag k="oneway" v="no" /></way><way id="240" timestamp="2026-03-31T16:39:34Z" uid="1" user="OSMnx" version="1" changeset="1"><nd ref="1659032444" /><nd ref="1659032475" /><tag k="highway" v="residential" /><tag k="oneway" v="yes" /></way><way id="241" timestamp="2026-03-31T16:39:34Z" uid="1" user="OSMnx" version="1" changeset="1"><nd ref="1659032447" /><nd ref="1659032500" /><tag k="highway" v="residential" /><tag k="oneway" v="no" /></way><way id="242" timestamp="2026-03-31T16:39:34Z" uid="1" user="OSMnx" version="1" changeset="1"><nd ref="1659032447" /><nd ref="9498741952" /><tag k="highway" v="service" /><tag k="oneway" v="no" /></way><way id="243" timestamp="2026-03-31T16:39:34Z" uid="1" user="OSMnx" version="1" changeset="1"><nd ref="1659032447" /><nd ref="1659032525" /><tag k="highway" v="service" /><tag k="oneway" v="no" /></way><way id="244" timestamp="2026-03-31T16:39:34Z" uid="1" user="OSMnx" version="1" changeset="1"><nd ref="1659032453" /><nd ref="9512737264" /><tag k="highway" v="residential" /><tag k="oneway" v="no" /></way><way id="245" timestamp="2026-03-31T16:39:34Z" uid="1" user="OSMnx" version="1" changeset="1"><nd ref="1659032453" /><nd ref="1659032532" /><tag k="highway" v="residential" /><tag k="oneway" v="no" /></way><way id="246" timestamp="2026-03-31T16:39:34Z" uid="1" user="OSMnx" version="1" changeset="1"><nd ref="1659032455" /><nd ref="1659032510" /><tag k="highway" v="service" /><tag k="oneway" v="no" /></way><way id="247" timestamp="2026-03-31T16:39:34Z" uid="1" user="OSMnx" version="1" changeset="1"><nd ref="1659032455" /><nd ref="9498741956" /><tag k="highway" v="service" /><tag k="oneway" v="no" /></way><way id="248" timestamp="2026-03-31T16:39:34Z" uid="1" user="OSMnx" version="1" changeset="1"><nd ref="1659032457" /><nd ref="9498741952" /><tag k="highway" v="service" /><tag k="oneway" v="no" /></way><way id="249" timestamp="2026-03-31T16:39:34Z" uid="1" user="OSMnx" version="1" changeset="1"><nd ref="1659032457" /><nd ref="1659032402" /><tag k="highway" v="service" /><tag k="oneway" v="no" /></way><way id="250" timestamp="2026-03-31T16:39:34Z" uid="1" user="OSMnx" version="1" changeset="1"><nd ref="1659032472" /><nd ref="1659032519" /><tag k="highway" v="service" /><tag k="oneway" v="no" /></way><way id="251" timestamp="2026-03-31T16:39:34Z" uid="1" user="OSMnx" version="1" changeset="1"><nd ref="1659032475" /><nd ref="1659032516" /><tag k="highway" v="residential" /><tag k="oneway" v="yes" /></way><way id="252" timestamp="2026-03-31T16:39:34Z" uid="1" user="OSMnx" version="1" changeset="1"><nd ref="1659032475" /><nd ref="8977736248" /><tag k="highway" v="service" /><tag k="oneway" v="no" /></way><way id="253" timestamp="2026-03-31T16:39:34Z" uid="1" user="OSMnx" version="1" changeset="1"><nd ref="1659032479" /><nd ref="9492064600" /><tag k="highway" v="residential" /><tag k="lanes" v="2" /><tag k="name" v="楚怡路" /><tag k="oneway" v="yes" /></way><way id="254" timestamp="2026-03-31T16:39:34Z" uid="1" user="OSMnx" version="1" changeset="1"><nd ref="1659032495" /><nd ref="9492064609" /><tag k="highway" v="residential" /><tag k="oneway" v="yes" /></way><way id="255" timestamp="2026-03-31T16:39:34Z" uid="1" user="OSMnx" version="1" changeset="1"><nd ref="1659032500" /><nd ref="1659032447" /><tag k="highway" v="residential" /><tag k="oneway" v="no" /></way><way id="256" timestamp="2026-03-31T16:39:34Z" uid="1" user="OSMnx" version="1" changeset="1"><nd ref="1659032500" /><nd ref="9512737259" /><tag k="highway" v="residential" /><tag k="oneway" v="no" /></way><way id="257" timestamp="2026-03-31T16:39:34Z" uid="1" user="OSMnx" version="1" changeset="1"><nd ref="1659032504" /><nd ref="9493016105" /><tag k="highway" v="residential" /><tag k="oneway" v="no" /></way><way id="258" timestamp="2026-03-31T16:39:34Z" uid="1" user="OSMnx" version="1" changeset="1"><nd ref="1659032504" /><nd ref="9493016104" /><tag k="highway" v="residential" /><tag k="oneway" v="no" /></way><way id="259" timestamp="2026-03-31T16:39:34Z" uid="1" user="OSMnx" version="1" changeset="1"><nd ref="1659032504" /><nd ref="3846694366" /><tag k="highway" v="service" /><tag k="oneway" v="no" /></way><way id="260" timestamp="2026-03-31T16:39:34Z" uid="1" user="OSMnx" version="1" changeset="1"><nd ref="1659032506" /><nd ref="1659032377" /><tag k="highway" v="residential" /><tag k="oneway" v="yes" /></way><way id="261" timestamp="2026-03-31T16:39:34Z" uid="1" user="OSMnx" version="1" changeset="1"><nd ref="1659032510" /><nd ref="9498741953" /><tag k="highway" v="service" /><tag k="oneway" v="no" /></way><way id="262" timestamp="2026-03-31T16:39:34Z" uid="1" user="OSMnx" version="1" changeset="1"><nd ref="1659032510" /><nd ref="1659032455" /><tag k="highway" v="service" /><tag k="oneway" v="no" /></way><way id="263" timestamp="2026-03-31T16:39:34Z" uid="1" user="OSMnx" version="1" changeset="1"><nd ref="1659032513" /><nd ref="9493016101" /><tag k="highway" v="residential" /><tag k="oneway" v="no" /></way><way id="264" timestamp="2026-03-31T16:39:34Z" uid="1" user="OSMnx" version="1" changeset="1"><nd ref="1659032513" /><nd ref="1659009950" /><tag k="highway" v="residential" /><tag k="oneway" v="no" /></way><way id="265" timestamp="2026-03-31T16:39:34Z" uid="1" user="OSMnx" version="1" changeset="1"><nd ref="1659032513" /><nd ref="1659032401" /><tag k="highway" v="service" /><tag k="oneway" v="no" /></way><way id="266" timestamp="2026-03-31T16:39:34Z" uid="1" user="OSMnx" version="1" changeset="1"><nd ref="1659032516" /><nd ref="1659032506" /><tag k="highway" v="residential" /><tag k="oneway" v="yes" /></way><way id="267" timestamp="2026-03-31T16:39:34Z" uid="1" user="OSMnx" version="1" changeset="1"><nd ref="1659032519" /><nd ref="1659032472" /><tag k="highway" v="service" /><tag k="oneway" v="no" /></way><way id="268" timestamp="2026-03-31T16:39:34Z" uid="1" user="OSMnx" version="1" changeset="1"><nd ref="1659032519" /><nd ref="1659032424" /><tag k="highway" v="service" /><tag k="oneway" v="no" /></way><way id="269" timestamp="2026-03-31T16:39:34Z" uid="1" user="OSMnx" version="1" changeset="1"><nd ref="1659032519" /><nd ref="9493016102" /><tag k="highway" v="service" /><tag k="oneway" v="no" /></way><way id="270" timestamp="2026-03-31T16:39:34Z" uid="1" user="OSMnx" version="1" changeset="1"><nd ref="1659032525" /><nd ref="1659032423" /><tag k="highway" v="service" /><tag k="oneway" v="no" /></way><way id="271" timestamp="2026-03-31T16:39:34Z" uid="1" user="OSMnx" version="1" changeset="1"><nd ref="1659032525" /><nd ref="1659032447" /><tag k="highway" v="service" /><tag k="oneway" v="no" /></way><way id="272" timestamp="2026-03-31T16:39:34Z" uid="1" user="OSMnx" version="1" changeset="1"><nd ref="1659032527" /><nd ref="1659032539" /><tag k="highway" v="residential" /><tag k="oneway" v="yes" /></way><way id="273" timestamp="2026-03-31T16:39:34Z" uid="1" user="OSMnx" version="1" changeset="1"><nd ref="1659032527" /><nd ref="9512737261" /><tag k="highway" v="residential" /><tag k="oneway" v="yes" /></way><way id="274" timestamp="2026-03-31T16:39:34Z" uid="1" user="OSMnx" version="1" changeset="1"><nd ref="1659032532" /><nd ref="1659032453" /><tag k="highway" v="residential" /><tag k="oneway" v="no" /></way><way id="275" timestamp="2026-03-31T16:39:34Z" uid="1" user="OSMnx" version="1" changeset="1"><nd ref="1659032532" /><nd ref="1659032420" /><tag k="highway" v="residential" /><tag k="oneway" v="no" /></way><way id="276" timestamp="2026-03-31T16:39:34Z" uid="1" user="OSMnx" version="1" changeset="1"><nd ref="1659032532" /><nd ref="9512737265" /><tag k="highway" v="residential" /><tag k="oneway" v="yes" /></way><way id="277" timestamp="2026-03-31T16:39:34Z" uid="1" user="OSMnx" version="1" changeset="1"><nd ref="1659032533" /><nd ref="3846694435" /><tag k="highway" v="service" /><tag k="oneway" v="no" /></way><way id="278" timestamp="2026-03-31T16:39:34Z" uid="1" user="OSMnx" version="1" changeset="1"><nd ref="1659032533" /><nd ref="9498741954" /><tag k="highway" v="service" /><tag k="oneway" v="no" /></way><way id="279" timestamp="2026-03-31T16:39:34Z" uid="1" user="OSMnx" version="1" changeset="1"><nd ref="1659032533" /><nd ref="9490554010" /><tag k="highway" v="service" /><tag k="oneway" v="no" /></way><way id="280" timestamp="2026-03-31T16:39:34Z" uid="1" user="OSMnx" version="1" changeset="1"><nd ref="1659032535" /><nd ref="9498741976" /><tag k="highway" v="residential" /><tag k="oneway" v="yes" /></way><way id="281" timestamp="2026-03-31T16:39:34Z" uid="1" user="OSMnx" version="1" changeset="1"><nd ref="1659032538" /><nd ref="9490554010" /><tag k="highway" v="service" /><tag k="oneway" v="no" /></way><way id="282" timestamp="2026-03-31T16:39:34Z" uid="1" user="OSMnx" version="1" changeset="1"><nd ref="1659032538" /><nd ref="8977736251" /><tag k="highway" v="residential" /><tag k="oneway" v="no" /></way><way id="283" timestamp="2026-03-31T16:39:34Z" uid="1" user="OSMnx" version="1" changeset="1"><nd ref="1659032538" /><nd ref="3846694607" /><tag k="highway" v="service" /><tag k="oneway" v="no" /></way><way id="284" timestamp="2026-03-31T16:39:34Z" uid="1" user="OSMnx" version="1" changeset="1"><nd ref="1659032538" /><nd ref="8977736254" /><tag k="highway" v="residential" /><tag k="oneway" v="no" /></way><way id="285" timestamp="2026-03-31T16:39:34Z" uid="1" user="OSMnx" version="1" changeset="1"><nd ref="1659032539" /><nd ref="1659032535" /><tag k="highway" v="residential" /><tag k="oneway" v="yes" /></way><way id="286" timestamp="2026-03-31T16:39:34Z" uid="1" user="OSMnx" version="1" changeset="1"><nd ref="1660236528" /><nd ref="5722872479" /><tag k="highway" v="secondary" /><tag k="lanes" v="2" /><tag k="maxspeed" v="40" /><tag k="oneway" v="yes" /></way><way id="287" timestamp="2026-03-31T16:39:34Z" uid="1" user="OSMnx" version="1" changeset="1"><nd ref="2277900373" /><nd ref="9439673323" /><tag k="highway" v="secondary" /><tag k="lanes" v="2" /><tag k="maxspeed" v="40" /><tag k="name" v="清水路" /><tag k="oneway" v="yes" /></way><way id="288" timestamp="2026-03-31T16:39:34Z" uid="1" user="OSMnx" version="1" changeset="1"><nd ref="2277900373" /><nd ref="9439734577" /><tag k="highway" v="secondary" /><tag k="lanes" v="2" /><tag k="maxspeed" v="40" /><tag k="name" v="麓山南路" /><tag k="oneway" v="yes" /></way><way id="289" timestamp="2026-03-31T16:39:34Z" uid="1" user="OSMnx" version="1" changeset="1"><nd ref="2277900399" /><nd ref="9439673341" /><tag k="highway" v="secondary" /><tag k="maxspeed" v="5" /><tag k="oneway" v="yes" /></way><way id="290" timestamp="2026-03-31T16:39:34Z" uid="1" user="OSMnx" version="1" changeset="1"><nd ref="2277900401" /><nd ref="9439673357" /><tag k="highway" v="secondary" /><tag k="maxspeed" v="5" /><tag k="oneway" v="yes" /></way><way id="291" timestamp="2026-03-31T16:39:34Z" uid="1" user="OSMnx" version="1" changeset="1"><nd ref="2277993883" /><nd ref="5714508503" /><tag k="highway" v="tertiary" /><tag k="lanes" v="2" /><tag k="maxspeed" v="40" /><tag k="name" v="麓山南路" /><tag k="oneway" v="yes" /></way><way id="292" timestamp="2026-03-31T16:39:34Z" uid="1" user="OSMnx" version="1" changeset="1"><nd ref="3129530033" /><nd ref="1659009973" /><tag k="highway" v="residential" /><tag k="oneway" v="no" /></way><way id="293" timestamp="2026-03-31T16:39:34Z" uid="1" user="OSMnx" version="1" changeset="1"><nd ref="3129530033" /><nd ref="3860723208" /><tag k="highway" v="residential" /><tag k="oneway" v="no" /></way><way id="294" timestamp="2026-03-31T16:39:34Z" uid="1" user="OSMnx" version="1" changeset="1"><nd ref="3129530033" /><nd ref="1659009980" /><tag k="highway" v="service" /><tag k="oneway" v="no" /></way><way id="295" timestamp="2026-03-31T16:39:34Z" uid="1" user="OSMnx" version="1" changeset="1"><nd ref="3129530033" /><nd ref="1659009984" /><tag k="highway" v="service" /><tag k="oneway" v="no" /></way><way id="296" timestamp="2026-03-31T16:39:34Z" uid="1" user="OSMnx" version="1" changeset="1"><nd ref="3442405592" /><nd ref="3442405593" /><tag k="highway" v="residential" /><tag k="oneway" v="no" /></way><way id="297" timestamp="2026-03-31T16:39:34Z" uid="1" user="OSMnx" version="1" changeset="1"><nd ref="3442405592" /><nd ref="12124881080" /><tag k="highway" v="residential" /><tag k="oneway" v="no" /></way><way id="298" timestamp="2026-03-31T16:39:34Z" uid="1" user="OSMnx" version="1" changeset="1"><nd ref="3442405593" /><nd ref="3442405592" /><tag k="highway" v="residential" /><tag k="oneway" v="no" /></way><way id="299" timestamp="2026-03-31T16:39:34Z" uid="1" user="OSMnx" version="1" changeset="1"><nd ref="3442405593" /><nd ref="3442405594" /><tag k="highway" v="residential" /><tag k="name" v="学达路" /><tag k="oneway" v="no" /></way><way id="300" timestamp="2026-03-31T16:39:34Z" uid="1" user="OSMnx" version="1" changeset="1"><nd ref="3442405594" /><nd ref="3444498149" /><tag k="highway" v="residential" /><tag k="oneway" v="no" /></way><way id="301" timestamp="2026-03-31T16:39:34Z" uid="1" user="OSMnx" version="1" changeset="1"><nd ref="3442405594" /><nd ref="3442405612" /><tag k="highway" v="residential" /><tag k="name" v="学达路" /><tag k="oneway" v="no" /></way><way id="302" timestamp="2026-03-31T16:39:34Z" uid="1" user="OSMnx" version="1" changeset="1"><nd ref="3442405594" /><nd ref="3442405593" /><tag k="highway" v="residential" /><tag k="name" v="学达路" /><tag k="oneway" v="no" /></way><way id="303" timestamp="2026-03-31T16:39:34Z" uid="1" user="OSMnx" version="1" changeset="1"><nd ref="3442405595" /><nd ref="3442405606" /><tag k="highway" v="residential" /><tag k="oneway" v="no" /></way><way id="304" timestamp="2026-03-31T16:39:34Z" uid="1" user="OSMnx" version="1" changeset="1"><nd ref="3442405595" /><nd ref="3442405599" /><tag k="highway" v="residential" /><tag k="name" v="学达路" /><tag k="oneway" v="no" /></way><way id="305" timestamp="2026-03-31T16:39:34Z" uid="1" user="OSMnx" version="1" changeset="1"><nd ref="3442405596" /><nd ref="3442405597" /><tag k="highway" v="residential" /><tag k="oneway" v="no" /></way><way id="306" timestamp="2026-03-31T16:39:34Z" uid="1" user="OSMnx" version="1" changeset="1"><nd ref="3442405596" /><nd ref="3442405598" /><tag k="highway" v="residential" /><tag k="oneway" v="no" /></way><way id="307" timestamp="2026-03-31T16:39:34Z" uid="1" user="OSMnx" version="1" changeset="1"><nd ref="3442405596" /><nd ref="3442405599" /><tag k="highway" v="residential" /><tag k="name" v="学达路" /><tag k="oneway" v="no" /></way><way id="308" timestamp="2026-03-31T16:39:34Z" uid="1" user="OSMnx" version="1" changeset="1"><nd ref="3442405596" /><nd ref="3442405612" /><tag k="highway" v="residential" /><tag k="name" v="学达路" /><tag k="oneway" v="no" /></way><way id="309" timestamp="2026-03-31T16:39:34Z" uid="1" user="OSMnx" version="1" changeset="1"><nd ref="3442405597" /><nd ref="3442405596" /><tag k="highway" v="residential" /><tag k="oneway" v="no" /></way><way id="310" timestamp="2026-03-31T16:39:34Z" uid="1" user="OSMnx" version="1" changeset="1"><nd ref="3442405598" /><nd ref="3442405596" /><tag k="highway" v="residential" /><tag k="oneway" v="no" /></way><way id="311" timestamp="2026-03-31T16:39:34Z" uid="1" user="OSMnx" version="1" changeset="1"><nd ref="3442405598" /><nd ref="3442405601" /><tag k="highway" v="residential" /><tag k="oneway" v="no" /></way><way id="312" timestamp="2026-03-31T16:39:34Z" uid="1" user="OSMnx" version="1" changeset="1"><nd ref="3442405598" /><nd ref="3442405602" /><tag k="highway" v="residential" /><tag k="oneway" v="no" /></way><way id="313" timestamp="2026-03-31T16:39:34Z" uid="1" user="OSMnx" version="1" changeset="1"><nd ref="3442405599" /><nd ref="3442405600" /><tag k="highway" v="residential" /><tag k="oneway" v="no" /></way><way id="314" timestamp="2026-03-31T16:39:34Z" uid="1" user="OSMnx" version="1" changeset="1"><nd ref="3442405599" /><nd ref="3442405601" /><tag k="highway" v="residential" /><tag k="oneway" v="no" /></way><way id="315" timestamp="2026-03-31T16:39:34Z" uid="1" user="OSMnx" version="1" changeset="1"><nd ref="3442405599" /><nd ref="3442405595" /><tag k="highway" v="residential" /><tag k="name" v="学达路" /><tag k="oneway" v="no" /></way><way id="316" timestamp="2026-03-31T16:39:34Z" uid="1" user="OSMnx" version="1" changeset="1"><nd ref="3442405599" /><nd ref="3442405596" /><tag k="highway" v="residential" /><tag k="name" v="学达路" /><tag k="oneway" v="no" /></way><way id="317" timestamp="2026-03-31T16:39:34Z" uid="1" user="OSMnx" version="1" changeset="1"><nd ref="3442405600" /><nd ref="3442405599" /><tag k="highway" v="residential" /><tag k="oneway" v="no" /></way><way id="318" timestamp="2026-03-31T16:39:34Z" uid="1" user="OSMnx" version="1" changeset="1"><nd ref="3442405601" /><nd ref="3442405599" /><tag k="highway" v="residential" /><tag k="oneway" v="no" /></way><way id="319" timestamp="2026-03-31T16:39:34Z" uid="1" user="OSMnx" version="1" changeset="1"><nd ref="3442405601" /><nd ref="3442405606" /><tag k="highway" v="residential" /><tag k="oneway" v="no" /></way><way id="320" timestamp="2026-03-31T16:39:34Z" uid="1" user="OSMnx" version="1" changeset="1"><nd ref="3442405601" /><nd ref="3442405598" /><tag k="highway" v="residential" /><tag k="oneway" v="no" /></way><way id="321" timestamp="2026-03-31T16:39:34Z" uid="1" user="OSMnx" version="1" changeset="1"><nd ref="3442405602" /><nd ref="3442405598" /><tag k="highway" v="residential" /><tag k="oneway" v="no" /></way><way id="322" timestamp="2026-03-31T16:39:34Z" uid="1" user="OSMnx" version="1" changeset="1"><nd ref="3442405602" /><nd ref="3442405616" /><tag k="highway" v="residential" /><tag k="oneway" v="no" /></way><way id="323" timestamp="2026-03-31T16:39:34Z" uid="1" user="OSMnx" version="1" changeset="1"><nd ref="3442405606" /><nd ref="9492994526" /><tag k="highway" v="residential" /><tag k="oneway" v="no" /></way><way id="324" timestamp="2026-03-31T16:39:34Z" uid="1" user="OSMnx" version="1" changeset="1"><nd ref="3442405606" /><nd ref="3442405601" /><tag k="highway" v="residential" /><tag k="oneway" v="no" /></way><way id="325" timestamp="2026-03-31T16:39:34Z" uid="1" user="OSMnx" version="1" changeset="1"><nd ref="3442405606" /><nd ref="3442405595" /><tag k="highway" v="residential" /><tag k="oneway" v="no" /></way><way id="326" timestamp="2026-03-31T16:39:34Z" uid="1" user="OSMnx" version="1" changeset="1"><nd ref="3442405611" /><nd ref="3442405616" /><tag k="highway" v="residential" /><tag k="oneway" v="no" /></way><way id="327" timestamp="2026-03-31T16:39:34Z" uid="1" user="OSMnx" version="1" changeset="1"><nd ref="3442405611" /><nd ref="3442405612" /><tag k="highway" v="residential" /><tag k="name" v="弦歌路" /><tag k="oneway" v="no" /></way><way id="328" timestamp="2026-03-31T16:39:34Z" uid="1" user="OSMnx" version="1" changeset="1"><nd ref="3442405611" /><nd ref="3444498149" /><tag k="highway" v="residential" /><tag k="oneway" v="no" /></way><way id="329" timestamp="2026-03-31T16:39:34Z" uid="1" user="OSMnx" version="1" changeset="1"><nd ref="3442405612" /><nd ref="3442405613" /><tag k="highway" v="residential" /><tag k="name" v="弦歌路" /><tag k="oneway" v="no" /></way><way id="330" timestamp="2026-03-31T16:39:34Z" uid="1" user="OSMnx" version="1" changeset="1"><nd ref="3442405612" /><nd ref="3442405611" /><tag k="highway" v="residential" /><tag k="name" v="弦歌路" /><tag k="oneway" v="no" /></way><way id="331" timestamp="2026-03-31T16:39:34Z" uid="1" user="OSMnx" version="1" changeset="1"><nd ref="3442405612" /><nd ref="3442405596" /><tag k="highway" v="residential" /><tag k="name" v="学达路" /><tag k="oneway" v="no" /></way><way id="332" timestamp="2026-03-31T16:39:34Z" uid="1" user="OSMnx" version="1" changeset="1"><nd ref="3442405612" /><nd ref="3442405594" /><tag k="highway" v="residential" /><tag k="name" v="学达路" /><tag k="oneway" v="no" /></way><way id="333" timestamp="2026-03-31T16:39:34Z" uid="1" user="OSMnx" version="1" changeset="1"><nd ref="3442405613" /><nd ref="3442405612" /><tag k="highway" v="residential" /><tag k="name" v="弦歌路" /><tag k="oneway" v="no" /></way><way id="334" timestamp="2026-03-31T16:39:34Z" uid="1" user="OSMnx" version="1" changeset="1"><nd ref="3442405613" /><nd ref="12124881082" /><tag k="highway" v="residential" /><tag k="oneway" v="no" /></way><way id="335" timestamp="2026-03-31T16:39:34Z" uid="1" user="OSMnx" version="1" changeset="1"><nd ref="3442405613" /><nd ref="12124881081" /><tag k="highway" v="residential" /><tag k="oneway" v="no" /></way><way id="336" timestamp="2026-03-31T16:39:34Z" uid="1" user="OSMnx" version="1" changeset="1"><nd ref="3442405615" /><nd ref="9492994544" /><tag k="highway" v="unclassified" /><tag k="name" v="师南路" /><tag k="oneway" v="no" /></way><way id="337" timestamp="2026-03-31T16:39:34Z" uid="1" user="OSMnx" version="1" changeset="1"><nd ref="3442405615" /><nd ref="3444498149" /><tag k="highway" v="residential" /><tag k="oneway" v="no" /></way><way id="338" timestamp="2026-03-31T16:39:34Z" uid="1" user="OSMnx" version="1" changeset="1"><nd ref="3442405616" /><nd ref="3442405602" /><tag k="highway" v="residential" /><tag k="oneway" v="no" /></way><way id="339" timestamp="2026-03-31T16:39:34Z" uid="1" user="OSMnx" version="1" changeset="1"><nd ref="3442405616" /><nd ref="3442405611" /><tag k="highway" v="residential" /><tag k="oneway" v="no" /></way><way id="340" timestamp="2026-03-31T16:39:34Z" uid="1" user="OSMnx" version="1" changeset="1"><nd ref="3442405617" /><nd ref="10026147230" /><tag k="highway" v="cycleway" /><tag k="oneway" v="no" /></way><way id="341" timestamp="2026-03-31T16:39:34Z" uid="1" user="OSMnx" version="1" changeset="1"><nd ref="3442405617" /><nd ref="690136812" /><tag k="highway" v="cycleway" /><tag k="oneway" v="no" /></way><way id="342" timestamp="2026-03-31T16:39:34Z" uid="1" user="OSMnx" version="1" changeset="1"><nd ref="3444498149" /><nd ref="3442405611" /><tag k="highway" v="residential" /><tag k="oneway" v="no" /></way><way id="343" timestamp="2026-03-31T16:39:34Z" uid="1" user="OSMnx" version="1" changeset="1"><nd ref="3444498149" /><nd ref="3442405615" /><tag k="highway" v="residential" /><tag k="oneway" v="no" /></way><way id="344" timestamp="2026-03-31T16:39:34Z" uid="1" user="OSMnx" version="1" changeset="1"><nd ref="3444498149" /><nd ref="3442405594" /><tag k="highway" v="residential" /><tag k="oneway" v="no" /></way><way id="345" timestamp="2026-03-31T16:39:34Z" uid="1" user="OSMnx" version="1" changeset="1"><nd ref="3660206577" /><nd ref="5720160976" /><tag k="highway" v="residential" /><tag k="oneway" v="yes" /></way><way id="346" timestamp="2026-03-31T16:39:34Z" uid="1" user="OSMnx" version="1" changeset="1"><nd ref="3660285749" /><nd ref="9457752906" /><tag k="highway" v="residential" /><tag k="oneway" v="yes" /></way><way id="347" timestamp="2026-03-31T16:39:34Z" uid="1" user="OSMnx" version="1" changeset="1"><nd ref="3660285767" /><nd ref="5717652983" /><tag k="highway" v="residential" /><tag k="oneway" v="yes" /></way><way id="348" timestamp="2026-03-31T16:39:34Z" uid="1" user="OSMnx" version="1" changeset="1"><nd ref="3846490216" /><nd ref="9490553931" /><tag k="highway" v="service" /><tag k="oneway" v="no" /></way><way id="349" timestamp="2026-03-31T16:39:34Z" uid="1" user="OSMnx" version="1" changeset="1"><nd ref="3846490216" /><nd ref="9490554003" /><tag k="highway" v="residential" /><tag k="oneway" v="no" /></way><way id="350" timestamp="2026-03-31T16:39:34Z" uid="1" user="OSMnx" version="1" changeset="1"><nd ref="3846490216" /><nd ref="9490554002" /><tag k="highway" v="residential" /><tag k="oneway" v="no" /></way><way id="351" timestamp="2026-03-31T16:39:34Z" uid="1" user="OSMnx" version="1" changeset="1"><nd ref="3846490221" /><nd ref="9490553935" /><tag k="highway" v="service" /><tag k="oneway" v="no" /></way><way id="352" timestamp="2026-03-31T16:39:34Z" uid="1" user="OSMnx" version="1" changeset="1"><nd ref="3846490221" /><nd ref="9490553936" /><tag k="highway" v="service" /><tag k="oneway" v="no" /></way><way id="353" timestamp="2026-03-31T16:39:34Z" uid="1" user="OSMnx" version="1" changeset="1"><nd ref="3846693941" /><nd ref="3846694587" /><tag k="highway" v="footway" /><tag k="oneway" v="no" /></way><way id="354" timestamp="2026-03-31T16:39:34Z" uid="1" user="OSMnx" version="1" changeset="1"><nd ref="3846693941" /><nd ref="3846693954" /><tag k="highway" v="footway" /><tag k="oneway" v="no" /></way><way id="355" timestamp="2026-03-31T16:39:34Z" uid="1" user="OSMnx" version="1" changeset="1"><nd ref="3846693951" /><nd ref="3846694415" /><tag k="highway" v="footway" /><tag k="oneway" v="no" /></way><way id="356" timestamp="2026-03-31T16:39:34Z" uid="1" user="OSMnx" version="1" changeset="1"><nd ref="3846693951" /><nd ref="3846694397" /><tag k="highway" v="footway" /><tag k="oneway" v="no" /></way><way id="357" timestamp="2026-03-31T16:39:34Z" uid="1" user="OSMnx" version="1" changeset="1"><nd ref="3846693951" /><nd ref="3846694587" /><tag k="highway" v="footway" /><tag k="oneway" v="no" /></way><way id="358" timestamp="2026-03-31T16:39:34Z" uid="1" user="OSMnx" version="1" changeset="1"><nd ref="3846693954" /><nd ref="3846693941" /><tag k="highway" v="footway" /><tag k="oneway" v="no" /></way><way id="359" timestamp="2026-03-31T16:39:34Z" uid="1" user="OSMnx" version="1" changeset="1"><nd ref="3846693954" /><nd ref="3846694265" /><tag k="highway" v="footway" /><tag k="oneway" v="no" /></way><way id="360" timestamp="2026-03-31T16:39:34Z" uid="1" user="OSMnx" version="1" changeset="1"><nd ref="3846693955" /><nd ref="3846694349" /><tag k="highway" v="footway" /><tag k="oneway" v="no" /></way><way id="361" timestamp="2026-03-31T16:39:34Z" uid="1" user="OSMnx" version="1" changeset="1"><nd ref="3846693955" /><nd ref="3846694430" /><tag k="highway" v="footway" /><tag k="oneway" v="no" /></way><way id="362" timestamp="2026-03-31T16:39:34Z" uid="1" user="OSMnx" version="1" changeset="1"><nd ref="3846694261" /><nd ref="3846694435" /><tag k="highway" v="footway" /><tag k="oneway" v="no" /></way><way id="363" timestamp="2026-03-31T16:39:34Z" uid="1" user="OSMnx" version="1" changeset="1"><nd ref="3846694261" /><nd ref="3846694393" /><tag k="highway" v="footway" /><tag k="oneway" v="no" /></way><way id="364" timestamp="2026-03-31T16:39:34Z" uid="1" user="OSMnx" version="1" changeset="1"><nd ref="3846694265" /><nd ref="3846693954" /><tag k="highway" v="footway" /><tag k="oneway" v="no" /></way><way id="365" timestamp="2026-03-31T16:39:34Z" uid="1" user="OSMnx" version="1" changeset="1"><nd ref="3846694265" /><nd ref="3846694402" /><tag k="highway" v="footway" /><tag k="oneway" v="no" /></way><way id="366" timestamp="2026-03-31T16:39:34Z" uid="1" user="OSMnx" version="1" changeset="1"><nd ref="3846694282" /><nd ref="3846694366" /><tag k="highway" v="service" /><tag k="oneway" v="no" /></way><way id="367" timestamp="2026-03-31T16:39:34Z" uid="1" user="OSMnx" version="1" changeset="1"><nd ref="3846694282" /><nd ref="5722864497" /><tag k="highway" v="footway" /><tag k="oneway" v="no" /></way><way id="368" timestamp="2026-03-31T16:39:34Z" uid="1" user="OSMnx" version="1" changeset="1"><nd ref="3846694282" /><nd ref="5722864496" /><tag k="highway" v="footway" /><tag k="oneway" v="no" /></way><way id="369" timestamp="2026-03-31T16:39:34Z" uid="1" user="OSMnx" version="1" changeset="1"><nd ref="3846694286" /><nd ref="8977736254" /><tag k="highway" v="service" /><tag k="oneway" v="no" /></way><way id="370" timestamp="2026-03-31T16:39:34Z" uid="1" user="OSMnx" version="1" changeset="1"><nd ref="3846694299" /><nd ref="1659009973" /><tag k="highway" v="footway" /><tag k="oneway" v="no" /></way><way id="371" timestamp="2026-03-31T16:39:34Z" uid="1" user="OSMnx" version="1" changeset="1"><nd ref="3846694299" /><nd ref="3846694314" /><tag k="highway" v="footway" /><tag k="oneway" v="no" /></way><way id="372" timestamp="2026-03-31T16:39:34Z" uid="1" user="OSMnx" version="1" changeset="1"><nd ref="3846694304" /><nd ref="3846694446" /><tag k="highway" v="footway" /><tag k="oneway" v="no" /></way><way id="373" timestamp="2026-03-31T16:39:34Z" uid="1" user="OSMnx" version="1" changeset="1"><nd ref="3846694304" /><nd ref="8984992940" /><tag k="highway" v="footway" /><tag k="oneway" v="no" /></way><way id="374" timestamp="2026-03-31T16:39:34Z" uid="1" user="OSMnx" version="1" changeset="1"><nd ref="3846694305" /><nd ref="3846694578" /><tag k="highway" v="footway" /><tag k="oneway" v="no" /></way><way id="375" timestamp="2026-03-31T16:39:34Z" uid="1" user="OSMnx" version="1" changeset="1"><nd ref="3846694305" /><nd ref="3846694349" /><tag k="highway" v="footway" /><tag k="oneway" v="no" /></way><way id="376" timestamp="2026-03-31T16:39:34Z" uid="1" user="OSMnx" version="1" changeset="1"><nd ref="3846694312" /><nd ref="9490764406" /><tag k="highway" v="residential" /><tag k="oneway" v="yes" /></way><way id="377" timestamp="2026-03-31T16:39:34Z" uid="1" user="OSMnx" version="1" changeset="1"><nd ref="3846694314" /><nd ref="3846694299" /><tag k="highway" v="footway" /><tag k="oneway" v="no" /></way><way id="378" timestamp="2026-03-31T16:39:34Z" uid="1" user="OSMnx" version="1" changeset="1"><nd ref="3846694314" /><nd ref="3846694397" /><tag k="highway" v="footway" /><tag k="oneway" v="no" /></way><way id="379" timestamp="2026-03-31T16:39:34Z" uid="1" user="OSMnx" version="1" changeset="1"><nd ref="3846694349" /><nd ref="3846694305" /><tag k="highway" v="footway" /><tag k="oneway" v="no" /></way><way id="380" timestamp="2026-03-31T16:39:34Z" uid="1" user="OSMnx" version="1" changeset="1"><nd ref="3846694349" /><nd ref="3846693955" /><tag k="highway" v="footway" /><tag k="oneway" v="no" /></way><way id="381" timestamp="2026-03-31T16:39:34Z" uid="1" user="OSMnx" version="1" changeset="1"><nd ref="3846694366" /><nd ref="3846694282" /><tag k="highway" v="service" /><tag k="oneway" v="no" /></way><way id="382" timestamp="2026-03-31T16:39:34Z" uid="1" user="OSMnx" version="1" changeset="1"><nd ref="3846694366" /><nd ref="1659032504" /><tag k="highway" v="service" /><tag k="oneway" v="no" /></way><way id="383" timestamp="2026-03-31T16:39:34Z" uid="1" user="OSMnx" version="1" changeset="1"><nd ref="3846694386" /><nd ref="3846694402" /><tag k="highway" v="footway" /><tag k="oneway" v="no" /></way><way id="384" timestamp="2026-03-31T16:39:34Z" uid="1" user="OSMnx" version="1" changeset="1"><nd ref="3846694386" /><nd ref="3846694415" /><tag k="highway" v="footway" /><tag k="oneway" v="no" /></way><way id="385" timestamp="2026-03-31T16:39:34Z" uid="1" user="OSMnx" version="1" changeset="1"><nd ref="3846694393" /><nd ref="3846694261" /><tag k="highway" v="footway" /><tag k="oneway" v="no" /></way><way id="386" timestamp="2026-03-31T16:39:34Z" uid="1" user="OSMnx" version="1" changeset="1"><nd ref="3846694393" /><nd ref="3846694566" /><tag k="highway" v="footway" /><tag k="oneway" v="no" /></way><way id="387" timestamp="2026-03-31T16:39:34Z" uid="1" user="OSMnx" version="1" changeset="1"><nd ref="3846694397" /><nd ref="3846694314" /><tag k="highway" v="footway" /><tag k="oneway" v="no" /></way><way id="388" timestamp="2026-03-31T16:39:34Z" uid="1" user="OSMnx" version="1" changeset="1"><nd ref="3846694397" /><nd ref="3846693951" /><tag k="highway" v="footway" /><tag k="oneway" v="no" /></way><way id="389" timestamp="2026-03-31T16:39:34Z" uid="1" user="OSMnx" version="1" changeset="1"><nd ref="3846694402" /><nd ref="3846694265" /><tag k="highway" v="footway" /><tag k="oneway" v="no" /></way><way id="390" timestamp="2026-03-31T16:39:34Z" uid="1" user="OSMnx" version="1" changeset="1"><nd ref="3846694402" /><nd ref="3846694386" /><tag k="highway" v="footway" /><tag k="oneway" v="no" /></way><way id="391" timestamp="2026-03-31T16:39:34Z" uid="1" user="OSMnx" version="1" changeset="1"><nd ref="3846694415" /><nd ref="3846694386" /><tag k="highway" v="footway" /><tag k="oneway" v="no" /></way><way id="392" timestamp="2026-03-31T16:39:34Z" uid="1" user="OSMnx" version="1" changeset="1"><nd ref="3846694415" /><nd ref="3846694446" /><tag k="highway" v="footway" /><tag k="oneway" v="no" /></way><way id="393" timestamp="2026-03-31T16:39:34Z" uid="1" user="OSMnx" version="1" changeset="1"><nd ref="3846694415" /><nd ref="5713570588" /><tag k="highway" v="footway" /><tag k="oneway" v="no" /></way><way id="394" timestamp="2026-03-31T16:39:34Z" uid="1" user="OSMnx" version="1" changeset="1"><nd ref="3846694415" /><nd ref="3846693951" /><tag k="highway" v="footway" /><tag k="oneway" v="no" /></way><way id="395" timestamp="2026-03-31T16:39:34Z" uid="1" user="OSMnx" version="1" changeset="1"><nd ref="3846694421" /><nd ref="1659009975" /><tag k="highway" v="residential" /><tag k="oneway" v="no" /></way><way id="396" timestamp="2026-03-31T16:39:34Z" uid="1" user="OSMnx" version="1" changeset="1"><nd ref="3846694421" /><nd ref="5720359857" /><tag k="highway" v="residential" /><tag k="oneway" v="no" /></way><way id="397" timestamp="2026-03-31T16:39:34Z" uid="1" user="OSMnx" version="1" changeset="1"><nd ref="3846694421" /><nd ref="3846694427" /><tag k="highway" v="footway" /><tag k="oneway" v="no" /></way><way id="398" timestamp="2026-03-31T16:39:34Z" uid="1" user="OSMnx" version="1" changeset="1"><nd ref="3846694426" /><nd ref="9440606320" /><tag k="highway" v="residential" /><tag k="oneway" v="yes" /></way><way id="399" timestamp="2026-03-31T16:39:34Z" uid="1" user="OSMnx" version="1" changeset="1"><nd ref="3846694427" /><nd ref="8984992940" /><tag k="highway" v="footway" /><tag k="oneway" v="no" /></way><way id="400" timestamp="2026-03-31T16:39:34Z" uid="1" user="OSMnx" version="1" changeset="1"><nd ref="3846694427" /><nd ref="3846694421" /><tag k="highway" v="footway" /><tag k="oneway" v="no" /></way><way id="401" timestamp="2026-03-31T16:39:34Z" uid="1" user="OSMnx" version="1" changeset="1"><nd ref="3846694430" /><nd ref="3846693955" /><tag k="highway" v="footway" /><tag k="oneway" v="no" /></way><way id="402" timestamp="2026-03-31T16:39:34Z" uid="1" user="OSMnx" version="1" changeset="1"><nd ref="3846694430" /><nd ref="3846694587" /><tag k="highway" v="footway" /><tag k="oneway" v="no" /></way><way id="403" timestamp="2026-03-31T16:39:34Z" uid="1" user="OSMnx" version="1" changeset="1"><nd ref="3846694435" /><nd ref="1659032392" /><tag k="highway" v="service" /><tag k="oneway" v="no" /></way><way id="404" timestamp="2026-03-31T16:39:34Z" uid="1" user="OSMnx" version="1" changeset="1"><nd ref="3846694435" /><nd ref="1659032533" /><tag k="highway" v="service" /><tag k="oneway" v="no" /></way><way id="405" timestamp="2026-03-31T16:39:34Z" uid="1" user="OSMnx" version="1" changeset="1"><nd ref="3846694435" /><nd ref="3846694261" /><tag k="highway" v="footway" /><tag k="oneway" v="no" /></way><way id="406" timestamp="2026-03-31T16:39:34Z" uid="1" user="OSMnx" version="1" changeset="1"><nd ref="3846694446" /><nd ref="3846694415" /><tag k="highway" v="footway" /><tag k="oneway" v="no" /></way><way id="407" timestamp="2026-03-31T16:39:34Z" uid="1" user="OSMnx" version="1" changeset="1"><nd ref="3846694446" /><nd ref="3846694304" /><tag k="highway" v="footway" /><tag k="oneway" v="no" /></way><way id="408" timestamp="2026-03-31T16:39:34Z" uid="1" user="OSMnx" version="1" changeset="1"><nd ref="3846694454" /><nd ref="9490553983" /><tag k="highway" v="service" /><tag k="oneway" v="no" /></way><way id="409" timestamp="2026-03-31T16:39:34Z" uid="1" user="OSMnx" version="1" changeset="1"><nd ref="3846694566" /><nd ref="3846694393" /><tag k="highway" v="footway" /><tag k="oneway" v="no" /></way><way id="410" timestamp="2026-03-31T16:39:34Z" uid="1" user="OSMnx" version="1" changeset="1"><nd ref="3846694566" /><nd ref="1659032424" /><tag k="highway" v="footway" /><tag k="oneway" v="no" /></way><way id="411" timestamp="2026-03-31T16:39:34Z" uid="1" user="OSMnx" version="1" changeset="1"><nd ref="3846694569" /><nd ref="3846694426" /><tag k="highway" v="residential" /><tag k="oneway" v="yes" /></way><way id="412" timestamp="2026-03-31T16:39:34Z" uid="1" user="OSMnx" version="1" changeset="1"><nd ref="3846694569" /><nd ref="9512737283" /><tag k="highway" v="residential" /><tag k="oneway" v="no" /></way><way id="413" timestamp="2026-03-31T16:39:34Z" uid="1" user="OSMnx" version="1" changeset="1"><nd ref="3846694569" /><nd ref="9490553999" /><tag k="highway" v="residential" /><tag k="oneway" v="no" /></way><way id="414" timestamp="2026-03-31T16:39:34Z" uid="1" user="OSMnx" version="1" changeset="1"><nd ref="3846694578" /><nd ref="1659009986" /><tag k="highway" v="service" /><tag k="oneway" v="no" /></way><way id="415" timestamp="2026-03-31T16:39:34Z" uid="1" user="OSMnx" version="1" changeset="1"><nd ref="3846694578" /><nd ref="1659009971" /><tag k="highway" v="service" /><tag k="oneway" v="no" /></way><way id="416" timestamp="2026-03-31T16:39:34Z" uid="1" user="OSMnx" version="1" changeset="1"><nd ref="3846694578" /><nd ref="3846694305" /><tag k="highway" v="footway" /><tag k="oneway" v="no" /></way><way id="417" timestamp="2026-03-31T16:39:34Z" uid="1" user="OSMnx" version="1" changeset="1"><nd ref="3846694587" /><nd ref="3846694430" /><tag k="highway" v="footway" /><tag k="oneway" v="no" /></way><way id="418" timestamp="2026-03-31T16:39:34Z" uid="1" user="OSMnx" version="1" changeset="1"><nd ref="3846694587" /><nd ref="3846693941" /><tag k="highway" v="footway" /><tag k="oneway" v="no" /></way><way id="419" timestamp="2026-03-31T16:39:34Z" uid="1" user="OSMnx" version="1" changeset="1"><nd ref="3846694587" /><nd ref="3846693951" /><tag k="highway" v="footway" /><tag k="oneway" v="no" /></way><way id="420" timestamp="2026-03-31T16:39:34Z" uid="1" user="OSMnx" version="1" changeset="1"><nd ref="3846694607" /><nd ref="1659032538" /><tag k="highway" v="service" /><tag k="oneway" v="no" /></way><way id="421" timestamp="2026-03-31T16:39:34Z" uid="1" user="OSMnx" version="1" changeset="1"><nd ref="3846694607" /><nd ref="5722864487" /><tag k="highway" v="footway" /><tag k="oneway" v="no" /></way><way id="422" timestamp="2026-03-31T16:39:34Z" uid="1" user="OSMnx" version="1" changeset="1"><nd ref="3860139814" /><nd ref="3860143170" /><tag k="highway" v="service" /><tag k="oneway" v="no" /></way><way id="423" timestamp="2026-03-31T16:39:34Z" uid="1" user="OSMnx" version="1" changeset="1"><nd ref="3860139814" /><nd ref="3860143184" /><tag k="highway" v="service" /><tag k="oneway" v="no" /></way><way id="424" timestamp="2026-03-31T16:39:34Z" uid="1" user="OSMnx" version="1" changeset="1"><nd ref="3860143170" /><nd ref="3860139814" /><tag k="highway" v="service" /><tag k="oneway" v="no" /></way><way id="425" timestamp="2026-03-31T16:39:34Z" uid="1" user="OSMnx" version="1" changeset="1"><nd ref="3860143170" /><nd ref="5720359855" /><tag k="highway" v="footway" /><tag k="name" v="过街天桥" /><tag k="oneway" v="no" /></way><way id="426" timestamp="2026-03-31T16:39:34Z" uid="1" user="OSMnx" version="1" changeset="1"><nd ref="3860143176" /><nd ref="9440606343" /><tag k="highway" v="residential" /><tag k="oneway" v="no" /></way><way id="427" timestamp="2026-03-31T16:39:34Z" uid="1" user="OSMnx" version="1" changeset="1"><nd ref="3860143176" /><nd ref="9439734550" /><tag k="highway" v="secondary" /><tag k="lanes" v="2" /><tag k="maxspeed" v="40" /><tag k="oneway" v="yes" /></way><way id="428" timestamp="2026-03-31T16:39:34Z" uid="1" user="OSMnx" version="1" changeset="1"><nd ref="3860143184" /><nd ref="3860139814" /><tag k="highway" v="service" /><tag k="oneway" v="no" /></way><way id="429" timestamp="2026-03-31T16:39:34Z" uid="1" user="OSMnx" version="1" changeset="1"><nd ref="3860143359" /><nd ref="3860723208" /><tag k="highway" v="residential" /><tag k="oneway" v="no" /></way><way id="430" timestamp="2026-03-31T16:39:34Z" uid="1" user="OSMnx" version="1" changeset="1"><nd ref="3860143359" /><nd ref="9440606343" /><tag k="highway" v="residential" /><tag k="oneway" v="no" /></way><way id="431" timestamp="2026-03-31T16:39:34Z" uid="1" user="OSMnx" version="1" changeset="1"><nd ref="3860143359" /><nd ref="6050996470" /><tag k="highway" v="footway" /><tag k="name" v="过街天桥" /><tag k="oneway" v="no" /></way><way id="432" timestamp="2026-03-31T16:39:34Z" uid="1" user="OSMnx" version="1" changeset="1"><nd ref="3860722853" /><nd ref="3860724172" /><tag k="highway" v="track" /><tag k="oneway" v="no" /></way><way id="433" timestamp="2026-03-31T16:39:34Z" uid="1" user="OSMnx" version="1" changeset="1"><nd ref="3860722853" /><nd ref="3860724080" /><tag k="highway" v="track" /><tag k="oneway" v="no" /></way><way id="434" timestamp="2026-03-31T16:39:34Z" uid="1" user="OSMnx" version="1" changeset="1"><nd ref="3860723208" /><nd ref="3129530033" /><tag k="highway" v="residential" /><tag k="oneway" v="no" /></way><way id="435" timestamp="2026-03-31T16:39:34Z" uid="1" user="OSMnx" version="1" changeset="1"><nd ref="3860723208" /><nd ref="3860143359" /><tag k="highway" v="residential" /><tag k="oneway" v="no" /></way><way id="436" timestamp="2026-03-31T16:39:34Z" uid="1" user="OSMnx" version="1" changeset="1"><nd ref="3860723208" /><nd ref="3860724123" /><tag k="highway" v="track" /><tag k="oneway" v="no" /></way><way id="437" timestamp="2026-03-31T16:39:34Z" uid="1" user="OSMnx" version="1" changeset="1"><nd ref="3860723237" /><nd ref="1658726496" /><tag k="highway" v="residential" /><tag k="oneway" v="no" /></way><way id="438" timestamp="2026-03-31T16:39:34Z" uid="1" user="OSMnx" version="1" changeset="1"><nd ref="3860723237" /><nd ref="1659009966" /><tag k="highway" v="residential" /><tag k="oneway" v="no" /></way><way id="439" timestamp="2026-03-31T16:39:34Z" uid="1" user="OSMnx" version="1" changeset="1"><nd ref="3860723237" /><nd ref="3860723726" /><tag k="highway" v="footway" /><tag k="oneway" v="no" /></way><way id="440" timestamp="2026-03-31T16:39:34Z" uid="1" user="OSMnx" version="1" changeset="1"><nd ref="3860723243" /><nd ref="1659009982" /><tag k="highway" v="service" /><tag k="oneway" v="no" /></way><way id="441" timestamp="2026-03-31T16:39:34Z" uid="1" user="OSMnx" version="1" changeset="1"><nd ref="3860723243" /><nd ref="3860724155" /><tag k="highway" v="service" /><tag k="oneway" v="no" /></way><way id="442" timestamp="2026-03-31T16:39:34Z" uid="1" user="OSMnx" version="1" changeset="1"><nd ref="3860723266" /><nd ref="3860723647" /><tag k="highway" v="track" /><tag k="oneway" v="no" /></way><way id="443" timestamp="2026-03-31T16:39:34Z" uid="1" user="OSMnx" version="1" changeset="1"><nd ref="3860723266" /><nd ref="3860724172" /><tag k="highway" v="track" /><tag k="oneway" v="no" /></way><way id="444" timestamp="2026-03-31T16:39:34Z" uid="1" user="OSMnx" version="1" changeset="1"><nd ref="3860723273" /><nd ref="1659009983" /><tag k="highway" v="footway" /><tag k="oneway" v="no" /></way><way id="445" timestamp="2026-03-31T16:39:34Z" uid="1" user="OSMnx" version="1" changeset="1"><nd ref="3860723273" /><nd ref="3860724124" /><tag k="highway" v="footway" /><tag k="oneway" v="no" /></way><way id="446" timestamp="2026-03-31T16:39:34Z" uid="1" user="OSMnx" version="1" changeset="1"><nd ref="3860723305" /><nd ref="3860724071" /><tag k="highway" v="footway" /><tag k="oneway" v="no" /></way><way id="447" timestamp="2026-03-31T16:39:34Z" uid="1" user="OSMnx" version="1" changeset="1"><nd ref="3860723305" /><nd ref="3860724195" /><tag k="highway" v="footway" /><tag k="oneway" v="no" /></way><way id="448" timestamp="2026-03-31T16:39:34Z" uid="1" user="OSMnx" version="1" changeset="1"><nd ref="3860723305" /><nd ref="3860724211" /><tag k="highway" v="footway" /><tag k="oneway" v="no" /></way><way id="449" timestamp="2026-03-31T16:39:34Z" uid="1" user="OSMnx" version="1" changeset="1"><nd ref="3860723330" /><nd ref="3860723659" /><tag k="highway" v="track" /><tag k="oneway" v="no" /></way><way id="450" timestamp="2026-03-31T16:39:34Z" uid="1" user="OSMnx" version="1" changeset="1"><nd ref="3860723330" /><nd ref="3860723987" /><tag k="highway" v="track" /><tag k="oneway" v="no" /></way><way id="451" timestamp="2026-03-31T16:39:34Z" uid="1" user="OSMnx" version="1" changeset="1"><nd ref="3860723330" /><nd ref="3860723355" /><tag k="highway" v="track" /><tag k="oneway" v="no" /></way><way id="452" timestamp="2026-03-31T16:39:34Z" uid="1" user="OSMnx" version="1" changeset="1"><nd ref="3860723355" /><nd ref="3860723330" /><tag k="highway" v="track" /><tag k="oneway" v="no" /></way><way id="453" timestamp="2026-03-31T16:39:34Z" uid="1" user="OSMnx" version="1" changeset="1"><nd ref="3860723355" /><nd ref="3860723729" /><tag k="highway" v="track" /><tag k="oneway" v="no" /></way><way id="454" timestamp="2026-03-31T16:39:34Z" uid="1" user="OSMnx" version="1" changeset="1"><nd ref="3860723406" /><nd ref="3860723602" /><tag k="highway" v="footway" /><tag k="oneway" v="no" /></way><way id="455" timestamp="2026-03-31T16:39:34Z" uid="1" user="OSMnx" version="1" changeset="1"><nd ref="3860723406" /><nd ref="3860724115" /><tag k="highway" v="footway" /><tag k="oneway" v="no" /></way><way id="456" timestamp="2026-03-31T16:39:34Z" uid="1" user="OSMnx" version="1" changeset="1"><nd ref="3860723406" /><nd ref="3860724195" /><tag k="highway" v="footway" /><tag k="oneway" v="no" /></way><way id="457" timestamp="2026-03-31T16:39:34Z" uid="1" user="OSMnx" version="1" changeset="1"><nd ref="3860723408" /><nd ref="3860724071" /><tag k="highway" v="footway" /><tag k="oneway" v="no" /></way><way id="458" timestamp="2026-03-31T16:39:34Z" uid="1" user="OSMnx" version="1" changeset="1"><nd ref="3860723413" /><nd ref="3860724115" /><tag k="highway" v="footway" /><tag k="oneway" v="no" /></way><way id="459" timestamp="2026-03-31T16:39:34Z" uid="1" user="OSMnx" version="1" changeset="1"><nd ref="3860723558" /><nd ref="3860724029" /><tag k="highway" v="footway" /><tag k="oneway" v="no" /></way><way id="460" timestamp="2026-03-31T16:39:34Z" uid="1" user="OSMnx" version="1" changeset="1"><nd ref="3860723558" /><nd ref="3860724040" /><tag k="highway" v="footway" /><tag k="oneway" v="no" /></way><way id="461" timestamp="2026-03-31T16:39:34Z" uid="1" user="OSMnx" version="1" changeset="1"><nd ref="3860723587" /><nd ref="9457752903" /><tag k="highway" v="residential" /><tag k="oneway" v="yes" /></way><way id="462" timestamp="2026-03-31T16:39:34Z" uid="1" user="OSMnx" version="1" changeset="1"><nd ref="3860723602" /><nd ref="1659009951" /><tag k="highway" v="service" /><tag k="oneway" v="no" /></way><way id="463" timestamp="2026-03-31T16:39:34Z" uid="1" user="OSMnx" version="1" changeset="1"><nd ref="3860723602" /><nd ref="3860723732" /><tag k="highway" v="service" /><tag k="oneway" v="no" /></way><way id="464" timestamp="2026-03-31T16:39:34Z" uid="1" user="OSMnx" version="1" changeset="1"><nd ref="3860723602" /><nd ref="3860723406" /><tag k="highway" v="footway" /><tag k="oneway" v="no" /></way><way id="465" timestamp="2026-03-31T16:39:34Z" uid="1" user="OSMnx" version="1" changeset="1"><nd ref="3860723623" /><nd ref="3860724198" /><tag k="highway" v="footway" /><tag k="oneway" v="no" /></way><way id="466" timestamp="2026-03-31T16:39:34Z" uid="1" user="OSMnx" version="1" changeset="1"><nd ref="3860723647" /><nd ref="3860723266" /><tag k="highway" v="track" /><tag k="oneway" v="no" /></way><way id="467" timestamp="2026-03-31T16:39:34Z" uid="1" user="OSMnx" version="1" changeset="1"><nd ref="3860723659" /><nd ref="3860723330" /><tag k="highway" v="track" /><tag k="oneway" v="no" /></way><way id="468" timestamp="2026-03-31T16:39:34Z" uid="1" user="OSMnx" version="1" changeset="1"><nd ref="3860723659" /><nd ref="3860723661" /><tag k="highway" v="track" /><tag k="oneway" v="no" /></way><way id="469" timestamp="2026-03-31T16:39:34Z" uid="1" user="OSMnx" version="1" changeset="1"><nd ref="3860723659" /><nd ref="3860724080" /><tag k="highway" v="track" /><tag k="oneway" v="no" /></way><way id="470" timestamp="2026-03-31T16:39:34Z" uid="1" user="OSMnx" version="1" changeset="1"><nd ref="3860723661" /><nd ref="3860723659" /><tag k="highway" v="track" /><tag k="oneway" v="no" /></way><way id="471" timestamp="2026-03-31T16:39:34Z" uid="1" user="OSMnx" version="1" changeset="1"><nd ref="3860723661" /><nd ref="3860723987" /><tag k="highway" v="track" /><tag k="oneway" v="no" /></way><way id="472" timestamp="2026-03-31T16:39:34Z" uid="1" user="OSMnx" version="1" changeset="1"><nd ref="3860723663" /><nd ref="3860723669" /><tag k="highway" v="footway" /><tag k="oneway" v="no" /></way><way id="473" timestamp="2026-03-31T16:39:34Z" uid="1" user="OSMnx" version="1" changeset="1"><nd ref="3860723664" /><nd ref="3860723819" /><tag k="highway" v="footway" /><tag k="oneway" v="no" /></way><way id="474" timestamp="2026-03-31T16:39:34Z" uid="1" user="OSMnx" version="1" changeset="1"><nd ref="3860723669" /><nd ref="3860723663" /><tag k="highway" v="footway" /><tag k="oneway" v="no" /></way><way id="475" timestamp="2026-03-31T16:39:34Z" uid="1" user="OSMnx" version="1" changeset="1"><nd ref="3860723669" /><nd ref="3860724040" /><tag k="highway" v="footway" /><tag k="oneway" v="no" /></way><way id="476" timestamp="2026-03-31T16:39:34Z" uid="1" user="OSMnx" version="1" changeset="1"><nd ref="3860723695" /><nd ref="8977736240" /><tag k="highway" v="steps" /><tag k="oneway" v="no" /></way><way id="477" timestamp="2026-03-31T16:39:34Z" uid="1" user="OSMnx" version="1" changeset="1"><nd ref="3860723695" /><nd ref="3860723819" /><tag k="highway" v="steps" /><tag k="oneway" v="no" /></way><way id="478" timestamp="2026-03-31T16:39:34Z" uid="1" user="OSMnx" version="1" changeset="1"><nd ref="3860723699" /><nd ref="3860724129" /><tag k="highway" v="footway" /><tag k="oneway" v="no" /></way><way id="479" timestamp="2026-03-31T16:39:34Z" uid="1" user="OSMnx" version="1" changeset="1"><nd ref="3860723699" /><nd ref="3860723732" /><tag k="highway" v="footway" /><tag k="oneway" v="no" /></way><way id="480" timestamp="2026-03-31T16:39:34Z" uid="1" user="OSMnx" version="1" changeset="1"><nd ref="3860723703" /><nd ref="1659009987" /><tag k="highway" v="service" /><tag k="oneway" v="no" /></way><way id="481" timestamp="2026-03-31T16:39:34Z" uid="1" user="OSMnx" version="1" changeset="1"><nd ref="3860723703" /><nd ref="1659009967" /><tag k="highway" v="service" /><tag k="oneway" v="no" /></way><way id="482" timestamp="2026-03-31T16:39:34Z" uid="1" user="OSMnx" version="1" changeset="1"><nd ref="3860723703" /><nd ref="8977736240" /><tag k="highway" v="steps" /><tag k="oneway" v="no" /></way><way id="483" timestamp="2026-03-31T16:39:34Z" uid="1" user="OSMnx" version="1" changeset="1"><nd ref="3860723711" /><nd ref="3860723819" /><tag k="highway" v="footway" /><tag k="oneway" v="no" /></way><way id="484" timestamp="2026-03-31T16:39:34Z" uid="1" user="OSMnx" version="1" changeset="1"><nd ref="3860723711" /><nd ref="3860724010" /><tag k="highway" v="footway" /><tag k="oneway" v="no" /></way><way id="485" timestamp="2026-03-31T16:39:34Z" uid="1" user="OSMnx" version="1" changeset="1"><nd ref="3860723726" /><nd ref="3860724057" /><tag k="highway" v="footway" /><tag k="oneway" v="no" /></way><way id="486" timestamp="2026-03-31T16:39:34Z" uid="1" user="OSMnx" version="1" changeset="1"><nd ref="3860723726" /><nd ref="3860723237" /><tag k="highway" v="footway" /><tag k="oneway" v="no" /></way><way id="487" timestamp="2026-03-31T16:39:34Z" uid="1" user="OSMnx" version="1" changeset="1"><nd ref="3860723729" /><nd ref="3860723355" /><tag k="highway" v="track" /><tag k="oneway" v="no" /></way><way id="488" timestamp="2026-03-31T16:39:34Z" uid="1" user="OSMnx" version="1" changeset="1"><nd ref="3860723729" /><nd ref="3860724001" /><tag k="highway" v="track" /><tag k="oneway" v="no" /></way><way id="489" timestamp="2026-03-31T16:39:34Z" uid="1" user="OSMnx" version="1" changeset="1"><nd ref="3860723732" /><nd ref="3860723602" /><tag k="highway" v="service" /><tag k="oneway" v="no" /></way><way id="490" timestamp="2026-03-31T16:39:34Z" uid="1" user="OSMnx" version="1" changeset="1"><nd ref="3860723732" /><nd ref="1658726496" /><tag k="highway" v="service" /><tag k="oneway" v="no" /></way><way id="491" timestamp="2026-03-31T16:39:34Z" uid="1" user="OSMnx" version="1" changeset="1"><nd ref="3860723732" /><nd ref="3860723699" /><tag k="highway" v="footway" /><tag k="oneway" v="no" /></way><way id="492" timestamp="2026-03-31T16:39:34Z" uid="1" user="OSMnx" version="1" changeset="1"><nd ref="3860723819" /><nd ref="3860723664" /><tag k="highway" v="footway" /><tag k="oneway" v="no" /></way><way id="493" timestamp="2026-03-31T16:39:34Z" uid="1" user="OSMnx" version="1" changeset="1"><nd ref="3860723819" /><nd ref="3860723711" /><tag k="highway" v="footway" /><tag k="oneway" v="no" /></way><way id="494" timestamp="2026-03-31T16:39:34Z" uid="1" user="OSMnx" version="1" changeset="1"><nd ref="3860723819" /><nd ref="3860723695" /><tag k="highway" v="steps" /><tag k="oneway" v="no" /></way><way id="495" timestamp="2026-03-31T16:39:34Z" uid="1" user="OSMnx" version="1" changeset="1"><nd ref="3860723987" /><nd ref="3860723661" /><tag k="highway" v="track" /><tag k="oneway" v="no" /></way><way id="496" timestamp="2026-03-31T16:39:34Z" uid="1" user="OSMnx" version="1" changeset="1"><nd ref="3860723987" /><nd ref="3860724220" /><tag k="highway" v="track" /><tag k="oneway" v="no" /></way><way id="497" timestamp="2026-03-31T16:39:34Z" uid="1" user="OSMnx" version="1" changeset="1"><nd ref="3860723987" /><nd ref="3860723330" /><tag k="highway" v="track" /><tag k="oneway" v="no" /></way><way id="498" timestamp="2026-03-31T16:39:34Z" uid="1" user="OSMnx" version="1" changeset="1"><nd ref="3860724001" /><nd ref="3860723729" /><tag k="highway" v="track" /><tag k="oneway" v="no" /></way><way id="499" timestamp="2026-03-31T16:39:34Z" uid="1" user="OSMnx" version="1" changeset="1"><nd ref="3860724001" /><nd ref="3860724009" /><tag k="highway" v="track" /><tag k="oneway" v="no" /></way><way id="500" timestamp="2026-03-31T16:39:34Z" uid="1" user="OSMnx" version="1" changeset="1"><nd ref="3860724009" /><nd ref="3860724001" /><tag k="highway" v="track" /><tag k="oneway" v="no" /></way><way id="501" timestamp="2026-03-31T16:39:34Z" uid="1" user="OSMnx" version="1" changeset="1"><nd ref="3860724009" /><nd ref="3860724213" /><tag k="highway" v="track" /><tag k="oneway" v="no" /></way><way id="502" timestamp="2026-03-31T16:39:34Z" uid="1" user="OSMnx" version="1" changeset="1"><nd ref="3860724010" /><nd ref="3860723711" /><tag k="highway" v="footway" /><tag k="oneway" v="no" /></way><way id="503" timestamp="2026-03-31T16:39:34Z" uid="1" user="OSMnx" version="1" changeset="1"><nd ref="3860724010" /><nd ref="3860724048" /><tag k="highway" v="footway" /><tag k="oneway" v="no" /></way><way id="504" timestamp="2026-03-31T16:39:34Z" uid="1" user="OSMnx" version="1" changeset="1"><nd ref="3860724029" /><nd ref="3860724067" /><tag k="highway" v="footway" /><tag k="oneway" v="no" /></way><way id="505" timestamp="2026-03-31T16:39:34Z" uid="1" user="OSMnx" version="1" changeset="1"><nd ref="3860724029" /><nd ref="3860723558" /><tag k="highway" v="footway" /><tag k="oneway" v="no" /></way><way id="506" timestamp="2026-03-31T16:39:34Z" uid="1" user="OSMnx" version="1" changeset="1"><nd ref="3860724040" /><nd ref="3860723669" /><tag k="highway" v="footway" /><tag k="oneway" v="no" /></way><way id="507" timestamp="2026-03-31T16:39:34Z" uid="1" user="OSMnx" version="1" changeset="1"><nd ref="3860724040" /><nd ref="3860724129" /><tag k="highway" v="footway" /><tag k="oneway" v="no" /></way><way id="508" timestamp="2026-03-31T16:39:34Z" uid="1" user="OSMnx" version="1" changeset="1"><nd ref="3860724040" /><nd ref="3860723558" /><tag k="highway" v="footway" /><tag k="oneway" v="no" /></way><way id="509" timestamp="2026-03-31T16:39:34Z" uid="1" user="OSMnx" version="1" changeset="1"><nd ref="3860724048" /><nd ref="1658726496" /><tag k="highway" v="service" /><tag k="oneway" v="no" /></way><way id="510" timestamp="2026-03-31T16:39:34Z" uid="1" user="OSMnx" version="1" changeset="1"><nd ref="3860724048" /><nd ref="1659009993" /><tag k="highway" v="service" /><tag k="oneway" v="no" /></way><way id="511" timestamp="2026-03-31T16:39:34Z" uid="1" user="OSMnx" version="1" changeset="1"><nd ref="3860724048" /><nd ref="3860724010" /><tag k="highway" v="footway" /><tag k="oneway" v="no" /></way><way id="512" timestamp="2026-03-31T16:39:34Z" uid="1" user="OSMnx" version="1" changeset="1"><nd ref="3860724057" /><nd ref="3860724211" /><tag k="highway" v="footway" /><tag k="oneway" v="no" /></way><way id="513" timestamp="2026-03-31T16:39:34Z" uid="1" user="OSMnx" version="1" changeset="1"><nd ref="3860724057" /><nd ref="3860723726" /><tag k="highway" v="footway" /><tag k="oneway" v="no" /></way><way id="514" timestamp="2026-03-31T16:39:34Z" uid="1" user="OSMnx" version="1" changeset="1"><nd ref="3860724067" /><nd ref="3860724124" /><tag k="highway" v="footway" /><tag k="oneway" v="no" /></way><way id="515" timestamp="2026-03-31T16:39:34Z" uid="1" user="OSMnx" version="1" changeset="1"><nd ref="3860724067" /><nd ref="3860724029" /><tag k="highway" v="footway" /><tag k="oneway" v="no" /></way><way id="516" timestamp="2026-03-31T16:39:34Z" uid="1" user="OSMnx" version="1" changeset="1"><nd ref="3860724071" /><nd ref="3860723408" /><tag k="highway" v="footway" /><tag k="oneway" v="no" /></way><way id="517" timestamp="2026-03-31T16:39:34Z" uid="1" user="OSMnx" version="1" changeset="1"><nd ref="3860724071" /><nd ref="3860723305" /><tag k="highway" v="footway" /><tag k="oneway" v="no" /></way><way id="518" timestamp="2026-03-31T16:39:34Z" uid="1" user="OSMnx" version="1" changeset="1"><nd ref="3860724080" /><nd ref="3860722853" /><tag k="highway" v="track" /><tag k="oneway" v="no" /></way><way id="519" timestamp="2026-03-31T16:39:34Z" uid="1" user="OSMnx" version="1" changeset="1"><nd ref="3860724080" /><nd ref="3860723659" /><tag k="highway" v="track" /><tag k="oneway" v="no" /></way><way id="520" timestamp="2026-03-31T16:39:34Z" uid="1" user="OSMnx" version="1" changeset="1"><nd ref="3860724115" /><nd ref="3860724198" /><tag k="highway" v="footway" /><tag k="oneway" v="no" /></way><way id="521" timestamp="2026-03-31T16:39:34Z" uid="1" user="OSMnx" version="1" changeset="1"><nd ref="3860724115" /><nd ref="3860723406" /><tag k="highway" v="footway" /><tag k="oneway" v="no" /></way><way id="522" timestamp="2026-03-31T16:39:34Z" uid="1" user="OSMnx" version="1" changeset="1"><nd ref="3860724115" /><nd ref="3860723413" /><tag k="highway" v="footway" /><tag k="oneway" v="no" /></way><way id="523" timestamp="2026-03-31T16:39:34Z" uid="1" user="OSMnx" version="1" changeset="1"><nd ref="3860724123" /><nd ref="3860724213" /><tag k="highway" v="track" /><tag k="oneway" v="no" /></way><way id="524" timestamp="2026-03-31T16:39:34Z" uid="1" user="OSMnx" version="1" changeset="1"><nd ref="3860724123" /><nd ref="3860723208" /><tag k="highway" v="track" /><tag k="oneway" v="no" /></way><way id="525" timestamp="2026-03-31T16:39:34Z" uid="1" user="OSMnx" version="1" changeset="1"><nd ref="3860724124" /><nd ref="3860723273" /><tag k="highway" v="footway" /><tag k="oneway" v="no" /></way><way id="526" timestamp="2026-03-31T16:39:34Z" uid="1" user="OSMnx" version="1" changeset="1"><nd ref="3860724124" /><nd ref="3860724067" /><tag k="highway" v="footway" /><tag k="oneway" v="no" /></way><way id="527" timestamp="2026-03-31T16:39:34Z" uid="1" user="OSMnx" version="1" changeset="1"><nd ref="3860724129" /><nd ref="3860724040" /><tag k="highway" v="footway" /><tag k="oneway" v="no" /></way><way id="528" timestamp="2026-03-31T16:39:34Z" uid="1" user="OSMnx" version="1" changeset="1"><nd ref="3860724129" /><nd ref="3860723699" /><tag k="highway" v="footway" /><tag k="oneway" v="no" /></way><way id="529" timestamp="2026-03-31T16:39:34Z" uid="1" user="OSMnx" version="1" changeset="1"><nd ref="3860724154" /><nd ref="3860724155" /><tag k="highway" v="service" /><tag k="oneway" v="no" /></way><way id="530" timestamp="2026-03-31T16:39:34Z" uid="1" user="OSMnx" version="1" changeset="1"><nd ref="3860724155" /><nd ref="3860723243" /><tag k="highway" v="service" /><tag k="oneway" v="no" /></way><way id="531" timestamp="2026-03-31T16:39:34Z" uid="1" user="OSMnx" version="1" changeset="1"><nd ref="3860724155" /><nd ref="3860724154" /><tag k="highway" v="service" /><tag k="oneway" v="no" /></way><way id="532" timestamp="2026-03-31T16:39:34Z" uid="1" user="OSMnx" version="1" changeset="1"><nd ref="3860724155" /><nd ref="3860724157" /><tag k="highway" v="service" /><tag k="oneway" v="no" /></way><way id="533" timestamp="2026-03-31T16:39:34Z" uid="1" user="OSMnx" version="1" changeset="1"><nd ref="3860724157" /><nd ref="3860724155" /><tag k="highway" v="service" /><tag k="oneway" v="no" /></way><way id="534" timestamp="2026-03-31T16:39:34Z" uid="1" user="OSMnx" version="1" changeset="1"><nd ref="3860724172" /><nd ref="3860723266" /><tag k="highway" v="track" /><tag k="oneway" v="no" /></way><way id="535" timestamp="2026-03-31T16:39:34Z" uid="1" user="OSMnx" version="1" changeset="1"><nd ref="3860724172" /><nd ref="3860722853" /><tag k="highway" v="track" /><tag k="oneway" v="no" /></way><way id="536" timestamp="2026-03-31T16:39:34Z" uid="1" user="OSMnx" version="1" changeset="1"><nd ref="3860724195" /><nd ref="3860723406" /><tag k="highway" v="footway" /><tag k="oneway" v="no" /></way><way id="537" timestamp="2026-03-31T16:39:34Z" uid="1" user="OSMnx" version="1" changeset="1"><nd ref="3860724195" /><nd ref="3860723305" /><tag k="highway" v="footway" /><tag k="oneway" v="no" /></way><way id="538" timestamp="2026-03-31T16:39:34Z" uid="1" user="OSMnx" version="1" changeset="1"><nd ref="3860724198" /><nd ref="3860723623" /><tag k="highway" v="footway" /><tag k="oneway" v="no" /></way><way id="539" timestamp="2026-03-31T16:39:34Z" uid="1" user="OSMnx" version="1" changeset="1"><nd ref="3860724198" /><nd ref="3860724115" /><tag k="highway" v="footway" /><tag k="oneway" v="no" /></way><way id="540" timestamp="2026-03-31T16:39:34Z" uid="1" user="OSMnx" version="1" changeset="1"><nd ref="3860724211" /><nd ref="3860723305" /><tag k="highway" v="footway" /><tag k="oneway" v="no" /></way><way id="541" timestamp="2026-03-31T16:39:34Z" uid="1" user="OSMnx" version="1" changeset="1"><nd ref="3860724211" /><nd ref="3860724057" /><tag k="highway" v="footway" /><tag k="oneway" v="no" /></way><way id="542" timestamp="2026-03-31T16:39:34Z" uid="1" user="OSMnx" version="1" changeset="1"><nd ref="3860724213" /><nd ref="3860724009" /><tag k="highway" v="track" /><tag k="oneway" v="no" /></way><way id="543" timestamp="2026-03-31T16:39:34Z" uid="1" user="OSMnx" version="1" changeset="1"><nd ref="3860724213" /><nd ref="3860724123" /><tag k="highway" v="track" /><tag k="oneway" v="no" /></way><way id="544" timestamp="2026-03-31T16:39:34Z" uid="1" user="OSMnx" version="1" changeset="1"><nd ref="3860724220" /><nd ref="1659009984" /><tag k="highway" v="service" /><tag k="oneway" v="no" /></way><way id="545" timestamp="2026-03-31T16:39:34Z" uid="1" user="OSMnx" version="1" changeset="1"><nd ref="3860724220" /><nd ref="1659009947" /><tag k="highway" v="service" /><tag k="oneway" v="no" /></way><way id="546" timestamp="2026-03-31T16:39:34Z" uid="1" user="OSMnx" version="1" changeset="1"><nd ref="3860724220" /><nd ref="3860723987" /><tag k="highway" v="track" /><tag k="oneway" v="no" /></way><way id="547" timestamp="2026-03-31T16:39:34Z" uid="1" user="OSMnx" version="1" changeset="1"><nd ref="4810103895" /><nd ref="9482908686" /><tag k="highway" v="residential" /><tag k="oneway" v="no" /></way><way id="548" timestamp="2026-03-31T16:39:34Z" uid="1" user="OSMnx" version="1" changeset="1"><nd ref="4810103895" /><nd ref="9482908663" /><tag k="highway" v="service" /><tag k="oneway" v="no" /></way><way id="549" timestamp="2026-03-31T16:39:34Z" uid="1" user="OSMnx" version="1" changeset="1"><nd ref="4810103896" /><nd ref="9482908678" /><tag k="highway" v="residential" /><tag k="oneway" v="no" /></way><way id="550" timestamp="2026-03-31T16:39:34Z" uid="1" user="OSMnx" version="1" changeset="1"><nd ref="4810103896" /><nd ref="9482908684" /><tag k="highway" v="residential" /><tag k="oneway" v="no" /></way><way id="551" timestamp="2026-03-31T16:39:34Z" uid="1" user="OSMnx" version="1" changeset="1"><nd ref="4810103896" /><nd ref="9482908685" /><tag k="highway" v="service" /><tag k="oneway" v="no" /></way><way id="552" timestamp="2026-03-31T16:39:34Z" uid="1" user="OSMnx" version="1" changeset="1"><nd ref="4810103897" /><nd ref="9482908682" /><tag k="highway" v="residential" /><tag k="oneway" v="no" /></way><way id="553" timestamp="2026-03-31T16:39:34Z" uid="1" user="OSMnx" version="1" changeset="1"><nd ref="4810103897" /><nd ref="4810103902" /><tag k="highway" v="service" /><tag k="lanes" v="2" /><tag k="oneway" v="no" /></way><way id="554" timestamp="2026-03-31T16:39:34Z" uid="1" user="OSMnx" version="1" changeset="1"><nd ref="4810103897" /><nd ref="9482908675" /><tag k="highway" v="service" /><tag k="oneway" v="no" /></way><way id="555" timestamp="2026-03-31T16:39:34Z" uid="1" user="OSMnx" version="1" changeset="1"><nd ref="4810103899" /><nd ref="711531321" /><tag k="highway" v="unclassified" /><tag k="name" v="后湖路" /><tag k="oneway" v="no" /></way><way id="556" timestamp="2026-03-31T16:39:34Z" uid="1" user="OSMnx" version="1" changeset="1"><nd ref="4810103899" /><nd ref="9482908692" /><tag k="highway" v="unclassified" /><tag k="name" v="后湖路" /><tag k="oneway" v="no" /></way><way id="557" timestamp="2026-03-31T16:39:34Z" uid="1" user="OSMnx" version="1" changeset="1"><nd ref="4810103902" /><nd ref="9482908693" /><tag k="highway" v="unclassified" /><tag k="name" v="后湖路" /><tag k="oneway" v="no" /></way><way id="558" timestamp="2026-03-31T16:39:34Z" uid="1" user="OSMnx" version="1" changeset="1"><nd ref="4810103902" /><nd ref="711531321" /><tag k="highway" v="unclassified" /><tag k="name" v="后湖路" /><tag k="oneway" v="no" /></way><way id="559" timestamp="2026-03-31T16:39:34Z" uid="1" user="OSMnx" version="1" changeset="1"><nd ref="4810103902" /><nd ref="10026147333" /><tag k="highway" v="cycleway" /><tag k="oneway" v="no" /></way><way id="560" timestamp="2026-03-31T16:39:34Z" uid="1" user="OSMnx" version="1" changeset="1"><nd ref="4810103902" /><nd ref="4810103897" /><tag k="highway" v="service" /><tag k="lanes" v="2" /><tag k="oneway" v="no" /></way><way id="561" timestamp="2026-03-31T16:39:34Z" uid="1" user="OSMnx" version="1" changeset="1"><nd ref="4814789367" /><nd ref="9439734538" /><tag k="highway" v="secondary" /><tag k="lanes" v="2" /><tag k="maxspeed" v="40" /><tag k="oneway" v="yes" /></way><way id="562" timestamp="2026-03-31T16:39:34Z" uid="1" user="OSMnx" version="1" changeset="1"><nd ref="4814789368" /><nd ref="9439734537" /><tag k="highway" v="secondary" /><tag k="lanes" v="2" /><tag k="maxspeed" v="40" /><tag k="oneway" v="yes" /></way><way id="563" timestamp="2026-03-31T16:39:34Z" uid="1" user="OSMnx" version="1" changeset="1"><nd ref="5713570561" /><nd ref="9439882914" /><tag k="highway" v="tertiary" /><tag k="lanes" v="1" /><tag k="maxspeed" v="20" /><tag k="name" v="求知路" /><tag k="oneway" v="yes" /></way><way id="564" timestamp="2026-03-31T16:39:34Z" uid="1" user="OSMnx" version="1" changeset="1"><nd ref="5713570566" /><nd ref="1658690024" /><tag k="highway" v="secondary" /><tag k="lanes" v="2" /><tag k="maxspeed" v="40" /><tag k="name" v="麓山南路" /><tag k="oneway" v="yes" /></way><way id="565" timestamp="2026-03-31T16:39:34Z" uid="1" user="OSMnx" version="1" changeset="1"><nd ref="5713570584" /><nd ref="9493016106" /><tag k="highway" v="residential" /><tag k="oneway" v="no" /></way><way id="566" timestamp="2026-03-31T16:39:34Z" uid="1" user="OSMnx" version="1" changeset="1"><nd ref="5713570584" /><nd ref="9493016116" /><tag k="highway" v="residential" /><tag k="oneway" v="no" /></way><way id="567" timestamp="2026-03-31T16:39:34Z" uid="1" user="OSMnx" version="1" changeset="1"><nd ref="5713570587" /><nd ref="1659009975" /><tag k="highway" v="residential" /><tag k="oneway" v="no" /></way><way id="568" timestamp="2026-03-31T16:39:34Z" uid="1" user="OSMnx" version="1" changeset="1"><nd ref="5713570587" /><nd ref="9493016110" /><tag k="highway" v="residential" /><tag k="oneway" v="no" /></way><way id="569" timestamp="2026-03-31T16:39:34Z" uid="1" user="OSMnx" version="1" changeset="1"><nd ref="5713570587" /><nd ref="5713570588" /><tag k="highway" v="footway" /><tag k="oneway" v="no" /></way><way id="570" timestamp="2026-03-31T16:39:34Z" uid="1" user="OSMnx" version="1" changeset="1"><nd ref="5713570588" /><nd ref="5713570587" /><tag k="highway" v="footway" /><tag k="oneway" v="no" /></way><way id="571" timestamp="2026-03-31T16:39:34Z" uid="1" user="OSMnx" version="1" changeset="1"><nd ref="5713570588" /><nd ref="3846694415" /><tag k="highway" v="footway" /><tag k="oneway" v="no" /></way><way id="572" timestamp="2026-03-31T16:39:34Z" uid="1" user="OSMnx" version="1" changeset="1"><nd ref="5714508503" /><nd ref="9441042942" /><tag k="highway" v="tertiary" /><tag k="lanes" v="2" /><tag k="maxspeed" v="40" /><tag k="name" v="麓山南路" /><tag k="oneway" v="yes" /></way><way id="573" timestamp="2026-03-31T16:39:34Z" uid="1" user="OSMnx" version="1" changeset="1"><nd ref="5716777951" /><nd ref="1658690024" /><tag k="highway" v="secondary" /><tag k="lanes" v="2" /><tag k="maxspeed" v="40" /><tag k="oneway" v="yes" /></way><way id="574" timestamp="2026-03-31T16:39:34Z" uid="1" user="OSMnx" version="1" changeset="1"><nd ref="5716777951" /><nd ref="9439734571" /><tag k="highway" v="secondary" /><tag k="lanes" v="2" /><tag k="name" v="麓山南路" /><tag k="oneway" v="yes" /></way><way id="575" timestamp="2026-03-31T16:39:34Z" uid="1" user="OSMnx" version="1" changeset="1"><nd ref="5716777952" /><nd ref="9439734536" /><tag k="highway" v="secondary" /><tag k="lanes" v="2" /><tag k="maxspeed" v="40" /><tag k="oneway" v="yes" /></way><way id="576" timestamp="2026-03-31T16:39:34Z" uid="1" user="OSMnx" version="1" changeset="1"><nd ref="5717113852" /><nd ref="9492064592" /><tag k="highway" v="residential" /><tag k="oneway" v="yes" /></way><way id="577" timestamp="2026-03-31T16:39:34Z" uid="1" user="OSMnx" version="1" changeset="1"><nd ref="5717652977" /><nd ref="9483371100" /><tag k="highway" v="service" /><tag k="oneway" v="no" /></way><way id="578" timestamp="2026-03-31T16:39:34Z" uid="1" user="OSMnx" version="1" changeset="1"><nd ref="5717652978" /><nd ref="9483371101" /><tag k="highway" v="service" /><tag k="oneway" v="no" /></way><way id="579" timestamp="2026-03-31T16:39:34Z" uid="1" user="OSMnx" version="1" changeset="1"><nd ref="5717652978" /><nd ref="9483371099" /><tag k="highway" v="service" /><tag k="oneway" v="no" /></way><way id="580" timestamp="2026-03-31T16:39:34Z" uid="1" user="OSMnx" version="1" changeset="1"><nd ref="5717652979" /><nd ref="9483371103" /><tag k="highway" v="service" /><tag k="oneway" v="no" /></way><way id="581" timestamp="2026-03-31T16:39:34Z" uid="1" user="OSMnx" version="1" changeset="1"><nd ref="5717652979" /><nd ref="9483371102" /><tag k="highway" v="service" /><tag k="oneway" v="no" /></way><way id="582" timestamp="2026-03-31T16:39:34Z" uid="1" user="OSMnx" version="1" changeset="1"><nd ref="5717652981" /><nd ref="5717652982" /><tag k="highway" v="service" /><tag k="oneway" v="no" /></way><way id="583" timestamp="2026-03-31T16:39:34Z" uid="1" user="OSMnx" version="1" changeset="1"><nd ref="5717652981" /><nd ref="9483371103" /><tag k="highway" v="service" /><tag k="oneway" v="no" /></way><way id="584" timestamp="2026-03-31T16:39:34Z" uid="1" user="OSMnx" version="1" changeset="1"><nd ref="5717652982" /><nd ref="5717652983" /><tag k="highway" v="service" /><tag k="oneway" v="no" /></way><way id="585" timestamp="2026-03-31T16:39:34Z" uid="1" user="OSMnx" version="1" changeset="1"><nd ref="5717652982" /><nd ref="5717652981" /><tag k="highway" v="service" /><tag k="oneway" v="no" /></way><way id="586" timestamp="2026-03-31T16:39:34Z" uid="1" user="OSMnx" version="1" changeset="1"><nd ref="5717652983" /><nd ref="5717652982" /><tag k="highway" v="service" /><tag k="oneway" v="no" /></way><way id="587" timestamp="2026-03-31T16:39:34Z" uid="1" user="OSMnx" version="1" changeset="1"><nd ref="5717652983" /><nd ref="9483371105" /><tag k="highway" v="residential" /><tag k="oneway" v="yes" /></way><way id="588" timestamp="2026-03-31T16:39:34Z" uid="1" user="OSMnx" version="1" changeset="1"><nd ref="5720160976" /><nd ref="9457752901" /><tag k="highway" v="residential" /><tag k="oneway" v="yes" /></way><way id="589" timestamp="2026-03-31T16:39:34Z" uid="1" user="OSMnx" version="1" changeset="1"><nd ref="5720359855" /><nd ref="6050996470" /><tag k="highway" v="footway" /><tag k="name" v="过街天桥" /><tag k="oneway" v="no" /></way><way id="590" timestamp="2026-03-31T16:39:34Z" uid="1" user="OSMnx" version="1" changeset="1"><nd ref="5720359855" /><nd ref="3860143170" /><tag k="highway" v="footway" /><tag k="name" v="过街天桥" /><tag k="oneway" v="no" /></way><way id="591" timestamp="2026-03-31T16:39:34Z" uid="1" user="OSMnx" version="1" changeset="1"><nd ref="5720359856" /><nd ref="1659009977" /><tag k="highway" v="service" /><tag k="oneway" v="no" /></way><way id="592" timestamp="2026-03-31T16:39:34Z" uid="1" user="OSMnx" version="1" changeset="1"><nd ref="5720359856" /><nd ref="1659009965" /><tag k="highway" v="service" /><tag k="oneway" v="no" /></way><way id="593" timestamp="2026-03-31T16:39:34Z" uid="1" user="OSMnx" version="1" changeset="1"><nd ref="5720359857" /><nd ref="3846694421" /><tag k="highway" v="residential" /><tag k="oneway" v="no" /></way><way id="594" timestamp="2026-03-31T16:39:34Z" uid="1" user="OSMnx" version="1" changeset="1"><nd ref="5720359857" /><nd ref="1658726504" /><tag k="highway" v="residential" /><tag k="oneway" v="no" /></way><way id="595" timestamp="2026-03-31T16:39:34Z" uid="1" user="OSMnx" version="1" changeset="1"><nd ref="5720359861" /><nd ref="1659009961" /><tag k="highway" v="service" /><tag k="oneway" v="no" /></way><way id="596" timestamp="2026-03-31T16:39:34Z" uid="1" user="OSMnx" version="1" changeset="1"><nd ref="5720359861" /><nd ref="1659009941" /><tag k="highway" v="service" /><tag k="oneway" v="no" /></way><way id="597" timestamp="2026-03-31T16:39:34Z" uid="1" user="OSMnx" version="1" changeset="1"><nd ref="5720359862" /><nd ref="10994902451" /><tag k="highway" v="residential" /><tag k="lanes" v="2" /><tag k="oneway" v="no" /></way><way id="598" timestamp="2026-03-31T16:39:34Z" uid="1" user="OSMnx" version="1" changeset="1"><nd ref="5720359862" /><nd ref="1659032399" /><tag k="highway" v="residential" /><tag k="lanes" v="2" /><tag k="oneway" v="no" /></way><way id="599" timestamp="2026-03-31T16:39:34Z" uid="1" user="OSMnx" version="1" changeset="1"><nd ref="5720404867" /><nd ref="1659009966" /><tag k="highway" v="residential" /><tag k="oneway" v="no" /></way><way id="600" timestamp="2026-03-31T16:39:34Z" uid="1" user="OSMnx" version="1" changeset="1"><nd ref="5720404867" /><nd ref="9493016111" /><tag k="highway" v="residential" /><tag k="oneway" v="no" /></way><way id="601" timestamp="2026-03-31T16:39:34Z" uid="1" user="OSMnx" version="1" changeset="1"><nd ref="5722864487" /><nd ref="5722864488" /><tag k="highway" v="footway" /><tag k="oneway" v="no" /></way><way id="602" timestamp="2026-03-31T16:39:34Z" uid="1" user="OSMnx" version="1" changeset="1"><nd ref="5722864487" /><nd ref="3846694607" /><tag k="highway" v="footway" /><tag k="oneway" v="no" /></way><way id="603" timestamp="2026-03-31T16:39:34Z" uid="1" user="OSMnx" version="1" changeset="1"><nd ref="5722864488" /><nd ref="5722864489" /><tag k="highway" v="footway" /><tag k="oneway" v="no" /></way><way id="604" timestamp="2026-03-31T16:39:34Z" uid="1" user="OSMnx" version="1" changeset="1"><nd ref="5722864488" /><nd ref="5722864487" /><tag k="highway" v="footway" /><tag k="oneway" v="no" /></way><way id="605" timestamp="2026-03-31T16:39:34Z" uid="1" user="OSMnx" version="1" changeset="1"><nd ref="5722864489" /><nd ref="5722864490" /><tag k="highway" v="footway" /><tag k="oneway" v="no" /></way><way id="606" timestamp="2026-03-31T16:39:34Z" uid="1" user="OSMnx" version="1" changeset="1"><nd ref="5722864489" /><nd ref="5722864488" /><tag k="highway" v="footway" /><tag k="oneway" v="no" /></way><way id="607" timestamp="2026-03-31T16:39:34Z" uid="1" user="OSMnx" version="1" changeset="1"><nd ref="5722864490" /><nd ref="5722864491" /><tag k="highway" v="footway" /><tag k="oneway" v="no" /></way><way id="608" timestamp="2026-03-31T16:39:34Z" uid="1" user="OSMnx" version="1" changeset="1"><nd ref="5722864490" /><nd ref="5722864489" /><tag k="highway" v="footway" /><tag k="oneway" v="no" /></way><way id="609" timestamp="2026-03-31T16:39:34Z" uid="1" user="OSMnx" version="1" changeset="1"><nd ref="5722864491" /><nd ref="5722864492" /><tag k="highway" v="footway" /><tag k="oneway" v="no" /></way><way id="610" timestamp="2026-03-31T16:39:34Z" uid="1" user="OSMnx" version="1" changeset="1"><nd ref="5722864491" /><nd ref="5722864490" /><tag k="highway" v="footway" /><tag k="oneway" v="no" /></way><way id="611" timestamp="2026-03-31T16:39:34Z" uid="1" user="OSMnx" version="1" changeset="1"><nd ref="5722864492" /><nd ref="5722864493" /><tag k="highway" v="footway" /><tag k="oneway" v="no" /></way><way id="612" timestamp="2026-03-31T16:39:34Z" uid="1" user="OSMnx" version="1" changeset="1"><nd ref="5722864492" /><nd ref="5722864491" /><tag k="highway" v="footway" /><tag k="oneway" v="no" /></way><way id="613" timestamp="2026-03-31T16:39:34Z" uid="1" user="OSMnx" version="1" changeset="1"><nd ref="5722864493" /><nd ref="5722864494" /><tag k="highway" v="footway" /><tag k="oneway" v="no" /></way><way id="614" timestamp="2026-03-31T16:39:34Z" uid="1" user="OSMnx" version="1" changeset="1"><nd ref="5722864493" /><nd ref="5722864492" /><tag k="highway" v="footway" /><tag k="oneway" v="no" /></way><way id="615" timestamp="2026-03-31T16:39:34Z" uid="1" user="OSMnx" version="1" changeset="1"><nd ref="5722864494" /><nd ref="5722864495" /><tag k="highway" v="footway" /><tag k="oneway" v="no" /></way><way id="616" timestamp="2026-03-31T16:39:34Z" uid="1" user="OSMnx" version="1" changeset="1"><nd ref="5722864494" /><nd ref="5722864493" /><tag k="highway" v="footway" /><tag k="oneway" v="no" /></way><way id="617" timestamp="2026-03-31T16:39:34Z" uid="1" user="OSMnx" version="1" changeset="1"><nd ref="5722864495" /><nd ref="5722864496" /><tag k="highway" v="footway" /><tag k="oneway" v="no" /></way><way id="618" timestamp="2026-03-31T16:39:34Z" uid="1" user="OSMnx" version="1" changeset="1"><nd ref="5722864495" /><nd ref="5722864494" /><tag k="highway" v="footway" /><tag k="oneway" v="no" /></way><way id="619" timestamp="2026-03-31T16:39:34Z" uid="1" user="OSMnx" version="1" changeset="1"><nd ref="5722864496" /><nd ref="3846694282" /><tag k="highway" v="footway" /><tag k="oneway" v="no" /></way><way id="620" timestamp="2026-03-31T16:39:34Z" uid="1" user="OSMnx" version="1" changeset="1"><nd ref="5722864496" /><nd ref="5722864495" /><tag k="highway" v="footway" /><tag k="oneway" v="no" /></way><way id="621" timestamp="2026-03-31T16:39:34Z" uid="1" user="OSMnx" version="1" changeset="1"><nd ref="5722864497" /><nd ref="5722864498" /><tag k="highway" v="footway" /><tag k="oneway" v="no" /></way><way id="622" timestamp="2026-03-31T16:39:34Z" uid="1" user="OSMnx" version="1" changeset="1"><nd ref="5722864497" /><nd ref="3846694282" /><tag k="highway" v="footway" /><tag k="oneway" v="no" /></way><way id="623" timestamp="2026-03-31T16:39:34Z" uid="1" user="OSMnx" version="1" changeset="1"><nd ref="5722864498" /><nd ref="5722864499" /><tag k="highway" v="footway" /><tag k="oneway" v="no" /></way><way id="624" timestamp="2026-03-31T16:39:34Z" uid="1" user="OSMnx" version="1" changeset="1"><nd ref="5722864498" /><nd ref="5722864497" /><tag k="highway" v="footway" /><tag k="oneway" v="no" /></way><way id="625" timestamp="2026-03-31T16:39:34Z" uid="1" user="OSMnx" version="1" changeset="1"><nd ref="5722864499" /><nd ref="5722864500" /><tag k="highway" v="footway" /><tag k="oneway" v="no" /></way><way id="626" timestamp="2026-03-31T16:39:34Z" uid="1" user="OSMnx" version="1" changeset="1"><nd ref="5722864499" /><nd ref="5722864498" /><tag k="highway" v="footway" /><tag k="oneway" v="no" /></way><way id="627" timestamp="2026-03-31T16:39:34Z" uid="1" user="OSMnx" version="1" changeset="1"><nd ref="5722864500" /><nd ref="1659009988" /><tag k="highway" v="footway" /><tag k="oneway" v="no" /></way><way id="628" timestamp="2026-03-31T16:39:34Z" uid="1" user="OSMnx" version="1" changeset="1"><nd ref="5722864500" /><nd ref="5722864499" /><tag k="highway" v="footway" /><tag k="oneway" v="no" /></way><way id="629" timestamp="2026-03-31T16:39:34Z" uid="1" user="OSMnx" version="1" changeset="1"><nd ref="5722864501" /><nd ref="5722864502" /><tag k="highway" v="footway" /><tag k="oneway" v="no" /></way><way id="630" timestamp="2026-03-31T16:39:34Z" uid="1" user="OSMnx" version="1" changeset="1"><nd ref="5722864501" /><nd ref="1659009988" /><tag k="highway" v="footway" /><tag k="oneway" v="no" /></way><way id="631" timestamp="2026-03-31T16:39:34Z" uid="1" user="OSMnx" version="1" changeset="1"><nd ref="5722864502" /><nd ref="5722864503" /><tag k="highway" v="footway" /><tag k="oneway" v="no" /></way><way id="632" timestamp="2026-03-31T16:39:34Z" uid="1" user="OSMnx" version="1" changeset="1"><nd ref="5722864502" /><nd ref="5722864501" /><tag k="highway" v="footway" /><tag k="oneway" v="no" /></way><way id="633" timestamp="2026-03-31T16:39:34Z" uid="1" user="OSMnx" version="1" changeset="1"><nd ref="5722864503" /><nd ref="5722864504" /><tag k="highway" v="footway" /><tag k="oneway" v="no" /></way><way id="634" timestamp="2026-03-31T16:39:34Z" uid="1" user="OSMnx" version="1" changeset="1"><nd ref="5722864503" /><nd ref="5722864502" /><tag k="highway" v="footway" /><tag k="oneway" v="no" /></way><way id="635" timestamp="2026-03-31T16:39:34Z" uid="1" user="OSMnx" version="1" changeset="1"><nd ref="5722864504" /><nd ref="5722864505" /><tag k="highway" v="footway" /><tag k="oneway" v="no" /></way><way id="636" timestamp="2026-03-31T16:39:34Z" uid="1" user="OSMnx" version="1" changeset="1"><nd ref="5722864504" /><nd ref="5722864503" /><tag k="highway" v="footway" /><tag k="oneway" v="no" /></way><way id="637" timestamp="2026-03-31T16:39:34Z" uid="1" user="OSMnx" version="1" changeset="1"><nd ref="5722864505" /><nd ref="5722864506" /><tag k="highway" v="footway" /><tag k="oneway" v="no" /></way><way id="638" timestamp="2026-03-31T16:39:34Z" uid="1" user="OSMnx" version="1" changeset="1"><nd ref="5722864505" /><nd ref="5722864504" /><tag k="highway" v="footway" /><tag k="oneway" v="no" /></way><way id="639" timestamp="2026-03-31T16:39:34Z" uid="1" user="OSMnx" version="1" changeset="1"><nd ref="5722864506" /><nd ref="5722864507" /><tag k="highway" v="footway" /><tag k="oneway" v="no" /></way><way id="640" timestamp="2026-03-31T16:39:34Z" uid="1" user="OSMnx" version="1" changeset="1"><nd ref="5722864506" /><nd ref="5722864505" /><tag k="highway" v="footway" /><tag k="oneway" v="no" /></way><way id="641" timestamp="2026-03-31T16:39:34Z" uid="1" user="OSMnx" version="1" changeset="1"><nd ref="5722864507" /><nd ref="5722864508" /><tag k="highway" v="footway" /><tag k="oneway" v="no" /></way><way id="642" timestamp="2026-03-31T16:39:34Z" uid="1" user="OSMnx" version="1" changeset="1"><nd ref="5722864507" /><nd ref="5722864506" /><tag k="highway" v="footway" /><tag k="oneway" v="no" /></way><way id="643" timestamp="2026-03-31T16:39:34Z" uid="1" user="OSMnx" version="1" changeset="1"><nd ref="5722864508" /><nd ref="5722864509" /><tag k="highway" v="footway" /><tag k="oneway" v="no" /></way><way id="644" timestamp="2026-03-31T16:39:34Z" uid="1" user="OSMnx" version="1" changeset="1"><nd ref="5722864508" /><nd ref="5722864507" /><tag k="highway" v="footway" /><tag k="oneway" v="no" /></way><way id="645" timestamp="2026-03-31T16:39:34Z" uid="1" user="OSMnx" version="1" changeset="1"><nd ref="5722864509" /><nd ref="5722864510" /><tag k="highway" v="footway" /><tag k="oneway" v="no" /></way><way id="646" timestamp="2026-03-31T16:39:34Z" uid="1" user="OSMnx" version="1" changeset="1"><nd ref="5722864509" /><nd ref="5722864508" /><tag k="highway" v="footway" /><tag k="oneway" v="no" /></way><way id="647" timestamp="2026-03-31T16:39:34Z" uid="1" user="OSMnx" version="1" changeset="1"><nd ref="5722864510" /><nd ref="5722864511" /><tag k="highway" v="footway" /><tag k="oneway" v="no" /></way><way id="648" timestamp="2026-03-31T16:39:34Z" uid="1" user="OSMnx" version="1" changeset="1"><nd ref="5722864510" /><nd ref="5722864509" /><tag k="highway" v="footway" /><tag k="oneway" v="no" /></way><way id="649" timestamp="2026-03-31T16:39:34Z" uid="1" user="OSMnx" version="1" changeset="1"><nd ref="5722864511" /><nd ref="9492064637" /><tag k="highway" v="footway" /><tag k="oneway" v="no" /></way><way id="650" timestamp="2026-03-31T16:39:34Z" uid="1" user="OSMnx" version="1" changeset="1"><nd ref="5722864511" /><nd ref="5722864510" /><tag k="highway" v="footway" /><tag k="oneway" v="no" /></way><way id="651" timestamp="2026-03-31T16:39:34Z" uid="1" user="OSMnx" version="1" changeset="1"><nd ref="5722864512" /><nd ref="5722864513" /><tag k="highway" v="footway" /><tag k="oneway" v="no" /></way><way id="652" timestamp="2026-03-31T16:39:34Z" uid="1" user="OSMnx" version="1" changeset="1"><nd ref="5722864512" /><nd ref="9492064637" /><tag k="highway" v="footway" /><tag k="oneway" v="no" /></way><way id="653" timestamp="2026-03-31T16:39:34Z" uid="1" user="OSMnx" version="1" changeset="1"><nd ref="5722864513" /><nd ref="9492064636" /><tag k="highway" v="footway" /><tag k="oneway" v="no" /></way><way id="654" timestamp="2026-03-31T16:39:34Z" uid="1" user="OSMnx" version="1" changeset="1"><nd ref="5722864513" /><nd ref="5722864512" /><tag k="highway" v="footway" /><tag k="oneway" v="no" /></way><way id="655" timestamp="2026-03-31T16:39:34Z" uid="1" user="OSMnx" version="1" changeset="1"><nd ref="5722864514" /><nd ref="5722864515" /><tag k="highway" v="footway" /><tag k="oneway" v="no" /></way><way id="656" timestamp="2026-03-31T16:39:34Z" uid="1" user="OSMnx" version="1" changeset="1"><nd ref="5722864514" /><nd ref="9492064635" /><tag k="highway" v="footway" /><tag k="oneway" v="no" /></way><way id="657" timestamp="2026-03-31T16:39:34Z" uid="1" user="OSMnx" version="1" changeset="1"><nd ref="5722864515" /><nd ref="5722864514" /><tag k="highway" v="footway" /><tag k="oneway" v="no" /></way><way id="658" timestamp="2026-03-31T16:39:34Z" uid="1" user="OSMnx" version="1" changeset="1"><nd ref="5722864515" /><nd ref="9490764414" /><tag k="highway" v="residential" /><tag k="oneway" v="yes" /></way><way id="659" timestamp="2026-03-31T16:39:34Z" uid="1" user="OSMnx" version="1" changeset="1"><nd ref="5722872479" /><nd ref="9439734552" /><tag k="highway" v="secondary" /><tag k="lanes" v="2" /><tag k="maxspeed" v="40" /><tag k="oneway" v="yes" /></way><way id="660" timestamp="2026-03-31T16:39:34Z" uid="1" user="OSMnx" version="1" changeset="1"><nd ref="6050996470" /><nd ref="3860143359" /><tag k="highway" v="footway" /><tag k="name" v="过街天桥" /><tag k="oneway" v="no" /></way><way id="661" timestamp="2026-03-31T16:39:34Z" uid="1" user="OSMnx" version="1" changeset="1"><nd ref="6050996470" /><nd ref="5720359855" /><tag k="highway" v="footway" /><tag k="name" v="过街天桥" /><tag k="oneway" v="no" /></way><way id="662" timestamp="2026-03-31T16:39:34Z" uid="1" user="OSMnx" version="1" changeset="1"><nd ref="6187750955" /><nd ref="6187750957" /><tag k="highway" v="service" /><tag k="oneway" v="no" /></way><way id="663" timestamp="2026-03-31T16:39:34Z" uid="1" user="OSMnx" version="1" changeset="1"><nd ref="6187750955" /><nd ref="12019966721" /><tag k="highway" v="service" /><tag k="oneway" v="no" /></way><way id="664" timestamp="2026-03-31T16:39:34Z" uid="1" user="OSMnx" version="1" changeset="1"><nd ref="6187750957" /><nd ref="9483371115" /><tag k="highway" v="service" /><tag k="oneway" v="no" /></way><way id="665" timestamp="2026-03-31T16:39:34Z" uid="1" user="OSMnx" version="1" changeset="1"><nd ref="6187750957" /><nd ref="6187750955" /><tag k="highway" v="service" /><tag k="oneway" v="no" /></way><way id="666" timestamp="2026-03-31T16:39:34Z" uid="1" user="OSMnx" version="1" changeset="1"><nd ref="6187750958" /><nd ref="6187750959" /><tag k="highway" v="service" /><tag k="oneway" v="no" /></way><way id="667" timestamp="2026-03-31T16:39:34Z" uid="1" user="OSMnx" version="1" changeset="1"><nd ref="6187750958" /><nd ref="9483371115" /><tag k="highway" v="service" /><tag k="oneway" v="no" /></way><way id="668" timestamp="2026-03-31T16:39:34Z" uid="1" user="OSMnx" version="1" changeset="1"><nd ref="6187750959" /><nd ref="13335540744" /><tag k="highway" v="service" /><tag k="oneway" v="no" /></way><way id="669" timestamp="2026-03-31T16:39:34Z" uid="1" user="OSMnx" version="1" changeset="1"><nd ref="6187750959" /><nd ref="6187750958" /><tag k="highway" v="service" /><tag k="oneway" v="no" /></way><way id="670" timestamp="2026-03-31T16:39:34Z" uid="1" user="OSMnx" version="1" changeset="1"><nd ref="6187750960" /><nd ref="9483371119" /><tag k="highway" v="service" /><tag k="oneway" v="no" /></way><way id="671" timestamp="2026-03-31T16:39:34Z" uid="1" user="OSMnx" version="1" changeset="1"><nd ref="8977736240" /><nd ref="3860723703" /><tag k="highway" v="steps" /><tag k="oneway" v="no" /></way><way id="672" timestamp="2026-03-31T16:39:34Z" uid="1" user="OSMnx" version="1" changeset="1"><nd ref="8977736240" /><nd ref="3860723695" /><tag k="highway" v="steps" /><tag k="oneway" v="no" /></way><way id="673" timestamp="2026-03-31T16:39:34Z" uid="1" user="OSMnx" version="1" changeset="1"><nd ref="8977736241" /><nd ref="711531320" /><tag k="highway" v="unclassified" /><tag k="name" v="后湖路" /><tag k="oneway" v="no" /></way><way id="674" timestamp="2026-03-31T16:39:34Z" uid="1" user="OSMnx" version="1" changeset="1"><nd ref="8977736241" /><nd ref="711531319" /><tag k="highway" v="unclassified" /><tag k="name" v="后湖路" /><tag k="oneway" v="no" /></way><way id="675" timestamp="2026-03-31T16:39:34Z" uid="1" user="OSMnx" version="1" changeset="1"><nd ref="8977736248" /><nd ref="1659032475" /><tag k="highway" v="service" /><tag k="oneway" v="no" /></way><way id="676" timestamp="2026-03-31T16:39:34Z" uid="1" user="OSMnx" version="1" changeset="1"><nd ref="8977736250" /><nd ref="9490553996" /><tag k="highway" v="service" /><tag k="oneway" v="no" /></way><way id="677" timestamp="2026-03-31T16:39:34Z" uid="1" user="OSMnx" version="1" changeset="1"><nd ref="8977736250" /><nd ref="9490553984" /><tag k="highway" v="service" /><tag k="oneway" v="no" /></way><way id="678" timestamp="2026-03-31T16:39:34Z" uid="1" user="OSMnx" version="1" changeset="1"><nd ref="8977736250" /><nd ref="9490553997" /><tag k="highway" v="residential" /><tag k="oneway" v="no" /></way><way id="679" timestamp="2026-03-31T16:39:34Z" uid="1" user="OSMnx" version="1" changeset="1"><nd ref="8977736251" /><nd ref="9493053142" /><tag k="highway" v="residential" /><tag k="oneway" v="no" /></way><way id="680" timestamp="2026-03-31T16:39:34Z" uid="1" user="OSMnx" version="1" changeset="1"><nd ref="8977736251" /><nd ref="1659032538" /><tag k="highway" v="residential" /><tag k="oneway" v="no" /></way><way id="681" timestamp="2026-03-31T16:39:34Z" uid="1" user="OSMnx" version="1" changeset="1"><nd ref="8977736252" /><nd ref="9493016103" /><tag k="highway" v="residential" /><tag k="oneway" v="no" /></way><way id="682" timestamp="2026-03-31T16:39:34Z" uid="1" user="OSMnx" version="1" changeset="1"><nd ref="8977736252" /><nd ref="8977736253" /><tag k="highway" v="residential" /><tag k="oneway" v="no" /></way><way id="683" timestamp="2026-03-31T16:39:34Z" uid="1" user="OSMnx" version="1" changeset="1"><nd ref="8977736253" /><nd ref="8977736252" /><tag k="highway" v="residential" /><tag k="oneway" v="no" /></way><way id="684" timestamp="2026-03-31T16:39:34Z" uid="1" user="OSMnx" version="1" changeset="1"><nd ref="8977736253" /><nd ref="9493053144" /><tag k="highway" v="residential" /><tag k="oneway" v="no" /></way><way id="685" timestamp="2026-03-31T16:39:34Z" uid="1" user="OSMnx" version="1" changeset="1"><nd ref="8977736254" /><nd ref="3846694286" /><tag k="highway" v="service" /><tag k="oneway" v="no" /></way><way id="686" timestamp="2026-03-31T16:39:34Z" uid="1" user="OSMnx" version="1" changeset="1"><nd ref="8977736254" /><nd ref="1659032538" /><tag k="highway" v="residential" /><tag k="oneway" v="no" /></way><way id="687" timestamp="2026-03-31T16:39:34Z" uid="1" user="OSMnx" version="1" changeset="1"><nd ref="8977736254" /><nd ref="9512737283" /><tag k="highway" v="residential" /><tag k="oneway" v="no" /></way><way id="688" timestamp="2026-03-31T16:39:34Z" uid="1" user="OSMnx" version="1" changeset="1"><nd ref="8977736260" /><nd ref="9439734545" /><tag k="highway" v="secondary" /><tag k="lanes" v="2" /><tag k="maxspeed" v="40" /><tag k="oneway" v="yes" /></way><way id="689" timestamp="2026-03-31T16:39:34Z" uid="1" user="OSMnx" version="1" changeset="1"><nd ref="8977736265" /><nd ref="9490764405" /><tag k="highway" v="secondary" /><tag k="lanes" v="2" /><tag k="maxspeed" v="40" /><tag k="oneway" v="yes" /></way><way id="690" timestamp="2026-03-31T16:39:34Z" uid="1" user="OSMnx" version="1" changeset="1"><nd ref="8977736266" /><nd ref="1658988812" /><tag k="highway" v="secondary" /><tag k="lanes" v="2" /><tag k="maxspeed" v="40" /><tag k="oneway" v="yes" /></way><way id="691" timestamp="2026-03-31T16:39:34Z" uid="1" user="OSMnx" version="1" changeset="1"><nd ref="8977736267" /><nd ref="1658988787" /><tag k="highway" v="secondary" /><tag k="lanes" v="2" /><tag k="maxspeed" v="40" /><tag k="oneway" v="yes" /></way><way id="692" timestamp="2026-03-31T16:39:34Z" uid="1" user="OSMnx" version="1" changeset="1"><nd ref="8977736268" /><nd ref="4814789367" /><tag k="highway" v="secondary" /><tag k="lanes" v="2" /><tag k="maxspeed" v="40" /><tag k="oneway" v="yes" /></way><way id="693" timestamp="2026-03-31T16:39:34Z" uid="1" user="OSMnx" version="1" changeset="1"><nd ref="8977736269" /><nd ref="9439734541" /><tag k="highway" v="secondary" /><tag k="lanes" v="2" /><tag k="maxspeed" v="40" /><tag k="oneway" v="yes" /></way><way id="694" timestamp="2026-03-31T16:39:34Z" uid="1" user="OSMnx" version="1" changeset="1"><nd ref="8984992940" /><nd ref="3846694304" /><tag k="highway" v="footway" /><tag k="oneway" v="no" /></way><way id="695" timestamp="2026-03-31T16:39:34Z" uid="1" user="OSMnx" version="1" changeset="1"><nd ref="8984992940" /><nd ref="3846694427" /><tag k="highway" v="footway" /><tag k="oneway" v="no" /></way><way id="696" timestamp="2026-03-31T16:39:34Z" uid="1" user="OSMnx" version="1" changeset="1"><nd ref="9093956756" /><nd ref="9466479466" /><tag k="highway" v="secondary" /><tag k="lanes" v="4" /><tag k="name" v="后湖路" /><tag k="oneway" v="yes" /></way><way id="697" timestamp="2026-03-31T16:39:34Z" uid="1" user="OSMnx" version="1" changeset="1"><nd ref="9093956757" /><nd ref="9466479467" /><tag k="highway" v="secondary" /><tag k="lanes" v="4" /><tag k="name" v="后湖路" /><tag k="oneway" v="yes" /></way><way id="698" timestamp="2026-03-31T16:39:34Z" uid="1" user="OSMnx" version="1" changeset="1"><nd ref="9093956758" /><nd ref="9466479468" /><tag k="highway" v="secondary" /><tag k="lanes" v="4" /><tag k="name" v="后湖路" /><tag k="oneway" v="yes" /></way><way id="699" timestamp="2026-03-31T16:39:34Z" uid="1" user="OSMnx" version="1" changeset="1"><nd ref="9093956767" /><nd ref="9466479474" /><tag k="highway" v="secondary" /><tag k="lanes" v="4" /><tag k="name" v="后湖路" /><tag k="oneway" v="yes" /></way><way id="700" timestamp="2026-03-31T16:39:34Z" uid="1" user="OSMnx" version="1" changeset="1"><nd ref="9093956768" /><nd ref="9466479501" /><tag k="highway" v="secondary" /><tag k="lanes" v="4" /><tag k="name" v="后湖路" /><tag k="oneway" v="yes" /></way><way id="701" timestamp="2026-03-31T16:39:34Z" uid="1" user="OSMnx" version="1" changeset="1"><nd ref="9093956769" /><nd ref="9466479505" /><tag k="highway" v="secondary" /><tag k="lanes" v="4" /><tag k="name" v="后湖路" /><tag k="oneway" v="yes" /></way><way id="702" timestamp="2026-03-31T16:39:34Z" uid="1" user="OSMnx" version="1" changeset="1"><nd ref="9093956770" /><nd ref="9466479516" /><tag k="highway" v="secondary" /><tag k="lanes" v="4" /><tag k="name" v="后湖路" /><tag k="oneway" v="yes" /></way><way id="703" timestamp="2026-03-31T16:39:34Z" uid="1" user="OSMnx" version="1" changeset="1"><nd ref="9093956785" /><nd ref="10026147315" /><tag k="highway" v="cycleway" /><tag k="oneway" v="no" /></way><way id="704" timestamp="2026-03-31T16:39:34Z" uid="1" user="OSMnx" version="1" changeset="1"><nd ref="9093956785" /><nd ref="10026147313" /><tag k="highway" v="cycleway" /><tag k="oneway" v="no" /></way><way id="705" timestamp="2026-03-31T16:39:34Z" uid="1" user="OSMnx" version="1" changeset="1"><nd ref="9093956785" /><nd ref="10026147310" /><tag k="highway" v="footway" /><tag k="oneway" v="no" /></way><way id="706" timestamp="2026-03-31T16:39:34Z" uid="1" user="OSMnx" version="1" changeset="1"><nd ref="9093956785" /><nd ref="10026147314" /><tag k="highway" v="cycleway" /><tag k="oneway" v="no" /></way><way id="707" timestamp="2026-03-31T16:39:34Z" uid="1" user="OSMnx" version="1" changeset="1"><nd ref="9299427885" /><nd ref="9492994590" /><tag k="highway" v="service" /><tag k="oneway" v="no" /></way><way id="708" timestamp="2026-03-31T16:39:34Z" uid="1" user="OSMnx" version="1" changeset="1"><nd ref="9336861716" /><nd ref="690136812" /><tag k="highway" v="unclassified" /><tag k="oneway" v="no" /></way><way id="709" timestamp="2026-03-31T16:39:34Z" uid="1" user="OSMnx" version="1" changeset="1"><nd ref="9336861716" /><nd ref="9336869217" /><tag k="highway" v="unclassified" /><tag k="oneway" v="no" /></way><way id="710" timestamp="2026-03-31T16:39:34Z" uid="1" user="OSMnx" version="1" changeset="1"><nd ref="9336869217" /><nd ref="9336861716" /><tag k="highway" v="unclassified" /><tag k="oneway" v="no" /></way><way id="711" timestamp="2026-03-31T16:39:34Z" uid="1" user="OSMnx" version="1" changeset="1"><nd ref="9336869217" /><nd ref="9336869218" /><tag k="highway" v="unclassified" /><tag k="oneway" v="no" /></way><way id="712" timestamp="2026-03-31T16:39:34Z" uid="1" user="OSMnx" version="1" changeset="1"><nd ref="9336869218" /><nd ref="9466479515" /><tag k="highway" v="secondary" /><tag k="lanes" v="4" /><tag k="name" v="后湖路" /><tag k="oneway" v="yes" /></way><way id="713" timestamp="2026-03-31T16:39:34Z" uid="1" user="OSMnx" version="1" changeset="1"><nd ref="9336869218" /><nd ref="9336869217" /><tag k="highway" v="unclassified" /><tag k="oneway" v="no" /></way><way id="714" timestamp="2026-03-31T16:39:34Z" uid="1" user="OSMnx" version="1" changeset="1"><nd ref="9439621899" /><nd ref="9439734570" /><tag k="highway" v="secondary" /><tag k="lanes" v="2" /><tag k="maxspeed" v="40" /><tag k="name" v="麓山南路" /><tag k="oneway" v="yes" /></way><way id="715" timestamp="2026-03-31T16:39:34Z" uid="1" user="OSMnx" version="1" changeset="1"><nd ref="9439621916" /><nd ref="9439734565" /><tag k="highway" v="secondary" /><tag k="lanes" v="2" /><tag k="maxspeed" v="40" /><tag k="oneway" v="yes" /></way><way id="716" timestamp="2026-03-31T16:39:34Z" uid="1" user="OSMnx" version="1" changeset="1"><nd ref="9439673317" /><nd ref="9439673320" /><tag k="highway" v="secondary" /><tag k="lanes" v="2" /><tag k="maxspeed" v="40" /><tag k="oneway" v="yes" /></way><way id="717" timestamp="2026-03-31T16:39:34Z" uid="1" user="OSMnx" version="1" changeset="1"><nd ref="9439673318" /><nd ref="5716777952" /><tag k="highway" v="secondary" /><tag k="lanes" v="2" /><tag k="maxspeed" v="40" /><tag k="oneway" v="yes" /></way><way id="718" timestamp="2026-03-31T16:39:34Z" uid="1" user="OSMnx" version="1" changeset="1"><nd ref="9439673319" /><nd ref="9440261549" /><tag k="highway" v="secondary" /><tag k="lanes" v="2" /><tag k="maxspeed" v="40" /><tag k="oneway" v="yes" /></way><way id="719" timestamp="2026-03-31T16:39:34Z" uid="1" user="OSMnx" version="1" changeset="1"><nd ref="9439673320" /><nd ref="9439673319" /><tag k="highway" v="secondary" /><tag k="lanes" v="2" /><tag k="maxspeed" v="40" /><tag k="oneway" v="yes" /></way><way id="720" timestamp="2026-03-31T16:39:34Z" uid="1" user="OSMnx" version="1" changeset="1"><nd ref="9439673321" /><nd ref="9439673322" /><tag k="highway" v="secondary" /><tag k="lanes" v="2" /><tag k="maxspeed" v="40" /><tag k="oneway" v="yes" /></way><way id="721" timestamp="2026-03-31T16:39:34Z" uid="1" user="OSMnx" version="1" changeset="1"><nd ref="9439673322" /><nd ref="9439621916" /><tag k="highway" v="secondary" /><tag k="lanes" v="2" /><tag k="maxspeed" v="40" /><tag k="oneway" v="yes" /></way><way id="722" timestamp="2026-03-31T16:39:34Z" uid="1" user="OSMnx" version="1" changeset="1"><nd ref="9439673323" /><nd ref="5716777951" /><tag k="highway" v="secondary" /><tag k="lanes" v="2" /><tag k="name" v="麓山南路" /><tag k="oneway" v="yes" /></way><way id="723" timestamp="2026-03-31T16:39:34Z" uid="1" user="OSMnx" version="1" changeset="1"><nd ref="9439673323" /><nd ref="9439673345" /><tag k="highway" v="secondary" /><tag k="lanes" v="2" /><tag k="maxspeed" v="40" /><tag k="name" v="清水路" /><tag k="oneway" v="yes" /></way><way id="724" timestamp="2026-03-31T16:39:34Z" uid="1" user="OSMnx" version="1" changeset="1"><nd ref="9439673324" /><nd ref="9439734581" /><tag k="highway" v="tertiary" /><tag k="lanes" v="1" /><tag k="name" v="麓山南路" /><tag k="oneway" v="yes" /></way><way id="725" timestamp="2026-03-31T16:39:34Z" uid="1" user="OSMnx" version="1" changeset="1"><nd ref="9439673325" /><nd ref="9439673329" /><tag k="highway" v="secondary" /><tag k="maxspeed" v="5" /><tag k="oneway" v="yes" /></way><way id="726" timestamp="2026-03-31T16:39:34Z" uid="1" user="OSMnx" version="1" changeset="1"><nd ref="9439673326" /><nd ref="9439673342" /><tag k="highway" v="secondary" /><tag k="maxspeed" v="5" /><tag k="oneway" v="yes" /></way><way id="727" timestamp="2026-03-31T16:39:34Z" uid="1" user="OSMnx" version="1" changeset="1"><nd ref="9439673327" /><nd ref="9439673339" /><tag k="highway" v="secondary" /><tag k="maxspeed" v="5" /><tag k="oneway" v="yes" /></way><way id="728" timestamp="2026-03-31T16:39:34Z" uid="1" user="OSMnx" version="1" changeset="1"><nd ref="9439673328" /><nd ref="9439673340" /><tag k="highway" v="secondary" /><tag k="maxspeed" v="5" /><tag k="oneway" v="yes" /></way><way id="729" timestamp="2026-03-31T16:39:34Z" uid="1" user="OSMnx" version="1" changeset="1"><nd ref="9439673329" /><nd ref="9439882916" /><tag k="highway" v="secondary" /><tag k="maxspeed" v="5" /><tag k="oneway" v="yes" /></way><way id="730" timestamp="2026-03-31T16:39:34Z" uid="1" user="OSMnx" version="1" changeset="1"><nd ref="9439673330" /><nd ref="9439882915" /><tag k="highway" v="secondary" /><tag k="maxspeed" v="5" /><tag k="oneway" v="yes" /></way><way id="731" timestamp="2026-03-31T16:39:34Z" uid="1" user="OSMnx" version="1" changeset="1"><nd ref="9439673331" /><nd ref="9439673332" /><tag k="highway" v="secondary" /><tag k="maxspeed" v="5" /><tag k="oneway" v="yes" /></way><way id="732" timestamp="2026-03-31T16:39:34Z" uid="1" user="OSMnx" version="1" changeset="1"><nd ref="9439673332" /><nd ref="9439673333" /><tag k="highway" v="secondary" /><tag k="maxspeed" v="5" /><tag k="oneway" v="yes" /></way><way id="733" timestamp="2026-03-31T16:39:34Z" uid="1" user="OSMnx" version="1" changeset="1"><nd ref="9439673333" /><nd ref="9439673334" /><tag k="highway" v="secondary" /><tag k="maxspeed" v="5" /><tag k="oneway" v="yes" /></way><way id="734" timestamp="2026-03-31T16:39:34Z" uid="1" user="OSMnx" version="1" changeset="1"><nd ref="9439673333" /><nd ref="9439673358" /><tag k="highway" v="secondary_link" /><tag k="oneway" v="yes" /></way><way id="735" timestamp="2026-03-31T16:39:34Z" uid="1" user="OSMnx" version="1" changeset="1"><nd ref="9439673334" /><nd ref="9439673335" /><tag k="highway" v="secondary" /><tag k="maxspeed" v="5" /><tag k="oneway" v="yes" /></way><way id="736" timestamp="2026-03-31T16:39:34Z" uid="1" user="OSMnx" version="1" changeset="1"><nd ref="9439673335" /><nd ref="9439673336" /><tag k="highway" v="secondary" /><tag k="maxspeed" v="5" /><tag k="oneway" v="yes" /></way><way id="737" timestamp="2026-03-31T16:39:34Z" uid="1" user="OSMnx" version="1" changeset="1"><nd ref="9439673336" /><nd ref="9439734574" /><tag k="highway" v="secondary" /><tag k="maxspeed" v="5" /><tag k="oneway" v="yes" /></way><way id="738" timestamp="2026-03-31T16:39:34Z" uid="1" user="OSMnx" version="1" changeset="1"><nd ref="9439673336" /><nd ref="9439673349" /><tag k="highway" v="secondary" /><tag k="lanes" v="2" /><tag k="maxspeed" v="40" /><tag k="name" v="清水路" /><tag k="oneway" v="yes" /></way><way id="739" timestamp="2026-03-31T16:39:34Z" uid="1" user="OSMnx" version="1" changeset="1"><nd ref="9439673337" /><nd ref="9439673338" /><tag k="highway" v="secondary" /><tag k="maxspeed" v="5" /><tag k="oneway" v="yes" /></way><way id="740" timestamp="2026-03-31T16:39:34Z" uid="1" user="OSMnx" version="1" changeset="1"><nd ref="9439673338" /><nd ref="9439673327" /><tag k="highway" v="secondary" /><tag k="maxspeed" v="5" /><tag k="oneway" v="yes" /></way><way id="741" timestamp="2026-03-31T16:39:34Z" uid="1" user="OSMnx" version="1" changeset="1"><nd ref="9439673339" /><nd ref="9439734575" /><tag k="highway" v="secondary" /><tag k="maxspeed" v="5" /><tag k="oneway" v="yes" /></way><way id="742" timestamp="2026-03-31T16:39:34Z" uid="1" user="OSMnx" version="1" changeset="1"><nd ref="9439673340" /><nd ref="2277900399" /><tag k="highway" v="secondary" /><tag k="maxspeed" v="5" /><tag k="oneway" v="yes" /></way><way id="743" timestamp="2026-03-31T16:39:34Z" uid="1" user="OSMnx" version="1" changeset="1"><nd ref="9439673341" /><nd ref="9439673326" /><tag k="highway" v="secondary" /><tag k="maxspeed" v="5" /><tag k="oneway" v="yes" /></way><way id="744" timestamp="2026-03-31T16:39:34Z" uid="1" user="OSMnx" version="1" changeset="1"><nd ref="9439673342" /><nd ref="2277900401" /><tag k="highway" v="secondary" /><tag k="maxspeed" v="5" /><tag k="oneway" v="yes" /></way><way id="745" timestamp="2026-03-31T16:39:34Z" uid="1" user="OSMnx" version="1" changeset="1"><nd ref="9439673343" /><nd ref="9439882926" /><tag k="highway" v="secondary" /><tag k="maxspeed" v="5" /><tag k="oneway" v="yes" /></way><way id="746" timestamp="2026-03-31T16:39:34Z" uid="1" user="OSMnx" version="1" changeset="1"><nd ref="9439673344" /><nd ref="9439673325" /><tag k="highway" v="secondary" /><tag k="maxspeed" v="5" /><tag k="oneway" v="yes" /></way><way id="747" timestamp="2026-03-31T16:39:34Z" uid="1" user="OSMnx" version="1" changeset="1"><nd ref="9439673345" /><nd ref="9439673346" /><tag k="highway" v="secondary" /><tag k="lanes" v="2" /><tag k="maxspeed" v="40" /><tag k="name" v="清水路" /><tag k="oneway" v="yes" /></way><way id="748" timestamp="2026-03-31T16:39:34Z" uid="1" user="OSMnx" version="1" changeset="1"><nd ref="9439673346" /><nd ref="9439673328" /><tag k="highway" v="secondary" /><tag k="lanes" v="2" /><tag k="maxspeed" v="40" /><tag k="name" v="清水路" /><tag k="oneway" v="yes" /></way><way id="749" timestamp="2026-03-31T16:39:34Z" uid="1" user="OSMnx" version="1" changeset="1"><nd ref="9439673348" /><nd ref="5716777951" /><tag k="highway" v="secondary" /><tag k="lanes" v="2" /><tag k="maxspeed" v="40" /><tag k="name" v="清水路" /><tag k="oneway" v="yes" /></way><way id="750" timestamp="2026-03-31T16:39:34Z" uid="1" user="OSMnx" version="1" changeset="1"><nd ref="9439673349" /><nd ref="9439673348" /><tag k="highway" v="secondary" /><tag k="lanes" v="2" /><tag k="maxspeed" v="40" /><tag k="name" v="清水路" /><tag k="oneway" v="yes" /></way><way id="751" timestamp="2026-03-31T16:39:34Z" uid="1" user="OSMnx" version="1" changeset="1"><nd ref="9439673351" /><nd ref="9492064589" /><tag k="highway" v="tertiary" /><tag k="lanes" v="1" /><tag k="maxspeed" v="20" /><tag k="name" v="求知路" /><tag k="oneway" v="yes" /></way><way id="752" timestamp="2026-03-31T16:39:34Z" uid="1" user="OSMnx" version="1" changeset="1"><nd ref="9439673352" /><nd ref="9439673353" /><tag k="highway" v="tertiary" /><tag k="lanes" v="1" /><tag k="maxspeed" v="20" /><tag k="name" v="求知路" /><tag k="oneway" v="yes" /></way><way id="753" timestamp="2026-03-31T16:39:34Z" uid="1" user="OSMnx" version="1" changeset="1"><nd ref="9439673353" /><nd ref="9439673354" /><tag k="highway" v="tertiary" /><tag k="lanes" v="1" /><tag k="maxspeed" v="20" /><tag k="name" v="求知路" /><tag k="oneway" v="yes" /></way><way id="754" timestamp="2026-03-31T16:39:34Z" uid="1" user="OSMnx" version="1" changeset="1"><nd ref="9439673354" /><nd ref="9439882915" /><tag k="highway" v="tertiary" /><tag k="lanes" v="1" /><tag k="maxspeed" v="20" /><tag k="name" v="求知路" /><tag k="oneway" v="yes" /></way><way id="755" timestamp="2026-03-31T16:39:34Z" uid="1" user="OSMnx" version="1" changeset="1"><nd ref="9439673355" /><nd ref="2277900385" /><tag k="highway" v="tertiary" /><tag k="lanes" v="1" /><tag k="maxspeed" v="20" /><tag k="name" v="求知路" /><tag k="oneway" v="yes" /></way><way id="756" timestamp="2026-03-31T16:39:34Z" uid="1" user="OSMnx" version="1" changeset="1"><nd ref="9439673356" /><nd ref="9439882928" /><tag k="highway" v="tertiary" /><tag k="lanes" v="1" /><tag k="maxspeed" v="20" /><tag k="name" v="求知路" /><tag k="oneway" v="yes" /></way><way id="757" timestamp="2026-03-31T16:39:34Z" uid="1" user="OSMnx" version="1" changeset="1"><nd ref="9439673357" /><nd ref="9439882929" /><tag k="highway" v="tertiary" /><tag k="lanes" v="1" /><tag k="maxspeed" v="20" /><tag k="name" v="求知路" /><tag k="oneway" v="yes" /></way><way id="758" timestamp="2026-03-31T16:39:34Z" uid="1" user="OSMnx" version="1" changeset="1"><nd ref="9439673357" /><nd ref="9439673343" /><tag k="highway" v="secondary" /><tag k="maxspeed" v="5" /><tag k="oneway" v="yes" /></way><way id="759" timestamp="2026-03-31T16:39:34Z" uid="1" user="OSMnx" version="1" changeset="1"><nd ref="9439673358" /><nd ref="9439673359" /><tag k="highway" v="secondary_link" /><tag k="oneway" v="yes" /></way><way id="760" timestamp="2026-03-31T16:39:34Z" uid="1" user="OSMnx" version="1" changeset="1"><nd ref="9439673359" /><nd ref="9439673360" /><tag k="highway" v="secondary_link" /><tag k="oneway" v="yes" /></way><way id="761" timestamp="2026-03-31T16:39:34Z" uid="1" user="OSMnx" version="1" changeset="1"><nd ref="9439673360" /><nd ref="9439673361" /><tag k="highway" v="secondary_link" /><tag k="oneway" v="yes" /></way><way id="762" timestamp="2026-03-31T16:39:34Z" uid="1" user="OSMnx" version="1" changeset="1"><nd ref="9439673363" /><nd ref="9439673365" /><tag k="highway" v="tertiary" /><tag k="lanes" v="1" /><tag k="name" v="麓山南路" /><tag k="oneway" v="yes" /></way><way id="763" timestamp="2026-03-31T16:39:34Z" uid="1" user="OSMnx" version="1" changeset="1"><nd ref="9439673364" /><nd ref="9439673363" /><tag k="highway" v="tertiary" /><tag k="lanes" v="1" /><tag k="name" v="麓山南路" /><tag k="oneway" v="yes" /></way><way id="764" timestamp="2026-03-31T16:39:34Z" uid="1" user="OSMnx" version="1" changeset="1"><nd ref="9439673365" /><nd ref="9439673366" /><tag k="highway" v="secondary_link" /><tag k="oneway" v="yes" /></way><way id="765" timestamp="2026-03-31T16:39:34Z" uid="1" user="OSMnx" version="1" changeset="1"><nd ref="9439673365" /><nd ref="9439673324" /><tag k="highway" v="tertiary" /><tag k="lanes" v="1" /><tag k="name" v="麓山南路" /><tag k="oneway" v="yes" /></way><way id="766" timestamp="2026-03-31T16:39:34Z" uid="1" user="OSMnx" version="1" changeset="1"><nd ref="9439673366" /><nd ref="9439673367" /><tag k="highway" v="secondary_link" /><tag k="oneway" v="yes" /></way><way id="767" timestamp="2026-03-31T16:39:34Z" uid="1" user="OSMnx" version="1" changeset="1"><nd ref="9439673367" /><nd ref="9439673368" /><tag k="highway" v="secondary_link" /><tag k="oneway" v="yes" /></way><way id="768" timestamp="2026-03-31T16:39:34Z" uid="1" user="OSMnx" version="1" changeset="1"><nd ref="9439673368" /><nd ref="9439734580" /><tag k="highway" v="secondary_link" /><tag k="oneway" v="yes" /></way><way id="769" timestamp="2026-03-31T16:39:34Z" uid="1" user="OSMnx" version="1" changeset="1"><nd ref="9439673369" /><nd ref="9439673370" /><tag k="highway" v="secondary_link" /><tag k="oneway" v="yes" /></way><way id="770" timestamp="2026-03-31T16:39:34Z" uid="1" user="OSMnx" version="1" changeset="1"><nd ref="9439673370" /><nd ref="9439673326" /><tag k="highway" v="secondary_link" /><tag k="oneway" v="yes" /></way><way id="771" timestamp="2026-03-31T16:39:34Z" uid="1" user="OSMnx" version="1" changeset="1"><nd ref="9439673383" /><nd ref="9440395473" /><tag k="highway" v="residential" /><tag k="lanes" v="1" /><tag k="name" v="新民路" /><tag k="oneway" v="no" /></way><way id="772" timestamp="2026-03-31T16:39:34Z" uid="1" user="OSMnx" version="1" changeset="1"><nd ref="9439673383" /><nd ref="9439673364" /><tag k="highway" v="tertiary" /><tag k="lanes" v="1" /><tag k="name" v="麓山南路" /><tag k="oneway" v="yes" /></way><way id="773" timestamp="2026-03-31T16:39:34Z" uid="1" user="OSMnx" version="1" changeset="1"><nd ref="9439734530" /><nd ref="9439734531" /><tag k="highway" v="secondary_link" /><tag k="oneway" v="yes" /></way><way id="774" timestamp="2026-03-31T16:39:34Z" uid="1" user="OSMnx" version="1" changeset="1"><nd ref="9439734531" /><nd ref="9439734532" /><tag k="highway" v="secondary_link" /><tag k="oneway" v="yes" /></way><way id="775" timestamp="2026-03-31T16:39:34Z" uid="1" user="OSMnx" version="1" changeset="1"><nd ref="9439734532" /><nd ref="9439734533" /><tag k="highway" v="secondary_link" /><tag k="oneway" v="yes" /></way><way id="776" timestamp="2026-03-31T16:39:34Z" uid="1" user="OSMnx" version="1" changeset="1"><nd ref="9439734533" /><nd ref="9439734534" /><tag k="highway" v="secondary_link" /><tag k="oneway" v="yes" /></way><way id="777" timestamp="2026-03-31T16:39:34Z" uid="1" user="OSMnx" version="1" changeset="1"><nd ref="9439734534" /><nd ref="9439673317" /><tag k="highway" v="secondary" /><tag k="lanes" v="2" /><tag k="maxspeed" v="40" /><tag k="oneway" v="yes" /></way><way id="778" timestamp="2026-03-31T16:39:34Z" uid="1" user="OSMnx" version="1" changeset="1"><nd ref="9439734536" /><nd ref="9512737286" /><tag k="highway" v="secondary" /><tag k="lanes" v="2" /><tag k="maxspeed" v="40" /><tag k="oneway" v="yes" /></way><way id="779" timestamp="2026-03-31T16:39:34Z" uid="1" user="OSMnx" version="1" changeset="1"><nd ref="9439734537" /><nd ref="1658988771" /><tag k="highway" v="secondary" /><tag k="lanes" v="2" /><tag k="maxspeed" v="40" /><tag k="oneway" v="yes" /></way><way id="780" timestamp="2026-03-31T16:39:34Z" uid="1" user="OSMnx" version="1" changeset="1"><nd ref="9439734538" /><nd ref="9512737285" /><tag k="highway" v="secondary" /><tag k="lanes" v="2" /><tag k="maxspeed" v="40" /><tag k="oneway" v="yes" /></way><way id="781" timestamp="2026-03-31T16:39:34Z" uid="1" user="OSMnx" version="1" changeset="1"><nd ref="9439734539" /><nd ref="9439734540" /><tag k="highway" v="secondary" /><tag k="lanes" v="2" /><tag k="maxspeed" v="40" /><tag k="oneway" v="yes" /></way><way id="782" timestamp="2026-03-31T16:39:34Z" uid="1" user="OSMnx" version="1" changeset="1"><nd ref="9439734540" /><nd ref="8977736269" /><tag k="highway" v="secondary" /><tag k="lanes" v="2" /><tag k="maxspeed" v="40" /><tag k="oneway" v="yes" /></way><way id="783" timestamp="2026-03-31T16:39:34Z" uid="1" user="OSMnx" version="1" changeset="1"><nd ref="9439734541" /><nd ref="9440261548" /><tag k="highway" v="secondary" /><tag k="lanes" v="2" /><tag k="maxspeed" v="40" /><tag k="oneway" v="yes" /></way><way id="784" timestamp="2026-03-31T16:39:34Z" uid="1" user="OSMnx" version="1" changeset="1"><nd ref="9439734543" /><nd ref="4814789368" /><tag k="highway" v="secondary" /><tag k="lanes" v="2" /><tag k="maxspeed" v="40" /><tag k="oneway" v="yes" /></way><way id="785" timestamp="2026-03-31T16:39:34Z" uid="1" user="OSMnx" version="1" changeset="1"><nd ref="9439734544" /><nd ref="8977736260" /><tag k="highway" v="secondary" /><tag k="lanes" v="2" /><tag k="maxspeed" v="40" /><tag k="oneway" v="yes" /></way><way id="786" timestamp="2026-03-31T16:39:34Z" uid="1" user="OSMnx" version="1" changeset="1"><nd ref="9439734545" /><nd ref="8977736265" /><tag k="highway" v="secondary" /><tag k="lanes" v="2" /><tag k="maxspeed" v="40" /><tag k="oneway" v="yes" /></way><way id="787" timestamp="2026-03-31T16:39:34Z" uid="1" user="OSMnx" version="1" changeset="1"><nd ref="9439734546" /><nd ref="9439734547" /><tag k="highway" v="secondary" /><tag k="lanes" v="2" /><tag k="maxspeed" v="40" /><tag k="oneway" v="yes" /></way><way id="788" timestamp="2026-03-31T16:39:34Z" uid="1" user="OSMnx" version="1" changeset="1"><nd ref="9439734547" /><nd ref="1660236528" /><tag k="highway" v="secondary" /><tag k="lanes" v="2" /><tag k="maxspeed" v="40" /><tag k="oneway" v="yes" /></way><way id="789" timestamp="2026-03-31T16:39:34Z" uid="1" user="OSMnx" version="1" changeset="1"><nd ref="9439734548" /><nd ref="9439734546" /><tag k="highway" v="secondary" /><tag k="lanes" v="2" /><tag k="maxspeed" v="40" /><tag k="oneway" v="yes" /></way><way id="790" timestamp="2026-03-31T16:39:34Z" uid="1" user="OSMnx" version="1" changeset="1"><nd ref="9439734549" /><nd ref="1658988755" /><tag k="highway" v="secondary" /><tag k="lanes" v="2" /><tag k="maxspeed" v="40" /><tag k="oneway" v="yes" /></way><way id="791" timestamp="2026-03-31T16:39:34Z" uid="1" user="OSMnx" version="1" changeset="1"><nd ref="9439734550" /><nd ref="9439734553" /><tag k="highway" v="secondary" /><tag k="lanes" v="2" /><tag k="maxspeed" v="40" /><tag k="oneway" v="yes" /></way><way id="792" timestamp="2026-03-31T16:39:34Z" uid="1" user="OSMnx" version="1" changeset="1"><nd ref="9439734551" /><nd ref="1658988793" /><tag k="highway" v="secondary" /><tag k="lanes" v="2" /><tag k="maxspeed" v="40" /><tag k="oneway" v="yes" /></way><way id="793" timestamp="2026-03-31T16:39:34Z" uid="1" user="OSMnx" version="1" changeset="1"><nd ref="9439734552" /><nd ref="9439734551" /><tag k="highway" v="secondary" /><tag k="lanes" v="2" /><tag k="maxspeed" v="40" /><tag k="oneway" v="yes" /></way><way id="794" timestamp="2026-03-31T16:39:34Z" uid="1" user="OSMnx" version="1" changeset="1"><nd ref="9439734553" /><nd ref="9439734544" /><tag k="highway" v="secondary" /><tag k="lanes" v="2" /><tag k="maxspeed" v="40" /><tag k="oneway" v="yes" /></way><way id="795" timestamp="2026-03-31T16:39:34Z" uid="1" user="OSMnx" version="1" changeset="1"><nd ref="9439734555" /><nd ref="9439734556" /><tag k="highway" v="secondary" /><tag k="lanes" v="2" /><tag k="maxspeed" v="40" /><tag k="oneway" v="yes" /></way><way id="796" timestamp="2026-03-31T16:39:34Z" uid="1" user="OSMnx" version="1" changeset="1"><nd ref="9439734556" /><nd ref="9439734557" /><tag k="highway" v="secondary" /><tag k="lanes" v="2" /><tag k="maxspeed" v="40" /><tag k="oneway" v="yes" /></way><way id="797" timestamp="2026-03-31T16:39:34Z" uid="1" user="OSMnx" version="1" changeset="1"><nd ref="9439734557" /><nd ref="3860143176" /><tag k="highway" v="secondary" /><tag k="lanes" v="2" /><tag k="maxspeed" v="40" /><tag k="oneway" v="yes" /></way><way id="798" timestamp="2026-03-31T16:39:34Z" uid="1" user="OSMnx" version="1" changeset="1"><nd ref="9439734565" /><nd ref="9439734579" /><tag k="highway" v="secondary_link" /><tag k="oneway" v="yes" /></way><way id="799" timestamp="2026-03-31T16:39:34Z" uid="1" user="OSMnx" version="1" changeset="1"><nd ref="9439734565" /><nd ref="2277900373" /><tag k="highway" v="secondary" /><tag k="lanes" v="2" /><tag k="maxspeed" v="40" /><tag k="name" v="清水路" /><tag k="oneway" v="yes" /></way><way id="800" timestamp="2026-03-31T16:39:34Z" uid="1" user="OSMnx" version="1" changeset="1"><nd ref="9439734566" /><nd ref="9439734567" /><tag k="highway" v="secondary_link" /><tag k="oneway" v="yes" /></way><way id="801" timestamp="2026-03-31T16:39:34Z" uid="1" user="OSMnx" version="1" changeset="1"><nd ref="9439734567" /><nd ref="9439734578" /><tag k="highway" v="secondary_link" /><tag k="oneway" v="yes" /></way><way id="802" timestamp="2026-03-31T16:39:34Z" uid="1" user="OSMnx" version="1" changeset="1"><nd ref="9439734568" /><nd ref="9439734569" /><tag k="highway" v="secondary_link" /><tag k="oneway" v="yes" /></way><way id="803" timestamp="2026-03-31T16:39:34Z" uid="1" user="OSMnx" version="1" changeset="1"><nd ref="9439734569" /><nd ref="9439734570" /><tag k="highway" v="secondary_link" /><tag k="oneway" v="yes" /></way><way id="804" timestamp="2026-03-31T16:39:34Z" uid="1" user="OSMnx" version="1" changeset="1"><nd ref="9439734570" /><nd ref="711491673" /><tag k="highway" v="tertiary" /><tag k="lanes" v="2" /><tag k="maxspeed" v="40" /><tag k="name" v="麓山南路" /><tag k="oneway" v="yes" /></way><way id="805" timestamp="2026-03-31T16:39:34Z" uid="1" user="OSMnx" version="1" changeset="1"><nd ref="9439734574" /><nd ref="9439673337" /><tag k="highway" v="secondary" /><tag k="maxspeed" v="5" /><tag k="oneway" v="yes" /></way><way id="806" timestamp="2026-03-31T16:39:34Z" uid="1" user="OSMnx" version="1" changeset="1"><nd ref="9439734575" /><nd ref="9439673328" /><tag k="highway" v="secondary" /><tag k="maxspeed" v="5" /><tag k="oneway" v="yes" /></way><way id="807" timestamp="2026-03-31T16:39:34Z" uid="1" user="OSMnx" version="1" changeset="1"><nd ref="9439734576" /><nd ref="5713570566" /><tag k="highway" v="secondary" /><tag k="lanes" v="2" /><tag k="maxspeed" v="40" /><tag k="name" v="麓山南路" /><tag k="oneway" v="yes" /></way><way id="808" timestamp="2026-03-31T16:39:34Z" uid="1" user="OSMnx" version="1" changeset="1"><nd ref="9439734577" /><nd ref="9439621899" /><tag k="highway" v="secondary" /><tag k="lanes" v="2" /><tag k="maxspeed" v="40" /><tag k="name" v="麓山南路" /><tag k="oneway" v="yes" /></way><way id="809" timestamp="2026-03-31T16:39:34Z" uid="1" user="OSMnx" version="1" changeset="1"><nd ref="9439734578" /><nd ref="9439734568" /><tag k="highway" v="secondary_link" /><tag k="oneway" v="yes" /></way><way id="810" timestamp="2026-03-31T16:39:34Z" uid="1" user="OSMnx" version="1" changeset="1"><nd ref="9439734579" /><nd ref="9439734566" /><tag k="highway" v="secondary_link" /><tag k="oneway" v="yes" /></way><way id="811" timestamp="2026-03-31T16:39:34Z" uid="1" user="OSMnx" version="1" changeset="1"><nd ref="9439734580" /><nd ref="9439673369" /><tag k="highway" v="secondary_link" /><tag k="oneway" v="yes" /></way><way id="812" timestamp="2026-03-31T16:39:34Z" uid="1" user="OSMnx" version="1" changeset="1"><nd ref="9439734581" /><nd ref="9439673323" /><tag k="highway" v="tertiary" /><tag k="lanes" v="1" /><tag k="name" v="麓山南路" /><tag k="oneway" v="yes" /></way><way id="813" timestamp="2026-03-31T16:39:34Z" uid="1" user="OSMnx" version="1" changeset="1"><nd ref="9439882914" /><nd ref="9439673351" /><tag k="highway" v="tertiary" /><tag k="lanes" v="1" /><tag k="maxspeed" v="20" /><tag k="name" v="求知路" /><tag k="oneway" v="yes" /></way><way id="814" timestamp="2026-03-31T16:39:34Z" uid="1" user="OSMnx" version="1" changeset="1"><nd ref="9439882915" /><nd ref="9439673331" /><tag k="highway" v="secondary" /><tag k="maxspeed" v="5" /><tag k="oneway" v="yes" /></way><way id="815" timestamp="2026-03-31T16:39:34Z" uid="1" user="OSMnx" version="1" changeset="1"><nd ref="9439882916" /><nd ref="9439673330" /><tag k="highway" v="secondary" /><tag k="maxspeed" v="5" /><tag k="oneway" v="yes" /></way><way id="816" timestamp="2026-03-31T16:39:34Z" uid="1" user="OSMnx" version="1" changeset="1"><nd ref="9439882926" /><nd ref="9439673344" /><tag k="highway" v="secondary" /><tag k="maxspeed" v="5" /><tag k="oneway" v="yes" /></way><way id="817" timestamp="2026-03-31T16:39:34Z" uid="1" user="OSMnx" version="1" changeset="1"><nd ref="9439882927" /><nd ref="9439673355" /><tag k="highway" v="tertiary" /><tag k="lanes" v="1" /><tag k="maxspeed" v="20" /><tag k="name" v="求知路" /><tag k="oneway" v="yes" /></way><way id="818" timestamp="2026-03-31T16:39:34Z" uid="1" user="OSMnx" version="1" changeset="1"><nd ref="9439882928" /><nd ref="9439882927" /><tag k="highway" v="tertiary" /><tag k="lanes" v="1" /><tag k="maxspeed" v="20" /><tag k="name" v="求知路" /><tag k="oneway" v="yes" /></way><way id="819" timestamp="2026-03-31T16:39:34Z" uid="1" user="OSMnx" version="1" changeset="1"><nd ref="9439882929" /><nd ref="9439673356" /><tag k="highway" v="tertiary" /><tag k="lanes" v="1" /><tag k="maxspeed" v="20" /><tag k="name" v="求知路" /><tag k="oneway" v="yes" /></way><way id="820" timestamp="2026-03-31T16:39:34Z" uid="1" user="OSMnx" version="1" changeset="1"><nd ref="9440261539" /><nd ref="9440261540" /><tag k="highway" v="unclassified" /><tag k="oneway" v="yes" /></way><way id="821" timestamp="2026-03-31T16:39:34Z" uid="1" user="OSMnx" version="1" changeset="1"><nd ref="9440261540" /><nd ref="9440261550" /><tag k="highway" v="unclassified" /><tag k="oneway" v="yes" /></way><way id="822" timestamp="2026-03-31T16:39:34Z" uid="1" user="OSMnx" version="1" changeset="1"><nd ref="9440261548" /><nd ref="9439673321" /><tag k="highway" v="secondary" /><tag k="lanes" v="2" /><tag k="maxspeed" v="40" /><tag k="oneway" v="yes" /></way><way id="823" timestamp="2026-03-31T16:39:34Z" uid="1" user="OSMnx" version="1" changeset="1"><nd ref="9440261549" /><nd ref="9439673318" /><tag k="highway" v="secondary" /><tag k="lanes" v="2" /><tag k="maxspeed" v="40" /><tag k="oneway" v="yes" /></way><way id="824" timestamp="2026-03-31T16:39:34Z" uid="1" user="OSMnx" version="1" changeset="1"><nd ref="9440261550" /><nd ref="9440261551" /><tag k="highway" v="unclassified" /><tag k="oneway" v="yes" /></way><way id="825" timestamp="2026-03-31T16:39:34Z" uid="1" user="OSMnx" version="1" changeset="1"><nd ref="9440261551" /><nd ref="9439673318" /><tag k="highway" v="unclassified" /><tag k="oneway" v="yes" /></way><way id="826" timestamp="2026-03-31T16:39:34Z" uid="1" user="OSMnx" version="1" changeset="1"><nd ref="9440395473" /><nd ref="10006975289" /><tag k="highway" v="residential" /><tag k="lanes" v="1" /><tag k="name" v="新民路" /><tag k="oneway" v="no" /></way><way id="827" timestamp="2026-03-31T16:39:34Z" uid="1" user="OSMnx" version="1" changeset="1"><nd ref="9440395473" /><nd ref="9439673383" /><tag k="highway" v="residential" /><tag k="lanes" v="1" /><tag k="name" v="新民路" /><tag k="oneway" v="no" /></way><way id="828" timestamp="2026-03-31T16:39:34Z" uid="1" user="OSMnx" version="1" changeset="1"><nd ref="9440606320" /><nd ref="9439734539" /><tag k="highway" v="secondary" /><tag k="lanes" v="2" /><tag k="maxspeed" v="40" /><tag k="oneway" v="yes" /></way><way id="829" timestamp="2026-03-31T16:39:34Z" uid="1" user="OSMnx" version="1" changeset="1"><nd ref="9440606320" /><nd ref="9439734536" /><tag k="highway" v="residential" /><tag k="oneway" v="yes" /></way><way id="830" timestamp="2026-03-31T16:39:34Z" uid="1" user="OSMnx" version="1" changeset="1"><nd ref="9440606343" /><nd ref="3860143359" /><tag k="highway" v="residential" /><tag k="oneway" v="no" /></way><way id="831" timestamp="2026-03-31T16:39:34Z" uid="1" user="OSMnx" version="1" changeset="1"><nd ref="9440606343" /><nd ref="3860143176" /><tag k="highway" v="residential" /><tag k="oneway" v="no" /></way><way id="832" timestamp="2026-03-31T16:39:34Z" uid="1" user="OSMnx" version="1" changeset="1"><nd ref="9441042942" /><nd ref="9441042943" /><tag k="highway" v="tertiary" /><tag k="lanes" v="2" /><tag k="maxspeed" v="40" /><tag k="name" v="麓山南路" /><tag k="oneway" v="yes" /></way><way id="833" timestamp="2026-03-31T16:39:34Z" uid="1" user="OSMnx" version="1" changeset="1"><nd ref="9441042943" /><nd ref="711491675" /><tag k="highway" v="tertiary" /><tag k="lanes" v="2" /><tag k="maxspeed" v="40" /><tag k="name" v="麓山南路" /><tag k="oneway" v="yes" /></way><way id="834" timestamp="2026-03-31T16:39:34Z" uid="1" user="OSMnx" version="1" changeset="1"><nd ref="9441042944" /><nd ref="9439673383" /><tag k="highway" v="tertiary" /><tag k="lanes" v="1" /><tag k="name" v="麓山南路" /><tag k="oneway" v="yes" /></way><way id="835" timestamp="2026-03-31T16:39:34Z" uid="1" user="OSMnx" version="1" changeset="1"><nd ref="9441042945" /><nd ref="9441042944" /><tag k="highway" v="tertiary" /><tag k="lanes" v="1" /><tag k="name" v="麓山南路" /><tag k="oneway" v="yes" /></way><way id="836" timestamp="2026-03-31T16:39:34Z" uid="1" user="OSMnx" version="1" changeset="1"><nd ref="9441042946" /><nd ref="9441042945" /><tag k="highway" v="tertiary" /><tag k="lanes" v="1" /><tag k="name" v="麓山南路" /><tag k="oneway" v="yes" /></way><way id="837" timestamp="2026-03-31T16:39:34Z" uid="1" user="OSMnx" version="1" changeset="1"><nd ref="9441042947" /><nd ref="9441042946" /><tag k="highway" v="tertiary" /><tag k="lanes" v="1" /><tag k="name" v="麓山南路" /><tag k="oneway" v="yes" /></way><way id="838" timestamp="2026-03-31T16:39:34Z" uid="1" user="OSMnx" version="1" changeset="1"><nd ref="9457752900" /><nd ref="3846694312" /><tag k="highway" v="residential" /><tag k="oneway" v="yes" /></way><way id="839" timestamp="2026-03-31T16:39:34Z" uid="1" user="OSMnx" version="1" changeset="1"><nd ref="9457752901" /><nd ref="3860723587" /><tag k="highway" v="residential" /><tag k="oneway" v="yes" /></way><way id="840" timestamp="2026-03-31T16:39:34Z" uid="1" user="OSMnx" version="1" changeset="1"><nd ref="9457752903" /><nd ref="3660285749" /><tag k="highway" v="residential" /><tag k="oneway" v="yes" /></way><way id="841" timestamp="2026-03-31T16:39:34Z" uid="1" user="OSMnx" version="1" changeset="1"><nd ref="9457752905" /><nd ref="10996675410" /><tag k="highway" v="residential" /><tag k="oneway" v="yes" /></way><way id="842" timestamp="2026-03-31T16:39:34Z" uid="1" user="OSMnx" version="1" changeset="1"><nd ref="9457752906" /><nd ref="9457752905" /><tag k="highway" v="residential" /><tag k="oneway" v="yes" /></way><way id="843" timestamp="2026-03-31T16:39:34Z" uid="1" user="OSMnx" version="1" changeset="1"><nd ref="9457752911" /><nd ref="9439734548" /><tag k="highway" v="secondary" /><tag k="lanes" v="2" /><tag k="maxspeed" v="40" /><tag k="oneway" v="yes" /></way><way id="844" timestamp="2026-03-31T16:39:34Z" uid="1" user="OSMnx" version="1" changeset="1"><nd ref="9457752911" /><nd ref="9490764405" /><tag k="highway" v="residential" /><tag k="oneway" v="yes" /></way><way id="845" timestamp="2026-03-31T16:39:34Z" uid="1" user="OSMnx" version="1" changeset="1"><nd ref="9457752912" /><nd ref="9457752911" /><tag k="highway" v="residential" /><tag k="oneway" v="yes" /></way><way id="846" timestamp="2026-03-31T16:39:34Z" uid="1" user="OSMnx" version="1" changeset="1"><nd ref="9457752913" /><nd ref="9457752912" /><tag k="highway" v="residential" /><tag k="oneway" v="yes" /></way><way id="847" timestamp="2026-03-31T16:39:34Z" uid="1" user="OSMnx" version="1" changeset="1"><nd ref="9457752914" /><nd ref="9457752913" /><tag k="highway" v="residential" /><tag k="oneway" v="yes" /></way><way id="848" timestamp="2026-03-31T16:39:34Z" uid="1" user="OSMnx" version="1" changeset="1"><nd ref="9457752916" /><nd ref="9457752914" /><tag k="highway" v="residential" /><tag k="oneway" v="yes" /></way><way id="849" timestamp="2026-03-31T16:39:34Z" uid="1" user="OSMnx" version="1" changeset="1"><nd ref="9457760917" /><nd ref="9457752916" /><tag k="highway" v="residential" /><tag k="oneway" v="yes" /></way><way id="850" timestamp="2026-03-31T16:39:34Z" uid="1" user="OSMnx" version="1" changeset="1"><nd ref="9457760918" /><nd ref="9457760917" /><tag k="highway" v="residential" /><tag k="oneway" v="yes" /></way><way id="851" timestamp="2026-03-31T16:39:34Z" uid="1" user="OSMnx" version="1" changeset="1"><nd ref="9457760919" /><nd ref="9457760918" /><tag k="highway" v="residential" /><tag k="oneway" v="yes" /></way><way id="852" timestamp="2026-03-31T16:39:34Z" uid="1" user="OSMnx" version="1" changeset="1"><nd ref="9457760920" /><nd ref="9457760919" /><tag k="highway" v="residential" /><tag k="oneway" v="yes" /></way><way id="853" timestamp="2026-03-31T16:39:34Z" uid="1" user="OSMnx" version="1" changeset="1"><nd ref="9457760921" /><nd ref="9457760920" /><tag k="highway" v="residential" /><tag k="oneway" v="yes" /></way><way id="854" timestamp="2026-03-31T16:39:34Z" uid="1" user="OSMnx" version="1" changeset="1"><nd ref="9457760922" /><nd ref="9457760921" /><tag k="highway" v="residential" /><tag k="oneway" v="yes" /></way><way id="855" timestamp="2026-03-31T16:39:34Z" uid="1" user="OSMnx" version="1" changeset="1"><nd ref="9457760923" /><nd ref="9457760922" /><tag k="highway" v="residential" /><tag k="oneway" v="yes" /></way><way id="856" timestamp="2026-03-31T16:39:34Z" uid="1" user="OSMnx" version="1" changeset="1"><nd ref="9457760924" /><nd ref="10996675409" /><tag k="highway" v="residential" /><tag k="oneway" v="yes" /></way><way id="857" timestamp="2026-03-31T16:39:34Z" uid="1" user="OSMnx" version="1" changeset="1"><nd ref="9466479466" /><nd ref="9093956757" /><tag k="highway" v="secondary" /><tag k="lanes" v="4" /><tag k="name" v="后湖路" /><tag k="oneway" v="yes" /></way><way id="858" timestamp="2026-03-31T16:39:34Z" uid="1" user="OSMnx" version="1" changeset="1"><nd ref="9466479467" /><nd ref="9093956758" /><tag k="highway" v="secondary" /><tag k="lanes" v="4" /><tag k="name" v="后湖路" /><tag k="oneway" v="yes" /></way><way id="859" timestamp="2026-03-31T16:39:34Z" uid="1" user="OSMnx" version="1" changeset="1"><nd ref="9466479468" /><nd ref="9466479469" /><tag k="highway" v="secondary" /><tag k="lanes" v="4" /><tag k="name" v="后湖路" /><tag k="oneway" v="yes" /></way><way id="860" timestamp="2026-03-31T16:39:34Z" uid="1" user="OSMnx" version="1" changeset="1"><nd ref="9466479469" /><nd ref="9466479470" /><tag k="highway" v="secondary" /><tag k="lanes" v="4" /><tag k="name" v="后湖路" /><tag k="oneway" v="yes" /></way><way id="861" timestamp="2026-03-31T16:39:34Z" uid="1" user="OSMnx" version="1" changeset="1"><nd ref="9466479470" /><nd ref="9466479471" /><tag k="highway" v="secondary" /><tag k="lanes" v="4" /><tag k="name" v="后湖路" /><tag k="oneway" v="yes" /></way><way id="862" timestamp="2026-03-31T16:39:34Z" uid="1" user="OSMnx" version="1" changeset="1"><nd ref="9466479471" /><nd ref="9466479472" /><tag k="highway" v="secondary" /><tag k="lanes" v="4" /><tag k="name" v="后湖路" /><tag k="oneway" v="yes" /></way><way id="863" timestamp="2026-03-31T16:39:34Z" uid="1" user="OSMnx" version="1" changeset="1"><nd ref="9466479472" /><nd ref="9491091604" /><tag k="highway" v="secondary" /><tag k="lanes" v="4" /><tag k="name" v="后湖路" /><tag k="oneway" v="yes" /></way><way id="864" timestamp="2026-03-31T16:39:34Z" uid="1" user="OSMnx" version="1" changeset="1"><nd ref="9466479473" /><nd ref="9093956767" /><tag k="highway" v="secondary" /><tag k="lanes" v="4" /><tag k="name" v="后湖路" /><tag k="oneway" v="yes" /></way><way id="865" timestamp="2026-03-31T16:39:34Z" uid="1" user="OSMnx" version="1" changeset="1"><nd ref="9466479474" /><nd ref="9466479475" /><tag k="highway" v="secondary" /><tag k="lanes" v="4" /><tag k="name" v="后湖路" /><tag k="oneway" v="yes" /></way><way id="866" timestamp="2026-03-31T16:39:34Z" uid="1" user="OSMnx" version="1" changeset="1"><nd ref="9466479475" /><nd ref="9093956768" /><tag k="highway" v="secondary" /><tag k="lanes" v="4" /><tag k="name" v="后湖路" /><tag k="oneway" v="yes" /></way><way id="867" timestamp="2026-03-31T16:39:34Z" uid="1" user="OSMnx" version="1" changeset="1"><nd ref="9466479479" /><nd ref="9466479478" /><tag k="highway" v="secondary" /><tag k="name" v="后湖路" /><tag k="oneway" v="yes" /></way><way id="868" timestamp="2026-03-31T16:39:34Z" uid="1" user="OSMnx" version="1" changeset="1"><nd ref="9466479480" /><nd ref="9466479479" /><tag k="highway" v="secondary" /><tag k="name" v="后湖路" /><tag k="oneway" v="yes" /></way><way id="869" timestamp="2026-03-31T16:39:34Z" uid="1" user="OSMnx" version="1" changeset="1"><nd ref="9466479481" /><nd ref="9466479480" /><tag k="highway" v="secondary" /><tag k="name" v="后湖路" /><tag k="oneway" v="yes" /></way><way id="870" timestamp="2026-03-31T16:39:34Z" uid="1" user="OSMnx" version="1" changeset="1"><nd ref="9466479482" /><nd ref="9466479481" /><tag k="highway" v="secondary" /><tag k="name" v="后湖路" /><tag k="oneway" v="yes" /></way><way id="871" timestamp="2026-03-31T16:39:34Z" uid="1" user="OSMnx" version="1" changeset="1"><nd ref="9466479483" /><nd ref="9466479482" /><tag k="highway" v="secondary" /><tag k="name" v="后湖路" /><tag k="oneway" v="yes" /></way><way id="872" timestamp="2026-03-31T16:39:34Z" uid="1" user="OSMnx" version="1" changeset="1"><nd ref="9466479484" /><nd ref="9466479483" /><tag k="highway" v="secondary" /><tag k="name" v="后湖路" /><tag k="oneway" v="yes" /></way><way id="873" timestamp="2026-03-31T16:39:34Z" uid="1" user="OSMnx" version="1" changeset="1"><nd ref="9466479489" /><nd ref="9466479484" /><tag k="highway" v="secondary" /><tag k="name" v="后湖路" /><tag k="oneway" v="yes" /></way><way id="874" timestamp="2026-03-31T16:39:34Z" uid="1" user="OSMnx" version="1" changeset="1"><nd ref="9466479490" /><nd ref="9466479489" /><tag k="highway" v="secondary" /><tag k="name" v="后湖路" /><tag k="oneway" v="yes" /></way><way id="875" timestamp="2026-03-31T16:39:34Z" uid="1" user="OSMnx" version="1" changeset="1"><nd ref="9466479492" /><nd ref="9852190789" /><tag k="highway" v="secondary" /><tag k="name" v="后湖路" /><tag k="oneway" v="yes" /></way><way id="876" timestamp="2026-03-31T16:39:34Z" uid="1" user="OSMnx" version="1" changeset="1"><nd ref="9466479493" /><nd ref="9466479492" /><tag k="highway" v="secondary" /><tag k="name" v="后湖路" /><tag k="oneway" v="yes" /></way><way id="877" timestamp="2026-03-31T16:39:34Z" uid="1" user="OSMnx" version="1" changeset="1"><nd ref="9466479494" /><nd ref="9491091603" /><tag k="highway" v="secondary" /><tag k="name" v="后湖路" /><tag k="oneway" v="yes" /></way><way id="878" timestamp="2026-03-31T16:39:34Z" uid="1" user="OSMnx" version="1" changeset="1"><nd ref="9466479495" /><nd ref="9466479494" /><tag k="highway" v="secondary" /><tag k="name" v="后湖路" /><tag k="oneway" v="yes" /></way><way id="879" timestamp="2026-03-31T16:39:34Z" uid="1" user="OSMnx" version="1" changeset="1"><nd ref="9466479496" /><nd ref="9466479495" /><tag k="highway" v="secondary" /><tag k="name" v="后湖路" /><tag k="oneway" v="yes" /></way><way id="880" timestamp="2026-03-31T16:39:34Z" uid="1" user="OSMnx" version="1" changeset="1"><nd ref="9466479497" /><nd ref="9466479496" /><tag k="highway" v="secondary" /><tag k="name" v="后湖路" /><tag k="oneway" v="yes" /></way><way id="881" timestamp="2026-03-31T16:39:34Z" uid="1" user="OSMnx" version="1" changeset="1"><nd ref="9466479498" /><nd ref="9466479497" /><tag k="highway" v="secondary" /><tag k="name" v="后湖路" /><tag k="oneway" v="yes" /></way><way id="882" timestamp="2026-03-31T16:39:34Z" uid="1" user="OSMnx" version="1" changeset="1"><nd ref="9466479499" /><nd ref="9466479498" /><tag k="highway" v="secondary" /><tag k="name" v="后湖路" /><tag k="oneway" v="yes" /></way><way id="883" timestamp="2026-03-31T16:39:34Z" uid="1" user="OSMnx" version="1" changeset="1"><nd ref="9466479500" /><nd ref="9466479499" /><tag k="highway" v="secondary" /><tag k="name" v="后湖路" /><tag k="oneway" v="yes" /></way><way id="884" timestamp="2026-03-31T16:39:34Z" uid="1" user="OSMnx" version="1" changeset="1"><nd ref="9466479501" /><nd ref="9466479502" /><tag k="highway" v="secondary" /><tag k="lanes" v="4" /><tag k="name" v="后湖路" /><tag k="oneway" v="yes" /></way><way id="885" timestamp="2026-03-31T16:39:34Z" uid="1" user="OSMnx" version="1" changeset="1"><nd ref="9466479502" /><nd ref="9466479503" /><tag k="highway" v="secondary" /><tag k="lanes" v="4" /><tag k="name" v="后湖路" /><tag k="oneway" v="yes" /></way><way id="886" timestamp="2026-03-31T16:39:34Z" uid="1" user="OSMnx" version="1" changeset="1"><nd ref="9466479503" /><nd ref="9093956769" /><tag k="highway" v="secondary" /><tag k="lanes" v="4" /><tag k="name" v="后湖路" /><tag k="oneway" v="yes" /></way><way id="887" timestamp="2026-03-31T16:39:34Z" uid="1" user="OSMnx" version="1" changeset="1"><nd ref="9466479504" /><nd ref="690137051" /><tag k="highway" v="secondary" /><tag k="lanes" v="4" /><tag k="name" v="后湖路" /><tag k="oneway" v="yes" /></way><way id="888" timestamp="2026-03-31T16:39:34Z" uid="1" user="OSMnx" version="1" changeset="1"><nd ref="9466479505" /><nd ref="9466479504" /><tag k="highway" v="secondary" /><tag k="lanes" v="4" /><tag k="name" v="后湖路" /><tag k="oneway" v="yes" /></way><way id="889" timestamp="2026-03-31T16:39:34Z" uid="1" user="OSMnx" version="1" changeset="1"><nd ref="9466479515" /><nd ref="9093956770" /><tag k="highway" v="secondary" /><tag k="lanes" v="4" /><tag k="name" v="后湖路" /><tag k="oneway" v="yes" /></way><way id="890" timestamp="2026-03-31T16:39:34Z" uid="1" user="OSMnx" version="1" changeset="1"><nd ref="9466479516" /><nd ref="9466479517" /><tag k="highway" v="secondary" /><tag k="lanes" v="4" /><tag k="name" v="后湖路" /><tag k="oneway" v="yes" /></way><way id="891" timestamp="2026-03-31T16:39:34Z" uid="1" user="OSMnx" version="1" changeset="1"><nd ref="9466479517" /><nd ref="9093956771" /><tag k="highway" v="secondary" /><tag k="lanes" v="4" /><tag k="name" v="后湖路" /><tag k="oneway" v="yes" /></way><way id="892" timestamp="2026-03-31T16:39:34Z" uid="1" user="OSMnx" version="1" changeset="1"><nd ref="9466479525" /><nd ref="9466479500" /><tag k="highway" v="secondary" /><tag k="name" v="后湖路" /><tag k="oneway" v="yes" /></way><way id="893" timestamp="2026-03-31T16:39:34Z" uid="1" user="OSMnx" version="1" changeset="1"><nd ref="9466479526" /><nd ref="9466479525" /><tag k="highway" v="secondary" /><tag k="name" v="后湖路" /><tag k="oneway" v="yes" /></way><way id="894" timestamp="2026-03-31T16:39:34Z" uid="1" user="OSMnx" version="1" changeset="1"><nd ref="9466479527" /><nd ref="9466479526" /><tag k="highway" v="secondary" /><tag k="name" v="后湖路" /><tag k="oneway" v="yes" /></way><way id="895" timestamp="2026-03-31T16:39:34Z" uid="1" user="OSMnx" version="1" changeset="1"><nd ref="9466479528" /><nd ref="11359803017" /><tag k="highway" v="secondary" /><tag k="name" v="后湖路" /><tag k="oneway" v="yes" /></way><way id="896" timestamp="2026-03-31T16:39:34Z" uid="1" user="OSMnx" version="1" changeset="1"><nd ref="9466479529" /><nd ref="9466479528" /><tag k="highway" v="secondary" /><tag k="name" v="后湖路" /><tag k="oneway" v="yes" /></way><way id="897" timestamp="2026-03-31T16:39:34Z" uid="1" user="OSMnx" version="1" changeset="1"><nd ref="9466479530" /><nd ref="9466479529" /><tag k="highway" v="secondary" /><tag k="name" v="后湖路" /><tag k="oneway" v="yes" /></way><way id="898" timestamp="2026-03-31T16:39:34Z" uid="1" user="OSMnx" version="1" changeset="1"><nd ref="9466479531" /><nd ref="9466479530" /><tag k="highway" v="secondary" /><tag k="name" v="后湖路" /><tag k="oneway" v="yes" /></way><way id="899" timestamp="2026-03-31T16:39:34Z" uid="1" user="OSMnx" version="1" changeset="1"><nd ref="9466479532" /><nd ref="9466479531" /><tag k="highway" v="secondary" /><tag k="name" v="后湖路" /><tag k="oneway" v="yes" /></way><way id="900" timestamp="2026-03-31T16:39:34Z" uid="1" user="OSMnx" version="1" changeset="1"><nd ref="9466479533" /><nd ref="9466479532" /><tag k="highway" v="secondary" /><tag k="name" v="后湖路" /><tag k="oneway" v="yes" /></way><way id="901" timestamp="2026-03-31T16:39:34Z" uid="1" user="OSMnx" version="1" changeset="1"><nd ref="9466479534" /><nd ref="12124881082" /><tag k="highway" v="secondary" /><tag k="name" v="后湖路" /><tag k="oneway" v="yes" /></way><way id="902" timestamp="2026-03-31T16:39:34Z" uid="1" user="OSMnx" version="1" changeset="1"><nd ref="9466479535" /><nd ref="9466479534" /><tag k="highway" v="secondary" /><tag k="name" v="后湖路" /><tag k="oneway" v="yes" /></way><way id="903" timestamp="2026-03-31T16:39:34Z" uid="1" user="OSMnx" version="1" changeset="1"><nd ref="9482908634" /><nd ref="9482908676" /><tag k="highway" v="residential" /><tag k="oneway" v="no" /></way><way id="904" timestamp="2026-03-31T16:39:34Z" uid="1" user="OSMnx" version="1" changeset="1"><nd ref="9482908634" /><nd ref="9482908678" /><tag k="highway" v="residential" /><tag k="oneway" v="no" /></way><way id="905" timestamp="2026-03-31T16:39:34Z" uid="1" user="OSMnx" version="1" changeset="1"><nd ref="9482908663" /><nd ref="9482908664" /><tag k="highway" v="service" /><tag k="oneway" v="no" /></way><way id="906" timestamp="2026-03-31T16:39:34Z" uid="1" user="OSMnx" version="1" changeset="1"><nd ref="9482908663" /><nd ref="4810103895" /><tag k="highway" v="service" /><tag k="oneway" v="no" /></way><way id="907" timestamp="2026-03-31T16:39:34Z" uid="1" user="OSMnx" version="1" changeset="1"><nd ref="9482908664" /><nd ref="9482908665" /><tag k="highway" v="service" /><tag k="oneway" v="no" /></way><way id="908" timestamp="2026-03-31T16:39:34Z" uid="1" user="OSMnx" version="1" changeset="1"><nd ref="9482908664" /><nd ref="9482908663" /><tag k="highway" v="service" /><tag k="oneway" v="no" /></way><way id="909" timestamp="2026-03-31T16:39:34Z" uid="1" user="OSMnx" version="1" changeset="1"><nd ref="9482908665" /><nd ref="9482908666" /><tag k="highway" v="service" /><tag k="oneway" v="no" /></way><way id="910" timestamp="2026-03-31T16:39:34Z" uid="1" user="OSMnx" version="1" changeset="1"><nd ref="9482908665" /><nd ref="9482908664" /><tag k="highway" v="service" /><tag k="oneway" v="no" /></way><way id="911" timestamp="2026-03-31T16:39:34Z" uid="1" user="OSMnx" version="1" changeset="1"><nd ref="9482908666" /><nd ref="9482908667" /><tag k="highway" v="service" /><tag k="oneway" v="no" /></way><way id="912" timestamp="2026-03-31T16:39:34Z" uid="1" user="OSMnx" version="1" changeset="1"><nd ref="9482908666" /><nd ref="9482908665" /><tag k="highway" v="service" /><tag k="oneway" v="no" /></way><way id="913" timestamp="2026-03-31T16:39:34Z" uid="1" user="OSMnx" version="1" changeset="1"><nd ref="9482908667" /><nd ref="9482908683" /><tag k="highway" v="service" /><tag k="oneway" v="no" /></way><way id="914" timestamp="2026-03-31T16:39:34Z" uid="1" user="OSMnx" version="1" changeset="1"><nd ref="9482908667" /><nd ref="9482908666" /><tag k="highway" v="service" /><tag k="oneway" v="no" /></way><way id="915" timestamp="2026-03-31T16:39:34Z" uid="1" user="OSMnx" version="1" changeset="1"><nd ref="9482908668" /><nd ref="9482908669" /><tag k="highway" v="service" /><tag k="oneway" v="no" /></way><way id="916" timestamp="2026-03-31T16:39:34Z" uid="1" user="OSMnx" version="1" changeset="1"><nd ref="9482908668" /><nd ref="9482908681" /><tag k="highway" v="service" /><tag k="oneway" v="no" /></way><way id="917" timestamp="2026-03-31T16:39:34Z" uid="1" user="OSMnx" version="1" changeset="1"><nd ref="9482908669" /><nd ref="9482908670" /><tag k="highway" v="service" /><tag k="oneway" v="no" /></way><way id="918" timestamp="2026-03-31T16:39:34Z" uid="1" user="OSMnx" version="1" changeset="1"><nd ref="9482908669" /><nd ref="9482908668" /><tag k="highway" v="service" /><tag k="oneway" v="no" /></way><way id="919" timestamp="2026-03-31T16:39:34Z" uid="1" user="OSMnx" version="1" changeset="1"><nd ref="9482908670" /><nd ref="9482908671" /><tag k="highway" v="service" /><tag k="oneway" v="no" /></way><way id="920" timestamp="2026-03-31T16:39:34Z" uid="1" user="OSMnx" version="1" changeset="1"><nd ref="9482908670" /><nd ref="9482908669" /><tag k="highway" v="service" /><tag k="oneway" v="no" /></way><way id="921" timestamp="2026-03-31T16:39:34Z" uid="1" user="OSMnx" version="1" changeset="1"><nd ref="9482908671" /><nd ref="9482908672" /><tag k="highway" v="service" /><tag k="oneway" v="no" /></way><way id="922" timestamp="2026-03-31T16:39:34Z" uid="1" user="OSMnx" version="1" changeset="1"><nd ref="9482908671" /><nd ref="9482908670" /><tag k="highway" v="service" /><tag k="oneway" v="no" /></way><way id="923" timestamp="2026-03-31T16:39:34Z" uid="1" user="OSMnx" version="1" changeset="1"><nd ref="9482908672" /><nd ref="9482908673" /><tag k="highway" v="service" /><tag k="oneway" v="no" /></way><way id="924" timestamp="2026-03-31T16:39:34Z" uid="1" user="OSMnx" version="1" changeset="1"><nd ref="9482908672" /><nd ref="9482908671" /><tag k="highway" v="service" /><tag k="oneway" v="no" /></way><way id="925" timestamp="2026-03-31T16:39:34Z" uid="1" user="OSMnx" version="1" changeset="1"><nd ref="9482908673" /><nd ref="9482908674" /><tag k="highway" v="service" /><tag k="oneway" v="no" /></way><way id="926" timestamp="2026-03-31T16:39:34Z" uid="1" user="OSMnx" version="1" changeset="1"><nd ref="9482908673" /><nd ref="9482908672" /><tag k="highway" v="service" /><tag k="oneway" v="no" /></way><way id="927" timestamp="2026-03-31T16:39:34Z" uid="1" user="OSMnx" version="1" changeset="1"><nd ref="9482908674" /><nd ref="9482908675" /><tag k="highway" v="service" /><tag k="oneway" v="no" /></way><way id="928" timestamp="2026-03-31T16:39:34Z" uid="1" user="OSMnx" version="1" changeset="1"><nd ref="9482908674" /><nd ref="9482908673" /><tag k="highway" v="service" /><tag k="oneway" v="no" /></way><way id="929" timestamp="2026-03-31T16:39:34Z" uid="1" user="OSMnx" version="1" changeset="1"><nd ref="9482908675" /><nd ref="4810103897" /><tag k="highway" v="service" /><tag k="oneway" v="no" /></way><way id="930" timestamp="2026-03-31T16:39:34Z" uid="1" user="OSMnx" version="1" changeset="1"><nd ref="9482908675" /><nd ref="9482908674" /><tag k="highway" v="service" /><tag k="oneway" v="no" /></way><way id="931" timestamp="2026-03-31T16:39:34Z" uid="1" user="OSMnx" version="1" changeset="1"><nd ref="9482908676" /><nd ref="9482908682" /><tag k="highway" v="residential" /><tag k="oneway" v="no" /></way><way id="932" timestamp="2026-03-31T16:39:34Z" uid="1" user="OSMnx" version="1" changeset="1"><nd ref="9482908676" /><nd ref="9482908634" /><tag k="highway" v="residential" /><tag k="oneway" v="no" /></way><way id="933" timestamp="2026-03-31T16:39:34Z" uid="1" user="OSMnx" version="1" changeset="1"><nd ref="9482908676" /><nd ref="9482908677" /><tag k="highway" v="service" /><tag k="oneway" v="no" /></way><way id="934" timestamp="2026-03-31T16:39:34Z" uid="1" user="OSMnx" version="1" changeset="1"><nd ref="9482908677" /><nd ref="9482908676" /><tag k="highway" v="service" /><tag k="oneway" v="no" /></way><way id="935" timestamp="2026-03-31T16:39:34Z" uid="1" user="OSMnx" version="1" changeset="1"><nd ref="9482908678" /><nd ref="9482908634" /><tag k="highway" v="residential" /><tag k="oneway" v="no" /></way><way id="936" timestamp="2026-03-31T16:39:34Z" uid="1" user="OSMnx" version="1" changeset="1"><nd ref="9482908678" /><nd ref="4810103896" /><tag k="highway" v="residential" /><tag k="oneway" v="no" /></way><way id="937" timestamp="2026-03-31T16:39:34Z" uid="1" user="OSMnx" version="1" changeset="1"><nd ref="9482908678" /><nd ref="9482908679" /><tag k="highway" v="service" /><tag k="oneway" v="no" /></way><way id="938" timestamp="2026-03-31T16:39:34Z" uid="1" user="OSMnx" version="1" changeset="1"><nd ref="9482908678" /><nd ref="9482908680" /><tag k="highway" v="service" /><tag k="oneway" v="no" /></way><way id="939" timestamp="2026-03-31T16:39:34Z" uid="1" user="OSMnx" version="1" changeset="1"><nd ref="9482908679" /><nd ref="9482908678" /><tag k="highway" v="service" /><tag k="oneway" v="no" /></way><way id="940" timestamp="2026-03-31T16:39:34Z" uid="1" user="OSMnx" version="1" changeset="1"><nd ref="9482908680" /><nd ref="9482908681" /><tag k="highway" v="service" /><tag k="oneway" v="no" /></way><way id="941" timestamp="2026-03-31T16:39:34Z" uid="1" user="OSMnx" version="1" changeset="1"><nd ref="9482908680" /><nd ref="9482908683" /><tag k="highway" v="service" /><tag k="oneway" v="no" /></way><way id="942" timestamp="2026-03-31T16:39:34Z" uid="1" user="OSMnx" version="1" changeset="1"><nd ref="9482908680" /><nd ref="9482908678" /><tag k="highway" v="service" /><tag k="oneway" v="no" /></way><way id="943" timestamp="2026-03-31T16:39:34Z" uid="1" user="OSMnx" version="1" changeset="1"><nd ref="9482908681" /><nd ref="9482908668" /><tag k="highway" v="service" /><tag k="oneway" v="no" /></way><way id="944" timestamp="2026-03-31T16:39:34Z" uid="1" user="OSMnx" version="1" changeset="1"><nd ref="9482908681" /><nd ref="9482908680" /><tag k="highway" v="service" /><tag k="oneway" v="no" /></way><way id="945" timestamp="2026-03-31T16:39:34Z" uid="1" user="OSMnx" version="1" changeset="1"><nd ref="9482908681" /><nd ref="9482908682" /><tag k="highway" v="service" /><tag k="oneway" v="no" /></way><way id="946" timestamp="2026-03-31T16:39:34Z" uid="1" user="OSMnx" version="1" changeset="1"><nd ref="9482908682" /><nd ref="4810103897" /><tag k="highway" v="residential" /><tag k="oneway" v="no" /></way><way id="947" timestamp="2026-03-31T16:39:34Z" uid="1" user="OSMnx" version="1" changeset="1"><nd ref="9482908682" /><nd ref="9482908676" /><tag k="highway" v="residential" /><tag k="oneway" v="no" /></way><way id="948" timestamp="2026-03-31T16:39:34Z" uid="1" user="OSMnx" version="1" changeset="1"><nd ref="9482908682" /><nd ref="9482908681" /><tag k="highway" v="service" /><tag k="oneway" v="no" /></way><way id="949" timestamp="2026-03-31T16:39:34Z" uid="1" user="OSMnx" version="1" changeset="1"><nd ref="9482908683" /><nd ref="9482908680" /><tag k="highway" v="service" /><tag k="oneway" v="no" /></way><way id="950" timestamp="2026-03-31T16:39:34Z" uid="1" user="OSMnx" version="1" changeset="1"><nd ref="9482908683" /><nd ref="9482908667" /><tag k="highway" v="service" /><tag k="oneway" v="no" /></way><way id="951" timestamp="2026-03-31T16:39:34Z" uid="1" user="OSMnx" version="1" changeset="1"><nd ref="9482908683" /><nd ref="9482908684" /><tag k="highway" v="service" /><tag k="oneway" v="no" /></way><way id="952" timestamp="2026-03-31T16:39:34Z" uid="1" user="OSMnx" version="1" changeset="1"><nd ref="9482908684" /><nd ref="4810103896" /><tag k="highway" v="residential" /><tag k="oneway" v="no" /></way><way id="953" timestamp="2026-03-31T16:39:34Z" uid="1" user="OSMnx" version="1" changeset="1"><nd ref="9482908684" /><nd ref="9482908686" /><tag k="highway" v="residential" /><tag k="oneway" v="no" /></way><way id="954" timestamp="2026-03-31T16:39:34Z" uid="1" user="OSMnx" version="1" changeset="1"><nd ref="9482908684" /><nd ref="9482908683" /><tag k="highway" v="service" /><tag k="oneway" v="no" /></way><way id="955" timestamp="2026-03-31T16:39:34Z" uid="1" user="OSMnx" version="1" changeset="1"><nd ref="9482908685" /><nd ref="4810103896" /><tag k="highway" v="service" /><tag k="oneway" v="no" /></way><way id="956" timestamp="2026-03-31T16:39:34Z" uid="1" user="OSMnx" version="1" changeset="1"><nd ref="9482908686" /><nd ref="9482908684" /><tag k="highway" v="residential" /><tag k="oneway" v="no" /></way><way id="957" timestamp="2026-03-31T16:39:34Z" uid="1" user="OSMnx" version="1" changeset="1"><nd ref="9482908686" /><nd ref="4810103895" /><tag k="highway" v="residential" /><tag k="oneway" v="no" /></way><way id="958" timestamp="2026-03-31T16:39:34Z" uid="1" user="OSMnx" version="1" changeset="1"><nd ref="9482908692" /><nd ref="4810103899" /><tag k="highway" v="unclassified" /><tag k="name" v="后湖路" /><tag k="oneway" v="no" /></way><way id="959" timestamp="2026-03-31T16:39:34Z" uid="1" user="OSMnx" version="1" changeset="1"><nd ref="9482908692" /><nd ref="711531320" /><tag k="highway" v="unclassified" /><tag k="name" v="后湖路" /><tag k="oneway" v="no" /></way><way id="960" timestamp="2026-03-31T16:39:34Z" uid="1" user="OSMnx" version="1" changeset="1"><nd ref="9482908693" /><nd ref="690133534" /><tag k="highway" v="unclassified" /><tag k="name" v="后湖路" /><tag k="oneway" v="no" /></way><way id="961" timestamp="2026-03-31T16:39:34Z" uid="1" user="OSMnx" version="1" changeset="1"><nd ref="9482908693" /><nd ref="4810103902" /><tag k="highway" v="unclassified" /><tag k="name" v="后湖路" /><tag k="oneway" v="no" /></way><way id="962" timestamp="2026-03-31T16:39:34Z" uid="1" user="OSMnx" version="1" changeset="1"><nd ref="9482908694" /><nd ref="690133536" /><tag k="highway" v="unclassified" /><tag k="name" v="后湖路" /><tag k="oneway" v="no" /></way><way id="963" timestamp="2026-03-31T16:39:34Z" uid="1" user="OSMnx" version="1" changeset="1"><nd ref="9482908694" /><nd ref="11655600962" /><tag k="highway" v="unclassified" /><tag k="name" v="后湖路" /><tag k="oneway" v="no" /></way><way id="964" timestamp="2026-03-31T16:39:34Z" uid="1" user="OSMnx" version="1" changeset="1"><nd ref="9482908695" /><nd ref="9482908696" /><tag k="highway" v="unclassified" /><tag k="name" v="后湖路" /><tag k="oneway" v="no" /></way><way id="965" timestamp="2026-03-31T16:39:34Z" uid="1" user="OSMnx" version="1" changeset="1"><nd ref="9482908695" /><nd ref="690133539" /><tag k="highway" v="unclassified" /><tag k="name" v="后湖路" /><tag k="oneway" v="no" /></way><way id="966" timestamp="2026-03-31T16:39:34Z" uid="1" user="OSMnx" version="1" changeset="1"><nd ref="9482908695" /><nd ref="10026147383" /><tag k="highway" v="footway" /><tag k="oneway" v="no" /></way><way id="967" timestamp="2026-03-31T16:39:34Z" uid="1" user="OSMnx" version="1" changeset="1"><nd ref="9482908696" /><nd ref="690133542" /><tag k="highway" v="unclassified" /><tag k="name" v="后湖路" /><tag k="oneway" v="no" /></way><way id="968" timestamp="2026-03-31T16:39:34Z" uid="1" user="OSMnx" version="1" changeset="1"><nd ref="9482908696" /><nd ref="9482908695" /><tag k="highway" v="unclassified" /><tag k="name" v="后湖路" /><tag k="oneway" v="no" /></way><way id="969" timestamp="2026-03-31T16:39:34Z" uid="1" user="OSMnx" version="1" changeset="1"><nd ref="9483371099" /><nd ref="5717652978" /><tag k="highway" v="service" /><tag k="oneway" v="no" /></way><way id="970" timestamp="2026-03-31T16:39:34Z" uid="1" user="OSMnx" version="1" changeset="1"><nd ref="9483371099" /><nd ref="9483371100" /><tag k="highway" v="service" /><tag k="oneway" v="no" /></way><way id="971" timestamp="2026-03-31T16:39:34Z" uid="1" user="OSMnx" version="1" changeset="1"><nd ref="9483371100" /><nd ref="9483371099" /><tag k="highway" v="service" /><tag k="oneway" v="no" /></way><way id="972" timestamp="2026-03-31T16:39:34Z" uid="1" user="OSMnx" version="1" changeset="1"><nd ref="9483371100" /><nd ref="5717652977" /><tag k="highway" v="service" /><tag k="oneway" v="no" /></way><way id="973" timestamp="2026-03-31T16:39:34Z" uid="1" user="OSMnx" version="1" changeset="1"><nd ref="9483371101" /><nd ref="12019966721" /><tag k="highway" v="service" /><tag k="oneway" v="no" /></way><way id="974" timestamp="2026-03-31T16:39:34Z" uid="1" user="OSMnx" version="1" changeset="1"><nd ref="9483371101" /><nd ref="5717652978" /><tag k="highway" v="service" /><tag k="oneway" v="no" /></way><way id="975" timestamp="2026-03-31T16:39:34Z" uid="1" user="OSMnx" version="1" changeset="1"><nd ref="9483371102" /><nd ref="5717652979" /><tag k="highway" v="service" /><tag k="oneway" v="no" /></way><way id="976" timestamp="2026-03-31T16:39:34Z" uid="1" user="OSMnx" version="1" changeset="1"><nd ref="9483371102" /><nd ref="12019966721" /><tag k="highway" v="service" /><tag k="oneway" v="no" /></way><way id="977" timestamp="2026-03-31T16:39:34Z" uid="1" user="OSMnx" version="1" changeset="1"><nd ref="9483371103" /><nd ref="5717652981" /><tag k="highway" v="service" /><tag k="oneway" v="no" /></way><way id="978" timestamp="2026-03-31T16:39:34Z" uid="1" user="OSMnx" version="1" changeset="1"><nd ref="9483371103" /><nd ref="5717652979" /><tag k="highway" v="service" /><tag k="oneway" v="no" /></way><way id="979" timestamp="2026-03-31T16:39:34Z" uid="1" user="OSMnx" version="1" changeset="1"><nd ref="9483371105" /><nd ref="3660206577" /><tag k="highway" v="residential" /><tag k="oneway" v="yes" /></way><way id="980" timestamp="2026-03-31T16:39:34Z" uid="1" user="OSMnx" version="1" changeset="1"><nd ref="9483371115" /><nd ref="6187750958" /><tag k="highway" v="service" /><tag k="oneway" v="no" /></way><way id="981" timestamp="2026-03-31T16:39:34Z" uid="1" user="OSMnx" version="1" changeset="1"><nd ref="9483371115" /><nd ref="6187750957" /><tag k="highway" v="service" /><tag k="oneway" v="no" /></way><way id="982" timestamp="2026-03-31T16:39:34Z" uid="1" user="OSMnx" version="1" changeset="1"><nd ref="9483371115" /><nd ref="9490554068" /><tag k="highway" v="service" /><tag k="oneway" v="no" /></way><way id="983" timestamp="2026-03-31T16:39:34Z" uid="1" user="OSMnx" version="1" changeset="1"><nd ref="9483371119" /><nd ref="6187750960" /><tag k="highway" v="service" /><tag k="oneway" v="no" /></way><way id="984" timestamp="2026-03-31T16:39:34Z" uid="1" user="OSMnx" version="1" changeset="1"><nd ref="9483371119" /><nd ref="13335540744" /><tag k="highway" v="service" /><tag k="oneway" v="no" /></way><way id="985" timestamp="2026-03-31T16:39:34Z" uid="1" user="OSMnx" version="1" changeset="1"><nd ref="9490553926" /><nd ref="9490553930" /><tag k="highway" v="service" /><tag k="oneway" v="no" /></way><way id="986" timestamp="2026-03-31T16:39:34Z" uid="1" user="OSMnx" version="1" changeset="1"><nd ref="9490553926" /><nd ref="9490553995" /><tag k="highway" v="service" /><tag k="oneway" v="no" /></way><way id="987" timestamp="2026-03-31T16:39:34Z" uid="1" user="OSMnx" version="1" changeset="1"><nd ref="9490553927" /><nd ref="9490553928" /><tag k="highway" v="service" /><tag k="oneway" v="no" /></way><way id="988" timestamp="2026-03-31T16:39:34Z" uid="1" user="OSMnx" version="1" changeset="1"><nd ref="9490553927" /><nd ref="9490553930" /><tag k="highway" v="service" /><tag k="oneway" v="no" /></way><way id="989" timestamp="2026-03-31T16:39:34Z" uid="1" user="OSMnx" version="1" changeset="1"><nd ref="9490553928" /><nd ref="9490553929" /><tag k="highway" v="service" /><tag k="oneway" v="no" /></way><way id="990" timestamp="2026-03-31T16:39:34Z" uid="1" user="OSMnx" version="1" changeset="1"><nd ref="9490553928" /><nd ref="9490553927" /><tag k="highway" v="service" /><tag k="oneway" v="no" /></way><way id="991" timestamp="2026-03-31T16:39:34Z" uid="1" user="OSMnx" version="1" changeset="1"><nd ref="9490553929" /><nd ref="9490553928" /><tag k="highway" v="service" /><tag k="oneway" v="no" /></way><way id="992" timestamp="2026-03-31T16:39:34Z" uid="1" user="OSMnx" version="1" changeset="1"><nd ref="9490553930" /><nd ref="9490553927" /><tag k="highway" v="service" /><tag k="oneway" v="no" /></way><way id="993" timestamp="2026-03-31T16:39:34Z" uid="1" user="OSMnx" version="1" changeset="1"><nd ref="9490553930" /><nd ref="9490553926" /><tag k="highway" v="service" /><tag k="oneway" v="no" /></way><way id="994" timestamp="2026-03-31T16:39:34Z" uid="1" user="OSMnx" version="1" changeset="1"><nd ref="9490553931" /><nd ref="3846490216" /><tag k="highway" v="service" /><tag k="oneway" v="no" /></way><way id="995" timestamp="2026-03-31T16:39:34Z" uid="1" user="OSMnx" version="1" changeset="1"><nd ref="9490553931" /><nd ref="9490553932" /><tag k="highway" v="service" /><tag k="oneway" v="no" /></way><way id="996" timestamp="2026-03-31T16:39:34Z" uid="1" user="OSMnx" version="1" changeset="1"><nd ref="9490553932" /><nd ref="9490553931" /><tag k="highway" v="service" /><tag k="oneway" v="no" /></way><way id="997" timestamp="2026-03-31T16:39:34Z" uid="1" user="OSMnx" version="1" changeset="1"><nd ref="9490553932" /><nd ref="9490553933" /><tag k="highway" v="service" /><tag k="oneway" v="no" /></way><way id="998" timestamp="2026-03-31T16:39:34Z" uid="1" user="OSMnx" version="1" changeset="1"><nd ref="9490553933" /><nd ref="9490553932" /><tag k="highway" v="service" /><tag k="oneway" v="no" /></way><way id="999" timestamp="2026-03-31T16:39:34Z" uid="1" user="OSMnx" version="1" changeset="1"><nd ref="9490553933" /><nd ref="9490553934" /><tag k="highway" v="service" /><tag k="oneway" v="no" /></way><way id="1000" timestamp="2026-03-31T16:39:34Z" uid="1" user="OSMnx" version="1" changeset="1"><nd ref="9490553934" /><nd ref="9490553933" /><tag k="highway" v="service" /><tag k="oneway" v="no" /></way><way id="1001" timestamp="2026-03-31T16:39:34Z" uid="1" user="OSMnx" version="1" changeset="1"><nd ref="9490553934" /><nd ref="9490553935" /><tag k="highway" v="service" /><tag k="oneway" v="no" /></way><way id="1002" timestamp="2026-03-31T16:39:34Z" uid="1" user="OSMnx" version="1" changeset="1"><nd ref="9490553935" /><nd ref="9490553934" /><tag k="highway" v="service" /><tag k="oneway" v="no" /></way><way id="1003" timestamp="2026-03-31T16:39:34Z" uid="1" user="OSMnx" version="1" changeset="1"><nd ref="9490553935" /><nd ref="3846490221" /><tag k="highway" v="service" /><tag k="oneway" v="no" /></way><way id="1004" timestamp="2026-03-31T16:39:34Z" uid="1" user="OSMnx" version="1" changeset="1"><nd ref="9490553936" /><nd ref="3846490221" /><tag k="highway" v="service" /><tag k="oneway" v="no" /></way><way id="1005" timestamp="2026-03-31T16:39:34Z" uid="1" user="OSMnx" version="1" changeset="1"><nd ref="9490553936" /><nd ref="9490553937" /><tag k="highway" v="service" /><tag k="oneway" v="no" /></way><way id="1006" timestamp="2026-03-31T16:39:34Z" uid="1" user="OSMnx" version="1" changeset="1"><nd ref="9490553937" /><nd ref="9490553936" /><tag k="highway" v="service" /><tag k="oneway" v="no" /></way><way id="1007" timestamp="2026-03-31T16:39:34Z" uid="1" user="OSMnx" version="1" changeset="1"><nd ref="9490553937" /><nd ref="9490553940" /><tag k="highway" v="service" /><tag k="oneway" v="no" /></way><way id="1008" timestamp="2026-03-31T16:39:34Z" uid="1" user="OSMnx" version="1" changeset="1"><nd ref="9490553938" /><nd ref="9490553940" /><tag k="highway" v="service" /><tag k="oneway" v="no" /></way><way id="1009" timestamp="2026-03-31T16:39:34Z" uid="1" user="OSMnx" version="1" changeset="1"><nd ref="9490553938" /><nd ref="9490553939" /><tag k="highway" v="service" /><tag k="oneway" v="no" /></way><way id="1010" timestamp="2026-03-31T16:39:34Z" uid="1" user="OSMnx" version="1" changeset="1"><nd ref="9490553939" /><nd ref="9490553938" /><tag k="highway" v="service" /><tag k="oneway" v="no" /></way><way id="1011" timestamp="2026-03-31T16:39:34Z" uid="1" user="OSMnx" version="1" changeset="1"><nd ref="9490553939" /><nd ref="9490553941" /><tag k="highway" v="service" /><tag k="oneway" v="no" /></way><way id="1012" timestamp="2026-03-31T16:39:34Z" uid="1" user="OSMnx" version="1" changeset="1"><nd ref="9490553940" /><nd ref="9490553937" /><tag k="highway" v="service" /><tag k="oneway" v="no" /></way><way id="1013" timestamp="2026-03-31T16:39:34Z" uid="1" user="OSMnx" version="1" changeset="1"><nd ref="9490553940" /><nd ref="9490553938" /><tag k="highway" v="service" /><tag k="oneway" v="no" /></way><way id="1014" timestamp="2026-03-31T16:39:34Z" uid="1" user="OSMnx" version="1" changeset="1"><nd ref="9490553941" /><nd ref="9490553939" /><tag k="highway" v="service" /><tag k="oneway" v="no" /></way><way id="1015" timestamp="2026-03-31T16:39:34Z" uid="1" user="OSMnx" version="1" changeset="1"><nd ref="9490553941" /><nd ref="9490553942" /><tag k="highway" v="service" /><tag k="oneway" v="no" /></way><way id="1016" timestamp="2026-03-31T16:39:34Z" uid="1" user="OSMnx" version="1" changeset="1"><nd ref="9490553942" /><nd ref="9490553941" /><tag k="highway" v="service" /><tag k="oneway" v="no" /></way><way id="1017" timestamp="2026-03-31T16:39:34Z" uid="1" user="OSMnx" version="1" changeset="1"><nd ref="9490553942" /><nd ref="9490553943" /><tag k="highway" v="service" /><tag k="oneway" v="no" /></way><way id="1018" timestamp="2026-03-31T16:39:34Z" uid="1" user="OSMnx" version="1" changeset="1"><nd ref="9490553943" /><nd ref="9490553942" /><tag k="highway" v="service" /><tag k="oneway" v="no" /></way><way id="1019" timestamp="2026-03-31T16:39:34Z" uid="1" user="OSMnx" version="1" changeset="1"><nd ref="9490553943" /><nd ref="9490553944" /><tag k="highway" v="service" /><tag k="oneway" v="no" /></way><way id="1020" timestamp="2026-03-31T16:39:34Z" uid="1" user="OSMnx" version="1" changeset="1"><nd ref="9490553944" /><nd ref="9490553943" /><tag k="highway" v="service" /><tag k="oneway" v="no" /></way><way id="1021" timestamp="2026-03-31T16:39:34Z" uid="1" user="OSMnx" version="1" changeset="1"><nd ref="9490553944" /><nd ref="9490553977" /><tag k="highway" v="service" /><tag k="oneway" v="no" /></way><way id="1022" timestamp="2026-03-31T16:39:34Z" uid="1" user="OSMnx" version="1" changeset="1"><nd ref="9490553945" /><nd ref="9490553952" /><tag k="highway" v="residential" /><tag k="oneway" v="yes" /></way><way id="1023" timestamp="2026-03-31T16:39:34Z" uid="1" user="OSMnx" version="1" changeset="1"><nd ref="9490553946" /><nd ref="9512737272" /><tag k="highway" v="residential" /><tag k="oneway" v="yes" /></way><way id="1024" timestamp="2026-03-31T16:39:34Z" uid="1" user="OSMnx" version="1" changeset="1"><nd ref="9490553946" /><nd ref="9512737256" /><tag k="highway" v="service" /><tag k="oneway" v="no" /></way><way id="1025" timestamp="2026-03-31T16:39:34Z" uid="1" user="OSMnx" version="1" changeset="1"><nd ref="9490553946" /><nd ref="9512737276" /><tag k="highway" v="service" /><tag k="oneway" v="no" /></way><way id="1026" timestamp="2026-03-31T16:39:34Z" uid="1" user="OSMnx" version="1" changeset="1"><nd ref="9490553951" /><nd ref="3846694569" /><tag k="highway" v="residential" /><tag k="oneway" v="yes" /></way><way id="1027" timestamp="2026-03-31T16:39:34Z" uid="1" user="OSMnx" version="1" changeset="1"><nd ref="9490553952" /><nd ref="9490553951" /><tag k="highway" v="residential" /><tag k="oneway" v="yes" /></way><way id="1028" timestamp="2026-03-31T16:39:34Z" uid="1" user="OSMnx" version="1" changeset="1"><nd ref="9490553977" /><nd ref="9490553944" /><tag k="highway" v="service" /><tag k="oneway" v="no" /></way><way id="1029" timestamp="2026-03-31T16:39:34Z" uid="1" user="OSMnx" version="1" changeset="1"><nd ref="9490553977" /><nd ref="9490553978" /><tag k="highway" v="service" /><tag k="oneway" v="no" /></way><way id="1030" timestamp="2026-03-31T16:39:34Z" uid="1" user="OSMnx" version="1" changeset="1"><nd ref="9490553978" /><nd ref="9490553977" /><tag k="highway" v="service" /><tag k="oneway" v="no" /></way><way id="1031" timestamp="2026-03-31T16:39:34Z" uid="1" user="OSMnx" version="1" changeset="1"><nd ref="9490553978" /><nd ref="9490553979" /><tag k="highway" v="service" /><tag k="oneway" v="no" /></way><way id="1032" timestamp="2026-03-31T16:39:34Z" uid="1" user="OSMnx" version="1" changeset="1"><nd ref="9490553979" /><nd ref="9490553978" /><tag k="highway" v="service" /><tag k="oneway" v="no" /></way><way id="1033" timestamp="2026-03-31T16:39:34Z" uid="1" user="OSMnx" version="1" changeset="1"><nd ref="9490553979" /><nd ref="9490553980" /><tag k="highway" v="service" /><tag k="oneway" v="no" /></way><way id="1034" timestamp="2026-03-31T16:39:34Z" uid="1" user="OSMnx" version="1" changeset="1"><nd ref="9490553980" /><nd ref="9490553979" /><tag k="highway" v="service" /><tag k="oneway" v="no" /></way><way id="1035" timestamp="2026-03-31T16:39:34Z" uid="1" user="OSMnx" version="1" changeset="1"><nd ref="9490553980" /><nd ref="9490553981" /><tag k="highway" v="service" /><tag k="oneway" v="no" /></way><way id="1036" timestamp="2026-03-31T16:39:34Z" uid="1" user="OSMnx" version="1" changeset="1"><nd ref="9490553981" /><nd ref="9490553980" /><tag k="highway" v="service" /><tag k="oneway" v="no" /></way><way id="1037" timestamp="2026-03-31T16:39:34Z" uid="1" user="OSMnx" version="1" changeset="1"><nd ref="9490553981" /><nd ref="9490553982" /><tag k="highway" v="service" /><tag k="oneway" v="no" /></way><way id="1038" timestamp="2026-03-31T16:39:34Z" uid="1" user="OSMnx" version="1" changeset="1"><nd ref="9490553982" /><nd ref="9490553981" /><tag k="highway" v="service" /><tag k="oneway" v="no" /></way><way id="1039" timestamp="2026-03-31T16:39:34Z" uid="1" user="OSMnx" version="1" changeset="1"><nd ref="9490553982" /><nd ref="9490553983" /><tag k="highway" v="service" /><tag k="oneway" v="no" /></way><way id="1040" timestamp="2026-03-31T16:39:34Z" uid="1" user="OSMnx" version="1" changeset="1"><nd ref="9490553983" /><nd ref="9490553982" /><tag k="highway" v="service" /><tag k="oneway" v="no" /></way><way id="1041" timestamp="2026-03-31T16:39:34Z" uid="1" user="OSMnx" version="1" changeset="1"><nd ref="9490553983" /><nd ref="3846694454" /><tag k="highway" v="service" /><tag k="oneway" v="no" /></way><way id="1042" timestamp="2026-03-31T16:39:34Z" uid="1" user="OSMnx" version="1" changeset="1"><nd ref="9490553984" /><nd ref="8977736250" /><tag k="highway" v="service" /><tag k="oneway" v="no" /></way><way id="1043" timestamp="2026-03-31T16:39:34Z" uid="1" user="OSMnx" version="1" changeset="1"><nd ref="9490553984" /><nd ref="9490553985" /><tag k="highway" v="service" /><tag k="oneway" v="no" /></way><way id="1044" timestamp="2026-03-31T16:39:34Z" uid="1" user="OSMnx" version="1" changeset="1"><nd ref="9490553985" /><nd ref="9490553984" /><tag k="highway" v="service" /><tag k="oneway" v="no" /></way><way id="1045" timestamp="2026-03-31T16:39:34Z" uid="1" user="OSMnx" version="1" changeset="1"><nd ref="9490553985" /><nd ref="9490553986" /><tag k="highway" v="service" /><tag k="oneway" v="no" /></way><way id="1046" timestamp="2026-03-31T16:39:34Z" uid="1" user="OSMnx" version="1" changeset="1"><nd ref="9490553986" /><nd ref="9490553985" /><tag k="highway" v="service" /><tag k="oneway" v="no" /></way><way id="1047" timestamp="2026-03-31T16:39:34Z" uid="1" user="OSMnx" version="1" changeset="1"><nd ref="9490553986" /><nd ref="9490553987" /><tag k="highway" v="service" /><tag k="oneway" v="no" /></way><way id="1048" timestamp="2026-03-31T16:39:34Z" uid="1" user="OSMnx" version="1" changeset="1"><nd ref="9490553987" /><nd ref="9490553986" /><tag k="highway" v="service" /><tag k="oneway" v="no" /></way><way id="1049" timestamp="2026-03-31T16:39:34Z" uid="1" user="OSMnx" version="1" changeset="1"><nd ref="9490553987" /><nd ref="9490553988" /><tag k="highway" v="service" /><tag k="oneway" v="no" /></way><way id="1050" timestamp="2026-03-31T16:39:34Z" uid="1" user="OSMnx" version="1" changeset="1"><nd ref="9490553988" /><nd ref="9490553987" /><tag k="highway" v="service" /><tag k="oneway" v="no" /></way><way id="1051" timestamp="2026-03-31T16:39:34Z" uid="1" user="OSMnx" version="1" changeset="1"><nd ref="9490553988" /><nd ref="9490553989" /><tag k="highway" v="service" /><tag k="oneway" v="no" /></way><way id="1052" timestamp="2026-03-31T16:39:34Z" uid="1" user="OSMnx" version="1" changeset="1"><nd ref="9490553989" /><nd ref="9490553988" /><tag k="highway" v="service" /><tag k="oneway" v="no" /></way><way id="1053" timestamp="2026-03-31T16:39:34Z" uid="1" user="OSMnx" version="1" changeset="1"><nd ref="9490553989" /><nd ref="9490553990" /><tag k="highway" v="service" /><tag k="oneway" v="no" /></way><way id="1054" timestamp="2026-03-31T16:39:34Z" uid="1" user="OSMnx" version="1" changeset="1"><nd ref="9490553990" /><nd ref="9490553989" /><tag k="highway" v="service" /><tag k="oneway" v="no" /></way><way id="1055" timestamp="2026-03-31T16:39:34Z" uid="1" user="OSMnx" version="1" changeset="1"><nd ref="9490553990" /><nd ref="9490553991" /><tag k="highway" v="service" /><tag k="oneway" v="no" /></way><way id="1056" timestamp="2026-03-31T16:39:34Z" uid="1" user="OSMnx" version="1" changeset="1"><nd ref="9490553991" /><nd ref="9490553990" /><tag k="highway" v="service" /><tag k="oneway" v="no" /></way><way id="1057" timestamp="2026-03-31T16:39:34Z" uid="1" user="OSMnx" version="1" changeset="1"><nd ref="9490553991" /><nd ref="9490553992" /><tag k="highway" v="service" /><tag k="oneway" v="no" /></way><way id="1058" timestamp="2026-03-31T16:39:34Z" uid="1" user="OSMnx" version="1" changeset="1"><nd ref="9490553992" /><nd ref="9490553991" /><tag k="highway" v="service" /><tag k="oneway" v="no" /></way><way id="1059" timestamp="2026-03-31T16:39:34Z" uid="1" user="OSMnx" version="1" changeset="1"><nd ref="9490553992" /><nd ref="9490553993" /><tag k="highway" v="service" /><tag k="oneway" v="no" /></way><way id="1060" timestamp="2026-03-31T16:39:34Z" uid="1" user="OSMnx" version="1" changeset="1"><nd ref="9490553993" /><nd ref="9490553992" /><tag k="highway" v="service" /><tag k="oneway" v="no" /></way><way id="1061" timestamp="2026-03-31T16:39:34Z" uid="1" user="OSMnx" version="1" changeset="1"><nd ref="9490553993" /><nd ref="9490553994" /><tag k="highway" v="service" /><tag k="oneway" v="no" /></way><way id="1062" timestamp="2026-03-31T16:39:34Z" uid="1" user="OSMnx" version="1" changeset="1"><nd ref="9490553994" /><nd ref="9490553993" /><tag k="highway" v="service" /><tag k="oneway" v="no" /></way><way id="1063" timestamp="2026-03-31T16:39:34Z" uid="1" user="OSMnx" version="1" changeset="1"><nd ref="9490553995" /><nd ref="9490553926" /><tag k="highway" v="service" /><tag k="oneway" v="no" /></way><way id="1064" timestamp="2026-03-31T16:39:34Z" uid="1" user="OSMnx" version="1" changeset="1"><nd ref="9490553995" /><nd ref="9490553996" /><tag k="highway" v="service" /><tag k="oneway" v="no" /></way><way id="1065" timestamp="2026-03-31T16:39:34Z" uid="1" user="OSMnx" version="1" changeset="1"><nd ref="9490553996" /><nd ref="9490553995" /><tag k="highway" v="service" /><tag k="oneway" v="no" /></way><way id="1066" timestamp="2026-03-31T16:39:34Z" uid="1" user="OSMnx" version="1" changeset="1"><nd ref="9490553996" /><nd ref="8977736250" /><tag k="highway" v="service" /><tag k="oneway" v="no" /></way><way id="1067" timestamp="2026-03-31T16:39:34Z" uid="1" user="OSMnx" version="1" changeset="1"><nd ref="9490553997" /><nd ref="9490553998" /><tag k="highway" v="residential" /><tag k="oneway" v="no" /></way><way id="1068" timestamp="2026-03-31T16:39:34Z" uid="1" user="OSMnx" version="1" changeset="1"><nd ref="9490553997" /><nd ref="8977736250" /><tag k="highway" v="residential" /><tag k="oneway" v="no" /></way><way id="1069" timestamp="2026-03-31T16:39:34Z" uid="1" user="OSMnx" version="1" changeset="1"><nd ref="9490553998" /><nd ref="9490554001" /><tag k="highway" v="residential" /><tag k="oneway" v="no" /></way><way id="1070" timestamp="2026-03-31T16:39:34Z" uid="1" user="OSMnx" version="1" changeset="1"><nd ref="9490553998" /><nd ref="9490553997" /><tag k="highway" v="residential" /><tag k="oneway" v="no" /></way><way id="1071" timestamp="2026-03-31T16:39:34Z" uid="1" user="OSMnx" version="1" changeset="1"><nd ref="9490553999" /><nd ref="3846694569" /><tag k="highway" v="residential" /><tag k="oneway" v="no" /></way><way id="1072" timestamp="2026-03-31T16:39:34Z" uid="1" user="OSMnx" version="1" changeset="1"><nd ref="9490553999" /><nd ref="9490554000" /><tag k="highway" v="residential" /><tag k="oneway" v="no" /></way><way id="1073" timestamp="2026-03-31T16:39:34Z" uid="1" user="OSMnx" version="1" changeset="1"><nd ref="9490554000" /><nd ref="9490553999" /><tag k="highway" v="residential" /><tag k="oneway" v="no" /></way><way id="1074" timestamp="2026-03-31T16:39:34Z" uid="1" user="OSMnx" version="1" changeset="1"><nd ref="9490554000" /><nd ref="9490554003" /><tag k="highway" v="residential" /><tag k="oneway" v="no" /></way><way id="1075" timestamp="2026-03-31T16:39:34Z" uid="1" user="OSMnx" version="1" changeset="1"><nd ref="9490554001" /><nd ref="9490554002" /><tag k="highway" v="residential" /><tag k="oneway" v="no" /></way><way id="1076" timestamp="2026-03-31T16:39:34Z" uid="1" user="OSMnx" version="1" changeset="1"><nd ref="9490554001" /><nd ref="9490553998" /><tag k="highway" v="residential" /><tag k="oneway" v="no" /></way><way id="1077" timestamp="2026-03-31T16:39:34Z" uid="1" user="OSMnx" version="1" changeset="1"><nd ref="9490554002" /><nd ref="3846490216" /><tag k="highway" v="residential" /><tag k="oneway" v="no" /></way><way id="1078" timestamp="2026-03-31T16:39:34Z" uid="1" user="OSMnx" version="1" changeset="1"><nd ref="9490554002" /><nd ref="9490554001" /><tag k="highway" v="residential" /><tag k="oneway" v="no" /></way><way id="1079" timestamp="2026-03-31T16:39:34Z" uid="1" user="OSMnx" version="1" changeset="1"><nd ref="9490554003" /><nd ref="9490554000" /><tag k="highway" v="residential" /><tag k="oneway" v="no" /></way><way id="1080" timestamp="2026-03-31T16:39:34Z" uid="1" user="OSMnx" version="1" changeset="1"><nd ref="9490554003" /><nd ref="3846490216" /><tag k="highway" v="residential" /><tag k="oneway" v="no" /></way><way id="1081" timestamp="2026-03-31T16:39:34Z" uid="1" user="OSMnx" version="1" changeset="1"><nd ref="9490554010" /><nd ref="1659032533" /><tag k="highway" v="service" /><tag k="oneway" v="no" /></way><way id="1082" timestamp="2026-03-31T16:39:34Z" uid="1" user="OSMnx" version="1" changeset="1"><nd ref="9490554010" /><nd ref="1659032538" /><tag k="highway" v="service" /><tag k="oneway" v="no" /></way><way id="1083" timestamp="2026-03-31T16:39:34Z" uid="1" user="OSMnx" version="1" changeset="1"><nd ref="9490554024" /><nd ref="9512719809" /><tag k="highway" v="service" /><tag k="oneway" v="no" /></way><way id="1084" timestamp="2026-03-31T16:39:34Z" uid="1" user="OSMnx" version="1" changeset="1"><nd ref="9490554024" /><nd ref="9512719808" /><tag k="highway" v="service" /><tag k="oneway" v="no" /></way><way id="1085" timestamp="2026-03-31T16:39:34Z" uid="1" user="OSMnx" version="1" changeset="1"><nd ref="9490554025" /><nd ref="9512719809" /><tag k="highway" v="residential" /><tag k="oneway" v="no" /></way><way id="1086" timestamp="2026-03-31T16:39:34Z" uid="1" user="OSMnx" version="1" changeset="1"><nd ref="9490554025" /><nd ref="9512719799" /><tag k="highway" v="residential" /><tag k="oneway" v="no" /></way><way id="1087" timestamp="2026-03-31T16:39:34Z" uid="1" user="OSMnx" version="1" changeset="1"><nd ref="9490554068" /><nd ref="9490554069" /><tag k="highway" v="service" /><tag k="oneway" v="no" /></way><way id="1088" timestamp="2026-03-31T16:39:34Z" uid="1" user="OSMnx" version="1" changeset="1"><nd ref="9490554068" /><nd ref="9483371115" /><tag k="highway" v="service" /><tag k="oneway" v="no" /></way><way id="1089" timestamp="2026-03-31T16:39:34Z" uid="1" user="OSMnx" version="1" changeset="1"><nd ref="9490554068" /><nd ref="9490554078" /><tag k="highway" v="service" /><tag k="oneway" v="no" /></way><way id="1090" timestamp="2026-03-31T16:39:34Z" uid="1" user="OSMnx" version="1" changeset="1"><nd ref="9490554069" /><nd ref="9490554070" /><tag k="highway" v="service" /><tag k="oneway" v="no" /></way><way id="1091" timestamp="2026-03-31T16:39:34Z" uid="1" user="OSMnx" version="1" changeset="1"><nd ref="9490554069" /><nd ref="9490554068" /><tag k="highway" v="service" /><tag k="oneway" v="no" /></way><way id="1092" timestamp="2026-03-31T16:39:34Z" uid="1" user="OSMnx" version="1" changeset="1"><nd ref="9490554070" /><nd ref="9490554081" /><tag k="highway" v="service" /><tag k="oneway" v="no" /></way><way id="1093" timestamp="2026-03-31T16:39:34Z" uid="1" user="OSMnx" version="1" changeset="1"><nd ref="9490554070" /><nd ref="9490554069" /><tag k="highway" v="service" /><tag k="oneway" v="no" /></way><way id="1094" timestamp="2026-03-31T16:39:34Z" uid="1" user="OSMnx" version="1" changeset="1"><nd ref="9490554071" /><nd ref="9490554081" /><tag k="highway" v="service" /><tag k="oneway" v="no" /></way><way id="1095" timestamp="2026-03-31T16:39:34Z" uid="1" user="OSMnx" version="1" changeset="1"><nd ref="9490554076" /><nd ref="9490554077" /><tag k="highway" v="service" /><tag k="oneway" v="no" /></way><way id="1096" timestamp="2026-03-31T16:39:34Z" uid="1" user="OSMnx" version="1" changeset="1"><nd ref="9490554077" /><nd ref="9490554084" /><tag k="highway" v="service" /><tag k="oneway" v="no" /></way><way id="1097" timestamp="2026-03-31T16:39:34Z" uid="1" user="OSMnx" version="1" changeset="1"><nd ref="9490554077" /><nd ref="9490554076" /><tag k="highway" v="service" /><tag k="oneway" v="no" /></way><way id="1098" timestamp="2026-03-31T16:39:34Z" uid="1" user="OSMnx" version="1" changeset="1"><nd ref="9490554078" /><nd ref="9490554068" /><tag k="highway" v="service" /><tag k="oneway" v="no" /></way><way id="1099" timestamp="2026-03-31T16:39:34Z" uid="1" user="OSMnx" version="1" changeset="1"><nd ref="9490554078" /><nd ref="9490554084" /><tag k="highway" v="service" /><tag k="oneway" v="no" /></way><way id="1100" timestamp="2026-03-31T16:39:34Z" uid="1" user="OSMnx" version="1" changeset="1"><nd ref="9490554081" /><nd ref="9490554071" /><tag k="highway" v="service" /><tag k="oneway" v="no" /></way><way id="1101" timestamp="2026-03-31T16:39:34Z" uid="1" user="OSMnx" version="1" changeset="1"><nd ref="9490554081" /><nd ref="9490554070" /><tag k="highway" v="service" /><tag k="oneway" v="no" /></way><way id="1102" timestamp="2026-03-31T16:39:34Z" uid="1" user="OSMnx" version="1" changeset="1"><nd ref="9490554084" /><nd ref="9490554078" /><tag k="highway" v="service" /><tag k="oneway" v="no" /></way><way id="1103" timestamp="2026-03-31T16:39:34Z" uid="1" user="OSMnx" version="1" changeset="1"><nd ref="9490554084" /><nd ref="9490554077" /><tag k="highway" v="service" /><tag k="oneway" v="no" /></way><way id="1104" timestamp="2026-03-31T16:39:34Z" uid="1" user="OSMnx" version="1" changeset="1"><nd ref="9490714974" /><nd ref="9492064596" /><tag k="highway" v="residential" /><tag k="oneway" v="yes" /></way><way id="1105" timestamp="2026-03-31T16:39:34Z" uid="1" user="OSMnx" version="1" changeset="1"><nd ref="9490764405" /><nd ref="9490764411" /><tag k="highway" v="residential" /><tag k="oneway" v="yes" /></way><way id="1106" timestamp="2026-03-31T16:39:34Z" uid="1" user="OSMnx" version="1" changeset="1"><nd ref="9490764405" /><nd ref="1658714408" /><tag k="highway" v="secondary" /><tag k="lanes" v="2" /><tag k="maxspeed" v="40" /><tag k="oneway" v="yes" /></way><way id="1107" timestamp="2026-03-31T16:39:34Z" uid="1" user="OSMnx" version="1" changeset="1"><nd ref="9490764406" /><nd ref="3660285767" /><tag k="highway" v="residential" /><tag k="oneway" v="yes" /></way><way id="1108" timestamp="2026-03-31T16:39:34Z" uid="1" user="OSMnx" version="1" changeset="1"><nd ref="9490764407" /><nd ref="9457752900" /><tag k="highway" v="residential" /><tag k="oneway" v="yes" /></way><way id="1109" timestamp="2026-03-31T16:39:34Z" uid="1" user="OSMnx" version="1" changeset="1"><nd ref="9490764408" /><nd ref="1658988810" /><tag k="highway" v="secondary" /><tag k="lanes" v="2" /><tag k="maxspeed" v="40" /><tag k="oneway" v="yes" /></way><way id="1110" timestamp="2026-03-31T16:39:34Z" uid="1" user="OSMnx" version="1" changeset="1"><nd ref="9490764408" /><nd ref="9490764419" /><tag k="highway" v="residential" /><tag k="oneway" v="yes" /></way><way id="1111" timestamp="2026-03-31T16:39:34Z" uid="1" user="OSMnx" version="1" changeset="1"><nd ref="9490764409" /><nd ref="9490764412" /><tag k="highway" v="residential" /><tag k="oneway" v="yes" /></way><way id="1112" timestamp="2026-03-31T16:39:34Z" uid="1" user="OSMnx" version="1" changeset="1"><nd ref="9490764410" /><nd ref="9512737287" /><tag k="highway" v="residential" /><tag k="oneway" v="yes" /></way><way id="1113" timestamp="2026-03-31T16:39:34Z" uid="1" user="OSMnx" version="1" changeset="1"><nd ref="9490764411" /><nd ref="9490764421" /><tag k="highway" v="residential" /><tag k="oneway" v="yes" /></way><way id="1114" timestamp="2026-03-31T16:39:34Z" uid="1" user="OSMnx" version="1" changeset="1"><nd ref="9490764412" /><nd ref="1658714407" /><tag k="highway" v="residential" /><tag k="oneway" v="yes" /></way><way id="1115" timestamp="2026-03-31T16:39:34Z" uid="1" user="OSMnx" version="1" changeset="1"><nd ref="9490764412" /><nd ref="1659009945" /><tag k="highway" v="service" /><tag k="oneway" v="no" /></way><way id="1116" timestamp="2026-03-31T16:39:34Z" uid="1" user="OSMnx" version="1" changeset="1"><nd ref="9490764412" /><nd ref="9490764420" /><tag k="highway" v="service" /><tag k="oneway" v="no" /></way><way id="1117" timestamp="2026-03-31T16:39:34Z" uid="1" user="OSMnx" version="1" changeset="1"><nd ref="9490764413" /><nd ref="1658714407" /><tag k="highway" v="residential" /><tag k="oneway" v="no" /></way><way id="1118" timestamp="2026-03-31T16:39:34Z" uid="1" user="OSMnx" version="1" changeset="1"><nd ref="9490764413" /><nd ref="9493016097" /><tag k="highway" v="residential" /><tag k="oneway" v="no" /></way><way id="1119" timestamp="2026-03-31T16:39:34Z" uid="1" user="OSMnx" version="1" changeset="1"><nd ref="9490764413" /><nd ref="9490764420" /><tag k="highway" v="residential" /><tag k="oneway" v="yes" /></way><way id="1120" timestamp="2026-03-31T16:39:34Z" uid="1" user="OSMnx" version="1" changeset="1"><nd ref="9490764414" /><nd ref="9490764415" /><tag k="highway" v="residential" /><tag k="oneway" v="yes" /></way><way id="1121" timestamp="2026-03-31T16:39:34Z" uid="1" user="OSMnx" version="1" changeset="1"><nd ref="9490764415" /><nd ref="9490764416" /><tag k="highway" v="residential" /><tag k="oneway" v="yes" /></way><way id="1122" timestamp="2026-03-31T16:39:34Z" uid="1" user="OSMnx" version="1" changeset="1"><nd ref="9490764416" /><nd ref="9490764417" /><tag k="highway" v="residential" /><tag k="oneway" v="yes" /></way><way id="1123" timestamp="2026-03-31T16:39:34Z" uid="1" user="OSMnx" version="1" changeset="1"><nd ref="9490764417" /><nd ref="9490764418" /><tag k="highway" v="residential" /><tag k="oneway" v="yes" /></way><way id="1124" timestamp="2026-03-31T16:39:34Z" uid="1" user="OSMnx" version="1" changeset="1"><nd ref="9490764418" /><nd ref="9490764408" /><tag k="highway" v="residential" /><tag k="oneway" v="yes" /></way><way id="1125" timestamp="2026-03-31T16:39:34Z" uid="1" user="OSMnx" version="1" changeset="1"><nd ref="9490764419" /><nd ref="1658988797" /><tag k="highway" v="residential" /><tag k="oneway" v="yes" /></way><way id="1126" timestamp="2026-03-31T16:39:34Z" uid="1" user="OSMnx" version="1" changeset="1"><nd ref="9490764420" /><nd ref="9490764412" /><tag k="highway" v="service" /><tag k="oneway" v="no" /></way><way id="1127" timestamp="2026-03-31T16:39:34Z" uid="1" user="OSMnx" version="1" changeset="1"><nd ref="9490764420" /><nd ref="5722864515" /><tag k="highway" v="residential" /><tag k="oneway" v="yes" /></way><way id="1128" timestamp="2026-03-31T16:39:34Z" uid="1" user="OSMnx" version="1" changeset="1"><nd ref="9490764421" /><nd ref="9490764410" /><tag k="highway" v="residential" /><tag k="oneway" v="yes" /></way><way id="1129" timestamp="2026-03-31T16:39:34Z" uid="1" user="OSMnx" version="1" changeset="1"><nd ref="9491091580" /><nd ref="9491091581" /><tag k="highway" v="residential" /><tag k="oneway" v="no" /></way><way id="1130" timestamp="2026-03-31T16:39:34Z" uid="1" user="OSMnx" version="1" changeset="1"><nd ref="9491091580" /><nd ref="9491091599" /><tag k="highway" v="residential" /><tag k="oneway" v="no" /></way><way id="1131" timestamp="2026-03-31T16:39:34Z" uid="1" user="OSMnx" version="1" changeset="1"><nd ref="9491091581" /><nd ref="9491091591" /><tag k="highway" v="residential" /><tag k="oneway" v="no" /></way><way id="1132" timestamp="2026-03-31T16:39:34Z" uid="1" user="OSMnx" version="1" changeset="1"><nd ref="9491091581" /><nd ref="9491091580" /><tag k="highway" v="residential" /><tag k="oneway" v="no" /></way><way id="1133" timestamp="2026-03-31T16:39:34Z" uid="1" user="OSMnx" version="1" changeset="1"><nd ref="9491091581" /><nd ref="10994902463" /><tag k="highway" v="service" /><tag k="oneway" v="no" /></way><way id="1134" timestamp="2026-03-31T16:39:34Z" uid="1" user="OSMnx" version="1" changeset="1"><nd ref="9491091582" /><nd ref="9491091583" /><tag k="highway" v="residential" /><tag k="oneway" v="no" /></way><way id="1135" timestamp="2026-03-31T16:39:34Z" uid="1" user="OSMnx" version="1" changeset="1"><nd ref="9491091582" /><nd ref="9491091591" /><tag k="highway" v="residential" /><tag k="oneway" v="no" /></way><way id="1136" timestamp="2026-03-31T16:39:34Z" uid="1" user="OSMnx" version="1" changeset="1"><nd ref="9491091583" /><nd ref="9491091590" /><tag k="highway" v="residential" /><tag k="oneway" v="no" /></way><way id="1137" timestamp="2026-03-31T16:39:34Z" uid="1" user="OSMnx" version="1" changeset="1"><nd ref="9491091583" /><nd ref="9491091582" /><tag k="highway" v="residential" /><tag k="oneway" v="no" /></way><way id="1138" timestamp="2026-03-31T16:39:34Z" uid="1" user="OSMnx" version="1" changeset="1"><nd ref="9491091584" /><nd ref="9491091585" /><tag k="highway" v="residential" /><tag k="oneway" v="no" /></way><way id="1139" timestamp="2026-03-31T16:39:34Z" uid="1" user="OSMnx" version="1" changeset="1"><nd ref="9491091584" /><nd ref="9491091590" /><tag k="highway" v="residential" /><tag k="oneway" v="no" /></way><way id="1140" timestamp="2026-03-31T16:39:34Z" uid="1" user="OSMnx" version="1" changeset="1"><nd ref="9491091585" /><nd ref="9491091586" /><tag k="highway" v="residential" /><tag k="oneway" v="no" /></way><way id="1141" timestamp="2026-03-31T16:39:34Z" uid="1" user="OSMnx" version="1" changeset="1"><nd ref="9491091585" /><nd ref="9491091584" /><tag k="highway" v="residential" /><tag k="oneway" v="no" /></way><way id="1142" timestamp="2026-03-31T16:39:34Z" uid="1" user="OSMnx" version="1" changeset="1"><nd ref="9491091586" /><nd ref="9491091587" /><tag k="highway" v="residential" /><tag k="oneway" v="no" /></way><way id="1143" timestamp="2026-03-31T16:39:34Z" uid="1" user="OSMnx" version="1" changeset="1"><nd ref="9491091586" /><nd ref="9491091585" /><tag k="highway" v="residential" /><tag k="oneway" v="no" /></way><way id="1144" timestamp="2026-03-31T16:39:34Z" uid="1" user="OSMnx" version="1" changeset="1"><nd ref="9491091587" /><nd ref="9491091588" /><tag k="highway" v="residential" /><tag k="oneway" v="no" /></way><way id="1145" timestamp="2026-03-31T16:39:34Z" uid="1" user="OSMnx" version="1" changeset="1"><nd ref="9491091587" /><nd ref="9491091586" /><tag k="highway" v="residential" /><tag k="oneway" v="no" /></way><way id="1146" timestamp="2026-03-31T16:39:34Z" uid="1" user="OSMnx" version="1" changeset="1"><nd ref="9491091588" /><nd ref="9491091589" /><tag k="highway" v="residential" /><tag k="oneway" v="no" /></way><way id="1147" timestamp="2026-03-31T16:39:34Z" uid="1" user="OSMnx" version="1" changeset="1"><nd ref="9491091588" /><nd ref="9491091587" /><tag k="highway" v="residential" /><tag k="oneway" v="no" /></way><way id="1148" timestamp="2026-03-31T16:39:34Z" uid="1" user="OSMnx" version="1" changeset="1"><nd ref="9491091589" /><nd ref="9491091588" /><tag k="highway" v="residential" /><tag k="oneway" v="no" /></way><way id="1149" timestamp="2026-03-31T16:39:34Z" uid="1" user="OSMnx" version="1" changeset="1"><nd ref="9491091589" /><nd ref="9491091610" /><tag k="highway" v="residential" /><tag k="oneway" v="no" /></way><way id="1150" timestamp="2026-03-31T16:39:34Z" uid="1" user="OSMnx" version="1" changeset="1"><nd ref="9491091589" /><nd ref="9491091609" /><tag k="highway" v="residential" /><tag k="oneway" v="no" /></way><way id="1151" timestamp="2026-03-31T16:39:34Z" uid="1" user="OSMnx" version="1" changeset="1"><nd ref="9491091590" /><nd ref="9491091584" /><tag k="highway" v="residential" /><tag k="oneway" v="no" /></way><way id="1152" timestamp="2026-03-31T16:39:34Z" uid="1" user="OSMnx" version="1" changeset="1"><nd ref="9491091590" /><nd ref="9491091583" /><tag k="highway" v="residential" /><tag k="oneway" v="no" /></way><way id="1153" timestamp="2026-03-31T16:39:34Z" uid="1" user="OSMnx" version="1" changeset="1"><nd ref="9491091591" /><nd ref="9491091582" /><tag k="highway" v="residential" /><tag k="oneway" v="no" /></way><way id="1154" timestamp="2026-03-31T16:39:34Z" uid="1" user="OSMnx" version="1" changeset="1"><nd ref="9491091591" /><nd ref="9491091581" /><tag k="highway" v="residential" /><tag k="oneway" v="no" /></way><way id="1155" timestamp="2026-03-31T16:39:34Z" uid="1" user="OSMnx" version="1" changeset="1"><nd ref="9491091599" /><nd ref="9491091580" /><tag k="highway" v="residential" /><tag k="oneway" v="no" /></way><way id="1156" timestamp="2026-03-31T16:39:34Z" uid="1" user="OSMnx" version="1" changeset="1"><nd ref="9491091599" /><nd ref="9491091600" /><tag k="highway" v="residential" /><tag k="oneway" v="no" /></way><way id="1157" timestamp="2026-03-31T16:39:34Z" uid="1" user="OSMnx" version="1" changeset="1"><nd ref="9491091600" /><nd ref="9491091599" /><tag k="highway" v="residential" /><tag k="oneway" v="no" /></way><way id="1158" timestamp="2026-03-31T16:39:34Z" uid="1" user="OSMnx" version="1" changeset="1"><nd ref="9491091600" /><nd ref="9491091601" /><tag k="highway" v="residential" /><tag k="oneway" v="no" /></way><way id="1159" timestamp="2026-03-31T16:39:34Z" uid="1" user="OSMnx" version="1" changeset="1"><nd ref="9491091601" /><nd ref="9491091600" /><tag k="highway" v="residential" /><tag k="oneway" v="no" /></way><way id="1160" timestamp="2026-03-31T16:39:34Z" uid="1" user="OSMnx" version="1" changeset="1"><nd ref="9491091601" /><nd ref="9491091602" /><tag k="highway" v="residential" /><tag k="oneway" v="no" /></way><way id="1161" timestamp="2026-03-31T16:39:34Z" uid="1" user="OSMnx" version="1" changeset="1"><nd ref="9491091602" /><nd ref="9491091601" /><tag k="highway" v="residential" /><tag k="oneway" v="no" /></way><way id="1162" timestamp="2026-03-31T16:39:34Z" uid="1" user="OSMnx" version="1" changeset="1"><nd ref="9491091602" /><nd ref="9491091603" /><tag k="highway" v="residential" /><tag k="oneway" v="no" /></way><way id="1163" timestamp="2026-03-31T16:39:34Z" uid="1" user="OSMnx" version="1" changeset="1"><nd ref="9491091603" /><nd ref="9466479493" /><tag k="highway" v="secondary" /><tag k="name" v="后湖路" /><tag k="oneway" v="yes" /></way><way id="1164" timestamp="2026-03-31T16:39:34Z" uid="1" user="OSMnx" version="1" changeset="1"><nd ref="9491091603" /><nd ref="9491091602" /><tag k="highway" v="residential" /><tag k="oneway" v="no" /></way><way id="1165" timestamp="2026-03-31T16:39:34Z" uid="1" user="OSMnx" version="1" changeset="1"><nd ref="9491091603" /><nd ref="9491091604" /><tag k="highway" v="residential" /><tag k="oneway" v="no" /></way><way id="1166" timestamp="2026-03-31T16:39:34Z" uid="1" user="OSMnx" version="1" changeset="1"><nd ref="9491091604" /><nd ref="9466479473" /><tag k="highway" v="secondary" /><tag k="lanes" v="4" /><tag k="name" v="后湖路" /><tag k="oneway" v="yes" /></way><way id="1167" timestamp="2026-03-31T16:39:34Z" uid="1" user="OSMnx" version="1" changeset="1"><nd ref="9491091604" /><nd ref="9491091603" /><tag k="highway" v="residential" /><tag k="oneway" v="no" /></way><way id="1168" timestamp="2026-03-31T16:39:34Z" uid="1" user="OSMnx" version="1" changeset="1"><nd ref="9491091605" /><nd ref="9491091606" /><tag k="highway" v="residential" /><tag k="oneway" v="no" /></way><way id="1169" timestamp="2026-03-31T16:39:34Z" uid="1" user="OSMnx" version="1" changeset="1"><nd ref="9491091606" /><nd ref="9491091607" /><tag k="highway" v="residential" /><tag k="oneway" v="no" /></way><way id="1170" timestamp="2026-03-31T16:39:34Z" uid="1" user="OSMnx" version="1" changeset="1"><nd ref="9491091606" /><nd ref="9491091605" /><tag k="highway" v="residential" /><tag k="oneway" v="no" /></way><way id="1171" timestamp="2026-03-31T16:39:34Z" uid="1" user="OSMnx" version="1" changeset="1"><nd ref="9491091607" /><nd ref="9491091615" /><tag k="highway" v="residential" /><tag k="oneway" v="no" /></way><way id="1172" timestamp="2026-03-31T16:39:34Z" uid="1" user="OSMnx" version="1" changeset="1"><nd ref="9491091607" /><nd ref="9491091606" /><tag k="highway" v="residential" /><tag k="oneway" v="no" /></way><way id="1173" timestamp="2026-03-31T16:39:34Z" uid="1" user="OSMnx" version="1" changeset="1"><nd ref="9491091608" /><nd ref="9491091609" /><tag k="highway" v="residential" /><tag k="oneway" v="no" /></way><way id="1174" timestamp="2026-03-31T16:39:34Z" uid="1" user="OSMnx" version="1" changeset="1"><nd ref="9491091608" /><nd ref="9491091616" /><tag k="highway" v="residential" /><tag k="oneway" v="no" /></way><way id="1175" timestamp="2026-03-31T16:39:34Z" uid="1" user="OSMnx" version="1" changeset="1"><nd ref="9491091609" /><nd ref="9491091589" /><tag k="highway" v="residential" /><tag k="oneway" v="no" /></way><way id="1176" timestamp="2026-03-31T16:39:34Z" uid="1" user="OSMnx" version="1" changeset="1"><nd ref="9491091609" /><nd ref="9491091608" /><tag k="highway" v="residential" /><tag k="oneway" v="no" /></way><way id="1177" timestamp="2026-03-31T16:39:34Z" uid="1" user="OSMnx" version="1" changeset="1"><nd ref="9491091610" /><nd ref="9491091617" /><tag k="highway" v="residential" /><tag k="oneway" v="no" /></way><way id="1178" timestamp="2026-03-31T16:39:34Z" uid="1" user="OSMnx" version="1" changeset="1"><nd ref="9491091610" /><nd ref="9491091589" /><tag k="highway" v="residential" /><tag k="oneway" v="no" /></way><way id="1179" timestamp="2026-03-31T16:39:34Z" uid="1" user="OSMnx" version="1" changeset="1"><nd ref="9491091611" /><nd ref="9491091612" /><tag k="highway" v="residential" /><tag k="oneway" v="no" /></way><way id="1180" timestamp="2026-03-31T16:39:34Z" uid="1" user="OSMnx" version="1" changeset="1"><nd ref="9491091611" /><nd ref="9491091617" /><tag k="highway" v="residential" /><tag k="oneway" v="no" /></way><way id="1181" timestamp="2026-03-31T16:39:34Z" uid="1" user="OSMnx" version="1" changeset="1"><nd ref="9491091612" /><nd ref="9491091613" /><tag k="highway" v="residential" /><tag k="oneway" v="no" /></way><way id="1182" timestamp="2026-03-31T16:39:34Z" uid="1" user="OSMnx" version="1" changeset="1"><nd ref="9491091612" /><nd ref="9491091611" /><tag k="highway" v="residential" /><tag k="oneway" v="no" /></way><way id="1183" timestamp="2026-03-31T16:39:34Z" uid="1" user="OSMnx" version="1" changeset="1"><nd ref="9491091613" /><nd ref="9491091614" /><tag k="highway" v="residential" /><tag k="oneway" v="no" /></way><way id="1184" timestamp="2026-03-31T16:39:34Z" uid="1" user="OSMnx" version="1" changeset="1"><nd ref="9491091613" /><nd ref="9491091612" /><tag k="highway" v="residential" /><tag k="oneway" v="no" /></way><way id="1185" timestamp="2026-03-31T16:39:34Z" uid="1" user="OSMnx" version="1" changeset="1"><nd ref="9491091614" /><nd ref="1659009957" /><tag k="highway" v="residential" /><tag k="oneway" v="no" /></way><way id="1186" timestamp="2026-03-31T16:39:34Z" uid="1" user="OSMnx" version="1" changeset="1"><nd ref="9491091614" /><nd ref="1659009958" /><tag k="highway" v="residential" /><tag k="oneway" v="no" /></way><way id="1187" timestamp="2026-03-31T16:39:34Z" uid="1" user="OSMnx" version="1" changeset="1"><nd ref="9491091614" /><nd ref="9491091613" /><tag k="highway" v="residential" /><tag k="oneway" v="no" /></way><way id="1188" timestamp="2026-03-31T16:39:34Z" uid="1" user="OSMnx" version="1" changeset="1"><nd ref="9491091615" /><nd ref="9491091616" /><tag k="highway" v="residential" /><tag k="oneway" v="no" /></way><way id="1189" timestamp="2026-03-31T16:39:34Z" uid="1" user="OSMnx" version="1" changeset="1"><nd ref="9491091615" /><nd ref="9491091607" /><tag k="highway" v="residential" /><tag k="oneway" v="no" /></way><way id="1190" timestamp="2026-03-31T16:39:34Z" uid="1" user="OSMnx" version="1" changeset="1"><nd ref="9491091616" /><nd ref="9491091608" /><tag k="highway" v="residential" /><tag k="oneway" v="no" /></way><way id="1191" timestamp="2026-03-31T16:39:34Z" uid="1" user="OSMnx" version="1" changeset="1"><nd ref="9491091616" /><nd ref="9491091615" /><tag k="highway" v="residential" /><tag k="oneway" v="no" /></way><way id="1192" timestamp="2026-03-31T16:39:34Z" uid="1" user="OSMnx" version="1" changeset="1"><nd ref="9491091617" /><nd ref="9491091611" /><tag k="highway" v="residential" /><tag k="oneway" v="no" /></way><way id="1193" timestamp="2026-03-31T16:39:34Z" uid="1" user="OSMnx" version="1" changeset="1"><nd ref="9491091617" /><nd ref="9491091610" /><tag k="highway" v="residential" /><tag k="oneway" v="no" /></way><way id="1194" timestamp="2026-03-31T16:39:34Z" uid="1" user="OSMnx" version="1" changeset="1"><nd ref="9491091648" /><nd ref="9491091649" /><tag k="highway" v="residential" /><tag k="oneway" v="no" /></way><way id="1195" timestamp="2026-03-31T16:39:34Z" uid="1" user="OSMnx" version="1" changeset="1"><nd ref="9491091648" /><nd ref="9492064590" /><tag k="highway" v="residential" /><tag k="oneway" v="no" /></way><way id="1196" timestamp="2026-03-31T16:39:34Z" uid="1" user="OSMnx" version="1" changeset="1"><nd ref="9491091648" /><nd ref="9512719807" /><tag k="highway" v="residential" /><tag k="oneway" v="no" /></way><way id="1197" timestamp="2026-03-31T16:39:34Z" uid="1" user="OSMnx" version="1" changeset="1"><nd ref="9491091649" /><nd ref="1659032378" /><tag k="highway" v="residential" /><tag k="oneway" v="no" /></way><way id="1198" timestamp="2026-03-31T16:39:34Z" uid="1" user="OSMnx" version="1" changeset="1"><nd ref="9491091649" /><nd ref="9491091648" /><tag k="highway" v="residential" /><tag k="oneway" v="no" /></way><way id="1199" timestamp="2026-03-31T16:39:34Z" uid="1" user="OSMnx" version="1" changeset="1"><nd ref="9492064589" /><nd ref="9439673352" /><tag k="highway" v="tertiary" /><tag k="lanes" v="1" /><tag k="maxspeed" v="20" /><tag k="name" v="求知路" /><tag k="oneway" v="yes" /></way><way id="1200" timestamp="2026-03-31T16:39:34Z" uid="1" user="OSMnx" version="1" changeset="1"><nd ref="9492064590" /><nd ref="9491091648" /><tag k="highway" v="residential" /><tag k="oneway" v="no" /></way><way id="1201" timestamp="2026-03-31T16:39:34Z" uid="1" user="OSMnx" version="1" changeset="1"><nd ref="9492064590" /><nd ref="9492064594" /><tag k="highway" v="residential" /><tag k="oneway" v="no" /></way><way id="1202" timestamp="2026-03-31T16:39:34Z" uid="1" user="OSMnx" version="1" changeset="1"><nd ref="9492064591" /><nd ref="9492064595" /><tag k="highway" v="residential" /><tag k="oneway" v="no" /></way><way id="1203" timestamp="2026-03-31T16:39:34Z" uid="1" user="OSMnx" version="1" changeset="1"><nd ref="9492064591" /><nd ref="1659032441" /><tag k="highway" v="residential" /><tag k="lanes" v="2" /><tag k="oneway" v="no" /></way><way id="1204" timestamp="2026-03-31T16:39:34Z" uid="1" user="OSMnx" version="1" changeset="1"><nd ref="9492064591" /><nd ref="1659032363" /><tag k="highway" v="residential" /><tag k="lanes" v="2" /><tag k="oneway" v="no" /></way><way id="1205" timestamp="2026-03-31T16:39:34Z" uid="1" user="OSMnx" version="1" changeset="1"><nd ref="9492064592" /><nd ref="1659032363" /><tag k="highway" v="residential" /><tag k="oneway" v="yes" /></way><way id="1206" timestamp="2026-03-31T16:39:34Z" uid="1" user="OSMnx" version="1" changeset="1"><nd ref="9492064593" /><nd ref="5717113852" /><tag k="highway" v="residential" /><tag k="oneway" v="yes" /></way><way id="1207" timestamp="2026-03-31T16:39:34Z" uid="1" user="OSMnx" version="1" changeset="1"><nd ref="9492064594" /><nd ref="9492064590" /><tag k="highway" v="residential" /><tag k="oneway" v="no" /></way><way id="1208" timestamp="2026-03-31T16:39:34Z" uid="1" user="OSMnx" version="1" changeset="1"><nd ref="9492064594" /><nd ref="9492064595" /><tag k="highway" v="residential" /><tag k="oneway" v="no" /></way><way id="1209" timestamp="2026-03-31T16:39:34Z" uid="1" user="OSMnx" version="1" changeset="1"><nd ref="9492064595" /><nd ref="9492064594" /><tag k="highway" v="residential" /><tag k="oneway" v="no" /></way><way id="1210" timestamp="2026-03-31T16:39:34Z" uid="1" user="OSMnx" version="1" changeset="1"><nd ref="9492064595" /><nd ref="9492064591" /><tag k="highway" v="residential" /><tag k="oneway" v="no" /></way><way id="1211" timestamp="2026-03-31T16:39:34Z" uid="1" user="OSMnx" version="1" changeset="1"><nd ref="9492064596" /><nd ref="1659032388" /><tag k="highway" v="residential" /><tag k="oneway" v="yes" /></way><way id="1212" timestamp="2026-03-31T16:39:34Z" uid="1" user="OSMnx" version="1" changeset="1"><nd ref="9492064597" /><nd ref="9512737243" /><tag k="highway" v="residential" /><tag k="name" v="楚怡路" /><tag k="oneway" v="yes" /></way><way id="1213" timestamp="2026-03-31T16:39:34Z" uid="1" user="OSMnx" version="1" changeset="1"><nd ref="9492064600" /><nd ref="9492064601" /><tag k="highway" v="residential" /><tag k="lanes" v="2" /><tag k="name" v="楚怡路" /><tag k="oneway" v="yes" /></way><way id="1214" timestamp="2026-03-31T16:39:34Z" uid="1" user="OSMnx" version="1" changeset="1"><nd ref="9492064601" /><nd ref="9492064602" /><tag k="highway" v="residential" /><tag k="lanes" v="2" /><tag k="name" v="楚怡路" /><tag k="oneway" v="yes" /></way><way id="1215" timestamp="2026-03-31T16:39:34Z" uid="1" user="OSMnx" version="1" changeset="1"><nd ref="9492064602" /><nd ref="9492064603" /><tag k="highway" v="residential" /><tag k="lanes" v="2" /><tag k="name" v="楚怡路" /><tag k="oneway" v="yes" /></way><way id="1216" timestamp="2026-03-31T16:39:34Z" uid="1" user="OSMnx" version="1" changeset="1"><nd ref="9492064603" /><nd ref="9492064604" /><tag k="highway" v="residential" /><tag k="lanes" v="2" /><tag k="name" v="楚怡路" /><tag k="oneway" v="yes" /></way><way id="1217" timestamp="2026-03-31T16:39:34Z" uid="1" user="OSMnx" version="1" changeset="1"><nd ref="9492064604" /><nd ref="1659032527" /><tag k="highway" v="residential" /><tag k="lanes" v="2" /><tag k="name" v="楚怡路" /><tag k="oneway" v="yes" /></way><way id="1218" timestamp="2026-03-31T16:39:34Z" uid="1" user="OSMnx" version="1" changeset="1"><nd ref="9492064605" /><nd ref="9492064597" /><tag k="highway" v="residential" /><tag k="name" v="楚怡路" /><tag k="oneway" v="yes" /></way><way id="1219" timestamp="2026-03-31T16:39:34Z" uid="1" user="OSMnx" version="1" changeset="1"><nd ref="9492064606" /><nd ref="9492064605" /><tag k="highway" v="residential" /><tag k="name" v="楚怡路" /><tag k="oneway" v="yes" /></way><way id="1220" timestamp="2026-03-31T16:39:34Z" uid="1" user="OSMnx" version="1" changeset="1"><nd ref="9492064607" /><nd ref="9492064606" /><tag k="highway" v="residential" /><tag k="name" v="楚怡路" /><tag k="oneway" v="yes" /></way><way id="1221" timestamp="2026-03-31T16:39:34Z" uid="1" user="OSMnx" version="1" changeset="1"><nd ref="9492064608" /><nd ref="9492064607" /><tag k="highway" v="residential" /><tag k="name" v="楚怡路" /><tag k="oneway" v="yes" /></way><way id="1222" timestamp="2026-03-31T16:39:34Z" uid="1" user="OSMnx" version="1" changeset="1"><nd ref="9492064609" /><nd ref="1659032373" /><tag k="highway" v="residential" /><tag k="oneway" v="yes" /></way><way id="1223" timestamp="2026-03-31T16:39:34Z" uid="1" user="OSMnx" version="1" changeset="1"><nd ref="9492064609" /><nd ref="9492064608" /><tag k="highway" v="residential" /><tag k="name" v="楚怡路" /><tag k="oneway" v="yes" /></way><way id="1224" timestamp="2026-03-31T16:39:34Z" uid="1" user="OSMnx" version="1" changeset="1"><nd ref="9492064635" /><nd ref="5722864514" /><tag k="highway" v="footway" /><tag k="oneway" v="no" /></way><way id="1225" timestamp="2026-03-31T16:39:34Z" uid="1" user="OSMnx" version="1" changeset="1"><nd ref="9492064635" /><nd ref="9492064636" /><tag k="highway" v="footway" /><tag k="oneway" v="no" /></way><way id="1226" timestamp="2026-03-31T16:39:34Z" uid="1" user="OSMnx" version="1" changeset="1"><nd ref="9492064636" /><nd ref="9492064635" /><tag k="highway" v="footway" /><tag k="oneway" v="no" /></way><way id="1227" timestamp="2026-03-31T16:39:34Z" uid="1" user="OSMnx" version="1" changeset="1"><nd ref="9492064636" /><nd ref="5722864513" /><tag k="highway" v="footway" /><tag k="oneway" v="no" /></way><way id="1228" timestamp="2026-03-31T16:39:34Z" uid="1" user="OSMnx" version="1" changeset="1"><nd ref="9492064637" /><nd ref="5722864512" /><tag k="highway" v="footway" /><tag k="oneway" v="no" /></way><way id="1229" timestamp="2026-03-31T16:39:34Z" uid="1" user="OSMnx" version="1" changeset="1"><nd ref="9492064637" /><nd ref="5722864511" /><tag k="highway" v="footway" /><tag k="oneway" v="no" /></way><way id="1230" timestamp="2026-03-31T16:39:34Z" uid="1" user="OSMnx" version="1" changeset="1"><nd ref="9492994526" /><nd ref="3442405606" /><tag k="highway" v="residential" /><tag k="oneway" v="no" /></way><way id="1231" timestamp="2026-03-31T16:39:34Z" uid="1" user="OSMnx" version="1" changeset="1"><nd ref="9492994544" /><nd ref="3442405615" /><tag k="highway" v="unclassified" /><tag k="name" v="师南路" /><tag k="oneway" v="no" /></way><way id="1232" timestamp="2026-03-31T16:39:34Z" uid="1" user="OSMnx" version="1" changeset="1"><nd ref="9492994544" /><nd ref="9492994589" /><tag k="highway" v="unclassified" /><tag k="name" v="师南路" /><tag k="oneway" v="no" /></way><way id="1233" timestamp="2026-03-31T16:39:34Z" uid="1" user="OSMnx" version="1" changeset="1"><nd ref="9492994544" /><nd ref="9492994551" /><tag k="highway" v="service" /><tag k="oneway" v="no" /></way><way id="1234" timestamp="2026-03-31T16:39:34Z" uid="1" user="OSMnx" version="1" changeset="1"><nd ref="9492994545" /><nd ref="9492994546" /><tag k="highway" v="service" /><tag k="oneway" v="no" /></way><way id="1235" timestamp="2026-03-31T16:39:34Z" uid="1" user="OSMnx" version="1" changeset="1"><nd ref="9492994545" /><nd ref="9492994551" /><tag k="highway" v="service" /><tag k="oneway" v="no" /></way><way id="1236" timestamp="2026-03-31T16:39:34Z" uid="1" user="OSMnx" version="1" changeset="1"><nd ref="9492994546" /><nd ref="9492994557" /><tag k="highway" v="service" /><tag k="oneway" v="no" /></way><way id="1237" timestamp="2026-03-31T16:39:34Z" uid="1" user="OSMnx" version="1" changeset="1"><nd ref="9492994546" /><nd ref="9492994545" /><tag k="highway" v="service" /><tag k="oneway" v="no" /></way><way id="1238" timestamp="2026-03-31T16:39:34Z" uid="1" user="OSMnx" version="1" changeset="1"><nd ref="9492994547" /><nd ref="9492994553" /><tag k="highway" v="service" /><tag k="oneway" v="no" /></way><way id="1239" timestamp="2026-03-31T16:39:34Z" uid="1" user="OSMnx" version="1" changeset="1"><nd ref="9492994547" /><nd ref="9492994555" /><tag k="highway" v="service" /><tag k="oneway" v="no" /></way><way id="1240" timestamp="2026-03-31T16:39:34Z" uid="1" user="OSMnx" version="1" changeset="1"><nd ref="9492994548" /><nd ref="9492994554" /><tag k="highway" v="service" /><tag k="oneway" v="no" /></way><way id="1241" timestamp="2026-03-31T16:39:34Z" uid="1" user="OSMnx" version="1" changeset="1"><nd ref="9492994548" /><nd ref="9492994553" /><tag k="highway" v="service" /><tag k="oneway" v="no" /></way><way id="1242" timestamp="2026-03-31T16:39:34Z" uid="1" user="OSMnx" version="1" changeset="1"><nd ref="9492994549" /><nd ref="9492994562" /><tag k="highway" v="service" /><tag k="oneway" v="no" /></way><way id="1243" timestamp="2026-03-31T16:39:34Z" uid="1" user="OSMnx" version="1" changeset="1"><nd ref="9492994549" /><nd ref="9492994563" /><tag k="highway" v="service" /><tag k="oneway" v="no" /></way><way id="1244" timestamp="2026-03-31T16:39:34Z" uid="1" user="OSMnx" version="1" changeset="1"><nd ref="9492994550" /><nd ref="9492994589" /><tag k="highway" v="unclassified" /><tag k="name" v="师南路" /><tag k="oneway" v="no" /></way><way id="1245" timestamp="2026-03-31T16:39:34Z" uid="1" user="OSMnx" version="1" changeset="1"><nd ref="9492994550" /><nd ref="9492994559" /><tag k="highway" v="service" /><tag k="oneway" v="no" /></way><way id="1246" timestamp="2026-03-31T16:39:34Z" uid="1" user="OSMnx" version="1" changeset="1"><nd ref="9492994551" /><nd ref="9492994545" /><tag k="highway" v="service" /><tag k="oneway" v="no" /></way><way id="1247" timestamp="2026-03-31T16:39:34Z" uid="1" user="OSMnx" version="1" changeset="1"><nd ref="9492994551" /><nd ref="9492994544" /><tag k="highway" v="service" /><tag k="oneway" v="no" /></way><way id="1248" timestamp="2026-03-31T16:39:34Z" uid="1" user="OSMnx" version="1" changeset="1"><nd ref="9492994551" /><nd ref="9492994559" /><tag k="highway" v="service" /><tag k="oneway" v="no" /></way><way id="1249" timestamp="2026-03-31T16:39:34Z" uid="1" user="OSMnx" version="1" changeset="1"><nd ref="9492994552" /><nd ref="9492994561" /><tag k="highway" v="service" /><tag k="oneway" v="no" /></way><way id="1250" timestamp="2026-03-31T16:39:34Z" uid="1" user="OSMnx" version="1" changeset="1"><nd ref="9492994552" /><nd ref="9492994554" /><tag k="highway" v="service" /><tag k="oneway" v="no" /></way><way id="1251" timestamp="2026-03-31T16:39:34Z" uid="1" user="OSMnx" version="1" changeset="1"><nd ref="9492994553" /><nd ref="9492994548" /><tag k="highway" v="service" /><tag k="oneway" v="no" /></way><way id="1252" timestamp="2026-03-31T16:39:34Z" uid="1" user="OSMnx" version="1" changeset="1"><nd ref="9492994553" /><nd ref="9492994547" /><tag k="highway" v="service" /><tag k="oneway" v="no" /></way><way id="1253" timestamp="2026-03-31T16:39:34Z" uid="1" user="OSMnx" version="1" changeset="1"><nd ref="9492994554" /><nd ref="9492994552" /><tag k="highway" v="service" /><tag k="oneway" v="no" /></way><way id="1254" timestamp="2026-03-31T16:39:34Z" uid="1" user="OSMnx" version="1" changeset="1"><nd ref="9492994554" /><nd ref="9492994548" /><tag k="highway" v="service" /><tag k="oneway" v="no" /></way><way id="1255" timestamp="2026-03-31T16:39:34Z" uid="1" user="OSMnx" version="1" changeset="1"><nd ref="9492994555" /><nd ref="9492994547" /><tag k="highway" v="service" /><tag k="oneway" v="no" /></way><way id="1256" timestamp="2026-03-31T16:39:34Z" uid="1" user="OSMnx" version="1" changeset="1"><nd ref="9492994555" /><nd ref="9492994558" /><tag k="highway" v="service" /><tag k="oneway" v="no" /></way><way id="1257" timestamp="2026-03-31T16:39:34Z" uid="1" user="OSMnx" version="1" changeset="1"><nd ref="9492994556" /><nd ref="9492994558" /><tag k="highway" v="service" /><tag k="oneway" v="no" /></way><way id="1258" timestamp="2026-03-31T16:39:34Z" uid="1" user="OSMnx" version="1" changeset="1"><nd ref="9492994556" /><nd ref="9492994557" /><tag k="highway" v="service" /><tag k="oneway" v="no" /></way><way id="1259" timestamp="2026-03-31T16:39:34Z" uid="1" user="OSMnx" version="1" changeset="1"><nd ref="9492994557" /><nd ref="9492994556" /><tag k="highway" v="service" /><tag k="oneway" v="no" /></way><way id="1260" timestamp="2026-03-31T16:39:34Z" uid="1" user="OSMnx" version="1" changeset="1"><nd ref="9492994557" /><nd ref="9492994546" /><tag k="highway" v="service" /><tag k="oneway" v="no" /></way><way id="1261" timestamp="2026-03-31T16:39:34Z" uid="1" user="OSMnx" version="1" changeset="1"><nd ref="9492994558" /><nd ref="9492994555" /><tag k="highway" v="service" /><tag k="oneway" v="no" /></way><way id="1262" timestamp="2026-03-31T16:39:34Z" uid="1" user="OSMnx" version="1" changeset="1"><nd ref="9492994558" /><nd ref="9492994556" /><tag k="highway" v="service" /><tag k="oneway" v="no" /></way><way id="1263" timestamp="2026-03-31T16:39:34Z" uid="1" user="OSMnx" version="1" changeset="1"><nd ref="9492994559" /><nd ref="9492994550" /><tag k="highway" v="service" /><tag k="oneway" v="no" /></way><way id="1264" timestamp="2026-03-31T16:39:34Z" uid="1" user="OSMnx" version="1" changeset="1"><nd ref="9492994559" /><nd ref="9492994560" /><tag k="highway" v="service" /><tag k="oneway" v="no" /></way><way id="1265" timestamp="2026-03-31T16:39:34Z" uid="1" user="OSMnx" version="1" changeset="1"><nd ref="9492994559" /><nd ref="9492994551" /><tag k="highway" v="service" /><tag k="oneway" v="no" /></way><way id="1266" timestamp="2026-03-31T16:39:34Z" uid="1" user="OSMnx" version="1" changeset="1"><nd ref="9492994560" /><nd ref="9492994559" /><tag k="highway" v="service" /><tag k="oneway" v="no" /></way><way id="1267" timestamp="2026-03-31T16:39:34Z" uid="1" user="OSMnx" version="1" changeset="1"><nd ref="9492994560" /><nd ref="9492994562" /><tag k="highway" v="service" /><tag k="oneway" v="no" /></way><way id="1268" timestamp="2026-03-31T16:39:34Z" uid="1" user="OSMnx" version="1" changeset="1"><nd ref="9492994561" /><nd ref="9492994563" /><tag k="highway" v="service" /><tag k="oneway" v="no" /></way><way id="1269" timestamp="2026-03-31T16:39:34Z" uid="1" user="OSMnx" version="1" changeset="1"><nd ref="9492994561" /><nd ref="9492994552" /><tag k="highway" v="service" /><tag k="oneway" v="no" /></way><way id="1270" timestamp="2026-03-31T16:39:34Z" uid="1" user="OSMnx" version="1" changeset="1"><nd ref="9492994562" /><nd ref="9492994560" /><tag k="highway" v="service" /><tag k="oneway" v="no" /></way><way id="1271" timestamp="2026-03-31T16:39:34Z" uid="1" user="OSMnx" version="1" changeset="1"><nd ref="9492994562" /><nd ref="9492994549" /><tag k="highway" v="service" /><tag k="oneway" v="no" /></way><way id="1272" timestamp="2026-03-31T16:39:34Z" uid="1" user="OSMnx" version="1" changeset="1"><nd ref="9492994563" /><nd ref="9492994549" /><tag k="highway" v="service" /><tag k="oneway" v="no" /></way><way id="1273" timestamp="2026-03-31T16:39:34Z" uid="1" user="OSMnx" version="1" changeset="1"><nd ref="9492994563" /><nd ref="9492994561" /><tag k="highway" v="service" /><tag k="oneway" v="no" /></way><way id="1274" timestamp="2026-03-31T16:39:34Z" uid="1" user="OSMnx" version="1" changeset="1"><nd ref="9492994589" /><nd ref="9492994544" /><tag k="highway" v="unclassified" /><tag k="name" v="师南路" /><tag k="oneway" v="no" /></way><way id="1275" timestamp="2026-03-31T16:39:34Z" uid="1" user="OSMnx" version="1" changeset="1"><nd ref="9492994589" /><nd ref="9492994550" /><tag k="highway" v="unclassified" /><tag k="name" v="师南路" /><tag k="oneway" v="no" /></way><way id="1276" timestamp="2026-03-31T16:39:34Z" uid="1" user="OSMnx" version="1" changeset="1"><nd ref="9492994589" /><nd ref="9492994590" /><tag k="highway" v="service" /><tag k="oneway" v="no" /></way><way id="1277" timestamp="2026-03-31T16:39:34Z" uid="1" user="OSMnx" version="1" changeset="1"><nd ref="9492994590" /><nd ref="9299427885" /><tag k="highway" v="service" /><tag k="oneway" v="no" /></way><way id="1278" timestamp="2026-03-31T16:39:34Z" uid="1" user="OSMnx" version="1" changeset="1"><nd ref="9492994590" /><nd ref="9492994589" /><tag k="highway" v="service" /><tag k="oneway" v="no" /></way><way id="1279" timestamp="2026-03-31T16:39:34Z" uid="1" user="OSMnx" version="1" changeset="1"><nd ref="9493016095" /><nd ref="9493053121" /><tag k="highway" v="residential" /><tag k="oneway" v="no" /></way><way id="1280" timestamp="2026-03-31T16:39:34Z" uid="1" user="OSMnx" version="1" changeset="1"><nd ref="9493016095" /><nd ref="1659009959" /><tag k="highway" v="residential" /><tag k="oneway" v="no" /></way><way id="1281" timestamp="2026-03-31T16:39:34Z" uid="1" user="OSMnx" version="1" changeset="1"><nd ref="9493016096" /><nd ref="9493053122" /><tag k="highway" v="residential" /><tag k="oneway" v="no" /></way><way id="1282" timestamp="2026-03-31T16:39:34Z" uid="1" user="OSMnx" version="1" changeset="1"><nd ref="9493016096" /><nd ref="9493053121" /><tag k="highway" v="residential" /><tag k="oneway" v="no" /></way><way id="1283" timestamp="2026-03-31T16:39:34Z" uid="1" user="OSMnx" version="1" changeset="1"><nd ref="9493016097" /><nd ref="9490764413" /><tag k="highway" v="residential" /><tag k="oneway" v="no" /></way><way id="1284" timestamp="2026-03-31T16:39:34Z" uid="1" user="OSMnx" version="1" changeset="1"><nd ref="9493016097" /><nd ref="9493053122" /><tag k="highway" v="residential" /><tag k="oneway" v="no" /></way><way id="1285" timestamp="2026-03-31T16:39:34Z" uid="1" user="OSMnx" version="1" changeset="1"><nd ref="9493016098" /><nd ref="9493016099" /><tag k="highway" v="residential" /><tag k="oneway" v="no" /></way><way id="1286" timestamp="2026-03-31T16:39:34Z" uid="1" user="OSMnx" version="1" changeset="1"><nd ref="9493016098" /><nd ref="9493053119" /><tag k="highway" v="residential" /><tag k="oneway" v="no" /></way><way id="1287" timestamp="2026-03-31T16:39:34Z" uid="1" user="OSMnx" version="1" changeset="1"><nd ref="9493016099" /><nd ref="9493016100" /><tag k="highway" v="residential" /><tag k="oneway" v="no" /></way><way id="1288" timestamp="2026-03-31T16:39:34Z" uid="1" user="OSMnx" version="1" changeset="1"><nd ref="9493016099" /><nd ref="9493016098" /><tag k="highway" v="residential" /><tag k="oneway" v="no" /></way><way id="1289" timestamp="2026-03-31T16:39:34Z" uid="1" user="OSMnx" version="1" changeset="1"><nd ref="9493016100" /><nd ref="9493053120" /><tag k="highway" v="residential" /><tag k="oneway" v="no" /></way><way id="1290" timestamp="2026-03-31T16:39:34Z" uid="1" user="OSMnx" version="1" changeset="1"><nd ref="9493016100" /><nd ref="9493016099" /><tag k="highway" v="residential" /><tag k="oneway" v="no" /></way><way id="1291" timestamp="2026-03-31T16:39:34Z" uid="1" user="OSMnx" version="1" changeset="1"><nd ref="9493016101" /><nd ref="1659032513" /><tag k="highway" v="residential" /><tag k="oneway" v="no" /></way><way id="1292" timestamp="2026-03-31T16:39:34Z" uid="1" user="OSMnx" version="1" changeset="1"><nd ref="9493016101" /><nd ref="9493053140" /><tag k="highway" v="residential" /><tag k="oneway" v="no" /></way><way id="1293" timestamp="2026-03-31T16:39:34Z" uid="1" user="OSMnx" version="1" changeset="1"><nd ref="9493016101" /><nd ref="9493053139" /><tag k="highway" v="residential" /><tag k="oneway" v="no" /></way><way id="1294" timestamp="2026-03-31T16:39:34Z" uid="1" user="OSMnx" version="1" changeset="1"><nd ref="9493016102" /><nd ref="1659032519" /><tag k="highway" v="service" /><tag k="oneway" v="no" /></way><way id="1295" timestamp="2026-03-31T16:39:34Z" uid="1" user="OSMnx" version="1" changeset="1"><nd ref="9493016102" /><nd ref="9493053127" /><tag k="highway" v="residential" /><tag k="oneway" v="no" /></way><way id="1296" timestamp="2026-03-31T16:39:34Z" uid="1" user="OSMnx" version="1" changeset="1"><nd ref="9493016102" /><nd ref="9493053126" /><tag k="highway" v="residential" /><tag k="oneway" v="no" /></way><way id="1297" timestamp="2026-03-31T16:39:34Z" uid="1" user="OSMnx" version="1" changeset="1"><nd ref="9493016103" /><nd ref="9493016104" /><tag k="highway" v="residential" /><tag k="oneway" v="no" /></way><way id="1298" timestamp="2026-03-31T16:39:34Z" uid="1" user="OSMnx" version="1" changeset="1"><nd ref="9493016103" /><nd ref="8977736252" /><tag k="highway" v="residential" /><tag k="oneway" v="no" /></way><way id="1299" timestamp="2026-03-31T16:39:34Z" uid="1" user="OSMnx" version="1" changeset="1"><nd ref="9493016104" /><nd ref="1659032504" /><tag k="highway" v="residential" /><tag k="oneway" v="no" /></way><way id="1300" timestamp="2026-03-31T16:39:34Z" uid="1" user="OSMnx" version="1" changeset="1"><nd ref="9493016104" /><nd ref="9493016103" /><tag k="highway" v="residential" /><tag k="oneway" v="no" /></way><way id="1301" timestamp="2026-03-31T16:39:34Z" uid="1" user="OSMnx" version="1" changeset="1"><nd ref="9493016105" /><nd ref="9493053123" /><tag k="highway" v="residential" /><tag k="oneway" v="no" /></way><way id="1302" timestamp="2026-03-31T16:39:34Z" uid="1" user="OSMnx" version="1" changeset="1"><nd ref="9493016105" /><nd ref="1659032504" /><tag k="highway" v="residential" /><tag k="oneway" v="no" /></way><way id="1303" timestamp="2026-03-31T16:39:34Z" uid="1" user="OSMnx" version="1" changeset="1"><nd ref="9493016105" /><nd ref="9493053130" /><tag k="highway" v="residential" /><tag k="oneway" v="no" /></way><way id="1304" timestamp="2026-03-31T16:39:34Z" uid="1" user="OSMnx" version="1" changeset="1"><nd ref="9493016105" /><nd ref="9493053129" /><tag k="highway" v="residential" /><tag k="oneway" v="no" /></way><way id="1305" timestamp="2026-03-31T16:39:34Z" uid="1" user="OSMnx" version="1" changeset="1"><nd ref="9493016106" /><nd ref="9493053117" /><tag k="highway" v="residential" /><tag k="oneway" v="no" /></way><way id="1306" timestamp="2026-03-31T16:39:34Z" uid="1" user="OSMnx" version="1" changeset="1"><nd ref="9493016106" /><nd ref="5713570584" /><tag k="highway" v="residential" /><tag k="oneway" v="no" /></way><way id="1307" timestamp="2026-03-31T16:39:34Z" uid="1" user="OSMnx" version="1" changeset="1"><nd ref="9493016107" /><nd ref="9493016114" /><tag k="highway" v="residential" /><tag k="oneway" v="no" /></way><way id="1308" timestamp="2026-03-31T16:39:34Z" uid="1" user="OSMnx" version="1" changeset="1"><nd ref="9493016107" /><nd ref="9493016115" /><tag k="highway" v="residential" /><tag k="oneway" v="no" /></way><way id="1309" timestamp="2026-03-31T16:39:34Z" uid="1" user="OSMnx" version="1" changeset="1"><nd ref="9493016108" /><nd ref="9493016113" /><tag k="highway" v="residential" /><tag k="oneway" v="no" /></way><way id="1310" timestamp="2026-03-31T16:39:34Z" uid="1" user="OSMnx" version="1" changeset="1"><nd ref="9493016108" /><nd ref="1659009944" /><tag k="highway" v="residential" /><tag k="oneway" v="no" /></way><way id="1311" timestamp="2026-03-31T16:39:34Z" uid="1" user="OSMnx" version="1" changeset="1"><nd ref="9493016109" /><nd ref="1659009994" /><tag k="highway" v="residential" /><tag k="oneway" v="no" /></way><way id="1312" timestamp="2026-03-31T16:39:34Z" uid="1" user="OSMnx" version="1" changeset="1"><nd ref="9493016109" /><nd ref="1659009938" /><tag k="highway" v="residential" /><tag k="oneway" v="no" /></way><way id="1313" timestamp="2026-03-31T16:39:34Z" uid="1" user="OSMnx" version="1" changeset="1"><nd ref="9493016110" /><nd ref="5713570587" /><tag k="highway" v="residential" /><tag k="oneway" v="no" /></way><way id="1314" timestamp="2026-03-31T16:39:34Z" uid="1" user="OSMnx" version="1" changeset="1"><nd ref="9493016110" /><nd ref="9493016112" /><tag k="highway" v="residential" /><tag k="oneway" v="no" /></way><way id="1315" timestamp="2026-03-31T16:39:34Z" uid="1" user="OSMnx" version="1" changeset="1"><nd ref="9493016111" /><nd ref="5720404867" /><tag k="highway" v="residential" /><tag k="oneway" v="no" /></way><way id="1316" timestamp="2026-03-31T16:39:34Z" uid="1" user="OSMnx" version="1" changeset="1"><nd ref="9493016111" /><nd ref="1659009975" /><tag k="highway" v="residential" /><tag k="oneway" v="no" /></way><way id="1317" timestamp="2026-03-31T16:39:34Z" uid="1" user="OSMnx" version="1" changeset="1"><nd ref="9493016112" /><nd ref="9493016110" /><tag k="highway" v="residential" /><tag k="oneway" v="no" /></way><way id="1318" timestamp="2026-03-31T16:39:34Z" uid="1" user="OSMnx" version="1" changeset="1"><nd ref="9493016112" /><nd ref="1659009994" /><tag k="highway" v="residential" /><tag k="oneway" v="no" /></way><way id="1319" timestamp="2026-03-31T16:39:34Z" uid="1" user="OSMnx" version="1" changeset="1"><nd ref="9493016113" /><nd ref="1659009938" /><tag k="highway" v="residential" /><tag k="oneway" v="no" /></way><way id="1320" timestamp="2026-03-31T16:39:34Z" uid="1" user="OSMnx" version="1" changeset="1"><nd ref="9493016113" /><nd ref="9493016108" /><tag k="highway" v="residential" /><tag k="oneway" v="no" /></way><way id="1321" timestamp="2026-03-31T16:39:34Z" uid="1" user="OSMnx" version="1" changeset="1"><nd ref="9493016114" /><nd ref="1659009944" /><tag k="highway" v="residential" /><tag k="oneway" v="no" /></way><way id="1322" timestamp="2026-03-31T16:39:34Z" uid="1" user="OSMnx" version="1" changeset="1"><nd ref="9493016114" /><nd ref="9493016107" /><tag k="highway" v="residential" /><tag k="oneway" v="no" /></way><way id="1323" timestamp="2026-03-31T16:39:34Z" uid="1" user="OSMnx" version="1" changeset="1"><nd ref="9493016115" /><nd ref="9493016107" /><tag k="highway" v="residential" /><tag k="oneway" v="no" /></way><way id="1324" timestamp="2026-03-31T16:39:34Z" uid="1" user="OSMnx" version="1" changeset="1"><nd ref="9493016115" /><nd ref="9493053117" /><tag k="highway" v="residential" /><tag k="oneway" v="no" /></way><way id="1325" timestamp="2026-03-31T16:39:34Z" uid="1" user="OSMnx" version="1" changeset="1"><nd ref="9493016116" /><nd ref="5713570584" /><tag k="highway" v="residential" /><tag k="oneway" v="no" /></way><way id="1326" timestamp="2026-03-31T16:39:34Z" uid="1" user="OSMnx" version="1" changeset="1"><nd ref="9493016116" /><nd ref="1659009964" /><tag k="highway" v="residential" /><tag k="oneway" v="no" /></way><way id="1327" timestamp="2026-03-31T16:39:34Z" uid="1" user="OSMnx" version="1" changeset="1"><nd ref="9493053117" /><nd ref="9493016115" /><tag k="highway" v="residential" /><tag k="oneway" v="no" /></way><way id="1328" timestamp="2026-03-31T16:39:34Z" uid="1" user="OSMnx" version="1" changeset="1"><nd ref="9493053117" /><nd ref="9493016106" /><tag k="highway" v="residential" /><tag k="oneway" v="no" /></way><way id="1329" timestamp="2026-03-31T16:39:34Z" uid="1" user="OSMnx" version="1" changeset="1"><nd ref="9493053118" /><nd ref="1659009960" /><tag k="highway" v="residential" /><tag k="oneway" v="no" /></way><way id="1330" timestamp="2026-03-31T16:39:34Z" uid="1" user="OSMnx" version="1" changeset="1"><nd ref="9493053118" /><nd ref="9493053124" /><tag k="highway" v="residential" /><tag k="oneway" v="no" /></way><way id="1331" timestamp="2026-03-31T16:39:34Z" uid="1" user="OSMnx" version="1" changeset="1"><nd ref="9493053119" /><nd ref="9493016098" /><tag k="highway" v="residential" /><tag k="oneway" v="no" /></way><way id="1332" timestamp="2026-03-31T16:39:34Z" uid="1" user="OSMnx" version="1" changeset="1"><nd ref="9493053119" /><nd ref="1659009960" /><tag k="highway" v="residential" /><tag k="oneway" v="no" /></way><way id="1333" timestamp="2026-03-31T16:39:34Z" uid="1" user="OSMnx" version="1" changeset="1"><nd ref="9493053120" /><nd ref="1659009959" /><tag k="highway" v="residential" /><tag k="oneway" v="no" /></way><way id="1334" timestamp="2026-03-31T16:39:34Z" uid="1" user="OSMnx" version="1" changeset="1"><nd ref="9493053120" /><nd ref="9493016100" /><tag k="highway" v="residential" /><tag k="oneway" v="no" /></way><way id="1335" timestamp="2026-03-31T16:39:34Z" uid="1" user="OSMnx" version="1" changeset="1"><nd ref="9493053121" /><nd ref="9493016096" /><tag k="highway" v="residential" /><tag k="oneway" v="no" /></way><way id="1336" timestamp="2026-03-31T16:39:34Z" uid="1" user="OSMnx" version="1" changeset="1"><nd ref="9493053121" /><nd ref="9493016095" /><tag k="highway" v="residential" /><tag k="oneway" v="no" /></way><way id="1337" timestamp="2026-03-31T16:39:34Z" uid="1" user="OSMnx" version="1" changeset="1"><nd ref="9493053122" /><nd ref="9493016097" /><tag k="highway" v="residential" /><tag k="oneway" v="no" /></way><way id="1338" timestamp="2026-03-31T16:39:34Z" uid="1" user="OSMnx" version="1" changeset="1"><nd ref="9493053122" /><nd ref="9493016096" /><tag k="highway" v="residential" /><tag k="oneway" v="no" /></way><way id="1339" timestamp="2026-03-31T16:39:34Z" uid="1" user="OSMnx" version="1" changeset="1"><nd ref="9493053123" /><nd ref="9493053141" /><tag k="highway" v="residential" /><tag k="oneway" v="no" /></way><way id="1340" timestamp="2026-03-31T16:39:34Z" uid="1" user="OSMnx" version="1" changeset="1"><nd ref="9493053123" /><nd ref="9493016105" /><tag k="highway" v="residential" /><tag k="oneway" v="no" /></way><way id="1341" timestamp="2026-03-31T16:39:34Z" uid="1" user="OSMnx" version="1" changeset="1"><nd ref="9493053124" /><nd ref="9493053118" /><tag k="highway" v="residential" /><tag k="oneway" v="no" /></way><way id="1342" timestamp="2026-03-31T16:39:34Z" uid="1" user="OSMnx" version="1" changeset="1"><nd ref="9493053124" /><nd ref="9493053141" /><tag k="highway" v="residential" /><tag k="oneway" v="no" /></way><way id="1343" timestamp="2026-03-31T16:39:34Z" uid="1" user="OSMnx" version="1" changeset="1"><nd ref="9493053125" /><nd ref="9493053126" /><tag k="highway" v="residential" /><tag k="oneway" v="no" /></way><way id="1344" timestamp="2026-03-31T16:39:34Z" uid="1" user="OSMnx" version="1" changeset="1"><nd ref="9493053125" /><nd ref="9493053140" /><tag k="highway" v="residential" /><tag k="oneway" v="no" /></way><way id="1345" timestamp="2026-03-31T16:39:34Z" uid="1" user="OSMnx" version="1" changeset="1"><nd ref="9493053126" /><nd ref="9493016102" /><tag k="highway" v="residential" /><tag k="oneway" v="no" /></way><way id="1346" timestamp="2026-03-31T16:39:34Z" uid="1" user="OSMnx" version="1" changeset="1"><nd ref="9493053126" /><nd ref="9493053125" /><tag k="highway" v="residential" /><tag k="oneway" v="no" /></way><way id="1347" timestamp="2026-03-31T16:39:34Z" uid="1" user="OSMnx" version="1" changeset="1"><nd ref="9493053127" /><nd ref="9493053132" /><tag k="highway" v="residential" /><tag k="oneway" v="no" /></way><way id="1348" timestamp="2026-03-31T16:39:34Z" uid="1" user="OSMnx" version="1" changeset="1"><nd ref="9493053127" /><nd ref="9493016102" /><tag k="highway" v="residential" /><tag k="oneway" v="no" /></way><way id="1349" timestamp="2026-03-31T16:39:34Z" uid="1" user="OSMnx" version="1" changeset="1"><nd ref="9493053128" /><nd ref="9493053129" /><tag k="highway" v="residential" /><tag k="oneway" v="no" /></way><way id="1350" timestamp="2026-03-31T16:39:34Z" uid="1" user="OSMnx" version="1" changeset="1"><nd ref="9493053128" /><nd ref="9493053134" /><tag k="highway" v="residential" /><tag k="oneway" v="no" /></way><way id="1351" timestamp="2026-03-31T16:39:34Z" uid="1" user="OSMnx" version="1" changeset="1"><nd ref="9493053129" /><nd ref="9493016105" /><tag k="highway" v="residential" /><tag k="oneway" v="no" /></way><way id="1352" timestamp="2026-03-31T16:39:34Z" uid="1" user="OSMnx" version="1" changeset="1"><nd ref="9493053129" /><nd ref="9493053128" /><tag k="highway" v="residential" /><tag k="oneway" v="no" /></way><way id="1353" timestamp="2026-03-31T16:39:34Z" uid="1" user="OSMnx" version="1" changeset="1"><nd ref="9493053130" /><nd ref="9493053131" /><tag k="highway" v="residential" /><tag k="oneway" v="no" /></way><way id="1354" timestamp="2026-03-31T16:39:34Z" uid="1" user="OSMnx" version="1" changeset="1"><nd ref="9493053130" /><nd ref="9493016105" /><tag k="highway" v="residential" /><tag k="oneway" v="no" /></way><way id="1355" timestamp="2026-03-31T16:39:34Z" uid="1" user="OSMnx" version="1" changeset="1"><nd ref="9493053131" /><nd ref="9493053135" /><tag k="highway" v="residential" /><tag k="oneway" v="no" /></way><way id="1356" timestamp="2026-03-31T16:39:34Z" uid="1" user="OSMnx" version="1" changeset="1"><nd ref="9493053131" /><nd ref="9493053130" /><tag k="highway" v="residential" /><tag k="oneway" v="no" /></way><way id="1357" timestamp="2026-03-31T16:39:34Z" uid="1" user="OSMnx" version="1" changeset="1"><nd ref="9493053132" /><nd ref="9493053133" /><tag k="highway" v="residential" /><tag k="oneway" v="no" /></way><way id="1358" timestamp="2026-03-31T16:39:34Z" uid="1" user="OSMnx" version="1" changeset="1"><nd ref="9493053132" /><nd ref="9493053127" /><tag k="highway" v="residential" /><tag k="oneway" v="no" /></way><way id="1359" timestamp="2026-03-31T16:39:34Z" uid="1" user="OSMnx" version="1" changeset="1"><nd ref="9493053133" /><nd ref="9493053134" /><tag k="highway" v="residential" /><tag k="oneway" v="no" /></way><way id="1360" timestamp="2026-03-31T16:39:34Z" uid="1" user="OSMnx" version="1" changeset="1"><nd ref="9493053133" /><nd ref="9493053132" /><tag k="highway" v="residential" /><tag k="oneway" v="no" /></way><way id="1361" timestamp="2026-03-31T16:39:34Z" uid="1" user="OSMnx" version="1" changeset="1"><nd ref="9493053134" /><nd ref="9493053128" /><tag k="highway" v="residential" /><tag k="oneway" v="no" /></way><way id="1362" timestamp="2026-03-31T16:39:34Z" uid="1" user="OSMnx" version="1" changeset="1"><nd ref="9493053134" /><nd ref="9493053133" /><tag k="highway" v="residential" /><tag k="oneway" v="no" /></way><way id="1363" timestamp="2026-03-31T16:39:34Z" uid="1" user="OSMnx" version="1" changeset="1"><nd ref="9493053135" /><nd ref="9493053136" /><tag k="highway" v="residential" /><tag k="oneway" v="no" /></way><way id="1364" timestamp="2026-03-31T16:39:34Z" uid="1" user="OSMnx" version="1" changeset="1"><nd ref="9493053135" /><nd ref="9493053131" /><tag k="highway" v="residential" /><tag k="oneway" v="no" /></way><way id="1365" timestamp="2026-03-31T16:39:34Z" uid="1" user="OSMnx" version="1" changeset="1"><nd ref="9493053136" /><nd ref="9493053137" /><tag k="highway" v="residential" /><tag k="oneway" v="no" /></way><way id="1366" timestamp="2026-03-31T16:39:34Z" uid="1" user="OSMnx" version="1" changeset="1"><nd ref="9493053136" /><nd ref="9493053135" /><tag k="highway" v="residential" /><tag k="oneway" v="no" /></way><way id="1367" timestamp="2026-03-31T16:39:34Z" uid="1" user="OSMnx" version="1" changeset="1"><nd ref="9493053137" /><nd ref="9493053138" /><tag k="highway" v="residential" /><tag k="oneway" v="no" /></way><way id="1368" timestamp="2026-03-31T16:39:34Z" uid="1" user="OSMnx" version="1" changeset="1"><nd ref="9493053137" /><nd ref="9493053136" /><tag k="highway" v="residential" /><tag k="oneway" v="no" /></way><way id="1369" timestamp="2026-03-31T16:39:34Z" uid="1" user="OSMnx" version="1" changeset="1"><nd ref="9493053138" /><nd ref="9493053139" /><tag k="highway" v="residential" /><tag k="oneway" v="no" /></way><way id="1370" timestamp="2026-03-31T16:39:34Z" uid="1" user="OSMnx" version="1" changeset="1"><nd ref="9493053138" /><nd ref="9493053137" /><tag k="highway" v="residential" /><tag k="oneway" v="no" /></way><way id="1371" timestamp="2026-03-31T16:39:34Z" uid="1" user="OSMnx" version="1" changeset="1"><nd ref="9493053139" /><nd ref="9493016101" /><tag k="highway" v="residential" /><tag k="oneway" v="no" /></way><way id="1372" timestamp="2026-03-31T16:39:34Z" uid="1" user="OSMnx" version="1" changeset="1"><nd ref="9493053139" /><nd ref="9493053138" /><tag k="highway" v="residential" /><tag k="oneway" v="no" /></way><way id="1373" timestamp="2026-03-31T16:39:34Z" uid="1" user="OSMnx" version="1" changeset="1"><nd ref="9493053140" /><nd ref="9493053125" /><tag k="highway" v="residential" /><tag k="oneway" v="no" /></way><way id="1374" timestamp="2026-03-31T16:39:34Z" uid="1" user="OSMnx" version="1" changeset="1"><nd ref="9493053140" /><nd ref="9493016101" /><tag k="highway" v="residential" /><tag k="oneway" v="no" /></way><way id="1375" timestamp="2026-03-31T16:39:34Z" uid="1" user="OSMnx" version="1" changeset="1"><nd ref="9493053141" /><nd ref="9493053124" /><tag k="highway" v="residential" /><tag k="oneway" v="no" /></way><way id="1376" timestamp="2026-03-31T16:39:34Z" uid="1" user="OSMnx" version="1" changeset="1"><nd ref="9493053141" /><nd ref="9493053123" /><tag k="highway" v="residential" /><tag k="oneway" v="no" /></way><way id="1377" timestamp="2026-03-31T16:39:34Z" uid="1" user="OSMnx" version="1" changeset="1"><nd ref="9493053142" /><nd ref="9493053143" /><tag k="highway" v="residential" /><tag k="oneway" v="no" /></way><way id="1378" timestamp="2026-03-31T16:39:34Z" uid="1" user="OSMnx" version="1" changeset="1"><nd ref="9493053142" /><nd ref="8977736251" /><tag k="highway" v="residential" /><tag k="oneway" v="no" /></way><way id="1379" timestamp="2026-03-31T16:39:34Z" uid="1" user="OSMnx" version="1" changeset="1"><nd ref="9493053143" /><nd ref="9493053145" /><tag k="highway" v="residential" /><tag k="oneway" v="no" /></way><way id="1380" timestamp="2026-03-31T16:39:34Z" uid="1" user="OSMnx" version="1" changeset="1"><nd ref="9493053143" /><nd ref="9493053142" /><tag k="highway" v="residential" /><tag k="oneway" v="no" /></way><way id="1381" timestamp="2026-03-31T16:39:34Z" uid="1" user="OSMnx" version="1" changeset="1"><nd ref="9493053144" /><nd ref="8977736253" /><tag k="highway" v="residential" /><tag k="oneway" v="no" /></way><way id="1382" timestamp="2026-03-31T16:39:34Z" uid="1" user="OSMnx" version="1" changeset="1"><nd ref="9493053144" /><nd ref="9493053145" /><tag k="highway" v="residential" /><tag k="oneway" v="no" /></way><way id="1383" timestamp="2026-03-31T16:39:34Z" uid="1" user="OSMnx" version="1" changeset="1"><nd ref="9493053145" /><nd ref="9493053144" /><tag k="highway" v="residential" /><tag k="oneway" v="no" /></way><way id="1384" timestamp="2026-03-31T16:39:34Z" uid="1" user="OSMnx" version="1" changeset="1"><nd ref="9493053145" /><nd ref="9493053143" /><tag k="highway" v="residential" /><tag k="oneway" v="no" /></way><way id="1385" timestamp="2026-03-31T16:39:34Z" uid="1" user="OSMnx" version="1" changeset="1"><nd ref="9493053146" /><nd ref="9493053147" /><tag k="highway" v="residential" /><tag k="oneway" v="no" /></way><way id="1386" timestamp="2026-03-31T16:39:34Z" uid="1" user="OSMnx" version="1" changeset="1"><nd ref="9493053146" /><nd ref="1659009964" /><tag k="highway" v="residential" /><tag k="oneway" v="no" /></way><way id="1387" timestamp="2026-03-31T16:39:34Z" uid="1" user="OSMnx" version="1" changeset="1"><nd ref="9493053147" /><nd ref="9493053148" /><tag k="highway" v="residential" /><tag k="oneway" v="no" /></way><way id="1388" timestamp="2026-03-31T16:39:34Z" uid="1" user="OSMnx" version="1" changeset="1"><nd ref="9493053147" /><nd ref="9493053146" /><tag k="highway" v="residential" /><tag k="oneway" v="no" /></way><way id="1389" timestamp="2026-03-31T16:39:34Z" uid="1" user="OSMnx" version="1" changeset="1"><nd ref="9493053148" /><nd ref="1659009951" /><tag k="highway" v="residential" /><tag k="oneway" v="no" /></way><way id="1390" timestamp="2026-03-31T16:39:34Z" uid="1" user="OSMnx" version="1" changeset="1"><nd ref="9493053148" /><nd ref="9493053147" /><tag k="highway" v="residential" /><tag k="oneway" v="no" /></way><way id="1391" timestamp="2026-03-31T16:39:34Z" uid="1" user="OSMnx" version="1" changeset="1"><nd ref="9498741950" /><nd ref="1659032402" /><tag k="highway" v="service" /><tag k="oneway" v="no" /></way><way id="1392" timestamp="2026-03-31T16:39:34Z" uid="1" user="OSMnx" version="1" changeset="1"><nd ref="9498741950" /><nd ref="9498741951" /><tag k="highway" v="service" /><tag k="oneway" v="no" /></way><way id="1393" timestamp="2026-03-31T16:39:34Z" uid="1" user="OSMnx" version="1" changeset="1"><nd ref="9498741951" /><nd ref="9498741950" /><tag k="highway" v="service" /><tag k="oneway" v="no" /></way><way id="1394" timestamp="2026-03-31T16:39:34Z" uid="1" user="OSMnx" version="1" changeset="1"><nd ref="9498741951" /><nd ref="9498741953" /><tag k="highway" v="service" /><tag k="oneway" v="no" /></way><way id="1395" timestamp="2026-03-31T16:39:34Z" uid="1" user="OSMnx" version="1" changeset="1"><nd ref="9498741952" /><nd ref="1659032447" /><tag k="highway" v="service" /><tag k="oneway" v="no" /></way><way id="1396" timestamp="2026-03-31T16:39:34Z" uid="1" user="OSMnx" version="1" changeset="1"><nd ref="9498741952" /><nd ref="1659032457" /><tag k="highway" v="service" /><tag k="oneway" v="no" /></way><way id="1397" timestamp="2026-03-31T16:39:34Z" uid="1" user="OSMnx" version="1" changeset="1"><nd ref="9498741953" /><nd ref="9498741951" /><tag k="highway" v="service" /><tag k="oneway" v="no" /></way><way id="1398" timestamp="2026-03-31T16:39:34Z" uid="1" user="OSMnx" version="1" changeset="1"><nd ref="9498741953" /><nd ref="1659032510" /><tag k="highway" v="service" /><tag k="oneway" v="no" /></way><way id="1399" timestamp="2026-03-31T16:39:34Z" uid="1" user="OSMnx" version="1" changeset="1"><nd ref="9498741954" /><nd ref="9498741955" /><tag k="highway" v="service" /><tag k="oneway" v="no" /></way><way id="1400" timestamp="2026-03-31T16:39:34Z" uid="1" user="OSMnx" version="1" changeset="1"><nd ref="9498741954" /><nd ref="1659032533" /><tag k="highway" v="service" /><tag k="oneway" v="no" /></way><way id="1401" timestamp="2026-03-31T16:39:34Z" uid="1" user="OSMnx" version="1" changeset="1"><nd ref="9498741955" /><nd ref="9498741958" /><tag k="highway" v="service" /><tag k="oneway" v="no" /></way><way id="1402" timestamp="2026-03-31T16:39:34Z" uid="1" user="OSMnx" version="1" changeset="1"><nd ref="9498741955" /><nd ref="9498741954" /><tag k="highway" v="service" /><tag k="oneway" v="no" /></way><way id="1403" timestamp="2026-03-31T16:39:34Z" uid="1" user="OSMnx" version="1" changeset="1"><nd ref="9498741956" /><nd ref="1659032455" /><tag k="highway" v="service" /><tag k="oneway" v="no" /></way><way id="1404" timestamp="2026-03-31T16:39:34Z" uid="1" user="OSMnx" version="1" changeset="1"><nd ref="9498741956" /><nd ref="9498741957" /><tag k="highway" v="service" /><tag k="oneway" v="no" /></way><way id="1405" timestamp="2026-03-31T16:39:34Z" uid="1" user="OSMnx" version="1" changeset="1"><nd ref="9498741957" /><nd ref="9498741956" /><tag k="highway" v="service" /><tag k="oneway" v="no" /></way><way id="1406" timestamp="2026-03-31T16:39:34Z" uid="1" user="OSMnx" version="1" changeset="1"><nd ref="9498741957" /><nd ref="9498741958" /><tag k="highway" v="service" /><tag k="oneway" v="no" /></way><way id="1407" timestamp="2026-03-31T16:39:34Z" uid="1" user="OSMnx" version="1" changeset="1"><nd ref="9498741958" /><nd ref="9498741957" /><tag k="highway" v="service" /><tag k="oneway" v="no" /></way><way id="1408" timestamp="2026-03-31T16:39:34Z" uid="1" user="OSMnx" version="1" changeset="1"><nd ref="9498741958" /><nd ref="9498741955" /><tag k="highway" v="service" /><tag k="oneway" v="no" /></way><way id="1409" timestamp="2026-03-31T16:39:34Z" uid="1" user="OSMnx" version="1" changeset="1"><nd ref="9498741973" /><nd ref="1659009972" /><tag k="highway" v="residential" /><tag k="lanes" v="2" /><tag k="oneway" v="no" /></way><way id="1410" timestamp="2026-03-31T16:39:34Z" uid="1" user="OSMnx" version="1" changeset="1"><nd ref="9498741973" /><nd ref="9498741974" /><tag k="highway" v="residential" /><tag k="lanes" v="2" /><tag k="oneway" v="no" /></way><way id="1411" timestamp="2026-03-31T16:39:34Z" uid="1" user="OSMnx" version="1" changeset="1"><nd ref="9498741974" /><nd ref="9498741973" /><tag k="highway" v="residential" /><tag k="lanes" v="2" /><tag k="oneway" v="no" /></way><way id="1412" timestamp="2026-03-31T16:39:34Z" uid="1" user="OSMnx" version="1" changeset="1"><nd ref="9498741974" /><nd ref="1659032395" /><tag k="highway" v="residential" /><tag k="lanes" v="2" /><tag k="oneway" v="no" /></way><way id="1413" timestamp="2026-03-31T16:39:34Z" uid="1" user="OSMnx" version="1" changeset="1"><nd ref="9498741975" /><nd ref="9512737259" /><tag k="highway" v="residential" /><tag k="oneway" v="no" /></way><way id="1414" timestamp="2026-03-31T16:39:34Z" uid="1" user="OSMnx" version="1" changeset="1"><nd ref="9498741975" /><nd ref="9512737264" /><tag k="highway" v="residential" /><tag k="oneway" v="no" /></way><way id="1415" timestamp="2026-03-31T16:39:34Z" uid="1" user="OSMnx" version="1" changeset="1"><nd ref="9498741976" /><nd ref="1659032368" /><tag k="highway" v="residential" /><tag k="oneway" v="yes" /></way><way id="1416" timestamp="2026-03-31T16:39:34Z" uid="1" user="OSMnx" version="1" changeset="1"><nd ref="9512719766" /><nd ref="9512719782" /><tag k="highway" v="service" /><tag k="oneway" v="no" /></way><way id="1417" timestamp="2026-03-31T16:39:34Z" uid="1" user="OSMnx" version="1" changeset="1"><nd ref="9512719766" /><nd ref="9512719768" /><tag k="highway" v="service" /><tag k="oneway" v="no" /></way><way id="1418" timestamp="2026-03-31T16:39:34Z" uid="1" user="OSMnx" version="1" changeset="1"><nd ref="9512719766" /><nd ref="9512719769" /><tag k="highway" v="service" /><tag k="oneway" v="no" /></way><way id="1419" timestamp="2026-03-31T16:39:34Z" uid="1" user="OSMnx" version="1" changeset="1"><nd ref="9512719768" /><nd ref="9512737225" /><tag k="highway" v="service" /><tag k="oneway" v="no" /></way><way id="1420" timestamp="2026-03-31T16:39:34Z" uid="1" user="OSMnx" version="1" changeset="1"><nd ref="9512719768" /><nd ref="9512719766" /><tag k="highway" v="service" /><tag k="oneway" v="no" /></way><way id="1421" timestamp="2026-03-31T16:39:34Z" uid="1" user="OSMnx" version="1" changeset="1"><nd ref="9512719769" /><nd ref="9512719766" /><tag k="highway" v="service" /><tag k="oneway" v="no" /></way><way id="1422" timestamp="2026-03-31T16:39:34Z" uid="1" user="OSMnx" version="1" changeset="1"><nd ref="9512719769" /><nd ref="9512719781" /><tag k="highway" v="service" /><tag k="oneway" v="no" /></way><way id="1423" timestamp="2026-03-31T16:39:34Z" uid="1" user="OSMnx" version="1" changeset="1"><nd ref="9512719770" /><nd ref="9512719800" /><tag k="highway" v="service" /><tag k="oneway" v="no" /></way><way id="1424" timestamp="2026-03-31T16:39:34Z" uid="1" user="OSMnx" version="1" changeset="1"><nd ref="9512719770" /><nd ref="9512719771" /><tag k="highway" v="service" /><tag k="oneway" v="no" /></way><way id="1425" timestamp="2026-03-31T16:39:34Z" uid="1" user="OSMnx" version="1" changeset="1"><nd ref="9512719771" /><nd ref="9512719770" /><tag k="highway" v="service" /><tag k="oneway" v="no" /></way><way id="1426" timestamp="2026-03-31T16:39:34Z" uid="1" user="OSMnx" version="1" changeset="1"><nd ref="9512719771" /><nd ref="9512719772" /><tag k="highway" v="service" /><tag k="oneway" v="no" /></way><way id="1427" timestamp="2026-03-31T16:39:34Z" uid="1" user="OSMnx" version="1" changeset="1"><nd ref="9512719772" /><nd ref="9512719771" /><tag k="highway" v="service" /><tag k="oneway" v="no" /></way><way id="1428" timestamp="2026-03-31T16:39:34Z" uid="1" user="OSMnx" version="1" changeset="1"><nd ref="9512719772" /><nd ref="9512719773" /><tag k="highway" v="service" /><tag k="oneway" v="no" /></way><way id="1429" timestamp="2026-03-31T16:39:34Z" uid="1" user="OSMnx" version="1" changeset="1"><nd ref="9512719773" /><nd ref="9512719772" /><tag k="highway" v="service" /><tag k="oneway" v="no" /></way><way id="1430" timestamp="2026-03-31T16:39:34Z" uid="1" user="OSMnx" version="1" changeset="1"><nd ref="9512719773" /><nd ref="9512719774" /><tag k="highway" v="service" /><tag k="oneway" v="no" /></way><way id="1431" timestamp="2026-03-31T16:39:34Z" uid="1" user="OSMnx" version="1" changeset="1"><nd ref="9512719774" /><nd ref="9512719773" /><tag k="highway" v="service" /><tag k="oneway" v="no" /></way><way id="1432" timestamp="2026-03-31T16:39:34Z" uid="1" user="OSMnx" version="1" changeset="1"><nd ref="9512719774" /><nd ref="9512719796" /><tag k="highway" v="service" /><tag k="oneway" v="no" /></way><way id="1433" timestamp="2026-03-31T16:39:34Z" uid="1" user="OSMnx" version="1" changeset="1"><nd ref="9512719777" /><nd ref="9512719778" /><tag k="highway" v="service" /><tag k="oneway" v="no" /></way><way id="1434" timestamp="2026-03-31T16:39:34Z" uid="1" user="OSMnx" version="1" changeset="1"><nd ref="9512719777" /><nd ref="9512737229" /><tag k="highway" v="service" /><tag k="oneway" v="no" /></way><way id="1435" timestamp="2026-03-31T16:39:34Z" uid="1" user="OSMnx" version="1" changeset="1"><nd ref="9512719777" /><nd ref="9512719785" /><tag k="highway" v="service" /><tag k="oneway" v="no" /></way><way id="1436" timestamp="2026-03-31T16:39:34Z" uid="1" user="OSMnx" version="1" changeset="1"><nd ref="9512719778" /><nd ref="9512719779" /><tag k="highway" v="service" /><tag k="oneway" v="no" /></way><way id="1437" timestamp="2026-03-31T16:39:34Z" uid="1" user="OSMnx" version="1" changeset="1"><nd ref="9512719778" /><nd ref="9512719777" /><tag k="highway" v="service" /><tag k="oneway" v="no" /></way><way id="1438" timestamp="2026-03-31T16:39:34Z" uid="1" user="OSMnx" version="1" changeset="1"><nd ref="9512719778" /><nd ref="9512719784" /><tag k="highway" v="service" /><tag k="oneway" v="no" /></way><way id="1439" timestamp="2026-03-31T16:39:34Z" uid="1" user="OSMnx" version="1" changeset="1"><nd ref="9512719779" /><nd ref="9512719780" /><tag k="highway" v="service" /><tag k="oneway" v="no" /></way><way id="1440" timestamp="2026-03-31T16:39:34Z" uid="1" user="OSMnx" version="1" changeset="1"><nd ref="9512719779" /><nd ref="9512719778" /><tag k="highway" v="service" /><tag k="oneway" v="no" /></way><way id="1441" timestamp="2026-03-31T16:39:34Z" uid="1" user="OSMnx" version="1" changeset="1"><nd ref="9512719779" /><nd ref="9512719782" /><tag k="highway" v="service" /><tag k="oneway" v="no" /></way><way id="1442" timestamp="2026-03-31T16:39:34Z" uid="1" user="OSMnx" version="1" changeset="1"><nd ref="9512719780" /><nd ref="9512719781" /><tag k="highway" v="service" /><tag k="oneway" v="no" /></way><way id="1443" timestamp="2026-03-31T16:39:34Z" uid="1" user="OSMnx" version="1" changeset="1"><nd ref="9512719780" /><nd ref="9512719779" /><tag k="highway" v="service" /><tag k="oneway" v="no" /></way><way id="1444" timestamp="2026-03-31T16:39:34Z" uid="1" user="OSMnx" version="1" changeset="1"><nd ref="9512719780" /><nd ref="9512719783" /><tag k="highway" v="service" /><tag k="oneway" v="no" /></way><way id="1445" timestamp="2026-03-31T16:39:34Z" uid="1" user="OSMnx" version="1" changeset="1"><nd ref="9512719781" /><nd ref="9512719780" /><tag k="highway" v="service" /><tag k="oneway" v="no" /></way><way id="1446" timestamp="2026-03-31T16:39:34Z" uid="1" user="OSMnx" version="1" changeset="1"><nd ref="9512719781" /><nd ref="9512719769" /><tag k="highway" v="service" /><tag k="oneway" v="no" /></way><way id="1447" timestamp="2026-03-31T16:39:34Z" uid="1" user="OSMnx" version="1" changeset="1"><nd ref="9512719781" /><nd ref="9512719800" /><tag k="highway" v="service" /><tag k="oneway" v="no" /></way><way id="1448" timestamp="2026-03-31T16:39:34Z" uid="1" user="OSMnx" version="1" changeset="1"><nd ref="9512719782" /><nd ref="9512719766" /><tag k="highway" v="service" /><tag k="oneway" v="no" /></way><way id="1449" timestamp="2026-03-31T16:39:34Z" uid="1" user="OSMnx" version="1" changeset="1"><nd ref="9512719782" /><nd ref="9512719785" /><tag k="highway" v="service" /><tag k="oneway" v="no" /></way><way id="1450" timestamp="2026-03-31T16:39:34Z" uid="1" user="OSMnx" version="1" changeset="1"><nd ref="9512719782" /><nd ref="9512719779" /><tag k="highway" v="service" /><tag k="oneway" v="no" /></way><way id="1451" timestamp="2026-03-31T16:39:34Z" uid="1" user="OSMnx" version="1" changeset="1"><nd ref="9512719783" /><nd ref="9512719780" /><tag k="highway" v="service" /><tag k="oneway" v="no" /></way><way id="1452" timestamp="2026-03-31T16:39:34Z" uid="1" user="OSMnx" version="1" changeset="1"><nd ref="9512719784" /><nd ref="9512719778" /><tag k="highway" v="service" /><tag k="oneway" v="no" /></way><way id="1453" timestamp="2026-03-31T16:39:34Z" uid="1" user="OSMnx" version="1" changeset="1"><nd ref="9512719785" /><nd ref="9512719782" /><tag k="highway" v="service" /><tag k="oneway" v="no" /></way><way id="1454" timestamp="2026-03-31T16:39:34Z" uid="1" user="OSMnx" version="1" changeset="1"><nd ref="9512719785" /><nd ref="9512737228" /><tag k="highway" v="service" /><tag k="oneway" v="no" /></way><way id="1455" timestamp="2026-03-31T16:39:34Z" uid="1" user="OSMnx" version="1" changeset="1"><nd ref="9512719785" /><nd ref="9512719777" /><tag k="highway" v="service" /><tag k="oneway" v="no" /></way><way id="1456" timestamp="2026-03-31T16:39:34Z" uid="1" user="OSMnx" version="1" changeset="1"><nd ref="9512719786" /><nd ref="9512719799" /><tag k="highway" v="residential" /><tag k="oneway" v="no" /></way><way id="1457" timestamp="2026-03-31T16:39:34Z" uid="1" user="OSMnx" version="1" changeset="1"><nd ref="9512719786" /><nd ref="9512719788" /><tag k="highway" v="service" /><tag k="oneway" v="no" /></way><way id="1458" timestamp="2026-03-31T16:39:34Z" uid="1" user="OSMnx" version="1" changeset="1"><nd ref="9512719787" /><nd ref="9512737223" /><tag k="highway" v="residential" /><tag k="name" v="楚怡路" /><tag k="oneway" v="yes" /></way><way id="1459" timestamp="2026-03-31T16:39:34Z" uid="1" user="OSMnx" version="1" changeset="1"><nd ref="9512719787" /><nd ref="9512719801" /><tag k="highway" v="residential" /><tag k="oneway" v="no" /></way><way id="1460" timestamp="2026-03-31T16:39:34Z" uid="1" user="OSMnx" version="1" changeset="1"><nd ref="9512719788" /><nd ref="9512719786" /><tag k="highway" v="service" /><tag k="oneway" v="no" /></way><way id="1461" timestamp="2026-03-31T16:39:34Z" uid="1" user="OSMnx" version="1" changeset="1"><nd ref="9512719788" /><nd ref="9512719789" /><tag k="highway" v="service" /><tag k="oneway" v="no" /></way><way id="1462" timestamp="2026-03-31T16:39:34Z" uid="1" user="OSMnx" version="1" changeset="1"><nd ref="9512719789" /><nd ref="9512719788" /><tag k="highway" v="service" /><tag k="oneway" v="no" /></way><way id="1463" timestamp="2026-03-31T16:39:34Z" uid="1" user="OSMnx" version="1" changeset="1"><nd ref="9512719789" /><nd ref="9512719790" /><tag k="highway" v="service" /><tag k="oneway" v="no" /></way><way id="1464" timestamp="2026-03-31T16:39:34Z" uid="1" user="OSMnx" version="1" changeset="1"><nd ref="9512719790" /><nd ref="9512719789" /><tag k="highway" v="service" /><tag k="oneway" v="no" /></way><way id="1465" timestamp="2026-03-31T16:39:34Z" uid="1" user="OSMnx" version="1" changeset="1"><nd ref="9512719790" /><nd ref="9512719791" /><tag k="highway" v="service" /><tag k="oneway" v="no" /></way><way id="1466" timestamp="2026-03-31T16:39:34Z" uid="1" user="OSMnx" version="1" changeset="1"><nd ref="9512719791" /><nd ref="9512719790" /><tag k="highway" v="service" /><tag k="oneway" v="no" /></way><way id="1467" timestamp="2026-03-31T16:39:34Z" uid="1" user="OSMnx" version="1" changeset="1"><nd ref="9512719791" /><nd ref="9512719798" /><tag k="highway" v="service" /><tag k="oneway" v="no" /></way><way id="1468" timestamp="2026-03-31T16:39:34Z" uid="1" user="OSMnx" version="1" changeset="1"><nd ref="9512719792" /><nd ref="9512719797" /><tag k="highway" v="service" /><tag k="oneway" v="no" /></way><way id="1469" timestamp="2026-03-31T16:39:34Z" uid="1" user="OSMnx" version="1" changeset="1"><nd ref="9512719792" /><nd ref="9512719793" /><tag k="highway" v="service" /><tag k="oneway" v="no" /></way><way id="1470" timestamp="2026-03-31T16:39:34Z" uid="1" user="OSMnx" version="1" changeset="1"><nd ref="9512719793" /><nd ref="9512719792" /><tag k="highway" v="service" /><tag k="oneway" v="no" /></way><way id="1471" timestamp="2026-03-31T16:39:34Z" uid="1" user="OSMnx" version="1" changeset="1"><nd ref="9512719793" /><nd ref="9512719794" /><tag k="highway" v="service" /><tag k="oneway" v="no" /></way><way id="1472" timestamp="2026-03-31T16:39:34Z" uid="1" user="OSMnx" version="1" changeset="1"><nd ref="9512719794" /><nd ref="9512719793" /><tag k="highway" v="service" /><tag k="oneway" v="no" /></way><way id="1473" timestamp="2026-03-31T16:39:34Z" uid="1" user="OSMnx" version="1" changeset="1"><nd ref="9512719794" /><nd ref="9512719795" /><tag k="highway" v="service" /><tag k="oneway" v="no" /></way><way id="1474" timestamp="2026-03-31T16:39:34Z" uid="1" user="OSMnx" version="1" changeset="1"><nd ref="9512719795" /><nd ref="9512719794" /><tag k="highway" v="service" /><tag k="oneway" v="no" /></way><way id="1475" timestamp="2026-03-31T16:39:34Z" uid="1" user="OSMnx" version="1" changeset="1"><nd ref="9512719795" /><nd ref="9512719796" /><tag k="highway" v="service" /><tag k="oneway" v="no" /></way><way id="1476" timestamp="2026-03-31T16:39:34Z" uid="1" user="OSMnx" version="1" changeset="1"><nd ref="9512719796" /><nd ref="9512719795" /><tag k="highway" v="service" /><tag k="oneway" v="no" /></way><way id="1477" timestamp="2026-03-31T16:39:34Z" uid="1" user="OSMnx" version="1" changeset="1"><nd ref="9512719796" /><nd ref="9512719774" /><tag k="highway" v="service" /><tag k="oneway" v="no" /></way><way id="1478" timestamp="2026-03-31T16:39:34Z" uid="1" user="OSMnx" version="1" changeset="1"><nd ref="9512719797" /><nd ref="9512719798" /><tag k="highway" v="service" /><tag k="oneway" v="no" /></way><way id="1479" timestamp="2026-03-31T16:39:34Z" uid="1" user="OSMnx" version="1" changeset="1"><nd ref="9512719797" /><nd ref="9512719792" /><tag k="highway" v="service" /><tag k="oneway" v="no" /></way><way id="1480" timestamp="2026-03-31T16:39:34Z" uid="1" user="OSMnx" version="1" changeset="1"><nd ref="9512719798" /><nd ref="9512719791" /><tag k="highway" v="service" /><tag k="oneway" v="no" /></way><way id="1481" timestamp="2026-03-31T16:39:34Z" uid="1" user="OSMnx" version="1" changeset="1"><nd ref="9512719798" /><nd ref="9512719797" /><tag k="highway" v="service" /><tag k="oneway" v="no" /></way><way id="1482" timestamp="2026-03-31T16:39:34Z" uid="1" user="OSMnx" version="1" changeset="1"><nd ref="9512719799" /><nd ref="9512719801" /><tag k="highway" v="residential" /><tag k="oneway" v="no" /></way><way id="1483" timestamp="2026-03-31T16:39:34Z" uid="1" user="OSMnx" version="1" changeset="1"><nd ref="9512719799" /><nd ref="9512719786" /><tag k="highway" v="residential" /><tag k="oneway" v="no" /></way><way id="1484" timestamp="2026-03-31T16:39:34Z" uid="1" user="OSMnx" version="1" changeset="1"><nd ref="9512719799" /><nd ref="9490554025" /><tag k="highway" v="residential" /><tag k="oneway" v="no" /></way><way id="1485" timestamp="2026-03-31T16:39:34Z" uid="1" user="OSMnx" version="1" changeset="1"><nd ref="9512719800" /><nd ref="9512719781" /><tag k="highway" v="service" /><tag k="oneway" v="no" /></way><way id="1486" timestamp="2026-03-31T16:39:34Z" uid="1" user="OSMnx" version="1" changeset="1"><nd ref="9512719800" /><nd ref="9512719770" /><tag k="highway" v="service" /><tag k="oneway" v="no" /></way><way id="1487" timestamp="2026-03-31T16:39:34Z" uid="1" user="OSMnx" version="1" changeset="1"><nd ref="9512719800" /><nd ref="9512719809" /><tag k="highway" v="residential" /><tag k="oneway" v="no" /></way><way id="1488" timestamp="2026-03-31T16:39:34Z" uid="1" user="OSMnx" version="1" changeset="1"><nd ref="9512719801" /><nd ref="9512719787" /><tag k="highway" v="residential" /><tag k="oneway" v="no" /></way><way id="1489" timestamp="2026-03-31T16:39:34Z" uid="1" user="OSMnx" version="1" changeset="1"><nd ref="9512719801" /><nd ref="9512719799" /><tag k="highway" v="residential" /><tag k="oneway" v="no" /></way><way id="1490" timestamp="2026-03-31T16:39:34Z" uid="1" user="OSMnx" version="1" changeset="1"><nd ref="9512719801" /><nd ref="9512719803" /><tag k="highway" v="residential" /><tag k="oneway" v="no" /></way><way id="1491" timestamp="2026-03-31T16:39:34Z" uid="1" user="OSMnx" version="1" changeset="1"><nd ref="9512719802" /><nd ref="9512719803" /><tag k="highway" v="service" /><tag k="oneway" v="no" /></way><way id="1492" timestamp="2026-03-31T16:39:34Z" uid="1" user="OSMnx" version="1" changeset="1"><nd ref="9512719803" /><nd ref="9512719805" /><tag k="highway" v="residential" /><tag k="oneway" v="no" /></way><way id="1493" timestamp="2026-03-31T16:39:34Z" uid="1" user="OSMnx" version="1" changeset="1"><nd ref="9512719803" /><nd ref="9512719801" /><tag k="highway" v="residential" /><tag k="oneway" v="no" /></way><way id="1494" timestamp="2026-03-31T16:39:34Z" uid="1" user="OSMnx" version="1" changeset="1"><nd ref="9512719803" /><nd ref="9512719802" /><tag k="highway" v="service" /><tag k="oneway" v="no" /></way><way id="1495" timestamp="2026-03-31T16:39:34Z" uid="1" user="OSMnx" version="1" changeset="1"><nd ref="9512719804" /><nd ref="9512719805" /><tag k="highway" v="service" /><tag k="oneway" v="no" /></way><way id="1496" timestamp="2026-03-31T16:39:34Z" uid="1" user="OSMnx" version="1" changeset="1"><nd ref="9512719805" /><nd ref="9512719807" /><tag k="highway" v="residential" /><tag k="oneway" v="no" /></way><way id="1497" timestamp="2026-03-31T16:39:34Z" uid="1" user="OSMnx" version="1" changeset="1"><nd ref="9512719805" /><nd ref="9512719803" /><tag k="highway" v="residential" /><tag k="oneway" v="no" /></way><way id="1498" timestamp="2026-03-31T16:39:34Z" uid="1" user="OSMnx" version="1" changeset="1"><nd ref="9512719805" /><nd ref="9512719804" /><tag k="highway" v="service" /><tag k="oneway" v="no" /></way><way id="1499" timestamp="2026-03-31T16:39:34Z" uid="1" user="OSMnx" version="1" changeset="1"><nd ref="9512719806" /><nd ref="9512719807" /><tag k="highway" v="service" /><tag k="oneway" v="no" /></way><way id="1500" timestamp="2026-03-31T16:39:34Z" uid="1" user="OSMnx" version="1" changeset="1"><nd ref="9512719807" /><nd ref="9491091648" /><tag k="highway" v="residential" /><tag k="oneway" v="no" /></way><way id="1501" timestamp="2026-03-31T16:39:34Z" uid="1" user="OSMnx" version="1" changeset="1"><nd ref="9512719807" /><nd ref="9512719805" /><tag k="highway" v="residential" /><tag k="oneway" v="no" /></way><way id="1502" timestamp="2026-03-31T16:39:34Z" uid="1" user="OSMnx" version="1" changeset="1"><nd ref="9512719807" /><nd ref="9512719806" /><tag k="highway" v="service" /><tag k="oneway" v="no" /></way><way id="1503" timestamp="2026-03-31T16:39:34Z" uid="1" user="OSMnx" version="1" changeset="1"><nd ref="9512719808" /><nd ref="9490554024" /><tag k="highway" v="service" /><tag k="oneway" v="no" /></way><way id="1504" timestamp="2026-03-31T16:39:34Z" uid="1" user="OSMnx" version="1" changeset="1"><nd ref="9512719808" /><nd ref="9512737220" /><tag k="highway" v="service" /><tag k="oneway" v="no" /></way><way id="1505" timestamp="2026-03-31T16:39:34Z" uid="1" user="OSMnx" version="1" changeset="1"><nd ref="9512719809" /><nd ref="9512719800" /><tag k="highway" v="residential" /><tag k="oneway" v="no" /></way><way id="1506" timestamp="2026-03-31T16:39:34Z" uid="1" user="OSMnx" version="1" changeset="1"><nd ref="9512719809" /><nd ref="9490554025" /><tag k="highway" v="residential" /><tag k="oneway" v="no" /></way><way id="1507" timestamp="2026-03-31T16:39:34Z" uid="1" user="OSMnx" version="1" changeset="1"><nd ref="9512719809" /><nd ref="9490554024" /><tag k="highway" v="service" /><tag k="oneway" v="no" /></way><way id="1508" timestamp="2026-03-31T16:39:34Z" uid="1" user="OSMnx" version="1" changeset="1"><nd ref="9512719810" /><nd ref="9512737220" /><tag k="highway" v="service" /><tag k="oneway" v="no" /></way><way id="1509" timestamp="2026-03-31T16:39:34Z" uid="1" user="OSMnx" version="1" changeset="1"><nd ref="9512719810" /><nd ref="9512737221" /><tag k="highway" v="service" /><tag k="oneway" v="no" /></way><way id="1510" timestamp="2026-03-31T16:39:34Z" uid="1" user="OSMnx" version="1" changeset="1"><nd ref="9512719811" /><nd ref="9512737221" /><tag k="highway" v="service" /><tag k="oneway" v="no" /></way><way id="1511" timestamp="2026-03-31T16:39:34Z" uid="1" user="OSMnx" version="1" changeset="1"><nd ref="9512719811" /><nd ref="9512719812" /><tag k="highway" v="service" /><tag k="oneway" v="no" /></way><way id="1512" timestamp="2026-03-31T16:39:34Z" uid="1" user="OSMnx" version="1" changeset="1"><nd ref="9512719812" /><nd ref="9512719811" /><tag k="highway" v="service" /><tag k="oneway" v="no" /></way><way id="1513" timestamp="2026-03-31T16:39:34Z" uid="1" user="OSMnx" version="1" changeset="1"><nd ref="9512719812" /><nd ref="9512737222" /><tag k="highway" v="service" /><tag k="oneway" v="no" /></way><way id="1514" timestamp="2026-03-31T16:39:34Z" uid="1" user="OSMnx" version="1" changeset="1"><nd ref="9512719813" /><nd ref="9512737222" /><tag k="highway" v="service" /><tag k="oneway" v="no" /></way><way id="1515" timestamp="2026-03-31T16:39:34Z" uid="1" user="OSMnx" version="1" changeset="1"><nd ref="9512719813" /><nd ref="9512719814" /><tag k="highway" v="service" /><tag k="oneway" v="no" /></way><way id="1516" timestamp="2026-03-31T16:39:34Z" uid="1" user="OSMnx" version="1" changeset="1"><nd ref="9512719814" /><nd ref="9512719813" /><tag k="highway" v="service" /><tag k="oneway" v="no" /></way><way id="1517" timestamp="2026-03-31T16:39:34Z" uid="1" user="OSMnx" version="1" changeset="1"><nd ref="9512719814" /><nd ref="9512719815" /><tag k="highway" v="service" /><tag k="oneway" v="no" /></way><way id="1518" timestamp="2026-03-31T16:39:34Z" uid="1" user="OSMnx" version="1" changeset="1"><nd ref="9512719815" /><nd ref="9512719814" /><tag k="highway" v="service" /><tag k="oneway" v="no" /></way><way id="1519" timestamp="2026-03-31T16:39:34Z" uid="1" user="OSMnx" version="1" changeset="1"><nd ref="9512719815" /><nd ref="9512719816" /><tag k="highway" v="service" /><tag k="oneway" v="no" /></way><way id="1520" timestamp="2026-03-31T16:39:34Z" uid="1" user="OSMnx" version="1" changeset="1"><nd ref="9512719816" /><nd ref="9512719815" /><tag k="highway" v="service" /><tag k="oneway" v="no" /></way><way id="1521" timestamp="2026-03-31T16:39:34Z" uid="1" user="OSMnx" version="1" changeset="1"><nd ref="9512719816" /><nd ref="9512737217" /><tag k="highway" v="service" /><tag k="oneway" v="no" /></way><way id="1522" timestamp="2026-03-31T16:39:34Z" uid="1" user="OSMnx" version="1" changeset="1"><nd ref="9512737217" /><nd ref="9512719816" /><tag k="highway" v="service" /><tag k="oneway" v="no" /></way><way id="1523" timestamp="2026-03-31T16:39:34Z" uid="1" user="OSMnx" version="1" changeset="1"><nd ref="9512737217" /><nd ref="9512737218" /><tag k="highway" v="service" /><tag k="oneway" v="no" /></way><way id="1524" timestamp="2026-03-31T16:39:34Z" uid="1" user="OSMnx" version="1" changeset="1"><nd ref="9512737218" /><nd ref="9512737217" /><tag k="highway" v="service" /><tag k="oneway" v="no" /></way><way id="1525" timestamp="2026-03-31T16:39:34Z" uid="1" user="OSMnx" version="1" changeset="1"><nd ref="9512737218" /><nd ref="9512737219" /><tag k="highway" v="service" /><tag k="oneway" v="no" /></way><way id="1526" timestamp="2026-03-31T16:39:34Z" uid="1" user="OSMnx" version="1" changeset="1"><nd ref="9512737219" /><nd ref="9512737218" /><tag k="highway" v="service" /><tag k="oneway" v="no" /></way><way id="1527" timestamp="2026-03-31T16:39:34Z" uid="1" user="OSMnx" version="1" changeset="1"><nd ref="9512737220" /><nd ref="9512719808" /><tag k="highway" v="service" /><tag k="oneway" v="no" /></way><way id="1528" timestamp="2026-03-31T16:39:34Z" uid="1" user="OSMnx" version="1" changeset="1"><nd ref="9512737220" /><nd ref="9512719810" /><tag k="highway" v="service" /><tag k="oneway" v="no" /></way><way id="1529" timestamp="2026-03-31T16:39:34Z" uid="1" user="OSMnx" version="1" changeset="1"><nd ref="9512737221" /><nd ref="9512719810" /><tag k="highway" v="service" /><tag k="oneway" v="no" /></way><way id="1530" timestamp="2026-03-31T16:39:34Z" uid="1" user="OSMnx" version="1" changeset="1"><nd ref="9512737221" /><nd ref="9512719811" /><tag k="highway" v="service" /><tag k="oneway" v="no" /></way><way id="1531" timestamp="2026-03-31T16:39:34Z" uid="1" user="OSMnx" version="1" changeset="1"><nd ref="9512737222" /><nd ref="9512719812" /><tag k="highway" v="service" /><tag k="oneway" v="no" /></way><way id="1532" timestamp="2026-03-31T16:39:34Z" uid="1" user="OSMnx" version="1" changeset="1"><nd ref="9512737222" /><nd ref="9512719813" /><tag k="highway" v="service" /><tag k="oneway" v="no" /></way><way id="1533" timestamp="2026-03-31T16:39:34Z" uid="1" user="OSMnx" version="1" changeset="1"><nd ref="9512737222" /><nd ref="9512737223" /><tag k="highway" v="service" /><tag k="oneway" v="no" /></way><way id="1534" timestamp="2026-03-31T16:39:34Z" uid="1" user="OSMnx" version="1" changeset="1"><nd ref="9512737223" /><nd ref="9512719768" /><tag k="highway" v="residential" /><tag k="name" v="楚怡路" /><tag k="oneway" v="yes" /></way><way id="1535" timestamp="2026-03-31T16:39:34Z" uid="1" user="OSMnx" version="1" changeset="1"><nd ref="9512737223" /><nd ref="9512737224" /><tag k="highway" v="service" /><tag k="oneway" v="no" /></way><way id="1536" timestamp="2026-03-31T16:39:34Z" uid="1" user="OSMnx" version="1" changeset="1"><nd ref="9512737223" /><nd ref="9512737222" /><tag k="highway" v="service" /><tag k="oneway" v="no" /></way><way id="1537" timestamp="2026-03-31T16:39:34Z" uid="1" user="OSMnx" version="1" changeset="1"><nd ref="9512737224" /><nd ref="9512737245" /><tag k="highway" v="residential" /><tag k="lanes" v="2" /><tag k="name" v="楚怡路" /><tag k="oneway" v="yes" /></way><way id="1538" timestamp="2026-03-31T16:39:34Z" uid="1" user="OSMnx" version="1" changeset="1"><nd ref="9512737224" /><nd ref="9512737223" /><tag k="highway" v="service" /><tag k="oneway" v="no" /></way><way id="1539" timestamp="2026-03-31T16:39:34Z" uid="1" user="OSMnx" version="1" changeset="1"><nd ref="9512737225" /><nd ref="9512737224" /><tag k="highway" v="residential" /><tag k="lanes" v="2" /><tag k="name" v="楚怡路" /><tag k="oneway" v="yes" /></way><way id="1540" timestamp="2026-03-31T16:39:34Z" uid="1" user="OSMnx" version="1" changeset="1"><nd ref="9512737225" /><nd ref="9512719768" /><tag k="highway" v="service" /><tag k="oneway" v="no" /></way><way id="1541" timestamp="2026-03-31T16:39:34Z" uid="1" user="OSMnx" version="1" changeset="1"><nd ref="9512737228" /><nd ref="9512719785" /><tag k="highway" v="service" /><tag k="oneway" v="no" /></way><way id="1542" timestamp="2026-03-31T16:39:34Z" uid="1" user="OSMnx" version="1" changeset="1"><nd ref="9512737228" /><nd ref="9512737229" /><tag k="highway" v="service" /><tag k="oneway" v="no" /></way><way id="1543" timestamp="2026-03-31T16:39:34Z" uid="1" user="OSMnx" version="1" changeset="1"><nd ref="9512737229" /><nd ref="9512719777" /><tag k="highway" v="service" /><tag k="oneway" v="no" /></way><way id="1544" timestamp="2026-03-31T16:39:34Z" uid="1" user="OSMnx" version="1" changeset="1"><nd ref="9512737229" /><nd ref="9512737228" /><tag k="highway" v="service" /><tag k="oneway" v="no" /></way><way id="1545" timestamp="2026-03-31T16:39:34Z" uid="1" user="OSMnx" version="1" changeset="1"><nd ref="9512737230" /><nd ref="9512737231" /><tag k="highway" v="service" /><tag k="oneway" v="no" /></way><way id="1546" timestamp="2026-03-31T16:39:34Z" uid="1" user="OSMnx" version="1" changeset="1"><nd ref="9512737231" /><nd ref="9512737232" /><tag k="highway" v="service" /><tag k="oneway" v="no" /></way><way id="1547" timestamp="2026-03-31T16:39:34Z" uid="1" user="OSMnx" version="1" changeset="1"><nd ref="9512737231" /><nd ref="9512737230" /><tag k="highway" v="service" /><tag k="oneway" v="no" /></way><way id="1548" timestamp="2026-03-31T16:39:34Z" uid="1" user="OSMnx" version="1" changeset="1"><nd ref="9512737232" /><nd ref="9512737235" /><tag k="highway" v="service" /><tag k="oneway" v="no" /></way><way id="1549" timestamp="2026-03-31T16:39:34Z" uid="1" user="OSMnx" version="1" changeset="1"><nd ref="9512737232" /><nd ref="9512737231" /><tag k="highway" v="service" /><tag k="oneway" v="no" /></way><way id="1550" timestamp="2026-03-31T16:39:34Z" uid="1" user="OSMnx" version="1" changeset="1"><nd ref="9512737233" /><nd ref="9512737234" /><tag k="highway" v="service" /><tag k="oneway" v="no" /></way><way id="1551" timestamp="2026-03-31T16:39:34Z" uid="1" user="OSMnx" version="1" changeset="1"><nd ref="9512737233" /><nd ref="9512737235" /><tag k="highway" v="service" /><tag k="oneway" v="no" /></way><way id="1552" timestamp="2026-03-31T16:39:34Z" uid="1" user="OSMnx" version="1" changeset="1"><nd ref="9512737234" /><nd ref="9512737236" /><tag k="highway" v="service" /><tag k="oneway" v="no" /></way><way id="1553" timestamp="2026-03-31T16:39:34Z" uid="1" user="OSMnx" version="1" changeset="1"><nd ref="9512737234" /><nd ref="9512737233" /><tag k="highway" v="service" /><tag k="oneway" v="no" /></way><way id="1554" timestamp="2026-03-31T16:39:34Z" uid="1" user="OSMnx" version="1" changeset="1"><nd ref="9512737235" /><nd ref="9512737233" /><tag k="highway" v="service" /><tag k="oneway" v="no" /></way><way id="1555" timestamp="2026-03-31T16:39:34Z" uid="1" user="OSMnx" version="1" changeset="1"><nd ref="9512737235" /><nd ref="9512737232" /><tag k="highway" v="service" /><tag k="oneway" v="no" /></way><way id="1556" timestamp="2026-03-31T16:39:34Z" uid="1" user="OSMnx" version="1" changeset="1"><nd ref="9512737236" /><nd ref="9512737237" /><tag k="highway" v="service" /><tag k="oneway" v="no" /></way><way id="1557" timestamp="2026-03-31T16:39:34Z" uid="1" user="OSMnx" version="1" changeset="1"><nd ref="9512737236" /><nd ref="9512737234" /><tag k="highway" v="service" /><tag k="oneway" v="no" /></way><way id="1558" timestamp="2026-03-31T16:39:34Z" uid="1" user="OSMnx" version="1" changeset="1"><nd ref="9512737237" /><nd ref="9512737238" /><tag k="highway" v="service" /><tag k="oneway" v="no" /></way><way id="1559" timestamp="2026-03-31T16:39:34Z" uid="1" user="OSMnx" version="1" changeset="1"><nd ref="9512737237" /><nd ref="9512737236" /><tag k="highway" v="service" /><tag k="oneway" v="no" /></way><way id="1560" timestamp="2026-03-31T16:39:34Z" uid="1" user="OSMnx" version="1" changeset="1"><nd ref="9512737238" /><nd ref="9512737239" /><tag k="highway" v="service" /><tag k="oneway" v="no" /></way><way id="1561" timestamp="2026-03-31T16:39:34Z" uid="1" user="OSMnx" version="1" changeset="1"><nd ref="9512737238" /><nd ref="9512737237" /><tag k="highway" v="service" /><tag k="oneway" v="no" /></way><way id="1562" timestamp="2026-03-31T16:39:34Z" uid="1" user="OSMnx" version="1" changeset="1"><nd ref="9512737239" /><nd ref="9512737240" /><tag k="highway" v="service" /><tag k="oneway" v="no" /></way><way id="1563" timestamp="2026-03-31T16:39:34Z" uid="1" user="OSMnx" version="1" changeset="1"><nd ref="9512737239" /><nd ref="9512737238" /><tag k="highway" v="service" /><tag k="oneway" v="no" /></way><way id="1564" timestamp="2026-03-31T16:39:34Z" uid="1" user="OSMnx" version="1" changeset="1"><nd ref="9512737240" /><nd ref="9512737241" /><tag k="highway" v="service" /><tag k="oneway" v="no" /></way><way id="1565" timestamp="2026-03-31T16:39:34Z" uid="1" user="OSMnx" version="1" changeset="1"><nd ref="9512737240" /><nd ref="9512737239" /><tag k="highway" v="service" /><tag k="oneway" v="no" /></way><way id="1566" timestamp="2026-03-31T16:39:34Z" uid="1" user="OSMnx" version="1" changeset="1"><nd ref="9512737241" /><nd ref="9512737242" /><tag k="highway" v="service" /><tag k="oneway" v="no" /></way><way id="1567" timestamp="2026-03-31T16:39:34Z" uid="1" user="OSMnx" version="1" changeset="1"><nd ref="9512737241" /><nd ref="9512737240" /><tag k="highway" v="service" /><tag k="oneway" v="no" /></way><way id="1568" timestamp="2026-03-31T16:39:34Z" uid="1" user="OSMnx" version="1" changeset="1"><nd ref="9512737242" /><nd ref="1659032479" /><tag k="highway" v="residential" /><tag k="lanes" v="2" /><tag k="name" v="楚怡路" /><tag k="oneway" v="yes" /></way><way id="1569" timestamp="2026-03-31T16:39:34Z" uid="1" user="OSMnx" version="1" changeset="1"><nd ref="9512737242" /><nd ref="9512737243" /><tag k="highway" v="service" /><tag k="oneway" v="no" /></way><way id="1570" timestamp="2026-03-31T16:39:34Z" uid="1" user="OSMnx" version="1" changeset="1"><nd ref="9512737242" /><nd ref="9512737241" /><tag k="highway" v="service" /><tag k="oneway" v="no" /></way><way id="1571" timestamp="2026-03-31T16:39:34Z" uid="1" user="OSMnx" version="1" changeset="1"><nd ref="9512737243" /><nd ref="9512737246" /><tag k="highway" v="residential" /><tag k="name" v="楚怡路" /><tag k="oneway" v="yes" /></way><way id="1572" timestamp="2026-03-31T16:39:34Z" uid="1" user="OSMnx" version="1" changeset="1"><nd ref="9512737243" /><nd ref="9512737242" /><tag k="highway" v="service" /><tag k="oneway" v="no" /></way><way id="1573" timestamp="2026-03-31T16:39:34Z" uid="1" user="OSMnx" version="1" changeset="1"><nd ref="9512737244" /><nd ref="9512737245" /><tag k="highway" v="service" /><tag k="oneway" v="no" /></way><way id="1574" timestamp="2026-03-31T16:39:34Z" uid="1" user="OSMnx" version="1" changeset="1"><nd ref="9512737244" /><nd ref="9512737247" /><tag k="highway" v="service" /><tag k="oneway" v="no" /></way><way id="1575" timestamp="2026-03-31T16:39:34Z" uid="1" user="OSMnx" version="1" changeset="1"><nd ref="9512737245" /><nd ref="9512737242" /><tag k="highway" v="residential" /><tag k="lanes" v="2" /><tag k="name" v="楚怡路" /><tag k="oneway" v="yes" /></way><way id="1576" timestamp="2026-03-31T16:39:34Z" uid="1" user="OSMnx" version="1" changeset="1"><nd ref="9512737245" /><nd ref="9512737246" /><tag k="highway" v="service" /><tag k="oneway" v="no" /></way><way id="1577" timestamp="2026-03-31T16:39:34Z" uid="1" user="OSMnx" version="1" changeset="1"><nd ref="9512737245" /><nd ref="9512737244" /><tag k="highway" v="service" /><tag k="oneway" v="no" /></way><way id="1578" timestamp="2026-03-31T16:39:34Z" uid="1" user="OSMnx" version="1" changeset="1"><nd ref="9512737246" /><nd ref="9512719787" /><tag k="highway" v="residential" /><tag k="name" v="楚怡路" /><tag k="oneway" v="yes" /></way><way id="1579" timestamp="2026-03-31T16:39:34Z" uid="1" user="OSMnx" version="1" changeset="1"><nd ref="9512737246" /><nd ref="9512737245" /><tag k="highway" v="service" /><tag k="oneway" v="no" /></way><way id="1580" timestamp="2026-03-31T16:39:34Z" uid="1" user="OSMnx" version="1" changeset="1"><nd ref="9512737247" /><nd ref="9512737244" /><tag k="highway" v="service" /><tag k="oneway" v="no" /></way><way id="1581" timestamp="2026-03-31T16:39:34Z" uid="1" user="OSMnx" version="1" changeset="1"><nd ref="9512737247" /><nd ref="9512737248" /><tag k="highway" v="service" /><tag k="oneway" v="no" /></way><way id="1582" timestamp="2026-03-31T16:39:34Z" uid="1" user="OSMnx" version="1" changeset="1"><nd ref="9512737248" /><nd ref="9512737247" /><tag k="highway" v="service" /><tag k="oneway" v="no" /></way><way id="1583" timestamp="2026-03-31T16:39:34Z" uid="1" user="OSMnx" version="1" changeset="1"><nd ref="9512737248" /><nd ref="9512737254" /><tag k="highway" v="service" /><tag k="oneway" v="no" /></way><way id="1584" timestamp="2026-03-31T16:39:34Z" uid="1" user="OSMnx" version="1" changeset="1"><nd ref="9512737249" /><nd ref="9512737254" /><tag k="highway" v="service" /><tag k="oneway" v="no" /></way><way id="1585" timestamp="2026-03-31T16:39:34Z" uid="1" user="OSMnx" version="1" changeset="1"><nd ref="9512737249" /><nd ref="9512737253" /><tag k="highway" v="service" /><tag k="oneway" v="no" /></way><way id="1586" timestamp="2026-03-31T16:39:34Z" uid="1" user="OSMnx" version="1" changeset="1"><nd ref="9512737250" /><nd ref="9512737251" /><tag k="highway" v="service" /><tag k="oneway" v="no" /></way><way id="1587" timestamp="2026-03-31T16:39:34Z" uid="1" user="OSMnx" version="1" changeset="1"><nd ref="9512737250" /><nd ref="9512737255" /><tag k="highway" v="service" /><tag k="oneway" v="no" /></way><way id="1588" timestamp="2026-03-31T16:39:34Z" uid="1" user="OSMnx" version="1" changeset="1"><nd ref="9512737251" /><nd ref="9512737252" /><tag k="highway" v="service" /><tag k="oneway" v="no" /></way><way id="1589" timestamp="2026-03-31T16:39:34Z" uid="1" user="OSMnx" version="1" changeset="1"><nd ref="9512737251" /><nd ref="9512737250" /><tag k="highway" v="service" /><tag k="oneway" v="no" /></way><way id="1590" timestamp="2026-03-31T16:39:34Z" uid="1" user="OSMnx" version="1" changeset="1"><nd ref="9512737252" /><nd ref="9512737253" /><tag k="highway" v="service" /><tag k="oneway" v="no" /></way><way id="1591" timestamp="2026-03-31T16:39:34Z" uid="1" user="OSMnx" version="1" changeset="1"><nd ref="9512737252" /><nd ref="9512737251" /><tag k="highway" v="service" /><tag k="oneway" v="no" /></way><way id="1592" timestamp="2026-03-31T16:39:34Z" uid="1" user="OSMnx" version="1" changeset="1"><nd ref="9512737253" /><nd ref="9512737249" /><tag k="highway" v="service" /><tag k="oneway" v="no" /></way><way id="1593" timestamp="2026-03-31T16:39:34Z" uid="1" user="OSMnx" version="1" changeset="1"><nd ref="9512737253" /><nd ref="9512737252" /><tag k="highway" v="service" /><tag k="oneway" v="no" /></way><way id="1594" timestamp="2026-03-31T16:39:34Z" uid="1" user="OSMnx" version="1" changeset="1"><nd ref="9512737254" /><nd ref="9512737248" /><tag k="highway" v="service" /><tag k="oneway" v="no" /></way><way id="1595" timestamp="2026-03-31T16:39:34Z" uid="1" user="OSMnx" version="1" changeset="1"><nd ref="9512737254" /><nd ref="9512737249" /><tag k="highway" v="service" /><tag k="oneway" v="no" /></way><way id="1596" timestamp="2026-03-31T16:39:34Z" uid="1" user="OSMnx" version="1" changeset="1"><nd ref="9512737255" /><nd ref="9512737250" /><tag k="highway" v="service" /><tag k="oneway" v="no" /></way><way id="1597" timestamp="2026-03-31T16:39:34Z" uid="1" user="OSMnx" version="1" changeset="1"><nd ref="9512737255" /><nd ref="9512737257" /><tag k="highway" v="service" /><tag k="oneway" v="no" /></way><way id="1598" timestamp="2026-03-31T16:39:34Z" uid="1" user="OSMnx" version="1" changeset="1"><nd ref="9512737255" /><nd ref="9512737258" /><tag k="highway" v="service" /><tag k="oneway" v="no" /></way><way id="1599" timestamp="2026-03-31T16:39:34Z" uid="1" user="OSMnx" version="1" changeset="1"><nd ref="9512737256" /><nd ref="9512737257" /><tag k="highway" v="service" /><tag k="oneway" v="no" /></way><way id="1600" timestamp="2026-03-31T16:39:34Z" uid="1" user="OSMnx" version="1" changeset="1"><nd ref="9512737256" /><nd ref="9490553946" /><tag k="highway" v="service" /><tag k="oneway" v="no" /></way><way id="1601" timestamp="2026-03-31T16:39:34Z" uid="1" user="OSMnx" version="1" changeset="1"><nd ref="9512737257" /><nd ref="9512737255" /><tag k="highway" v="service" /><tag k="oneway" v="no" /></way><way id="1602" timestamp="2026-03-31T16:39:34Z" uid="1" user="OSMnx" version="1" changeset="1"><nd ref="9512737257" /><nd ref="9512737256" /><tag k="highway" v="service" /><tag k="oneway" v="no" /></way><way id="1603" timestamp="2026-03-31T16:39:34Z" uid="1" user="OSMnx" version="1" changeset="1"><nd ref="9512737258" /><nd ref="9512737255" /><tag k="highway" v="service" /><tag k="oneway" v="no" /></way><way id="1604" timestamp="2026-03-31T16:39:34Z" uid="1" user="OSMnx" version="1" changeset="1"><nd ref="9512737259" /><nd ref="1659032500" /><tag k="highway" v="residential" /><tag k="oneway" v="no" /></way><way id="1605" timestamp="2026-03-31T16:39:34Z" uid="1" user="OSMnx" version="1" changeset="1"><nd ref="9512737259" /><nd ref="9498741975" /><tag k="highway" v="residential" /><tag k="oneway" v="no" /></way><way id="1606" timestamp="2026-03-31T16:39:34Z" uid="1" user="OSMnx" version="1" changeset="1"><nd ref="9512737260" /><nd ref="9512737269" /><tag k="highway" v="residential" /><tag k="oneway" v="yes" /></way><way id="1607" timestamp="2026-03-31T16:39:34Z" uid="1" user="OSMnx" version="1" changeset="1"><nd ref="9512737261" /><nd ref="9512737262" /><tag k="highway" v="residential" /><tag k="oneway" v="yes" /></way><way id="1608" timestamp="2026-03-31T16:39:34Z" uid="1" user="OSMnx" version="1" changeset="1"><nd ref="9512737262" /><nd ref="9512737260" /><tag k="highway" v="residential" /><tag k="oneway" v="yes" /></way><way id="1609" timestamp="2026-03-31T16:39:34Z" uid="1" user="OSMnx" version="1" changeset="1"><nd ref="9512737263" /><nd ref="1659032532" /><tag k="highway" v="residential" /><tag k="oneway" v="yes" /></way><way id="1610" timestamp="2026-03-31T16:39:34Z" uid="1" user="OSMnx" version="1" changeset="1"><nd ref="9512737264" /><nd ref="9498741975" /><tag k="highway" v="residential" /><tag k="oneway" v="no" /></way><way id="1611" timestamp="2026-03-31T16:39:34Z" uid="1" user="OSMnx" version="1" changeset="1"><nd ref="9512737264" /><nd ref="1659032453" /><tag k="highway" v="residential" /><tag k="oneway" v="no" /></way><way id="1612" timestamp="2026-03-31T16:39:34Z" uid="1" user="OSMnx" version="1" changeset="1"><nd ref="9512737265" /><nd ref="9512737268" /><tag k="highway" v="residential" /><tag k="oneway" v="yes" /></way><way id="1613" timestamp="2026-03-31T16:39:34Z" uid="1" user="OSMnx" version="1" changeset="1"><nd ref="9512737266" /><nd ref="9512737267" /><tag k="highway" v="residential" /><tag k="oneway" v="yes" /></way><way id="1614" timestamp="2026-03-31T16:39:34Z" uid="1" user="OSMnx" version="1" changeset="1"><nd ref="9512737267" /><nd ref="1659032368" /><tag k="highway" v="residential" /><tag k="oneway" v="yes" /></way><way id="1615" timestamp="2026-03-31T16:39:34Z" uid="1" user="OSMnx" version="1" changeset="1"><nd ref="9512737268" /><nd ref="9512737266" /><tag k="highway" v="residential" /><tag k="oneway" v="yes" /></way><way id="1616" timestamp="2026-03-31T16:39:34Z" uid="1" user="OSMnx" version="1" changeset="1"><nd ref="9512737269" /><nd ref="1659032420" /><tag k="highway" v="residential" /><tag k="oneway" v="no" /></way><way id="1617" timestamp="2026-03-31T16:39:34Z" uid="1" user="OSMnx" version="1" changeset="1"><nd ref="9512737269" /><nd ref="1659032413" /><tag k="highway" v="residential" /><tag k="oneway" v="yes" /></way><way id="1618" timestamp="2026-03-31T16:39:34Z" uid="1" user="OSMnx" version="1" changeset="1"><nd ref="9512737270" /><nd ref="1659032396" /><tag k="highway" v="residential" /><tag k="oneway" v="yes" /></way><way id="1619" timestamp="2026-03-31T16:39:34Z" uid="1" user="OSMnx" version="1" changeset="1"><nd ref="9512737271" /><nd ref="9490553945" /><tag k="highway" v="residential" /><tag k="oneway" v="yes" /></way><way id="1620" timestamp="2026-03-31T16:39:34Z" uid="1" user="OSMnx" version="1" changeset="1"><nd ref="9512737272" /><nd ref="9512737271" /><tag k="highway" v="residential" /><tag k="oneway" v="yes" /></way><way id="1621" timestamp="2026-03-31T16:39:34Z" uid="1" user="OSMnx" version="1" changeset="1"><nd ref="9512737273" /><nd ref="9512737263" /><tag k="highway" v="residential" /><tag k="oneway" v="yes" /></way><way id="1622" timestamp="2026-03-31T16:39:34Z" uid="1" user="OSMnx" version="1" changeset="1"><nd ref="9512737274" /><nd ref="9512737273" /><tag k="highway" v="residential" /><tag k="oneway" v="yes" /></way><way id="1623" timestamp="2026-03-31T16:39:34Z" uid="1" user="OSMnx" version="1" changeset="1"><nd ref="9512737275" /><nd ref="9512737274" /><tag k="highway" v="residential" /><tag k="oneway" v="yes" /></way><way id="1624" timestamp="2026-03-31T16:39:34Z" uid="1" user="OSMnx" version="1" changeset="1"><nd ref="9512737276" /><nd ref="9490553946" /><tag k="highway" v="service" /><tag k="oneway" v="no" /></way><way id="1625" timestamp="2026-03-31T16:39:34Z" uid="1" user="OSMnx" version="1" changeset="1"><nd ref="9512737276" /><nd ref="9512737275" /><tag k="highway" v="residential" /><tag k="oneway" v="yes" /></way><way id="1626" timestamp="2026-03-31T16:39:34Z" uid="1" user="OSMnx" version="1" changeset="1"><nd ref="9512737277" /><nd ref="9512737276" /><tag k="highway" v="residential" /><tag k="oneway" v="yes" /></way><way id="1627" timestamp="2026-03-31T16:39:34Z" uid="1" user="OSMnx" version="1" changeset="1"><nd ref="9512737278" /><nd ref="9512737277" /><tag k="highway" v="residential" /><tag k="oneway" v="yes" /></way><way id="1628" timestamp="2026-03-31T16:39:34Z" uid="1" user="OSMnx" version="1" changeset="1"><nd ref="9512737279" /><nd ref="9512737278" /><tag k="highway" v="residential" /><tag k="oneway" v="yes" /></way><way id="1629" timestamp="2026-03-31T16:39:34Z" uid="1" user="OSMnx" version="1" changeset="1"><nd ref="9512737280" /><nd ref="9512737279" /><tag k="highway" v="residential" /><tag k="oneway" v="yes" /></way><way id="1630" timestamp="2026-03-31T16:39:34Z" uid="1" user="OSMnx" version="1" changeset="1"><nd ref="9512737281" /><nd ref="9512737280" /><tag k="highway" v="residential" /><tag k="oneway" v="yes" /></way><way id="1631" timestamp="2026-03-31T16:39:34Z" uid="1" user="OSMnx" version="1" changeset="1"><nd ref="9512737282" /><nd ref="9512737281" /><tag k="highway" v="residential" /><tag k="oneway" v="yes" /></way><way id="1632" timestamp="2026-03-31T16:39:34Z" uid="1" user="OSMnx" version="1" changeset="1"><nd ref="9512737283" /><nd ref="8977736254" /><tag k="highway" v="residential" /><tag k="oneway" v="no" /></way><way id="1633" timestamp="2026-03-31T16:39:34Z" uid="1" user="OSMnx" version="1" changeset="1"><nd ref="9512737283" /><nd ref="3846694569" /><tag k="highway" v="residential" /><tag k="oneway" v="no" /></way><way id="1634" timestamp="2026-03-31T16:39:34Z" uid="1" user="OSMnx" version="1" changeset="1"><nd ref="9512737283" /><nd ref="9512737282" /><tag k="highway" v="residential" /><tag k="oneway" v="yes" /></way><way id="1635" timestamp="2026-03-31T16:39:34Z" uid="1" user="OSMnx" version="1" changeset="1"><nd ref="9512737284" /><nd ref="9512737283" /><tag k="highway" v="residential" /><tag k="oneway" v="yes" /></way><way id="1636" timestamp="2026-03-31T16:39:34Z" uid="1" user="OSMnx" version="1" changeset="1"><nd ref="9512737285" /><nd ref="9440606320" /><tag k="highway" v="secondary" /><tag k="lanes" v="2" /><tag k="maxspeed" v="40" /><tag k="oneway" v="yes" /></way><way id="1637" timestamp="2026-03-31T16:39:34Z" uid="1" user="OSMnx" version="1" changeset="1"><nd ref="9512737285" /><nd ref="9512737284" /><tag k="highway" v="residential" /><tag k="oneway" v="yes" /></way><way id="1638" timestamp="2026-03-31T16:39:34Z" uid="1" user="OSMnx" version="1" changeset="1"><nd ref="9512737286" /><nd ref="9439734543" /><tag k="highway" v="secondary" /><tag k="lanes" v="2" /><tag k="maxspeed" v="40" /><tag k="oneway" v="yes" /></way><way id="1639" timestamp="2026-03-31T16:39:34Z" uid="1" user="OSMnx" version="1" changeset="1"><nd ref="9512737286" /><nd ref="9512737285" /><tag k="highway" v="residential" /><tag k="oneway" v="yes" /></way><way id="1640" timestamp="2026-03-31T16:39:34Z" uid="1" user="OSMnx" version="1" changeset="1"><nd ref="9512737287" /><nd ref="9490764409" /><tag k="highway" v="residential" /><tag k="oneway" v="yes" /></way><way id="1641" timestamp="2026-03-31T16:39:34Z" uid="1" user="OSMnx" version="1" changeset="1"><nd ref="9704747321" /><nd ref="690133544" /><tag k="highway" v="unclassified" /><tag k="name" v="后湖路" /><tag k="oneway" v="no" /></way><way id="1642" timestamp="2026-03-31T16:39:34Z" uid="1" user="OSMnx" version="1" changeset="1"><nd ref="9704747321" /><nd ref="690133542" /><tag k="highway" v="unclassified" /><tag k="name" v="后湖路" /><tag k="oneway" v="no" /></way><way id="1643" timestamp="2026-03-31T16:39:34Z" uid="1" user="OSMnx" version="1" changeset="1"><nd ref="9852190789" /><nd ref="9466479490" /><tag k="highway" v="secondary" /><tag k="name" v="后湖路" /><tag k="oneway" v="yes" /></way><way id="1644" timestamp="2026-03-31T16:39:34Z" uid="1" user="OSMnx" version="1" changeset="1"><nd ref="10006975289" /><nd ref="9440395473" /><tag k="highway" v="residential" /><tag k="lanes" v="1" /><tag k="name" v="新民路" /><tag k="oneway" v="no" /></way><way id="1645" timestamp="2026-03-31T16:39:34Z" uid="1" user="OSMnx" version="1" changeset="1"><nd ref="10023142848" /><nd ref="10023142849" /><tag k="highway" v="footway" /><tag k="oneway" v="no" /></way><way id="1646" timestamp="2026-03-31T16:39:34Z" uid="1" user="OSMnx" version="1" changeset="1"><nd ref="10023142848" /><nd ref="10026147383" /><tag k="highway" v="footway" /><tag k="oneway" v="no" /></way><way id="1647" timestamp="2026-03-31T16:39:34Z" uid="1" user="OSMnx" version="1" changeset="1"><nd ref="10023142849" /><nd ref="10023142850" /><tag k="highway" v="footway" /><tag k="oneway" v="no" /></way><way id="1648" timestamp="2026-03-31T16:39:34Z" uid="1" user="OSMnx" version="1" changeset="1"><nd ref="10023142849" /><nd ref="10023142848" /><tag k="highway" v="footway" /><tag k="oneway" v="no" /></way><way id="1649" timestamp="2026-03-31T16:39:34Z" uid="1" user="OSMnx" version="1" changeset="1"><nd ref="10023142850" /><nd ref="10023142851" /><tag k="highway" v="footway" /><tag k="oneway" v="no" /></way><way id="1650" timestamp="2026-03-31T16:39:34Z" uid="1" user="OSMnx" version="1" changeset="1"><nd ref="10023142850" /><nd ref="10023142849" /><tag k="highway" v="footway" /><tag k="oneway" v="no" /></way><way id="1651" timestamp="2026-03-31T16:39:34Z" uid="1" user="OSMnx" version="1" changeset="1"><nd ref="10023142851" /><nd ref="10023142852" /><tag k="highway" v="footway" /><tag k="oneway" v="no" /></way><way id="1652" timestamp="2026-03-31T16:39:34Z" uid="1" user="OSMnx" version="1" changeset="1"><nd ref="10023142851" /><nd ref="10023142850" /><tag k="highway" v="footway" /><tag k="oneway" v="no" /></way><way id="1653" timestamp="2026-03-31T16:39:34Z" uid="1" user="OSMnx" version="1" changeset="1"><nd ref="10023142852" /><nd ref="10023142853" /><tag k="highway" v="footway" /><tag k="oneway" v="no" /></way><way id="1654" timestamp="2026-03-31T16:39:34Z" uid="1" user="OSMnx" version="1" changeset="1"><nd ref="10023142852" /><nd ref="10023142851" /><tag k="highway" v="footway" /><tag k="oneway" v="no" /></way><way id="1655" timestamp="2026-03-31T16:39:34Z" uid="1" user="OSMnx" version="1" changeset="1"><nd ref="10023142853" /><nd ref="10023142852" /><tag k="highway" v="footway" /><tag k="oneway" v="no" /></way><way id="1656" timestamp="2026-03-31T16:39:34Z" uid="1" user="OSMnx" version="1" changeset="1"><nd ref="10023142853" /><nd ref="10026147337" /><tag k="highway" v="footway" /><tag k="oneway" v="no" /></way><way id="1657" timestamp="2026-03-31T16:39:34Z" uid="1" user="OSMnx" version="1" changeset="1"><nd ref="10026147225" /><nd ref="10026147226" /><tag k="highway" v="footway" /><tag k="oneway" v="no" /></way><way id="1658" timestamp="2026-03-31T16:39:34Z" uid="1" user="OSMnx" version="1" changeset="1"><nd ref="10026147226" /><nd ref="10026147227" /><tag k="highway" v="footway" /><tag k="oneway" v="no" /></way><way id="1659" timestamp="2026-03-31T16:39:34Z" uid="1" user="OSMnx" version="1" changeset="1"><nd ref="10026147226" /><nd ref="10026147225" /><tag k="highway" v="footway" /><tag k="oneway" v="no" /></way><way id="1660" timestamp="2026-03-31T16:39:34Z" uid="1" user="OSMnx" version="1" changeset="1"><nd ref="10026147227" /><nd ref="10026147228" /><tag k="highway" v="footway" /><tag k="oneway" v="no" /></way><way id="1661" timestamp="2026-03-31T16:39:34Z" uid="1" user="OSMnx" version="1" changeset="1"><nd ref="10026147227" /><nd ref="10026147226" /><tag k="highway" v="footway" /><tag k="oneway" v="no" /></way><way id="1662" timestamp="2026-03-31T16:39:34Z" uid="1" user="OSMnx" version="1" changeset="1"><nd ref="10026147228" /><nd ref="10026147229" /><tag k="highway" v="footway" /><tag k="oneway" v="no" /></way><way id="1663" timestamp="2026-03-31T16:39:34Z" uid="1" user="OSMnx" version="1" changeset="1"><nd ref="10026147228" /><nd ref="10026147227" /><tag k="highway" v="footway" /><tag k="oneway" v="no" /></way><way id="1664" timestamp="2026-03-31T16:39:34Z" uid="1" user="OSMnx" version="1" changeset="1"><nd ref="10026147229" /><nd ref="10026147230" /><tag k="highway" v="footway" /><tag k="oneway" v="no" /></way><way id="1665" timestamp="2026-03-31T16:39:34Z" uid="1" user="OSMnx" version="1" changeset="1"><nd ref="10026147229" /><nd ref="10026147228" /><tag k="highway" v="footway" /><tag k="oneway" v="no" /></way><way id="1666" timestamp="2026-03-31T16:39:34Z" uid="1" user="OSMnx" version="1" changeset="1"><nd ref="10026147230" /><nd ref="12424847074" /><tag k="highway" v="cycleway" /><tag k="oneway" v="no" /></way><way id="1667" timestamp="2026-03-31T16:39:34Z" uid="1" user="OSMnx" version="1" changeset="1"><nd ref="10026147230" /><nd ref="3442405617" /><tag k="highway" v="cycleway" /><tag k="oneway" v="no" /></way><way id="1668" timestamp="2026-03-31T16:39:34Z" uid="1" user="OSMnx" version="1" changeset="1"><nd ref="10026147230" /><nd ref="10026147231" /><tag k="highway" v="footway" /><tag k="oneway" v="no" /></way><way id="1669" timestamp="2026-03-31T16:39:34Z" uid="1" user="OSMnx" version="1" changeset="1"><nd ref="10026147230" /><nd ref="10026147229" /><tag k="highway" v="footway" /><tag k="oneway" v="no" /></way><way id="1670" timestamp="2026-03-31T16:39:34Z" uid="1" user="OSMnx" version="1" changeset="1"><nd ref="10026147231" /><nd ref="10026147230" /><tag k="highway" v="footway" /><tag k="oneway" v="no" /></way><way id="1671" timestamp="2026-03-31T16:39:34Z" uid="1" user="OSMnx" version="1" changeset="1"><nd ref="10026147285" /><nd ref="10026147286" /><tag k="highway" v="footway" /><tag k="oneway" v="no" /></way><way id="1672" timestamp="2026-03-31T16:39:34Z" uid="1" user="OSMnx" version="1" changeset="1"><nd ref="10026147286" /><nd ref="10026147287" /><tag k="highway" v="footway" /><tag k="oneway" v="no" /></way><way id="1673" timestamp="2026-03-31T16:39:34Z" uid="1" user="OSMnx" version="1" changeset="1"><nd ref="10026147286" /><nd ref="10026147285" /><tag k="highway" v="footway" /><tag k="oneway" v="no" /></way><way id="1674" timestamp="2026-03-31T16:39:34Z" uid="1" user="OSMnx" version="1" changeset="1"><nd ref="10026147287" /><nd ref="10026147288" /><tag k="highway" v="footway" /><tag k="oneway" v="no" /></way><way id="1675" timestamp="2026-03-31T16:39:34Z" uid="1" user="OSMnx" version="1" changeset="1"><nd ref="10026147287" /><nd ref="10026147286" /><tag k="highway" v="footway" /><tag k="oneway" v="no" /></way><way id="1676" timestamp="2026-03-31T16:39:34Z" uid="1" user="OSMnx" version="1" changeset="1"><nd ref="10026147288" /><nd ref="10026147289" /><tag k="highway" v="footway" /><tag k="oneway" v="no" /></way><way id="1677" timestamp="2026-03-31T16:39:34Z" uid="1" user="OSMnx" version="1" changeset="1"><nd ref="10026147288" /><nd ref="10026147287" /><tag k="highway" v="footway" /><tag k="oneway" v="no" /></way><way id="1678" timestamp="2026-03-31T16:39:34Z" uid="1" user="OSMnx" version="1" changeset="1"><nd ref="10026147289" /><nd ref="10026147290" /><tag k="highway" v="footway" /><tag k="oneway" v="no" /></way><way id="1679" timestamp="2026-03-31T16:39:34Z" uid="1" user="OSMnx" version="1" changeset="1"><nd ref="10026147289" /><nd ref="10026147288" /><tag k="highway" v="footway" /><tag k="oneway" v="no" /></way><way id="1680" timestamp="2026-03-31T16:39:34Z" uid="1" user="OSMnx" version="1" changeset="1"><nd ref="10026147290" /><nd ref="10026147291" /><tag k="highway" v="footway" /><tag k="oneway" v="no" /></way><way id="1681" timestamp="2026-03-31T16:39:34Z" uid="1" user="OSMnx" version="1" changeset="1"><nd ref="10026147290" /><nd ref="10026147289" /><tag k="highway" v="footway" /><tag k="oneway" v="no" /></way><way id="1682" timestamp="2026-03-31T16:39:34Z" uid="1" user="OSMnx" version="1" changeset="1"><nd ref="10026147291" /><nd ref="10026147292" /><tag k="highway" v="footway" /><tag k="oneway" v="no" /></way><way id="1683" timestamp="2026-03-31T16:39:34Z" uid="1" user="OSMnx" version="1" changeset="1"><nd ref="10026147291" /><nd ref="10026147290" /><tag k="highway" v="footway" /><tag k="oneway" v="no" /></way><way id="1684" timestamp="2026-03-31T16:39:34Z" uid="1" user="OSMnx" version="1" changeset="1"><nd ref="10026147292" /><nd ref="10026147293" /><tag k="highway" v="footway" /><tag k="oneway" v="no" /></way><way id="1685" timestamp="2026-03-31T16:39:34Z" uid="1" user="OSMnx" version="1" changeset="1"><nd ref="10026147292" /><nd ref="10026147291" /><tag k="highway" v="footway" /><tag k="oneway" v="no" /></way><way id="1686" timestamp="2026-03-31T16:39:34Z" uid="1" user="OSMnx" version="1" changeset="1"><nd ref="10026147293" /><nd ref="10026147294" /><tag k="highway" v="footway" /><tag k="oneway" v="no" /></way><way id="1687" timestamp="2026-03-31T16:39:34Z" uid="1" user="OSMnx" version="1" changeset="1"><nd ref="10026147293" /><nd ref="10026147292" /><tag k="highway" v="footway" /><tag k="oneway" v="no" /></way><way id="1688" timestamp="2026-03-31T16:39:34Z" uid="1" user="OSMnx" version="1" changeset="1"><nd ref="10026147294" /><nd ref="10026147295" /><tag k="highway" v="footway" /><tag k="oneway" v="no" /></way><way id="1689" timestamp="2026-03-31T16:39:34Z" uid="1" user="OSMnx" version="1" changeset="1"><nd ref="10026147294" /><nd ref="10026147293" /><tag k="highway" v="footway" /><tag k="oneway" v="no" /></way><way id="1690" timestamp="2026-03-31T16:39:34Z" uid="1" user="OSMnx" version="1" changeset="1"><nd ref="10026147295" /><nd ref="10026147296" /><tag k="highway" v="footway" /><tag k="oneway" v="no" /></way><way id="1691" timestamp="2026-03-31T16:39:34Z" uid="1" user="OSMnx" version="1" changeset="1"><nd ref="10026147295" /><nd ref="10026147294" /><tag k="highway" v="footway" /><tag k="oneway" v="no" /></way><way id="1692" timestamp="2026-03-31T16:39:34Z" uid="1" user="OSMnx" version="1" changeset="1"><nd ref="10026147295" /><nd ref="10026147303" /><tag k="highway" v="footway" /><tag k="oneway" v="no" /></way><way id="1693" timestamp="2026-03-31T16:39:34Z" uid="1" user="OSMnx" version="1" changeset="1"><nd ref="10026147296" /><nd ref="10026147297" /><tag k="highway" v="footway" /><tag k="oneway" v="no" /></way><way id="1694" timestamp="2026-03-31T16:39:34Z" uid="1" user="OSMnx" version="1" changeset="1"><nd ref="10026147296" /><nd ref="10026147295" /><tag k="highway" v="footway" /><tag k="oneway" v="no" /></way><way id="1695" timestamp="2026-03-31T16:39:34Z" uid="1" user="OSMnx" version="1" changeset="1"><nd ref="10026147297" /><nd ref="10026147298" /><tag k="highway" v="footway" /><tag k="oneway" v="no" /></way><way id="1696" timestamp="2026-03-31T16:39:34Z" uid="1" user="OSMnx" version="1" changeset="1"><nd ref="10026147297" /><nd ref="10026147296" /><tag k="highway" v="footway" /><tag k="oneway" v="no" /></way><way id="1697" timestamp="2026-03-31T16:39:34Z" uid="1" user="OSMnx" version="1" changeset="1"><nd ref="10026147298" /><nd ref="10026147299" /><tag k="highway" v="footway" /><tag k="oneway" v="no" /></way><way id="1698" timestamp="2026-03-31T16:39:34Z" uid="1" user="OSMnx" version="1" changeset="1"><nd ref="10026147298" /><nd ref="10026147297" /><tag k="highway" v="footway" /><tag k="oneway" v="no" /></way><way id="1699" timestamp="2026-03-31T16:39:34Z" uid="1" user="OSMnx" version="1" changeset="1"><nd ref="10026147299" /><nd ref="10026147300" /><tag k="highway" v="footway" /><tag k="oneway" v="no" /></way><way id="1700" timestamp="2026-03-31T16:39:34Z" uid="1" user="OSMnx" version="1" changeset="1"><nd ref="10026147299" /><nd ref="10026147298" /><tag k="highway" v="footway" /><tag k="oneway" v="no" /></way><way id="1701" timestamp="2026-03-31T16:39:34Z" uid="1" user="OSMnx" version="1" changeset="1"><nd ref="10026147300" /><nd ref="10026147301" /><tag k="highway" v="footway" /><tag k="oneway" v="no" /></way><way id="1702" timestamp="2026-03-31T16:39:34Z" uid="1" user="OSMnx" version="1" changeset="1"><nd ref="10026147300" /><nd ref="10026147299" /><tag k="highway" v="footway" /><tag k="oneway" v="no" /></way><way id="1703" timestamp="2026-03-31T16:39:34Z" uid="1" user="OSMnx" version="1" changeset="1"><nd ref="10026147301" /><nd ref="10026147300" /><tag k="highway" v="footway" /><tag k="oneway" v="no" /></way><way id="1704" timestamp="2026-03-31T16:39:34Z" uid="1" user="OSMnx" version="1" changeset="1"><nd ref="10026147301" /><nd ref="10026147307" /><tag k="highway" v="footway" /><tag k="oneway" v="no" /></way><way id="1705" timestamp="2026-03-31T16:39:34Z" uid="1" user="OSMnx" version="1" changeset="1"><nd ref="10026147301" /><nd ref="10026147306" /><tag k="highway" v="footway" /><tag k="oneway" v="no" /></way><way id="1706" timestamp="2026-03-31T16:39:34Z" uid="1" user="OSMnx" version="1" changeset="1"><nd ref="10026147303" /><nd ref="10026147304" /><tag k="highway" v="footway" /><tag k="oneway" v="no" /></way><way id="1707" timestamp="2026-03-31T16:39:34Z" uid="1" user="OSMnx" version="1" changeset="1"><nd ref="10026147303" /><nd ref="10026147295" /><tag k="highway" v="footway" /><tag k="oneway" v="no" /></way><way id="1708" timestamp="2026-03-31T16:39:34Z" uid="1" user="OSMnx" version="1" changeset="1"><nd ref="10026147304" /><nd ref="10026147305" /><tag k="highway" v="footway" /><tag k="oneway" v="no" /></way><way id="1709" timestamp="2026-03-31T16:39:34Z" uid="1" user="OSMnx" version="1" changeset="1"><nd ref="10026147304" /><nd ref="10026147303" /><tag k="highway" v="footway" /><tag k="oneway" v="no" /></way><way id="1710" timestamp="2026-03-31T16:39:34Z" uid="1" user="OSMnx" version="1" changeset="1"><nd ref="10026147305" /><nd ref="10026147306" /><tag k="highway" v="footway" /><tag k="oneway" v="no" /></way><way id="1711" timestamp="2026-03-31T16:39:34Z" uid="1" user="OSMnx" version="1" changeset="1"><nd ref="10026147305" /><nd ref="10026147304" /><tag k="highway" v="footway" /><tag k="oneway" v="no" /></way><way id="1712" timestamp="2026-03-31T16:39:34Z" uid="1" user="OSMnx" version="1" changeset="1"><nd ref="10026147306" /><nd ref="10026147301" /><tag k="highway" v="footway" /><tag k="oneway" v="no" /></way><way id="1713" timestamp="2026-03-31T16:39:34Z" uid="1" user="OSMnx" version="1" changeset="1"><nd ref="10026147306" /><nd ref="10026147305" /><tag k="highway" v="footway" /><tag k="oneway" v="no" /></way><way id="1714" timestamp="2026-03-31T16:39:34Z" uid="1" user="OSMnx" version="1" changeset="1"><nd ref="10026147307" /><nd ref="10026147308" /><tag k="highway" v="footway" /><tag k="oneway" v="no" /></way><way id="1715" timestamp="2026-03-31T16:39:34Z" uid="1" user="OSMnx" version="1" changeset="1"><nd ref="10026147307" /><nd ref="10026147301" /><tag k="highway" v="footway" /><tag k="oneway" v="no" /></way><way id="1716" timestamp="2026-03-31T16:39:34Z" uid="1" user="OSMnx" version="1" changeset="1"><nd ref="10026147308" /><nd ref="10026147309" /><tag k="highway" v="footway" /><tag k="oneway" v="no" /></way><way id="1717" timestamp="2026-03-31T16:39:34Z" uid="1" user="OSMnx" version="1" changeset="1"><nd ref="10026147308" /><nd ref="10026147307" /><tag k="highway" v="footway" /><tag k="oneway" v="no" /></way><way id="1718" timestamp="2026-03-31T16:39:34Z" uid="1" user="OSMnx" version="1" changeset="1"><nd ref="10026147309" /><nd ref="10026147310" /><tag k="highway" v="footway" /><tag k="oneway" v="no" /></way><way id="1719" timestamp="2026-03-31T16:39:34Z" uid="1" user="OSMnx" version="1" changeset="1"><nd ref="10026147309" /><nd ref="10026147308" /><tag k="highway" v="footway" /><tag k="oneway" v="no" /></way><way id="1720" timestamp="2026-03-31T16:39:34Z" uid="1" user="OSMnx" version="1" changeset="1"><nd ref="10026147310" /><nd ref="9093956785" /><tag k="highway" v="footway" /><tag k="oneway" v="no" /></way><way id="1721" timestamp="2026-03-31T16:39:34Z" uid="1" user="OSMnx" version="1" changeset="1"><nd ref="10026147310" /><nd ref="10026147309" /><tag k="highway" v="footway" /><tag k="oneway" v="no" /></way><way id="1722" timestamp="2026-03-31T16:39:34Z" uid="1" user="OSMnx" version="1" changeset="1"><nd ref="10026147311" /><nd ref="10026147312" /><tag k="highway" v="cycleway" /><tag k="oneway" v="no" /></way><way id="1723" timestamp="2026-03-31T16:39:34Z" uid="1" user="OSMnx" version="1" changeset="1"><nd ref="10026147311" /><nd ref="690140329" /><tag k="highway" v="cycleway" /><tag k="oneway" v="no" /></way><way id="1724" timestamp="2026-03-31T16:39:34Z" uid="1" user="OSMnx" version="1" changeset="1"><nd ref="10026147312" /><nd ref="10026147313" /><tag k="highway" v="cycleway" /><tag k="oneway" v="no" /></way><way id="1725" timestamp="2026-03-31T16:39:34Z" uid="1" user="OSMnx" version="1" changeset="1"><nd ref="10026147312" /><nd ref="10026147311" /><tag k="highway" v="cycleway" /><tag k="oneway" v="no" /></way><way id="1726" timestamp="2026-03-31T16:39:34Z" uid="1" user="OSMnx" version="1" changeset="1"><nd ref="10026147313" /><nd ref="9093956785" /><tag k="highway" v="cycleway" /><tag k="oneway" v="no" /></way><way id="1727" timestamp="2026-03-31T16:39:34Z" uid="1" user="OSMnx" version="1" changeset="1"><nd ref="10026147313" /><nd ref="10026147312" /><tag k="highway" v="cycleway" /><tag k="oneway" v="no" /></way><way id="1728" timestamp="2026-03-31T16:39:34Z" uid="1" user="OSMnx" version="1" changeset="1"><nd ref="10026147314" /><nd ref="9093956785" /><tag k="highway" v="cycleway" /><tag k="oneway" v="no" /></way><way id="1729" timestamp="2026-03-31T16:39:34Z" uid="1" user="OSMnx" version="1" changeset="1"><nd ref="10026147315" /><nd ref="10026147316" /><tag k="highway" v="cycleway" /><tag k="oneway" v="no" /></way><way id="1730" timestamp="2026-03-31T16:39:34Z" uid="1" user="OSMnx" version="1" changeset="1"><nd ref="10026147315" /><nd ref="9093956785" /><tag k="highway" v="cycleway" /><tag k="oneway" v="no" /></way><way id="1731" timestamp="2026-03-31T16:39:34Z" uid="1" user="OSMnx" version="1" changeset="1"><nd ref="10026147316" /><nd ref="10026147317" /><tag k="highway" v="cycleway" /><tag k="oneway" v="no" /></way><way id="1732" timestamp="2026-03-31T16:39:34Z" uid="1" user="OSMnx" version="1" changeset="1"><nd ref="10026147316" /><nd ref="10026147315" /><tag k="highway" v="cycleway" /><tag k="oneway" v="no" /></way><way id="1733" timestamp="2026-03-31T16:39:34Z" uid="1" user="OSMnx" version="1" changeset="1"><nd ref="10026147317" /><nd ref="10026147338" /><tag k="highway" v="cycleway" /><tag k="oneway" v="no" /></way><way id="1734" timestamp="2026-03-31T16:39:34Z" uid="1" user="OSMnx" version="1" changeset="1"><nd ref="10026147317" /><nd ref="10026147316" /><tag k="highway" v="cycleway" /><tag k="oneway" v="no" /></way><way id="1735" timestamp="2026-03-31T16:39:34Z" uid="1" user="OSMnx" version="1" changeset="1"><nd ref="10026147318" /><nd ref="10026147319" /><tag k="highway" v="cycleway" /><tag k="oneway" v="no" /></way><way id="1736" timestamp="2026-03-31T16:39:34Z" uid="1" user="OSMnx" version="1" changeset="1"><nd ref="10026147318" /><nd ref="10026147338" /><tag k="highway" v="cycleway" /><tag k="oneway" v="no" /></way><way id="1737" timestamp="2026-03-31T16:39:34Z" uid="1" user="OSMnx" version="1" changeset="1"><nd ref="10026147319" /><nd ref="10026147320" /><tag k="highway" v="cycleway" /><tag k="oneway" v="no" /></way><way id="1738" timestamp="2026-03-31T16:39:34Z" uid="1" user="OSMnx" version="1" changeset="1"><nd ref="10026147319" /><nd ref="10026147318" /><tag k="highway" v="cycleway" /><tag k="oneway" v="no" /></way><way id="1739" timestamp="2026-03-31T16:39:34Z" uid="1" user="OSMnx" version="1" changeset="1"><nd ref="10026147320" /><nd ref="10026147321" /><tag k="highway" v="cycleway" /><tag k="oneway" v="no" /></way><way id="1740" timestamp="2026-03-31T16:39:34Z" uid="1" user="OSMnx" version="1" changeset="1"><nd ref="10026147320" /><nd ref="10026147319" /><tag k="highway" v="cycleway" /><tag k="oneway" v="no" /></way><way id="1741" timestamp="2026-03-31T16:39:34Z" uid="1" user="OSMnx" version="1" changeset="1"><nd ref="10026147321" /><nd ref="10026147322" /><tag k="highway" v="cycleway" /><tag k="oneway" v="no" /></way><way id="1742" timestamp="2026-03-31T16:39:34Z" uid="1" user="OSMnx" version="1" changeset="1"><nd ref="10026147321" /><nd ref="10026147320" /><tag k="highway" v="cycleway" /><tag k="oneway" v="no" /></way><way id="1743" timestamp="2026-03-31T16:39:34Z" uid="1" user="OSMnx" version="1" changeset="1"><nd ref="10026147322" /><nd ref="10026147323" /><tag k="highway" v="cycleway" /><tag k="oneway" v="no" /></way><way id="1744" timestamp="2026-03-31T16:39:34Z" uid="1" user="OSMnx" version="1" changeset="1"><nd ref="10026147322" /><nd ref="10026147321" /><tag k="highway" v="cycleway" /><tag k="oneway" v="no" /></way><way id="1745" timestamp="2026-03-31T16:39:34Z" uid="1" user="OSMnx" version="1" changeset="1"><nd ref="10026147323" /><nd ref="10026147324" /><tag k="highway" v="cycleway" /><tag k="oneway" v="no" /></way><way id="1746" timestamp="2026-03-31T16:39:34Z" uid="1" user="OSMnx" version="1" changeset="1"><nd ref="10026147323" /><nd ref="10026147322" /><tag k="highway" v="cycleway" /><tag k="oneway" v="no" /></way><way id="1747" timestamp="2026-03-31T16:39:34Z" uid="1" user="OSMnx" version="1" changeset="1"><nd ref="10026147324" /><nd ref="10026147325" /><tag k="highway" v="cycleway" /><tag k="oneway" v="no" /></way><way id="1748" timestamp="2026-03-31T16:39:34Z" uid="1" user="OSMnx" version="1" changeset="1"><nd ref="10026147324" /><nd ref="10026147323" /><tag k="highway" v="cycleway" /><tag k="oneway" v="no" /></way><way id="1749" timestamp="2026-03-31T16:39:34Z" uid="1" user="OSMnx" version="1" changeset="1"><nd ref="10026147325" /><nd ref="10026147326" /><tag k="highway" v="cycleway" /><tag k="oneway" v="no" /></way><way id="1750" timestamp="2026-03-31T16:39:34Z" uid="1" user="OSMnx" version="1" changeset="1"><nd ref="10026147325" /><nd ref="10026147324" /><tag k="highway" v="cycleway" /><tag k="oneway" v="no" /></way><way id="1751" timestamp="2026-03-31T16:39:34Z" uid="1" user="OSMnx" version="1" changeset="1"><nd ref="10026147326" /><nd ref="10026147327" /><tag k="highway" v="cycleway" /><tag k="oneway" v="no" /></way><way id="1752" timestamp="2026-03-31T16:39:34Z" uid="1" user="OSMnx" version="1" changeset="1"><nd ref="10026147326" /><nd ref="10026147325" /><tag k="highway" v="cycleway" /><tag k="oneway" v="no" /></way><way id="1753" timestamp="2026-03-31T16:39:34Z" uid="1" user="OSMnx" version="1" changeset="1"><nd ref="10026147327" /><nd ref="10026147328" /><tag k="highway" v="cycleway" /><tag k="oneway" v="no" /></way><way id="1754" timestamp="2026-03-31T16:39:34Z" uid="1" user="OSMnx" version="1" changeset="1"><nd ref="10026147327" /><nd ref="10026147326" /><tag k="highway" v="cycleway" /><tag k="oneway" v="no" /></way><way id="1755" timestamp="2026-03-31T16:39:34Z" uid="1" user="OSMnx" version="1" changeset="1"><nd ref="10026147328" /><nd ref="10026147329" /><tag k="highway" v="cycleway" /><tag k="oneway" v="no" /></way><way id="1756" timestamp="2026-03-31T16:39:34Z" uid="1" user="OSMnx" version="1" changeset="1"><nd ref="10026147328" /><nd ref="10026147327" /><tag k="highway" v="cycleway" /><tag k="oneway" v="no" /></way><way id="1757" timestamp="2026-03-31T16:39:34Z" uid="1" user="OSMnx" version="1" changeset="1"><nd ref="10026147329" /><nd ref="10026147330" /><tag k="highway" v="cycleway" /><tag k="oneway" v="no" /></way><way id="1758" timestamp="2026-03-31T16:39:34Z" uid="1" user="OSMnx" version="1" changeset="1"><nd ref="10026147329" /><nd ref="10026147328" /><tag k="highway" v="cycleway" /><tag k="oneway" v="no" /></way><way id="1759" timestamp="2026-03-31T16:39:34Z" uid="1" user="OSMnx" version="1" changeset="1"><nd ref="10026147330" /><nd ref="10026147331" /><tag k="highway" v="cycleway" /><tag k="oneway" v="no" /></way><way id="1760" timestamp="2026-03-31T16:39:34Z" uid="1" user="OSMnx" version="1" changeset="1"><nd ref="10026147330" /><nd ref="10026147329" /><tag k="highway" v="cycleway" /><tag k="oneway" v="no" /></way><way id="1761" timestamp="2026-03-31T16:39:34Z" uid="1" user="OSMnx" version="1" changeset="1"><nd ref="10026147331" /><nd ref="10026147332" /><tag k="highway" v="cycleway" /><tag k="oneway" v="no" /></way><way id="1762" timestamp="2026-03-31T16:39:34Z" uid="1" user="OSMnx" version="1" changeset="1"><nd ref="10026147331" /><nd ref="10026147330" /><tag k="highway" v="cycleway" /><tag k="oneway" v="no" /></way><way id="1763" timestamp="2026-03-31T16:39:34Z" uid="1" user="OSMnx" version="1" changeset="1"><nd ref="10026147332" /><nd ref="10026147333" /><tag k="highway" v="cycleway" /><tag k="oneway" v="no" /></way><way id="1764" timestamp="2026-03-31T16:39:34Z" uid="1" user="OSMnx" version="1" changeset="1"><nd ref="10026147332" /><nd ref="10026147331" /><tag k="highway" v="cycleway" /><tag k="oneway" v="no" /></way><way id="1765" timestamp="2026-03-31T16:39:34Z" uid="1" user="OSMnx" version="1" changeset="1"><nd ref="10026147333" /><nd ref="4810103902" /><tag k="highway" v="cycleway" /><tag k="oneway" v="no" /></way><way id="1766" timestamp="2026-03-31T16:39:34Z" uid="1" user="OSMnx" version="1" changeset="1"><nd ref="10026147333" /><nd ref="10026147332" /><tag k="highway" v="cycleway" /><tag k="oneway" v="no" /></way><way id="1767" timestamp="2026-03-31T16:39:34Z" uid="1" user="OSMnx" version="1" changeset="1"><nd ref="10026147333" /><nd ref="10026147378" /><tag k="highway" v="cycleway" /><tag k="oneway" v="no" /></way><way id="1768" timestamp="2026-03-31T16:39:34Z" uid="1" user="OSMnx" version="1" changeset="1"><nd ref="10026147334" /><nd ref="10026147338" /><tag k="highway" v="footway" /><tag k="oneway" v="no" /></way><way id="1769" timestamp="2026-03-31T16:39:34Z" uid="1" user="OSMnx" version="1" changeset="1"><nd ref="10026147335" /><nd ref="10026147336" /><tag k="highway" v="footway" /><tag k="oneway" v="no" /></way><way id="1770" timestamp="2026-03-31T16:39:34Z" uid="1" user="OSMnx" version="1" changeset="1"><nd ref="10026147335" /><nd ref="10026147338" /><tag k="highway" v="footway" /><tag k="oneway" v="no" /></way><way id="1771" timestamp="2026-03-31T16:39:34Z" uid="1" user="OSMnx" version="1" changeset="1"><nd ref="10026147336" /><nd ref="10026147337" /><tag k="highway" v="footway" /><tag k="oneway" v="no" /></way><way id="1772" timestamp="2026-03-31T16:39:34Z" uid="1" user="OSMnx" version="1" changeset="1"><nd ref="10026147336" /><nd ref="10026147335" /><tag k="highway" v="footway" /><tag k="oneway" v="no" /></way><way id="1773" timestamp="2026-03-31T16:39:34Z" uid="1" user="OSMnx" version="1" changeset="1"><nd ref="10026147337" /><nd ref="10023142853" /><tag k="highway" v="footway" /><tag k="oneway" v="no" /></way><way id="1774" timestamp="2026-03-31T16:39:34Z" uid="1" user="OSMnx" version="1" changeset="1"><nd ref="10026147337" /><nd ref="10026147336" /><tag k="highway" v="footway" /><tag k="oneway" v="no" /></way><way id="1775" timestamp="2026-03-31T16:39:34Z" uid="1" user="OSMnx" version="1" changeset="1"><nd ref="10026147338" /><nd ref="10026147318" /><tag k="highway" v="cycleway" /><tag k="oneway" v="no" /></way><way id="1776" timestamp="2026-03-31T16:39:34Z" uid="1" user="OSMnx" version="1" changeset="1"><nd ref="10026147338" /><nd ref="10026147317" /><tag k="highway" v="cycleway" /><tag k="oneway" v="no" /></way><way id="1777" timestamp="2026-03-31T16:39:34Z" uid="1" user="OSMnx" version="1" changeset="1"><nd ref="10026147338" /><nd ref="10026147335" /><tag k="highway" v="footway" /><tag k="oneway" v="no" /></way><way id="1778" timestamp="2026-03-31T16:39:34Z" uid="1" user="OSMnx" version="1" changeset="1"><nd ref="10026147338" /><nd ref="10026147334" /><tag k="highway" v="footway" /><tag k="oneway" v="no" /></way><way id="1779" timestamp="2026-03-31T16:39:34Z" uid="1" user="OSMnx" version="1" changeset="1"><nd ref="10026147378" /><nd ref="10026147379" /><tag k="highway" v="cycleway" /><tag k="oneway" v="no" /></way><way id="1780" timestamp="2026-03-31T16:39:34Z" uid="1" user="OSMnx" version="1" changeset="1"><nd ref="10026147378" /><nd ref="10026147333" /><tag k="highway" v="cycleway" /><tag k="oneway" v="no" /></way><way id="1781" timestamp="2026-03-31T16:39:34Z" uid="1" user="OSMnx" version="1" changeset="1"><nd ref="10026147379" /><nd ref="10026147380" /><tag k="highway" v="cycleway" /><tag k="oneway" v="no" /></way><way id="1782" timestamp="2026-03-31T16:39:34Z" uid="1" user="OSMnx" version="1" changeset="1"><nd ref="10026147379" /><nd ref="10026147378" /><tag k="highway" v="cycleway" /><tag k="oneway" v="no" /></way><way id="1783" timestamp="2026-03-31T16:39:34Z" uid="1" user="OSMnx" version="1" changeset="1"><nd ref="10026147380" /><nd ref="10026147381" /><tag k="highway" v="cycleway" /><tag k="oneway" v="no" /></way><way id="1784" timestamp="2026-03-31T16:39:34Z" uid="1" user="OSMnx" version="1" changeset="1"><nd ref="10026147380" /><nd ref="10026147379" /><tag k="highway" v="cycleway" /><tag k="oneway" v="no" /></way><way id="1785" timestamp="2026-03-31T16:39:34Z" uid="1" user="OSMnx" version="1" changeset="1"><nd ref="10026147381" /><nd ref="10026147382" /><tag k="highway" v="cycleway" /><tag k="oneway" v="no" /></way><way id="1786" timestamp="2026-03-31T16:39:34Z" uid="1" user="OSMnx" version="1" changeset="1"><nd ref="10026147381" /><nd ref="10026147380" /><tag k="highway" v="cycleway" /><tag k="oneway" v="no" /></way><way id="1787" timestamp="2026-03-31T16:39:34Z" uid="1" user="OSMnx" version="1" changeset="1"><nd ref="10026147382" /><nd ref="10026147383" /><tag k="highway" v="cycleway" /><tag k="oneway" v="no" /></way><way id="1788" timestamp="2026-03-31T16:39:34Z" uid="1" user="OSMnx" version="1" changeset="1"><nd ref="10026147382" /><nd ref="10026147381" /><tag k="highway" v="cycleway" /><tag k="oneway" v="no" /></way><way id="1789" timestamp="2026-03-31T16:39:34Z" uid="1" user="OSMnx" version="1" changeset="1"><nd ref="10026147383" /><nd ref="10023142848" /><tag k="highway" v="footway" /><tag k="oneway" v="no" /></way><way id="1790" timestamp="2026-03-31T16:39:34Z" uid="1" user="OSMnx" version="1" changeset="1"><nd ref="10026147383" /><nd ref="9482908695" /><tag k="highway" v="footway" /><tag k="oneway" v="no" /></way><way id="1791" timestamp="2026-03-31T16:39:34Z" uid="1" user="OSMnx" version="1" changeset="1"><nd ref="10026147383" /><nd ref="10026147384" /><tag k="highway" v="cycleway" /><tag k="oneway" v="no" /></way><way id="1792" timestamp="2026-03-31T16:39:34Z" uid="1" user="OSMnx" version="1" changeset="1"><nd ref="10026147383" /><nd ref="10026147382" /><tag k="highway" v="cycleway" /><tag k="oneway" v="no" /></way><way id="1793" timestamp="2026-03-31T16:39:34Z" uid="1" user="OSMnx" version="1" changeset="1"><nd ref="10026147384" /><nd ref="10026147385" /><tag k="highway" v="cycleway" /><tag k="oneway" v="no" /></way><way id="1794" timestamp="2026-03-31T16:39:34Z" uid="1" user="OSMnx" version="1" changeset="1"><nd ref="10026147384" /><nd ref="10026147383" /><tag k="highway" v="cycleway" /><tag k="oneway" v="no" /></way><way id="1795" timestamp="2026-03-31T16:39:34Z" uid="1" user="OSMnx" version="1" changeset="1"><nd ref="10026147385" /><nd ref="10026147386" /><tag k="highway" v="cycleway" /><tag k="oneway" v="no" /></way><way id="1796" timestamp="2026-03-31T16:39:34Z" uid="1" user="OSMnx" version="1" changeset="1"><nd ref="10026147385" /><nd ref="10026147384" /><tag k="highway" v="cycleway" /><tag k="oneway" v="no" /></way><way id="1797" timestamp="2026-03-31T16:39:34Z" uid="1" user="OSMnx" version="1" changeset="1"><nd ref="10026147386" /><nd ref="10026147387" /><tag k="highway" v="cycleway" /><tag k="oneway" v="no" /></way><way id="1798" timestamp="2026-03-31T16:39:34Z" uid="1" user="OSMnx" version="1" changeset="1"><nd ref="10026147386" /><nd ref="10026147385" /><tag k="highway" v="cycleway" /><tag k="oneway" v="no" /></way><way id="1799" timestamp="2026-03-31T16:39:34Z" uid="1" user="OSMnx" version="1" changeset="1"><nd ref="10026147387" /><nd ref="10026147386" /><tag k="highway" v="cycleway" /><tag k="oneway" v="no" /></way><way id="1800" timestamp="2026-03-31T16:39:34Z" uid="1" user="OSMnx" version="1" changeset="1"><nd ref="10994902451" /><nd ref="1659009941" /><tag k="highway" v="residential" /><tag k="lanes" v="2" /><tag k="oneway" v="no" /></way><way id="1801" timestamp="2026-03-31T16:39:34Z" uid="1" user="OSMnx" version="1" changeset="1"><nd ref="10994902451" /><nd ref="5720359862" /><tag k="highway" v="residential" /><tag k="lanes" v="2" /><tag k="oneway" v="no" /></way><way id="1802" timestamp="2026-03-31T16:39:34Z" uid="1" user="OSMnx" version="1" changeset="1"><nd ref="10994902451" /><nd ref="10994902452" /><tag k="highway" v="service" /><tag k="oneway" v="no" /></way><way id="1803" timestamp="2026-03-31T16:39:34Z" uid="1" user="OSMnx" version="1" changeset="1"><nd ref="10994902452" /><nd ref="10994902451" /><tag k="highway" v="service" /><tag k="oneway" v="no" /></way><way id="1804" timestamp="2026-03-31T16:39:34Z" uid="1" user="OSMnx" version="1" changeset="1"><nd ref="10994902452" /><nd ref="10994902454" /><tag k="highway" v="service" /><tag k="oneway" v="no" /></way><way id="1805" timestamp="2026-03-31T16:39:34Z" uid="1" user="OSMnx" version="1" changeset="1"><nd ref="10994902452" /><nd ref="10994902456" /><tag k="highway" v="service" /><tag k="oneway" v="no" /></way><way id="1806" timestamp="2026-03-31T16:39:34Z" uid="1" user="OSMnx" version="1" changeset="1"><nd ref="10994902453" /><nd ref="10994902456" /><tag k="highway" v="service" /><tag k="oneway" v="no" /></way><way id="1807" timestamp="2026-03-31T16:39:34Z" uid="1" user="OSMnx" version="1" changeset="1"><nd ref="10994902454" /><nd ref="10994902455" /><tag k="highway" v="service" /><tag k="oneway" v="no" /></way><way id="1808" timestamp="2026-03-31T16:39:34Z" uid="1" user="OSMnx" version="1" changeset="1"><nd ref="10994902454" /><nd ref="10994902452" /><tag k="highway" v="service" /><tag k="oneway" v="no" /></way><way id="1809" timestamp="2026-03-31T16:39:34Z" uid="1" user="OSMnx" version="1" changeset="1"><nd ref="10994902455" /><nd ref="10994902454" /><tag k="highway" v="service" /><tag k="oneway" v="no" /></way><way id="1810" timestamp="2026-03-31T16:39:34Z" uid="1" user="OSMnx" version="1" changeset="1"><nd ref="10994902455" /><nd ref="10994902458" /><tag k="highway" v="footway" /><tag k="oneway" v="no" /></way><way id="1811" timestamp="2026-03-31T16:39:34Z" uid="1" user="OSMnx" version="1" changeset="1"><nd ref="10994902456" /><nd ref="10994902452" /><tag k="highway" v="service" /><tag k="oneway" v="no" /></way><way id="1812" timestamp="2026-03-31T16:39:34Z" uid="1" user="OSMnx" version="1" changeset="1"><nd ref="10994902456" /><nd ref="10994902453" /><tag k="highway" v="service" /><tag k="oneway" v="no" /></way><way id="1813" timestamp="2026-03-31T16:39:34Z" uid="1" user="OSMnx" version="1" changeset="1"><nd ref="10994902456" /><nd ref="10994902457" /><tag k="highway" v="service" /><tag k="oneway" v="no" /></way><way id="1814" timestamp="2026-03-31T16:39:34Z" uid="1" user="OSMnx" version="1" changeset="1"><nd ref="10994902457" /><nd ref="10994902456" /><tag k="highway" v="service" /><tag k="oneway" v="no" /></way><way id="1815" timestamp="2026-03-31T16:39:34Z" uid="1" user="OSMnx" version="1" changeset="1"><nd ref="10994902458" /><nd ref="10994902459" /><tag k="highway" v="footway" /><tag k="oneway" v="no" /></way><way id="1816" timestamp="2026-03-31T16:39:34Z" uid="1" user="OSMnx" version="1" changeset="1"><nd ref="10994902458" /><nd ref="10994902455" /><tag k="highway" v="footway" /><tag k="oneway" v="no" /></way><way id="1817" timestamp="2026-03-31T16:39:34Z" uid="1" user="OSMnx" version="1" changeset="1"><nd ref="10994902459" /><nd ref="10994902460" /><tag k="highway" v="footway" /><tag k="oneway" v="no" /></way><way id="1818" timestamp="2026-03-31T16:39:34Z" uid="1" user="OSMnx" version="1" changeset="1"><nd ref="10994902459" /><nd ref="10994902458" /><tag k="highway" v="footway" /><tag k="oneway" v="no" /></way><way id="1819" timestamp="2026-03-31T16:39:34Z" uid="1" user="OSMnx" version="1" changeset="1"><nd ref="10994902460" /><nd ref="10994902461" /><tag k="highway" v="footway" /><tag k="oneway" v="no" /></way><way id="1820" timestamp="2026-03-31T16:39:34Z" uid="1" user="OSMnx" version="1" changeset="1"><nd ref="10994902460" /><nd ref="10994902459" /><tag k="highway" v="footway" /><tag k="oneway" v="no" /></way><way id="1821" timestamp="2026-03-31T16:39:34Z" uid="1" user="OSMnx" version="1" changeset="1"><nd ref="10994902461" /><nd ref="10994902460" /><tag k="highway" v="footway" /><tag k="oneway" v="no" /></way><way id="1822" timestamp="2026-03-31T16:39:34Z" uid="1" user="OSMnx" version="1" changeset="1"><nd ref="10994902461" /><nd ref="10996656450" /><tag k="highway" v="service" /><tag k="oneway" v="no" /></way><way id="1823" timestamp="2026-03-31T16:39:34Z" uid="1" user="OSMnx" version="1" changeset="1"><nd ref="10994902462" /><nd ref="10994902463" /><tag k="highway" v="service" /><tag k="oneway" v="no" /></way><way id="1824" timestamp="2026-03-31T16:39:34Z" uid="1" user="OSMnx" version="1" changeset="1"><nd ref="10994902462" /><nd ref="10996656450" /><tag k="highway" v="service" /><tag k="oneway" v="no" /></way><way id="1825" timestamp="2026-03-31T16:39:34Z" uid="1" user="OSMnx" version="1" changeset="1"><nd ref="10994902463" /><nd ref="9491091581" /><tag k="highway" v="service" /><tag k="oneway" v="no" /></way><way id="1826" timestamp="2026-03-31T16:39:34Z" uid="1" user="OSMnx" version="1" changeset="1"><nd ref="10994902463" /><nd ref="10994902462" /><tag k="highway" v="service" /><tag k="oneway" v="no" /></way><way id="1827" timestamp="2026-03-31T16:39:34Z" uid="1" user="OSMnx" version="1" changeset="1"><nd ref="10996656450" /><nd ref="10994902462" /><tag k="highway" v="service" /><tag k="oneway" v="no" /></way><way id="1828" timestamp="2026-03-31T16:39:34Z" uid="1" user="OSMnx" version="1" changeset="1"><nd ref="10996656450" /><nd ref="10994902461" /><tag k="highway" v="service" /><tag k="oneway" v="no" /></way><way id="1829" timestamp="2026-03-31T16:39:34Z" uid="1" user="OSMnx" version="1" changeset="1"><nd ref="10996675409" /><nd ref="9457760923" /><tag k="highway" v="residential" /><tag k="oneway" v="yes" /></way><way id="1830" timestamp="2026-03-31T16:39:34Z" uid="1" user="OSMnx" version="1" changeset="1"><nd ref="10996675410" /><nd ref="9457752908" /><tag k="highway" v="residential" /><tag k="oneway" v="yes" /></way><way id="1831" timestamp="2026-03-31T16:39:34Z" uid="1" user="OSMnx" version="1" changeset="1"><nd ref="11359803017" /><nd ref="9466479527" /><tag k="highway" v="secondary" /><tag k="name" v="后湖路" /><tag k="oneway" v="yes" /></way><way id="1832" timestamp="2026-03-31T16:39:34Z" uid="1" user="OSMnx" version="1" changeset="1"><nd ref="11655600958" /><nd ref="11655600959" /><tag k="highway" v="footway" /><tag k="oneway" v="no" /></way><way id="1833" timestamp="2026-03-31T16:39:34Z" uid="1" user="OSMnx" version="1" changeset="1"><nd ref="11655600958" /><nd ref="11655774609" /><tag k="highway" v="footway" /><tag k="oneway" v="no" /></way><way id="1834" timestamp="2026-03-31T16:39:34Z" uid="1" user="OSMnx" version="1" changeset="1"><nd ref="11655600959" /><nd ref="11655600960" /><tag k="highway" v="footway" /><tag k="oneway" v="no" /></way><way id="1835" timestamp="2026-03-31T16:39:34Z" uid="1" user="OSMnx" version="1" changeset="1"><nd ref="11655600959" /><nd ref="11655600958" /><tag k="highway" v="footway" /><tag k="oneway" v="no" /></way><way id="1836" timestamp="2026-03-31T16:39:34Z" uid="1" user="OSMnx" version="1" changeset="1"><nd ref="11655600960" /><nd ref="11655600961" /><tag k="highway" v="footway" /><tag k="oneway" v="no" /></way><way id="1837" timestamp="2026-03-31T16:39:34Z" uid="1" user="OSMnx" version="1" changeset="1"><nd ref="11655600960" /><nd ref="11655600959" /><tag k="highway" v="footway" /><tag k="oneway" v="no" /></way><way id="1838" timestamp="2026-03-31T16:39:34Z" uid="1" user="OSMnx" version="1" changeset="1"><nd ref="11655600961" /><nd ref="11655600962" /><tag k="highway" v="footway" /><tag k="oneway" v="no" /></way><way id="1839" timestamp="2026-03-31T16:39:34Z" uid="1" user="OSMnx" version="1" changeset="1"><nd ref="11655600961" /><nd ref="11655600960" /><tag k="highway" v="footway" /><tag k="oneway" v="no" /></way><way id="1840" timestamp="2026-03-31T16:39:34Z" uid="1" user="OSMnx" version="1" changeset="1"><nd ref="11655600962" /><nd ref="9482908694" /><tag k="highway" v="unclassified" /><tag k="name" v="后湖路" /><tag k="oneway" v="no" /></way><way id="1841" timestamp="2026-03-31T16:39:34Z" uid="1" user="OSMnx" version="1" changeset="1"><nd ref="11655600962" /><nd ref="690133534" /><tag k="highway" v="unclassified" /><tag k="name" v="后湖路" /><tag k="oneway" v="no" /></way><way id="1842" timestamp="2026-03-31T16:39:34Z" uid="1" user="OSMnx" version="1" changeset="1"><nd ref="11655600962" /><nd ref="11655600961" /><tag k="highway" v="footway" /><tag k="oneway" v="no" /></way><way id="1843" timestamp="2026-03-31T16:39:34Z" uid="1" user="OSMnx" version="1" changeset="1"><nd ref="11655774608" /><nd ref="11655774609" /><tag k="highway" v="footway" /><tag k="oneway" v="no" /></way><way id="1844" timestamp="2026-03-31T16:39:34Z" uid="1" user="OSMnx" version="1" changeset="1"><nd ref="11655774609" /><nd ref="11655600958" /><tag k="highway" v="footway" /><tag k="oneway" v="no" /></way><way id="1845" timestamp="2026-03-31T16:39:34Z" uid="1" user="OSMnx" version="1" changeset="1"><nd ref="11655774609" /><nd ref="11655774608" /><tag k="highway" v="footway" /><tag k="oneway" v="no" /></way><way id="1846" timestamp="2026-03-31T16:39:34Z" uid="1" user="OSMnx" version="1" changeset="1"><nd ref="12019966721" /><nd ref="9483371102" /><tag k="highway" v="service" /><tag k="oneway" v="no" /></way><way id="1847" timestamp="2026-03-31T16:39:34Z" uid="1" user="OSMnx" version="1" changeset="1"><nd ref="12019966721" /><nd ref="9483371101" /><tag k="highway" v="service" /><tag k="oneway" v="no" /></way><way id="1848" timestamp="2026-03-31T16:39:34Z" uid="1" user="OSMnx" version="1" changeset="1"><nd ref="12019966721" /><nd ref="6187750955" /><tag k="highway" v="service" /><tag k="oneway" v="no" /></way><way id="1849" timestamp="2026-03-31T16:39:34Z" uid="1" user="OSMnx" version="1" changeset="1"><nd ref="12124881080" /><nd ref="12124881081" /><tag k="highway" v="residential" /><tag k="oneway" v="no" /></way><way id="1850" timestamp="2026-03-31T16:39:34Z" uid="1" user="OSMnx" version="1" changeset="1"><nd ref="12124881080" /><nd ref="3442405592" /><tag k="highway" v="residential" /><tag k="oneway" v="no" /></way><way id="1851" timestamp="2026-03-31T16:39:34Z" uid="1" user="OSMnx" version="1" changeset="1"><nd ref="12124881081" /><nd ref="3442405613" /><tag k="highway" v="residential" /><tag k="oneway" v="no" /></way><way id="1852" timestamp="2026-03-31T16:39:34Z" uid="1" user="OSMnx" version="1" changeset="1"><nd ref="12124881081" /><nd ref="12124881080" /><tag k="highway" v="residential" /><tag k="oneway" v="no" /></way><way id="1853" timestamp="2026-03-31T16:39:34Z" uid="1" user="OSMnx" version="1" changeset="1"><nd ref="12124881082" /><nd ref="9466479533" /><tag k="highway" v="secondary" /><tag k="name" v="后湖路" /><tag k="oneway" v="yes" /></way><way id="1854" timestamp="2026-03-31T16:39:34Z" uid="1" user="OSMnx" version="1" changeset="1"><nd ref="12124881082" /><nd ref="3442405613" /><tag k="highway" v="residential" /><tag k="oneway" v="no" /></way><way id="1855" timestamp="2026-03-31T16:39:34Z" uid="1" user="OSMnx" version="1" changeset="1"><nd ref="12424847074" /><nd ref="10026147230" /><tag k="highway" v="cycleway" /><tag k="oneway" v="no" /></way><way id="1856" timestamp="2026-03-31T16:39:34Z" uid="1" user="OSMnx" version="1" changeset="1"><nd ref="13335540744" /><nd ref="9483371119" /><tag k="highway" v="service" /><tag k="oneway" v="no" /></way><way id="1857" timestamp="2026-03-31T16:39:34Z" uid="1" user="OSMnx" version="1" changeset="1"><nd ref="13335540744" /><nd ref="6187750959" /><tag k="highway" v="service" /><tag k="oneway" v="no" /></way></osm>