link_id,name,osm_way_id,from_node_id,to_node_id,directed,geometry,dir_flag,length,facility_type,link_type,free_speed,lanes,capacity,allowed_uses,notes
1,二环南路西段,0,1,2,1,"LINESTRING (108.900272 34.242742, 108.900821 34.242502)",1,57.09,secondary,4,50,3,,auto,
2,二环南路西段,1,3,4,1,"LINESTRING (108.92626 34.23175, 108.925972 34.231789)",1,26.83,trunk,2,70,2,,auto,
3,二环南路西段,2,5,6,1,"LINESTRING (108.925522 34.231899, 108.925307 34.231966)",1,21.12,trunk,2,70,2,,auto,
4,二环南路西段,3,7,8,1,"LINESTRING (108.92404 34.232525, 108.923389 34.232858)",1,70.38,trunk,2,,2,,auto,
5,二环南路西段,4,9,10,1,"LINESTRING (108.921378 34.233947, 108.921136 34.234051)",1,25.07,trunk,2,,2,,auto,
6,,5,11,12,1,"LINESTRING (108.918289 34.235321, 108.917555 34.235654)",1,76.97,trunk,2,,,,auto,
7,二环南路西段,6,13,14,1,"LINESTRING (108.915177 34.236722, 108.914557 34.236909)",1,60.67,trunk,2,70,3,,auto,
8,二环南路西段,7,15,16,1,"LINESTRING (108.909322 34.239182, 108.908683 34.23948)",1,67.44,trunk,2,70,3,,auto,
9,二环南路西段,8,17,18,1,"LINESTRING (108.907052 34.240008, 108.900926 34.242754)",1,640.57,trunk,2,70,2,,auto,
10,二环南路西段,9,19,20,1,"LINESTRING (108.895761 34.245073, 108.894162 34.245786)",1,167.00,trunk,2,70,2,,auto,
11,二环南路西段,10,21,22,1,"LINESTRING (108.907547 34.239692, 108.908717 34.239091)",1,126.62,trunk,2,70,2,,auto,
12,二环南路西段,11,23,24,1,"LINESTRING (108.909308 34.238828, 108.911434 34.237871)",1,222.53,trunk,2,70,3,,auto,
13,,12,25,26,1,"LINESTRING (108.914963 34.236126, 108.9161 34.235624)",1,118.49,trunk,2,,2,,auto,
14,,13,27,28,1,"LINESTRING (108.917925 34.2348, 108.918042 34.23475)",1,12.11,trunk,2,,2,,auto,
15,,14,29,30,1,"LINESTRING (108.921063 34.233401, 108.92174 34.233173)",1,67.20,trunk,2,,2,,auto,
16,二环南路西段,15,31,32,1,"LINESTRING (108.922252 34.23302, 108.922861 34.232796)",1,61.28,trunk,2,70,3,,auto,
17,二环南路西段,16,33,34,1,"LINESTRING (108.925342 34.231756, 108.925587 34.2317)",1,23.37,trunk,2,70,2,,auto,
19,科创路,18,1719,37,1,"LINESTRING (108.897625 34.229417, 108.897754 34.22936)",1,13.45,tertiary,5,,,,auto,
20,桃园南路,19,38,39,1,"LINESTRING (108.896486 34.251925, 108.89649 34.252113)",1,20.91,secondary,4,,3,,auto,
21,西市北路,20,40,41,1,"LINESTRING (108.89649 34.249731, 108.896583 34.24973)",1,8.55,tertiary,5,,,,auto,
22,西市北路,20,41,40,1,"LINESTRING (108.896583 34.24973, 108.89649 34.249731)",1,8.55,tertiary,5,,,,auto,
23,桃园南路,21,40,38,1,"LINESTRING (108.89649 34.249731, 108.896486 34.251925)",1,243.96,secondary,4,,3,,auto,
24,桃园南路,22,42,40,1,"LINESTRING (108.896491 34.248144, 108.89649 34.249731)",1,176.47,secondary,4,,3,,auto,
25,桃园南路,23,43,44,1,"LINESTRING (108.89642 34.246563, 108.896461 34.246836)",1,30.59,secondary,4,,3,,auto,
26,桃园南路,24,45,46,1,"LINESTRING (108.896284 34.246093, 108.896359 34.246316)",1,25.74,secondary,4,,3,,auto,
27,桃园南路,25,47,48,1,"LINESTRING (108.89605 34.2456, 108.896177 34.245839)",1,29.03,secondary,4,,3,,auto,
28,西市北路,26,49,50,1,"LINESTRING (108.899384 34.24972, 108.899858 34.249728)",1,43.58,tertiary,5,,,,auto,
29,西市北路,26,50,49,1,"LINESTRING (108.899858 34.249728, 108.899384 34.24972)",1,43.58,tertiary,5,,,,auto,
30,西市北路,27,49,41,1,"LINESTRING (108.899384 34.24972, 108.896583 34.24973)",1,257.45,tertiary,5,,,,auto,
31,西市北路,27,41,49,1,"LINESTRING (108.896583 34.24973, 108.899384 34.24972)",1,257.45,tertiary,5,,,,auto,
32,丰庆路,29,51,52,1,"LINESTRING (108.905025 34.252349, 108.905317 34.25235)",1,26.84,primary,3,,4,,auto,
33,丰庆路,30,53,54,1,"LINESTRING (108.909263 34.252343, 108.910326 34.252348)",1,97.70,primary,3,,4,,auto,
34,,31,55,56,1,"LINESTRING (108.915722 34.252352, 108.915807 34.252332)",1,8.12,primary,3,,,,auto,
35,丰庆路,32,55,57,1,"LINESTRING (108.915722 34.252352, 108.916066 34.252357)",1,31.62,primary,3,,4,,auto,
36,,33,58,59,1,"LINESTRING (108.916878 34.252228, 108.918589 34.252219)",1,157.26,primary,3,,,,auto,
37,环城南路西段,34,1722,61,1,"LINESTRING (108.918806 34.252219, 108.918991 34.252219)",1,17.00,primary,3,,,,auto,
38,环城西路,35,1722,1720,1,"LINESTRING (108.918806 34.252219, 108.918801 34.252569)",1,38.92,primary,3,,4,,auto,
39,二环南路西段,36,63,64,1,"LINESTRING (108.895636 34.245032, 108.898262 34.243834)",1,275.70,trunk,2,70,2,,auto,
41,桃园南路,38,1744,67,1,"LINESTRING (108.895841 34.245233, 108.89591 34.24535)",1,14.47,secondary,4,,3,,auto,
42,二环南路西段,39,1739,69,1,"LINESTRING (108.895548 34.244841, 108.895636 34.2448)",1,9.29,secondary,4,50,3,,auto,
43,桃园南路,40,1739,1744,1,"LINESTRING (108.895548 34.244841, 108.895841 34.245233)",1,51.24,secondary,4,,3,,auto,
44,二环南路西段,41,70,71,1,"LINESTRING (108.895966 34.245178, 108.895901 34.245206)",1,6.74,secondary,4,50,2,,auto,
45,高新二路,42,1742,73,1,"LINESTRING (108.895208 34.234912, 108.895343 34.235118)",1,26.05,tertiary,5,,2,,auto,
47,高新路,44,1736,76,1,"LINESTRING (108.89985 34.2328, 108.899995 34.233018)",1,27.66,secondary,4,50,4,,auto,
48,科技路,45,1736,1733,1,"LINESTRING (108.89985 34.2328, 108.899683 34.232938)",1,21.71,primary,3,60,6,,auto,
50,科技路,47,1733,79,1,"LINESTRING (108.899683 34.232938, 108.89946 34.233043)",1,23.59,primary,3,60,3,,auto,
51,科技一路,48,80,81,1,"LINESTRING (108.896108 34.227425, 108.895946 34.227498)",1,16.96,tertiary,5,,1,,auto,
52,科技一路,48,81,80,1,"LINESTRING (108.895946 34.227498, 108.896108 34.227425)",1,16.96,tertiary,5,,1,,auto,
55,桃园南路,51,46,43,1,"LINESTRING (108.896359 34.246316, 108.89642 34.246563)",1,28.03,secondary,4,,3,,auto,
56,西市南路,52,46,85,1,"LINESTRING (108.896359 34.246316, 108.896446 34.246316)",1,8.00,tertiary,5,,1,,auto,
57,西市南路,52,85,46,1,"LINESTRING (108.896446 34.246316, 108.896359 34.246316)",1,8.00,tertiary,5,,1,,auto,
58,桃园南路,53,44,86,1,"LINESTRING (108.896461 34.246836, 108.896481 34.24717)",1,37.18,secondary,4,,3,,auto,
59,桃园南路,54,48,45,1,"LINESTRING (108.896177 34.245839, 108.896284 34.246093)",1,29.91,secondary,4,,3,,auto,
60,西市北路,55,50,87,1,"LINESTRING (108.899858 34.249728, 108.900656 34.24972)",1,73.35,tertiary,5,,,,auto,
61,西市北路,55,87,50,1,"LINESTRING (108.900656 34.24972, 108.899858 34.249728)",1,73.35,tertiary,5,,,,auto,
62,西市北路,56,50,49,1,"LINESTRING (108.899858 34.249728, 108.899384 34.24972)",1,43.58,tertiary,5,,,,auto,
63,西市北路,56,49,50,1,"LINESTRING (108.899384 34.24972, 108.899858 34.249728)",1,43.58,tertiary,5,,,,auto,
64,老机场路,57,50,88,1,"LINESTRING (108.899858 34.249728, 108.900437 34.25028)",1,81.24,tertiary,5,,,,auto,
65,老机场路,57,88,50,1,"LINESTRING (108.900437 34.25028, 108.899858 34.249728)",1,81.24,tertiary,5,,,,auto,
66,丰庆路,58,89,90,1,"LINESTRING (108.902609 34.25235, 108.903451 34.25235)",1,77.39,primary,3,,4,,auto,
67,老机场路,59,89,91,1,"LINESTRING (108.902609 34.25235, 108.902523 34.25227)",1,11.90,tertiary,5,,,,auto,
68,老机场路,59,91,89,1,"LINESTRING (108.902523 34.25227, 108.902609 34.25235)",1,11.90,tertiary,5,,,,auto,
69,环城南路西段,60,92,93,1,"LINESTRING (108.918348 34.252364, 108.919158 34.252365)",1,74.45,primary,3,,2,,auto,
70,劳动南路,61,94,95,1,"LINESTRING (108.906303 34.243115, 108.906031 34.243289)",1,31.61,secondary,4,,3,,auto,
71,,62,94,96,1,"LINESTRING (108.906303 34.243115, 108.906189 34.243136)",1,10.74,secondary,4,,,,auto,
72,友谊西路,63,97,98,1,"LINESTRING (108.906503 34.242407, 108.906759 34.242565)",1,29.37,secondary,4,,2,,auto,
73,,64,97,99,1,"LINESTRING (108.906503 34.242407, 108.906563 34.242478)",1,9.63,secondary,4,,,,auto,
74,友谊西路,65,100,101,1,"LINESTRING (108.90715 34.242705, 108.912232 34.242696)",1,467.14,secondary,4,,2,,auto,
75,劳动南路,66,102,103,1,"LINESTRING (108.905438 34.243716, 108.905419 34.243601)",1,12.91,secondary,4,,3,,auto,
76,高新路,69,1735,105,1,"LINESTRING (108.905052 34.241139, 108.904836 34.240819)",1,40.75,secondary,4,50,4,,auto,
77,二环南路西段,70,1735,106,1,"LINESTRING (108.905052 34.241139, 108.904944 34.241181)",1,10.97,secondary,4,,3,,auto,
78,环城南路西段,72,107,108,1,"LINESTRING (108.9223 34.252398, 108.922663 34.252392)",1,33.37,primary,3,,4,,auto,
79,环城南路西段,75,108,109,1,"LINESTRING (108.922663 34.252392, 108.923688 34.252391)",1,94.21,primary,3,,4,,auto,
81,高新路,77,1728,112,1,"LINESTRING (108.90479 34.240749, 108.904707 34.240624)",1,15.86,secondary,4,50,4,,auto,
82,高新二路,78,1734,114,1,"LINESTRING (108.896213 34.236439, 108.896934 34.237576)",1,142.75,tertiary,5,,2,,auto,
83,光德路,79,1734,115,1,"LINESTRING (108.896213 34.236439, 108.896275 34.236411)",1,6.49,tertiary,5,,,,auto,
84,高新一路,80,116,117,1,"LINESTRING (108.898647 34.235347, 108.898862 34.235674)",1,41.39,tertiary,5,,,,auto,
85,高新一路,81,1732,119,1,"LINESTRING (108.897636 34.233815, 108.897734 34.233964)",1,18.86,tertiary,5,,,,auto,
86,科技路,82,1732,120,1,"LINESTRING (108.897636 34.233815, 108.897526 34.233865)",1,11.54,primary,3,60,3,,auto,
90,光华路,87,1725,124,1,"LINESTRING (108.901688 34.23598, 108.901517 34.236055)",1,17.79,tertiary,5,,2,,auto,
91,光华路,88,1725,125,1,"LINESTRING (108.901861 34.235875, 108.902057 34.235788)",1,20.45,tertiary,5,,,,auto,
92,光华路,88,125,1725,1,"LINESTRING (108.902057 34.235788, 108.901861 34.235875)",1,20.45,tertiary,5,,,,auto,
95,高新路,90,1725,126,1,"LINESTRING (108.901861 34.235875, 108.901957 34.236023)",1,18.67,secondary,4,50,4,,auto,
96,高新四路,91,127,128,1,"LINESTRING (108.894418 34.243118, 108.895481 34.24474)",1,205.13,secondary,4,60,2,,auto,
97,怀德北巷,92,127,129,1,"LINESTRING (108.894418 34.243118, 108.89435 34.243149)",1,7.14,residential,6,,,,auto,
98,怀德北巷,92,129,127,1,"LINESTRING (108.89435 34.243149, 108.894418 34.243118)",1,7.14,residential,6,,,,auto,
99,二环南路西段,93,130,131,1,"LINESTRING (108.897759 34.243818, 108.899373 34.243089)",1,169.06,secondary,4,50,3,,auto,
100,高新三路,94,130,132,1,"LINESTRING (108.897759 34.243818, 108.897379 34.24323)",1,74.13,tertiary,5,,,,auto,
101,高新三路,95,133,134,1,"LINESTRING (108.895208 34.239973, 108.894233 34.238456)",1,191.01,tertiary,5,,,,auto,
102,光和路,96,133,135,1,"LINESTRING (108.895208 34.239973, 108.895147 34.24)",1,6.36,tertiary,5,,,,auto,
103,光和路,96,135,133,1,"LINESTRING (108.895147 34.24, 108.895208 34.239973)",1,6.36,tertiary,5,,,,auto,
104,二环南路西段,97,136,137,1,"LINESTRING (108.902753 34.241658, 108.903558 34.241301)",1,83.97,secondary,4,50,3,,auto,
105,高新三路,98,138,133,1,"LINESTRING (108.89595 34.24109, 108.895208 34.239973)",1,141.70,tertiary,5,,,,auto,
106,光泰路,99,138,139,1,"LINESTRING (108.89595 34.24109, 108.897671 34.24031)",1,180.41,tertiary,5,,,,auto,
107,光泰路,99,139,138,1,"LINESTRING (108.897671 34.24031, 108.89595 34.24109)",1,180.41,tertiary,5,,,,auto,
108,高新二路,100,1743,141,1,"LINESTRING (108.898476 34.239945, 108.899437 34.241438)",1,188.05,tertiary,5,,2,,auto,
109,光泰路,101,1743,142,1,"LINESTRING (108.898476 34.239945, 108.900901 34.23885)",1,254.00,tertiary,5,,,,auto,
110,光泰路,101,142,1743,1,"LINESTRING (108.900901 34.23885, 108.898476 34.239945)",1,254.00,tertiary,5,,,,auto,
113,光泰路,103,142,1743,1,"LINESTRING (108.900901 34.23885, 108.898476 34.239945)",1,254.00,tertiary,5,,,,auto,
114,光泰路,103,1743,142,1,"LINESTRING (108.898476 34.239945, 108.900901 34.23885)",1,254.00,tertiary,5,,,,auto,
115,高新一路,104,142,144,1,"LINESTRING (108.900901 34.23885, 108.901549 34.239854)",1,126.54,tertiary,5,,,,auto,
116,高新二路,105,145,1734,1,"LINESTRING (108.895857 34.235899, 108.896213 34.236439)",1,68.38,tertiary,5,,2,,auto,
117,,106,145,146,1,"LINESTRING (108.895857 34.235899, 108.89609 34.235792)",1,24.50,residential,6,,,,auto,
118,,106,146,145,1,"LINESTRING (108.89609 34.235792, 108.895857 34.235899)",1,24.50,residential,6,,,,auto,
119,,107,147,148,1,"LINESTRING (108.898276 34.234796, 108.898067 34.234889)",1,21.82,residential,6,,,,auto,
120,,107,148,147,1,"LINESTRING (108.898067 34.234889, 108.898276 34.234796)",1,21.82,residential,6,,,,auto,
121,高新一路,108,147,116,1,"LINESTRING (108.898276 34.234796, 108.898647 34.235347)",1,70.12,tertiary,5,,,,auto,
122,,109,146,148,1,"LINESTRING (108.89609 34.235792, 108.898067 34.234889)",1,207.64,residential,6,,,,auto,
123,,109,148,146,1,"LINESTRING (108.898067 34.234889, 108.89609 34.235792)",1,207.64,residential,6,,,,auto,
124,,110,146,145,1,"LINESTRING (108.89609 34.235792, 108.895857 34.235899)",1,24.50,residential,6,,,,auto,
125,,110,145,146,1,"LINESTRING (108.895857 34.235899, 108.89609 34.235792)",1,24.50,residential,6,,,,auto,
126,,111,148,147,1,"LINESTRING (108.898067 34.234889, 108.898276 34.234796)",1,21.82,residential,6,,,,auto,
127,,111,147,148,1,"LINESTRING (108.898276 34.234796, 108.898067 34.234889)",1,21.82,residential,6,,,,auto,
128,,112,148,146,1,"LINESTRING (108.898067 34.234889, 108.89609 34.235792)",1,207.64,residential,6,,,,auto,
129,,112,146,148,1,"LINESTRING (108.89609 34.235792, 108.898067 34.234889)",1,207.64,residential,6,,,,auto,
130,高新一路,113,149,150,1,"LINESTRING (108.894084 34.228332, 108.89412 34.228388)",1,7.05,tertiary,5,,2,,auto,
131,科技一路,114,149,151,1,"LINESTRING (108.894084 34.228332, 108.893977 34.22838)",1,11.19,tertiary,5,,1,,auto,
132,科技一路,114,151,149,1,"LINESTRING (108.893977 34.22838, 108.894084 34.228332)",1,11.19,tertiary,5,,1,,auto,
133,科技一路,115,149,152,1,"LINESTRING (108.894084 34.228332, 108.894169 34.228296)",1,8.78,tertiary,5,,1,,auto,
134,科技一路,115,152,149,1,"LINESTRING (108.894169 34.228296, 108.894084 34.228332)",1,8.78,tertiary,5,,1,,auto,
135,光远路,116,153,154,1,"LINESTRING (108.90231 34.240997, 108.899971 34.242067)",1,245.73,tertiary,5,,,,auto,
136,高新一路,117,153,136,1,"LINESTRING (108.90231 34.240997, 108.902753 34.241658)",1,84.03,tertiary,5,,,,auto,
137,高新二路,118,155,1,1,"LINESTRING (108.89987 34.242114, 108.900272 34.242742)",1,79.00,tertiary,5,,2,,auto,
138,光远路,119,155,156,1,"LINESTRING (108.89987 34.242114, 108.899808 34.242141)",1,6.44,tertiary,5,,,,auto,
139,高新三路,120,132,138,1,"LINESTRING (108.897379 34.24323, 108.89595 34.24109)",1,271.80,tertiary,5,,,,auto,
140,光远路,121,157,158,1,"LINESTRING (108.899065 34.24247, 108.898016 34.242942)",1,109.78,tertiary,5,,,,auto,
141,,122,157,159,1,"LINESTRING (108.899065 34.24247, 108.898604 34.241775)",1,88.14,residential,6,,,,auto,
142,,122,159,157,1,"LINESTRING (108.898604 34.241775, 108.899065 34.24247)",1,88.14,residential,6,,,,auto,
143,光泰路,123,139,1743,1,"LINESTRING (108.897671 34.24031, 108.898407 34.239973)",1,77.34,tertiary,5,,,,auto,
144,光泰路,123,1743,139,1,"LINESTRING (108.898407 34.239973, 108.897671 34.24031)",1,77.34,tertiary,5,,,,auto,
145,光泰路,124,139,138,1,"LINESTRING (108.897671 34.24031, 108.89595 34.24109)",1,180.41,tertiary,5,,,,auto,
146,光泰路,124,138,139,1,"LINESTRING (108.89595 34.24109, 108.897671 34.24031)",1,180.41,tertiary,5,,,,auto,
147,,125,139,159,1,"LINESTRING (108.897671 34.24031, 108.898604 34.241775)",1,184.10,residential,6,,,,auto,
148,,125,159,139,1,"LINESTRING (108.898604 34.241775, 108.897671 34.24031)",1,184.10,residential,6,,,,auto,
149,高新二路,126,141,155,1,"LINESTRING (108.899437 34.241438, 108.89987 34.242114)",1,85.06,tertiary,5,,2,,auto,
150,,127,141,160,1,"LINESTRING (108.899437 34.241438, 108.901228 34.240615)",1,188.36,residential,6,,,,auto,
151,,127,160,141,1,"LINESTRING (108.901228 34.240615, 108.899437 34.241438)",1,188.36,residential,6,,,,auto,
152,,128,141,161,1,"LINESTRING (108.899437 34.241438, 108.899372 34.241453)",1,6.20,residential,6,,,,auto,
153,,128,161,141,1,"LINESTRING (108.899372 34.241453, 108.899437 34.241438)",1,6.20,residential,6,,,,auto,
154,,129,160,162,1,"LINESTRING (108.901228 34.240615, 108.900927 34.240152)",1,58.45,residential,6,,,,auto,
155,,129,162,160,1,"LINESTRING (108.900927 34.240152, 108.901228 34.240615)",1,58.45,residential,6,,,,auto,
156,,130,160,141,1,"LINESTRING (108.901228 34.240615, 108.899437 34.241438)",1,188.36,residential,6,,,,auto,
157,,130,141,160,1,"LINESTRING (108.899437 34.241438, 108.901228 34.240615)",1,188.36,residential,6,,,,auto,
158,,131,162,144,1,"LINESTRING (108.900927 34.240152, 108.901549 34.239854)",1,66.08,residential,6,,,,auto,
159,,131,144,162,1,"LINESTRING (108.901549 34.239854, 108.900927 34.240152)",1,66.08,residential,6,,,,auto,
160,,132,162,160,1,"LINESTRING (108.900927 34.240152, 108.901228 34.240615)",1,58.45,residential,6,,,,auto,
161,,132,160,162,1,"LINESTRING (108.901228 34.240615, 108.900927 34.240152)",1,58.45,residential,6,,,,auto,
162,,133,144,162,1,"LINESTRING (108.901549 34.239854, 108.900927 34.240152)",1,66.08,residential,6,,,,auto,
163,,133,162,144,1,"LINESTRING (108.900927 34.240152, 108.901549 34.239854)",1,66.08,residential,6,,,,auto,
164,高新一路,134,144,153,1,"LINESTRING (108.901549 34.239854, 108.90231 34.240997)",1,145.08,tertiary,5,,,,auto,
165,,135,159,139,1,"LINESTRING (108.898604 34.241775, 108.897671 34.24031)",1,184.10,residential,6,,,,auto,
166,,135,139,159,1,"LINESTRING (108.897671 34.24031, 108.898604 34.241775)",1,184.10,residential,6,,,,auto,
167,,136,159,157,1,"LINESTRING (108.898604 34.241775, 108.899065 34.24247)",1,88.14,residential,6,,,,auto,
168,,136,157,159,1,"LINESTRING (108.899065 34.24247, 108.898604 34.241775)",1,88.14,residential,6,,,,auto,
169,,137,159,161,1,"LINESTRING (108.898604 34.241775, 108.899372 34.241453)",1,79.16,residential,6,,,,auto,
170,,137,161,159,1,"LINESTRING (108.899372 34.241453, 108.898604 34.241775)",1,79.16,residential,6,,,,auto,
171,,138,159,163,1,"LINESTRING (108.898604 34.241775, 108.897575 34.242244)",1,108.01,residential,6,,,,auto,
172,,138,163,159,1,"LINESTRING (108.897575 34.242244, 108.898604 34.241775)",1,108.01,residential,6,,,,auto,
173,,139,163,159,1,"LINESTRING (108.897575 34.242244, 108.898604 34.241775)",1,108.01,residential,6,,,,auto,
174,,139,159,163,1,"LINESTRING (108.898604 34.241775, 108.897575 34.242244)",1,108.01,residential,6,,,,auto,
175,,140,163,158,1,"LINESTRING (108.897575 34.242244, 108.898016 34.242942)",1,87.56,residential,6,,,,auto,
176,,140,158,163,1,"LINESTRING (108.898016 34.242942, 108.897575 34.242244)",1,87.56,residential,6,,,,auto,
177,光远路,141,158,132,1,"LINESTRING (108.898016 34.242942, 108.897379 34.24323)",1,66.74,tertiary,5,,,,auto,
178,,142,158,163,1,"LINESTRING (108.898016 34.242942, 108.897575 34.242244)",1,87.56,residential,6,,,,auto,
179,,142,163,158,1,"LINESTRING (108.897575 34.242244, 108.898016 34.242942)",1,87.56,residential,6,,,,auto,
180,光华路,143,164,165,1,"LINESTRING (108.900518 34.236495, 108.899734 34.236852)",1,82.28,tertiary,5,,2,,auto,
181,高新路,148,166,167,1,"LINESTRING (108.900169 34.23368, 108.899795 34.23311)",1,72.11,secondary,4,50,4,,auto,
182,,150,168,169,1,"LINESTRING (108.900206 34.236002, 108.899341 34.236385)",1,90.20,residential,6,,,,auto,
183,,150,169,168,1,"LINESTRING (108.899341 34.236385, 108.900206 34.236002)",1,90.20,residential,6,,,,auto,
184,,153,169,168,1,"LINESTRING (108.899341 34.236385, 108.900206 34.236002)",1,90.20,residential,6,,,,auto,
185,,153,168,169,1,"LINESTRING (108.900206 34.236002, 108.899341 34.236385)",1,90.20,residential,6,,,,auto,
186,高新一路,154,169,170,1,"LINESTRING (108.899341 34.236385, 108.899454 34.236556)",1,21.67,tertiary,5,,,,auto,
187,高新一路,156,117,169,1,"LINESTRING (108.898862 34.235674, 108.899341 34.236385)",1,90.50,tertiary,5,,,,auto,
188,枫叶北路,160,171,172,1,"LINESTRING (108.896941 34.232768, 108.896877 34.232797)",1,6.71,tertiary,5,,,,auto,
189,高新一路,161,171,173,1,"LINESTRING (108.896941 34.232768, 108.897472 34.233564)",1,101.08,tertiary,5,,2,,auto,
190,枫叶北路,162,174,175,1,"LINESTRING (108.894512 34.233862, 108.894443 34.233891)",1,7.12,tertiary,5,,,,auto,
191,高新二路,163,174,176,1,"LINESTRING (108.894512 34.233862, 108.894561 34.233935)",1,9.28,tertiary,5,,2,,auto,
192,高新一路,164,177,171,1,"LINESTRING (108.896092 34.231434, 108.896941 34.232768)",1,167.62,tertiary,5,,2,,auto,
193,,165,178,179,1,"LINESTRING (108.925343 34.231548, 108.925553 34.231441)",1,22.68,secondary,4,,,,auto,
194,,166,179,180,1,"LINESTRING (108.925553 34.231441, 108.925778 34.231353)",1,22.88,secondary,4,,,,auto,
195,,167,180,181,1,"LINESTRING (108.925778 34.231353, 108.925949 34.231318)",1,16.20,secondary,4,,,,auto,
196,,168,181,182,1,"LINESTRING (108.925949 34.231318, 108.926138 34.231303)",1,17.46,secondary,4,,,,auto,
197,,169,183,184,1,"LINESTRING (108.904493 34.23074, 108.90457 34.231906)",1,129.85,residential,6,,,,auto,
198,,169,184,183,1,"LINESTRING (108.90457 34.231906, 108.904493 34.23074)",1,129.85,residential,6,,,,auto,
199,科技路,170,183,185,1,"LINESTRING (108.904493 34.23074, 108.903715 34.231091)",1,81.48,primary,3,60,3,,auto,
200,白沙路,171,1741,187,1,"LINESTRING (108.906596 34.229803, 108.90667 34.229916)",1,14.29,tertiary,5,,2,,auto,
202,二环南路西段,173,189,190,1,"LINESTRING (108.911706 34.237744, 108.91395 34.236739)",1,234.61,trunk,2,70,3,,auto,
203,白沙路,174,189,191,1,"LINESTRING (108.911706 34.237744, 108.911637 34.237636)",1,13.58,tertiary,5,,1,,auto,
204,白沙路,174,191,189,1,"LINESTRING (108.911637 34.237636, 108.911706 34.237744)",1,13.58,tertiary,5,,1,,auto,
205,,175,184,183,1,"LINESTRING (108.90457 34.231906, 108.904493 34.23074)",1,129.85,residential,6,,,,auto,
206,,175,183,184,1,"LINESTRING (108.904493 34.23074, 108.90457 34.231906)",1,129.85,residential,6,,,,auto,
207,,176,184,192,1,"LINESTRING (108.90457 34.231906, 108.90451 34.233292)",1,154.21,residential,6,,,,auto,
208,,176,192,184,1,"LINESTRING (108.90451 34.233292, 108.90457 34.231906)",1,154.21,residential,6,,,,auto,
209,,177,184,193,1,"LINESTRING (108.90457 34.231906, 108.904921 34.231879)",1,32.41,residential,6,,,,auto,
210,,177,193,184,1,"LINESTRING (108.904921 34.231879, 108.90457 34.231906)",1,32.41,residential,6,,,,auto,
211,,178,194,195,1,"LINESTRING (108.905884 34.231877, 108.906309 34.232087)",1,45.52,residential,6,,,,auto,
212,,178,195,194,1,"LINESTRING (108.906309 34.232087, 108.905884 34.231877)",1,45.52,residential,6,,,,auto,
213,,179,194,193,1,"LINESTRING (108.905884 34.231877, 108.904921 34.231879)",1,88.53,residential,6,,,,auto,
214,,179,193,194,1,"LINESTRING (108.904921 34.231879, 108.905884 34.231877)",1,88.53,residential,6,,,,auto,
215,,180,195,196,1,"LINESTRING (108.906309 34.232087, 108.906277 34.232471)",1,42.80,residential,6,,,,auto,
216,,180,196,195,1,"LINESTRING (108.906277 34.232471, 108.906309 34.232087)",1,42.80,residential,6,,,,auto,
217,,181,195,194,1,"LINESTRING (108.906309 34.232087, 108.905884 34.231877)",1,45.52,residential,6,,,,auto,
218,,181,194,195,1,"LINESTRING (108.905884 34.231877, 108.906309 34.232087)",1,45.52,residential,6,,,,auto,
219,,182,197,198,1,"LINESTRING (108.906288 34.233192, 108.906522 34.233784)",1,69.25,residential,6,,,,auto,
220,,182,198,197,1,"LINESTRING (108.906522 34.233784, 108.906288 34.233192)",1,69.25,residential,6,,,,auto,
221,,183,197,196,1,"LINESTRING (108.906288 34.233192, 108.906277 34.232471)",1,80.18,residential,6,,,,auto,
222,,183,196,197,1,"LINESTRING (108.906277 34.232471, 108.906288 34.233192)",1,80.18,residential,6,,,,auto,
223,光华路,184,198,199,1,"LINESTRING (108.906522 34.233784, 108.908371 34.232943)",1,194.01,tertiary,5,,,,auto,
224,光华路,184,199,198,1,"LINESTRING (108.908371 34.232943, 108.906522 34.233784)",1,194.01,tertiary,5,,,,auto,
225,光华路,185,198,200,1,"LINESTRING (108.906522 34.233784, 108.905234 34.234375)",1,135.42,tertiary,5,,,,auto,
226,光华路,185,200,198,1,"LINESTRING (108.905234 34.234375, 108.906522 34.233784)",1,135.42,tertiary,5,,,,auto,
227,,186,198,197,1,"LINESTRING (108.906522 34.233784, 108.906288 34.233192)",1,69.25,residential,6,,,,auto,
228,,186,197,198,1,"LINESTRING (108.906288 34.233192, 108.906522 34.233784)",1,69.25,residential,6,,,,auto,
229,光华路,187,1738,202,1,"LINESTRING (108.908579 34.232848, 108.908672 34.232806)",1,9.74,tertiary,5,,,,auto,
230,光华路,187,202,1738,1,"LINESTRING (108.908672 34.232806, 108.908579 34.232848)",1,9.74,tertiary,5,,,,auto,
233,白沙路,189,1738,204,1,"LINESTRING (108.908579 34.232848, 108.908663 34.23297)",1,15.61,tertiary,5,,2,,auto,
234,,190,205,206,1,"LINESTRING (108.914925 34.236056, 108.917489 34.234886)",1,269.23,trunk,2,,1,,auto,
235,兴化巷,191,207,208,1,"LINESTRING (108.923609 34.234989, 108.92362 34.234096)",1,99.30,tertiary,5,,,,auto,
236,兴化巷,191,208,207,1,"LINESTRING (108.92362 34.234096, 108.923609 34.234989)",1,99.30,tertiary,5,,,,auto,
237,兴化巷,192,207,1730,1,"LINESTRING (108.923609 34.234989, 108.923578 34.237161)",1,241.53,tertiary,5,,,,auto,
238,兴化巷,192,1730,207,1,"LINESTRING (108.923578 34.237161, 108.923609 34.234989)",1,241.53,tertiary,5,,,,auto,
239,兴化巷,193,210,211,1,"LINESTRING (108.923565 34.233839, 108.923443 34.233657)",1,23.14,tertiary,5,,,,auto,
240,兴化巷,193,211,210,1,"LINESTRING (108.923443 34.233657, 108.923565 34.233839)",1,23.14,tertiary,5,,,,auto,
241,兴化巷,194,210,208,1,"LINESTRING (108.923565 34.233839, 108.92362 34.234096)",1,29.02,tertiary,5,,,,auto,
242,兴化巷,194,208,210,1,"LINESTRING (108.92362 34.234096, 108.923565 34.233839)",1,29.02,tertiary,5,,,,auto,
243,西何家村,195,1730,212,1,"LINESTRING (108.923578 34.237161, 108.923753 34.237162)",1,16.09,tertiary,5,,,,auto,
244,兴化巷,196,1730,207,1,"LINESTRING (108.923578 34.237161, 108.923609 34.234989)",1,241.53,tertiary,5,,,,auto,
245,兴化巷,196,207,1730,1,"LINESTRING (108.923609 34.234989, 108.923578 34.237161)",1,241.53,tertiary,5,,,,auto,
248,,198,206,214,1,"LINESTRING (108.917489 34.234886, 108.917554 34.234806)",1,10.72,trunk,2,,1,,auto,
249,兴化巷,199,208,210,1,"LINESTRING (108.92362 34.234096, 108.923565 34.233839)",1,29.02,tertiary,5,,,,auto,
250,兴化巷,199,210,208,1,"LINESTRING (108.923565 34.233839, 108.92362 34.234096)",1,29.02,tertiary,5,,,,auto,
251,兴化巷,200,208,207,1,"LINESTRING (108.92362 34.234096, 108.923609 34.234989)",1,99.30,tertiary,5,,,,auto,
252,兴化巷,200,207,208,1,"LINESTRING (108.923609 34.234989, 108.92362 34.234096)",1,99.30,tertiary,5,,,,auto,
253,,201,192,184,1,"LINESTRING (108.90451 34.233292, 108.90457 34.231906)",1,154.21,residential,6,,,,auto,
254,,201,184,192,1,"LINESTRING (108.90457 34.231906, 108.90451 34.233292)",1,154.21,residential,6,,,,auto,
255,,202,192,215,1,"LINESTRING (108.90451 34.233292, 108.90428 34.232937)",1,44.78,residential,6,,,,auto,
256,,202,215,192,1,"LINESTRING (108.90428 34.232937, 108.90451 34.233292)",1,44.78,residential,6,,,,auto,
257,,203,192,200,1,"LINESTRING (108.90451 34.233292, 108.905234 34.234375)",1,137.59,residential,6,,,,auto,
258,,203,200,192,1,"LINESTRING (108.905234 34.234375, 108.90451 34.233292)",1,137.59,residential,6,,,,auto,
259,光华路,204,200,198,1,"LINESTRING (108.905234 34.234375, 108.906522 34.233784)",1,135.42,tertiary,5,,,,auto,
260,光华路,204,198,200,1,"LINESTRING (108.906522 34.233784, 108.905234 34.234375)",1,135.42,tertiary,5,,,,auto,
261,光华路,205,200,216,1,"LINESTRING (108.905234 34.234375, 108.905171 34.234404)",1,6.63,tertiary,5,,,,auto,
262,光华路,205,216,200,1,"LINESTRING (108.905171 34.234404, 108.905234 34.234375)",1,6.63,tertiary,5,,,,auto,
263,,206,200,192,1,"LINESTRING (108.905234 34.234375, 108.90451 34.233292)",1,137.59,residential,6,,,,auto,
264,,206,192,200,1,"LINESTRING (108.90451 34.233292, 108.905234 34.234375)",1,137.59,residential,6,,,,auto,
265,丰庆路,207,217,218,1,"LINESTRING (108.900346 34.252358, 108.900476 34.252358)",1,11.95,primary,3,,4,,auto,
266,锦园路,208,217,219,1,"LINESTRING (108.900346 34.252358, 108.900318 34.252449)",1,10.44,tertiary,5,,,,auto,
267,锦园路,208,219,217,1,"LINESTRING (108.900318 34.252449, 108.900346 34.252358)",1,10.44,tertiary,5,,,,auto,
268,西何家村,209,220,221,1,"LINESTRING (108.919783 34.237046, 108.920047 34.237137)",1,26.29,tertiary,5,,,,auto,
269,,210,220,222,1,"LINESTRING (108.919783 34.237046, 108.919795 34.237325)",1,31.04,tertiary,5,,,,auto,
270,,211,223,224,1,"LINESTRING (108.913049 34.253142, 108.913126 34.253201)",1,9.65,unclassified,20,,,,auto,
271,,211,224,223,1,"LINESTRING (108.913126 34.253201, 108.913049 34.253142)",1,9.65,unclassified,20,,,,auto,
272,西何家村,212,225,226,1,"LINESTRING (108.918875 34.236637, 108.919078 34.236723)",1,20.97,tertiary,5,,,,auto,
273,太白北路,214,225,227,1,"LINESTRING (108.918875 34.236637, 108.918884 34.237425)",1,87.63,primary,3,,3,,auto,
274,南小巷,215,228,229,1,"LINESTRING (108.911735 34.252343, 108.911735 34.252457)",1,12.68,tertiary,5,,,,auto,
275,南小巷,215,229,228,1,"LINESTRING (108.911735 34.252457, 108.911735 34.252343)",1,12.68,tertiary,5,,,,auto,
276,丰庆路,216,228,230,1,"LINESTRING (108.911735 34.252343, 108.913526 34.252343)",1,164.61,primary,3,,4,,auto,
277,,217,224,231,1,"LINESTRING (108.913126 34.253201, 108.913413 34.253397)",1,34.22,unclassified,20,,,,auto,
278,,217,231,224,1,"LINESTRING (108.913413 34.253397, 108.913126 34.253201)",1,34.22,unclassified,20,,,,auto,
279,,218,224,223,1,"LINESTRING (108.913126 34.253201, 108.913049 34.253142)",1,9.65,unclassified,20,,,,auto,
280,,218,223,224,1,"LINESTRING (108.913049 34.253142, 108.913126 34.253201)",1,9.65,unclassified,20,,,,auto,
281,西何家村,219,232,233,1,"LINESTRING (108.920225 34.237162, 108.921978 34.237162)",1,161.15,tertiary,5,,,,auto,
282,,220,231,234,1,"LINESTRING (108.913413 34.253397, 108.913475 34.253499)",1,12.69,unclassified,20,,,,auto,
283,,220,234,231,1,"LINESTRING (108.913475 34.253499, 108.913413 34.253397)",1,12.69,unclassified,20,,,,auto,
284,,221,231,224,1,"LINESTRING (108.913413 34.253397, 108.913126 34.253201)",1,34.22,unclassified,20,,,,auto,
285,,221,224,231,1,"LINESTRING (108.913126 34.253201, 108.913413 34.253397)",1,34.22,unclassified,20,,,,auto,
286,人民南巷,222,231,235,1,"LINESTRING (108.913413 34.253397, 108.913424 34.252543)",1,94.97,unclassified,20,,,,auto,
287,人民南巷,222,235,231,1,"LINESTRING (108.913424 34.252543, 108.913413 34.253397)",1,94.97,unclassified,20,,,,auto,
288,人民南巷,223,231,236,1,"LINESTRING (108.913413 34.253397, 108.913467 34.253585)",1,21.49,unclassified,20,,,,auto,
289,人民南巷,223,236,231,1,"LINESTRING (108.913467 34.253585, 108.913413 34.253397)",1,21.49,unclassified,20,,,,auto,
290,友谊西路,224,237,238,1,"LINESTRING (108.923637 34.242707, 108.924676 34.242714)",1,95.51,secondary,4,,2,,auto,
291,水文巷,225,237,239,1,"LINESTRING (108.923637 34.242707, 108.923636 34.242608)",1,11.01,tertiary,5,,,,auto,
292,水文巷,225,239,237,1,"LINESTRING (108.923636 34.242608, 108.923637 34.242707)",1,11.01,tertiary,5,,,,auto,
293,大学南路,226,240,241,1,"LINESTRING (108.921749 34.247581, 108.92474 34.24755)",1,274.94,tertiary,5,,,,auto,
294,大学南路,226,241,240,1,"LINESTRING (108.92474 34.24755, 108.921749 34.247581)",1,274.94,tertiary,5,,,,auto,
295,大学南路,227,240,1727,1,"LINESTRING (108.921749 34.247581, 108.918928 34.24761)",1,259.31,tertiary,5,,,,auto,
296,大学南路,227,1727,240,1,"LINESTRING (108.918928 34.24761, 108.921749 34.247581)",1,259.31,tertiary,5,,,,auto,
297,水文巷,228,243,239,1,"LINESTRING (108.923614 34.24, 108.923636 34.242608)",1,290.00,tertiary,5,,,,auto,
298,水文巷,228,239,243,1,"LINESTRING (108.923636 34.242608, 108.923614 34.24)",1,290.00,tertiary,5,,,,auto,
299,水文巷,229,243,244,1,"LINESTRING (108.923614 34.24, 108.920439 34.239997)",1,291.86,tertiary,5,,,,auto,
300,水文巷,229,244,243,1,"LINESTRING (108.920439 34.239997, 108.923614 34.24)",1,291.86,tertiary,5,,,,auto,
301,水文东巷,230,243,245,1,"LINESTRING (108.923614 34.24, 108.924555 34.239994)",1,86.50,tertiary,5,,,,auto,
302,水文东巷,230,245,243,1,"LINESTRING (108.924555 34.239994, 108.923614 34.24)",1,86.50,tertiary,5,,,,auto,
305,太白北路,232,1727,247,1,"LINESTRING (108.918832 34.247611, 108.918825 34.249777)",1,240.85,primary,3,,3,,auto,
308,友谊西路,234,249,237,1,"LINESTRING (108.921733 34.242707, 108.923637 34.242707)",1,175.02,secondary,4,,2,,auto,
309,友谊西路,235,238,250,1,"LINESTRING (108.924676 34.242714, 108.925951 34.242711)",1,117.20,secondary,4,,2,,auto,
310,边东街,236,238,251,1,"LINESTRING (108.924676 34.242714, 108.924676 34.242608)",1,11.79,tertiary,5,,2,,auto,
311,,237,252,253,1,"LINESTRING (108.917823 34.252566, 108.916895 34.252568)",1,85.29,primary,3,,,,auto,
312,,238,253,254,1,"LINESTRING (108.916895 34.252568, 108.916601 34.252559)",1,27.04,primary,3,,,,auto,
313,,239,255,256,1,"LINESTRING (108.918312 34.23572, 108.918232 34.235652)",1,10.55,trunk,2,,1,,auto,
314,,240,257,258,1,"LINESTRING (108.918778 34.235204, 108.918697 34.235239)",1,8.40,trunk,2,,1,,auto,
315,,241,259,260,1,"LINESTRING (108.918353 34.234701, 108.919507 34.234185)",1,120.61,trunk,2,,1,,auto,
316,,242,261,262,1,"LINESTRING (108.92141 34.234022, 108.920117 34.234597)",1,134.97,trunk,2,,1,,auto,
317,,243,263,264,1,"LINESTRING (108.91521 34.236788, 108.91468 34.237)",1,54.12,trunk,2,,,,auto,
318,,244,263,14,1,"LINESTRING (108.91521 34.236788, 108.914557 34.236909)",1,61.52,trunk,2,,1,,auto,
319,,245,265,266,1,"LINESTRING (108.918493 34.235404, 108.918465 34.235473)",1,8.09,trunk,2,,1,,auto,
320,,246,267,268,1,"LINESTRING (108.918477 34.235153, 108.918441 34.235191)",1,5.37,trunk,2,,1,,auto,
321,,247,269,270,1,"LINESTRING (108.918371 34.235379, 108.918397 34.235588)",1,23.36,trunk,2,,1,,auto,
322,,248,271,272,1,"LINESTRING (108.917855 34.234656, 108.917935 34.234699)",1,8.77,trunk,2,,1,,auto,
323,,249,273,274,1,"LINESTRING (108.92019 34.233989, 108.920237 34.234013)",1,5.08,trunk,2,,1,,auto,
324,,250,275,276,1,"LINESTRING (108.920007 34.233976, 108.920101 34.233971)",1,8.66,trunk,2,,1,,auto,
325,,251,277,278,1,"LINESTRING (108.918592 34.23509, 108.918537 34.23512)",1,6.06,trunk,2,,1,,auto,
326,,252,279,280,1,"LINESTRING (108.920322 34.234136, 108.920333 34.234168)",1,3.70,trunk,2,,1,,auto,
327,,253,281,282,1,"LINESTRING (108.918155 34.23561, 108.91806 34.235588)",1,9.07,trunk,2,,1,,auto,
328,二环南路西段,254,283,284,1,"LINESTRING (108.922401 34.233337, 108.922029 34.23356)",1,42.24,trunk,2,,2,,auto,
329,,255,285,286,1,"LINESTRING (108.920326 34.234199, 108.920304 34.234285)",1,9.77,trunk,2,,1,,auto,
330,,256,287,288,1,"LINESTRING (108.920857 34.233382, 108.921236 34.233217)",1,39.38,trunk,2,,,,auto,
331,,257,289,290,1,"LINESTRING (108.920236 34.234339, 108.920112 34.234405)",1,13.56,trunk,2,,1,,auto,
332,二环南路西段,258,1728,291,1,"LINESTRING (108.905003 34.240714, 108.905091 34.240674)",1,9.23,secondary,4,,4,,auto,
333,高新路,259,1728,1735,1,"LINESTRING (108.905003 34.240714, 108.905211 34.241068)",1,43.76,secondary,4,50,4,,auto,
334,,260,293,294,1,"LINESTRING (108.905581 34.240898, 108.905288 34.241032)",1,30.78,secondary,4,,4,,auto,
335,二环南路西段,261,22,23,1,"LINESTRING (108.908717 34.239091, 108.909308 34.238828)",1,61.70,trunk,2,70,3,,auto,
336,二环南路西段,262,295,22,1,"LINESTRING (108.907841 34.239432, 108.908717 34.239091)",1,89.01,secondary,4,,4,,auto,
337,二环南路西段辅路,263,295,296,1,"LINESTRING (108.907841 34.239432, 108.908229 34.239212)",1,43.25,unclassified,20,,,,auto,
338,,264,16,297,1,"LINESTRING (108.908683 34.23948, 108.908229 34.239688)",1,47.71,secondary,4,,4,,auto,
339,二环南路西段,265,16,17,1,"LINESTRING (108.908683 34.23948, 108.907052 34.240008)",1,161.01,trunk,2,70,2,,auto,
340,,266,298,299,1,"LINESTRING (108.900426 34.242875, 108.900766 34.24264)",1,40.74,trunk,2,,,,auto,
341,二环南路西段,267,298,300,1,"LINESTRING (108.900426 34.242875, 108.901042 34.242606)",1,64.04,trunk,2,70,2,,auto,
342,,268,301,302,1,"LINESTRING (108.90263 34.241807, 108.904728 34.240867)",1,219.36,trunk,2,,,,auto,
343,,269,303,64,1,"LINESTRING (108.897267 34.244212, 108.898262 34.243834)",1,100.66,trunk,2,,,,auto,
344,,270,304,305,1,"LINESTRING (108.904332 34.241331, 108.904102 34.241412)",1,22.98,trunk,2,,,,auto,
345,,271,306,307,1,"LINESTRING (108.902992 34.241915, 108.902432 34.242162)",1,58.34,trunk,2,,2,,auto,
346,二环南路西段,272,308,309,1,"LINESTRING (108.90053 34.242936, 108.898309 34.243916)",1,231.42,trunk,2,70,2,,auto,
347,,273,310,301,1,"LINESTRING (108.901538 34.242298, 108.90263 34.241807)",1,114.27,trunk,2,,,,auto,
348,,274,290,311,1,"LINESTRING (108.920112 34.234405, 108.919649 34.234608)",1,48.18,trunk,2,,1,,auto,
349,,275,290,312,1,"LINESTRING (108.920112 34.234405, 108.919929 34.234585)",1,26.15,trunk,2,,1,,auto,
350,,276,313,314,1,"LINESTRING (108.918153 34.234512, 108.918706 34.235315)",1,102.75,unclassified,20,,1,,auto,
351,,277,313,315,1,"LINESTRING (108.918153 34.234512, 108.919165 34.234067)",1,105.37,tertiary,5,,1,,auto,
352,,278,316,317,1,"LINESTRING (108.920282 34.234054, 108.92031 34.234088)",1,4.57,trunk,2,,1,,auto,
353,,279,318,319,1,"LINESTRING (108.915937 34.236204, 108.915861 34.236191)",1,7.13,trunk,2,,1,,auto,
354,二环南路西段辅路,280,320,321,1,"LINESTRING (108.916706 34.23619, 108.915215 34.236854)",1,155.68,unclassified,20,,1,,auto,
355,,281,260,322,1,"LINESTRING (108.919507 34.234185, 108.919824 34.234041)",1,33.25,trunk,2,,1,,auto,
356,,282,260,323,1,"LINESTRING (108.919507 34.234185, 108.919592 34.234047)",1,17.22,trunk,2,,1,,auto,
357,,283,324,325,1,"LINESTRING (108.915738 34.236042, 108.915745 34.235969)",1,8.14,trunk,2,,1,,auto,
358,,284,326,327,1,"LINESTRING (108.918568 34.235586, 108.918202 34.235731)",1,37.31,unclassified,20,,1,,auto,
359,,285,326,328,1,"LINESTRING (108.918568 34.235586, 108.918709 34.235823)",1,29.37,tertiary,5,,,,auto,
360,,286,329,330,1,"LINESTRING (108.917807 34.234536, 108.917912 34.234593)",1,11.55,trunk,2,,,,auto,
361,,287,331,332,1,"LINESTRING (108.917357 34.234873, 108.917515 34.234615)",1,32.16,unclassified,20,,1,,auto,
362,,288,333,334,1,"LINESTRING (108.917523 34.235069, 108.917627 34.235011)",1,11.53,trunk,2,,1,,auto,
363,,289,335,336,1,"LINESTRING (108.918149 34.234762, 108.918246 34.234741)",1,9.22,trunk,2,,1,,auto,
364,,290,337,26,1,"LINESTRING (108.916002 34.235767, 108.9161 34.235624)",1,18.28,trunk,2,,1,,auto,
365,,291,337,338,1,"LINESTRING (108.916002 34.235767, 108.916303 34.235626)",1,31.80,trunk,2,,1,,auto,
366,,292,339,340,1,"LINESTRING (108.917634 34.234626, 108.917611 34.234525)",1,11.43,trunk,2,,1,,auto,
367,,293,341,342,1,"LINESTRING (108.917546 34.23555, 108.91661 34.235974)",1,98.11,trunk,2,,1,,auto,
368,,294,343,344,1,"LINESTRING (108.915807 34.236151, 108.915762 34.236108)",1,6.32,trunk,2,,1,,auto,
369,,295,345,346,1,"LINESTRING (108.917784 34.235454, 108.917684 34.235491)",1,10.07,trunk,2,,1,,auto,
370,太白北路,296,347,225,1,"LINESTRING (108.918803 34.236378, 108.918875 34.236637)",1,29.55,primary,3,,3,,auto,
371,,297,348,349,1,"LINESTRING (108.917837 34.234466, 108.917916 34.234456)",1,7.35,unclassified,20,,1,,auto,
372,太白南路辅路,298,350,348,1,"LINESTRING (108.917136 34.233449, 108.917837 34.234466)",1,130.16,unclassified,20,,1,,auto,
373,,299,351,352,1,"LINESTRING (108.917969 34.235438, 108.917852 34.235442)",1,10.76,trunk,2,,1,,auto,
374,,300,349,353,1,"LINESTRING (108.917916 34.234456, 108.917994 34.234448)",1,7.23,unclassified,20,,1,,auto,
375,,301,354,355,1,"LINESTRING (108.917576 34.234593, 108.917565 34.234463)",1,14.49,trunk,2,,1,,auto,
376,,302,338,333,1,"LINESTRING (108.916303 34.235626, 108.917523 34.235069)",1,128.12,trunk,2,,1,,auto,
377,,303,26,338,1,"LINESTRING (108.9161 34.235624, 108.916303 34.235626)",1,18.66,trunk,2,,1,,auto,
378,,304,26,356,1,"LINESTRING (108.9161 34.235624, 108.917158 34.235142)",1,111.05,trunk,2,,2,,auto,
379,,305,357,263,1,"LINESTRING (108.917938 34.23559, 108.91521 34.236788)",1,283.96,trunk,2,,1,,auto,
380,,306,314,358,1,"LINESTRING (108.918706 34.235315, 108.918713 34.235357)",1,4.71,unclassified,20,,1,,auto,
381,,307,315,359,1,"LINESTRING (108.919165 34.234067, 108.920835 34.233327)",1,174.18,tertiary,5,,1,,auto,
382,,308,322,275,1,"LINESTRING (108.919824 34.234041, 108.920007 34.233976)",1,18.31,trunk,2,,1,,auto,
383,,309,360,361,1,"LINESTRING (108.918102 34.234593, 108.918172 34.234583)",1,6.53,trunk,2,,,,auto,
384,,310,362,363,1,"LINESTRING (108.917673 34.234778, 108.917655 34.234709)",1,7.85,trunk,2,,1,,auto,
385,,311,364,365,1,"LINESTRING (108.915773 34.235901, 108.915835 34.235856)",1,7.58,trunk,2,,1,,auto,
386,,312,359,288,1,"LINESTRING (108.920835 34.233327, 108.921236 34.233217)",1,38.84,tertiary,5,,1,,auto,
387,,313,214,366,1,"LINESTRING (108.917554 34.234806, 108.917578 34.234761)",1,5.47,trunk,2,,1,,auto,
388,,314,367,368,1,"LINESTRING (108.918706 34.235407, 108.91869 34.235478)",1,8.03,unclassified,20,,1,,auto,
389,二环南路西段,315,284,9,1,"LINESTRING (108.922029 34.23356, 108.921378 34.233947)",1,73.71,trunk,2,,2,,auto,
390,,316,284,261,1,"LINESTRING (108.922029 34.23356, 108.92141 34.234022)",1,76.66,trunk,2,,1,,auto,
391,,317,284,369,1,"LINESTRING (108.922029 34.23356, 108.921682 34.233911)",1,50.41,trunk,2,,,,auto,
392,,318,370,371,1,"LINESTRING (108.917687 34.234918, 108.917685 34.234857)",1,6.79,trunk,2,,1,,auto,
393,,319,372,373,1,"LINESTRING (108.917586 34.234717, 108.917581 34.234667)",1,5.58,trunk,2,,1,,auto,
394,,320,374,335,1,"LINESTRING (108.918015 34.234735, 108.918149 34.234762)",1,12.68,trunk,2,,1,,auto,
395,,321,375,376,1,"LINESTRING (108.918038 34.234446, 108.918117 34.234465)",1,7.56,unclassified,20,,1,,auto,
396,,322,377,378,1,"LINESTRING (108.918406 34.235227, 108.918379 34.235297)",1,8.17,trunk,2,,1,,auto,
397,,323,379,380,1,"LINESTRING (108.916206 34.236156, 108.916117 34.23619)",1,9.01,trunk,2,,1,,auto,
398,,324,380,381,1,"LINESTRING (108.916117 34.23619, 108.916028 34.236218)",1,8.75,trunk,2,,1,,auto,
399,,325,382,383,1,"LINESTRING (108.9181 34.235749, 108.917955 34.235725)",1,13.59,unclassified,20,,1,,auto,
400,二环南路西段辅路,326,321,384,1,"LINESTRING (108.915215 34.236854, 108.914948 34.236927)",1,25.85,unclassified,20,,1,,auto,
401,,327,385,287,1,"LINESTRING (108.918277 34.234542, 108.920857 34.233382)",1,269.98,trunk,2,,,,auto,
402,,328,262,257,1,"LINESTRING (108.920117 34.234597, 108.918778 34.235204)",1,140.38,trunk,2,,1,,auto,
403,,329,386,387,1,"LINESTRING (108.91817 34.235533, 108.918069 34.235452)",1,12.94,trunk,2,,1,,auto,
404,,330,342,388,1,"LINESTRING (108.91661 34.235974, 108.916425 34.236146)",1,25.59,trunk,2,,1,,auto,
405,,331,342,379,1,"LINESTRING (108.91661 34.235974, 108.916206 34.236156)",1,42.29,trunk,2,,1,,auto,
406,崇业路,332,1724,390,1,"LINESTRING (108.921215 34.228979, 108.92129 34.228978)",1,6.90,tertiary,5,,1,,auto,
407,崇业路,332,390,1724,1,"LINESTRING (108.92129 34.228978, 108.921215 34.228979)",1,6.90,tertiary,5,,1,,auto,
410,永松路,334,1724,392,1,"LINESTRING (108.921215 34.228979, 108.921348 34.229188)",1,26.26,tertiary,5,,2,,auto,
411,,335,393,394,1,"LINESTRING (108.915907 34.235811, 108.915958 34.235786)",1,5.45,trunk,2,,1,,auto,
412,,336,395,331,1,"LINESTRING (108.917883 34.235671, 108.917357 34.234873)",1,101.05,unclassified,20,,1,,auto,
413,二环南路西段辅路,337,395,320,1,"LINESTRING (108.917883 34.235671, 108.916706 34.23619)",1,122.63,unclassified,20,,1,,auto,
414,,338,396,397,1,"LINESTRING (108.92209 34.232982, 108.923383 34.232473)",1,131.65,tertiary,5,,1,,auto,
415,,339,398,399,1,"LINESTRING (108.918556 34.235332, 108.918525 34.235356)",1,3.90,trunk,2,,1,,auto,
416,,340,312,311,1,"LINESTRING (108.919929 34.234585, 108.919649 34.234608)",1,25.87,trunk,2,,1,,auto,
417,,341,312,400,1,"LINESTRING (108.919929 34.234585, 108.919447 34.2348)",1,50.35,trunk,2,,,,auto,
418,,342,330,401,1,"LINESTRING (108.917912 34.234593, 108.918007 34.234601)",1,8.78,trunk,2,,,,auto,
419,太白南路辅路,343,402,403,1,"LINESTRING (108.91687 34.233586, 108.91677 34.233271)",1,36.21,unclassified,20,,,,auto,
420,,344,404,405,1,"LINESTRING (108.923446 34.232442, 108.924007 34.232196)",1,58.38,secondary,4,,,,auto,
421,,345,406,407,1,"LINESTRING (108.925882 34.231568, 108.926145 34.231547)",1,24.29,secondary,4,,,,auto,
422,,346,408,178,1,"LINESTRING (108.925213 34.231622, 108.925343 34.231548)",1,14.51,secondary,4,,,,auto,
423,,347,409,410,1,"LINESTRING (108.925381 34.231647, 108.925615 34.2316)",1,22.14,secondary,4,,,,auto,
424,,348,411,408,1,"LINESTRING (108.925059 34.231733, 108.925213 34.231622)",1,18.78,secondary,4,,,,auto,
425,,349,411,409,1,"LINESTRING (108.925059 34.231733, 108.925381 34.231647)",1,31.11,secondary,4,,,,auto,
427,太白北路,351,1731,413,1,"LINESTRING (108.918766 34.242723, 108.91872 34.242608)",1,13.47,primary,3,,3,,auto,
428,,352,361,385,1,"LINESTRING (108.918172 34.234583, 108.918277 34.234542)",1,10.68,trunk,2,,,,auto,
429,,353,366,372,1,"LINESTRING (108.917578 34.234761, 108.917586 34.234717)",1,4.95,trunk,2,,1,,auto,
430,,354,317,279,1,"LINESTRING (108.92031 34.234088, 108.920322 34.234136)",1,5.45,trunk,2,,1,,auto,
431,二环南路西段,355,414,415,1,"LINESTRING (108.926115 34.231836, 108.925847 34.231887)",1,25.28,secondary,4,,,,auto,
432,,356,352,345,1,"LINESTRING (108.917852 34.235442, 108.917784 34.235454)",1,6.39,trunk,2,,1,,auto,
433,,357,272,374,1,"LINESTRING (108.917935 34.234699, 108.918015 34.234735)",1,8.37,trunk,2,,1,,auto,
434,,358,416,225,1,"LINESTRING (108.918964 34.236482, 108.918875 34.236637)",1,19.08,tertiary,5,,,,auto,
435,,359,278,267,1,"LINESTRING (108.918537 34.23512, 108.918477 34.235153)",1,6.62,trunk,2,,1,,auto,
436,,360,401,360,1,"LINESTRING (108.918007 34.234601, 108.918102 34.234593)",1,8.78,trunk,2,,,,auto,
437,,361,286,289,1,"LINESTRING (108.920304 34.234285, 108.920236 34.234339)",1,8.67,trunk,2,,1,,auto,
440,光华路,363,1745,419,1,"LINESTRING (108.914696 34.230096, 108.914594 34.230142)",1,10.68,tertiary,5,,,,auto,
441,光华路,363,419,1745,1,"LINESTRING (108.914594 34.230142, 108.914696 34.230096)",1,10.68,tertiary,5,,,,auto,
442,太白南路,364,1745,420,1,"LINESTRING (108.914696 34.230096, 108.91426 34.229423)",1,84.89,primary,3,,,,auto,
444,,366,363,339,1,"LINESTRING (108.917655 34.234709, 108.917634 34.234626)",1,9.43,trunk,2,,1,,auto,
445,二环南路西段,367,4,422,1,"LINESTRING (108.925972 34.231789, 108.925739 34.231836)",1,22.05,trunk,2,70,2,,auto,
446,,368,344,324,1,"LINESTRING (108.915762 34.236108, 108.915738 34.236042)",1,7.66,trunk,2,,1,,auto,
447,,369,387,351,1,"LINESTRING (108.918069 34.235452, 108.917969 34.235438)",1,9.32,trunk,2,,1,,auto,
448,,370,256,281,1,"LINESTRING (108.918232 34.235652, 108.918155 34.23561)",1,8.48,trunk,2,,1,,auto,
453,太白北路,373,1740,426,1,"LINESTRING (108.918908 34.239984, 108.918909 34.240066)",1,9.12,primary,3,,3,,auto,
454,,374,399,265,1,"LINESTRING (108.918525 34.235356, 108.918493 34.235404)",1,6.09,trunk,2,,1,,auto,
455,,375,427,428,1,"LINESTRING (108.918402 34.236003, 108.918305 34.235859)",1,18.33,tertiary,5,,,,auto,
456,瑞金西路,376,429,430,1,"LINESTRING (108.91307 34.236675, 108.914556 34.236)",1,155.87,residential,6,,,,auto,
457,瑞金西路,376,430,429,1,"LINESTRING (108.914556 34.236, 108.91307 34.236675)",1,155.87,residential,6,,,,auto,
458,瑞金西路,377,429,431,1,"LINESTRING (108.91307 34.236675, 108.911784 34.237247)",1,134.24,residential,6,,,,auto,
459,瑞金西路,377,431,429,1,"LINESTRING (108.911784 34.237247, 108.91307 34.236675)",1,134.24,residential,6,,,,auto,
460,科技大道北段,378,429,432,1,"LINESTRING (108.91307 34.236675, 108.912477 34.235762)",1,115.23,residential,6,,,,auto,
461,科技大道北段,378,432,429,1,"LINESTRING (108.912477 34.235762, 108.91307 34.236675)",1,115.23,residential,6,,,,auto,
462,,379,325,364,1,"LINESTRING (108.915745 34.235969, 108.915773 34.235901)",1,7.99,trunk,2,,1,,auto,
463,,380,332,348,1,"LINESTRING (108.917515 34.234615, 108.917837 34.234466)",1,33.92,unclassified,20,,1,,auto,
464,太白南路辅路,381,332,402,1,"LINESTRING (108.917515 34.234615, 108.91687 34.233586)",1,128.87,unclassified,20,,,,auto,
465,,382,282,357,1,"LINESTRING (108.91806 34.235588, 108.917938 34.23559)",1,11.22,trunk,2,,1,,auto,
466,二环南路西段,383,6,433,1,"LINESTRING (108.925307 34.231966, 108.924774 34.232207)",1,55.85,trunk,2,70,2,,auto,
469,太白北路,385,1740,434,1,"LINESTRING (108.918781 34.239985, 108.918798 34.238236)",1,194.49,primary,3,,3,,auto,
470,,386,373,354,1,"LINESTRING (108.917581 34.234667, 108.917576 34.234593)",1,8.24,trunk,2,,1,,auto,
471,太白北路,387,435,436,1,"LINESTRING (108.918454 34.235678, 108.918584 34.235893)",1,26.73,primary,3,,2,,auto,
472,,388,358,367,1,"LINESTRING (108.918713 34.235357, 108.918706 34.235407)",1,5.60,unclassified,20,,1,,auto,
473,,389,437,438,1,"LINESTRING (108.904324 34.235968, 108.904456 34.237134)",1,130.22,residential,6,,1,,auto,
474,,389,438,437,1,"LINESTRING (108.904456 34.237134, 108.904324 34.235968)",1,130.22,residential,6,,1,,auto,
475,,390,437,439,1,"LINESTRING (108.904324 34.235968, 108.90375 34.235041)",1,115.80,residential,6,,1,,auto,
476,,390,439,437,1,"LINESTRING (108.90375 34.235041, 108.904324 34.235968)",1,115.80,residential,6,,1,,auto,
477,,391,440,441,1,"LINESTRING (108.918783 34.236942, 108.918649 34.236622)",1,37.65,tertiary,5,,,,auto,
478,太白北路,392,440,442,1,"LINESTRING (108.918783 34.236942, 108.918771 34.236651)",1,32.38,primary,3,,3,,auto,
479,光华路,393,443,444,1,"LINESTRING (108.909773 34.232303, 108.910329 34.232046)",1,58.56,tertiary,5,,,,auto,
480,光华路,393,444,443,1,"LINESTRING (108.910329 34.232046, 108.909773 34.232303)",1,58.56,tertiary,5,,,,auto,
481,光华路,394,443,445,1,"LINESTRING (108.909773 34.232303, 108.909526 34.232412)",1,25.74,tertiary,5,,,,auto,
482,光华路,394,445,443,1,"LINESTRING (108.909526 34.232412, 108.909773 34.232303)",1,25.74,tertiary,5,,,,auto,
483,科技大道南段,395,443,446,1,"LINESTRING (108.909773 34.232303, 108.910178 34.23289)",1,75.14,residential,6,,,,auto,
484,科技大道南段,395,446,443,1,"LINESTRING (108.910178 34.23289, 108.909773 34.232303)",1,75.14,residential,6,,,,auto,
485,太白南路,396,270,435,1,"LINESTRING (108.918397 34.235588, 108.918454 34.235678)",1,11.30,primary,3,60,2,,auto,
486,科技大道中段,397,447,448,1,"LINESTRING (108.911679 34.234532, 108.911745 34.234632)",1,12.67,residential,6,,,,auto,
487,科技大道中段,397,448,447,1,"LINESTRING (108.911745 34.234632, 108.911679 34.234532)",1,12.67,residential,6,,,,auto,
488,科技大道中段,398,447,449,1,"LINESTRING (108.911679 34.234532, 108.911383 34.234672)",1,31.35,residential,6,,,,auto,
489,科技大道中段,398,449,447,1,"LINESTRING (108.911383 34.234672, 108.911679 34.234532)",1,31.35,residential,6,,,,auto,
490,,399,439,437,1,"LINESTRING (108.90375 34.235041, 108.904324 34.235968)",1,115.80,residential,6,,1,,auto,
491,,399,437,439,1,"LINESTRING (108.904324 34.235968, 108.90375 34.235041)",1,115.80,residential,6,,1,,auto,
492,光华路,400,439,450,1,"LINESTRING (108.90375 34.235041, 108.904476 34.234716)",1,75.90,tertiary,5,,,,auto,
493,光华路,400,450,439,1,"LINESTRING (108.904476 34.234716, 108.90375 34.235041)",1,75.90,tertiary,5,,,,auto,
494,光华路,401,439,125,1,"LINESTRING (108.90375 34.235041, 108.902057 34.235788)",1,176.41,tertiary,5,,,,auto,
495,光华路,401,125,439,1,"LINESTRING (108.902057 34.235788, 108.90375 34.235041)",1,176.41,tertiary,5,,,,auto,
496,,402,381,318,1,"LINESTRING (108.916028 34.236218, 108.915937 34.236204)",1,8.51,trunk,2,,1,,auto,
497,,403,378,269,1,"LINESTRING (108.918379 34.235297, 108.918371 34.235379)",1,9.15,trunk,2,,1,,auto,
498,,404,268,377,1,"LINESTRING (108.918441 34.235191, 108.918406 34.235227)",1,5.14,trunk,2,,1,,auto,
499,,405,451,255,1,"LINESTRING (108.918358 34.235765, 108.918312 34.23572)",1,6.55,trunk,2,,1,,auto,
500,太白北路,406,452,453,1,"LINESTRING (108.91871 34.236391, 108.918664 34.236261)",1,15.06,primary,3,,3,,auto,
501,,407,454,455,1,"LINESTRING (108.905465 34.242578, 108.905487 34.242521)",1,6.65,secondary,4,,,,auto,
502,,408,454,456,1,"LINESTRING (108.905465 34.242578, 108.905421 34.242358)",1,24.79,secondary,4,,,,auto,
503,太白南路,409,340,355,1,"LINESTRING (108.917611 34.234525, 108.917565 34.234463)",1,8.09,primary,3,,2,,auto,
504,,410,457,438,1,"LINESTRING (108.903081 34.237762, 108.904456 34.237134)",1,144.41,residential,6,,1,,auto,
505,,410,438,457,1,"LINESTRING (108.904456 34.237134, 108.903081 34.237762)",1,144.41,residential,6,,1,,auto,
506,高新路,411,457,458,1,"LINESTRING (108.903081 34.237762, 108.904886 34.240535)",1,350.15,secondary,4,50,4,,auto,
507,二环南路西段,412,459,460,1,"LINESTRING (108.925864 34.231664, 108.926121 34.231656)",1,23.64,trunk,2,70,2,,auto,
508,二环南路西段,413,422,5,1,"LINESTRING (108.925739 34.231836, 108.925522 34.231899)",1,21.14,trunk,2,70,2,,auto,
509,,414,334,370,1,"LINESTRING (108.917627 34.235011, 108.917687 34.234918)",1,11.72,trunk,2,,1,,auto,
510,,415,274,316,1,"LINESTRING (108.920237 34.234013, 108.920282 34.234054)",1,6.16,trunk,2,,1,,auto,
511,,416,461,416,1,"LINESTRING (108.918879 34.236252, 108.918964 34.236482)",1,26.74,tertiary,5,,,,auto,
512,二环南路西段,417,34,459,1,"LINESTRING (108.925587 34.2317, 108.925864 34.231664)",1,25.78,trunk,2,70,2,,auto,
513,,418,280,285,1,"LINESTRING (108.920333 34.234168, 108.920326 34.234199)",1,3.51,trunk,2,,1,,auto,
514,,419,276,273,1,"LINESTRING (108.920101 34.233971, 108.92019 34.233989)",1,8.42,trunk,2,,1,,auto,
515,,420,258,462,1,"LINESTRING (108.918697 34.235239, 108.918629 34.235282)",1,7.87,trunk,2,,1,,auto,
516,,421,346,341,1,"LINESTRING (108.917684 34.235491, 108.917546 34.23555)",1,14.28,trunk,2,,1,,auto,
517,太白南路辅路,422,463,350,1,"LINESTRING (108.916881 34.233211, 108.917136 34.233449)",1,35.35,unclassified,20,,1,,auto,
518,太白南路,423,463,464,1,"LINESTRING (108.916881 34.233211, 108.917083 34.233548)",1,41.82,primary,3,60,,,auto,
519,,424,438,457,1,"LINESTRING (108.904456 34.237134, 108.903081 34.237762)",1,144.41,residential,6,,1,,auto,
520,,424,457,438,1,"LINESTRING (108.903081 34.237762, 108.904456 34.237134)",1,144.41,residential,6,,1,,auto,
521,,425,438,437,1,"LINESTRING (108.904456 34.237134, 108.904324 34.235968)",1,130.22,residential,6,,1,,auto,
522,,425,437,438,1,"LINESTRING (108.904324 34.235968, 108.904456 34.237134)",1,130.22,residential,6,,1,,auto,
523,,426,368,326,1,"LINESTRING (108.91869 34.235478, 108.918568 34.235586)",1,16.43,unclassified,20,,1,,auto,
524,太白北路,427,442,452,1,"LINESTRING (108.918771 34.236651, 108.91871 34.236391)",1,29.45,primary,3,,3,,auto,
525,,428,465,427,1,"LINESTRING (108.918488 34.236165, 108.918402 34.236003)",1,19.67,tertiary,5,,,,auto,
526,太白北路,429,466,347,1,"LINESTRING (108.918742 34.23621, 108.918803 34.236378)",1,19.50,primary,3,,2,,auto,
527,二环南路西段,430,467,468,1,"LINESTRING (108.925404 34.232023, 108.924002 34.232614)",1,144.68,secondary,4,,,,auto,
528,太白南路,431,355,469,1,"LINESTRING (108.917565 34.234463, 108.917016 34.233612)",1,107.24,primary,3,,2,,auto,
529,,432,462,398,1,"LINESTRING (108.918629 34.235282, 108.918556 34.235332)",1,8.71,trunk,2,,1,,auto,
530,,433,470,94,1,"LINESTRING (108.90648 34.24301, 108.906303 34.243115)",1,20.03,secondary,4,,,,auto,
531,,434,371,362,1,"LINESTRING (108.917685 34.234857, 108.917673 34.234778)",1,8.85,trunk,2,,1,,auto,
532,二环南路西段,435,433,7,1,"LINESTRING (108.924774 34.232207, 108.92404 34.232525)",1,76.18,trunk,2,70,2,,auto,
533,,436,336,259,1,"LINESTRING (108.918246 34.234741, 108.918353 34.234701)",1,10.80,trunk,2,,1,,auto,
534,,437,319,343,1,"LINESTRING (108.915861 34.236191, 108.915807 34.236151)",1,6.67,trunk,2,,1,,auto,
535,太白南路,438,403,471,1,"LINESTRING (108.91677 34.233271, 108.916635 34.233063)",1,26.25,primary,3,,,,auto,
536,,439,376,313,1,"LINESTRING (108.918117 34.234465, 108.918153 34.234512)",1,6.19,unclassified,20,,1,,auto,
537,二环南路西段,440,415,472,1,"LINESTRING (108.925847 34.231887, 108.925661 34.231943)",1,18.20,secondary,4,,,,auto,
538,,441,383,395,1,"LINESTRING (108.917955 34.235725, 108.917883 34.235671)",1,8.94,unclassified,20,,1,,auto,
539,二环南路西段,442,473,33,1,"LINESTRING (108.925152 34.231805, 108.925342 34.231756)",1,18.30,trunk,2,70,2,,auto,
540,科技大道南段,443,449,474,1,"LINESTRING (108.911383 34.234672, 108.911136 34.234303)",1,46.89,residential,6,,,,auto,
541,科技大道南段,443,474,449,1,"LINESTRING (108.911136 34.234303, 108.911383 34.234672)",1,46.89,residential,6,,,,auto,
542,,444,449,475,1,"LINESTRING (108.911383 34.234672, 108.910449 34.235087)",1,97.48,residential,6,,,,auto,
543,,444,475,449,1,"LINESTRING (108.910449 34.235087, 108.911383 34.234672)",1,97.48,residential,6,,,,auto,
544,科技大道中段,445,449,447,1,"LINESTRING (108.911383 34.234672, 108.911679 34.234532)",1,31.35,residential,6,,,,auto,
545,科技大道中段,445,447,449,1,"LINESTRING (108.911679 34.234532, 108.911383 34.234672)",1,31.35,residential,6,,,,auto,
546,,446,365,393,1,"LINESTRING (108.915835 34.235856, 108.915907 34.235811)",1,8.30,trunk,2,,1,,auto,
547,,447,327,382,1,"LINESTRING (108.918202 34.235731, 108.9181 34.235749)",1,9.59,unclassified,20,,1,,auto,
548,二环南路西段,448,472,467,1,"LINESTRING (108.925661 34.231943, 108.925404 34.232023)",1,25.25,secondary,4,,,,auto,
549,,449,476,451,1,"LINESTRING (108.918482 34.235874, 108.918358 34.235765)",1,16.64,trunk,2,,1,,auto,
550,太白北路,450,476,477,1,"LINESTRING (108.918482 34.235874, 108.918367 34.235703)",1,21.76,primary,3,,3,,auto,
551,,451,353,375,1,"LINESTRING (108.917994 34.234448, 108.918038 34.234446)",1,4.05,unclassified,20,,1,,auto,
552,劳动南路,452,478,479,1,"LINESTRING (108.905645 34.24348, 108.905616 34.243503)",1,3.69,secondary,4,,3,,auto,
553,友谊西路,453,480,481,1,"LINESTRING (108.906946 34.242657, 108.907041 34.242699)",1,9.90,secondary,4,,2,,auto,
554,永松路,454,1737,483,1,"LINESTRING (108.920323 34.227615, 108.92048 34.227851)",1,29.95,tertiary,5,,2,,auto,
556,,456,485,465,1,"LINESTRING (108.918609 34.236452, 108.918488 34.236165)",1,33.80,tertiary,5,,,,auto,
559,太白南路,458,1745,486,1,"LINESTRING (108.914833 34.230073, 108.914884 34.230153)",1,10.06,primary,3,60,,,auto,
560,高新路,459,487,488,1,"LINESTRING (108.902897 34.23784, 108.902759 34.237633)",1,26.28,secondary,4,50,4,,auto,
561,二环南路西段,461,489,473,1,"LINESTRING (108.923934 34.232364, 108.925152 34.231805)",1,128.07,trunk,2,70,2,,auto,
562,二环南路西段,467,490,136,1,"LINESTRING (108.901387 34.242262, 108.902753 34.241658)",1,142.40,secondary,4,50,3,,auto,
563,,468,441,485,1,"LINESTRING (108.918649 34.236622, 108.918609 34.236452)",1,19.26,tertiary,5,,,,auto,
564,二环南路西段,469,309,491,1,"LINESTRING (108.898309 34.243916, 108.897358 34.244343)",1,99.48,trunk,2,70,2,,auto,
565,昆明路高架,470,309,492,1,"LINESTRING (108.898309 34.243916, 108.897866 34.244184)",1,50.46,trunk,2,,2,,auto,
566,二环南路西段,471,493,494,1,"LINESTRING (108.903974 34.241115, 108.904678 34.2408)",1,73.58,secondary,4,50,3,,auto,
567,,472,495,461,1,"LINESTRING (108.918798 34.23604, 108.918879 34.236252)",1,24.72,tertiary,5,,,,auto,
568,,473,496,497,1,"LINESTRING (108.901946 34.242382, 108.901397 34.242637)",1,57.88,trunk,2,,2,,auto,
569,,474,297,498,1,"LINESTRING (108.908229 34.239688, 108.907816 34.239875)",1,43.29,secondary,4,,4,,auto,
570,太白南路,475,499,270,1,"LINESTRING (108.917847 34.234736, 108.918397 34.235588)",1,107.39,primary,3,60,2,,auto,
571,,476,498,500,1,"LINESTRING (108.907816 34.239875, 108.907233 34.240136)",1,60.95,secondary,4,,4,,auto,
572,二环南路西段,477,18,308,1,"LINESTRING (108.900926 34.242754, 108.90053 34.242936)",1,41.65,trunk,2,70,2,,auto,
573,二环南路西段,478,501,502,1,"LINESTRING (108.894246 34.245494, 108.895339 34.24498)",1,115.59,secondary,4,50,3,,auto,
574,,479,503,306,1,"LINESTRING (108.903368 34.241742, 108.902992 34.241915)",1,39.56,trunk,2,,,,auto,
575,太白北路,480,504,466,1,"LINESTRING (108.918663 34.236048, 108.918742 34.23621)",1,19.42,primary,3,,2,,auto,
576,二环南路西段,481,64,298,1,"LINESTRING (108.898262 34.243834, 108.900426 34.242875)",1,225.69,trunk,2,70,2,,auto,
577,二环南路西段,482,505,295,1,"LINESTRING (108.907239 34.239705, 108.907841 34.239432)",1,63.12,secondary,4,,4,,auto,
578,,483,307,496,1,"LINESTRING (108.902432 34.242162, 108.901946 34.242382)",1,50.93,trunk,2,,2,,auto,
580,,485,1735,506,1,"LINESTRING (108.905211 34.241068, 108.905271 34.241159)",1,11.52,secondary,4,,2,,auto,
581,,486,428,327,1,"LINESTRING (108.918305 34.235859, 108.918202 34.235731)",1,17.09,tertiary,5,,,,auto,
582,,487,497,507,1,"LINESTRING (108.901397 34.242637, 108.900804 34.242905)",1,62.12,trunk,2,,2,,auto,
583,太白北路,488,436,504,1,"LINESTRING (108.918584 34.235893, 108.918663 34.236048)",1,18.70,primary,3,,2,,auto,
584,二环南路西段,489,508,63,1,"LINESTRING (108.89408 34.245731, 108.895636 34.245032)",1,162.78,trunk,2,70,2,,auto,
585,二环南路西段,490,509,510,1,"LINESTRING (108.895938 34.244658, 108.896353 34.244469)",1,43.55,secondary,4,50,3,,auto,
586,,491,511,512,1,"LINESTRING (108.90656 34.240438, 108.905996 34.240706)",1,59.80,secondary,4,,4,,auto,
587,,492,512,293,1,"LINESTRING (108.905996 34.240706, 108.905581 34.240898)",1,43.72,secondary,4,,4,,auto,
588,二环南路西段,493,510,513,1,"LINESTRING (108.896353 34.244469, 108.89666 34.244326)",1,32.39,secondary,4,50,3,,auto,
589,,494,500,511,1,"LINESTRING (108.907233 34.240136, 108.90656 34.240438)",1,70.39,secondary,4,,4,,auto,
590,二环南路西段,495,514,21,1,"LINESTRING (108.903861 34.241348, 108.907547 34.239692)",1,385.63,trunk,2,70,2,,auto,
591,,496,507,308,1,"LINESTRING (108.900804 34.242905, 108.90053 34.242936)",1,25.42,trunk,2,,2,,auto,
592,,497,515,304,1,"LINESTRING (108.904578 34.241322, 108.904332 34.241331)",1,22.63,trunk,2,,,,auto,
593,二环南路西段,498,515,516,1,"LINESTRING (108.904578 34.241322, 108.902126 34.24242)",1,256.34,secondary,4,,3,,auto,
594,高新路,499,517,518,1,"LINESTRING (108.901239 34.234909, 108.901784 34.235755)",1,106.58,secondary,4,50,4,,auto,
595,,500,305,503,1,"LINESTRING (108.904102 34.241412, 108.903368 34.241742)",1,76.80,trunk,2,,,,auto,
596,,501,328,495,1,"LINESTRING (108.918709 34.235823, 108.918798 34.23604)",1,25.48,tertiary,5,,,,auto,
597,太白南路,502,519,340,1,"LINESTRING (108.917795 34.23482, 108.917611 34.234525)",1,36.91,primary,3,,2,,auto,
598,二环南路西段,503,300,514,1,"LINESTRING (108.901042 34.242606, 108.903861 34.241348)",1,294.47,trunk,2,70,2,,auto,
599,二环南路西段,504,131,520,1,"LINESTRING (108.899373 34.243089, 108.89964 34.24302)",1,25.71,secondary,4,50,3,,auto,
600,高新路,505,521,517,1,"LINESTRING (108.900796 34.234236, 108.901239 34.234909)",1,85.20,secondary,4,50,4,,auto,
601,二环南路西段,506,522,70,1,"LINESTRING (108.896788 34.244816, 108.895966 34.245178)",1,85.61,secondary,4,,3,,auto,
602,,507,299,310,1,"LINESTRING (108.900766 34.24264, 108.901538 34.242298)",1,80.51,trunk,2,,,,auto,
603,,508,311,277,1,"LINESTRING (108.919649 34.234608, 108.918592 34.23509)",1,110.97,trunk,2,,1,,auto,
604,丰庆路,509,523,524,1,"LINESTRING (108.894692 34.252428, 108.894879 34.252397)",1,17.53,primary,3,,4,,auto,
605,丰庆路,510,525,526,1,"LINESTRING (108.895111 34.252364, 108.895415 34.252349)",1,27.99,primary,3,,4,,auto,
606,丰庆路,511,526,527,1,"LINESTRING (108.895415 34.252349, 108.896094 34.252335)",1,62.43,primary,3,,4,,auto,
607,丰庆路,512,524,528,1,"LINESTRING (108.894879 34.252397, 108.894999 34.252381)",1,11.17,primary,3,,4,,auto,
608,丰庆路,513,529,523,1,"LINESTRING (108.894421 34.252493, 108.894692 34.252428)",1,25.94,primary,3,,4,,auto,
609,丰庆路,514,530,531,1,"LINESTRING (108.896148 34.252334, 108.896241 34.252338)",1,8.56,primary,3,,4,,auto,
610,,517,410,406,1,"LINESTRING (108.925615 34.2316, 108.925882 34.231568)",1,24.80,secondary,4,,,,auto,
611,,518,394,337,1,"LINESTRING (108.915958 34.235786, 108.916002 34.235767)",1,4.56,trunk,2,,1,,auto,
612,友谊西路,519,101,532,1,"LINESTRING (108.912232 34.242696, 108.917622 34.242709)",1,495.45,secondary,4,,2,,auto,
613,白庙路,520,101,533,1,"LINESTRING (108.912232 34.242696, 108.912233 34.242627)",1,7.67,tertiary,5,,,,auto,
614,白庙路,520,533,101,1,"LINESTRING (108.912233 34.242627, 108.912232 34.242696)",1,7.67,tertiary,5,,,,auto,
615,二环南路西段,521,534,535,1,"LINESTRING (108.914094 34.237048, 108.91189 34.238034)",1,230.37,trunk,2,70,3,,auto,
616,白庙路,522,536,537,1,"LINESTRING (108.912232 34.238621, 108.912214 34.238523)",1,11.02,tertiary,5,,,,auto,
617,白庙路,522,537,536,1,"LINESTRING (108.912214 34.238523, 108.912232 34.238621)",1,11.02,tertiary,5,,,,auto,
618,白庙路,523,536,538,1,"LINESTRING (108.912232 34.238621, 108.912252 34.239805)",1,131.67,tertiary,5,,,,auto,
619,白庙路,523,538,536,1,"LINESTRING (108.912252 34.239805, 108.912232 34.238621)",1,131.67,tertiary,5,,,,auto,
620,,524,539,540,1,"LINESTRING (108.912232 34.246279, 108.911706 34.246276)",1,48.35,residential,6,,,,auto,
621,,524,540,539,1,"LINESTRING (108.911706 34.246276, 108.912232 34.246279)",1,48.35,residential,6,,,,auto,
622,,525,539,541,1,"LINESTRING (108.912232 34.246279, 108.91276 34.246282)",1,48.53,residential,6,,,,auto,
623,,525,541,539,1,"LINESTRING (108.91276 34.246282, 108.912232 34.246279)",1,48.53,residential,6,,,,auto,
624,三航路,526,539,542,1,"LINESTRING (108.912232 34.246279, 108.91226 34.245199)",1,120.12,unclassified,20,,,,auto,
625,三航路,526,542,539,1,"LINESTRING (108.91226 34.245199, 108.912232 34.246279)",1,120.12,unclassified,20,,,,auto,
628,科技路,528,1726,545,1,"LINESTRING (108.91018 34.228185, 108.910085 34.228227)",1,9.90,primary,3,60,3,,auto,
629,融鑫路,529,546,547,1,"LINESTRING (108.909684 34.227417, 108.91006 34.228)",1,73.47,tertiary,5,,,,auto,
630,融鑫路,529,547,546,1,"LINESTRING (108.91006 34.228, 108.909684 34.227417)",1,73.47,tertiary,5,,,,auto,
631,三航路,530,548,549,1,"LINESTRING (108.912252 34.244064, 108.912247 34.242996)",1,118.76,unclassified,20,,,,auto,
632,三航路,530,549,548,1,"LINESTRING (108.912247 34.242996, 108.912252 34.244064)",1,118.76,unclassified,20,,,,auto,
633,英才路,531,548,550,1,"LINESTRING (108.912252 34.244064, 108.912629 34.244062)",1,34.65,residential,6,,,,auto,
634,英才路,531,550,548,1,"LINESTRING (108.912629 34.244062, 108.912252 34.244064)",1,34.65,residential,6,,,,auto,
635,教学南路,532,548,551,1,"LINESTRING (108.912252 34.244064, 108.91175 34.244064)",1,46.14,unclassified,20,,,,auto,
636,教学南路,532,551,548,1,"LINESTRING (108.91175 34.244064, 108.912252 34.244064)",1,46.14,unclassified,20,,,,auto,
637,三航路,533,548,552,1,"LINESTRING (108.912252 34.244064, 108.912259 34.245066)",1,111.42,unclassified,20,,,,auto,
638,三航路,533,552,548,1,"LINESTRING (108.912259 34.245066, 108.912252 34.244064)",1,111.42,unclassified,20,,,,auto,
639,三航路,534,549,548,1,"LINESTRING (108.912247 34.242996, 108.912252 34.244064)",1,118.76,unclassified,20,,,,auto,
640,三航路,534,548,549,1,"LINESTRING (108.912252 34.244064, 108.912247 34.242996)",1,118.76,unclassified,20,,,,auto,
641,三航路,535,549,553,1,"LINESTRING (108.912247 34.242996, 108.912251 34.242836)",1,17.79,unclassified,20,,,,auto,
642,三航路,535,553,549,1,"LINESTRING (108.912251 34.242836, 108.912247 34.242996)",1,17.79,unclassified,20,,,,auto,
643,,536,554,555,1,"LINESTRING (108.912182 34.235326, 108.912454 34.2352)",1,28.66,residential,6,,,,auto,
644,,536,555,554,1,"LINESTRING (108.912454 34.2352, 108.912182 34.235326)",1,28.66,residential,6,,,,auto,
645,,537,554,556,1,"LINESTRING (108.912182 34.235326, 108.911249 34.235736)",1,97.13,residential,6,,,,auto,
646,,537,556,554,1,"LINESTRING (108.911249 34.235736, 108.912182 34.235326)",1,97.13,residential,6,,,,auto,
647,科技大道中段,538,554,432,1,"LINESTRING (108.912182 34.235326, 108.912477 34.235762)",1,55.55,residential,6,,,,auto,
648,科技大道中段,538,432,554,1,"LINESTRING (108.912477 34.235762, 108.912182 34.235326)",1,55.55,residential,6,,,,auto,
649,科技大道中段,539,554,448,1,"LINESTRING (108.912182 34.235326, 108.911745 34.234632)",1,87.00,residential,6,,,,auto,
650,科技大道中段,539,448,554,1,"LINESTRING (108.911745 34.234632, 108.912182 34.235326)",1,87.00,residential,6,,,,auto,
651,西安路,540,557,558,1,"LINESTRING (108.911634 34.233683, 108.912336 34.23336)",1,73.86,residential,6,,,,auto,
652,西安路,540,558,557,1,"LINESTRING (108.912336 34.23336, 108.911634 34.233683)",1,73.86,residential,6,,,,auto,
653,信息大道,541,557,559,1,"LINESTRING (108.911634 34.233683, 108.911834 34.233995)",1,39.26,residential,6,,,,auto,
654,信息大道,541,559,557,1,"LINESTRING (108.911834 34.233995, 108.911634 34.233683)",1,39.26,residential,6,,,,auto,
655,信息大道,542,557,560,1,"LINESTRING (108.911634 34.233683, 108.911444 34.233634)",1,18.30,residential,6,,,,auto,
656,信息大道,542,560,557,1,"LINESTRING (108.911444 34.233634, 108.911634 34.233683)",1,18.30,residential,6,,,,auto,
657,西安路,543,561,562,1,"LINESTRING (108.913982 34.232603, 108.912715 34.233187)",1,133.36,residential,6,,,,auto,
658,西安路,543,562,561,1,"LINESTRING (108.912715 34.233187, 108.913982 34.232603)",1,133.36,residential,6,,,,auto,
659,电子大道中段,544,561,563,1,"LINESTRING (108.913982 34.232603, 108.913364 34.231676)",1,117.70,residential,6,,,,auto,
660,电子大道中段,544,563,561,1,"LINESTRING (108.913364 34.231676, 108.913982 34.232603)",1,117.70,residential,6,,,,auto,
661,电子大道中段,545,561,564,1,"LINESTRING (108.913982 34.232603, 108.915083 34.234248)",1,209.05,residential,6,,,,auto,
662,电子大道中段,545,564,561,1,"LINESTRING (108.915083 34.234248, 108.913982 34.232603)",1,209.05,residential,6,,,,auto,
663,博文路,546,1723,566,1,"LINESTRING (108.900887 34.227962, 108.900833 34.22787)",1,11.37,tertiary,5,,1,,auto,
664,博文路,546,566,1723,1,"LINESTRING (108.900833 34.22787, 108.900887 34.227962)",1,11.37,tertiary,5,,1,,auto,
667,科创路,548,1723,568,1,"LINESTRING (108.900887 34.227962, 108.901032 34.227897)",1,15.16,tertiary,5,,,,auto,
672,太白北路,551,1727,570,1,"LINESTRING (108.918738 34.247612, 108.918751 34.245231)",1,264.76,primary,3,,3,,auto,
673,,553,571,562,1,"LINESTRING (108.91382 34.23483, 108.912715 34.233187)",1,209.04,residential,6,,,,auto,
674,,553,562,571,1,"LINESTRING (108.912715 34.233187, 108.91382 34.23483)",1,209.04,residential,6,,,,auto,
675,延安路,554,571,572,1,"LINESTRING (108.91382 34.23483, 108.912692 34.235331)",1,117.71,residential,6,,,,auto,
676,延安路,554,572,571,1,"LINESTRING (108.912692 34.235331, 108.91382 34.23483)",1,117.71,residential,6,,,,auto,
677,延安路,555,571,564,1,"LINESTRING (108.91382 34.23483, 108.915083 34.234248)",1,132.92,residential,6,,,,auto,
678,延安路,555,564,571,1,"LINESTRING (108.915083 34.234248, 108.91382 34.23483)",1,132.92,residential,6,,,,auto,
679,西安路,556,562,558,1,"LINESTRING (108.912715 34.233187, 108.912336 34.23336)",1,39.80,residential,6,,,,auto,
680,西安路,556,558,562,1,"LINESTRING (108.912336 34.23336, 108.912715 34.233187)",1,39.80,residential,6,,,,auto,
681,西安路,557,562,561,1,"LINESTRING (108.912715 34.233187, 108.913982 34.232603)",1,133.36,residential,6,,,,auto,
682,西安路,557,561,562,1,"LINESTRING (108.913982 34.232603, 108.912715 34.233187)",1,133.36,residential,6,,,,auto,
683,,558,562,571,1,"LINESTRING (108.912715 34.233187, 108.91382 34.23483)",1,209.04,residential,6,,,,auto,
684,,558,571,562,1,"LINESTRING (108.91382 34.23483, 108.912715 34.233187)",1,209.04,residential,6,,,,auto,
685,延安路,559,572,571,1,"LINESTRING (108.912692 34.235331, 108.91382 34.23483)",1,117.71,residential,6,,,,auto,
686,延安路,559,571,572,1,"LINESTRING (108.91382 34.23483, 108.912692 34.235331)",1,117.71,residential,6,,,,auto,
687,信息大道,560,572,573,1,"LINESTRING (108.912692 34.235331, 108.912569 34.235147)",1,23.38,residential,6,,,,auto,
688,信息大道,560,573,572,1,"LINESTRING (108.912569 34.235147, 108.912692 34.235331)",1,23.38,residential,6,,,,auto,
689,,561,572,574,1,"LINESTRING (108.912692 34.235331, 108.912858 34.235596)",1,33.18,residential,6,,,,auto,
690,,561,574,572,1,"LINESTRING (108.912858 34.235596, 108.912692 34.235331)",1,33.18,residential,6,,,,auto,
691,电子大道北段,562,564,575,1,"LINESTRING (108.915083 34.234248, 108.915247 34.234499)",1,31.72,residential,6,,,,auto,
692,电子大道北段,562,575,564,1,"LINESTRING (108.915247 34.234499, 108.915083 34.234248)",1,31.72,residential,6,,,,auto,
693,延安路,563,564,571,1,"LINESTRING (108.915083 34.234248, 108.91382 34.23483)",1,132.92,residential,6,,,,auto,
694,延安路,563,571,564,1,"LINESTRING (108.91382 34.23483, 108.915083 34.234248)",1,132.92,residential,6,,,,auto,
695,电子大道中段,564,564,561,1,"LINESTRING (108.915083 34.234248, 108.913982 34.232603)",1,209.05,residential,6,,,,auto,
696,电子大道中段,564,561,564,1,"LINESTRING (108.913982 34.232603, 108.915083 34.234248)",1,209.05,residential,6,,,,auto,
697,电子大道北段,565,576,575,1,"LINESTRING (108.915424 34.234416, 108.915247 34.234499)",1,18.71,residential,6,,,,auto,
698,电子大道北段,565,575,576,1,"LINESTRING (108.915247 34.234499, 108.915424 34.234416)",1,18.71,residential,6,,,,auto,
699,电子大道北段,566,576,577,1,"LINESTRING (108.915424 34.234416, 108.915845 34.235024)",1,77.90,residential,6,,,,auto,
700,电子大道北段,566,577,576,1,"LINESTRING (108.915845 34.235024, 108.915424 34.234416)",1,77.90,residential,6,,,,auto,
701,,567,576,578,1,"LINESTRING (108.915424 34.234416, 108.916296 34.234005)",1,92.27,residential,6,,,,auto,
702,,567,578,576,1,"LINESTRING (108.916296 34.234005, 108.915424 34.234416)",1,92.27,residential,6,,,,auto,
703,电子大道北段,568,575,564,1,"LINESTRING (108.915247 34.234499, 108.915083 34.234248)",1,31.72,residential,6,,,,auto,
704,电子大道北段,568,564,575,1,"LINESTRING (108.915083 34.234248, 108.915247 34.234499)",1,31.72,residential,6,,,,auto,
705,电子大道北段,569,575,576,1,"LINESTRING (108.915247 34.234499, 108.915424 34.234416)",1,18.71,residential,6,,,,auto,
706,电子大道北段,569,576,575,1,"LINESTRING (108.915424 34.234416, 108.915247 34.234499)",1,18.71,residential,6,,,,auto,
707,光华路,570,579,419,1,"LINESTRING (108.912855 34.230918, 108.914594 34.230142)",1,181.67,tertiary,5,,,,auto,
708,光华路,570,419,579,1,"LINESTRING (108.914594 34.230142, 108.912855 34.230918)",1,181.67,tertiary,5,,,,auto,
709,光华路,571,579,444,1,"LINESTRING (108.912855 34.230918, 108.910329 34.232046)",1,263.93,tertiary,5,,,,auto,
710,光华路,571,444,579,1,"LINESTRING (108.910329 34.232046, 108.912855 34.230918)",1,263.93,tertiary,5,,,,auto,
711,电子大道中段,572,579,580,1,"LINESTRING (108.912855 34.230918, 108.913333 34.231629)",1,90.45,residential,6,,,,auto,
712,电子大道中段,572,580,579,1,"LINESTRING (108.913333 34.231629, 108.912855 34.230918)",1,90.45,residential,6,,,,auto,
713,瑞金西路,573,431,429,1,"LINESTRING (108.911784 34.237247, 108.91307 34.236675)",1,134.24,residential,6,,,,auto,
714,瑞金西路,573,429,431,1,"LINESTRING (108.91307 34.236675, 108.911784 34.237247)",1,134.24,residential,6,,,,auto,
715,瑞金西路,574,430,429,1,"LINESTRING (108.914556 34.236, 108.91307 34.236675)",1,155.87,residential,6,,,,auto,
716,瑞金西路,574,429,430,1,"LINESTRING (108.91307 34.236675, 108.914556 34.236)",1,155.87,residential,6,,,,auto,
717,瑞金东路,575,430,581,1,"LINESTRING (108.914556 34.236, 108.91606 34.235333)",1,156.90,residential,6,,,,auto,
718,瑞金东路,575,581,430,1,"LINESTRING (108.91606 34.235333, 108.914556 34.236)",1,156.90,residential,6,,,,auto,
719,电子大道北段,576,581,577,1,"LINESTRING (108.91606 34.235333, 108.915845 34.235024)",1,39.64,residential,6,,,,auto,
720,电子大道北段,576,577,581,1,"LINESTRING (108.915845 34.235024, 108.91606 34.235333)",1,39.64,residential,6,,,,auto,
721,瑞金东路,577,581,430,1,"LINESTRING (108.91606 34.235333, 108.914556 34.236)",1,156.90,residential,6,,,,auto,
722,瑞金东路,577,430,581,1,"LINESTRING (108.914556 34.236, 108.91606 34.235333)",1,156.90,residential,6,,,,auto,
723,瑞金东路,578,581,582,1,"LINESTRING (108.91606 34.235333, 108.917197 34.234806)",1,119.83,residential,6,,,,auto,
724,瑞金东路,578,582,581,1,"LINESTRING (108.917197 34.234806, 108.91606 34.235333)",1,119.83,residential,6,,,,auto,
725,瑞金东路,579,582,581,1,"LINESTRING (108.917197 34.234806, 108.91606 34.235333)",1,119.83,residential,6,,,,auto,
726,瑞金东路,579,581,582,1,"LINESTRING (108.91606 34.235333, 108.917197 34.234806)",1,119.83,residential,6,,,,auto,
727,电子大道中段,580,563,561,1,"LINESTRING (108.913364 34.231676, 108.913982 34.232603)",1,117.70,residential,6,,,,auto,
728,电子大道中段,580,561,563,1,"LINESTRING (108.913982 34.232603, 108.913364 34.231676)",1,117.70,residential,6,,,,auto,
729,电子大道中段,581,563,580,1,"LINESTRING (108.913364 34.231676, 108.913333 34.231629)",1,5.95,residential,6,,,,auto,
730,电子大道中段,581,580,563,1,"LINESTRING (108.913333 34.231629, 108.913364 34.231676)",1,5.95,residential,6,,,,auto,
731,,582,563,583,1,"LINESTRING (108.913364 34.231676, 108.9125 34.232055)",1,89.92,residential,6,,,,auto,
732,,582,583,563,1,"LINESTRING (108.9125 34.232055, 108.913364 34.231676)",1,89.92,residential,6,,,,auto,
733,,583,584,583,1,"LINESTRING (108.912429 34.232086, 108.9125 34.232055)",1,7.38,residential,6,,,,auto,
734,,583,583,584,1,"LINESTRING (108.9125 34.232055, 108.912429 34.232086)",1,7.38,residential,6,,,,auto,
735,,584,585,580,1,"LINESTRING (108.914673 34.231026, 108.913333 34.231629)",1,140.26,residential,6,,,,auto,
736,,584,580,585,1,"LINESTRING (108.913333 34.231629, 108.914673 34.231026)",1,140.26,residential,6,,,,auto,
737,电子大道中段,585,580,563,1,"LINESTRING (108.913333 34.231629, 108.913364 34.231676)",1,5.95,residential,6,,,,auto,
738,电子大道中段,585,563,580,1,"LINESTRING (108.913364 34.231676, 108.913333 34.231629)",1,5.95,residential,6,,,,auto,
739,电子大道中段,586,580,579,1,"LINESTRING (108.913333 34.231629, 108.912855 34.230918)",1,90.45,residential,6,,,,auto,
740,电子大道中段,586,579,580,1,"LINESTRING (108.912855 34.230918, 108.913333 34.231629)",1,90.45,residential,6,,,,auto,
741,,587,580,585,1,"LINESTRING (108.913333 34.231629, 108.914673 34.231026)",1,140.26,residential,6,,,,auto,
742,,587,585,580,1,"LINESTRING (108.914673 34.231026, 108.913333 34.231629)",1,140.26,residential,6,,,,auto,
743,科技大道南段,588,474,449,1,"LINESTRING (108.911136 34.234303, 108.911383 34.234672)",1,46.89,residential,6,,,,auto,
744,科技大道南段,588,449,474,1,"LINESTRING (108.911383 34.234672, 108.911136 34.234303)",1,46.89,residential,6,,,,auto,
745,科技大道南段,589,474,586,1,"LINESTRING (108.911136 34.234303, 108.910648 34.233583)",1,91.77,residential,6,,,,auto,
746,科技大道南段,589,586,474,1,"LINESTRING (108.910648 34.233583, 108.911136 34.234303)",1,91.77,residential,6,,,,auto,
747,,590,474,559,1,"LINESTRING (108.911136 34.234303, 108.911834 34.233995)",1,72.73,residential,6,,,,auto,
748,,590,559,474,1,"LINESTRING (108.911834 34.233995, 108.911136 34.234303)",1,72.73,residential,6,,,,auto,
749,信息大道,591,559,557,1,"LINESTRING (108.911834 34.233995, 108.911634 34.233683)",1,39.26,residential,6,,,,auto,
750,信息大道,591,557,559,1,"LINESTRING (108.911634 34.233683, 108.911834 34.233995)",1,39.26,residential,6,,,,auto,
751,信息大道,592,559,587,1,"LINESTRING (108.911834 34.233995, 108.912126 34.234452)",1,57.47,residential,6,,,,auto,
752,信息大道,592,587,559,1,"LINESTRING (108.912126 34.234452, 108.911834 34.233995)",1,57.47,residential,6,,,,auto,
753,,593,559,474,1,"LINESTRING (108.911834 34.233995, 108.911136 34.234303)",1,72.73,residential,6,,,,auto,
754,,593,474,559,1,"LINESTRING (108.911136 34.234303, 108.911834 34.233995)",1,72.73,residential,6,,,,auto,
755,信息大道,594,573,587,1,"LINESTRING (108.912569 34.235147, 108.912126 34.234452)",1,87.35,residential,6,,,,auto,
756,信息大道,594,587,573,1,"LINESTRING (108.912126 34.234452, 108.912569 34.235147)",1,87.35,residential,6,,,,auto,
757,信息大道,595,573,572,1,"LINESTRING (108.912569 34.235147, 108.912692 34.235331)",1,23.38,residential,6,,,,auto,
758,信息大道,595,572,573,1,"LINESTRING (108.912692 34.235331, 108.912569 34.235147)",1,23.38,residential,6,,,,auto,
759,,596,573,555,1,"LINESTRING (108.912569 34.235147, 108.912454 34.2352)",1,12.10,residential,6,,,,auto,
760,,596,555,573,1,"LINESTRING (108.912454 34.2352, 108.912569 34.235147)",1,12.10,residential,6,,,,auto,
761,,597,448,588,1,"LINESTRING (108.911745 34.234632, 108.911832 34.23459)",1,9.26,residential,6,,,,auto,
762,,597,588,448,1,"LINESTRING (108.911832 34.23459, 108.911745 34.234632)",1,9.26,residential,6,,,,auto,
763,科技大道中段,598,448,554,1,"LINESTRING (108.911745 34.234632, 108.912182 34.235326)",1,87.00,residential,6,,,,auto,
764,科技大道中段,598,554,448,1,"LINESTRING (108.912182 34.235326, 108.911745 34.234632)",1,87.00,residential,6,,,,auto,
765,科技大道中段,599,448,447,1,"LINESTRING (108.911745 34.234632, 108.911679 34.234532)",1,12.67,residential,6,,,,auto,
766,科技大道中段,599,447,448,1,"LINESTRING (108.911679 34.234532, 108.911745 34.234632)",1,12.67,residential,6,,,,auto,
767,信息大道,600,587,559,1,"LINESTRING (108.912126 34.234452, 108.911834 34.233995)",1,57.47,residential,6,,,,auto,
768,信息大道,600,559,587,1,"LINESTRING (108.911834 34.233995, 108.912126 34.234452)",1,57.47,residential,6,,,,auto,
769,信息大道,601,587,573,1,"LINESTRING (108.912126 34.234452, 108.912569 34.235147)",1,87.35,residential,6,,,,auto,
770,信息大道,601,573,587,1,"LINESTRING (108.912569 34.235147, 108.912126 34.234452)",1,87.35,residential,6,,,,auto,
771,,602,587,588,1,"LINESTRING (108.912126 34.234452, 108.911832 34.23459)",1,31.08,residential,6,,,,auto,
772,,602,588,587,1,"LINESTRING (108.911832 34.23459, 108.912126 34.234452)",1,31.08,residential,6,,,,auto,
773,,603,578,576,1,"LINESTRING (108.916296 34.234005, 108.915424 34.234416)",1,92.27,residential,6,,,,auto,
774,,603,576,578,1,"LINESTRING (108.915424 34.234416, 108.916296 34.234005)",1,92.27,residential,6,,,,auto,
775,,604,589,590,1,"LINESTRING (108.911813 34.23255, 108.911835 34.232585)",1,4.39,residential,6,,,,auto,
776,,604,590,589,1,"LINESTRING (108.911835 34.232585, 108.911813 34.23255)",1,4.39,residential,6,,,,auto,
777,,605,589,591,1,"LINESTRING (108.911813 34.23255, 108.910984 34.23292)",1,86.61,residential,6,,,,auto,
778,,605,591,589,1,"LINESTRING (108.910984 34.23292, 108.911813 34.23255)",1,86.61,residential,6,,,,auto,
779,西安路,606,558,557,1,"LINESTRING (108.912336 34.23336, 108.911634 34.233683)",1,73.86,residential,6,,,,auto,
780,西安路,606,557,558,1,"LINESTRING (108.911634 34.233683, 108.912336 34.23336)",1,73.86,residential,6,,,,auto,
781,西安路,607,558,562,1,"LINESTRING (108.912336 34.23336, 108.912715 34.233187)",1,39.80,residential,6,,,,auto,
782,西安路,607,562,558,1,"LINESTRING (108.912715 34.233187, 108.912336 34.23336)",1,39.80,residential,6,,,,auto,
783,,608,558,590,1,"LINESTRING (108.912336 34.23336, 108.911835 34.232585)",1,97.71,residential,6,,,,auto,
784,,608,590,558,1,"LINESTRING (108.911835 34.232585, 108.912336 34.23336)",1,97.71,residential,6,,,,auto,
785,教学南路,610,592,593,1,"LINESTRING (108.909646 34.244066, 108.909457 34.244066)",1,17.37,unclassified,20,,,,auto,
786,教学南路,610,593,592,1,"LINESTRING (108.909457 34.244066, 108.909646 34.244066)",1,17.37,unclassified,20,,,,auto,
787,教学南路,611,592,594,1,"LINESTRING (108.909646 34.244066, 108.910364 34.244066)",1,66.00,unclassified,20,,,,auto,
788,教学南路,611,594,592,1,"LINESTRING (108.910364 34.244066, 108.909646 34.244066)",1,66.00,unclassified,20,,,,auto,
789,,612,542,595,1,"LINESTRING (108.91226 34.245199, 108.912625 34.245198)",1,33.55,residential,6,,,,auto,
790,,612,595,542,1,"LINESTRING (108.912625 34.245198, 108.91226 34.245199)",1,33.55,residential,6,,,,auto,
791,三航路,613,542,539,1,"LINESTRING (108.91226 34.245199, 108.912232 34.246279)",1,120.12,unclassified,20,,,,auto,
792,三航路,613,539,542,1,"LINESTRING (108.912232 34.246279, 108.91226 34.245199)",1,120.12,unclassified,20,,,,auto,
793,三航路,614,542,552,1,"LINESTRING (108.91226 34.245199, 108.912259 34.245066)",1,14.79,unclassified,20,,,,auto,
794,三航路,614,552,542,1,"LINESTRING (108.912259 34.245066, 108.91226 34.245199)",1,14.79,unclassified,20,,,,auto,
795,,615,596,552,1,"LINESTRING (108.911685 34.245065, 108.912259 34.245066)",1,52.76,unclassified,20,,,,auto,
796,,615,552,596,1,"LINESTRING (108.912259 34.245066, 108.911685 34.245065)",1,52.76,unclassified,20,,,,auto,
797,,616,596,597,1,"LINESTRING (108.911685 34.245065, 108.910741 34.245063)",1,86.77,unclassified,20,,,,auto,
798,,616,597,596,1,"LINESTRING (108.910741 34.245063, 108.911685 34.245065)",1,86.77,unclassified,20,,,,auto,
799,,619,598,599,1,"LINESTRING (108.908121 34.245617, 108.908118 34.246129)",1,56.93,unclassified,20,,,,auto,
800,,619,599,598,1,"LINESTRING (108.908118 34.246129, 108.908121 34.245617)",1,56.93,unclassified,20,,,,auto,
801,,620,598,600,1,"LINESTRING (108.908121 34.245617, 108.908121 34.245555)",1,6.89,unclassified,20,,,,auto,
802,,620,600,598,1,"LINESTRING (108.908121 34.245555, 108.908121 34.245617)",1,6.89,unclassified,20,,,,auto,
803,,621,601,602,1,"LINESTRING (108.908124 34.245058, 108.908257 34.245059)",1,12.23,unclassified,20,,,,auto,
804,,621,602,601,1,"LINESTRING (108.908257 34.245059, 108.908124 34.245058)",1,12.23,unclassified,20,,,,auto,
805,,622,601,603,1,"LINESTRING (108.908124 34.245058, 108.906972 34.245049)",1,105.89,unclassified,20,,,,auto,
806,,622,603,601,1,"LINESTRING (108.906972 34.245049, 108.908124 34.245058)",1,105.89,unclassified,20,,,,auto,
807,,623,601,600,1,"LINESTRING (108.908124 34.245058, 108.908121 34.245555)",1,55.26,unclassified,20,,,,auto,
808,,623,600,601,1,"LINESTRING (108.908121 34.245555, 108.908124 34.245058)",1,55.26,unclassified,20,,,,auto,
809,,624,604,605,1,"LINESTRING (108.909641 34.245062, 108.910011 34.245062)",1,34.01,unclassified,20,,,,auto,
810,,624,605,604,1,"LINESTRING (108.910011 34.245062, 108.909641 34.245062)",1,34.01,unclassified,20,,,,auto,
811,,625,604,602,1,"LINESTRING (108.909641 34.245062, 108.908257 34.245059)",1,127.21,unclassified,20,,,,auto,
812,,625,602,604,1,"LINESTRING (108.908257 34.245059, 108.909641 34.245062)",1,127.21,unclassified,20,,,,auto,
813,,627,605,606,1,"LINESTRING (108.910011 34.245062, 108.91 34.245596)",1,59.39,unclassified,20,,,,auto,
814,,627,606,605,1,"LINESTRING (108.91 34.245596, 108.910011 34.245062)",1,59.39,unclassified,20,,,,auto,
815,,628,605,597,1,"LINESTRING (108.910011 34.245062, 108.910741 34.245063)",1,67.10,unclassified,20,,,,auto,
816,,628,597,605,1,"LINESTRING (108.910741 34.245063, 108.910011 34.245062)",1,67.10,unclassified,20,,,,auto,
817,,629,605,604,1,"LINESTRING (108.910011 34.245062, 108.909641 34.245062)",1,34.01,unclassified,20,,,,auto,
818,,629,604,605,1,"LINESTRING (108.909641 34.245062, 108.910011 34.245062)",1,34.01,unclassified,20,,,,auto,
819,,630,603,601,1,"LINESTRING (108.906972 34.245049, 108.908124 34.245058)",1,105.89,unclassified,20,,,,auto,
820,,630,601,603,1,"LINESTRING (108.908124 34.245058, 108.906972 34.245049)",1,105.89,unclassified,20,,,,auto,
821,,631,603,607,1,"LINESTRING (108.906972 34.245049, 108.906976 34.244339)",1,78.95,unclassified,20,,,,auto,
822,,631,607,603,1,"LINESTRING (108.906976 34.244339, 108.906972 34.245049)",1,78.95,unclassified,20,,,,auto,
823,,632,603,608,1,"LINESTRING (108.906972 34.245049, 108.906966 34.246069)",1,113.42,unclassified,20,,,,auto,
824,,632,608,603,1,"LINESTRING (108.906966 34.246069, 108.906972 34.245049)",1,113.42,unclassified,20,,,,auto,
825,,633,609,610,1,"LINESTRING (108.908118 34.246264, 108.907638 34.246263)",1,44.12,residential,6,,,,auto,
826,,633,610,609,1,"LINESTRING (108.907638 34.246263, 108.908118 34.246264)",1,44.12,residential,6,,,,auto,
827,,634,609,611,1,"LINESTRING (108.908118 34.246264, 108.909035 34.246261)",1,84.29,residential,6,,,,auto,
828,,634,611,609,1,"LINESTRING (108.909035 34.246261, 108.908118 34.246264)",1,84.29,residential,6,,,,auto,
829,,635,609,612,1,"LINESTRING (108.908118 34.246264, 108.908118 34.246195)",1,7.67,unclassified,20,,,,auto,
830,,635,612,609,1,"LINESTRING (108.908118 34.246195, 108.908118 34.246264)",1,7.67,unclassified,20,,,,auto,
831,,636,613,614,1,"LINESTRING (108.913418 34.245196, 108.912656 34.245198)",1,70.04,residential,6,,,,auto,
832,,636,614,613,1,"LINESTRING (108.912656 34.245198, 108.913418 34.245196)",1,70.04,residential,6,,,,auto,
833,,637,613,615,1,"LINESTRING (108.913418 34.245196, 108.914405 34.245194)",1,90.72,residential,6,,,,auto,
834,,637,615,613,1,"LINESTRING (108.914405 34.245194, 108.913418 34.245196)",1,90.72,residential,6,,,,auto,
835,,638,613,616,1,"LINESTRING (108.913418 34.245196, 108.913466 34.244058)",1,126.62,residential,6,,,,auto,
836,,638,616,613,1,"LINESTRING (108.913466 34.244058, 108.913418 34.245196)",1,126.62,residential,6,,,,auto,
837,,639,617,611,1,"LINESTRING (108.909987 34.246266, 108.909035 34.246261)",1,87.51,residential,6,,,,auto,
838,,639,611,617,1,"LINESTRING (108.909035 34.246261, 108.909987 34.246266)",1,87.51,residential,6,,,,auto,
839,,640,617,540,1,"LINESTRING (108.909987 34.246266, 108.911706 34.246276)",1,158.01,residential,6,,,,auto,
840,,640,540,617,1,"LINESTRING (108.911706 34.246276, 108.909987 34.246266)",1,158.01,residential,6,,,,auto,
841,,641,617,618,1,"LINESTRING (108.909987 34.246266, 108.909989 34.246182)",1,9.34,unclassified,20,,,,auto,
842,,641,618,617,1,"LINESTRING (108.909989 34.246182, 108.909987 34.246266)",1,9.34,unclassified,20,,,,auto,
843,,642,615,619,1,"LINESTRING (108.914405 34.245194, 108.914392 34.245936)",1,82.52,residential,6,,,,auto,
844,,642,619,615,1,"LINESTRING (108.914392 34.245936, 108.914405 34.245194)",1,82.52,residential,6,,,,auto,
845,,643,615,620,1,"LINESTRING (108.914405 34.245194, 108.914429 34.244056)",1,126.56,residential,6,,,,auto,
846,,643,620,615,1,"LINESTRING (108.914429 34.244056, 108.914405 34.245194)",1,126.56,residential,6,,,,auto,
847,,644,615,613,1,"LINESTRING (108.914405 34.245194, 108.913418 34.245196)",1,90.72,residential,6,,,,auto,
848,,644,613,615,1,"LINESTRING (108.913418 34.245196, 108.914405 34.245194)",1,90.72,residential,6,,,,auto,
849,,645,615,621,1,"LINESTRING (108.914405 34.245194, 108.915468 34.245191)",1,97.71,residential,6,,,,auto,
850,,645,621,615,1,"LINESTRING (108.915468 34.245191, 108.914405 34.245194)",1,97.71,residential,6,,,,auto,
851,教学南路,647,622,623,1,"LINESTRING (108.908257 34.244067, 108.907412 34.244078)",1,77.68,unclassified,20,,,,auto,
852,教学南路,647,623,622,1,"LINESTRING (108.907412 34.244078, 108.908257 34.244067)",1,77.68,unclassified,20,,,,auto,
853,教学南路,648,622,624,1,"LINESTRING (108.908257 34.244067, 108.908626 34.244067)",1,33.92,unclassified,20,,,,auto,
854,教学南路,648,624,622,1,"LINESTRING (108.908626 34.244067, 108.908257 34.244067)",1,33.92,unclassified,20,,,,auto,
855,,649,625,626,1,"LINESTRING (108.911686 34.24831, 108.910016 34.248294)",1,153.51,residential,6,,,,auto,
856,,649,626,625,1,"LINESTRING (108.910016 34.248294, 108.911686 34.24831)",1,153.51,residential,6,,,,auto,
857,槐荫路,650,625,627,1,"LINESTRING (108.911686 34.24831, 108.911698 34.24711)",1,133.44,residential,6,,,,auto,
858,槐荫路,650,627,625,1,"LINESTRING (108.911698 34.24711, 108.911686 34.24831)",1,133.44,residential,6,,,,auto,
859,,652,611,609,1,"LINESTRING (108.909035 34.246261, 108.908118 34.246264)",1,84.29,residential,6,,,,auto,
860,,652,609,611,1,"LINESTRING (108.908118 34.246264, 108.909035 34.246261)",1,84.29,residential,6,,,,auto,
861,,653,611,617,1,"LINESTRING (108.909035 34.246261, 108.909987 34.246266)",1,87.51,residential,6,,,,auto,
862,,653,617,611,1,"LINESTRING (108.909987 34.246266, 108.909035 34.246261)",1,87.51,residential,6,,,,auto,
863,柳荫路,654,611,628,1,"LINESTRING (108.909035 34.246261, 108.909035 34.246597)",1,37.36,residential,6,,,,auto,
864,柳荫路,654,628,611,1,"LINESTRING (108.909035 34.246597, 108.909035 34.246261)",1,37.36,residential,6,,,,auto,
865,,655,620,615,1,"LINESTRING (108.914429 34.244056, 108.914405 34.245194)",1,126.56,residential,6,,,,auto,
866,,655,615,620,1,"LINESTRING (108.914405 34.245194, 108.914429 34.244056)",1,126.56,residential,6,,,,auto,
867,英才路,656,620,616,1,"LINESTRING (108.914429 34.244056, 108.913466 34.244058)",1,88.52,residential,6,,,,auto,
868,英才路,656,616,620,1,"LINESTRING (108.913466 34.244058, 108.914429 34.244056)",1,88.52,residential,6,,,,auto,
869,英才路,657,620,629,1,"LINESTRING (108.914429 34.244056, 108.915467 34.244042)",1,95.42,residential,6,,,,auto,
870,英才路,657,629,620,1,"LINESTRING (108.915467 34.244042, 108.914429 34.244056)",1,95.42,residential,6,,,,auto,
871,,658,630,631,1,"LINESTRING (108.911674 34.249394, 108.913605 34.24941)",1,177.49,residential,6,,,,auto,
872,,658,631,630,1,"LINESTRING (108.913605 34.24941, 108.911674 34.249394)",1,177.49,residential,6,,,,auto,
873,,661,540,617,1,"LINESTRING (108.911706 34.246276, 108.909987 34.246266)",1,158.01,residential,6,,,,auto,
874,,661,617,540,1,"LINESTRING (108.909987 34.246266, 108.911706 34.246276)",1,158.01,residential,6,,,,auto,
875,,662,540,539,1,"LINESTRING (108.911706 34.246276, 108.912232 34.246279)",1,48.35,residential,6,,,,auto,
876,,662,539,540,1,"LINESTRING (108.912232 34.246279, 108.911706 34.246276)",1,48.35,residential,6,,,,auto,
877,槐荫路,663,540,632,1,"LINESTRING (108.911706 34.246276, 108.911703 34.246599)",1,35.92,residential,6,,,,auto,
878,槐荫路,663,632,540,1,"LINESTRING (108.911703 34.246599, 108.911706 34.246276)",1,35.92,residential,6,,,,auto,
879,,664,552,596,1,"LINESTRING (108.912259 34.245066, 108.911685 34.245065)",1,52.76,unclassified,20,,,,auto,
880,,664,596,552,1,"LINESTRING (108.911685 34.245065, 108.912259 34.245066)",1,52.76,unclassified,20,,,,auto,
881,三航路,665,552,542,1,"LINESTRING (108.912259 34.245066, 108.91226 34.245199)",1,14.79,unclassified,20,,,,auto,
882,三航路,665,542,552,1,"LINESTRING (108.91226 34.245199, 108.912259 34.245066)",1,14.79,unclassified,20,,,,auto,
883,三航路,666,552,548,1,"LINESTRING (108.912259 34.245066, 108.912252 34.244064)",1,111.42,unclassified,20,,,,auto,
884,三航路,666,548,552,1,"LINESTRING (108.912252 34.244064, 108.912259 34.245066)",1,111.42,unclassified,20,,,,auto,
885,教学南路,668,633,634,1,"LINESTRING (108.911698 34.244064, 108.910723 34.244065)",1,89.62,unclassified,20,,,,auto,
886,教学南路,668,634,633,1,"LINESTRING (108.910723 34.244065, 108.911698 34.244064)",1,89.62,unclassified,20,,,,auto,
887,教学南路,669,633,551,1,"LINESTRING (108.911698 34.244064, 108.91175 34.244064)",1,4.78,unclassified,20,,,,auto,
888,教学南路,669,551,633,1,"LINESTRING (108.91175 34.244064, 108.911698 34.244064)",1,4.78,unclassified,20,,,,auto,
889,,670,602,604,1,"LINESTRING (108.908257 34.245059, 108.909641 34.245062)",1,127.21,unclassified,20,,,,auto,
890,,670,604,602,1,"LINESTRING (108.909641 34.245062, 108.908257 34.245059)",1,127.21,unclassified,20,,,,auto,
891,,671,602,601,1,"LINESTRING (108.908257 34.245059, 108.908124 34.245058)",1,12.23,unclassified,20,,,,auto,
892,,671,601,602,1,"LINESTRING (108.908124 34.245058, 108.908257 34.245059)",1,12.23,unclassified,20,,,,auto,
893,,673,606,635,1,"LINESTRING (108.91 34.245596, 108.909992 34.245992)",1,44.04,unclassified,20,,,,auto,
894,,673,635,606,1,"LINESTRING (108.909992 34.245992, 108.91 34.245596)",1,44.04,unclassified,20,,,,auto,
895,,674,606,605,1,"LINESTRING (108.91 34.245596, 108.910011 34.245062)",1,59.39,unclassified,20,,,,auto,
896,,674,605,606,1,"LINESTRING (108.910011 34.245062, 108.91 34.245596)",1,59.39,unclassified,20,,,,auto,
897,教学南路,677,623,622,1,"LINESTRING (108.907412 34.244078, 108.908257 34.244067)",1,77.68,unclassified,20,,,,auto,
898,教学南路,677,622,623,1,"LINESTRING (108.908257 34.244067, 108.907412 34.244078)",1,77.68,unclassified,20,,,,auto,
899,,679,636,626,1,"LINESTRING (108.909035 34.248281, 108.910016 34.248294)",1,90.18,residential,6,,,,auto,
900,,679,626,636,1,"LINESTRING (108.910016 34.248294, 108.909035 34.248281)",1,90.18,residential,6,,,,auto,
901,柳荫路,680,636,637,1,"LINESTRING (108.909035 34.248281, 108.909035 34.247962)",1,35.47,residential,6,,,,auto,
902,柳荫路,680,637,636,1,"LINESTRING (108.909035 34.247962, 108.909035 34.248281)",1,35.47,residential,6,,,,auto,
903,,681,636,638,1,"LINESTRING (108.909035 34.248281, 108.909049 34.248328)",1,5.38,unclassified,20,,,,auto,
904,,681,638,636,1,"LINESTRING (108.909049 34.248328, 108.909035 34.248281)",1,5.38,unclassified,20,,,,auto,
905,,682,616,613,1,"LINESTRING (108.913466 34.244058, 108.913418 34.245196)",1,126.62,residential,6,,,,auto,
906,,682,613,616,1,"LINESTRING (108.913418 34.245196, 108.913466 34.244058)",1,126.62,residential,6,,,,auto,
907,英才路,683,616,550,1,"LINESTRING (108.913466 34.244058, 108.912629 34.244062)",1,76.94,residential,6,,,,auto,
908,英才路,683,550,616,1,"LINESTRING (108.912629 34.244062, 108.913466 34.244058)",1,76.94,residential,6,,,,auto,
909,英才路,684,616,620,1,"LINESTRING (108.913466 34.244058, 108.914429 34.244056)",1,88.52,residential,6,,,,auto,
910,英才路,684,620,616,1,"LINESTRING (108.914429 34.244056, 108.913466 34.244058)",1,88.52,residential,6,,,,auto,
911,英才路,686,629,620,1,"LINESTRING (108.915467 34.244042, 108.914429 34.244056)",1,95.42,residential,6,,,,auto,
912,英才路,686,620,629,1,"LINESTRING (108.914429 34.244056, 108.915467 34.244042)",1,95.42,residential,6,,,,auto,
913,,687,629,621,1,"LINESTRING (108.915467 34.244042, 108.915468 34.245191)",1,127.76,residential,6,,,,auto,
914,,687,621,629,1,"LINESTRING (108.915468 34.245191, 108.915467 34.244042)",1,127.76,residential,6,,,,auto,
915,糜家桥路,688,639,640,1,"LINESTRING (108.907905 34.249722, 108.907526 34.249721)",1,34.84,residential,6,,,,auto,
916,糜家桥路,688,640,639,1,"LINESTRING (108.907526 34.249721, 108.907905 34.249722)",1,34.84,residential,6,,,,auto,
917,西市一路,689,641,642,1,"LINESTRING (108.902991 34.243754, 108.903012 34.243897)",1,16.02,tertiary,5,,,,auto,
918,西市一路,689,642,641,1,"LINESTRING (108.903012 34.243897, 108.902991 34.243754)",1,16.02,tertiary,5,,,,auto,
919,西市一路,690,641,643,1,"LINESTRING (108.902991 34.243754, 108.902226 34.242568)",1,149.45,tertiary,5,,,,auto,
920,西市一路,690,643,641,1,"LINESTRING (108.902226 34.242568, 108.902991 34.243754)",1,149.45,tertiary,5,,,,auto,
921,西市一路,691,516,644,1,"LINESTRING (108.902126 34.24242, 108.902192 34.242515)",1,12.18,tertiary,5,,,,auto,
922,西市一路,691,644,516,1,"LINESTRING (108.902192 34.242515, 108.902126 34.24242)",1,12.18,tertiary,5,,,,auto,
923,二环南路西段,692,516,645,1,"LINESTRING (108.902126 34.24242, 108.900269 34.243266)",1,194.90,secondary,4,,3,,auto,
924,桃园南路,696,39,646,1,"LINESTRING (108.89649 34.252113, 108.896492 34.252167)",1,6.01,secondary,4,,3,,auto,
925,延康东巷,697,647,648,1,"LINESTRING (108.91387 34.238399, 108.913945 34.238397)",1,6.90,tertiary,5,,,,auto,
926,延康东巷,697,648,647,1,"LINESTRING (108.913945 34.238397, 108.91387 34.238399)",1,6.90,tertiary,5,,,,auto,
927,延康巷,698,647,649,1,"LINESTRING (108.91387 34.238399, 108.913472 34.238404)",1,36.59,tertiary,5,,,,auto,
928,延康巷,698,649,647,1,"LINESTRING (108.913472 34.238404, 108.91387 34.238399)",1,36.59,tertiary,5,,,,auto,
929,延康东巷,699,650,651,1,"LINESTRING (108.918609 34.238243, 108.916161 34.23834)",1,225.29,tertiary,5,,,,auto,
930,延康东巷,699,651,650,1,"LINESTRING (108.916161 34.23834, 108.918609 34.238243)",1,225.29,tertiary,5,,,,auto,
931,延康东巷,700,650,434,1,"LINESTRING (108.918609 34.238243, 108.918798 34.238236)",1,17.39,tertiary,5,,,,auto,
932,延康东巷,700,434,650,1,"LINESTRING (108.918798 34.238236, 108.918609 34.238243)",1,17.39,tertiary,5,,,,auto,
933,延康东巷,701,651,652,1,"LINESTRING (108.916161 34.23834, 108.91499 34.23837)",1,107.70,tertiary,5,,,,auto,
934,延康东巷,701,652,651,1,"LINESTRING (108.91499 34.23837, 108.916161 34.23834)",1,107.70,tertiary,5,,,,auto,
935,延康东巷,702,651,650,1,"LINESTRING (108.916161 34.23834, 108.918609 34.238243)",1,225.29,tertiary,5,,,,auto,
936,延康东巷,702,650,651,1,"LINESTRING (108.918609 34.238243, 108.916161 34.23834)",1,225.29,tertiary,5,,,,auto,
937,延康东巷,703,652,653,1,"LINESTRING (108.91499 34.23837, 108.914782 34.238375)",1,19.13,tertiary,5,,,,auto,
938,延康东巷,703,653,652,1,"LINESTRING (108.914782 34.238375, 108.91499 34.23837)",1,19.13,tertiary,5,,,,auto,
939,延康东巷,704,652,651,1,"LINESTRING (108.91499 34.23837, 108.916161 34.23834)",1,107.70,tertiary,5,,,,auto,
940,延康东巷,704,651,652,1,"LINESTRING (108.916161 34.23834, 108.91499 34.23837)",1,107.70,tertiary,5,,,,auto,
941,延康巷,706,654,655,1,"LINESTRING (108.913865 34.23891, 108.913869 34.238474)",1,48.48,tertiary,5,,,,auto,
942,高新一路,713,656,657,1,"LINESTRING (108.894682 34.22927, 108.895652 34.230762)",1,188.35,tertiary,5,,2,,auto,
943,,714,656,658,1,"LINESTRING (108.894682 34.22927, 108.894216 34.229484)",1,49.01,residential,6,,,,auto,
944,,714,658,656,1,"LINESTRING (108.894216 34.229484, 108.894682 34.22927)",1,49.01,residential,6,,,,auto,
945,,715,659,660,1,"LINESTRING (108.90028 34.253932, 108.901278 34.253963)",1,91.79,residential,6,,,,auto,
946,,715,660,659,1,"LINESTRING (108.901278 34.253963, 108.90028 34.253932)",1,91.79,residential,6,,,,auto,
947,锦园路,716,659,661,1,"LINESTRING (108.90028 34.253932, 108.900294 34.253284)",1,72.07,tertiary,5,,,,auto,
948,锦园路,716,661,659,1,"LINESTRING (108.900294 34.253284, 108.90028 34.253932)",1,72.07,tertiary,5,,,,auto,
949,锦园路,717,659,662,1,"LINESTRING (108.90028 34.253932, 108.900289 34.254201)",1,29.92,tertiary,5,,,,auto,
950,锦园路,717,662,659,1,"LINESTRING (108.900289 34.254201, 108.90028 34.253932)",1,29.92,tertiary,5,,,,auto,
951,老机场路,718,663,664,1,"LINESTRING (108.903655 34.253347, 108.904109 34.253806)",1,65.92,tertiary,5,,,,auto,
952,老机场路,718,664,663,1,"LINESTRING (108.904109 34.253806, 108.903655 34.253347)",1,65.92,tertiary,5,,,,auto,
953,老机场路,719,663,665,1,"LINESTRING (108.903655 34.253347, 108.902814 34.252535)",1,118.86,tertiary,5,,,,auto,
954,老机场路,719,665,663,1,"LINESTRING (108.902814 34.252535, 108.903655 34.253347)",1,118.86,tertiary,5,,,,auto,
955,,720,660,659,1,"LINESTRING (108.901278 34.253963, 108.90028 34.253932)",1,91.79,residential,6,,,,auto,
956,,720,659,660,1,"LINESTRING (108.90028 34.253932, 108.901278 34.253963)",1,91.79,residential,6,,,,auto,
957,,721,660,666,1,"LINESTRING (108.901278 34.253963, 108.901723 34.2543)",1,55.47,residential,6,,,,auto,
958,,721,666,660,1,"LINESTRING (108.901723 34.2543, 108.901278 34.253963)",1,55.47,residential,6,,,,auto,
959,,722,660,667,1,"LINESTRING (108.901278 34.253963, 108.901386 34.253958)",1,9.94,residential,6,,,,auto,
960,,722,667,660,1,"LINESTRING (108.901386 34.253958, 108.901278 34.253963)",1,9.94,residential,6,,,,auto,
961,老机场路,723,664,668,1,"LINESTRING (108.904109 34.253806, 108.904332 34.254095)",1,38.11,tertiary,5,,,,auto,
962,老机场路,723,668,664,1,"LINESTRING (108.904332 34.254095, 108.904109 34.253806)",1,38.11,tertiary,5,,,,auto,
963,老机场路,724,664,663,1,"LINESTRING (108.904109 34.253806, 108.903655 34.253347)",1,65.92,tertiary,5,,,,auto,
964,老机场路,724,663,664,1,"LINESTRING (108.903655 34.253347, 108.904109 34.253806)",1,65.92,tertiary,5,,,,auto,
965,老机场路,725,668,664,1,"LINESTRING (108.904332 34.254095, 108.904109 34.253806)",1,38.11,tertiary,5,,,,auto,
966,老机场路,725,664,668,1,"LINESTRING (108.904109 34.253806, 108.904332 34.254095)",1,38.11,tertiary,5,,,,auto,
967,永松西巷,726,669,670,1,"LINESTRING (108.920229 34.231781, 108.920492 34.232208)",1,53.28,residential,6,,,,auto,
968,永松西巷,726,670,669,1,"LINESTRING (108.920492 34.232208, 108.920229 34.231781)",1,53.28,residential,6,,,,auto,
969,永松西巷,727,669,671,1,"LINESTRING (108.920229 34.231781, 108.922252 34.230881)",1,211.20,residential,6,,,,auto,
970,永松西巷,727,671,669,1,"LINESTRING (108.922252 34.230881, 108.920229 34.231781)",1,211.20,residential,6,,,,auto,
971,太白北路,728,672,1740,1,"LINESTRING (108.918887 34.237716, 108.918908 34.239984)",1,252.20,primary,3,,3,,auto,
972,,729,672,673,1,"LINESTRING (108.918887 34.237716, 108.918986 34.237791)",1,12.34,unclassified,20,,,,auto,
973,延康东巷,730,434,650,1,"LINESTRING (108.918798 34.238236, 108.918609 34.238243)",1,17.39,tertiary,5,,,,auto,
974,延康东巷,730,650,434,1,"LINESTRING (108.918609 34.238243, 108.918798 34.238236)",1,17.39,tertiary,5,,,,auto,
975,太白北路,731,434,674,1,"LINESTRING (108.918798 34.238236, 108.918786 34.237188)",1,116.54,primary,3,,3,,auto,
976,博文路,732,675,676,1,"LINESTRING (108.901882 34.229505, 108.901456 34.228846)",1,83.09,tertiary,5,,1,,auto,
977,博文路,732,676,675,1,"LINESTRING (108.901456 34.228846, 108.901882 34.229505)",1,83.09,tertiary,5,,1,,auto,
978,博文路,733,675,677,1,"LINESTRING (108.901882 34.229505, 108.902263 34.230076)",1,72.51,tertiary,5,,1,,auto,
979,博文路,733,677,675,1,"LINESTRING (108.902263 34.230076, 108.901882 34.229505)",1,72.51,tertiary,5,,1,,auto,
980,,734,675,678,1,"LINESTRING (108.901882 34.229505, 108.902562 34.229208)",1,70.70,residential,6,,,,auto,
981,,734,678,675,1,"LINESTRING (108.902562 34.229208, 108.901882 34.229505)",1,70.70,residential,6,,,,auto,
982,敦义路,735,679,680,1,"LINESTRING (108.900277 34.230361, 108.900688 34.230172)",1,43.24,residential,6,,,,auto,
983,敦义路,735,680,679,1,"LINESTRING (108.900688 34.230172, 108.900277 34.230361)",1,43.24,residential,6,,,,auto,
984,敦义路,736,679,681,1,"LINESTRING (108.900277 34.230361, 108.900228 34.230383)",1,5.13,residential,6,,,,auto,
985,敦义路,736,681,679,1,"LINESTRING (108.900228 34.230383, 108.900277 34.230361)",1,5.13,residential,6,,,,auto,
986,敦义路,737,680,682,1,"LINESTRING (108.900688 34.230172, 108.900828 34.230391)",1,27.54,residential,6,,,,auto,
987,敦义路,737,682,680,1,"LINESTRING (108.900828 34.230391, 108.900688 34.230172)",1,27.54,residential,6,,,,auto,
988,敦义路,738,680,679,1,"LINESTRING (108.900688 34.230172, 108.900277 34.230361)",1,43.24,residential,6,,,,auto,
989,敦义路,738,679,680,1,"LINESTRING (108.900277 34.230361, 108.900688 34.230172)",1,43.24,residential,6,,,,auto,
990,白沙路,739,683,684,1,"LINESTRING (108.905372 34.227932, 108.906448 34.229582)",1,208.44,tertiary,5,,2,,auto,
991,,740,683,685,1,"LINESTRING (108.905372 34.227932, 108.905309 34.227964)",1,6.80,residential,6,,,,auto,
992,,740,685,683,1,"LINESTRING (108.905309 34.227964, 108.905372 34.227932)",1,6.80,residential,6,,,,auto,
993,敦义路,741,686,687,1,"LINESTRING (108.898715 34.231065, 108.898813 34.23102)",1,10.31,residential,6,,,,auto,
994,敦义路,741,687,686,1,"LINESTRING (108.898813 34.23102, 108.898715 34.231065)",1,10.31,residential,6,,,,auto,
995,高新路,742,686,688,1,"LINESTRING (108.898715 34.231065, 108.899669 34.232525)",1,184.52,secondary,4,50,4,,auto,
996,博文路,745,689,677,1,"LINESTRING (108.902632 34.230629, 108.902263 34.230076)",1,70.23,tertiary,5,,1,,auto,
997,博文路,745,677,689,1,"LINESTRING (108.902263 34.230076, 108.902632 34.230629)",1,70.23,tertiary,5,,1,,auto,
998,博文路,746,689,690,1,"LINESTRING (108.902632 34.230629, 108.902781 34.230851)",1,28.23,tertiary,5,,1,,auto,
999,博文路,746,690,689,1,"LINESTRING (108.902781 34.230851, 108.902632 34.230629)",1,28.23,tertiary,5,,1,,auto,
1000,敦义路,747,689,691,1,"LINESTRING (108.902632 34.230629, 108.901343 34.231198)",1,134.33,residential,6,,,,auto,
1001,敦义路,747,691,689,1,"LINESTRING (108.901343 34.231198, 108.902632 34.230629)",1,134.33,residential,6,,,,auto,
1002,敦义路,749,691,689,1,"LINESTRING (108.901343 34.231198, 108.902632 34.230629)",1,134.33,residential,6,,,,auto,
1003,敦义路,749,689,691,1,"LINESTRING (108.902632 34.230629, 108.901343 34.231198)",1,134.33,residential,6,,,,auto,
1004,敦义路,750,691,692,1,"LINESTRING (108.901343 34.231198, 108.90102 34.230692)",1,63.62,residential,6,,,,auto,
1005,敦义路,750,692,691,1,"LINESTRING (108.90102 34.230692, 108.901343 34.231198)",1,63.62,residential,6,,,,auto,
1006,光华路,751,444,579,1,"LINESTRING (108.910329 34.232046, 108.912855 34.230918)",1,263.93,tertiary,5,,,,auto,
1007,光华路,751,579,444,1,"LINESTRING (108.912855 34.230918, 108.910329 34.232046)",1,263.93,tertiary,5,,,,auto,
1008,光华路,752,444,443,1,"LINESTRING (108.910329 34.232046, 108.909773 34.232303)",1,58.56,tertiary,5,,,,auto,
1009,光华路,752,443,444,1,"LINESTRING (108.909773 34.232303, 108.910329 34.232046)",1,58.56,tertiary,5,,,,auto,
1010,,753,444,693,1,"LINESTRING (108.910329 34.232046, 108.908762 34.229573)",1,310.44,residential,6,,,,auto,
1011,,753,693,444,1,"LINESTRING (108.908762 34.229573, 108.910329 34.232046)",1,310.44,residential,6,,,,auto,
1012,,754,693,694,1,"LINESTRING (108.908762 34.229573, 108.908377 34.229)",1,72.89,residential,6,,,,auto,
1013,,754,694,693,1,"LINESTRING (108.908377 34.229, 108.908762 34.229573)",1,72.89,residential,6,,,,auto,
1014,,755,693,444,1,"LINESTRING (108.908762 34.229573, 108.910329 34.232046)",1,310.44,residential,6,,,,auto,
1015,,755,444,693,1,"LINESTRING (108.910329 34.232046, 108.908762 34.229573)",1,310.44,residential,6,,,,auto,
1016,,756,693,695,1,"LINESTRING (108.908762 34.229573, 108.907902 34.229951)",1,89.54,residential,6,,,,auto,
1017,,756,695,693,1,"LINESTRING (108.907902 34.229951, 108.908762 34.229573)",1,89.54,residential,6,,,,auto,
1018,,757,694,693,1,"LINESTRING (108.908377 34.229, 108.908762 34.229573)",1,72.89,residential,6,,,,auto,
1019,,757,693,694,1,"LINESTRING (108.908762 34.229573, 108.908377 34.229)",1,72.89,residential,6,,,,auto,
1020,科技路,758,694,696,1,"LINESTRING (108.908377 34.229, 108.907726 34.229291)",1,68.04,primary,3,60,3,,auto,
1021,光华路,759,445,443,1,"LINESTRING (108.909526 34.232412, 108.909773 34.232303)",1,25.74,tertiary,5,,,,auto,
1022,光华路,759,443,445,1,"LINESTRING (108.909773 34.232303, 108.909526 34.232412)",1,25.74,tertiary,5,,,,auto,
1023,光华路,760,445,202,1,"LINESTRING (108.909526 34.232412, 108.908672 34.232806)",1,89.91,tertiary,5,,,,auto,
1024,光华路,760,202,445,1,"LINESTRING (108.908672 34.232806, 108.909526 34.232412)",1,89.91,tertiary,5,,,,auto,
1025,,761,445,695,1,"LINESTRING (108.909526 34.232412, 108.907902 34.229951)",1,311.73,residential,6,,,,auto,
1026,,761,695,445,1,"LINESTRING (108.907902 34.229951, 108.909526 34.232412)",1,311.73,residential,6,,,,auto,
1027,,762,695,693,1,"LINESTRING (108.907902 34.229951, 108.908762 34.229573)",1,89.54,residential,6,,,,auto,
1028,,762,693,695,1,"LINESTRING (108.908762 34.229573, 108.907902 34.229951)",1,89.54,residential,6,,,,auto,
1029,,763,695,445,1,"LINESTRING (108.907902 34.229951, 108.909526 34.232412)",1,311.73,residential,6,,,,auto,
1030,,763,445,695,1,"LINESTRING (108.909526 34.232412, 108.907902 34.229951)",1,311.73,residential,6,,,,auto,
1031,丰庆路,764,230,697,1,"LINESTRING (108.913526 34.252343, 108.914996 34.252348)",1,135.11,primary,3,,4,,auto,
1032,大学南路,765,241,240,1,"LINESTRING (108.92474 34.24755, 108.921749 34.247581)",1,274.94,tertiary,5,,,,auto,
1033,大学南路,765,240,241,1,"LINESTRING (108.921749 34.247581, 108.92474 34.24755)",1,274.94,tertiary,5,,,,auto,
1034,边东街,766,241,698,1,"LINESTRING (108.92474 34.24755, 108.924709 34.245158)",1,265.99,tertiary,5,,,,auto,
1035,边西街,767,699,240,1,"LINESTRING (108.921745 34.245128, 108.921749 34.247581)",1,272.76,tertiary,5,,,,auto,
1036,通义巷,768,699,698,1,"LINESTRING (108.921745 34.245128, 108.924709 34.245158)",1,272.47,tertiary,5,,,,auto,
1037,通义巷,768,698,699,1,"LINESTRING (108.924709 34.245158, 108.921745 34.245128)",1,272.47,tertiary,5,,,,auto,
1038,通义巷,769,699,700,1,"LINESTRING (108.921745 34.245128, 108.920236 34.245126)",1,138.70,tertiary,5,,,,auto,
1039,通义巷,769,700,699,1,"LINESTRING (108.920236 34.245126, 108.921745 34.245128)",1,138.70,tertiary,5,,,,auto,
1040,崇业路,770,701,702,1,"LINESTRING (108.923408 34.228957, 108.921478 34.228976)",1,177.45,tertiary,5,,1,,auto,
1041,崇业路,770,702,701,1,"LINESTRING (108.921478 34.228976, 108.923408 34.228957)",1,177.45,tertiary,5,,1,,auto,
1042,桃园南路,771,703,47,1,"LINESTRING (108.895954 34.245423, 108.89605 34.2456)",1,21.57,secondary,4,,3,,auto,
1043,环城南路西段,772,704,705,1,"LINESTRING (108.921382 34.252552, 108.919911 34.252567)",1,135.21,primary,3,,,,auto,
1044,环城南路西段,773,706,707,1,"LINESTRING (108.921236 34.25225, 108.921483 34.252312)",1,23.73,primary,3,,,,auto,
1045,友谊西路,774,1731,709,1,"LINESTRING (108.918765 34.242789, 108.917857 34.242791)",1,83.46,secondary,4,,3,,auto,
1047,友谊西路,776,710,711,1,"LINESTRING (108.924676 34.242774, 108.923638 34.242766)",1,95.42,secondary,4,,3,,auto,
1048,边东街,777,710,238,1,"LINESTRING (108.924676 34.242774, 108.924676 34.242714)",1,6.67,tertiary,5,,2,,auto,
1049,友谊西路,778,711,712,1,"LINESTRING (108.923638 34.242766, 108.921732 34.242757)",1,175.20,secondary,4,,3,,auto,
1051,太白北路,780,1731,713,1,"LINESTRING (108.918874 34.24275, 108.918873 34.242858)",1,12.01,primary,3,,3,,auto,
1052,,781,714,715,1,"LINESTRING (108.90767 34.241205, 108.907617 34.241562)",1,39.99,residential,6,,,,auto,
1053,,781,715,714,1,"LINESTRING (108.907617 34.241562, 108.90767 34.241205)",1,39.99,residential,6,,,,auto,
1054,友谊西路,782,716,717,1,"LINESTRING (108.910375 34.242754, 108.908645 34.242754)",1,159.02,secondary,4,,3,,auto,
1055,友谊西路,783,712,718,1,"LINESTRING (108.921732 34.242757, 108.920073 34.242767)",1,152.50,secondary,4,,3,,auto,
1056,教学南路,785,594,592,1,"LINESTRING (108.910364 34.244066, 108.909646 34.244066)",1,66.00,unclassified,20,,,,auto,
1057,教学南路,785,592,594,1,"LINESTRING (108.909646 34.244066, 108.910364 34.244066)",1,66.00,unclassified,20,,,,auto,
1058,教学南路,786,594,634,1,"LINESTRING (108.910364 34.244066, 108.910723 34.244065)",1,33.00,unclassified,20,,,,auto,
1059,教学南路,786,634,594,1,"LINESTRING (108.910723 34.244065, 108.910364 34.244066)",1,33.00,unclassified,20,,,,auto,
1060,,787,719,720,1,"LINESTRING (108.909247 34.240633, 108.909232 34.241339)",1,78.52,residential,6,,,,auto,
1061,,787,720,719,1,"LINESTRING (108.909232 34.241339, 108.909247 34.240633)",1,78.52,residential,6,,,,auto,
1062,西工大路,788,721,722,1,"LINESTRING (108.915592 34.242763, 108.915592 34.242842)",1,8.78,tertiary,5,,,,auto,
1063,西工大路,788,722,721,1,"LINESTRING (108.915592 34.242842, 108.915592 34.242763)",1,8.78,tertiary,5,,,,auto,
1064,友谊西路,789,721,723,1,"LINESTRING (108.915592 34.242763, 108.912252 34.242759)",1,307.01,secondary,4,,3,,auto,
1065,友谊西路,790,98,480,1,"LINESTRING (108.906759 34.242565, 108.906946 34.242657)",1,20.00,secondary,4,,2,,auto,
1066,,791,98,724,1,"LINESTRING (108.906759 34.242565, 108.906902 34.242606)",1,13.91,tertiary,5,,,,auto,
1067,高新路,792,725,1719,1,"LINESTRING (108.897597 34.229719, 108.897494 34.229559)",1,20.15,secondary,4,50,4,,auto,
1068,,793,727,728,1,"LINESTRING (108.922259 34.234294, 108.921939 34.234498)",1,37.15,residential,6,,,,auto,
1069,,793,728,727,1,"LINESTRING (108.921939 34.234498, 108.922259 34.234294)",1,37.15,residential,6,,,,auto,
1070,,794,727,729,1,"LINESTRING (108.922259 34.234294, 108.92289 34.233954)",1,69.24,residential,6,,,,auto,
1071,,794,729,727,1,"LINESTRING (108.92289 34.233954, 108.922259 34.234294)",1,69.24,residential,6,,,,auto,
1072,兴化巷,795,730,731,1,"LINESTRING (108.923091 34.233131, 108.923156 34.233228)",1,12.33,tertiary,5,,,,auto,
1073,兴化巷,795,731,730,1,"LINESTRING (108.923156 34.233228, 108.923091 34.233131)",1,12.33,tertiary,5,,,,auto,
1074,二环南路西段辅路,796,730,732,1,"LINESTRING (108.923091 34.233131, 108.922372 34.233452)",1,75.12,unclassified,20,,,,auto,
1075,,797,728,727,1,"LINESTRING (108.921939 34.234498, 108.922259 34.234294)",1,37.15,residential,6,,,,auto,
1076,,797,727,728,1,"LINESTRING (108.922259 34.234294, 108.921939 34.234498)",1,37.15,residential,6,,,,auto,
1077,环城南路西段,800,733,734,1,"LINESTRING (108.924298 34.252403, 108.924649 34.252416)",1,32.29,primary,3,,4,,auto,
1078,环城南路西段,801,735,736,1,"LINESTRING (108.924754 34.252549, 108.924519 34.25251)",1,22.03,primary,3,,,,auto,
1079,二环南路西段,802,10,312,1,"LINESTRING (108.921136 34.234051, 108.919929 34.234585)",1,125.85,trunk,2,,2,,auto,
1080,丰庆路,855,528,525,1,"LINESTRING (108.894999 34.252381, 108.895111 34.252364)",1,10.47,primary,3,,4,,auto,
1081,,1002,254,737,1,"LINESTRING (108.916601 34.252559, 108.916425 34.252499)",1,17.50,primary,3,,,,auto,
1082,劳动路,1004,738,739,1,"LINESTRING (108.905316 34.252547, 108.905319 34.252462)",1,9.46,secondary,4,,3,,auto,
1083,,1006,740,58,1,"LINESTRING (108.916372 34.252273, 108.916878 34.252228)",1,46.77,primary,3,,,,auto,
1084,友谊西路,1008,741,742,1,"LINESTRING (108.906826 34.242862, 108.906662 34.24292)",1,16.40,secondary,4,,3,,auto,
1085,三航路,1009,723,553,1,"LINESTRING (108.912252 34.242759, 108.912251 34.242836)",1,8.56,unclassified,20,,,,auto,
1086,三航路,1009,553,723,1,"LINESTRING (108.912251 34.242836, 108.912252 34.242759)",1,8.56,unclassified,20,,,,auto,
1087,友谊西路,1010,723,716,1,"LINESTRING (108.912252 34.242759, 108.910375 34.242754)",1,172.54,secondary,4,,3,,auto,
1088,友谊西路,1011,743,744,1,"LINESTRING (108.907164 34.242762, 108.906978 34.242817)",1,18.16,secondary,4,,3,,auto,
1089,高新一路,1013,170,745,1,"LINESTRING (108.899454 34.236556, 108.899541 34.236693)",1,17.21,tertiary,5,,,,auto,
1090,高新二路,1014,746,747,1,"LINESTRING (108.896986 34.237658, 108.89738 34.238264)",1,76.50,tertiary,5,,2,,auto,
1091,高新一路,1016,748,142,1,"LINESTRING (108.899836 34.237155, 108.900901 34.23885)",1,212.39,tertiary,5,,,,auto,
1092,高新二路,1018,747,749,1,"LINESTRING (108.89738 34.238264, 108.897409 34.238309)",1,5.67,tertiary,5,,2,,auto,
1093,西工大路,1022,750,751,1,"LINESTRING (108.915586 34.247615, 108.915647 34.252278)",1,518.53,residential,6,,,,auto,
1094,西工大路,1022,751,750,1,"LINESTRING (108.915647 34.252278, 108.915586 34.247615)",1,518.53,residential,6,,,,auto,
1095,西工大路,1023,750,752,1,"LINESTRING (108.915586 34.247615, 108.915586 34.246288)",1,147.56,tertiary,5,,,,auto,
1096,西工大路,1023,752,750,1,"LINESTRING (108.915586 34.246288, 108.915586 34.247615)",1,147.56,tertiary,5,,,,auto,
1097,大学南路,1024,750,1727,1,"LINESTRING (108.915586 34.247615, 108.918628 34.247613)",1,279.61,tertiary,5,,,,auto,
1098,大学南路,1024,1727,750,1,"LINESTRING (108.918628 34.247613, 108.915586 34.247615)",1,279.61,tertiary,5,,,,auto,
1099,,1025,752,753,1,"LINESTRING (108.915586 34.246288, 108.915482 34.246283)",1,9.58,residential,6,,,,auto,
1100,,1025,753,752,1,"LINESTRING (108.915482 34.246283, 108.915586 34.246288)",1,9.58,residential,6,,,,auto,
1101,西工大路,1026,752,754,1,"LINESTRING (108.915586 34.246288, 108.915591 34.244041)",1,249.86,tertiary,5,,,,auto,
1102,西工大路,1026,754,752,1,"LINESTRING (108.915591 34.244041, 108.915586 34.246288)",1,249.86,tertiary,5,,,,auto,
1103,西工大路,1027,752,750,1,"LINESTRING (108.915586 34.246288, 108.915586 34.247615)",1,147.56,tertiary,5,,,,auto,
1104,西工大路,1027,750,752,1,"LINESTRING (108.915586 34.247615, 108.915586 34.246288)",1,147.56,tertiary,5,,,,auto,
1105,西工大路,1028,755,756,1,"LINESTRING (108.915593 34.243124, 108.915592 34.242962)",1,18.01,tertiary,5,,,,auto,
1106,西工大路,1028,756,755,1,"LINESTRING (108.915592 34.242962, 108.915593 34.243124)",1,18.01,tertiary,5,,,,auto,
1107,西工大路,1029,755,757,1,"LINESTRING (108.915593 34.243124, 108.915592 34.243677)",1,61.49,tertiary,5,,,,auto,
1108,西工大路,1029,757,755,1,"LINESTRING (108.915592 34.243677, 108.915593 34.243124)",1,61.49,tertiary,5,,,,auto,
1109,白庙路,1032,538,536,1,"LINESTRING (108.912252 34.239805, 108.912232 34.238621)",1,131.67,tertiary,5,,,,auto,
1110,白庙路,1032,536,538,1,"LINESTRING (108.912232 34.238621, 108.912252 34.239805)",1,131.67,tertiary,5,,,,auto,
1111,白庙路,1033,538,758,1,"LINESTRING (108.912252 34.239805, 108.912247 34.240932)",1,125.32,tertiary,5,,,,auto,
1112,白庙路,1033,758,538,1,"LINESTRING (108.912247 34.240932, 108.912252 34.239805)",1,125.32,tertiary,5,,,,auto,
1113,白庙路,1038,758,538,1,"LINESTRING (108.912247 34.240932, 108.912252 34.239805)",1,125.32,tertiary,5,,,,auto,
1114,白庙路,1038,538,758,1,"LINESTRING (108.912252 34.239805, 108.912247 34.240932)",1,125.32,tertiary,5,,,,auto,
1115,白庙路,1039,758,759,1,"LINESTRING (108.912247 34.240932, 108.912235 34.242532)",1,177.92,tertiary,5,,,,auto,
1116,白庙路,1039,759,758,1,"LINESTRING (108.912235 34.242532, 108.912247 34.240932)",1,177.92,tertiary,5,,,,auto,
1117,,1071,621,615,1,"LINESTRING (108.915468 34.245191, 108.914405 34.245194)",1,97.71,residential,6,,,,auto,
1118,,1071,615,621,1,"LINESTRING (108.914405 34.245194, 108.915468 34.245191)",1,97.71,residential,6,,,,auto,
1119,,1072,621,629,1,"LINESTRING (108.915468 34.245191, 108.915467 34.244042)",1,127.76,residential,6,,,,auto,
1120,,1072,629,621,1,"LINESTRING (108.915467 34.244042, 108.915468 34.245191)",1,127.76,residential,6,,,,auto,
1121,,1073,621,753,1,"LINESTRING (108.915468 34.245191, 108.915482 34.246283)",1,121.43,residential,6,,,,auto,
1122,,1073,753,621,1,"LINESTRING (108.915482 34.246283, 108.915468 34.245191)",1,121.43,residential,6,,,,auto,
1123,,1074,753,760,1,"LINESTRING (108.915482 34.246283, 108.914948 34.246286)",1,49.08,residential,6,,,,auto,
1124,,1074,760,753,1,"LINESTRING (108.914948 34.246286, 108.915482 34.246283)",1,49.08,residential,6,,,,auto,
1125,,1075,753,752,1,"LINESTRING (108.915482 34.246283, 108.915586 34.246288)",1,9.58,residential,6,,,,auto,
1126,,1075,752,753,1,"LINESTRING (108.915586 34.246288, 108.915482 34.246283)",1,9.58,residential,6,,,,auto,
1127,,1076,753,621,1,"LINESTRING (108.915482 34.246283, 108.915468 34.245191)",1,121.43,residential,6,,,,auto,
1128,,1076,621,753,1,"LINESTRING (108.915468 34.245191, 108.915482 34.246283)",1,121.43,residential,6,,,,auto,
1129,西工大路,1077,757,755,1,"LINESTRING (108.915592 34.243677, 108.915593 34.243124)",1,61.49,tertiary,5,,,,auto,
1130,西工大路,1077,755,757,1,"LINESTRING (108.915593 34.243124, 108.915592 34.243677)",1,61.49,tertiary,5,,,,auto,
1131,西工大路,1078,757,754,1,"LINESTRING (108.915592 34.243677, 108.915591 34.244041)",1,40.48,tertiary,5,,,,auto,
1132,西工大路,1078,754,757,1,"LINESTRING (108.915591 34.244041, 108.915592 34.243677)",1,40.48,tertiary,5,,,,auto,
1133,,1079,761,762,1,"LINESTRING (108.906602 34.242724, 108.90658 34.24283)",1,11.96,secondary,4,,,,auto,
1134,,1080,763,764,1,"LINESTRING (108.905668 34.243027, 108.905573 34.242939)",1,13.12,secondary,4,,,,auto,
1135,太白北路,1081,1722,766,1,"LINESTRING (108.918694 34.252219, 108.918695 34.2521)",1,13.23,primary,3,,3,,auto,
1136,,1082,1722,767,1,"LINESTRING (108.918694 34.252219, 108.918613 34.2521)",1,15.18,unclassified,20,,,,auto,
1138,高新四路,1087,768,127,1,"LINESTRING (108.893732 34.242063, 108.894418 34.243118)",1,133.18,secondary,4,60,2,,auto,
1139,,1088,769,770,1,"LINESTRING (108.90764 34.247922, 108.907638 34.24768)",1,26.91,unclassified,20,,,,auto,
1140,,1088,770,769,1,"LINESTRING (108.907638 34.24768, 108.90764 34.247922)",1,26.91,unclassified,20,,,,auto,
1141,,1091,610,771,1,"LINESTRING (108.907638 34.246263, 108.906139 34.246265)",1,137.78,residential,6,,,,auto,
1142,,1091,771,610,1,"LINESTRING (108.906139 34.246265, 108.907638 34.246263)",1,137.78,residential,6,,,,auto,
1143,,1092,610,609,1,"LINESTRING (108.907638 34.246263, 108.908118 34.246264)",1,44.12,residential,6,,,,auto,
1144,,1092,609,610,1,"LINESTRING (108.908118 34.246264, 108.907638 34.246263)",1,44.12,residential,6,,,,auto,
1145,,1093,610,772,1,"LINESTRING (108.907638 34.246263, 108.907634 34.246863)",1,66.72,unclassified,20,,,,auto,
1146,,1093,772,610,1,"LINESTRING (108.907634 34.246863, 108.907638 34.246263)",1,66.72,unclassified,20,,,,auto,
1147,,1094,773,774,1,"LINESTRING (108.905687 34.246275, 108.905626 34.246275)",1,5.61,residential,6,,,,auto,
1148,,1094,774,773,1,"LINESTRING (108.905626 34.246275, 108.905687 34.246275)",1,5.61,residential,6,,,,auto,
1149,,1095,773,775,1,"LINESTRING (108.905687 34.246275, 108.906022 34.246268)",1,30.80,residential,6,,,,auto,
1150,,1095,775,773,1,"LINESTRING (108.906022 34.246268, 108.905687 34.246275)",1,30.80,residential,6,,,,auto,
1151,,1096,776,777,1,"LINESTRING (108.914866 34.248797, 108.914853 34.247065)",1,192.59,residential,6,,,,auto,
1152,,1096,777,776,1,"LINESTRING (108.914853 34.247065, 108.914866 34.248797)",1,192.59,residential,6,,,,auto,
1153,,1097,760,778,1,"LINESTRING (108.914948 34.246286, 108.914378 34.246285)",1,52.39,residential,6,,,,auto,
1154,,1097,778,760,1,"LINESTRING (108.914378 34.246285, 108.914948 34.246286)",1,52.39,residential,6,,,,auto,
1155,,1098,760,753,1,"LINESTRING (108.914948 34.246286, 108.915482 34.246283)",1,49.08,residential,6,,,,auto,
1156,,1098,753,760,1,"LINESTRING (108.915482 34.246283, 108.914948 34.246286)",1,49.08,residential,6,,,,auto,
1157,,1099,760,779,1,"LINESTRING (108.914948 34.246286, 108.914944 34.24704)",1,83.84,residential,6,,,,auto,
1158,,1099,779,760,1,"LINESTRING (108.914944 34.24704, 108.914948 34.246286)",1,83.84,residential,6,,,,auto,
1159,,1104,607,603,1,"LINESTRING (108.906976 34.244339, 108.906972 34.245049)",1,78.95,unclassified,20,,,,auto,
1160,,1104,603,607,1,"LINESTRING (108.906972 34.245049, 108.906976 34.244339)",1,78.95,unclassified,20,,,,auto,
1161,西市南路,1116,780,781,1,"LINESTRING (108.90544 34.246315, 108.905348 34.246315)",1,8.46,tertiary,5,,,,auto,
1162,西市南路,1116,781,780,1,"LINESTRING (108.905348 34.246315, 108.90544 34.246315)",1,8.46,tertiary,5,,,,auto,
1163,劳动南路,1117,780,782,1,"LINESTRING (108.90544 34.246315, 108.905442 34.245292)",1,113.75,secondary,4,,3,,auto,
1164,西市二路,1118,783,784,1,"LINESTRING (108.90023 34.245278, 108.900242 34.244328)",1,105.64,tertiary,5,,,,auto,
1165,西市二路,1118,784,783,1,"LINESTRING (108.900242 34.244328, 108.90023 34.245278)",1,105.64,tertiary,5,,,,auto,
1166,西市二路,1119,783,785,1,"LINESTRING (108.90023 34.245278, 108.900227 34.246124)",1,94.07,tertiary,5,,,,auto,
1167,西市二路,1119,785,783,1,"LINESTRING (108.900227 34.246124, 108.90023 34.245278)",1,94.07,tertiary,5,,,,auto,
1168,西市一路,1126,642,786,1,"LINESTRING (108.903012 34.243897, 108.903006 34.24469)",1,88.18,tertiary,5,,,,auto,
1169,西市一路,1126,786,642,1,"LINESTRING (108.903006 34.24469, 108.903012 34.243897)",1,88.18,tertiary,5,,,,auto,
1170,西市一路,1127,642,641,1,"LINESTRING (108.903012 34.243897, 108.902991 34.243754)",1,16.02,tertiary,5,,,,auto,
1171,西市一路,1127,641,642,1,"LINESTRING (108.902991 34.243754, 108.903012 34.243897)",1,16.02,tertiary,5,,,,auto,
1172,西市一路,1136,787,788,1,"LINESTRING (108.902992 34.246303, 108.902993 34.246204)",1,11.01,tertiary,5,,,,auto,
1173,西市一路,1136,788,787,1,"LINESTRING (108.902993 34.246204, 108.902992 34.246303)",1,11.01,tertiary,5,,,,auto,
1174,西市南路,1137,787,789,1,"LINESTRING (108.902992 34.246303, 108.902857 34.246303)",1,12.41,tertiary,5,,,,auto,
1175,西市南路,1137,789,787,1,"LINESTRING (108.902857 34.246303, 108.902992 34.246303)",1,12.41,tertiary,5,,,,auto,
1176,西市南路,1138,787,790,1,"LINESTRING (108.902992 34.246303, 108.903903 34.246308)",1,83.74,tertiary,5,,,,auto,
1177,西市南路,1138,790,787,1,"LINESTRING (108.903903 34.246308, 108.902992 34.246303)",1,83.74,tertiary,5,,,,auto,
1178,西市南路,1139,791,792,1,"LINESTRING (108.900227 34.246297, 108.900391 34.246297)",1,15.07,tertiary,5,,,,auto,
1179,西市南路,1139,792,791,1,"LINESTRING (108.900391 34.246297, 108.900227 34.246297)",1,15.07,tertiary,5,,,,auto,
1180,西市南路,1140,791,793,1,"LINESTRING (108.900227 34.246297, 108.90008 34.246298)",1,13.51,tertiary,5,,1,,auto,
1181,西市南路,1140,793,791,1,"LINESTRING (108.90008 34.246298, 108.900227 34.246297)",1,13.51,tertiary,5,,1,,auto,
1182,西市二路,1141,791,785,1,"LINESTRING (108.900227 34.246297, 108.900227 34.246124)",1,19.24,tertiary,5,,,,auto,
1183,西市二路,1141,785,791,1,"LINESTRING (108.900227 34.246124, 108.900227 34.246297)",1,19.24,tertiary,5,,,,auto,
1184,西市南路,1142,794,795,1,"LINESTRING (108.902244 34.246303, 108.901556 34.246299)",1,63.24,tertiary,5,,,,auto,
1185,西市南路,1142,795,794,1,"LINESTRING (108.901556 34.246299, 108.902244 34.246303)",1,63.24,tertiary,5,,,,auto,
1186,西市南路,1143,794,796,1,"LINESTRING (108.902244 34.246303, 108.902663 34.246303)",1,38.51,tertiary,5,,,,auto,
1187,西市南路,1143,796,794,1,"LINESTRING (108.902663 34.246303, 108.902244 34.246303)",1,38.51,tertiary,5,,,,auto,
1188,教学南路,1154,624,622,1,"LINESTRING (108.908626 34.244067, 108.908257 34.244067)",1,33.92,unclassified,20,,,,auto,
1189,教学南路,1154,622,624,1,"LINESTRING (108.908257 34.244067, 108.908626 34.244067)",1,33.92,unclassified,20,,,,auto,
1190,教学南路,1155,624,593,1,"LINESTRING (108.908626 34.244067, 108.909457 34.244066)",1,76.38,unclassified,20,,,,auto,
1191,教学南路,1155,593,624,1,"LINESTRING (108.909457 34.244066, 108.908626 34.244067)",1,76.38,unclassified,20,,,,auto,
1192,,1158,797,541,1,"LINESTRING (108.913468 34.246283, 108.91276 34.246282)",1,65.08,residential,6,,,,auto,
1193,,1158,541,797,1,"LINESTRING (108.91276 34.246282, 108.913468 34.246283)",1,65.08,residential,6,,,,auto,
1194,,1159,797,778,1,"LINESTRING (108.913468 34.246283, 108.914378 34.246285)",1,83.64,residential,6,,,,auto,
1195,,1159,778,797,1,"LINESTRING (108.914378 34.246285, 108.913468 34.246283)",1,83.64,residential,6,,,,auto,
1196,,1160,797,798,1,"LINESTRING (108.913468 34.246283, 108.913478 34.246992)",1,78.84,residential,6,,,,auto,
1197,,1160,798,797,1,"LINESTRING (108.913478 34.246992, 108.913468 34.246283)",1,78.84,residential,6,,,,auto,
1198,,1161,608,603,1,"LINESTRING (108.906966 34.246069, 108.906972 34.245049)",1,113.42,unclassified,20,,,,auto,
1199,,1161,603,608,1,"LINESTRING (108.906972 34.245049, 108.906966 34.246069)",1,113.42,unclassified,20,,,,auto,
1200,,1162,608,799,1,"LINESTRING (108.906966 34.246069, 108.906982 34.246099)",1,3.65,unclassified,20,,,,auto,
1201,,1162,799,608,1,"LINESTRING (108.906982 34.246099, 108.906966 34.246069)",1,3.65,unclassified,20,,,,auto,
1202,,1163,599,612,1,"LINESTRING (108.908118 34.246129, 108.908118 34.246195)",1,7.34,unclassified,20,,,,auto,
1203,,1163,612,599,1,"LINESTRING (108.908118 34.246195, 108.908118 34.246129)",1,7.34,unclassified,20,,,,auto,
1204,,1164,599,598,1,"LINESTRING (108.908118 34.246129, 108.908121 34.245617)",1,56.93,unclassified,20,,,,auto,
1205,,1164,598,599,1,"LINESTRING (108.908121 34.245617, 108.908118 34.246129)",1,56.93,unclassified,20,,,,auto,
1206,,1165,599,800,1,"LINESTRING (108.908118 34.246129, 108.907008 34.246115)",1,102.04,unclassified,20,,,,auto,
1207,,1165,800,599,1,"LINESTRING (108.907008 34.246115, 108.908118 34.246129)",1,102.04,unclassified,20,,,,auto,
1208,教学南路,1169,593,624,1,"LINESTRING (108.909457 34.244066, 108.908626 34.244067)",1,76.38,unclassified,20,,,,auto,
1209,教学南路,1169,624,593,1,"LINESTRING (108.908626 34.244067, 108.909457 34.244066)",1,76.38,unclassified,20,,,,auto,
1210,教学南路,1170,593,592,1,"LINESTRING (108.909457 34.244066, 108.909646 34.244066)",1,17.37,unclassified,20,,,,auto,
1211,教学南路,1170,592,593,1,"LINESTRING (108.909646 34.244066, 108.909457 34.244066)",1,17.37,unclassified,20,,,,auto,
1212,西市北路,1174,801,802,1,"LINESTRING (108.902668 34.249711, 108.90373 34.249716)",1,97.61,tertiary,5,,,,auto,
1213,西市北路,1174,802,801,1,"LINESTRING (108.90373 34.249716, 108.902668 34.249711)",1,97.61,tertiary,5,,,,auto,
1214,西市北路,1175,801,803,1,"LINESTRING (108.902668 34.249711, 108.901528 34.249713)",1,104.78,tertiary,5,,,,auto,
1215,西市北路,1175,803,801,1,"LINESTRING (108.901528 34.249713, 108.902668 34.249711)",1,104.78,tertiary,5,,,,auto,
1216,劳动南路,1178,804,805,1,"LINESTRING (108.905434 34.248499, 108.905446 34.247532)",1,107.53,secondary,4,,3,,auto,
1217,西市北路,1179,806,807,1,"LINESTRING (108.905412 34.24971, 108.905317 34.24971)",1,8.73,tertiary,5,,,,auto,
1218,西市北路,1179,807,806,1,"LINESTRING (108.905317 34.24971, 108.905412 34.24971)",1,8.73,tertiary,5,,,,auto,
1219,劳动南路,1180,806,808,1,"LINESTRING (108.905412 34.24971, 108.905416 34.249177)",1,59.27,secondary,4,,3,,auto,
1220,西市北路,1181,809,810,1,"LINESTRING (108.903948 34.249717, 108.905222 34.249711)",1,117.10,tertiary,5,,,,auto,
1221,西市北路,1181,810,809,1,"LINESTRING (108.905222 34.249711, 108.903948 34.249717)",1,117.10,tertiary,5,,,,auto,
1222,西市北路,1182,809,802,1,"LINESTRING (108.903948 34.249717, 108.90373 34.249716)",1,20.04,tertiary,5,,,,auto,
1223,西市北路,1182,802,809,1,"LINESTRING (108.90373 34.249716, 108.903948 34.249717)",1,20.04,tertiary,5,,,,auto,
1224,,1192,778,797,1,"LINESTRING (108.914378 34.246285, 108.913468 34.246283)",1,83.64,residential,6,,,,auto,
1225,,1192,797,778,1,"LINESTRING (108.913468 34.246283, 108.914378 34.246285)",1,83.64,residential,6,,,,auto,
1226,,1193,778,760,1,"LINESTRING (108.914378 34.246285, 108.914948 34.246286)",1,52.39,residential,6,,,,auto,
1227,,1193,760,778,1,"LINESTRING (108.914948 34.246286, 108.914378 34.246285)",1,52.39,residential,6,,,,auto,
1228,,1194,778,619,1,"LINESTRING (108.914378 34.246285, 108.914392 34.245936)",1,38.83,residential,6,,,,auto,
1229,,1194,619,778,1,"LINESTRING (108.914392 34.245936, 108.914378 34.246285)",1,38.83,residential,6,,,,auto,
1230,,1195,612,609,1,"LINESTRING (108.908118 34.246195, 108.908118 34.246264)",1,7.67,unclassified,20,,,,auto,
1231,,1195,609,612,1,"LINESTRING (108.908118 34.246264, 108.908118 34.246195)",1,7.67,unclassified,20,,,,auto,
1232,,1196,612,599,1,"LINESTRING (108.908118 34.246195, 108.908118 34.246129)",1,7.34,unclassified,20,,,,auto,
1233,,1196,599,612,1,"LINESTRING (108.908118 34.246129, 108.908118 34.246195)",1,7.34,unclassified,20,,,,auto,
1234,,1197,618,617,1,"LINESTRING (108.909989 34.246182, 108.909987 34.246266)",1,9.34,unclassified,20,,,,auto,
1235,,1197,617,618,1,"LINESTRING (108.909987 34.246266, 108.909989 34.246182)",1,9.34,unclassified,20,,,,auto,
1236,,1198,618,635,1,"LINESTRING (108.909989 34.246182, 108.909992 34.245992)",1,21.13,unclassified,20,,,,auto,
1237,,1198,635,618,1,"LINESTRING (108.909992 34.245992, 108.909989 34.246182)",1,21.13,unclassified,20,,,,auto,
1238,高新路,1202,811,812,1,"LINESTRING (108.903828 34.239282, 108.902918 34.237872)",1,177.71,secondary,4,50,4,,auto,
1239,,1211,770,813,1,"LINESTRING (108.907638 34.24768, 108.907638 34.247622)",1,6.45,unclassified,20,,,,auto,
1240,,1211,813,770,1,"LINESTRING (108.907638 34.247622, 108.907638 34.24768)",1,6.45,unclassified,20,,,,auto,
1241,,1212,770,769,1,"LINESTRING (108.907638 34.24768, 108.90764 34.247922)",1,26.91,unclassified,20,,,,auto,
1242,,1212,769,770,1,"LINESTRING (108.90764 34.247922, 108.907638 34.24768)",1,26.91,unclassified,20,,,,auto,
1243,,1219,814,815,1,"LINESTRING (108.907632 34.247313, 108.907632 34.247156)",1,17.46,unclassified,20,,,,auto,
1244,,1219,815,814,1,"LINESTRING (108.907632 34.247156, 108.907632 34.247313)",1,17.46,unclassified,20,,,,auto,
1245,,1220,814,816,1,"LINESTRING (108.907632 34.247313, 108.907638 34.247551)",1,26.47,unclassified,20,,,,auto,
1246,,1220,816,814,1,"LINESTRING (108.907638 34.247551, 108.907632 34.247313)",1,26.47,unclassified,20,,,,auto,
1247,二环南路西段,1222,24,189,1,"LINESTRING (108.911434 34.237871, 108.911706 34.237744)",1,28.72,trunk,2,70,3,,auto,
1248,科创路,1244,817,818,1,"LINESTRING (108.898491 34.229033, 108.899418 34.228624)",1,96.60,tertiary,5,,,,auto,
1249,大通巷,1245,817,819,1,"LINESTRING (108.898491 34.229033, 108.898439 34.228952)",1,10.20,tertiary,5,,1,,auto,
1250,,1251,820,821,1,"LINESTRING (108.916227 34.241884, 108.91597 34.241885)",1,23.62,residential,6,,,,auto,
1251,,1251,821,820,1,"LINESTRING (108.91597 34.241885, 108.916227 34.241884)",1,23.62,residential,6,,,,auto,
1252,,1252,820,822,1,"LINESTRING (108.916227 34.241884, 108.916219 34.242625)",1,82.40,residential,6,,,,auto,
1253,,1252,822,820,1,"LINESTRING (108.916219 34.242625, 108.916227 34.241884)",1,82.40,residential,6,,,,auto,
1254,教学南路,1311,551,633,1,"LINESTRING (108.91175 34.244064, 108.911698 34.244064)",1,4.78,unclassified,20,,,,auto,
1255,教学南路,1311,633,551,1,"LINESTRING (108.911698 34.244064, 108.91175 34.244064)",1,4.78,unclassified,20,,,,auto,
1256,教学南路,1312,551,548,1,"LINESTRING (108.91175 34.244064, 108.912252 34.244064)",1,46.14,unclassified,20,,,,auto,
1257,教学南路,1312,548,551,1,"LINESTRING (108.912252 34.244064, 108.91175 34.244064)",1,46.14,unclassified,20,,,,auto,
1258,,1317,600,598,1,"LINESTRING (108.908121 34.245555, 108.908121 34.245617)",1,6.89,unclassified,20,,,,auto,
1259,,1317,598,600,1,"LINESTRING (108.908121 34.245617, 108.908121 34.245555)",1,6.89,unclassified,20,,,,auto,
1260,,1318,600,601,1,"LINESTRING (108.908121 34.245555, 108.908124 34.245058)",1,55.26,unclassified,20,,,,auto,
1261,,1318,601,600,1,"LINESTRING (108.908124 34.245058, 108.908121 34.245555)",1,55.26,unclassified,20,,,,auto,
1262,,1321,595,542,1,"LINESTRING (108.912625 34.245198, 108.91226 34.245199)",1,33.55,residential,6,,,,auto,
1263,,1321,542,595,1,"LINESTRING (108.91226 34.245199, 108.912625 34.245198)",1,33.55,residential,6,,,,auto,
1264,,1322,595,614,1,"LINESTRING (108.912625 34.245198, 108.912656 34.245198)",1,2.85,residential,6,,,,auto,
1265,,1322,614,595,1,"LINESTRING (108.912656 34.245198, 108.912625 34.245198)",1,2.85,residential,6,,,,auto,
1266,英才路,1324,550,548,1,"LINESTRING (108.912629 34.244062, 108.912252 34.244064)",1,34.65,residential,6,,,,auto,
1267,英才路,1324,548,550,1,"LINESTRING (108.912252 34.244064, 108.912629 34.244062)",1,34.65,residential,6,,,,auto,
1268,英才路,1325,550,616,1,"LINESTRING (108.912629 34.244062, 108.913466 34.244058)",1,76.94,residential,6,,,,auto,
1269,英才路,1325,616,550,1,"LINESTRING (108.913466 34.244058, 108.912629 34.244062)",1,76.94,residential,6,,,,auto,
1270,槐荫路,1327,823,824,1,"LINESTRING (108.9117 34.246874, 108.911701 34.24683)",1,4.89,residential,6,,,,auto,
1271,槐荫路,1327,824,823,1,"LINESTRING (108.911701 34.24683, 108.9117 34.246874)",1,4.89,residential,6,,,,auto,
1272,槐荫路,1328,823,627,1,"LINESTRING (108.9117 34.246874, 108.911698 34.24711)",1,26.24,residential,6,,,,auto,
1273,槐荫路,1328,627,823,1,"LINESTRING (108.911698 34.24711, 108.9117 34.246874)",1,26.24,residential,6,,,,auto,
1274,柳荫路,1330,825,628,1,"LINESTRING (108.909035 34.246886, 108.909035 34.246597)",1,32.14,residential,6,,,,auto,
1275,柳荫路,1330,628,825,1,"LINESTRING (108.909035 34.246597, 108.909035 34.246886)",1,32.14,residential,6,,,,auto,
1276,柳荫路,1331,825,826,1,"LINESTRING (108.909035 34.246886, 108.909035 34.247102)",1,24.02,residential,6,,,,auto,
1277,柳荫路,1331,826,825,1,"LINESTRING (108.909035 34.247102, 108.909035 34.246886)",1,24.02,residential,6,,,,auto,
1278,柳荫路,1334,826,825,1,"LINESTRING (108.909035 34.247102, 108.909035 34.246886)",1,24.02,residential,6,,,,auto,
1279,柳荫路,1334,825,826,1,"LINESTRING (108.909035 34.246886, 108.909035 34.247102)",1,24.02,residential,6,,,,auto,
1280,柳荫路,1335,826,827,1,"LINESTRING (108.909035 34.247102, 108.909035 34.247242)",1,15.57,residential,6,,,,auto,
1281,柳荫路,1335,827,826,1,"LINESTRING (108.909035 34.247242, 108.909035 34.247102)",1,15.57,residential,6,,,,auto,
1282,,1336,826,828,1,"LINESTRING (108.909035 34.247102, 108.910003 34.247105)",1,88.98,unclassified,20,,,,auto,
1283,,1336,828,826,1,"LINESTRING (108.910003 34.247105, 108.909035 34.247102)",1,88.98,unclassified,20,,,,auto,
1284,槐荫路,1337,627,823,1,"LINESTRING (108.911698 34.24711, 108.9117 34.246874)",1,26.24,residential,6,,,,auto,
1285,槐荫路,1337,823,627,1,"LINESTRING (108.9117 34.246874, 108.911698 34.24711)",1,26.24,residential,6,,,,auto,
1286,槐荫路,1338,627,625,1,"LINESTRING (108.911698 34.24711, 108.911686 34.24831)",1,133.44,residential,6,,,,auto,
1287,槐荫路,1338,625,627,1,"LINESTRING (108.911686 34.24831, 108.911698 34.24711)",1,133.44,residential,6,,,,auto,
1288,,1339,627,828,1,"LINESTRING (108.911698 34.24711, 108.910003 34.247105)",1,155.80,unclassified,20,,,,auto,
1289,,1339,828,627,1,"LINESTRING (108.910003 34.247105, 108.911698 34.24711)",1,155.80,unclassified,20,,,,auto,
1290,,1355,813,816,1,"LINESTRING (108.907638 34.247622, 108.907638 34.247551)",1,7.89,unclassified,20,,,,auto,
1291,,1355,816,813,1,"LINESTRING (108.907638 34.247551, 108.907638 34.247622)",1,7.89,unclassified,20,,,,auto,
1292,,1356,813,770,1,"LINESTRING (108.907638 34.247622, 108.907638 34.24768)",1,6.45,unclassified,20,,,,auto,
1293,,1356,770,813,1,"LINESTRING (108.907638 34.24768, 108.907638 34.247622)",1,6.45,unclassified,20,,,,auto,
1294,柳荫路,1358,829,830,1,"LINESTRING (108.909035 34.247627, 108.909035 34.247384)",1,27.02,residential,6,,,,auto,
1295,柳荫路,1358,830,829,1,"LINESTRING (108.909035 34.247384, 108.909035 34.247627)",1,27.02,residential,6,,,,auto,
1296,柳荫路,1359,829,637,1,"LINESTRING (108.909035 34.247627, 108.909035 34.247962)",1,37.25,residential,6,,,,auto,
1297,柳荫路,1359,637,829,1,"LINESTRING (108.909035 34.247962, 108.909035 34.247627)",1,37.25,residential,6,,,,auto,
1298,,1362,798,831,1,"LINESTRING (108.913478 34.246992, 108.913479 34.247058)",1,7.34,residential,6,,,,auto,
1299,,1362,831,798,1,"LINESTRING (108.913479 34.247058, 108.913478 34.246992)",1,7.34,residential,6,,,,auto,
1300,,1363,798,797,1,"LINESTRING (108.913478 34.246992, 108.913468 34.246283)",1,78.84,residential,6,,,,auto,
1301,,1363,797,798,1,"LINESTRING (108.913468 34.246283, 108.913478 34.246992)",1,78.84,residential,6,,,,auto,
1302,,1364,798,832,1,"LINESTRING (108.913478 34.246992, 108.912758 34.246991)",1,66.18,residential,6,,,,auto,
1303,,1364,832,798,1,"LINESTRING (108.912758 34.246991, 108.913478 34.246992)",1,66.18,residential,6,,,,auto,
1304,,1365,832,833,1,"LINESTRING (108.912758 34.246991, 108.912758 34.246818)",1,19.24,residential,6,,,,auto,
1305,,1365,833,832,1,"LINESTRING (108.912758 34.246818, 108.912758 34.246991)",1,19.24,residential,6,,,,auto,
1306,,1366,832,798,1,"LINESTRING (108.912758 34.246991, 108.913478 34.246992)",1,66.18,residential,6,,,,auto,
1307,,1366,798,832,1,"LINESTRING (108.913478 34.246992, 108.912758 34.246991)",1,66.18,residential,6,,,,auto,
1308,,1367,541,539,1,"LINESTRING (108.91276 34.246282, 108.912232 34.246279)",1,48.53,residential,6,,,,auto,
1309,,1367,539,541,1,"LINESTRING (108.912232 34.246279, 108.91276 34.246282)",1,48.53,residential,6,,,,auto,
1310,,1368,541,797,1,"LINESTRING (108.91276 34.246282, 108.913468 34.246283)",1,65.08,residential,6,,,,auto,
1311,,1368,797,541,1,"LINESTRING (108.913468 34.246283, 108.91276 34.246282)",1,65.08,residential,6,,,,auto,
1312,,1369,541,833,1,"LINESTRING (108.91276 34.246282, 108.912758 34.246818)",1,59.60,residential,6,,,,auto,
1313,,1369,833,541,1,"LINESTRING (108.912758 34.246818, 108.91276 34.246282)",1,59.60,residential,6,,,,auto,
1314,槐荫路,1370,824,632,1,"LINESTRING (108.911701 34.24683, 108.911703 34.246599)",1,25.69,residential,6,,,,auto,
1315,槐荫路,1370,632,824,1,"LINESTRING (108.911703 34.246599, 108.911701 34.24683)",1,25.69,residential,6,,,,auto,
1316,槐荫路,1371,824,823,1,"LINESTRING (108.911701 34.24683, 108.9117 34.246874)",1,4.89,residential,6,,,,auto,
1317,槐荫路,1371,823,824,1,"LINESTRING (108.9117 34.246874, 108.911701 34.24683)",1,4.89,residential,6,,,,auto,
1318,,1373,833,541,1,"LINESTRING (108.912758 34.246818, 108.91276 34.246282)",1,59.60,residential,6,,,,auto,
1319,,1373,541,833,1,"LINESTRING (108.91276 34.246282, 108.912758 34.246818)",1,59.60,residential,6,,,,auto,
1320,,1374,833,832,1,"LINESTRING (108.912758 34.246818, 108.912758 34.246991)",1,19.24,residential,6,,,,auto,
1321,,1374,832,833,1,"LINESTRING (108.912758 34.246991, 108.912758 34.246818)",1,19.24,residential,6,,,,auto,
1322,柳荫路,1376,637,829,1,"LINESTRING (108.909035 34.247962, 108.909035 34.247627)",1,37.25,residential,6,,,,auto,
1323,柳荫路,1376,829,637,1,"LINESTRING (108.909035 34.247627, 108.909035 34.247962)",1,37.25,residential,6,,,,auto,
1324,柳荫路,1377,637,636,1,"LINESTRING (108.909035 34.247962, 108.909035 34.248281)",1,35.47,residential,6,,,,auto,
1325,柳荫路,1377,636,637,1,"LINESTRING (108.909035 34.248281, 108.909035 34.247962)",1,35.47,residential,6,,,,auto,
1326,,1382,619,778,1,"LINESTRING (108.914392 34.245936, 108.914378 34.246285)",1,38.83,residential,6,,,,auto,
1327,,1382,778,619,1,"LINESTRING (108.914378 34.246285, 108.914392 34.245936)",1,38.83,residential,6,,,,auto,
1328,,1383,619,615,1,"LINESTRING (108.914392 34.245936, 108.914405 34.245194)",1,82.52,residential,6,,,,auto,
1329,,1383,615,619,1,"LINESTRING (108.914405 34.245194, 108.914392 34.245936)",1,82.52,residential,6,,,,auto,
1330,,1385,614,595,1,"LINESTRING (108.912656 34.245198, 108.912625 34.245198)",1,2.85,residential,6,,,,auto,
1331,,1385,595,614,1,"LINESTRING (108.912625 34.245198, 108.912656 34.245198)",1,2.85,residential,6,,,,auto,
1332,,1386,614,613,1,"LINESTRING (108.912656 34.245198, 108.913418 34.245196)",1,70.04,residential,6,,,,auto,
1333,,1386,613,614,1,"LINESTRING (108.913418 34.245196, 108.912656 34.245198)",1,70.04,residential,6,,,,auto,
1334,,1390,831,834,1,"LINESTRING (108.913479 34.247058, 108.91348 34.248916)",1,206.60,residential,6,,,,auto,
1335,,1390,834,831,1,"LINESTRING (108.91348 34.248916, 108.913479 34.247058)",1,206.60,residential,6,,,,auto,
1336,,1391,831,798,1,"LINESTRING (108.913479 34.247058, 108.913478 34.246992)",1,7.34,residential,6,,,,auto,
1337,,1391,798,831,1,"LINESTRING (108.913478 34.246992, 108.913479 34.247058)",1,7.34,residential,6,,,,auto,
1338,,1392,831,777,1,"LINESTRING (108.913479 34.247058, 108.914853 34.247065)",1,126.29,residential,6,,,,auto,
1339,,1392,777,831,1,"LINESTRING (108.914853 34.247065, 108.913479 34.247058)",1,126.29,residential,6,,,,auto,
1340,,1393,777,779,1,"LINESTRING (108.914853 34.247065, 108.914944 34.24704)",1,8.81,residential,6,,,,auto,
1341,,1393,779,777,1,"LINESTRING (108.914944 34.24704, 108.914853 34.247065)",1,8.81,residential,6,,,,auto,
1342,,1394,777,776,1,"LINESTRING (108.914853 34.247065, 108.914866 34.248797)",1,192.59,residential,6,,,,auto,
1343,,1394,776,777,1,"LINESTRING (108.914866 34.248797, 108.914853 34.247065)",1,192.59,residential,6,,,,auto,
1344,,1396,777,831,1,"LINESTRING (108.914853 34.247065, 108.913479 34.247058)",1,126.29,residential,6,,,,auto,
1345,,1396,831,777,1,"LINESTRING (108.913479 34.247058, 108.914853 34.247065)",1,126.29,residential,6,,,,auto,
1346,,1403,816,814,1,"LINESTRING (108.907638 34.247551, 108.907632 34.247313)",1,26.47,unclassified,20,,,,auto,
1347,,1403,814,816,1,"LINESTRING (108.907632 34.247313, 108.907638 34.247551)",1,26.47,unclassified,20,,,,auto,
1348,,1404,816,813,1,"LINESTRING (108.907638 34.247551, 108.907638 34.247622)",1,7.89,unclassified,20,,,,auto,
1349,,1404,813,816,1,"LINESTRING (108.907638 34.247622, 108.907638 34.247551)",1,7.89,unclassified,20,,,,auto,
1350,高新路,1411,835,836,1,"LINESTRING (108.896344 34.227396, 108.896598 34.227796)",1,50.24,secondary,4,50,4,,auto,
1351,高新路,1412,836,837,1,"LINESTRING (108.896598 34.227796, 108.896884 34.228248)",1,56.72,secondary,4,50,4,,auto,
1352,高新路,1413,838,839,1,"LINESTRING (108.896459 34.227969, 108.896142 34.227478)",1,61.89,secondary,4,50,4,,auto,
1353,友谊西路,1414,717,743,1,"LINESTRING (108.908645 34.242754, 108.907164 34.242762)",1,136.14,secondary,4,,3,,auto,
1354,,1415,12,388,1,"LINESTRING (108.917555 34.235654, 108.916425 34.236146)",1,117.40,trunk,2,,,,auto,
1355,,1416,356,27,1,"LINESTRING (108.917158 34.235142, 108.917925 34.2348)",1,80.11,trunk,2,,2,,auto,
1356,,1417,840,323,1,"LINESTRING (108.918902 34.234356, 108.919592 34.234047)",1,72.14,trunk,2,,2,,auto,
1357,,1418,400,11,1,"LINESTRING (108.919447 34.2348, 108.918289 34.235321)",1,121.20,trunk,2,,,,auto,
1358,太白南路,1419,464,841,1,"LINESTRING (108.917083 34.233548, 108.917644 34.234426)",1,110.41,primary,3,60,2,,auto,
1359,太白南路,1420,469,403,1,"LINESTRING (108.917016 34.233612, 108.91677 34.233271)",1,44.15,primary,3,,,,auto,
1360,二环南路西段,1421,842,25,1,"LINESTRING (108.914341 34.236489, 108.914963 34.236126)",1,69.99,trunk,2,70,3,,auto,
1361,,1422,842,205,1,"LINESTRING (108.914341 34.236489, 108.914925 34.236056)",1,72.11,trunk,2,,1,,auto,
1362,环城南路西段,1423,843,844,1,"LINESTRING (108.921819 34.252396, 108.922064 34.252398)",1,22.52,primary,3,,2,,auto,
1363,,1424,845,846,1,"LINESTRING (108.92197 34.251866, 108.922229 34.251863)",1,23.81,residential,6,,,,auto,
1364,,1424,846,845,1,"LINESTRING (108.922229 34.251863, 108.92197 34.251866)",1,23.81,residential,6,,,,auto,
1365,,1425,845,847,1,"LINESTRING (108.92197 34.251866, 108.921991 34.25227)",1,44.96,residential,6,,,,auto,
1366,,1425,847,845,1,"LINESTRING (108.921991 34.25227, 108.92197 34.251866)",1,44.96,residential,6,,,,auto,
1367,,1426,845,848,1,"LINESTRING (108.92197 34.251866, 108.921931 34.251613)",1,28.36,residential,6,,,,auto,
1368,,1426,848,845,1,"LINESTRING (108.921931 34.251613, 108.92197 34.251866)",1,28.36,residential,6,,,,auto,
1369,,1427,846,849,1,"LINESTRING (108.922229 34.251863, 108.922275 34.251608)",1,28.67,residential,6,,,,auto,
1370,,1427,849,846,1,"LINESTRING (108.922275 34.251608, 108.922229 34.251863)",1,28.67,residential,6,,,,auto,
1371,,1428,846,845,1,"LINESTRING (108.922229 34.251863, 108.92197 34.251866)",1,23.81,residential,6,,,,auto,
1372,,1428,845,846,1,"LINESTRING (108.92197 34.251866, 108.922229 34.251863)",1,23.81,residential,6,,,,auto,
1373,,1429,846,850,1,"LINESTRING (108.922229 34.251863, 108.92223 34.252032)",1,18.79,residential,6,,,,auto,
1374,,1429,850,846,1,"LINESTRING (108.92223 34.252032, 108.922229 34.251863)",1,18.79,residential,6,,,,auto,
1375,,1430,849,848,1,"LINESTRING (108.922275 34.251608, 108.921931 34.251613)",1,31.62,residential,6,,,,auto,
1376,,1430,848,849,1,"LINESTRING (108.921931 34.251613, 108.922275 34.251608)",1,31.62,residential,6,,,,auto,
1377,,1431,849,846,1,"LINESTRING (108.922275 34.251608, 108.922229 34.251863)",1,28.67,residential,6,,,,auto,
1378,,1431,846,849,1,"LINESTRING (108.922229 34.251863, 108.922275 34.251608)",1,28.67,residential,6,,,,auto,
1379,,1432,849,851,1,"LINESTRING (108.922275 34.251608, 108.922749 34.251304)",1,55.14,residential,6,,,,auto,
1380,,1432,851,849,1,"LINESTRING (108.922749 34.251304, 108.922275 34.251608)",1,55.14,residential,6,,,,auto,
1381,,1433,848,845,1,"LINESTRING (108.921931 34.251613, 108.92197 34.251866)",1,28.36,residential,6,,,,auto,
1382,,1433,845,848,1,"LINESTRING (108.92197 34.251866, 108.921931 34.251613)",1,28.36,residential,6,,,,auto,
1383,,1434,848,849,1,"LINESTRING (108.921931 34.251613, 108.922275 34.251608)",1,31.62,residential,6,,,,auto,
1384,,1434,849,848,1,"LINESTRING (108.922275 34.251608, 108.921931 34.251613)",1,31.62,residential,6,,,,auto,
1385,,1435,848,852,1,"LINESTRING (108.921931 34.251613, 108.921816 34.251562)",1,11.99,residential,6,,,,auto,
1386,,1435,852,848,1,"LINESTRING (108.921816 34.251562, 108.921931 34.251613)",1,11.99,residential,6,,,,auto,
1387,,1436,851,853,1,"LINESTRING (108.922749 34.251304, 108.922747 34.251155)",1,16.57,residential,6,,,,auto,
1388,,1436,853,851,1,"LINESTRING (108.922747 34.251155, 108.922749 34.251304)",1,16.57,residential,6,,,,auto,
1389,,1437,851,849,1,"LINESTRING (108.922749 34.251304, 108.922275 34.251608)",1,55.14,residential,6,,,,auto,
1390,,1437,849,851,1,"LINESTRING (108.922275 34.251608, 108.922749 34.251304)",1,55.14,residential,6,,,,auto,
1391,,1438,854,855,1,"LINESTRING (108.922709 34.249037, 108.922007 34.249046)",1,64.53,residential,6,,,,auto,
1392,,1438,855,854,1,"LINESTRING (108.922007 34.249046, 108.922709 34.249037)",1,64.53,residential,6,,,,auto,
1393,,1439,854,856,1,"LINESTRING (108.922709 34.249037, 108.922729 34.249704)",1,74.19,residential,6,,,,auto,
1394,,1439,856,854,1,"LINESTRING (108.922729 34.249704, 108.922709 34.249037)",1,74.19,residential,6,,,,auto,
1395,,1440,854,857,1,"LINESTRING (108.922709 34.249037, 108.922684 34.248416)",1,69.09,residential,6,,,,auto,
1396,,1440,857,854,1,"LINESTRING (108.922684 34.248416, 108.922709 34.249037)",1,69.09,residential,6,,,,auto,
1397,,1441,854,858,1,"LINESTRING (108.922709 34.249037, 108.92356 34.24904)",1,78.22,residential,6,,,,auto,
1398,,1441,858,854,1,"LINESTRING (108.92356 34.24904, 108.922709 34.249037)",1,78.22,residential,6,,,,auto,
1399,,1442,859,860,1,"LINESTRING (108.920521 34.249064, 108.920576 34.249746)",1,76.00,residential,6,,,,auto,
1400,,1442,860,859,1,"LINESTRING (108.920576 34.249746, 108.920521 34.249064)",1,76.00,residential,6,,,,auto,
1401,,1443,859,861,1,"LINESTRING (108.920521 34.249064, 108.921468 34.24905)",1,87.06,residential,6,,,,auto,
1402,,1443,861,859,1,"LINESTRING (108.921468 34.24905, 108.920521 34.249064)",1,87.06,residential,6,,,,auto,
1403,,1444,859,862,1,"LINESTRING (108.920521 34.249064, 108.919715 34.24902)",1,74.24,residential,6,,,,auto,
1404,,1444,862,859,1,"LINESTRING (108.919715 34.24902, 108.920521 34.249064)",1,74.24,residential,6,,,,auto,
1405,,1445,859,863,1,"LINESTRING (108.920521 34.249064, 108.920523 34.248419)",1,71.72,residential,6,,,,auto,
1406,,1445,863,859,1,"LINESTRING (108.920523 34.248419, 108.920521 34.249064)",1,71.72,residential,6,,,,auto,
1407,,1446,860,864,1,"LINESTRING (108.920576 34.249746, 108.920013 34.249756)",1,51.76,residential,6,,,,auto,
1408,,1446,864,860,1,"LINESTRING (108.920013 34.249756, 108.920576 34.249746)",1,51.76,residential,6,,,,auto,
1409,,1447,860,859,1,"LINESTRING (108.920576 34.249746, 108.920521 34.249064)",1,76.00,residential,6,,,,auto,
1410,,1447,859,860,1,"LINESTRING (108.920521 34.249064, 108.920576 34.249746)",1,76.00,residential,6,,,,auto,
1411,,1448,860,865,1,"LINESTRING (108.920576 34.249746, 108.921448 34.249723)",1,80.19,residential,6,,,,auto,
1412,,1448,865,860,1,"LINESTRING (108.921448 34.249723, 108.920576 34.249746)",1,80.19,residential,6,,,,auto,
1413,,1449,860,866,1,"LINESTRING (108.920576 34.249746, 108.920593 34.25098)",1,137.22,residential,6,,,,auto,
1414,,1449,866,860,1,"LINESTRING (108.920593 34.25098, 108.920576 34.249746)",1,137.22,residential,6,,,,auto,
1415,,1450,864,867,1,"LINESTRING (108.920013 34.249756, 108.919999 34.249833)",1,8.66,residential,6,,,,auto,
1416,,1450,867,864,1,"LINESTRING (108.919999 34.249833, 108.920013 34.249756)",1,8.66,residential,6,,,,auto,
1417,,1451,864,860,1,"LINESTRING (108.920013 34.249756, 108.920576 34.249746)",1,51.76,residential,6,,,,auto,
1418,,1451,860,864,1,"LINESTRING (108.920576 34.249746, 108.920013 34.249756)",1,51.76,residential,6,,,,auto,
1419,,1452,864,868,1,"LINESTRING (108.920013 34.249756, 108.920005 34.249705)",1,5.72,residential,6,,,,auto,
1420,,1452,868,864,1,"LINESTRING (108.920005 34.249705, 108.920013 34.249756)",1,5.72,residential,6,,,,auto,
1421,,1453,869,870,1,"LINESTRING (108.919976 34.249873, 108.919913 34.249934)",1,8.92,residential,6,,,,auto,
1422,,1453,870,869,1,"LINESTRING (108.919913 34.249934, 108.919976 34.249873)",1,8.92,residential,6,,,,auto,
1423,,1454,869,867,1,"LINESTRING (108.919976 34.249873, 108.919999 34.249833)",1,4.92,residential,6,,,,auto,
1424,,1454,867,869,1,"LINESTRING (108.919999 34.249833, 108.919976 34.249873)",1,4.92,residential,6,,,,auto,
1425,,1455,871,872,1,"LINESTRING (108.919838 34.24997, 108.919759 34.249984)",1,7.43,residential,6,,,,auto,
1426,,1455,872,871,1,"LINESTRING (108.919759 34.249984, 108.919838 34.24997)",1,7.43,residential,6,,,,auto,
1427,,1456,871,870,1,"LINESTRING (108.919838 34.24997, 108.919913 34.249934)",1,7.97,residential,6,,,,auto,
1428,,1456,870,871,1,"LINESTRING (108.919913 34.249934, 108.919838 34.24997)",1,7.97,residential,6,,,,auto,
1429,,1457,873,874,1,"LINESTRING (108.919677 34.249978, 108.91958 34.249941)",1,9.82,residential,6,,,,auto,
1430,,1457,874,873,1,"LINESTRING (108.91958 34.249941, 108.919677 34.249978)",1,9.82,residential,6,,,,auto,
1431,,1458,873,875,1,"LINESTRING (108.919677 34.249978, 108.919711 34.249981)",1,3.14,residential,6,,,,auto,
1432,,1458,875,873,1,"LINESTRING (108.919711 34.249981, 108.919677 34.249978)",1,3.14,residential,6,,,,auto,
1433,,1459,876,877,1,"LINESTRING (108.91951 34.249877, 108.919483 34.249828)",1,5.99,residential,6,,,,auto,
1434,,1459,877,876,1,"LINESTRING (108.919483 34.249828, 108.91951 34.249877)",1,5.99,residential,6,,,,auto,
1435,,1460,876,874,1,"LINESTRING (108.91951 34.249877, 108.91958 34.249941)",1,9.59,residential,6,,,,auto,
1436,,1460,874,876,1,"LINESTRING (108.91958 34.249941, 108.91951 34.249877)",1,9.59,residential,6,,,,auto,
1437,,1461,878,879,1,"LINESTRING (108.91947 34.249765, 108.918916 34.249778)",1,50.94,residential,6,,,,auto,
1438,,1461,879,878,1,"LINESTRING (108.918916 34.249778, 108.91947 34.249765)",1,50.94,residential,6,,,,auto,
1439,,1462,878,877,1,"LINESTRING (108.91947 34.249765, 108.919483 34.249828)",1,7.11,residential,6,,,,auto,
1440,,1462,877,878,1,"LINESTRING (108.919483 34.249828, 108.91947 34.249765)",1,7.11,residential,6,,,,auto,
1441,,1463,878,880,1,"LINESTRING (108.91947 34.249765, 108.919482 34.249697)",1,7.64,residential,6,,,,auto,
1442,,1463,880,878,1,"LINESTRING (108.919482 34.249697, 108.91947 34.249765)",1,7.64,residential,6,,,,auto,
1443,太白北路,1464,247,881,1,"LINESTRING (108.918825 34.249777, 108.918806 34.2521)",1,258.31,primary,3,,3,,auto,
1444,,1465,247,879,1,"LINESTRING (108.918825 34.249777, 108.918916 34.249778)",1,8.36,residential,6,,,,auto,
1445,,1465,879,247,1,"LINESTRING (108.918916 34.249778, 108.918825 34.249777)",1,8.36,residential,6,,,,auto,
1446,,1466,882,883,1,"LINESTRING (108.919537 34.249614, 108.919591 34.249574)",1,6.66,residential,6,,,,auto,
1447,,1466,883,882,1,"LINESTRING (108.919591 34.249574, 108.919537 34.249614)",1,6.66,residential,6,,,,auto,
1448,,1467,882,880,1,"LINESTRING (108.919537 34.249614, 108.919482 34.249697)",1,10.52,residential,6,,,,auto,
1449,,1467,880,882,1,"LINESTRING (108.919482 34.249697, 108.919537 34.249614)",1,10.52,residential,6,,,,auto,
1450,,1468,884,885,1,"LINESTRING (108.919655 34.249548, 108.919731 34.249536)",1,7.11,residential,6,,,,auto,
1451,,1468,885,884,1,"LINESTRING (108.919731 34.249536, 108.919655 34.249548)",1,7.11,residential,6,,,,auto,
1452,,1469,884,883,1,"LINESTRING (108.919655 34.249548, 108.919591 34.249574)",1,6.55,residential,6,,,,auto,
1453,,1469,883,884,1,"LINESTRING (108.919591 34.249574, 108.919655 34.249548)",1,6.55,residential,6,,,,auto,
1454,,1470,886,887,1,"LINESTRING (108.919806 34.249542, 108.919875 34.249565)",1,6.84,residential,6,,,,auto,
1455,,1470,887,886,1,"LINESTRING (108.919875 34.249565, 108.919806 34.249542)",1,6.84,residential,6,,,,auto,
1456,,1471,886,885,1,"LINESTRING (108.919806 34.249542, 108.919731 34.249536)",1,6.93,residential,6,,,,auto,
1457,,1471,885,886,1,"LINESTRING (108.919731 34.249536, 108.919806 34.249542)",1,6.93,residential,6,,,,auto,
1458,,1472,888,889,1,"LINESTRING (108.919918 34.24959, 108.919955 34.249621)",1,4.84,residential,6,,,,auto,
1459,,1472,889,888,1,"LINESTRING (108.919955 34.249621, 108.919918 34.24959)",1,4.84,residential,6,,,,auto,
1460,,1473,888,887,1,"LINESTRING (108.919918 34.24959, 108.919875 34.249565)",1,4.83,residential,6,,,,auto,
1461,,1473,887,888,1,"LINESTRING (108.919875 34.249565, 108.919918 34.24959)",1,4.83,residential,6,,,,auto,
1462,,1474,861,859,1,"LINESTRING (108.921468 34.24905, 108.920521 34.249064)",1,87.06,residential,6,,,,auto,
1463,,1474,859,861,1,"LINESTRING (108.920521 34.249064, 108.921468 34.24905)",1,87.06,residential,6,,,,auto,
1464,,1475,861,855,1,"LINESTRING (108.921468 34.24905, 108.922007 34.249046)",1,49.54,residential,6,,,,auto,
1465,,1475,855,861,1,"LINESTRING (108.922007 34.249046, 108.921468 34.24905)",1,49.54,residential,6,,,,auto,
1466,,1476,861,865,1,"LINESTRING (108.921468 34.24905, 108.921448 34.249723)",1,74.86,residential,6,,,,auto,
1467,,1476,865,861,1,"LINESTRING (108.921448 34.249723, 108.921468 34.24905)",1,74.86,residential,6,,,,auto,
1468,,1477,890,891,1,"LINESTRING (108.921482 34.251398, 108.921726 34.251523)",1,26.38,residential,6,,,,auto,
1469,,1477,891,890,1,"LINESTRING (108.921726 34.251523, 108.921482 34.251398)",1,26.38,residential,6,,,,auto,
1470,,1478,890,892,1,"LINESTRING (108.921482 34.251398, 108.92148 34.251067)",1,36.81,residential,6,,,,auto,
1471,,1478,892,890,1,"LINESTRING (108.92148 34.251067, 108.921482 34.251398)",1,36.81,residential,6,,,,auto,
1472,,1479,891,852,1,"LINESTRING (108.921726 34.251523, 108.921816 34.251562)",1,9.34,residential,6,,,,auto,
1473,,1479,852,891,1,"LINESTRING (108.921816 34.251562, 108.921726 34.251523)",1,9.34,residential,6,,,,auto,
1474,,1480,891,890,1,"LINESTRING (108.921726 34.251523, 108.921482 34.251398)",1,26.38,residential,6,,,,auto,
1475,,1480,890,891,1,"LINESTRING (108.921482 34.251398, 108.921726 34.251523)",1,26.38,residential,6,,,,auto,
1476,,1481,856,854,1,"LINESTRING (108.922729 34.249704, 108.922709 34.249037)",1,74.19,residential,6,,,,auto,
1477,,1481,854,856,1,"LINESTRING (108.922709 34.249037, 108.922729 34.249704)",1,74.19,residential,6,,,,auto,
1478,,1482,856,893,1,"LINESTRING (108.922729 34.249704, 108.922734 34.250094)",1,43.37,residential,6,,,,auto,
1479,,1482,893,856,1,"LINESTRING (108.922734 34.250094, 108.922729 34.249704)",1,43.37,residential,6,,,,auto,
1480,,1483,856,894,1,"LINESTRING (108.922729 34.249704, 108.923574 34.24969)",1,77.68,residential,6,,,,auto,
1481,,1483,894,856,1,"LINESTRING (108.923574 34.24969, 108.922729 34.249704)",1,77.68,residential,6,,,,auto,
1482,,1484,856,865,1,"LINESTRING (108.922729 34.249704, 108.921448 34.249723)",1,117.76,residential,6,,,,auto,
1483,,1484,865,856,1,"LINESTRING (108.921448 34.249723, 108.922729 34.249704)",1,117.76,residential,6,,,,auto,
1484,,1485,895,896,1,"LINESTRING (108.92518 34.249664, 108.925061 34.249666)",1,10.94,residential,6,,,,auto,
1485,,1485,896,895,1,"LINESTRING (108.925061 34.249666, 108.92518 34.249664)",1,10.94,residential,6,,,,auto,
1486,人民南巷,1486,235,897,1,"LINESTRING (108.913424 34.252543, 108.913536 34.252457)",1,14.05,unclassified,20,,,,auto,
1487,人民南巷,1486,897,235,1,"LINESTRING (108.913536 34.252457, 108.913424 34.252543)",1,14.05,unclassified,20,,,,auto,
1488,人民南巷,1487,235,231,1,"LINESTRING (108.913424 34.252543, 108.913413 34.253397)",1,94.97,unclassified,20,,,,auto,
1489,人民南巷,1487,231,235,1,"LINESTRING (108.913413 34.253397, 108.913424 34.252543)",1,94.97,unclassified,20,,,,auto,
1490,南小巷,1489,898,229,1,"LINESTRING (108.911657 34.252533, 108.911735 34.252457)",1,11.08,tertiary,5,,,,auto,
1491,南小巷,1489,229,898,1,"LINESTRING (108.911735 34.252457, 108.911657 34.252533)",1,11.08,tertiary,5,,,,auto,
1492,环城南路西段,1491,899,900,1,"LINESTRING (108.924712 34.252371, 108.925085 34.252347)",1,34.39,primary,3,,,,auto,
1493,西工大路,1492,751,750,1,"LINESTRING (108.915647 34.252278, 108.915586 34.247615)",1,518.53,residential,6,,,,auto,
1494,西工大路,1492,750,751,1,"LINESTRING (108.915586 34.247615, 108.915647 34.252278)",1,518.53,residential,6,,,,auto,
1495,西工大路,1493,751,901,1,"LINESTRING (108.915647 34.252278, 108.915645 34.252351)",1,8.12,residential,6,,,,auto,
1496,西工大路,1493,901,751,1,"LINESTRING (108.915645 34.252351, 108.915647 34.252278)",1,8.12,residential,6,,,,auto,
1497,解家村路,1495,902,903,1,"LINESTRING (108.915593 34.252555, 108.915599 34.25245)",1,11.69,tertiary,5,,,,auto,
1498,解家村路,1495,903,902,1,"LINESTRING (108.915599 34.25245, 108.915593 34.252555)",1,11.69,tertiary,5,,,,auto,
1499,环城南路西段,1497,904,107,1,"LINESTRING (108.92222 34.252401, 108.9223 34.252398)",1,7.36,primary,3,,4,,auto,
1500,二环南路西段辅路,1505,644,905,1,"LINESTRING (108.902192 34.242515, 108.900431 34.243316)",1,184.76,unclassified,20,,1,,auto,
1501,西市一路,1506,644,643,1,"LINESTRING (108.902192 34.242515, 108.902226 34.242568)",1,6.67,tertiary,5,,,,auto,
1502,西市一路,1506,643,644,1,"LINESTRING (108.902226 34.242568, 108.902192 34.242515)",1,6.67,tertiary,5,,,,auto,
1503,西市一路,1507,644,516,1,"LINESTRING (108.902192 34.242515, 108.902126 34.24242)",1,12.18,tertiary,5,,,,auto,
1504,西市一路,1507,516,644,1,"LINESTRING (108.902126 34.24242, 108.902192 34.242515)",1,12.18,tertiary,5,,,,auto,
1505,,1526,906,244,1,"LINESTRING (108.920431 34.238782, 108.920439 34.239997)",1,135.10,residential,6,,,,auto,
1506,,1526,244,906,1,"LINESTRING (108.920439 34.239997, 108.920431 34.238782)",1,135.10,residential,6,,,,auto,
1507,水文巷,1527,244,1740,1,"LINESTRING (108.920439 34.239997, 108.91901 34.239986)",1,131.36,tertiary,5,,,,auto,
1508,水文巷,1527,1740,244,1,"LINESTRING (108.91901 34.239986, 108.920439 34.239997)",1,131.36,tertiary,5,,,,auto,
1509,水文巷,1528,244,243,1,"LINESTRING (108.920439 34.239997, 108.923614 34.24)",1,291.86,tertiary,5,,,,auto,
1510,水文巷,1528,243,244,1,"LINESTRING (108.923614 34.24, 108.920439 34.239997)",1,291.86,tertiary,5,,,,auto,
1511,,1529,244,906,1,"LINESTRING (108.920439 34.239997, 108.920431 34.238782)",1,135.10,residential,6,,,,auto,
1512,,1529,906,244,1,"LINESTRING (108.920431 34.238782, 108.920439 34.239997)",1,135.10,residential,6,,,,auto,
1513,环城南路西段,1530,705,907,1,"LINESTRING (108.919911 34.252567, 108.918986 34.252568)",1,85.02,primary,3,,,,auto,
1514,环城西路南段,1533,908,909,1,"LINESTRING (108.918785 34.253247, 108.918783 34.25387)",1,69.27,primary,3,,4,,auto,
1515,,1536,910,911,1,"LINESTRING (108.903306 34.229279, 108.903741 34.2291)",1,44.67,residential,6,,,,auto,
1516,,1536,911,910,1,"LINESTRING (108.903741 34.2291, 108.903306 34.229279)",1,44.67,residential,6,,,,auto,
1517,,1537,910,912,1,"LINESTRING (108.903306 34.229279, 108.903462 34.22952)",1,30.39,residential,6,,,,auto,
1518,,1537,912,910,1,"LINESTRING (108.903462 34.22952, 108.903306 34.229279)",1,30.39,residential,6,,,,auto,
1519,,1538,911,910,1,"LINESTRING (108.903741 34.2291, 108.903306 34.229279)",1,44.67,residential,6,,,,auto,
1520,,1538,910,911,1,"LINESTRING (108.903306 34.229279, 108.903741 34.2291)",1,44.67,residential,6,,,,auto,
1521,,1539,912,910,1,"LINESTRING (108.903462 34.22952, 108.903306 34.229279)",1,30.39,residential,6,,,,auto,
1522,,1539,910,912,1,"LINESTRING (108.903306 34.229279, 108.903462 34.22952)",1,30.39,residential,6,,,,auto,
1523,,1540,912,913,1,"LINESTRING (108.903462 34.22952, 108.90366 34.229824)",1,38.39,residential,6,,,,auto,
1524,,1540,913,912,1,"LINESTRING (108.90366 34.229824, 108.903462 34.22952)",1,38.39,residential,6,,,,auto,
1525,,1541,912,914,1,"LINESTRING (108.903462 34.22952, 108.90388 34.229324)",1,44.18,residential,6,,,,auto,
1526,,1541,914,912,1,"LINESTRING (108.90388 34.229324, 108.903462 34.22952)",1,44.18,residential,6,,,,auto,
1527,,1542,914,912,1,"LINESTRING (108.90388 34.229324, 108.903462 34.22952)",1,44.18,residential,6,,,,auto,
1528,,1542,912,914,1,"LINESTRING (108.903462 34.22952, 108.90388 34.229324)",1,44.18,residential,6,,,,auto,
1529,,1543,913,912,1,"LINESTRING (108.90366 34.229824, 108.903462 34.22952)",1,38.39,residential,6,,,,auto,
1530,,1543,912,913,1,"LINESTRING (108.903462 34.22952, 108.90366 34.229824)",1,38.39,residential,6,,,,auto,
1531,,1544,913,915,1,"LINESTRING (108.90366 34.229824, 108.903909 34.230168)",1,44.58,residential,6,,,,auto,
1532,,1544,915,913,1,"LINESTRING (108.903909 34.230168, 108.90366 34.229824)",1,44.58,residential,6,,,,auto,
1533,,1545,913,916,1,"LINESTRING (108.90366 34.229824, 108.904102 34.229635)",1,45.75,residential,6,,,,auto,
1534,,1545,916,913,1,"LINESTRING (108.904102 34.229635, 108.90366 34.229824)",1,45.75,residential,6,,,,auto,
1535,,1546,916,913,1,"LINESTRING (108.904102 34.229635, 108.90366 34.229824)",1,45.75,residential,6,,,,auto,
1536,,1546,913,916,1,"LINESTRING (108.90366 34.229824, 108.904102 34.229635)",1,45.75,residential,6,,,,auto,
1537,,1547,915,913,1,"LINESTRING (108.903909 34.230168, 108.90366 34.229824)",1,44.58,residential,6,,,,auto,
1538,,1547,913,915,1,"LINESTRING (108.90366 34.229824, 108.903909 34.230168)",1,44.58,residential,6,,,,auto,
1539,,1548,915,917,1,"LINESTRING (108.903909 34.230168, 108.904282 34.230708)",1,69.15,residential,6,,,,auto,
1540,,1548,917,915,1,"LINESTRING (108.904282 34.230708, 108.903909 34.230168)",1,69.15,residential,6,,,,auto,
1541,,1549,915,918,1,"LINESTRING (108.903909 34.230168, 108.90434 34.229974)",1,45.12,residential,6,,,,auto,
1542,,1549,918,915,1,"LINESTRING (108.90434 34.229974, 108.903909 34.230168)",1,45.12,residential,6,,,,auto,
1543,,1550,918,915,1,"LINESTRING (108.90434 34.229974, 108.903909 34.230168)",1,45.12,residential,6,,,,auto,
1544,,1550,915,918,1,"LINESTRING (108.903909 34.230168, 108.90434 34.229974)",1,45.12,residential,6,,,,auto,
1545,白沙路,1551,204,919,1,"LINESTRING (108.908663 34.23297, 108.909133 34.233708)",1,92.74,tertiary,5,,2,,auto,
1546,,1552,658,656,1,"LINESTRING (108.894216 34.229484, 108.894682 34.22927)",1,49.01,residential,6,,,,auto,
1547,,1552,656,658,1,"LINESTRING (108.894682 34.22927, 108.894216 34.229484)",1,49.01,residential,6,,,,auto,
1548,,1553,658,920,1,"LINESTRING (108.894216 34.229484, 108.893935 34.229059)",1,53.86,residential,6,,,,auto,
1549,,1553,920,658,1,"LINESTRING (108.893935 34.229059, 108.894216 34.229484)",1,53.86,residential,6,,,,auto,
1550,,1554,920,921,1,"LINESTRING (108.893935 34.229059, 108.893875 34.228993)",1,9.18,residential,6,,,,auto,
1551,,1554,921,920,1,"LINESTRING (108.893875 34.228993, 108.893935 34.229059)",1,9.18,residential,6,,,,auto,
1552,,1555,920,658,1,"LINESTRING (108.893935 34.229059, 108.894216 34.229484)",1,53.86,residential,6,,,,auto,
1553,,1555,658,920,1,"LINESTRING (108.894216 34.229484, 108.893935 34.229059)",1,53.86,residential,6,,,,auto,
1554,,1556,921,922,1,"LINESTRING (108.893875 34.228993, 108.893777 34.228951)",1,10.15,residential,6,,,,auto,
1555,,1556,922,921,1,"LINESTRING (108.893777 34.228951, 108.893875 34.228993)",1,10.15,residential,6,,,,auto,
1556,,1557,921,920,1,"LINESTRING (108.893875 34.228993, 108.893935 34.229059)",1,9.18,residential,6,,,,auto,
1557,,1557,920,921,1,"LINESTRING (108.893935 34.229059, 108.893875 34.228993)",1,9.18,residential,6,,,,auto,
1558,通义巷,1559,698,699,1,"LINESTRING (108.924709 34.245158, 108.921745 34.245128)",1,272.47,tertiary,5,,,,auto,
1559,通义巷,1559,699,698,1,"LINESTRING (108.921745 34.245128, 108.924709 34.245158)",1,272.47,tertiary,5,,,,auto,
1560,边东街,1560,698,923,1,"LINESTRING (108.924709 34.245158, 108.924677 34.242871)",1,254.32,tertiary,5,,2,,auto,
1561,环城南路西段,1561,924,925,1,"LINESTRING (108.926201 34.252494, 108.925506 34.252496)",1,63.88,primary,3,60,2,,auto,
1562,环城南路西段,1562,925,736,1,"LINESTRING (108.925506 34.252496, 108.924519 34.25251)",1,90.73,primary,3,60,2,,auto,
1563,环城南路西段,1563,736,926,1,"LINESTRING (108.924519 34.25251, 108.924099 34.252512)",1,38.60,primary,3,,4,,auto,
1564,环城南路西段,1564,927,928,1,"LINESTRING (108.921772 34.252475, 108.921294 34.252456)",1,43.98,primary,3,,2,,auto,
1565,环城南路西段,1565,929,930,1,"LINESTRING (108.919157 34.252437, 108.918357 34.25243)",1,73.53,primary,3,,2,,auto,
1566,环城南路西段,1566,931,932,1,"LINESTRING (108.921759 34.252532, 108.921479 34.252547)",1,25.79,primary,3,,,,auto,
1567,环城南路西段,1567,933,934,1,"LINESTRING (108.922409 34.252506, 108.922211 34.252503)",1,18.20,primary,3,,2,,auto,
1568,环城南路西段,1568,926,935,1,"LINESTRING (108.924099 34.252512, 108.923362 34.252517)",1,67.74,primary,3,,4,,auto,
1569,,1569,56,936,1,"LINESTRING (108.915807 34.252332, 108.916179 34.252316)",1,34.24,primary,3,,,,auto,
1570,丰庆路,1570,57,937,1,"LINESTRING (108.916066 34.252357, 108.916412 34.252372)",1,31.84,primary,3,,4,,auto,
1571,丰庆路,1571,937,92,1,"LINESTRING (108.916412 34.252372, 108.918348 34.252364)",1,177.94,primary,3,,2,,auto,
1572,,1572,936,740,1,"LINESTRING (108.916179 34.252316, 108.916372 34.252273)",1,18.37,primary,3,,,,auto,
1573,环城西路南段,1573,938,939,1,"LINESTRING (108.918695 34.254232, 108.918689 34.253578)",1,72.72,primary,3,,4,,auto,
1574,环城西路南段,1574,940,941,1,"LINESTRING (108.918686 34.253246, 108.918683 34.252977)",1,29.91,primary,3,,4,,auto,
1575,环城西路南段,1575,941,942,1,"LINESTRING (108.918683 34.252977, 108.918684 34.252896)",1,9.01,primary,3,,4,,auto,
1576,环城西路南段,1576,942,943,1,"LINESTRING (108.918684 34.252896, 108.918684 34.252718)",1,19.79,primary,3,,4,,auto,
1577,,1577,1720,945,1,"LINESTRING (108.918687 34.252569, 108.918569 34.252569)",1,10.85,primary,3,,,,auto,
1578,环城西路南段,1578,1720,1722,1,"LINESTRING (108.918687 34.252569, 108.918694 34.252219)",1,38.92,primary,3,,4,,auto,
1579,桃园南路,1579,946,947,1,"LINESTRING (108.896361 34.252707, 108.896364 34.252649)",1,6.46,secondary,4,,3,,auto,
1580,二环南路西段,1580,1744,948,1,"LINESTRING (108.895713 34.245284, 108.895626 34.245323)",1,9.10,secondary,4,50,2,,auto,
1581,桃园南路,1581,1744,1739,1,"LINESTRING (108.895713 34.245284, 108.895463 34.244922)",1,46.35,secondary,4,,3,,auto,
1582,桃园南路,1582,950,951,1,"LINESTRING (108.895826 34.245483, 108.895782 34.245405)",1,9.57,secondary,4,,3,,auto,
1583,桃园南路,1583,952,950,1,"LINESTRING (108.89592 34.245649, 108.895826 34.245483)",1,20.38,secondary,4,,3,,auto,
1584,桃园南路,1584,953,952,1,"LINESTRING (108.896062 34.245882, 108.89592 34.245649)",1,29.01,secondary,4,,3,,auto,
1585,桃园南路,1585,954,953,1,"LINESTRING (108.896186 34.246125, 108.896062 34.245882)",1,29.33,secondary,4,,3,,auto,
1586,桃园南路,1586,955,954,1,"LINESTRING (108.896271 34.24635, 108.896186 34.246125)",1,26.21,secondary,4,,3,,auto,
1587,桃园南路,1587,956,957,1,"LINESTRING (108.89633 34.246586, 108.896304 34.246482)",1,11.81,secondary,4,,3,,auto,
1588,桃园南路,1588,958,959,1,"LINESTRING (108.896398 34.247074, 108.896373 34.246835)",1,26.67,secondary,4,,3,,auto,
1589,桃园南路,1589,960,958,1,"LINESTRING (108.896404 34.248152, 108.896398 34.247074)",1,119.87,secondary,4,,3,,auto,
1590,桃园南路,1591,961,960,1,"LINESTRING (108.8964 34.24889, 108.896404 34.248152)",1,82.06,secondary,4,,3,,auto,
1591,桃园南路,1592,962,961,1,"LINESTRING (108.896395 34.249755, 108.8964 34.24889)",1,96.18,secondary,4,,3,,auto,
1592,桃园南路,1593,963,962,1,"LINESTRING (108.896397 34.251912, 108.896395 34.249755)",1,239.85,secondary,4,,3,,auto,
1594,高新四路,1595,1739,964,1,"LINESTRING (108.895463 34.244922, 108.895377 34.244785)",1,17.16,secondary,4,60,2,,auto,
1595,丰庆路,1596,527,530,1,"LINESTRING (108.896094 34.252335, 108.896148 34.252334)",1,4.96,primary,3,,4,,auto,
1596,,1597,965,966,1,"LINESTRING (108.901266 34.25246, 108.901307 34.252545)",1,10.18,residential,6,,,,auto,
1597,,1597,966,965,1,"LINESTRING (108.901307 34.252545, 108.901266 34.25246)",1,10.18,residential,6,,,,auto,
1598,丰庆路,1598,965,967,1,"LINESTRING (108.901266 34.25246, 108.900477 34.25245)",1,72.53,primary,3,,4,,auto,
1599,丰庆路,1599,219,968,1,"LINESTRING (108.900318 34.252449, 108.899266 34.25245)",1,96.69,primary,3,,4,,auto,
1600,锦园路,1600,219,217,1,"LINESTRING (108.900318 34.252449, 108.900346 34.252358)",1,10.44,tertiary,5,,,,auto,
1601,锦园路,1600,217,219,1,"LINESTRING (108.900346 34.252358, 108.900318 34.252449)",1,10.44,tertiary,5,,,,auto,
1602,锦园路,1601,219,969,1,"LINESTRING (108.900318 34.252449, 108.900311 34.252552)",1,11.47,tertiary,5,,,,auto,
1603,锦园路,1601,969,219,1,"LINESTRING (108.900311 34.252552, 108.900318 34.252449)",1,11.47,tertiary,5,,,,auto,
1604,老机场路,1602,970,665,1,"LINESTRING (108.902728 34.252452, 108.902814 34.252535)",1,12.15,tertiary,5,,,,auto,
1605,老机场路,1602,665,970,1,"LINESTRING (108.902814 34.252535, 108.902728 34.252452)",1,12.15,tertiary,5,,,,auto,
1606,丰庆路,1603,970,965,1,"LINESTRING (108.902728 34.252452, 108.901266 34.25246)",1,134.38,primary,3,,4,,auto,
1607,丰庆路,1604,971,972,1,"LINESTRING (108.896801 34.252453, 108.896714 34.252453)",1,8.00,primary,3,,4,,auto,
1608,丰庆路,1605,973,974,1,"LINESTRING (108.89615 34.252455, 108.895417 34.252472)",1,67.40,primary,3,,4,,auto,
1609,丰庆路,1608,974,975,1,"LINESTRING (108.895417 34.252472, 108.895167 34.252482)",1,23.00,primary,3,,4,,auto,
1610,丰庆路,1609,976,977,1,"LINESTRING (108.895127 34.252483, 108.895012 34.252492)",1,10.62,primary,3,,4,,auto,
1611,丰庆路,1610,977,978,1,"LINESTRING (108.895012 34.252492, 108.894884 34.252509)",1,11.92,primary,3,,4,,auto,
1612,丰庆路,1611,978,979,1,"LINESTRING (108.894884 34.252509, 108.89471 34.252537)",1,16.29,primary,3,,4,,auto,
1613,丰庆路,1612,979,980,1,"LINESTRING (108.89471 34.252537, 108.894378 34.252606)",1,31.46,primary,3,,4,,auto,
1614,,1613,979,981,1,"LINESTRING (108.89471 34.252537, 108.894705 34.253099)",1,62.49,residential,6,,,,auto,
1615,,1613,981,979,1,"LINESTRING (108.894705 34.253099, 108.89471 34.252537)",1,62.49,residential,6,,,,auto,
1616,西市二路,1614,784,982,1,"LINESTRING (108.900242 34.244328, 108.900241 34.244093)",1,26.13,tertiary,5,,,,auto,
1617,西市二路,1614,982,784,1,"LINESTRING (108.900241 34.244093, 108.900242 34.244328)",1,26.13,tertiary,5,,,,auto,
1618,西市二路,1615,784,783,1,"LINESTRING (108.900242 34.244328, 108.90023 34.245278)",1,105.64,tertiary,5,,,,auto,
1619,西市二路,1615,783,784,1,"LINESTRING (108.90023 34.245278, 108.900242 34.244328)",1,105.64,tertiary,5,,,,auto,
1620,西市二路,1616,982,983,1,"LINESTRING (108.900241 34.244093, 108.900206 34.2439)",1,21.70,tertiary,5,,,,auto,
1621,西市二路,1616,983,982,1,"LINESTRING (108.900206 34.2439, 108.900241 34.244093)",1,21.70,tertiary,5,,,,auto,
1622,西市二路,1617,982,784,1,"LINESTRING (108.900241 34.244093, 108.900242 34.244328)",1,26.13,tertiary,5,,,,auto,
1623,西市二路,1617,784,982,1,"LINESTRING (108.900242 34.244328, 108.900241 34.244093)",1,26.13,tertiary,5,,,,auto,
1624,西市二路,1618,983,984,1,"LINESTRING (108.900206 34.2439, 108.900076 34.243534)",1,42.42,tertiary,5,,,,auto,
1625,西市二路,1618,984,983,1,"LINESTRING (108.900076 34.243534, 108.900206 34.2439)",1,42.42,tertiary,5,,,,auto,
1626,西市二路,1619,983,982,1,"LINESTRING (108.900206 34.2439, 108.900241 34.244093)",1,21.70,tertiary,5,,,,auto,
1627,西市二路,1619,982,983,1,"LINESTRING (108.900241 34.244093, 108.900206 34.2439)",1,21.70,tertiary,5,,,,auto,
1628,二环南路西段辅路,1620,985,986,1,"LINESTRING (108.900059 34.243486, 108.896035 34.245293)",1,420.93,unclassified,20,,1,,auto,
1629,西市二路,1621,985,987,1,"LINESTRING (108.900059 34.243486, 108.899992 34.243392)",1,12.13,tertiary,5,,,,auto,
1630,西市二路,1621,987,985,1,"LINESTRING (108.899992 34.243392, 108.900059 34.243486)",1,12.13,tertiary,5,,,,auto,
1631,西市二路,1622,985,984,1,"LINESTRING (108.900059 34.243486, 108.900076 34.243534)",1,5.56,tertiary,5,,,,auto,
1632,西市二路,1622,984,985,1,"LINESTRING (108.900076 34.243534, 108.900059 34.243486)",1,5.56,tertiary,5,,,,auto,
1633,二环南路西段,1623,987,522,1,"LINESTRING (108.899992 34.243392, 108.896788 34.244816)",1,334.38,secondary,4,,3,,auto,
1634,西市二路,1624,987,985,1,"LINESTRING (108.899992 34.243392, 108.900059 34.243486)",1,12.13,tertiary,5,,,,auto,
1635,西市二路,1624,985,987,1,"LINESTRING (108.900059 34.243486, 108.899992 34.243392)",1,12.13,tertiary,5,,,,auto,
1636,西市南路,1625,988,792,1,"LINESTRING (108.901406 34.246296, 108.900391 34.246297)",1,93.30,tertiary,5,,,,auto,
1637,西市南路,1625,792,988,1,"LINESTRING (108.900391 34.246297, 108.901406 34.246296)",1,93.30,tertiary,5,,,,auto,
1638,西市南路,1626,988,795,1,"LINESTRING (108.901406 34.246296, 108.901556 34.246299)",1,13.79,tertiary,5,,,,auto,
1639,西市南路,1626,795,988,1,"LINESTRING (108.901556 34.246299, 108.901406 34.246296)",1,13.79,tertiary,5,,,,auto,
1640,西市中路,1627,988,989,1,"LINESTRING (108.901406 34.246296, 108.901407 34.246418)",1,13.57,tertiary,5,,,,auto,
1641,西市中路,1627,989,988,1,"LINESTRING (108.901407 34.246418, 108.901406 34.246296)",1,13.57,tertiary,5,,,,auto,
1642,西市北路,1628,990,803,1,"LINESTRING (108.901403 34.249714, 108.901528 34.249713)",1,11.49,tertiary,5,,,,auto,
1643,西市北路,1628,803,990,1,"LINESTRING (108.901528 34.249713, 108.901403 34.249714)",1,11.49,tertiary,5,,,,auto,
1644,西市北路,1629,990,991,1,"LINESTRING (108.901403 34.249714, 108.901299 34.249714)",1,9.56,tertiary,5,,,,auto,
1645,西市北路,1629,991,990,1,"LINESTRING (108.901299 34.249714, 108.901403 34.249714)",1,9.56,tertiary,5,,,,auto,
1646,西市中路,1630,990,992,1,"LINESTRING (108.901403 34.249714, 108.901403 34.249631)",1,9.23,tertiary,5,,,,auto,
1647,西市中路,1630,992,990,1,"LINESTRING (108.901403 34.249631, 108.901403 34.249714)",1,9.23,tertiary,5,,,,auto,
1648,,1631,990,993,1,"LINESTRING (108.901403 34.249714, 108.901421 34.250052)",1,37.62,unclassified,20,,,,auto,
1649,,1631,993,990,1,"LINESTRING (108.901421 34.250052, 108.901403 34.249714)",1,37.62,unclassified,20,,,,auto,
1650,科创路,1632,818,994,1,"LINESTRING (108.899418 34.228624, 108.900264 34.228246)",1,88.41,tertiary,5,,,,auto,
1651,,1633,818,995,1,"LINESTRING (108.899418 34.228624, 108.899451 34.228674)",1,6.33,residential,6,,,,auto,
1652,,1633,995,818,1,"LINESTRING (108.899451 34.228674, 108.899418 34.228624)",1,6.33,residential,6,,,,auto,
1653,,1634,996,997,1,"LINESTRING (108.900014 34.22953, 108.899854 34.229286)",1,30.86,residential,6,,,,auto,
1654,,1634,997,996,1,"LINESTRING (108.899854 34.229286, 108.900014 34.22953)",1,30.86,residential,6,,,,auto,
1655,,1637,215,192,1,"LINESTRING (108.90428 34.232937, 108.90451 34.233292)",1,44.78,residential,6,,,,auto,
1656,,1637,192,215,1,"LINESTRING (108.90451 34.233292, 108.90428 34.232937)",1,44.78,residential,6,,,,auto,
1657,光华路,1640,998,216,1,"LINESTRING (108.904923 34.234516, 108.905171 34.234404)",1,25.98,tertiary,5,,,,auto,
1658,光华路,1640,216,998,1,"LINESTRING (108.905171 34.234404, 108.904923 34.234516)",1,25.98,tertiary,5,,,,auto,
1659,光华路,1641,998,450,1,"LINESTRING (108.904923 34.234516, 108.904476 34.234716)",1,46.72,tertiary,5,,,,auto,
1660,光华路,1641,450,998,1,"LINESTRING (108.904476 34.234716, 108.904923 34.234516)",1,46.72,tertiary,5,,,,auto,
1661,,1655,737,999,1,"LINESTRING (108.916425 34.252499, 108.915822 34.252455)",1,55.64,primary,3,,,,auto,
1662,,1657,432,1000,1,"LINESTRING (108.912477 34.235762, 108.911204 34.236324)",1,132.66,residential,6,,,,auto,
1663,,1657,1000,432,1,"LINESTRING (108.911204 34.236324, 108.912477 34.235762)",1,132.66,residential,6,,,,auto,
1664,,1658,432,574,1,"LINESTRING (108.912477 34.235762, 108.912858 34.235596)",1,39.59,residential,6,,,,auto,
1665,,1658,574,432,1,"LINESTRING (108.912858 34.235596, 108.912477 34.235762)",1,39.59,residential,6,,,,auto,
1666,科技大道中段,1659,432,554,1,"LINESTRING (108.912477 34.235762, 108.912182 34.235326)",1,55.55,residential,6,,,,auto,
1667,科技大道中段,1659,554,432,1,"LINESTRING (108.912182 34.235326, 108.912477 34.235762)",1,55.55,residential,6,,,,auto,
1668,科技大道北段,1660,432,429,1,"LINESTRING (108.912477 34.235762, 108.91307 34.236675)",1,115.23,residential,6,,,,auto,
1669,科技大道北段,1660,429,432,1,"LINESTRING (108.91307 34.236675, 108.912477 34.235762)",1,115.23,residential,6,,,,auto,
1670,,1661,1000,1001,1,"LINESTRING (108.911204 34.236324, 108.911054 34.23608)",1,30.43,residential,6,,,,auto,
1671,,1661,1001,1000,1,"LINESTRING (108.911054 34.23608, 108.911204 34.236324)",1,30.43,residential,6,,,,auto,
1672,,1662,1000,432,1,"LINESTRING (108.911204 34.236324, 108.912477 34.235762)",1,132.66,residential,6,,,,auto,
1673,,1662,432,1000,1,"LINESTRING (108.912477 34.235762, 108.911204 34.236324)",1,132.66,residential,6,,,,auto,
1674,,1663,1001,556,1,"LINESTRING (108.911054 34.23608, 108.911249 34.235736)",1,42.24,residential,6,,,,auto,
1675,,1663,556,1001,1,"LINESTRING (108.911249 34.235736, 108.911054 34.23608)",1,42.24,residential,6,,,,auto,
1676,,1664,1001,1000,1,"LINESTRING (108.911054 34.23608, 108.911204 34.236324)",1,30.43,residential,6,,,,auto,
1677,,1664,1000,1001,1,"LINESTRING (108.911204 34.236324, 108.911054 34.23608)",1,30.43,residential,6,,,,auto,
1678,,1665,1001,475,1,"LINESTRING (108.911054 34.23608, 108.910449 34.235087)",1,123.63,residential,6,,,,auto,
1679,,1665,475,1001,1,"LINESTRING (108.910449 34.235087, 108.911054 34.23608)",1,123.63,residential,6,,,,auto,
1680,,1666,556,554,1,"LINESTRING (108.911249 34.235736, 108.912182 34.235326)",1,97.13,residential,6,,,,auto,
1681,,1666,554,556,1,"LINESTRING (108.912182 34.235326, 108.911249 34.235736)",1,97.13,residential,6,,,,auto,
1682,,1667,556,1001,1,"LINESTRING (108.911249 34.235736, 108.911054 34.23608)",1,42.24,residential,6,,,,auto,
1683,,1667,1001,556,1,"LINESTRING (108.911054 34.23608, 108.911249 34.235736)",1,42.24,residential,6,,,,auto,
1684,,1668,475,1001,1,"LINESTRING (108.910449 34.235087, 108.911054 34.23608)",1,123.63,residential,6,,,,auto,
1685,,1668,1001,475,1,"LINESTRING (108.911054 34.23608, 108.910449 34.235087)",1,123.63,residential,6,,,,auto,
1686,,1669,475,1002,1,"LINESTRING (108.910449 34.235087, 108.909503 34.233612)",1,185.64,residential,6,,,,auto,
1687,,1669,1002,475,1,"LINESTRING (108.909503 34.233612, 108.910449 34.235087)",1,185.64,residential,6,,,,auto,
1688,,1670,475,449,1,"LINESTRING (108.910449 34.235087, 108.911383 34.234672)",1,97.48,residential,6,,,,auto,
1689,,1670,449,475,1,"LINESTRING (108.911383 34.234672, 108.910449 34.235087)",1,97.48,residential,6,,,,auto,
1690,,1671,1002,1003,1,"LINESTRING (108.909503 34.233612, 108.909802 34.233458)",1,32.38,residential,6,,,,auto,
1691,,1671,1003,1002,1,"LINESTRING (108.909802 34.233458, 108.909503 34.233612)",1,32.38,residential,6,,,,auto,
1692,,1672,1002,475,1,"LINESTRING (108.909503 34.233612, 108.910449 34.235087)",1,185.64,residential,6,,,,auto,
1693,,1672,475,1002,1,"LINESTRING (108.910449 34.235087, 108.909503 34.233612)",1,185.64,residential,6,,,,auto,
1694,,1673,1003,1004,1,"LINESTRING (108.909802 34.233458, 108.909954 34.233235)",1,28.46,residential,6,,,,auto,
1695,,1673,1004,1003,1,"LINESTRING (108.909954 34.233235, 108.909802 34.233458)",1,28.46,residential,6,,,,auto,
1696,,1674,1003,1002,1,"LINESTRING (108.909802 34.233458, 108.909503 34.233612)",1,32.38,residential,6,,,,auto,
1697,,1674,1002,1003,1,"LINESTRING (108.909503 34.233612, 108.909802 34.233458)",1,32.38,residential,6,,,,auto,
1698,,1675,1004,1005,1,"LINESTRING (108.909954 34.233235, 108.909844 34.23305)",1,22.92,residential,6,,,,auto,
1699,,1675,1005,1004,1,"LINESTRING (108.909844 34.23305, 108.909954 34.233235)",1,22.92,residential,6,,,,auto,
1700,,1676,1004,1003,1,"LINESTRING (108.909954 34.233235, 108.909802 34.233458)",1,28.46,residential,6,,,,auto,
1701,,1676,1003,1004,1,"LINESTRING (108.909802 34.233458, 108.909954 34.233235)",1,28.46,residential,6,,,,auto,
1702,,1677,1005,446,1,"LINESTRING (108.909844 34.23305, 108.910178 34.23289)",1,35.49,residential,6,,,,auto,
1703,,1677,446,1005,1,"LINESTRING (108.910178 34.23289, 108.909844 34.23305)",1,35.49,residential,6,,,,auto,
1704,,1678,1005,1004,1,"LINESTRING (108.909844 34.23305, 108.909954 34.233235)",1,22.92,residential,6,,,,auto,
1705,,1678,1004,1005,1,"LINESTRING (108.909954 34.233235, 108.909844 34.23305)",1,22.92,residential,6,,,,auto,
1706,科技大道南段,1679,446,1006,1,"LINESTRING (108.910178 34.23289, 108.910376 34.233183)",1,37.32,residential,6,,,,auto,
1707,科技大道南段,1679,1006,446,1,"LINESTRING (108.910376 34.233183, 108.910178 34.23289)",1,37.32,residential,6,,,,auto,
1708,科技大道南段,1680,446,443,1,"LINESTRING (108.910178 34.23289, 108.909773 34.232303)",1,75.14,residential,6,,,,auto,
1709,科技大道南段,1680,443,446,1,"LINESTRING (108.909773 34.232303, 108.910178 34.23289)",1,75.14,residential,6,,,,auto,
1710,,1681,446,1005,1,"LINESTRING (108.910178 34.23289, 108.909844 34.23305)",1,35.49,residential,6,,,,auto,
1711,,1681,1005,446,1,"LINESTRING (108.909844 34.23305, 108.910178 34.23289)",1,35.49,residential,6,,,,auto,
1712,科技大道南段,1682,1007,586,1,"LINESTRING (108.910576 34.233477, 108.910648 34.233583)",1,13.52,residential,6,,,,auto,
1713,科技大道南段,1682,586,1007,1,"LINESTRING (108.910648 34.233583, 108.910576 34.233477)",1,13.52,residential,6,,,,auto,
1714,科技大道南段,1683,1007,1008,1,"LINESTRING (108.910576 34.233477, 108.910547 34.233435)",1,5.38,residential,6,,,,auto,
1715,科技大道南段,1683,1008,1007,1,"LINESTRING (108.910547 34.233435, 108.910576 34.233477)",1,5.38,residential,6,,,,auto,
1716,科技大道南段,1684,1006,1008,1,"LINESTRING (108.910376 34.233183, 108.910547 34.233435)",1,32.13,residential,6,,,,auto,
1717,科技大道南段,1684,1008,1006,1,"LINESTRING (108.910547 34.233435, 108.910376 34.233183)",1,32.13,residential,6,,,,auto,
1718,科技大道南段,1685,1006,446,1,"LINESTRING (108.910376 34.233183, 108.910178 34.23289)",1,37.32,residential,6,,,,auto,
1719,科技大道南段,1685,446,1006,1,"LINESTRING (108.910178 34.23289, 108.910376 34.233183)",1,37.32,residential,6,,,,auto,
1720,,1686,1006,591,1,"LINESTRING (108.910376 34.233183, 108.910984 34.23292)",1,63.08,residential,6,,,,auto,
1721,,1686,591,1006,1,"LINESTRING (108.910984 34.23292, 108.910376 34.233183)",1,63.08,residential,6,,,,auto,
1722,,1687,591,1006,1,"LINESTRING (108.910984 34.23292, 108.910376 34.233183)",1,63.08,residential,6,,,,auto,
1723,,1687,1006,591,1,"LINESTRING (108.910376 34.233183, 108.910984 34.23292)",1,63.08,residential,6,,,,auto,
1724,,1688,591,589,1,"LINESTRING (108.910984 34.23292, 108.911813 34.23255)",1,86.61,residential,6,,,,auto,
1725,,1688,589,591,1,"LINESTRING (108.911813 34.23255, 108.910984 34.23292)",1,86.61,residential,6,,,,auto,
1726,信息大道,1689,591,560,1,"LINESTRING (108.910984 34.23292, 108.911444 34.233634)",1,89.95,residential,6,,,,auto,
1727,信息大道,1689,560,591,1,"LINESTRING (108.911444 34.233634, 108.910984 34.23292)",1,89.95,residential,6,,,,auto,
1728,信息大道,1690,560,557,1,"LINESTRING (108.911444 34.233634, 108.911634 34.233683)",1,18.30,residential,6,,,,auto,
1729,信息大道,1690,557,560,1,"LINESTRING (108.911634 34.233683, 108.911444 34.233634)",1,18.30,residential,6,,,,auto,
1730,信息大道,1691,560,591,1,"LINESTRING (108.911444 34.233634, 108.910984 34.23292)",1,89.95,residential,6,,,,auto,
1731,信息大道,1691,591,560,1,"LINESTRING (108.910984 34.23292, 108.911444 34.233634)",1,89.95,residential,6,,,,auto,
1732,科技大道南段,1692,586,474,1,"LINESTRING (108.910648 34.233583, 108.911136 34.234303)",1,91.77,residential,6,,,,auto,
1733,科技大道南段,1692,474,586,1,"LINESTRING (108.911136 34.234303, 108.910648 34.233583)",1,91.77,residential,6,,,,auto,
1734,科技大道南段,1693,586,1007,1,"LINESTRING (108.910648 34.233583, 108.910576 34.233477)",1,13.52,residential,6,,,,auto,
1735,科技大道南段,1693,1007,586,1,"LINESTRING (108.910576 34.233477, 108.910648 34.233583)",1,13.52,residential,6,,,,auto,
1736,科技大道南段,1694,1008,1007,1,"LINESTRING (108.910547 34.233435, 108.910576 34.233477)",1,5.38,residential,6,,,,auto,
1737,科技大道南段,1694,1007,1008,1,"LINESTRING (108.910576 34.233477, 108.910547 34.233435)",1,5.38,residential,6,,,,auto,
1738,科技大道南段,1695,1008,1006,1,"LINESTRING (108.910547 34.233435, 108.910376 34.233183)",1,32.13,residential,6,,,,auto,
1739,科技大道南段,1695,1006,1008,1,"LINESTRING (108.910376 34.233183, 108.910547 34.233435)",1,32.13,residential,6,,,,auto,
1740,,1696,574,572,1,"LINESTRING (108.912858 34.235596, 108.912692 34.235331)",1,33.18,residential,6,,,,auto,
1741,,1696,572,574,1,"LINESTRING (108.912692 34.235331, 108.912858 34.235596)",1,33.18,residential,6,,,,auto,
1742,,1697,574,432,1,"LINESTRING (108.912858 34.235596, 108.912477 34.235762)",1,39.59,residential,6,,,,auto,
1743,,1697,432,574,1,"LINESTRING (108.912477 34.235762, 108.912858 34.235596)",1,39.59,residential,6,,,,auto,
1744,丰庆路,1698,999,903,1,"LINESTRING (108.915822 34.252455, 108.915599 34.25245)",1,20.50,primary,3,,4,,auto,
1745,劳动南路,1700,1009,1010,1,"LINESTRING (108.905522 34.248729, 108.905496 34.249173)",1,49.43,secondary,4,,3,,auto,
1746,,1701,1009,1011,1,"LINESTRING (108.905522 34.248729, 108.905595 34.248724)",1,6.73,residential,6,,,,auto,
1747,,1701,1011,1009,1,"LINESTRING (108.905595 34.248724, 108.905522 34.248729)",1,6.73,residential,6,,,,auto,
1748,解家村路,1702,903,902,1,"LINESTRING (108.915599 34.25245, 108.915593 34.252555)",1,11.69,tertiary,5,,,,auto,
1749,解家村路,1702,902,903,1,"LINESTRING (108.915593 34.252555, 108.915599 34.25245)",1,11.69,tertiary,5,,,,auto,
1750,丰庆路,1703,903,1012,1,"LINESTRING (108.915599 34.25245, 108.915171 34.252451)",1,39.34,primary,3,,4,,auto,
1751,劳动南路,1704,1013,1014,1,"LINESTRING (108.905537 34.244338, 108.905539 34.244708)",1,41.14,secondary,4,,3,,auto,
1752,环城南路西段,1705,93,843,1,"LINESTRING (108.919158 34.252365, 108.921819 34.252396)",1,244.60,primary,3,,2,,auto,
1753,丰庆路,1706,1015,999,1,"LINESTRING (108.916083 34.252438, 108.915822 34.252455)",1,24.06,primary,3,,2,,auto,
1754,劳动南路,1707,1016,1017,1,"LINESTRING (108.905475 34.252352, 108.905488 34.25246)",1,12.07,secondary,4,,3,,auto,
1755,丰庆路,1708,1016,1018,1,"LINESTRING (108.905475 34.252352, 108.906975 34.252348)",1,137.87,primary,3,,4,,auto,
1756,,1709,775,773,1,"LINESTRING (108.906022 34.246268, 108.905687 34.246275)",1,30.80,residential,6,,,,auto,
1757,,1709,773,775,1,"LINESTRING (108.905687 34.246275, 108.906022 34.246268)",1,30.80,residential,6,,,,auto,
1758,,1710,775,771,1,"LINESTRING (108.906022 34.246268, 108.906139 34.246265)",1,10.76,residential,6,,,,auto,
1759,,1710,771,775,1,"LINESTRING (108.906139 34.246265, 108.906022 34.246268)",1,10.76,residential,6,,,,auto,
1760,南小巷,1712,229,228,1,"LINESTRING (108.911735 34.252457, 108.911735 34.252343)",1,12.68,tertiary,5,,,,auto,
1761,南小巷,1712,228,229,1,"LINESTRING (108.911735 34.252343, 108.911735 34.252457)",1,12.68,tertiary,5,,,,auto,
1762,南小巷,1713,229,898,1,"LINESTRING (108.911735 34.252457, 108.911657 34.252533)",1,11.08,tertiary,5,,,,auto,
1763,南小巷,1713,898,229,1,"LINESTRING (108.911657 34.252533, 108.911735 34.252457)",1,11.08,tertiary,5,,,,auto,
1764,丰庆路,1714,229,1019,1,"LINESTRING (108.911735 34.252457, 108.909962 34.252457)",1,162.96,primary,3,,4,,auto,
1765,劳动路辅路,1715,1017,1020,1,"LINESTRING (108.905488 34.25246, 108.905571 34.252545)",1,12.15,tertiary,5,,,,auto,
1766,丰庆路,1716,1017,739,1,"LINESTRING (108.905488 34.25246, 108.905319 34.252462)",1,15.53,primary,3,,4,,auto,
1767,劳动路,1717,1017,1021,1,"LINESTRING (108.905488 34.25246, 108.905484 34.252545)",1,9.46,secondary,4,,3,,auto,
1768,劳动南路,1718,1022,1023,1,"LINESTRING (108.905486 34.249716, 108.905471 34.25185)",1,237.29,secondary,4,,3,,auto,
1769,糜家桥路,1719,1022,1024,1,"LINESTRING (108.905486 34.249716, 108.905588 34.249716)",1,9.38,residential,6,,,,auto,
1770,糜家桥路,1719,1024,1022,1,"LINESTRING (108.905588 34.249716, 108.905486 34.249716)",1,9.38,residential,6,,,,auto,
1771,丰庆路,1720,1025,1026,1,"LINESTRING (108.909274 34.252457, 108.907177 34.252458)",1,192.74,primary,3,,4,,auto,
1772,丰庆路,1721,1027,229,1,"LINESTRING (108.911745 34.252457, 108.911735 34.252457)",1,0.92,primary,3,,4,,auto,
1773,劳动南路,1722,1028,1029,1,"LINESTRING (108.905521 34.246276, 108.905518 34.246834)",1,62.05,secondary,4,,3,,auto,
1774,,1723,1028,774,1,"LINESTRING (108.905521 34.246276, 108.905626 34.246275)",1,9.65,residential,6,,,,auto,
1775,,1723,774,1028,1,"LINESTRING (108.905626 34.246275, 108.905521 34.246276)",1,9.65,residential,6,,,,auto,
1776,劳动南路,1724,1030,1016,1,"LINESTRING (108.905468 34.252268, 108.905475 34.252352)",1,9.36,secondary,4,,3,,auto,
1777,丰庆路,1726,739,1031,1,"LINESTRING (108.905319 34.252462, 108.904554 34.252459)",1,70.31,primary,3,,4,,auto,
1778,劳动南路,1727,739,52,1,"LINESTRING (108.905319 34.252462, 108.905317 34.25235)",1,12.46,secondary,4,,3,,auto,
1779,丰庆路,1728,1032,1015,1,"LINESTRING (108.916427 34.252438, 108.916083 34.252438)",1,31.62,primary,3,,2,,auto,
1780,人民南巷,1729,897,235,1,"LINESTRING (108.913536 34.252457, 108.913424 34.252543)",1,14.05,unclassified,20,,,,auto,
1781,人民南巷,1729,235,897,1,"LINESTRING (108.913424 34.252543, 108.913536 34.252457)",1,14.05,unclassified,20,,,,auto,
1782,丰庆路,1730,897,1027,1,"LINESTRING (108.913536 34.252457, 108.911745 34.252457)",1,164.61,primary,3,,4,,auto,
1783,丰庆路,1731,930,1032,1,"LINESTRING (108.918357 34.25243, 108.916427 34.252438)",1,177.39,primary,3,,2,,auto,
1785,科技路,1733,1736,1034,1,"LINESTRING (108.899775 34.232686, 108.899883 34.232634)",1,11.49,primary,3,60,3,,auto,
1786,二环南路西段,1734,1035,1,1,"LINESTRING (108.90021 34.24277, 108.900272 34.242742)",1,6.49,secondary,4,50,3,,auto,
1787,高新二路,1735,1035,156,1,"LINESTRING (108.90021 34.24277, 108.899808 34.242141)",1,79.10,tertiary,5,,2,,auto,
1788,高新路,1736,1733,1036,1,"LINESTRING (108.899602 34.232803, 108.899481 34.232611)",1,24.07,secondary,4,50,4,,auto,
1789,科技路,1737,1733,1736,1,"LINESTRING (108.899602 34.232803, 108.899775 34.232686)",1,20.55,primary,3,60,3,,auto,
1791,高新二路,1739,1734,1038,1,"LINESTRING (108.896145 34.236475, 108.895784 34.235932)",1,68.90,tertiary,5,,2,,auto,
1792,永松西巷,1740,1039,671,1,"LINESTRING (108.922337 34.230843, 108.922252 34.230881)",1,8.88,residential,6,,,,auto,
1793,永松西巷,1740,671,1039,1,"LINESTRING (108.922252 34.230881, 108.922337 34.230843)",1,8.88,residential,6,,,,auto,
1794,永松西巷,1741,1039,1040,1,"LINESTRING (108.922337 34.230843, 108.922389 34.230818)",1,5.53,residential,6,,,,auto,
1795,永松西巷,1741,1040,1039,1,"LINESTRING (108.922389 34.230818, 108.922337 34.230843)",1,5.53,residential,6,,,,auto,
1796,永松路,1742,1039,1041,1,"LINESTRING (108.922337 34.230843, 108.921287 34.229213)",1,205.35,tertiary,5,,2,,auto,
1797,科技路,1743,1042,1043,1,"LINESTRING (108.894015 34.235322, 108.894908 34.234919)",1,93.53,primary,3,60,3,,auto,
1799,科技路,1745,1741,1045,1,"LINESTRING (108.906524 34.229699, 108.906632 34.22965)",1,11.33,primary,3,60,3,,auto,
1802,融鑫路,1747,1726,547,1,"LINESTRING (108.910128 34.228105, 108.91006 34.228)",1,13.24,tertiary,5,,,,auto,
1803,融鑫路,1747,547,1726,1,"LINESTRING (108.91006 34.228, 108.910128 34.228105)",1,13.24,tertiary,5,,,,auto,
1804,科技路,1748,1726,1046,1,"LINESTRING (108.910128 34.228105, 108.910207 34.228068)",1,8.35,primary,3,60,3,,auto,
1805,,1749,917,915,1,"LINESTRING (108.904282 34.230708, 108.903909 34.230168)",1,69.15,residential,6,,,,auto,
1806,,1749,915,917,1,"LINESTRING (108.903909 34.230168, 108.904282 34.230708)",1,69.15,residential,6,,,,auto,
1807,科技路,1750,917,1047,1,"LINESTRING (108.904282 34.230708, 108.906327 34.229788)",1,214.04,primary,3,60,3,,auto,
1809,高新二路,1752,1742,1050,1,"LINESTRING (108.895066 34.234848, 108.894939 34.234653)",1,24.63,tertiary,5,,2,,auto,
1811,科技路,1754,1732,1052,1,"LINESTRING (108.897576 34.233721, 108.897697 34.233665)",1,12.75,primary,3,60,3,,auto,
1812,,1755,397,404,1,"LINESTRING (108.923383 34.232473, 108.923446 34.232442)",1,6.74,secondary,4,,,,auto,
1813,永松路,1756,397,1039,1,"LINESTRING (108.923383 34.232473, 108.922337 34.230843)",1,205.18,tertiary,5,,2,,auto,
1814,怀德北巷,1757,129,127,1,"LINESTRING (108.89435 34.243149, 108.894418 34.243118)",1,7.14,residential,6,,,,auto,
1815,怀德北巷,1757,127,129,1,"LINESTRING (108.894418 34.243118, 108.89435 34.243149)",1,7.14,residential,6,,,,auto,
1816,怀德北巷,1758,129,1053,1,"LINESTRING (108.89435 34.243149, 108.894272 34.243185)",1,8.21,residential,6,,,,auto,
1817,怀德北巷,1758,1053,129,1,"LINESTRING (108.894272 34.243185, 108.89435 34.243149)",1,8.21,residential,6,,,,auto,
1818,光远路,1759,156,157,1,"LINESTRING (108.899808 34.242141, 108.899065 34.24247)",1,77.48,tertiary,5,,,,auto,
1819,高新二路,1760,156,161,1,"LINESTRING (108.899808 34.242141, 108.899372 34.241453)",1,86.36,tertiary,5,,2,,auto,
1822,永松路,1762,1724,1054,1,"LINESTRING (108.921138 34.228982, 108.920857 34.22855)",1,54.54,tertiary,5,,2,,auto,
1823,科技路,1764,1055,1056,1,"LINESTRING (108.907665 34.22919, 108.908866 34.228658)",1,125.26,primary,3,60,3,,auto,
1824,高新二路,1765,1038,1057,1,"LINESTRING (108.895784 34.235932, 108.895266 34.235146)",1,99.53,tertiary,5,,2,,auto,
1826,光华路,1767,1737,1059,1,"LINESTRING (108.920264 34.227641, 108.920094 34.227715)",1,17.66,tertiary,5,,2,,auto,
1827,科技路,1768,1742,1060,1,"LINESTRING (108.895154 34.234976, 108.895 34.235046)",1,16.16,primary,3,60,3,,auto,
1829,,1770,161,141,1,"LINESTRING (108.899372 34.241453, 108.899437 34.241438)",1,6.20,residential,6,,,,auto,
1830,,1770,141,161,1,"LINESTRING (108.899437 34.241438, 108.899372 34.241453)",1,6.20,residential,6,,,,auto,
1831,,1771,161,159,1,"LINESTRING (108.899372 34.241453, 108.898604 34.241775)",1,79.16,residential,6,,,,auto,
1832,,1771,159,161,1,"LINESTRING (108.898604 34.241775, 108.899372 34.241453)",1,79.16,residential,6,,,,auto,
1833,高新二路,1772,161,1743,1,"LINESTRING (108.899372 34.241453, 108.898407 34.239973)",1,186.95,tertiary,5,,2,,auto,
1835,科技路,1774,1742,1061,1,"LINESTRING (108.895107 34.234764, 108.895264 34.234689)",1,16.67,primary,3,60,3,,auto,
1836,科技路,1775,1056,1062,1,"LINESTRING (108.908866 34.228658, 108.910033 34.228146)",1,121.46,primary,3,60,3,,auto,
1839,光泰路,1777,1743,139,1,"LINESTRING (108.898407 34.239973, 108.897671 34.24031)",1,77.34,tertiary,5,,,,auto,
1840,光泰路,1777,139,1743,1,"LINESTRING (108.897671 34.24031, 108.898407 34.239973)",1,77.34,tertiary,5,,,,auto,
1841,高新二路,1778,1743,1063,1,"LINESTRING (108.898407 34.239973, 108.897345 34.23834)",1,206.16,tertiary,5,,2,,auto,
1842,科技路,1779,1064,1065,1,"LINESTRING (108.896585 34.234164, 108.897468 34.233769)",1,92.30,primary,3,60,3,,auto,
1843,高新二路,1780,1066,1734,1,"LINESTRING (108.896803 34.237518, 108.896145 34.236475)",1,130.80,tertiary,5,,2,,auto,
1844,,1781,1066,1067,1,"LINESTRING (108.896803 34.237518, 108.895419 34.238161)",1,145.94,residential,6,,,,auto,
1845,,1781,1067,1066,1,"LINESTRING (108.895419 34.238161, 108.896803 34.237518)",1,145.94,residential,6,,,,auto,
1846,,1782,1067,1066,1,"LINESTRING (108.895419 34.238161, 108.896803 34.237518)",1,145.94,residential,6,,,,auto,
1847,,1782,1066,1067,1,"LINESTRING (108.896803 34.237518, 108.895419 34.238161)",1,145.94,residential,6,,,,auto,
1848,,1783,588,448,1,"LINESTRING (108.911832 34.23459, 108.911745 34.234632)",1,9.26,residential,6,,,,auto,
1849,,1783,448,588,1,"LINESTRING (108.911745 34.234632, 108.911832 34.23459)",1,9.26,residential,6,,,,auto,
1850,,1784,588,587,1,"LINESTRING (108.911832 34.23459, 108.912126 34.234452)",1,31.08,residential,6,,,,auto,
1851,,1784,587,588,1,"LINESTRING (108.912126 34.234452, 108.911832 34.23459)",1,31.08,residential,6,,,,auto,
1852,,1787,1068,97,1,"LINESTRING (108.906304 34.242272, 108.906503 34.242407)",1,23.66,secondary,4,,,,auto,
1853,,1788,1069,1070,1,"LINESTRING (108.90581 34.242293, 108.905882 34.242265)",1,7.31,secondary,4,,,,auto,
1854,昆明路高架,1794,1071,1072,1,"LINESTRING (108.896941 34.24463, 108.894409 34.245778)",1,265.44,trunk,2,,2,,auto,
1855,昆明路高架,1795,1073,1074,1,"LINESTRING (108.89454 34.245426, 108.896406 34.244582)",1,195.52,trunk,2,,2,,auto,
1856,高新路,1796,1719,838,1,"LINESTRING (108.897448 34.229496, 108.896459 34.227969)",1,192.61,secondary,4,50,4,,auto,
1858,高新一路,1798,657,177,1,"LINESTRING (108.895652 34.230762, 108.896092 34.231434)",1,84.97,tertiary,5,,2,,auto,
1859,,1799,678,675,1,"LINESTRING (108.902562 34.229208, 108.901882 34.229505)",1,70.70,residential,6,,,,auto,
1860,,1799,675,678,1,"LINESTRING (108.901882 34.229505, 108.902562 34.229208)",1,70.70,residential,6,,,,auto,
1861,,1800,678,685,1,"LINESTRING (108.902562 34.229208, 108.905309 34.227964)",1,287.95,residential,6,,,,auto,
1862,,1800,685,678,1,"LINESTRING (108.905309 34.227964, 108.902562 34.229208)",1,287.95,residential,6,,,,auto,
1864,高新路,1802,1719,1076,1,"LINESTRING (108.897672 34.229478, 108.897778 34.229639)",1,20.38,secondary,4,50,4,,auto,
1866,,1805,995,1077,1,"LINESTRING (108.899451 34.228674, 108.899519 34.228778)",1,13.15,residential,6,,,,auto,
1867,,1805,1077,995,1,"LINESTRING (108.899519 34.228778, 108.899451 34.228674)",1,13.15,residential,6,,,,auto,
1868,,1806,995,818,1,"LINESTRING (108.899451 34.228674, 108.899418 34.228624)",1,6.33,residential,6,,,,auto,
1869,,1806,818,995,1,"LINESTRING (108.899418 34.228624, 108.899451 34.228674)",1,6.33,residential,6,,,,auto,
1870,科创路,1807,995,1078,1,"LINESTRING (108.899451 34.228674, 108.898146 34.229269)",1,137.01,tertiary,5,,2,,auto,
1873,博文路,1809,1723,1079,1,"LINESTRING (108.900928 34.228027, 108.901002 34.228144)",1,14.68,tertiary,5,,1,,auto,
1874,博文路,1809,1079,1723,1,"LINESTRING (108.901002 34.228144, 108.900928 34.228027)",1,14.68,tertiary,5,,1,,auto,
1875,科创路,1810,1723,1080,1,"LINESTRING (108.900928 34.228027, 108.900821 34.228077)",1,11.30,tertiary,5,,2,,auto,
1876,大通巷,1811,1081,1082,1,"LINESTRING (108.897788 34.227934, 108.897565 34.227587)",1,43.69,tertiary,5,,1,,auto,
1877,高新二路,1812,1083,1084,1,"LINESTRING (108.896938 34.237728, 108.896862 34.237607)",1,15.16,tertiary,5,,2,,auto,
1878,高新二路,1813,1063,1083,1,"LINESTRING (108.897345 34.23834, 108.896938 34.237728)",1,77.66,tertiary,5,,2,,auto,
1879,,1814,1085,1086,1,"LINESTRING (108.896715 34.244375, 108.899376 34.243167)",1,279.05,trunk,2,,,,auto,
1880,,1815,1086,520,1,"LINESTRING (108.899376 34.243167, 108.89964 34.24302)",1,29.26,trunk,2,,,,auto,
1881,二环南路西段,1816,520,1035,1,"LINESTRING (108.89964 34.24302, 108.90021 34.24277)",1,59.31,secondary,4,50,3,,auto,
1882,,1817,1087,386,1,"LINESTRING (108.918318 34.235634, 108.91817 34.235533)",1,17.64,trunk,2,,1,,auto,
1883,太白南路,1818,1087,519,1,"LINESTRING (108.918318 34.235634, 108.917795 34.23482)",1,102.49,primary,3,,2,,auto,
1884,太白南路,1819,477,1087,1,"LINESTRING (108.918367 34.235703, 108.918318 34.235634)",1,8.90,primary,3,,2,,auto,
1885,,1820,266,435,1,"LINESTRING (108.918465 34.235473, 108.918454 34.235678)",1,22.82,trunk,2,,1,,auto,
1886,教学南路,1821,634,594,1,"LINESTRING (108.910723 34.244065, 108.910364 34.244066)",1,33.00,unclassified,20,,,,auto,
1887,教学南路,1821,594,634,1,"LINESTRING (108.910364 34.244066, 108.910723 34.244065)",1,33.00,unclassified,20,,,,auto,
1888,教学南路,1822,634,633,1,"LINESTRING (108.910723 34.244065, 108.911698 34.244064)",1,89.62,unclassified,20,,,,auto,
1889,教学南路,1822,633,634,1,"LINESTRING (108.911698 34.244064, 108.910723 34.244065)",1,89.62,unclassified,20,,,,auto,
1890,,1823,634,597,1,"LINESTRING (108.910723 34.244065, 108.910741 34.245063)",1,110.98,unclassified,20,,,,auto,
1891,,1823,597,634,1,"LINESTRING (108.910741 34.245063, 108.910723 34.244065)",1,110.98,unclassified,20,,,,auto,
1892,,1824,597,596,1,"LINESTRING (108.910741 34.245063, 108.911685 34.245065)",1,86.77,unclassified,20,,,,auto,
1893,,1824,596,597,1,"LINESTRING (108.911685 34.245065, 108.910741 34.245063)",1,86.77,unclassified,20,,,,auto,
1894,,1825,597,605,1,"LINESTRING (108.910741 34.245063, 108.910011 34.245062)",1,67.10,unclassified,20,,,,auto,
1895,,1825,605,597,1,"LINESTRING (108.910011 34.245062, 108.910741 34.245063)",1,67.10,unclassified,20,,,,auto,
1896,,1826,597,634,1,"LINESTRING (108.910741 34.245063, 108.910723 34.244065)",1,110.98,unclassified,20,,,,auto,
1897,,1826,634,597,1,"LINESTRING (108.910723 34.244065, 108.910741 34.245063)",1,110.98,unclassified,20,,,,auto,
1898,,1856,1088,1089,1,"LINESTRING (108.905818 34.248709, 108.906466 34.248726)",1,59.59,residential,6,,,,auto,
1899,,1856,1089,1088,1,"LINESTRING (108.906466 34.248726, 108.905818 34.248709)",1,59.59,residential,6,,,,auto,
1900,,1857,1088,1011,1,"LINESTRING (108.905818 34.248709, 108.905595 34.248724)",1,20.56,residential,6,,,,auto,
1901,,1857,1011,1088,1,"LINESTRING (108.905595 34.248724, 108.905818 34.248709)",1,20.56,residential,6,,,,auto,
1902,,1860,1090,1091,1,"LINESTRING (108.90593 34.246825, 108.906018 34.246823)",1,8.09,residential,6,,,,auto,
1903,,1860,1091,1090,1,"LINESTRING (108.906018 34.246823, 108.90593 34.246825)",1,8.09,residential,6,,,,auto,
1904,,1861,1090,1092,1,"LINESTRING (108.90593 34.246825, 108.905619 34.246832)",1,28.60,residential,6,,,,auto,
1905,,1861,1092,1090,1,"LINESTRING (108.905619 34.246832, 108.90593 34.246825)",1,28.60,residential,6,,,,auto,
1906,,1863,1091,1093,1,"LINESTRING (108.906018 34.246823, 108.90612 34.246823)",1,9.38,residential,6,,,,auto,
1907,,1863,1093,1091,1,"LINESTRING (108.90612 34.246823, 108.906018 34.246823)",1,9.38,residential,6,,,,auto,
1908,,1864,1091,1090,1,"LINESTRING (108.906018 34.246823, 108.90593 34.246825)",1,8.09,residential,6,,,,auto,
1909,,1864,1090,1091,1,"LINESTRING (108.90593 34.246825, 108.906018 34.246823)",1,8.09,residential,6,,,,auto,
1910,,1865,771,775,1,"LINESTRING (108.906139 34.246265, 108.906022 34.246268)",1,10.76,residential,6,,,,auto,
1911,,1865,775,771,1,"LINESTRING (108.906022 34.246268, 108.906139 34.246265)",1,10.76,residential,6,,,,auto,
1912,,1866,771,610,1,"LINESTRING (108.906139 34.246265, 108.907638 34.246263)",1,137.78,residential,6,,,,auto,
1913,,1866,610,771,1,"LINESTRING (108.907638 34.246263, 108.906139 34.246265)",1,137.78,residential,6,,,,auto,
1914,,1870,1094,1095,1,"LINESTRING (108.906158 34.248253, 108.906168 34.247845)",1,45.38,residential,6,,,,auto,
1915,,1870,1095,1094,1,"LINESTRING (108.906168 34.247845, 108.906158 34.248253)",1,45.38,residential,6,,,,auto,
1916,,1871,1095,1094,1,"LINESTRING (108.906168 34.247845, 108.906158 34.248253)",1,45.38,residential,6,,,,auto,
1917,,1871,1094,1095,1,"LINESTRING (108.906158 34.248253, 108.906168 34.247845)",1,45.38,residential,6,,,,auto,
1918,,1872,1095,1096,1,"LINESTRING (108.906168 34.247845, 108.906144 34.247773)",1,8.30,residential,6,,,,auto,
1919,,1872,1096,1095,1,"LINESTRING (108.906144 34.247773, 108.906168 34.247845)",1,8.30,residential,6,,,,auto,
1920,,1873,1096,1095,1,"LINESTRING (108.906144 34.247773, 108.906168 34.247845)",1,8.30,residential,6,,,,auto,
1921,,1873,1095,1096,1,"LINESTRING (108.906168 34.247845, 108.906144 34.247773)",1,8.30,residential,6,,,,auto,
1922,,1874,1096,1097,1,"LINESTRING (108.906144 34.247773, 108.906119 34.24771)",1,7.37,residential,6,,,,auto,
1923,,1874,1097,1096,1,"LINESTRING (108.906119 34.24771, 108.906144 34.247773)",1,7.37,residential,6,,,,auto,
1924,,1875,1097,1096,1,"LINESTRING (108.906119 34.24771, 108.906144 34.247773)",1,7.37,residential,6,,,,auto,
1925,,1875,1096,1097,1,"LINESTRING (108.906144 34.247773, 108.906119 34.24771)",1,7.37,residential,6,,,,auto,
1926,,1876,1097,1098,1,"LINESTRING (108.906119 34.24771, 108.906106 34.247663)",1,5.36,residential,6,,,,auto,
1927,,1876,1098,1097,1,"LINESTRING (108.906106 34.247663, 108.906119 34.24771)",1,5.36,residential,6,,,,auto,
1928,,1877,1098,1097,1,"LINESTRING (108.906106 34.247663, 108.906119 34.24771)",1,5.36,residential,6,,,,auto,
1929,,1877,1097,1098,1,"LINESTRING (108.906119 34.24771, 108.906106 34.247663)",1,5.36,residential,6,,,,auto,
1930,,1878,1098,1093,1,"LINESTRING (108.906106 34.247663, 108.90612 34.246823)",1,93.41,residential,6,,,,auto,
1931,,1878,1093,1098,1,"LINESTRING (108.90612 34.246823, 108.906106 34.247663)",1,93.41,residential,6,,,,auto,
1932,,1880,1093,1098,1,"LINESTRING (108.90612 34.246823, 108.906106 34.247663)",1,93.41,residential,6,,,,auto,
1933,,1880,1098,1093,1,"LINESTRING (108.906106 34.247663, 108.90612 34.246823)",1,93.41,residential,6,,,,auto,
1934,,1881,1093,1091,1,"LINESTRING (108.90612 34.246823, 108.906018 34.246823)",1,9.38,residential,6,,,,auto,
1935,,1881,1091,1093,1,"LINESTRING (108.906018 34.246823, 108.90612 34.246823)",1,9.38,residential,6,,,,auto,
1936,劳动南路,1882,1029,1099,1,"LINESTRING (108.905518 34.246834, 108.90552 34.248498)",1,185.03,secondary,4,,3,,auto,
1937,,1883,1029,1092,1,"LINESTRING (108.905518 34.246834, 108.905619 34.246832)",1,9.29,residential,6,,,,auto,
1938,,1883,1092,1029,1,"LINESTRING (108.905619 34.246832, 108.905518 34.246834)",1,9.29,residential,6,,,,auto,
1939,,1884,1100,1101,1,"LINESTRING (108.906612 34.249154, 108.906612 34.248898)",1,28.47,residential,6,,,,auto,
1940,,1884,1101,1100,1,"LINESTRING (108.906612 34.248898, 108.906612 34.249154)",1,28.47,residential,6,,,,auto,
1941,,1885,1101,1100,1,"LINESTRING (108.906612 34.248898, 108.906612 34.249154)",1,28.47,residential,6,,,,auto,
1942,,1885,1100,1101,1,"LINESTRING (108.906612 34.249154, 108.906612 34.248898)",1,28.47,residential,6,,,,auto,
1943,,1886,1101,1102,1,"LINESTRING (108.906612 34.248898, 108.906606 34.248791)",1,11.91,residential,6,,,,auto,
1944,,1886,1102,1101,1,"LINESTRING (108.906606 34.248791, 108.906612 34.248898)",1,11.91,residential,6,,,,auto,
1945,,1887,1102,1101,1,"LINESTRING (108.906606 34.248791, 108.906612 34.248898)",1,11.91,residential,6,,,,auto,
1946,,1887,1101,1102,1,"LINESTRING (108.906612 34.248898, 108.906606 34.248791)",1,11.91,residential,6,,,,auto,
1947,,1888,1102,1103,1,"LINESTRING (108.906606 34.248791, 108.906586 34.248756)",1,4.30,residential,6,,,,auto,
1948,,1888,1103,1102,1,"LINESTRING (108.906586 34.248756, 108.906606 34.248791)",1,4.30,residential,6,,,,auto,
1949,,1889,1103,1102,1,"LINESTRING (108.906586 34.248756, 108.906606 34.248791)",1,4.30,residential,6,,,,auto,
1950,,1889,1102,1103,1,"LINESTRING (108.906606 34.248791, 108.906586 34.248756)",1,4.30,residential,6,,,,auto,
1951,,1890,1103,1104,1,"LINESTRING (108.906586 34.248756, 108.906548 34.248738)",1,4.03,residential,6,,,,auto,
1952,,1890,1104,1103,1,"LINESTRING (108.906548 34.248738, 108.906586 34.248756)",1,4.03,residential,6,,,,auto,
1953,,1891,1104,1103,1,"LINESTRING (108.906548 34.248738, 108.906586 34.248756)",1,4.03,residential,6,,,,auto,
1954,,1891,1103,1104,1,"LINESTRING (108.906586 34.248756, 108.906548 34.248738)",1,4.03,residential,6,,,,auto,
1955,,1892,1104,1089,1,"LINESTRING (108.906548 34.248738, 108.906466 34.248726)",1,7.65,residential,6,,,,auto,
1956,,1892,1089,1104,1,"LINESTRING (108.906466 34.248726, 108.906548 34.248738)",1,7.65,residential,6,,,,auto,
1957,,1893,1089,1104,1,"LINESTRING (108.906466 34.248726, 108.906548 34.248738)",1,7.65,residential,6,,,,auto,
1958,,1893,1104,1089,1,"LINESTRING (108.906548 34.248738, 108.906466 34.248726)",1,7.65,residential,6,,,,auto,
1959,,1894,1089,1088,1,"LINESTRING (108.906466 34.248726, 108.905818 34.248709)",1,59.59,residential,6,,,,auto,
1960,,1894,1088,1089,1,"LINESTRING (108.905818 34.248709, 108.906466 34.248726)",1,59.59,residential,6,,,,auto,
1961,糜家桥路,1896,640,639,1,"LINESTRING (108.907526 34.249721, 108.907905 34.249722)",1,34.84,residential,6,,,,auto,
1962,糜家桥路,1896,639,640,1,"LINESTRING (108.907905 34.249722, 108.907526 34.249721)",1,34.84,residential,6,,,,auto,
1963,糜家桥路,1897,640,1024,1,"LINESTRING (108.907526 34.249721, 108.905588 34.249716)",1,178.13,residential,6,,,,auto,
1964,糜家桥路,1897,1024,640,1,"LINESTRING (108.905588 34.249716, 108.907526 34.249721)",1,178.13,residential,6,,,,auto,
1965,,1923,800,799,1,"LINESTRING (108.907008 34.246115, 108.906982 34.246099)",1,2.98,unclassified,20,,,,auto,
1966,,1923,799,800,1,"LINESTRING (108.906982 34.246099, 108.907008 34.246115)",1,2.98,unclassified,20,,,,auto,
1967,,1924,800,599,1,"LINESTRING (108.907008 34.246115, 108.908118 34.246129)",1,102.04,unclassified,20,,,,auto,
1968,,1924,599,800,1,"LINESTRING (108.908118 34.246129, 108.907008 34.246115)",1,102.04,unclassified,20,,,,auto,
1969,,1925,799,608,1,"LINESTRING (108.906982 34.246099, 108.906966 34.246069)",1,3.65,unclassified,20,,,,auto,
1970,,1925,608,799,1,"LINESTRING (108.906966 34.246069, 108.906982 34.246099)",1,3.65,unclassified,20,,,,auto,
1971,,1926,799,800,1,"LINESTRING (108.906982 34.246099, 108.907008 34.246115)",1,2.98,unclassified,20,,,,auto,
1972,,1926,800,799,1,"LINESTRING (108.907008 34.246115, 108.906982 34.246099)",1,2.98,unclassified,20,,,,auto,
1973,柳荫路,1946,827,826,1,"LINESTRING (108.909035 34.247242, 108.909035 34.247102)",1,15.57,residential,6,,,,auto,
1974,柳荫路,1946,826,827,1,"LINESTRING (108.909035 34.247102, 108.909035 34.247242)",1,15.57,residential,6,,,,auto,
1975,柳荫路,1947,827,830,1,"LINESTRING (108.909035 34.247242, 108.909035 34.247384)",1,15.79,residential,6,,,,auto,
1976,柳荫路,1947,830,827,1,"LINESTRING (108.909035 34.247384, 108.909035 34.247242)",1,15.79,residential,6,,,,auto,
1977,,1951,815,772,1,"LINESTRING (108.907632 34.247156, 108.907634 34.246863)",1,32.58,unclassified,20,,,,auto,
1978,,1951,772,815,1,"LINESTRING (108.907634 34.246863, 108.907632 34.247156)",1,32.58,unclassified,20,,,,auto,
1979,,1952,815,814,1,"LINESTRING (108.907632 34.247156, 108.907632 34.247313)",1,17.46,unclassified,20,,,,auto,
1980,,1952,814,815,1,"LINESTRING (108.907632 34.247313, 108.907632 34.247156)",1,17.46,unclassified,20,,,,auto,
1981,,1954,772,610,1,"LINESTRING (108.907634 34.246863, 108.907638 34.246263)",1,66.72,unclassified,20,,,,auto,
1982,,1954,610,772,1,"LINESTRING (108.907638 34.246263, 108.907634 34.246863)",1,66.72,unclassified,20,,,,auto,
1983,,1955,772,815,1,"LINESTRING (108.907634 34.246863, 108.907632 34.247156)",1,32.58,unclassified,20,,,,auto,
1984,,1955,815,772,1,"LINESTRING (108.907632 34.247156, 108.907634 34.246863)",1,32.58,unclassified,20,,,,auto,
1985,槐荫路,1957,632,540,1,"LINESTRING (108.911703 34.246599, 108.911706 34.246276)",1,35.92,residential,6,,,,auto,
1986,槐荫路,1957,540,632,1,"LINESTRING (108.911706 34.246276, 108.911703 34.246599)",1,35.92,residential,6,,,,auto,
1987,槐荫路,1958,632,824,1,"LINESTRING (108.911703 34.246599, 108.911701 34.24683)",1,25.69,residential,6,,,,auto,
1988,槐荫路,1958,824,632,1,"LINESTRING (108.911701 34.24683, 108.911703 34.246599)",1,25.69,residential,6,,,,auto,
1989,柳荫路,1960,628,611,1,"LINESTRING (108.909035 34.246597, 108.909035 34.246261)",1,37.36,residential,6,,,,auto,
1990,柳荫路,1960,611,628,1,"LINESTRING (108.909035 34.246261, 108.909035 34.246597)",1,37.36,residential,6,,,,auto,
1991,柳荫路,1961,628,825,1,"LINESTRING (108.909035 34.246597, 108.909035 34.246886)",1,32.14,residential,6,,,,auto,
1992,柳荫路,1961,825,628,1,"LINESTRING (108.909035 34.246886, 108.909035 34.246597)",1,32.14,residential,6,,,,auto,
1993,,1963,828,627,1,"LINESTRING (108.910003 34.247105, 108.911698 34.24711)",1,155.80,unclassified,20,,,,auto,
1994,,1963,627,828,1,"LINESTRING (108.911698 34.24711, 108.910003 34.247105)",1,155.80,unclassified,20,,,,auto,
1995,,1964,828,826,1,"LINESTRING (108.910003 34.247105, 108.909035 34.247102)",1,88.98,unclassified,20,,,,auto,
1996,,1964,826,828,1,"LINESTRING (108.909035 34.247102, 108.910003 34.247105)",1,88.98,unclassified,20,,,,auto,
1997,,1965,828,1105,1,"LINESTRING (108.910003 34.247105, 108.910006 34.247393)",1,32.03,unclassified,20,,,,auto,
1998,,1965,1105,828,1,"LINESTRING (108.910006 34.247393, 108.910003 34.247105)",1,32.03,unclassified,20,,,,auto,
1999,,1966,626,636,1,"LINESTRING (108.910016 34.248294, 108.909035 34.248281)",1,90.18,residential,6,,,,auto,
2000,,1966,636,626,1,"LINESTRING (108.909035 34.248281, 108.910016 34.248294)",1,90.18,residential,6,,,,auto,
2001,,1967,626,625,1,"LINESTRING (108.910016 34.248294, 108.911686 34.24831)",1,153.51,residential,6,,,,auto,
2002,,1967,625,626,1,"LINESTRING (108.911686 34.24831, 108.910016 34.248294)",1,153.51,residential,6,,,,auto,
2003,,1968,626,1106,1,"LINESTRING (108.910016 34.248294, 108.910012 34.247985)",1,34.36,unclassified,20,,,,auto,
2004,,1968,1106,626,1,"LINESTRING (108.910012 34.247985, 108.910016 34.248294)",1,34.36,unclassified,20,,,,auto,
2005,,1969,1105,828,1,"LINESTRING (108.910006 34.247393, 108.910003 34.247105)",1,32.03,unclassified,20,,,,auto,
2006,,1969,828,1105,1,"LINESTRING (108.910003 34.247105, 108.910006 34.247393)",1,32.03,unclassified,20,,,,auto,
2007,,1970,1105,1107,1,"LINESTRING (108.910006 34.247393, 108.910009 34.247654)",1,29.02,unclassified,20,,,,auto,
2008,,1970,1107,1105,1,"LINESTRING (108.910009 34.247654, 108.910006 34.247393)",1,29.02,unclassified,20,,,,auto,
2009,柳荫路,1972,830,827,1,"LINESTRING (108.909035 34.247384, 108.909035 34.247242)",1,15.79,residential,6,,,,auto,
2010,柳荫路,1972,827,830,1,"LINESTRING (108.909035 34.247242, 108.909035 34.247384)",1,15.79,residential,6,,,,auto,
2011,柳荫路,1973,830,829,1,"LINESTRING (108.909035 34.247384, 108.909035 34.247627)",1,27.02,residential,6,,,,auto,
2012,柳荫路,1973,829,830,1,"LINESTRING (108.909035 34.247627, 108.909035 34.247384)",1,27.02,residential,6,,,,auto,
2013,,1975,834,831,1,"LINESTRING (108.91348 34.248916, 108.913479 34.247058)",1,206.60,residential,6,,,,auto,
2014,,1975,831,834,1,"LINESTRING (108.913479 34.247058, 108.91348 34.248916)",1,206.60,residential,6,,,,auto,
2015,,1976,834,1108,1,"LINESTRING (108.91348 34.248916, 108.915041 34.248908)",1,143.48,residential,6,,,,auto,
2016,,1976,1108,834,1,"LINESTRING (108.915041 34.248908, 108.91348 34.248916)",1,143.48,residential,6,,,,auto,
2017,,1977,1108,834,1,"LINESTRING (108.915041 34.248908, 108.91348 34.248916)",1,143.48,residential,6,,,,auto,
2018,,1977,834,1108,1,"LINESTRING (108.91348 34.248916, 108.915041 34.248908)",1,143.48,residential,6,,,,auto,
2019,,1978,1108,1109,1,"LINESTRING (108.915041 34.248908, 108.915351 34.24892)",1,28.52,residential,6,,,,auto,
2020,,1978,1109,1108,1,"LINESTRING (108.915351 34.24892, 108.915041 34.248908)",1,28.52,residential,6,,,,auto,
2021,,1979,1109,1108,1,"LINESTRING (108.915351 34.24892, 108.915041 34.248908)",1,28.52,residential,6,,,,auto,
2022,,1979,1108,1109,1,"LINESTRING (108.915041 34.248908, 108.915351 34.24892)",1,28.52,residential,6,,,,auto,
2023,,1980,1109,1110,1,"LINESTRING (108.915351 34.24892, 108.915385 34.248943)",1,4.04,residential,6,,,,auto,
2024,,1980,1110,1109,1,"LINESTRING (108.915385 34.248943, 108.915351 34.24892)",1,4.04,residential,6,,,,auto,
2025,,1981,1110,1109,1,"LINESTRING (108.915385 34.248943, 108.915351 34.24892)",1,4.04,residential,6,,,,auto,
2026,,1981,1109,1110,1,"LINESTRING (108.915351 34.24892, 108.915385 34.248943)",1,4.04,residential,6,,,,auto,
2027,,1982,1110,1111,1,"LINESTRING (108.915385 34.248943, 108.915406 34.248984)",1,4.95,residential,6,,,,auto,
2028,,1982,1111,1110,1,"LINESTRING (108.915406 34.248984, 108.915385 34.248943)",1,4.95,residential,6,,,,auto,
2029,,1983,1111,1110,1,"LINESTRING (108.915406 34.248984, 108.915385 34.248943)",1,4.95,residential,6,,,,auto,
2030,,1983,1110,1111,1,"LINESTRING (108.915385 34.248943, 108.915406 34.248984)",1,4.95,residential,6,,,,auto,
2031,,1984,1111,1112,1,"LINESTRING (108.915406 34.248984, 108.915424 34.249057)",1,8.28,residential,6,,,,auto,
2032,,1984,1112,1111,1,"LINESTRING (108.915424 34.249057, 108.915406 34.248984)",1,8.28,residential,6,,,,auto,
2033,,1985,1112,1111,1,"LINESTRING (108.915424 34.249057, 108.915406 34.248984)",1,8.28,residential,6,,,,auto,
2034,,1985,1111,1112,1,"LINESTRING (108.915406 34.248984, 108.915424 34.249057)",1,8.28,residential,6,,,,auto,
2035,,1986,1112,1113,1,"LINESTRING (108.915424 34.249057, 108.915422 34.249331)",1,30.47,residential,6,,,,auto,
2036,,1986,1113,1112,1,"LINESTRING (108.915422 34.249331, 108.915424 34.249057)",1,30.47,residential,6,,,,auto,
2037,,1987,1113,1112,1,"LINESTRING (108.915422 34.249331, 108.915424 34.249057)",1,30.47,residential,6,,,,auto,
2038,,1987,1112,1113,1,"LINESTRING (108.915424 34.249057, 108.915422 34.249331)",1,30.47,residential,6,,,,auto,
2039,,1988,1113,1114,1,"LINESTRING (108.915422 34.249331, 108.915402 34.249368)",1,4.51,residential,6,,,,auto,
2040,,1988,1114,1113,1,"LINESTRING (108.915402 34.249368, 108.915422 34.249331)",1,4.51,residential,6,,,,auto,
2041,,1989,1114,1113,1,"LINESTRING (108.915402 34.249368, 108.915422 34.249331)",1,4.51,residential,6,,,,auto,
2042,,1989,1113,1114,1,"LINESTRING (108.915422 34.249331, 108.915402 34.249368)",1,4.51,residential,6,,,,auto,
2043,,1990,1114,1115,1,"LINESTRING (108.915402 34.249368, 108.915342 34.249386)",1,5.87,residential,6,,,,auto,
2044,,1990,1115,1114,1,"LINESTRING (108.915342 34.249386, 108.915402 34.249368)",1,5.87,residential,6,,,,auto,
2045,,1991,1115,1114,1,"LINESTRING (108.915342 34.249386, 108.915402 34.249368)",1,5.87,residential,6,,,,auto,
2046,,1991,1114,1115,1,"LINESTRING (108.915402 34.249368, 108.915342 34.249386)",1,5.87,residential,6,,,,auto,
2047,,1992,1115,631,1,"LINESTRING (108.915342 34.249386, 108.913605 34.24941)",1,159.68,residential,6,,,,auto,
2048,,1992,631,1115,1,"LINESTRING (108.913605 34.24941, 108.915342 34.249386)",1,159.68,residential,6,,,,auto,
2049,,1993,631,1115,1,"LINESTRING (108.913605 34.24941, 108.915342 34.249386)",1,159.68,residential,6,,,,auto,
2050,,1993,1115,631,1,"LINESTRING (108.915342 34.249386, 108.913605 34.24941)",1,159.68,residential,6,,,,auto,
2051,,1994,631,630,1,"LINESTRING (108.913605 34.24941, 108.911674 34.249394)",1,177.49,residential,6,,,,auto,
2052,,1994,630,631,1,"LINESTRING (108.911674 34.249394, 108.913605 34.24941)",1,177.49,residential,6,,,,auto,
2053,,2008,1107,1105,1,"LINESTRING (108.910009 34.247654, 108.910006 34.247393)",1,29.02,unclassified,20,,,,auto,
2054,,2008,1105,1107,1,"LINESTRING (108.910006 34.247393, 108.910009 34.247654)",1,29.02,unclassified,20,,,,auto,
2055,,2009,1107,1106,1,"LINESTRING (108.910009 34.247654, 108.910012 34.247985)",1,36.81,unclassified,20,,,,auto,
2056,,2009,1106,1107,1,"LINESTRING (108.910012 34.247985, 108.910009 34.247654)",1,36.81,unclassified,20,,,,auto,
2057,,2011,1106,1107,1,"LINESTRING (108.910012 34.247985, 108.910009 34.247654)",1,36.81,unclassified,20,,,,auto,
2058,,2011,1107,1106,1,"LINESTRING (108.910009 34.247654, 108.910012 34.247985)",1,36.81,unclassified,20,,,,auto,
2059,,2012,1106,626,1,"LINESTRING (108.910012 34.247985, 108.910016 34.248294)",1,34.36,unclassified,20,,,,auto,
2060,,2012,626,1106,1,"LINESTRING (108.910016 34.248294, 108.910012 34.247985)",1,34.36,unclassified,20,,,,auto,
2061,,2013,1116,1117,1,"LINESTRING (108.911678 34.249076, 108.91044 34.249058)",1,113.81,unclassified,20,,,,auto,
2062,,2013,1117,1116,1,"LINESTRING (108.91044 34.249058, 108.911678 34.249076)",1,113.81,unclassified,20,,,,auto,
2063,,2016,1117,1116,1,"LINESTRING (108.91044 34.249058, 108.911678 34.249076)",1,113.81,unclassified,20,,,,auto,
2064,,2016,1116,1117,1,"LINESTRING (108.911678 34.249076, 108.91044 34.249058)",1,113.81,unclassified,20,,,,auto,
2065,,2017,1117,1118,1,"LINESTRING (108.91044 34.249058, 108.909203 34.24905)",1,113.70,unclassified,20,,,,auto,
2066,,2017,1118,1117,1,"LINESTRING (108.909203 34.24905, 108.91044 34.249058)",1,113.70,unclassified,20,,,,auto,
2067,,2019,1118,1117,1,"LINESTRING (108.909203 34.24905, 108.91044 34.249058)",1,113.70,unclassified,20,,,,auto,
2068,,2019,1117,1118,1,"LINESTRING (108.91044 34.249058, 108.909203 34.24905)",1,113.70,unclassified,20,,,,auto,
2069,,2020,1118,1119,1,"LINESTRING (108.909203 34.24905, 108.909126 34.249044)",1,7.11,unclassified,20,,,,auto,
2070,,2020,1119,1118,1,"LINESTRING (108.909126 34.249044, 108.909203 34.24905)",1,7.11,unclassified,20,,,,auto,
2071,,2021,1119,1118,1,"LINESTRING (108.909126 34.249044, 108.909203 34.24905)",1,7.11,unclassified,20,,,,auto,
2072,,2021,1118,1119,1,"LINESTRING (108.909203 34.24905, 108.909126 34.249044)",1,7.11,unclassified,20,,,,auto,
2073,,2022,1119,1120,1,"LINESTRING (108.909126 34.249044, 108.909093 34.249009)",1,4.93,unclassified,20,,,,auto,
2074,,2022,1120,1119,1,"LINESTRING (108.909093 34.249009, 108.909126 34.249044)",1,4.93,unclassified,20,,,,auto,
2075,,2023,1120,1119,1,"LINESTRING (108.909093 34.249009, 108.909126 34.249044)",1,4.93,unclassified,20,,,,auto,
2076,,2023,1119,1120,1,"LINESTRING (108.909126 34.249044, 108.909093 34.249009)",1,4.93,unclassified,20,,,,auto,
2077,,2024,1120,1121,1,"LINESTRING (108.909093 34.249009, 108.90908 34.248964)",1,5.14,unclassified,20,,,,auto,
2078,,2024,1121,1120,1,"LINESTRING (108.90908 34.248964, 108.909093 34.249009)",1,5.14,unclassified,20,,,,auto,
2079,,2025,1121,1120,1,"LINESTRING (108.90908 34.248964, 108.909093 34.249009)",1,5.14,unclassified,20,,,,auto,
2080,,2025,1120,1121,1,"LINESTRING (108.909093 34.249009, 108.90908 34.248964)",1,5.14,unclassified,20,,,,auto,
2081,,2026,1121,1122,1,"LINESTRING (108.90908 34.248964, 108.909075 34.248443)",1,57.93,unclassified,20,,,,auto,
2082,,2026,1122,1121,1,"LINESTRING (108.909075 34.248443, 108.90908 34.248964)",1,57.93,unclassified,20,,,,auto,
2083,,2027,1122,1121,1,"LINESTRING (108.909075 34.248443, 108.90908 34.248964)",1,57.93,unclassified,20,,,,auto,
2084,,2027,1121,1122,1,"LINESTRING (108.90908 34.248964, 108.909075 34.248443)",1,57.93,unclassified,20,,,,auto,
2085,,2028,1122,638,1,"LINESTRING (108.909075 34.248443, 108.909049 34.248328)",1,13.01,unclassified,20,,,,auto,
2086,,2028,638,1122,1,"LINESTRING (108.909049 34.248328, 108.909075 34.248443)",1,13.01,unclassified,20,,,,auto,
2087,,2029,638,1122,1,"LINESTRING (108.909049 34.248328, 108.909075 34.248443)",1,13.01,unclassified,20,,,,auto,
2088,,2029,1122,638,1,"LINESTRING (108.909075 34.248443, 108.909049 34.248328)",1,13.01,unclassified,20,,,,auto,
2089,,2030,638,636,1,"LINESTRING (108.909049 34.248328, 108.909035 34.248281)",1,5.38,unclassified,20,,,,auto,
2090,,2030,636,638,1,"LINESTRING (108.909035 34.248281, 108.909049 34.248328)",1,5.38,unclassified,20,,,,auto,
2091,,2031,779,760,1,"LINESTRING (108.914944 34.24704, 108.914948 34.246286)",1,83.84,residential,6,,,,auto,
2092,,2031,760,779,1,"LINESTRING (108.914948 34.246286, 108.914944 34.24704)",1,83.84,residential,6,,,,auto,
2093,,2032,779,777,1,"LINESTRING (108.914944 34.24704, 108.914853 34.247065)",1,8.81,residential,6,,,,auto,
2094,,2032,777,779,1,"LINESTRING (108.914853 34.247065, 108.914944 34.24704)",1,8.81,residential,6,,,,auto,
2095,西工大路,2034,754,757,1,"LINESTRING (108.915591 34.244041, 108.915592 34.243677)",1,40.48,tertiary,5,,,,auto,
2096,西工大路,2034,757,754,1,"LINESTRING (108.915592 34.243677, 108.915591 34.244041)",1,40.48,tertiary,5,,,,auto,
2097,西工大路,2035,754,752,1,"LINESTRING (108.915591 34.244041, 108.915586 34.246288)",1,249.86,tertiary,5,,,,auto,
2098,西工大路,2035,752,754,1,"LINESTRING (108.915586 34.246288, 108.915591 34.244041)",1,249.86,tertiary,5,,,,auto,
2099,环城南路西段,2046,934,1123,1,"LINESTRING (108.922211 34.252503, 108.922009 34.252492)",1,18.61,primary,3,,2,,auto,
2100,环城南路西段,2047,928,929,1,"LINESTRING (108.921294 34.252456, 108.919157 34.252437)",1,196.42,primary,3,,2,,auto,
2101,环城南路西段,2048,844,904,1,"LINESTRING (108.922064 34.252398, 108.92222 34.252401)",1,14.34,primary,3,,2,,auto,
2102,,2049,847,845,1,"LINESTRING (108.921991 34.25227, 108.92197 34.251866)",1,44.96,residential,6,,,,auto,
2103,,2049,845,847,1,"LINESTRING (108.92197 34.251866, 108.921991 34.25227)",1,44.96,residential,6,,,,auto,
2104,环城南路西段,2052,1124,735,1,"LINESTRING (108.924951 34.252573, 108.924754 34.252549)",1,18.30,primary,3,,,,auto,
2105,科技路,2053,1125,1064,1,"LINESTRING (108.896215 34.23426, 108.896585 34.234164)",1,35.65,primary,3,60,3,,auto,
2106,科技路,2054,1060,1126,1,"LINESTRING (108.895 34.235046, 108.894387 34.235326)",1,64.38,primary,3,60,3,,auto,
2107,科技路,2055,1043,1742,1,"LINESTRING (108.894908 34.234919, 108.895066 34.234848)",1,16.53,primary,3,60,3,,auto,
2108,高新二路,2056,1050,1127,1,"LINESTRING (108.894939 34.234653, 108.894556 34.234064)",1,74.36,tertiary,5,,2,,auto,
2109,高新二路,2057,1128,1742,1,"LINESTRING (108.895014 34.234623, 108.895107 34.234764)",1,17.86,tertiary,5,,2,,auto,
2110,高新二路,2058,1057,1742,1,"LINESTRING (108.895266 34.235146, 108.895154 34.234976)",1,21.53,tertiary,5,,2,,auto,
2111,高新二路,2059,73,145,1,"LINESTRING (108.895343 34.235118, 108.895857 34.235899)",1,98.87,tertiary,5,,2,,auto,
2112,科技路,2060,1129,1742,1,"LINESTRING (108.895366 34.234841, 108.895208 34.234912)",1,16.53,primary,3,60,3,,auto,
2113,科技路,2061,1061,1130,1,"LINESTRING (108.895264 34.234689, 108.895816 34.234433)",1,58.18,primary,3,60,3,,auto,
2114,高新二路,2062,175,1131,1,"LINESTRING (108.894443 34.233891, 108.894403 34.23383)",1,7.72,tertiary,5,,2,,auto,
2115,枫叶北路,2063,1132,174,1,"LINESTRING (108.894584 34.233829, 108.894512 34.233862)",1,7.57,tertiary,5,,,,auto,
2116,高新二路,2064,1133,175,1,"LINESTRING (108.894494 34.23397, 108.894443 34.233891)",1,9.96,tertiary,5,,2,,auto,
2117,高新二路,2065,176,1128,1,"LINESTRING (108.894561 34.233935, 108.895014 34.234623)",1,87.10,tertiary,5,,2,,auto,
2118,高新二路,2066,1134,174,1,"LINESTRING (108.894474 34.233804, 108.894512 34.233862)",1,7.33,tertiary,5,,2,,auto,
2119,枫叶南路,2067,1135,177,1,"LINESTRING (108.893768 34.232476, 108.896092 34.231434)",1,243.05,tertiary,5,,,,auto,
2120,科技路,2068,1136,1137,1,"LINESTRING (108.898334 34.233511, 108.897756 34.233763)",1,60.07,primary,3,60,3,,auto,
2121,科技路,2069,120,1129,1,"LINESTRING (108.897526 34.233865, 108.895366 34.234841)",1,226.29,primary,3,60,3,,auto,
2122,高新一路,2070,119,147,1,"LINESTRING (108.897734 34.233964, 108.898276 34.234796)",1,105.08,tertiary,5,,,,auto,
2123,科技路,2071,1137,1732,1,"LINESTRING (108.897756 34.233763, 108.897636 34.233815)",1,12.46,primary,3,60,3,,auto,
2124,科技路,2072,1065,1732,1,"LINESTRING (108.897468 34.233769, 108.897576 34.233721)",1,11.27,primary,3,60,3,,auto,
2125,科技路,2073,1052,1138,1,"LINESTRING (108.897697 34.233665, 108.899369 34.232908)",1,175.25,primary,3,60,3,,auto,
2126,高新一路,2074,173,1732,1,"LINESTRING (108.897472 34.233564, 108.897576 34.233721)",1,19.90,tertiary,5,,2,,auto,
2127,高新一路,2075,1139,1140,1,"LINESTRING (108.899661 34.236881, 108.899664 34.236884)",1,0.43,tertiary,5,,,,auto,
2128,高新一路,2076,1140,1141,1,"LINESTRING (108.899664 34.236884, 108.899716 34.236966)",1,10.30,tertiary,5,,,,auto,
2129,高新路,2077,1725,1142,1,"LINESTRING (108.901649 34.235921, 108.901596 34.235841)",1,10.14,secondary,4,50,4,,auto,
2131,高新一路,2079,1143,1139,1,"LINESTRING (108.899623 34.236822, 108.899661 34.236881)",1,7.43,tertiary,5,,,,auto,
2132,光华路,2080,1143,1144,1,"LINESTRING (108.899623 34.236822, 108.899688 34.236794)",1,6.74,tertiary,5,,2,,auto,
2133,光华路,2081,1145,164,1,"LINESTRING (108.900579 34.236468, 108.900518 34.236495)",1,6.36,tertiary,5,,2,,auto,
2134,光华路,2082,1146,1147,1,"LINESTRING (108.900547 34.236411, 108.90148 34.235996)",1,97.39,tertiary,5,,2,,auto,
2135,高新一路,2083,1141,748,1,"LINESTRING (108.899716 34.236966, 108.899836 34.237155)",1,23.74,tertiary,5,,,,auto,
2136,高新一路,2084,745,1143,1,"LINESTRING (108.899541 34.236693, 108.899623 34.236822)",1,16.20,tertiary,5,,,,auto,
2137,光华路,2085,165,1140,1,"LINESTRING (108.899734 34.236852, 108.899664 34.236884)",1,7.35,tertiary,5,,2,,auto,
2138,光华路,2086,1144,1148,1,"LINESTRING (108.899688 34.236794, 108.900486 34.236439)",1,83.30,tertiary,5,,2,,auto,
2139,高新二路,2087,749,1149,1,"LINESTRING (108.897409 34.238309, 108.897762 34.23885)",1,68.35,tertiary,5,,2,,auto,
2140,高新二路,2088,1084,1066,1,"LINESTRING (108.896862 34.237607, 108.896803 34.237518)",1,11.29,tertiary,5,,2,,auto,
2141,高新二路,2089,114,746,1,"LINESTRING (108.896934 34.237576, 108.896986 34.237658)",1,10.30,tertiary,5,,2,,auto,
2142,光德路,2090,1150,116,1,"LINESTRING (108.89858 34.235377, 108.898647 34.235347)",1,7.00,tertiary,5,,,,auto,
2143,光德路,2091,1151,1734,1,"LINESTRING (108.896073 34.236507, 108.896145 34.236475)",1,7.51,tertiary,5,,,,auto,
2144,光德路,2092,115,1150,1,"LINESTRING (108.896275 34.236411, 108.89858 34.235377)",1,241.08,tertiary,5,,,,auto,
2145,科技路,2093,79,1152,1,"LINESTRING (108.89946 34.233043, 108.8988 34.233352)",1,69.73,primary,3,60,3,,auto,
2146,科技路,2094,1138,1733,1,"LINESTRING (108.899369 34.232908, 108.899602 34.232803)",1,24.40,primary,3,60,3,,auto,
2147,科技一路,2095,152,149,1,"LINESTRING (108.894169 34.228296, 108.894084 34.228332)",1,8.78,tertiary,5,,1,,auto,
2148,科技一路,2095,149,152,1,"LINESTRING (108.894084 34.228332, 108.894169 34.228296)",1,8.78,tertiary,5,,1,,auto,
2149,科技一路,2096,152,81,1,"LINESTRING (108.894169 34.228296, 108.895946 34.227498)",1,185.91,tertiary,5,,1,,auto,
2150,科技一路,2096,81,152,1,"LINESTRING (108.895946 34.227498, 108.894169 34.228296)",1,185.91,tertiary,5,,1,,auto,
2151,高新路,2097,167,1733,1,"LINESTRING (108.899795 34.23311, 108.899683 34.232938)",1,21.72,secondary,4,50,4,,auto,
2152,高新路,2098,76,1153,1,"LINESTRING (108.899995 34.233018, 108.900429 34.23367)",1,82.75,secondary,4,50,4,,auto,
2153,科技路,2099,1154,1155,1,"LINESTRING (108.901269 34.232194, 108.90098 34.232283)",1,28.35,primary,3,60,3,,auto,
2154,科技路,2100,1155,1156,1,"LINESTRING (108.90098 34.232283, 108.900081 34.232695)",1,94.49,primary,3,60,3,,auto,
2155,科技路,2101,1157,1158,1,"LINESTRING (108.90122 34.232084, 108.90162 34.231906)",1,41.76,primary,3,60,3,,auto,
2156,高新路,2102,1036,1159,1,"LINESTRING (108.899481 34.232611, 108.899114 34.232044)",1,71.51,secondary,4,50,4,,auto,
2157,高新路,2103,688,1736,1,"LINESTRING (108.899669 34.232525, 108.899775 34.232686)",1,20.38,secondary,4,50,4,,auto,
2158,科技路,2104,1156,1736,1,"LINESTRING (108.900081 34.232695, 108.89985 34.2328)",1,24.23,primary,3,60,3,,auto,
2159,科技路,2105,1160,1161,1,"LINESTRING (108.900002 34.232578, 108.900664 34.232279)",1,69.35,primary,3,60,3,,auto,
2160,科技路,2106,1162,1154,1,"LINESTRING (108.902996 34.231418, 108.901269 34.232194)",1,180.70,primary,3,60,3,,auto,
2161,科技路,2107,1163,1164,1,"LINESTRING (108.902934 34.23132, 108.90317 34.231214)",1,24.69,primary,3,60,3,,auto,
2162,博文路,2108,1165,690,1,"LINESTRING (108.902958 34.231115, 108.902781 34.230851)",1,33.56,tertiary,5,,1,,auto,
2163,博文路,2108,690,1165,1,"LINESTRING (108.902781 34.230851, 108.902958 34.231115)",1,33.56,tertiary,5,,1,,auto,
2164,白沙路,2109,919,1166,1,"LINESTRING (108.909133 34.233708, 108.909198 34.233876)",1,19.61,tertiary,5,,2,,auto,
2165,白沙路,2110,1166,1167,1,"LINESTRING (108.909198 34.233876, 108.909071 34.233756)",1,17.73,tertiary,5,,2,,auto,
2166,白沙路,2111,1166,1168,1,"LINESTRING (108.909198 34.233876, 108.911596 34.237575)",1,466.66,tertiary,5,,1,,auto,
2167,白沙路,2111,1168,1166,1,"LINESTRING (108.911596 34.237575, 108.909198 34.233876)",1,466.66,tertiary,5,,1,,auto,
2168,白沙路,2112,1167,1169,1,"LINESTRING (108.909071 34.233756, 108.908588 34.233005)",1,94.58,tertiary,5,,2,,auto,
2169,,2113,685,678,1,"LINESTRING (108.905309 34.227964, 108.902562 34.229208)",1,287.95,residential,6,,,,auto,
2170,,2113,678,685,1,"LINESTRING (108.902562 34.229208, 108.905309 34.227964)",1,287.95,residential,6,,,,auto,
2171,,2114,685,683,1,"LINESTRING (108.905309 34.227964, 108.905372 34.227932)",1,6.80,residential,6,,,,auto,
2172,,2114,683,685,1,"LINESTRING (108.905372 34.227932, 108.905309 34.227964)",1,6.80,residential,6,,,,auto,
2173,白沙路,2115,685,1170,1,"LINESTRING (108.905309 34.227964, 108.905052 34.227574)",1,49.39,tertiary,5,,2,,auto,
2175,白沙路,2117,1741,1172,1,"LINESTRING (108.906446 34.229734, 108.906372 34.229619)",1,14.48,tertiary,5,,2,,auto,
2176,科技路,2118,1741,1173,1,"LINESTRING (108.906515 34.229839, 108.906395 34.229892)",1,12.51,primary,3,60,3,,auto,
2180,光华路,2121,1738,199,1,"LINESTRING (108.908506 34.232882, 108.908371 34.232943)",1,14.14,tertiary,5,,,,auto,
2181,光华路,2121,199,1738,1,"LINESTRING (108.908371 34.232943, 108.908506 34.232882)",1,14.14,tertiary,5,,,,auto,
2182,白沙路,2122,1738,1174,1,"LINESTRING (108.908506 34.232882, 108.908458 34.232814)",1,8.75,tertiary,5,,2,,auto,
2183,白沙路,2123,1175,1741,1,"LINESTRING (108.90659 34.229954, 108.906515 34.229839)",1,14.53,tertiary,5,,2,,auto,
2184,白沙路,2124,187,1176,1,"LINESTRING (108.90667 34.229916, 108.907571 34.231311)",1,175.85,tertiary,5,,2,,auto,
2185,科技路,2125,1173,183,1,"LINESTRING (108.906395 34.229892, 108.904493 34.23074)",1,198.66,primary,3,60,3,,auto,
2186,科技路,2126,1047,1741,1,"LINESTRING (108.906327 34.229788, 108.906446 34.229734)",1,12.48,primary,3,60,3,,auto,
2187,科技路,2127,1177,1741,1,"LINESTRING (108.906703 34.229754, 108.906596 34.229803)",1,11.25,primary,3,60,3,,auto,
2188,科技路,2128,1045,1178,1,"LINESTRING (108.906632 34.22965, 108.907036 34.229469)",1,42.24,primary,3,60,3,,auto,
2189,白沙路,2129,1172,685,1,"LINESTRING (108.906372 34.229619, 108.905309 34.227964)",1,208.37,tertiary,5,,2,,auto,
2190,白沙路,2130,684,1741,1,"LINESTRING (108.906448 34.229582, 108.906524 34.229699)",1,14.77,tertiary,5,,2,,auto,
2191,科技路,2131,1179,1162,1,"LINESTRING (108.903238 34.231308, 108.902996 34.231418)",1,25.39,primary,3,60,3,,auto,
2192,科技路,2132,1164,1180,1,"LINESTRING (108.90317 34.231214, 108.903743 34.230957)",1,59.93,primary,3,60,3,,auto,
2193,博文路,2133,1079,1723,1,"LINESTRING (108.901002 34.228144, 108.900928 34.228027)",1,14.68,tertiary,5,,1,,auto,
2194,博文路,2133,1723,1079,1,"LINESTRING (108.900928 34.228027, 108.901002 34.228144)",1,14.68,tertiary,5,,1,,auto,
2195,博文路,2134,1079,676,1,"LINESTRING (108.901002 34.228144, 108.901456 34.228846)",1,88.52,tertiary,5,,1,,auto,
2196,博文路,2134,676,1079,1,"LINESTRING (108.901456 34.228846, 108.901002 34.228144)",1,88.52,tertiary,5,,1,,auto,
2197,科创路,2135,1181,1723,1,"LINESTRING (108.901065 34.22796, 108.900928 34.228027)",1,14.63,tertiary,5,,2,,auto,
2198,科创路,2136,1080,1182,1,"LINESTRING (108.900821 34.228077, 108.900303 34.228302)",1,53.79,tertiary,5,,2,,auto,
2199,科创路,2137,1183,1723,1,"LINESTRING (108.900789 34.228011, 108.900887 34.227962)",1,10.53,tertiary,5,,,,auto,
2200,博文路,2138,566,1184,1,"LINESTRING (108.900833 34.22787, 108.900696 34.22766)",1,26.53,tertiary,5,,1,,auto,
2201,博文路,2138,1184,566,1,"LINESTRING (108.900696 34.22766, 108.900833 34.22787)",1,26.53,tertiary,5,,1,,auto,
2202,博文路,2139,566,1723,1,"LINESTRING (108.900833 34.22787, 108.900887 34.227962)",1,11.37,tertiary,5,,1,,auto,
2203,博文路,2139,1723,566,1,"LINESTRING (108.900887 34.227962, 108.900833 34.22787)",1,11.37,tertiary,5,,1,,auto,
2204,科创路,2140,568,1185,1,"LINESTRING (108.901032 34.227897, 108.901398 34.22773)",1,38.43,tertiary,5,,,,auto,
2205,白沙路,2141,1169,1738,1,"LINESTRING (108.908588 34.233005, 108.908506 34.232882)",1,15.62,tertiary,5,,2,,auto,
2206,白沙路,2142,1174,1186,1,"LINESTRING (108.908458 34.232814, 108.907501 34.231341)",1,185.92,tertiary,5,,2,,auto,
2207,白沙路,2143,1187,1738,1,"LINESTRING (108.908531 34.232778, 108.908579 34.232848)",1,8.95,tertiary,5,,2,,auto,
2208,光华路,2144,202,445,1,"LINESTRING (108.908672 34.232806, 108.909526 34.232412)",1,89.91,tertiary,5,,,,auto,
2209,光华路,2144,445,202,1,"LINESTRING (108.909526 34.232412, 108.908672 34.232806)",1,89.91,tertiary,5,,,,auto,
2210,光华路,2145,202,1738,1,"LINESTRING (108.908672 34.232806, 108.908579 34.232848)",1,9.74,tertiary,5,,,,auto,
2211,光华路,2145,1738,202,1,"LINESTRING (108.908579 34.232848, 108.908672 34.232806)",1,9.74,tertiary,5,,,,auto,
2212,科技路,2146,545,694,1,"LINESTRING (108.910085 34.228227, 108.908377 34.229)",1,179.01,primary,3,60,3,,auto,
2213,科技路,2147,1188,1726,1,"LINESTRING (108.910267 34.228147, 108.91018 34.228185)",1,9.05,primary,3,60,3,,auto,
2214,科技路,2148,1062,1726,1,"LINESTRING (108.910033 34.228146, 108.910128 34.228105)",1,9.85,primary,3,60,3,,auto,
2215,科技路,2149,1046,1189,1,"LINESTRING (108.910207 34.228068, 108.911633 34.227406)",1,150.35,primary,3,60,3,,auto,
2216,融鑫路,2150,547,1726,1,"LINESTRING (108.91006 34.228, 108.910128 34.228105)",1,13.24,tertiary,5,,,,auto,
2217,融鑫路,2150,1726,547,1,"LINESTRING (108.910128 34.228105, 108.91006 34.228)",1,13.24,tertiary,5,,,,auto,
2218,融鑫路,2151,547,546,1,"LINESTRING (108.91006 34.228, 108.909684 34.227417)",1,73.47,tertiary,5,,,,auto,
2219,融鑫路,2151,546,547,1,"LINESTRING (108.909684 34.227417, 108.91006 34.228)",1,73.47,tertiary,5,,,,auto,
2220,白沙路,2152,1170,1190,1,"LINESTRING (108.905052 34.227574, 108.905027 34.227535)",1,4.91,tertiary,5,,2,,auto,
2221,白沙路,2153,1191,683,1,"LINESTRING (108.905117 34.227547, 108.905372 34.227932)",1,48.81,tertiary,5,,2,,auto,
2222,白沙路,2154,1192,1191,1,"LINESTRING (108.905029 34.227414, 108.905117 34.227547)",1,16.86,tertiary,5,,2,,auto,
2223,太白南路,2155,1193,1745,1,"LINESTRING (108.914763 34.2302, 108.914696 34.230096)",1,13.10,primary,3,,,,auto,
2224,太白南路,2158,486,1194,1,"LINESTRING (108.914884 34.230153, 108.916613 34.232801)",1,334.61,primary,3,60,,,auto,
2225,光华路,2161,1195,1745,1,"LINESTRING (108.914952 34.230017, 108.914833 34.230073)",1,12.59,tertiary,5,,2,,auto,
2226,光华路,2164,419,1745,1,"LINESTRING (108.914594 34.230142, 108.914696 34.230096)",1,10.68,tertiary,5,,,,auto,
2227,光华路,2164,1745,419,1,"LINESTRING (108.914696 34.230096, 108.914594 34.230142)",1,10.68,tertiary,5,,,,auto,
2228,光华路,2165,419,579,1,"LINESTRING (108.914594 34.230142, 108.912855 34.230918)",1,181.67,tertiary,5,,,,auto,
2229,光华路,2165,579,419,1,"LINESTRING (108.912855 34.230918, 108.914594 34.230142)",1,181.67,tertiary,5,,,,auto,
2230,,2168,30,31,1,"LINESTRING (108.92174 34.233173, 108.922252 34.23302)",1,50.05,trunk,2,,2,,auto,
2231,永松路,2169,1040,404,1,"LINESTRING (108.922389 34.230818, 108.923446 34.232442)",1,205.07,tertiary,5,,2,,auto,
2232,永松西巷,2170,1040,1039,1,"LINESTRING (108.922389 34.230818, 108.922337 34.230843)",1,5.53,residential,6,,,,auto,
2233,永松西巷,2170,1039,1040,1,"LINESTRING (108.922337 34.230843, 108.922389 34.230818)",1,5.53,residential,6,,,,auto,
2234,永松西巷,2171,671,669,1,"LINESTRING (108.922252 34.230881, 108.920229 34.231781)",1,211.20,residential,6,,,,auto,
2235,永松西巷,2171,669,671,1,"LINESTRING (108.920229 34.231781, 108.922252 34.230881)",1,211.20,residential,6,,,,auto,
2236,永松西巷,2172,671,1039,1,"LINESTRING (108.922252 34.230881, 108.922337 34.230843)",1,8.88,residential,6,,,,auto,
2237,永松西巷,2172,1039,671,1,"LINESTRING (108.922337 34.230843, 108.922252 34.230881)",1,8.88,residential,6,,,,auto,
2238,光华路,2176,1059,1196,1,"LINESTRING (108.920094 34.227715, 108.919766 34.227862)",1,34.30,tertiary,5,,2,,auto,
2239,永松路,2177,1197,1737,1,"LINESTRING (108.920416 34.227874, 108.920264 34.227641)",1,29.44,tertiary,5,,2,,auto,
2240,永松路,2178,483,1724,1,"LINESTRING (108.92048 34.227851, 108.921215 34.228979)",1,142.47,tertiary,5,,2,,auto,
2241,光华路,2179,1198,1199,1,"LINESTRING (108.917432 34.228906, 108.916701 34.229232)",1,76.36,tertiary,5,,2,,auto,
2242,光华路,2180,1199,1200,1,"LINESTRING (108.916701 34.229232, 108.915422 34.229806)",1,133.79,tertiary,5,,2,,auto,
2243,光华路,2181,1201,1202,1,"LINESTRING (108.918332 34.228506, 108.917864 34.228714)",1,48.85,tertiary,5,,2,,auto,
2244,永松路,2182,1041,1724,1,"LINESTRING (108.921287 34.229213, 108.921138 34.228982)",1,29.11,tertiary,5,,2,,auto,
2245,永松路,2183,392,1203,1,"LINESTRING (108.921348 34.229188, 108.921522 34.22946)",1,34.21,tertiary,5,,2,,auto,
2246,崇业路,2184,702,701,1,"LINESTRING (108.921478 34.228976, 108.923408 34.228957)",1,177.45,tertiary,5,,1,,auto,
2247,崇业路,2184,701,702,1,"LINESTRING (108.923408 34.228957, 108.921478 34.228976)",1,177.45,tertiary,5,,1,,auto,
2248,崇业路,2185,702,390,1,"LINESTRING (108.921478 34.228976, 108.92129 34.228978)",1,17.29,tertiary,5,,1,,auto,
2249,崇业路,2185,390,702,1,"LINESTRING (108.92129 34.228978, 108.921478 34.228976)",1,17.29,tertiary,5,,1,,auto,
2250,,2189,764,1204,1,"LINESTRING (108.905573 34.242939, 108.905538 34.242875)",1,7.81,secondary,4,,,,auto,
2251,,2190,1205,1206,1,"LINESTRING (108.905825 34.243101, 108.905745 34.243066)",1,8.32,secondary,4,,,,auto,
2252,,2191,1207,1208,1,"LINESTRING (108.906071 34.243141, 108.905945 34.243133)",1,11.62,secondary,4,,,,auto,
2253,劳动南路,2192,1209,1210,1,"LINESTRING (108.905565 34.243583, 108.905541 34.243715)",1,14.84,secondary,4,,3,,auto,
2254,,2193,1211,761,1,"LINESTRING (108.906592 34.242559, 108.906602 34.242724)",1,18.37,secondary,4,,,,auto,
2255,,2194,762,1212,1,"LINESTRING (108.90658 34.24283, 108.90655 34.242922)",1,10.60,secondary,4,,,,auto,
2256,,2195,1213,1214,1,"LINESTRING (108.905972 34.242241, 108.906062 34.24223)",1,8.36,secondary,4,,,,auto,
2257,,2196,1215,1216,1,"LINESTRING (108.905619 34.242395, 108.905701 34.242342)",1,9.57,secondary,4,,,,auto,
2258,,2197,1204,1217,1,"LINESTRING (108.905538 34.242875, 108.905508 34.24281)",1,7.74,secondary,4,,,,auto,
2259,劳动南路,2200,1010,1022,1,"LINESTRING (108.905496 34.249173, 108.905486 34.249716)",1,60.39,secondary,4,,3,,auto,
2260,劳动南路,2201,808,804,1,"LINESTRING (108.905416 34.249177, 108.905434 34.248499)",1,75.41,secondary,4,,3,,auto,
2261,劳动南路,2202,1099,1009,1,"LINESTRING (108.90552 34.248498, 108.905522 34.248729)",1,25.69,secondary,4,,3,,auto,
2262,西市南路,2203,1218,85,1,"LINESTRING (108.896504 34.246315, 108.896446 34.246316)",1,5.33,tertiary,5,,1,,auto,
2263,西市南路,2203,85,1218,1,"LINESTRING (108.896446 34.246316, 108.896504 34.246315)",1,5.33,tertiary,5,,1,,auto,
2264,西市南路,2204,1218,793,1,"LINESTRING (108.896504 34.246315, 108.90008 34.246298)",1,328.70,tertiary,5,,1,,auto,
2265,西市南路,2204,793,1218,1,"LINESTRING (108.90008 34.246298, 108.896504 34.246315)",1,328.70,tertiary,5,,1,,auto,
2266,二环南路西段,2205,1219,1220,1,"LINESTRING (108.895568 34.245348, 108.89469 34.245732)",1,91.30,secondary,4,50,2,,auto,
2267,二环南路西段,2206,502,1221,1,"LINESTRING (108.895339 34.24498, 108.895403 34.24495)",1,6.76,secondary,4,50,3,,auto,
2268,二环南路西段,2207,1222,509,1,"LINESTRING (108.895717 34.244762, 108.895938 34.244658)",1,23.37,secondary,4,50,3,,auto,
2269,桃园南路,2208,1223,1224,1,"LINESTRING (108.896406 34.254172, 108.896406 34.254148)",1,2.67,secondary,4,,3,,auto,
2270,桃园南路,2209,1225,946,1,"LINESTRING (108.896375 34.254063, 108.896361 34.252707)",1,150.79,secondary,4,,3,,auto,
2271,桃园南路,2210,1226,1227,1,"LINESTRING (108.896465 34.254067, 108.896469 34.254148)",1,9.01,secondary,4,,3,,auto,
2272,桃园南路,2211,947,1228,1,"LINESTRING (108.896364 34.252649, 108.896408 34.252451)",1,22.38,secondary,4,,3,,auto,
2273,桃园南路,2214,1229,1230,1,"LINESTRING (108.896499 34.252648, 108.896465 34.253845)",1,133.14,secondary,4,,3,,auto,
2274,丰庆路,2217,972,1231,1,"LINESTRING (108.896714 34.252453, 108.896501 34.252454)",1,19.58,primary,3,,4,,auto,
2275,丰庆路,2220,1232,1233,1,"LINESTRING (108.896717 34.252331, 108.89738 34.252333)",1,60.94,primary,3,,4,,auto,
2276,桃园南路,2223,1234,963,1,"LINESTRING (108.8964 34.25217, 108.896397 34.251912)",1,28.69,secondary,4,,3,,auto,
2277,桃园南路,2226,646,1235,1,"LINESTRING (108.896492 34.252167, 108.896499 34.252343)",1,19.58,secondary,4,,3,,auto,
2278,高新路,2229,839,80,1,"LINESTRING (108.896142 34.227478, 108.896108 34.227425)",1,6.67,secondary,4,50,4,,auto,
2279,科技一路,2230,81,152,1,"LINESTRING (108.895946 34.227498, 108.894169 34.228296)",1,185.91,tertiary,5,,1,,auto,
2280,科技一路,2230,152,81,1,"LINESTRING (108.894169 34.228296, 108.895946 34.227498)",1,185.91,tertiary,5,,1,,auto,
2281,科技一路,2231,81,80,1,"LINESTRING (108.895946 34.227498, 108.896108 34.227425)",1,16.96,tertiary,5,,1,,auto,
2282,科技一路,2231,80,81,1,"LINESTRING (108.896108 34.227425, 108.895946 34.227498)",1,16.96,tertiary,5,,1,,auto,
2283,科技路,2232,1236,1237,1,"LINESTRING (108.900822 34.232209, 108.900852 34.2322)",1,2.93,primary,3,60,3,,auto,
2284,高新路,2233,1076,1238,1,"LINESTRING (108.897778 34.229639, 108.897966 34.22993)",1,36.68,secondary,4,50,4,,auto,
2285,科创路,2234,1239,1240,1,"LINESTRING (108.89787 34.229391, 108.897797 34.229423)",1,7.60,tertiary,5,,2,,auto,
2286,科创路,2235,1241,1242,1,"LINESTRING (108.897829 34.229326, 108.898319 34.229106)",1,51.26,tertiary,5,,,,auto,
2287,大通巷,2236,819,1243,1,"LINESTRING (108.898439 34.228952, 108.898275 34.228696)",1,32.21,tertiary,5,,1,,auto,
2288,高新路,2237,1244,1725,1,"LINESTRING (108.901768 34.236104, 108.901688 34.23598)",1,15.63,secondary,4,50,4,,auto,
2289,光华路,2238,124,1145,1,"LINESTRING (108.901517 34.236055, 108.900579 34.236468)",1,97.69,tertiary,5,,2,,auto,
2290,光华路,2239,1147,1725,1,"LINESTRING (108.90148 34.235996, 108.901649 34.235921)",1,17.63,tertiary,5,,2,,auto,
2291,高新路,2240,126,1245,1,"LINESTRING (108.901957 34.236023, 108.902439 34.236766)",1,93.75,secondary,4,50,4,,auto,
2292,高新路,2241,1142,1246,1,"LINESTRING (108.901596 34.235841, 108.90075 34.234549)",1,163.36,secondary,4,50,4,,auto,
2293,高新路,2242,518,1725,1,"LINESTRING (108.901784 34.235755, 108.901861 34.235875)",1,15.10,secondary,4,50,4,,auto,
2294,光华路,2243,125,439,1,"LINESTRING (108.902057 34.235788, 108.90375 34.235041)",1,176.41,tertiary,5,,,,auto,
2295,光华路,2243,439,125,1,"LINESTRING (108.90375 34.235041, 108.902057 34.235788)",1,176.41,tertiary,5,,,,auto,
2296,光华路,2244,125,1725,1,"LINESTRING (108.902057 34.235788, 108.901861 34.235875)",1,20.45,tertiary,5,,,,auto,
2297,光华路,2244,1725,125,1,"LINESTRING (108.901861 34.235875, 108.902057 34.235788)",1,20.45,tertiary,5,,,,auto,
2298,,2245,1247,1248,1,"LINESTRING (108.905727 34.241844, 108.906087 34.242111)",1,44.46,secondary,4,,2,,auto,
2299,,2246,1249,1250,1,"LINESTRING (108.905393 34.241642, 108.90514 34.241282)",1,46.30,secondary,4,,,,auto,
2300,劳动南路,2247,95,478,1,"LINESTRING (108.906031 34.243289, 108.905645 34.24348)",1,41.35,secondary,4,,3,,auto,
2301,劳动南路,2248,782,1251,1,"LINESTRING (108.905442 34.245292, 108.905441 34.244716)",1,64.05,secondary,4,,3,,auto,
2302,高新路,2249,105,1728,1,"LINESTRING (108.904836 34.240819, 108.90479 34.240749)",1,8.86,secondary,4,50,4,,auto,
2303,二环南路西段,2250,106,515,1,"LINESTRING (108.904944 34.241181, 108.904578 34.241322)",1,37.12,secondary,4,,3,,auto,
2304,,2251,1250,1252,1,"LINESTRING (108.90514 34.241282, 108.905105 34.241225)",1,7.11,secondary,4,,,,auto,
2305,,2252,1253,1247,1,"LINESTRING (108.90531 34.241218, 108.905727 34.241844)",1,79.46,secondary,4,,2,,auto,
2306,,2253,294,1735,1,"LINESTRING (108.905288 34.241032, 108.905211 34.241068)",1,8.13,secondary,4,,4,,auto,
2307,,2254,302,105,1,"LINESTRING (108.904728 34.240867, 108.904836 34.240819)",1,11.27,trunk,2,,,,auto,
2308,二环南路西段,2255,494,1728,1,"LINESTRING (108.904678 34.2408, 108.90479 34.240749)",1,11.75,secondary,4,50,3,,auto,
2309,二环南路西段,2256,291,1254,1,"LINESTRING (108.905091 34.240674, 108.906348 34.240094)",1,132.33,secondary,4,,4,,auto,
2310,高新路,2257,112,1255,1,"LINESTRING (108.904707 34.240624, 108.90421 34.239869)",1,95.58,secondary,4,50,4,,auto,
2311,高新路,2258,458,1728,1,"LINESTRING (108.904886 34.240535, 108.905003 34.240714)",1,22.62,secondary,4,50,4,,auto,
2312,二环南路西段辅路,2259,296,1256,1,"LINESTRING (108.908229 34.239212, 108.910523 34.238178)",1,240.18,unclassified,20,,,,auto,
2313,二环南路西段辅路,2260,1256,1257,1,"LINESTRING (108.910523 34.238178, 108.910757 34.238053)",1,25.61,unclassified,20,,,,auto,
2314,二环南路西段辅路,2261,1258,191,1,"LINESTRING (108.910907 34.237974, 108.911637 34.237636)",1,76.91,unclassified,20,,,,auto,
2315,二环南路西段辅路,2262,191,1259,1,"LINESTRING (108.911637 34.237636, 108.912351 34.237316)",1,74.66,unclassified,20,,,,auto,
2316,白沙路,2263,191,189,1,"LINESTRING (108.911637 34.237636, 108.911706 34.237744)",1,13.58,tertiary,5,,1,,auto,
2317,白沙路,2263,189,191,1,"LINESTRING (108.911706 34.237744, 108.911637 34.237636)",1,13.58,tertiary,5,,1,,auto,
2318,白沙路,2264,191,1168,1,"LINESTRING (108.911637 34.237636, 108.911596 34.237575)",1,7.76,tertiary,5,,1,,auto,
2319,白沙路,2264,1168,191,1,"LINESTRING (108.911596 34.237575, 108.911637 34.237636)",1,7.76,tertiary,5,,1,,auto,
2320,二环南路西段辅路,2265,1259,1260,1,"LINESTRING (108.912351 34.237316, 108.912811 34.237144)",1,46.41,unclassified,20,,,,auto,
2321,二环南路西段辅路,2266,1260,1261,1,"LINESTRING (108.912811 34.237144, 108.913591 34.236792)",1,81.69,unclassified,20,,,,auto,
2322,二环南路西段辅路,2267,1262,1263,1,"LINESTRING (108.913857 34.236672, 108.91425 34.23642)",1,45.72,unclassified,20,,,,auto,
2323,白沙路,2268,1168,191,1,"LINESTRING (108.911596 34.237575, 108.911637 34.237636)",1,7.76,tertiary,5,,1,,auto,
2324,白沙路,2268,191,1168,1,"LINESTRING (108.911637 34.237636, 108.911596 34.237575)",1,7.76,tertiary,5,,1,,auto,
2325,白沙路,2269,1168,1166,1,"LINESTRING (108.911596 34.237575, 108.909198 34.233876)",1,466.66,tertiary,5,,1,,auto,
2326,白沙路,2269,1166,1168,1,"LINESTRING (108.909198 34.233876, 108.911596 34.237575)",1,466.66,tertiary,5,,1,,auto,
2327,二环南路西段,2272,535,15,1,"LINESTRING (108.91189 34.238034, 108.909322 34.239182)",1,268.37,trunk,2,70,3,,auto,
2328,白庙路,2273,535,1264,1,"LINESTRING (108.91189 34.238034, 108.91195 34.238125)",1,11.52,tertiary,5,,,,auto,
2329,白庙路,2273,1264,535,1,"LINESTRING (108.91195 34.238125, 108.91189 34.238034)",1,11.52,tertiary,5,,,,auto,
2330,二环南路西段,2274,14,534,1,"LINESTRING (108.914557 34.236909, 108.914094 34.237048)",1,45.28,trunk,2,70,3,,auto,
2331,二环南路西段辅路,2275,1265,1266,1,"LINESTRING (108.914149 34.237144, 108.913533 34.237419)",1,64.36,unclassified,20,,1,,auto,
2332,二环南路西段辅路,2276,1267,331,1,"LINESTRING (108.914895 34.236007, 108.917357 34.234873)",1,259.08,unclassified,20,,,,auto,
2333,二环南路西段,2277,190,842,1,"LINESTRING (108.91395 34.236739, 108.914341 34.236489)",1,45.44,trunk,2,70,3,,auto,
2334,,2278,28,840,1,"LINESTRING (108.918042 34.23475, 108.918902 34.234356)",1,90.39,trunk,2,,2,,auto,
2335,白庙路,2279,537,1264,1,"LINESTRING (108.912214 34.238523, 108.91195 34.238125)",1,50.47,tertiary,5,,,,auto,
2336,白庙路,2279,1264,537,1,"LINESTRING (108.91195 34.238125, 108.912214 34.238523)",1,50.47,tertiary,5,,,,auto,
2337,白庙路,2280,537,536,1,"LINESTRING (108.912214 34.238523, 108.912232 34.238621)",1,11.02,tertiary,5,,,,auto,
2338,白庙路,2280,536,537,1,"LINESTRING (108.912232 34.238621, 108.912214 34.238523)",1,11.02,tertiary,5,,,,auto,
2339,二环南路西段辅路,2281,1264,1268,1,"LINESTRING (108.91195 34.238125, 108.910302 34.238861)",1,172.19,unclassified,20,,1,,auto,
2340,白庙路,2282,1264,535,1,"LINESTRING (108.91195 34.238125, 108.91189 34.238034)",1,11.52,tertiary,5,,,,auto,
2341,白庙路,2282,535,1264,1,"LINESTRING (108.91189 34.238034, 108.91195 34.238125)",1,11.52,tertiary,5,,,,auto,
2342,白庙路,2283,1264,537,1,"LINESTRING (108.91195 34.238125, 108.912214 34.238523)",1,50.47,tertiary,5,,,,auto,
2343,白庙路,2283,537,1264,1,"LINESTRING (108.912214 34.238523, 108.91195 34.238125)",1,50.47,tertiary,5,,,,auto,
2344,二环南路西段辅路,2284,1269,1270,1,"LINESTRING (108.906484 34.240566, 108.905984 34.240836)",1,54.90,unclassified,20,,1,,auto,
2345,二环南路西段辅路,2285,1270,506,1,"LINESTRING (108.905984 34.240836, 108.905271 34.241159)",1,74.74,unclassified,20,,1,,auto,
2346,二环南路西段辅路,2286,506,1252,1,"LINESTRING (108.905271 34.241159, 108.905105 34.241225)",1,16.93,unclassified,20,,1,,auto,
2347,,2287,506,1253,1,"LINESTRING (108.905271 34.241159, 108.90531 34.241218)",1,7.48,secondary,4,,2,,auto,
2348,劳动南路,2288,1271,1028,1,"LINESTRING (108.905538 34.245242, 108.905521 34.246276)",1,114.99,secondary,4,,3,,auto,
2349,劳动南路,2289,1014,1271,1,"LINESTRING (108.905539 34.244708, 108.905538 34.245242)",1,59.38,secondary,4,,3,,auto,
2350,二环南路西段辅路,2290,1252,1272,1,"LINESTRING (108.905105 34.241225, 108.904354 34.241558)",1,78.34,unclassified,20,,1,,auto,
2351,,2291,1252,1735,1,"LINESTRING (108.905105 34.241225, 108.905052 34.241139)",1,10.73,secondary,4,,,,auto,
2352,二环南路西段辅路,2292,67,951,1,"LINESTRING (108.89591 34.24535, 108.895782 34.245405)",1,13.26,unclassified,20,,1,,auto,
2353,桃园南路,2293,67,703,1,"LINESTRING (108.89591 34.24535, 108.895954 34.245423)",1,9.07,secondary,4,,3,,auto,
2354,二环南路西段,2294,645,987,1,"LINESTRING (108.900269 34.243266, 108.899992 34.243392)",1,29.06,secondary,4,,3,,auto,
2355,劳动南路,2295,1210,1013,1,"LINESTRING (108.905541 34.243715, 108.905537 34.244338)",1,69.28,secondary,4,,3,,auto,
2356,西市一路,2298,1273,788,1,"LINESTRING (108.903005 34.244749, 108.902993 34.246204)",1,161.79,tertiary,5,,,,auto,
2357,西市一路,2298,788,1273,1,"LINESTRING (108.902993 34.246204, 108.903005 34.244749)",1,161.79,tertiary,5,,,,auto,
2358,西市一路,2299,1273,786,1,"LINESTRING (108.903005 34.244749, 108.903006 34.24469)",1,6.56,tertiary,5,,,,auto,
2359,西市一路,2299,786,1273,1,"LINESTRING (108.903006 34.24469, 108.903005 34.244749)",1,6.56,tertiary,5,,,,auto,
2360,万方巷,2300,1273,1274,1,"LINESTRING (108.903005 34.244749, 108.903102 34.244749)",1,8.92,tertiary,5,,,,auto,
2361,万方巷,2300,1274,1273,1,"LINESTRING (108.903102 34.244749, 108.903005 34.244749)",1,8.92,tertiary,5,,,,auto,
2362,劳动南路,2301,1251,1275,1,"LINESTRING (108.905441 34.244716, 108.905442 34.24387)",1,94.07,secondary,4,,3,,auto,
2363,万方巷,2302,1274,1276,1,"LINESTRING (108.903102 34.244749, 108.905332 34.244717)",1,205.01,tertiary,5,,,,auto,
2364,万方巷,2302,1276,1274,1,"LINESTRING (108.905332 34.244717, 108.903102 34.244749)",1,205.01,tertiary,5,,,,auto,
2365,万方巷,2303,1274,1273,1,"LINESTRING (108.903102 34.244749, 108.903005 34.244749)",1,8.92,tertiary,5,,,,auto,
2366,万方巷,2303,1273,1274,1,"LINESTRING (108.903005 34.244749, 108.903102 34.244749)",1,8.92,tertiary,5,,,,auto,
2367,西市一路,2304,786,1273,1,"LINESTRING (108.903006 34.24469, 108.903005 34.244749)",1,6.56,tertiary,5,,,,auto,
2368,西市一路,2304,1273,786,1,"LINESTRING (108.903005 34.244749, 108.903006 34.24469)",1,6.56,tertiary,5,,,,auto,
2369,西市一路,2305,786,642,1,"LINESTRING (108.903006 34.24469, 108.903012 34.243897)",1,88.18,tertiary,5,,,,auto,
2370,西市一路,2305,642,786,1,"LINESTRING (108.903012 34.243897, 108.903006 34.24469)",1,88.18,tertiary,5,,,,auto,
2371,西市一路,2306,643,641,1,"LINESTRING (108.902226 34.242568, 108.902991 34.243754)",1,149.45,tertiary,5,,,,auto,
2372,西市一路,2306,641,643,1,"LINESTRING (108.902991 34.243754, 108.902226 34.242568)",1,149.45,tertiary,5,,,,auto,
2373,西市一路,2307,643,644,1,"LINESTRING (108.902226 34.242568, 108.902192 34.242515)",1,6.67,tertiary,5,,,,auto,
2374,西市一路,2307,644,643,1,"LINESTRING (108.902192 34.242515, 108.902226 34.242568)",1,6.67,tertiary,5,,,,auto,
2375,西市一路,2308,788,787,1,"LINESTRING (108.902993 34.246204, 108.902992 34.246303)",1,11.01,tertiary,5,,,,auto,
2376,西市一路,2308,787,788,1,"LINESTRING (108.902992 34.246303, 108.902993 34.246204)",1,11.01,tertiary,5,,,,auto,
2377,西市一路,2309,788,1273,1,"LINESTRING (108.902993 34.246204, 108.903005 34.244749)",1,161.79,tertiary,5,,,,auto,
2378,西市一路,2309,1273,788,1,"LINESTRING (108.903005 34.244749, 108.902993 34.246204)",1,161.79,tertiary,5,,,,auto,
2379,西市南路,2310,1277,790,1,"LINESTRING (108.905245 34.246314, 108.903903 34.246308)",1,123.35,tertiary,5,,,,auto,
2380,西市南路,2310,790,1277,1,"LINESTRING (108.903903 34.246308, 108.905245 34.246314)",1,123.35,tertiary,5,,,,auto,
2381,西市南路,2311,1277,781,1,"LINESTRING (108.905245 34.246314, 108.905348 34.246315)",1,9.47,tertiary,5,,,,auto,
2382,西市南路,2311,781,1277,1,"LINESTRING (108.905348 34.246315, 108.905245 34.246314)",1,9.47,tertiary,5,,,,auto,
2383,西市中路,2313,1278,992,1,"LINESTRING (108.901405 34.248582, 108.901403 34.249631)",1,116.64,tertiary,5,,,,auto,
2384,西市中路,2313,992,1278,1,"LINESTRING (108.901403 34.249631, 108.901405 34.248582)",1,116.64,tertiary,5,,,,auto,
2385,西市中路,2314,1278,1279,1,"LINESTRING (108.901405 34.248582, 108.901405 34.248509)",1,8.12,tertiary,5,,,,auto,
2386,西市中路,2314,1279,1278,1,"LINESTRING (108.901405 34.248509, 108.901405 34.248582)",1,8.12,tertiary,5,,,,auto,
2387,西市中路,2315,1280,1279,1,"LINESTRING (108.901406 34.247568, 108.901405 34.248509)",1,104.63,tertiary,5,,,,auto,
2388,西市中路,2315,1279,1280,1,"LINESTRING (108.901405 34.248509, 108.901406 34.247568)",1,104.63,tertiary,5,,,,auto,
2389,西市中路,2316,1280,1281,1,"LINESTRING (108.901406 34.247568, 108.901406 34.247465)",1,11.45,tertiary,5,,,,auto,
2390,西市中路,2316,1281,1280,1,"LINESTRING (108.901406 34.247465, 108.901406 34.247568)",1,11.45,tertiary,5,,,,auto,
2391,西市中路,2317,989,1281,1,"LINESTRING (108.901407 34.246418, 108.901406 34.247465)",1,116.42,tertiary,5,,,,auto,
2392,西市中路,2317,1281,989,1,"LINESTRING (108.901406 34.247465, 108.901407 34.246418)",1,116.42,tertiary,5,,,,auto,
2393,西市中路,2318,989,988,1,"LINESTRING (108.901407 34.246418, 108.901406 34.246296)",1,13.57,tertiary,5,,,,auto,
2394,西市中路,2318,988,989,1,"LINESTRING (108.901406 34.246296, 108.901407 34.246418)",1,13.57,tertiary,5,,,,auto,
2395,西市南路,2319,795,988,1,"LINESTRING (108.901556 34.246299, 108.901406 34.246296)",1,13.79,tertiary,5,,,,auto,
2396,西市南路,2319,988,795,1,"LINESTRING (108.901406 34.246296, 108.901556 34.246299)",1,13.79,tertiary,5,,,,auto,
2397,西市南路,2320,795,794,1,"LINESTRING (108.901556 34.246299, 108.902244 34.246303)",1,63.24,tertiary,5,,,,auto,
2398,西市南路,2320,794,795,1,"LINESTRING (108.902244 34.246303, 108.901556 34.246299)",1,63.24,tertiary,5,,,,auto,
2399,西市南路,2321,789,796,1,"LINESTRING (108.902857 34.246303, 108.902663 34.246303)",1,17.83,tertiary,5,,,,auto,
2400,西市南路,2321,796,789,1,"LINESTRING (108.902663 34.246303, 108.902857 34.246303)",1,17.83,tertiary,5,,,,auto,
2401,西市南路,2322,789,787,1,"LINESTRING (108.902857 34.246303, 108.902992 34.246303)",1,12.41,tertiary,5,,,,auto,
2402,西市南路,2322,787,789,1,"LINESTRING (108.902992 34.246303, 108.902857 34.246303)",1,12.41,tertiary,5,,,,auto,
2403,劳动南路,2323,805,780,1,"LINESTRING (108.905446 34.247532, 108.90544 34.246315)",1,135.33,secondary,4,,3,,auto,
2404,劳动南路辅路,2324,1282,781,1,"LINESTRING (108.905337 34.247386, 108.905348 34.246315)",1,119.09,unclassified,20,,,,auto,
2405,西市南路,2325,781,1277,1,"LINESTRING (108.905348 34.246315, 108.905245 34.246314)",1,9.47,tertiary,5,,,,auto,
2406,西市南路,2325,1277,781,1,"LINESTRING (108.905245 34.246314, 108.905348 34.246315)",1,9.47,tertiary,5,,,,auto,
2407,西市南路,2326,781,780,1,"LINESTRING (108.905348 34.246315, 108.90544 34.246315)",1,8.46,tertiary,5,,,,auto,
2408,西市南路,2326,780,781,1,"LINESTRING (108.90544 34.246315, 108.905348 34.246315)",1,8.46,tertiary,5,,,,auto,
2409,劳动南路辅路,2327,781,1283,1,"LINESTRING (108.905348 34.246315, 108.905348 34.245971)",1,38.25,unclassified,20,,,,auto,
2410,西市中路,2329,1281,1280,1,"LINESTRING (108.901406 34.247465, 108.901406 34.247568)",1,11.45,tertiary,5,,,,auto,
2411,西市中路,2329,1280,1281,1,"LINESTRING (108.901406 34.247568, 108.901406 34.247465)",1,11.45,tertiary,5,,,,auto,
2412,西市中路,2330,1281,989,1,"LINESTRING (108.901406 34.247465, 108.901407 34.246418)",1,116.42,tertiary,5,,,,auto,
2413,西市中路,2330,989,1281,1,"LINESTRING (108.901407 34.246418, 108.901406 34.247465)",1,116.42,tertiary,5,,,,auto,
2414,西市中路,2333,1279,1278,1,"LINESTRING (108.901405 34.248509, 108.901405 34.248582)",1,8.12,tertiary,5,,,,auto,
2415,西市中路,2333,1278,1279,1,"LINESTRING (108.901405 34.248582, 108.901405 34.248509)",1,8.12,tertiary,5,,,,auto,
2416,西市中路,2334,1279,1280,1,"LINESTRING (108.901405 34.248509, 108.901406 34.247568)",1,104.63,tertiary,5,,,,auto,
2417,西市中路,2334,1280,1279,1,"LINESTRING (108.901406 34.247568, 108.901405 34.248509)",1,104.63,tertiary,5,,,,auto,
2418,西市北路,2335,810,807,1,"LINESTRING (108.905222 34.249711, 108.905317 34.24971)",1,8.73,tertiary,5,,,,auto,
2419,西市北路,2335,807,810,1,"LINESTRING (108.905317 34.24971, 108.905222 34.249711)",1,8.73,tertiary,5,,,,auto,
2420,西市北路,2336,810,809,1,"LINESTRING (108.905222 34.249711, 108.903948 34.249717)",1,117.10,tertiary,5,,,,auto,
2421,西市北路,2336,809,810,1,"LINESTRING (108.903948 34.249717, 108.905222 34.249711)",1,117.10,tertiary,5,,,,auto,
2422,西市北路,2337,803,801,1,"LINESTRING (108.901528 34.249713, 108.902668 34.249711)",1,104.78,tertiary,5,,,,auto,
2423,西市北路,2337,801,803,1,"LINESTRING (108.902668 34.249711, 108.901528 34.249713)",1,104.78,tertiary,5,,,,auto,
2424,西市北路,2338,803,990,1,"LINESTRING (108.901528 34.249713, 108.901403 34.249714)",1,11.49,tertiary,5,,,,auto,
2425,西市北路,2338,990,803,1,"LINESTRING (108.901403 34.249714, 108.901528 34.249713)",1,11.49,tertiary,5,,,,auto,
2426,西市中路,2339,992,990,1,"LINESTRING (108.901403 34.249631, 108.901403 34.249714)",1,9.23,tertiary,5,,,,auto,
2427,西市中路,2339,990,992,1,"LINESTRING (108.901403 34.249714, 108.901403 34.249631)",1,9.23,tertiary,5,,,,auto,
2428,西市中路,2340,992,1278,1,"LINESTRING (108.901403 34.249631, 108.901405 34.248582)",1,116.64,tertiary,5,,,,auto,
2429,西市中路,2340,1278,992,1,"LINESTRING (108.901405 34.248582, 108.901403 34.249631)",1,116.64,tertiary,5,,,,auto,
2430,西市北路,2341,991,990,1,"LINESTRING (108.901299 34.249714, 108.901403 34.249714)",1,9.56,tertiary,5,,,,auto,
2431,西市北路,2341,990,991,1,"LINESTRING (108.901403 34.249714, 108.901299 34.249714)",1,9.56,tertiary,5,,,,auto,
2432,西市北路,2342,991,87,1,"LINESTRING (108.901299 34.249714, 108.900656 34.24972)",1,59.10,tertiary,5,,,,auto,
2433,西市北路,2342,87,991,1,"LINESTRING (108.900656 34.24972, 108.901299 34.249714)",1,59.10,tertiary,5,,,,auto,
2434,二环南路西段,2350,1284,283,1,"LINESTRING (108.923099 34.233006, 108.922401 34.233337)",1,73.97,trunk,2,,2,,auto,
2435,二环南路西段,2351,468,8,1,"LINESTRING (108.924002 34.232614, 108.923389 34.232858)",1,62.55,secondary,4,,,,auto,
2436,,2352,468,1285,1,"LINESTRING (108.924002 34.232614, 108.92384 34.232795)",1,25.04,secondary,4,,,,auto,
2437,二环南路西段,2353,8,1284,1,"LINESTRING (108.923389 34.232858, 108.923099 34.233006)",1,31.33,trunk,2,,2,,auto,
2438,二环南路西段辅路,2354,1286,1287,1,"LINESTRING (108.926321 34.231906, 108.926007 34.231948)",1,29.24,unclassified,20,,,,auto,
2439,二环南路西段辅路,2355,1287,1288,1,"LINESTRING (108.926007 34.231948, 108.925588 34.232046)",1,40.03,unclassified,20,,,,auto,
2440,二环南路西段辅路,2356,1288,1289,1,"LINESTRING (108.925588 34.232046, 108.925271 34.232155)",1,31.56,unclassified,20,,,,auto,
2441,二环南路西段辅路,2357,1289,1290,1,"LINESTRING (108.925271 34.232155, 108.925035 34.23226)",1,24.64,unclassified,20,,,,auto,
2442,二环南路西段辅路,2358,732,369,1,"LINESTRING (108.922372 34.233452, 108.921682 34.233911)",1,81.42,unclassified,20,,,,auto,
2443,二环南路西段辅路,2359,1291,314,1,"LINESTRING (108.921498 34.234035, 108.918706 34.235315)",1,293.49,unclassified,20,,,,auto,
2444,二环南路西段辅路,2361,369,1291,1,"LINESTRING (108.921682 34.233911, 108.921498 34.234035)",1,21.82,unclassified,20,,,,auto,
2445,,2362,555,573,1,"LINESTRING (108.912454 34.2352, 108.912569 34.235147)",1,12.10,residential,6,,,,auto,
2446,,2362,573,555,1,"LINESTRING (108.912569 34.235147, 108.912454 34.2352)",1,12.10,residential,6,,,,auto,
2447,,2363,555,554,1,"LINESTRING (108.912454 34.2352, 108.912182 34.235326)",1,28.66,residential,6,,,,auto,
2448,,2363,554,555,1,"LINESTRING (108.912182 34.235326, 108.912454 34.2352)",1,28.66,residential,6,,,,auto,
2449,电子大道北段,2364,577,576,1,"LINESTRING (108.915845 34.235024, 108.915424 34.234416)",1,77.90,residential,6,,,,auto,
2450,电子大道北段,2364,576,577,1,"LINESTRING (108.915424 34.234416, 108.915845 34.235024)",1,77.90,residential,6,,,,auto,
2451,电子大道北段,2365,577,581,1,"LINESTRING (108.915845 34.235024, 108.91606 34.235333)",1,39.64,residential,6,,,,auto,
2452,电子大道北段,2365,581,577,1,"LINESTRING (108.91606 34.235333, 108.915845 34.235024)",1,39.64,residential,6,,,,auto,
2453,,2366,577,1292,1,"LINESTRING (108.915845 34.235024, 108.917102 34.234457)",1,131.64,residential,6,,,,auto,
2454,,2366,1292,577,1,"LINESTRING (108.917102 34.234457, 108.915845 34.235024)",1,131.64,residential,6,,,,auto,
2455,,2367,1292,577,1,"LINESTRING (108.917102 34.234457, 108.915845 34.235024)",1,131.64,residential,6,,,,auto,
2456,,2367,577,1292,1,"LINESTRING (108.915845 34.235024, 108.917102 34.234457)",1,131.64,residential,6,,,,auto,
2457,光华路,2368,199,1738,1,"LINESTRING (108.908371 34.232943, 108.908506 34.232882)",1,14.14,tertiary,5,,,,auto,
2458,光华路,2368,1738,199,1,"LINESTRING (108.908506 34.232882, 108.908371 34.232943)",1,14.14,tertiary,5,,,,auto,
2459,光华路,2369,199,198,1,"LINESTRING (108.908371 34.232943, 108.906522 34.233784)",1,194.01,tertiary,5,,,,auto,
2460,光华路,2369,198,199,1,"LINESTRING (108.906522 34.233784, 108.908371 34.232943)",1,194.01,tertiary,5,,,,auto,
2461,,2373,288,396,1,"LINESTRING (108.921236 34.233217, 108.92209 34.232982)",1,82.74,tertiary,5,,1,,auto,
2462,太白南路,2374,1293,1193,1,"LINESTRING (108.916568 34.232961, 108.914763 34.2302)",1,348.98,primary,3,,,,auto,
2463,太白南路,2375,1294,463,1,"LINESTRING (108.916686 34.232912, 108.916881 34.233211)",1,37.77,primary,3,60,,,auto,
2465,光华路,2377,1745,1295,1,"LINESTRING (108.914801 34.230023, 108.914926 34.229967)",1,13.07,tertiary,5,,2,,auto,
2468,光华路,2380,1297,1737,1,"LINESTRING (108.920057 34.22766, 108.920226 34.227584)",1,17.69,tertiary,5,,2,,auto,
2469,光华路,2381,1298,1299,1,"LINESTRING (108.918302 34.228449, 108.919284 34.228008)",1,102.74,tertiary,5,,2,,auto,
2470,光华路,2382,1300,1301,1,"LINESTRING (108.917401 34.228854, 108.917504 34.228808)",1,10.76,tertiary,5,,2,,auto,
2471,光华路,2383,1302,1300,1,"LINESTRING (108.916669 34.229184, 108.917401 34.228854)",1,76.65,tertiary,5,,2,,auto,
2472,光华路,2384,1295,1303,1,"LINESTRING (108.914926 34.229967, 108.915381 34.229762)",1,47.64,tertiary,5,,2,,auto,
2473,二环南路西段辅路,2387,264,1265,1,"LINESTRING (108.91468 34.237, 108.914149 34.237144)",1,51.37,unclassified,20,,1,,auto,
2474,西何家村,2398,222,1304,1,"LINESTRING (108.919795 34.237325, 108.919056 34.237643)",1,76.59,tertiary,5,,2,,auto,
2475,西何家村,2399,1305,222,1,"LINESTRING (108.920051 34.23724, 108.919795 34.237325)",1,25.36,tertiary,5,,2,,auto,
2476,西何家村,2400,1306,1307,1,"LINESTRING (108.920265 34.23723, 108.920141 34.237236)",1,11.42,tertiary,5,,2,,auto,
2479,西何家村,2402,1730,1308,1,"LINESTRING (108.923577 34.237226, 108.923408 34.237227)",1,15.54,tertiary,5,,2,,auto,
2480,兴化巷,2404,211,1309,1,"LINESTRING (108.923443 34.233657, 108.923285 34.233421)",1,29.99,tertiary,5,,,,auto,
2481,兴化巷,2404,1309,211,1,"LINESTRING (108.923285 34.233421, 108.923443 34.233657)",1,29.99,tertiary,5,,,,auto,
2482,兴化巷,2405,211,210,1,"LINESTRING (108.923443 34.233657, 108.923565 34.233839)",1,23.14,tertiary,5,,,,auto,
2483,兴化巷,2405,210,211,1,"LINESTRING (108.923565 34.233839, 108.923443 34.233657)",1,23.14,tertiary,5,,,,auto,
2484,,2406,211,729,1,"LINESTRING (108.923443 34.233657, 108.92289 34.233954)",1,60.62,residential,6,,,,auto,
2485,,2406,729,211,1,"LINESTRING (108.92289 34.233954, 108.923443 34.233657)",1,60.62,residential,6,,,,auto,
2486,西何家村,2407,1308,1310,1,"LINESTRING (108.923408 34.237227, 108.921981 34.237228)",1,131.18,tertiary,5,,2,,auto,
2487,西何家村,2408,1311,1730,1,"LINESTRING (108.923409 34.237162, 108.923578 34.237161)",1,15.54,tertiary,5,,,,auto,
2488,西何家村,2409,1312,1730,1,"LINESTRING (108.923755 34.237226, 108.923577 34.237226)",1,16.36,tertiary,5,,2,,auto,
2489,西何家村,2410,212,1313,1,"LINESTRING (108.923753 34.237162, 108.924439 34.237165)",1,63.06,tertiary,5,,,,auto,
2490,西何家村,2411,1314,1312,1,"LINESTRING (108.924439 34.237226, 108.923755 34.237226)",1,62.88,tertiary,5,,2,,auto,
2491,西何家村,2412,1313,1729,1,"LINESTRING (108.924439 34.237165, 108.924564 34.237165)",1,11.49,tertiary,5,,,,auto,
2492,西何家村,2413,1316,1729,1,"LINESTRING (108.924694 34.237227, 108.924564 34.237226)",1,11.95,tertiary,5,,2,,auto,
2493,太白北路,2414,1318,1740,1,"LINESTRING (108.91878 34.240063, 108.918781 34.239985)",1,8.67,primary,3,,3,,auto,
2494,太白北路,2415,426,1319,1,"LINESTRING (108.918909 34.240066, 108.918913 34.241232)",1,129.65,primary,3,,3,,auto,
2495,水文东巷,2416,245,243,1,"LINESTRING (108.924555 34.239994, 108.923614 34.24)",1,86.50,tertiary,5,,,,auto,
2496,水文东巷,2416,243,245,1,"LINESTRING (108.923614 34.24, 108.924555 34.239994)",1,86.50,tertiary,5,,,,auto,
2497,水文南巷,2417,245,1320,1,"LINESTRING (108.924555 34.239994, 108.92456 34.238439)",1,172.91,tertiary,5,,,,auto,
2498,水文南巷,2417,1320,245,1,"LINESTRING (108.92456 34.238439, 108.924555 34.239994)",1,172.91,tertiary,5,,,,auto,
2499,西何家村,2418,1729,1314,1,"LINESTRING (108.924564 34.237226, 108.924439 34.237226)",1,11.49,tertiary,5,,2,,auto,
2502,水文南巷,2420,1729,1320,1,"LINESTRING (108.924564 34.237226, 108.92456 34.238439)",1,134.88,tertiary,5,,,,auto,
2503,水文南巷,2420,1320,1729,1,"LINESTRING (108.92456 34.238439, 108.924564 34.237226)",1,134.88,tertiary,5,,,,auto,
2504,西何家村,2421,1729,1321,1,"LINESTRING (108.924564 34.237165, 108.924692 34.237166)",1,11.77,tertiary,5,,,,auto,
2507,延康巷,2423,649,1322,1,"LINESTRING (108.913472 34.238404, 108.913437 34.238354)",1,6.42,tertiary,5,,,,auto,
2508,延康巷,2423,1322,649,1,"LINESTRING (108.913437 34.238354, 108.913472 34.238404)",1,6.42,tertiary,5,,,,auto,
2509,延康巷,2424,649,647,1,"LINESTRING (108.913472 34.238404, 108.91387 34.238399)",1,36.59,tertiary,5,,,,auto,
2510,延康巷,2424,647,649,1,"LINESTRING (108.91387 34.238399, 108.913472 34.238404)",1,36.59,tertiary,5,,,,auto,
2511,二环南路西段辅路,2425,1323,1264,1,"LINESTRING (108.912958 34.237676, 108.91195 34.238125)",1,105.26,unclassified,20,,1,,auto,
2512,延康巷,2426,1323,1322,1,"LINESTRING (108.912958 34.237676, 108.913437 34.238354)",1,87.31,tertiary,5,,,,auto,
2513,延康巷,2426,1322,1323,1,"LINESTRING (108.913437 34.238354, 108.912958 34.237676)",1,87.31,tertiary,5,,,,auto,
2514,延康巷,2427,655,647,1,"LINESTRING (108.913869 34.238474, 108.91387 34.238399)",1,8.34,tertiary,5,,,,auto,
2515,延康东巷,2428,648,647,1,"LINESTRING (108.913945 34.238397, 108.91387 34.238399)",1,6.90,tertiary,5,,,,auto,
2516,延康东巷,2428,647,648,1,"LINESTRING (108.91387 34.238399, 108.913945 34.238397)",1,6.90,tertiary,5,,,,auto,
2517,延康东巷,2429,648,653,1,"LINESTRING (108.913945 34.238397, 108.914782 34.238375)",1,76.98,tertiary,5,,,,auto,
2518,延康东巷,2429,653,648,1,"LINESTRING (108.914782 34.238375, 108.913945 34.238397)",1,76.98,tertiary,5,,,,auto,
2519,西何家村,2430,1304,672,1,"LINESTRING (108.919056 34.237643, 108.918887 34.237716)",1,17.53,tertiary,5,,2,,auto,
2520,西何家村,2431,1310,1306,1,"LINESTRING (108.921981 34.237228, 108.920265 34.23723)",1,157.75,tertiary,5,,2,,auto,
2521,西何家村,2432,233,1311,1,"LINESTRING (108.921978 34.237162, 108.923409 34.237162)",1,131.55,tertiary,5,,,,auto,
2522,太白北路,2433,1324,1325,1,"LINESTRING (108.918717 34.242472, 108.918715 34.241679)",1,88.18,primary,3,,3,,auto,
2523,太白北路,2434,1326,1327,1,"LINESTRING (108.918881 34.242467, 108.918876 34.242608)",1,15.69,primary,3,,3,,auto,
2528,太白北路,2437,1721,1331,1,"LINESTRING (108.918852 34.245137, 108.918851 34.245231)",1,10.45,primary,3,,3,,auto,
2529,太白北路,2438,570,1721,1,"LINESTRING (108.918751 34.245231, 108.918752 34.245136)",1,10.56,primary,3,,3,,auto,
2530,太白北路,2439,1331,1727,1,"LINESTRING (108.918851 34.245231, 108.918832 34.247611)",1,264.65,primary,3,,3,,auto,
2531,通义巷,2440,1332,700,1,"LINESTRING (108.919038 34.245125, 108.920236 34.245126)",1,110.12,tertiary,5,,,,auto,
2532,通义巷,2440,700,1332,1,"LINESTRING (108.920236 34.245126, 108.919038 34.245125)",1,110.12,tertiary,5,,,,auto,
2533,通义巷,2441,1332,1721,1,"LINESTRING (108.919038 34.245125, 108.918943 34.245128)",1,8.74,tertiary,5,,,,auto,
2534,通义巷,2441,1721,1332,1,"LINESTRING (108.918943 34.245128, 108.919038 34.245125)",1,8.74,tertiary,5,,,,auto,
2535,太白北路,2442,1333,1334,1,"LINESTRING (108.918752 34.245054, 108.918765 34.242855)",1,244.52,primary,3,,3,,auto,
2536,太白北路,2443,1335,1721,1,"LINESTRING (108.918853 34.245056, 108.918852 34.245137)",1,9.01,primary,3,,3,,auto,
2537,白庙路,2445,759,758,1,"LINESTRING (108.912235 34.242532, 108.912247 34.240932)",1,177.92,tertiary,5,,,,auto,
2538,白庙路,2445,758,759,1,"LINESTRING (108.912247 34.240932, 108.912235 34.242532)",1,177.92,tertiary,5,,,,auto,
2539,白庙路,2446,759,533,1,"LINESTRING (108.912235 34.242532, 108.912233 34.242627)",1,10.57,tertiary,5,,,,auto,
2540,白庙路,2446,533,759,1,"LINESTRING (108.912233 34.242627, 108.912235 34.242532)",1,10.57,tertiary,5,,,,auto,
2541,西市南路,2447,796,794,1,"LINESTRING (108.902663 34.246303, 108.902244 34.246303)",1,38.51,tertiary,5,,,,auto,
2542,西市南路,2447,794,796,1,"LINESTRING (108.902244 34.246303, 108.902663 34.246303)",1,38.51,tertiary,5,,,,auto,
2543,西市南路,2448,796,789,1,"LINESTRING (108.902663 34.246303, 108.902857 34.246303)",1,17.83,tertiary,5,,,,auto,
2544,西市南路,2448,789,796,1,"LINESTRING (108.902857 34.246303, 108.902663 34.246303)",1,17.83,tertiary,5,,,,auto,
2545,西市南路,2453,790,787,1,"LINESTRING (108.903903 34.246308, 108.902992 34.246303)",1,83.74,tertiary,5,,,,auto,
2546,西市南路,2453,787,790,1,"LINESTRING (108.902992 34.246303, 108.903903 34.246308)",1,83.74,tertiary,5,,,,auto,
2547,西市南路,2454,790,1277,1,"LINESTRING (108.903903 34.246308, 108.905245 34.246314)",1,123.35,tertiary,5,,,,auto,
2548,西市南路,2454,1277,790,1,"LINESTRING (108.905245 34.246314, 108.903903 34.246308)",1,123.35,tertiary,5,,,,auto,
2549,西市南路,2456,793,1218,1,"LINESTRING (108.90008 34.246298, 108.896504 34.246315)",1,328.70,tertiary,5,,1,,auto,
2550,西市南路,2456,1218,793,1,"LINESTRING (108.896504 34.246315, 108.90008 34.246298)",1,328.70,tertiary,5,,1,,auto,
2551,西市南路,2457,793,791,1,"LINESTRING (108.90008 34.246298, 108.900227 34.246297)",1,13.51,tertiary,5,,1,,auto,
2552,西市南路,2457,791,793,1,"LINESTRING (108.900227 34.246297, 108.90008 34.246298)",1,13.51,tertiary,5,,1,,auto,
2553,西市南路,2458,792,791,1,"LINESTRING (108.900391 34.246297, 108.900227 34.246297)",1,15.07,tertiary,5,,,,auto,
2554,西市南路,2458,791,792,1,"LINESTRING (108.900227 34.246297, 108.900391 34.246297)",1,15.07,tertiary,5,,,,auto,
2555,西市南路,2459,792,988,1,"LINESTRING (108.900391 34.246297, 108.901406 34.246296)",1,93.30,tertiary,5,,,,auto,
2556,西市南路,2459,988,792,1,"LINESTRING (108.901406 34.246296, 108.900391 34.246297)",1,93.30,tertiary,5,,,,auto,
2557,西市二路,2460,785,783,1,"LINESTRING (108.900227 34.246124, 108.90023 34.245278)",1,94.07,tertiary,5,,,,auto,
2558,西市二路,2460,783,785,1,"LINESTRING (108.90023 34.245278, 108.900227 34.246124)",1,94.07,tertiary,5,,,,auto,
2559,西市二路,2461,785,791,1,"LINESTRING (108.900227 34.246124, 108.900227 34.246297)",1,19.24,tertiary,5,,,,auto,
2560,西市二路,2461,791,785,1,"LINESTRING (108.900227 34.246297, 108.900227 34.246124)",1,19.24,tertiary,5,,,,auto,
2561,西市二路,2462,984,985,1,"LINESTRING (108.900076 34.243534, 108.900059 34.243486)",1,5.56,tertiary,5,,,,auto,
2562,西市二路,2462,985,984,1,"LINESTRING (108.900059 34.243486, 108.900076 34.243534)",1,5.56,tertiary,5,,,,auto,
2563,西市二路,2463,984,983,1,"LINESTRING (108.900076 34.243534, 108.900206 34.2439)",1,42.42,tertiary,5,,,,auto,
2564,西市二路,2463,983,984,1,"LINESTRING (108.900206 34.2439, 108.900076 34.243534)",1,42.42,tertiary,5,,,,auto,
2565,二环南路西段辅路,2464,951,1336,1,"LINESTRING (108.895782 34.245405, 108.895698 34.245443)",1,8.80,unclassified,20,,1,,auto,
2566,桃园南路,2465,951,1744,1,"LINESTRING (108.895782 34.245405, 108.895713 34.245284)",1,14.87,secondary,4,,3,,auto,
2567,二环南路西段辅路,2466,1337,1338,1,"LINESTRING (108.89476 34.245866, 108.894159 34.246082)",1,60.24,unclassified,20,,1,,auto,
2568,二环南路西段辅路,2467,1339,1337,1,"LINESTRING (108.895653 34.245463, 108.89476 34.245866)",1,93.52,unclassified,20,,1,,auto,
2569,二环南路西段辅路,2468,986,1340,1,"LINESTRING (108.896035 34.245293, 108.895976 34.24532)",1,6.20,unclassified,20,,1,,auto,
2570,二环南路西段,2469,1221,1739,1,"LINESTRING (108.895403 34.24495, 108.895463 34.244922)",1,6.33,secondary,4,50,3,,auto,
2571,高新四路辅路,2470,1221,1341,1,"LINESTRING (108.895403 34.24495, 108.895315 34.244813)",1,17.25,unclassified,20,,,,auto,
2572,怀德北巷,2471,1053,129,1,"LINESTRING (108.894272 34.243185, 108.89435 34.243149)",1,8.21,residential,6,,,,auto,
2573,怀德北巷,2471,129,1053,1,"LINESTRING (108.89435 34.243149, 108.894272 34.243185)",1,8.21,residential,6,,,,auto,
2574,高新四路辅路,2472,1342,1343,1,"LINESTRING (108.89507 34.243978, 108.895293 34.244279)",1,39.25,unclassified,20,,,,auto,
2575,高新四路辅路,2473,1343,1344,1,"LINESTRING (108.895293 34.244279, 108.895571 34.244701)",1,53.43,unclassified,20,,,,auto,
2576,二环南路西段,2474,69,1222,1,"LINESTRING (108.895636 34.2448, 108.895717 34.244762)",1,8.56,secondary,4,50,3,,auto,
2577,高新四路辅路,2475,69,71,1,"LINESTRING (108.895636 34.2448, 108.895901 34.245206)",1,51.30,unclassified,20,,,,auto,
2578,高新四路辅路,2476,1341,1345,1,"LINESTRING (108.895315 34.244813, 108.894738 34.243912)",1,113.36,unclassified,20,,,,auto,
2579,高新四路,2477,964,129,1,"LINESTRING (108.895377 34.244785, 108.89435 34.243149)",1,204.95,secondary,4,60,2,,auto,
2580,高新四路,2478,128,1739,1,"LINESTRING (108.895481 34.24474, 108.895548 34.244841)",1,12.81,secondary,4,60,2,,auto,
2581,高新四路辅路,2479,1344,69,1,"LINESTRING (108.895571 34.244701, 108.895636 34.2448)",1,12.53,unclassified,20,,,,auto,
2582,光和路,2480,135,133,1,"LINESTRING (108.895147 34.24, 108.895208 34.239973)",1,6.36,tertiary,5,,,,auto,
2583,光和路,2480,133,135,1,"LINESTRING (108.895208 34.239973, 108.895147 34.24)",1,6.36,tertiary,5,,,,auto,
2584,光远路,2481,154,155,1,"LINESTRING (108.899971 34.242067, 108.89987 34.242114)",1,10.65,tertiary,5,,,,auto,
2585,光华路,2482,1148,1146,1,"LINESTRING (108.900486 34.236439, 108.900547 34.236411)",1,6.41,tertiary,5,,2,,auto,
2586,,2485,922,921,1,"LINESTRING (108.893777 34.228951, 108.893875 34.228993)",1,10.15,residential,6,,,,auto,
2587,,2485,921,922,1,"LINESTRING (108.893875 34.228993, 108.893777 34.228951)",1,10.15,residential,6,,,,auto,
2588,高新一路,2486,150,656,1,"LINESTRING (108.89412 34.228388, 108.894682 34.22927)",1,110.85,tertiary,5,,2,,auto,
2589,科技一路,2487,151,149,1,"LINESTRING (108.893977 34.22838, 108.894084 34.228332)",1,11.19,tertiary,5,,1,,auto,
2590,科技一路,2487,149,151,1,"LINESTRING (108.894084 34.228332, 108.893977 34.22838)",1,11.19,tertiary,5,,1,,auto,
2591,高新路,2488,812,487,1,"LINESTRING (108.902918 34.237872, 108.902897 34.23784)",1,4.05,secondary,4,50,4,,auto,
2592,高新路,2489,1346,457,1,"LINESTRING (108.903071 34.237745, 108.903081 34.237762)",1,2.10,secondary,4,50,4,,auto,
2593,光华路,2490,450,998,1,"LINESTRING (108.904476 34.234716, 108.904923 34.234516)",1,46.72,tertiary,5,,,,auto,
2594,光华路,2490,998,450,1,"LINESTRING (108.904923 34.234516, 108.904476 34.234716)",1,46.72,tertiary,5,,,,auto,
2595,光华路,2491,450,439,1,"LINESTRING (108.904476 34.234716, 108.90375 34.235041)",1,75.90,tertiary,5,,,,auto,
2596,光华路,2491,439,450,1,"LINESTRING (108.90375 34.235041, 108.904476 34.234716)",1,75.90,tertiary,5,,,,auto,
2597,光华路,2492,216,200,1,"LINESTRING (108.905171 34.234404, 108.905234 34.234375)",1,6.63,tertiary,5,,,,auto,
2598,光华路,2492,200,216,1,"LINESTRING (108.905234 34.234375, 108.905171 34.234404)",1,6.63,tertiary,5,,,,auto,
2599,光华路,2493,216,998,1,"LINESTRING (108.905171 34.234404, 108.904923 34.234516)",1,25.98,tertiary,5,,,,auto,
2600,光华路,2493,998,216,1,"LINESTRING (108.904923 34.234516, 108.905171 34.234404)",1,25.98,tertiary,5,,,,auto,
2601,枫叶北路,2494,172,1132,1,"LINESTRING (108.896877 34.232797, 108.894584 34.233829)",1,240.01,tertiary,5,,,,auto,
2602,科创路,2495,37,1241,1,"LINESTRING (108.897754 34.22936, 108.897829 34.229326)",1,7.86,tertiary,5,,,,auto,
2603,科创路,2497,1240,1719,1,"LINESTRING (108.897797 34.229423, 108.897672 34.229478)",1,13.02,tertiary,5,,2,,auto,
2604,敦义路,2499,1347,1348,1,"LINESTRING (108.898847 34.231005, 108.900071 34.230454)",1,128.13,residential,6,,,,auto,
2605,敦义路,2499,1348,1347,1,"LINESTRING (108.900071 34.230454, 108.898847 34.231005)",1,128.13,residential,6,,,,auto,
2606,敦义路,2500,1347,687,1,"LINESTRING (108.898847 34.231005, 108.898813 34.23102)",1,3.54,residential,6,,,,auto,
2607,敦义路,2500,687,1347,1,"LINESTRING (108.898813 34.23102, 108.898847 34.231005)",1,3.54,residential,6,,,,auto,
2608,敦义路,2501,687,1347,1,"LINESTRING (108.898813 34.23102, 108.898847 34.231005)",1,3.54,residential,6,,,,auto,
2609,敦义路,2501,1347,687,1,"LINESTRING (108.898847 34.231005, 108.898813 34.23102)",1,3.54,residential,6,,,,auto,
2610,敦义路,2502,687,686,1,"LINESTRING (108.898813 34.23102, 108.898715 34.231065)",1,10.31,residential,6,,,,auto,
2611,敦义路,2502,686,687,1,"LINESTRING (108.898715 34.231065, 108.898813 34.23102)",1,10.31,residential,6,,,,auto,
2612,科技路,2504,1034,1160,1,"LINESTRING (108.899883 34.232634, 108.900002 34.232578)",1,12.59,primary,3,60,3,,auto,
2613,白沙路,2507,1186,1175,1,"LINESTRING (108.907501 34.231341, 108.90659 34.229954)",1,175.50,tertiary,5,,2,,auto,
2614,白沙路,2508,1176,1187,1,"LINESTRING (108.907571 34.231311, 108.908531 34.232778)",1,185.47,tertiary,5,,2,,auto,
2615,西何家村,2509,221,232,1,"LINESTRING (108.920047 34.237137, 108.920225 34.237162)",1,16.60,tertiary,5,,,,auto,
2616,西何家村,2510,226,220,1,"LINESTRING (108.919078 34.236723, 108.919783 34.237046)",1,74.10,tertiary,5,,,,auto,
2617,太白北路,2513,453,1349,1,"LINESTRING (108.918664 34.236261, 108.918613 34.236124)",1,15.94,primary,3,,3,,auto,
2618,太白北路,2514,1349,1350,1,"LINESTRING (108.918613 34.236124, 108.918538 34.235972)",1,18.25,primary,3,,3,,auto,
2619,太白北路,2515,1350,476,1,"LINESTRING (108.918538 34.235972, 108.918482 34.235874)",1,12.05,primary,3,,3,,auto,
2620,,2521,1351,850,1,"LINESTRING (108.92223 34.252269, 108.92223 34.252032)",1,26.35,residential,6,,,,auto,
2621,,2521,850,1351,1,"LINESTRING (108.92223 34.252032, 108.92223 34.252269)",1,26.35,residential,6,,,,auto,
2622,环城南路西段,2529,907,1720,1,"LINESTRING (108.918986 34.252568, 108.918801 34.252569)",1,17.00,primary,3,,,,auto,
2623,环城南路西段,2532,61,706,1,"LINESTRING (108.918991 34.252219, 108.921236 34.25225)",1,206.37,primary,3,,,,auto,
2624,,2541,59,1722,1,"LINESTRING (108.918589 34.252219, 108.918694 34.252219)",1,9.65,primary,3,,,,auto,
2625,,2544,945,252,1,"LINESTRING (108.918569 34.252569, 108.917823 34.252566)",1,68.57,primary,3,,,,auto,
2626,环城西路南段,2551,1352,1353,1,"LINESTRING (108.918878 34.252718, 108.918872 34.253248)",1,58.94,unclassified,20,,,,auto,
2627,环城西路南段,2552,943,1720,1,"LINESTRING (108.918684 34.252718, 108.918687 34.252569)",1,16.57,primary,3,,4,,auto,
2628,环城西路南段,2555,1354,908,1,"LINESTRING (108.918799 34.252718, 108.918785 34.253247)",1,58.84,primary,3,,4,,auto,
2629,太白北路,2558,766,1727,1,"LINESTRING (108.918695 34.2521, 108.918738 34.247612)",1,499.06,primary,3,,3,,auto,
2630,太白北路,2561,881,1722,1,"LINESTRING (108.918806 34.2521, 108.918806 34.252219)",1,13.23,primary,3,,3,,auto,
2631,西工大路,2564,901,751,1,"LINESTRING (108.915645 34.252351, 108.915647 34.252278)",1,8.12,residential,6,,,,auto,
2632,西工大路,2564,751,901,1,"LINESTRING (108.915647 34.252278, 108.915645 34.252351)",1,8.12,residential,6,,,,auto,
2633,丰庆路,2565,901,55,1,"LINESTRING (108.915645 34.252351, 108.915722 34.252352)",1,7.08,primary,3,,4,,auto,
2634,丰庆路,2566,52,1016,1,"LINESTRING (108.905317 34.25235, 108.905475 34.252352)",1,14.52,primary,3,,4,,auto,
2635,劳动南路,2567,52,1355,1,"LINESTRING (108.905317 34.25235, 108.905384 34.252267)",1,11.09,secondary,4,,3,,auto,
2636,劳动南路辅路,2568,52,1356,1,"LINESTRING (108.905317 34.25235, 108.90528 34.252267)",1,9.84,unclassified,20,,,,auto,
2637,劳动南路,2569,1357,1030,1,"LINESTRING (108.905469 34.25212, 108.905468 34.252268)",1,16.46,secondary,4,,3,,auto,
2638,丰庆路,2570,1358,1017,1,"LINESTRING (108.905783 34.252459, 108.905488 34.25246)",1,27.11,primary,3,,4,,auto,
2639,劳动路,2571,1359,738,1,"LINESTRING (108.905318 34.2527, 108.905316 34.252547)",1,17.01,secondary,4,,3,,auto,
2640,老机场路,2574,665,663,1,"LINESTRING (108.902814 34.252535, 108.903655 34.253347)",1,118.86,tertiary,5,,,,auto,
2641,老机场路,2574,663,665,1,"LINESTRING (108.903655 34.253347, 108.902814 34.252535)",1,118.86,tertiary,5,,,,auto,
2642,老机场路,2575,665,970,1,"LINESTRING (108.902814 34.252535, 108.902728 34.252452)",1,12.15,tertiary,5,,,,auto,
2643,老机场路,2575,970,665,1,"LINESTRING (108.902728 34.252452, 108.902814 34.252535)",1,12.15,tertiary,5,,,,auto,
2644,,2578,966,965,1,"LINESTRING (108.901307 34.252545, 108.901266 34.25246)",1,10.18,residential,6,,,,auto,
2645,,2578,965,966,1,"LINESTRING (108.901266 34.25246, 108.901307 34.252545)",1,10.18,residential,6,,,,auto,
2646,,2579,966,1360,1,"LINESTRING (108.901307 34.252545, 108.903205 34.254026)",1,239.90,residential,6,,,,auto,
2647,,2579,1360,966,1,"LINESTRING (108.903205 34.254026, 108.901307 34.252545)",1,239.90,residential,6,,,,auto,
2648,锦园路,2582,969,219,1,"LINESTRING (108.900311 34.252552, 108.900318 34.252449)",1,11.47,tertiary,5,,,,auto,
2649,锦园路,2582,219,969,1,"LINESTRING (108.900318 34.252449, 108.900311 34.252552)",1,11.47,tertiary,5,,,,auto,
2650,锦园路,2583,969,661,1,"LINESTRING (108.900311 34.252552, 108.900294 34.253284)",1,81.41,tertiary,5,,,,auto,
2651,锦园路,2583,661,969,1,"LINESTRING (108.900294 34.253284, 108.900311 34.252552)",1,81.41,tertiary,5,,,,auto,
2652,丰庆路,2586,218,89,1,"LINESTRING (108.900476 34.252358, 108.902609 34.25235)",1,196.05,primary,3,,4,,auto,
2653,丰庆路,2589,967,219,1,"LINESTRING (108.900477 34.25245, 108.900318 34.252449)",1,14.61,primary,3,,4,,auto,
2654,丰庆路,2603,1228,1361,1,"LINESTRING (108.896408 34.252451, 108.896263 34.252455)",1,13.33,primary,3,,4,,auto,
2655,桃园南路,2604,1228,1362,1,"LINESTRING (108.896408 34.252451, 108.896402 34.252345)",1,11.80,secondary,4,,3,,auto,
2656,桃园南路,2605,1231,1363,1,"LINESTRING (108.896501 34.252454, 108.896501 34.252522)",1,7.56,secondary,4,,3,,auto,
2657,丰庆路,2606,1231,1228,1,"LINESTRING (108.896501 34.252454, 108.896408 34.252451)",1,8.55,primary,3,,4,,auto,
2658,桃园南路,2607,1235,1231,1,"LINESTRING (108.896499 34.252343, 108.896501 34.252454)",1,12.34,secondary,4,,3,,auto,
2659,丰庆路,2608,1235,1364,1,"LINESTRING (108.896499 34.252343, 108.896606 34.252333)",1,9.90,primary,3,,4,,auto,
2660,丰庆路,2609,1362,1235,1,"LINESTRING (108.896402 34.252345, 108.896499 34.252343)",1,8.92,primary,3,,4,,auto,
2661,桃园南路,2610,1362,1234,1,"LINESTRING (108.896402 34.252345, 108.8964 34.25217)",1,19.46,secondary,4,,3,,auto,
2662,劳动南路,2612,1355,806,1,"LINESTRING (108.905384 34.252267, 108.905412 34.24971)",1,284.34,secondary,4,,3,,auto,
2663,老机场路,2615,91,89,1,"LINESTRING (108.902523 34.25227, 108.902609 34.25235)",1,11.90,tertiary,5,,,,auto,
2664,老机场路,2615,89,91,1,"LINESTRING (108.902609 34.25235, 108.902523 34.25227)",1,11.90,tertiary,5,,,,auto,
2665,老机场路,2616,91,1365,1,"LINESTRING (108.902523 34.25227, 108.901676 34.251461)",1,118.96,tertiary,5,,,,auto,
2666,老机场路,2616,1365,91,1,"LINESTRING (108.901676 34.251461, 108.902523 34.25227)",1,118.96,tertiary,5,,,,auto,
2667,西工大路,2618,756,722,1,"LINESTRING (108.915592 34.242962, 108.915592 34.242842)",1,13.34,tertiary,5,,,,auto,
2668,西工大路,2618,722,756,1,"LINESTRING (108.915592 34.242842, 108.915592 34.242962)",1,13.34,tertiary,5,,,,auto,
2669,西工大路,2619,756,755,1,"LINESTRING (108.915592 34.242962, 108.915593 34.243124)",1,18.01,tertiary,5,,,,auto,
2670,西工大路,2619,755,756,1,"LINESTRING (108.915593 34.243124, 108.915592 34.242962)",1,18.01,tertiary,5,,,,auto,
2671,兴化巷,2629,731,730,1,"LINESTRING (108.923156 34.233228, 108.923091 34.233131)",1,12.33,tertiary,5,,,,auto,
2672,兴化巷,2629,730,731,1,"LINESTRING (108.923091 34.233131, 108.923156 34.233228)",1,12.33,tertiary,5,,,,auto,
2673,兴化巷,2630,731,1309,1,"LINESTRING (108.923156 34.233228, 108.923285 34.233421)",1,24.52,tertiary,5,,,,auto,
2674,兴化巷,2630,1309,731,1,"LINESTRING (108.923285 34.233421, 108.923156 34.233228)",1,24.52,tertiary,5,,,,auto,
2675,崇业路,2638,390,702,1,"LINESTRING (108.92129 34.228978, 108.921478 34.228976)",1,17.29,tertiary,5,,1,,auto,
2676,崇业路,2638,702,390,1,"LINESTRING (108.921478 34.228976, 108.92129 34.228978)",1,17.29,tertiary,5,,1,,auto,
2677,崇业路,2639,390,1724,1,"LINESTRING (108.92129 34.228978, 108.921215 34.228979)",1,6.90,tertiary,5,,1,,auto,
2678,崇业路,2639,1724,390,1,"LINESTRING (108.921215 34.228979, 108.92129 34.228978)",1,6.90,tertiary,5,,1,,auto,
2679,,2646,1366,1367,1,"LINESTRING (108.905429 34.241857, 108.905424 34.241737)",1,13.35,secondary,4,,,,auto,
2680,科创路,2647,1368,1369,1,"LINESTRING (108.901584 34.227651, 108.901829 34.227547)",1,25.32,tertiary,5,,,,auto,
2681,,2659,583,563,1,"LINESTRING (108.9125 34.232055, 108.913364 34.231676)",1,89.92,residential,6,,,,auto,
2682,,2659,563,583,1,"LINESTRING (108.913364 34.231676, 108.9125 34.232055)",1,89.92,residential,6,,,,auto,
2683,,2660,583,584,1,"LINESTRING (108.9125 34.232055, 108.912429 34.232086)",1,7.38,residential,6,,,,auto,
2684,,2660,584,583,1,"LINESTRING (108.912429 34.232086, 108.9125 34.232055)",1,7.38,residential,6,,,,auto,
2685,,2665,590,558,1,"LINESTRING (108.911835 34.232585, 108.912336 34.23336)",1,97.71,residential,6,,,,auto,
2686,,2665,558,590,1,"LINESTRING (108.912336 34.23336, 108.911835 34.232585)",1,97.71,residential,6,,,,auto,
2687,,2666,590,589,1,"LINESTRING (108.911835 34.232585, 108.911813 34.23255)",1,4.39,residential,6,,,,auto,
2688,,2666,589,590,1,"LINESTRING (108.911813 34.23255, 108.911835 34.232585)",1,4.39,residential,6,,,,auto,
2689,二环南路西段辅路,2675,1263,1267,1,"LINESTRING (108.91425 34.23642, 108.914895 34.236007)",1,75.00,unclassified,20,,,,auto,
2690,,2676,1263,205,1,"LINESTRING (108.91425 34.23642, 108.914925 34.236056)",1,74.08,trunk,2,,,,auto,
2691,高新二路,2692,1149,1370,1,"LINESTRING (108.897762 34.23885, 108.898246 34.239591)",1,93.64,tertiary,5,,2,,auto,
2692,高新二路,2693,1370,1743,1,"LINESTRING (108.898246 34.239591, 108.898476 34.239945)",1,44.68,tertiary,5,,2,,auto,
2693,劳动南路,2702,1371,1209,1,"LINESTRING (108.905593 34.243529, 108.905565 34.243583)",1,6.53,secondary,4,,3,,auto,
2694,,2703,1206,763,1,"LINESTRING (108.905745 34.243066, 108.905668 34.243027)",1,8.30,secondary,4,,,,auto,
2695,,2704,1208,1205,1,"LINESTRING (108.905945 34.243133, 108.905825 34.243101)",1,11.59,secondary,4,,,,auto,
2696,,2705,96,1207,1,"LINESTRING (108.906189 34.243136, 108.906071 34.243141)",1,10.86,secondary,4,,,,auto,
2697,平准巷,2706,96,1372,1,"LINESTRING (108.906189 34.243136, 108.906085 34.243158)",1,9.87,tertiary,5,,,,auto,
2698,友谊西路,2707,742,470,1,"LINESTRING (108.906662 34.24292, 108.90648 34.24301)",1,19.49,secondary,4,,3,,auto,
2699,友谊西路,2708,744,741,1,"LINESTRING (108.906978 34.242817, 108.906826 34.242862)",1,14.84,secondary,4,,3,,auto,
2700,,2709,744,1373,1,"LINESTRING (108.906978 34.242817, 108.906926 34.242821)",1,4.80,secondary,4,,,,auto,
2701,友谊西路,2710,481,100,1,"LINESTRING (108.907041 34.242699, 108.90715 34.242705)",1,10.04,secondary,4,,2,,auto,
2702,,2711,99,1211,1,"LINESTRING (108.906563 34.242478, 108.906592 34.242559)",1,9.39,secondary,4,,,,auto,
2703,,2712,1212,470,1,"LINESTRING (108.90655 34.242922, 108.90648 34.24301)",1,11.71,secondary,4,,,,auto,
2704,,2713,1374,1375,1,"LINESTRING (108.906156 34.242225, 108.906232 34.24224)",1,7.18,secondary,4,,,,auto,
2705,,2714,1375,1068,1,"LINESTRING (108.906232 34.24224, 108.906304 34.242272)",1,7.51,secondary,4,,,,auto,
2706,,2715,1214,1374,1,"LINESTRING (108.906062 34.24223, 108.906156 34.242225)",1,8.66,secondary,4,,,,auto,
2707,,2716,1070,1213,1,"LINESTRING (108.905882 34.242265, 108.905972 34.242241)",1,8.69,secondary,4,,,,auto,
2708,,2717,1216,1069,1,"LINESTRING (108.905701 34.242342, 108.90581 34.242293)",1,11.41,secondary,4,,,,auto,
2709,,2718,1376,1215,1,"LINESTRING (108.905553 34.24245, 108.905619 34.242395)",1,8.61,secondary,4,,,,auto,
2710,劳动南路,2719,1377,454,1,"LINESTRING (108.905467 34.242723, 108.905465 34.242578)",1,16.12,secondary,4,,3,,auto,
2711,,2720,1217,1377,1,"LINESTRING (108.905508 34.24281, 108.905467 34.242723)",1,10.38,secondary,4,,,,auto,
2712,,2721,455,1376,1,"LINESTRING (108.905487 34.242521, 108.905553 34.24245)",1,9.96,secondary,4,,,,auto,
2713,劳动南路,2722,1378,1377,1,"LINESTRING (108.905403 34.242909, 108.905467 34.242723)",1,21.50,secondary,4,,3,,auto,
2714,,2723,456,1366,1,"LINESTRING (108.905421 34.242358, 108.905429 34.241857)",1,55.71,secondary,4,,,,auto,
2715,,2724,1367,1249,1,"LINESTRING (108.905424 34.241737, 108.905393 34.241642)",1,10.94,secondary,4,,,,auto,
2716,平准巷,2725,1372,1379,1,"LINESTRING (108.906085 34.243158, 108.905974 34.243174)",1,10.36,tertiary,5,,,,auto,
2717,平准巷,2726,1379,1380,1,"LINESTRING (108.905974 34.243174, 108.905856 34.243184)",1,10.90,tertiary,5,,,,auto,
2718,平准巷,2727,1380,1381,1,"LINESTRING (108.905856 34.243184, 108.905709 34.243181)",1,13.52,tertiary,5,,,,auto,
2719,平准巷,2728,1381,1382,1,"LINESTRING (108.905709 34.243181, 108.905496 34.24313)",1,20.38,tertiary,5,,,,auto,
2720,平准巷,2729,1382,1383,1,"LINESTRING (108.905496 34.24313, 108.905407 34.243103)",1,8.71,tertiary,5,,,,auto,
2721,平准巷,2730,1384,1385,1,"LINESTRING (108.905369 34.243091, 108.905218 34.243021)",1,15.91,tertiary,5,,,,auto,
2722,平准巷,2731,1385,1386,1,"LINESTRING (108.905218 34.243021, 108.905109 34.242965)",1,11.80,tertiary,5,,,,auto,
2723,平准巷,2732,1386,1387,1,"LINESTRING (108.905109 34.242965, 108.904923 34.24288)",1,19.54,tertiary,5,,,,auto,
2724,平准巷,2733,1387,1388,1,"LINESTRING (108.904923 34.24288, 108.904886 34.242862)",1,3.95,tertiary,5,,,,auto,
2725,平准巷,2734,1388,1389,1,"LINESTRING (108.904886 34.242862, 108.904844 34.242832)",1,5.10,tertiary,5,,,,auto,
2726,平准巷,2735,1389,1390,1,"LINESTRING (108.904844 34.242832, 108.904809 34.242786)",1,6.04,tertiary,5,,,,auto,
2727,平准巷,2736,1390,1391,1,"LINESTRING (108.904809 34.242786, 108.904293 34.242004)",1,99.05,tertiary,5,,,,auto,
2728,平准巷,2737,1391,1392,1,"LINESTRING (108.904293 34.242004, 108.904246 34.24195)",1,7.40,tertiary,5,,,,auto,
2729,平准巷,2738,1392,1393,1,"LINESTRING (108.904246 34.24195, 108.904175 34.241884)",1,9.82,tertiary,5,,,,auto,
2730,平准巷,2739,1393,1394,1,"LINESTRING (108.904175 34.241884, 108.904027 34.241783)",1,17.64,tertiary,5,,,,auto,
2731,平准巷,2740,1394,1395,1,"LINESTRING (108.904027 34.241783, 108.903967 34.241766)",1,5.83,tertiary,5,,,,auto,
2732,平准巷,2741,1395,1396,1,"LINESTRING (108.903967 34.241766, 108.903908 34.241764)",1,5.43,tertiary,5,,,,auto,
2733,平准巷,2742,1396,1397,1,"LINESTRING (108.903908 34.241764, 108.903851 34.24178)",1,5.53,tertiary,5,,,,auto,
2734,二环南路西段辅路,2743,1397,644,1,"LINESTRING (108.903851 34.24178, 108.902192 34.242515)",1,173.02,unclassified,20,,1,,auto,
2735,劳动南路,2744,1383,1378,1,"LINESTRING (108.905407 34.243103, 108.905403 34.242909)",1,21.57,secondary,4,,3,,auto,
2736,平准巷,2745,1383,1384,1,"LINESTRING (108.905407 34.243103, 108.905369 34.243091)",1,3.74,tertiary,5,,,,auto,
2737,劳动南路,2746,479,1371,1,"LINESTRING (108.905616 34.243503, 108.905593 34.243529)",1,3.58,secondary,4,,3,,auto,
2738,,2747,479,1398,1,"LINESTRING (108.905616 34.243503, 108.905626 34.24348)",1,2.72,secondary,4,,,,auto,
2739,劳动南路辅路,2748,479,1399,1,"LINESTRING (108.905616 34.243503, 108.905663 34.24363)",1,14.77,unclassified,20,,,,auto,
2740,,2749,1398,1400,1,"LINESTRING (108.905626 34.24348, 108.905634 34.243452)",1,3.20,secondary,4,,,,auto,
2741,,2750,1400,1401,1,"LINESTRING (108.905634 34.243452, 108.905634 34.243431)",1,2.34,secondary,4,,,,auto,
2742,,2751,1401,1402,1,"LINESTRING (108.905634 34.243431, 108.90563 34.24341)",1,2.36,secondary,4,,,,auto,
2743,,2752,1402,1403,1,"LINESTRING (108.90563 34.24341, 108.905622 34.243397)",1,1.62,secondary,4,,,,auto,
2744,,2753,1403,1404,1,"LINESTRING (108.905622 34.243397, 108.905608 34.243385)",1,1.85,secondary,4,,,,auto,
2745,,2754,1404,1405,1,"LINESTRING (108.905608 34.243385, 108.905585 34.243377)",1,2.29,secondary,4,,,,auto,
2746,,2755,1405,1406,1,"LINESTRING (108.905585 34.243377, 108.905557 34.243376)",1,2.58,secondary,4,,,,auto,
2747,,2756,1406,1407,1,"LINESTRING (108.905557 34.243376, 108.905528 34.243381)",1,2.72,secondary,4,,,,auto,
2748,,2757,1407,1408,1,"LINESTRING (108.905528 34.243381, 108.905505 34.243392)",1,2.44,secondary,4,,,,auto,
2749,,2758,1408,1409,1,"LINESTRING (108.905505 34.243392, 108.905482 34.243414)",1,3.23,secondary,4,,,,auto,
2750,,2759,1409,1410,1,"LINESTRING (108.905482 34.243414, 108.905448 34.243476)",1,7.57,secondary,4,,,,auto,
2751,,2760,1410,1411,1,"LINESTRING (108.905448 34.243476, 108.90543 34.243539)",1,7.20,secondary,4,,,,auto,
2752,,2761,1411,103,1,"LINESTRING (108.90543 34.243539, 108.905419 34.243601)",1,6.97,secondary,4,,,,auto,
2753,劳动南路,2762,103,1412,1,"LINESTRING (108.905419 34.243601, 108.90541 34.24324)",1,40.15,secondary,4,,3,,auto,
2754,,2763,1373,1413,1,"LINESTRING (108.906926 34.242821, 108.906865 34.242818)",1,5.62,secondary,4,,,,auto,
2755,,2764,1413,1414,1,"LINESTRING (108.906865 34.242818, 108.906824 34.242808)",1,3.93,secondary,4,,,,auto,
2756,,2765,1414,1415,1,"LINESTRING (108.906824 34.242808, 108.906803 34.24279)",1,2.78,secondary,4,,,,auto,
2757,,2766,1415,1416,1,"LINESTRING (108.906803 34.24279, 108.906789 34.242768)",1,2.76,secondary,4,,,,auto,
2758,,2767,1416,1417,1,"LINESTRING (108.906789 34.242768, 108.906782 34.242745)",1,2.64,secondary,4,,,,auto,
2759,,2768,1417,1418,1,"LINESTRING (108.906782 34.242745, 108.906787 34.242722)",1,2.60,secondary,4,,,,auto,
2760,,2769,1418,1419,1,"LINESTRING (108.906787 34.242722, 108.90681 34.242703)",1,2.99,secondary,4,,,,auto,
2761,,2770,1419,1420,1,"LINESTRING (108.90681 34.242703, 108.906852 34.242681)",1,4.57,secondary,4,,,,auto,
2762,,2771,1420,1421,1,"LINESTRING (108.906852 34.242681, 108.906912 34.242676)",1,5.54,secondary,4,,,,auto,
2763,,2772,1421,1422,1,"LINESTRING (108.906912 34.242676, 108.906958 34.242684)",1,4.32,secondary,4,,,,auto,
2764,,2773,1422,481,1,"LINESTRING (108.906958 34.242684, 108.907041 34.242699)",1,7.81,secondary,4,,,,auto,
2765,环城南路西段,2774,932,704,1,"LINESTRING (108.921479 34.252547, 108.921382 34.252552)",1,8.93,primary,3,,,,auto,
2766,环城南路西段,2792,707,843,1,"LINESTRING (108.921483 34.252312, 108.921819 34.252396)",1,32.26,primary,3,,,,auto,
2767,二环南路西段辅路,2794,1290,1285,1,"LINESTRING (108.925035 34.23226, 108.92384 34.232795)",1,124.93,unclassified,20,,,,auto,
2768,兴化巷,2821,1309,731,1,"LINESTRING (108.923285 34.233421, 108.923156 34.233228)",1,24.52,tertiary,5,,,,auto,
2769,兴化巷,2821,731,1309,1,"LINESTRING (108.923156 34.233228, 108.923285 34.233421)",1,24.52,tertiary,5,,,,auto,
2770,兴化巷,2822,1309,211,1,"LINESTRING (108.923285 34.233421, 108.923443 34.233657)",1,29.99,tertiary,5,,,,auto,
2771,兴化巷,2822,211,1309,1,"LINESTRING (108.923443 34.233657, 108.923285 34.233421)",1,29.99,tertiary,5,,,,auto,
2772,,2835,729,727,1,"LINESTRING (108.92289 34.233954, 108.922259 34.234294)",1,69.24,residential,6,,,,auto,
2773,,2835,727,729,1,"LINESTRING (108.922259 34.234294, 108.92289 34.233954)",1,69.24,residential,6,,,,auto,
2774,,2836,729,211,1,"LINESTRING (108.92289 34.233954, 108.923443 34.233657)",1,60.62,residential,6,,,,auto,
2775,,2836,211,729,1,"LINESTRING (108.923443 34.233657, 108.92289 34.233954)",1,60.62,residential,6,,,,auto,
2776,水文南巷,2844,1320,1729,1,"LINESTRING (108.92456 34.238439, 108.924564 34.237226)",1,134.88,tertiary,5,,,,auto,
2777,水文南巷,2844,1729,1320,1,"LINESTRING (108.924564 34.237226, 108.92456 34.238439)",1,134.88,tertiary,5,,,,auto,
2778,水文南巷,2845,1320,245,1,"LINESTRING (108.92456 34.238439, 108.924555 34.239994)",1,172.91,tertiary,5,,,,auto,
2779,水文南巷,2845,245,1320,1,"LINESTRING (108.924555 34.239994, 108.92456 34.238439)",1,172.91,tertiary,5,,,,auto,
2780,西何家村,2853,1307,1305,1,"LINESTRING (108.920141 34.237236, 108.920051 34.23724)",1,8.29,tertiary,5,,2,,auto,
2781,延康巷,2891,1322,1323,1,"LINESTRING (108.913437 34.238354, 108.912958 34.237676)",1,87.31,tertiary,5,,,,auto,
2782,延康巷,2891,1323,1322,1,"LINESTRING (108.912958 34.237676, 108.913437 34.238354)",1,87.31,tertiary,5,,,,auto,
2783,延康巷,2892,1322,649,1,"LINESTRING (108.913437 34.238354, 108.913472 34.238404)",1,6.42,tertiary,5,,,,auto,
2784,延康巷,2892,649,1322,1,"LINESTRING (108.913472 34.238404, 108.913437 34.238354)",1,6.42,tertiary,5,,,,auto,
2785,二环南路西段辅路,2898,384,264,1,"LINESTRING (108.914948 34.236927, 108.91468 34.237)",1,25.94,unclassified,20,,1,,auto,
2786,延康东巷,2903,653,648,1,"LINESTRING (108.914782 34.238375, 108.913945 34.238397)",1,76.98,tertiary,5,,,,auto,
2787,延康东巷,2903,648,653,1,"LINESTRING (108.913945 34.238397, 108.914782 34.238375)",1,76.98,tertiary,5,,,,auto,
2788,延康东巷,2904,653,652,1,"LINESTRING (108.914782 34.238375, 108.91499 34.23837)",1,19.13,tertiary,5,,,,auto,
2789,延康东巷,2904,652,653,1,"LINESTRING (108.91499 34.23837, 108.914782 34.238375)",1,19.13,tertiary,5,,,,auto,
2790,,2906,715,714,1,"LINESTRING (108.907617 34.241562, 108.90767 34.241205)",1,39.99,residential,6,,,,auto,
2791,,2906,714,715,1,"LINESTRING (108.90767 34.241205, 108.907617 34.241562)",1,39.99,residential,6,,,,auto,
2792,,2907,715,1423,1,"LINESTRING (108.907617 34.241562, 108.907623 34.242629)",1,118.65,residential,6,,,,auto,
2793,,2907,1423,715,1,"LINESTRING (108.907623 34.242629, 108.907617 34.241562)",1,118.65,residential,6,,,,auto,
2794,,2916,1424,720,1,"LINESTRING (108.909224 34.241688, 108.909232 34.241339)",1,38.81,residential,6,,,,auto,
2795,,2916,720,1424,1,"LINESTRING (108.909232 34.241339, 108.909224 34.241688)",1,38.81,residential,6,,,,auto,
2796,,2917,1424,1425,1,"LINESTRING (108.909224 34.241688, 108.909216 34.24207)",1,42.48,residential,6,,,,auto,
2797,,2917,1425,1424,1,"LINESTRING (108.909216 34.24207, 108.909224 34.241688)",1,42.48,residential,6,,,,auto,
2798,,2923,1425,1424,1,"LINESTRING (108.909216 34.24207, 108.909224 34.241688)",1,42.48,residential,6,,,,auto,
2799,,2923,1424,1425,1,"LINESTRING (108.909224 34.241688, 108.909216 34.24207)",1,42.48,residential,6,,,,auto,
2800,,2924,1425,1426,1,"LINESTRING (108.909216 34.24207, 108.909205 34.242628)",1,62.06,residential,6,,,,auto,
2801,,2924,1426,1425,1,"LINESTRING (108.909205 34.242628, 108.909216 34.24207)",1,62.06,residential,6,,,,auto,
2802,,2926,720,719,1,"LINESTRING (108.909232 34.241339, 108.909247 34.240633)",1,78.52,residential,6,,,,auto,
2803,,2926,719,720,1,"LINESTRING (108.909247 34.240633, 108.909232 34.241339)",1,78.52,residential,6,,,,auto,
2804,,2927,720,1424,1,"LINESTRING (108.909232 34.241339, 108.909224 34.241688)",1,38.81,residential,6,,,,auto,
2805,,2927,1424,720,1,"LINESTRING (108.909224 34.241688, 108.909232 34.241339)",1,38.81,residential,6,,,,auto,
2806,二环南路西段辅路,2930,1427,1269,1,"LINESTRING (108.910027 34.238984, 108.906484 34.240566)",1,370.16,unclassified,20,,1,,auto,
2807,,2931,1427,1428,1,"LINESTRING (108.910027 34.238984, 108.910178 34.239216)",1,29.29,residential,6,,,,auto,
2808,,2931,1428,1427,1,"LINESTRING (108.910178 34.239216, 108.910027 34.238984)",1,29.29,residential,6,,,,auto,
2809,,2932,1429,1430,1,"LINESTRING (108.910631 34.23991, 108.910483 34.239683)",1,28.67,residential,6,,,,auto,
2810,,2932,1430,1429,1,"LINESTRING (108.910483 34.239683, 108.910631 34.23991)",1,28.67,residential,6,,,,auto,
2811,,2936,1431,1430,1,"LINESTRING (108.910327 34.239443, 108.910483 34.239683)",1,30.30,residential,6,,,,auto,
2812,,2936,1430,1431,1,"LINESTRING (108.910483 34.239683, 108.910327 34.239443)",1,30.30,residential,6,,,,auto,
2813,,2937,1431,1428,1,"LINESTRING (108.910327 34.239443, 108.910178 34.239216)",1,28.72,residential,6,,,,auto,
2814,,2937,1428,1431,1,"LINESTRING (108.910178 34.239216, 108.910327 34.239443)",1,28.72,residential,6,,,,auto,
2815,,2942,1430,1429,1,"LINESTRING (108.910483 34.239683, 108.910631 34.23991)",1,28.67,residential,6,,,,auto,
2816,,2942,1429,1430,1,"LINESTRING (108.910631 34.23991, 108.910483 34.239683)",1,28.67,residential,6,,,,auto,
2817,,2943,1430,1431,1,"LINESTRING (108.910483 34.239683, 108.910327 34.239443)",1,30.30,residential,6,,,,auto,
2818,,2943,1431,1430,1,"LINESTRING (108.910327 34.239443, 108.910483 34.239683)",1,30.30,residential,6,,,,auto,
2819,,2946,1428,1431,1,"LINESTRING (108.910178 34.239216, 108.910327 34.239443)",1,28.72,residential,6,,,,auto,
2820,,2946,1431,1428,1,"LINESTRING (108.910327 34.239443, 108.910178 34.239216)",1,28.72,residential,6,,,,auto,
2821,,2947,1428,1427,1,"LINESTRING (108.910178 34.239216, 108.910027 34.238984)",1,29.29,residential,6,,,,auto,
2822,,2947,1427,1428,1,"LINESTRING (108.910027 34.238984, 108.910178 34.239216)",1,29.29,residential,6,,,,auto,
2823,西建新巷,2950,1432,1433,1,"LINESTRING (108.912284 34.252275, 108.912278 34.251432)",1,93.74,residential,6,,,,auto,
2824,西建新巷,2950,1433,1432,1,"LINESTRING (108.912278 34.251432, 108.912284 34.252275)",1,93.74,residential,6,,,,auto,
2825,西建新巷,2951,1434,1435,1,"LINESTRING (108.912268 34.249752, 108.912273 34.250606)",1,94.96,residential,6,,,,auto,
2826,西建新巷,2951,1435,1434,1,"LINESTRING (108.912273 34.250606, 108.912268 34.249752)",1,94.96,residential,6,,,,auto,
2827,,2953,1436,1437,1,"LINESTRING (108.909174 34.252272, 108.909144 34.251016)",1,139.69,residential,6,,,,auto,
2828,,2953,1437,1436,1,"LINESTRING (108.909144 34.251016, 108.909174 34.252272)",1,139.69,residential,6,,,,auto,
2829,,2954,1437,1438,1,"LINESTRING (108.909144 34.251016, 108.908846 34.250628)",1,51.10,residential,6,,,,auto,
2830,,2954,1438,1437,1,"LINESTRING (108.908846 34.250628, 108.909144 34.251016)",1,51.10,residential,6,,,,auto,
2831,,2955,1437,1436,1,"LINESTRING (108.909144 34.251016, 108.909174 34.252272)",1,139.69,residential,6,,,,auto,
2832,,2955,1436,1437,1,"LINESTRING (108.909174 34.252272, 108.909144 34.251016)",1,139.69,residential,6,,,,auto,
2833,,2956,1438,1437,1,"LINESTRING (108.908846 34.250628, 108.909144 34.251016)",1,51.10,residential,6,,,,auto,
2834,,2956,1437,1438,1,"LINESTRING (108.909144 34.251016, 108.908846 34.250628)",1,51.10,residential,6,,,,auto,
2835,东建新巷,2963,1439,1440,1,"LINESTRING (108.913712 34.252276, 108.913708 34.25143)",1,94.07,residential,6,,,,auto,
2836,东建新巷,2963,1440,1439,1,"LINESTRING (108.913708 34.25143, 108.913712 34.252276)",1,94.07,residential,6,,,,auto,
2837,东建新巷,2964,1441,1435,1,"LINESTRING (108.913705 34.250612, 108.912273 34.250606)",1,131.62,residential,6,,,,auto,
2838,东建新巷,2964,1435,1441,1,"LINESTRING (108.912273 34.250606, 108.913705 34.250612)",1,131.62,residential,6,,,,auto,
2839,东建新巷,2965,1441,1440,1,"LINESTRING (108.913705 34.250612, 108.913708 34.25143)",1,90.96,residential,6,,,,auto,
2840,东建新巷,2965,1440,1441,1,"LINESTRING (108.913708 34.25143, 108.913705 34.250612)",1,90.96,residential,6,,,,auto,
2841,西建新巷,2966,1435,1434,1,"LINESTRING (108.912273 34.250606, 108.912268 34.249752)",1,94.96,residential,6,,,,auto,
2842,西建新巷,2966,1434,1435,1,"LINESTRING (108.912268 34.249752, 108.912273 34.250606)",1,94.96,residential,6,,,,auto,
2843,西建新巷,2967,1435,1433,1,"LINESTRING (108.912273 34.250606, 108.912278 34.251432)",1,91.85,residential,6,,,,auto,
2844,西建新巷,2967,1433,1435,1,"LINESTRING (108.912278 34.251432, 108.912273 34.250606)",1,91.85,residential,6,,,,auto,
2845,东建新巷,2968,1435,1441,1,"LINESTRING (108.912273 34.250606, 108.913705 34.250612)",1,131.62,residential,6,,,,auto,
2846,东建新巷,2968,1441,1435,1,"LINESTRING (108.913705 34.250612, 108.912273 34.250606)",1,131.62,residential,6,,,,auto,
2847,西建新巷,2969,1433,1435,1,"LINESTRING (108.912278 34.251432, 108.912273 34.250606)",1,91.85,residential,6,,,,auto,
2848,西建新巷,2969,1435,1433,1,"LINESTRING (108.912273 34.250606, 108.912278 34.251432)",1,91.85,residential,6,,,,auto,
2849,西建新巷,2970,1433,1432,1,"LINESTRING (108.912278 34.251432, 108.912284 34.252275)",1,93.74,residential,6,,,,auto,
2850,西建新巷,2970,1432,1433,1,"LINESTRING (108.912284 34.252275, 108.912278 34.251432)",1,93.74,residential,6,,,,auto,
2851,,2971,1433,1440,1,"LINESTRING (108.912278 34.251432, 108.913708 34.25143)",1,131.43,residential,6,,,,auto,
2852,,2971,1440,1433,1,"LINESTRING (108.913708 34.25143, 108.912278 34.251432)",1,131.43,residential,6,,,,auto,
2853,东建新巷,2972,1440,1441,1,"LINESTRING (108.913708 34.25143, 108.913705 34.250612)",1,90.96,residential,6,,,,auto,
2854,东建新巷,2972,1441,1440,1,"LINESTRING (108.913705 34.250612, 108.913708 34.25143)",1,90.96,residential,6,,,,auto,
2855,东建新巷,2973,1440,1439,1,"LINESTRING (108.913708 34.25143, 108.913712 34.252276)",1,94.07,residential,6,,,,auto,
2856,东建新巷,2973,1439,1440,1,"LINESTRING (108.913712 34.252276, 108.913708 34.25143)",1,94.07,residential,6,,,,auto,
2857,,2974,1440,1442,1,"LINESTRING (108.913708 34.25143, 108.914624 34.251432)",1,84.19,residential,6,,,,auto,
2858,,2974,1442,1440,1,"LINESTRING (108.914624 34.251432, 108.913708 34.25143)",1,84.19,residential,6,,,,auto,
2859,,2975,1440,1433,1,"LINESTRING (108.913708 34.25143, 108.912278 34.251432)",1,131.43,residential,6,,,,auto,
2860,,2975,1433,1440,1,"LINESTRING (108.912278 34.251432, 108.913708 34.25143)",1,131.43,residential,6,,,,auto,
2861,,2976,1442,1443,1,"LINESTRING (108.914624 34.251432, 108.91462 34.252277)",1,93.96,residential,6,,,,auto,
2862,,2976,1443,1442,1,"LINESTRING (108.91462 34.252277, 108.914624 34.251432)",1,93.96,residential,6,,,,auto,
2863,,2977,1442,1440,1,"LINESTRING (108.914624 34.251432, 108.913708 34.25143)",1,84.19,residential,6,,,,auto,
2864,,2977,1440,1442,1,"LINESTRING (108.913708 34.25143, 108.914624 34.251432)",1,84.19,residential,6,,,,auto,
2865,,2979,1443,1442,1,"LINESTRING (108.91462 34.252277, 108.914624 34.251432)",1,93.96,residential,6,,,,auto,
2866,,2979,1442,1443,1,"LINESTRING (108.914624 34.251432, 108.91462 34.252277)",1,93.96,residential,6,,,,auto,
2867,,2980,855,861,1,"LINESTRING (108.922007 34.249046, 108.921468 34.24905)",1,49.54,residential,6,,,,auto,
2868,,2980,861,855,1,"LINESTRING (108.921468 34.24905, 108.922007 34.249046)",1,49.54,residential,6,,,,auto,
2869,,2981,855,854,1,"LINESTRING (108.922007 34.249046, 108.922709 34.249037)",1,64.53,residential,6,,,,auto,
2870,,2981,854,855,1,"LINESTRING (108.922709 34.249037, 108.922007 34.249046)",1,64.53,residential,6,,,,auto,
2871,人民南巷,2990,1444,236,1,"LINESTRING (108.913462 34.254334, 108.913467 34.253585)",1,83.29,unclassified,20,,,,auto,
2872,人民南巷,2990,236,1444,1,"LINESTRING (108.913467 34.253585, 108.913462 34.254334)",1,83.29,unclassified,20,,,,auto,
2873,劳动路辅路,3000,1020,1445,1,"LINESTRING (108.905571 34.252545, 108.905543 34.254029)",1,165.03,tertiary,5,,,,auto,
2874,劳动路,3001,1446,1447,1,"LINESTRING (108.905384 34.253088, 108.905318 34.252832)",1,29.11,secondary,4,,3,,auto,
2875,劳动路,3002,1447,1359,1,"LINESTRING (108.905318 34.252832, 108.905318 34.2527)",1,14.68,secondary,4,,3,,auto,
2876,劳动路辅路,3003,1448,1447,1,"LINESTRING (108.905248 34.252937, 108.905318 34.252832)",1,13.33,tertiary,5,,,,auto,
2877,,3004,1448,1449,1,"LINESTRING (108.905248 34.252937, 108.905166 34.252949)",1,7.65,residential,6,,,,auto,
2878,,3004,1449,1448,1,"LINESTRING (108.905166 34.252949, 108.905248 34.252937)",1,7.65,residential,6,,,,auto,
2879,劳动南路辅路,3005,1450,1282,1,"LINESTRING (108.905335 34.248264, 108.905337 34.247386)",1,97.63,unclassified,20,,,,auto,
2880,劳动南路辅路,3006,1451,1452,1,"LINESTRING (108.905306 34.249011, 108.905312 34.248839)",1,19.13,unclassified,20,,,,auto,
2881,劳动南路辅路,3007,1453,1451,1,"LINESTRING (108.905319 34.249596, 108.905306 34.249011)",1,65.06,unclassified,20,,,,auto,
2882,劳动南路辅路,3008,1454,807,1,"LINESTRING (108.905278 34.252159, 108.905317 34.24971)",1,272.34,unclassified,20,,,,auto,
2883,劳动南路辅路,3010,1356,1454,1,"LINESTRING (108.90528 34.252267, 108.905278 34.252159)",1,12.01,unclassified,20,,,,auto,
2884,劳动南路辅路,3011,1455,1456,1,"LINESTRING (108.905348 34.245819, 108.905358 34.245415)",1,44.93,unclassified,20,,,,auto,
2885,劳动南路辅路,3012,1456,1276,1,"LINESTRING (108.905358 34.245415, 108.905332 34.244717)",1,77.65,unclassified,20,,,,auto,
2886,万方巷,3013,1276,1274,1,"LINESTRING (108.905332 34.244717, 108.903102 34.244749)",1,205.01,tertiary,5,,,,auto,
2887,万方巷,3013,1274,1276,1,"LINESTRING (108.903102 34.244749, 108.905332 34.244717)",1,205.01,tertiary,5,,,,auto,
2888,劳动南路辅路,3014,1276,1457,1,"LINESTRING (108.905332 34.244717, 108.905331 34.244005)",1,79.17,unclassified,20,,,,auto,
2889,劳动南路辅路,3015,1457,1275,1,"LINESTRING (108.905331 34.244005, 108.905442 34.24387)",1,18.15,unclassified,20,,,,auto,
2890,劳动南路,3016,1275,102,1,"LINESTRING (108.905442 34.24387, 108.905438 34.243716)",1,17.13,secondary,4,,3,,auto,
2891,劳动南路辅路,3017,1399,1458,1,"LINESTRING (108.905663 34.24363, 108.905662 34.243717)",1,9.67,unclassified,20,,,,auto,
2892,劳动南路辅路,3018,1459,1460,1,"LINESTRING (108.905652 34.244191, 108.90565 34.244338)",1,16.35,unclassified,20,,,,auto,
2893,,3019,1011,1088,1,"LINESTRING (108.905595 34.248724, 108.905818 34.248709)",1,20.56,residential,6,,,,auto,
2894,,3019,1088,1011,1,"LINESTRING (108.905818 34.248709, 108.905595 34.248724)",1,20.56,residential,6,,,,auto,
2895,,3020,1011,1009,1,"LINESTRING (108.905595 34.248724, 108.905522 34.248729)",1,6.73,residential,6,,,,auto,
2896,,3020,1009,1011,1,"LINESTRING (108.905522 34.248729, 108.905595 34.248724)",1,6.73,residential,6,,,,auto,
2897,劳动南路辅路,3021,1011,1461,1,"LINESTRING (108.905595 34.248724, 108.90559 34.249371)",1,71.94,unclassified,20,,,,auto,
2898,劳动南路辅路,3022,1462,1023,1,"LINESTRING (108.905573 34.25169, 108.905471 34.25185)",1,20.11,unclassified,20,,,,auto,
2899,劳动南路,3023,1023,1357,1,"LINESTRING (108.905471 34.25185, 108.905469 34.25212)",1,30.02,secondary,4,,3,,auto,
2900,,3024,774,1028,1,"LINESTRING (108.905626 34.246275, 108.905521 34.246276)",1,9.65,residential,6,,,,auto,
2901,,3024,1028,774,1,"LINESTRING (108.905521 34.246276, 108.905626 34.246275)",1,9.65,residential,6,,,,auto,
2902,,3025,774,773,1,"LINESTRING (108.905626 34.246275, 108.905687 34.246275)",1,5.61,residential,6,,,,auto,
2903,,3025,773,774,1,"LINESTRING (108.905687 34.246275, 108.905626 34.246275)",1,5.61,residential,6,,,,auto,
2904,劳动南路辅路,3026,774,1092,1,"LINESTRING (108.905626 34.246275, 108.905619 34.246832)",1,61.94,unclassified,20,,,,auto,
2905,,3027,1092,1090,1,"LINESTRING (108.905619 34.246832, 108.90593 34.246825)",1,28.60,residential,6,,,,auto,
2906,,3027,1090,1092,1,"LINESTRING (108.90593 34.246825, 108.905619 34.246832)",1,28.60,residential,6,,,,auto,
2907,,3028,1092,1029,1,"LINESTRING (108.905619 34.246832, 108.905518 34.246834)",1,9.29,residential,6,,,,auto,
2908,,3028,1029,1092,1,"LINESTRING (108.905518 34.246834, 108.905619 34.246832)",1,9.29,residential,6,,,,auto,
2909,劳动南路辅路,3029,1092,1463,1,"LINESTRING (108.905619 34.246832, 108.905616 34.247096)",1,29.36,unclassified,20,,,,auto,
2910,糜家桥路,3030,1024,640,1,"LINESTRING (108.905588 34.249716, 108.907526 34.249721)",1,178.13,residential,6,,,,auto,
2911,糜家桥路,3030,640,1024,1,"LINESTRING (108.907526 34.249721, 108.905588 34.249716)",1,178.13,residential,6,,,,auto,
2912,糜家桥路,3031,1024,1022,1,"LINESTRING (108.905588 34.249716, 108.905486 34.249716)",1,9.38,residential,6,,,,auto,
2913,糜家桥路,3031,1022,1024,1,"LINESTRING (108.905486 34.249716, 108.905588 34.249716)",1,9.38,residential,6,,,,auto,
2914,劳动南路辅路,3032,1024,1462,1,"LINESTRING (108.905588 34.249716, 108.905573 34.25169)",1,219.50,unclassified,20,,,,auto,
2915,劳动南路辅路,3035,1458,1464,1,"LINESTRING (108.905662 34.243717, 108.905654 34.24407)",1,39.26,unclassified,20,,,,auto,
2916,劳动南路辅路,3037,1460,774,1,"LINESTRING (108.90565 34.244338, 108.905626 34.246275)",1,215.40,unclassified,20,,,,auto,
2917,劳动南路辅路,3047,1465,1450,1,"LINESTRING (108.905326 34.248499, 108.905335 34.248264)",1,26.14,unclassified,20,,,,auto,
2918,西市北路,3048,807,806,1,"LINESTRING (108.905317 34.24971, 108.905412 34.24971)",1,8.73,tertiary,5,,,,auto,
2919,西市北路,3048,806,807,1,"LINESTRING (108.905412 34.24971, 108.905317 34.24971)",1,8.73,tertiary,5,,,,auto,
2920,西市北路,3049,807,810,1,"LINESTRING (108.905317 34.24971, 108.905222 34.249711)",1,8.73,tertiary,5,,,,auto,
2921,西市北路,3049,810,807,1,"LINESTRING (108.905222 34.249711, 108.905317 34.24971)",1,8.73,tertiary,5,,,,auto,
2922,劳动南路辅路,3050,807,1453,1,"LINESTRING (108.905317 34.24971, 108.905319 34.249596)",1,12.68,unclassified,20,,,,auto,
2923,环城西路南段,3051,1466,1467,1,"LINESTRING (108.918872 34.253894, 108.918872 34.253989)",1,10.56,unclassified,20,,,,auto,
2924,,3054,1468,1722,1,"LINESTRING (108.918901 34.2521, 108.918806 34.252219)",1,15.85,unclassified,20,,,,auto,
2925,,3055,1469,1727,1,"LINESTRING (108.918943 34.245233, 108.918928 34.24761)",1,264.31,unclassified,20,,,,auto,
2926,,3056,1470,1721,1,"LINESTRING (108.918978 34.242956, 108.918943 34.245128)",1,241.54,unclassified,20,,,,auto,
2927,,3057,673,1740,1,"LINESTRING (108.918986 34.237791, 108.91901 34.239986)",1,244.08,unclassified,20,,,,auto,
2928,通义巷,3058,1721,1332,1,"LINESTRING (108.918943 34.245128, 108.919038 34.245125)",1,8.74,tertiary,5,,,,auto,
2929,通义巷,3058,1332,1721,1,"LINESTRING (108.919038 34.245125, 108.918943 34.245128)",1,8.74,tertiary,5,,,,auto,
2932,,3060,1721,1469,1,"LINESTRING (108.918943 34.245128, 108.918943 34.245233)",1,11.68,unclassified,20,,,,auto,
2933,大学南路,3061,1727,240,1,"LINESTRING (108.918928 34.24761, 108.921749 34.247581)",1,259.31,tertiary,5,,,,auto,
2934,大学南路,3061,240,1727,1,"LINESTRING (108.921749 34.247581, 108.918928 34.24761)",1,259.31,tertiary,5,,,,auto,
2937,,3063,1727,1471,1,"LINESTRING (108.918928 34.24761, 108.918921 34.248899)",1,143.33,unclassified,20,,,,auto,
2938,,3064,879,247,1,"LINESTRING (108.918916 34.249778, 108.918825 34.249777)",1,8.36,residential,6,,,,auto,
2939,,3064,247,879,1,"LINESTRING (108.918825 34.249777, 108.918916 34.249778)",1,8.36,residential,6,,,,auto,
2940,,3065,879,878,1,"LINESTRING (108.918916 34.249778, 108.91947 34.249765)",1,50.94,residential,6,,,,auto,
2941,,3065,878,879,1,"LINESTRING (108.91947 34.249765, 108.918916 34.249778)",1,50.94,residential,6,,,,auto,
2942,,3066,879,1468,1,"LINESTRING (108.918916 34.249778, 108.918901 34.2521)",1,258.20,unclassified,20,,,,auto,
2943,环城西路南段,3069,1353,1472,1,"LINESTRING (108.918872 34.253248, 108.918872 34.253708)",1,51.15,unclassified,20,,,,auto,
2946,水文巷,3071,1740,244,1,"LINESTRING (108.91901 34.239986, 108.920439 34.239997)",1,131.36,tertiary,5,,,,auto,
2947,水文巷,3071,244,1740,1,"LINESTRING (108.920439 34.239997, 108.91901 34.239986)",1,131.36,tertiary,5,,,,auto,
2948,,3072,1740,1473,1,"LINESTRING (108.91901 34.239986, 108.919009 34.240833)",1,94.18,unclassified,20,,,,auto,
2949,友谊西路,3073,1731,1474,1,"LINESTRING (108.918977 34.242696, 108.919122 34.242694)",1,13.33,secondary,4,,2,,auto,
2955,太白北路,3077,1721,1333,1,"LINESTRING (108.918752 34.245136, 108.918752 34.245054)",1,9.12,primary,3,,3,,auto,
2956,环城西路南段,3078,1477,939,1,"LINESTRING (108.918608 34.253738, 108.918689 34.253578)",1,19.29,unclassified,20,,,,auto,
2957,环城西路南段,3079,939,940,1,"LINESTRING (108.918689 34.253578, 108.918686 34.253246)",1,36.92,primary,3,,4,,auto,
2958,,3082,767,1478,1,"LINESTRING (108.918613 34.2521, 108.918623 34.249054)",1,338.70,unclassified,20,,,,auto,
2959,,3083,1479,1334,1,"LINESTRING (108.918644 34.242983, 108.918765 34.242855)",1,18.06,unclassified,20,,,,auto,
2960,太白北路,3084,1334,1731,1,"LINESTRING (108.918765 34.242855, 108.918765 34.242789)",1,7.34,primary,3,,3,,auto,
2961,,3085,1334,1480,1,"LINESTRING (108.918765 34.242855, 108.918467 34.242848)",1,27.40,tertiary,5,,,,auto,
2964,大学南路,3087,1727,750,1,"LINESTRING (108.918628 34.247613, 108.915586 34.247615)",1,279.61,tertiary,5,,,,auto,
2965,大学南路,3087,750,1727,1,"LINESTRING (108.915586 34.247615, 108.918628 34.247613)",1,279.61,tertiary,5,,,,auto,
2966,,3088,1727,1721,1,"LINESTRING (108.918628 34.247613, 108.918637 34.245134)",1,275.65,unclassified,20,,,,auto,
2969,,3090,1721,1479,1,"LINESTRING (108.918637 34.245134, 108.918644 34.242983)",1,239.18,unclassified,20,,,,auto,
2970,,3091,1721,1481,1,"LINESTRING (108.918637 34.245134, 108.91823 34.245132)",1,37.41,residential,6,,,,auto,
2971,,3091,1481,1721,1,"LINESTRING (108.91823 34.245132, 108.918637 34.245134)",1,37.41,residential,6,,,,auto,
2972,环城西路南段,3092,1472,1466,1,"LINESTRING (108.918872 34.253708, 108.918872 34.253894)",1,20.68,unclassified,20,,,,auto,
2973,,3093,1472,909,1,"LINESTRING (108.918872 34.253708, 108.918783 34.25387)",1,19.78,unclassified,20,,,,auto,
2974,环城南路西段,3094,935,933,1,"LINESTRING (108.923362 34.252517, 108.922409 34.252506)",1,87.60,primary,3,,4,,auto,
2975,环城南路西段,3095,109,1482,1,"LINESTRING (108.923688 34.252391, 108.924191 34.2524)",1,46.24,primary,3,,4,,auto,
2976,环城南路西段,3096,1483,1124,1,"LINESTRING (108.925963 34.25258, 108.924951 34.252573)",1,93.02,primary,3,,,,auto,
2977,环城南路西段,3099,1482,899,1,"LINESTRING (108.924191 34.2524, 108.924712 34.252371)",1,47.99,primary,3,,,,auto,
2978,环城南路西段,3100,1482,733,1,"LINESTRING (108.924191 34.2524, 108.924298 34.252403)",1,9.84,primary,3,,4,,auto,
2979,环城南路西段,3101,1123,931,1,"LINESTRING (108.922009 34.252492, 108.921759 34.252532)",1,23.40,primary,3,,,,auto,
2980,环城南路西段,3102,1123,927,1,"LINESTRING (108.922009 34.252492, 108.921772 34.252475)",1,21.86,primary,3,,2,,auto,
2981,二环南路西段,3103,32,489,1,"LINESTRING (108.922861 34.232796, 108.923934 34.232364)",1,109.72,trunk,2,70,3,,auto,
2982,,3104,32,397,1,"LINESTRING (108.922861 34.232796, 108.923383 34.232473)",1,59.94,secondary,4,,,,auto,
2983,,3105,323,29,1,"LINESTRING (108.919592 34.234047, 108.921063 34.233401)",1,153.12,trunk,2,,2,,auto,
2984,,3106,323,322,1,"LINESTRING (108.919592 34.234047, 108.919824 34.234041)",1,21.34,trunk,2,,1,,auto,
2985,,3107,1484,271,1,"LINESTRING (108.917739 34.234568, 108.917855 34.234656)",1,14.47,trunk,2,,1,,auto,
2986,太白南路,3108,1484,499,1,"LINESTRING (108.917739 34.234568, 108.917847 34.234736)",1,21.16,primary,3,60,2,,auto,
2987,,3109,841,329,1,"LINESTRING (108.917644 34.234426, 108.917807 34.234536)",1,19.34,trunk,2,,,,auto,
2988,太白南路,3110,841,1484,1,"LINESTRING (108.917644 34.234426, 108.917739 34.234568)",1,18.04,primary,3,60,2,,auto,
2989,二环南路西段,3111,388,13,1,"LINESTRING (108.916425 34.236146, 108.915177 34.236722)",1,131.39,trunk,2,70,3,,auto,
2990,,3112,388,379,1,"LINESTRING (108.916425 34.236146, 108.916206 34.236156)",1,20.16,trunk,2,,1,,auto,
2991,,3113,1074,303,1,"LINESTRING (108.896406 34.244582, 108.897267 34.244212)",1,89.20,trunk,2,,,,auto,
2992,,3114,1074,1085,1,"LINESTRING (108.896406 34.244582, 108.896715 34.244375)",1,36.56,trunk,2,,,,auto,
2993,,3115,877,878,1,"LINESTRING (108.919483 34.249828, 108.91947 34.249765)",1,7.11,residential,6,,,,auto,
2994,,3115,878,877,1,"LINESTRING (108.91947 34.249765, 108.919483 34.249828)",1,7.11,residential,6,,,,auto,
2995,,3116,877,876,1,"LINESTRING (108.919483 34.249828, 108.91951 34.249877)",1,5.99,residential,6,,,,auto,
2996,,3116,876,877,1,"LINESTRING (108.91951 34.249877, 108.919483 34.249828)",1,5.99,residential,6,,,,auto,
2997,,3117,868,864,1,"LINESTRING (108.920005 34.249705, 108.920013 34.249756)",1,5.72,residential,6,,,,auto,
2998,,3117,864,868,1,"LINESTRING (108.920013 34.249756, 108.920005 34.249705)",1,5.72,residential,6,,,,auto,
2999,,3118,868,1485,1,"LINESTRING (108.920005 34.249705, 108.919983 34.249658)",1,5.60,residential,6,,,,auto,
3000,,3118,1485,868,1,"LINESTRING (108.919983 34.249658, 108.920005 34.249705)",1,5.60,residential,6,,,,auto,
3001,,3119,889,1485,1,"LINESTRING (108.919955 34.249621, 108.919983 34.249658)",1,4.85,residential,6,,,,auto,
3002,,3119,1485,889,1,"LINESTRING (108.919983 34.249658, 108.919955 34.249621)",1,4.85,residential,6,,,,auto,
3003,,3120,889,888,1,"LINESTRING (108.919955 34.249621, 108.919918 34.24959)",1,4.84,residential,6,,,,auto,
3004,,3120,888,889,1,"LINESTRING (108.919918 34.24959, 108.919955 34.249621)",1,4.84,residential,6,,,,auto,
3005,,3121,887,888,1,"LINESTRING (108.919875 34.249565, 108.919918 34.24959)",1,4.83,residential,6,,,,auto,
3006,,3121,888,887,1,"LINESTRING (108.919918 34.24959, 108.919875 34.249565)",1,4.83,residential,6,,,,auto,
3007,,3122,887,886,1,"LINESTRING (108.919875 34.249565, 108.919806 34.249542)",1,6.84,residential,6,,,,auto,
3008,,3122,886,887,1,"LINESTRING (108.919806 34.249542, 108.919875 34.249565)",1,6.84,residential,6,,,,auto,
3009,,3123,885,886,1,"LINESTRING (108.919731 34.249536, 108.919806 34.249542)",1,6.93,residential,6,,,,auto,
3010,,3123,886,885,1,"LINESTRING (108.919806 34.249542, 108.919731 34.249536)",1,6.93,residential,6,,,,auto,
3011,,3124,885,884,1,"LINESTRING (108.919731 34.249536, 108.919655 34.249548)",1,7.11,residential,6,,,,auto,
3012,,3124,884,885,1,"LINESTRING (108.919655 34.249548, 108.919731 34.249536)",1,7.11,residential,6,,,,auto,
3013,,3125,883,884,1,"LINESTRING (108.919591 34.249574, 108.919655 34.249548)",1,6.55,residential,6,,,,auto,
3014,,3125,884,883,1,"LINESTRING (108.919655 34.249548, 108.919591 34.249574)",1,6.55,residential,6,,,,auto,
3015,,3126,883,882,1,"LINESTRING (108.919591 34.249574, 108.919537 34.249614)",1,6.66,residential,6,,,,auto,
3016,,3126,882,883,1,"LINESTRING (108.919537 34.249614, 108.919591 34.249574)",1,6.66,residential,6,,,,auto,
3017,,3127,872,875,1,"LINESTRING (108.919759 34.249984, 108.919711 34.249981)",1,4.42,residential,6,,,,auto,
3018,,3127,875,872,1,"LINESTRING (108.919711 34.249981, 108.919759 34.249984)",1,4.42,residential,6,,,,auto,
3019,,3128,872,871,1,"LINESTRING (108.919759 34.249984, 108.919838 34.24997)",1,7.43,residential,6,,,,auto,
3020,,3128,871,872,1,"LINESTRING (108.919838 34.24997, 108.919759 34.249984)",1,7.43,residential,6,,,,auto,
3021,,3129,870,871,1,"LINESTRING (108.919913 34.249934, 108.919838 34.24997)",1,7.97,residential,6,,,,auto,
3022,,3129,871,870,1,"LINESTRING (108.919838 34.24997, 108.919913 34.249934)",1,7.97,residential,6,,,,auto,
3023,,3130,870,869,1,"LINESTRING (108.919913 34.249934, 108.919976 34.249873)",1,8.92,residential,6,,,,auto,
3024,,3130,869,870,1,"LINESTRING (108.919976 34.249873, 108.919913 34.249934)",1,8.92,residential,6,,,,auto,
3025,,3131,874,876,1,"LINESTRING (108.91958 34.249941, 108.91951 34.249877)",1,9.59,residential,6,,,,auto,
3026,,3131,876,874,1,"LINESTRING (108.91951 34.249877, 108.91958 34.249941)",1,9.59,residential,6,,,,auto,
3027,,3132,874,873,1,"LINESTRING (108.91958 34.249941, 108.919677 34.249978)",1,9.82,residential,6,,,,auto,
3028,,3132,873,874,1,"LINESTRING (108.919677 34.249978, 108.91958 34.249941)",1,9.82,residential,6,,,,auto,
3029,,3133,867,869,1,"LINESTRING (108.919999 34.249833, 108.919976 34.249873)",1,4.92,residential,6,,,,auto,
3030,,3133,869,867,1,"LINESTRING (108.919976 34.249873, 108.919999 34.249833)",1,4.92,residential,6,,,,auto,
3031,,3134,867,864,1,"LINESTRING (108.919999 34.249833, 108.920013 34.249756)",1,8.66,residential,6,,,,auto,
3032,,3134,864,867,1,"LINESTRING (108.920013 34.249756, 108.919999 34.249833)",1,8.66,residential,6,,,,auto,
3033,,3135,1485,868,1,"LINESTRING (108.919983 34.249658, 108.920005 34.249705)",1,5.60,residential,6,,,,auto,
3034,,3135,868,1485,1,"LINESTRING (108.920005 34.249705, 108.919983 34.249658)",1,5.60,residential,6,,,,auto,
3035,,3136,1485,889,1,"LINESTRING (108.919983 34.249658, 108.919955 34.249621)",1,4.85,residential,6,,,,auto,
3036,,3136,889,1485,1,"LINESTRING (108.919955 34.249621, 108.919983 34.249658)",1,4.85,residential,6,,,,auto,
3037,,3137,880,882,1,"LINESTRING (108.919482 34.249697, 108.919537 34.249614)",1,10.52,residential,6,,,,auto,
3038,,3137,882,880,1,"LINESTRING (108.919537 34.249614, 108.919482 34.249697)",1,10.52,residential,6,,,,auto,
3039,,3138,880,878,1,"LINESTRING (108.919482 34.249697, 108.91947 34.249765)",1,7.64,residential,6,,,,auto,
3040,,3138,878,880,1,"LINESTRING (108.91947 34.249765, 108.919482 34.249697)",1,7.64,residential,6,,,,auto,
3041,昆明路高架,3139,492,1071,1,"LINESTRING (108.897866 34.244184, 108.896941 34.24463)",1,98.43,trunk,2,,2,,auto,
3042,二环南路西段,3140,491,19,1,"LINESTRING (108.897358 34.244343, 108.895761 34.245073)",1,167.74,trunk,2,70,2,,auto,
3044,环城西路南段,3142,1720,1354,1,"LINESTRING (108.918801 34.252569, 108.918799 34.252718)",1,16.57,primary,3,,4,,auto,
3045,环城西路南段,3143,1720,1352,1,"LINESTRING (108.918801 34.252569, 108.918878 34.252718)",1,18.02,unclassified,20,,,,auto,
3046,,3144,1486,850,1,"LINESTRING (108.922405 34.252113, 108.92223 34.252032)",1,18.43,residential,6,,,,auto,
3047,,3144,850,1486,1,"LINESTRING (108.92223 34.252032, 108.922405 34.252113)",1,18.43,residential,6,,,,auto,
3048,,3145,850,1351,1,"LINESTRING (108.92223 34.252032, 108.92223 34.252269)",1,26.35,residential,6,,,,auto,
3049,,3145,1351,850,1,"LINESTRING (108.92223 34.252269, 108.92223 34.252032)",1,26.35,residential,6,,,,auto,
3050,,3146,850,846,1,"LINESTRING (108.92223 34.252032, 108.922229 34.251863)",1,18.79,residential,6,,,,auto,
3051,,3146,846,850,1,"LINESTRING (108.922229 34.251863, 108.92223 34.252032)",1,18.79,residential,6,,,,auto,
3052,,3147,850,1486,1,"LINESTRING (108.92223 34.252032, 108.922405 34.252113)",1,18.43,residential,6,,,,auto,
3053,,3147,1486,850,1,"LINESTRING (108.922405 34.252113, 108.92223 34.252032)",1,18.43,residential,6,,,,auto,
3054,,3148,892,890,1,"LINESTRING (108.92148 34.251067, 108.921482 34.251398)",1,36.81,residential,6,,,,auto,
3055,,3148,890,892,1,"LINESTRING (108.921482 34.251398, 108.92148 34.251067)",1,36.81,residential,6,,,,auto,
3056,,3149,892,1487,1,"LINESTRING (108.92148 34.251067, 108.921476 34.250539)",1,58.71,residential,6,,,,auto,
3057,,3149,1487,892,1,"LINESTRING (108.921476 34.250539, 108.92148 34.251067)",1,58.71,residential,6,,,,auto,
3058,,3150,892,1488,1,"LINESTRING (108.92148 34.251067, 108.922745 34.251047)",1,116.29,residential,6,,,,auto,
3059,,3150,1488,892,1,"LINESTRING (108.922745 34.251047, 108.92148 34.251067)",1,116.29,residential,6,,,,auto,
3060,,3151,1488,1489,1,"LINESTRING (108.922745 34.251047, 108.922739 34.250502)",1,60.60,residential,6,,,,auto,
3061,,3151,1489,1488,1,"LINESTRING (108.922739 34.250502, 108.922745 34.251047)",1,60.60,residential,6,,,,auto,
3062,,3152,1488,853,1,"LINESTRING (108.922745 34.251047, 108.922747 34.251155)",1,12.01,residential,6,,,,auto,
3063,,3152,853,1488,1,"LINESTRING (108.922747 34.251155, 108.922745 34.251047)",1,12.01,residential,6,,,,auto,
3064,,3153,1488,892,1,"LINESTRING (108.922745 34.251047, 108.92148 34.251067)",1,116.29,residential,6,,,,auto,
3065,,3153,892,1488,1,"LINESTRING (108.92148 34.251067, 108.922745 34.251047)",1,116.29,residential,6,,,,auto,
3066,,3154,853,1488,1,"LINESTRING (108.922747 34.251155, 108.922745 34.251047)",1,12.01,residential,6,,,,auto,
3067,,3154,1488,853,1,"LINESTRING (108.922745 34.251047, 108.922747 34.251155)",1,12.01,residential,6,,,,auto,
3068,,3155,853,851,1,"LINESTRING (108.922747 34.251155, 108.922749 34.251304)",1,16.57,residential,6,,,,auto,
3069,,3155,851,853,1,"LINESTRING (108.922749 34.251304, 108.922747 34.251155)",1,16.57,residential,6,,,,auto,
3070,,3156,853,1490,1,"LINESTRING (108.922747 34.251155, 108.923572 34.251146)",1,75.83,residential,6,,,,auto,
3071,,3156,1490,853,1,"LINESTRING (108.923572 34.251146, 108.922747 34.251155)",1,75.83,residential,6,,,,auto,
3072,,3157,1490,853,1,"LINESTRING (108.923572 34.251146, 108.922747 34.251155)",1,75.83,residential,6,,,,auto,
3073,,3157,853,1490,1,"LINESTRING (108.922747 34.251155, 108.923572 34.251146)",1,75.83,residential,6,,,,auto,
3074,,3158,1490,1491,1,"LINESTRING (108.923572 34.251146, 108.923568 34.250077)",1,118.87,residential,6,,,,auto,
3075,,3158,1491,1490,1,"LINESTRING (108.923568 34.250077, 108.923572 34.251146)",1,118.87,residential,6,,,,auto,
3076,,3159,1491,893,1,"LINESTRING (108.923568 34.250077, 108.922734 34.250094)",1,76.68,residential,6,,,,auto,
3077,,3159,893,1491,1,"LINESTRING (108.922734 34.250094, 108.923568 34.250077)",1,76.68,residential,6,,,,auto,
3078,,3160,1491,1490,1,"LINESTRING (108.923568 34.250077, 108.923572 34.251146)",1,118.87,residential,6,,,,auto,
3079,,3160,1490,1491,1,"LINESTRING (108.923572 34.251146, 108.923568 34.250077)",1,118.87,residential,6,,,,auto,
3080,,3161,893,856,1,"LINESTRING (108.922734 34.250094, 108.922729 34.249704)",1,43.37,residential,6,,,,auto,
3081,,3161,856,893,1,"LINESTRING (108.922729 34.249704, 108.922734 34.250094)",1,43.37,residential,6,,,,auto,
3082,,3162,893,1489,1,"LINESTRING (108.922734 34.250094, 108.922739 34.250502)",1,45.37,residential,6,,,,auto,
3083,,3162,1489,893,1,"LINESTRING (108.922739 34.250502, 108.922734 34.250094)",1,45.37,residential,6,,,,auto,
3084,,3163,893,1492,1,"LINESTRING (108.922734 34.250094, 108.922631 34.250198)",1,14.95,residential,6,,,,auto,
3085,,3163,1492,893,1,"LINESTRING (108.922631 34.250198, 108.922734 34.250094)",1,14.95,residential,6,,,,auto,
3086,,3164,893,1491,1,"LINESTRING (108.922734 34.250094, 108.923568 34.250077)",1,76.68,residential,6,,,,auto,
3087,,3164,1491,893,1,"LINESTRING (108.923568 34.250077, 108.922734 34.250094)",1,76.68,residential,6,,,,auto,
3088,,3165,1492,1493,1,"LINESTRING (108.922631 34.250198, 108.921475 34.250219)",1,106.28,residential,6,,,,auto,
3089,,3165,1493,1492,1,"LINESTRING (108.921475 34.250219, 108.922631 34.250198)",1,106.28,residential,6,,,,auto,
3090,,3166,1492,893,1,"LINESTRING (108.922631 34.250198, 108.922734 34.250094)",1,14.95,residential,6,,,,auto,
3091,,3166,893,1492,1,"LINESTRING (108.922734 34.250094, 108.922631 34.250198)",1,14.95,residential,6,,,,auto,
3092,,3167,1493,1487,1,"LINESTRING (108.921475 34.250219, 108.921476 34.250539)",1,35.58,residential,6,,,,auto,
3093,,3167,1487,1493,1,"LINESTRING (108.921476 34.250539, 108.921475 34.250219)",1,35.58,residential,6,,,,auto,
3094,,3168,1493,865,1,"LINESTRING (108.921475 34.250219, 108.921448 34.249723)",1,55.21,residential,6,,,,auto,
3095,,3168,865,1493,1,"LINESTRING (108.921448 34.249723, 108.921475 34.250219)",1,55.21,residential,6,,,,auto,
3096,,3169,1493,1492,1,"LINESTRING (108.921475 34.250219, 108.922631 34.250198)",1,106.28,residential,6,,,,auto,
3097,,3169,1492,1493,1,"LINESTRING (108.922631 34.250198, 108.921475 34.250219)",1,106.28,residential,6,,,,auto,
3098,,3170,1487,892,1,"LINESTRING (108.921476 34.250539, 108.92148 34.251067)",1,58.71,residential,6,,,,auto,
3099,,3170,892,1487,1,"LINESTRING (108.92148 34.251067, 108.921476 34.250539)",1,58.71,residential,6,,,,auto,
3100,,3171,1487,1493,1,"LINESTRING (108.921476 34.250539, 108.921475 34.250219)",1,35.58,residential,6,,,,auto,
3101,,3171,1493,1487,1,"LINESTRING (108.921475 34.250219, 108.921476 34.250539)",1,35.58,residential,6,,,,auto,
3102,,3172,1487,1489,1,"LINESTRING (108.921476 34.250539, 108.922739 34.250502)",1,116.16,residential,6,,,,auto,
3103,,3172,1489,1487,1,"LINESTRING (108.922739 34.250502, 108.921476 34.250539)",1,116.16,residential,6,,,,auto,
3104,,3173,1489,893,1,"LINESTRING (108.922739 34.250502, 108.922734 34.250094)",1,45.37,residential,6,,,,auto,
3105,,3173,893,1489,1,"LINESTRING (108.922734 34.250094, 108.922739 34.250502)",1,45.37,residential,6,,,,auto,
3106,,3174,1489,1488,1,"LINESTRING (108.922739 34.250502, 108.922745 34.251047)",1,60.60,residential,6,,,,auto,
3107,,3174,1488,1489,1,"LINESTRING (108.922745 34.251047, 108.922739 34.250502)",1,60.60,residential,6,,,,auto,
3108,,3175,1489,1487,1,"LINESTRING (108.922739 34.250502, 108.921476 34.250539)",1,116.16,residential,6,,,,auto,
3109,,3175,1487,1489,1,"LINESTRING (108.921476 34.250539, 108.922739 34.250502)",1,116.16,residential,6,,,,auto,
3110,,3176,865,1493,1,"LINESTRING (108.921448 34.249723, 108.921475 34.250219)",1,55.21,residential,6,,,,auto,
3111,,3176,1493,865,1,"LINESTRING (108.921475 34.250219, 108.921448 34.249723)",1,55.21,residential,6,,,,auto,
3112,,3177,865,856,1,"LINESTRING (108.921448 34.249723, 108.922729 34.249704)",1,117.76,residential,6,,,,auto,
3113,,3177,856,865,1,"LINESTRING (108.922729 34.249704, 108.921448 34.249723)",1,117.76,residential,6,,,,auto,
3114,,3178,865,860,1,"LINESTRING (108.921448 34.249723, 108.920576 34.249746)",1,80.19,residential,6,,,,auto,
3115,,3178,860,865,1,"LINESTRING (108.920576 34.249746, 108.921448 34.249723)",1,80.19,residential,6,,,,auto,
3116,,3179,865,861,1,"LINESTRING (108.921448 34.249723, 108.921468 34.24905)",1,74.86,residential,6,,,,auto,
3117,,3179,861,865,1,"LINESTRING (108.921468 34.24905, 108.921448 34.249723)",1,74.86,residential,6,,,,auto,
3118,,3180,866,1494,1,"LINESTRING (108.920593 34.25098, 108.920646 34.251565)",1,65.23,residential,6,,,,auto,
3119,,3180,1494,866,1,"LINESTRING (108.920646 34.251565, 108.920593 34.25098)",1,65.23,residential,6,,,,auto,
3120,,3181,866,860,1,"LINESTRING (108.920593 34.25098, 108.920576 34.249746)",1,137.22,residential,6,,,,auto,
3121,,3181,860,866,1,"LINESTRING (108.920576 34.249746, 108.920593 34.25098)",1,137.22,residential,6,,,,auto,
3122,,3182,866,1495,1,"LINESTRING (108.920593 34.25098, 108.919427 34.250994)",1,107.18,residential,6,,,,auto,
3123,,3182,1495,866,1,"LINESTRING (108.919427 34.250994, 108.920593 34.25098)",1,107.18,residential,6,,,,auto,
3124,,3183,1494,852,1,"LINESTRING (108.920646 34.251565, 108.921816 34.251562)",1,107.54,residential,6,,,,auto,
3125,,3183,852,1494,1,"LINESTRING (108.921816 34.251562, 108.920646 34.251565)",1,107.54,residential,6,,,,auto,
3126,,3184,1494,866,1,"LINESTRING (108.920646 34.251565, 108.920593 34.25098)",1,65.23,residential,6,,,,auto,
3127,,3184,866,1494,1,"LINESTRING (108.920593 34.25098, 108.920646 34.251565)",1,65.23,residential,6,,,,auto,
3128,,3185,1494,1496,1,"LINESTRING (108.920646 34.251565, 108.919438 34.251545)",1,111.05,residential,6,,,,auto,
3129,,3185,1496,1494,1,"LINESTRING (108.919438 34.251545, 108.920646 34.251565)",1,111.05,residential,6,,,,auto,
3130,,3186,1494,1497,1,"LINESTRING (108.920646 34.251565, 108.920634 34.2519)",1,37.27,residential,6,,,,auto,
3131,,3186,1497,1494,1,"LINESTRING (108.920634 34.2519, 108.920646 34.251565)",1,37.27,residential,6,,,,auto,
3132,,3187,852,848,1,"LINESTRING (108.921816 34.251562, 108.921931 34.251613)",1,11.99,residential,6,,,,auto,
3133,,3187,848,852,1,"LINESTRING (108.921931 34.251613, 108.921816 34.251562)",1,11.99,residential,6,,,,auto,
3134,,3188,852,891,1,"LINESTRING (108.921816 34.251562, 108.921726 34.251523)",1,9.34,residential,6,,,,auto,
3135,,3188,891,852,1,"LINESTRING (108.921726 34.251523, 108.921816 34.251562)",1,9.34,residential,6,,,,auto,
3136,,3189,852,1494,1,"LINESTRING (108.921816 34.251562, 108.920646 34.251565)",1,107.54,residential,6,,,,auto,
3137,,3189,1494,852,1,"LINESTRING (108.920646 34.251565, 108.921816 34.251562)",1,107.54,residential,6,,,,auto,
3138,,3190,1496,1498,1,"LINESTRING (108.919438 34.251545, 108.919432 34.251272)",1,30.36,residential,6,,,,auto,
3139,,3190,1498,1496,1,"LINESTRING (108.919432 34.251272, 108.919438 34.251545)",1,30.36,residential,6,,,,auto,
3140,,3191,1496,1494,1,"LINESTRING (108.919438 34.251545, 108.920646 34.251565)",1,111.05,residential,6,,,,auto,
3141,,3191,1494,1496,1,"LINESTRING (108.920646 34.251565, 108.919438 34.251545)",1,111.05,residential,6,,,,auto,
3142,,3192,1499,1500,1,"LINESTRING (108.919416 34.250454, 108.919721 34.250448)",1,28.04,residential,6,,,,auto,
3143,,3192,1500,1499,1,"LINESTRING (108.919721 34.250448, 108.919416 34.250454)",1,28.04,residential,6,,,,auto,
3144,,3193,1499,1495,1,"LINESTRING (108.919416 34.250454, 108.919427 34.250994)",1,60.05,residential,6,,,,auto,
3145,,3193,1495,1499,1,"LINESTRING (108.919427 34.250994, 108.919416 34.250454)",1,60.05,residential,6,,,,auto,
3146,,3194,1500,875,1,"LINESTRING (108.919721 34.250448, 108.919711 34.249981)",1,51.94,residential,6,,,,auto,
3147,,3194,875,1500,1,"LINESTRING (108.919711 34.249981, 108.919721 34.250448)",1,51.94,residential,6,,,,auto,
3148,,3195,1500,1499,1,"LINESTRING (108.919721 34.250448, 108.919416 34.250454)",1,28.04,residential,6,,,,auto,
3149,,3195,1499,1500,1,"LINESTRING (108.919416 34.250454, 108.919721 34.250448)",1,28.04,residential,6,,,,auto,
3150,,3196,875,873,1,"LINESTRING (108.919711 34.249981, 108.919677 34.249978)",1,3.14,residential,6,,,,auto,
3151,,3196,873,875,1,"LINESTRING (108.919677 34.249978, 108.919711 34.249981)",1,3.14,residential,6,,,,auto,
3152,,3197,875,872,1,"LINESTRING (108.919711 34.249981, 108.919759 34.249984)",1,4.42,residential,6,,,,auto,
3153,,3197,872,875,1,"LINESTRING (108.919759 34.249984, 108.919711 34.249981)",1,4.42,residential,6,,,,auto,
3154,,3198,875,1500,1,"LINESTRING (108.919711 34.249981, 108.919721 34.250448)",1,51.94,residential,6,,,,auto,
3155,,3198,1500,875,1,"LINESTRING (108.919721 34.250448, 108.919711 34.249981)",1,51.94,residential,6,,,,auto,
3156,,3199,1495,1499,1,"LINESTRING (108.919427 34.250994, 108.919416 34.250454)",1,60.05,residential,6,,,,auto,
3157,,3199,1499,1495,1,"LINESTRING (108.919416 34.250454, 108.919427 34.250994)",1,60.05,residential,6,,,,auto,
3158,,3200,1495,1498,1,"LINESTRING (108.919427 34.250994, 108.919432 34.251272)",1,30.92,residential,6,,,,auto,
3159,,3200,1498,1495,1,"LINESTRING (108.919432 34.251272, 108.919427 34.250994)",1,30.92,residential,6,,,,auto,
3160,,3201,1495,866,1,"LINESTRING (108.919427 34.250994, 108.920593 34.25098)",1,107.18,residential,6,,,,auto,
3161,,3201,866,1495,1,"LINESTRING (108.920593 34.25098, 108.919427 34.250994)",1,107.18,residential,6,,,,auto,
3162,,3202,1498,1495,1,"LINESTRING (108.919432 34.251272, 108.919427 34.250994)",1,30.92,residential,6,,,,auto,
3163,,3202,1495,1498,1,"LINESTRING (108.919427 34.250994, 108.919432 34.251272)",1,30.92,residential,6,,,,auto,
3164,,3203,1498,1496,1,"LINESTRING (108.919432 34.251272, 108.919438 34.251545)",1,30.36,residential,6,,,,auto,
3165,,3203,1496,1498,1,"LINESTRING (108.919438 34.251545, 108.919432 34.251272)",1,30.36,residential,6,,,,auto,
3166,,3204,1498,1501,1,"LINESTRING (108.919432 34.251272, 108.920224 34.251265)",1,72.80,residential,6,,,,auto,
3167,,3204,1501,1498,1,"LINESTRING (108.920224 34.251265, 108.919432 34.251272)",1,72.80,residential,6,,,,auto,
3168,,3205,1501,1498,1,"LINESTRING (108.920224 34.251265, 108.919432 34.251272)",1,72.80,residential,6,,,,auto,
3169,,3205,1498,1501,1,"LINESTRING (108.919432 34.251272, 108.920224 34.251265)",1,72.80,residential,6,,,,auto,
3170,,3206,1497,1494,1,"LINESTRING (108.920634 34.2519, 108.920646 34.251565)",1,37.27,residential,6,,,,auto,
3171,,3206,1494,1497,1,"LINESTRING (108.920646 34.251565, 108.920634 34.2519)",1,37.27,residential,6,,,,auto,
3172,,3207,1502,862,1,"LINESTRING (108.919469 34.249007, 108.919715 34.24902)",1,22.66,residential,6,,,,auto,
3173,,3207,862,1502,1,"LINESTRING (108.919715 34.24902, 108.919469 34.249007)",1,22.66,residential,6,,,,auto,
3174,,3208,863,1503,1,"LINESTRING (108.920523 34.248419, 108.9206 34.248391)",1,7.73,residential,6,,,,auto,
3175,,3208,1503,863,1,"LINESTRING (108.9206 34.248391, 108.920523 34.248419)",1,7.73,residential,6,,,,auto,
3176,,3209,863,859,1,"LINESTRING (108.920523 34.248419, 108.920521 34.249064)",1,71.72,residential,6,,,,auto,
3177,,3209,859,863,1,"LINESTRING (108.920521 34.249064, 108.920523 34.248419)",1,71.72,residential,6,,,,auto,
3178,,3210,863,1504,1,"LINESTRING (108.920523 34.248419, 108.920428 34.248401)",1,8.96,residential,6,,,,auto,
3179,,3210,1504,863,1,"LINESTRING (108.920428 34.248401, 108.920523 34.248419)",1,8.96,residential,6,,,,auto,
3180,,3211,1503,1505,1,"LINESTRING (108.9206 34.248391, 108.920639 34.248319)",1,8.77,residential,6,,,,auto,
3181,,3211,1505,1503,1,"LINESTRING (108.920639 34.248319, 108.9206 34.248391)",1,8.77,residential,6,,,,auto,
3182,,3212,1503,863,1,"LINESTRING (108.9206 34.248391, 108.920523 34.248419)",1,7.73,residential,6,,,,auto,
3183,,3212,863,1503,1,"LINESTRING (108.920523 34.248419, 108.9206 34.248391)",1,7.73,residential,6,,,,auto,
3184,,3213,1505,1506,1,"LINESTRING (108.920639 34.248319, 108.920632 34.248245)",1,8.25,residential,6,,,,auto,
3185,,3213,1506,1505,1,"LINESTRING (108.920632 34.248245, 108.920639 34.248319)",1,8.25,residential,6,,,,auto,
3186,,3214,1505,1503,1,"LINESTRING (108.920639 34.248319, 108.9206 34.248391)",1,8.77,residential,6,,,,auto,
3187,,3214,1503,1505,1,"LINESTRING (108.9206 34.248391, 108.920639 34.248319)",1,8.77,residential,6,,,,auto,
3188,,3215,1506,1507,1,"LINESTRING (108.920632 34.248245, 108.920554 34.24818)",1,10.18,residential,6,,,,auto,
3189,,3215,1507,1506,1,"LINESTRING (108.920554 34.24818, 108.920632 34.248245)",1,10.18,residential,6,,,,auto,
3190,,3216,1506,1505,1,"LINESTRING (108.920632 34.248245, 108.920639 34.248319)",1,8.25,residential,6,,,,auto,
3191,,3216,1505,1506,1,"LINESTRING (108.920639 34.248319, 108.920632 34.248245)",1,8.25,residential,6,,,,auto,
3192,,3217,1507,1508,1,"LINESTRING (108.920554 34.24818, 108.920516 34.248181)",1,3.49,residential,6,,,,auto,
3193,,3217,1508,1507,1,"LINESTRING (108.920516 34.248181, 108.920554 34.24818)",1,3.49,residential,6,,,,auto,
3194,,3218,1507,1506,1,"LINESTRING (108.920554 34.24818, 108.920632 34.248245)",1,10.18,residential,6,,,,auto,
3195,,3218,1506,1507,1,"LINESTRING (108.920632 34.248245, 108.920554 34.24818)",1,10.18,residential,6,,,,auto,
3196,,3219,1507,1509,1,"LINESTRING (108.920554 34.24818, 108.922673 34.248158)",1,194.78,residential,6,,,,auto,
3197,,3219,1509,1507,1,"LINESTRING (108.922673 34.248158, 108.920554 34.24818)",1,194.78,residential,6,,,,auto,
3198,,3220,1510,1511,1,"LINESTRING (108.92043 34.248189, 108.920378 34.248249)",1,8.21,residential,6,,,,auto,
3199,,3220,1511,1510,1,"LINESTRING (108.920378 34.248249, 108.92043 34.248189)",1,8.21,residential,6,,,,auto,
3200,,3221,1510,1508,1,"LINESTRING (108.92043 34.248189, 108.920516 34.248181)",1,7.95,residential,6,,,,auto,
3201,,3221,1508,1510,1,"LINESTRING (108.920516 34.248181, 108.92043 34.248189)",1,7.95,residential,6,,,,auto,
3202,,3222,1511,1512,1,"LINESTRING (108.920378 34.248249, 108.920376 34.248329)",1,8.90,residential,6,,,,auto,
3203,,3222,1512,1511,1,"LINESTRING (108.920376 34.248329, 108.920378 34.248249)",1,8.90,residential,6,,,,auto,
3204,,3223,1511,1510,1,"LINESTRING (108.920378 34.248249, 108.92043 34.248189)",1,8.21,residential,6,,,,auto,
3205,,3223,1510,1511,1,"LINESTRING (108.92043 34.248189, 108.920378 34.248249)",1,8.21,residential,6,,,,auto,
3206,,3224,1512,1504,1,"LINESTRING (108.920376 34.248329, 108.920428 34.248401)",1,9.32,residential,6,,,,auto,
3207,,3224,1504,1512,1,"LINESTRING (108.920428 34.248401, 108.920376 34.248329)",1,9.32,residential,6,,,,auto,
3208,,3225,1512,1511,1,"LINESTRING (108.920376 34.248329, 108.920378 34.248249)",1,8.90,residential,6,,,,auto,
3209,,3225,1511,1512,1,"LINESTRING (108.920378 34.248249, 108.920376 34.248329)",1,8.90,residential,6,,,,auto,
3210,,3226,1504,863,1,"LINESTRING (108.920428 34.248401, 108.920523 34.248419)",1,8.96,residential,6,,,,auto,
3211,,3226,863,1504,1,"LINESTRING (108.920523 34.248419, 108.920428 34.248401)",1,8.96,residential,6,,,,auto,
3212,,3227,1504,1512,1,"LINESTRING (108.920428 34.248401, 108.920376 34.248329)",1,9.32,residential,6,,,,auto,
3213,,3227,1512,1504,1,"LINESTRING (108.920376 34.248329, 108.920428 34.248401)",1,9.32,residential,6,,,,auto,
3214,,3228,1508,1510,1,"LINESTRING (108.920516 34.248181, 108.92043 34.248189)",1,7.95,residential,6,,,,auto,
3215,,3228,1510,1508,1,"LINESTRING (108.92043 34.248189, 108.920516 34.248181)",1,7.95,residential,6,,,,auto,
3216,,3229,1508,1507,1,"LINESTRING (108.920516 34.248181, 108.920554 34.24818)",1,3.49,residential,6,,,,auto,
3217,,3229,1507,1508,1,"LINESTRING (108.920554 34.24818, 108.920516 34.248181)",1,3.49,residential,6,,,,auto,
3218,,3230,1508,1513,1,"LINESTRING (108.920516 34.248181, 108.920512 34.248052)",1,14.35,residential,6,,,,auto,
3219,,3230,1513,1508,1,"LINESTRING (108.920512 34.248052, 108.920516 34.248181)",1,14.35,residential,6,,,,auto,
3220,,3231,1514,1513,1,"LINESTRING (108.920506 34.247814, 108.920512 34.248052)",1,26.47,residential,6,,,,auto,
3221,,3231,1513,1514,1,"LINESTRING (108.920512 34.248052, 108.920506 34.247814)",1,26.47,residential,6,,,,auto,
3222,,3232,1513,1514,1,"LINESTRING (108.920512 34.248052, 108.920506 34.247814)",1,26.47,residential,6,,,,auto,
3223,,3232,1514,1513,1,"LINESTRING (108.920506 34.247814, 108.920512 34.248052)",1,26.47,residential,6,,,,auto,
3224,,3233,1513,1508,1,"LINESTRING (108.920512 34.248052, 108.920516 34.248181)",1,14.35,residential,6,,,,auto,
3225,,3233,1508,1513,1,"LINESTRING (108.920516 34.248181, 108.920512 34.248052)",1,14.35,residential,6,,,,auto,
3226,,3234,1513,1515,1,"LINESTRING (108.920512 34.248052, 108.920394 34.248052)",1,10.85,residential,6,,,,auto,
3227,,3234,1515,1513,1,"LINESTRING (108.920394 34.248052, 108.920512 34.248052)",1,10.85,residential,6,,,,auto,
3228,,3235,1516,1517,1,"LINESTRING (108.919969 34.248054, 108.920143 34.248054)",1,15.99,residential,6,,,,auto,
3229,,3235,1517,1516,1,"LINESTRING (108.920143 34.248054, 108.919969 34.248054)",1,15.99,residential,6,,,,auto,
3230,,3236,1516,1518,1,"LINESTRING (108.919969 34.248054, 108.91998 34.248168)",1,12.72,residential,6,,,,auto,
3231,,3236,1518,1516,1,"LINESTRING (108.91998 34.248168, 108.919969 34.248054)",1,12.72,residential,6,,,,auto,
3232,,3237,1517,1516,1,"LINESTRING (108.920143 34.248054, 108.919969 34.248054)",1,15.99,residential,6,,,,auto,
3233,,3237,1516,1517,1,"LINESTRING (108.919969 34.248054, 108.920143 34.248054)",1,15.99,residential,6,,,,auto,
3234,,3238,1517,1515,1,"LINESTRING (108.920143 34.248054, 108.920394 34.248052)",1,23.07,residential,6,,,,auto,
3235,,3238,1515,1517,1,"LINESTRING (108.920394 34.248052, 108.920143 34.248054)",1,23.07,residential,6,,,,auto,
3236,,3239,1517,1519,1,"LINESTRING (108.920143 34.248054, 108.920145 34.247965)",1,9.90,residential,6,,,,auto,
3237,,3239,1519,1517,1,"LINESTRING (108.920145 34.247965, 108.920143 34.248054)",1,9.90,residential,6,,,,auto,
3238,,3240,1519,1517,1,"LINESTRING (108.920145 34.247965, 108.920143 34.248054)",1,9.90,residential,6,,,,auto,
3239,,3240,1517,1519,1,"LINESTRING (108.920143 34.248054, 108.920145 34.247965)",1,9.90,residential,6,,,,auto,
3240,,3241,862,1502,1,"LINESTRING (108.919715 34.24902, 108.919469 34.249007)",1,22.66,residential,6,,,,auto,
3241,,3241,1502,862,1,"LINESTRING (108.919469 34.249007, 108.919715 34.24902)",1,22.66,residential,6,,,,auto,
3242,,3242,862,859,1,"LINESTRING (108.919715 34.24902, 108.920521 34.249064)",1,74.24,residential,6,,,,auto,
3243,,3242,859,862,1,"LINESTRING (108.920521 34.249064, 108.919715 34.24902)",1,74.24,residential,6,,,,auto,
3244,,3243,862,1520,1,"LINESTRING (108.919715 34.24902, 108.919726 34.248168)",1,94.74,residential,6,,,,auto,
3245,,3243,1520,862,1,"LINESTRING (108.919726 34.248168, 108.919715 34.24902)",1,94.74,residential,6,,,,auto,
3246,,3244,1520,1518,1,"LINESTRING (108.919726 34.248168, 108.91998 34.248168)",1,23.35,residential,6,,,,auto,
3247,,3244,1518,1520,1,"LINESTRING (108.91998 34.248168, 108.919726 34.248168)",1,23.35,residential,6,,,,auto,
3248,,3245,1520,862,1,"LINESTRING (108.919726 34.248168, 108.919715 34.24902)",1,94.74,residential,6,,,,auto,
3249,,3245,862,1520,1,"LINESTRING (108.919715 34.24902, 108.919726 34.248168)",1,94.74,residential,6,,,,auto,
3250,,3246,1518,1516,1,"LINESTRING (108.91998 34.248168, 108.919969 34.248054)",1,12.72,residential,6,,,,auto,
3251,,3246,1516,1518,1,"LINESTRING (108.919969 34.248054, 108.91998 34.248168)",1,12.72,residential,6,,,,auto,
3252,,3247,1518,1520,1,"LINESTRING (108.91998 34.248168, 108.919726 34.248168)",1,23.35,residential,6,,,,auto,
3253,,3247,1520,1518,1,"LINESTRING (108.919726 34.248168, 108.91998 34.248168)",1,23.35,residential,6,,,,auto,
3254,,3248,1521,1522,1,"LINESTRING (108.922722 34.248157, 108.922716 34.247913)",1,27.14,residential,6,,,,auto,
3255,,3248,1522,1521,1,"LINESTRING (108.922716 34.247913, 108.922722 34.248157)",1,27.14,residential,6,,,,auto,
3256,,3249,1521,1509,1,"LINESTRING (108.922722 34.248157, 108.922673 34.248158)",1,4.51,residential,6,,,,auto,
3257,,3249,1509,1521,1,"LINESTRING (108.922673 34.248158, 108.922722 34.248157)",1,4.51,residential,6,,,,auto,
3258,,3250,1522,1523,1,"LINESTRING (108.922716 34.247913, 108.922659 34.247725)",1,21.55,residential,6,,,,auto,
3259,,3250,1523,1522,1,"LINESTRING (108.922659 34.247725, 108.922716 34.247913)",1,21.55,residential,6,,,,auto,
3260,,3251,1522,1521,1,"LINESTRING (108.922716 34.247913, 108.922722 34.248157)",1,27.14,residential,6,,,,auto,
3261,,3251,1521,1522,1,"LINESTRING (108.922722 34.248157, 108.922716 34.247913)",1,27.14,residential,6,,,,auto,
3262,,3252,1523,1522,1,"LINESTRING (108.922659 34.247725, 108.922716 34.247913)",1,21.55,residential,6,,,,auto,
3263,,3252,1522,1523,1,"LINESTRING (108.922716 34.247913, 108.922659 34.247725)",1,21.55,residential,6,,,,auto,
3264,,3253,1509,1521,1,"LINESTRING (108.922673 34.248158, 108.922722 34.248157)",1,4.51,residential,6,,,,auto,
3265,,3253,1521,1509,1,"LINESTRING (108.922722 34.248157, 108.922673 34.248158)",1,4.51,residential,6,,,,auto,
3266,,3254,1509,1507,1,"LINESTRING (108.922673 34.248158, 108.920554 34.24818)",1,194.78,residential,6,,,,auto,
3267,,3254,1507,1509,1,"LINESTRING (108.920554 34.24818, 108.922673 34.248158)",1,194.78,residential,6,,,,auto,
3268,,3255,1509,857,1,"LINESTRING (108.922673 34.248158, 108.922684 34.248416)",1,28.71,residential,6,,,,auto,
3269,,3255,857,1509,1,"LINESTRING (108.922684 34.248416, 108.922673 34.248158)",1,28.71,residential,6,,,,auto,
3270,,3256,1524,1525,1,"LINESTRING (108.925009 34.249044, 108.924205 34.249042)",1,73.90,residential,6,,,,auto,
3271,,3256,1525,1524,1,"LINESTRING (108.924205 34.249042, 108.925009 34.249044)",1,73.90,residential,6,,,,auto,
3272,,3257,1525,1524,1,"LINESTRING (108.924205 34.249042, 108.925009 34.249044)",1,73.90,residential,6,,,,auto,
3273,,3257,1524,1525,1,"LINESTRING (108.925009 34.249044, 108.924205 34.249042)",1,73.90,residential,6,,,,auto,
3274,,3258,1525,858,1,"LINESTRING (108.924205 34.249042, 108.92356 34.24904)",1,59.28,residential,6,,,,auto,
3275,,3258,858,1525,1,"LINESTRING (108.92356 34.24904, 108.924205 34.249042)",1,59.28,residential,6,,,,auto,
3276,,3259,1525,1526,1,"LINESTRING (108.924205 34.249042, 108.924201 34.248746)",1,32.92,residential,6,,,,auto,
3277,,3259,1526,1525,1,"LINESTRING (108.924201 34.248746, 108.924205 34.249042)",1,32.92,residential,6,,,,auto,
3278,,3260,1525,1527,1,"LINESTRING (108.924205 34.249042, 108.92421 34.249395)",1,39.25,residential,6,,,,auto,
3279,,3260,1527,1525,1,"LINESTRING (108.92421 34.249395, 108.924205 34.249042)",1,39.25,residential,6,,,,auto,
3280,,3261,1528,1529,1,"LINESTRING (108.924197 34.248398, 108.923573 34.248405)",1,57.36,residential,6,,,,auto,
3281,,3261,1529,1528,1,"LINESTRING (108.923573 34.248405, 108.924197 34.248398)",1,57.36,residential,6,,,,auto,
3282,,3262,1528,1526,1,"LINESTRING (108.924197 34.248398, 108.924201 34.248746)",1,38.70,residential,6,,,,auto,
3283,,3262,1526,1528,1,"LINESTRING (108.924201 34.248746, 108.924197 34.248398)",1,38.70,residential,6,,,,auto,
3284,,3263,1528,1530,1,"LINESTRING (108.924197 34.248398, 108.924199 34.248087)",1,34.58,residential,6,,,,auto,
3285,,3263,1530,1528,1,"LINESTRING (108.924199 34.248087, 108.924197 34.248398)",1,34.58,residential,6,,,,auto,
3286,,3264,1528,1531,1,"LINESTRING (108.924197 34.248398, 108.925053 34.248403)",1,78.68,residential,6,,,,auto,
3287,,3264,1531,1528,1,"LINESTRING (108.925053 34.248403, 108.924197 34.248398)",1,78.68,residential,6,,,,auto,
3288,,3265,857,854,1,"LINESTRING (108.922684 34.248416, 108.922709 34.249037)",1,69.09,residential,6,,,,auto,
3289,,3265,854,857,1,"LINESTRING (108.922709 34.249037, 108.922684 34.248416)",1,69.09,residential,6,,,,auto,
3290,,3266,857,1509,1,"LINESTRING (108.922684 34.248416, 108.922673 34.248158)",1,28.71,residential,6,,,,auto,
3291,,3266,1509,857,1,"LINESTRING (108.922673 34.248158, 108.922684 34.248416)",1,28.71,residential,6,,,,auto,
3292,,3267,857,1529,1,"LINESTRING (108.922684 34.248416, 108.923573 34.248405)",1,81.72,residential,6,,,,auto,
3293,,3267,1529,857,1,"LINESTRING (108.923573 34.248405, 108.922684 34.248416)",1,81.72,residential,6,,,,auto,
3294,,3268,1526,1528,1,"LINESTRING (108.924201 34.248746, 108.924197 34.248398)",1,38.70,residential,6,,,,auto,
3295,,3268,1528,1526,1,"LINESTRING (108.924197 34.248398, 108.924201 34.248746)",1,38.70,residential,6,,,,auto,
3296,,3269,1526,1525,1,"LINESTRING (108.924201 34.248746, 108.924205 34.249042)",1,32.92,residential,6,,,,auto,
3297,,3269,1525,1526,1,"LINESTRING (108.924205 34.249042, 108.924201 34.248746)",1,32.92,residential,6,,,,auto,
3298,,3270,1526,1532,1,"LINESTRING (108.924201 34.248746, 108.924855 34.248744)",1,60.11,residential,6,,,,auto,
3299,,3270,1532,1526,1,"LINESTRING (108.924855 34.248744, 108.924201 34.248746)",1,60.11,residential,6,,,,auto,
3300,,3271,1526,1533,1,"LINESTRING (108.924201 34.248746, 108.923786 34.248748)",1,38.14,residential,6,,,,auto,
3301,,3271,1533,1526,1,"LINESTRING (108.923786 34.248748, 108.924201 34.248746)",1,38.14,residential,6,,,,auto,
3302,,3272,1533,1526,1,"LINESTRING (108.923786 34.248748, 108.924201 34.248746)",1,38.14,residential,6,,,,auto,
3303,,3272,1526,1533,1,"LINESTRING (108.924201 34.248746, 108.923786 34.248748)",1,38.14,residential,6,,,,auto,
3304,,3273,1532,1526,1,"LINESTRING (108.924855 34.248744, 108.924201 34.248746)",1,60.11,residential,6,,,,auto,
3305,,3273,1526,1532,1,"LINESTRING (108.924201 34.248746, 108.924855 34.248744)",1,60.11,residential,6,,,,auto,
3306,,3274,1534,896,1,"LINESTRING (108.924215 34.24968, 108.925061 34.249666)",1,77.77,residential,6,,,,auto,
3307,,3274,896,1534,1,"LINESTRING (108.925061 34.249666, 108.924215 34.24968)",1,77.77,residential,6,,,,auto,
3308,,3275,1534,894,1,"LINESTRING (108.924215 34.24968, 108.923574 34.24969)",1,58.93,residential,6,,,,auto,
3309,,3275,894,1534,1,"LINESTRING (108.923574 34.24969, 108.924215 34.24968)",1,58.93,residential,6,,,,auto,
3310,,3276,1534,1527,1,"LINESTRING (108.924215 34.24968, 108.92421 34.249395)",1,31.69,residential,6,,,,auto,
3311,,3276,1527,1534,1,"LINESTRING (108.92421 34.249395, 108.924215 34.24968)",1,31.69,residential,6,,,,auto,
3312,,3277,1534,1535,1,"LINESTRING (108.924215 34.24968, 108.924197 34.250095)",1,46.18,residential,6,,,,auto,
3313,,3277,1535,1534,1,"LINESTRING (108.924197 34.250095, 108.924215 34.24968)",1,46.18,residential,6,,,,auto,
3314,,3278,1535,1536,1,"LINESTRING (108.924197 34.250095, 108.923843 34.250108)",1,32.57,residential,6,,,,auto,
3315,,3278,1536,1535,1,"LINESTRING (108.923843 34.250108, 108.924197 34.250095)",1,32.57,residential,6,,,,auto,
3316,,3279,1535,1534,1,"LINESTRING (108.924197 34.250095, 108.924215 34.24968)",1,46.18,residential,6,,,,auto,
3317,,3279,1534,1535,1,"LINESTRING (108.924215 34.24968, 108.924197 34.250095)",1,46.18,residential,6,,,,auto,
3318,,3280,1535,1537,1,"LINESTRING (108.924197 34.250095, 108.924566 34.250124)",1,34.07,residential,6,,,,auto,
3319,,3280,1537,1535,1,"LINESTRING (108.924566 34.250124, 108.924197 34.250095)",1,34.07,residential,6,,,,auto,
3320,,3281,1536,1538,1,"LINESTRING (108.923843 34.250108, 108.923826 34.250413)",1,33.95,residential,6,,,,auto,
3321,,3281,1538,1536,1,"LINESTRING (108.923826 34.250413, 108.923843 34.250108)",1,33.95,residential,6,,,,auto,
3322,,3282,1536,1535,1,"LINESTRING (108.923843 34.250108, 108.924197 34.250095)",1,32.57,residential,6,,,,auto,
3323,,3282,1535,1536,1,"LINESTRING (108.924197 34.250095, 108.923843 34.250108)",1,32.57,residential,6,,,,auto,
3324,,3283,1538,1539,1,"LINESTRING (108.923826 34.250413, 108.923831 34.250697)",1,31.58,residential,6,,,,auto,
3325,,3283,1539,1538,1,"LINESTRING (108.923831 34.250697, 108.923826 34.250413)",1,31.58,residential,6,,,,auto,
3326,,3284,1538,1536,1,"LINESTRING (108.923826 34.250413, 108.923843 34.250108)",1,33.95,residential,6,,,,auto,
3327,,3284,1536,1538,1,"LINESTRING (108.923843 34.250108, 108.923826 34.250413)",1,33.95,residential,6,,,,auto,
3328,,3285,1538,1540,1,"LINESTRING (108.923826 34.250413, 108.924534 34.250408)",1,65.08,residential,6,,,,auto,
3329,,3285,1540,1538,1,"LINESTRING (108.924534 34.250408, 108.923826 34.250413)",1,65.08,residential,6,,,,auto,
3330,,3286,1539,1541,1,"LINESTRING (108.923831 34.250697, 108.924092 34.250861)",1,30.13,residential,6,,,,auto,
3331,,3286,1541,1539,1,"LINESTRING (108.924092 34.250861, 108.923831 34.250697)",1,30.13,residential,6,,,,auto,
3332,,3287,1539,1538,1,"LINESTRING (108.923831 34.250697, 108.923826 34.250413)",1,31.58,residential,6,,,,auto,
3333,,3287,1538,1539,1,"LINESTRING (108.923826 34.250413, 108.923831 34.250697)",1,31.58,residential,6,,,,auto,
3334,,3288,1541,1539,1,"LINESTRING (108.924092 34.250861, 108.923831 34.250697)",1,30.13,residential,6,,,,auto,
3335,,3288,1539,1541,1,"LINESTRING (108.923831 34.250697, 108.924092 34.250861)",1,30.13,residential,6,,,,auto,
3336,,3289,1540,1542,1,"LINESTRING (108.924534 34.250408, 108.924567 34.250323)",1,9.93,residential,6,,,,auto,
3337,,3289,1542,1540,1,"LINESTRING (108.924567 34.250323, 108.924534 34.250408)",1,9.93,residential,6,,,,auto,
3338,,3290,1540,1538,1,"LINESTRING (108.924534 34.250408, 108.923826 34.250413)",1,65.08,residential,6,,,,auto,
3339,,3290,1538,1540,1,"LINESTRING (108.923826 34.250413, 108.924534 34.250408)",1,65.08,residential,6,,,,auto,
3340,,3291,1542,1537,1,"LINESTRING (108.924567 34.250323, 108.924566 34.250124)",1,22.13,residential,6,,,,auto,
3341,,3291,1537,1542,1,"LINESTRING (108.924566 34.250124, 108.924567 34.250323)",1,22.13,residential,6,,,,auto,
3342,,3292,1542,1540,1,"LINESTRING (108.924567 34.250323, 108.924534 34.250408)",1,9.93,residential,6,,,,auto,
3343,,3292,1540,1542,1,"LINESTRING (108.924534 34.250408, 108.924567 34.250323)",1,9.93,residential,6,,,,auto,
3344,,3293,1537,1535,1,"LINESTRING (108.924566 34.250124, 108.924197 34.250095)",1,34.07,residential,6,,,,auto,
3345,,3293,1535,1537,1,"LINESTRING (108.924197 34.250095, 108.924566 34.250124)",1,34.07,residential,6,,,,auto,
3346,,3294,1537,1542,1,"LINESTRING (108.924566 34.250124, 108.924567 34.250323)",1,22.13,residential,6,,,,auto,
3347,,3294,1542,1537,1,"LINESTRING (108.924567 34.250323, 108.924566 34.250124)",1,22.13,residential,6,,,,auto,
3348,,3295,896,895,1,"LINESTRING (108.925061 34.249666, 108.92518 34.249664)",1,10.94,residential,6,,,,auto,
3349,,3295,895,896,1,"LINESTRING (108.92518 34.249664, 108.925061 34.249666)",1,10.94,residential,6,,,,auto,
3350,,3296,896,1534,1,"LINESTRING (108.925061 34.249666, 108.924215 34.24968)",1,77.77,residential,6,,,,auto,
3351,,3296,1534,896,1,"LINESTRING (108.924215 34.24968, 108.925061 34.249666)",1,77.77,residential,6,,,,auto,
3352,,3297,896,1543,1,"LINESTRING (108.925061 34.249666, 108.925068 34.251062)",1,155.23,residential,6,,,,auto,
3353,,3297,1543,896,1,"LINESTRING (108.925068 34.251062, 108.925061 34.249666)",1,155.23,residential,6,,,,auto,
3354,,3298,1544,1543,1,"LINESTRING (108.925072 34.25177, 108.925068 34.251062)",1,78.73,residential,6,,,,auto,
3355,,3298,1543,1544,1,"LINESTRING (108.925068 34.251062, 108.925072 34.25177)",1,78.73,residential,6,,,,auto,
3356,,3299,1543,1544,1,"LINESTRING (108.925068 34.251062, 108.925072 34.25177)",1,78.73,residential,6,,,,auto,
3357,,3299,1544,1543,1,"LINESTRING (108.925072 34.25177, 108.925068 34.251062)",1,78.73,residential,6,,,,auto,
3358,,3300,1543,896,1,"LINESTRING (108.925068 34.251062, 108.925061 34.249666)",1,155.23,residential,6,,,,auto,
3359,,3300,896,1543,1,"LINESTRING (108.925061 34.249666, 108.925068 34.251062)",1,155.23,residential,6,,,,auto,
3360,,3301,1543,1545,1,"LINESTRING (108.925068 34.251062, 108.924625 34.251056)",1,40.72,residential,6,,,,auto,
3361,,3301,1545,1543,1,"LINESTRING (108.924625 34.251056, 108.925068 34.251062)",1,40.72,residential,6,,,,auto,
3362,,3302,1545,1543,1,"LINESTRING (108.924625 34.251056, 108.925068 34.251062)",1,40.72,residential,6,,,,auto,
3363,,3302,1543,1545,1,"LINESTRING (108.925068 34.251062, 108.924625 34.251056)",1,40.72,residential,6,,,,auto,
3364,,3303,1546,1547,1,"LINESTRING (108.924201 34.247734, 108.924201 34.247825)",1,10.12,residential,6,,,,auto,
3365,,3303,1547,1546,1,"LINESTRING (108.924201 34.247825, 108.924201 34.247734)",1,10.12,residential,6,,,,auto,
3366,,3304,1530,1547,1,"LINESTRING (108.924199 34.248087, 108.924201 34.247825)",1,29.13,residential,6,,,,auto,
3367,,3304,1547,1530,1,"LINESTRING (108.924201 34.247825, 108.924199 34.248087)",1,29.13,residential,6,,,,auto,
3368,,3305,1530,1528,1,"LINESTRING (108.924199 34.248087, 108.924197 34.248398)",1,34.58,residential,6,,,,auto,
3369,,3305,1528,1530,1,"LINESTRING (108.924197 34.248398, 108.924199 34.248087)",1,34.58,residential,6,,,,auto,
3370,,3306,1530,1548,1,"LINESTRING (108.924199 34.248087, 108.92385 34.248092)",1,32.08,residential,6,,,,auto,
3371,,3306,1548,1530,1,"LINESTRING (108.92385 34.248092, 108.924199 34.248087)",1,32.08,residential,6,,,,auto,
3372,,3307,1549,1529,1,"LINESTRING (108.923577 34.248097, 108.923573 34.248405)",1,34.25,residential,6,,,,auto,
3373,,3307,1529,1549,1,"LINESTRING (108.923573 34.248405, 108.923577 34.248097)",1,34.25,residential,6,,,,auto,
3374,,3308,1549,1548,1,"LINESTRING (108.923577 34.248097, 108.92385 34.248092)",1,25.10,residential,6,,,,auto,
3375,,3308,1548,1549,1,"LINESTRING (108.92385 34.248092, 108.923577 34.248097)",1,25.10,residential,6,,,,auto,
3376,,3309,1529,857,1,"LINESTRING (108.923573 34.248405, 108.922684 34.248416)",1,81.72,residential,6,,,,auto,
3377,,3309,857,1529,1,"LINESTRING (108.922684 34.248416, 108.923573 34.248405)",1,81.72,residential,6,,,,auto,
3378,,3310,1529,1528,1,"LINESTRING (108.923573 34.248405, 108.924197 34.248398)",1,57.36,residential,6,,,,auto,
3379,,3310,1528,1529,1,"LINESTRING (108.924197 34.248398, 108.923573 34.248405)",1,57.36,residential,6,,,,auto,
3380,,3311,1529,1549,1,"LINESTRING (108.923573 34.248405, 108.923577 34.248097)",1,34.25,residential,6,,,,auto,
3381,,3311,1549,1529,1,"LINESTRING (108.923577 34.248097, 108.923573 34.248405)",1,34.25,residential,6,,,,auto,
3382,,3312,1548,1549,1,"LINESTRING (108.92385 34.248092, 108.923577 34.248097)",1,25.10,residential,6,,,,auto,
3383,,3312,1549,1548,1,"LINESTRING (108.923577 34.248097, 108.92385 34.248092)",1,25.10,residential,6,,,,auto,
3384,,3313,1548,1530,1,"LINESTRING (108.92385 34.248092, 108.924199 34.248087)",1,32.08,residential,6,,,,auto,
3385,,3313,1530,1548,1,"LINESTRING (108.924199 34.248087, 108.92385 34.248092)",1,32.08,residential,6,,,,auto,
3386,,3314,1548,1550,1,"LINESTRING (108.92385 34.248092, 108.923846 34.247851)",1,26.80,residential,6,,,,auto,
3387,,3314,1550,1548,1,"LINESTRING (108.923846 34.247851, 108.92385 34.248092)",1,26.80,residential,6,,,,auto,
3388,,3315,1550,1548,1,"LINESTRING (108.923846 34.247851, 108.92385 34.248092)",1,26.80,residential,6,,,,auto,
3389,,3315,1548,1550,1,"LINESTRING (108.92385 34.248092, 108.923846 34.247851)",1,26.80,residential,6,,,,auto,
3390,,3316,1531,1528,1,"LINESTRING (108.925053 34.248403, 108.924197 34.248398)",1,78.68,residential,6,,,,auto,
3391,,3316,1528,1531,1,"LINESTRING (108.924197 34.248398, 108.925053 34.248403)",1,78.68,residential,6,,,,auto,
3392,,3317,1547,1546,1,"LINESTRING (108.924201 34.247825, 108.924201 34.247734)",1,10.12,residential,6,,,,auto,
3393,,3317,1546,1547,1,"LINESTRING (108.924201 34.247734, 108.924201 34.247825)",1,10.12,residential,6,,,,auto,
3394,,3318,1547,1530,1,"LINESTRING (108.924201 34.247825, 108.924199 34.248087)",1,29.13,residential,6,,,,auto,
3395,,3318,1530,1547,1,"LINESTRING (108.924199 34.248087, 108.924201 34.247825)",1,29.13,residential,6,,,,auto,
3396,,3319,1547,1551,1,"LINESTRING (108.924201 34.247825, 108.925042 34.247812)",1,77.31,residential,6,,,,auto,
3397,,3319,1551,1547,1,"LINESTRING (108.925042 34.247812, 108.924201 34.247825)",1,77.31,residential,6,,,,auto,
3398,,3320,1551,1547,1,"LINESTRING (108.925042 34.247812, 108.924201 34.247825)",1,77.31,residential,6,,,,auto,
3399,,3320,1547,1551,1,"LINESTRING (108.924201 34.247825, 108.925042 34.247812)",1,77.31,residential,6,,,,auto,
3400,,3321,1527,1525,1,"LINESTRING (108.92421 34.249395, 108.924205 34.249042)",1,39.25,residential,6,,,,auto,
3401,,3321,1525,1527,1,"LINESTRING (108.924205 34.249042, 108.92421 34.249395)",1,39.25,residential,6,,,,auto,
3402,,3322,1527,1534,1,"LINESTRING (108.92421 34.249395, 108.924215 34.24968)",1,31.69,residential,6,,,,auto,
3403,,3322,1534,1527,1,"LINESTRING (108.924215 34.24968, 108.92421 34.249395)",1,31.69,residential,6,,,,auto,
3404,,3323,1527,1552,1,"LINESTRING (108.92421 34.249395, 108.923795 34.249399)",1,38.15,residential,6,,,,auto,
3405,,3323,1552,1527,1,"LINESTRING (108.923795 34.249399, 108.92421 34.249395)",1,38.15,residential,6,,,,auto,
3406,,3324,1527,1553,1,"LINESTRING (108.92421 34.249395, 108.924703 34.24939)",1,45.32,residential,6,,,,auto,
3407,,3324,1553,1527,1,"LINESTRING (108.924703 34.24939, 108.92421 34.249395)",1,45.32,residential,6,,,,auto,
3408,,3325,1553,1527,1,"LINESTRING (108.924703 34.24939, 108.92421 34.249395)",1,45.32,residential,6,,,,auto,
3409,,3325,1527,1553,1,"LINESTRING (108.92421 34.249395, 108.924703 34.24939)",1,45.32,residential,6,,,,auto,
3410,,3326,1552,1527,1,"LINESTRING (108.923795 34.249399, 108.92421 34.249395)",1,38.15,residential,6,,,,auto,
3411,,3326,1527,1552,1,"LINESTRING (108.92421 34.249395, 108.923795 34.249399)",1,38.15,residential,6,,,,auto,
3412,,3327,894,1534,1,"LINESTRING (108.923574 34.24969, 108.924215 34.24968)",1,58.93,residential,6,,,,auto,
3413,,3327,1534,894,1,"LINESTRING (108.924215 34.24968, 108.923574 34.24969)",1,58.93,residential,6,,,,auto,
3414,,3328,894,856,1,"LINESTRING (108.923574 34.24969, 108.922729 34.249704)",1,77.68,residential,6,,,,auto,
3415,,3328,856,894,1,"LINESTRING (108.922729 34.249704, 108.923574 34.24969)",1,77.68,residential,6,,,,auto,
3416,,3329,894,858,1,"LINESTRING (108.923574 34.24969, 108.92356 34.24904)",1,72.29,residential,6,,,,auto,
3417,,3329,858,894,1,"LINESTRING (108.92356 34.24904, 108.923574 34.24969)",1,72.29,residential,6,,,,auto,
3418,,3330,858,1525,1,"LINESTRING (108.92356 34.24904, 108.924205 34.249042)",1,59.28,residential,6,,,,auto,
3419,,3330,1525,858,1,"LINESTRING (108.924205 34.249042, 108.92356 34.24904)",1,59.28,residential,6,,,,auto,
3420,,3331,858,854,1,"LINESTRING (108.92356 34.24904, 108.922709 34.249037)",1,78.22,residential,6,,,,auto,
3421,,3331,854,858,1,"LINESTRING (108.922709 34.249037, 108.92356 34.24904)",1,78.22,residential,6,,,,auto,
3422,,3332,858,894,1,"LINESTRING (108.92356 34.24904, 108.923574 34.24969)",1,72.29,residential,6,,,,auto,
3423,,3332,894,858,1,"LINESTRING (108.923574 34.24969, 108.92356 34.24904)",1,72.29,residential,6,,,,auto,
3424,,3333,1515,1517,1,"LINESTRING (108.920394 34.248052, 108.920143 34.248054)",1,23.07,residential,6,,,,auto,
3425,,3333,1517,1515,1,"LINESTRING (108.920143 34.248054, 108.920394 34.248052)",1,23.07,residential,6,,,,auto,
3426,,3334,1515,1513,1,"LINESTRING (108.920394 34.248052, 108.920512 34.248052)",1,10.85,residential,6,,,,auto,
3427,,3334,1513,1515,1,"LINESTRING (108.920512 34.248052, 108.920394 34.248052)",1,10.85,residential,6,,,,auto,
3428,科技路,3335,1237,1554,1,"LINESTRING (108.900852 34.2322, 108.900904 34.232184)",1,5.10,primary,3,60,3,,auto,
3429,科技路,3336,1554,1157,1,"LINESTRING (108.900904 34.232184, 108.90122 34.232084)",1,31.11,primary,3,60,3,,auto,
3430,敦义路,3357,681,679,1,"LINESTRING (108.900228 34.230383, 108.900277 34.230361)",1,5.13,residential,6,,,,auto,
3431,敦义路,3357,679,681,1,"LINESTRING (108.900277 34.230361, 108.900228 34.230383)",1,5.13,residential,6,,,,auto,
3432,敦义路,3358,681,1348,1,"LINESTRING (108.900228 34.230383, 108.900071 34.230454)",1,16.45,residential,6,,,,auto,
3433,敦义路,3358,1348,681,1,"LINESTRING (108.900071 34.230454, 108.900228 34.230383)",1,16.45,residential,6,,,,auto,
3434,,3392,1555,1556,1,"LINESTRING (108.899655 34.228985, 108.89973 34.229099)",1,14.43,residential,6,,,,auto,
3435,,3392,1556,1555,1,"LINESTRING (108.89973 34.229099, 108.899655 34.228985)",1,14.43,residential,6,,,,auto,
3436,,3393,1555,1077,1,"LINESTRING (108.899655 34.228985, 108.899519 34.228778)",1,26.19,residential,6,,,,auto,
3437,,3393,1077,1555,1,"LINESTRING (108.899519 34.228778, 108.899655 34.228985)",1,26.19,residential,6,,,,auto,
3438,,3411,997,996,1,"LINESTRING (108.899854 34.229286, 108.900014 34.22953)",1,30.86,residential,6,,,,auto,
3439,,3411,996,997,1,"LINESTRING (108.900014 34.22953, 108.899854 34.229286)",1,30.86,residential,6,,,,auto,
3440,,3412,997,1556,1,"LINESTRING (108.899854 34.229286, 108.89973 34.229099)",1,23.71,residential,6,,,,auto,
3441,,3412,1556,997,1,"LINESTRING (108.89973 34.229099, 108.899854 34.229286)",1,23.71,residential,6,,,,auto,
3442,,3415,1556,997,1,"LINESTRING (108.89973 34.229099, 108.899854 34.229286)",1,23.71,residential,6,,,,auto,
3443,,3415,997,1556,1,"LINESTRING (108.899854 34.229286, 108.89973 34.229099)",1,23.71,residential,6,,,,auto,
3444,,3416,1556,1555,1,"LINESTRING (108.89973 34.229099, 108.899655 34.228985)",1,14.43,residential,6,,,,auto,
3445,,3416,1555,1556,1,"LINESTRING (108.899655 34.228985, 108.89973 34.229099)",1,14.43,residential,6,,,,auto,
3446,,3423,1077,1555,1,"LINESTRING (108.899519 34.228778, 108.899655 34.228985)",1,26.19,residential,6,,,,auto,
3447,,3423,1555,1077,1,"LINESTRING (108.899655 34.228985, 108.899519 34.228778)",1,26.19,residential,6,,,,auto,
3448,,3424,1077,995,1,"LINESTRING (108.899519 34.228778, 108.899451 34.228674)",1,13.15,residential,6,,,,auto,
3449,,3424,995,1077,1,"LINESTRING (108.899451 34.228674, 108.899519 34.228778)",1,13.15,residential,6,,,,auto,
3450,高新路,3431,1557,1558,1,"LINESTRING (108.898196 34.230286, 108.898444 34.230655)",1,46.94,secondary,4,50,4,,auto,
3451,高新路,3433,1238,1557,1,"LINESTRING (108.897966 34.22993, 108.898196 34.230286)",1,44.88,secondary,4,50,4,,auto,
3452,科技路,3435,1158,1559,1,"LINESTRING (108.90162 34.231906, 108.902253 34.231624)",1,66.10,primary,3,60,3,,auto,
3453,科技路,3441,1559,1163,1,"LINESTRING (108.902253 34.231624, 108.902934 34.23132)",1,71.15,primary,3,60,3,,auto,
3454,博文路,3452,690,689,1,"LINESTRING (108.902781 34.230851, 108.902632 34.230629)",1,28.23,tertiary,5,,1,,auto,
3455,博文路,3452,689,690,1,"LINESTRING (108.902632 34.230629, 108.902781 34.230851)",1,28.23,tertiary,5,,1,,auto,
3456,博文路,3453,690,1165,1,"LINESTRING (108.902781 34.230851, 108.902958 34.231115)",1,33.56,tertiary,5,,1,,auto,
3457,博文路,3453,1165,690,1,"LINESTRING (108.902958 34.231115, 108.902781 34.230851)",1,33.56,tertiary,5,,1,,auto,
3458,敦义路,3455,692,691,1,"LINESTRING (108.90102 34.230692, 108.901343 34.231198)",1,63.62,residential,6,,,,auto,
3459,敦义路,3455,691,692,1,"LINESTRING (108.901343 34.231198, 108.90102 34.230692)",1,63.62,residential,6,,,,auto,
3460,敦义路,3456,692,682,1,"LINESTRING (108.90102 34.230692, 108.900828 34.230391)",1,37.84,residential,6,,,,auto,
3461,敦义路,3456,682,692,1,"LINESTRING (108.900828 34.230391, 108.90102 34.230692)",1,37.84,residential,6,,,,auto,
3462,博文路,3481,677,675,1,"LINESTRING (108.902263 34.230076, 108.901882 34.229505)",1,72.51,tertiary,5,,1,,auto,
3463,博文路,3481,675,677,1,"LINESTRING (108.901882 34.229505, 108.902263 34.230076)",1,72.51,tertiary,5,,1,,auto,
3464,博文路,3482,677,689,1,"LINESTRING (108.902263 34.230076, 108.902632 34.230629)",1,70.23,tertiary,5,,1,,auto,
3465,博文路,3482,689,677,1,"LINESTRING (108.902632 34.230629, 108.902263 34.230076)",1,70.23,tertiary,5,,1,,auto,
3466,敦义路,3484,682,692,1,"LINESTRING (108.900828 34.230391, 108.90102 34.230692)",1,37.84,residential,6,,,,auto,
3467,敦义路,3484,692,682,1,"LINESTRING (108.90102 34.230692, 108.900828 34.230391)",1,37.84,residential,6,,,,auto,
3468,敦义路,3485,682,680,1,"LINESTRING (108.900828 34.230391, 108.900688 34.230172)",1,27.54,residential,6,,,,auto,
3469,敦义路,3485,680,682,1,"LINESTRING (108.900688 34.230172, 108.900828 34.230391)",1,27.54,residential,6,,,,auto,
3470,博文路,3525,676,1079,1,"LINESTRING (108.901456 34.228846, 108.901002 34.228144)",1,88.52,tertiary,5,,1,,auto,
3471,博文路,3525,1079,676,1,"LINESTRING (108.901002 34.228144, 108.901456 34.228846)",1,88.52,tertiary,5,,1,,auto,
3472,博文路,3526,676,675,1,"LINESTRING (108.901456 34.228846, 108.901882 34.229505)",1,83.09,tertiary,5,,1,,auto,
3473,博文路,3526,675,676,1,"LINESTRING (108.901882 34.229505, 108.901456 34.228846)",1,83.09,tertiary,5,,1,,auto,
3474,敦义路,3533,1348,681,1,"LINESTRING (108.900071 34.230454, 108.900228 34.230383)",1,16.45,residential,6,,,,auto,
3475,敦义路,3533,681,1348,1,"LINESTRING (108.900228 34.230383, 108.900071 34.230454)",1,16.45,residential,6,,,,auto,
3476,敦义路,3534,1348,1347,1,"LINESTRING (108.900071 34.230454, 108.898847 34.231005)",1,128.13,residential,6,,,,auto,
3477,敦义路,3534,1347,1348,1,"LINESTRING (108.898847 34.231005, 108.900071 34.230454)",1,128.13,residential,6,,,,auto,
3478,科创路,3583,1182,1560,1,"LINESTRING (108.900303 34.228302, 108.900235 34.228331)",1,7.03,tertiary,5,,2,,auto,
3479,科创路,3597,1561,1183,1,"LINESTRING (108.90046 34.228158, 108.900789 34.228011)",1,34.38,tertiary,5,,,,auto,
3480,博文路,3604,1184,1562,1,"LINESTRING (108.900696 34.22766, 108.900614 34.227534)",1,15.91,tertiary,5,,1,,auto,
3481,博文路,3604,1562,1184,1,"LINESTRING (108.900614 34.227534, 108.900696 34.22766)",1,15.91,tertiary,5,,1,,auto,
3482,博文路,3605,1184,566,1,"LINESTRING (108.900696 34.22766, 108.900833 34.22787)",1,26.53,tertiary,5,,1,,auto,
3483,博文路,3605,566,1184,1,"LINESTRING (108.900833 34.22787, 108.900696 34.22766)",1,26.53,tertiary,5,,1,,auto,
3484,博文路,3619,1562,1184,1,"LINESTRING (108.900614 34.227534, 108.900696 34.22766)",1,15.91,tertiary,5,,1,,auto,
3485,博文路,3619,1184,1562,1,"LINESTRING (108.900696 34.22766, 108.900614 34.227534)",1,15.91,tertiary,5,,1,,auto,
3486,大通巷,3637,1243,1563,1,"LINESTRING (108.898275 34.228696, 108.898131 34.22847)",1,28.40,tertiary,5,,1,,auto,
3487,大通巷,3639,1563,1564,1,"LINESTRING (108.898131 34.22847, 108.897927 34.228152)",1,40.03,tertiary,5,,1,,auto,
3488,高新路,3644,1565,1719,1,"LINESTRING (108.897197 34.228742, 108.897625 34.229417)",1,84.75,secondary,4,50,4,,auto,
3489,高新路,3655,837,1565,1,"LINESTRING (108.896884 34.228248, 108.897197 34.228742)",1,62.01,secondary,4,50,4,,auto,
3490,大通巷,3660,1564,1566,1,"LINESTRING (108.897927 34.228152, 108.897915 34.228133)",1,2.38,tertiary,5,,1,,auto,
3491,大通巷,3661,1566,1567,1,"LINESTRING (108.897915 34.228133, 108.897895 34.228102)",1,3.91,tertiary,5,,1,,auto,
3492,大通巷,3664,1567,1081,1,"LINESTRING (108.897895 34.228102, 108.897788 34.227934)",1,21.11,tertiary,5,,1,,auto,
3493,科创路,3681,994,1561,1,"LINESTRING (108.900264 34.228246, 108.90046 34.228158)",1,20.50,tertiary,5,,,,auto,
3494,友谊西路,3697,1474,1568,1,"LINESTRING (108.919122 34.242694, 108.91986 34.242697)",1,67.84,secondary,4,,2,,auto,
3495,友谊西路,3698,1568,1569,1,"LINESTRING (108.91986 34.242697, 108.920098 34.24271)",1,21.92,secondary,4,,2,,auto,
3496,友谊西路,3699,1569,249,1,"LINESTRING (108.920098 34.24271, 108.921733 34.242707)",1,150.29,secondary,4,,2,,auto,
3497,友谊西路,3700,1570,1731,1,"LINESTRING (108.917876 34.242724, 108.918766 34.242723)",1,81.81,secondary,4,,2,,auto,
3498,友谊西路,3701,532,1570,1,"LINESTRING (108.917622 34.242709, 108.917876 34.242724)",1,23.41,secondary,4,,2,,auto,
3499,友谊西路,3702,709,1571,1,"LINESTRING (108.917857 34.242791, 108.917604 34.242767)",1,23.41,secondary,4,,3,,auto,
3500,友谊西路,3703,1571,721,1,"LINESTRING (108.917604 34.242767, 108.915592 34.242763)",1,184.94,secondary,4,,3,,auto,
3501,友谊西路,3704,718,1572,1,"LINESTRING (108.920073 34.242767, 108.919849 34.242747)",1,20.71,secondary,4,,3,,auto,
3502,友谊西路,3705,1572,1731,1,"LINESTRING (108.919849 34.242747, 108.918976 34.242752)",1,80.25,secondary,4,,3,,auto,
3503,边东街,3706,923,710,1,"LINESTRING (108.924677 34.242871, 108.924676 34.242774)",1,10.79,tertiary,5,,2,,auto,
3504,,3707,923,1573,1,"LINESTRING (108.924677 34.242871, 108.921737 34.242866)",1,270.25,tertiary,5,,,,auto,
3505,,3708,1574,713,1,"LINESTRING (108.918967 34.24286, 108.918873 34.242858)",1,8.64,tertiary,5,,,,auto,
3506,,3709,1480,1575,1,"LINESTRING (108.918467 34.242848, 108.916864 34.242845)",1,147.35,tertiary,5,,,,auto,
3507,三航路,3710,553,549,1,"LINESTRING (108.912251 34.242836, 108.912247 34.242996)",1,17.79,unclassified,20,,,,auto,
3508,三航路,3710,549,553,1,"LINESTRING (108.912247 34.242996, 108.912251 34.242836)",1,17.79,unclassified,20,,,,auto,
3509,三航路,3711,553,723,1,"LINESTRING (108.912251 34.242836, 108.912252 34.242759)",1,8.56,unclassified,20,,,,auto,
3510,三航路,3711,723,553,1,"LINESTRING (108.912252 34.242759, 108.912251 34.242836)",1,8.56,unclassified,20,,,,auto,
3511,,3712,553,1576,1,"LINESTRING (108.912251 34.242836, 108.907878 34.242832)",1,401.97,tertiary,5,,,,auto,
3512,,3713,1577,744,1,"LINESTRING (108.907152 34.24283, 108.906978 34.242817)",1,16.06,tertiary,5,,,,auto,
3513,,3714,724,1578,1,"LINESTRING (108.906902 34.242606, 108.90709 34.242635)",1,17.58,tertiary,5,,,,auto,
3514,,3715,1578,1579,1,"LINESTRING (108.90709 34.242635, 108.907253 34.242629)",1,15.00,tertiary,5,,,,auto,
3515,,3716,1579,1423,1,"LINESTRING (108.907253 34.242629, 108.907623 34.242629)",1,34.01,tertiary,5,,,,auto,
3516,,3717,1580,1581,1,"LINESTRING (108.917458 34.242624, 108.917688 34.242615)",1,21.17,tertiary,5,,,,auto,
3517,,3718,1581,413,1,"LINESTRING (108.917688 34.242615, 108.91872 34.242608)",1,94.87,tertiary,5,,,,auto,
3518,,3719,1582,1583,1,"LINESTRING (108.922616 34.242587, 108.922779 34.242608)",1,15.16,tertiary,5,,,,auto,
3519,,3720,1583,239,1,"LINESTRING (108.922779 34.242608, 108.923636 34.242608)",1,78.78,tertiary,5,,,,auto,
3520,边西街,3721,1573,699,1,"LINESTRING (108.921737 34.242866, 108.921745 34.245128)",1,251.52,tertiary,5,,,,auto,
3521,,3722,1573,1584,1,"LINESTRING (108.921737 34.242866, 108.920787 34.242864)",1,87.32,tertiary,5,,,,auto,
3522,,3723,251,1585,1,"LINESTRING (108.924676 34.242608, 108.925951 34.242608)",1,117.20,tertiary,5,,,,auto,
3523,,3725,1585,1586,1,"LINESTRING (108.925951 34.242608, 108.926222 34.242608)",1,24.91,tertiary,5,,,,auto,
3524,西工大路,3726,722,721,1,"LINESTRING (108.915592 34.242842, 108.915592 34.242763)",1,8.78,tertiary,5,,,,auto,
3525,西工大路,3726,721,722,1,"LINESTRING (108.915592 34.242763, 108.915592 34.242842)",1,8.78,tertiary,5,,,,auto,
3526,西工大路,3727,722,756,1,"LINESTRING (108.915592 34.242842, 108.915592 34.242962)",1,13.34,tertiary,5,,,,auto,
3527,西工大路,3727,756,722,1,"LINESTRING (108.915592 34.242962, 108.915592 34.242842)",1,13.34,tertiary,5,,,,auto,
3528,,3728,722,1587,1,"LINESTRING (108.915592 34.242842, 108.912778 34.242836)",1,258.66,tertiary,5,,,,auto,
3529,太白北路,3729,713,1588,1,"LINESTRING (108.918873 34.242858, 108.918862 34.244108)",1,139.00,primary,3,,3,,auto,
3530,,3730,713,1334,1,"LINESTRING (108.918873 34.242858, 108.918765 34.242855)",1,9.93,tertiary,5,,,,auto,
3531,,3731,713,1470,1,"LINESTRING (108.918873 34.242858, 108.918978 34.242956)",1,14.56,unclassified,20,,,,auto,
3532,,3732,1423,715,1,"LINESTRING (108.907623 34.242629, 108.907617 34.241562)",1,118.65,residential,6,,,,auto,
3533,,3732,715,1423,1,"LINESTRING (108.907617 34.241562, 108.907623 34.242629)",1,118.65,residential,6,,,,auto,
3534,,3733,1423,1589,1,"LINESTRING (108.907623 34.242629, 108.908086 34.242628)",1,42.56,tertiary,5,,,,auto,
3535,,3734,1426,1425,1,"LINESTRING (108.909205 34.242628, 108.909216 34.24207)",1,62.06,residential,6,,,,auto,
3536,,3734,1425,1426,1,"LINESTRING (108.909216 34.24207, 108.909205 34.242628)",1,62.06,residential,6,,,,auto,
3537,,3735,1426,1590,1,"LINESTRING (108.909205 34.242628, 108.912056 34.242627)",1,262.07,tertiary,5,,,,auto,
3538,,3737,1590,533,1,"LINESTRING (108.912056 34.242627, 108.912233 34.242627)",1,16.27,tertiary,5,,,,auto,
3539,白庙路,3738,533,759,1,"LINESTRING (108.912233 34.242627, 108.912235 34.242532)",1,10.57,tertiary,5,,,,auto,
3540,白庙路,3738,759,533,1,"LINESTRING (108.912235 34.242532, 108.912233 34.242627)",1,10.57,tertiary,5,,,,auto,
3541,白庙路,3739,533,101,1,"LINESTRING (108.912233 34.242627, 108.912232 34.242696)",1,7.67,tertiary,5,,,,auto,
3542,白庙路,3739,101,533,1,"LINESTRING (108.912232 34.242696, 108.912233 34.242627)",1,7.67,tertiary,5,,,,auto,
3543,,3740,533,1591,1,"LINESTRING (108.912233 34.242627, 108.91342 34.242626)",1,109.11,tertiary,5,,,,auto,
3544,延康巷,3741,1592,654,1,"LINESTRING (108.913835 34.242626, 108.913865 34.23891)",1,413.21,tertiary,5,,,,auto,
3545,,3742,1592,822,1,"LINESTRING (108.913835 34.242626, 108.916219 34.242625)",1,219.14,tertiary,5,,,,auto,
3546,,3743,822,820,1,"LINESTRING (108.916219 34.242625, 108.916227 34.241884)",1,82.40,residential,6,,,,auto,
3547,,3743,820,822,1,"LINESTRING (108.916227 34.241884, 108.916219 34.242625)",1,82.40,residential,6,,,,auto,
3548,,3744,822,1580,1,"LINESTRING (108.916219 34.242625, 108.917458 34.242624)",1,113.89,tertiary,5,,,,auto,
3549,太白北路,3745,413,1324,1,"LINESTRING (108.91872 34.242608, 108.918717 34.242472)",1,15.13,primary,3,,3,,auto,
3550,,3746,413,1327,1,"LINESTRING (108.91872 34.242608, 108.918876 34.242608)",1,14.34,tertiary,5,,,,auto,
3551,太白北路,3747,1327,1731,1,"LINESTRING (108.918876 34.242608, 108.918876 34.242698)",1,10.01,primary,3,,3,,auto,
3552,,3748,1327,1593,1,"LINESTRING (108.918876 34.242608, 108.918981 34.242608)",1,9.65,tertiary,5,,,,auto,
3553,,3749,1593,1594,1,"LINESTRING (108.918981 34.242608, 108.919954 34.242602)",1,89.44,tertiary,5,,,,auto,
3554,水文巷,3750,239,243,1,"LINESTRING (108.923636 34.242608, 108.923614 34.24)",1,290.00,tertiary,5,,,,auto,
3555,水文巷,3750,243,239,1,"LINESTRING (108.923614 34.24, 108.923636 34.242608)",1,290.00,tertiary,5,,,,auto,
3556,水文巷,3751,239,237,1,"LINESTRING (108.923636 34.242608, 108.923637 34.242707)",1,11.01,tertiary,5,,,,auto,
3557,水文巷,3751,237,239,1,"LINESTRING (108.923637 34.242707, 108.923636 34.242608)",1,11.01,tertiary,5,,,,auto,
3558,,3752,239,251,1,"LINESTRING (108.923636 34.242608, 108.924676 34.242608)",1,95.60,tertiary,5,,,,auto,
3559,,3753,1471,879,1,"LINESTRING (108.918921 34.248899, 108.918916 34.249778)",1,97.74,unclassified,20,,,,auto,
3560,,3754,1478,1727,1,"LINESTRING (108.918623 34.249054, 108.918628 34.247613)",1,160.23,unclassified,20,,,,auto,
3561,太白北路,3755,1588,1335,1,"LINESTRING (108.918862 34.244108, 108.918853 34.245056)",1,105.42,primary,3,,3,,auto,
3562,,3756,1595,1574,1,"LINESTRING (108.919622 34.242862, 108.918967 34.24286)",1,60.21,tertiary,5,,,,auto,
3563,,3757,1594,1582,1,"LINESTRING (108.919954 34.242602, 108.922616 34.242587)",1,244.70,tertiary,5,,,,auto,
3564,,3758,1575,722,1,"LINESTRING (108.916864 34.242845, 108.915592 34.242842)",1,116.92,tertiary,5,,,,auto,
3565,太白北路,3759,1325,1596,1,"LINESTRING (108.918715 34.241679, 108.918721 34.241426)",1,28.14,primary,3,,3,,auto,
3566,,3760,1473,1597,1,"LINESTRING (108.919009 34.240833, 108.919028 34.24109)",1,28.63,unclassified,20,,,,auto,
3567,,3761,1597,1598,1,"LINESTRING (108.919028 34.24109, 108.919052 34.241286)",1,21.91,unclassified,20,,,,auto,
3568,,3762,1598,1599,1,"LINESTRING (108.919052 34.241286, 108.919033 34.242478)",1,132.56,unclassified,20,,,,auto,
3569,,3763,1599,1327,1,"LINESTRING (108.919033 34.242478, 108.918876 34.242608)",1,20.43,unclassified,20,,,,auto,
3570,太白北路,3764,1600,1318,1,"LINESTRING (108.918763 34.241226, 108.91878 34.240063)",1,129.33,primary,3,,3,,auto,
3571,太白北路,3765,1319,1601,1,"LINESTRING (108.918913 34.241232, 108.918898 34.241398)",1,18.51,primary,3,,3,,auto,
3572,太白北路,3766,1602,1326,1,"LINESTRING (108.918891 34.24147, 108.918881 34.242467)",1,110.87,primary,3,,3,,auto,
3573,太白北路,3767,1596,1600,1,"LINESTRING (108.918721 34.241426, 108.918763 34.241226)",1,22.57,primary,3,,3,,auto,
3574,太白北路,3768,1601,1602,1,"LINESTRING (108.918898 34.241398, 108.918891 34.24147)",1,8.03,primary,3,,3,,auto,
3575,二环南路西段辅路,3769,1285,1603,1,"LINESTRING (108.92384 34.232795, 108.923785 34.23282)",1,5.77,unclassified,20,,,,auto,
3576,二环南路西段辅路,3770,1603,1604,1,"LINESTRING (108.923785 34.23282, 108.923715 34.232851)",1,7.30,unclassified,20,,,,auto,
3577,二环南路西段辅路,3771,1604,730,1,"LINESTRING (108.923715 34.232851, 108.923091 34.233131)",1,65.27,unclassified,20,,,,auto,
3578,,3772,405,411,1,"LINESTRING (108.924007 34.232196, 108.925059 34.231733)",1,109.56,secondary,4,,,,auto,
3579,太白北路,3773,227,672,1,"LINESTRING (108.918884 34.237425, 108.918887 34.237716)",1,32.36,primary,3,,3,,auto,
3580,太白北路,3774,674,440,1,"LINESTRING (108.918786 34.237188, 108.918783 34.236942)",1,27.36,primary,3,,3,,auto,
3581,二环南路西段辅路,3775,1266,1323,1,"LINESTRING (108.913533 34.237419, 108.912958 34.237676)",1,60.09,unclassified,20,,1,,auto,
3582,二环南路西段辅路,3776,1261,1262,1,"LINESTRING (108.913591 34.236792, 108.913857 34.236672)",1,27.86,unclassified,20,,,,auto,
3583,二环南路西段辅路,3777,1257,1258,1,"LINESTRING (108.910757 34.238053, 108.910907 34.237974)",1,16.35,unclassified,20,,,,auto,
3584,二环南路西段辅路,3778,1268,1427,1,"LINESTRING (108.910302 34.238861, 108.910027 34.238984)",1,28.74,unclassified,20,,1,,auto,
3585,,3779,1587,553,1,"LINESTRING (108.912778 34.242836, 108.912251 34.242836)",1,48.44,tertiary,5,,,,auto,
3586,,3780,1591,1592,1,"LINESTRING (108.91342 34.242626, 108.913835 34.242626)",1,38.15,tertiary,5,,,,auto,
3587,,3781,1576,1577,1,"LINESTRING (108.907878 34.242832, 108.907152 34.24283)",1,66.73,tertiary,5,,,,auto,
3588,,3782,1589,1426,1,"LINESTRING (108.908086 34.242628, 108.909205 34.242628)",1,102.86,tertiary,5,,,,auto,
3589,,3783,1248,1068,1,"LINESTRING (108.906087 34.242111, 108.906304 34.242272)",1,26.80,secondary,4,,2,,auto,
3590,劳动南路,3784,1412,1383,1,"LINESTRING (108.90541 34.24324, 108.905407 34.243103)",1,15.24,secondary,4,,3,,auto,
3591,劳动南路辅路,3785,1464,1459,1,"LINESTRING (108.905654 34.24407, 108.905652 34.244191)",1,13.46,unclassified,20,,,,auto,
3592,二环南路西段辅路,3786,1272,1397,1,"LINESTRING (108.904354 34.241558, 108.903851 34.24178)",1,52.41,unclassified,20,,1,,auto,
3593,二环南路西段,3787,137,493,1,"LINESTRING (108.903558 34.241301, 108.903974 34.241115)",1,43.47,secondary,4,50,3,,auto,
3594,高新路,3788,1255,811,1,"LINESTRING (108.90421 34.239869, 108.903828 34.239282)",1,74.12,secondary,4,50,4,,auto,
3595,二环南路西段,3789,1254,505,1,"LINESTRING (108.906348 34.240094, 108.907239 34.239705)",1,92.62,secondary,4,,4,,auto,
3596,劳动南路辅路,3790,1283,1455,1,"LINESTRING (108.905348 34.245971, 108.905348 34.245819)",1,16.90,unclassified,20,,,,auto,
3597,劳动南路辅路,3791,1463,1011,1,"LINESTRING (108.905616 34.247096, 108.905595 34.248724)",1,181.04,unclassified,20,,,,auto,
3598,劳动南路辅路,3792,1452,1465,1,"LINESTRING (108.905312 34.248839, 108.905326 34.248499)",1,37.83,unclassified,20,,,,auto,
3599,劳动南路辅路,3793,1461,1024,1,"LINESTRING (108.90559 34.249371, 108.905588 34.249716)",1,38.36,unclassified,20,,,,auto,
3600,丰庆路,3794,1031,970,1,"LINESTRING (108.904554 34.252459, 108.902728 34.252452)",1,167.83,primary,3,,4,,auto,
3601,丰庆路,3795,1605,51,1,"LINESTRING (108.904446 34.252349, 108.905025 34.252349)",1,53.22,primary,3,,4,,auto,
3602,丰庆路,3796,1018,53,1,"LINESTRING (108.906975 34.252348, 108.909263 34.252343)",1,210.29,primary,3,,4,,auto,
3603,丰庆路,3797,1026,1358,1,"LINESTRING (108.907177 34.252458, 108.905783 34.252459)",1,128.12,primary,3,,4,,auto,
3604,劳动路辅路,3798,1606,1448,1,"LINESTRING (108.905242 34.254105, 108.905248 34.252937)",1,129.88,tertiary,5,,,,auto,
3605,丰庆路,3799,54,228,1,"LINESTRING (108.910326 34.252348, 108.911735 34.252343)",1,129.50,primary,3,,4,,auto,
3606,丰庆路,3800,1019,1025,1,"LINESTRING (108.909962 34.252457, 108.909274 34.252457)",1,63.23,primary,3,,4,,auto,
3607,丰庆路,3801,1012,897,1,"LINESTRING (108.915171 34.252451, 108.913536 34.252457)",1,150.27,primary,3,,4,,auto,
3608,,3802,234,231,1,"LINESTRING (108.913475 34.253499, 108.913413 34.253397)",1,12.69,unclassified,20,,,,auto,
3609,,3802,231,234,1,"LINESTRING (108.913413 34.253397, 108.913475 34.253499)",1,12.69,unclassified,20,,,,auto,
3610,丰庆路,3803,697,901,1,"LINESTRING (108.914996 34.252348, 108.915645 34.252351)",1,59.65,primary,3,,4,,auto,
3611,人民南巷,3804,236,231,1,"LINESTRING (108.913467 34.253585, 108.913413 34.253397)",1,21.49,unclassified,20,,,,auto,
3612,人民南巷,3804,231,236,1,"LINESTRING (108.913413 34.253397, 108.913467 34.253585)",1,21.49,unclassified,20,,,,auto,
3613,人民南巷,3805,236,1444,1,"LINESTRING (108.913467 34.253585, 108.913462 34.254334)",1,83.29,unclassified,20,,,,auto,
3614,人民南巷,3805,1444,236,1,"LINESTRING (108.913462 34.254334, 108.913467 34.253585)",1,83.29,unclassified,20,,,,auto,
3615,二环南路西段辅路,3806,905,985,1,"LINESTRING (108.900431 34.243316, 108.900059 34.243486)",1,39.07,unclassified,20,,1,,auto,
3616,二环南路西段,3807,2,490,1,"LINESTRING (108.900821 34.242502, 108.901387 34.242262)",1,58.47,secondary,4,50,3,,auto,
3617,,3808,1607,1608,1,"LINESTRING (108.89658 34.247273, 108.896578 34.24739)",1,13.01,unclassified,20,,,,auto,
3618,桃园南路,3809,86,42,1,"LINESTRING (108.896481 34.24717, 108.896491 34.248144)",1,108.31,secondary,4,,3,,auto,
3619,二环南路西段辅路,3810,1340,67,1,"LINESTRING (108.895976 34.24532, 108.89591 34.24535)",1,6.92,unclassified,20,,1,,auto,
3620,,3811,1340,1609,1,"LINESTRING (108.895976 34.24532, 108.896027 34.245396)",1,9.66,unclassified,20,,,,auto,
3621,,3812,1609,1610,1,"LINESTRING (108.896027 34.245396, 108.896115 34.245525)",1,16.47,unclassified,20,,,,auto,
3622,,3813,1610,1611,1,"LINESTRING (108.896115 34.245525, 108.896209 34.245681)",1,19.38,unclassified,20,,,,auto,
3623,,3814,1611,1612,1,"LINESTRING (108.896209 34.245681, 108.896295 34.245851)",1,20.49,unclassified,20,,,,auto,
3624,,3815,1612,1613,1,"LINESTRING (108.896295 34.245851, 108.89635 34.245995)",1,16.79,unclassified,20,,,,auto,
3625,,3816,1613,1614,1,"LINESTRING (108.89635 34.245995, 108.896413 34.246181)",1,21.48,unclassified,20,,,,auto,
3626,,3817,1614,1615,1,"LINESTRING (108.896413 34.246181, 108.896424 34.246224)",1,4.89,unclassified,20,,,,auto,
3627,,3818,1616,1617,1,"LINESTRING (108.896461 34.246377, 108.896502 34.246577)",1,22.56,unclassified,20,,,,auto,
3628,,3819,1617,1618,1,"LINESTRING (108.896502 34.246577, 108.896539 34.246789)",1,23.82,unclassified,20,,,,auto,
3629,,3820,1618,1619,1,"LINESTRING (108.896539 34.246789, 108.896561 34.246971)",1,20.34,unclassified,20,,,,auto,
3630,,3821,1619,1620,1,"LINESTRING (108.896561 34.246971, 108.896582 34.247188)",1,24.21,unclassified,20,,,,auto,
3631,,3822,1620,1607,1,"LINESTRING (108.896582 34.247188, 108.89658 34.247273)",1,9.45,unclassified,20,,,,auto,
3632,,3823,1608,1621,1,"LINESTRING (108.896578 34.24739, 108.896581 34.249588)",1,244.41,unclassified,20,,,,auto,
3633,,3825,1621,40,1,"LINESTRING (108.896581 34.249588, 108.89649 34.249731)",1,17.97,unclassified,20,,,,auto,
3634,丰庆路,3846,1364,1232,1,"LINESTRING (108.896606 34.252333, 108.896717 34.252331)",1,10.20,primary,3,,4,,auto,
3635,西市北路,3848,41,49,1,"LINESTRING (108.896583 34.24973, 108.899384 34.24972)",1,257.45,tertiary,5,,,,auto,
3636,西市北路,3848,49,41,1,"LINESTRING (108.899384 34.24972, 108.896583 34.24973)",1,257.45,tertiary,5,,,,auto,
3637,西市北路,3849,41,40,1,"LINESTRING (108.896583 34.24973, 108.89649 34.249731)",1,8.55,tertiary,5,,,,auto,
3638,西市北路,3849,40,41,1,"LINESTRING (108.89649 34.249731, 108.896583 34.24973)",1,8.55,tertiary,5,,,,auto,
3639,二环南路西段,3856,71,1744,1,"LINESTRING (108.895901 34.245206, 108.895841 34.245233)",1,6.28,secondary,4,50,2,,auto,
3640,,3857,71,1340,1,"LINESTRING (108.895901 34.245206, 108.895976 34.24532)",1,14.43,unclassified,20,,,,auto,
3641,西市南路,3858,85,46,1,"LINESTRING (108.896446 34.246316, 108.896359 34.246316)",1,8.00,tertiary,5,,1,,auto,
3642,西市南路,3858,46,85,1,"LINESTRING (108.896359 34.246316, 108.896446 34.246316)",1,8.00,tertiary,5,,1,,auto,
3643,西市南路,3859,85,1218,1,"LINESTRING (108.896446 34.246316, 108.896504 34.246315)",1,5.33,tertiary,5,,1,,auto,
3644,西市南路,3859,1218,85,1,"LINESTRING (108.896504 34.246315, 108.896446 34.246316)",1,5.33,tertiary,5,,1,,auto,
3645,,3860,85,1616,1,"LINESTRING (108.896446 34.246316, 108.896461 34.246377)",1,6.92,unclassified,20,,,,auto,
3646,,3861,1622,1336,1,"LINESTRING (108.895771 34.245565, 108.895698 34.245443)",1,15.13,unclassified,20,,,,auto,
3647,,3862,1623,1622,1,"LINESTRING (108.895911 34.245826, 108.895771 34.245565)",1,31.75,unclassified,20,,,,auto,
3648,,3863,1624,1623,1,"LINESTRING (108.896002 34.246021, 108.895911 34.245826)",1,23.24,unclassified,20,,,,auto,
3649,,3864,1625,1624,1,"LINESTRING (108.896122 34.246267, 108.896002 34.246021)",1,29.49,unclassified,20,,,,auto,
3650,,3865,1626,1625,1,"LINESTRING (108.89618 34.246383, 108.896122 34.246267)",1,13.96,unclassified,20,,,,auto,
3651,,3866,1627,1626,1,"LINESTRING (108.896208 34.246464, 108.89618 34.246383)",1,9.37,unclassified,20,,,,auto,
3652,,3867,1628,1627,1,"LINESTRING (108.896233 34.246576, 108.896208 34.246464)",1,12.66,unclassified,20,,,,auto,
3653,,3868,1629,1628,1,"LINESTRING (108.89625 34.2467, 108.896233 34.246576)",1,13.88,unclassified,20,,,,auto,
3654,,3869,1630,1629,1,"LINESTRING (108.896276 34.246846, 108.89625 34.2467)",1,16.41,unclassified,20,,,,auto,
3655,,3870,1631,1630,1,"LINESTRING (108.896292 34.247017, 108.896276 34.246846)",1,19.07,unclassified,20,,,,auto,
3656,,3871,1632,1631,1,"LINESTRING (108.896298 34.247163, 108.896292 34.247017)",1,16.24,unclassified,20,,,,auto,
3657,,3872,1633,1632,1,"LINESTRING (108.896294 34.247335, 108.896298 34.247163)",1,19.13,unclassified,20,,,,auto,
3658,,3873,1634,1633,1,"LINESTRING (108.896293 34.248414, 108.896294 34.247335)",1,119.98,unclassified,20,,,,auto,
3659,,3874,1635,1634,1,"LINESTRING (108.896291 34.248673, 108.896293 34.248414)",1,28.80,unclassified,20,,,,auto,
3660,,3875,1636,1637,1,"LINESTRING (108.896297 34.249474, 108.896293 34.248891)",1,64.83,unclassified,20,,,,auto,
3661,,3876,1638,1636,1,"LINESTRING (108.896307 34.249853, 108.896297 34.249474)",1,42.15,unclassified,20,,,,auto,
3662,,3877,1639,1638,1,"LINESTRING (108.896302 34.250124, 108.896307 34.249853)",1,30.14,unclassified,20,,,,auto,
3663,,3878,1640,1639,1,"LINESTRING (108.896303 34.250368, 108.896302 34.250124)",1,27.13,unclassified,20,,,,auto,
3664,,3879,1641,1640,1,"LINESTRING (108.896291 34.250971, 108.896303 34.250368)",1,67.06,unclassified,20,,,,auto,
3665,,3880,1642,1641,1,"LINESTRING (108.896283 34.251318, 108.896291 34.250971)",1,38.59,unclassified,20,,,,auto,
3666,,3881,1643,1644,1,"LINESTRING (108.89625 34.251895, 108.89627 34.25154)",1,39.52,unclassified,20,,,,auto,
3667,,3882,1645,1643,1,"LINESTRING (108.896244 34.252055, 108.89625 34.251895)",1,17.80,unclassified,20,,,,auto,
3668,,3883,1646,1647,1,"LINESTRING (108.896249 34.253162, 108.89626 34.252643)",1,57.72,unclassified,20,,,,auto,
3669,,3884,1648,1646,1,"LINESTRING (108.896257 34.253434, 108.896249 34.253162)",1,30.25,unclassified,20,,,,auto,
3670,,3885,1649,1648,1,"LINESTRING (108.896286 34.254071, 108.896257 34.253434)",1,70.88,unclassified,20,,,,auto,
3671,,3886,1649,1650,1,"LINESTRING (108.896286 34.254071, 108.895896 34.254067)",1,35.85,residential,6,,,,auto,
3672,,3886,1650,1649,1,"LINESTRING (108.895896 34.254067, 108.896286 34.254071)",1,35.85,residential,6,,,,auto,
3673,桃园南路,3887,1224,1225,1,"LINESTRING (108.896406 34.254148, 108.896375 34.254063)",1,9.87,secondary,4,,3,,auto,
3674,,3888,1224,1649,1,"LINESTRING (108.896406 34.254148, 108.896286 34.254071)",1,13.96,unclassified,20,,,,auto,
3675,二环南路西段,3889,948,1219,1,"LINESTRING (108.895626 34.245323, 108.895568 34.245348)",1,6.01,secondary,4,50,2,,auto,
3676,高新四路辅路,3890,948,1221,1,"LINESTRING (108.895626 34.245323, 108.895403 34.24495)",1,46.26,unclassified,20,,,,auto,
3677,二环南路西段辅路,3891,1336,1339,1,"LINESTRING (108.895698 34.245443, 108.895653 34.245463)",1,4.70,unclassified,20,,1,,auto,
3678,,3892,1336,948,1,"LINESTRING (108.895698 34.245443, 108.895626 34.245323)",1,14.89,unclassified,20,,,,auto,
3679,,3895,1651,1645,1,"LINESTRING (108.896242 34.252174, 108.896244 34.252055)",1,13.23,unclassified,20,,,,auto,
3680,丰庆路,3896,531,1362,1,"LINESTRING (108.896241 34.252338, 108.896402 34.252345)",1,14.82,primary,3,,4,,auto,
3681,,3897,531,1651,1,"LINESTRING (108.896241 34.252338, 108.896242 34.252174)",1,18.24,unclassified,20,,,,auto,
3682,丰庆路,3898,1361,973,1,"LINESTRING (108.896263 34.252455, 108.89615 34.252455)",1,10.39,primary,3,,4,,auto,
3683,,3899,1361,531,1,"LINESTRING (108.896263 34.252455, 108.896241 34.252338)",1,13.17,unclassified,20,,,,auto,
3684,,3902,1647,1361,1,"LINESTRING (108.89626 34.252643, 108.896263 34.252455)",1,20.91,unclassified,20,,,,auto,
3685,,3905,1637,1635,1,"LINESTRING (108.896293 34.248891, 108.896291 34.248673)",1,24.24,unclassified,20,,,,auto,
3686,桃园南路,3906,1363,1229,1,"LINESTRING (108.896501 34.252522, 108.896499 34.252648)",1,14.01,secondary,4,,3,,auto,
3687,,3907,1363,1652,1,"LINESTRING (108.896501 34.252522, 108.896607 34.252623)",1,14.87,unclassified,20,,,,auto,
3688,,3908,1652,1653,1,"LINESTRING (108.896607 34.252623, 108.896605 34.252651)",1,3.12,unclassified,20,,,,auto,
3689,,3909,1654,1655,1,"LINESTRING (108.89656 34.25366, 108.896556 34.253976)",1,35.14,unclassified,20,,,,auto,
3690,,3910,1655,1656,1,"LINESTRING (108.896556 34.253976, 108.896553 34.254086)",1,12.23,unclassified,20,,,,auto,
3691,,3911,1656,1227,1,"LINESTRING (108.896553 34.254086, 108.896469 34.254148)",1,10.35,unclassified,20,,,,auto,
3692,桃园南路,3912,1227,1657,1,"LINESTRING (108.896469 34.254148, 108.89647 34.254172)",1,2.67,secondary,4,,3,,auto,
3693,,3915,1653,1654,1,"LINESTRING (108.896605 34.252651, 108.89656 34.25366)",1,112.27,unclassified,20,,,,auto,
3694,桃园南路,3916,1230,1226,1,"LINESTRING (108.896465 34.253845, 108.896465 34.254067)",1,24.69,secondary,4,,3,,auto,
3695,桃园南路,3917,959,956,1,"LINESTRING (108.896373 34.246835, 108.89633 34.246586)",1,27.97,secondary,4,,3,,auto,
3696,二环南路西段,3918,1220,1658,1,"LINESTRING (108.89469 34.245732, 108.893748 34.246143)",1,97.91,secondary,4,50,2,,auto,
3697,二环南路西段,3919,513,130,1,"LINESTRING (108.89666 34.244326, 108.897759 34.243818)",1,115.74,secondary,4,50,3,,auto,
3698,高新四路辅路,3920,1345,1053,1,"LINESTRING (108.894738 34.243912, 108.894272 34.243185)",1,91.49,unclassified,20,,,,auto,
3699,,3921,1644,1642,1,"LINESTRING (108.89627 34.25154, 108.896283 34.251318)",1,24.71,unclassified,20,,,,auto,
3700,丰庆路,3922,1233,1659,1,"LINESTRING (108.89738 34.252333, 108.898499 34.252352)",1,102.87,primary,3,,4,,auto,
3701,丰庆路,3923,1659,217,1,"LINESTRING (108.898499 34.252352, 108.900346 34.252358)",1,169.76,primary,3,,4,,auto,
3702,丰庆路,3924,975,976,1,"LINESTRING (108.895167 34.252482, 108.895127 34.252483)",1,3.68,primary,3,,4,,auto,
3703,高新路,3925,488,1244,1,"LINESTRING (108.902759 34.237633, 108.901768 34.236104)",1,192.89,secondary,4,50,4,,auto,
3704,高新路,3926,1245,1346,1,"LINESTRING (108.902439 34.236766, 108.903071 34.237745)",1,123.39,secondary,4,50,4,,auto,
3705,高新路,3927,1246,166,1,"LINESTRING (108.90075 34.234549, 108.900169 34.23368)",1,110.41,secondary,4,50,4,,auto,
3706,高新路,3928,1153,521,1,"LINESTRING (108.900429 34.23367, 108.900796 34.234236)",1,71.41,secondary,4,50,4,,auto,
3707,科技路,3929,1152,1136,1,"LINESTRING (108.8988 34.233352, 108.898334 34.233511)",1,46.34,primary,3,60,3,,auto,
3708,科技路,3930,1161,1236,1,"LINESTRING (108.900664 34.232279, 108.900822 34.232209)",1,16.48,primary,3,60,3,,auto,
3709,高新路,3931,1159,1660,1,"LINESTRING (108.899114 34.232044, 108.897901 34.230178)",1,235.56,secondary,4,50,4,,auto,
3710,科创路,3932,1078,1239,1,"LINESTRING (108.898146 34.229269, 108.89787 34.229391)",1,28.77,tertiary,5,,2,,auto,
3711,科创路,3933,1242,817,1,"LINESTRING (108.898319 34.229106, 108.898491 34.229033)",1,17.77,tertiary,5,,,,auto,
3712,高新路,3934,1558,686,1,"LINESTRING (108.898444 34.230655, 108.898715 34.231065)",1,51.95,secondary,4,50,4,,auto,
3713,高新路,3935,1660,725,1,"LINESTRING (108.897901 34.230178, 108.897597 34.229719)",1,58.19,secondary,4,50,4,,auto,
3714,太白南路,3936,471,1293,1,"LINESTRING (108.916635 34.233063, 108.916568 34.232961)",1,12.91,primary,3,,,,auto,
3715,太白南路,3937,1194,1294,1,"LINESTRING (108.916613 34.232801, 108.916686 34.232912)",1,14.05,primary,3,60,,,auto,
3716,太白南路,3938,1661,1745,1,"LINESTRING (108.9146 34.229711, 108.914801 34.230023)",1,39.31,primary,3,60,,,auto,
3717,太白南路,3939,1662,1661,1,"LINESTRING (108.914 34.228778, 108.9146 34.229711)",1,117.50,primary,3,60,,,auto,
3718,太白南路,3940,420,1663,1,"LINESTRING (108.91426 34.229423, 108.913034 34.227538)",1,237.99,primary,3,,,,auto,
3719,光华路,3941,1303,1664,1,"LINESTRING (108.915381 34.229762, 108.915484 34.229717)",1,10.71,tertiary,5,,2,,auto,
3720,光华路,3942,1200,1195,1,"LINESTRING (108.915422 34.229806, 108.914952 34.230017)",1,49.17,tertiary,5,,2,,auto,
3721,光华路,3943,1664,1665,1,"LINESTRING (108.915484 34.229717, 108.915825 34.229563)",1,35.72,tertiary,5,,2,,auto,
3722,光华路,3944,1665,1302,1,"LINESTRING (108.915825 34.229563, 108.916669 34.229184)",1,88.30,tertiary,5,,2,,auto,
3723,太白南路,3945,1666,1662,1,"LINESTRING (108.91324 34.227595, 108.914 34.228778)",1,148.95,primary,3,60,,,auto,
3724,科技路,3946,1667,1188,1,"LINESTRING (108.911764 34.227493, 108.910267 34.228147)",1,155.66,primary,3,60,3,,auto,
3725,,3963,196,197,1,"LINESTRING (108.906277 34.232471, 108.906288 34.233192)",1,80.18,residential,6,,,,auto,
3726,,3963,197,196,1,"LINESTRING (108.906288 34.233192, 108.906277 34.232471)",1,80.18,residential,6,,,,auto,
3727,,3964,196,195,1,"LINESTRING (108.906277 34.232471, 108.906309 34.232087)",1,42.80,residential,6,,,,auto,
3728,,3964,195,196,1,"LINESTRING (108.906309 34.232087, 108.906277 34.232471)",1,42.80,residential,6,,,,auto,
3729,,3965,193,194,1,"LINESTRING (108.904921 34.231879, 108.905884 34.231877)",1,88.53,residential,6,,,,auto,
3730,,3965,194,193,1,"LINESTRING (108.905884 34.231877, 108.904921 34.231879)",1,88.53,residential,6,,,,auto,
3731,,3966,193,184,1,"LINESTRING (108.904921 34.231879, 108.90457 34.231906)",1,32.41,residential,6,,,,auto,
3732,,3966,184,193,1,"LINESTRING (108.90457 34.231906, 108.904921 34.231879)",1,32.41,residential,6,,,,auto,
3733,锦园路,3967,662,659,1,"LINESTRING (108.900289 34.254201, 108.90028 34.253932)",1,29.92,tertiary,5,,,,auto,
3734,锦园路,3967,659,662,1,"LINESTRING (108.90028 34.253932, 108.900289 34.254201)",1,29.92,tertiary,5,,,,auto,
3735,,3968,662,1668,1,"LINESTRING (108.900289 34.254201, 108.898053 34.254218)",1,205.51,residential,6,,,,auto,
3736,,3968,1668,662,1,"LINESTRING (108.898053 34.254218, 108.900289 34.254201)",1,205.51,residential,6,,,,auto,
3737,,3969,1668,662,1,"LINESTRING (108.898053 34.254218, 108.900289 34.254201)",1,205.51,residential,6,,,,auto,
3738,,3969,662,1668,1,"LINESTRING (108.900289 34.254201, 108.898053 34.254218)",1,205.51,residential,6,,,,auto,
3739,锦园路,3970,661,969,1,"LINESTRING (108.900294 34.253284, 108.900311 34.252552)",1,81.41,tertiary,5,,,,auto,
3740,锦园路,3970,969,661,1,"LINESTRING (108.900311 34.252552, 108.900294 34.253284)",1,81.41,tertiary,5,,,,auto,
3741,锦园路,3971,661,659,1,"LINESTRING (108.900294 34.253284, 108.90028 34.253932)",1,72.07,tertiary,5,,,,auto,
3742,锦园路,3971,659,661,1,"LINESTRING (108.90028 34.253932, 108.900294 34.253284)",1,72.07,tertiary,5,,,,auto,
3743,,3972,661,1669,1,"LINESTRING (108.900294 34.253284, 108.899285 34.253296)",1,92.75,residential,6,,,,auto,
3744,,3972,1669,661,1,"LINESTRING (108.899285 34.253296, 108.900294 34.253284)",1,92.75,residential,6,,,,auto,
3745,,3973,1669,968,1,"LINESTRING (108.899285 34.253296, 108.899266 34.25245)",1,94.09,residential,6,,,,auto,
3746,,3973,968,1669,1,"LINESTRING (108.899266 34.25245, 108.899285 34.253296)",1,94.09,residential,6,,,,auto,
3747,,3974,1669,661,1,"LINESTRING (108.899285 34.253296, 108.900294 34.253284)",1,92.75,residential,6,,,,auto,
3748,,3974,661,1669,1,"LINESTRING (108.900294 34.253284, 108.899285 34.253296)",1,92.75,residential,6,,,,auto,
3749,丰庆路,3975,968,1670,1,"LINESTRING (108.899266 34.25245, 108.898526 34.252451)",1,68.01,primary,3,,4,,auto,
3750,,3976,968,1669,1,"LINESTRING (108.899266 34.25245, 108.899285 34.253296)",1,94.09,residential,6,,,,auto,
3751,,3976,1669,968,1,"LINESTRING (108.899285 34.253296, 108.899266 34.25245)",1,94.09,residential,6,,,,auto,
3752,丰庆路,3977,90,1605,1,"LINESTRING (108.903451 34.25235, 108.904446 34.252349)",1,91.45,primary,3,,4,,auto,
3753,,3978,90,1671,1,"LINESTRING (108.903451 34.25235, 108.903449 34.252278)",1,8.01,residential,6,,,,auto,
3754,,3978,1671,90,1,"LINESTRING (108.903449 34.252278, 108.903451 34.25235)",1,8.01,residential,6,,,,auto,
3755,,3979,1672,1673,1,"LINESTRING (108.903427 34.25144, 108.904422 34.251449)",1,91.46,residential,6,,,,auto,
3756,,3979,1673,1672,1,"LINESTRING (108.904422 34.251449, 108.903427 34.25144)",1,91.46,residential,6,,,,auto,
3757,,3980,1672,1674,1,"LINESTRING (108.903427 34.25144, 108.903434 34.251687)",1,27.47,residential,6,,,,auto,
3758,,3980,1674,1672,1,"LINESTRING (108.903434 34.251687, 108.903427 34.25144)",1,27.47,residential,6,,,,auto,
3759,,3981,1673,1672,1,"LINESTRING (108.904422 34.251449, 108.903427 34.25144)",1,91.46,residential,6,,,,auto,
3760,,3981,1672,1673,1,"LINESTRING (108.903427 34.25144, 108.904422 34.251449)",1,91.46,residential,6,,,,auto,
3761,,3982,1675,1674,1,"LINESTRING (108.902551 34.251684, 108.903434 34.251687)",1,81.16,residential,6,,,,auto,
3762,,3982,1674,1675,1,"LINESTRING (108.903434 34.251687, 108.902551 34.251684)",1,81.16,residential,6,,,,auto,
3763,,3983,1674,1672,1,"LINESTRING (108.903434 34.251687, 108.903427 34.25144)",1,27.47,residential,6,,,,auto,
3764,,3983,1672,1674,1,"LINESTRING (108.903427 34.25144, 108.903434 34.251687)",1,27.47,residential,6,,,,auto,
3765,,3984,1674,1671,1,"LINESTRING (108.903434 34.251687, 108.903449 34.252278)",1,65.73,residential,6,,,,auto,
3766,,3984,1671,1674,1,"LINESTRING (108.903449 34.252278, 108.903434 34.251687)",1,65.73,residential,6,,,,auto,
3767,,3985,1674,1676,1,"LINESTRING (108.903434 34.251687, 108.904672 34.25168)",1,113.79,residential,6,,,,auto,
3768,,3985,1676,1674,1,"LINESTRING (108.904672 34.25168, 108.903434 34.251687)",1,113.79,residential,6,,,,auto,
3769,,3986,1674,1675,1,"LINESTRING (108.903434 34.251687, 108.902551 34.251684)",1,81.16,residential,6,,,,auto,
3770,,3986,1675,1674,1,"LINESTRING (108.902551 34.251684, 108.903434 34.251687)",1,81.16,residential,6,,,,auto,
3771,,3987,1676,1674,1,"LINESTRING (108.904672 34.25168, 108.903434 34.251687)",1,113.79,residential,6,,,,auto,
3772,,3987,1674,1676,1,"LINESTRING (108.903434 34.251687, 108.904672 34.25168)",1,113.79,residential,6,,,,auto,
3773,老机场路,3988,1365,91,1,"LINESTRING (108.901676 34.251461, 108.902523 34.25227)",1,118.96,tertiary,5,,,,auto,
3774,老机场路,3988,91,1365,1,"LINESTRING (108.902523 34.25227, 108.901676 34.251461)",1,118.96,tertiary,5,,,,auto,
3775,老机场路,3989,1365,88,1,"LINESTRING (108.901676 34.251461, 108.900437 34.25028)",1,173.82,tertiary,5,,,,auto,
3776,老机场路,3989,88,1365,1,"LINESTRING (108.900437 34.25028, 108.901676 34.251461)",1,173.82,tertiary,5,,,,auto,
3777,,3990,1365,1677,1,"LINESTRING (108.901676 34.251461, 108.902787 34.250398)",1,156.20,unclassified,20,,,,auto,
3778,,3990,1677,1365,1,"LINESTRING (108.902787 34.250398, 108.901676 34.251461)",1,156.20,unclassified,20,,,,auto,
3779,,3991,1677,1365,1,"LINESTRING (108.902787 34.250398, 108.901676 34.251461)",1,156.20,unclassified,20,,,,auto,
3780,,3991,1365,1677,1,"LINESTRING (108.901676 34.251461, 108.902787 34.250398)",1,156.20,unclassified,20,,,,auto,
3781,西市北路,3992,802,809,1,"LINESTRING (108.90373 34.249716, 108.903948 34.249717)",1,20.04,tertiary,5,,,,auto,
3782,西市北路,3992,809,802,1,"LINESTRING (108.903948 34.249717, 108.90373 34.249716)",1,20.04,tertiary,5,,,,auto,
3783,西市北路,3993,802,801,1,"LINESTRING (108.90373 34.249716, 108.902668 34.249711)",1,97.61,tertiary,5,,,,auto,
3784,西市北路,3993,801,802,1,"LINESTRING (108.902668 34.249711, 108.90373 34.249716)",1,97.61,tertiary,5,,,,auto,
3785,,3994,802,1678,1,"LINESTRING (108.90373 34.249716, 108.903733 34.250488)",1,85.84,residential,6,,,,auto,
3786,,3994,1678,802,1,"LINESTRING (108.903733 34.250488, 108.90373 34.249716)",1,85.84,residential,6,,,,auto,
3787,,3995,1678,1679,1,"LINESTRING (108.903733 34.250488, 108.903213 34.25049)",1,47.79,residential,6,,,,auto,
3788,,3995,1679,1678,1,"LINESTRING (108.903213 34.25049, 108.903733 34.250488)",1,47.79,residential,6,,,,auto,
3789,,3996,1678,802,1,"LINESTRING (108.903733 34.250488, 108.90373 34.249716)",1,85.84,residential,6,,,,auto,
3790,,3996,802,1678,1,"LINESTRING (108.90373 34.249716, 108.903733 34.250488)",1,85.84,residential,6,,,,auto,
3791,,3997,1679,1678,1,"LINESTRING (108.903213 34.25049, 108.903733 34.250488)",1,47.79,residential,6,,,,auto,
3792,,3997,1678,1679,1,"LINESTRING (108.903733 34.250488, 108.903213 34.25049)",1,47.79,residential,6,,,,auto,
3793,老机场路,3998,88,1365,1,"LINESTRING (108.900437 34.25028, 108.901676 34.251461)",1,173.82,tertiary,5,,,,auto,
3794,老机场路,3998,1365,88,1,"LINESTRING (108.901676 34.251461, 108.900437 34.25028)",1,173.82,tertiary,5,,,,auto,
3795,老机场路,3999,88,50,1,"LINESTRING (108.900437 34.25028, 108.899858 34.249728)",1,81.24,tertiary,5,,,,auto,
3796,老机场路,3999,50,88,1,"LINESTRING (108.899858 34.249728, 108.900437 34.25028)",1,81.24,tertiary,5,,,,auto,
3797,,4000,88,1680,1,"LINESTRING (108.900437 34.25028, 108.900654 34.250052)",1,32.26,unclassified,20,,,,auto,
3798,,4000,1680,88,1,"LINESTRING (108.900654 34.250052, 108.900437 34.25028)",1,32.26,unclassified,20,,,,auto,
3799,,4001,1680,87,1,"LINESTRING (108.900654 34.250052, 108.900656 34.24972)",1,36.92,unclassified,20,,,,auto,
3800,,4001,87,1680,1,"LINESTRING (108.900656 34.24972, 108.900654 34.250052)",1,36.92,unclassified,20,,,,auto,
3801,,4002,1680,88,1,"LINESTRING (108.900654 34.250052, 108.900437 34.25028)",1,32.26,unclassified,20,,,,auto,
3802,,4002,88,1680,1,"LINESTRING (108.900437 34.25028, 108.900654 34.250052)",1,32.26,unclassified,20,,,,auto,
3803,,4003,1680,993,1,"LINESTRING (108.900654 34.250052, 108.901421 34.250052)",1,70.50,unclassified,20,,,,auto,
3804,,4003,993,1680,1,"LINESTRING (108.901421 34.250052, 108.900654 34.250052)",1,70.50,unclassified,20,,,,auto,
3805,西市北路,4004,87,991,1,"LINESTRING (108.900656 34.24972, 108.901299 34.249714)",1,59.10,tertiary,5,,,,auto,
3806,西市北路,4004,991,87,1,"LINESTRING (108.901299 34.249714, 108.900656 34.24972)",1,59.10,tertiary,5,,,,auto,
3807,西市北路,4005,87,50,1,"LINESTRING (108.900656 34.24972, 108.899858 34.249728)",1,73.35,tertiary,5,,,,auto,
3808,西市北路,4005,50,87,1,"LINESTRING (108.899858 34.249728, 108.900656 34.24972)",1,73.35,tertiary,5,,,,auto,
3809,,4006,87,1680,1,"LINESTRING (108.900656 34.24972, 108.900654 34.250052)",1,36.92,unclassified,20,,,,auto,
3810,,4006,1680,87,1,"LINESTRING (108.900654 34.250052, 108.900656 34.24972)",1,36.92,unclassified,20,,,,auto,
3811,,4007,993,990,1,"LINESTRING (108.901421 34.250052, 108.901403 34.249714)",1,37.62,unclassified,20,,,,auto,
3812,,4007,990,993,1,"LINESTRING (108.901403 34.249714, 108.901421 34.250052)",1,37.62,unclassified,20,,,,auto,
3813,,4008,993,1680,1,"LINESTRING (108.901421 34.250052, 108.900654 34.250052)",1,70.50,unclassified,20,,,,auto,
3814,,4008,1680,993,1,"LINESTRING (108.900654 34.250052, 108.901421 34.250052)",1,70.50,unclassified,20,,,,auto,
3815,,4009,1681,1682,1,"LINESTRING (108.899191 34.253253, 108.898546 34.253256)",1,59.28,residential,6,,,,auto,
3816,,4009,1682,1681,1,"LINESTRING (108.898546 34.253256, 108.899191 34.253253)",1,59.28,residential,6,,,,auto,
3817,,4010,1682,1683,1,"LINESTRING (108.898546 34.253256, 108.898487 34.253299)",1,7.23,residential,6,,,,auto,
3818,,4010,1683,1682,1,"LINESTRING (108.898487 34.253299, 108.898546 34.253256)",1,7.23,residential,6,,,,auto,
3819,,4011,1682,1681,1,"LINESTRING (108.898546 34.253256, 108.899191 34.253253)",1,59.28,residential,6,,,,auto,
3820,,4011,1681,1682,1,"LINESTRING (108.899191 34.253253, 108.898546 34.253256)",1,59.28,residential,6,,,,auto,
3821,,4013,1683,1684,1,"LINESTRING (108.898487 34.253299, 108.897653 34.253301)",1,76.65,residential,6,,,,auto,
3822,,4013,1684,1683,1,"LINESTRING (108.897653 34.253301, 108.898487 34.253299)",1,76.65,residential,6,,,,auto,
3823,,4014,1683,1682,1,"LINESTRING (108.898487 34.253299, 108.898546 34.253256)",1,7.23,residential,6,,,,auto,
3824,,4014,1682,1683,1,"LINESTRING (108.898546 34.253256, 108.898487 34.253299)",1,7.23,residential,6,,,,auto,
3825,,4015,1684,1685,1,"LINESTRING (108.897653 34.253301, 108.897652 34.252958)",1,38.14,residential,6,,,,auto,
3826,,4015,1685,1684,1,"LINESTRING (108.897652 34.252958, 108.897653 34.253301)",1,38.14,residential,6,,,,auto,
3827,,4016,1684,1683,1,"LINESTRING (108.897653 34.253301, 108.898487 34.253299)",1,76.65,residential,6,,,,auto,
3828,,4016,1683,1684,1,"LINESTRING (108.898487 34.253299, 108.897653 34.253301)",1,76.65,residential,6,,,,auto,
3829,,4017,1686,1685,1,"LINESTRING (108.897652 34.252838, 108.897652 34.252958)",1,13.34,residential,6,,,,auto,
3830,,4017,1685,1686,1,"LINESTRING (108.897652 34.252958, 108.897652 34.252838)",1,13.34,residential,6,,,,auto,
3831,,4018,1685,1686,1,"LINESTRING (108.897652 34.252958, 108.897652 34.252838)",1,13.34,residential,6,,,,auto,
3832,,4018,1686,1685,1,"LINESTRING (108.897652 34.252838, 108.897652 34.252958)",1,13.34,residential,6,,,,auto,
3833,,4019,1685,1684,1,"LINESTRING (108.897652 34.252958, 108.897653 34.253301)",1,38.14,residential,6,,,,auto,
3834,,4019,1684,1685,1,"LINESTRING (108.897653 34.253301, 108.897652 34.252958)",1,38.14,residential,6,,,,auto,
3835,,4020,1685,1687,1,"LINESTRING (108.897652 34.252958, 108.898528 34.252955)",1,80.51,residential,6,,,,auto,
3836,,4020,1687,1685,1,"LINESTRING (108.898528 34.252955, 108.897652 34.252958)",1,80.51,residential,6,,,,auto,
3837,,4021,1687,1670,1,"LINESTRING (108.898528 34.252955, 108.898526 34.252451)",1,56.04,residential,6,,,,auto,
3838,,4021,1670,1687,1,"LINESTRING (108.898526 34.252451, 108.898528 34.252955)",1,56.04,residential,6,,,,auto,
3839,,4022,1687,1685,1,"LINESTRING (108.898528 34.252955, 108.897652 34.252958)",1,80.51,residential,6,,,,auto,
3840,,4022,1685,1687,1,"LINESTRING (108.897652 34.252958, 108.898528 34.252955)",1,80.51,residential,6,,,,auto,
3841,丰庆路,4024,1670,971,1,"LINESTRING (108.898526 34.252451, 108.896801 34.252453)",1,158.54,primary,3,,4,,auto,
3842,,4025,1670,1687,1,"LINESTRING (108.898526 34.252451, 108.898528 34.252955)",1,56.04,residential,6,,,,auto,
3843,,4025,1687,1670,1,"LINESTRING (108.898528 34.252955, 108.898526 34.252451)",1,56.04,residential,6,,,,auto,
3844,,4030,1650,1688,1,"LINESTRING (108.895896 34.254067, 108.895554 34.253794)",1,43.70,residential,6,,,,auto,
3845,,4030,1688,1650,1,"LINESTRING (108.895554 34.253794, 108.895896 34.254067)",1,43.70,residential,6,,,,auto,
3846,,4031,1650,1649,1,"LINESTRING (108.895896 34.254067, 108.896286 34.254071)",1,35.85,residential,6,,,,auto,
3847,,4031,1649,1650,1,"LINESTRING (108.896286 34.254071, 108.895896 34.254067)",1,35.85,residential,6,,,,auto,
3848,,4032,1688,1689,1,"LINESTRING (108.895554 34.253794, 108.895552 34.253108)",1,76.28,residential,6,,,,auto,
3849,,4032,1689,1688,1,"LINESTRING (108.895552 34.253108, 108.895554 34.253794)",1,76.28,residential,6,,,,auto,
3850,,4033,1688,1650,1,"LINESTRING (108.895554 34.253794, 108.895896 34.254067)",1,43.70,residential,6,,,,auto,
3851,,4033,1650,1688,1,"LINESTRING (108.895896 34.254067, 108.895554 34.253794)",1,43.70,residential,6,,,,auto,
3852,,4034,1689,981,1,"LINESTRING (108.895552 34.253108, 108.894705 34.253099)",1,77.85,residential,6,,,,auto,
3853,,4034,981,1689,1,"LINESTRING (108.894705 34.253099, 108.895552 34.253108)",1,77.85,residential,6,,,,auto,
3854,,4035,1689,1688,1,"LINESTRING (108.895552 34.253108, 108.895554 34.253794)",1,76.28,residential,6,,,,auto,
3855,,4035,1688,1689,1,"LINESTRING (108.895554 34.253794, 108.895552 34.253108)",1,76.28,residential,6,,,,auto,
3856,,4036,981,979,1,"LINESTRING (108.894705 34.253099, 108.89471 34.252537)",1,62.49,residential,6,,,,auto,
3857,,4036,979,981,1,"LINESTRING (108.89471 34.252537, 108.894705 34.253099)",1,62.49,residential,6,,,,auto,
3858,,4037,981,1689,1,"LINESTRING (108.894705 34.253099, 108.895552 34.253108)",1,77.85,residential,6,,,,auto,
3859,,4037,1689,981,1,"LINESTRING (108.895552 34.253108, 108.894705 34.253099)",1,77.85,residential,6,,,,auto,
3860,,4039,1671,1674,1,"LINESTRING (108.903449 34.252278, 108.903434 34.251687)",1,65.73,residential,6,,,,auto,
3861,,4039,1674,1671,1,"LINESTRING (108.903434 34.251687, 108.903449 34.252278)",1,65.73,residential,6,,,,auto,
3862,,4040,1671,90,1,"LINESTRING (108.903449 34.252278, 108.903451 34.25235)",1,8.01,residential,6,,,,auto,
3863,,4040,90,1671,1,"LINESTRING (108.903451 34.25235, 108.903449 34.252278)",1,8.01,residential,6,,,,auto,
3864,桃园南路,4041,957,955,1,"LINESTRING (108.896304 34.246482, 108.896271 34.24635)",1,14.99,secondary,4,,3,,auto,
3865,,4042,1615,85,1,"LINESTRING (108.896424 34.246224, 108.896446 34.246316)",1,10.43,unclassified,20,,,,auto,
3866,,4043,1690,666,1,"LINESTRING (108.900497 34.254251, 108.901723 34.2543)",1,112.81,residential,6,,,,auto,
3867,,4043,666,1690,1,"LINESTRING (108.901723 34.2543, 108.900497 34.254251)",1,112.81,residential,6,,,,auto,
3868,,4044,666,660,1,"LINESTRING (108.901723 34.2543, 108.901278 34.253963)",1,55.47,residential,6,,,,auto,
3869,,4044,660,666,1,"LINESTRING (108.901278 34.253963, 108.901723 34.2543)",1,55.47,residential,6,,,,auto,
3870,,4045,666,1690,1,"LINESTRING (108.901723 34.2543, 108.900497 34.254251)",1,112.81,residential,6,,,,auto,
3871,,4045,1690,666,1,"LINESTRING (108.900497 34.254251, 108.901723 34.2543)",1,112.81,residential,6,,,,auto,
3872,,4046,667,1691,1,"LINESTRING (108.901386 34.253958, 108.901467 34.253683)",1,31.47,residential,6,,,,auto,
3873,,4046,1691,667,1,"LINESTRING (108.901467 34.253683, 108.901386 34.253958)",1,31.47,residential,6,,,,auto,
3874,,4047,667,660,1,"LINESTRING (108.901386 34.253958, 108.901278 34.253963)",1,9.94,residential,6,,,,auto,
3875,,4047,660,667,1,"LINESTRING (108.901278 34.253963, 108.901386 34.253958)",1,9.94,residential,6,,,,auto,
3876,,4048,1691,1692,1,"LINESTRING (108.901467 34.253683, 108.901646 34.253548)",1,22.27,residential,6,,,,auto,
3877,,4048,1692,1691,1,"LINESTRING (108.901646 34.253548, 108.901467 34.253683)",1,22.27,residential,6,,,,auto,
3878,,4049,1691,667,1,"LINESTRING (108.901467 34.253683, 108.901386 34.253958)",1,31.47,residential,6,,,,auto,
3879,,4049,667,1691,1,"LINESTRING (108.901386 34.253958, 108.901467 34.253683)",1,31.47,residential,6,,,,auto,
3880,,4050,1692,1691,1,"LINESTRING (108.901646 34.253548, 108.901467 34.253683)",1,22.27,residential,6,,,,auto,
3881,,4050,1691,1692,1,"LINESTRING (108.901467 34.253683, 108.901646 34.253548)",1,22.27,residential,6,,,,auto,
3882,,4051,1360,966,1,"LINESTRING (108.903205 34.254026, 108.901307 34.252545)",1,239.90,residential,6,,,,auto,
3883,,4051,966,1360,1,"LINESTRING (108.901307 34.252545, 108.903205 34.254026)",1,239.90,residential,6,,,,auto,
3884,,4052,1449,1693,1,"LINESTRING (108.905166 34.252949, 108.904643 34.252949)",1,48.07,residential,6,,,,auto,
3885,,4052,1693,1449,1,"LINESTRING (108.904643 34.252949, 108.905166 34.252949)",1,48.07,residential,6,,,,auto,
3886,,4053,1449,1448,1,"LINESTRING (108.905166 34.252949, 108.905248 34.252937)",1,7.65,residential,6,,,,auto,
3887,,4053,1448,1449,1,"LINESTRING (108.905248 34.252937, 108.905166 34.252949)",1,7.65,residential,6,,,,auto,
3888,,4054,1693,1694,1,"LINESTRING (108.904643 34.252949, 108.903628 34.252948)",1,93.29,residential,6,,,,auto,
3889,,4054,1694,1693,1,"LINESTRING (108.903628 34.252948, 108.904643 34.252949)",1,93.29,residential,6,,,,auto,
3890,,4055,1693,1449,1,"LINESTRING (108.904643 34.252949, 108.905166 34.252949)",1,48.07,residential,6,,,,auto,
3891,,4055,1449,1693,1,"LINESTRING (108.905166 34.252949, 108.904643 34.252949)",1,48.07,residential,6,,,,auto,
3892,,4056,1694,1693,1,"LINESTRING (108.903628 34.252948, 108.904643 34.252949)",1,93.29,residential,6,,,,auto,
3893,,4056,1693,1694,1,"LINESTRING (108.904643 34.252949, 108.903628 34.252948)",1,93.29,residential,6,,,,auto,
3894,,4057,635,618,1,"LINESTRING (108.909992 34.245992, 108.909989 34.246182)",1,21.13,unclassified,20,,,,auto,
3895,,4057,618,635,1,"LINESTRING (108.909989 34.246182, 108.909992 34.245992)",1,21.13,unclassified,20,,,,auto,
3896,,4058,635,606,1,"LINESTRING (108.909992 34.245992, 108.91 34.245596)",1,44.04,unclassified,20,,,,auto,
3897,,4058,606,635,1,"LINESTRING (108.91 34.245596, 108.909992 34.245992)",1,44.04,unclassified,20,,,,auto,
3898,,4059,1481,1721,1,"LINESTRING (108.91823 34.245132, 108.918637 34.245134)",1,37.41,residential,6,,,,auto,
3899,,4059,1721,1481,1,"LINESTRING (108.918637 34.245134, 108.91823 34.245132)",1,37.41,residential,6,,,,auto,
3900,,4060,1584,1595,1,"LINESTRING (108.920787 34.242864, 108.919622 34.242862)",1,107.09,tertiary,5,,,,auto,
3901,,4061,1584,1695,1,"LINESTRING (108.920787 34.242864, 108.920778 34.243666)",1,89.18,unclassified,20,,,,auto,
3902,,4061,1695,1584,1,"LINESTRING (108.920778 34.243666, 108.920787 34.242864)",1,89.18,unclassified,20,,,,auto,
3903,,4062,1695,1584,1,"LINESTRING (108.920778 34.243666, 108.920787 34.242864)",1,89.18,unclassified,20,,,,auto,
3904,,4062,1584,1695,1,"LINESTRING (108.920787 34.242864, 108.920778 34.243666)",1,89.18,unclassified,20,,,,auto,
3905,通义巷,4063,700,699,1,"LINESTRING (108.920236 34.245126, 108.921745 34.245128)",1,138.70,tertiary,5,,,,auto,
3906,通义巷,4063,699,700,1,"LINESTRING (108.921745 34.245128, 108.920236 34.245126)",1,138.70,tertiary,5,,,,auto,
3907,通义巷,4064,700,1332,1,"LINESTRING (108.920236 34.245126, 108.919038 34.245125)",1,110.12,tertiary,5,,,,auto,
3908,通义巷,4064,1332,700,1,"LINESTRING (108.919038 34.245125, 108.920236 34.245126)",1,110.12,tertiary,5,,,,auto,
3909,,4065,700,1696,1,"LINESTRING (108.920236 34.245126, 108.920236 34.244315)",1,90.18,residential,6,,,,auto,
3910,,4065,1696,700,1,"LINESTRING (108.920236 34.244315, 108.920236 34.245126)",1,90.18,residential,6,,,,auto,
3911,,4066,1696,1697,1,"LINESTRING (108.920236 34.244315, 108.920708 34.244287)",1,43.50,residential,6,,,,auto,
3912,,4066,1697,1696,1,"LINESTRING (108.920708 34.244287, 108.920236 34.244315)",1,43.50,residential,6,,,,auto,
3913,,4067,1696,700,1,"LINESTRING (108.920236 34.244315, 108.920236 34.245126)",1,90.18,residential,6,,,,auto,
3914,,4067,700,1696,1,"LINESTRING (108.920236 34.245126, 108.920236 34.244315)",1,90.18,residential,6,,,,auto,
3915,,4068,1697,1698,1,"LINESTRING (108.920708 34.244287, 108.920973 34.244287)",1,24.36,residential,6,,,,auto,
3916,,4068,1698,1697,1,"LINESTRING (108.920973 34.244287, 108.920708 34.244287)",1,24.36,residential,6,,,,auto,
3917,,4069,1697,1696,1,"LINESTRING (108.920708 34.244287, 108.920236 34.244315)",1,43.50,residential,6,,,,auto,
3918,,4069,1696,1697,1,"LINESTRING (108.920236 34.244315, 108.920708 34.244287)",1,43.50,residential,6,,,,auto,
3919,,4070,1697,1699,1,"LINESTRING (108.920708 34.244287, 108.92071 34.243988)",1,33.25,residential,6,,,,auto,
3920,,4070,1699,1697,1,"LINESTRING (108.92071 34.243988, 108.920708 34.244287)",1,33.25,residential,6,,,,auto,
3921,,4071,1700,1701,1,"LINESTRING (108.921479 34.244288, 108.921477 34.244721)",1,48.15,residential,6,,,,auto,
3922,,4071,1701,1700,1,"LINESTRING (108.921477 34.244721, 108.921479 34.244288)",1,48.15,residential,6,,,,auto,
3923,,4072,1700,1698,1,"LINESTRING (108.921479 34.244288, 108.920973 34.244287)",1,46.51,residential,6,,,,auto,
3924,,4072,1698,1700,1,"LINESTRING (108.920973 34.244287, 108.921479 34.244288)",1,46.51,residential,6,,,,auto,
3925,,4074,1701,1700,1,"LINESTRING (108.921477 34.244721, 108.921479 34.244288)",1,48.15,residential,6,,,,auto,
3926,,4074,1700,1701,1,"LINESTRING (108.921479 34.244288, 108.921477 34.244721)",1,48.15,residential,6,,,,auto,
3927,,4078,1698,1700,1,"LINESTRING (108.920973 34.244287, 108.921479 34.244288)",1,46.51,residential,6,,,,auto,
3928,,4078,1700,1698,1,"LINESTRING (108.921479 34.244288, 108.920973 34.244287)",1,46.51,residential,6,,,,auto,
3929,,4079,1698,1697,1,"LINESTRING (108.920973 34.244287, 108.920708 34.244287)",1,24.36,residential,6,,,,auto,
3930,,4079,1697,1698,1,"LINESTRING (108.920708 34.244287, 108.920973 34.244287)",1,24.36,residential,6,,,,auto,
3931,,4081,1702,1699,1,"LINESTRING (108.920712 34.243749, 108.92071 34.243988)",1,26.58,residential,6,,,,auto,
3932,,4081,1699,1702,1,"LINESTRING (108.92071 34.243988, 108.920712 34.243749)",1,26.58,residential,6,,,,auto,
3933,,4082,1699,1702,1,"LINESTRING (108.92071 34.243988, 108.920712 34.243749)",1,26.58,residential,6,,,,auto,
3934,,4082,1702,1699,1,"LINESTRING (108.920712 34.243749, 108.92071 34.243988)",1,26.58,residential,6,,,,auto,
3935,,4083,1699,1697,1,"LINESTRING (108.92071 34.243988, 108.920708 34.244287)",1,33.25,residential,6,,,,auto,
3936,,4083,1697,1699,1,"LINESTRING (108.920708 34.244287, 108.92071 34.243988)",1,33.25,residential,6,,,,auto,
3937,,4087,1703,1704,1,"LINESTRING (108.915456 34.241887, 108.915467 34.241005)",1,98.08,residential,6,,,,auto,
3938,,4087,1704,1703,1,"LINESTRING (108.915467 34.241005, 108.915456 34.241887)",1,98.08,residential,6,,,,auto,
3939,,4088,1703,821,1,"LINESTRING (108.915456 34.241887, 108.91597 34.241885)",1,47.25,residential,6,,,,auto,
3940,,4088,821,1703,1,"LINESTRING (108.91597 34.241885, 108.915456 34.241887)",1,47.25,residential,6,,,,auto,
3941,,4089,1704,1705,1,"LINESTRING (108.915467 34.241005, 108.916486 34.240999)",1,93.67,residential,6,,,,auto,
3942,,4089,1705,1704,1,"LINESTRING (108.916486 34.240999, 108.915467 34.241005)",1,93.67,residential,6,,,,auto,
3943,,4090,1704,1703,1,"LINESTRING (108.915467 34.241005, 108.915456 34.241887)",1,98.08,residential,6,,,,auto,
3944,,4090,1703,1704,1,"LINESTRING (108.915456 34.241887, 108.915467 34.241005)",1,98.08,residential,6,,,,auto,
3945,,4091,1705,1706,1,"LINESTRING (108.916486 34.240999, 108.91648 34.241444)",1,49.48,residential,6,,,,auto,
3946,,4091,1706,1705,1,"LINESTRING (108.91648 34.241444, 108.916486 34.240999)",1,49.48,residential,6,,,,auto,
3947,,4092,1705,1704,1,"LINESTRING (108.916486 34.240999, 108.915467 34.241005)",1,93.67,residential,6,,,,auto,
3948,,4092,1704,1705,1,"LINESTRING (108.915467 34.241005, 108.916486 34.240999)",1,93.67,residential,6,,,,auto,
3949,,4093,1706,1707,1,"LINESTRING (108.91648 34.241444, 108.916016 34.241453)",1,42.66,residential,6,,,,auto,
3950,,4093,1707,1706,1,"LINESTRING (108.916016 34.241453, 108.91648 34.241444)",1,42.66,residential,6,,,,auto,
3951,,4094,1706,1705,1,"LINESTRING (108.91648 34.241444, 108.916486 34.240999)",1,49.48,residential,6,,,,auto,
3952,,4094,1705,1706,1,"LINESTRING (108.916486 34.240999, 108.91648 34.241444)",1,49.48,residential,6,,,,auto,
3953,,4095,1707,1708,1,"LINESTRING (108.916016 34.241453, 108.91597 34.241506)",1,7.25,residential,6,,,,auto,
3954,,4095,1708,1707,1,"LINESTRING (108.91597 34.241506, 108.916016 34.241453)",1,7.25,residential,6,,,,auto,
3955,,4096,1707,1706,1,"LINESTRING (108.916016 34.241453, 108.91648 34.241444)",1,42.66,residential,6,,,,auto,
3956,,4096,1706,1707,1,"LINESTRING (108.91648 34.241444, 108.916016 34.241453)",1,42.66,residential,6,,,,auto,
3957,,4097,1708,821,1,"LINESTRING (108.91597 34.241506, 108.91597 34.241885)",1,42.14,residential,6,,,,auto,
3958,,4097,821,1708,1,"LINESTRING (108.91597 34.241885, 108.91597 34.241506)",1,42.14,residential,6,,,,auto,
3959,,4098,1708,1707,1,"LINESTRING (108.91597 34.241506, 108.916016 34.241453)",1,7.25,residential,6,,,,auto,
3960,,4098,1707,1708,1,"LINESTRING (108.916016 34.241453, 108.91597 34.241506)",1,7.25,residential,6,,,,auto,
3961,,4099,821,1703,1,"LINESTRING (108.91597 34.241885, 108.915456 34.241887)",1,47.25,residential,6,,,,auto,
3962,,4099,1703,821,1,"LINESTRING (108.915456 34.241887, 108.91597 34.241885)",1,47.25,residential,6,,,,auto,
3963,,4100,821,820,1,"LINESTRING (108.91597 34.241885, 108.916227 34.241884)",1,23.62,residential,6,,,,auto,
3964,,4100,820,821,1,"LINESTRING (108.916227 34.241884, 108.91597 34.241885)",1,23.62,residential,6,,,,auto,
3965,,4101,821,1708,1,"LINESTRING (108.91597 34.241885, 108.91597 34.241506)",1,42.14,residential,6,,,,auto,
3966,,4101,1708,821,1,"LINESTRING (108.91597 34.241506, 108.91597 34.241885)",1,42.14,residential,6,,,,auto,
3967,永松路,4102,1054,1197,1,"LINESTRING (108.920857 34.22855, 108.920416 34.227874)",1,85.40,tertiary,5,,2,,auto,
3968,永松路,4103,1203,1040,1,"LINESTRING (108.921522 34.22946, 108.922389 34.230818)",1,170.75,tertiary,5,,2,,auto,
3969,光华路,4104,1196,1201,1,"LINESTRING (108.919766 34.227862, 108.918332 34.228506)",1,150.03,tertiary,5,,2,,auto,
3970,光华路,4105,1299,1297,1,"LINESTRING (108.919284 34.228008, 108.920057 34.22766)",1,80.92,tertiary,5,,2,,auto,
3971,光华路,4106,1202,1198,1,"LINESTRING (108.917864 34.228714, 108.917432 34.228906)",1,45.09,tertiary,5,,2,,auto,
3972,光华路,4107,1301,1298,1,"LINESTRING (108.917504 34.228808, 108.918302 34.228449)",1,83.52,tertiary,5,,2,,auto,
3973,科技路,4108,1709,1710,1,"LINESTRING (108.907267 34.229496, 108.907044 34.229598)",1,23.43,primary,3,60,3,,auto,
3974,科技路,4109,1710,1177,1,"LINESTRING (108.907044 34.229598, 108.906703 34.229754)",1,35.83,primary,3,60,3,,auto,
3975,科技路,4110,1711,1055,1,"LINESTRING (108.907207 34.229392, 108.907665 34.22919)",1,47.72,primary,3,60,3,,auto,
3976,科技路,4111,1178,1711,1,"LINESTRING (108.907036 34.229469, 108.907207 34.229392)",1,17.90,primary,3,60,3,,auto,
3977,科技路,4112,696,1709,1,"LINESTRING (108.907726 34.229291, 108.907267 34.229496)",1,47.96,primary,3,60,3,,auto,
3978,高新四路辅路,4113,1712,1342,1,"LINESTRING (108.893754 34.24194, 108.89507 34.243978)",1,256.88,unclassified,20,,,,auto,
3979,科技路,4114,1126,1713,1,"LINESTRING (108.894387 34.235326, 108.894096 34.23546)",1,30.62,primary,3,60,3,,auto,
3980,高新二路,4115,1127,1133,1,"LINESTRING (108.894556 34.234064, 108.894494 34.23397)",1,11.91,tertiary,5,,2,,auto,
3981,科技路,4116,1130,1125,1,"LINESTRING (108.895816 34.234433, 108.896215 34.23426)",1,41.42,primary,3,60,3,,auto,
3982,科技路,4117,185,1179,1,"LINESTRING (108.903715 34.231091, 108.903238 34.231308)",1,50.05,primary,3,60,3,,auto,
3983,科技路,4118,1180,917,1,"LINESTRING (108.903743 34.230957, 108.904282 34.230708)",1,56.76,primary,3,60,3,,auto,
3984,永松西巷,4119,1714,1715,1,"LINESTRING (108.920618 34.232411, 108.921174 34.232165)",1,57.97,residential,6,,,,auto,
3985,永松西巷,4119,1715,1714,1,"LINESTRING (108.921174 34.232165, 108.920618 34.232411)",1,57.97,residential,6,,,,auto,
3986,永松西巷,4120,1714,670,1,"LINESTRING (108.920618 34.232411, 108.920492 34.232208)",1,25.37,residential,6,,,,auto,
3987,永松西巷,4120,670,1714,1,"LINESTRING (108.920492 34.232208, 108.920618 34.232411)",1,25.37,residential,6,,,,auto,
3988,永松西巷,4121,1715,1714,1,"LINESTRING (108.921174 34.232165, 108.920618 34.232411)",1,57.97,residential,6,,,,auto,
3989,永松西巷,4121,1714,1715,1,"LINESTRING (108.920618 34.232411, 108.921174 34.232165)",1,57.97,residential,6,,,,auto,
3990,永松西巷,4122,670,1714,1,"LINESTRING (108.920492 34.232208, 108.920618 34.232411)",1,25.37,residential,6,,,,auto,
3991,永松西巷,4122,1714,670,1,"LINESTRING (108.920618 34.232411, 108.920492 34.232208)",1,25.37,residential,6,,,,auto,
3992,永松西巷,4123,670,669,1,"LINESTRING (108.920492 34.232208, 108.920229 34.231781)",1,53.28,residential,6,,,,auto,
3993,永松西巷,4123,669,670,1,"LINESTRING (108.920229 34.231781, 108.920492 34.232208)",1,53.28,residential,6,,,,auto,
3994,,4124,670,1716,1,"LINESTRING (108.920492 34.232208, 108.919501 34.232656)",1,103.83,residential,6,,,,auto,
3995,,4124,1716,670,1,"LINESTRING (108.919501 34.232656, 108.920492 34.232208)",1,103.83,residential,6,,,,auto,
3996,,4125,1716,670,1,"LINESTRING (108.919501 34.232656, 108.920492 34.232208)",1,103.83,residential,6,,,,auto,
3997,,4125,670,1716,1,"LINESTRING (108.920492 34.232208, 108.919501 34.232656)",1,103.83,residential,6,,,,auto,
3998,科创路,4126,1560,995,1,"LINESTRING (108.900235 34.228331, 108.899451 34.228674)",1,81.55,tertiary,5,,2,,auto,
3999,科创路,4127,1717,1368,1,"LINESTRING (108.901401 34.227728, 108.901584 34.227651)",1,18.88,tertiary,5,,,,auto,
4000,科创路,4128,1185,1717,1,"LINESTRING (108.901398 34.22773, 108.901401 34.227728)",1,0.35,tertiary,5,,,,auto,
4001,白沙路,4129,1190,1718,1,"LINESTRING (108.905027 34.227535, 108.904966 34.227443)",1,11.67,tertiary,5,,2,,auto,
