link_id,name,osm_way_id,from_node_id,to_node_id,directed,geometry,dir_flag,length,facility_type,link_type,free_speed,lanes,capacity,allowed_uses,notes
1,西长安街,0,1,2,1,"LINESTRING (116.388928 39.905999, 116.389446 39.906016)",1,44.22,trunk,2,,,,auto,
2,西长安街,1,3,4,1,"LINESTRING (116.392631 39.906113, 116.39308 39.906126)",1,38.33,trunk,2,,,,auto,
3,人大会堂西路,2,5,6,1,"LINESTRING (116.385592 39.901994, 116.385673 39.901972)",1,7.33,tertiary,5,,,,auto,
4,人大会堂西路,2,6,5,1,"LINESTRING (116.385673 39.901972, 116.385592 39.901994)",1,7.33,tertiary,5,,,,auto,
5,人大会堂西路,3,5,7,1,"LINESTRING (116.385592 39.901994, 116.38559 39.902168)",1,19.35,tertiary,5,,,,auto,
6,人大会堂西路,3,7,5,1,"LINESTRING (116.38559 39.902168, 116.385592 39.901994)",1,19.35,tertiary,5,,,,auto,
7,人大会堂西路,4,5,8,1,"LINESTRING (116.385592 39.901994, 116.385463 39.901901)",1,15.10,tertiary,5,,,,auto,
8,人大会堂西路,4,8,5,1,"LINESTRING (116.385463 39.901901, 116.385592 39.901994)",1,15.10,tertiary,5,,,,auto,
9,人大会堂西路,5,9,10,1,"LINESTRING (116.386284 39.901695, 116.386523 39.901568)",1,24.80,tertiary,5,,,,auto,
10,人大会堂西路,5,10,9,1,"LINESTRING (116.386523 39.901568, 116.386284 39.901695)",1,24.80,tertiary,5,,,,auto,
11,人大会堂西路,6,9,11,1,"LINESTRING (116.386284 39.901695, 116.38589 39.901889)",1,39.94,tertiary,5,,,,auto,
12,人大会堂西路,6,11,9,1,"LINESTRING (116.38589 39.901889, 116.386284 39.901695)",1,39.94,tertiary,5,,,,auto,
13,人大会堂西路,7,12,13,1,"LINESTRING (116.386719 39.901488, 116.386888 39.901453)",1,14.93,tertiary,5,,,,auto,
14,人大会堂西路,7,13,12,1,"LINESTRING (116.386888 39.901453, 116.386719 39.901488)",1,14.93,tertiary,5,,,,auto,
15,人大会堂西路,8,12,14,1,"LINESTRING (116.386719 39.901488, 116.386542 39.901558)",1,16.99,tertiary,5,,,,auto,
16,人大会堂西路,8,14,12,1,"LINESTRING (116.386542 39.901558, 116.386719 39.901488)",1,16.99,tertiary,5,,,,auto,
17,人大会堂西路,9,15,16,1,"LINESTRING (116.385395 39.901793, 116.385392 39.901762)",1,3.46,tertiary,5,,,,auto,
18,人大会堂西路,9,16,15,1,"LINESTRING (116.385392 39.901762, 116.385395 39.901793)",1,3.46,tertiary,5,,,,auto,
19,人大会堂西路,10,15,17,1,"LINESTRING (116.385395 39.901793, 116.385401 39.901822)",1,3.27,tertiary,5,,,,auto,
20,人大会堂西路,10,17,15,1,"LINESTRING (116.385401 39.901822, 116.385395 39.901793)",1,3.27,tertiary,5,,,,auto,
21,南河沿大街,11,18,19,1,"LINESTRING (116.400416 39.906864, 116.40043 39.907258)",1,43.83,secondary,4,,,,auto,
22,南河沿大街,11,19,18,1,"LINESTRING (116.40043 39.907258, 116.400416 39.906864)",1,43.83,secondary,4,,,,auto,
23,南河沿大街,12,18,20,1,"LINESTRING (116.400416 39.906864, 116.400414 39.906809)",1,6.12,secondary,4,,,,auto,
24,南河沿大街,12,20,18,1,"LINESTRING (116.400414 39.906809, 116.400416 39.906864)",1,6.12,secondary,4,,,,auto,
25,东长安街,13,21,22,1,"LINESTRING (116.405456 39.906762, 116.40531 39.906759)",1,12.46,trunk,2,,,,auto,
26,,14,23,24,1,"LINESTRING (116.400542 39.911615, 116.40104 39.91163)",1,42.51,residential,6,,,,auto,
27,,14,24,23,1,"LINESTRING (116.40104 39.91163, 116.400542 39.911615)",1,42.51,residential,6,,,,auto,
28,南河沿大街,15,23,25,1,"LINESTRING (116.400542 39.911615, 116.400523 39.911999)",1,42.73,secondary,4,,,,auto,
29,南河沿大街,15,25,23,1,"LINESTRING (116.400523 39.911999, 116.400542 39.911615)",1,42.73,secondary,4,,,,auto,
30,南河沿大街,16,23,26,1,"LINESTRING (116.400542 39.911615, 116.400577 39.910729)",1,98.56,secondary,4,,,,auto,
31,南河沿大街,16,26,23,1,"LINESTRING (116.400577 39.910729, 116.400542 39.911615)",1,98.56,secondary,4,,,,auto,
32,灯市口大街,17,27,28,1,"LINESTRING (116.405085 39.917152, 116.405809 39.917183)",1,61.84,tertiary,5,,,,auto,
33,灯市口大街,17,28,27,1,"LINESTRING (116.405809 39.917183, 116.405085 39.917152)",1,61.84,tertiary,5,,,,auto,
34,灯市口大街,18,27,29,1,"LINESTRING (116.405085 39.917152, 116.404996 39.917148)",1,7.60,tertiary,5,,,,auto,
35,灯市口大街,18,29,27,1,"LINESTRING (116.404996 39.917148, 116.405085 39.917152)",1,7.60,tertiary,5,,,,auto,
36,东华门大街,22,30,31,1,"LINESTRING (116.395476 39.913733, 116.395576 39.913738)",1,8.55,unclassified,20,,,,auto,
37,东华门大街,22,31,30,1,"LINESTRING (116.395576 39.913738, 116.395476 39.913733)",1,8.55,unclassified,20,,,,auto,
38,北池子大街,23,32,33,1,"LINESTRING (116.396732 39.91377, 116.396641 39.915726)",1,217.64,tertiary,5,,1,,auto,
39,北池子大街,23,33,32,1,"LINESTRING (116.396641 39.915726, 116.396732 39.91377)",1,217.64,tertiary,5,,1,,auto,
40,南池子大街,24,32,34,1,"LINESTRING (116.396732 39.91377, 116.396763 39.91317)",1,66.77,tertiary,5,,1,,auto,
41,南池子大街,24,34,32,1,"LINESTRING (116.396763 39.91317, 116.396732 39.91377)",1,66.77,tertiary,5,,1,,auto,
42,东华门大街,25,32,35,1,"LINESTRING (116.396732 39.91377, 116.397381 39.913798)",1,55.44,secondary,4,,,,auto,
43,东华门大街,25,35,32,1,"LINESTRING (116.397381 39.913798, 116.396732 39.91377)",1,55.44,secondary,4,,,,auto,
44,东华门大街,26,32,36,1,"LINESTRING (116.396732 39.91377, 116.396612 39.913766)",1,10.24,unclassified,20,,,,auto,
45,东华门大街,26,36,32,1,"LINESTRING (116.396612 39.913766, 116.396732 39.91377)",1,10.24,unclassified,20,,,,auto,
46,东安门大街,27,37,38,1,"LINESTRING (116.400386 39.913891, 116.40091 39.913903)",1,44.71,secondary,4,,,,auto,
47,东安门大街,27,38,37,1,"LINESTRING (116.40091 39.913903, 116.400386 39.913891)",1,44.71,secondary,4,,,,auto,
48,南河沿大街,28,37,39,1,"LINESTRING (116.400386 39.913891, 116.400474 39.912672)",1,135.75,secondary,4,,,,auto,
49,南河沿大街,28,39,37,1,"LINESTRING (116.400474 39.912672, 116.400386 39.913891)",1,135.75,secondary,4,,,,auto,
50,北河沿大街,29,37,40,1,"LINESTRING (116.400386 39.913891, 116.400351 39.914391)",1,55.68,secondary,4,,,,auto,
51,北河沿大街,29,40,37,1,"LINESTRING (116.400351 39.914391, 116.400386 39.913891)",1,55.68,secondary,4,,,,auto,
52,东华门大街,30,37,41,1,"LINESTRING (116.400386 39.913891, 116.399068 39.913838)",1,112.56,secondary,4,,,,auto,
53,东华门大街,30,41,37,1,"LINESTRING (116.399068 39.913838, 116.400386 39.913891)",1,112.56,secondary,4,,,,auto,
54,正义路,35,42,43,1,"LINESTRING (116.400437 39.903112, 116.400482 39.902111)",1,111.37,tertiary,5,,,,auto,
55,,36,42,44,1,"LINESTRING (116.400437 39.903112, 116.400818 39.903137)",1,32.62,unclassified,20,,,,auto,
56,,36,44,42,1,"LINESTRING (116.400818 39.903137, 116.400437 39.903112)",1,32.62,unclassified,20,,,,auto,
57,西华门大街,49,45,46,1,"LINESTRING (116.386329 39.913412, 116.385682 39.913388)",1,55.25,unclassified,20,,,,auto,
58,西华门大街,49,46,45,1,"LINESTRING (116.385682 39.913388, 116.386329 39.913412)",1,55.25,unclassified,20,,,,auto,
59,北长街,50,47,48,1,"LINESTRING (116.38518 39.913367, 116.385137 39.914367)",1,111.26,tertiary,5,,,,auto,
60,北长街,50,48,47,1,"LINESTRING (116.385137 39.914367, 116.38518 39.913367)",1,111.26,tertiary,5,,,,auto,
61,南长街,51,47,49,1,"LINESTRING (116.38518 39.913367, 116.38519 39.913044)",1,35.93,tertiary,5,,,,auto,
62,南长街,51,49,47,1,"LINESTRING (116.38519 39.913044, 116.38518 39.913367)",1,35.93,tertiary,5,,,,auto,
63,西华门大街,52,47,46,1,"LINESTRING (116.38518 39.913367, 116.385682 39.913388)",1,42.88,unclassified,20,,,,auto,
64,西华门大街,52,46,47,1,"LINESTRING (116.385682 39.913388, 116.38518 39.913367)",1,42.88,unclassified,20,,,,auto,
65,灯市口西街,55,50,51,1,"LINESTRING (116.400801 39.916966, 116.402316 39.917036)",1,129.44,tertiary,5,,,,auto,
66,灯市口西街,55,51,50,1,"LINESTRING (116.402316 39.917036, 116.400801 39.916966)",1,129.44,tertiary,5,,,,auto,
67,灯市口西街,56,50,52,1,"LINESTRING (116.400801 39.916966, 116.400533 39.916957)",1,22.88,tertiary,5,,,,auto,
68,灯市口西街,56,52,50,1,"LINESTRING (116.400533 39.916957, 116.400801 39.916966)",1,22.88,tertiary,5,,,,auto,
69,东黄城根南街,57,50,53,1,"LINESTRING (116.400801 39.916966, 116.400729 39.918618)",1,183.80,unclassified,20,,,,auto,
70,东安门大街,58,38,37,1,"LINESTRING (116.40091 39.913903, 116.400386 39.913891)",1,44.71,secondary,4,,,,auto,
71,东安门大街,58,37,38,1,"LINESTRING (116.400386 39.913891, 116.40091 39.913903)",1,44.71,secondary,4,,,,auto,
72,东安门大街,59,38,54,1,"LINESTRING (116.40091 39.913903, 116.402277 39.913979)",1,116.89,secondary,4,,,,auto,
73,东安门大街,59,54,38,1,"LINESTRING (116.402277 39.913979, 116.40091 39.913903)",1,116.89,secondary,4,,,,auto,
74,东黄城根南街,60,38,55,1,"LINESTRING (116.40091 39.913903, 116.400893 39.914906)",1,111.54,unclassified,20,,,,auto,
75,大阮府胡同,61,24,56,1,"LINESTRING (116.40104 39.91163, 116.401926 39.911662)",1,75.65,residential,6,,,,auto,
76,大阮府胡同,61,56,24,1,"LINESTRING (116.401926 39.911662, 116.40104 39.91163)",1,75.65,residential,6,,,,auto,
77,,62,24,23,1,"LINESTRING (116.40104 39.91163, 116.400542 39.911615)",1,42.51,residential,6,,,,auto,
78,,62,23,24,1,"LINESTRING (116.400542 39.911615, 116.40104 39.91163)",1,42.51,residential,6,,,,auto,
79,晨光街,63,24,57,1,"LINESTRING (116.40104 39.91163, 116.400986 39.912608)",1,108.85,unclassified,20,,,,auto,
80,晨光街,64,58,59,1,"LINESTRING (116.401054 39.910673, 116.401057 39.91058)",1,10.34,residential,6,,,,auto,
81,晨光街,64,59,58,1,"LINESTRING (116.401057 39.91058, 116.401054 39.910673)",1,10.34,residential,6,,,,auto,
82,晨光街,65,58,60,1,"LINESTRING (116.401054 39.910673, 116.401051 39.910772)",1,11.01,unclassified,20,,,,auto,
83,大甜水井胡同,66,58,61,1,"LINESTRING (116.401054 39.910673, 116.401128 39.910669)",1,6.33,residential,6,,,,auto,
84,大甜水井胡同,66,61,58,1,"LINESTRING (116.401128 39.910669, 116.401054 39.910673)",1,6.33,residential,6,,,,auto,
85,东皇城门南街,67,62,63,1,"LINESTRING (116.400572 39.910653, 116.400708 39.910656)",1,11.60,unclassified,20,,,,auto,
86,南河沿大街,68,62,26,1,"LINESTRING (116.400572 39.910653, 116.400577 39.910729)",1,8.46,secondary,4,,,,auto,
87,南河沿大街,68,26,62,1,"LINESTRING (116.400577 39.910729, 116.400572 39.910653)",1,8.46,secondary,4,,,,auto,
88,南河沿大街,69,62,64,1,"LINESTRING (116.400572 39.910653, 116.400572 39.910592)",1,6.78,secondary,4,,,,auto,
89,南河沿大街,69,64,62,1,"LINESTRING (116.400572 39.910592, 116.400572 39.910653)",1,6.78,secondary,4,,,,auto,
90,东单三条,70,65,66,1,"LINESTRING (116.405153 39.909146, 116.405193 39.909146)",1,3.41,tertiary,5,,,,auto,
91,东单三条,70,66,65,1,"LINESTRING (116.405193 39.909146, 116.405153 39.909146)",1,3.41,tertiary,5,,,,auto,
92,大纱帽胡同,72,65,67,1,"LINESTRING (116.405153 39.909146, 116.405117 39.909144)",1,3.08,residential,6,,,,auto,
93,大纱帽胡同,72,67,65,1,"LINESTRING (116.405117 39.909144, 116.405153 39.909146)",1,3.08,residential,6,,,,auto,
94,校尉胡同,73,464,69,1,"LINESTRING (116.407596 39.909214, 116.40762 39.910112)",1,99.87,tertiary,5,,,,auto,
97,,75,71,72,1,"LINESTRING (116.406142 39.910658, 116.406115 39.911827)",1,130.01,unclassified,20,,,,auto,
98,,75,72,71,1,"LINESTRING (116.406115 39.911827, 116.406142 39.910658)",1,130.01,unclassified,20,,,,auto,
99,帅府园胡同,76,71,73,1,"LINESTRING (116.406142 39.910658, 116.407557 39.910719)",1,120.88,unclassified,20,,,,auto,
100,帅府园胡同,76,73,71,1,"LINESTRING (116.407557 39.910719, 116.406142 39.910658)",1,120.88,unclassified,20,,,,auto,
101,帅府园胡同,77,71,74,1,"LINESTRING (116.406142 39.910658, 116.405077 39.910622)",1,90.92,unclassified,20,,,,auto,
102,帅府园胡同,77,74,71,1,"LINESTRING (116.405077 39.910622, 116.406142 39.910658)",1,90.92,unclassified,20,,,,auto,
103,校尉胡同,78,75,76,1,"LINESTRING (116.407637 39.91072, 116.407657 39.911406)",1,76.30,tertiary,5,,,,auto,
104,帅府园胡同,79,75,73,1,"LINESTRING (116.407637 39.91072, 116.407557 39.910719)",1,6.82,unclassified,20,,,,auto,
105,帅府园胡同,79,73,75,1,"LINESTRING (116.407557 39.910719, 116.407637 39.91072)",1,6.82,unclassified,20,,,,auto,
106,校尉胡同,81,77,78,1,"LINESTRING (116.407744 39.914015, 116.407742 39.914136)",1,13.46,tertiary,5,,2,,auto,
107,校尉胡同,82,79,80,1,"LINESTRING (116.407713 39.91283, 116.407713 39.912758)",1,8.01,tertiary,5,,,,auto,
108,校尉胡同,82,80,79,1,"LINESTRING (116.407713 39.912758, 116.407713 39.91283)",1,8.01,tertiary,5,,,,auto,
109,校尉胡同,83,79,81,1,"LINESTRING (116.407713 39.91283, 116.407713 39.913053)",1,24.80,tertiary,5,,,,auto,
110,校尉胡同,83,81,79,1,"LINESTRING (116.407713 39.913053, 116.407713 39.91283)",1,24.80,tertiary,5,,,,auto,
111,,84,82,83,1,"LINESTRING (116.402722 39.913991, 116.402768 39.912888)",1,122.71,tertiary,5,,,,auto,
112,,84,83,82,1,"LINESTRING (116.402768 39.912888, 116.402722 39.913991)",1,122.71,tertiary,5,,,,auto,
113,东安门大街,85,82,84,1,"LINESTRING (116.402722 39.913991, 116.402395 39.913983)",1,27.90,secondary,4,,,,auto,
114,东安门大街,85,84,82,1,"LINESTRING (116.402395 39.913983, 116.402722 39.913991)",1,27.90,secondary,4,,,,auto,
115,东安门大街,86,82,85,1,"LINESTRING (116.402722 39.913991, 116.40474 39.914041)",1,172.20,secondary,4,,,,auto,
116,东安门大街,86,85,82,1,"LINESTRING (116.40474 39.914041, 116.402722 39.913991)",1,172.20,secondary,4,,,,auto,
117,大阮府胡同,87,86,87,1,"LINESTRING (116.402822 39.91169, 116.404907 39.911781)",1,178.12,residential,6,,,,auto,
118,大阮府胡同,87,87,86,1,"LINESTRING (116.404907 39.911781, 116.402822 39.91169)",1,178.12,residential,6,,,,auto,
119,大阮府胡同,88,86,56,1,"LINESTRING (116.402822 39.91169, 116.401926 39.911662)",1,76.48,residential,6,,,,auto,
120,大阮府胡同,88,56,86,1,"LINESTRING (116.401926 39.911662, 116.402822 39.91169)",1,76.48,residential,6,,,,auto,
121,,89,86,88,1,"LINESTRING (116.402822 39.91169, 116.402798 39.912327)",1,70.86,tertiary,5,,,,auto,
122,,89,88,86,1,"LINESTRING (116.402798 39.912327, 116.402822 39.91169)",1,70.86,tertiary,5,,,,auto,
123,柏树胡同,93,89,90,1,"LINESTRING (116.404813 39.916194, 116.405038 39.9162)",1,19.20,unclassified,20,,,,auto,
124,柏树胡同,93,90,89,1,"LINESTRING (116.405038 39.9162, 116.404813 39.916194)",1,19.20,unclassified,20,,,,auto,
125,甘雨胡同,94,91,92,1,"LINESTRING (116.40487 39.915481, 116.405117 39.915485)",1,21.07,tertiary,5,,,,auto,
126,甘雨胡同,94,92,91,1,"LINESTRING (116.405117 39.915485, 116.40487 39.915481)",1,21.07,tertiary,5,,,,auto,
127,,95,91,93,1,"LINESTRING (116.40487 39.915481, 116.404667 39.915492)",1,17.36,unclassified,20,,,,auto,
128,,95,93,91,1,"LINESTRING (116.404667 39.915492, 116.40487 39.915481)",1,17.36,unclassified,20,,,,auto,
129,,98,94,95,1,"LINESTRING (116.405907 39.914782, 116.405884 39.914833)",1,6.00,residential,6,,,,auto,
130,,98,95,94,1,"LINESTRING (116.405884 39.914833, 116.405907 39.914782)",1,6.00,residential,6,,,,auto,
131,西堂子胡同,99,94,96,1,"LINESTRING (116.405907 39.914782, 116.406378 39.91479)",1,40.18,residential,6,,,,auto,
132,西堂子胡同,99,96,94,1,"LINESTRING (116.406378 39.91479, 116.405907 39.914782)",1,40.18,residential,6,,,,auto,
133,甘雨胡同,100,97,92,1,"LINESTRING (116.405868 39.915497, 116.405117 39.915485)",1,64.06,tertiary,5,,,,auto,
134,甘雨胡同,100,92,97,1,"LINESTRING (116.405117 39.915485, 116.405868 39.915497)",1,64.06,tertiary,5,,,,auto,
135,甘雨胡同,101,97,98,1,"LINESTRING (116.405868 39.915497, 116.406856 39.915523)",1,84.31,tertiary,5,,,,auto,
136,甘雨胡同,101,98,97,1,"LINESTRING (116.406856 39.915523, 116.405868 39.915497)",1,84.31,tertiary,5,,,,auto,
137,,102,97,95,1,"LINESTRING (116.405868 39.915497, 116.405884 39.914833)",1,73.85,residential,6,,,,auto,
138,,102,95,97,1,"LINESTRING (116.405884 39.914833, 116.405868 39.915497)",1,73.85,residential,6,,,,auto,
139,,103,95,94,1,"LINESTRING (116.405884 39.914833, 116.405907 39.914782)",1,6.00,residential,6,,,,auto,
140,,103,94,95,1,"LINESTRING (116.405907 39.914782, 116.405884 39.914833)",1,6.00,residential,6,,,,auto,
141,,104,95,97,1,"LINESTRING (116.405884 39.914833, 116.405868 39.915497)",1,73.85,residential,6,,,,auto,
142,,104,97,95,1,"LINESTRING (116.405868 39.915497, 116.405884 39.914833)",1,73.85,residential,6,,,,auto,
143,东交民巷,105,99,100,1,"LINESTRING (116.400479 39.901034, 116.400745 39.901053)",1,22.79,unclassified,20,,,,auto,
144,东交民巷,105,100,99,1,"LINESTRING (116.400745 39.901053, 116.400479 39.901034)",1,22.79,unclassified,20,,,,auto,
145,东交民巷,106,101,102,1,"LINESTRING (116.405454 39.901198, 116.405581 39.901185)",1,10.93,unclassified,20,,,,auto,
146,东交民巷,106,102,101,1,"LINESTRING (116.405581 39.901185, 116.405454 39.901198)",1,10.93,unclassified,20,,,,auto,
147,东交民巷,107,101,103,1,"LINESTRING (116.405454 39.901198, 116.405299 39.901201)",1,13.23,unclassified,20,,,,auto,
148,东交民巷,107,103,101,1,"LINESTRING (116.405299 39.901201, 116.405454 39.901198)",1,13.23,unclassified,20,,,,auto,
149,台基厂大街,108,101,104,1,"LINESTRING (116.405454 39.901198, 116.405454 39.901116)",1,9.12,tertiary,5,,,,auto,
150,台基厂大街,108,104,101,1,"LINESTRING (116.405454 39.901116, 116.405454 39.901198)",1,9.12,tertiary,5,,,,auto,
151,台基厂大街,109,101,105,1,"LINESTRING (116.405454 39.901198, 116.405452 39.901303)",1,11.68,tertiary,5,,,,auto,
152,台基厂大街,109,105,101,1,"LINESTRING (116.405452 39.901303, 116.405454 39.901198)",1,11.68,tertiary,5,,,,auto,
153,东交民巷,110,106,107,1,"LINESTRING (116.407517 39.900976, 116.407795 39.90095)",1,23.89,unclassified,20,,,,auto,
154,东交民巷,110,107,106,1,"LINESTRING (116.407795 39.90095, 116.407517 39.900976)",1,23.89,unclassified,20,,,,auto,
155,东交民巷,111,106,102,1,"LINESTRING (116.407517 39.900976, 116.405581 39.901185)",1,166.77,unclassified,20,,,,auto,
156,东交民巷,111,102,106,1,"LINESTRING (116.405581 39.901185, 116.407517 39.900976)",1,166.77,unclassified,20,,,,auto,
157,东长安街,137,108,109,1,"LINESTRING (116.38984 39.906273, 116.38943 39.90626)",1,35.00,trunk,2,70,5,,auto,
158,东长安街,150,110,111,1,"LINESTRING (116.397381 39.90653, 116.397096 39.906522)",1,24.33,trunk,2,,5,,auto,
159,东长安街,151,112,113,1,"LINESTRING (116.399981 39.906433, 116.400026 39.906434)",1,3.84,trunk,2,,,,auto,
160,台基厂大街,152,114,115,1,"LINESTRING (116.405229 39.906377, 116.405287 39.905222)",1,128.53,tertiary,5,,,,auto,
161,台基厂大街,152,115,114,1,"LINESTRING (116.405287 39.905222, 116.405229 39.906377)",1,128.53,tertiary,5,,,,auto,
162,台基厂大街,153,114,116,1,"LINESTRING (116.405229 39.906377, 116.405226 39.906433)",1,6.23,tertiary,5,,,,auto,
163,台基厂大街,153,116,114,1,"LINESTRING (116.405226 39.906433, 116.405229 39.906377)",1,6.23,tertiary,5,,,,auto,
164,西长安街,154,117,118,1,"LINESTRING (116.385872 39.90615, 116.385634 39.906142)",1,20.32,trunk,2,,,,auto,
165,东长安街,155,119,120,1,"LINESTRING (116.393616 39.906396, 116.39307 39.906373)",1,46.64,trunk,2,,5,,auto,
166,灯市口西街,156,51,121,1,"LINESTRING (116.402316 39.917036, 116.402684 39.917043)",1,31.39,tertiary,5,,,,auto,
167,灯市口西街,156,121,51,1,"LINESTRING (116.402684 39.917043, 116.402316 39.917036)",1,31.39,tertiary,5,,,,auto,
168,灯市口西街,157,51,50,1,"LINESTRING (116.402316 39.917036, 116.400801 39.916966)",1,129.44,tertiary,5,,,,auto,
169,灯市口西街,157,50,51,1,"LINESTRING (116.400801 39.916966, 116.402316 39.917036)",1,129.44,tertiary,5,,,,auto,
170,大草厂胡同,160,122,123,1,"LINESTRING (116.402212 39.918652, 116.401929 39.918646)",1,24.14,residential,6,,,,auto,
171,大草厂胡同,160,123,122,1,"LINESTRING (116.401929 39.918646, 116.402212 39.918652)",1,24.14,residential,6,,,,auto,
172,大草厂胡同,161,122,124,1,"LINESTRING (116.402212 39.918652, 116.402581 39.918661)",1,31.48,residential,6,,,,auto,
173,大草厂胡同,161,124,122,1,"LINESTRING (116.402581 39.918661, 116.402212 39.918652)",1,31.48,residential,6,,,,auto,
174,灯市口西街,163,121,125,1,"LINESTRING (116.402684 39.917043, 116.402856 39.917049)",1,14.68,tertiary,5,,,,auto,
175,灯市口西街,163,125,121,1,"LINESTRING (116.402856 39.917049, 116.402684 39.917043)",1,14.68,tertiary,5,,,,auto,
176,灯市口西街,164,121,51,1,"LINESTRING (116.402684 39.917043, 116.402316 39.917036)",1,31.39,tertiary,5,,,,auto,
177,灯市口西街,164,51,121,1,"LINESTRING (116.402316 39.917036, 116.402684 39.917043)",1,31.39,tertiary,5,,,,auto,
178,富强胡同,165,121,126,1,"LINESTRING (116.402684 39.917043, 116.402581 39.918207)",1,129.73,residential,6,,,,auto,
179,富强胡同,165,126,121,1,"LINESTRING (116.402581 39.918207, 116.402684 39.917043)",1,129.73,residential,6,,,,auto,
180,富强胡同,166,126,124,1,"LINESTRING (116.402581 39.918207, 116.402581 39.918661)",1,50.48,residential,6,,,,auto,
181,富强胡同,166,124,126,1,"LINESTRING (116.402581 39.918661, 116.402581 39.918207)",1,50.48,residential,6,,,,auto,
182,富强胡同,167,126,121,1,"LINESTRING (116.402581 39.918207, 116.402684 39.917043)",1,129.73,residential,6,,,,auto,
183,富强胡同,167,121,126,1,"LINESTRING (116.402684 39.917043, 116.402581 39.918207)",1,129.73,residential,6,,,,auto,
184,富强胡同,168,124,127,1,"LINESTRING (116.402581 39.918661, 116.402581 39.91876)",1,11.01,residential,6,,,,auto,
185,富强胡同,168,127,124,1,"LINESTRING (116.402581 39.91876, 116.402581 39.918661)",1,11.01,residential,6,,,,auto,
186,富强胡同,169,124,126,1,"LINESTRING (116.402581 39.918661, 116.402581 39.918207)",1,50.48,residential,6,,,,auto,
187,富强胡同,169,126,124,1,"LINESTRING (116.402581 39.918207, 116.402581 39.918661)",1,50.48,residential,6,,,,auto,
188,大草厂胡同,170,124,122,1,"LINESTRING (116.402581 39.918661, 116.402212 39.918652)",1,31.48,residential,6,,,,auto,
189,大草厂胡同,170,122,124,1,"LINESTRING (116.402212 39.918652, 116.402581 39.918661)",1,31.48,residential,6,,,,auto,
190,富强胡同,171,127,124,1,"LINESTRING (116.402581 39.91876, 116.402581 39.918661)",1,11.01,residential,6,,,,auto,
191,富强胡同,171,124,127,1,"LINESTRING (116.402581 39.918661, 116.402581 39.91876)",1,11.01,residential,6,,,,auto,
192,大草厂胡同,172,53,128,1,"LINESTRING (116.400729 39.918618, 116.401139 39.918627)",1,34.98,residential,6,,,,auto,
193,大草厂胡同,172,128,53,1,"LINESTRING (116.401139 39.918627, 116.400729 39.918618)",1,34.98,residential,6,,,,auto,
194,东黄城根南街,173,53,129,1,"LINESTRING (116.400729 39.918618, 116.400728 39.918631)",1,1.45,unclassified,20,,,,auto,
195,大草厂胡同,175,123,130,1,"LINESTRING (116.401929 39.918646, 116.40138 39.918632)",1,46.85,residential,6,,,,auto,
196,大草厂胡同,175,130,123,1,"LINESTRING (116.40138 39.918632, 116.401929 39.918646)",1,46.85,residential,6,,,,auto,
197,大草厂胡同,176,123,122,1,"LINESTRING (116.401929 39.918646, 116.402212 39.918652)",1,24.14,residential,6,,,,auto,
198,大草厂胡同,176,122,123,1,"LINESTRING (116.402212 39.918652, 116.401929 39.918646)",1,24.14,residential,6,,,,auto,
199,大草厂胡同,178,130,128,1,"LINESTRING (116.40138 39.918632, 116.401139 39.918627)",1,20.56,residential,6,,,,auto,
200,大草厂胡同,178,128,130,1,"LINESTRING (116.401139 39.918627, 116.40138 39.918632)",1,20.56,residential,6,,,,auto,
201,大草厂胡同,179,130,123,1,"LINESTRING (116.40138 39.918632, 116.401929 39.918646)",1,46.85,residential,6,,,,auto,
202,大草厂胡同,179,123,130,1,"LINESTRING (116.401929 39.918646, 116.40138 39.918632)",1,46.85,residential,6,,,,auto,
203,大草厂胡同,181,128,53,1,"LINESTRING (116.401139 39.918627, 116.400729 39.918618)",1,34.98,residential,6,,,,auto,
204,大草厂胡同,181,53,128,1,"LINESTRING (116.400729 39.918618, 116.401139 39.918627)",1,34.98,residential,6,,,,auto,
205,大草厂胡同,182,128,130,1,"LINESTRING (116.401139 39.918627, 116.40138 39.918632)",1,20.56,residential,6,,,,auto,
206,大草厂胡同,182,130,128,1,"LINESTRING (116.40138 39.918632, 116.401139 39.918627)",1,20.56,residential,6,,,,auto,
207,红井胡同,197,131,132,1,"LINESTRING (116.385402 39.901448, 116.385276 39.901444)",1,10.76,tertiary,5,,,,auto,
208,红井胡同,197,132,131,1,"LINESTRING (116.385276 39.901444, 116.385402 39.901448)",1,10.76,tertiary,5,,,,auto,
209,人大会堂西路,198,131,133,1,"LINESTRING (116.385402 39.901448, 116.385413 39.901215)",1,25.93,tertiary,5,,,,auto,
210,人大会堂西路,198,133,131,1,"LINESTRING (116.385413 39.901215, 116.385402 39.901448)",1,25.93,tertiary,5,,,,auto,
211,人大会堂西路,199,131,134,1,"LINESTRING (116.385402 39.901448, 116.385392 39.901731)",1,31.48,tertiary,5,,,,auto,
212,人大会堂西路,199,134,131,1,"LINESTRING (116.385392 39.901731, 116.385402 39.901448)",1,31.48,tertiary,5,,,,auto,
213,北池子大街,409,135,136,1,"LINESTRING (116.396505 39.918399, 116.396607 39.916554)",1,205.34,tertiary,5,,1,,auto,
214,北池子大街,409,136,135,1,"LINESTRING (116.396607 39.916554, 116.396505 39.918399)",1,205.34,tertiary,5,,1,,auto,
215,骑河楼街,410,137,138,1,"LINESTRING (116.400182 39.918492, 116.400096 39.918491)",1,7.34,residential,6,,,,auto,
216,北河沿大街,411,137,139,1,"LINESTRING (116.400182 39.918492, 116.400213 39.917896)",1,66.32,secondary,4,,,,auto,
217,北河沿大街,411,139,137,1,"LINESTRING (116.400213 39.917896, 116.400182 39.918492)",1,66.32,secondary,4,,,,auto,
218,骑河楼街,412,140,141,1,"LINESTRING (116.398757 39.918463, 116.39809 39.918444)",1,56.92,residential,6,,,,auto,
219,骑河楼街,413,142,135,1,"LINESTRING (116.397392 39.918416, 116.396505 39.918399)",1,75.67,residential,6,,,,auto,
220,骑河楼街,414,143,142,1,"LINESTRING (116.397537 39.918424, 116.397392 39.918416)",1,12.40,residential,6,,,,auto,
221,骑河楼南巷,415,143,144,1,"LINESTRING (116.397537 39.918424, 116.397557 39.917981)",1,49.29,residential,6,,,,auto,
222,骑河楼南巷,415,144,143,1,"LINESTRING (116.397557 39.917981, 116.397537 39.918424)",1,49.29,residential,6,,,,auto,
223,骑河楼南巷,416,35,145,1,"LINESTRING (116.397381 39.913798, 116.397351 39.914282)",1,53.88,residential,6,,,,auto,
224,骑河楼南巷,416,145,35,1,"LINESTRING (116.397351 39.914282, 116.397381 39.913798)",1,53.88,residential,6,,,,auto,
225,东华门大街,417,35,32,1,"LINESTRING (116.397381 39.913798, 116.396732 39.91377)",1,55.44,secondary,4,,,,auto,
226,东华门大街,417,32,35,1,"LINESTRING (116.396732 39.91377, 116.397381 39.913798)",1,55.44,secondary,4,,,,auto,
227,东华门大街,418,35,146,1,"LINESTRING (116.397381 39.913798, 116.39836 39.913814)",1,83.52,secondary,4,,,,auto,
228,东华门大街,418,146,35,1,"LINESTRING (116.39836 39.913814, 116.397381 39.913798)",1,83.52,secondary,4,,,,auto,
229,骑河楼南巷,419,147,148,1,"LINESTRING (116.397564 39.917639, 116.397539 39.917468)",1,19.13,residential,6,,,,auto,
230,骑河楼南巷,419,148,147,1,"LINESTRING (116.397539 39.917468, 116.397564 39.917639)",1,19.13,residential,6,,,,auto,
231,骑河楼南巷,420,147,144,1,"LINESTRING (116.397564 39.917639, 116.397557 39.917981)",1,38.03,residential,6,,,,auto,
232,骑河楼南巷,420,144,147,1,"LINESTRING (116.397557 39.917981, 116.397564 39.917639)",1,38.03,residential,6,,,,auto,
233,骑河楼南巷,421,149,150,1,"LINESTRING (116.39765 39.916016, 116.39796 39.916011)",1,26.44,residential,6,,,,auto,
234,骑河楼南巷,421,150,149,1,"LINESTRING (116.39796 39.916011, 116.39765 39.916016)",1,26.44,residential,6,,,,auto,
235,骑河楼南巷,422,149,151,1,"LINESTRING (116.39765 39.916016, 116.397642 39.916318)",1,33.59,residential,6,,,,auto,
236,骑河楼南巷,422,151,149,1,"LINESTRING (116.397642 39.916318, 116.39765 39.916016)",1,33.59,residential,6,,,,auto,
237,,423,149,152,1,"LINESTRING (116.39765 39.916016, 116.39765 39.915745)",1,30.13,residential,6,,,,auto,
238,,423,152,149,1,"LINESTRING (116.39765 39.915745, 116.39765 39.916016)",1,30.13,residential,6,,,,auto,
239,骑河楼南巷,424,150,153,1,"LINESTRING (116.39796 39.916011, 116.397994 39.914525)",1,165.26,residential,6,,,,auto,
240,骑河楼南巷,424,153,150,1,"LINESTRING (116.397994 39.914525, 116.39796 39.916011)",1,165.26,residential,6,,,,auto,
241,骑河楼南巷,425,150,149,1,"LINESTRING (116.39796 39.916011, 116.39765 39.916016)",1,26.44,residential,6,,,,auto,
242,骑河楼南巷,425,149,150,1,"LINESTRING (116.39765 39.916016, 116.39796 39.916011)",1,26.44,residential,6,,,,auto,
243,,426,150,154,1,"LINESTRING (116.39796 39.916011, 116.39812 39.916012)",1,13.65,residential,6,,,,auto,
244,,426,154,150,1,"LINESTRING (116.39812 39.916012, 116.39796 39.916011)",1,13.65,residential,6,,,,auto,
245,骑河楼南巷,427,153,155,1,"LINESTRING (116.397994 39.914525, 116.397696 39.91452)",1,25.42,residential,6,,,,auto,
246,骑河楼南巷,427,155,153,1,"LINESTRING (116.397696 39.91452, 116.397994 39.914525)",1,25.42,residential,6,,,,auto,
247,骑河楼南巷,428,153,150,1,"LINESTRING (116.397994 39.914525, 116.39796 39.916011)",1,165.26,residential,6,,,,auto,
248,骑河楼南巷,428,150,153,1,"LINESTRING (116.39796 39.916011, 116.397994 39.914525)",1,165.26,residential,6,,,,auto,
249,骑河楼南巷,429,155,156,1,"LINESTRING (116.397696 39.91452, 116.397704 39.914409)",1,12.36,residential,6,,,,auto,
250,骑河楼南巷,429,156,155,1,"LINESTRING (116.397704 39.914409, 116.397696 39.91452)",1,12.36,residential,6,,,,auto,
251,骑河楼南巷,430,155,153,1,"LINESTRING (116.397696 39.91452, 116.397994 39.914525)",1,25.42,residential,6,,,,auto,
252,骑河楼南巷,430,153,155,1,"LINESTRING (116.397994 39.914525, 116.397696 39.91452)",1,25.42,residential,6,,,,auto,
253,骑河楼南巷,431,156,157,1,"LINESTRING (116.397704 39.914409, 116.39731 39.914408)",1,33.60,residential,6,,,,auto,
254,骑河楼南巷,431,157,156,1,"LINESTRING (116.39731 39.914408, 116.397704 39.914409)",1,33.60,residential,6,,,,auto,
255,骑河楼南巷,432,156,155,1,"LINESTRING (116.397704 39.914409, 116.397696 39.91452)",1,12.36,residential,6,,,,auto,
256,骑河楼南巷,432,155,156,1,"LINESTRING (116.397696 39.91452, 116.397704 39.914409)",1,12.36,residential,6,,,,auto,
257,骑河楼南巷,433,157,158,1,"LINESTRING (116.39731 39.914408, 116.397332 39.914301)",1,12.04,residential,6,,,,auto,
258,骑河楼南巷,433,158,157,1,"LINESTRING (116.397332 39.914301, 116.39731 39.914408)",1,12.04,residential,6,,,,auto,
259,骑河楼南巷,434,157,156,1,"LINESTRING (116.39731 39.914408, 116.397704 39.914409)",1,33.60,residential,6,,,,auto,
260,骑河楼南巷,434,156,157,1,"LINESTRING (116.397704 39.914409, 116.39731 39.914408)",1,33.60,residential,6,,,,auto,
261,南河沿大街,438,159,160,1,"LINESTRING (116.400507 39.908388, 116.400515 39.908523)",1,15.03,secondary,4,,,,auto,
262,南河沿大街,438,160,159,1,"LINESTRING (116.400515 39.908523, 116.400507 39.908388)",1,15.03,secondary,4,,,,auto,
263,南河沿大街,439,159,161,1,"LINESTRING (116.400507 39.908388, 116.400504 39.908211)",1,19.68,secondary,4,,,,auto,
264,南河沿大街,439,161,159,1,"LINESTRING (116.400504 39.908211, 116.400507 39.908388)",1,19.68,secondary,4,,,,auto,
265,霞公府街,440,162,163,1,"LINESTRING (116.401719 39.907901, 116.402664 39.907916)",1,80.62,residential,6,,,,auto,
266,霞公府街,440,163,162,1,"LINESTRING (116.402664 39.907916, 116.401719 39.907901)",1,80.62,residential,6,,,,auto,
267,霞公府街,441,162,164,1,"LINESTRING (116.401719 39.907901, 116.401656 39.907907)",1,5.41,residential,6,,,,auto,
268,霞公府街,441,164,162,1,"LINESTRING (116.401656 39.907907, 116.401719 39.907901)",1,5.41,residential,6,,,,auto,
269,晨光街,442,165,166,1,"LINESTRING (116.401136 39.908219, 116.401122 39.908297)",1,8.76,residential,6,,,,auto,
270,晨光街,442,166,165,1,"LINESTRING (116.401122 39.908297, 116.401136 39.908219)",1,8.76,residential,6,,,,auto,
271,霞公府街,443,165,167,1,"LINESTRING (116.401136 39.908219, 116.401524 39.907944)",1,45.06,residential,6,,,,auto,
272,霞公府街,443,167,165,1,"LINESTRING (116.401524 39.907944, 116.401136 39.908219)",1,45.06,residential,6,,,,auto,
273,霞公府街,444,165,161,1,"LINESTRING (116.401136 39.908219, 116.400504 39.908211)",1,53.91,residential,6,,,,auto,
274,霞公府街,444,161,165,1,"LINESTRING (116.400504 39.908211, 116.401136 39.908219)",1,53.91,residential,6,,,,auto,
275,霞公府街,445,161,165,1,"LINESTRING (116.400504 39.908211, 116.401136 39.908219)",1,53.91,residential,6,,,,auto,
276,霞公府街,445,165,161,1,"LINESTRING (116.401136 39.908219, 116.400504 39.908211)",1,53.91,residential,6,,,,auto,
277,南河沿大街,446,161,159,1,"LINESTRING (116.400504 39.908211, 116.400507 39.908388)",1,19.68,secondary,4,,,,auto,
278,南河沿大街,446,159,161,1,"LINESTRING (116.400507 39.908388, 116.400504 39.908211)",1,19.68,secondary,4,,,,auto,
279,南河沿大街,447,161,168,1,"LINESTRING (116.400504 39.908211, 116.400449 39.907491)",1,80.20,secondary,4,,,,auto,
280,南河沿大街,447,168,161,1,"LINESTRING (116.400449 39.907491, 116.400504 39.908211)",1,80.20,secondary,4,,,,auto,
281,人大会堂西路,448,169,170,1,"LINESTRING (116.387979 39.901452, 116.388201 39.901459)",1,18.95,tertiary,5,,,,auto,
282,人大会堂西路,448,170,169,1,"LINESTRING (116.388201 39.901459, 116.387979 39.901452)",1,18.95,tertiary,5,,,,auto,
283,人大会堂西路,449,169,171,1,"LINESTRING (116.387979 39.901452, 116.387796 39.901448)",1,15.62,tertiary,5,,,,auto,
284,人大会堂西路,449,171,169,1,"LINESTRING (116.387796 39.901448, 116.387979 39.901452)",1,15.62,tertiary,5,,,,auto,
285,,450,169,172,1,"LINESTRING (116.387979 39.901452, 116.387991 39.901328)",1,13.83,residential,6,,,,auto,
286,,450,172,169,1,"LINESTRING (116.387991 39.901328, 116.387979 39.901452)",1,13.83,residential,6,,,,auto,
287,台基厂三条,451,173,174,1,"LINESTRING (116.407681 39.90246, 116.405446 39.902288)",1,191.61,residential,6,,,,auto,
288,台基厂三条,451,174,173,1,"LINESTRING (116.405446 39.902288, 116.407681 39.90246)",1,191.61,residential,6,,,,auto,
289,兴华路,452,173,175,1,"LINESTRING (116.407681 39.90246, 116.407736 39.901709)",1,83.64,residential,6,,,,auto,
290,兴华路,452,175,173,1,"LINESTRING (116.407736 39.901709, 116.407681 39.90246)",1,83.64,residential,6,,,,auto,
291,台基厂三条,453,174,173,1,"LINESTRING (116.405446 39.902288, 116.407681 39.90246)",1,191.61,residential,6,,,,auto,
292,台基厂三条,453,173,174,1,"LINESTRING (116.407681 39.90246, 116.405446 39.902288)",1,191.61,residential,6,,,,auto,
293,台基厂大街,454,174,176,1,"LINESTRING (116.405446 39.902288, 116.405455 39.902128)",1,17.81,tertiary,5,,,,auto,
294,台基厂大街,454,176,174,1,"LINESTRING (116.405455 39.902128, 116.405446 39.902288)",1,17.81,tertiary,5,,,,auto,
295,台基厂大街,455,174,177,1,"LINESTRING (116.405446 39.902288, 116.405379 39.903429)",1,127.00,tertiary,5,,,,auto,
296,台基厂大街,455,177,174,1,"LINESTRING (116.405379 39.903429, 116.405446 39.902288)",1,127.00,tertiary,5,,,,auto,
297,东交民巷,456,107,106,1,"LINESTRING (116.407795 39.90095, 116.407517 39.900976)",1,23.89,unclassified,20,,,,auto,
298,东交民巷,456,106,107,1,"LINESTRING (116.407517 39.900976, 116.407795 39.90095)",1,23.89,unclassified,20,,,,auto,
299,兴华路,457,107,175,1,"LINESTRING (116.407795 39.90095, 116.407736 39.901709)",1,84.55,residential,6,,,,auto,
300,兴华路,457,175,107,1,"LINESTRING (116.407736 39.901709, 116.407795 39.90095)",1,84.55,residential,6,,,,auto,
301,广场东侧路,458,178,179,1,"LINESTRING (116.393316 39.901552, 116.393304 39.901833)",1,31.26,secondary,4,70,4,,auto,
302,新大路,459,178,180,1,"LINESTRING (116.393316 39.901552, 116.393578 39.901558)",1,22.36,residential,6,,,,auto,
303,新大路,459,180,178,1,"LINESTRING (116.393578 39.901558, 116.393316 39.901552)",1,22.36,residential,6,,,,auto,
304,新大路,460,181,182,1,"LINESTRING (116.394625 39.901579, 116.393763 39.901562)",1,73.56,residential,6,,,,auto,
305,新大路,460,182,181,1,"LINESTRING (116.393763 39.901562, 116.394625 39.901579)",1,73.56,residential,6,,,,auto,
306,,582,25,183,1,"LINESTRING (116.400523 39.911999, 116.399719 39.911981)",1,68.60,residential,6,,,,auto,
307,,582,183,25,1,"LINESTRING (116.399719 39.911981, 116.400523 39.911999)",1,68.60,residential,6,,,,auto,
308,南河沿大街,583,25,184,1,"LINESTRING (116.400523 39.911999, 116.40049 39.912512)",1,57.11,secondary,4,,,,auto,
309,南河沿大街,583,184,25,1,"LINESTRING (116.40049 39.912512, 116.400523 39.911999)",1,57.11,secondary,4,,,,auto,
310,南河沿大街,584,25,23,1,"LINESTRING (116.400523 39.911999, 116.400542 39.911615)",1,42.73,secondary,4,,,,auto,
311,南河沿大街,584,23,25,1,"LINESTRING (116.400542 39.911615, 116.400523 39.911999)",1,42.73,secondary,4,,,,auto,
312,,588,185,186,1,"LINESTRING (116.399068 39.913468, 116.399007 39.913368)",1,12.28,residential,6,,,,auto,
313,,588,186,185,1,"LINESTRING (116.399007 39.913368, 116.399068 39.913468)",1,12.28,residential,6,,,,auto,
314,,589,185,41,1,"LINESTRING (116.399068 39.913468, 116.399068 39.913838)",1,41.14,residential,6,,,,auto,
315,,589,41,185,1,"LINESTRING (116.399068 39.913838, 116.399068 39.913468)",1,41.14,residential,6,,,,auto,
316,,590,187,188,1,"LINESTRING (116.398842 39.913836, 116.398794 39.91445)",1,68.40,residential,6,,,,auto,
317,,590,188,187,1,"LINESTRING (116.398794 39.91445, 116.398842 39.913836)",1,68.40,residential,6,,,,auto,
318,东华门大街,591,187,146,1,"LINESTRING (116.398842 39.913836, 116.39836 39.913814)",1,41.18,secondary,4,,,,auto,
319,东华门大街,591,146,187,1,"LINESTRING (116.39836 39.913814, 116.398842 39.913836)",1,41.18,secondary,4,,,,auto,
320,东华门大街,592,187,41,1,"LINESTRING (116.398842 39.913836, 116.399068 39.913838)",1,19.28,secondary,4,,,,auto,
321,东华门大街,592,41,187,1,"LINESTRING (116.399068 39.913838, 116.398842 39.913836)",1,19.28,secondary,4,,,,auto,
322,,596,189,190,1,"LINESTRING (116.399432 39.910767, 116.399425 39.911201)",1,48.26,residential,6,,,,auto,
323,,596,190,189,1,"LINESTRING (116.399425 39.911201, 116.399432 39.910767)",1,48.26,residential,6,,,,auto,
324,,597,189,191,1,"LINESTRING (116.399432 39.910767, 116.398998 39.910768)",1,37.02,residential,6,,,,auto,
325,,597,191,189,1,"LINESTRING (116.398998 39.910768, 116.399432 39.910767)",1,37.02,residential,6,,,,auto,
326,骑河楼南巷,600,148,192,1,"LINESTRING (116.397539 39.917468, 116.397552 39.917186)",1,31.38,residential,6,,,,auto,
327,骑河楼南巷,600,192,148,1,"LINESTRING (116.397552 39.917186, 116.397539 39.917468)",1,31.38,residential,6,,,,auto,
328,骑河楼南巷,601,148,147,1,"LINESTRING (116.397539 39.917468, 116.397564 39.917639)",1,19.13,residential,6,,,,auto,
329,骑河楼南巷,601,147,148,1,"LINESTRING (116.397564 39.917639, 116.397539 39.917468)",1,19.13,residential,6,,,,auto,
330,,602,183,193,1,"LINESTRING (116.399719 39.911981, 116.399372 39.911973)",1,29.61,residential,6,,,,auto,
331,,602,193,183,1,"LINESTRING (116.399372 39.911973, 116.399719 39.911981)",1,29.61,residential,6,,,,auto,
332,,603,183,25,1,"LINESTRING (116.399719 39.911981, 116.400523 39.911999)",1,68.60,residential,6,,,,auto,
333,,603,25,183,1,"LINESTRING (116.400523 39.911999, 116.399719 39.911981)",1,68.60,residential,6,,,,auto,
334,,605,194,195,1,"LINESTRING (116.399553 39.915246, 116.399553 39.91445)",1,88.51,residential,6,,,,auto,
335,,605,195,194,1,"LINESTRING (116.399553 39.91445, 116.399553 39.915246)",1,88.51,residential,6,,,,auto,
336,,606,194,196,1,"LINESTRING (116.399553 39.915246, 116.400214 39.915263)",1,56.41,residential,6,,,,auto,
337,,606,196,194,1,"LINESTRING (116.400214 39.915263, 116.399553 39.915246)",1,56.41,residential,6,,,,auto,
338,南池子大街,618,197,198,1,"LINESTRING (116.396907 39.910253, 116.396887 39.910643)",1,43.40,tertiary,5,,1,,auto,
339,南池子大街,618,198,197,1,"LINESTRING (116.396887 39.910643, 116.396907 39.910253)",1,43.40,tertiary,5,,1,,auto,
340,南池子大街,619,197,199,1,"LINESTRING (116.396907 39.910253, 116.396944 39.909492)",1,84.68,tertiary,5,,1,,auto,
341,南池子大街,619,199,197,1,"LINESTRING (116.396944 39.909492, 116.396907 39.910253)",1,84.68,tertiary,5,,1,,auto,
342,南池子大街,621,200,199,1,"LINESTRING (116.396958 39.909212, 116.396944 39.909492)",1,31.16,tertiary,5,,1,,auto,
343,南池子大街,621,199,200,1,"LINESTRING (116.396944 39.909492, 116.396958 39.909212)",1,31.16,tertiary,5,,1,,auto,
344,南池子大街,622,200,201,1,"LINESTRING (116.396958 39.909212, 116.397014 39.90807)",1,127.07,tertiary,5,,1,,auto,
345,南池子大街,622,201,200,1,"LINESTRING (116.397014 39.90807, 116.396958 39.909212)",1,127.07,tertiary,5,,1,,auto,
346,普渡寺前巷,628,202,203,1,"LINESTRING (116.398989 39.911474, 116.398625 39.91145)",1,31.16,residential,6,,,,auto,
347,普渡寺前巷,628,203,202,1,"LINESTRING (116.398625 39.91145, 116.398989 39.911474)",1,31.16,residential,6,,,,auto,
348,,629,202,204,1,"LINESTRING (116.398989 39.911474, 116.398994 39.911202)",1,30.25,residential,6,,,,auto,
349,,629,204,202,1,"LINESTRING (116.398994 39.911202, 116.398989 39.911474)",1,30.25,residential,6,,,,auto,
350,,630,202,205,1,"LINESTRING (116.398989 39.911474, 116.39901 39.91155)",1,8.64,residential,6,,,,auto,
351,,630,205,202,1,"LINESTRING (116.39901 39.91155, 116.398989 39.911474)",1,8.64,residential,6,,,,auto,
352,普渡寺前巷,636,206,207,1,"LINESTRING (116.396825 39.911373, 116.397226 39.911388)",1,34.24,residential,6,,,,auto,
353,普渡寺前巷,636,207,206,1,"LINESTRING (116.397226 39.911388, 116.396825 39.911373)",1,34.24,residential,6,,,,auto,
354,南池子大街,637,206,208,1,"LINESTRING (116.396825 39.911373, 116.396792 39.912137)",1,85.00,tertiary,5,,1,,auto,
355,南池子大街,637,208,206,1,"LINESTRING (116.396792 39.912137, 116.396825 39.911373)",1,85.00,tertiary,5,,1,,auto,
356,南池子大街,638,206,198,1,"LINESTRING (116.396825 39.911373, 116.396887 39.910643)",1,81.34,tertiary,5,,1,,auto,
357,南池子大街,638,198,206,1,"LINESTRING (116.396887 39.910643, 116.396825 39.911373)",1,81.34,tertiary,5,,1,,auto,
358,骑河楼南巷,639,209,151,1,"LINESTRING (116.397617 39.916738, 116.397642 39.916318)",1,46.75,residential,6,,,,auto,
359,骑河楼南巷,639,151,209,1,"LINESTRING (116.397642 39.916318, 116.397617 39.916738)",1,46.75,residential,6,,,,auto,
360,骑河楼南巷,640,209,210,1,"LINESTRING (116.397617 39.916738, 116.397596 39.917026)",1,32.07,residential,6,,,,auto,
361,骑河楼南巷,640,210,209,1,"LINESTRING (116.397596 39.917026, 116.397617 39.916738)",1,32.07,residential,6,,,,auto,
362,,641,209,211,1,"LINESTRING (116.397617 39.916738, 116.397143 39.916713)",1,40.52,residential,6,,,,auto,
363,,641,211,209,1,"LINESTRING (116.397143 39.916713, 116.397617 39.916738)",1,40.52,residential,6,,,,auto,
364,,642,191,212,1,"LINESTRING (116.398998 39.910768, 116.398488 39.91076)",1,43.51,residential,6,,,,auto,
365,,642,212,191,1,"LINESTRING (116.398488 39.91076, 116.398998 39.910768)",1,43.51,residential,6,,,,auto,
366,,643,191,204,1,"LINESTRING (116.398998 39.910768, 116.398994 39.911202)",1,48.26,residential,6,,,,auto,
367,,643,204,191,1,"LINESTRING (116.398994 39.911202, 116.398998 39.910768)",1,48.26,residential,6,,,,auto,
368,,644,191,189,1,"LINESTRING (116.398998 39.910768, 116.399432 39.910767)",1,37.02,residential,6,,,,auto,
369,,644,189,191,1,"LINESTRING (116.399432 39.910767, 116.398998 39.910768)",1,37.02,residential,6,,,,auto,
370,北池子大街,645,33,136,1,"LINESTRING (116.396641 39.915726, 116.396607 39.916554)",1,92.12,tertiary,5,,1,,auto,
371,北池子大街,645,136,33,1,"LINESTRING (116.396607 39.916554, 116.396641 39.915726)",1,92.12,tertiary,5,,1,,auto,
372,北池子大街,646,33,32,1,"LINESTRING (116.396641 39.915726, 116.396732 39.91377)",1,217.64,tertiary,5,,1,,auto,
373,北池子大街,646,32,33,1,"LINESTRING (116.396732 39.91377, 116.396641 39.915726)",1,217.64,tertiary,5,,1,,auto,
374,,647,33,152,1,"LINESTRING (116.396641 39.915726, 116.39765 39.915745)",1,86.08,residential,6,,,,auto,
375,,647,152,33,1,"LINESTRING (116.39765 39.915745, 116.396641 39.915726)",1,86.08,residential,6,,,,auto,
376,,652,193,213,1,"LINESTRING (116.399372 39.911973, 116.399199 39.91197)",1,14.76,residential,6,,,,auto,
377,,652,213,193,1,"LINESTRING (116.399199 39.91197, 116.399372 39.911973)",1,14.76,residential,6,,,,auto,
378,,653,193,183,1,"LINESTRING (116.399372 39.911973, 116.399719 39.911981)",1,29.61,residential,6,,,,auto,
379,,653,183,193,1,"LINESTRING (116.399719 39.911981, 116.399372 39.911973)",1,29.61,residential,6,,,,auto,
380,,654,193,190,1,"LINESTRING (116.399372 39.911973, 116.399425 39.911201)",1,85.96,residential,6,,,,auto,
381,,654,190,193,1,"LINESTRING (116.399425 39.911201, 116.399372 39.911973)",1,85.96,residential,6,,,,auto,
382,北池子大街,655,136,135,1,"LINESTRING (116.396607 39.916554, 116.396505 39.918399)",1,205.34,tertiary,5,,1,,auto,
383,北池子大街,655,135,136,1,"LINESTRING (116.396505 39.918399, 116.396607 39.916554)",1,205.34,tertiary,5,,1,,auto,
384,北池子大街,656,136,33,1,"LINESTRING (116.396607 39.916554, 116.396641 39.915726)",1,92.12,tertiary,5,,1,,auto,
385,北池子大街,656,33,136,1,"LINESTRING (116.396641 39.915726, 116.396607 39.916554)",1,92.12,tertiary,5,,1,,auto,
386,,657,136,214,1,"LINESTRING (116.396607 39.916554, 116.397145 39.916563)",1,45.89,residential,6,,,,auto,
387,,657,214,136,1,"LINESTRING (116.397145 39.916563, 116.396607 39.916554)",1,45.89,residential,6,,,,auto,
388,南池子大街,659,34,32,1,"LINESTRING (116.396763 39.91317, 116.396732 39.91377)",1,66.77,tertiary,5,,1,,auto,
389,南池子大街,659,32,34,1,"LINESTRING (116.396732 39.91377, 116.396763 39.91317)",1,66.77,tertiary,5,,1,,auto,
390,南池子大街,660,34,208,1,"LINESTRING (116.396763 39.91317, 116.396792 39.912137)",1,114.89,tertiary,5,,1,,auto,
391,南池子大街,660,208,34,1,"LINESTRING (116.396792 39.912137, 116.396763 39.91317)",1,114.89,tertiary,5,,1,,auto,
392,骑河楼南巷,661,210,209,1,"LINESTRING (116.397596 39.917026, 116.397617 39.916738)",1,32.07,residential,6,,,,auto,
393,骑河楼南巷,661,209,210,1,"LINESTRING (116.397617 39.916738, 116.397596 39.917026)",1,32.07,residential,6,,,,auto,
394,骑河楼南巷,662,210,192,1,"LINESTRING (116.397596 39.917026, 116.397552 39.917186)",1,18.18,residential,6,,,,auto,
395,骑河楼南巷,662,192,210,1,"LINESTRING (116.397552 39.917186, 116.397596 39.917026)",1,18.18,residential,6,,,,auto,
396,智德北巷,663,210,215,1,"LINESTRING (116.397596 39.917026, 116.399247 39.917049)",1,140.83,residential,6,,,,auto,
397,智德北巷,663,215,210,1,"LINESTRING (116.399247 39.917049, 116.397596 39.917026)",1,140.83,residential,6,,,,auto,
398,,665,213,216,1,"LINESTRING (116.399199 39.91197, 116.399091 39.911965)",1,9.23,residential,6,,,,auto,
399,,665,216,213,1,"LINESTRING (116.399091 39.911965, 116.399199 39.91197)",1,9.23,residential,6,,,,auto,
400,,666,213,193,1,"LINESTRING (116.399199 39.91197, 116.399372 39.911973)",1,14.76,residential,6,,,,auto,
401,,666,193,213,1,"LINESTRING (116.399372 39.911973, 116.399199 39.91197)",1,14.76,residential,6,,,,auto,
402,,667,217,218,1,"LINESTRING (116.39812 39.916265, 116.399318 39.91628)",1,102.18,residential,6,,,,auto,
403,,667,218,217,1,"LINESTRING (116.399318 39.91628, 116.39812 39.916265)",1,102.18,residential,6,,,,auto,
404,,668,217,154,1,"LINESTRING (116.39812 39.916265, 116.39812 39.916012)",1,28.13,residential,6,,,,auto,
405,,668,154,217,1,"LINESTRING (116.39812 39.916012, 116.39812 39.916265)",1,28.13,residential,6,,,,auto,
406,南长街,672,219,220,1,"LINESTRING (116.385485 39.909256, 116.385577 39.908098)",1,129.00,tertiary,5,,,,auto,
407,南长街,672,220,219,1,"LINESTRING (116.385577 39.908098, 116.385485 39.909256)",1,129.00,tertiary,5,,,,auto,
408,南长街,673,219,221,1,"LINESTRING (116.385485 39.909256, 116.385447 39.909798)",1,60.35,tertiary,5,,,,auto,
409,南长街,673,221,219,1,"LINESTRING (116.385447 39.909798, 116.385485 39.909256)",1,60.35,tertiary,5,,,,auto,
410,,674,214,211,1,"LINESTRING (116.397145 39.916563, 116.397143 39.916713)",1,16.68,residential,6,,,,auto,
411,,674,211,214,1,"LINESTRING (116.397143 39.916713, 116.397145 39.916563)",1,16.68,residential,6,,,,auto,
412,,675,214,136,1,"LINESTRING (116.397145 39.916563, 116.396607 39.916554)",1,45.89,residential,6,,,,auto,
413,,675,136,214,1,"LINESTRING (116.396607 39.916554, 116.397145 39.916563)",1,45.89,residential,6,,,,auto,
414,,676,214,222,1,"LINESTRING (116.397145 39.916563, 116.397173 39.916298)",1,29.56,residential,6,,,,auto,
415,,676,222,214,1,"LINESTRING (116.397173 39.916298, 116.397145 39.916563)",1,29.56,residential,6,,,,auto,
416,,679,41,185,1,"LINESTRING (116.399068 39.913838, 116.399068 39.913468)",1,41.14,residential,6,,,,auto,
417,,679,185,41,1,"LINESTRING (116.399068 39.913468, 116.399068 39.913838)",1,41.14,residential,6,,,,auto,
418,东华门大街,680,41,187,1,"LINESTRING (116.399068 39.913838, 116.398842 39.913836)",1,19.28,secondary,4,,,,auto,
419,东华门大街,680,187,41,1,"LINESTRING (116.398842 39.913836, 116.399068 39.913838)",1,19.28,secondary,4,,,,auto,
420,东华门大街,681,41,37,1,"LINESTRING (116.399068 39.913838, 116.400386 39.913891)",1,112.56,secondary,4,,,,auto,
421,东华门大街,681,37,41,1,"LINESTRING (116.400386 39.913891, 116.399068 39.913838)",1,112.56,secondary,4,,,,auto,
422,,682,223,212,1,"LINESTRING (116.398504 39.910347, 116.398488 39.91076)",1,45.94,residential,6,,,,auto,
423,,682,212,223,1,"LINESTRING (116.398488 39.91076, 116.398504 39.910347)",1,45.94,residential,6,,,,auto,
424,,687,224,212,1,"LINESTRING (116.398482 39.910846, 116.398488 39.91076)",1,9.58,residential,6,,,,auto,
425,,687,212,224,1,"LINESTRING (116.398488 39.91076, 116.398482 39.910846)",1,9.58,residential,6,,,,auto,
426,,688,224,225,1,"LINESTRING (116.398482 39.910846, 116.398476 39.911444)",1,66.50,residential,6,,,,auto,
427,,688,225,224,1,"LINESTRING (116.398476 39.911444, 116.398482 39.910846)",1,66.50,residential,6,,,,auto,
428,骑河楼南巷,690,151,149,1,"LINESTRING (116.397642 39.916318, 116.39765 39.916016)",1,33.59,residential,6,,,,auto,
429,骑河楼南巷,690,149,151,1,"LINESTRING (116.39765 39.916016, 116.397642 39.916318)",1,33.59,residential,6,,,,auto,
430,骑河楼南巷,691,151,209,1,"LINESTRING (116.397642 39.916318, 116.397617 39.916738)",1,46.75,residential,6,,,,auto,
431,骑河楼南巷,691,209,151,1,"LINESTRING (116.397617 39.916738, 116.397642 39.916318)",1,46.75,residential,6,,,,auto,
432,,692,151,222,1,"LINESTRING (116.397642 39.916318, 116.397173 39.916298)",1,40.06,residential,6,,,,auto,
433,,692,222,151,1,"LINESTRING (116.397173 39.916298, 116.397642 39.916318)",1,40.06,residential,6,,,,auto,
434,南池子大街,696,199,197,1,"LINESTRING (116.396944 39.909492, 116.396907 39.910253)",1,84.68,tertiary,5,,1,,auto,
435,南池子大街,696,197,199,1,"LINESTRING (116.396907 39.910253, 116.396944 39.909492)",1,84.68,tertiary,5,,1,,auto,
436,南池子大街,697,199,200,1,"LINESTRING (116.396944 39.909492, 116.396958 39.909212)",1,31.16,tertiary,5,,1,,auto,
437,南池子大街,697,200,199,1,"LINESTRING (116.396958 39.909212, 116.396944 39.909492)",1,31.16,tertiary,5,,1,,auto,
438,大宴乐胡同,698,226,227,1,"LINESTRING (116.385618 39.906987, 116.385491 39.906984)",1,10.84,residential,6,,,,auto,
439,大宴乐胡同,698,227,226,1,"LINESTRING (116.385491 39.906984, 116.385618 39.906987)",1,10.84,residential,6,,,,auto,
440,南长街,699,226,228,1,"LINESTRING (116.385618 39.906987, 116.385649 39.906805)",1,20.41,tertiary,5,,,,auto,
441,南长街,699,228,226,1,"LINESTRING (116.385649 39.906805, 116.385618 39.906987)",1,20.41,tertiary,5,,,,auto,
442,南长街,700,226,229,1,"LINESTRING (116.385618 39.906987, 116.385606 39.90731)",1,35.93,tertiary,5,,,,auto,
443,南长街,700,229,226,1,"LINESTRING (116.385606 39.90731, 116.385618 39.906987)",1,35.93,tertiary,5,,,,auto,
444,普渡寺前巷,701,225,230,1,"LINESTRING (116.398476 39.911444, 116.398317 39.911437)",1,13.58,residential,6,,,,auto,
445,普渡寺前巷,701,230,225,1,"LINESTRING (116.398317 39.911437, 116.398476 39.911444)",1,13.58,residential,6,,,,auto,
446,普渡寺前巷,702,225,203,1,"LINESTRING (116.398476 39.911444, 116.398625 39.91145)",1,12.73,residential,6,,,,auto,
447,普渡寺前巷,702,203,225,1,"LINESTRING (116.398625 39.91145, 116.398476 39.911444)",1,12.73,residential,6,,,,auto,
448,,703,225,224,1,"LINESTRING (116.398476 39.911444, 116.398482 39.910846)",1,66.50,residential,6,,,,auto,
449,,703,224,225,1,"LINESTRING (116.398482 39.910846, 116.398476 39.911444)",1,66.50,residential,6,,,,auto,
450,,710,195,188,1,"LINESTRING (116.399553 39.91445, 116.398794 39.91445)",1,64.73,residential,6,,,,auto,
451,,710,188,195,1,"LINESTRING (116.398794 39.91445, 116.399553 39.91445)",1,64.73,residential,6,,,,auto,
452,,711,195,194,1,"LINESTRING (116.399553 39.91445, 116.399553 39.915246)",1,88.51,residential,6,,,,auto,
453,,711,194,195,1,"LINESTRING (116.399553 39.915246, 116.399553 39.91445)",1,88.51,residential,6,,,,auto,
454,,712,152,149,1,"LINESTRING (116.39765 39.915745, 116.39765 39.916016)",1,30.13,residential,6,,,,auto,
455,,712,149,152,1,"LINESTRING (116.39765 39.916016, 116.39765 39.915745)",1,30.13,residential,6,,,,auto,
456,,713,152,33,1,"LINESTRING (116.39765 39.915745, 116.396641 39.915726)",1,86.08,residential,6,,,,auto,
457,,713,33,152,1,"LINESTRING (116.396641 39.915726, 116.39765 39.915745)",1,86.08,residential,6,,,,auto,
458,南长街,719,228,231,1,"LINESTRING (116.385649 39.906805, 116.385675 39.90656)",1,27.33,tertiary,5,,,,auto,
459,南长街,719,231,228,1,"LINESTRING (116.385675 39.90656, 116.385649 39.906805)",1,27.33,tertiary,5,,,,auto,
460,南长街,720,228,226,1,"LINESTRING (116.385649 39.906805, 116.385618 39.906987)",1,20.41,tertiary,5,,,,auto,
461,南长街,720,226,228,1,"LINESTRING (116.385618 39.906987, 116.385649 39.906805)",1,20.41,tertiary,5,,,,auto,
462,普渡寺前巷,721,232,207,1,"LINESTRING (116.397947 39.91142, 116.397226 39.911388)",1,61.60,residential,6,,,,auto,
463,普渡寺前巷,721,207,232,1,"LINESTRING (116.397226 39.911388, 116.397947 39.91142)",1,61.60,residential,6,,,,auto,
464,普渡寺前巷,722,232,230,1,"LINESTRING (116.397947 39.91142, 116.398317 39.911437)",1,31.61,residential,6,,,,auto,
465,普渡寺前巷,722,230,232,1,"LINESTRING (116.398317 39.911437, 116.397947 39.91142)",1,31.61,residential,6,,,,auto,
466,,726,218,217,1,"LINESTRING (116.399318 39.91628, 116.39812 39.916265)",1,102.18,residential,6,,,,auto,
467,,726,217,218,1,"LINESTRING (116.39812 39.916265, 116.399318 39.91628)",1,102.18,residential,6,,,,auto,
468,普渡寺前巷,728,207,206,1,"LINESTRING (116.397226 39.911388, 116.396825 39.911373)",1,34.24,residential,6,,,,auto,
469,普渡寺前巷,728,206,207,1,"LINESTRING (116.396825 39.911373, 116.397226 39.911388)",1,34.24,residential,6,,,,auto,
470,普渡寺前巷,729,207,232,1,"LINESTRING (116.397226 39.911388, 116.397947 39.91142)",1,61.60,residential,6,,,,auto,
471,普渡寺前巷,729,232,207,1,"LINESTRING (116.397947 39.91142, 116.397226 39.911388)",1,61.60,residential,6,,,,auto,
472,,730,207,233,1,"LINESTRING (116.397226 39.911388, 116.397271 39.91083)",1,62.17,residential,6,,,,auto,
473,,730,233,207,1,"LINESTRING (116.397271 39.91083, 116.397226 39.911388)",1,62.17,residential,6,,,,auto,
474,,733,211,209,1,"LINESTRING (116.397143 39.916713, 116.397617 39.916738)",1,40.52,residential,6,,,,auto,
475,,733,209,211,1,"LINESTRING (116.397617 39.916738, 116.397143 39.916713)",1,40.52,residential,6,,,,auto,
476,,734,211,214,1,"LINESTRING (116.397143 39.916713, 116.397145 39.916563)",1,16.68,residential,6,,,,auto,
477,,734,214,211,1,"LINESTRING (116.397145 39.916563, 116.397143 39.916713)",1,16.68,residential,6,,,,auto,
478,骑河楼南巷,735,144,147,1,"LINESTRING (116.397557 39.917981, 116.397564 39.917639)",1,38.03,residential,6,,,,auto,
479,骑河楼南巷,735,147,144,1,"LINESTRING (116.397564 39.917639, 116.397557 39.917981)",1,38.03,residential,6,,,,auto,
480,骑河楼南巷,736,144,143,1,"LINESTRING (116.397557 39.917981, 116.397537 39.918424)",1,49.29,residential,6,,,,auto,
481,骑河楼南巷,736,143,144,1,"LINESTRING (116.397537 39.918424, 116.397557 39.917981)",1,49.29,residential,6,,,,auto,
482,南池子大街,739,201,200,1,"LINESTRING (116.397014 39.90807, 116.396958 39.909212)",1,127.07,tertiary,5,,1,,auto,
483,南池子大街,739,200,201,1,"LINESTRING (116.396958 39.909212, 116.397014 39.90807)",1,127.07,tertiary,5,,1,,auto,
484,南池子大街,740,201,234,1,"LINESTRING (116.397014 39.90807, 116.397023 39.907899)",1,19.03,tertiary,5,,1,,auto,
485,南池子大街,740,234,201,1,"LINESTRING (116.397023 39.907899, 116.397014 39.90807)",1,19.03,tertiary,5,,1,,auto,
486,,741,235,196,1,"LINESTRING (116.400323 39.915265, 116.400214 39.915263)",1,9.30,residential,6,,,,auto,
487,,741,196,235,1,"LINESTRING (116.400214 39.915263, 116.400323 39.915265)",1,9.30,residential,6,,,,auto,
488,北河沿大街,742,235,236,1,"LINESTRING (116.400323 39.915265, 116.400281 39.916143)",1,97.69,secondary,4,,,,auto,
489,北河沿大街,742,236,235,1,"LINESTRING (116.400281 39.916143, 116.400323 39.915265)",1,97.69,secondary,4,,,,auto,
490,北河沿大街,743,235,237,1,"LINESTRING (116.400323 39.915265, 116.400351 39.914415)",1,94.55,secondary,4,,,,auto,
491,北河沿大街,743,237,235,1,"LINESTRING (116.400351 39.914415, 116.400323 39.915265)",1,94.55,secondary,4,,,,auto,
492,,747,212,191,1,"LINESTRING (116.398488 39.91076, 116.398998 39.910768)",1,43.51,residential,6,,,,auto,
493,,747,191,212,1,"LINESTRING (116.398998 39.910768, 116.398488 39.91076)",1,43.51,residential,6,,,,auto,
494,,748,212,223,1,"LINESTRING (116.398488 39.91076, 116.398504 39.910347)",1,45.94,residential,6,,,,auto,
495,,748,223,212,1,"LINESTRING (116.398504 39.910347, 116.398488 39.91076)",1,45.94,residential,6,,,,auto,
496,,749,212,224,1,"LINESTRING (116.398488 39.91076, 116.398482 39.910846)",1,9.58,residential,6,,,,auto,
497,,749,224,212,1,"LINESTRING (116.398482 39.910846, 116.398488 39.91076)",1,9.58,residential,6,,,,auto,
498,,752,233,207,1,"LINESTRING (116.397271 39.91083, 116.397226 39.911388)",1,62.17,residential,6,,,,auto,
499,,752,207,233,1,"LINESTRING (116.397226 39.911388, 116.397271 39.91083)",1,62.17,residential,6,,,,auto,
500,,755,222,214,1,"LINESTRING (116.397173 39.916298, 116.397145 39.916563)",1,29.56,residential,6,,,,auto,
501,,755,214,222,1,"LINESTRING (116.397145 39.916563, 116.397173 39.916298)",1,29.56,residential,6,,,,auto,
502,,756,222,151,1,"LINESTRING (116.397173 39.916298, 116.397642 39.916318)",1,40.06,residential,6,,,,auto,
503,,756,151,222,1,"LINESTRING (116.397642 39.916318, 116.397173 39.916298)",1,40.06,residential,6,,,,auto,
504,,762,154,217,1,"LINESTRING (116.39812 39.916012, 116.39812 39.916265)",1,28.13,residential,6,,,,auto,
505,,762,217,154,1,"LINESTRING (116.39812 39.916265, 116.39812 39.916012)",1,28.13,residential,6,,,,auto,
506,,763,154,150,1,"LINESTRING (116.39812 39.916012, 116.39796 39.916011)",1,13.65,residential,6,,,,auto,
507,,763,150,154,1,"LINESTRING (116.39796 39.916011, 116.39812 39.916012)",1,13.65,residential,6,,,,auto,
508,灯市口西街,768,238,52,1,"LINESTRING (116.400257 39.91704, 116.400533 39.916957)",1,25.28,tertiary,5,,,,auto,
509,灯市口西街,768,52,238,1,"LINESTRING (116.400533 39.916957, 116.400257 39.91704)",1,25.28,tertiary,5,,,,auto,
510,智德北巷,769,238,239,1,"LINESTRING (116.400257 39.91704, 116.400159 39.917064)",1,8.77,residential,6,,,,auto,
511,智德北巷,769,239,238,1,"LINESTRING (116.400159 39.917064, 116.400257 39.91704)",1,8.77,residential,6,,,,auto,
512,北河沿大街,770,238,240,1,"LINESTRING (116.400257 39.91704, 116.400219 39.917717)",1,75.35,secondary,4,,,,auto,
513,北河沿大街,770,240,238,1,"LINESTRING (116.400219 39.917717, 116.400257 39.91704)",1,75.35,secondary,4,,,,auto,
514,北河沿大街,771,238,236,1,"LINESTRING (116.400257 39.91704, 116.400281 39.916143)",1,99.76,secondary,4,,,,auto,
515,北河沿大街,771,236,238,1,"LINESTRING (116.400281 39.916143, 116.400257 39.91704)",1,99.76,secondary,4,,,,auto,
516,,772,205,202,1,"LINESTRING (116.39901 39.91155, 116.398989 39.911474)",1,8.64,residential,6,,,,auto,
517,,772,202,205,1,"LINESTRING (116.398989 39.911474, 116.39901 39.91155)",1,8.64,residential,6,,,,auto,
518,,773,205,241,1,"LINESTRING (116.39901 39.91155, 116.399044 39.911646)",1,11.06,residential,6,,,,auto,
519,,773,241,205,1,"LINESTRING (116.399044 39.911646, 116.39901 39.91155)",1,11.06,residential,6,,,,auto,
520,南池子大街,778,242,234,1,"LINESTRING (116.397039 39.907574, 116.397023 39.907899)",1,36.16,tertiary,5,,1,,auto,
521,南池子大街,778,234,242,1,"LINESTRING (116.397023 39.907899, 116.397039 39.907574)",1,36.16,tertiary,5,,1,,auto,
522,南池子大街,779,242,243,1,"LINESTRING (116.397039 39.907574, 116.397048 39.907395)",1,19.92,tertiary,5,,1,,auto,
523,南池子大街,779,243,242,1,"LINESTRING (116.397048 39.907395, 116.397039 39.907574)",1,19.92,tertiary,5,,1,,auto,
524,,780,188,187,1,"LINESTRING (116.398794 39.91445, 116.398842 39.913836)",1,68.40,residential,6,,,,auto,
525,,780,187,188,1,"LINESTRING (116.398842 39.913836, 116.398794 39.91445)",1,68.40,residential,6,,,,auto,
526,,781,188,195,1,"LINESTRING (116.398794 39.91445, 116.399553 39.91445)",1,64.73,residential,6,,,,auto,
527,,781,195,188,1,"LINESTRING (116.399553 39.91445, 116.398794 39.91445)",1,64.73,residential,6,,,,auto,
528,大纱帽胡同,785,244,245,1,"LINESTRING (116.402621 39.909194, 116.402752 39.909188)",1,11.19,residential,6,,,,auto,
529,大纱帽胡同,785,245,244,1,"LINESTRING (116.402752 39.909188, 116.402621 39.909194)",1,11.19,residential,6,,,,auto,
530,,786,244,246,1,"LINESTRING (116.402621 39.909194, 116.402627 39.90902)",1,19.35,residential,6,,,,auto,
531,,786,246,244,1,"LINESTRING (116.402627 39.90902, 116.402621 39.909194)",1,19.35,residential,6,,,,auto,
532,,787,244,247,1,"LINESTRING (116.402621 39.909194, 116.402616 39.909284)",1,10.02,residential,6,,,,auto,
533,,787,247,244,1,"LINESTRING (116.402616 39.909284, 116.402621 39.909194)",1,10.02,residential,6,,,,auto,
534,南口袋胡同,788,244,248,1,"LINESTRING (116.402621 39.909194, 116.402431 39.90919)",1,16.21,residential,6,,,,auto,
535,南口袋胡同,788,248,244,1,"LINESTRING (116.402431 39.90919, 116.402621 39.909194)",1,16.21,residential,6,,,,auto,
536,,793,249,250,1,"LINESTRING (116.403622 39.918173, 116.403692 39.917084)",1,121.24,residential,6,,,,auto,
537,,793,250,249,1,"LINESTRING (116.403692 39.917084, 116.403622 39.918173)",1,121.24,residential,6,,,,auto,
538,,798,251,93,1,"LINESTRING (116.404493 39.915501, 116.404667 39.915492)",1,14.87,unclassified,20,,,,auto,
539,,798,93,251,1,"LINESTRING (116.404667 39.915492, 116.404493 39.915501)",1,14.87,unclassified,20,,,,auto,
540,,799,251,252,1,"LINESTRING (116.404493 39.915501, 116.403903 39.915503)",1,50.32,unclassified,20,,,,auto,
541,,799,252,251,1,"LINESTRING (116.403903 39.915503, 116.404493 39.915501)",1,50.32,unclassified,20,,,,auto,
542,,802,253,254,1,"LINESTRING (116.408184 39.914339, 116.408178 39.914139)",1,22.24,residential,6,,,,auto,
543,,802,254,253,1,"LINESTRING (116.408178 39.914139, 116.408184 39.914339)",1,22.24,residential,6,,,,auto,
544,,803,253,255,1,"LINESTRING (116.408184 39.914339, 116.408193 39.91482)",1,53.49,residential,6,,,,auto,
545,,803,255,253,1,"LINESTRING (116.408193 39.91482, 116.408184 39.914339)",1,53.49,residential,6,,,,auto,
546,,804,253,256,1,"LINESTRING (116.408184 39.914339, 116.407341 39.914333)",1,71.90,residential,6,,,,auto,
547,,804,256,253,1,"LINESTRING (116.407341 39.914333, 116.408184 39.914339)",1,71.90,residential,6,,,,auto,
548,菜厂胡同,805,257,258,1,"LINESTRING (116.402192 39.912872, 116.402201 39.91264)",1,25.81,residential,6,,,,auto,
549,菜厂胡同,805,258,257,1,"LINESTRING (116.402201 39.91264, 116.402192 39.912872)",1,25.81,residential,6,,,,auto,
550,菜厂胡同,806,257,83,1,"LINESTRING (116.402192 39.912872, 116.402768 39.912888)",1,49.16,residential,6,,,,auto,
551,菜厂胡同,806,83,257,1,"LINESTRING (116.402768 39.912888, 116.402192 39.912872)",1,49.16,residential,6,,,,auto,
552,,818,259,260,1,"LINESTRING (116.407398 39.917239, 116.40742 39.916263)",1,108.54,unclassified,20,,,,auto,
553,,818,260,259,1,"LINESTRING (116.40742 39.916263, 116.407398 39.917239)",1,108.54,unclassified,20,,,,auto,
554,灯市口大街,819,259,261,1,"LINESTRING (116.407398 39.917239, 116.407545 39.917241)",1,12.54,tertiary,5,,,,auto,
555,灯市口大街,819,261,259,1,"LINESTRING (116.407545 39.917241, 116.407398 39.917239)",1,12.54,tertiary,5,,,,auto,
556,灯市口大街,820,259,262,1,"LINESTRING (116.407398 39.917239, 116.406602 39.917208)",1,67.97,tertiary,5,,,,auto,
557,灯市口大街,820,262,259,1,"LINESTRING (116.406602 39.917208, 116.407398 39.917239)",1,67.97,tertiary,5,,,,auto,
558,,824,263,264,1,"LINESTRING (116.400568 39.90963, 116.401103 39.909628)",1,45.63,residential,6,,,,auto,
559,,824,264,263,1,"LINESTRING (116.401103 39.909628, 116.400568 39.90963)",1,45.63,residential,6,,,,auto,
560,南河沿大街,825,263,265,1,"LINESTRING (116.400568 39.90963, 116.400558 39.90982)",1,21.14,secondary,4,,,,auto,
561,南河沿大街,825,265,263,1,"LINESTRING (116.400558 39.90982, 116.400568 39.90963)",1,21.14,secondary,4,,,,auto,
562,南河沿大街,826,263,266,1,"LINESTRING (116.400568 39.90963, 116.40056 39.909417)",1,23.69,secondary,4,,,,auto,
563,南河沿大街,826,266,263,1,"LINESTRING (116.40056 39.909417, 116.400568 39.90963)",1,23.69,secondary,4,,,,auto,
564,大纱帽胡同,833,267,268,1,"LINESTRING (116.404127 39.909114, 116.403902 39.909135)",1,19.33,residential,6,,,,auto,
565,大纱帽胡同,833,268,267,1,"LINESTRING (116.403902 39.909135, 116.404127 39.909114)",1,19.33,residential,6,,,,auto,
566,大纱帽胡同,834,267,269,1,"LINESTRING (116.404127 39.909114, 116.404337 39.909121)",1,17.93,residential,6,,,,auto,
567,大纱帽胡同,834,269,267,1,"LINESTRING (116.404337 39.909121, 116.404127 39.909114)",1,17.93,residential,6,,,,auto,
568,,839,270,56,1,"LINESTRING (116.401904 39.912307, 116.401926 39.911662)",1,71.75,residential,6,,,,auto,
569,,839,56,270,1,"LINESTRING (116.401926 39.911662, 116.401904 39.912307)",1,71.75,residential,6,,,,auto,
570,,840,270,88,1,"LINESTRING (116.401904 39.912307, 116.402798 39.912327)",1,76.28,residential,6,,,,auto,
571,,840,88,270,1,"LINESTRING (116.402798 39.912327, 116.401904 39.912307)",1,76.28,residential,6,,,,auto,
572,,841,271,272,1,"LINESTRING (116.400567 39.910184, 116.401076 39.910184)",1,43.41,residential,6,,,,auto,
573,,841,272,271,1,"LINESTRING (116.401076 39.910184, 116.400567 39.910184)",1,43.41,residential,6,,,,auto,
574,南河沿大街,842,271,64,1,"LINESTRING (116.400567 39.910184, 116.400572 39.910592)",1,45.37,secondary,4,,,,auto,
575,南河沿大街,842,64,271,1,"LINESTRING (116.400572 39.910592, 116.400567 39.910184)",1,45.37,secondary,4,,,,auto,
576,南河沿大街,843,271,265,1,"LINESTRING (116.400567 39.910184, 116.400558 39.90982)",1,40.48,secondary,4,,,,auto,
577,南河沿大街,843,265,271,1,"LINESTRING (116.400558 39.90982, 116.400567 39.910184)",1,40.48,secondary,4,,,,auto,
578,霞公府街,844,167,273,1,"LINESTRING (116.401524 39.907944, 116.401592 39.907918)",1,6.48,residential,6,,,,auto,
579,霞公府街,844,273,167,1,"LINESTRING (116.401592 39.907918, 116.401524 39.907944)",1,6.48,residential,6,,,,auto,
580,霞公府街,845,167,165,1,"LINESTRING (116.401524 39.907944, 116.401136 39.908219)",1,45.06,residential,6,,,,auto,
581,霞公府街,845,165,167,1,"LINESTRING (116.401136 39.908219, 116.401524 39.907944)",1,45.06,residential,6,,,,auto,
582,灯市口北巷,848,261,274,1,"LINESTRING (116.407545 39.917241, 116.407507 39.91876)",1,168.94,residential,6,,,,auto,
583,灯市口北巷,848,274,261,1,"LINESTRING (116.407507 39.91876, 116.407545 39.917241)",1,168.94,residential,6,,,,auto,
584,灯市口大街,849,261,259,1,"LINESTRING (116.407545 39.917241, 116.407398 39.917239)",1,12.54,tertiary,5,,,,auto,
585,灯市口大街,849,259,261,1,"LINESTRING (116.407398 39.917239, 116.407545 39.917241)",1,12.54,tertiary,5,,,,auto,
586,锡拉胡同,853,275,276,1,"LINESTRING (116.404927 39.914954, 116.40469 39.914952)",1,20.21,unclassified,20,,,,auto,
587,锡拉胡同,853,276,275,1,"LINESTRING (116.40469 39.914952, 116.404927 39.914954)",1,20.21,unclassified,20,,,,auto,
588,,857,277,278,1,"LINESTRING (116.406538 39.910253, 116.406576 39.909193)",1,117.91,residential,6,,,,auto,
589,,857,278,277,1,"LINESTRING (116.406576 39.909193, 116.406538 39.910253)",1,117.91,residential,6,,,,auto,
590,西堂子胡同,858,255,96,1,"LINESTRING (116.408193 39.91482, 116.406378 39.91479)",1,154.83,residential,6,,,,auto,
591,西堂子胡同,858,96,255,1,"LINESTRING (116.406378 39.91479, 116.408193 39.91482)",1,154.83,residential,6,,,,auto,
592,,859,255,253,1,"LINESTRING (116.408193 39.91482, 116.408184 39.914339)",1,53.49,residential,6,,,,auto,
593,,859,253,255,1,"LINESTRING (116.408184 39.914339, 116.408193 39.91482)",1,53.49,residential,6,,,,auto,
594,,860,279,280,1,"LINESTRING (116.402532 39.910621, 116.402551 39.910499)",1,13.66,residential,6,,,,auto,
595,,860,280,279,1,"LINESTRING (116.402551 39.910499, 116.402532 39.910621)",1,13.66,residential,6,,,,auto,
596,大甜水井胡同,861,279,281,1,"LINESTRING (116.402532 39.910621, 116.402713 39.910634)",1,15.51,residential,6,,,,auto,
597,大甜水井胡同,861,281,279,1,"LINESTRING (116.402713 39.910634, 116.402532 39.910621)",1,15.51,residential,6,,,,auto,
598,大甜水井胡同,862,279,282,1,"LINESTRING (116.402532 39.910621, 116.402314 39.910627)",1,18.61,residential,6,,,,auto,
599,大甜水井胡同,862,282,279,1,"LINESTRING (116.402314 39.910627, 116.402532 39.910621)",1,18.61,residential,6,,,,auto,
600,晨光街,866,283,264,1,"LINESTRING (116.401096 39.909165, 116.401103 39.909628)",1,51.49,residential,6,,,,auto,
601,晨光街,866,264,283,1,"LINESTRING (116.401103 39.909628, 116.401096 39.909165)",1,51.49,residential,6,,,,auto,
602,晨光街,867,283,284,1,"LINESTRING (116.401096 39.909165, 116.401117 39.908352)",1,90.42,residential,6,,,,auto,
603,晨光街,867,284,283,1,"LINESTRING (116.401117 39.908352, 116.401096 39.909165)",1,90.42,residential,6,,,,auto,
604,南口袋胡同,868,283,285,1,"LINESTRING (116.401096 39.909165, 116.401195 39.909163)",1,8.45,residential,6,,,,auto,
605,南口袋胡同,868,285,283,1,"LINESTRING (116.401195 39.909163, 116.401096 39.909165)",1,8.45,residential,6,,,,auto,
606,,881,286,98,1,"LINESTRING (116.406799 39.916256, 116.406856 39.915523)",1,81.65,unclassified,20,,,,auto,
607,,881,98,286,1,"LINESTRING (116.406856 39.915523, 116.406799 39.916256)",1,81.65,unclassified,20,,,,auto,
608,柏树胡同,882,286,287,1,"LINESTRING (116.406799 39.916256, 116.406012 39.91623)",1,67.18,unclassified,20,,,,auto,
609,柏树胡同,882,287,286,1,"LINESTRING (116.406012 39.91623, 116.406799 39.916256)",1,67.18,unclassified,20,,,,auto,
610,,883,256,288,1,"LINESTRING (116.407341 39.914333, 116.407348 39.91413)",1,22.58,residential,6,,,,auto,
611,,883,288,256,1,"LINESTRING (116.407348 39.91413, 116.407341 39.914333)",1,22.58,residential,6,,,,auto,
612,,884,256,253,1,"LINESTRING (116.407341 39.914333, 116.408184 39.914339)",1,71.90,residential,6,,,,auto,
613,,884,253,256,1,"LINESTRING (116.408184 39.914339, 116.407341 39.914333)",1,71.90,residential,6,,,,auto,
614,校尉胡同,885,76,289,1,"LINESTRING (116.407657 39.911406, 116.407642 39.911499)",1,10.42,tertiary,5,,,,auto,
615,灯市口西街,888,250,290,1,"LINESTRING (116.403692 39.917084, 116.404494 39.917124)",1,68.54,tertiary,5,,,,auto,
616,灯市口西街,888,290,250,1,"LINESTRING (116.404494 39.917124, 116.403692 39.917084)",1,68.54,tertiary,5,,,,auto,
617,灯市口西街,889,250,125,1,"LINESTRING (116.403692 39.917084, 116.402856 39.917049)",1,71.40,tertiary,5,,,,auto,
618,灯市口西街,889,125,250,1,"LINESTRING (116.402856 39.917049, 116.403692 39.917084)",1,71.40,tertiary,5,,,,auto,
619,,890,250,249,1,"LINESTRING (116.403692 39.917084, 116.403622 39.918173)",1,121.24,residential,6,,,,auto,
620,,890,249,250,1,"LINESTRING (116.403622 39.918173, 116.403692 39.917084)",1,121.24,residential,6,,,,auto,
621,,894,291,292,1,"LINESTRING (116.40658 39.914123, 116.406611 39.912754)",1,152.25,unclassified,20,,,,auto,
622,,894,292,291,1,"LINESTRING (116.406611 39.912754, 116.40658 39.914123)",1,152.25,unclassified,20,,,,auto,
623,金鱼胡同,895,291,293,1,"LINESTRING (116.40658 39.914123, 116.406483 39.914125)",1,8.28,secondary,4,,,,auto,
624,金鱼胡同,895,293,291,1,"LINESTRING (116.406483 39.914125, 116.40658 39.914123)",1,8.28,secondary,4,,,,auto,
625,金鱼胡同,896,291,288,1,"LINESTRING (116.40658 39.914123, 116.407348 39.91413)",1,65.51,secondary,4,,,,auto,
626,金鱼胡同,896,288,291,1,"LINESTRING (116.407348 39.91413, 116.40658 39.914123)",1,65.51,secondary,4,,,,auto,
627,锡拉胡同,897,55,294,1,"LINESTRING (116.400893 39.914906, 116.401985 39.914922)",1,93.15,unclassified,20,,,,auto,
628,锡拉胡同,897,294,55,1,"LINESTRING (116.401985 39.914922, 116.400893 39.914906)",1,93.15,unclassified,20,,,,auto,
629,东黄城根南街,898,55,295,1,"LINESTRING (116.400893 39.914906, 116.400837 39.916159)",1,139.41,unclassified,20,,,,auto,
630,柏树胡同,905,260,286,1,"LINESTRING (116.40742 39.916263, 116.406799 39.916256)",1,52.97,unclassified,20,,,,auto,
631,,906,260,259,1,"LINESTRING (116.40742 39.916263, 116.407398 39.917239)",1,108.54,unclassified,20,,,,auto,
632,,906,259,260,1,"LINESTRING (116.407398 39.917239, 116.40742 39.916263)",1,108.54,unclassified,20,,,,auto,
633,甘雨胡同,911,98,97,1,"LINESTRING (116.406856 39.915523, 116.405868 39.915497)",1,84.31,tertiary,5,,,,auto,
634,甘雨胡同,911,97,98,1,"LINESTRING (116.405868 39.915497, 116.406856 39.915523)",1,84.31,tertiary,5,,,,auto,
635,,912,98,286,1,"LINESTRING (116.406856 39.915523, 116.406799 39.916256)",1,81.65,unclassified,20,,,,auto,
636,,912,286,98,1,"LINESTRING (116.406799 39.916256, 116.406856 39.915523)",1,81.65,unclassified,20,,,,auto,
637,东单三条,913,278,464,1,"LINESTRING (116.406576 39.909193, 116.407523 39.909214)",1,80.81,tertiary,5,,,,auto,
638,东单三条,913,464,278,1,"LINESTRING (116.407523 39.909214, 116.406576 39.909193)",1,80.81,tertiary,5,,,,auto,
639,东单三条,914,278,66,1,"LINESTRING (116.406576 39.909193, 116.405193 39.909146)",1,118.08,tertiary,5,,,,auto,
640,东单三条,914,66,278,1,"LINESTRING (116.405193 39.909146, 116.406576 39.909193)",1,118.08,tertiary,5,,,,auto,
641,,915,278,277,1,"LINESTRING (116.406576 39.909193, 116.406538 39.910253)",1,117.91,residential,6,,,,auto,
642,,915,277,278,1,"LINESTRING (116.406538 39.910253, 116.406576 39.909193)",1,117.91,residential,6,,,,auto,
643,晨光街,918,264,272,1,"LINESTRING (116.401103 39.909628, 116.401076 39.910184)",1,61.87,residential,6,,,,auto,
644,晨光街,918,272,264,1,"LINESTRING (116.401076 39.910184, 116.401103 39.909628)",1,61.87,residential,6,,,,auto,
645,晨光街,919,264,283,1,"LINESTRING (116.401103 39.909628, 116.401096 39.909165)",1,51.49,residential,6,,,,auto,
646,晨光街,919,283,264,1,"LINESTRING (116.401096 39.909165, 116.401103 39.909628)",1,51.49,residential,6,,,,auto,
647,,920,264,263,1,"LINESTRING (116.401103 39.909628, 116.400568 39.90963)",1,45.63,residential,6,,,,auto,
648,,920,263,264,1,"LINESTRING (116.400568 39.90963, 116.401103 39.909628)",1,45.63,residential,6,,,,auto,
649,,928,296,297,1,"LINESTRING (116.402937 39.915508, 116.402914 39.914936)",1,63.63,unclassified,20,,,,auto,
650,,928,297,296,1,"LINESTRING (116.402914 39.914936, 116.402937 39.915508)",1,63.63,unclassified,20,,,,auto,
651,,929,296,125,1,"LINESTRING (116.402937 39.915508, 116.402856 39.917049)",1,171.49,unclassified,20,,,,auto,
652,,929,125,296,1,"LINESTRING (116.402856 39.917049, 116.402937 39.915508)",1,171.49,unclassified,20,,,,auto,
653,,930,296,252,1,"LINESTRING (116.402937 39.915508, 116.403903 39.915503)",1,82.39,unclassified,20,,,,auto,
654,,930,252,296,1,"LINESTRING (116.403903 39.915503, 116.402937 39.915508)",1,82.39,unclassified,20,,,,auto,
655,大阮府胡同,933,56,86,1,"LINESTRING (116.401926 39.911662, 116.402822 39.91169)",1,76.48,residential,6,,,,auto,
656,大阮府胡同,933,86,56,1,"LINESTRING (116.402822 39.91169, 116.401926 39.911662)",1,76.48,residential,6,,,,auto,
657,大阮府胡同,934,56,24,1,"LINESTRING (116.401926 39.911662, 116.40104 39.91163)",1,75.65,residential,6,,,,auto,
658,大阮府胡同,934,24,56,1,"LINESTRING (116.40104 39.91163, 116.401926 39.911662)",1,75.65,residential,6,,,,auto,
659,,935,56,270,1,"LINESTRING (116.401926 39.911662, 116.401904 39.912307)",1,71.75,residential,6,,,,auto,
660,,935,270,56,1,"LINESTRING (116.401904 39.912307, 116.401926 39.911662)",1,71.75,residential,6,,,,auto,
661,大甜水井胡同,938,298,299,1,"LINESTRING (116.405073 39.910704, 116.404251 39.910687)",1,70.14,residential,6,,,,auto,
662,大甜水井胡同,938,299,298,1,"LINESTRING (116.404251 39.910687, 116.405073 39.910704)",1,70.14,residential,6,,,,auto,
663,,944,300,301,1,"LINESTRING (116.402719 39.916251, 116.402234 39.916248)",1,41.36,residential,6,,,,auto,
664,,944,301,300,1,"LINESTRING (116.402234 39.916248, 116.402719 39.916251)",1,41.36,residential,6,,,,auto,
665,大甜水井胡同,946,302,303,1,"LINESTRING (116.403434 39.910635, 116.403864 39.910667)",1,36.85,residential,6,,,,auto,
666,大甜水井胡同,946,303,302,1,"LINESTRING (116.403864 39.910667, 116.403434 39.910635)",1,36.85,residential,6,,,,auto,
667,大甜水井胡同,947,302,281,1,"LINESTRING (116.403434 39.910635, 116.402713 39.910634)",1,61.50,residential,6,,,,auto,
668,大甜水井胡同,947,281,302,1,"LINESTRING (116.402713 39.910634, 116.403434 39.910635)",1,61.50,residential,6,,,,auto,
669,菜厂胡同,960,304,83,1,"LINESTRING (116.405014 39.912957, 116.402768 39.912888)",1,191.71,residential,6,,,,auto,
670,菜厂胡同,960,83,304,1,"LINESTRING (116.402768 39.912888, 116.405014 39.912957)",1,191.71,residential,6,,,,auto,
671,,961,88,86,1,"LINESTRING (116.402798 39.912327, 116.402822 39.91169)",1,70.86,tertiary,5,,,,auto,
672,,961,86,88,1,"LINESTRING (116.402822 39.91169, 116.402798 39.912327)",1,70.86,tertiary,5,,,,auto,
673,,962,88,83,1,"LINESTRING (116.402798 39.912327, 116.402768 39.912888)",1,62.43,tertiary,5,,,,auto,
674,,962,83,88,1,"LINESTRING (116.402768 39.912888, 116.402798 39.912327)",1,62.43,tertiary,5,,,,auto,
675,,963,88,270,1,"LINESTRING (116.402798 39.912327, 116.401904 39.912307)",1,76.28,residential,6,,,,auto,
676,,963,270,88,1,"LINESTRING (116.401904 39.912307, 116.402798 39.912327)",1,76.28,residential,6,,,,auto,
677,,964,288,256,1,"LINESTRING (116.407348 39.91413, 116.407341 39.914333)",1,22.58,residential,6,,,,auto,
678,,964,256,288,1,"LINESTRING (116.407341 39.914333, 116.407348 39.91413)",1,22.58,residential,6,,,,auto,
679,金鱼胡同,965,288,291,1,"LINESTRING (116.407348 39.91413, 116.40658 39.914123)",1,65.51,secondary,4,,,,auto,
680,金鱼胡同,965,291,288,1,"LINESTRING (116.40658 39.914123, 116.407348 39.91413)",1,65.51,secondary,4,,,,auto,
681,金鱼胡同,966,288,305,1,"LINESTRING (116.407348 39.91413, 116.407565 39.914133)",1,18.51,secondary,4,,,,auto,
682,金鱼胡同,966,305,288,1,"LINESTRING (116.407565 39.914133, 116.407348 39.91413)",1,18.51,secondary,4,,,,auto,
683,东长安街,968,306,307,1,"LINESTRING (116.402091 39.906657, 116.401846 39.906655)",1,20.90,trunk,2,,,,auto,
684,,969,292,308,1,"LINESTRING (116.406611 39.912754, 116.406094 39.912747)",1,44.10,unclassified,20,,,,auto,
685,,969,308,292,1,"LINESTRING (116.406094 39.912747, 116.406611 39.912754)",1,44.10,unclassified,20,,,,auto,
686,,970,292,291,1,"LINESTRING (116.406611 39.912754, 116.40658 39.914123)",1,152.25,unclassified,20,,,,auto,
687,,970,291,292,1,"LINESTRING (116.40658 39.914123, 116.406611 39.912754)",1,152.25,unclassified,20,,,,auto,
688,,975,252,251,1,"LINESTRING (116.403903 39.915503, 116.404493 39.915501)",1,50.32,unclassified,20,,,,auto,
689,,975,251,252,1,"LINESTRING (116.404493 39.915501, 116.403903 39.915503)",1,50.32,unclassified,20,,,,auto,
690,,976,252,296,1,"LINESTRING (116.403903 39.915503, 116.402937 39.915508)",1,82.39,unclassified,20,,,,auto,
691,,976,296,252,1,"LINESTRING (116.402937 39.915508, 116.403903 39.915503)",1,82.39,unclassified,20,,,,auto,
692,灯市口大街,980,28,309,1,"LINESTRING (116.405809 39.917183, 116.405927 39.917188)",1,10.08,tertiary,5,,,,auto,
693,灯市口大街,980,309,28,1,"LINESTRING (116.405927 39.917188, 116.405809 39.917183)",1,10.08,tertiary,5,,,,auto,
694,灯市口大街,981,28,27,1,"LINESTRING (116.405809 39.917183, 116.405085 39.917152)",1,61.84,tertiary,5,,,,auto,
695,灯市口大街,981,27,28,1,"LINESTRING (116.405085 39.917152, 116.405809 39.917183)",1,61.84,tertiary,5,,,,auto,
696,,984,301,300,1,"LINESTRING (116.402234 39.916248, 116.402719 39.916251)",1,41.36,residential,6,,,,auto,
697,,984,300,301,1,"LINESTRING (116.402719 39.916251, 116.402234 39.916248)",1,41.36,residential,6,,,,auto,
698,,987,83,88,1,"LINESTRING (116.402768 39.912888, 116.402798 39.912327)",1,62.43,tertiary,5,,,,auto,
699,,987,88,83,1,"LINESTRING (116.402798 39.912327, 116.402768 39.912888)",1,62.43,tertiary,5,,,,auto,
700,,988,83,82,1,"LINESTRING (116.402768 39.912888, 116.402722 39.913991)",1,122.71,tertiary,5,,,,auto,
701,,988,82,83,1,"LINESTRING (116.402722 39.913991, 116.402768 39.912888)",1,122.71,tertiary,5,,,,auto,
702,菜厂胡同,989,83,257,1,"LINESTRING (116.402768 39.912888, 116.402192 39.912872)",1,49.16,residential,6,,,,auto,
703,菜厂胡同,989,257,83,1,"LINESTRING (116.402192 39.912872, 116.402768 39.912888)",1,49.16,residential,6,,,,auto,
704,菜厂胡同,990,83,304,1,"LINESTRING (116.402768 39.912888, 116.405014 39.912957)",1,191.71,residential,6,,,,auto,
705,菜厂胡同,990,304,83,1,"LINESTRING (116.405014 39.912957, 116.402768 39.912888)",1,191.71,residential,6,,,,auto,
706,晨光街,991,272,59,1,"LINESTRING (116.401076 39.910184, 116.401057 39.91058)",1,44.06,residential,6,,,,auto,
707,晨光街,991,59,272,1,"LINESTRING (116.401057 39.91058, 116.401076 39.910184)",1,44.06,residential,6,,,,auto,
708,晨光街,992,272,264,1,"LINESTRING (116.401076 39.910184, 116.401103 39.909628)",1,61.87,residential,6,,,,auto,
709,晨光街,992,264,272,1,"LINESTRING (116.401103 39.909628, 116.401076 39.910184)",1,61.87,residential,6,,,,auto,
710,,993,272,271,1,"LINESTRING (116.401076 39.910184, 116.400567 39.910184)",1,43.41,residential,6,,,,auto,
711,,993,271,272,1,"LINESTRING (116.400567 39.910184, 116.401076 39.910184)",1,43.41,residential,6,,,,auto,
712,,994,163,246,1,"LINESTRING (116.402664 39.907916, 116.402627 39.90902)",1,122.80,residential,6,,,,auto,
713,,994,246,163,1,"LINESTRING (116.402627 39.90902, 116.402664 39.907916)",1,122.80,residential,6,,,,auto,
714,霞公府街,995,163,310,1,"LINESTRING (116.402664 39.907916, 116.403949 39.907935)",1,109.62,residential,6,,,,auto,
715,霞公府街,995,310,163,1,"LINESTRING (116.403949 39.907935, 116.402664 39.907916)",1,109.62,residential,6,,,,auto,
716,霞公府街,996,163,162,1,"LINESTRING (116.402664 39.907916, 116.401719 39.907901)",1,80.62,residential,6,,,,auto,
717,霞公府街,996,162,163,1,"LINESTRING (116.401719 39.907901, 116.402664 39.907916)",1,80.62,residential,6,,,,auto,
718,,999,308,72,1,"LINESTRING (116.406094 39.912747, 116.406115 39.911827)",1,102.32,unclassified,20,,,,auto,
719,,999,72,308,1,"LINESTRING (116.406115 39.911827, 116.406094 39.912747)",1,102.32,unclassified,20,,,,auto,
720,,1000,308,292,1,"LINESTRING (116.406094 39.912747, 116.406611 39.912754)",1,44.10,unclassified,20,,,,auto,
721,,1000,292,308,1,"LINESTRING (116.406611 39.912754, 116.406094 39.912747)",1,44.10,unclassified,20,,,,auto,
722,锡拉胡同,1001,297,276,1,"LINESTRING (116.402914 39.914936, 116.40469 39.914952)",1,151.48,unclassified,20,,,,auto,
723,锡拉胡同,1001,276,297,1,"LINESTRING (116.40469 39.914952, 116.402914 39.914936)",1,151.48,unclassified,20,,,,auto,
724,锡拉胡同,1002,297,294,1,"LINESTRING (116.402914 39.914936, 116.401985 39.914922)",1,79.25,unclassified,20,,,,auto,
725,锡拉胡同,1002,294,297,1,"LINESTRING (116.401985 39.914922, 116.402914 39.914936)",1,79.25,unclassified,20,,,,auto,
726,,1003,297,296,1,"LINESTRING (116.402914 39.914936, 116.402937 39.915508)",1,63.63,unclassified,20,,,,auto,
727,,1003,296,297,1,"LINESTRING (116.402937 39.915508, 116.402914 39.914936)",1,63.63,unclassified,20,,,,auto,
728,东长安街,1005,311,306,1,"LINESTRING (116.403042 39.906684, 116.402091 39.906657)",1,81.17,trunk,2,,,,auto,
729,金鱼胡同,1006,254,312,1,"LINESTRING (116.408178 39.914139, 116.407991 39.914137)",1,15.95,secondary,4,,,,auto,
730,金鱼胡同,1006,312,254,1,"LINESTRING (116.407991 39.914137, 116.408178 39.914139)",1,15.95,secondary,4,,,,auto,
731,,1007,254,253,1,"LINESTRING (116.408178 39.914139, 116.408184 39.914339)",1,22.24,residential,6,,,,auto,
732,,1007,253,254,1,"LINESTRING (116.408184 39.914339, 116.408178 39.914139)",1,22.24,residential,6,,,,auto,
733,菜厂胡同,1008,57,258,1,"LINESTRING (116.400986 39.912608, 116.402201 39.91264)",1,103.69,residential,6,,,,auto,
734,菜厂胡同,1008,258,57,1,"LINESTRING (116.402201 39.91264, 116.400986 39.912608)",1,103.69,residential,6,,,,auto,
735,晨光街,1009,57,38,1,"LINESTRING (116.400986 39.912608, 116.40091 39.913903)",1,144.14,unclassified,20,,,,auto,
736,柏树胡同,1015,287,90,1,"LINESTRING (116.406012 39.91623, 116.405038 39.9162)",1,83.13,unclassified,20,,,,auto,
737,柏树胡同,1015,90,287,1,"LINESTRING (116.405038 39.9162, 116.406012 39.91623)",1,83.13,unclassified,20,,,,auto,
738,柏树胡同,1016,287,286,1,"LINESTRING (116.406012 39.91623, 116.406799 39.916256)",1,67.18,unclassified,20,,,,auto,
739,柏树胡同,1016,286,287,1,"LINESTRING (116.406799 39.916256, 116.406012 39.91623)",1,67.18,unclassified,20,,,,auto,
740,东长安街,1018,313,314,1,"LINESTRING (116.401286 39.906642, 116.400714 39.90662)",1,48.85,trunk,2,,,,auto,
741,东长安街,1027,307,313,1,"LINESTRING (116.401846 39.906655, 116.401286 39.906642)",1,47.79,trunk,2,,,,auto,
742,灯市口北巷,1035,274,261,1,"LINESTRING (116.407507 39.91876, 116.407545 39.917241)",1,168.94,residential,6,,,,auto,
743,灯市口北巷,1035,261,274,1,"LINESTRING (116.407545 39.917241, 116.407507 39.91876)",1,168.94,residential,6,,,,auto,
744,灯市口大街,1039,309,315,1,"LINESTRING (116.405927 39.917188, 116.405959 39.917189)",1,2.73,tertiary,5,,,,auto,
745,灯市口大街,1039,315,309,1,"LINESTRING (116.405959 39.917189, 116.405927 39.917188)",1,2.73,tertiary,5,,,,auto,
746,灯市口大街,1040,309,28,1,"LINESTRING (116.405927 39.917188, 116.405809 39.917183)",1,10.08,tertiary,5,,,,auto,
747,灯市口大街,1040,28,309,1,"LINESTRING (116.405809 39.917183, 116.405927 39.917188)",1,10.08,tertiary,5,,,,auto,
748,灯市口西街,1041,125,250,1,"LINESTRING (116.402856 39.917049, 116.403692 39.917084)",1,71.40,tertiary,5,,,,auto,
749,灯市口西街,1041,250,125,1,"LINESTRING (116.403692 39.917084, 116.402856 39.917049)",1,71.40,tertiary,5,,,,auto,
750,灯市口西街,1042,125,121,1,"LINESTRING (116.402856 39.917049, 116.402684 39.917043)",1,14.68,tertiary,5,,,,auto,
751,灯市口西街,1042,121,125,1,"LINESTRING (116.402684 39.917043, 116.402856 39.917049)",1,14.68,tertiary,5,,,,auto,
752,,1043,125,296,1,"LINESTRING (116.402856 39.917049, 116.402937 39.915508)",1,171.49,unclassified,20,,,,auto,
753,,1043,296,125,1,"LINESTRING (116.402937 39.915508, 116.402856 39.917049)",1,171.49,unclassified,20,,,,auto,
754,菜厂胡同,1044,258,57,1,"LINESTRING (116.402201 39.91264, 116.400986 39.912608)",1,103.69,residential,6,,,,auto,
755,菜厂胡同,1044,57,258,1,"LINESTRING (116.400986 39.912608, 116.402201 39.91264)",1,103.69,residential,6,,,,auto,
756,菜厂胡同,1045,258,257,1,"LINESTRING (116.402201 39.91264, 116.402192 39.912872)",1,25.81,residential,6,,,,auto,
757,菜厂胡同,1045,257,258,1,"LINESTRING (116.402192 39.912872, 116.402201 39.91264)",1,25.81,residential,6,,,,auto,
758,东长安街,1049,316,21,1,"LINESTRING (116.407076 39.906805, 116.405456 39.906762)",1,138.26,trunk,2,,,,auto,
759,正义路,1051,317,318,1,"LINESTRING (116.400578 39.906228, 116.400578 39.906282)",1,6.00,tertiary,5,,,,auto,
760,台基厂大街,1052,319,320,1,"LINESTRING (116.405327 39.904318, 116.405367 39.903584)",1,81.69,tertiary,5,,,,auto,
761,台基厂大街,1052,320,319,1,"LINESTRING (116.405367 39.903584, 116.405327 39.904318)",1,81.69,tertiary,5,,,,auto,
762,台基厂大街,1053,319,115,1,"LINESTRING (116.405327 39.904318, 116.405287 39.905222)",1,100.58,tertiary,5,,,,auto,
763,台基厂大街,1053,115,319,1,"LINESTRING (116.405287 39.905222, 116.405327 39.904318)",1,100.58,tertiary,5,,,,auto,
764,东交民巷,1054,100,321,1,"LINESTRING (116.400745 39.901053, 116.401993 39.90119)",1,107.54,unclassified,20,,,,auto,
765,东交民巷,1054,321,100,1,"LINESTRING (116.401993 39.90119, 116.400745 39.901053)",1,107.54,unclassified,20,,,,auto,
766,东交民巷,1055,100,99,1,"LINESTRING (116.400745 39.901053, 116.400479 39.901034)",1,22.79,unclassified,20,,,,auto,
767,东交民巷,1055,99,100,1,"LINESTRING (116.400479 39.901034, 116.400745 39.901053)",1,22.79,unclassified,20,,,,auto,
768,正义路,1056,100,322,1,"LINESTRING (116.400745 39.901053, 116.400772 39.901837)",1,87.21,tertiary,5,,,,auto,
769,台基厂大街,1057,320,177,1,"LINESTRING (116.405367 39.903584, 116.405379 39.903429)",1,17.27,tertiary,5,,,,auto,
770,台基厂大街,1057,177,320,1,"LINESTRING (116.405379 39.903429, 116.405367 39.903584)",1,17.27,tertiary,5,,,,auto,
771,台基厂大街,1058,320,319,1,"LINESTRING (116.405367 39.903584, 116.405327 39.904318)",1,81.69,tertiary,5,,,,auto,
772,台基厂大街,1058,319,320,1,"LINESTRING (116.405327 39.904318, 116.405367 39.903584)",1,81.69,tertiary,5,,,,auto,
773,正义路,1059,44,323,1,"LINESTRING (116.400818 39.903137, 116.400616 39.905448)",1,257.55,tertiary,5,,,,auto,
774,,1060,44,42,1,"LINESTRING (116.400818 39.903137, 116.400437 39.903112)",1,32.62,unclassified,20,,,,auto,
775,,1060,42,44,1,"LINESTRING (116.400437 39.903112, 116.400818 39.903137)",1,32.62,unclassified,20,,,,auto,
776,人大会堂西路,1061,324,133,1,"LINESTRING (116.385422 39.900935, 116.385413 39.901215)",1,31.14,tertiary,5,,,,auto,
777,人大会堂西路,1061,133,324,1,"LINESTRING (116.385413 39.901215, 116.385422 39.900935)",1,31.14,tertiary,5,,,,auto,
778,王府井大街,1082,325,326,1,"LINESTRING (116.405269 39.907589, 116.405228 39.908388)",1,88.91,tertiary,5,,,,auto,
779,东安门大街,1087,85,82,1,"LINESTRING (116.40474 39.914041, 116.402722 39.913991)",1,172.20,secondary,4,,,,auto,
780,东安门大街,1087,82,85,1,"LINESTRING (116.402722 39.913991, 116.40474 39.914041)",1,172.20,secondary,4,,,,auto,
781,东安门大街,1088,85,327,1,"LINESTRING (116.40474 39.914041, 116.404961 39.914071)",1,19.14,secondary,4,,,,auto,
782,东安门大街,1088,327,85,1,"LINESTRING (116.404961 39.914071, 116.40474 39.914041)",1,19.14,secondary,4,,,,auto,
783,南池子大街,1148,328,329,1,"LINESTRING (116.397066 39.907018, 116.397056 39.907228)",1,23.37,tertiary,5,,1,,auto,
784,南池子大街,1148,329,328,1,"LINESTRING (116.397056 39.907228, 116.397066 39.907018)",1,23.37,tertiary,5,,1,,auto,
785,南池子大街,1149,328,330,1,"LINESTRING (116.397066 39.907018, 116.397071 39.906928)",1,10.02,tertiary,5,,1,,auto,
786,南池子大街,1149,330,328,1,"LINESTRING (116.397071 39.906928, 116.397066 39.907018)",1,10.02,tertiary,5,,1,,auto,
787,南池子大街,1168,329,331,1,"LINESTRING (116.397056 39.907228, 116.397051 39.907336)",1,12.02,tertiary,5,,1,,auto,
788,南池子大街,1168,331,329,1,"LINESTRING (116.397051 39.907336, 116.397056 39.907228)",1,12.02,tertiary,5,,1,,auto,
789,南池子大街,1169,329,328,1,"LINESTRING (116.397056 39.907228, 116.397066 39.907018)",1,23.37,tertiary,5,,1,,auto,
790,南池子大街,1169,328,329,1,"LINESTRING (116.397066 39.907018, 116.397056 39.907228)",1,23.37,tertiary,5,,1,,auto,
791,南河沿大街,1185,19,168,1,"LINESTRING (116.40043 39.907258, 116.400449 39.907491)",1,25.96,secondary,4,,,,auto,
792,南河沿大街,1185,168,19,1,"LINESTRING (116.400449 39.907491, 116.40043 39.907258)",1,25.96,secondary,4,,,,auto,
793,南河沿大街,1186,19,18,1,"LINESTRING (116.40043 39.907258, 116.400416 39.906864)",1,43.83,secondary,4,,,,auto,
794,南河沿大街,1186,18,19,1,"LINESTRING (116.400416 39.906864, 116.40043 39.907258)",1,43.83,secondary,4,,,,auto,
795,新大路,1201,180,182,1,"LINESTRING (116.393578 39.901558, 116.393763 39.901562)",1,15.79,residential,6,,,,auto,
796,新大路,1201,182,180,1,"LINESTRING (116.393763 39.901562, 116.393578 39.901558)",1,15.79,residential,6,,,,auto,
797,新大路,1202,180,178,1,"LINESTRING (116.393578 39.901558, 116.393316 39.901552)",1,22.36,residential,6,,,,auto,
798,新大路,1202,178,180,1,"LINESTRING (116.393316 39.901552, 116.393578 39.901558)",1,22.36,residential,6,,,,auto,
799,广场东侧路,1205,179,332,1,"LINESTRING (116.393304 39.901833, 116.393301 39.901895)",1,6.90,secondary,4,70,4,,auto,
800,广场东侧路,1211,333,334,1,"LINESTRING (116.393214 39.903728, 116.39321 39.903804)",1,8.46,secondary,4,70,4,,auto,
801,人大会堂西路,1217,335,171,1,"LINESTRING (116.38711 39.901435, 116.387796 39.901448)",1,58.54,tertiary,5,,,,auto,
802,人大会堂西路,1217,171,335,1,"LINESTRING (116.387796 39.901448, 116.38711 39.901435)",1,58.54,tertiary,5,,,,auto,
803,人大会堂西路,1218,335,13,1,"LINESTRING (116.38711 39.901435, 116.386888 39.901453)",1,19.04,tertiary,5,,,,auto,
804,人大会堂西路,1218,13,335,1,"LINESTRING (116.386888 39.901453, 116.38711 39.901435)",1,19.04,tertiary,5,,,,auto,
805,王府井大街,1224,336,337,1,"LINESTRING (116.405228 39.906935, 116.40523 39.906899)",1,4.01,tertiary,5,,,,auto,
806,王府井大街,1225,338,336,1,"LINESTRING (116.405198 39.907553, 116.405228 39.906935)",1,68.77,tertiary,5,,,,auto,
807,王府井大街,1226,339,340,1,"LINESTRING (116.405165 39.90828, 116.40518 39.907968)",1,34.72,tertiary,5,,,,auto,
808,王府井大街,1227,341,339,1,"LINESTRING (116.405148 39.90861, 116.405165 39.90828)",1,36.72,tertiary,5,,,,auto,
809,东单三条,1230,464,278,1,"LINESTRING (116.407523 39.909214, 116.406576 39.909193)",1,80.81,tertiary,5,,,,auto,
810,东单三条,1230,278,464,1,"LINESTRING (116.406576 39.909193, 116.407523 39.909214)",1,80.81,tertiary,5,,,,auto,
813,校尉胡同,1236,342,464,1,"LINESTRING (116.407533 39.909697, 116.407523 39.909214)",1,53.71,tertiary,5,,,,auto,
814,校尉胡同,1237,69,75,1,"LINESTRING (116.40762 39.910112, 116.407637 39.91072)",1,67.62,tertiary,5,,,,auto,
815,校尉胡同,1241,73,343,1,"LINESTRING (116.407557 39.910719, 116.407545 39.910244)",1,52.83,tertiary,5,,,,auto,
816,帅府园胡同,1242,73,75,1,"LINESTRING (116.407557 39.910719, 116.407637 39.91072)",1,6.82,unclassified,20,,,,auto,
817,帅府园胡同,1242,75,73,1,"LINESTRING (116.407637 39.91072, 116.407557 39.910719)",1,6.82,unclassified,20,,,,auto,
818,帅府园胡同,1243,73,71,1,"LINESTRING (116.407557 39.910719, 116.406142 39.910658)",1,120.88,unclassified,20,,,,auto,
819,帅府园胡同,1243,71,73,1,"LINESTRING (116.406142 39.910658, 116.407557 39.910719)",1,120.88,unclassified,20,,,,auto,
820,校尉胡同,1244,344,345,1,"LINESTRING (116.407581 39.911412, 116.407576 39.91139)",1,2.48,tertiary,5,,,,auto,
821,校尉胡同,1245,289,346,1,"LINESTRING (116.407642 39.911499, 116.407654 39.911832)",1,37.04,tertiary,5,,,,auto,
822,校尉胡同,1245,346,289,1,"LINESTRING (116.407654 39.911832, 116.407642 39.911499)",1,37.04,tertiary,5,,,,auto,
823,校尉胡同,1246,289,344,1,"LINESTRING (116.407642 39.911499, 116.407581 39.911412)",1,10.98,tertiary,5,,,,auto,
824,煤渣胡同,1247,347,80,1,"LINESTRING (116.407843 39.912738, 116.407713 39.912758)",1,11.31,residential,6,,,,auto,
825,煤渣胡同,1247,80,347,1,"LINESTRING (116.407713 39.912758, 116.407843 39.912738)",1,11.31,residential,6,,,,auto,
826,校尉胡同,1248,348,81,1,"LINESTRING (116.407711 39.913117, 116.407713 39.913053)",1,7.12,tertiary,5,,,,auto,
827,校尉胡同,1248,81,348,1,"LINESTRING (116.407713 39.913053, 116.407711 39.913117)",1,7.12,tertiary,5,,,,auto,
828,校尉胡同,1249,348,349,1,"LINESTRING (116.407711 39.913117, 116.407754 39.913257)",1,15.99,tertiary,5,,2,,auto,
829,校尉胡同,1250,349,350,1,"LINESTRING (116.407754 39.913257, 116.407751 39.913471)",1,23.80,tertiary,5,,2,,auto,
830,校尉胡同,1251,351,348,1,"LINESTRING (116.407667 39.913259, 116.407711 39.913117)",1,16.23,tertiary,5,,2,,auto,
831,校尉胡同,1253,350,77,1,"LINESTRING (116.407751 39.913471, 116.407744 39.914015)",1,60.49,tertiary,5,,2,,auto,
832,金鱼胡同,1255,305,288,1,"LINESTRING (116.407565 39.914133, 116.407348 39.91413)",1,18.51,secondary,4,,,,auto,
833,金鱼胡同,1255,288,305,1,"LINESTRING (116.407348 39.91413, 116.407565 39.914133)",1,18.51,secondary,4,,,,auto,
834,金鱼胡同,1256,305,352,1,"LINESTRING (116.407565 39.914133, 116.407657 39.914134)",1,7.85,secondary,4,,,,auto,
835,金鱼胡同,1256,352,305,1,"LINESTRING (116.407657 39.914134, 116.407565 39.914133)",1,7.85,secondary,4,,,,auto,
836,金鱼胡同,1258,312,353,1,"LINESTRING (116.407991 39.914137, 116.407878 39.914137)",1,9.64,secondary,4,,,,auto,
837,金鱼胡同,1258,353,312,1,"LINESTRING (116.407878 39.914137, 116.407991 39.914137)",1,9.64,secondary,4,,,,auto,
838,金鱼胡同,1259,312,254,1,"LINESTRING (116.407991 39.914137, 116.408178 39.914139)",1,15.95,secondary,4,,,,auto,
839,金鱼胡同,1259,254,312,1,"LINESTRING (116.408178 39.914139, 116.407991 39.914137)",1,15.95,secondary,4,,,,auto,
840,校尉胡同,1261,343,342,1,"LINESTRING (116.407545 39.910244, 116.407533 39.909697)",1,60.83,tertiary,5,,,,auto,
841,校尉胡同,1262,81,79,1,"LINESTRING (116.407713 39.913053, 116.407713 39.91283)",1,24.80,tertiary,5,,,,auto,
842,校尉胡同,1262,79,81,1,"LINESTRING (116.407713 39.91283, 116.407713 39.913053)",1,24.80,tertiary,5,,,,auto,
843,校尉胡同,1263,81,348,1,"LINESTRING (116.407713 39.913053, 116.407711 39.913117)",1,7.12,tertiary,5,,,,auto,
844,校尉胡同,1263,348,81,1,"LINESTRING (116.407711 39.913117, 116.407713 39.913053)",1,7.12,tertiary,5,,,,auto,
845,金鱼胡同,1264,354,355,1,"LINESTRING (116.406091 39.914128, 116.405298 39.914124)",1,67.63,secondary,4,,,,auto,
846,金鱼胡同,1264,355,354,1,"LINESTRING (116.405298 39.914124, 116.406091 39.914128)",1,67.63,secondary,4,,,,auto,
847,金鱼胡同,1265,354,356,1,"LINESTRING (116.406091 39.914128, 116.406386 39.914121)",1,25.17,secondary,4,,,,auto,
848,金鱼胡同,1265,356,354,1,"LINESTRING (116.406386 39.914121, 116.406091 39.914128)",1,25.17,secondary,4,,,,auto,
849,金鱼胡同,1266,293,356,1,"LINESTRING (116.406483 39.914125, 116.406386 39.914121)",1,8.28,secondary,4,,,,auto,
850,金鱼胡同,1266,356,293,1,"LINESTRING (116.406386 39.914121, 116.406483 39.914125)",1,8.28,secondary,4,,,,auto,
851,金鱼胡同,1267,293,291,1,"LINESTRING (116.406483 39.914125, 116.40658 39.914123)",1,8.28,secondary,4,,,,auto,
852,金鱼胡同,1267,291,293,1,"LINESTRING (116.40658 39.914123, 116.406483 39.914125)",1,8.28,secondary,4,,,,auto,
853,王府井大街,1268,357,358,1,"LINESTRING (116.404714 39.918627, 116.404742 39.918021)",1,67.43,secondary,4,,,,auto,
854,王府井大街,1268,358,357,1,"LINESTRING (116.404742 39.918021, 116.404714 39.918627)",1,67.43,secondary,4,,,,auto,
855,,1274,359,186,1,"LINESTRING (116.398831 39.91336, 116.399007 39.913368)",1,15.04,residential,6,,,,auto,
856,,1274,186,359,1,"LINESTRING (116.399007 39.913368, 116.398831 39.91336)",1,15.04,residential,6,,,,auto,
857,,1275,186,359,1,"LINESTRING (116.399007 39.913368, 116.398831 39.91336)",1,15.04,residential,6,,,,auto,
858,,1275,359,186,1,"LINESTRING (116.398831 39.91336, 116.399007 39.913368)",1,15.04,residential,6,,,,auto,
859,,1276,186,185,1,"LINESTRING (116.399007 39.913368, 116.399068 39.913468)",1,12.28,residential,6,,,,auto,
860,,1276,185,186,1,"LINESTRING (116.399068 39.913468, 116.399007 39.913368)",1,12.28,residential,6,,,,auto,
861,灯市口西街,1277,52,50,1,"LINESTRING (116.400533 39.916957, 116.400801 39.916966)",1,22.88,tertiary,5,,,,auto,
862,灯市口西街,1277,50,52,1,"LINESTRING (116.400801 39.916966, 116.400533 39.916957)",1,22.88,tertiary,5,,,,auto,
863,灯市口西街,1278,52,238,1,"LINESTRING (116.400533 39.916957, 116.400257 39.91704)",1,25.28,tertiary,5,,,,auto,
864,灯市口西街,1278,238,52,1,"LINESTRING (116.400257 39.91704, 116.400533 39.916957)",1,25.28,tertiary,5,,,,auto,
865,智德北巷,1279,239,238,1,"LINESTRING (116.400159 39.917064, 116.400257 39.91704)",1,8.77,residential,6,,,,auto,
866,智德北巷,1279,238,239,1,"LINESTRING (116.400257 39.91704, 116.400159 39.917064)",1,8.77,residential,6,,,,auto,
867,智德北巷,1280,239,215,1,"LINESTRING (116.400159 39.917064, 116.399247 39.917049)",1,77.80,residential,6,,,,auto,
868,智德北巷,1280,215,239,1,"LINESTRING (116.399247 39.917049, 116.400159 39.917064)",1,77.80,residential,6,,,,auto,
869,人大会堂西路,1282,360,361,1,"LINESTRING (116.389652 39.901507, 116.389401 39.901498)",1,21.43,tertiary,5,,,,auto,
870,人大会堂西路,1282,361,360,1,"LINESTRING (116.389401 39.901498, 116.389652 39.901507)",1,21.43,tertiary,5,,,,auto,
871,普渡寺前巷,1283,230,232,1,"LINESTRING (116.398317 39.911437, 116.397947 39.91142)",1,31.61,residential,6,,,,auto,
872,普渡寺前巷,1283,232,230,1,"LINESTRING (116.397947 39.91142, 116.398317 39.911437)",1,31.61,residential,6,,,,auto,
873,普渡寺前巷,1284,230,225,1,"LINESTRING (116.398317 39.911437, 116.398476 39.911444)",1,13.58,residential,6,,,,auto,
874,普渡寺前巷,1284,225,230,1,"LINESTRING (116.398476 39.911444, 116.398317 39.911437)",1,13.58,residential,6,,,,auto,
875,,1286,216,362,1,"LINESTRING (116.399091 39.911965, 116.39904 39.911926)",1,6.14,residential,6,,,,auto,
876,,1286,362,216,1,"LINESTRING (116.39904 39.911926, 116.399091 39.911965)",1,6.14,residential,6,,,,auto,
877,,1287,216,213,1,"LINESTRING (116.399091 39.911965, 116.399199 39.91197)",1,9.23,residential,6,,,,auto,
878,,1287,213,216,1,"LINESTRING (116.399199 39.91197, 116.399091 39.911965)",1,9.23,residential,6,,,,auto,
879,帅府园胡同,1290,74,71,1,"LINESTRING (116.405077 39.910622, 116.406142 39.910658)",1,90.92,unclassified,20,,,,auto,
880,帅府园胡同,1290,71,74,1,"LINESTRING (116.406142 39.910658, 116.405077 39.910622)",1,90.92,unclassified,20,,,,auto,
881,王府井大街,1291,363,364,1,"LINESTRING (116.405309 39.906792, 116.405304 39.906902)",1,12.24,tertiary,5,,,,auto,
882,广场西侧路,1321,365,360,1,"LINESTRING (116.389641 39.90174, 116.389652 39.901507)",1,25.93,secondary,4,,,,auto,
883,东交民巷,1330,321,366,1,"LINESTRING (116.401993 39.90119, 116.40226 39.901194)",1,22.78,unclassified,20,,,,auto,
884,东交民巷,1330,366,321,1,"LINESTRING (116.40226 39.901194, 116.401993 39.90119)",1,22.78,unclassified,20,,,,auto,
885,东交民巷,1331,321,100,1,"LINESTRING (116.401993 39.90119, 116.400745 39.901053)",1,107.54,unclassified,20,,,,auto,
886,东交民巷,1331,100,321,1,"LINESTRING (116.400745 39.901053, 116.401993 39.90119)",1,107.54,unclassified,20,,,,auto,
887,东交民巷,1334,367,103,1,"LINESTRING (116.404329 39.901223, 116.405299 39.901201)",1,82.78,unclassified,20,,,,auto,
888,东交民巷,1334,103,367,1,"LINESTRING (116.405299 39.901201, 116.404329 39.901223)",1,82.78,unclassified,20,,,,auto,
889,东交民巷,1335,367,366,1,"LINESTRING (116.404329 39.901223, 116.40226 39.901194)",1,176.52,unclassified,20,,,,auto,
890,东交民巷,1335,366,367,1,"LINESTRING (116.40226 39.901194, 116.404329 39.901223)",1,176.52,unclassified,20,,,,auto,
891,东长安街,1364,368,369,1,"LINESTRING (116.406764 39.906622, 116.406997 39.906628)",1,19.89,trunk,2,,5,,auto,
892,东长安街,1365,370,316,1,"LINESTRING (116.407702 39.906822, 116.407076 39.906805)",1,53.43,trunk,2,,,,auto,
893,东长安街,1366,371,370,1,"LINESTRING (116.407892 39.906827, 116.407702 39.906822)",1,16.22,trunk,2,,,,auto,
894,灯市口大街,1367,262,259,1,"LINESTRING (116.406602 39.917208, 116.407398 39.917239)",1,67.97,tertiary,5,,,,auto,
895,灯市口大街,1367,259,262,1,"LINESTRING (116.407398 39.917239, 116.406602 39.917208)",1,67.97,tertiary,5,,,,auto,
896,灯市口大街,1368,262,315,1,"LINESTRING (116.406602 39.917208, 116.405959 39.917189)",1,54.88,tertiary,5,,,,auto,
897,灯市口大街,1368,315,262,1,"LINESTRING (116.405959 39.917189, 116.406602 39.917208)",1,54.88,tertiary,5,,,,auto,
898,人大会堂西路,1369,372,373,1,"LINESTRING (116.38543 39.905693, 116.38542 39.905567)",1,14.04,tertiary,5,,,,auto,
899,人大会堂西路,1369,373,372,1,"LINESTRING (116.38542 39.905567, 116.38543 39.905693)",1,14.04,tertiary,5,,,,auto,
900,人大会堂西路,1370,372,374,1,"LINESTRING (116.38543 39.905693, 116.38555 39.905897)",1,24.89,tertiary,5,,,,auto,
901,人大会堂西路,1370,374,372,1,"LINESTRING (116.38555 39.905897, 116.38543 39.905693)",1,24.89,tertiary,5,,,,auto,
902,西长安街,1371,375,117,1,"LINESTRING (116.386428 39.906169, 116.385872 39.90615)",1,47.47,trunk,2,,,,auto,
903,南长街,1372,118,376,1,"LINESTRING (116.385634 39.906142, 116.385676 39.906385)",1,27.26,tertiary,5,,,,auto,
904,南长街,1372,376,118,1,"LINESTRING (116.385676 39.906385, 116.385634 39.906142)",1,27.26,tertiary,5,,,,auto,
905,南长街,1373,118,374,1,"LINESTRING (116.385634 39.906142, 116.38555 39.905897)",1,28.17,tertiary,5,,,,auto,
906,南长街,1373,374,118,1,"LINESTRING (116.38555 39.905897, 116.385634 39.906142)",1,28.17,tertiary,5,,,,auto,
907,大纱帽胡同,1390,269,267,1,"LINESTRING (116.404337 39.909121, 116.404127 39.909114)",1,17.93,residential,6,,,,auto,
908,大纱帽胡同,1390,267,269,1,"LINESTRING (116.404127 39.909114, 116.404337 39.909121)",1,17.93,residential,6,,,,auto,
909,大纱帽胡同,1391,269,67,1,"LINESTRING (116.404337 39.909121, 116.405117 39.909144)",1,66.58,residential,6,,,,auto,
910,大纱帽胡同,1391,67,269,1,"LINESTRING (116.405117 39.909144, 116.404337 39.909121)",1,66.58,residential,6,,,,auto,
911,,1393,377,247,1,"LINESTRING (116.402589 39.909797, 116.402616 39.909284)",1,57.09,residential,6,,,,auto,
912,,1393,247,377,1,"LINESTRING (116.402616 39.909284, 116.402589 39.909797)",1,57.09,residential,6,,,,auto,
913,,1394,377,378,1,"LINESTRING (116.402589 39.909797, 116.40257 39.910167)",1,41.17,residential,6,,,,auto,
914,,1394,378,377,1,"LINESTRING (116.40257 39.910167, 116.402589 39.909797)",1,41.17,residential,6,,,,auto,
915,,1403,378,377,1,"LINESTRING (116.40257 39.910167, 116.402589 39.909797)",1,41.17,residential,6,,,,auto,
916,,1403,377,378,1,"LINESTRING (116.402589 39.909797, 116.40257 39.910167)",1,41.17,residential,6,,,,auto,
917,,1404,378,280,1,"LINESTRING (116.40257 39.910167, 116.402551 39.910499)",1,36.95,residential,6,,,,auto,
918,,1404,280,378,1,"LINESTRING (116.402551 39.910499, 116.40257 39.910167)",1,36.95,residential,6,,,,auto,
919,大甜水井胡同,1416,299,298,1,"LINESTRING (116.404251 39.910687, 116.405073 39.910704)",1,70.14,residential,6,,,,auto,
920,大甜水井胡同,1416,298,299,1,"LINESTRING (116.405073 39.910704, 116.404251 39.910687)",1,70.14,residential,6,,,,auto,
921,大甜水井胡同,1417,299,303,1,"LINESTRING (116.404251 39.910687, 116.403864 39.910667)",1,33.08,residential,6,,,,auto,
922,大甜水井胡同,1417,303,299,1,"LINESTRING (116.403864 39.910667, 116.404251 39.910687)",1,33.08,residential,6,,,,auto,
923,大阮府胡同,1427,379,87,1,"LINESTRING (116.405034 39.911788, 116.404907 39.911781)",1,10.86,residential,6,,,,auto,
924,大阮府胡同,1427,87,379,1,"LINESTRING (116.404907 39.911781, 116.405034 39.911788)",1,10.86,residential,6,,,,auto,
925,东长安街,1438,380,381,1,"LINESTRING (116.404543 39.906553, 116.404782 39.906558)",1,20.39,trunk,2,,,,auto,
926,东长安街,1441,382,311,1,"LINESTRING (116.404278 39.906725, 116.403042 39.906684)",1,105.53,trunk,2,,,,auto,
927,东长安街,1458,381,383,1,"LINESTRING (116.404782 39.906558, 116.404926 39.906562)",1,12.29,trunk,2,,,,auto,
928,东长安街,1470,384,368,1,"LINESTRING (116.406139 39.906606, 116.406764 39.906622)",1,53.34,trunk,2,,5,,auto,
929,骑河楼街,1514,385,143,1,"LINESTRING (116.398072 39.918444, 116.397537 39.918424)",1,45.68,residential,6,,,,auto,
930,南长街,1547,386,387,1,"LINESTRING (116.385395 39.911228, 116.385474 39.910118)",1,123.61,tertiary,5,,,,auto,
931,南长街,1547,387,386,1,"LINESTRING (116.385474 39.910118, 116.385395 39.911228)",1,123.61,tertiary,5,,,,auto,
932,南长街,1548,386,388,1,"LINESTRING (116.385395 39.911228, 116.385387 39.911313)",1,9.48,tertiary,5,,,,auto,
933,南长街,1548,388,386,1,"LINESTRING (116.385387 39.911313, 116.385395 39.911228)",1,9.48,tertiary,5,,,,auto,
934,台基厂大街,1549,177,174,1,"LINESTRING (116.405379 39.903429, 116.405446 39.902288)",1,127.00,tertiary,5,,,,auto,
935,台基厂大街,1549,174,177,1,"LINESTRING (116.405446 39.902288, 116.405379 39.903429)",1,127.00,tertiary,5,,,,auto,
936,台基厂大街,1550,177,320,1,"LINESTRING (116.405379 39.903429, 116.405367 39.903584)",1,17.27,tertiary,5,,,,auto,
937,台基厂大街,1550,320,177,1,"LINESTRING (116.405367 39.903584, 116.405379 39.903429)",1,17.27,tertiary,5,,,,auto,
938,西堂子胡同,1555,96,255,1,"LINESTRING (116.406378 39.91479, 116.408193 39.91482)",1,154.83,residential,6,,,,auto,
939,西堂子胡同,1555,255,96,1,"LINESTRING (116.408193 39.91482, 116.406378 39.91479)",1,154.83,residential,6,,,,auto,
940,西堂子胡同,1556,96,94,1,"LINESTRING (116.406378 39.91479, 116.405907 39.914782)",1,40.18,residential,6,,,,auto,
941,西堂子胡同,1556,94,96,1,"LINESTRING (116.405907 39.914782, 116.406378 39.91479)",1,40.18,residential,6,,,,auto,
942,北长街,1561,389,48,1,"LINESTRING (116.385143 39.914838, 116.385137 39.914367)",1,52.38,tertiary,5,,,,auto,
943,北长街,1561,48,389,1,"LINESTRING (116.385137 39.914367, 116.385143 39.914838)",1,52.38,tertiary,5,,,,auto,
944,南长街,1577,387,221,1,"LINESTRING (116.385474 39.910118, 116.385447 39.909798)",1,35.66,tertiary,5,,,,auto,
945,南长街,1577,221,387,1,"LINESTRING (116.385447 39.909798, 116.385474 39.910118)",1,35.66,tertiary,5,,,,auto,
946,南长街,1578,387,386,1,"LINESTRING (116.385474 39.910118, 116.385395 39.911228)",1,123.61,tertiary,5,,,,auto,
947,南长街,1578,386,387,1,"LINESTRING (116.385395 39.911228, 116.385474 39.910118)",1,123.61,tertiary,5,,,,auto,
948,正义路,1649,390,42,1,"LINESTRING (116.400341 39.90536, 116.400437 39.903112)",1,250.10,tertiary,5,,,,auto,
949,南池子大街,1659,391,392,1,"LINESTRING (116.397084 39.906772, 116.397081 39.906803)",1,3.46,tertiary,5,,,,auto,
950,南池子大街,1659,392,391,1,"LINESTRING (116.397081 39.906803, 116.397084 39.906772)",1,3.46,tertiary,5,,,,auto,
951,南池子大街,1660,391,393,1,"LINESTRING (116.397084 39.906772, 116.397086 39.906728)",1,4.90,tertiary,5,,,,auto,
952,南池子大街,1660,393,391,1,"LINESTRING (116.397086 39.906728, 116.397084 39.906772)",1,4.90,tertiary,5,,,,auto,
953,正义路,1678,43,99,1,"LINESTRING (116.400482 39.902111, 116.400479 39.901034)",1,119.76,tertiary,5,,,,auto,
954,兴华路,1713,175,107,1,"LINESTRING (116.407736 39.901709, 116.407795 39.90095)",1,84.55,residential,6,,,,auto,
955,兴华路,1713,107,175,1,"LINESTRING (116.407795 39.90095, 116.407736 39.901709)",1,84.55,residential,6,,,,auto,
956,兴华路,1714,175,173,1,"LINESTRING (116.407736 39.901709, 116.407681 39.90246)",1,83.64,residential,6,,,,auto,
957,兴华路,1714,173,175,1,"LINESTRING (116.407681 39.90246, 116.407736 39.901709)",1,83.64,residential,6,,,,auto,
958,东交民巷,1716,366,367,1,"LINESTRING (116.40226 39.901194, 116.404329 39.901223)",1,176.52,unclassified,20,,,,auto,
959,东交民巷,1716,367,366,1,"LINESTRING (116.404329 39.901223, 116.40226 39.901194)",1,176.52,unclassified,20,,,,auto,
960,东交民巷,1717,366,321,1,"LINESTRING (116.40226 39.901194, 116.401993 39.90119)",1,22.78,unclassified,20,,,,auto,
961,东交民巷,1717,321,366,1,"LINESTRING (116.401993 39.90119, 116.40226 39.901194)",1,22.78,unclassified,20,,,,auto,
962,,1719,394,395,1,"LINESTRING (116.405495 39.905787, 116.405867 39.905791)",1,31.73,unclassified,20,,,,auto,
963,,1719,395,394,1,"LINESTRING (116.405867 39.905791, 116.405495 39.905787)",1,31.73,unclassified,20,,,,auto,
964,,1720,395,394,1,"LINESTRING (116.405867 39.905791, 116.405495 39.905787)",1,31.73,unclassified,20,,,,auto,
965,,1720,394,395,1,"LINESTRING (116.405495 39.905787, 116.405867 39.905791)",1,31.73,unclassified,20,,,,auto,
966,,1721,395,396,1,"LINESTRING (116.405867 39.905791, 116.405881 39.905332)",1,51.05,unclassified,20,,,,auto,
967,,1721,396,395,1,"LINESTRING (116.405881 39.905332, 116.405867 39.905791)",1,51.05,unclassified,20,,,,auto,
968,,1722,396,395,1,"LINESTRING (116.405881 39.905332, 116.405867 39.905791)",1,51.05,unclassified,20,,,,auto,
969,,1722,395,396,1,"LINESTRING (116.405867 39.905791, 116.405881 39.905332)",1,51.05,unclassified,20,,,,auto,
970,,1723,396,397,1,"LINESTRING (116.405881 39.905332, 116.405859 39.90525)",1,9.31,unclassified,20,,,,auto,
971,,1723,397,396,1,"LINESTRING (116.405859 39.90525, 116.405881 39.905332)",1,9.31,unclassified,20,,,,auto,
972,,1724,397,396,1,"LINESTRING (116.405859 39.90525, 116.405881 39.905332)",1,9.31,unclassified,20,,,,auto,
973,,1724,396,397,1,"LINESTRING (116.405881 39.905332, 116.405859 39.90525)",1,9.31,unclassified,20,,,,auto,
974,,1725,397,115,1,"LINESTRING (116.405859 39.90525, 116.405287 39.905222)",1,48.89,unclassified,20,,,,auto,
975,,1725,115,397,1,"LINESTRING (116.405287 39.905222, 116.405859 39.90525)",1,48.89,unclassified,20,,,,auto,
976,台基厂大街,1726,115,319,1,"LINESTRING (116.405287 39.905222, 116.405327 39.904318)",1,100.58,tertiary,5,,,,auto,
977,台基厂大街,1726,319,115,1,"LINESTRING (116.405327 39.904318, 116.405287 39.905222)",1,100.58,tertiary,5,,,,auto,
978,台基厂大街,1727,115,114,1,"LINESTRING (116.405287 39.905222, 116.405229 39.906377)",1,128.53,tertiary,5,,,,auto,
979,台基厂大街,1727,114,115,1,"LINESTRING (116.405229 39.906377, 116.405287 39.905222)",1,128.53,tertiary,5,,,,auto,
980,,1728,115,397,1,"LINESTRING (116.405287 39.905222, 116.405859 39.90525)",1,48.89,unclassified,20,,,,auto,
981,,1728,397,115,1,"LINESTRING (116.405859 39.90525, 116.405287 39.905222)",1,48.89,unclassified,20,,,,auto,
982,西长安街,1741,398,1,1,"LINESTRING (116.386644 39.905923, 116.388928 39.905999)",1,195.00,trunk,2,,,,auto,
983,东黄城根南街,1762,295,50,1,"LINESTRING (116.400837 39.916159, 116.400801 39.916966)",1,89.79,unclassified,20,,,,auto,
984,北河沿大街,1780,236,238,1,"LINESTRING (116.400281 39.916143, 116.400257 39.91704)",1,99.76,secondary,4,,,,auto,
985,北河沿大街,1780,238,236,1,"LINESTRING (116.400257 39.91704, 116.400281 39.916143)",1,99.76,secondary,4,,,,auto,
986,北河沿大街,1781,236,235,1,"LINESTRING (116.400281 39.916143, 116.400323 39.915265)",1,97.69,secondary,4,,,,auto,
987,北河沿大街,1781,235,236,1,"LINESTRING (116.400323 39.915265, 116.400281 39.916143)",1,97.69,secondary,4,,,,auto,
988,人大会堂西路,1855,170,361,1,"LINESTRING (116.388201 39.901459, 116.389401 39.901498)",1,102.46,tertiary,5,,,,auto,
989,人大会堂西路,1855,361,170,1,"LINESTRING (116.389401 39.901498, 116.388201 39.901459)",1,102.46,tertiary,5,,,,auto,
990,人大会堂西路,1856,170,169,1,"LINESTRING (116.388201 39.901459, 116.387979 39.901452)",1,18.95,tertiary,5,,,,auto,
991,人大会堂西路,1856,169,170,1,"LINESTRING (116.387979 39.901452, 116.388201 39.901459)",1,18.95,tertiary,5,,,,auto,
992,,1862,172,169,1,"LINESTRING (116.387991 39.901328, 116.387979 39.901452)",1,13.83,residential,6,,,,auto,
993,,1862,169,172,1,"LINESTRING (116.387979 39.901452, 116.387991 39.901328)",1,13.83,residential,6,,,,auto,
994,人大会堂西路,1868,171,169,1,"LINESTRING (116.387796 39.901448, 116.387979 39.901452)",1,15.62,tertiary,5,,,,auto,
995,人大会堂西路,1868,169,171,1,"LINESTRING (116.387979 39.901452, 116.387796 39.901448)",1,15.62,tertiary,5,,,,auto,
996,人大会堂西路,1869,171,335,1,"LINESTRING (116.387796 39.901448, 116.38711 39.901435)",1,58.54,tertiary,5,,,,auto,
997,人大会堂西路,1869,335,171,1,"LINESTRING (116.38711 39.901435, 116.387796 39.901448)",1,58.54,tertiary,5,,,,auto,
998,人大会堂西路,1884,133,324,1,"LINESTRING (116.385413 39.901215, 116.385422 39.900935)",1,31.14,tertiary,5,,,,auto,
999,人大会堂西路,1884,324,133,1,"LINESTRING (116.385422 39.900935, 116.385413 39.901215)",1,31.14,tertiary,5,,,,auto,
1000,人大会堂西路,1885,133,131,1,"LINESTRING (116.385413 39.901215, 116.385402 39.901448)",1,25.93,tertiary,5,,,,auto,
1001,人大会堂西路,1885,131,133,1,"LINESTRING (116.385402 39.901448, 116.385413 39.901215)",1,25.93,tertiary,5,,,,auto,
1002,红井胡同,1890,132,131,1,"LINESTRING (116.385276 39.901444, 116.385402 39.901448)",1,10.76,tertiary,5,,,,auto,
1003,红井胡同,1890,131,132,1,"LINESTRING (116.385402 39.901448, 116.385276 39.901444)",1,10.76,tertiary,5,,,,auto,
1004,人大会堂西路,1901,134,131,1,"LINESTRING (116.385392 39.901731, 116.385402 39.901448)",1,31.48,tertiary,5,,,,auto,
1005,人大会堂西路,1901,131,134,1,"LINESTRING (116.385402 39.901448, 116.385392 39.901731)",1,31.48,tertiary,5,,,,auto,
1006,人大会堂西路,1902,134,16,1,"LINESTRING (116.385392 39.901731, 116.385392 39.901762)",1,3.45,tertiary,5,,,,auto,
1007,人大会堂西路,1902,16,134,1,"LINESTRING (116.385392 39.901762, 116.385392 39.901731)",1,3.45,tertiary,5,,,,auto,
1008,人大会堂西路,1907,11,9,1,"LINESTRING (116.38589 39.901889, 116.386284 39.901695)",1,39.94,tertiary,5,,,,auto,
1009,人大会堂西路,1907,9,11,1,"LINESTRING (116.386284 39.901695, 116.38589 39.901889)",1,39.94,tertiary,5,,,,auto,
1010,人大会堂西路,1908,11,399,1,"LINESTRING (116.38589 39.901889, 116.385821 39.901921)",1,6.88,tertiary,5,,,,auto,
1011,人大会堂西路,1908,399,11,1,"LINESTRING (116.385821 39.901921, 116.38589 39.901889)",1,6.88,tertiary,5,,,,auto,
1012,人大会堂西路,1917,7,5,1,"LINESTRING (116.38559 39.902168, 116.385592 39.901994)",1,19.35,tertiary,5,,,,auto,
1013,人大会堂西路,1917,5,7,1,"LINESTRING (116.385592 39.901994, 116.38559 39.902168)",1,19.35,tertiary,5,,,,auto,
1014,人大会堂西路,1918,7,400,1,"LINESTRING (116.38559 39.902168, 116.385576 39.90249)",1,35.82,tertiary,5,,,,auto,
1015,人大会堂西路,1918,400,7,1,"LINESTRING (116.385576 39.90249, 116.38559 39.902168)",1,35.82,tertiary,5,,,,auto,
1016,人大会堂西路,1934,401,402,1,"LINESTRING (116.38544 39.905208, 116.385483 39.904299)",1,101.14,tertiary,5,,,,auto,
1017,人大会堂西路,1934,402,401,1,"LINESTRING (116.385483 39.904299, 116.38544 39.905208)",1,101.14,tertiary,5,,,,auto,
1018,人大会堂西路,1935,401,403,1,"LINESTRING (116.38544 39.905208, 116.385423 39.905528)",1,35.61,tertiary,5,,,,auto,
1019,人大会堂西路,1935,403,401,1,"LINESTRING (116.385423 39.905528, 116.38544 39.905208)",1,35.61,tertiary,5,,,,auto,
1020,东长安街,1951,404,112,1,"LINESTRING (116.39747 39.906349, 116.399981 39.906433)",1,214.38,trunk,2,,,,auto,
1021,,1952,405,111,1,"LINESTRING (116.397014 39.906425, 116.397096 39.906522)",1,12.86,tertiary,5,,,,auto,
1022,,1952,111,405,1,"LINESTRING (116.397096 39.906522, 116.397014 39.906425)",1,12.86,tertiary,5,,,,auto,
1023,,1953,405,406,1,"LINESTRING (116.397014 39.906425, 116.396866 39.906276)",1,20.83,tertiary,5,,,,auto,
1024,,1953,406,405,1,"LINESTRING (116.396866 39.906276, 116.397014 39.906425)",1,20.83,tertiary,5,,,,auto,
1025,南池子大街,1964,331,243,1,"LINESTRING (116.397051 39.907336, 116.397048 39.907395)",1,6.57,tertiary,5,,1,,auto,
1026,南池子大街,1964,243,331,1,"LINESTRING (116.397048 39.907395, 116.397051 39.907336)",1,6.57,tertiary,5,,1,,auto,
1027,南池子大街,1965,331,329,1,"LINESTRING (116.397051 39.907336, 116.397056 39.907228)",1,12.02,tertiary,5,,1,,auto,
1028,南池子大街,1965,329,331,1,"LINESTRING (116.397056 39.907228, 116.397051 39.907336)",1,12.02,tertiary,5,,1,,auto,
1029,南河沿大街,1967,407,266,1,"LINESTRING (116.400551 39.90918, 116.40056 39.909417)",1,26.36,secondary,4,,,,auto,
1030,南河沿大街,1967,266,407,1,"LINESTRING (116.40056 39.909417, 116.400551 39.90918)",1,26.36,secondary,4,,,,auto,
1031,南河沿大街,1968,407,160,1,"LINESTRING (116.400551 39.90918, 116.400515 39.908523)",1,73.12,secondary,4,,,,auto,
1032,南河沿大街,1968,160,407,1,"LINESTRING (116.400515 39.908523, 116.400551 39.90918)",1,73.12,secondary,4,,,,auto,
1033,南池子大街,1975,198,206,1,"LINESTRING (116.396887 39.910643, 116.396825 39.911373)",1,81.34,tertiary,5,,1,,auto,
1034,南池子大街,1975,206,198,1,"LINESTRING (116.396825 39.911373, 116.396887 39.910643)",1,81.34,tertiary,5,,1,,auto,
1035,南池子大街,1976,198,197,1,"LINESTRING (116.396887 39.910643, 116.396907 39.910253)",1,43.40,tertiary,5,,1,,auto,
1036,南池子大街,1976,197,198,1,"LINESTRING (116.396907 39.910253, 116.396887 39.910643)",1,43.40,tertiary,5,,1,,auto,
1037,南长街,1991,388,386,1,"LINESTRING (116.385387 39.911313, 116.385395 39.911228)",1,9.48,tertiary,5,,,,auto,
1038,南长街,1991,386,388,1,"LINESTRING (116.385395 39.911228, 116.385387 39.911313)",1,9.48,tertiary,5,,,,auto,
1039,南长街,1992,388,49,1,"LINESTRING (116.385387 39.911313, 116.38519 39.913044)",1,193.21,tertiary,5,,,,auto,
1040,南长街,1992,49,388,1,"LINESTRING (116.38519 39.913044, 116.385387 39.911313)",1,193.21,tertiary,5,,,,auto,
1041,,1993,388,408,1,"LINESTRING (116.385387 39.911313, 116.385197 39.911305)",1,16.23,residential,6,,,,auto,
1042,,1993,408,388,1,"LINESTRING (116.385197 39.911305, 116.385387 39.911313)",1,16.23,residential,6,,,,auto,
1043,广场西侧路,2104,409,365,1,"LINESTRING (116.389561 39.903611, 116.389641 39.90174)",1,208.16,secondary,4,,,,auto,
1044,南长街,2348,231,410,1,"LINESTRING (116.385675 39.90656, 116.385675 39.906473)",1,9.67,tertiary,5,,,,auto,
1045,南长街,2348,410,231,1,"LINESTRING (116.385675 39.906473, 116.385675 39.90656)",1,9.67,tertiary,5,,,,auto,
1046,南长街,2349,231,228,1,"LINESTRING (116.385675 39.90656, 116.385649 39.906805)",1,27.33,tertiary,5,,,,auto,
1047,南长街,2349,228,231,1,"LINESTRING (116.385649 39.906805, 116.385675 39.90656)",1,27.33,tertiary,5,,,,auto,
1048,南池子大街,3160,208,34,1,"LINESTRING (116.396792 39.912137, 116.396763 39.91317)",1,114.89,tertiary,5,,1,,auto,
1049,南池子大街,3160,34,208,1,"LINESTRING (116.396763 39.91317, 116.396792 39.912137)",1,114.89,tertiary,5,,1,,auto,
1050,南池子大街,3161,208,206,1,"LINESTRING (116.396792 39.912137, 116.396825 39.911373)",1,85.00,tertiary,5,,1,,auto,
1051,南池子大街,3161,206,208,1,"LINESTRING (116.396825 39.911373, 116.396792 39.912137)",1,85.00,tertiary,5,,1,,auto,
1052,,3177,362,411,1,"LINESTRING (116.39904 39.911926, 116.399041 39.91188)",1,5.12,residential,6,,,,auto,
1053,,3177,411,362,1,"LINESTRING (116.399041 39.91188, 116.39904 39.911926)",1,5.12,residential,6,,,,auto,
1054,,3178,362,216,1,"LINESTRING (116.39904 39.911926, 116.399091 39.911965)",1,6.14,residential,6,,,,auto,
1055,,3178,216,362,1,"LINESTRING (116.399091 39.911965, 116.39904 39.911926)",1,6.14,residential,6,,,,auto,
1056,,3179,411,241,1,"LINESTRING (116.399041 39.91188, 116.399044 39.911646)",1,26.02,residential,6,,,,auto,
1057,,3179,241,411,1,"LINESTRING (116.399044 39.911646, 116.399041 39.91188)",1,26.02,residential,6,,,,auto,
1058,,3180,411,362,1,"LINESTRING (116.399041 39.91188, 116.39904 39.911926)",1,5.12,residential,6,,,,auto,
1059,,3180,362,411,1,"LINESTRING (116.39904 39.911926, 116.399041 39.91188)",1,5.12,residential,6,,,,auto,
1060,,3181,241,205,1,"LINESTRING (116.399044 39.911646, 116.39901 39.91155)",1,11.06,residential,6,,,,auto,
1061,,3181,205,241,1,"LINESTRING (116.39901 39.91155, 116.399044 39.911646)",1,11.06,residential,6,,,,auto,
1062,,3182,241,411,1,"LINESTRING (116.399044 39.911646, 116.399041 39.91188)",1,26.02,residential,6,,,,auto,
1063,,3182,411,241,1,"LINESTRING (116.399041 39.91188, 116.399044 39.911646)",1,26.02,residential,6,,,,auto,
1064,普渡寺前巷,3198,203,225,1,"LINESTRING (116.398625 39.91145, 116.398476 39.911444)",1,12.73,residential,6,,,,auto,
1065,普渡寺前巷,3198,225,203,1,"LINESTRING (116.398476 39.911444, 116.398625 39.91145)",1,12.73,residential,6,,,,auto,
1066,普渡寺前巷,3199,203,202,1,"LINESTRING (116.398625 39.91145, 116.398989 39.911474)",1,31.16,residential,6,,,,auto,
1067,普渡寺前巷,3199,202,203,1,"LINESTRING (116.398989 39.911474, 116.398625 39.91145)",1,31.16,residential,6,,,,auto,
1068,东华门大街,3225,146,35,1,"LINESTRING (116.39836 39.913814, 116.397381 39.913798)",1,83.52,secondary,4,,,,auto,
1069,东华门大街,3225,35,146,1,"LINESTRING (116.397381 39.913798, 116.39836 39.913814)",1,83.52,secondary,4,,,,auto,
1070,东华门大街,3226,146,187,1,"LINESTRING (116.39836 39.913814, 116.398842 39.913836)",1,41.18,secondary,4,,,,auto,
1071,东华门大街,3226,187,146,1,"LINESTRING (116.398842 39.913836, 116.39836 39.913814)",1,41.18,secondary,4,,,,auto,
1072,智德北巷,3271,215,239,1,"LINESTRING (116.399247 39.917049, 116.400159 39.917064)",1,77.80,residential,6,,,,auto,
1073,智德北巷,3271,239,215,1,"LINESTRING (116.400159 39.917064, 116.399247 39.917049)",1,77.80,residential,6,,,,auto,
1074,智德北巷,3272,215,210,1,"LINESTRING (116.399247 39.917049, 116.397596 39.917026)",1,140.83,residential,6,,,,auto,
1075,智德北巷,3272,210,215,1,"LINESTRING (116.397596 39.917026, 116.399247 39.917049)",1,140.83,residential,6,,,,auto,
1076,南河沿大街,3275,20,18,1,"LINESTRING (116.400414 39.906809, 116.400416 39.906864)",1,6.12,secondary,4,,,,auto,
1077,南河沿大街,3275,18,20,1,"LINESTRING (116.400416 39.906864, 116.400414 39.906809)",1,6.12,secondary,4,,,,auto,
1078,南河沿大街,3276,20,412,1,"LINESTRING (116.400414 39.906809, 116.400407 39.906607)",1,22.47,secondary,4,,,,auto,
1079,南河沿大街,3276,412,20,1,"LINESTRING (116.400407 39.906607, 116.400414 39.906809)",1,22.47,secondary,4,,,,auto,
1080,正义路,3279,318,413,1,"LINESTRING (116.400578 39.906282, 116.400556 39.90645)",1,18.77,tertiary,5,,,,auto,
1081,正义路,3282,414,390,1,"LINESTRING (116.400266 39.906271, 116.400341 39.90536)",1,101.50,tertiary,5,,,,auto,
1082,东长安街,3285,415,110,1,"LINESTRING (116.400019 39.9066, 116.397381 39.90653)",1,225.15,trunk,2,,5,,auto,
1083,南长街,3373,221,219,1,"LINESTRING (116.385447 39.909798, 116.385485 39.909256)",1,60.35,tertiary,5,,,,auto,
1084,南长街,3373,219,221,1,"LINESTRING (116.385485 39.909256, 116.385447 39.909798)",1,60.35,tertiary,5,,,,auto,
1085,南长街,3374,221,387,1,"LINESTRING (116.385447 39.909798, 116.385474 39.910118)",1,35.66,tertiary,5,,,,auto,
1086,南长街,3374,387,221,1,"LINESTRING (116.385474 39.910118, 116.385447 39.909798)",1,35.66,tertiary,5,,,,auto,
1087,骑河楼南巷,3479,192,210,1,"LINESTRING (116.397552 39.917186, 116.397596 39.917026)",1,18.18,residential,6,,,,auto,
1088,骑河楼南巷,3479,210,192,1,"LINESTRING (116.397596 39.917026, 116.397552 39.917186)",1,18.18,residential,6,,,,auto,
1089,骑河楼南巷,3480,192,148,1,"LINESTRING (116.397552 39.917186, 116.397539 39.917468)",1,31.38,residential,6,,,,auto,
1090,骑河楼南巷,3480,148,192,1,"LINESTRING (116.397539 39.917468, 116.397552 39.917186)",1,31.38,residential,6,,,,auto,
1091,骑河楼南巷,3481,158,145,1,"LINESTRING (116.397332 39.914301, 116.397351 39.914282)",1,2.66,residential,6,,,,auto,
1092,骑河楼南巷,3481,145,158,1,"LINESTRING (116.397351 39.914282, 116.397332 39.914301)",1,2.66,residential,6,,,,auto,
1093,骑河楼南巷,3482,158,157,1,"LINESTRING (116.397332 39.914301, 116.39731 39.914408)",1,12.04,residential,6,,,,auto,
1094,骑河楼南巷,3482,157,158,1,"LINESTRING (116.39731 39.914408, 116.397332 39.914301)",1,12.04,residential,6,,,,auto,
1095,骑河楼南巷,3483,145,35,1,"LINESTRING (116.397351 39.914282, 116.397381 39.913798)",1,53.88,residential,6,,,,auto,
1096,骑河楼南巷,3483,35,145,1,"LINESTRING (116.397381 39.913798, 116.397351 39.914282)",1,53.88,residential,6,,,,auto,
1097,骑河楼南巷,3484,145,158,1,"LINESTRING (116.397351 39.914282, 116.397332 39.914301)",1,2.66,residential,6,,,,auto,
1098,骑河楼南巷,3484,158,145,1,"LINESTRING (116.397332 39.914301, 116.397351 39.914282)",1,2.66,residential,6,,,,auto,
1099,,3504,190,193,1,"LINESTRING (116.399425 39.911201, 116.399372 39.911973)",1,85.96,residential,6,,,,auto,
1100,,3504,193,190,1,"LINESTRING (116.399372 39.911973, 116.399425 39.911201)",1,85.96,residential,6,,,,auto,
1101,,3505,190,189,1,"LINESTRING (116.399425 39.911201, 116.399432 39.910767)",1,48.26,residential,6,,,,auto,
1102,,3505,189,190,1,"LINESTRING (116.399432 39.910767, 116.399425 39.911201)",1,48.26,residential,6,,,,auto,
1103,,3506,204,191,1,"LINESTRING (116.398994 39.911202, 116.398998 39.910768)",1,48.26,residential,6,,,,auto,
1104,,3506,191,204,1,"LINESTRING (116.398998 39.910768, 116.398994 39.911202)",1,48.26,residential,6,,,,auto,
1105,,3507,204,202,1,"LINESTRING (116.398994 39.911202, 116.398989 39.911474)",1,30.25,residential,6,,,,auto,
1106,,3507,202,204,1,"LINESTRING (116.398989 39.911474, 116.398994 39.911202)",1,30.25,residential,6,,,,auto,
1107,大宴乐胡同,3517,227,226,1,"LINESTRING (116.385491 39.906984, 116.385618 39.906987)",1,10.84,residential,6,,,,auto,
1108,大宴乐胡同,3517,226,227,1,"LINESTRING (116.385618 39.906987, 116.385491 39.906984)",1,10.84,residential,6,,,,auto,
1109,南长街,3519,220,416,1,"LINESTRING (116.385577 39.908098, 116.385582 39.907977)",1,13.46,tertiary,5,,,,auto,
1110,南长街,3519,416,220,1,"LINESTRING (116.385582 39.907977, 116.385577 39.908098)",1,13.46,tertiary,5,,,,auto,
1111,南长街,3520,220,219,1,"LINESTRING (116.385577 39.908098, 116.385485 39.909256)",1,129.00,tertiary,5,,,,auto,
1112,南长街,3520,219,220,1,"LINESTRING (116.385485 39.909256, 116.385577 39.908098)",1,129.00,tertiary,5,,,,auto,
1113,南河沿大街,3593,64,62,1,"LINESTRING (116.400572 39.910592, 116.400572 39.910653)",1,6.78,secondary,4,,,,auto,
1114,南河沿大街,3593,62,64,1,"LINESTRING (116.400572 39.910653, 116.400572 39.910592)",1,6.78,secondary,4,,,,auto,
1115,南河沿大街,3594,64,271,1,"LINESTRING (116.400572 39.910592, 116.400567 39.910184)",1,45.37,secondary,4,,,,auto,
1116,南河沿大街,3594,271,64,1,"LINESTRING (116.400567 39.910184, 116.400572 39.910592)",1,45.37,secondary,4,,,,auto,
1117,,3696,417,268,1,"LINESTRING (116.403908 39.90894, 116.403902 39.909135)",1,21.69,residential,6,,,,auto,
1118,,3696,268,417,1,"LINESTRING (116.403902 39.909135, 116.403908 39.90894)",1,21.69,residential,6,,,,auto,
1119,,3697,417,418,1,"LINESTRING (116.403908 39.90894, 116.403944 39.908011)",1,103.35,residential,6,,,,auto,
1120,,3697,418,417,1,"LINESTRING (116.403944 39.908011, 116.403908 39.90894)",1,103.35,residential,6,,,,auto,
1121,霞公府街,3698,310,340,1,"LINESTRING (116.403949 39.907935, 116.40518 39.907968)",1,105.06,residential,6,,,,auto,
1122,霞公府街,3698,340,310,1,"LINESTRING (116.40518 39.907968, 116.403949 39.907935)",1,105.06,residential,6,,,,auto,
1123,霞公府街,3699,310,163,1,"LINESTRING (116.403949 39.907935, 116.402664 39.907916)",1,109.62,residential,6,,,,auto,
1124,霞公府街,3699,163,310,1,"LINESTRING (116.402664 39.907916, 116.403949 39.907935)",1,109.62,residential,6,,,,auto,
1125,,3700,310,418,1,"LINESTRING (116.403949 39.907935, 116.403944 39.908011)",1,8.46,residential,6,,,,auto,
1126,,3700,418,310,1,"LINESTRING (116.403944 39.908011, 116.403949 39.907935)",1,8.46,residential,6,,,,auto,
1127,,3701,418,310,1,"LINESTRING (116.403944 39.908011, 116.403949 39.907935)",1,8.46,residential,6,,,,auto,
1128,,3701,310,418,1,"LINESTRING (116.403949 39.907935, 116.403944 39.908011)",1,8.46,residential,6,,,,auto,
1129,,3702,418,417,1,"LINESTRING (116.403944 39.908011, 116.403908 39.90894)",1,103.35,residential,6,,,,auto,
1130,,3702,417,418,1,"LINESTRING (116.403908 39.90894, 116.403944 39.908011)",1,103.35,residential,6,,,,auto,
1131,大纱帽胡同,3703,268,245,1,"LINESTRING (116.403902 39.909135, 116.402752 39.909188)",1,98.26,residential,6,,,,auto,
1132,大纱帽胡同,3703,245,268,1,"LINESTRING (116.402752 39.909188, 116.403902 39.909135)",1,98.26,residential,6,,,,auto,
1133,大纱帽胡同,3704,268,267,1,"LINESTRING (116.403902 39.909135, 116.404127 39.909114)",1,19.33,residential,6,,,,auto,
1134,大纱帽胡同,3704,267,268,1,"LINESTRING (116.404127 39.909114, 116.403902 39.909135)",1,19.33,residential,6,,,,auto,
1135,,3705,268,417,1,"LINESTRING (116.403902 39.909135, 116.403908 39.90894)",1,21.69,residential,6,,,,auto,
1136,,3705,417,268,1,"LINESTRING (116.403908 39.90894, 116.403902 39.909135)",1,21.69,residential,6,,,,auto,
1137,,3706,246,163,1,"LINESTRING (116.402627 39.90902, 116.402664 39.907916)",1,122.80,residential,6,,,,auto,
1138,,3706,163,246,1,"LINESTRING (116.402664 39.907916, 116.402627 39.90902)",1,122.80,residential,6,,,,auto,
1139,,3707,246,244,1,"LINESTRING (116.402627 39.90902, 116.402621 39.909194)",1,19.35,residential,6,,,,auto,
1140,,3707,244,246,1,"LINESTRING (116.402621 39.909194, 116.402627 39.90902)",1,19.35,residential,6,,,,auto,
1141,南池子大街,4436,330,328,1,"LINESTRING (116.397071 39.906928, 116.397066 39.907018)",1,10.02,tertiary,5,,1,,auto,
1142,南池子大街,4436,328,330,1,"LINESTRING (116.397066 39.907018, 116.397071 39.906928)",1,10.02,tertiary,5,,1,,auto,
1143,南池子大街,4437,330,419,1,"LINESTRING (116.397071 39.906928, 116.397074 39.906895)",1,3.68,tertiary,5,,,,auto,
1144,南池子大街,4437,419,330,1,"LINESTRING (116.397074 39.906895, 116.397071 39.906928)",1,3.68,tertiary,5,,,,auto,
1145,南池子大街,4438,419,330,1,"LINESTRING (116.397074 39.906895, 116.397071 39.906928)",1,3.68,tertiary,5,,,,auto,
1146,南池子大街,4438,330,419,1,"LINESTRING (116.397071 39.906928, 116.397074 39.906895)",1,3.68,tertiary,5,,,,auto,
1147,南池子大街,4439,419,392,1,"LINESTRING (116.397074 39.906895, 116.397081 39.906803)",1,10.25,tertiary,5,,,,auto,
1148,南池子大街,4439,392,419,1,"LINESTRING (116.397081 39.906803, 116.397074 39.906895)",1,10.25,tertiary,5,,,,auto,
1149,南池子大街,4459,393,391,1,"LINESTRING (116.397086 39.906728, 116.397084 39.906772)",1,4.90,tertiary,5,,,,auto,
1150,南池子大街,4459,391,393,1,"LINESTRING (116.397084 39.906772, 116.397086 39.906728)",1,4.90,tertiary,5,,,,auto,
1151,南池子大街,4460,393,111,1,"LINESTRING (116.397086 39.906728, 116.397096 39.906522)",1,22.92,tertiary,5,,,,auto,
1152,南池子大街,4460,111,393,1,"LINESTRING (116.397096 39.906522, 116.397086 39.906728)",1,22.92,tertiary,5,,,,auto,
1153,东长安街,4989,420,421,1,"LINESTRING (116.397139 39.906315, 116.397406 39.906342)",1,22.97,trunk,2,,,,auto,
1154,新大路,5417,182,181,1,"LINESTRING (116.393763 39.901562, 116.394625 39.901579)",1,73.56,residential,6,,,,auto,
1155,新大路,5417,181,182,1,"LINESTRING (116.394625 39.901579, 116.393763 39.901562)",1,73.56,residential,6,,,,auto,
1156,新大路,5418,182,180,1,"LINESTRING (116.393763 39.901562, 116.393578 39.901558)",1,15.79,residential,6,,,,auto,
1157,新大路,5418,180,182,1,"LINESTRING (116.393578 39.901558, 116.393763 39.901562)",1,15.79,residential,6,,,,auto,
1158,人大会堂西路,5500,8,422,1,"LINESTRING (116.385463 39.901901, 116.385436 39.901875)",1,3.70,tertiary,5,,,,auto,
1159,人大会堂西路,5500,422,8,1,"LINESTRING (116.385436 39.901875, 116.385463 39.901901)",1,3.70,tertiary,5,,,,auto,
1160,人大会堂西路,5501,8,5,1,"LINESTRING (116.385463 39.901901, 116.385592 39.901994)",1,15.10,tertiary,5,,,,auto,
1161,人大会堂西路,5501,5,8,1,"LINESTRING (116.385592 39.901994, 116.385463 39.901901)",1,15.10,tertiary,5,,,,auto,
1162,人大会堂西路,5502,423,399,1,"LINESTRING (116.385751 39.901946, 116.385821 39.901921)",1,6.59,tertiary,5,,,,auto,
1163,人大会堂西路,5502,399,423,1,"LINESTRING (116.385821 39.901921, 116.385751 39.901946)",1,6.59,tertiary,5,,,,auto,
1164,人大会堂西路,5503,423,6,1,"LINESTRING (116.385751 39.901946, 116.385673 39.901972)",1,7.25,tertiary,5,,,,auto,
1165,人大会堂西路,5503,6,423,1,"LINESTRING (116.385673 39.901972, 116.385751 39.901946)",1,7.25,tertiary,5,,,,auto,
1166,人大会堂西路,5504,14,12,1,"LINESTRING (116.386542 39.901558, 116.386719 39.901488)",1,16.99,tertiary,5,,,,auto,
1167,人大会堂西路,5504,12,14,1,"LINESTRING (116.386719 39.901488, 116.386542 39.901558)",1,16.99,tertiary,5,,,,auto,
1168,人大会堂西路,5505,14,10,1,"LINESTRING (116.386542 39.901558, 116.386523 39.901568)",1,1.97,tertiary,5,,,,auto,
1169,人大会堂西路,5505,10,14,1,"LINESTRING (116.386523 39.901568, 116.386542 39.901558)",1,1.97,tertiary,5,,,,auto,
1170,人大会堂西路,5506,13,335,1,"LINESTRING (116.386888 39.901453, 116.38711 39.901435)",1,19.04,tertiary,5,,,,auto,
1171,人大会堂西路,5506,335,13,1,"LINESTRING (116.38711 39.901435, 116.386888 39.901453)",1,19.04,tertiary,5,,,,auto,
1172,人大会堂西路,5507,13,12,1,"LINESTRING (116.386888 39.901453, 116.386719 39.901488)",1,14.93,tertiary,5,,,,auto,
1173,人大会堂西路,5507,12,13,1,"LINESTRING (116.386719 39.901488, 116.386888 39.901453)",1,14.93,tertiary,5,,,,auto,
1174,南河沿大街,5646,168,161,1,"LINESTRING (116.400449 39.907491, 116.400504 39.908211)",1,80.20,secondary,4,,,,auto,
1175,南河沿大街,5646,161,168,1,"LINESTRING (116.400504 39.908211, 116.400449 39.907491)",1,80.20,secondary,4,,,,auto,
1176,南河沿大街,5647,168,19,1,"LINESTRING (116.400449 39.907491, 116.40043 39.907258)",1,25.96,secondary,4,,,,auto,
1177,南河沿大街,5647,19,168,1,"LINESTRING (116.40043 39.907258, 116.400449 39.907491)",1,25.96,secondary,4,,,,auto,
1178,南池子大街,5657,243,242,1,"LINESTRING (116.397048 39.907395, 116.397039 39.907574)",1,19.92,tertiary,5,,1,,auto,
1179,南池子大街,5657,242,243,1,"LINESTRING (116.397039 39.907574, 116.397048 39.907395)",1,19.92,tertiary,5,,1,,auto,
1180,南池子大街,5658,243,331,1,"LINESTRING (116.397048 39.907395, 116.397051 39.907336)",1,6.57,tertiary,5,,1,,auto,
1181,南池子大街,5658,331,243,1,"LINESTRING (116.397051 39.907336, 116.397048 39.907395)",1,6.57,tertiary,5,,1,,auto,
1182,南池子大街,5677,234,201,1,"LINESTRING (116.397023 39.907899, 116.397014 39.90807)",1,19.03,tertiary,5,,1,,auto,
1183,南池子大街,5677,201,234,1,"LINESTRING (116.397014 39.90807, 116.397023 39.907899)",1,19.03,tertiary,5,,1,,auto,
1184,南池子大街,5678,234,242,1,"LINESTRING (116.397023 39.907899, 116.397039 39.907574)",1,36.16,tertiary,5,,1,,auto,
1185,南池子大街,5678,242,234,1,"LINESTRING (116.397039 39.907574, 116.397023 39.907899)",1,36.16,tertiary,5,,1,,auto,
1186,,5730,424,4,1,"LINESTRING (116.393097 39.905897, 116.39308 39.906126)",1,25.50,secondary,4,,,,auto,
1187,广场西侧路,5733,425,409,1,"LINESTRING (116.389456 39.90582, 116.389561 39.903611)",1,245.79,secondary,4,,,,auto,
1188,,5741,111,405,1,"LINESTRING (116.397096 39.906522, 116.397014 39.906425)",1,12.86,tertiary,5,,,,auto,
1189,,5741,405,111,1,"LINESTRING (116.397014 39.906425, 116.397096 39.906522)",1,12.86,tertiary,5,,,,auto,
1190,东长安街,5742,111,426,1,"LINESTRING (116.397096 39.906522, 116.396605 39.906504)",1,41.93,trunk,2,,5,,auto,
1191,南池子大街,5743,111,393,1,"LINESTRING (116.397096 39.906522, 116.397086 39.906728)",1,22.92,tertiary,5,,,,auto,
1192,南池子大街,5743,393,111,1,"LINESTRING (116.397086 39.906728, 116.397096 39.906522)",1,22.92,tertiary,5,,,,auto,
1193,人大会堂西路,5808,402,427,1,"LINESTRING (116.385483 39.904299, 116.38553 39.903301)",1,111.04,tertiary,5,,,,auto,
1194,人大会堂西路,5808,427,402,1,"LINESTRING (116.38553 39.903301, 116.385483 39.904299)",1,111.04,tertiary,5,,,,auto,
1195,人大会堂西路,5809,402,401,1,"LINESTRING (116.385483 39.904299, 116.38544 39.905208)",1,101.14,tertiary,5,,,,auto,
1196,人大会堂西路,5809,401,402,1,"LINESTRING (116.38544 39.905208, 116.385483 39.904299)",1,101.14,tertiary,5,,,,auto,
1197,人大会堂西路,5848,400,7,1,"LINESTRING (116.385576 39.90249, 116.38559 39.902168)",1,35.82,tertiary,5,,,,auto,
1198,人大会堂西路,5848,7,400,1,"LINESTRING (116.38559 39.902168, 116.385576 39.90249)",1,35.82,tertiary,5,,,,auto,
1199,人大会堂西路,5849,400,427,1,"LINESTRING (116.385576 39.90249, 116.38553 39.903301)",1,90.26,tertiary,5,,,,auto,
1200,人大会堂西路,5849,427,400,1,"LINESTRING (116.38553 39.903301, 116.385576 39.90249)",1,90.26,tertiary,5,,,,auto,
1201,金鱼胡同,5901,355,327,1,"LINESTRING (116.405298 39.914124, 116.404961 39.914071)",1,29.34,secondary,4,,,,auto,
1202,金鱼胡同,5901,327,355,1,"LINESTRING (116.404961 39.914071, 116.405298 39.914124)",1,29.34,secondary,4,,,,auto,
1203,金鱼胡同,5902,355,354,1,"LINESTRING (116.405298 39.914124, 116.406091 39.914128)",1,67.63,secondary,4,,,,auto,
1204,金鱼胡同,5902,354,355,1,"LINESTRING (116.406091 39.914128, 116.405298 39.914124)",1,67.63,secondary,4,,,,auto,
1205,南河沿大街,5982,265,271,1,"LINESTRING (116.400558 39.90982, 116.400567 39.910184)",1,40.48,secondary,4,,,,auto,
1206,南河沿大街,5982,271,265,1,"LINESTRING (116.400567 39.910184, 116.400558 39.90982)",1,40.48,secondary,4,,,,auto,
1207,南河沿大街,5983,265,263,1,"LINESTRING (116.400558 39.90982, 116.400568 39.90963)",1,21.14,secondary,4,,,,auto,
1208,南河沿大街,5983,263,265,1,"LINESTRING (116.400568 39.90963, 116.400558 39.90982)",1,21.14,secondary,4,,,,auto,
1209,大甜水井胡同,5984,303,299,1,"LINESTRING (116.403864 39.910667, 116.404251 39.910687)",1,33.08,residential,6,,,,auto,
1210,大甜水井胡同,5984,299,303,1,"LINESTRING (116.404251 39.910687, 116.403864 39.910667)",1,33.08,residential,6,,,,auto,
1211,大甜水井胡同,5985,303,302,1,"LINESTRING (116.403864 39.910667, 116.403434 39.910635)",1,36.85,residential,6,,,,auto,
1212,大甜水井胡同,5985,302,303,1,"LINESTRING (116.403434 39.910635, 116.403864 39.910667)",1,36.85,residential,6,,,,auto,
1213,,6209,247,244,1,"LINESTRING (116.402616 39.909284, 116.402621 39.909194)",1,10.02,residential,6,,,,auto,
1214,,6209,244,247,1,"LINESTRING (116.402621 39.909194, 116.402616 39.909284)",1,10.02,residential,6,,,,auto,
1215,,6210,247,377,1,"LINESTRING (116.402616 39.909284, 116.402589 39.909797)",1,57.09,residential,6,,,,auto,
1216,,6210,377,247,1,"LINESTRING (116.402589 39.909797, 116.402616 39.909284)",1,57.09,residential,6,,,,auto,
1217,南口袋胡同,6213,248,285,1,"LINESTRING (116.402431 39.90919, 116.401195 39.909163)",1,105.47,residential,6,,,,auto,
1218,南口袋胡同,6213,285,248,1,"LINESTRING (116.401195 39.909163, 116.402431 39.90919)",1,105.47,residential,6,,,,auto,
1219,南口袋胡同,6214,248,244,1,"LINESTRING (116.402431 39.90919, 116.402621 39.909194)",1,16.21,residential,6,,,,auto,
1220,南口袋胡同,6214,244,248,1,"LINESTRING (116.402621 39.909194, 116.402431 39.90919)",1,16.21,residential,6,,,,auto,
1221,大纱帽胡同,6217,245,244,1,"LINESTRING (116.402752 39.909188, 116.402621 39.909194)",1,11.19,residential,6,,,,auto,
1222,大纱帽胡同,6217,244,245,1,"LINESTRING (116.402621 39.909194, 116.402752 39.909188)",1,11.19,residential,6,,,,auto,
1223,大纱帽胡同,6218,245,268,1,"LINESTRING (116.402752 39.909188, 116.403902 39.909135)",1,98.26,residential,6,,,,auto,
1224,大纱帽胡同,6218,268,245,1,"LINESTRING (116.403902 39.909135, 116.402752 39.909188)",1,98.26,residential,6,,,,auto,
1225,,6221,280,378,1,"LINESTRING (116.402551 39.910499, 116.40257 39.910167)",1,36.95,residential,6,,,,auto,
1226,,6221,378,280,1,"LINESTRING (116.40257 39.910167, 116.402551 39.910499)",1,36.95,residential,6,,,,auto,
1227,,6222,280,279,1,"LINESTRING (116.402551 39.910499, 116.402532 39.910621)",1,13.66,residential,6,,,,auto,
1228,,6222,279,280,1,"LINESTRING (116.402532 39.910621, 116.402551 39.910499)",1,13.66,residential,6,,,,auto,
1229,大甜水井胡同,6223,282,279,1,"LINESTRING (116.402314 39.910627, 116.402532 39.910621)",1,18.61,residential,6,,,,auto,
1230,大甜水井胡同,6223,279,282,1,"LINESTRING (116.402532 39.910621, 116.402314 39.910627)",1,18.61,residential,6,,,,auto,
1231,大甜水井胡同,6224,282,61,1,"LINESTRING (116.402314 39.910627, 116.401128 39.910669)",1,101.26,residential,6,,,,auto,
1232,大甜水井胡同,6224,61,282,1,"LINESTRING (116.401128 39.910669, 116.402314 39.910627)",1,101.26,residential,6,,,,auto,
1233,大甜水井胡同,6227,281,302,1,"LINESTRING (116.402713 39.910634, 116.403434 39.910635)",1,61.50,residential,6,,,,auto,
1234,大甜水井胡同,6227,302,281,1,"LINESTRING (116.403434 39.910635, 116.402713 39.910634)",1,61.50,residential,6,,,,auto,
1235,大甜水井胡同,6228,281,279,1,"LINESTRING (116.402713 39.910634, 116.402532 39.910621)",1,15.51,residential,6,,,,auto,
1236,大甜水井胡同,6228,279,281,1,"LINESTRING (116.402532 39.910621, 116.402713 39.910634)",1,15.51,residential,6,,,,auto,
1237,大甜水井胡同,6229,61,282,1,"LINESTRING (116.401128 39.910669, 116.402314 39.910627)",1,101.26,residential,6,,,,auto,
1238,大甜水井胡同,6229,282,61,1,"LINESTRING (116.402314 39.910627, 116.401128 39.910669)",1,101.26,residential,6,,,,auto,
1239,大甜水井胡同,6230,61,58,1,"LINESTRING (116.401128 39.910669, 116.401054 39.910673)",1,6.33,residential,6,,,,auto,
1240,大甜水井胡同,6230,58,61,1,"LINESTRING (116.401054 39.910673, 116.401128 39.910669)",1,6.33,residential,6,,,,auto,
1241,南河沿大街,6231,26,23,1,"LINESTRING (116.400577 39.910729, 116.400542 39.911615)",1,98.56,secondary,4,,,,auto,
1242,南河沿大街,6231,23,26,1,"LINESTRING (116.400542 39.911615, 116.400577 39.910729)",1,98.56,secondary,4,,,,auto,
1243,南河沿大街,6232,26,62,1,"LINESTRING (116.400577 39.910729, 116.400572 39.910653)",1,8.46,secondary,4,,,,auto,
1244,南河沿大街,6232,62,26,1,"LINESTRING (116.400572 39.910653, 116.400577 39.910729)",1,8.46,secondary,4,,,,auto,
1245,东皇城门南街,6233,63,428,1,"LINESTRING (116.400708 39.910656, 116.400956 39.910666)",1,21.18,unclassified,20,,,,auto,
1246,东皇城门南街,6234,428,58,1,"LINESTRING (116.400956 39.910666, 116.401054 39.910673)",1,8.39,unclassified,20,,,,auto,
1247,晨光街,6235,60,24,1,"LINESTRING (116.401051 39.910772, 116.40104 39.91163)",1,95.41,unclassified,20,,,,auto,
1248,晨光街,6236,59,58,1,"LINESTRING (116.401057 39.91058, 116.401054 39.910673)",1,10.34,residential,6,,,,auto,
1249,晨光街,6236,58,59,1,"LINESTRING (116.401054 39.910673, 116.401057 39.91058)",1,10.34,residential,6,,,,auto,
1250,晨光街,6237,59,272,1,"LINESTRING (116.401057 39.91058, 116.401076 39.910184)",1,44.06,residential,6,,,,auto,
1251,晨光街,6237,272,59,1,"LINESTRING (116.401076 39.910184, 116.401057 39.91058)",1,44.06,residential,6,,,,auto,
1252,南口袋胡同,6238,285,283,1,"LINESTRING (116.401195 39.909163, 116.401096 39.909165)",1,8.45,residential,6,,,,auto,
1253,南口袋胡同,6238,283,285,1,"LINESTRING (116.401096 39.909165, 116.401195 39.909163)",1,8.45,residential,6,,,,auto,
1254,南口袋胡同,6239,285,248,1,"LINESTRING (116.401195 39.909163, 116.402431 39.90919)",1,105.47,residential,6,,,,auto,
1255,南口袋胡同,6239,248,285,1,"LINESTRING (116.402431 39.90919, 116.401195 39.909163)",1,105.47,residential,6,,,,auto,
1256,灯市口西街,6270,429,430,1,"LINESTRING (116.40458 39.917129, 116.404793 39.91714)",1,18.21,tertiary,5,,,,auto,
1257,灯市口西街,6270,430,429,1,"LINESTRING (116.404793 39.91714, 116.40458 39.917129)",1,18.21,tertiary,5,,,,auto,
1258,灯市口西街,6271,429,290,1,"LINESTRING (116.40458 39.917129, 116.404494 39.917124)",1,7.36,tertiary,5,,,,auto,
1259,灯市口西街,6271,290,429,1,"LINESTRING (116.404494 39.917124, 116.40458 39.917129)",1,7.36,tertiary,5,,,,auto,
1260,王府井大街,6276,431,430,1,"LINESTRING (116.40478 39.917319, 116.404793 39.91714)",1,19.93,secondary,4,,,,auto,
1261,王府井大街,6276,430,431,1,"LINESTRING (116.404793 39.91714, 116.40478 39.917319)",1,19.93,secondary,4,,,,auto,
1262,王府井大街,6277,431,432,1,"LINESTRING (116.40478 39.917319, 116.404777 39.917374)",1,6.12,secondary,4,,,,auto,
1263,王府井大街,6277,432,431,1,"LINESTRING (116.404777 39.917374, 116.40478 39.917319)",1,6.12,secondary,4,,,,auto,
1264,灯市口大街,6278,29,27,1,"LINESTRING (116.404996 39.917148, 116.405085 39.917152)",1,7.60,tertiary,5,,,,auto,
1265,灯市口大街,6278,27,29,1,"LINESTRING (116.405085 39.917152, 116.404996 39.917148)",1,7.60,tertiary,5,,,,auto,
1266,灯市口大街,6279,29,430,1,"LINESTRING (116.404996 39.917148, 116.404793 39.91714)",1,17.34,tertiary,5,,,,auto,
1267,灯市口大街,6279,430,29,1,"LINESTRING (116.404793 39.91714, 116.404996 39.917148)",1,17.34,tertiary,5,,,,auto,
1268,西长安街,6405,374,398,1,"LINESTRING (116.38555 39.905897, 116.386644 39.905923)",1,93.36,trunk,2,,,,auto,
1269,人大会堂西路,6406,374,372,1,"LINESTRING (116.38555 39.905897, 116.38543 39.905693)",1,24.89,tertiary,5,,,,auto,
1270,人大会堂西路,6406,372,374,1,"LINESTRING (116.38543 39.905693, 116.38555 39.905897)",1,24.89,tertiary,5,,,,auto,
1271,南长街,6407,374,118,1,"LINESTRING (116.38555 39.905897, 116.385634 39.906142)",1,28.17,tertiary,5,,,,auto,
1272,南长街,6407,118,374,1,"LINESTRING (116.385634 39.906142, 116.38555 39.905897)",1,28.17,tertiary,5,,,,auto,
1273,西长安街,6409,433,374,1,"LINESTRING (116.385121 39.905886, 116.38555 39.905897)",1,36.61,trunk,2,,,,auto,
1274,东长安街,6501,434,435,1,"LINESTRING (116.396658 39.906245, 116.396682 39.906247)",1,2.06,trunk,2,,,,auto,
1275,东长安街,6502,436,437,1,"LINESTRING (116.405001 39.906564, 116.405218 39.906571)",1,18.53,trunk,2,,,,auto,
1276,,6503,109,2,1,"LINESTRING (116.38943 39.90626, 116.389446 39.906016)",1,27.17,secondary,4,,,,auto,
1277,西长安街,6504,109,438,1,"LINESTRING (116.38943 39.90626, 116.388923 39.906245)",1,43.28,trunk,2,70,5,,auto,
1278,西长安街,6505,2,439,1,"LINESTRING (116.389446 39.906016, 116.389865 39.906028)",1,35.76,trunk,2,,,,auto,
1279,广场西侧路,6506,2,425,1,"LINESTRING (116.389446 39.906016, 116.389456 39.90582)",1,21.81,secondary,4,,,,auto,
1280,,6507,406,405,1,"LINESTRING (116.396866 39.906276, 116.397014 39.906425)",1,20.83,tertiary,5,,,,auto,
1281,,6507,405,406,1,"LINESTRING (116.397014 39.906425, 116.396866 39.906276)",1,20.83,tertiary,5,,,,auto,
1282,东长安街,6508,406,420,1,"LINESTRING (116.396866 39.906276, 116.397139 39.906315)",1,23.69,trunk,2,,,,auto,
1283,东长安街,6510,4,440,1,"LINESTRING (116.39308 39.906126, 116.393709 39.906147)",1,53.70,trunk,2,,,,auto,
1284,,6511,4,120,1,"LINESTRING (116.39308 39.906126, 116.39307 39.906373)",1,27.48,secondary,4,,,,auto,
1285,东长安街,6512,120,441,1,"LINESTRING (116.39307 39.906373, 116.392602 39.906358)",1,39.95,trunk,2,70,5,,auto,
1286,,6516,442,292,1,"LINESTRING (116.40736 39.912756, 116.406611 39.912754)",1,63.88,unclassified,20,,,,auto,
1287,校尉胡同,6533,443,351,1,"LINESTRING (116.407666 39.913326, 116.407667 39.913259)",1,7.45,tertiary,5,,2,,auto,
1288,南长街,6543,376,118,1,"LINESTRING (116.385676 39.906385, 116.385634 39.906142)",1,27.26,tertiary,5,,,,auto,
1289,南长街,6543,118,376,1,"LINESTRING (116.385634 39.906142, 116.385676 39.906385)",1,27.26,tertiary,5,,,,auto,
1290,南长街,6544,376,410,1,"LINESTRING (116.385676 39.906385, 116.385675 39.906473)",1,9.79,tertiary,5,,,,auto,
1291,南长街,6544,410,376,1,"LINESTRING (116.385675 39.906473, 116.385676 39.906385)",1,9.79,tertiary,5,,,,auto,
1292,人大会堂西路,6547,373,403,1,"LINESTRING (116.38542 39.905567, 116.385423 39.905528)",1,4.34,tertiary,5,,,,auto,
1293,人大会堂西路,6547,403,373,1,"LINESTRING (116.385423 39.905528, 116.38542 39.905567)",1,4.34,tertiary,5,,,,auto,
1294,人大会堂西路,6548,373,372,1,"LINESTRING (116.38542 39.905567, 116.38543 39.905693)",1,14.04,tertiary,5,,,,auto,
1295,人大会堂西路,6548,372,373,1,"LINESTRING (116.38543 39.905693, 116.38542 39.905567)",1,14.04,tertiary,5,,,,auto,
1296,西长安街,6551,438,444,1,"LINESTRING (116.388923 39.906245, 116.387474 39.906202)",1,123.69,trunk,2,70,5,,auto,
1297,西长安街,6552,439,3,1,"LINESTRING (116.389865 39.906028, 116.392631 39.906113)",1,236.12,trunk,2,,,,auto,
1298,东长安街,6553,441,108,1,"LINESTRING (116.392602 39.906358, 116.38984 39.906273)",1,235.78,trunk,2,70,5,,auto,
1299,东长安街,6554,440,445,1,"LINESTRING (116.393709 39.906147, 116.395041 39.906185)",1,113.69,trunk,2,,,,auto,
1300,东长安街,6555,426,446,1,"LINESTRING (116.396605 39.906504, 116.396126 39.906492)",1,40.88,trunk,2,,5,,auto,
1301,东长安街,6556,435,406,1,"LINESTRING (116.396682 39.906247, 116.396866 39.906276)",1,16.02,trunk,2,,,,auto,
1302,东长安街,6557,421,404,1,"LINESTRING (116.397406 39.906342, 116.39747 39.906349)",1,5.51,trunk,2,,,,auto,
1303,正义路,6558,447,414,1,"LINESTRING (116.400255 39.906437, 116.400266 39.906271)",1,18.48,tertiary,5,,,,auto,
1304,东长安街,6559,447,413,1,"LINESTRING (116.400255 39.906437, 116.400556 39.90645)",1,25.72,primary,3,,,,auto,
1305,,6560,413,412,1,"LINESTRING (116.400556 39.90645, 116.400407 39.906607)",1,21.59,tertiary,5,,,,auto,
1306,东长安街,6561,413,380,1,"LINESTRING (116.400556 39.90645, 116.404543 39.906553)",1,340.27,trunk,2,,,,auto,
1307,东长安街,6562,314,412,1,"LINESTRING (116.400714 39.90662, 116.400407 39.906607)",1,26.23,trunk,2,,,,auto,
1308,南河沿大街,6563,412,20,1,"LINESTRING (116.400407 39.906607, 116.400414 39.906809)",1,22.47,secondary,4,,,,auto,
1309,南河沿大街,6563,20,412,1,"LINESTRING (116.400414 39.906809, 116.400407 39.906607)",1,22.47,secondary,4,,,,auto,
1310,,6564,412,447,1,"LINESTRING (116.400407 39.906607, 116.400255 39.906437)",1,22.92,tertiary,5,,,,auto,
1311,东长安街,6565,412,415,1,"LINESTRING (116.400407 39.906607, 116.400019 39.9066)",1,33.10,trunk,2,,5,,auto,
1312,东长安街,6566,113,447,1,"LINESTRING (116.400026 39.906434, 116.400255 39.906437)",1,19.54,trunk,2,,,,auto,
1313,东长安街,6569,448,449,1,"LINESTRING (116.405237 39.906757, 116.404935 39.906746)",1,25.79,trunk,2,,,,auto,
1314,王府井大街,6570,448,437,1,"LINESTRING (116.405237 39.906757, 116.405218 39.906571)",1,20.75,tertiary,5,,,,auto,
1315,东长安街,6571,22,448,1,"LINESTRING (116.40531 39.906759, 116.405237 39.906757)",1,6.23,trunk,2,,,,auto,
1316,王府井大街,6572,22,363,1,"LINESTRING (116.40531 39.906759, 116.405309 39.906792)",1,3.67,tertiary,5,,,,auto,
1317,西长安街,6573,444,450,1,"LINESTRING (116.387474 39.906202, 116.387218 39.906195)",1,21.85,trunk,2,70,5,,auto,
1318,西长安街,6574,450,375,1,"LINESTRING (116.387218 39.906195, 116.386428 39.906169)",1,67.45,trunk,2,70,5,,auto,
1319,东长安街,6575,446,451,1,"LINESTRING (116.396126 39.906492, 116.396013 39.906488)",1,9.65,trunk,2,,5,,auto,
1320,东长安街,6576,451,452,1,"LINESTRING (116.396013 39.906488, 116.39582 39.906477)",1,16.51,trunk,2,,5,,auto,
1321,东长安街,6577,452,119,1,"LINESTRING (116.39582 39.906477, 116.393616 39.906396)",1,188.21,trunk,2,,5,,auto,
1322,东长安街,6578,445,434,1,"LINESTRING (116.395041 39.906185, 116.396658 39.906245)",1,138.09,trunk,2,,,,auto,
1323,南河沿大街,6579,184,39,1,"LINESTRING (116.40049 39.912512, 116.400474 39.912672)",1,17.84,secondary,4,,,,auto,
1324,南河沿大街,6579,39,184,1,"LINESTRING (116.400474 39.912672, 116.40049 39.912512)",1,17.84,secondary,4,,,,auto,
1325,南河沿大街,6580,184,25,1,"LINESTRING (116.40049 39.912512, 116.400523 39.911999)",1,57.11,secondary,4,,,,auto,
1326,南河沿大街,6580,25,184,1,"LINESTRING (116.400523 39.911999, 116.40049 39.912512)",1,57.11,secondary,4,,,,auto,
1327,南河沿大街,6581,39,37,1,"LINESTRING (116.400474 39.912672, 116.400386 39.913891)",1,135.75,secondary,4,,,,auto,
1328,南河沿大街,6581,37,39,1,"LINESTRING (116.400386 39.913891, 116.400474 39.912672)",1,135.75,secondary,4,,,,auto,
1329,南河沿大街,6582,39,184,1,"LINESTRING (116.400474 39.912672, 116.40049 39.912512)",1,17.84,secondary,4,,,,auto,
1330,南河沿大街,6582,184,39,1,"LINESTRING (116.40049 39.912512, 116.400474 39.912672)",1,17.84,secondary,4,,,,auto,
1331,南河沿大街,6583,266,263,1,"LINESTRING (116.40056 39.909417, 116.400568 39.90963)",1,23.69,secondary,4,,,,auto,
1332,南河沿大街,6583,263,266,1,"LINESTRING (116.400568 39.90963, 116.40056 39.909417)",1,23.69,secondary,4,,,,auto,
1333,南河沿大街,6584,266,407,1,"LINESTRING (116.40056 39.909417, 116.400551 39.90918)",1,26.36,secondary,4,,,,auto,
1334,南河沿大街,6584,407,266,1,"LINESTRING (116.400551 39.90918, 116.40056 39.909417)",1,26.36,secondary,4,,,,auto,
1335,南河沿大街,6585,160,407,1,"LINESTRING (116.400515 39.908523, 116.400551 39.90918)",1,73.12,secondary,4,,,,auto,
1336,南河沿大街,6585,407,160,1,"LINESTRING (116.400551 39.90918, 116.400515 39.908523)",1,73.12,secondary,4,,,,auto,
1337,南河沿大街,6586,160,159,1,"LINESTRING (116.400515 39.908523, 116.400507 39.908388)",1,15.03,secondary,4,,,,auto,
1338,南河沿大街,6586,159,160,1,"LINESTRING (116.400507 39.908388, 116.400515 39.908523)",1,15.03,secondary,4,,,,auto,
1339,北河沿大街,6587,40,237,1,"LINESTRING (116.400351 39.914391, 116.400351 39.914415)",1,2.67,secondary,4,,,,auto,
1340,北河沿大街,6587,237,40,1,"LINESTRING (116.400351 39.914415, 116.400351 39.914391)",1,2.67,secondary,4,,,,auto,
1341,北河沿大街,6588,40,37,1,"LINESTRING (116.400351 39.914391, 116.400386 39.913891)",1,55.68,secondary,4,,,,auto,
1342,北河沿大街,6588,37,40,1,"LINESTRING (116.400386 39.913891, 116.400351 39.914391)",1,55.68,secondary,4,,,,auto,
1343,北河沿大街,6589,237,235,1,"LINESTRING (116.400351 39.914415, 116.400323 39.915265)",1,94.55,secondary,4,,,,auto,
1344,北河沿大街,6589,235,237,1,"LINESTRING (116.400323 39.915265, 116.400351 39.914415)",1,94.55,secondary,4,,,,auto,
1345,北河沿大街,6590,237,40,1,"LINESTRING (116.400351 39.914415, 116.400351 39.914391)",1,2.67,secondary,4,,,,auto,
1346,北河沿大街,6590,40,237,1,"LINESTRING (116.400351 39.914391, 116.400351 39.914415)",1,2.67,secondary,4,,,,auto,
1347,北河沿大街,6591,139,137,1,"LINESTRING (116.400213 39.917896, 116.400182 39.918492)",1,66.32,secondary,4,,,,auto,
1348,北河沿大街,6591,137,139,1,"LINESTRING (116.400182 39.918492, 116.400213 39.917896)",1,66.32,secondary,4,,,,auto,
1349,北河沿大街,6592,139,240,1,"LINESTRING (116.400213 39.917896, 116.400219 39.917717)",1,19.91,secondary,4,,,,auto,
1350,北河沿大街,6592,240,139,1,"LINESTRING (116.400219 39.917717, 116.400213 39.917896)",1,19.91,secondary,4,,,,auto,
1351,北河沿大街,6593,240,139,1,"LINESTRING (116.400219 39.917717, 116.400213 39.917896)",1,19.91,secondary,4,,,,auto,
1352,北河沿大街,6593,139,240,1,"LINESTRING (116.400213 39.917896, 116.400219 39.917717)",1,19.91,secondary,4,,,,auto,
1353,北河沿大街,6594,240,238,1,"LINESTRING (116.400219 39.917717, 116.400257 39.91704)",1,75.35,secondary,4,,,,auto,
1354,北河沿大街,6594,238,240,1,"LINESTRING (116.400257 39.91704, 116.400219 39.917717)",1,75.35,secondary,4,,,,auto,
1355,南长街,6595,229,226,1,"LINESTRING (116.385606 39.90731, 116.385618 39.906987)",1,35.93,tertiary,5,,,,auto,
1356,南长街,6595,226,229,1,"LINESTRING (116.385618 39.906987, 116.385606 39.90731)",1,35.93,tertiary,5,,,,auto,
1357,南长街,6596,229,416,1,"LINESTRING (116.385606 39.90731, 116.385582 39.907977)",1,74.20,tertiary,5,,,,auto,
1358,南长街,6596,416,229,1,"LINESTRING (116.385582 39.907977, 116.385606 39.90731)",1,74.20,tertiary,5,,,,auto,
1359,南长街,6597,416,229,1,"LINESTRING (116.385582 39.907977, 116.385606 39.90731)",1,74.20,tertiary,5,,,,auto,
1360,南长街,6597,229,416,1,"LINESTRING (116.385606 39.90731, 116.385582 39.907977)",1,74.20,tertiary,5,,,,auto,
1361,南长街,6598,416,220,1,"LINESTRING (116.385582 39.907977, 116.385577 39.908098)",1,13.46,tertiary,5,,,,auto,
1362,南长街,6598,220,416,1,"LINESTRING (116.385577 39.908098, 116.385582 39.907977)",1,13.46,tertiary,5,,,,auto,
1363,南长街,6599,49,388,1,"LINESTRING (116.38519 39.913044, 116.385387 39.911313)",1,193.21,tertiary,5,,,,auto,
1364,南长街,6599,388,49,1,"LINESTRING (116.385387 39.911313, 116.38519 39.913044)",1,193.21,tertiary,5,,,,auto,
1365,南长街,6600,49,47,1,"LINESTRING (116.38519 39.913044, 116.38518 39.913367)",1,35.93,tertiary,5,,,,auto,
1366,南长街,6600,47,49,1,"LINESTRING (116.38518 39.913367, 116.38519 39.913044)",1,35.93,tertiary,5,,,,auto,
1367,北长街,6601,48,47,1,"LINESTRING (116.385137 39.914367, 116.38518 39.913367)",1,111.26,tertiary,5,,,,auto,
1368,北长街,6601,47,48,1,"LINESTRING (116.38518 39.913367, 116.385137 39.914367)",1,111.26,tertiary,5,,,,auto,
1369,北长街,6602,48,389,1,"LINESTRING (116.385137 39.914367, 116.385143 39.914838)",1,52.38,tertiary,5,,,,auto,
1370,北长街,6602,389,48,1,"LINESTRING (116.385143 39.914838, 116.385137 39.914367)",1,52.38,tertiary,5,,,,auto,
1371,东安门大街,6603,327,85,1,"LINESTRING (116.404961 39.914071, 116.40474 39.914041)",1,19.14,secondary,4,,,,auto,
1372,东安门大街,6603,85,327,1,"LINESTRING (116.40474 39.914041, 116.404961 39.914071)",1,19.14,secondary,4,,,,auto,
1373,金鱼胡同,6606,327,355,1,"LINESTRING (116.404961 39.914071, 116.405298 39.914124)",1,29.34,secondary,4,,,,auto,
1374,金鱼胡同,6606,355,327,1,"LINESTRING (116.405298 39.914124, 116.404961 39.914071)",1,29.34,secondary,4,,,,auto,
1375,王府井大街,6612,337,448,1,"LINESTRING (116.40523 39.906899, 116.405237 39.906757)",1,15.80,tertiary,5,,,,auto,
1376,王府井大街,6615,364,325,1,"LINESTRING (116.405304 39.906902, 116.405269 39.907589)",1,76.45,tertiary,5,,,,auto,
1377,台基厂大街,6648,116,114,1,"LINESTRING (116.405226 39.906433, 116.405229 39.906377)",1,6.23,tertiary,5,,,,auto,
1378,台基厂大街,6648,114,116,1,"LINESTRING (116.405229 39.906377, 116.405226 39.906433)",1,6.23,tertiary,5,,,,auto,
1379,台基厂大街,6649,116,437,1,"LINESTRING (116.405226 39.906433, 116.405218 39.906571)",1,15.36,tertiary,5,,,,auto,
1380,台基厂大街,6649,437,116,1,"LINESTRING (116.405218 39.906571, 116.405226 39.906433)",1,15.36,tertiary,5,,,,auto,
1381,东长安街,6657,383,436,1,"LINESTRING (116.404926 39.906562, 116.405001 39.906564)",1,6.40,trunk,2,,,,auto,
1382,东长安街,6660,449,382,1,"LINESTRING (116.404935 39.906746, 116.404278 39.906725)",1,56.09,trunk,2,,,,auto,
1383,灯市口西街,6718,430,429,1,"LINESTRING (116.404793 39.91714, 116.40458 39.917129)",1,18.21,tertiary,5,,,,auto,
1384,灯市口西街,6718,429,430,1,"LINESTRING (116.40458 39.917129, 116.404793 39.91714)",1,18.21,tertiary,5,,,,auto,
1385,灯市口大街,6720,430,29,1,"LINESTRING (116.404793 39.91714, 116.404996 39.917148)",1,17.34,tertiary,5,,,,auto,
1386,灯市口大街,6720,29,430,1,"LINESTRING (116.404996 39.917148, 116.404793 39.91714)",1,17.34,tertiary,5,,,,auto,
1387,王府井大街,6721,430,431,1,"LINESTRING (116.404793 39.91714, 116.40478 39.917319)",1,19.93,secondary,4,,,,auto,
1388,王府井大街,6721,431,430,1,"LINESTRING (116.40478 39.917319, 116.404793 39.91714)",1,19.93,secondary,4,,,,auto,
1389,灯市口西街,6724,290,429,1,"LINESTRING (116.404494 39.917124, 116.40458 39.917129)",1,7.36,tertiary,5,,,,auto,
1390,灯市口西街,6724,429,290,1,"LINESTRING (116.40458 39.917129, 116.404494 39.917124)",1,7.36,tertiary,5,,,,auto,
1391,灯市口西街,6725,290,250,1,"LINESTRING (116.404494 39.917124, 116.403692 39.917084)",1,68.54,tertiary,5,,,,auto,
1392,灯市口西街,6725,250,290,1,"LINESTRING (116.403692 39.917084, 116.404494 39.917124)",1,68.54,tertiary,5,,,,auto,
1393,王府井大街,6726,432,431,1,"LINESTRING (116.404777 39.917374, 116.40478 39.917319)",1,6.12,secondary,4,,,,auto,
1394,王府井大街,6726,431,432,1,"LINESTRING (116.40478 39.917319, 116.404777 39.917374)",1,6.12,secondary,4,,,,auto,
1395,王府井大街,6727,432,453,1,"LINESTRING (116.404777 39.917374, 116.404753 39.917829)",1,50.64,secondary,4,,,,auto,
1396,王府井大街,6727,453,432,1,"LINESTRING (116.404753 39.917829, 116.404777 39.917374)",1,50.64,secondary,4,,,,auto,
1397,煤渣胡同,6769,80,347,1,"LINESTRING (116.407713 39.912758, 116.407843 39.912738)",1,11.31,residential,6,,,,auto,
1398,煤渣胡同,6769,347,80,1,"LINESTRING (116.407843 39.912738, 116.407713 39.912758)",1,11.31,residential,6,,,,auto,
1399,校尉胡同,6770,80,454,1,"LINESTRING (116.407713 39.912758, 116.407701 39.912671)",1,9.73,tertiary,5,,,,auto,
1400,校尉胡同,6770,454,80,1,"LINESTRING (116.407701 39.912671, 116.407713 39.912758)",1,9.73,tertiary,5,,,,auto,
1401,校尉胡同,6771,80,79,1,"LINESTRING (116.407713 39.912758, 116.407713 39.91283)",1,8.01,tertiary,5,,,,auto,
1402,校尉胡同,6771,79,80,1,"LINESTRING (116.407713 39.91283, 116.407713 39.912758)",1,8.01,tertiary,5,,,,auto,
1403,,6772,80,442,1,"LINESTRING (116.407713 39.912758, 116.40736 39.912756)",1,30.11,unclassified,20,,,,auto,
1404,校尉胡同,6773,454,455,1,"LINESTRING (116.407701 39.912671, 116.407672 39.912482)",1,21.16,tertiary,5,,,,auto,
1405,校尉胡同,6773,455,454,1,"LINESTRING (116.407672 39.912482, 116.407701 39.912671)",1,21.16,tertiary,5,,,,auto,
1406,校尉胡同,6774,454,80,1,"LINESTRING (116.407701 39.912671, 116.407713 39.912758)",1,9.73,tertiary,5,,,,auto,
1407,校尉胡同,6774,80,454,1,"LINESTRING (116.407713 39.912758, 116.407701 39.912671)",1,9.73,tertiary,5,,,,auto,
1408,金鱼胡同,6775,456,78,1,"LINESTRING (116.407825 39.914136, 116.407742 39.914136)",1,7.08,secondary,4,,,,auto,
1409,金鱼胡同,6775,78,456,1,"LINESTRING (116.407742 39.914136, 116.407825 39.914136)",1,7.08,secondary,4,,,,auto,
1410,金鱼胡同,6776,456,353,1,"LINESTRING (116.407825 39.914136, 116.407878 39.914137)",1,4.52,secondary,4,,,,auto,
1411,金鱼胡同,6776,353,456,1,"LINESTRING (116.407878 39.914137, 116.407825 39.914136)",1,4.52,secondary,4,,,,auto,
1412,金鱼胡同,6777,78,456,1,"LINESTRING (116.407742 39.914136, 116.407825 39.914136)",1,7.08,secondary,4,,,,auto,
1413,金鱼胡同,6777,456,78,1,"LINESTRING (116.407825 39.914136, 116.407742 39.914136)",1,7.08,secondary,4,,,,auto,
1414,,6778,78,352,1,"LINESTRING (116.407742 39.914136, 116.407657 39.914134)",1,7.25,secondary,4,,2,,auto,
1415,,6778,352,78,1,"LINESTRING (116.407657 39.914134, 116.407742 39.914136)",1,7.25,secondary,4,,2,,auto,
1416,金鱼胡同,6779,353,456,1,"LINESTRING (116.407878 39.914137, 116.407825 39.914136)",1,4.52,secondary,4,,,,auto,
1417,金鱼胡同,6779,456,353,1,"LINESTRING (116.407825 39.914136, 116.407878 39.914137)",1,4.52,secondary,4,,,,auto,
1418,金鱼胡同,6780,353,312,1,"LINESTRING (116.407878 39.914137, 116.407991 39.914137)",1,9.64,secondary,4,,,,auto,
1419,金鱼胡同,6780,312,353,1,"LINESTRING (116.407991 39.914137, 116.407878 39.914137)",1,9.64,secondary,4,,,,auto,
1420,校尉胡同,6781,352,443,1,"LINESTRING (116.407657 39.914134, 116.407666 39.913326)",1,89.85,tertiary,5,,2,,auto,
1421,,6782,352,78,1,"LINESTRING (116.407657 39.914134, 116.407742 39.914136)",1,7.25,secondary,4,,2,,auto,
1422,,6782,78,352,1,"LINESTRING (116.407742 39.914136, 116.407657 39.914134)",1,7.25,secondary,4,,2,,auto,
1423,金鱼胡同,6783,352,305,1,"LINESTRING (116.407657 39.914134, 116.407565 39.914133)",1,7.85,secondary,4,,,,auto,
1424,金鱼胡同,6783,305,352,1,"LINESTRING (116.407565 39.914133, 116.407657 39.914134)",1,7.85,secondary,4,,,,auto,
1425,,6784,408,388,1,"LINESTRING (116.385197 39.911305, 116.385387 39.911313)",1,16.23,residential,6,,,,auto,
1426,,6784,388,408,1,"LINESTRING (116.385387 39.911313, 116.385197 39.911305)",1,16.23,residential,6,,,,auto,
1427,西华门大街,6787,46,45,1,"LINESTRING (116.385682 39.913388, 116.386329 39.913412)",1,55.25,unclassified,20,,,,auto,
1428,西华门大街,6787,45,46,1,"LINESTRING (116.386329 39.913412, 116.385682 39.913388)",1,55.25,unclassified,20,,,,auto,
1429,西华门大街,6788,46,47,1,"LINESTRING (116.385682 39.913388, 116.38518 39.913367)",1,42.88,unclassified,20,,,,auto,
1430,西华门大街,6788,47,46,1,"LINESTRING (116.38518 39.913367, 116.385682 39.913388)",1,42.88,unclassified,20,,,,auto,
1431,东华门大街,6792,31,457,1,"LINESTRING (116.395576 39.913738, 116.396198 39.913752)",1,53.07,unclassified,20,,1,,auto,
1432,东华门大街,6792,457,31,1,"LINESTRING (116.396198 39.913752, 116.395576 39.913738)",1,53.07,unclassified,20,,1,,auto,
1433,东华门大街,6793,31,30,1,"LINESTRING (116.395576 39.913738, 116.395476 39.913733)",1,8.55,unclassified,20,,,,auto,
1434,东华门大街,6793,30,31,1,"LINESTRING (116.395476 39.913733, 116.395576 39.913738)",1,8.55,unclassified,20,,,,auto,
1435,东华门大街,6794,457,31,1,"LINESTRING (116.396198 39.913752, 116.395576 39.913738)",1,53.07,unclassified,20,,1,,auto,
1436,东华门大街,6794,31,457,1,"LINESTRING (116.395576 39.913738, 116.396198 39.913752)",1,53.07,unclassified,20,,1,,auto,
1437,东华门大街,6795,457,36,1,"LINESTRING (116.396198 39.913752, 116.396612 39.913766)",1,35.34,unclassified,20,,,,auto,
1438,东华门大街,6795,36,457,1,"LINESTRING (116.396612 39.913766, 116.396198 39.913752)",1,35.34,unclassified,20,,,,auto,
1439,骑河楼街,6798,458,459,1,"LINESTRING (116.399413 39.918489, 116.399173 39.91847)",1,20.58,residential,6,,,,auto,
1440,骑河楼街,6799,459,140,1,"LINESTRING (116.399173 39.91847, 116.398757 39.918463)",1,35.49,residential,6,,,,auto,
1441,骑河楼街,6800,141,385,1,"LINESTRING (116.39809 39.918444, 116.398072 39.918444)",1,1.54,residential,6,,,,auto,
1442,正义路,6806,322,44,1,"LINESTRING (116.400772 39.901837, 116.400818 39.903137)",1,144.61,tertiary,5,,,,auto,
1443,南池子大街,6810,392,419,1,"LINESTRING (116.397081 39.906803, 116.397074 39.906895)",1,10.25,tertiary,5,,,,auto,
1444,南池子大街,6810,419,392,1,"LINESTRING (116.397074 39.906895, 116.397081 39.906803)",1,10.25,tertiary,5,,,,auto,
1445,南池子大街,6811,392,391,1,"LINESTRING (116.397081 39.906803, 116.397084 39.906772)",1,3.46,tertiary,5,,,,auto,
1446,南池子大街,6811,391,392,1,"LINESTRING (116.397084 39.906772, 116.397081 39.906803)",1,3.46,tertiary,5,,,,auto,
1447,人大会堂西路,6816,403,401,1,"LINESTRING (116.385423 39.905528, 116.38544 39.905208)",1,35.61,tertiary,5,,,,auto,
1448,人大会堂西路,6816,401,403,1,"LINESTRING (116.38544 39.905208, 116.385423 39.905528)",1,35.61,tertiary,5,,,,auto,
1449,人大会堂西路,6817,403,373,1,"LINESTRING (116.385423 39.905528, 116.38542 39.905567)",1,4.34,tertiary,5,,,,auto,
1450,人大会堂西路,6817,373,403,1,"LINESTRING (116.38542 39.905567, 116.385423 39.905528)",1,4.34,tertiary,5,,,,auto,
1451,南长街,6818,410,376,1,"LINESTRING (116.385675 39.906473, 116.385676 39.906385)",1,9.79,tertiary,5,,,,auto,
1452,南长街,6818,376,410,1,"LINESTRING (116.385676 39.906385, 116.385675 39.906473)",1,9.79,tertiary,5,,,,auto,
1453,南长街,6819,410,231,1,"LINESTRING (116.385675 39.906473, 116.385675 39.90656)",1,9.67,tertiary,5,,,,auto,
1454,南长街,6819,231,410,1,"LINESTRING (116.385675 39.90656, 116.385675 39.906473)",1,9.67,tertiary,5,,,,auto,
1455,人大会堂西路,6820,361,360,1,"LINESTRING (116.389401 39.901498, 116.389652 39.901507)",1,21.43,tertiary,5,,,,auto,
1456,人大会堂西路,6820,360,361,1,"LINESTRING (116.389652 39.901507, 116.389401 39.901498)",1,21.43,tertiary,5,,,,auto,
1457,人大会堂西路,6821,361,170,1,"LINESTRING (116.389401 39.901498, 116.388201 39.901459)",1,102.46,tertiary,5,,,,auto,
1458,人大会堂西路,6821,170,361,1,"LINESTRING (116.388201 39.901459, 116.389401 39.901498)",1,102.46,tertiary,5,,,,auto,
1459,骑河楼街,6827,138,458,1,"LINESTRING (116.400096 39.918491, 116.399413 39.918489)",1,58.25,residential,6,,,,auto,
1460,东交民巷,6830,103,101,1,"LINESTRING (116.405299 39.901201, 116.405454 39.901198)",1,13.23,unclassified,20,,,,auto,
1461,东交民巷,6830,101,103,1,"LINESTRING (116.405454 39.901198, 116.405299 39.901201)",1,13.23,unclassified,20,,,,auto,
1462,东交民巷,6831,103,367,1,"LINESTRING (116.405299 39.901201, 116.404329 39.901223)",1,82.78,unclassified,20,,,,auto,
1463,东交民巷,6831,367,103,1,"LINESTRING (116.404329 39.901223, 116.405299 39.901201)",1,82.78,unclassified,20,,,,auto,
1464,台基厂大街,6834,104,101,1,"LINESTRING (116.405454 39.901116, 116.405454 39.901198)",1,9.12,tertiary,5,,,,auto,
1465,台基厂大街,6834,101,104,1,"LINESTRING (116.405454 39.901198, 116.405454 39.901116)",1,9.12,tertiary,5,,,,auto,
1466,东交民巷,6837,102,106,1,"LINESTRING (116.405581 39.901185, 116.407517 39.900976)",1,166.77,unclassified,20,,,,auto,
1467,东交民巷,6837,106,102,1,"LINESTRING (116.407517 39.900976, 116.405581 39.901185)",1,166.77,unclassified,20,,,,auto,
1468,东交民巷,6838,102,101,1,"LINESTRING (116.405581 39.901185, 116.405454 39.901198)",1,10.93,unclassified,20,,,,auto,
1469,东交民巷,6838,101,102,1,"LINESTRING (116.405454 39.901198, 116.405581 39.901185)",1,10.93,unclassified,20,,,,auto,
1470,台基厂大街,6841,105,101,1,"LINESTRING (116.405452 39.901303, 116.405454 39.901198)",1,11.68,tertiary,5,,,,auto,
1471,台基厂大街,6841,101,105,1,"LINESTRING (116.405454 39.901198, 116.405452 39.901303)",1,11.68,tertiary,5,,,,auto,
1472,台基厂大街,6842,105,460,1,"LINESTRING (116.405452 39.901303, 116.405463 39.901809)",1,56.27,tertiary,5,,,,auto,
1473,台基厂大街,6842,460,105,1,"LINESTRING (116.405463 39.901809, 116.405452 39.901303)",1,56.27,tertiary,5,,,,auto,
1474,金鱼胡同,6859,356,354,1,"LINESTRING (116.406386 39.914121, 116.406091 39.914128)",1,25.17,secondary,4,,,,auto,
1475,金鱼胡同,6859,354,356,1,"LINESTRING (116.406091 39.914128, 116.406386 39.914121)",1,25.17,secondary,4,,,,auto,
1476,金鱼胡同,6860,356,293,1,"LINESTRING (116.406386 39.914121, 116.406483 39.914125)",1,8.28,secondary,4,,,,auto,
1477,金鱼胡同,6860,293,356,1,"LINESTRING (116.406483 39.914125, 116.406386 39.914121)",1,8.28,secondary,4,,,,auto,
1478,东安门大街,6862,54,38,1,"LINESTRING (116.402277 39.913979, 116.40091 39.913903)",1,116.89,secondary,4,,,,auto,
1479,东安门大街,6862,38,54,1,"LINESTRING (116.40091 39.913903, 116.402277 39.913979)",1,116.89,secondary,4,,,,auto,
1480,东安门大街,6863,54,84,1,"LINESTRING (116.402277 39.913979, 116.402395 39.913983)",1,10.07,secondary,4,,,,auto,
1481,东安门大街,6863,84,54,1,"LINESTRING (116.402395 39.913983, 116.402277 39.913979)",1,10.07,secondary,4,,,,auto,
1482,东安门大街,6864,84,54,1,"LINESTRING (116.402395 39.913983, 116.402277 39.913979)",1,10.07,secondary,4,,,,auto,
1483,东安门大街,6864,54,84,1,"LINESTRING (116.402277 39.913979, 116.402395 39.913983)",1,10.07,secondary,4,,,,auto,
1484,东安门大街,6865,84,82,1,"LINESTRING (116.402395 39.913983, 116.402722 39.913991)",1,27.90,secondary,4,,,,auto,
1485,东安门大街,6865,82,84,1,"LINESTRING (116.402722 39.913991, 116.402395 39.913983)",1,27.90,secondary,4,,,,auto,
1486,王府井大街,6866,453,432,1,"LINESTRING (116.404753 39.917829, 116.404777 39.917374)",1,50.64,secondary,4,,,,auto,
1487,王府井大街,6866,432,453,1,"LINESTRING (116.404777 39.917374, 116.404753 39.917829)",1,50.64,secondary,4,,,,auto,
1488,王府井大街,6867,453,358,1,"LINESTRING (116.404753 39.917829, 116.404742 39.918021)",1,21.37,secondary,4,,,,auto,
1489,王府井大街,6867,358,453,1,"LINESTRING (116.404742 39.918021, 116.404753 39.917829)",1,21.37,secondary,4,,,,auto,
1490,人大会堂西路,6922,427,400,1,"LINESTRING (116.38553 39.903301, 116.385576 39.90249)",1,90.26,tertiary,5,,,,auto,
1491,人大会堂西路,6922,400,427,1,"LINESTRING (116.385576 39.90249, 116.38553 39.903301)",1,90.26,tertiary,5,,,,auto,
1492,人大会堂西路,6923,427,402,1,"LINESTRING (116.38553 39.903301, 116.385483 39.904299)",1,111.04,tertiary,5,,,,auto,
1493,人大会堂西路,6923,402,427,1,"LINESTRING (116.385483 39.904299, 116.38553 39.903301)",1,111.04,tertiary,5,,,,auto,
1494,人大会堂西路,6950,10,14,1,"LINESTRING (116.386523 39.901568, 116.386542 39.901558)",1,1.97,tertiary,5,,,,auto,
1495,人大会堂西路,6950,14,10,1,"LINESTRING (116.386542 39.901558, 116.386523 39.901568)",1,1.97,tertiary,5,,,,auto,
1496,人大会堂西路,6951,10,9,1,"LINESTRING (116.386523 39.901568, 116.386284 39.901695)",1,24.80,tertiary,5,,,,auto,
1497,人大会堂西路,6951,9,10,1,"LINESTRING (116.386284 39.901695, 116.386523 39.901568)",1,24.80,tertiary,5,,,,auto,
1498,大阮府胡同,6972,87,379,1,"LINESTRING (116.404907 39.911781, 116.405034 39.911788)",1,10.86,residential,6,,,,auto,
1499,大阮府胡同,6972,379,87,1,"LINESTRING (116.405034 39.911788, 116.404907 39.911781)",1,10.86,residential,6,,,,auto,
1500,大阮府胡同,6973,87,86,1,"LINESTRING (116.404907 39.911781, 116.402822 39.91169)",1,178.12,residential,6,,,,auto,
1501,大阮府胡同,6973,86,87,1,"LINESTRING (116.402822 39.91169, 116.404907 39.911781)",1,178.12,residential,6,,,,auto,
1502,,6976,196,194,1,"LINESTRING (116.400214 39.915263, 116.399553 39.915246)",1,56.41,residential,6,,,,auto,
1503,,6976,194,196,1,"LINESTRING (116.399553 39.915246, 116.400214 39.915263)",1,56.41,residential,6,,,,auto,
1504,,6977,196,235,1,"LINESTRING (116.400214 39.915263, 116.400323 39.915265)",1,9.30,residential,6,,,,auto,
1505,,6977,235,196,1,"LINESTRING (116.400323 39.915265, 116.400214 39.915263)",1,9.30,residential,6,,,,auto,
1506,校尉胡同,6979,346,289,1,"LINESTRING (116.407654 39.911832, 116.407642 39.911499)",1,37.04,tertiary,5,,,,auto,
1507,校尉胡同,6979,289,346,1,"LINESTRING (116.407642 39.911499, 116.407654 39.911832)",1,37.04,tertiary,5,,,,auto,
1508,校尉胡同,6980,346,455,1,"LINESTRING (116.407654 39.911832, 116.407672 39.912482)",1,72.29,tertiary,5,,,,auto,
1509,校尉胡同,6980,455,346,1,"LINESTRING (116.407672 39.912482, 116.407654 39.911832)",1,72.29,tertiary,5,,,,auto,
1510,,6982,72,71,1,"LINESTRING (116.406115 39.911827, 116.406142 39.910658)",1,130.01,unclassified,20,,,,auto,
1511,,6982,71,72,1,"LINESTRING (116.406142 39.910658, 116.406115 39.911827)",1,130.01,unclassified,20,,,,auto,
1512,,6983,72,308,1,"LINESTRING (116.406115 39.911827, 116.406094 39.912747)",1,102.32,unclassified,20,,,,auto,
1513,,6983,308,72,1,"LINESTRING (116.406094 39.912747, 116.406115 39.911827)",1,102.32,unclassified,20,,,,auto,
1514,台基厂大街,7010,460,105,1,"LINESTRING (116.405463 39.901809, 116.405452 39.901303)",1,56.27,tertiary,5,,,,auto,
1515,台基厂大街,7010,105,460,1,"LINESTRING (116.405452 39.901303, 116.405463 39.901809)",1,56.27,tertiary,5,,,,auto,
1516,台基厂大街,7011,460,176,1,"LINESTRING (116.405463 39.901809, 116.405455 39.902128)",1,35.48,tertiary,5,,,,auto,
1517,台基厂大街,7011,176,460,1,"LINESTRING (116.405455 39.902128, 116.405463 39.901809)",1,35.48,tertiary,5,,,,auto,
1518,台基厂大街,7012,176,460,1,"LINESTRING (116.405455 39.902128, 116.405463 39.901809)",1,35.48,tertiary,5,,,,auto,
1519,台基厂大街,7012,460,176,1,"LINESTRING (116.405463 39.901809, 116.405455 39.902128)",1,35.48,tertiary,5,,,,auto,
1520,台基厂大街,7013,176,174,1,"LINESTRING (116.405455 39.902128, 116.405446 39.902288)",1,17.81,tertiary,5,,,,auto,
1521,台基厂大街,7013,174,176,1,"LINESTRING (116.405446 39.902288, 116.405455 39.902128)",1,17.81,tertiary,5,,,,auto,
1522,锡拉胡同,7020,294,297,1,"LINESTRING (116.401985 39.914922, 116.402914 39.914936)",1,79.25,unclassified,20,,,,auto,
1523,锡拉胡同,7020,297,294,1,"LINESTRING (116.402914 39.914936, 116.401985 39.914922)",1,79.25,unclassified,20,,,,auto,
1524,锡拉胡同,7021,294,55,1,"LINESTRING (116.401985 39.914922, 116.400893 39.914906)",1,93.15,unclassified,20,,,,auto,
1525,锡拉胡同,7021,55,294,1,"LINESTRING (116.400893 39.914906, 116.401985 39.914922)",1,93.15,unclassified,20,,,,auto,
1526,校尉胡同,7022,455,346,1,"LINESTRING (116.407672 39.912482, 116.407654 39.911832)",1,72.29,tertiary,5,,,,auto,
1527,校尉胡同,7022,346,455,1,"LINESTRING (116.407654 39.911832, 116.407672 39.912482)",1,72.29,tertiary,5,,,,auto,
1528,校尉胡同,7023,455,454,1,"LINESTRING (116.407672 39.912482, 116.407701 39.912671)",1,21.16,tertiary,5,,,,auto,
1529,校尉胡同,7023,454,455,1,"LINESTRING (116.407701 39.912671, 116.407672 39.912482)",1,21.16,tertiary,5,,,,auto,
1530,校尉胡同,7025,345,73,1,"LINESTRING (116.407576 39.91139, 116.407557 39.910719)",1,74.63,tertiary,5,,,,auto,
1531,大纱帽胡同,7032,67,269,1,"LINESTRING (116.405117 39.909144, 116.404337 39.909121)",1,66.58,residential,6,,,,auto,
1532,大纱帽胡同,7032,269,67,1,"LINESTRING (116.404337 39.909121, 116.405117 39.909144)",1,66.58,residential,6,,,,auto,
1533,大纱帽胡同,7033,67,65,1,"LINESTRING (116.405117 39.909144, 116.405153 39.909146)",1,3.08,residential,6,,,,auto,
1534,大纱帽胡同,7033,65,67,1,"LINESTRING (116.405153 39.909146, 116.405117 39.909144)",1,3.08,residential,6,,,,auto,
1535,王府井大街,7034,67,341,1,"LINESTRING (116.405117 39.909144, 116.405148 39.90861)",1,59.44,tertiary,5,,,,auto,
1536,东单三条,7035,66,278,1,"LINESTRING (116.405193 39.909146, 116.406576 39.909193)",1,118.08,tertiary,5,,,,auto,
1537,东单三条,7035,278,66,1,"LINESTRING (116.406576 39.909193, 116.405193 39.909146)",1,118.08,tertiary,5,,,,auto,
1538,东单三条,7036,66,65,1,"LINESTRING (116.405193 39.909146, 116.405153 39.909146)",1,3.41,tertiary,5,,,,auto,
1539,东单三条,7036,65,66,1,"LINESTRING (116.405153 39.909146, 116.405193 39.909146)",1,3.41,tertiary,5,,,,auto,
1540,王府井大街,7037,340,338,1,"LINESTRING (116.40518 39.907968, 116.405198 39.907553)",1,46.17,tertiary,5,,,,auto,
1541,霞公府街,7038,340,310,1,"LINESTRING (116.40518 39.907968, 116.403949 39.907935)",1,105.06,residential,6,,,,auto,
1542,霞公府街,7038,310,340,1,"LINESTRING (116.403949 39.907935, 116.40518 39.907968)",1,105.06,residential,6,,,,auto,
1543,王府井大街,7039,326,66,1,"LINESTRING (116.405228 39.908388, 116.405193 39.909146)",1,84.34,tertiary,5,,,,auto,
1544,台基厂大街,7041,437,116,1,"LINESTRING (116.405218 39.906571, 116.405226 39.906433)",1,15.36,tertiary,5,,,,auto,
1545,台基厂大街,7041,116,437,1,"LINESTRING (116.405226 39.906433, 116.405218 39.906571)",1,15.36,tertiary,5,,,,auto,
1546,东长安街,7042,437,384,1,"LINESTRING (116.405218 39.906571, 116.406139 39.906606)",1,78.65,trunk,2,,5,,auto,
1547,王府井大街,7043,437,22,1,"LINESTRING (116.405218 39.906571, 116.40531 39.906759)",1,22.33,tertiary,5,,,,auto,
1548,晨光街,7044,166,284,1,"LINESTRING (116.401122 39.908297, 116.401117 39.908352)",1,6.13,residential,6,,,,auto,
1549,晨光街,7044,284,166,1,"LINESTRING (116.401117 39.908352, 116.401122 39.908297)",1,6.13,residential,6,,,,auto,
1550,晨光街,7045,166,165,1,"LINESTRING (116.401122 39.908297, 116.401136 39.908219)",1,8.76,residential,6,,,,auto,
1551,晨光街,7045,165,166,1,"LINESTRING (116.401136 39.908219, 116.401122 39.908297)",1,8.76,residential,6,,,,auto,
1552,晨光街,7046,284,283,1,"LINESTRING (116.401117 39.908352, 116.401096 39.909165)",1,90.42,residential,6,,,,auto,
1553,晨光街,7046,283,284,1,"LINESTRING (116.401096 39.909165, 116.401117 39.908352)",1,90.42,residential,6,,,,auto,
1554,晨光街,7047,284,166,1,"LINESTRING (116.401117 39.908352, 116.401122 39.908297)",1,6.13,residential,6,,,,auto,
1555,晨光街,7047,166,284,1,"LINESTRING (116.401122 39.908297, 116.401117 39.908352)",1,6.13,residential,6,,,,auto,
1556,霞公府街,7048,273,164,1,"LINESTRING (116.401592 39.907918, 116.401656 39.907907)",1,5.59,residential,6,,,,auto,
1557,霞公府街,7048,164,273,1,"LINESTRING (116.401656 39.907907, 116.401592 39.907918)",1,5.59,residential,6,,,,auto,
1558,霞公府街,7049,273,167,1,"LINESTRING (116.401592 39.907918, 116.401524 39.907944)",1,6.48,residential,6,,,,auto,
1559,霞公府街,7049,167,273,1,"LINESTRING (116.401524 39.907944, 116.401592 39.907918)",1,6.48,residential,6,,,,auto,
1560,霞公府街,7050,164,162,1,"LINESTRING (116.401656 39.907907, 116.401719 39.907901)",1,5.41,residential,6,,,,auto,
1561,霞公府街,7050,162,164,1,"LINESTRING (116.401719 39.907901, 116.401656 39.907907)",1,5.41,residential,6,,,,auto,
1562,霞公府街,7051,164,273,1,"LINESTRING (116.401656 39.907907, 116.401592 39.907918)",1,5.59,residential,6,,,,auto,
1563,霞公府街,7051,273,164,1,"LINESTRING (116.401592 39.907918, 116.401656 39.907907)",1,5.59,residential,6,,,,auto,
1564,王府井大街,7114,358,453,1,"LINESTRING (116.404742 39.918021, 116.404753 39.917829)",1,21.37,secondary,4,,,,auto,
1565,王府井大街,7114,453,358,1,"LINESTRING (116.404753 39.917829, 116.404742 39.918021)",1,21.37,secondary,4,,,,auto,
1566,王府井大街,7115,358,357,1,"LINESTRING (116.404742 39.918021, 116.404714 39.918627)",1,67.43,secondary,4,,,,auto,
1567,王府井大街,7115,357,358,1,"LINESTRING (116.404714 39.918627, 116.404742 39.918021)",1,67.43,secondary,4,,,,auto,
1568,锡拉胡同,7116,276,275,1,"LINESTRING (116.40469 39.914952, 116.404927 39.914954)",1,20.21,unclassified,20,,,,auto,
1569,锡拉胡同,7116,275,276,1,"LINESTRING (116.404927 39.914954, 116.40469 39.914952)",1,20.21,unclassified,20,,,,auto,
1570,锡拉胡同,7117,276,297,1,"LINESTRING (116.40469 39.914952, 116.402914 39.914936)",1,151.48,unclassified,20,,,,auto,
1571,锡拉胡同,7117,297,276,1,"LINESTRING (116.402914 39.914936, 116.40469 39.914952)",1,151.48,unclassified,20,,,,auto,
1572,,7118,93,91,1,"LINESTRING (116.404667 39.915492, 116.40487 39.915481)",1,17.36,unclassified,20,,,,auto,
1573,,7118,91,93,1,"LINESTRING (116.40487 39.915481, 116.404667 39.915492)",1,17.36,unclassified,20,,,,auto,
1574,,7119,93,251,1,"LINESTRING (116.404667 39.915492, 116.404493 39.915501)",1,14.87,unclassified,20,,,,auto,
1575,,7119,251,93,1,"LINESTRING (116.404493 39.915501, 116.404667 39.915492)",1,14.87,unclassified,20,,,,auto,
1576,柏树胡同,7124,90,89,1,"LINESTRING (116.405038 39.9162, 116.404813 39.916194)",1,19.20,unclassified,20,,,,auto,
1577,柏树胡同,7124,89,90,1,"LINESTRING (116.404813 39.916194, 116.405038 39.9162)",1,19.20,unclassified,20,,,,auto,
1578,柏树胡同,7125,90,287,1,"LINESTRING (116.405038 39.9162, 116.406012 39.91623)",1,83.13,unclassified,20,,,,auto,
1579,柏树胡同,7125,287,90,1,"LINESTRING (116.406012 39.91623, 116.405038 39.9162)",1,83.13,unclassified,20,,,,auto,
1580,甘雨胡同,7130,92,91,1,"LINESTRING (116.405117 39.915485, 116.40487 39.915481)",1,21.07,tertiary,5,,,,auto,
1581,甘雨胡同,7130,91,92,1,"LINESTRING (116.40487 39.915481, 116.405117 39.915485)",1,21.07,tertiary,5,,,,auto,
1582,甘雨胡同,7131,92,97,1,"LINESTRING (116.405117 39.915485, 116.405868 39.915497)",1,64.06,tertiary,5,,,,auto,
1583,甘雨胡同,7131,97,92,1,"LINESTRING (116.405868 39.915497, 116.405117 39.915485)",1,64.06,tertiary,5,,,,auto,
1584,东华门大街,7184,36,457,1,"LINESTRING (116.396612 39.913766, 116.396198 39.913752)",1,35.34,unclassified,20,,,,auto,
1585,东华门大街,7184,457,36,1,"LINESTRING (116.396198 39.913752, 116.396612 39.913766)",1,35.34,unclassified,20,,,,auto,
1586,东华门大街,7185,36,32,1,"LINESTRING (116.396612 39.913766, 116.396732 39.91377)",1,10.24,unclassified,20,,,,auto,
1587,东华门大街,7185,32,36,1,"LINESTRING (116.396732 39.91377, 116.396612 39.913766)",1,10.24,unclassified,20,,,,auto,
1588,广场东侧路,7236,334,461,1,"LINESTRING (116.39321 39.903804, 116.393179 39.904372)",1,63.21,secondary,4,70,4,,auto,
1589,,7237,462,424,1,"LINESTRING (116.3931 39.905836, 116.393097 39.905897)",1,6.79,secondary,4,,,,auto,
1590,广场东侧路,7238,332,333,1,"LINESTRING (116.393301 39.901895, 116.393214 39.903728)",1,203.96,secondary,4,70,4,,auto,
1591,广场东侧路,7239,461,462,1,"LINESTRING (116.393179 39.904372, 116.3931 39.905836)",1,162.93,secondary,4,70,5,,auto,
1592,正义路,7242,323,317,1,"LINESTRING (116.400616 39.905448, 116.400578 39.906228)",1,86.79,tertiary,5,,,,auto,
1593,灯市口大街,7255,315,262,1,"LINESTRING (116.405959 39.917189, 116.406602 39.917208)",1,54.88,tertiary,5,,,,auto,
1594,灯市口大街,7255,262,315,1,"LINESTRING (116.406602 39.917208, 116.405959 39.917189)",1,54.88,tertiary,5,,,,auto,
1595,灯市口大街,7256,315,309,1,"LINESTRING (116.405959 39.917189, 116.405927 39.917188)",1,2.73,tertiary,5,,,,auto,
1596,灯市口大街,7256,309,315,1,"LINESTRING (116.405927 39.917188, 116.405959 39.917189)",1,2.73,tertiary,5,,,,auto,
1597,人大会堂西路,7291,399,11,1,"LINESTRING (116.385821 39.901921, 116.38589 39.901889)",1,6.88,tertiary,5,,,,auto,
1598,人大会堂西路,7291,11,399,1,"LINESTRING (116.38589 39.901889, 116.385821 39.901921)",1,6.88,tertiary,5,,,,auto,
1599,人大会堂西路,7292,399,423,1,"LINESTRING (116.385821 39.901921, 116.385751 39.901946)",1,6.59,tertiary,5,,,,auto,
1600,人大会堂西路,7292,423,399,1,"LINESTRING (116.385751 39.901946, 116.385821 39.901921)",1,6.59,tertiary,5,,,,auto,
1601,人大会堂西路,7293,463,17,1,"LINESTRING (116.385414 39.90185, 116.385401 39.901822)",1,3.31,tertiary,5,,,,auto,
1602,人大会堂西路,7293,17,463,1,"LINESTRING (116.385401 39.901822, 116.385414 39.90185)",1,3.31,tertiary,5,,,,auto,
1603,人大会堂西路,7294,463,422,1,"LINESTRING (116.385414 39.90185, 116.385436 39.901875)",1,3.35,tertiary,5,,,,auto,
1604,人大会堂西路,7294,422,463,1,"LINESTRING (116.385436 39.901875, 116.385414 39.90185)",1,3.35,tertiary,5,,,,auto,
1605,人大会堂西路,7295,17,15,1,"LINESTRING (116.385401 39.901822, 116.385395 39.901793)",1,3.27,tertiary,5,,,,auto,
1606,人大会堂西路,7295,15,17,1,"LINESTRING (116.385395 39.901793, 116.385401 39.901822)",1,3.27,tertiary,5,,,,auto,
1607,人大会堂西路,7296,17,463,1,"LINESTRING (116.385401 39.901822, 116.385414 39.90185)",1,3.31,tertiary,5,,,,auto,
1608,人大会堂西路,7296,463,17,1,"LINESTRING (116.385414 39.90185, 116.385401 39.901822)",1,3.31,tertiary,5,,,,auto,
1609,人大会堂西路,7297,16,134,1,"LINESTRING (116.385392 39.901762, 116.385392 39.901731)",1,3.45,tertiary,5,,,,auto,
1610,人大会堂西路,7297,134,16,1,"LINESTRING (116.385392 39.901731, 116.385392 39.901762)",1,3.45,tertiary,5,,,,auto,
1611,人大会堂西路,7298,16,15,1,"LINESTRING (116.385392 39.901762, 116.385395 39.901793)",1,3.46,tertiary,5,,,,auto,
1612,人大会堂西路,7298,15,16,1,"LINESTRING (116.385395 39.901793, 116.385392 39.901762)",1,3.46,tertiary,5,,,,auto,
1613,人大会堂西路,7299,422,463,1,"LINESTRING (116.385436 39.901875, 116.385414 39.90185)",1,3.35,tertiary,5,,,,auto,
1614,人大会堂西路,7299,463,422,1,"LINESTRING (116.385414 39.90185, 116.385436 39.901875)",1,3.35,tertiary,5,,,,auto,
1615,人大会堂西路,7300,422,8,1,"LINESTRING (116.385436 39.901875, 116.385463 39.901901)",1,3.70,tertiary,5,,,,auto,
1616,人大会堂西路,7300,8,422,1,"LINESTRING (116.385463 39.901901, 116.385436 39.901875)",1,3.70,tertiary,5,,,,auto,
1617,人大会堂西路,7301,6,423,1,"LINESTRING (116.385673 39.901972, 116.385751 39.901946)",1,7.25,tertiary,5,,,,auto,
1618,人大会堂西路,7301,423,6,1,"LINESTRING (116.385751 39.901946, 116.385673 39.901972)",1,7.25,tertiary,5,,,,auto,
1619,人大会堂西路,7302,6,5,1,"LINESTRING (116.385673 39.901972, 116.385592 39.901994)",1,7.33,tertiary,5,,,,auto,
1620,人大会堂西路,7302,5,6,1,"LINESTRING (116.385592 39.901994, 116.385673 39.901972)",1,7.33,tertiary,5,,,,auto,
