link_id,name,osm_way_id,from_node_id,to_node_id,directed,geometry,dir_flag,length,facility_type,link_type,free_speed,lanes,capacity,allowed_uses,notes
1,西长安街,0,1,2,1,"LINESTRING (116.388928 39.905999, 116.389446 39.906016)",1,44.22,trunk,2,,,,auto,
2,西长安街,1,3,4,1,"LINESTRING (116.392631 39.906113, 116.39308 39.906126)",1,38.33,trunk,2,,,,auto,
3,前门东大街,2,5,6,1,"LINESTRING (116.390231 39.898764, 116.389816 39.89875)",1,35.44,primary,3,,,,auto,
4,前门东大街,3,7,8,1,"LINESTRING (116.393707 39.898912, 116.393459 39.89888)",1,21.45,primary,3,,,,auto,
5,人大会堂西路,4,9,10,1,"LINESTRING (116.385592 39.901994, 116.385673 39.901972)",1,7.33,tertiary,5,,,,auto,
6,人大会堂西路,4,10,9,1,"LINESTRING (116.385673 39.901972, 116.385592 39.901994)",1,7.33,tertiary,5,,,,auto,
7,人大会堂西路,5,9,11,1,"LINESTRING (116.385592 39.901994, 116.38559 39.902168)",1,19.35,tertiary,5,,,,auto,
8,人大会堂西路,5,11,9,1,"LINESTRING (116.38559 39.902168, 116.385592 39.901994)",1,19.35,tertiary,5,,,,auto,
9,人大会堂西路,6,9,12,1,"LINESTRING (116.385592 39.901994, 116.385463 39.901901)",1,15.10,tertiary,5,,,,auto,
10,人大会堂西路,6,12,9,1,"LINESTRING (116.385463 39.901901, 116.385592 39.901994)",1,15.10,tertiary,5,,,,auto,
11,人大会堂西路,7,13,14,1,"LINESTRING (116.386284 39.901695, 116.386523 39.901568)",1,24.80,tertiary,5,,,,auto,
12,人大会堂西路,7,14,13,1,"LINESTRING (116.386523 39.901568, 116.386284 39.901695)",1,24.80,tertiary,5,,,,auto,
13,人大会堂西路,8,13,15,1,"LINESTRING (116.386284 39.901695, 116.38589 39.901889)",1,39.94,tertiary,5,,,,auto,
14,人大会堂西路,8,15,13,1,"LINESTRING (116.38589 39.901889, 116.386284 39.901695)",1,39.94,tertiary,5,,,,auto,
15,人大会堂西路,9,16,17,1,"LINESTRING (116.386719 39.901488, 116.386888 39.901453)",1,14.93,tertiary,5,,,,auto,
16,人大会堂西路,9,17,16,1,"LINESTRING (116.386888 39.901453, 116.386719 39.901488)",1,14.93,tertiary,5,,,,auto,
17,人大会堂西路,10,16,18,1,"LINESTRING (116.386719 39.901488, 116.386542 39.901558)",1,16.99,tertiary,5,,,,auto,
18,人大会堂西路,10,18,16,1,"LINESTRING (116.386542 39.901558, 116.386719 39.901488)",1,16.99,tertiary,5,,,,auto,
19,人大会堂西路,11,19,20,1,"LINESTRING (116.385395 39.901793, 116.385392 39.901762)",1,3.46,tertiary,5,,,,auto,
20,人大会堂西路,11,20,19,1,"LINESTRING (116.385392 39.901762, 116.385395 39.901793)",1,3.46,tertiary,5,,,,auto,
21,人大会堂西路,12,19,21,1,"LINESTRING (116.385395 39.901793, 116.385401 39.901822)",1,3.27,tertiary,5,,,,auto,
22,人大会堂西路,12,21,19,1,"LINESTRING (116.385401 39.901822, 116.385395 39.901793)",1,3.27,tertiary,5,,,,auto,
23,前门西大街,13,22,23,1,"LINESTRING (116.385807 39.898981, 116.385762 39.89898)",1,3.84,primary,3,,,,auto,
24,,14,24,25,1,"LINESTRING (116.386792 39.899003, 116.38664 39.899128)",1,19.01,primary,3,,,,auto,
25,前门西大街,15,24,22,1,"LINESTRING (116.386792 39.899003, 116.385807 39.898981)",1,84.06,primary,3,,,,auto,
26,前门西大街,16,26,24,1,"LINESTRING (116.387248 39.898984, 116.386792 39.899003)",1,38.96,primary,3,,,,auto,
27,兵部洼胡同,17,27,28,1,"LINESTRING (116.381843 39.898872, 116.38184 39.899)",1,14.24,tertiary,5,,,,auto,
28,兵部洼胡同,17,28,27,1,"LINESTRING (116.38184 39.899, 116.381843 39.898872)",1,14.24,tertiary,5,,,,auto,
29,前门西大街,18,27,29,1,"LINESTRING (116.381843 39.898872, 116.380188 39.898818)",1,141.31,primary,3,,,,auto,
30,东绒线胡同,19,30,31,1,"LINESTRING (116.381002 39.902959, 116.381346 39.902967)",1,29.36,residential,6,,,,auto,
31,东绒线胡同,19,31,30,1,"LINESTRING (116.381346 39.902967, 116.381002 39.902959)",1,29.36,residential,6,,,,auto,
32,东绒线胡同,20,30,32,1,"LINESTRING (116.381002 39.902959, 116.380631 39.902956)",1,31.65,residential,6,,,,auto,
33,东绒线胡同,20,32,30,1,"LINESTRING (116.380631 39.902956, 116.381002 39.902959)",1,31.65,residential,6,,,,auto,
34,兵部洼胡同,22,33,34,1,"LINESTRING (116.381693 39.902978, 116.381614 39.902429)",1,61.42,tertiary,5,,,,auto,
35,兵部洼胡同,22,34,33,1,"LINESTRING (116.381614 39.902429, 116.381693 39.902978)",1,61.42,tertiary,5,,,,auto,
36,东绒线胡同,23,33,35,1,"LINESTRING (116.381693 39.902978, 116.381633 39.902976)",1,5.12,residential,6,,,,auto,
37,东绒线胡同,23,35,33,1,"LINESTRING (116.381633 39.902976, 116.381693 39.902978)",1,5.12,residential,6,,,,auto,
38,石碑胡同,24,33,36,1,"LINESTRING (116.381693 39.902978, 116.381767 39.903548)",1,63.69,tertiary,5,,,,auto,
39,石碑胡同,24,36,33,1,"LINESTRING (116.381767 39.903548, 116.381693 39.902978)",1,63.69,tertiary,5,,,,auto,
40,兵部洼胡同,26,34,33,1,"LINESTRING (116.381614 39.902429, 116.381693 39.902978)",1,61.42,tertiary,5,,,,auto,
41,兵部洼胡同,26,33,34,1,"LINESTRING (116.381693 39.902978, 116.381614 39.902429)",1,61.42,tertiary,5,,,,auto,
42,兵部洼胡同,27,34,37,1,"LINESTRING (116.381614 39.902429, 116.38159 39.902226)",1,22.67,tertiary,5,,,,auto,
43,兵部洼胡同,27,37,34,1,"LINESTRING (116.38159 39.902226, 116.381614 39.902429)",1,22.67,tertiary,5,,,,auto,
44,兵部洼胡同,28,37,34,1,"LINESTRING (116.38159 39.902226, 116.381614 39.902429)",1,22.67,tertiary,5,,,,auto,
45,兵部洼胡同,28,34,37,1,"LINESTRING (116.381614 39.902429, 116.38159 39.902226)",1,22.67,tertiary,5,,,,auto,
46,兵部洼胡同,29,37,38,1,"LINESTRING (116.38159 39.902226, 116.38158 39.902137)",1,9.93,tertiary,5,,,,auto,
47,兵部洼胡同,29,38,37,1,"LINESTRING (116.38158 39.902137, 116.38159 39.902226)",1,9.93,tertiary,5,,,,auto,
48,兵部洼胡同,30,39,40,1,"LINESTRING (116.381734 39.900667, 116.381718 39.900707)",1,4.65,tertiary,5,,,,auto,
49,兵部洼胡同,30,40,39,1,"LINESTRING (116.381718 39.900707, 116.381734 39.900667)",1,4.65,tertiary,5,,,,auto,
50,兵部洼胡同,31,39,41,1,"LINESTRING (116.381734 39.900667, 116.381746 39.900613)",1,6.09,tertiary,5,,,,auto,
51,兵部洼胡同,31,41,39,1,"LINESTRING (116.381746 39.900613, 116.381734 39.900667)",1,6.09,tertiary,5,,,,auto,
52,西交民巷,32,39,42,1,"LINESTRING (116.381734 39.900667, 116.381856 39.900671)",1,10.42,tertiary,5,,,,auto,
53,石碑胡同,33,36,43,1,"LINESTRING (116.381767 39.903548, 116.381831 39.903999)",1,50.45,tertiary,5,,,,auto,
54,石碑胡同,33,43,36,1,"LINESTRING (116.381831 39.903999, 116.381767 39.903548)",1,50.45,tertiary,5,,,,auto,
55,石碑胡同,34,36,33,1,"LINESTRING (116.381767 39.903548, 116.381693 39.902978)",1,63.69,tertiary,5,,,,auto,
56,石碑胡同,34,33,36,1,"LINESTRING (116.381693 39.902978, 116.381767 39.903548)",1,63.69,tertiary,5,,,,auto,
57,石碑胡同,35,44,45,1,"LINESTRING (116.38191 39.904578, 116.381927 39.904716)",1,15.41,tertiary,5,,,,auto,
58,石碑胡同,35,45,44,1,"LINESTRING (116.381927 39.904716, 116.38191 39.904578)",1,15.41,tertiary,5,,,,auto,
59,石碑胡同,36,44,46,1,"LINESTRING (116.38191 39.904578, 116.381872 39.90429)",1,32.19,tertiary,5,,,,auto,
60,石碑胡同,36,46,44,1,"LINESTRING (116.381872 39.90429, 116.38191 39.904578)",1,32.19,tertiary,5,,,,auto,
61,南河沿大街,37,47,48,1,"LINESTRING (116.400416 39.906864, 116.40043 39.907258)",1,43.83,secondary,4,,,,auto,
62,南河沿大街,37,48,47,1,"LINESTRING (116.40043 39.907258, 116.400416 39.906864)",1,43.83,secondary,4,,,,auto,
63,南河沿大街,38,47,49,1,"LINESTRING (116.400416 39.906864, 116.400414 39.906809)",1,6.12,secondary,4,,,,auto,
64,南河沿大街,38,49,47,1,"LINESTRING (116.400414 39.906809, 116.400416 39.906864)",1,6.12,secondary,4,,,,auto,
65,东长安街,39,50,51,1,"LINESTRING (116.411508 39.90677, 116.411662 39.906774)",1,13.14,trunk,2,,5,,auto,
66,东长安街,40,52,53,1,"LINESTRING (116.405456 39.906762, 116.40531 39.906759)",1,12.46,trunk,2,,,,auto,
67,崇文门内大街,41,54,55,1,"LINESTRING (116.411853 39.904636, 116.411873 39.904119)",1,57.51,primary,3,,,,auto,
68,,42,56,57,1,"LINESTRING (116.400542 39.911615, 116.40104 39.91163)",1,42.51,residential,6,,,,auto,
69,,42,57,56,1,"LINESTRING (116.40104 39.91163, 116.400542 39.911615)",1,42.51,residential,6,,,,auto,
70,南河沿大街,43,56,58,1,"LINESTRING (116.400542 39.911615, 116.400523 39.911999)",1,42.73,secondary,4,,,,auto,
71,南河沿大街,43,58,56,1,"LINESTRING (116.400523 39.911999, 116.400542 39.911615)",1,42.73,secondary,4,,,,auto,
72,南河沿大街,44,56,59,1,"LINESTRING (116.400542 39.911615, 116.400577 39.910729)",1,98.56,secondary,4,,,,auto,
73,南河沿大街,44,59,56,1,"LINESTRING (116.400577 39.910729, 116.400542 39.911615)",1,98.56,secondary,4,,,,auto,
74,灯市口大街,45,60,61,1,"LINESTRING (116.405085 39.917152, 116.405809 39.917183)",1,61.84,tertiary,5,,,,auto,
75,灯市口大街,45,61,60,1,"LINESTRING (116.405809 39.917183, 116.405085 39.917152)",1,61.84,tertiary,5,,,,auto,
76,灯市口大街,46,60,62,1,"LINESTRING (116.405085 39.917152, 116.404996 39.917148)",1,7.60,tertiary,5,,,,auto,
77,灯市口大街,46,62,60,1,"LINESTRING (116.404996 39.917148, 116.405085 39.917152)",1,7.60,tertiary,5,,,,auto,
78,东华门大街,50,63,64,1,"LINESTRING (116.395476 39.913733, 116.395576 39.913738)",1,8.55,unclassified,20,,,,auto,
79,东华门大街,50,64,63,1,"LINESTRING (116.395576 39.913738, 116.395476 39.913733)",1,8.55,unclassified,20,,,,auto,
80,北池子大街,51,65,66,1,"LINESTRING (116.396732 39.91377, 116.396641 39.915726)",1,217.64,tertiary,5,,1,,auto,
81,北池子大街,51,66,65,1,"LINESTRING (116.396641 39.915726, 116.396732 39.91377)",1,217.64,tertiary,5,,1,,auto,
82,南池子大街,52,65,67,1,"LINESTRING (116.396732 39.91377, 116.396763 39.91317)",1,66.77,tertiary,5,,1,,auto,
83,南池子大街,52,67,65,1,"LINESTRING (116.396763 39.91317, 116.396732 39.91377)",1,66.77,tertiary,5,,1,,auto,
84,东华门大街,53,65,68,1,"LINESTRING (116.396732 39.91377, 116.397381 39.913798)",1,55.44,secondary,4,,,,auto,
85,东华门大街,53,68,65,1,"LINESTRING (116.397381 39.913798, 116.396732 39.91377)",1,55.44,secondary,4,,,,auto,
86,东华门大街,54,65,69,1,"LINESTRING (116.396732 39.91377, 116.396612 39.913766)",1,10.24,unclassified,20,,,,auto,
87,东华门大街,54,69,65,1,"LINESTRING (116.396612 39.913766, 116.396732 39.91377)",1,10.24,unclassified,20,,,,auto,
88,东安门大街,55,70,71,1,"LINESTRING (116.400386 39.913891, 116.40091 39.913903)",1,44.71,secondary,4,,,,auto,
89,东安门大街,55,71,70,1,"LINESTRING (116.40091 39.913903, 116.400386 39.913891)",1,44.71,secondary,4,,,,auto,
90,南河沿大街,56,70,72,1,"LINESTRING (116.400386 39.913891, 116.400474 39.912672)",1,135.75,secondary,4,,,,auto,
91,南河沿大街,56,72,70,1,"LINESTRING (116.400474 39.912672, 116.400386 39.913891)",1,135.75,secondary,4,,,,auto,
92,北河沿大街,57,70,73,1,"LINESTRING (116.400386 39.913891, 116.400351 39.914391)",1,55.68,secondary,4,,,,auto,
93,北河沿大街,57,73,70,1,"LINESTRING (116.400351 39.914391, 116.400386 39.913891)",1,55.68,secondary,4,,,,auto,
94,东华门大街,58,70,74,1,"LINESTRING (116.400386 39.913891, 116.399068 39.913838)",1,112.56,secondary,4,,,,auto,
95,东华门大街,58,74,70,1,"LINESTRING (116.399068 39.913838, 116.400386 39.913891)",1,112.56,secondary,4,,,,auto,
96,东四南大街,59,75,76,1,"LINESTRING (116.411574 39.914161, 116.411548 39.914816)",1,72.87,primary,3,,,,auto,
97,东四南大街,59,76,75,1,"LINESTRING (116.411548 39.914816, 116.411574 39.914161)",1,72.87,primary,3,,,,auto,
98,金鱼胡同,60,75,77,1,"LINESTRING (116.411574 39.914161, 116.411447 39.91416)",1,10.83,secondary,4,,,,auto,
99,金鱼胡同,60,77,75,1,"LINESTRING (116.411447 39.91416, 116.411574 39.914161)",1,10.83,secondary,4,,,,auto,
100,金宝街,61,75,78,1,"LINESTRING (116.411574 39.914161, 116.41171 39.91415)",1,11.66,secondary,4,,,,auto,
101,东单北大街,62,75,79,1,"LINESTRING (116.411574 39.914161, 116.411598 39.91345)",1,79.09,primary,3,,,,auto,
102,东单北大街,62,79,75,1,"LINESTRING (116.411598 39.91345, 116.411574 39.914161)",1,79.09,primary,3,,,,auto,
103,东四南大街,63,80,81,1,"LINESTRING (116.411427 39.917409, 116.411452 39.916972)",1,48.64,primary,3,,,,auto,
104,东四南大街,63,81,80,1,"LINESTRING (116.411452 39.916972, 116.411427 39.917409)",1,48.64,primary,3,,,,auto,
105,东四南大街,64,80,82,1,"LINESTRING (116.411427 39.917409, 116.411422 39.917684)",1,30.58,primary,3,,,,auto,
106,东四南大街,64,82,80,1,"LINESTRING (116.411422 39.917684, 116.411427 39.917409)",1,30.58,primary,3,,,,auto,
107,灯市口大街,65,80,83,1,"LINESTRING (116.411427 39.917409, 116.411271 39.917401)",1,13.33,tertiary,5,,,,auto,
108,灯市口大街,65,83,80,1,"LINESTRING (116.411271 39.917401, 116.411427 39.917409)",1,13.33,tertiary,5,,,,auto,
109,东四南大街,67,84,85,1,"LINESTRING (116.41133 39.92114, 116.411329 39.92118)",1,4.45,primary,3,,,,auto,
110,东四南大街,67,85,84,1,"LINESTRING (116.411329 39.92118, 116.41133 39.92114)",1,4.45,primary,3,,,,auto,
111,东四南大街,68,84,86,1,"LINESTRING (116.41133 39.92114, 116.411347 39.920542)",1,66.51,primary,3,,,,auto,
112,东四南大街,68,86,84,1,"LINESTRING (116.411347 39.920542, 116.41133 39.92114)",1,66.51,primary,3,,,,auto,
113,东四南大街,76,87,88,1,"LINESTRING (116.411349 39.920473, 116.411348 39.920502)",1,3.23,primary,3,,,,auto,
114,东四南大街,76,88,87,1,"LINESTRING (116.411348 39.920502, 116.411349 39.920473)",1,3.23,primary,3,,,,auto,
115,东四南大街,77,87,89,1,"LINESTRING (116.411349 39.920473, 116.411366 39.919848)",1,69.51,primary,3,,,,auto,
116,东四南大街,77,89,87,1,"LINESTRING (116.411366 39.919848, 116.411349 39.920473)",1,69.51,primary,3,,,,auto,
117,玉石胡同,85,90,91,1,"LINESTRING (116.406995 39.920542, 116.406964 39.92119)",1,72.10,residential,6,,,,auto,
118,玉石胡同,85,91,90,1,"LINESTRING (116.406964 39.92119, 116.406995 39.920542)",1,72.10,residential,6,,,,auto,
119,,90,92,93,1,"LINESTRING (116.413401 39.921219, 116.413394 39.922146)",1,103.08,residential,6,,,,auto,
120,,90,93,92,1,"LINESTRING (116.413394 39.922146, 116.413401 39.921219)",1,103.08,residential,6,,,,auto,
121,前门大街,91,94,95,1,"LINESTRING (116.389982 39.898121, 116.390091 39.897989)",1,17.38,secondary,4,,,,auto,
122,前门大街,93,95,96,1,"LINESTRING (116.390091 39.897989, 116.390227 39.897875)",1,17.18,secondary,4,,,,auto,
123,前门大街,94,97,98,1,"LINESTRING (116.391211 39.897489, 116.391388 39.89745)",1,15.71,secondary,4,,,,auto,
124,前门大街,95,99,100,1,"LINESTRING (116.392472 39.897625, 116.392729 39.897722)",1,24.43,secondary,4,,,,auto,
125,前门大街,96,100,101,1,"LINESTRING (116.392729 39.897722, 116.392948 39.897814)",1,21.30,secondary,4,,,,auto,
126,前门东路,97,102,103,1,"LINESTRING (116.393608 39.89801, 116.393545 39.898116)",1,12.95,secondary,4,,,,auto,
127,,98,104,105,1,"LINESTRING (116.393469 39.898467, 116.39347 39.898652)",1,20.57,secondary,4,,,,auto,
128,前门东大街,99,106,107,1,"LINESTRING (116.396347 39.899204, 116.396799 39.899247)",1,38.85,primary,3,,,,auto,
129,前门东大街,100,108,109,1,"LINESTRING (116.398545 39.899292, 116.400376 39.899324)",1,156.24,primary,3,,,,auto,
130,前门东大街,102,110,111,1,"LINESTRING (116.405339 39.899455, 116.405377 39.899456)",1,3.24,primary,3,,,,auto,
131,五四大街,103,112,113,1,"LINESTRING (116.396698 39.922227, 116.396605 39.922184)",1,9.26,primary,3,,,,auto,
132,五四大街,103,113,112,1,"LINESTRING (116.396605 39.922184, 116.396698 39.922227)",1,9.26,primary,3,,,,auto,
133,五四大街,104,112,114,1,"LINESTRING (116.396698 39.922227, 116.396804 39.922292)",1,11.57,primary,3,,,,auto,
134,五四大街,104,114,112,1,"LINESTRING (116.396804 39.922292, 116.396698 39.922227)",1,11.57,primary,3,,,,auto,
135,五四大街,105,115,116,1,"LINESTRING (116.396502 39.922146, 116.396406 39.922117)",1,8.80,primary,3,,,,auto,
136,五四大街,105,116,115,1,"LINESTRING (116.396406 39.922117, 116.396502 39.922146)",1,8.80,primary,3,,,,auto,
137,五四大街,106,115,113,1,"LINESTRING (116.396502 39.922146, 116.396605 39.922184)",1,9.75,primary,3,,,,auto,
138,五四大街,106,113,115,1,"LINESTRING (116.396605 39.922184, 116.396502 39.922146)",1,9.75,primary,3,,,,auto,
139,北池子大街,107,1496,118,1,"LINESTRING (116.396252 39.922095, 116.396237 39.922173)",1,8.77,tertiary,5,,1,,auto,
140,北池子大街,107,118,1496,1,"LINESTRING (116.396237 39.922173, 116.396252 39.922095)",1,8.77,tertiary,5,,1,,auto,
143,五四大街,109,1496,116,1,"LINESTRING (116.396252 39.922095, 116.396406 39.922117)",1,13.36,primary,3,,,,auto,
144,五四大街,109,116,1496,1,"LINESTRING (116.396406 39.922117, 116.396252 39.922095)",1,13.36,primary,3,,,,auto,
145,景山前街,110,120,121,1,"LINESTRING (116.391458 39.921919, 116.393183 39.921994)",1,147.34,primary,3,,,,auto,
146,景山前街,111,122,123,1,"LINESTRING (116.385824 39.921737, 116.386141 39.921746)",1,27.05,primary,3,,,,auto,
147,景山前街,112,124,125,1,"LINESTRING (116.385446 39.921683, 116.385636 39.921721)",1,16.74,primary,3,,,,auto,
148,,113,124,126,1,"LINESTRING (116.385446 39.921683, 116.385442 39.92175)",1,7.46,residential,6,,,,auto,
149,,113,126,124,1,"LINESTRING (116.385442 39.92175, 116.385446 39.921683)",1,7.46,residential,6,,,,auto,
150,景山前街,114,127,128,1,"LINESTRING (116.38519 39.921556, 116.385313 39.921631)",1,13.40,primary,3,,,,auto,
151,文津街,115,129,130,1,"LINESTRING (116.38282 39.920867, 116.382952 39.920851)",1,11.40,primary,3,,2,,auto,
152,文津街,116,131,132,1,"LINESTRING (116.38254 39.920934, 116.3827 39.920888)",1,14.57,primary,3,,2,,auto,
153,文津街,117,133,134,1,"LINESTRING (116.382125 39.921039, 116.38221 39.921027)",1,7.37,primary,3,,2,,auto,
154,文津街,118,135,136,1,"LINESTRING (116.380812 39.921015, 116.381941 39.921045)",1,96.34,primary,3,,2,,auto,
155,文津街,119,137,138,1,"LINESTRING (116.380336 39.921052, 116.3805 39.921029)",1,14.22,primary,3,,2,,auto,
156,文津街,120,139,140,1,"LINESTRING (116.379889 39.921085, 116.380063 39.921091)",1,14.85,primary,3,,2,,auto,
157,前门大街,125,141,142,1,"LINESTRING (116.38985 39.898459, 116.3899 39.898281)",1,20.25,secondary,4,,,,auto,
158,煤市街,127,141,143,1,"LINESTRING (116.38985 39.898459, 116.389604 39.898175)",1,37.92,secondary,4,,,,auto,
159,煤市街,127,143,141,1,"LINESTRING (116.389604 39.898175, 116.38985 39.898459)",1,37.92,secondary,4,,,,auto,
164,崇文门外大街,130,147,148,1,"LINESTRING (116.412167 39.899641, 116.412189 39.899451)",1,21.21,primary,3,,,,auto,
165,,131,147,149,1,"LINESTRING (116.412167 39.899641, 116.412357 39.899633)",1,16.23,primary,3,,,,auto,
166,崇文门外大街,132,150,151,1,"LINESTRING (116.412202 39.899316, 116.412099 39.899216)",1,14.17,tertiary,5,,,,auto,
167,崇文门外大街,133,150,152,1,"LINESTRING (116.412202 39.899316, 116.412258 39.897942)",1,152.86,primary,3,,,,auto,
168,正义路,134,153,154,1,"LINESTRING (116.400437 39.903112, 116.400482 39.902111)",1,111.37,tertiary,5,,,,auto,
169,,135,153,155,1,"LINESTRING (116.400437 39.903112, 116.400818 39.903137)",1,32.62,unclassified,20,,,,auto,
170,,135,155,153,1,"LINESTRING (116.400818 39.903137, 116.400437 39.903112)",1,32.62,unclassified,20,,,,auto,
171,西华门大街,148,156,157,1,"LINESTRING (116.386329 39.913412, 116.385682 39.913388)",1,55.25,unclassified,20,,,,auto,
172,西华门大街,148,157,156,1,"LINESTRING (116.385682 39.913388, 116.386329 39.913412)",1,55.25,unclassified,20,,,,auto,
173,北长街,149,158,159,1,"LINESTRING (116.38518 39.913367, 116.385137 39.914367)",1,111.26,tertiary,5,,,,auto,
174,北长街,149,159,158,1,"LINESTRING (116.385137 39.914367, 116.38518 39.913367)",1,111.26,tertiary,5,,,,auto,
175,南长街,150,158,160,1,"LINESTRING (116.38518 39.913367, 116.38519 39.913044)",1,35.93,tertiary,5,,,,auto,
176,南长街,150,160,158,1,"LINESTRING (116.38519 39.913044, 116.38518 39.913367)",1,35.93,tertiary,5,,,,auto,
177,西华门大街,151,158,161,1,"LINESTRING (116.38518 39.913367, 116.384147 39.913351)",1,88.12,unclassified,20,,,,auto,
178,西华门大街,151,161,158,1,"LINESTRING (116.384147 39.913351, 116.38518 39.913367)",1,88.12,unclassified,20,,,,auto,
179,西华门大街,152,158,157,1,"LINESTRING (116.38518 39.913367, 116.385682 39.913388)",1,42.88,unclassified,20,,,,auto,
180,西华门大街,152,157,158,1,"LINESTRING (116.385682 39.913388, 116.38518 39.913367)",1,42.88,unclassified,20,,,,auto,
181,景山前街,155,121,162,1,"LINESTRING (116.393183 39.921994, 116.393302 39.922)",1,10.17,primary,3,,,,auto,
182,景山西街,156,163,164,1,"LINESTRING (116.387536 39.921783, 116.387535 39.921848)",1,7.23,tertiary,5,,1,,auto,
183,景山西街,156,164,163,1,"LINESTRING (116.387535 39.921848, 116.387536 39.921783)",1,7.23,tertiary,5,,1,,auto,
184,景山前街,157,163,165,1,"LINESTRING (116.387536 39.921783, 116.388879 39.921833)",1,114.66,primary,3,,,,auto,
185,北京站西街,158,166,167,1,"LINESTRING (116.412587 39.899881, 116.412533 39.899869)",1,4.80,secondary,4,,,,auto,
186,北京站西街,159,168,169,1,"LINESTRING (116.413542 39.900027, 116.413255 39.899962)",1,25.53,secondary,4,,,,auto,
187,北京站西街,160,170,171,1,"LINESTRING (116.413837 39.900132, 116.413778 39.900111)",1,5.55,secondary,4,,,,auto,
188,北京站西街,161,172,170,1,"LINESTRING (116.414039 39.900216, 116.413837 39.900132)",1,19.60,secondary,4,,,,auto,
189,北京站西街,162,173,172,1,"LINESTRING (116.414283 39.900348, 116.414039 39.900216)",1,25.47,secondary,4,,,,auto,
190,北京站西街,163,174,173,1,"LINESTRING (116.414575 39.900541, 116.414283 39.900348)",1,32.88,secondary,4,,,,auto,
191,崇文门东大街,164,175,176,1,"LINESTRING (116.413657 39.899381, 116.41382 39.899348)",1,14.38,primary,3,,,,auto,
192,崇文门东大街,165,177,178,1,"LINESTRING (116.412753 39.899577, 116.413028 39.899569)",1,23.48,secondary,4,,,,auto,
193,崇文门东大街,166,177,175,1,"LINESTRING (116.412753 39.899577, 116.413657 39.899381)",1,80.14,primary,3,,,,auto,
194,西总部胡同,167,179,180,1,"LINESTRING (116.41167 39.910652, 116.41184 39.910654)",1,14.50,residential,6,,,,auto,
195,东单北大街,168,179,181,1,"LINESTRING (116.41167 39.910652, 116.411668 39.91073)",1,8.67,primary,3,,,,auto,
196,东单北大街,168,181,179,1,"LINESTRING (116.411668 39.91073, 116.41167 39.910652)",1,8.67,primary,3,,,,auto,
197,东单北大街,169,179,182,1,"LINESTRING (116.41167 39.910652, 116.41167 39.910629)",1,2.56,primary,3,,,,auto,
198,东单北大街,169,182,179,1,"LINESTRING (116.41167 39.910629, 116.41167 39.910652)",1,2.56,primary,3,,,,auto,
199,东单北大街,170,183,184,1,"LINESTRING (116.411684 39.910091, 116.411683 39.910122)",1,3.45,primary,3,,,,auto,
200,东单北大街,170,184,183,1,"LINESTRING (116.411683 39.910122, 116.411684 39.910091)",1,3.45,primary,3,,,,auto,
201,东单北大街,171,183,185,1,"LINESTRING (116.411684 39.910091, 116.411685 39.910053)",1,4.23,primary,3,,,,auto,
202,东单北大街,171,185,183,1,"LINESTRING (116.411685 39.910053, 116.411684 39.910091)",1,4.23,primary,3,,,,auto,
203,外交部街,172,186,187,1,"LINESTRING (116.411652 39.911343, 116.411811 39.911344)",1,13.56,residential,6,,,,auto,
204,外交部街,172,187,186,1,"LINESTRING (116.411811 39.911344, 116.411652 39.911343)",1,13.56,residential,6,,,,auto,
205,东单北大街,173,186,188,1,"LINESTRING (116.411652 39.911343, 116.411647 39.91152)",1,19.69,primary,3,,,,auto,
206,东单北大街,173,188,186,1,"LINESTRING (116.411647 39.91152, 116.411652 39.911343)",1,19.69,primary,3,,,,auto,
207,东单北大街,174,186,181,1,"LINESTRING (116.411652 39.911343, 116.411668 39.91073)",1,68.18,primary,3,,,,auto,
208,东单北大街,174,181,186,1,"LINESTRING (116.411668 39.91073, 116.411652 39.911343)",1,68.18,primary,3,,,,auto,
209,煤渣胡同,175,189,190,1,"LINESTRING (116.411615 39.912767, 116.411523 39.912766)",1,7.85,residential,6,,,,auto,
210,煤渣胡同,175,190,189,1,"LINESTRING (116.411523 39.912766, 116.411615 39.912767)",1,7.85,residential,6,,,,auto,
211,东堂子胡同,176,189,191,1,"LINESTRING (116.411615 39.912767, 116.411778 39.912769)",1,13.90,residential,6,,,,auto,
212,东堂子胡同,176,191,189,1,"LINESTRING (116.411778 39.912769, 116.411615 39.912767)",1,13.90,residential,6,,,,auto,
213,东单北大街,177,189,192,1,"LINESTRING (116.411615 39.912767, 116.411609 39.913001)",1,26.02,primary,3,,,,auto,
214,东单北大街,177,192,189,1,"LINESTRING (116.411609 39.913001, 116.411615 39.912767)",1,26.02,primary,3,,,,auto,
215,东单北大街,178,189,193,1,"LINESTRING (116.411615 39.912767, 116.411623 39.912466)",1,33.48,primary,3,,,,auto,
216,东单北大街,178,193,189,1,"LINESTRING (116.411623 39.912466, 116.411615 39.912767)",1,33.48,primary,3,,,,auto,
217,东四南大街,181,194,195,1,"LINESTRING (116.411386 39.919117, 116.411368 39.919751)",1,70.51,primary,3,,,,auto,
218,东四南大街,181,195,194,1,"LINESTRING (116.411368 39.919751, 116.411386 39.919117)",1,70.51,primary,3,,,,auto,
219,东四南大街,182,194,196,1,"LINESTRING (116.411386 39.919117, 116.411393 39.91886)",1,28.58,primary,3,,,,auto,
220,东四南大街,182,196,194,1,"LINESTRING (116.411393 39.91886, 116.411386 39.919117)",1,28.58,primary,3,,,,auto,
221,东四南大街,184,197,198,1,"LINESTRING (116.411405 39.918401, 116.411399 39.91862)",1,24.36,primary,3,,,,auto,
222,东四南大街,184,198,197,1,"LINESTRING (116.411399 39.91862, 116.411405 39.918401)",1,24.36,primary,3,,,,auto,
223,东四南大街,185,197,199,1,"LINESTRING (116.411405 39.918401, 116.411412 39.918157)",1,27.14,primary,3,,,,auto,
224,东四南大街,185,199,197,1,"LINESTRING (116.411412 39.918157, 116.411405 39.918401)",1,27.14,primary,3,,,,auto,
225,东四南大街,187,82,199,1,"LINESTRING (116.411422 39.917684, 116.411412 39.918157)",1,52.60,primary,3,,,,auto,
226,东四南大街,187,199,82,1,"LINESTRING (116.411412 39.918157, 116.411422 39.917684)",1,52.60,primary,3,,,,auto,
227,东四南大街,188,82,80,1,"LINESTRING (116.411422 39.917684, 116.411427 39.917409)",1,30.58,primary,3,,,,auto,
228,东四南大街,188,80,82,1,"LINESTRING (116.411427 39.917409, 116.411422 39.917684)",1,30.58,primary,3,,,,auto,
229,干面胡同,189,200,201,1,"LINESTRING (116.411516 39.915576, 116.411637 39.915578)",1,10.32,residential,6,,,,auto,
230,干面胡同,189,201,200,1,"LINESTRING (116.411637 39.915578, 116.411516 39.915576)",1,10.32,residential,6,,,,auto,
231,甘雨胡同,190,200,202,1,"LINESTRING (116.411516 39.915576, 116.411384 39.915576)",1,11.26,tertiary,5,,,,auto,
232,甘雨胡同,190,202,200,1,"LINESTRING (116.411384 39.915576, 116.411516 39.915576)",1,11.26,tertiary,5,,,,auto,
233,东四南大街,191,200,203,1,"LINESTRING (116.411516 39.915576, 116.411484 39.916268)",1,77.00,primary,3,,,,auto,
234,东四南大街,191,203,200,1,"LINESTRING (116.411484 39.916268, 116.411516 39.915576)",1,77.00,primary,3,,,,auto,
235,东四南大街,192,200,204,1,"LINESTRING (116.411516 39.915576, 116.411534 39.915165)",1,45.73,primary,3,,,,auto,
236,东四南大街,192,204,200,1,"LINESTRING (116.411534 39.915165, 116.411516 39.915576)",1,45.73,primary,3,,,,auto,
237,东四南大街,193,200,205,1,"LINESTRING (116.411516 39.915576, 116.411424 39.9155)",1,11.53,primary,3,,1,,auto,
238,干面胡同,194,206,207,1,"LINESTRING (116.414947 39.915626, 116.414098 39.915619)",1,72.41,residential,6,,,,auto,
239,干面胡同,194,207,206,1,"LINESTRING (116.414098 39.915619, 116.414947 39.915626)",1,72.41,residential,6,,,,auto,
240,灯市口西街,195,208,209,1,"LINESTRING (116.400801 39.916966, 116.402316 39.917036)",1,129.44,tertiary,5,,,,auto,
241,灯市口西街,195,209,208,1,"LINESTRING (116.402316 39.917036, 116.400801 39.916966)",1,129.44,tertiary,5,,,,auto,
242,灯市口西街,196,208,210,1,"LINESTRING (116.400801 39.916966, 116.400533 39.916957)",1,22.88,tertiary,5,,,,auto,
243,灯市口西街,196,210,208,1,"LINESTRING (116.400533 39.916957, 116.400801 39.916966)",1,22.88,tertiary,5,,,,auto,
244,东黄城根南街,197,208,211,1,"LINESTRING (116.400801 39.916966, 116.400729 39.918618)",1,183.80,unclassified,20,,,,auto,
245,东安门大街,198,71,70,1,"LINESTRING (116.40091 39.913903, 116.400386 39.913891)",1,44.71,secondary,4,,,,auto,
246,东安门大街,198,70,71,1,"LINESTRING (116.400386 39.913891, 116.40091 39.913903)",1,44.71,secondary,4,,,,auto,
247,东安门大街,199,71,212,1,"LINESTRING (116.40091 39.913903, 116.402277 39.913979)",1,116.89,secondary,4,,,,auto,
248,东安门大街,199,212,71,1,"LINESTRING (116.402277 39.913979, 116.40091 39.913903)",1,116.89,secondary,4,,,,auto,
249,东黄城根南街,200,71,213,1,"LINESTRING (116.40091 39.913903, 116.400893 39.914906)",1,111.54,unclassified,20,,,,auto,
250,大阮府胡同,201,57,214,1,"LINESTRING (116.40104 39.91163, 116.401926 39.911662)",1,75.65,residential,6,,,,auto,
251,大阮府胡同,201,214,57,1,"LINESTRING (116.401926 39.911662, 116.40104 39.91163)",1,75.65,residential,6,,,,auto,
252,,202,57,56,1,"LINESTRING (116.40104 39.91163, 116.400542 39.911615)",1,42.51,residential,6,,,,auto,
253,,202,56,57,1,"LINESTRING (116.400542 39.911615, 116.40104 39.91163)",1,42.51,residential,6,,,,auto,
254,晨光街,203,57,215,1,"LINESTRING (116.40104 39.91163, 116.400986 39.912608)",1,108.85,unclassified,20,,,,auto,
255,晨光街,204,216,217,1,"LINESTRING (116.401054 39.910673, 116.401057 39.91058)",1,10.34,residential,6,,,,auto,
256,晨光街,204,217,216,1,"LINESTRING (116.401057 39.91058, 116.401054 39.910673)",1,10.34,residential,6,,,,auto,
257,晨光街,205,216,218,1,"LINESTRING (116.401054 39.910673, 116.401051 39.910772)",1,11.01,unclassified,20,,,,auto,
258,大甜水井胡同,206,216,219,1,"LINESTRING (116.401054 39.910673, 116.401128 39.910669)",1,6.33,residential,6,,,,auto,
259,大甜水井胡同,206,219,216,1,"LINESTRING (116.401128 39.910669, 116.401054 39.910673)",1,6.33,residential,6,,,,auto,
260,东皇城门南街,207,220,221,1,"LINESTRING (116.400572 39.910653, 116.400708 39.910656)",1,11.60,unclassified,20,,,,auto,
261,南河沿大街,208,220,59,1,"LINESTRING (116.400572 39.910653, 116.400577 39.910729)",1,8.46,secondary,4,,,,auto,
262,南河沿大街,208,59,220,1,"LINESTRING (116.400577 39.910729, 116.400572 39.910653)",1,8.46,secondary,4,,,,auto,
263,南河沿大街,209,220,222,1,"LINESTRING (116.400572 39.910653, 116.400572 39.910592)",1,6.78,secondary,4,,,,auto,
264,南河沿大街,209,222,220,1,"LINESTRING (116.400572 39.910592, 116.400572 39.910653)",1,6.78,secondary,4,,,,auto,
265,东单三条,210,223,224,1,"LINESTRING (116.405153 39.909146, 116.405193 39.909146)",1,3.41,tertiary,5,,,,auto,
266,东单三条,210,224,223,1,"LINESTRING (116.405193 39.909146, 116.405153 39.909146)",1,3.41,tertiary,5,,,,auto,
267,大纱帽胡同,212,223,225,1,"LINESTRING (116.405153 39.909146, 116.405117 39.909144)",1,3.08,residential,6,,,,auto,
268,大纱帽胡同,212,225,223,1,"LINESTRING (116.405117 39.909144, 116.405153 39.909146)",1,3.08,residential,6,,,,auto,
269,校尉胡同,213,1495,227,1,"LINESTRING (116.407596 39.909214, 116.40762 39.910112)",1,99.87,tertiary,5,,,,auto,
270,东单三条,214,1495,228,1,"LINESTRING (116.407596 39.909214, 116.408593 39.909204)",1,85.04,tertiary,5,,,,auto,
271,东单三条,214,228,1495,1,"LINESTRING (116.408593 39.909204, 116.407596 39.909214)",1,85.04,tertiary,5,,,,auto,
274,东单三条,216,230,1497,1,"LINESTRING (116.411633 39.909149, 116.411708 39.909148)",1,6.40,tertiary,5,,,,auto,
275,,217,232,233,1,"LINESTRING (116.406142 39.910658, 116.406115 39.911827)",1,130.01,unclassified,20,,,,auto,
276,,217,233,232,1,"LINESTRING (116.406115 39.911827, 116.406142 39.910658)",1,130.01,unclassified,20,,,,auto,
277,帅府园胡同,218,232,234,1,"LINESTRING (116.406142 39.910658, 116.407557 39.910719)",1,120.88,unclassified,20,,,,auto,
278,帅府园胡同,218,234,232,1,"LINESTRING (116.407557 39.910719, 116.406142 39.910658)",1,120.88,unclassified,20,,,,auto,
279,帅府园胡同,219,232,235,1,"LINESTRING (116.406142 39.910658, 116.405077 39.910622)",1,90.92,unclassified,20,,,,auto,
280,帅府园胡同,219,235,232,1,"LINESTRING (116.405077 39.910622, 116.406142 39.910658)",1,90.92,unclassified,20,,,,auto,
281,校尉胡同,220,236,237,1,"LINESTRING (116.407637 39.91072, 116.407657 39.911406)",1,76.30,tertiary,5,,,,auto,
282,帅府园胡同,221,236,234,1,"LINESTRING (116.407637 39.91072, 116.407557 39.910719)",1,6.82,unclassified,20,,,,auto,
283,帅府园胡同,221,234,236,1,"LINESTRING (116.407557 39.910719, 116.407637 39.91072)",1,6.82,unclassified,20,,,,auto,
284,校尉胡同,223,238,239,1,"LINESTRING (116.407744 39.914015, 116.407742 39.914136)",1,13.46,tertiary,5,,2,,auto,
285,校尉胡同,224,240,241,1,"LINESTRING (116.407713 39.91283, 116.407713 39.912758)",1,8.01,tertiary,5,,,,auto,
286,校尉胡同,224,241,240,1,"LINESTRING (116.407713 39.912758, 116.407713 39.91283)",1,8.01,tertiary,5,,,,auto,
287,校尉胡同,225,240,242,1,"LINESTRING (116.407713 39.91283, 116.407713 39.913053)",1,24.80,tertiary,5,,,,auto,
288,校尉胡同,225,242,240,1,"LINESTRING (116.407713 39.913053, 116.407713 39.91283)",1,24.80,tertiary,5,,,,auto,
289,煤渣胡同,226,243,244,1,"LINESTRING (116.409576 39.912752, 116.411488 39.912766)",1,163.08,residential,6,,,,auto,
290,煤渣胡同,226,244,243,1,"LINESTRING (116.411488 39.912766, 116.409576 39.912752)",1,163.08,residential,6,,,,auto,
291,煤渣胡同,227,243,245,1,"LINESTRING (116.409576 39.912752, 116.407843 39.912738)",1,147.81,residential,6,,,,auto,
292,煤渣胡同,227,245,243,1,"LINESTRING (116.407843 39.912738, 116.409576 39.912752)",1,147.81,residential,6,,,,auto,
293,,229,246,247,1,"LINESTRING (116.402722 39.913991, 116.402768 39.912888)",1,122.71,tertiary,5,,,,auto,
294,,229,247,246,1,"LINESTRING (116.402768 39.912888, 116.402722 39.913991)",1,122.71,tertiary,5,,,,auto,
295,东安门大街,230,246,248,1,"LINESTRING (116.402722 39.913991, 116.402395 39.913983)",1,27.90,secondary,4,,,,auto,
296,东安门大街,230,248,246,1,"LINESTRING (116.402395 39.913983, 116.402722 39.913991)",1,27.90,secondary,4,,,,auto,
297,东安门大街,231,246,249,1,"LINESTRING (116.402722 39.913991, 116.40474 39.914041)",1,172.20,secondary,4,,,,auto,
298,东安门大街,231,249,246,1,"LINESTRING (116.40474 39.914041, 116.402722 39.913991)",1,172.20,secondary,4,,,,auto,
299,大阮府胡同,232,250,251,1,"LINESTRING (116.402822 39.91169, 116.404907 39.911781)",1,178.12,residential,6,,,,auto,
300,大阮府胡同,232,251,250,1,"LINESTRING (116.404907 39.911781, 116.402822 39.91169)",1,178.12,residential,6,,,,auto,
301,大阮府胡同,233,250,214,1,"LINESTRING (116.402822 39.91169, 116.401926 39.911662)",1,76.48,residential,6,,,,auto,
302,大阮府胡同,233,214,250,1,"LINESTRING (116.401926 39.911662, 116.402822 39.91169)",1,76.48,residential,6,,,,auto,
303,,234,250,252,1,"LINESTRING (116.402822 39.91169, 116.402798 39.912327)",1,70.86,tertiary,5,,,,auto,
304,,234,252,250,1,"LINESTRING (116.402798 39.912327, 116.402822 39.91169)",1,70.86,tertiary,5,,,,auto,
305,柏树胡同,236,253,254,1,"LINESTRING (116.410688 39.916265, 116.40742 39.916263)",1,278.71,unclassified,20,,,,auto,
306,柏树胡同,239,255,256,1,"LINESTRING (116.404813 39.916194, 116.405038 39.9162)",1,19.20,unclassified,20,,,,auto,
307,柏树胡同,239,256,255,1,"LINESTRING (116.405038 39.9162, 116.404813 39.916194)",1,19.20,unclassified,20,,,,auto,
308,甘雨胡同,240,257,258,1,"LINESTRING (116.410088 39.915574, 116.408546 39.915551)",1,131.54,tertiary,5,,,,auto,
309,甘雨胡同,240,258,257,1,"LINESTRING (116.408546 39.915551, 116.410088 39.915574)",1,131.54,tertiary,5,,,,auto,
310,甘雨胡同,241,257,259,1,"LINESTRING (116.410088 39.915574, 116.411319 39.915574)",1,104.99,tertiary,5,,,,auto,
311,甘雨胡同,241,259,257,1,"LINESTRING (116.411319 39.915574, 116.410088 39.915574)",1,104.99,tertiary,5,,,,auto,
312,甘雨胡同,242,260,261,1,"LINESTRING (116.40487 39.915481, 116.405117 39.915485)",1,21.07,tertiary,5,,,,auto,
313,甘雨胡同,242,261,260,1,"LINESTRING (116.405117 39.915485, 116.40487 39.915481)",1,21.07,tertiary,5,,,,auto,
314,,243,260,262,1,"LINESTRING (116.40487 39.915481, 116.404667 39.915492)",1,17.36,unclassified,20,,,,auto,
315,,243,262,260,1,"LINESTRING (116.404667 39.915492, 116.40487 39.915481)",1,17.36,unclassified,20,,,,auto,
316,,246,263,264,1,"LINESTRING (116.405907 39.914782, 116.405884 39.914833)",1,6.00,residential,6,,,,auto,
317,,246,264,263,1,"LINESTRING (116.405884 39.914833, 116.405907 39.914782)",1,6.00,residential,6,,,,auto,
318,西堂子胡同,247,263,265,1,"LINESTRING (116.405907 39.914782, 116.406378 39.91479)",1,40.18,residential,6,,,,auto,
319,西堂子胡同,247,265,263,1,"LINESTRING (116.406378 39.91479, 116.405907 39.914782)",1,40.18,residential,6,,,,auto,
320,东四南大街,248,266,267,1,"LINESTRING (116.411548 39.914876, 116.411537 39.915106)",1,25.59,primary,3,,,,auto,
321,东四南大街,248,267,266,1,"LINESTRING (116.411537 39.915106, 116.411548 39.914876)",1,25.59,primary,3,,,,auto,
322,东四南大街,249,266,76,1,"LINESTRING (116.411548 39.914876, 116.411548 39.914816)",1,6.67,primary,3,,,,auto,
323,东四南大街,249,76,266,1,"LINESTRING (116.411548 39.914816, 116.411548 39.914876)",1,6.67,primary,3,,,,auto,
324,西堂子胡同,250,266,268,1,"LINESTRING (116.411548 39.914876, 116.411453 39.914874)",1,8.11,residential,6,,,,auto,
325,西堂子胡同,250,268,266,1,"LINESTRING (116.411453 39.914874, 116.411548 39.914876)",1,8.11,residential,6,,,,auto,
326,柏树胡同,251,203,269,1,"LINESTRING (116.411484 39.916268, 116.411353 39.916262)",1,11.19,unclassified,20,,,,auto,
327,东四南大街,252,203,270,1,"LINESTRING (116.411484 39.916268, 116.411471 39.916569)",1,33.49,primary,3,,,,auto,
328,东四南大街,252,270,203,1,"LINESTRING (116.411471 39.916569, 116.411484 39.916268)",1,33.49,primary,3,,,,auto,
329,东四南大街,253,203,200,1,"LINESTRING (116.411484 39.916268, 116.411516 39.915576)",1,77.00,primary,3,,,,auto,
330,东四南大街,253,200,203,1,"LINESTRING (116.411516 39.915576, 116.411484 39.916268)",1,77.00,primary,3,,,,auto,
331,甘雨胡同,254,271,261,1,"LINESTRING (116.405868 39.915497, 116.405117 39.915485)",1,64.06,tertiary,5,,,,auto,
332,甘雨胡同,254,261,271,1,"LINESTRING (116.405117 39.915485, 116.405868 39.915497)",1,64.06,tertiary,5,,,,auto,
333,甘雨胡同,255,271,272,1,"LINESTRING (116.405868 39.915497, 116.406856 39.915523)",1,84.31,tertiary,5,,,,auto,
334,甘雨胡同,255,272,271,1,"LINESTRING (116.406856 39.915523, 116.405868 39.915497)",1,84.31,tertiary,5,,,,auto,
335,,256,271,264,1,"LINESTRING (116.405868 39.915497, 116.405884 39.914833)",1,73.85,residential,6,,,,auto,
336,,256,264,271,1,"LINESTRING (116.405884 39.914833, 116.405868 39.915497)",1,73.85,residential,6,,,,auto,
337,,257,264,263,1,"LINESTRING (116.405884 39.914833, 116.405907 39.914782)",1,6.00,residential,6,,,,auto,
338,,257,263,264,1,"LINESTRING (116.405907 39.914782, 116.405884 39.914833)",1,6.00,residential,6,,,,auto,
339,,258,264,271,1,"LINESTRING (116.405884 39.914833, 116.405868 39.915497)",1,73.85,residential,6,,,,auto,
340,,258,271,264,1,"LINESTRING (116.405868 39.915497, 116.405884 39.914833)",1,73.85,residential,6,,,,auto,
341,东交民巷,259,273,274,1,"LINESTRING (116.400479 39.901034, 116.400745 39.901053)",1,22.79,unclassified,20,,,,auto,
342,东交民巷,259,274,273,1,"LINESTRING (116.400745 39.901053, 116.400479 39.901034)",1,22.79,unclassified,20,,,,auto,
343,东交民巷,260,273,275,1,"LINESTRING (116.400479 39.901034, 116.397398 39.900652)",1,266.23,unclassified,20,,,,auto,
344,东交民巷,260,275,273,1,"LINESTRING (116.397398 39.900652, 116.400479 39.901034)",1,266.23,unclassified,20,,,,auto,
345,正义路,261,273,276,1,"LINESTRING (116.400479 39.901034, 116.400488 39.900436)",1,66.50,tertiary,5,,,,auto,
346,东交民巷,262,277,278,1,"LINESTRING (116.405454 39.901198, 116.405581 39.901185)",1,10.93,unclassified,20,,,,auto,
347,东交民巷,262,278,277,1,"LINESTRING (116.405581 39.901185, 116.405454 39.901198)",1,10.93,unclassified,20,,,,auto,
348,东交民巷,263,277,279,1,"LINESTRING (116.405454 39.901198, 116.405299 39.901201)",1,13.23,unclassified,20,,,,auto,
349,东交民巷,263,279,277,1,"LINESTRING (116.405299 39.901201, 116.405454 39.901198)",1,13.23,unclassified,20,,,,auto,
350,台基厂大街,264,277,280,1,"LINESTRING (116.405454 39.901198, 116.405454 39.901116)",1,9.12,tertiary,5,,,,auto,
351,台基厂大街,264,280,277,1,"LINESTRING (116.405454 39.901116, 116.405454 39.901198)",1,9.12,tertiary,5,,,,auto,
352,台基厂大街,265,277,281,1,"LINESTRING (116.405454 39.901198, 116.405452 39.901303)",1,11.68,tertiary,5,,,,auto,
353,台基厂大街,265,281,277,1,"LINESTRING (116.405452 39.901303, 116.405454 39.901198)",1,11.68,tertiary,5,,,,auto,
354,东交民巷,266,282,283,1,"LINESTRING (116.407517 39.900976, 116.407795 39.90095)",1,23.89,unclassified,20,,,,auto,
355,东交民巷,266,283,282,1,"LINESTRING (116.407795 39.90095, 116.407517 39.900976)",1,23.89,unclassified,20,,,,auto,
356,东交民巷,267,282,278,1,"LINESTRING (116.407517 39.900976, 116.405581 39.901185)",1,166.77,unclassified,20,,,,auto,
357,东交民巷,267,278,282,1,"LINESTRING (116.405581 39.901185, 116.407517 39.900976)",1,166.77,unclassified,20,,,,auto,
358,,268,282,284,1,"LINESTRING (116.407517 39.900976, 116.407386 39.900319)",1,73.90,unclassified,20,,,,auto,
359,,268,284,282,1,"LINESTRING (116.407386 39.900319, 116.407517 39.900976)",1,73.90,unclassified,20,,,,auto,
360,东交民巷,269,285,286,1,"LINESTRING (116.410922 39.900668, 116.411909 39.900628)",1,84.31,unclassified,20,,,,auto,
361,东交民巷,269,286,285,1,"LINESTRING (116.411909 39.900628, 116.410922 39.900668)",1,84.31,unclassified,20,,,,auto,
362,东交民巷,270,285,287,1,"LINESTRING (116.410922 39.900668, 116.409959 39.900746)",1,82.60,unclassified,20,,,,auto,
363,东交民巷,270,287,285,1,"LINESTRING (116.409959 39.900746, 116.410922 39.900668)",1,82.60,unclassified,20,,,,auto,
364,东交民巷,271,288,286,1,"LINESTRING (116.412075 39.900622, 116.411909 39.900628)",1,14.18,unclassified,20,,,,auto,
365,东交民巷,271,286,288,1,"LINESTRING (116.411909 39.900628, 116.412075 39.900622)",1,14.18,unclassified,20,,,,auto,
366,崇文门内大街,272,288,289,1,"LINESTRING (116.412075 39.900622, 116.412097 39.900025)",1,66.41,primary,3,,,,auto,
367,祈年大街,274,1498,291,1,"LINESTRING (116.405624 39.897951, 116.405679 39.896697)",1,139.52,secondary,4,,,,auto,
370,东交民巷,276,275,273,1,"LINESTRING (116.397398 39.900652, 116.400479 39.901034)",1,266.23,unclassified,20,,,,auto,
371,东交民巷,276,273,275,1,"LINESTRING (116.400479 39.901034, 116.397398 39.900652)",1,266.23,unclassified,20,,,,auto,
372,东交民巷,277,275,293,1,"LINESTRING (116.397398 39.900652, 116.394645 39.900609)",1,234.89,unclassified,20,,,,auto,
373,东交民巷,277,293,275,1,"LINESTRING (116.394645 39.900609, 116.397398 39.900652)",1,234.89,unclassified,20,,,,auto,
374,新怡家园西路,278,294,295,1,"LINESTRING (116.40652 39.897913, 116.406601 39.895871)",1,227.17,tertiary,5,,,,auto,
375,新怡家园西路,278,295,294,1,"LINESTRING (116.406601 39.895871, 116.40652 39.897913)",1,227.17,tertiary,5,,,,auto,
376,东打磨厂街,279,294,296,1,"LINESTRING (116.40652 39.897913, 116.40804 39.89792)",1,129.67,tertiary,5,,,,auto,
377,东打磨厂街,279,296,294,1,"LINESTRING (116.40804 39.89792, 116.40652 39.897913)",1,129.67,tertiary,5,,,,auto,
378,东打磨厂街,280,294,1498,1,"LINESTRING (116.40652 39.897913, 116.405809 39.897909)",1,60.66,tertiary,5,,,,auto,
379,东打磨厂街,280,1498,294,1,"LINESTRING (116.405809 39.897909, 116.40652 39.897913)",1,60.66,tertiary,5,,,,auto,
380,东兴隆街,281,297,298,1,"LINESTRING (116.410437 39.895817, 116.410574 39.895799)",1,11.86,tertiary,5,,,,auto,
381,东打磨厂街,282,299,300,1,"LINESTRING (116.410767 39.897934, 116.412115 39.897941)",1,115.00,tertiary,5,,,,auto,
382,东打磨厂街,282,300,299,1,"LINESTRING (116.412115 39.897941, 116.410767 39.897934)",1,115.00,tertiary,5,,,,auto,
383,东打磨厂街,283,299,301,1,"LINESTRING (116.410767 39.897934, 116.410362 39.897932)",1,34.55,tertiary,5,,,,auto,
384,东打磨厂街,283,301,299,1,"LINESTRING (116.410362 39.897932, 116.410767 39.897934)",1,34.55,tertiary,5,,,,auto,
385,,284,302,303,1,"LINESTRING (116.410777 39.895868, 116.410781 39.897049)",1,131.32,tertiary,5,,,,auto,
386,东兴隆街,285,302,304,1,"LINESTRING (116.410777 39.895868, 116.410641 39.895889)",1,11.83,tertiary,5,,,,auto,
387,前门东路,286,305,306,1,"LINESTRING (116.394435 39.896633, 116.394262 39.897012)",1,44.65,secondary,4,,,,auto,
388,前门东路,287,307,102,1,"LINESTRING (116.39364 39.897955, 116.393608 39.89801)",1,6.70,secondary,4,,,,auto,
389,煤市街,288,308,309,1,"LINESTRING (116.388444 39.896517, 116.388331 39.896345)",1,21.42,secondary,4,,,,auto,
390,煤市街,288,309,308,1,"LINESTRING (116.388331 39.896345, 116.388444 39.896517)",1,21.42,secondary,4,,,,auto,
391,煤市街,289,308,310,1,"LINESTRING (116.388444 39.896517, 116.388759 39.897012)",1,61.25,secondary,4,,,,auto,
392,煤市街,289,310,308,1,"LINESTRING (116.388759 39.897012, 116.388444 39.896517)",1,61.25,secondary,4,,,,auto,
393,煤市街,292,311,310,1,"LINESTRING (116.38906 39.897434, 116.388759 39.897012)",1,53.49,secondary,4,,,,auto,
394,煤市街,292,310,311,1,"LINESTRING (116.388759 39.897012, 116.38906 39.897434)",1,53.49,secondary,4,,,,auto,
395,煤市街,293,311,312,1,"LINESTRING (116.38906 39.897434, 116.389102 39.897492)",1,7.38,secondary,4,,,,auto,
396,煤市街,293,312,311,1,"LINESTRING (116.389102 39.897492, 116.38906 39.897434)",1,7.38,secondary,4,,,,auto,
397,煤市街,294,143,313,1,"LINESTRING (116.389604 39.898175, 116.389401 39.89791)",1,34.18,secondary,4,,,,auto,
398,煤市街,294,313,143,1,"LINESTRING (116.389401 39.89791, 116.389604 39.898175)",1,34.18,secondary,4,,,,auto,
399,煤市街,295,143,141,1,"LINESTRING (116.389604 39.898175, 116.38985 39.898459)",1,37.92,secondary,4,,,,auto,
400,煤市街,295,141,143,1,"LINESTRING (116.38985 39.898459, 116.389604 39.898175)",1,37.92,secondary,4,,,,auto,
401,东长安街,321,314,315,1,"LINESTRING (116.38984 39.906273, 116.38943 39.90626)",1,35.00,trunk,2,70,5,,auto,
402,西兴隆街,358,316,317,1,"LINESTRING (116.405719 39.895894, 116.405 39.8959)",1,61.34,tertiary,5,,2,,auto,
403,西兴隆街,358,317,316,1,"LINESTRING (116.405 39.8959, 116.405719 39.895894)",1,61.34,tertiary,5,,2,,auto,
404,东兴隆街,359,316,318,1,"LINESTRING (116.405719 39.895894, 116.405925 39.895872)",1,17.74,tertiary,5,,,,auto,
405,东兴隆街,359,318,316,1,"LINESTRING (116.405925 39.895872, 116.405719 39.895894)",1,17.74,tertiary,5,,,,auto,
406,西兴隆街,360,319,320,1,"LINESTRING (116.402371 39.895906, 116.402099 39.895926)",1,23.31,tertiary,5,,2,,auto,
407,西兴隆街,360,320,319,1,"LINESTRING (116.402099 39.895926, 116.402371 39.895906)",1,23.31,tertiary,5,,2,,auto,
408,西兴隆街,361,319,321,1,"LINESTRING (116.402371 39.895906, 116.402515 39.895894)",1,12.36,tertiary,5,,2,,auto,
409,西兴隆街,361,321,319,1,"LINESTRING (116.402515 39.895894, 116.402371 39.895906)",1,12.36,tertiary,5,,2,,auto,
410,西兴隆街,362,322,323,1,"LINESTRING (116.401193 39.895995, 116.400832 39.896002)",1,30.81,tertiary,5,,2,,auto,
411,西兴隆街,362,323,322,1,"LINESTRING (116.400832 39.896002, 116.401193 39.895995)",1,30.81,tertiary,5,,2,,auto,
412,西兴隆街,363,322,324,1,"LINESTRING (116.401193 39.895995, 116.40126 39.89599)",1,5.74,tertiary,5,,2,,auto,
413,西兴隆街,363,324,322,1,"LINESTRING (116.40126 39.89599, 116.401193 39.895995)",1,5.74,tertiary,5,,2,,auto,
414,西兴隆街,364,325,326,1,"LINESTRING (116.400297 39.895954, 116.400571 39.896008)",1,24.13,tertiary,5,,2,,auto,
415,西兴隆街,364,326,325,1,"LINESTRING (116.400571 39.896008, 116.400297 39.895954)",1,24.13,tertiary,5,,2,,auto,
416,西兴隆街,365,325,327,1,"LINESTRING (116.400297 39.895954, 116.399793 39.895889)",1,43.60,tertiary,5,,,,auto,
417,西兴隆街,365,327,325,1,"LINESTRING (116.399793 39.895889, 116.400297 39.895954)",1,43.60,tertiary,5,,,,auto,
418,北翔凤胡同,366,325,328,1,"LINESTRING (116.400297 39.895954, 116.400321 39.89674)",1,87.42,tertiary,5,,,,auto,
419,北翔凤胡同,366,328,325,1,"LINESTRING (116.400321 39.89674, 116.400297 39.895954)",1,87.42,tertiary,5,,,,auto,
420,鲜鱼口街,367,329,330,1,"LINESTRING (116.39836 39.895717, 116.398532 39.895737)",1,14.84,tertiary,5,,,,auto,
421,鲜鱼口街,367,330,329,1,"LINESTRING (116.398532 39.895737, 116.39836 39.895717)",1,14.84,tertiary,5,,,,auto,
422,,368,331,332,1,"LINESTRING (116.400599 39.898132, 116.400595 39.898233)",1,11.24,tertiary,5,,,,auto,
423,,368,332,331,1,"LINESTRING (116.400595 39.898233, 116.400599 39.898132)",1,11.24,tertiary,5,,,,auto,
424,崇文门西河沿,369,331,333,1,"LINESTRING (116.400599 39.898132, 116.399635 39.898088)",1,82.38,tertiary,5,,,,auto,
425,崇文门西河沿,369,333,331,1,"LINESTRING (116.399635 39.898088, 116.400599 39.898132)",1,82.38,tertiary,5,,,,auto,
426,崇文门西河沿,370,331,334,1,"LINESTRING (116.400599 39.898132, 116.401497 39.898217)",1,77.19,tertiary,5,,,,auto,
427,崇文门西河沿,370,334,331,1,"LINESTRING (116.401497 39.898217, 116.400599 39.898132)",1,77.19,tertiary,5,,,,auto,
428,北翔凤胡同,371,331,335,1,"LINESTRING (116.400599 39.898132, 116.400376 39.897461)",1,77.00,tertiary,5,,,,auto,
429,北翔凤胡同,371,335,331,1,"LINESTRING (116.400376 39.897461, 116.400599 39.898132)",1,77.00,tertiary,5,,,,auto,
430,草厂十条,374,336,337,1,"LINESTRING (116.403648 39.897915, 116.403672 39.897145)",1,85.64,tertiary,5,,,,auto,
431,草厂十条,374,337,336,1,"LINESTRING (116.403672 39.897145, 116.403648 39.897915)",1,85.64,tertiary,5,,,,auto,
432,崇文门西河沿,377,336,338,1,"LINESTRING (116.403648 39.897915, 116.403644 39.898276)",1,40.14,tertiary,5,,,,auto,
433,崇文门西河沿,377,338,336,1,"LINESTRING (116.403644 39.898276, 116.403648 39.897915)",1,40.14,tertiary,5,,,,auto,
434,东兴隆街,378,339,340,1,"LINESTRING (116.409166 39.895832, 116.408817 39.895822)",1,29.79,tertiary,5,,,,auto,
435,东兴隆街,378,340,339,1,"LINESTRING (116.408817 39.895822, 116.409166 39.895832)",1,29.79,tertiary,5,,,,auto,
436,东兴隆街,379,339,341,1,"LINESTRING (116.409166 39.895832, 116.409331 39.895799)",1,14.55,tertiary,5,,,,auto,
441,崇文门外大街,382,1494,343,1,"LINESTRING (116.412525 39.895809, 116.412503 39.896597)",1,87.64,primary,3,,,,auto,
442,前门西大街,383,344,345,1,"LINESTRING (116.386778 39.898882, 116.387159 39.89887)",1,32.53,primary,3,,,,auto,
443,前门西大街,384,346,347,1,"LINESTRING (116.38852 39.898783, 116.389351 39.89869)",1,71.64,primary,3,,,,auto,
444,前门西大街,385,348,349,1,"LINESTRING (116.389584 39.89866, 116.389818 39.89863)",1,20.24,primary,3,,,,auto,
445,前门东大街,386,350,351,1,"LINESTRING (116.392943 39.89876, 116.393465 39.898785)",1,44.62,primary,3,,,,auto,
446,崇文门内大街,387,352,353,1,"LINESTRING (116.411906 39.906626, 116.411903 39.906779)",1,17.01,primary,3,,,,auto,
447,东长安街,388,354,355,1,"LINESTRING (116.397381 39.90653, 116.397096 39.906522)",1,24.33,trunk,2,,5,,auto,
448,东长安街,389,356,357,1,"LINESTRING (116.399981 39.906433, 116.400026 39.906434)",1,3.84,trunk,2,,,,auto,
449,台基厂大街,390,358,359,1,"LINESTRING (116.405229 39.906377, 116.405287 39.905222)",1,128.53,tertiary,5,,,,auto,
450,台基厂大街,390,359,358,1,"LINESTRING (116.405287 39.905222, 116.405229 39.906377)",1,128.53,tertiary,5,,,,auto,
451,台基厂大街,391,358,360,1,"LINESTRING (116.405229 39.906377, 116.405226 39.906433)",1,6.23,tertiary,5,,,,auto,
452,台基厂大街,391,360,358,1,"LINESTRING (116.405226 39.906433, 116.405229 39.906377)",1,6.23,tertiary,5,,,,auto,
453,西长安街,392,361,362,1,"LINESTRING (116.385872 39.90615, 116.385634 39.906142)",1,20.32,trunk,2,,,,auto,
454,东长安街,393,363,364,1,"LINESTRING (116.393616 39.906396, 116.39307 39.906373)",1,46.64,trunk,2,,5,,auto,
455,石碑胡同,394,365,366,1,"LINESTRING (116.382001 39.905811, 116.381995 39.905629)",1,20.24,tertiary,5,,,,auto,
456,石碑胡同,394,366,365,1,"LINESTRING (116.381995 39.905629, 116.382001 39.905811)",1,20.24,tertiary,5,,,,auto,
457,西长安街,395,365,367,1,"LINESTRING (116.382001 39.905811, 116.382995 39.905835)",1,84.83,trunk,2,,,,auto,
458,建国门内大街,396,368,369,1,"LINESTRING (116.412036 39.906954, 116.4119 39.90695)",1,11.61,trunk,2,,,,auto,
459,东单北大街,397,370,371,1,"LINESTRING (116.411649 39.907074, 116.411651 39.907032)",1,4.67,primary,3,,,,auto,
460,崇文门西大街,398,372,373,1,"LINESTRING (116.41214 39.899796, 116.411957 39.89979)",1,15.63,primary,3,,,,auto,
461,崇文门外大街,399,372,147,1,"LINESTRING (116.41214 39.899796, 116.412167 39.899641)",1,17.39,primary,3,,,,auto,
462,台基厂大街,400,374,375,1,"LINESTRING (116.405458 39.89987, 116.405471 39.899812)",1,6.54,tertiary,5,,,,auto,
463,台基厂大街,400,375,374,1,"LINESTRING (116.405471 39.899812, 116.405458 39.89987)",1,6.54,tertiary,5,,,,auto,
464,台基厂大街,401,374,280,1,"LINESTRING (116.405458 39.89987, 116.405454 39.901116)",1,138.55,tertiary,5,,,,auto,
465,台基厂大街,401,280,374,1,"LINESTRING (116.405454 39.901116, 116.405458 39.89987)",1,138.55,tertiary,5,,,,auto,
466,正义路,402,376,377,1,"LINESTRING (116.400492 39.899697, 116.40049 39.899657)",1,4.45,tertiary,5,,,,auto,
467,前门东大街,403,378,379,1,"LINESTRING (116.397529 39.899354, 116.396777 39.899327)",1,64.22,primary,3,,,,auto,
468,前门东大街,405,380,106,1,"LINESTRING (116.39581 39.899145, 116.396347 39.899204)",1,46.28,primary,3,,,,auto,
469,前门东大街,406,381,382,1,"LINESTRING (116.396476 39.899309, 116.39601 39.899256)",1,40.19,primary,3,,,,auto,
470,前门东大街,407,383,384,1,"LINESTRING (116.395641 39.899208, 116.395229 39.899152)",1,35.69,primary,3,,,,auto,
471,兵部洼胡同,416,385,386,1,"LINESTRING (116.381797 39.899825, 116.38177 39.900248)",1,47.09,tertiary,5,,,,auto,
472,兵部洼胡同,416,386,385,1,"LINESTRING (116.38177 39.900248, 116.381797 39.899825)",1,47.09,tertiary,5,,,,auto,
473,兵部洼胡同,417,385,387,1,"LINESTRING (116.381797 39.899825, 116.381836 39.899083)",1,82.57,tertiary,5,,,,auto,
474,兵部洼胡同,417,387,385,1,"LINESTRING (116.381836 39.899083, 116.381797 39.899825)",1,82.57,tertiary,5,,,,auto,
475,兵部洼胡同,418,386,388,1,"LINESTRING (116.38177 39.900248, 116.381751 39.900553)",1,33.95,tertiary,5,,,,auto,
476,兵部洼胡同,418,388,386,1,"LINESTRING (116.381751 39.900553, 116.38177 39.900248)",1,33.95,tertiary,5,,,,auto,
477,兵部洼胡同,419,386,385,1,"LINESTRING (116.38177 39.900248, 116.381797 39.899825)",1,47.09,tertiary,5,,,,auto,
478,兵部洼胡同,419,385,386,1,"LINESTRING (116.381797 39.899825, 116.38177 39.900248)",1,47.09,tertiary,5,,,,auto,
479,廊房头条,426,389,390,1,"LINESTRING (116.388179 39.895888, 116.389296 39.895993)",1,96.00,residential,6,,,,auto,
480,廊房头条,426,390,389,1,"LINESTRING (116.389296 39.895993, 116.388179 39.895888)",1,96.00,residential,6,,,,auto,
481,煤市街,427,389,391,1,"LINESTRING (116.388179 39.895888, 116.388212 39.896037)",1,16.81,secondary,4,,,,auto,
482,煤市街,427,391,389,1,"LINESTRING (116.388212 39.896037, 116.388179 39.895888)",1,16.81,secondary,4,,,,auto,
483,前门东路,441,306,392,1,"LINESTRING (116.394262 39.897012, 116.394202 39.897106)",1,11.64,secondary,4,,,,auto,
484,球宝市街,472,393,394,1,"LINESTRING (116.391436 39.895728, 116.391381 39.896176)",1,50.04,residential,6,,,,auto,
485,球宝市街,472,394,393,1,"LINESTRING (116.391381 39.896176, 116.391436 39.895728)",1,50.04,residential,6,,,,auto,
486,西兴隆街,494,395,396,1,"LINESTRING (116.398919 39.895784, 116.39917 39.895813)",1,21.65,tertiary,5,,,,auto,
487,西兴隆街,494,396,395,1,"LINESTRING (116.39917 39.895813, 116.398919 39.895784)",1,21.65,tertiary,5,,,,auto,
488,鲜鱼口街,495,395,330,1,"LINESTRING (116.398919 39.895784, 116.398532 39.895737)",1,33.43,tertiary,5,,,,auto,
489,鲜鱼口街,495,330,395,1,"LINESTRING (116.398532 39.895737, 116.398919 39.895784)",1,33.43,tertiary,5,,,,auto,
490,西兴隆街,496,321,319,1,"LINESTRING (116.402515 39.895894, 116.402371 39.895906)",1,12.36,tertiary,5,,2,,auto,
491,西兴隆街,496,319,321,1,"LINESTRING (116.402371 39.895906, 116.402515 39.895894)",1,12.36,tertiary,5,,2,,auto,
492,西兴隆街,497,321,397,1,"LINESTRING (116.402515 39.895894, 116.402789 39.895892)",1,23.38,tertiary,5,,2,,auto,
493,西兴隆街,497,397,321,1,"LINESTRING (116.402789 39.895892, 116.402515 39.895894)",1,23.38,tertiary,5,,2,,auto,
494,西兴隆街,498,320,398,1,"LINESTRING (116.402099 39.895926, 116.401685 39.895962)",1,35.54,tertiary,5,,2,,auto,
495,西兴隆街,498,398,320,1,"LINESTRING (116.401685 39.895962, 116.402099 39.895926)",1,35.54,tertiary,5,,2,,auto,
496,西兴隆街,499,320,319,1,"LINESTRING (116.402099 39.895926, 116.402371 39.895906)",1,23.31,tertiary,5,,2,,auto,
497,西兴隆街,499,319,320,1,"LINESTRING (116.402371 39.895906, 116.402099 39.895926)",1,23.31,tertiary,5,,2,,auto,
498,西兴隆街,500,398,399,1,"LINESTRING (116.401685 39.895962, 116.401396 39.895978)",1,24.72,tertiary,5,,2,,auto,
499,西兴隆街,500,399,398,1,"LINESTRING (116.401396 39.895978, 116.401685 39.895962)",1,24.72,tertiary,5,,2,,auto,
500,西兴隆街,501,398,320,1,"LINESTRING (116.401685 39.895962, 116.402099 39.895926)",1,35.54,tertiary,5,,2,,auto,
501,西兴隆街,501,320,398,1,"LINESTRING (116.402099 39.895926, 116.401685 39.895962)",1,35.54,tertiary,5,,2,,auto,
502,西兴隆街,510,396,395,1,"LINESTRING (116.39917 39.895813, 116.398919 39.895784)",1,21.65,tertiary,5,,,,auto,
503,西兴隆街,510,395,396,1,"LINESTRING (116.398919 39.895784, 116.39917 39.895813)",1,21.65,tertiary,5,,,,auto,
504,西兴隆街,511,396,327,1,"LINESTRING (116.39917 39.895813, 116.399793 39.895889)",1,53.82,tertiary,5,,,,auto,
505,西兴隆街,511,327,396,1,"LINESTRING (116.399793 39.895889, 116.39917 39.895813)",1,53.82,tertiary,5,,,,auto,
506,西兴隆街,514,317,400,1,"LINESTRING (116.405 39.8959, 116.403549 39.895942)",1,123.87,tertiary,5,,2,,auto,
507,西兴隆街,514,400,317,1,"LINESTRING (116.403549 39.895942, 116.405 39.8959)",1,123.87,tertiary,5,,2,,auto,
508,西兴隆街,515,317,316,1,"LINESTRING (116.405 39.8959, 116.405719 39.895894)",1,61.34,tertiary,5,,2,,auto,
509,西兴隆街,515,316,317,1,"LINESTRING (116.405719 39.895894, 116.405 39.8959)",1,61.34,tertiary,5,,2,,auto,
510,东四南大街,517,195,89,1,"LINESTRING (116.411368 39.919751, 116.411366 39.919848)",1,10.79,primary,3,,,,auto,
511,东四南大街,517,89,195,1,"LINESTRING (116.411366 39.919848, 116.411368 39.919751)",1,10.79,primary,3,,,,auto,
512,东四南大街,518,195,194,1,"LINESTRING (116.411368 39.919751, 116.411386 39.919117)",1,70.51,primary,3,,,,auto,
513,东四南大街,518,194,195,1,"LINESTRING (116.411386 39.919117, 116.411368 39.919751)",1,70.51,primary,3,,,,auto,
514,东厂胡同,522,401,402,1,"LINESTRING (116.40063 39.920862, 116.401157 39.920861)",1,44.94,residential,6,,,,auto,
515,东厂胡同,522,402,401,1,"LINESTRING (116.401157 39.920861, 116.40063 39.920862)",1,44.94,residential,6,,,,auto,
516,东黄城根南街,523,401,403,1,"LINESTRING (116.40063 39.920862, 116.400575 39.922165)",1,144.96,unclassified,20,,,,auto,
517,灯市口西街,524,209,404,1,"LINESTRING (116.402316 39.917036, 116.402684 39.917043)",1,31.39,tertiary,5,,,,auto,
518,灯市口西街,524,404,209,1,"LINESTRING (116.402684 39.917043, 116.402316 39.917036)",1,31.39,tertiary,5,,,,auto,
519,灯市口西街,525,209,208,1,"LINESTRING (116.402316 39.917036, 116.400801 39.916966)",1,129.44,tertiary,5,,,,auto,
520,灯市口西街,525,208,209,1,"LINESTRING (116.400801 39.916966, 116.402316 39.917036)",1,129.44,tertiary,5,,,,auto,
521,大草厂胡同,528,405,406,1,"LINESTRING (116.402212 39.918652, 116.401929 39.918646)",1,24.14,residential,6,,,,auto,
522,大草厂胡同,528,406,405,1,"LINESTRING (116.401929 39.918646, 116.402212 39.918652)",1,24.14,residential,6,,,,auto,
523,大草厂胡同,529,405,407,1,"LINESTRING (116.402212 39.918652, 116.402581 39.918661)",1,31.48,residential,6,,,,auto,
524,大草厂胡同,529,407,405,1,"LINESTRING (116.402581 39.918661, 116.402212 39.918652)",1,31.48,residential,6,,,,auto,
525,灯市口西街,531,404,408,1,"LINESTRING (116.402684 39.917043, 116.402856 39.917049)",1,14.68,tertiary,5,,,,auto,
526,灯市口西街,531,408,404,1,"LINESTRING (116.402856 39.917049, 116.402684 39.917043)",1,14.68,tertiary,5,,,,auto,
527,灯市口西街,532,404,209,1,"LINESTRING (116.402684 39.917043, 116.402316 39.917036)",1,31.39,tertiary,5,,,,auto,
528,灯市口西街,532,209,404,1,"LINESTRING (116.402316 39.917036, 116.402684 39.917043)",1,31.39,tertiary,5,,,,auto,
529,富强胡同,533,404,409,1,"LINESTRING (116.402684 39.917043, 116.402581 39.918207)",1,129.73,residential,6,,,,auto,
530,富强胡同,533,409,404,1,"LINESTRING (116.402581 39.918207, 116.402684 39.917043)",1,129.73,residential,6,,,,auto,
531,富强胡同,534,409,407,1,"LINESTRING (116.402581 39.918207, 116.402581 39.918661)",1,50.48,residential,6,,,,auto,
532,富强胡同,534,407,409,1,"LINESTRING (116.402581 39.918661, 116.402581 39.918207)",1,50.48,residential,6,,,,auto,
533,富强胡同,535,409,404,1,"LINESTRING (116.402581 39.918207, 116.402684 39.917043)",1,129.73,residential,6,,,,auto,
534,富强胡同,535,404,409,1,"LINESTRING (116.402684 39.917043, 116.402581 39.918207)",1,129.73,residential,6,,,,auto,
535,富强胡同,536,407,410,1,"LINESTRING (116.402581 39.918661, 116.402581 39.91876)",1,11.01,residential,6,,,,auto,
536,富强胡同,536,410,407,1,"LINESTRING (116.402581 39.91876, 116.402581 39.918661)",1,11.01,residential,6,,,,auto,
537,富强胡同,537,407,409,1,"LINESTRING (116.402581 39.918661, 116.402581 39.918207)",1,50.48,residential,6,,,,auto,
538,富强胡同,537,409,407,1,"LINESTRING (116.402581 39.918207, 116.402581 39.918661)",1,50.48,residential,6,,,,auto,
539,大草厂胡同,538,407,405,1,"LINESTRING (116.402581 39.918661, 116.402212 39.918652)",1,31.48,residential,6,,,,auto,
540,大草厂胡同,538,405,407,1,"LINESTRING (116.402212 39.918652, 116.402581 39.918661)",1,31.48,residential,6,,,,auto,
541,富强胡同,539,410,411,1,"LINESTRING (116.402581 39.91876, 116.402582 39.919141)",1,42.37,residential,6,,,,auto,
542,富强胡同,539,411,410,1,"LINESTRING (116.402582 39.919141, 116.402581 39.91876)",1,42.37,residential,6,,,,auto,
543,富强胡同,540,410,407,1,"LINESTRING (116.402581 39.91876, 116.402581 39.918661)",1,11.01,residential,6,,,,auto,
544,富强胡同,540,407,410,1,"LINESTRING (116.402581 39.918661, 116.402581 39.91876)",1,11.01,residential,6,,,,auto,
545,富强胡同,541,411,412,1,"LINESTRING (116.402582 39.919141, 116.402577 39.919419)",1,30.92,residential,6,,,,auto,
546,富强胡同,541,412,411,1,"LINESTRING (116.402577 39.919419, 116.402582 39.919141)",1,30.92,residential,6,,,,auto,
547,富强胡同,542,411,410,1,"LINESTRING (116.402582 39.919141, 116.402581 39.91876)",1,42.37,residential,6,,,,auto,
548,富强胡同,542,410,411,1,"LINESTRING (116.402581 39.91876, 116.402582 39.919141)",1,42.37,residential,6,,,,auto,
549,富强胡同,543,413,414,1,"LINESTRING (116.402586 39.919735, 116.402573 39.92002)",1,31.71,residential,6,,,,auto,
550,富强胡同,543,414,413,1,"LINESTRING (116.402573 39.92002, 116.402586 39.919735)",1,31.71,residential,6,,,,auto,
551,富强胡同,544,413,412,1,"LINESTRING (116.402586 39.919735, 116.402577 39.919419)",1,35.15,residential,6,,,,auto,
552,富强胡同,544,412,413,1,"LINESTRING (116.402577 39.919419, 116.402586 39.919735)",1,35.15,residential,6,,,,auto,
553,富强胡同,545,415,416,1,"LINESTRING (116.402529 39.920266, 116.402746 39.920321)",1,19.49,residential,6,,,,auto,
554,富强胡同,545,416,415,1,"LINESTRING (116.402746 39.920321, 116.402529 39.920266)",1,19.49,residential,6,,,,auto,
555,富强胡同,546,415,414,1,"LINESTRING (116.402529 39.920266, 116.402573 39.92002)",1,27.61,residential,6,,,,auto,
556,富强胡同,546,414,415,1,"LINESTRING (116.402573 39.92002, 116.402529 39.920266)",1,27.61,residential,6,,,,auto,
557,富强胡同,547,416,417,1,"LINESTRING (116.402746 39.920321, 116.402726 39.920852)",1,59.07,residential,6,,,,auto,
558,富强胡同,547,417,416,1,"LINESTRING (116.402726 39.920852, 116.402746 39.920321)",1,59.07,residential,6,,,,auto,
559,富强胡同,548,416,415,1,"LINESTRING (116.402746 39.920321, 116.402529 39.920266)",1,19.49,residential,6,,,,auto,
560,富强胡同,548,415,416,1,"LINESTRING (116.402529 39.920266, 116.402746 39.920321)",1,19.49,residential,6,,,,auto,
561,东厂胡同,549,417,418,1,"LINESTRING (116.402726 39.920852, 116.404626 39.920877)",1,162.05,residential,6,,,,auto,
562,东厂胡同,549,418,417,1,"LINESTRING (116.404626 39.920877, 116.402726 39.920852)",1,162.05,residential,6,,,,auto,
563,东厂胡同,550,417,419,1,"LINESTRING (116.402726 39.920852, 116.40196 39.920866)",1,65.34,residential,6,,,,auto,
564,东厂胡同,550,419,417,1,"LINESTRING (116.40196 39.920866, 116.402726 39.920852)",1,65.34,residential,6,,,,auto,
565,富强胡同,551,417,416,1,"LINESTRING (116.402726 39.920852, 116.402746 39.920321)",1,59.07,residential,6,,,,auto,
566,富强胡同,551,416,417,1,"LINESTRING (116.402746 39.920321, 116.402726 39.920852)",1,59.07,residential,6,,,,auto,
567,大草厂胡同,552,211,420,1,"LINESTRING (116.400729 39.918618, 116.401139 39.918627)",1,34.98,residential,6,,,,auto,
568,大草厂胡同,552,420,211,1,"LINESTRING (116.401139 39.918627, 116.400729 39.918618)",1,34.98,residential,6,,,,auto,
569,东黄城根南街,553,211,421,1,"LINESTRING (116.400729 39.918618, 116.400728 39.918631)",1,1.45,unclassified,20,,,,auto,
570,大草厂胡同,555,406,422,1,"LINESTRING (116.401929 39.918646, 116.40138 39.918632)",1,46.85,residential,6,,,,auto,
571,大草厂胡同,555,422,406,1,"LINESTRING (116.40138 39.918632, 116.401929 39.918646)",1,46.85,residential,6,,,,auto,
572,大草厂胡同,556,406,405,1,"LINESTRING (116.401929 39.918646, 116.402212 39.918652)",1,24.14,residential,6,,,,auto,
573,大草厂胡同,556,405,406,1,"LINESTRING (116.402212 39.918652, 116.401929 39.918646)",1,24.14,residential,6,,,,auto,
574,小草厂胡同,562,422,423,1,"LINESTRING (116.40138 39.918632, 116.401293 39.920339)",1,189.95,residential,6,,,,auto,
575,小草厂胡同,562,423,422,1,"LINESTRING (116.401293 39.920339, 116.40138 39.918632)",1,189.95,residential,6,,,,auto,
576,大草厂胡同,563,422,420,1,"LINESTRING (116.40138 39.918632, 116.401139 39.918627)",1,20.56,residential,6,,,,auto,
577,大草厂胡同,563,420,422,1,"LINESTRING (116.401139 39.918627, 116.40138 39.918632)",1,20.56,residential,6,,,,auto,
578,大草厂胡同,564,422,406,1,"LINESTRING (116.40138 39.918632, 116.401929 39.918646)",1,46.85,residential,6,,,,auto,
579,大草厂胡同,564,406,422,1,"LINESTRING (116.401929 39.918646, 116.40138 39.918632)",1,46.85,residential,6,,,,auto,
580,小草厂胡同,565,423,422,1,"LINESTRING (116.401293 39.920339, 116.40138 39.918632)",1,189.95,residential,6,,,,auto,
581,小草厂胡同,565,422,423,1,"LINESTRING (116.40138 39.918632, 116.401293 39.920339)",1,189.95,residential,6,,,,auto,
582,大草厂胡同,567,420,211,1,"LINESTRING (116.401139 39.918627, 116.400729 39.918618)",1,34.98,residential,6,,,,auto,
583,大草厂胡同,567,211,420,1,"LINESTRING (116.400729 39.918618, 116.401139 39.918627)",1,34.98,residential,6,,,,auto,
584,大草厂胡同,568,420,422,1,"LINESTRING (116.401139 39.918627, 116.40138 39.918632)",1,20.56,residential,6,,,,auto,
585,大草厂胡同,568,422,420,1,"LINESTRING (116.40138 39.918632, 116.401139 39.918627)",1,20.56,residential,6,,,,auto,
586,大鹁鸽胡同,582,424,425,1,"LINESTRING (116.407106 39.918921, 116.405671 39.91892)",1,122.38,residential,6,,,,auto,
587,大鹁鸽胡同,582,425,424,1,"LINESTRING (116.405671 39.91892, 116.407106 39.918921)",1,122.38,residential,6,,,,auto,
588,,583,424,426,1,"LINESTRING (116.407106 39.918921, 116.407096 39.919096)",1,19.48,residential,6,,,,auto,
589,廊房头条,590,427,428,1,"LINESTRING (116.389664 39.896026, 116.389709 39.896032)",1,3.90,residential,6,,,,auto,
590,廊房头条,590,428,427,1,"LINESTRING (116.389709 39.896032, 116.389664 39.896026)",1,3.90,residential,6,,,,auto,
591,廊房头条,591,427,429,1,"LINESTRING (116.389664 39.896026, 116.389566 39.896017)",1,8.42,residential,6,,,,auto,
592,廊房头条,591,429,427,1,"LINESTRING (116.389566 39.896017, 116.389664 39.896026)",1,8.42,residential,6,,,,auto,
593,廊房头条,592,394,430,1,"LINESTRING (116.391381 39.896176, 116.390649 39.896113)",1,62.84,residential,6,,,,auto,
594,廊房头条,592,430,394,1,"LINESTRING (116.390649 39.896113, 116.391381 39.896176)",1,62.84,residential,6,,,,auto,
595,球宝市街,593,394,431,1,"LINESTRING (116.391381 39.896176, 116.391328 39.896989)",1,90.51,residential,6,,,,auto,
596,球宝市街,593,431,394,1,"LINESTRING (116.391328 39.896989, 116.391381 39.896176)",1,90.51,residential,6,,,,auto,
597,球宝市街,594,394,393,1,"LINESTRING (116.391381 39.896176, 116.391436 39.895728)",1,50.04,residential,6,,,,auto,
598,球宝市街,594,393,394,1,"LINESTRING (116.391436 39.895728, 116.391381 39.896176)",1,50.04,residential,6,,,,auto,
599,球宝市街,597,431,394,1,"LINESTRING (116.391328 39.896989, 116.391381 39.896176)",1,90.51,residential,6,,,,auto,
600,球宝市街,597,394,431,1,"LINESTRING (116.391381 39.896176, 116.391328 39.896989)",1,90.51,residential,6,,,,auto,
601,红井胡同,609,432,433,1,"LINESTRING (116.385402 39.901448, 116.385276 39.901444)",1,10.76,tertiary,5,,,,auto,
602,红井胡同,609,433,432,1,"LINESTRING (116.385276 39.901444, 116.385402 39.901448)",1,10.76,tertiary,5,,,,auto,
603,人大会堂西路,610,432,434,1,"LINESTRING (116.385402 39.901448, 116.385413 39.901215)",1,25.93,tertiary,5,,,,auto,
604,人大会堂西路,610,434,432,1,"LINESTRING (116.385413 39.901215, 116.385402 39.901448)",1,25.93,tertiary,5,,,,auto,
605,人大会堂西路,611,432,435,1,"LINESTRING (116.385402 39.901448, 116.385392 39.901731)",1,31.48,tertiary,5,,,,auto,
606,人大会堂西路,611,435,432,1,"LINESTRING (116.385392 39.901731, 116.385402 39.901448)",1,31.48,tertiary,5,,,,auto,
607,兵部洼胡同,612,436,437,1,"LINESTRING (116.381636 39.901332, 116.381628 39.90138)",1,5.38,tertiary,5,,,,auto,
608,兵部洼胡同,612,437,436,1,"LINESTRING (116.381628 39.90138, 116.381636 39.901332)",1,5.38,tertiary,5,,,,auto,
609,兵部洼胡同,613,436,438,1,"LINESTRING (116.381636 39.901332, 116.381643 39.901286)",1,5.15,tertiary,5,,,,auto,
610,兵部洼胡同,613,438,436,1,"LINESTRING (116.381643 39.901286, 116.381636 39.901332)",1,5.15,tertiary,5,,,,auto,
611,红井胡同,614,436,439,1,"LINESTRING (116.381636 39.901332, 116.381812 39.901337)",1,15.02,tertiary,5,,,,auto,
612,红井胡同,614,439,436,1,"LINESTRING (116.381812 39.901337, 116.381636 39.901332)",1,15.02,tertiary,5,,,,auto,
613,前门西大街,619,440,441,1,"LINESTRING (116.382236 39.899005, 116.382004 39.899002)",1,19.79,tertiary,5,,,,auto,
614,西交民巷,620,442,443,1,"LINESTRING (116.382692 39.900648, 116.382901 39.900621)",1,18.08,tertiary,5,,,,auto,
615,平安胡同,621,442,444,1,"LINESTRING (116.382692 39.900648, 116.382783 39.90132)",1,75.13,residential,6,,,,auto,
616,平安胡同,621,444,442,1,"LINESTRING (116.382783 39.90132, 116.382692 39.900648)",1,75.13,residential,6,,,,auto,
617,红井胡同,622,445,446,1,"LINESTRING (116.382786 39.90137, 116.382254 39.901352)",1,45.43,tertiary,5,,,,auto,
618,红井胡同,622,446,445,1,"LINESTRING (116.382254 39.901352, 116.382786 39.90137)",1,45.43,tertiary,5,,,,auto,
619,红井胡同,623,445,447,1,"LINESTRING (116.382786 39.90137, 116.385034 39.901436)",1,191.90,tertiary,5,,,,auto,
620,红井胡同,623,447,445,1,"LINESTRING (116.385034 39.901436, 116.382786 39.90137)",1,191.90,tertiary,5,,,,auto,
621,平安胡同,624,445,444,1,"LINESTRING (116.382786 39.90137, 116.382783 39.90132)",1,5.57,residential,6,,,,auto,
622,平安胡同,624,444,445,1,"LINESTRING (116.382783 39.90132, 116.382786 39.90137)",1,5.57,residential,6,,,,auto,
623,石碑胡同,629,448,366,1,"LINESTRING (116.38197 39.905122, 116.381995 39.905629)",1,56.42,tertiary,5,,,,auto,
624,石碑胡同,629,366,448,1,"LINESTRING (116.381995 39.905629, 116.38197 39.905122)",1,56.42,tertiary,5,,,,auto,
625,石碑胡同,630,448,449,1,"LINESTRING (116.38197 39.905122, 116.381967 39.905087)",1,3.90,tertiary,5,,,,auto,
626,石碑胡同,630,449,448,1,"LINESTRING (116.381967 39.905087, 116.38197 39.905122)",1,3.90,tertiary,5,,,,auto,
627,西交民巷,633,450,451,1,"LINESTRING (116.385443 39.900399, 116.38554 39.900399)",1,8.27,tertiary,5,,,,auto,
628,人大会堂西路,634,450,452,1,"LINESTRING (116.385443 39.900399, 116.385453 39.900329)",1,7.83,tertiary,5,,,,auto,
629,人大会堂西路,634,452,450,1,"LINESTRING (116.385453 39.900329, 116.385443 39.900399)",1,7.83,tertiary,5,,,,auto,
630,人大会堂西路,635,450,453,1,"LINESTRING (116.385443 39.900399, 116.385422 39.900935)",1,59.63,tertiary,5,,,,auto,
631,人大会堂西路,635,453,450,1,"LINESTRING (116.385422 39.900935, 116.385443 39.900399)",1,59.63,tertiary,5,,,,auto,
632,广场西侧路,636,454,455,1,"LINESTRING (116.3897 39.900526, 116.3898 39.898991)",1,170.90,secondary,4,,,,auto,
633,后沟胡同,637,169,456,1,"LINESTRING (116.413255 39.899962, 116.413523 39.900755)",1,91.09,residential,6,,,,auto,
634,后沟胡同,637,456,169,1,"LINESTRING (116.413523 39.900755, 116.413255 39.899962)",1,91.09,residential,6,,,,auto,
635,北京站西街,638,169,166,1,"LINESTRING (116.413255 39.899962, 116.412587 39.899881)",1,57.69,secondary,4,,,,auto,
636,后沟胡同,639,456,457,1,"LINESTRING (116.413523 39.900755, 116.413629 39.901174)",1,47.46,residential,6,,,,auto,
637,后沟胡同,639,457,456,1,"LINESTRING (116.413629 39.901174, 116.413523 39.900755)",1,47.46,residential,6,,,,auto,
638,后沟胡同,640,456,169,1,"LINESTRING (116.413523 39.900755, 116.413255 39.899962)",1,91.09,residential,6,,,,auto,
639,后沟胡同,640,169,456,1,"LINESTRING (116.413255 39.899962, 116.413523 39.900755)",1,91.09,residential,6,,,,auto,
640,后沟胡同,641,457,458,1,"LINESTRING (116.413629 39.901174, 116.414187 39.902134)",1,116.88,residential,6,,,,auto,
641,后沟胡同,641,458,457,1,"LINESTRING (116.414187 39.902134, 116.413629 39.901174)",1,116.88,residential,6,,,,auto,
642,后沟胡同,642,457,456,1,"LINESTRING (116.413629 39.901174, 116.413523 39.900755)",1,47.46,residential,6,,,,auto,
643,后沟胡同,642,456,457,1,"LINESTRING (116.413523 39.900755, 116.413629 39.901174)",1,47.46,residential,6,,,,auto,
644,后沟胡同,643,458,457,1,"LINESTRING (116.414187 39.902134, 116.413629 39.901174)",1,116.88,residential,6,,,,auto,
645,后沟胡同,643,457,458,1,"LINESTRING (116.413629 39.901174, 116.414187 39.902134)",1,116.88,residential,6,,,,auto,
646,船板胡同,644,458,459,1,"LINESTRING (116.414187 39.902134, 116.413724 39.902308)",1,43.98,residential,6,,,,auto,
647,船板胡同,644,459,458,1,"LINESTRING (116.413724 39.902308, 116.414187 39.902134)",1,43.98,residential,6,,,,auto,
648,船板胡同,645,458,460,1,"LINESTRING (116.414187 39.902134, 116.414385 39.902046)",1,19.52,residential,6,,,,auto,
649,船板胡同,645,460,458,1,"LINESTRING (116.414385 39.902046, 116.414187 39.902134)",1,19.52,residential,6,,,,auto,
650,南八宝胡同,646,458,461,1,"LINESTRING (116.414187 39.902134, 116.414165 39.902852)",1,79.86,residential,6,,,,auto,
651,南八宝胡同,646,461,458,1,"LINESTRING (116.414165 39.902852, 116.414187 39.902134)",1,79.86,residential,6,,,,auto,
652,东四南大街,647,81,80,1,"LINESTRING (116.411452 39.916972, 116.411427 39.917409)",1,48.64,primary,3,,,,auto,
653,东四南大街,647,80,81,1,"LINESTRING (116.411427 39.917409, 116.411452 39.916972)",1,48.64,primary,3,,,,auto,
654,东四南大街,648,81,462,1,"LINESTRING (116.411452 39.916972, 116.411454 39.916934)",1,4.23,primary,3,,,,auto,
655,东四南大街,648,462,81,1,"LINESTRING (116.411454 39.916934, 116.411452 39.916972)",1,4.23,primary,3,,,,auto,
656,东黄城根南街,661,421,401,1,"LINESTRING (116.400728 39.918631, 116.40063 39.920862)",1,248.22,unclassified,20,,,,auto,
657,银闸胡同,1052,463,464,1,"LINESTRING (116.400103 39.920979, 116.400024 39.920976)",1,6.75,residential,6,,,,auto,
658,银闸胡同,1052,464,463,1,"LINESTRING (116.400024 39.920976, 116.400103 39.920979)",1,6.75,residential,6,,,,auto,
659,北河沿大街,1053,463,465,1,"LINESTRING (116.400103 39.920979, 116.400098 39.921181)",1,22.47,secondary,4,,,,auto,
660,北河沿大街,1053,465,463,1,"LINESTRING (116.400098 39.921181, 116.400103 39.920979)",1,22.47,secondary,4,,,,auto,
661,北河沿大街,1054,463,466,1,"LINESTRING (116.400103 39.920979, 116.400182 39.918492)",1,276.62,secondary,4,,,,auto,
662,北河沿大街,1054,466,463,1,"LINESTRING (116.400182 39.918492, 116.400103 39.920979)",1,276.62,secondary,4,,,,auto,
663,银闸胡同,1055,467,468,1,"LINESTRING (116.397923 39.920913, 116.397909 39.921628)",1,79.51,residential,6,,,,auto,
664,银闸胡同,1055,468,467,1,"LINESTRING (116.397909 39.921628, 116.397923 39.920913)",1,79.51,residential,6,,,,auto,
665,银闸胡同,1056,467,469,1,"LINESTRING (116.397923 39.920913, 116.398587 39.920934)",1,56.67,residential,6,,,,auto,
666,银闸胡同,1056,469,467,1,"LINESTRING (116.398587 39.920934, 116.397923 39.920913)",1,56.67,residential,6,,,,auto,
667,银闸胡同,1057,468,470,1,"LINESTRING (116.397909 39.921628, 116.39787 39.92191)",1,31.53,residential,6,,,,auto,
668,银闸胡同,1057,470,468,1,"LINESTRING (116.39787 39.92191, 116.397909 39.921628)",1,31.53,residential,6,,,,auto,
669,银闸胡同,1058,468,467,1,"LINESTRING (116.397909 39.921628, 116.397923 39.920913)",1,79.51,residential,6,,,,auto,
670,银闸胡同,1058,467,468,1,"LINESTRING (116.397923 39.920913, 116.397909 39.921628)",1,79.51,residential,6,,,,auto,
671,银闸胡同,1059,471,472,1,"LINESTRING (116.397816 39.922299, 116.397506 39.922305)",1,26.44,residential,6,,,,auto,
672,银闸胡同,1059,472,471,1,"LINESTRING (116.397506 39.922305, 116.397816 39.922299)",1,26.44,residential,6,,,,auto,
673,银闸胡同,1060,471,470,1,"LINESTRING (116.397816 39.922299, 116.39787 39.92191)",1,43.50,residential,6,,,,auto,
674,银闸胡同,1060,470,471,1,"LINESTRING (116.39787 39.92191, 116.397816 39.922299)",1,43.50,residential,6,,,,auto,
675,银闸胡同,1061,472,473,1,"LINESTRING (116.397506 39.922305, 116.397461 39.922615)",1,34.68,residential,6,,,,auto,
676,银闸胡同,1061,473,472,1,"LINESTRING (116.397461 39.922615, 116.397506 39.922305)",1,34.68,residential,6,,,,auto,
677,银闸胡同,1062,472,471,1,"LINESTRING (116.397506 39.922305, 116.397816 39.922299)",1,26.44,residential,6,,,,auto,
678,银闸胡同,1062,471,472,1,"LINESTRING (116.397816 39.922299, 116.397506 39.922305)",1,26.44,residential,6,,,,auto,
679,银闸胡同,1063,469,467,1,"LINESTRING (116.398587 39.920934, 116.397923 39.920913)",1,56.67,residential,6,,,,auto,
680,银闸胡同,1063,467,469,1,"LINESTRING (116.397923 39.920913, 116.398587 39.920934)",1,56.67,residential,6,,,,auto,
681,银闸胡同,1064,469,464,1,"LINESTRING (116.398587 39.920934, 116.400024 39.920976)",1,122.63,residential,6,,,,auto,
682,银闸胡同,1064,464,469,1,"LINESTRING (116.400024 39.920976, 116.398587 39.920934)",1,122.63,residential,6,,,,auto,
683,骑河楼北巷,1065,469,474,1,"LINESTRING (116.398587 39.920934, 116.398757 39.918463)",1,275.14,residential,6,,,,auto,
684,骑河楼北巷,1065,474,469,1,"LINESTRING (116.398757 39.918463, 116.398587 39.920934)",1,275.14,residential,6,,,,auto,
685,北池子大街,1066,475,476,1,"LINESTRING (116.396505 39.918399, 116.396428 39.91952)",1,124.82,tertiary,5,,1,,auto,
686,北池子大街,1066,476,475,1,"LINESTRING (116.396428 39.91952, 116.396505 39.918399)",1,124.82,tertiary,5,,1,,auto,
687,北池子大街,1067,475,477,1,"LINESTRING (116.396505 39.918399, 116.396607 39.916554)",1,205.34,tertiary,5,,1,,auto,
688,北池子大街,1067,477,475,1,"LINESTRING (116.396607 39.916554, 116.396505 39.918399)",1,205.34,tertiary,5,,1,,auto,
689,骑河楼街,1068,466,478,1,"LINESTRING (116.400182 39.918492, 116.400096 39.918491)",1,7.34,residential,6,,,,auto,
690,北河沿大街,1069,466,463,1,"LINESTRING (116.400182 39.918492, 116.400103 39.920979)",1,276.62,secondary,4,,,,auto,
691,北河沿大街,1069,463,466,1,"LINESTRING (116.400103 39.920979, 116.400182 39.918492)",1,276.62,secondary,4,,,,auto,
692,北河沿大街,1070,466,479,1,"LINESTRING (116.400182 39.918492, 116.400213 39.917896)",1,66.32,secondary,4,,,,auto,
693,北河沿大街,1070,479,466,1,"LINESTRING (116.400213 39.917896, 116.400182 39.918492)",1,66.32,secondary,4,,,,auto,
694,骑河楼北巷,1071,474,469,1,"LINESTRING (116.398757 39.918463, 116.398587 39.920934)",1,275.14,residential,6,,,,auto,
695,骑河楼北巷,1071,469,474,1,"LINESTRING (116.398587 39.920934, 116.398757 39.918463)",1,275.14,residential,6,,,,auto,
696,骑河楼街,1072,474,480,1,"LINESTRING (116.398757 39.918463, 116.39809 39.918444)",1,56.92,residential,6,,,,auto,
697,北池子大街,1073,476,481,1,"LINESTRING (116.396428 39.91952, 116.396406 39.919921)",1,44.63,tertiary,5,,1,,auto,
698,北池子大街,1073,481,476,1,"LINESTRING (116.396406 39.919921, 116.396428 39.91952)",1,44.63,tertiary,5,,1,,auto,
699,北池子大街,1074,476,475,1,"LINESTRING (116.396428 39.91952, 116.396505 39.918399)",1,124.82,tertiary,5,,1,,auto,
700,北池子大街,1074,475,476,1,"LINESTRING (116.396505 39.918399, 116.396428 39.91952)",1,124.82,tertiary,5,,1,,auto,
701,骑河楼街,1076,482,475,1,"LINESTRING (116.397392 39.918416, 116.396505 39.918399)",1,75.67,residential,6,,,,auto,
702,骑河楼街,1077,483,482,1,"LINESTRING (116.397537 39.918424, 116.397392 39.918416)",1,12.40,residential,6,,,,auto,
703,骑河楼南巷,1078,483,484,1,"LINESTRING (116.397537 39.918424, 116.397557 39.917981)",1,49.29,residential,6,,,,auto,
704,骑河楼南巷,1078,484,483,1,"LINESTRING (116.397557 39.917981, 116.397537 39.918424)",1,49.29,residential,6,,,,auto,
705,骑河楼南巷,1079,68,485,1,"LINESTRING (116.397381 39.913798, 116.397351 39.914282)",1,53.88,residential,6,,,,auto,
706,骑河楼南巷,1079,485,68,1,"LINESTRING (116.397351 39.914282, 116.397381 39.913798)",1,53.88,residential,6,,,,auto,
707,东华门大街,1080,68,65,1,"LINESTRING (116.397381 39.913798, 116.396732 39.91377)",1,55.44,secondary,4,,,,auto,
708,东华门大街,1080,65,68,1,"LINESTRING (116.396732 39.91377, 116.397381 39.913798)",1,55.44,secondary,4,,,,auto,
709,东华门大街,1081,68,486,1,"LINESTRING (116.397381 39.913798, 116.39836 39.913814)",1,83.52,secondary,4,,,,auto,
710,东华门大街,1081,486,68,1,"LINESTRING (116.39836 39.913814, 116.397381 39.913798)",1,83.52,secondary,4,,,,auto,
711,骑河楼南巷,1082,487,488,1,"LINESTRING (116.397564 39.917639, 116.397539 39.917468)",1,19.13,residential,6,,,,auto,
712,骑河楼南巷,1082,488,487,1,"LINESTRING (116.397539 39.917468, 116.397564 39.917639)",1,19.13,residential,6,,,,auto,
713,骑河楼南巷,1083,487,484,1,"LINESTRING (116.397564 39.917639, 116.397557 39.917981)",1,38.03,residential,6,,,,auto,
714,骑河楼南巷,1083,484,487,1,"LINESTRING (116.397557 39.917981, 116.397564 39.917639)",1,38.03,residential,6,,,,auto,
715,骑河楼南巷,1084,489,490,1,"LINESTRING (116.39765 39.916016, 116.39796 39.916011)",1,26.44,residential,6,,,,auto,
716,骑河楼南巷,1084,490,489,1,"LINESTRING (116.39796 39.916011, 116.39765 39.916016)",1,26.44,residential,6,,,,auto,
717,骑河楼南巷,1085,489,491,1,"LINESTRING (116.39765 39.916016, 116.397642 39.916318)",1,33.59,residential,6,,,,auto,
718,骑河楼南巷,1085,491,489,1,"LINESTRING (116.397642 39.916318, 116.39765 39.916016)",1,33.59,residential,6,,,,auto,
719,,1086,489,492,1,"LINESTRING (116.39765 39.916016, 116.39765 39.915745)",1,30.13,residential,6,,,,auto,
720,,1086,492,489,1,"LINESTRING (116.39765 39.915745, 116.39765 39.916016)",1,30.13,residential,6,,,,auto,
721,骑河楼南巷,1087,490,493,1,"LINESTRING (116.39796 39.916011, 116.397994 39.914525)",1,165.26,residential,6,,,,auto,
722,骑河楼南巷,1087,493,490,1,"LINESTRING (116.397994 39.914525, 116.39796 39.916011)",1,165.26,residential,6,,,,auto,
723,骑河楼南巷,1088,490,489,1,"LINESTRING (116.39796 39.916011, 116.39765 39.916016)",1,26.44,residential,6,,,,auto,
724,骑河楼南巷,1088,489,490,1,"LINESTRING (116.39765 39.916016, 116.39796 39.916011)",1,26.44,residential,6,,,,auto,
725,,1089,490,494,1,"LINESTRING (116.39796 39.916011, 116.39812 39.916012)",1,13.65,residential,6,,,,auto,
726,,1089,494,490,1,"LINESTRING (116.39812 39.916012, 116.39796 39.916011)",1,13.65,residential,6,,,,auto,
727,骑河楼南巷,1090,493,495,1,"LINESTRING (116.397994 39.914525, 116.397696 39.91452)",1,25.42,residential,6,,,,auto,
728,骑河楼南巷,1090,495,493,1,"LINESTRING (116.397696 39.91452, 116.397994 39.914525)",1,25.42,residential,6,,,,auto,
729,骑河楼南巷,1091,493,490,1,"LINESTRING (116.397994 39.914525, 116.39796 39.916011)",1,165.26,residential,6,,,,auto,
730,骑河楼南巷,1091,490,493,1,"LINESTRING (116.39796 39.916011, 116.397994 39.914525)",1,165.26,residential,6,,,,auto,
731,骑河楼南巷,1092,495,496,1,"LINESTRING (116.397696 39.91452, 116.397704 39.914409)",1,12.36,residential,6,,,,auto,
732,骑河楼南巷,1092,496,495,1,"LINESTRING (116.397704 39.914409, 116.397696 39.91452)",1,12.36,residential,6,,,,auto,
733,骑河楼南巷,1093,495,493,1,"LINESTRING (116.397696 39.91452, 116.397994 39.914525)",1,25.42,residential,6,,,,auto,
734,骑河楼南巷,1093,493,495,1,"LINESTRING (116.397994 39.914525, 116.397696 39.91452)",1,25.42,residential,6,,,,auto,
735,骑河楼南巷,1094,496,497,1,"LINESTRING (116.397704 39.914409, 116.39731 39.914408)",1,33.60,residential,6,,,,auto,
736,骑河楼南巷,1094,497,496,1,"LINESTRING (116.39731 39.914408, 116.397704 39.914409)",1,33.60,residential,6,,,,auto,
737,骑河楼南巷,1095,496,495,1,"LINESTRING (116.397704 39.914409, 116.397696 39.91452)",1,12.36,residential,6,,,,auto,
738,骑河楼南巷,1095,495,496,1,"LINESTRING (116.397696 39.91452, 116.397704 39.914409)",1,12.36,residential,6,,,,auto,
739,骑河楼南巷,1096,497,498,1,"LINESTRING (116.39731 39.914408, 116.397332 39.914301)",1,12.04,residential,6,,,,auto,
740,骑河楼南巷,1096,498,497,1,"LINESTRING (116.397332 39.914301, 116.39731 39.914408)",1,12.04,residential,6,,,,auto,
741,骑河楼南巷,1097,497,496,1,"LINESTRING (116.39731 39.914408, 116.397704 39.914409)",1,33.60,residential,6,,,,auto,
742,骑河楼南巷,1097,496,497,1,"LINESTRING (116.397704 39.914409, 116.39731 39.914408)",1,33.60,residential,6,,,,auto,
743,南河沿大街,1101,499,500,1,"LINESTRING (116.400507 39.908388, 116.400515 39.908523)",1,15.03,secondary,4,,,,auto,
744,南河沿大街,1101,500,499,1,"LINESTRING (116.400515 39.908523, 116.400507 39.908388)",1,15.03,secondary,4,,,,auto,
745,南河沿大街,1102,499,501,1,"LINESTRING (116.400507 39.908388, 116.400504 39.908211)",1,19.68,secondary,4,,,,auto,
746,南河沿大街,1102,501,499,1,"LINESTRING (116.400504 39.908211, 116.400507 39.908388)",1,19.68,secondary,4,,,,auto,
747,霞公府街,1103,502,503,1,"LINESTRING (116.401719 39.907901, 116.402664 39.907916)",1,80.62,residential,6,,,,auto,
748,霞公府街,1103,503,502,1,"LINESTRING (116.402664 39.907916, 116.401719 39.907901)",1,80.62,residential,6,,,,auto,
749,霞公府街,1104,502,504,1,"LINESTRING (116.401719 39.907901, 116.401656 39.907907)",1,5.41,residential,6,,,,auto,
750,霞公府街,1104,504,502,1,"LINESTRING (116.401656 39.907907, 116.401719 39.907901)",1,5.41,residential,6,,,,auto,
751,晨光街,1105,505,506,1,"LINESTRING (116.401136 39.908219, 116.401122 39.908297)",1,8.76,residential,6,,,,auto,
752,晨光街,1105,506,505,1,"LINESTRING (116.401122 39.908297, 116.401136 39.908219)",1,8.76,residential,6,,,,auto,
753,霞公府街,1106,505,507,1,"LINESTRING (116.401136 39.908219, 116.401524 39.907944)",1,45.06,residential,6,,,,auto,
754,霞公府街,1106,507,505,1,"LINESTRING (116.401524 39.907944, 116.401136 39.908219)",1,45.06,residential,6,,,,auto,
755,霞公府街,1107,505,501,1,"LINESTRING (116.401136 39.908219, 116.400504 39.908211)",1,53.91,residential,6,,,,auto,
756,霞公府街,1107,501,505,1,"LINESTRING (116.400504 39.908211, 116.401136 39.908219)",1,53.91,residential,6,,,,auto,
757,霞公府街,1108,501,505,1,"LINESTRING (116.400504 39.908211, 116.401136 39.908219)",1,53.91,residential,6,,,,auto,
758,霞公府街,1108,505,501,1,"LINESTRING (116.401136 39.908219, 116.400504 39.908211)",1,53.91,residential,6,,,,auto,
759,南河沿大街,1109,501,499,1,"LINESTRING (116.400504 39.908211, 116.400507 39.908388)",1,19.68,secondary,4,,,,auto,
760,南河沿大街,1109,499,501,1,"LINESTRING (116.400507 39.908388, 116.400504 39.908211)",1,19.68,secondary,4,,,,auto,
761,南河沿大街,1110,501,508,1,"LINESTRING (116.400504 39.908211, 116.400449 39.907491)",1,80.20,secondary,4,,,,auto,
762,南河沿大街,1110,508,501,1,"LINESTRING (116.400449 39.907491, 116.400504 39.908211)",1,80.20,secondary,4,,,,auto,
763,人大会堂西路,1117,509,510,1,"LINESTRING (116.387979 39.901452, 116.388201 39.901459)",1,18.95,tertiary,5,,,,auto,
764,人大会堂西路,1117,510,509,1,"LINESTRING (116.388201 39.901459, 116.387979 39.901452)",1,18.95,tertiary,5,,,,auto,
765,人大会堂西路,1118,509,511,1,"LINESTRING (116.387979 39.901452, 116.387796 39.901448)",1,15.62,tertiary,5,,,,auto,
766,人大会堂西路,1118,511,509,1,"LINESTRING (116.387796 39.901448, 116.387979 39.901452)",1,15.62,tertiary,5,,,,auto,
767,,1119,509,512,1,"LINESTRING (116.387979 39.901452, 116.387991 39.901328)",1,13.83,residential,6,,,,auto,
768,,1119,512,509,1,"LINESTRING (116.387991 39.901328, 116.387979 39.901452)",1,13.83,residential,6,,,,auto,
769,西交民巷,1120,513,514,1,"LINESTRING (116.38804 39.900477, 116.388681 39.900484)",1,54.69,tertiary,5,,,,auto,
770,,1121,513,512,1,"LINESTRING (116.38804 39.900477, 116.387991 39.901328)",1,94.72,residential,6,,,,auto,
771,,1121,512,513,1,"LINESTRING (116.387991 39.901328, 116.38804 39.900477)",1,94.72,residential,6,,,,auto,
772,煤市街,1135,313,312,1,"LINESTRING (116.389401 39.89791, 116.389102 39.897492)",1,53.02,secondary,4,,,,auto,
773,煤市街,1135,312,313,1,"LINESTRING (116.389102 39.897492, 116.389401 39.89791)",1,53.02,secondary,4,,,,auto,
774,煤市街,1136,313,143,1,"LINESTRING (116.389401 39.89791, 116.389604 39.898175)",1,34.18,secondary,4,,,,auto,
775,煤市街,1136,143,313,1,"LINESTRING (116.389604 39.898175, 116.389401 39.89791)",1,34.18,secondary,4,,,,auto,
776,台基厂三条,1137,515,516,1,"LINESTRING (116.407681 39.90246, 116.405446 39.902288)",1,191.61,residential,6,,,,auto,
777,台基厂三条,1137,516,515,1,"LINESTRING (116.405446 39.902288, 116.407681 39.90246)",1,191.61,residential,6,,,,auto,
778,兴华路,1138,515,517,1,"LINESTRING (116.407681 39.90246, 116.407736 39.901709)",1,83.64,residential,6,,,,auto,
779,兴华路,1138,517,515,1,"LINESTRING (116.407736 39.901709, 116.407681 39.90246)",1,83.64,residential,6,,,,auto,
780,台基厂三条,1139,516,515,1,"LINESTRING (116.405446 39.902288, 116.407681 39.90246)",1,191.61,residential,6,,,,auto,
781,台基厂三条,1139,515,516,1,"LINESTRING (116.407681 39.90246, 116.405446 39.902288)",1,191.61,residential,6,,,,auto,
782,台基厂大街,1140,516,518,1,"LINESTRING (116.405446 39.902288, 116.405455 39.902128)",1,17.81,tertiary,5,,,,auto,
783,台基厂大街,1140,518,516,1,"LINESTRING (116.405455 39.902128, 116.405446 39.902288)",1,17.81,tertiary,5,,,,auto,
784,台基厂大街,1141,516,519,1,"LINESTRING (116.405446 39.902288, 116.405379 39.903429)",1,127.00,tertiary,5,,,,auto,
785,台基厂大街,1141,519,516,1,"LINESTRING (116.405379 39.903429, 116.405446 39.902288)",1,127.00,tertiary,5,,,,auto,
786,东交民巷,1142,283,287,1,"LINESTRING (116.407795 39.90095, 116.409959 39.900746)",1,185.99,unclassified,20,,,,auto,
787,东交民巷,1142,287,283,1,"LINESTRING (116.409959 39.900746, 116.407795 39.90095)",1,185.99,unclassified,20,,,,auto,
788,东交民巷,1143,283,282,1,"LINESTRING (116.407795 39.90095, 116.407517 39.900976)",1,23.89,unclassified,20,,,,auto,
789,东交民巷,1143,282,283,1,"LINESTRING (116.407517 39.900976, 116.407795 39.90095)",1,23.89,unclassified,20,,,,auto,
790,兴华路,1144,283,517,1,"LINESTRING (116.407795 39.90095, 116.407736 39.901709)",1,84.55,residential,6,,,,auto,
791,兴华路,1144,517,283,1,"LINESTRING (116.407736 39.901709, 116.407795 39.90095)",1,84.55,residential,6,,,,auto,
792,船板胡同,1145,459,520,1,"LINESTRING (116.413724 39.902308, 116.413332 39.902415)",1,35.49,residential,6,,,,auto,
793,船板胡同,1145,520,459,1,"LINESTRING (116.413332 39.902415, 116.413724 39.902308)",1,35.49,residential,6,,,,auto,
794,船板胡同,1146,459,458,1,"LINESTRING (116.413724 39.902308, 116.414187 39.902134)",1,43.98,residential,6,,,,auto,
795,船板胡同,1146,458,459,1,"LINESTRING (116.414187 39.902134, 116.413724 39.902308)",1,43.98,residential,6,,,,auto,
796,船板胡同,1147,520,521,1,"LINESTRING (116.413332 39.902415, 116.412122 39.902893)",1,116.10,residential,6,,,,auto,
797,船板胡同,1147,521,520,1,"LINESTRING (116.412122 39.902893, 116.413332 39.902415)",1,116.10,residential,6,,,,auto,
798,船板胡同,1148,520,459,1,"LINESTRING (116.413332 39.902415, 116.413724 39.902308)",1,35.49,residential,6,,,,auto,
799,船板胡同,1148,459,520,1,"LINESTRING (116.413724 39.902308, 116.413332 39.902415)",1,35.49,residential,6,,,,auto,
800,船板胡同,1149,521,520,1,"LINESTRING (116.412122 39.902893, 116.413332 39.902415)",1,116.10,residential,6,,,,auto,
801,船板胡同,1149,520,521,1,"LINESTRING (116.413332 39.902415, 116.412122 39.902893)",1,116.10,residential,6,,,,auto,
802,崇文门内大街,1150,521,522,1,"LINESTRING (116.412122 39.902893, 116.412114 39.90306)",1,18.58,primary,3,,,,auto,
803,东交民巷,1151,287,285,1,"LINESTRING (116.409959 39.900746, 116.410922 39.900668)",1,82.60,unclassified,20,,,,auto,
804,东交民巷,1151,285,287,1,"LINESTRING (116.410922 39.900668, 116.409959 39.900746)",1,82.60,unclassified,20,,,,auto,
805,东交民巷,1152,287,283,1,"LINESTRING (116.409959 39.900746, 116.407795 39.90095)",1,185.99,unclassified,20,,,,auto,
806,东交民巷,1152,283,287,1,"LINESTRING (116.407795 39.90095, 116.409959 39.900746)",1,185.99,unclassified,20,,,,auto,
807,大华路,1153,287,523,1,"LINESTRING (116.409959 39.900746, 116.409958 39.90184)",1,121.65,unclassified,20,,,,auto,
808,大华路,1154,524,525,1,"LINESTRING (116.409824 39.906713, 116.409878 39.904766)",1,216.55,residential,6,,,,auto,
809,大华路,1154,525,524,1,"LINESTRING (116.409878 39.904766, 116.409824 39.906713)",1,216.55,residential,6,,,,auto,
810,东长安街,1155,524,50,1,"LINESTRING (116.409824 39.906713, 116.411508 39.90677)",1,143.78,trunk,2,,5,,auto,
811,崇文门西河沿,1156,338,526,1,"LINESTRING (116.403644 39.898276, 116.403629 39.898312)",1,4.20,tertiary,5,,,,auto,
812,崇文门西河沿,1156,526,338,1,"LINESTRING (116.403629 39.898312, 116.403644 39.898276)",1,4.20,tertiary,5,,,,auto,
813,崇文门西河沿,1157,338,336,1,"LINESTRING (116.403644 39.898276, 116.403648 39.897915)",1,40.14,tertiary,5,,,,auto,
814,崇文门西河沿,1157,336,338,1,"LINESTRING (116.403648 39.897915, 116.403644 39.898276)",1,40.14,tertiary,5,,,,auto,
815,崇文门西河沿,1158,527,528,1,"LINESTRING (116.396505 39.898087, 116.395827 39.898095)",1,57.85,tertiary,5,,,,auto,
816,崇文门西河沿,1158,528,527,1,"LINESTRING (116.395827 39.898095, 116.396505 39.898087)",1,57.85,tertiary,5,,,,auto,
817,崇文门西河沿,1159,527,333,1,"LINESTRING (116.396505 39.898087, 116.399635 39.898088)",1,267.01,tertiary,5,,,,auto,
818,崇文门西河沿,1159,333,527,1,"LINESTRING (116.399635 39.898088, 116.396505 39.898087)",1,267.01,tertiary,5,,,,auto,
819,崇文门西河沿,1160,528,529,1,"LINESTRING (116.395827 39.898095, 116.394862 39.897976)",1,83.38,tertiary,5,,,,auto,
820,崇文门西河沿,1160,529,528,1,"LINESTRING (116.394862 39.897976, 116.395827 39.898095)",1,83.38,tertiary,5,,,,auto,
821,崇文门西河沿,1161,528,527,1,"LINESTRING (116.395827 39.898095, 116.396505 39.898087)",1,57.85,tertiary,5,,,,auto,
822,崇文门西河沿,1161,527,528,1,"LINESTRING (116.396505 39.898087, 116.395827 39.898095)",1,57.85,tertiary,5,,,,auto,
823,崇文门西河沿,1162,529,530,1,"LINESTRING (116.394862 39.897976, 116.393815 39.897683)",1,95.07,tertiary,5,,,,auto,
824,崇文门西河沿,1162,530,529,1,"LINESTRING (116.393815 39.897683, 116.394862 39.897976)",1,95.07,tertiary,5,,,,auto,
825,崇文门西河沿,1163,529,528,1,"LINESTRING (116.394862 39.897976, 116.395827 39.898095)",1,83.38,tertiary,5,,,,auto,
826,崇文门西河沿,1163,528,529,1,"LINESTRING (116.395827 39.898095, 116.394862 39.897976)",1,83.38,tertiary,5,,,,auto,
827,崇文门西河沿,1164,530,529,1,"LINESTRING (116.393815 39.897683, 116.394862 39.897976)",1,95.07,tertiary,5,,,,auto,
828,崇文门西河沿,1164,529,530,1,"LINESTRING (116.394862 39.897976, 116.393815 39.897683)",1,95.07,tertiary,5,,,,auto,
829,前门东路,1165,530,307,1,"LINESTRING (116.393815 39.897683, 116.39364 39.897955)",1,33.73,secondary,4,,,,auto,
830,西兴隆街,1166,397,321,1,"LINESTRING (116.402789 39.895892, 116.402515 39.895894)",1,23.38,tertiary,5,,2,,auto,
831,西兴隆街,1166,321,397,1,"LINESTRING (116.402515 39.895894, 116.402789 39.895892)",1,23.38,tertiary,5,,2,,auto,
832,西兴隆街,1167,397,400,1,"LINESTRING (116.402789 39.895892, 116.403549 39.895942)",1,65.07,tertiary,5,,2,,auto,
833,西兴隆街,1167,400,397,1,"LINESTRING (116.403549 39.895942, 116.402789 39.895892)",1,65.07,tertiary,5,,2,,auto,
834,西兴隆街,1168,324,322,1,"LINESTRING (116.40126 39.89599, 116.401193 39.895995)",1,5.74,tertiary,5,,2,,auto,
835,西兴隆街,1168,322,324,1,"LINESTRING (116.401193 39.895995, 116.40126 39.89599)",1,5.74,tertiary,5,,2,,auto,
836,西兴隆街,1169,324,399,1,"LINESTRING (116.40126 39.89599, 116.401396 39.895978)",1,11.68,tertiary,5,,2,,auto,
837,西兴隆街,1169,399,324,1,"LINESTRING (116.401396 39.895978, 116.40126 39.89599)",1,11.68,tertiary,5,,2,,auto,
838,西兴隆街,1170,323,326,1,"LINESTRING (116.400832 39.896002, 116.400571 39.896008)",1,22.28,tertiary,5,,2,,auto,
839,西兴隆街,1170,326,323,1,"LINESTRING (116.400571 39.896008, 116.400832 39.896002)",1,22.28,tertiary,5,,2,,auto,
840,西兴隆街,1171,323,322,1,"LINESTRING (116.400832 39.896002, 116.401193 39.895995)",1,30.81,tertiary,5,,2,,auto,
841,西兴隆街,1171,322,323,1,"LINESTRING (116.401193 39.895995, 116.400832 39.896002)",1,30.81,tertiary,5,,2,,auto,
842,西兴隆街,1176,327,396,1,"LINESTRING (116.399793 39.895889, 116.39917 39.895813)",1,53.82,tertiary,5,,,,auto,
843,西兴隆街,1176,396,327,1,"LINESTRING (116.39917 39.895813, 116.399793 39.895889)",1,53.82,tertiary,5,,,,auto,
844,西兴隆街,1177,327,325,1,"LINESTRING (116.399793 39.895889, 116.400297 39.895954)",1,43.60,tertiary,5,,,,auto,
845,西兴隆街,1177,325,327,1,"LINESTRING (116.400297 39.895954, 116.399793 39.895889)",1,43.60,tertiary,5,,,,auto,
846,广场东侧路,1178,531,532,1,"LINESTRING (116.393316 39.901552, 116.393304 39.901833)",1,31.26,secondary,4,70,4,,auto,
847,新大路,1179,531,533,1,"LINESTRING (116.393316 39.901552, 116.393578 39.901558)",1,22.36,residential,6,,,,auto,
848,新大路,1179,533,531,1,"LINESTRING (116.393578 39.901558, 116.393316 39.901552)",1,22.36,residential,6,,,,auto,
849,新大路,1180,534,293,1,"LINESTRING (116.394625 39.901579, 116.394645 39.900609)",1,107.87,residential,6,,,,auto,
850,新大路,1180,293,534,1,"LINESTRING (116.394645 39.900609, 116.394625 39.901579)",1,107.87,residential,6,,,,auto,
851,新大路,1181,534,535,1,"LINESTRING (116.394625 39.901579, 116.393763 39.901562)",1,73.56,residential,6,,,,auto,
852,新大路,1181,535,534,1,"LINESTRING (116.393763 39.901562, 116.394625 39.901579)",1,73.56,residential,6,,,,auto,
853,东交民巷,1182,293,275,1,"LINESTRING (116.394645 39.900609, 116.397398 39.900652)",1,234.89,unclassified,20,,,,auto,
854,东交民巷,1182,275,293,1,"LINESTRING (116.397398 39.900652, 116.394645 39.900609)",1,234.89,unclassified,20,,,,auto,
855,新大路,1184,293,534,1,"LINESTRING (116.394645 39.900609, 116.394625 39.901579)",1,107.87,residential,6,,,,auto,
856,新大路,1184,534,293,1,"LINESTRING (116.394625 39.901579, 116.394645 39.900609)",1,107.87,residential,6,,,,auto,
857,,1403,58,536,1,"LINESTRING (116.400523 39.911999, 116.399719 39.911981)",1,68.60,residential,6,,,,auto,
858,,1403,536,58,1,"LINESTRING (116.399719 39.911981, 116.400523 39.911999)",1,68.60,residential,6,,,,auto,
859,南河沿大街,1404,58,537,1,"LINESTRING (116.400523 39.911999, 116.40049 39.912512)",1,57.11,secondary,4,,,,auto,
860,南河沿大街,1404,537,58,1,"LINESTRING (116.40049 39.912512, 116.400523 39.911999)",1,57.11,secondary,4,,,,auto,
861,南河沿大街,1405,58,56,1,"LINESTRING (116.400523 39.911999, 116.400542 39.911615)",1,42.73,secondary,4,,,,auto,
862,南河沿大街,1405,56,58,1,"LINESTRING (116.400542 39.911615, 116.400523 39.911999)",1,42.73,secondary,4,,,,auto,
863,,1409,538,539,1,"LINESTRING (116.399068 39.913468, 116.399007 39.913368)",1,12.28,residential,6,,,,auto,
864,,1409,539,538,1,"LINESTRING (116.399007 39.913368, 116.399068 39.913468)",1,12.28,residential,6,,,,auto,
865,,1410,538,74,1,"LINESTRING (116.399068 39.913468, 116.399068 39.913838)",1,41.14,residential,6,,,,auto,
866,,1410,74,538,1,"LINESTRING (116.399068 39.913838, 116.399068 39.913468)",1,41.14,residential,6,,,,auto,
867,,1411,540,541,1,"LINESTRING (116.398842 39.913836, 116.398794 39.91445)",1,68.40,residential,6,,,,auto,
868,,1411,541,540,1,"LINESTRING (116.398794 39.91445, 116.398842 39.913836)",1,68.40,residential,6,,,,auto,
869,东华门大街,1412,540,486,1,"LINESTRING (116.398842 39.913836, 116.39836 39.913814)",1,41.18,secondary,4,,,,auto,
870,东华门大街,1412,486,540,1,"LINESTRING (116.39836 39.913814, 116.398842 39.913836)",1,41.18,secondary,4,,,,auto,
871,东华门大街,1413,540,74,1,"LINESTRING (116.398842 39.913836, 116.399068 39.913838)",1,19.28,secondary,4,,,,auto,
872,东华门大街,1413,74,540,1,"LINESTRING (116.399068 39.913838, 116.398842 39.913836)",1,19.28,secondary,4,,,,auto,
873,,1417,542,543,1,"LINESTRING (116.399432 39.910767, 116.399425 39.911201)",1,48.26,residential,6,,,,auto,
874,,1417,543,542,1,"LINESTRING (116.399425 39.911201, 116.399432 39.910767)",1,48.26,residential,6,,,,auto,
875,,1418,542,544,1,"LINESTRING (116.399432 39.910767, 116.398998 39.910768)",1,37.02,residential,6,,,,auto,
876,,1418,544,542,1,"LINESTRING (116.398998 39.910768, 116.399432 39.910767)",1,37.02,residential,6,,,,auto,
877,骑河楼南巷,1421,488,545,1,"LINESTRING (116.397539 39.917468, 116.397552 39.917186)",1,31.38,residential,6,,,,auto,
878,骑河楼南巷,1421,545,488,1,"LINESTRING (116.397552 39.917186, 116.397539 39.917468)",1,31.38,residential,6,,,,auto,
879,骑河楼南巷,1422,488,487,1,"LINESTRING (116.397539 39.917468, 116.397564 39.917639)",1,19.13,residential,6,,,,auto,
880,骑河楼南巷,1422,487,488,1,"LINESTRING (116.397564 39.917639, 116.397539 39.917468)",1,19.13,residential,6,,,,auto,
881,,1423,536,546,1,"LINESTRING (116.399719 39.911981, 116.399372 39.911973)",1,29.61,residential,6,,,,auto,
882,,1423,546,536,1,"LINESTRING (116.399372 39.911973, 116.399719 39.911981)",1,29.61,residential,6,,,,auto,
883,,1424,536,58,1,"LINESTRING (116.399719 39.911981, 116.400523 39.911999)",1,68.60,residential,6,,,,auto,
884,,1424,58,536,1,"LINESTRING (116.400523 39.911999, 116.399719 39.911981)",1,68.60,residential,6,,,,auto,
885,,1426,547,548,1,"LINESTRING (116.399553 39.915246, 116.399553 39.91445)",1,88.51,residential,6,,,,auto,
886,,1426,548,547,1,"LINESTRING (116.399553 39.91445, 116.399553 39.915246)",1,88.51,residential,6,,,,auto,
887,,1427,547,549,1,"LINESTRING (116.399553 39.915246, 116.400214 39.915263)",1,56.41,residential,6,,,,auto,
888,,1427,549,547,1,"LINESTRING (116.400214 39.915263, 116.399553 39.915246)",1,56.41,residential,6,,,,auto,
889,南池子大街,1439,550,551,1,"LINESTRING (116.396907 39.910253, 116.396887 39.910643)",1,43.40,tertiary,5,,1,,auto,
890,南池子大街,1439,551,550,1,"LINESTRING (116.396887 39.910643, 116.396907 39.910253)",1,43.40,tertiary,5,,1,,auto,
891,南池子大街,1440,550,552,1,"LINESTRING (116.396907 39.910253, 116.396944 39.909492)",1,84.68,tertiary,5,,1,,auto,
892,南池子大街,1440,552,550,1,"LINESTRING (116.396944 39.909492, 116.396907 39.910253)",1,84.68,tertiary,5,,1,,auto,
893,,1443,553,554,1,"LINESTRING (116.385431 39.921982, 116.385437 39.921806)",1,19.58,residential,6,,,,auto,
894,,1443,554,553,1,"LINESTRING (116.385437 39.921806, 116.385431 39.921982)",1,19.58,residential,6,,,,auto,
895,,1444,555,556,1,"LINESTRING (116.398575 39.92212, 116.398944 39.922123)",1,31.47,residential,6,,,,auto,
896,,1444,556,555,1,"LINESTRING (116.398944 39.922123, 116.398575 39.92212)",1,31.47,residential,6,,,,auto,
897,南池子大街,1447,557,552,1,"LINESTRING (116.396958 39.909212, 116.396944 39.909492)",1,31.16,tertiary,5,,1,,auto,
898,南池子大街,1447,552,557,1,"LINESTRING (116.396944 39.909492, 116.396958 39.909212)",1,31.16,tertiary,5,,1,,auto,
899,南池子大街,1448,557,558,1,"LINESTRING (116.396958 39.909212, 116.397014 39.90807)",1,127.07,tertiary,5,,1,,auto,
900,南池子大街,1448,558,557,1,"LINESTRING (116.397014 39.90807, 116.396958 39.909212)",1,127.07,tertiary,5,,1,,auto,
901,普渡寺前巷,1456,559,560,1,"LINESTRING (116.398989 39.911474, 116.398625 39.91145)",1,31.16,residential,6,,,,auto,
902,普渡寺前巷,1456,560,559,1,"LINESTRING (116.398625 39.91145, 116.398989 39.911474)",1,31.16,residential,6,,,,auto,
903,,1457,559,561,1,"LINESTRING (116.398989 39.911474, 116.398994 39.911202)",1,30.25,residential,6,,,,auto,
904,,1457,561,559,1,"LINESTRING (116.398994 39.911202, 116.398989 39.911474)",1,30.25,residential,6,,,,auto,
905,,1458,559,562,1,"LINESTRING (116.398989 39.911474, 116.39901 39.91155)",1,8.64,residential,6,,,,auto,
906,,1458,562,559,1,"LINESTRING (116.39901 39.91155, 116.398989 39.911474)",1,8.64,residential,6,,,,auto,
907,沙塘南巷,1461,563,564,1,"LINESTRING (116.399045 39.921678, 116.398602 39.921673)",1,37.78,residential,6,,,,auto,
908,沙塘南巷,1461,564,563,1,"LINESTRING (116.398602 39.921673, 116.399045 39.921678)",1,37.78,residential,6,,,,auto,
909,沙塘南巷,1462,563,565,1,"LINESTRING (116.399045 39.921678, 116.39903 39.922122)",1,49.39,residential,6,,,,auto,
910,沙塘南巷,1462,565,563,1,"LINESTRING (116.39903 39.922122, 116.399045 39.921678)",1,49.39,residential,6,,,,auto,
911,,1463,563,566,1,"LINESTRING (116.399045 39.921678, 116.399231 39.921678)",1,15.86,residential,6,,,,auto,
912,,1463,566,563,1,"LINESTRING (116.399231 39.921678, 116.399045 39.921678)",1,15.86,residential,6,,,,auto,
913,普渡寺前巷,1471,567,568,1,"LINESTRING (116.396825 39.911373, 116.397226 39.911388)",1,34.24,residential,6,,,,auto,
914,普渡寺前巷,1471,568,567,1,"LINESTRING (116.397226 39.911388, 116.396825 39.911373)",1,34.24,residential,6,,,,auto,
915,南池子大街,1472,567,569,1,"LINESTRING (116.396825 39.911373, 116.396792 39.912137)",1,85.00,tertiary,5,,1,,auto,
916,南池子大街,1472,569,567,1,"LINESTRING (116.396792 39.912137, 116.396825 39.911373)",1,85.00,tertiary,5,,1,,auto,
917,南池子大街,1473,567,551,1,"LINESTRING (116.396825 39.911373, 116.396887 39.910643)",1,81.34,tertiary,5,,1,,auto,
918,南池子大街,1473,551,567,1,"LINESTRING (116.396887 39.910643, 116.396825 39.911373)",1,81.34,tertiary,5,,1,,auto,
919,大宴乐胡同,1474,570,571,1,"LINESTRING (116.384652 39.906967, 116.385491 39.906984)",1,71.59,residential,6,,,,auto,
920,大宴乐胡同,1474,571,570,1,"LINESTRING (116.385491 39.906984, 116.384652 39.906967)",1,71.59,residential,6,,,,auto,
921,大宴乐胡同,1475,570,572,1,"LINESTRING (116.384652 39.906967, 116.384608 39.90786)",1,99.37,residential,6,,,,auto,
922,大宴乐胡同,1475,572,570,1,"LINESTRING (116.384608 39.90786, 116.384652 39.906967)",1,99.37,residential,6,,,,auto,
923,骑河楼南巷,1476,573,491,1,"LINESTRING (116.397617 39.916738, 116.397642 39.916318)",1,46.75,residential,6,,,,auto,
924,骑河楼南巷,1476,491,573,1,"LINESTRING (116.397642 39.916318, 116.397617 39.916738)",1,46.75,residential,6,,,,auto,
925,骑河楼南巷,1477,573,574,1,"LINESTRING (116.397617 39.916738, 116.397596 39.917026)",1,32.07,residential,6,,,,auto,
926,骑河楼南巷,1477,574,573,1,"LINESTRING (116.397596 39.917026, 116.397617 39.916738)",1,32.07,residential,6,,,,auto,
927,,1478,573,575,1,"LINESTRING (116.397617 39.916738, 116.397143 39.916713)",1,40.52,residential,6,,,,auto,
928,,1478,575,573,1,"LINESTRING (116.397143 39.916713, 116.397617 39.916738)",1,40.52,residential,6,,,,auto,
929,,1479,544,576,1,"LINESTRING (116.398998 39.910768, 116.398488 39.91076)",1,43.51,residential,6,,,,auto,
930,,1479,576,544,1,"LINESTRING (116.398488 39.91076, 116.398998 39.910768)",1,43.51,residential,6,,,,auto,
931,,1480,544,561,1,"LINESTRING (116.398998 39.910768, 116.398994 39.911202)",1,48.26,residential,6,,,,auto,
932,,1480,561,544,1,"LINESTRING (116.398994 39.911202, 116.398998 39.910768)",1,48.26,residential,6,,,,auto,
933,,1481,544,542,1,"LINESTRING (116.398998 39.910768, 116.399432 39.910767)",1,37.02,residential,6,,,,auto,
934,,1481,542,544,1,"LINESTRING (116.399432 39.910767, 116.398998 39.910768)",1,37.02,residential,6,,,,auto,
935,沙塘南巷,1482,564,563,1,"LINESTRING (116.398602 39.921673, 116.399045 39.921678)",1,37.78,residential,6,,,,auto,
936,沙塘南巷,1482,563,564,1,"LINESTRING (116.399045 39.921678, 116.398602 39.921673)",1,37.78,residential,6,,,,auto,
937,北池子大街,1483,66,477,1,"LINESTRING (116.396641 39.915726, 116.396607 39.916554)",1,92.12,tertiary,5,,1,,auto,
938,北池子大街,1483,477,66,1,"LINESTRING (116.396607 39.916554, 116.396641 39.915726)",1,92.12,tertiary,5,,1,,auto,
939,北池子大街,1484,66,65,1,"LINESTRING (116.396641 39.915726, 116.396732 39.91377)",1,217.64,tertiary,5,,1,,auto,
940,北池子大街,1484,65,66,1,"LINESTRING (116.396732 39.91377, 116.396641 39.915726)",1,217.64,tertiary,5,,1,,auto,
941,,1485,66,492,1,"LINESTRING (116.396641 39.915726, 116.39765 39.915745)",1,86.08,residential,6,,,,auto,
942,,1485,492,66,1,"LINESTRING (116.39765 39.915745, 116.396641 39.915726)",1,86.08,residential,6,,,,auto,
943,,1490,546,577,1,"LINESTRING (116.399372 39.911973, 116.399199 39.91197)",1,14.76,residential,6,,,,auto,
944,,1490,577,546,1,"LINESTRING (116.399199 39.91197, 116.399372 39.911973)",1,14.76,residential,6,,,,auto,
945,,1491,546,536,1,"LINESTRING (116.399372 39.911973, 116.399719 39.911981)",1,29.61,residential,6,,,,auto,
946,,1491,536,546,1,"LINESTRING (116.399719 39.911981, 116.399372 39.911973)",1,29.61,residential,6,,,,auto,
947,,1492,546,543,1,"LINESTRING (116.399372 39.911973, 116.399425 39.911201)",1,85.96,residential,6,,,,auto,
948,,1492,543,546,1,"LINESTRING (116.399425 39.911201, 116.399372 39.911973)",1,85.96,residential,6,,,,auto,
949,北池子大街,1493,477,475,1,"LINESTRING (116.396607 39.916554, 116.396505 39.918399)",1,205.34,tertiary,5,,1,,auto,
950,北池子大街,1493,475,477,1,"LINESTRING (116.396505 39.918399, 116.396607 39.916554)",1,205.34,tertiary,5,,1,,auto,
951,北池子大街,1494,477,66,1,"LINESTRING (116.396607 39.916554, 116.396641 39.915726)",1,92.12,tertiary,5,,1,,auto,
952,北池子大街,1494,66,477,1,"LINESTRING (116.396641 39.915726, 116.396607 39.916554)",1,92.12,tertiary,5,,1,,auto,
953,,1495,477,578,1,"LINESTRING (116.396607 39.916554, 116.397145 39.916563)",1,45.89,residential,6,,,,auto,
954,,1495,578,477,1,"LINESTRING (116.397145 39.916563, 116.396607 39.916554)",1,45.89,residential,6,,,,auto,
955,南池子大街,1497,67,65,1,"LINESTRING (116.396763 39.91317, 116.396732 39.91377)",1,66.77,tertiary,5,,1,,auto,
956,南池子大街,1497,65,67,1,"LINESTRING (116.396732 39.91377, 116.396763 39.91317)",1,66.77,tertiary,5,,1,,auto,
957,南池子大街,1498,67,569,1,"LINESTRING (116.396763 39.91317, 116.396792 39.912137)",1,114.89,tertiary,5,,1,,auto,
958,南池子大街,1498,569,67,1,"LINESTRING (116.396792 39.912137, 116.396763 39.91317)",1,114.89,tertiary,5,,1,,auto,
959,骑河楼南巷,1499,574,573,1,"LINESTRING (116.397596 39.917026, 116.397617 39.916738)",1,32.07,residential,6,,,,auto,
960,骑河楼南巷,1499,573,574,1,"LINESTRING (116.397617 39.916738, 116.397596 39.917026)",1,32.07,residential,6,,,,auto,
961,骑河楼南巷,1500,574,545,1,"LINESTRING (116.397596 39.917026, 116.397552 39.917186)",1,18.18,residential,6,,,,auto,
962,骑河楼南巷,1500,545,574,1,"LINESTRING (116.397552 39.917186, 116.397596 39.917026)",1,18.18,residential,6,,,,auto,
963,智德北巷,1501,574,579,1,"LINESTRING (116.397596 39.917026, 116.399247 39.917049)",1,140.83,residential,6,,,,auto,
964,智德北巷,1501,579,574,1,"LINESTRING (116.399247 39.917049, 116.397596 39.917026)",1,140.83,residential,6,,,,auto,
965,,1503,577,580,1,"LINESTRING (116.399199 39.91197, 116.399091 39.911965)",1,9.23,residential,6,,,,auto,
966,,1503,580,577,1,"LINESTRING (116.399091 39.911965, 116.399199 39.91197)",1,9.23,residential,6,,,,auto,
967,,1504,577,546,1,"LINESTRING (116.399199 39.91197, 116.399372 39.911973)",1,14.76,residential,6,,,,auto,
968,,1504,546,577,1,"LINESTRING (116.399372 39.911973, 116.399199 39.91197)",1,14.76,residential,6,,,,auto,
969,沙塘南巷,1505,556,565,1,"LINESTRING (116.398944 39.922123, 116.39903 39.922122)",1,7.33,residential,6,,,,auto,
970,沙塘南巷,1505,565,556,1,"LINESTRING (116.39903 39.922122, 116.398944 39.922123)",1,7.33,residential,6,,,,auto,
971,,1506,556,555,1,"LINESTRING (116.398944 39.922123, 116.398575 39.92212)",1,31.47,residential,6,,,,auto,
972,,1506,555,556,1,"LINESTRING (116.398575 39.92212, 116.398944 39.922123)",1,31.47,residential,6,,,,auto,
973,,1507,581,582,1,"LINESTRING (116.39812 39.916265, 116.399318 39.91628)",1,102.18,residential,6,,,,auto,
974,,1507,582,581,1,"LINESTRING (116.399318 39.91628, 116.39812 39.916265)",1,102.18,residential,6,,,,auto,
975,,1508,581,494,1,"LINESTRING (116.39812 39.916265, 116.39812 39.916012)",1,28.13,residential,6,,,,auto,
976,,1508,494,581,1,"LINESTRING (116.39812 39.916012, 116.39812 39.916265)",1,28.13,residential,6,,,,auto,
977,南长街,1512,583,584,1,"LINESTRING (116.385485 39.909256, 116.385577 39.908098)",1,129.00,tertiary,5,,,,auto,
978,南长街,1512,584,583,1,"LINESTRING (116.385577 39.908098, 116.385485 39.909256)",1,129.00,tertiary,5,,,,auto,
979,南长街,1513,583,585,1,"LINESTRING (116.385485 39.909256, 116.385447 39.909798)",1,60.35,tertiary,5,,,,auto,
980,南长街,1513,585,583,1,"LINESTRING (116.385447 39.909798, 116.385485 39.909256)",1,60.35,tertiary,5,,,,auto,
981,,1514,578,575,1,"LINESTRING (116.397145 39.916563, 116.397143 39.916713)",1,16.68,residential,6,,,,auto,
982,,1514,575,578,1,"LINESTRING (116.397143 39.916713, 116.397145 39.916563)",1,16.68,residential,6,,,,auto,
983,,1515,578,477,1,"LINESTRING (116.397145 39.916563, 116.396607 39.916554)",1,45.89,residential,6,,,,auto,
984,,1515,477,578,1,"LINESTRING (116.396607 39.916554, 116.397145 39.916563)",1,45.89,residential,6,,,,auto,
985,,1516,578,586,1,"LINESTRING (116.397145 39.916563, 116.397173 39.916298)",1,29.56,residential,6,,,,auto,
986,,1516,586,578,1,"LINESTRING (116.397173 39.916298, 116.397145 39.916563)",1,29.56,residential,6,,,,auto,
987,,1517,566,587,1,"LINESTRING (116.399231 39.921678, 116.399226 39.921648)",1,3.36,residential,6,,,,auto,
988,,1517,587,566,1,"LINESTRING (116.399226 39.921648, 116.399231 39.921678)",1,3.36,residential,6,,,,auto,
989,,1518,566,563,1,"LINESTRING (116.399231 39.921678, 116.399045 39.921678)",1,15.86,residential,6,,,,auto,
990,,1518,563,566,1,"LINESTRING (116.399045 39.921678, 116.399231 39.921678)",1,15.86,residential,6,,,,auto,
991,,1521,74,538,1,"LINESTRING (116.399068 39.913838, 116.399068 39.913468)",1,41.14,residential,6,,,,auto,
992,,1521,538,74,1,"LINESTRING (116.399068 39.913468, 116.399068 39.913838)",1,41.14,residential,6,,,,auto,
993,东华门大街,1522,74,540,1,"LINESTRING (116.399068 39.913838, 116.398842 39.913836)",1,19.28,secondary,4,,,,auto,
994,东华门大街,1522,540,74,1,"LINESTRING (116.398842 39.913836, 116.399068 39.913838)",1,19.28,secondary,4,,,,auto,
995,东华门大街,1523,74,70,1,"LINESTRING (116.399068 39.913838, 116.400386 39.913891)",1,112.56,secondary,4,,,,auto,
996,东华门大街,1523,70,74,1,"LINESTRING (116.400386 39.913891, 116.399068 39.913838)",1,112.56,secondary,4,,,,auto,
997,,1524,588,576,1,"LINESTRING (116.398504 39.910347, 116.398488 39.91076)",1,45.94,residential,6,,,,auto,
998,,1524,576,588,1,"LINESTRING (116.398488 39.91076, 116.398504 39.910347)",1,45.94,residential,6,,,,auto,
999,,1529,589,576,1,"LINESTRING (116.398482 39.910846, 116.398488 39.91076)",1,9.58,residential,6,,,,auto,
1000,,1529,576,589,1,"LINESTRING (116.398488 39.91076, 116.398482 39.910846)",1,9.58,residential,6,,,,auto,
1001,,1530,589,590,1,"LINESTRING (116.398482 39.910846, 116.398476 39.911444)",1,66.50,residential,6,,,,auto,
1002,,1530,590,589,1,"LINESTRING (116.398476 39.911444, 116.398482 39.910846)",1,66.50,residential,6,,,,auto,
1003,骑河楼南巷,1532,491,489,1,"LINESTRING (116.397642 39.916318, 116.39765 39.916016)",1,33.59,residential,6,,,,auto,
1004,骑河楼南巷,1532,489,491,1,"LINESTRING (116.39765 39.916016, 116.397642 39.916318)",1,33.59,residential,6,,,,auto,
1005,骑河楼南巷,1533,491,573,1,"LINESTRING (116.397642 39.916318, 116.397617 39.916738)",1,46.75,residential,6,,,,auto,
1006,骑河楼南巷,1533,573,491,1,"LINESTRING (116.397617 39.916738, 116.397642 39.916318)",1,46.75,residential,6,,,,auto,
1007,,1534,491,586,1,"LINESTRING (116.397642 39.916318, 116.397173 39.916298)",1,40.06,residential,6,,,,auto,
1008,,1534,586,491,1,"LINESTRING (116.397173 39.916298, 116.397642 39.916318)",1,40.06,residential,6,,,,auto,
1009,,1535,591,592,1,"LINESTRING (116.399199 39.922135, 116.399971 39.922145)",1,65.84,residential,6,,,,auto,
1010,,1535,592,591,1,"LINESTRING (116.399971 39.922145, 116.399199 39.922135)",1,65.84,residential,6,,,,auto,
1011,,1536,587,593,1,"LINESTRING (116.399226 39.921648, 116.399992 39.921664)",1,65.35,residential,6,,,,auto,
1012,,1536,593,587,1,"LINESTRING (116.399992 39.921664, 116.399226 39.921648)",1,65.35,residential,6,,,,auto,
1013,,1537,587,566,1,"LINESTRING (116.399226 39.921648, 116.399231 39.921678)",1,3.36,residential,6,,,,auto,
1014,,1537,566,587,1,"LINESTRING (116.399231 39.921678, 116.399226 39.921648)",1,3.36,residential,6,,,,auto,
1015,南池子大街,1544,552,550,1,"LINESTRING (116.396944 39.909492, 116.396907 39.910253)",1,84.68,tertiary,5,,1,,auto,
1016,南池子大街,1544,550,552,1,"LINESTRING (116.396907 39.910253, 116.396944 39.909492)",1,84.68,tertiary,5,,1,,auto,
1017,南池子大街,1545,552,557,1,"LINESTRING (116.396944 39.909492, 116.396958 39.909212)",1,31.16,tertiary,5,,1,,auto,
1018,南池子大街,1545,557,552,1,"LINESTRING (116.396958 39.909212, 116.396944 39.909492)",1,31.16,tertiary,5,,1,,auto,
1019,大宴乐胡同,1546,594,571,1,"LINESTRING (116.385618 39.906987, 116.385491 39.906984)",1,10.84,residential,6,,,,auto,
1020,大宴乐胡同,1546,571,594,1,"LINESTRING (116.385491 39.906984, 116.385618 39.906987)",1,10.84,residential,6,,,,auto,
1021,南长街,1547,594,595,1,"LINESTRING (116.385618 39.906987, 116.385649 39.906805)",1,20.41,tertiary,5,,,,auto,
1022,南长街,1547,595,594,1,"LINESTRING (116.385649 39.906805, 116.385618 39.906987)",1,20.41,tertiary,5,,,,auto,
1023,南长街,1548,594,596,1,"LINESTRING (116.385618 39.906987, 116.385606 39.90731)",1,35.93,tertiary,5,,,,auto,
1024,南长街,1548,596,594,1,"LINESTRING (116.385606 39.90731, 116.385618 39.906987)",1,35.93,tertiary,5,,,,auto,
1025,普渡寺前巷,1549,590,597,1,"LINESTRING (116.398476 39.911444, 116.398317 39.911437)",1,13.58,residential,6,,,,auto,
1026,普渡寺前巷,1549,597,590,1,"LINESTRING (116.398317 39.911437, 116.398476 39.911444)",1,13.58,residential,6,,,,auto,
1027,普渡寺前巷,1550,590,560,1,"LINESTRING (116.398476 39.911444, 116.398625 39.91145)",1,12.73,residential,6,,,,auto,
1028,普渡寺前巷,1550,560,590,1,"LINESTRING (116.398625 39.91145, 116.398476 39.911444)",1,12.73,residential,6,,,,auto,
1029,,1551,590,589,1,"LINESTRING (116.398476 39.911444, 116.398482 39.910846)",1,66.50,residential,6,,,,auto,
1030,,1551,589,590,1,"LINESTRING (116.398482 39.910846, 116.398476 39.911444)",1,66.50,residential,6,,,,auto,
1031,,1558,548,541,1,"LINESTRING (116.399553 39.91445, 116.398794 39.91445)",1,64.73,residential,6,,,,auto,
1032,,1558,541,548,1,"LINESTRING (116.398794 39.91445, 116.399553 39.91445)",1,64.73,residential,6,,,,auto,
1033,,1559,548,547,1,"LINESTRING (116.399553 39.91445, 116.399553 39.915246)",1,88.51,residential,6,,,,auto,
1034,,1559,547,548,1,"LINESTRING (116.399553 39.915246, 116.399553 39.91445)",1,88.51,residential,6,,,,auto,
1035,,1560,492,489,1,"LINESTRING (116.39765 39.915745, 116.39765 39.916016)",1,30.13,residential,6,,,,auto,
1036,,1560,489,492,1,"LINESTRING (116.39765 39.916016, 116.39765 39.915745)",1,30.13,residential,6,,,,auto,
1037,,1561,492,66,1,"LINESTRING (116.39765 39.915745, 116.396641 39.915726)",1,86.08,residential,6,,,,auto,
1038,,1561,66,492,1,"LINESTRING (116.396641 39.915726, 116.39765 39.915745)",1,86.08,residential,6,,,,auto,
1039,南长街,1567,595,598,1,"LINESTRING (116.385649 39.906805, 116.385675 39.90656)",1,27.33,tertiary,5,,,,auto,
1040,南长街,1567,598,595,1,"LINESTRING (116.385675 39.90656, 116.385649 39.906805)",1,27.33,tertiary,5,,,,auto,
1041,南长街,1568,595,594,1,"LINESTRING (116.385649 39.906805, 116.385618 39.906987)",1,20.41,tertiary,5,,,,auto,
1042,南长街,1568,594,595,1,"LINESTRING (116.385618 39.906987, 116.385649 39.906805)",1,20.41,tertiary,5,,,,auto,
1043,普渡寺前巷,1569,599,568,1,"LINESTRING (116.397947 39.91142, 116.397226 39.911388)",1,61.60,residential,6,,,,auto,
1044,普渡寺前巷,1569,568,599,1,"LINESTRING (116.397226 39.911388, 116.397947 39.91142)",1,61.60,residential,6,,,,auto,
1045,普渡寺前巷,1570,599,597,1,"LINESTRING (116.397947 39.91142, 116.398317 39.911437)",1,31.61,residential,6,,,,auto,
1046,普渡寺前巷,1570,597,599,1,"LINESTRING (116.398317 39.911437, 116.397947 39.91142)",1,31.61,residential,6,,,,auto,
1047,,1574,600,592,1,"LINESTRING (116.400076 39.922147, 116.399971 39.922145)",1,8.96,residential,6,,,,auto,
1048,,1574,592,600,1,"LINESTRING (116.399971 39.922145, 116.400076 39.922147)",1,8.96,residential,6,,,,auto,
1049,北河沿大街,1575,600,601,1,"LINESTRING (116.400076 39.922147, 116.400084 39.921666)",1,53.49,secondary,4,,,,auto,
1050,北河沿大街,1575,601,600,1,"LINESTRING (116.400084 39.921666, 116.400076 39.922147)",1,53.49,secondary,4,,,,auto,
1051,,1577,582,581,1,"LINESTRING (116.399318 39.91628, 116.39812 39.916265)",1,102.18,residential,6,,,,auto,
1052,,1577,581,582,1,"LINESTRING (116.39812 39.916265, 116.399318 39.91628)",1,102.18,residential,6,,,,auto,
1053,普渡寺前巷,1581,568,567,1,"LINESTRING (116.397226 39.911388, 116.396825 39.911373)",1,34.24,residential,6,,,,auto,
1054,普渡寺前巷,1581,567,568,1,"LINESTRING (116.396825 39.911373, 116.397226 39.911388)",1,34.24,residential,6,,,,auto,
1055,普渡寺前巷,1582,568,599,1,"LINESTRING (116.397226 39.911388, 116.397947 39.91142)",1,61.60,residential,6,,,,auto,
1056,普渡寺前巷,1582,599,568,1,"LINESTRING (116.397947 39.91142, 116.397226 39.911388)",1,61.60,residential,6,,,,auto,
1057,,1583,568,602,1,"LINESTRING (116.397226 39.911388, 116.397271 39.91083)",1,62.17,residential,6,,,,auto,
1058,,1583,602,568,1,"LINESTRING (116.397271 39.91083, 116.397226 39.911388)",1,62.17,residential,6,,,,auto,
1059,,1586,575,573,1,"LINESTRING (116.397143 39.916713, 116.397617 39.916738)",1,40.52,residential,6,,,,auto,
1060,,1586,573,575,1,"LINESTRING (116.397617 39.916738, 116.397143 39.916713)",1,40.52,residential,6,,,,auto,
1061,,1587,575,578,1,"LINESTRING (116.397143 39.916713, 116.397145 39.916563)",1,16.68,residential,6,,,,auto,
1062,,1587,578,575,1,"LINESTRING (116.397145 39.916563, 116.397143 39.916713)",1,16.68,residential,6,,,,auto,
1063,骑河楼南巷,1588,484,487,1,"LINESTRING (116.397557 39.917981, 116.397564 39.917639)",1,38.03,residential,6,,,,auto,
1064,骑河楼南巷,1588,487,484,1,"LINESTRING (116.397564 39.917639, 116.397557 39.917981)",1,38.03,residential,6,,,,auto,
1065,骑河楼南巷,1589,484,483,1,"LINESTRING (116.397557 39.917981, 116.397537 39.918424)",1,49.29,residential,6,,,,auto,
1066,骑河楼南巷,1589,483,484,1,"LINESTRING (116.397537 39.918424, 116.397557 39.917981)",1,49.29,residential,6,,,,auto,
1067,南池子大街,1592,558,557,1,"LINESTRING (116.397014 39.90807, 116.396958 39.909212)",1,127.07,tertiary,5,,1,,auto,
1068,南池子大街,1592,557,558,1,"LINESTRING (116.396958 39.909212, 116.397014 39.90807)",1,127.07,tertiary,5,,1,,auto,
1069,南池子大街,1593,558,603,1,"LINESTRING (116.397014 39.90807, 116.397023 39.907899)",1,19.03,tertiary,5,,1,,auto,
1070,南池子大街,1593,603,558,1,"LINESTRING (116.397023 39.907899, 116.397014 39.90807)",1,19.03,tertiary,5,,1,,auto,
1071,,1594,604,549,1,"LINESTRING (116.400323 39.915265, 116.400214 39.915263)",1,9.30,residential,6,,,,auto,
1072,,1594,549,604,1,"LINESTRING (116.400214 39.915263, 116.400323 39.915265)",1,9.30,residential,6,,,,auto,
1073,北河沿大街,1595,604,605,1,"LINESTRING (116.400323 39.915265, 116.400281 39.916143)",1,97.69,secondary,4,,,,auto,
1074,北河沿大街,1595,605,604,1,"LINESTRING (116.400281 39.916143, 116.400323 39.915265)",1,97.69,secondary,4,,,,auto,
1075,北河沿大街,1596,604,606,1,"LINESTRING (116.400323 39.915265, 116.400351 39.914415)",1,94.55,secondary,4,,,,auto,
1076,北河沿大街,1596,606,604,1,"LINESTRING (116.400351 39.914415, 116.400323 39.915265)",1,94.55,secondary,4,,,,auto,
1077,,1600,576,544,1,"LINESTRING (116.398488 39.91076, 116.398998 39.910768)",1,43.51,residential,6,,,,auto,
1078,,1600,544,576,1,"LINESTRING (116.398998 39.910768, 116.398488 39.91076)",1,43.51,residential,6,,,,auto,
1079,,1601,576,588,1,"LINESTRING (116.398488 39.91076, 116.398504 39.910347)",1,45.94,residential,6,,,,auto,
1080,,1601,588,576,1,"LINESTRING (116.398504 39.910347, 116.398488 39.91076)",1,45.94,residential,6,,,,auto,
1081,,1602,576,589,1,"LINESTRING (116.398488 39.91076, 116.398482 39.910846)",1,9.58,residential,6,,,,auto,
1082,,1602,589,576,1,"LINESTRING (116.398482 39.910846, 116.398488 39.91076)",1,9.58,residential,6,,,,auto,
1083,,1605,602,568,1,"LINESTRING (116.397271 39.91083, 116.397226 39.911388)",1,62.17,residential,6,,,,auto,
1084,,1605,568,602,1,"LINESTRING (116.397226 39.911388, 116.397271 39.91083)",1,62.17,residential,6,,,,auto,
1085,,1608,586,578,1,"LINESTRING (116.397173 39.916298, 116.397145 39.916563)",1,29.56,residential,6,,,,auto,
1086,,1608,578,586,1,"LINESTRING (116.397145 39.916563, 116.397173 39.916298)",1,29.56,residential,6,,,,auto,
1087,,1609,586,491,1,"LINESTRING (116.397173 39.916298, 116.397642 39.916318)",1,40.06,residential,6,,,,auto,
1088,,1609,491,586,1,"LINESTRING (116.397642 39.916318, 116.397173 39.916298)",1,40.06,residential,6,,,,auto,
1089,,1615,601,593,1,"LINESTRING (116.400084 39.921666, 116.399992 39.921664)",1,7.85,residential,6,,,,auto,
1090,,1615,593,601,1,"LINESTRING (116.399992 39.921664, 116.400084 39.921666)",1,7.85,residential,6,,,,auto,
1091,北河沿大街,1616,601,600,1,"LINESTRING (116.400084 39.921666, 116.400076 39.922147)",1,53.49,secondary,4,,,,auto,
1092,北河沿大街,1616,600,601,1,"LINESTRING (116.400076 39.922147, 116.400084 39.921666)",1,53.49,secondary,4,,,,auto,
1093,北河沿大街,1617,601,607,1,"LINESTRING (116.400084 39.921666, 116.400093 39.921376)",1,32.26,secondary,4,,,,auto,
1094,北河沿大街,1617,607,601,1,"LINESTRING (116.400093 39.921376, 116.400084 39.921666)",1,32.26,secondary,4,,,,auto,
1095,,1618,494,581,1,"LINESTRING (116.39812 39.916012, 116.39812 39.916265)",1,28.13,residential,6,,,,auto,
1096,,1618,581,494,1,"LINESTRING (116.39812 39.916265, 116.39812 39.916012)",1,28.13,residential,6,,,,auto,
1097,,1619,494,490,1,"LINESTRING (116.39812 39.916012, 116.39796 39.916011)",1,13.65,residential,6,,,,auto,
1098,,1619,490,494,1,"LINESTRING (116.39796 39.916011, 116.39812 39.916012)",1,13.65,residential,6,,,,auto,
1099,灯市口西街,1624,608,210,1,"LINESTRING (116.400257 39.91704, 116.400533 39.916957)",1,25.28,tertiary,5,,,,auto,
1100,灯市口西街,1624,210,608,1,"LINESTRING (116.400533 39.916957, 116.400257 39.91704)",1,25.28,tertiary,5,,,,auto,
1101,智德北巷,1625,608,609,1,"LINESTRING (116.400257 39.91704, 116.400159 39.917064)",1,8.77,residential,6,,,,auto,
1102,智德北巷,1625,609,608,1,"LINESTRING (116.400159 39.917064, 116.400257 39.91704)",1,8.77,residential,6,,,,auto,
1103,北河沿大街,1626,608,610,1,"LINESTRING (116.400257 39.91704, 116.400219 39.917717)",1,75.35,secondary,4,,,,auto,
1104,北河沿大街,1626,610,608,1,"LINESTRING (116.400219 39.917717, 116.400257 39.91704)",1,75.35,secondary,4,,,,auto,
1105,北河沿大街,1627,608,605,1,"LINESTRING (116.400257 39.91704, 116.400281 39.916143)",1,99.76,secondary,4,,,,auto,
1106,北河沿大街,1627,605,608,1,"LINESTRING (116.400281 39.916143, 116.400257 39.91704)",1,99.76,secondary,4,,,,auto,
1107,,1628,562,559,1,"LINESTRING (116.39901 39.91155, 116.398989 39.911474)",1,8.64,residential,6,,,,auto,
1108,,1628,559,562,1,"LINESTRING (116.398989 39.911474, 116.39901 39.91155)",1,8.64,residential,6,,,,auto,
1109,,1629,562,611,1,"LINESTRING (116.39901 39.91155, 116.399044 39.911646)",1,11.06,residential,6,,,,auto,
1110,,1629,611,562,1,"LINESTRING (116.399044 39.911646, 116.39901 39.91155)",1,11.06,residential,6,,,,auto,
1111,南池子大街,1634,612,603,1,"LINESTRING (116.397039 39.907574, 116.397023 39.907899)",1,36.16,tertiary,5,,1,,auto,
1112,南池子大街,1634,603,612,1,"LINESTRING (116.397023 39.907899, 116.397039 39.907574)",1,36.16,tertiary,5,,1,,auto,
1113,南池子大街,1635,612,613,1,"LINESTRING (116.397039 39.907574, 116.397048 39.907395)",1,19.92,tertiary,5,,1,,auto,
1114,南池子大街,1635,613,612,1,"LINESTRING (116.397048 39.907395, 116.397039 39.907574)",1,19.92,tertiary,5,,1,,auto,
1115,沙塘南巷,1636,565,563,1,"LINESTRING (116.39903 39.922122, 116.399045 39.921678)",1,49.39,residential,6,,,,auto,
1116,沙塘南巷,1636,563,565,1,"LINESTRING (116.399045 39.921678, 116.39903 39.922122)",1,49.39,residential,6,,,,auto,
1117,沙塘南巷,1637,565,556,1,"LINESTRING (116.39903 39.922122, 116.398944 39.922123)",1,7.33,residential,6,,,,auto,
1118,沙塘南巷,1637,556,565,1,"LINESTRING (116.398944 39.922123, 116.39903 39.922122)",1,7.33,residential,6,,,,auto,
1119,,1638,541,540,1,"LINESTRING (116.398794 39.91445, 116.398842 39.913836)",1,68.40,residential,6,,,,auto,
1120,,1638,540,541,1,"LINESTRING (116.398842 39.913836, 116.398794 39.91445)",1,68.40,residential,6,,,,auto,
1121,,1639,541,548,1,"LINESTRING (116.398794 39.91445, 116.399553 39.91445)",1,64.73,residential,6,,,,auto,
1122,,1639,548,541,1,"LINESTRING (116.399553 39.91445, 116.398794 39.91445)",1,64.73,residential,6,,,,auto,
1123,大纱帽胡同,1647,614,615,1,"LINESTRING (116.402621 39.909194, 116.402752 39.909188)",1,11.19,residential,6,,,,auto,
1124,大纱帽胡同,1647,615,614,1,"LINESTRING (116.402752 39.909188, 116.402621 39.909194)",1,11.19,residential,6,,,,auto,
1125,,1648,614,616,1,"LINESTRING (116.402621 39.909194, 116.402627 39.90902)",1,19.35,residential,6,,,,auto,
1126,,1648,616,614,1,"LINESTRING (116.402627 39.90902, 116.402621 39.909194)",1,19.35,residential,6,,,,auto,
1127,,1649,614,617,1,"LINESTRING (116.402621 39.909194, 116.402616 39.909284)",1,10.02,residential,6,,,,auto,
1128,,1649,617,614,1,"LINESTRING (116.402616 39.909284, 116.402621 39.909194)",1,10.02,residential,6,,,,auto,
1129,南口袋胡同,1650,614,618,1,"LINESTRING (116.402621 39.909194, 116.402431 39.90919)",1,16.21,residential,6,,,,auto,
1130,南口袋胡同,1650,618,614,1,"LINESTRING (116.402431 39.90919, 116.402621 39.909194)",1,16.21,residential,6,,,,auto,
1131,,1655,619,620,1,"LINESTRING (116.41437 39.914683, 116.414301 39.914812)",1,15.50,residential,6,,,,auto,
1132,,1655,620,619,1,"LINESTRING (116.414301 39.914812, 116.41437 39.914683)",1,15.50,residential,6,,,,auto,
1133,,1656,619,621,1,"LINESTRING (116.41437 39.914683, 116.414393 39.91459)",1,10.53,residential,6,,,,auto,
1134,,1656,621,619,1,"LINESTRING (116.414393 39.91459, 116.41437 39.914683)",1,10.53,residential,6,,,,auto,
1135,,1657,622,623,1,"LINESTRING (116.403622 39.918173, 116.403692 39.917084)",1,121.24,residential,6,,,,auto,
1136,,1657,623,622,1,"LINESTRING (116.403692 39.917084, 116.403622 39.918173)",1,121.24,residential,6,,,,auto,
1137,,1662,624,262,1,"LINESTRING (116.404493 39.915501, 116.404667 39.915492)",1,14.87,unclassified,20,,,,auto,
1138,,1662,262,624,1,"LINESTRING (116.404667 39.915492, 116.404493 39.915501)",1,14.87,unclassified,20,,,,auto,
1139,,1663,624,625,1,"LINESTRING (116.404493 39.915501, 116.403903 39.915503)",1,50.32,unclassified,20,,,,auto,
1140,,1663,625,624,1,"LINESTRING (116.403903 39.915503, 116.404493 39.915501)",1,50.32,unclassified,20,,,,auto,
1141,,1668,626,627,1,"LINESTRING (116.408184 39.914339, 116.408178 39.914139)",1,22.24,residential,6,,,,auto,
1142,,1668,627,626,1,"LINESTRING (116.408178 39.914139, 116.408184 39.914339)",1,22.24,residential,6,,,,auto,
1143,,1669,626,628,1,"LINESTRING (116.408184 39.914339, 116.408193 39.91482)",1,53.49,residential,6,,,,auto,
1144,,1669,628,626,1,"LINESTRING (116.408193 39.91482, 116.408184 39.914339)",1,53.49,residential,6,,,,auto,
1145,,1670,626,629,1,"LINESTRING (116.408184 39.914339, 116.407341 39.914333)",1,71.90,residential,6,,,,auto,
1146,,1670,629,626,1,"LINESTRING (116.407341 39.914333, 116.408184 39.914339)",1,71.90,residential,6,,,,auto,
1147,菜厂胡同,1671,630,631,1,"LINESTRING (116.402192 39.912872, 116.402201 39.91264)",1,25.81,residential,6,,,,auto,
1148,菜厂胡同,1671,631,630,1,"LINESTRING (116.402201 39.91264, 116.402192 39.912872)",1,25.81,residential,6,,,,auto,
1149,菜厂胡同,1672,630,247,1,"LINESTRING (116.402192 39.912872, 116.402768 39.912888)",1,49.16,residential,6,,,,auto,
1150,菜厂胡同,1672,247,630,1,"LINESTRING (116.402768 39.912888, 116.402192 39.912872)",1,49.16,residential,6,,,,auto,
1151,,1673,632,633,1,"LINESTRING (116.403706 39.920138, 116.404424 39.92016)",1,61.28,residential,6,,,,auto,
1152,,1673,633,632,1,"LINESTRING (116.404424 39.92016, 116.403706 39.920138)",1,61.28,residential,6,,,,auto,
1153,,1674,632,634,1,"LINESTRING (116.403706 39.920138, 116.403347 39.919897)",1,40.69,residential,6,,,,auto,
1154,,1674,634,632,1,"LINESTRING (116.403347 39.919897, 116.403706 39.920138)",1,40.69,residential,6,,,,auto,
1155,同福夹道,1680,635,636,1,"LINESTRING (116.410083 39.918005, 116.410195 39.917847)",1,20.00,residential,6,,,,auto,
1156,同福夹道,1680,636,635,1,"LINESTRING (116.410195 39.917847, 116.410083 39.918005)",1,20.00,residential,6,,,,auto,
1157,同福夹道,1681,635,637,1,"LINESTRING (116.410083 39.918005, 116.409638 39.918011)",1,37.96,residential,6,,,,auto,
1158,同福夹道,1681,637,635,1,"LINESTRING (116.409638 39.918011, 116.410083 39.918005)",1,37.96,residential,6,,,,auto,
1159,东厂北巷,1684,638,639,1,"LINESTRING (116.402017 39.921601, 116.401967 39.921474)",1,14.75,residential,6,,,,auto,
1160,东厂北巷,1684,639,638,1,"LINESTRING (116.401967 39.921474, 116.402017 39.921601)",1,14.75,residential,6,,,,auto,
1161,东厂北巷,1685,638,640,1,"LINESTRING (116.402017 39.921601, 116.402032 39.922199)",1,66.51,residential,6,,,,auto,
1162,东厂北巷,1685,640,638,1,"LINESTRING (116.402032 39.922199, 116.402017 39.921601)",1,66.51,residential,6,,,,auto,
1163,,1686,638,641,1,"LINESTRING (116.402017 39.921601, 116.401097 39.921572)",1,78.52,residential,6,,,,auto,
1164,,1686,641,638,1,"LINESTRING (116.401097 39.921572, 116.402017 39.921601)",1,78.52,residential,6,,,,auto,
1165,,1698,620,642,1,"LINESTRING (116.414301 39.914812, 116.414212 39.914974)",1,19.55,residential,6,,,,auto,
1166,,1698,642,620,1,"LINESTRING (116.414212 39.914974, 116.414301 39.914812)",1,19.55,residential,6,,,,auto,
1167,,1699,620,619,1,"LINESTRING (116.414301 39.914812, 116.41437 39.914683)",1,15.50,residential,6,,,,auto,
1168,,1699,619,620,1,"LINESTRING (116.41437 39.914683, 116.414301 39.914812)",1,15.50,residential,6,,,,auto,
1169,,1704,643,254,1,"LINESTRING (116.407398 39.917239, 116.40742 39.916263)",1,108.54,unclassified,20,,,,auto,
1170,,1704,254,643,1,"LINESTRING (116.40742 39.916263, 116.407398 39.917239)",1,108.54,unclassified,20,,,,auto,
1171,灯市口大街,1705,643,644,1,"LINESTRING (116.407398 39.917239, 116.407545 39.917241)",1,12.54,tertiary,5,,,,auto,
1172,灯市口大街,1705,644,643,1,"LINESTRING (116.407545 39.917241, 116.407398 39.917239)",1,12.54,tertiary,5,,,,auto,
1173,灯市口大街,1706,643,645,1,"LINESTRING (116.407398 39.917239, 116.406602 39.917208)",1,67.97,tertiary,5,,,,auto,
1174,灯市口大街,1706,645,643,1,"LINESTRING (116.406602 39.917208, 116.407398 39.917239)",1,67.97,tertiary,5,,,,auto,
1175,,1712,633,646,1,"LINESTRING (116.404424 39.92016, 116.404446 39.919436)",1,80.53,residential,6,,,,auto,
1176,,1712,646,633,1,"LINESTRING (116.404446 39.919436, 116.404424 39.92016)",1,80.53,residential,6,,,,auto,
1177,,1713,633,647,1,"LINESTRING (116.404424 39.92016, 116.404647 39.920163)",1,19.02,residential,6,,,,auto,
1178,,1713,647,633,1,"LINESTRING (116.404647 39.920163, 116.404424 39.92016)",1,19.02,residential,6,,,,auto,
1179,,1714,633,632,1,"LINESTRING (116.404424 39.92016, 116.403706 39.920138)",1,61.28,residential,6,,,,auto,
1180,,1714,632,633,1,"LINESTRING (116.403706 39.920138, 116.404424 39.92016)",1,61.28,residential,6,,,,auto,
1181,,1715,648,649,1,"LINESTRING (116.400568 39.90963, 116.401103 39.909628)",1,45.63,residential,6,,,,auto,
1182,,1715,649,648,1,"LINESTRING (116.401103 39.909628, 116.400568 39.90963)",1,45.63,residential,6,,,,auto,
1183,南河沿大街,1716,648,650,1,"LINESTRING (116.400568 39.90963, 116.400558 39.90982)",1,21.14,secondary,4,,,,auto,
1184,南河沿大街,1716,650,648,1,"LINESTRING (116.400558 39.90982, 116.400568 39.90963)",1,21.14,secondary,4,,,,auto,
1185,南河沿大街,1717,648,651,1,"LINESTRING (116.400568 39.90963, 116.40056 39.909417)",1,23.69,secondary,4,,,,auto,
1186,南河沿大街,1717,651,648,1,"LINESTRING (116.40056 39.909417, 116.400568 39.90963)",1,23.69,secondary,4,,,,auto,
1187,同福夹道,1718,636,652,1,"LINESTRING (116.410195 39.917847, 116.410203 39.917354)",1,54.82,residential,6,,,,auto,
1188,同福夹道,1718,652,636,1,"LINESTRING (116.410203 39.917354, 116.410195 39.917847)",1,54.82,residential,6,,,,auto,
1189,同福夹道,1719,636,635,1,"LINESTRING (116.410195 39.917847, 116.410083 39.918005)",1,20.00,residential,6,,,,auto,
1190,同福夹道,1719,635,636,1,"LINESTRING (116.410083 39.918005, 116.410195 39.917847)",1,20.00,residential,6,,,,auto,
1191,大纱帽胡同,1731,653,654,1,"LINESTRING (116.404127 39.909114, 116.403902 39.909135)",1,19.33,residential,6,,,,auto,
1192,大纱帽胡同,1731,654,653,1,"LINESTRING (116.403902 39.909135, 116.404127 39.909114)",1,19.33,residential,6,,,,auto,
1193,大纱帽胡同,1732,653,655,1,"LINESTRING (116.404127 39.909114, 116.404337 39.909121)",1,17.93,residential,6,,,,auto,
1194,大纱帽胡同,1732,655,653,1,"LINESTRING (116.404337 39.909121, 116.404127 39.909114)",1,17.93,residential,6,,,,auto,
1195,史家胡同,1733,656,81,1,"LINESTRING (116.413629 39.91702, 116.411452 39.916972)",1,185.74,tertiary,5,,,,auto,
1196,,1734,656,657,1,"LINESTRING (116.413629 39.91702, 116.413673 39.915604)",1,157.50,residential,6,,,,auto,
1197,,1734,657,656,1,"LINESTRING (116.413673 39.915604, 116.413629 39.91702)",1,157.50,residential,6,,,,auto,
1198,,1743,658,214,1,"LINESTRING (116.401904 39.912307, 116.401926 39.911662)",1,71.75,residential,6,,,,auto,
1199,,1743,214,658,1,"LINESTRING (116.401926 39.911662, 116.401904 39.912307)",1,71.75,residential,6,,,,auto,
1200,,1744,658,252,1,"LINESTRING (116.401904 39.912307, 116.402798 39.912327)",1,76.28,residential,6,,,,auto,
1201,,1744,252,658,1,"LINESTRING (116.402798 39.912327, 116.401904 39.912307)",1,76.28,residential,6,,,,auto,
1202,,1745,646,633,1,"LINESTRING (116.404446 39.919436, 116.404424 39.92016)",1,80.53,residential,6,,,,auto,
1203,,1745,633,646,1,"LINESTRING (116.404424 39.92016, 116.404446 39.919436)",1,80.53,residential,6,,,,auto,
1204,,1746,646,659,1,"LINESTRING (116.404446 39.919436, 116.40372 39.919409)",1,61.99,residential,6,,,,auto,
1205,,1746,659,646,1,"LINESTRING (116.40372 39.919409, 116.404446 39.919436)",1,61.99,residential,6,,,,auto,
1206,,1747,646,660,1,"LINESTRING (116.404446 39.919436, 116.404677 39.919443)",1,19.72,residential,6,,,,auto,
1207,,1747,660,646,1,"LINESTRING (116.404677 39.919443, 116.404446 39.919436)",1,19.72,residential,6,,,,auto,
1208,,1750,661,634,1,"LINESTRING (116.403272 39.919736, 116.403347 39.919897)",1,19.01,residential,6,,,,auto,
1209,,1750,634,661,1,"LINESTRING (116.403347 39.919897, 116.403272 39.919736)",1,19.01,residential,6,,,,auto,
1210,,1751,661,662,1,"LINESTRING (116.403272 39.919736, 116.403559 39.919527)",1,33.75,residential,6,,,,auto,
1211,,1751,662,661,1,"LINESTRING (116.403559 39.919527, 116.403272 39.919736)",1,33.75,residential,6,,,,auto,
1212,,1752,663,664,1,"LINESTRING (116.400567 39.910184, 116.401076 39.910184)",1,43.41,residential,6,,,,auto,
1213,,1752,664,663,1,"LINESTRING (116.401076 39.910184, 116.400567 39.910184)",1,43.41,residential,6,,,,auto,
1214,南河沿大街,1753,663,222,1,"LINESTRING (116.400567 39.910184, 116.400572 39.910592)",1,45.37,secondary,4,,,,auto,
1215,南河沿大街,1753,222,663,1,"LINESTRING (116.400572 39.910592, 116.400567 39.910184)",1,45.37,secondary,4,,,,auto,
1216,南河沿大街,1754,663,650,1,"LINESTRING (116.400567 39.910184, 116.400558 39.90982)",1,40.48,secondary,4,,,,auto,
1217,南河沿大街,1754,650,663,1,"LINESTRING (116.400558 39.90982, 116.400567 39.910184)",1,40.48,secondary,4,,,,auto,
1218,霞公府街,1755,507,665,1,"LINESTRING (116.401524 39.907944, 116.401592 39.907918)",1,6.48,residential,6,,,,auto,
1219,霞公府街,1755,665,507,1,"LINESTRING (116.401592 39.907918, 116.401524 39.907944)",1,6.48,residential,6,,,,auto,
1220,霞公府街,1756,507,505,1,"LINESTRING (116.401524 39.907944, 116.401136 39.908219)",1,45.06,residential,6,,,,auto,
1221,霞公府街,1756,505,507,1,"LINESTRING (116.401136 39.908219, 116.401524 39.907944)",1,45.06,residential,6,,,,auto,
1222,金鱼胡同,1757,666,667,1,"LINESTRING (116.410727 39.914155, 116.408696 39.914142)",1,173.22,secondary,4,,,,auto,
1223,金鱼胡同,1757,667,666,1,"LINESTRING (116.408696 39.914142, 116.410727 39.914155)",1,173.22,secondary,4,,,,auto,
1224,金鱼胡同,1758,666,668,1,"LINESTRING (116.410727 39.914155, 116.411371 39.914159)",1,54.93,secondary,4,,,,auto,
1225,金鱼胡同,1758,668,666,1,"LINESTRING (116.411371 39.914159, 116.410727 39.914155)",1,54.93,secondary,4,,,,auto,
1226,玉石胡同,1760,91,90,1,"LINESTRING (116.406964 39.92119, 116.406995 39.920542)",1,72.10,residential,6,,,,auto,
1227,玉石胡同,1760,90,91,1,"LINESTRING (116.406995 39.920542, 116.406964 39.92119)",1,72.10,residential,6,,,,auto,
1228,灯市口北巷,1766,644,669,1,"LINESTRING (116.407545 39.917241, 116.407507 39.91876)",1,168.94,residential,6,,,,auto,
1229,灯市口北巷,1766,669,644,1,"LINESTRING (116.407507 39.91876, 116.407545 39.917241)",1,168.94,residential,6,,,,auto,
1230,灯市口大街,1767,644,670,1,"LINESTRING (116.407545 39.917241, 116.409687 39.917332)",1,182.96,tertiary,5,,,,auto,
1231,灯市口大街,1767,670,644,1,"LINESTRING (116.409687 39.917332, 116.407545 39.917241)",1,182.96,tertiary,5,,,,auto,
1232,灯市口大街,1768,644,643,1,"LINESTRING (116.407545 39.917241, 116.407398 39.917239)",1,12.54,tertiary,5,,,,auto,
1233,灯市口大街,1768,643,644,1,"LINESTRING (116.407398 39.917239, 116.407545 39.917241)",1,12.54,tertiary,5,,,,auto,
1234,锡拉胡同,1772,671,672,1,"LINESTRING (116.404927 39.914954, 116.40469 39.914952)",1,20.21,unclassified,20,,,,auto,
1235,锡拉胡同,1772,672,671,1,"LINESTRING (116.40469 39.914952, 116.404927 39.914954)",1,20.21,unclassified,20,,,,auto,
1236,东单三条,1776,673,674,1,"LINESTRING (116.40953 39.909194, 116.409198 39.909198)",1,28.32,tertiary,5,,,,auto,
1237,东单三条,1776,674,673,1,"LINESTRING (116.409198 39.909198, 116.40953 39.909194)",1,28.32,tertiary,5,,,,auto,
1238,东单三条,1777,673,675,1,"LINESTRING (116.40953 39.909194, 116.410955 39.90918)",1,121.55,tertiary,5,,,,auto,
1239,东单三条,1777,675,673,1,"LINESTRING (116.410955 39.90918, 116.40953 39.909194)",1,121.55,tertiary,5,,,,auto,
1240,,1779,676,677,1,"LINESTRING (116.406538 39.910253, 116.406576 39.909193)",1,117.91,residential,6,,,,auto,
1241,,1779,677,676,1,"LINESTRING (116.406576 39.909193, 116.406538 39.910253)",1,117.91,residential,6,,,,auto,
1242,东单三条,1781,674,228,1,"LINESTRING (116.409198 39.909198, 116.408593 39.909204)",1,51.61,tertiary,5,,,,auto,
1243,东单三条,1781,228,674,1,"LINESTRING (116.408593 39.909204, 116.409198 39.909198)",1,51.61,tertiary,5,,,,auto,
1244,东单三条,1782,674,673,1,"LINESTRING (116.409198 39.909198, 116.40953 39.909194)",1,28.32,tertiary,5,,,,auto,
1245,东单三条,1782,673,674,1,"LINESTRING (116.40953 39.909194, 116.409198 39.909198)",1,28.32,tertiary,5,,,,auto,
1246,西堂子胡同,1783,628,678,1,"LINESTRING (116.408193 39.91482, 116.408546 39.914826)",1,30.11,residential,6,,,,auto,
1247,西堂子胡同,1783,678,628,1,"LINESTRING (116.408546 39.914826, 116.408193 39.91482)",1,30.11,residential,6,,,,auto,
1248,西堂子胡同,1784,628,265,1,"LINESTRING (116.408193 39.91482, 116.406378 39.91479)",1,154.83,residential,6,,,,auto,
1249,西堂子胡同,1784,265,628,1,"LINESTRING (116.406378 39.91479, 116.408193 39.91482)",1,154.83,residential,6,,,,auto,
1250,,1785,628,626,1,"LINESTRING (116.408193 39.91482, 116.408184 39.914339)",1,53.49,residential,6,,,,auto,
1251,,1785,626,628,1,"LINESTRING (116.408184 39.914339, 116.408193 39.91482)",1,53.49,residential,6,,,,auto,
1252,,1788,679,680,1,"LINESTRING (116.402532 39.910621, 116.402551 39.910499)",1,13.66,residential,6,,,,auto,
1253,,1788,680,679,1,"LINESTRING (116.402551 39.910499, 116.402532 39.910621)",1,13.66,residential,6,,,,auto,
1254,大甜水井胡同,1789,679,681,1,"LINESTRING (116.402532 39.910621, 116.402713 39.910634)",1,15.51,residential,6,,,,auto,
1255,大甜水井胡同,1789,681,679,1,"LINESTRING (116.402713 39.910634, 116.402532 39.910621)",1,15.51,residential,6,,,,auto,
1256,大甜水井胡同,1790,679,682,1,"LINESTRING (116.402532 39.910621, 116.402314 39.910627)",1,18.61,residential,6,,,,auto,
1257,大甜水井胡同,1790,682,679,1,"LINESTRING (116.402314 39.910627, 116.402532 39.910621)",1,18.61,residential,6,,,,auto,
1258,晨光街,1794,683,649,1,"LINESTRING (116.401096 39.909165, 116.401103 39.909628)",1,51.49,residential,6,,,,auto,
1259,晨光街,1794,649,683,1,"LINESTRING (116.401103 39.909628, 116.401096 39.909165)",1,51.49,residential,6,,,,auto,
1260,晨光街,1795,683,684,1,"LINESTRING (116.401096 39.909165, 116.401117 39.908352)",1,90.42,residential,6,,,,auto,
1261,晨光街,1795,684,683,1,"LINESTRING (116.401117 39.908352, 116.401096 39.909165)",1,90.42,residential,6,,,,auto,
1262,南口袋胡同,1796,683,685,1,"LINESTRING (116.401096 39.909165, 116.401195 39.909163)",1,8.45,residential,6,,,,auto,
1263,南口袋胡同,1796,685,683,1,"LINESTRING (116.401195 39.909163, 116.401096 39.909165)",1,8.45,residential,6,,,,auto,
1264,,1814,686,272,1,"LINESTRING (116.406799 39.916256, 116.406856 39.915523)",1,81.65,unclassified,20,,,,auto,
1265,,1814,272,686,1,"LINESTRING (116.406856 39.915523, 116.406799 39.916256)",1,81.65,unclassified,20,,,,auto,
1266,柏树胡同,1815,686,687,1,"LINESTRING (116.406799 39.916256, 116.406012 39.91623)",1,67.18,unclassified,20,,,,auto,
1267,柏树胡同,1815,687,686,1,"LINESTRING (116.406012 39.91623, 116.406799 39.916256)",1,67.18,unclassified,20,,,,auto,
1268,,1816,629,688,1,"LINESTRING (116.407341 39.914333, 116.407348 39.91413)",1,22.58,residential,6,,,,auto,
1269,,1816,688,629,1,"LINESTRING (116.407348 39.91413, 116.407341 39.914333)",1,22.58,residential,6,,,,auto,
1270,,1817,629,626,1,"LINESTRING (116.407341 39.914333, 116.408184 39.914339)",1,71.90,residential,6,,,,auto,
1271,,1817,626,629,1,"LINESTRING (116.408184 39.914339, 116.407341 39.914333)",1,71.90,residential,6,,,,auto,
1272,校尉胡同,1818,237,689,1,"LINESTRING (116.407657 39.911406, 116.407642 39.911499)",1,10.42,tertiary,5,,,,auto,
1273,东厂北巷,1824,639,419,1,"LINESTRING (116.401967 39.921474, 116.40196 39.920866)",1,67.61,residential,6,,,,auto,
1274,东厂北巷,1824,419,639,1,"LINESTRING (116.40196 39.920866, 116.401967 39.921474)",1,67.61,residential,6,,,,auto,
1275,东厂北巷,1825,639,638,1,"LINESTRING (116.401967 39.921474, 116.402017 39.921601)",1,14.75,residential,6,,,,auto,
1276,东厂北巷,1825,638,639,1,"LINESTRING (116.402017 39.921601, 116.401967 39.921474)",1,14.75,residential,6,,,,auto,
1277,,1826,641,402,1,"LINESTRING (116.401097 39.921572, 116.401157 39.920861)",1,79.22,residential,6,,,,auto,
1278,,1826,402,641,1,"LINESTRING (116.401157 39.920861, 116.401097 39.921572)",1,79.22,residential,6,,,,auto,
1279,,1827,641,638,1,"LINESTRING (116.401097 39.921572, 116.402017 39.921601)",1,78.52,residential,6,,,,auto,
1280,,1827,638,641,1,"LINESTRING (116.402017 39.921601, 116.401097 39.921572)",1,78.52,residential,6,,,,auto,
1281,北极阁三条,1828,690,691,1,"LINESTRING (116.41176 39.909034, 116.411924 39.909034)",1,13.99,residential,6,,,,auto,
1282,东单北大街,1829,690,1497,1,"LINESTRING (116.41176 39.909034, 116.411708 39.909148)",1,13.43,primary,3,,,,auto,
1283,灯市口西街,1832,623,692,1,"LINESTRING (116.403692 39.917084, 116.404494 39.917124)",1,68.54,tertiary,5,,,,auto,
1284,灯市口西街,1832,692,623,1,"LINESTRING (116.404494 39.917124, 116.403692 39.917084)",1,68.54,tertiary,5,,,,auto,
1285,灯市口西街,1833,623,408,1,"LINESTRING (116.403692 39.917084, 116.402856 39.917049)",1,71.40,tertiary,5,,,,auto,
1286,灯市口西街,1833,408,623,1,"LINESTRING (116.402856 39.917049, 116.403692 39.917084)",1,71.40,tertiary,5,,,,auto,
1287,,1834,623,622,1,"LINESTRING (116.403692 39.917084, 116.403622 39.918173)",1,121.24,residential,6,,,,auto,
1288,,1834,622,623,1,"LINESTRING (116.403622 39.918173, 116.403692 39.917084)",1,121.24,residential,6,,,,auto,
1289,,1838,693,657,1,"LINESTRING (116.41389 39.915354, 116.413673 39.915604)",1,33.40,residential,6,,,,auto,
1290,,1838,657,693,1,"LINESTRING (116.413673 39.915604, 116.41389 39.915354)",1,33.40,residential,6,,,,auto,
1291,,1839,693,694,1,"LINESTRING (116.41389 39.915354, 116.41411 39.915099)",1,34.00,residential,6,,,,auto,
1292,,1839,694,693,1,"LINESTRING (116.41411 39.915099, 116.41389 39.915354)",1,34.00,residential,6,,,,auto,
1293,,1840,695,696,1,"LINESTRING (116.40658 39.914123, 116.406611 39.912754)",1,152.25,unclassified,20,,,,auto,
1294,,1840,696,695,1,"LINESTRING (116.406611 39.912754, 116.40658 39.914123)",1,152.25,unclassified,20,,,,auto,
1295,金鱼胡同,1841,695,697,1,"LINESTRING (116.40658 39.914123, 116.406483 39.914125)",1,8.28,secondary,4,,,,auto,
1296,金鱼胡同,1841,697,695,1,"LINESTRING (116.406483 39.914125, 116.40658 39.914123)",1,8.28,secondary,4,,,,auto,
1297,金鱼胡同,1842,695,688,1,"LINESTRING (116.40658 39.914123, 116.407348 39.91413)",1,65.51,secondary,4,,,,auto,
1298,金鱼胡同,1842,688,695,1,"LINESTRING (116.407348 39.91413, 116.40658 39.914123)",1,65.51,secondary,4,,,,auto,
1299,锡拉胡同,1843,213,698,1,"LINESTRING (116.400893 39.914906, 116.401985 39.914922)",1,93.15,unclassified,20,,,,auto,
1300,锡拉胡同,1843,698,213,1,"LINESTRING (116.401985 39.914922, 116.400893 39.914906)",1,93.15,unclassified,20,,,,auto,
1301,东黄城根南街,1844,213,699,1,"LINESTRING (116.400893 39.914906, 116.400837 39.916159)",1,139.41,unclassified,20,,,,auto,
1302,柏树胡同,1853,254,686,1,"LINESTRING (116.40742 39.916263, 116.406799 39.916256)",1,52.97,unclassified,20,,,,auto,
1303,,1854,254,643,1,"LINESTRING (116.40742 39.916263, 116.407398 39.917239)",1,108.54,unclassified,20,,,,auto,
1304,,1854,643,254,1,"LINESTRING (116.407398 39.917239, 116.40742 39.916263)",1,108.54,unclassified,20,,,,auto,
1305,甘雨胡同,1861,272,271,1,"LINESTRING (116.406856 39.915523, 116.405868 39.915497)",1,84.31,tertiary,5,,,,auto,
1306,甘雨胡同,1861,271,272,1,"LINESTRING (116.405868 39.915497, 116.406856 39.915523)",1,84.31,tertiary,5,,,,auto,
1307,甘雨胡同,1862,272,258,1,"LINESTRING (116.406856 39.915523, 116.408546 39.915551)",1,144.17,tertiary,5,,,,auto,
1308,甘雨胡同,1862,258,272,1,"LINESTRING (116.408546 39.915551, 116.406856 39.915523)",1,144.17,tertiary,5,,,,auto,
1309,,1863,272,686,1,"LINESTRING (116.406856 39.915523, 116.406799 39.916256)",1,81.65,unclassified,20,,,,auto,
1310,,1863,686,272,1,"LINESTRING (116.406799 39.916256, 116.406856 39.915523)",1,81.65,unclassified,20,,,,auto,
1311,东单三条,1866,677,1495,1,"LINESTRING (116.406576 39.909193, 116.407523 39.909214)",1,80.81,tertiary,5,,,,auto,
1312,东单三条,1866,1495,677,1,"LINESTRING (116.407523 39.909214, 116.406576 39.909193)",1,80.81,tertiary,5,,,,auto,
1313,东单三条,1867,677,224,1,"LINESTRING (116.406576 39.909193, 116.405193 39.909146)",1,118.08,tertiary,5,,,,auto,
1314,东单三条,1867,224,677,1,"LINESTRING (116.405193 39.909146, 116.406576 39.909193)",1,118.08,tertiary,5,,,,auto,
1315,,1868,677,676,1,"LINESTRING (116.406576 39.909193, 116.406538 39.910253)",1,117.91,residential,6,,,,auto,
1316,,1868,676,677,1,"LINESTRING (116.406538 39.910253, 116.406576 39.909193)",1,117.91,residential,6,,,,auto,
1317,晨光街,1871,649,664,1,"LINESTRING (116.401103 39.909628, 116.401076 39.910184)",1,61.87,residential,6,,,,auto,
1318,晨光街,1871,664,649,1,"LINESTRING (116.401076 39.910184, 116.401103 39.909628)",1,61.87,residential,6,,,,auto,
1319,晨光街,1872,649,683,1,"LINESTRING (116.401103 39.909628, 116.401096 39.909165)",1,51.49,residential,6,,,,auto,
1320,晨光街,1872,683,649,1,"LINESTRING (116.401096 39.909165, 116.401103 39.909628)",1,51.49,residential,6,,,,auto,
1321,,1873,649,648,1,"LINESTRING (116.401103 39.909628, 116.400568 39.90963)",1,45.63,residential,6,,,,auto,
1322,,1873,648,649,1,"LINESTRING (116.400568 39.90963, 116.401103 39.909628)",1,45.63,residential,6,,,,auto,
1323,同福夹道,1876,652,636,1,"LINESTRING (116.410203 39.917354, 116.410195 39.917847)",1,54.82,residential,6,,,,auto,
1324,同福夹道,1876,636,652,1,"LINESTRING (116.410195 39.917847, 116.410203 39.917354)",1,54.82,residential,6,,,,auto,
1325,灯市口大街,1877,652,700,1,"LINESTRING (116.410203 39.917354, 116.410342 39.917352)",1,11.86,tertiary,5,,,,auto,
1326,灯市口大街,1877,700,652,1,"LINESTRING (116.410342 39.917352, 116.410203 39.917354)",1,11.86,tertiary,5,,,,auto,
1327,灯市口大街,1878,652,670,1,"LINESTRING (116.410203 39.917354, 116.409687 39.917332)",1,44.07,tertiary,5,,,,auto,
1328,灯市口大街,1878,670,652,1,"LINESTRING (116.409687 39.917332, 116.410203 39.917354)",1,44.07,tertiary,5,,,,auto,
1329,,1896,701,426,1,"LINESTRING (116.407067 39.919577, 116.407096 39.919096)",1,53.54,residential,6,,,,auto,
1330,,1896,426,701,1,"LINESTRING (116.407096 39.919096, 116.407067 39.919577)",1,53.54,residential,6,,,,auto,
1331,,1898,701,702,1,"LINESTRING (116.407067 39.919577, 116.405861 39.919598)",1,102.87,residential,6,,,,auto,
1332,,1898,702,701,1,"LINESTRING (116.405861 39.919598, 116.407067 39.919577)",1,102.87,residential,6,,,,auto,
1333,,1899,703,704,1,"LINESTRING (116.402937 39.915508, 116.402914 39.914936)",1,63.63,unclassified,20,,,,auto,
1334,,1899,704,703,1,"LINESTRING (116.402914 39.914936, 116.402937 39.915508)",1,63.63,unclassified,20,,,,auto,
1335,,1900,703,408,1,"LINESTRING (116.402937 39.915508, 116.402856 39.917049)",1,171.49,unclassified,20,,,,auto,
1336,,1900,408,703,1,"LINESTRING (116.402856 39.917049, 116.402937 39.915508)",1,171.49,unclassified,20,,,,auto,
1337,,1901,703,625,1,"LINESTRING (116.402937 39.915508, 116.403903 39.915503)",1,82.39,unclassified,20,,,,auto,
1338,,1901,625,703,1,"LINESTRING (116.403903 39.915503, 116.402937 39.915508)",1,82.39,unclassified,20,,,,auto,
1339,大阮府胡同,1909,214,250,1,"LINESTRING (116.401926 39.911662, 116.402822 39.91169)",1,76.48,residential,6,,,,auto,
1340,大阮府胡同,1909,250,214,1,"LINESTRING (116.402822 39.91169, 116.401926 39.911662)",1,76.48,residential,6,,,,auto,
1341,大阮府胡同,1910,214,57,1,"LINESTRING (116.401926 39.911662, 116.40104 39.91163)",1,75.65,residential,6,,,,auto,
1342,大阮府胡同,1910,57,214,1,"LINESTRING (116.40104 39.91163, 116.401926 39.911662)",1,75.65,residential,6,,,,auto,
1343,,1911,214,658,1,"LINESTRING (116.401926 39.911662, 116.401904 39.912307)",1,71.75,residential,6,,,,auto,
1344,,1911,658,214,1,"LINESTRING (116.401904 39.912307, 116.401926 39.911662)",1,71.75,residential,6,,,,auto,
1345,大甜水井胡同,1917,705,706,1,"LINESTRING (116.405073 39.910704, 116.404251 39.910687)",1,70.14,residential,6,,,,auto,
1346,大甜水井胡同,1917,706,705,1,"LINESTRING (116.404251 39.910687, 116.405073 39.910704)",1,70.14,residential,6,,,,auto,
1347,东长安街,1918,707,708,1,"LINESTRING (116.409276 39.906864, 116.407892 39.906827)",1,118.12,trunk,2,,,,auto,
1348,,1928,426,701,1,"LINESTRING (116.407096 39.919096, 116.407067 39.919577)",1,53.54,residential,6,,,,auto,
1349,,1928,701,426,1,"LINESTRING (116.407067 39.919577, 116.407096 39.919096)",1,53.54,residential,6,,,,auto,
1350,灯市口北巷,1929,426,709,1,"LINESTRING (116.407096 39.919096, 116.407506 39.919086)",1,34.98,residential,6,,,,auto,
1351,灯市口北巷,1929,709,426,1,"LINESTRING (116.407506 39.919086, 116.407096 39.919096)",1,34.98,residential,6,,,,auto,
1352,,1933,710,711,1,"LINESTRING (116.402719 39.916251, 116.402234 39.916248)",1,41.36,residential,6,,,,auto,
1353,,1933,711,710,1,"LINESTRING (116.402234 39.916248, 116.402719 39.916251)",1,41.36,residential,6,,,,auto,
1354,东单三条,1936,712,675,1,"LINESTRING (116.41109 39.909208, 116.410955 39.90918)",1,11.93,tertiary,5,,,,auto,
1355,大甜水井胡同,1938,713,714,1,"LINESTRING (116.403434 39.910635, 116.403864 39.910667)",1,36.85,residential,6,,,,auto,
1356,大甜水井胡同,1938,714,713,1,"LINESTRING (116.403864 39.910667, 116.403434 39.910635)",1,36.85,residential,6,,,,auto,
1357,大甜水井胡同,1939,713,681,1,"LINESTRING (116.403434 39.910635, 116.402713 39.910634)",1,61.50,residential,6,,,,auto,
1358,大甜水井胡同,1939,681,713,1,"LINESTRING (116.402713 39.910634, 116.403434 39.910635)",1,61.50,residential,6,,,,auto,
1359,金鱼胡同,1942,667,627,1,"LINESTRING (116.408696 39.914142, 116.408178 39.914139)",1,44.18,secondary,4,,,,auto,
1360,金鱼胡同,1942,627,667,1,"LINESTRING (116.408178 39.914139, 116.408696 39.914142)",1,44.18,secondary,4,,,,auto,
1361,金鱼胡同,1943,667,666,1,"LINESTRING (116.408696 39.914142, 116.410727 39.914155)",1,173.22,secondary,4,,,,auto,
1362,金鱼胡同,1943,666,667,1,"LINESTRING (116.410727 39.914155, 116.408696 39.914142)",1,173.22,secondary,4,,,,auto,
1363,新开路胡同,1947,715,716,1,"LINESTRING (116.413372 39.910117, 116.41188 39.910094)",1,127.28,residential,6,,,,auto,
1364,,1961,662,661,1,"LINESTRING (116.403559 39.919527, 116.403272 39.919736)",1,33.75,residential,6,,,,auto,
1365,,1961,661,662,1,"LINESTRING (116.403272 39.919736, 116.403559 39.919527)",1,33.75,residential,6,,,,auto,
1366,,1962,662,659,1,"LINESTRING (116.403559 39.919527, 116.40372 39.919409)",1,18.99,residential,6,,,,auto,
1367,,1962,659,662,1,"LINESTRING (116.40372 39.919409, 116.403559 39.919527)",1,18.99,residential,6,,,,auto,
1368,,1963,662,717,1,"LINESTRING (116.403559 39.919527, 116.402913 39.919501)",1,55.17,residential,6,,,,auto,
1369,,1963,717,662,1,"LINESTRING (116.402913 39.919501, 116.403559 39.919527)",1,55.17,residential,6,,,,auto,
1370,菜厂胡同,1966,718,247,1,"LINESTRING (116.405014 39.912957, 116.402768 39.912888)",1,191.71,residential,6,,,,auto,
1371,菜厂胡同,1966,247,718,1,"LINESTRING (116.402768 39.912888, 116.405014 39.912957)",1,191.71,residential,6,,,,auto,
1372,,1967,252,250,1,"LINESTRING (116.402798 39.912327, 116.402822 39.91169)",1,70.86,tertiary,5,,,,auto,
1373,,1967,250,252,1,"LINESTRING (116.402822 39.91169, 116.402798 39.912327)",1,70.86,tertiary,5,,,,auto,
1374,,1968,252,247,1,"LINESTRING (116.402798 39.912327, 116.402768 39.912888)",1,62.43,tertiary,5,,,,auto,
1375,,1968,247,252,1,"LINESTRING (116.402768 39.912888, 116.402798 39.912327)",1,62.43,tertiary,5,,,,auto,
1376,,1969,252,658,1,"LINESTRING (116.402798 39.912327, 116.401904 39.912307)",1,76.28,residential,6,,,,auto,
1377,,1969,658,252,1,"LINESTRING (116.401904 39.912307, 116.402798 39.912327)",1,76.28,residential,6,,,,auto,
1378,,1970,717,662,1,"LINESTRING (116.402913 39.919501, 116.403559 39.919527)",1,55.17,residential,6,,,,auto,
1379,,1970,662,717,1,"LINESTRING (116.403559 39.919527, 116.402913 39.919501)",1,55.17,residential,6,,,,auto,
1380,,1971,688,629,1,"LINESTRING (116.407348 39.91413, 116.407341 39.914333)",1,22.58,residential,6,,,,auto,
1381,,1971,629,688,1,"LINESTRING (116.407341 39.914333, 116.407348 39.91413)",1,22.58,residential,6,,,,auto,
1382,金鱼胡同,1972,688,695,1,"LINESTRING (116.407348 39.91413, 116.40658 39.914123)",1,65.51,secondary,4,,,,auto,
1383,金鱼胡同,1972,695,688,1,"LINESTRING (116.40658 39.914123, 116.407348 39.91413)",1,65.51,secondary,4,,,,auto,
1384,金鱼胡同,1973,688,719,1,"LINESTRING (116.407348 39.91413, 116.407565 39.914133)",1,18.51,secondary,4,,,,auto,
1385,金鱼胡同,1973,719,688,1,"LINESTRING (116.407565 39.914133, 116.407348 39.91413)",1,18.51,secondary,4,,,,auto,
1386,东长安街,1975,720,721,1,"LINESTRING (116.402091 39.906657, 116.401846 39.906655)",1,20.90,trunk,2,,,,auto,
1387,金宝街,1976,722,723,1,"LINESTRING (116.414404 39.914237, 116.41328 39.914241)",1,95.86,secondary,4,,,,auto,
1388,,1977,722,724,1,"LINESTRING (116.414404 39.914237, 116.414405 39.914486)",1,27.69,residential,6,,,,auto,
1389,,1977,724,722,1,"LINESTRING (116.414405 39.914486, 116.414404 39.914237)",1,27.69,residential,6,,,,auto,
1390,,1978,722,725,1,"LINESTRING (116.414404 39.914237, 116.4144 39.914142)",1,10.57,residential,6,,,,auto,
1391,,1978,725,722,1,"LINESTRING (116.4144 39.914142, 116.414404 39.914237)",1,10.57,residential,6,,,,auto,
1392,,1980,696,726,1,"LINESTRING (116.406611 39.912754, 116.406094 39.912747)",1,44.10,unclassified,20,,,,auto,
1393,,1980,726,696,1,"LINESTRING (116.406094 39.912747, 116.406611 39.912754)",1,44.10,unclassified,20,,,,auto,
1394,,1981,696,695,1,"LINESTRING (116.406611 39.912754, 116.40658 39.914123)",1,152.25,unclassified,20,,,,auto,
1395,,1981,695,696,1,"LINESTRING (116.40658 39.914123, 116.406611 39.912754)",1,152.25,unclassified,20,,,,auto,
1396,,1986,625,624,1,"LINESTRING (116.403903 39.915503, 116.404493 39.915501)",1,50.32,unclassified,20,,,,auto,
1397,,1986,624,625,1,"LINESTRING (116.404493 39.915501, 116.403903 39.915503)",1,50.32,unclassified,20,,,,auto,
1398,,1987,625,703,1,"LINESTRING (116.403903 39.915503, 116.402937 39.915508)",1,82.39,unclassified,20,,,,auto,
1399,,1987,703,625,1,"LINESTRING (116.402937 39.915508, 116.403903 39.915503)",1,82.39,unclassified,20,,,,auto,
1400,灯市口大街,1993,61,727,1,"LINESTRING (116.405809 39.917183, 116.405927 39.917188)",1,10.08,tertiary,5,,,,auto,
1401,灯市口大街,1993,727,61,1,"LINESTRING (116.405927 39.917188, 116.405809 39.917183)",1,10.08,tertiary,5,,,,auto,
1402,灯市口大街,1994,61,60,1,"LINESTRING (116.405809 39.917183, 116.405085 39.917152)",1,61.84,tertiary,5,,,,auto,
1403,灯市口大街,1994,60,61,1,"LINESTRING (116.405085 39.917152, 116.405809 39.917183)",1,61.84,tertiary,5,,,,auto,
1404,北极阁路,1995,728,729,1,"LINESTRING (116.411805 39.908275, 116.41199 39.908289)",1,15.86,residential,6,,,,auto,
1405,北极阁路,1995,729,728,1,"LINESTRING (116.41199 39.908289, 116.411805 39.908275)",1,15.86,residential,6,,,,auto,
1406,东单北大街,1996,728,730,1,"LINESTRING (116.411805 39.908275, 116.411798 39.908464)",1,21.02,primary,3,,,,auto,
1407,,1999,711,710,1,"LINESTRING (116.402234 39.916248, 116.402719 39.916251)",1,41.36,residential,6,,,,auto,
1408,,1999,710,711,1,"LINESTRING (116.402719 39.916251, 116.402234 39.916248)",1,41.36,residential,6,,,,auto,
1409,甘雨胡同,2002,258,272,1,"LINESTRING (116.408546 39.915551, 116.406856 39.915523)",1,144.17,tertiary,5,,,,auto,
1410,甘雨胡同,2002,272,258,1,"LINESTRING (116.406856 39.915523, 116.408546 39.915551)",1,144.17,tertiary,5,,,,auto,
1411,甘雨胡同,2003,258,257,1,"LINESTRING (116.408546 39.915551, 116.410088 39.915574)",1,131.54,tertiary,5,,,,auto,
1412,甘雨胡同,2003,257,258,1,"LINESTRING (116.410088 39.915574, 116.408546 39.915551)",1,131.54,tertiary,5,,,,auto,
1413,,2004,258,678,1,"LINESTRING (116.408546 39.915551, 116.408546 39.914826)",1,80.62,residential,6,,,,auto,
1414,,2004,678,258,1,"LINESTRING (116.408546 39.914826, 116.408546 39.915551)",1,80.62,residential,6,,,,auto,
1415,,2005,247,252,1,"LINESTRING (116.402768 39.912888, 116.402798 39.912327)",1,62.43,tertiary,5,,,,auto,
1416,,2005,252,247,1,"LINESTRING (116.402798 39.912327, 116.402768 39.912888)",1,62.43,tertiary,5,,,,auto,
1417,,2006,247,246,1,"LINESTRING (116.402768 39.912888, 116.402722 39.913991)",1,122.71,tertiary,5,,,,auto,
1418,,2006,246,247,1,"LINESTRING (116.402722 39.913991, 116.402768 39.912888)",1,122.71,tertiary,5,,,,auto,
1419,菜厂胡同,2007,247,630,1,"LINESTRING (116.402768 39.912888, 116.402192 39.912872)",1,49.16,residential,6,,,,auto,
1420,菜厂胡同,2007,630,247,1,"LINESTRING (116.402192 39.912872, 116.402768 39.912888)",1,49.16,residential,6,,,,auto,
1421,菜厂胡同,2008,247,718,1,"LINESTRING (116.402768 39.912888, 116.405014 39.912957)",1,191.71,residential,6,,,,auto,
1422,菜厂胡同,2008,718,247,1,"LINESTRING (116.405014 39.912957, 116.402768 39.912888)",1,191.71,residential,6,,,,auto,
1423,,2009,634,632,1,"LINESTRING (116.403347 39.919897, 116.403706 39.920138)",1,40.69,residential,6,,,,auto,
1424,,2009,632,634,1,"LINESTRING (116.403706 39.920138, 116.403347 39.919897)",1,40.69,residential,6,,,,auto,
1425,,2010,634,661,1,"LINESTRING (116.403347 39.919897, 116.403272 39.919736)",1,19.01,residential,6,,,,auto,
1426,,2010,661,634,1,"LINESTRING (116.403272 39.919736, 116.403347 39.919897)",1,19.01,residential,6,,,,auto,
1427,晨光街,2012,664,217,1,"LINESTRING (116.401076 39.910184, 116.401057 39.91058)",1,44.06,residential,6,,,,auto,
1428,晨光街,2012,217,664,1,"LINESTRING (116.401057 39.91058, 116.401076 39.910184)",1,44.06,residential,6,,,,auto,
1429,晨光街,2013,664,649,1,"LINESTRING (116.401076 39.910184, 116.401103 39.909628)",1,61.87,residential,6,,,,auto,
1430,晨光街,2013,649,664,1,"LINESTRING (116.401103 39.909628, 116.401076 39.910184)",1,61.87,residential,6,,,,auto,
1431,,2014,664,663,1,"LINESTRING (116.401076 39.910184, 116.400567 39.910184)",1,43.41,residential,6,,,,auto,
1432,,2014,663,664,1,"LINESTRING (116.400567 39.910184, 116.401076 39.910184)",1,43.41,residential,6,,,,auto,
1433,同福夹道,2017,637,635,1,"LINESTRING (116.409638 39.918011, 116.410083 39.918005)",1,37.96,residential,6,,,,auto,
1434,同福夹道,2017,635,637,1,"LINESTRING (116.410083 39.918005, 116.409638 39.918011)",1,37.96,residential,6,,,,auto,
1435,同福夹道,2018,637,731,1,"LINESTRING (116.409638 39.918011, 116.409634 39.918409)",1,44.26,residential,6,,,,auto,
1436,同福夹道,2018,731,637,1,"LINESTRING (116.409634 39.918409, 116.409638 39.918011)",1,44.26,residential,6,,,,auto,
1437,翠花胡同,2019,732,403,1,"LINESTRING (116.401432 39.922173, 116.400575 39.922165)",1,73.09,residential,6,,,,auto,
1438,同福夹道,2020,731,637,1,"LINESTRING (116.409634 39.918409, 116.409638 39.918011)",1,44.26,residential,6,,,,auto,
1439,同福夹道,2020,637,731,1,"LINESTRING (116.409638 39.918011, 116.409634 39.918409)",1,44.26,residential,6,,,,auto,
1440,,2022,503,616,1,"LINESTRING (116.402664 39.907916, 116.402627 39.90902)",1,122.80,residential,6,,,,auto,
1441,,2022,616,503,1,"LINESTRING (116.402627 39.90902, 116.402664 39.907916)",1,122.80,residential,6,,,,auto,
1442,霞公府街,2023,503,733,1,"LINESTRING (116.402664 39.907916, 116.403949 39.907935)",1,109.62,residential,6,,,,auto,
1443,霞公府街,2023,733,503,1,"LINESTRING (116.403949 39.907935, 116.402664 39.907916)",1,109.62,residential,6,,,,auto,
1444,霞公府街,2024,503,502,1,"LINESTRING (116.402664 39.907916, 116.401719 39.907901)",1,80.62,residential,6,,,,auto,
1445,霞公府街,2024,502,503,1,"LINESTRING (116.401719 39.907901, 116.402664 39.907916)",1,80.62,residential,6,,,,auto,
1446,,2027,726,233,1,"LINESTRING (116.406094 39.912747, 116.406115 39.911827)",1,102.32,unclassified,20,,,,auto,
1447,,2027,233,726,1,"LINESTRING (116.406115 39.911827, 116.406094 39.912747)",1,102.32,unclassified,20,,,,auto,
1448,,2028,726,696,1,"LINESTRING (116.406094 39.912747, 116.406611 39.912754)",1,44.10,unclassified,20,,,,auto,
1449,,2028,696,726,1,"LINESTRING (116.406611 39.912754, 116.406094 39.912747)",1,44.10,unclassified,20,,,,auto,
1450,,2029,702,734,1,"LINESTRING (116.405861 39.919598, 116.405833 39.919821)",1,24.91,residential,6,,,,auto,
1451,,2029,734,702,1,"LINESTRING (116.405833 39.919821, 116.405861 39.919598)",1,24.91,residential,6,,,,auto,
1452,,2030,702,701,1,"LINESTRING (116.405861 39.919598, 116.407067 39.919577)",1,102.87,residential,6,,,,auto,
1453,,2030,701,702,1,"LINESTRING (116.407067 39.919577, 116.405861 39.919598)",1,102.87,residential,6,,,,auto,
1454,锡拉胡同,2031,704,672,1,"LINESTRING (116.402914 39.914936, 116.40469 39.914952)",1,151.48,unclassified,20,,,,auto,
1455,锡拉胡同,2031,672,704,1,"LINESTRING (116.40469 39.914952, 116.402914 39.914936)",1,151.48,unclassified,20,,,,auto,
1456,锡拉胡同,2032,704,698,1,"LINESTRING (116.402914 39.914936, 116.401985 39.914922)",1,79.25,unclassified,20,,,,auto,
1457,锡拉胡同,2032,698,704,1,"LINESTRING (116.401985 39.914922, 116.402914 39.914936)",1,79.25,unclassified,20,,,,auto,
1458,,2033,704,703,1,"LINESTRING (116.402914 39.914936, 116.402937 39.915508)",1,63.63,unclassified,20,,,,auto,
1459,,2033,703,704,1,"LINESTRING (116.402937 39.915508, 116.402914 39.914936)",1,63.63,unclassified,20,,,,auto,
1460,东长安街,2035,735,720,1,"LINESTRING (116.403042 39.906684, 116.402091 39.906657)",1,81.17,trunk,2,,,,auto,
1461,,2036,93,92,1,"LINESTRING (116.413394 39.922146, 116.413401 39.921219)",1,103.08,residential,6,,,,auto,
1462,,2036,92,93,1,"LINESTRING (116.413401 39.921219, 116.413394 39.922146)",1,103.08,residential,6,,,,auto,
1463,金鱼胡同,2037,627,736,1,"LINESTRING (116.408178 39.914139, 116.407991 39.914137)",1,15.95,secondary,4,,,,auto,
1464,金鱼胡同,2037,736,627,1,"LINESTRING (116.407991 39.914137, 116.408178 39.914139)",1,15.95,secondary,4,,,,auto,
1465,金鱼胡同,2038,627,667,1,"LINESTRING (116.408178 39.914139, 116.408696 39.914142)",1,44.18,secondary,4,,,,auto,
1466,金鱼胡同,2038,667,627,1,"LINESTRING (116.408696 39.914142, 116.408178 39.914139)",1,44.18,secondary,4,,,,auto,
1467,,2039,627,626,1,"LINESTRING (116.408178 39.914139, 116.408184 39.914339)",1,22.24,residential,6,,,,auto,
1468,,2039,626,627,1,"LINESTRING (116.408184 39.914339, 116.408178 39.914139)",1,22.24,residential,6,,,,auto,
1469,西堂子胡同,2044,678,737,1,"LINESTRING (116.408546 39.914826, 116.411348 39.914873)",1,239.03,residential,6,,,,auto,
1470,西堂子胡同,2044,737,678,1,"LINESTRING (116.411348 39.914873, 116.408546 39.914826)",1,239.03,residential,6,,,,auto,
1471,西堂子胡同,2045,678,628,1,"LINESTRING (116.408546 39.914826, 116.408193 39.91482)",1,30.11,residential,6,,,,auto,
1472,西堂子胡同,2045,628,678,1,"LINESTRING (116.408193 39.91482, 116.408546 39.914826)",1,30.11,residential,6,,,,auto,
1473,,2046,678,258,1,"LINESTRING (116.408546 39.914826, 116.408546 39.915551)",1,80.62,residential,6,,,,auto,
1474,,2046,258,678,1,"LINESTRING (116.408546 39.915551, 116.408546 39.914826)",1,80.62,residential,6,,,,auto,
1475,菜厂胡同,2047,215,631,1,"LINESTRING (116.400986 39.912608, 116.402201 39.91264)",1,103.69,residential,6,,,,auto,
1476,菜厂胡同,2047,631,215,1,"LINESTRING (116.402201 39.91264, 116.400986 39.912608)",1,103.69,residential,6,,,,auto,
1477,晨光街,2048,215,71,1,"LINESTRING (116.400986 39.912608, 116.40091 39.913903)",1,144.14,unclassified,20,,,,auto,
1478,灯市口北巷,2056,709,669,1,"LINESTRING (116.407506 39.919086, 116.407507 39.91876)",1,36.25,residential,6,,,,auto,
1479,灯市口北巷,2056,669,709,1,"LINESTRING (116.407507 39.91876, 116.407506 39.919086)",1,36.25,residential,6,,,,auto,
1480,灯市口北巷,2057,709,426,1,"LINESTRING (116.407506 39.919086, 116.407096 39.919096)",1,34.98,residential,6,,,,auto,
1481,灯市口北巷,2057,426,709,1,"LINESTRING (116.407096 39.919096, 116.407506 39.919086)",1,34.98,residential,6,,,,auto,
1482,,2058,734,702,1,"LINESTRING (116.405833 39.919821, 116.405861 39.919598)",1,24.91,residential,6,,,,auto,
1483,,2058,702,734,1,"LINESTRING (116.405861 39.919598, 116.405833 39.919821)",1,24.91,residential,6,,,,auto,
1484,柏树胡同,2061,687,256,1,"LINESTRING (116.406012 39.91623, 116.405038 39.9162)",1,83.13,unclassified,20,,,,auto,
1485,柏树胡同,2061,256,687,1,"LINESTRING (116.405038 39.9162, 116.406012 39.91623)",1,83.13,unclassified,20,,,,auto,
1486,柏树胡同,2062,687,686,1,"LINESTRING (116.406012 39.91623, 116.406799 39.916256)",1,67.18,unclassified,20,,,,auto,
1487,柏树胡同,2062,686,687,1,"LINESTRING (116.406799 39.916256, 116.406012 39.91623)",1,67.18,unclassified,20,,,,auto,
1488,东长安街,2064,738,739,1,"LINESTRING (116.401286 39.906642, 116.400714 39.90662)",1,48.85,trunk,2,,,,auto,
1489,,2070,659,662,1,"LINESTRING (116.40372 39.919409, 116.403559 39.919527)",1,18.99,residential,6,,,,auto,
1490,,2070,662,659,1,"LINESTRING (116.403559 39.919527, 116.40372 39.919409)",1,18.99,residential,6,,,,auto,
1491,,2071,659,646,1,"LINESTRING (116.40372 39.919409, 116.404446 39.919436)",1,61.99,residential,6,,,,auto,
1492,,2071,646,659,1,"LINESTRING (116.404446 39.919436, 116.40372 39.919409)",1,61.99,residential,6,,,,auto,
1493,东厂胡同,2072,402,419,1,"LINESTRING (116.401157 39.920861, 116.40196 39.920866)",1,68.48,residential,6,,,,auto,
1494,东厂胡同,2072,419,402,1,"LINESTRING (116.40196 39.920866, 116.401157 39.920861)",1,68.48,residential,6,,,,auto,
1495,东厂胡同,2073,402,401,1,"LINESTRING (116.401157 39.920861, 116.40063 39.920862)",1,44.94,residential,6,,,,auto,
1496,东厂胡同,2073,401,402,1,"LINESTRING (116.40063 39.920862, 116.401157 39.920861)",1,44.94,residential,6,,,,auto,
1497,,2074,402,641,1,"LINESTRING (116.401157 39.920861, 116.401097 39.921572)",1,79.22,residential,6,,,,auto,
1498,,2074,641,402,1,"LINESTRING (116.401097 39.921572, 116.401157 39.920861)",1,79.22,residential,6,,,,auto,
1499,干面胡同,2082,657,207,1,"LINESTRING (116.413673 39.915604, 116.414098 39.915619)",1,36.28,residential,6,,,,auto,
1500,干面胡同,2082,207,657,1,"LINESTRING (116.414098 39.915619, 116.413673 39.915604)",1,36.28,residential,6,,,,auto,
1501,干面胡同,2083,657,740,1,"LINESTRING (116.413673 39.915604, 116.412545 39.91559)",1,96.21,residential,6,,,,auto,
1502,干面胡同,2083,740,657,1,"LINESTRING (116.412545 39.91559, 116.413673 39.915604)",1,96.21,residential,6,,,,auto,
1503,,2084,657,656,1,"LINESTRING (116.413673 39.915604, 116.413629 39.91702)",1,157.50,residential,6,,,,auto,
1504,,2084,656,657,1,"LINESTRING (116.413629 39.91702, 116.413673 39.915604)",1,157.50,residential,6,,,,auto,
1505,,2085,657,693,1,"LINESTRING (116.413673 39.915604, 116.41389 39.915354)",1,33.40,residential,6,,,,auto,
1506,,2085,693,657,1,"LINESTRING (116.41389 39.915354, 116.413673 39.915604)",1,33.40,residential,6,,,,auto,
1507,东长安街,2088,721,738,1,"LINESTRING (116.401846 39.906655, 116.401286 39.906642)",1,47.79,trunk,2,,,,auto,
1508,灯市口北巷,2098,669,644,1,"LINESTRING (116.407507 39.91876, 116.407545 39.917241)",1,168.94,residential,6,,,,auto,
1509,灯市口北巷,2098,644,669,1,"LINESTRING (116.407545 39.917241, 116.407507 39.91876)",1,168.94,residential,6,,,,auto,
1510,灯市口北巷,2099,669,709,1,"LINESTRING (116.407507 39.91876, 116.407506 39.919086)",1,36.25,residential,6,,,,auto,
1511,灯市口北巷,2099,709,669,1,"LINESTRING (116.407506 39.919086, 116.407507 39.91876)",1,36.25,residential,6,,,,auto,
1512,灯市口大街,2107,727,741,1,"LINESTRING (116.405927 39.917188, 116.405959 39.917189)",1,2.73,tertiary,5,,,,auto,
1513,灯市口大街,2107,741,727,1,"LINESTRING (116.405959 39.917189, 116.405927 39.917188)",1,2.73,tertiary,5,,,,auto,
1514,灯市口大街,2108,727,61,1,"LINESTRING (116.405927 39.917188, 116.405809 39.917183)",1,10.08,tertiary,5,,,,auto,
1515,灯市口大街,2108,61,727,1,"LINESTRING (116.405809 39.917183, 116.405927 39.917188)",1,10.08,tertiary,5,,,,auto,
1516,灯市口西街,2109,408,623,1,"LINESTRING (116.402856 39.917049, 116.403692 39.917084)",1,71.40,tertiary,5,,,,auto,
1517,灯市口西街,2109,623,408,1,"LINESTRING (116.403692 39.917084, 116.402856 39.917049)",1,71.40,tertiary,5,,,,auto,
1518,灯市口西街,2110,408,404,1,"LINESTRING (116.402856 39.917049, 116.402684 39.917043)",1,14.68,tertiary,5,,,,auto,
1519,灯市口西街,2110,404,408,1,"LINESTRING (116.402684 39.917043, 116.402856 39.917049)",1,14.68,tertiary,5,,,,auto,
1520,,2111,408,703,1,"LINESTRING (116.402856 39.917049, 116.402937 39.915508)",1,171.49,unclassified,20,,,,auto,
1521,,2111,703,408,1,"LINESTRING (116.402937 39.915508, 116.402856 39.917049)",1,171.49,unclassified,20,,,,auto,
1522,菜厂胡同,2112,631,215,1,"LINESTRING (116.402201 39.91264, 116.400986 39.912608)",1,103.69,residential,6,,,,auto,
1523,菜厂胡同,2112,215,631,1,"LINESTRING (116.400986 39.912608, 116.402201 39.91264)",1,103.69,residential,6,,,,auto,
1524,菜厂胡同,2113,631,630,1,"LINESTRING (116.402201 39.91264, 116.402192 39.912872)",1,25.81,residential,6,,,,auto,
1525,菜厂胡同,2113,630,631,1,"LINESTRING (116.402192 39.912872, 116.402201 39.91264)",1,25.81,residential,6,,,,auto,
1526,金宝街,2114,742,743,1,"LINESTRING (116.413011 39.914245, 116.411846 39.914252)",1,99.36,secondary,4,,,,auto,
1527,东厂北巷,2119,640,638,1,"LINESTRING (116.402032 39.922199, 116.402017 39.921601)",1,66.51,residential,6,,,,auto,
1528,东厂北巷,2119,638,640,1,"LINESTRING (116.402017 39.921601, 116.402032 39.922199)",1,66.51,residential,6,,,,auto,
1529,翠花胡同,2120,640,732,1,"LINESTRING (116.402032 39.922199, 116.401432 39.922173)",1,51.25,residential,6,,,,auto,
1530,东长安街,2121,744,52,1,"LINESTRING (116.407076 39.906805, 116.405456 39.906762)",1,138.26,trunk,2,,,,auto,
1531,,2123,745,746,1,"LINESTRING (116.415035 39.9063, 116.415036 39.905756)",1,60.49,residential,6,,,,auto,
1532,,2123,746,745,1,"LINESTRING (116.415036 39.905756, 116.415035 39.9063)",1,60.49,residential,6,,,,auto,
1533,,2124,745,747,1,"LINESTRING (116.415035 39.9063, 116.415019 39.906639)",1,37.72,residential,6,,,,auto,
1534,,2124,747,745,1,"LINESTRING (116.415019 39.906639, 116.415035 39.9063)",1,37.72,residential,6,,,,auto,
1535,,2125,748,749,1,"LINESTRING (116.414743 39.90428, 116.414096 39.904142)",1,57.28,residential,6,,,,auto,
1536,,2125,749,748,1,"LINESTRING (116.414096 39.904142, 116.414743 39.90428)",1,57.28,residential,6,,,,auto,
1537,,2126,750,751,1,"LINESTRING (116.409851 39.904544, 116.405327 39.904318)",1,386.71,residential,6,,,,auto,
1538,大华路,2127,750,525,1,"LINESTRING (116.409851 39.904544, 116.409878 39.904766)",1,24.79,residential,6,,,,auto,
1539,大华路,2127,525,750,1,"LINESTRING (116.409878 39.904766, 116.409851 39.904544)",1,24.79,residential,6,,,,auto,
1540,,2128,746,752,1,"LINESTRING (116.415036 39.905756, 116.415046 39.905413)",1,38.15,residential,6,,,,auto,
1541,,2128,752,746,1,"LINESTRING (116.415046 39.905413, 116.415036 39.905756)",1,38.15,residential,6,,,,auto,
1542,,2129,746,745,1,"LINESTRING (116.415036 39.905756, 116.415035 39.9063)",1,60.49,residential,6,,,,auto,
1543,,2129,745,746,1,"LINESTRING (116.415035 39.9063, 116.415036 39.905756)",1,60.49,residential,6,,,,auto,
1544,正义路,2130,753,754,1,"LINESTRING (116.400578 39.906228, 116.400578 39.906282)",1,6.00,tertiary,5,,,,auto,
1545,大华路,2131,755,750,1,"LINESTRING (116.409894 39.903804, 116.409851 39.904544)",1,82.37,unclassified,20,,,,auto,
1546,南八宝胡同,2133,756,461,1,"LINESTRING (116.414112 39.903321, 116.414165 39.902852)",1,52.35,residential,6,,,,auto,
1547,南八宝胡同,2133,461,756,1,"LINESTRING (116.414165 39.902852, 116.414112 39.903321)",1,52.35,residential,6,,,,auto,
1548,南八宝胡同,2134,756,749,1,"LINESTRING (116.414112 39.903321, 116.414096 39.904142)",1,91.30,residential,6,,,,auto,
1549,南八宝胡同,2134,749,756,1,"LINESTRING (116.414096 39.904142, 116.414112 39.903321)",1,91.30,residential,6,,,,auto,
1550,台基厂大街,2135,751,757,1,"LINESTRING (116.405327 39.904318, 116.405367 39.903584)",1,81.69,tertiary,5,,,,auto,
1551,台基厂大街,2135,757,751,1,"LINESTRING (116.405367 39.903584, 116.405327 39.904318)",1,81.69,tertiary,5,,,,auto,
1552,台基厂大街,2136,751,359,1,"LINESTRING (116.405327 39.904318, 116.405287 39.905222)",1,100.58,tertiary,5,,,,auto,
1553,台基厂大街,2136,359,751,1,"LINESTRING (116.405287 39.905222, 116.405327 39.904318)",1,100.58,tertiary,5,,,,auto,
1554,东交民巷,2137,274,758,1,"LINESTRING (116.400745 39.901053, 116.401993 39.90119)",1,107.54,unclassified,20,,,,auto,
1555,东交民巷,2137,758,274,1,"LINESTRING (116.401993 39.90119, 116.400745 39.901053)",1,107.54,unclassified,20,,,,auto,
1556,东交民巷,2138,274,273,1,"LINESTRING (116.400745 39.901053, 116.400479 39.901034)",1,22.79,unclassified,20,,,,auto,
1557,东交民巷,2138,273,274,1,"LINESTRING (116.400479 39.901034, 116.400745 39.901053)",1,22.79,unclassified,20,,,,auto,
1558,正义路,2139,274,759,1,"LINESTRING (116.400745 39.901053, 116.400772 39.901837)",1,87.21,tertiary,5,,,,auto,
1559,,2140,760,761,1,"LINESTRING (116.407402 39.89964, 116.407398 39.899807)",1,18.57,unclassified,20,,,,auto,
1560,,2140,761,760,1,"LINESTRING (116.407398 39.899807, 116.407402 39.89964)",1,18.57,unclassified,20,,,,auto,
1561,崇文门西大街,2141,760,762,1,"LINESTRING (116.407402 39.89964, 116.406921 39.899624)",1,41.07,primary,3,,,,auto,
1562,,2142,763,747,1,"LINESTRING (116.41501 39.906832, 116.415019 39.906639)",1,21.47,residential,6,,,,auto,
1563,,2142,747,763,1,"LINESTRING (116.415019 39.906639, 116.41501 39.906832)",1,21.47,residential,6,,,,auto,
1564,前门东大街,2143,764,765,1,"LINESTRING (116.400874 39.899452, 116.400728 39.899449)",1,12.46,primary,3,,,,auto,
1565,崇文门内大街,2144,766,767,1,"LINESTRING (116.41202 39.905047, 116.412 39.90523)",1,20.42,primary,3,,,,auto,
1566,南八宝胡同,2145,768,749,1,"LINESTRING (116.414044 39.90472, 116.414096 39.904142)",1,64.42,residential,6,,,,auto,
1567,南八宝胡同,2145,749,768,1,"LINESTRING (116.414096 39.904142, 116.414044 39.90472)",1,64.42,residential,6,,,,auto,
1568,,2146,757,755,1,"LINESTRING (116.405367 39.903584, 116.409894 39.903804)",1,386.93,residential,6,,,,auto,
1569,台基厂大街,2147,757,519,1,"LINESTRING (116.405367 39.903584, 116.405379 39.903429)",1,17.27,tertiary,5,,,,auto,
1570,台基厂大街,2147,519,757,1,"LINESTRING (116.405379 39.903429, 116.405367 39.903584)",1,17.27,tertiary,5,,,,auto,
1571,台基厂大街,2148,757,751,1,"LINESTRING (116.405367 39.903584, 116.405327 39.904318)",1,81.69,tertiary,5,,,,auto,
1572,台基厂大街,2148,751,757,1,"LINESTRING (116.405327 39.904318, 116.405367 39.903584)",1,81.69,tertiary,5,,,,auto,
1573,,2149,769,770,1,"LINESTRING (116.412188 39.904944, 116.412047 39.904903)",1,12.86,residential,6,,,,auto,
1574,,2149,770,769,1,"LINESTRING (116.412047 39.904903, 116.412188 39.904944)",1,12.86,residential,6,,,,auto,
1575,,2150,769,771,1,"LINESTRING (116.412188 39.904944, 116.412761 39.904972)",1,48.98,residential,6,,,,auto,
1576,,2150,771,769,1,"LINESTRING (116.412761 39.904972, 116.412188 39.904944)",1,48.98,residential,6,,,,auto,
1577,南八宝胡同,2151,749,756,1,"LINESTRING (116.414096 39.904142, 116.414112 39.903321)",1,91.30,residential,6,,,,auto,
1578,南八宝胡同,2151,756,749,1,"LINESTRING (116.414112 39.903321, 116.414096 39.904142)",1,91.30,residential,6,,,,auto,
1579,南八宝胡同,2152,749,768,1,"LINESTRING (116.414096 39.904142, 116.414044 39.90472)",1,64.42,residential,6,,,,auto,
1580,南八宝胡同,2152,768,749,1,"LINESTRING (116.414044 39.90472, 116.414096 39.904142)",1,64.42,residential,6,,,,auto,
1581,,2153,749,772,1,"LINESTRING (116.414096 39.904142, 116.413138 39.90406)",1,82.22,residential,6,,,,auto,
1582,,2153,772,749,1,"LINESTRING (116.413138 39.90406, 116.414096 39.904142)",1,82.22,residential,6,,,,auto,
1583,,2154,749,748,1,"LINESTRING (116.414096 39.904142, 116.414743 39.90428)",1,57.28,residential,6,,,,auto,
1584,,2154,748,749,1,"LINESTRING (116.414743 39.90428, 116.414096 39.904142)",1,57.28,residential,6,,,,auto,
1585,正义路,2155,155,773,1,"LINESTRING (116.400818 39.903137, 116.400616 39.905448)",1,257.55,tertiary,5,,,,auto,
1586,,2156,155,153,1,"LINESTRING (116.400818 39.903137, 116.400437 39.903112)",1,32.62,unclassified,20,,,,auto,
1587,,2156,153,155,1,"LINESTRING (116.400437 39.903112, 116.400818 39.903137)",1,32.62,unclassified,20,,,,auto,
1588,,2157,525,774,1,"LINESTRING (116.409878 39.904766, 116.41183 39.904812)",1,166.58,residential,6,,,,auto,
1589,,2157,774,525,1,"LINESTRING (116.41183 39.904812, 116.409878 39.904766)",1,166.58,residential,6,,,,auto,
1590,大华路,2158,525,750,1,"LINESTRING (116.409878 39.904766, 116.409851 39.904544)",1,24.79,residential,6,,,,auto,
1591,大华路,2158,750,525,1,"LINESTRING (116.409851 39.904544, 116.409878 39.904766)",1,24.79,residential,6,,,,auto,
1592,大华路,2159,525,524,1,"LINESTRING (116.409878 39.904766, 116.409824 39.906713)",1,216.55,residential,6,,,,auto,
1593,大华路,2159,524,525,1,"LINESTRING (116.409824 39.906713, 116.409878 39.904766)",1,216.55,residential,6,,,,auto,
1594,,2160,775,776,1,"LINESTRING (116.414921 39.905129, 116.414583 39.905095)",1,29.08,residential,6,,,,auto,
1595,,2160,776,775,1,"LINESTRING (116.414583 39.905095, 116.414921 39.905129)",1,29.08,residential,6,,,,auto,
1596,,2161,775,777,1,"LINESTRING (116.414921 39.905129, 116.414987 39.905157)",1,6.43,residential,6,,,,auto,
1597,,2161,777,775,1,"LINESTRING (116.414987 39.905157, 116.414921 39.905129)",1,6.43,residential,6,,,,auto,
1598,人大会堂西路,2183,453,450,1,"LINESTRING (116.385422 39.900935, 116.385443 39.900399)",1,59.63,tertiary,5,,,,auto,
1599,人大会堂西路,2183,450,453,1,"LINESTRING (116.385443 39.900399, 116.385422 39.900935)",1,59.63,tertiary,5,,,,auto,
1600,人大会堂西路,2184,453,434,1,"LINESTRING (116.385422 39.900935, 116.385413 39.901215)",1,31.14,tertiary,5,,,,auto,
1601,人大会堂西路,2184,434,453,1,"LINESTRING (116.385413 39.901215, 116.385422 39.900935)",1,31.14,tertiary,5,,,,auto,
1602,石碑胡同,2187,43,46,1,"LINESTRING (116.381831 39.903999, 116.381872 39.90429)",1,32.55,tertiary,5,,,,auto,
1603,石碑胡同,2187,46,43,1,"LINESTRING (116.381872 39.90429, 116.381831 39.903999)",1,32.55,tertiary,5,,,,auto,
1604,石碑胡同,2188,43,36,1,"LINESTRING (116.381831 39.903999, 116.381767 39.903548)",1,50.45,tertiary,5,,,,auto,
1605,石碑胡同,2188,36,43,1,"LINESTRING (116.381767 39.903548, 116.381831 39.903999)",1,50.45,tertiary,5,,,,auto,
1606,兵部洼胡同,2197,778,438,1,"LINESTRING (116.381663 39.901066, 116.381643 39.901286)",1,24.52,tertiary,5,,,,auto,
1607,兵部洼胡同,2197,438,778,1,"LINESTRING (116.381643 39.901286, 116.381663 39.901066)",1,24.52,tertiary,5,,,,auto,
1608,兵部洼胡同,2198,778,779,1,"LINESTRING (116.381663 39.901066, 116.381683 39.900856)",1,23.41,tertiary,5,,,,auto,
1609,兵部洼胡同,2198,779,778,1,"LINESTRING (116.381683 39.900856, 116.381663 39.901066)",1,23.41,tertiary,5,,,,auto,
1610,,2219,780,781,1,"LINESTRING (116.383396 39.898199, 116.381937 39.898177)",1,124.49,residential,6,,,,auto,
1611,,2219,781,780,1,"LINESTRING (116.381937 39.898177, 116.383396 39.898199)",1,124.49,residential,6,,,,auto,
1612,,2220,780,782,1,"LINESTRING (116.383396 39.898199, 116.385653 39.898237)",1,192.58,residential,6,,,,auto,
1613,,2220,782,780,1,"LINESTRING (116.385653 39.898237, 116.383396 39.898199)",1,192.58,residential,6,,,,auto,
1614,,2221,780,783,1,"LINESTRING (116.383396 39.898199, 116.383399 39.898638)",1,48.82,residential,6,,,,auto,
1615,,2221,783,780,1,"LINESTRING (116.383399 39.898638, 116.383396 39.898199)",1,48.82,residential,6,,,,auto,
1616,,2226,784,785,1,"LINESTRING (116.38192 39.89874, 116.381925 39.898612)",1,14.24,residential,6,,,,auto,
1617,,2226,785,784,1,"LINESTRING (116.381925 39.898612, 116.38192 39.89874)",1,14.24,residential,6,,,,auto,
1618,前门西大街,2227,784,786,1,"LINESTRING (116.38192 39.89874, 116.383741 39.898798)",1,155.48,primary,3,,,,auto,
1619,,2228,782,780,1,"LINESTRING (116.385653 39.898237, 116.383396 39.898199)",1,192.58,residential,6,,,,auto,
1620,,2228,780,782,1,"LINESTRING (116.383396 39.898199, 116.385653 39.898237)",1,192.58,residential,6,,,,auto,
1621,,2229,782,787,1,"LINESTRING (116.385653 39.898237, 116.385643 39.898661)",1,47.15,residential,6,,,,auto,
1622,,2229,787,782,1,"LINESTRING (116.385643 39.898661, 116.385653 39.898237)",1,47.15,residential,6,,,,auto,
1623,,2234,788,789,1,"LINESTRING (116.380586 39.898558, 116.380599 39.898166)",1,43.60,residential,6,,,,auto,
1624,,2234,789,788,1,"LINESTRING (116.380599 39.898166, 116.380586 39.898558)",1,43.60,residential,6,,,,auto,
1625,前门西大街,2235,788,790,1,"LINESTRING (116.380586 39.898558, 116.381738 39.898606)",1,98.42,tertiary,5,,,,auto,
1626,前门西大街,2236,791,792,1,"LINESTRING (116.385404 39.898855, 116.385575 39.898861)",1,14.60,primary,3,,,,auto,
1627,,2239,789,788,1,"LINESTRING (116.380599 39.898166, 116.380586 39.898558)",1,43.60,residential,6,,,,auto,
1628,,2239,788,789,1,"LINESTRING (116.380586 39.898558, 116.380599 39.898166)",1,43.60,residential,6,,,,auto,
1629,,2240,789,781,1,"LINESTRING (116.380599 39.898166, 116.381937 39.898177)",1,114.15,residential,6,,,,auto,
1630,,2240,781,789,1,"LINESTRING (116.381937 39.898177, 116.380599 39.898166)",1,114.15,residential,6,,,,auto,
1631,廊房头条,2241,390,429,1,"LINESTRING (116.389296 39.895993, 116.389566 39.896017)",1,23.19,residential,6,,,,auto,
1632,廊房头条,2241,429,390,1,"LINESTRING (116.389566 39.896017, 116.389296 39.895993)",1,23.19,residential,6,,,,auto,
1633,廊房头条,2242,390,389,1,"LINESTRING (116.389296 39.895993, 116.388179 39.895888)",1,96.00,residential,6,,,,auto,
1634,廊房头条,2242,389,390,1,"LINESTRING (116.388179 39.895888, 116.389296 39.895993)",1,96.00,residential,6,,,,auto,
1635,前门西大街,2247,793,788,1,"LINESTRING (116.379986 39.898501, 116.380586 39.898558)",1,51.57,tertiary,5,,,,auto,
1636,,2248,781,780,1,"LINESTRING (116.381937 39.898177, 116.383396 39.898199)",1,124.49,residential,6,,,,auto,
1637,,2248,780,781,1,"LINESTRING (116.383396 39.898199, 116.381937 39.898177)",1,124.49,residential,6,,,,auto,
1638,,2249,781,789,1,"LINESTRING (116.381937 39.898177, 116.380599 39.898166)",1,114.15,residential,6,,,,auto,
1639,,2249,789,781,1,"LINESTRING (116.380599 39.898166, 116.381937 39.898177)",1,114.15,residential,6,,,,auto,
1640,,2250,781,794,1,"LINESTRING (116.381937 39.898177, 116.381926 39.898522)",1,38.37,residential,6,,,,auto,
1641,,2250,794,781,1,"LINESTRING (116.381926 39.898522, 116.381937 39.898177)",1,38.37,residential,6,,,,auto,
1642,煤市街,2254,795,391,1,"LINESTRING (116.388284 39.896232, 116.388212 39.896037)",1,22.54,secondary,4,,,,auto,
1643,煤市街,2254,391,795,1,"LINESTRING (116.388212 39.896037, 116.388284 39.896232)",1,22.54,secondary,4,,,,auto,
1644,煤市街,2255,795,796,1,"LINESTRING (116.388284 39.896232, 116.38831 39.896294)",1,7.24,secondary,4,,,,auto,
1645,煤市街,2255,796,795,1,"LINESTRING (116.38831 39.896294, 116.388284 39.896232)",1,7.24,secondary,4,,,,auto,
1646,,2261,785,794,1,"LINESTRING (116.381925 39.898612, 116.381926 39.898522)",1,10.01,residential,6,,,,auto,
1647,,2261,794,785,1,"LINESTRING (116.381926 39.898522, 116.381925 39.898612)",1,10.01,residential,6,,,,auto,
1648,,2262,785,784,1,"LINESTRING (116.381925 39.898612, 116.38192 39.89874)",1,14.24,residential,6,,,,auto,
1649,,2262,784,785,1,"LINESTRING (116.38192 39.89874, 116.381925 39.898612)",1,14.24,residential,6,,,,auto,
1650,前门西大街,2263,785,783,1,"LINESTRING (116.381925 39.898612, 116.383399 39.898638)",1,125.78,tertiary,5,,,,auto,
1651,煤市街,2271,310,308,1,"LINESTRING (116.388759 39.897012, 116.388444 39.896517)",1,61.25,secondary,4,,,,auto,
1652,煤市街,2271,308,310,1,"LINESTRING (116.388444 39.896517, 116.388759 39.897012)",1,61.25,secondary,4,,,,auto,
1653,煤市街,2272,310,311,1,"LINESTRING (116.388759 39.897012, 116.38906 39.897434)",1,53.49,secondary,4,,,,auto,
1654,煤市街,2272,311,310,1,"LINESTRING (116.38906 39.897434, 116.388759 39.897012)",1,53.49,secondary,4,,,,auto,
1655,北翔凤胡同,2275,328,325,1,"LINESTRING (116.400321 39.89674, 116.400297 39.895954)",1,87.42,tertiary,5,,,,auto,
1656,北翔凤胡同,2275,325,328,1,"LINESTRING (116.400297 39.895954, 116.400321 39.89674)",1,87.42,tertiary,5,,,,auto,
1657,北翔凤胡同,2276,328,335,1,"LINESTRING (116.400321 39.89674, 116.400376 39.897461)",1,80.31,tertiary,5,,,,auto,
1658,北翔凤胡同,2276,335,328,1,"LINESTRING (116.400376 39.897461, 116.400321 39.89674)",1,80.31,tertiary,5,,,,auto,
1659,西花市大街,2279,797,798,1,"LINESTRING (116.414692 39.895776, 116.414337 39.895792)",1,30.34,tertiary,5,,,,auto,
1660,西花市大街,2279,798,797,1,"LINESTRING (116.414337 39.895792, 116.414692 39.895776)",1,30.34,tertiary,5,,,,auto,
1661,国瑞西路,2280,797,799,1,"LINESTRING (116.414692 39.895776, 116.414681 39.895939)",1,18.15,tertiary,5,,,,auto,
1662,草厂十条,2281,800,337,1,"LINESTRING (116.403618 39.8969, 116.403672 39.897145)",1,27.63,tertiary,5,,,,auto,
1663,草厂十条,2281,337,800,1,"LINESTRING (116.403672 39.897145, 116.403618 39.8969)",1,27.63,tertiary,5,,,,auto,
1664,草厂十条,2282,800,801,1,"LINESTRING (116.403618 39.8969, 116.403565 39.89661)",1,32.56,tertiary,5,,,,auto,
1665,草厂十条,2282,801,800,1,"LINESTRING (116.403565 39.89661, 116.403618 39.8969)",1,32.56,tertiary,5,,,,auto,
1666,,2287,802,296,1,"LINESTRING (116.407999 39.898915, 116.40804 39.89792)",1,110.69,residential,6,,,,auto,
1667,,2287,296,802,1,"LINESTRING (116.40804 39.89792, 116.407999 39.898915)",1,110.69,residential,6,,,,auto,
1668,,2288,802,803,1,"LINESTRING (116.407999 39.898915, 116.405756 39.898824)",1,191.61,residential,6,,,,auto,
1669,,2288,803,802,1,"LINESTRING (116.405756 39.898824, 116.407999 39.898915)",1,191.61,residential,6,,,,auto,
1670,,2289,802,804,1,"LINESTRING (116.407999 39.898915, 116.410558 39.89891)",1,218.30,residential,6,,,,auto,
1671,,2289,804,802,1,"LINESTRING (116.410558 39.89891, 116.407999 39.898915)",1,218.30,residential,6,,,,auto,
1672,,2292,805,806,1,"LINESTRING (116.401945 39.898833, 116.400548 39.898776)",1,119.34,residential,6,,,,auto,
1673,,2292,806,805,1,"LINESTRING (116.400548 39.898776, 116.401945 39.898833)",1,119.34,residential,6,,,,auto,
1674,,2293,805,807,1,"LINESTRING (116.401945 39.898833, 116.401934 39.899164)",1,36.82,residential,6,,,,auto,
1675,,2293,807,805,1,"LINESTRING (116.401934 39.899164, 116.401945 39.898833)",1,36.82,residential,6,,,,auto,
1676,,2294,805,808,1,"LINESTRING (116.401945 39.898833, 116.4021 39.898769)",1,15.02,residential,6,,,,auto,
1677,,2294,808,805,1,"LINESTRING (116.4021 39.898769, 116.401945 39.898833)",1,15.02,residential,6,,,,auto,
1678,西兴隆街,2299,326,325,1,"LINESTRING (116.400571 39.896008, 116.400297 39.895954)",1,24.13,tertiary,5,,2,,auto,
1679,西兴隆街,2299,325,326,1,"LINESTRING (116.400297 39.895954, 116.400571 39.896008)",1,24.13,tertiary,5,,2,,auto,
1680,西兴隆街,2300,326,323,1,"LINESTRING (116.400571 39.896008, 116.400832 39.896002)",1,22.28,tertiary,5,,2,,auto,
1681,西兴隆街,2300,323,326,1,"LINESTRING (116.400832 39.896002, 116.400571 39.896008)",1,22.28,tertiary,5,,2,,auto,
1682,,2303,809,810,1,"LINESTRING (116.392676 39.897033, 116.392685 39.89676)",1,30.37,residential,6,,,,auto,
1683,,2303,810,809,1,"LINESTRING (116.392685 39.89676, 116.392676 39.897033)",1,30.37,residential,6,,,,auto,
1684,,2308,811,808,1,"LINESTRING (116.402257 39.898769, 116.4021 39.898769)",1,13.39,residential,6,,,,auto,
1685,,2308,808,811,1,"LINESTRING (116.4021 39.898769, 116.402257 39.898769)",1,13.39,residential,6,,,,auto,
1686,,2309,811,812,1,"LINESTRING (116.402257 39.898769, 116.405593 39.898841)",1,284.69,residential,6,,,,auto,
1687,,2309,812,811,1,"LINESTRING (116.405593 39.898841, 116.402257 39.898769)",1,284.69,residential,6,,,,auto,
1690,东兴隆街,2313,1494,813,1,"LINESTRING (116.412168 39.895812, 116.412057 39.895852)",1,10.46,tertiary,5,,,,auto,
1691,,2316,814,815,1,"LINESTRING (116.393443 39.896658, 116.393608 39.895736)",1,103.48,residential,6,,,,auto,
1692,,2316,815,814,1,"LINESTRING (116.393608 39.895736, 116.393443 39.896658)",1,103.48,residential,6,,,,auto,
1693,,2317,814,810,1,"LINESTRING (116.393443 39.896658, 116.392685 39.89676)",1,65.65,residential,6,,,,auto,
1694,,2317,810,814,1,"LINESTRING (116.392685 39.89676, 116.393443 39.896658)",1,65.65,residential,6,,,,auto,
1695,,2318,806,816,1,"LINESTRING (116.400548 39.898776, 116.400577 39.898525)",1,28.02,tertiary,5,,,,auto,
1696,,2318,816,806,1,"LINESTRING (116.400577 39.898525, 116.400548 39.898776)",1,28.02,tertiary,5,,,,auto,
1697,,2319,806,817,1,"LINESTRING (116.400548 39.898776, 116.400536 39.899084)",1,34.26,tertiary,5,,,,auto,
1698,,2319,817,806,1,"LINESTRING (116.400536 39.899084, 116.400548 39.898776)",1,34.26,tertiary,5,,,,auto,
1699,,2320,806,805,1,"LINESTRING (116.400548 39.898776, 116.401945 39.898833)",1,119.34,residential,6,,,,auto,
1700,,2320,805,806,1,"LINESTRING (116.401945 39.898833, 116.400548 39.898776)",1,119.34,residential,6,,,,auto,
1701,,2321,804,802,1,"LINESTRING (116.410558 39.89891, 116.407999 39.898915)",1,218.30,residential,6,,,,auto,
1702,,2321,802,804,1,"LINESTRING (116.407999 39.898915, 116.410558 39.89891)",1,218.30,residential,6,,,,auto,
1703,,2322,804,818,1,"LINESTRING (116.410558 39.89891, 116.41058 39.89871)",1,22.32,residential,6,,,,auto,
1704,,2322,818,804,1,"LINESTRING (116.41058 39.89871, 116.410558 39.89891)",1,22.32,residential,6,,,,auto,
1705,,2323,818,804,1,"LINESTRING (116.41058 39.89871, 116.410558 39.89891)",1,22.32,residential,6,,,,auto,
1706,,2323,804,818,1,"LINESTRING (116.410558 39.89891, 116.41058 39.89871)",1,22.32,residential,6,,,,auto,
1707,,2324,818,819,1,"LINESTRING (116.41058 39.89871, 116.411753 39.898739)",1,100.12,residential,6,,,,auto,
1708,,2324,819,818,1,"LINESTRING (116.411753 39.898739, 116.41058 39.89871)",1,100.12,residential,6,,,,auto,
1709,前门东大街,2328,820,821,1,"LINESTRING (116.401935 39.899358, 116.403499 39.899418)",1,133.58,primary,3,,,,auto,
1710,西兴隆街,2329,400,397,1,"LINESTRING (116.403549 39.895942, 116.402789 39.895892)",1,65.07,tertiary,5,,2,,auto,
1711,西兴隆街,2329,397,400,1,"LINESTRING (116.402789 39.895892, 116.403549 39.895942)",1,65.07,tertiary,5,,2,,auto,
1712,西兴隆街,2330,400,317,1,"LINESTRING (116.403549 39.895942, 116.405 39.8959)",1,123.87,tertiary,5,,2,,auto,
1713,西兴隆街,2330,317,400,1,"LINESTRING (116.405 39.8959, 116.403549 39.895942)",1,123.87,tertiary,5,,2,,auto,
1714,草厂十条,2331,400,801,1,"LINESTRING (116.403549 39.895942, 116.403565 39.89661)",1,74.29,tertiary,5,,,,auto,
1715,草厂十条,2331,801,400,1,"LINESTRING (116.403565 39.89661, 116.403549 39.895942)",1,74.29,tertiary,5,,,,auto,
1716,,2339,810,814,1,"LINESTRING (116.392685 39.89676, 116.393443 39.896658)",1,65.65,residential,6,,,,auto,
1717,,2339,814,810,1,"LINESTRING (116.393443 39.896658, 116.392685 39.89676)",1,65.65,residential,6,,,,auto,
1718,,2340,810,809,1,"LINESTRING (116.392685 39.89676, 116.392676 39.897033)",1,30.37,residential,6,,,,auto,
1719,,2340,809,810,1,"LINESTRING (116.392676 39.897033, 116.392685 39.89676)",1,30.37,residential,6,,,,auto,
1720,国瑞西路,2341,822,823,1,"LINESTRING (116.41444 39.897925, 116.414519 39.89642)",1,167.48,tertiary,5,,,,auto,
1721,国瑞北路,2342,822,824,1,"LINESTRING (116.41444 39.897925, 116.414549 39.897927)",1,9.30,tertiary,5,,,,auto,
1722,崇文门西河沿,2348,333,527,1,"LINESTRING (116.399635 39.898088, 116.396505 39.898087)",1,267.01,tertiary,5,,,,auto,
1723,崇文门西河沿,2348,527,333,1,"LINESTRING (116.396505 39.898087, 116.399635 39.898088)",1,267.01,tertiary,5,,,,auto,
1724,崇文门西河沿,2349,333,331,1,"LINESTRING (116.399635 39.898088, 116.400599 39.898132)",1,82.38,tertiary,5,,,,auto,
1725,崇文门西河沿,2349,331,333,1,"LINESTRING (116.400599 39.898132, 116.399635 39.898088)",1,82.38,tertiary,5,,,,auto,
1726,新怡家园西路,2351,295,294,1,"LINESTRING (116.406601 39.895871, 116.40652 39.897913)",1,227.17,tertiary,5,,,,auto,
1727,新怡家园西路,2351,294,295,1,"LINESTRING (116.40652 39.897913, 116.406601 39.895871)",1,227.17,tertiary,5,,,,auto,
1728,东兴隆街,2352,295,318,1,"LINESTRING (116.406601 39.895871, 116.405925 39.895872)",1,57.67,tertiary,5,,,,auto,
1729,东兴隆街,2352,318,295,1,"LINESTRING (116.405925 39.895872, 116.406601 39.895871)",1,57.67,tertiary,5,,,,auto,
1730,东兴隆街,2353,295,825,1,"LINESTRING (116.406601 39.895871, 116.407704 39.895842)",1,94.15,tertiary,5,,,,auto,
1731,东兴隆街,2353,825,295,1,"LINESTRING (116.407704 39.895842, 116.406601 39.895871)",1,94.15,tertiary,5,,,,auto,
1732,东兴隆街,2354,825,295,1,"LINESTRING (116.407704 39.895842, 116.406601 39.895871)",1,94.15,tertiary,5,,,,auto,
1733,东兴隆街,2354,295,825,1,"LINESTRING (116.406601 39.895871, 116.407704 39.895842)",1,94.15,tertiary,5,,,,auto,
1734,东兴隆街,2355,825,340,1,"LINESTRING (116.407704 39.895842, 116.408817 39.895822)",1,94.98,tertiary,5,,,,auto,
1735,东兴隆街,2355,340,825,1,"LINESTRING (116.408817 39.895822, 116.407704 39.895842)",1,94.98,tertiary,5,,,,auto,
1736,,2356,296,802,1,"LINESTRING (116.40804 39.89792, 116.407999 39.898915)",1,110.69,residential,6,,,,auto,
1737,,2356,802,296,1,"LINESTRING (116.407999 39.898915, 116.40804 39.89792)",1,110.69,residential,6,,,,auto,
1738,东打磨厂街,2357,296,826,1,"LINESTRING (116.40804 39.89792, 116.410275 39.897932)",1,190.67,tertiary,5,,,,auto,
1739,东打磨厂街,2357,826,296,1,"LINESTRING (116.410275 39.897932, 116.40804 39.89792)",1,190.67,tertiary,5,,,,auto,
1740,东打磨厂街,2358,296,294,1,"LINESTRING (116.40804 39.89792, 116.40652 39.897913)",1,129.67,tertiary,5,,,,auto,
1741,东打磨厂街,2358,294,296,1,"LINESTRING (116.40652 39.897913, 116.40804 39.89792)",1,129.67,tertiary,5,,,,auto,
1742,鲜鱼口街,2361,330,329,1,"LINESTRING (116.398532 39.895737, 116.39836 39.895717)",1,14.84,tertiary,5,,,,auto,
1743,鲜鱼口街,2361,329,330,1,"LINESTRING (116.39836 39.895717, 116.398532 39.895737)",1,14.84,tertiary,5,,,,auto,
1744,鲜鱼口街,2362,330,395,1,"LINESTRING (116.398532 39.895737, 116.398919 39.895784)",1,33.43,tertiary,5,,,,auto,
1745,鲜鱼口街,2362,395,330,1,"LINESTRING (116.398919 39.895784, 116.398532 39.895737)",1,33.43,tertiary,5,,,,auto,
1746,,2363,815,814,1,"LINESTRING (116.393608 39.895736, 116.393443 39.896658)",1,103.48,residential,6,,,,auto,
1747,,2363,814,815,1,"LINESTRING (116.393443 39.896658, 116.393608 39.895736)",1,103.48,residential,6,,,,auto,
1748,,2364,827,819,1,"LINESTRING (116.412079 39.898747, 116.411753 39.898739)",1,27.82,residential,6,,,,auto,
1749,,2364,819,827,1,"LINESTRING (116.411753 39.898739, 116.412079 39.898747)",1,27.82,residential,6,,,,auto,
1750,崇文门外大街,2365,827,300,1,"LINESTRING (116.412079 39.898747, 116.412115 39.897941)",1,89.68,tertiary,5,,,,auto,
1751,,2368,812,811,1,"LINESTRING (116.405593 39.898841, 116.402257 39.898769)",1,284.69,residential,6,,,,auto,
1752,,2368,811,812,1,"LINESTRING (116.402257 39.898769, 116.405593 39.898841)",1,284.69,residential,6,,,,auto,
1753,祈年大街,2369,812,1498,1,"LINESTRING (116.405593 39.898841, 116.405624 39.897951)",1,99.00,secondary,4,,,,auto,
1754,王府井大街,2404,828,829,1,"LINESTRING (116.405269 39.907589, 116.405228 39.908388)",1,88.91,tertiary,5,,,,auto,
1755,东单三条,2411,1497,831,1,"LINESTRING (116.411706 39.909214, 116.411629 39.909211)",1,6.58,tertiary,5,,,,auto,
1756,东单北大街,2412,1497,832,1,"LINESTRING (116.411706 39.909214, 116.411704 39.909308)",1,10.45,primary,3,,,,auto,
1757,东单北大街,2412,832,1497,1,"LINESTRING (116.411704 39.909308, 116.411706 39.909214)",1,10.45,primary,3,,,,auto,
1760,东安门大街,2414,249,246,1,"LINESTRING (116.40474 39.914041, 116.402722 39.913991)",1,172.20,secondary,4,,,,auto,
1761,东安门大街,2414,246,249,1,"LINESTRING (116.402722 39.913991, 116.40474 39.914041)",1,172.20,secondary,4,,,,auto,
1762,东安门大街,2415,249,833,1,"LINESTRING (116.40474 39.914041, 116.404961 39.914071)",1,19.14,secondary,4,,,,auto,
1763,东安门大街,2415,833,249,1,"LINESTRING (116.404961 39.914071, 116.40474 39.914041)",1,19.14,secondary,4,,,,auto,
1764,西华门大街,2461,834,835,1,"LINESTRING (116.383079 39.913345, 116.383242 39.913347)",1,13.90,unclassified,20,,,,auto,
1765,西华门大街,2461,835,834,1,"LINESTRING (116.383242 39.913347, 116.383079 39.913345)",1,13.90,unclassified,20,,,,auto,
1766,西长安街,2576,836,837,1,"LINESTRING (116.383412 39.905844, 116.383595 39.905849)",1,15.62,trunk,2,,,,auto,
1767,崇文门东大街,2577,838,839,1,"LINESTRING (116.414896 39.899187, 116.414641 39.899232)",1,22.32,primary,3,,2,,auto,
1768,崇文门东大街,2578,839,840,1,"LINESTRING (116.414641 39.899232, 116.414489 39.899273)",1,13.74,primary,3,,2,,auto,
1769,崇文门东大街,2579,841,842,1,"LINESTRING (116.413566 39.89956, 116.413495 39.899614)",1,8.53,primary,3,,2,,auto,
1770,崇文门外大街,2580,149,843,1,"LINESTRING (116.412357 39.899633, 116.412315 39.8998)",1,18.91,primary,3,,,,auto,
1771,崇文门东大街,2581,149,844,1,"LINESTRING (116.412357 39.899633, 116.412623 39.899595)",1,23.08,primary,3,,,,auto,
1772,,2582,843,372,1,"LINESTRING (116.412315 39.8998, 116.41214 39.899796)",1,14.94,primary,3,,,,auto,
1773,崇文门内大街,2583,843,845,1,"LINESTRING (116.412315 39.8998, 116.412275 39.899992)",1,21.62,primary,3,,,,auto,
1774,北京站西街,2584,846,847,1,"LINESTRING (116.41376 39.900005, 116.413832 39.900033)",1,6.89,secondary,4,,,,auto,
1775,北京站西街,2585,848,849,1,"LINESTRING (116.414104 39.900138, 116.414378 39.900274)",1,27.84,secondary,4,,,,auto,
1776,北京站西街,2586,849,850,1,"LINESTRING (116.414378 39.900274, 116.414677 39.900458)",1,32.70,secondary,4,,,,auto,
1777,,2587,850,851,1,"LINESTRING (116.414677 39.900458, 116.414974 39.900559)",1,27.71,tertiary,5,,,,auto,
1778,北京站西街,2588,852,853,1,"LINESTRING (116.413362 39.899781, 116.413323 39.899806)",1,4.34,primary,3,,,,auto,
1779,北京站西街,2589,854,855,1,"LINESTRING (116.412563 39.899788, 116.412548 39.899789)",1,1.28,primary,3,,,,auto,
1780,北京站西街,2590,856,857,1,"LINESTRING (116.413267 39.899828, 116.413198 39.899842)",1,6.09,primary,3,,,,auto,
1781,北京站西街,2591,167,858,1,"LINESTRING (116.412533 39.899869, 116.412523 39.899866)",1,0.92,secondary,4,,,,auto,
1782,北京站西街,2592,859,860,1,"LINESTRING (116.412942 39.899823, 116.412611 39.89979)",1,28.47,primary,3,,,,auto,
1783,北京站西街,2593,861,859,1,"LINESTRING (116.413128 39.899842, 116.412942 39.899823)",1,16.01,primary,3,,,,auto,
1784,前门西大街,2625,862,347,1,"LINESTRING (116.388456 39.898634, 116.389351 39.89869)",1,76.60,tertiary,5,,,,auto,
1785,,2626,783,780,1,"LINESTRING (116.383399 39.898638, 116.383396 39.898199)",1,48.82,residential,6,,,,auto,
1786,,2626,780,783,1,"LINESTRING (116.383396 39.898199, 116.383399 39.898638)",1,48.82,residential,6,,,,auto,
1787,前门西大街,2627,783,863,1,"LINESTRING (116.383399 39.898638, 116.384397 39.89867)",1,85.21,tertiary,5,,,,auto,
1788,前门西大街,2628,347,348,1,"LINESTRING (116.389351 39.89869, 116.389584 39.89866)",1,20.15,primary,3,,,,auto,
1789,前门西大街,2629,864,865,1,"LINESTRING (116.385458 39.898705, 116.38559 39.89871)",1,11.27,tertiary,5,,,,auto,
1790,前门西大街,2630,866,862,1,"LINESTRING (116.387092 39.898735, 116.388456 39.898634)",1,116.90,tertiary,5,,,,auto,
1791,前门西大街,2631,867,868,1,"LINESTRING (116.389544 39.898886, 116.388749 39.898966)",1,68.40,tertiary,5,,,,auto,
1792,前门西大街,2632,868,869,1,"LINESTRING (116.388749 39.898966, 116.388008 39.899034)",1,63.66,tertiary,5,,,,auto,
1793,兵部洼胡同,2633,28,387,1,"LINESTRING (116.38184 39.899, 116.381836 39.899083)",1,9.24,tertiary,5,,,,auto,
1794,兵部洼胡同,2633,387,28,1,"LINESTRING (116.381836 39.899083, 116.38184 39.899)",1,9.24,tertiary,5,,,,auto,
1795,兵部洼胡同,2634,28,27,1,"LINESTRING (116.38184 39.899, 116.381843 39.898872)",1,14.24,tertiary,5,,,,auto,
1796,兵部洼胡同,2634,27,28,1,"LINESTRING (116.381843 39.898872, 116.38184 39.899)",1,14.24,tertiary,5,,,,auto,
1797,前门西大街,2635,870,871,1,"LINESTRING (116.385799 39.89911, 116.385753 39.89911)",1,3.92,tertiary,5,,,,auto,
1798,前门西大街,2636,25,870,1,"LINESTRING (116.38664 39.899128, 116.385799 39.89911)",1,71.77,tertiary,5,,,,auto,
1799,西交民巷,2637,872,450,1,"LINESTRING (116.384489 39.900436, 116.385443 39.900399)",1,81.48,tertiary,5,,,,auto,
1800,西交民巷,2638,873,874,1,"LINESTRING (116.382202 39.900675, 116.38232 39.900674)",1,10.07,tertiary,5,,,,auto,
1801,前门大街,2648,101,875,1,"LINESTRING (116.392948 39.897814, 116.393055 39.897873)",1,11.24,secondary,4,,,,auto,
1802,前门西大街,2651,876,346,1,"LINESTRING (116.387669 39.898847, 116.38852 39.898783)",1,72.94,primary,3,,,,auto,
1803,,2659,877,878,1,"LINESTRING (116.3907 39.897652, 116.390953 39.897571)",1,23.39,secondary,4,,,,auto,
1804,前门西大街,2660,879,26,1,"LINESTRING (116.387804 39.898938, 116.387248 39.898984)",1,47.71,primary,3,,,,auto,
1805,崇文门东大街,2665,880,881,1,"LINESTRING (116.41391 39.899326, 116.414452 39.899187)",1,48.75,primary,3,,,,auto,
1806,南池子大街,2667,882,883,1,"LINESTRING (116.397066 39.907018, 116.397056 39.907228)",1,23.37,tertiary,5,,1,,auto,
1807,南池子大街,2667,883,882,1,"LINESTRING (116.397056 39.907228, 116.397066 39.907018)",1,23.37,tertiary,5,,1,,auto,
1808,南池子大街,2668,882,884,1,"LINESTRING (116.397066 39.907018, 116.397071 39.906928)",1,10.02,tertiary,5,,1,,auto,
1809,南池子大街,2668,884,882,1,"LINESTRING (116.397071 39.906928, 116.397066 39.907018)",1,10.02,tertiary,5,,1,,auto,
1810,南池子大街,2687,883,885,1,"LINESTRING (116.397056 39.907228, 116.397051 39.907336)",1,12.02,tertiary,5,,1,,auto,
1811,南池子大街,2687,885,883,1,"LINESTRING (116.397051 39.907336, 116.397056 39.907228)",1,12.02,tertiary,5,,1,,auto,
1812,南池子大街,2688,883,882,1,"LINESTRING (116.397056 39.907228, 116.397066 39.907018)",1,23.37,tertiary,5,,1,,auto,
1813,南池子大街,2688,882,883,1,"LINESTRING (116.397066 39.907018, 116.397056 39.907228)",1,23.37,tertiary,5,,1,,auto,
1814,南河沿大街,2704,48,508,1,"LINESTRING (116.40043 39.907258, 116.400449 39.907491)",1,25.96,secondary,4,,,,auto,
1815,南河沿大街,2704,508,48,1,"LINESTRING (116.400449 39.907491, 116.40043 39.907258)",1,25.96,secondary,4,,,,auto,
1816,南河沿大街,2705,48,47,1,"LINESTRING (116.40043 39.907258, 116.400416 39.906864)",1,43.83,secondary,4,,,,auto,
1817,南河沿大街,2705,47,48,1,"LINESTRING (116.400416 39.906864, 116.40043 39.907258)",1,43.83,secondary,4,,,,auto,
1818,崇文门外大街,2709,1494,886,1,"LINESTRING (116.412723 39.895803, 116.412633 39.897943)",1,238.08,tertiary,5,,,,auto,
1819,西花市大街,2710,1494,887,1,"LINESTRING (116.412723 39.895803, 116.413783 39.895798)",1,90.43,tertiary,5,,,,auto,
1820,西花市大街,2710,887,1494,1,"LINESTRING (116.413783 39.895798, 116.412723 39.895803)",1,90.43,tertiary,5,,,,auto,
1823,崇文门外大街,2712,886,888,1,"LINESTRING (116.412633 39.897943, 116.412557 39.898999)",1,117.60,tertiary,5,,,,auto,
1824,国瑞北路,2713,886,889,1,"LINESTRING (116.412633 39.897943, 116.412744 39.897887)",1,11.33,tertiary,5,,,,auto,
1825,,2714,886,890,1,"LINESTRING (116.412633 39.897943, 116.412444 39.897945)",1,16.12,primary,3,,,,auto,
1826,,2714,890,886,1,"LINESTRING (116.412444 39.897945, 116.412633 39.897943)",1,16.12,primary,3,,,,auto,
1827,祈年大街,2715,1498,803,1,"LINESTRING (116.405809 39.897909, 116.405756 39.898824)",1,101.84,secondary,4,,,,auto,
1828,东打磨厂街,2716,1498,294,1,"LINESTRING (116.405809 39.897909, 116.40652 39.897913)",1,60.66,tertiary,5,,,,auto,
1829,东打磨厂街,2716,294,1498,1,"LINESTRING (116.40652 39.897913, 116.405809 39.897909)",1,60.66,tertiary,5,,,,auto,
1832,东打磨厂街,2718,300,299,1,"LINESTRING (116.412115 39.897941, 116.410767 39.897934)",1,115.00,tertiary,5,,,,auto,
1833,东打磨厂街,2718,299,300,1,"LINESTRING (116.410767 39.897934, 116.412115 39.897941)",1,115.00,tertiary,5,,,,auto,
1834,崇文门外大街,2719,300,1494,1,"LINESTRING (116.412115 39.897941, 116.412168 39.895812)",1,236.78,tertiary,5,,,,auto,
1835,,2720,300,152,1,"LINESTRING (116.412115 39.897941, 116.412258 39.897942)",1,12.20,primary,3,,,,auto,
1836,,2720,152,300,1,"LINESTRING (116.412258 39.897942, 116.412115 39.897941)",1,12.20,primary,3,,,,auto,
1837,崇文门外大街,2721,891,892,1,"LINESTRING (116.412398 39.899308, 116.412392 39.899355)",1,5.25,primary,3,,,,auto,
1838,,2722,803,802,1,"LINESTRING (116.405756 39.898824, 116.407999 39.898915)",1,191.61,residential,6,,,,auto,
1839,,2722,802,803,1,"LINESTRING (116.407999 39.898915, 116.405756 39.898824)",1,191.61,residential,6,,,,auto,
1840,祈年大街,2723,803,893,1,"LINESTRING (116.405756 39.898824, 116.405734 39.899212)",1,43.18,secondary,4,,,,auto,
1841,崇文门外大街,2724,894,827,1,"LINESTRING (116.412082 39.899176, 116.412079 39.898747)",1,47.70,tertiary,5,,,,auto,
1842,祈年大街,2725,893,895,1,"LINESTRING (116.405734 39.899212, 116.405732 39.899249)",1,4.12,secondary,4,,,,auto,
1843,北翔凤胡同,2739,335,328,1,"LINESTRING (116.400376 39.897461, 116.400321 39.89674)",1,80.31,tertiary,5,,,,auto,
1844,北翔凤胡同,2739,328,335,1,"LINESTRING (116.400321 39.89674, 116.400376 39.897461)",1,80.31,tertiary,5,,,,auto,
1845,北翔凤胡同,2740,335,331,1,"LINESTRING (116.400376 39.897461, 116.400599 39.898132)",1,77.00,tertiary,5,,,,auto,
1846,北翔凤胡同,2740,331,335,1,"LINESTRING (116.400599 39.898132, 116.400376 39.897461)",1,77.00,tertiary,5,,,,auto,
1847,大宴乐胡同,2746,896,572,1,"LINESTRING (116.384579 39.908433, 116.384608 39.90786)",1,63.76,residential,6,,,,auto,
1848,大宴乐胡同,2746,572,896,1,"LINESTRING (116.384608 39.90786, 116.384579 39.908433)",1,63.76,residential,6,,,,auto,
1849,前门东路,2757,897,898,1,"LINESTRING (116.394752 39.895773, 116.394654 39.896055)",1,32.45,secondary,4,,,,auto,
1850,前门东路,2758,898,899,1,"LINESTRING (116.394654 39.896055, 116.394558 39.896321)",1,30.69,secondary,4,,,,auto,
1851,前门东路,2759,899,305,1,"LINESTRING (116.394558 39.896321, 116.394435 39.896633)",1,36.24,secondary,4,,,,auto,
1852,前门东路,2764,392,900,1,"LINESTRING (116.394202 39.897106, 116.394151 39.89719)",1,10.30,secondary,4,,,,auto,
1853,前门东路,2768,900,901,1,"LINESTRING (116.394151 39.89719, 116.39407 39.897312)",1,15.22,secondary,4,,,,auto,
1854,前门大街,2774,902,903,1,"LINESTRING (116.393288 39.898048, 116.393327 39.898085)",1,5.29,secondary,4,,,,auto,
1855,前门东路,2775,901,530,1,"LINESTRING (116.39407 39.897312, 116.393815 39.897683)",1,46.64,secondary,4,,,,auto,
1856,新大路,2776,533,535,1,"LINESTRING (116.393578 39.901558, 116.393763 39.901562)",1,15.79,residential,6,,,,auto,
1857,新大路,2776,535,533,1,"LINESTRING (116.393763 39.901562, 116.393578 39.901558)",1,15.79,residential,6,,,,auto,
1858,新大路,2777,533,531,1,"LINESTRING (116.393578 39.901558, 116.393316 39.901552)",1,22.36,residential,6,,,,auto,
1859,新大路,2777,531,533,1,"LINESTRING (116.393316 39.901552, 116.393578 39.901558)",1,22.36,residential,6,,,,auto,
1860,广场东侧路,2780,532,904,1,"LINESTRING (116.393304 39.901833, 116.393301 39.901895)",1,6.90,secondary,4,70,4,,auto,
1861,广场东侧路,2786,905,906,1,"LINESTRING (116.393214 39.903728, 116.39321 39.903804)",1,8.46,secondary,4,70,4,,auto,
1862,文津街,2792,907,908,1,"LINESTRING (116.383376 39.920827, 116.383547 39.920827)",1,14.58,primary,3,,2,,auto,
1863,文津街,2793,909,907,1,"LINESTRING (116.383133 39.920834, 116.383376 39.920827)",1,20.74,primary,3,,2,,auto,
1864,文津街,2794,910,911,1,"LINESTRING (116.383461 39.920914, 116.383185 39.920919)",1,23.54,primary,3,,2,,auto,
1865,文津街,2796,911,912,1,"LINESTRING (116.383185 39.920919, 116.382891 39.92095)",1,25.31,primary,3,,2,,auto,
1866,文津街,2797,913,135,1,"LINESTRING (116.38066 39.921018, 116.380812 39.921015)",1,12.97,primary,3,,2,,auto,
1867,文津街,2798,914,915,1,"LINESTRING (116.382613 39.920996, 116.382468 39.921039)",1,13.26,primary,3,,2,,auto,
1868,文津街,2799,916,917,1,"LINESTRING (116.380808 39.921084, 116.380696 39.921086)",1,9.55,primary,3,,2,,auto,
1869,文津街,2800,918,919,1,"LINESTRING (116.382353 39.921075, 116.382264 39.921096)",1,7.94,primary,3,,2,,auto,
1870,景山前街,2801,920,921,1,"LINESTRING (116.384877 39.921275, 116.385092 39.921478)",1,29.08,primary,3,,,,auto,
1871,人大会堂西路,2802,922,511,1,"LINESTRING (116.38711 39.901435, 116.387796 39.901448)",1,58.54,tertiary,5,,,,auto,
1872,人大会堂西路,2802,511,922,1,"LINESTRING (116.387796 39.901448, 116.38711 39.901435)",1,58.54,tertiary,5,,,,auto,
1873,人大会堂西路,2803,922,17,1,"LINESTRING (116.38711 39.901435, 116.386888 39.901453)",1,19.04,tertiary,5,,,,auto,
1874,人大会堂西路,2803,17,922,1,"LINESTRING (116.386888 39.901453, 116.38711 39.901435)",1,19.04,tertiary,5,,,,auto,
1875,西长安街,2804,367,836,1,"LINESTRING (116.382995 39.905835, 116.383412 39.905844)",1,35.58,trunk,2,,,,auto,
1876,西长安街,2805,923,924,1,"LINESTRING (116.384029 39.905858, 116.384844 39.905879)",1,69.56,trunk,2,,,,auto,
1877,西长安街,2806,837,923,1,"LINESTRING (116.383595 39.905849, 116.384029 39.905858)",1,37.03,trunk,2,,,,auto,
1878,前门西大街,2807,925,926,1,"LINESTRING (116.388896 39.898835, 116.388099 39.898913)",1,68.54,primary,3,,,,auto,
1879,,2808,925,868,1,"LINESTRING (116.388896 39.898835, 116.388749 39.898966)",1,19.22,primary,3,,,,auto,
1880,前门西大街,2813,869,927,1,"LINESTRING (116.388008 39.899034, 116.387943 39.89904)",1,5.58,tertiary,5,,,,auto,
1881,前门西大街,2819,928,929,1,"LINESTRING (116.387349 39.899094, 116.387274 39.899101)",1,6.45,tertiary,5,,,,auto,
1882,兵部洼胡同,2825,438,436,1,"LINESTRING (116.381643 39.901286, 116.381636 39.901332)",1,5.15,tertiary,5,,,,auto,
1883,兵部洼胡同,2825,436,438,1,"LINESTRING (116.381636 39.901332, 116.381643 39.901286)",1,5.15,tertiary,5,,,,auto,
1884,兵部洼胡同,2826,438,778,1,"LINESTRING (116.381643 39.901286, 116.381663 39.901066)",1,24.52,tertiary,5,,,,auto,
1885,兵部洼胡同,2826,778,438,1,"LINESTRING (116.381663 39.901066, 116.381643 39.901286)",1,24.52,tertiary,5,,,,auto,
1886,平安胡同,2829,444,445,1,"LINESTRING (116.382783 39.90132, 116.382786 39.90137)",1,5.57,residential,6,,,,auto,
1887,平安胡同,2829,445,444,1,"LINESTRING (116.382786 39.90137, 116.382783 39.90132)",1,5.57,residential,6,,,,auto,
1888,平安胡同,2830,444,442,1,"LINESTRING (116.382783 39.90132, 116.382692 39.900648)",1,75.13,residential,6,,,,auto,
1889,平安胡同,2830,442,444,1,"LINESTRING (116.382692 39.900648, 116.382783 39.90132)",1,75.13,residential,6,,,,auto,
1890,红井胡同,2831,446,439,1,"LINESTRING (116.382254 39.901352, 116.381812 39.901337)",1,37.74,tertiary,5,,,,auto,
1891,红井胡同,2831,439,446,1,"LINESTRING (116.381812 39.901337, 116.382254 39.901352)",1,37.74,tertiary,5,,,,auto,
1892,红井胡同,2832,446,445,1,"LINESTRING (116.382254 39.901352, 116.382786 39.90137)",1,45.43,tertiary,5,,,,auto,
1893,红井胡同,2832,445,446,1,"LINESTRING (116.382786 39.90137, 116.382254 39.901352)",1,45.43,tertiary,5,,,,auto,
1894,前门西大街,2841,926,930,1,"LINESTRING (116.388099 39.898913, 116.387979 39.898922)",1,10.29,primary,3,,,,auto,
1895,,2844,794,781,1,"LINESTRING (116.381926 39.898522, 116.381937 39.898177)",1,38.37,residential,6,,,,auto,
1896,,2844,781,794,1,"LINESTRING (116.381937 39.898177, 116.381926 39.898522)",1,38.37,residential,6,,,,auto,
1897,,2845,794,785,1,"LINESTRING (116.381926 39.898522, 116.381925 39.898612)",1,10.01,residential,6,,,,auto,
1898,,2845,785,794,1,"LINESTRING (116.381925 39.898612, 116.381926 39.898522)",1,10.01,residential,6,,,,auto,
1899,兵部洼胡同,2856,387,385,1,"LINESTRING (116.381836 39.899083, 116.381797 39.899825)",1,82.57,tertiary,5,,,,auto,
1900,兵部洼胡同,2856,385,387,1,"LINESTRING (116.381797 39.899825, 116.381836 39.899083)",1,82.57,tertiary,5,,,,auto,
1901,兵部洼胡同,2857,387,28,1,"LINESTRING (116.381836 39.899083, 116.38184 39.899)",1,9.24,tertiary,5,,,,auto,
1902,兵部洼胡同,2857,28,387,1,"LINESTRING (116.38184 39.899, 116.381836 39.899083)",1,9.24,tertiary,5,,,,auto,
1903,王府井大街,2862,931,932,1,"LINESTRING (116.405228 39.906935, 116.40523 39.906899)",1,4.01,tertiary,5,,,,auto,
1904,王府井大街,2863,933,931,1,"LINESTRING (116.405198 39.907553, 116.405228 39.906935)",1,68.77,tertiary,5,,,,auto,
1905,王府井大街,2864,934,935,1,"LINESTRING (116.405165 39.90828, 116.40518 39.907968)",1,34.72,tertiary,5,,,,auto,
1906,王府井大街,2865,936,934,1,"LINESTRING (116.405148 39.90861, 116.405165 39.90828)",1,36.72,tertiary,5,,,,auto,
1907,东单三条,2868,1495,677,1,"LINESTRING (116.407523 39.909214, 116.406576 39.909193)",1,80.81,tertiary,5,,,,auto,
1908,东单三条,2868,677,1495,1,"LINESTRING (116.406576 39.909193, 116.407523 39.909214)",1,80.81,tertiary,5,,,,auto,
1911,校尉胡同,2874,937,1495,1,"LINESTRING (116.407533 39.909697, 116.407523 39.909214)",1,53.71,tertiary,5,,,,auto,
1912,校尉胡同,2875,227,236,1,"LINESTRING (116.40762 39.910112, 116.407637 39.91072)",1,67.62,tertiary,5,,,,auto,
1913,校尉胡同,2879,234,938,1,"LINESTRING (116.407557 39.910719, 116.407545 39.910244)",1,52.83,tertiary,5,,,,auto,
1914,帅府园胡同,2880,234,236,1,"LINESTRING (116.407557 39.910719, 116.407637 39.91072)",1,6.82,unclassified,20,,,,auto,
1915,帅府园胡同,2880,236,234,1,"LINESTRING (116.407637 39.91072, 116.407557 39.910719)",1,6.82,unclassified,20,,,,auto,
1916,帅府园胡同,2881,234,232,1,"LINESTRING (116.407557 39.910719, 116.406142 39.910658)",1,120.88,unclassified,20,,,,auto,
1917,帅府园胡同,2881,232,234,1,"LINESTRING (116.406142 39.910658, 116.407557 39.910719)",1,120.88,unclassified,20,,,,auto,
1918,校尉胡同,2882,939,940,1,"LINESTRING (116.407581 39.911412, 116.407576 39.91139)",1,2.48,tertiary,5,,,,auto,
1919,校尉胡同,2884,689,941,1,"LINESTRING (116.407642 39.911499, 116.407654 39.911832)",1,37.04,tertiary,5,,,,auto,
1920,校尉胡同,2884,941,689,1,"LINESTRING (116.407654 39.911832, 116.407642 39.911499)",1,37.04,tertiary,5,,,,auto,
1921,校尉胡同,2885,689,939,1,"LINESTRING (116.407642 39.911499, 116.407581 39.911412)",1,10.98,tertiary,5,,,,auto,
1922,煤渣胡同,2886,245,243,1,"LINESTRING (116.407843 39.912738, 116.409576 39.912752)",1,147.81,residential,6,,,,auto,
1923,煤渣胡同,2886,243,245,1,"LINESTRING (116.409576 39.912752, 116.407843 39.912738)",1,147.81,residential,6,,,,auto,
1924,煤渣胡同,2887,245,241,1,"LINESTRING (116.407843 39.912738, 116.407713 39.912758)",1,11.31,residential,6,,,,auto,
1925,煤渣胡同,2887,241,245,1,"LINESTRING (116.407713 39.912758, 116.407843 39.912738)",1,11.31,residential,6,,,,auto,
1926,校尉胡同,2888,942,242,1,"LINESTRING (116.407711 39.913117, 116.407713 39.913053)",1,7.12,tertiary,5,,,,auto,
1927,校尉胡同,2888,242,942,1,"LINESTRING (116.407713 39.913053, 116.407711 39.913117)",1,7.12,tertiary,5,,,,auto,
1928,校尉胡同,2889,942,943,1,"LINESTRING (116.407711 39.913117, 116.407754 39.913257)",1,15.99,tertiary,5,,2,,auto,
1929,校尉胡同,2890,943,944,1,"LINESTRING (116.407754 39.913257, 116.407751 39.913471)",1,23.80,tertiary,5,,2,,auto,
1930,校尉胡同,2891,945,942,1,"LINESTRING (116.407667 39.913259, 116.407711 39.913117)",1,16.23,tertiary,5,,2,,auto,
1931,校尉胡同,2893,944,238,1,"LINESTRING (116.407751 39.913471, 116.407744 39.914015)",1,60.49,tertiary,5,,2,,auto,
1932,金鱼胡同,2895,719,688,1,"LINESTRING (116.407565 39.914133, 116.407348 39.91413)",1,18.51,secondary,4,,,,auto,
1933,金鱼胡同,2895,688,719,1,"LINESTRING (116.407348 39.91413, 116.407565 39.914133)",1,18.51,secondary,4,,,,auto,
1934,金鱼胡同,2896,719,946,1,"LINESTRING (116.407565 39.914133, 116.407657 39.914134)",1,7.85,secondary,4,,,,auto,
1935,金鱼胡同,2896,946,719,1,"LINESTRING (116.407657 39.914134, 116.407565 39.914133)",1,7.85,secondary,4,,,,auto,
1936,金鱼胡同,2898,736,947,1,"LINESTRING (116.407991 39.914137, 116.407878 39.914137)",1,9.64,secondary,4,,,,auto,
1937,金鱼胡同,2898,947,736,1,"LINESTRING (116.407878 39.914137, 116.407991 39.914137)",1,9.64,secondary,4,,,,auto,
1938,金鱼胡同,2899,736,627,1,"LINESTRING (116.407991 39.914137, 116.408178 39.914139)",1,15.95,secondary,4,,,,auto,
1939,金鱼胡同,2899,627,736,1,"LINESTRING (116.408178 39.914139, 116.407991 39.914137)",1,15.95,secondary,4,,,,auto,
1940,校尉胡同,2901,938,937,1,"LINESTRING (116.407545 39.910244, 116.407533 39.909697)",1,60.83,tertiary,5,,,,auto,
1941,校尉胡同,2902,242,240,1,"LINESTRING (116.407713 39.913053, 116.407713 39.91283)",1,24.80,tertiary,5,,,,auto,
1942,校尉胡同,2902,240,242,1,"LINESTRING (116.407713 39.91283, 116.407713 39.913053)",1,24.80,tertiary,5,,,,auto,
1943,校尉胡同,2903,242,942,1,"LINESTRING (116.407713 39.913053, 116.407711 39.913117)",1,7.12,tertiary,5,,,,auto,
1944,校尉胡同,2903,942,242,1,"LINESTRING (116.407711 39.913117, 116.407713 39.913053)",1,7.12,tertiary,5,,,,auto,
1945,金鱼胡同,2904,948,949,1,"LINESTRING (116.406091 39.914128, 116.405298 39.914124)",1,67.63,secondary,4,,,,auto,
1946,金鱼胡同,2904,949,948,1,"LINESTRING (116.405298 39.914124, 116.406091 39.914128)",1,67.63,secondary,4,,,,auto,
1947,金鱼胡同,2905,948,950,1,"LINESTRING (116.406091 39.914128, 116.406386 39.914121)",1,25.17,secondary,4,,,,auto,
1948,金鱼胡同,2905,950,948,1,"LINESTRING (116.406386 39.914121, 116.406091 39.914128)",1,25.17,secondary,4,,,,auto,
1949,金鱼胡同,2906,697,950,1,"LINESTRING (116.406483 39.914125, 116.406386 39.914121)",1,8.28,secondary,4,,,,auto,
1950,金鱼胡同,2906,950,697,1,"LINESTRING (116.406386 39.914121, 116.406483 39.914125)",1,8.28,secondary,4,,,,auto,
1951,金鱼胡同,2907,697,695,1,"LINESTRING (116.406483 39.914125, 116.40658 39.914123)",1,8.28,secondary,4,,,,auto,
1952,金鱼胡同,2907,695,697,1,"LINESTRING (116.40658 39.914123, 116.406483 39.914125)",1,8.28,secondary,4,,,,auto,
1953,文津街,2908,951,952,1,"LINESTRING (116.382305 39.921, 116.382404 39.920972)",1,9.00,primary,3,,2,,auto,
1954,王府井大街,2909,953,954,1,"LINESTRING (116.404714 39.918627, 116.404742 39.918021)",1,67.43,secondary,4,,,,auto,
1955,王府井大街,2909,954,953,1,"LINESTRING (116.404742 39.918021, 116.404714 39.918627)",1,67.43,secondary,4,,,,auto,
1956,王府井大街,2910,953,955,1,"LINESTRING (116.404714 39.918627, 116.4047 39.918916)",1,32.16,secondary,4,,,,auto,
1957,王府井大街,2910,955,953,1,"LINESTRING (116.4047 39.918916, 116.404714 39.918627)",1,32.16,secondary,4,,,,auto,
1958,煤市街,2911,391,389,1,"LINESTRING (116.388212 39.896037, 116.388179 39.895888)",1,16.81,secondary,4,,,,auto,
1959,煤市街,2911,389,391,1,"LINESTRING (116.388179 39.895888, 116.388212 39.896037)",1,16.81,secondary,4,,,,auto,
1960,煤市街,2912,391,795,1,"LINESTRING (116.388212 39.896037, 116.388284 39.896232)",1,22.54,secondary,4,,,,auto,
1961,煤市街,2912,795,391,1,"LINESTRING (116.388284 39.896232, 116.388212 39.896037)",1,22.54,secondary,4,,,,auto,
1962,前门大街,2913,956,957,1,"LINESTRING (116.391517 39.897424, 116.391733 39.897418)",1,18.44,secondary,4,,,,auto,
1963,前门大街,2914,958,99,1,"LINESTRING (116.392174 39.897515, 116.392472 39.897625)",1,28.21,secondary,4,,,,auto,
1964,,2917,959,694,1,"LINESTRING (116.413469 39.915087, 116.41411 39.915099)",1,54.68,residential,6,,,,auto,
1965,,2917,694,959,1,"LINESTRING (116.41411 39.915099, 116.413469 39.915087)",1,54.68,residential,6,,,,auto,
1966,,2918,694,693,1,"LINESTRING (116.41411 39.915099, 116.41389 39.915354)",1,34.00,residential,6,,,,auto,
1967,,2918,693,694,1,"LINESTRING (116.41389 39.915354, 116.41411 39.915099)",1,34.00,residential,6,,,,auto,
1968,,2919,694,642,1,"LINESTRING (116.41411 39.915099, 116.414212 39.914974)",1,16.40,residential,6,,,,auto,
1969,,2919,642,694,1,"LINESTRING (116.414212 39.914974, 116.41411 39.915099)",1,16.40,residential,6,,,,auto,
1970,,2920,694,959,1,"LINESTRING (116.41411 39.915099, 116.413469 39.915087)",1,54.68,residential,6,,,,auto,
1971,,2920,959,694,1,"LINESTRING (116.413469 39.915087, 116.41411 39.915099)",1,54.68,residential,6,,,,auto,
1972,廊房头条,2921,429,427,1,"LINESTRING (116.389566 39.896017, 116.389664 39.896026)",1,8.42,residential,6,,,,auto,
1973,廊房头条,2921,427,429,1,"LINESTRING (116.389664 39.896026, 116.389566 39.896017)",1,8.42,residential,6,,,,auto,
1974,廊房头条,2922,429,390,1,"LINESTRING (116.389566 39.896017, 116.389296 39.895993)",1,23.19,residential,6,,,,auto,
1975,廊房头条,2922,390,429,1,"LINESTRING (116.389296 39.895993, 116.389566 39.896017)",1,23.19,residential,6,,,,auto,
1976,前门西大街,2924,960,440,1,"LINESTRING (116.383662 39.899045, 116.382236 39.899005)",1,121.73,tertiary,5,,,,auto,
1977,前门西大街,2928,786,961,1,"LINESTRING (116.383741 39.898798, 116.384225 39.898814)",1,41.33,primary,3,,,,auto,
1978,前门西大街,2929,962,963,1,"LINESTRING (116.383422 39.89891, 116.382031 39.898876)",1,118.72,primary,3,,,,auto,
1979,崇文门内大街,2935,964,965,1,"LINESTRING (116.411967 39.902722, 116.412021 39.902274)",1,50.03,primary,3,,,,auto,
1980,北京站西街,2943,966,174,1,"LINESTRING (116.415008 39.900875, 116.414575 39.900541)",1,52.38,secondary,4,,,,auto,
1981,,2949,967,539,1,"LINESTRING (116.398831 39.91336, 116.399007 39.913368)",1,15.04,residential,6,,,,auto,
1982,,2949,539,967,1,"LINESTRING (116.399007 39.913368, 116.398831 39.91336)",1,15.04,residential,6,,,,auto,
1983,,2950,539,967,1,"LINESTRING (116.399007 39.913368, 116.398831 39.91336)",1,15.04,residential,6,,,,auto,
1984,,2950,967,539,1,"LINESTRING (116.398831 39.91336, 116.399007 39.913368)",1,15.04,residential,6,,,,auto,
1985,,2951,539,538,1,"LINESTRING (116.399007 39.913368, 116.399068 39.913468)",1,12.28,residential,6,,,,auto,
1986,,2951,538,539,1,"LINESTRING (116.399068 39.913468, 116.399007 39.913368)",1,12.28,residential,6,,,,auto,
1987,灯市口西街,2952,210,208,1,"LINESTRING (116.400533 39.916957, 116.400801 39.916966)",1,22.88,tertiary,5,,,,auto,
1988,灯市口西街,2952,208,210,1,"LINESTRING (116.400801 39.916966, 116.400533 39.916957)",1,22.88,tertiary,5,,,,auto,
1989,灯市口西街,2953,210,608,1,"LINESTRING (116.400533 39.916957, 116.400257 39.91704)",1,25.28,tertiary,5,,,,auto,
1990,灯市口西街,2953,608,210,1,"LINESTRING (116.400257 39.91704, 116.400533 39.916957)",1,25.28,tertiary,5,,,,auto,
1991,智德北巷,2954,609,608,1,"LINESTRING (116.400159 39.917064, 116.400257 39.91704)",1,8.77,residential,6,,,,auto,
1992,智德北巷,2954,608,609,1,"LINESTRING (116.400257 39.91704, 116.400159 39.917064)",1,8.77,residential,6,,,,auto,
1993,智德北巷,2955,609,579,1,"LINESTRING (116.400159 39.917064, 116.399247 39.917049)",1,77.80,residential,6,,,,auto,
1994,智德北巷,2955,579,609,1,"LINESTRING (116.399247 39.917049, 116.400159 39.917064)",1,77.80,residential,6,,,,auto,
1995,文津街,2957,968,969,1,"LINESTRING (116.380345 39.92113, 116.380236 39.921147)",1,9.49,primary,3,,2,,auto,
1996,船板胡同,2967,460,458,1,"LINESTRING (116.414385 39.902046, 116.414187 39.902134)",1,19.52,residential,6,,,,auto,
1997,船板胡同,2967,458,460,1,"LINESTRING (116.414187 39.902134, 116.414385 39.902046)",1,19.52,residential,6,,,,auto,
1998,人大会堂西路,2969,970,971,1,"LINESTRING (116.389652 39.901507, 116.389401 39.901498)",1,21.43,tertiary,5,,,,auto,
1999,人大会堂西路,2969,971,970,1,"LINESTRING (116.389401 39.901498, 116.389652 39.901507)",1,21.43,tertiary,5,,,,auto,
2000,广场西侧路,2970,970,454,1,"LINESTRING (116.389652 39.901507, 116.3897 39.900526)",1,109.16,secondary,4,,,,auto,
2001,崇文门东大街,2971,972,973,1,"LINESTRING (116.414834 39.899104, 116.414994 39.899083)",1,13.85,primary,3,,,,auto,
2002,崇文门东大街,2972,974,972,1,"LINESTRING (116.414659 39.899137, 116.414834 39.899104)",1,15.37,primary,3,,,,auto,
2003,前门东大街,2973,975,976,1,"LINESTRING (116.397312 39.899265, 116.398125 39.899282)",1,69.38,primary,3,,,,auto,
2004,前门东大街,2974,977,978,1,"LINESTRING (116.39854 39.899388, 116.398499 39.899388)",1,3.50,primary,3,,,,auto,
2005,崇文门东大街,2977,979,980,1,"LINESTRING (116.413816 39.899447, 116.413678 39.8995)",1,13.16,primary,3,,2,,auto,
2006,崇文门东大街,2978,981,982,1,"LINESTRING (116.413304 39.899549, 116.413367 39.899574)",1,6.05,secondary,4,,,,auto,
2007,崇文门东大街,2979,983,984,1,"LINESTRING (116.413397 39.899611, 116.413418 39.899651)",1,4.80,secondary,4,,,,auto,
2008,北京站西街,2980,985,986,1,"LINESTRING (116.413426 39.899695, 116.413405 39.89974)",1,5.31,primary,3,,,,auto,
2009,北京站西街,2981,985,987,1,"LINESTRING (116.413426 39.899695, 116.413433 39.89973)",1,3.94,secondary,4,,,,auto,
2010,干面胡同,3003,207,206,1,"LINESTRING (116.414098 39.915619, 116.414947 39.915626)",1,72.41,residential,6,,,,auto,
2011,干面胡同,3003,206,207,1,"LINESTRING (116.414947 39.915626, 116.414098 39.915619)",1,72.41,residential,6,,,,auto,
2012,干面胡同,3004,207,657,1,"LINESTRING (116.414098 39.915619, 116.413673 39.915604)",1,36.28,residential,6,,,,auto,
2013,干面胡同,3004,657,207,1,"LINESTRING (116.413673 39.915604, 116.414098 39.915619)",1,36.28,residential,6,,,,auto,
2014,东四南大街,3008,89,87,1,"LINESTRING (116.411366 39.919848, 116.411349 39.920473)",1,69.51,primary,3,,,,auto,
2015,东四南大街,3008,87,89,1,"LINESTRING (116.411349 39.920473, 116.411366 39.919848)",1,69.51,primary,3,,,,auto,
2016,东四南大街,3009,89,195,1,"LINESTRING (116.411366 39.919848, 116.411368 39.919751)",1,10.79,primary,3,,,,auto,
2017,东四南大街,3009,195,89,1,"LINESTRING (116.411368 39.919751, 116.411366 39.919848)",1,10.79,primary,3,,,,auto,
2018,东四南大街,3015,88,86,1,"LINESTRING (116.411348 39.920502, 116.411347 39.920542)",1,4.45,primary,3,,,,auto,
2019,东四南大街,3015,86,88,1,"LINESTRING (116.411347 39.920542, 116.411348 39.920502)",1,4.45,primary,3,,,,auto,
2020,东四南大街,3016,88,87,1,"LINESTRING (116.411348 39.920502, 116.411349 39.920473)",1,3.23,primary,3,,,,auto,
2021,东四南大街,3016,87,88,1,"LINESTRING (116.411349 39.920473, 116.411348 39.920502)",1,3.23,primary,3,,,,auto,
2022,普渡寺前巷,3028,597,599,1,"LINESTRING (116.398317 39.911437, 116.397947 39.91142)",1,31.61,residential,6,,,,auto,
2023,普渡寺前巷,3028,599,597,1,"LINESTRING (116.397947 39.91142, 116.398317 39.911437)",1,31.61,residential,6,,,,auto,
2024,普渡寺前巷,3029,597,590,1,"LINESTRING (116.398317 39.911437, 116.398476 39.911444)",1,13.58,residential,6,,,,auto,
2025,普渡寺前巷,3029,590,597,1,"LINESTRING (116.398476 39.911444, 116.398317 39.911437)",1,13.58,residential,6,,,,auto,
2026,,3031,580,988,1,"LINESTRING (116.399091 39.911965, 116.39904 39.911926)",1,6.14,residential,6,,,,auto,
2027,,3031,988,580,1,"LINESTRING (116.39904 39.911926, 116.399091 39.911965)",1,6.14,residential,6,,,,auto,
2028,,3032,580,577,1,"LINESTRING (116.399091 39.911965, 116.399199 39.91197)",1,9.23,residential,6,,,,auto,
2029,,3032,577,580,1,"LINESTRING (116.399199 39.91197, 116.399091 39.911965)",1,9.23,residential,6,,,,auto,
2030,翠花胡同,3033,989,990,1,"LINESTRING (116.403494 39.922208, 116.403527 39.921721)",1,54.23,residential,6,,,,auto,
2031,翠花胡同,3033,990,989,1,"LINESTRING (116.403527 39.921721, 116.403494 39.922208)",1,54.23,residential,6,,,,auto,
2032,翠花胡同,3034,989,640,1,"LINESTRING (116.403494 39.922208, 116.402032 39.922199)",1,124.68,residential,6,,,,auto,
2033,文津街,3035,991,910,1,"LINESTRING (116.383646 39.920916, 116.383461 39.920914)",1,15.78,primary,3,,2,,auto,
2034,翠花胡同,3037,992,990,1,"LINESTRING (116.403693 39.921643, 116.403527 39.921721)",1,16.60,residential,6,,,,auto,
2035,翠花胡同,3037,990,992,1,"LINESTRING (116.403527 39.921721, 116.403693 39.921643)",1,16.60,residential,6,,,,auto,
2036,翠花胡同,3038,992,993,1,"LINESTRING (116.403693 39.921643, 116.404604 39.921665)",1,77.73,residential,6,,,,auto,
2037,翠花胡同,3038,993,992,1,"LINESTRING (116.404604 39.921665, 116.403693 39.921643)",1,77.73,residential,6,,,,auto,
2038,,3043,994,995,1,"LINESTRING (116.414385 39.913474, 116.414401 39.914027)",1,61.51,residential,6,,,,auto,
2039,,3043,995,994,1,"LINESTRING (116.414401 39.914027, 116.414385 39.913474)",1,61.51,residential,6,,,,auto,
2040,帅府园胡同,3046,235,232,1,"LINESTRING (116.405077 39.910622, 116.406142 39.910658)",1,90.92,unclassified,20,,,,auto,
2041,帅府园胡同,3046,232,235,1,"LINESTRING (116.406142 39.910658, 116.405077 39.910622)",1,90.92,unclassified,20,,,,auto,
2042,西华门大街,3047,835,161,1,"LINESTRING (116.383242 39.913347, 116.384147 39.913351)",1,77.19,unclassified,20,,,,auto,
2043,西华门大街,3047,161,835,1,"LINESTRING (116.384147 39.913351, 116.383242 39.913347)",1,77.19,unclassified,20,,,,auto,
2044,西华门大街,3048,835,834,1,"LINESTRING (116.383242 39.913347, 116.383079 39.913345)",1,13.90,unclassified,20,,,,auto,
2045,西华门大街,3048,834,835,1,"LINESTRING (116.383079 39.913345, 116.383242 39.913347)",1,13.90,unclassified,20,,,,auto,
2046,王府井大街,3049,996,997,1,"LINESTRING (116.405309 39.906792, 116.405304 39.906902)",1,12.24,tertiary,5,,,,auto,
2047,东单北大街,3057,371,998,1,"LINESTRING (116.411651 39.907032, 116.411653 39.906945)",1,9.68,primary,3,,,,auto,
2048,前门西大街,3072,999,1000,1,"LINESTRING (116.385223 39.898698, 116.385332 39.8987)",1,9.30,tertiary,5,,,,auto,
2049,前门西大街,3073,1000,864,1,"LINESTRING (116.385332 39.8987, 116.385458 39.898705)",1,10.76,tertiary,5,,,,auto,
2050,前门大街,3082,1001,958,1,"LINESTRING (116.391997 39.897454, 116.392174 39.897515)",1,16.55,secondary,4,,,,auto,
2051,前门大街,3126,1002,877,1,"LINESTRING (116.390388 39.897786, 116.3907 39.897652)",1,30.50,secondary,4,,,,auto,
2052,前门大街,3127,1003,1004,1,"LINESTRING (116.393153 39.897933, 116.393216 39.89798)",1,7.50,secondary,4,,,,auto,
2053,,3144,1005,817,1,"LINESTRING (116.400531 39.899171, 116.400536 39.899084)",1,9.68,tertiary,5,,,,auto,
2054,,3144,817,1005,1,"LINESTRING (116.400536 39.899084, 116.400531 39.899171)",1,9.68,tertiary,5,,,,auto,
2055,,3145,1005,1006,1,"LINESTRING (116.400531 39.899171, 116.400585 39.899334)",1,18.70,tertiary,5,,,,auto,
2056,,3145,1006,1005,1,"LINESTRING (116.400585 39.899334, 116.400531 39.899171)",1,18.70,tertiary,5,,,,auto,
2057,前门东大街,3147,1007,108,1,"LINESTRING (116.398498 39.899291, 116.398545 39.899292)",1,4.01,primary,3,,,,auto,
2058,前门东大街,3153,978,378,1,"LINESTRING (116.398499 39.899388, 116.397529 39.899354)",1,82.83,primary,3,,,,auto,
2059,前门东大街,3159,1008,1009,1,"LINESTRING (116.399242 39.89941, 116.398931 39.899398)",1,26.56,primary,3,,,,auto,
2060,正义路,3197,1010,1011,1,"LINESTRING (116.400733 39.8996, 116.400741 39.899659)",1,6.60,tertiary,5,,,,auto,
2061,前门东大街,3220,1012,1013,1,"LINESTRING (116.395084 39.899024, 116.395552 39.899105)",1,40.93,primary,3,,,,auto,
2062,前门东大街,3221,976,1007,1,"LINESTRING (116.398125 39.899282, 116.398498 39.899291)",1,31.83,primary,3,,,,auto,
2063,前门东大街,3222,1009,977,1,"LINESTRING (116.398931 39.899398, 116.39854 39.899388)",1,33.37,primary,3,,,,auto,
2064,前门东大街,3223,1014,1008,1,"LINESTRING (116.399614 39.899418, 116.399242 39.89941)",1,31.75,primary,3,,,,auto,
2065,前门东大街,3264,382,383,1,"LINESTRING (116.39601 39.899256, 116.395641 39.899208)",1,31.93,primary,3,,,,auto,
2066,前门东大街,3265,379,381,1,"LINESTRING (116.396777 39.899327, 116.396476 39.899309)",1,25.75,primary,3,,,,auto,
2067,崇文门外大街,3344,148,1015,1,"LINESTRING (116.412189 39.899451, 116.412198 39.899351)",1,11.15,primary,3,,,,auto,
2068,崇文门西大街辅路,3345,1016,1017,1,"LINESTRING (116.410797 39.899533, 116.411928 39.899542)",1,96.49,primary,3,,,,auto,
2069,崇文门西大街辅路,3346,1018,148,1,"LINESTRING (116.412115 39.899488, 116.412189 39.899451)",1,7.53,primary,3,,,,auto,
2070,崇文门西大街辅路,3347,1019,1016,1,"LINESTRING (116.410423 39.899623, 116.410797 39.899533)",1,33.44,primary,3,,,,auto,
2071,崇文门西大街,3348,1019,1020,1,"LINESTRING (116.410423 39.899623, 116.411904 39.89964)",1,126.35,primary,3,,,,auto,
2072,前门东大街,3349,1021,110,1,"LINESTRING (116.404728 39.899441, 116.405339 39.899455)",1,52.14,primary,3,,,,auto,
2073,东单北大街,3354,1022,1023,1,"LINESTRING (116.411859 39.907584, 116.411854 39.907661)",1,8.57,primary,3,,,,auto,
2074,北极阁路,3359,1024,1025,1,"LINESTRING (116.412777 39.90835, 116.413743 39.908337)",1,82.41,residential,6,,,,auto,
2075,北极阁路,3359,1025,1024,1,"LINESTRING (116.413743 39.908337, 116.412777 39.90835)",1,82.41,residential,6,,,,auto,
2076,北极阁路,3360,1024,729,1,"LINESTRING (116.412777 39.90835, 116.41199 39.908289)",1,67.47,residential,6,,,,auto,
2077,北极阁路,3360,729,1024,1,"LINESTRING (116.41199 39.908289, 116.412777 39.90835)",1,67.47,residential,6,,,,auto,
2078,崇文门内大街,3361,1026,521,1,"LINESTRING (116.412176 39.901562, 116.412122 39.902893)",1,148.07,primary,3,,,,auto,
2079,崇文门内大街,3362,965,1027,1,"LINESTRING (116.412021 39.902274, 116.412047 39.902002)",1,30.33,primary,3,,,,auto,
2080,崇文门内大街,3363,522,1028,1,"LINESTRING (116.412114 39.90306, 116.412106 39.903195)",1,15.03,primary,3,,,,auto,
2081,东四南大街,3364,76,266,1,"LINESTRING (116.411548 39.914816, 116.411548 39.914876)",1,6.67,primary,3,,,,auto,
2082,东四南大街,3364,266,76,1,"LINESTRING (116.411548 39.914876, 116.411548 39.914816)",1,6.67,primary,3,,,,auto,
2083,东四南大街,3365,76,75,1,"LINESTRING (116.411548 39.914816, 116.411574 39.914161)",1,72.87,primary,3,,,,auto,
2084,东四南大街,3365,75,76,1,"LINESTRING (116.411574 39.914161, 116.411548 39.914816)",1,72.87,primary,3,,,,auto,
2085,东单北大街,3367,1029,185,1,"LINESTRING (116.411697 39.909566, 116.411685 39.910053)",1,54.16,primary,3,,,,auto,
2086,东单北大街,3367,185,1029,1,"LINESTRING (116.411685 39.910053, 116.411697 39.909566)",1,54.16,primary,3,,,,auto,
2087,东单北大街,3368,1029,832,1,"LINESTRING (116.411697 39.909566, 116.411704 39.909308)",1,28.69,primary,3,,,,auto,
2088,东单北大街,3368,832,1029,1,"LINESTRING (116.411704 39.909308, 116.411697 39.909566)",1,28.69,primary,3,,,,auto,
2089,东四南大街,3369,1030,1031,1,"LINESTRING (116.411316 39.921671, 116.41131 39.92188)",1,23.25,primary,3,,,,auto,
2090,东四南大街,3369,1031,1030,1,"LINESTRING (116.41131 39.92188, 116.411316 39.921671)",1,23.25,primary,3,,,,auto,
2091,东四南大街,3370,1030,1032,1,"LINESTRING (116.411316 39.921671, 116.411322 39.921436)",1,26.14,primary,3,,,,auto,
2092,东四南大街,3370,1032,1030,1,"LINESTRING (116.411322 39.921436, 116.411316 39.921671)",1,26.14,primary,3,,,,auto,
2093,东四南大街,3371,204,200,1,"LINESTRING (116.411534 39.915165, 116.411516 39.915576)",1,45.73,primary,3,,,,auto,
2094,东四南大街,3371,200,204,1,"LINESTRING (116.411516 39.915576, 116.411534 39.915165)",1,45.73,primary,3,,,,auto,
2095,东四南大街,3372,204,267,1,"LINESTRING (116.411534 39.915165, 116.411537 39.915106)",1,6.57,primary,3,,,,auto,
2096,东四南大街,3372,267,204,1,"LINESTRING (116.411537 39.915106, 116.411534 39.915165)",1,6.57,primary,3,,,,auto,
2097,广场西侧路,3393,1033,970,1,"LINESTRING (116.389641 39.90174, 116.389652 39.901507)",1,25.93,secondary,4,,,,auto,
2098,,3429,1034,1035,1,"LINESTRING (116.402876 39.899912, 116.402907 39.899731)",1,20.30,unclassified,20,,,,auto,
2099,,3429,1035,1034,1,"LINESTRING (116.402907 39.899731, 116.402876 39.899912)",1,20.30,unclassified,20,,,,auto,
2100,东交民巷,3431,758,1036,1,"LINESTRING (116.401993 39.90119, 116.40226 39.901194)",1,22.78,unclassified,20,,,,auto,
2101,东交民巷,3431,1036,758,1,"LINESTRING (116.40226 39.901194, 116.401993 39.90119)",1,22.78,unclassified,20,,,,auto,
2102,东交民巷,3432,758,274,1,"LINESTRING (116.401993 39.90119, 116.400745 39.901053)",1,107.54,unclassified,20,,,,auto,
2103,东交民巷,3432,274,758,1,"LINESTRING (116.400745 39.901053, 116.401993 39.90119)",1,107.54,unclassified,20,,,,auto,
2104,前门东大街辅路,3448,1037,1038,1,"LINESTRING (116.40254 39.899633, 116.401346 39.8996)",1,101.92,tertiary,5,,,,auto,
2105,东交民巷,3451,1039,279,1,"LINESTRING (116.404329 39.901223, 116.405299 39.901201)",1,82.78,unclassified,20,,,,auto,
2106,东交民巷,3451,279,1039,1,"LINESTRING (116.405299 39.901201, 116.404329 39.901223)",1,82.78,unclassified,20,,,,auto,
2107,东交民巷,3452,1039,1036,1,"LINESTRING (116.404329 39.901223, 116.40226 39.901194)",1,176.52,unclassified,20,,,,auto,
2108,东交民巷,3452,1036,1039,1,"LINESTRING (116.40226 39.901194, 116.404329 39.901223)",1,176.52,unclassified,20,,,,auto,
2109,东长安街,3526,1040,524,1,"LINESTRING (116.409383 39.9067, 116.409824 39.906713)",1,37.64,trunk,2,,5,,auto,
2110,东长安街,3527,1041,707,1,"LINESTRING (116.409965 39.906889, 116.409276 39.906864)",1,58.83,trunk,2,,,,auto,
2111,东长安街,3528,1042,1043,1,"LINESTRING (116.406764 39.906622, 116.406997 39.906628)",1,19.89,trunk,2,,5,,auto,
2112,东长安街,3529,1043,1044,1,"LINESTRING (116.406997 39.906628, 116.408507 39.906675)",1,128.90,trunk,2,,5,,auto,
2113,东长安街,3530,1045,744,1,"LINESTRING (116.407702 39.906822, 116.407076 39.906805)",1,53.43,trunk,2,,,,auto,
2114,东长安街,3531,708,1045,1,"LINESTRING (116.407892 39.906827, 116.407702 39.906822)",1,16.22,trunk,2,,,,auto,
2115,东单北大街,3540,1046,1047,1,"LINESTRING (116.411591 39.908269, 116.411595 39.908204)",1,7.24,primary,3,,,,auto,
2116,北极阁路,3541,729,1024,1,"LINESTRING (116.41199 39.908289, 116.412777 39.90835)",1,67.47,residential,6,,,,auto,
2117,北极阁路,3541,1024,729,1,"LINESTRING (116.412777 39.90835, 116.41199 39.908289)",1,67.47,residential,6,,,,auto,
2118,北极阁路,3542,729,728,1,"LINESTRING (116.41199 39.908289, 116.411805 39.908275)",1,15.86,residential,6,,,,auto,
2119,北极阁路,3542,728,729,1,"LINESTRING (116.411805 39.908275, 116.41199 39.908289)",1,15.86,residential,6,,,,auto,
2120,东单北大街,3547,1023,728,1,"LINESTRING (116.411854 39.907661, 116.411805 39.908275)",1,68.40,primary,3,,,,auto,
2121,东单三条,3551,1048,1049,1,"LINESTRING (116.411227 39.909149, 116.411422 39.909149)",1,16.63,tertiary,5,,,,auto,
2122,东单三条,3552,1050,1048,1,"LINESTRING (116.41109 39.909149, 116.411227 39.909149)",1,11.69,tertiary,5,,,,auto,
2123,东单三条,3553,675,673,1,"LINESTRING (116.410955 39.90918, 116.40953 39.909194)",1,121.55,tertiary,5,,,,auto,
2124,东单三条,3553,673,675,1,"LINESTRING (116.40953 39.909194, 116.410955 39.90918)",1,121.55,tertiary,5,,,,auto,
2125,东单三条,3554,675,1050,1,"LINESTRING (116.410955 39.90918, 116.41109 39.909149)",1,12.02,tertiary,5,,,,auto,
2126,东单北大街,3555,730,1051,1,"LINESTRING (116.411798 39.908464, 116.411789 39.908946)",1,53.60,primary,3,,,,auto,
2127,东单北大街,3556,1052,1046,1,"LINESTRING (116.411586 39.908551, 116.411591 39.908269)",1,31.36,primary,3,,,,auto,
2128,崇文门内大街,3557,1027,1053,1,"LINESTRING (116.412047 39.902002, 116.412064 39.901216)",1,87.41,primary,3,,,,auto,
2129,东兴隆街,3560,340,825,1,"LINESTRING (116.408817 39.895822, 116.407704 39.895842)",1,94.98,tertiary,5,,,,auto,
2130,东兴隆街,3560,825,340,1,"LINESTRING (116.407704 39.895842, 116.408817 39.895822)",1,94.98,tertiary,5,,,,auto,
2131,东兴隆街,3561,340,339,1,"LINESTRING (116.408817 39.895822, 116.409166 39.895832)",1,29.79,tertiary,5,,,,auto,
2132,东兴隆街,3561,339,340,1,"LINESTRING (116.409166 39.895832, 116.408817 39.895822)",1,29.79,tertiary,5,,,,auto,
2133,祈年大街,3562,291,316,1,"LINESTRING (116.405679 39.896697, 116.405719 39.895894)",1,89.35,secondary,4,,,,auto,
2134,祈年大街,3563,1054,1498,1,"LINESTRING (116.405861 39.896987, 116.405809 39.897909)",1,102.62,secondary,4,,,,auto,
2135,金宝街,3564,1055,1056,1,"LINESTRING (116.411766 39.914146, 116.412808 39.91415)",1,88.87,secondary,4,,,,auto,
2136,金宝街,3565,723,742,1,"LINESTRING (116.41328 39.914241, 116.413011 39.914245)",1,22.95,secondary,4,,,,auto,
2137,金宝街,3566,743,1057,1,"LINESTRING (116.411846 39.914252, 116.41171 39.914206)",1,12.68,secondary,4,,,,auto,
2138,东单北大街,3567,193,189,1,"LINESTRING (116.411623 39.912466, 116.411615 39.912767)",1,33.48,primary,3,,,,auto,
2139,东单北大街,3567,189,193,1,"LINESTRING (116.411615 39.912767, 116.411623 39.912466)",1,33.48,primary,3,,,,auto,
2140,东单北大街,3568,193,1058,1,"LINESTRING (116.411623 39.912466, 116.411642 39.911719)",1,83.08,primary,3,,,,auto,
2141,东单北大街,3568,1058,193,1,"LINESTRING (116.411642 39.911719, 116.411623 39.912466)",1,83.08,primary,3,,,,auto,
2142,东单北大街,3569,1058,193,1,"LINESTRING (116.411642 39.911719, 116.411623 39.912466)",1,83.08,primary,3,,,,auto,
2143,东单北大街,3569,193,1058,1,"LINESTRING (116.411623 39.912466, 116.411642 39.911719)",1,83.08,primary,3,,,,auto,
2144,东单北大街,3570,1058,188,1,"LINESTRING (116.411642 39.911719, 116.411647 39.91152)",1,22.13,primary,3,,,,auto,
2145,东单北大街,3570,188,1058,1,"LINESTRING (116.411647 39.91152, 116.411642 39.911719)",1,22.13,primary,3,,,,auto,
2146,东四南大街,3571,267,204,1,"LINESTRING (116.411537 39.915106, 116.411534 39.915165)",1,6.57,primary,3,,,,auto,
2147,东四南大街,3571,204,267,1,"LINESTRING (116.411534 39.915165, 116.411537 39.915106)",1,6.57,primary,3,,,,auto,
2148,东四南大街,3572,267,266,1,"LINESTRING (116.411537 39.915106, 116.411548 39.914876)",1,25.59,primary,3,,,,auto,
2149,东四南大街,3572,266,267,1,"LINESTRING (116.411548 39.914876, 116.411537 39.915106)",1,25.59,primary,3,,,,auto,
2150,灯市口大街,3573,700,1059,1,"LINESTRING (116.410342 39.917352, 116.410491 39.917361)",1,12.75,tertiary,5,,,,auto,
2151,灯市口大街,3573,1059,700,1,"LINESTRING (116.410491 39.917361, 116.410342 39.917352)",1,12.75,tertiary,5,,,,auto,
2152,灯市口大街,3574,700,652,1,"LINESTRING (116.410342 39.917352, 116.410203 39.917354)",1,11.86,tertiary,5,,,,auto,
2153,灯市口大街,3574,652,700,1,"LINESTRING (116.410203 39.917354, 116.410342 39.917352)",1,11.86,tertiary,5,,,,auto,
2154,灯市口大街,3575,1059,1060,1,"LINESTRING (116.410491 39.917361, 116.411234 39.917397)",1,63.49,tertiary,5,,,,auto,
2155,灯市口大街,3575,1060,1059,1,"LINESTRING (116.411234 39.917397, 116.410491 39.917361)",1,63.49,tertiary,5,,,,auto,
2156,灯市口大街,3576,1059,700,1,"LINESTRING (116.410491 39.917361, 116.410342 39.917352)",1,12.75,tertiary,5,,,,auto,
2157,灯市口大街,3576,700,1059,1,"LINESTRING (116.410342 39.917352, 116.410491 39.917361)",1,12.75,tertiary,5,,,,auto,
2158,灯市口大街,3577,645,643,1,"LINESTRING (116.406602 39.917208, 116.407398 39.917239)",1,67.97,tertiary,5,,,,auto,
2159,灯市口大街,3577,643,645,1,"LINESTRING (116.407398 39.917239, 116.406602 39.917208)",1,67.97,tertiary,5,,,,auto,
2160,灯市口大街,3578,645,741,1,"LINESTRING (116.406602 39.917208, 116.405959 39.917189)",1,54.88,tertiary,5,,,,auto,
2161,灯市口大街,3578,741,645,1,"LINESTRING (116.405959 39.917189, 116.406602 39.917208)",1,54.88,tertiary,5,,,,auto,
2162,人大会堂西路,3579,1061,1062,1,"LINESTRING (116.38543 39.905693, 116.38542 39.905567)",1,14.04,tertiary,5,,,,auto,
2163,人大会堂西路,3579,1062,1061,1,"LINESTRING (116.38542 39.905567, 116.38543 39.905693)",1,14.04,tertiary,5,,,,auto,
2164,人大会堂西路,3580,1061,1063,1,"LINESTRING (116.38543 39.905693, 116.38555 39.905897)",1,24.89,tertiary,5,,,,auto,
2165,人大会堂西路,3580,1063,1061,1,"LINESTRING (116.38555 39.905897, 116.38543 39.905693)",1,24.89,tertiary,5,,,,auto,
2166,西长安街,3581,1064,361,1,"LINESTRING (116.386428 39.906169, 116.385872 39.90615)",1,47.47,trunk,2,,,,auto,
2167,南长街,3582,362,1065,1,"LINESTRING (116.385634 39.906142, 116.385676 39.906385)",1,27.26,tertiary,5,,,,auto,
2168,南长街,3582,1065,362,1,"LINESTRING (116.385676 39.906385, 116.385634 39.906142)",1,27.26,tertiary,5,,,,auto,
2169,西长安街,3583,362,1066,1,"LINESTRING (116.385634 39.906142, 116.383594 39.906059)",1,174.25,trunk,2,,,,auto,
2170,南长街,3584,362,1063,1,"LINESTRING (116.385634 39.906142, 116.38555 39.905897)",1,28.17,tertiary,5,,,,auto,
2171,南长街,3584,1063,362,1,"LINESTRING (116.38555 39.905897, 116.385634 39.906142)",1,28.17,tertiary,5,,,,auto,
2172,大纱帽胡同,3604,655,653,1,"LINESTRING (116.404337 39.909121, 116.404127 39.909114)",1,17.93,residential,6,,,,auto,
2173,大纱帽胡同,3604,653,655,1,"LINESTRING (116.404127 39.909114, 116.404337 39.909121)",1,17.93,residential,6,,,,auto,
2174,大纱帽胡同,3605,655,225,1,"LINESTRING (116.404337 39.909121, 116.405117 39.909144)",1,66.58,residential,6,,,,auto,
2175,大纱帽胡同,3605,225,655,1,"LINESTRING (116.405117 39.909144, 116.404337 39.909121)",1,66.58,residential,6,,,,auto,
2176,,3607,1067,617,1,"LINESTRING (116.402589 39.909797, 116.402616 39.909284)",1,57.09,residential,6,,,,auto,
2177,,3607,617,1067,1,"LINESTRING (116.402616 39.909284, 116.402589 39.909797)",1,57.09,residential,6,,,,auto,
2178,,3608,1067,1068,1,"LINESTRING (116.402589 39.909797, 116.40257 39.910167)",1,41.17,residential,6,,,,auto,
2179,,3608,1068,1067,1,"LINESTRING (116.40257 39.910167, 116.402589 39.909797)",1,41.17,residential,6,,,,auto,
2180,,3617,1068,1067,1,"LINESTRING (116.40257 39.910167, 116.402589 39.909797)",1,41.17,residential,6,,,,auto,
2181,,3617,1067,1068,1,"LINESTRING (116.402589 39.909797, 116.40257 39.910167)",1,41.17,residential,6,,,,auto,
2182,,3618,1068,680,1,"LINESTRING (116.40257 39.910167, 116.402551 39.910499)",1,36.95,residential,6,,,,auto,
2183,,3618,680,1068,1,"LINESTRING (116.402551 39.910499, 116.40257 39.910167)",1,36.95,residential,6,,,,auto,
2184,大甜水井胡同,3630,706,705,1,"LINESTRING (116.404251 39.910687, 116.405073 39.910704)",1,70.14,residential,6,,,,auto,
2185,大甜水井胡同,3630,705,706,1,"LINESTRING (116.405073 39.910704, 116.404251 39.910687)",1,70.14,residential,6,,,,auto,
2186,大甜水井胡同,3631,706,714,1,"LINESTRING (116.404251 39.910687, 116.403864 39.910667)",1,33.08,residential,6,,,,auto,
2187,大甜水井胡同,3631,714,706,1,"LINESTRING (116.403864 39.910667, 116.404251 39.910687)",1,33.08,residential,6,,,,auto,
2188,草厂十条,3636,801,800,1,"LINESTRING (116.403565 39.89661, 116.403618 39.8969)",1,32.56,tertiary,5,,,,auto,
2189,草厂十条,3636,800,801,1,"LINESTRING (116.403618 39.8969, 116.403565 39.89661)",1,32.56,tertiary,5,,,,auto,
2190,草厂十条,3637,801,400,1,"LINESTRING (116.403565 39.89661, 116.403549 39.895942)",1,74.29,tertiary,5,,,,auto,
2191,草厂十条,3637,400,801,1,"LINESTRING (116.403549 39.895942, 116.403565 39.89661)",1,74.29,tertiary,5,,,,auto,
2192,草厂十条,3638,337,336,1,"LINESTRING (116.403672 39.897145, 116.403648 39.897915)",1,85.64,tertiary,5,,,,auto,
2193,草厂十条,3638,336,337,1,"LINESTRING (116.403648 39.897915, 116.403672 39.897145)",1,85.64,tertiary,5,,,,auto,
2194,草厂十条,3639,337,800,1,"LINESTRING (116.403672 39.897145, 116.403618 39.8969)",1,27.63,tertiary,5,,,,auto,
2195,草厂十条,3639,800,337,1,"LINESTRING (116.403618 39.8969, 116.403672 39.897145)",1,27.63,tertiary,5,,,,auto,
2196,,3640,337,1069,1,"LINESTRING (116.403672 39.897145, 116.40361 39.897144)",1,5.29,residential,6,,,,auto,
2197,,3640,1069,337,1,"LINESTRING (116.40361 39.897144, 116.403672 39.897145)",1,5.29,residential,6,,,,auto,
2198,景山前街,3648,1070,120,1,"LINESTRING (116.389778 39.921852, 116.391458 39.921919)",1,143.46,primary,3,,,,auto,
2199,景山前街,3650,1071,1072,1,"LINESTRING (116.393615 39.92201, 116.39606 39.922085)",1,208.67,primary,3,,,,auto,
2202,北池子大街,3652,1496,1073,1,"LINESTRING (116.396269 39.921959, 116.396276 39.921919)",1,4.49,tertiary,5,,1,,auto,
2203,北池子大街,3652,1073,1496,1,"LINESTRING (116.396276 39.921919, 116.396269 39.921959)",1,4.49,tertiary,5,,1,,auto,
2204,,3654,1496,1074,1,"LINESTRING (116.396269 39.921959, 116.396429 39.921919)",1,14.35,unclassified,20,,,,auto,
2205,,3654,1074,1496,1,"LINESTRING (116.396429 39.921919, 116.396269 39.921959)",1,14.35,unclassified,20,,,,auto,
2206,景山东街,3659,1075,1076,1,"LINESTRING (116.393376 39.922163, 116.393377 39.922132)",1,3.45,tertiary,5,,,,auto,
2207,景山东街,3659,1076,1075,1,"LINESTRING (116.393377 39.922132, 116.393376 39.922163)",1,3.45,tertiary,5,,,,auto,
2208,银闸胡同,3667,1077,473,1,"LINESTRING (116.397457 39.922644, 116.397461 39.922615)",1,3.24,residential,6,,,,auto,
2209,银闸胡同,3667,473,1077,1,"LINESTRING (116.397461 39.922615, 116.397457 39.922644)",1,3.24,residential,6,,,,auto,
2210,西花市大街,3673,798,797,1,"LINESTRING (116.414337 39.895792, 116.414692 39.895776)",1,30.34,tertiary,5,,,,auto,
2211,西花市大街,3673,797,798,1,"LINESTRING (116.414692 39.895776, 116.414337 39.895792)",1,30.34,tertiary,5,,,,auto,
2212,西花市大街,3674,798,887,1,"LINESTRING (116.414337 39.895792, 116.413783 39.895798)",1,47.27,tertiary,5,,,,auto,
2213,西花市大街,3674,887,798,1,"LINESTRING (116.413783 39.895798, 116.414337 39.895792)",1,47.27,tertiary,5,,,,auto,
2214,崇文门西大街,3675,1078,1079,1,"LINESTRING (116.408798 39.899685, 116.408617 39.89968)",1,15.45,primary,3,,,,auto,
2215,富强胡同,3684,414,415,1,"LINESTRING (116.402573 39.92002, 116.402529 39.920266)",1,27.61,residential,6,,,,auto,
2216,富强胡同,3684,415,414,1,"LINESTRING (116.402529 39.920266, 116.402573 39.92002)",1,27.61,residential,6,,,,auto,
2217,富强胡同,3685,414,413,1,"LINESTRING (116.402573 39.92002, 116.402586 39.919735)",1,31.71,residential,6,,,,auto,
2218,富强胡同,3685,413,414,1,"LINESTRING (116.402586 39.919735, 116.402573 39.92002)",1,31.71,residential,6,,,,auto,
2219,富强胡同,3686,412,413,1,"LINESTRING (116.402577 39.919419, 116.402586 39.919735)",1,35.15,residential,6,,,,auto,
2220,富强胡同,3686,413,412,1,"LINESTRING (116.402586 39.919735, 116.402577 39.919419)",1,35.15,residential,6,,,,auto,
2221,富强胡同,3687,412,411,1,"LINESTRING (116.402577 39.919419, 116.402582 39.919141)",1,30.92,residential,6,,,,auto,
2222,富强胡同,3687,411,412,1,"LINESTRING (116.402582 39.919141, 116.402577 39.919419)",1,30.92,residential,6,,,,auto,
2223,西兴隆街,3694,399,324,1,"LINESTRING (116.401396 39.895978, 116.40126 39.89599)",1,11.68,tertiary,5,,2,,auto,
2224,西兴隆街,3694,324,399,1,"LINESTRING (116.40126 39.89599, 116.401396 39.895978)",1,11.68,tertiary,5,,2,,auto,
2225,西兴隆街,3695,399,398,1,"LINESTRING (116.401396 39.895978, 116.401685 39.895962)",1,24.72,tertiary,5,,2,,auto,
2226,西兴隆街,3695,398,399,1,"LINESTRING (116.401685 39.895962, 116.401396 39.895978)",1,24.72,tertiary,5,,2,,auto,
2227,东单北大街,3699,1051,690,1,"LINESTRING (116.411789 39.908946, 116.41176 39.909034)",1,10.09,primary,3,,,,auto,
2228,东单北大街,3700,1080,1081,1,"LINESTRING (116.411883 39.907266, 116.411866 39.907472)",1,22.95,primary,3,,,,auto,
2229,大阮府胡同,3701,1082,251,1,"LINESTRING (116.405034 39.911788, 116.404907 39.911781)",1,10.86,residential,6,,,,auto,
2230,大阮府胡同,3701,251,1082,1,"LINESTRING (116.404907 39.911781, 116.405034 39.911788)",1,10.86,residential,6,,,,auto,
2231,西长安街,3706,1066,1083,1,"LINESTRING (116.383594 39.906059, 116.382841 39.906028)",1,64.32,trunk,2,,,,auto,
2232,西长安街,3707,924,1084,1,"LINESTRING (116.384844 39.905879, 116.385121 39.905886)",1,23.64,trunk,2,,,,auto,
2233,红井胡同,3708,447,445,1,"LINESTRING (116.385034 39.901436, 116.382786 39.90137)",1,191.90,tertiary,5,,,,auto,
2234,红井胡同,3708,445,447,1,"LINESTRING (116.382786 39.90137, 116.385034 39.901436)",1,191.90,tertiary,5,,,,auto,
2235,红井胡同,3709,447,433,1,"LINESTRING (116.385034 39.901436, 116.385276 39.901444)",1,20.66,tertiary,5,,,,auto,
2236,红井胡同,3709,433,447,1,"LINESTRING (116.385276 39.901444, 116.385034 39.901436)",1,20.66,tertiary,5,,,,auto,
2237,东长安街,3723,1085,1086,1,"LINESTRING (116.404543 39.906553, 116.404782 39.906558)",1,20.39,trunk,2,,,,auto,
2238,东长安街,3727,1087,735,1,"LINESTRING (116.404278 39.906725, 116.403042 39.906684)",1,105.53,trunk,2,,,,auto,
2239,东单北大街,3757,1088,370,1,"LINESTRING (116.41162 39.907443, 116.411649 39.907074)",1,41.11,primary,3,,,,auto,
2240,东长安街,3760,1086,1089,1,"LINESTRING (116.404782 39.906558, 116.404926 39.906562)",1,12.29,trunk,2,,,,auto,
2241,东长安街,3780,1090,1042,1,"LINESTRING (116.406139 39.906606, 116.406764 39.906622)",1,53.34,trunk,2,,5,,auto,
2242,东单北大街,3816,1081,1022,1,"LINESTRING (116.411866 39.907472, 116.411859 39.907584)",1,12.47,primary,3,,,,auto,
2243,东单北大街,3821,1091,1088,1,"LINESTRING (116.411605 39.907921, 116.41162 39.907443)",1,53.17,primary,3,,,,auto,
2244,崇文门内大街,3836,1092,1093,1,"LINESTRING (116.411696 39.906222, 116.411732 39.905799)",1,47.14,primary,3,,,,auto,
2245,崇文门内大街,3837,1053,288,1,"LINESTRING (116.412064 39.901216, 116.412075 39.900622)",1,66.06,primary,3,,,,auto,
2246,崇文门内大街,3838,1094,352,1,"LINESTRING (116.411937 39.906198, 116.411906 39.906626)",1,47.66,primary,3,,,,auto,
2247,崇文门内大街,3839,1095,1094,1,"LINESTRING (116.41196 39.905824, 116.411937 39.906198)",1,41.63,primary,3,,,,auto,
2248,崇文门内大街,3842,1093,1096,1,"LINESTRING (116.411732 39.905799, 116.411791 39.905265)",1,59.59,primary,3,,,,auto,
2249,崇文门内大街,3843,1097,1098,1,"LINESTRING (116.412258 39.900416, 116.412201 39.900709)",1,32.94,primary,3,,,,auto,
2250,崇文门内大街,3844,1098,1099,1,"LINESTRING (116.412201 39.900709, 116.412184 39.901109)",1,44.50,primary,3,,,,auto,
2251,崇文门内大街,3845,1099,1026,1,"LINESTRING (116.412184 39.901109, 116.412176 39.901562)",1,50.38,primary,3,,,,auto,
2252,东长安街,3846,1044,1100,1,"LINESTRING (116.408507 39.906675, 116.409154 39.906693)",1,55.22,trunk,2,,5,,auto,
2253,东单北大街,3848,1101,1102,1,"LINESTRING (116.411587 39.90893, 116.41158 39.908901)",1,3.28,primary,3,,,,auto,
2254,东长安街,3849,1100,1040,1,"LINESTRING (116.409154 39.906693, 116.409383 39.9067)",1,19.55,trunk,2,,5,,auto,
2255,东单三条,3851,831,1103,1,"LINESTRING (116.411629 39.909211, 116.411424 39.90921)",1,17.49,tertiary,5,,,,auto,
2256,东单北大街,3852,1047,1091,1,"LINESTRING (116.411595 39.908204, 116.411605 39.907921)",1,31.48,primary,3,,,,auto,
2257,北极阁路,3861,1025,1104,1,"LINESTRING (116.413743 39.908337, 116.414541 39.908363)",1,68.13,residential,6,,,,auto,
2258,北极阁路,3861,1104,1025,1,"LINESTRING (116.414541 39.908363, 116.413743 39.908337)",1,68.13,residential,6,,,,auto,
2259,北极阁路,3862,1025,1024,1,"LINESTRING (116.413743 39.908337, 116.412777 39.90835)",1,82.41,residential,6,,,,auto,
2260,北极阁路,3862,1024,1025,1,"LINESTRING (116.412777 39.90835, 116.413743 39.908337)",1,82.41,residential,6,,,,auto,
2261,北极阁路,3863,1104,1025,1,"LINESTRING (116.414541 39.908363, 116.413743 39.908337)",1,68.13,residential,6,,,,auto,
2262,北极阁路,3863,1025,1104,1,"LINESTRING (116.413743 39.908337, 116.414541 39.908363)",1,68.13,residential,6,,,,auto,
2263,栖凤楼胡同,3864,1104,1105,1,"LINESTRING (116.414541 39.908363, 116.41455 39.908122)",1,26.81,residential,6,,,,auto,
2264,栖凤楼胡同,3864,1105,1104,1,"LINESTRING (116.41455 39.908122, 116.414541 39.908363)",1,26.81,residential,6,,,,auto,
2265,建国门内大街,3865,1106,368,1,"LINESTRING (116.414617 39.90702, 116.412036 39.906954)",1,220.27,trunk,2,,,,auto,
2266,栖凤楼胡同,3866,1106,1107,1,"LINESTRING (116.414617 39.90702, 116.414608 39.907177)",1,17.47,residential,6,,,,auto,
2267,栖凤楼胡同,3866,1107,1106,1,"LINESTRING (116.414608 39.907177, 116.414617 39.90702)",1,17.47,residential,6,,,,auto,
2268,骑河楼街,3879,1108,483,1,"LINESTRING (116.398072 39.918444, 116.397537 39.918424)",1,45.68,residential,6,,,,auto,
2269,崇文门东大街,3881,881,974,1,"LINESTRING (116.414452 39.899187, 116.414659 39.899137)",1,18.51,primary,3,,,,auto,
2270,崇文门东大街,3884,840,1109,1,"LINESTRING (116.414489 39.899273, 116.414199 39.899343)",1,25.93,primary,3,,2,,auto,
2271,前门东大街,3900,384,7,1,"LINESTRING (116.395229 39.899152, 116.393707 39.898912)",1,132.55,primary,3,,,,auto,
2272,文津街,3960,908,1110,1,"LINESTRING (116.383547 39.920827, 116.384332 39.920844)",1,66.97,primary,3,,2,,auto,
2273,南长街,3966,1111,1112,1,"LINESTRING (116.385395 39.911228, 116.385474 39.910118)",1,123.61,tertiary,5,,,,auto,
2274,南长街,3966,1112,1111,1,"LINESTRING (116.385474 39.910118, 116.385395 39.911228)",1,123.61,tertiary,5,,,,auto,
2275,南长街,3967,1111,1113,1,"LINESTRING (116.385395 39.911228, 116.385387 39.911313)",1,9.48,tertiary,5,,,,auto,
2276,南长街,3967,1113,1111,1,"LINESTRING (116.385387 39.911313, 116.385395 39.911228)",1,9.48,tertiary,5,,,,auto,
2277,台基厂大街,3968,519,516,1,"LINESTRING (116.405379 39.903429, 116.405446 39.902288)",1,127.00,tertiary,5,,,,auto,
2278,台基厂大街,3968,516,519,1,"LINESTRING (116.405446 39.902288, 116.405379 39.903429)",1,127.00,tertiary,5,,,,auto,
2279,台基厂大街,3969,519,757,1,"LINESTRING (116.405379 39.903429, 116.405367 39.903584)",1,17.27,tertiary,5,,,,auto,
2280,台基厂大街,3969,757,519,1,"LINESTRING (116.405367 39.903584, 116.405379 39.903429)",1,17.27,tertiary,5,,,,auto,
2281,,3974,752,1114,1,"LINESTRING (116.415046 39.905413, 116.415027 39.90527)",1,15.98,residential,6,,,,auto,
2282,,3974,1114,752,1,"LINESTRING (116.415027 39.90527, 116.415046 39.905413)",1,15.98,residential,6,,,,auto,
2283,,3975,752,746,1,"LINESTRING (116.415046 39.905413, 116.415036 39.905756)",1,38.15,residential,6,,,,auto,
2284,,3975,746,752,1,"LINESTRING (116.415036 39.905756, 116.415046 39.905413)",1,38.15,residential,6,,,,auto,
2285,,3976,777,775,1,"LINESTRING (116.414987 39.905157, 116.414921 39.905129)",1,6.43,residential,6,,,,auto,
2286,,3976,775,777,1,"LINESTRING (116.414921 39.905129, 116.414987 39.905157)",1,6.43,residential,6,,,,auto,
2287,,3977,777,1115,1,"LINESTRING (116.414987 39.905157, 116.415014 39.905202)",1,5.51,residential,6,,,,auto,
2288,,3977,1115,777,1,"LINESTRING (116.415014 39.905202, 116.414987 39.905157)",1,5.51,residential,6,,,,auto,
2289,,3978,1114,1115,1,"LINESTRING (116.415027 39.90527, 116.415014 39.905202)",1,7.64,residential,6,,,,auto,
2290,,3978,1115,1114,1,"LINESTRING (116.415014 39.905202, 116.415027 39.90527)",1,7.64,residential,6,,,,auto,
2291,,3979,1114,752,1,"LINESTRING (116.415027 39.90527, 116.415046 39.905413)",1,15.98,residential,6,,,,auto,
2292,,3979,752,1114,1,"LINESTRING (116.415046 39.905413, 116.415027 39.90527)",1,15.98,residential,6,,,,auto,
2293,,3980,1115,777,1,"LINESTRING (116.415014 39.905202, 116.414987 39.905157)",1,5.51,residential,6,,,,auto,
2294,,3980,777,1115,1,"LINESTRING (116.414987 39.905157, 116.415014 39.905202)",1,5.51,residential,6,,,,auto,
2295,,3981,1115,1114,1,"LINESTRING (116.415014 39.905202, 116.415027 39.90527)",1,7.64,residential,6,,,,auto,
2296,,3981,1114,1115,1,"LINESTRING (116.415027 39.90527, 116.415014 39.905202)",1,7.64,residential,6,,,,auto,
2297,西堂子胡同,4076,265,628,1,"LINESTRING (116.406378 39.91479, 116.408193 39.91482)",1,154.83,residential,6,,,,auto,
2298,西堂子胡同,4076,628,265,1,"LINESTRING (116.408193 39.91482, 116.406378 39.91479)",1,154.83,residential,6,,,,auto,
2299,西堂子胡同,4077,265,263,1,"LINESTRING (116.406378 39.91479, 116.405907 39.914782)",1,40.18,residential,6,,,,auto,
2300,西堂子胡同,4077,263,265,1,"LINESTRING (116.405907 39.914782, 116.406378 39.91479)",1,40.18,residential,6,,,,auto,
2301,,4082,1116,1117,1,"LINESTRING (116.384094 39.916673, 116.384178 39.915035)",1,182.28,residential,6,,,,auto,
2302,,4082,1117,1116,1,"LINESTRING (116.384178 39.915035, 116.384094 39.916673)",1,182.28,residential,6,,,,auto,
2303,,4083,1118,1119,1,"LINESTRING (116.384186 39.914879, 116.384234 39.914815)",1,8.21,residential,6,,,,auto,
2304,,4083,1119,1118,1,"LINESTRING (116.384234 39.914815, 116.384186 39.914879)",1,8.21,residential,6,,,,auto,
2305,,4084,1118,1117,1,"LINESTRING (116.384186 39.914879, 116.384178 39.915035)",1,17.36,residential,6,,,,auto,
2306,,4084,1117,1118,1,"LINESTRING (116.384178 39.915035, 116.384186 39.914879)",1,17.36,residential,6,,,,auto,
2307,,4085,1119,1120,1,"LINESTRING (116.384234 39.914815, 116.385143 39.914838)",1,77.57,residential,6,,,,auto,
2308,,4085,1120,1119,1,"LINESTRING (116.385143 39.914838, 116.384234 39.914815)",1,77.57,residential,6,,,,auto,
2309,,4086,1119,1118,1,"LINESTRING (116.384234 39.914815, 116.384186 39.914879)",1,8.21,residential,6,,,,auto,
2310,,4086,1118,1119,1,"LINESTRING (116.384186 39.914879, 116.384234 39.914815)",1,8.21,residential,6,,,,auto,
2311,北长街,4087,1120,159,1,"LINESTRING (116.385143 39.914838, 116.385137 39.914367)",1,52.38,tertiary,5,,,,auto,
2312,北长街,4087,159,1120,1,"LINESTRING (116.385137 39.914367, 116.385143 39.914838)",1,52.38,tertiary,5,,,,auto,
2313,北长街,4088,1120,1121,1,"LINESTRING (116.385143 39.914838, 116.384946 39.918062)",1,358.89,tertiary,5,,,,auto,
2314,北长街,4088,1121,1120,1,"LINESTRING (116.384946 39.918062, 116.385143 39.914838)",1,358.89,tertiary,5,,,,auto,
2315,,4089,1120,1119,1,"LINESTRING (116.385143 39.914838, 116.384234 39.914815)",1,77.57,residential,6,,,,auto,
2316,,4089,1119,1120,1,"LINESTRING (116.384234 39.914815, 116.385143 39.914838)",1,77.57,residential,6,,,,auto,
2317,东单北大街,4091,79,75,1,"LINESTRING (116.411598 39.91345, 116.411574 39.914161)",1,79.09,primary,3,,,,auto,
2318,东单北大街,4091,75,79,1,"LINESTRING (116.411574 39.914161, 116.411598 39.91345)",1,79.09,primary,3,,,,auto,
2319,东单北大街,4092,79,192,1,"LINESTRING (116.411598 39.91345, 116.411609 39.913001)",1,49.94,primary,3,,,,auto,
2320,东单北大街,4092,192,79,1,"LINESTRING (116.411609 39.913001, 116.411598 39.91345)",1,49.94,primary,3,,,,auto,
2321,金宝街,4097,1056,1122,1,"LINESTRING (116.412808 39.91415, 116.413212 39.914146)",1,34.46,secondary,4,,,,auto,
2322,金宝街,4099,1122,725,1,"LINESTRING (116.413212 39.914146, 116.4144 39.914142)",1,101.32,secondary,4,,,,auto,
2323,南长街,4123,1112,585,1,"LINESTRING (116.385474 39.910118, 116.385447 39.909798)",1,35.66,tertiary,5,,,,auto,
2324,南长街,4123,585,1112,1,"LINESTRING (116.385447 39.909798, 116.385474 39.910118)",1,35.66,tertiary,5,,,,auto,
2325,南长街,4124,1112,1111,1,"LINESTRING (116.385474 39.910118, 116.385395 39.911228)",1,123.61,tertiary,5,,,,auto,
2326,南长街,4124,1111,1112,1,"LINESTRING (116.385395 39.911228, 116.385474 39.910118)",1,123.61,tertiary,5,,,,auto,
2327,北长街,4129,1121,1120,1,"LINESTRING (116.384946 39.918062, 116.385143 39.914838)",1,358.89,tertiary,5,,,,auto,
2328,北长街,4129,1120,1121,1,"LINESTRING (116.385143 39.914838, 116.384946 39.918062)",1,358.89,tertiary,5,,,,auto,
2329,北长街,4130,1121,1123,1,"LINESTRING (116.384946 39.918062, 116.384909 39.91851)",1,49.92,tertiary,5,,,,auto,
2330,北长街,4130,1123,1121,1,"LINESTRING (116.384909 39.91851, 116.384946 39.918062)",1,49.92,tertiary,5,,,,auto,
2331,东单北大街,4132,185,183,1,"LINESTRING (116.411685 39.910053, 116.411684 39.910091)",1,4.23,primary,3,,,,auto,
2332,东单北大街,4132,183,185,1,"LINESTRING (116.411684 39.910091, 116.411685 39.910053)",1,4.23,primary,3,,,,auto,
2333,东单北大街,4133,185,1029,1,"LINESTRING (116.411685 39.910053, 116.411697 39.909566)",1,54.16,primary,3,,,,auto,
2334,东单北大街,4133,1029,185,1,"LINESTRING (116.411697 39.909566, 116.411685 39.910053)",1,54.16,primary,3,,,,auto,
2335,正义路,4159,1011,274,1,"LINESTRING (116.400741 39.899659, 116.400745 39.901053)",1,155.01,tertiary,5,,,,auto,
2336,正义路,4162,377,1124,1,"LINESTRING (116.40049 39.899657, 116.400491 39.899578)",1,8.78,tertiary,5,,,,auto,
2337,人大会堂西路,4181,1125,1126,1,"LINESTRING (116.385525 39.899732, 116.385549 39.899231)",1,55.75,tertiary,5,,,,auto,
2338,人大会堂西路,4181,1126,1125,1,"LINESTRING (116.385549 39.899231, 116.385525 39.899732)",1,55.75,tertiary,5,,,,auto,
2339,人大会堂西路,4182,1125,452,1,"LINESTRING (116.385525 39.899732, 116.385453 39.900329)",1,66.67,tertiary,5,,,,auto,
2340,人大会堂西路,4182,452,1125,1,"LINESTRING (116.385453 39.900329, 116.385525 39.899732)",1,66.67,tertiary,5,,,,auto,
2341,西交民巷,4242,1127,454,1,"LINESTRING (116.389491 39.900516, 116.3897 39.900526)",1,17.86,tertiary,5,,,,auto,
2342,煤市街,4273,312,311,1,"LINESTRING (116.389102 39.897492, 116.38906 39.897434)",1,7.38,secondary,4,,,,auto,
2343,煤市街,4273,311,312,1,"LINESTRING (116.38906 39.897434, 116.389102 39.897492)",1,7.38,secondary,4,,,,auto,
2344,煤市街,4274,312,313,1,"LINESTRING (116.389102 39.897492, 116.389401 39.89791)",1,53.02,secondary,4,,,,auto,
2345,煤市街,4274,313,312,1,"LINESTRING (116.389401 39.89791, 116.389102 39.897492)",1,53.02,secondary,4,,,,auto,
2346,,4278,787,782,1,"LINESTRING (116.385643 39.898661, 116.385653 39.898237)",1,47.15,residential,6,,,,auto,
2347,,4278,782,787,1,"LINESTRING (116.385653 39.898237, 116.385643 39.898661)",1,47.15,residential,6,,,,auto,
2348,,4279,787,865,1,"LINESTRING (116.385643 39.898661, 116.38559 39.89871)",1,7.08,residential,6,,,,auto,
2349,,4279,865,787,1,"LINESTRING (116.38559 39.89871, 116.385643 39.898661)",1,7.08,residential,6,,,,auto,
2350,正义路,4322,1128,153,1,"LINESTRING (116.400341 39.90536, 116.400437 39.903112)",1,250.10,tertiary,5,,,,auto,
2351,南池子大街,4332,1129,1130,1,"LINESTRING (116.397084 39.906772, 116.397081 39.906803)",1,3.46,tertiary,5,,,,auto,
2352,南池子大街,4332,1130,1129,1,"LINESTRING (116.397081 39.906803, 116.397084 39.906772)",1,3.46,tertiary,5,,,,auto,
2353,南池子大街,4333,1129,1131,1,"LINESTRING (116.397084 39.906772, 116.397086 39.906728)",1,4.90,tertiary,5,,,,auto,
2354,南池子大街,4333,1131,1129,1,"LINESTRING (116.397086 39.906728, 116.397084 39.906772)",1,4.90,tertiary,5,,,,auto,
2355,正义路,4351,154,273,1,"LINESTRING (116.400482 39.902111, 116.400479 39.901034)",1,119.76,tertiary,5,,,,auto,
2356,前门东大街,4357,109,1006,1,"LINESTRING (116.400376 39.899324, 116.400585 39.899334)",1,17.86,primary,3,,,,auto,
2357,前门东大街,4360,1132,1014,1,"LINESTRING (116.400371 39.899436, 116.399614 39.899418)",1,64.61,primary,3,,,,auto,
2358,,4415,1133,1134,1,"LINESTRING (116.384802 39.920874, 116.384832 39.921238)",1,40.56,tertiary,5,,,,auto,
2359,,4418,1135,1136,1,"LINESTRING (116.384551 39.920772, 116.384683 39.920672)",1,15.82,tertiary,5,,,,auto,
2360,文津街,4421,912,914,1,"LINESTRING (116.382891 39.92095, 116.382613 39.920996)",1,24.25,primary,3,,2,,auto,
2361,文津街,4422,1137,1138,1,"LINESTRING (116.38212 39.921113, 116.381932 39.921119)",1,16.05,primary,3,,2,,auto,
2362,大华路,4437,523,755,1,"LINESTRING (116.409958 39.90184, 116.409894 39.903804)",1,218.46,unclassified,20,,,,auto,
2363,,4439,771,769,1,"LINESTRING (116.412761 39.904972, 116.412188 39.904944)",1,48.98,residential,6,,,,auto,
2364,,4439,769,771,1,"LINESTRING (116.412188 39.904944, 116.412761 39.904972)",1,48.98,residential,6,,,,auto,
2365,,4440,771,1139,1,"LINESTRING (116.412761 39.904972, 116.413091 39.904992)",1,28.24,residential,6,,,,auto,
2366,,4440,1139,771,1,"LINESTRING (116.413091 39.904992, 116.412761 39.904972)",1,28.24,residential,6,,,,auto,
2367,,4441,776,1140,1,"LINESTRING (116.414583 39.905095, 116.414169 39.905093)",1,35.31,residential,6,,,,auto,
2368,,4441,1140,776,1,"LINESTRING (116.414169 39.905093, 116.414583 39.905095)",1,35.31,residential,6,,,,auto,
2369,,4442,776,775,1,"LINESTRING (116.414583 39.905095, 116.414921 39.905129)",1,29.08,residential,6,,,,auto,
2370,,4442,775,776,1,"LINESTRING (116.414921 39.905129, 116.414583 39.905095)",1,29.08,residential,6,,,,auto,
2371,,4443,1141,1142,1,"LINESTRING (116.413789 39.90508, 116.41349 39.905031)",1,26.08,residential,6,,,,auto,
2372,,4443,1142,1141,1,"LINESTRING (116.41349 39.905031, 116.413789 39.90508)",1,26.08,residential,6,,,,auto,
2373,,4444,1141,1140,1,"LINESTRING (116.413789 39.90508, 116.414169 39.905093)",1,32.45,residential,6,,,,auto,
2374,,4444,1140,1141,1,"LINESTRING (116.414169 39.905093, 116.413789 39.90508)",1,32.45,residential,6,,,,auto,
2375,,4445,1140,1141,1,"LINESTRING (116.414169 39.905093, 116.413789 39.90508)",1,32.45,residential,6,,,,auto,
2376,,4445,1141,1140,1,"LINESTRING (116.413789 39.90508, 116.414169 39.905093)",1,32.45,residential,6,,,,auto,
2377,,4446,1140,776,1,"LINESTRING (116.414169 39.905093, 116.414583 39.905095)",1,35.31,residential,6,,,,auto,
2378,,4446,776,1140,1,"LINESTRING (116.414583 39.905095, 116.414169 39.905093)",1,35.31,residential,6,,,,auto,
2379,,4447,1142,1139,1,"LINESTRING (116.41349 39.905031, 116.413091 39.904992)",1,34.31,residential,6,,,,auto,
2380,,4447,1139,1142,1,"LINESTRING (116.413091 39.904992, 116.41349 39.905031)",1,34.31,residential,6,,,,auto,
2381,,4448,1142,1141,1,"LINESTRING (116.41349 39.905031, 116.413789 39.90508)",1,26.08,residential,6,,,,auto,
2382,,4448,1141,1142,1,"LINESTRING (116.413789 39.90508, 116.41349 39.905031)",1,26.08,residential,6,,,,auto,
2383,,4451,1143,1035,1,"LINESTRING (116.402861 39.89964, 116.402907 39.899731)",1,10.85,unclassified,20,,,,auto,
2384,,4451,1035,1143,1,"LINESTRING (116.402907 39.899731, 116.402861 39.89964)",1,10.85,unclassified,20,,,,auto,
2385,前门东大街辅路,4452,1143,1144,1,"LINESTRING (116.402861 39.89964, 116.402665 39.899636)",1,16.73,tertiary,5,,,,auto,
2386,,4455,808,805,1,"LINESTRING (116.4021 39.898769, 116.401945 39.898833)",1,15.02,residential,6,,,,auto,
2387,,4455,805,808,1,"LINESTRING (116.401945 39.898833, 116.4021 39.898769)",1,15.02,residential,6,,,,auto,
2388,,4456,808,811,1,"LINESTRING (116.4021 39.898769, 116.402257 39.898769)",1,13.39,residential,6,,,,auto,
2389,,4456,811,808,1,"LINESTRING (116.402257 39.898769, 116.4021 39.898769)",1,13.39,residential,6,,,,auto,
2390,,4461,284,761,1,"LINESTRING (116.407386 39.900319, 116.407398 39.899807)",1,56.94,unclassified,20,,,,auto,
2391,,4461,761,284,1,"LINESTRING (116.407398 39.899807, 116.407386 39.900319)",1,56.94,unclassified,20,,,,auto,
2392,,4462,284,282,1,"LINESTRING (116.407386 39.900319, 116.407517 39.900976)",1,73.90,unclassified,20,,,,auto,
2393,,4462,282,284,1,"LINESTRING (116.407517 39.900976, 116.407386 39.900319)",1,73.90,unclassified,20,,,,auto,
2394,兴华路,4463,517,283,1,"LINESTRING (116.407736 39.901709, 116.407795 39.90095)",1,84.55,residential,6,,,,auto,
2395,兴华路,4463,283,517,1,"LINESTRING (116.407795 39.90095, 116.407736 39.901709)",1,84.55,residential,6,,,,auto,
2396,兴华路,4464,517,515,1,"LINESTRING (116.407736 39.901709, 116.407681 39.90246)",1,83.64,residential,6,,,,auto,
2397,兴华路,4464,515,517,1,"LINESTRING (116.407681 39.90246, 116.407736 39.901709)",1,83.64,residential,6,,,,auto,
2398,东交民巷,4466,1036,1039,1,"LINESTRING (116.40226 39.901194, 116.404329 39.901223)",1,176.52,unclassified,20,,,,auto,
2399,东交民巷,4466,1039,1036,1,"LINESTRING (116.404329 39.901223, 116.40226 39.901194)",1,176.52,unclassified,20,,,,auto,
2400,东交民巷,4467,1036,758,1,"LINESTRING (116.40226 39.901194, 116.401993 39.90119)",1,22.78,unclassified,20,,,,auto,
2401,东交民巷,4467,758,1036,1,"LINESTRING (116.401993 39.90119, 116.40226 39.901194)",1,22.78,unclassified,20,,,,auto,
2402,,4469,1145,1146,1,"LINESTRING (116.405495 39.905787, 116.405867 39.905791)",1,31.73,unclassified,20,,,,auto,
2403,,4469,1146,1145,1,"LINESTRING (116.405867 39.905791, 116.405495 39.905787)",1,31.73,unclassified,20,,,,auto,
2404,,4470,1146,1145,1,"LINESTRING (116.405867 39.905791, 116.405495 39.905787)",1,31.73,unclassified,20,,,,auto,
2405,,4470,1145,1146,1,"LINESTRING (116.405495 39.905787, 116.405867 39.905791)",1,31.73,unclassified,20,,,,auto,
2406,,4471,1146,1147,1,"LINESTRING (116.405867 39.905791, 116.405881 39.905332)",1,51.05,unclassified,20,,,,auto,
2407,,4471,1147,1146,1,"LINESTRING (116.405881 39.905332, 116.405867 39.905791)",1,51.05,unclassified,20,,,,auto,
2408,,4472,1147,1146,1,"LINESTRING (116.405881 39.905332, 116.405867 39.905791)",1,51.05,unclassified,20,,,,auto,
2409,,4472,1146,1147,1,"LINESTRING (116.405867 39.905791, 116.405881 39.905332)",1,51.05,unclassified,20,,,,auto,
2410,,4473,1147,1148,1,"LINESTRING (116.405881 39.905332, 116.405859 39.90525)",1,9.31,unclassified,20,,,,auto,
2411,,4473,1148,1147,1,"LINESTRING (116.405859 39.90525, 116.405881 39.905332)",1,9.31,unclassified,20,,,,auto,
2412,,4474,1148,1147,1,"LINESTRING (116.405859 39.90525, 116.405881 39.905332)",1,9.31,unclassified,20,,,,auto,
2413,,4474,1147,1148,1,"LINESTRING (116.405881 39.905332, 116.405859 39.90525)",1,9.31,unclassified,20,,,,auto,
2414,,4475,1148,359,1,"LINESTRING (116.405859 39.90525, 116.405287 39.905222)",1,48.89,unclassified,20,,,,auto,
2415,,4475,359,1148,1,"LINESTRING (116.405287 39.905222, 116.405859 39.90525)",1,48.89,unclassified,20,,,,auto,
2416,台基厂大街,4476,359,751,1,"LINESTRING (116.405287 39.905222, 116.405327 39.904318)",1,100.58,tertiary,5,,,,auto,
2417,台基厂大街,4476,751,359,1,"LINESTRING (116.405327 39.904318, 116.405287 39.905222)",1,100.58,tertiary,5,,,,auto,
2418,台基厂大街,4477,359,358,1,"LINESTRING (116.405287 39.905222, 116.405229 39.906377)",1,128.53,tertiary,5,,,,auto,
2419,台基厂大街,4477,358,359,1,"LINESTRING (116.405229 39.906377, 116.405287 39.905222)",1,128.53,tertiary,5,,,,auto,
2420,,4478,359,1148,1,"LINESTRING (116.405287 39.905222, 116.405859 39.90525)",1,48.89,unclassified,20,,,,auto,
2421,,4478,1148,359,1,"LINESTRING (116.405859 39.90525, 116.405287 39.905222)",1,48.89,unclassified,20,,,,auto,
2422,西长安街,4491,1149,1,1,"LINESTRING (116.386644 39.905923, 116.388928 39.905999)",1,195.00,trunk,2,,,,auto,
2423,栖凤楼胡同,4521,1107,1106,1,"LINESTRING (116.414608 39.907177, 116.414617 39.90702)",1,17.47,residential,6,,,,auto,
2424,栖凤楼胡同,4521,1106,1107,1,"LINESTRING (116.414617 39.90702, 116.414608 39.907177)",1,17.47,residential,6,,,,auto,
2425,栖凤楼胡同,4522,1107,1150,1,"LINESTRING (116.414608 39.907177, 116.414564 39.907903)",1,80.81,residential,6,,,,auto,
2426,栖凤楼胡同,4522,1150,1107,1,"LINESTRING (116.414564 39.907903, 116.414608 39.907177)",1,80.81,residential,6,,,,auto,
2427,北极阁三条,4533,691,1151,1,"LINESTRING (116.411924 39.909034, 116.413404 39.909064)",1,126.28,residential,6,,,,auto,
2428,东黄城根南街,4536,699,208,1,"LINESTRING (116.400837 39.916159, 116.400801 39.916966)",1,89.79,unclassified,20,,,,auto,
2429,北河沿大街,4554,605,608,1,"LINESTRING (116.400281 39.916143, 116.400257 39.91704)",1,99.76,secondary,4,,,,auto,
2430,北河沿大街,4554,608,605,1,"LINESTRING (116.400257 39.91704, 116.400281 39.916143)",1,99.76,secondary,4,,,,auto,
2431,北河沿大街,4555,605,604,1,"LINESTRING (116.400281 39.916143, 116.400323 39.915265)",1,97.69,secondary,4,,,,auto,
2432,北河沿大街,4555,604,605,1,"LINESTRING (116.400323 39.915265, 116.400281 39.916143)",1,97.69,secondary,4,,,,auto,
2433,景山前街,4627,1152,163,1,"LINESTRING (116.38734 39.92178, 116.387536 39.921783)",1,16.72,primary,3,,,,auto,
2434,景山西街,4630,1153,1154,1,"LINESTRING (116.387532 39.921925, 116.387535 39.92189)",1,3.90,tertiary,5,,1,,auto,
2435,景山西街,4630,1154,1153,1,"LINESTRING (116.387535 39.92189, 116.387532 39.921925)",1,3.90,tertiary,5,,1,,auto,
2436,,4643,554,126,1,"LINESTRING (116.385437 39.921806, 116.385442 39.92175)",1,6.24,residential,6,,,,auto,
2437,,4643,126,554,1,"LINESTRING (116.385442 39.92175, 116.385437 39.921806)",1,6.24,residential,6,,,,auto,
2438,,4644,554,553,1,"LINESTRING (116.385437 39.921806, 116.385431 39.921982)",1,19.58,residential,6,,,,auto,
2439,,4644,553,554,1,"LINESTRING (116.385431 39.921982, 116.385437 39.921806)",1,19.58,residential,6,,,,auto,
2440,前门西大街,4713,1155,1156,1,"LINESTRING (116.385671 39.898712, 116.385779 39.898714)",1,9.22,tertiary,5,,,,auto,
2441,前门西大街,4718,929,25,1,"LINESTRING (116.387274 39.899101, 116.38664 39.899128)",1,54.17,tertiary,5,,,,auto,
2442,前门西大街,4723,927,928,1,"LINESTRING (116.387943 39.89904, 116.387349 39.899094)",1,51.03,tertiary,5,,,,auto,
2443,前门西大街,4726,863,999,1,"LINESTRING (116.384397 39.89867, 116.385223 39.898698)",1,70.53,tertiary,5,,,,auto,
2444,,4727,961,863,1,"LINESTRING (116.384225 39.898814, 116.384397 39.89867)",1,21.72,tertiary,5,,,,auto,
2445,前门西大街,4728,961,791,1,"LINESTRING (116.384225 39.898814, 116.385404 39.898855)",1,100.68,primary,3,,,,auto,
2446,人大会堂西路,4734,510,971,1,"LINESTRING (116.388201 39.901459, 116.389401 39.901498)",1,102.46,tertiary,5,,,,auto,
2447,人大会堂西路,4734,971,510,1,"LINESTRING (116.389401 39.901498, 116.388201 39.901459)",1,102.46,tertiary,5,,,,auto,
2448,人大会堂西路,4735,510,509,1,"LINESTRING (116.388201 39.901459, 116.387979 39.901452)",1,18.95,tertiary,5,,,,auto,
2449,人大会堂西路,4735,509,510,1,"LINESTRING (116.387979 39.901452, 116.388201 39.901459)",1,18.95,tertiary,5,,,,auto,
2450,,4741,512,513,1,"LINESTRING (116.387991 39.901328, 116.38804 39.900477)",1,94.72,residential,6,,,,auto,
2451,,4741,513,512,1,"LINESTRING (116.38804 39.900477, 116.387991 39.901328)",1,94.72,residential,6,,,,auto,
2452,,4742,512,509,1,"LINESTRING (116.387991 39.901328, 116.387979 39.901452)",1,13.83,residential,6,,,,auto,
2453,,4742,509,512,1,"LINESTRING (116.387979 39.901452, 116.387991 39.901328)",1,13.83,residential,6,,,,auto,
2454,人大会堂西路,4748,511,509,1,"LINESTRING (116.387796 39.901448, 116.387979 39.901452)",1,15.62,tertiary,5,,,,auto,
2455,人大会堂西路,4748,509,511,1,"LINESTRING (116.387979 39.901452, 116.387796 39.901448)",1,15.62,tertiary,5,,,,auto,
2456,人大会堂西路,4749,511,922,1,"LINESTRING (116.387796 39.901448, 116.38711 39.901435)",1,58.54,tertiary,5,,,,auto,
2457,人大会堂西路,4749,922,511,1,"LINESTRING (116.38711 39.901435, 116.387796 39.901448)",1,58.54,tertiary,5,,,,auto,
2458,西交民巷,4763,451,513,1,"LINESTRING (116.38554 39.900399, 116.38804 39.900477)",1,213.44,tertiary,5,,,,auto,
2459,人大会堂西路,4767,434,453,1,"LINESTRING (116.385413 39.901215, 116.385422 39.900935)",1,31.14,tertiary,5,,,,auto,
2460,人大会堂西路,4767,453,434,1,"LINESTRING (116.385422 39.900935, 116.385413 39.901215)",1,31.14,tertiary,5,,,,auto,
2461,人大会堂西路,4768,434,432,1,"LINESTRING (116.385413 39.901215, 116.385402 39.901448)",1,25.93,tertiary,5,,,,auto,
2462,人大会堂西路,4768,432,434,1,"LINESTRING (116.385402 39.901448, 116.385413 39.901215)",1,25.93,tertiary,5,,,,auto,
2463,红井胡同,4773,433,447,1,"LINESTRING (116.385276 39.901444, 116.385034 39.901436)",1,20.66,tertiary,5,,,,auto,
2464,红井胡同,4773,447,433,1,"LINESTRING (116.385034 39.901436, 116.385276 39.901444)",1,20.66,tertiary,5,,,,auto,
2465,红井胡同,4774,433,432,1,"LINESTRING (116.385276 39.901444, 116.385402 39.901448)",1,10.76,tertiary,5,,,,auto,
2466,红井胡同,4774,432,433,1,"LINESTRING (116.385402 39.901448, 116.385276 39.901444)",1,10.76,tertiary,5,,,,auto,
2467,人大会堂西路,4785,435,432,1,"LINESTRING (116.385392 39.901731, 116.385402 39.901448)",1,31.48,tertiary,5,,,,auto,
2468,人大会堂西路,4785,432,435,1,"LINESTRING (116.385402 39.901448, 116.385392 39.901731)",1,31.48,tertiary,5,,,,auto,
2469,人大会堂西路,4786,435,20,1,"LINESTRING (116.385392 39.901731, 116.385392 39.901762)",1,3.45,tertiary,5,,,,auto,
2470,人大会堂西路,4786,20,435,1,"LINESTRING (116.385392 39.901762, 116.385392 39.901731)",1,3.45,tertiary,5,,,,auto,
2471,人大会堂西路,4791,15,13,1,"LINESTRING (116.38589 39.901889, 116.386284 39.901695)",1,39.94,tertiary,5,,,,auto,
2472,人大会堂西路,4791,13,15,1,"LINESTRING (116.386284 39.901695, 116.38589 39.901889)",1,39.94,tertiary,5,,,,auto,
2473,人大会堂西路,4792,15,1157,1,"LINESTRING (116.38589 39.901889, 116.385821 39.901921)",1,6.88,tertiary,5,,,,auto,
2474,人大会堂西路,4792,1157,15,1,"LINESTRING (116.385821 39.901921, 116.38589 39.901889)",1,6.88,tertiary,5,,,,auto,
2475,人大会堂西路,4801,11,9,1,"LINESTRING (116.38559 39.902168, 116.385592 39.901994)",1,19.35,tertiary,5,,,,auto,
2476,人大会堂西路,4801,9,11,1,"LINESTRING (116.385592 39.901994, 116.38559 39.902168)",1,19.35,tertiary,5,,,,auto,
2477,人大会堂西路,4802,11,1158,1,"LINESTRING (116.38559 39.902168, 116.385576 39.90249)",1,35.82,tertiary,5,,,,auto,
2478,人大会堂西路,4802,1158,11,1,"LINESTRING (116.385576 39.90249, 116.38559 39.902168)",1,35.82,tertiary,5,,,,auto,
2479,人大会堂西路,4832,1159,1160,1,"LINESTRING (116.38544 39.905208, 116.385483 39.904299)",1,101.14,tertiary,5,,,,auto,
2480,人大会堂西路,4832,1160,1159,1,"LINESTRING (116.385483 39.904299, 116.38544 39.905208)",1,101.14,tertiary,5,,,,auto,
2481,人大会堂西路,4833,1159,1161,1,"LINESTRING (116.38544 39.905208, 116.385423 39.905528)",1,35.61,tertiary,5,,,,auto,
2482,人大会堂西路,4833,1161,1159,1,"LINESTRING (116.385423 39.905528, 116.38544 39.905208)",1,35.61,tertiary,5,,,,auto,
2483,,4848,642,694,1,"LINESTRING (116.414212 39.914974, 116.41411 39.915099)",1,16.40,residential,6,,,,auto,
2484,,4848,694,642,1,"LINESTRING (116.41411 39.915099, 116.414212 39.914974)",1,16.40,residential,6,,,,auto,
2485,,4849,642,620,1,"LINESTRING (116.414212 39.914974, 116.414301 39.914812)",1,19.55,residential,6,,,,auto,
2486,,4849,620,642,1,"LINESTRING (116.414301 39.914812, 116.414212 39.914974)",1,19.55,residential,6,,,,auto,
2487,,4850,995,994,1,"LINESTRING (116.414401 39.914027, 116.414385 39.913474)",1,61.51,residential,6,,,,auto,
2488,,4850,994,995,1,"LINESTRING (116.414385 39.913474, 116.414401 39.914027)",1,61.51,residential,6,,,,auto,
2489,,4851,995,725,1,"LINESTRING (116.414401 39.914027, 116.4144 39.914142)",1,12.79,residential,6,,,,auto,
2490,,4851,725,995,1,"LINESTRING (116.4144 39.914142, 116.414401 39.914027)",1,12.79,residential,6,,,,auto,
2491,东长安街,4859,1162,356,1,"LINESTRING (116.39747 39.906349, 116.399981 39.906433)",1,214.38,trunk,2,,,,auto,
2492,,4860,1163,355,1,"LINESTRING (116.397014 39.906425, 116.397096 39.906522)",1,12.86,tertiary,5,,,,auto,
2493,,4860,355,1163,1,"LINESTRING (116.397096 39.906522, 116.397014 39.906425)",1,12.86,tertiary,5,,,,auto,
2494,,4861,1163,1164,1,"LINESTRING (116.397014 39.906425, 116.396866 39.906276)",1,20.83,tertiary,5,,,,auto,
2495,,4861,1164,1163,1,"LINESTRING (116.396866 39.906276, 116.397014 39.906425)",1,20.83,tertiary,5,,,,auto,
2496,,4918,303,299,1,"LINESTRING (116.410781 39.897049, 116.410767 39.897934)",1,98.41,tertiary,5,,,,auto,
2497,,4919,303,1165,1,"LINESTRING (116.410781 39.897049, 116.41037 39.897063)",1,35.10,residential,6,,,,auto,
2498,,4919,1165,303,1,"LINESTRING (116.41037 39.897063, 116.410781 39.897049)",1,35.10,residential,6,,,,auto,
2499,,4920,1166,1165,1,"LINESTRING (116.410291 39.897062, 116.41037 39.897063)",1,6.74,residential,6,,,,auto,
2500,,4920,1165,1166,1,"LINESTRING (116.41037 39.897063, 116.410291 39.897062)",1,6.74,residential,6,,,,auto,
2501,新怡家园东路,4921,1166,1167,1,"LINESTRING (116.410291 39.897062, 116.410315 39.895931)",1,125.78,tertiary,5,,,,auto,
2502,东打磨厂街,4922,826,301,1,"LINESTRING (116.410275 39.897932, 116.410362 39.897932)",1,7.42,tertiary,5,,,,auto,
2503,东打磨厂街,4922,301,826,1,"LINESTRING (116.410362 39.897932, 116.410275 39.897932)",1,7.42,tertiary,5,,,,auto,
2504,东打磨厂街,4923,826,296,1,"LINESTRING (116.410275 39.897932, 116.40804 39.89792)",1,190.67,tertiary,5,,,,auto,
2505,东打磨厂街,4923,296,826,1,"LINESTRING (116.40804 39.89792, 116.410275 39.897932)",1,190.67,tertiary,5,,,,auto,
2506,新怡家园东路,4924,826,1166,1,"LINESTRING (116.410275 39.897932, 116.410291 39.897062)",1,96.75,tertiary,5,,,,auto,
2507,东兴隆街,4925,1167,1168,1,"LINESTRING (116.410315 39.895931, 116.409782 39.895932)",1,45.47,tertiary,5,,,,auto,
2508,南池子大街,4927,885,613,1,"LINESTRING (116.397051 39.907336, 116.397048 39.907395)",1,6.57,tertiary,5,,1,,auto,
2509,南池子大街,4927,613,885,1,"LINESTRING (116.397048 39.907395, 116.397051 39.907336)",1,6.57,tertiary,5,,1,,auto,
2510,南池子大街,4928,885,883,1,"LINESTRING (116.397051 39.907336, 116.397056 39.907228)",1,12.02,tertiary,5,,1,,auto,
2511,南池子大街,4928,883,885,1,"LINESTRING (116.397056 39.907228, 116.397051 39.907336)",1,12.02,tertiary,5,,1,,auto,
2512,南河沿大街,4930,1169,651,1,"LINESTRING (116.400551 39.90918, 116.40056 39.909417)",1,26.36,secondary,4,,,,auto,
2513,南河沿大街,4930,651,1169,1,"LINESTRING (116.40056 39.909417, 116.400551 39.90918)",1,26.36,secondary,4,,,,auto,
2514,南河沿大街,4931,1169,500,1,"LINESTRING (116.400551 39.90918, 116.400515 39.908523)",1,73.12,secondary,4,,,,auto,
2515,南河沿大街,4931,500,1169,1,"LINESTRING (116.400515 39.908523, 116.400551 39.90918)",1,73.12,secondary,4,,,,auto,
2516,南池子大街,4943,551,567,1,"LINESTRING (116.396887 39.910643, 116.396825 39.911373)",1,81.34,tertiary,5,,1,,auto,
2517,南池子大街,4943,567,551,1,"LINESTRING (116.396825 39.911373, 116.396887 39.910643)",1,81.34,tertiary,5,,1,,auto,
2518,南池子大街,4944,551,550,1,"LINESTRING (116.396887 39.910643, 116.396907 39.910253)",1,43.40,tertiary,5,,1,,auto,
2519,南池子大街,4944,550,551,1,"LINESTRING (116.396907 39.910253, 116.396887 39.910643)",1,43.40,tertiary,5,,1,,auto,
2520,西华门大街,4974,161,158,1,"LINESTRING (116.384147 39.913351, 116.38518 39.913367)",1,88.12,unclassified,20,,,,auto,
2521,西华门大街,4974,158,161,1,"LINESTRING (116.38518 39.913367, 116.384147 39.913351)",1,88.12,unclassified,20,,,,auto,
2522,西华门大街,4975,161,835,1,"LINESTRING (116.384147 39.913351, 116.383242 39.913347)",1,77.19,unclassified,20,,,,auto,
2523,西华门大街,4975,835,161,1,"LINESTRING (116.383242 39.913347, 116.384147 39.913351)",1,77.19,unclassified,20,,,,auto,
2524,,4976,161,1170,1,"LINESTRING (116.384147 39.913351, 116.384154 39.913159)",1,21.36,residential,6,,,,auto,
2525,,4976,1170,161,1,"LINESTRING (116.384154 39.913159, 116.384147 39.913351)",1,21.36,residential,6,,,,auto,
2526,,4977,1170,1171,1,"LINESTRING (116.384154 39.913159, 116.384118 39.913088)",1,8.47,residential,6,,,,auto,
2527,,4977,1171,1170,1,"LINESTRING (116.384118 39.913088, 116.384154 39.913159)",1,8.47,residential,6,,,,auto,
2528,,4978,1170,161,1,"LINESTRING (116.384154 39.913159, 116.384147 39.913351)",1,21.36,residential,6,,,,auto,
2529,,4978,161,1170,1,"LINESTRING (116.384147 39.913351, 116.384154 39.913159)",1,21.36,residential,6,,,,auto,
2530,,4979,1171,1172,1,"LINESTRING (116.384118 39.913088, 116.38402 39.913053)",1,9.22,residential,6,,,,auto,
2531,,4979,1172,1171,1,"LINESTRING (116.38402 39.913053, 116.384118 39.913088)",1,9.22,residential,6,,,,auto,
2532,,4980,1171,1170,1,"LINESTRING (116.384118 39.913088, 116.384154 39.913159)",1,8.47,residential,6,,,,auto,
2533,,4980,1170,1171,1,"LINESTRING (116.384154 39.913159, 116.384118 39.913088)",1,8.47,residential,6,,,,auto,
2534,,4981,1171,1173,1,"LINESTRING (116.384118 39.913088, 116.38471 39.91311)",1,50.55,residential,6,,,,auto,
2535,,4981,1173,1171,1,"LINESTRING (116.38471 39.91311, 116.384118 39.913088)",1,50.55,residential,6,,,,auto,
2536,,4982,1172,1174,1,"LINESTRING (116.38402 39.913053, 116.383932 39.912949)",1,13.79,residential,6,,,,auto,
2537,,4982,1174,1172,1,"LINESTRING (116.383932 39.912949, 116.38402 39.913053)",1,13.79,residential,6,,,,auto,
2538,,4983,1172,1171,1,"LINESTRING (116.38402 39.913053, 116.384118 39.913088)",1,9.22,residential,6,,,,auto,
2539,,4983,1171,1172,1,"LINESTRING (116.384118 39.913088, 116.38402 39.913053)",1,9.22,residential,6,,,,auto,
2540,,4984,1174,1175,1,"LINESTRING (116.383932 39.912949, 116.383915 39.912847)",1,11.43,residential,6,,,,auto,
2541,,4984,1175,1174,1,"LINESTRING (116.383915 39.912847, 116.383932 39.912949)",1,11.43,residential,6,,,,auto,
2542,,4985,1174,1172,1,"LINESTRING (116.383932 39.912949, 116.38402 39.913053)",1,13.79,residential,6,,,,auto,
2543,,4985,1172,1174,1,"LINESTRING (116.38402 39.913053, 116.383932 39.912949)",1,13.79,residential,6,,,,auto,
2544,,4986,1175,1176,1,"LINESTRING (116.383915 39.912847, 116.383907 39.91277)",1,8.59,residential,6,,,,auto,
2545,,4986,1176,1175,1,"LINESTRING (116.383907 39.91277, 116.383915 39.912847)",1,8.59,residential,6,,,,auto,
2546,,4987,1175,1174,1,"LINESTRING (116.383915 39.912847, 116.383932 39.912949)",1,11.43,residential,6,,,,auto,
2547,,4987,1174,1175,1,"LINESTRING (116.383932 39.912949, 116.383915 39.912847)",1,11.43,residential,6,,,,auto,
2548,,4988,1176,1177,1,"LINESTRING (116.383907 39.91277, 116.383853 39.912683)",1,10.71,residential,6,,,,auto,
2549,,4988,1177,1176,1,"LINESTRING (116.383853 39.912683, 116.383907 39.91277)",1,10.71,residential,6,,,,auto,
2550,,4989,1176,1175,1,"LINESTRING (116.383907 39.91277, 116.383915 39.912847)",1,8.59,residential,6,,,,auto,
2551,,4989,1175,1176,1,"LINESTRING (116.383915 39.912847, 116.383907 39.91277)",1,8.59,residential,6,,,,auto,
2552,,4990,1177,1178,1,"LINESTRING (116.383853 39.912683, 116.383897 39.912133)",1,61.27,residential,6,,,,auto,
2553,,4990,1178,1177,1,"LINESTRING (116.383897 39.912133, 116.383853 39.912683)",1,61.27,residential,6,,,,auto,
2554,,4991,1177,1176,1,"LINESTRING (116.383853 39.912683, 116.383907 39.91277)",1,10.71,residential,6,,,,auto,
2555,,4991,1176,1177,1,"LINESTRING (116.383907 39.91277, 116.383853 39.912683)",1,10.71,residential,6,,,,auto,
2556,,4992,1179,1180,1,"LINESTRING (116.383964 39.911304, 116.383944 39.911253)",1,5.92,residential,6,,,,auto,
2557,,4992,1180,1179,1,"LINESTRING (116.383944 39.911253, 116.383964 39.911304)",1,5.92,residential,6,,,,auto,
2558,,4993,1179,1178,1,"LINESTRING (116.383964 39.911304, 116.383897 39.912133)",1,92.36,residential,6,,,,auto,
2559,,4993,1178,1179,1,"LINESTRING (116.383897 39.912133, 116.383964 39.911304)",1,92.36,residential,6,,,,auto,
2560,,4994,1180,1181,1,"LINESTRING (116.383944 39.911253, 116.38388 39.911236)",1,5.78,residential,6,,,,auto,
2561,,4994,1181,1180,1,"LINESTRING (116.38388 39.911236, 116.383944 39.911253)",1,5.78,residential,6,,,,auto,
2562,,4995,1180,1179,1,"LINESTRING (116.383944 39.911253, 116.383964 39.911304)",1,5.92,residential,6,,,,auto,
2563,,4995,1179,1180,1,"LINESTRING (116.383964 39.911304, 116.383944 39.911253)",1,5.92,residential,6,,,,auto,
2564,,4996,1180,1182,1,"LINESTRING (116.383944 39.911253, 116.38448 39.911275)",1,45.78,residential,6,,,,auto,
2565,,4996,1182,1180,1,"LINESTRING (116.38448 39.911275, 116.383944 39.911253)",1,45.78,residential,6,,,,auto,
2566,,4997,1181,1183,1,"LINESTRING (116.38388 39.911236, 116.383804 39.911251)",1,6.69,residential,6,,,,auto,
2567,,4997,1183,1181,1,"LINESTRING (116.383804 39.911251, 116.38388 39.911236)",1,6.69,residential,6,,,,auto,
2568,,4998,1181,1180,1,"LINESTRING (116.38388 39.911236, 116.383944 39.911253)",1,5.78,residential,6,,,,auto,
2569,,4998,1180,1181,1,"LINESTRING (116.383944 39.911253, 116.38388 39.911236)",1,5.78,residential,6,,,,auto,
2570,,4999,1183,1184,1,"LINESTRING (116.383804 39.911251, 116.383765 39.911313)",1,7.65,residential,6,,,,auto,
2571,,4999,1184,1183,1,"LINESTRING (116.383765 39.911313, 116.383804 39.911251)",1,7.65,residential,6,,,,auto,
2572,,5000,1183,1181,1,"LINESTRING (116.383804 39.911251, 116.38388 39.911236)",1,6.69,residential,6,,,,auto,
2573,,5000,1181,1183,1,"LINESTRING (116.38388 39.911236, 116.383804 39.911251)",1,6.69,residential,6,,,,auto,
2574,,5001,1184,1185,1,"LINESTRING (116.383765 39.911313, 116.383713 39.911988)",1,75.19,residential,6,,,,auto,
2575,,5001,1185,1184,1,"LINESTRING (116.383713 39.911988, 116.383765 39.911313)",1,75.19,residential,6,,,,auto,
2576,,5002,1184,1183,1,"LINESTRING (116.383765 39.911313, 116.383804 39.911251)",1,7.65,residential,6,,,,auto,
2577,,5002,1183,1184,1,"LINESTRING (116.383804 39.911251, 116.383765 39.911313)",1,7.65,residential,6,,,,auto,
2578,,5003,1185,1178,1,"LINESTRING (116.383713 39.911988, 116.383897 39.912133)",1,22.50,residential,6,,,,auto,
2579,,5003,1178,1185,1,"LINESTRING (116.383897 39.912133, 116.383713 39.911988)",1,22.50,residential,6,,,,auto,
2580,,5004,1185,1184,1,"LINESTRING (116.383713 39.911988, 116.383765 39.911313)",1,75.19,residential,6,,,,auto,
2581,,5004,1184,1185,1,"LINESTRING (116.383765 39.911313, 116.383713 39.911988)",1,75.19,residential,6,,,,auto,
2582,,5005,1178,1179,1,"LINESTRING (116.383897 39.912133, 116.383964 39.911304)",1,92.36,residential,6,,,,auto,
2583,,5005,1179,1178,1,"LINESTRING (116.383964 39.911304, 116.383897 39.912133)",1,92.36,residential,6,,,,auto,
2584,,5006,1178,1177,1,"LINESTRING (116.383897 39.912133, 116.383853 39.912683)",1,61.27,residential,6,,,,auto,
2585,,5006,1177,1178,1,"LINESTRING (116.383853 39.912683, 116.383897 39.912133)",1,61.27,residential,6,,,,auto,
2586,,5007,1178,1185,1,"LINESTRING (116.383897 39.912133, 116.383713 39.911988)",1,22.50,residential,6,,,,auto,
2587,,5007,1185,1178,1,"LINESTRING (116.383713 39.911988, 116.383897 39.912133)",1,22.50,residential,6,,,,auto,
2588,南长街,5008,1113,1111,1,"LINESTRING (116.385387 39.911313, 116.385395 39.911228)",1,9.48,tertiary,5,,,,auto,
2589,南长街,5008,1111,1113,1,"LINESTRING (116.385395 39.911228, 116.385387 39.911313)",1,9.48,tertiary,5,,,,auto,
2590,南长街,5009,1113,160,1,"LINESTRING (116.385387 39.911313, 116.38519 39.913044)",1,193.21,tertiary,5,,,,auto,
2591,南长街,5009,160,1113,1,"LINESTRING (116.38519 39.913044, 116.385387 39.911313)",1,193.21,tertiary,5,,,,auto,
2592,,5010,1113,1186,1,"LINESTRING (116.385387 39.911313, 116.385197 39.911305)",1,16.23,residential,6,,,,auto,
2593,,5010,1186,1113,1,"LINESTRING (116.385197 39.911305, 116.385387 39.911313)",1,16.23,residential,6,,,,auto,
2594,,5011,1182,1187,1,"LINESTRING (116.38448 39.911275, 116.384982 39.911296)",1,42.88,residential,6,,,,auto,
2595,,5011,1187,1182,1,"LINESTRING (116.384982 39.911296, 116.38448 39.911275)",1,42.88,residential,6,,,,auto,
2596,,5012,1182,1180,1,"LINESTRING (116.38448 39.911275, 116.383944 39.911253)",1,45.78,residential,6,,,,auto,
2597,,5012,1180,1182,1,"LINESTRING (116.383944 39.911253, 116.38448 39.911275)",1,45.78,residential,6,,,,auto,
2598,,5015,1173,1171,1,"LINESTRING (116.38471 39.91311, 116.384118 39.913088)",1,50.55,residential,6,,,,auto,
2599,,5015,1171,1173,1,"LINESTRING (116.384118 39.913088, 116.38471 39.91311)",1,50.55,residential,6,,,,auto,
2600,,5016,1173,1188,1,"LINESTRING (116.38471 39.91311, 116.384778 39.913079)",1,6.75,residential,6,,,,auto,
2601,,5016,1188,1173,1,"LINESTRING (116.384778 39.913079, 116.38471 39.91311)",1,6.75,residential,6,,,,auto,
2602,,5017,1188,1173,1,"LINESTRING (116.384778 39.913079, 116.38471 39.91311)",1,6.75,residential,6,,,,auto,
2603,,5017,1173,1188,1,"LINESTRING (116.38471 39.91311, 116.384778 39.913079)",1,6.75,residential,6,,,,auto,
2604,,5018,1188,1189,1,"LINESTRING (116.384778 39.913079, 116.384807 39.91304)",1,4.99,residential,6,,,,auto,
2605,,5018,1189,1188,1,"LINESTRING (116.384807 39.91304, 116.384778 39.913079)",1,4.99,residential,6,,,,auto,
2606,,5019,1189,1188,1,"LINESTRING (116.384807 39.91304, 116.384778 39.913079)",1,4.99,residential,6,,,,auto,
2607,,5019,1188,1189,1,"LINESTRING (116.384778 39.913079, 116.384807 39.91304)",1,4.99,residential,6,,,,auto,
2608,,5020,1189,1190,1,"LINESTRING (116.384807 39.91304, 116.384826 39.91283)",1,23.41,residential,6,,,,auto,
2609,,5020,1190,1189,1,"LINESTRING (116.384826 39.91283, 116.384807 39.91304)",1,23.41,residential,6,,,,auto,
2610,,5021,1190,1189,1,"LINESTRING (116.384826 39.91283, 116.384807 39.91304)",1,23.41,residential,6,,,,auto,
2611,,5021,1189,1190,1,"LINESTRING (116.384807 39.91304, 116.384826 39.91283)",1,23.41,residential,6,,,,auto,
2612,,5022,1190,1191,1,"LINESTRING (116.384826 39.91283, 116.384882 39.912719)",1,13.23,residential,6,,,,auto,
2613,,5022,1191,1190,1,"LINESTRING (116.384882 39.912719, 116.384826 39.91283)",1,13.23,residential,6,,,,auto,
2614,,5023,1191,1190,1,"LINESTRING (116.384882 39.912719, 116.384826 39.91283)",1,13.23,residential,6,,,,auto,
2615,,5023,1190,1191,1,"LINESTRING (116.384826 39.91283, 116.384882 39.912719)",1,13.23,residential,6,,,,auto,
2616,,5024,1191,1187,1,"LINESTRING (116.384882 39.912719, 116.384982 39.911296)",1,158.46,residential,6,,,,auto,
2617,,5024,1187,1191,1,"LINESTRING (116.384982 39.911296, 116.384882 39.912719)",1,158.46,residential,6,,,,auto,
2618,,5025,1187,1186,1,"LINESTRING (116.384982 39.911296, 116.385197 39.911305)",1,18.36,residential,6,,,,auto,
2619,,5025,1186,1187,1,"LINESTRING (116.385197 39.911305, 116.384982 39.911296)",1,18.36,residential,6,,,,auto,
2620,,5026,1187,1182,1,"LINESTRING (116.384982 39.911296, 116.38448 39.911275)",1,42.88,residential,6,,,,auto,
2621,,5026,1182,1187,1,"LINESTRING (116.38448 39.911275, 116.384982 39.911296)",1,42.88,residential,6,,,,auto,
2622,,5027,1187,1191,1,"LINESTRING (116.384982 39.911296, 116.384882 39.912719)",1,158.46,residential,6,,,,auto,
2623,,5027,1191,1187,1,"LINESTRING (116.384882 39.912719, 116.384982 39.911296)",1,158.46,residential,6,,,,auto,
2624,煤市街,5038,796,795,1,"LINESTRING (116.38831 39.896294, 116.388284 39.896232)",1,7.24,secondary,4,,,,auto,
2625,煤市街,5038,795,796,1,"LINESTRING (116.388284 39.896232, 116.38831 39.896294)",1,7.24,secondary,4,,,,auto,
2626,煤市街,5039,796,309,1,"LINESTRING (116.38831 39.896294, 116.388331 39.896345)",1,5.95,secondary,4,,,,auto,
2627,煤市街,5039,309,796,1,"LINESTRING (116.388331 39.896345, 116.38831 39.896294)",1,5.95,secondary,4,,,,auto,
2628,廊房头条,5049,428,430,1,"LINESTRING (116.389709 39.896032, 116.390649 39.896113)",1,80.70,residential,6,,,,auto,
2629,廊房头条,5049,430,428,1,"LINESTRING (116.390649 39.896113, 116.389709 39.896032)",1,80.70,residential,6,,,,auto,
2630,廊房头条,5050,428,427,1,"LINESTRING (116.389709 39.896032, 116.389664 39.896026)",1,3.90,residential,6,,,,auto,
2631,廊房头条,5050,427,428,1,"LINESTRING (116.389664 39.896026, 116.389709 39.896032)",1,3.90,residential,6,,,,auto,
2632,廊房头条,5052,430,394,1,"LINESTRING (116.390649 39.896113, 116.391381 39.896176)",1,62.84,residential,6,,,,auto,
2633,廊房头条,5052,394,430,1,"LINESTRING (116.391381 39.896176, 116.390649 39.896113)",1,62.84,residential,6,,,,auto,
2634,廊房头条,5053,430,428,1,"LINESTRING (116.390649 39.896113, 116.389709 39.896032)",1,80.70,residential,6,,,,auto,
2635,廊房头条,5053,428,430,1,"LINESTRING (116.389709 39.896032, 116.390649 39.896113)",1,80.70,residential,6,,,,auto,
2636,广场西侧路,5166,1192,1033,1,"LINESTRING (116.389561 39.903611, 116.389641 39.90174)",1,208.16,secondary,4,,,,auto,
2637,西长安街,5167,1083,1193,1,"LINESTRING (116.382841 39.906028, 116.382468 39.906008)",1,31.89,trunk,2,,,,auto,
2638,南长街,5455,598,1194,1,"LINESTRING (116.385675 39.90656, 116.385675 39.906473)",1,9.67,tertiary,5,,,,auto,
2639,南长街,5455,1194,598,1,"LINESTRING (116.385675 39.906473, 116.385675 39.90656)",1,9.67,tertiary,5,,,,auto,
2640,南长街,5456,598,595,1,"LINESTRING (116.385675 39.90656, 116.385649 39.906805)",1,27.33,tertiary,5,,,,auto,
2641,南长街,5456,595,598,1,"LINESTRING (116.385649 39.906805, 116.385675 39.90656)",1,27.33,tertiary,5,,,,auto,
2642,文津街,6361,1110,1195,1,"LINESTRING (116.384332 39.920844, 116.384395 39.920843)",1,5.37,primary,3,,2,,auto,
2643,,6362,1136,1196,1,"LINESTRING (116.384683 39.920672, 116.384737 39.920623)",1,7.13,tertiary,5,,,,auto,
2644,景山前街,6363,1134,920,1,"LINESTRING (116.384832 39.921238, 116.384877 39.921275)",1,5.63,primary,3,,,,auto,
2645,景山前街,6364,1134,1197,1,"LINESTRING (116.384832 39.921238, 116.38471 39.921112)",1,17.45,primary,3,,,,auto,
2646,文津街,6365,1198,1199,1,"LINESTRING (116.384667 39.921014, 116.384532 39.920908)",1,16.48,primary,3,,,,auto,
2647,,6366,1198,1200,1,"LINESTRING (116.384667 39.921014, 116.384648 39.920954)",1,6.87,tertiary,5,,,,auto,
2648,北长街,6367,1196,1201,1,"LINESTRING (116.384737 39.920623, 116.384753 39.92055)",1,8.23,tertiary,5,,,,auto,
2649,北长街,6367,1201,1196,1,"LINESTRING (116.384753 39.92055, 116.384737 39.920623)",1,8.23,tertiary,5,,,,auto,
2650,,6368,1196,1133,1,"LINESTRING (116.384737 39.920623, 116.384802 39.920874)",1,28.46,tertiary,5,,,,auto,
2651,,6369,1196,1202,1,"LINESTRING (116.384737 39.920623, 116.384673 39.920821)",1,22.68,tertiary,5,,,,auto,
2652,,6369,1202,1196,1,"LINESTRING (116.384673 39.920821, 116.384737 39.920623)",1,22.68,tertiary,5,,,,auto,
2653,,6372,1202,1203,1,"LINESTRING (116.384673 39.920821, 116.384638 39.920864)",1,5.64,tertiary,5,,,,auto,
2654,,6373,1202,1196,1,"LINESTRING (116.384673 39.920821, 116.384737 39.920623)",1,22.68,tertiary,5,,,,auto,
2655,,6373,1196,1202,1,"LINESTRING (116.384737 39.920623, 116.384673 39.920821)",1,22.68,tertiary,5,,,,auto,
2656,景山前街,6374,128,124,1,"LINESTRING (116.385313 39.921631, 116.385446 39.921683)",1,12.73,primary,3,,,,auto,
2657,南池子大街,6409,569,67,1,"LINESTRING (116.396792 39.912137, 116.396763 39.91317)",1,114.89,tertiary,5,,1,,auto,
2658,南池子大街,6409,67,569,1,"LINESTRING (116.396763 39.91317, 116.396792 39.912137)",1,114.89,tertiary,5,,1,,auto,
2659,南池子大街,6410,569,567,1,"LINESTRING (116.396792 39.912137, 116.396825 39.911373)",1,85.00,tertiary,5,,1,,auto,
2660,南池子大街,6410,567,569,1,"LINESTRING (116.396825 39.911373, 116.396792 39.912137)",1,85.00,tertiary,5,,1,,auto,
2661,,6426,988,1204,1,"LINESTRING (116.39904 39.911926, 116.399041 39.91188)",1,5.12,residential,6,,,,auto,
2662,,6426,1204,988,1,"LINESTRING (116.399041 39.91188, 116.39904 39.911926)",1,5.12,residential,6,,,,auto,
2663,,6427,988,580,1,"LINESTRING (116.39904 39.911926, 116.399091 39.911965)",1,6.14,residential,6,,,,auto,
2664,,6427,580,988,1,"LINESTRING (116.399091 39.911965, 116.39904 39.911926)",1,6.14,residential,6,,,,auto,
2665,,6428,1204,611,1,"LINESTRING (116.399041 39.91188, 116.399044 39.911646)",1,26.02,residential,6,,,,auto,
2666,,6428,611,1204,1,"LINESTRING (116.399044 39.911646, 116.399041 39.91188)",1,26.02,residential,6,,,,auto,
2667,,6429,1204,988,1,"LINESTRING (116.399041 39.91188, 116.39904 39.911926)",1,5.12,residential,6,,,,auto,
2668,,6429,988,1204,1,"LINESTRING (116.39904 39.911926, 116.399041 39.91188)",1,5.12,residential,6,,,,auto,
2669,,6430,611,562,1,"LINESTRING (116.399044 39.911646, 116.39901 39.91155)",1,11.06,residential,6,,,,auto,
2670,,6430,562,611,1,"LINESTRING (116.39901 39.91155, 116.399044 39.911646)",1,11.06,residential,6,,,,auto,
2671,,6431,611,1204,1,"LINESTRING (116.399044 39.911646, 116.399041 39.91188)",1,26.02,residential,6,,,,auto,
2672,,6431,1204,611,1,"LINESTRING (116.399041 39.91188, 116.399044 39.911646)",1,26.02,residential,6,,,,auto,
2673,普渡寺前巷,6447,560,590,1,"LINESTRING (116.398625 39.91145, 116.398476 39.911444)",1,12.73,residential,6,,,,auto,
2674,普渡寺前巷,6447,590,560,1,"LINESTRING (116.398476 39.911444, 116.398625 39.91145)",1,12.73,residential,6,,,,auto,
2675,普渡寺前巷,6448,560,559,1,"LINESTRING (116.398625 39.91145, 116.398989 39.911474)",1,31.16,residential,6,,,,auto,
2676,普渡寺前巷,6448,559,560,1,"LINESTRING (116.398989 39.911474, 116.398625 39.91145)",1,31.16,residential,6,,,,auto,
2677,东华门大街,6474,486,68,1,"LINESTRING (116.39836 39.913814, 116.397381 39.913798)",1,83.52,secondary,4,,,,auto,
2678,东华门大街,6474,68,486,1,"LINESTRING (116.397381 39.913798, 116.39836 39.913814)",1,83.52,secondary,4,,,,auto,
2679,东华门大街,6475,486,540,1,"LINESTRING (116.39836 39.913814, 116.398842 39.913836)",1,41.18,secondary,4,,,,auto,
2680,东华门大街,6475,540,486,1,"LINESTRING (116.398842 39.913836, 116.39836 39.913814)",1,41.18,secondary,4,,,,auto,
2681,智德北巷,6520,579,609,1,"LINESTRING (116.399247 39.917049, 116.400159 39.917064)",1,77.80,residential,6,,,,auto,
2682,智德北巷,6520,609,579,1,"LINESTRING (116.400159 39.917064, 116.399247 39.917049)",1,77.80,residential,6,,,,auto,
2683,智德北巷,6521,579,574,1,"LINESTRING (116.399247 39.917049, 116.397596 39.917026)",1,140.83,residential,6,,,,auto,
2684,智德北巷,6521,574,579,1,"LINESTRING (116.397596 39.917026, 116.399247 39.917049)",1,140.83,residential,6,,,,auto,
2685,南河沿大街,6524,49,47,1,"LINESTRING (116.400414 39.906809, 116.400416 39.906864)",1,6.12,secondary,4,,,,auto,
2686,南河沿大街,6524,47,49,1,"LINESTRING (116.400416 39.906864, 116.400414 39.906809)",1,6.12,secondary,4,,,,auto,
2687,南河沿大街,6525,49,1205,1,"LINESTRING (116.400414 39.906809, 116.400407 39.906607)",1,22.47,secondary,4,,,,auto,
2688,南河沿大街,6525,1205,49,1,"LINESTRING (116.400407 39.906607, 116.400414 39.906809)",1,22.47,secondary,4,,,,auto,
2689,正义路,6528,754,1206,1,"LINESTRING (116.400578 39.906282, 116.400556 39.90645)",1,18.77,tertiary,5,,,,auto,
2690,正义路,6531,1207,1128,1,"LINESTRING (116.400266 39.906271, 116.400341 39.90536)",1,101.50,tertiary,5,,,,auto,
2691,东长安街,6534,1208,354,1,"LINESTRING (116.400019 39.9066, 116.397381 39.90653)",1,225.15,trunk,2,,5,,auto,
2692,南长街,6628,585,583,1,"LINESTRING (116.385447 39.909798, 116.385485 39.909256)",1,60.35,tertiary,5,,,,auto,
2693,南长街,6628,583,585,1,"LINESTRING (116.385485 39.909256, 116.385447 39.909798)",1,60.35,tertiary,5,,,,auto,
2694,南长街,6629,585,1112,1,"LINESTRING (116.385447 39.909798, 116.385474 39.910118)",1,35.66,tertiary,5,,,,auto,
2695,南长街,6629,1112,585,1,"LINESTRING (116.385474 39.910118, 116.385447 39.909798)",1,35.66,tertiary,5,,,,auto,
2696,西交民巷,6700,514,1127,1,"LINESTRING (116.388681 39.900484, 116.389491 39.900516)",1,69.19,tertiary,5,,,,auto,
2697,人大会堂西路,6726,452,1125,1,"LINESTRING (116.385453 39.900329, 116.385525 39.899732)",1,66.67,tertiary,5,,,,auto,
2698,人大会堂西路,6726,1125,452,1,"LINESTRING (116.385525 39.899732, 116.385453 39.900329)",1,66.67,tertiary,5,,,,auto,
2699,人大会堂西路,6727,452,450,1,"LINESTRING (116.385453 39.900329, 116.385443 39.900399)",1,7.83,tertiary,5,,,,auto,
2700,人大会堂西路,6727,450,452,1,"LINESTRING (116.385443 39.900399, 116.385453 39.900329)",1,7.83,tertiary,5,,,,auto,
2701,骑河楼南巷,6828,545,574,1,"LINESTRING (116.397552 39.917186, 116.397596 39.917026)",1,18.18,residential,6,,,,auto,
2702,骑河楼南巷,6828,574,545,1,"LINESTRING (116.397596 39.917026, 116.397552 39.917186)",1,18.18,residential,6,,,,auto,
2703,骑河楼南巷,6829,545,488,1,"LINESTRING (116.397552 39.917186, 116.397539 39.917468)",1,31.38,residential,6,,,,auto,
2704,骑河楼南巷,6829,488,545,1,"LINESTRING (116.397539 39.917468, 116.397552 39.917186)",1,31.38,residential,6,,,,auto,
2705,骑河楼南巷,6830,498,485,1,"LINESTRING (116.397332 39.914301, 116.397351 39.914282)",1,2.66,residential,6,,,,auto,
2706,骑河楼南巷,6830,485,498,1,"LINESTRING (116.397351 39.914282, 116.397332 39.914301)",1,2.66,residential,6,,,,auto,
2707,骑河楼南巷,6831,498,497,1,"LINESTRING (116.397332 39.914301, 116.39731 39.914408)",1,12.04,residential,6,,,,auto,
2708,骑河楼南巷,6831,497,498,1,"LINESTRING (116.39731 39.914408, 116.397332 39.914301)",1,12.04,residential,6,,,,auto,
2709,骑河楼南巷,6832,485,68,1,"LINESTRING (116.397351 39.914282, 116.397381 39.913798)",1,53.88,residential,6,,,,auto,
2710,骑河楼南巷,6832,68,485,1,"LINESTRING (116.397381 39.913798, 116.397351 39.914282)",1,53.88,residential,6,,,,auto,
2711,骑河楼南巷,6833,485,498,1,"LINESTRING (116.397351 39.914282, 116.397332 39.914301)",1,2.66,residential,6,,,,auto,
2712,骑河楼南巷,6833,498,485,1,"LINESTRING (116.397332 39.914301, 116.397351 39.914282)",1,2.66,residential,6,,,,auto,
2713,,6853,543,546,1,"LINESTRING (116.399425 39.911201, 116.399372 39.911973)",1,85.96,residential,6,,,,auto,
2714,,6853,546,543,1,"LINESTRING (116.399372 39.911973, 116.399425 39.911201)",1,85.96,residential,6,,,,auto,
2715,,6854,543,542,1,"LINESTRING (116.399425 39.911201, 116.399432 39.910767)",1,48.26,residential,6,,,,auto,
2716,,6854,542,543,1,"LINESTRING (116.399432 39.910767, 116.399425 39.911201)",1,48.26,residential,6,,,,auto,
2717,,6855,561,544,1,"LINESTRING (116.398994 39.911202, 116.398998 39.910768)",1,48.26,residential,6,,,,auto,
2718,,6855,544,561,1,"LINESTRING (116.398998 39.910768, 116.398994 39.911202)",1,48.26,residential,6,,,,auto,
2719,,6856,561,559,1,"LINESTRING (116.398994 39.911202, 116.398989 39.911474)",1,30.25,residential,6,,,,auto,
2720,,6856,559,561,1,"LINESTRING (116.398989 39.911474, 116.398994 39.911202)",1,30.25,residential,6,,,,auto,
2721,大宴乐胡同,6859,572,570,1,"LINESTRING (116.384608 39.90786, 116.384652 39.906967)",1,99.37,residential,6,,,,auto,
2722,大宴乐胡同,6859,570,572,1,"LINESTRING (116.384652 39.906967, 116.384608 39.90786)",1,99.37,residential,6,,,,auto,
2723,大宴乐胡同,6860,572,896,1,"LINESTRING (116.384608 39.90786, 116.384579 39.908433)",1,63.76,residential,6,,,,auto,
2724,大宴乐胡同,6860,896,572,1,"LINESTRING (116.384579 39.908433, 116.384608 39.90786)",1,63.76,residential,6,,,,auto,
2725,大宴乐胡同,6879,571,594,1,"LINESTRING (116.385491 39.906984, 116.385618 39.906987)",1,10.84,residential,6,,,,auto,
2726,大宴乐胡同,6879,594,571,1,"LINESTRING (116.385618 39.906987, 116.385491 39.906984)",1,10.84,residential,6,,,,auto,
2727,大宴乐胡同,6880,571,570,1,"LINESTRING (116.385491 39.906984, 116.384652 39.906967)",1,71.59,residential,6,,,,auto,
2728,大宴乐胡同,6880,570,571,1,"LINESTRING (116.384652 39.906967, 116.385491 39.906984)",1,71.59,residential,6,,,,auto,
2729,北长街,6896,1209,1210,1,"LINESTRING (116.38486 39.919667, 116.384893 39.918788)",1,97.78,tertiary,5,,,,auto,
2730,北长街,6896,1210,1209,1,"LINESTRING (116.384893 39.918788, 116.38486 39.919667)",1,97.78,tertiary,5,,,,auto,
2731,北长街,6897,1209,1211,1,"LINESTRING (116.38486 39.919667, 116.384849 39.919872)",1,22.81,tertiary,5,,,,auto,
2732,北长街,6897,1211,1209,1,"LINESTRING (116.384849 39.919872, 116.38486 39.919667)",1,22.81,tertiary,5,,,,auto,
2733,北长街,6904,1211,1209,1,"LINESTRING (116.384849 39.919872, 116.38486 39.919667)",1,22.81,tertiary,5,,,,auto,
2734,北长街,6904,1209,1211,1,"LINESTRING (116.38486 39.919667, 116.384849 39.919872)",1,22.81,tertiary,5,,,,auto,
2735,北长街,6905,1211,1212,1,"LINESTRING (116.384849 39.919872, 116.384826 39.92002)",1,16.57,tertiary,5,,,,auto,
2736,北长街,6905,1212,1211,1,"LINESTRING (116.384826 39.92002, 116.384849 39.919872)",1,16.57,tertiary,5,,,,auto,
2737,南长街,6915,584,1213,1,"LINESTRING (116.385577 39.908098, 116.385582 39.907977)",1,13.46,tertiary,5,,,,auto,
2738,南长街,6915,1213,584,1,"LINESTRING (116.385582 39.907977, 116.385577 39.908098)",1,13.46,tertiary,5,,,,auto,
2739,南长街,6916,584,583,1,"LINESTRING (116.385577 39.908098, 116.385485 39.909256)",1,129.00,tertiary,5,,,,auto,
2740,南长街,6916,583,584,1,"LINESTRING (116.385485 39.909256, 116.385577 39.908098)",1,129.00,tertiary,5,,,,auto,
2741,南河沿大街,6999,222,220,1,"LINESTRING (116.400572 39.910592, 116.400572 39.910653)",1,6.78,secondary,4,,,,auto,
2742,南河沿大街,6999,220,222,1,"LINESTRING (116.400572 39.910653, 116.400572 39.910592)",1,6.78,secondary,4,,,,auto,
2743,南河沿大街,7000,222,663,1,"LINESTRING (116.400572 39.910592, 116.400567 39.910184)",1,45.37,secondary,4,,,,auto,
2744,南河沿大街,7000,663,222,1,"LINESTRING (116.400567 39.910184, 116.400572 39.910592)",1,45.37,secondary,4,,,,auto,
2745,南八宝胡同,7003,461,458,1,"LINESTRING (116.414165 39.902852, 116.414187 39.902134)",1,79.86,residential,6,,,,auto,
2746,南八宝胡同,7003,458,461,1,"LINESTRING (116.414187 39.902134, 116.414165 39.902852)",1,79.86,residential,6,,,,auto,
2747,南八宝胡同,7004,461,756,1,"LINESTRING (116.414165 39.902852, 116.414112 39.903321)",1,52.35,residential,6,,,,auto,
2748,南八宝胡同,7004,756,461,1,"LINESTRING (116.414112 39.903321, 116.414165 39.902852)",1,52.35,residential,6,,,,auto,
2749,崇文门内大街,7010,1028,1214,1,"LINESTRING (116.412106 39.903195, 116.412098 39.90346)",1,29.47,primary,3,,,,auto,
2750,景山前街,7111,123,1152,1,"LINESTRING (116.386141 39.921746, 116.38734 39.92178)",1,102.32,primary,3,,,,auto,
2751,,7118,1117,1118,1,"LINESTRING (116.384178 39.915035, 116.384186 39.914879)",1,17.36,residential,6,,,,auto,
2752,,7118,1118,1117,1,"LINESTRING (116.384186 39.914879, 116.384178 39.915035)",1,17.36,residential,6,,,,auto,
2753,,7119,1117,1116,1,"LINESTRING (116.384178 39.915035, 116.384094 39.916673)",1,182.28,residential,6,,,,auto,
2754,,7119,1116,1117,1,"LINESTRING (116.384094 39.916673, 116.384178 39.915035)",1,182.28,residential,6,,,,auto,
2755,,7139,1215,654,1,"LINESTRING (116.403908 39.90894, 116.403902 39.909135)",1,21.69,residential,6,,,,auto,
2756,,7139,654,1215,1,"LINESTRING (116.403902 39.909135, 116.403908 39.90894)",1,21.69,residential,6,,,,auto,
2757,,7140,1215,1216,1,"LINESTRING (116.403908 39.90894, 116.403944 39.908011)",1,103.35,residential,6,,,,auto,
2758,,7140,1216,1215,1,"LINESTRING (116.403944 39.908011, 116.403908 39.90894)",1,103.35,residential,6,,,,auto,
2759,霞公府街,7141,733,935,1,"LINESTRING (116.403949 39.907935, 116.40518 39.907968)",1,105.06,residential,6,,,,auto,
2760,霞公府街,7141,935,733,1,"LINESTRING (116.40518 39.907968, 116.403949 39.907935)",1,105.06,residential,6,,,,auto,
2761,霞公府街,7142,733,503,1,"LINESTRING (116.403949 39.907935, 116.402664 39.907916)",1,109.62,residential,6,,,,auto,
2762,霞公府街,7142,503,733,1,"LINESTRING (116.402664 39.907916, 116.403949 39.907935)",1,109.62,residential,6,,,,auto,
2763,,7143,733,1216,1,"LINESTRING (116.403949 39.907935, 116.403944 39.908011)",1,8.46,residential,6,,,,auto,
2764,,7143,1216,733,1,"LINESTRING (116.403944 39.908011, 116.403949 39.907935)",1,8.46,residential,6,,,,auto,
2765,,7144,1216,733,1,"LINESTRING (116.403944 39.908011, 116.403949 39.907935)",1,8.46,residential,6,,,,auto,
2766,,7144,733,1216,1,"LINESTRING (116.403949 39.907935, 116.403944 39.908011)",1,8.46,residential,6,,,,auto,
2767,,7145,1216,1215,1,"LINESTRING (116.403944 39.908011, 116.403908 39.90894)",1,103.35,residential,6,,,,auto,
2768,,7145,1215,1216,1,"LINESTRING (116.403908 39.90894, 116.403944 39.908011)",1,103.35,residential,6,,,,auto,
2769,大纱帽胡同,7146,654,615,1,"LINESTRING (116.403902 39.909135, 116.402752 39.909188)",1,98.26,residential,6,,,,auto,
2770,大纱帽胡同,7146,615,654,1,"LINESTRING (116.402752 39.909188, 116.403902 39.909135)",1,98.26,residential,6,,,,auto,
2771,大纱帽胡同,7147,654,653,1,"LINESTRING (116.403902 39.909135, 116.404127 39.909114)",1,19.33,residential,6,,,,auto,
2772,大纱帽胡同,7147,653,654,1,"LINESTRING (116.404127 39.909114, 116.403902 39.909135)",1,19.33,residential,6,,,,auto,
2773,,7148,654,1215,1,"LINESTRING (116.403902 39.909135, 116.403908 39.90894)",1,21.69,residential,6,,,,auto,
2774,,7148,1215,654,1,"LINESTRING (116.403908 39.90894, 116.403902 39.909135)",1,21.69,residential,6,,,,auto,
2775,,7149,616,503,1,"LINESTRING (116.402627 39.90902, 116.402664 39.907916)",1,122.80,residential,6,,,,auto,
2776,,7149,503,616,1,"LINESTRING (116.402664 39.907916, 116.402627 39.90902)",1,122.80,residential,6,,,,auto,
2777,,7150,616,614,1,"LINESTRING (116.402627 39.90902, 116.402621 39.909194)",1,19.35,residential,6,,,,auto,
2778,,7150,614,616,1,"LINESTRING (116.402621 39.909194, 116.402627 39.90902)",1,19.35,residential,6,,,,auto,
2779,南池子大街,7883,884,882,1,"LINESTRING (116.397071 39.906928, 116.397066 39.907018)",1,10.02,tertiary,5,,1,,auto,
2780,南池子大街,7883,882,884,1,"LINESTRING (116.397066 39.907018, 116.397071 39.906928)",1,10.02,tertiary,5,,1,,auto,
2781,南池子大街,7884,884,1217,1,"LINESTRING (116.397071 39.906928, 116.397074 39.906895)",1,3.68,tertiary,5,,,,auto,
2782,南池子大街,7884,1217,884,1,"LINESTRING (116.397074 39.906895, 116.397071 39.906928)",1,3.68,tertiary,5,,,,auto,
2783,南池子大街,7885,1217,884,1,"LINESTRING (116.397074 39.906895, 116.397071 39.906928)",1,3.68,tertiary,5,,,,auto,
2784,南池子大街,7885,884,1217,1,"LINESTRING (116.397071 39.906928, 116.397074 39.906895)",1,3.68,tertiary,5,,,,auto,
2785,南池子大街,7886,1217,1130,1,"LINESTRING (116.397074 39.906895, 116.397081 39.906803)",1,10.25,tertiary,5,,,,auto,
2786,南池子大街,7886,1130,1217,1,"LINESTRING (116.397081 39.906803, 116.397074 39.906895)",1,10.25,tertiary,5,,,,auto,
2787,南池子大街,7906,1131,1129,1,"LINESTRING (116.397086 39.906728, 116.397084 39.906772)",1,4.90,tertiary,5,,,,auto,
2788,南池子大街,7906,1129,1131,1,"LINESTRING (116.397084 39.906772, 116.397086 39.906728)",1,4.90,tertiary,5,,,,auto,
2789,南池子大街,7907,1131,355,1,"LINESTRING (116.397086 39.906728, 116.397096 39.906522)",1,22.92,tertiary,5,,,,auto,
2790,南池子大街,7907,355,1131,1,"LINESTRING (116.397096 39.906522, 116.397086 39.906728)",1,22.92,tertiary,5,,,,auto,
2791,北长街,8401,1218,1212,1,"LINESTRING (116.384806 39.920306, 116.384826 39.92002)",1,31.85,tertiary,5,,,,auto,
2792,北长街,8401,1212,1218,1,"LINESTRING (116.384826 39.92002, 116.384806 39.920306)",1,31.85,tertiary,5,,,,auto,
2793,北长街,8402,1218,1201,1,"LINESTRING (116.384806 39.920306, 116.384753 39.92055)",1,27.51,tertiary,5,,,,auto,
2794,北长街,8402,1201,1218,1,"LINESTRING (116.384753 39.92055, 116.384806 39.920306)",1,27.51,tertiary,5,,,,auto,
2795,北长街,8404,1212,1211,1,"LINESTRING (116.384826 39.92002, 116.384849 39.919872)",1,16.57,tertiary,5,,,,auto,
2796,北长街,8404,1211,1212,1,"LINESTRING (116.384849 39.919872, 116.384826 39.92002)",1,16.57,tertiary,5,,,,auto,
2797,北长街,8405,1212,1218,1,"LINESTRING (116.384826 39.92002, 116.384806 39.920306)",1,31.85,tertiary,5,,,,auto,
2798,北长街,8405,1218,1212,1,"LINESTRING (116.384806 39.920306, 116.384826 39.92002)",1,31.85,tertiary,5,,,,auto,
2799,东长安街,8618,1219,1220,1,"LINESTRING (116.397139 39.906315, 116.397406 39.906342)",1,22.97,trunk,2,,,,auto,
2800,新大路,9046,535,534,1,"LINESTRING (116.393763 39.901562, 116.394625 39.901579)",1,73.56,residential,6,,,,auto,
2801,新大路,9046,534,535,1,"LINESTRING (116.394625 39.901579, 116.393763 39.901562)",1,73.56,residential,6,,,,auto,
2802,新大路,9047,535,533,1,"LINESTRING (116.393763 39.901562, 116.393578 39.901558)",1,15.79,residential,6,,,,auto,
2803,新大路,9047,533,535,1,"LINESTRING (116.393578 39.901558, 116.393763 39.901562)",1,15.79,residential,6,,,,auto,
2804,人大会堂西路,9133,12,1221,1,"LINESTRING (116.385463 39.901901, 116.385436 39.901875)",1,3.70,tertiary,5,,,,auto,
2805,人大会堂西路,9133,1221,12,1,"LINESTRING (116.385436 39.901875, 116.385463 39.901901)",1,3.70,tertiary,5,,,,auto,
2806,人大会堂西路,9134,12,9,1,"LINESTRING (116.385463 39.901901, 116.385592 39.901994)",1,15.10,tertiary,5,,,,auto,
2807,人大会堂西路,9134,9,12,1,"LINESTRING (116.385592 39.901994, 116.385463 39.901901)",1,15.10,tertiary,5,,,,auto,
2808,人大会堂西路,9135,1222,1157,1,"LINESTRING (116.385751 39.901946, 116.385821 39.901921)",1,6.59,tertiary,5,,,,auto,
2809,人大会堂西路,9135,1157,1222,1,"LINESTRING (116.385821 39.901921, 116.385751 39.901946)",1,6.59,tertiary,5,,,,auto,
2810,人大会堂西路,9136,1222,10,1,"LINESTRING (116.385751 39.901946, 116.385673 39.901972)",1,7.25,tertiary,5,,,,auto,
2811,人大会堂西路,9136,10,1222,1,"LINESTRING (116.385673 39.901972, 116.385751 39.901946)",1,7.25,tertiary,5,,,,auto,
2812,人大会堂西路,9137,18,16,1,"LINESTRING (116.386542 39.901558, 116.386719 39.901488)",1,16.99,tertiary,5,,,,auto,
2813,人大会堂西路,9137,16,18,1,"LINESTRING (116.386719 39.901488, 116.386542 39.901558)",1,16.99,tertiary,5,,,,auto,
2814,人大会堂西路,9138,18,14,1,"LINESTRING (116.386542 39.901558, 116.386523 39.901568)",1,1.97,tertiary,5,,,,auto,
2815,人大会堂西路,9138,14,18,1,"LINESTRING (116.386523 39.901568, 116.386542 39.901558)",1,1.97,tertiary,5,,,,auto,
2816,人大会堂西路,9139,17,922,1,"LINESTRING (116.386888 39.901453, 116.38711 39.901435)",1,19.04,tertiary,5,,,,auto,
2817,人大会堂西路,9139,922,17,1,"LINESTRING (116.38711 39.901435, 116.386888 39.901453)",1,19.04,tertiary,5,,,,auto,
2818,人大会堂西路,9140,17,16,1,"LINESTRING (116.386888 39.901453, 116.386719 39.901488)",1,14.93,tertiary,5,,,,auto,
2819,人大会堂西路,9140,16,17,1,"LINESTRING (116.386719 39.901488, 116.386888 39.901453)",1,14.93,tertiary,5,,,,auto,
2820,南河沿大街,9279,508,501,1,"LINESTRING (116.400449 39.907491, 116.400504 39.908211)",1,80.20,secondary,4,,,,auto,
2821,南河沿大街,9279,501,508,1,"LINESTRING (116.400504 39.908211, 116.400449 39.907491)",1,80.20,secondary,4,,,,auto,
2822,南河沿大街,9280,508,48,1,"LINESTRING (116.400449 39.907491, 116.40043 39.907258)",1,25.96,secondary,4,,,,auto,
2823,南河沿大街,9280,48,508,1,"LINESTRING (116.40043 39.907258, 116.400449 39.907491)",1,25.96,secondary,4,,,,auto,
2824,南池子大街,9290,613,612,1,"LINESTRING (116.397048 39.907395, 116.397039 39.907574)",1,19.92,tertiary,5,,1,,auto,
2825,南池子大街,9290,612,613,1,"LINESTRING (116.397039 39.907574, 116.397048 39.907395)",1,19.92,tertiary,5,,1,,auto,
2826,南池子大街,9291,613,885,1,"LINESTRING (116.397048 39.907395, 116.397051 39.907336)",1,6.57,tertiary,5,,1,,auto,
2827,南池子大街,9291,885,613,1,"LINESTRING (116.397051 39.907336, 116.397048 39.907395)",1,6.57,tertiary,5,,1,,auto,
2828,南池子大街,9310,603,558,1,"LINESTRING (116.397023 39.907899, 116.397014 39.90807)",1,19.03,tertiary,5,,1,,auto,
2829,南池子大街,9310,558,603,1,"LINESTRING (116.397014 39.90807, 116.397023 39.907899)",1,19.03,tertiary,5,,1,,auto,
2830,南池子大街,9311,603,612,1,"LINESTRING (116.397023 39.907899, 116.397039 39.907574)",1,36.16,tertiary,5,,1,,auto,
2831,南池子大街,9311,612,603,1,"LINESTRING (116.397039 39.907574, 116.397023 39.907899)",1,36.16,tertiary,5,,1,,auto,
2832,北京站西街,9357,1223,846,1,"LINESTRING (116.413587 39.899901, 116.41376 39.900005)",1,18.75,secondary,4,,,,auto,
2833,北京站西街,9358,1224,1223,1,"LINESTRING (116.413528 39.899866, 116.413587 39.899901)",1,6.36,secondary,4,,,,auto,
2834,北京站西街,9359,1225,1226,1,"LINESTRING (116.413448 39.899773, 116.413479 39.899819)",1,5.76,secondary,4,,,,auto,
2835,崇文门西大街,9360,1227,1078,1,"LINESTRING (116.409417 39.899704, 116.408798 39.899685)",1,52.85,primary,3,,,,auto,
2836,,9361,819,818,1,"LINESTRING (116.411753 39.898739, 116.41058 39.89871)",1,100.12,residential,6,,,,auto,
2837,,9361,818,819,1,"LINESTRING (116.41058 39.89871, 116.411753 39.898739)",1,100.12,residential,6,,,,auto,
2838,,9362,819,827,1,"LINESTRING (116.411753 39.898739, 116.412079 39.898747)",1,27.82,residential,6,,,,auto,
2839,,9362,827,819,1,"LINESTRING (116.412079 39.898747, 116.411753 39.898739)",1,27.82,residential,6,,,,auto,
2840,,9371,1228,4,1,"LINESTRING (116.393097 39.905897, 116.39308 39.906126)",1,25.50,secondary,4,,,,auto,
2841,广场西侧路,9374,1229,1192,1,"LINESTRING (116.389456 39.90582, 116.389561 39.903611)",1,245.79,secondary,4,,,,auto,
2842,,9382,355,1163,1,"LINESTRING (116.397096 39.906522, 116.397014 39.906425)",1,12.86,tertiary,5,,,,auto,
2843,,9382,1163,355,1,"LINESTRING (116.397014 39.906425, 116.397096 39.906522)",1,12.86,tertiary,5,,,,auto,
2844,东长安街,9383,355,1230,1,"LINESTRING (116.397096 39.906522, 116.396605 39.906504)",1,41.93,trunk,2,,5,,auto,
2845,南池子大街,9384,355,1131,1,"LINESTRING (116.397096 39.906522, 116.397086 39.906728)",1,22.92,tertiary,5,,,,auto,
2846,南池子大街,9384,1131,355,1,"LINESTRING (116.397086 39.906728, 116.397096 39.906522)",1,22.92,tertiary,5,,,,auto,
2847,东兴隆街,9391,813,302,1,"LINESTRING (116.412057 39.895852, 116.410777 39.895868)",1,109.21,tertiary,5,,,,auto,
2848,东兴隆街,9392,304,1231,1,"LINESTRING (116.410641 39.895889, 116.410461 39.895912)",1,15.57,tertiary,5,,,,auto,
2849,东兴隆街,9393,1231,1232,1,"LINESTRING (116.410461 39.895912, 116.410394 39.895929)",1,6.02,tertiary,5,,,,auto,
2850,东兴隆街,9394,1168,1233,1,"LINESTRING (116.409782 39.895932, 116.409412 39.895889)",1,31.92,tertiary,5,,,,auto,
2851,东兴隆街,9395,1233,339,1,"LINESTRING (116.409412 39.895889, 116.409166 39.895832)",1,21.92,tertiary,5,,,,auto,
2852,东兴隆街,9396,341,1234,1,"LINESTRING (116.409331 39.895799, 116.409574 39.895823)",1,20.90,tertiary,5,,,,auto,
2853,东兴隆街,9397,1235,1236,1,"LINESTRING (116.409763 39.895832, 116.409912 39.895831)",1,12.71,tertiary,5,,,,auto,
2854,东兴隆街,9398,1236,1237,1,"LINESTRING (116.409912 39.895831, 116.41038 39.895825)",1,39.93,tertiary,5,,,,auto,
2855,东兴隆街,9399,1237,297,1,"LINESTRING (116.41038 39.895825, 116.410437 39.895817)",1,4.94,tertiary,5,,,,auto,
2856,东兴隆街,9400,298,1238,1,"LINESTRING (116.410574 39.895799, 116.412067 39.895767)",1,127.42,tertiary,5,,,,auto,
2857,东兴隆街,9401,1238,1494,1,"LINESTRING (116.412067 39.895767, 116.412168 39.895812)",1,9.96,tertiary,5,,,,auto,
2858,东兴隆街,9402,1232,1167,1,"LINESTRING (116.410394 39.895929, 116.410315 39.895931)",1,6.74,tertiary,5,,,,auto,
2859,新怡家园东路,9403,1232,1165,1,"LINESTRING (116.410394 39.895929, 116.41037 39.897063)",1,126.11,tertiary,5,,,,auto,
2860,东打磨厂街,9404,301,299,1,"LINESTRING (116.410362 39.897932, 116.410767 39.897934)",1,34.55,tertiary,5,,,,auto,
2861,东打磨厂街,9404,299,301,1,"LINESTRING (116.410767 39.897934, 116.410362 39.897932)",1,34.55,tertiary,5,,,,auto,
2862,东打磨厂街,9405,301,826,1,"LINESTRING (116.410362 39.897932, 116.410275 39.897932)",1,7.42,tertiary,5,,,,auto,
2863,东打磨厂街,9405,826,301,1,"LINESTRING (116.410275 39.897932, 116.410362 39.897932)",1,7.42,tertiary,5,,,,auto,
2864,,9406,1165,1166,1,"LINESTRING (116.41037 39.897063, 116.410291 39.897062)",1,6.74,residential,6,,,,auto,
2865,,9406,1166,1165,1,"LINESTRING (116.410291 39.897062, 116.41037 39.897063)",1,6.74,residential,6,,,,auto,
2866,,9407,1165,303,1,"LINESTRING (116.41037 39.897063, 116.410781 39.897049)",1,35.10,residential,6,,,,auto,
2867,,9407,303,1165,1,"LINESTRING (116.410781 39.897049, 116.41037 39.897063)",1,35.10,residential,6,,,,auto,
2868,新怡家园东路,9408,1165,301,1,"LINESTRING (116.41037 39.897063, 116.410362 39.897932)",1,96.63,tertiary,5,,,,auto,
2869,翠花胡同,9409,990,989,1,"LINESTRING (116.403527 39.921721, 116.403494 39.922208)",1,54.23,residential,6,,,,auto,
2870,翠花胡同,9409,989,990,1,"LINESTRING (116.403494 39.922208, 116.403527 39.921721)",1,54.23,residential,6,,,,auto,
2871,翠花胡同,9410,990,992,1,"LINESTRING (116.403527 39.921721, 116.403693 39.921643)",1,16.60,residential,6,,,,auto,
2872,翠花胡同,9410,992,990,1,"LINESTRING (116.403693 39.921643, 116.403527 39.921721)",1,16.60,residential,6,,,,auto,
2873,东单北大街,9411,1497,1101,1,"LINESTRING (116.411708 39.909148, 116.411587 39.90893)",1,26.35,primary,3,,,,auto,
2876,兵部洼胡同,9563,1239,1240,1,"LINESTRING (116.381572 39.901859, 116.38157 39.901954)",1,10.56,tertiary,5,,,,auto,
2877,兵部洼胡同,9563,1240,1239,1,"LINESTRING (116.38157 39.901954, 116.381572 39.901859)",1,10.56,tertiary,5,,,,auto,
2878,兵部洼胡同,9564,1239,1241,1,"LINESTRING (116.381572 39.901859, 116.381584 39.901726)",1,14.82,tertiary,5,,,,auto,
2879,兵部洼胡同,9564,1241,1239,1,"LINESTRING (116.381584 39.901726, 116.381572 39.901859)",1,14.82,tertiary,5,,,,auto,
2880,兵部洼胡同,9565,1242,1241,1,"LINESTRING (116.381597 39.901599, 116.381584 39.901726)",1,14.17,tertiary,5,,,,auto,
2881,兵部洼胡同,9565,1241,1242,1,"LINESTRING (116.381584 39.901726, 116.381597 39.901599)",1,14.17,tertiary,5,,,,auto,
2882,兵部洼胡同,9566,1242,437,1,"LINESTRING (116.381597 39.901599, 116.381628 39.90138)",1,24.49,tertiary,5,,,,auto,
2883,兵部洼胡同,9566,437,1242,1,"LINESTRING (116.381628 39.90138, 116.381597 39.901599)",1,24.49,tertiary,5,,,,auto,
2884,人大会堂西路,9594,1160,1243,1,"LINESTRING (116.385483 39.904299, 116.38553 39.903301)",1,111.04,tertiary,5,,,,auto,
2885,人大会堂西路,9594,1243,1160,1,"LINESTRING (116.38553 39.903301, 116.385483 39.904299)",1,111.04,tertiary,5,,,,auto,
2886,人大会堂西路,9595,1160,1159,1,"LINESTRING (116.385483 39.904299, 116.38544 39.905208)",1,101.14,tertiary,5,,,,auto,
2887,人大会堂西路,9595,1159,1160,1,"LINESTRING (116.38544 39.905208, 116.385483 39.904299)",1,101.14,tertiary,5,,,,auto,
2888,人大会堂西路,9640,1158,11,1,"LINESTRING (116.385576 39.90249, 116.38559 39.902168)",1,35.82,tertiary,5,,,,auto,
2889,人大会堂西路,9640,11,1158,1,"LINESTRING (116.38559 39.902168, 116.385576 39.90249)",1,35.82,tertiary,5,,,,auto,
2890,人大会堂西路,9641,1158,1243,1,"LINESTRING (116.385576 39.90249, 116.38553 39.903301)",1,90.26,tertiary,5,,,,auto,
2891,人大会堂西路,9641,1243,1158,1,"LINESTRING (116.38553 39.903301, 116.385576 39.90249)",1,90.26,tertiary,5,,,,auto,
2892,,9759,660,646,1,"LINESTRING (116.404677 39.919443, 116.404446 39.919436)",1,19.72,residential,6,,,,auto,
2893,,9759,646,660,1,"LINESTRING (116.404446 39.919436, 116.404677 39.919443)",1,19.72,residential,6,,,,auto,
2894,王府井大街,9760,660,955,1,"LINESTRING (116.404677 39.919443, 116.4047 39.918916)",1,58.63,secondary,4,,,,auto,
2895,王府井大街,9760,955,660,1,"LINESTRING (116.4047 39.918916, 116.404677 39.919443)",1,58.63,secondary,4,,,,auto,
2896,王府井大街,9761,660,647,1,"LINESTRING (116.404677 39.919443, 116.404647 39.920163)",1,80.10,secondary,4,,,,auto,
2897,王府井大街,9761,647,660,1,"LINESTRING (116.404647 39.920163, 116.404677 39.919443)",1,80.10,secondary,4,,,,auto,
2898,王府井大街,9762,1244,993,1,"LINESTRING (116.404587 39.92255, 116.404604 39.921665)",1,98.42,secondary,4,,,,auto,
2899,王府井大街,9762,993,1244,1,"LINESTRING (116.404604 39.921665, 116.404587 39.92255)",1,98.42,secondary,4,,,,auto,
2900,王府井大街,9763,1244,1245,1,"LINESTRING (116.404587 39.92255, 116.404586 39.922622)",1,8.01,secondary,4,,,,auto,
2901,王府井大街,9763,1245,1244,1,"LINESTRING (116.404586 39.922622, 116.404587 39.92255)",1,8.01,secondary,4,,,,auto,
2902,翠花胡同,9764,993,992,1,"LINESTRING (116.404604 39.921665, 116.403693 39.921643)",1,77.73,residential,6,,,,auto,
2903,翠花胡同,9764,992,993,1,"LINESTRING (116.403693 39.921643, 116.404604 39.921665)",1,77.73,residential,6,,,,auto,
2904,王府井大街,9765,993,418,1,"LINESTRING (116.404604 39.921665, 116.404626 39.920877)",1,87.64,secondary,4,,,,auto,
2905,王府井大街,9765,418,993,1,"LINESTRING (116.404626 39.920877, 116.404604 39.921665)",1,87.64,secondary,4,,,,auto,
2906,王府井大街,9766,993,1244,1,"LINESTRING (116.404604 39.921665, 116.404587 39.92255)",1,98.42,secondary,4,,,,auto,
2907,王府井大街,9766,1244,993,1,"LINESTRING (116.404587 39.92255, 116.404604 39.921665)",1,98.42,secondary,4,,,,auto,
2908,东厂胡同,9767,418,417,1,"LINESTRING (116.404626 39.920877, 116.402726 39.920852)",1,162.05,residential,6,,,,auto,
2909,东厂胡同,9767,417,418,1,"LINESTRING (116.402726 39.920852, 116.404626 39.920877)",1,162.05,residential,6,,,,auto,
2910,王府井大街,9768,418,1246,1,"LINESTRING (116.404626 39.920877, 116.404637 39.920452)",1,47.27,secondary,4,,,,auto,
2911,王府井大街,9768,1246,418,1,"LINESTRING (116.404637 39.920452, 116.404626 39.920877)",1,47.27,secondary,4,,,,auto,
2912,王府井大街,9769,418,993,1,"LINESTRING (116.404626 39.920877, 116.404604 39.921665)",1,87.64,secondary,4,,,,auto,
2913,王府井大街,9769,993,418,1,"LINESTRING (116.404604 39.921665, 116.404626 39.920877)",1,87.64,secondary,4,,,,auto,
2914,,9770,647,633,1,"LINESTRING (116.404647 39.920163, 116.404424 39.92016)",1,19.02,residential,6,,,,auto,
2915,,9770,633,647,1,"LINESTRING (116.404424 39.92016, 116.404647 39.920163)",1,19.02,residential,6,,,,auto,
2916,王府井大街,9771,647,660,1,"LINESTRING (116.404647 39.920163, 116.404677 39.919443)",1,80.10,secondary,4,,,,auto,
2917,王府井大街,9771,660,647,1,"LINESTRING (116.404677 39.919443, 116.404647 39.920163)",1,80.10,secondary,4,,,,auto,
2918,王府井大街,9772,647,1247,1,"LINESTRING (116.404647 39.920163, 116.404643 39.920267)",1,11.57,secondary,4,,,,auto,
2919,王府井大街,9772,1247,647,1,"LINESTRING (116.404643 39.920267, 116.404647 39.920163)",1,11.57,secondary,4,,,,auto,
2920,大鹁鸽胡同,9773,955,425,1,"LINESTRING (116.4047 39.918916, 116.405671 39.91892)",1,82.81,residential,6,,,,auto,
2921,大鹁鸽胡同,9773,425,955,1,"LINESTRING (116.405671 39.91892, 116.4047 39.918916)",1,82.81,residential,6,,,,auto,
2922,王府井大街,9774,955,953,1,"LINESTRING (116.4047 39.918916, 116.404714 39.918627)",1,32.16,secondary,4,,,,auto,
2923,王府井大街,9774,953,955,1,"LINESTRING (116.404714 39.918627, 116.4047 39.918916)",1,32.16,secondary,4,,,,auto,
2924,王府井大街,9775,955,660,1,"LINESTRING (116.4047 39.918916, 116.404677 39.919443)",1,58.63,secondary,4,,,,auto,
2925,王府井大街,9775,660,955,1,"LINESTRING (116.404677 39.919443, 116.4047 39.918916)",1,58.63,secondary,4,,,,auto,
2926,金鱼胡同,9776,949,833,1,"LINESTRING (116.405298 39.914124, 116.404961 39.914071)",1,29.34,secondary,4,,,,auto,
2927,金鱼胡同,9776,833,949,1,"LINESTRING (116.404961 39.914071, 116.405298 39.914124)",1,29.34,secondary,4,,,,auto,
2928,金鱼胡同,9777,949,948,1,"LINESTRING (116.405298 39.914124, 116.406091 39.914128)",1,67.63,secondary,4,,,,auto,
2929,金鱼胡同,9777,948,949,1,"LINESTRING (116.406091 39.914128, 116.405298 39.914124)",1,67.63,secondary,4,,,,auto,
2930,新开路胡同,9900,716,183,1,"LINESTRING (116.41188 39.910094, 116.411684 39.910091)",1,16.72,residential,6,,,,auto,
2931,东单北大街,9916,184,182,1,"LINESTRING (116.411683 39.910122, 116.41167 39.910629)",1,56.39,primary,3,,,,auto,
2932,东单北大街,9916,182,184,1,"LINESTRING (116.41167 39.910629, 116.411683 39.910122)",1,56.39,primary,3,,,,auto,
2933,东单北大街,9917,184,183,1,"LINESTRING (116.411683 39.910122, 116.411684 39.910091)",1,3.45,primary,3,,,,auto,
2934,东单北大街,9917,183,184,1,"LINESTRING (116.411684 39.910091, 116.411683 39.910122)",1,3.45,primary,3,,,,auto,
2935,南河沿大街,10033,650,663,1,"LINESTRING (116.400558 39.90982, 116.400567 39.910184)",1,40.48,secondary,4,,,,auto,
2936,南河沿大街,10033,663,650,1,"LINESTRING (116.400567 39.910184, 116.400558 39.90982)",1,40.48,secondary,4,,,,auto,
2937,南河沿大街,10034,650,648,1,"LINESTRING (116.400558 39.90982, 116.400568 39.90963)",1,21.14,secondary,4,,,,auto,
2938,南河沿大街,10034,648,650,1,"LINESTRING (116.400568 39.90963, 116.400558 39.90982)",1,21.14,secondary,4,,,,auto,
2939,大甜水井胡同,10035,714,706,1,"LINESTRING (116.403864 39.910667, 116.404251 39.910687)",1,33.08,residential,6,,,,auto,
2940,大甜水井胡同,10035,706,714,1,"LINESTRING (116.404251 39.910687, 116.403864 39.910667)",1,33.08,residential,6,,,,auto,
2941,大甜水井胡同,10036,714,713,1,"LINESTRING (116.403864 39.910667, 116.403434 39.910635)",1,36.85,residential,6,,,,auto,
2942,大甜水井胡同,10036,713,714,1,"LINESTRING (116.403434 39.910635, 116.403864 39.910667)",1,36.85,residential,6,,,,auto,
2943,,10047,1074,1248,1,"LINESTRING (116.396429 39.921919, 116.396523 39.921891)",1,8.60,unclassified,20,,,,auto,
2944,,10047,1248,1074,1,"LINESTRING (116.396523 39.921891, 116.396429 39.921919)",1,8.60,unclassified,20,,,,auto,
2945,,10048,1074,1496,1,"LINESTRING (116.396429 39.921919, 116.396269 39.921959)",1,14.35,unclassified,20,,,,auto,
2946,,10048,1496,1074,1,"LINESTRING (116.396269 39.921959, 116.396429 39.921919)",1,14.35,unclassified,20,,,,auto,
2947,五四大街,10055,116,1496,1,"LINESTRING (116.396406 39.922117, 116.396252 39.922095)",1,13.36,primary,3,,,,auto,
2948,五四大街,10055,1496,116,1,"LINESTRING (116.396252 39.922095, 116.396406 39.922117)",1,13.36,primary,3,,,,auto,
2949,五四大街,10056,116,115,1,"LINESTRING (116.396406 39.922117, 116.396502 39.922146)",1,8.80,primary,3,,,,auto,
2950,五四大街,10056,115,116,1,"LINESTRING (116.396502 39.922146, 116.396406 39.922117)",1,8.80,primary,3,,,,auto,
2951,景山前街,10059,1072,1496,1,"LINESTRING (116.39606 39.922085, 116.396252 39.922095)",1,16.41,primary,3,,,,auto,
2952,北池子大街,10062,1073,1496,1,"LINESTRING (116.396276 39.921919, 116.396269 39.921959)",1,4.49,tertiary,5,,1,,auto,
2953,北池子大街,10062,1496,1073,1,"LINESTRING (116.396269 39.921959, 116.396276 39.921919)",1,4.49,tertiary,5,,1,,auto,
2954,北池子大街,10063,1073,1249,1,"LINESTRING (116.396276 39.921919, 116.396359 39.920814)",1,123.07,tertiary,5,,1,,auto,
2955,北池子大街,10063,1249,1073,1,"LINESTRING (116.396359 39.920814, 116.396276 39.921919)",1,123.07,tertiary,5,,1,,auto,
2956,五四大街,10066,114,112,1,"LINESTRING (116.396804 39.922292, 116.396698 39.922227)",1,11.57,primary,3,,,,auto,
2957,五四大街,10066,112,114,1,"LINESTRING (116.396698 39.922227, 116.396804 39.922292)",1,11.57,primary,3,,,,auto,
2958,五四大街,10067,114,1250,1,"LINESTRING (116.396804 39.922292, 116.396843 39.922321)",1,4.63,primary,3,,,,auto,
2959,五四大街,10067,1250,114,1,"LINESTRING (116.396843 39.922321, 116.396804 39.922292)",1,4.63,primary,3,,,,auto,
2960,五四大街,10068,113,115,1,"LINESTRING (116.396605 39.922184, 116.396502 39.922146)",1,9.75,primary,3,,,,auto,
2961,五四大街,10068,115,113,1,"LINESTRING (116.396502 39.922146, 116.396605 39.922184)",1,9.75,primary,3,,,,auto,
2962,五四大街,10069,113,112,1,"LINESTRING (116.396605 39.922184, 116.396698 39.922227)",1,9.26,primary,3,,,,auto,
2963,五四大街,10069,112,113,1,"LINESTRING (116.396698 39.922227, 116.396605 39.922184)",1,9.26,primary,3,,,,auto,
2964,东单北大街,10149,188,1058,1,"LINESTRING (116.411647 39.91152, 116.411642 39.911719)",1,22.13,primary,3,,,,auto,
2965,东单北大街,10149,1058,188,1,"LINESTRING (116.411642 39.911719, 116.411647 39.91152)",1,22.13,primary,3,,,,auto,
2966,东单北大街,10150,188,186,1,"LINESTRING (116.411647 39.91152, 116.411652 39.911343)",1,19.69,primary,3,,,,auto,
2967,东单北大街,10150,186,188,1,"LINESTRING (116.411652 39.911343, 116.411647 39.91152)",1,19.69,primary,3,,,,auto,
2968,,10191,725,995,1,"LINESTRING (116.4144 39.914142, 116.414401 39.914027)",1,12.79,residential,6,,,,auto,
2969,,10191,995,725,1,"LINESTRING (116.414401 39.914027, 116.4144 39.914142)",1,12.79,residential,6,,,,auto,
2970,,10192,725,722,1,"LINESTRING (116.4144 39.914142, 116.414404 39.914237)",1,10.57,residential,6,,,,auto,
2971,,10192,722,725,1,"LINESTRING (116.414404 39.914237, 116.4144 39.914142)",1,10.57,residential,6,,,,auto,
2972,,10193,724,621,1,"LINESTRING (116.414405 39.914486, 116.414393 39.91459)",1,11.61,residential,6,,,,auto,
2973,,10193,621,724,1,"LINESTRING (116.414393 39.91459, 116.414405 39.914486)",1,11.61,residential,6,,,,auto,
2974,,10194,724,722,1,"LINESTRING (116.414405 39.914486, 116.414404 39.914237)",1,27.69,residential,6,,,,auto,
2975,,10194,722,724,1,"LINESTRING (116.414404 39.914237, 116.414405 39.914486)",1,27.69,residential,6,,,,auto,
2976,,10195,621,619,1,"LINESTRING (116.414393 39.91459, 116.41437 39.914683)",1,10.53,residential,6,,,,auto,
2977,,10195,619,621,1,"LINESTRING (116.41437 39.914683, 116.414393 39.91459)",1,10.53,residential,6,,,,auto,
2978,,10196,621,724,1,"LINESTRING (116.414393 39.91459, 116.414405 39.914486)",1,11.61,residential,6,,,,auto,
2979,,10196,724,621,1,"LINESTRING (116.414405 39.914486, 116.414393 39.91459)",1,11.61,residential,6,,,,auto,
2980,西总部胡同,10394,180,1251,1,"LINESTRING (116.41184 39.910654, 116.4136 39.910678)",1,150.14,residential,6,,,,auto,
2981,东单北大街,10397,181,186,1,"LINESTRING (116.411668 39.91073, 116.411652 39.911343)",1,68.18,primary,3,,,,auto,
2982,东单北大街,10397,186,181,1,"LINESTRING (116.411652 39.911343, 116.411668 39.91073)",1,68.18,primary,3,,,,auto,
2983,东单北大街,10398,181,179,1,"LINESTRING (116.411668 39.91073, 116.41167 39.910652)",1,8.67,primary,3,,,,auto,
2984,东单北大街,10398,179,181,1,"LINESTRING (116.41167 39.910652, 116.411668 39.91073)",1,8.67,primary,3,,,,auto,
2985,东单北大街,10400,832,1029,1,"LINESTRING (116.411704 39.909308, 116.411697 39.909566)",1,28.69,primary,3,,,,auto,
2986,东单北大街,10400,1029,832,1,"LINESTRING (116.411697 39.909566, 116.411704 39.909308)",1,28.69,primary,3,,,,auto,
2987,东单北大街,10401,832,1497,1,"LINESTRING (116.411704 39.909308, 116.411706 39.909214)",1,10.45,primary,3,,,,auto,
2988,东单北大街,10401,1497,832,1,"LINESTRING (116.411706 39.909214, 116.411704 39.909308)",1,10.45,primary,3,,,,auto,
2989,东单三条,10404,1103,712,1,"LINESTRING (116.411424 39.90921, 116.41109 39.909208)",1,28.49,tertiary,5,,,,auto,
2990,东单三条,10407,1049,230,1,"LINESTRING (116.411422 39.909149, 116.411633 39.909149)",1,18.00,tertiary,5,,,,auto,
2991,,10410,1252,1253,1,"LINESTRING (116.414372 39.908121, 116.414455 39.908121)",1,7.08,residential,6,,,,auto,
2992,,10410,1253,1252,1,"LINESTRING (116.414455 39.908121, 116.414372 39.908121)",1,7.08,residential,6,,,,auto,
2993,栖凤楼胡同,10411,1105,1150,1,"LINESTRING (116.41455 39.908122, 116.414564 39.907903)",1,24.38,residential,6,,,,auto,
2994,栖凤楼胡同,10411,1150,1105,1,"LINESTRING (116.414564 39.907903, 116.41455 39.908122)",1,24.38,residential,6,,,,auto,
2995,栖凤楼胡同,10412,1105,1104,1,"LINESTRING (116.41455 39.908122, 116.414541 39.908363)",1,26.81,residential,6,,,,auto,
2996,栖凤楼胡同,10412,1104,1105,1,"LINESTRING (116.414541 39.908363, 116.41455 39.908122)",1,26.81,residential,6,,,,auto,
2997,,10413,1105,1253,1,"LINESTRING (116.41455 39.908122, 116.414455 39.908121)",1,8.10,residential,6,,,,auto,
2998,,10413,1253,1105,1,"LINESTRING (116.414455 39.908121, 116.41455 39.908122)",1,8.10,residential,6,,,,auto,
2999,,10416,1253,1105,1,"LINESTRING (116.414455 39.908121, 116.41455 39.908122)",1,8.10,residential,6,,,,auto,
3000,,10416,1105,1253,1,"LINESTRING (116.41455 39.908122, 116.414455 39.908121)",1,8.10,residential,6,,,,auto,
3001,,10417,1253,1252,1,"LINESTRING (116.414455 39.908121, 116.414372 39.908121)",1,7.08,residential,6,,,,auto,
3002,,10417,1252,1253,1,"LINESTRING (116.414372 39.908121, 116.414455 39.908121)",1,7.08,residential,6,,,,auto,
3003,栖凤楼胡同,10418,1150,1107,1,"LINESTRING (116.414564 39.907903, 116.414608 39.907177)",1,80.81,residential,6,,,,auto,
3004,栖凤楼胡同,10418,1107,1150,1,"LINESTRING (116.414608 39.907177, 116.414564 39.907903)",1,80.81,residential,6,,,,auto,
3005,栖凤楼胡同,10419,1150,1105,1,"LINESTRING (116.414564 39.907903, 116.41455 39.908122)",1,24.38,residential,6,,,,auto,
3006,栖凤楼胡同,10419,1105,1150,1,"LINESTRING (116.41455 39.908122, 116.414564 39.907903)",1,24.38,residential,6,,,,auto,
3007,,10420,1150,1254,1,"LINESTRING (116.414564 39.907903, 116.414688 39.9079)",1,10.58,residential,6,,,,auto,
3008,,10420,1254,1150,1,"LINESTRING (116.414688 39.9079, 116.414564 39.907903)",1,10.58,residential,6,,,,auto,
3009,,10421,1255,1254,1,"LINESTRING (116.414723 39.9079, 116.414688 39.9079)",1,2.99,residential,6,,,,auto,
3010,,10421,1254,1255,1,"LINESTRING (116.414688 39.9079, 116.414723 39.9079)",1,2.99,residential,6,,,,auto,
3011,,10424,1254,1255,1,"LINESTRING (116.414688 39.9079, 116.414723 39.9079)",1,2.99,residential,6,,,,auto,
3012,,10424,1255,1254,1,"LINESTRING (116.414723 39.9079, 116.414688 39.9079)",1,2.99,residential,6,,,,auto,
3013,,10425,1254,1150,1,"LINESTRING (116.414688 39.9079, 116.414564 39.907903)",1,10.58,residential,6,,,,auto,
3014,,10425,1150,1254,1,"LINESTRING (116.414564 39.907903, 116.414688 39.9079)",1,10.58,residential,6,,,,auto,
3015,,10426,617,614,1,"LINESTRING (116.402616 39.909284, 116.402621 39.909194)",1,10.02,residential,6,,,,auto,
3016,,10426,614,617,1,"LINESTRING (116.402621 39.909194, 116.402616 39.909284)",1,10.02,residential,6,,,,auto,
3017,,10427,617,1067,1,"LINESTRING (116.402616 39.909284, 116.402589 39.909797)",1,57.09,residential,6,,,,auto,
3018,,10427,1067,617,1,"LINESTRING (116.402589 39.909797, 116.402616 39.909284)",1,57.09,residential,6,,,,auto,
3019,南口袋胡同,10430,618,685,1,"LINESTRING (116.402431 39.90919, 116.401195 39.909163)",1,105.47,residential,6,,,,auto,
3020,南口袋胡同,10430,685,618,1,"LINESTRING (116.401195 39.909163, 116.402431 39.90919)",1,105.47,residential,6,,,,auto,
3021,南口袋胡同,10431,618,614,1,"LINESTRING (116.402431 39.90919, 116.402621 39.909194)",1,16.21,residential,6,,,,auto,
3022,南口袋胡同,10431,614,618,1,"LINESTRING (116.402621 39.909194, 116.402431 39.90919)",1,16.21,residential,6,,,,auto,
3023,大纱帽胡同,10434,615,614,1,"LINESTRING (116.402752 39.909188, 116.402621 39.909194)",1,11.19,residential,6,,,,auto,
3024,大纱帽胡同,10434,614,615,1,"LINESTRING (116.402621 39.909194, 116.402752 39.909188)",1,11.19,residential,6,,,,auto,
3025,大纱帽胡同,10435,615,654,1,"LINESTRING (116.402752 39.909188, 116.403902 39.909135)",1,98.26,residential,6,,,,auto,
3026,大纱帽胡同,10435,654,615,1,"LINESTRING (116.403902 39.909135, 116.402752 39.909188)",1,98.26,residential,6,,,,auto,
3027,,10438,680,1068,1,"LINESTRING (116.402551 39.910499, 116.40257 39.910167)",1,36.95,residential,6,,,,auto,
3028,,10438,1068,680,1,"LINESTRING (116.40257 39.910167, 116.402551 39.910499)",1,36.95,residential,6,,,,auto,
3029,,10439,680,679,1,"LINESTRING (116.402551 39.910499, 116.402532 39.910621)",1,13.66,residential,6,,,,auto,
3030,,10439,679,680,1,"LINESTRING (116.402532 39.910621, 116.402551 39.910499)",1,13.66,residential,6,,,,auto,
3031,大甜水井胡同,10440,682,679,1,"LINESTRING (116.402314 39.910627, 116.402532 39.910621)",1,18.61,residential,6,,,,auto,
3032,大甜水井胡同,10440,679,682,1,"LINESTRING (116.402532 39.910621, 116.402314 39.910627)",1,18.61,residential,6,,,,auto,
3033,大甜水井胡同,10441,682,219,1,"LINESTRING (116.402314 39.910627, 116.401128 39.910669)",1,101.26,residential,6,,,,auto,
3034,大甜水井胡同,10441,219,682,1,"LINESTRING (116.401128 39.910669, 116.402314 39.910627)",1,101.26,residential,6,,,,auto,
3035,大甜水井胡同,10444,681,713,1,"LINESTRING (116.402713 39.910634, 116.403434 39.910635)",1,61.50,residential,6,,,,auto,
3036,大甜水井胡同,10444,713,681,1,"LINESTRING (116.403434 39.910635, 116.402713 39.910634)",1,61.50,residential,6,,,,auto,
3037,大甜水井胡同,10445,681,679,1,"LINESTRING (116.402713 39.910634, 116.402532 39.910621)",1,15.51,residential,6,,,,auto,
3038,大甜水井胡同,10445,679,681,1,"LINESTRING (116.402532 39.910621, 116.402713 39.910634)",1,15.51,residential,6,,,,auto,
3039,大甜水井胡同,10446,219,682,1,"LINESTRING (116.401128 39.910669, 116.402314 39.910627)",1,101.26,residential,6,,,,auto,
3040,大甜水井胡同,10446,682,219,1,"LINESTRING (116.402314 39.910627, 116.401128 39.910669)",1,101.26,residential,6,,,,auto,
3041,大甜水井胡同,10447,219,216,1,"LINESTRING (116.401128 39.910669, 116.401054 39.910673)",1,6.33,residential,6,,,,auto,
3042,大甜水井胡同,10447,216,219,1,"LINESTRING (116.401054 39.910673, 116.401128 39.910669)",1,6.33,residential,6,,,,auto,
3043,南河沿大街,10448,59,56,1,"LINESTRING (116.400577 39.910729, 116.400542 39.911615)",1,98.56,secondary,4,,,,auto,
3044,南河沿大街,10448,56,59,1,"LINESTRING (116.400542 39.911615, 116.400577 39.910729)",1,98.56,secondary,4,,,,auto,
3045,南河沿大街,10449,59,220,1,"LINESTRING (116.400577 39.910729, 116.400572 39.910653)",1,8.46,secondary,4,,,,auto,
3046,南河沿大街,10449,220,59,1,"LINESTRING (116.400572 39.910653, 116.400577 39.910729)",1,8.46,secondary,4,,,,auto,
3047,东皇城门南街,10450,221,1256,1,"LINESTRING (116.400708 39.910656, 116.400956 39.910666)",1,21.18,unclassified,20,,,,auto,
3048,东皇城门南街,10451,1256,216,1,"LINESTRING (116.400956 39.910666, 116.401054 39.910673)",1,8.39,unclassified,20,,,,auto,
3049,晨光街,10452,218,57,1,"LINESTRING (116.401051 39.910772, 116.40104 39.91163)",1,95.41,unclassified,20,,,,auto,
3050,晨光街,10453,217,216,1,"LINESTRING (116.401057 39.91058, 116.401054 39.910673)",1,10.34,residential,6,,,,auto,
3051,晨光街,10453,216,217,1,"LINESTRING (116.401054 39.910673, 116.401057 39.91058)",1,10.34,residential,6,,,,auto,
3052,晨光街,10454,217,664,1,"LINESTRING (116.401057 39.91058, 116.401076 39.910184)",1,44.06,residential,6,,,,auto,
3053,晨光街,10454,664,217,1,"LINESTRING (116.401076 39.910184, 116.401057 39.91058)",1,44.06,residential,6,,,,auto,
3054,南口袋胡同,10455,685,683,1,"LINESTRING (116.401195 39.909163, 116.401096 39.909165)",1,8.45,residential,6,,,,auto,
3055,南口袋胡同,10455,683,685,1,"LINESTRING (116.401096 39.909165, 116.401195 39.909163)",1,8.45,residential,6,,,,auto,
3056,南口袋胡同,10456,685,618,1,"LINESTRING (116.401195 39.909163, 116.402431 39.90919)",1,105.47,residential,6,,,,auto,
3057,南口袋胡同,10456,618,685,1,"LINESTRING (116.402431 39.90919, 116.401195 39.909163)",1,105.47,residential,6,,,,auto,
3058,灯市口西街,10487,1257,1258,1,"LINESTRING (116.40458 39.917129, 116.404793 39.91714)",1,18.21,tertiary,5,,,,auto,
3059,灯市口西街,10487,1258,1257,1,"LINESTRING (116.404793 39.91714, 116.40458 39.917129)",1,18.21,tertiary,5,,,,auto,
3060,灯市口西街,10488,1257,692,1,"LINESTRING (116.40458 39.917129, 116.404494 39.917124)",1,7.36,tertiary,5,,,,auto,
3061,灯市口西街,10488,692,1257,1,"LINESTRING (116.404494 39.917124, 116.40458 39.917129)",1,7.36,tertiary,5,,,,auto,
3062,王府井大街,10493,1259,1258,1,"LINESTRING (116.40478 39.917319, 116.404793 39.91714)",1,19.93,secondary,4,,,,auto,
3063,王府井大街,10493,1258,1259,1,"LINESTRING (116.404793 39.91714, 116.40478 39.917319)",1,19.93,secondary,4,,,,auto,
3064,王府井大街,10494,1259,1260,1,"LINESTRING (116.40478 39.917319, 116.404777 39.917374)",1,6.12,secondary,4,,,,auto,
3065,王府井大街,10494,1260,1259,1,"LINESTRING (116.404777 39.917374, 116.40478 39.917319)",1,6.12,secondary,4,,,,auto,
3066,灯市口大街,10495,62,60,1,"LINESTRING (116.404996 39.917148, 116.405085 39.917152)",1,7.60,tertiary,5,,,,auto,
3067,灯市口大街,10495,60,62,1,"LINESTRING (116.405085 39.917152, 116.404996 39.917148)",1,7.60,tertiary,5,,,,auto,
3068,灯市口大街,10496,62,1258,1,"LINESTRING (116.404996 39.917148, 116.404793 39.91714)",1,17.34,tertiary,5,,,,auto,
3069,灯市口大街,10496,1258,62,1,"LINESTRING (116.404793 39.91714, 116.404996 39.917148)",1,17.34,tertiary,5,,,,auto,
3070,正义路,10716,1124,1261,1,"LINESTRING (116.400491 39.899578, 116.400494 39.89944)",1,15.35,tertiary,5,,,,auto,
3071,西长安街,10721,1063,1149,1,"LINESTRING (116.38555 39.905897, 116.386644 39.905923)",1,93.36,trunk,2,,,,auto,
3072,人大会堂西路,10722,1063,1061,1,"LINESTRING (116.38555 39.905897, 116.38543 39.905693)",1,24.89,tertiary,5,,,,auto,
3073,人大会堂西路,10722,1061,1063,1,"LINESTRING (116.38543 39.905693, 116.38555 39.905897)",1,24.89,tertiary,5,,,,auto,
3074,南长街,10723,1063,362,1,"LINESTRING (116.38555 39.905897, 116.385634 39.906142)",1,28.17,tertiary,5,,,,auto,
3075,南长街,10723,362,1063,1,"LINESTRING (116.385634 39.906142, 116.38555 39.905897)",1,28.17,tertiary,5,,,,auto,
3076,西长安街,10725,1084,1063,1,"LINESTRING (116.385121 39.905886, 116.38555 39.905897)",1,36.61,trunk,2,,,,auto,
3077,东长安街,10726,998,1262,1,"LINESTRING (116.411653 39.906945, 116.411515 39.906941)",1,11.78,trunk,2,,,,auto,
3078,,10727,998,51,1,"LINESTRING (116.411653 39.906945, 116.411662 39.906774)",1,19.03,primary,3,,,,auto,
3079,,10728,51,353,1,"LINESTRING (116.411662 39.906774, 116.411903 39.906779)",1,20.56,trunk,2,,,,auto,
3080,崇文门内大街,10729,51,1263,1,"LINESTRING (116.411662 39.906774, 116.411673 39.906609)",1,18.37,primary,3,,,,auto,
3081,,10730,353,369,1,"LINESTRING (116.411903 39.906779, 116.4119 39.90695)",1,19.02,primary,3,,,,auto,
3082,建国门内大街,10731,353,1264,1,"LINESTRING (116.411903 39.906779, 116.412026 39.906782)",1,10.50,trunk,2,,,,auto,
3083,东单北大街,10732,369,1265,1,"LINESTRING (116.4119 39.90695, 116.411898 39.907078)",1,14.23,primary,3,,,,auto,
3084,,10733,369,998,1,"LINESTRING (116.4119 39.90695, 116.411653 39.906945)",1,21.08,trunk,2,,,,auto,
3085,王府井大街,10849,1266,1245,1,"LINESTRING (116.404586 39.922659, 116.404586 39.922622)",1,4.11,secondary,4,,,,auto,
3086,王府井大街,10849,1245,1266,1,"LINESTRING (116.404586 39.922622, 116.404586 39.922659)",1,4.11,secondary,4,,,,auto,
3087,五四大街,10852,1267,1250,1,"LINESTRING (116.397253 39.922651, 116.396843 39.922321)",1,50.68,primary,3,,,,auto,
3088,五四大街,10852,1250,1267,1,"LINESTRING (116.396843 39.922321, 116.397253 39.922651)",1,50.68,primary,3,,,,auto,
3089,东四南大街,10860,1031,1268,1,"LINESTRING (116.41131 39.92188, 116.41128 39.922632)",1,83.66,primary,3,,,,auto,
3090,东四南大街,10860,1268,1031,1,"LINESTRING (116.41128 39.922632, 116.41131 39.92188)",1,83.66,primary,3,,,,auto,
3091,东四南大街,10861,1031,1030,1,"LINESTRING (116.41131 39.92188, 116.411316 39.921671)",1,23.25,primary,3,,,,auto,
3092,东四南大街,10861,1030,1031,1,"LINESTRING (116.411316 39.921671, 116.41131 39.92188)",1,23.25,primary,3,,,,auto,
3093,东四南大街,10864,1269,1270,1,"LINESTRING (116.41128 39.922664, 116.41128 39.922645)",1,2.11,primary,3,,,,auto,
3094,东四南大街,10864,1270,1269,1,"LINESTRING (116.41128 39.922645, 116.41128 39.922664)",1,2.11,primary,3,,,,auto,
3095,东四南大街,10867,85,1032,1,"LINESTRING (116.411329 39.92118, 116.411322 39.921436)",1,28.47,primary,3,,,,auto,
3096,东四南大街,10867,1032,85,1,"LINESTRING (116.411322 39.921436, 116.411329 39.92118)",1,28.47,primary,3,,,,auto,
3097,东四南大街,10868,85,84,1,"LINESTRING (116.411329 39.92118, 116.41133 39.92114)",1,4.45,primary,3,,,,auto,
3098,东四南大街,10868,84,85,1,"LINESTRING (116.41133 39.92114, 116.411329 39.92118)",1,4.45,primary,3,,,,auto,
3099,东四南大街,10871,86,84,1,"LINESTRING (116.411347 39.920542, 116.41133 39.92114)",1,66.51,primary,3,,,,auto,
3100,东四南大街,10871,84,86,1,"LINESTRING (116.41133 39.92114, 116.411347 39.920542)",1,66.51,primary,3,,,,auto,
3101,东四南大街,10872,86,88,1,"LINESTRING (116.411347 39.920542, 116.411348 39.920502)",1,4.45,primary,3,,,,auto,
3102,东四南大街,10872,88,86,1,"LINESTRING (116.411348 39.920502, 116.411347 39.920542)",1,4.45,primary,3,,,,auto,
3103,东长安街,10882,1271,1272,1,"LINESTRING (116.396658 39.906245, 116.396682 39.906247)",1,2.06,trunk,2,,,,auto,
3104,东长安街,10883,1273,1274,1,"LINESTRING (116.405001 39.906564, 116.405218 39.906571)",1,18.53,trunk,2,,,,auto,
3105,崇文门内大街,10884,1096,774,1,"LINESTRING (116.411791 39.905265, 116.41183 39.904812)",1,50.48,primary,3,,,,auto,
3106,崇文门内大街,10885,767,1095,1,"LINESTRING (116.412 39.90523, 116.41196 39.905824)",1,66.14,primary,3,,,,auto,
3107,,10886,315,2,1,"LINESTRING (116.38943 39.90626, 116.389446 39.906016)",1,27.17,secondary,4,,,,auto,
3108,西长安街,10887,315,1275,1,"LINESTRING (116.38943 39.90626, 116.388923 39.906245)",1,43.28,trunk,2,70,5,,auto,
3109,西长安街,10888,2,1276,1,"LINESTRING (116.389446 39.906016, 116.389865 39.906028)",1,35.76,trunk,2,,,,auto,
3110,广场西侧路,10889,2,1229,1,"LINESTRING (116.389446 39.906016, 116.389456 39.90582)",1,21.81,secondary,4,,,,auto,
3111,,10890,1164,1163,1,"LINESTRING (116.396866 39.906276, 116.397014 39.906425)",1,20.83,tertiary,5,,,,auto,
3112,,10890,1163,1164,1,"LINESTRING (116.397014 39.906425, 116.396866 39.906276)",1,20.83,tertiary,5,,,,auto,
3113,东长安街,10891,1164,1219,1,"LINESTRING (116.396866 39.906276, 116.397139 39.906315)",1,23.69,trunk,2,,,,auto,
3114,东长安街,10893,4,1277,1,"LINESTRING (116.39308 39.906126, 116.393709 39.906147)",1,53.70,trunk,2,,,,auto,
3115,,10894,4,364,1,"LINESTRING (116.39308 39.906126, 116.39307 39.906373)",1,27.48,secondary,4,,,,auto,
3116,东长安街,10895,364,1278,1,"LINESTRING (116.39307 39.906373, 116.392602 39.906358)",1,39.95,trunk,2,70,5,,auto,
3117,,10896,770,769,1,"LINESTRING (116.412047 39.904903, 116.412188 39.904944)",1,12.86,residential,6,,,,auto,
3118,,10896,769,770,1,"LINESTRING (116.412188 39.904944, 116.412047 39.904903)",1,12.86,residential,6,,,,auto,
3119,崇文门内大街,10897,770,766,1,"LINESTRING (116.412047 39.904903, 116.41202 39.905047)",1,16.18,primary,3,,,,auto,
3120,,10898,774,525,1,"LINESTRING (116.41183 39.904812, 116.409878 39.904766)",1,166.58,residential,6,,,,auto,
3121,,10898,525,774,1,"LINESTRING (116.409878 39.904766, 116.41183 39.904812)",1,166.58,residential,6,,,,auto,
3122,崇文门内大街,10899,774,54,1,"LINESTRING (116.41183 39.904812, 116.411853 39.904636)",1,19.67,primary,3,,,,auto,
3123,文津街,10905,1279,968,1,"LINESTRING (116.380451 39.921108, 116.380345 39.92113)",1,9.36,primary,3,,2,,auto,
3124,文津街,10906,1280,137,1,"LINESTRING (116.380212 39.921071, 116.380336 39.921052)",1,10.78,primary,3,,2,,auto,
3125,文津街,10907,1281,1282,1,"LINESTRING (116.380111 39.921158, 116.379965 39.921163)",1,12.46,primary,3,,2,,auto,
3126,文津街,10908,969,1281,1,"LINESTRING (116.380236 39.921147, 116.380111 39.921158)",1,10.73,primary,3,,2,,auto,
3127,文津街,10909,1283,1279,1,"LINESTRING (116.380578 39.921091, 116.380451 39.921108)",1,10.99,primary,3,,2,,auto,
3128,文津街,10910,136,133,1,"LINESTRING (116.381941 39.921045, 116.382125 39.921039)",1,15.71,primary,3,,2,,auto,
3129,文津街,10911,1138,916,1,"LINESTRING (116.381932 39.921119, 116.380808 39.921084)",1,95.93,primary,3,,2,,auto,
3130,文津街,10912,138,913,1,"LINESTRING (116.3805 39.921029, 116.38066 39.921018)",1,13.70,primary,3,,2,,auto,
3131,文津街,10913,140,1280,1,"LINESTRING (116.380063 39.921091, 116.380212 39.921071)",1,12.90,primary,3,,2,,auto,
3132,文津街,10914,917,1283,1,"LINESTRING (116.380696 39.921086, 116.380578 39.921091)",1,10.08,primary,3,,2,,auto,
3133,文津街,10915,919,1137,1,"LINESTRING (116.382264 39.921096, 116.38212 39.921113)",1,12.42,primary,3,,2,,auto,
3134,文津街,10916,915,918,1,"LINESTRING (116.382468 39.921039, 116.382353 39.921075)",1,10.59,primary,3,,2,,auto,
3135,文津街,10917,134,951,1,"LINESTRING (116.38221 39.921027, 116.382305 39.921)",1,8.64,primary,3,,2,,auto,
3136,文津街,10918,952,131,1,"LINESTRING (116.382404 39.920972, 116.38254 39.920934)",1,12.34,primary,3,,2,,auto,
3137,文津街,10919,132,129,1,"LINESTRING (116.3827 39.920888, 116.38282 39.920867)",1,10.50,primary,3,,2,,auto,
3138,文津街,10920,130,909,1,"LINESTRING (116.382952 39.920851, 116.383133 39.920834)",1,15.55,primary,3,,2,,auto,
3139,,10930,1284,696,1,"LINESTRING (116.40736 39.912756, 116.406611 39.912754)",1,63.88,unclassified,20,,,,auto,
3140,校尉胡同,10947,1285,945,1,"LINESTRING (116.407666 39.913326, 116.407667 39.913259)",1,7.45,tertiary,5,,2,,auto,
3141,,10954,772,749,1,"LINESTRING (116.413138 39.90406, 116.414096 39.904142)",1,82.22,residential,6,,,,auto,
3142,,10954,749,772,1,"LINESTRING (116.414096 39.904142, 116.413138 39.90406)",1,82.22,residential,6,,,,auto,
3143,,10955,772,1139,1,"LINESTRING (116.413138 39.90406, 116.413091 39.904992)",1,103.71,residential,6,,,,auto,
3144,,10955,1139,772,1,"LINESTRING (116.413091 39.904992, 116.413138 39.90406)",1,103.71,residential,6,,,,auto,
3145,,10956,772,1286,1,"LINESTRING (116.413138 39.90406, 116.413165 39.903562)",1,55.42,residential,6,,,,auto,
3146,,10956,1286,772,1,"LINESTRING (116.413165 39.903562, 116.413138 39.90406)",1,55.42,residential,6,,,,auto,
3147,崇文门内大街,10957,1214,770,1,"LINESTRING (116.412098 39.90346, 116.412047 39.904903)",1,160.51,primary,3,,,,auto,
3148,,10958,1214,1286,1,"LINESTRING (116.412098 39.90346, 116.413165 39.903562)",1,91.72,residential,6,,,,auto,
3149,,10958,1286,1214,1,"LINESTRING (116.413165 39.903562, 116.412098 39.90346)",1,91.72,residential,6,,,,auto,
3150,,10959,1286,772,1,"LINESTRING (116.413165 39.903562, 116.413138 39.90406)",1,55.42,residential,6,,,,auto,
3151,,10959,772,1286,1,"LINESTRING (116.413138 39.90406, 116.413165 39.903562)",1,55.42,residential,6,,,,auto,
3152,,10960,1286,1214,1,"LINESTRING (116.413165 39.903562, 116.412098 39.90346)",1,91.72,residential,6,,,,auto,
3153,,10960,1214,1286,1,"LINESTRING (116.412098 39.90346, 116.413165 39.903562)",1,91.72,residential,6,,,,auto,
3154,,10961,1139,771,1,"LINESTRING (116.413091 39.904992, 116.412761 39.904972)",1,28.24,residential,6,,,,auto,
3155,,10961,771,1139,1,"LINESTRING (116.412761 39.904972, 116.413091 39.904992)",1,28.24,residential,6,,,,auto,
3156,,10962,1139,1142,1,"LINESTRING (116.413091 39.904992, 116.41349 39.905031)",1,34.31,residential,6,,,,auto,
3157,,10962,1142,1139,1,"LINESTRING (116.41349 39.905031, 116.413091 39.904992)",1,34.31,residential,6,,,,auto,
3158,,10963,1139,772,1,"LINESTRING (116.413091 39.904992, 116.413138 39.90406)",1,103.71,residential,6,,,,auto,
3159,,10963,772,1139,1,"LINESTRING (116.413138 39.90406, 116.413091 39.904992)",1,103.71,residential,6,,,,auto,
3160,南长街,11004,1065,362,1,"LINESTRING (116.385676 39.906385, 116.385634 39.906142)",1,27.26,tertiary,5,,,,auto,
3161,南长街,11004,362,1065,1,"LINESTRING (116.385634 39.906142, 116.385676 39.906385)",1,27.26,tertiary,5,,,,auto,
3162,南长街,11005,1065,1194,1,"LINESTRING (116.385676 39.906385, 116.385675 39.906473)",1,9.79,tertiary,5,,,,auto,
3163,南长街,11005,1194,1065,1,"LINESTRING (116.385675 39.906473, 116.385676 39.906385)",1,9.79,tertiary,5,,,,auto,
3164,人大会堂西路,11008,1062,1161,1,"LINESTRING (116.38542 39.905567, 116.385423 39.905528)",1,4.34,tertiary,5,,,,auto,
3165,人大会堂西路,11008,1161,1062,1,"LINESTRING (116.385423 39.905528, 116.38542 39.905567)",1,4.34,tertiary,5,,,,auto,
3166,人大会堂西路,11009,1062,1061,1,"LINESTRING (116.38542 39.905567, 116.38543 39.905693)",1,14.04,tertiary,5,,,,auto,
3167,人大会堂西路,11009,1061,1062,1,"LINESTRING (116.38543 39.905693, 116.38542 39.905567)",1,14.04,tertiary,5,,,,auto,
3168,西长安街,11012,1275,1287,1,"LINESTRING (116.388923 39.906245, 116.387474 39.906202)",1,123.69,trunk,2,70,5,,auto,
3169,西长安街,11013,1276,3,1,"LINESTRING (116.389865 39.906028, 116.392631 39.906113)",1,236.12,trunk,2,,,,auto,
3170,东长安街,11014,1278,314,1,"LINESTRING (116.392602 39.906358, 116.38984 39.906273)",1,235.78,trunk,2,70,5,,auto,
3171,东长安街,11015,1277,1288,1,"LINESTRING (116.393709 39.906147, 116.395041 39.906185)",1,113.69,trunk,2,,,,auto,
3172,东长安街,11016,1230,1289,1,"LINESTRING (116.396605 39.906504, 116.396126 39.906492)",1,40.88,trunk,2,,5,,auto,
3173,东长安街,11017,1272,1164,1,"LINESTRING (116.396682 39.906247, 116.396866 39.906276)",1,16.02,trunk,2,,,,auto,
3174,东长安街,11018,1220,1162,1,"LINESTRING (116.397406 39.906342, 116.39747 39.906349)",1,5.51,trunk,2,,,,auto,
3175,正义路,11019,1290,1207,1,"LINESTRING (116.400255 39.906437, 116.400266 39.906271)",1,18.48,tertiary,5,,,,auto,
3176,东长安街,11020,1290,1206,1,"LINESTRING (116.400255 39.906437, 116.400556 39.90645)",1,25.72,primary,3,,,,auto,
3177,,11021,1206,1205,1,"LINESTRING (116.400556 39.90645, 116.400407 39.906607)",1,21.59,tertiary,5,,,,auto,
3178,东长安街,11022,1206,1085,1,"LINESTRING (116.400556 39.90645, 116.404543 39.906553)",1,340.27,trunk,2,,,,auto,
3179,东长安街,11023,739,1205,1,"LINESTRING (116.400714 39.90662, 116.400407 39.906607)",1,26.23,trunk,2,,,,auto,
3180,南河沿大街,11024,1205,49,1,"LINESTRING (116.400407 39.906607, 116.400414 39.906809)",1,22.47,secondary,4,,,,auto,
3181,南河沿大街,11024,49,1205,1,"LINESTRING (116.400414 39.906809, 116.400407 39.906607)",1,22.47,secondary,4,,,,auto,
3182,,11025,1205,1290,1,"LINESTRING (116.400407 39.906607, 116.400255 39.906437)",1,22.92,tertiary,5,,,,auto,
3183,东长安街,11026,1205,1208,1,"LINESTRING (116.400407 39.906607, 116.400019 39.9066)",1,33.10,trunk,2,,5,,auto,
3184,东长安街,11027,357,1290,1,"LINESTRING (116.400026 39.906434, 116.400255 39.906437)",1,19.54,trunk,2,,,,auto,
3185,东长安街,11030,1291,1292,1,"LINESTRING (116.405237 39.906757, 116.404935 39.906746)",1,25.79,trunk,2,,,,auto,
3186,王府井大街,11031,1291,1274,1,"LINESTRING (116.405237 39.906757, 116.405218 39.906571)",1,20.75,tertiary,5,,,,auto,
3187,东长安街,11032,53,1291,1,"LINESTRING (116.40531 39.906759, 116.405237 39.906757)",1,6.23,trunk,2,,,,auto,
3188,王府井大街,11033,53,996,1,"LINESTRING (116.40531 39.906759, 116.405309 39.906792)",1,3.67,tertiary,5,,,,auto,
3189,东长安街,11034,1262,1041,1,"LINESTRING (116.411515 39.906941, 116.409965 39.906889)",1,132.34,trunk,2,,,,auto,
3190,崇文门内大街,11035,1263,1092,1,"LINESTRING (116.411673 39.906609, 116.411696 39.906222)",1,43.08,primary,3,,,,auto,
3191,建国门内大街,11036,1264,1293,1,"LINESTRING (116.412026 39.906782, 116.414024 39.906815)",1,170.46,trunk,2,,,,auto,
3192,东单北大街,11037,1265,1080,1,"LINESTRING (116.411898 39.907078, 116.411883 39.907266)",1,20.94,primary,3,,,,auto,
3193,前门大街,11044,957,1294,1,"LINESTRING (116.391733 39.897418, 116.391868 39.897428)",1,11.57,secondary,4,,,,auto,
3194,前门大街,11050,1294,1001,1,"LINESTRING (116.391868 39.897428, 116.391997 39.897454)",1,11.38,secondary,4,,,,auto,
3195,前门大街,11051,98,956,1,"LINESTRING (116.391388 39.89745, 116.391517 39.897424)",1,11.38,secondary,4,,,,auto,
3196,广场东侧路,11056,8,1295,1,"LINESTRING (116.393459 39.89888, 116.393441 39.899157)",1,30.84,secondary,4,70,4,,auto,
3197,前门东大街,11057,8,5,1,"LINESTRING (116.393459 39.89888, 116.390231 39.898764)",1,275.67,primary,3,,,,auto,
3198,,11058,8,351,1,"LINESTRING (116.393459 39.89888, 116.393465 39.898785)",1,10.58,secondary,4,,,,auto,
3199,,11058,351,8,1,"LINESTRING (116.393465 39.898785, 116.393459 39.89888)",1,10.58,secondary,4,,,,auto,
3200,前门东大街,11059,351,1012,1,"LINESTRING (116.393465 39.898785, 116.395084 39.899024)",1,140.64,primary,3,,,,auto,
3201,,11060,351,8,1,"LINESTRING (116.393465 39.898785, 116.393459 39.89888)",1,10.58,secondary,4,,,,auto,
3202,,11060,8,351,1,"LINESTRING (116.393459 39.89888, 116.393465 39.898785)",1,10.58,secondary,4,,,,auto,
3203,,11061,1296,351,1,"LINESTRING (116.393468 39.898711, 116.393465 39.898785)",1,8.23,secondary,4,,,,auto,
3204,,11063,105,1296,1,"LINESTRING (116.39347 39.898652, 116.393468 39.898711)",1,6.56,secondary,4,,,,auto,
3205,,11064,349,6,1,"LINESTRING (116.389818 39.89863, 116.389816 39.89875)",1,13.34,primary,3,,,,auto,
3206,,11064,6,349,1,"LINESTRING (116.389816 39.89875, 116.389818 39.89863)",1,13.34,primary,3,,,,auto,
3207,前门东大街,11065,349,1297,1,"LINESTRING (116.389818 39.89863, 116.392559 39.898755)",1,234.24,primary,3,,,,auto,
3208,,11066,349,141,1,"LINESTRING (116.389818 39.89863, 116.38985 39.898459)",1,19.21,secondary,4,,,,auto,
3209,,11068,6,349,1,"LINESTRING (116.389816 39.89875, 116.389818 39.89863)",1,13.34,primary,3,,,,auto,
3210,,11068,349,6,1,"LINESTRING (116.389818 39.89863, 116.389816 39.89875)",1,13.34,primary,3,,,,auto,
3211,前门西大街,11069,6,925,1,"LINESTRING (116.389816 39.89875, 116.388896 39.898835)",1,79.05,primary,3,,,,auto,
3212,前门西大街,11070,6,867,1,"LINESTRING (116.389816 39.89875, 116.389544 39.898886)",1,27.70,tertiary,5,,,,auto,
3213,广场西侧路,11072,455,6,1,"LINESTRING (116.3898 39.898991, 116.389816 39.89875)",1,26.83,secondary,4,,,,auto,
3214,西长安街,11073,1287,1298,1,"LINESTRING (116.387474 39.906202, 116.387218 39.906195)",1,21.85,trunk,2,70,5,,auto,
3215,西长安街,11074,1298,1064,1,"LINESTRING (116.387218 39.906195, 116.386428 39.906169)",1,67.45,trunk,2,70,5,,auto,
3216,东长安街,11075,1289,1299,1,"LINESTRING (116.396126 39.906492, 116.396013 39.906488)",1,9.65,trunk,2,,5,,auto,
3217,东长安街,11076,1299,1300,1,"LINESTRING (116.396013 39.906488, 116.39582 39.906477)",1,16.51,trunk,2,,5,,auto,
3218,东长安街,11077,1300,363,1,"LINESTRING (116.39582 39.906477, 116.393616 39.906396)",1,188.21,trunk,2,,5,,auto,
3219,东长安街,11078,1288,1271,1,"LINESTRING (116.395041 39.906185, 116.396658 39.906245)",1,138.09,trunk,2,,,,auto,
3220,建国门内大街,11079,1293,763,1,"LINESTRING (116.414024 39.906815, 116.41501 39.906832)",1,84.12,trunk,2,,,,auto,
3221,石碑胡同,11086,366,365,1,"LINESTRING (116.381995 39.905629, 116.382001 39.905811)",1,20.24,tertiary,5,,,,auto,
3222,石碑胡同,11086,365,366,1,"LINESTRING (116.382001 39.905811, 116.381995 39.905629)",1,20.24,tertiary,5,,,,auto,
3223,石碑胡同,11087,366,448,1,"LINESTRING (116.381995 39.905629, 116.38197 39.905122)",1,56.42,tertiary,5,,,,auto,
3224,石碑胡同,11087,448,366,1,"LINESTRING (116.38197 39.905122, 116.381995 39.905629)",1,56.42,tertiary,5,,,,auto,
3225,,11091,878,97,1,"LINESTRING (116.390953 39.897571, 116.391211 39.897489)",1,23.82,secondary,4,,,,auto,
3226,煤市街,11092,309,308,1,"LINESTRING (116.388331 39.896345, 116.388444 39.896517)",1,21.42,secondary,4,,,,auto,
3227,煤市街,11092,308,309,1,"LINESTRING (116.388444 39.896517, 116.388331 39.896345)",1,21.42,secondary,4,,,,auto,
3228,煤市街,11093,309,796,1,"LINESTRING (116.388331 39.896345, 116.38831 39.896294)",1,5.95,secondary,4,,,,auto,
3229,煤市街,11093,796,309,1,"LINESTRING (116.38831 39.896294, 116.388331 39.896345)",1,5.95,secondary,4,,,,auto,
3230,南河沿大街,11094,537,72,1,"LINESTRING (116.40049 39.912512, 116.400474 39.912672)",1,17.84,secondary,4,,,,auto,
3231,南河沿大街,11094,72,537,1,"LINESTRING (116.400474 39.912672, 116.40049 39.912512)",1,17.84,secondary,4,,,,auto,
3232,南河沿大街,11095,537,58,1,"LINESTRING (116.40049 39.912512, 116.400523 39.911999)",1,57.11,secondary,4,,,,auto,
3233,南河沿大街,11095,58,537,1,"LINESTRING (116.400523 39.911999, 116.40049 39.912512)",1,57.11,secondary,4,,,,auto,
3234,南河沿大街,11096,72,70,1,"LINESTRING (116.400474 39.912672, 116.400386 39.913891)",1,135.75,secondary,4,,,,auto,
3235,南河沿大街,11096,70,72,1,"LINESTRING (116.400386 39.913891, 116.400474 39.912672)",1,135.75,secondary,4,,,,auto,
3236,南河沿大街,11097,72,537,1,"LINESTRING (116.400474 39.912672, 116.40049 39.912512)",1,17.84,secondary,4,,,,auto,
3237,南河沿大街,11097,537,72,1,"LINESTRING (116.40049 39.912512, 116.400474 39.912672)",1,17.84,secondary,4,,,,auto,
3238,南河沿大街,11098,651,648,1,"LINESTRING (116.40056 39.909417, 116.400568 39.90963)",1,23.69,secondary,4,,,,auto,
3239,南河沿大街,11098,648,651,1,"LINESTRING (116.400568 39.90963, 116.40056 39.909417)",1,23.69,secondary,4,,,,auto,
3240,南河沿大街,11099,651,1169,1,"LINESTRING (116.40056 39.909417, 116.400551 39.90918)",1,26.36,secondary,4,,,,auto,
3241,南河沿大街,11099,1169,651,1,"LINESTRING (116.400551 39.90918, 116.40056 39.909417)",1,26.36,secondary,4,,,,auto,
3242,南河沿大街,11100,500,1169,1,"LINESTRING (116.400515 39.908523, 116.400551 39.90918)",1,73.12,secondary,4,,,,auto,
3243,南河沿大街,11100,1169,500,1,"LINESTRING (116.400551 39.90918, 116.400515 39.908523)",1,73.12,secondary,4,,,,auto,
3244,南河沿大街,11101,500,499,1,"LINESTRING (116.400515 39.908523, 116.400507 39.908388)",1,15.03,secondary,4,,,,auto,
3245,南河沿大街,11101,499,500,1,"LINESTRING (116.400507 39.908388, 116.400515 39.908523)",1,15.03,secondary,4,,,,auto,
3246,北河沿大街,11102,73,606,1,"LINESTRING (116.400351 39.914391, 116.400351 39.914415)",1,2.67,secondary,4,,,,auto,
3247,北河沿大街,11102,606,73,1,"LINESTRING (116.400351 39.914415, 116.400351 39.914391)",1,2.67,secondary,4,,,,auto,
3248,北河沿大街,11103,73,70,1,"LINESTRING (116.400351 39.914391, 116.400386 39.913891)",1,55.68,secondary,4,,,,auto,
3249,北河沿大街,11103,70,73,1,"LINESTRING (116.400386 39.913891, 116.400351 39.914391)",1,55.68,secondary,4,,,,auto,
3250,北河沿大街,11104,606,604,1,"LINESTRING (116.400351 39.914415, 116.400323 39.915265)",1,94.55,secondary,4,,,,auto,
3251,北河沿大街,11104,604,606,1,"LINESTRING (116.400323 39.915265, 116.400351 39.914415)",1,94.55,secondary,4,,,,auto,
3252,北河沿大街,11105,606,73,1,"LINESTRING (116.400351 39.914415, 116.400351 39.914391)",1,2.67,secondary,4,,,,auto,
3253,北河沿大街,11105,73,606,1,"LINESTRING (116.400351 39.914391, 116.400351 39.914415)",1,2.67,secondary,4,,,,auto,
3254,北河沿大街,11106,465,607,1,"LINESTRING (116.400098 39.921181, 116.400093 39.921376)",1,21.69,secondary,4,,,,auto,
3255,北河沿大街,11106,607,465,1,"LINESTRING (116.400093 39.921376, 116.400098 39.921181)",1,21.69,secondary,4,,,,auto,
3256,北河沿大街,11107,465,463,1,"LINESTRING (116.400098 39.921181, 116.400103 39.920979)",1,22.47,secondary,4,,,,auto,
3257,北河沿大街,11107,463,465,1,"LINESTRING (116.400103 39.920979, 116.400098 39.921181)",1,22.47,secondary,4,,,,auto,
3258,北河沿大街,11108,607,601,1,"LINESTRING (116.400093 39.921376, 116.400084 39.921666)",1,32.26,secondary,4,,,,auto,
3259,北河沿大街,11108,601,607,1,"LINESTRING (116.400084 39.921666, 116.400093 39.921376)",1,32.26,secondary,4,,,,auto,
3260,北河沿大街,11109,607,465,1,"LINESTRING (116.400093 39.921376, 116.400098 39.921181)",1,21.69,secondary,4,,,,auto,
3261,北河沿大街,11109,465,607,1,"LINESTRING (116.400098 39.921181, 116.400093 39.921376)",1,21.69,secondary,4,,,,auto,
3262,北河沿大街,11110,479,466,1,"LINESTRING (116.400213 39.917896, 116.400182 39.918492)",1,66.32,secondary,4,,,,auto,
3263,北河沿大街,11110,466,479,1,"LINESTRING (116.400182 39.918492, 116.400213 39.917896)",1,66.32,secondary,4,,,,auto,
3264,北河沿大街,11111,479,610,1,"LINESTRING (116.400213 39.917896, 116.400219 39.917717)",1,19.91,secondary,4,,,,auto,
3265,北河沿大街,11111,610,479,1,"LINESTRING (116.400219 39.917717, 116.400213 39.917896)",1,19.91,secondary,4,,,,auto,
3266,北河沿大街,11112,610,479,1,"LINESTRING (116.400219 39.917717, 116.400213 39.917896)",1,19.91,secondary,4,,,,auto,
3267,北河沿大街,11112,479,610,1,"LINESTRING (116.400213 39.917896, 116.400219 39.917717)",1,19.91,secondary,4,,,,auto,
3268,北河沿大街,11113,610,608,1,"LINESTRING (116.400219 39.917717, 116.400257 39.91704)",1,75.35,secondary,4,,,,auto,
3269,北河沿大街,11113,608,610,1,"LINESTRING (116.400257 39.91704, 116.400219 39.917717)",1,75.35,secondary,4,,,,auto,
3270,,11116,1301,1302,1,"LINESTRING (116.384454 39.920928, 116.384358 39.920937)",1,8.25,tertiary,5,,,,auto,
3271,文津街,11117,1199,1303,1,"LINESTRING (116.384532 39.920908, 116.3845 39.920881)",1,4.06,primary,3,,,,auto,
3272,,11118,1199,1301,1,"LINESTRING (116.384532 39.920908, 116.384454 39.920928)",1,7.01,tertiary,5,,,,auto,
3273,,11119,1203,1304,1,"LINESTRING (116.384638 39.920864, 116.384586 39.920896)",1,5.69,tertiary,5,,,,auto,
3274,,11120,1305,1202,1,"LINESTRING (116.384651 39.920876, 116.384673 39.920821)",1,6.40,tertiary,5,,,,auto,
3275,文津街,11121,1303,1306,1,"LINESTRING (116.3845 39.920881, 116.38448 39.920873)",1,1.92,primary,3,,,,auto,
3276,,11122,1307,104,1,"LINESTRING (116.393464 39.898254, 116.393469 39.898467)",1,23.69,secondary,4,,,,auto,
3277,前门大街,11124,1004,902,1,"LINESTRING (116.393216 39.89798, 116.393288 39.898048)",1,9.74,secondary,4,,,,auto,
3278,前门大街,11125,903,1307,1,"LINESTRING (116.393327 39.898085, 116.393464 39.898254)",1,22.13,secondary,4,,,,auto,
3279,前门大街,11126,875,1003,1,"LINESTRING (116.393055 39.897873, 116.393153 39.897933)",1,10.70,secondary,4,,,,auto,
3280,人大会堂西路,11127,1308,1309,1,"LINESTRING (116.385562 39.898975, 116.385555 39.899105)",1,14.47,tertiary,5,,,,auto,
3281,人大会堂西路,11127,1309,1308,1,"LINESTRING (116.385555 39.899105, 116.385562 39.898975)",1,14.47,tertiary,5,,,,auto,
3282,前门西大街,11128,1308,962,1,"LINESTRING (116.385562 39.898975, 116.383422 39.89891)",1,182.70,primary,3,,,,auto,
3283,人大会堂西路,11129,1308,792,1,"LINESTRING (116.385562 39.898975, 116.385575 39.898861)",1,12.72,tertiary,5,,,,auto,
3284,人大会堂西路,11129,792,1308,1,"LINESTRING (116.385575 39.898861, 116.385562 39.898975)",1,12.72,tertiary,5,,,,auto,
3285,前门西大街,11130,792,1310,1,"LINESTRING (116.385575 39.898861, 116.385769 39.898865)",1,16.56,primary,3,,,,auto,
3286,,11131,792,865,1,"LINESTRING (116.385575 39.898861, 116.38559 39.89871)",1,16.84,residential,6,,,,auto,
3287,,11131,865,792,1,"LINESTRING (116.38559 39.89871, 116.385575 39.898861)",1,16.84,residential,6,,,,auto,
3288,人大会堂西路,11132,792,1308,1,"LINESTRING (116.385575 39.898861, 116.385562 39.898975)",1,12.72,tertiary,5,,,,auto,
3289,人大会堂西路,11132,1308,792,1,"LINESTRING (116.385562 39.898975, 116.385575 39.898861)",1,12.72,tertiary,5,,,,auto,
3290,,11133,865,787,1,"LINESTRING (116.38559 39.89871, 116.385643 39.898661)",1,7.08,residential,6,,,,auto,
3291,,11133,787,865,1,"LINESTRING (116.385643 39.898661, 116.38559 39.89871)",1,7.08,residential,6,,,,auto,
3292,前门西大街,11134,865,1155,1,"LINESTRING (116.38559 39.89871, 116.385671 39.898712)",1,6.91,tertiary,5,,,,auto,
3293,,11135,865,792,1,"LINESTRING (116.38559 39.89871, 116.385575 39.898861)",1,16.84,residential,6,,,,auto,
3294,,11135,792,865,1,"LINESTRING (116.385575 39.898861, 116.38559 39.89871)",1,16.84,residential,6,,,,auto,
3295,前门西大街,11136,1309,960,1,"LINESTRING (116.385555 39.899105, 116.383662 39.899045)",1,161.62,tertiary,5,,,,auto,
3296,人大会堂西路,11137,1309,1308,1,"LINESTRING (116.385555 39.899105, 116.385562 39.898975)",1,14.47,tertiary,5,,,,auto,
3297,人大会堂西路,11137,1308,1309,1,"LINESTRING (116.385562 39.898975, 116.385555 39.899105)",1,14.47,tertiary,5,,,,auto,
3298,人大会堂西路,11138,1309,1126,1,"LINESTRING (116.385555 39.899105, 116.385549 39.899231)",1,14.02,tertiary,5,,,,auto,
3299,人大会堂西路,11138,1126,1309,1,"LINESTRING (116.385549 39.899231, 116.385555 39.899105)",1,14.02,tertiary,5,,,,auto,
3300,前门西大街,11142,1156,866,1,"LINESTRING (116.385779 39.898714, 116.387092 39.898735)",1,112.03,tertiary,5,,,,auto,
3301,前门西大街,11145,1310,344,1,"LINESTRING (116.385769 39.898865, 116.386778 39.898882)",1,86.09,primary,3,,,,auto,
3302,前门西大街,11148,23,1308,1,"LINESTRING (116.385762 39.89898, 116.385562 39.898975)",1,17.07,primary,3,,,,auto,
3303,前门西大街,11149,871,1309,1,"LINESTRING (116.385753 39.89911, 116.385555 39.899105)",1,16.90,tertiary,5,,,,auto,
3304,人大会堂西路,11155,1126,1309,1,"LINESTRING (116.385549 39.899231, 116.385555 39.899105)",1,14.02,tertiary,5,,,,auto,
3305,人大会堂西路,11155,1309,1126,1,"LINESTRING (116.385555 39.899105, 116.385549 39.899231)",1,14.02,tertiary,5,,,,auto,
3306,人大会堂西路,11156,1126,1125,1,"LINESTRING (116.385549 39.899231, 116.385525 39.899732)",1,55.75,tertiary,5,,,,auto,
3307,人大会堂西路,11156,1125,1126,1,"LINESTRING (116.385525 39.899732, 116.385549 39.899231)",1,55.75,tertiary,5,,,,auto,
3308,前门西大街,11159,1311,785,1,"LINESTRING (116.381816 39.898608, 116.381925 39.898612)",1,9.31,tertiary,5,,,,auto,
3309,前门西大街,11164,1312,784,1,"LINESTRING (116.381811 39.898737, 116.38192 39.89874)",1,9.30,primary,3,,,,auto,
3310,前门西大街,11167,1313,27,1,"LINESTRING (116.381857 39.898872, 116.381843 39.898872)",1,1.19,primary,3,,,,auto,
3311,前门西大街,11168,1314,28,1,"LINESTRING (116.38188 39.899001, 116.38184 39.899)",1,3.41,tertiary,5,,,,auto,
3312,前门西大街,11171,441,1314,1,"LINESTRING (116.382004 39.899002, 116.38188 39.899001)",1,10.58,tertiary,5,,,,auto,
3313,前门西大街,11172,963,1313,1,"LINESTRING (116.382031 39.898876, 116.381857 39.898872)",1,14.85,primary,3,,,,auto,
3314,前门西大街,11173,1315,1312,1,"LINESTRING (116.381726 39.898734, 116.381811 39.898737)",1,7.26,primary,3,,,,auto,
3315,前门西大街,11174,790,1311,1,"LINESTRING (116.381738 39.898606, 116.381816 39.898608)",1,6.66,tertiary,5,,,,auto,
3316,北长街,11175,1210,1123,1,"LINESTRING (116.384893 39.918788, 116.384909 39.91851)",1,30.94,tertiary,5,,,,auto,
3317,北长街,11175,1123,1210,1,"LINESTRING (116.384909 39.91851, 116.384893 39.918788)",1,30.94,tertiary,5,,,,auto,
3318,北长街,11176,1210,1209,1,"LINESTRING (116.384893 39.918788, 116.38486 39.919667)",1,97.78,tertiary,5,,,,auto,
3319,北长街,11176,1209,1210,1,"LINESTRING (116.38486 39.919667, 116.384893 39.918788)",1,97.78,tertiary,5,,,,auto,
3320,北长街,11177,1123,1121,1,"LINESTRING (116.384909 39.91851, 116.384946 39.918062)",1,49.92,tertiary,5,,,,auto,
3321,北长街,11177,1121,1123,1,"LINESTRING (116.384946 39.918062, 116.384909 39.91851)",1,49.92,tertiary,5,,,,auto,
3322,北长街,11178,1123,1210,1,"LINESTRING (116.384909 39.91851, 116.384893 39.918788)",1,30.94,tertiary,5,,,,auto,
3323,北长街,11178,1210,1123,1,"LINESTRING (116.384893 39.918788, 116.384909 39.91851)",1,30.94,tertiary,5,,,,auto,
3324,南长街,11179,596,594,1,"LINESTRING (116.385606 39.90731, 116.385618 39.906987)",1,35.93,tertiary,5,,,,auto,
3325,南长街,11179,594,596,1,"LINESTRING (116.385618 39.906987, 116.385606 39.90731)",1,35.93,tertiary,5,,,,auto,
3326,南长街,11180,596,1213,1,"LINESTRING (116.385606 39.90731, 116.385582 39.907977)",1,74.20,tertiary,5,,,,auto,
3327,南长街,11180,1213,596,1,"LINESTRING (116.385582 39.907977, 116.385606 39.90731)",1,74.20,tertiary,5,,,,auto,
3328,南长街,11181,1213,596,1,"LINESTRING (116.385582 39.907977, 116.385606 39.90731)",1,74.20,tertiary,5,,,,auto,
3329,南长街,11181,596,1213,1,"LINESTRING (116.385606 39.90731, 116.385582 39.907977)",1,74.20,tertiary,5,,,,auto,
3330,南长街,11182,1213,584,1,"LINESTRING (116.385582 39.907977, 116.385577 39.908098)",1,13.46,tertiary,5,,,,auto,
3331,南长街,11182,584,1213,1,"LINESTRING (116.385577 39.908098, 116.385582 39.907977)",1,13.46,tertiary,5,,,,auto,
3332,南长街,11183,160,1113,1,"LINESTRING (116.38519 39.913044, 116.385387 39.911313)",1,193.21,tertiary,5,,,,auto,
3333,南长街,11183,1113,160,1,"LINESTRING (116.385387 39.911313, 116.38519 39.913044)",1,193.21,tertiary,5,,,,auto,
3334,南长街,11184,160,158,1,"LINESTRING (116.38519 39.913044, 116.38518 39.913367)",1,35.93,tertiary,5,,,,auto,
3335,南长街,11184,158,160,1,"LINESTRING (116.38518 39.913367, 116.38519 39.913044)",1,35.93,tertiary,5,,,,auto,
3336,北长街,11185,159,158,1,"LINESTRING (116.385137 39.914367, 116.38518 39.913367)",1,111.26,tertiary,5,,,,auto,
3337,北长街,11185,158,159,1,"LINESTRING (116.38518 39.913367, 116.385137 39.914367)",1,111.26,tertiary,5,,,,auto,
3338,北长街,11186,159,1120,1,"LINESTRING (116.385137 39.914367, 116.385143 39.914838)",1,52.38,tertiary,5,,,,auto,
3339,北长街,11186,1120,159,1,"LINESTRING (116.385143 39.914838, 116.385137 39.914367)",1,52.38,tertiary,5,,,,auto,
3340,前门西大街,11187,345,876,1,"LINESTRING (116.387159 39.89887, 116.387669 39.898847)",1,43.58,primary,3,,,,auto,
3341,前门西大街,11188,930,879,1,"LINESTRING (116.387979 39.898922, 116.387804 39.898938)",1,15.03,primary,3,,,,auto,
3342,东安门大街,11191,833,249,1,"LINESTRING (116.404961 39.914071, 116.40474 39.914041)",1,19.14,secondary,4,,,,auto,
3343,东安门大街,11191,249,833,1,"LINESTRING (116.40474 39.914041, 116.404961 39.914071)",1,19.14,secondary,4,,,,auto,
3344,金鱼胡同,11194,833,949,1,"LINESTRING (116.404961 39.914071, 116.405298 39.914124)",1,29.34,secondary,4,,,,auto,
3345,金鱼胡同,11194,949,833,1,"LINESTRING (116.405298 39.914124, 116.404961 39.914071)",1,29.34,secondary,4,,,,auto,
3346,王府井大街,11206,932,1291,1,"LINESTRING (116.40523 39.906899, 116.405237 39.906757)",1,15.80,tertiary,5,,,,auto,
3347,王府井大街,11209,997,828,1,"LINESTRING (116.405304 39.906902, 116.405269 39.907589)",1,76.45,tertiary,5,,,,auto,
3348,台基厂大街,11242,360,358,1,"LINESTRING (116.405226 39.906433, 116.405229 39.906377)",1,6.23,tertiary,5,,,,auto,
3349,台基厂大街,11242,358,360,1,"LINESTRING (116.405229 39.906377, 116.405226 39.906433)",1,6.23,tertiary,5,,,,auto,
3350,台基厂大街,11243,360,1274,1,"LINESTRING (116.405226 39.906433, 116.405218 39.906571)",1,15.36,tertiary,5,,,,auto,
3351,台基厂大街,11243,1274,360,1,"LINESTRING (116.405218 39.906571, 116.405226 39.906433)",1,15.36,tertiary,5,,,,auto,
3352,东长安街,11251,1089,1273,1,"LINESTRING (116.404926 39.906562, 116.405001 39.906564)",1,6.40,trunk,2,,,,auto,
3353,东长安街,11254,1292,1087,1,"LINESTRING (116.404935 39.906746, 116.404278 39.906725)",1,56.09,trunk,2,,,,auto,
3354,银闸胡同,11257,473,1077,1,"LINESTRING (116.397461 39.922615, 116.397457 39.922644)",1,3.24,residential,6,,,,auto,
3355,银闸胡同,11257,1077,473,1,"LINESTRING (116.397457 39.922644, 116.397461 39.922615)",1,3.24,residential,6,,,,auto,
3356,银闸胡同,11258,473,472,1,"LINESTRING (116.397461 39.922615, 116.397506 39.922305)",1,34.68,residential,6,,,,auto,
3357,银闸胡同,11258,472,473,1,"LINESTRING (116.397506 39.922305, 116.397461 39.922615)",1,34.68,residential,6,,,,auto,
3358,灯市口西街,11317,1258,1257,1,"LINESTRING (116.404793 39.91714, 116.40458 39.917129)",1,18.21,tertiary,5,,,,auto,
3359,灯市口西街,11317,1257,1258,1,"LINESTRING (116.40458 39.917129, 116.404793 39.91714)",1,18.21,tertiary,5,,,,auto,
3360,灯市口大街,11319,1258,62,1,"LINESTRING (116.404793 39.91714, 116.404996 39.917148)",1,17.34,tertiary,5,,,,auto,
3361,灯市口大街,11319,62,1258,1,"LINESTRING (116.404996 39.917148, 116.404793 39.91714)",1,17.34,tertiary,5,,,,auto,
3362,王府井大街,11320,1258,1259,1,"LINESTRING (116.404793 39.91714, 116.40478 39.917319)",1,19.93,secondary,4,,,,auto,
3363,王府井大街,11320,1259,1258,1,"LINESTRING (116.40478 39.917319, 116.404793 39.91714)",1,19.93,secondary,4,,,,auto,
3364,灯市口西街,11323,692,1257,1,"LINESTRING (116.404494 39.917124, 116.40458 39.917129)",1,7.36,tertiary,5,,,,auto,
3365,灯市口西街,11323,1257,692,1,"LINESTRING (116.40458 39.917129, 116.404494 39.917124)",1,7.36,tertiary,5,,,,auto,
3366,灯市口西街,11324,692,623,1,"LINESTRING (116.404494 39.917124, 116.403692 39.917084)",1,68.54,tertiary,5,,,,auto,
3367,灯市口西街,11324,623,692,1,"LINESTRING (116.403692 39.917084, 116.404494 39.917124)",1,68.54,tertiary,5,,,,auto,
3368,王府井大街,11325,1260,1259,1,"LINESTRING (116.404777 39.917374, 116.40478 39.917319)",1,6.12,secondary,4,,,,auto,
3369,王府井大街,11325,1259,1260,1,"LINESTRING (116.40478 39.917319, 116.404777 39.917374)",1,6.12,secondary,4,,,,auto,
3370,王府井大街,11326,1260,1316,1,"LINESTRING (116.404777 39.917374, 116.404753 39.917829)",1,50.64,secondary,4,,,,auto,
3371,王府井大街,11326,1316,1260,1,"LINESTRING (116.404753 39.917829, 116.404777 39.917374)",1,50.64,secondary,4,,,,auto,
3372,煤渣胡同,11387,241,245,1,"LINESTRING (116.407713 39.912758, 116.407843 39.912738)",1,11.31,residential,6,,,,auto,
3373,煤渣胡同,11387,245,241,1,"LINESTRING (116.407843 39.912738, 116.407713 39.912758)",1,11.31,residential,6,,,,auto,
3374,校尉胡同,11388,241,1317,1,"LINESTRING (116.407713 39.912758, 116.407701 39.912671)",1,9.73,tertiary,5,,,,auto,
3375,校尉胡同,11388,1317,241,1,"LINESTRING (116.407701 39.912671, 116.407713 39.912758)",1,9.73,tertiary,5,,,,auto,
3376,校尉胡同,11389,241,240,1,"LINESTRING (116.407713 39.912758, 116.407713 39.91283)",1,8.01,tertiary,5,,,,auto,
3377,校尉胡同,11389,240,241,1,"LINESTRING (116.407713 39.91283, 116.407713 39.912758)",1,8.01,tertiary,5,,,,auto,
3378,,11390,241,1284,1,"LINESTRING (116.407713 39.912758, 116.40736 39.912756)",1,30.11,unclassified,20,,,,auto,
3379,校尉胡同,11391,1317,1318,1,"LINESTRING (116.407701 39.912671, 116.407672 39.912482)",1,21.16,tertiary,5,,,,auto,
3380,校尉胡同,11391,1318,1317,1,"LINESTRING (116.407672 39.912482, 116.407701 39.912671)",1,21.16,tertiary,5,,,,auto,
3381,校尉胡同,11392,1317,241,1,"LINESTRING (116.407701 39.912671, 116.407713 39.912758)",1,9.73,tertiary,5,,,,auto,
3382,校尉胡同,11392,241,1317,1,"LINESTRING (116.407713 39.912758, 116.407701 39.912671)",1,9.73,tertiary,5,,,,auto,
3383,金鱼胡同,11393,1319,239,1,"LINESTRING (116.407825 39.914136, 116.407742 39.914136)",1,7.08,secondary,4,,,,auto,
3384,金鱼胡同,11393,239,1319,1,"LINESTRING (116.407742 39.914136, 116.407825 39.914136)",1,7.08,secondary,4,,,,auto,
3385,金鱼胡同,11394,1319,947,1,"LINESTRING (116.407825 39.914136, 116.407878 39.914137)",1,4.52,secondary,4,,,,auto,
3386,金鱼胡同,11394,947,1319,1,"LINESTRING (116.407878 39.914137, 116.407825 39.914136)",1,4.52,secondary,4,,,,auto,
3387,金鱼胡同,11395,239,1319,1,"LINESTRING (116.407742 39.914136, 116.407825 39.914136)",1,7.08,secondary,4,,,,auto,
3388,金鱼胡同,11395,1319,239,1,"LINESTRING (116.407825 39.914136, 116.407742 39.914136)",1,7.08,secondary,4,,,,auto,
3389,,11396,239,946,1,"LINESTRING (116.407742 39.914136, 116.407657 39.914134)",1,7.25,secondary,4,,2,,auto,
3390,,11396,946,239,1,"LINESTRING (116.407657 39.914134, 116.407742 39.914136)",1,7.25,secondary,4,,2,,auto,
3391,金鱼胡同,11397,947,1319,1,"LINESTRING (116.407878 39.914137, 116.407825 39.914136)",1,4.52,secondary,4,,,,auto,
3392,金鱼胡同,11397,1319,947,1,"LINESTRING (116.407825 39.914136, 116.407878 39.914137)",1,4.52,secondary,4,,,,auto,
3393,金鱼胡同,11398,947,736,1,"LINESTRING (116.407878 39.914137, 116.407991 39.914137)",1,9.64,secondary,4,,,,auto,
3394,金鱼胡同,11398,736,947,1,"LINESTRING (116.407991 39.914137, 116.407878 39.914137)",1,9.64,secondary,4,,,,auto,
3395,校尉胡同,11399,946,1285,1,"LINESTRING (116.407657 39.914134, 116.407666 39.913326)",1,89.85,tertiary,5,,2,,auto,
3396,,11400,946,239,1,"LINESTRING (116.407657 39.914134, 116.407742 39.914136)",1,7.25,secondary,4,,2,,auto,
3397,,11400,239,946,1,"LINESTRING (116.407742 39.914136, 116.407657 39.914134)",1,7.25,secondary,4,,2,,auto,
3398,金鱼胡同,11401,946,719,1,"LINESTRING (116.407657 39.914134, 116.407565 39.914133)",1,7.85,secondary,4,,,,auto,
3399,金鱼胡同,11401,719,946,1,"LINESTRING (116.407565 39.914133, 116.407657 39.914134)",1,7.85,secondary,4,,,,auto,
3400,银闸胡同,11402,470,471,1,"LINESTRING (116.39787 39.92191, 116.397816 39.922299)",1,43.50,residential,6,,,,auto,
3401,银闸胡同,11402,471,470,1,"LINESTRING (116.397816 39.922299, 116.39787 39.92191)",1,43.50,residential,6,,,,auto,
3402,银闸胡同,11403,470,468,1,"LINESTRING (116.39787 39.92191, 116.397909 39.921628)",1,31.53,residential,6,,,,auto,
3403,银闸胡同,11403,468,470,1,"LINESTRING (116.397909 39.921628, 116.39787 39.92191)",1,31.53,residential,6,,,,auto,
3404,,11404,1320,1321,1,"LINESTRING (116.396447 39.920817, 116.397068 39.920833)",1,52.99,unclassified,20,,,,auto,
3405,,11404,1321,1320,1,"LINESTRING (116.397068 39.920833, 116.396447 39.920817)",1,52.99,unclassified,20,,,,auto,
3406,,11405,1320,1249,1,"LINESTRING (116.396447 39.920817, 116.396359 39.920814)",1,7.51,unclassified,20,,,,auto,
3407,,11405,1249,1320,1,"LINESTRING (116.396359 39.920814, 116.396447 39.920817)",1,7.51,unclassified,20,,,,auto,
3408,北池子大街,11406,481,1249,1,"LINESTRING (116.396406 39.919921, 116.396359 39.920814)",1,99.38,tertiary,5,,1,,auto,
3409,北池子大街,11406,1249,481,1,"LINESTRING (116.396359 39.920814, 116.396406 39.919921)",1,99.38,tertiary,5,,1,,auto,
3410,北池子大街,11407,481,476,1,"LINESTRING (116.396406 39.919921, 116.396428 39.91952)",1,44.63,tertiary,5,,1,,auto,
3411,北池子大街,11407,476,481,1,"LINESTRING (116.396428 39.91952, 116.396406 39.919921)",1,44.63,tertiary,5,,1,,auto,
3412,,11408,481,1322,1,"LINESTRING (116.396406 39.919921, 116.396479 39.919925)",1,6.24,unclassified,20,5,,,auto,
3413,,11408,1322,481,1,"LINESTRING (116.396479 39.919925, 116.396406 39.919921)",1,6.24,unclassified,20,5,,,auto,
3414,,11409,1322,1323,1,"LINESTRING (116.396479 39.919925, 116.396987 39.919945)",1,43.38,unclassified,20,5,,,auto,
3415,,11409,1323,1322,1,"LINESTRING (116.396987 39.919945, 116.396479 39.919925)",1,43.38,unclassified,20,5,,,auto,
3416,,11410,1322,481,1,"LINESTRING (116.396479 39.919925, 116.396406 39.919921)",1,6.24,unclassified,20,5,,,auto,
3417,,11410,481,1322,1,"LINESTRING (116.396406 39.919921, 116.396479 39.919925)",1,6.24,unclassified,20,5,,,auto,
3418,,11411,1324,1325,1,"LINESTRING (116.397348 39.91996, 116.397309 39.920462)",1,55.92,unclassified,20,5,,,auto,
3419,,11411,1325,1324,1,"LINESTRING (116.397309 39.920462, 116.397348 39.91996)",1,55.92,unclassified,20,5,,,auto,
3420,,11412,1324,1323,1,"LINESTRING (116.397348 39.91996, 116.396987 39.919945)",1,30.83,unclassified,20,5,,,auto,
3421,,11412,1323,1324,1,"LINESTRING (116.396987 39.919945, 116.397348 39.91996)",1,30.83,unclassified,20,5,,,auto,
3422,,11413,1325,1324,1,"LINESTRING (116.397309 39.920462, 116.397348 39.91996)",1,55.92,unclassified,20,5,,,auto,
3423,,11413,1324,1325,1,"LINESTRING (116.397348 39.91996, 116.397309 39.920462)",1,55.92,unclassified,20,5,,,auto,
3424,,11414,1323,1324,1,"LINESTRING (116.396987 39.919945, 116.397348 39.91996)",1,30.83,unclassified,20,5,,,auto,
3425,,11414,1324,1323,1,"LINESTRING (116.397348 39.91996, 116.396987 39.919945)",1,30.83,unclassified,20,5,,,auto,
3426,,11415,1323,1322,1,"LINESTRING (116.396987 39.919945, 116.396479 39.919925)",1,43.38,unclassified,20,5,,,auto,
3427,,11415,1322,1323,1,"LINESTRING (116.396479 39.919925, 116.396987 39.919945)",1,43.38,unclassified,20,5,,,auto,
3428,,11416,1321,1320,1,"LINESTRING (116.397068 39.920833, 116.396447 39.920817)",1,52.99,unclassified,20,,,,auto,
3429,,11416,1320,1321,1,"LINESTRING (116.396447 39.920817, 116.397068 39.920833)",1,52.99,unclassified,20,,,,auto,
3430,北池子大街,11417,1249,1073,1,"LINESTRING (116.396359 39.920814, 116.396276 39.921919)",1,123.07,tertiary,5,,1,,auto,
3431,北池子大街,11417,1073,1249,1,"LINESTRING (116.396276 39.921919, 116.396359 39.920814)",1,123.07,tertiary,5,,1,,auto,
3432,北池子大街,11418,1249,481,1,"LINESTRING (116.396359 39.920814, 116.396406 39.919921)",1,99.38,tertiary,5,,1,,auto,
3433,北池子大街,11418,481,1249,1,"LINESTRING (116.396406 39.919921, 116.396359 39.920814)",1,99.38,tertiary,5,,1,,auto,
3434,,11419,1249,1320,1,"LINESTRING (116.396359 39.920814, 116.396447 39.920817)",1,7.51,unclassified,20,,,,auto,
3435,,11419,1320,1249,1,"LINESTRING (116.396447 39.920817, 116.396359 39.920814)",1,7.51,unclassified,20,,,,auto,
3436,,11420,1248,1326,1,"LINESTRING (116.396523 39.921891, 116.397183 39.921898)",1,56.29,unclassified,20,,,,auto,
3437,,11420,1326,1248,1,"LINESTRING (116.397183 39.921898, 116.396523 39.921891)",1,56.29,unclassified,20,,,,auto,
3438,,11421,1248,1074,1,"LINESTRING (116.396523 39.921891, 116.396429 39.921919)",1,8.60,unclassified,20,,,,auto,
3439,,11421,1074,1248,1,"LINESTRING (116.396429 39.921919, 116.396523 39.921891)",1,8.60,unclassified,20,,,,auto,
3440,,11422,1326,1327,1,"LINESTRING (116.397183 39.921898, 116.397251 39.921875)",1,6.34,unclassified,20,,,,auto,
3441,,11422,1327,1326,1,"LINESTRING (116.397251 39.921875, 116.397183 39.921898)",1,6.34,unclassified,20,,,,auto,
3442,,11423,1326,1248,1,"LINESTRING (116.397183 39.921898, 116.396523 39.921891)",1,56.29,unclassified,20,,,,auto,
3443,,11423,1248,1326,1,"LINESTRING (116.396523 39.921891, 116.397183 39.921898)",1,56.29,unclassified,20,,,,auto,
3444,,11424,1327,1328,1,"LINESTRING (116.397251 39.921875, 116.397297 39.921819)",1,7.36,unclassified,20,,,,auto,
3445,,11424,1328,1327,1,"LINESTRING (116.397297 39.921819, 116.397251 39.921875)",1,7.36,unclassified,20,,,,auto,
3446,,11425,1327,1326,1,"LINESTRING (116.397251 39.921875, 116.397183 39.921898)",1,6.34,unclassified,20,,,,auto,
3447,,11425,1326,1327,1,"LINESTRING (116.397183 39.921898, 116.397251 39.921875)",1,6.34,unclassified,20,,,,auto,
3448,,11426,1328,1329,1,"LINESTRING (116.397297 39.921819, 116.397309 39.921711)",1,12.05,unclassified,20,,,,auto,
3449,,11426,1329,1328,1,"LINESTRING (116.397309 39.921711, 116.397297 39.921819)",1,12.05,unclassified,20,,,,auto,
3450,,11427,1328,1327,1,"LINESTRING (116.397297 39.921819, 116.397251 39.921875)",1,7.36,unclassified,20,,,,auto,
3451,,11427,1327,1328,1,"LINESTRING (116.397251 39.921875, 116.397297 39.921819)",1,7.36,unclassified,20,,,,auto,
3452,,11428,1329,1328,1,"LINESTRING (116.397309 39.921711, 116.397297 39.921819)",1,12.05,unclassified,20,,,,auto,
3453,,11428,1328,1329,1,"LINESTRING (116.397297 39.921819, 116.397309 39.921711)",1,12.05,unclassified,20,,,,auto,
3454,,11434,1186,1113,1,"LINESTRING (116.385197 39.911305, 116.385387 39.911313)",1,16.23,residential,6,,,,auto,
3455,,11434,1113,1186,1,"LINESTRING (116.385387 39.911313, 116.385197 39.911305)",1,16.23,residential,6,,,,auto,
3456,,11435,1186,1187,1,"LINESTRING (116.385197 39.911305, 116.384982 39.911296)",1,18.36,residential,6,,,,auto,
3457,,11435,1187,1186,1,"LINESTRING (116.384982 39.911296, 116.385197 39.911305)",1,18.36,residential,6,,,,auto,
3458,国瑞北路,11496,889,822,1,"LINESTRING (116.412744 39.897887, 116.41444 39.897925)",1,144.74,tertiary,5,,,,auto,
3459,国瑞北路,11497,1330,886,1,"LINESTRING (116.412738 39.897993, 116.412633 39.897943)",1,10.54,tertiary,5,,,,auto,
3460,国瑞西路,11498,1331,797,1,"LINESTRING (116.414582 39.89591, 116.414692 39.895776)",1,17.61,tertiary,5,,,,auto,
3461,国瑞西路,11499,823,1331,1,"LINESTRING (116.414519 39.89642, 116.414582 39.89591)",1,56.96,tertiary,5,,,,auto,
3462,国瑞西路,11500,799,1332,1,"LINESTRING (116.414681 39.895939, 116.414611 39.896447)",1,56.80,tertiary,5,,,,auto,
3463,国瑞西路,11501,1332,824,1,"LINESTRING (116.414611 39.896447, 116.414549 39.897927)",1,164.65,tertiary,5,,,,auto,
3464,国瑞西路,11502,824,1333,1,"LINESTRING (116.414549 39.897927, 116.414541 39.898028)",1,11.25,tertiary,5,,,,auto,
3465,国瑞北路,11503,1333,1334,1,"LINESTRING (116.414541 39.898028, 116.414436 39.898026)",1,8.96,tertiary,5,,,,auto,
3466,国瑞西路,11504,1334,822,1,"LINESTRING (116.414436 39.898026, 116.41444 39.897925)",1,11.24,tertiary,5,,,,auto,
3467,国瑞北路,11505,1334,1330,1,"LINESTRING (116.414436 39.898026, 116.412738 39.897993)",1,144.90,tertiary,5,,,,auto,
3468,西华门大街,11508,157,156,1,"LINESTRING (116.385682 39.913388, 116.386329 39.913412)",1,55.25,unclassified,20,,,,auto,
3469,西华门大街,11508,156,157,1,"LINESTRING (116.386329 39.913412, 116.385682 39.913388)",1,55.25,unclassified,20,,,,auto,
3470,西华门大街,11509,157,158,1,"LINESTRING (116.385682 39.913388, 116.38518 39.913367)",1,42.88,unclassified,20,,,,auto,
3471,西华门大街,11509,158,157,1,"LINESTRING (116.38518 39.913367, 116.385682 39.913388)",1,42.88,unclassified,20,,,,auto,
3472,东华门大街,11513,64,1335,1,"LINESTRING (116.395576 39.913738, 116.396198 39.913752)",1,53.07,unclassified,20,,1,,auto,
3473,东华门大街,11513,1335,64,1,"LINESTRING (116.396198 39.913752, 116.395576 39.913738)",1,53.07,unclassified,20,,1,,auto,
3474,东华门大街,11514,64,63,1,"LINESTRING (116.395576 39.913738, 116.395476 39.913733)",1,8.55,unclassified,20,,,,auto,
3475,东华门大街,11514,63,64,1,"LINESTRING (116.395476 39.913733, 116.395576 39.913738)",1,8.55,unclassified,20,,,,auto,
3476,东华门大街,11515,1335,64,1,"LINESTRING (116.396198 39.913752, 116.395576 39.913738)",1,53.07,unclassified,20,,1,,auto,
3477,东华门大街,11515,64,1335,1,"LINESTRING (116.395576 39.913738, 116.396198 39.913752)",1,53.07,unclassified,20,,1,,auto,
3478,东华门大街,11516,1335,69,1,"LINESTRING (116.396198 39.913752, 116.396612 39.913766)",1,35.34,unclassified,20,,,,auto,
3479,东华门大街,11516,69,1335,1,"LINESTRING (116.396612 39.913766, 116.396198 39.913752)",1,35.34,unclassified,20,,,,auto,
3480,文津街,11517,1302,991,1,"LINESTRING (116.384358 39.920937, 116.383646 39.920916)",1,60.76,primary,3,,2,,auto,
3481,,11518,1195,1135,1,"LINESTRING (116.384395 39.920843, 116.384551 39.920772)",1,15.47,tertiary,5,,,,auto,
3482,北长街,11519,1201,1218,1,"LINESTRING (116.384753 39.92055, 116.384806 39.920306)",1,27.51,tertiary,5,,,,auto,
3483,北长街,11519,1218,1201,1,"LINESTRING (116.384806 39.920306, 116.384753 39.92055)",1,27.51,tertiary,5,,,,auto,
3484,北长街,11520,1201,1196,1,"LINESTRING (116.384753 39.92055, 116.384737 39.920623)",1,8.23,tertiary,5,,,,auto,
3485,北长街,11520,1196,1201,1,"LINESTRING (116.384737 39.920623, 116.384753 39.92055)",1,8.23,tertiary,5,,,,auto,
3486,景山东街,11523,1076,1336,1,"LINESTRING (116.393377 39.922132, 116.393379 39.922074)",1,6.45,tertiary,5,,,,auto,
3487,景山东街,11523,1336,1076,1,"LINESTRING (116.393379 39.922074, 116.393377 39.922132)",1,6.45,tertiary,5,,,,auto,
3488,景山东街,11524,1076,1075,1,"LINESTRING (116.393377 39.922132, 116.393376 39.922163)",1,3.45,tertiary,5,,,,auto,
3489,景山东街,11524,1075,1076,1,"LINESTRING (116.393376 39.922163, 116.393377 39.922132)",1,3.45,tertiary,5,,,,auto,
3490,景山东街,11526,1337,1336,1,"LINESTRING (116.393382 39.922003, 116.393379 39.922074)",1,7.90,tertiary,5,,,,auto,
3491,景山东街,11526,1336,1337,1,"LINESTRING (116.393379 39.922074, 116.393382 39.922003)",1,7.90,tertiary,5,,,,auto,
3492,景山前街,11527,1337,1338,1,"LINESTRING (116.393382 39.922003, 116.393446 39.922007)",1,5.48,primary,3,,,,auto,
3493,景山前街,11530,162,1337,1,"LINESTRING (116.393302 39.922, 116.393382 39.922003)",1,6.83,primary,3,,,,auto,
3494,东四南大街,11533,1270,1269,1,"LINESTRING (116.41128 39.922645, 116.41128 39.922664)",1,2.11,primary,3,,,,auto,
3495,东四南大街,11533,1269,1270,1,"LINESTRING (116.41128 39.922664, 116.41128 39.922645)",1,2.11,primary,3,,,,auto,
3496,东四南大街,11534,1270,1268,1,"LINESTRING (116.41128 39.922645, 116.41128 39.922632)",1,1.45,primary,3,,,,auto,
3497,东四南大街,11534,1268,1270,1,"LINESTRING (116.41128 39.922632, 116.41128 39.922645)",1,1.45,primary,3,,,,auto,
3498,崇文门西大街,11535,1339,1340,1,"LINESTRING (116.407099 39.899516, 116.40887 39.899573)",1,151.21,primary,3,,,,auto,
3499,崇文门西大街,11536,1341,1342,1,"LINESTRING (116.406892 39.899623, 116.406483 39.899609)",1,34.92,primary,3,,,,auto,
3500,前门东大街,11537,1343,1344,1,"LINESTRING (116.404049 39.899541, 116.40305 39.899504)",1,85.32,primary,3,,,,auto,
3501,前门东大街,11538,821,1345,1,"LINESTRING (116.403499 39.899418, 116.403619 39.89942)",1,10.24,primary,3,,,,auto,
3502,崇文门西大街,11539,1346,1019,1,"LINESTRING (116.410081 39.899612, 116.410423 39.899623)",1,29.20,primary,3,,,,auto,
3503,崇文门西大街,11540,1340,1347,1,"LINESTRING (116.40887 39.899573, 116.409217 39.899584)",1,29.63,primary,3,,,,auto,
3504,崇文门西大街,11541,1348,1227,1,"LINESTRING (116.409765 39.899716, 116.409417 39.899704)",1,29.72,primary,3,,,,auto,
3505,崇文门西大街,11542,1349,1348,1,"LINESTRING (116.410368 39.899737, 116.409765 39.899716)",1,51.49,primary,3,,,,auto,
3506,西花市大街,11543,887,798,1,"LINESTRING (116.413783 39.895798, 116.414337 39.895792)",1,47.27,tertiary,5,,,,auto,
3507,西花市大街,11543,798,887,1,"LINESTRING (116.414337 39.895792, 116.413783 39.895798)",1,47.27,tertiary,5,,,,auto,
3508,西花市大街,11544,887,1494,1,"LINESTRING (116.413783 39.895798, 116.412723 39.895803)",1,90.43,tertiary,5,,,,auto,
3509,西花市大街,11544,1494,887,1,"LINESTRING (116.412723 39.895803, 116.413783 39.895798)",1,90.43,tertiary,5,,,,auto,
3510,崇文门外大街,11545,343,890,1,"LINESTRING (116.412503 39.896597, 116.412444 39.897945)",1,149.98,primary,3,,,,auto,
3511,崇文门东大街,11548,176,880,1,"LINESTRING (116.41382 39.899348, 116.41391 39.899326)",1,8.06,primary,3,,,,auto,
3512,大鹁鸽胡同,11551,425,424,1,"LINESTRING (116.405671 39.91892, 116.407106 39.918921)",1,122.38,residential,6,,,,auto,
3513,大鹁鸽胡同,11551,424,425,1,"LINESTRING (116.407106 39.918921, 116.405671 39.91892)",1,122.38,residential,6,,,,auto,
3514,大鹁鸽胡同,11552,425,955,1,"LINESTRING (116.405671 39.91892, 116.4047 39.918916)",1,82.81,residential,6,,,,auto,
3515,大鹁鸽胡同,11552,955,425,1,"LINESTRING (116.4047 39.918916, 116.405671 39.91892)",1,82.81,residential,6,,,,auto,
3516,骑河楼街,11561,1350,1351,1,"LINESTRING (116.399413 39.918489, 116.399173 39.91847)",1,20.58,residential,6,,,,auto,
3517,骑河楼街,11562,1351,474,1,"LINESTRING (116.399173 39.91847, 116.398757 39.918463)",1,35.49,residential,6,,,,auto,
3518,骑河楼街,11563,480,1108,1,"LINESTRING (116.39809 39.918444, 116.398072 39.918444)",1,1.54,residential,6,,,,auto,
3519,东厂胡同,11569,419,417,1,"LINESTRING (116.40196 39.920866, 116.402726 39.920852)",1,65.34,residential,6,,,,auto,
3520,东厂胡同,11569,417,419,1,"LINESTRING (116.402726 39.920852, 116.40196 39.920866)",1,65.34,residential,6,,,,auto,
3521,东厂胡同,11570,419,402,1,"LINESTRING (116.40196 39.920866, 116.401157 39.920861)",1,68.48,residential,6,,,,auto,
3522,东厂胡同,11570,402,419,1,"LINESTRING (116.401157 39.920861, 116.40196 39.920866)",1,68.48,residential,6,,,,auto,
3523,东厂北巷,11571,419,639,1,"LINESTRING (116.40196 39.920866, 116.401967 39.921474)",1,67.61,residential,6,,,,auto,
3524,东厂北巷,11571,639,419,1,"LINESTRING (116.401967 39.921474, 116.40196 39.920866)",1,67.61,residential,6,,,,auto,
3525,崇文门东大街,11576,1352,985,1,"LINESTRING (116.413448 39.899659, 116.413426 39.899695)",1,4.42,primary,3,,2,,auto,
3526,崇文门东大街,11577,842,1352,1,"LINESTRING (116.413495 39.899614, 116.413448 39.899659)",1,6.41,primary,3,,2,,auto,
3527,崇文门东大街,11578,982,983,1,"LINESTRING (116.413367 39.899574, 116.413397 39.899611)",1,4.85,secondary,4,,,,auto,
3528,崇文门东大街,11579,984,985,1,"LINESTRING (116.413418 39.899651, 116.413426 39.899695)",1,4.94,secondary,4,,,,auto,
3529,北京站西街,11580,986,852,1,"LINESTRING (116.413405 39.89974, 116.413362 39.899781)",1,5.85,primary,3,,,,auto,
3530,北京站西街,11581,987,1225,1,"LINESTRING (116.413433 39.89973, 116.413448 39.899773)",1,4.95,secondary,4,,,,auto,
3531,崇文门内大街,11582,55,1353,1,"LINESTRING (116.411873 39.904119, 116.411896 39.903771)",1,38.75,primary,3,,,,auto,
3532,正义路,11583,276,376,1,"LINESTRING (116.400488 39.900436, 116.400492 39.899697)",1,82.17,tertiary,5,,,,auto,
3533,正义路,11584,759,155,1,"LINESTRING (116.400772 39.901837, 116.400818 39.903137)",1,144.61,tertiary,5,,,,auto,
3534,前门东大街辅路,11585,1038,1354,1,"LINESTRING (116.401346 39.8996, 116.400868 39.899592)",1,40.79,tertiary,5,,,,auto,
3535,前门东大街辅路,11586,1355,1038,1,"LINESTRING (116.401438 39.899557, 116.401346 39.8996)",1,9.19,tertiary,5,,,,auto,
3536,前门东大街辅路,11587,1356,1355,1,"LINESTRING (116.401658 39.899468, 116.401438 39.899557)",1,21.22,tertiary,5,,,,auto,
3537,前门东大街,11588,1356,764,1,"LINESTRING (116.401658 39.899468, 116.400874 39.899452)",1,66.90,primary,3,,,,auto,
3538,南池子大街,11592,1130,1217,1,"LINESTRING (116.397081 39.906803, 116.397074 39.906895)",1,10.25,tertiary,5,,,,auto,
3539,南池子大街,11592,1217,1130,1,"LINESTRING (116.397074 39.906895, 116.397081 39.906803)",1,10.25,tertiary,5,,,,auto,
3540,南池子大街,11593,1130,1129,1,"LINESTRING (116.397081 39.906803, 116.397084 39.906772)",1,3.46,tertiary,5,,,,auto,
3541,南池子大街,11593,1129,1130,1,"LINESTRING (116.397084 39.906772, 116.397081 39.906803)",1,3.46,tertiary,5,,,,auto,
3542,人大会堂西路,11598,1161,1159,1,"LINESTRING (116.385423 39.905528, 116.38544 39.905208)",1,35.61,tertiary,5,,,,auto,
3543,人大会堂西路,11598,1159,1161,1,"LINESTRING (116.38544 39.905208, 116.385423 39.905528)",1,35.61,tertiary,5,,,,auto,
3544,人大会堂西路,11599,1161,1062,1,"LINESTRING (116.385423 39.905528, 116.38542 39.905567)",1,4.34,tertiary,5,,,,auto,
3545,人大会堂西路,11599,1062,1161,1,"LINESTRING (116.38542 39.905567, 116.385423 39.905528)",1,4.34,tertiary,5,,,,auto,
3546,南长街,11600,1194,1065,1,"LINESTRING (116.385675 39.906473, 116.385676 39.906385)",1,9.79,tertiary,5,,,,auto,
3547,南长街,11600,1065,1194,1,"LINESTRING (116.385676 39.906385, 116.385675 39.906473)",1,9.79,tertiary,5,,,,auto,
3548,南长街,11601,1194,598,1,"LINESTRING (116.385675 39.906473, 116.385675 39.90656)",1,9.67,tertiary,5,,,,auto,
3549,南长街,11601,598,1194,1,"LINESTRING (116.385675 39.90656, 116.385675 39.906473)",1,9.67,tertiary,5,,,,auto,
3550,景山前街,11602,1357,1358,1,"LINESTRING (116.389302 39.92184, 116.389532 39.921846)",1,19.63,primary,3,,,,auto,
3551,景山前街,11603,165,1357,1,"LINESTRING (116.388879 39.921833, 116.389302 39.92184)",1,36.08,primary,3,,,,auto,
3552,景山前街,11604,1358,1070,1,"LINESTRING (116.389532 39.921846, 116.389778 39.921852)",1,20.99,primary,3,,,,auto,
3553,东四南大街,11605,462,81,1,"LINESTRING (116.411454 39.916934, 116.411452 39.916972)",1,4.23,primary,3,,,,auto,
3554,东四南大街,11605,81,462,1,"LINESTRING (116.411452 39.916972, 116.411454 39.916934)",1,4.23,primary,3,,,,auto,
3555,东四南大街,11606,462,270,1,"LINESTRING (116.411454 39.916934, 116.411471 39.916569)",1,40.61,primary,3,,,,auto,
3556,东四南大街,11606,270,462,1,"LINESTRING (116.411471 39.916569, 116.411454 39.916934)",1,40.61,primary,3,,,,auto,
3557,,11607,462,1359,1,"LINESTRING (116.411454 39.916934, 116.41352 39.916964)",1,176.23,tertiary,5,,,,auto,
3558,,11608,1359,656,1,"LINESTRING (116.41352 39.916964, 116.413629 39.91702)",1,11.19,tertiary,5,,,,auto,
3559,东四南大街,11609,196,194,1,"LINESTRING (116.411393 39.91886, 116.411386 39.919117)",1,28.58,primary,3,,,,auto,
3560,东四南大街,11609,194,196,1,"LINESTRING (116.411386 39.919117, 116.411393 39.91886)",1,28.58,primary,3,,,,auto,
3561,东四南大街,11610,196,198,1,"LINESTRING (116.411393 39.91886, 116.411399 39.91862)",1,26.69,primary,3,,,,auto,
3562,东四南大街,11610,198,196,1,"LINESTRING (116.411399 39.91862, 116.411393 39.91886)",1,26.69,primary,3,,,,auto,
3563,东四南大街,11611,199,197,1,"LINESTRING (116.411412 39.918157, 116.411405 39.918401)",1,27.14,primary,3,,,,auto,
3564,东四南大街,11611,197,199,1,"LINESTRING (116.411405 39.918401, 116.411412 39.918157)",1,27.14,primary,3,,,,auto,
3565,东四南大街,11612,199,82,1,"LINESTRING (116.411412 39.918157, 116.411422 39.917684)",1,52.60,primary,3,,,,auto,
3566,东四南大街,11612,82,199,1,"LINESTRING (116.411422 39.917684, 116.411412 39.918157)",1,52.60,primary,3,,,,auto,
3567,东四南大街,11613,270,462,1,"LINESTRING (116.411471 39.916569, 116.411454 39.916934)",1,40.61,primary,3,,,,auto,
3568,东四南大街,11613,462,270,1,"LINESTRING (116.411454 39.916934, 116.411471 39.916569)",1,40.61,primary,3,,,,auto,
3569,东四南大街,11614,270,203,1,"LINESTRING (116.411471 39.916569, 116.411484 39.916268)",1,33.49,primary,3,,,,auto,
3570,东四南大街,11614,203,270,1,"LINESTRING (116.411484 39.916268, 116.411471 39.916569)",1,33.49,primary,3,,,,auto,
3571,东四南大街,11615,1032,1030,1,"LINESTRING (116.411322 39.921436, 116.411316 39.921671)",1,26.14,primary,3,,,,auto,
3572,东四南大街,11615,1030,1032,1,"LINESTRING (116.411316 39.921671, 116.411322 39.921436)",1,26.14,primary,3,,,,auto,
3573,东四南大街,11616,1032,85,1,"LINESTRING (116.411322 39.921436, 116.411329 39.92118)",1,28.47,primary,3,,,,auto,
3574,东四南大街,11616,85,1032,1,"LINESTRING (116.411329 39.92118, 116.411322 39.921436)",1,28.47,primary,3,,,,auto,
3575,人大会堂西路,11617,971,970,1,"LINESTRING (116.389401 39.901498, 116.389652 39.901507)",1,21.43,tertiary,5,,,,auto,
3576,人大会堂西路,11617,970,971,1,"LINESTRING (116.389652 39.901507, 116.389401 39.901498)",1,21.43,tertiary,5,,,,auto,
3577,人大会堂西路,11618,971,510,1,"LINESTRING (116.389401 39.901498, 116.388201 39.901459)",1,102.46,tertiary,5,,,,auto,
3578,人大会堂西路,11618,510,971,1,"LINESTRING (116.388201 39.901459, 116.389401 39.901498)",1,102.46,tertiary,5,,,,auto,
3579,骑河楼街,11624,478,1350,1,"LINESTRING (116.400096 39.918491, 116.399413 39.918489)",1,58.25,residential,6,,,,auto,
3580,银闸胡同,11627,464,469,1,"LINESTRING (116.400024 39.920976, 116.398587 39.920934)",1,122.63,residential,6,,,,auto,
3581,银闸胡同,11627,469,464,1,"LINESTRING (116.398587 39.920934, 116.400024 39.920976)",1,122.63,residential,6,,,,auto,
3582,银闸胡同,11628,464,463,1,"LINESTRING (116.400024 39.920976, 116.400103 39.920979)",1,6.75,residential,6,,,,auto,
3583,银闸胡同,11628,463,464,1,"LINESTRING (116.400103 39.920979, 116.400024 39.920976)",1,6.75,residential,6,,,,auto,
3584,崇文门外大街,11630,152,1494,1,"LINESTRING (116.412258 39.897942, 116.412345 39.895811)",1,237.07,primary,3,,,,auto,
3585,,11631,152,300,1,"LINESTRING (116.412258 39.897942, 116.412115 39.897941)",1,12.20,primary,3,,,,auto,
3586,,11631,300,152,1,"LINESTRING (116.412115 39.897941, 116.412258 39.897942)",1,12.20,primary,3,,,,auto,
3587,崇文门外大街,11632,888,1360,1,"LINESTRING (116.412557 39.898999, 116.412552 39.899058)",1,6.57,tertiary,5,,,,auto,
3588,崇文门外大街,11635,890,1361,1,"LINESTRING (116.412444 39.897945, 116.412402 39.898999)",1,117.25,primary,3,,,,auto,
3589,,11636,890,886,1,"LINESTRING (116.412444 39.897945, 116.412633 39.897943)",1,16.12,primary,3,,,,auto,
3590,,11636,886,890,1,"LINESTRING (116.412633 39.897943, 116.412444 39.897945)",1,16.12,primary,3,,,,auto,
3591,东交民巷,11637,279,277,1,"LINESTRING (116.405299 39.901201, 116.405454 39.901198)",1,13.23,unclassified,20,,,,auto,
3592,东交民巷,11637,277,279,1,"LINESTRING (116.405454 39.901198, 116.405299 39.901201)",1,13.23,unclassified,20,,,,auto,
3593,东交民巷,11638,279,1039,1,"LINESTRING (116.405299 39.901201, 116.404329 39.901223)",1,82.78,unclassified,20,,,,auto,
3594,东交民巷,11638,1039,279,1,"LINESTRING (116.404329 39.901223, 116.405299 39.901201)",1,82.78,unclassified,20,,,,auto,
3595,台基厂大街,11641,280,374,1,"LINESTRING (116.405454 39.901116, 116.405458 39.89987)",1,138.55,tertiary,5,,,,auto,
3596,台基厂大街,11641,374,280,1,"LINESTRING (116.405458 39.89987, 116.405454 39.901116)",1,138.55,tertiary,5,,,,auto,
3597,台基厂大街,11642,280,277,1,"LINESTRING (116.405454 39.901116, 116.405454 39.901198)",1,9.12,tertiary,5,,,,auto,
3598,台基厂大街,11642,277,280,1,"LINESTRING (116.405454 39.901198, 116.405454 39.901116)",1,9.12,tertiary,5,,,,auto,
3599,东交民巷,11645,278,282,1,"LINESTRING (116.405581 39.901185, 116.407517 39.900976)",1,166.77,unclassified,20,,,,auto,
3600,东交民巷,11645,282,278,1,"LINESTRING (116.407517 39.900976, 116.405581 39.901185)",1,166.77,unclassified,20,,,,auto,
3601,东交民巷,11646,278,277,1,"LINESTRING (116.405581 39.901185, 116.405454 39.901198)",1,10.93,unclassified,20,,,,auto,
3602,东交民巷,11646,277,278,1,"LINESTRING (116.405454 39.901198, 116.405581 39.901185)",1,10.93,unclassified,20,,,,auto,
3603,台基厂大街,11649,281,277,1,"LINESTRING (116.405452 39.901303, 116.405454 39.901198)",1,11.68,tertiary,5,,,,auto,
3604,台基厂大街,11649,277,281,1,"LINESTRING (116.405454 39.901198, 116.405452 39.901303)",1,11.68,tertiary,5,,,,auto,
3605,台基厂大街,11650,281,1362,1,"LINESTRING (116.405452 39.901303, 116.405463 39.901809)",1,56.27,tertiary,5,,,,auto,
3606,台基厂大街,11650,1362,281,1,"LINESTRING (116.405463 39.901809, 116.405452 39.901303)",1,56.27,tertiary,5,,,,auto,
3607,祈年大街,11667,895,1363,1,"LINESTRING (116.405732 39.899249, 116.405726 39.899358)",1,12.13,secondary,4,,,,auto,
3608,祈年大街,11670,1364,812,1,"LINESTRING (116.405574 39.899246, 116.405593 39.898841)",1,45.06,secondary,4,,,,auto,
3609,台基厂大街,11673,375,1365,1,"LINESTRING (116.405471 39.899812, 116.405484 39.899733)",1,8.85,tertiary,5,,,,auto,
3610,台基厂大街,11673,1365,375,1,"LINESTRING (116.405484 39.899733, 116.405471 39.899812)",1,8.85,tertiary,5,,,,auto,
3611,台基厂大街,11674,375,374,1,"LINESTRING (116.405471 39.899812, 116.405458 39.89987)",1,6.54,tertiary,5,,,,auto,
3612,台基厂大街,11674,374,375,1,"LINESTRING (116.405458 39.89987, 116.405471 39.899812)",1,6.54,tertiary,5,,,,auto,
3613,崇文门西大街,11679,1366,1367,1,"LINESTRING (116.405817 39.899475, 116.406385 39.899492)",1,48.49,primary,3,,,,auto,
3614,前门东大街,11680,111,1368,1,"LINESTRING (116.405377 39.899456, 116.405548 39.899462)",1,14.60,primary,3,,,,auto,
3615,前门东大街,11683,1369,1343,1,"LINESTRING (116.405364 39.899572, 116.404049 39.899541)",1,112.23,primary,3,,,,auto,
3616,崇文门西大街,11688,1370,1371,1,"LINESTRING (116.405754 39.899584, 116.405527 39.899576)",1,19.38,primary,3,,,,auto,
3617,金鱼胡同,11697,950,948,1,"LINESTRING (116.406386 39.914121, 116.406091 39.914128)",1,25.17,secondary,4,,,,auto,
3618,金鱼胡同,11697,948,950,1,"LINESTRING (116.406091 39.914128, 116.406386 39.914121)",1,25.17,secondary,4,,,,auto,
3619,金鱼胡同,11698,950,697,1,"LINESTRING (116.406386 39.914121, 116.406483 39.914125)",1,8.28,secondary,4,,,,auto,
3620,金鱼胡同,11698,697,950,1,"LINESTRING (116.406483 39.914125, 116.406386 39.914121)",1,8.28,secondary,4,,,,auto,
3621,东安门大街,11700,212,71,1,"LINESTRING (116.402277 39.913979, 116.40091 39.913903)",1,116.89,secondary,4,,,,auto,
3622,东安门大街,11700,71,212,1,"LINESTRING (116.40091 39.913903, 116.402277 39.913979)",1,116.89,secondary,4,,,,auto,
3623,东安门大街,11701,212,248,1,"LINESTRING (116.402277 39.913979, 116.402395 39.913983)",1,10.07,secondary,4,,,,auto,
3624,东安门大街,11701,248,212,1,"LINESTRING (116.402395 39.913983, 116.402277 39.913979)",1,10.07,secondary,4,,,,auto,
3625,东安门大街,11702,248,212,1,"LINESTRING (116.402395 39.913983, 116.402277 39.913979)",1,10.07,secondary,4,,,,auto,
3626,东安门大街,11702,212,248,1,"LINESTRING (116.402277 39.913979, 116.402395 39.913983)",1,10.07,secondary,4,,,,auto,
3627,东安门大街,11703,248,246,1,"LINESTRING (116.402395 39.913983, 116.402722 39.913991)",1,27.90,secondary,4,,,,auto,
3628,东安门大街,11703,246,248,1,"LINESTRING (116.402722 39.913991, 116.402395 39.913983)",1,27.90,secondary,4,,,,auto,
3629,王府井大街,11704,1316,1260,1,"LINESTRING (116.404753 39.917829, 116.404777 39.917374)",1,50.64,secondary,4,,,,auto,
3630,王府井大街,11704,1260,1316,1,"LINESTRING (116.404777 39.917374, 116.404753 39.917829)",1,50.64,secondary,4,,,,auto,
3631,王府井大街,11705,1316,954,1,"LINESTRING (116.404753 39.917829, 116.404742 39.918021)",1,21.37,secondary,4,,,,auto,
3632,王府井大街,11705,954,1316,1,"LINESTRING (116.404742 39.918021, 116.404753 39.917829)",1,21.37,secondary,4,,,,auto,
3633,人大会堂西路,11904,1243,1158,1,"LINESTRING (116.38553 39.903301, 116.385576 39.90249)",1,90.26,tertiary,5,,,,auto,
3634,人大会堂西路,11904,1158,1243,1,"LINESTRING (116.385576 39.90249, 116.38553 39.903301)",1,90.26,tertiary,5,,,,auto,
3635,人大会堂西路,11905,1243,1160,1,"LINESTRING (116.38553 39.903301, 116.385483 39.904299)",1,111.04,tertiary,5,,,,auto,
3636,人大会堂西路,11905,1160,1243,1,"LINESTRING (116.385483 39.904299, 116.38553 39.903301)",1,111.04,tertiary,5,,,,auto,
3637,人大会堂西路,11932,14,18,1,"LINESTRING (116.386523 39.901568, 116.386542 39.901558)",1,1.97,tertiary,5,,,,auto,
3638,人大会堂西路,11932,18,14,1,"LINESTRING (116.386542 39.901558, 116.386523 39.901568)",1,1.97,tertiary,5,,,,auto,
3639,人大会堂西路,11933,14,13,1,"LINESTRING (116.386523 39.901568, 116.386284 39.901695)",1,24.80,tertiary,5,,,,auto,
3640,人大会堂西路,11933,13,14,1,"LINESTRING (116.386284 39.901695, 116.386523 39.901568)",1,24.80,tertiary,5,,,,auto,
3641,崇文门外大街,11944,1361,891,1,"LINESTRING (116.412402 39.898999, 116.412398 39.899308)",1,34.36,primary,3,,,,auto,
3642,崇文门西大街,11948,1367,1339,1,"LINESTRING (116.406385 39.899492, 116.407099 39.899516)",1,60.97,primary,3,,,,auto,
3643,,11949,1372,1367,1,"LINESTRING (116.406087 39.899338, 116.406385 39.899492)",1,30.65,primary,3,,,,auto,
3644,,11953,1373,1372,1,"LINESTRING (116.405883 39.899362, 116.406087 39.899338)",1,17.61,primary,3,,,,auto,
3645,祈年大街,11954,1363,1374,1,"LINESTRING (116.405726 39.899358, 116.405705 39.899471)",1,12.69,secondary,4,,,,auto,
3646,,11955,1363,1373,1,"LINESTRING (116.405726 39.899358, 116.405883 39.899362)",1,13.40,primary,3,,,,auto,
3647,大阮府胡同,11966,251,1082,1,"LINESTRING (116.404907 39.911781, 116.405034 39.911788)",1,10.86,residential,6,,,,auto,
3648,大阮府胡同,11966,1082,251,1,"LINESTRING (116.405034 39.911788, 116.404907 39.911781)",1,10.86,residential,6,,,,auto,
3649,大阮府胡同,11967,251,250,1,"LINESTRING (116.404907 39.911781, 116.402822 39.91169)",1,178.12,residential,6,,,,auto,
3650,大阮府胡同,11967,250,251,1,"LINESTRING (116.402822 39.91169, 116.404907 39.911781)",1,178.12,residential,6,,,,auto,
3651,,11970,549,547,1,"LINESTRING (116.400214 39.915263, 116.399553 39.915246)",1,56.41,residential,6,,,,auto,
3652,,11970,547,549,1,"LINESTRING (116.399553 39.915246, 116.400214 39.915263)",1,56.41,residential,6,,,,auto,
3653,,11971,549,604,1,"LINESTRING (116.400214 39.915263, 116.400323 39.915265)",1,9.30,residential,6,,,,auto,
3654,,11971,604,549,1,"LINESTRING (116.400323 39.915265, 116.400214 39.915263)",1,9.30,residential,6,,,,auto,
3655,校尉胡同,11973,941,689,1,"LINESTRING (116.407654 39.911832, 116.407642 39.911499)",1,37.04,tertiary,5,,,,auto,
3656,校尉胡同,11973,689,941,1,"LINESTRING (116.407642 39.911499, 116.407654 39.911832)",1,37.04,tertiary,5,,,,auto,
3657,校尉胡同,11974,941,1318,1,"LINESTRING (116.407654 39.911832, 116.407672 39.912482)",1,72.29,tertiary,5,,,,auto,
3658,校尉胡同,11974,1318,941,1,"LINESTRING (116.407672 39.912482, 116.407654 39.911832)",1,72.29,tertiary,5,,,,auto,
3659,,11976,233,232,1,"LINESTRING (116.406115 39.911827, 116.406142 39.910658)",1,130.01,unclassified,20,,,,auto,
3660,,11976,232,233,1,"LINESTRING (116.406142 39.910658, 116.406115 39.911827)",1,130.01,unclassified,20,,,,auto,
3661,,11977,233,726,1,"LINESTRING (116.406115 39.911827, 116.406094 39.912747)",1,102.32,unclassified,20,,,,auto,
3662,,11977,726,233,1,"LINESTRING (116.406094 39.912747, 116.406115 39.911827)",1,102.32,unclassified,20,,,,auto,
3663,灯市口大街,12011,670,652,1,"LINESTRING (116.409687 39.917332, 116.410203 39.917354)",1,44.07,tertiary,5,,,,auto,
3664,灯市口大街,12011,652,670,1,"LINESTRING (116.410203 39.917354, 116.409687 39.917332)",1,44.07,tertiary,5,,,,auto,
3665,灯市口大街,12012,670,644,1,"LINESTRING (116.409687 39.917332, 116.407545 39.917241)",1,182.96,tertiary,5,,,,auto,
3666,灯市口大街,12012,644,670,1,"LINESTRING (116.407545 39.917241, 116.409687 39.917332)",1,182.96,tertiary,5,,,,auto,
3667,干面胡同,12014,740,657,1,"LINESTRING (116.412545 39.91559, 116.413673 39.915604)",1,96.21,residential,6,,,,auto,
3668,干面胡同,12014,657,740,1,"LINESTRING (116.413673 39.915604, 116.412545 39.91559)",1,96.21,residential,6,,,,auto,
3669,干面胡同,12015,740,201,1,"LINESTRING (116.412545 39.91559, 116.411637 39.915578)",1,77.45,residential,6,,,,auto,
3670,干面胡同,12015,201,740,1,"LINESTRING (116.411637 39.915578, 116.412545 39.91559)",1,77.45,residential,6,,,,auto,
3671,前门东大街辅路,12034,1375,1376,1,"LINESTRING (116.405393 39.899323, 116.405569 39.899344)",1,15.19,tertiary,5,,,,auto,
3672,,12035,807,805,1,"LINESTRING (116.401934 39.899164, 116.401945 39.898833)",1,36.82,residential,6,,,,auto,
3673,,12035,805,807,1,"LINESTRING (116.401945 39.898833, 116.401934 39.899164)",1,36.82,residential,6,,,,auto,
3674,前门东大街辅路,12037,1377,1378,1,"LINESTRING (116.403952 39.89928, 116.404537 39.89929)",1,49.92,tertiary,5,,,,auto,
3675,前门东大街辅路,12038,1378,1379,1,"LINESTRING (116.404537 39.89929, 116.405341 39.899322)",1,68.68,tertiary,5,,,,auto,
3676,前门东大街辅路,12039,1379,1375,1,"LINESTRING (116.405341 39.899322, 116.405393 39.899323)",1,4.44,tertiary,5,,,,auto,
3677,,12045,1380,1365,1,"LINESTRING (116.40566 39.899746, 116.405484 39.899733)",1,15.08,tertiary,5,,,,auto,
3678,,12046,761,760,1,"LINESTRING (116.407398 39.899807, 116.407402 39.89964)",1,18.57,unclassified,20,,,,auto,
3679,,12046,760,761,1,"LINESTRING (116.407402 39.89964, 116.407398 39.899807)",1,18.57,unclassified,20,,,,auto,
3680,,12047,761,284,1,"LINESTRING (116.407398 39.899807, 116.407386 39.900319)",1,56.94,unclassified,20,,,,auto,
3681,,12047,284,761,1,"LINESTRING (116.407386 39.900319, 116.407398 39.899807)",1,56.94,unclassified,20,,,,auto,
3682,崇文门西大街辅路,12048,761,1381,1,"LINESTRING (116.407398 39.899807, 116.406992 39.899789)",1,34.69,tertiary,5,,,,auto,
3683,崇文门西大街辅路,12049,1382,761,1,"LINESTRING (116.408375 39.89982, 116.407398 39.899807)",1,83.36,tertiary,5,,,,auto,
3684,崇文门西大街辅路,12050,1381,1383,1,"LINESTRING (116.406992 39.899789, 116.406939 39.899787)",1,4.53,tertiary,5,,,,auto,
3685,,12051,1384,1380,1,"LINESTRING (116.405715 39.899749, 116.40566 39.899746)",1,4.70,tertiary,5,,,,auto,
3686,北京站西街,12057,860,854,1,"LINESTRING (116.412611 39.89979, 116.412563 39.899788)",1,4.10,primary,3,,,,auto,
3687,崇文门内大街,12058,289,1385,1,"LINESTRING (116.412097 39.900025, 116.412102 39.899985)",1,4.47,primary,3,,,,auto,
3688,崇文门西大街,12059,1020,1386,1,"LINESTRING (116.411904 39.89964, 116.411964 39.899641)",1,5.12,primary,3,,,,auto,
3689,崇文门西大街辅路,12060,1017,1387,1,"LINESTRING (116.411928 39.899542, 116.411969 39.899536)",1,3.56,primary,3,,,,auto,
3690,崇文门外大街,12061,151,894,1,"LINESTRING (116.412099 39.899216, 116.412082 39.899176)",1,4.68,tertiary,5,,,,auto,
3691,崇文门外大街,12062,1388,891,1,"LINESTRING (116.412536 39.899098, 116.412398 39.899308)",1,26.15,tertiary,5,,,,auto,
3692,崇文门外大街,12063,1360,1388,1,"LINESTRING (116.412552 39.899058, 116.412536 39.899098)",1,4.65,tertiary,5,,,,auto,
3693,北京站西街,12064,857,861,1,"LINESTRING (116.413198 39.899842, 116.413128 39.899842)",1,5.97,primary,3,,,,auto,
3694,北京站西街,12065,853,856,1,"LINESTRING (116.413323 39.899806, 116.413267 39.899828)",1,5.37,primary,3,,,,auto,
3695,崇文门东大街,12066,980,841,1,"LINESTRING (116.413678 39.8995, 116.413566 39.89956)",1,11.65,primary,3,,2,,auto,
3696,崇文门东大街,12067,1389,979,1,"LINESTRING (116.413976 39.8994, 116.413816 39.899447)",1,14.62,primary,3,,2,,auto,
3697,崇文门东大街,12068,1109,1389,1,"LINESTRING (116.414199 39.899343, 116.413976 39.8994)",1,20.05,primary,3,,2,,auto,
3698,北京站西街,12069,1226,1224,1,"LINESTRING (116.413479 39.899819, 116.413528 39.899866)",1,6.69,secondary,4,,,,auto,
3699,北京站西街,12070,847,848,1,"LINESTRING (116.413832 39.900033, 116.414104 39.900138)",1,25.97,secondary,4,,,,auto,
3700,崇文门东大街,12073,1390,981,1,"LINESTRING (116.413218 39.899544, 116.413304 39.899549)",1,7.36,secondary,4,,,,auto,
3701,崇文门西大街辅路,12074,1391,1392,1,"LINESTRING (116.411981 39.899534, 116.412054 39.89951)",1,6.78,primary,3,,,,auto,
3702,崇文门西大街辅路,12075,1392,1018,1,"LINESTRING (116.412054 39.89951, 116.412115 39.899488)",1,5.75,primary,3,,,,auto,
3703,崇文门内大街,12076,1393,1097,1,"LINESTRING (116.412268 39.900032, 116.412258 39.900416)",1,42.71,primary,3,,,,auto,
3704,崇文门内大街,12077,1385,372,1,"LINESTRING (116.412102 39.899985, 116.41214 39.899796)",1,21.26,primary,3,,,,auto,
3705,崇文门内大街,12079,845,1393,1,"LINESTRING (116.412275 39.899992, 116.412268 39.900032)",1,4.49,primary,3,,,,auto,
3706,台基厂大街,12080,1362,281,1,"LINESTRING (116.405463 39.901809, 116.405452 39.901303)",1,56.27,tertiary,5,,,,auto,
3707,台基厂大街,12080,281,1362,1,"LINESTRING (116.405452 39.901303, 116.405463 39.901809)",1,56.27,tertiary,5,,,,auto,
3708,台基厂大街,12081,1362,518,1,"LINESTRING (116.405463 39.901809, 116.405455 39.902128)",1,35.48,tertiary,5,,,,auto,
3709,台基厂大街,12081,518,1362,1,"LINESTRING (116.405455 39.902128, 116.405463 39.901809)",1,35.48,tertiary,5,,,,auto,
3710,台基厂大街,12082,518,1362,1,"LINESTRING (116.405455 39.902128, 116.405463 39.901809)",1,35.48,tertiary,5,,,,auto,
3711,台基厂大街,12082,1362,518,1,"LINESTRING (116.405463 39.901809, 116.405455 39.902128)",1,35.48,tertiary,5,,,,auto,
3712,台基厂大街,12083,518,516,1,"LINESTRING (116.405455 39.902128, 116.405446 39.902288)",1,17.81,tertiary,5,,,,auto,
3713,台基厂大街,12083,516,518,1,"LINESTRING (116.405446 39.902288, 116.405455 39.902128)",1,17.81,tertiary,5,,,,auto,
3714,台基厂大街,12084,1365,375,1,"LINESTRING (116.405484 39.899733, 116.405471 39.899812)",1,8.85,tertiary,5,,,,auto,
3715,台基厂大街,12084,375,1365,1,"LINESTRING (116.405471 39.899812, 116.405484 39.899733)",1,8.85,tertiary,5,,,,auto,
3716,台基厂大街,12085,1365,1371,1,"LINESTRING (116.405484 39.899733, 116.405527 39.899576)",1,17.84,tertiary,5,,,,auto,
3717,台基厂大街,12085,1371,1365,1,"LINESTRING (116.405527 39.899576, 116.405484 39.899733)",1,17.84,tertiary,5,,,,auto,
3718,崇文门西大街,12087,1342,1394,1,"LINESTRING (116.406483 39.899609, 116.40581 39.899586)",1,57.47,primary,3,,,,auto,
3719,,12088,1342,1395,1,"LINESTRING (116.406483 39.899609, 116.406167 39.899763)",1,31.94,tertiary,5,,,,auto,
3720,,12089,1395,1384,1,"LINESTRING (116.406167 39.899763, 116.405715 39.899749)",1,38.59,tertiary,5,,,,auto,
3721,崇文门西大街,12090,1079,760,1,"LINESTRING (116.408617 39.89968, 116.407402 39.89964)",1,103.74,primary,3,,,,auto,
3722,崇文门西大街辅路,12091,1079,1382,1,"LINESTRING (116.408617 39.89968, 116.408375 39.89982)",1,25.86,tertiary,5,,,,auto,
3723,崇文门西大街,12097,1347,1346,1,"LINESTRING (116.409217 39.899584, 116.410081 39.899612)",1,73.77,primary,3,,,,auto,
3724,崇文门西大街辅路,12098,1347,1396,1,"LINESTRING (116.409217 39.899584, 116.409572 39.899372)",1,38.38,primary,3,,,,auto,
3725,崇文门西大街辅路,12099,1396,1397,1,"LINESTRING (116.409572 39.899372, 116.410795 39.899402)",1,104.38,primary,3,,,,auto,
3726,崇文门西大街辅路,12100,1397,1398,1,"LINESTRING (116.410795 39.899402, 116.411844 39.899432)",1,89.55,primary,3,,,,auto,
3727,崇文门西大街辅路,12101,1399,1400,1,"LINESTRING (116.411878 39.899433, 116.411975 39.89942)",1,8.40,primary,3,,,,auto,
3728,崇文门西大街辅路,12102,1401,1402,1,"LINESTRING (116.412026 39.899412, 116.412139 39.89935)",1,11.85,primary,3,,,,auto,
3729,崇文门东大街,12104,178,1390,1,"LINESTRING (116.413028 39.899569, 116.413218 39.899544)",1,16.44,secondary,4,,,,auto,
3730,北京站西街,12106,171,168,1,"LINESTRING (116.413778 39.900111, 116.413542 39.900027)",1,22.19,secondary,4,,,,auto,
3731,,12110,1374,1371,1,"LINESTRING (116.405705 39.899471, 116.405527 39.899576)",1,19.15,tertiary,5,,,,auto,
3732,崇文门西大街,12111,1374,1366,1,"LINESTRING (116.405705 39.899471, 116.405817 39.899475)",1,9.56,primary,3,,,,auto,
3733,祈年大街,12112,1368,1376,1,"LINESTRING (116.405548 39.899462, 116.405569 39.899344)",1,13.24,secondary,4,,,,auto,
3734,,12113,1368,1374,1,"LINESTRING (116.405548 39.899462, 116.405705 39.899471)",1,13.43,primary,3,,,,auto,
3735,,12114,1371,1368,1,"LINESTRING (116.405527 39.899576, 116.405548 39.899462)",1,12.80,tertiary,5,,,,auto,
3736,前门东大街,12115,1371,1369,1,"LINESTRING (116.405527 39.899576, 116.405364 39.899572)",1,13.91,primary,3,,,,auto,
3737,台基厂大街,12116,1371,1365,1,"LINESTRING (116.405527 39.899576, 116.405484 39.899733)",1,17.84,tertiary,5,,,,auto,
3738,台基厂大街,12116,1365,1371,1,"LINESTRING (116.405484 39.899733, 116.405527 39.899576)",1,17.84,tertiary,5,,,,auto,
3739,崇文门西大街,12117,1394,1370,1,"LINESTRING (116.40581 39.899586, 116.405754 39.899584)",1,4.78,primary,3,,,,auto,
3740,崇文门西大街辅路,12119,1383,1395,1,"LINESTRING (116.406939 39.899787, 116.406167 39.899763)",1,65.91,tertiary,5,,,,auto,
3741,崇文门西大街,12126,762,1341,1,"LINESTRING (116.406921 39.899624, 116.406892 39.899623)",1,2.48,primary,3,,,,auto,
3742,前门东大街,12128,1345,1021,1,"LINESTRING (116.403619 39.89942, 116.404728 39.899441)",1,94.63,primary,3,,,,auto,
3743,前门东大街辅路,12129,1345,1377,1,"LINESTRING (116.403619 39.89942, 116.403952 39.89928)",1,32.39,tertiary,5,,,,auto,
3744,祈年大街,12130,1376,1364,1,"LINESTRING (116.405569 39.899344, 116.405574 39.899246)",1,10.91,secondary,4,,,,auto,
3745,前门东大街辅路,12131,1376,1363,1,"LINESTRING (116.405569 39.899344, 116.405726 39.899358)",1,13.48,tertiary,5,,,,auto,
3746,,12135,332,331,1,"LINESTRING (116.400595 39.898233, 116.400599 39.898132)",1,11.24,tertiary,5,,,,auto,
3747,,12135,331,332,1,"LINESTRING (116.400599 39.898132, 116.400595 39.898233)",1,11.24,tertiary,5,,,,auto,
3748,,12136,332,816,1,"LINESTRING (116.400595 39.898233, 116.400577 39.898525)",1,32.51,tertiary,5,,,,auto,
3749,,12136,816,332,1,"LINESTRING (116.400577 39.898525, 116.400595 39.898233)",1,32.51,tertiary,5,,,,auto,
3750,,12137,816,332,1,"LINESTRING (116.400577 39.898525, 116.400595 39.898233)",1,32.51,tertiary,5,,,,auto,
3751,,12137,332,816,1,"LINESTRING (116.400595 39.898233, 116.400577 39.898525)",1,32.51,tertiary,5,,,,auto,
3752,,12138,816,806,1,"LINESTRING (116.400577 39.898525, 116.400548 39.898776)",1,28.02,tertiary,5,,,,auto,
3753,,12138,806,816,1,"LINESTRING (116.400548 39.898776, 116.400577 39.898525)",1,28.02,tertiary,5,,,,auto,
3754,正义路,12139,765,1010,1,"LINESTRING (116.400728 39.899449, 116.400733 39.8996)",1,16.80,tertiary,5,,,,auto,
3755,前门东大街,12140,765,1261,1,"LINESTRING (116.400728 39.899449, 116.400494 39.89944)",1,19.99,primary,3,,,,auto,
3756,前门东大街辅路,12141,1354,1010,1,"LINESTRING (116.400868 39.899592, 116.400733 39.8996)",1,11.55,tertiary,5,,,,auto,
3757,前门东大街,12142,1261,1132,1,"LINESTRING (116.400494 39.89944, 116.400371 39.899436)",1,10.50,primary,3,,,,auto,
3758,,12143,1261,1006,1,"LINESTRING (116.400494 39.89944, 116.400585 39.899334)",1,14.11,tertiary,5,,,,auto,
3759,,12144,1006,1005,1,"LINESTRING (116.400585 39.899334, 116.400531 39.899171)",1,18.70,tertiary,5,,,,auto,
3760,,12144,1005,1006,1,"LINESTRING (116.400531 39.899171, 116.400585 39.899334)",1,18.70,tertiary,5,,,,auto,
3761,,12145,1006,765,1,"LINESTRING (116.400585 39.899334, 116.400728 39.899449)",1,17.67,tertiary,5,,,,auto,
3762,前门东大街,12146,1006,820,1,"LINESTRING (116.400585 39.899334, 116.401935 39.899358)",1,115.19,primary,3,,,,auto,
3763,前门东大街,12147,1403,1404,1,"LINESTRING (116.402873 39.899498, 116.402558 39.899488)",1,26.89,primary,3,,,,auto,
3764,前门东大街,12148,1405,1356,1,"LINESTRING (116.402482 39.899486, 116.401658 39.899468)",1,70.32,primary,3,,,,auto,
3765,前门东大街,12149,1344,1403,1,"LINESTRING (116.40305 39.899504, 116.402873 39.899498)",1,15.11,primary,3,,,,auto,
3766,前门东大街辅路,12150,1344,1406,1,"LINESTRING (116.40305 39.899504, 116.402949 39.899575)",1,11.69,tertiary,5,,,,auto,
3767,前门东大街辅路,12151,1406,1143,1,"LINESTRING (116.402949 39.899575, 116.402861 39.89964)",1,10.42,tertiary,5,,,,auto,
3768,前门东大街辅路,12152,1144,1037,1,"LINESTRING (116.402665 39.899636, 116.40254 39.899633)",1,10.67,tertiary,5,,,,auto,
3769,前门东大街,12154,1404,1405,1,"LINESTRING (116.402558 39.899488, 116.402482 39.899486)",1,6.49,primary,3,,,,auto,
3770,,12155,1035,1143,1,"LINESTRING (116.402907 39.899731, 116.402861 39.89964)",1,10.85,unclassified,20,,,,auto,
3771,,12155,1143,1035,1,"LINESTRING (116.402861 39.89964, 116.402907 39.899731)",1,10.85,unclassified,20,,,,auto,
3772,,12156,1035,1034,1,"LINESTRING (116.402907 39.899731, 116.402876 39.899912)",1,20.30,unclassified,20,,,,auto,
3773,,12156,1034,1035,1,"LINESTRING (116.402876 39.899912, 116.402907 39.899731)",1,20.30,unclassified,20,,,,auto,
3774,,12158,817,806,1,"LINESTRING (116.400536 39.899084, 116.400548 39.898776)",1,34.26,tertiary,5,,,,auto,
3775,,12158,806,817,1,"LINESTRING (116.400548 39.898776, 116.400536 39.899084)",1,34.26,tertiary,5,,,,auto,
3776,,12159,817,1005,1,"LINESTRING (116.400536 39.899084, 116.400531 39.899171)",1,9.68,tertiary,5,,,,auto,
3777,,12159,1005,817,1,"LINESTRING (116.400531 39.899171, 116.400536 39.899084)",1,9.68,tertiary,5,,,,auto,
3778,崇文门西大街辅路,12180,1400,1401,1,"LINESTRING (116.411975 39.89942, 116.412026 39.899412)",1,4.44,primary,3,,,,auto,
3779,崇文门西大街辅路,12183,1387,1391,1,"LINESTRING (116.411969 39.899536, 116.411981 39.899534)",1,1.05,primary,3,,,,auto,
3780,崇文门西大街,12186,1386,147,1,"LINESTRING (116.411964 39.899641, 116.412167 39.899641)",1,17.32,primary,3,,,,auto,
3781,崇文门西大街,12189,373,1349,1,"LINESTRING (116.411957 39.89979, 116.410368 39.899737)",1,135.68,primary,3,,,,auto,
3782,北京站西街,12192,855,843,1,"LINESTRING (116.412548 39.899789, 116.412315 39.8998)",1,19.91,primary,3,,,,auto,
3783,北京站西街,12195,858,843,1,"LINESTRING (116.412523 39.899866, 116.412315 39.8998)",1,19.20,secondary,4,,,,auto,
3784,崇文门东大街,12198,844,177,1,"LINESTRING (116.412623 39.899595, 116.412753 39.899577)",1,11.27,primary,3,,,,auto,
3785,崇文门西大街辅路,12201,1402,150,1,"LINESTRING (116.412139 39.89935, 116.412202 39.899316)",1,6.57,primary,3,,,,auto,
3786,崇文门外大街,12204,1015,150,1,"LINESTRING (116.412198 39.899351, 116.412202 39.899316)",1,3.91,primary,3,,,,auto,
3787,崇文门外大街,12207,892,149,1,"LINESTRING (116.412392 39.899355, 116.412357 39.899633)",1,31.06,primary,3,,,,auto,
3788,锡拉胡同,12215,698,704,1,"LINESTRING (116.401985 39.914922, 116.402914 39.914936)",1,79.25,unclassified,20,,,,auto,
3789,锡拉胡同,12215,704,698,1,"LINESTRING (116.402914 39.914936, 116.401985 39.914922)",1,79.25,unclassified,20,,,,auto,
3790,锡拉胡同,12216,698,213,1,"LINESTRING (116.401985 39.914922, 116.400893 39.914906)",1,93.15,unclassified,20,,,,auto,
3791,锡拉胡同,12216,213,698,1,"LINESTRING (116.400893 39.914906, 116.401985 39.914922)",1,93.15,unclassified,20,,,,auto,
3792,崇文门西大街辅路,12220,1398,1399,1,"LINESTRING (116.411844 39.899432, 116.411878 39.899433)",1,2.90,primary,3,,,,auto,
3793,,12223,592,600,1,"LINESTRING (116.399971 39.922145, 116.400076 39.922147)",1,8.96,residential,6,,,,auto,
3794,,12223,600,592,1,"LINESTRING (116.400076 39.922147, 116.399971 39.922145)",1,8.96,residential,6,,,,auto,
3795,,12224,592,591,1,"LINESTRING (116.399971 39.922145, 116.399199 39.922135)",1,65.84,residential,6,,,,auto,
3796,,12224,591,592,1,"LINESTRING (116.399199 39.922135, 116.399971 39.922145)",1,65.84,residential,6,,,,auto,
3797,,12226,593,601,1,"LINESTRING (116.399992 39.921664, 116.400084 39.921666)",1,7.85,residential,6,,,,auto,
3798,,12226,601,593,1,"LINESTRING (116.400084 39.921666, 116.399992 39.921664)",1,7.85,residential,6,,,,auto,
3799,,12227,593,587,1,"LINESTRING (116.399992 39.921664, 116.399226 39.921648)",1,65.35,residential,6,,,,auto,
3800,,12227,587,593,1,"LINESTRING (116.399226 39.921648, 116.399992 39.921664)",1,65.35,residential,6,,,,auto,
3801,广场东侧路,12231,1295,531,1,"LINESTRING (116.393441 39.899157, 116.393316 39.901552)",1,266.53,secondary,4,70,4,,auto,
3802,东兴隆街,12241,1234,1235,1,"LINESTRING (116.409574 39.895823, 116.409763 39.895832)",1,16.15,tertiary,5,,,,auto,
3803,,12244,1407,1408,1,"LINESTRING (116.404489 39.922656, 116.404522 39.92262)",1,4.89,primary,3,,,,auto,
3804,前门大街,12245,96,1002,1,"LINESTRING (116.390227 39.897875, 116.390388 39.897786)",1,16.93,secondary,4,,,,auto,
3805,前门大街,12246,142,94,1,"LINESTRING (116.3899 39.898281, 116.389982 39.898121)",1,19.12,secondary,4,,,,auto,
3806,东单北大街,12282,182,179,1,"LINESTRING (116.41167 39.910629, 116.41167 39.910652)",1,2.56,primary,3,,,,auto,
3807,东单北大街,12282,179,182,1,"LINESTRING (116.41167 39.910652, 116.41167 39.910629)",1,2.56,primary,3,,,,auto,
3808,东单北大街,12283,182,184,1,"LINESTRING (116.41167 39.910629, 116.411683 39.910122)",1,56.39,primary,3,,,,auto,
3809,东单北大街,12283,184,182,1,"LINESTRING (116.411683 39.910122, 116.41167 39.910629)",1,56.39,primary,3,,,,auto,
3810,东单北大街,12288,1102,1052,1,"LINESTRING (116.41158 39.908901, 116.411586 39.908551)",1,38.92,primary,3,,,,auto,
3811,校尉胡同,12295,1318,941,1,"LINESTRING (116.407672 39.912482, 116.407654 39.911832)",1,72.29,tertiary,5,,,,auto,
3812,校尉胡同,12295,941,1318,1,"LINESTRING (116.407654 39.911832, 116.407672 39.912482)",1,72.29,tertiary,5,,,,auto,
3813,校尉胡同,12296,1318,1317,1,"LINESTRING (116.407672 39.912482, 116.407701 39.912671)",1,21.16,tertiary,5,,,,auto,
3814,校尉胡同,12296,1317,1318,1,"LINESTRING (116.407701 39.912671, 116.407672 39.912482)",1,21.16,tertiary,5,,,,auto,
3815,东单三条,12297,228,1495,1,"LINESTRING (116.408593 39.909204, 116.407596 39.909214)",1,85.04,tertiary,5,,,,auto,
3816,东单三条,12297,1495,228,1,"LINESTRING (116.407596 39.909214, 116.408593 39.909204)",1,85.04,tertiary,5,,,,auto,
3817,东单三条,12298,228,674,1,"LINESTRING (116.408593 39.909204, 116.409198 39.909198)",1,51.61,tertiary,5,,,,auto,
3818,东单三条,12298,674,228,1,"LINESTRING (116.409198 39.909198, 116.408593 39.909204)",1,51.61,tertiary,5,,,,auto,
3819,校尉胡同,12302,940,234,1,"LINESTRING (116.407576 39.91139, 116.407557 39.910719)",1,74.63,tertiary,5,,,,auto,
3820,景山前街,12312,1409,1410,1,"LINESTRING (116.3847 39.921212, 116.384577 39.921106)",1,15.78,primary,3,,,,auto,
3821,景山前街,12313,1197,1411,1,"LINESTRING (116.38471 39.921112, 116.384689 39.921063)",1,5.74,primary,3,,,,auto,
3822,前门东路,12316,103,1307,1,"LINESTRING (116.393545 39.898116, 116.393464 39.898254)",1,16.83,secondary,4,,,,auto,
3823,前门东大街,12317,1297,350,1,"LINESTRING (116.392559 39.898755, 116.392943 39.89876)",1,32.76,primary,3,,,,auto,
3824,大纱帽胡同,12322,225,655,1,"LINESTRING (116.405117 39.909144, 116.404337 39.909121)",1,66.58,residential,6,,,,auto,
3825,大纱帽胡同,12322,655,225,1,"LINESTRING (116.404337 39.909121, 116.405117 39.909144)",1,66.58,residential,6,,,,auto,
3826,大纱帽胡同,12323,225,223,1,"LINESTRING (116.405117 39.909144, 116.405153 39.909146)",1,3.08,residential,6,,,,auto,
3827,大纱帽胡同,12323,223,225,1,"LINESTRING (116.405153 39.909146, 116.405117 39.909144)",1,3.08,residential,6,,,,auto,
3828,王府井大街,12324,225,936,1,"LINESTRING (116.405117 39.909144, 116.405148 39.90861)",1,59.44,tertiary,5,,,,auto,
3829,东单三条,12325,224,677,1,"LINESTRING (116.405193 39.909146, 116.406576 39.909193)",1,118.08,tertiary,5,,,,auto,
3830,东单三条,12325,677,224,1,"LINESTRING (116.406576 39.909193, 116.405193 39.909146)",1,118.08,tertiary,5,,,,auto,
3831,东单三条,12326,224,223,1,"LINESTRING (116.405193 39.909146, 116.405153 39.909146)",1,3.41,tertiary,5,,,,auto,
3832,东单三条,12326,223,224,1,"LINESTRING (116.405153 39.909146, 116.405193 39.909146)",1,3.41,tertiary,5,,,,auto,
3833,王府井大街,12327,935,933,1,"LINESTRING (116.40518 39.907968, 116.405198 39.907553)",1,46.17,tertiary,5,,,,auto,
3834,霞公府街,12328,935,733,1,"LINESTRING (116.40518 39.907968, 116.403949 39.907935)",1,105.06,residential,6,,,,auto,
3835,霞公府街,12328,733,935,1,"LINESTRING (116.403949 39.907935, 116.40518 39.907968)",1,105.06,residential,6,,,,auto,
3836,王府井大街,12329,829,224,1,"LINESTRING (116.405228 39.908388, 116.405193 39.909146)",1,84.34,tertiary,5,,,,auto,
3837,台基厂大街,12331,1274,360,1,"LINESTRING (116.405218 39.906571, 116.405226 39.906433)",1,15.36,tertiary,5,,,,auto,
3838,台基厂大街,12331,360,1274,1,"LINESTRING (116.405226 39.906433, 116.405218 39.906571)",1,15.36,tertiary,5,,,,auto,
3839,东长安街,12332,1274,1090,1,"LINESTRING (116.405218 39.906571, 116.406139 39.906606)",1,78.65,trunk,2,,5,,auto,
3840,王府井大街,12333,1274,53,1,"LINESTRING (116.405218 39.906571, 116.40531 39.906759)",1,22.33,tertiary,5,,,,auto,
3841,晨光街,12334,506,684,1,"LINESTRING (116.401122 39.908297, 116.401117 39.908352)",1,6.13,residential,6,,,,auto,
3842,晨光街,12334,684,506,1,"LINESTRING (116.401117 39.908352, 116.401122 39.908297)",1,6.13,residential,6,,,,auto,
3843,晨光街,12335,506,505,1,"LINESTRING (116.401122 39.908297, 116.401136 39.908219)",1,8.76,residential,6,,,,auto,
3844,晨光街,12335,505,506,1,"LINESTRING (116.401136 39.908219, 116.401122 39.908297)",1,8.76,residential,6,,,,auto,
3845,晨光街,12336,684,683,1,"LINESTRING (116.401117 39.908352, 116.401096 39.909165)",1,90.42,residential,6,,,,auto,
3846,晨光街,12336,683,684,1,"LINESTRING (116.401096 39.909165, 116.401117 39.908352)",1,90.42,residential,6,,,,auto,
3847,晨光街,12337,684,506,1,"LINESTRING (116.401117 39.908352, 116.401122 39.908297)",1,6.13,residential,6,,,,auto,
3848,晨光街,12337,506,684,1,"LINESTRING (116.401122 39.908297, 116.401117 39.908352)",1,6.13,residential,6,,,,auto,
3849,霞公府街,12338,665,504,1,"LINESTRING (116.401592 39.907918, 116.401656 39.907907)",1,5.59,residential,6,,,,auto,
3850,霞公府街,12338,504,665,1,"LINESTRING (116.401656 39.907907, 116.401592 39.907918)",1,5.59,residential,6,,,,auto,
3851,霞公府街,12339,665,507,1,"LINESTRING (116.401592 39.907918, 116.401524 39.907944)",1,6.48,residential,6,,,,auto,
3852,霞公府街,12339,507,665,1,"LINESTRING (116.401524 39.907944, 116.401592 39.907918)",1,6.48,residential,6,,,,auto,
3853,霞公府街,12340,504,502,1,"LINESTRING (116.401656 39.907907, 116.401719 39.907901)",1,5.41,residential,6,,,,auto,
3854,霞公府街,12340,502,504,1,"LINESTRING (116.401719 39.907901, 116.401656 39.907907)",1,5.41,residential,6,,,,auto,
3855,霞公府街,12341,504,665,1,"LINESTRING (116.401656 39.907907, 116.401592 39.907918)",1,5.59,residential,6,,,,auto,
3856,霞公府街,12341,665,504,1,"LINESTRING (116.401592 39.907918, 116.401656 39.907907)",1,5.59,residential,6,,,,auto,
3857,王府井大街,12410,1246,1412,1,"LINESTRING (116.404637 39.920452, 116.404639 39.920355)",1,10.79,secondary,4,,,,auto,
3858,王府井大街,12410,1412,1246,1,"LINESTRING (116.404639 39.920355, 116.404637 39.920452)",1,10.79,secondary,4,,,,auto,
3859,王府井大街,12411,1246,418,1,"LINESTRING (116.404637 39.920452, 116.404626 39.920877)",1,47.27,secondary,4,,,,auto,
3860,王府井大街,12411,418,1246,1,"LINESTRING (116.404626 39.920877, 116.404637 39.920452)",1,47.27,secondary,4,,,,auto,
3861,王府井大街,12413,1412,1247,1,"LINESTRING (116.404639 39.920355, 116.404643 39.920267)",1,9.79,secondary,4,,,,auto,
3862,王府井大街,12413,1247,1412,1,"LINESTRING (116.404643 39.920267, 116.404639 39.920355)",1,9.79,secondary,4,,,,auto,
3863,王府井大街,12414,1412,1246,1,"LINESTRING (116.404639 39.920355, 116.404637 39.920452)",1,10.79,secondary,4,,,,auto,
3864,王府井大街,12414,1246,1412,1,"LINESTRING (116.404637 39.920452, 116.404639 39.920355)",1,10.79,secondary,4,,,,auto,
3865,王府井大街,12416,954,1316,1,"LINESTRING (116.404742 39.918021, 116.404753 39.917829)",1,21.37,secondary,4,,,,auto,
3866,王府井大街,12416,1316,954,1,"LINESTRING (116.404753 39.917829, 116.404742 39.918021)",1,21.37,secondary,4,,,,auto,
3867,王府井大街,12417,954,953,1,"LINESTRING (116.404742 39.918021, 116.404714 39.918627)",1,67.43,secondary,4,,,,auto,
3868,王府井大街,12417,953,954,1,"LINESTRING (116.404714 39.918627, 116.404742 39.918021)",1,67.43,secondary,4,,,,auto,
3869,锡拉胡同,12422,672,671,1,"LINESTRING (116.40469 39.914952, 116.404927 39.914954)",1,20.21,unclassified,20,,,,auto,
3870,锡拉胡同,12422,671,672,1,"LINESTRING (116.404927 39.914954, 116.40469 39.914952)",1,20.21,unclassified,20,,,,auto,
3871,锡拉胡同,12423,672,704,1,"LINESTRING (116.40469 39.914952, 116.402914 39.914936)",1,151.48,unclassified,20,,,,auto,
3872,锡拉胡同,12423,704,672,1,"LINESTRING (116.402914 39.914936, 116.40469 39.914952)",1,151.48,unclassified,20,,,,auto,
3873,,12424,262,260,1,"LINESTRING (116.404667 39.915492, 116.40487 39.915481)",1,17.36,unclassified,20,,,,auto,
3874,,12424,260,262,1,"LINESTRING (116.40487 39.915481, 116.404667 39.915492)",1,17.36,unclassified,20,,,,auto,
3875,,12425,262,624,1,"LINESTRING (116.404667 39.915492, 116.404493 39.915501)",1,14.87,unclassified,20,,,,auto,
3876,,12425,624,262,1,"LINESTRING (116.404493 39.915501, 116.404667 39.915492)",1,14.87,unclassified,20,,,,auto,
3877,柏树胡同,12430,256,255,1,"LINESTRING (116.405038 39.9162, 116.404813 39.916194)",1,19.20,unclassified,20,,,,auto,
3878,柏树胡同,12430,255,256,1,"LINESTRING (116.404813 39.916194, 116.405038 39.9162)",1,19.20,unclassified,20,,,,auto,
3879,柏树胡同,12431,256,687,1,"LINESTRING (116.405038 39.9162, 116.406012 39.91623)",1,83.13,unclassified,20,,,,auto,
3880,柏树胡同,12431,687,256,1,"LINESTRING (116.406012 39.91623, 116.405038 39.9162)",1,83.13,unclassified,20,,,,auto,
3881,甘雨胡同,12436,261,260,1,"LINESTRING (116.405117 39.915485, 116.40487 39.915481)",1,21.07,tertiary,5,,,,auto,
3882,甘雨胡同,12436,260,261,1,"LINESTRING (116.40487 39.915481, 116.405117 39.915485)",1,21.07,tertiary,5,,,,auto,
3883,甘雨胡同,12437,261,271,1,"LINESTRING (116.405117 39.915485, 116.405868 39.915497)",1,64.06,tertiary,5,,,,auto,
3884,甘雨胡同,12437,271,261,1,"LINESTRING (116.405868 39.915497, 116.405117 39.915485)",1,64.06,tertiary,5,,,,auto,
3885,王府井大街,12438,1247,647,1,"LINESTRING (116.404643 39.920267, 116.404647 39.920163)",1,11.57,secondary,4,,,,auto,
3886,王府井大街,12438,647,1247,1,"LINESTRING (116.404647 39.920163, 116.404643 39.920267)",1,11.57,secondary,4,,,,auto,
3887,王府井大街,12439,1247,1412,1,"LINESTRING (116.404643 39.920267, 116.404639 39.920355)",1,9.79,secondary,4,,,,auto,
3888,王府井大街,12439,1412,1247,1,"LINESTRING (116.404639 39.920355, 116.404643 39.920267)",1,9.79,secondary,4,,,,auto,
3889,煤渣胡同,12440,244,190,1,"LINESTRING (116.411488 39.912766, 116.411523 39.912766)",1,2.99,residential,6,,,,auto,
3890,煤渣胡同,12440,190,244,1,"LINESTRING (116.411523 39.912766, 116.411488 39.912766)",1,2.99,residential,6,,,,auto,
3891,煤渣胡同,12441,244,243,1,"LINESTRING (116.411488 39.912766, 116.409576 39.912752)",1,163.08,residential,6,,,,auto,
3892,煤渣胡同,12441,243,244,1,"LINESTRING (116.409576 39.912752, 116.411488 39.912766)",1,163.08,residential,6,,,,auto,
3893,柏树胡同,12444,269,1413,1,"LINESTRING (116.411353 39.916262, 116.41131 39.916265)",1,3.68,unclassified,20,,,,auto,
3894,煤渣胡同,12456,190,189,1,"LINESTRING (116.411523 39.912766, 116.411615 39.912767)",1,7.85,residential,6,,,,auto,
3895,煤渣胡同,12456,189,190,1,"LINESTRING (116.411615 39.912767, 116.411523 39.912766)",1,7.85,residential,6,,,,auto,
3896,煤渣胡同,12457,190,244,1,"LINESTRING (116.411523 39.912766, 116.411488 39.912766)",1,2.99,residential,6,,,,auto,
3897,煤渣胡同,12457,244,190,1,"LINESTRING (116.411488 39.912766, 116.411523 39.912766)",1,2.99,residential,6,,,,auto,
3898,东四南大街,12460,1414,192,1,"LINESTRING (116.411516 39.913097, 116.411609 39.913001)",1,13.30,primary,3,,1,,auto,
3899,东单北大街,12463,192,79,1,"LINESTRING (116.411609 39.913001, 116.411598 39.91345)",1,49.94,primary,3,,,,auto,
3900,东单北大街,12463,79,192,1,"LINESTRING (116.411598 39.91345, 116.411609 39.913001)",1,49.94,primary,3,,,,auto,
3901,东单北大街,12464,192,189,1,"LINESTRING (116.411609 39.913001, 116.411615 39.912767)",1,26.02,primary,3,,,,auto,
3902,东单北大街,12464,189,192,1,"LINESTRING (116.411615 39.912767, 116.411609 39.913001)",1,26.02,primary,3,,,,auto,
3903,东四南大街,12465,1415,1414,1,"LINESTRING (116.411465 39.913149, 116.411516 39.913097)",1,7.24,primary,3,,1,,auto,
3904,东四南大街,12466,1416,1415,1,"LINESTRING (116.411451 39.914016, 116.411465 39.913149)",1,96.41,primary,3,,1,,auto,
3905,金鱼胡同,12469,668,666,1,"LINESTRING (116.411371 39.914159, 116.410727 39.914155)",1,54.93,secondary,4,,,,auto,
3906,金鱼胡同,12469,666,668,1,"LINESTRING (116.410727 39.914155, 116.411371 39.914159)",1,54.93,secondary,4,,,,auto,
3907,金鱼胡同,12470,668,77,1,"LINESTRING (116.411371 39.914159, 116.411447 39.91416)",1,6.48,secondary,4,,,,auto,
3908,金鱼胡同,12470,77,668,1,"LINESTRING (116.411447 39.91416, 116.411371 39.914159)",1,6.48,secondary,4,,,,auto,
3909,金鱼胡同,12473,77,668,1,"LINESTRING (116.411447 39.91416, 116.411371 39.914159)",1,6.48,secondary,4,,,,auto,
3910,金鱼胡同,12473,668,77,1,"LINESTRING (116.411371 39.914159, 116.411447 39.91416)",1,6.48,secondary,4,,,,auto,
3911,金鱼胡同,12474,77,75,1,"LINESTRING (116.411447 39.91416, 116.411574 39.914161)",1,10.83,secondary,4,,,,auto,
3912,金鱼胡同,12474,75,77,1,"LINESTRING (116.411574 39.914161, 116.411447 39.91416)",1,10.83,secondary,4,,,,auto,
3913,东四南大街,12475,77,1416,1,"LINESTRING (116.411447 39.91416, 116.411451 39.914016)",1,16.02,primary,3,,1,,auto,
3914,西堂子胡同,12477,1417,268,1,"LINESTRING (116.411423 39.914874, 116.411453 39.914874)",1,2.56,residential,6,,,,auto,
3915,西堂子胡同,12477,268,1417,1,"LINESTRING (116.411453 39.914874, 116.411423 39.914874)",1,2.56,residential,6,,,,auto,
3916,西堂子胡同,12478,1417,1418,1,"LINESTRING (116.411423 39.914874, 116.411389 39.914874)",1,2.90,residential,6,,,,auto,
3917,西堂子胡同,12478,1418,1417,1,"LINESTRING (116.411389 39.914874, 116.411423 39.914874)",1,2.90,residential,6,,,,auto,
3918,东四南大街,12479,1417,77,1,"LINESTRING (116.411423 39.914874, 116.411447 39.91416)",1,79.42,primary,3,,1,,auto,
3919,东四南大街,12480,205,1417,1,"LINESTRING (116.411424 39.9155, 116.411423 39.914874)",1,69.61,primary,3,,1,,auto,
3920,西堂子胡同,12481,1418,1417,1,"LINESTRING (116.411389 39.914874, 116.411423 39.914874)",1,2.90,residential,6,,,,auto,
3921,西堂子胡同,12481,1417,1418,1,"LINESTRING (116.411423 39.914874, 116.411389 39.914874)",1,2.90,residential,6,,,,auto,
3922,西堂子胡同,12482,1418,737,1,"LINESTRING (116.411389 39.914874, 116.411348 39.914873)",1,3.50,residential,6,,,,auto,
3923,西堂子胡同,12482,737,1418,1,"LINESTRING (116.411348 39.914873, 116.411389 39.914874)",1,3.50,residential,6,,,,auto,
3924,西堂子胡同,12485,737,1418,1,"LINESTRING (116.411348 39.914873, 116.411389 39.914874)",1,3.50,residential,6,,,,auto,
3925,西堂子胡同,12485,1418,737,1,"LINESTRING (116.411389 39.914874, 116.411348 39.914873)",1,3.50,residential,6,,,,auto,
3926,西堂子胡同,12486,737,678,1,"LINESTRING (116.411348 39.914873, 116.408546 39.914826)",1,239.03,residential,6,,,,auto,
3927,西堂子胡同,12486,678,737,1,"LINESTRING (116.408546 39.914826, 116.411348 39.914873)",1,239.03,residential,6,,,,auto,
3928,甘雨胡同,12489,259,257,1,"LINESTRING (116.411319 39.915574, 116.410088 39.915574)",1,104.99,tertiary,5,,,,auto,
3929,甘雨胡同,12489,257,259,1,"LINESTRING (116.410088 39.915574, 116.411319 39.915574)",1,104.99,tertiary,5,,,,auto,
3930,甘雨胡同,12490,259,202,1,"LINESTRING (116.411319 39.915574, 116.411384 39.915576)",1,5.55,tertiary,5,,,,auto,
3931,甘雨胡同,12490,202,259,1,"LINESTRING (116.411384 39.915576, 116.411319 39.915574)",1,5.55,tertiary,5,,,,auto,
3932,柏树胡同,12493,1413,253,1,"LINESTRING (116.41131 39.916265, 116.410688 39.916265)",1,53.05,unclassified,20,,,,auto,
3933,灯市口大街,12502,1060,83,1,"LINESTRING (116.411234 39.917397, 116.411271 39.917401)",1,3.19,tertiary,5,,,,auto,
3934,灯市口大街,12502,83,1060,1,"LINESTRING (116.411271 39.917401, 116.411234 39.917397)",1,3.19,tertiary,5,,,,auto,
3935,灯市口大街,12503,1060,1059,1,"LINESTRING (116.411234 39.917397, 116.410491 39.917361)",1,63.49,tertiary,5,,,,auto,
3936,灯市口大街,12503,1059,1060,1,"LINESTRING (116.410491 39.917361, 116.411234 39.917397)",1,63.49,tertiary,5,,,,auto,
3937,西堂子胡同,12506,268,266,1,"LINESTRING (116.411453 39.914874, 116.411548 39.914876)",1,8.11,residential,6,,,,auto,
3938,西堂子胡同,12506,266,268,1,"LINESTRING (116.411548 39.914876, 116.411453 39.914874)",1,8.11,residential,6,,,,auto,
3939,西堂子胡同,12507,268,1417,1,"LINESTRING (116.411453 39.914874, 116.411423 39.914874)",1,2.56,residential,6,,,,auto,
3940,西堂子胡同,12507,1417,268,1,"LINESTRING (116.411423 39.914874, 116.411453 39.914874)",1,2.56,residential,6,,,,auto,
3941,甘雨胡同,12508,202,259,1,"LINESTRING (116.411384 39.915576, 116.411319 39.915574)",1,5.55,tertiary,5,,,,auto,
3942,甘雨胡同,12508,259,202,1,"LINESTRING (116.411319 39.915574, 116.411384 39.915576)",1,5.55,tertiary,5,,,,auto,
3943,甘雨胡同,12509,202,200,1,"LINESTRING (116.411384 39.915576, 116.411516 39.915576)",1,11.26,tertiary,5,,,,auto,
3944,甘雨胡同,12509,200,202,1,"LINESTRING (116.411516 39.915576, 116.411384 39.915576)",1,11.26,tertiary,5,,,,auto,
3945,灯市口大街,12516,83,80,1,"LINESTRING (116.411271 39.917401, 116.411427 39.917409)",1,13.33,tertiary,5,,,,auto,
3946,灯市口大街,12516,80,83,1,"LINESTRING (116.411427 39.917409, 116.411271 39.917401)",1,13.33,tertiary,5,,,,auto,
3947,灯市口大街,12517,83,1060,1,"LINESTRING (116.411271 39.917401, 116.411234 39.917397)",1,3.19,tertiary,5,,,,auto,
3948,灯市口大街,12517,1060,83,1,"LINESTRING (116.411234 39.917397, 116.411271 39.917401)",1,3.19,tertiary,5,,,,auto,
3949,东四南大街,12524,198,196,1,"LINESTRING (116.411399 39.91862, 116.411393 39.91886)",1,26.69,primary,3,,,,auto,
3950,东四南大街,12524,196,198,1,"LINESTRING (116.411393 39.91886, 116.411399 39.91862)",1,26.69,primary,3,,,,auto,
3951,东四南大街,12525,198,197,1,"LINESTRING (116.411399 39.91862, 116.411405 39.918401)",1,24.36,primary,3,,,,auto,
3952,东四南大街,12525,197,198,1,"LINESTRING (116.411405 39.918401, 116.411399 39.91862)",1,24.36,primary,3,,,,auto,
3953,外交部街,12537,187,186,1,"LINESTRING (116.411811 39.911344, 116.411652 39.911343)",1,13.56,residential,6,,,,auto,
3954,外交部街,12537,186,187,1,"LINESTRING (116.411652 39.911343, 116.411811 39.911344)",1,13.56,residential,6,,,,auto,
3955,东堂子胡同,12540,191,189,1,"LINESTRING (116.411778 39.912769, 116.411615 39.912767)",1,13.90,residential,6,,,,auto,
3956,东堂子胡同,12540,189,191,1,"LINESTRING (116.411615 39.912767, 116.411778 39.912769)",1,13.90,residential,6,,,,auto,
3957,金宝街,12553,78,1055,1,"LINESTRING (116.41171 39.91415, 116.411766 39.914146)",1,4.80,secondary,4,,,,auto,
3958,金宝街,12556,1057,75,1,"LINESTRING (116.41171 39.914206, 116.411574 39.914161)",1,12.63,secondary,4,,,,auto,
3959,干面胡同,12567,201,740,1,"LINESTRING (116.411637 39.915578, 116.412545 39.91559)",1,77.45,residential,6,,,,auto,
3960,干面胡同,12567,740,201,1,"LINESTRING (116.412545 39.91559, 116.411637 39.915578)",1,77.45,residential,6,,,,auto,
3961,干面胡同,12568,201,200,1,"LINESTRING (116.411637 39.915578, 116.411516 39.915576)",1,10.32,residential,6,,,,auto,
3962,干面胡同,12568,200,201,1,"LINESTRING (116.411516 39.915576, 116.411637 39.915578)",1,10.32,residential,6,,,,auto,
3963,东华门大街,12630,69,1335,1,"LINESTRING (116.396612 39.913766, 116.396198 39.913752)",1,35.34,unclassified,20,,,,auto,
3964,东华门大街,12630,1335,69,1,"LINESTRING (116.396198 39.913752, 116.396612 39.913766)",1,35.34,unclassified,20,,,,auto,
3965,东华门大街,12631,69,65,1,"LINESTRING (116.396612 39.913766, 116.396732 39.91377)",1,10.24,unclassified,20,,,,auto,
3966,东华门大街,12631,65,69,1,"LINESTRING (116.396732 39.91377, 116.396612 39.913766)",1,10.24,unclassified,20,,,,auto,
3967,广场东侧路,12682,906,1419,1,"LINESTRING (116.39321 39.903804, 116.393179 39.904372)",1,63.21,secondary,4,70,4,,auto,
3968,,12683,1420,1228,1,"LINESTRING (116.3931 39.905836, 116.393097 39.905897)",1,6.79,secondary,4,,,,auto,
3969,广场东侧路,12742,904,905,1,"LINESTRING (116.393301 39.901895, 116.393214 39.903728)",1,203.96,secondary,4,70,4,,auto,
3970,广场东侧路,12743,1419,1420,1,"LINESTRING (116.393179 39.904372, 116.3931 39.905836)",1,162.93,secondary,4,70,5,,auto,
3971,崇文门内大街,12761,1353,964,1,"LINESTRING (116.411896 39.903771, 116.411967 39.902722)",1,116.80,primary,3,,,,auto,
3972,祈年大街,12780,318,1054,1,"LINESTRING (116.405925 39.895872, 116.405861 39.896987)",1,124.10,secondary,4,,,,auto,
3973,东兴隆街,12781,318,316,1,"LINESTRING (116.405925 39.895872, 116.405719 39.895894)",1,17.74,tertiary,5,,,,auto,
3974,东兴隆街,12781,316,318,1,"LINESTRING (116.405719 39.895894, 116.405925 39.895872)",1,17.74,tertiary,5,,,,auto,
3975,东兴隆街,12782,318,295,1,"LINESTRING (116.405925 39.895872, 116.406601 39.895871)",1,57.67,tertiary,5,,,,auto,
3976,东兴隆街,12782,295,318,1,"LINESTRING (116.406601 39.895871, 116.405925 39.895872)",1,57.67,tertiary,5,,,,auto,
3977,崇文门西河沿,12802,1421,334,1,"LINESTRING (116.403214 39.898342, 116.401497 39.898217)",1,147.13,tertiary,5,,,,auto,
3978,崇文门西河沿,12802,334,1421,1,"LINESTRING (116.401497 39.898217, 116.403214 39.898342)",1,147.13,tertiary,5,,,,auto,
3979,崇文门西河沿,12803,1421,1422,1,"LINESTRING (116.403214 39.898342, 116.403566 39.89834)",1,30.03,tertiary,5,,,,auto,
3980,崇文门西河沿,12803,1422,1421,1,"LINESTRING (116.403566 39.89834, 116.403214 39.898342)",1,30.03,tertiary,5,,,,auto,
3981,崇文门西河沿,12804,1422,1421,1,"LINESTRING (116.403566 39.89834, 116.403214 39.898342)",1,30.03,tertiary,5,,,,auto,
3982,崇文门西河沿,12804,1421,1422,1,"LINESTRING (116.403214 39.898342, 116.403566 39.89834)",1,30.03,tertiary,5,,,,auto,
3983,崇文门西河沿,12805,1422,526,1,"LINESTRING (116.403566 39.89834, 116.403629 39.898312)",1,6.21,tertiary,5,,,,auto,
3984,崇文门西河沿,12805,526,1422,1,"LINESTRING (116.403629 39.898312, 116.403566 39.89834)",1,6.21,tertiary,5,,,,auto,
3985,崇文门西河沿,12806,526,1422,1,"LINESTRING (116.403629 39.898312, 116.403566 39.89834)",1,6.21,tertiary,5,,,,auto,
3986,崇文门西河沿,12806,1422,526,1,"LINESTRING (116.403566 39.89834, 116.403629 39.898312)",1,6.21,tertiary,5,,,,auto,
3987,崇文门西河沿,12807,526,338,1,"LINESTRING (116.403629 39.898312, 116.403644 39.898276)",1,4.20,tertiary,5,,,,auto,
3988,崇文门西河沿,12807,338,526,1,"LINESTRING (116.403644 39.898276, 116.403629 39.898312)",1,4.20,tertiary,5,,,,auto,
3989,崇文门西河沿,12808,334,331,1,"LINESTRING (116.401497 39.898217, 116.400599 39.898132)",1,77.19,tertiary,5,,,,auto,
3990,崇文门西河沿,12808,331,334,1,"LINESTRING (116.400599 39.898132, 116.401497 39.898217)",1,77.19,tertiary,5,,,,auto,
3991,崇文门西河沿,12809,334,1421,1,"LINESTRING (116.401497 39.898217, 116.403214 39.898342)",1,147.13,tertiary,5,,,,auto,
3992,崇文门西河沿,12809,1421,334,1,"LINESTRING (116.403214 39.898342, 116.401497 39.898217)",1,147.13,tertiary,5,,,,auto,
3993,五四大街,12810,1250,114,1,"LINESTRING (116.396843 39.922321, 116.396804 39.922292)",1,4.63,primary,3,,,,auto,
3994,五四大街,12810,114,1250,1,"LINESTRING (116.396804 39.922292, 116.396843 39.922321)",1,4.63,primary,3,,,,auto,
3995,五四大街,12811,1250,1267,1,"LINESTRING (116.396843 39.922321, 116.397253 39.922651)",1,50.68,primary,3,,,,auto,
3996,五四大街,12811,1267,1250,1,"LINESTRING (116.397253 39.922651, 116.396843 39.922321)",1,50.68,primary,3,,,,auto,
3997,景山前街,12813,1338,1071,1,"LINESTRING (116.393446 39.922007, 116.393615 39.92201)",1,14.42,primary,3,,,,auto,
3998,五四大街,12830,1423,1424,1,"LINESTRING (116.396734 39.922345, 116.396651 39.922291)",1,9.28,primary,3,,,,auto,
3999,五四大街,12831,1424,1425,1,"LINESTRING (116.396651 39.922291, 116.396564 39.922255)",1,8.43,primary,3,,,,auto,
4000,五四大街,12832,1425,1426,1,"LINESTRING (116.396564 39.922255, 116.396439 39.922218)",1,11.43,primary,3,,,,auto,
4001,五四大街,12833,1426,1427,1,"LINESTRING (116.396439 39.922218, 116.396373 39.9222)",1,5.97,primary,3,,,,auto,
4002,景山前街,12834,1428,1429,1,"LINESTRING (116.395788 39.922145, 116.393441 39.922076)",1,200.29,primary,3,,,,auto,
4003,景山前街,12835,1430,1431,1,"LINESTRING (116.385028 39.921532, 116.384823 39.921323)",1,29.08,primary,3,,,,auto,
4004,景山前街,12836,1431,1409,1,"LINESTRING (116.384823 39.921323, 116.3847 39.921212)",1,16.20,primary,3,,,,auto,
4005,景山前街,12837,921,127,1,"LINESTRING (116.385092 39.921478, 116.38519 39.921556)",1,12.04,primary,3,,,,auto,
4006,景山前街,12838,1432,1433,1,"LINESTRING (116.385309 39.921704, 116.385211 39.921654)",1,10.04,primary,3,,,,auto,
4007,文津街,12839,1306,1195,1,"LINESTRING (116.38448 39.920873, 116.384395 39.920843)",1,7.98,primary,3,,,,auto,
4008,景山前街,12840,1411,1198,1,"LINESTRING (116.384689 39.921063, 116.384667 39.921014)",1,5.76,primary,3,,,,auto,
4009,,12841,1200,1434,1,"LINESTRING (116.384648 39.920954, 116.384647 39.920906)",1,5.34,tertiary,5,,,,auto,
4010,,12842,1434,1305,1,"LINESTRING (116.384647 39.920906, 116.384651 39.920876)",1,3.35,tertiary,5,,,,auto,
4011,,12843,1304,1199,1,"LINESTRING (116.384586 39.920896, 116.384532 39.920908)",1,4.79,tertiary,5,,,,auto,
4012,景山前街,12846,1435,1428,1,"LINESTRING (116.396053 39.922154, 116.395788 39.922145)",1,22.62,primary,3,,,,auto,
4013,北池子大街,12851,118,1496,1,"LINESTRING (116.396237 39.922173, 116.396252 39.922095)",1,8.77,tertiary,5,,1,,auto,
4014,北池子大街,12851,1496,118,1,"LINESTRING (116.396252 39.922095, 116.396237 39.922173)",1,8.77,tertiary,5,,1,,auto,
4015,景山前街,12852,118,1435,1,"LINESTRING (116.396237 39.922173, 116.396053 39.922154)",1,15.83,primary,3,,,,auto,
4016,五四大街,12853,1427,118,1,"LINESTRING (116.396373 39.9222, 116.396237 39.922173)",1,11.98,primary,3,,,,auto,
4017,景山前街,12858,125,122,1,"LINESTRING (116.385636 39.921721, 116.385824 39.921737)",1,16.13,primary,3,,,,auto,
4018,景山西街,12860,1154,1153,1,"LINESTRING (116.387535 39.92189, 116.387532 39.921925)",1,3.90,tertiary,5,,1,,auto,
4019,景山西街,12860,1153,1154,1,"LINESTRING (116.387532 39.921925, 116.387535 39.92189)",1,3.90,tertiary,5,,1,,auto,
4020,景山西街,12861,1154,164,1,"LINESTRING (116.387535 39.92189, 116.387535 39.921848)",1,4.67,tertiary,5,,1,,auto,
4021,景山西街,12861,164,1154,1,"LINESTRING (116.387535 39.921848, 116.387535 39.92189)",1,4.67,tertiary,5,,1,,auto,
4022,景山东街,12862,1336,1337,1,"LINESTRING (116.393379 39.922074, 116.393382 39.922003)",1,7.90,tertiary,5,,,,auto,
4023,景山东街,12862,1337,1336,1,"LINESTRING (116.393382 39.922003, 116.393379 39.922074)",1,7.90,tertiary,5,,,,auto,
4024,景山东街,12863,1336,1076,1,"LINESTRING (116.393379 39.922074, 116.393377 39.922132)",1,6.45,tertiary,5,,,,auto,
4025,景山东街,12863,1076,1336,1,"LINESTRING (116.393377 39.922132, 116.393379 39.922074)",1,6.45,tertiary,5,,,,auto,
4026,景山前街,12864,1336,1436,1,"LINESTRING (116.393379 39.922074, 116.393301 39.922071)",1,6.66,primary,3,,,,auto,
4027,景山前街,12865,1437,1438,1,"LINESTRING (116.387523 39.921847, 116.387338 39.921841)",1,15.79,primary,3,,,,auto,
4028,景山前街,12866,1439,1440,1,"LINESTRING (116.385757 39.921784, 116.385629 39.921778)",1,10.94,primary,3,,,,auto,
4029,景山前街,12867,1440,1441,1,"LINESTRING (116.385629 39.921778, 116.385482 39.921757)",1,12.75,primary,3,,,,auto,
4030,景山前街,12868,1441,126,1,"LINESTRING (116.385482 39.921757, 116.385442 39.92175)",1,3.50,primary,3,,,,auto,
4031,,12869,126,554,1,"LINESTRING (116.385442 39.92175, 116.385437 39.921806)",1,6.24,residential,6,,,,auto,
4032,,12869,554,126,1,"LINESTRING (116.385437 39.921806, 116.385442 39.92175)",1,6.24,residential,6,,,,auto,
4033,景山前街,12870,126,1442,1,"LINESTRING (116.385442 39.92175, 116.385379 39.921731)",1,5.77,primary,3,,,,auto,
4034,,12871,126,124,1,"LINESTRING (116.385442 39.92175, 116.385446 39.921683)",1,7.46,residential,6,,,,auto,
4035,,12871,124,126,1,"LINESTRING (116.385446 39.921683, 116.385442 39.92175)",1,7.46,residential,6,,,,auto,
4036,景山前街,12872,1442,1432,1,"LINESTRING (116.385379 39.921731, 116.385309 39.921704)",1,6.68,primary,3,,,,auto,
4037,景山前街,12873,1433,1443,1,"LINESTRING (116.385211 39.921654, 116.385138 39.921615)",1,7.59,primary,3,,,,auto,
4038,景山前街,12874,1443,1430,1,"LINESTRING (116.385138 39.921615, 116.385028 39.921532)",1,13.16,primary,3,,,,auto,
4039,景山前街,12875,1410,1444,1,"LINESTRING (116.384577 39.921106, 116.384552 39.92108)",1,3.59,primary,3,,,,auto,
4040,景山前街,12876,1444,1445,1,"LINESTRING (116.384552 39.92108, 116.384499 39.92103)",1,7.17,primary,3,,,,auto,
4041,景山前街,12877,1445,1446,1,"LINESTRING (116.384499 39.92103, 116.384409 39.920965)",1,10.54,primary,3,,,,auto,
4042,景山前街,12878,1446,1302,1,"LINESTRING (116.384409 39.920965, 116.384358 39.920937)",1,5.35,primary,3,,,,auto,
4043,景山前街,12881,1447,1439,1,"LINESTRING (116.386136 39.921797, 116.385757 39.921784)",1,32.35,primary,3,,,,auto,
4044,景山前街,12883,1429,1336,1,"LINESTRING (116.393441 39.922076, 116.393379 39.922074)",1,5.29,primary,3,,,,auto,
4045,景山前街,12885,1436,164,1,"LINESTRING (116.393301 39.922071, 116.387535 39.921848)",1,492.34,primary,3,,,,auto,
4046,景山西街,12886,164,1154,1,"LINESTRING (116.387535 39.921848, 116.387535 39.92189)",1,4.67,tertiary,5,,1,,auto,
4047,景山西街,12886,1154,164,1,"LINESTRING (116.387535 39.92189, 116.387535 39.921848)",1,4.67,tertiary,5,,1,,auto,
4048,景山西街,12887,164,163,1,"LINESTRING (116.387535 39.921848, 116.387536 39.921783)",1,7.23,tertiary,5,,1,,auto,
4049,景山西街,12887,163,164,1,"LINESTRING (116.387536 39.921783, 116.387535 39.921848)",1,7.23,tertiary,5,,1,,auto,
4050,景山前街,12888,164,1437,1,"LINESTRING (116.387535 39.921848, 116.387523 39.921847)",1,1.03,primary,3,,,,auto,
4051,景山前街,12891,1438,1447,1,"LINESTRING (116.387338 39.921841, 116.386136 39.921797)",1,102.62,primary,3,,,,auto,
4052,正义路,12895,773,753,1,"LINESTRING (116.400616 39.905448, 116.400578 39.906228)",1,86.79,tertiary,5,,,,auto,
4053,前门东大街,12908,1013,380,1,"LINESTRING (116.395552 39.899105, 116.39581 39.899145)",1,22.45,primary,3,,,,auto,
4054,前门东大街,12909,107,975,1,"LINESTRING (116.396799 39.899247, 116.397312 39.899265)",1,43.81,primary,3,,,,auto,
4055,东交民巷,12918,286,288,1,"LINESTRING (116.411909 39.900628, 116.412075 39.900622)",1,14.18,unclassified,20,,,,auto,
4056,东交民巷,12918,288,286,1,"LINESTRING (116.412075 39.900622, 116.411909 39.900628)",1,14.18,unclassified,20,,,,auto,
4057,东交民巷,12919,286,285,1,"LINESTRING (116.411909 39.900628, 116.410922 39.900668)",1,84.31,unclassified,20,,,,auto,
4058,东交民巷,12919,285,286,1,"LINESTRING (116.410922 39.900668, 116.411909 39.900628)",1,84.31,unclassified,20,,,,auto,
4059,东四南大街,12924,1268,1270,1,"LINESTRING (116.41128 39.922632, 116.41128 39.922645)",1,1.45,primary,3,,,,auto,
4060,东四南大街,12924,1270,1268,1,"LINESTRING (116.41128 39.922645, 116.41128 39.922632)",1,1.45,primary,3,,,,auto,
4061,东四南大街,12925,1268,1031,1,"LINESTRING (116.41128 39.922632, 116.41131 39.92188)",1,83.66,primary,3,,,,auto,
4062,东四南大街,12925,1031,1268,1,"LINESTRING (116.41131 39.92188, 116.41128 39.922632)",1,83.66,primary,3,,,,auto,
4063,王府井大街,12931,1245,1244,1,"LINESTRING (116.404586 39.922622, 116.404587 39.92255)",1,8.01,secondary,4,,,,auto,
4064,王府井大街,12931,1244,1245,1,"LINESTRING (116.404587 39.92255, 116.404586 39.922622)",1,8.01,secondary,4,,,,auto,
4065,王府井大街,12932,1245,1266,1,"LINESTRING (116.404586 39.922622, 116.404586 39.922659)",1,4.11,secondary,4,,,,auto,
4066,王府井大街,12932,1266,1245,1,"LINESTRING (116.404586 39.922659, 116.404586 39.922622)",1,4.11,secondary,4,,,,auto,
4067,,12933,1408,1244,1,"LINESTRING (116.404522 39.92262, 116.404587 39.92255)",1,9.56,primary,3,,,,auto,
4068,,12962,1448,1449,1,"LINESTRING (116.402843 39.897127, 116.402964 39.897128)",1,10.32,residential,6,,,,auto,
4069,,12962,1449,1448,1,"LINESTRING (116.402964 39.897128, 116.402843 39.897127)",1,10.32,residential,6,,,,auto,
4070,,12963,1448,1450,1,"LINESTRING (116.402843 39.897127, 116.402816 39.897159)",1,4.24,residential,6,,,,auto,
4071,,12963,1450,1448,1,"LINESTRING (116.402816 39.897159, 116.402843 39.897127)",1,4.24,residential,6,,,,auto,
4072,,12964,1449,1448,1,"LINESTRING (116.402964 39.897128, 116.402843 39.897127)",1,10.32,residential,6,,,,auto,
4073,,12964,1448,1449,1,"LINESTRING (116.402843 39.897127, 116.402964 39.897128)",1,10.32,residential,6,,,,auto,
4074,,12965,1449,1069,1,"LINESTRING (116.402964 39.897128, 116.40361 39.897144)",1,55.14,residential,6,,,,auto,
4075,,12965,1069,1449,1,"LINESTRING (116.40361 39.897144, 116.402964 39.897128)",1,55.14,residential,6,,,,auto,
4076,,12966,1449,1451,1,"LINESTRING (116.402964 39.897128, 116.402974 39.896786)",1,38.04,residential,6,,,,auto,
4077,,12966,1451,1449,1,"LINESTRING (116.402974 39.896786, 116.402964 39.897128)",1,38.04,residential,6,,,,auto,
4078,,12967,1451,1449,1,"LINESTRING (116.402974 39.896786, 116.402964 39.897128)",1,38.04,residential,6,,,,auto,
4079,,12967,1449,1451,1,"LINESTRING (116.402964 39.897128, 116.402974 39.896786)",1,38.04,residential,6,,,,auto,
4080,,12968,1452,1453,1,"LINESTRING (116.402799 39.897196, 116.402797 39.897235)",1,4.34,residential,6,,,,auto,
4081,,12968,1453,1452,1,"LINESTRING (116.402797 39.897235, 116.402799 39.897196)",1,4.34,residential,6,,,,auto,
4082,,12969,1452,1450,1,"LINESTRING (116.402799 39.897196, 116.402816 39.897159)",1,4.36,residential,6,,,,auto,
4083,,12969,1450,1452,1,"LINESTRING (116.402816 39.897159, 116.402799 39.897196)",1,4.36,residential,6,,,,auto,
4084,,12970,1454,1455,1,"LINESTRING (116.402822 39.897359, 116.402854 39.897405)",1,5.80,residential,6,,,,auto,
4085,,12970,1455,1454,1,"LINESTRING (116.402854 39.897405, 116.402822 39.897359)",1,5.80,residential,6,,,,auto,
4086,,12971,1454,1456,1,"LINESTRING (116.402822 39.897359, 116.402808 39.89732)",1,4.50,residential,6,,,,auto,
4087,,12971,1456,1454,1,"LINESTRING (116.402808 39.89732, 116.402822 39.897359)",1,4.50,residential,6,,,,auto,
4088,,12972,1457,1458,1,"LINESTRING (116.402902 39.897448, 116.402913 39.89747)",1,2.62,residential,6,,,,auto,
4089,,12972,1458,1457,1,"LINESTRING (116.402913 39.89747, 116.402902 39.897448)",1,2.62,residential,6,,,,auto,
4090,,12973,1457,1459,1,"LINESTRING (116.402902 39.897448, 116.402879 39.897426)",1,3.14,residential,6,,,,auto,
4091,,12973,1459,1457,1,"LINESTRING (116.402879 39.897426, 116.402902 39.897448)",1,3.14,residential,6,,,,auto,
4092,,12974,1460,1461,1,"LINESTRING (116.402922 39.897541, 116.40293 39.897561)",1,2.33,residential,6,,,,auto,
4093,,12974,1461,1460,1,"LINESTRING (116.40293 39.897561, 116.402922 39.897541)",1,2.33,residential,6,,,,auto,
4094,,12975,1460,1462,1,"LINESTRING (116.402922 39.897541, 116.402917 39.897513)",1,3.14,residential,6,,,,auto,
4095,,12975,1462,1460,1,"LINESTRING (116.402917 39.897513, 116.402922 39.897541)",1,3.14,residential,6,,,,auto,
4096,,12976,1463,1464,1,"LINESTRING (116.402973 39.897614, 116.403007 39.897641)",1,4.17,residential,6,,,,auto,
4097,,12976,1464,1463,1,"LINESTRING (116.403007 39.897641, 116.402973 39.897614)",1,4.17,residential,6,,,,auto,
4098,,12977,1463,1465,1,"LINESTRING (116.402973 39.897614, 116.402942 39.89758)",1,4.61,residential,6,,,,auto,
4099,,12977,1465,1463,1,"LINESTRING (116.402942 39.89758, 116.402973 39.897614)",1,4.61,residential,6,,,,auto,
4100,,12978,1466,1467,1,"LINESTRING (116.403053 39.897664, 116.403073 39.897669)",1,1.79,residential,6,,,,auto,
4101,,12978,1467,1466,1,"LINESTRING (116.403073 39.897669, 116.403053 39.897664)",1,1.79,residential,6,,,,auto,
4102,,12979,1466,1468,1,"LINESTRING (116.403053 39.897664, 116.403028 39.897654)",1,2.41,residential,6,,,,auto,
4103,,12979,1468,1466,1,"LINESTRING (116.403028 39.897654, 116.403053 39.897664)",1,2.41,residential,6,,,,auto,
4104,,12980,1469,1470,1,"LINESTRING (116.403151 39.897675, 116.403237 39.897676)",1,7.34,residential,6,,,,auto,
4105,,12980,1470,1469,1,"LINESTRING (116.403237 39.897676, 116.403151 39.897675)",1,7.34,residential,6,,,,auto,
4106,,12981,1469,1471,1,"LINESTRING (116.403151 39.897675, 116.403095 39.897672)",1,4.79,residential,6,,,,auto,
4107,,12981,1471,1469,1,"LINESTRING (116.403095 39.897672, 116.403151 39.897675)",1,4.79,residential,6,,,,auto,
4108,,12982,1470,1472,1,"LINESTRING (116.403237 39.897676, 116.403357 39.897678)",1,10.24,residential,6,,,,auto,
4109,,12982,1472,1470,1,"LINESTRING (116.403357 39.897678, 116.403237 39.897676)",1,10.24,residential,6,,,,auto,
4110,,12983,1470,1469,1,"LINESTRING (116.403237 39.897676, 116.403151 39.897675)",1,7.34,residential,6,,,,auto,
4111,,12983,1469,1470,1,"LINESTRING (116.403151 39.897675, 116.403237 39.897676)",1,7.34,residential,6,,,,auto,
4112,,12984,1472,1473,1,"LINESTRING (116.403357 39.897678, 116.403407 39.89768)",1,4.27,residential,6,,,,auto,
4113,,12984,1473,1472,1,"LINESTRING (116.403407 39.89768, 116.403357 39.897678)",1,4.27,residential,6,,,,auto,
4114,,12985,1472,1470,1,"LINESTRING (116.403357 39.897678, 116.403237 39.897676)",1,10.24,residential,6,,,,auto,
4115,,12985,1470,1472,1,"LINESTRING (116.403237 39.897676, 116.403357 39.897678)",1,10.24,residential,6,,,,auto,
4116,,12986,1473,1474,1,"LINESTRING (116.403407 39.89768, 116.403405 39.897768)",1,9.79,residential,6,,,,auto,
4117,,12986,1474,1473,1,"LINESTRING (116.403405 39.897768, 116.403407 39.89768)",1,9.79,residential,6,,,,auto,
4118,,12987,1473,1472,1,"LINESTRING (116.403407 39.89768, 116.403357 39.897678)",1,4.27,residential,6,,,,auto,
4119,,12987,1472,1473,1,"LINESTRING (116.403357 39.897678, 116.403407 39.89768)",1,4.27,residential,6,,,,auto,
4120,,12988,1474,1475,1,"LINESTRING (116.403405 39.897768, 116.403404 39.897835)",1,7.45,residential,6,,,,auto,
4121,,12988,1475,1474,1,"LINESTRING (116.403404 39.897835, 116.403405 39.897768)",1,7.45,residential,6,,,,auto,
4122,,12989,1474,1473,1,"LINESTRING (116.403405 39.897768, 116.403407 39.89768)",1,9.79,residential,6,,,,auto,
4123,,12989,1473,1474,1,"LINESTRING (116.403407 39.89768, 116.403405 39.897768)",1,9.79,residential,6,,,,auto,
4124,,12992,1476,1475,1,"LINESTRING (116.403404 39.897881, 116.403404 39.897835)",1,5.11,residential,6,,,,auto,
4125,,12992,1475,1476,1,"LINESTRING (116.403404 39.897835, 116.403404 39.897881)",1,5.11,residential,6,,,,auto,
4126,,12993,1450,1452,1,"LINESTRING (116.402816 39.897159, 116.402799 39.897196)",1,4.36,residential,6,,,,auto,
4127,,12993,1452,1450,1,"LINESTRING (116.402799 39.897196, 116.402816 39.897159)",1,4.36,residential,6,,,,auto,
4128,,12994,1450,1448,1,"LINESTRING (116.402816 39.897159, 116.402843 39.897127)",1,4.24,residential,6,,,,auto,
4129,,12994,1448,1450,1,"LINESTRING (116.402843 39.897127, 116.402816 39.897159)",1,4.24,residential,6,,,,auto,
4130,,12995,1477,1456,1,"LINESTRING (116.402803 39.89728, 116.402808 39.89732)",1,4.47,residential,6,,,,auto,
4131,,12995,1456,1477,1,"LINESTRING (116.402808 39.89732, 116.402803 39.89728)",1,4.47,residential,6,,,,auto,
4132,,12996,1477,1453,1,"LINESTRING (116.402803 39.89728, 116.402797 39.897235)",1,5.03,residential,6,,,,auto,
4133,,12996,1453,1477,1,"LINESTRING (116.402797 39.897235, 116.402803 39.89728)",1,5.03,residential,6,,,,auto,
4134,,12997,1465,1463,1,"LINESTRING (116.402942 39.89758, 116.402973 39.897614)",1,4.61,residential,6,,,,auto,
4135,,12997,1463,1465,1,"LINESTRING (116.402973 39.897614, 116.402942 39.89758)",1,4.61,residential,6,,,,auto,
4136,,12998,1465,1461,1,"LINESTRING (116.402942 39.89758, 116.40293 39.897561)",1,2.35,residential,6,,,,auto,
4137,,12998,1461,1465,1,"LINESTRING (116.40293 39.897561, 116.402942 39.89758)",1,2.35,residential,6,,,,auto,
4138,,12999,1478,1462,1,"LINESTRING (116.402918 39.897493, 116.402917 39.897513)",1,2.23,residential,6,,,,auto,
4139,,12999,1462,1478,1,"LINESTRING (116.402917 39.897513, 116.402918 39.897493)",1,2.23,residential,6,,,,auto,
4140,,13000,1478,1458,1,"LINESTRING (116.402918 39.897493, 116.402913 39.89747)",1,2.59,residential,6,,,,auto,
4141,,13000,1458,1478,1,"LINESTRING (116.402913 39.89747, 116.402918 39.897493)",1,2.59,residential,6,,,,auto,
4142,,13001,1455,1459,1,"LINESTRING (116.402854 39.897405, 116.402879 39.897426)",1,3.16,residential,6,,,,auto,
4143,,13001,1459,1455,1,"LINESTRING (116.402879 39.897426, 116.402854 39.897405)",1,3.16,residential,6,,,,auto,
4144,,13002,1455,1454,1,"LINESTRING (116.402854 39.897405, 116.402822 39.897359)",1,5.80,residential,6,,,,auto,
4145,,13002,1454,1455,1,"LINESTRING (116.402822 39.897359, 116.402854 39.897405)",1,5.80,residential,6,,,,auto,
4146,,13003,1453,1477,1,"LINESTRING (116.402797 39.897235, 116.402803 39.89728)",1,5.03,residential,6,,,,auto,
4147,,13003,1477,1453,1,"LINESTRING (116.402803 39.89728, 116.402797 39.897235)",1,5.03,residential,6,,,,auto,
4148,,13004,1453,1452,1,"LINESTRING (116.402797 39.897235, 116.402799 39.897196)",1,4.34,residential,6,,,,auto,
4149,,13004,1452,1453,1,"LINESTRING (116.402799 39.897196, 116.402797 39.897235)",1,4.34,residential,6,,,,auto,
4150,,13005,1456,1454,1,"LINESTRING (116.402808 39.89732, 116.402822 39.897359)",1,4.50,residential,6,,,,auto,
4151,,13005,1454,1456,1,"LINESTRING (116.402822 39.897359, 116.402808 39.89732)",1,4.50,residential,6,,,,auto,
4152,,13006,1456,1477,1,"LINESTRING (116.402808 39.89732, 116.402803 39.89728)",1,4.47,residential,6,,,,auto,
4153,,13006,1477,1456,1,"LINESTRING (116.402803 39.89728, 116.402808 39.89732)",1,4.47,residential,6,,,,auto,
4154,,13007,1458,1478,1,"LINESTRING (116.402913 39.89747, 116.402918 39.897493)",1,2.59,residential,6,,,,auto,
4155,,13007,1478,1458,1,"LINESTRING (116.402918 39.897493, 116.402913 39.89747)",1,2.59,residential,6,,,,auto,
4156,,13008,1458,1457,1,"LINESTRING (116.402913 39.89747, 116.402902 39.897448)",1,2.62,residential,6,,,,auto,
4157,,13008,1457,1458,1,"LINESTRING (116.402902 39.897448, 116.402913 39.89747)",1,2.62,residential,6,,,,auto,
4158,,13009,1459,1457,1,"LINESTRING (116.402879 39.897426, 116.402902 39.897448)",1,3.14,residential,6,,,,auto,
4159,,13009,1457,1459,1,"LINESTRING (116.402902 39.897448, 116.402879 39.897426)",1,3.14,residential,6,,,,auto,
4160,,13010,1459,1455,1,"LINESTRING (116.402879 39.897426, 116.402854 39.897405)",1,3.16,residential,6,,,,auto,
4161,,13010,1455,1459,1,"LINESTRING (116.402854 39.897405, 116.402879 39.897426)",1,3.16,residential,6,,,,auto,
4162,,13011,1475,1476,1,"LINESTRING (116.403404 39.897835, 116.403404 39.897881)",1,5.11,residential,6,,,,auto,
4163,,13011,1476,1475,1,"LINESTRING (116.403404 39.897881, 116.403404 39.897835)",1,5.11,residential,6,,,,auto,
4164,,13012,1475,1474,1,"LINESTRING (116.403404 39.897835, 116.403405 39.897768)",1,7.45,residential,6,,,,auto,
4165,,13012,1474,1475,1,"LINESTRING (116.403405 39.897768, 116.403404 39.897835)",1,7.45,residential,6,,,,auto,
4166,,13013,1069,1449,1,"LINESTRING (116.40361 39.897144, 116.402964 39.897128)",1,55.14,residential,6,,,,auto,
4167,,13013,1449,1069,1,"LINESTRING (116.402964 39.897128, 116.40361 39.897144)",1,55.14,residential,6,,,,auto,
4168,,13014,1069,337,1,"LINESTRING (116.40361 39.897144, 116.403672 39.897145)",1,5.29,residential,6,,,,auto,
4169,,13014,337,1069,1,"LINESTRING (116.403672 39.897145, 116.40361 39.897144)",1,5.29,residential,6,,,,auto,
4170,,13015,1471,1469,1,"LINESTRING (116.403095 39.897672, 116.403151 39.897675)",1,4.79,residential,6,,,,auto,
4171,,13015,1469,1471,1,"LINESTRING (116.403151 39.897675, 116.403095 39.897672)",1,4.79,residential,6,,,,auto,
4172,,13016,1471,1467,1,"LINESTRING (116.403095 39.897672, 116.403073 39.897669)",1,1.91,residential,6,,,,auto,
4173,,13016,1467,1471,1,"LINESTRING (116.403073 39.897669, 116.403095 39.897672)",1,1.91,residential,6,,,,auto,
4174,,13017,1464,1468,1,"LINESTRING (116.403007 39.897641, 116.403028 39.897654)",1,2.30,residential,6,,,,auto,
4175,,13017,1468,1464,1,"LINESTRING (116.403028 39.897654, 116.403007 39.897641)",1,2.30,residential,6,,,,auto,
4176,,13018,1464,1463,1,"LINESTRING (116.403007 39.897641, 116.402973 39.897614)",1,4.17,residential,6,,,,auto,
4177,,13018,1463,1464,1,"LINESTRING (116.402973 39.897614, 116.403007 39.897641)",1,4.17,residential,6,,,,auto,
4178,,13019,1461,1465,1,"LINESTRING (116.40293 39.897561, 116.402942 39.89758)",1,2.35,residential,6,,,,auto,
4179,,13019,1465,1461,1,"LINESTRING (116.402942 39.89758, 116.40293 39.897561)",1,2.35,residential,6,,,,auto,
4180,,13020,1461,1460,1,"LINESTRING (116.40293 39.897561, 116.402922 39.897541)",1,2.33,residential,6,,,,auto,
4181,,13020,1460,1461,1,"LINESTRING (116.402922 39.897541, 116.40293 39.897561)",1,2.33,residential,6,,,,auto,
4182,,13021,1462,1460,1,"LINESTRING (116.402917 39.897513, 116.402922 39.897541)",1,3.14,residential,6,,,,auto,
4183,,13021,1460,1462,1,"LINESTRING (116.402922 39.897541, 116.402917 39.897513)",1,3.14,residential,6,,,,auto,
4184,,13022,1462,1478,1,"LINESTRING (116.402917 39.897513, 116.402918 39.897493)",1,2.23,residential,6,,,,auto,
4185,,13022,1478,1462,1,"LINESTRING (116.402918 39.897493, 116.402917 39.897513)",1,2.23,residential,6,,,,auto,
4186,,13023,1468,1466,1,"LINESTRING (116.403028 39.897654, 116.403053 39.897664)",1,2.41,residential,6,,,,auto,
4187,,13023,1466,1468,1,"LINESTRING (116.403053 39.897664, 116.403028 39.897654)",1,2.41,residential,6,,,,auto,
4188,,13024,1468,1464,1,"LINESTRING (116.403028 39.897654, 116.403007 39.897641)",1,2.30,residential,6,,,,auto,
4189,,13024,1464,1468,1,"LINESTRING (116.403007 39.897641, 116.403028 39.897654)",1,2.30,residential,6,,,,auto,
4190,,13025,1467,1471,1,"LINESTRING (116.403073 39.897669, 116.403095 39.897672)",1,1.91,residential,6,,,,auto,
4191,,13025,1471,1467,1,"LINESTRING (116.403095 39.897672, 116.403073 39.897669)",1,1.91,residential,6,,,,auto,
4192,,13026,1467,1466,1,"LINESTRING (116.403073 39.897669, 116.403053 39.897664)",1,1.79,residential,6,,,,auto,
4193,,13026,1466,1467,1,"LINESTRING (116.403053 39.897664, 116.403073 39.897669)",1,1.79,residential,6,,,,auto,
4194,,13029,747,745,1,"LINESTRING (116.415019 39.906639, 116.415035 39.9063)",1,37.72,residential,6,,,,auto,
4195,,13029,745,747,1,"LINESTRING (116.415035 39.9063, 116.415019 39.906639)",1,37.72,residential,6,,,,auto,
4196,,13030,747,763,1,"LINESTRING (116.415019 39.906639, 116.41501 39.906832)",1,21.47,residential,6,,,,auto,
4197,,13030,763,747,1,"LINESTRING (116.41501 39.906832, 116.415019 39.906639)",1,21.47,residential,6,,,,auto,
4198,灯市口大街,13037,741,645,1,"LINESTRING (116.405959 39.917189, 116.406602 39.917208)",1,54.88,tertiary,5,,,,auto,
4199,灯市口大街,13037,645,741,1,"LINESTRING (116.406602 39.917208, 116.405959 39.917189)",1,54.88,tertiary,5,,,,auto,
4200,灯市口大街,13038,741,727,1,"LINESTRING (116.405959 39.917189, 116.405927 39.917188)",1,2.73,tertiary,5,,,,auto,
4201,灯市口大街,13038,727,741,1,"LINESTRING (116.405927 39.917188, 116.405959 39.917189)",1,2.73,tertiary,5,,,,auto,
4202,东绒线胡同,13081,1479,32,1,"LINESTRING (116.380263 39.902956, 116.380631 39.902956)",1,31.39,residential,6,,,,auto,
4203,东绒线胡同,13081,32,1479,1,"LINESTRING (116.380631 39.902956, 116.380263 39.902956)",1,31.39,residential,6,,,,auto,
4204,东绒线胡同,13082,1479,1480,1,"LINESTRING (116.380263 39.902956, 116.379885 39.902956)",1,32.24,residential,6,,,,auto,
4205,东绒线胡同,13082,1480,1479,1,"LINESTRING (116.379885 39.902956, 116.380263 39.902956)",1,32.24,residential,6,,,,auto,
4206,东绒线胡同,13083,32,30,1,"LINESTRING (116.380631 39.902956, 116.381002 39.902959)",1,31.65,residential,6,,,,auto,
4207,东绒线胡同,13083,30,32,1,"LINESTRING (116.381002 39.902959, 116.380631 39.902956)",1,31.65,residential,6,,,,auto,
4208,东绒线胡同,13084,32,1479,1,"LINESTRING (116.380631 39.902956, 116.380263 39.902956)",1,31.39,residential,6,,,,auto,
4209,东绒线胡同,13084,1479,32,1,"LINESTRING (116.380263 39.902956, 116.380631 39.902956)",1,31.39,residential,6,,,,auto,
4210,东绒线胡同,13085,1480,1479,1,"LINESTRING (116.379885 39.902956, 116.380263 39.902956)",1,32.24,residential,6,,,,auto,
4211,东绒线胡同,13085,1479,1480,1,"LINESTRING (116.380263 39.902956, 116.379885 39.902956)",1,32.24,residential,6,,,,auto,
4212,东绒线胡同,13086,31,35,1,"LINESTRING (116.381346 39.902967, 116.381633 39.902976)",1,24.50,residential,6,,,,auto,
4213,东绒线胡同,13086,35,31,1,"LINESTRING (116.381633 39.902976, 116.381346 39.902967)",1,24.50,residential,6,,,,auto,
4214,东绒线胡同,13087,31,30,1,"LINESTRING (116.381346 39.902967, 116.381002 39.902959)",1,29.36,residential,6,,,,auto,
4215,东绒线胡同,13087,30,31,1,"LINESTRING (116.381002 39.902959, 116.381346 39.902967)",1,29.36,residential,6,,,,auto,
4216,石碑胡同,13191,46,44,1,"LINESTRING (116.381872 39.90429, 116.38191 39.904578)",1,32.19,tertiary,5,,,,auto,
4217,石碑胡同,13191,44,46,1,"LINESTRING (116.38191 39.904578, 116.381872 39.90429)",1,32.19,tertiary,5,,,,auto,
4218,石碑胡同,13192,46,43,1,"LINESTRING (116.381872 39.90429, 116.381831 39.903999)",1,32.55,tertiary,5,,,,auto,
4219,石碑胡同,13192,43,46,1,"LINESTRING (116.381831 39.903999, 116.381872 39.90429)",1,32.55,tertiary,5,,,,auto,
4220,石碑胡同,13193,1481,1482,1,"LINESTRING (116.381944 39.904851, 116.381957 39.904985)",1,14.94,tertiary,5,,,,auto,
4221,石碑胡同,13193,1482,1481,1,"LINESTRING (116.381957 39.904985, 116.381944 39.904851)",1,14.94,tertiary,5,,,,auto,
4222,石碑胡同,13194,1481,45,1,"LINESTRING (116.381944 39.904851, 116.381927 39.904716)",1,15.08,tertiary,5,,,,auto,
4223,石碑胡同,13194,45,1481,1,"LINESTRING (116.381927 39.904716, 116.381944 39.904851)",1,15.08,tertiary,5,,,,auto,
4224,石碑胡同,13195,45,1481,1,"LINESTRING (116.381927 39.904716, 116.381944 39.904851)",1,15.08,tertiary,5,,,,auto,
4225,石碑胡同,13195,1481,45,1,"LINESTRING (116.381944 39.904851, 116.381927 39.904716)",1,15.08,tertiary,5,,,,auto,
4226,石碑胡同,13196,45,44,1,"LINESTRING (116.381927 39.904716, 116.38191 39.904578)",1,15.41,tertiary,5,,,,auto,
4227,石碑胡同,13196,44,45,1,"LINESTRING (116.38191 39.904578, 116.381927 39.904716)",1,15.41,tertiary,5,,,,auto,
4228,石碑胡同,13197,1482,449,1,"LINESTRING (116.381957 39.904985, 116.381967 39.905087)",1,11.37,tertiary,5,,,,auto,
4229,石碑胡同,13197,449,1482,1,"LINESTRING (116.381967 39.905087, 116.381957 39.904985)",1,11.37,tertiary,5,,,,auto,
4230,石碑胡同,13198,1482,1481,1,"LINESTRING (116.381957 39.904985, 116.381944 39.904851)",1,14.94,tertiary,5,,,,auto,
4231,石碑胡同,13198,1481,1482,1,"LINESTRING (116.381944 39.904851, 116.381957 39.904985)",1,14.94,tertiary,5,,,,auto,
4232,石碑胡同,13199,449,448,1,"LINESTRING (116.381967 39.905087, 116.38197 39.905122)",1,3.90,tertiary,5,,,,auto,
4233,石碑胡同,13199,448,449,1,"LINESTRING (116.38197 39.905122, 116.381967 39.905087)",1,3.90,tertiary,5,,,,auto,
4234,石碑胡同,13200,449,1482,1,"LINESTRING (116.381967 39.905087, 116.381957 39.904985)",1,11.37,tertiary,5,,,,auto,
4235,石碑胡同,13200,1482,449,1,"LINESTRING (116.381957 39.904985, 116.381967 39.905087)",1,11.37,tertiary,5,,,,auto,
4236,东绒线胡同,13228,35,33,1,"LINESTRING (116.381633 39.902976, 116.381693 39.902978)",1,5.12,residential,6,,,,auto,
4237,东绒线胡同,13228,33,35,1,"LINESTRING (116.381693 39.902978, 116.381633 39.902976)",1,5.12,residential,6,,,,auto,
4238,东绒线胡同,13229,35,31,1,"LINESTRING (116.381633 39.902976, 116.381346 39.902967)",1,24.50,residential,6,,,,auto,
4239,东绒线胡同,13229,31,35,1,"LINESTRING (116.381346 39.902967, 116.381633 39.902976)",1,24.50,residential,6,,,,auto,
4240,兵部洼胡同,13249,1483,38,1,"LINESTRING (116.381573 39.902044, 116.38158 39.902137)",1,10.36,tertiary,5,,,,auto,
4241,兵部洼胡同,13249,38,1483,1,"LINESTRING (116.38158 39.902137, 116.381573 39.902044)",1,10.36,tertiary,5,,,,auto,
4242,兵部洼胡同,13250,1483,1240,1,"LINESTRING (116.381573 39.902044, 116.38157 39.901954)",1,10.01,tertiary,5,,,,auto,
4243,兵部洼胡同,13250,1240,1483,1,"LINESTRING (116.38157 39.901954, 116.381573 39.902044)",1,10.01,tertiary,5,,,,auto,
4244,兵部洼胡同,13251,38,37,1,"LINESTRING (116.38158 39.902137, 116.38159 39.902226)",1,9.93,tertiary,5,,,,auto,
4245,兵部洼胡同,13251,37,38,1,"LINESTRING (116.38159 39.902226, 116.38158 39.902137)",1,9.93,tertiary,5,,,,auto,
4246,兵部洼胡同,13252,38,1483,1,"LINESTRING (116.38158 39.902137, 116.381573 39.902044)",1,10.36,tertiary,5,,,,auto,
4247,兵部洼胡同,13252,1483,38,1,"LINESTRING (116.381573 39.902044, 116.38158 39.902137)",1,10.36,tertiary,5,,,,auto,
4248,兵部洼胡同,13253,1240,1483,1,"LINESTRING (116.38157 39.901954, 116.381573 39.902044)",1,10.01,tertiary,5,,,,auto,
4249,兵部洼胡同,13253,1483,1240,1,"LINESTRING (116.381573 39.902044, 116.38157 39.901954)",1,10.01,tertiary,5,,,,auto,
4250,兵部洼胡同,13254,1240,1239,1,"LINESTRING (116.38157 39.901954, 116.381572 39.901859)",1,10.56,tertiary,5,,,,auto,
4251,兵部洼胡同,13254,1239,1240,1,"LINESTRING (116.381572 39.901859, 116.38157 39.901954)",1,10.56,tertiary,5,,,,auto,
4252,兵部洼胡同,13255,1241,1239,1,"LINESTRING (116.381584 39.901726, 116.381572 39.901859)",1,14.82,tertiary,5,,,,auto,
4253,兵部洼胡同,13255,1239,1241,1,"LINESTRING (116.381572 39.901859, 116.381584 39.901726)",1,14.82,tertiary,5,,,,auto,
4254,兵部洼胡同,13256,1241,1242,1,"LINESTRING (116.381584 39.901726, 116.381597 39.901599)",1,14.17,tertiary,5,,,,auto,
4255,兵部洼胡同,13256,1242,1241,1,"LINESTRING (116.381597 39.901599, 116.381584 39.901726)",1,14.17,tertiary,5,,,,auto,
4256,兵部洼胡同,13257,779,778,1,"LINESTRING (116.381683 39.900856, 116.381663 39.901066)",1,23.41,tertiary,5,,,,auto,
4257,兵部洼胡同,13257,778,779,1,"LINESTRING (116.381663 39.901066, 116.381683 39.900856)",1,23.41,tertiary,5,,,,auto,
4258,兵部洼胡同,13258,779,1484,1,"LINESTRING (116.381683 39.900856, 116.38169 39.900808)",1,5.37,tertiary,5,,,,auto,
4259,兵部洼胡同,13258,1484,779,1,"LINESTRING (116.38169 39.900808, 116.381683 39.900856)",1,5.37,tertiary,5,,,,auto,
4260,兵部洼胡同,13259,1485,1484,1,"LINESTRING (116.381701 39.900755, 116.38169 39.900808)",1,5.97,tertiary,5,,,,auto,
4261,兵部洼胡同,13259,1484,1485,1,"LINESTRING (116.38169 39.900808, 116.381701 39.900755)",1,5.97,tertiary,5,,,,auto,
4262,兵部洼胡同,13260,1485,40,1,"LINESTRING (116.381701 39.900755, 116.381718 39.900707)",1,5.53,tertiary,5,,,,auto,
4263,兵部洼胡同,13260,40,1485,1,"LINESTRING (116.381718 39.900707, 116.381701 39.900755)",1,5.53,tertiary,5,,,,auto,
4264,兵部洼胡同,13261,40,1485,1,"LINESTRING (116.381718 39.900707, 116.381701 39.900755)",1,5.53,tertiary,5,,,,auto,
4265,兵部洼胡同,13261,1485,40,1,"LINESTRING (116.381701 39.900755, 116.381718 39.900707)",1,5.53,tertiary,5,,,,auto,
4266,兵部洼胡同,13262,40,39,1,"LINESTRING (116.381718 39.900707, 116.381734 39.900667)",1,4.65,tertiary,5,,,,auto,
4267,兵部洼胡同,13262,39,40,1,"LINESTRING (116.381734 39.900667, 116.381718 39.900707)",1,4.65,tertiary,5,,,,auto,
4268,兵部洼胡同,13263,1484,779,1,"LINESTRING (116.38169 39.900808, 116.381683 39.900856)",1,5.37,tertiary,5,,,,auto,
4269,兵部洼胡同,13263,779,1484,1,"LINESTRING (116.381683 39.900856, 116.38169 39.900808)",1,5.37,tertiary,5,,,,auto,
4270,兵部洼胡同,13264,1484,1485,1,"LINESTRING (116.38169 39.900808, 116.381701 39.900755)",1,5.97,tertiary,5,,,,auto,
4271,兵部洼胡同,13264,1485,1484,1,"LINESTRING (116.381701 39.900755, 116.38169 39.900808)",1,5.97,tertiary,5,,,,auto,
4272,兵部洼胡同,13265,388,41,1,"LINESTRING (116.381751 39.900553, 116.381746 39.900613)",1,6.69,tertiary,5,,,,auto,
4273,兵部洼胡同,13265,41,388,1,"LINESTRING (116.381746 39.900613, 116.381751 39.900553)",1,6.69,tertiary,5,,,,auto,
4274,兵部洼胡同,13266,388,386,1,"LINESTRING (116.381751 39.900553, 116.38177 39.900248)",1,33.95,tertiary,5,,,,auto,
4275,兵部洼胡同,13266,386,388,1,"LINESTRING (116.38177 39.900248, 116.381751 39.900553)",1,33.95,tertiary,5,,,,auto,
4276,兵部洼胡同,13267,41,39,1,"LINESTRING (116.381746 39.900613, 116.381734 39.900667)",1,6.09,tertiary,5,,,,auto,
4277,兵部洼胡同,13267,39,41,1,"LINESTRING (116.381734 39.900667, 116.381746 39.900613)",1,6.09,tertiary,5,,,,auto,
4278,兵部洼胡同,13268,41,388,1,"LINESTRING (116.381746 39.900613, 116.381751 39.900553)",1,6.69,tertiary,5,,,,auto,
4279,兵部洼胡同,13268,388,41,1,"LINESTRING (116.381751 39.900553, 116.381746 39.900613)",1,6.69,tertiary,5,,,,auto,
4280,红井胡同,13273,439,436,1,"LINESTRING (116.381812 39.901337, 116.381636 39.901332)",1,15.02,tertiary,5,,,,auto,
4281,红井胡同,13273,436,439,1,"LINESTRING (116.381636 39.901332, 116.381812 39.901337)",1,15.02,tertiary,5,,,,auto,
4282,红井胡同,13274,439,446,1,"LINESTRING (116.381812 39.901337, 116.382254 39.901352)",1,37.74,tertiary,5,,,,auto,
4283,红井胡同,13274,446,439,1,"LINESTRING (116.382254 39.901352, 116.381812 39.901337)",1,37.74,tertiary,5,,,,auto,
4284,兵部洼胡同,13293,437,1242,1,"LINESTRING (116.381628 39.90138, 116.381597 39.901599)",1,24.49,tertiary,5,,,,auto,
4285,兵部洼胡同,13293,1242,437,1,"LINESTRING (116.381597 39.901599, 116.381628 39.90138)",1,24.49,tertiary,5,,,,auto,
4286,兵部洼胡同,13294,437,436,1,"LINESTRING (116.381628 39.90138, 116.381636 39.901332)",1,5.38,tertiary,5,,,,auto,
4287,兵部洼胡同,13294,436,437,1,"LINESTRING (116.381636 39.901332, 116.381628 39.90138)",1,5.38,tertiary,5,,,,auto,
4288,人大会堂西路,13438,1157,15,1,"LINESTRING (116.385821 39.901921, 116.38589 39.901889)",1,6.88,tertiary,5,,,,auto,
4289,人大会堂西路,13438,15,1157,1,"LINESTRING (116.38589 39.901889, 116.385821 39.901921)",1,6.88,tertiary,5,,,,auto,
4290,人大会堂西路,13439,1157,1222,1,"LINESTRING (116.385821 39.901921, 116.385751 39.901946)",1,6.59,tertiary,5,,,,auto,
4291,人大会堂西路,13439,1222,1157,1,"LINESTRING (116.385751 39.901946, 116.385821 39.901921)",1,6.59,tertiary,5,,,,auto,
4292,西交民巷,13440,1486,873,1,"LINESTRING (116.381978 39.900674, 116.382202 39.900675)",1,19.11,tertiary,5,,,,auto,
4293,西交民巷,13441,42,1486,1,"LINESTRING (116.381856 39.900671, 116.381978 39.900674)",1,10.41,tertiary,5,,,,auto,
4294,西交民巷,13442,1487,1488,1,"LINESTRING (116.38244 39.900668, 116.382558 39.90066)",1,10.11,tertiary,5,,,,auto,
4295,西交民巷,13443,1488,442,1,"LINESTRING (116.382558 39.90066, 116.382692 39.900648)",1,11.51,tertiary,5,,,,auto,
4296,西交民巷,13444,874,1487,1,"LINESTRING (116.38232 39.900674, 116.38244 39.900668)",1,10.26,tertiary,5,,,,auto,
4297,西交民巷,13445,1489,1490,1,"LINESTRING (116.383553 39.900527, 116.383966 39.900473)",1,35.74,tertiary,5,,,,auto,
4298,西交民巷,13446,1490,1491,1,"LINESTRING (116.383966 39.900473, 116.384099 39.900458)",1,11.47,tertiary,5,,,,auto,
4299,西交民巷,13447,1492,872,1,"LINESTRING (116.384241 39.900447, 116.384489 39.900436)",1,21.19,tertiary,5,,,,auto,
4300,西交民巷,13448,1491,1492,1,"LINESTRING (116.384099 39.900458, 116.384241 39.900447)",1,12.17,tertiary,5,,,,auto,
4301,西交民巷,13449,443,1489,1,"LINESTRING (116.382901 39.900621, 116.383553 39.900527)",1,56.59,tertiary,5,,,,auto,
4302,人大会堂西路,13450,1493,21,1,"LINESTRING (116.385414 39.90185, 116.385401 39.901822)",1,3.31,tertiary,5,,,,auto,
4303,人大会堂西路,13450,21,1493,1,"LINESTRING (116.385401 39.901822, 116.385414 39.90185)",1,3.31,tertiary,5,,,,auto,
4304,人大会堂西路,13451,1493,1221,1,"LINESTRING (116.385414 39.90185, 116.385436 39.901875)",1,3.35,tertiary,5,,,,auto,
4305,人大会堂西路,13451,1221,1493,1,"LINESTRING (116.385436 39.901875, 116.385414 39.90185)",1,3.35,tertiary,5,,,,auto,
4306,人大会堂西路,13452,21,19,1,"LINESTRING (116.385401 39.901822, 116.385395 39.901793)",1,3.27,tertiary,5,,,,auto,
4307,人大会堂西路,13452,19,21,1,"LINESTRING (116.385395 39.901793, 116.385401 39.901822)",1,3.27,tertiary,5,,,,auto,
4308,人大会堂西路,13453,21,1493,1,"LINESTRING (116.385401 39.901822, 116.385414 39.90185)",1,3.31,tertiary,5,,,,auto,
4309,人大会堂西路,13453,1493,21,1,"LINESTRING (116.385414 39.90185, 116.385401 39.901822)",1,3.31,tertiary,5,,,,auto,
4310,人大会堂西路,13454,20,435,1,"LINESTRING (116.385392 39.901762, 116.385392 39.901731)",1,3.45,tertiary,5,,,,auto,
4311,人大会堂西路,13454,435,20,1,"LINESTRING (116.385392 39.901731, 116.385392 39.901762)",1,3.45,tertiary,5,,,,auto,
4312,人大会堂西路,13455,20,19,1,"LINESTRING (116.385392 39.901762, 116.385395 39.901793)",1,3.46,tertiary,5,,,,auto,
4313,人大会堂西路,13455,19,20,1,"LINESTRING (116.385395 39.901793, 116.385392 39.901762)",1,3.46,tertiary,5,,,,auto,
4314,人大会堂西路,13456,1221,1493,1,"LINESTRING (116.385436 39.901875, 116.385414 39.90185)",1,3.35,tertiary,5,,,,auto,
4315,人大会堂西路,13456,1493,1221,1,"LINESTRING (116.385414 39.90185, 116.385436 39.901875)",1,3.35,tertiary,5,,,,auto,
4316,人大会堂西路,13457,1221,12,1,"LINESTRING (116.385436 39.901875, 116.385463 39.901901)",1,3.70,tertiary,5,,,,auto,
4317,人大会堂西路,13457,12,1221,1,"LINESTRING (116.385463 39.901901, 116.385436 39.901875)",1,3.70,tertiary,5,,,,auto,
4318,人大会堂西路,13458,10,1222,1,"LINESTRING (116.385673 39.901972, 116.385751 39.901946)",1,7.25,tertiary,5,,,,auto,
4319,人大会堂西路,13458,1222,10,1,"LINESTRING (116.385751 39.901946, 116.385673 39.901972)",1,7.25,tertiary,5,,,,auto,
4320,人大会堂西路,13459,10,9,1,"LINESTRING (116.385673 39.901972, 116.385592 39.901994)",1,7.33,tertiary,5,,,,auto,
4321,人大会堂西路,13459,9,10,1,"LINESTRING (116.385592 39.901994, 116.385673 39.901972)",1,7.33,tertiary,5,,,,auto,
