<?xml version='1.0' encoding='utf-8'?>
<osm version="0.6" generator="OSMnx 1.8.0"><node id="25248785" timestamp="2026-04-01T17:08:12Z" uid="1" user="OSMnx" version="1" changeset="1" lat="39.905999" lon="116.388928"><tag k="highway" v="traffic_signals" /></node><node id="25248786" timestamp="2026-04-01T17:08:12Z" uid="1" user="OSMnx" version="1" changeset="1" lat="39.906113" lon="116.392631"><tag k="highway" v="traffic_signals" /></node><node id="77750691" timestamp="2026-04-01T17:08:12Z" uid="1" user="OSMnx" version="1" changeset="1" lat="39.912209" lon="116.391934" /><node id="260329790" timestamp="2026-04-01T17:08:12Z" uid="1" user="OSMnx" version="1" changeset="1" lat="39.91138" lon="116.391968" /><node id="260329792" timestamp="2026-04-01T17:08:12Z" uid="1" user="OSMnx" version="1" changeset="1" lat="39.911338" lon="116.390146" /><node id="260330040" timestamp="2026-04-01T17:08:12Z" uid="1" user="OSMnx" version="1" changeset="1" lat="39.911374" lon="116.391808" /><node id="321606759" timestamp="2026-04-01T17:08:12Z" uid="1" user="OSMnx" version="1" changeset="1" lat="39.906569" lon="116.393274" /><node id="321606760" timestamp="2026-04-01T17:08:12Z" uid="1" user="OSMnx" version="1" changeset="1" lat="39.906576" lon="116.393551" /><node id="321606826" timestamp="2026-04-01T17:08:12Z" uid="1" user="OSMnx" version="1" changeset="1" lat="39.906453" lon="116.38922" /><node id="321606827" timestamp="2026-04-01T17:08:12Z" uid="1" user="OSMnx" version="1" changeset="1" lat="39.906444" lon="116.388699" /><node id="321607003" timestamp="2026-04-01T17:08:12Z" uid="1" user="OSMnx" version="1" changeset="1" lat="39.906593" lon="116.391248" /><node id="321607004" timestamp="2026-04-01T17:08:12Z" uid="1" user="OSMnx" version="1" changeset="1" lat="39.906961" lon="116.391235" /><node id="321607029" timestamp="2026-04-01T17:08:12Z" uid="1" user="OSMnx" version="1" changeset="1" lat="39.906819" lon="116.393075" /><node id="321607031" timestamp="2026-04-01T17:08:12Z" uid="1" user="OSMnx" version="1" changeset="1" lat="39.90711" lon="116.393072" /><node id="321607032" timestamp="2026-04-01T17:08:12Z" uid="1" user="OSMnx" version="1" changeset="1" lat="39.907199" lon="116.393071" /><node id="321607136" timestamp="2026-04-01T17:08:12Z" uid="1" user="OSMnx" version="1" changeset="1" lat="39.906743" lon="116.389436" /><node id="321607137" timestamp="2026-04-01T17:08:12Z" uid="1" user="OSMnx" version="1" changeset="1" lat="39.906984" lon="116.389429" /><node id="321607138" timestamp="2026-04-01T17:08:12Z" uid="1" user="OSMnx" version="1" changeset="1" lat="39.907122" lon="116.389421" /><node id="321607233" timestamp="2026-04-01T17:08:12Z" uid="1" user="OSMnx" version="1" changeset="1" lat="39.906273" lon="116.38984"><tag k="highway" v="traffic_signals" /></node><node id="321607275" timestamp="2026-04-01T17:08:12Z" uid="1" user="OSMnx" version="1" changeset="1" lat="39.906623" lon="116.391408" /><node id="321607319" timestamp="2026-04-01T17:08:12Z" uid="1" user="OSMnx" version="1" changeset="1" lat="39.906934" lon="116.391398" /><node id="321607531" timestamp="2026-04-01T17:08:12Z" uid="1" user="OSMnx" version="1" changeset="1" lat="39.906639" lon="116.391539" /><node id="321607532" timestamp="2026-04-01T17:08:12Z" uid="1" user="OSMnx" version="1" changeset="1" lat="39.906936" lon="116.391527" /><node id="321607610" timestamp="2026-04-01T17:08:12Z" uid="1" user="OSMnx" version="1" changeset="1" lat="39.906612" lon="116.390956" /><node id="321607611" timestamp="2026-04-01T17:08:12Z" uid="1" user="OSMnx" version="1" changeset="1" lat="39.906925" lon="116.390946" /><node id="330841279" timestamp="2026-04-01T17:08:12Z" uid="1" user="OSMnx" version="1" changeset="1" lat="39.90615" lon="116.385872"><tag k="highway" v="traffic_signals" /></node><node id="330841408" timestamp="2026-04-01T17:08:12Z" uid="1" user="OSMnx" version="1" changeset="1" lat="39.906396" lon="116.393616"><tag k="highway" v="traffic_signals" /></node><node id="486609202" timestamp="2026-04-01T17:08:12Z" uid="1" user="OSMnx" version="1" changeset="1" lat="39.912128" lon="116.390022" /><node id="534448153" timestamp="2026-04-01T17:08:12Z" uid="1" user="OSMnx" version="1" changeset="1" lat="39.911401" lon="116.390074" /><node id="733788152" timestamp="2026-04-01T17:08:12Z" uid="1" user="OSMnx" version="1" changeset="1" lat="39.910214" lon="116.3954" /><node id="733788540" timestamp="2026-04-01T17:08:12Z" uid="1" user="OSMnx" version="1" changeset="1" lat="39.90681" lon="116.38607" /><node id="733788658" timestamp="2026-04-01T17:08:12Z" uid="1" user="OSMnx" version="1" changeset="1" lat="39.907732" lon="116.396112" /><node id="733788686" timestamp="2026-04-01T17:08:12Z" uid="1" user="OSMnx" version="1" changeset="1" lat="39.909259" lon="116.386386" /><node id="733788806" timestamp="2026-04-01T17:08:12Z" uid="1" user="OSMnx" version="1" changeset="1" lat="39.906987" lon="116.385618" /><node id="733788854" timestamp="2026-04-01T17:08:12Z" uid="1" user="OSMnx" version="1" changeset="1" lat="39.908051" lon="116.396297" /><node id="733788858" timestamp="2026-04-01T17:08:12Z" uid="1" user="OSMnx" version="1" changeset="1" lat="39.90757" lon="116.396126" /><node id="733788907" timestamp="2026-04-01T17:08:12Z" uid="1" user="OSMnx" version="1" changeset="1" lat="39.906805" lon="116.385649"><tag k="highway" v="traffic_signals" /></node><node id="733789032" timestamp="2026-04-01T17:08:12Z" uid="1" user="OSMnx" version="1" changeset="1" lat="39.90807" lon="116.397014" /><node id="733789104" timestamp="2026-04-01T17:08:12Z" uid="1" user="OSMnx" version="1" changeset="1" lat="39.907197" lon="116.3865" /><node id="733789295" timestamp="2026-04-01T17:08:12Z" uid="1" user="OSMnx" version="1" changeset="1" lat="39.907574" lon="116.397039" /><node id="755823892" timestamp="2026-04-01T17:08:12Z" uid="1" user="OSMnx" version="1" changeset="1" lat="39.908315" lon="116.3936" /><node id="1024947197" timestamp="2026-04-01T17:08:12Z" uid="1" user="OSMnx" version="1" changeset="1" lat="39.905668" lon="116.39276" /><node id="1024947199" timestamp="2026-04-01T17:08:12Z" uid="1" user="OSMnx" version="1" changeset="1" lat="39.905912" lon="116.392749" /><node id="1024947203" timestamp="2026-04-01T17:08:12Z" uid="1" user="OSMnx" version="1" changeset="1" lat="39.905818" lon="116.39378" /><node id="1024947212" timestamp="2026-04-01T17:08:12Z" uid="1" user="OSMnx" version="1" changeset="1" lat="39.906582" lon="116.393764" /><node id="1024947215" timestamp="2026-04-01T17:08:12Z" uid="1" user="OSMnx" version="1" changeset="1" lat="39.905792" lon="116.392751" /><node id="1024947218" timestamp="2026-04-01T17:08:12Z" uid="1" user="OSMnx" version="1" changeset="1" lat="39.905935" lon="116.39378" /><node id="1301959175" timestamp="2026-04-01T17:08:12Z" uid="1" user="OSMnx" version="1" changeset="1" lat="39.90638" lon="116.386552" /><node id="1301959254" timestamp="2026-04-01T17:08:12Z" uid="1" user="OSMnx" version="1" changeset="1" lat="39.906746" lon="116.396123" /><node id="1380342608" timestamp="2026-04-01T17:08:12Z" uid="1" user="OSMnx" version="1" changeset="1" lat="39.911354" lon="116.391028" /><node id="1380342663" timestamp="2026-04-01T17:08:12Z" uid="1" user="OSMnx" version="1" changeset="1" lat="39.907162" lon="116.391221" /><node id="1380342688" timestamp="2026-04-01T17:08:12Z" uid="1" user="OSMnx" version="1" changeset="1" lat="39.90751" lon="116.391207" /><node id="1380342690" timestamp="2026-04-01T17:08:12Z" uid="1" user="OSMnx" version="1" changeset="1" lat="39.906555" lon="116.39125" /><node id="1480544785" timestamp="2026-04-01T17:08:12Z" uid="1" user="OSMnx" version="1" changeset="1" lat="39.907726" lon="116.396029" /><node id="1480544827" timestamp="2026-04-01T17:08:12Z" uid="1" user="OSMnx" version="1" changeset="1" lat="39.908041" lon="116.396011" /><node id="1622283884" timestamp="2026-04-01T17:08:12Z" uid="1" user="OSMnx" version="1" changeset="1" lat="39.906564" lon="116.39309" /><node id="1687056659" timestamp="2026-04-01T17:08:12Z" uid="1" user="OSMnx" version="1" changeset="1" lat="39.903728" lon="116.393214"><tag k="highway" v="crossing" /></node><node id="1687056660" timestamp="2026-04-01T17:08:12Z" uid="1" user="OSMnx" version="1" changeset="1" lat="39.903736" lon="116.393553" /><node id="2126053407" timestamp="2026-04-01T17:08:12Z" uid="1" user="OSMnx" version="1" changeset="1" lat="39.910168" lon="116.386553" /><node id="2126053410" timestamp="2026-04-01T17:08:12Z" uid="1" user="OSMnx" version="1" changeset="1" lat="39.908122" lon="116.386884" /><node id="2126053420" timestamp="2026-04-01T17:08:12Z" uid="1" user="OSMnx" version="1" changeset="1" lat="39.909739" lon="116.386802" /><node id="2126053434" timestamp="2026-04-01T17:08:12Z" uid="1" user="OSMnx" version="1" changeset="1" lat="39.909143" lon="116.386827" /><node id="2126053448" timestamp="2026-04-01T17:08:12Z" uid="1" user="OSMnx" version="1" changeset="1" lat="39.90982" lon="116.386694" /><node id="2126053449" timestamp="2026-04-01T17:08:12Z" uid="1" user="OSMnx" version="1" changeset="1" lat="39.909993" lon="116.38654" /><node id="2347911584" timestamp="2026-04-01T17:08:12Z" uid="1" user="OSMnx" version="1" changeset="1" lat="39.903725" lon="116.39305" /><node id="2359087993" timestamp="2026-04-01T17:08:12Z" uid="1" user="OSMnx" version="1" changeset="1" lat="39.906739" lon="116.395936" /><node id="2359088026" timestamp="2026-04-01T17:08:12Z" uid="1" user="OSMnx" version="1" changeset="1" lat="39.905465" lon="116.394487" /><node id="2424906809" timestamp="2026-04-01T17:08:12Z" uid="1" user="OSMnx" version="1" changeset="1" lat="39.906169" lon="116.386428" /><node id="3388590254" timestamp="2026-04-01T17:08:12Z" uid="1" user="OSMnx" version="1" changeset="1" lat="39.907936" lon="116.396017" /><node id="3388590255" timestamp="2026-04-01T17:08:12Z" uid="1" user="OSMnx" version="1" changeset="1" lat="39.907936" lon="116.396155" /><node id="3388590290" timestamp="2026-04-01T17:08:12Z" uid="1" user="OSMnx" version="1" changeset="1" lat="39.908208" lon="116.396141" /><node id="3388590342" timestamp="2026-04-01T17:08:12Z" uid="1" user="OSMnx" version="1" changeset="1" lat="39.908482" lon="116.396122" /><node id="3388590561" timestamp="2026-04-01T17:08:12Z" uid="1" user="OSMnx" version="1" changeset="1" lat="39.908943" lon="116.396097" /><node id="3409007594" timestamp="2026-04-01T17:08:12Z" uid="1" user="OSMnx" version="1" changeset="1" lat="39.907362" lon="116.387756" /><node id="3629758782" timestamp="2026-04-01T17:08:12Z" uid="1" user="OSMnx" version="1" changeset="1" lat="39.905658" lon="116.39221" /><node id="3629758783" timestamp="2026-04-01T17:08:12Z" uid="1" user="OSMnx" version="1" changeset="1" lat="39.905264" lon="116.39223" /><node id="3629758784" timestamp="2026-04-01T17:08:12Z" uid="1" user="OSMnx" version="1" changeset="1" lat="39.905218" lon="116.390342" /><node id="3629758787" timestamp="2026-04-01T17:08:12Z" uid="1" user="OSMnx" version="1" changeset="1" lat="39.903616" lon="116.389739" /><node id="3629758788" timestamp="2026-04-01T17:08:12Z" uid="1" user="OSMnx" version="1" changeset="1" lat="39.905565" lon="116.390331" /><node id="3629758790" timestamp="2026-04-01T17:08:12Z" uid="1" user="OSMnx" version="1" changeset="1" lat="39.903618" lon="116.389909" /><node id="3629758792" timestamp="2026-04-01T17:08:12Z" uid="1" user="OSMnx" version="1" changeset="1" lat="39.90372" lon="116.392868" /><node id="4633378537" timestamp="2026-04-01T17:08:12Z" uid="1" user="OSMnx" version="1" changeset="1" lat="39.907749" lon="116.387484" /><node id="4633378745" timestamp="2026-04-01T17:08:12Z" uid="1" user="OSMnx" version="1" changeset="1" lat="39.911388" lon="116.389662" /><node id="4633378746" timestamp="2026-04-01T17:08:12Z" uid="1" user="OSMnx" version="1" changeset="1" lat="39.911337" lon="116.389667" /><node id="4633378775" timestamp="2026-04-01T17:08:12Z" uid="1" user="OSMnx" version="1" changeset="1" lat="39.90976" lon="116.387229" /><node id="4633378776" timestamp="2026-04-01T17:08:12Z" uid="1" user="OSMnx" version="1" changeset="1" lat="39.911009" lon="116.387178" /><node id="4633378780" timestamp="2026-04-01T17:08:12Z" uid="1" user="OSMnx" version="1" changeset="1" lat="39.910119" lon="116.386502" /><node id="4710347260" timestamp="2026-04-01T17:08:12Z" uid="1" user="OSMnx" version="1" changeset="1" lat="39.905557" lon="116.389862" /><node id="4710347261" timestamp="2026-04-01T17:08:12Z" uid="1" user="OSMnx" version="1" changeset="1" lat="39.905692" lon="116.389857" /><node id="4710347262" timestamp="2026-04-01T17:08:12Z" uid="1" user="OSMnx" version="1" changeset="1" lat="39.905663" lon="116.388865" /><node id="4710347337" timestamp="2026-04-01T17:08:12Z" uid="1" user="OSMnx" version="1" changeset="1" lat="39.907442" lon="116.389281" /><node id="4710347338" timestamp="2026-04-01T17:08:12Z" uid="1" user="OSMnx" version="1" changeset="1" lat="39.907812" lon="116.389274" /><node id="4710347339" timestamp="2026-04-01T17:08:12Z" uid="1" user="OSMnx" version="1" changeset="1" lat="39.907826" lon="116.38939" /><node id="4710347342" timestamp="2026-04-01T17:08:12Z" uid="1" user="OSMnx" version="1" changeset="1" lat="39.908299" lon="116.386861" /><node id="4710347343" timestamp="2026-04-01T17:08:12Z" uid="1" user="OSMnx" version="1" changeset="1" lat="39.907444" lon="116.389409" /><node id="4710347360" timestamp="2026-04-01T17:08:12Z" uid="1" user="OSMnx" version="1" changeset="1" lat="39.906552" lon="116.391089" /><node id="4710347361" timestamp="2026-04-01T17:08:12Z" uid="1" user="OSMnx" version="1" changeset="1" lat="39.906558" lon="116.391408" /><node id="4710347362" timestamp="2026-04-01T17:08:12Z" uid="1" user="OSMnx" version="1" changeset="1" lat="39.906562" lon="116.391546" /><node id="4710347366" timestamp="2026-04-01T17:08:12Z" uid="1" user="OSMnx" version="1" changeset="1" lat="39.90651" lon="116.389472" /><node id="4710347367" timestamp="2026-04-01T17:08:12Z" uid="1" user="OSMnx" version="1" changeset="1" lat="39.905726" lon="116.393436" /><node id="4710638769" timestamp="2026-04-01T17:08:12Z" uid="1" user="OSMnx" version="1" changeset="1" lat="39.906693" lon="116.395874" /><node id="4710638770" timestamp="2026-04-01T17:08:12Z" uid="1" user="OSMnx" version="1" changeset="1" lat="39.906648" lon="116.394285" /><node id="4710638788" timestamp="2026-04-01T17:08:12Z" uid="1" user="OSMnx" version="1" changeset="1" lat="39.905283" lon="116.394484" /><node id="4710638889" timestamp="2026-04-01T17:08:12Z" uid="1" user="OSMnx" version="1" changeset="1" lat="39.905258" lon="116.393453" /><node id="4713696524" timestamp="2026-04-01T17:08:12Z" uid="1" user="OSMnx" version="1" changeset="1" lat="39.903598" lon="116.389177" /><node id="4713696543" timestamp="2026-04-01T17:08:12Z" uid="1" user="OSMnx" version="1" changeset="1" lat="39.904043" lon="116.389082" /><node id="4713696544" timestamp="2026-04-01T17:08:12Z" uid="1" user="OSMnx" version="1" changeset="1" lat="39.905445" lon="116.389016" /><node id="4713696545" timestamp="2026-04-01T17:08:12Z" uid="1" user="OSMnx" version="1" changeset="1" lat="39.905571" lon="116.388872" /><node id="4718004194" timestamp="2026-04-01T17:08:12Z" uid="1" user="OSMnx" version="1" changeset="1" lat="39.90535" lon="116.388158" /><node id="4718004195" timestamp="2026-04-01T17:08:12Z" uid="1" user="OSMnx" version="1" changeset="1" lat="39.905233" lon="116.388104" /><node id="4718004196" timestamp="2026-04-01T17:08:12Z" uid="1" user="OSMnx" version="1" changeset="1" lat="39.905175" lon="116.387903" /><node id="4718004197" timestamp="2026-04-01T17:08:12Z" uid="1" user="OSMnx" version="1" changeset="1" lat="39.905153" lon="116.386935" /><node id="4718004198" timestamp="2026-04-01T17:08:12Z" uid="1" user="OSMnx" version="1" changeset="1" lat="39.905218" lon="116.386712" /><node id="4718004199" timestamp="2026-04-01T17:08:12Z" uid="1" user="OSMnx" version="1" changeset="1" lat="39.905305" lon="116.386674" /><node id="4718004200" timestamp="2026-04-01T17:08:12Z" uid="1" user="OSMnx" version="1" changeset="1" lat="39.905923" lon="116.386644" /><node id="4718004231" timestamp="2026-04-01T17:08:12Z" uid="1" user="OSMnx" version="1" changeset="1" lat="39.906404" lon="116.385972" /><node id="4718004232" timestamp="2026-04-01T17:08:12Z" uid="1" user="OSMnx" version="1" changeset="1" lat="39.906477" lon="116.388251" /><node id="4718004233" timestamp="2026-04-01T17:08:12Z" uid="1" user="OSMnx" version="1" changeset="1" lat="39.906489" lon="116.3887" /><node id="4718004293" timestamp="2026-04-01T17:08:12Z" uid="1" user="OSMnx" version="1" changeset="1" lat="39.909903" lon="116.386595" /><node id="4721335477" timestamp="2026-04-01T17:08:12Z" uid="1" user="OSMnx" version="1" changeset="1" lat="39.911372" lon="116.391646" /><node id="4723539995" timestamp="2026-04-01T17:08:12Z" uid="1" user="OSMnx" version="1" changeset="1" lat="39.911335" lon="116.390427" /><node id="4723539996" timestamp="2026-04-01T17:08:12Z" uid="1" user="OSMnx" version="1" changeset="1" lat="39.911331" lon="116.390262" /><node id="5098178172" timestamp="2026-04-01T17:08:12Z" uid="1" user="OSMnx" version="1" changeset="1" lat="39.909159" lon="116.38722" /><node id="5098178173" timestamp="2026-04-01T17:08:12Z" uid="1" user="OSMnx" version="1" changeset="1" lat="39.909258" lon="116.387218" /><node id="5098178174" timestamp="2026-04-01T17:08:12Z" uid="1" user="OSMnx" version="1" changeset="1" lat="39.909259" lon="116.387252" /><node id="5098276161" timestamp="2026-04-01T17:08:12Z" uid="1" user="OSMnx" version="1" changeset="1" lat="39.911393" lon="116.389804" /><node id="5098276162" timestamp="2026-04-01T17:08:12Z" uid="1" user="OSMnx" version="1" changeset="1" lat="39.909528" lon="116.389906" /><node id="5098276163" timestamp="2026-04-01T17:08:12Z" uid="1" user="OSMnx" version="1" changeset="1" lat="39.909477" lon="116.390177" /><node id="5098276164" timestamp="2026-04-01T17:08:12Z" uid="1" user="OSMnx" version="1" changeset="1" lat="39.908884" lon="116.390206" /><node id="5098276165" timestamp="2026-04-01T17:08:12Z" uid="1" user="OSMnx" version="1" changeset="1" lat="39.908387" lon="116.390233" /><node id="5098276183" timestamp="2026-04-01T17:08:12Z" uid="1" user="OSMnx" version="1" changeset="1" lat="39.907445" lon="116.389516" /><node id="5098276184" timestamp="2026-04-01T17:08:12Z" uid="1" user="OSMnx" version="1" changeset="1" lat="39.907808" lon="116.389505" /><node id="5190624463" timestamp="2026-04-01T17:08:12Z" uid="1" user="OSMnx" version="1" changeset="1" lat="39.906549" lon="116.390957" /><node id="5810315258" timestamp="2026-04-01T17:08:12Z" uid="1" user="OSMnx" version="1" changeset="1" lat="39.907328" lon="116.395904" /><node id="5810315259" timestamp="2026-04-01T17:08:12Z" uid="1" user="OSMnx" version="1" changeset="1" lat="39.907336" lon="116.397051" /><node id="5908278641" timestamp="2026-04-01T17:08:12Z" uid="1" user="OSMnx" version="1" changeset="1" lat="39.910141" lon="116.38856" /><node id="5908278642" timestamp="2026-04-01T17:08:12Z" uid="1" user="OSMnx" version="1" changeset="1" lat="39.910084" lon="116.388562" /><node id="5908278643" timestamp="2026-04-01T17:08:12Z" uid="1" user="OSMnx" version="1" changeset="1" lat="39.910322" lon="116.388558" /><node id="6009692661" timestamp="2026-04-01T17:08:12Z" uid="1" user="OSMnx" version="1" changeset="1" lat="39.903898" lon="116.3923" /><node id="6009694210" timestamp="2026-04-01T17:08:12Z" uid="1" user="OSMnx" version="1" changeset="1" lat="39.905587" lon="116.391304" /><node id="6009694587" timestamp="2026-04-01T17:08:12Z" uid="1" user="OSMnx" version="1" changeset="1" lat="39.905575" lon="116.391262" /><node id="6009694589" timestamp="2026-04-01T17:08:12Z" uid="1" user="OSMnx" version="1" changeset="1" lat="39.905576" lon="116.39129" /><node id="6009694914" timestamp="2026-04-01T17:08:12Z" uid="1" user="OSMnx" version="1" changeset="1" lat="39.905567" lon="116.39132" /><node id="6009694920" timestamp="2026-04-01T17:08:12Z" uid="1" user="OSMnx" version="1" changeset="1" lat="39.903842" lon="116.390405" /><node id="6009694939" timestamp="2026-04-01T17:08:12Z" uid="1" user="OSMnx" version="1" changeset="1" lat="39.903558" lon="116.391405" /><node id="6009694940" timestamp="2026-04-01T17:08:12Z" uid="1" user="OSMnx" version="1" changeset="1" lat="39.903456" lon="116.391092" /><node id="6009694945" timestamp="2026-04-01T17:08:12Z" uid="1" user="OSMnx" version="1" changeset="1" lat="39.903474" lon="116.391724" /><node id="6009694946" timestamp="2026-04-01T17:08:12Z" uid="1" user="OSMnx" version="1" changeset="1" lat="39.903565" lon="116.391721" /><node id="6009694947" timestamp="2026-04-01T17:08:12Z" uid="1" user="OSMnx" version="1" changeset="1" lat="39.90355" lon="116.391088" /><node id="6009694951" timestamp="2026-04-01T17:08:12Z" uid="1" user="OSMnx" version="1" changeset="1" lat="39.90329" lon="116.391303" /><node id="6009694952" timestamp="2026-04-01T17:08:12Z" uid="1" user="OSMnx" version="1" changeset="1" lat="39.903299" lon="116.391569" /><node id="6009694989" timestamp="2026-04-01T17:08:12Z" uid="1" user="OSMnx" version="1" changeset="1" lat="39.905611" lon="116.391303" /><node id="6009694990" timestamp="2026-04-01T17:08:12Z" uid="1" user="OSMnx" version="1" changeset="1" lat="39.905579" lon="116.391352" /><node id="6009694991" timestamp="2026-04-01T17:08:12Z" uid="1" user="OSMnx" version="1" changeset="1" lat="39.905578" lon="116.39132" /><node id="6009694992" timestamp="2026-04-01T17:08:12Z" uid="1" user="OSMnx" version="1" changeset="1" lat="39.905542" lon="116.391306" /><node id="6009694995" timestamp="2026-04-01T17:08:12Z" uid="1" user="OSMnx" version="1" changeset="1" lat="39.905241" lon="116.391318" /><node id="6009694997" timestamp="2026-04-01T17:08:12Z" uid="1" user="OSMnx" version="1" changeset="1" lat="39.905566" lon="116.391305" /><node id="6009694998" timestamp="2026-04-01T17:08:12Z" uid="1" user="OSMnx" version="1" changeset="1" lat="39.905586" lon="116.39129" /><node id="6009695000" timestamp="2026-04-01T17:08:12Z" uid="1" user="OSMnx" version="1" changeset="1" lat="39.905587" lon="116.391319" /><node id="6009695002" timestamp="2026-04-01T17:08:12Z" uid="1" user="OSMnx" version="1" changeset="1" lat="39.905566" lon="116.391291" /><node id="6009695605" timestamp="2026-04-01T17:08:12Z" uid="1" user="OSMnx" version="1" changeset="1" lat="39.903295" lon="116.391422" /><node id="6009695606" timestamp="2026-04-01T17:08:12Z" uid="1" user="OSMnx" version="1" changeset="1" lat="39.903454" lon="116.391" /><node id="6009695610" timestamp="2026-04-01T17:08:12Z" uid="1" user="OSMnx" version="1" changeset="1" lat="39.903476" lon="116.391806" /><node id="6009696479" timestamp="2026-04-01T17:08:12Z" uid="1" user="OSMnx" version="1" changeset="1" lat="39.903611" lon="116.389561"><tag k="highway" v="crossing" /></node><node id="6012448768" timestamp="2026-04-01T17:08:12Z" uid="1" user="OSMnx" version="1" changeset="1" lat="39.907518" lon="116.391509" /><node id="6012448770" timestamp="2026-04-01T17:08:12Z" uid="1" user="OSMnx" version="1" changeset="1" lat="39.907507" lon="116.391056" /><node id="6012448771" timestamp="2026-04-01T17:08:12Z" uid="1" user="OSMnx" version="1" changeset="1" lat="39.907166" lon="116.391391" /><node id="6012448772" timestamp="2026-04-01T17:08:12Z" uid="1" user="OSMnx" version="1" changeset="1" lat="39.907158" lon="116.391068" /><node id="6012452143" timestamp="2026-04-01T17:08:12Z" uid="1" user="OSMnx" version="1" changeset="1" lat="39.90717" lon="116.391522" /><node id="6012452295" timestamp="2026-04-01T17:08:12Z" uid="1" user="OSMnx" version="1" changeset="1" lat="39.907515" lon="116.391378" /><node id="6012452298" timestamp="2026-04-01T17:08:12Z" uid="1" user="OSMnx" version="1" changeset="1" lat="39.907155" lon="116.390944" /><node id="6012470314" timestamp="2026-04-01T17:08:12Z" uid="1" user="OSMnx" version="1" changeset="1" lat="39.906479" lon="116.389477" /><node id="6012470319" timestamp="2026-04-01T17:08:12Z" uid="1" user="OSMnx" version="1" changeset="1" lat="39.906609" lon="116.393084" /><node id="6012797574" timestamp="2026-04-01T17:08:12Z" uid="1" user="OSMnx" version="1" changeset="1" lat="39.903871" lon="116.391388" /><node id="6012829027" timestamp="2026-04-01T17:08:12Z" uid="1" user="OSMnx" version="1" changeset="1" lat="39.903372" lon="116.391287" /><node id="6012829031" timestamp="2026-04-01T17:08:12Z" uid="1" user="OSMnx" version="1" changeset="1" lat="39.903368" lon="116.391418" /><node id="6012829380" timestamp="2026-04-01T17:08:12Z" uid="1" user="OSMnx" version="1" changeset="1" lat="39.903413" lon="116.391415" /><node id="6012829443" timestamp="2026-04-01T17:08:12Z" uid="1" user="OSMnx" version="1" changeset="1" lat="39.90338" lon="116.391661" /><node id="6012829444" timestamp="2026-04-01T17:08:12Z" uid="1" user="OSMnx" version="1" changeset="1" lat="39.903416" lon="116.391577" /><node id="6012829597" timestamp="2026-04-01T17:08:12Z" uid="1" user="OSMnx" version="1" changeset="1" lat="39.903378" lon="116.391578" /><node id="6012830204" timestamp="2026-04-01T17:08:12Z" uid="1" user="OSMnx" version="1" changeset="1" lat="39.903411" lon="116.391286" /><node id="6012830206" timestamp="2026-04-01T17:08:12Z" uid="1" user="OSMnx" version="1" changeset="1" lat="39.90337" lon="116.391191" /><node id="6012830237" timestamp="2026-04-01T17:08:12Z" uid="1" user="OSMnx" version="1" changeset="1" lat="39.90333" lon="116.39142" /><node id="6012830239" timestamp="2026-04-01T17:08:12Z" uid="1" user="OSMnx" version="1" changeset="1" lat="39.903459" lon="116.391413" /><node id="6012830375" timestamp="2026-04-01T17:08:12Z" uid="1" user="OSMnx" version="1" changeset="1" lat="39.903504" lon="116.39141" /><node id="6013140259" timestamp="2026-04-01T17:08:12Z" uid="1" user="OSMnx" version="1" changeset="1" lat="39.903885" lon="116.38916" /><node id="6013331112" timestamp="2026-04-01T17:08:12Z" uid="1" user="OSMnx" version="1" changeset="1" lat="39.908827" lon="116.391137" /><node id="6013337285" timestamp="2026-04-01T17:08:12Z" uid="1" user="OSMnx" version="1" changeset="1" lat="39.909175" lon="116.391117" /><node id="6013408869" timestamp="2026-04-01T17:08:12Z" uid="1" user="OSMnx" version="1" changeset="1" lat="39.908264" lon="116.391798" /><node id="6013409817" timestamp="2026-04-01T17:08:12Z" uid="1" user="OSMnx" version="1" changeset="1" lat="39.908254" lon="116.391166" /><node id="6013409985" timestamp="2026-04-01T17:08:12Z" uid="1" user="OSMnx" version="1" changeset="1" lat="39.908266" lon="116.391957" /><node id="6013587610" timestamp="2026-04-01T17:08:12Z" uid="1" user="OSMnx" version="1" changeset="1" lat="39.90656" lon="116.385675" /><node id="6013897680" timestamp="2026-04-01T17:08:12Z" uid="1" user="OSMnx" version="1" changeset="1" lat="39.907348" lon="116.391212" /><node id="6013898794" timestamp="2026-04-01T17:08:12Z" uid="1" user="OSMnx" version="1" changeset="1" lat="39.90824" lon="116.390426" /><node id="6013898974" timestamp="2026-04-01T17:08:12Z" uid="1" user="OSMnx" version="1" changeset="1" lat="39.908244" lon="116.390609" /><node id="6013898975" timestamp="2026-04-01T17:08:12Z" uid="1" user="OSMnx" version="1" changeset="1" lat="39.908236" lon="116.390233" /><node id="6014879296" timestamp="2026-04-01T17:08:12Z" uid="1" user="OSMnx" version="1" changeset="1" lat="39.911951" lon="116.390683" /><node id="6014883770" timestamp="2026-04-01T17:08:12Z" uid="1" user="OSMnx" version="1" changeset="1" lat="39.912087" lon="116.390678" /><node id="6014883772" timestamp="2026-04-01T17:08:12Z" uid="1" user="OSMnx" version="1" changeset="1" lat="39.912124" lon="116.391285" /><node id="6014883773" timestamp="2026-04-01T17:08:12Z" uid="1" user="OSMnx" version="1" changeset="1" lat="39.911962" lon="116.391291" /><node id="6014883775" timestamp="2026-04-01T17:08:12Z" uid="1" user="OSMnx" version="1" changeset="1" lat="39.91211" lon="116.390677" /><node id="6014883778" timestamp="2026-04-01T17:08:12Z" uid="1" user="OSMnx" version="1" changeset="1" lat="39.912206" lon="116.391129" /><node id="6014883782" timestamp="2026-04-01T17:08:12Z" uid="1" user="OSMnx" version="1" changeset="1" lat="39.911866" lon="116.390995" /><node id="6014883784" timestamp="2026-04-01T17:08:12Z" uid="1" user="OSMnx" version="1" changeset="1" lat="39.911859" lon="116.390687" /><node id="6014884899" timestamp="2026-04-01T17:08:12Z" uid="1" user="OSMnx" version="1" changeset="1" lat="39.912098" lon="116.391286" /><node id="6014886151" timestamp="2026-04-01T17:08:12Z" uid="1" user="OSMnx" version="1" changeset="1" lat="39.912199" lon="116.39082" /><node id="6014886153" timestamp="2026-04-01T17:08:12Z" uid="1" user="OSMnx" version="1" changeset="1" lat="39.912202" lon="116.390975" /><node id="6014886964" timestamp="2026-04-01T17:08:12Z" uid="1" user="OSMnx" version="1" changeset="1" lat="39.912209" lon="116.391282" /><node id="6014886965" timestamp="2026-04-01T17:08:12Z" uid="1" user="OSMnx" version="1" changeset="1" lat="39.912196" lon="116.390674" /><node id="6014887785" timestamp="2026-04-01T17:08:12Z" uid="1" user="OSMnx" version="1" changeset="1" lat="39.911872" lon="116.391294" /><node id="6014987295" timestamp="2026-04-01T17:08:12Z" uid="1" user="OSMnx" version="1" changeset="1" lat="39.911502" lon="116.391802" /><node id="6015099369" timestamp="2026-04-01T17:08:12Z" uid="1" user="OSMnx" version="1" changeset="1" lat="39.907599" lon="116.391372" /><node id="6015099371" timestamp="2026-04-01T17:08:12Z" uid="1" user="OSMnx" version="1" changeset="1" lat="39.907598" lon="116.391195" /><node id="6015099372" timestamp="2026-04-01T17:08:12Z" uid="1" user="OSMnx" version="1" changeset="1" lat="39.907601" lon="116.391506" /><node id="6049100015" timestamp="2026-04-01T17:08:12Z" uid="1" user="OSMnx" version="1" changeset="1" lat="39.911254" lon="116.391346" /><node id="6049100016" timestamp="2026-04-01T17:08:12Z" uid="1" user="OSMnx" version="1" changeset="1" lat="39.910771" lon="116.391364" /><node id="6049100017" timestamp="2026-04-01T17:08:12Z" uid="1" user="OSMnx" version="1" changeset="1" lat="39.910774" lon="116.391471" /><node id="6049100018" timestamp="2026-04-01T17:08:12Z" uid="1" user="OSMnx" version="1" changeset="1" lat="39.910525" lon="116.391482" /><node id="6049100019" timestamp="2026-04-01T17:08:12Z" uid="1" user="OSMnx" version="1" changeset="1" lat="39.91052" lon="116.391266" /><node id="6049100020" timestamp="2026-04-01T17:08:12Z" uid="1" user="OSMnx" version="1" changeset="1" lat="39.910768" lon="116.391256" /><node id="6095524402" timestamp="2026-04-01T17:08:12Z" uid="1" user="OSMnx" version="1" changeset="1" lat="39.90833" lon="116.394049" /><node id="6095524404" timestamp="2026-04-01T17:08:12Z" uid="1" user="OSMnx" version="1" changeset="1" lat="39.908318" lon="116.3937" /><node id="6095524406" timestamp="2026-04-01T17:08:12Z" uid="1" user="OSMnx" version="1" changeset="1" lat="39.908321" lon="116.393788" /><node id="6095524415" timestamp="2026-04-01T17:08:12Z" uid="1" user="OSMnx" version="1" changeset="1" lat="39.908307" lon="116.393322" /><node id="6095524421" timestamp="2026-04-01T17:08:12Z" uid="1" user="OSMnx" version="1" changeset="1" lat="39.908294" lon="116.392898" /><node id="6095524423" timestamp="2026-04-01T17:08:12Z" uid="1" user="OSMnx" version="1" changeset="1" lat="39.908296" lon="116.392989" /><node id="6095524425" timestamp="2026-04-01T17:08:12Z" uid="1" user="OSMnx" version="1" changeset="1" lat="39.908299" lon="116.393064" /><node id="6098763903" timestamp="2026-04-01T17:08:12Z" uid="1" user="OSMnx" version="1" changeset="1" lat="39.909094" lon="116.389081" /><node id="6098763904" timestamp="2026-04-01T17:08:12Z" uid="1" user="OSMnx" version="1" changeset="1" lat="39.908931" lon="116.388998" /><node id="6098763905" timestamp="2026-04-01T17:08:12Z" uid="1" user="OSMnx" version="1" changeset="1" lat="39.908684" lon="116.388712" /><node id="6098763906" timestamp="2026-04-01T17:08:12Z" uid="1" user="OSMnx" version="1" changeset="1" lat="39.90868" lon="116.388509" /><node id="6098763907" timestamp="2026-04-01T17:08:12Z" uid="1" user="OSMnx" version="1" changeset="1" lat="39.909027" lon="116.38908" /><node id="6098763909" timestamp="2026-04-01T17:08:12Z" uid="1" user="OSMnx" version="1" changeset="1" lat="39.908699" lon="116.389284" /><node id="6098772393" timestamp="2026-04-01T17:08:12Z" uid="1" user="OSMnx" version="1" changeset="1" lat="39.909841" lon="116.389884" /><node id="6098772425" timestamp="2026-04-01T17:08:12Z" uid="1" user="OSMnx" version="1" changeset="1" lat="39.909769" lon="116.387439" /><node id="6098772428" timestamp="2026-04-01T17:08:12Z" uid="1" user="OSMnx" version="1" changeset="1" lat="39.909363" lon="116.387965" /><node id="6098772429" timestamp="2026-04-01T17:08:12Z" uid="1" user="OSMnx" version="1" changeset="1" lat="39.909291" lon="116.388" /><node id="6098772430" timestamp="2026-04-01T17:08:12Z" uid="1" user="OSMnx" version="1" changeset="1" lat="39.909266" lon="116.388003" /><node id="6098772432" timestamp="2026-04-01T17:08:12Z" uid="1" user="OSMnx" version="1" changeset="1" lat="39.909023" lon="116.388277" /><node id="6098772433" timestamp="2026-04-01T17:08:12Z" uid="1" user="OSMnx" version="1" changeset="1" lat="39.908921" lon="116.38846" /><node id="6098772434" timestamp="2026-04-01T17:08:12Z" uid="1" user="OSMnx" version="1" changeset="1" lat="39.90882" lon="116.388856" /><node id="6098772436" timestamp="2026-04-01T17:08:12Z" uid="1" user="OSMnx" version="1" changeset="1" lat="39.908923" lon="116.388629" /><node id="6098772437" timestamp="2026-04-01T17:08:12Z" uid="1" user="OSMnx" version="1" changeset="1" lat="39.908681" lon="116.388643" /><node id="6098822153" timestamp="2026-04-01T17:08:12Z" uid="1" user="OSMnx" version="1" changeset="1" lat="39.90946" lon="116.387741" /><node id="6098822154" timestamp="2026-04-01T17:08:12Z" uid="1" user="OSMnx" version="1" changeset="1" lat="39.908925" lon="116.387755" /><node id="6098822183" timestamp="2026-04-01T17:08:12Z" uid="1" user="OSMnx" version="1" changeset="1" lat="39.909789" lon="116.388168" /><node id="6098822184" timestamp="2026-04-01T17:08:12Z" uid="1" user="OSMnx" version="1" changeset="1" lat="39.909476" lon="116.38819" /><node id="6098822285" timestamp="2026-04-01T17:08:12Z" uid="1" user="OSMnx" version="1" changeset="1" lat="39.909486" lon="116.388593" /><node id="6098822286" timestamp="2026-04-01T17:08:12Z" uid="1" user="OSMnx" version="1" changeset="1" lat="39.909498" lon="116.388979" /><node id="6098822287" timestamp="2026-04-01T17:08:12Z" uid="1" user="OSMnx" version="1" changeset="1" lat="39.909236" lon="116.388217" /><node id="6098822295" timestamp="2026-04-01T17:08:12Z" uid="1" user="OSMnx" version="1" changeset="1" lat="39.910849" lon="116.388528" /><node id="6098824824" timestamp="2026-04-01T17:08:12Z" uid="1" user="OSMnx" version="1" changeset="1" lat="39.909596" lon="116.391546" /><node id="6098824825" timestamp="2026-04-01T17:08:12Z" uid="1" user="OSMnx" version="1" changeset="1" lat="39.91039" lon="116.391507" /><node id="6105550932" timestamp="2026-04-01T17:08:12Z" uid="1" user="OSMnx" version="1" changeset="1" lat="39.907672" lon="116.385376" /><node id="6105550934" timestamp="2026-04-01T17:08:12Z" uid="1" user="OSMnx" version="1" changeset="1" lat="39.907624" lon="116.385448" /><node id="6105550935" timestamp="2026-04-01T17:08:12Z" uid="1" user="OSMnx" version="1" changeset="1" lat="39.906984" lon="116.385491" /><node id="6111475091" timestamp="2026-04-01T17:08:12Z" uid="1" user="OSMnx" version="1" changeset="1" lat="39.908098" lon="116.385577" /><node id="6111475092" timestamp="2026-04-01T17:08:12Z" uid="1" user="OSMnx" version="1" changeset="1" lat="39.908109" lon="116.38616" /><node id="6297254545" timestamp="2026-04-01T17:08:12Z" uid="1" user="OSMnx" version="1" changeset="1" lat="39.906448" lon="116.388868" /><node id="6330166504" timestamp="2026-04-01T17:08:12Z" uid="1" user="OSMnx" version="1" changeset="1" lat="39.906613" lon="116.391088" /><node id="6330166505" timestamp="2026-04-01T17:08:12Z" uid="1" user="OSMnx" version="1" changeset="1" lat="39.906932" lon="116.391078" /><node id="6416115436" timestamp="2026-04-01T17:08:12Z" uid="1" user="OSMnx" version="1" changeset="1" lat="39.908985" lon="116.393302" /><node id="6416115437" timestamp="2026-04-01T17:08:12Z" uid="1" user="OSMnx" version="1" changeset="1" lat="39.909046" lon="116.393298" /><node id="6416115438" timestamp="2026-04-01T17:08:12Z" uid="1" user="OSMnx" version="1" changeset="1" lat="39.909036" lon="116.392961" /><node id="6416115439" timestamp="2026-04-01T17:08:12Z" uid="1" user="OSMnx" version="1" changeset="1" lat="39.908979" lon="116.392964" /><node id="6416115440" timestamp="2026-04-01T17:08:12Z" uid="1" user="OSMnx" version="1" changeset="1" lat="39.909014" lon="116.39437" /><node id="6416115441" timestamp="2026-04-01T17:08:12Z" uid="1" user="OSMnx" version="1" changeset="1" lat="39.909074" lon="116.394368" /><node id="6416115442" timestamp="2026-04-01T17:08:12Z" uid="1" user="OSMnx" version="1" changeset="1" lat="39.909063" lon="116.39403" /><node id="6416115443" timestamp="2026-04-01T17:08:12Z" uid="1" user="OSMnx" version="1" changeset="1" lat="39.909001" lon="116.394032" /><node id="6416115444" timestamp="2026-04-01T17:08:12Z" uid="1" user="OSMnx" version="1" changeset="1" lat="39.909063" lon="116.393753" /><node id="6416115445" timestamp="2026-04-01T17:08:12Z" uid="1" user="OSMnx" version="1" changeset="1" lat="39.909062" lon="116.393665" /><node id="6416115446" timestamp="2026-04-01T17:08:12Z" uid="1" user="OSMnx" version="1" changeset="1" lat="39.909062" lon="116.393571" /><node id="6416115447" timestamp="2026-04-01T17:08:12Z" uid="1" user="OSMnx" version="1" changeset="1" lat="39.909058" lon="116.393298" /><node id="6416115448" timestamp="2026-04-01T17:08:12Z" uid="1" user="OSMnx" version="1" changeset="1" lat="39.908951" lon="116.393304" /><node id="6416115449" timestamp="2026-04-01T17:08:12Z" uid="1" user="OSMnx" version="1" changeset="1" lat="39.90907" lon="116.394028" /><node id="6416115450" timestamp="2026-04-01T17:08:12Z" uid="1" user="OSMnx" version="1" changeset="1" lat="39.908972" lon="116.394033" /><node id="6416115451" timestamp="2026-04-01T17:08:12Z" uid="1" user="OSMnx" version="1" changeset="1" lat="39.908982" lon="116.394371" /><node id="6416115452" timestamp="2026-04-01T17:08:12Z" uid="1" user="OSMnx" version="1" changeset="1" lat="39.909082" lon="116.394366" /><node id="6416115453" timestamp="2026-04-01T17:08:12Z" uid="1" user="OSMnx" version="1" changeset="1" lat="39.909047" lon="116.392961" /><node id="6416115454" timestamp="2026-04-01T17:08:12Z" uid="1" user="OSMnx" version="1" changeset="1" lat="39.908942" lon="116.392961" /><node id="6416115455" timestamp="2026-04-01T17:08:12Z" uid="1" user="OSMnx" version="1" changeset="1" lat="39.908956" lon="116.393577" /><node id="6416115456" timestamp="2026-04-01T17:08:12Z" uid="1" user="OSMnx" version="1" changeset="1" lat="39.908959" lon="116.39367" /><node id="6416115457" timestamp="2026-04-01T17:08:12Z" uid="1" user="OSMnx" version="1" changeset="1" lat="39.908963" lon="116.393758" /><node id="6416115458" timestamp="2026-04-01T17:08:12Z" uid="1" user="OSMnx" version="1" changeset="1" lat="39.908985" lon="116.394604" /><node id="6416115459" timestamp="2026-04-01T17:08:12Z" uid="1" user="OSMnx" version="1" changeset="1" lat="39.908936" lon="116.392742" /><node id="6416115501" timestamp="2026-04-01T17:08:12Z" uid="1" user="OSMnx" version="1" changeset="1" lat="39.909056" lon="116.393754" /><node id="6416115502" timestamp="2026-04-01T17:08:12Z" uid="1" user="OSMnx" version="1" changeset="1" lat="39.908991" lon="116.393757" /><node id="6416115503" timestamp="2026-04-01T17:08:12Z" uid="1" user="OSMnx" version="1" changeset="1" lat="39.90899" lon="116.393669" /><node id="6416115504" timestamp="2026-04-01T17:08:12Z" uid="1" user="OSMnx" version="1" changeset="1" lat="39.909055" lon="116.393665" /><node id="6416115505" timestamp="2026-04-01T17:08:12Z" uid="1" user="OSMnx" version="1" changeset="1" lat="39.909055" lon="116.393573" /><node id="6416115506" timestamp="2026-04-01T17:08:12Z" uid="1" user="OSMnx" version="1" changeset="1" lat="39.908989" lon="116.393576" /><node id="6416115507" timestamp="2026-04-01T17:08:12Z" uid="1" user="OSMnx" version="1" changeset="1" lat="39.909179" lon="116.393743" /><node id="6416115508" timestamp="2026-04-01T17:08:12Z" uid="1" user="OSMnx" version="1" changeset="1" lat="39.909178" lon="116.393654" /><node id="6416115509" timestamp="2026-04-01T17:08:12Z" uid="1" user="OSMnx" version="1" changeset="1" lat="39.909176" lon="116.393554" /><node id="6416133999" timestamp="2026-04-01T17:08:12Z" uid="1" user="OSMnx" version="1" changeset="1" lat="39.909343" lon="116.393736" /><node id="6416134000" timestamp="2026-04-01T17:08:12Z" uid="1" user="OSMnx" version="1" changeset="1" lat="39.909779" lon="116.393719" /><node id="6416134001" timestamp="2026-04-01T17:08:12Z" uid="1" user="OSMnx" version="1" changeset="1" lat="39.909892" lon="116.393715" /><node id="6416134002" timestamp="2026-04-01T17:08:12Z" uid="1" user="OSMnx" version="1" changeset="1" lat="39.910032" lon="116.393709" /><node id="6416134003" timestamp="2026-04-01T17:08:12Z" uid="1" user="OSMnx" version="1" changeset="1" lat="39.909339" lon="116.393548" /><node id="6416134004" timestamp="2026-04-01T17:08:12Z" uid="1" user="OSMnx" version="1" changeset="1" lat="39.909779" lon="116.393531" /><node id="6416134005" timestamp="2026-04-01T17:08:12Z" uid="1" user="OSMnx" version="1" changeset="1" lat="39.909888" lon="116.393527" /><node id="6416134006" timestamp="2026-04-01T17:08:12Z" uid="1" user="OSMnx" version="1" changeset="1" lat="39.910027" lon="116.393521" /><node id="6416134007" timestamp="2026-04-01T17:08:12Z" uid="1" user="OSMnx" version="1" changeset="1" lat="39.909341" lon="116.393646" /><node id="6416134008" timestamp="2026-04-01T17:08:12Z" uid="1" user="OSMnx" version="1" changeset="1" lat="39.909769" lon="116.393625" /><node id="6416134009" timestamp="2026-04-01T17:08:12Z" uid="1" user="OSMnx" version="1" changeset="1" lat="39.90989" lon="116.393619" /><node id="6416134010" timestamp="2026-04-01T17:08:12Z" uid="1" user="OSMnx" version="1" changeset="1" lat="39.910029" lon="116.393613" /><node id="6418821999" timestamp="2026-04-01T17:08:12Z" uid="1" user="OSMnx" version="1" changeset="1" lat="39.909812" lon="116.38897" /><node id="6418822000" timestamp="2026-04-01T17:08:12Z" uid="1" user="OSMnx" version="1" changeset="1" lat="39.907769" lon="116.386915" /><node id="6418822001" timestamp="2026-04-01T17:08:12Z" uid="1" user="OSMnx" version="1" changeset="1" lat="39.907773" lon="116.387186" /><node id="6418822002" timestamp="2026-04-01T17:08:12Z" uid="1" user="OSMnx" version="1" changeset="1" lat="39.907857" lon="116.387184" /><node id="6418822003" timestamp="2026-04-01T17:08:12Z" uid="1" user="OSMnx" version="1" changeset="1" lat="39.90786" lon="116.387305" /><node id="6418822004" timestamp="2026-04-01T17:08:12Z" uid="1" user="OSMnx" version="1" changeset="1" lat="39.908109" lon="116.3873" /><node id="6418822005" timestamp="2026-04-01T17:08:12Z" uid="1" user="OSMnx" version="1" changeset="1" lat="39.908123" lon="116.38821" /><node id="6418822006" timestamp="2026-04-01T17:08:12Z" uid="1" user="OSMnx" version="1" changeset="1" lat="39.907962" lon="116.388213" /><node id="6418822007" timestamp="2026-04-01T17:08:12Z" uid="1" user="OSMnx" version="1" changeset="1" lat="39.907859" lon="116.388349" /><node id="6418822009" timestamp="2026-04-01T17:08:12Z" uid="1" user="OSMnx" version="1" changeset="1" lat="39.907862" lon="116.388673" /><node id="6418822010" timestamp="2026-04-01T17:08:12Z" uid="1" user="OSMnx" version="1" changeset="1" lat="39.908341" lon="116.388654" /><node id="6418822011" timestamp="2026-04-01T17:08:12Z" uid="1" user="OSMnx" version="1" changeset="1" lat="39.908112" lon="116.387483" /><node id="6418822012" timestamp="2026-04-01T17:08:12Z" uid="1" user="OSMnx" version="1" changeset="1" lat="39.907962" lon="116.387494" /><node id="6418822013" timestamp="2026-04-01T17:08:12Z" uid="1" user="OSMnx" version="1" changeset="1" lat="39.907616" lon="116.387581" /><node id="6418822014" timestamp="2026-04-01T17:08:12Z" uid="1" user="OSMnx" version="1" changeset="1" lat="39.907458" lon="116.387443" /><node id="6418822015" timestamp="2026-04-01T17:08:12Z" uid="1" user="OSMnx" version="1" changeset="1" lat="39.907226" lon="116.387433" /><node id="6418822016" timestamp="2026-04-01T17:08:12Z" uid="1" user="OSMnx" version="1" changeset="1" lat="39.907185" lon="116.387542" /><node id="6418822017" timestamp="2026-04-01T17:08:12Z" uid="1" user="OSMnx" version="1" changeset="1" lat="39.907191" lon="116.387675" /><node id="6418822018" timestamp="2026-04-01T17:08:12Z" uid="1" user="OSMnx" version="1" changeset="1" lat="39.907194" lon="116.387713" /><node id="6418822019" timestamp="2026-04-01T17:08:12Z" uid="1" user="OSMnx" version="1" changeset="1" lat="39.907307" lon="116.387708" /><node id="6418822020" timestamp="2026-04-01T17:08:12Z" uid="1" user="OSMnx" version="1" changeset="1" lat="39.907346" lon="116.387979" /><node id="6418822021" timestamp="2026-04-01T17:08:12Z" uid="1" user="OSMnx" version="1" changeset="1" lat="39.907149" lon="116.388045" /><node id="6418822022" timestamp="2026-04-01T17:08:12Z" uid="1" user="OSMnx" version="1" changeset="1" lat="39.907153" lon="116.388062" /><node id="6418822023" timestamp="2026-04-01T17:08:12Z" uid="1" user="OSMnx" version="1" changeset="1" lat="39.907186" lon="116.388393" /><node id="6418822024" timestamp="2026-04-01T17:08:12Z" uid="1" user="OSMnx" version="1" changeset="1" lat="39.907327" lon="116.388494" /><node id="6418822025" timestamp="2026-04-01T17:08:12Z" uid="1" user="OSMnx" version="1" changeset="1" lat="39.90765" lon="116.388454" /><node id="6418822030" timestamp="2026-04-01T17:08:12Z" uid="1" user="OSMnx" version="1" changeset="1" lat="39.907427" lon="116.387329" /><node id="6418822031" timestamp="2026-04-01T17:08:12Z" uid="1" user="OSMnx" version="1" changeset="1" lat="39.907257" lon="116.387375" /><node id="6419496378" timestamp="2026-04-01T17:08:12Z" uid="1" user="OSMnx" version="1" changeset="1" lat="39.911393" lon="116.393652" /><node id="6419496379" timestamp="2026-04-01T17:08:12Z" uid="1" user="OSMnx" version="1" changeset="1" lat="39.911489" lon="116.393646" /><node id="6419496380" timestamp="2026-04-01T17:08:12Z" uid="1" user="OSMnx" version="1" changeset="1" lat="39.91139" lon="116.39356" /><node id="6419496381" timestamp="2026-04-01T17:08:12Z" uid="1" user="OSMnx" version="1" changeset="1" lat="39.911487" lon="116.393555" /><node id="6419496382" timestamp="2026-04-01T17:08:12Z" uid="1" user="OSMnx" version="1" changeset="1" lat="39.911387" lon="116.393459" /><node id="6419496383" timestamp="2026-04-01T17:08:12Z" uid="1" user="OSMnx" version="1" changeset="1" lat="39.911484" lon="116.393454" /><node id="6419496384" timestamp="2026-04-01T17:08:12Z" uid="1" user="OSMnx" version="1" changeset="1" lat="39.911218" lon="116.393662" /><node id="6419498185" timestamp="2026-04-01T17:08:12Z" uid="1" user="OSMnx" version="1" changeset="1" lat="39.911215" lon="116.39357" /><node id="6419498186" timestamp="2026-04-01T17:08:12Z" uid="1" user="OSMnx" version="1" changeset="1" lat="39.911212" lon="116.393468" /><node id="6419498211" timestamp="2026-04-01T17:08:12Z" uid="1" user="OSMnx" version="1" changeset="1" lat="39.91136" lon="116.392517" /><node id="6419498214" timestamp="2026-04-01T17:08:12Z" uid="1" user="OSMnx" version="1" changeset="1" lat="39.911457" lon="116.392512" /><node id="6419511827" timestamp="2026-04-01T17:08:12Z" uid="1" user="OSMnx" version="1" changeset="1" lat="39.90879" lon="116.393764" /><node id="6419511828" timestamp="2026-04-01T17:08:12Z" uid="1" user="OSMnx" version="1" changeset="1" lat="39.908751" lon="116.393766" /><node id="6419511829" timestamp="2026-04-01T17:08:12Z" uid="1" user="OSMnx" version="1" changeset="1" lat="39.908748" lon="116.393677" /><node id="6419511830" timestamp="2026-04-01T17:08:12Z" uid="1" user="OSMnx" version="1" changeset="1" lat="39.908787" lon="116.393675" /><node id="6419511831" timestamp="2026-04-01T17:08:12Z" uid="1" user="OSMnx" version="1" changeset="1" lat="39.908785" lon="116.393575" /><node id="6419511832" timestamp="2026-04-01T17:08:12Z" uid="1" user="OSMnx" version="1" changeset="1" lat="39.908746" lon="116.393577" /><node id="6419511857" timestamp="2026-04-01T17:08:12Z" uid="1" user="OSMnx" version="1" changeset="1" lat="39.909304" lon="116.394017" /><node id="6419511858" timestamp="2026-04-01T17:08:12Z" uid="1" user="OSMnx" version="1" changeset="1" lat="39.909229" lon="116.394019" /><node id="6419511859" timestamp="2026-04-01T17:08:12Z" uid="1" user="OSMnx" version="1" changeset="1" lat="39.909283" lon="116.393286" /><node id="6419511860" timestamp="2026-04-01T17:08:12Z" uid="1" user="OSMnx" version="1" changeset="1" lat="39.909207" lon="116.393288" /><node id="6419511861" timestamp="2026-04-01T17:08:12Z" uid="1" user="OSMnx" version="1" changeset="1" lat="39.90967" lon="116.393723" /><node id="6419511862" timestamp="2026-04-01T17:08:12Z" uid="1" user="OSMnx" version="1" changeset="1" lat="39.909668" lon="116.39363" /><node id="6419511863" timestamp="2026-04-01T17:08:12Z" uid="1" user="OSMnx" version="1" changeset="1" lat="39.909666" lon="116.393535" /><node id="6419511864" timestamp="2026-04-01T17:08:12Z" uid="1" user="OSMnx" version="1" changeset="1" lat="39.90966" lon="116.393275" /><node id="6419511865" timestamp="2026-04-01T17:08:12Z" uid="1" user="OSMnx" version="1" changeset="1" lat="39.909677" lon="116.394004" /><node id="6419521207" timestamp="2026-04-01T17:08:12Z" uid="1" user="OSMnx" version="1" changeset="1" lat="39.908731" lon="116.393767" /><node id="6419521208" timestamp="2026-04-01T17:08:12Z" uid="1" user="OSMnx" version="1" changeset="1" lat="39.908728" lon="116.393678" /><node id="6419521209" timestamp="2026-04-01T17:08:12Z" uid="1" user="OSMnx" version="1" changeset="1" lat="39.908726" lon="116.393579" /><node id="6419521210" timestamp="2026-04-01T17:08:12Z" uid="1" user="OSMnx" version="1" changeset="1" lat="39.908741" lon="116.394037" /><node id="6419521211" timestamp="2026-04-01T17:08:12Z" uid="1" user="OSMnx" version="1" changeset="1" lat="39.90872" lon="116.3933" /><node id="6419551260" timestamp="2026-04-01T17:08:12Z" uid="1" user="OSMnx" version="1" changeset="1" lat="39.911559" lon="116.392508" /><node id="6419551268" timestamp="2026-04-01T17:08:12Z" uid="1" user="OSMnx" version="1" changeset="1" lat="39.910254" lon="116.392232" /><node id="6419553985" timestamp="2026-04-01T17:08:12Z" uid="1" user="OSMnx" version="1" changeset="1" lat="39.90961" lon="116.392008" /><node id="6419553986" timestamp="2026-04-01T17:08:12Z" uid="1" user="OSMnx" version="1" changeset="1" lat="39.909159" lon="116.392028" /><node id="6419553987" timestamp="2026-04-01T17:08:12Z" uid="1" user="OSMnx" version="1" changeset="1" lat="39.908679" lon="116.392046" /><node id="6419553988" timestamp="2026-04-01T17:08:12Z" uid="1" user="OSMnx" version="1" changeset="1" lat="39.910249" lon="116.391979" /><node id="6419553989" timestamp="2026-04-01T17:08:12Z" uid="1" user="OSMnx" version="1" changeset="1" lat="39.90916" lon="116.392115" /><node id="6419553990" timestamp="2026-04-01T17:08:12Z" uid="1" user="OSMnx" version="1" changeset="1" lat="39.909614" lon="116.392095" /><node id="6419553991" timestamp="2026-04-01T17:08:12Z" uid="1" user="OSMnx" version="1" changeset="1" lat="39.910251" lon="116.392068" /><node id="6419553992" timestamp="2026-04-01T17:08:12Z" uid="1" user="OSMnx" version="1" changeset="1" lat="39.908681" lon="116.392132" /><node id="6419553993" timestamp="2026-04-01T17:08:12Z" uid="1" user="OSMnx" version="1" changeset="1" lat="39.909166" lon="116.392286" /><node id="6419553994" timestamp="2026-04-01T17:08:12Z" uid="1" user="OSMnx" version="1" changeset="1" lat="39.908686" lon="116.392299" /><node id="6419553995" timestamp="2026-04-01T17:08:12Z" uid="1" user="OSMnx" version="1" changeset="1" lat="39.909621" lon="116.392258" /><node id="6419554008" timestamp="2026-04-01T17:08:12Z" uid="1" user="OSMnx" version="1" changeset="1" lat="39.911393" lon="116.392515" /><node id="6419554009" timestamp="2026-04-01T17:08:12Z" uid="1" user="OSMnx" version="1" changeset="1" lat="39.911386" lon="116.392194" /><node id="6419554010" timestamp="2026-04-01T17:08:12Z" uid="1" user="OSMnx" version="1" changeset="1" lat="39.910981" lon="116.392202" /><node id="6419554012" timestamp="2026-04-01T17:08:12Z" uid="1" user="OSMnx" version="1" changeset="1" lat="39.910253" lon="116.392154" /><node id="6419554013" timestamp="2026-04-01T17:08:12Z" uid="1" user="OSMnx" version="1" changeset="1" lat="39.910247" lon="116.391871" /><node id="6419554014" timestamp="2026-04-01T17:08:12Z" uid="1" user="OSMnx" version="1" changeset="1" lat="39.909605" lon="116.391894" /><node id="6419554015" timestamp="2026-04-01T17:08:12Z" uid="1" user="OSMnx" version="1" changeset="1" lat="39.909162" lon="116.392204" /><node id="6419554016" timestamp="2026-04-01T17:08:12Z" uid="1" user="OSMnx" version="1" changeset="1" lat="39.909156" lon="116.391911" /><node id="6419554019" timestamp="2026-04-01T17:08:12Z" uid="1" user="OSMnx" version="1" changeset="1" lat="39.909605" lon="116.391884" /><node id="6419554020" timestamp="2026-04-01T17:08:12Z" uid="1" user="OSMnx" version="1" changeset="1" lat="39.908685" lon="116.392229" /><node id="6419554021" timestamp="2026-04-01T17:08:12Z" uid="1" user="OSMnx" version="1" changeset="1" lat="39.909617" lon="116.392178" /><node id="6419554022" timestamp="2026-04-01T17:08:12Z" uid="1" user="OSMnx" version="1" changeset="1" lat="39.910979" lon="116.392127" /><node id="6421274366" timestamp="2026-04-01T17:08:12Z" uid="1" user="OSMnx" version="1" changeset="1" lat="39.908617" lon="116.392305" /><node id="6421274367" timestamp="2026-04-01T17:08:12Z" uid="1" user="OSMnx" version="1" changeset="1" lat="39.908648" lon="116.393304" /><node id="6421274368" timestamp="2026-04-01T17:08:12Z" uid="1" user="OSMnx" version="1" changeset="1" lat="39.908277" lon="116.39232" /><node id="6421400516" timestamp="2026-04-01T17:08:12Z" uid="1" user="OSMnx" version="1" changeset="1" lat="39.907767" lon="116.3931" /><node id="6421400518" timestamp="2026-04-01T17:08:12Z" uid="1" user="OSMnx" version="1" changeset="1" lat="39.907714" lon="116.393104" /><node id="6421400519" timestamp="2026-04-01T17:08:12Z" uid="1" user="OSMnx" version="1" changeset="1" lat="39.90761" lon="116.392933" /><node id="6421400520" timestamp="2026-04-01T17:08:12Z" uid="1" user="OSMnx" version="1" changeset="1" lat="39.907553" lon="116.393115" /><node id="6421400521" timestamp="2026-04-01T17:08:12Z" uid="1" user="OSMnx" version="1" changeset="1" lat="39.907542" lon="116.392942" /><node id="6421400522" timestamp="2026-04-01T17:08:12Z" uid="1" user="OSMnx" version="1" changeset="1" lat="39.907539" lon="116.392906" /><node id="6421400531" timestamp="2026-04-01T17:08:12Z" uid="1" user="OSMnx" version="1" changeset="1" lat="39.907584" lon="116.394619" /><node id="6421400545" timestamp="2026-04-01T17:08:12Z" uid="1" user="OSMnx" version="1" changeset="1" lat="39.907862" lon="116.393094" /><node id="6421400546" timestamp="2026-04-01T17:08:12Z" uid="1" user="OSMnx" version="1" changeset="1" lat="39.907858" lon="116.392924" /><node id="6421400548" timestamp="2026-04-01T17:08:12Z" uid="1" user="OSMnx" version="1" changeset="1" lat="39.907564" lon="116.393782" /><node id="6421400551" timestamp="2026-04-01T17:08:12Z" uid="1" user="OSMnx" version="1" changeset="1" lat="39.907556" lon="116.393147" /><node id="6421400552" timestamp="2026-04-01T17:08:12Z" uid="1" user="OSMnx" version="1" changeset="1" lat="39.907588" lon="116.395042" /><node id="6421400558" timestamp="2026-04-01T17:08:12Z" uid="1" user="OSMnx" version="1" changeset="1" lat="39.907588" lon="116.394814" /><node id="6421400596" timestamp="2026-04-01T17:08:12Z" uid="1" user="OSMnx" version="1" changeset="1" lat="39.910435" lon="116.395219" /><node id="6421400598" timestamp="2026-04-01T17:08:12Z" uid="1" user="OSMnx" version="1" changeset="1" lat="39.911418" lon="116.39453" /><node id="6421400600" timestamp="2026-04-01T17:08:12Z" uid="1" user="OSMnx" version="1" changeset="1" lat="39.911499" lon="116.393996" /><node id="6421400601" timestamp="2026-04-01T17:08:12Z" uid="1" user="OSMnx" version="1" changeset="1" lat="39.911403" lon="116.394002" /><node id="6421400602" timestamp="2026-04-01T17:08:12Z" uid="1" user="OSMnx" version="1" changeset="1" lat="39.911473" lon="116.39307" /><node id="6421400603" timestamp="2026-04-01T17:08:12Z" uid="1" user="OSMnx" version="1" changeset="1" lat="39.911376" lon="116.393074" /><node id="6421400604" timestamp="2026-04-01T17:08:12Z" uid="1" user="OSMnx" version="1" changeset="1" lat="39.911306" lon="116.393657" /><node id="6421400605" timestamp="2026-04-01T17:08:12Z" uid="1" user="OSMnx" version="1" changeset="1" lat="39.911303" lon="116.393565" /><node id="6421400606" timestamp="2026-04-01T17:08:12Z" uid="1" user="OSMnx" version="1" changeset="1" lat="39.911301" lon="116.393463" /><node id="6421400607" timestamp="2026-04-01T17:08:12Z" uid="1" user="OSMnx" version="1" changeset="1" lat="39.911269" lon="116.392196" /><node id="6421400609" timestamp="2026-04-01T17:08:12Z" uid="1" user="OSMnx" version="1" changeset="1" lat="39.910351" lon="116.395353" /><node id="6421400610" timestamp="2026-04-01T17:08:12Z" uid="1" user="OSMnx" version="1" changeset="1" lat="39.910547" lon="116.395028" /><node id="6421400611" timestamp="2026-04-01T17:08:12Z" uid="1" user="OSMnx" version="1" changeset="1" lat="39.910615" lon="116.39494" /><node id="6421400612" timestamp="2026-04-01T17:08:12Z" uid="1" user="OSMnx" version="1" changeset="1" lat="39.910502" lon="116.395112" /><node id="6421400614" timestamp="2026-04-01T17:08:12Z" uid="1" user="OSMnx" version="1" changeset="1" lat="39.909789" lon="116.395059" /><node id="6421400615" timestamp="2026-04-01T17:08:12Z" uid="1" user="OSMnx" version="1" changeset="1" lat="39.909797" lon="116.395259" /><node id="6421400616" timestamp="2026-04-01T17:08:12Z" uid="1" user="OSMnx" version="1" changeset="1" lat="39.909786" lon="116.394968" /><node id="6421400617" timestamp="2026-04-01T17:08:12Z" uid="1" user="OSMnx" version="1" changeset="1" lat="39.909392" lon="116.395072" /><node id="6421400618" timestamp="2026-04-01T17:08:12Z" uid="1" user="OSMnx" version="1" changeset="1" lat="39.910073" lon="116.395387" /><node id="6421400619" timestamp="2026-04-01T17:08:12Z" uid="1" user="OSMnx" version="1" changeset="1" lat="39.910286" lon="116.394952" /><node id="6421400620" timestamp="2026-04-01T17:08:12Z" uid="1" user="OSMnx" version="1" changeset="1" lat="39.910294" lon="116.395396" /><node id="6421400621" timestamp="2026-04-01T17:08:12Z" uid="1" user="OSMnx" version="1" changeset="1" lat="39.910111" lon="116.395404" /><node id="6421400622" timestamp="2026-04-01T17:08:12Z" uid="1" user="OSMnx" version="1" changeset="1" lat="39.909203" lon="116.394984" /><node id="6421400623" timestamp="2026-04-01T17:08:12Z" uid="1" user="OSMnx" version="1" changeset="1" lat="39.910063" lon="116.39505" /><node id="6421400625" timestamp="2026-04-01T17:08:12Z" uid="1" user="OSMnx" version="1" changeset="1" lat="39.910061" lon="116.39496" /><node id="6421400629" timestamp="2026-04-01T17:08:12Z" uid="1" user="OSMnx" version="1" changeset="1" lat="39.908771" lon="116.394997" /><node id="6421407907" timestamp="2026-04-01T17:08:12Z" uid="1" user="OSMnx" version="1" changeset="1" lat="39.911734" lon="116.392593" /><node id="6421407910" timestamp="2026-04-01T17:08:12Z" uid="1" user="OSMnx" version="1" changeset="1" lat="39.911464" lon="116.392759" /><node id="6421407911" timestamp="2026-04-01T17:08:12Z" uid="1" user="OSMnx" version="1" changeset="1" lat="39.911367" lon="116.392763" /><node id="6421437609" timestamp="2026-04-01T17:08:12Z" uid="1" user="OSMnx" version="1" changeset="1" lat="39.90702" lon="116.395038" /><node id="6421437610" timestamp="2026-04-01T17:08:12Z" uid="1" user="OSMnx" version="1" changeset="1" lat="39.907144" lon="116.395028" /><node id="6421450349" timestamp="2026-04-01T17:08:12Z" uid="1" user="OSMnx" version="1" changeset="1" lat="39.906971" lon="116.39505" /><node id="6421450350" timestamp="2026-04-01T17:08:12Z" uid="1" user="OSMnx" version="1" changeset="1" lat="39.906944" lon="116.395104" /><node id="6421450351" timestamp="2026-04-01T17:08:12Z" uid="1" user="OSMnx" version="1" changeset="1" lat="39.906952" lon="116.395257" /><node id="6421450352" timestamp="2026-04-01T17:08:12Z" uid="1" user="OSMnx" version="1" changeset="1" lat="39.906969" lon="116.395445" /><node id="6421450353" timestamp="2026-04-01T17:08:12Z" uid="1" user="OSMnx" version="1" changeset="1" lat="39.906961" lon="116.395646" /><node id="6421450354" timestamp="2026-04-01T17:08:12Z" uid="1" user="OSMnx" version="1" changeset="1" lat="39.907217" lon="116.39532" /><node id="6421450355" timestamp="2026-04-01T17:08:12Z" uid="1" user="OSMnx" version="1" changeset="1" lat="39.907238" lon="116.395107" /><node id="6421450356" timestamp="2026-04-01T17:08:12Z" uid="1" user="OSMnx" version="1" changeset="1" lat="39.907224" lon="116.395013" /><node id="6421450357" timestamp="2026-04-01T17:08:12Z" uid="1" user="OSMnx" version="1" changeset="1" lat="39.907208" lon="116.394951" /><node id="6421450358" timestamp="2026-04-01T17:08:12Z" uid="1" user="OSMnx" version="1" changeset="1" lat="39.907177" lon="116.39482" /><node id="6421450359" timestamp="2026-04-01T17:08:12Z" uid="1" user="OSMnx" version="1" changeset="1" lat="39.907124" lon="116.394353" /><node id="6421450360" timestamp="2026-04-01T17:08:12Z" uid="1" user="OSMnx" version="1" changeset="1" lat="39.907234" lon="116.392328" /><node id="6421450361" timestamp="2026-04-01T17:08:12Z" uid="1" user="OSMnx" version="1" changeset="1" lat="39.907209" lon="116.392329" /><node id="6421450362" timestamp="2026-04-01T17:08:12Z" uid="1" user="OSMnx" version="1" changeset="1" lat="39.90752" lon="116.392324" /><node id="6421450363" timestamp="2026-04-01T17:08:12Z" uid="1" user="OSMnx" version="1" changeset="1" lat="39.90711" lon="116.39233" /><node id="6421450369" timestamp="2026-04-01T17:08:12Z" uid="1" user="OSMnx" version="1" changeset="1" lat="39.907058" lon="116.389427" /><node id="6421450370" timestamp="2026-04-01T17:08:12Z" uid="1" user="OSMnx" version="1" changeset="1" lat="39.907064" lon="116.389526" /><node id="6421450371" timestamp="2026-04-01T17:08:12Z" uid="1" user="OSMnx" version="1" changeset="1" lat="39.907047" lon="116.389866" /><node id="6421450372" timestamp="2026-04-01T17:08:12Z" uid="1" user="OSMnx" version="1" changeset="1" lat="39.907072" lon="116.390945" /><node id="6421450373" timestamp="2026-04-01T17:08:12Z" uid="1" user="OSMnx" version="1" changeset="1" lat="39.907076" lon="116.391072" /><node id="6421450374" timestamp="2026-04-01T17:08:12Z" uid="1" user="OSMnx" version="1" changeset="1" lat="39.90708" lon="116.391227" /><node id="6421450375" timestamp="2026-04-01T17:08:12Z" uid="1" user="OSMnx" version="1" changeset="1" lat="39.907085" lon="116.391394" /><node id="6421450376" timestamp="2026-04-01T17:08:12Z" uid="1" user="OSMnx" version="1" changeset="1" lat="39.907047" lon="116.390039" /><node id="6421450377" timestamp="2026-04-01T17:08:12Z" uid="1" user="OSMnx" version="1" changeset="1" lat="39.907088" lon="116.391524" /><node id="6421450378" timestamp="2026-04-01T17:08:12Z" uid="1" user="OSMnx" version="1" changeset="1" lat="39.907117" lon="116.392575" /><node id="6421450379" timestamp="2026-04-01T17:08:12Z" uid="1" user="OSMnx" version="1" changeset="1" lat="39.907156" lon="116.392886" /><node id="6421450380" timestamp="2026-04-01T17:08:12Z" uid="1" user="OSMnx" version="1" changeset="1" lat="39.906641" lon="116.394093" /><node id="6421450381" timestamp="2026-04-01T17:08:12Z" uid="1" user="OSMnx" version="1" changeset="1" lat="39.906858" lon="116.394085" /><node id="6421450382" timestamp="2026-04-01T17:08:12Z" uid="1" user="OSMnx" version="1" changeset="1" lat="39.906946" lon="116.394133" /><node id="6421450383" timestamp="2026-04-01T17:08:12Z" uid="1" user="OSMnx" version="1" changeset="1" lat="39.907234" lon="116.394117" /><node id="6421496219" timestamp="2026-04-01T17:08:12Z" uid="1" user="OSMnx" version="1" changeset="1" lat="39.908766" lon="116.394823" /><node id="6421531643" timestamp="2026-04-01T17:08:12Z" uid="1" user="OSMnx" version="1" changeset="1" lat="39.906724" lon="116.39688" /><node id="6421531649" timestamp="2026-04-01T17:08:12Z" uid="1" user="OSMnx" version="1" changeset="1" lat="39.906703" lon="116.396205" /><node id="6421531650" timestamp="2026-04-01T17:08:12Z" uid="1" user="OSMnx" version="1" changeset="1" lat="39.906748" lon="116.396205" /><node id="6421531652" timestamp="2026-04-01T17:08:12Z" uid="1" user="OSMnx" version="1" changeset="1" lat="39.906738" lon="116.395871" /><node id="6421594314" timestamp="2026-04-01T17:08:12Z" uid="1" user="OSMnx" version="1" changeset="1" lat="39.907659" lon="116.387536" /><node id="6421594315" timestamp="2026-04-01T17:08:12Z" uid="1" user="OSMnx" version="1" changeset="1" lat="39.907317" lon="116.387288" /><node id="6421594316" timestamp="2026-04-01T17:08:12Z" uid="1" user="OSMnx" version="1" changeset="1" lat="39.907385" lon="116.387181" /><node id="6421637770" timestamp="2026-04-01T17:08:12Z" uid="1" user="OSMnx" version="1" changeset="1" lat="39.907004" lon="116.396802" /><node id="6421637771" timestamp="2026-04-01T17:08:12Z" uid="1" user="OSMnx" version="1" changeset="1" lat="39.907008" lon="116.396619" /><node id="6421637772" timestamp="2026-04-01T17:08:12Z" uid="1" user="OSMnx" version="1" changeset="1" lat="39.907004" lon="116.396469" /><node id="6421637773" timestamp="2026-04-01T17:08:12Z" uid="1" user="OSMnx" version="1" changeset="1" lat="39.907" lon="116.39633" /><node id="6421637774" timestamp="2026-04-01T17:08:12Z" uid="1" user="OSMnx" version="1" changeset="1" lat="39.906969" lon="116.396112" /><node id="6421637775" timestamp="2026-04-01T17:08:12Z" uid="1" user="OSMnx" version="1" changeset="1" lat="39.906961" lon="116.39593" /><node id="6421637776" timestamp="2026-04-01T17:08:12Z" uid="1" user="OSMnx" version="1" changeset="1" lat="39.907216" lon="116.39685" /><node id="6421637777" timestamp="2026-04-01T17:08:12Z" uid="1" user="OSMnx" version="1" changeset="1" lat="39.907226" lon="116.396617" /><node id="6421637778" timestamp="2026-04-01T17:08:12Z" uid="1" user="OSMnx" version="1" changeset="1" lat="39.907216" lon="116.396171" /><node id="6421637779" timestamp="2026-04-01T17:08:12Z" uid="1" user="OSMnx" version="1" changeset="1" lat="39.907213" lon="116.395866" /><node id="6421637780" timestamp="2026-04-01T17:08:12Z" uid="1" user="OSMnx" version="1" changeset="1" lat="39.907212" lon="116.395671" /><node id="6421637781" timestamp="2026-04-01T17:08:12Z" uid="1" user="OSMnx" version="1" changeset="1" lat="39.907192" lon="116.395363" /><node id="6421637782" timestamp="2026-04-01T17:08:12Z" uid="1" user="OSMnx" version="1" changeset="1" lat="39.90707" lon="116.394199" /><node id="6421637783" timestamp="2026-04-01T17:08:12Z" uid="1" user="OSMnx" version="1" changeset="1" lat="39.907069" lon="116.394173" /><node id="6421637784" timestamp="2026-04-01T17:08:12Z" uid="1" user="OSMnx" version="1" changeset="1" lat="39.907068" lon="116.394124" /><node id="6421637785" timestamp="2026-04-01T17:08:12Z" uid="1" user="OSMnx" version="1" changeset="1" lat="39.907072" lon="116.394287" /><node id="6421678393" timestamp="2026-04-01T17:08:12Z" uid="1" user="OSMnx" version="1" changeset="1" lat="39.912074" lon="116.391287" /><node id="6421678394" timestamp="2026-04-01T17:08:12Z" uid="1" user="OSMnx" version="1" changeset="1" lat="39.912066" lon="116.390679" /><node id="6421720155" timestamp="2026-04-01T17:08:12Z" uid="1" user="OSMnx" version="1" changeset="1" lat="39.908783" lon="116.394036" /><node id="6421720156" timestamp="2026-04-01T17:08:12Z" uid="1" user="OSMnx" version="1" changeset="1" lat="39.90877" lon="116.394036" /><node id="6421720157" timestamp="2026-04-01T17:08:12Z" uid="1" user="OSMnx" version="1" changeset="1" lat="39.908762" lon="116.3933" /><node id="6421720158" timestamp="2026-04-01T17:08:12Z" uid="1" user="OSMnx" version="1" changeset="1" lat="39.908748" lon="116.3933" /><node id="6421743735" timestamp="2026-04-01T17:08:12Z" uid="1" user="OSMnx" version="1" changeset="1" lat="39.907385" lon="116.389407" /><node id="6421743736" timestamp="2026-04-01T17:08:12Z" uid="1" user="OSMnx" version="1" changeset="1" lat="39.907154" lon="116.389419" /><node id="6421749054" timestamp="2026-04-01T17:08:12Z" uid="1" user="OSMnx" version="1" changeset="1" lat="39.908538" lon="116.392308" /><node id="6440375808" timestamp="2026-04-01T17:08:12Z" uid="1" user="OSMnx" version="1" changeset="1" lat="39.908279" lon="116.392397" /><node id="6440375809" timestamp="2026-04-01T17:08:12Z" uid="1" user="OSMnx" version="1" changeset="1" lat="39.908373" lon="116.392316" /><node id="6445636928" timestamp="2026-04-01T17:08:12Z" uid="1" user="OSMnx" version="1" changeset="1" lat="39.911249" lon="116.388408" /><node id="6445636929" timestamp="2026-04-01T17:08:12Z" uid="1" user="OSMnx" version="1" changeset="1" lat="39.911255" lon="116.388612" /><node id="6445636930" timestamp="2026-04-01T17:08:12Z" uid="1" user="OSMnx" version="1" changeset="1" lat="39.911307" lon="116.38861" /><node id="6445636931" timestamp="2026-04-01T17:08:12Z" uid="1" user="OSMnx" version="1" changeset="1" lat="39.911301" lon="116.388404" /><node id="6445636932" timestamp="2026-04-01T17:08:12Z" uid="1" user="OSMnx" version="1" changeset="1" lat="39.911288" lon="116.389667" /><node id="6445636934" timestamp="2026-04-01T17:08:12Z" uid="1" user="OSMnx" version="1" changeset="1" lat="39.911229" lon="116.388422" /><node id="6445636935" timestamp="2026-04-01T17:08:12Z" uid="1" user="OSMnx" version="1" changeset="1" lat="39.911266" lon="116.388402" /><node id="6445636936" timestamp="2026-04-01T17:08:12Z" uid="1" user="OSMnx" version="1" changeset="1" lat="39.911283" lon="116.3884" /><node id="6445636937" timestamp="2026-04-01T17:08:12Z" uid="1" user="OSMnx" version="1" changeset="1" lat="39.911322" lon="116.388416" /><node id="6445636938" timestamp="2026-04-01T17:08:12Z" uid="1" user="OSMnx" version="1" changeset="1" lat="39.91134" lon="116.388436" /><node id="6445636939" timestamp="2026-04-01T17:08:12Z" uid="1" user="OSMnx" version="1" changeset="1" lat="39.911353" lon="116.38846" /><node id="6445636940" timestamp="2026-04-01T17:08:12Z" uid="1" user="OSMnx" version="1" changeset="1" lat="39.91136" lon="116.388489" /><node id="6445636941" timestamp="2026-04-01T17:08:12Z" uid="1" user="OSMnx" version="1" changeset="1" lat="39.911361" lon="116.38852" /><node id="6445636942" timestamp="2026-04-01T17:08:12Z" uid="1" user="OSMnx" version="1" changeset="1" lat="39.911356" lon="116.388549" /><node id="6445636943" timestamp="2026-04-01T17:08:12Z" uid="1" user="OSMnx" version="1" changeset="1" lat="39.911327" lon="116.388596" /><node id="6445636944" timestamp="2026-04-01T17:08:12Z" uid="1" user="OSMnx" version="1" changeset="1" lat="39.91129" lon="116.388616" /><node id="6445636945" timestamp="2026-04-01T17:08:12Z" uid="1" user="OSMnx" version="1" changeset="1" lat="39.911272" lon="116.388616" /><node id="6445636946" timestamp="2026-04-01T17:08:12Z" uid="1" user="OSMnx" version="1" changeset="1" lat="39.911234" lon="116.3886" /><node id="6445636947" timestamp="2026-04-01T17:08:12Z" uid="1" user="OSMnx" version="1" changeset="1" lat="39.911217" lon="116.38858" /><node id="6445636948" timestamp="2026-04-01T17:08:12Z" uid="1" user="OSMnx" version="1" changeset="1" lat="39.911204" lon="116.388556" /><node id="6445636949" timestamp="2026-04-01T17:08:12Z" uid="1" user="OSMnx" version="1" changeset="1" lat="39.911197" lon="116.388528" /><node id="6445636950" timestamp="2026-04-01T17:08:12Z" uid="1" user="OSMnx" version="1" changeset="1" lat="39.911196" lon="116.388498" /><node id="6445636951" timestamp="2026-04-01T17:08:12Z" uid="1" user="OSMnx" version="1" changeset="1" lat="39.911202" lon="116.388469" /><node id="6445636952" timestamp="2026-04-01T17:08:12Z" uid="1" user="OSMnx" version="1" changeset="1" lat="39.911344" lon="116.388575" /><node id="6445636953" timestamp="2026-04-01T17:08:12Z" uid="1" user="OSMnx" version="1" changeset="1" lat="39.911213" lon="116.388443" /><node id="6445658025" timestamp="2026-04-01T17:08:12Z" uid="1" user="OSMnx" version="1" changeset="1" lat="39.910547" lon="116.38854" /><node id="6445658026" timestamp="2026-04-01T17:08:12Z" uid="1" user="OSMnx" version="1" changeset="1" lat="39.910682" lon="116.388535" /><node id="6445658027" timestamp="2026-04-01T17:08:12Z" uid="1" user="OSMnx" version="1" changeset="1" lat="39.911058" lon="116.388519" /><node id="6445658028" timestamp="2026-04-01T17:08:12Z" uid="1" user="OSMnx" version="1" changeset="1" lat="39.91098" lon="116.388522" /><node id="6445658029" timestamp="2026-04-01T17:08:12Z" uid="1" user="OSMnx" version="1" changeset="1" lat="39.911197" lon="116.388514" /><node id="6445658030" timestamp="2026-04-01T17:08:12Z" uid="1" user="OSMnx" version="1" changeset="1" lat="39.90984" lon="116.389843" /><node id="6445658031" timestamp="2026-04-01T17:08:12Z" uid="1" user="OSMnx" version="1" changeset="1" lat="39.909833" lon="116.38975" /><node id="6445658032" timestamp="2026-04-01T17:08:12Z" uid="1" user="OSMnx" version="1" changeset="1" lat="39.909763" lon="116.387341" /><node id="6445714316" timestamp="2026-04-01T17:08:12Z" uid="1" user="OSMnx" version="1" changeset="1" lat="39.908233" lon="116.388658" /><node id="6445714317" timestamp="2026-04-01T17:08:12Z" uid="1" user="OSMnx" version="1" changeset="1" lat="39.908073" lon="116.38867" /><node id="6445714327" timestamp="2026-04-01T17:08:12Z" uid="1" user="OSMnx" version="1" changeset="1" lat="39.90888" lon="116.387235" /><node id="6445714328" timestamp="2026-04-01T17:08:12Z" uid="1" user="OSMnx" version="1" changeset="1" lat="39.908873" lon="116.387019" /><node id="6445714329" timestamp="2026-04-01T17:08:12Z" uid="1" user="OSMnx" version="1" changeset="1" lat="39.908304" lon="116.387048" /><node id="6447423624" timestamp="2026-04-01T17:08:12Z" uid="1" user="OSMnx" version="1" changeset="1" lat="39.910372" lon="116.392227" /><node id="6447423625" timestamp="2026-04-01T17:08:12Z" uid="1" user="OSMnx" version="1" changeset="1" lat="39.91037" lon="116.39215" /><node id="6447423626" timestamp="2026-04-01T17:08:12Z" uid="1" user="OSMnx" version="1" changeset="1" lat="39.910693" lon="116.392137" /><node id="6447423627" timestamp="2026-04-01T17:08:12Z" uid="1" user="OSMnx" version="1" changeset="1" lat="39.910695" lon="116.392214" /><node id="6447449633" timestamp="2026-04-01T17:08:12Z" uid="1" user="OSMnx" version="1" changeset="1" lat="39.907317" lon="116.388033" /><node id="6447449634" timestamp="2026-04-01T17:08:12Z" uid="1" user="OSMnx" version="1" changeset="1" lat="39.907317" lon="116.388007" /><node id="6447449635" timestamp="2026-04-01T17:08:12Z" uid="1" user="OSMnx" version="1" changeset="1" lat="39.907347" lon="116.388006" /><node id="6447449636" timestamp="2026-04-01T17:08:12Z" uid="1" user="OSMnx" version="1" changeset="1" lat="39.907368" lon="116.387976" /><node id="6447449637" timestamp="2026-04-01T17:08:12Z" uid="1" user="OSMnx" version="1" changeset="1" lat="39.907339" lon="116.387758" /><node id="6447449638" timestamp="2026-04-01T17:08:12Z" uid="1" user="OSMnx" version="1" changeset="1" lat="39.907337" lon="116.387726" /><node id="6447449639" timestamp="2026-04-01T17:08:12Z" uid="1" user="OSMnx" version="1" changeset="1" lat="39.907308" lon="116.387728" /><node id="6447485387" timestamp="2026-04-01T17:08:12Z" uid="1" user="OSMnx" version="1" changeset="1" lat="39.907905" lon="116.386915" /><node id="6447485414" timestamp="2026-04-01T17:08:12Z" uid="1" user="OSMnx" version="1" changeset="1" lat="39.908143" lon="116.387881" /><node id="6447485415" timestamp="2026-04-01T17:08:12Z" uid="1" user="OSMnx" version="1" changeset="1" lat="39.908142" lon="116.387934" /><node id="6447485416" timestamp="2026-04-01T17:08:12Z" uid="1" user="OSMnx" version="1" changeset="1" lat="39.90812" lon="116.387965" /><node id="6447485417" timestamp="2026-04-01T17:08:12Z" uid="1" user="OSMnx" version="1" changeset="1" lat="39.908177" lon="116.387882" /><node id="6447485418" timestamp="2026-04-01T17:08:12Z" uid="1" user="OSMnx" version="1" changeset="1" lat="39.908112" lon="116.387502" /><node id="6447485419" timestamp="2026-04-01T17:08:12Z" uid="1" user="OSMnx" version="1" changeset="1" lat="39.908173" lon="116.387599" /><node id="6447510328" timestamp="2026-04-01T17:08:12Z" uid="1" user="OSMnx" version="1" changeset="1" lat="39.907762" lon="116.388675" /><node id="6447510329" timestamp="2026-04-01T17:08:12Z" uid="1" user="OSMnx" version="1" changeset="1" lat="39.908214" lon="116.389381" /><node id="6447510330" timestamp="2026-04-01T17:08:12Z" uid="1" user="OSMnx" version="1" changeset="1" lat="39.908371" lon="116.38945" /><node id="6447510331" timestamp="2026-04-01T17:08:12Z" uid="1" user="OSMnx" version="1" changeset="1" lat="39.908357" lon="116.389296" /><node id="6447510332" timestamp="2026-04-01T17:08:12Z" uid="1" user="OSMnx" version="1" changeset="1" lat="39.90839" lon="116.389295" /><node id="6447510333" timestamp="2026-04-01T17:08:12Z" uid="1" user="OSMnx" version="1" changeset="1" lat="39.908392" lon="116.38945" /><node id="6447510334" timestamp="2026-04-01T17:08:12Z" uid="1" user="OSMnx" version="1" changeset="1" lat="39.908215" lon="116.389454" /><node id="6447510335" timestamp="2026-04-01T17:08:12Z" uid="1" user="OSMnx" version="1" changeset="1" lat="39.908213" lon="116.389299" /><node id="6447510340" timestamp="2026-04-01T17:08:12Z" uid="1" user="OSMnx" version="1" changeset="1" lat="39.907667" lon="116.389659" /><node id="6447510341" timestamp="2026-04-01T17:08:12Z" uid="1" user="OSMnx" version="1" changeset="1" lat="39.907665" lon="116.389509" /><node id="6447510342" timestamp="2026-04-01T17:08:12Z" uid="1" user="OSMnx" version="1" changeset="1" lat="39.907662" lon="116.389277" /><node id="6447510343" timestamp="2026-04-01T17:08:12Z" uid="1" user="OSMnx" version="1" changeset="1" lat="39.907667" lon="116.389689" /><node id="6447510344" timestamp="2026-04-01T17:08:12Z" uid="1" user="OSMnx" version="1" changeset="1" lat="39.907667" lon="116.389628" /><node id="6447510345" timestamp="2026-04-01T17:08:12Z" uid="1" user="OSMnx" version="1" changeset="1" lat="39.907877" lon="116.390143" /><node id="6447510346" timestamp="2026-04-01T17:08:12Z" uid="1" user="OSMnx" version="1" changeset="1" lat="39.907672" lon="116.390146" /><node id="6447510347" timestamp="2026-04-01T17:08:12Z" uid="1" user="OSMnx" version="1" changeset="1" lat="39.907826" lon="116.389304" /><node id="6447510348" timestamp="2026-04-01T17:08:12Z" uid="1" user="OSMnx" version="1" changeset="1" lat="39.907825" lon="116.389477" /><node id="6447510349" timestamp="2026-04-01T17:08:12Z" uid="1" user="OSMnx" version="1" changeset="1" lat="39.908029" lon="116.387776" /><node id="6447510350" timestamp="2026-04-01T17:08:12Z" uid="1" user="OSMnx" version="1" changeset="1" lat="39.907852" lon="116.387774" /><node id="6447510351" timestamp="2026-04-01T17:08:12Z" uid="1" user="OSMnx" version="1" changeset="1" lat="39.907846" lon="116.387489" /><node id="6447510352" timestamp="2026-04-01T17:08:12Z" uid="1" user="OSMnx" version="1" changeset="1" lat="39.908026" lon="116.387489" /><node id="6447510353" timestamp="2026-04-01T17:08:12Z" uid="1" user="OSMnx" version="1" changeset="1" lat="39.908031" lon="116.387932" /><node id="6447510354" timestamp="2026-04-01T17:08:12Z" uid="1" user="OSMnx" version="1" changeset="1" lat="39.907908" lon="116.388285" /><node id="6447510355" timestamp="2026-04-01T17:08:12Z" uid="1" user="OSMnx" version="1" changeset="1" lat="39.907844" lon="116.388201" /><node id="6447510356" timestamp="2026-04-01T17:08:12Z" uid="1" user="OSMnx" version="1" changeset="1" lat="39.908012" lon="116.387961" /><node id="6447510357" timestamp="2026-04-01T17:08:12Z" uid="1" user="OSMnx" version="1" changeset="1" lat="39.908122" lon="116.388072" /><node id="6447510358" timestamp="2026-04-01T17:08:12Z" uid="1" user="OSMnx" version="1" changeset="1" lat="39.907526" lon="116.388447" /><node id="6447510359" timestamp="2026-04-01T17:08:12Z" uid="1" user="OSMnx" version="1" changeset="1" lat="39.907487" lon="116.388494" /><node id="6447510360" timestamp="2026-04-01T17:08:12Z" uid="1" user="OSMnx" version="1" changeset="1" lat="39.90768" lon="116.388458" /><node id="6447510361" timestamp="2026-04-01T17:08:12Z" uid="1" user="OSMnx" version="1" changeset="1" lat="39.90786" lon="116.388453" /><node id="6447510362" timestamp="2026-04-01T17:08:12Z" uid="1" user="OSMnx" version="1" changeset="1" lat="39.907648" lon="116.38859" /><node id="6447510363" timestamp="2026-04-01T17:08:12Z" uid="1" user="OSMnx" version="1" changeset="1" lat="39.907652" lon="116.388794" /><node id="6447510364" timestamp="2026-04-01T17:08:12Z" uid="1" user="OSMnx" version="1" changeset="1" lat="39.907764" lon="116.38879" /><node id="6447510365" timestamp="2026-04-01T17:08:12Z" uid="1" user="OSMnx" version="1" changeset="1" lat="39.907554" lon="116.388798" /><node id="6447510366" timestamp="2026-04-01T17:08:12Z" uid="1" user="OSMnx" version="1" changeset="1" lat="39.90755" lon="116.388594" /><node id="6447510367" timestamp="2026-04-01T17:08:12Z" uid="1" user="OSMnx" version="1" changeset="1" lat="39.90776" lon="116.388586" /><node id="6447510381" timestamp="2026-04-01T17:08:12Z" uid="1" user="OSMnx" version="1" changeset="1" lat="39.907342" lon="116.389556" /><node id="6447510382" timestamp="2026-04-01T17:08:12Z" uid="1" user="OSMnx" version="1" changeset="1" lat="39.907337" lon="116.38929" /><node id="6447514586" timestamp="2026-04-01T17:08:12Z" uid="1" user="OSMnx" version="1" changeset="1" lat="39.90766" lon="116.389188" /><node id="6447514587" timestamp="2026-04-01T17:08:12Z" uid="1" user="OSMnx" version="1" changeset="1" lat="39.907659" lon="116.389118" /><node id="6447514588" timestamp="2026-04-01T17:08:12Z" uid="1" user="OSMnx" version="1" changeset="1" lat="39.90766" lon="116.389154" /><node id="6447514589" timestamp="2026-04-01T17:08:12Z" uid="1" user="OSMnx" version="1" changeset="1" lat="39.907513" lon="116.389785" /><node id="6447514590" timestamp="2026-04-01T17:08:12Z" uid="1" user="OSMnx" version="1" changeset="1" lat="39.90751" lon="116.389662" /><node id="6447514591" timestamp="2026-04-01T17:08:12Z" uid="1" user="OSMnx" version="1" changeset="1" lat="39.907903" lon="116.389968" /><node id="6447514592" timestamp="2026-04-01T17:08:12Z" uid="1" user="OSMnx" version="1" changeset="1" lat="39.907901" lon="116.389847" /><node id="6447514593" timestamp="2026-04-01T17:08:12Z" uid="1" user="OSMnx" version="1" changeset="1" lat="39.907797" lon="116.389846" /><node id="6447514594" timestamp="2026-04-01T17:08:12Z" uid="1" user="OSMnx" version="1" changeset="1" lat="39.907793" lon="116.389656" /><node id="6447514595" timestamp="2026-04-01T17:08:12Z" uid="1" user="OSMnx" version="1" changeset="1" lat="39.907343" lon="116.389666" /><node id="6447514596" timestamp="2026-04-01T17:08:12Z" uid="1" user="OSMnx" version="1" changeset="1" lat="39.907335" lon="116.389164" /><node id="6447514597" timestamp="2026-04-01T17:08:12Z" uid="1" user="OSMnx" version="1" changeset="1" lat="39.907782" lon="116.389149" /><node id="6447514598" timestamp="2026-04-01T17:08:12Z" uid="1" user="OSMnx" version="1" changeset="1" lat="39.90778" lon="116.388946" /><node id="6447514599" timestamp="2026-04-01T17:08:12Z" uid="1" user="OSMnx" version="1" changeset="1" lat="39.907866" lon="116.38894" /><node id="6447514602" timestamp="2026-04-01T17:08:12Z" uid="1" user="OSMnx" version="1" changeset="1" lat="39.908333" lon="116.388296" /><node id="6447514603" timestamp="2026-04-01T17:08:12Z" uid="1" user="OSMnx" version="1" changeset="1" lat="39.908144" lon="116.388306" /><node id="6447514604" timestamp="2026-04-01T17:08:12Z" uid="1" user="OSMnx" version="1" changeset="1" lat="39.908143" lon="116.38825" /><node id="6447514605" timestamp="2026-04-01T17:08:12Z" uid="1" user="OSMnx" version="1" changeset="1" lat="39.908215" lon="116.388597" /><node id="6447514606" timestamp="2026-04-01T17:08:12Z" uid="1" user="OSMnx" version="1" changeset="1" lat="39.908196" lon="116.388576" /><node id="6447514607" timestamp="2026-04-01T17:08:12Z" uid="1" user="OSMnx" version="1" changeset="1" lat="39.908173" lon="116.388562" /><node id="6447514608" timestamp="2026-04-01T17:08:12Z" uid="1" user="OSMnx" version="1" changeset="1" lat="39.908148" lon="116.388559" /><node id="6447514609" timestamp="2026-04-01T17:08:12Z" uid="1" user="OSMnx" version="1" changeset="1" lat="39.908102" lon="116.388583" /><node id="6447514610" timestamp="2026-04-01T17:08:12Z" uid="1" user="OSMnx" version="1" changeset="1" lat="39.908085" lon="116.388607" /><node id="6447514611" timestamp="2026-04-01T17:08:12Z" uid="1" user="OSMnx" version="1" changeset="1" lat="39.908075" lon="116.388637" /><node id="6447514612" timestamp="2026-04-01T17:08:12Z" uid="1" user="OSMnx" version="1" changeset="1" lat="39.908094" lon="116.388736" /><node id="6447514613" timestamp="2026-04-01T17:08:12Z" uid="1" user="OSMnx" version="1" changeset="1" lat="39.908117" lon="116.388757" /><node id="6447514614" timestamp="2026-04-01T17:08:12Z" uid="1" user="OSMnx" version="1" changeset="1" lat="39.908144" lon="116.388768" /><node id="6447514615" timestamp="2026-04-01T17:08:12Z" uid="1" user="OSMnx" version="1" changeset="1" lat="39.908171" lon="116.388766" /><node id="6447514616" timestamp="2026-04-01T17:08:12Z" uid="1" user="OSMnx" version="1" changeset="1" lat="39.908197" lon="116.388751" /><node id="6447514617" timestamp="2026-04-01T17:08:12Z" uid="1" user="OSMnx" version="1" changeset="1" lat="39.908217" lon="116.388726" /><node id="6447514618" timestamp="2026-04-01T17:08:12Z" uid="1" user="OSMnx" version="1" changeset="1" lat="39.90823" lon="116.388694" /><node id="6447517692" timestamp="2026-04-01T17:08:12Z" uid="1" user="OSMnx" version="1" changeset="1" lat="39.907538" lon="116.387668" /><node id="6447517693" timestamp="2026-04-01T17:08:12Z" uid="1" user="OSMnx" version="1" changeset="1" lat="39.907592" lon="116.387658" /><node id="6447517694" timestamp="2026-04-01T17:08:12Z" uid="1" user="OSMnx" version="1" changeset="1" lat="39.907475" lon="116.387655" /><node id="6447766262" timestamp="2026-04-01T17:08:12Z" uid="1" user="OSMnx" version="1" changeset="1" lat="39.909199" lon="116.388611" /><node id="6447766263" timestamp="2026-04-01T17:08:12Z" uid="1" user="OSMnx" version="1" changeset="1" lat="39.909213" lon="116.389051" /><node id="6447766264" timestamp="2026-04-01T17:08:12Z" uid="1" user="OSMnx" version="1" changeset="1" lat="39.909188" lon="116.388216" /><node id="6447766265" timestamp="2026-04-01T17:08:12Z" uid="1" user="OSMnx" version="1" changeset="1" lat="39.90918" lon="116.389058" /><node id="6447766266" timestamp="2026-04-01T17:08:12Z" uid="1" user="OSMnx" version="1" changeset="1" lat="39.909016" lon="116.3889" /><node id="6447766267" timestamp="2026-04-01T17:08:12Z" uid="1" user="OSMnx" version="1" changeset="1" lat="39.908954" lon="116.388787" /><node id="6447766269" timestamp="2026-04-01T17:08:12Z" uid="1" user="OSMnx" version="1" changeset="1" lat="39.908335" lon="116.388372" /><node id="6447766270" timestamp="2026-04-01T17:08:12Z" uid="1" user="OSMnx" version="1" changeset="1" lat="39.908506" lon="116.388366" /><node id="6447766276" timestamp="2026-04-01T17:08:12Z" uid="1" user="OSMnx" version="1" changeset="1" lat="39.908722" lon="116.387165" /><node id="6447766277" timestamp="2026-04-01T17:08:12Z" uid="1" user="OSMnx" version="1" changeset="1" lat="39.908685" lon="116.38728" /><node id="6447766278" timestamp="2026-04-01T17:08:12Z" uid="1" user="OSMnx" version="1" changeset="1" lat="39.908494" lon="116.387299" /><node id="6447766279" timestamp="2026-04-01T17:08:12Z" uid="1" user="OSMnx" version="1" changeset="1" lat="39.908649" lon="116.388646" /><node id="6447766280" timestamp="2026-04-01T17:08:12Z" uid="1" user="OSMnx" version="1" changeset="1" lat="39.908589" lon="116.388647" /><node id="6447766281" timestamp="2026-04-01T17:08:12Z" uid="1" user="OSMnx" version="1" changeset="1" lat="39.908512" lon="116.388648" /><node id="6447766282" timestamp="2026-04-01T17:08:12Z" uid="1" user="OSMnx" version="1" changeset="1" lat="39.908378" lon="116.389834" /><node id="6447766283" timestamp="2026-04-01T17:08:12Z" uid="1" user="OSMnx" version="1" changeset="1" lat="39.908541" lon="116.389825" /><node id="6447766284" timestamp="2026-04-01T17:08:12Z" uid="1" user="OSMnx" version="1" changeset="1" lat="39.908494" lon="116.387747" /><node id="6447768038" timestamp="2026-04-01T17:08:12Z" uid="1" user="OSMnx" version="1" changeset="1" lat="39.908905" lon="116.389034" /><node id="6447768039" timestamp="2026-04-01T17:08:12Z" uid="1" user="OSMnx" version="1" changeset="1" lat="39.908866" lon="116.38905" /><node id="6447768040" timestamp="2026-04-01T17:08:12Z" uid="1" user="OSMnx" version="1" changeset="1" lat="39.908831" lon="116.38904" /><node id="6447768041" timestamp="2026-04-01T17:08:12Z" uid="1" user="OSMnx" version="1" changeset="1" lat="39.90881" lon="116.38905" /><node id="6447768042" timestamp="2026-04-01T17:08:12Z" uid="1" user="OSMnx" version="1" changeset="1" lat="39.908812" lon="116.389093" /><node id="6447768043" timestamp="2026-04-01T17:08:12Z" uid="1" user="OSMnx" version="1" changeset="1" lat="39.908821" lon="116.389141" /><node id="6447768044" timestamp="2026-04-01T17:08:12Z" uid="1" user="OSMnx" version="1" changeset="1" lat="39.908852" lon="116.389174" /><node id="6447768045" timestamp="2026-04-01T17:08:12Z" uid="1" user="OSMnx" version="1" changeset="1" lat="39.908905" lon="116.389179" /><node id="6447768046" timestamp="2026-04-01T17:08:12Z" uid="1" user="OSMnx" version="1" changeset="1" lat="39.908942" lon="116.389147" /><node id="6447768047" timestamp="2026-04-01T17:08:12Z" uid="1" user="OSMnx" version="1" changeset="1" lat="39.90875" lon="116.388519" /><node id="6447768048" timestamp="2026-04-01T17:08:12Z" uid="1" user="OSMnx" version="1" changeset="1" lat="39.908784" lon="116.388479" /><node id="6447768049" timestamp="2026-04-01T17:08:12Z" uid="1" user="OSMnx" version="1" changeset="1" lat="39.908845" lon="116.388299" /><node id="6447768050" timestamp="2026-04-01T17:08:12Z" uid="1" user="OSMnx" version="1" changeset="1" lat="39.908895" lon="116.388231" /><node id="6447768051" timestamp="2026-04-01T17:08:12Z" uid="1" user="OSMnx" version="1" changeset="1" lat="39.908972" lon="116.388087" /><node id="6447768052" timestamp="2026-04-01T17:08:12Z" uid="1" user="OSMnx" version="1" changeset="1" lat="39.909002" lon="116.388052" /><node id="6447768053" timestamp="2026-04-01T17:08:12Z" uid="1" user="OSMnx" version="1" changeset="1" lat="39.909002" lon="116.387753" /><node id="6447768054" timestamp="2026-04-01T17:08:12Z" uid="1" user="OSMnx" version="1" changeset="1" lat="39.908989" lon="116.38783" /><node id="6447768055" timestamp="2026-04-01T17:08:12Z" uid="1" user="OSMnx" version="1" changeset="1" lat="39.908965" lon="116.387913" /><node id="6447768056" timestamp="2026-04-01T17:08:12Z" uid="1" user="OSMnx" version="1" changeset="1" lat="39.908965" lon="116.387999" /><node id="6447768057" timestamp="2026-04-01T17:08:12Z" uid="1" user="OSMnx" version="1" changeset="1" lat="39.908983" lon="116.388042" /><node id="6447768058" timestamp="2026-04-01T17:08:12Z" uid="1" user="OSMnx" version="1" changeset="1" lat="39.909018" lon="116.38806" /><node id="6447768059" timestamp="2026-04-01T17:08:12Z" uid="1" user="OSMnx" version="1" changeset="1" lat="39.909064" lon="116.388031" /><node id="6447768060" timestamp="2026-04-01T17:08:12Z" uid="1" user="OSMnx" version="1" changeset="1" lat="39.909103" lon="116.387993" /><node id="6447768061" timestamp="2026-04-01T17:08:12Z" uid="1" user="OSMnx" version="1" changeset="1" lat="39.909182" lon="116.387986" /><node id="6447768062" timestamp="2026-04-01T17:08:12Z" uid="1" user="OSMnx" version="1" changeset="1" lat="39.909073" lon="116.388229" /><node id="6447768063" timestamp="2026-04-01T17:08:12Z" uid="1" user="OSMnx" version="1" changeset="1" lat="39.909106" lon="116.388213" /><node id="6447768064" timestamp="2026-04-01T17:08:12Z" uid="1" user="OSMnx" version="1" changeset="1" lat="39.909136" lon="116.38775" /><node id="6447768065" timestamp="2026-04-01T17:08:12Z" uid="1" user="OSMnx" version="1" changeset="1" lat="39.909218" lon="116.387748" /><node id="6447768066" timestamp="2026-04-01T17:08:12Z" uid="1" user="OSMnx" version="1" changeset="1" lat="39.909136" lon="116.387818" /><node id="6447768067" timestamp="2026-04-01T17:08:12Z" uid="1" user="OSMnx" version="1" changeset="1" lat="39.90922" lon="116.387813" /><node id="6447768068" timestamp="2026-04-01T17:08:12Z" uid="1" user="OSMnx" version="1" changeset="1" lat="39.909218" lon="116.387831" /><node id="6447768069" timestamp="2026-04-01T17:08:12Z" uid="1" user="OSMnx" version="1" changeset="1" lat="39.909213" lon="116.387847" /><node id="6447768070" timestamp="2026-04-01T17:08:12Z" uid="1" user="OSMnx" version="1" changeset="1" lat="39.909204" lon="116.38786" /><node id="6447768071" timestamp="2026-04-01T17:08:12Z" uid="1" user="OSMnx" version="1" changeset="1" lat="39.909193" lon="116.387869" /><node id="6447768072" timestamp="2026-04-01T17:08:12Z" uid="1" user="OSMnx" version="1" changeset="1" lat="39.90918" lon="116.387872" /><node id="6447768073" timestamp="2026-04-01T17:08:12Z" uid="1" user="OSMnx" version="1" changeset="1" lat="39.909166" lon="116.38787" /><node id="6447768074" timestamp="2026-04-01T17:08:12Z" uid="1" user="OSMnx" version="1" changeset="1" lat="39.909154" lon="116.387863" /><node id="6447768075" timestamp="2026-04-01T17:08:12Z" uid="1" user="OSMnx" version="1" changeset="1" lat="39.909144" lon="116.387851" /><node id="6447768076" timestamp="2026-04-01T17:08:12Z" uid="1" user="OSMnx" version="1" changeset="1" lat="39.909138" lon="116.387835" /><node id="6447768077" timestamp="2026-04-01T17:08:12Z" uid="1" user="OSMnx" version="1" changeset="1" lat="39.909468" lon="116.38797" /><node id="6447768078" timestamp="2026-04-01T17:08:12Z" uid="1" user="OSMnx" version="1" changeset="1" lat="39.909519" lon="116.387976" /><node id="6447768079" timestamp="2026-04-01T17:08:12Z" uid="1" user="OSMnx" version="1" changeset="1" lat="39.909452" lon="116.387968" /><node id="6447768080" timestamp="2026-04-01T17:08:12Z" uid="1" user="OSMnx" version="1" changeset="1" lat="39.909324" lon="116.387975" /><node id="6447783880" timestamp="2026-04-01T17:08:12Z" uid="1" user="OSMnx" version="1" changeset="1" lat="39.909786" lon="116.388049" /><node id="6447783881" timestamp="2026-04-01T17:08:12Z" uid="1" user="OSMnx" version="1" changeset="1" lat="39.90972" lon="116.388036" /><node id="6447785348" timestamp="2026-04-01T17:08:12Z" uid="1" user="OSMnx" version="1" changeset="1" lat="39.90977" lon="116.38748" /><node id="6447785349" timestamp="2026-04-01T17:08:12Z" uid="1" user="OSMnx" version="1" changeset="1" lat="39.909584" lon="116.387494" /><node id="6447785350" timestamp="2026-04-01T17:08:12Z" uid="1" user="OSMnx" version="1" changeset="1" lat="39.909612" lon="116.388004" /><node id="6447785351" timestamp="2026-04-01T17:08:12Z" uid="1" user="OSMnx" version="1" changeset="1" lat="39.909602" lon="116.387953" /><node id="6447785352" timestamp="2026-04-01T17:08:12Z" uid="1" user="OSMnx" version="1" changeset="1" lat="39.909609" lon="116.387897" /><node id="6447785353" timestamp="2026-04-01T17:08:12Z" uid="1" user="OSMnx" version="1" changeset="1" lat="39.909613" lon="116.387819" /><node id="6447785354" timestamp="2026-04-01T17:08:12Z" uid="1" user="OSMnx" version="1" changeset="1" lat="39.909592" lon="116.387736" /><node id="6447785355" timestamp="2026-04-01T17:08:12Z" uid="1" user="OSMnx" version="1" changeset="1" lat="39.9096" lon="116.387664" /><node id="6447785356" timestamp="2026-04-01T17:08:12Z" uid="1" user="OSMnx" version="1" changeset="1" lat="39.90958" lon="116.387556" /><node id="6447853925" timestamp="2026-04-01T17:08:12Z" uid="1" user="OSMnx" version="1" changeset="1" lat="39.905281" lon="116.391317" /><node id="6448022212" timestamp="2026-04-01T17:08:12Z" uid="1" user="OSMnx" version="1" changeset="1" lat="39.904058" lon="116.389081" /><node id="6448022213" timestamp="2026-04-01T17:08:12Z" uid="1" user="OSMnx" version="1" changeset="1" lat="39.904042" lon="116.388512" /><node id="6448022221" timestamp="2026-04-01T17:08:12Z" uid="1" user="OSMnx" version="1" changeset="1" lat="39.904228" lon="116.388959" /><node id="6448022222" timestamp="2026-04-01T17:08:12Z" uid="1" user="OSMnx" version="1" changeset="1" lat="39.904226" lon="116.388899" /><node id="6448022223" timestamp="2026-04-01T17:08:12Z" uid="1" user="OSMnx" version="1" changeset="1" lat="39.904556" lon="116.388945" /><node id="6448022224" timestamp="2026-04-01T17:08:12Z" uid="1" user="OSMnx" version="1" changeset="1" lat="39.904553" lon="116.388886" /><node id="6448022225" timestamp="2026-04-01T17:08:12Z" uid="1" user="OSMnx" version="1" changeset="1" lat="39.904141" lon="116.388963" /><node id="6448022226" timestamp="2026-04-01T17:08:12Z" uid="1" user="OSMnx" version="1" changeset="1" lat="39.904647" lon="116.388942" /><node id="6448022227" timestamp="2026-04-01T17:08:12Z" uid="1" user="OSMnx" version="1" changeset="1" lat="39.904725" lon="116.388879" /><node id="6448022234" timestamp="2026-04-01T17:08:12Z" uid="1" user="OSMnx" version="1" changeset="1" lat="39.904232" lon="116.388502" /><node id="6448022235" timestamp="2026-04-01T17:08:12Z" uid="1" user="OSMnx" version="1" changeset="1" lat="39.904236" lon="116.38864" /><node id="6448022236" timestamp="2026-04-01T17:08:12Z" uid="1" user="OSMnx" version="1" changeset="1" lat="39.904812" lon="116.388621" /><node id="6448022237" timestamp="2026-04-01T17:08:12Z" uid="1" user="OSMnx" version="1" changeset="1" lat="39.904123" lon="116.388644" /><node id="6448022238" timestamp="2026-04-01T17:08:12Z" uid="1" user="OSMnx" version="1" changeset="1" lat="39.904097" lon="116.388695" /><node id="6448022239" timestamp="2026-04-01T17:08:12Z" uid="1" user="OSMnx" version="1" changeset="1" lat="39.904815" lon="116.388876" /><node id="6448022240" timestamp="2026-04-01T17:08:12Z" uid="1" user="OSMnx" version="1" changeset="1" lat="39.904103" lon="116.388904" /><node id="6448022243" timestamp="2026-04-01T17:08:12Z" uid="1" user="OSMnx" version="1" changeset="1" lat="39.904832" lon="116.388605" /><node id="6448022244" timestamp="2026-04-01T17:08:12Z" uid="1" user="OSMnx" version="1" changeset="1" lat="39.904753" lon="116.388476" /><node id="6448022245" timestamp="2026-04-01T17:08:12Z" uid="1" user="OSMnx" version="1" changeset="1" lat="39.90499" lon="116.388464" /><node id="6448022260" timestamp="2026-04-01T17:08:12Z" uid="1" user="OSMnx" version="1" changeset="1" lat="39.905052" lon="116.38846" /><node id="6448022263" timestamp="2026-04-01T17:08:12Z" uid="1" user="OSMnx" version="1" changeset="1" lat="39.904831" lon="116.38875" /><node id="6448022264" timestamp="2026-04-01T17:08:12Z" uid="1" user="OSMnx" version="1" changeset="1" lat="39.904795" lon="116.388752" /><node id="6448022265" timestamp="2026-04-01T17:08:12Z" uid="1" user="OSMnx" version="1" changeset="1" lat="39.904862" lon="116.388748" /><node id="6448022266" timestamp="2026-04-01T17:08:12Z" uid="1" user="OSMnx" version="1" changeset="1" lat="39.904893" lon="116.388702" /><node id="6448022267" timestamp="2026-04-01T17:08:12Z" uid="1" user="OSMnx" version="1" changeset="1" lat="39.904896" lon="116.388792" /><node id="6448022268" timestamp="2026-04-01T17:08:12Z" uid="1" user="OSMnx" version="1" changeset="1" lat="39.904863" lon="116.388793" /><node id="6448022269" timestamp="2026-04-01T17:08:12Z" uid="1" user="OSMnx" version="1" changeset="1" lat="39.90486" lon="116.388703" /><node id="6448022271" timestamp="2026-04-01T17:08:12Z" uid="1" user="OSMnx" version="1" changeset="1" lat="39.904927" lon="116.388674" /><node id="6448022272" timestamp="2026-04-01T17:08:12Z" uid="1" user="OSMnx" version="1" changeset="1" lat="39.904932" lon="116.388822" /><node id="6448022273" timestamp="2026-04-01T17:08:12Z" uid="1" user="OSMnx" version="1" changeset="1" lat="39.904913" lon="116.388847" /><node id="6448022274" timestamp="2026-04-01T17:08:12Z" uid="1" user="OSMnx" version="1" changeset="1" lat="39.904847" lon="116.38885" /><node id="6448022275" timestamp="2026-04-01T17:08:12Z" uid="1" user="OSMnx" version="1" changeset="1" lat="39.904833" lon="116.38883" /><node id="6448022276" timestamp="2026-04-01T17:08:12Z" uid="1" user="OSMnx" version="1" changeset="1" lat="39.904828" lon="116.388675" /><node id="6448022277" timestamp="2026-04-01T17:08:12Z" uid="1" user="OSMnx" version="1" changeset="1" lat="39.904841" lon="116.388652" /><node id="6448022278" timestamp="2026-04-01T17:08:12Z" uid="1" user="OSMnx" version="1" changeset="1" lat="39.904908" lon="116.388649" /><node id="6448022279" timestamp="2026-04-01T17:08:12Z" uid="1" user="OSMnx" version="1" changeset="1" lat="39.904792" lon="116.388661" /><node id="6448022280" timestamp="2026-04-01T17:08:12Z" uid="1" user="OSMnx" version="1" changeset="1" lat="39.904819" lon="116.388606" /><node id="6448022281" timestamp="2026-04-01T17:08:12Z" uid="1" user="OSMnx" version="1" changeset="1" lat="39.904927" lon="116.3886" /><node id="6448022282" timestamp="2026-04-01T17:08:12Z" uid="1" user="OSMnx" version="1" changeset="1" lat="39.904962" lon="116.388651" /><node id="6448022283" timestamp="2026-04-01T17:08:12Z" uid="1" user="OSMnx" version="1" changeset="1" lat="39.904968" lon="116.388842" /><node id="6448022284" timestamp="2026-04-01T17:08:12Z" uid="1" user="OSMnx" version="1" changeset="1" lat="39.904931" lon="116.388892" /><node id="6448029285" timestamp="2026-04-01T17:08:12Z" uid="1" user="OSMnx" version="1" changeset="1" lat="39.904828" lon="116.388897" /><node id="6448029286" timestamp="2026-04-01T17:08:12Z" uid="1" user="OSMnx" version="1" changeset="1" lat="39.904798" lon="116.38885" /><node id="6448029329" timestamp="2026-04-01T17:08:12Z" uid="1" user="OSMnx" version="1" changeset="1" lat="39.905171" lon="116.386813" /><node id="6448029330" timestamp="2026-04-01T17:08:12Z" uid="1" user="OSMnx" version="1" changeset="1" lat="39.905193" lon="116.388023" /><node id="6448029331" timestamp="2026-04-01T17:08:12Z" uid="1" user="OSMnx" version="1" changeset="1" lat="39.905377" lon="116.386671" /><node id="6448029332" timestamp="2026-04-01T17:08:12Z" uid="1" user="OSMnx" version="1" changeset="1" lat="39.90542" lon="116.388155" /><node id="6448029335" timestamp="2026-04-01T17:08:12Z" uid="1" user="OSMnx" version="1" changeset="1" lat="39.905428" lon="116.388441" /><node id="6448029340" timestamp="2026-04-01T17:08:12Z" uid="1" user="OSMnx" version="1" changeset="1" lat="39.90507" lon="116.389034" /><node id="6448034925" timestamp="2026-04-01T17:08:12Z" uid="1" user="OSMnx" version="1" changeset="1" lat="39.9036" lon="116.38926" /><node id="6448034926" timestamp="2026-04-01T17:08:12Z" uid="1" user="OSMnx" version="1" changeset="1" lat="39.90545" lon="116.389158" /><node id="6448036927" timestamp="2026-04-01T17:08:12Z" uid="1" user="OSMnx" version="1" changeset="1" lat="39.904549" lon="116.388486" /><node id="6448036928" timestamp="2026-04-01T17:08:12Z" uid="1" user="OSMnx" version="1" changeset="1" lat="39.904551" lon="116.38863" /><node id="6448087887" timestamp="2026-04-01T17:08:12Z" uid="1" user="OSMnx" version="1" changeset="1" lat="39.906384" lon="116.386707" /><node id="6448087888" timestamp="2026-04-01T17:08:12Z" uid="1" user="OSMnx" version="1" changeset="1" lat="39.906428" lon="116.386707" /><node id="6448087889" timestamp="2026-04-01T17:08:12Z" uid="1" user="OSMnx" version="1" changeset="1" lat="39.906384" lon="116.386686" /><node id="6448135784" timestamp="2026-04-01T17:08:12Z" uid="1" user="OSMnx" version="1" changeset="1" lat="39.903808" lon="116.389168" /><node id="6448136085" timestamp="2026-04-01T17:08:12Z" uid="1" user="OSMnx" version="1" changeset="1" lat="39.903811" lon="116.38925" /><node id="6448178332" timestamp="2026-04-01T17:08:12Z" uid="1" user="OSMnx" version="1" changeset="1" lat="39.903734" lon="116.393441" /><node id="6448178333" timestamp="2026-04-01T17:08:12Z" uid="1" user="OSMnx" version="1" changeset="1" lat="39.905617" lon="116.393352" /><node id="6448200236" timestamp="2026-04-01T17:08:12Z" uid="1" user="OSMnx" version="1" changeset="1" lat="39.903799" lon="116.388915" /><node id="6448200238" timestamp="2026-04-01T17:08:12Z" uid="1" user="OSMnx" version="1" changeset="1" lat="39.903793" lon="116.388722" /><node id="6448206624" timestamp="2026-04-01T17:08:12Z" uid="1" user="OSMnx" version="1" changeset="1" lat="39.9057" lon="116.393393" /><node id="6448206625" timestamp="2026-04-01T17:08:12Z" uid="1" user="OSMnx" version="1" changeset="1" lat="39.905671" lon="116.393374" /><node id="6448207506" timestamp="2026-04-01T17:08:12Z" uid="1" user="OSMnx" version="1" changeset="1" lat="39.904597" lon="116.394058" /><node id="6448207507" timestamp="2026-04-01T17:08:12Z" uid="1" user="OSMnx" version="1" changeset="1" lat="39.905272" lon="116.394031" /><node id="6448207517" timestamp="2026-04-01T17:08:12Z" uid="1" user="OSMnx" version="1" changeset="1" lat="39.905286" lon="116.396086" /><node id="6448207518" timestamp="2026-04-01T17:08:12Z" uid="1" user="OSMnx" version="1" changeset="1" lat="39.905313" lon="116.396008" /><node id="6448366281" timestamp="2026-04-01T17:08:12Z" uid="1" user="OSMnx" version="1" changeset="1" lat="39.905616" lon="116.386659" /><node id="6448366282" timestamp="2026-04-01T17:08:12Z" uid="1" user="OSMnx" version="1" changeset="1" lat="39.905664" lon="116.388144" /><node id="6448366283" timestamp="2026-04-01T17:08:12Z" uid="1" user="OSMnx" version="1" changeset="1" lat="39.905546" lon="116.388873" /><node id="6448366284" timestamp="2026-04-01T17:08:12Z" uid="1" user="OSMnx" version="1" changeset="1" lat="39.905556" lon="116.389255" /><node id="6448366485" timestamp="2026-04-01T17:08:12Z" uid="1" user="OSMnx" version="1" changeset="1" lat="39.905543" lon="116.388764" /><node id="6448366486" timestamp="2026-04-01T17:08:12Z" uid="1" user="OSMnx" version="1" changeset="1" lat="39.905684" lon="116.388759" /><node id="6448366487" timestamp="2026-04-01T17:08:12Z" uid="1" user="OSMnx" version="1" changeset="1" lat="39.903602" lon="116.38937" /><node id="6448366488" timestamp="2026-04-01T17:08:12Z" uid="1" user="OSMnx" version="1" changeset="1" lat="39.905678" lon="116.389078" /><node id="6448366489" timestamp="2026-04-01T17:08:12Z" uid="1" user="OSMnx" version="1" changeset="1" lat="39.905664" lon="116.389132" /><node id="6448366491" timestamp="2026-04-01T17:08:12Z" uid="1" user="OSMnx" version="1" changeset="1" lat="39.905691" lon="116.388986" /><node id="6448366492" timestamp="2026-04-01T17:08:12Z" uid="1" user="OSMnx" version="1" changeset="1" lat="39.905623" lon="116.389192" /><node id="6448366493" timestamp="2026-04-01T17:08:12Z" uid="1" user="OSMnx" version="1" changeset="1" lat="39.905576" lon="116.389249" /><node id="6448366494" timestamp="2026-04-01T17:08:12Z" uid="1" user="OSMnx" version="1" changeset="1" lat="39.905496" lon="116.389273" /><node id="6448666067" timestamp="2026-04-01T17:08:12Z" uid="1" user="OSMnx" version="1" changeset="1" lat="39.907395" lon="116.397048" /><node id="6448666076" timestamp="2026-04-01T17:08:12Z" uid="1" user="OSMnx" version="1" changeset="1" lat="39.907899" lon="116.397023" /><node id="6448670153" timestamp="2026-04-01T17:08:12Z" uid="1" user="OSMnx" version="1" changeset="1" lat="39.90723" lon="116.3952" /><node id="6448670154" timestamp="2026-04-01T17:08:12Z" uid="1" user="OSMnx" version="1" changeset="1" lat="39.907113" lon="116.395336" /><node id="6448670155" timestamp="2026-04-01T17:08:12Z" uid="1" user="OSMnx" version="1" changeset="1" lat="39.90713" lon="116.394406" /><node id="6448670156" timestamp="2026-04-01T17:08:12Z" uid="1" user="OSMnx" version="1" changeset="1" lat="39.907054" lon="116.394406" /><node id="6448670157" timestamp="2026-04-01T17:08:12Z" uid="1" user="OSMnx" version="1" changeset="1" lat="39.907119" lon="116.394327" /><node id="6448670158" timestamp="2026-04-01T17:08:12Z" uid="1" user="OSMnx" version="1" changeset="1" lat="39.907092" lon="116.394293" /><node id="6448670159" timestamp="2026-04-01T17:08:12Z" uid="1" user="OSMnx" version="1" changeset="1" lat="39.907056" lon="116.394298" /><node id="6448670160" timestamp="2026-04-01T17:08:12Z" uid="1" user="OSMnx" version="1" changeset="1" lat="39.907049" lon="116.394336" /><node id="6448670161" timestamp="2026-04-01T17:08:12Z" uid="1" user="OSMnx" version="1" changeset="1" lat="39.907049" lon="116.394381" /><node id="6448670162" timestamp="2026-04-01T17:08:12Z" uid="1" user="OSMnx" version="1" changeset="1" lat="39.907117" lon="116.396841" /><node id="6448670163" timestamp="2026-04-01T17:08:12Z" uid="1" user="OSMnx" version="1" changeset="1" lat="39.907149" lon="116.396644" /><node id="6448670164" timestamp="2026-04-01T17:08:12Z" uid="1" user="OSMnx" version="1" changeset="1" lat="39.907155" lon="116.396523" /><node id="6448670165" timestamp="2026-04-01T17:08:12Z" uid="1" user="OSMnx" version="1" changeset="1" lat="39.907149" lon="116.396457" /><node id="6448670166" timestamp="2026-04-01T17:08:12Z" uid="1" user="OSMnx" version="1" changeset="1" lat="39.907119" lon="116.396149" /><node id="6448670167" timestamp="2026-04-01T17:08:12Z" uid="1" user="OSMnx" version="1" changeset="1" lat="39.907112" lon="116.395992" /><node id="6448670168" timestamp="2026-04-01T17:08:12Z" uid="1" user="OSMnx" version="1" changeset="1" lat="39.907113" lon="116.395792" /><node id="6448670169" timestamp="2026-04-01T17:08:12Z" uid="1" user="OSMnx" version="1" changeset="1" lat="39.907114" lon="116.395706" /><node id="6448670170" timestamp="2026-04-01T17:08:12Z" uid="1" user="OSMnx" version="1" changeset="1" lat="39.907113" lon="116.395202" /><node id="6448670171" timestamp="2026-04-01T17:08:12Z" uid="1" user="OSMnx" version="1" changeset="1" lat="39.907101" lon="116.395003" /><node id="6448670172" timestamp="2026-04-01T17:08:12Z" uid="1" user="OSMnx" version="1" changeset="1" lat="39.907064" lon="116.39445" /><node id="6650358679" timestamp="2026-04-01T17:08:12Z" uid="1" user="OSMnx" version="1" changeset="1" lat="39.906016" lon="116.396504" /><node id="6650358680" timestamp="2026-04-01T17:08:12Z" uid="1" user="OSMnx" version="1" changeset="1" lat="39.905901" lon="116.393704" /><node id="6650358681" timestamp="2026-04-01T17:08:12Z" uid="1" user="OSMnx" version="1" changeset="1" lat="39.905897" lon="116.393097" /><node id="6650358682" timestamp="2026-04-01T17:08:12Z" uid="1" user="OSMnx" version="1" changeset="1" lat="39.905898" lon="116.392846" /><node id="6650358683" timestamp="2026-04-01T17:08:12Z" uid="1" user="OSMnx" version="1" changeset="1" lat="39.905882" lon="116.391301" /><node id="6650358684" timestamp="2026-04-01T17:08:12Z" uid="1" user="OSMnx" version="1" changeset="1" lat="39.90582" lon="116.389456" /><node id="6650368129" timestamp="2026-04-01T17:08:12Z" uid="1" user="OSMnx" version="1" changeset="1" lat="39.906325" lon="116.388238" /><node id="6650368130" timestamp="2026-04-01T17:08:12Z" uid="1" user="OSMnx" version="1" changeset="1" lat="39.906321" lon="116.388492" /><node id="6650368131" timestamp="2026-04-01T17:08:12Z" uid="1" user="OSMnx" version="1" changeset="1" lat="39.906341" lon="116.389384" /><node id="6650368132" timestamp="2026-04-01T17:08:12Z" uid="1" user="OSMnx" version="1" changeset="1" lat="39.906488" lon="116.394165" /><node id="6650368133" timestamp="2026-04-01T17:08:12Z" uid="1" user="OSMnx" version="1" changeset="1" lat="39.906541" lon="116.394342" /><node id="6650390985" timestamp="2026-04-01T17:08:12Z" uid="1" user="OSMnx" version="1" changeset="1" lat="39.905799" lon="116.388144" /><node id="6650390986" timestamp="2026-04-01T17:08:12Z" uid="1" user="OSMnx" version="1" changeset="1" lat="39.905764" lon="116.386654" /><node id="6795671786" timestamp="2026-04-01T17:08:12Z" uid="1" user="OSMnx" version="1" changeset="1" lat="39.905442" lon="116.388927" /><node id="6795671796" timestamp="2026-04-01T17:08:12Z" uid="1" user="OSMnx" version="1" changeset="1" lat="39.905444" lon="116.388984" /><node id="6795671817" timestamp="2026-04-01T17:08:12Z" uid="1" user="OSMnx" version="1" changeset="1" lat="39.905689" lon="116.388909" /><node id="8379444185" timestamp="2026-04-01T17:08:12Z" uid="1" user="OSMnx" version="1" changeset="1" lat="39.903687" lon="116.391398" /><node id="8382430321" timestamp="2026-04-01T17:08:12Z" uid="1" user="OSMnx" version="1" changeset="1" lat="39.912241" lon="116.39194" /><node id="8382430324" timestamp="2026-04-01T17:08:12Z" uid="1" user="OSMnx" version="1" changeset="1" lat="39.91133" lon="116.390186" /><node id="8382430325" timestamp="2026-04-01T17:08:12Z" uid="1" user="OSMnx" version="1" changeset="1" lat="39.911359" lon="116.390112" /><node id="8382430326" timestamp="2026-04-01T17:08:12Z" uid="1" user="OSMnx" version="1" changeset="1" lat="39.911376" lon="116.390089" /><node id="8382430327" timestamp="2026-04-01T17:08:12Z" uid="1" user="OSMnx" version="1" changeset="1" lat="39.911432" lon="116.390067" /><node id="8382430328" timestamp="2026-04-01T17:08:12Z" uid="1" user="OSMnx" version="1" changeset="1" lat="39.912157" lon="116.390012" /><node id="8742615451" timestamp="2026-04-01T17:08:12Z" uid="1" user="OSMnx" version="1" changeset="1" lat="39.910287" lon="116.39504" /><node id="8742615452" timestamp="2026-04-01T17:08:12Z" uid="1" user="OSMnx" version="1" changeset="1" lat="39.910343" lon="116.396034" /><node id="8742615453" timestamp="2026-04-01T17:08:12Z" uid="1" user="OSMnx" version="1" changeset="1" lat="39.91023" lon="116.396033" /><node id="8742615461" timestamp="2026-04-01T17:08:12Z" uid="1" user="OSMnx" version="1" changeset="1" lat="39.912204" lon="116.391033" /><node id="8742615462" timestamp="2026-04-01T17:08:12Z" uid="1" user="OSMnx" version="1" changeset="1" lat="39.912201" lon="116.390926" /><node id="8742615463" timestamp="2026-04-01T17:08:12Z" uid="1" user="OSMnx" version="1" changeset="1" lat="39.911867" lon="116.391054" /><node id="8742615464" timestamp="2026-04-01T17:08:12Z" uid="1" user="OSMnx" version="1" changeset="1" lat="39.911865" lon="116.390942" /><node id="8742615465" timestamp="2026-04-01T17:08:12Z" uid="1" user="OSMnx" version="1" changeset="1" lat="39.911492" lon="116.391019" /><node id="8742615466" timestamp="2026-04-01T17:08:12Z" uid="1" user="OSMnx" version="1" changeset="1" lat="39.911355" lon="116.391086" /><node id="8742615467" timestamp="2026-04-01T17:08:12Z" uid="1" user="OSMnx" version="1" changeset="1" lat="39.911352" lon="116.390967" /><node id="8742615468" timestamp="2026-04-01T17:08:12Z" uid="1" user="OSMnx" version="1" changeset="1" lat="39.911228" lon="116.391033" /><node id="8742615469" timestamp="2026-04-01T17:08:12Z" uid="1" user="OSMnx" version="1" changeset="1" lat="39.911266" lon="116.391032" /><node id="8742615470" timestamp="2026-04-01T17:08:12Z" uid="1" user="OSMnx" version="1" changeset="1" lat="39.911278" lon="116.391343" /><node id="8742615471" timestamp="2026-04-01T17:08:12Z" uid="1" user="OSMnx" version="1" changeset="1" lat="39.911268" lon="116.391092" /><node id="8742615472" timestamp="2026-04-01T17:08:12Z" uid="1" user="OSMnx" version="1" changeset="1" lat="39.911164" lon="116.393571" /><node id="8742615473" timestamp="2026-04-01T17:08:12Z" uid="1" user="OSMnx" version="1" changeset="1" lat="39.910915" lon="116.39357" /><node id="8742615474" timestamp="2026-04-01T17:08:12Z" uid="1" user="OSMnx" version="1" changeset="1" lat="39.911148" lon="116.393573" /><node id="8809675605" timestamp="2026-04-01T17:08:12Z" uid="1" user="OSMnx" version="1" changeset="1" lat="39.908255" lon="116.391219" /><node id="8809675606" timestamp="2026-04-01T17:08:12Z" uid="1" user="OSMnx" version="1" changeset="1" lat="39.908253" lon="116.391103" /><node id="8809675607" timestamp="2026-04-01T17:08:12Z" uid="1" user="OSMnx" version="1" changeset="1" lat="39.907599" lon="116.391247" /><node id="8809676335" timestamp="2026-04-01T17:08:12Z" uid="1" user="OSMnx" version="1" changeset="1" lat="39.905547" lon="116.388919" /><node id="8809676336" timestamp="2026-04-01T17:08:12Z" uid="1" user="OSMnx" version="1" changeset="1" lat="39.905588" lon="116.388763" /><node id="8809676340" timestamp="2026-04-01T17:08:12Z" uid="1" user="OSMnx" version="1" changeset="1" lat="39.905373" lon="116.38655" /><node id="8809676341" timestamp="2026-04-01T17:08:12Z" uid="1" user="OSMnx" version="1" changeset="1" lat="39.90538" lon="116.386784" /><node id="8809676342" timestamp="2026-04-01T17:08:12Z" uid="1" user="OSMnx" version="1" changeset="1" lat="39.905418" lon="116.388083" /><node id="8809676344" timestamp="2026-04-01T17:08:12Z" uid="1" user="OSMnx" version="1" changeset="1" lat="39.903863" lon="116.388523" /><node id="8809676346" timestamp="2026-04-01T17:08:12Z" uid="1" user="OSMnx" version="1" changeset="1" lat="39.905069" lon="116.389006" /><node id="8809676347" timestamp="2026-04-01T17:08:12Z" uid="1" user="OSMnx" version="1" changeset="1" lat="39.904057" lon="116.389065" /><node id="8809676353" timestamp="2026-04-01T17:08:12Z" uid="1" user="OSMnx" version="1" changeset="1" lat="39.905661" lon="116.388068" /><node id="8809676354" timestamp="2026-04-01T17:08:12Z" uid="1" user="OSMnx" version="1" changeset="1" lat="39.905694" lon="116.388143" /><node id="8809676355" timestamp="2026-04-01T17:08:12Z" uid="1" user="OSMnx" version="1" changeset="1" lat="39.905359" lon="116.388157" /><node id="8809676356" timestamp="2026-04-01T17:08:12Z" uid="1" user="OSMnx" version="1" changeset="1" lat="39.905667" lon="116.388245" /><node id="8809676357" timestamp="2026-04-01T17:08:12Z" uid="1" user="OSMnx" version="1" changeset="1" lat="39.905407" lon="116.388442" /><node id="8809676358" timestamp="2026-04-01T17:08:12Z" uid="1" user="OSMnx" version="1" changeset="1" lat="39.905592" lon="116.388871" /><node id="8809676360" timestamp="2026-04-01T17:08:12Z" uid="1" user="OSMnx" version="1" changeset="1" lat="39.905316" lon="116.386674" /><node id="8809676365" timestamp="2026-04-01T17:08:12Z" uid="1" user="OSMnx" version="1" changeset="1" lat="39.905611" lon="116.38653" /><node id="8809676366" timestamp="2026-04-01T17:08:12Z" uid="1" user="OSMnx" version="1" changeset="1" lat="39.90565" lon="116.386658" /><node id="8809676367" timestamp="2026-04-01T17:08:12Z" uid="1" user="OSMnx" version="1" changeset="1" lat="39.905619" lon="116.386771" /><node id="8809676423" timestamp="2026-04-01T17:08:12Z" uid="1" user="OSMnx" version="1" changeset="1" lat="39.907796" lon="116.386915" /><node id="8809676424" timestamp="2026-04-01T17:08:12Z" uid="1" user="OSMnx" version="1" changeset="1" lat="39.908098" lon="116.387483" /><node id="8809676425" timestamp="2026-04-01T17:08:12Z" uid="1" user="OSMnx" version="1" changeset="1" lat="39.908164" lon="116.387881" /><node id="8809676426" timestamp="2026-04-01T17:08:12Z" uid="1" user="OSMnx" version="1" changeset="1" lat="39.90812" lon="116.38801" /><node id="8809676427" timestamp="2026-04-01T17:08:12Z" uid="1" user="OSMnx" version="1" changeset="1" lat="39.908133" lon="116.38823" /><node id="8809676428" timestamp="2026-04-01T17:08:12Z" uid="1" user="OSMnx" version="1" changeset="1" lat="39.907894" lon="116.388267" /><node id="8809676429" timestamp="2026-04-01T17:08:12Z" uid="1" user="OSMnx" version="1" changeset="1" lat="39.907844" lon="116.388673" /><node id="8809676430" timestamp="2026-04-01T17:08:12Z" uid="1" user="OSMnx" version="1" changeset="1" lat="39.907878" lon="116.388673" /><node id="8809676431" timestamp="2026-04-01T17:08:12Z" uid="1" user="OSMnx" version="1" changeset="1" lat="39.908106" lon="116.388057" /><node id="8809676432" timestamp="2026-04-01T17:08:12Z" uid="1" user="OSMnx" version="1" changeset="1" lat="39.90526" lon="116.393544" /><node id="8809676433" timestamp="2026-04-01T17:08:12Z" uid="1" user="OSMnx" version="1" changeset="1" lat="39.903733" lon="116.393414" /><node id="9034942210" timestamp="2026-04-01T17:08:12Z" uid="1" user="OSMnx" version="1" changeset="1" lat="39.906245" lon="116.396658"><tag k="highway" v="traffic_signals" /></node><node id="9063921182" timestamp="2026-04-01T17:08:12Z" uid="1" user="OSMnx" version="1" changeset="1" lat="39.90626" lon="116.38943" /><node id="9063921183" timestamp="2026-04-01T17:08:12Z" uid="1" user="OSMnx" version="1" changeset="1" lat="39.906016" lon="116.389446" /><node id="9063921186" timestamp="2026-04-01T17:08:12Z" uid="1" user="OSMnx" version="1" changeset="1" lat="39.906126" lon="116.39308" /><node id="9063921187" timestamp="2026-04-01T17:08:12Z" uid="1" user="OSMnx" version="1" changeset="1" lat="39.906373" lon="116.39307" /><node id="9296101694" timestamp="2026-04-01T17:08:12Z" uid="1" user="OSMnx" version="1" changeset="1" lat="39.906392" lon="116.385879" /><node id="9296101695" timestamp="2026-04-01T17:08:12Z" uid="1" user="OSMnx" version="1" changeset="1" lat="39.906385" lon="116.385676"><tag k="highway" v="crossing" /></node><node id="9296257987" timestamp="2026-04-01T17:08:12Z" uid="1" user="OSMnx" version="1" changeset="1" lat="39.906245" lon="116.388923" /><node id="9296257988" timestamp="2026-04-01T17:08:12Z" uid="1" user="OSMnx" version="1" changeset="1" lat="39.906028" lon="116.389865" /><node id="9296257989" timestamp="2026-04-01T17:08:12Z" uid="1" user="OSMnx" version="1" changeset="1" lat="39.906358" lon="116.392602" /><node id="9296257990" timestamp="2026-04-01T17:08:12Z" uid="1" user="OSMnx" version="1" changeset="1" lat="39.906147" lon="116.393709" /><node id="9296257991" timestamp="2026-04-01T17:08:12Z" uid="1" user="OSMnx" version="1" changeset="1" lat="39.906504" lon="116.396605" /><node id="9296257992" timestamp="2026-04-01T17:08:12Z" uid="1" user="OSMnx" version="1" changeset="1" lat="39.906247" lon="116.396682" /><node id="9316968441" timestamp="2026-04-01T17:08:12Z" uid="1" user="OSMnx" version="1" changeset="1" lat="39.906202" lon="116.387474" /><node id="9316968442" timestamp="2026-04-01T17:08:12Z" uid="1" user="OSMnx" version="1" changeset="1" lat="39.906195" lon="116.387218" /><node id="9317006999" timestamp="2026-04-01T17:08:12Z" uid="1" user="OSMnx" version="1" changeset="1" lat="39.906492" lon="116.396126" /><node id="9317034201" timestamp="2026-04-01T17:08:12Z" uid="1" user="OSMnx" version="1" changeset="1" lat="39.906488" lon="116.396013" /><node id="9317034202" timestamp="2026-04-01T17:08:12Z" uid="1" user="OSMnx" version="1" changeset="1" lat="39.906477" lon="116.39582" /><node id="9317034206" timestamp="2026-04-01T17:08:12Z" uid="1" user="OSMnx" version="1" changeset="1" lat="39.906185" lon="116.395041" /><node id="9378895553" timestamp="2026-04-01T17:08:12Z" uid="1" user="OSMnx" version="1" changeset="1" lat="39.90731" lon="116.385606" /><node id="9378895556" timestamp="2026-04-01T17:08:12Z" uid="1" user="OSMnx" version="1" changeset="1" lat="39.907977" lon="116.385582" /><node id="9412722726" timestamp="2026-04-01T17:08:12Z" uid="1" user="OSMnx" version="1" changeset="1" lat="39.905742" lon="116.393782" /><node id="9412722727" timestamp="2026-04-01T17:08:12Z" uid="1" user="OSMnx" version="1" changeset="1" lat="39.905756" lon="116.394284" /><node id="9492340874" timestamp="2026-04-01T17:08:12Z" uid="1" user="OSMnx" version="1" changeset="1" lat="39.909514" lon="116.388593" /><node id="9492340875" timestamp="2026-04-01T17:08:12Z" uid="1" user="OSMnx" version="1" changeset="1" lat="39.909528" lon="116.388595" /><node id="9492340876" timestamp="2026-04-01T17:08:12Z" uid="1" user="OSMnx" version="1" changeset="1" lat="39.91007" lon="116.388563" /><node id="9492340877" timestamp="2026-04-01T17:08:12Z" uid="1" user="OSMnx" version="1" changeset="1" lat="39.909902" lon="116.388569" /><node id="9492340878" timestamp="2026-04-01T17:08:12Z" uid="1" user="OSMnx" version="1" changeset="1" lat="39.909688" lon="116.388591" /><node id="9492340879" timestamp="2026-04-01T17:08:12Z" uid="1" user="OSMnx" version="1" changeset="1" lat="39.909687" lon="116.388447" /><node id="9492340880" timestamp="2026-04-01T17:08:12Z" uid="1" user="OSMnx" version="1" changeset="1" lat="39.9099" lon="116.388441" /><node id="9492340881" timestamp="2026-04-01T17:08:12Z" uid="1" user="OSMnx" version="1" changeset="1" lat="39.909905" lon="116.38874" /><node id="9492340882" timestamp="2026-04-01T17:08:12Z" uid="1" user="OSMnx" version="1" changeset="1" lat="39.90969" lon="116.388746" /><node id="9492340883" timestamp="2026-04-01T17:08:12Z" uid="1" user="OSMnx" version="1" changeset="1" lat="39.909811" lon="116.388944" /><node id="9492340884" timestamp="2026-04-01T17:08:12Z" uid="1" user="OSMnx" version="1" changeset="1" lat="39.90979" lon="116.388214" /><node id="9492340885" timestamp="2026-04-01T17:08:12Z" uid="1" user="OSMnx" version="1" changeset="1" lat="39.90981" lon="116.388926" /><node id="9492340886" timestamp="2026-04-01T17:08:12Z" uid="1" user="OSMnx" version="1" changeset="1" lat="39.909805" lon="116.388743" /><node id="9492340887" timestamp="2026-04-01T17:08:12Z" uid="1" user="OSMnx" version="1" changeset="1" lat="39.90979" lon="116.388232" /><node id="9492340888" timestamp="2026-04-01T17:08:12Z" uid="1" user="OSMnx" version="1" changeset="1" lat="39.909794" lon="116.388444" /><node id="9782405935" timestamp="2026-04-01T17:08:12Z" uid="1" user="OSMnx" version="1" changeset="1" lat="39.906613" lon="116.396742" /><node id="9782405962" timestamp="2026-04-01T17:08:12Z" uid="1" user="OSMnx" version="1" changeset="1" lat="39.906265" lon="116.386092" /><node id="9782405963" timestamp="2026-04-01T17:08:12Z" uid="1" user="OSMnx" version="1" changeset="1" lat="39.906259" lon="116.385877"><tag k="highway" v="traffic_signals" /></node><node id="9782405965" timestamp="2026-04-01T17:08:12Z" uid="1" user="OSMnx" version="1" changeset="1" lat="39.906473" lon="116.385675"><tag k="highway" v="traffic_signals" /></node><node id="10197645758" timestamp="2026-04-01T17:08:12Z" uid="1" user="OSMnx" version="1" changeset="1" lat="39.903944" lon="116.389352" /><node id="10197645762" timestamp="2026-04-01T17:08:12Z" uid="1" user="OSMnx" version="1" changeset="1" lat="39.903605" lon="116.389414" /><node id="10302027270" timestamp="2026-04-01T17:08:12Z" uid="1" user="OSMnx" version="1" changeset="1" lat="39.908124" lon="116.388566" /><node id="10302027271" timestamp="2026-04-01T17:08:12Z" uid="1" user="OSMnx" version="1" changeset="1" lat="39.908228" lon="116.388626" /><node id="10302027272" timestamp="2026-04-01T17:08:12Z" uid="1" user="OSMnx" version="1" changeset="1" lat="39.908079" lon="116.388705" /><node id="11182289302" timestamp="2026-04-01T17:08:12Z" uid="1" user="OSMnx" version="1" changeset="1" lat="39.909811" lon="116.388954" /><node id="11182317990" timestamp="2026-04-01T17:08:12Z" uid="1" user="OSMnx" version="1" changeset="1" lat="39.910974" lon="116.388523" /><node id="11182331256" timestamp="2026-04-01T17:08:12Z" uid="1" user="OSMnx" version="1" changeset="1" lat="39.91107" lon="116.388519" /><node id="12387991233" timestamp="2026-04-01T17:08:12Z" uid="1" user="OSMnx" version="1" changeset="1" lat="39.910221" lon="116.395677" /><node id="12507005390" timestamp="2026-04-01T17:08:12Z" uid="1" user="OSMnx" version="1" changeset="1" lat="39.911574" lon="116.393067" /><node id="12507005391" timestamp="2026-04-01T17:08:12Z" uid="1" user="OSMnx" version="1" changeset="1" lat="39.911738" lon="116.393065" /><node id="12587107247" timestamp="2026-04-01T17:08:12Z" uid="1" user="OSMnx" version="1" changeset="1" lat="39.907496" lon="116.39061" /><node id="12587107248" timestamp="2026-04-01T17:08:12Z" uid="1" user="OSMnx" version="1" changeset="1" lat="39.907528" lon="116.391898" /><node id="12587107251" timestamp="2026-04-01T17:08:12Z" uid="1" user="OSMnx" version="1" changeset="1" lat="39.911384" lon="116.392105" /><node id="12587107265" timestamp="2026-04-01T17:08:12Z" uid="1" user="OSMnx" version="1" changeset="1" lat="39.911777" lon="116.391892" /><node id="12587107266" timestamp="2026-04-01T17:08:12Z" uid="1" user="OSMnx" version="1" changeset="1" lat="39.911575" lon="116.3919" /><node id="12587107267" timestamp="2026-04-01T17:08:12Z" uid="1" user="OSMnx" version="1" changeset="1" lat="39.911542" lon="116.391892" /><node id="12587107268" timestamp="2026-04-01T17:08:12Z" uid="1" user="OSMnx" version="1" changeset="1" lat="39.911516" lon="116.391862" /><node id="12587107269" timestamp="2026-04-01T17:08:12Z" uid="1" user="OSMnx" version="1" changeset="1" lat="39.911503" lon="116.391823" /><node id="12587107270" timestamp="2026-04-01T17:08:12Z" uid="1" user="OSMnx" version="1" changeset="1" lat="39.911292" lon="116.391832" /><node id="12587107271" timestamp="2026-04-01T17:08:12Z" uid="1" user="OSMnx" version="1" changeset="1" lat="39.911374" lon="116.391829"><tag k="highway" v="crossing" /></node><node id="12587107279" timestamp="2026-04-01T17:08:12Z" uid="1" user="OSMnx" version="1" changeset="1" lat="39.911288" lon="116.392112" /><node id="12587107280" timestamp="2026-04-01T17:08:12Z" uid="1" user="OSMnx" version="1" changeset="1" lat="39.911286" lon="116.392059" /><node id="12587107281" timestamp="2026-04-01T17:08:12Z" uid="1" user="OSMnx" version="1" changeset="1" lat="39.911435" lon="116.392054" /><node id="12587107282" timestamp="2026-04-01T17:08:12Z" uid="1" user="OSMnx" version="1" changeset="1" lat="39.911549" lon="116.392074" /><node id="12587107283" timestamp="2026-04-01T17:08:12Z" uid="1" user="OSMnx" version="1" changeset="1" lat="39.911382" lon="116.392028" /><node id="12587107284" timestamp="2026-04-01T17:08:12Z" uid="1" user="OSMnx" version="1" changeset="1" lat="39.911382" lon="116.392056" /><node id="12587139902" timestamp="2026-04-01T17:08:12Z" uid="1" user="OSMnx" version="1" changeset="1" lat="39.9096" lon="116.391715" /><node id="12587139912" timestamp="2026-04-01T17:08:12Z" uid="1" user="OSMnx" version="1" changeset="1" lat="39.907504" lon="116.390931" /><node id="12587139930" timestamp="2026-04-01T17:08:12Z" uid="1" user="OSMnx" version="1" changeset="1" lat="39.908188" lon="116.391048" /><node id="12587139931" timestamp="2026-04-01T17:08:12Z" uid="1" user="OSMnx" version="1" changeset="1" lat="39.907979" lon="116.391055" /><node id="12587139932" timestamp="2026-04-01T17:08:12Z" uid="1" user="OSMnx" version="1" changeset="1" lat="39.90791" lon="116.391058" /><node id="12587139933" timestamp="2026-04-01T17:08:12Z" uid="1" user="OSMnx" version="1" changeset="1" lat="39.907791" lon="116.391064" /><node id="12587139934" timestamp="2026-04-01T17:08:12Z" uid="1" user="OSMnx" version="1" changeset="1" lat="39.907731" lon="116.391067" /><node id="12587139935" timestamp="2026-04-01T17:08:12Z" uid="1" user="OSMnx" version="1" changeset="1" lat="39.907683" lon="116.390939" /><node id="12587139936" timestamp="2026-04-01T17:08:12Z" uid="1" user="OSMnx" version="1" changeset="1" lat="39.907547" lon="116.390795" /><node id="12587139937" timestamp="2026-04-01T17:08:12Z" uid="1" user="OSMnx" version="1" changeset="1" lat="39.907532" lon="116.390673" /><node id="12587139938" timestamp="2026-04-01T17:08:12Z" uid="1" user="OSMnx" version="1" changeset="1" lat="39.907513" lon="116.390622" /><node id="12587139939" timestamp="2026-04-01T17:08:12Z" uid="1" user="OSMnx" version="1" changeset="1" lat="39.907525" lon="116.390643" /><node id="12587139941" timestamp="2026-04-01T17:08:12Z" uid="1" user="OSMnx" version="1" changeset="1" lat="39.907345" lon="116.39063" /><node id="12587139942" timestamp="2026-04-01T17:08:12Z" uid="1" user="OSMnx" version="1" changeset="1" lat="39.90717" lon="116.390638" /><node id="12587139943" timestamp="2026-04-01T17:08:12Z" uid="1" user="OSMnx" version="1" changeset="1" lat="39.907194" lon="116.390637" /><node id="12587139944" timestamp="2026-04-01T17:08:12Z" uid="1" user="OSMnx" version="1" changeset="1" lat="39.907328" lon="116.390631" /><node id="12587139945" timestamp="2026-04-01T17:08:12Z" uid="1" user="OSMnx" version="1" changeset="1" lat="39.9072" lon="116.391898" /><node id="12587139946" timestamp="2026-04-01T17:08:12Z" uid="1" user="OSMnx" version="1" changeset="1" lat="39.907227" lon="116.391897" /><node id="12587139947" timestamp="2026-04-01T17:08:12Z" uid="1" user="OSMnx" version="1" changeset="1" lat="39.907361" lon="116.391891" /><node id="12587139948" timestamp="2026-04-01T17:08:12Z" uid="1" user="OSMnx" version="1" changeset="1" lat="39.907384" lon="116.391904" /><node id="12587139953" timestamp="2026-04-01T17:08:12Z" uid="1" user="OSMnx" version="1" changeset="1" lat="39.907372" lon="116.39189" /><node id="12587139954" timestamp="2026-04-01T17:08:12Z" uid="1" user="OSMnx" version="1" changeset="1" lat="39.907372" lon="116.391904" /><node id="12587139955" timestamp="2026-04-01T17:08:12Z" uid="1" user="OSMnx" version="1" changeset="1" lat="39.90755" lon="116.391876" /><node id="12587139956" timestamp="2026-04-01T17:08:12Z" uid="1" user="OSMnx" version="1" changeset="1" lat="39.907566" lon="116.391815" /><node id="12587139957" timestamp="2026-04-01T17:08:12Z" uid="1" user="OSMnx" version="1" changeset="1" lat="39.907564" lon="116.391655" /><node id="12587139958" timestamp="2026-04-01T17:08:12Z" uid="1" user="OSMnx" version="1" changeset="1" lat="39.907689" lon="116.39165" /><node id="12587139959" timestamp="2026-04-01T17:08:12Z" uid="1" user="OSMnx" version="1" changeset="1" lat="39.907737" lon="116.391189" /><node id="12587139960" timestamp="2026-04-01T17:08:12Z" uid="1" user="OSMnx" version="1" changeset="1" lat="39.907746" lon="116.391647" /><node id="12587139961" timestamp="2026-04-01T17:08:12Z" uid="1" user="OSMnx" version="1" changeset="1" lat="39.907738" lon="116.391241" /><node id="12587139962" timestamp="2026-04-01T17:08:12Z" uid="1" user="OSMnx" version="1" changeset="1" lat="39.907562" lon="116.391849" /><node id="12587139963" timestamp="2026-04-01T17:08:12Z" uid="1" user="OSMnx" version="1" changeset="1" lat="39.907311" lon="116.391893" /><node id="12587139964" timestamp="2026-04-01T17:08:12Z" uid="1" user="OSMnx" version="1" changeset="1" lat="39.907294" lon="116.391894" /><node id="12587139973" timestamp="2026-04-01T17:08:12Z" uid="1" user="OSMnx" version="1" changeset="1" lat="39.907395" lon="116.390613" /><node id="12587139974" timestamp="2026-04-01T17:08:12Z" uid="1" user="OSMnx" version="1" changeset="1" lat="39.907396" lon="116.390628" /><node id="12587139975" timestamp="2026-04-01T17:08:12Z" uid="1" user="OSMnx" version="1" changeset="1" lat="39.907271" lon="116.390633" /><node id="12587139976" timestamp="2026-04-01T17:08:12Z" uid="1" user="OSMnx" version="1" changeset="1" lat="39.907256" lon="116.390634" /><node id="12628080424" timestamp="2026-04-01T17:08:12Z" uid="1" user="OSMnx" version="1" changeset="1" lat="39.903804" lon="116.39321"><tag k="highway" v="traffic_signals" /></node><node id="12628080425" timestamp="2026-04-01T17:08:12Z" uid="1" user="OSMnx" version="1" changeset="1" lat="39.905836" lon="116.3931" /><node id="12628080473" timestamp="2026-04-01T17:08:12Z" uid="1" user="OSMnx" version="1" changeset="1" lat="39.904372" lon="116.393179" /><node id="13539897455" timestamp="2026-04-01T17:08:12Z" uid="1" user="OSMnx" version="1" changeset="1" lat="39.906631" lon="116.393761" /><node id="13539897456" timestamp="2026-04-01T17:08:12Z" uid="1" user="OSMnx" version="1" changeset="1" lat="39.905751" lon="116.394122" /><way id="0" timestamp="2026-04-01T17:08:12Z" uid="1" user="OSMnx" version="1" changeset="1"><nd ref="25248785" /><nd ref="9063921183" /><tag k="highway" v="trunk" /><tag k="name" v="西长安街" /><tag k="oneway" v="yes" /></way><way id="1" timestamp="2026-04-01T17:08:12Z" uid="1" user="OSMnx" version="1" changeset="1"><nd ref="25248786" /><nd ref="9063921186" /><tag k="highway" v="trunk" /><tag k="name" v="西长安街" /><tag k="oneway" v="yes" /></way><way id="2" timestamp="2026-04-01T17:08:12Z" uid="1" user="OSMnx" version="1" changeset="1"><nd ref="77750691" /><nd ref="260329790" /><tag k="highway" v="service" /><tag k="name" v="故宫东门外" /><tag k="oneway" v="no" /></way><way id="3" timestamp="2026-04-01T17:08:12Z" uid="1" user="OSMnx" version="1" changeset="1"><nd ref="77750691" /><nd ref="8382430321" /><tag k="highway" v="service" /><tag k="name" v="故宫东门外" /><tag k="oneway" v="no" /></way><way id="4" timestamp="2026-04-01T17:08:12Z" uid="1" user="OSMnx" version="1" changeset="1"><nd ref="260329790" /><nd ref="77750691" /><tag k="highway" v="service" /><tag k="name" v="故宫东门外" /><tag k="oneway" v="no" /></way><way id="5" timestamp="2026-04-01T17:08:12Z" uid="1" user="OSMnx" version="1" changeset="1"><nd ref="260329790" /><nd ref="12587107271" /><tag k="highway" v="service" /><tag k="name" v="故宫东门外" /><tag k="oneway" v="no" /></way><way id="6" timestamp="2026-04-01T17:08:12Z" uid="1" user="OSMnx" version="1" changeset="1"><nd ref="260329790" /><nd ref="12587107283" /><tag k="highway" v="service" /><tag k="name" v="故宫东门外" /><tag k="oneway" v="no" /></way><way id="7" timestamp="2026-04-01T17:08:12Z" uid="1" user="OSMnx" version="1" changeset="1"><nd ref="260329792" /><nd ref="8382430325" /><tag k="highway" v="service" /><tag k="name" v="故宫西门外" /><tag k="oneway" v="no" /></way><way id="8" timestamp="2026-04-01T17:08:12Z" uid="1" user="OSMnx" version="1" changeset="1"><nd ref="260329792" /><nd ref="8382430324" /><tag k="highway" v="service" /><tag k="name" v="故宫西门外" /><tag k="oneway" v="no" /></way><way id="9" timestamp="2026-04-01T17:08:12Z" uid="1" user="OSMnx" version="1" changeset="1"><nd ref="260330040" /><nd ref="4721335477" /><tag k="highway" v="service" /><tag k="name" v="故宫东门外" /><tag k="oneway" v="no" /></way><way id="10" timestamp="2026-04-01T17:08:12Z" uid="1" user="OSMnx" version="1" changeset="1"><nd ref="260330040" /><nd ref="12587107271" /><tag k="highway" v="service" /><tag k="name" v="故宫东门外" /><tag k="oneway" v="no" /></way><way id="11" timestamp="2026-04-01T17:08:12Z" uid="1" user="OSMnx" version="1" changeset="1"><nd ref="321606759" /><nd ref="321606760" /><tag k="highway" v="steps" /><tag k="oneway" v="no" /></way><way id="12" timestamp="2026-04-01T17:08:12Z" uid="1" user="OSMnx" version="1" changeset="1"><nd ref="321606759" /><nd ref="1622283884" /><tag k="highway" v="footway" /><tag k="oneway" v="no" /></way><way id="13" timestamp="2026-04-01T17:08:12Z" uid="1" user="OSMnx" version="1" changeset="1"><nd ref="321606760" /><nd ref="321606759" /><tag k="highway" v="steps" /><tag k="oneway" v="no" /></way><way id="14" timestamp="2026-04-01T17:08:12Z" uid="1" user="OSMnx" version="1" changeset="1"><nd ref="321606760" /><nd ref="1024947212" /><tag k="highway" v="footway" /><tag k="oneway" v="no" /></way><way id="15" timestamp="2026-04-01T17:08:12Z" uid="1" user="OSMnx" version="1" changeset="1"><nd ref="321606826" /><nd ref="6297254545" /><tag k="highway" v="steps" /><tag k="oneway" v="no" /></way><way id="16" timestamp="2026-04-01T17:08:12Z" uid="1" user="OSMnx" version="1" changeset="1"><nd ref="321606826" /><nd ref="6012470314" /><tag k="highway" v="footway" /><tag k="oneway" v="no" /></way><way id="17" timestamp="2026-04-01T17:08:12Z" uid="1" user="OSMnx" version="1" changeset="1"><nd ref="321606827" /><nd ref="6297254545" /><tag k="highway" v="steps" /><tag k="oneway" v="no" /></way><way id="18" timestamp="2026-04-01T17:08:12Z" uid="1" user="OSMnx" version="1" changeset="1"><nd ref="321606827" /><nd ref="4718004233" /><tag k="highway" v="footway" /><tag k="oneway" v="no" /></way><way id="19" timestamp="2026-04-01T17:08:12Z" uid="1" user="OSMnx" version="1" changeset="1"><nd ref="321607003" /><nd ref="321607004" /><tag k="highway" v="footway" /><tag k="name" v="外金水桥" /><tag k="oneway" v="no" /></way><way id="20" timestamp="2026-04-01T17:08:12Z" uid="1" user="OSMnx" version="1" changeset="1"><nd ref="321607003" /><nd ref="1380342690" /><tag k="highway" v="footway" /><tag k="oneway" v="no" /></way><way id="21" timestamp="2026-04-01T17:08:12Z" uid="1" user="OSMnx" version="1" changeset="1"><nd ref="321607004" /><nd ref="321607003" /><tag k="highway" v="footway" /><tag k="name" v="外金水桥" /><tag k="oneway" v="no" /></way><way id="22" timestamp="2026-04-01T17:08:12Z" uid="1" user="OSMnx" version="1" changeset="1"><nd ref="321607004" /><nd ref="6421450374" /><tag k="highway" v="footway" /><tag k="oneway" v="no" /></way><way id="23" timestamp="2026-04-01T17:08:12Z" uid="1" user="OSMnx" version="1" changeset="1"><nd ref="321607029" /><nd ref="6012470319" /><tag k="highway" v="footway" /><tag k="oneway" v="no" /></way><way id="24" timestamp="2026-04-01T17:08:12Z" uid="1" user="OSMnx" version="1" changeset="1"><nd ref="321607029" /><nd ref="321607031" /><tag k="highway" v="footway" /><tag k="oneway" v="no" /></way><way id="25" timestamp="2026-04-01T17:08:12Z" uid="1" user="OSMnx" version="1" changeset="1"><nd ref="321607031" /><nd ref="321607029" /><tag k="highway" v="footway" /><tag k="oneway" v="no" /></way><way id="26" timestamp="2026-04-01T17:08:12Z" uid="1" user="OSMnx" version="1" changeset="1"><nd ref="321607031" /><nd ref="321607032" /><tag k="highway" v="footway" /><tag k="oneway" v="no" /></way><way id="27" timestamp="2026-04-01T17:08:12Z" uid="1" user="OSMnx" version="1" changeset="1"><nd ref="321607032" /><nd ref="321607031" /><tag k="highway" v="footway" /><tag k="oneway" v="no" /></way><way id="28" timestamp="2026-04-01T17:08:12Z" uid="1" user="OSMnx" version="1" changeset="1"><nd ref="321607032" /><nd ref="6421450383" /><tag k="highway" v="footway" /><tag k="oneway" v="no" /></way><way id="29" timestamp="2026-04-01T17:08:12Z" uid="1" user="OSMnx" version="1" changeset="1"><nd ref="321607032" /><nd ref="6421450379" /><tag k="highway" v="footway" /><tag k="oneway" v="no" /></way><way id="30" timestamp="2026-04-01T17:08:12Z" uid="1" user="OSMnx" version="1" changeset="1"><nd ref="321607136" /><nd ref="321607137" /><tag k="highway" v="footway" /><tag k="oneway" v="no" /></way><way id="31" timestamp="2026-04-01T17:08:12Z" uid="1" user="OSMnx" version="1" changeset="1"><nd ref="321607136" /><nd ref="4710347366" /><tag k="highway" v="footway" /><tag k="oneway" v="no" /></way><way id="32" timestamp="2026-04-01T17:08:12Z" uid="1" user="OSMnx" version="1" changeset="1"><nd ref="321607137" /><nd ref="321607136" /><tag k="highway" v="footway" /><tag k="oneway" v="no" /></way><way id="33" timestamp="2026-04-01T17:08:12Z" uid="1" user="OSMnx" version="1" changeset="1"><nd ref="321607137" /><nd ref="6421450369" /><tag k="highway" v="footway" /><tag k="oneway" v="no" /></way><way id="34" timestamp="2026-04-01T17:08:12Z" uid="1" user="OSMnx" version="1" changeset="1"><nd ref="321607138" /><nd ref="6421450369" /><tag k="highway" v="footway" /><tag k="oneway" v="no" /></way><way id="35" timestamp="2026-04-01T17:08:12Z" uid="1" user="OSMnx" version="1" changeset="1"><nd ref="321607138" /><nd ref="6421743736" /><tag k="highway" v="footway" /><tag k="oneway" v="no" /></way><way id="36" timestamp="2026-04-01T17:08:12Z" uid="1" user="OSMnx" version="1" changeset="1"><nd ref="321607233" /><nd ref="9063921182" /><tag k="highway" v="trunk" /><tag k="lanes" v="5" /><tag k="maxspeed" v="70" /><tag k="name" v="东长安街" /><tag k="oneway" v="yes" /></way><way id="37" timestamp="2026-04-01T17:08:12Z" uid="1" user="OSMnx" version="1" changeset="1"><nd ref="321607275" /><nd ref="321607319" /><tag k="highway" v="footway" /><tag k="name" v="外金水桥" /><tag k="oneway" v="no" /></way><way id="38" timestamp="2026-04-01T17:08:12Z" uid="1" user="OSMnx" version="1" changeset="1"><nd ref="321607275" /><nd ref="4710347361" /><tag k="highway" v="footway" /><tag k="oneway" v="no" /></way><way id="39" timestamp="2026-04-01T17:08:12Z" uid="1" user="OSMnx" version="1" changeset="1"><nd ref="321607319" /><nd ref="321607275" /><tag k="highway" v="footway" /><tag k="name" v="外金水桥" /><tag k="oneway" v="no" /></way><way id="40" timestamp="2026-04-01T17:08:12Z" uid="1" user="OSMnx" version="1" changeset="1"><nd ref="321607319" /><nd ref="6421450375" /><tag k="highway" v="footway" /><tag k="oneway" v="no" /></way><way id="41" timestamp="2026-04-01T17:08:12Z" uid="1" user="OSMnx" version="1" changeset="1"><nd ref="321607531" /><nd ref="4710347362" /><tag k="highway" v="footway" /><tag k="oneway" v="no" /></way><way id="42" timestamp="2026-04-01T17:08:12Z" uid="1" user="OSMnx" version="1" changeset="1"><nd ref="321607531" /><nd ref="321607532" /><tag k="highway" v="footway" /><tag k="name" v="外金水桥" /><tag k="oneway" v="no" /></way><way id="43" timestamp="2026-04-01T17:08:12Z" uid="1" user="OSMnx" version="1" changeset="1"><nd ref="321607532" /><nd ref="321607531" /><tag k="highway" v="footway" /><tag k="name" v="外金水桥" /><tag k="oneway" v="no" /></way><way id="44" timestamp="2026-04-01T17:08:12Z" uid="1" user="OSMnx" version="1" changeset="1"><nd ref="321607532" /><nd ref="6421450377" /><tag k="highway" v="footway" /><tag k="oneway" v="no" /></way><way id="45" timestamp="2026-04-01T17:08:12Z" uid="1" user="OSMnx" version="1" changeset="1"><nd ref="321607610" /><nd ref="321607611" /><tag k="highway" v="footway" /><tag k="name" v="外金水桥" /><tag k="oneway" v="no" /></way><way id="46" timestamp="2026-04-01T17:08:12Z" uid="1" user="OSMnx" version="1" changeset="1"><nd ref="321607610" /><nd ref="5190624463" /><tag k="highway" v="footway" /><tag k="oneway" v="no" /></way><way id="47" timestamp="2026-04-01T17:08:12Z" uid="1" user="OSMnx" version="1" changeset="1"><nd ref="321607611" /><nd ref="321607610" /><tag k="highway" v="footway" /><tag k="name" v="外金水桥" /><tag k="oneway" v="no" /></way><way id="48" timestamp="2026-04-01T17:08:12Z" uid="1" user="OSMnx" version="1" changeset="1"><nd ref="321607611" /><nd ref="6421450372" /><tag k="highway" v="footway" /><tag k="oneway" v="no" /></way><way id="49" timestamp="2026-04-01T17:08:12Z" uid="1" user="OSMnx" version="1" changeset="1"><nd ref="330841408" /><nd ref="9063921187" /><tag k="highway" v="trunk" /><tag k="lanes" v="5" /><tag k="name" v="东长安街" /><tag k="oneway" v="yes" /></way><way id="50" timestamp="2026-04-01T17:08:12Z" uid="1" user="OSMnx" version="1" changeset="1"><nd ref="486609202" /><nd ref="8382430328" /><tag k="highway" v="service" /><tag k="name" v="故宫西门外" /><tag k="oneway" v="no" /></way><way id="51" timestamp="2026-04-01T17:08:12Z" uid="1" user="OSMnx" version="1" changeset="1"><nd ref="486609202" /><nd ref="8382430327" /><tag k="highway" v="service" /><tag k="name" v="故宫西门外" /><tag k="oneway" v="no" /></way><way id="52" timestamp="2026-04-01T17:08:12Z" uid="1" user="OSMnx" version="1" changeset="1"><nd ref="534448153" /><nd ref="8382430327" /><tag k="highway" v="service" /><tag k="name" v="故宫西门外" /><tag k="oneway" v="no" /></way><way id="53" timestamp="2026-04-01T17:08:12Z" uid="1" user="OSMnx" version="1" changeset="1"><nd ref="534448153" /><nd ref="8382430326" /><tag k="highway" v="service" /><tag k="name" v="故宫西门外" /><tag k="oneway" v="no" /></way><way id="54" timestamp="2026-04-01T17:08:12Z" uid="1" user="OSMnx" version="1" changeset="1"><nd ref="534448153" /><nd ref="5098276161" /><tag k="highway" v="footway" /><tag k="oneway" v="no" /></way><way id="55" timestamp="2026-04-01T17:08:12Z" uid="1" user="OSMnx" version="1" changeset="1"><nd ref="733788152" /><nd ref="12387991233" /><tag k="highway" v="service" /><tag k="oneway" v="no" /></way><way id="56" timestamp="2026-04-01T17:08:12Z" uid="1" user="OSMnx" version="1" changeset="1"><nd ref="733788152" /><nd ref="6421400620" /><tag k="highway" v="footway" /><tag k="oneway" v="no" /></way><way id="57" timestamp="2026-04-01T17:08:12Z" uid="1" user="OSMnx" version="1" changeset="1"><nd ref="733788152" /><nd ref="6421400621" /><tag k="highway" v="footway" /><tag k="oneway" v="no" /></way><way id="58" timestamp="2026-04-01T17:08:12Z" uid="1" user="OSMnx" version="1" changeset="1"><nd ref="733788540" /><nd ref="733788907" /><tag k="highway" v="service" /><tag k="oneway" v="no" /></way><way id="59" timestamp="2026-04-01T17:08:12Z" uid="1" user="OSMnx" version="1" changeset="1"><nd ref="733788540" /><nd ref="733789104" /><tag k="highway" v="service" /><tag k="oneway" v="no" /></way><way id="60" timestamp="2026-04-01T17:08:12Z" uid="1" user="OSMnx" version="1" changeset="1"><nd ref="733788658" /><nd ref="733788858" /><tag k="highway" v="service" /><tag k="oneway" v="no" /></way><way id="61" timestamp="2026-04-01T17:08:12Z" uid="1" user="OSMnx" version="1" changeset="1"><nd ref="733788658" /><nd ref="1480544785" /><tag k="highway" v="service" /><tag k="oneway" v="no" /></way><way id="62" timestamp="2026-04-01T17:08:12Z" uid="1" user="OSMnx" version="1" changeset="1"><nd ref="733788686" /><nd ref="733789104" /><tag k="highway" v="service" /><tag k="oneway" v="no" /></way><way id="63" timestamp="2026-04-01T17:08:12Z" uid="1" user="OSMnx" version="1" changeset="1"><nd ref="733788806" /><nd ref="6105550935" /><tag k="highway" v="residential" /><tag k="name" v="大宴乐胡同" /><tag k="oneway" v="no" /></way><way id="64" timestamp="2026-04-01T17:08:12Z" uid="1" user="OSMnx" version="1" changeset="1"><nd ref="733788806" /><nd ref="733788907" /><tag k="highway" v="tertiary" /><tag k="name" v="南长街" /><tag k="oneway" v="no" /></way><way id="65" timestamp="2026-04-01T17:08:12Z" uid="1" user="OSMnx" version="1" changeset="1"><nd ref="733788806" /><nd ref="9378895553" /><tag k="highway" v="tertiary" /><tag k="name" v="南长街" /><tag k="oneway" v="no" /></way><way id="66" timestamp="2026-04-01T17:08:12Z" uid="1" user="OSMnx" version="1" changeset="1"><nd ref="733788854" /><nd ref="733789032" /><tag k="highway" v="service" /><tag k="oneway" v="no" /></way><way id="67" timestamp="2026-04-01T17:08:12Z" uid="1" user="OSMnx" version="1" changeset="1"><nd ref="733788858" /><nd ref="733789295" /><tag k="highway" v="service" /><tag k="oneway" v="no" /></way><way id="68" timestamp="2026-04-01T17:08:12Z" uid="1" user="OSMnx" version="1" changeset="1"><nd ref="733788858" /><nd ref="733788658" /><tag k="highway" v="service" /><tag k="oneway" v="no" /></way><way id="69" timestamp="2026-04-01T17:08:12Z" uid="1" user="OSMnx" version="1" changeset="1"><nd ref="733788907" /><nd ref="733788540" /><tag k="highway" v="service" /><tag k="oneway" v="no" /></way><way id="70" timestamp="2026-04-01T17:08:12Z" uid="1" user="OSMnx" version="1" changeset="1"><nd ref="733788907" /><nd ref="6013587610" /><tag k="highway" v="tertiary" /><tag k="name" v="南长街" /><tag k="oneway" v="no" /></way><way id="71" timestamp="2026-04-01T17:08:12Z" uid="1" user="OSMnx" version="1" changeset="1"><nd ref="733788907" /><nd ref="733788806" /><tag k="highway" v="tertiary" /><tag k="name" v="南长街" /><tag k="oneway" v="no" /></way><way id="72" timestamp="2026-04-01T17:08:12Z" uid="1" user="OSMnx" version="1" changeset="1"><nd ref="733789032" /><nd ref="733788854" /><tag k="highway" v="service" /><tag k="oneway" v="no" /></way><way id="73" timestamp="2026-04-01T17:08:12Z" uid="1" user="OSMnx" version="1" changeset="1"><nd ref="733789032" /><nd ref="6448666076" /><tag k="highway" v="tertiary" /><tag k="lanes" v="2" /><tag k="name" v="南池子大街" /><tag k="oneway" v="no" /></way><way id="74" timestamp="2026-04-01T17:08:12Z" uid="1" user="OSMnx" version="1" changeset="1"><nd ref="733789104" /><nd ref="733788540" /><tag k="highway" v="service" /><tag k="oneway" v="no" /></way><way id="75" timestamp="2026-04-01T17:08:12Z" uid="1" user="OSMnx" version="1" changeset="1"><nd ref="733789104" /><nd ref="733788686" /><tag k="highway" v="service" /><tag k="oneway" v="no" /></way><way id="76" timestamp="2026-04-01T17:08:12Z" uid="1" user="OSMnx" version="1" changeset="1"><nd ref="733789295" /><nd ref="733788858" /><tag k="highway" v="service" /><tag k="oneway" v="no" /></way><way id="77" timestamp="2026-04-01T17:08:12Z" uid="1" user="OSMnx" version="1" changeset="1"><nd ref="733789295" /><nd ref="6448666076" /><tag k="highway" v="tertiary" /><tag k="lanes" v="2" /><tag k="name" v="南池子大街" /><tag k="oneway" v="no" /></way><way id="78" timestamp="2026-04-01T17:08:12Z" uid="1" user="OSMnx" version="1" changeset="1"><nd ref="733789295" /><nd ref="6448666067" /><tag k="highway" v="tertiary" /><tag k="lanes" v="2" /><tag k="name" v="南池子大街" /><tag k="oneway" v="no" /></way><way id="79" timestamp="2026-04-01T17:08:12Z" uid="1" user="OSMnx" version="1" changeset="1"><nd ref="755823892" /><nd ref="6095524415" /><tag k="highway" v="footway" /><tag k="oneway" v="no" /></way><way id="80" timestamp="2026-04-01T17:08:12Z" uid="1" user="OSMnx" version="1" changeset="1"><nd ref="755823892" /><nd ref="6419521209" /><tag k="highway" v="footway" /><tag k="oneway" v="no" /></way><way id="81" timestamp="2026-04-01T17:08:12Z" uid="1" user="OSMnx" version="1" changeset="1"><nd ref="755823892" /><nd ref="6095524404" /><tag k="highway" v="footway" /><tag k="oneway" v="no" /></way><way id="82" timestamp="2026-04-01T17:08:12Z" uid="1" user="OSMnx" version="1" changeset="1"><nd ref="1024947197" /><nd ref="1024947215" /><tag k="highway" v="steps" /><tag k="oneway" v="no" /></way><way id="83" timestamp="2026-04-01T17:08:12Z" uid="1" user="OSMnx" version="1" changeset="1"><nd ref="1024947197" /><nd ref="3629758782" /><tag k="highway" v="footway" /><tag k="oneway" v="no" /></way><way id="84" timestamp="2026-04-01T17:08:12Z" uid="1" user="OSMnx" version="1" changeset="1"><nd ref="1024947199" /><nd ref="1024947218" /><tag k="highway" v="footway" /><tag k="oneway" v="no" /></way><way id="85" timestamp="2026-04-01T17:08:12Z" uid="1" user="OSMnx" version="1" changeset="1"><nd ref="1024947199" /><nd ref="1024947215" /><tag k="highway" v="footway" /><tag k="oneway" v="no" /></way><way id="86" timestamp="2026-04-01T17:08:12Z" uid="1" user="OSMnx" version="1" changeset="1"><nd ref="1024947203" /><nd ref="1024947218" /><tag k="highway" v="footway" /><tag k="oneway" v="no" /></way><way id="87" timestamp="2026-04-01T17:08:12Z" uid="1" user="OSMnx" version="1" changeset="1"><nd ref="1024947203" /><nd ref="9412722726" /><tag k="highway" v="steps" /><tag k="oneway" v="no" /></way><way id="88" timestamp="2026-04-01T17:08:12Z" uid="1" user="OSMnx" version="1" changeset="1"><nd ref="1024947212" /><nd ref="1024947218" /><tag k="highway" v="footway" /><tag k="oneway" v="no" /></way><way id="89" timestamp="2026-04-01T17:08:12Z" uid="1" user="OSMnx" version="1" changeset="1"><nd ref="1024947212" /><nd ref="321606760" /><tag k="highway" v="footway" /><tag k="oneway" v="no" /></way><way id="90" timestamp="2026-04-01T17:08:12Z" uid="1" user="OSMnx" version="1" changeset="1"><nd ref="1024947212" /><nd ref="13539897455" /><tag k="highway" v="steps" /><tag k="oneway" v="no" /></way><way id="91" timestamp="2026-04-01T17:08:12Z" uid="1" user="OSMnx" version="1" changeset="1"><nd ref="1024947215" /><nd ref="1024947197" /><tag k="highway" v="steps" /><tag k="oneway" v="no" /></way><way id="92" timestamp="2026-04-01T17:08:12Z" uid="1" user="OSMnx" version="1" changeset="1"><nd ref="1024947215" /><nd ref="1024947199" /><tag k="highway" v="footway" /><tag k="oneway" v="no" /></way><way id="93" timestamp="2026-04-01T17:08:12Z" uid="1" user="OSMnx" version="1" changeset="1"><nd ref="1024947218" /><nd ref="1024947203" /><tag k="highway" v="footway" /><tag k="oneway" v="no" /></way><way id="94" timestamp="2026-04-01T17:08:12Z" uid="1" user="OSMnx" version="1" changeset="1"><nd ref="1024947218" /><nd ref="1024947212" /><tag k="highway" v="footway" /><tag k="oneway" v="no" /></way><way id="95" timestamp="2026-04-01T17:08:12Z" uid="1" user="OSMnx" version="1" changeset="1"><nd ref="1024947218" /><nd ref="1024947199" /><tag k="highway" v="footway" /><tag k="oneway" v="no" /></way><way id="96" timestamp="2026-04-01T17:08:12Z" uid="1" user="OSMnx" version="1" changeset="1"><nd ref="1301959175" /><nd ref="6448087889" /><tag k="highway" v="steps" /><tag k="oneway" v="no" /></way><way id="97" timestamp="2026-04-01T17:08:12Z" uid="1" user="OSMnx" version="1" changeset="1"><nd ref="1301959254" /><nd ref="2359087993" /><tag k="highway" v="steps" /><tag k="oneway" v="no" /></way><way id="98" timestamp="2026-04-01T17:08:12Z" uid="1" user="OSMnx" version="1" changeset="1"><nd ref="1301959254" /><nd ref="6421531650" /><tag k="highway" v="footway" /><tag k="oneway" v="no" /></way><way id="99" timestamp="2026-04-01T17:08:12Z" uid="1" user="OSMnx" version="1" changeset="1"><nd ref="1380342608" /><nd ref="8742615467" /><tag k="highway" v="service" /><tag k="name" v="故宫午门外" /><tag k="oneway" v="no" /></way><way id="100" timestamp="2026-04-01T17:08:12Z" uid="1" user="OSMnx" version="1" changeset="1"><nd ref="1380342608" /><nd ref="8742615466" /><tag k="highway" v="service" /><tag k="name" v="故宫午门外" /><tag k="oneway" v="no" /></way><way id="101" timestamp="2026-04-01T17:08:12Z" uid="1" user="OSMnx" version="1" changeset="1"><nd ref="1380342608" /><nd ref="8742615469" /><tag k="highway" v="footway" /><tag k="oneway" v="no" /></way><way id="102" timestamp="2026-04-01T17:08:12Z" uid="1" user="OSMnx" version="1" changeset="1"><nd ref="1380342608" /><nd ref="8742615465" /><tag k="highway" v="footway" /><tag k="oneway" v="no" /></way><way id="103" timestamp="2026-04-01T17:08:12Z" uid="1" user="OSMnx" version="1" changeset="1"><nd ref="1380342663" /><nd ref="6013897680" /><tag k="highway" v="footway" /><tag k="oneway" v="no" /></way><way id="104" timestamp="2026-04-01T17:08:12Z" uid="1" user="OSMnx" version="1" changeset="1"><nd ref="1380342663" /><nd ref="6421450374" /><tag k="highway" v="footway" /><tag k="oneway" v="no" /></way><way id="105" timestamp="2026-04-01T17:08:12Z" uid="1" user="OSMnx" version="1" changeset="1"><nd ref="1380342688" /><nd ref="6013897680" /><tag k="highway" v="footway" /><tag k="oneway" v="no" /></way><way id="106" timestamp="2026-04-01T17:08:12Z" uid="1" user="OSMnx" version="1" changeset="1"><nd ref="1380342688" /><nd ref="6015099371" /><tag k="highway" v="footway" /><tag k="oneway" v="no" /></way><way id="107" timestamp="2026-04-01T17:08:12Z" uid="1" user="OSMnx" version="1" changeset="1"><nd ref="1380342690" /><nd ref="4710347361" /><tag k="highway" v="footway" /><tag k="oneway" v="no" /></way><way id="108" timestamp="2026-04-01T17:08:12Z" uid="1" user="OSMnx" version="1" changeset="1"><nd ref="1380342690" /><nd ref="4710347360" /><tag k="highway" v="footway" /><tag k="oneway" v="no" /></way><way id="109" timestamp="2026-04-01T17:08:12Z" uid="1" user="OSMnx" version="1" changeset="1"><nd ref="1380342690" /><nd ref="321607003" /><tag k="highway" v="footway" /><tag k="oneway" v="no" /></way><way id="110" timestamp="2026-04-01T17:08:12Z" uid="1" user="OSMnx" version="1" changeset="1"><nd ref="1480544785" /><nd ref="733788658" /><tag k="highway" v="service" /><tag k="oneway" v="no" /></way><way id="111" timestamp="2026-04-01T17:08:12Z" uid="1" user="OSMnx" version="1" changeset="1"><nd ref="1480544785" /><nd ref="3388590254" /><tag k="highway" v="service" /><tag k="oneway" v="no" /></way><way id="112" timestamp="2026-04-01T17:08:12Z" uid="1" user="OSMnx" version="1" changeset="1"><nd ref="1480544827" /><nd ref="3388590254" /><tag k="highway" v="service" /><tag k="oneway" v="no" /></way><way id="113" timestamp="2026-04-01T17:08:12Z" uid="1" user="OSMnx" version="1" changeset="1"><nd ref="1622283884" /><nd ref="6012470319" /><tag k="highway" v="footway" /><tag k="oneway" v="no" /></way><way id="114" timestamp="2026-04-01T17:08:12Z" uid="1" user="OSMnx" version="1" changeset="1"><nd ref="1622283884" /><nd ref="321606759" /><tag k="highway" v="footway" /><tag k="oneway" v="no" /></way><way id="115" timestamp="2026-04-01T17:08:12Z" uid="1" user="OSMnx" version="1" changeset="1"><nd ref="1687056659" /><nd ref="12628080424" /><tag k="highway" v="secondary" /><tag k="lanes" v="4" /><tag k="maxspeed" v="70" /><tag k="name" v="广场东侧路" /><tag k="oneway" v="yes" /></way><way id="116" timestamp="2026-04-01T17:08:12Z" uid="1" user="OSMnx" version="1" changeset="1"><nd ref="1687056659" /><nd ref="8809676433" /><tag k="highway" v="footway" /><tag k="oneway" v="no" /></way><way id="117" timestamp="2026-04-01T17:08:12Z" uid="1" user="OSMnx" version="1" changeset="1"><nd ref="1687056659" /><nd ref="2347911584" /><tag k="highway" v="footway" /><tag k="oneway" v="no" /></way><way id="118" timestamp="2026-04-01T17:08:12Z" uid="1" user="OSMnx" version="1" changeset="1"><nd ref="1687056660" /><nd ref="4710638889" /><tag k="highway" v="footway" /><tag k="oneway" v="no" /></way><way id="119" timestamp="2026-04-01T17:08:12Z" uid="1" user="OSMnx" version="1" changeset="1"><nd ref="1687056660" /><nd ref="6448178332" /><tag k="highway" v="footway" /><tag k="oneway" v="no" /></way><way id="120" timestamp="2026-04-01T17:08:12Z" uid="1" user="OSMnx" version="1" changeset="1"><nd ref="2126053407" /><nd ref="4633378780" /><tag k="highway" v="footway" /><tag k="oneway" v="no" /></way><way id="121" timestamp="2026-04-01T17:08:12Z" uid="1" user="OSMnx" version="1" changeset="1"><nd ref="2126053410" /><nd ref="6447485387" /><tag k="highway" v="footway" /><tag k="oneway" v="no" /></way><way id="122" timestamp="2026-04-01T17:08:12Z" uid="1" user="OSMnx" version="1" changeset="1"><nd ref="2126053410" /><nd ref="4710347342" /><tag k="highway" v="footway" /><tag k="oneway" v="no" /></way><way id="123" timestamp="2026-04-01T17:08:12Z" uid="1" user="OSMnx" version="1" changeset="1"><nd ref="2126053420" /><nd ref="2126053434" /><tag k="highway" v="footway" /><tag k="oneway" v="no" /></way><way id="124" timestamp="2026-04-01T17:08:12Z" uid="1" user="OSMnx" version="1" changeset="1"><nd ref="2126053420" /><nd ref="2126053448" /><tag k="highway" v="footway" /><tag k="oneway" v="no" /></way><way id="125" timestamp="2026-04-01T17:08:12Z" uid="1" user="OSMnx" version="1" changeset="1"><nd ref="2126053420" /><nd ref="4633378775" /><tag k="highway" v="footway" /><tag k="oneway" v="no" /></way><way id="126" timestamp="2026-04-01T17:08:12Z" uid="1" user="OSMnx" version="1" changeset="1"><nd ref="2126053434" /><nd ref="4710347342" /><tag k="highway" v="footway" /><tag k="oneway" v="no" /></way><way id="127" timestamp="2026-04-01T17:08:12Z" uid="1" user="OSMnx" version="1" changeset="1"><nd ref="2126053434" /><nd ref="2126053420" /><tag k="highway" v="footway" /><tag k="oneway" v="no" /></way><way id="128" timestamp="2026-04-01T17:08:12Z" uid="1" user="OSMnx" version="1" changeset="1"><nd ref="2126053434" /><nd ref="5098178172" /><tag k="highway" v="footway" /><tag k="oneway" v="no" /></way><way id="129" timestamp="2026-04-01T17:08:12Z" uid="1" user="OSMnx" version="1" changeset="1"><nd ref="2126053448" /><nd ref="2126053420" /><tag k="highway" v="footway" /><tag k="oneway" v="no" /></way><way id="130" timestamp="2026-04-01T17:08:12Z" uid="1" user="OSMnx" version="1" changeset="1"><nd ref="2126053448" /><nd ref="4718004293" /><tag k="highway" v="footway" /><tag k="oneway" v="no" /></way><way id="131" timestamp="2026-04-01T17:08:12Z" uid="1" user="OSMnx" version="1" changeset="1"><nd ref="2126053449" /><nd ref="4718004293" /><tag k="highway" v="footway" /><tag k="oneway" v="no" /></way><way id="132" timestamp="2026-04-01T17:08:12Z" uid="1" user="OSMnx" version="1" changeset="1"><nd ref="2126053449" /><nd ref="4633378780" /><tag k="highway" v="footway" /><tag k="oneway" v="no" /></way><way id="133" timestamp="2026-04-01T17:08:12Z" uid="1" user="OSMnx" version="1" changeset="1"><nd ref="2347911584" /><nd ref="1687056659" /><tag k="highway" v="footway" /><tag k="oneway" v="no" /></way><way id="134" timestamp="2026-04-01T17:08:12Z" uid="1" user="OSMnx" version="1" changeset="1"><nd ref="2347911584" /><nd ref="3629758792" /><tag k="highway" v="footway" /><tag k="oneway" v="no" /></way><way id="135" timestamp="2026-04-01T17:08:12Z" uid="1" user="OSMnx" version="1" changeset="1"><nd ref="2359087993" /><nd ref="1301959254" /><tag k="highway" v="steps" /><tag k="oneway" v="no" /></way><way id="136" timestamp="2026-04-01T17:08:12Z" uid="1" user="OSMnx" version="1" changeset="1"><nd ref="2359087993" /><nd ref="6421531652" /><tag k="highway" v="footway" /><tag k="oneway" v="no" /></way><way id="137" timestamp="2026-04-01T17:08:12Z" uid="1" user="OSMnx" version="1" changeset="1"><nd ref="2359088026" /><nd ref="4710638788" /><tag k="highway" v="footway" /><tag k="oneway" v="no" /></way><way id="138" timestamp="2026-04-01T17:08:12Z" uid="1" user="OSMnx" version="1" changeset="1"><nd ref="2424906809" /><nd ref="330841279" /><tag k="highway" v="trunk" /><tag k="name" v="西长安街" /><tag k="oneway" v="yes" /></way><way id="139" timestamp="2026-04-01T17:08:12Z" uid="1" user="OSMnx" version="1" changeset="1"><nd ref="3388590254" /><nd ref="1480544785" /><tag k="highway" v="service" /><tag k="oneway" v="no" /></way><way id="140" timestamp="2026-04-01T17:08:12Z" uid="1" user="OSMnx" version="1" changeset="1"><nd ref="3388590254" /><nd ref="1480544827" /><tag k="highway" v="service" /><tag k="oneway" v="no" /></way><way id="141" timestamp="2026-04-01T17:08:12Z" uid="1" user="OSMnx" version="1" changeset="1"><nd ref="3388590254" /><nd ref="3388590255" /><tag k="highway" v="service" /><tag k="oneway" v="no" /></way><way id="142" timestamp="2026-04-01T17:08:12Z" uid="1" user="OSMnx" version="1" changeset="1"><nd ref="3388590255" /><nd ref="3388590254" /><tag k="highway" v="service" /><tag k="oneway" v="no" /></way><way id="143" timestamp="2026-04-01T17:08:12Z" uid="1" user="OSMnx" version="1" changeset="1"><nd ref="3388590255" /><nd ref="3388590290" /><tag k="highway" v="service" /><tag k="oneway" v="no" /></way><way id="144" timestamp="2026-04-01T17:08:12Z" uid="1" user="OSMnx" version="1" changeset="1"><nd ref="3388590290" /><nd ref="3388590255" /><tag k="highway" v="service" /><tag k="oneway" v="no" /></way><way id="145" timestamp="2026-04-01T17:08:12Z" uid="1" user="OSMnx" version="1" changeset="1"><nd ref="3388590290" /><nd ref="3388590342" /><tag k="highway" v="service" /><tag k="oneway" v="no" /></way><way id="146" timestamp="2026-04-01T17:08:12Z" uid="1" user="OSMnx" version="1" changeset="1"><nd ref="3388590342" /><nd ref="3388590290" /><tag k="highway" v="service" /><tag k="oneway" v="no" /></way><way id="147" timestamp="2026-04-01T17:08:12Z" uid="1" user="OSMnx" version="1" changeset="1"><nd ref="3388590342" /><nd ref="3388590561" /><tag k="highway" v="service" /><tag k="oneway" v="no" /></way><way id="148" timestamp="2026-04-01T17:08:12Z" uid="1" user="OSMnx" version="1" changeset="1"><nd ref="3388590561" /><nd ref="3388590342" /><tag k="highway" v="service" /><tag k="oneway" v="no" /></way><way id="149" timestamp="2026-04-01T17:08:12Z" uid="1" user="OSMnx" version="1" changeset="1"><nd ref="3409007594" /><nd ref="6447449636" /><tag k="highway" v="footway" /><tag k="oneway" v="no" /></way><way id="150" timestamp="2026-04-01T17:08:12Z" uid="1" user="OSMnx" version="1" changeset="1"><nd ref="3409007594" /><nd ref="6447449637" /><tag k="highway" v="footway" /><tag k="oneway" v="no" /></way><way id="151" timestamp="2026-04-01T17:08:12Z" uid="1" user="OSMnx" version="1" changeset="1"><nd ref="3629758782" /><nd ref="3629758783" /><tag k="highway" v="footway" /><tag k="oneway" v="no" /></way><way id="152" timestamp="2026-04-01T17:08:12Z" uid="1" user="OSMnx" version="1" changeset="1"><nd ref="3629758782" /><nd ref="1024947197" /><tag k="highway" v="footway" /><tag k="oneway" v="no" /></way><way id="153" timestamp="2026-04-01T17:08:12Z" uid="1" user="OSMnx" version="1" changeset="1"><nd ref="3629758783" /><nd ref="6009694995" /><tag k="highway" v="footway" /><tag k="oneway" v="no" /></way><way id="154" timestamp="2026-04-01T17:08:12Z" uid="1" user="OSMnx" version="1" changeset="1"><nd ref="3629758783" /><nd ref="3629758782" /><tag k="highway" v="footway" /><tag k="oneway" v="no" /></way><way id="155" timestamp="2026-04-01T17:08:12Z" uid="1" user="OSMnx" version="1" changeset="1"><nd ref="3629758783" /><nd ref="6009692661" /><tag k="highway" v="footway" /><tag k="oneway" v="no" /></way><way id="156" timestamp="2026-04-01T17:08:12Z" uid="1" user="OSMnx" version="1" changeset="1"><nd ref="3629758784" /><nd ref="3629758788" /><tag k="highway" v="footway" /><tag k="oneway" v="no" /></way><way id="157" timestamp="2026-04-01T17:08:12Z" uid="1" user="OSMnx" version="1" changeset="1"><nd ref="3629758784" /><nd ref="6009694920" /><tag k="highway" v="footway" /><tag k="oneway" v="no" /></way><way id="158" timestamp="2026-04-01T17:08:12Z" uid="1" user="OSMnx" version="1" changeset="1"><nd ref="3629758784" /><nd ref="6009694995" /><tag k="highway" v="footway" /><tag k="oneway" v="no" /></way><way id="159" timestamp="2026-04-01T17:08:12Z" uid="1" user="OSMnx" version="1" changeset="1"><nd ref="3629758787" /><nd ref="6009696479" /><tag k="highway" v="footway" /><tag k="oneway" v="no" /></way><way id="160" timestamp="2026-04-01T17:08:12Z" uid="1" user="OSMnx" version="1" changeset="1"><nd ref="3629758787" /><nd ref="3629758790" /><tag k="highway" v="footway" /><tag k="oneway" v="no" /></way><way id="161" timestamp="2026-04-01T17:08:12Z" uid="1" user="OSMnx" version="1" changeset="1"><nd ref="3629758788" /><nd ref="4710347260" /><tag k="highway" v="footway" /><tag k="oneway" v="no" /></way><way id="162" timestamp="2026-04-01T17:08:12Z" uid="1" user="OSMnx" version="1" changeset="1"><nd ref="3629758788" /><nd ref="3629758784" /><tag k="highway" v="footway" /><tag k="oneway" v="no" /></way><way id="163" timestamp="2026-04-01T17:08:12Z" uid="1" user="OSMnx" version="1" changeset="1"><nd ref="3629758790" /><nd ref="3629758787" /><tag k="highway" v="footway" /><tag k="oneway" v="no" /></way><way id="164" timestamp="2026-04-01T17:08:12Z" uid="1" user="OSMnx" version="1" changeset="1"><nd ref="3629758792" /><nd ref="2347911584" /><tag k="highway" v="footway" /><tag k="oneway" v="no" /></way><way id="165" timestamp="2026-04-01T17:08:12Z" uid="1" user="OSMnx" version="1" changeset="1"><nd ref="4633378537" /><nd ref="6421594314" /><tag k="highway" v="footway" /><tag k="oneway" v="no" /></way><way id="166" timestamp="2026-04-01T17:08:12Z" uid="1" user="OSMnx" version="1" changeset="1"><nd ref="4633378537" /><nd ref="6447510351" /><tag k="highway" v="footway" /><tag k="oneway" v="no" /></way><way id="167" timestamp="2026-04-01T17:08:12Z" uid="1" user="OSMnx" version="1" changeset="1"><nd ref="4633378745" /><nd ref="5098276161" /><tag k="highway" v="footway" /><tag k="oneway" v="no" /></way><way id="168" timestamp="2026-04-01T17:08:12Z" uid="1" user="OSMnx" version="1" changeset="1"><nd ref="4633378745" /><nd ref="4633378746" /><tag k="highway" v="footway" /><tag k="oneway" v="no" /></way><way id="169" timestamp="2026-04-01T17:08:12Z" uid="1" user="OSMnx" version="1" changeset="1"><nd ref="4633378746" /><nd ref="4633378745" /><tag k="highway" v="footway" /><tag k="oneway" v="no" /></way><way id="170" timestamp="2026-04-01T17:08:12Z" uid="1" user="OSMnx" version="1" changeset="1"><nd ref="4633378746" /><nd ref="6445636930" /><tag k="highway" v="footway" /><tag k="oneway" v="no" /></way><way id="171" timestamp="2026-04-01T17:08:12Z" uid="1" user="OSMnx" version="1" changeset="1"><nd ref="4633378746" /><nd ref="6445636932" /><tag k="highway" v="footway" /><tag k="oneway" v="no" /></way><way id="172" timestamp="2026-04-01T17:08:12Z" uid="1" user="OSMnx" version="1" changeset="1"><nd ref="4633378775" /><nd ref="4633378776" /><tag k="highway" v="footway" /><tag k="oneway" v="no" /></way><way id="173" timestamp="2026-04-01T17:08:12Z" uid="1" user="OSMnx" version="1" changeset="1"><nd ref="4633378775" /><nd ref="2126053420" /><tag k="highway" v="footway" /><tag k="oneway" v="no" /></way><way id="174" timestamp="2026-04-01T17:08:12Z" uid="1" user="OSMnx" version="1" changeset="1"><nd ref="4633378775" /><nd ref="5098178174" /><tag k="highway" v="footway" /><tag k="oneway" v="no" /></way><way id="175" timestamp="2026-04-01T17:08:12Z" uid="1" user="OSMnx" version="1" changeset="1"><nd ref="4633378775" /><nd ref="6445658032" /><tag k="highway" v="footway" /><tag k="oneway" v="no" /></way><way id="176" timestamp="2026-04-01T17:08:12Z" uid="1" user="OSMnx" version="1" changeset="1"><nd ref="4633378776" /><nd ref="4633378775" /><tag k="highway" v="footway" /><tag k="oneway" v="no" /></way><way id="177" timestamp="2026-04-01T17:08:12Z" uid="1" user="OSMnx" version="1" changeset="1"><nd ref="4633378780" /><nd ref="2126053449" /><tag k="highway" v="footway" /><tag k="oneway" v="no" /></way><way id="178" timestamp="2026-04-01T17:08:12Z" uid="1" user="OSMnx" version="1" changeset="1"><nd ref="4633378780" /><nd ref="2126053407" /><tag k="highway" v="footway" /><tag k="oneway" v="no" /></way><way id="179" timestamp="2026-04-01T17:08:12Z" uid="1" user="OSMnx" version="1" changeset="1"><nd ref="4710347260" /><nd ref="3629758788" /><tag k="highway" v="footway" /><tag k="oneway" v="no" /></way><way id="180" timestamp="2026-04-01T17:08:12Z" uid="1" user="OSMnx" version="1" changeset="1"><nd ref="4710347260" /><nd ref="4710347261" /><tag k="highway" v="steps" /><tag k="oneway" v="no" /></way><way id="181" timestamp="2026-04-01T17:08:12Z" uid="1" user="OSMnx" version="1" changeset="1"><nd ref="4710347261" /><nd ref="4710347260" /><tag k="highway" v="steps" /><tag k="oneway" v="no" /></way><way id="182" timestamp="2026-04-01T17:08:12Z" uid="1" user="OSMnx" version="1" changeset="1"><nd ref="4710347261" /><nd ref="4710347262" /><tag k="highway" v="footway" /><tag k="oneway" v="no" /></way><way id="183" timestamp="2026-04-01T17:08:12Z" uid="1" user="OSMnx" version="1" changeset="1"><nd ref="4710347262" /><nd ref="4710347261" /><tag k="highway" v="footway" /><tag k="oneway" v="no" /></way><way id="184" timestamp="2026-04-01T17:08:12Z" uid="1" user="OSMnx" version="1" changeset="1"><nd ref="4710347262" /><nd ref="6297254545" /><tag k="highway" v="footway" /><tag k="oneway" v="no" /></way><way id="185" timestamp="2026-04-01T17:08:12Z" uid="1" user="OSMnx" version="1" changeset="1"><nd ref="4710347262" /><nd ref="8809676358" /><tag k="highway" v="steps" /><tag k="oneway" v="no" /></way><way id="186" timestamp="2026-04-01T17:08:12Z" uid="1" user="OSMnx" version="1" changeset="1"><nd ref="4710347337" /><nd ref="4710347343" /><tag k="highway" v="footway" /><tag k="oneway" v="no" /></way><way id="187" timestamp="2026-04-01T17:08:12Z" uid="1" user="OSMnx" version="1" changeset="1"><nd ref="4710347337" /><nd ref="6447510342" /><tag k="highway" v="footway" /><tag k="oneway" v="no" /></way><way id="188" timestamp="2026-04-01T17:08:12Z" uid="1" user="OSMnx" version="1" changeset="1"><nd ref="4710347338" /><nd ref="6447510342" /><tag k="highway" v="footway" /><tag k="oneway" v="no" /></way><way id="189" timestamp="2026-04-01T17:08:12Z" uid="1" user="OSMnx" version="1" changeset="1"><nd ref="4710347338" /><nd ref="6447510347" /><tag k="highway" v="footway" /><tag k="oneway" v="no" /></way><way id="190" timestamp="2026-04-01T17:08:12Z" uid="1" user="OSMnx" version="1" changeset="1"><nd ref="4710347339" /><nd ref="6447510348" /><tag k="highway" v="footway" /><tag k="oneway" v="no" /></way><way id="191" timestamp="2026-04-01T17:08:12Z" uid="1" user="OSMnx" version="1" changeset="1"><nd ref="4710347339" /><nd ref="6447510347" /><tag k="highway" v="footway" /><tag k="oneway" v="no" /></way><way id="192" timestamp="2026-04-01T17:08:12Z" uid="1" user="OSMnx" version="1" changeset="1"><nd ref="4710347339" /><nd ref="6447510329" /><tag k="highway" v="footway" /><tag k="oneway" v="no" /></way><way id="193" timestamp="2026-04-01T17:08:12Z" uid="1" user="OSMnx" version="1" changeset="1"><nd ref="4710347342" /><nd ref="2126053410" /><tag k="highway" v="footway" /><tag k="oneway" v="no" /></way><way id="194" timestamp="2026-04-01T17:08:12Z" uid="1" user="OSMnx" version="1" changeset="1"><nd ref="4710347342" /><nd ref="2126053434" /><tag k="highway" v="footway" /><tag k="oneway" v="no" /></way><way id="195" timestamp="2026-04-01T17:08:12Z" uid="1" user="OSMnx" version="1" changeset="1"><nd ref="4710347342" /><nd ref="6445714329" /><tag k="highway" v="footway" /><tag k="oneway" v="no" /></way><way id="196" timestamp="2026-04-01T17:08:12Z" uid="1" user="OSMnx" version="1" changeset="1"><nd ref="4710347343" /><nd ref="5098276183" /><tag k="highway" v="footway" /><tag k="oneway" v="no" /></way><way id="197" timestamp="2026-04-01T17:08:12Z" uid="1" user="OSMnx" version="1" changeset="1"><nd ref="4710347343" /><nd ref="6421743735" /><tag k="highway" v="footway" /><tag k="oneway" v="no" /></way><way id="198" timestamp="2026-04-01T17:08:12Z" uid="1" user="OSMnx" version="1" changeset="1"><nd ref="4710347343" /><nd ref="4710347337" /><tag k="highway" v="footway" /><tag k="oneway" v="no" /></way><way id="199" timestamp="2026-04-01T17:08:12Z" uid="1" user="OSMnx" version="1" changeset="1"><nd ref="4710347360" /><nd ref="6330166504" /><tag k="highway" v="footway" /><tag k="oneway" v="no" /></way><way id="200" timestamp="2026-04-01T17:08:12Z" uid="1" user="OSMnx" version="1" changeset="1"><nd ref="4710347360" /><nd ref="1380342690" /><tag k="highway" v="footway" /><tag k="oneway" v="no" /></way><way id="201" timestamp="2026-04-01T17:08:12Z" uid="1" user="OSMnx" version="1" changeset="1"><nd ref="4710347360" /><nd ref="5190624463" /><tag k="highway" v="footway" /><tag k="oneway" v="no" /></way><way id="202" timestamp="2026-04-01T17:08:12Z" uid="1" user="OSMnx" version="1" changeset="1"><nd ref="4710347361" /><nd ref="321607275" /><tag k="highway" v="footway" /><tag k="oneway" v="no" /></way><way id="203" timestamp="2026-04-01T17:08:12Z" uid="1" user="OSMnx" version="1" changeset="1"><nd ref="4710347361" /><nd ref="4710347362" /><tag k="highway" v="footway" /><tag k="oneway" v="no" /></way><way id="204" timestamp="2026-04-01T17:08:12Z" uid="1" user="OSMnx" version="1" changeset="1"><nd ref="4710347361" /><nd ref="1380342690" /><tag k="highway" v="footway" /><tag k="oneway" v="no" /></way><way id="205" timestamp="2026-04-01T17:08:12Z" uid="1" user="OSMnx" version="1" changeset="1"><nd ref="4710347362" /><nd ref="321607531" /><tag k="highway" v="footway" /><tag k="oneway" v="no" /></way><way id="206" timestamp="2026-04-01T17:08:12Z" uid="1" user="OSMnx" version="1" changeset="1"><nd ref="4710347362" /><nd ref="4710347361" /><tag k="highway" v="footway" /><tag k="oneway" v="no" /></way><way id="207" timestamp="2026-04-01T17:08:12Z" uid="1" user="OSMnx" version="1" changeset="1"><nd ref="4710347362" /><nd ref="6012470319" /><tag k="highway" v="footway" /><tag k="oneway" v="no" /></way><way id="208" timestamp="2026-04-01T17:08:12Z" uid="1" user="OSMnx" version="1" changeset="1"><nd ref="4710347366" /><nd ref="6012470314" /><tag k="highway" v="footway" /><tag k="oneway" v="no" /></way><way id="209" timestamp="2026-04-01T17:08:12Z" uid="1" user="OSMnx" version="1" changeset="1"><nd ref="4710347366" /><nd ref="321607136" /><tag k="highway" v="footway" /><tag k="oneway" v="no" /></way><way id="210" timestamp="2026-04-01T17:08:12Z" uid="1" user="OSMnx" version="1" changeset="1"><nd ref="4710347366" /><nd ref="5190624463" /><tag k="highway" v="footway" /><tag k="oneway" v="no" /></way><way id="211" timestamp="2026-04-01T17:08:12Z" uid="1" user="OSMnx" version="1" changeset="1"><nd ref="4710347366" /><nd ref="4718004233" /><tag k="highway" v="footway" /><tag k="oneway" v="no" /></way><way id="212" timestamp="2026-04-01T17:08:12Z" uid="1" user="OSMnx" version="1" changeset="1"><nd ref="4710347367" /><nd ref="9412722726" /><tag k="highway" v="footway" /><tag k="oneway" v="no" /></way><way id="213" timestamp="2026-04-01T17:08:12Z" uid="1" user="OSMnx" version="1" changeset="1"><nd ref="4710347367" /><nd ref="4710638889" /><tag k="highway" v="footway" /><tag k="oneway" v="no" /></way><way id="214" timestamp="2026-04-01T17:08:12Z" uid="1" user="OSMnx" version="1" changeset="1"><nd ref="4710347367" /><nd ref="6448206624" /><tag k="highway" v="footway" /><tag k="oneway" v="no" /></way><way id="215" timestamp="2026-04-01T17:08:12Z" uid="1" user="OSMnx" version="1" changeset="1"><nd ref="4710638769" /><nd ref="4710638770" /><tag k="highway" v="footway" /><tag k="oneway" v="no" /></way><way id="216" timestamp="2026-04-01T17:08:12Z" uid="1" user="OSMnx" version="1" changeset="1"><nd ref="4710638769" /><nd ref="6421531649" /><tag k="highway" v="footway" /><tag k="oneway" v="no" /></way><way id="217" timestamp="2026-04-01T17:08:12Z" uid="1" user="OSMnx" version="1" changeset="1"><nd ref="4710638769" /><nd ref="6421531652" /><tag k="highway" v="footway" /><tag k="oneway" v="no" /></way><way id="218" timestamp="2026-04-01T17:08:12Z" uid="1" user="OSMnx" version="1" changeset="1"><nd ref="4710638770" /><nd ref="4710638769" /><tag k="highway" v="footway" /><tag k="oneway" v="no" /></way><way id="219" timestamp="2026-04-01T17:08:12Z" uid="1" user="OSMnx" version="1" changeset="1"><nd ref="4710638770" /><nd ref="6421450380" /><tag k="highway" v="footway" /><tag k="oneway" v="no" /></way><way id="220" timestamp="2026-04-01T17:08:12Z" uid="1" user="OSMnx" version="1" changeset="1"><nd ref="4710638788" /><nd ref="6448207507" /><tag k="highway" v="service" /><tag k="oneway" v="no" /></way><way id="221" timestamp="2026-04-01T17:08:12Z" uid="1" user="OSMnx" version="1" changeset="1"><nd ref="4710638788" /><nd ref="6448207518" /><tag k="highway" v="service" /><tag k="oneway" v="no" /></way><way id="222" timestamp="2026-04-01T17:08:12Z" uid="1" user="OSMnx" version="1" changeset="1"><nd ref="4710638788" /><nd ref="2359088026" /><tag k="highway" v="footway" /><tag k="oneway" v="no" /></way><way id="223" timestamp="2026-04-01T17:08:12Z" uid="1" user="OSMnx" version="1" changeset="1"><nd ref="4710638889" /><nd ref="4710347367" /><tag k="highway" v="footway" /><tag k="oneway" v="no" /></way><way id="224" timestamp="2026-04-01T17:08:12Z" uid="1" user="OSMnx" version="1" changeset="1"><nd ref="4710638889" /><nd ref="1687056660" /><tag k="highway" v="footway" /><tag k="oneway" v="no" /></way><way id="225" timestamp="2026-04-01T17:08:12Z" uid="1" user="OSMnx" version="1" changeset="1"><nd ref="4710638889" /><nd ref="8809676432" /><tag k="highway" v="footway" /><tag k="oneway" v="no" /></way><way id="226" timestamp="2026-04-01T17:08:12Z" uid="1" user="OSMnx" version="1" changeset="1"><nd ref="4713696524" /><nd ref="6448135784" /><tag k="highway" v="footway" /><tag k="oneway" v="no" /></way><way id="227" timestamp="2026-04-01T17:08:12Z" uid="1" user="OSMnx" version="1" changeset="1"><nd ref="4713696524" /><nd ref="6448034925" /><tag k="highway" v="footway" /><tag k="oneway" v="no" /></way><way id="228" timestamp="2026-04-01T17:08:12Z" uid="1" user="OSMnx" version="1" changeset="1"><nd ref="4713696543" /><nd ref="6448022212" /><tag k="highway" v="footway" /><tag k="oneway" v="no" /></way><way id="229" timestamp="2026-04-01T17:08:12Z" uid="1" user="OSMnx" version="1" changeset="1"><nd ref="4713696543" /><nd ref="6013140259" /><tag k="highway" v="footway" /><tag k="oneway" v="no" /></way><way id="230" timestamp="2026-04-01T17:08:12Z" uid="1" user="OSMnx" version="1" changeset="1"><nd ref="4713696544" /><nd ref="6448029340" /><tag k="highway" v="footway" /><tag k="oneway" v="no" /></way><way id="231" timestamp="2026-04-01T17:08:12Z" uid="1" user="OSMnx" version="1" changeset="1"><nd ref="4713696544" /><nd ref="6795671796" /><tag k="highway" v="footway" /><tag k="oneway" v="no" /></way><way id="232" timestamp="2026-04-01T17:08:12Z" uid="1" user="OSMnx" version="1" changeset="1"><nd ref="4713696544" /><nd ref="6448034926" /><tag k="highway" v="footway" /><tag k="oneway" v="no" /></way><way id="233" timestamp="2026-04-01T17:08:12Z" uid="1" user="OSMnx" version="1" changeset="1"><nd ref="4713696545" /><nd ref="8809676358" /><tag k="highway" v="steps" /><tag k="oneway" v="no" /></way><way id="234" timestamp="2026-04-01T17:08:12Z" uid="1" user="OSMnx" version="1" changeset="1"><nd ref="4713696545" /><nd ref="6448366283" /><tag k="highway" v="footway" /><tag k="oneway" v="no" /></way><way id="235" timestamp="2026-04-01T17:08:12Z" uid="1" user="OSMnx" version="1" changeset="1"><nd ref="4718004194" /><nd ref="8809676355" /><tag k="highway" v="service" /><tag k="oneway" v="no" /></way><way id="236" timestamp="2026-04-01T17:08:12Z" uid="1" user="OSMnx" version="1" changeset="1"><nd ref="4718004194" /><nd ref="4718004195" /><tag k="highway" v="service" /><tag k="oneway" v="no" /></way><way id="237" timestamp="2026-04-01T17:08:12Z" uid="1" user="OSMnx" version="1" changeset="1"><nd ref="4718004195" /><nd ref="4718004194" /><tag k="highway" v="service" /><tag k="oneway" v="no" /></way><way id="238" timestamp="2026-04-01T17:08:12Z" uid="1" user="OSMnx" version="1" changeset="1"><nd ref="4718004195" /><nd ref="6448029330" /><tag k="highway" v="service" /><tag k="oneway" v="no" /></way><way id="239" timestamp="2026-04-01T17:08:12Z" uid="1" user="OSMnx" version="1" changeset="1"><nd ref="4718004196" /><nd ref="6448029330" /><tag k="highway" v="service" /><tag k="oneway" v="no" /></way><way id="240" timestamp="2026-04-01T17:08:12Z" uid="1" user="OSMnx" version="1" changeset="1"><nd ref="4718004196" /><nd ref="4718004197" /><tag k="highway" v="service" /><tag k="oneway" v="no" /></way><way id="241" timestamp="2026-04-01T17:08:12Z" uid="1" user="OSMnx" version="1" changeset="1"><nd ref="4718004197" /><nd ref="4718004196" /><tag k="highway" v="service" /><tag k="oneway" v="no" /></way><way id="242" timestamp="2026-04-01T17:08:12Z" uid="1" user="OSMnx" version="1" changeset="1"><nd ref="4718004197" /><nd ref="6448029329" /><tag k="highway" v="service" /><tag k="oneway" v="no" /></way><way id="243" timestamp="2026-04-01T17:08:12Z" uid="1" user="OSMnx" version="1" changeset="1"><nd ref="4718004198" /><nd ref="6448029329" /><tag k="highway" v="service" /><tag k="oneway" v="no" /></way><way id="244" timestamp="2026-04-01T17:08:12Z" uid="1" user="OSMnx" version="1" changeset="1"><nd ref="4718004198" /><nd ref="4718004199" /><tag k="highway" v="service" /><tag k="oneway" v="no" /></way><way id="245" timestamp="2026-04-01T17:08:12Z" uid="1" user="OSMnx" version="1" changeset="1"><nd ref="4718004199" /><nd ref="4718004198" /><tag k="highway" v="service" /><tag k="oneway" v="no" /></way><way id="246" timestamp="2026-04-01T17:08:12Z" uid="1" user="OSMnx" version="1" changeset="1"><nd ref="4718004199" /><nd ref="8809676360" /><tag k="highway" v="service" /><tag k="oneway" v="no" /></way><way id="247" timestamp="2026-04-01T17:08:12Z" uid="1" user="OSMnx" version="1" changeset="1"><nd ref="4718004200" /><nd ref="25248785" /><tag k="highway" v="trunk" /><tag k="name" v="西长安街" /><tag k="oneway" v="yes" /></way><way id="248" timestamp="2026-04-01T17:08:12Z" uid="1" user="OSMnx" version="1" changeset="1"><nd ref="4718004200" /><nd ref="6650390986" /><tag k="highway" v="service" /><tag k="oneway" v="no" /></way><way id="249" timestamp="2026-04-01T17:08:12Z" uid="1" user="OSMnx" version="1" changeset="1"><nd ref="4718004231" /><nd ref="9296101694" /><tag k="highway" v="footway" /><tag k="oneway" v="no" /></way><way id="250" timestamp="2026-04-01T17:08:12Z" uid="1" user="OSMnx" version="1" changeset="1"><nd ref="4718004231" /><nd ref="6448087888" /><tag k="highway" v="footway" /><tag k="oneway" v="no" /></way><way id="251" timestamp="2026-04-01T17:08:12Z" uid="1" user="OSMnx" version="1" changeset="1"><nd ref="4718004232" /><nd ref="6448087888" /><tag k="highway" v="footway" /><tag k="oneway" v="no" /></way><way id="252" timestamp="2026-04-01T17:08:12Z" uid="1" user="OSMnx" version="1" changeset="1"><nd ref="4718004232" /><nd ref="4718004233" /><tag k="highway" v="footway" /><tag k="oneway" v="no" /></way><way id="253" timestamp="2026-04-01T17:08:12Z" uid="1" user="OSMnx" version="1" changeset="1"><nd ref="4718004233" /><nd ref="4718004232" /><tag k="highway" v="footway" /><tag k="oneway" v="no" /></way><way id="254" timestamp="2026-04-01T17:08:12Z" uid="1" user="OSMnx" version="1" changeset="1"><nd ref="4718004233" /><nd ref="4710347366" /><tag k="highway" v="footway" /><tag k="oneway" v="no" /></way><way id="255" timestamp="2026-04-01T17:08:12Z" uid="1" user="OSMnx" version="1" changeset="1"><nd ref="4718004233" /><nd ref="321606827" /><tag k="highway" v="footway" /><tag k="oneway" v="no" /></way><way id="256" timestamp="2026-04-01T17:08:12Z" uid="1" user="OSMnx" version="1" changeset="1"><nd ref="4718004293" /><nd ref="2126053448" /><tag k="highway" v="footway" /><tag k="oneway" v="no" /></way><way id="257" timestamp="2026-04-01T17:08:12Z" uid="1" user="OSMnx" version="1" changeset="1"><nd ref="4718004293" /><nd ref="2126053449" /><tag k="highway" v="footway" /><tag k="oneway" v="no" /></way><way id="258" timestamp="2026-04-01T17:08:12Z" uid="1" user="OSMnx" version="1" changeset="1"><nd ref="4721335477" /><nd ref="260330040" /><tag k="highway" v="service" /><tag k="name" v="故宫东门外" /><tag k="oneway" v="no" /></way><way id="259" timestamp="2026-04-01T17:08:12Z" uid="1" user="OSMnx" version="1" changeset="1"><nd ref="4721335477" /><nd ref="8742615466" /><tag k="highway" v="service" /><tag k="name" v="故宫午门外" /><tag k="oneway" v="no" /></way><way id="260" timestamp="2026-04-01T17:08:12Z" uid="1" user="OSMnx" version="1" changeset="1"><nd ref="4723539995" /><nd ref="4723539996" /><tag k="highway" v="service" /><tag k="name" v="故宫西门外" /><tag k="oneway" v="no" /></way><way id="261" timestamp="2026-04-01T17:08:12Z" uid="1" user="OSMnx" version="1" changeset="1"><nd ref="4723539995" /><nd ref="8742615467" /><tag k="highway" v="service" /><tag k="name" v="故宫午门外" /><tag k="oneway" v="no" /></way><way id="262" timestamp="2026-04-01T17:08:12Z" uid="1" user="OSMnx" version="1" changeset="1"><nd ref="4723539996" /><nd ref="8382430324" /><tag k="highway" v="service" /><tag k="name" v="故宫西门外" /><tag k="oneway" v="no" /></way><way id="263" timestamp="2026-04-01T17:08:12Z" uid="1" user="OSMnx" version="1" changeset="1"><nd ref="4723539996" /><nd ref="4723539995" /><tag k="highway" v="service" /><tag k="name" v="故宫西门外" /><tag k="oneway" v="no" /></way><way id="264" timestamp="2026-04-01T17:08:12Z" uid="1" user="OSMnx" version="1" changeset="1"><nd ref="5098178172" /><nd ref="2126053434" /><tag k="highway" v="footway" /><tag k="oneway" v="no" /></way><way id="265" timestamp="2026-04-01T17:08:12Z" uid="1" user="OSMnx" version="1" changeset="1"><nd ref="5098178172" /><nd ref="5098178173" /><tag k="highway" v="footway" /><tag k="oneway" v="no" /></way><way id="266" timestamp="2026-04-01T17:08:12Z" uid="1" user="OSMnx" version="1" changeset="1"><nd ref="5098178172" /><nd ref="6445714327" /><tag k="highway" v="footway" /><tag k="oneway" v="no" /></way><way id="267" timestamp="2026-04-01T17:08:12Z" uid="1" user="OSMnx" version="1" changeset="1"><nd ref="5098178173" /><nd ref="5098178172" /><tag k="highway" v="footway" /><tag k="oneway" v="no" /></way><way id="268" timestamp="2026-04-01T17:08:12Z" uid="1" user="OSMnx" version="1" changeset="1"><nd ref="5098178173" /><nd ref="5098178174" /><tag k="highway" v="footway" /><tag k="oneway" v="no" /></way><way id="269" timestamp="2026-04-01T17:08:12Z" uid="1" user="OSMnx" version="1" changeset="1"><nd ref="5098178174" /><nd ref="5098178173" /><tag k="highway" v="footway" /><tag k="oneway" v="no" /></way><way id="270" timestamp="2026-04-01T17:08:12Z" uid="1" user="OSMnx" version="1" changeset="1"><nd ref="5098178174" /><nd ref="4633378775" /><tag k="highway" v="footway" /><tag k="oneway" v="no" /></way><way id="271" timestamp="2026-04-01T17:08:12Z" uid="1" user="OSMnx" version="1" changeset="1"><nd ref="5098276161" /><nd ref="6098772393" /><tag k="highway" v="footway" /><tag k="oneway" v="no" /></way><way id="272" timestamp="2026-04-01T17:08:12Z" uid="1" user="OSMnx" version="1" changeset="1"><nd ref="5098276161" /><nd ref="534448153" /><tag k="highway" v="footway" /><tag k="oneway" v="no" /></way><way id="273" timestamp="2026-04-01T17:08:12Z" uid="1" user="OSMnx" version="1" changeset="1"><nd ref="5098276161" /><nd ref="4633378745" /><tag k="highway" v="footway" /><tag k="oneway" v="no" /></way><way id="274" timestamp="2026-04-01T17:08:12Z" uid="1" user="OSMnx" version="1" changeset="1"><nd ref="5098276162" /><nd ref="6098772393" /><tag k="highway" v="footway" /><tag k="oneway" v="no" /></way><way id="275" timestamp="2026-04-01T17:08:12Z" uid="1" user="OSMnx" version="1" changeset="1"><nd ref="5098276162" /><nd ref="5098276163" /><tag k="highway" v="footway" /><tag k="oneway" v="no" /></way><way id="276" timestamp="2026-04-01T17:08:12Z" uid="1" user="OSMnx" version="1" changeset="1"><nd ref="5098276163" /><nd ref="5098276162" /><tag k="highway" v="footway" /><tag k="oneway" v="no" /></way><way id="277" timestamp="2026-04-01T17:08:12Z" uid="1" user="OSMnx" version="1" changeset="1"><nd ref="5098276163" /><nd ref="5098276164" /><tag k="highway" v="footway" /><tag k="oneway" v="no" /></way><way id="278" timestamp="2026-04-01T17:08:12Z" uid="1" user="OSMnx" version="1" changeset="1"><nd ref="5098276164" /><nd ref="5098276163" /><tag k="highway" v="footway" /><tag k="oneway" v="no" /></way><way id="279" timestamp="2026-04-01T17:08:12Z" uid="1" user="OSMnx" version="1" changeset="1"><nd ref="5098276164" /><nd ref="5098276165" /><tag k="highway" v="footway" /><tag k="oneway" v="no" /></way><way id="280" timestamp="2026-04-01T17:08:12Z" uid="1" user="OSMnx" version="1" changeset="1"><nd ref="5098276165" /><nd ref="5098276164" /><tag k="highway" v="footway" /><tag k="oneway" v="no" /></way><way id="281" timestamp="2026-04-01T17:08:12Z" uid="1" user="OSMnx" version="1" changeset="1"><nd ref="5098276165" /><nd ref="6447766282" /><tag k="highway" v="footway" /><tag k="oneway" v="no" /></way><way id="282" timestamp="2026-04-01T17:08:12Z" uid="1" user="OSMnx" version="1" changeset="1"><nd ref="5098276165" /><nd ref="6013898975" /><tag k="highway" v="footway" /><tag k="oneway" v="no" /></way><way id="283" timestamp="2026-04-01T17:08:12Z" uid="1" user="OSMnx" version="1" changeset="1"><nd ref="5098276183" /><nd ref="4710347343" /><tag k="highway" v="footway" /><tag k="oneway" v="no" /></way><way id="284" timestamp="2026-04-01T17:08:12Z" uid="1" user="OSMnx" version="1" changeset="1"><nd ref="5098276183" /><nd ref="6447510341" /><tag k="highway" v="footway" /><tag k="oneway" v="no" /></way><way id="285" timestamp="2026-04-01T17:08:12Z" uid="1" user="OSMnx" version="1" changeset="1"><nd ref="5098276184" /><nd ref="6447510341" /><tag k="highway" v="footway" /><tag k="oneway" v="no" /></way><way id="286" timestamp="2026-04-01T17:08:12Z" uid="1" user="OSMnx" version="1" changeset="1"><nd ref="5098276184" /><nd ref="6447510348" /><tag k="highway" v="footway" /><tag k="oneway" v="no" /></way><way id="287" timestamp="2026-04-01T17:08:12Z" uid="1" user="OSMnx" version="1" changeset="1"><nd ref="5190624463" /><nd ref="321607610" /><tag k="highway" v="footway" /><tag k="oneway" v="no" /></way><way id="288" timestamp="2026-04-01T17:08:12Z" uid="1" user="OSMnx" version="1" changeset="1"><nd ref="5190624463" /><nd ref="4710347360" /><tag k="highway" v="footway" /><tag k="oneway" v="no" /></way><way id="289" timestamp="2026-04-01T17:08:12Z" uid="1" user="OSMnx" version="1" changeset="1"><nd ref="5190624463" /><nd ref="4710347366" /><tag k="highway" v="footway" /><tag k="oneway" v="no" /></way><way id="290" timestamp="2026-04-01T17:08:12Z" uid="1" user="OSMnx" version="1" changeset="1"><nd ref="5810315258" /><nd ref="5810315259" /><tag k="highway" v="service" /><tag k="oneway" v="no" /></way><way id="291" timestamp="2026-04-01T17:08:12Z" uid="1" user="OSMnx" version="1" changeset="1"><nd ref="5810315259" /><nd ref="6448666067" /><tag k="highway" v="tertiary" /><tag k="lanes" v="2" /><tag k="name" v="南池子大街" /><tag k="oneway" v="no" /></way><way id="292" timestamp="2026-04-01T17:08:12Z" uid="1" user="OSMnx" version="1" changeset="1"><nd ref="5810315259" /><nd ref="5810315258" /><tag k="highway" v="service" /><tag k="oneway" v="no" /></way><way id="293" timestamp="2026-04-01T17:08:12Z" uid="1" user="OSMnx" version="1" changeset="1"><nd ref="5908278641" /><nd ref="5908278642" /><tag k="highway" v="steps" /><tag k="oneway" v="no" /></way><way id="294" timestamp="2026-04-01T17:08:12Z" uid="1" user="OSMnx" version="1" changeset="1"><nd ref="5908278641" /><nd ref="5908278643" /><tag k="highway" v="footway" /><tag k="oneway" v="no" /></way><way id="295" timestamp="2026-04-01T17:08:12Z" uid="1" user="OSMnx" version="1" changeset="1"><nd ref="5908278642" /><nd ref="5908278641" /><tag k="highway" v="steps" /><tag k="oneway" v="no" /></way><way id="296" timestamp="2026-04-01T17:08:12Z" uid="1" user="OSMnx" version="1" changeset="1"><nd ref="5908278642" /><nd ref="9492340876" /><tag k="highway" v="footway" /><tag k="oneway" v="no" /></way><way id="297" timestamp="2026-04-01T17:08:12Z" uid="1" user="OSMnx" version="1" changeset="1"><nd ref="5908278643" /><nd ref="5908278641" /><tag k="highway" v="footway" /><tag k="oneway" v="no" /></way><way id="298" timestamp="2026-04-01T17:08:12Z" uid="1" user="OSMnx" version="1" changeset="1"><nd ref="5908278643" /><nd ref="6445658025" /><tag k="highway" v="footway" /><tag k="oneway" v="no" /></way><way id="299" timestamp="2026-04-01T17:08:12Z" uid="1" user="OSMnx" version="1" changeset="1"><nd ref="6009692661" /><nd ref="3629758783" /><tag k="highway" v="footway" /><tag k="oneway" v="no" /></way><way id="300" timestamp="2026-04-01T17:08:12Z" uid="1" user="OSMnx" version="1" changeset="1"><nd ref="6009692661" /><nd ref="6012797574" /><tag k="highway" v="footway" /><tag k="oneway" v="no" /></way><way id="301" timestamp="2026-04-01T17:08:12Z" uid="1" user="OSMnx" version="1" changeset="1"><nd ref="6009694210" /><nd ref="6009694989" /><tag k="highway" v="steps" /><tag k="oneway" v="no" /></way><way id="302" timestamp="2026-04-01T17:08:12Z" uid="1" user="OSMnx" version="1" changeset="1"><nd ref="6009694210" /><nd ref="6009694998" /><tag k="highway" v="footway" /><tag k="oneway" v="no" /></way><way id="303" timestamp="2026-04-01T17:08:12Z" uid="1" user="OSMnx" version="1" changeset="1"><nd ref="6009694210" /><nd ref="6009695000" /><tag k="highway" v="footway" /><tag k="oneway" v="no" /></way><way id="304" timestamp="2026-04-01T17:08:12Z" uid="1" user="OSMnx" version="1" changeset="1"><nd ref="6009694587" /><nd ref="6009694589" /><tag k="highway" v="steps" /><tag k="oneway" v="no" /></way><way id="305" timestamp="2026-04-01T17:08:12Z" uid="1" user="OSMnx" version="1" changeset="1"><nd ref="6009694589" /><nd ref="6009694587" /><tag k="highway" v="steps" /><tag k="oneway" v="no" /></way><way id="306" timestamp="2026-04-01T17:08:12Z" uid="1" user="OSMnx" version="1" changeset="1"><nd ref="6009694589" /><nd ref="6009695002" /><tag k="highway" v="footway" /><tag k="oneway" v="no" /></way><way id="307" timestamp="2026-04-01T17:08:12Z" uid="1" user="OSMnx" version="1" changeset="1"><nd ref="6009694589" /><nd ref="6009694998" /><tag k="highway" v="footway" /><tag k="oneway" v="no" /></way><way id="308" timestamp="2026-04-01T17:08:12Z" uid="1" user="OSMnx" version="1" changeset="1"><nd ref="6009694914" /><nd ref="6009694991" /><tag k="highway" v="footway" /><tag k="oneway" v="no" /></way><way id="309" timestamp="2026-04-01T17:08:12Z" uid="1" user="OSMnx" version="1" changeset="1"><nd ref="6009694914" /><nd ref="6009694997" /><tag k="highway" v="footway" /><tag k="oneway" v="no" /></way><way id="310" timestamp="2026-04-01T17:08:12Z" uid="1" user="OSMnx" version="1" changeset="1"><nd ref="6009694920" /><nd ref="6012797574" /><tag k="highway" v="footway" /><tag k="oneway" v="no" /></way><way id="311" timestamp="2026-04-01T17:08:12Z" uid="1" user="OSMnx" version="1" changeset="1"><nd ref="6009694920" /><nd ref="3629758784" /><tag k="highway" v="footway" /><tag k="oneway" v="no" /></way><way id="312" timestamp="2026-04-01T17:08:12Z" uid="1" user="OSMnx" version="1" changeset="1"><nd ref="6009694939" /><nd ref="6009694947" /><tag k="highway" v="footway" /><tag k="oneway" v="no" /></way><way id="313" timestamp="2026-04-01T17:08:12Z" uid="1" user="OSMnx" version="1" changeset="1"><nd ref="6009694939" /><nd ref="6009694946" /><tag k="highway" v="footway" /><tag k="oneway" v="no" /></way><way id="314" timestamp="2026-04-01T17:08:12Z" uid="1" user="OSMnx" version="1" changeset="1"><nd ref="6009694939" /><nd ref="6012830375" /><tag k="highway" v="footway" /><tag k="oneway" v="no" /></way><way id="315" timestamp="2026-04-01T17:08:12Z" uid="1" user="OSMnx" version="1" changeset="1"><nd ref="6009694939" /><nd ref="8379444185" /><tag k="highway" v="footway" /><tag k="oneway" v="no" /></way><way id="316" timestamp="2026-04-01T17:08:12Z" uid="1" user="OSMnx" version="1" changeset="1"><nd ref="6009694940" /><nd ref="6009694947" /><tag k="highway" v="footway" /><tag k="oneway" v="no" /></way><way id="317" timestamp="2026-04-01T17:08:12Z" uid="1" user="OSMnx" version="1" changeset="1"><nd ref="6009694940" /><nd ref="6009695606" /><tag k="highway" v="footway" /><tag k="oneway" v="no" /></way><way id="318" timestamp="2026-04-01T17:08:12Z" uid="1" user="OSMnx" version="1" changeset="1"><nd ref="6009694945" /><nd ref="6009695610" /><tag k="highway" v="footway" /><tag k="oneway" v="no" /></way><way id="319" timestamp="2026-04-01T17:08:12Z" uid="1" user="OSMnx" version="1" changeset="1"><nd ref="6009694945" /><nd ref="6009694946" /><tag k="highway" v="footway" /><tag k="oneway" v="no" /></way><way id="320" timestamp="2026-04-01T17:08:12Z" uid="1" user="OSMnx" version="1" changeset="1"><nd ref="6009694946" /><nd ref="6009694945" /><tag k="highway" v="footway" /><tag k="oneway" v="no" /></way><way id="321" timestamp="2026-04-01T17:08:12Z" uid="1" user="OSMnx" version="1" changeset="1"><nd ref="6009694946" /><nd ref="6009694939" /><tag k="highway" v="footway" /><tag k="oneway" v="no" /></way><way id="322" timestamp="2026-04-01T17:08:12Z" uid="1" user="OSMnx" version="1" changeset="1"><nd ref="6009694947" /><nd ref="6009694939" /><tag k="highway" v="footway" /><tag k="oneway" v="no" /></way><way id="323" timestamp="2026-04-01T17:08:12Z" uid="1" user="OSMnx" version="1" changeset="1"><nd ref="6009694947" /><nd ref="6009694940" /><tag k="highway" v="footway" /><tag k="oneway" v="no" /></way><way id="324" timestamp="2026-04-01T17:08:12Z" uid="1" user="OSMnx" version="1" changeset="1"><nd ref="6009694951" /><nd ref="6009695605" /><tag k="highway" v="footway" /><tag k="oneway" v="no" /></way><way id="325" timestamp="2026-04-01T17:08:12Z" uid="1" user="OSMnx" version="1" changeset="1"><nd ref="6009694952" /><nd ref="6009695605" /><tag k="highway" v="footway" /><tag k="oneway" v="no" /></way><way id="326" timestamp="2026-04-01T17:08:12Z" uid="1" user="OSMnx" version="1" changeset="1"><nd ref="6009694989" /><nd ref="6009694210" /><tag k="highway" v="steps" /><tag k="oneway" v="no" /></way><way id="327" timestamp="2026-04-01T17:08:12Z" uid="1" user="OSMnx" version="1" changeset="1"><nd ref="6009694990" /><nd ref="6009694991" /><tag k="highway" v="steps" /><tag k="oneway" v="no" /></way><way id="328" timestamp="2026-04-01T17:08:12Z" uid="1" user="OSMnx" version="1" changeset="1"><nd ref="6009694991" /><nd ref="6009694990" /><tag k="highway" v="steps" /><tag k="oneway" v="no" /></way><way id="329" timestamp="2026-04-01T17:08:12Z" uid="1" user="OSMnx" version="1" changeset="1"><nd ref="6009694991" /><nd ref="6009695000" /><tag k="highway" v="footway" /><tag k="oneway" v="no" /></way><way id="330" timestamp="2026-04-01T17:08:12Z" uid="1" user="OSMnx" version="1" changeset="1"><nd ref="6009694991" /><nd ref="6009694914" /><tag k="highway" v="footway" /><tag k="oneway" v="no" /></way><way id="331" timestamp="2026-04-01T17:08:12Z" uid="1" user="OSMnx" version="1" changeset="1"><nd ref="6009694992" /><nd ref="6009694997" /><tag k="highway" v="steps" /><tag k="oneway" v="no" /></way><way id="332" timestamp="2026-04-01T17:08:12Z" uid="1" user="OSMnx" version="1" changeset="1"><nd ref="6009694992" /><nd ref="6447853925" /><tag k="highway" v="footway" /><tag k="oneway" v="no" /></way><way id="333" timestamp="2026-04-01T17:08:12Z" uid="1" user="OSMnx" version="1" changeset="1"><nd ref="6009694995" /><nd ref="3629758783" /><tag k="highway" v="footway" /><tag k="oneway" v="no" /></way><way id="334" timestamp="2026-04-01T17:08:12Z" uid="1" user="OSMnx" version="1" changeset="1"><nd ref="6009694995" /><nd ref="6447853925" /><tag k="highway" v="footway" /><tag k="oneway" v="no" /></way><way id="335" timestamp="2026-04-01T17:08:12Z" uid="1" user="OSMnx" version="1" changeset="1"><nd ref="6009694995" /><nd ref="3629758784" /><tag k="highway" v="footway" /><tag k="oneway" v="no" /></way><way id="336" timestamp="2026-04-01T17:08:12Z" uid="1" user="OSMnx" version="1" changeset="1"><nd ref="6009694997" /><nd ref="6009694992" /><tag k="highway" v="steps" /><tag k="oneway" v="no" /></way><way id="337" timestamp="2026-04-01T17:08:12Z" uid="1" user="OSMnx" version="1" changeset="1"><nd ref="6009694997" /><nd ref="6009694914" /><tag k="highway" v="footway" /><tag k="oneway" v="no" /></way><way id="338" timestamp="2026-04-01T17:08:12Z" uid="1" user="OSMnx" version="1" changeset="1"><nd ref="6009694997" /><nd ref="6009695002" /><tag k="highway" v="footway" /><tag k="oneway" v="no" /></way><way id="339" timestamp="2026-04-01T17:08:12Z" uid="1" user="OSMnx" version="1" changeset="1"><nd ref="6009694998" /><nd ref="6009694589" /><tag k="highway" v="footway" /><tag k="oneway" v="no" /></way><way id="340" timestamp="2026-04-01T17:08:12Z" uid="1" user="OSMnx" version="1" changeset="1"><nd ref="6009694998" /><nd ref="6009694210" /><tag k="highway" v="footway" /><tag k="oneway" v="no" /></way><way id="341" timestamp="2026-04-01T17:08:12Z" uid="1" user="OSMnx" version="1" changeset="1"><nd ref="6009695000" /><nd ref="6009694210" /><tag k="highway" v="footway" /><tag k="oneway" v="no" /></way><way id="342" timestamp="2026-04-01T17:08:12Z" uid="1" user="OSMnx" version="1" changeset="1"><nd ref="6009695000" /><nd ref="6009694991" /><tag k="highway" v="footway" /><tag k="oneway" v="no" /></way><way id="343" timestamp="2026-04-01T17:08:12Z" uid="1" user="OSMnx" version="1" changeset="1"><nd ref="6009695002" /><nd ref="6009694997" /><tag k="highway" v="footway" /><tag k="oneway" v="no" /></way><way id="344" timestamp="2026-04-01T17:08:12Z" uid="1" user="OSMnx" version="1" changeset="1"><nd ref="6009695002" /><nd ref="6009694589" /><tag k="highway" v="footway" /><tag k="oneway" v="no" /></way><way id="345" timestamp="2026-04-01T17:08:12Z" uid="1" user="OSMnx" version="1" changeset="1"><nd ref="6009695605" /><nd ref="6009694952" /><tag k="highway" v="footway" /><tag k="oneway" v="no" /></way><way id="346" timestamp="2026-04-01T17:08:12Z" uid="1" user="OSMnx" version="1" changeset="1"><nd ref="6009695605" /><nd ref="6012830237" /><tag k="highway" v="footway" /><tag k="oneway" v="no" /></way><way id="347" timestamp="2026-04-01T17:08:12Z" uid="1" user="OSMnx" version="1" changeset="1"><nd ref="6009695605" /><nd ref="6009694951" /><tag k="highway" v="footway" /><tag k="oneway" v="no" /></way><way id="348" timestamp="2026-04-01T17:08:12Z" uid="1" user="OSMnx" version="1" changeset="1"><nd ref="6009695606" /><nd ref="6009694940" /><tag k="highway" v="footway" /><tag k="oneway" v="no" /></way><way id="349" timestamp="2026-04-01T17:08:12Z" uid="1" user="OSMnx" version="1" changeset="1"><nd ref="6009695610" /><nd ref="6009694945" /><tag k="highway" v="footway" /><tag k="oneway" v="no" /></way><way id="350" timestamp="2026-04-01T17:08:12Z" uid="1" user="OSMnx" version="1" changeset="1"><nd ref="6009696479" /><nd ref="10197645762" /><tag k="highway" v="footway" /><tag k="oneway" v="no" /></way><way id="351" timestamp="2026-04-01T17:08:12Z" uid="1" user="OSMnx" version="1" changeset="1"><nd ref="6009696479" /><nd ref="3629758787" /><tag k="highway" v="footway" /><tag k="oneway" v="no" /></way><way id="352" timestamp="2026-04-01T17:08:12Z" uid="1" user="OSMnx" version="1" changeset="1"><nd ref="6012448768" /><nd ref="6012452143" /><tag k="highway" v="footway" /><tag k="oneway" v="no" /></way><way id="353" timestamp="2026-04-01T17:08:12Z" uid="1" user="OSMnx" version="1" changeset="1"><nd ref="6012448768" /><nd ref="6015099372" /><tag k="highway" v="footway" /><tag k="oneway" v="no" /></way><way id="354" timestamp="2026-04-01T17:08:12Z" uid="1" user="OSMnx" version="1" changeset="1"><nd ref="6012448770" /><nd ref="6012448772" /><tag k="highway" v="footway" /><tag k="oneway" v="no" /></way><way id="355" timestamp="2026-04-01T17:08:12Z" uid="1" user="OSMnx" version="1" changeset="1"><nd ref="6012448771" /><nd ref="6421450375" /><tag k="highway" v="footway" /><tag k="oneway" v="no" /></way><way id="356" timestamp="2026-04-01T17:08:12Z" uid="1" user="OSMnx" version="1" changeset="1"><nd ref="6012448771" /><nd ref="6012452295" /><tag k="highway" v="footway" /><tag k="oneway" v="no" /></way><way id="357" timestamp="2026-04-01T17:08:12Z" uid="1" user="OSMnx" version="1" changeset="1"><nd ref="6012448772" /><nd ref="6421450373" /><tag k="highway" v="footway" /><tag k="oneway" v="no" /></way><way id="358" timestamp="2026-04-01T17:08:12Z" uid="1" user="OSMnx" version="1" changeset="1"><nd ref="6012448772" /><nd ref="6012448770" /><tag k="highway" v="footway" /><tag k="oneway" v="no" /></way><way id="359" timestamp="2026-04-01T17:08:12Z" uid="1" user="OSMnx" version="1" changeset="1"><nd ref="6012452143" /><nd ref="6421450377" /><tag k="highway" v="footway" /><tag k="oneway" v="no" /></way><way id="360" timestamp="2026-04-01T17:08:12Z" uid="1" user="OSMnx" version="1" changeset="1"><nd ref="6012452143" /><nd ref="6012448768" /><tag k="highway" v="footway" /><tag k="oneway" v="no" /></way><way id="361" timestamp="2026-04-01T17:08:12Z" uid="1" user="OSMnx" version="1" changeset="1"><nd ref="6012452295" /><nd ref="6012448771" /><tag k="highway" v="footway" /><tag k="oneway" v="no" /></way><way id="362" timestamp="2026-04-01T17:08:12Z" uid="1" user="OSMnx" version="1" changeset="1"><nd ref="6012452295" /><nd ref="6015099369" /><tag k="highway" v="footway" /><tag k="oneway" v="no" /></way><way id="363" timestamp="2026-04-01T17:08:12Z" uid="1" user="OSMnx" version="1" changeset="1"><nd ref="6012452298" /><nd ref="6421450372" /><tag k="highway" v="footway" /><tag k="oneway" v="no" /></way><way id="364" timestamp="2026-04-01T17:08:12Z" uid="1" user="OSMnx" version="1" changeset="1"><nd ref="6012452298" /><nd ref="12587139912" /><tag k="highway" v="footway" /><tag k="oneway" v="no" /></way><way id="365" timestamp="2026-04-01T17:08:12Z" uid="1" user="OSMnx" version="1" changeset="1"><nd ref="6012470314" /><nd ref="321606826" /><tag k="highway" v="footway" /><tag k="oneway" v="no" /></way><way id="366" timestamp="2026-04-01T17:08:12Z" uid="1" user="OSMnx" version="1" changeset="1"><nd ref="6012470314" /><nd ref="4710347366" /><tag k="highway" v="footway" /><tag k="oneway" v="no" /></way><way id="367" timestamp="2026-04-01T17:08:12Z" uid="1" user="OSMnx" version="1" changeset="1"><nd ref="6012470319" /><nd ref="1622283884" /><tag k="highway" v="footway" /><tag k="oneway" v="no" /></way><way id="368" timestamp="2026-04-01T17:08:12Z" uid="1" user="OSMnx" version="1" changeset="1"><nd ref="6012470319" /><nd ref="321607029" /><tag k="highway" v="footway" /><tag k="oneway" v="no" /></way><way id="369" timestamp="2026-04-01T17:08:12Z" uid="1" user="OSMnx" version="1" changeset="1"><nd ref="6012470319" /><nd ref="13539897455" /><tag k="highway" v="footway" /><tag k="oneway" v="no" /></way><way id="370" timestamp="2026-04-01T17:08:12Z" uid="1" user="OSMnx" version="1" changeset="1"><nd ref="6012470319" /><nd ref="4710347362" /><tag k="highway" v="footway" /><tag k="oneway" v="no" /></way><way id="371" timestamp="2026-04-01T17:08:12Z" uid="1" user="OSMnx" version="1" changeset="1"><nd ref="6012797574" /><nd ref="6009694920" /><tag k="highway" v="footway" /><tag k="oneway" v="no" /></way><way id="372" timestamp="2026-04-01T17:08:12Z" uid="1" user="OSMnx" version="1" changeset="1"><nd ref="6012797574" /><nd ref="6009692661" /><tag k="highway" v="footway" /><tag k="oneway" v="no" /></way><way id="373" timestamp="2026-04-01T17:08:12Z" uid="1" user="OSMnx" version="1" changeset="1"><nd ref="6012797574" /><nd ref="8379444185" /><tag k="highway" v="footway" /><tag k="oneway" v="no" /></way><way id="374" timestamp="2026-04-01T17:08:12Z" uid="1" user="OSMnx" version="1" changeset="1"><nd ref="6012829027" /><nd ref="6012830204" /><tag k="highway" v="footway" /><tag k="oneway" v="no" /></way><way id="375" timestamp="2026-04-01T17:08:12Z" uid="1" user="OSMnx" version="1" changeset="1"><nd ref="6012829027" /><nd ref="6012830206" /><tag k="highway" v="footway" /><tag k="oneway" v="no" /></way><way id="376" timestamp="2026-04-01T17:08:12Z" uid="1" user="OSMnx" version="1" changeset="1"><nd ref="6012829031" /><nd ref="6012829380" /><tag k="highway" v="footway" /><tag k="oneway" v="no" /></way><way id="377" timestamp="2026-04-01T17:08:12Z" uid="1" user="OSMnx" version="1" changeset="1"><nd ref="6012829031" /><nd ref="6012830237" /><tag k="highway" v="steps" /><tag k="oneway" v="no" /></way><way id="378" timestamp="2026-04-01T17:08:12Z" uid="1" user="OSMnx" version="1" changeset="1"><nd ref="6012829380" /><nd ref="6012829444" /><tag k="highway" v="footway" /><tag k="oneway" v="no" /></way><way id="379" timestamp="2026-04-01T17:08:12Z" uid="1" user="OSMnx" version="1" changeset="1"><nd ref="6012829380" /><nd ref="6012830204" /><tag k="highway" v="footway" /><tag k="oneway" v="no" /></way><way id="380" timestamp="2026-04-01T17:08:12Z" uid="1" user="OSMnx" version="1" changeset="1"><nd ref="6012829380" /><nd ref="6012830239" /><tag k="highway" v="footway" /><tag k="oneway" v="no" /></way><way id="381" timestamp="2026-04-01T17:08:12Z" uid="1" user="OSMnx" version="1" changeset="1"><nd ref="6012829380" /><nd ref="6012829031" /><tag k="highway" v="footway" /><tag k="oneway" v="no" /></way><way id="382" timestamp="2026-04-01T17:08:12Z" uid="1" user="OSMnx" version="1" changeset="1"><nd ref="6012829443" /><nd ref="6012829597" /><tag k="highway" v="footway" /><tag k="oneway" v="no" /></way><way id="383" timestamp="2026-04-01T17:08:12Z" uid="1" user="OSMnx" version="1" changeset="1"><nd ref="6012829444" /><nd ref="6012829597" /><tag k="highway" v="footway" /><tag k="oneway" v="no" /></way><way id="384" timestamp="2026-04-01T17:08:12Z" uid="1" user="OSMnx" version="1" changeset="1"><nd ref="6012829444" /><nd ref="6012829380" /><tag k="highway" v="footway" /><tag k="oneway" v="no" /></way><way id="385" timestamp="2026-04-01T17:08:12Z" uid="1" user="OSMnx" version="1" changeset="1"><nd ref="6012829597" /><nd ref="6012829443" /><tag k="highway" v="footway" /><tag k="oneway" v="no" /></way><way id="386" timestamp="2026-04-01T17:08:12Z" uid="1" user="OSMnx" version="1" changeset="1"><nd ref="6012829597" /><nd ref="6012829444" /><tag k="highway" v="footway" /><tag k="oneway" v="no" /></way><way id="387" timestamp="2026-04-01T17:08:12Z" uid="1" user="OSMnx" version="1" changeset="1"><nd ref="6012830204" /><nd ref="6012829380" /><tag k="highway" v="footway" /><tag k="oneway" v="no" /></way><way id="388" timestamp="2026-04-01T17:08:12Z" uid="1" user="OSMnx" version="1" changeset="1"><nd ref="6012830204" /><nd ref="6012829027" /><tag k="highway" v="footway" /><tag k="oneway" v="no" /></way><way id="389" timestamp="2026-04-01T17:08:12Z" uid="1" user="OSMnx" version="1" changeset="1"><nd ref="6012830206" /><nd ref="6012829027" /><tag k="highway" v="footway" /><tag k="oneway" v="no" /></way><way id="390" timestamp="2026-04-01T17:08:12Z" uid="1" user="OSMnx" version="1" changeset="1"><nd ref="6012830237" /><nd ref="6009695605" /><tag k="highway" v="footway" /><tag k="oneway" v="no" /></way><way id="391" timestamp="2026-04-01T17:08:12Z" uid="1" user="OSMnx" version="1" changeset="1"><nd ref="6012830237" /><nd ref="6012829031" /><tag k="highway" v="steps" /><tag k="oneway" v="no" /></way><way id="392" timestamp="2026-04-01T17:08:12Z" uid="1" user="OSMnx" version="1" changeset="1"><nd ref="6012830239" /><nd ref="6012830375" /><tag k="highway" v="steps" /><tag k="oneway" v="no" /></way><way id="393" timestamp="2026-04-01T17:08:12Z" uid="1" user="OSMnx" version="1" changeset="1"><nd ref="6012830239" /><nd ref="6012829380" /><tag k="highway" v="footway" /><tag k="oneway" v="no" /></way><way id="394" timestamp="2026-04-01T17:08:12Z" uid="1" user="OSMnx" version="1" changeset="1"><nd ref="6012830375" /><nd ref="6009694939" /><tag k="highway" v="footway" /><tag k="oneway" v="no" /></way><way id="395" timestamp="2026-04-01T17:08:12Z" uid="1" user="OSMnx" version="1" changeset="1"><nd ref="6012830375" /><nd ref="6012830239" /><tag k="highway" v="steps" /><tag k="oneway" v="no" /></way><way id="396" timestamp="2026-04-01T17:08:12Z" uid="1" user="OSMnx" version="1" changeset="1"><nd ref="6013140259" /><nd ref="4713696543" /><tag k="highway" v="footway" /><tag k="oneway" v="no" /></way><way id="397" timestamp="2026-04-01T17:08:12Z" uid="1" user="OSMnx" version="1" changeset="1"><nd ref="6013140259" /><nd ref="6448135784" /><tag k="highway" v="footway" /><tag k="oneway" v="no" /></way><way id="398" timestamp="2026-04-01T17:08:12Z" uid="1" user="OSMnx" version="1" changeset="1"><nd ref="6013331112" /><nd ref="6013409817" /><tag k="highway" v="footway" /><tag k="oneway" v="no" /></way><way id="399" timestamp="2026-04-01T17:08:12Z" uid="1" user="OSMnx" version="1" changeset="1"><nd ref="6013331112" /><nd ref="6013337285" /><tag k="highway" v="footway" /><tag k="oneway" v="no" /></way><way id="400" timestamp="2026-04-01T17:08:12Z" uid="1" user="OSMnx" version="1" changeset="1"><nd ref="6013337285" /><nd ref="6013331112" /><tag k="highway" v="footway" /><tag k="oneway" v="no" /></way><way id="401" timestamp="2026-04-01T17:08:12Z" uid="1" user="OSMnx" version="1" changeset="1"><nd ref="6013337285" /><nd ref="8742615468" /><tag k="highway" v="footway" /><tag k="oneway" v="no" /></way><way id="402" timestamp="2026-04-01T17:08:12Z" uid="1" user="OSMnx" version="1" changeset="1"><nd ref="6013408869" /><nd ref="8809675605" /><tag k="highway" v="footway" /><tag k="oneway" v="no" /></way><way id="403" timestamp="2026-04-01T17:08:12Z" uid="1" user="OSMnx" version="1" changeset="1"><nd ref="6013408869" /><nd ref="6013409985" /><tag k="highway" v="footway" /><tag k="oneway" v="no" /></way><way id="404" timestamp="2026-04-01T17:08:12Z" uid="1" user="OSMnx" version="1" changeset="1"><nd ref="6013409817" /><nd ref="12587139959" /><tag k="highway" v="footway" /><tag k="oneway" v="no" /></way><way id="405" timestamp="2026-04-01T17:08:12Z" uid="1" user="OSMnx" version="1" changeset="1"><nd ref="6013409817" /><nd ref="6013331112" /><tag k="highway" v="footway" /><tag k="oneway" v="no" /></way><way id="406" timestamp="2026-04-01T17:08:12Z" uid="1" user="OSMnx" version="1" changeset="1"><nd ref="6013409817" /><nd ref="8809675606" /><tag k="highway" v="footway" /><tag k="oneway" v="no" /></way><way id="407" timestamp="2026-04-01T17:08:12Z" uid="1" user="OSMnx" version="1" changeset="1"><nd ref="6013409817" /><nd ref="8809675605" /><tag k="highway" v="footway" /><tag k="oneway" v="no" /></way><way id="408" timestamp="2026-04-01T17:08:12Z" uid="1" user="OSMnx" version="1" changeset="1"><nd ref="6013409985" /><nd ref="6013408869" /><tag k="highway" v="footway" /><tag k="oneway" v="no" /></way><way id="409" timestamp="2026-04-01T17:08:12Z" uid="1" user="OSMnx" version="1" changeset="1"><nd ref="6013409985" /><nd ref="6421274368" /><tag k="highway" v="footway" /><tag k="oneway" v="no" /></way><way id="410" timestamp="2026-04-01T17:08:12Z" uid="1" user="OSMnx" version="1" changeset="1"><nd ref="6013587610" /><nd ref="9782405965" /><tag k="highway" v="tertiary" /><tag k="name" v="南长街" /><tag k="oneway" v="no" /></way><way id="411" timestamp="2026-04-01T17:08:12Z" uid="1" user="OSMnx" version="1" changeset="1"><nd ref="6013587610" /><nd ref="733788907" /><tag k="highway" v="tertiary" /><tag k="name" v="南长街" /><tag k="oneway" v="no" /></way><way id="412" timestamp="2026-04-01T17:08:12Z" uid="1" user="OSMnx" version="1" changeset="1"><nd ref="6013897680" /><nd ref="1380342688" /><tag k="highway" v="footway" /><tag k="oneway" v="no" /></way><way id="413" timestamp="2026-04-01T17:08:12Z" uid="1" user="OSMnx" version="1" changeset="1"><nd ref="6013897680" /><nd ref="1380342663" /><tag k="highway" v="footway" /><tag k="oneway" v="no" /></way><way id="414" timestamp="2026-04-01T17:08:12Z" uid="1" user="OSMnx" version="1" changeset="1"><nd ref="6013898794" /><nd ref="6013898975" /><tag k="highway" v="footway" /><tag k="oneway" v="no" /></way><way id="415" timestamp="2026-04-01T17:08:12Z" uid="1" user="OSMnx" version="1" changeset="1"><nd ref="6013898794" /><nd ref="6013898974" /><tag k="highway" v="footway" /><tag k="oneway" v="no" /></way><way id="416" timestamp="2026-04-01T17:08:12Z" uid="1" user="OSMnx" version="1" changeset="1"><nd ref="6013898974" /><nd ref="8809675606" /><tag k="highway" v="footway" /><tag k="oneway" v="no" /></way><way id="417" timestamp="2026-04-01T17:08:12Z" uid="1" user="OSMnx" version="1" changeset="1"><nd ref="6013898974" /><nd ref="6013898794" /><tag k="highway" v="footway" /><tag k="oneway" v="no" /></way><way id="418" timestamp="2026-04-01T17:08:12Z" uid="1" user="OSMnx" version="1" changeset="1"><nd ref="6013898975" /><nd ref="5098276165" /><tag k="highway" v="footway" /><tag k="oneway" v="no" /></way><way id="419" timestamp="2026-04-01T17:08:12Z" uid="1" user="OSMnx" version="1" changeset="1"><nd ref="6013898975" /><nd ref="6013898794" /><tag k="highway" v="footway" /><tag k="oneway" v="no" /></way><way id="420" timestamp="2026-04-01T17:08:12Z" uid="1" user="OSMnx" version="1" changeset="1"><nd ref="6014879296" /><nd ref="6014883784" /><tag k="highway" v="footway" /><tag k="oneway" v="no" /></way><way id="421" timestamp="2026-04-01T17:08:12Z" uid="1" user="OSMnx" version="1" changeset="1"><nd ref="6014879296" /><nd ref="6421678394" /><tag k="highway" v="footway" /><tag k="oneway" v="no" /></way><way id="422" timestamp="2026-04-01T17:08:12Z" uid="1" user="OSMnx" version="1" changeset="1"><nd ref="6014883770" /><nd ref="6014883775" /><tag k="highway" v="footway" /><tag k="oneway" v="no" /></way><way id="423" timestamp="2026-04-01T17:08:12Z" uid="1" user="OSMnx" version="1" changeset="1"><nd ref="6014883770" /><nd ref="6421678394" /><tag k="highway" v="footway" /><tag k="oneway" v="no" /></way><way id="424" timestamp="2026-04-01T17:08:12Z" uid="1" user="OSMnx" version="1" changeset="1"><nd ref="6014883772" /><nd ref="6014884899" /><tag k="highway" v="footway" /><tag k="oneway" v="no" /></way><way id="425" timestamp="2026-04-01T17:08:12Z" uid="1" user="OSMnx" version="1" changeset="1"><nd ref="6014883772" /><nd ref="6014886964" /><tag k="highway" v="footway" /><tag k="oneway" v="no" /></way><way id="426" timestamp="2026-04-01T17:08:12Z" uid="1" user="OSMnx" version="1" changeset="1"><nd ref="6014883773" /><nd ref="6014887785" /><tag k="highway" v="footway" /><tag k="oneway" v="no" /></way><way id="427" timestamp="2026-04-01T17:08:12Z" uid="1" user="OSMnx" version="1" changeset="1"><nd ref="6014883773" /><nd ref="6421678393" /><tag k="highway" v="footway" /><tag k="oneway" v="no" /></way><way id="428" timestamp="2026-04-01T17:08:12Z" uid="1" user="OSMnx" version="1" changeset="1"><nd ref="6014883775" /><nd ref="6014883770" /><tag k="highway" v="footway" /><tag k="oneway" v="no" /></way><way id="429" timestamp="2026-04-01T17:08:12Z" uid="1" user="OSMnx" version="1" changeset="1"><nd ref="6014883775" /><nd ref="6014886965" /><tag k="highway" v="footway" /><tag k="oneway" v="no" /></way><way id="430" timestamp="2026-04-01T17:08:12Z" uid="1" user="OSMnx" version="1" changeset="1"><nd ref="6014883778" /><nd ref="6014886964" /><tag k="highway" v="footway" /><tag k="oneway" v="no" /></way><way id="431" timestamp="2026-04-01T17:08:12Z" uid="1" user="OSMnx" version="1" changeset="1"><nd ref="6014883778" /><nd ref="8742615461" /><tag k="highway" v="footway" /><tag k="oneway" v="no" /></way><way id="432" timestamp="2026-04-01T17:08:12Z" uid="1" user="OSMnx" version="1" changeset="1"><nd ref="6014883782" /><nd ref="8742615464" /><tag k="highway" v="footway" /><tag k="oneway" v="no" /></way><way id="433" timestamp="2026-04-01T17:08:12Z" uid="1" user="OSMnx" version="1" changeset="1"><nd ref="6014883782" /><nd ref="8742615463" /><tag k="highway" v="footway" /><tag k="oneway" v="no" /></way><way id="434" timestamp="2026-04-01T17:08:12Z" uid="1" user="OSMnx" version="1" changeset="1"><nd ref="6014883782" /><nd ref="8742615465" /><tag k="highway" v="footway" /><tag k="oneway" v="no" /></way><way id="435" timestamp="2026-04-01T17:08:12Z" uid="1" user="OSMnx" version="1" changeset="1"><nd ref="6014883784" /><nd ref="6014879296" /><tag k="highway" v="footway" /><tag k="oneway" v="no" /></way><way id="436" timestamp="2026-04-01T17:08:12Z" uid="1" user="OSMnx" version="1" changeset="1"><nd ref="6014883784" /><nd ref="8742615464" /><tag k="highway" v="footway" /><tag k="oneway" v="no" /></way><way id="437" timestamp="2026-04-01T17:08:12Z" uid="1" user="OSMnx" version="1" changeset="1"><nd ref="6014884899" /><nd ref="6421678393" /><tag k="highway" v="footway" /><tag k="oneway" v="no" /></way><way id="438" timestamp="2026-04-01T17:08:12Z" uid="1" user="OSMnx" version="1" changeset="1"><nd ref="6014884899" /><nd ref="6014883772" /><tag k="highway" v="footway" /><tag k="oneway" v="no" /></way><way id="439" timestamp="2026-04-01T17:08:12Z" uid="1" user="OSMnx" version="1" changeset="1"><nd ref="6014886151" /><nd ref="8742615462" /><tag k="highway" v="footway" /><tag k="oneway" v="no" /></way><way id="440" timestamp="2026-04-01T17:08:12Z" uid="1" user="OSMnx" version="1" changeset="1"><nd ref="6014886151" /><nd ref="6014886965" /><tag k="highway" v="footway" /><tag k="oneway" v="no" /></way><way id="441" timestamp="2026-04-01T17:08:12Z" uid="1" user="OSMnx" version="1" changeset="1"><nd ref="6014886153" /><nd ref="8742615461" /><tag k="highway" v="footway" /><tag k="oneway" v="no" /></way><way id="442" timestamp="2026-04-01T17:08:12Z" uid="1" user="OSMnx" version="1" changeset="1"><nd ref="6014886153" /><nd ref="8742615462" /><tag k="highway" v="footway" /><tag k="oneway" v="no" /></way><way id="443" timestamp="2026-04-01T17:08:12Z" uid="1" user="OSMnx" version="1" changeset="1"><nd ref="6014886964" /><nd ref="6014883772" /><tag k="highway" v="footway" /><tag k="oneway" v="no" /></way><way id="444" timestamp="2026-04-01T17:08:12Z" uid="1" user="OSMnx" version="1" changeset="1"><nd ref="6014886964" /><nd ref="6014883778" /><tag k="highway" v="footway" /><tag k="oneway" v="no" /></way><way id="445" timestamp="2026-04-01T17:08:12Z" uid="1" user="OSMnx" version="1" changeset="1"><nd ref="6014886965" /><nd ref="6014886151" /><tag k="highway" v="footway" /><tag k="oneway" v="no" /></way><way id="446" timestamp="2026-04-01T17:08:12Z" uid="1" user="OSMnx" version="1" changeset="1"><nd ref="6014886965" /><nd ref="6014883775" /><tag k="highway" v="footway" /><tag k="oneway" v="no" /></way><way id="447" timestamp="2026-04-01T17:08:12Z" uid="1" user="OSMnx" version="1" changeset="1"><nd ref="6014887785" /><nd ref="8742615463" /><tag k="highway" v="footway" /><tag k="oneway" v="no" /></way><way id="448" timestamp="2026-04-01T17:08:12Z" uid="1" user="OSMnx" version="1" changeset="1"><nd ref="6014887785" /><nd ref="6014883773" /><tag k="highway" v="footway" /><tag k="oneway" v="no" /></way><way id="449" timestamp="2026-04-01T17:08:12Z" uid="1" user="OSMnx" version="1" changeset="1"><nd ref="6014987295" /><nd ref="12587107269" /><tag k="highway" v="footway" /><tag k="oneway" v="no" /></way><way id="450" timestamp="2026-04-01T17:08:12Z" uid="1" user="OSMnx" version="1" changeset="1"><nd ref="6015099369" /><nd ref="6015099372" /><tag k="highway" v="footway" /><tag k="oneway" v="no" /></way><way id="451" timestamp="2026-04-01T17:08:12Z" uid="1" user="OSMnx" version="1" changeset="1"><nd ref="6015099369" /><nd ref="8809675607" /><tag k="highway" v="footway" /><tag k="oneway" v="no" /></way><way id="452" timestamp="2026-04-01T17:08:12Z" uid="1" user="OSMnx" version="1" changeset="1"><nd ref="6015099369" /><nd ref="6012452295" /><tag k="highway" v="footway" /><tag k="oneway" v="no" /></way><way id="453" timestamp="2026-04-01T17:08:12Z" uid="1" user="OSMnx" version="1" changeset="1"><nd ref="6015099371" /><nd ref="8809675607" /><tag k="highway" v="footway" /><tag k="oneway" v="no" /></way><way id="454" timestamp="2026-04-01T17:08:12Z" uid="1" user="OSMnx" version="1" changeset="1"><nd ref="6015099371" /><nd ref="1380342688" /><tag k="highway" v="footway" /><tag k="oneway" v="no" /></way><way id="455" timestamp="2026-04-01T17:08:12Z" uid="1" user="OSMnx" version="1" changeset="1"><nd ref="6015099371" /><nd ref="12587139959" /><tag k="highway" v="footway" /><tag k="oneway" v="no" /></way><way id="456" timestamp="2026-04-01T17:08:12Z" uid="1" user="OSMnx" version="1" changeset="1"><nd ref="6015099372" /><nd ref="6015099369" /><tag k="highway" v="footway" /><tag k="oneway" v="no" /></way><way id="457" timestamp="2026-04-01T17:08:12Z" uid="1" user="OSMnx" version="1" changeset="1"><nd ref="6015099372" /><nd ref="6012448768" /><tag k="highway" v="footway" /><tag k="oneway" v="no" /></way><way id="458" timestamp="2026-04-01T17:08:12Z" uid="1" user="OSMnx" version="1" changeset="1"><nd ref="6049100015" /><nd ref="6049100016" /><tag k="highway" v="footway" /><tag k="oneway" v="no" /></way><way id="459" timestamp="2026-04-01T17:08:12Z" uid="1" user="OSMnx" version="1" changeset="1"><nd ref="6049100015" /><nd ref="8742615470" /><tag k="highway" v="footway" /><tag k="oneway" v="no" /></way><way id="460" timestamp="2026-04-01T17:08:12Z" uid="1" user="OSMnx" version="1" changeset="1"><nd ref="6049100016" /><nd ref="6049100017" /><tag k="highway" v="footway" /><tag k="oneway" v="no" /></way><way id="461" timestamp="2026-04-01T17:08:12Z" uid="1" user="OSMnx" version="1" changeset="1"><nd ref="6049100016" /><nd ref="6049100015" /><tag k="highway" v="footway" /><tag k="oneway" v="no" /></way><way id="462" timestamp="2026-04-01T17:08:12Z" uid="1" user="OSMnx" version="1" changeset="1"><nd ref="6049100016" /><nd ref="6049100020" /><tag k="highway" v="footway" /><tag k="oneway" v="no" /></way><way id="463" timestamp="2026-04-01T17:08:12Z" uid="1" user="OSMnx" version="1" changeset="1"><nd ref="6049100017" /><nd ref="6049100018" /><tag k="highway" v="footway" /><tag k="oneway" v="no" /></way><way id="464" timestamp="2026-04-01T17:08:12Z" uid="1" user="OSMnx" version="1" changeset="1"><nd ref="6049100017" /><nd ref="6049100016" /><tag k="highway" v="footway" /><tag k="oneway" v="no" /></way><way id="465" timestamp="2026-04-01T17:08:12Z" uid="1" user="OSMnx" version="1" changeset="1"><nd ref="6049100018" /><nd ref="6049100019" /><tag k="highway" v="footway" /><tag k="oneway" v="no" /></way><way id="466" timestamp="2026-04-01T17:08:12Z" uid="1" user="OSMnx" version="1" changeset="1"><nd ref="6049100018" /><nd ref="6049100017" /><tag k="highway" v="footway" /><tag k="oneway" v="no" /></way><way id="467" timestamp="2026-04-01T17:08:12Z" uid="1" user="OSMnx" version="1" changeset="1"><nd ref="6049100019" /><nd ref="6049100020" /><tag k="highway" v="footway" /><tag k="oneway" v="no" /></way><way id="468" timestamp="2026-04-01T17:08:12Z" uid="1" user="OSMnx" version="1" changeset="1"><nd ref="6049100019" /><nd ref="6049100018" /><tag k="highway" v="footway" /><tag k="oneway" v="no" /></way><way id="469" timestamp="2026-04-01T17:08:12Z" uid="1" user="OSMnx" version="1" changeset="1"><nd ref="6049100020" /><nd ref="6049100016" /><tag k="highway" v="footway" /><tag k="oneway" v="no" /></way><way id="470" timestamp="2026-04-01T17:08:12Z" uid="1" user="OSMnx" version="1" changeset="1"><nd ref="6049100020" /><nd ref="6049100019" /><tag k="highway" v="footway" /><tag k="oneway" v="no" /></way><way id="471" timestamp="2026-04-01T17:08:12Z" uid="1" user="OSMnx" version="1" changeset="1"><nd ref="6095524402" /><nd ref="6419521210" /><tag k="highway" v="footway" /><tag k="oneway" v="no" /></way><way id="472" timestamp="2026-04-01T17:08:12Z" uid="1" user="OSMnx" version="1" changeset="1"><nd ref="6095524402" /><nd ref="6095524406" /><tag k="highway" v="footway" /><tag k="oneway" v="no" /></way><way id="473" timestamp="2026-04-01T17:08:12Z" uid="1" user="OSMnx" version="1" changeset="1"><nd ref="6095524404" /><nd ref="6095524406" /><tag k="highway" v="footway" /><tag k="oneway" v="no" /></way><way id="474" timestamp="2026-04-01T17:08:12Z" uid="1" user="OSMnx" version="1" changeset="1"><nd ref="6095524404" /><nd ref="6419521208" /><tag k="highway" v="footway" /><tag k="oneway" v="no" /></way><way id="475" timestamp="2026-04-01T17:08:12Z" uid="1" user="OSMnx" version="1" changeset="1"><nd ref="6095524404" /><nd ref="755823892" /><tag k="highway" v="footway" /><tag k="oneway" v="no" /></way><way id="476" timestamp="2026-04-01T17:08:12Z" uid="1" user="OSMnx" version="1" changeset="1"><nd ref="6095524406" /><nd ref="6095524402" /><tag k="highway" v="footway" /><tag k="oneway" v="no" /></way><way id="477" timestamp="2026-04-01T17:08:12Z" uid="1" user="OSMnx" version="1" changeset="1"><nd ref="6095524406" /><nd ref="6095524404" /><tag k="highway" v="footway" /><tag k="oneway" v="no" /></way><way id="478" timestamp="2026-04-01T17:08:12Z" uid="1" user="OSMnx" version="1" changeset="1"><nd ref="6095524406" /><nd ref="6419521207" /><tag k="highway" v="footway" /><tag k="oneway" v="no" /></way><way id="479" timestamp="2026-04-01T17:08:12Z" uid="1" user="OSMnx" version="1" changeset="1"><nd ref="6095524415" /><nd ref="6095524425" /><tag k="highway" v="footway" /><tag k="oneway" v="no" /></way><way id="480" timestamp="2026-04-01T17:08:12Z" uid="1" user="OSMnx" version="1" changeset="1"><nd ref="6095524415" /><nd ref="755823892" /><tag k="highway" v="footway" /><tag k="oneway" v="no" /></way><way id="481" timestamp="2026-04-01T17:08:12Z" uid="1" user="OSMnx" version="1" changeset="1"><nd ref="6095524415" /><nd ref="6421274367" /><tag k="highway" v="footway" /><tag k="oneway" v="no" /></way><way id="482" timestamp="2026-04-01T17:08:12Z" uid="1" user="OSMnx" version="1" changeset="1"><nd ref="6095524421" /><nd ref="6440375808" /><tag k="highway" v="footway" /><tag k="oneway" v="no" /></way><way id="483" timestamp="2026-04-01T17:08:12Z" uid="1" user="OSMnx" version="1" changeset="1"><nd ref="6095524421" /><nd ref="6095524423" /><tag k="highway" v="footway" /><tag k="oneway" v="no" /></way><way id="484" timestamp="2026-04-01T17:08:12Z" uid="1" user="OSMnx" version="1" changeset="1"><nd ref="6095524421" /><nd ref="6421400546" /><tag k="highway" v="footway" /><tag k="oneway" v="no" /></way><way id="485" timestamp="2026-04-01T17:08:12Z" uid="1" user="OSMnx" version="1" changeset="1"><nd ref="6095524423" /><nd ref="6095524421" /><tag k="highway" v="footway" /><tag k="oneway" v="no" /></way><way id="486" timestamp="2026-04-01T17:08:12Z" uid="1" user="OSMnx" version="1" changeset="1"><nd ref="6095524423" /><nd ref="6095524425" /><tag k="highway" v="footway" /><tag k="oneway" v="no" /></way><way id="487" timestamp="2026-04-01T17:08:12Z" uid="1" user="OSMnx" version="1" changeset="1"><nd ref="6095524425" /><nd ref="6095524423" /><tag k="highway" v="footway" /><tag k="oneway" v="no" /></way><way id="488" timestamp="2026-04-01T17:08:12Z" uid="1" user="OSMnx" version="1" changeset="1"><nd ref="6095524425" /><nd ref="6095524415" /><tag k="highway" v="footway" /><tag k="oneway" v="no" /></way><way id="489" timestamp="2026-04-01T17:08:12Z" uid="1" user="OSMnx" version="1" changeset="1"><nd ref="6095524425" /><nd ref="6421400545" /><tag k="highway" v="footway" /><tag k="oneway" v="no" /></way><way id="490" timestamp="2026-04-01T17:08:12Z" uid="1" user="OSMnx" version="1" changeset="1"><nd ref="6098763903" /><nd ref="6098763907" /><tag k="highway" v="footway" /><tag k="oneway" v="no" /></way><way id="491" timestamp="2026-04-01T17:08:12Z" uid="1" user="OSMnx" version="1" changeset="1"><nd ref="6098763903" /><nd ref="6447766265" /><tag k="highway" v="footway" /><tag k="oneway" v="no" /></way><way id="492" timestamp="2026-04-01T17:08:12Z" uid="1" user="OSMnx" version="1" changeset="1"><nd ref="6098763904" /><nd ref="6098772434" /><tag k="highway" v="footway" /><tag k="oneway" v="no" /></way><way id="493" timestamp="2026-04-01T17:08:12Z" uid="1" user="OSMnx" version="1" changeset="1"><nd ref="6098763904" /><nd ref="6098763907" /><tag k="highway" v="footway" /><tag k="oneway" v="no" /></way><way id="494" timestamp="2026-04-01T17:08:12Z" uid="1" user="OSMnx" version="1" changeset="1"><nd ref="6098763904" /><nd ref="6447768038" /><tag k="highway" v="footway" /><tag k="oneway" v="no" /></way><way id="495" timestamp="2026-04-01T17:08:12Z" uid="1" user="OSMnx" version="1" changeset="1"><nd ref="6098763905" /><nd ref="6098772437" /><tag k="highway" v="footway" /><tag k="oneway" v="no" /></way><way id="496" timestamp="2026-04-01T17:08:12Z" uid="1" user="OSMnx" version="1" changeset="1"><nd ref="6098763905" /><nd ref="6098772434" /><tag k="highway" v="footway" /><tag k="oneway" v="no" /></way><way id="497" timestamp="2026-04-01T17:08:12Z" uid="1" user="OSMnx" version="1" changeset="1"><nd ref="6098763905" /><nd ref="6098763909" /><tag k="highway" v="footway" /><tag k="oneway" v="no" /></way><way id="498" timestamp="2026-04-01T17:08:12Z" uid="1" user="OSMnx" version="1" changeset="1"><nd ref="6098763906" /><nd ref="6098772437" /><tag k="highway" v="footway" /><tag k="oneway" v="no" /></way><way id="499" timestamp="2026-04-01T17:08:12Z" uid="1" user="OSMnx" version="1" changeset="1"><nd ref="6098763906" /><nd ref="6447768047" /><tag k="highway" v="footway" /><tag k="oneway" v="no" /></way><way id="500" timestamp="2026-04-01T17:08:12Z" uid="1" user="OSMnx" version="1" changeset="1"><nd ref="6098763907" /><nd ref="6098763904" /><tag k="highway" v="footway" /><tag k="oneway" v="no" /></way><way id="501" timestamp="2026-04-01T17:08:12Z" uid="1" user="OSMnx" version="1" changeset="1"><nd ref="6098763907" /><nd ref="6098763903" /><tag k="highway" v="footway" /><tag k="oneway" v="no" /></way><way id="502" timestamp="2026-04-01T17:08:12Z" uid="1" user="OSMnx" version="1" changeset="1"><nd ref="6098763907" /><nd ref="6447768046" /><tag k="highway" v="footway" /><tag k="oneway" v="no" /></way><way id="503" timestamp="2026-04-01T17:08:12Z" uid="1" user="OSMnx" version="1" changeset="1"><nd ref="6098763909" /><nd ref="6098763905" /><tag k="highway" v="footway" /><tag k="oneway" v="no" /></way><way id="504" timestamp="2026-04-01T17:08:12Z" uid="1" user="OSMnx" version="1" changeset="1"><nd ref="6098772393" /><nd ref="5098276161" /><tag k="highway" v="footway" /><tag k="oneway" v="no" /></way><way id="505" timestamp="2026-04-01T17:08:12Z" uid="1" user="OSMnx" version="1" changeset="1"><nd ref="6098772393" /><nd ref="5098276162" /><tag k="highway" v="footway" /><tag k="oneway" v="no" /></way><way id="506" timestamp="2026-04-01T17:08:12Z" uid="1" user="OSMnx" version="1" changeset="1"><nd ref="6098772393" /><nd ref="6445658030" /><tag k="highway" v="footway" /><tag k="oneway" v="no" /></way><way id="507" timestamp="2026-04-01T17:08:12Z" uid="1" user="OSMnx" version="1" changeset="1"><nd ref="6098772425" /><nd ref="6447785348" /><tag k="highway" v="footway" /><tag k="oneway" v="no" /></way><way id="508" timestamp="2026-04-01T17:08:12Z" uid="1" user="OSMnx" version="1" changeset="1"><nd ref="6098772425" /><nd ref="6445658032" /><tag k="highway" v="footway" /><tag k="oneway" v="no" /></way><way id="509" timestamp="2026-04-01T17:08:12Z" uid="1" user="OSMnx" version="1" changeset="1"><nd ref="6098772428" /><nd ref="6447768080" /><tag k="highway" v="footway" /><tag k="oneway" v="no" /></way><way id="510" timestamp="2026-04-01T17:08:12Z" uid="1" user="OSMnx" version="1" changeset="1"><nd ref="6098772428" /><nd ref="6447768079" /><tag k="highway" v="footway" /><tag k="oneway" v="no" /></way><way id="511" timestamp="2026-04-01T17:08:12Z" uid="1" user="OSMnx" version="1" changeset="1"><nd ref="6098772429" /><nd ref="6098772430" /><tag k="highway" v="footway" /><tag k="oneway" v="no" /></way><way id="512" timestamp="2026-04-01T17:08:12Z" uid="1" user="OSMnx" version="1" changeset="1"><nd ref="6098772429" /><nd ref="6447768080" /><tag k="highway" v="footway" /><tag k="oneway" v="no" /></way><way id="513" timestamp="2026-04-01T17:08:12Z" uid="1" user="OSMnx" version="1" changeset="1"><nd ref="6098772430" /><nd ref="6447768061" /><tag k="highway" v="footway" /><tag k="oneway" v="no" /></way><way id="514" timestamp="2026-04-01T17:08:12Z" uid="1" user="OSMnx" version="1" changeset="1"><nd ref="6098772430" /><nd ref="6098772429" /><tag k="highway" v="footway" /><tag k="oneway" v="no" /></way><way id="515" timestamp="2026-04-01T17:08:12Z" uid="1" user="OSMnx" version="1" changeset="1"><nd ref="6098772432" /><nd ref="6098772433" /><tag k="highway" v="footway" /><tag k="oneway" v="no" /></way><way id="516" timestamp="2026-04-01T17:08:12Z" uid="1" user="OSMnx" version="1" changeset="1"><nd ref="6098772432" /><nd ref="6447768062" /><tag k="highway" v="footway" /><tag k="oneway" v="no" /></way><way id="517" timestamp="2026-04-01T17:08:12Z" uid="1" user="OSMnx" version="1" changeset="1"><nd ref="6098772433" /><nd ref="6098772436" /><tag k="highway" v="footway" /><tag k="oneway" v="no" /></way><way id="518" timestamp="2026-04-01T17:08:12Z" uid="1" user="OSMnx" version="1" changeset="1"><nd ref="6098772433" /><nd ref="6098772432" /><tag k="highway" v="footway" /><tag k="oneway" v="no" /></way><way id="519" timestamp="2026-04-01T17:08:12Z" uid="1" user="OSMnx" version="1" changeset="1"><nd ref="6098772434" /><nd ref="6098763905" /><tag k="highway" v="footway" /><tag k="oneway" v="no" /></way><way id="520" timestamp="2026-04-01T17:08:12Z" uid="1" user="OSMnx" version="1" changeset="1"><nd ref="6098772434" /><nd ref="6098763904" /><tag k="highway" v="footway" /><tag k="oneway" v="no" /></way><way id="521" timestamp="2026-04-01T17:08:12Z" uid="1" user="OSMnx" version="1" changeset="1"><nd ref="6098772436" /><nd ref="6098772437" /><tag k="highway" v="footway" /><tag k="oneway" v="no" /></way><way id="522" timestamp="2026-04-01T17:08:12Z" uid="1" user="OSMnx" version="1" changeset="1"><nd ref="6098772436" /><nd ref="6447766262" /><tag k="highway" v="footway" /><tag k="oneway" v="no" /></way><way id="523" timestamp="2026-04-01T17:08:12Z" uid="1" user="OSMnx" version="1" changeset="1"><nd ref="6098772436" /><nd ref="6447766267" /><tag k="highway" v="footway" /><tag k="oneway" v="no" /></way><way id="524" timestamp="2026-04-01T17:08:12Z" uid="1" user="OSMnx" version="1" changeset="1"><nd ref="6098772436" /><nd ref="6098772433" /><tag k="highway" v="footway" /><tag k="oneway" v="no" /></way><way id="525" timestamp="2026-04-01T17:08:12Z" uid="1" user="OSMnx" version="1" changeset="1"><nd ref="6098772437" /><nd ref="6098763906" /><tag k="highway" v="footway" /><tag k="oneway" v="no" /></way><way id="526" timestamp="2026-04-01T17:08:12Z" uid="1" user="OSMnx" version="1" changeset="1"><nd ref="6098772437" /><nd ref="6098763905" /><tag k="highway" v="footway" /><tag k="oneway" v="no" /></way><way id="527" timestamp="2026-04-01T17:08:12Z" uid="1" user="OSMnx" version="1" changeset="1"><nd ref="6098772437" /><nd ref="6447766279" /><tag k="highway" v="footway" /><tag k="oneway" v="no" /></way><way id="528" timestamp="2026-04-01T17:08:12Z" uid="1" user="OSMnx" version="1" changeset="1"><nd ref="6098772437" /><nd ref="6098772436" /><tag k="highway" v="footway" /><tag k="oneway" v="no" /></way><way id="529" timestamp="2026-04-01T17:08:12Z" uid="1" user="OSMnx" version="1" changeset="1"><nd ref="6098822153" /><nd ref="6447768065" /><tag k="highway" v="footway" /><tag k="oneway" v="no" /></way><way id="530" timestamp="2026-04-01T17:08:12Z" uid="1" user="OSMnx" version="1" changeset="1"><nd ref="6098822153" /><nd ref="6447768077" /><tag k="highway" v="footway" /><tag k="oneway" v="no" /></way><way id="531" timestamp="2026-04-01T17:08:12Z" uid="1" user="OSMnx" version="1" changeset="1"><nd ref="6098822154" /><nd ref="6447768053" /><tag k="highway" v="footway" /><tag k="oneway" v="no" /></way><way id="532" timestamp="2026-04-01T17:08:12Z" uid="1" user="OSMnx" version="1" changeset="1"><nd ref="6098822183" /><nd ref="6447783880" /><tag k="highway" v="footway" /><tag k="oneway" v="no" /></way><way id="533" timestamp="2026-04-01T17:08:12Z" uid="1" user="OSMnx" version="1" changeset="1"><nd ref="6098822183" /><nd ref="6098822184" /><tag k="highway" v="footway" /><tag k="oneway" v="no" /></way><way id="534" timestamp="2026-04-01T17:08:12Z" uid="1" user="OSMnx" version="1" changeset="1"><nd ref="6098822183" /><nd ref="9492340884" /><tag k="highway" v="steps" /><tag k="oneway" v="no" /></way><way id="535" timestamp="2026-04-01T17:08:12Z" uid="1" user="OSMnx" version="1" changeset="1"><nd ref="6098822184" /><nd ref="6098822285" /><tag k="highway" v="footway" /><tag k="oneway" v="no" /></way><way id="536" timestamp="2026-04-01T17:08:12Z" uid="1" user="OSMnx" version="1" changeset="1"><nd ref="6098822184" /><nd ref="6098822183" /><tag k="highway" v="footway" /><tag k="oneway" v="no" /></way><way id="537" timestamp="2026-04-01T17:08:12Z" uid="1" user="OSMnx" version="1" changeset="1"><nd ref="6098822184" /><nd ref="6098822287" /><tag k="highway" v="footway" /><tag k="oneway" v="no" /></way><way id="538" timestamp="2026-04-01T17:08:12Z" uid="1" user="OSMnx" version="1" changeset="1"><nd ref="6098822184" /><nd ref="6447768077" /><tag k="highway" v="footway" /><tag k="oneway" v="no" /></way><way id="539" timestamp="2026-04-01T17:08:12Z" uid="1" user="OSMnx" version="1" changeset="1"><nd ref="6098822285" /><nd ref="6447766262" /><tag k="highway" v="footway" /><tag k="oneway" v="no" /></way><way id="540" timestamp="2026-04-01T17:08:12Z" uid="1" user="OSMnx" version="1" changeset="1"><nd ref="6098822285" /><nd ref="6098822286" /><tag k="highway" v="footway" /><tag k="oneway" v="no" /></way><way id="541" timestamp="2026-04-01T17:08:12Z" uid="1" user="OSMnx" version="1" changeset="1"><nd ref="6098822285" /><nd ref="6098822184" /><tag k="highway" v="footway" /><tag k="oneway" v="no" /></way><way id="542" timestamp="2026-04-01T17:08:12Z" uid="1" user="OSMnx" version="1" changeset="1"><nd ref="6098822285" /><nd ref="9492340874" /><tag k="highway" v="steps" /><tag k="oneway" v="no" /></way><way id="543" timestamp="2026-04-01T17:08:12Z" uid="1" user="OSMnx" version="1" changeset="1"><nd ref="6098822286" /><nd ref="6447766263" /><tag k="highway" v="footway" /><tag k="oneway" v="no" /></way><way id="544" timestamp="2026-04-01T17:08:12Z" uid="1" user="OSMnx" version="1" changeset="1"><nd ref="6098822286" /><nd ref="6418821999" /><tag k="highway" v="footway" /><tag k="oneway" v="no" /></way><way id="545" timestamp="2026-04-01T17:08:12Z" uid="1" user="OSMnx" version="1" changeset="1"><nd ref="6098822286" /><nd ref="6098822285" /><tag k="highway" v="footway" /><tag k="oneway" v="no" /></way><way id="546" timestamp="2026-04-01T17:08:12Z" uid="1" user="OSMnx" version="1" changeset="1"><nd ref="6098822287" /><nd ref="6447766264" /><tag k="highway" v="footway" /><tag k="oneway" v="no" /></way><way id="547" timestamp="2026-04-01T17:08:12Z" uid="1" user="OSMnx" version="1" changeset="1"><nd ref="6098822287" /><nd ref="6098822184" /><tag k="highway" v="footway" /><tag k="oneway" v="no" /></way><way id="548" timestamp="2026-04-01T17:08:12Z" uid="1" user="OSMnx" version="1" changeset="1"><nd ref="6098822295" /><nd ref="6445658026" /><tag k="highway" v="footway" /><tag k="oneway" v="no" /></way><way id="549" timestamp="2026-04-01T17:08:12Z" uid="1" user="OSMnx" version="1" changeset="1"><nd ref="6098822295" /><nd ref="11182317990" /><tag k="highway" v="footway" /><tag k="oneway" v="no" /></way><way id="550" timestamp="2026-04-01T17:08:12Z" uid="1" user="OSMnx" version="1" changeset="1"><nd ref="6098824824" /><nd ref="6098824825" /><tag k="highway" v="service" /><tag k="oneway" v="no" /></way><way id="551" timestamp="2026-04-01T17:08:12Z" uid="1" user="OSMnx" version="1" changeset="1"><nd ref="6098824824" /><nd ref="12587139902" /><tag k="highway" v="service" /><tag k="oneway" v="no" /></way><way id="552" timestamp="2026-04-01T17:08:12Z" uid="1" user="OSMnx" version="1" changeset="1"><nd ref="6098824825" /><nd ref="6098824824" /><tag k="highway" v="service" /><tag k="oneway" v="no" /></way><way id="553" timestamp="2026-04-01T17:08:12Z" uid="1" user="OSMnx" version="1" changeset="1"><nd ref="6105550932" /><nd ref="6105550934" /><tag k="highway" v="service" /><tag k="oneway" v="no" /></way><way id="554" timestamp="2026-04-01T17:08:12Z" uid="1" user="OSMnx" version="1" changeset="1"><nd ref="6105550934" /><nd ref="6105550935" /><tag k="highway" v="service" /><tag k="oneway" v="no" /></way><way id="555" timestamp="2026-04-01T17:08:12Z" uid="1" user="OSMnx" version="1" changeset="1"><nd ref="6105550934" /><nd ref="6105550932" /><tag k="highway" v="service" /><tag k="oneway" v="no" /></way><way id="556" timestamp="2026-04-01T17:08:12Z" uid="1" user="OSMnx" version="1" changeset="1"><nd ref="6105550935" /><nd ref="733788806" /><tag k="highway" v="residential" /><tag k="name" v="大宴乐胡同" /><tag k="oneway" v="no" /></way><way id="557" timestamp="2026-04-01T17:08:12Z" uid="1" user="OSMnx" version="1" changeset="1"><nd ref="6105550935" /><nd ref="6105550934" /><tag k="highway" v="service" /><tag k="oneway" v="no" /></way><way id="558" timestamp="2026-04-01T17:08:12Z" uid="1" user="OSMnx" version="1" changeset="1"><nd ref="6111475091" /><nd ref="9378895556" /><tag k="highway" v="tertiary" /><tag k="name" v="南长街" /><tag k="oneway" v="no" /></way><way id="559" timestamp="2026-04-01T17:08:12Z" uid="1" user="OSMnx" version="1" changeset="1"><nd ref="6111475091" /><nd ref="6111475092" /><tag k="highway" v="service" /><tag k="oneway" v="no" /></way><way id="560" timestamp="2026-04-01T17:08:12Z" uid="1" user="OSMnx" version="1" changeset="1"><nd ref="6111475092" /><nd ref="6111475091" /><tag k="highway" v="service" /><tag k="oneway" v="no" /></way><way id="561" timestamp="2026-04-01T17:08:12Z" uid="1" user="OSMnx" version="1" changeset="1"><nd ref="6297254545" /><nd ref="321606827" /><tag k="highway" v="steps" /><tag k="oneway" v="no" /></way><way id="562" timestamp="2026-04-01T17:08:12Z" uid="1" user="OSMnx" version="1" changeset="1"><nd ref="6297254545" /><nd ref="321606826" /><tag k="highway" v="steps" /><tag k="oneway" v="no" /></way><way id="563" timestamp="2026-04-01T17:08:12Z" uid="1" user="OSMnx" version="1" changeset="1"><nd ref="6297254545" /><nd ref="4710347262" /><tag k="highway" v="footway" /><tag k="oneway" v="no" /></way><way id="564" timestamp="2026-04-01T17:08:12Z" uid="1" user="OSMnx" version="1" changeset="1"><nd ref="6330166504" /><nd ref="6330166505" /><tag k="highway" v="footway" /><tag k="name" v="外金水桥" /><tag k="oneway" v="no" /></way><way id="565" timestamp="2026-04-01T17:08:12Z" uid="1" user="OSMnx" version="1" changeset="1"><nd ref="6330166504" /><nd ref="4710347360" /><tag k="highway" v="footway" /><tag k="oneway" v="no" /></way><way id="566" timestamp="2026-04-01T17:08:12Z" uid="1" user="OSMnx" version="1" changeset="1"><nd ref="6330166505" /><nd ref="6330166504" /><tag k="highway" v="footway" /><tag k="name" v="外金水桥" /><tag k="oneway" v="no" /></way><way id="567" timestamp="2026-04-01T17:08:12Z" uid="1" user="OSMnx" version="1" changeset="1"><nd ref="6330166505" /><nd ref="6421450373" /><tag k="highway" v="footway" /><tag k="oneway" v="no" /></way><way id="568" timestamp="2026-04-01T17:08:12Z" uid="1" user="OSMnx" version="1" changeset="1"><nd ref="6416115436" /><nd ref="6416115437" /><tag k="highway" v="footway" /><tag k="oneway" v="no" /></way><way id="569" timestamp="2026-04-01T17:08:12Z" uid="1" user="OSMnx" version="1" changeset="1"><nd ref="6416115436" /><nd ref="6416115448" /><tag k="highway" v="footway" /><tag k="oneway" v="no" /></way><way id="570" timestamp="2026-04-01T17:08:12Z" uid="1" user="OSMnx" version="1" changeset="1"><nd ref="6416115437" /><nd ref="6416115436" /><tag k="highway" v="footway" /><tag k="oneway" v="no" /></way><way id="571" timestamp="2026-04-01T17:08:12Z" uid="1" user="OSMnx" version="1" changeset="1"><nd ref="6416115437" /><nd ref="6416115447" /><tag k="highway" v="footway" /><tag k="oneway" v="no" /></way><way id="572" timestamp="2026-04-01T17:08:12Z" uid="1" user="OSMnx" version="1" changeset="1"><nd ref="6416115438" /><nd ref="6416115439" /><tag k="highway" v="footway" /><tag k="oneway" v="no" /></way><way id="573" timestamp="2026-04-01T17:08:12Z" uid="1" user="OSMnx" version="1" changeset="1"><nd ref="6416115438" /><nd ref="6416115453" /><tag k="highway" v="footway" /><tag k="oneway" v="no" /></way><way id="574" timestamp="2026-04-01T17:08:12Z" uid="1" user="OSMnx" version="1" changeset="1"><nd ref="6416115439" /><nd ref="6416115454" /><tag k="highway" v="footway" /><tag k="oneway" v="no" /></way><way id="575" timestamp="2026-04-01T17:08:12Z" uid="1" user="OSMnx" version="1" changeset="1"><nd ref="6416115439" /><nd ref="6416115438" /><tag k="highway" v="footway" /><tag k="oneway" v="no" /></way><way id="576" timestamp="2026-04-01T17:08:12Z" uid="1" user="OSMnx" version="1" changeset="1"><nd ref="6416115440" /><nd ref="6416115441" /><tag k="highway" v="footway" /><tag k="oneway" v="no" /></way><way id="577" timestamp="2026-04-01T17:08:12Z" uid="1" user="OSMnx" version="1" changeset="1"><nd ref="6416115440" /><nd ref="6416115451" /><tag k="highway" v="footway" /><tag k="oneway" v="no" /></way><way id="578" timestamp="2026-04-01T17:08:12Z" uid="1" user="OSMnx" version="1" changeset="1"><nd ref="6416115441" /><nd ref="6416115440" /><tag k="highway" v="footway" /><tag k="oneway" v="no" /></way><way id="579" timestamp="2026-04-01T17:08:12Z" uid="1" user="OSMnx" version="1" changeset="1"><nd ref="6416115441" /><nd ref="6416115452" /><tag k="highway" v="footway" /><tag k="oneway" v="no" /></way><way id="580" timestamp="2026-04-01T17:08:12Z" uid="1" user="OSMnx" version="1" changeset="1"><nd ref="6416115442" /><nd ref="6416115449" /><tag k="highway" v="footway" /><tag k="oneway" v="no" /></way><way id="581" timestamp="2026-04-01T17:08:12Z" uid="1" user="OSMnx" version="1" changeset="1"><nd ref="6416115442" /><nd ref="6416115443" /><tag k="highway" v="footway" /><tag k="oneway" v="no" /></way><way id="582" timestamp="2026-04-01T17:08:12Z" uid="1" user="OSMnx" version="1" changeset="1"><nd ref="6416115443" /><nd ref="6416115442" /><tag k="highway" v="footway" /><tag k="oneway" v="no" /></way><way id="583" timestamp="2026-04-01T17:08:12Z" uid="1" user="OSMnx" version="1" changeset="1"><nd ref="6416115443" /><nd ref="6416115450" /><tag k="highway" v="footway" /><tag k="oneway" v="no" /></way><way id="584" timestamp="2026-04-01T17:08:12Z" uid="1" user="OSMnx" version="1" changeset="1"><nd ref="6416115444" /><nd ref="6416115445" /><tag k="highway" v="footway" /><tag k="oneway" v="no" /></way><way id="585" timestamp="2026-04-01T17:08:12Z" uid="1" user="OSMnx" version="1" changeset="1"><nd ref="6416115444" /><nd ref="6416115449" /><tag k="highway" v="footway" /><tag k="oneway" v="no" /></way><way id="586" timestamp="2026-04-01T17:08:12Z" uid="1" user="OSMnx" version="1" changeset="1"><nd ref="6416115444" /><nd ref="6416115507" /><tag k="highway" v="footway" /><tag k="oneway" v="no" /></way><way id="587" timestamp="2026-04-01T17:08:12Z" uid="1" user="OSMnx" version="1" changeset="1"><nd ref="6416115444" /><nd ref="6416115501" /><tag k="highway" v="footway" /><tag k="oneway" v="no" /></way><way id="588" timestamp="2026-04-01T17:08:12Z" uid="1" user="OSMnx" version="1" changeset="1"><nd ref="6416115445" /><nd ref="6416115446" /><tag k="highway" v="footway" /><tag k="oneway" v="no" /></way><way id="589" timestamp="2026-04-01T17:08:12Z" uid="1" user="OSMnx" version="1" changeset="1"><nd ref="6416115445" /><nd ref="6416115444" /><tag k="highway" v="footway" /><tag k="oneway" v="no" /></way><way id="590" timestamp="2026-04-01T17:08:12Z" uid="1" user="OSMnx" version="1" changeset="1"><nd ref="6416115445" /><nd ref="6416115508" /><tag k="highway" v="footway" /><tag k="oneway" v="no" /></way><way id="591" timestamp="2026-04-01T17:08:12Z" uid="1" user="OSMnx" version="1" changeset="1"><nd ref="6416115445" /><nd ref="6416115504" /><tag k="highway" v="footway" /><tag k="oneway" v="no" /></way><way id="592" timestamp="2026-04-01T17:08:12Z" uid="1" user="OSMnx" version="1" changeset="1"><nd ref="6416115446" /><nd ref="6416115447" /><tag k="highway" v="footway" /><tag k="oneway" v="no" /></way><way id="593" timestamp="2026-04-01T17:08:12Z" uid="1" user="OSMnx" version="1" changeset="1"><nd ref="6416115446" /><nd ref="6416115445" /><tag k="highway" v="footway" /><tag k="oneway" v="no" /></way><way id="594" timestamp="2026-04-01T17:08:12Z" uid="1" user="OSMnx" version="1" changeset="1"><nd ref="6416115446" /><nd ref="6416115505" /><tag k="highway" v="footway" /><tag k="oneway" v="no" /></way><way id="595" timestamp="2026-04-01T17:08:12Z" uid="1" user="OSMnx" version="1" changeset="1"><nd ref="6416115446" /><nd ref="6416115509" /><tag k="highway" v="footway" /><tag k="oneway" v="no" /></way><way id="596" timestamp="2026-04-01T17:08:12Z" uid="1" user="OSMnx" version="1" changeset="1"><nd ref="6416115447" /><nd ref="6416115453" /><tag k="highway" v="footway" /><tag k="oneway" v="no" /></way><way id="597" timestamp="2026-04-01T17:08:12Z" uid="1" user="OSMnx" version="1" changeset="1"><nd ref="6416115447" /><nd ref="6416115446" /><tag k="highway" v="footway" /><tag k="oneway" v="no" /></way><way id="598" timestamp="2026-04-01T17:08:12Z" uid="1" user="OSMnx" version="1" changeset="1"><nd ref="6416115447" /><nd ref="6419511860" /><tag k="highway" v="footway" /><tag k="oneway" v="no" /></way><way id="599" timestamp="2026-04-01T17:08:12Z" uid="1" user="OSMnx" version="1" changeset="1"><nd ref="6416115447" /><nd ref="6416115437" /><tag k="highway" v="footway" /><tag k="oneway" v="no" /></way><way id="600" timestamp="2026-04-01T17:08:12Z" uid="1" user="OSMnx" version="1" changeset="1"><nd ref="6416115448" /><nd ref="6416115436" /><tag k="highway" v="footway" /><tag k="oneway" v="no" /></way><way id="601" timestamp="2026-04-01T17:08:12Z" uid="1" user="OSMnx" version="1" changeset="1"><nd ref="6416115448" /><nd ref="6421720157" /><tag k="highway" v="footway" /><tag k="oneway" v="no" /></way><way id="602" timestamp="2026-04-01T17:08:12Z" uid="1" user="OSMnx" version="1" changeset="1"><nd ref="6416115448" /><nd ref="6416115455" /><tag k="highway" v="footway" /><tag k="oneway" v="no" /></way><way id="603" timestamp="2026-04-01T17:08:12Z" uid="1" user="OSMnx" version="1" changeset="1"><nd ref="6416115448" /><nd ref="6416115454" /><tag k="highway" v="footway" /><tag k="oneway" v="no" /></way><way id="604" timestamp="2026-04-01T17:08:12Z" uid="1" user="OSMnx" version="1" changeset="1"><nd ref="6416115449" /><nd ref="6419511858" /><tag k="highway" v="footway" /><tag k="oneway" v="no" /></way><way id="605" timestamp="2026-04-01T17:08:12Z" uid="1" user="OSMnx" version="1" changeset="1"><nd ref="6416115449" /><nd ref="6416115442" /><tag k="highway" v="footway" /><tag k="oneway" v="no" /></way><way id="606" timestamp="2026-04-01T17:08:12Z" uid="1" user="OSMnx" version="1" changeset="1"><nd ref="6416115449" /><nd ref="6416115444" /><tag k="highway" v="footway" /><tag k="oneway" v="no" /></way><way id="607" timestamp="2026-04-01T17:08:12Z" uid="1" user="OSMnx" version="1" changeset="1"><nd ref="6416115449" /><nd ref="6416115452" /><tag k="highway" v="footway" /><tag k="oneway" v="no" /></way><way id="608" timestamp="2026-04-01T17:08:12Z" uid="1" user="OSMnx" version="1" changeset="1"><nd ref="6416115450" /><nd ref="6416115443" /><tag k="highway" v="footway" /><tag k="oneway" v="no" /></way><way id="609" timestamp="2026-04-01T17:08:12Z" uid="1" user="OSMnx" version="1" changeset="1"><nd ref="6416115450" /><nd ref="6421720155" /><tag k="highway" v="footway" /><tag k="oneway" v="no" /></way><way id="610" timestamp="2026-04-01T17:08:12Z" uid="1" user="OSMnx" version="1" changeset="1"><nd ref="6416115450" /><nd ref="6416115451" /><tag k="highway" v="footway" /><tag k="oneway" v="no" /></way><way id="611" timestamp="2026-04-01T17:08:12Z" uid="1" user="OSMnx" version="1" changeset="1"><nd ref="6416115450" /><nd ref="6416115457" /><tag k="highway" v="footway" /><tag k="oneway" v="no" /></way><way id="612" timestamp="2026-04-01T17:08:12Z" uid="1" user="OSMnx" version="1" changeset="1"><nd ref="6416115451" /><nd ref="6416115440" /><tag k="highway" v="footway" /><tag k="oneway" v="no" /></way><way id="613" timestamp="2026-04-01T17:08:12Z" uid="1" user="OSMnx" version="1" changeset="1"><nd ref="6416115451" /><nd ref="6416115458" /><tag k="highway" v="footway" /><tag k="oneway" v="no" /></way><way id="614" timestamp="2026-04-01T17:08:12Z" uid="1" user="OSMnx" version="1" changeset="1"><nd ref="6416115451" /><nd ref="6416115450" /><tag k="highway" v="footway" /><tag k="oneway" v="no" /></way><way id="615" timestamp="2026-04-01T17:08:12Z" uid="1" user="OSMnx" version="1" changeset="1"><nd ref="6416115452" /><nd ref="6416115449" /><tag k="highway" v="footway" /><tag k="oneway" v="no" /></way><way id="616" timestamp="2026-04-01T17:08:12Z" uid="1" user="OSMnx" version="1" changeset="1"><nd ref="6416115452" /><nd ref="6416115441" /><tag k="highway" v="footway" /><tag k="oneway" v="no" /></way><way id="617" timestamp="2026-04-01T17:08:12Z" uid="1" user="OSMnx" version="1" changeset="1"><nd ref="6416115453" /><nd ref="6416115438" /><tag k="highway" v="footway" /><tag k="oneway" v="no" /></way><way id="618" timestamp="2026-04-01T17:08:12Z" uid="1" user="OSMnx" version="1" changeset="1"><nd ref="6416115453" /><nd ref="6416115447" /><tag k="highway" v="footway" /><tag k="oneway" v="no" /></way><way id="619" timestamp="2026-04-01T17:08:12Z" uid="1" user="OSMnx" version="1" changeset="1"><nd ref="6416115454" /><nd ref="6416115439" /><tag k="highway" v="footway" /><tag k="oneway" v="no" /></way><way id="620" timestamp="2026-04-01T17:08:12Z" uid="1" user="OSMnx" version="1" changeset="1"><nd ref="6416115454" /><nd ref="6416115448" /><tag k="highway" v="footway" /><tag k="oneway" v="no" /></way><way id="621" timestamp="2026-04-01T17:08:12Z" uid="1" user="OSMnx" version="1" changeset="1"><nd ref="6416115454" /><nd ref="6416115459" /><tag k="highway" v="footway" /><tag k="oneway" v="no" /></way><way id="622" timestamp="2026-04-01T17:08:12Z" uid="1" user="OSMnx" version="1" changeset="1"><nd ref="6416115455" /><nd ref="6416115456" /><tag k="highway" v="footway" /><tag k="oneway" v="no" /></way><way id="623" timestamp="2026-04-01T17:08:12Z" uid="1" user="OSMnx" version="1" changeset="1"><nd ref="6416115455" /><nd ref="6416115448" /><tag k="highway" v="footway" /><tag k="oneway" v="no" /></way><way id="624" timestamp="2026-04-01T17:08:12Z" uid="1" user="OSMnx" version="1" changeset="1"><nd ref="6416115455" /><nd ref="6419511831" /><tag k="highway" v="footway" /><tag k="oneway" v="no" /></way><way id="625" timestamp="2026-04-01T17:08:12Z" uid="1" user="OSMnx" version="1" changeset="1"><nd ref="6416115455" /><nd ref="6416115506" /><tag k="highway" v="footway" /><tag k="oneway" v="no" /></way><way id="626" timestamp="2026-04-01T17:08:12Z" uid="1" user="OSMnx" version="1" changeset="1"><nd ref="6416115456" /><nd ref="6416115503" /><tag k="highway" v="footway" /><tag k="oneway" v="no" /></way><way id="627" timestamp="2026-04-01T17:08:12Z" uid="1" user="OSMnx" version="1" changeset="1"><nd ref="6416115456" /><nd ref="6419511830" /><tag k="highway" v="footway" /><tag k="oneway" v="no" /></way><way id="628" timestamp="2026-04-01T17:08:12Z" uid="1" user="OSMnx" version="1" changeset="1"><nd ref="6416115456" /><nd ref="6416115457" /><tag k="highway" v="footway" /><tag k="oneway" v="no" /></way><way id="629" timestamp="2026-04-01T17:08:12Z" uid="1" user="OSMnx" version="1" changeset="1"><nd ref="6416115456" /><nd ref="6416115455" /><tag k="highway" v="footway" /><tag k="oneway" v="no" /></way><way id="630" timestamp="2026-04-01T17:08:12Z" uid="1" user="OSMnx" version="1" changeset="1"><nd ref="6416115457" /><nd ref="6416115450" /><tag k="highway" v="footway" /><tag k="oneway" v="no" /></way><way id="631" timestamp="2026-04-01T17:08:12Z" uid="1" user="OSMnx" version="1" changeset="1"><nd ref="6416115457" /><nd ref="6416115456" /><tag k="highway" v="footway" /><tag k="oneway" v="no" /></way><way id="632" timestamp="2026-04-01T17:08:12Z" uid="1" user="OSMnx" version="1" changeset="1"><nd ref="6416115457" /><nd ref="6416115502" /><tag k="highway" v="footway" /><tag k="oneway" v="no" /></way><way id="633" timestamp="2026-04-01T17:08:12Z" uid="1" user="OSMnx" version="1" changeset="1"><nd ref="6416115457" /><nd ref="6419511827" /><tag k="highway" v="footway" /><tag k="oneway" v="no" /></way><way id="634" timestamp="2026-04-01T17:08:12Z" uid="1" user="OSMnx" version="1" changeset="1"><nd ref="6416115458" /><nd ref="6416115451" /><tag k="highway" v="footway" /><tag k="oneway" v="no" /></way><way id="635" timestamp="2026-04-01T17:08:12Z" uid="1" user="OSMnx" version="1" changeset="1"><nd ref="6416115459" /><nd ref="6416115454" /><tag k="highway" v="footway" /><tag k="oneway" v="no" /></way><way id="636" timestamp="2026-04-01T17:08:12Z" uid="1" user="OSMnx" version="1" changeset="1"><nd ref="6416115501" /><nd ref="6416115444" /><tag k="highway" v="footway" /><tag k="oneway" v="no" /></way><way id="637" timestamp="2026-04-01T17:08:12Z" uid="1" user="OSMnx" version="1" changeset="1"><nd ref="6416115501" /><nd ref="6416115502" /><tag k="highway" v="footway" /><tag k="name" v="玉带桥" /><tag k="oneway" v="no" /></way><way id="638" timestamp="2026-04-01T17:08:12Z" uid="1" user="OSMnx" version="1" changeset="1"><nd ref="6416115502" /><nd ref="6416115501" /><tag k="highway" v="footway" /><tag k="name" v="玉带桥" /><tag k="oneway" v="no" /></way><way id="639" timestamp="2026-04-01T17:08:12Z" uid="1" user="OSMnx" version="1" changeset="1"><nd ref="6416115502" /><nd ref="6416115457" /><tag k="highway" v="footway" /><tag k="oneway" v="no" /></way><way id="640" timestamp="2026-04-01T17:08:12Z" uid="1" user="OSMnx" version="1" changeset="1"><nd ref="6416115503" /><nd ref="6416115456" /><tag k="highway" v="footway" /><tag k="oneway" v="no" /></way><way id="641" timestamp="2026-04-01T17:08:12Z" uid="1" user="OSMnx" version="1" changeset="1"><nd ref="6416115503" /><nd ref="6416115504" /><tag k="highway" v="footway" /><tag k="name" v="玉带桥" /><tag k="oneway" v="no" /></way><way id="642" timestamp="2026-04-01T17:08:12Z" uid="1" user="OSMnx" version="1" changeset="1"><nd ref="6416115504" /><nd ref="6416115445" /><tag k="highway" v="footway" /><tag k="oneway" v="no" /></way><way id="643" timestamp="2026-04-01T17:08:12Z" uid="1" user="OSMnx" version="1" changeset="1"><nd ref="6416115504" /><nd ref="6416115503" /><tag k="highway" v="footway" /><tag k="name" v="玉带桥" /><tag k="oneway" v="no" /></way><way id="644" timestamp="2026-04-01T17:08:12Z" uid="1" user="OSMnx" version="1" changeset="1"><nd ref="6416115505" /><nd ref="6416115506" /><tag k="highway" v="footway" /><tag k="name" v="玉带桥" /><tag k="oneway" v="no" /></way><way id="645" timestamp="2026-04-01T17:08:12Z" uid="1" user="OSMnx" version="1" changeset="1"><nd ref="6416115505" /><nd ref="6416115446" /><tag k="highway" v="footway" /><tag k="oneway" v="no" /></way><way id="646" timestamp="2026-04-01T17:08:12Z" uid="1" user="OSMnx" version="1" changeset="1"><nd ref="6416115506" /><nd ref="6416115505" /><tag k="highway" v="footway" /><tag k="name" v="玉带桥" /><tag k="oneway" v="no" /></way><way id="647" timestamp="2026-04-01T17:08:12Z" uid="1" user="OSMnx" version="1" changeset="1"><nd ref="6416115506" /><nd ref="6416115455" /><tag k="highway" v="footway" /><tag k="oneway" v="no" /></way><way id="648" timestamp="2026-04-01T17:08:12Z" uid="1" user="OSMnx" version="1" changeset="1"><nd ref="6416115507" /><nd ref="6416115444" /><tag k="highway" v="footway" /><tag k="oneway" v="no" /></way><way id="649" timestamp="2026-04-01T17:08:12Z" uid="1" user="OSMnx" version="1" changeset="1"><nd ref="6416115507" /><nd ref="6416133999" /><tag k="highway" v="footway" /><tag k="oneway" v="no" /></way><way id="650" timestamp="2026-04-01T17:08:12Z" uid="1" user="OSMnx" version="1" changeset="1"><nd ref="6416115508" /><nd ref="6416115445" /><tag k="highway" v="footway" /><tag k="oneway" v="no" /></way><way id="651" timestamp="2026-04-01T17:08:12Z" uid="1" user="OSMnx" version="1" changeset="1"><nd ref="6416115508" /><nd ref="6416134007" /><tag k="highway" v="footway" /><tag k="oneway" v="no" /></way><way id="652" timestamp="2026-04-01T17:08:12Z" uid="1" user="OSMnx" version="1" changeset="1"><nd ref="6416115509" /><nd ref="6416115446" /><tag k="highway" v="footway" /><tag k="oneway" v="no" /></way><way id="653" timestamp="2026-04-01T17:08:12Z" uid="1" user="OSMnx" version="1" changeset="1"><nd ref="6416115509" /><nd ref="6416134003" /><tag k="highway" v="footway" /><tag k="oneway" v="no" /></way><way id="654" timestamp="2026-04-01T17:08:12Z" uid="1" user="OSMnx" version="1" changeset="1"><nd ref="6416133999" /><nd ref="6419511861" /><tag k="highway" v="footway" /><tag k="oneway" v="no" /></way><way id="655" timestamp="2026-04-01T17:08:12Z" uid="1" user="OSMnx" version="1" changeset="1"><nd ref="6416133999" /><nd ref="6416115507" /><tag k="highway" v="footway" /><tag k="oneway" v="no" /></way><way id="656" timestamp="2026-04-01T17:08:12Z" uid="1" user="OSMnx" version="1" changeset="1"><nd ref="6416134000" /><nd ref="6416134001" /><tag k="highway" v="steps" /><tag k="oneway" v="no" /></way><way id="657" timestamp="2026-04-01T17:08:12Z" uid="1" user="OSMnx" version="1" changeset="1"><nd ref="6416134000" /><nd ref="6419511861" /><tag k="highway" v="footway" /><tag k="oneway" v="no" /></way><way id="658" timestamp="2026-04-01T17:08:12Z" uid="1" user="OSMnx" version="1" changeset="1"><nd ref="6416134001" /><nd ref="6416134002" /><tag k="highway" v="footway" /><tag k="oneway" v="no" /></way><way id="659" timestamp="2026-04-01T17:08:12Z" uid="1" user="OSMnx" version="1" changeset="1"><nd ref="6416134001" /><nd ref="6416134000" /><tag k="highway" v="steps" /><tag k="oneway" v="no" /></way><way id="660" timestamp="2026-04-01T17:08:12Z" uid="1" user="OSMnx" version="1" changeset="1"><nd ref="6416134002" /><nd ref="6416134001" /><tag k="highway" v="footway" /><tag k="oneway" v="no" /></way><way id="661" timestamp="2026-04-01T17:08:12Z" uid="1" user="OSMnx" version="1" changeset="1"><nd ref="6416134003" /><nd ref="6416115509" /><tag k="highway" v="footway" /><tag k="oneway" v="no" /></way><way id="662" timestamp="2026-04-01T17:08:12Z" uid="1" user="OSMnx" version="1" changeset="1"><nd ref="6416134003" /><nd ref="6419511863" /><tag k="highway" v="footway" /><tag k="oneway" v="no" /></way><way id="663" timestamp="2026-04-01T17:08:12Z" uid="1" user="OSMnx" version="1" changeset="1"><nd ref="6416134004" /><nd ref="6419511863" /><tag k="highway" v="footway" /><tag k="oneway" v="no" /></way><way id="664" timestamp="2026-04-01T17:08:12Z" uid="1" user="OSMnx" version="1" changeset="1"><nd ref="6416134004" /><nd ref="6416134005" /><tag k="highway" v="steps" /><tag k="oneway" v="no" /></way><way id="665" timestamp="2026-04-01T17:08:12Z" uid="1" user="OSMnx" version="1" changeset="1"><nd ref="6416134005" /><nd ref="6416134004" /><tag k="highway" v="steps" /><tag k="oneway" v="no" /></way><way id="666" timestamp="2026-04-01T17:08:12Z" uid="1" user="OSMnx" version="1" changeset="1"><nd ref="6416134005" /><nd ref="6416134006" /><tag k="highway" v="footway" /><tag k="oneway" v="no" /></way><way id="667" timestamp="2026-04-01T17:08:12Z" uid="1" user="OSMnx" version="1" changeset="1"><nd ref="6416134006" /><nd ref="6416134005" /><tag k="highway" v="footway" /><tag k="oneway" v="no" /></way><way id="668" timestamp="2026-04-01T17:08:12Z" uid="1" user="OSMnx" version="1" changeset="1"><nd ref="6416134007" /><nd ref="6416115508" /><tag k="highway" v="footway" /><tag k="oneway" v="no" /></way><way id="669" timestamp="2026-04-01T17:08:12Z" uid="1" user="OSMnx" version="1" changeset="1"><nd ref="6416134007" /><nd ref="6419511862" /><tag k="highway" v="footway" /><tag k="oneway" v="no" /></way><way id="670" timestamp="2026-04-01T17:08:12Z" uid="1" user="OSMnx" version="1" changeset="1"><nd ref="6416134008" /><nd ref="6416134009" /><tag k="highway" v="steps" /><tag k="oneway" v="no" /></way><way id="671" timestamp="2026-04-01T17:08:12Z" uid="1" user="OSMnx" version="1" changeset="1"><nd ref="6416134008" /><nd ref="6419511862" /><tag k="highway" v="footway" /><tag k="oneway" v="no" /></way><way id="672" timestamp="2026-04-01T17:08:12Z" uid="1" user="OSMnx" version="1" changeset="1"><nd ref="6416134009" /><nd ref="6416134010" /><tag k="highway" v="footway" /><tag k="oneway" v="no" /></way><way id="673" timestamp="2026-04-01T17:08:12Z" uid="1" user="OSMnx" version="1" changeset="1"><nd ref="6416134009" /><nd ref="6416134008" /><tag k="highway" v="steps" /><tag k="oneway" v="no" /></way><way id="674" timestamp="2026-04-01T17:08:12Z" uid="1" user="OSMnx" version="1" changeset="1"><nd ref="6416134010" /><nd ref="6416134009" /><tag k="highway" v="footway" /><tag k="oneway" v="no" /></way><way id="675" timestamp="2026-04-01T17:08:12Z" uid="1" user="OSMnx" version="1" changeset="1"><nd ref="6418821999" /><nd ref="6098822286" /><tag k="highway" v="footway" /><tag k="oneway" v="no" /></way><way id="676" timestamp="2026-04-01T17:08:12Z" uid="1" user="OSMnx" version="1" changeset="1"><nd ref="6418821999" /><nd ref="6445658031" /><tag k="highway" v="footway" /><tag k="oneway" v="no" /></way><way id="677" timestamp="2026-04-01T17:08:12Z" uid="1" user="OSMnx" version="1" changeset="1"><nd ref="6418821999" /><nd ref="11182289302" /><tag k="highway" v="steps" /><tag k="oneway" v="no" /></way><way id="678" timestamp="2026-04-01T17:08:12Z" uid="1" user="OSMnx" version="1" changeset="1"><nd ref="6418822000" /><nd ref="6418822001" /><tag k="highway" v="footway" /><tag k="oneway" v="no" /></way><way id="679" timestamp="2026-04-01T17:08:12Z" uid="1" user="OSMnx" version="1" changeset="1"><nd ref="6418822000" /><nd ref="8809676423" /><tag k="highway" v="footway" /><tag k="oneway" v="no" /></way><way id="680" timestamp="2026-04-01T17:08:12Z" uid="1" user="OSMnx" version="1" changeset="1"><nd ref="6418822001" /><nd ref="6418822002" /><tag k="highway" v="footway" /><tag k="oneway" v="no" /></way><way id="681" timestamp="2026-04-01T17:08:12Z" uid="1" user="OSMnx" version="1" changeset="1"><nd ref="6418822001" /><nd ref="6418822000" /><tag k="highway" v="footway" /><tag k="oneway" v="no" /></way><way id="682" timestamp="2026-04-01T17:08:12Z" uid="1" user="OSMnx" version="1" changeset="1"><nd ref="6418822002" /><nd ref="6418822003" /><tag k="highway" v="footway" /><tag k="oneway" v="no" /></way><way id="683" timestamp="2026-04-01T17:08:12Z" uid="1" user="OSMnx" version="1" changeset="1"><nd ref="6418822002" /><nd ref="6418822001" /><tag k="highway" v="footway" /><tag k="oneway" v="no" /></way><way id="684" timestamp="2026-04-01T17:08:12Z" uid="1" user="OSMnx" version="1" changeset="1"><nd ref="6418822003" /><nd ref="6418822004" /><tag k="highway" v="footway" /><tag k="oneway" v="no" /></way><way id="685" timestamp="2026-04-01T17:08:12Z" uid="1" user="OSMnx" version="1" changeset="1"><nd ref="6418822003" /><nd ref="6418822002" /><tag k="highway" v="footway" /><tag k="oneway" v="no" /></way><way id="686" timestamp="2026-04-01T17:08:12Z" uid="1" user="OSMnx" version="1" changeset="1"><nd ref="6418822004" /><nd ref="6418822011" /><tag k="highway" v="footway" /><tag k="oneway" v="no" /></way><way id="687" timestamp="2026-04-01T17:08:12Z" uid="1" user="OSMnx" version="1" changeset="1"><nd ref="6418822004" /><nd ref="6418822003" /><tag k="highway" v="footway" /><tag k="oneway" v="no" /></way><way id="688" timestamp="2026-04-01T17:08:12Z" uid="1" user="OSMnx" version="1" changeset="1"><nd ref="6418822005" /><nd ref="6418822006" /><tag k="highway" v="footway" /><tag k="oneway" v="no" /></way><way id="689" timestamp="2026-04-01T17:08:12Z" uid="1" user="OSMnx" version="1" changeset="1"><nd ref="6418822005" /><nd ref="6447510357" /><tag k="highway" v="footway" /><tag k="oneway" v="no" /></way><way id="690" timestamp="2026-04-01T17:08:12Z" uid="1" user="OSMnx" version="1" changeset="1"><nd ref="6418822005" /><nd ref="8809676427" /><tag k="highway" v="footway" /><tag k="oneway" v="no" /></way><way id="691" timestamp="2026-04-01T17:08:12Z" uid="1" user="OSMnx" version="1" changeset="1"><nd ref="6418822006" /><nd ref="6447510354" /><tag k="highway" v="footway" /><tag k="oneway" v="no" /></way><way id="692" timestamp="2026-04-01T17:08:12Z" uid="1" user="OSMnx" version="1" changeset="1"><nd ref="6418822006" /><nd ref="6418822005" /><tag k="highway" v="footway" /><tag k="oneway" v="no" /></way><way id="693" timestamp="2026-04-01T17:08:12Z" uid="1" user="OSMnx" version="1" changeset="1"><nd ref="6418822007" /><nd ref="6447510361" /><tag k="highway" v="footway" /><tag k="oneway" v="no" /></way><way id="694" timestamp="2026-04-01T17:08:12Z" uid="1" user="OSMnx" version="1" changeset="1"><nd ref="6418822007" /><nd ref="6447510354" /><tag k="highway" v="footway" /><tag k="oneway" v="no" /></way><way id="695" timestamp="2026-04-01T17:08:12Z" uid="1" user="OSMnx" version="1" changeset="1"><nd ref="6418822009" /><nd ref="8809676430" /><tag k="highway" v="footway" /><tag k="oneway" v="no" /></way><way id="696" timestamp="2026-04-01T17:08:12Z" uid="1" user="OSMnx" version="1" changeset="1"><nd ref="6418822009" /><nd ref="6447510361" /><tag k="highway" v="footway" /><tag k="oneway" v="no" /></way><way id="697" timestamp="2026-04-01T17:08:12Z" uid="1" user="OSMnx" version="1" changeset="1"><nd ref="6418822009" /><nd ref="8809676429" /><tag k="highway" v="footway" /><tag k="oneway" v="no" /></way><way id="698" timestamp="2026-04-01T17:08:12Z" uid="1" user="OSMnx" version="1" changeset="1"><nd ref="6418822009" /><nd ref="6447514599" /><tag k="highway" v="footway" /><tag k="oneway" v="no" /></way><way id="699" timestamp="2026-04-01T17:08:12Z" uid="1" user="OSMnx" version="1" changeset="1"><nd ref="6418822010" /><nd ref="6447510331" /><tag k="highway" v="footway" /><tag k="oneway" v="no" /></way><way id="700" timestamp="2026-04-01T17:08:12Z" uid="1" user="OSMnx" version="1" changeset="1"><nd ref="6418822010" /><nd ref="6447766269" /><tag k="highway" v="footway" /><tag k="oneway" v="no" /></way><way id="701" timestamp="2026-04-01T17:08:12Z" uid="1" user="OSMnx" version="1" changeset="1"><nd ref="6418822010" /><nd ref="6445714316" /><tag k="highway" v="footway" /><tag k="oneway" v="no" /></way><way id="702" timestamp="2026-04-01T17:08:12Z" uid="1" user="OSMnx" version="1" changeset="1"><nd ref="6418822010" /><nd ref="6447766281" /><tag k="highway" v="footway" /><tag k="oneway" v="no" /></way><way id="703" timestamp="2026-04-01T17:08:12Z" uid="1" user="OSMnx" version="1" changeset="1"><nd ref="6418822011" /><nd ref="6447485418" /><tag k="highway" v="footway" /><tag k="oneway" v="no" /></way><way id="704" timestamp="2026-04-01T17:08:12Z" uid="1" user="OSMnx" version="1" changeset="1"><nd ref="6418822011" /><nd ref="6418822004" /><tag k="highway" v="footway" /><tag k="oneway" v="no" /></way><way id="705" timestamp="2026-04-01T17:08:12Z" uid="1" user="OSMnx" version="1" changeset="1"><nd ref="6418822011" /><nd ref="8809676424" /><tag k="highway" v="footway" /><tag k="oneway" v="no" /></way><way id="706" timestamp="2026-04-01T17:08:12Z" uid="1" user="OSMnx" version="1" changeset="1"><nd ref="6418822012" /><nd ref="6447510351" /><tag k="highway" v="footway" /><tag k="oneway" v="no" /></way><way id="707" timestamp="2026-04-01T17:08:12Z" uid="1" user="OSMnx" version="1" changeset="1"><nd ref="6418822012" /><nd ref="6447510352" /><tag k="highway" v="footway" /><tag k="oneway" v="no" /></way><way id="708" timestamp="2026-04-01T17:08:12Z" uid="1" user="OSMnx" version="1" changeset="1"><nd ref="6418822013" /><nd ref="6447517693" /><tag k="highway" v="footway" /><tag k="oneway" v="no" /></way><way id="709" timestamp="2026-04-01T17:08:12Z" uid="1" user="OSMnx" version="1" changeset="1"><nd ref="6418822013" /><nd ref="6421594314" /><tag k="highway" v="footway" /><tag k="oneway" v="no" /></way><way id="710" timestamp="2026-04-01T17:08:12Z" uid="1" user="OSMnx" version="1" changeset="1"><nd ref="6418822014" /><nd ref="6418822030" /><tag k="highway" v="footway" /><tag k="oneway" v="no" /></way><way id="711" timestamp="2026-04-01T17:08:12Z" uid="1" user="OSMnx" version="1" changeset="1"><nd ref="6418822014" /><nd ref="6447517694" /><tag k="highway" v="footway" /><tag k="oneway" v="no" /></way><way id="712" timestamp="2026-04-01T17:08:12Z" uid="1" user="OSMnx" version="1" changeset="1"><nd ref="6418822015" /><nd ref="6418822016" /><tag k="highway" v="footway" /><tag k="oneway" v="no" /></way><way id="713" timestamp="2026-04-01T17:08:12Z" uid="1" user="OSMnx" version="1" changeset="1"><nd ref="6418822015" /><nd ref="6418822031" /><tag k="highway" v="footway" /><tag k="oneway" v="no" /></way><way id="714" timestamp="2026-04-01T17:08:12Z" uid="1" user="OSMnx" version="1" changeset="1"><nd ref="6418822016" /><nd ref="6418822017" /><tag k="highway" v="footway" /><tag k="oneway" v="no" /></way><way id="715" timestamp="2026-04-01T17:08:12Z" uid="1" user="OSMnx" version="1" changeset="1"><nd ref="6418822016" /><nd ref="6418822015" /><tag k="highway" v="footway" /><tag k="oneway" v="no" /></way><way id="716" timestamp="2026-04-01T17:08:12Z" uid="1" user="OSMnx" version="1" changeset="1"><nd ref="6418822017" /><nd ref="6418822018" /><tag k="highway" v="footway" /><tag k="oneway" v="no" /></way><way id="717" timestamp="2026-04-01T17:08:12Z" uid="1" user="OSMnx" version="1" changeset="1"><nd ref="6418822017" /><nd ref="6418822016" /><tag k="highway" v="footway" /><tag k="oneway" v="no" /></way><way id="718" timestamp="2026-04-01T17:08:12Z" uid="1" user="OSMnx" version="1" changeset="1"><nd ref="6418822018" /><nd ref="6418822019" /><tag k="highway" v="footway" /><tag k="oneway" v="no" /></way><way id="719" timestamp="2026-04-01T17:08:12Z" uid="1" user="OSMnx" version="1" changeset="1"><nd ref="6418822018" /><nd ref="6418822017" /><tag k="highway" v="footway" /><tag k="oneway" v="no" /></way><way id="720" timestamp="2026-04-01T17:08:12Z" uid="1" user="OSMnx" version="1" changeset="1"><nd ref="6418822019" /><nd ref="6447449639" /><tag k="highway" v="footway" /><tag k="oneway" v="no" /></way><way id="721" timestamp="2026-04-01T17:08:12Z" uid="1" user="OSMnx" version="1" changeset="1"><nd ref="6418822019" /><nd ref="6418822018" /><tag k="highway" v="footway" /><tag k="oneway" v="no" /></way><way id="722" timestamp="2026-04-01T17:08:12Z" uid="1" user="OSMnx" version="1" changeset="1"><nd ref="6418822020" /><nd ref="6447449635" /><tag k="highway" v="footway" /><tag k="oneway" v="no" /></way><way id="723" timestamp="2026-04-01T17:08:12Z" uid="1" user="OSMnx" version="1" changeset="1"><nd ref="6418822020" /><nd ref="6447449636" /><tag k="highway" v="footway" /><tag k="oneway" v="no" /></way><way id="724" timestamp="2026-04-01T17:08:12Z" uid="1" user="OSMnx" version="1" changeset="1"><nd ref="6418822021" /><nd ref="6418822022" /><tag k="highway" v="footway" /><tag k="oneway" v="no" /></way><way id="725" timestamp="2026-04-01T17:08:12Z" uid="1" user="OSMnx" version="1" changeset="1"><nd ref="6418822021" /><nd ref="6447449633" /><tag k="highway" v="footway" /><tag k="oneway" v="no" /></way><way id="726" timestamp="2026-04-01T17:08:12Z" uid="1" user="OSMnx" version="1" changeset="1"><nd ref="6418822022" /><nd ref="6418822023" /><tag k="highway" v="footway" /><tag k="oneway" v="no" /></way><way id="727" timestamp="2026-04-01T17:08:12Z" uid="1" user="OSMnx" version="1" changeset="1"><nd ref="6418822022" /><nd ref="6418822021" /><tag k="highway" v="footway" /><tag k="oneway" v="no" /></way><way id="728" timestamp="2026-04-01T17:08:12Z" uid="1" user="OSMnx" version="1" changeset="1"><nd ref="6418822023" /><nd ref="6418822024" /><tag k="highway" v="footway" /><tag k="oneway" v="no" /></way><way id="729" timestamp="2026-04-01T17:08:12Z" uid="1" user="OSMnx" version="1" changeset="1"><nd ref="6418822023" /><nd ref="6418822022" /><tag k="highway" v="footway" /><tag k="oneway" v="no" /></way><way id="730" timestamp="2026-04-01T17:08:12Z" uid="1" user="OSMnx" version="1" changeset="1"><nd ref="6418822024" /><nd ref="6447510359" /><tag k="highway" v="footway" /><tag k="oneway" v="no" /></way><way id="731" timestamp="2026-04-01T17:08:12Z" uid="1" user="OSMnx" version="1" changeset="1"><nd ref="6418822024" /><nd ref="6418822023" /><tag k="highway" v="footway" /><tag k="oneway" v="no" /></way><way id="732" timestamp="2026-04-01T17:08:12Z" uid="1" user="OSMnx" version="1" changeset="1"><nd ref="6418822025" /><nd ref="6447510362" /><tag k="highway" v="footway" /><tag k="oneway" v="no" /></way><way id="733" timestamp="2026-04-01T17:08:12Z" uid="1" user="OSMnx" version="1" changeset="1"><nd ref="6418822025" /><nd ref="6447510358" /><tag k="highway" v="footway" /><tag k="oneway" v="no" /></way><way id="734" timestamp="2026-04-01T17:08:12Z" uid="1" user="OSMnx" version="1" changeset="1"><nd ref="6418822025" /><nd ref="6447510360" /><tag k="highway" v="footway" /><tag k="oneway" v="no" /></way><way id="735" timestamp="2026-04-01T17:08:12Z" uid="1" user="OSMnx" version="1" changeset="1"><nd ref="6418822030" /><nd ref="6421594316" /><tag k="highway" v="footway" /><tag k="oneway" v="no" /></way><way id="736" timestamp="2026-04-01T17:08:12Z" uid="1" user="OSMnx" version="1" changeset="1"><nd ref="6418822030" /><nd ref="6418822014" /><tag k="highway" v="footway" /><tag k="oneway" v="no" /></way><way id="737" timestamp="2026-04-01T17:08:12Z" uid="1" user="OSMnx" version="1" changeset="1"><nd ref="6418822031" /><nd ref="6418822015" /><tag k="highway" v="footway" /><tag k="oneway" v="no" /></way><way id="738" timestamp="2026-04-01T17:08:12Z" uid="1" user="OSMnx" version="1" changeset="1"><nd ref="6418822031" /><nd ref="6421594315" /><tag k="highway" v="footway" /><tag k="oneway" v="no" /></way><way id="739" timestamp="2026-04-01T17:08:12Z" uid="1" user="OSMnx" version="1" changeset="1"><nd ref="6419496378" /><nd ref="6419496379" /><tag k="highway" v="footway" /><tag k="oneway" v="no" /></way><way id="740" timestamp="2026-04-01T17:08:12Z" uid="1" user="OSMnx" version="1" changeset="1"><nd ref="6419496378" /><nd ref="6421400604" /><tag k="highway" v="footway" /><tag k="oneway" v="no" /></way><way id="741" timestamp="2026-04-01T17:08:12Z" uid="1" user="OSMnx" version="1" changeset="1"><nd ref="6419496378" /><nd ref="6419496380" /><tag k="highway" v="footway" /><tag k="oneway" v="no" /></way><way id="742" timestamp="2026-04-01T17:08:12Z" uid="1" user="OSMnx" version="1" changeset="1"><nd ref="6419496378" /><nd ref="6421400601" /><tag k="highway" v="footway" /><tag k="oneway" v="no" /></way><way id="743" timestamp="2026-04-01T17:08:12Z" uid="1" user="OSMnx" version="1" changeset="1"><nd ref="6419496379" /><nd ref="6419496378" /><tag k="highway" v="footway" /><tag k="oneway" v="no" /></way><way id="744" timestamp="2026-04-01T17:08:12Z" uid="1" user="OSMnx" version="1" changeset="1"><nd ref="6419496379" /><nd ref="6421400600" /><tag k="highway" v="footway" /><tag k="oneway" v="no" /></way><way id="745" timestamp="2026-04-01T17:08:12Z" uid="1" user="OSMnx" version="1" changeset="1"><nd ref="6419496379" /><nd ref="6419496381" /><tag k="highway" v="footway" /><tag k="oneway" v="no" /></way><way id="746" timestamp="2026-04-01T17:08:12Z" uid="1" user="OSMnx" version="1" changeset="1"><nd ref="6419496380" /><nd ref="6419496381" /><tag k="highway" v="footway" /><tag k="oneway" v="no" /></way><way id="747" timestamp="2026-04-01T17:08:12Z" uid="1" user="OSMnx" version="1" changeset="1"><nd ref="6419496380" /><nd ref="6421400605" /><tag k="highway" v="footway" /><tag k="oneway" v="no" /></way><way id="748" timestamp="2026-04-01T17:08:12Z" uid="1" user="OSMnx" version="1" changeset="1"><nd ref="6419496380" /><nd ref="6419496382" /><tag k="highway" v="footway" /><tag k="oneway" v="no" /></way><way id="749" timestamp="2026-04-01T17:08:12Z" uid="1" user="OSMnx" version="1" changeset="1"><nd ref="6419496380" /><nd ref="6419496378" /><tag k="highway" v="footway" /><tag k="oneway" v="no" /></way><way id="750" timestamp="2026-04-01T17:08:12Z" uid="1" user="OSMnx" version="1" changeset="1"><nd ref="6419496381" /><nd ref="6419496380" /><tag k="highway" v="footway" /><tag k="oneway" v="no" /></way><way id="751" timestamp="2026-04-01T17:08:12Z" uid="1" user="OSMnx" version="1" changeset="1"><nd ref="6419496381" /><nd ref="6419496379" /><tag k="highway" v="footway" /><tag k="oneway" v="no" /></way><way id="752" timestamp="2026-04-01T17:08:12Z" uid="1" user="OSMnx" version="1" changeset="1"><nd ref="6419496381" /><nd ref="6419496383" /><tag k="highway" v="footway" /><tag k="oneway" v="no" /></way><way id="753" timestamp="2026-04-01T17:08:12Z" uid="1" user="OSMnx" version="1" changeset="1"><nd ref="6419496382" /><nd ref="6419496383" /><tag k="highway" v="footway" /><tag k="oneway" v="no" /></way><way id="754" timestamp="2026-04-01T17:08:12Z" uid="1" user="OSMnx" version="1" changeset="1"><nd ref="6419496382" /><nd ref="6421400606" /><tag k="highway" v="footway" /><tag k="oneway" v="no" /></way><way id="755" timestamp="2026-04-01T17:08:12Z" uid="1" user="OSMnx" version="1" changeset="1"><nd ref="6419496382" /><nd ref="6421400603" /><tag k="highway" v="footway" /><tag k="oneway" v="no" /></way><way id="756" timestamp="2026-04-01T17:08:12Z" uid="1" user="OSMnx" version="1" changeset="1"><nd ref="6419496382" /><nd ref="6419496380" /><tag k="highway" v="footway" /><tag k="oneway" v="no" /></way><way id="757" timestamp="2026-04-01T17:08:12Z" uid="1" user="OSMnx" version="1" changeset="1"><nd ref="6419496383" /><nd ref="6419496382" /><tag k="highway" v="footway" /><tag k="oneway" v="no" /></way><way id="758" timestamp="2026-04-01T17:08:12Z" uid="1" user="OSMnx" version="1" changeset="1"><nd ref="6419496383" /><nd ref="6419496381" /><tag k="highway" v="footway" /><tag k="oneway" v="no" /></way><way id="759" timestamp="2026-04-01T17:08:12Z" uid="1" user="OSMnx" version="1" changeset="1"><nd ref="6419496383" /><nd ref="6421400602" /><tag k="highway" v="footway" /><tag k="oneway" v="no" /></way><way id="760" timestamp="2026-04-01T17:08:12Z" uid="1" user="OSMnx" version="1" changeset="1"><nd ref="6419496384" /><nd ref="6421400604" /><tag k="highway" v="footway" /><tag k="oneway" v="no" /></way><way id="761" timestamp="2026-04-01T17:08:12Z" uid="1" user="OSMnx" version="1" changeset="1"><nd ref="6419498185" /><nd ref="6421400605" /><tag k="highway" v="footway" /><tag k="oneway" v="no" /></way><way id="762" timestamp="2026-04-01T17:08:12Z" uid="1" user="OSMnx" version="1" changeset="1"><nd ref="6419498185" /><nd ref="8742615472" /><tag k="highway" v="footway" /><tag k="oneway" v="no" /></way><way id="763" timestamp="2026-04-01T17:08:12Z" uid="1" user="OSMnx" version="1" changeset="1"><nd ref="6419498186" /><nd ref="6421400606" /><tag k="highway" v="footway" /><tag k="oneway" v="no" /></way><way id="764" timestamp="2026-04-01T17:08:12Z" uid="1" user="OSMnx" version="1" changeset="1"><nd ref="6419498211" /><nd ref="6421407911" /><tag k="highway" v="footway" /><tag k="oneway" v="no" /></way><way id="765" timestamp="2026-04-01T17:08:12Z" uid="1" user="OSMnx" version="1" changeset="1"><nd ref="6419498211" /><nd ref="6419554008" /><tag k="highway" v="footway" /><tag k="oneway" v="no" /></way><way id="766" timestamp="2026-04-01T17:08:12Z" uid="1" user="OSMnx" version="1" changeset="1"><nd ref="6419498214" /><nd ref="6421407910" /><tag k="highway" v="footway" /><tag k="oneway" v="no" /></way><way id="767" timestamp="2026-04-01T17:08:12Z" uid="1" user="OSMnx" version="1" changeset="1"><nd ref="6419498214" /><nd ref="6419554008" /><tag k="highway" v="footway" /><tag k="oneway" v="no" /></way><way id="768" timestamp="2026-04-01T17:08:12Z" uid="1" user="OSMnx" version="1" changeset="1"><nd ref="6419498214" /><nd ref="6419551260" /><tag k="highway" v="footway" /><tag k="oneway" v="no" /></way><way id="769" timestamp="2026-04-01T17:08:12Z" uid="1" user="OSMnx" version="1" changeset="1"><nd ref="6419511827" /><nd ref="6416115457" /><tag k="highway" v="footway" /><tag k="oneway" v="no" /></way><way id="770" timestamp="2026-04-01T17:08:12Z" uid="1" user="OSMnx" version="1" changeset="1"><nd ref="6419511827" /><nd ref="6419511828" /><tag k="highway" v="footway" /><tag k="oneway" v="no" /></way><way id="771" timestamp="2026-04-01T17:08:12Z" uid="1" user="OSMnx" version="1" changeset="1"><nd ref="6419511828" /><nd ref="6419521207" /><tag k="highway" v="footway" /><tag k="oneway" v="no" /></way><way id="772" timestamp="2026-04-01T17:08:12Z" uid="1" user="OSMnx" version="1" changeset="1"><nd ref="6419511828" /><nd ref="6419511827" /><tag k="highway" v="footway" /><tag k="oneway" v="no" /></way><way id="773" timestamp="2026-04-01T17:08:12Z" uid="1" user="OSMnx" version="1" changeset="1"><nd ref="6419511829" /><nd ref="6419511830" /><tag k="highway" v="footway" /><tag k="oneway" v="no" /></way><way id="774" timestamp="2026-04-01T17:08:12Z" uid="1" user="OSMnx" version="1" changeset="1"><nd ref="6419511829" /><nd ref="6419521208" /><tag k="highway" v="footway" /><tag k="oneway" v="no" /></way><way id="775" timestamp="2026-04-01T17:08:12Z" uid="1" user="OSMnx" version="1" changeset="1"><nd ref="6419511830" /><nd ref="6416115456" /><tag k="highway" v="footway" /><tag k="oneway" v="no" /></way><way id="776" timestamp="2026-04-01T17:08:12Z" uid="1" user="OSMnx" version="1" changeset="1"><nd ref="6419511830" /><nd ref="6419511829" /><tag k="highway" v="footway" /><tag k="oneway" v="no" /></way><way id="777" timestamp="2026-04-01T17:08:12Z" uid="1" user="OSMnx" version="1" changeset="1"><nd ref="6419511831" /><nd ref="6419511832" /><tag k="highway" v="footway" /><tag k="oneway" v="no" /></way><way id="778" timestamp="2026-04-01T17:08:12Z" uid="1" user="OSMnx" version="1" changeset="1"><nd ref="6419511831" /><nd ref="6416115455" /><tag k="highway" v="footway" /><tag k="oneway" v="no" /></way><way id="779" timestamp="2026-04-01T17:08:12Z" uid="1" user="OSMnx" version="1" changeset="1"><nd ref="6419511832" /><nd ref="6419521209" /><tag k="highway" v="footway" /><tag k="oneway" v="no" /></way><way id="780" timestamp="2026-04-01T17:08:12Z" uid="1" user="OSMnx" version="1" changeset="1"><nd ref="6419511832" /><nd ref="6419511831" /><tag k="highway" v="footway" /><tag k="oneway" v="no" /></way><way id="781" timestamp="2026-04-01T17:08:12Z" uid="1" user="OSMnx" version="1" changeset="1"><nd ref="6419511857" /><nd ref="6419511865" /><tag k="highway" v="footway" /><tag k="oneway" v="no" /></way><way id="782" timestamp="2026-04-01T17:08:12Z" uid="1" user="OSMnx" version="1" changeset="1"><nd ref="6419511857" /><nd ref="6419511858" /><tag k="highway" v="footway" /><tag k="oneway" v="no" /></way><way id="783" timestamp="2026-04-01T17:08:12Z" uid="1" user="OSMnx" version="1" changeset="1"><nd ref="6419511858" /><nd ref="6416115449" /><tag k="highway" v="footway" /><tag k="oneway" v="no" /></way><way id="784" timestamp="2026-04-01T17:08:12Z" uid="1" user="OSMnx" version="1" changeset="1"><nd ref="6419511858" /><nd ref="6419511857" /><tag k="highway" v="footway" /><tag k="oneway" v="no" /></way><way id="785" timestamp="2026-04-01T17:08:12Z" uid="1" user="OSMnx" version="1" changeset="1"><nd ref="6419511859" /><nd ref="6419511864" /><tag k="highway" v="footway" /><tag k="oneway" v="no" /></way><way id="786" timestamp="2026-04-01T17:08:12Z" uid="1" user="OSMnx" version="1" changeset="1"><nd ref="6419511859" /><nd ref="6419511860" /><tag k="highway" v="footway" /><tag k="oneway" v="no" /></way><way id="787" timestamp="2026-04-01T17:08:12Z" uid="1" user="OSMnx" version="1" changeset="1"><nd ref="6419511860" /><nd ref="6419511859" /><tag k="highway" v="footway" /><tag k="oneway" v="no" /></way><way id="788" timestamp="2026-04-01T17:08:12Z" uid="1" user="OSMnx" version="1" changeset="1"><nd ref="6419511860" /><nd ref="6416115447" /><tag k="highway" v="footway" /><tag k="oneway" v="no" /></way><way id="789" timestamp="2026-04-01T17:08:12Z" uid="1" user="OSMnx" version="1" changeset="1"><nd ref="6419511861" /><nd ref="6419511865" /><tag k="highway" v="footway" /><tag k="oneway" v="no" /></way><way id="790" timestamp="2026-04-01T17:08:12Z" uid="1" user="OSMnx" version="1" changeset="1"><nd ref="6419511861" /><nd ref="6419511862" /><tag k="highway" v="footway" /><tag k="oneway" v="no" /></way><way id="791" timestamp="2026-04-01T17:08:12Z" uid="1" user="OSMnx" version="1" changeset="1"><nd ref="6419511861" /><nd ref="6416134000" /><tag k="highway" v="footway" /><tag k="oneway" v="no" /></way><way id="792" timestamp="2026-04-01T17:08:12Z" uid="1" user="OSMnx" version="1" changeset="1"><nd ref="6419511861" /><nd ref="6416133999" /><tag k="highway" v="footway" /><tag k="oneway" v="no" /></way><way id="793" timestamp="2026-04-01T17:08:12Z" uid="1" user="OSMnx" version="1" changeset="1"><nd ref="6419511862" /><nd ref="6419511861" /><tag k="highway" v="footway" /><tag k="oneway" v="no" /></way><way id="794" timestamp="2026-04-01T17:08:12Z" uid="1" user="OSMnx" version="1" changeset="1"><nd ref="6419511862" /><nd ref="6419511863" /><tag k="highway" v="footway" /><tag k="oneway" v="no" /></way><way id="795" timestamp="2026-04-01T17:08:12Z" uid="1" user="OSMnx" version="1" changeset="1"><nd ref="6419511862" /><nd ref="6416134008" /><tag k="highway" v="footway" /><tag k="oneway" v="no" /></way><way id="796" timestamp="2026-04-01T17:08:12Z" uid="1" user="OSMnx" version="1" changeset="1"><nd ref="6419511862" /><nd ref="6416134007" /><tag k="highway" v="footway" /><tag k="oneway" v="no" /></way><way id="797" timestamp="2026-04-01T17:08:12Z" uid="1" user="OSMnx" version="1" changeset="1"><nd ref="6419511863" /><nd ref="6419511862" /><tag k="highway" v="footway" /><tag k="oneway" v="no" /></way><way id="798" timestamp="2026-04-01T17:08:12Z" uid="1" user="OSMnx" version="1" changeset="1"><nd ref="6419511863" /><nd ref="6419511864" /><tag k="highway" v="footway" /><tag k="oneway" v="no" /></way><way id="799" timestamp="2026-04-01T17:08:12Z" uid="1" user="OSMnx" version="1" changeset="1"><nd ref="6419511863" /><nd ref="6416134003" /><tag k="highway" v="footway" /><tag k="oneway" v="no" /></way><way id="800" timestamp="2026-04-01T17:08:12Z" uid="1" user="OSMnx" version="1" changeset="1"><nd ref="6419511863" /><nd ref="6416134004" /><tag k="highway" v="footway" /><tag k="oneway" v="no" /></way><way id="801" timestamp="2026-04-01T17:08:12Z" uid="1" user="OSMnx" version="1" changeset="1"><nd ref="6419511864" /><nd ref="6419511863" /><tag k="highway" v="footway" /><tag k="oneway" v="no" /></way><way id="802" timestamp="2026-04-01T17:08:12Z" uid="1" user="OSMnx" version="1" changeset="1"><nd ref="6419511864" /><nd ref="6419511859" /><tag k="highway" v="footway" /><tag k="oneway" v="no" /></way><way id="803" timestamp="2026-04-01T17:08:12Z" uid="1" user="OSMnx" version="1" changeset="1"><nd ref="6419511865" /><nd ref="6419511861" /><tag k="highway" v="footway" /><tag k="oneway" v="no" /></way><way id="804" timestamp="2026-04-01T17:08:12Z" uid="1" user="OSMnx" version="1" changeset="1"><nd ref="6419511865" /><nd ref="6419511857" /><tag k="highway" v="footway" /><tag k="oneway" v="no" /></way><way id="805" timestamp="2026-04-01T17:08:12Z" uid="1" user="OSMnx" version="1" changeset="1"><nd ref="6419521207" /><nd ref="6419511828" /><tag k="highway" v="footway" /><tag k="oneway" v="no" /></way><way id="806" timestamp="2026-04-01T17:08:12Z" uid="1" user="OSMnx" version="1" changeset="1"><nd ref="6419521207" /><nd ref="6095524406" /><tag k="highway" v="footway" /><tag k="oneway" v="no" /></way><way id="807" timestamp="2026-04-01T17:08:12Z" uid="1" user="OSMnx" version="1" changeset="1"><nd ref="6419521207" /><nd ref="6419521210" /><tag k="highway" v="footway" /><tag k="oneway" v="no" /></way><way id="808" timestamp="2026-04-01T17:08:12Z" uid="1" user="OSMnx" version="1" changeset="1"><nd ref="6419521207" /><nd ref="6419521208" /><tag k="highway" v="footway" /><tag k="oneway" v="no" /></way><way id="809" timestamp="2026-04-01T17:08:12Z" uid="1" user="OSMnx" version="1" changeset="1"><nd ref="6419521208" /><nd ref="6419521207" /><tag k="highway" v="footway" /><tag k="oneway" v="no" /></way><way id="810" timestamp="2026-04-01T17:08:12Z" uid="1" user="OSMnx" version="1" changeset="1"><nd ref="6419521208" /><nd ref="6419521209" /><tag k="highway" v="footway" /><tag k="oneway" v="no" /></way><way id="811" timestamp="2026-04-01T17:08:12Z" uid="1" user="OSMnx" version="1" changeset="1"><nd ref="6419521208" /><nd ref="6419511829" /><tag k="highway" v="footway" /><tag k="oneway" v="no" /></way><way id="812" timestamp="2026-04-01T17:08:12Z" uid="1" user="OSMnx" version="1" changeset="1"><nd ref="6419521208" /><nd ref="6095524404" /><tag k="highway" v="footway" /><tag k="oneway" v="no" /></way><way id="813" timestamp="2026-04-01T17:08:12Z" uid="1" user="OSMnx" version="1" changeset="1"><nd ref="6419521209" /><nd ref="755823892" /><tag k="highway" v="footway" /><tag k="oneway" v="no" /></way><way id="814" timestamp="2026-04-01T17:08:12Z" uid="1" user="OSMnx" version="1" changeset="1"><nd ref="6419521209" /><nd ref="6419511832" /><tag k="highway" v="footway" /><tag k="oneway" v="no" /></way><way id="815" timestamp="2026-04-01T17:08:12Z" uid="1" user="OSMnx" version="1" changeset="1"><nd ref="6419521209" /><nd ref="6419521208" /><tag k="highway" v="footway" /><tag k="oneway" v="no" /></way><way id="816" timestamp="2026-04-01T17:08:12Z" uid="1" user="OSMnx" version="1" changeset="1"><nd ref="6419521209" /><nd ref="6419521211" /><tag k="highway" v="footway" /><tag k="oneway" v="no" /></way><way id="817" timestamp="2026-04-01T17:08:12Z" uid="1" user="OSMnx" version="1" changeset="1"><nd ref="6419521210" /><nd ref="6095524402" /><tag k="highway" v="footway" /><tag k="oneway" v="no" /></way><way id="818" timestamp="2026-04-01T17:08:12Z" uid="1" user="OSMnx" version="1" changeset="1"><nd ref="6419521210" /><nd ref="6421496219" /><tag k="highway" v="footway" /><tag k="oneway" v="no" /></way><way id="819" timestamp="2026-04-01T17:08:12Z" uid="1" user="OSMnx" version="1" changeset="1"><nd ref="6419521210" /><nd ref="6419521207" /><tag k="highway" v="footway" /><tag k="oneway" v="no" /></way><way id="820" timestamp="2026-04-01T17:08:12Z" uid="1" user="OSMnx" version="1" changeset="1"><nd ref="6419521210" /><nd ref="6421720156" /><tag k="highway" v="footway" /><tag k="oneway" v="no" /></way><way id="821" timestamp="2026-04-01T17:08:12Z" uid="1" user="OSMnx" version="1" changeset="1"><nd ref="6419521211" /><nd ref="6421274367" /><tag k="highway" v="footway" /><tag k="oneway" v="no" /></way><way id="822" timestamp="2026-04-01T17:08:12Z" uid="1" user="OSMnx" version="1" changeset="1"><nd ref="6419521211" /><nd ref="6419521209" /><tag k="highway" v="footway" /><tag k="oneway" v="no" /></way><way id="823" timestamp="2026-04-01T17:08:12Z" uid="1" user="OSMnx" version="1" changeset="1"><nd ref="6419521211" /><nd ref="6419553994" /><tag k="highway" v="footway" /><tag k="oneway" v="no" /></way><way id="824" timestamp="2026-04-01T17:08:12Z" uid="1" user="OSMnx" version="1" changeset="1"><nd ref="6419521211" /><nd ref="6421720158" /><tag k="highway" v="footway" /><tag k="oneway" v="no" /></way><way id="825" timestamp="2026-04-01T17:08:12Z" uid="1" user="OSMnx" version="1" changeset="1"><nd ref="6419551260" /><nd ref="12507005390" /><tag k="highway" v="footway" /><tag k="oneway" v="no" /></way><way id="826" timestamp="2026-04-01T17:08:12Z" uid="1" user="OSMnx" version="1" changeset="1"><nd ref="6419551260" /><nd ref="6419498214" /><tag k="highway" v="footway" /><tag k="oneway" v="no" /></way><way id="827" timestamp="2026-04-01T17:08:12Z" uid="1" user="OSMnx" version="1" changeset="1"><nd ref="6419551268" /><nd ref="6447423624" /><tag k="highway" v="footway" /><tag k="oneway" v="no" /></way><way id="828" timestamp="2026-04-01T17:08:12Z" uid="1" user="OSMnx" version="1" changeset="1"><nd ref="6419551268" /><nd ref="6419553995" /><tag k="highway" v="footway" /><tag k="oneway" v="no" /></way><way id="829" timestamp="2026-04-01T17:08:12Z" uid="1" user="OSMnx" version="1" changeset="1"><nd ref="6419551268" /><nd ref="6419554012" /><tag k="highway" v="footway" /><tag k="oneway" v="no" /></way><way id="830" timestamp="2026-04-01T17:08:12Z" uid="1" user="OSMnx" version="1" changeset="1"><nd ref="6419553985" /><nd ref="6419553986" /><tag k="highway" v="footway" /><tag k="oneway" v="no" /></way><way id="831" timestamp="2026-04-01T17:08:12Z" uid="1" user="OSMnx" version="1" changeset="1"><nd ref="6419553985" /><nd ref="6419553988" /><tag k="highway" v="footway" /><tag k="oneway" v="no" /></way><way id="832" timestamp="2026-04-01T17:08:12Z" uid="1" user="OSMnx" version="1" changeset="1"><nd ref="6419553985" /><nd ref="6419553990" /><tag k="highway" v="footway" /><tag k="oneway" v="no" /></way><way id="833" timestamp="2026-04-01T17:08:12Z" uid="1" user="OSMnx" version="1" changeset="1"><nd ref="6419553985" /><nd ref="6419554014" /><tag k="highway" v="footway" /><tag k="oneway" v="no" /></way><way id="834" timestamp="2026-04-01T17:08:12Z" uid="1" user="OSMnx" version="1" changeset="1"><nd ref="6419553986" /><nd ref="6419553987" /><tag k="highway" v="footway" /><tag k="oneway" v="no" /></way><way id="835" timestamp="2026-04-01T17:08:12Z" uid="1" user="OSMnx" version="1" changeset="1"><nd ref="6419553986" /><nd ref="6419553985" /><tag k="highway" v="footway" /><tag k="oneway" v="no" /></way><way id="836" timestamp="2026-04-01T17:08:12Z" uid="1" user="OSMnx" version="1" changeset="1"><nd ref="6419553986" /><nd ref="6419553989" /><tag k="highway" v="footway" /><tag k="oneway" v="no" /></way><way id="837" timestamp="2026-04-01T17:08:12Z" uid="1" user="OSMnx" version="1" changeset="1"><nd ref="6419553986" /><nd ref="6419554016" /><tag k="highway" v="footway" /><tag k="oneway" v="no" /></way><way id="838" timestamp="2026-04-01T17:08:12Z" uid="1" user="OSMnx" version="1" changeset="1"><nd ref="6419553987" /><nd ref="6419553992" /><tag k="highway" v="footway" /><tag k="oneway" v="no" /></way><way id="839" timestamp="2026-04-01T17:08:12Z" uid="1" user="OSMnx" version="1" changeset="1"><nd ref="6419553987" /><nd ref="6419553986" /><tag k="highway" v="footway" /><tag k="oneway" v="no" /></way><way id="840" timestamp="2026-04-01T17:08:12Z" uid="1" user="OSMnx" version="1" changeset="1"><nd ref="6419553988" /><nd ref="6419553985" /><tag k="highway" v="footway" /><tag k="oneway" v="no" /></way><way id="841" timestamp="2026-04-01T17:08:12Z" uid="1" user="OSMnx" version="1" changeset="1"><nd ref="6419553988" /><nd ref="6419554013" /><tag k="highway" v="footway" /><tag k="oneway" v="no" /></way><way id="842" timestamp="2026-04-01T17:08:12Z" uid="1" user="OSMnx" version="1" changeset="1"><nd ref="6419553988" /><nd ref="6419553991" /><tag k="highway" v="footway" /><tag k="oneway" v="no" /></way><way id="843" timestamp="2026-04-01T17:08:12Z" uid="1" user="OSMnx" version="1" changeset="1"><nd ref="6419553989" /><nd ref="6419553990" /><tag k="highway" v="footway" /><tag k="oneway" v="no" /></way><way id="844" timestamp="2026-04-01T17:08:12Z" uid="1" user="OSMnx" version="1" changeset="1"><nd ref="6419553989" /><nd ref="6419553992" /><tag k="highway" v="footway" /><tag k="oneway" v="no" /></way><way id="845" timestamp="2026-04-01T17:08:12Z" uid="1" user="OSMnx" version="1" changeset="1"><nd ref="6419553989" /><nd ref="6419554015" /><tag k="highway" v="footway" /><tag k="oneway" v="no" /></way><way id="846" timestamp="2026-04-01T17:08:12Z" uid="1" user="OSMnx" version="1" changeset="1"><nd ref="6419553989" /><nd ref="6419553986" /><tag k="highway" v="footway" /><tag k="oneway" v="no" /></way><way id="847" timestamp="2026-04-01T17:08:12Z" uid="1" user="OSMnx" version="1" changeset="1"><nd ref="6419553990" /><nd ref="6419553991" /><tag k="highway" v="footway" /><tag k="oneway" v="no" /></way><way id="848" timestamp="2026-04-01T17:08:12Z" uid="1" user="OSMnx" version="1" changeset="1"><nd ref="6419553990" /><nd ref="6419553989" /><tag k="highway" v="footway" /><tag k="oneway" v="no" /></way><way id="849" timestamp="2026-04-01T17:08:12Z" uid="1" user="OSMnx" version="1" changeset="1"><nd ref="6419553990" /><nd ref="6419554021" /><tag k="highway" v="footway" /><tag k="oneway" v="no" /></way><way id="850" timestamp="2026-04-01T17:08:12Z" uid="1" user="OSMnx" version="1" changeset="1"><nd ref="6419553990" /><nd ref="6419553985" /><tag k="highway" v="footway" /><tag k="oneway" v="no" /></way><way id="851" timestamp="2026-04-01T17:08:12Z" uid="1" user="OSMnx" version="1" changeset="1"><nd ref="6419553991" /><nd ref="6419553990" /><tag k="highway" v="footway" /><tag k="oneway" v="no" /></way><way id="852" timestamp="2026-04-01T17:08:12Z" uid="1" user="OSMnx" version="1" changeset="1"><nd ref="6419553991" /><nd ref="6419553988" /><tag k="highway" v="footway" /><tag k="oneway" v="no" /></way><way id="853" timestamp="2026-04-01T17:08:12Z" uid="1" user="OSMnx" version="1" changeset="1"><nd ref="6419553991" /><nd ref="6419554012" /><tag k="highway" v="footway" /><tag k="oneway" v="no" /></way><way id="854" timestamp="2026-04-01T17:08:12Z" uid="1" user="OSMnx" version="1" changeset="1"><nd ref="6419553992" /><nd ref="6419553987" /><tag k="highway" v="footway" /><tag k="oneway" v="no" /></way><way id="855" timestamp="2026-04-01T17:08:12Z" uid="1" user="OSMnx" version="1" changeset="1"><nd ref="6419553992" /><nd ref="6419553989" /><tag k="highway" v="footway" /><tag k="oneway" v="no" /></way><way id="856" timestamp="2026-04-01T17:08:12Z" uid="1" user="OSMnx" version="1" changeset="1"><nd ref="6419553992" /><nd ref="6419554020" /><tag k="highway" v="footway" /><tag k="oneway" v="no" /></way><way id="857" timestamp="2026-04-01T17:08:12Z" uid="1" user="OSMnx" version="1" changeset="1"><nd ref="6419553993" /><nd ref="6419554015" /><tag k="highway" v="footway" /><tag k="oneway" v="no" /></way><way id="858" timestamp="2026-04-01T17:08:12Z" uid="1" user="OSMnx" version="1" changeset="1"><nd ref="6419553993" /><nd ref="6419553994" /><tag k="highway" v="footway" /><tag k="oneway" v="no" /></way><way id="859" timestamp="2026-04-01T17:08:12Z" uid="1" user="OSMnx" version="1" changeset="1"><nd ref="6419553993" /><nd ref="6419553995" /><tag k="highway" v="footway" /><tag k="oneway" v="no" /></way><way id="860" timestamp="2026-04-01T17:08:12Z" uid="1" user="OSMnx" version="1" changeset="1"><nd ref="6419553994" /><nd ref="6419521211" /><tag k="highway" v="footway" /><tag k="oneway" v="no" /></way><way id="861" timestamp="2026-04-01T17:08:12Z" uid="1" user="OSMnx" version="1" changeset="1"><nd ref="6419553994" /><nd ref="6419554020" /><tag k="highway" v="footway" /><tag k="oneway" v="no" /></way><way id="862" timestamp="2026-04-01T17:08:12Z" uid="1" user="OSMnx" version="1" changeset="1"><nd ref="6419553994" /><nd ref="6421274366" /><tag k="highway" v="footway" /><tag k="oneway" v="no" /></way><way id="863" timestamp="2026-04-01T17:08:12Z" uid="1" user="OSMnx" version="1" changeset="1"><nd ref="6419553994" /><nd ref="6419553993" /><tag k="highway" v="footway" /><tag k="oneway" v="no" /></way><way id="864" timestamp="2026-04-01T17:08:12Z" uid="1" user="OSMnx" version="1" changeset="1"><nd ref="6419553995" /><nd ref="6419551268" /><tag k="highway" v="footway" /><tag k="oneway" v="no" /></way><way id="865" timestamp="2026-04-01T17:08:12Z" uid="1" user="OSMnx" version="1" changeset="1"><nd ref="6419553995" /><nd ref="6419553993" /><tag k="highway" v="footway" /><tag k="oneway" v="no" /></way><way id="866" timestamp="2026-04-01T17:08:12Z" uid="1" user="OSMnx" version="1" changeset="1"><nd ref="6419553995" /><nd ref="6419554021" /><tag k="highway" v="footway" /><tag k="oneway" v="no" /></way><way id="867" timestamp="2026-04-01T17:08:12Z" uid="1" user="OSMnx" version="1" changeset="1"><nd ref="6419554008" /><nd ref="6419498214" /><tag k="highway" v="footway" /><tag k="oneway" v="no" /></way><way id="868" timestamp="2026-04-01T17:08:12Z" uid="1" user="OSMnx" version="1" changeset="1"><nd ref="6419554008" /><nd ref="6419498211" /><tag k="highway" v="footway" /><tag k="oneway" v="no" /></way><way id="869" timestamp="2026-04-01T17:08:12Z" uid="1" user="OSMnx" version="1" changeset="1"><nd ref="6419554008" /><nd ref="6419554009" /><tag k="highway" v="footway" /><tag k="oneway" v="no" /></way><way id="870" timestamp="2026-04-01T17:08:12Z" uid="1" user="OSMnx" version="1" changeset="1"><nd ref="6419554009" /><nd ref="6421400607" /><tag k="highway" v="footway" /><tag k="oneway" v="no" /></way><way id="871" timestamp="2026-04-01T17:08:12Z" uid="1" user="OSMnx" version="1" changeset="1"><nd ref="6419554009" /><nd ref="6419554008" /><tag k="highway" v="footway" /><tag k="oneway" v="no" /></way><way id="872" timestamp="2026-04-01T17:08:12Z" uid="1" user="OSMnx" version="1" changeset="1"><nd ref="6419554009" /><nd ref="12587107251" /><tag k="highway" v="service" /><tag k="name" v="故宫东门外" /><tag k="oneway" v="no" /></way><way id="873" timestamp="2026-04-01T17:08:12Z" uid="1" user="OSMnx" version="1" changeset="1"><nd ref="6419554010" /><nd ref="6419554022" /><tag k="highway" v="footway" /><tag k="oneway" v="no" /></way><way id="874" timestamp="2026-04-01T17:08:12Z" uid="1" user="OSMnx" version="1" changeset="1"><nd ref="6419554010" /><nd ref="6421400607" /><tag k="highway" v="footway" /><tag k="oneway" v="no" /></way><way id="875" timestamp="2026-04-01T17:08:12Z" uid="1" user="OSMnx" version="1" changeset="1"><nd ref="6419554010" /><nd ref="6447423627" /><tag k="highway" v="footway" /><tag k="oneway" v="no" /></way><way id="876" timestamp="2026-04-01T17:08:12Z" uid="1" user="OSMnx" version="1" changeset="1"><nd ref="6419554012" /><nd ref="6419554021" /><tag k="highway" v="footway" /><tag k="oneway" v="no" /></way><way id="877" timestamp="2026-04-01T17:08:12Z" uid="1" user="OSMnx" version="1" changeset="1"><nd ref="6419554012" /><nd ref="6447423625" /><tag k="highway" v="footway" /><tag k="oneway" v="no" /></way><way id="878" timestamp="2026-04-01T17:08:12Z" uid="1" user="OSMnx" version="1" changeset="1"><nd ref="6419554012" /><nd ref="6419553991" /><tag k="highway" v="footway" /><tag k="oneway" v="no" /></way><way id="879" timestamp="2026-04-01T17:08:12Z" uid="1" user="OSMnx" version="1" changeset="1"><nd ref="6419554012" /><nd ref="6419551268" /><tag k="highway" v="footway" /><tag k="oneway" v="no" /></way><way id="880" timestamp="2026-04-01T17:08:12Z" uid="1" user="OSMnx" version="1" changeset="1"><nd ref="6419554013" /><nd ref="6419554014" /><tag k="highway" v="footway" /><tag k="oneway" v="no" /></way><way id="881" timestamp="2026-04-01T17:08:12Z" uid="1" user="OSMnx" version="1" changeset="1"><nd ref="6419554013" /><nd ref="6419553988" /><tag k="highway" v="footway" /><tag k="oneway" v="no" /></way><way id="882" timestamp="2026-04-01T17:08:12Z" uid="1" user="OSMnx" version="1" changeset="1"><nd ref="6419554014" /><nd ref="6419554016" /><tag k="highway" v="footway" /><tag k="oneway" v="no" /></way><way id="883" timestamp="2026-04-01T17:08:12Z" uid="1" user="OSMnx" version="1" changeset="1"><nd ref="6419554014" /><nd ref="6419554013" /><tag k="highway" v="footway" /><tag k="oneway" v="no" /></way><way id="884" timestamp="2026-04-01T17:08:12Z" uid="1" user="OSMnx" version="1" changeset="1"><nd ref="6419554014" /><nd ref="6419553985" /><tag k="highway" v="footway" /><tag k="oneway" v="no" /></way><way id="885" timestamp="2026-04-01T17:08:12Z" uid="1" user="OSMnx" version="1" changeset="1"><nd ref="6419554014" /><nd ref="6419554019" /><tag k="highway" v="footway" /><tag k="oneway" v="no" /></way><way id="886" timestamp="2026-04-01T17:08:12Z" uid="1" user="OSMnx" version="1" changeset="1"><nd ref="6419554015" /><nd ref="6419554020" /><tag k="highway" v="footway" /><tag k="oneway" v="no" /></way><way id="887" timestamp="2026-04-01T17:08:12Z" uid="1" user="OSMnx" version="1" changeset="1"><nd ref="6419554015" /><nd ref="6419554021" /><tag k="highway" v="footway" /><tag k="oneway" v="no" /></way><way id="888" timestamp="2026-04-01T17:08:12Z" uid="1" user="OSMnx" version="1" changeset="1"><nd ref="6419554015" /><nd ref="6419553993" /><tag k="highway" v="footway" /><tag k="oneway" v="no" /></way><way id="889" timestamp="2026-04-01T17:08:12Z" uid="1" user="OSMnx" version="1" changeset="1"><nd ref="6419554015" /><nd ref="6419553989" /><tag k="highway" v="footway" /><tag k="oneway" v="no" /></way><way id="890" timestamp="2026-04-01T17:08:12Z" uid="1" user="OSMnx" version="1" changeset="1"><nd ref="6419554016" /><nd ref="6419553986" /><tag k="highway" v="footway" /><tag k="oneway" v="no" /></way><way id="891" timestamp="2026-04-01T17:08:12Z" uid="1" user="OSMnx" version="1" changeset="1"><nd ref="6419554016" /><nd ref="6419554014" /><tag k="highway" v="footway" /><tag k="oneway" v="no" /></way><way id="892" timestamp="2026-04-01T17:08:12Z" uid="1" user="OSMnx" version="1" changeset="1"><nd ref="6419554019" /><nd ref="6419554014" /><tag k="highway" v="footway" /><tag k="oneway" v="no" /></way><way id="893" timestamp="2026-04-01T17:08:12Z" uid="1" user="OSMnx" version="1" changeset="1"><nd ref="6419554019" /><nd ref="12587139902" /><tag k="highway" v="service" /><tag k="oneway" v="no" /></way><way id="894" timestamp="2026-04-01T17:08:12Z" uid="1" user="OSMnx" version="1" changeset="1"><nd ref="6419554020" /><nd ref="6419553994" /><tag k="highway" v="footway" /><tag k="oneway" v="no" /></way><way id="895" timestamp="2026-04-01T17:08:12Z" uid="1" user="OSMnx" version="1" changeset="1"><nd ref="6419554020" /><nd ref="6419554015" /><tag k="highway" v="footway" /><tag k="oneway" v="no" /></way><way id="896" timestamp="2026-04-01T17:08:12Z" uid="1" user="OSMnx" version="1" changeset="1"><nd ref="6419554020" /><nd ref="6419553992" /><tag k="highway" v="footway" /><tag k="oneway" v="no" /></way><way id="897" timestamp="2026-04-01T17:08:12Z" uid="1" user="OSMnx" version="1" changeset="1"><nd ref="6419554021" /><nd ref="6419554015" /><tag k="highway" v="footway" /><tag k="oneway" v="no" /></way><way id="898" timestamp="2026-04-01T17:08:12Z" uid="1" user="OSMnx" version="1" changeset="1"><nd ref="6419554021" /><nd ref="6419554012" /><tag k="highway" v="footway" /><tag k="oneway" v="no" /></way><way id="899" timestamp="2026-04-01T17:08:12Z" uid="1" user="OSMnx" version="1" changeset="1"><nd ref="6419554021" /><nd ref="6419553995" /><tag k="highway" v="footway" /><tag k="oneway" v="no" /></way><way id="900" timestamp="2026-04-01T17:08:12Z" uid="1" user="OSMnx" version="1" changeset="1"><nd ref="6419554021" /><nd ref="6419553990" /><tag k="highway" v="footway" /><tag k="oneway" v="no" /></way><way id="901" timestamp="2026-04-01T17:08:12Z" uid="1" user="OSMnx" version="1" changeset="1"><nd ref="6419554022" /><nd ref="6447423626" /><tag k="highway" v="footway" /><tag k="oneway" v="no" /></way><way id="902" timestamp="2026-04-01T17:08:12Z" uid="1" user="OSMnx" version="1" changeset="1"><nd ref="6419554022" /><nd ref="6419554010" /><tag k="highway" v="footway" /><tag k="oneway" v="no" /></way><way id="903" timestamp="2026-04-01T17:08:12Z" uid="1" user="OSMnx" version="1" changeset="1"><nd ref="6421274366" /><nd ref="6421749054" /><tag k="highway" v="footway" /><tag k="oneway" v="no" /></way><way id="904" timestamp="2026-04-01T17:08:12Z" uid="1" user="OSMnx" version="1" changeset="1"><nd ref="6421274366" /><nd ref="6419553994" /><tag k="highway" v="footway" /><tag k="oneway" v="no" /></way><way id="905" timestamp="2026-04-01T17:08:12Z" uid="1" user="OSMnx" version="1" changeset="1"><nd ref="6421274367" /><nd ref="6095524415" /><tag k="highway" v="footway" /><tag k="oneway" v="no" /></way><way id="906" timestamp="2026-04-01T17:08:12Z" uid="1" user="OSMnx" version="1" changeset="1"><nd ref="6421274367" /><nd ref="6419521211" /><tag k="highway" v="footway" /><tag k="oneway" v="no" /></way><way id="907" timestamp="2026-04-01T17:08:12Z" uid="1" user="OSMnx" version="1" changeset="1"><nd ref="6421274368" /><nd ref="6440375808" /><tag k="highway" v="footway" /><tag k="oneway" v="no" /></way><way id="908" timestamp="2026-04-01T17:08:12Z" uid="1" user="OSMnx" version="1" changeset="1"><nd ref="6421274368" /><nd ref="6440375809" /><tag k="highway" v="footway" /><tag k="oneway" v="no" /></way><way id="909" timestamp="2026-04-01T17:08:12Z" uid="1" user="OSMnx" version="1" changeset="1"><nd ref="6421274368" /><nd ref="6013409985" /><tag k="highway" v="footway" /><tag k="oneway" v="no" /></way><way id="910" timestamp="2026-04-01T17:08:12Z" uid="1" user="OSMnx" version="1" changeset="1"><nd ref="6421400516" /><nd ref="6421400545" /><tag k="highway" v="footway" /><tag k="oneway" v="no" /></way><way id="911" timestamp="2026-04-01T17:08:12Z" uid="1" user="OSMnx" version="1" changeset="1"><nd ref="6421400516" /><nd ref="6421400518" /><tag k="highway" v="footway" /><tag k="oneway" v="no" /></way><way id="912" timestamp="2026-04-01T17:08:12Z" uid="1" user="OSMnx" version="1" changeset="1"><nd ref="6421400518" /><nd ref="6421400516" /><tag k="highway" v="footway" /><tag k="oneway" v="no" /></way><way id="913" timestamp="2026-04-01T17:08:12Z" uid="1" user="OSMnx" version="1" changeset="1"><nd ref="6421400518" /><nd ref="6421400520" /><tag k="highway" v="footway" /><tag k="oneway" v="no" /></way><way id="914" timestamp="2026-04-01T17:08:12Z" uid="1" user="OSMnx" version="1" changeset="1"><nd ref="6421400519" /><nd ref="6421400546" /><tag k="highway" v="footway" /><tag k="oneway" v="no" /></way><way id="915" timestamp="2026-04-01T17:08:12Z" uid="1" user="OSMnx" version="1" changeset="1"><nd ref="6421400519" /><nd ref="6421400521" /><tag k="highway" v="footway" /><tag k="oneway" v="no" /></way><way id="916" timestamp="2026-04-01T17:08:12Z" uid="1" user="OSMnx" version="1" changeset="1"><nd ref="6421400520" /><nd ref="6421400518" /><tag k="highway" v="footway" /><tag k="oneway" v="no" /></way><way id="917" timestamp="2026-04-01T17:08:12Z" uid="1" user="OSMnx" version="1" changeset="1"><nd ref="6421400520" /><nd ref="6421400551" /><tag k="highway" v="footway" /><tag k="oneway" v="no" /></way><way id="918" timestamp="2026-04-01T17:08:12Z" uid="1" user="OSMnx" version="1" changeset="1"><nd ref="6421400520" /><nd ref="6421400521" /><tag k="highway" v="footway" /><tag k="oneway" v="no" /></way><way id="919" timestamp="2026-04-01T17:08:12Z" uid="1" user="OSMnx" version="1" changeset="1"><nd ref="6421400521" /><nd ref="6421400519" /><tag k="highway" v="footway" /><tag k="oneway" v="no" /></way><way id="920" timestamp="2026-04-01T17:08:12Z" uid="1" user="OSMnx" version="1" changeset="1"><nd ref="6421400521" /><nd ref="6421400520" /><tag k="highway" v="footway" /><tag k="oneway" v="no" /></way><way id="921" timestamp="2026-04-01T17:08:12Z" uid="1" user="OSMnx" version="1" changeset="1"><nd ref="6421400521" /><nd ref="6421400522" /><tag k="highway" v="footway" /><tag k="oneway" v="no" /></way><way id="922" timestamp="2026-04-01T17:08:12Z" uid="1" user="OSMnx" version="1" changeset="1"><nd ref="6421400522" /><nd ref="6421400521" /><tag k="highway" v="footway" /><tag k="oneway" v="no" /></way><way id="923" timestamp="2026-04-01T17:08:12Z" uid="1" user="OSMnx" version="1" changeset="1"><nd ref="6421400522" /><nd ref="6421450362" /><tag k="highway" v="footway" /><tag k="oneway" v="no" /></way><way id="924" timestamp="2026-04-01T17:08:12Z" uid="1" user="OSMnx" version="1" changeset="1"><nd ref="6421400531" /><nd ref="6421400558" /><tag k="highway" v="footway" /><tag k="oneway" v="no" /></way><way id="925" timestamp="2026-04-01T17:08:12Z" uid="1" user="OSMnx" version="1" changeset="1"><nd ref="6421400531" /><nd ref="6421400548" /><tag k="highway" v="footway" /><tag k="oneway" v="no" /></way><way id="926" timestamp="2026-04-01T17:08:12Z" uid="1" user="OSMnx" version="1" changeset="1"><nd ref="6421400545" /><nd ref="6095524425" /><tag k="highway" v="footway" /><tag k="oneway" v="no" /></way><way id="927" timestamp="2026-04-01T17:08:12Z" uid="1" user="OSMnx" version="1" changeset="1"><nd ref="6421400545" /><nd ref="6421400516" /><tag k="highway" v="footway" /><tag k="oneway" v="no" /></way><way id="928" timestamp="2026-04-01T17:08:12Z" uid="1" user="OSMnx" version="1" changeset="1"><nd ref="6421400545" /><nd ref="6421400546" /><tag k="highway" v="footway" /><tag k="oneway" v="no" /></way><way id="929" timestamp="2026-04-01T17:08:12Z" uid="1" user="OSMnx" version="1" changeset="1"><nd ref="6421400546" /><nd ref="6095524421" /><tag k="highway" v="footway" /><tag k="oneway" v="no" /></way><way id="930" timestamp="2026-04-01T17:08:12Z" uid="1" user="OSMnx" version="1" changeset="1"><nd ref="6421400546" /><nd ref="6421400519" /><tag k="highway" v="footway" /><tag k="oneway" v="no" /></way><way id="931" timestamp="2026-04-01T17:08:12Z" uid="1" user="OSMnx" version="1" changeset="1"><nd ref="6421400546" /><nd ref="6421400545" /><tag k="highway" v="footway" /><tag k="oneway" v="no" /></way><way id="932" timestamp="2026-04-01T17:08:12Z" uid="1" user="OSMnx" version="1" changeset="1"><nd ref="6421400548" /><nd ref="6421400531" /><tag k="highway" v="footway" /><tag k="oneway" v="no" /></way><way id="933" timestamp="2026-04-01T17:08:12Z" uid="1" user="OSMnx" version="1" changeset="1"><nd ref="6421400548" /><nd ref="6421400551" /><tag k="highway" v="footway" /><tag k="oneway" v="no" /></way><way id="934" timestamp="2026-04-01T17:08:12Z" uid="1" user="OSMnx" version="1" changeset="1"><nd ref="6421400551" /><nd ref="6421400548" /><tag k="highway" v="footway" /><tag k="oneway" v="no" /></way><way id="935" timestamp="2026-04-01T17:08:12Z" uid="1" user="OSMnx" version="1" changeset="1"><nd ref="6421400551" /><nd ref="6421400520" /><tag k="highway" v="footway" /><tag k="oneway" v="no" /></way><way id="936" timestamp="2026-04-01T17:08:12Z" uid="1" user="OSMnx" version="1" changeset="1"><nd ref="6421400552" /><nd ref="6421400558" /><tag k="highway" v="footway" /><tag k="oneway" v="no" /></way><way id="937" timestamp="2026-04-01T17:08:12Z" uid="1" user="OSMnx" version="1" changeset="1"><nd ref="6421400558" /><nd ref="6421400552" /><tag k="highway" v="footway" /><tag k="oneway" v="no" /></way><way id="938" timestamp="2026-04-01T17:08:12Z" uid="1" user="OSMnx" version="1" changeset="1"><nd ref="6421400558" /><nd ref="6421400531" /><tag k="highway" v="footway" /><tag k="oneway" v="no" /></way><way id="939" timestamp="2026-04-01T17:08:12Z" uid="1" user="OSMnx" version="1" changeset="1"><nd ref="6421400596" /><nd ref="6421400609" /><tag k="highway" v="footway" /><tag k="oneway" v="no" /></way><way id="940" timestamp="2026-04-01T17:08:12Z" uid="1" user="OSMnx" version="1" changeset="1"><nd ref="6421400596" /><nd ref="6421400612" /><tag k="highway" v="footway" /><tag k="oneway" v="no" /></way><way id="941" timestamp="2026-04-01T17:08:12Z" uid="1" user="OSMnx" version="1" changeset="1"><nd ref="6421400598" /><nd ref="6421400601" /><tag k="highway" v="footway" /><tag k="oneway" v="no" /></way><way id="942" timestamp="2026-04-01T17:08:12Z" uid="1" user="OSMnx" version="1" changeset="1"><nd ref="6421400600" /><nd ref="6419496379" /><tag k="highway" v="footway" /><tag k="oneway" v="no" /></way><way id="943" timestamp="2026-04-01T17:08:12Z" uid="1" user="OSMnx" version="1" changeset="1"><nd ref="6421400600" /><nd ref="6421400601" /><tag k="highway" v="footway" /><tag k="oneway" v="no" /></way><way id="944" timestamp="2026-04-01T17:08:12Z" uid="1" user="OSMnx" version="1" changeset="1"><nd ref="6421400601" /><nd ref="6419496378" /><tag k="highway" v="footway" /><tag k="oneway" v="no" /></way><way id="945" timestamp="2026-04-01T17:08:12Z" uid="1" user="OSMnx" version="1" changeset="1"><nd ref="6421400601" /><nd ref="6421400598" /><tag k="highway" v="footway" /><tag k="oneway" v="no" /></way><way id="946" timestamp="2026-04-01T17:08:12Z" uid="1" user="OSMnx" version="1" changeset="1"><nd ref="6421400601" /><nd ref="6421400600" /><tag k="highway" v="footway" /><tag k="oneway" v="no" /></way><way id="947" timestamp="2026-04-01T17:08:12Z" uid="1" user="OSMnx" version="1" changeset="1"><nd ref="6421400602" /><nd ref="6419496383" /><tag k="highway" v="footway" /><tag k="oneway" v="no" /></way><way id="948" timestamp="2026-04-01T17:08:12Z" uid="1" user="OSMnx" version="1" changeset="1"><nd ref="6421400602" /><nd ref="6421407910" /><tag k="highway" v="footway" /><tag k="oneway" v="no" /></way><way id="949" timestamp="2026-04-01T17:08:12Z" uid="1" user="OSMnx" version="1" changeset="1"><nd ref="6421400602" /><nd ref="6421400603" /><tag k="highway" v="footway" /><tag k="oneway" v="no" /></way><way id="950" timestamp="2026-04-01T17:08:12Z" uid="1" user="OSMnx" version="1" changeset="1"><nd ref="6421400602" /><nd ref="12507005390" /><tag k="highway" v="footway" /><tag k="oneway" v="no" /></way><way id="951" timestamp="2026-04-01T17:08:12Z" uid="1" user="OSMnx" version="1" changeset="1"><nd ref="6421400603" /><nd ref="6421407911" /><tag k="highway" v="footway" /><tag k="oneway" v="no" /></way><way id="952" timestamp="2026-04-01T17:08:12Z" uid="1" user="OSMnx" version="1" changeset="1"><nd ref="6421400603" /><nd ref="6419496382" /><tag k="highway" v="footway" /><tag k="oneway" v="no" /></way><way id="953" timestamp="2026-04-01T17:08:12Z" uid="1" user="OSMnx" version="1" changeset="1"><nd ref="6421400603" /><nd ref="6421400602" /><tag k="highway" v="footway" /><tag k="oneway" v="no" /></way><way id="954" timestamp="2026-04-01T17:08:12Z" uid="1" user="OSMnx" version="1" changeset="1"><nd ref="6421400604" /><nd ref="6419496378" /><tag k="highway" v="footway" /><tag k="oneway" v="no" /></way><way id="955" timestamp="2026-04-01T17:08:12Z" uid="1" user="OSMnx" version="1" changeset="1"><nd ref="6421400604" /><nd ref="6419496384" /><tag k="highway" v="footway" /><tag k="oneway" v="no" /></way><way id="956" timestamp="2026-04-01T17:08:12Z" uid="1" user="OSMnx" version="1" changeset="1"><nd ref="6421400604" /><nd ref="6421400605" /><tag k="highway" v="footway" /><tag k="oneway" v="no" /></way><way id="957" timestamp="2026-04-01T17:08:12Z" uid="1" user="OSMnx" version="1" changeset="1"><nd ref="6421400605" /><nd ref="6419496380" /><tag k="highway" v="footway" /><tag k="oneway" v="no" /></way><way id="958" timestamp="2026-04-01T17:08:12Z" uid="1" user="OSMnx" version="1" changeset="1"><nd ref="6421400605" /><nd ref="6419498185" /><tag k="highway" v="footway" /><tag k="oneway" v="no" /></way><way id="959" timestamp="2026-04-01T17:08:12Z" uid="1" user="OSMnx" version="1" changeset="1"><nd ref="6421400605" /><nd ref="6421400606" /><tag k="highway" v="footway" /><tag k="oneway" v="no" /></way><way id="960" timestamp="2026-04-01T17:08:12Z" uid="1" user="OSMnx" version="1" changeset="1"><nd ref="6421400605" /><nd ref="6421400604" /><tag k="highway" v="footway" /><tag k="oneway" v="no" /></way><way id="961" timestamp="2026-04-01T17:08:12Z" uid="1" user="OSMnx" version="1" changeset="1"><nd ref="6421400606" /><nd ref="6419496382" /><tag k="highway" v="footway" /><tag k="oneway" v="no" /></way><way id="962" timestamp="2026-04-01T17:08:12Z" uid="1" user="OSMnx" version="1" changeset="1"><nd ref="6421400606" /><nd ref="6419498186" /><tag k="highway" v="footway" /><tag k="oneway" v="no" /></way><way id="963" timestamp="2026-04-01T17:08:12Z" uid="1" user="OSMnx" version="1" changeset="1"><nd ref="6421400606" /><nd ref="6421400607" /><tag k="highway" v="footway" /><tag k="oneway" v="no" /></way><way id="964" timestamp="2026-04-01T17:08:12Z" uid="1" user="OSMnx" version="1" changeset="1"><nd ref="6421400606" /><nd ref="6421400605" /><tag k="highway" v="footway" /><tag k="oneway" v="no" /></way><way id="965" timestamp="2026-04-01T17:08:12Z" uid="1" user="OSMnx" version="1" changeset="1"><nd ref="6421400607" /><nd ref="6419554010" /><tag k="highway" v="footway" /><tag k="oneway" v="no" /></way><way id="966" timestamp="2026-04-01T17:08:12Z" uid="1" user="OSMnx" version="1" changeset="1"><nd ref="6421400607" /><nd ref="6419554009" /><tag k="highway" v="footway" /><tag k="oneway" v="no" /></way><way id="967" timestamp="2026-04-01T17:08:12Z" uid="1" user="OSMnx" version="1" changeset="1"><nd ref="6421400607" /><nd ref="12587107279" /><tag k="highway" v="footway" /><tag k="oneway" v="no" /></way><way id="968" timestamp="2026-04-01T17:08:12Z" uid="1" user="OSMnx" version="1" changeset="1"><nd ref="6421400607" /><nd ref="6421400606" /><tag k="highway" v="footway" /><tag k="oneway" v="no" /></way><way id="969" timestamp="2026-04-01T17:08:12Z" uid="1" user="OSMnx" version="1" changeset="1"><nd ref="6421400609" /><nd ref="6421400620" /><tag k="highway" v="footway" /><tag k="oneway" v="no" /></way><way id="970" timestamp="2026-04-01T17:08:12Z" uid="1" user="OSMnx" version="1" changeset="1"><nd ref="6421400609" /><nd ref="6421400596" /><tag k="highway" v="footway" /><tag k="oneway" v="no" /></way><way id="971" timestamp="2026-04-01T17:08:12Z" uid="1" user="OSMnx" version="1" changeset="1"><nd ref="6421400610" /><nd ref="6421400612" /><tag k="highway" v="footway" /><tag k="oneway" v="no" /></way><way id="972" timestamp="2026-04-01T17:08:12Z" uid="1" user="OSMnx" version="1" changeset="1"><nd ref="6421400610" /><nd ref="6421400611" /><tag k="highway" v="footway" /><tag k="oneway" v="no" /></way><way id="973" timestamp="2026-04-01T17:08:12Z" uid="1" user="OSMnx" version="1" changeset="1"><nd ref="6421400610" /><nd ref="8742615451" /><tag k="highway" v="footway" /><tag k="oneway" v="no" /></way><way id="974" timestamp="2026-04-01T17:08:12Z" uid="1" user="OSMnx" version="1" changeset="1"><nd ref="6421400611" /><nd ref="6421400619" /><tag k="highway" v="footway" /><tag k="oneway" v="no" /></way><way id="975" timestamp="2026-04-01T17:08:12Z" uid="1" user="OSMnx" version="1" changeset="1"><nd ref="6421400611" /><nd ref="6421400610" /><tag k="highway" v="footway" /><tag k="oneway" v="no" /></way><way id="976" timestamp="2026-04-01T17:08:12Z" uid="1" user="OSMnx" version="1" changeset="1"><nd ref="6421400612" /><nd ref="6421400596" /><tag k="highway" v="footway" /><tag k="oneway" v="no" /></way><way id="977" timestamp="2026-04-01T17:08:12Z" uid="1" user="OSMnx" version="1" changeset="1"><nd ref="6421400612" /><nd ref="6421400610" /><tag k="highway" v="footway" /><tag k="oneway" v="no" /></way><way id="978" timestamp="2026-04-01T17:08:12Z" uid="1" user="OSMnx" version="1" changeset="1"><nd ref="6421400614" /><nd ref="6421400615" /><tag k="highway" v="footway" /><tag k="oneway" v="no" /></way><way id="979" timestamp="2026-04-01T17:08:12Z" uid="1" user="OSMnx" version="1" changeset="1"><nd ref="6421400614" /><nd ref="6421400616" /><tag k="highway" v="footway" /><tag k="oneway" v="no" /></way><way id="980" timestamp="2026-04-01T17:08:12Z" uid="1" user="OSMnx" version="1" changeset="1"><nd ref="6421400614" /><nd ref="6421400617" /><tag k="highway" v="footway" /><tag k="oneway" v="no" /></way><way id="981" timestamp="2026-04-01T17:08:12Z" uid="1" user="OSMnx" version="1" changeset="1"><nd ref="6421400614" /><nd ref="6421400623" /><tag k="highway" v="footway" /><tag k="oneway" v="no" /></way><way id="982" timestamp="2026-04-01T17:08:12Z" uid="1" user="OSMnx" version="1" changeset="1"><nd ref="6421400615" /><nd ref="6421400614" /><tag k="highway" v="footway" /><tag k="oneway" v="no" /></way><way id="983" timestamp="2026-04-01T17:08:12Z" uid="1" user="OSMnx" version="1" changeset="1"><nd ref="6421400615" /><nd ref="6421400618" /><tag k="highway" v="footway" /><tag k="oneway" v="no" /></way><way id="984" timestamp="2026-04-01T17:08:12Z" uid="1" user="OSMnx" version="1" changeset="1"><nd ref="6421400615" /><nd ref="6421400617" /><tag k="highway" v="footway" /><tag k="oneway" v="no" /></way><way id="985" timestamp="2026-04-01T17:08:12Z" uid="1" user="OSMnx" version="1" changeset="1"><nd ref="6421400616" /><nd ref="6421400625" /><tag k="highway" v="footway" /><tag k="oneway" v="no" /></way><way id="986" timestamp="2026-04-01T17:08:12Z" uid="1" user="OSMnx" version="1" changeset="1"><nd ref="6421400616" /><nd ref="6421400622" /><tag k="highway" v="footway" /><tag k="oneway" v="no" /></way><way id="987" timestamp="2026-04-01T17:08:12Z" uid="1" user="OSMnx" version="1" changeset="1"><nd ref="6421400616" /><nd ref="6421400614" /><tag k="highway" v="footway" /><tag k="oneway" v="no" /></way><way id="988" timestamp="2026-04-01T17:08:12Z" uid="1" user="OSMnx" version="1" changeset="1"><nd ref="6421400617" /><nd ref="6421400615" /><tag k="highway" v="footway" /><tag k="oneway" v="no" /></way><way id="989" timestamp="2026-04-01T17:08:12Z" uid="1" user="OSMnx" version="1" changeset="1"><nd ref="6421400617" /><nd ref="6421400622" /><tag k="highway" v="footway" /><tag k="oneway" v="no" /></way><way id="990" timestamp="2026-04-01T17:08:12Z" uid="1" user="OSMnx" version="1" changeset="1"><nd ref="6421400617" /><nd ref="6421400614" /><tag k="highway" v="footway" /><tag k="oneway" v="no" /></way><way id="991" timestamp="2026-04-01T17:08:12Z" uid="1" user="OSMnx" version="1" changeset="1"><nd ref="6421400618" /><nd ref="6421400621" /><tag k="highway" v="footway" /><tag k="oneway" v="no" /></way><way id="992" timestamp="2026-04-01T17:08:12Z" uid="1" user="OSMnx" version="1" changeset="1"><nd ref="6421400618" /><nd ref="6421400615" /><tag k="highway" v="footway" /><tag k="oneway" v="no" /></way><way id="993" timestamp="2026-04-01T17:08:12Z" uid="1" user="OSMnx" version="1" changeset="1"><nd ref="6421400618" /><nd ref="6421400623" /><tag k="highway" v="footway" /><tag k="oneway" v="no" /></way><way id="994" timestamp="2026-04-01T17:08:12Z" uid="1" user="OSMnx" version="1" changeset="1"><nd ref="6421400619" /><nd ref="6421400611" /><tag k="highway" v="footway" /><tag k="oneway" v="no" /></way><way id="995" timestamp="2026-04-01T17:08:12Z" uid="1" user="OSMnx" version="1" changeset="1"><nd ref="6421400619" /><nd ref="6421400625" /><tag k="highway" v="footway" /><tag k="oneway" v="no" /></way><way id="996" timestamp="2026-04-01T17:08:12Z" uid="1" user="OSMnx" version="1" changeset="1"><nd ref="6421400619" /><nd ref="8742615451" /><tag k="highway" v="footway" /><tag k="oneway" v="no" /></way><way id="997" timestamp="2026-04-01T17:08:12Z" uid="1" user="OSMnx" version="1" changeset="1"><nd ref="6421400620" /><nd ref="6421400609" /><tag k="highway" v="footway" /><tag k="oneway" v="no" /></way><way id="998" timestamp="2026-04-01T17:08:12Z" uid="1" user="OSMnx" version="1" changeset="1"><nd ref="6421400620" /><nd ref="8742615451" /><tag k="highway" v="footway" /><tag k="oneway" v="no" /></way><way id="999" timestamp="2026-04-01T17:08:12Z" uid="1" user="OSMnx" version="1" changeset="1"><nd ref="6421400620" /><nd ref="733788152" /><tag k="highway" v="footway" /><tag k="oneway" v="no" /></way><way id="1000" timestamp="2026-04-01T17:08:12Z" uid="1" user="OSMnx" version="1" changeset="1"><nd ref="6421400621" /><nd ref="733788152" /><tag k="highway" v="footway" /><tag k="oneway" v="no" /></way><way id="1001" timestamp="2026-04-01T17:08:12Z" uid="1" user="OSMnx" version="1" changeset="1"><nd ref="6421400621" /><nd ref="6421400618" /><tag k="highway" v="footway" /><tag k="oneway" v="no" /></way><way id="1002" timestamp="2026-04-01T17:08:12Z" uid="1" user="OSMnx" version="1" changeset="1"><nd ref="6421400622" /><nd ref="6421400616" /><tag k="highway" v="footway" /><tag k="oneway" v="no" /></way><way id="1003" timestamp="2026-04-01T17:08:12Z" uid="1" user="OSMnx" version="1" changeset="1"><nd ref="6421400622" /><nd ref="6421400629" /><tag k="highway" v="footway" /><tag k="oneway" v="no" /></way><way id="1004" timestamp="2026-04-01T17:08:12Z" uid="1" user="OSMnx" version="1" changeset="1"><nd ref="6421400622" /><nd ref="6421400617" /><tag k="highway" v="footway" /><tag k="oneway" v="no" /></way><way id="1005" timestamp="2026-04-01T17:08:12Z" uid="1" user="OSMnx" version="1" changeset="1"><nd ref="6421400623" /><nd ref="6421400614" /><tag k="highway" v="footway" /><tag k="oneway" v="no" /></way><way id="1006" timestamp="2026-04-01T17:08:12Z" uid="1" user="OSMnx" version="1" changeset="1"><nd ref="6421400623" /><nd ref="8742615451" /><tag k="highway" v="footway" /><tag k="oneway" v="no" /></way><way id="1007" timestamp="2026-04-01T17:08:12Z" uid="1" user="OSMnx" version="1" changeset="1"><nd ref="6421400623" /><nd ref="6421400618" /><tag k="highway" v="footway" /><tag k="oneway" v="no" /></way><way id="1008" timestamp="2026-04-01T17:08:12Z" uid="1" user="OSMnx" version="1" changeset="1"><nd ref="6421400623" /><nd ref="6421400625" /><tag k="highway" v="footway" /><tag k="oneway" v="no" /></way><way id="1009" timestamp="2026-04-01T17:08:12Z" uid="1" user="OSMnx" version="1" changeset="1"><nd ref="6421400625" /><nd ref="6421400619" /><tag k="highway" v="footway" /><tag k="oneway" v="no" /></way><way id="1010" timestamp="2026-04-01T17:08:12Z" uid="1" user="OSMnx" version="1" changeset="1"><nd ref="6421400625" /><nd ref="6421400616" /><tag k="highway" v="footway" /><tag k="oneway" v="no" /></way><way id="1011" timestamp="2026-04-01T17:08:12Z" uid="1" user="OSMnx" version="1" changeset="1"><nd ref="6421400625" /><nd ref="6421400623" /><tag k="highway" v="footway" /><tag k="oneway" v="no" /></way><way id="1012" timestamp="2026-04-01T17:08:12Z" uid="1" user="OSMnx" version="1" changeset="1"><nd ref="6421400629" /><nd ref="6421400622" /><tag k="highway" v="footway" /><tag k="oneway" v="no" /></way><way id="1013" timestamp="2026-04-01T17:08:12Z" uid="1" user="OSMnx" version="1" changeset="1"><nd ref="6421400629" /><nd ref="6421496219" /><tag k="highway" v="footway" /><tag k="oneway" v="no" /></way><way id="1014" timestamp="2026-04-01T17:08:12Z" uid="1" user="OSMnx" version="1" changeset="1"><nd ref="6421407907" /><nd ref="12507005391" /><tag k="highway" v="footway" /><tag k="oneway" v="no" /></way><way id="1015" timestamp="2026-04-01T17:08:12Z" uid="1" user="OSMnx" version="1" changeset="1"><nd ref="6421407910" /><nd ref="6421400602" /><tag k="highway" v="footway" /><tag k="oneway" v="no" /></way><way id="1016" timestamp="2026-04-01T17:08:12Z" uid="1" user="OSMnx" version="1" changeset="1"><nd ref="6421407910" /><nd ref="6419498214" /><tag k="highway" v="footway" /><tag k="oneway" v="no" /></way><way id="1017" timestamp="2026-04-01T17:08:12Z" uid="1" user="OSMnx" version="1" changeset="1"><nd ref="6421407910" /><nd ref="6421407911" /><tag k="highway" v="footway" /><tag k="oneway" v="no" /></way><way id="1018" timestamp="2026-04-01T17:08:12Z" uid="1" user="OSMnx" version="1" changeset="1"><nd ref="6421407911" /><nd ref="6419498211" /><tag k="highway" v="footway" /><tag k="oneway" v="no" /></way><way id="1019" timestamp="2026-04-01T17:08:12Z" uid="1" user="OSMnx" version="1" changeset="1"><nd ref="6421407911" /><nd ref="6421400603" /><tag k="highway" v="footway" /><tag k="oneway" v="no" /></way><way id="1020" timestamp="2026-04-01T17:08:12Z" uid="1" user="OSMnx" version="1" changeset="1"><nd ref="6421407911" /><nd ref="6421407910" /><tag k="highway" v="footway" /><tag k="oneway" v="no" /></way><way id="1021" timestamp="2026-04-01T17:08:12Z" uid="1" user="OSMnx" version="1" changeset="1"><nd ref="6421437609" /><nd ref="6421437610" /><tag k="highway" v="footway" /><tag k="oneway" v="no" /></way><way id="1022" timestamp="2026-04-01T17:08:12Z" uid="1" user="OSMnx" version="1" changeset="1"><nd ref="6421437609" /><nd ref="6421450349" /><tag k="highway" v="footway" /><tag k="oneway" v="no" /></way><way id="1023" timestamp="2026-04-01T17:08:12Z" uid="1" user="OSMnx" version="1" changeset="1"><nd ref="6421437610" /><nd ref="6421437609" /><tag k="highway" v="footway" /><tag k="oneway" v="no" /></way><way id="1024" timestamp="2026-04-01T17:08:12Z" uid="1" user="OSMnx" version="1" changeset="1"><nd ref="6421437610" /><nd ref="6421450356" /><tag k="highway" v="footway" /><tag k="oneway" v="no" /></way><way id="1025" timestamp="2026-04-01T17:08:12Z" uid="1" user="OSMnx" version="1" changeset="1"><nd ref="6421450349" /><nd ref="6421437609" /><tag k="highway" v="footway" /><tag k="oneway" v="no" /></way><way id="1026" timestamp="2026-04-01T17:08:12Z" uid="1" user="OSMnx" version="1" changeset="1"><nd ref="6421450349" /><nd ref="6421450350" /><tag k="highway" v="footway" /><tag k="oneway" v="no" /></way><way id="1027" timestamp="2026-04-01T17:08:12Z" uid="1" user="OSMnx" version="1" changeset="1"><nd ref="6421450350" /><nd ref="6421450349" /><tag k="highway" v="footway" /><tag k="oneway" v="no" /></way><way id="1028" timestamp="2026-04-01T17:08:12Z" uid="1" user="OSMnx" version="1" changeset="1"><nd ref="6421450350" /><nd ref="6421450351" /><tag k="highway" v="footway" /><tag k="oneway" v="no" /></way><way id="1029" timestamp="2026-04-01T17:08:12Z" uid="1" user="OSMnx" version="1" changeset="1"><nd ref="6421450351" /><nd ref="6421450350" /><tag k="highway" v="footway" /><tag k="oneway" v="no" /></way><way id="1030" timestamp="2026-04-01T17:08:12Z" uid="1" user="OSMnx" version="1" changeset="1"><nd ref="6421450351" /><nd ref="6421450352" /><tag k="highway" v="footway" /><tag k="oneway" v="no" /></way><way id="1031" timestamp="2026-04-01T17:08:12Z" uid="1" user="OSMnx" version="1" changeset="1"><nd ref="6421450352" /><nd ref="6421450351" /><tag k="highway" v="footway" /><tag k="oneway" v="no" /></way><way id="1032" timestamp="2026-04-01T17:08:12Z" uid="1" user="OSMnx" version="1" changeset="1"><nd ref="6421450352" /><nd ref="6421450353" /><tag k="highway" v="footway" /><tag k="oneway" v="no" /></way><way id="1033" timestamp="2026-04-01T17:08:12Z" uid="1" user="OSMnx" version="1" changeset="1"><nd ref="6421450353" /><nd ref="6421450352" /><tag k="highway" v="footway" /><tag k="oneway" v="no" /></way><way id="1034" timestamp="2026-04-01T17:08:12Z" uid="1" user="OSMnx" version="1" changeset="1"><nd ref="6421450353" /><nd ref="6421637775" /><tag k="highway" v="footway" /><tag k="oneway" v="no" /></way><way id="1035" timestamp="2026-04-01T17:08:12Z" uid="1" user="OSMnx" version="1" changeset="1"><nd ref="6421450354" /><nd ref="6421637781" /><tag k="highway" v="footway" /><tag k="oneway" v="no" /></way><way id="1036" timestamp="2026-04-01T17:08:12Z" uid="1" user="OSMnx" version="1" changeset="1"><nd ref="6421450354" /><nd ref="6448670153" /><tag k="highway" v="footway" /><tag k="oneway" v="no" /></way><way id="1037" timestamp="2026-04-01T17:08:12Z" uid="1" user="OSMnx" version="1" changeset="1"><nd ref="6421450355" /><nd ref="6448670153" /><tag k="highway" v="footway" /><tag k="oneway" v="no" /></way><way id="1038" timestamp="2026-04-01T17:08:12Z" uid="1" user="OSMnx" version="1" changeset="1"><nd ref="6421450355" /><nd ref="6421450356" /><tag k="highway" v="footway" /><tag k="oneway" v="no" /></way><way id="1039" timestamp="2026-04-01T17:08:12Z" uid="1" user="OSMnx" version="1" changeset="1"><nd ref="6421450356" /><nd ref="6421437610" /><tag k="highway" v="footway" /><tag k="oneway" v="no" /></way><way id="1040" timestamp="2026-04-01T17:08:12Z" uid="1" user="OSMnx" version="1" changeset="1"><nd ref="6421450356" /><nd ref="6421450355" /><tag k="highway" v="footway" /><tag k="oneway" v="no" /></way><way id="1041" timestamp="2026-04-01T17:08:12Z" uid="1" user="OSMnx" version="1" changeset="1"><nd ref="6421450356" /><nd ref="6421450357" /><tag k="highway" v="footway" /><tag k="oneway" v="no" /></way><way id="1042" timestamp="2026-04-01T17:08:12Z" uid="1" user="OSMnx" version="1" changeset="1"><nd ref="6421450357" /><nd ref="6421450356" /><tag k="highway" v="footway" /><tag k="oneway" v="no" /></way><way id="1043" timestamp="2026-04-01T17:08:12Z" uid="1" user="OSMnx" version="1" changeset="1"><nd ref="6421450357" /><nd ref="6421450358" /><tag k="highway" v="footway" /><tag k="oneway" v="no" /></way><way id="1044" timestamp="2026-04-01T17:08:12Z" uid="1" user="OSMnx" version="1" changeset="1"><nd ref="6421450358" /><nd ref="6421450357" /><tag k="highway" v="footway" /><tag k="oneway" v="no" /></way><way id="1045" timestamp="2026-04-01T17:08:12Z" uid="1" user="OSMnx" version="1" changeset="1"><nd ref="6421450358" /><nd ref="6448670155" /><tag k="highway" v="footway" /><tag k="oneway" v="no" /></way><way id="1046" timestamp="2026-04-01T17:08:12Z" uid="1" user="OSMnx" version="1" changeset="1"><nd ref="6421450359" /><nd ref="6448670155" /><tag k="highway" v="footway" /><tag k="oneway" v="no" /></way><way id="1047" timestamp="2026-04-01T17:08:12Z" uid="1" user="OSMnx" version="1" changeset="1"><nd ref="6421450359" /><nd ref="6448670157" /><tag k="highway" v="footway" /><tag k="oneway" v="no" /></way><way id="1048" timestamp="2026-04-01T17:08:12Z" uid="1" user="OSMnx" version="1" changeset="1"><nd ref="6421450360" /><nd ref="6421450362" /><tag k="highway" v="footway" /><tag k="oneway" v="no" /></way><way id="1049" timestamp="2026-04-01T17:08:12Z" uid="1" user="OSMnx" version="1" changeset="1"><nd ref="6421450360" /><nd ref="6421450361" /><tag k="highway" v="footway" /><tag k="oneway" v="no" /></way><way id="1050" timestamp="2026-04-01T17:08:12Z" uid="1" user="OSMnx" version="1" changeset="1"><nd ref="6421450361" /><nd ref="6421450360" /><tag k="highway" v="footway" /><tag k="oneway" v="no" /></way><way id="1051" timestamp="2026-04-01T17:08:12Z" uid="1" user="OSMnx" version="1" changeset="1"><nd ref="6421450361" /><nd ref="6421450363" /><tag k="highway" v="footway" /><tag k="oneway" v="no" /></way><way id="1052" timestamp="2026-04-01T17:08:12Z" uid="1" user="OSMnx" version="1" changeset="1"><nd ref="6421450362" /><nd ref="6421400522" /><tag k="highway" v="footway" /><tag k="oneway" v="no" /></way><way id="1053" timestamp="2026-04-01T17:08:12Z" uid="1" user="OSMnx" version="1" changeset="1"><nd ref="6421450362" /><nd ref="6421450360" /><tag k="highway" v="footway" /><tag k="oneway" v="no" /></way><way id="1054" timestamp="2026-04-01T17:08:12Z" uid="1" user="OSMnx" version="1" changeset="1"><nd ref="6421450363" /><nd ref="6421450361" /><tag k="highway" v="footway" /><tag k="oneway" v="no" /></way><way id="1055" timestamp="2026-04-01T17:08:12Z" uid="1" user="OSMnx" version="1" changeset="1"><nd ref="6421450363" /><nd ref="6421450377" /><tag k="highway" v="footway" /><tag k="oneway" v="no" /></way><way id="1056" timestamp="2026-04-01T17:08:12Z" uid="1" user="OSMnx" version="1" changeset="1"><nd ref="6421450363" /><nd ref="6421450378" /><tag k="highway" v="footway" /><tag k="oneway" v="no" /></way><way id="1057" timestamp="2026-04-01T17:08:12Z" uid="1" user="OSMnx" version="1" changeset="1"><nd ref="6421450369" /><nd ref="321607138" /><tag k="highway" v="footway" /><tag k="oneway" v="no" /></way><way id="1058" timestamp="2026-04-01T17:08:12Z" uid="1" user="OSMnx" version="1" changeset="1"><nd ref="6421450369" /><nd ref="321607137" /><tag k="highway" v="footway" /><tag k="oneway" v="no" /></way><way id="1059" timestamp="2026-04-01T17:08:12Z" uid="1" user="OSMnx" version="1" changeset="1"><nd ref="6421450369" /><nd ref="6421450370" /><tag k="highway" v="footway" /><tag k="oneway" v="no" /></way><way id="1060" timestamp="2026-04-01T17:08:12Z" uid="1" user="OSMnx" version="1" changeset="1"><nd ref="6421450370" /><nd ref="6421450369" /><tag k="highway" v="footway" /><tag k="oneway" v="no" /></way><way id="1061" timestamp="2026-04-01T17:08:12Z" uid="1" user="OSMnx" version="1" changeset="1"><nd ref="6421450370" /><nd ref="6421450371" /><tag k="highway" v="footway" /><tag k="oneway" v="no" /></way><way id="1062" timestamp="2026-04-01T17:08:12Z" uid="1" user="OSMnx" version="1" changeset="1"><nd ref="6421450371" /><nd ref="6421450370" /><tag k="highway" v="footway" /><tag k="oneway" v="no" /></way><way id="1063" timestamp="2026-04-01T17:08:12Z" uid="1" user="OSMnx" version="1" changeset="1"><nd ref="6421450371" /><nd ref="6421450376" /><tag k="highway" v="footway" /><tag k="oneway" v="no" /></way><way id="1064" timestamp="2026-04-01T17:08:12Z" uid="1" user="OSMnx" version="1" changeset="1"><nd ref="6421450372" /><nd ref="6012452298" /><tag k="highway" v="footway" /><tag k="oneway" v="no" /></way><way id="1065" timestamp="2026-04-01T17:08:12Z" uid="1" user="OSMnx" version="1" changeset="1"><nd ref="6421450372" /><nd ref="321607611" /><tag k="highway" v="footway" /><tag k="oneway" v="no" /></way><way id="1066" timestamp="2026-04-01T17:08:12Z" uid="1" user="OSMnx" version="1" changeset="1"><nd ref="6421450372" /><nd ref="6421450376" /><tag k="highway" v="footway" /><tag k="oneway" v="no" /></way><way id="1067" timestamp="2026-04-01T17:08:12Z" uid="1" user="OSMnx" version="1" changeset="1"><nd ref="6421450372" /><nd ref="6421450373" /><tag k="highway" v="footway" /><tag k="oneway" v="no" /></way><way id="1068" timestamp="2026-04-01T17:08:12Z" uid="1" user="OSMnx" version="1" changeset="1"><nd ref="6421450373" /><nd ref="6012448772" /><tag k="highway" v="footway" /><tag k="oneway" v="no" /></way><way id="1069" timestamp="2026-04-01T17:08:12Z" uid="1" user="OSMnx" version="1" changeset="1"><nd ref="6421450373" /><nd ref="6330166505" /><tag k="highway" v="footway" /><tag k="oneway" v="no" /></way><way id="1070" timestamp="2026-04-01T17:08:12Z" uid="1" user="OSMnx" version="1" changeset="1"><nd ref="6421450373" /><nd ref="6421450372" /><tag k="highway" v="footway" /><tag k="oneway" v="no" /></way><way id="1071" timestamp="2026-04-01T17:08:12Z" uid="1" user="OSMnx" version="1" changeset="1"><nd ref="6421450373" /><nd ref="6421450374" /><tag k="highway" v="footway" /><tag k="oneway" v="no" /></way><way id="1072" timestamp="2026-04-01T17:08:12Z" uid="1" user="OSMnx" version="1" changeset="1"><nd ref="6421450374" /><nd ref="1380342663" /><tag k="highway" v="footway" /><tag k="oneway" v="no" /></way><way id="1073" timestamp="2026-04-01T17:08:12Z" uid="1" user="OSMnx" version="1" changeset="1"><nd ref="6421450374" /><nd ref="321607004" /><tag k="highway" v="footway" /><tag k="oneway" v="no" /></way><way id="1074" timestamp="2026-04-01T17:08:12Z" uid="1" user="OSMnx" version="1" changeset="1"><nd ref="6421450374" /><nd ref="6421450373" /><tag k="highway" v="footway" /><tag k="oneway" v="no" /></way><way id="1075" timestamp="2026-04-01T17:08:12Z" uid="1" user="OSMnx" version="1" changeset="1"><nd ref="6421450374" /><nd ref="6421450375" /><tag k="highway" v="footway" /><tag k="oneway" v="no" /></way><way id="1076" timestamp="2026-04-01T17:08:12Z" uid="1" user="OSMnx" version="1" changeset="1"><nd ref="6421450375" /><nd ref="6012448771" /><tag k="highway" v="footway" /><tag k="oneway" v="no" /></way><way id="1077" timestamp="2026-04-01T17:08:12Z" uid="1" user="OSMnx" version="1" changeset="1"><nd ref="6421450375" /><nd ref="321607319" /><tag k="highway" v="footway" /><tag k="oneway" v="no" /></way><way id="1078" timestamp="2026-04-01T17:08:12Z" uid="1" user="OSMnx" version="1" changeset="1"><nd ref="6421450375" /><nd ref="6421450374" /><tag k="highway" v="footway" /><tag k="oneway" v="no" /></way><way id="1079" timestamp="2026-04-01T17:08:12Z" uid="1" user="OSMnx" version="1" changeset="1"><nd ref="6421450375" /><nd ref="6421450377" /><tag k="highway" v="footway" /><tag k="oneway" v="no" /></way><way id="1080" timestamp="2026-04-01T17:08:12Z" uid="1" user="OSMnx" version="1" changeset="1"><nd ref="6421450376" /><nd ref="6421450371" /><tag k="highway" v="footway" /><tag k="oneway" v="no" /></way><way id="1081" timestamp="2026-04-01T17:08:12Z" uid="1" user="OSMnx" version="1" changeset="1"><nd ref="6421450376" /><nd ref="6421450372" /><tag k="highway" v="footway" /><tag k="oneway" v="no" /></way><way id="1082" timestamp="2026-04-01T17:08:12Z" uid="1" user="OSMnx" version="1" changeset="1"><nd ref="6421450377" /><nd ref="6012452143" /><tag k="highway" v="footway" /><tag k="oneway" v="no" /></way><way id="1083" timestamp="2026-04-01T17:08:12Z" uid="1" user="OSMnx" version="1" changeset="1"><nd ref="6421450377" /><nd ref="321607532" /><tag k="highway" v="footway" /><tag k="oneway" v="no" /></way><way id="1084" timestamp="2026-04-01T17:08:12Z" uid="1" user="OSMnx" version="1" changeset="1"><nd ref="6421450377" /><nd ref="6421450375" /><tag k="highway" v="footway" /><tag k="oneway" v="no" /></way><way id="1085" timestamp="2026-04-01T17:08:12Z" uid="1" user="OSMnx" version="1" changeset="1"><nd ref="6421450377" /><nd ref="6421450363" /><tag k="highway" v="footway" /><tag k="oneway" v="no" /></way><way id="1086" timestamp="2026-04-01T17:08:12Z" uid="1" user="OSMnx" version="1" changeset="1"><nd ref="6421450378" /><nd ref="6421450363" /><tag k="highway" v="footway" /><tag k="oneway" v="no" /></way><way id="1087" timestamp="2026-04-01T17:08:12Z" uid="1" user="OSMnx" version="1" changeset="1"><nd ref="6421450378" /><nd ref="6421450379" /><tag k="highway" v="footway" /><tag k="oneway" v="no" /></way><way id="1088" timestamp="2026-04-01T17:08:12Z" uid="1" user="OSMnx" version="1" changeset="1"><nd ref="6421450379" /><nd ref="6421450378" /><tag k="highway" v="footway" /><tag k="oneway" v="no" /></way><way id="1089" timestamp="2026-04-01T17:08:12Z" uid="1" user="OSMnx" version="1" changeset="1"><nd ref="6421450379" /><nd ref="321607032" /><tag k="highway" v="footway" /><tag k="oneway" v="no" /></way><way id="1090" timestamp="2026-04-01T17:08:12Z" uid="1" user="OSMnx" version="1" changeset="1"><nd ref="6421450380" /><nd ref="6421450381" /><tag k="highway" v="footway" /><tag k="oneway" v="no" /></way><way id="1091" timestamp="2026-04-01T17:08:12Z" uid="1" user="OSMnx" version="1" changeset="1"><nd ref="6421450380" /><nd ref="4710638770" /><tag k="highway" v="footway" /><tag k="oneway" v="no" /></way><way id="1092" timestamp="2026-04-01T17:08:12Z" uid="1" user="OSMnx" version="1" changeset="1"><nd ref="6421450380" /><nd ref="13539897455" /><tag k="highway" v="footway" /><tag k="oneway" v="no" /></way><way id="1093" timestamp="2026-04-01T17:08:12Z" uid="1" user="OSMnx" version="1" changeset="1"><nd ref="6421450381" /><nd ref="6421450382" /><tag k="highway" v="footway" /><tag k="oneway" v="no" /></way><way id="1094" timestamp="2026-04-01T17:08:12Z" uid="1" user="OSMnx" version="1" changeset="1"><nd ref="6421450381" /><nd ref="6421450380" /><tag k="highway" v="footway" /><tag k="oneway" v="no" /></way><way id="1095" timestamp="2026-04-01T17:08:12Z" uid="1" user="OSMnx" version="1" changeset="1"><nd ref="6421450382" /><nd ref="6421637784" /><tag k="highway" v="footway" /><tag k="oneway" v="no" /></way><way id="1096" timestamp="2026-04-01T17:08:12Z" uid="1" user="OSMnx" version="1" changeset="1"><nd ref="6421450382" /><nd ref="6421450381" /><tag k="highway" v="footway" /><tag k="oneway" v="no" /></way><way id="1097" timestamp="2026-04-01T17:08:12Z" uid="1" user="OSMnx" version="1" changeset="1"><nd ref="6421450383" /><nd ref="321607032" /><tag k="highway" v="footway" /><tag k="oneway" v="no" /></way><way id="1098" timestamp="2026-04-01T17:08:12Z" uid="1" user="OSMnx" version="1" changeset="1"><nd ref="6421450383" /><nd ref="6421637784" /><tag k="highway" v="footway" /><tag k="oneway" v="no" /></way><way id="1099" timestamp="2026-04-01T17:08:12Z" uid="1" user="OSMnx" version="1" changeset="1"><nd ref="6421496219" /><nd ref="6421400629" /><tag k="highway" v="footway" /><tag k="oneway" v="no" /></way><way id="1100" timestamp="2026-04-01T17:08:12Z" uid="1" user="OSMnx" version="1" changeset="1"><nd ref="6421496219" /><nd ref="6419521210" /><tag k="highway" v="footway" /><tag k="oneway" v="no" /></way><way id="1101" timestamp="2026-04-01T17:08:12Z" uid="1" user="OSMnx" version="1" changeset="1"><nd ref="6421531643" /><nd ref="6421531649" /><tag k="highway" v="footway" /><tag k="oneway" v="no" /></way><way id="1102" timestamp="2026-04-01T17:08:12Z" uid="1" user="OSMnx" version="1" changeset="1"><nd ref="6421531649" /><nd ref="6421531643" /><tag k="highway" v="footway" /><tag k="oneway" v="no" /></way><way id="1103" timestamp="2026-04-01T17:08:12Z" uid="1" user="OSMnx" version="1" changeset="1"><nd ref="6421531649" /><nd ref="4710638769" /><tag k="highway" v="footway" /><tag k="oneway" v="no" /></way><way id="1104" timestamp="2026-04-01T17:08:12Z" uid="1" user="OSMnx" version="1" changeset="1"><nd ref="6421531649" /><nd ref="6421531650" /><tag k="highway" v="footway" /><tag k="oneway" v="no" /></way><way id="1105" timestamp="2026-04-01T17:08:12Z" uid="1" user="OSMnx" version="1" changeset="1"><nd ref="6421531650" /><nd ref="1301959254" /><tag k="highway" v="footway" /><tag k="oneway" v="no" /></way><way id="1106" timestamp="2026-04-01T17:08:12Z" uid="1" user="OSMnx" version="1" changeset="1"><nd ref="6421531650" /><nd ref="6421531649" /><tag k="highway" v="footway" /><tag k="oneway" v="no" /></way><way id="1107" timestamp="2026-04-01T17:08:12Z" uid="1" user="OSMnx" version="1" changeset="1"><nd ref="6421531652" /><nd ref="2359087993" /><tag k="highway" v="footway" /><tag k="oneway" v="no" /></way><way id="1108" timestamp="2026-04-01T17:08:12Z" uid="1" user="OSMnx" version="1" changeset="1"><nd ref="6421531652" /><nd ref="4710638769" /><tag k="highway" v="footway" /><tag k="oneway" v="no" /></way><way id="1109" timestamp="2026-04-01T17:08:12Z" uid="1" user="OSMnx" version="1" changeset="1"><nd ref="6421594314" /><nd ref="6418822013" /><tag k="highway" v="footway" /><tag k="oneway" v="no" /></way><way id="1110" timestamp="2026-04-01T17:08:12Z" uid="1" user="OSMnx" version="1" changeset="1"><nd ref="6421594314" /><nd ref="4633378537" /><tag k="highway" v="footway" /><tag k="oneway" v="no" /></way><way id="1111" timestamp="2026-04-01T17:08:12Z" uid="1" user="OSMnx" version="1" changeset="1"><nd ref="6421594315" /><nd ref="6418822031" /><tag k="highway" v="footway" /><tag k="oneway" v="no" /></way><way id="1112" timestamp="2026-04-01T17:08:12Z" uid="1" user="OSMnx" version="1" changeset="1"><nd ref="6421594315" /><nd ref="6421594316" /><tag k="highway" v="footway" /><tag k="oneway" v="no" /></way><way id="1113" timestamp="2026-04-01T17:08:12Z" uid="1" user="OSMnx" version="1" changeset="1"><nd ref="6421594316" /><nd ref="6421594315" /><tag k="highway" v="footway" /><tag k="oneway" v="no" /></way><way id="1114" timestamp="2026-04-01T17:08:12Z" uid="1" user="OSMnx" version="1" changeset="1"><nd ref="6421594316" /><nd ref="6418822030" /><tag k="highway" v="footway" /><tag k="oneway" v="no" /></way><way id="1115" timestamp="2026-04-01T17:08:12Z" uid="1" user="OSMnx" version="1" changeset="1"><nd ref="6421637770" /><nd ref="6421637771" /><tag k="highway" v="footway" /><tag k="oneway" v="no" /></way><way id="1116" timestamp="2026-04-01T17:08:12Z" uid="1" user="OSMnx" version="1" changeset="1"><nd ref="6421637771" /><nd ref="6421637772" /><tag k="highway" v="footway" /><tag k="oneway" v="no" /></way><way id="1117" timestamp="2026-04-01T17:08:12Z" uid="1" user="OSMnx" version="1" changeset="1"><nd ref="6421637771" /><nd ref="6421637770" /><tag k="highway" v="footway" /><tag k="oneway" v="no" /></way><way id="1118" timestamp="2026-04-01T17:08:12Z" uid="1" user="OSMnx" version="1" changeset="1"><nd ref="6421637772" /><nd ref="6421637773" /><tag k="highway" v="footway" /><tag k="oneway" v="no" /></way><way id="1119" timestamp="2026-04-01T17:08:12Z" uid="1" user="OSMnx" version="1" changeset="1"><nd ref="6421637772" /><nd ref="6421637771" /><tag k="highway" v="footway" /><tag k="oneway" v="no" /></way><way id="1120" timestamp="2026-04-01T17:08:12Z" uid="1" user="OSMnx" version="1" changeset="1"><nd ref="6421637773" /><nd ref="6421637774" /><tag k="highway" v="footway" /><tag k="oneway" v="no" /></way><way id="1121" timestamp="2026-04-01T17:08:12Z" uid="1" user="OSMnx" version="1" changeset="1"><nd ref="6421637773" /><nd ref="6421637772" /><tag k="highway" v="footway" /><tag k="oneway" v="no" /></way><way id="1122" timestamp="2026-04-01T17:08:12Z" uid="1" user="OSMnx" version="1" changeset="1"><nd ref="6421637774" /><nd ref="6421637775" /><tag k="highway" v="footway" /><tag k="oneway" v="no" /></way><way id="1123" timestamp="2026-04-01T17:08:12Z" uid="1" user="OSMnx" version="1" changeset="1"><nd ref="6421637774" /><nd ref="6421637773" /><tag k="highway" v="footway" /><tag k="oneway" v="no" /></way><way id="1124" timestamp="2026-04-01T17:08:12Z" uid="1" user="OSMnx" version="1" changeset="1"><nd ref="6421637775" /><nd ref="6421450353" /><tag k="highway" v="footway" /><tag k="oneway" v="no" /></way><way id="1125" timestamp="2026-04-01T17:08:12Z" uid="1" user="OSMnx" version="1" changeset="1"><nd ref="6421637775" /><nd ref="6421637774" /><tag k="highway" v="footway" /><tag k="oneway" v="no" /></way><way id="1126" timestamp="2026-04-01T17:08:12Z" uid="1" user="OSMnx" version="1" changeset="1"><nd ref="6421637776" /><nd ref="6421637777" /><tag k="highway" v="footway" /><tag k="oneway" v="no" /></way><way id="1127" timestamp="2026-04-01T17:08:12Z" uid="1" user="OSMnx" version="1" changeset="1"><nd ref="6421637777" /><nd ref="6421637776" /><tag k="highway" v="footway" /><tag k="oneway" v="no" /></way><way id="1128" timestamp="2026-04-01T17:08:12Z" uid="1" user="OSMnx" version="1" changeset="1"><nd ref="6421637777" /><nd ref="6421637778" /><tag k="highway" v="footway" /><tag k="oneway" v="no" /></way><way id="1129" timestamp="2026-04-01T17:08:12Z" uid="1" user="OSMnx" version="1" changeset="1"><nd ref="6421637778" /><nd ref="6421637777" /><tag k="highway" v="footway" /><tag k="oneway" v="no" /></way><way id="1130" timestamp="2026-04-01T17:08:12Z" uid="1" user="OSMnx" version="1" changeset="1"><nd ref="6421637778" /><nd ref="6421637779" /><tag k="highway" v="footway" /><tag k="oneway" v="no" /></way><way id="1131" timestamp="2026-04-01T17:08:12Z" uid="1" user="OSMnx" version="1" changeset="1"><nd ref="6421637779" /><nd ref="6421637778" /><tag k="highway" v="footway" /><tag k="oneway" v="no" /></way><way id="1132" timestamp="2026-04-01T17:08:12Z" uid="1" user="OSMnx" version="1" changeset="1"><nd ref="6421637779" /><nd ref="6421637780" /><tag k="highway" v="footway" /><tag k="oneway" v="no" /></way><way id="1133" timestamp="2026-04-01T17:08:12Z" uid="1" user="OSMnx" version="1" changeset="1"><nd ref="6421637780" /><nd ref="6421637779" /><tag k="highway" v="footway" /><tag k="oneway" v="no" /></way><way id="1134" timestamp="2026-04-01T17:08:12Z" uid="1" user="OSMnx" version="1" changeset="1"><nd ref="6421637780" /><nd ref="6421637781" /><tag k="highway" v="footway" /><tag k="oneway" v="no" /></way><way id="1135" timestamp="2026-04-01T17:08:12Z" uid="1" user="OSMnx" version="1" changeset="1"><nd ref="6421637781" /><nd ref="6421637780" /><tag k="highway" v="footway" /><tag k="oneway" v="no" /></way><way id="1136" timestamp="2026-04-01T17:08:12Z" uid="1" user="OSMnx" version="1" changeset="1"><nd ref="6421637781" /><nd ref="6421450354" /><tag k="highway" v="footway" /><tag k="oneway" v="no" /></way><way id="1137" timestamp="2026-04-01T17:08:12Z" uid="1" user="OSMnx" version="1" changeset="1"><nd ref="6421637781" /><nd ref="6448670154" /><tag k="highway" v="footway" /><tag k="oneway" v="no" /></way><way id="1138" timestamp="2026-04-01T17:08:12Z" uid="1" user="OSMnx" version="1" changeset="1"><nd ref="6421637782" /><nd ref="6421637785" /><tag k="highway" v="footway" /><tag k="oneway" v="no" /></way><way id="1139" timestamp="2026-04-01T17:08:12Z" uid="1" user="OSMnx" version="1" changeset="1"><nd ref="6421637782" /><nd ref="6421637783" /><tag k="highway" v="footway" /><tag k="oneway" v="no" /></way><way id="1140" timestamp="2026-04-01T17:08:12Z" uid="1" user="OSMnx" version="1" changeset="1"><nd ref="6421637783" /><nd ref="6421637782" /><tag k="highway" v="footway" /><tag k="oneway" v="no" /></way><way id="1141" timestamp="2026-04-01T17:08:12Z" uid="1" user="OSMnx" version="1" changeset="1"><nd ref="6421637783" /><nd ref="6421637784" /><tag k="highway" v="footway" /><tag k="oneway" v="no" /></way><way id="1142" timestamp="2026-04-01T17:08:12Z" uid="1" user="OSMnx" version="1" changeset="1"><nd ref="6421637784" /><nd ref="6421450383" /><tag k="highway" v="footway" /><tag k="oneway" v="no" /></way><way id="1143" timestamp="2026-04-01T17:08:12Z" uid="1" user="OSMnx" version="1" changeset="1"><nd ref="6421637784" /><nd ref="6421450382" /><tag k="highway" v="footway" /><tag k="oneway" v="no" /></way><way id="1144" timestamp="2026-04-01T17:08:12Z" uid="1" user="OSMnx" version="1" changeset="1"><nd ref="6421637784" /><nd ref="6421637783" /><tag k="highway" v="footway" /><tag k="oneway" v="no" /></way><way id="1145" timestamp="2026-04-01T17:08:12Z" uid="1" user="OSMnx" version="1" changeset="1"><nd ref="6421637785" /><nd ref="6448670158" /><tag k="highway" v="footway" /><tag k="oneway" v="no" /></way><way id="1146" timestamp="2026-04-01T17:08:12Z" uid="1" user="OSMnx" version="1" changeset="1"><nd ref="6421637785" /><nd ref="6421637782" /><tag k="highway" v="footway" /><tag k="oneway" v="no" /></way><way id="1147" timestamp="2026-04-01T17:08:12Z" uid="1" user="OSMnx" version="1" changeset="1"><nd ref="6421637785" /><nd ref="6448670159" /><tag k="highway" v="footway" /><tag k="oneway" v="no" /></way><way id="1148" timestamp="2026-04-01T17:08:12Z" uid="1" user="OSMnx" version="1" changeset="1"><nd ref="6421678393" /><nd ref="6014884899" /><tag k="highway" v="footway" /><tag k="oneway" v="no" /></way><way id="1149" timestamp="2026-04-01T17:08:12Z" uid="1" user="OSMnx" version="1" changeset="1"><nd ref="6421678393" /><nd ref="6014883773" /><tag k="highway" v="footway" /><tag k="oneway" v="no" /></way><way id="1150" timestamp="2026-04-01T17:08:12Z" uid="1" user="OSMnx" version="1" changeset="1"><nd ref="6421678394" /><nd ref="6014883770" /><tag k="highway" v="footway" /><tag k="oneway" v="no" /></way><way id="1151" timestamp="2026-04-01T17:08:12Z" uid="1" user="OSMnx" version="1" changeset="1"><nd ref="6421678394" /><nd ref="6014879296" /><tag k="highway" v="footway" /><tag k="oneway" v="no" /></way><way id="1152" timestamp="2026-04-01T17:08:12Z" uid="1" user="OSMnx" version="1" changeset="1"><nd ref="6421720155" /><nd ref="6416115450" /><tag k="highway" v="footway" /><tag k="oneway" v="no" /></way><way id="1153" timestamp="2026-04-01T17:08:12Z" uid="1" user="OSMnx" version="1" changeset="1"><nd ref="6421720155" /><nd ref="6421720156" /><tag k="highway" v="footway" /><tag k="oneway" v="no" /></way><way id="1154" timestamp="2026-04-01T17:08:12Z" uid="1" user="OSMnx" version="1" changeset="1"><nd ref="6421720156" /><nd ref="6421720155" /><tag k="highway" v="footway" /><tag k="oneway" v="no" /></way><way id="1155" timestamp="2026-04-01T17:08:12Z" uid="1" user="OSMnx" version="1" changeset="1"><nd ref="6421720156" /><nd ref="6419521210" /><tag k="highway" v="footway" /><tag k="oneway" v="no" /></way><way id="1156" timestamp="2026-04-01T17:08:12Z" uid="1" user="OSMnx" version="1" changeset="1"><nd ref="6421720157" /><nd ref="6416115448" /><tag k="highway" v="footway" /><tag k="oneway" v="no" /></way><way id="1157" timestamp="2026-04-01T17:08:12Z" uid="1" user="OSMnx" version="1" changeset="1"><nd ref="6421720157" /><nd ref="6421720158" /><tag k="highway" v="footway" /><tag k="oneway" v="no" /></way><way id="1158" timestamp="2026-04-01T17:08:12Z" uid="1" user="OSMnx" version="1" changeset="1"><nd ref="6421720158" /><nd ref="6421720157" /><tag k="highway" v="footway" /><tag k="oneway" v="no" /></way><way id="1159" timestamp="2026-04-01T17:08:12Z" uid="1" user="OSMnx" version="1" changeset="1"><nd ref="6421720158" /><nd ref="6419521211" /><tag k="highway" v="footway" /><tag k="oneway" v="no" /></way><way id="1160" timestamp="2026-04-01T17:08:12Z" uid="1" user="OSMnx" version="1" changeset="1"><nd ref="6421743735" /><nd ref="6421743736" /><tag k="highway" v="footway" /><tag k="oneway" v="no" /></way><way id="1161" timestamp="2026-04-01T17:08:12Z" uid="1" user="OSMnx" version="1" changeset="1"><nd ref="6421743735" /><nd ref="4710347343" /><tag k="highway" v="footway" /><tag k="oneway" v="no" /></way><way id="1162" timestamp="2026-04-01T17:08:12Z" uid="1" user="OSMnx" version="1" changeset="1"><nd ref="6421743736" /><nd ref="321607138" /><tag k="highway" v="footway" /><tag k="oneway" v="no" /></way><way id="1163" timestamp="2026-04-01T17:08:12Z" uid="1" user="OSMnx" version="1" changeset="1"><nd ref="6421743736" /><nd ref="6421743735" /><tag k="highway" v="footway" /><tag k="oneway" v="no" /></way><way id="1164" timestamp="2026-04-01T17:08:12Z" uid="1" user="OSMnx" version="1" changeset="1"><nd ref="6421749054" /><nd ref="6440375809" /><tag k="highway" v="footway" /><tag k="oneway" v="no" /></way><way id="1165" timestamp="2026-04-01T17:08:12Z" uid="1" user="OSMnx" version="1" changeset="1"><nd ref="6421749054" /><nd ref="6421274366" /><tag k="highway" v="footway" /><tag k="oneway" v="no" /></way><way id="1166" timestamp="2026-04-01T17:08:12Z" uid="1" user="OSMnx" version="1" changeset="1"><nd ref="6440375808" /><nd ref="6421274368" /><tag k="highway" v="footway" /><tag k="oneway" v="no" /></way><way id="1167" timestamp="2026-04-01T17:08:12Z" uid="1" user="OSMnx" version="1" changeset="1"><nd ref="6440375808" /><nd ref="6095524421" /><tag k="highway" v="footway" /><tag k="oneway" v="no" /></way><way id="1168" timestamp="2026-04-01T17:08:12Z" uid="1" user="OSMnx" version="1" changeset="1"><nd ref="6440375809" /><nd ref="6421274368" /><tag k="highway" v="footway" /><tag k="oneway" v="no" /></way><way id="1169" timestamp="2026-04-01T17:08:12Z" uid="1" user="OSMnx" version="1" changeset="1"><nd ref="6440375809" /><nd ref="6421749054" /><tag k="highway" v="footway" /><tag k="oneway" v="no" /></way><way id="1170" timestamp="2026-04-01T17:08:12Z" uid="1" user="OSMnx" version="1" changeset="1"><nd ref="6445636928" /><nd ref="6445636934" /><tag k="highway" v="footway" /><tag k="oneway" v="no" /></way><way id="1171" timestamp="2026-04-01T17:08:12Z" uid="1" user="OSMnx" version="1" changeset="1"><nd ref="6445636928" /><nd ref="6445636935" /><tag k="highway" v="footway" /><tag k="oneway" v="no" /></way><way id="1172" timestamp="2026-04-01T17:08:12Z" uid="1" user="OSMnx" version="1" changeset="1"><nd ref="6445636929" /><nd ref="6445636946" /><tag k="highway" v="footway" /><tag k="oneway" v="no" /></way><way id="1173" timestamp="2026-04-01T17:08:12Z" uid="1" user="OSMnx" version="1" changeset="1"><nd ref="6445636929" /><nd ref="6445636945" /><tag k="highway" v="footway" /><tag k="oneway" v="no" /></way><way id="1174" timestamp="2026-04-01T17:08:12Z" uid="1" user="OSMnx" version="1" changeset="1"><nd ref="6445636929" /><nd ref="6445636932" /><tag k="highway" v="footway" /><tag k="oneway" v="no" /></way><way id="1175" timestamp="2026-04-01T17:08:12Z" uid="1" user="OSMnx" version="1" changeset="1"><nd ref="6445636930" /><nd ref="4633378746" /><tag k="highway" v="footway" /><tag k="oneway" v="no" /></way><way id="1176" timestamp="2026-04-01T17:08:12Z" uid="1" user="OSMnx" version="1" changeset="1"><nd ref="6445636930" /><nd ref="6445636944" /><tag k="highway" v="footway" /><tag k="oneway" v="no" /></way><way id="1177" timestamp="2026-04-01T17:08:12Z" uid="1" user="OSMnx" version="1" changeset="1"><nd ref="6445636930" /><nd ref="6445636943" /><tag k="highway" v="footway" /><tag k="oneway" v="no" /></way><way id="1178" timestamp="2026-04-01T17:08:12Z" uid="1" user="OSMnx" version="1" changeset="1"><nd ref="6445636931" /><nd ref="6445636936" /><tag k="highway" v="footway" /><tag k="oneway" v="no" /></way><way id="1179" timestamp="2026-04-01T17:08:12Z" uid="1" user="OSMnx" version="1" changeset="1"><nd ref="6445636931" /><nd ref="6445636937" /><tag k="highway" v="footway" /><tag k="oneway" v="no" /></way><way id="1180" timestamp="2026-04-01T17:08:12Z" uid="1" user="OSMnx" version="1" changeset="1"><nd ref="6445636932" /><nd ref="4633378746" /><tag k="highway" v="footway" /><tag k="oneway" v="no" /></way><way id="1181" timestamp="2026-04-01T17:08:12Z" uid="1" user="OSMnx" version="1" changeset="1"><nd ref="6445636932" /><nd ref="6445636929" /><tag k="highway" v="footway" /><tag k="oneway" v="no" /></way><way id="1182" timestamp="2026-04-01T17:08:12Z" uid="1" user="OSMnx" version="1" changeset="1"><nd ref="6445636934" /><nd ref="6445636953" /><tag k="highway" v="footway" /><tag k="oneway" v="no" /></way><way id="1183" timestamp="2026-04-01T17:08:12Z" uid="1" user="OSMnx" version="1" changeset="1"><nd ref="6445636934" /><nd ref="6445636928" /><tag k="highway" v="footway" /><tag k="oneway" v="no" /></way><way id="1184" timestamp="2026-04-01T17:08:12Z" uid="1" user="OSMnx" version="1" changeset="1"><nd ref="6445636935" /><nd ref="6445636928" /><tag k="highway" v="footway" /><tag k="oneway" v="no" /></way><way id="1185" timestamp="2026-04-01T17:08:12Z" uid="1" user="OSMnx" version="1" changeset="1"><nd ref="6445636935" /><nd ref="6445636936" /><tag k="highway" v="footway" /><tag k="oneway" v="no" /></way><way id="1186" timestamp="2026-04-01T17:08:12Z" uid="1" user="OSMnx" version="1" changeset="1"><nd ref="6445636936" /><nd ref="6445636935" /><tag k="highway" v="footway" /><tag k="oneway" v="no" /></way><way id="1187" timestamp="2026-04-01T17:08:12Z" uid="1" user="OSMnx" version="1" changeset="1"><nd ref="6445636936" /><nd ref="6445636931" /><tag k="highway" v="footway" /><tag k="oneway" v="no" /></way><way id="1188" timestamp="2026-04-01T17:08:12Z" uid="1" user="OSMnx" version="1" changeset="1"><nd ref="6445636937" /><nd ref="6445636931" /><tag k="highway" v="footway" /><tag k="oneway" v="no" /></way><way id="1189" timestamp="2026-04-01T17:08:12Z" uid="1" user="OSMnx" version="1" changeset="1"><nd ref="6445636937" /><nd ref="6445636938" /><tag k="highway" v="footway" /><tag k="oneway" v="no" /></way><way id="1190" timestamp="2026-04-01T17:08:12Z" uid="1" user="OSMnx" version="1" changeset="1"><nd ref="6445636938" /><nd ref="6445636937" /><tag k="highway" v="footway" /><tag k="oneway" v="no" /></way><way id="1191" timestamp="2026-04-01T17:08:12Z" uid="1" user="OSMnx" version="1" changeset="1"><nd ref="6445636938" /><nd ref="6445636939" /><tag k="highway" v="footway" /><tag k="oneway" v="no" /></way><way id="1192" timestamp="2026-04-01T17:08:12Z" uid="1" user="OSMnx" version="1" changeset="1"><nd ref="6445636939" /><nd ref="6445636938" /><tag k="highway" v="footway" /><tag k="oneway" v="no" /></way><way id="1193" timestamp="2026-04-01T17:08:12Z" uid="1" user="OSMnx" version="1" changeset="1"><nd ref="6445636939" /><nd ref="6445636940" /><tag k="highway" v="footway" /><tag k="oneway" v="no" /></way><way id="1194" timestamp="2026-04-01T17:08:12Z" uid="1" user="OSMnx" version="1" changeset="1"><nd ref="6445636940" /><nd ref="6445636939" /><tag k="highway" v="footway" /><tag k="oneway" v="no" /></way><way id="1195" timestamp="2026-04-01T17:08:12Z" uid="1" user="OSMnx" version="1" changeset="1"><nd ref="6445636940" /><nd ref="6445636941" /><tag k="highway" v="footway" /><tag k="oneway" v="no" /></way><way id="1196" timestamp="2026-04-01T17:08:12Z" uid="1" user="OSMnx" version="1" changeset="1"><nd ref="6445636941" /><nd ref="6445636940" /><tag k="highway" v="footway" /><tag k="oneway" v="no" /></way><way id="1197" timestamp="2026-04-01T17:08:12Z" uid="1" user="OSMnx" version="1" changeset="1"><nd ref="6445636941" /><nd ref="6445636942" /><tag k="highway" v="footway" /><tag k="oneway" v="no" /></way><way id="1198" timestamp="2026-04-01T17:08:12Z" uid="1" user="OSMnx" version="1" changeset="1"><nd ref="6445636942" /><nd ref="6445636941" /><tag k="highway" v="footway" /><tag k="oneway" v="no" /></way><way id="1199" timestamp="2026-04-01T17:08:12Z" uid="1" user="OSMnx" version="1" changeset="1"><nd ref="6445636942" /><nd ref="6445636952" /><tag k="highway" v="footway" /><tag k="oneway" v="no" /></way><way id="1200" timestamp="2026-04-01T17:08:12Z" uid="1" user="OSMnx" version="1" changeset="1"><nd ref="6445636943" /><nd ref="6445636952" /><tag k="highway" v="footway" /><tag k="oneway" v="no" /></way><way id="1201" timestamp="2026-04-01T17:08:12Z" uid="1" user="OSMnx" version="1" changeset="1"><nd ref="6445636943" /><nd ref="6445636930" /><tag k="highway" v="footway" /><tag k="oneway" v="no" /></way><way id="1202" timestamp="2026-04-01T17:08:12Z" uid="1" user="OSMnx" version="1" changeset="1"><nd ref="6445636944" /><nd ref="6445636930" /><tag k="highway" v="footway" /><tag k="oneway" v="no" /></way><way id="1203" timestamp="2026-04-01T17:08:12Z" uid="1" user="OSMnx" version="1" changeset="1"><nd ref="6445636944" /><nd ref="6445636945" /><tag k="highway" v="footway" /><tag k="oneway" v="no" /></way><way id="1204" timestamp="2026-04-01T17:08:12Z" uid="1" user="OSMnx" version="1" changeset="1"><nd ref="6445636945" /><nd ref="6445636944" /><tag k="highway" v="footway" /><tag k="oneway" v="no" /></way><way id="1205" timestamp="2026-04-01T17:08:12Z" uid="1" user="OSMnx" version="1" changeset="1"><nd ref="6445636945" /><nd ref="6445636929" /><tag k="highway" v="footway" /><tag k="oneway" v="no" /></way><way id="1206" timestamp="2026-04-01T17:08:12Z" uid="1" user="OSMnx" version="1" changeset="1"><nd ref="6445636946" /><nd ref="6445636929" /><tag k="highway" v="footway" /><tag k="oneway" v="no" /></way><way id="1207" timestamp="2026-04-01T17:08:12Z" uid="1" user="OSMnx" version="1" changeset="1"><nd ref="6445636946" /><nd ref="6445636947" /><tag k="highway" v="footway" /><tag k="oneway" v="no" /></way><way id="1208" timestamp="2026-04-01T17:08:12Z" uid="1" user="OSMnx" version="1" changeset="1"><nd ref="6445636947" /><nd ref="6445636946" /><tag k="highway" v="footway" /><tag k="oneway" v="no" /></way><way id="1209" timestamp="2026-04-01T17:08:12Z" uid="1" user="OSMnx" version="1" changeset="1"><nd ref="6445636947" /><nd ref="6445636948" /><tag k="highway" v="footway" /><tag k="oneway" v="no" /></way><way id="1210" timestamp="2026-04-01T17:08:12Z" uid="1" user="OSMnx" version="1" changeset="1"><nd ref="6445636948" /><nd ref="6445636947" /><tag k="highway" v="footway" /><tag k="oneway" v="no" /></way><way id="1211" timestamp="2026-04-01T17:08:12Z" uid="1" user="OSMnx" version="1" changeset="1"><nd ref="6445636948" /><nd ref="6445636949" /><tag k="highway" v="footway" /><tag k="oneway" v="no" /></way><way id="1212" timestamp="2026-04-01T17:08:12Z" uid="1" user="OSMnx" version="1" changeset="1"><nd ref="6445636949" /><nd ref="6445636948" /><tag k="highway" v="footway" /><tag k="oneway" v="no" /></way><way id="1213" timestamp="2026-04-01T17:08:12Z" uid="1" user="OSMnx" version="1" changeset="1"><nd ref="6445636949" /><nd ref="6445658029" /><tag k="highway" v="footway" /><tag k="oneway" v="no" /></way><way id="1214" timestamp="2026-04-01T17:08:12Z" uid="1" user="OSMnx" version="1" changeset="1"><nd ref="6445636950" /><nd ref="6445658029" /><tag k="highway" v="footway" /><tag k="oneway" v="no" /></way><way id="1215" timestamp="2026-04-01T17:08:12Z" uid="1" user="OSMnx" version="1" changeset="1"><nd ref="6445636950" /><nd ref="6445636951" /><tag k="highway" v="footway" /><tag k="oneway" v="no" /></way><way id="1216" timestamp="2026-04-01T17:08:12Z" uid="1" user="OSMnx" version="1" changeset="1"><nd ref="6445636951" /><nd ref="6445636950" /><tag k="highway" v="footway" /><tag k="oneway" v="no" /></way><way id="1217" timestamp="2026-04-01T17:08:12Z" uid="1" user="OSMnx" version="1" changeset="1"><nd ref="6445636951" /><nd ref="6445636953" /><tag k="highway" v="footway" /><tag k="oneway" v="no" /></way><way id="1218" timestamp="2026-04-01T17:08:12Z" uid="1" user="OSMnx" version="1" changeset="1"><nd ref="6445636952" /><nd ref="6445636942" /><tag k="highway" v="footway" /><tag k="oneway" v="no" /></way><way id="1219" timestamp="2026-04-01T17:08:12Z" uid="1" user="OSMnx" version="1" changeset="1"><nd ref="6445636952" /><nd ref="6445636943" /><tag k="highway" v="footway" /><tag k="oneway" v="no" /></way><way id="1220" timestamp="2026-04-01T17:08:12Z" uid="1" user="OSMnx" version="1" changeset="1"><nd ref="6445636953" /><nd ref="6445636951" /><tag k="highway" v="footway" /><tag k="oneway" v="no" /></way><way id="1221" timestamp="2026-04-01T17:08:12Z" uid="1" user="OSMnx" version="1" changeset="1"><nd ref="6445636953" /><nd ref="6445636934" /><tag k="highway" v="footway" /><tag k="oneway" v="no" /></way><way id="1222" timestamp="2026-04-01T17:08:12Z" uid="1" user="OSMnx" version="1" changeset="1"><nd ref="6445658025" /><nd ref="6445658026" /><tag k="highway" v="footway" /><tag k="oneway" v="no" /></way><way id="1223" timestamp="2026-04-01T17:08:12Z" uid="1" user="OSMnx" version="1" changeset="1"><nd ref="6445658025" /><nd ref="5908278643" /><tag k="highway" v="footway" /><tag k="oneway" v="no" /></way><way id="1224" timestamp="2026-04-01T17:08:12Z" uid="1" user="OSMnx" version="1" changeset="1"><nd ref="6445658026" /><nd ref="6445658025" /><tag k="highway" v="footway" /><tag k="oneway" v="no" /></way><way id="1225" timestamp="2026-04-01T17:08:12Z" uid="1" user="OSMnx" version="1" changeset="1"><nd ref="6445658026" /><nd ref="6098822295" /><tag k="highway" v="footway" /><tag k="oneway" v="no" /></way><way id="1226" timestamp="2026-04-01T17:08:12Z" uid="1" user="OSMnx" version="1" changeset="1"><nd ref="6445658027" /><nd ref="6445658028" /><tag k="highway" v="footway" /><tag k="oneway" v="no" /></way><way id="1227" timestamp="2026-04-01T17:08:12Z" uid="1" user="OSMnx" version="1" changeset="1"><nd ref="6445658027" /><nd ref="11182331256" /><tag k="highway" v="footway" /><tag k="oneway" v="no" /></way><way id="1228" timestamp="2026-04-01T17:08:12Z" uid="1" user="OSMnx" version="1" changeset="1"><nd ref="6445658028" /><nd ref="11182317990" /><tag k="highway" v="footway" /><tag k="oneway" v="no" /></way><way id="1229" timestamp="2026-04-01T17:08:12Z" uid="1" user="OSMnx" version="1" changeset="1"><nd ref="6445658028" /><nd ref="6445658027" /><tag k="highway" v="footway" /><tag k="oneway" v="no" /></way><way id="1230" timestamp="2026-04-01T17:08:12Z" uid="1" user="OSMnx" version="1" changeset="1"><nd ref="6445658029" /><nd ref="11182331256" /><tag k="highway" v="footway" /><tag k="oneway" v="no" /></way><way id="1231" timestamp="2026-04-01T17:08:12Z" uid="1" user="OSMnx" version="1" changeset="1"><nd ref="6445658029" /><nd ref="6445636949" /><tag k="highway" v="footway" /><tag k="oneway" v="no" /></way><way id="1232" timestamp="2026-04-01T17:08:12Z" uid="1" user="OSMnx" version="1" changeset="1"><nd ref="6445658029" /><nd ref="6445636950" /><tag k="highway" v="footway" /><tag k="oneway" v="no" /></way><way id="1233" timestamp="2026-04-01T17:08:12Z" uid="1" user="OSMnx" version="1" changeset="1"><nd ref="6445658030" /><nd ref="6098772393" /><tag k="highway" v="footway" /><tag k="oneway" v="no" /></way><way id="1234" timestamp="2026-04-01T17:08:12Z" uid="1" user="OSMnx" version="1" changeset="1"><nd ref="6445658030" /><nd ref="6445658031" /><tag k="highway" v="footway" /><tag k="oneway" v="no" /></way><way id="1235" timestamp="2026-04-01T17:08:12Z" uid="1" user="OSMnx" version="1" changeset="1"><nd ref="6445658031" /><nd ref="6418821999" /><tag k="highway" v="footway" /><tag k="oneway" v="no" /></way><way id="1236" timestamp="2026-04-01T17:08:12Z" uid="1" user="OSMnx" version="1" changeset="1"><nd ref="6445658031" /><nd ref="6445658030" /><tag k="highway" v="footway" /><tag k="oneway" v="no" /></way><way id="1237" timestamp="2026-04-01T17:08:12Z" uid="1" user="OSMnx" version="1" changeset="1"><nd ref="6445658032" /><nd ref="4633378775" /><tag k="highway" v="footway" /><tag k="oneway" v="no" /></way><way id="1238" timestamp="2026-04-01T17:08:12Z" uid="1" user="OSMnx" version="1" changeset="1"><nd ref="6445658032" /><nd ref="6098772425" /><tag k="highway" v="footway" /><tag k="oneway" v="no" /></way><way id="1239" timestamp="2026-04-01T17:08:12Z" uid="1" user="OSMnx" version="1" changeset="1"><nd ref="6445714316" /><nd ref="6447514618" /><tag k="highway" v="footway" /><tag k="oneway" v="no" /></way><way id="1240" timestamp="2026-04-01T17:08:12Z" uid="1" user="OSMnx" version="1" changeset="1"><nd ref="6445714316" /><nd ref="10302027271" /><tag k="highway" v="footway" /><tag k="oneway" v="no" /></way><way id="1241" timestamp="2026-04-01T17:08:12Z" uid="1" user="OSMnx" version="1" changeset="1"><nd ref="6445714316" /><nd ref="6418822010" /><tag k="highway" v="footway" /><tag k="oneway" v="no" /></way><way id="1242" timestamp="2026-04-01T17:08:12Z" uid="1" user="OSMnx" version="1" changeset="1"><nd ref="6445714317" /><nd ref="8809676430" /><tag k="highway" v="footway" /><tag k="oneway" v="no" /></way><way id="1243" timestamp="2026-04-01T17:08:12Z" uid="1" user="OSMnx" version="1" changeset="1"><nd ref="6445714317" /><nd ref="6447514611" /><tag k="highway" v="footway" /><tag k="oneway" v="no" /></way><way id="1244" timestamp="2026-04-01T17:08:12Z" uid="1" user="OSMnx" version="1" changeset="1"><nd ref="6445714317" /><nd ref="10302027272" /><tag k="highway" v="footway" /><tag k="oneway" v="no" /></way><way id="1245" timestamp="2026-04-01T17:08:12Z" uid="1" user="OSMnx" version="1" changeset="1"><nd ref="6445714327" /><nd ref="5098178172" /><tag k="highway" v="footway" /><tag k="oneway" v="no" /></way><way id="1246" timestamp="2026-04-01T17:08:12Z" uid="1" user="OSMnx" version="1" changeset="1"><nd ref="6445714327" /><nd ref="6445714328" /><tag k="highway" v="footway" /><tag k="oneway" v="no" /></way><way id="1247" timestamp="2026-04-01T17:08:12Z" uid="1" user="OSMnx" version="1" changeset="1"><nd ref="6445714328" /><nd ref="6445714327" /><tag k="highway" v="footway" /><tag k="oneway" v="no" /></way><way id="1248" timestamp="2026-04-01T17:08:12Z" uid="1" user="OSMnx" version="1" changeset="1"><nd ref="6445714328" /><nd ref="6445714329" /><tag k="highway" v="footway" /><tag k="oneway" v="no" /></way><way id="1249" timestamp="2026-04-01T17:08:12Z" uid="1" user="OSMnx" version="1" changeset="1"><nd ref="6445714328" /><nd ref="6447766276" /><tag k="highway" v="footway" /><tag k="oneway" v="no" /></way><way id="1250" timestamp="2026-04-01T17:08:12Z" uid="1" user="OSMnx" version="1" changeset="1"><nd ref="6445714329" /><nd ref="6447514602" /><tag k="highway" v="footway" /><tag k="oneway" v="no" /></way><way id="1251" timestamp="2026-04-01T17:08:12Z" uid="1" user="OSMnx" version="1" changeset="1"><nd ref="6445714329" /><nd ref="4710347342" /><tag k="highway" v="footway" /><tag k="oneway" v="no" /></way><way id="1252" timestamp="2026-04-01T17:08:12Z" uid="1" user="OSMnx" version="1" changeset="1"><nd ref="6445714329" /><nd ref="6445714328" /><tag k="highway" v="footway" /><tag k="oneway" v="no" /></way><way id="1253" timestamp="2026-04-01T17:08:12Z" uid="1" user="OSMnx" version="1" changeset="1"><nd ref="6447423624" /><nd ref="6447423627" /><tag k="highway" v="footway" /><tag k="oneway" v="no" /></way><way id="1254" timestamp="2026-04-01T17:08:12Z" uid="1" user="OSMnx" version="1" changeset="1"><nd ref="6447423624" /><nd ref="6419551268" /><tag k="highway" v="footway" /><tag k="oneway" v="no" /></way><way id="1255" timestamp="2026-04-01T17:08:12Z" uid="1" user="OSMnx" version="1" changeset="1"><nd ref="6447423624" /><nd ref="6447423625" /><tag k="highway" v="footway" /><tag k="oneway" v="no" /></way><way id="1256" timestamp="2026-04-01T17:08:12Z" uid="1" user="OSMnx" version="1" changeset="1"><nd ref="6447423625" /><nd ref="6419554012" /><tag k="highway" v="footway" /><tag k="oneway" v="no" /></way><way id="1257" timestamp="2026-04-01T17:08:12Z" uid="1" user="OSMnx" version="1" changeset="1"><nd ref="6447423625" /><nd ref="6447423626" /><tag k="highway" v="footway" /><tag k="oneway" v="no" /></way><way id="1258" timestamp="2026-04-01T17:08:12Z" uid="1" user="OSMnx" version="1" changeset="1"><nd ref="6447423625" /><nd ref="6447423624" /><tag k="highway" v="footway" /><tag k="oneway" v="no" /></way><way id="1259" timestamp="2026-04-01T17:08:12Z" uid="1" user="OSMnx" version="1" changeset="1"><nd ref="6447423626" /><nd ref="6447423625" /><tag k="highway" v="footway" /><tag k="oneway" v="no" /></way><way id="1260" timestamp="2026-04-01T17:08:12Z" uid="1" user="OSMnx" version="1" changeset="1"><nd ref="6447423626" /><nd ref="6419554022" /><tag k="highway" v="footway" /><tag k="oneway" v="no" /></way><way id="1261" timestamp="2026-04-01T17:08:12Z" uid="1" user="OSMnx" version="1" changeset="1"><nd ref="6447423626" /><nd ref="6447423627" /><tag k="highway" v="footway" /><tag k="oneway" v="no" /></way><way id="1262" timestamp="2026-04-01T17:08:12Z" uid="1" user="OSMnx" version="1" changeset="1"><nd ref="6447423627" /><nd ref="6419554010" /><tag k="highway" v="footway" /><tag k="oneway" v="no" /></way><way id="1263" timestamp="2026-04-01T17:08:12Z" uid="1" user="OSMnx" version="1" changeset="1"><nd ref="6447423627" /><nd ref="6447423624" /><tag k="highway" v="footway" /><tag k="oneway" v="no" /></way><way id="1264" timestamp="2026-04-01T17:08:12Z" uid="1" user="OSMnx" version="1" changeset="1"><nd ref="6447423627" /><nd ref="6447423626" /><tag k="highway" v="footway" /><tag k="oneway" v="no" /></way><way id="1265" timestamp="2026-04-01T17:08:12Z" uid="1" user="OSMnx" version="1" changeset="1"><nd ref="6447449633" /><nd ref="6418822021" /><tag k="highway" v="footway" /><tag k="oneway" v="no" /></way><way id="1266" timestamp="2026-04-01T17:08:12Z" uid="1" user="OSMnx" version="1" changeset="1"><nd ref="6447449633" /><nd ref="6447449634" /><tag k="highway" v="footway" /><tag k="oneway" v="no" /></way><way id="1267" timestamp="2026-04-01T17:08:12Z" uid="1" user="OSMnx" version="1" changeset="1"><nd ref="6447449634" /><nd ref="6447449633" /><tag k="highway" v="footway" /><tag k="oneway" v="no" /></way><way id="1268" timestamp="2026-04-01T17:08:12Z" uid="1" user="OSMnx" version="1" changeset="1"><nd ref="6447449634" /><nd ref="6447449635" /><tag k="highway" v="footway" /><tag k="oneway" v="no" /></way><way id="1269" timestamp="2026-04-01T17:08:12Z" uid="1" user="OSMnx" version="1" changeset="1"><nd ref="6447449635" /><nd ref="6447449634" /><tag k="highway" v="footway" /><tag k="oneway" v="no" /></way><way id="1270" timestamp="2026-04-01T17:08:12Z" uid="1" user="OSMnx" version="1" changeset="1"><nd ref="6447449635" /><nd ref="6418822020" /><tag k="highway" v="footway" /><tag k="oneway" v="no" /></way><way id="1271" timestamp="2026-04-01T17:08:12Z" uid="1" user="OSMnx" version="1" changeset="1"><nd ref="6447449636" /><nd ref="6418822020" /><tag k="highway" v="footway" /><tag k="oneway" v="no" /></way><way id="1272" timestamp="2026-04-01T17:08:12Z" uid="1" user="OSMnx" version="1" changeset="1"><nd ref="6447449636" /><nd ref="3409007594" /><tag k="highway" v="footway" /><tag k="oneway" v="no" /></way><way id="1273" timestamp="2026-04-01T17:08:12Z" uid="1" user="OSMnx" version="1" changeset="1"><nd ref="6447449637" /><nd ref="3409007594" /><tag k="highway" v="footway" /><tag k="oneway" v="no" /></way><way id="1274" timestamp="2026-04-01T17:08:12Z" uid="1" user="OSMnx" version="1" changeset="1"><nd ref="6447449637" /><nd ref="6447449638" /><tag k="highway" v="footway" /><tag k="oneway" v="no" /></way><way id="1275" timestamp="2026-04-01T17:08:12Z" uid="1" user="OSMnx" version="1" changeset="1"><nd ref="6447449638" /><nd ref="6447449637" /><tag k="highway" v="footway" /><tag k="oneway" v="no" /></way><way id="1276" timestamp="2026-04-01T17:08:12Z" uid="1" user="OSMnx" version="1" changeset="1"><nd ref="6447449638" /><nd ref="6447449639" /><tag k="highway" v="footway" /><tag k="oneway" v="no" /></way><way id="1277" timestamp="2026-04-01T17:08:12Z" uid="1" user="OSMnx" version="1" changeset="1"><nd ref="6447449639" /><nd ref="6447449638" /><tag k="highway" v="footway" /><tag k="oneway" v="no" /></way><way id="1278" timestamp="2026-04-01T17:08:12Z" uid="1" user="OSMnx" version="1" changeset="1"><nd ref="6447449639" /><nd ref="6418822019" /><tag k="highway" v="footway" /><tag k="oneway" v="no" /></way><way id="1279" timestamp="2026-04-01T17:08:12Z" uid="1" user="OSMnx" version="1" changeset="1"><nd ref="6447485387" /><nd ref="8809676423" /><tag k="highway" v="footway" /><tag k="oneway" v="no" /></way><way id="1280" timestamp="2026-04-01T17:08:12Z" uid="1" user="OSMnx" version="1" changeset="1"><nd ref="6447485387" /><nd ref="2126053410" /><tag k="highway" v="footway" /><tag k="oneway" v="no" /></way><way id="1281" timestamp="2026-04-01T17:08:12Z" uid="1" user="OSMnx" version="1" changeset="1"><nd ref="6447485414" /><nd ref="6447485415" /><tag k="highway" v="footway" /><tag k="oneway" v="no" /></way><way id="1282" timestamp="2026-04-01T17:08:12Z" uid="1" user="OSMnx" version="1" changeset="1"><nd ref="6447485414" /><nd ref="8809676425" /><tag k="highway" v="footway" /><tag k="oneway" v="no" /></way><way id="1283" timestamp="2026-04-01T17:08:12Z" uid="1" user="OSMnx" version="1" changeset="1"><nd ref="6447485415" /><nd ref="6447485416" /><tag k="highway" v="footway" /><tag k="oneway" v="no" /></way><way id="1284" timestamp="2026-04-01T17:08:12Z" uid="1" user="OSMnx" version="1" changeset="1"><nd ref="6447485415" /><nd ref="6447485414" /><tag k="highway" v="footway" /><tag k="oneway" v="no" /></way><way id="1285" timestamp="2026-04-01T17:08:12Z" uid="1" user="OSMnx" version="1" changeset="1"><nd ref="6447485416" /><nd ref="8809676426" /><tag k="highway" v="footway" /><tag k="oneway" v="no" /></way><way id="1286" timestamp="2026-04-01T17:08:12Z" uid="1" user="OSMnx" version="1" changeset="1"><nd ref="6447485416" /><nd ref="6447485415" /><tag k="highway" v="footway" /><tag k="oneway" v="no" /></way><way id="1287" timestamp="2026-04-01T17:08:12Z" uid="1" user="OSMnx" version="1" changeset="1"><nd ref="6447485417" /><nd ref="8809676425" /><tag k="highway" v="footway" /><tag k="oneway" v="no" /></way><way id="1288" timestamp="2026-04-01T17:08:12Z" uid="1" user="OSMnx" version="1" changeset="1"><nd ref="6447485417" /><nd ref="6447485419" /><tag k="highway" v="footway" /><tag k="oneway" v="no" /></way><way id="1289" timestamp="2026-04-01T17:08:12Z" uid="1" user="OSMnx" version="1" changeset="1"><nd ref="6447485418" /><nd ref="6447485419" /><tag k="highway" v="footway" /><tag k="oneway" v="no" /></way><way id="1290" timestamp="2026-04-01T17:08:12Z" uid="1" user="OSMnx" version="1" changeset="1"><nd ref="6447485418" /><nd ref="6418822011" /><tag k="highway" v="footway" /><tag k="oneway" v="no" /></way><way id="1291" timestamp="2026-04-01T17:08:12Z" uid="1" user="OSMnx" version="1" changeset="1"><nd ref="6447485419" /><nd ref="6447485417" /><tag k="highway" v="footway" /><tag k="oneway" v="no" /></way><way id="1292" timestamp="2026-04-01T17:08:12Z" uid="1" user="OSMnx" version="1" changeset="1"><nd ref="6447485419" /><nd ref="6447485418" /><tag k="highway" v="footway" /><tag k="oneway" v="no" /></way><way id="1293" timestamp="2026-04-01T17:08:12Z" uid="1" user="OSMnx" version="1" changeset="1"><nd ref="6447510328" /><nd ref="8809676429" /><tag k="highway" v="footway" /><tag k="oneway" v="no" /></way><way id="1294" timestamp="2026-04-01T17:08:12Z" uid="1" user="OSMnx" version="1" changeset="1"><nd ref="6447510328" /><nd ref="6447510367" /><tag k="highway" v="footway" /><tag k="oneway" v="no" /></way><way id="1295" timestamp="2026-04-01T17:08:12Z" uid="1" user="OSMnx" version="1" changeset="1"><nd ref="6447510328" /><nd ref="6447510364" /><tag k="highway" v="footway" /><tag k="oneway" v="no" /></way><way id="1296" timestamp="2026-04-01T17:08:12Z" uid="1" user="OSMnx" version="1" changeset="1"><nd ref="6447510329" /><nd ref="6447510334" /><tag k="highway" v="footway" /><tag k="oneway" v="no" /></way><way id="1297" timestamp="2026-04-01T17:08:12Z" uid="1" user="OSMnx" version="1" changeset="1"><nd ref="6447510329" /><nd ref="6447510335" /><tag k="highway" v="footway" /><tag k="oneway" v="no" /></way><way id="1298" timestamp="2026-04-01T17:08:12Z" uid="1" user="OSMnx" version="1" changeset="1"><nd ref="6447510329" /><nd ref="4710347339" /><tag k="highway" v="footway" /><tag k="oneway" v="no" /></way><way id="1299" timestamp="2026-04-01T17:08:12Z" uid="1" user="OSMnx" version="1" changeset="1"><nd ref="6447510330" /><nd ref="6447766282" /><tag k="highway" v="footway" /><tag k="oneway" v="no" /></way><way id="1300" timestamp="2026-04-01T17:08:12Z" uid="1" user="OSMnx" version="1" changeset="1"><nd ref="6447510330" /><nd ref="6447510333" /><tag k="highway" v="footway" /><tag k="oneway" v="no" /></way><way id="1301" timestamp="2026-04-01T17:08:12Z" uid="1" user="OSMnx" version="1" changeset="1"><nd ref="6447510330" /><nd ref="6447510334" /><tag k="highway" v="footway" /><tag k="oneway" v="no" /></way><way id="1302" timestamp="2026-04-01T17:08:12Z" uid="1" user="OSMnx" version="1" changeset="1"><nd ref="6447510331" /><nd ref="6418822010" /><tag k="highway" v="footway" /><tag k="oneway" v="no" /></way><way id="1303" timestamp="2026-04-01T17:08:12Z" uid="1" user="OSMnx" version="1" changeset="1"><nd ref="6447510331" /><nd ref="6447510335" /><tag k="highway" v="footway" /><tag k="oneway" v="no" /></way><way id="1304" timestamp="2026-04-01T17:08:12Z" uid="1" user="OSMnx" version="1" changeset="1"><nd ref="6447510331" /><nd ref="6447510332" /><tag k="highway" v="footway" /><tag k="oneway" v="no" /></way><way id="1305" timestamp="2026-04-01T17:08:12Z" uid="1" user="OSMnx" version="1" changeset="1"><nd ref="6447510332" /><nd ref="6447510331" /><tag k="highway" v="footway" /><tag k="oneway" v="no" /></way><way id="1306" timestamp="2026-04-01T17:08:12Z" uid="1" user="OSMnx" version="1" changeset="1"><nd ref="6447510332" /><nd ref="6447510333" /><tag k="highway" v="footway" /><tag k="oneway" v="no" /></way><way id="1307" timestamp="2026-04-01T17:08:12Z" uid="1" user="OSMnx" version="1" changeset="1"><nd ref="6447510333" /><nd ref="6447510332" /><tag k="highway" v="footway" /><tag k="oneway" v="no" /></way><way id="1308" timestamp="2026-04-01T17:08:12Z" uid="1" user="OSMnx" version="1" changeset="1"><nd ref="6447510333" /><nd ref="6447510330" /><tag k="highway" v="footway" /><tag k="oneway" v="no" /></way><way id="1309" timestamp="2026-04-01T17:08:12Z" uid="1" user="OSMnx" version="1" changeset="1"><nd ref="6447510334" /><nd ref="6447510330" /><tag k="highway" v="footway" /><tag k="oneway" v="no" /></way><way id="1310" timestamp="2026-04-01T17:08:12Z" uid="1" user="OSMnx" version="1" changeset="1"><nd ref="6447510334" /><nd ref="6447510329" /><tag k="highway" v="footway" /><tag k="oneway" v="no" /></way><way id="1311" timestamp="2026-04-01T17:08:12Z" uid="1" user="OSMnx" version="1" changeset="1"><nd ref="6447510335" /><nd ref="6447510329" /><tag k="highway" v="footway" /><tag k="oneway" v="no" /></way><way id="1312" timestamp="2026-04-01T17:08:12Z" uid="1" user="OSMnx" version="1" changeset="1"><nd ref="6447510335" /><nd ref="6447510331" /><tag k="highway" v="footway" /><tag k="oneway" v="no" /></way><way id="1313" timestamp="2026-04-01T17:08:12Z" uid="1" user="OSMnx" version="1" changeset="1"><nd ref="6447510340" /><nd ref="6447510343" /><tag k="highway" v="footway" /><tag k="oneway" v="no" /></way><way id="1314" timestamp="2026-04-01T17:08:12Z" uid="1" user="OSMnx" version="1" changeset="1"><nd ref="6447510340" /><nd ref="6447510344" /><tag k="highway" v="footway" /><tag k="oneway" v="no" /></way><way id="1315" timestamp="2026-04-01T17:08:12Z" uid="1" user="OSMnx" version="1" changeset="1"><nd ref="6447510340" /><nd ref="6447514590" /><tag k="highway" v="footway" /><tag k="oneway" v="no" /></way><way id="1316" timestamp="2026-04-01T17:08:12Z" uid="1" user="OSMnx" version="1" changeset="1"><nd ref="6447510340" /><nd ref="6447514594" /><tag k="highway" v="footway" /><tag k="oneway" v="no" /></way><way id="1317" timestamp="2026-04-01T17:08:12Z" uid="1" user="OSMnx" version="1" changeset="1"><nd ref="6447510341" /><nd ref="5098276183" /><tag k="highway" v="footway" /><tag k="oneway" v="no" /></way><way id="1318" timestamp="2026-04-01T17:08:12Z" uid="1" user="OSMnx" version="1" changeset="1"><nd ref="6447510341" /><nd ref="5098276184" /><tag k="highway" v="footway" /><tag k="oneway" v="no" /></way><way id="1319" timestamp="2026-04-01T17:08:12Z" uid="1" user="OSMnx" version="1" changeset="1"><nd ref="6447510341" /><nd ref="6447510344" /><tag k="highway" v="footway" /><tag k="oneway" v="no" /></way><way id="1320" timestamp="2026-04-01T17:08:12Z" uid="1" user="OSMnx" version="1" changeset="1"><nd ref="6447510341" /><nd ref="6447510342" /><tag k="highway" v="footway" /><tag k="oneway" v="no" /></way><way id="1321" timestamp="2026-04-01T17:08:12Z" uid="1" user="OSMnx" version="1" changeset="1"><nd ref="6447510342" /><nd ref="4710347337" /><tag k="highway" v="footway" /><tag k="oneway" v="no" /></way><way id="1322" timestamp="2026-04-01T17:08:12Z" uid="1" user="OSMnx" version="1" changeset="1"><nd ref="6447510342" /><nd ref="4710347338" /><tag k="highway" v="footway" /><tag k="oneway" v="no" /></way><way id="1323" timestamp="2026-04-01T17:08:12Z" uid="1" user="OSMnx" version="1" changeset="1"><nd ref="6447510342" /><nd ref="6447510341" /><tag k="highway" v="footway" /><tag k="oneway" v="no" /></way><way id="1324" timestamp="2026-04-01T17:08:12Z" uid="1" user="OSMnx" version="1" changeset="1"><nd ref="6447510342" /><nd ref="6447514586" /><tag k="highway" v="footway" /><tag k="oneway" v="no" /></way><way id="1325" timestamp="2026-04-01T17:08:12Z" uid="1" user="OSMnx" version="1" changeset="1"><nd ref="6447510343" /><nd ref="6447510346" /><tag k="highway" v="footway" /><tag k="oneway" v="no" /></way><way id="1326" timestamp="2026-04-01T17:08:12Z" uid="1" user="OSMnx" version="1" changeset="1"><nd ref="6447510343" /><nd ref="6447510340" /><tag k="highway" v="footway" /><tag k="oneway" v="no" /></way><way id="1327" timestamp="2026-04-01T17:08:12Z" uid="1" user="OSMnx" version="1" changeset="1"><nd ref="6447510344" /><nd ref="6447510340" /><tag k="highway" v="footway" /><tag k="oneway" v="no" /></way><way id="1328" timestamp="2026-04-01T17:08:12Z" uid="1" user="OSMnx" version="1" changeset="1"><nd ref="6447510344" /><nd ref="6447510341" /><tag k="highway" v="footway" /><tag k="oneway" v="no" /></way><way id="1329" timestamp="2026-04-01T17:08:12Z" uid="1" user="OSMnx" version="1" changeset="1"><nd ref="6447510345" /><nd ref="6447510346" /><tag k="highway" v="footway" /><tag k="oneway" v="no" /></way><way id="1330" timestamp="2026-04-01T17:08:12Z" uid="1" user="OSMnx" version="1" changeset="1"><nd ref="6447510346" /><nd ref="6447510345" /><tag k="highway" v="footway" /><tag k="oneway" v="no" /></way><way id="1331" timestamp="2026-04-01T17:08:12Z" uid="1" user="OSMnx" version="1" changeset="1"><nd ref="6447510346" /><nd ref="6447510343" /><tag k="highway" v="footway" /><tag k="oneway" v="no" /></way><way id="1332" timestamp="2026-04-01T17:08:12Z" uid="1" user="OSMnx" version="1" changeset="1"><nd ref="6447510347" /><nd ref="4710347338" /><tag k="highway" v="footway" /><tag k="oneway" v="no" /></way><way id="1333" timestamp="2026-04-01T17:08:12Z" uid="1" user="OSMnx" version="1" changeset="1"><nd ref="6447510347" /><nd ref="4710347339" /><tag k="highway" v="footway" /><tag k="oneway" v="no" /></way><way id="1334" timestamp="2026-04-01T17:08:12Z" uid="1" user="OSMnx" version="1" changeset="1"><nd ref="6447510348" /><nd ref="5098276184" /><tag k="highway" v="footway" /><tag k="oneway" v="no" /></way><way id="1335" timestamp="2026-04-01T17:08:12Z" uid="1" user="OSMnx" version="1" changeset="1"><nd ref="6447510348" /><nd ref="4710347339" /><tag k="highway" v="footway" /><tag k="oneway" v="no" /></way><way id="1336" timestamp="2026-04-01T17:08:12Z" uid="1" user="OSMnx" version="1" changeset="1"><nd ref="6447510349" /><nd ref="6447510350" /><tag k="highway" v="footway" /><tag k="oneway" v="no" /></way><way id="1337" timestamp="2026-04-01T17:08:12Z" uid="1" user="OSMnx" version="1" changeset="1"><nd ref="6447510349" /><nd ref="6447510352" /><tag k="highway" v="footway" /><tag k="oneway" v="no" /></way><way id="1338" timestamp="2026-04-01T17:08:12Z" uid="1" user="OSMnx" version="1" changeset="1"><nd ref="6447510349" /><nd ref="6447510353" /><tag k="highway" v="footway" /><tag k="oneway" v="no" /></way><way id="1339" timestamp="2026-04-01T17:08:12Z" uid="1" user="OSMnx" version="1" changeset="1"><nd ref="6447510350" /><nd ref="6447510349" /><tag k="highway" v="footway" /><tag k="oneway" v="no" /></way><way id="1340" timestamp="2026-04-01T17:08:12Z" uid="1" user="OSMnx" version="1" changeset="1"><nd ref="6447510350" /><nd ref="6447510351" /><tag k="highway" v="footway" /><tag k="oneway" v="no" /></way><way id="1341" timestamp="2026-04-01T17:08:12Z" uid="1" user="OSMnx" version="1" changeset="1"><nd ref="6447510351" /><nd ref="4633378537" /><tag k="highway" v="footway" /><tag k="oneway" v="no" /></way><way id="1342" timestamp="2026-04-01T17:08:12Z" uid="1" user="OSMnx" version="1" changeset="1"><nd ref="6447510351" /><nd ref="6418822012" /><tag k="highway" v="footway" /><tag k="oneway" v="no" /></way><way id="1343" timestamp="2026-04-01T17:08:12Z" uid="1" user="OSMnx" version="1" changeset="1"><nd ref="6447510351" /><nd ref="6447510350" /><tag k="highway" v="footway" /><tag k="oneway" v="no" /></way><way id="1344" timestamp="2026-04-01T17:08:12Z" uid="1" user="OSMnx" version="1" changeset="1"><nd ref="6447510352" /><nd ref="6418822012" /><tag k="highway" v="footway" /><tag k="oneway" v="no" /></way><way id="1345" timestamp="2026-04-01T17:08:12Z" uid="1" user="OSMnx" version="1" changeset="1"><nd ref="6447510352" /><nd ref="8809676424" /><tag k="highway" v="footway" /><tag k="oneway" v="no" /></way><way id="1346" timestamp="2026-04-01T17:08:12Z" uid="1" user="OSMnx" version="1" changeset="1"><nd ref="6447510352" /><nd ref="6447510349" /><tag k="highway" v="footway" /><tag k="oneway" v="no" /></way><way id="1347" timestamp="2026-04-01T17:08:12Z" uid="1" user="OSMnx" version="1" changeset="1"><nd ref="6447510353" /><nd ref="6447510349" /><tag k="highway" v="footway" /><tag k="oneway" v="no" /></way><way id="1348" timestamp="2026-04-01T17:08:12Z" uid="1" user="OSMnx" version="1" changeset="1"><nd ref="6447510353" /><nd ref="6447510356" /><tag k="highway" v="footway" /><tag k="oneway" v="no" /></way><way id="1349" timestamp="2026-04-01T17:08:12Z" uid="1" user="OSMnx" version="1" changeset="1"><nd ref="6447510354" /><nd ref="6418822007" /><tag k="highway" v="footway" /><tag k="oneway" v="no" /></way><way id="1350" timestamp="2026-04-01T17:08:12Z" uid="1" user="OSMnx" version="1" changeset="1"><nd ref="6447510354" /><nd ref="6418822006" /><tag k="highway" v="footway" /><tag k="oneway" v="no" /></way><way id="1351" timestamp="2026-04-01T17:08:12Z" uid="1" user="OSMnx" version="1" changeset="1"><nd ref="6447510354" /><nd ref="8809676428" /><tag k="highway" v="footway" /><tag k="oneway" v="no" /></way><way id="1352" timestamp="2026-04-01T17:08:12Z" uid="1" user="OSMnx" version="1" changeset="1"><nd ref="6447510355" /><nd ref="8809676428" /><tag k="highway" v="footway" /><tag k="oneway" v="no" /></way><way id="1353" timestamp="2026-04-01T17:08:12Z" uid="1" user="OSMnx" version="1" changeset="1"><nd ref="6447510355" /><nd ref="6447510356" /><tag k="highway" v="footway" /><tag k="oneway" v="no" /></way><way id="1354" timestamp="2026-04-01T17:08:12Z" uid="1" user="OSMnx" version="1" changeset="1"><nd ref="6447510356" /><nd ref="6447510353" /><tag k="highway" v="footway" /><tag k="oneway" v="no" /></way><way id="1355" timestamp="2026-04-01T17:08:12Z" uid="1" user="OSMnx" version="1" changeset="1"><nd ref="6447510356" /><nd ref="6447510355" /><tag k="highway" v="footway" /><tag k="oneway" v="no" /></way><way id="1356" timestamp="2026-04-01T17:08:12Z" uid="1" user="OSMnx" version="1" changeset="1"><nd ref="6447510356" /><nd ref="8809676431" /><tag k="highway" v="footway" /><tag k="oneway" v="no" /></way><way id="1357" timestamp="2026-04-01T17:08:12Z" uid="1" user="OSMnx" version="1" changeset="1"><nd ref="6447510357" /><nd ref="6418822005" /><tag k="highway" v="footway" /><tag k="oneway" v="no" /></way><way id="1358" timestamp="2026-04-01T17:08:12Z" uid="1" user="OSMnx" version="1" changeset="1"><nd ref="6447510357" /><nd ref="8809676426" /><tag k="highway" v="footway" /><tag k="oneway" v="no" /></way><way id="1359" timestamp="2026-04-01T17:08:12Z" uid="1" user="OSMnx" version="1" changeset="1"><nd ref="6447510357" /><nd ref="8809676431" /><tag k="highway" v="footway" /><tag k="oneway" v="no" /></way><way id="1360" timestamp="2026-04-01T17:08:12Z" uid="1" user="OSMnx" version="1" changeset="1"><nd ref="6447510358" /><nd ref="6418822025" /><tag k="highway" v="footway" /><tag k="oneway" v="no" /></way><way id="1361" timestamp="2026-04-01T17:08:12Z" uid="1" user="OSMnx" version="1" changeset="1"><nd ref="6447510358" /><nd ref="6447510359" /><tag k="highway" v="footway" /><tag k="oneway" v="no" /></way><way id="1362" timestamp="2026-04-01T17:08:12Z" uid="1" user="OSMnx" version="1" changeset="1"><nd ref="6447510359" /><nd ref="6447510358" /><tag k="highway" v="footway" /><tag k="oneway" v="no" /></way><way id="1363" timestamp="2026-04-01T17:08:12Z" uid="1" user="OSMnx" version="1" changeset="1"><nd ref="6447510359" /><nd ref="6418822024" /><tag k="highway" v="footway" /><tag k="oneway" v="no" /></way><way id="1364" timestamp="2026-04-01T17:08:12Z" uid="1" user="OSMnx" version="1" changeset="1"><nd ref="6447510360" /><nd ref="6447510361" /><tag k="highway" v="footway" /><tag k="oneway" v="no" /></way><way id="1365" timestamp="2026-04-01T17:08:12Z" uid="1" user="OSMnx" version="1" changeset="1"><nd ref="6447510360" /><nd ref="6418822025" /><tag k="highway" v="footway" /><tag k="oneway" v="no" /></way><way id="1366" timestamp="2026-04-01T17:08:12Z" uid="1" user="OSMnx" version="1" changeset="1"><nd ref="6447510361" /><nd ref="6418822009" /><tag k="highway" v="footway" /><tag k="oneway" v="no" /></way><way id="1367" timestamp="2026-04-01T17:08:12Z" uid="1" user="OSMnx" version="1" changeset="1"><nd ref="6447510361" /><nd ref="6418822007" /><tag k="highway" v="footway" /><tag k="oneway" v="no" /></way><way id="1368" timestamp="2026-04-01T17:08:12Z" uid="1" user="OSMnx" version="1" changeset="1"><nd ref="6447510361" /><nd ref="6447510360" /><tag k="highway" v="footway" /><tag k="oneway" v="no" /></way><way id="1369" timestamp="2026-04-01T17:08:12Z" uid="1" user="OSMnx" version="1" changeset="1"><nd ref="6447510362" /><nd ref="6418822025" /><tag k="highway" v="footway" /><tag k="oneway" v="no" /></way><way id="1370" timestamp="2026-04-01T17:08:12Z" uid="1" user="OSMnx" version="1" changeset="1"><nd ref="6447510362" /><nd ref="6447510366" /><tag k="highway" v="footway" /><tag k="oneway" v="no" /></way><way id="1371" timestamp="2026-04-01T17:08:12Z" uid="1" user="OSMnx" version="1" changeset="1"><nd ref="6447510362" /><nd ref="6447510367" /><tag k="highway" v="footway" /><tag k="oneway" v="no" /></way><way id="1372" timestamp="2026-04-01T17:08:12Z" uid="1" user="OSMnx" version="1" changeset="1"><nd ref="6447510363" /><nd ref="6447510364" /><tag k="highway" v="footway" /><tag k="oneway" v="no" /></way><way id="1373" timestamp="2026-04-01T17:08:12Z" uid="1" user="OSMnx" version="1" changeset="1"><nd ref="6447510363" /><nd ref="6447510365" /><tag k="highway" v="footway" /><tag k="oneway" v="no" /></way><way id="1374" timestamp="2026-04-01T17:08:12Z" uid="1" user="OSMnx" version="1" changeset="1"><nd ref="6447510363" /><nd ref="6447514587" /><tag k="highway" v="footway" /><tag k="oneway" v="no" /></way><way id="1375" timestamp="2026-04-01T17:08:12Z" uid="1" user="OSMnx" version="1" changeset="1"><nd ref="6447510364" /><nd ref="6447510328" /><tag k="highway" v="footway" /><tag k="oneway" v="no" /></way><way id="1376" timestamp="2026-04-01T17:08:12Z" uid="1" user="OSMnx" version="1" changeset="1"><nd ref="6447510364" /><nd ref="6447510363" /><tag k="highway" v="footway" /><tag k="oneway" v="no" /></way><way id="1377" timestamp="2026-04-01T17:08:12Z" uid="1" user="OSMnx" version="1" changeset="1"><nd ref="6447510365" /><nd ref="6447510363" /><tag k="highway" v="footway" /><tag k="oneway" v="no" /></way><way id="1378" timestamp="2026-04-01T17:08:12Z" uid="1" user="OSMnx" version="1" changeset="1"><nd ref="6447510365" /><nd ref="6447510366" /><tag k="highway" v="footway" /><tag k="oneway" v="no" /></way><way id="1379" timestamp="2026-04-01T17:08:12Z" uid="1" user="OSMnx" version="1" changeset="1"><nd ref="6447510366" /><nd ref="6447510365" /><tag k="highway" v="footway" /><tag k="oneway" v="no" /></way><way id="1380" timestamp="2026-04-01T17:08:12Z" uid="1" user="OSMnx" version="1" changeset="1"><nd ref="6447510366" /><nd ref="6447510362" /><tag k="highway" v="footway" /><tag k="oneway" v="no" /></way><way id="1381" timestamp="2026-04-01T17:08:12Z" uid="1" user="OSMnx" version="1" changeset="1"><nd ref="6447510367" /><nd ref="6447510362" /><tag k="highway" v="footway" /><tag k="oneway" v="no" /></way><way id="1382" timestamp="2026-04-01T17:08:12Z" uid="1" user="OSMnx" version="1" changeset="1"><nd ref="6447510367" /><nd ref="6447510328" /><tag k="highway" v="footway" /><tag k="oneway" v="no" /></way><way id="1383" timestamp="2026-04-01T17:08:12Z" uid="1" user="OSMnx" version="1" changeset="1"><nd ref="6447510381" /><nd ref="6447514595" /><tag k="highway" v="footway" /><tag k="oneway" v="no" /></way><way id="1384" timestamp="2026-04-01T17:08:12Z" uid="1" user="OSMnx" version="1" changeset="1"><nd ref="6447510382" /><nd ref="6447514596" /><tag k="highway" v="footway" /><tag k="oneway" v="no" /></way><way id="1385" timestamp="2026-04-01T17:08:12Z" uid="1" user="OSMnx" version="1" changeset="1"><nd ref="6447514586" /><nd ref="6447510342" /><tag k="highway" v="footway" /><tag k="oneway" v="no" /></way><way id="1386" timestamp="2026-04-01T17:08:12Z" uid="1" user="OSMnx" version="1" changeset="1"><nd ref="6447514586" /><nd ref="6447514588" /><tag k="highway" v="footway" /><tag k="oneway" v="no" /></way><way id="1387" timestamp="2026-04-01T17:08:12Z" uid="1" user="OSMnx" version="1" changeset="1"><nd ref="6447514587" /><nd ref="6447514588" /><tag k="highway" v="footway" /><tag k="oneway" v="no" /></way><way id="1388" timestamp="2026-04-01T17:08:12Z" uid="1" user="OSMnx" version="1" changeset="1"><nd ref="6447514587" /><nd ref="6447510363" /><tag k="highway" v="footway" /><tag k="oneway" v="no" /></way><way id="1389" timestamp="2026-04-01T17:08:12Z" uid="1" user="OSMnx" version="1" changeset="1"><nd ref="6447514588" /><nd ref="6447514597" /><tag k="highway" v="footway" /><tag k="oneway" v="no" /></way><way id="1390" timestamp="2026-04-01T17:08:12Z" uid="1" user="OSMnx" version="1" changeset="1"><nd ref="6447514588" /><nd ref="6447514596" /><tag k="highway" v="footway" /><tag k="oneway" v="no" /></way><way id="1391" timestamp="2026-04-01T17:08:12Z" uid="1" user="OSMnx" version="1" changeset="1"><nd ref="6447514588" /><nd ref="6447514586" /><tag k="highway" v="footway" /><tag k="oneway" v="no" /></way><way id="1392" timestamp="2026-04-01T17:08:12Z" uid="1" user="OSMnx" version="1" changeset="1"><nd ref="6447514588" /><nd ref="6447514587" /><tag k="highway" v="footway" /><tag k="oneway" v="no" /></way><way id="1393" timestamp="2026-04-01T17:08:12Z" uid="1" user="OSMnx" version="1" changeset="1"><nd ref="6447514589" /><nd ref="6447514590" /><tag k="highway" v="footway" /><tag k="oneway" v="no" /></way><way id="1394" timestamp="2026-04-01T17:08:12Z" uid="1" user="OSMnx" version="1" changeset="1"><nd ref="6447514590" /><nd ref="6447514595" /><tag k="highway" v="footway" /><tag k="oneway" v="no" /></way><way id="1395" timestamp="2026-04-01T17:08:12Z" uid="1" user="OSMnx" version="1" changeset="1"><nd ref="6447514590" /><nd ref="6447510340" /><tag k="highway" v="footway" /><tag k="oneway" v="no" /></way><way id="1396" timestamp="2026-04-01T17:08:12Z" uid="1" user="OSMnx" version="1" changeset="1"><nd ref="6447514590" /><nd ref="6447514589" /><tag k="highway" v="footway" /><tag k="oneway" v="no" /></way><way id="1397" timestamp="2026-04-01T17:08:12Z" uid="1" user="OSMnx" version="1" changeset="1"><nd ref="6447514591" /><nd ref="6447514592" /><tag k="highway" v="footway" /><tag k="oneway" v="no" /></way><way id="1398" timestamp="2026-04-01T17:08:12Z" uid="1" user="OSMnx" version="1" changeset="1"><nd ref="6447514592" /><nd ref="6447514593" /><tag k="highway" v="footway" /><tag k="oneway" v="no" /></way><way id="1399" timestamp="2026-04-01T17:08:12Z" uid="1" user="OSMnx" version="1" changeset="1"><nd ref="6447514592" /><nd ref="6447514591" /><tag k="highway" v="footway" /><tag k="oneway" v="no" /></way><way id="1400" timestamp="2026-04-01T17:08:12Z" uid="1" user="OSMnx" version="1" changeset="1"><nd ref="6447514593" /><nd ref="6447514594" /><tag k="highway" v="footway" /><tag k="oneway" v="no" /></way><way id="1401" timestamp="2026-04-01T17:08:12Z" uid="1" user="OSMnx" version="1" changeset="1"><nd ref="6447514593" /><nd ref="6447514592" /><tag k="highway" v="footway" /><tag k="oneway" v="no" /></way><way id="1402" timestamp="2026-04-01T17:08:12Z" uid="1" user="OSMnx" version="1" changeset="1"><nd ref="6447514594" /><nd ref="6447510340" /><tag k="highway" v="footway" /><tag k="oneway" v="no" /></way><way id="1403" timestamp="2026-04-01T17:08:12Z" uid="1" user="OSMnx" version="1" changeset="1"><nd ref="6447514594" /><nd ref="6447514593" /><tag k="highway" v="footway" /><tag k="oneway" v="no" /></way><way id="1404" timestamp="2026-04-01T17:08:12Z" uid="1" user="OSMnx" version="1" changeset="1"><nd ref="6447514595" /><nd ref="6447510381" /><tag k="highway" v="footway" /><tag k="oneway" v="no" /></way><way id="1405" timestamp="2026-04-01T17:08:12Z" uid="1" user="OSMnx" version="1" changeset="1"><nd ref="6447514595" /><nd ref="6447514590" /><tag k="highway" v="footway" /><tag k="oneway" v="no" /></way><way id="1406" timestamp="2026-04-01T17:08:12Z" uid="1" user="OSMnx" version="1" changeset="1"><nd ref="6447514596" /><nd ref="6447514588" /><tag k="highway" v="footway" /><tag k="oneway" v="no" /></way><way id="1407" timestamp="2026-04-01T17:08:12Z" uid="1" user="OSMnx" version="1" changeset="1"><nd ref="6447514596" /><nd ref="6447510382" /><tag k="highway" v="footway" /><tag k="oneway" v="no" /></way><way id="1408" timestamp="2026-04-01T17:08:12Z" uid="1" user="OSMnx" version="1" changeset="1"><nd ref="6447514597" /><nd ref="6447514598" /><tag k="highway" v="footway" /><tag k="oneway" v="no" /></way><way id="1409" timestamp="2026-04-01T17:08:12Z" uid="1" user="OSMnx" version="1" changeset="1"><nd ref="6447514597" /><nd ref="6447514588" /><tag k="highway" v="footway" /><tag k="oneway" v="no" /></way><way id="1410" timestamp="2026-04-01T17:08:12Z" uid="1" user="OSMnx" version="1" changeset="1"><nd ref="6447514598" /><nd ref="6447514599" /><tag k="highway" v="footway" /><tag k="oneway" v="no" /></way><way id="1411" timestamp="2026-04-01T17:08:12Z" uid="1" user="OSMnx" version="1" changeset="1"><nd ref="6447514598" /><nd ref="6447514597" /><tag k="highway" v="footway" /><tag k="oneway" v="no" /></way><way id="1412" timestamp="2026-04-01T17:08:12Z" uid="1" user="OSMnx" version="1" changeset="1"><nd ref="6447514599" /><nd ref="6418822009" /><tag k="highway" v="footway" /><tag k="oneway" v="no" /></way><way id="1413" timestamp="2026-04-01T17:08:12Z" uid="1" user="OSMnx" version="1" changeset="1"><nd ref="6447514599" /><nd ref="6447514598" /><tag k="highway" v="footway" /><tag k="oneway" v="no" /></way><way id="1414" timestamp="2026-04-01T17:08:12Z" uid="1" user="OSMnx" version="1" changeset="1"><nd ref="6447514602" /><nd ref="6447766269" /><tag k="highway" v="footway" /><tag k="oneway" v="no" /></way><way id="1415" timestamp="2026-04-01T17:08:12Z" uid="1" user="OSMnx" version="1" changeset="1"><nd ref="6447514602" /><nd ref="6445714329" /><tag k="highway" v="footway" /><tag k="oneway" v="no" /></way><way id="1416" timestamp="2026-04-01T17:08:12Z" uid="1" user="OSMnx" version="1" changeset="1"><nd ref="6447514602" /><nd ref="6447514603" /><tag k="highway" v="footway" /><tag k="oneway" v="no" /></way><way id="1417" timestamp="2026-04-01T17:08:12Z" uid="1" user="OSMnx" version="1" changeset="1"><nd ref="6447514603" /><nd ref="6447514602" /><tag k="highway" v="footway" /><tag k="oneway" v="no" /></way><way id="1418" timestamp="2026-04-01T17:08:12Z" uid="1" user="OSMnx" version="1" changeset="1"><nd ref="6447514603" /><nd ref="6447514608" /><tag k="highway" v="footway" /><tag k="oneway" v="no" /></way><way id="1419" timestamp="2026-04-01T17:08:12Z" uid="1" user="OSMnx" version="1" changeset="1"><nd ref="6447514603" /><nd ref="6447514604" /><tag k="highway" v="footway" /><tag k="oneway" v="no" /></way><way id="1420" timestamp="2026-04-01T17:08:12Z" uid="1" user="OSMnx" version="1" changeset="1"><nd ref="6447514604" /><nd ref="6447514603" /><tag k="highway" v="footway" /><tag k="oneway" v="no" /></way><way id="1421" timestamp="2026-04-01T17:08:12Z" uid="1" user="OSMnx" version="1" changeset="1"><nd ref="6447514604" /><nd ref="8809676427" /><tag k="highway" v="footway" /><tag k="oneway" v="no" /></way><way id="1422" timestamp="2026-04-01T17:08:12Z" uid="1" user="OSMnx" version="1" changeset="1"><nd ref="6447514605" /><nd ref="10302027271" /><tag k="highway" v="footway" /><tag k="oneway" v="no" /></way><way id="1423" timestamp="2026-04-01T17:08:12Z" uid="1" user="OSMnx" version="1" changeset="1"><nd ref="6447514605" /><nd ref="6447514606" /><tag k="highway" v="footway" /><tag k="oneway" v="no" /></way><way id="1424" timestamp="2026-04-01T17:08:12Z" uid="1" user="OSMnx" version="1" changeset="1"><nd ref="6447514606" /><nd ref="6447514605" /><tag k="highway" v="footway" /><tag k="oneway" v="no" /></way><way id="1425" timestamp="2026-04-01T17:08:12Z" uid="1" user="OSMnx" version="1" changeset="1"><nd ref="6447514606" /><nd ref="6447514607" /><tag k="highway" v="footway" /><tag k="oneway" v="no" /></way><way id="1426" timestamp="2026-04-01T17:08:12Z" uid="1" user="OSMnx" version="1" changeset="1"><nd ref="6447514607" /><nd ref="6447514606" /><tag k="highway" v="footway" /><tag k="oneway" v="no" /></way><way id="1427" timestamp="2026-04-01T17:08:12Z" uid="1" user="OSMnx" version="1" changeset="1"><nd ref="6447514607" /><nd ref="6447514608" /><tag k="highway" v="footway" /><tag k="oneway" v="no" /></way><way id="1428" timestamp="2026-04-01T17:08:12Z" uid="1" user="OSMnx" version="1" changeset="1"><nd ref="6447514608" /><nd ref="6447514603" /><tag k="highway" v="footway" /><tag k="oneway" v="no" /></way><way id="1429" timestamp="2026-04-01T17:08:12Z" uid="1" user="OSMnx" version="1" changeset="1"><nd ref="6447514608" /><nd ref="6447514607" /><tag k="highway" v="footway" /><tag k="oneway" v="no" /></way><way id="1430" timestamp="2026-04-01T17:08:12Z" uid="1" user="OSMnx" version="1" changeset="1"><nd ref="6447514608" /><nd ref="10302027270" /><tag k="highway" v="footway" /><tag k="oneway" v="no" /></way><way id="1431" timestamp="2026-04-01T17:08:12Z" uid="1" user="OSMnx" version="1" changeset="1"><nd ref="6447514609" /><nd ref="10302027270" /><tag k="highway" v="footway" /><tag k="oneway" v="no" /></way><way id="1432" timestamp="2026-04-01T17:08:12Z" uid="1" user="OSMnx" version="1" changeset="1"><nd ref="6447514609" /><nd ref="6447514610" /><tag k="highway" v="footway" /><tag k="oneway" v="no" /></way><way id="1433" timestamp="2026-04-01T17:08:12Z" uid="1" user="OSMnx" version="1" changeset="1"><nd ref="6447514610" /><nd ref="6447514609" /><tag k="highway" v="footway" /><tag k="oneway" v="no" /></way><way id="1434" timestamp="2026-04-01T17:08:12Z" uid="1" user="OSMnx" version="1" changeset="1"><nd ref="6447514610" /><nd ref="6447514611" /><tag k="highway" v="footway" /><tag k="oneway" v="no" /></way><way id="1435" timestamp="2026-04-01T17:08:12Z" uid="1" user="OSMnx" version="1" changeset="1"><nd ref="6447514611" /><nd ref="6447514610" /><tag k="highway" v="footway" /><tag k="oneway" v="no" /></way><way id="1436" timestamp="2026-04-01T17:08:12Z" uid="1" user="OSMnx" version="1" changeset="1"><nd ref="6447514611" /><nd ref="6445714317" /><tag k="highway" v="footway" /><tag k="oneway" v="no" /></way><way id="1437" timestamp="2026-04-01T17:08:12Z" uid="1" user="OSMnx" version="1" changeset="1"><nd ref="6447514612" /><nd ref="10302027272" /><tag k="highway" v="footway" /><tag k="oneway" v="no" /></way><way id="1438" timestamp="2026-04-01T17:08:12Z" uid="1" user="OSMnx" version="1" changeset="1"><nd ref="6447514612" /><nd ref="6447514613" /><tag k="highway" v="footway" /><tag k="oneway" v="no" /></way><way id="1439" timestamp="2026-04-01T17:08:12Z" uid="1" user="OSMnx" version="1" changeset="1"><nd ref="6447514613" /><nd ref="6447514612" /><tag k="highway" v="footway" /><tag k="oneway" v="no" /></way><way id="1440" timestamp="2026-04-01T17:08:12Z" uid="1" user="OSMnx" version="1" changeset="1"><nd ref="6447514613" /><nd ref="6447514614" /><tag k="highway" v="footway" /><tag k="oneway" v="no" /></way><way id="1441" timestamp="2026-04-01T17:08:12Z" uid="1" user="OSMnx" version="1" changeset="1"><nd ref="6447514614" /><nd ref="6447514613" /><tag k="highway" v="footway" /><tag k="oneway" v="no" /></way><way id="1442" timestamp="2026-04-01T17:08:12Z" uid="1" user="OSMnx" version="1" changeset="1"><nd ref="6447514614" /><nd ref="6447514615" /><tag k="highway" v="footway" /><tag k="oneway" v="no" /></way><way id="1443" timestamp="2026-04-01T17:08:12Z" uid="1" user="OSMnx" version="1" changeset="1"><nd ref="6447514615" /><nd ref="6447514614" /><tag k="highway" v="footway" /><tag k="oneway" v="no" /></way><way id="1444" timestamp="2026-04-01T17:08:12Z" uid="1" user="OSMnx" version="1" changeset="1"><nd ref="6447514615" /><nd ref="6447514616" /><tag k="highway" v="footway" /><tag k="oneway" v="no" /></way><way id="1445" timestamp="2026-04-01T17:08:12Z" uid="1" user="OSMnx" version="1" changeset="1"><nd ref="6447514616" /><nd ref="6447514615" /><tag k="highway" v="footway" /><tag k="oneway" v="no" /></way><way id="1446" timestamp="2026-04-01T17:08:12Z" uid="1" user="OSMnx" version="1" changeset="1"><nd ref="6447514616" /><nd ref="6447514617" /><tag k="highway" v="footway" /><tag k="oneway" v="no" /></way><way id="1447" timestamp="2026-04-01T17:08:12Z" uid="1" user="OSMnx" version="1" changeset="1"><nd ref="6447514617" /><nd ref="6447514616" /><tag k="highway" v="footway" /><tag k="oneway" v="no" /></way><way id="1448" timestamp="2026-04-01T17:08:12Z" uid="1" user="OSMnx" version="1" changeset="1"><nd ref="6447514617" /><nd ref="6447514618" /><tag k="highway" v="footway" /><tag k="oneway" v="no" /></way><way id="1449" timestamp="2026-04-01T17:08:12Z" uid="1" user="OSMnx" version="1" changeset="1"><nd ref="6447514618" /><nd ref="6447514617" /><tag k="highway" v="footway" /><tag k="oneway" v="no" /></way><way id="1450" timestamp="2026-04-01T17:08:12Z" uid="1" user="OSMnx" version="1" changeset="1"><nd ref="6447514618" /><nd ref="6445714316" /><tag k="highway" v="footway" /><tag k="oneway" v="no" /></way><way id="1451" timestamp="2026-04-01T17:08:12Z" uid="1" user="OSMnx" version="1" changeset="1"><nd ref="6447517692" /><nd ref="6447517694" /><tag k="highway" v="footway" /><tag k="oneway" v="no" /></way><way id="1452" timestamp="2026-04-01T17:08:12Z" uid="1" user="OSMnx" version="1" changeset="1"><nd ref="6447517692" /><nd ref="6447517693" /><tag k="highway" v="footway" /><tag k="oneway" v="no" /></way><way id="1453" timestamp="2026-04-01T17:08:12Z" uid="1" user="OSMnx" version="1" changeset="1"><nd ref="6447517693" /><nd ref="6447517692" /><tag k="highway" v="footway" /><tag k="oneway" v="no" /></way><way id="1454" timestamp="2026-04-01T17:08:12Z" uid="1" user="OSMnx" version="1" changeset="1"><nd ref="6447517693" /><nd ref="6418822013" /><tag k="highway" v="footway" /><tag k="oneway" v="no" /></way><way id="1455" timestamp="2026-04-01T17:08:12Z" uid="1" user="OSMnx" version="1" changeset="1"><nd ref="6447517694" /><nd ref="6418822014" /><tag k="highway" v="footway" /><tag k="oneway" v="no" /></way><way id="1456" timestamp="2026-04-01T17:08:12Z" uid="1" user="OSMnx" version="1" changeset="1"><nd ref="6447517694" /><nd ref="6447517692" /><tag k="highway" v="footway" /><tag k="oneway" v="no" /></way><way id="1457" timestamp="2026-04-01T17:08:12Z" uid="1" user="OSMnx" version="1" changeset="1"><nd ref="6447766262" /><nd ref="6098772436" /><tag k="highway" v="footway" /><tag k="oneway" v="no" /></way><way id="1458" timestamp="2026-04-01T17:08:12Z" uid="1" user="OSMnx" version="1" changeset="1"><nd ref="6447766262" /><nd ref="6098822285" /><tag k="highway" v="footway" /><tag k="oneway" v="no" /></way><way id="1459" timestamp="2026-04-01T17:08:12Z" uid="1" user="OSMnx" version="1" changeset="1"><nd ref="6447766262" /><nd ref="6447766263" /><tag k="highway" v="footway" /><tag k="oneway" v="no" /></way><way id="1460" timestamp="2026-04-01T17:08:12Z" uid="1" user="OSMnx" version="1" changeset="1"><nd ref="6447766262" /><nd ref="6447766264" /><tag k="highway" v="footway" /><tag k="oneway" v="no" /></way><way id="1461" timestamp="2026-04-01T17:08:12Z" uid="1" user="OSMnx" version="1" changeset="1"><nd ref="6447766263" /><nd ref="6447766265" /><tag k="highway" v="footway" /><tag k="oneway" v="no" /></way><way id="1462" timestamp="2026-04-01T17:08:12Z" uid="1" user="OSMnx" version="1" changeset="1"><nd ref="6447766263" /><nd ref="6098822286" /><tag k="highway" v="footway" /><tag k="oneway" v="no" /></way><way id="1463" timestamp="2026-04-01T17:08:12Z" uid="1" user="OSMnx" version="1" changeset="1"><nd ref="6447766263" /><nd ref="6447766262" /><tag k="highway" v="footway" /><tag k="oneway" v="no" /></way><way id="1464" timestamp="2026-04-01T17:08:12Z" uid="1" user="OSMnx" version="1" changeset="1"><nd ref="6447766264" /><nd ref="6447768063" /><tag k="highway" v="footway" /><tag k="oneway" v="no" /></way><way id="1465" timestamp="2026-04-01T17:08:12Z" uid="1" user="OSMnx" version="1" changeset="1"><nd ref="6447766264" /><nd ref="6098822287" /><tag k="highway" v="footway" /><tag k="oneway" v="no" /></way><way id="1466" timestamp="2026-04-01T17:08:12Z" uid="1" user="OSMnx" version="1" changeset="1"><nd ref="6447766264" /><nd ref="6447766262" /><tag k="highway" v="footway" /><tag k="oneway" v="no" /></way><way id="1467" timestamp="2026-04-01T17:08:12Z" uid="1" user="OSMnx" version="1" changeset="1"><nd ref="6447766264" /><nd ref="6447768061" /><tag k="highway" v="footway" /><tag k="oneway" v="no" /></way><way id="1468" timestamp="2026-04-01T17:08:12Z" uid="1" user="OSMnx" version="1" changeset="1"><nd ref="6447766265" /><nd ref="6098763903" /><tag k="highway" v="footway" /><tag k="oneway" v="no" /></way><way id="1469" timestamp="2026-04-01T17:08:12Z" uid="1" user="OSMnx" version="1" changeset="1"><nd ref="6447766265" /><nd ref="6447766263" /><tag k="highway" v="footway" /><tag k="oneway" v="no" /></way><way id="1470" timestamp="2026-04-01T17:08:12Z" uid="1" user="OSMnx" version="1" changeset="1"><nd ref="6447766265" /><nd ref="6447766266" /><tag k="highway" v="footway" /><tag k="oneway" v="no" /></way><way id="1471" timestamp="2026-04-01T17:08:12Z" uid="1" user="OSMnx" version="1" changeset="1"><nd ref="6447766266" /><nd ref="6447766265" /><tag k="highway" v="footway" /><tag k="oneway" v="no" /></way><way id="1472" timestamp="2026-04-01T17:08:12Z" uid="1" user="OSMnx" version="1" changeset="1"><nd ref="6447766266" /><nd ref="6447766267" /><tag k="highway" v="footway" /><tag k="oneway" v="no" /></way><way id="1473" timestamp="2026-04-01T17:08:12Z" uid="1" user="OSMnx" version="1" changeset="1"><nd ref="6447766267" /><nd ref="6447766266" /><tag k="highway" v="footway" /><tag k="oneway" v="no" /></way><way id="1474" timestamp="2026-04-01T17:08:12Z" uid="1" user="OSMnx" version="1" changeset="1"><nd ref="6447766267" /><nd ref="6098772436" /><tag k="highway" v="footway" /><tag k="oneway" v="no" /></way><way id="1475" timestamp="2026-04-01T17:08:12Z" uid="1" user="OSMnx" version="1" changeset="1"><nd ref="6447766269" /><nd ref="6418822010" /><tag k="highway" v="footway" /><tag k="oneway" v="no" /></way><way id="1476" timestamp="2026-04-01T17:08:12Z" uid="1" user="OSMnx" version="1" changeset="1"><nd ref="6447766269" /><nd ref="6447514602" /><tag k="highway" v="footway" /><tag k="oneway" v="no" /></way><way id="1477" timestamp="2026-04-01T17:08:12Z" uid="1" user="OSMnx" version="1" changeset="1"><nd ref="6447766269" /><nd ref="6447766270" /><tag k="highway" v="footway" /><tag k="oneway" v="no" /></way><way id="1478" timestamp="2026-04-01T17:08:12Z" uid="1" user="OSMnx" version="1" changeset="1"><nd ref="6447766270" /><nd ref="6447766269" /><tag k="highway" v="footway" /><tag k="oneway" v="no" /></way><way id="1479" timestamp="2026-04-01T17:08:12Z" uid="1" user="OSMnx" version="1" changeset="1"><nd ref="6447766270" /><nd ref="6447766281" /><tag k="highway" v="footway" /><tag k="oneway" v="no" /></way><way id="1480" timestamp="2026-04-01T17:08:12Z" uid="1" user="OSMnx" version="1" changeset="1"><nd ref="6447766270" /><nd ref="6447766284" /><tag k="highway" v="footway" /><tag k="oneway" v="no" /></way><way id="1481" timestamp="2026-04-01T17:08:12Z" uid="1" user="OSMnx" version="1" changeset="1"><nd ref="6447766276" /><nd ref="6447766277" /><tag k="highway" v="footway" /><tag k="oneway" v="no" /></way><way id="1482" timestamp="2026-04-01T17:08:12Z" uid="1" user="OSMnx" version="1" changeset="1"><nd ref="6447766276" /><nd ref="6445714328" /><tag k="highway" v="footway" /><tag k="oneway" v="no" /></way><way id="1483" timestamp="2026-04-01T17:08:12Z" uid="1" user="OSMnx" version="1" changeset="1"><nd ref="6447766277" /><nd ref="6447766278" /><tag k="highway" v="footway" /><tag k="oneway" v="no" /></way><way id="1484" timestamp="2026-04-01T17:08:12Z" uid="1" user="OSMnx" version="1" changeset="1"><nd ref="6447766277" /><nd ref="6447766276" /><tag k="highway" v="footway" /><tag k="oneway" v="no" /></way><way id="1485" timestamp="2026-04-01T17:08:12Z" uid="1" user="OSMnx" version="1" changeset="1"><nd ref="6447766278" /><nd ref="6447766284" /><tag k="highway" v="footway" /><tag k="oneway" v="no" /></way><way id="1486" timestamp="2026-04-01T17:08:12Z" uid="1" user="OSMnx" version="1" changeset="1"><nd ref="6447766278" /><nd ref="6447766277" /><tag k="highway" v="footway" /><tag k="oneway" v="no" /></way><way id="1487" timestamp="2026-04-01T17:08:12Z" uid="1" user="OSMnx" version="1" changeset="1"><nd ref="6447766279" /><nd ref="6098772437" /><tag k="highway" v="footway" /><tag k="oneway" v="no" /></way><way id="1488" timestamp="2026-04-01T17:08:12Z" uid="1" user="OSMnx" version="1" changeset="1"><nd ref="6447766279" /><nd ref="6447766280" /><tag k="highway" v="footway" /><tag k="oneway" v="no" /></way><way id="1489" timestamp="2026-04-01T17:08:12Z" uid="1" user="OSMnx" version="1" changeset="1"><nd ref="6447766280" /><nd ref="6447766281" /><tag k="highway" v="footway" /><tag k="oneway" v="no" /></way><way id="1490" timestamp="2026-04-01T17:08:12Z" uid="1" user="OSMnx" version="1" changeset="1"><nd ref="6447766280" /><nd ref="6447766279" /><tag k="highway" v="footway" /><tag k="oneway" v="no" /></way><way id="1491" timestamp="2026-04-01T17:08:12Z" uid="1" user="OSMnx" version="1" changeset="1"><nd ref="6447766281" /><nd ref="6418822010" /><tag k="highway" v="footway" /><tag k="oneway" v="no" /></way><way id="1492" timestamp="2026-04-01T17:08:12Z" uid="1" user="OSMnx" version="1" changeset="1"><nd ref="6447766281" /><nd ref="6447766280" /><tag k="highway" v="footway" /><tag k="oneway" v="no" /></way><way id="1493" timestamp="2026-04-01T17:08:12Z" uid="1" user="OSMnx" version="1" changeset="1"><nd ref="6447766281" /><nd ref="6447766283" /><tag k="highway" v="footway" /><tag k="oneway" v="no" /></way><way id="1494" timestamp="2026-04-01T17:08:12Z" uid="1" user="OSMnx" version="1" changeset="1"><nd ref="6447766281" /><nd ref="6447766270" /><tag k="highway" v="footway" /><tag k="oneway" v="no" /></way><way id="1495" timestamp="2026-04-01T17:08:12Z" uid="1" user="OSMnx" version="1" changeset="1"><nd ref="6447766282" /><nd ref="5098276165" /><tag k="highway" v="footway" /><tag k="oneway" v="no" /></way><way id="1496" timestamp="2026-04-01T17:08:12Z" uid="1" user="OSMnx" version="1" changeset="1"><nd ref="6447766282" /><nd ref="6447510330" /><tag k="highway" v="footway" /><tag k="oneway" v="no" /></way><way id="1497" timestamp="2026-04-01T17:08:12Z" uid="1" user="OSMnx" version="1" changeset="1"><nd ref="6447766282" /><nd ref="6447766283" /><tag k="highway" v="footway" /><tag k="oneway" v="no" /></way><way id="1498" timestamp="2026-04-01T17:08:12Z" uid="1" user="OSMnx" version="1" changeset="1"><nd ref="6447766283" /><nd ref="6447766282" /><tag k="highway" v="footway" /><tag k="oneway" v="no" /></way><way id="1499" timestamp="2026-04-01T17:08:12Z" uid="1" user="OSMnx" version="1" changeset="1"><nd ref="6447766283" /><nd ref="6447766281" /><tag k="highway" v="footway" /><tag k="oneway" v="no" /></way><way id="1500" timestamp="2026-04-01T17:08:12Z" uid="1" user="OSMnx" version="1" changeset="1"><nd ref="6447766284" /><nd ref="6447766270" /><tag k="highway" v="footway" /><tag k="oneway" v="no" /></way><way id="1501" timestamp="2026-04-01T17:08:12Z" uid="1" user="OSMnx" version="1" changeset="1"><nd ref="6447766284" /><nd ref="6447766278" /><tag k="highway" v="footway" /><tag k="oneway" v="no" /></way><way id="1502" timestamp="2026-04-01T17:08:12Z" uid="1" user="OSMnx" version="1" changeset="1"><nd ref="6447768038" /><nd ref="6098763904" /><tag k="highway" v="footway" /><tag k="oneway" v="no" /></way><way id="1503" timestamp="2026-04-01T17:08:12Z" uid="1" user="OSMnx" version="1" changeset="1"><nd ref="6447768038" /><nd ref="6447768039" /><tag k="highway" v="footway" /><tag k="oneway" v="no" /></way><way id="1504" timestamp="2026-04-01T17:08:12Z" uid="1" user="OSMnx" version="1" changeset="1"><nd ref="6447768039" /><nd ref="6447768038" /><tag k="highway" v="footway" /><tag k="oneway" v="no" /></way><way id="1505" timestamp="2026-04-01T17:08:12Z" uid="1" user="OSMnx" version="1" changeset="1"><nd ref="6447768039" /><nd ref="6447768040" /><tag k="highway" v="footway" /><tag k="oneway" v="no" /></way><way id="1506" timestamp="2026-04-01T17:08:12Z" uid="1" user="OSMnx" version="1" changeset="1"><nd ref="6447768040" /><nd ref="6447768039" /><tag k="highway" v="footway" /><tag k="oneway" v="no" /></way><way id="1507" timestamp="2026-04-01T17:08:12Z" uid="1" user="OSMnx" version="1" changeset="1"><nd ref="6447768040" /><nd ref="6447768041" /><tag k="highway" v="footway" /><tag k="oneway" v="no" /></way><way id="1508" timestamp="2026-04-01T17:08:12Z" uid="1" user="OSMnx" version="1" changeset="1"><nd ref="6447768041" /><nd ref="6447768040" /><tag k="highway" v="footway" /><tag k="oneway" v="no" /></way><way id="1509" timestamp="2026-04-01T17:08:12Z" uid="1" user="OSMnx" version="1" changeset="1"><nd ref="6447768041" /><nd ref="6447768042" /><tag k="highway" v="footway" /><tag k="oneway" v="no" /></way><way id="1510" timestamp="2026-04-01T17:08:12Z" uid="1" user="OSMnx" version="1" changeset="1"><nd ref="6447768042" /><nd ref="6447768041" /><tag k="highway" v="footway" /><tag k="oneway" v="no" /></way><way id="1511" timestamp="2026-04-01T17:08:12Z" uid="1" user="OSMnx" version="1" changeset="1"><nd ref="6447768042" /><nd ref="6447768043" /><tag k="highway" v="footway" /><tag k="oneway" v="no" /></way><way id="1512" timestamp="2026-04-01T17:08:12Z" uid="1" user="OSMnx" version="1" changeset="1"><nd ref="6447768043" /><nd ref="6447768042" /><tag k="highway" v="footway" /><tag k="oneway" v="no" /></way><way id="1513" timestamp="2026-04-01T17:08:12Z" uid="1" user="OSMnx" version="1" changeset="1"><nd ref="6447768043" /><nd ref="6447768044" /><tag k="highway" v="footway" /><tag k="oneway" v="no" /></way><way id="1514" timestamp="2026-04-01T17:08:12Z" uid="1" user="OSMnx" version="1" changeset="1"><nd ref="6447768044" /><nd ref="6447768043" /><tag k="highway" v="footway" /><tag k="oneway" v="no" /></way><way id="1515" timestamp="2026-04-01T17:08:12Z" uid="1" user="OSMnx" version="1" changeset="1"><nd ref="6447768044" /><nd ref="6447768045" /><tag k="highway" v="footway" /><tag k="oneway" v="no" /></way><way id="1516" timestamp="2026-04-01T17:08:12Z" uid="1" user="OSMnx" version="1" changeset="1"><nd ref="6447768045" /><nd ref="6447768044" /><tag k="highway" v="footway" /><tag k="oneway" v="no" /></way><way id="1517" timestamp="2026-04-01T17:08:12Z" uid="1" user="OSMnx" version="1" changeset="1"><nd ref="6447768045" /><nd ref="6447768046" /><tag k="highway" v="footway" /><tag k="oneway" v="no" /></way><way id="1518" timestamp="2026-04-01T17:08:12Z" uid="1" user="OSMnx" version="1" changeset="1"><nd ref="6447768046" /><nd ref="6447768045" /><tag k="highway" v="footway" /><tag k="oneway" v="no" /></way><way id="1519" timestamp="2026-04-01T17:08:12Z" uid="1" user="OSMnx" version="1" changeset="1"><nd ref="6447768046" /><nd ref="6098763907" /><tag k="highway" v="footway" /><tag k="oneway" v="no" /></way><way id="1520" timestamp="2026-04-01T17:08:12Z" uid="1" user="OSMnx" version="1" changeset="1"><nd ref="6447768047" /><nd ref="6098763906" /><tag k="highway" v="footway" /><tag k="oneway" v="no" /></way><way id="1521" timestamp="2026-04-01T17:08:12Z" uid="1" user="OSMnx" version="1" changeset="1"><nd ref="6447768047" /><nd ref="6447768048" /><tag k="highway" v="footway" /><tag k="oneway" v="no" /></way><way id="1522" timestamp="2026-04-01T17:08:12Z" uid="1" user="OSMnx" version="1" changeset="1"><nd ref="6447768048" /><nd ref="6447768047" /><tag k="highway" v="footway" /><tag k="oneway" v="no" /></way><way id="1523" timestamp="2026-04-01T17:08:12Z" uid="1" user="OSMnx" version="1" changeset="1"><nd ref="6447768048" /><nd ref="6447768049" /><tag k="highway" v="footway" /><tag k="oneway" v="no" /></way><way id="1524" timestamp="2026-04-01T17:08:12Z" uid="1" user="OSMnx" version="1" changeset="1"><nd ref="6447768049" /><nd ref="6447768048" /><tag k="highway" v="footway" /><tag k="oneway" v="no" /></way><way id="1525" timestamp="2026-04-01T17:08:12Z" uid="1" user="OSMnx" version="1" changeset="1"><nd ref="6447768049" /><nd ref="6447768050" /><tag k="highway" v="footway" /><tag k="oneway" v="no" /></way><way id="1526" timestamp="2026-04-01T17:08:12Z" uid="1" user="OSMnx" version="1" changeset="1"><nd ref="6447768050" /><nd ref="6447768049" /><tag k="highway" v="footway" /><tag k="oneway" v="no" /></way><way id="1527" timestamp="2026-04-01T17:08:12Z" uid="1" user="OSMnx" version="1" changeset="1"><nd ref="6447768050" /><nd ref="6447768051" /><tag k="highway" v="footway" /><tag k="oneway" v="no" /></way><way id="1528" timestamp="2026-04-01T17:08:12Z" uid="1" user="OSMnx" version="1" changeset="1"><nd ref="6447768051" /><nd ref="6447768050" /><tag k="highway" v="footway" /><tag k="oneway" v="no" /></way><way id="1529" timestamp="2026-04-01T17:08:12Z" uid="1" user="OSMnx" version="1" changeset="1"><nd ref="6447768051" /><nd ref="6447768052" /><tag k="highway" v="footway" /><tag k="oneway" v="no" /></way><way id="1530" timestamp="2026-04-01T17:08:12Z" uid="1" user="OSMnx" version="1" changeset="1"><nd ref="6447768052" /><nd ref="6447768051" /><tag k="highway" v="footway" /><tag k="oneway" v="no" /></way><way id="1531" timestamp="2026-04-01T17:08:12Z" uid="1" user="OSMnx" version="1" changeset="1"><nd ref="6447768052" /><nd ref="6447768057" /><tag k="highway" v="footway" /><tag k="oneway" v="no" /></way><way id="1532" timestamp="2026-04-01T17:08:12Z" uid="1" user="OSMnx" version="1" changeset="1"><nd ref="6447768052" /><nd ref="6447768058" /><tag k="highway" v="footway" /><tag k="oneway" v="no" /></way><way id="1533" timestamp="2026-04-01T17:08:12Z" uid="1" user="OSMnx" version="1" changeset="1"><nd ref="6447768053" /><nd ref="6098822154" /><tag k="highway" v="footway" /><tag k="oneway" v="no" /></way><way id="1534" timestamp="2026-04-01T17:08:12Z" uid="1" user="OSMnx" version="1" changeset="1"><nd ref="6447768053" /><nd ref="6447768064" /><tag k="highway" v="footway" /><tag k="oneway" v="no" /></way><way id="1535" timestamp="2026-04-01T17:08:12Z" uid="1" user="OSMnx" version="1" changeset="1"><nd ref="6447768053" /><nd ref="6447768054" /><tag k="highway" v="footway" /><tag k="oneway" v="no" /></way><way id="1536" timestamp="2026-04-01T17:08:12Z" uid="1" user="OSMnx" version="1" changeset="1"><nd ref="6447768054" /><nd ref="6447768053" /><tag k="highway" v="footway" /><tag k="oneway" v="no" /></way><way id="1537" timestamp="2026-04-01T17:08:12Z" uid="1" user="OSMnx" version="1" changeset="1"><nd ref="6447768054" /><nd ref="6447768055" /><tag k="highway" v="footway" /><tag k="oneway" v="no" /></way><way id="1538" timestamp="2026-04-01T17:08:12Z" uid="1" user="OSMnx" version="1" changeset="1"><nd ref="6447768055" /><nd ref="6447768054" /><tag k="highway" v="footway" /><tag k="oneway" v="no" /></way><way id="1539" timestamp="2026-04-01T17:08:12Z" uid="1" user="OSMnx" version="1" changeset="1"><nd ref="6447768055" /><nd ref="6447768056" /><tag k="highway" v="footway" /><tag k="oneway" v="no" /></way><way id="1540" timestamp="2026-04-01T17:08:12Z" uid="1" user="OSMnx" version="1" changeset="1"><nd ref="6447768056" /><nd ref="6447768055" /><tag k="highway" v="footway" /><tag k="oneway" v="no" /></way><way id="1541" timestamp="2026-04-01T17:08:12Z" uid="1" user="OSMnx" version="1" changeset="1"><nd ref="6447768056" /><nd ref="6447768057" /><tag k="highway" v="footway" /><tag k="oneway" v="no" /></way><way id="1542" timestamp="2026-04-01T17:08:12Z" uid="1" user="OSMnx" version="1" changeset="1"><nd ref="6447768057" /><nd ref="6447768056" /><tag k="highway" v="footway" /><tag k="oneway" v="no" /></way><way id="1543" timestamp="2026-04-01T17:08:12Z" uid="1" user="OSMnx" version="1" changeset="1"><nd ref="6447768057" /><nd ref="6447768052" /><tag k="highway" v="footway" /><tag k="oneway" v="no" /></way><way id="1544" timestamp="2026-04-01T17:08:12Z" uid="1" user="OSMnx" version="1" changeset="1"><nd ref="6447768058" /><nd ref="6447768052" /><tag k="highway" v="footway" /><tag k="oneway" v="no" /></way><way id="1545" timestamp="2026-04-01T17:08:12Z" uid="1" user="OSMnx" version="1" changeset="1"><nd ref="6447768058" /><nd ref="6447768059" /><tag k="highway" v="footway" /><tag k="oneway" v="no" /></way><way id="1546" timestamp="2026-04-01T17:08:12Z" uid="1" user="OSMnx" version="1" changeset="1"><nd ref="6447768059" /><nd ref="6447768058" /><tag k="highway" v="footway" /><tag k="oneway" v="no" /></way><way id="1547" timestamp="2026-04-01T17:08:12Z" uid="1" user="OSMnx" version="1" changeset="1"><nd ref="6447768059" /><nd ref="6447768060" /><tag k="highway" v="footway" /><tag k="oneway" v="no" /></way><way id="1548" timestamp="2026-04-01T17:08:12Z" uid="1" user="OSMnx" version="1" changeset="1"><nd ref="6447768060" /><nd ref="6447768059" /><tag k="highway" v="footway" /><tag k="oneway" v="no" /></way><way id="1549" timestamp="2026-04-01T17:08:12Z" uid="1" user="OSMnx" version="1" changeset="1"><nd ref="6447768060" /><nd ref="6447768061" /><tag k="highway" v="footway" /><tag k="oneway" v="no" /></way><way id="1550" timestamp="2026-04-01T17:08:12Z" uid="1" user="OSMnx" version="1" changeset="1"><nd ref="6447768061" /><nd ref="6447766264" /><tag k="highway" v="footway" /><tag k="oneway" v="no" /></way><way id="1551" timestamp="2026-04-01T17:08:12Z" uid="1" user="OSMnx" version="1" changeset="1"><nd ref="6447768061" /><nd ref="6447768072" /><tag k="highway" v="footway" /><tag k="oneway" v="no" /></way><way id="1552" timestamp="2026-04-01T17:08:12Z" uid="1" user="OSMnx" version="1" changeset="1"><nd ref="6447768061" /><nd ref="6447768060" /><tag k="highway" v="footway" /><tag k="oneway" v="no" /></way><way id="1553" timestamp="2026-04-01T17:08:12Z" uid="1" user="OSMnx" version="1" changeset="1"><nd ref="6447768061" /><nd ref="6098772430" /><tag k="highway" v="footway" /><tag k="oneway" v="no" /></way><way id="1554" timestamp="2026-04-01T17:08:12Z" uid="1" user="OSMnx" version="1" changeset="1"><nd ref="6447768062" /><nd ref="6098772432" /><tag k="highway" v="footway" /><tag k="oneway" v="no" /></way><way id="1555" timestamp="2026-04-01T17:08:12Z" uid="1" user="OSMnx" version="1" changeset="1"><nd ref="6447768062" /><nd ref="6447768063" /><tag k="highway" v="footway" /><tag k="oneway" v="no" /></way><way id="1556" timestamp="2026-04-01T17:08:12Z" uid="1" user="OSMnx" version="1" changeset="1"><nd ref="6447768063" /><nd ref="6447768062" /><tag k="highway" v="footway" /><tag k="oneway" v="no" /></way><way id="1557" timestamp="2026-04-01T17:08:12Z" uid="1" user="OSMnx" version="1" changeset="1"><nd ref="6447768063" /><nd ref="6447766264" /><tag k="highway" v="footway" /><tag k="oneway" v="no" /></way><way id="1558" timestamp="2026-04-01T17:08:12Z" uid="1" user="OSMnx" version="1" changeset="1"><nd ref="6447768064" /><nd ref="6447768053" /><tag k="highway" v="footway" /><tag k="oneway" v="no" /></way><way id="1559" timestamp="2026-04-01T17:08:12Z" uid="1" user="OSMnx" version="1" changeset="1"><nd ref="6447768064" /><nd ref="6447768065" /><tag k="highway" v="footway" /><tag k="oneway" v="no" /></way><way id="1560" timestamp="2026-04-01T17:08:12Z" uid="1" user="OSMnx" version="1" changeset="1"><nd ref="6447768064" /><nd ref="6447768066" /><tag k="highway" v="footway" /><tag k="oneway" v="no" /></way><way id="1561" timestamp="2026-04-01T17:08:12Z" uid="1" user="OSMnx" version="1" changeset="1"><nd ref="6447768065" /><nd ref="6447768064" /><tag k="highway" v="footway" /><tag k="oneway" v="no" /></way><way id="1562" timestamp="2026-04-01T17:08:12Z" uid="1" user="OSMnx" version="1" changeset="1"><nd ref="6447768065" /><nd ref="6098822153" /><tag k="highway" v="footway" /><tag k="oneway" v="no" /></way><way id="1563" timestamp="2026-04-01T17:08:12Z" uid="1" user="OSMnx" version="1" changeset="1"><nd ref="6447768065" /><nd ref="6447768067" /><tag k="highway" v="footway" /><tag k="oneway" v="no" /></way><way id="1564" timestamp="2026-04-01T17:08:12Z" uid="1" user="OSMnx" version="1" changeset="1"><nd ref="6447768066" /><nd ref="6447768076" /><tag k="highway" v="footway" /><tag k="oneway" v="no" /></way><way id="1565" timestamp="2026-04-01T17:08:12Z" uid="1" user="OSMnx" version="1" changeset="1"><nd ref="6447768066" /><nd ref="6447768064" /><tag k="highway" v="footway" /><tag k="oneway" v="no" /></way><way id="1566" timestamp="2026-04-01T17:08:12Z" uid="1" user="OSMnx" version="1" changeset="1"><nd ref="6447768067" /><nd ref="6447768065" /><tag k="highway" v="footway" /><tag k="oneway" v="no" /></way><way id="1567" timestamp="2026-04-01T17:08:12Z" uid="1" user="OSMnx" version="1" changeset="1"><nd ref="6447768067" /><nd ref="6447768068" /><tag k="highway" v="footway" /><tag k="oneway" v="no" /></way><way id="1568" timestamp="2026-04-01T17:08:12Z" uid="1" user="OSMnx" version="1" changeset="1"><nd ref="6447768068" /><nd ref="6447768067" /><tag k="highway" v="footway" /><tag k="oneway" v="no" /></way><way id="1569" timestamp="2026-04-01T17:08:12Z" uid="1" user="OSMnx" version="1" changeset="1"><nd ref="6447768068" /><nd ref="6447768069" /><tag k="highway" v="footway" /><tag k="oneway" v="no" /></way><way id="1570" timestamp="2026-04-01T17:08:12Z" uid="1" user="OSMnx" version="1" changeset="1"><nd ref="6447768069" /><nd ref="6447768068" /><tag k="highway" v="footway" /><tag k="oneway" v="no" /></way><way id="1571" timestamp="2026-04-01T17:08:12Z" uid="1" user="OSMnx" version="1" changeset="1"><nd ref="6447768069" /><nd ref="6447768070" /><tag k="highway" v="footway" /><tag k="oneway" v="no" /></way><way id="1572" timestamp="2026-04-01T17:08:12Z" uid="1" user="OSMnx" version="1" changeset="1"><nd ref="6447768070" /><nd ref="6447768069" /><tag k="highway" v="footway" /><tag k="oneway" v="no" /></way><way id="1573" timestamp="2026-04-01T17:08:12Z" uid="1" user="OSMnx" version="1" changeset="1"><nd ref="6447768070" /><nd ref="6447768071" /><tag k="highway" v="footway" /><tag k="oneway" v="no" /></way><way id="1574" timestamp="2026-04-01T17:08:12Z" uid="1" user="OSMnx" version="1" changeset="1"><nd ref="6447768071" /><nd ref="6447768070" /><tag k="highway" v="footway" /><tag k="oneway" v="no" /></way><way id="1575" timestamp="2026-04-01T17:08:12Z" uid="1" user="OSMnx" version="1" changeset="1"><nd ref="6447768071" /><nd ref="6447768072" /><tag k="highway" v="footway" /><tag k="oneway" v="no" /></way><way id="1576" timestamp="2026-04-01T17:08:12Z" uid="1" user="OSMnx" version="1" changeset="1"><nd ref="6447768072" /><nd ref="6447768061" /><tag k="highway" v="footway" /><tag k="oneway" v="no" /></way><way id="1577" timestamp="2026-04-01T17:08:12Z" uid="1" user="OSMnx" version="1" changeset="1"><nd ref="6447768072" /><nd ref="6447768071" /><tag k="highway" v="footway" /><tag k="oneway" v="no" /></way><way id="1578" timestamp="2026-04-01T17:08:12Z" uid="1" user="OSMnx" version="1" changeset="1"><nd ref="6447768072" /><nd ref="6447768073" /><tag k="highway" v="footway" /><tag k="oneway" v="no" /></way><way id="1579" timestamp="2026-04-01T17:08:12Z" uid="1" user="OSMnx" version="1" changeset="1"><nd ref="6447768073" /><nd ref="6447768072" /><tag k="highway" v="footway" /><tag k="oneway" v="no" /></way><way id="1580" timestamp="2026-04-01T17:08:12Z" uid="1" user="OSMnx" version="1" changeset="1"><nd ref="6447768073" /><nd ref="6447768074" /><tag k="highway" v="footway" /><tag k="oneway" v="no" /></way><way id="1581" timestamp="2026-04-01T17:08:12Z" uid="1" user="OSMnx" version="1" changeset="1"><nd ref="6447768074" /><nd ref="6447768073" /><tag k="highway" v="footway" /><tag k="oneway" v="no" /></way><way id="1582" timestamp="2026-04-01T17:08:12Z" uid="1" user="OSMnx" version="1" changeset="1"><nd ref="6447768074" /><nd ref="6447768075" /><tag k="highway" v="footway" /><tag k="oneway" v="no" /></way><way id="1583" timestamp="2026-04-01T17:08:12Z" uid="1" user="OSMnx" version="1" changeset="1"><nd ref="6447768075" /><nd ref="6447768074" /><tag k="highway" v="footway" /><tag k="oneway" v="no" /></way><way id="1584" timestamp="2026-04-01T17:08:12Z" uid="1" user="OSMnx" version="1" changeset="1"><nd ref="6447768075" /><nd ref="6447768076" /><tag k="highway" v="footway" /><tag k="oneway" v="no" /></way><way id="1585" timestamp="2026-04-01T17:08:12Z" uid="1" user="OSMnx" version="1" changeset="1"><nd ref="6447768076" /><nd ref="6447768075" /><tag k="highway" v="footway" /><tag k="oneway" v="no" /></way><way id="1586" timestamp="2026-04-01T17:08:12Z" uid="1" user="OSMnx" version="1" changeset="1"><nd ref="6447768076" /><nd ref="6447768066" /><tag k="highway" v="footway" /><tag k="oneway" v="no" /></way><way id="1587" timestamp="2026-04-01T17:08:12Z" uid="1" user="OSMnx" version="1" changeset="1"><nd ref="6447768077" /><nd ref="6098822184" /><tag k="highway" v="footway" /><tag k="oneway" v="no" /></way><way id="1588" timestamp="2026-04-01T17:08:12Z" uid="1" user="OSMnx" version="1" changeset="1"><nd ref="6447768077" /><nd ref="6098822153" /><tag k="highway" v="footway" /><tag k="oneway" v="no" /></way><way id="1589" timestamp="2026-04-01T17:08:12Z" uid="1" user="OSMnx" version="1" changeset="1"><nd ref="6447768077" /><nd ref="6447768079" /><tag k="highway" v="footway" /><tag k="oneway" v="no" /></way><way id="1590" timestamp="2026-04-01T17:08:12Z" uid="1" user="OSMnx" version="1" changeset="1"><nd ref="6447768077" /><nd ref="6447768078" /><tag k="highway" v="footway" /><tag k="oneway" v="no" /></way><way id="1591" timestamp="2026-04-01T17:08:12Z" uid="1" user="OSMnx" version="1" changeset="1"><nd ref="6447768078" /><nd ref="6447768077" /><tag k="highway" v="footway" /><tag k="oneway" v="no" /></way><way id="1592" timestamp="2026-04-01T17:08:12Z" uid="1" user="OSMnx" version="1" changeset="1"><nd ref="6447768078" /><nd ref="6447785350" /><tag k="highway" v="footway" /><tag k="oneway" v="no" /></way><way id="1593" timestamp="2026-04-01T17:08:12Z" uid="1" user="OSMnx" version="1" changeset="1"><nd ref="6447768079" /><nd ref="6098772428" /><tag k="highway" v="footway" /><tag k="oneway" v="no" /></way><way id="1594" timestamp="2026-04-01T17:08:12Z" uid="1" user="OSMnx" version="1" changeset="1"><nd ref="6447768079" /><nd ref="6447768077" /><tag k="highway" v="footway" /><tag k="oneway" v="no" /></way><way id="1595" timestamp="2026-04-01T17:08:12Z" uid="1" user="OSMnx" version="1" changeset="1"><nd ref="6447768080" /><nd ref="6098772429" /><tag k="highway" v="footway" /><tag k="oneway" v="no" /></way><way id="1596" timestamp="2026-04-01T17:08:12Z" uid="1" user="OSMnx" version="1" changeset="1"><nd ref="6447768080" /><nd ref="6098772428" /><tag k="highway" v="footway" /><tag k="oneway" v="no" /></way><way id="1597" timestamp="2026-04-01T17:08:12Z" uid="1" user="OSMnx" version="1" changeset="1"><nd ref="6447783880" /><nd ref="6098822183" /><tag k="highway" v="footway" /><tag k="oneway" v="no" /></way><way id="1598" timestamp="2026-04-01T17:08:12Z" uid="1" user="OSMnx" version="1" changeset="1"><nd ref="6447783880" /><nd ref="6447785348" /><tag k="highway" v="footway" /><tag k="oneway" v="no" /></way><way id="1599" timestamp="2026-04-01T17:08:12Z" uid="1" user="OSMnx" version="1" changeset="1"><nd ref="6447783880" /><nd ref="6447783881" /><tag k="highway" v="footway" /><tag k="oneway" v="no" /></way><way id="1600" timestamp="2026-04-01T17:08:12Z" uid="1" user="OSMnx" version="1" changeset="1"><nd ref="6447783881" /><nd ref="6447785350" /><tag k="highway" v="footway" /><tag k="oneway" v="no" /></way><way id="1601" timestamp="2026-04-01T17:08:12Z" uid="1" user="OSMnx" version="1" changeset="1"><nd ref="6447783881" /><nd ref="6447783880" /><tag k="highway" v="footway" /><tag k="oneway" v="no" /></way><way id="1602" timestamp="2026-04-01T17:08:12Z" uid="1" user="OSMnx" version="1" changeset="1"><nd ref="6447785348" /><nd ref="6447783880" /><tag k="highway" v="footway" /><tag k="oneway" v="no" /></way><way id="1603" timestamp="2026-04-01T17:08:12Z" uid="1" user="OSMnx" version="1" changeset="1"><nd ref="6447785348" /><nd ref="6098772425" /><tag k="highway" v="footway" /><tag k="oneway" v="no" /></way><way id="1604" timestamp="2026-04-01T17:08:12Z" uid="1" user="OSMnx" version="1" changeset="1"><nd ref="6447785348" /><nd ref="6447785349" /><tag k="highway" v="footway" /><tag k="oneway" v="no" /></way><way id="1605" timestamp="2026-04-01T17:08:12Z" uid="1" user="OSMnx" version="1" changeset="1"><nd ref="6447785349" /><nd ref="6447785356" /><tag k="highway" v="footway" /><tag k="oneway" v="no" /></way><way id="1606" timestamp="2026-04-01T17:08:12Z" uid="1" user="OSMnx" version="1" changeset="1"><nd ref="6447785349" /><nd ref="6447785348" /><tag k="highway" v="footway" /><tag k="oneway" v="no" /></way><way id="1607" timestamp="2026-04-01T17:08:12Z" uid="1" user="OSMnx" version="1" changeset="1"><nd ref="6447785350" /><nd ref="6447768078" /><tag k="highway" v="footway" /><tag k="oneway" v="no" /></way><way id="1608" timestamp="2026-04-01T17:08:12Z" uid="1" user="OSMnx" version="1" changeset="1"><nd ref="6447785350" /><nd ref="6447783881" /><tag k="highway" v="footway" /><tag k="oneway" v="no" /></way><way id="1609" timestamp="2026-04-01T17:08:12Z" uid="1" user="OSMnx" version="1" changeset="1"><nd ref="6447785350" /><nd ref="6447785351" /><tag k="highway" v="footway" /><tag k="oneway" v="no" /></way><way id="1610" timestamp="2026-04-01T17:08:12Z" uid="1" user="OSMnx" version="1" changeset="1"><nd ref="6447785351" /><nd ref="6447785350" /><tag k="highway" v="footway" /><tag k="oneway" v="no" /></way><way id="1611" timestamp="2026-04-01T17:08:12Z" uid="1" user="OSMnx" version="1" changeset="1"><nd ref="6447785351" /><nd ref="6447785352" /><tag k="highway" v="footway" /><tag k="oneway" v="no" /></way><way id="1612" timestamp="2026-04-01T17:08:12Z" uid="1" user="OSMnx" version="1" changeset="1"><nd ref="6447785352" /><nd ref="6447785351" /><tag k="highway" v="footway" /><tag k="oneway" v="no" /></way><way id="1613" timestamp="2026-04-01T17:08:12Z" uid="1" user="OSMnx" version="1" changeset="1"><nd ref="6447785352" /><nd ref="6447785353" /><tag k="highway" v="footway" /><tag k="oneway" v="no" /></way><way id="1614" timestamp="2026-04-01T17:08:12Z" uid="1" user="OSMnx" version="1" changeset="1"><nd ref="6447785353" /><nd ref="6447785352" /><tag k="highway" v="footway" /><tag k="oneway" v="no" /></way><way id="1615" timestamp="2026-04-01T17:08:12Z" uid="1" user="OSMnx" version="1" changeset="1"><nd ref="6447785353" /><nd ref="6447785354" /><tag k="highway" v="footway" /><tag k="oneway" v="no" /></way><way id="1616" timestamp="2026-04-01T17:08:12Z" uid="1" user="OSMnx" version="1" changeset="1"><nd ref="6447785354" /><nd ref="6447785353" /><tag k="highway" v="footway" /><tag k="oneway" v="no" /></way><way id="1617" timestamp="2026-04-01T17:08:12Z" uid="1" user="OSMnx" version="1" changeset="1"><nd ref="6447785354" /><nd ref="6447785355" /><tag k="highway" v="footway" /><tag k="oneway" v="no" /></way><way id="1618" timestamp="2026-04-01T17:08:12Z" uid="1" user="OSMnx" version="1" changeset="1"><nd ref="6447785355" /><nd ref="6447785354" /><tag k="highway" v="footway" /><tag k="oneway" v="no" /></way><way id="1619" timestamp="2026-04-01T17:08:12Z" uid="1" user="OSMnx" version="1" changeset="1"><nd ref="6447785355" /><nd ref="6447785356" /><tag k="highway" v="footway" /><tag k="oneway" v="no" /></way><way id="1620" timestamp="2026-04-01T17:08:12Z" uid="1" user="OSMnx" version="1" changeset="1"><nd ref="6447785356" /><nd ref="6447785355" /><tag k="highway" v="footway" /><tag k="oneway" v="no" /></way><way id="1621" timestamp="2026-04-01T17:08:12Z" uid="1" user="OSMnx" version="1" changeset="1"><nd ref="6447785356" /><nd ref="6447785349" /><tag k="highway" v="footway" /><tag k="oneway" v="no" /></way><way id="1622" timestamp="2026-04-01T17:08:12Z" uid="1" user="OSMnx" version="1" changeset="1"><nd ref="6447853925" /><nd ref="6009694995" /><tag k="highway" v="footway" /><tag k="oneway" v="no" /></way><way id="1623" timestamp="2026-04-01T17:08:12Z" uid="1" user="OSMnx" version="1" changeset="1"><nd ref="6447853925" /><nd ref="6009694992" /><tag k="highway" v="footway" /><tag k="oneway" v="no" /></way><way id="1624" timestamp="2026-04-01T17:08:12Z" uid="1" user="OSMnx" version="1" changeset="1"><nd ref="6448022212" /><nd ref="6448029340" /><tag k="highway" v="footway" /><tag k="oneway" v="no" /></way><way id="1625" timestamp="2026-04-01T17:08:12Z" uid="1" user="OSMnx" version="1" changeset="1"><nd ref="6448022212" /><nd ref="4713696543" /><tag k="highway" v="footway" /><tag k="oneway" v="no" /></way><way id="1626" timestamp="2026-04-01T17:08:12Z" uid="1" user="OSMnx" version="1" changeset="1"><nd ref="6448022212" /><nd ref="8809676347" /><tag k="highway" v="footway" /><tag k="oneway" v="no" /></way><way id="1627" timestamp="2026-04-01T17:08:12Z" uid="1" user="OSMnx" version="1" changeset="1"><nd ref="6448022213" /><nd ref="8809676347" /><tag k="highway" v="footway" /><tag k="oneway" v="no" /></way><way id="1628" timestamp="2026-04-01T17:08:12Z" uid="1" user="OSMnx" version="1" changeset="1"><nd ref="6448022213" /><nd ref="6448022234" /><tag k="highway" v="footway" /><tag k="oneway" v="no" /></way><way id="1629" timestamp="2026-04-01T17:08:12Z" uid="1" user="OSMnx" version="1" changeset="1"><nd ref="6448022213" /><nd ref="8809676344" /><tag k="highway" v="footway" /><tag k="oneway" v="no" /></way><way id="1630" timestamp="2026-04-01T17:08:12Z" uid="1" user="OSMnx" version="1" changeset="1"><nd ref="6448022221" /><nd ref="6448022222" /><tag k="highway" v="footway" /><tag k="oneway" v="no" /></way><way id="1631" timestamp="2026-04-01T17:08:12Z" uid="1" user="OSMnx" version="1" changeset="1"><nd ref="6448022221" /><nd ref="6448022225" /><tag k="highway" v="footway" /><tag k="oneway" v="no" /></way><way id="1632" timestamp="2026-04-01T17:08:12Z" uid="1" user="OSMnx" version="1" changeset="1"><nd ref="6448022221" /><nd ref="6448022223" /><tag k="highway" v="footway" /><tag k="oneway" v="no" /></way><way id="1633" timestamp="2026-04-01T17:08:12Z" uid="1" user="OSMnx" version="1" changeset="1"><nd ref="6448022222" /><nd ref="6448022221" /><tag k="highway" v="footway" /><tag k="oneway" v="no" /></way><way id="1634" timestamp="2026-04-01T17:08:12Z" uid="1" user="OSMnx" version="1" changeset="1"><nd ref="6448022222" /><nd ref="6448022224" /><tag k="highway" v="footway" /><tag k="oneway" v="no" /></way><way id="1635" timestamp="2026-04-01T17:08:12Z" uid="1" user="OSMnx" version="1" changeset="1"><nd ref="6448022222" /><nd ref="6448022240" /><tag k="highway" v="footway" /><tag k="oneway" v="no" /></way><way id="1636" timestamp="2026-04-01T17:08:12Z" uid="1" user="OSMnx" version="1" changeset="1"><nd ref="6448022223" /><nd ref="6448022224" /><tag k="highway" v="footway" /><tag k="oneway" v="no" /></way><way id="1637" timestamp="2026-04-01T17:08:12Z" uid="1" user="OSMnx" version="1" changeset="1"><nd ref="6448022223" /><nd ref="6448022221" /><tag k="highway" v="footway" /><tag k="oneway" v="no" /></way><way id="1638" timestamp="2026-04-01T17:08:12Z" uid="1" user="OSMnx" version="1" changeset="1"><nd ref="6448022223" /><nd ref="6448022226" /><tag k="highway" v="footway" /><tag k="oneway" v="no" /></way><way id="1639" timestamp="2026-04-01T17:08:12Z" uid="1" user="OSMnx" version="1" changeset="1"><nd ref="6448022224" /><nd ref="6448022223" /><tag k="highway" v="footway" /><tag k="oneway" v="no" /></way><way id="1640" timestamp="2026-04-01T17:08:12Z" uid="1" user="OSMnx" version="1" changeset="1"><nd ref="6448022224" /><nd ref="6448022227" /><tag k="highway" v="footway" /><tag k="oneway" v="no" /></way><way id="1641" timestamp="2026-04-01T17:08:12Z" uid="1" user="OSMnx" version="1" changeset="1"><nd ref="6448022224" /><nd ref="6448022222" /><tag k="highway" v="footway" /><tag k="oneway" v="no" /></way><way id="1642" timestamp="2026-04-01T17:08:12Z" uid="1" user="OSMnx" version="1" changeset="1"><nd ref="6448022225" /><nd ref="6448022240" /><tag k="highway" v="footway" /><tag k="oneway" v="no" /></way><way id="1643" timestamp="2026-04-01T17:08:12Z" uid="1" user="OSMnx" version="1" changeset="1"><nd ref="6448022225" /><nd ref="6448022221" /><tag k="highway" v="footway" /><tag k="oneway" v="no" /></way><way id="1644" timestamp="2026-04-01T17:08:12Z" uid="1" user="OSMnx" version="1" changeset="1"><nd ref="6448022226" /><nd ref="6448022223" /><tag k="highway" v="footway" /><tag k="oneway" v="no" /></way><way id="1645" timestamp="2026-04-01T17:08:12Z" uid="1" user="OSMnx" version="1" changeset="1"><nd ref="6448022226" /><nd ref="6448022227" /><tag k="highway" v="footway" /><tag k="oneway" v="no" /></way><way id="1646" timestamp="2026-04-01T17:08:12Z" uid="1" user="OSMnx" version="1" changeset="1"><nd ref="6448022227" /><nd ref="6448022226" /><tag k="highway" v="footway" /><tag k="oneway" v="no" /></way><way id="1647" timestamp="2026-04-01T17:08:12Z" uid="1" user="OSMnx" version="1" changeset="1"><nd ref="6448022227" /><nd ref="6448022239" /><tag k="highway" v="footway" /><tag k="oneway" v="no" /></way><way id="1648" timestamp="2026-04-01T17:08:12Z" uid="1" user="OSMnx" version="1" changeset="1"><nd ref="6448022227" /><nd ref="6448022224" /><tag k="highway" v="footway" /><tag k="oneway" v="no" /></way><way id="1649" timestamp="2026-04-01T17:08:12Z" uid="1" user="OSMnx" version="1" changeset="1"><nd ref="6448022234" /><nd ref="6448022235" /><tag k="highway" v="footway" /><tag k="oneway" v="no" /></way><way id="1650" timestamp="2026-04-01T17:08:12Z" uid="1" user="OSMnx" version="1" changeset="1"><nd ref="6448022234" /><nd ref="6448036927" /><tag k="highway" v="footway" /><tag k="oneway" v="no" /></way><way id="1651" timestamp="2026-04-01T17:08:12Z" uid="1" user="OSMnx" version="1" changeset="1"><nd ref="6448022234" /><nd ref="6448022213" /><tag k="highway" v="footway" /><tag k="oneway" v="no" /></way><way id="1652" timestamp="2026-04-01T17:08:12Z" uid="1" user="OSMnx" version="1" changeset="1"><nd ref="6448022235" /><nd ref="6448022234" /><tag k="highway" v="footway" /><tag k="oneway" v="no" /></way><way id="1653" timestamp="2026-04-01T17:08:12Z" uid="1" user="OSMnx" version="1" changeset="1"><nd ref="6448022235" /><nd ref="6448022237" /><tag k="highway" v="footway" /><tag k="oneway" v="no" /></way><way id="1654" timestamp="2026-04-01T17:08:12Z" uid="1" user="OSMnx" version="1" changeset="1"><nd ref="6448022235" /><nd ref="6448036928" /><tag k="highway" v="footway" /><tag k="oneway" v="no" /></way><way id="1655" timestamp="2026-04-01T17:08:12Z" uid="1" user="OSMnx" version="1" changeset="1"><nd ref="6448022236" /><nd ref="6448036928" /><tag k="highway" v="footway" /><tag k="oneway" v="no" /></way><way id="1656" timestamp="2026-04-01T17:08:12Z" uid="1" user="OSMnx" version="1" changeset="1"><nd ref="6448022236" /><nd ref="6448022279" /><tag k="highway" v="footway" /><tag k="oneway" v="no" /></way><way id="1657" timestamp="2026-04-01T17:08:12Z" uid="1" user="OSMnx" version="1" changeset="1"><nd ref="6448022236" /><nd ref="6448022280" /><tag k="highway" v="footway" /><tag k="oneway" v="no" /></way><way id="1658" timestamp="2026-04-01T17:08:12Z" uid="1" user="OSMnx" version="1" changeset="1"><nd ref="6448022237" /><nd ref="6448022238" /><tag k="highway" v="footway" /><tag k="oneway" v="no" /></way><way id="1659" timestamp="2026-04-01T17:08:12Z" uid="1" user="OSMnx" version="1" changeset="1"><nd ref="6448022237" /><nd ref="6448022235" /><tag k="highway" v="footway" /><tag k="oneway" v="no" /></way><way id="1660" timestamp="2026-04-01T17:08:12Z" uid="1" user="OSMnx" version="1" changeset="1"><nd ref="6448022238" /><nd ref="6448022240" /><tag k="highway" v="footway" /><tag k="oneway" v="no" /></way><way id="1661" timestamp="2026-04-01T17:08:12Z" uid="1" user="OSMnx" version="1" changeset="1"><nd ref="6448022238" /><nd ref="6448022237" /><tag k="highway" v="footway" /><tag k="oneway" v="no" /></way><way id="1662" timestamp="2026-04-01T17:08:12Z" uid="1" user="OSMnx" version="1" changeset="1"><nd ref="6448022239" /><nd ref="6448022227" /><tag k="highway" v="footway" /><tag k="oneway" v="no" /></way><way id="1663" timestamp="2026-04-01T17:08:12Z" uid="1" user="OSMnx" version="1" changeset="1"><nd ref="6448022239" /><nd ref="6448029285" /><tag k="highway" v="footway" /><tag k="oneway" v="no" /></way><way id="1664" timestamp="2026-04-01T17:08:12Z" uid="1" user="OSMnx" version="1" changeset="1"><nd ref="6448022239" /><nd ref="6448029286" /><tag k="highway" v="footway" /><tag k="oneway" v="no" /></way><way id="1665" timestamp="2026-04-01T17:08:12Z" uid="1" user="OSMnx" version="1" changeset="1"><nd ref="6448022240" /><nd ref="6448022225" /><tag k="highway" v="footway" /><tag k="oneway" v="no" /></way><way id="1666" timestamp="2026-04-01T17:08:12Z" uid="1" user="OSMnx" version="1" changeset="1"><nd ref="6448022240" /><nd ref="6448022222" /><tag k="highway" v="footway" /><tag k="oneway" v="no" /></way><way id="1667" timestamp="2026-04-01T17:08:12Z" uid="1" user="OSMnx" version="1" changeset="1"><nd ref="6448022240" /><nd ref="6448022238" /><tag k="highway" v="footway" /><tag k="oneway" v="no" /></way><way id="1668" timestamp="2026-04-01T17:08:12Z" uid="1" user="OSMnx" version="1" changeset="1"><nd ref="6448022243" /><nd ref="6448022244" /><tag k="highway" v="footway" /><tag k="oneway" v="no" /></way><way id="1669" timestamp="2026-04-01T17:08:12Z" uid="1" user="OSMnx" version="1" changeset="1"><nd ref="6448022243" /><nd ref="6448022280" /><tag k="highway" v="footway" /><tag k="oneway" v="no" /></way><way id="1670" timestamp="2026-04-01T17:08:12Z" uid="1" user="OSMnx" version="1" changeset="1"><nd ref="6448022243" /><nd ref="6448022281" /><tag k="highway" v="footway" /><tag k="oneway" v="no" /></way><way id="1671" timestamp="2026-04-01T17:08:12Z" uid="1" user="OSMnx" version="1" changeset="1"><nd ref="6448022244" /><nd ref="6448022243" /><tag k="highway" v="footway" /><tag k="oneway" v="no" /></way><way id="1672" timestamp="2026-04-01T17:08:12Z" uid="1" user="OSMnx" version="1" changeset="1"><nd ref="6448022244" /><nd ref="6448022245" /><tag k="highway" v="footway" /><tag k="oneway" v="no" /></way><way id="1673" timestamp="2026-04-01T17:08:12Z" uid="1" user="OSMnx" version="1" changeset="1"><nd ref="6448022244" /><nd ref="6448036927" /><tag k="highway" v="footway" /><tag k="oneway" v="no" /></way><way id="1674" timestamp="2026-04-01T17:08:12Z" uid="1" user="OSMnx" version="1" changeset="1"><nd ref="6448022245" /><nd ref="6448022281" /><tag k="highway" v="footway" /><tag k="oneway" v="no" /></way><way id="1675" timestamp="2026-04-01T17:08:12Z" uid="1" user="OSMnx" version="1" changeset="1"><nd ref="6448022245" /><nd ref="6448022260" /><tag k="highway" v="footway" /><tag k="oneway" v="no" /></way><way id="1676" timestamp="2026-04-01T17:08:12Z" uid="1" user="OSMnx" version="1" changeset="1"><nd ref="6448022245" /><nd ref="6448022244" /><tag k="highway" v="footway" /><tag k="oneway" v="no" /></way><way id="1677" timestamp="2026-04-01T17:08:12Z" uid="1" user="OSMnx" version="1" changeset="1"><nd ref="6448022260" /><nd ref="8809676357" /><tag k="highway" v="footway" /><tag k="oneway" v="no" /></way><way id="1678" timestamp="2026-04-01T17:08:12Z" uid="1" user="OSMnx" version="1" changeset="1"><nd ref="6448022260" /><nd ref="6448022245" /><tag k="highway" v="footway" /><tag k="oneway" v="no" /></way><way id="1679" timestamp="2026-04-01T17:08:12Z" uid="1" user="OSMnx" version="1" changeset="1"><nd ref="6448022260" /><nd ref="8809676346" /><tag k="highway" v="footway" /><tag k="oneway" v="no" /></way><way id="1680" timestamp="2026-04-01T17:08:12Z" uid="1" user="OSMnx" version="1" changeset="1"><nd ref="6448022263" /><nd ref="6448022276" /><tag k="highway" v="footway" /><tag k="oneway" v="no" /></way><way id="1681" timestamp="2026-04-01T17:08:12Z" uid="1" user="OSMnx" version="1" changeset="1"><nd ref="6448022263" /><nd ref="6448022264" /><tag k="highway" v="footway" /><tag k="oneway" v="no" /></way><way id="1682" timestamp="2026-04-01T17:08:12Z" uid="1" user="OSMnx" version="1" changeset="1"><nd ref="6448022263" /><nd ref="6448022265" /><tag k="highway" v="footway" /><tag k="oneway" v="no" /></way><way id="1683" timestamp="2026-04-01T17:08:12Z" uid="1" user="OSMnx" version="1" changeset="1"><nd ref="6448022263" /><nd ref="6448022275" /><tag k="highway" v="footway" /><tag k="oneway" v="no" /></way><way id="1684" timestamp="2026-04-01T17:08:12Z" uid="1" user="OSMnx" version="1" changeset="1"><nd ref="6448022264" /><nd ref="6448022279" /><tag k="highway" v="footway" /><tag k="oneway" v="no" /></way><way id="1685" timestamp="2026-04-01T17:08:12Z" uid="1" user="OSMnx" version="1" changeset="1"><nd ref="6448022264" /><nd ref="6448022263" /><tag k="highway" v="footway" /><tag k="oneway" v="no" /></way><way id="1686" timestamp="2026-04-01T17:08:12Z" uid="1" user="OSMnx" version="1" changeset="1"><nd ref="6448022264" /><nd ref="6448029286" /><tag k="highway" v="footway" /><tag k="oneway" v="no" /></way><way id="1687" timestamp="2026-04-01T17:08:12Z" uid="1" user="OSMnx" version="1" changeset="1"><nd ref="6448022265" /><nd ref="6448022268" /><tag k="highway" v="footway" /><tag k="oneway" v="no" /></way><way id="1688" timestamp="2026-04-01T17:08:12Z" uid="1" user="OSMnx" version="1" changeset="1"><nd ref="6448022265" /><nd ref="6448022263" /><tag k="highway" v="footway" /><tag k="oneway" v="no" /></way><way id="1689" timestamp="2026-04-01T17:08:12Z" uid="1" user="OSMnx" version="1" changeset="1"><nd ref="6448022265" /><nd ref="6448022269" /><tag k="highway" v="footway" /><tag k="oneway" v="no" /></way><way id="1690" timestamp="2026-04-01T17:08:12Z" uid="1" user="OSMnx" version="1" changeset="1"><nd ref="6448022266" /><nd ref="6448022269" /><tag k="highway" v="footway" /><tag k="oneway" v="no" /></way><way id="1691" timestamp="2026-04-01T17:08:12Z" uid="1" user="OSMnx" version="1" changeset="1"><nd ref="6448022266" /><nd ref="6448022267" /><tag k="highway" v="footway" /><tag k="oneway" v="no" /></way><way id="1692" timestamp="2026-04-01T17:08:12Z" uid="1" user="OSMnx" version="1" changeset="1"><nd ref="6448022267" /><nd ref="6448022268" /><tag k="highway" v="footway" /><tag k="oneway" v="no" /></way><way id="1693" timestamp="2026-04-01T17:08:12Z" uid="1" user="OSMnx" version="1" changeset="1"><nd ref="6448022267" /><nd ref="6448022266" /><tag k="highway" v="footway" /><tag k="oneway" v="no" /></way><way id="1694" timestamp="2026-04-01T17:08:12Z" uid="1" user="OSMnx" version="1" changeset="1"><nd ref="6448022268" /><nd ref="6448022267" /><tag k="highway" v="footway" /><tag k="oneway" v="no" /></way><way id="1695" timestamp="2026-04-01T17:08:12Z" uid="1" user="OSMnx" version="1" changeset="1"><nd ref="6448022268" /><nd ref="6448022265" /><tag k="highway" v="footway" /><tag k="oneway" v="no" /></way><way id="1696" timestamp="2026-04-01T17:08:12Z" uid="1" user="OSMnx" version="1" changeset="1"><nd ref="6448022269" /><nd ref="6448022265" /><tag k="highway" v="footway" /><tag k="oneway" v="no" /></way><way id="1697" timestamp="2026-04-01T17:08:12Z" uid="1" user="OSMnx" version="1" changeset="1"><nd ref="6448022269" /><nd ref="6448022266" /><tag k="highway" v="footway" /><tag k="oneway" v="no" /></way><way id="1698" timestamp="2026-04-01T17:08:12Z" uid="1" user="OSMnx" version="1" changeset="1"><nd ref="6448022271" /><nd ref="6448022278" /><tag k="highway" v="footway" /><tag k="oneway" v="no" /></way><way id="1699" timestamp="2026-04-01T17:08:12Z" uid="1" user="OSMnx" version="1" changeset="1"><nd ref="6448022271" /><nd ref="6448022272" /><tag k="highway" v="footway" /><tag k="oneway" v="no" /></way><way id="1700" timestamp="2026-04-01T17:08:12Z" uid="1" user="OSMnx" version="1" changeset="1"><nd ref="6448022272" /><nd ref="6448022271" /><tag k="highway" v="footway" /><tag k="oneway" v="no" /></way><way id="1701" timestamp="2026-04-01T17:08:12Z" uid="1" user="OSMnx" version="1" changeset="1"><nd ref="6448022272" /><nd ref="6448022273" /><tag k="highway" v="footway" /><tag k="oneway" v="no" /></way><way id="1702" timestamp="2026-04-01T17:08:12Z" uid="1" user="OSMnx" version="1" changeset="1"><nd ref="6448022273" /><nd ref="6448022272" /><tag k="highway" v="footway" /><tag k="oneway" v="no" /></way><way id="1703" timestamp="2026-04-01T17:08:12Z" uid="1" user="OSMnx" version="1" changeset="1"><nd ref="6448022273" /><nd ref="6448022274" /><tag k="highway" v="footway" /><tag k="oneway" v="no" /></way><way id="1704" timestamp="2026-04-01T17:08:12Z" uid="1" user="OSMnx" version="1" changeset="1"><nd ref="6448022274" /><nd ref="6448022273" /><tag k="highway" v="footway" /><tag k="oneway" v="no" /></way><way id="1705" timestamp="2026-04-01T17:08:12Z" uid="1" user="OSMnx" version="1" changeset="1"><nd ref="6448022274" /><nd ref="6448022275" /><tag k="highway" v="footway" /><tag k="oneway" v="no" /></way><way id="1706" timestamp="2026-04-01T17:08:12Z" uid="1" user="OSMnx" version="1" changeset="1"><nd ref="6448022275" /><nd ref="6448022274" /><tag k="highway" v="footway" /><tag k="oneway" v="no" /></way><way id="1707" timestamp="2026-04-01T17:08:12Z" uid="1" user="OSMnx" version="1" changeset="1"><nd ref="6448022275" /><nd ref="6448022263" /><tag k="highway" v="footway" /><tag k="oneway" v="no" /></way><way id="1708" timestamp="2026-04-01T17:08:12Z" uid="1" user="OSMnx" version="1" changeset="1"><nd ref="6448022276" /><nd ref="6448022263" /><tag k="highway" v="footway" /><tag k="oneway" v="no" /></way><way id="1709" timestamp="2026-04-01T17:08:12Z" uid="1" user="OSMnx" version="1" changeset="1"><nd ref="6448022276" /><nd ref="6448022277" /><tag k="highway" v="footway" /><tag k="oneway" v="no" /></way><way id="1710" timestamp="2026-04-01T17:08:12Z" uid="1" user="OSMnx" version="1" changeset="1"><nd ref="6448022277" /><nd ref="6448022276" /><tag k="highway" v="footway" /><tag k="oneway" v="no" /></way><way id="1711" timestamp="2026-04-01T17:08:12Z" uid="1" user="OSMnx" version="1" changeset="1"><nd ref="6448022277" /><nd ref="6448022278" /><tag k="highway" v="footway" /><tag k="oneway" v="no" /></way><way id="1712" timestamp="2026-04-01T17:08:12Z" uid="1" user="OSMnx" version="1" changeset="1"><nd ref="6448022278" /><nd ref="6448022277" /><tag k="highway" v="footway" /><tag k="oneway" v="no" /></way><way id="1713" timestamp="2026-04-01T17:08:12Z" uid="1" user="OSMnx" version="1" changeset="1"><nd ref="6448022278" /><nd ref="6448022271" /><tag k="highway" v="footway" /><tag k="oneway" v="no" /></way><way id="1714" timestamp="2026-04-01T17:08:12Z" uid="1" user="OSMnx" version="1" changeset="1"><nd ref="6448022279" /><nd ref="6448022264" /><tag k="highway" v="footway" /><tag k="oneway" v="no" /></way><way id="1715" timestamp="2026-04-01T17:08:12Z" uid="1" user="OSMnx" version="1" changeset="1"><nd ref="6448022279" /><nd ref="6448022236" /><tag k="highway" v="footway" /><tag k="oneway" v="no" /></way><way id="1716" timestamp="2026-04-01T17:08:12Z" uid="1" user="OSMnx" version="1" changeset="1"><nd ref="6448022280" /><nd ref="6448022236" /><tag k="highway" v="footway" /><tag k="oneway" v="no" /></way><way id="1717" timestamp="2026-04-01T17:08:12Z" uid="1" user="OSMnx" version="1" changeset="1"><nd ref="6448022280" /><nd ref="6448022243" /><tag k="highway" v="footway" /><tag k="oneway" v="no" /></way><way id="1718" timestamp="2026-04-01T17:08:12Z" uid="1" user="OSMnx" version="1" changeset="1"><nd ref="6448022281" /><nd ref="6448022245" /><tag k="highway" v="footway" /><tag k="oneway" v="no" /></way><way id="1719" timestamp="2026-04-01T17:08:12Z" uid="1" user="OSMnx" version="1" changeset="1"><nd ref="6448022281" /><nd ref="6448022243" /><tag k="highway" v="footway" /><tag k="oneway" v="no" /></way><way id="1720" timestamp="2026-04-01T17:08:12Z" uid="1" user="OSMnx" version="1" changeset="1"><nd ref="6448022281" /><nd ref="6448022282" /><tag k="highway" v="footway" /><tag k="oneway" v="no" /></way><way id="1721" timestamp="2026-04-01T17:08:12Z" uid="1" user="OSMnx" version="1" changeset="1"><nd ref="6448022282" /><nd ref="6448022281" /><tag k="highway" v="footway" /><tag k="oneway" v="no" /></way><way id="1722" timestamp="2026-04-01T17:08:12Z" uid="1" user="OSMnx" version="1" changeset="1"><nd ref="6448022282" /><nd ref="6448022283" /><tag k="highway" v="footway" /><tag k="oneway" v="no" /></way><way id="1723" timestamp="2026-04-01T17:08:12Z" uid="1" user="OSMnx" version="1" changeset="1"><nd ref="6448022283" /><nd ref="6448022282" /><tag k="highway" v="footway" /><tag k="oneway" v="no" /></way><way id="1724" timestamp="2026-04-01T17:08:12Z" uid="1" user="OSMnx" version="1" changeset="1"><nd ref="6448022283" /><nd ref="6448022284" /><tag k="highway" v="footway" /><tag k="oneway" v="no" /></way><way id="1725" timestamp="2026-04-01T17:08:12Z" uid="1" user="OSMnx" version="1" changeset="1"><nd ref="6448022284" /><nd ref="6448022283" /><tag k="highway" v="footway" /><tag k="oneway" v="no" /></way><way id="1726" timestamp="2026-04-01T17:08:12Z" uid="1" user="OSMnx" version="1" changeset="1"><nd ref="6448022284" /><nd ref="6448029285" /><tag k="highway" v="footway" /><tag k="oneway" v="no" /></way><way id="1727" timestamp="2026-04-01T17:08:12Z" uid="1" user="OSMnx" version="1" changeset="1"><nd ref="6448029285" /><nd ref="6448022284" /><tag k="highway" v="footway" /><tag k="oneway" v="no" /></way><way id="1728" timestamp="2026-04-01T17:08:12Z" uid="1" user="OSMnx" version="1" changeset="1"><nd ref="6448029285" /><nd ref="6448022239" /><tag k="highway" v="footway" /><tag k="oneway" v="no" /></way><way id="1729" timestamp="2026-04-01T17:08:12Z" uid="1" user="OSMnx" version="1" changeset="1"><nd ref="6448029286" /><nd ref="6448022239" /><tag k="highway" v="footway" /><tag k="oneway" v="no" /></way><way id="1730" timestamp="2026-04-01T17:08:12Z" uid="1" user="OSMnx" version="1" changeset="1"><nd ref="6448029286" /><nd ref="6448022264" /><tag k="highway" v="footway" /><tag k="oneway" v="no" /></way><way id="1731" timestamp="2026-04-01T17:08:12Z" uid="1" user="OSMnx" version="1" changeset="1"><nd ref="6448029329" /><nd ref="4718004197" /><tag k="highway" v="service" /><tag k="oneway" v="no" /></way><way id="1732" timestamp="2026-04-01T17:08:12Z" uid="1" user="OSMnx" version="1" changeset="1"><nd ref="6448029329" /><nd ref="4718004198" /><tag k="highway" v="service" /><tag k="oneway" v="no" /></way><way id="1733" timestamp="2026-04-01T17:08:12Z" uid="1" user="OSMnx" version="1" changeset="1"><nd ref="6448029330" /><nd ref="4718004195" /><tag k="highway" v="service" /><tag k="oneway" v="no" /></way><way id="1734" timestamp="2026-04-01T17:08:12Z" uid="1" user="OSMnx" version="1" changeset="1"><nd ref="6448029330" /><nd ref="4718004196" /><tag k="highway" v="service" /><tag k="oneway" v="no" /></way><way id="1735" timestamp="2026-04-01T17:08:12Z" uid="1" user="OSMnx" version="1" changeset="1"><nd ref="6448029331" /><nd ref="8809676360" /><tag k="highway" v="service" /><tag k="oneway" v="no" /></way><way id="1736" timestamp="2026-04-01T17:08:12Z" uid="1" user="OSMnx" version="1" changeset="1"><nd ref="6448029331" /><nd ref="6448366281" /><tag k="highway" v="service" /><tag k="oneway" v="no" /></way><way id="1737" timestamp="2026-04-01T17:08:12Z" uid="1" user="OSMnx" version="1" changeset="1"><nd ref="6448029331" /><nd ref="8809676340" /><tag k="highway" v="footway" /><tag k="oneway" v="no" /></way><way id="1738" timestamp="2026-04-01T17:08:12Z" uid="1" user="OSMnx" version="1" changeset="1"><nd ref="6448029331" /><nd ref="8809676341" /><tag k="highway" v="footway" /><tag k="oneway" v="no" /></way><way id="1739" timestamp="2026-04-01T17:08:12Z" uid="1" user="OSMnx" version="1" changeset="1"><nd ref="6448029332" /><nd ref="6448366282" /><tag k="highway" v="service" /><tag k="oneway" v="no" /></way><way id="1740" timestamp="2026-04-01T17:08:12Z" uid="1" user="OSMnx" version="1" changeset="1"><nd ref="6448029332" /><nd ref="8809676355" /><tag k="highway" v="service" /><tag k="oneway" v="no" /></way><way id="1741" timestamp="2026-04-01T17:08:12Z" uid="1" user="OSMnx" version="1" changeset="1"><nd ref="6448029332" /><nd ref="8809676342" /><tag k="highway" v="footway" /><tag k="oneway" v="no" /></way><way id="1742" timestamp="2026-04-01T17:08:12Z" uid="1" user="OSMnx" version="1" changeset="1"><nd ref="6448029332" /><nd ref="6448029335" /><tag k="highway" v="footway" /><tag k="oneway" v="no" /></way><way id="1743" timestamp="2026-04-01T17:08:12Z" uid="1" user="OSMnx" version="1" changeset="1"><nd ref="6448029335" /><nd ref="8809676357" /><tag k="highway" v="footway" /><tag k="oneway" v="no" /></way><way id="1744" timestamp="2026-04-01T17:08:12Z" uid="1" user="OSMnx" version="1" changeset="1"><nd ref="6448029335" /><nd ref="6448029332" /><tag k="highway" v="footway" /><tag k="oneway" v="no" /></way><way id="1745" timestamp="2026-04-01T17:08:12Z" uid="1" user="OSMnx" version="1" changeset="1"><nd ref="6448029335" /><nd ref="6795671786" /><tag k="highway" v="footway" /><tag k="oneway" v="no" /></way><way id="1746" timestamp="2026-04-01T17:08:12Z" uid="1" user="OSMnx" version="1" changeset="1"><nd ref="6448029340" /><nd ref="4713696544" /><tag k="highway" v="footway" /><tag k="oneway" v="no" /></way><way id="1747" timestamp="2026-04-01T17:08:12Z" uid="1" user="OSMnx" version="1" changeset="1"><nd ref="6448029340" /><nd ref="6448022212" /><tag k="highway" v="footway" /><tag k="oneway" v="no" /></way><way id="1748" timestamp="2026-04-01T17:08:12Z" uid="1" user="OSMnx" version="1" changeset="1"><nd ref="6448029340" /><nd ref="8809676346" /><tag k="highway" v="footway" /><tag k="oneway" v="no" /></way><way id="1749" timestamp="2026-04-01T17:08:12Z" uid="1" user="OSMnx" version="1" changeset="1"><nd ref="6448034925" /><nd ref="4713696524" /><tag k="highway" v="footway" /><tag k="oneway" v="no" /></way><way id="1750" timestamp="2026-04-01T17:08:12Z" uid="1" user="OSMnx" version="1" changeset="1"><nd ref="6448034925" /><nd ref="6448366487" /><tag k="highway" v="footway" /><tag k="oneway" v="no" /></way><way id="1751" timestamp="2026-04-01T17:08:12Z" uid="1" user="OSMnx" version="1" changeset="1"><nd ref="6448034925" /><nd ref="6448136085" /><tag k="highway" v="footway" /><tag k="oneway" v="no" /></way><way id="1752" timestamp="2026-04-01T17:08:12Z" uid="1" user="OSMnx" version="1" changeset="1"><nd ref="6448034926" /><nd ref="4713696544" /><tag k="highway" v="footway" /><tag k="oneway" v="no" /></way><way id="1753" timestamp="2026-04-01T17:08:12Z" uid="1" user="OSMnx" version="1" changeset="1"><nd ref="6448034926" /><nd ref="6448136085" /><tag k="highway" v="footway" /><tag k="oneway" v="no" /></way><way id="1754" timestamp="2026-04-01T17:08:12Z" uid="1" user="OSMnx" version="1" changeset="1"><nd ref="6448036927" /><nd ref="6448022244" /><tag k="highway" v="footway" /><tag k="oneway" v="no" /></way><way id="1755" timestamp="2026-04-01T17:08:12Z" uid="1" user="OSMnx" version="1" changeset="1"><nd ref="6448036927" /><nd ref="6448022234" /><tag k="highway" v="footway" /><tag k="oneway" v="no" /></way><way id="1756" timestamp="2026-04-01T17:08:12Z" uid="1" user="OSMnx" version="1" changeset="1"><nd ref="6448036927" /><nd ref="6448036928" /><tag k="highway" v="footway" /><tag k="oneway" v="no" /></way><way id="1757" timestamp="2026-04-01T17:08:12Z" uid="1" user="OSMnx" version="1" changeset="1"><nd ref="6448036928" /><nd ref="6448022235" /><tag k="highway" v="footway" /><tag k="oneway" v="no" /></way><way id="1758" timestamp="2026-04-01T17:08:12Z" uid="1" user="OSMnx" version="1" changeset="1"><nd ref="6448036928" /><nd ref="6448022236" /><tag k="highway" v="footway" /><tag k="oneway" v="no" /></way><way id="1759" timestamp="2026-04-01T17:08:12Z" uid="1" user="OSMnx" version="1" changeset="1"><nd ref="6448036928" /><nd ref="6448036927" /><tag k="highway" v="footway" /><tag k="oneway" v="no" /></way><way id="1760" timestamp="2026-04-01T17:08:12Z" uid="1" user="OSMnx" version="1" changeset="1"><nd ref="6448087887" /><nd ref="6448087889" /><tag k="highway" v="footway" /><tag k="oneway" v="no" /></way><way id="1761" timestamp="2026-04-01T17:08:12Z" uid="1" user="OSMnx" version="1" changeset="1"><nd ref="6448087887" /><nd ref="6448087888" /><tag k="highway" v="footway" /><tag k="oneway" v="no" /></way><way id="1762" timestamp="2026-04-01T17:08:12Z" uid="1" user="OSMnx" version="1" changeset="1"><nd ref="6448087888" /><nd ref="4718004231" /><tag k="highway" v="footway" /><tag k="oneway" v="no" /></way><way id="1763" timestamp="2026-04-01T17:08:12Z" uid="1" user="OSMnx" version="1" changeset="1"><nd ref="6448087888" /><nd ref="4718004232" /><tag k="highway" v="footway" /><tag k="oneway" v="no" /></way><way id="1764" timestamp="2026-04-01T17:08:12Z" uid="1" user="OSMnx" version="1" changeset="1"><nd ref="6448087888" /><nd ref="6448087887" /><tag k="highway" v="footway" /><tag k="oneway" v="no" /></way><way id="1765" timestamp="2026-04-01T17:08:12Z" uid="1" user="OSMnx" version="1" changeset="1"><nd ref="6448087889" /><nd ref="6448087887" /><tag k="highway" v="footway" /><tag k="oneway" v="no" /></way><way id="1766" timestamp="2026-04-01T17:08:12Z" uid="1" user="OSMnx" version="1" changeset="1"><nd ref="6448087889" /><nd ref="1301959175" /><tag k="highway" v="steps" /><tag k="oneway" v="no" /></way><way id="1767" timestamp="2026-04-01T17:08:12Z" uid="1" user="OSMnx" version="1" changeset="1"><nd ref="6448135784" /><nd ref="6013140259" /><tag k="highway" v="footway" /><tag k="oneway" v="no" /></way><way id="1768" timestamp="2026-04-01T17:08:12Z" uid="1" user="OSMnx" version="1" changeset="1"><nd ref="6448135784" /><nd ref="4713696524" /><tag k="highway" v="footway" /><tag k="oneway" v="no" /></way><way id="1769" timestamp="2026-04-01T17:08:12Z" uid="1" user="OSMnx" version="1" changeset="1"><nd ref="6448135784" /><nd ref="6448136085" /><tag k="highway" v="footway" /><tag k="oneway" v="no" /></way><way id="1770" timestamp="2026-04-01T17:08:12Z" uid="1" user="OSMnx" version="1" changeset="1"><nd ref="6448135784" /><nd ref="6448200236" /><tag k="highway" v="footway" /><tag k="oneway" v="no" /></way><way id="1771" timestamp="2026-04-01T17:08:12Z" uid="1" user="OSMnx" version="1" changeset="1"><nd ref="6448136085" /><nd ref="6448034926" /><tag k="highway" v="footway" /><tag k="oneway" v="no" /></way><way id="1772" timestamp="2026-04-01T17:08:12Z" uid="1" user="OSMnx" version="1" changeset="1"><nd ref="6448136085" /><nd ref="6448034925" /><tag k="highway" v="footway" /><tag k="oneway" v="no" /></way><way id="1773" timestamp="2026-04-01T17:08:12Z" uid="1" user="OSMnx" version="1" changeset="1"><nd ref="6448136085" /><nd ref="6448135784" /><tag k="highway" v="footway" /><tag k="oneway" v="no" /></way><way id="1774" timestamp="2026-04-01T17:08:12Z" uid="1" user="OSMnx" version="1" changeset="1"><nd ref="6448178332" /><nd ref="6448178333" /><tag k="highway" v="footway" /><tag k="oneway" v="no" /></way><way id="1775" timestamp="2026-04-01T17:08:12Z" uid="1" user="OSMnx" version="1" changeset="1"><nd ref="6448178332" /><nd ref="1687056660" /><tag k="highway" v="footway" /><tag k="oneway" v="no" /></way><way id="1776" timestamp="2026-04-01T17:08:12Z" uid="1" user="OSMnx" version="1" changeset="1"><nd ref="6448178332" /><nd ref="8809676433" /><tag k="highway" v="footway" /><tag k="oneway" v="no" /></way><way id="1777" timestamp="2026-04-01T17:08:12Z" uid="1" user="OSMnx" version="1" changeset="1"><nd ref="6448178333" /><nd ref="6448178332" /><tag k="highway" v="footway" /><tag k="oneway" v="no" /></way><way id="1778" timestamp="2026-04-01T17:08:12Z" uid="1" user="OSMnx" version="1" changeset="1"><nd ref="6448178333" /><nd ref="6448206625" /><tag k="highway" v="footway" /><tag k="oneway" v="no" /></way><way id="1779" timestamp="2026-04-01T17:08:12Z" uid="1" user="OSMnx" version="1" changeset="1"><nd ref="6448200236" /><nd ref="6448135784" /><tag k="highway" v="footway" /><tag k="oneway" v="no" /></way><way id="1780" timestamp="2026-04-01T17:08:12Z" uid="1" user="OSMnx" version="1" changeset="1"><nd ref="6448200236" /><nd ref="6448200238" /><tag k="highway" v="footway" /><tag k="oneway" v="no" /></way><way id="1781" timestamp="2026-04-01T17:08:12Z" uid="1" user="OSMnx" version="1" changeset="1"><nd ref="6448200238" /><nd ref="6448200236" /><tag k="highway" v="footway" /><tag k="oneway" v="no" /></way><way id="1782" timestamp="2026-04-01T17:08:12Z" uid="1" user="OSMnx" version="1" changeset="1"><nd ref="6448206624" /><nd ref="6448206625" /><tag k="highway" v="footway" /><tag k="oneway" v="no" /></way><way id="1783" timestamp="2026-04-01T17:08:12Z" uid="1" user="OSMnx" version="1" changeset="1"><nd ref="6448206624" /><nd ref="4710347367" /><tag k="highway" v="footway" /><tag k="oneway" v="no" /></way><way id="1784" timestamp="2026-04-01T17:08:12Z" uid="1" user="OSMnx" version="1" changeset="1"><nd ref="6448206625" /><nd ref="6448178333" /><tag k="highway" v="footway" /><tag k="oneway" v="no" /></way><way id="1785" timestamp="2026-04-01T17:08:12Z" uid="1" user="OSMnx" version="1" changeset="1"><nd ref="6448206625" /><nd ref="6448206624" /><tag k="highway" v="footway" /><tag k="oneway" v="no" /></way><way id="1786" timestamp="2026-04-01T17:08:12Z" uid="1" user="OSMnx" version="1" changeset="1"><nd ref="6448207506" /><nd ref="6448207507" /><tag k="highway" v="service" /><tag k="oneway" v="no" /></way><way id="1787" timestamp="2026-04-01T17:08:12Z" uid="1" user="OSMnx" version="1" changeset="1"><nd ref="6448207507" /><nd ref="8809676432" /><tag k="highway" v="footway" /><tag k="oneway" v="no" /></way><way id="1788" timestamp="2026-04-01T17:08:12Z" uid="1" user="OSMnx" version="1" changeset="1"><nd ref="6448207507" /><nd ref="4710638788" /><tag k="highway" v="service" /><tag k="oneway" v="no" /></way><way id="1789" timestamp="2026-04-01T17:08:12Z" uid="1" user="OSMnx" version="1" changeset="1"><nd ref="6448207507" /><nd ref="6448207506" /><tag k="highway" v="service" /><tag k="oneway" v="no" /></way><way id="1790" timestamp="2026-04-01T17:08:12Z" uid="1" user="OSMnx" version="1" changeset="1"><nd ref="6448207517" /><nd ref="6448207518" /><tag k="highway" v="service" /><tag k="oneway" v="no" /></way><way id="1791" timestamp="2026-04-01T17:08:12Z" uid="1" user="OSMnx" version="1" changeset="1"><nd ref="6448207518" /><nd ref="6448207517" /><tag k="highway" v="service" /><tag k="oneway" v="no" /></way><way id="1792" timestamp="2026-04-01T17:08:12Z" uid="1" user="OSMnx" version="1" changeset="1"><nd ref="6448207518" /><nd ref="4710638788" /><tag k="highway" v="service" /><tag k="oneway" v="no" /></way><way id="1793" timestamp="2026-04-01T17:08:12Z" uid="1" user="OSMnx" version="1" changeset="1"><nd ref="6448366281" /><nd ref="6448029331" /><tag k="highway" v="service" /><tag k="oneway" v="no" /></way><way id="1794" timestamp="2026-04-01T17:08:12Z" uid="1" user="OSMnx" version="1" changeset="1"><nd ref="6448366281" /><nd ref="8809676366" /><tag k="highway" v="service" /><tag k="oneway" v="no" /></way><way id="1795" timestamp="2026-04-01T17:08:12Z" uid="1" user="OSMnx" version="1" changeset="1"><nd ref="6448366281" /><nd ref="8809676365" /><tag k="highway" v="footway" /><tag k="oneway" v="no" /></way><way id="1796" timestamp="2026-04-01T17:08:12Z" uid="1" user="OSMnx" version="1" changeset="1"><nd ref="6448366281" /><nd ref="8809676367" /><tag k="highway" v="footway" /><tag k="oneway" v="no" /></way><way id="1797" timestamp="2026-04-01T17:08:12Z" uid="1" user="OSMnx" version="1" changeset="1"><nd ref="6448366282" /><nd ref="8809676354" /><tag k="highway" v="service" /><tag k="oneway" v="no" /></way><way id="1798" timestamp="2026-04-01T17:08:12Z" uid="1" user="OSMnx" version="1" changeset="1"><nd ref="6448366282" /><nd ref="6448029332" /><tag k="highway" v="service" /><tag k="oneway" v="no" /></way><way id="1799" timestamp="2026-04-01T17:08:12Z" uid="1" user="OSMnx" version="1" changeset="1"><nd ref="6448366282" /><nd ref="8809676353" /><tag k="highway" v="footway" /><tag k="oneway" v="no" /></way><way id="1800" timestamp="2026-04-01T17:08:12Z" uid="1" user="OSMnx" version="1" changeset="1"><nd ref="6448366282" /><nd ref="8809676356" /><tag k="highway" v="footway" /><tag k="oneway" v="no" /></way><way id="1801" timestamp="2026-04-01T17:08:12Z" uid="1" user="OSMnx" version="1" changeset="1"><nd ref="6448366283" /><nd ref="4713696545" /><tag k="highway" v="footway" /><tag k="oneway" v="no" /></way><way id="1802" timestamp="2026-04-01T17:08:12Z" uid="1" user="OSMnx" version="1" changeset="1"><nd ref="6448366283" /><nd ref="8809676335" /><tag k="highway" v="footway" /><tag k="oneway" v="no" /></way><way id="1803" timestamp="2026-04-01T17:08:12Z" uid="1" user="OSMnx" version="1" changeset="1"><nd ref="6448366283" /><nd ref="6448366485" /><tag k="highway" v="footway" /><tag k="oneway" v="no" /></way><way id="1804" timestamp="2026-04-01T17:08:12Z" uid="1" user="OSMnx" version="1" changeset="1"><nd ref="6448366284" /><nd ref="6448366493" /><tag k="highway" v="footway" /><tag k="oneway" v="no" /></way><way id="1805" timestamp="2026-04-01T17:08:12Z" uid="1" user="OSMnx" version="1" changeset="1"><nd ref="6448366284" /><nd ref="6448366494" /><tag k="highway" v="footway" /><tag k="oneway" v="no" /></way><way id="1806" timestamp="2026-04-01T17:08:12Z" uid="1" user="OSMnx" version="1" changeset="1"><nd ref="6448366284" /><nd ref="8809676335" /><tag k="highway" v="footway" /><tag k="oneway" v="no" /></way><way id="1807" timestamp="2026-04-01T17:08:12Z" uid="1" user="OSMnx" version="1" changeset="1"><nd ref="6448366485" /><nd ref="6448366283" /><tag k="highway" v="footway" /><tag k="oneway" v="no" /></way><way id="1808" timestamp="2026-04-01T17:08:12Z" uid="1" user="OSMnx" version="1" changeset="1"><nd ref="6448366485" /><nd ref="8809676336" /><tag k="highway" v="footway" /><tag k="oneway" v="no" /></way><way id="1809" timestamp="2026-04-01T17:08:12Z" uid="1" user="OSMnx" version="1" changeset="1"><nd ref="6448366486" /><nd ref="8809676356" /><tag k="highway" v="footway" /><tag k="oneway" v="no" /></way><way id="1810" timestamp="2026-04-01T17:08:12Z" uid="1" user="OSMnx" version="1" changeset="1"><nd ref="6448366486" /><nd ref="6795671817" /><tag k="highway" v="footway" /><tag k="oneway" v="no" /></way><way id="1811" timestamp="2026-04-01T17:08:12Z" uid="1" user="OSMnx" version="1" changeset="1"><nd ref="6448366486" /><nd ref="8809676336" /><tag k="highway" v="footway" /><tag k="oneway" v="no" /></way><way id="1812" timestamp="2026-04-01T17:08:12Z" uid="1" user="OSMnx" version="1" changeset="1"><nd ref="6448366487" /><nd ref="10197645758" /><tag k="highway" v="footway" /><tag k="oneway" v="no" /></way><way id="1813" timestamp="2026-04-01T17:08:12Z" uid="1" user="OSMnx" version="1" changeset="1"><nd ref="6448366487" /><nd ref="6448034925" /><tag k="highway" v="footway" /><tag k="oneway" v="no" /></way><way id="1814" timestamp="2026-04-01T17:08:12Z" uid="1" user="OSMnx" version="1" changeset="1"><nd ref="6448366487" /><nd ref="10197645762" /><tag k="highway" v="footway" /><tag k="oneway" v="no" /></way><way id="1815" timestamp="2026-04-01T17:08:12Z" uid="1" user="OSMnx" version="1" changeset="1"><nd ref="6448366488" /><nd ref="6448366491" /><tag k="highway" v="footway" /><tag k="oneway" v="no" /></way><way id="1816" timestamp="2026-04-01T17:08:12Z" uid="1" user="OSMnx" version="1" changeset="1"><nd ref="6448366488" /><nd ref="6448366489" /><tag k="highway" v="footway" /><tag k="oneway" v="no" /></way><way id="1817" timestamp="2026-04-01T17:08:12Z" uid="1" user="OSMnx" version="1" changeset="1"><nd ref="6448366489" /><nd ref="6448366488" /><tag k="highway" v="footway" /><tag k="oneway" v="no" /></way><way id="1818" timestamp="2026-04-01T17:08:12Z" uid="1" user="OSMnx" version="1" changeset="1"><nd ref="6448366489" /><nd ref="6448366492" /><tag k="highway" v="footway" /><tag k="oneway" v="no" /></way><way id="1819" timestamp="2026-04-01T17:08:12Z" uid="1" user="OSMnx" version="1" changeset="1"><nd ref="6448366491" /><nd ref="6795671817" /><tag k="highway" v="footway" /><tag k="oneway" v="no" /></way><way id="1820" timestamp="2026-04-01T17:08:12Z" uid="1" user="OSMnx" version="1" changeset="1"><nd ref="6448366491" /><nd ref="6448366488" /><tag k="highway" v="footway" /><tag k="oneway" v="no" /></way><way id="1821" timestamp="2026-04-01T17:08:12Z" uid="1" user="OSMnx" version="1" changeset="1"><nd ref="6448366492" /><nd ref="6448366489" /><tag k="highway" v="footway" /><tag k="oneway" v="no" /></way><way id="1822" timestamp="2026-04-01T17:08:12Z" uid="1" user="OSMnx" version="1" changeset="1"><nd ref="6448366492" /><nd ref="6448366493" /><tag k="highway" v="footway" /><tag k="oneway" v="no" /></way><way id="1823" timestamp="2026-04-01T17:08:12Z" uid="1" user="OSMnx" version="1" changeset="1"><nd ref="6448366493" /><nd ref="6448366492" /><tag k="highway" v="footway" /><tag k="oneway" v="no" /></way><way id="1824" timestamp="2026-04-01T17:08:12Z" uid="1" user="OSMnx" version="1" changeset="1"><nd ref="6448366493" /><nd ref="6448366284" /><tag k="highway" v="footway" /><tag k="oneway" v="no" /></way><way id="1825" timestamp="2026-04-01T17:08:12Z" uid="1" user="OSMnx" version="1" changeset="1"><nd ref="6448366494" /><nd ref="6448366284" /><tag k="highway" v="footway" /><tag k="oneway" v="no" /></way><way id="1826" timestamp="2026-04-01T17:08:12Z" uid="1" user="OSMnx" version="1" changeset="1"><nd ref="6448366494" /><nd ref="10197645758" /><tag k="highway" v="footway" /><tag k="oneway" v="no" /></way><way id="1827" timestamp="2026-04-01T17:08:12Z" uid="1" user="OSMnx" version="1" changeset="1"><nd ref="6448666067" /><nd ref="733789295" /><tag k="highway" v="tertiary" /><tag k="lanes" v="2" /><tag k="name" v="南池子大街" /><tag k="oneway" v="no" /></way><way id="1828" timestamp="2026-04-01T17:08:12Z" uid="1" user="OSMnx" version="1" changeset="1"><nd ref="6448666067" /><nd ref="5810315259" /><tag k="highway" v="tertiary" /><tag k="lanes" v="2" /><tag k="name" v="南池子大街" /><tag k="oneway" v="no" /></way><way id="1829" timestamp="2026-04-01T17:08:12Z" uid="1" user="OSMnx" version="1" changeset="1"><nd ref="6448666076" /><nd ref="733789032" /><tag k="highway" v="tertiary" /><tag k="lanes" v="2" /><tag k="name" v="南池子大街" /><tag k="oneway" v="no" /></way><way id="1830" timestamp="2026-04-01T17:08:12Z" uid="1" user="OSMnx" version="1" changeset="1"><nd ref="6448666076" /><nd ref="733789295" /><tag k="highway" v="tertiary" /><tag k="lanes" v="2" /><tag k="name" v="南池子大街" /><tag k="oneway" v="no" /></way><way id="1831" timestamp="2026-04-01T17:08:12Z" uid="1" user="OSMnx" version="1" changeset="1"><nd ref="6448670153" /><nd ref="6421450354" /><tag k="highway" v="footway" /><tag k="oneway" v="no" /></way><way id="1832" timestamp="2026-04-01T17:08:12Z" uid="1" user="OSMnx" version="1" changeset="1"><nd ref="6448670153" /><nd ref="6421450355" /><tag k="highway" v="footway" /><tag k="oneway" v="no" /></way><way id="1833" timestamp="2026-04-01T17:08:12Z" uid="1" user="OSMnx" version="1" changeset="1"><nd ref="6448670154" /><nd ref="6421637781" /><tag k="highway" v="footway" /><tag k="oneway" v="no" /></way><way id="1834" timestamp="2026-04-01T17:08:12Z" uid="1" user="OSMnx" version="1" changeset="1"><nd ref="6448670154" /><nd ref="6448670169" /><tag k="highway" v="footway" /><tag k="oneway" v="no" /></way><way id="1835" timestamp="2026-04-01T17:08:12Z" uid="1" user="OSMnx" version="1" changeset="1"><nd ref="6448670154" /><nd ref="6448670170" /><tag k="highway" v="footway" /><tag k="oneway" v="no" /></way><way id="1836" timestamp="2026-04-01T17:08:12Z" uid="1" user="OSMnx" version="1" changeset="1"><nd ref="6448670155" /><nd ref="6421450358" /><tag k="highway" v="footway" /><tag k="oneway" v="no" /></way><way id="1837" timestamp="2026-04-01T17:08:12Z" uid="1" user="OSMnx" version="1" changeset="1"><nd ref="6448670155" /><nd ref="6421450359" /><tag k="highway" v="footway" /><tag k="oneway" v="no" /></way><way id="1838" timestamp="2026-04-01T17:08:12Z" uid="1" user="OSMnx" version="1" changeset="1"><nd ref="6448670155" /><nd ref="6448670156" /><tag k="highway" v="footway" /><tag k="oneway" v="no" /></way><way id="1839" timestamp="2026-04-01T17:08:12Z" uid="1" user="OSMnx" version="1" changeset="1"><nd ref="6448670156" /><nd ref="6448670155" /><tag k="highway" v="footway" /><tag k="oneway" v="no" /></way><way id="1840" timestamp="2026-04-01T17:08:12Z" uid="1" user="OSMnx" version="1" changeset="1"><nd ref="6448670156" /><nd ref="6448670172" /><tag k="highway" v="footway" /><tag k="oneway" v="no" /></way><way id="1841" timestamp="2026-04-01T17:08:12Z" uid="1" user="OSMnx" version="1" changeset="1"><nd ref="6448670156" /><nd ref="6448670161" /><tag k="highway" v="footway" /><tag k="oneway" v="no" /></way><way id="1842" timestamp="2026-04-01T17:08:12Z" uid="1" user="OSMnx" version="1" changeset="1"><nd ref="6448670157" /><nd ref="6421450359" /><tag k="highway" v="footway" /><tag k="oneway" v="no" /></way><way id="1843" timestamp="2026-04-01T17:08:12Z" uid="1" user="OSMnx" version="1" changeset="1"><nd ref="6448670157" /><nd ref="6448670158" /><tag k="highway" v="footway" /><tag k="oneway" v="no" /></way><way id="1844" timestamp="2026-04-01T17:08:12Z" uid="1" user="OSMnx" version="1" changeset="1"><nd ref="6448670158" /><nd ref="6448670157" /><tag k="highway" v="footway" /><tag k="oneway" v="no" /></way><way id="1845" timestamp="2026-04-01T17:08:12Z" uid="1" user="OSMnx" version="1" changeset="1"><nd ref="6448670158" /><nd ref="6421637785" /><tag k="highway" v="footway" /><tag k="oneway" v="no" /></way><way id="1846" timestamp="2026-04-01T17:08:12Z" uid="1" user="OSMnx" version="1" changeset="1"><nd ref="6448670159" /><nd ref="6448670160" /><tag k="highway" v="footway" /><tag k="oneway" v="no" /></way><way id="1847" timestamp="2026-04-01T17:08:12Z" uid="1" user="OSMnx" version="1" changeset="1"><nd ref="6448670159" /><nd ref="6421637785" /><tag k="highway" v="footway" /><tag k="oneway" v="no" /></way><way id="1848" timestamp="2026-04-01T17:08:12Z" uid="1" user="OSMnx" version="1" changeset="1"><nd ref="6448670160" /><nd ref="6448670161" /><tag k="highway" v="footway" /><tag k="oneway" v="no" /></way><way id="1849" timestamp="2026-04-01T17:08:12Z" uid="1" user="OSMnx" version="1" changeset="1"><nd ref="6448670160" /><nd ref="6448670159" /><tag k="highway" v="footway" /><tag k="oneway" v="no" /></way><way id="1850" timestamp="2026-04-01T17:08:12Z" uid="1" user="OSMnx" version="1" changeset="1"><nd ref="6448670161" /><nd ref="6448670156" /><tag k="highway" v="footway" /><tag k="oneway" v="no" /></way><way id="1851" timestamp="2026-04-01T17:08:12Z" uid="1" user="OSMnx" version="1" changeset="1"><nd ref="6448670161" /><nd ref="6448670160" /><tag k="highway" v="footway" /><tag k="oneway" v="no" /></way><way id="1852" timestamp="2026-04-01T17:08:12Z" uid="1" user="OSMnx" version="1" changeset="1"><nd ref="6448670162" /><nd ref="6448670163" /><tag k="highway" v="footway" /><tag k="oneway" v="no" /></way><way id="1853" timestamp="2026-04-01T17:08:12Z" uid="1" user="OSMnx" version="1" changeset="1"><nd ref="6448670163" /><nd ref="6448670162" /><tag k="highway" v="footway" /><tag k="oneway" v="no" /></way><way id="1854" timestamp="2026-04-01T17:08:12Z" uid="1" user="OSMnx" version="1" changeset="1"><nd ref="6448670163" /><nd ref="6448670164" /><tag k="highway" v="footway" /><tag k="oneway" v="no" /></way><way id="1855" timestamp="2026-04-01T17:08:12Z" uid="1" user="OSMnx" version="1" changeset="1"><nd ref="6448670164" /><nd ref="6448670163" /><tag k="highway" v="footway" /><tag k="oneway" v="no" /></way><way id="1856" timestamp="2026-04-01T17:08:12Z" uid="1" user="OSMnx" version="1" changeset="1"><nd ref="6448670164" /><nd ref="6448670165" /><tag k="highway" v="footway" /><tag k="oneway" v="no" /></way><way id="1857" timestamp="2026-04-01T17:08:12Z" uid="1" user="OSMnx" version="1" changeset="1"><nd ref="6448670165" /><nd ref="6448670164" /><tag k="highway" v="footway" /><tag k="oneway" v="no" /></way><way id="1858" timestamp="2026-04-01T17:08:12Z" uid="1" user="OSMnx" version="1" changeset="1"><nd ref="6448670165" /><nd ref="6448670166" /><tag k="highway" v="footway" /><tag k="oneway" v="no" /></way><way id="1859" timestamp="2026-04-01T17:08:12Z" uid="1" user="OSMnx" version="1" changeset="1"><nd ref="6448670166" /><nd ref="6448670165" /><tag k="highway" v="footway" /><tag k="oneway" v="no" /></way><way id="1860" timestamp="2026-04-01T17:08:12Z" uid="1" user="OSMnx" version="1" changeset="1"><nd ref="6448670166" /><nd ref="6448670167" /><tag k="highway" v="footway" /><tag k="oneway" v="no" /></way><way id="1861" timestamp="2026-04-01T17:08:12Z" uid="1" user="OSMnx" version="1" changeset="1"><nd ref="6448670167" /><nd ref="6448670166" /><tag k="highway" v="footway" /><tag k="oneway" v="no" /></way><way id="1862" timestamp="2026-04-01T17:08:12Z" uid="1" user="OSMnx" version="1" changeset="1"><nd ref="6448670167" /><nd ref="6448670168" /><tag k="highway" v="footway" /><tag k="oneway" v="no" /></way><way id="1863" timestamp="2026-04-01T17:08:12Z" uid="1" user="OSMnx" version="1" changeset="1"><nd ref="6448670168" /><nd ref="6448670167" /><tag k="highway" v="footway" /><tag k="oneway" v="no" /></way><way id="1864" timestamp="2026-04-01T17:08:12Z" uid="1" user="OSMnx" version="1" changeset="1"><nd ref="6448670168" /><nd ref="6448670169" /><tag k="highway" v="footway" /><tag k="oneway" v="no" /></way><way id="1865" timestamp="2026-04-01T17:08:12Z" uid="1" user="OSMnx" version="1" changeset="1"><nd ref="6448670169" /><nd ref="6448670168" /><tag k="highway" v="footway" /><tag k="oneway" v="no" /></way><way id="1866" timestamp="2026-04-01T17:08:12Z" uid="1" user="OSMnx" version="1" changeset="1"><nd ref="6448670169" /><nd ref="6448670154" /><tag k="highway" v="footway" /><tag k="oneway" v="no" /></way><way id="1867" timestamp="2026-04-01T17:08:12Z" uid="1" user="OSMnx" version="1" changeset="1"><nd ref="6448670170" /><nd ref="6448670154" /><tag k="highway" v="footway" /><tag k="oneway" v="no" /></way><way id="1868" timestamp="2026-04-01T17:08:12Z" uid="1" user="OSMnx" version="1" changeset="1"><nd ref="6448670170" /><nd ref="6448670171" /><tag k="highway" v="footway" /><tag k="oneway" v="no" /></way><way id="1869" timestamp="2026-04-01T17:08:12Z" uid="1" user="OSMnx" version="1" changeset="1"><nd ref="6448670171" /><nd ref="6448670170" /><tag k="highway" v="footway" /><tag k="oneway" v="no" /></way><way id="1870" timestamp="2026-04-01T17:08:12Z" uid="1" user="OSMnx" version="1" changeset="1"><nd ref="6448670171" /><nd ref="6448670172" /><tag k="highway" v="footway" /><tag k="oneway" v="no" /></way><way id="1871" timestamp="2026-04-01T17:08:12Z" uid="1" user="OSMnx" version="1" changeset="1"><nd ref="6448670172" /><nd ref="6448670171" /><tag k="highway" v="footway" /><tag k="oneway" v="no" /></way><way id="1872" timestamp="2026-04-01T17:08:12Z" uid="1" user="OSMnx" version="1" changeset="1"><nd ref="6448670172" /><nd ref="6448670156" /><tag k="highway" v="footway" /><tag k="oneway" v="no" /></way><way id="1873" timestamp="2026-04-01T17:08:12Z" uid="1" user="OSMnx" version="1" changeset="1"><nd ref="6650358680" /><nd ref="6650358679" /><tag k="highway" v="cycleway" /><tag k="oneway" v="yes" /></way><way id="1874" timestamp="2026-04-01T17:08:12Z" uid="1" user="OSMnx" version="1" changeset="1"><nd ref="6650358681" /><nd ref="6650358680" /><tag k="highway" v="cycleway" /><tag k="oneway" v="yes" /></way><way id="1875" timestamp="2026-04-01T17:08:12Z" uid="1" user="OSMnx" version="1" changeset="1"><nd ref="6650358681" /><nd ref="9063921186" /><tag k="highway" v="secondary" /><tag k="oneway" v="yes" /></way><way id="1876" timestamp="2026-04-01T17:08:12Z" uid="1" user="OSMnx" version="1" changeset="1"><nd ref="6650358682" /><nd ref="6650358681" /><tag k="highway" v="cycleway" /><tag k="oneway" v="yes" /></way><way id="1877" timestamp="2026-04-01T17:08:12Z" uid="1" user="OSMnx" version="1" changeset="1"><nd ref="6650358683" /><nd ref="6650358682" /><tag k="highway" v="cycleway" /><tag k="oneway" v="yes" /></way><way id="1878" timestamp="2026-04-01T17:08:12Z" uid="1" user="OSMnx" version="1" changeset="1"><nd ref="6650358684" /><nd ref="6009696479" /><tag k="highway" v="secondary" /><tag k="name" v="广场西侧路" /><tag k="oneway" v="yes" /></way><way id="1879" timestamp="2026-04-01T17:08:12Z" uid="1" user="OSMnx" version="1" changeset="1"><nd ref="6650358684" /><nd ref="6650358683" /><tag k="highway" v="cycleway" /><tag k="oneway" v="yes" /></way><way id="1880" timestamp="2026-04-01T17:08:12Z" uid="1" user="OSMnx" version="1" changeset="1"><nd ref="6650368129" /><nd ref="9782405962" /><tag k="highway" v="cycleway" /><tag k="oneway" v="yes" /></way><way id="1881" timestamp="2026-04-01T17:08:12Z" uid="1" user="OSMnx" version="1" changeset="1"><nd ref="6650368130" /><nd ref="6650368129" /><tag k="highway" v="cycleway" /><tag k="oneway" v="yes" /></way><way id="1882" timestamp="2026-04-01T17:08:12Z" uid="1" user="OSMnx" version="1" changeset="1"><nd ref="6650368131" /><nd ref="6650368130" /><tag k="highway" v="cycleway" /><tag k="oneway" v="yes" /></way><way id="1883" timestamp="2026-04-01T17:08:12Z" uid="1" user="OSMnx" version="1" changeset="1"><nd ref="6650368132" /><nd ref="6650368131" /><tag k="highway" v="cycleway" /><tag k="oneway" v="yes" /></way><way id="1884" timestamp="2026-04-01T17:08:12Z" uid="1" user="OSMnx" version="1" changeset="1"><nd ref="6650368133" /><nd ref="6650368132" /><tag k="highway" v="cycleway" /><tag k="oneway" v="yes" /></way><way id="1885" timestamp="2026-04-01T17:08:12Z" uid="1" user="OSMnx" version="1" changeset="1"><nd ref="6650390985" /><nd ref="8809676354" /><tag k="highway" v="service" /><tag k="oneway" v="no" /></way><way id="1886" timestamp="2026-04-01T17:08:12Z" uid="1" user="OSMnx" version="1" changeset="1"><nd ref="6650390985" /><nd ref="6650358684" /><tag k="highway" v="cycleway" /><tag k="oneway" v="yes" /></way><way id="1887" timestamp="2026-04-01T17:08:12Z" uid="1" user="OSMnx" version="1" changeset="1"><nd ref="6650390986" /><nd ref="8809676366" /><tag k="highway" v="service" /><tag k="oneway" v="no" /></way><way id="1888" timestamp="2026-04-01T17:08:12Z" uid="1" user="OSMnx" version="1" changeset="1"><nd ref="6650390986" /><nd ref="4718004200" /><tag k="highway" v="service" /><tag k="oneway" v="no" /></way><way id="1889" timestamp="2026-04-01T17:08:12Z" uid="1" user="OSMnx" version="1" changeset="1"><nd ref="6650390986" /><nd ref="6650390985" /><tag k="highway" v="cycleway" /><tag k="oneway" v="yes" /></way><way id="1890" timestamp="2026-04-01T17:08:12Z" uid="1" user="OSMnx" version="1" changeset="1"><nd ref="6795671786" /><nd ref="6448029335" /><tag k="highway" v="footway" /><tag k="oneway" v="no" /></way><way id="1891" timestamp="2026-04-01T17:08:12Z" uid="1" user="OSMnx" version="1" changeset="1"><nd ref="6795671786" /><nd ref="6795671796" /><tag k="highway" v="footway" /><tag k="oneway" v="no" /></way><way id="1892" timestamp="2026-04-01T17:08:12Z" uid="1" user="OSMnx" version="1" changeset="1"><nd ref="6795671796" /><nd ref="6795671786" /><tag k="highway" v="footway" /><tag k="oneway" v="no" /></way><way id="1893" timestamp="2026-04-01T17:08:12Z" uid="1" user="OSMnx" version="1" changeset="1"><nd ref="6795671796" /><nd ref="4713696544" /><tag k="highway" v="footway" /><tag k="oneway" v="no" /></way><way id="1894" timestamp="2026-04-01T17:08:12Z" uid="1" user="OSMnx" version="1" changeset="1"><nd ref="6795671817" /><nd ref="6448366486" /><tag k="highway" v="footway" /><tag k="oneway" v="no" /></way><way id="1895" timestamp="2026-04-01T17:08:12Z" uid="1" user="OSMnx" version="1" changeset="1"><nd ref="6795671817" /><nd ref="6448366491" /><tag k="highway" v="footway" /><tag k="oneway" v="no" /></way><way id="1896" timestamp="2026-04-01T17:08:12Z" uid="1" user="OSMnx" version="1" changeset="1"><nd ref="8379444185" /><nd ref="6009694939" /><tag k="highway" v="footway" /><tag k="oneway" v="no" /></way><way id="1897" timestamp="2026-04-01T17:08:12Z" uid="1" user="OSMnx" version="1" changeset="1"><nd ref="8379444185" /><nd ref="6012797574" /><tag k="highway" v="footway" /><tag k="oneway" v="no" /></way><way id="1898" timestamp="2026-04-01T17:08:12Z" uid="1" user="OSMnx" version="1" changeset="1"><nd ref="8382430321" /><nd ref="77750691" /><tag k="highway" v="service" /><tag k="name" v="故宫东门外" /><tag k="oneway" v="no" /></way><way id="1899" timestamp="2026-04-01T17:08:12Z" uid="1" user="OSMnx" version="1" changeset="1"><nd ref="8382430324" /><nd ref="260329792" /><tag k="highway" v="service" /><tag k="name" v="故宫西门外" /><tag k="oneway" v="no" /></way><way id="1900" timestamp="2026-04-01T17:08:12Z" uid="1" user="OSMnx" version="1" changeset="1"><nd ref="8382430324" /><nd ref="4723539996" /><tag k="highway" v="service" /><tag k="name" v="故宫西门外" /><tag k="oneway" v="no" /></way><way id="1901" timestamp="2026-04-01T17:08:12Z" uid="1" user="OSMnx" version="1" changeset="1"><nd ref="8382430325" /><nd ref="8382430326" /><tag k="highway" v="service" /><tag k="name" v="故宫西门外" /><tag k="oneway" v="no" /></way><way id="1902" timestamp="2026-04-01T17:08:12Z" uid="1" user="OSMnx" version="1" changeset="1"><nd ref="8382430325" /><nd ref="260329792" /><tag k="highway" v="service" /><tag k="name" v="故宫西门外" /><tag k="oneway" v="no" /></way><way id="1903" timestamp="2026-04-01T17:08:12Z" uid="1" user="OSMnx" version="1" changeset="1"><nd ref="8382430326" /><nd ref="534448153" /><tag k="highway" v="service" /><tag k="name" v="故宫西门外" /><tag k="oneway" v="no" /></way><way id="1904" timestamp="2026-04-01T17:08:12Z" uid="1" user="OSMnx" version="1" changeset="1"><nd ref="8382430326" /><nd ref="8382430325" /><tag k="highway" v="service" /><tag k="name" v="故宫西门外" /><tag k="oneway" v="no" /></way><way id="1905" timestamp="2026-04-01T17:08:12Z" uid="1" user="OSMnx" version="1" changeset="1"><nd ref="8382430327" /><nd ref="486609202" /><tag k="highway" v="service" /><tag k="name" v="故宫西门外" /><tag k="oneway" v="no" /></way><way id="1906" timestamp="2026-04-01T17:08:12Z" uid="1" user="OSMnx" version="1" changeset="1"><nd ref="8382430327" /><nd ref="534448153" /><tag k="highway" v="service" /><tag k="name" v="故宫西门外" /><tag k="oneway" v="no" /></way><way id="1907" timestamp="2026-04-01T17:08:12Z" uid="1" user="OSMnx" version="1" changeset="1"><nd ref="8382430328" /><nd ref="486609202" /><tag k="highway" v="service" /><tag k="name" v="故宫西门外" /><tag k="oneway" v="no" /></way><way id="1908" timestamp="2026-04-01T17:08:12Z" uid="1" user="OSMnx" version="1" changeset="1"><nd ref="8742615451" /><nd ref="6421400619" /><tag k="highway" v="footway" /><tag k="oneway" v="no" /></way><way id="1909" timestamp="2026-04-01T17:08:12Z" uid="1" user="OSMnx" version="1" changeset="1"><nd ref="8742615451" /><nd ref="6421400620" /><tag k="highway" v="footway" /><tag k="oneway" v="no" /></way><way id="1910" timestamp="2026-04-01T17:08:12Z" uid="1" user="OSMnx" version="1" changeset="1"><nd ref="8742615451" /><nd ref="6421400623" /><tag k="highway" v="footway" /><tag k="oneway" v="no" /></way><way id="1911" timestamp="2026-04-01T17:08:12Z" uid="1" user="OSMnx" version="1" changeset="1"><nd ref="8742615451" /><nd ref="6421400610" /><tag k="highway" v="footway" /><tag k="oneway" v="no" /></way><way id="1912" timestamp="2026-04-01T17:08:12Z" uid="1" user="OSMnx" version="1" changeset="1"><nd ref="8742615452" /><nd ref="8742615453" /><tag k="highway" v="footway" /><tag k="oneway" v="no" /></way><way id="1913" timestamp="2026-04-01T17:08:12Z" uid="1" user="OSMnx" version="1" changeset="1"><nd ref="8742615453" /><nd ref="12387991233" /><tag k="highway" v="service" /><tag k="oneway" v="no" /></way><way id="1914" timestamp="2026-04-01T17:08:12Z" uid="1" user="OSMnx" version="1" changeset="1"><nd ref="8742615453" /><nd ref="8742615452" /><tag k="highway" v="footway" /><tag k="oneway" v="no" /></way><way id="1915" timestamp="2026-04-01T17:08:12Z" uid="1" user="OSMnx" version="1" changeset="1"><nd ref="8742615461" /><nd ref="6014883778" /><tag k="highway" v="footway" /><tag k="oneway" v="no" /></way><way id="1916" timestamp="2026-04-01T17:08:12Z" uid="1" user="OSMnx" version="1" changeset="1"><nd ref="8742615461" /><nd ref="6014886153" /><tag k="highway" v="footway" /><tag k="oneway" v="no" /></way><way id="1917" timestamp="2026-04-01T17:08:12Z" uid="1" user="OSMnx" version="1" changeset="1"><nd ref="8742615462" /><nd ref="6014886153" /><tag k="highway" v="footway" /><tag k="oneway" v="no" /></way><way id="1918" timestamp="2026-04-01T17:08:12Z" uid="1" user="OSMnx" version="1" changeset="1"><nd ref="8742615462" /><nd ref="6014886151" /><tag k="highway" v="footway" /><tag k="oneway" v="no" /></way><way id="1919" timestamp="2026-04-01T17:08:12Z" uid="1" user="OSMnx" version="1" changeset="1"><nd ref="8742615463" /><nd ref="6014883782" /><tag k="highway" v="footway" /><tag k="oneway" v="no" /></way><way id="1920" timestamp="2026-04-01T17:08:12Z" uid="1" user="OSMnx" version="1" changeset="1"><nd ref="8742615463" /><nd ref="6014887785" /><tag k="highway" v="footway" /><tag k="oneway" v="no" /></way><way id="1921" timestamp="2026-04-01T17:08:12Z" uid="1" user="OSMnx" version="1" changeset="1"><nd ref="8742615464" /><nd ref="6014883784" /><tag k="highway" v="footway" /><tag k="oneway" v="no" /></way><way id="1922" timestamp="2026-04-01T17:08:12Z" uid="1" user="OSMnx" version="1" changeset="1"><nd ref="8742615464" /><nd ref="6014883782" /><tag k="highway" v="footway" /><tag k="oneway" v="no" /></way><way id="1923" timestamp="2026-04-01T17:08:12Z" uid="1" user="OSMnx" version="1" changeset="1"><nd ref="8742615465" /><nd ref="1380342608" /><tag k="highway" v="footway" /><tag k="oneway" v="no" /></way><way id="1924" timestamp="2026-04-01T17:08:12Z" uid="1" user="OSMnx" version="1" changeset="1"><nd ref="8742615465" /><nd ref="6014883782" /><tag k="highway" v="footway" /><tag k="oneway" v="no" /></way><way id="1925" timestamp="2026-04-01T17:08:12Z" uid="1" user="OSMnx" version="1" changeset="1"><nd ref="8742615466" /><nd ref="1380342608" /><tag k="highway" v="service" /><tag k="name" v="故宫午门外" /><tag k="oneway" v="no" /></way><way id="1926" timestamp="2026-04-01T17:08:12Z" uid="1" user="OSMnx" version="1" changeset="1"><nd ref="8742615466" /><nd ref="4721335477" /><tag k="highway" v="service" /><tag k="name" v="故宫午门外" /><tag k="oneway" v="no" /></way><way id="1927" timestamp="2026-04-01T17:08:12Z" uid="1" user="OSMnx" version="1" changeset="1"><nd ref="8742615467" /><nd ref="4723539995" /><tag k="highway" v="service" /><tag k="name" v="故宫午门外" /><tag k="oneway" v="no" /></way><way id="1928" timestamp="2026-04-01T17:08:12Z" uid="1" user="OSMnx" version="1" changeset="1"><nd ref="8742615467" /><nd ref="1380342608" /><tag k="highway" v="service" /><tag k="name" v="故宫午门外" /><tag k="oneway" v="no" /></way><way id="1929" timestamp="2026-04-01T17:08:12Z" uid="1" user="OSMnx" version="1" changeset="1"><nd ref="8742615468" /><nd ref="6013337285" /><tag k="highway" v="footway" /><tag k="oneway" v="no" /></way><way id="1930" timestamp="2026-04-01T17:08:12Z" uid="1" user="OSMnx" version="1" changeset="1"><nd ref="8742615468" /><nd ref="8742615469" /><tag k="highway" v="footway" /><tag k="oneway" v="no" /></way><way id="1931" timestamp="2026-04-01T17:08:12Z" uid="1" user="OSMnx" version="1" changeset="1"><nd ref="8742615469" /><nd ref="8742615468" /><tag k="highway" v="footway" /><tag k="oneway" v="no" /></way><way id="1932" timestamp="2026-04-01T17:08:12Z" uid="1" user="OSMnx" version="1" changeset="1"><nd ref="8742615469" /><nd ref="1380342608" /><tag k="highway" v="footway" /><tag k="oneway" v="no" /></way><way id="1933" timestamp="2026-04-01T17:08:12Z" uid="1" user="OSMnx" version="1" changeset="1"><nd ref="8742615469" /><nd ref="8742615471" /><tag k="highway" v="footway" /><tag k="oneway" v="no" /></way><way id="1934" timestamp="2026-04-01T17:08:12Z" uid="1" user="OSMnx" version="1" changeset="1"><nd ref="8742615470" /><nd ref="6049100015" /><tag k="highway" v="footway" /><tag k="oneway" v="no" /></way><way id="1935" timestamp="2026-04-01T17:08:12Z" uid="1" user="OSMnx" version="1" changeset="1"><nd ref="8742615470" /><nd ref="8742615471" /><tag k="highway" v="footway" /><tag k="oneway" v="no" /></way><way id="1936" timestamp="2026-04-01T17:08:12Z" uid="1" user="OSMnx" version="1" changeset="1"><nd ref="8742615471" /><nd ref="8742615470" /><tag k="highway" v="footway" /><tag k="oneway" v="no" /></way><way id="1937" timestamp="2026-04-01T17:08:12Z" uid="1" user="OSMnx" version="1" changeset="1"><nd ref="8742615471" /><nd ref="8742615469" /><tag k="highway" v="footway" /><tag k="oneway" v="no" /></way><way id="1938" timestamp="2026-04-01T17:08:12Z" uid="1" user="OSMnx" version="1" changeset="1"><nd ref="8742615472" /><nd ref="8742615474" /><tag k="highway" v="footway" /><tag k="oneway" v="no" /></way><way id="1939" timestamp="2026-04-01T17:08:12Z" uid="1" user="OSMnx" version="1" changeset="1"><nd ref="8742615472" /><nd ref="6419498185" /><tag k="highway" v="footway" /><tag k="oneway" v="no" /></way><way id="1940" timestamp="2026-04-01T17:08:12Z" uid="1" user="OSMnx" version="1" changeset="1"><nd ref="8742615473" /><nd ref="8742615474" /><tag k="highway" v="footway" /><tag k="oneway" v="no" /></way><way id="1941" timestamp="2026-04-01T17:08:12Z" uid="1" user="OSMnx" version="1" changeset="1"><nd ref="8742615474" /><nd ref="8742615473" /><tag k="highway" v="footway" /><tag k="oneway" v="no" /></way><way id="1942" timestamp="2026-04-01T17:08:12Z" uid="1" user="OSMnx" version="1" changeset="1"><nd ref="8742615474" /><nd ref="8742615472" /><tag k="highway" v="footway" /><tag k="oneway" v="no" /></way><way id="1943" timestamp="2026-04-01T17:08:12Z" uid="1" user="OSMnx" version="1" changeset="1"><nd ref="8809675605" /><nd ref="6013409817" /><tag k="highway" v="footway" /><tag k="oneway" v="no" /></way><way id="1944" timestamp="2026-04-01T17:08:12Z" uid="1" user="OSMnx" version="1" changeset="1"><nd ref="8809675605" /><nd ref="6013408869" /><tag k="highway" v="footway" /><tag k="oneway" v="no" /></way><way id="1945" timestamp="2026-04-01T17:08:12Z" uid="1" user="OSMnx" version="1" changeset="1"><nd ref="8809675606" /><nd ref="6013898974" /><tag k="highway" v="footway" /><tag k="oneway" v="no" /></way><way id="1946" timestamp="2026-04-01T17:08:12Z" uid="1" user="OSMnx" version="1" changeset="1"><nd ref="8809675606" /><nd ref="6013409817" /><tag k="highway" v="footway" /><tag k="oneway" v="no" /></way><way id="1947" timestamp="2026-04-01T17:08:12Z" uid="1" user="OSMnx" version="1" changeset="1"><nd ref="8809675606" /><nd ref="12587139930" /><tag k="highway" v="footway" /><tag k="oneway" v="yes" /></way><way id="1948" timestamp="2026-04-01T17:08:12Z" uid="1" user="OSMnx" version="1" changeset="1"><nd ref="8809675607" /><nd ref="6015099369" /><tag k="highway" v="footway" /><tag k="oneway" v="no" /></way><way id="1949" timestamp="2026-04-01T17:08:12Z" uid="1" user="OSMnx" version="1" changeset="1"><nd ref="8809675607" /><nd ref="6015099371" /><tag k="highway" v="footway" /><tag k="oneway" v="no" /></way><way id="1950" timestamp="2026-04-01T17:08:12Z" uid="1" user="OSMnx" version="1" changeset="1"><nd ref="8809676335" /><nd ref="6448366284" /><tag k="highway" v="footway" /><tag k="oneway" v="no" /></way><way id="1951" timestamp="2026-04-01T17:08:12Z" uid="1" user="OSMnx" version="1" changeset="1"><nd ref="8809676335" /><nd ref="6448366283" /><tag k="highway" v="footway" /><tag k="oneway" v="no" /></way><way id="1952" timestamp="2026-04-01T17:08:12Z" uid="1" user="OSMnx" version="1" changeset="1"><nd ref="8809676336" /><nd ref="6448366485" /><tag k="highway" v="footway" /><tag k="oneway" v="no" /></way><way id="1953" timestamp="2026-04-01T17:08:12Z" uid="1" user="OSMnx" version="1" changeset="1"><nd ref="8809676336" /><nd ref="6448366486" /><tag k="highway" v="footway" /><tag k="oneway" v="no" /></way><way id="1954" timestamp="2026-04-01T17:08:12Z" uid="1" user="OSMnx" version="1" changeset="1"><nd ref="8809676340" /><nd ref="6448029331" /><tag k="highway" v="footway" /><tag k="oneway" v="no" /></way><way id="1955" timestamp="2026-04-01T17:08:12Z" uid="1" user="OSMnx" version="1" changeset="1"><nd ref="8809676341" /><nd ref="6448029331" /><tag k="highway" v="footway" /><tag k="oneway" v="no" /></way><way id="1956" timestamp="2026-04-01T17:08:12Z" uid="1" user="OSMnx" version="1" changeset="1"><nd ref="8809676341" /><nd ref="8809676342" /><tag k="highway" v="footway" /><tag k="oneway" v="no" /></way><way id="1957" timestamp="2026-04-01T17:08:12Z" uid="1" user="OSMnx" version="1" changeset="1"><nd ref="8809676342" /><nd ref="8809676341" /><tag k="highway" v="footway" /><tag k="oneway" v="no" /></way><way id="1958" timestamp="2026-04-01T17:08:12Z" uid="1" user="OSMnx" version="1" changeset="1"><nd ref="8809676342" /><nd ref="6448029332" /><tag k="highway" v="footway" /><tag k="oneway" v="no" /></way><way id="1959" timestamp="2026-04-01T17:08:12Z" uid="1" user="OSMnx" version="1" changeset="1"><nd ref="8809676344" /><nd ref="6448022213" /><tag k="highway" v="footway" /><tag k="oneway" v="no" /></way><way id="1960" timestamp="2026-04-01T17:08:12Z" uid="1" user="OSMnx" version="1" changeset="1"><nd ref="8809676346" /><nd ref="6448022260" /><tag k="highway" v="footway" /><tag k="oneway" v="no" /></way><way id="1961" timestamp="2026-04-01T17:08:12Z" uid="1" user="OSMnx" version="1" changeset="1"><nd ref="8809676346" /><nd ref="6448029340" /><tag k="highway" v="footway" /><tag k="oneway" v="no" /></way><way id="1962" timestamp="2026-04-01T17:08:12Z" uid="1" user="OSMnx" version="1" changeset="1"><nd ref="8809676347" /><nd ref="6448022212" /><tag k="highway" v="footway" /><tag k="oneway" v="no" /></way><way id="1963" timestamp="2026-04-01T17:08:12Z" uid="1" user="OSMnx" version="1" changeset="1"><nd ref="8809676347" /><nd ref="6448022213" /><tag k="highway" v="footway" /><tag k="oneway" v="no" /></way><way id="1964" timestamp="2026-04-01T17:08:12Z" uid="1" user="OSMnx" version="1" changeset="1"><nd ref="8809676353" /><nd ref="8809676367" /><tag k="highway" v="footway" /><tag k="oneway" v="no" /></way><way id="1965" timestamp="2026-04-01T17:08:12Z" uid="1" user="OSMnx" version="1" changeset="1"><nd ref="8809676353" /><nd ref="6448366282" /><tag k="highway" v="footway" /><tag k="oneway" v="no" /></way><way id="1966" timestamp="2026-04-01T17:08:12Z" uid="1" user="OSMnx" version="1" changeset="1"><nd ref="8809676354" /><nd ref="6650390985" /><tag k="highway" v="service" /><tag k="oneway" v="no" /></way><way id="1967" timestamp="2026-04-01T17:08:12Z" uid="1" user="OSMnx" version="1" changeset="1"><nd ref="8809676354" /><nd ref="6448366282" /><tag k="highway" v="service" /><tag k="oneway" v="no" /></way><way id="1968" timestamp="2026-04-01T17:08:12Z" uid="1" user="OSMnx" version="1" changeset="1"><nd ref="8809676355" /><nd ref="6448029332" /><tag k="highway" v="service" /><tag k="oneway" v="no" /></way><way id="1969" timestamp="2026-04-01T17:08:12Z" uid="1" user="OSMnx" version="1" changeset="1"><nd ref="8809676355" /><nd ref="4718004194" /><tag k="highway" v="service" /><tag k="oneway" v="no" /></way><way id="1970" timestamp="2026-04-01T17:08:12Z" uid="1" user="OSMnx" version="1" changeset="1"><nd ref="8809676356" /><nd ref="6448366282" /><tag k="highway" v="footway" /><tag k="oneway" v="no" /></way><way id="1971" timestamp="2026-04-01T17:08:12Z" uid="1" user="OSMnx" version="1" changeset="1"><nd ref="8809676356" /><nd ref="6448366486" /><tag k="highway" v="footway" /><tag k="oneway" v="no" /></way><way id="1972" timestamp="2026-04-01T17:08:12Z" uid="1" user="OSMnx" version="1" changeset="1"><nd ref="8809676357" /><nd ref="6448029335" /><tag k="highway" v="footway" /><tag k="oneway" v="no" /></way><way id="1973" timestamp="2026-04-01T17:08:12Z" uid="1" user="OSMnx" version="1" changeset="1"><nd ref="8809676357" /><nd ref="6448022260" /><tag k="highway" v="footway" /><tag k="oneway" v="no" /></way><way id="1974" timestamp="2026-04-01T17:08:12Z" uid="1" user="OSMnx" version="1" changeset="1"><nd ref="8809676358" /><nd ref="4713696545" /><tag k="highway" v="steps" /><tag k="oneway" v="no" /></way><way id="1975" timestamp="2026-04-01T17:08:12Z" uid="1" user="OSMnx" version="1" changeset="1"><nd ref="8809676358" /><nd ref="4710347262" /><tag k="highway" v="steps" /><tag k="oneway" v="no" /></way><way id="1976" timestamp="2026-04-01T17:08:12Z" uid="1" user="OSMnx" version="1" changeset="1"><nd ref="8809676360" /><nd ref="4718004199" /><tag k="highway" v="service" /><tag k="oneway" v="no" /></way><way id="1977" timestamp="2026-04-01T17:08:12Z" uid="1" user="OSMnx" version="1" changeset="1"><nd ref="8809676360" /><nd ref="6448029331" /><tag k="highway" v="service" /><tag k="oneway" v="no" /></way><way id="1978" timestamp="2026-04-01T17:08:12Z" uid="1" user="OSMnx" version="1" changeset="1"><nd ref="8809676365" /><nd ref="6448366281" /><tag k="highway" v="footway" /><tag k="oneway" v="no" /></way><way id="1979" timestamp="2026-04-01T17:08:12Z" uid="1" user="OSMnx" version="1" changeset="1"><nd ref="8809676366" /><nd ref="6448366281" /><tag k="highway" v="service" /><tag k="oneway" v="no" /></way><way id="1980" timestamp="2026-04-01T17:08:12Z" uid="1" user="OSMnx" version="1" changeset="1"><nd ref="8809676366" /><nd ref="6650390986" /><tag k="highway" v="service" /><tag k="oneway" v="no" /></way><way id="1981" timestamp="2026-04-01T17:08:12Z" uid="1" user="OSMnx" version="1" changeset="1"><nd ref="8809676367" /><nd ref="6448366281" /><tag k="highway" v="footway" /><tag k="oneway" v="no" /></way><way id="1982" timestamp="2026-04-01T17:08:12Z" uid="1" user="OSMnx" version="1" changeset="1"><nd ref="8809676367" /><nd ref="8809676353" /><tag k="highway" v="footway" /><tag k="oneway" v="no" /></way><way id="1983" timestamp="2026-04-01T17:08:12Z" uid="1" user="OSMnx" version="1" changeset="1"><nd ref="8809676423" /><nd ref="6418822000" /><tag k="highway" v="footway" /><tag k="oneway" v="no" /></way><way id="1984" timestamp="2026-04-01T17:08:12Z" uid="1" user="OSMnx" version="1" changeset="1"><nd ref="8809676423" /><nd ref="6447485387" /><tag k="highway" v="footway" /><tag k="oneway" v="no" /></way><way id="1985" timestamp="2026-04-01T17:08:12Z" uid="1" user="OSMnx" version="1" changeset="1"><nd ref="8809676424" /><nd ref="6447510352" /><tag k="highway" v="footway" /><tag k="oneway" v="no" /></way><way id="1986" timestamp="2026-04-01T17:08:12Z" uid="1" user="OSMnx" version="1" changeset="1"><nd ref="8809676424" /><nd ref="6418822011" /><tag k="highway" v="footway" /><tag k="oneway" v="no" /></way><way id="1987" timestamp="2026-04-01T17:08:12Z" uid="1" user="OSMnx" version="1" changeset="1"><nd ref="8809676425" /><nd ref="6447485414" /><tag k="highway" v="footway" /><tag k="oneway" v="no" /></way><way id="1988" timestamp="2026-04-01T17:08:12Z" uid="1" user="OSMnx" version="1" changeset="1"><nd ref="8809676425" /><nd ref="6447485417" /><tag k="highway" v="footway" /><tag k="oneway" v="no" /></way><way id="1989" timestamp="2026-04-01T17:08:12Z" uid="1" user="OSMnx" version="1" changeset="1"><nd ref="8809676426" /><nd ref="6447510357" /><tag k="highway" v="footway" /><tag k="oneway" v="no" /></way><way id="1990" timestamp="2026-04-01T17:08:12Z" uid="1" user="OSMnx" version="1" changeset="1"><nd ref="8809676426" /><nd ref="6447485416" /><tag k="highway" v="footway" /><tag k="oneway" v="no" /></way><way id="1991" timestamp="2026-04-01T17:08:12Z" uid="1" user="OSMnx" version="1" changeset="1"><nd ref="8809676427" /><nd ref="6447514604" /><tag k="highway" v="footway" /><tag k="oneway" v="no" /></way><way id="1992" timestamp="2026-04-01T17:08:12Z" uid="1" user="OSMnx" version="1" changeset="1"><nd ref="8809676427" /><nd ref="6418822005" /><tag k="highway" v="footway" /><tag k="oneway" v="no" /></way><way id="1993" timestamp="2026-04-01T17:08:12Z" uid="1" user="OSMnx" version="1" changeset="1"><nd ref="8809676428" /><nd ref="6447510354" /><tag k="highway" v="footway" /><tag k="oneway" v="no" /></way><way id="1994" timestamp="2026-04-01T17:08:12Z" uid="1" user="OSMnx" version="1" changeset="1"><nd ref="8809676428" /><nd ref="6447510355" /><tag k="highway" v="footway" /><tag k="oneway" v="no" /></way><way id="1995" timestamp="2026-04-01T17:08:12Z" uid="1" user="OSMnx" version="1" changeset="1"><nd ref="8809676429" /><nd ref="6447510328" /><tag k="highway" v="footway" /><tag k="oneway" v="no" /></way><way id="1996" timestamp="2026-04-01T17:08:12Z" uid="1" user="OSMnx" version="1" changeset="1"><nd ref="8809676429" /><nd ref="6418822009" /><tag k="highway" v="footway" /><tag k="oneway" v="no" /></way><way id="1997" timestamp="2026-04-01T17:08:12Z" uid="1" user="OSMnx" version="1" changeset="1"><nd ref="8809676430" /><nd ref="6445714317" /><tag k="highway" v="footway" /><tag k="oneway" v="no" /></way><way id="1998" timestamp="2026-04-01T17:08:12Z" uid="1" user="OSMnx" version="1" changeset="1"><nd ref="8809676430" /><nd ref="6418822009" /><tag k="highway" v="footway" /><tag k="oneway" v="no" /></way><way id="1999" timestamp="2026-04-01T17:08:12Z" uid="1" user="OSMnx" version="1" changeset="1"><nd ref="8809676431" /><nd ref="6447510356" /><tag k="highway" v="footway" /><tag k="oneway" v="no" /></way><way id="2000" timestamp="2026-04-01T17:08:12Z" uid="1" user="OSMnx" version="1" changeset="1"><nd ref="8809676431" /><nd ref="6447510357" /><tag k="highway" v="footway" /><tag k="oneway" v="no" /></way><way id="2001" timestamp="2026-04-01T17:08:12Z" uid="1" user="OSMnx" version="1" changeset="1"><nd ref="8809676432" /><nd ref="6448207507" /><tag k="highway" v="footway" /><tag k="oneway" v="no" /></way><way id="2002" timestamp="2026-04-01T17:08:12Z" uid="1" user="OSMnx" version="1" changeset="1"><nd ref="8809676432" /><nd ref="4710638889" /><tag k="highway" v="footway" /><tag k="oneway" v="no" /></way><way id="2003" timestamp="2026-04-01T17:08:12Z" uid="1" user="OSMnx" version="1" changeset="1"><nd ref="8809676433" /><nd ref="1687056659" /><tag k="highway" v="footway" /><tag k="oneway" v="no" /></way><way id="2004" timestamp="2026-04-01T17:08:12Z" uid="1" user="OSMnx" version="1" changeset="1"><nd ref="8809676433" /><nd ref="6448178332" /><tag k="highway" v="footway" /><tag k="oneway" v="no" /></way><way id="2005" timestamp="2026-04-01T17:08:12Z" uid="1" user="OSMnx" version="1" changeset="1"><nd ref="9034942210" /><nd ref="9296257992" /><tag k="highway" v="trunk" /><tag k="name" v="东长安街" /><tag k="oneway" v="yes" /></way><way id="2006" timestamp="2026-04-01T17:08:12Z" uid="1" user="OSMnx" version="1" changeset="1"><nd ref="9063921182" /><nd ref="9063921183" /><tag k="highway" v="secondary" /><tag k="oneway" v="yes" /></way><way id="2007" timestamp="2026-04-01T17:08:12Z" uid="1" user="OSMnx" version="1" changeset="1"><nd ref="9063921182" /><nd ref="9296257987" /><tag k="highway" v="trunk" /><tag k="lanes" v="5" /><tag k="maxspeed" v="70" /><tag k="name" v="西长安街" /><tag k="oneway" v="yes" /></way><way id="2008" timestamp="2026-04-01T17:08:12Z" uid="1" user="OSMnx" version="1" changeset="1"><nd ref="9063921183" /><nd ref="9296257988" /><tag k="highway" v="trunk" /><tag k="name" v="西长安街" /><tag k="oneway" v="yes" /></way><way id="2009" timestamp="2026-04-01T17:08:12Z" uid="1" user="OSMnx" version="1" changeset="1"><nd ref="9063921183" /><nd ref="6650358684" /><tag k="highway" v="secondary" /><tag k="name" v="广场西侧路" /><tag k="oneway" v="yes" /></way><way id="2010" timestamp="2026-04-01T17:08:12Z" uid="1" user="OSMnx" version="1" changeset="1"><nd ref="9063921186" /><nd ref="9296257990" /><tag k="highway" v="trunk" /><tag k="name" v="东长安街" /><tag k="oneway" v="yes" /></way><way id="2011" timestamp="2026-04-01T17:08:12Z" uid="1" user="OSMnx" version="1" changeset="1"><nd ref="9063921186" /><nd ref="9063921187" /><tag k="highway" v="secondary" /><tag k="oneway" v="yes" /></way><way id="2012" timestamp="2026-04-01T17:08:12Z" uid="1" user="OSMnx" version="1" changeset="1"><nd ref="9063921187" /><nd ref="9296257989" /><tag k="highway" v="trunk" /><tag k="lanes" v="5" /><tag k="maxspeed" v="70" /><tag k="name" v="东长安街" /><tag k="oneway" v="yes" /></way><way id="2013" timestamp="2026-04-01T17:08:12Z" uid="1" user="OSMnx" version="1" changeset="1"><nd ref="9296101694" /><nd ref="4718004231" /><tag k="highway" v="footway" /><tag k="oneway" v="no" /></way><way id="2014" timestamp="2026-04-01T17:08:12Z" uid="1" user="OSMnx" version="1" changeset="1"><nd ref="9296101694" /><nd ref="9296101695" /><tag k="highway" v="footway" /><tag k="oneway" v="no" /></way><way id="2015" timestamp="2026-04-01T17:08:12Z" uid="1" user="OSMnx" version="1" changeset="1"><nd ref="9296101695" /><nd ref="9782405965" /><tag k="highway" v="tertiary" /><tag k="name" v="南长街" /><tag k="oneway" v="no" /></way><way id="2016" timestamp="2026-04-01T17:08:12Z" uid="1" user="OSMnx" version="1" changeset="1"><nd ref="9296101695" /><nd ref="9296101694" /><tag k="highway" v="footway" /><tag k="oneway" v="no" /></way><way id="2017" timestamp="2026-04-01T17:08:12Z" uid="1" user="OSMnx" version="1" changeset="1"><nd ref="9296257987" /><nd ref="9316968441" /><tag k="highway" v="trunk" /><tag k="lanes" v="5" /><tag k="maxspeed" v="70" /><tag k="name" v="西长安街" /><tag k="oneway" v="yes" /></way><way id="2018" timestamp="2026-04-01T17:08:12Z" uid="1" user="OSMnx" version="1" changeset="1"><nd ref="9296257988" /><nd ref="25248786" /><tag k="highway" v="trunk" /><tag k="name" v="西长安街" /><tag k="oneway" v="yes" /></way><way id="2019" timestamp="2026-04-01T17:08:12Z" uid="1" user="OSMnx" version="1" changeset="1"><nd ref="9296257989" /><nd ref="321607233" /><tag k="highway" v="trunk" /><tag k="lanes" v="5" /><tag k="maxspeed" v="70" /><tag k="name" v="东长安街" /><tag k="oneway" v="yes" /></way><way id="2020" timestamp="2026-04-01T17:08:12Z" uid="1" user="OSMnx" version="1" changeset="1"><nd ref="9296257990" /><nd ref="9317034206" /><tag k="highway" v="trunk" /><tag k="name" v="东长安街" /><tag k="oneway" v="yes" /></way><way id="2021" timestamp="2026-04-01T17:08:12Z" uid="1" user="OSMnx" version="1" changeset="1"><nd ref="9296257991" /><nd ref="9317006999" /><tag k="highway" v="trunk" /><tag k="lanes" v="5" /><tag k="name" v="东长安街" /><tag k="oneway" v="yes" /></way><way id="2022" timestamp="2026-04-01T17:08:12Z" uid="1" user="OSMnx" version="1" changeset="1"><nd ref="9316968441" /><nd ref="9316968442" /><tag k="highway" v="trunk" /><tag k="lanes" v="5" /><tag k="maxspeed" v="70" /><tag k="name" v="西长安街" /><tag k="oneway" v="yes" /></way><way id="2023" timestamp="2026-04-01T17:08:12Z" uid="1" user="OSMnx" version="1" changeset="1"><nd ref="9316968442" /><nd ref="2424906809" /><tag k="highway" v="trunk" /><tag k="lanes" v="5" /><tag k="maxspeed" v="70" /><tag k="name" v="西长安街" /><tag k="oneway" v="yes" /></way><way id="2024" timestamp="2026-04-01T17:08:12Z" uid="1" user="OSMnx" version="1" changeset="1"><nd ref="9317006999" /><nd ref="9317034201" /><tag k="highway" v="trunk" /><tag k="lanes" v="5" /><tag k="name" v="东长安街" /><tag k="oneway" v="yes" /></way><way id="2025" timestamp="2026-04-01T17:08:12Z" uid="1" user="OSMnx" version="1" changeset="1"><nd ref="9317034201" /><nd ref="9317034202" /><tag k="highway" v="trunk" /><tag k="lanes" v="5" /><tag k="name" v="东长安街" /><tag k="oneway" v="yes" /></way><way id="2026" timestamp="2026-04-01T17:08:12Z" uid="1" user="OSMnx" version="1" changeset="1"><nd ref="9317034202" /><nd ref="330841408" /><tag k="highway" v="trunk" /><tag k="lanes" v="5" /><tag k="name" v="东长安街" /><tag k="oneway" v="yes" /></way><way id="2027" timestamp="2026-04-01T17:08:12Z" uid="1" user="OSMnx" version="1" changeset="1"><nd ref="9317034206" /><nd ref="9034942210" /><tag k="highway" v="trunk" /><tag k="name" v="东长安街" /><tag k="oneway" v="yes" /></way><way id="2028" timestamp="2026-04-01T17:08:12Z" uid="1" user="OSMnx" version="1" changeset="1"><nd ref="9378895553" /><nd ref="733788806" /><tag k="highway" v="tertiary" /><tag k="name" v="南长街" /><tag k="oneway" v="no" /></way><way id="2029" timestamp="2026-04-01T17:08:12Z" uid="1" user="OSMnx" version="1" changeset="1"><nd ref="9378895553" /><nd ref="9378895556" /><tag k="highway" v="tertiary" /><tag k="name" v="南长街" /><tag k="oneway" v="no" /></way><way id="2030" timestamp="2026-04-01T17:08:12Z" uid="1" user="OSMnx" version="1" changeset="1"><nd ref="9378895556" /><nd ref="9378895553" /><tag k="highway" v="tertiary" /><tag k="name" v="南长街" /><tag k="oneway" v="no" /></way><way id="2031" timestamp="2026-04-01T17:08:12Z" uid="1" user="OSMnx" version="1" changeset="1"><nd ref="9378895556" /><nd ref="6111475091" /><tag k="highway" v="tertiary" /><tag k="name" v="南长街" /><tag k="oneway" v="no" /></way><way id="2032" timestamp="2026-04-01T17:08:12Z" uid="1" user="OSMnx" version="1" changeset="1"><nd ref="9412722726" /><nd ref="13539897456" /><tag k="highway" v="footway" /><tag k="oneway" v="no" /></way><way id="2033" timestamp="2026-04-01T17:08:12Z" uid="1" user="OSMnx" version="1" changeset="1"><nd ref="9412722726" /><nd ref="4710347367" /><tag k="highway" v="footway" /><tag k="oneway" v="no" /></way><way id="2034" timestamp="2026-04-01T17:08:12Z" uid="1" user="OSMnx" version="1" changeset="1"><nd ref="9412722726" /><nd ref="1024947203" /><tag k="highway" v="steps" /><tag k="oneway" v="no" /></way><way id="2035" timestamp="2026-04-01T17:08:12Z" uid="1" user="OSMnx" version="1" changeset="1"><nd ref="9412722727" /><nd ref="13539897456" /><tag k="highway" v="footway" /><tag k="oneway" v="no" /></way><way id="2036" timestamp="2026-04-01T17:08:12Z" uid="1" user="OSMnx" version="1" changeset="1"><nd ref="9492340874" /><nd ref="6098822285" /><tag k="highway" v="steps" /><tag k="oneway" v="no" /></way><way id="2037" timestamp="2026-04-01T17:08:12Z" uid="1" user="OSMnx" version="1" changeset="1"><nd ref="9492340874" /><nd ref="9492340875" /><tag k="highway" v="footway" /><tag k="oneway" v="no" /></way><way id="2038" timestamp="2026-04-01T17:08:12Z" uid="1" user="OSMnx" version="1" changeset="1"><nd ref="9492340875" /><nd ref="9492340874" /><tag k="highway" v="footway" /><tag k="oneway" v="no" /></way><way id="2039" timestamp="2026-04-01T17:08:12Z" uid="1" user="OSMnx" version="1" changeset="1"><nd ref="9492340875" /><nd ref="9492340878" /><tag k="highway" v="footway" /><tag k="oneway" v="no" /></way><way id="2040" timestamp="2026-04-01T17:08:12Z" uid="1" user="OSMnx" version="1" changeset="1"><nd ref="9492340876" /><nd ref="5908278642" /><tag k="highway" v="footway" /><tag k="oneway" v="no" /></way><way id="2041" timestamp="2026-04-01T17:08:12Z" uid="1" user="OSMnx" version="1" changeset="1"><nd ref="9492340876" /><nd ref="9492340877" /><tag k="highway" v="footway" /><tag k="oneway" v="no" /></way><way id="2042" timestamp="2026-04-01T17:08:12Z" uid="1" user="OSMnx" version="1" changeset="1"><nd ref="9492340877" /><nd ref="9492340876" /><tag k="highway" v="footway" /><tag k="oneway" v="no" /></way><way id="2043" timestamp="2026-04-01T17:08:12Z" uid="1" user="OSMnx" version="1" changeset="1"><nd ref="9492340877" /><nd ref="9492340881" /><tag k="highway" v="footway" /><tag k="oneway" v="no" /></way><way id="2044" timestamp="2026-04-01T17:08:12Z" uid="1" user="OSMnx" version="1" changeset="1"><nd ref="9492340877" /><nd ref="9492340880" /><tag k="highway" v="footway" /><tag k="oneway" v="no" /></way><way id="2045" timestamp="2026-04-01T17:08:12Z" uid="1" user="OSMnx" version="1" changeset="1"><nd ref="9492340878" /><nd ref="9492340882" /><tag k="highway" v="footway" /><tag k="oneway" v="no" /></way><way id="2046" timestamp="2026-04-01T17:08:12Z" uid="1" user="OSMnx" version="1" changeset="1"><nd ref="9492340878" /><nd ref="9492340875" /><tag k="highway" v="footway" /><tag k="oneway" v="no" /></way><way id="2047" timestamp="2026-04-01T17:08:12Z" uid="1" user="OSMnx" version="1" changeset="1"><nd ref="9492340878" /><nd ref="9492340879" /><tag k="highway" v="footway" /><tag k="oneway" v="no" /></way><way id="2048" timestamp="2026-04-01T17:08:12Z" uid="1" user="OSMnx" version="1" changeset="1"><nd ref="9492340879" /><nd ref="9492340888" /><tag k="highway" v="footway" /><tag k="oneway" v="no" /></way><way id="2049" timestamp="2026-04-01T17:08:12Z" uid="1" user="OSMnx" version="1" changeset="1"><nd ref="9492340879" /><nd ref="9492340878" /><tag k="highway" v="footway" /><tag k="oneway" v="no" /></way><way id="2050" timestamp="2026-04-01T17:08:12Z" uid="1" user="OSMnx" version="1" changeset="1"><nd ref="9492340880" /><nd ref="9492340877" /><tag k="highway" v="footway" /><tag k="oneway" v="no" /></way><way id="2051" timestamp="2026-04-01T17:08:12Z" uid="1" user="OSMnx" version="1" changeset="1"><nd ref="9492340880" /><nd ref="9492340888" /><tag k="highway" v="footway" /><tag k="oneway" v="no" /></way><way id="2052" timestamp="2026-04-01T17:08:12Z" uid="1" user="OSMnx" version="1" changeset="1"><nd ref="9492340881" /><nd ref="9492340886" /><tag k="highway" v="footway" /><tag k="oneway" v="no" /></way><way id="2053" timestamp="2026-04-01T17:08:12Z" uid="1" user="OSMnx" version="1" changeset="1"><nd ref="9492340881" /><nd ref="9492340877" /><tag k="highway" v="footway" /><tag k="oneway" v="no" /></way><way id="2054" timestamp="2026-04-01T17:08:12Z" uid="1" user="OSMnx" version="1" changeset="1"><nd ref="9492340882" /><nd ref="9492340878" /><tag k="highway" v="footway" /><tag k="oneway" v="no" /></way><way id="2055" timestamp="2026-04-01T17:08:12Z" uid="1" user="OSMnx" version="1" changeset="1"><nd ref="9492340882" /><nd ref="9492340886" /><tag k="highway" v="footway" /><tag k="oneway" v="no" /></way><way id="2056" timestamp="2026-04-01T17:08:12Z" uid="1" user="OSMnx" version="1" changeset="1"><nd ref="9492340883" /><nd ref="9492340885" /><tag k="highway" v="footway" /><tag k="oneway" v="no" /></way><way id="2057" timestamp="2026-04-01T17:08:12Z" uid="1" user="OSMnx" version="1" changeset="1"><nd ref="9492340883" /><nd ref="11182289302" /><tag k="highway" v="steps" /><tag k="oneway" v="no" /></way><way id="2058" timestamp="2026-04-01T17:08:12Z" uid="1" user="OSMnx" version="1" changeset="1"><nd ref="9492340884" /><nd ref="6098822183" /><tag k="highway" v="steps" /><tag k="oneway" v="no" /></way><way id="2059" timestamp="2026-04-01T17:08:12Z" uid="1" user="OSMnx" version="1" changeset="1"><nd ref="9492340884" /><nd ref="9492340887" /><tag k="highway" v="footway" /><tag k="oneway" v="no" /></way><way id="2060" timestamp="2026-04-01T17:08:12Z" uid="1" user="OSMnx" version="1" changeset="1"><nd ref="9492340885" /><nd ref="9492340886" /><tag k="highway" v="footway" /><tag k="oneway" v="no" /></way><way id="2061" timestamp="2026-04-01T17:08:12Z" uid="1" user="OSMnx" version="1" changeset="1"><nd ref="9492340885" /><nd ref="9492340883" /><tag k="highway" v="footway" /><tag k="oneway" v="no" /></way><way id="2062" timestamp="2026-04-01T17:08:12Z" uid="1" user="OSMnx" version="1" changeset="1"><nd ref="9492340886" /><nd ref="9492340882" /><tag k="highway" v="footway" /><tag k="oneway" v="no" /></way><way id="2063" timestamp="2026-04-01T17:08:12Z" uid="1" user="OSMnx" version="1" changeset="1"><nd ref="9492340886" /><nd ref="9492340881" /><tag k="highway" v="footway" /><tag k="oneway" v="no" /></way><way id="2064" timestamp="2026-04-01T17:08:12Z" uid="1" user="OSMnx" version="1" changeset="1"><nd ref="9492340886" /><nd ref="9492340885" /><tag k="highway" v="footway" /><tag k="oneway" v="no" /></way><way id="2065" timestamp="2026-04-01T17:08:12Z" uid="1" user="OSMnx" version="1" changeset="1"><nd ref="9492340887" /><nd ref="9492340888" /><tag k="highway" v="footway" /><tag k="oneway" v="no" /></way><way id="2066" timestamp="2026-04-01T17:08:12Z" uid="1" user="OSMnx" version="1" changeset="1"><nd ref="9492340887" /><nd ref="9492340884" /><tag k="highway" v="footway" /><tag k="oneway" v="no" /></way><way id="2067" timestamp="2026-04-01T17:08:12Z" uid="1" user="OSMnx" version="1" changeset="1"><nd ref="9492340888" /><nd ref="9492340880" /><tag k="highway" v="footway" /><tag k="oneway" v="no" /></way><way id="2068" timestamp="2026-04-01T17:08:12Z" uid="1" user="OSMnx" version="1" changeset="1"><nd ref="9492340888" /><nd ref="9492340879" /><tag k="highway" v="footway" /><tag k="oneway" v="no" /></way><way id="2069" timestamp="2026-04-01T17:08:12Z" uid="1" user="OSMnx" version="1" changeset="1"><nd ref="9492340888" /><nd ref="9492340887" /><tag k="highway" v="footway" /><tag k="oneway" v="no" /></way><way id="2070" timestamp="2026-04-01T17:08:12Z" uid="1" user="OSMnx" version="1" changeset="1"><nd ref="9782405935" /><nd ref="6650368133" /><tag k="highway" v="cycleway" /><tag k="oneway" v="yes" /></way><way id="2071" timestamp="2026-04-01T17:08:12Z" uid="1" user="OSMnx" version="1" changeset="1"><nd ref="9782405962" /><nd ref="9782405963" /><tag k="highway" v="cycleway" /><tag k="oneway" v="yes" /></way><way id="2072" timestamp="2026-04-01T17:08:12Z" uid="1" user="OSMnx" version="1" changeset="1"><nd ref="9782405965" /><nd ref="9296101695" /><tag k="highway" v="tertiary" /><tag k="name" v="南长街" /><tag k="oneway" v="no" /></way><way id="2073" timestamp="2026-04-01T17:08:12Z" uid="1" user="OSMnx" version="1" changeset="1"><nd ref="9782405965" /><nd ref="6013587610" /><tag k="highway" v="tertiary" /><tag k="name" v="南长街" /><tag k="oneway" v="no" /></way><way id="2074" timestamp="2026-04-01T17:08:12Z" uid="1" user="OSMnx" version="1" changeset="1"><nd ref="10197645758" /><nd ref="6448366494" /><tag k="highway" v="footway" /><tag k="oneway" v="no" /></way><way id="2075" timestamp="2026-04-01T17:08:12Z" uid="1" user="OSMnx" version="1" changeset="1"><nd ref="10197645758" /><nd ref="6448366487" /><tag k="highway" v="footway" /><tag k="oneway" v="no" /></way><way id="2076" timestamp="2026-04-01T17:08:12Z" uid="1" user="OSMnx" version="1" changeset="1"><nd ref="10197645762" /><nd ref="6448366487" /><tag k="highway" v="footway" /><tag k="oneway" v="no" /></way><way id="2077" timestamp="2026-04-01T17:08:12Z" uid="1" user="OSMnx" version="1" changeset="1"><nd ref="10197645762" /><nd ref="6009696479" /><tag k="highway" v="footway" /><tag k="oneway" v="no" /></way><way id="2078" timestamp="2026-04-01T17:08:12Z" uid="1" user="OSMnx" version="1" changeset="1"><nd ref="10302027270" /><nd ref="6447514608" /><tag k="highway" v="footway" /><tag k="oneway" v="no" /></way><way id="2079" timestamp="2026-04-01T17:08:12Z" uid="1" user="OSMnx" version="1" changeset="1"><nd ref="10302027270" /><nd ref="6447514609" /><tag k="highway" v="footway" /><tag k="oneway" v="no" /></way><way id="2080" timestamp="2026-04-01T17:08:12Z" uid="1" user="OSMnx" version="1" changeset="1"><nd ref="10302027271" /><nd ref="6445714316" /><tag k="highway" v="footway" /><tag k="oneway" v="no" /></way><way id="2081" timestamp="2026-04-01T17:08:12Z" uid="1" user="OSMnx" version="1" changeset="1"><nd ref="10302027271" /><nd ref="6447514605" /><tag k="highway" v="footway" /><tag k="oneway" v="no" /></way><way id="2082" timestamp="2026-04-01T17:08:12Z" uid="1" user="OSMnx" version="1" changeset="1"><nd ref="10302027272" /><nd ref="6445714317" /><tag k="highway" v="footway" /><tag k="oneway" v="no" /></way><way id="2083" timestamp="2026-04-01T17:08:12Z" uid="1" user="OSMnx" version="1" changeset="1"><nd ref="10302027272" /><nd ref="6447514612" /><tag k="highway" v="footway" /><tag k="oneway" v="no" /></way><way id="2084" timestamp="2026-04-01T17:08:12Z" uid="1" user="OSMnx" version="1" changeset="1"><nd ref="11182289302" /><nd ref="6418821999" /><tag k="highway" v="steps" /><tag k="oneway" v="no" /></way><way id="2085" timestamp="2026-04-01T17:08:12Z" uid="1" user="OSMnx" version="1" changeset="1"><nd ref="11182289302" /><nd ref="9492340883" /><tag k="highway" v="steps" /><tag k="oneway" v="no" /></way><way id="2086" timestamp="2026-04-01T17:08:12Z" uid="1" user="OSMnx" version="1" changeset="1"><nd ref="11182317990" /><nd ref="6445658028" /><tag k="highway" v="footway" /><tag k="oneway" v="no" /></way><way id="2087" timestamp="2026-04-01T17:08:12Z" uid="1" user="OSMnx" version="1" changeset="1"><nd ref="11182317990" /><nd ref="6098822295" /><tag k="highway" v="footway" /><tag k="oneway" v="no" /></way><way id="2088" timestamp="2026-04-01T17:08:12Z" uid="1" user="OSMnx" version="1" changeset="1"><nd ref="11182331256" /><nd ref="6445658029" /><tag k="highway" v="footway" /><tag k="oneway" v="no" /></way><way id="2089" timestamp="2026-04-01T17:08:12Z" uid="1" user="OSMnx" version="1" changeset="1"><nd ref="11182331256" /><nd ref="6445658027" /><tag k="highway" v="footway" /><tag k="oneway" v="no" /></way><way id="2090" timestamp="2026-04-01T17:08:12Z" uid="1" user="OSMnx" version="1" changeset="1"><nd ref="12387991233" /><nd ref="8742615453" /><tag k="highway" v="service" /><tag k="oneway" v="no" /></way><way id="2091" timestamp="2026-04-01T17:08:12Z" uid="1" user="OSMnx" version="1" changeset="1"><nd ref="12387991233" /><nd ref="733788152" /><tag k="highway" v="service" /><tag k="oneway" v="no" /></way><way id="2092" timestamp="2026-04-01T17:08:12Z" uid="1" user="OSMnx" version="1" changeset="1"><nd ref="12507005390" /><nd ref="6419551260" /><tag k="highway" v="footway" /><tag k="oneway" v="no" /></way><way id="2093" timestamp="2026-04-01T17:08:12Z" uid="1" user="OSMnx" version="1" changeset="1"><nd ref="12507005390" /><nd ref="6421400602" /><tag k="highway" v="footway" /><tag k="oneway" v="no" /></way><way id="2094" timestamp="2026-04-01T17:08:12Z" uid="1" user="OSMnx" version="1" changeset="1"><nd ref="12507005390" /><nd ref="12507005391" /><tag k="highway" v="footway" /><tag k="oneway" v="no" /></way><way id="2095" timestamp="2026-04-01T17:08:12Z" uid="1" user="OSMnx" version="1" changeset="1"><nd ref="12507005391" /><nd ref="6421407907" /><tag k="highway" v="footway" /><tag k="oneway" v="no" /></way><way id="2096" timestamp="2026-04-01T17:08:12Z" uid="1" user="OSMnx" version="1" changeset="1"><nd ref="12507005391" /><nd ref="12507005390" /><tag k="highway" v="footway" /><tag k="oneway" v="no" /></way><way id="2097" timestamp="2026-04-01T17:08:12Z" uid="1" user="OSMnx" version="1" changeset="1"><nd ref="12587107247" /><nd ref="12587139973" /><tag k="highway" v="steps" /><tag k="oneway" v="yes" /></way><way id="2098" timestamp="2026-04-01T17:08:12Z" uid="1" user="OSMnx" version="1" changeset="1"><nd ref="12587107248" /><nd ref="12587139955" /><tag k="highway" v="footway" /><tag k="oneway" v="yes" /></way><way id="2099" timestamp="2026-04-01T17:08:12Z" uid="1" user="OSMnx" version="1" changeset="1"><nd ref="12587107251" /><nd ref="12587107284" /><tag k="highway" v="service" /><tag k="name" v="故宫东门外" /><tag k="oneway" v="no" /></way><way id="2100" timestamp="2026-04-01T17:08:12Z" uid="1" user="OSMnx" version="1" changeset="1"><nd ref="12587107251" /><nd ref="6419554009" /><tag k="highway" v="service" /><tag k="name" v="故宫东门外" /><tag k="oneway" v="no" /></way><way id="2101" timestamp="2026-04-01T17:08:12Z" uid="1" user="OSMnx" version="1" changeset="1"><nd ref="12587107265" /><nd ref="12587107266" /><tag k="highway" v="footway" /><tag k="oneway" v="no" /></way><way id="2102" timestamp="2026-04-01T17:08:12Z" uid="1" user="OSMnx" version="1" changeset="1"><nd ref="12587107266" /><nd ref="12587107267" /><tag k="highway" v="footway" /><tag k="oneway" v="no" /></way><way id="2103" timestamp="2026-04-01T17:08:12Z" uid="1" user="OSMnx" version="1" changeset="1"><nd ref="12587107266" /><nd ref="12587107265" /><tag k="highway" v="footway" /><tag k="oneway" v="no" /></way><way id="2104" timestamp="2026-04-01T17:08:12Z" uid="1" user="OSMnx" version="1" changeset="1"><nd ref="12587107267" /><nd ref="12587107268" /><tag k="highway" v="footway" /><tag k="oneway" v="no" /></way><way id="2105" timestamp="2026-04-01T17:08:12Z" uid="1" user="OSMnx" version="1" changeset="1"><nd ref="12587107267" /><nd ref="12587107266" /><tag k="highway" v="footway" /><tag k="oneway" v="no" /></way><way id="2106" timestamp="2026-04-01T17:08:12Z" uid="1" user="OSMnx" version="1" changeset="1"><nd ref="12587107268" /><nd ref="12587107269" /><tag k="highway" v="footway" /><tag k="oneway" v="no" /></way><way id="2107" timestamp="2026-04-01T17:08:12Z" uid="1" user="OSMnx" version="1" changeset="1"><nd ref="12587107268" /><nd ref="12587107267" /><tag k="highway" v="footway" /><tag k="oneway" v="no" /></way><way id="2108" timestamp="2026-04-01T17:08:12Z" uid="1" user="OSMnx" version="1" changeset="1"><nd ref="12587107269" /><nd ref="6014987295" /><tag k="highway" v="footway" /><tag k="oneway" v="no" /></way><way id="2109" timestamp="2026-04-01T17:08:12Z" uid="1" user="OSMnx" version="1" changeset="1"><nd ref="12587107269" /><nd ref="12587107268" /><tag k="highway" v="footway" /><tag k="oneway" v="no" /></way><way id="2110" timestamp="2026-04-01T17:08:12Z" uid="1" user="OSMnx" version="1" changeset="1"><nd ref="12587107269" /><nd ref="12587107271" /><tag k="highway" v="footway" /><tag k="oneway" v="no" /></way><way id="2111" timestamp="2026-04-01T17:08:12Z" uid="1" user="OSMnx" version="1" changeset="1"><nd ref="12587107270" /><nd ref="12587107271" /><tag k="highway" v="footway" /><tag k="oneway" v="no" /></way><way id="2112" timestamp="2026-04-01T17:08:12Z" uid="1" user="OSMnx" version="1" changeset="1"><nd ref="12587107271" /><nd ref="260330040" /><tag k="highway" v="service" /><tag k="name" v="故宫东门外" /><tag k="oneway" v="no" /></way><way id="2113" timestamp="2026-04-01T17:08:12Z" uid="1" user="OSMnx" version="1" changeset="1"><nd ref="12587107271" /><nd ref="260329790" /><tag k="highway" v="service" /><tag k="name" v="故宫东门外" /><tag k="oneway" v="no" /></way><way id="2114" timestamp="2026-04-01T17:08:12Z" uid="1" user="OSMnx" version="1" changeset="1"><nd ref="12587107271" /><nd ref="12587107270" /><tag k="highway" v="footway" /><tag k="oneway" v="no" /></way><way id="2115" timestamp="2026-04-01T17:08:12Z" uid="1" user="OSMnx" version="1" changeset="1"><nd ref="12587107271" /><nd ref="12587107269" /><tag k="highway" v="footway" /><tag k="oneway" v="no" /></way><way id="2116" timestamp="2026-04-01T17:08:12Z" uid="1" user="OSMnx" version="1" changeset="1"><nd ref="12587107279" /><nd ref="12587107280" /><tag k="highway" v="footway" /><tag k="oneway" v="no" /></way><way id="2117" timestamp="2026-04-01T17:08:12Z" uid="1" user="OSMnx" version="1" changeset="1"><nd ref="12587107279" /><nd ref="6421400607" /><tag k="highway" v="footway" /><tag k="oneway" v="no" /></way><way id="2118" timestamp="2026-04-01T17:08:12Z" uid="1" user="OSMnx" version="1" changeset="1"><nd ref="12587107280" /><nd ref="12587107279" /><tag k="highway" v="footway" /><tag k="oneway" v="no" /></way><way id="2119" timestamp="2026-04-01T17:08:12Z" uid="1" user="OSMnx" version="1" changeset="1"><nd ref="12587107280" /><nd ref="12587107284" /><tag k="highway" v="footway" /><tag k="oneway" v="no" /></way><way id="2120" timestamp="2026-04-01T17:08:12Z" uid="1" user="OSMnx" version="1" changeset="1"><nd ref="12587107281" /><nd ref="12587107282" /><tag k="highway" v="footway" /><tag k="oneway" v="no" /></way><way id="2121" timestamp="2026-04-01T17:08:12Z" uid="1" user="OSMnx" version="1" changeset="1"><nd ref="12587107281" /><nd ref="12587107284" /><tag k="highway" v="footway" /><tag k="oneway" v="no" /></way><way id="2122" timestamp="2026-04-01T17:08:12Z" uid="1" user="OSMnx" version="1" changeset="1"><nd ref="12587107282" /><nd ref="12587107281" /><tag k="highway" v="footway" /><tag k="oneway" v="no" /></way><way id="2123" timestamp="2026-04-01T17:08:12Z" uid="1" user="OSMnx" version="1" changeset="1"><nd ref="12587107283" /><nd ref="260329790" /><tag k="highway" v="service" /><tag k="name" v="故宫东门外" /><tag k="oneway" v="no" /></way><way id="2124" timestamp="2026-04-01T17:08:12Z" uid="1" user="OSMnx" version="1" changeset="1"><nd ref="12587107283" /><nd ref="12587107284" /><tag k="highway" v="service" /><tag k="name" v="故宫东门外" /><tag k="oneway" v="no" /></way><way id="2125" timestamp="2026-04-01T17:08:12Z" uid="1" user="OSMnx" version="1" changeset="1"><nd ref="12587107284" /><nd ref="12587107283" /><tag k="highway" v="service" /><tag k="name" v="故宫东门外" /><tag k="oneway" v="no" /></way><way id="2126" timestamp="2026-04-01T17:08:12Z" uid="1" user="OSMnx" version="1" changeset="1"><nd ref="12587107284" /><nd ref="12587107251" /><tag k="highway" v="service" /><tag k="name" v="故宫东门外" /><tag k="oneway" v="no" /></way><way id="2127" timestamp="2026-04-01T17:08:12Z" uid="1" user="OSMnx" version="1" changeset="1"><nd ref="12587107284" /><nd ref="12587107281" /><tag k="highway" v="footway" /><tag k="oneway" v="no" /></way><way id="2128" timestamp="2026-04-01T17:08:12Z" uid="1" user="OSMnx" version="1" changeset="1"><nd ref="12587107284" /><nd ref="12587107280" /><tag k="highway" v="footway" /><tag k="oneway" v="no" /></way><way id="2129" timestamp="2026-04-01T17:08:12Z" uid="1" user="OSMnx" version="1" changeset="1"><nd ref="12587139902" /><nd ref="6098824824" /><tag k="highway" v="service" /><tag k="oneway" v="no" /></way><way id="2130" timestamp="2026-04-01T17:08:12Z" uid="1" user="OSMnx" version="1" changeset="1"><nd ref="12587139902" /><nd ref="6419554019" /><tag k="highway" v="service" /><tag k="oneway" v="no" /></way><way id="2131" timestamp="2026-04-01T17:08:12Z" uid="1" user="OSMnx" version="1" changeset="1"><nd ref="12587139912" /><nd ref="6012452298" /><tag k="highway" v="footway" /><tag k="oneway" v="no" /></way><way id="2132" timestamp="2026-04-01T17:08:12Z" uid="1" user="OSMnx" version="1" changeset="1"><nd ref="12587139930" /><nd ref="12587139931" /><tag k="highway" v="footway" /><tag k="oneway" v="yes" /></way><way id="2133" timestamp="2026-04-01T17:08:12Z" uid="1" user="OSMnx" version="1" changeset="1"><nd ref="12587139931" /><nd ref="12587139932" /><tag k="highway" v="corridor" /><tag k="oneway" v="yes" /></way><way id="2134" timestamp="2026-04-01T17:08:12Z" uid="1" user="OSMnx" version="1" changeset="1"><nd ref="12587139932" /><nd ref="12587139933" /><tag k="highway" v="footway" /><tag k="oneway" v="yes" /></way><way id="2135" timestamp="2026-04-01T17:08:12Z" uid="1" user="OSMnx" version="1" changeset="1"><nd ref="12587139933" /><nd ref="12587139934" /><tag k="highway" v="corridor" /><tag k="oneway" v="yes" /></way><way id="2136" timestamp="2026-04-01T17:08:12Z" uid="1" user="OSMnx" version="1" changeset="1"><nd ref="12587139934" /><nd ref="12587139935" /><tag k="highway" v="footway" /><tag k="oneway" v="yes" /></way><way id="2137" timestamp="2026-04-01T17:08:12Z" uid="1" user="OSMnx" version="1" changeset="1"><nd ref="12587139935" /><nd ref="12587139936" /><tag k="highway" v="footway" /><tag k="oneway" v="yes" /></way><way id="2138" timestamp="2026-04-01T17:08:12Z" uid="1" user="OSMnx" version="1" changeset="1"><nd ref="12587139936" /><nd ref="12587139937" /><tag k="highway" v="footway" /><tag k="oneway" v="yes" /></way><way id="2139" timestamp="2026-04-01T17:08:12Z" uid="1" user="OSMnx" version="1" changeset="1"><nd ref="12587139937" /><nd ref="12587139939" /><tag k="highway" v="footway" /><tag k="oneway" v="yes" /></way><way id="2140" timestamp="2026-04-01T17:08:12Z" uid="1" user="OSMnx" version="1" changeset="1"><nd ref="12587139938" /><nd ref="12587107247" /><tag k="highway" v="footway" /><tag k="oneway" v="yes" /></way><way id="2141" timestamp="2026-04-01T17:08:12Z" uid="1" user="OSMnx" version="1" changeset="1"><nd ref="12587139939" /><nd ref="12587139938" /><tag k="highway" v="footway" /><tag k="oneway" v="yes" /></way><way id="2142" timestamp="2026-04-01T17:08:12Z" uid="1" user="OSMnx" version="1" changeset="1"><nd ref="12587139941" /><nd ref="12587139944" /><tag k="highway" v="footway" /><tag k="oneway" v="yes" /></way><way id="2143" timestamp="2026-04-01T17:08:12Z" uid="1" user="OSMnx" version="1" changeset="1"><nd ref="12587139942" /><nd ref="12587139945" /><tag k="highway" v="footway" /><tag k="oneway" v="no" /></way><way id="2144" timestamp="2026-04-01T17:08:12Z" uid="1" user="OSMnx" version="1" changeset="1"><nd ref="12587139942" /><nd ref="12587139943" /><tag k="highway" v="footway" /><tag k="oneway" v="no" /></way><way id="2145" timestamp="2026-04-01T17:08:12Z" uid="1" user="OSMnx" version="1" changeset="1"><nd ref="12587139943" /><nd ref="12587139942" /><tag k="highway" v="footway" /><tag k="oneway" v="no" /></way><way id="2146" timestamp="2026-04-01T17:08:12Z" uid="1" user="OSMnx" version="1" changeset="1"><nd ref="12587139944" /><nd ref="12587139975" /><tag k="highway" v="steps" /><tag k="oneway" v="yes" /></way><way id="2147" timestamp="2026-04-01T17:08:12Z" uid="1" user="OSMnx" version="1" changeset="1"><nd ref="12587139945" /><nd ref="12587139946" /><tag k="highway" v="footway" /><tag k="oneway" v="no" /></way><way id="2148" timestamp="2026-04-01T17:08:12Z" uid="1" user="OSMnx" version="1" changeset="1"><nd ref="12587139945" /><nd ref="12587139942" /><tag k="highway" v="footway" /><tag k="oneway" v="no" /></way><way id="2149" timestamp="2026-04-01T17:08:12Z" uid="1" user="OSMnx" version="1" changeset="1"><nd ref="12587139946" /><nd ref="12587139945" /><tag k="highway" v="footway" /><tag k="oneway" v="no" /></way><way id="2150" timestamp="2026-04-01T17:08:12Z" uid="1" user="OSMnx" version="1" changeset="1"><nd ref="12587139946" /><nd ref="12587139964" /><tag k="highway" v="steps" /><tag k="oneway" v="yes" /></way><way id="2151" timestamp="2026-04-01T17:08:12Z" uid="1" user="OSMnx" version="1" changeset="1"><nd ref="12587139947" /><nd ref="12587139953" /><tag k="highway" v="footway" /><tag k="oneway" v="yes" /></way><way id="2152" timestamp="2026-04-01T17:08:12Z" uid="1" user="OSMnx" version="1" changeset="1"><nd ref="12587139948" /><nd ref="12587107248" /><tag k="highway" v="steps" /><tag k="oneway" v="yes" /></way><way id="2153" timestamp="2026-04-01T17:08:12Z" uid="1" user="OSMnx" version="1" changeset="1"><nd ref="12587139953" /><nd ref="12587139954" /><tag k="highway" v="footway" /><tag k="oneway" v="yes" /></way><way id="2154" timestamp="2026-04-01T17:08:12Z" uid="1" user="OSMnx" version="1" changeset="1"><nd ref="12587139954" /><nd ref="12587139948" /><tag k="highway" v="footway" /><tag k="oneway" v="yes" /></way><way id="2155" timestamp="2026-04-01T17:08:12Z" uid="1" user="OSMnx" version="1" changeset="1"><nd ref="12587139955" /><nd ref="12587139962" /><tag k="highway" v="footway" /><tag k="oneway" v="yes" /></way><way id="2156" timestamp="2026-04-01T17:08:12Z" uid="1" user="OSMnx" version="1" changeset="1"><nd ref="12587139956" /><nd ref="12587139957" /><tag k="highway" v="footway" /><tag k="oneway" v="yes" /></way><way id="2157" timestamp="2026-04-01T17:08:12Z" uid="1" user="OSMnx" version="1" changeset="1"><nd ref="12587139957" /><nd ref="12587139958" /><tag k="highway" v="footway" /><tag k="oneway" v="yes" /></way><way id="2158" timestamp="2026-04-01T17:08:12Z" uid="1" user="OSMnx" version="1" changeset="1"><nd ref="12587139958" /><nd ref="12587139960" /><tag k="highway" v="footway" /><tag k="oneway" v="no" /></way><way id="2159" timestamp="2026-04-01T17:08:12Z" uid="1" user="OSMnx" version="1" changeset="1"><nd ref="12587139959" /><nd ref="6015099371" /><tag k="highway" v="footway" /><tag k="oneway" v="no" /></way><way id="2160" timestamp="2026-04-01T17:08:12Z" uid="1" user="OSMnx" version="1" changeset="1"><nd ref="12587139959" /><nd ref="6013409817" /><tag k="highway" v="footway" /><tag k="oneway" v="no" /></way><way id="2161" timestamp="2026-04-01T17:08:12Z" uid="1" user="OSMnx" version="1" changeset="1"><nd ref="12587139959" /><nd ref="12587139961" /><tag k="highway" v="footway" /><tag k="oneway" v="no" /></way><way id="2162" timestamp="2026-04-01T17:08:12Z" uid="1" user="OSMnx" version="1" changeset="1"><nd ref="12587139960" /><nd ref="12587139961" /><tag k="highway" v="footway" /><tag k="oneway" v="no" /></way><way id="2163" timestamp="2026-04-01T17:08:12Z" uid="1" user="OSMnx" version="1" changeset="1"><nd ref="12587139960" /><nd ref="12587139958" /><tag k="highway" v="footway" /><tag k="oneway" v="no" /></way><way id="2164" timestamp="2026-04-01T17:08:12Z" uid="1" user="OSMnx" version="1" changeset="1"><nd ref="12587139961" /><nd ref="12587139959" /><tag k="highway" v="footway" /><tag k="oneway" v="no" /></way><way id="2165" timestamp="2026-04-01T17:08:12Z" uid="1" user="OSMnx" version="1" changeset="1"><nd ref="12587139961" /><nd ref="12587139960" /><tag k="highway" v="footway" /><tag k="oneway" v="no" /></way><way id="2166" timestamp="2026-04-01T17:08:12Z" uid="1" user="OSMnx" version="1" changeset="1"><nd ref="12587139962" /><nd ref="12587139956" /><tag k="highway" v="footway" /><tag k="oneway" v="yes" /></way><way id="2167" timestamp="2026-04-01T17:08:12Z" uid="1" user="OSMnx" version="1" changeset="1"><nd ref="12587139963" /><nd ref="12587139947" /><tag k="highway" v="steps" /><tag k="oneway" v="yes" /></way><way id="2168" timestamp="2026-04-01T17:08:12Z" uid="1" user="OSMnx" version="1" changeset="1"><nd ref="12587139964" /><nd ref="12587139963" /><tag k="highway" v="footway" /><tag k="oneway" v="yes" /></way><way id="2169" timestamp="2026-04-01T17:08:12Z" uid="1" user="OSMnx" version="1" changeset="1"><nd ref="12587139973" /><nd ref="12587139974" /><tag k="highway" v="steps" /><tag k="oneway" v="yes" /></way><way id="2170" timestamp="2026-04-01T17:08:12Z" uid="1" user="OSMnx" version="1" changeset="1"><nd ref="12587139974" /><nd ref="12587139941" /><tag k="highway" v="steps" /><tag k="oneway" v="yes" /></way><way id="2171" timestamp="2026-04-01T17:08:12Z" uid="1" user="OSMnx" version="1" changeset="1"><nd ref="12587139975" /><nd ref="12587139976" /><tag k="highway" v="footway" /><tag k="oneway" v="yes" /></way><way id="2172" timestamp="2026-04-01T17:08:12Z" uid="1" user="OSMnx" version="1" changeset="1"><nd ref="12587139976" /><nd ref="12587139943" /><tag k="highway" v="steps" /><tag k="oneway" v="yes" /></way><way id="2173" timestamp="2026-04-01T17:08:12Z" uid="1" user="OSMnx" version="1" changeset="1"><nd ref="12628080424" /><nd ref="12628080473" /><tag k="highway" v="secondary" /><tag k="lanes" v="4" /><tag k="maxspeed" v="70" /><tag k="name" v="广场东侧路" /><tag k="oneway" v="yes" /></way><way id="2174" timestamp="2026-04-01T17:08:12Z" uid="1" user="OSMnx" version="1" changeset="1"><nd ref="12628080425" /><nd ref="6650358681" /><tag k="highway" v="secondary" /><tag k="oneway" v="yes" /></way><way id="2175" timestamp="2026-04-01T17:08:12Z" uid="1" user="OSMnx" version="1" changeset="1"><nd ref="12628080473" /><nd ref="12628080425" /><tag k="highway" v="secondary" /><tag k="lanes" v="5" /><tag k="maxspeed" v="70" /><tag k="name" v="广场东侧路" /><tag k="oneway" v="yes" /></way><way id="2176" timestamp="2026-04-01T17:08:12Z" uid="1" user="OSMnx" version="1" changeset="1"><nd ref="13539897455" /><nd ref="6421450380" /><tag k="highway" v="footway" /><tag k="oneway" v="no" /></way><way id="2177" timestamp="2026-04-01T17:08:12Z" uid="1" user="OSMnx" version="1" changeset="1"><nd ref="13539897455" /><nd ref="6012470319" /><tag k="highway" v="footway" /><tag k="oneway" v="no" /></way><way id="2178" timestamp="2026-04-01T17:08:12Z" uid="1" user="OSMnx" version="1" changeset="1"><nd ref="13539897455" /><nd ref="1024947212" /><tag k="highway" v="steps" /><tag k="oneway" v="no" /></way><way id="2179" timestamp="2026-04-01T17:08:12Z" uid="1" user="OSMnx" version="1" changeset="1"><nd ref="13539897456" /><nd ref="9412722727" /><tag k="highway" v="footway" /><tag k="oneway" v="no" /></way><way id="2180" timestamp="2026-04-01T17:08:12Z" uid="1" user="OSMnx" version="1" changeset="1"><nd ref="13539897456" /><nd ref="9412722726" /><tag k="highway" v="footway" /><tag k="oneway" v="no" /></way></osm>